2025-11-26 18:15:23.23171 INFO::Writing function arguments to log file
2025-11-26 18:15:23.232311 DEBUG::Function arguments
2025-11-26 18:15:23.232489 DEBUG::Output folder: results/10.Maaslin2_all_with_metadata_full
2025-11-26 18:15:23.232628 DEBUG::Min Abundance: 0.000000
2025-11-26 18:15:23.232748 DEBUG::Min Prevalence: 0.000000
2025-11-26 18:15:23.232871 DEBUG::Normalization: TSS
2025-11-26 18:15:23.232976 DEBUG::Transform: LOG
2025-11-26 18:15:23.233083 DEBUG::Analysis method: LM
2025-11-26 18:15:23.23319 DEBUG::Max significance: 0.250000
2025-11-26 18:15:23.233294 DEBUG::Random effects: dataset
2025-11-26 18:15:23.233399 DEBUG::Fixed effects: age,gender,cancer_type,response
2025-11-26 18:15:23.233498 DEBUG::Correction method: BH
2025-11-26 18:15:23.233602 DEBUG::Standardize: TRUE
2025-11-26 18:15:23.233697 DEBUG::Cores: 1
2025-11-26 18:15:23.233793 INFO::Verifying options selected are valid
2025-11-26 18:15:23.234295 INFO::Determining format of input files
2025-11-26 18:15:23.235121 INFO::Input format is data samples as rows and metadata samples as columns
2025-11-26 18:15:23.236841 DEBUG::Transformed metadata so samples are rows
2025-11-26 18:15:23.239151 DEBUG::A total of 352 samples were found in both the data and metadata
2025-11-26 18:15:23.239307 DEBUG::Reordering data/metadata to use same sample ordering
2025-11-26 18:15:23.269875 INFO::Formula for random effects: expr ~ (1 | dataset)
2025-11-26 18:15:23.270709 INFO::Formula for fixed effects: expr ~  age + gender + cancer_type + response
2025-11-26 18:15:23.271528 INFO::Filter data based on min abundance and min prevalence
2025-11-26 18:15:23.27205 INFO::Total samples in data: 352
2025-11-26 18:15:23.272535 INFO::Min samples required with min abundance for a feature not to be filtered: 0.000000
2025-11-26 18:15:23.291183 INFO::Total filtered features: 0
2025-11-26 18:15:23.292032 INFO::Filtered feature names from abundance and prevalence filtering:
2025-11-26 18:15:23.319831 INFO::Total filtered features with variance filtering: 0
2025-11-26 18:15:23.320718 INFO::Filtered feature names from variance filtering:
2025-11-26 18:15:23.321231 INFO::Running selected normalization method: TSS
2025-11-26 18:15:23.374913 INFO::Applying z-score to standardize continuous metadata
2025-11-26 18:15:23.379532 INFO::Running selected transform method: LOG
2025-11-26 18:15:23.454943 INFO::Running selected analysis method: LM
2025-11-26 18:15:23.456671 INFO::Fitting model to feature number 1, metabat_SRR16554674.5
2025-11-26 18:15:23.484134 INFO::Fitting model to feature number 2, maxbin_SRR13022355.014
2025-11-26 18:15:23.512002 INFO::Fitting model to feature number 3, metabat_ERR12405975.5_sub
2025-11-26 18:15:23.540301 INFO::Fitting model to feature number 4, semibin_SRR13022325.6
2025-11-26 18:15:23.567024 INFO::Fitting model to feature number 5, semibin_SRR16554706.23
2025-11-26 18:15:23.594827 INFO::Fitting model to feature number 6, semibin_SRR23364195.41
2025-11-26 18:15:23.62701 INFO::Fitting model to feature number 7, semibin_SRR5930502.51
2025-11-26 18:15:23.660582 INFO::Fitting model to feature number 8, metabat_SRR13022352.3
2025-11-26 18:15:23.689963 INFO::Fitting model to feature number 9, semibin_ERR12405939.29
2025-11-26 18:15:23.718648 INFO::Fitting model to feature number 10, metabat_SRR16554779.30
2025-11-26 18:15:23.778238 INFO::Fitting model to feature number 11, maxbin_SRR11413655.005
2025-11-26 18:15:23.805002 INFO::Fitting model to feature number 12, maxbin_ERR2162217.001
2025-11-26 18:15:23.831091 INFO::Fitting model to feature number 13, maxbin_SRR13022336.003_sub
2025-11-26 18:15:23.86019 INFO::Fitting model to feature number 14, maxbin_SRR25825509.002
2025-11-26 18:15:23.887076 INFO::Fitting model to feature number 15, semibin_SRR5930533.9
2025-11-26 18:15:23.915446 INFO::Fitting model to feature number 16, metabat_SRR13022417.2
2025-11-26 18:15:23.943416 INFO::Fitting model to feature number 17, semibin_SRR5930511.52
2025-11-26 18:15:23.97077 INFO::Fitting model to feature number 18, semibin_ERR6281504.148
2025-11-26 18:15:23.997518 INFO::Fitting model to feature number 19, semibin_ERR6279672.24
2025-11-26 18:15:24.025213 INFO::Fitting model to feature number 20, semibin_SRR11413653.25
2025-11-26 18:15:24.051681 INFO::Fitting model to feature number 21, maxbin_SRR16554665.003
2025-11-26 18:15:24.07926 INFO::Fitting model to feature number 22, semibin_SRR11413686.80
2025-11-26 18:15:24.111883 INFO::Fitting model to feature number 23, maxbin_ERR12405962.011_sub
2025-11-26 18:15:24.142121 INFO::Fitting model to feature number 24, metabat_ERR6279614.12_sub
2025-11-26 18:15:24.171466 INFO::Fitting model to feature number 25, semibin_ERR6232382.49_sub
2025-11-26 18:15:24.751634 INFO::Fitting model to feature number 26, semibin_ERR6279675.47
2025-11-26 18:15:24.779538 INFO::Fitting model to feature number 27, maxbin_SRR16554775.001
2025-11-26 18:15:24.807145 INFO::Fitting model to feature number 28, semibin_SRR11413653.97_sub
2025-11-26 18:15:24.834217 INFO::Fitting model to feature number 29, semibin_SRR16554655.39
2025-11-26 18:15:24.862549 INFO::Fitting model to feature number 30, metabat_ERR12405990.2
2025-11-26 18:15:24.890855 INFO::Fitting model to feature number 31, metabat_ERR6232687.8_sub
2025-11-26 18:15:24.917767 INFO::Fitting model to feature number 32, metabat_SRR25825493.27
2025-11-26 18:15:24.945829 INFO::Fitting model to feature number 33, maxbin_ERR6281499.002
2025-11-26 18:15:24.974146 INFO::Fitting model to feature number 34, maxbin_ERR6279667.001
2025-11-26 18:15:25.000902 INFO::Fitting model to feature number 35, semibin_SRR11413691.62
2025-11-26 18:15:25.032732 INFO::Fitting model to feature number 36, semibin_SRR6000945.4
2025-11-26 18:15:25.062331 INFO::Fitting model to feature number 37, maxbin_SRR16554671.002
2025-11-26 18:15:25.093724 INFO::Fitting model to feature number 38, metabat_SRR11413649.62
2025-11-26 18:15:25.123003 INFO::Fitting model to feature number 39, metabat_SRR5930494.64
2025-11-26 18:15:25.151424 INFO::Fitting model to feature number 40, metabat_ERR12405981.15
2025-11-26 18:15:25.180732 INFO::Fitting model to feature number 41, maxbin_SRR11413649.010
2025-11-26 18:15:25.211088 INFO::Fitting model to feature number 42, maxbin_SRR13068842.057_sub
2025-11-26 18:15:25.241465 INFO::Fitting model to feature number 43, metabat_SRR16554646.5
2025-11-26 18:15:25.270162 INFO::Fitting model to feature number 44, metabat_SRR20881978.24
2025-11-26 18:15:25.300246 INFO::Fitting model to feature number 45, semibin_SRR5930502.48
2025-11-26 18:15:25.328967 INFO::Fitting model to feature number 46, semibin_SRR6000905.60_sub
2025-11-26 18:15:25.358755 INFO::Fitting model to feature number 47, semibin_SRR5930507.29
2025-11-26 18:15:25.388033 INFO::Fitting model to feature number 48, semibin_SRR16554630.20
2025-11-26 18:15:25.416594 INFO::Fitting model to feature number 49, metabat_ERR6271719.4
2025-11-26 18:15:25.445589 INFO::Fitting model to feature number 50, semibin_SRR25825509.21
2025-11-26 18:15:25.489626 INFO::Fitting model to feature number 51, metabat_SRR23364235.43
2025-11-26 18:15:25.542139 INFO::Fitting model to feature number 52, maxbin_SRR5930501.002
2025-11-26 18:15:25.568404 INFO::Fitting model to feature number 53, semibin_SRR13022289.13
2025-11-26 18:15:25.595873 INFO::Fitting model to feature number 54, metabat_ERR12405956.16
2025-11-26 18:15:25.626592 INFO::Fitting model to feature number 55, maxbin_ERR12406000.010
2025-11-26 18:15:25.653784 INFO::Fitting model to feature number 56, metabat_SRR6000877.7
2025-11-26 18:15:25.683016 INFO::Fitting model to feature number 57, semibin_SRR13022308.4
2025-11-26 18:15:25.711374 INFO::Fitting model to feature number 58, metabat_ERR12405930.6
2025-11-26 18:15:25.740104 INFO::Fitting model to feature number 59, semibin_ERR6281499.45
2025-11-26 18:15:25.767917 INFO::Fitting model to feature number 60, semibin_SRR16554707.35_sub
2025-11-26 18:15:25.796809 INFO::Fitting model to feature number 61, semibin_ERR2162217.22
2025-11-26 18:15:25.825193 INFO::Fitting model to feature number 62, metabat_ERR12405933.43
2025-11-26 18:15:25.852869 INFO::Fitting model to feature number 63, semibin_ERR2162223.6
2025-11-26 18:15:25.879571 INFO::Fitting model to feature number 64, metabat_SRR6000874.30
2025-11-26 18:15:25.915506 INFO::Fitting model to feature number 65, metabat_SRR16554713.13
2025-11-26 18:15:25.944509 INFO::Fitting model to feature number 66, semibin_SRR5930499.112
2025-11-26 18:15:25.973204 INFO::Fitting model to feature number 67, maxbin_ERR6257997.027
2025-11-26 18:15:26.001947 INFO::Fitting model to feature number 68, semibin_SRR16168913.44_sub
2025-11-26 18:15:26.030236 INFO::Fitting model to feature number 69, semibin_SRR6000900.32
2025-11-26 18:15:26.058335 INFO::Fitting model to feature number 70, semibin_SRR16168903.5
2025-11-26 18:15:26.085665 INFO::Fitting model to feature number 71, semibin_SRR16554765.8
2025-11-26 18:15:26.113769 INFO::Fitting model to feature number 72, maxbin_SRR16554755.007_sub
2025-11-26 18:15:26.141953 INFO::Fitting model to feature number 73, semibin_SRR5930534.80
2025-11-26 18:15:26.168703 INFO::Fitting model to feature number 74, metabat_SRR6000907.1_sub
2025-11-26 18:15:26.196649 INFO::Fitting model to feature number 75, metabat_ERR6282298.17
2025-11-26 18:15:26.224244 INFO::Fitting model to feature number 76, maxbin_SRR16554728.024
2025-11-26 18:15:26.252436 INFO::Fitting model to feature number 77, semibin_SRR8387683.16
2025-11-26 18:15:26.301325 INFO::Fitting model to feature number 78, maxbin_SRR11413620.019
2025-11-26 18:15:26.32564 INFO::Fitting model to feature number 79, semibin_SRR25825514.3_sub
2025-11-26 18:15:26.351991 INFO::Fitting model to feature number 80, semibin_SRR11413656.25
2025-11-26 18:15:26.385844 INFO::Fitting model to feature number 81, metabat_ERR12405985.2
2025-11-26 18:15:26.417232 INFO::Fitting model to feature number 82, semibin_SRR16554738.0
2025-11-26 18:15:26.444211 INFO::Fitting model to feature number 83, semibin_SRR11413691.42
2025-11-26 18:15:26.471429 INFO::Fitting model to feature number 84, maxbin_SRR11413655.009_sub
2025-11-26 18:15:26.498089 INFO::Fitting model to feature number 85, semibin_SRR20881975.0
2025-11-26 18:15:26.525167 INFO::Fitting model to feature number 86, metabat_ERR6275681.8
2025-11-26 18:15:26.55203 INFO::Fitting model to feature number 87, maxbin_SRR16554759.001
2025-11-26 18:15:26.578352 INFO::Fitting model to feature number 88, metabat_SRR16554662.30_sub
2025-11-26 18:15:26.604613 INFO::Fitting model to feature number 89, metabat_SRR16554786.10
2025-11-26 18:15:26.63135 INFO::Fitting model to feature number 90, metabat_ERR6243880.3
2025-11-26 18:15:26.658082 INFO::Fitting model to feature number 91, semibin_ERR6264280.18
2025-11-26 18:15:26.684513 INFO::Fitting model to feature number 92, metabat_ERR6281505.14
2025-11-26 18:15:26.710528 INFO::Fitting model to feature number 93, semibin_SRR16554671.9
2025-11-26 18:15:26.736741 INFO::Fitting model to feature number 94, maxbin_SRR16554707.013
2025-11-26 18:15:26.769332 INFO::Fitting model to feature number 95, metabat_SRR16554771.26
2025-11-26 18:15:26.797178 INFO::Fitting model to feature number 96, maxbin_ERR2162206.004
2025-11-26 18:15:26.824019 INFO::Fitting model to feature number 97, semibin_SRR16554665.28
2025-11-26 18:15:26.850986 INFO::Fitting model to feature number 98, maxbin_ERR6279655.020
2025-11-26 18:15:26.877348 INFO::Fitting model to feature number 99, metabat_SRR5930523.5
2025-11-26 18:15:26.904036 INFO::Fitting model to feature number 100, semibin_SRR11413608.137
2025-11-26 18:15:26.929933 INFO::Fitting model to feature number 101, semibin_ERR12405912.11
2025-11-26 18:15:26.95633 INFO::Fitting model to feature number 102, metabat_ERR6279651.8
2025-11-26 18:15:27.002476 INFO::Fitting model to feature number 103, metabat_SRR16554746.22
2025-11-26 18:15:27.026291 INFO::Fitting model to feature number 104, maxbin_SRR13022253.002
2025-11-26 18:15:27.052122 INFO::Fitting model to feature number 105, maxbin_ERR6232518.013
2025-11-26 18:15:27.078092 INFO::Fitting model to feature number 106, metabat_ERR12405939.30
2025-11-26 18:15:27.104673 INFO::Fitting model to feature number 107, metabat_ERR12405970.10
2025-11-26 18:15:27.137757 INFO::Fitting model to feature number 108, semibin_SRR20881988.7
2025-11-26 18:15:27.169272 INFO::Fitting model to feature number 109, semibin_SRR5930531.50
2025-11-26 18:15:27.195915 INFO::Fitting model to feature number 110, metabat_ERR6275666.49
2025-11-26 18:15:27.222359 INFO::Fitting model to feature number 111, metabat_SRR16554744.3
2025-11-26 18:15:27.25022 INFO::Fitting model to feature number 112, semibin_SRR16168903.11
2025-11-26 18:15:27.276114 INFO::Fitting model to feature number 113, semibin_SRR11413690.7
2025-11-26 18:15:27.303008 INFO::Fitting model to feature number 114, semibin_SRR13022392.1
2025-11-26 18:15:27.329167 INFO::Fitting model to feature number 115, metabat_SRR5930536.13
2025-11-26 18:15:27.355597 INFO::Fitting model to feature number 116, semibin_SRR13022424.5
2025-11-26 18:15:27.381589 INFO::Fitting model to feature number 117, maxbin_ERR12405918.001
2025-11-26 18:15:27.408282 INFO::Fitting model to feature number 118, semibin_ERR12405947.71
2025-11-26 18:15:27.434614 INFO::Fitting model to feature number 119, semibin_ERR6279646.10
2025-11-26 18:15:27.461022 INFO::Fitting model to feature number 120, metabat_ERR12405918.3
2025-11-26 18:15:27.48774 INFO::Fitting model to feature number 121, semibin_SRR23364196.21
2025-11-26 18:15:27.522082 INFO::Fitting model to feature number 122, semibin_SRR16554695.47
2025-11-26 18:15:27.55087 INFO::Fitting model to feature number 123, semibin_SRR16554716.24
2025-11-26 18:15:27.577715 INFO::Fitting model to feature number 124, semibin_SRR6000910.14
2025-11-26 18:15:27.604143 INFO::Fitting model to feature number 125, semibin_SRR11413649.182
2025-11-26 18:15:27.629669 INFO::Fitting model to feature number 126, metabat_SRR16554626.7
2025-11-26 18:15:27.655535 INFO::Fitting model to feature number 127, semibin_SRR25825508.4_sub
2025-11-26 18:15:27.681698 INFO::Fitting model to feature number 128, semibin_SRR13068844.35
2025-11-26 18:15:27.728304 INFO::Fitting model to feature number 129, semibin_SRR16554766.35_sub
2025-11-26 18:15:27.753022 INFO::Fitting model to feature number 130, semibin_ERR6279614.29
2025-11-26 18:15:27.779217 INFO::Fitting model to feature number 131, semibin_SRR11413683.102
2025-11-26 18:15:27.805466 INFO::Fitting model to feature number 132, maxbin_ERR6279658.017_sub
2025-11-26 18:15:27.83169 INFO::Fitting model to feature number 133, semibin_ERR6230326.3
2025-11-26 18:15:27.8588 INFO::Fitting model to feature number 134, maxbin_SRR5930501.087_sub
2025-11-26 18:15:27.884826 INFO::Fitting model to feature number 135, maxbin_SRR16168913.015
2025-11-26 18:15:27.918679 INFO::Fitting model to feature number 136, maxbin_SRR16554789.001
2025-11-26 18:15:27.947057 INFO::Fitting model to feature number 137, maxbin_ERR2162209.017_sub
2025-11-26 18:15:27.97378 INFO::Fitting model to feature number 138, maxbin_SRR16554656.002
2025-11-26 18:15:28.000317 INFO::Fitting model to feature number 139, semibin_SRR16168920.5_sub
2025-11-26 18:15:28.026638 INFO::Fitting model to feature number 140, semibin_SRR16554739.16
2025-11-26 18:15:28.052932 INFO::Fitting model to feature number 141, metabat_SRR16168982.24
2025-11-26 18:15:28.079018 INFO::Fitting model to feature number 142, metabat_SRR16554643.9
2025-11-26 18:15:28.105294 INFO::Fitting model to feature number 143, metabat_SRR13022323.1
2025-11-26 18:15:28.131475 INFO::Fitting model to feature number 144, semibin_SRR16554673.15
2025-11-26 18:15:28.157496 INFO::Fitting model to feature number 145, semibin_SRR11413649.145_sub
2025-11-26 18:15:28.183814 INFO::Fitting model to feature number 146, semibin_ERR6267712.45
2025-11-26 18:15:28.210001 INFO::Fitting model to feature number 147, maxbin_SRR16554647.003
2025-11-26 18:15:28.236221 INFO::Fitting model to feature number 148, semibin_ERR2162202.11
2025-11-26 18:15:28.26629 INFO::Fitting model to feature number 149, semibin_SRR16168909.12
2025-11-26 18:15:28.294575 INFO::Fitting model to feature number 150, semibin_SRR11413684.67
2025-11-26 18:15:28.32406 INFO::Fitting model to feature number 151, maxbin_ERR2162223.012
2025-11-26 18:15:28.350518 INFO::Fitting model to feature number 152, maxbin_SRR25825521.012_sub
2025-11-26 18:15:28.376778 INFO::Fitting model to feature number 153, metabat_SRR23364233.36
2025-11-26 18:15:28.403252 INFO::Fitting model to feature number 154, semibin_SRR25825499.11
2025-11-26 18:15:28.450366 INFO::Fitting model to feature number 155, semibin_SRR16554653.1
2025-11-26 18:15:28.474525 INFO::Fitting model to feature number 156, semibin_SRR23364199.62
2025-11-26 18:15:28.500592 INFO::Fitting model to feature number 157, maxbin_SRR5930508.026
2025-11-26 18:15:28.52805 INFO::Fitting model to feature number 158, semibin_ERR6279671.24
2025-11-26 18:15:28.554806 INFO::Fitting model to feature number 159, semibin_SRR16554730.5
2025-11-26 18:15:28.580659 INFO::Fitting model to feature number 160, maxbin_SRR5930522.022
2025-11-26 18:15:28.606877 INFO::Fitting model to feature number 161, semibin_SRR16554790.42
2025-11-26 18:15:28.632907 INFO::Fitting model to feature number 162, metabat_ERR6279652.5
2025-11-26 18:15:28.662828 INFO::Fitting model to feature number 163, semibin_ERR6243877.10
2025-11-26 18:15:28.69259 INFO::Fitting model to feature number 164, metabat_SRR16168941.17
2025-11-26 18:15:28.720212 INFO::Fitting model to feature number 165, semibin_SRR16168929.15_sub
2025-11-26 18:15:28.747243 INFO::Fitting model to feature number 166, maxbin_SRR23364240.011
2025-11-26 18:15:28.774238 INFO::Fitting model to feature number 167, metabat_SRR6000947.37_sub
2025-11-26 18:15:28.800215 INFO::Fitting model to feature number 168, metabat_ERR6235716.8_sub
2025-11-26 18:15:28.827043 INFO::Fitting model to feature number 169, metabat_SRR16554633.8
2025-11-26 18:15:28.853634 INFO::Fitting model to feature number 170, metabat_ERR6279615.15
2025-11-26 18:15:28.880444 INFO::Fitting model to feature number 171, metabat_SRR16554713.7
2025-11-26 18:15:28.90717 INFO::Fitting model to feature number 172, semibin_SRR13068836.17_sub
2025-11-26 18:15:28.933551 INFO::Fitting model to feature number 173, semibin_SRR20881980.15_sub
2025-11-26 18:15:28.959534 INFO::Fitting model to feature number 174, semibin_ERR6279661.5
2025-11-26 18:15:28.98595 INFO::Fitting model to feature number 175, semibin_ERR6264281.7
2025-11-26 18:15:29.011973 INFO::Fitting model to feature number 176, maxbin_SRR5930521.014
2025-11-26 18:15:29.041089 INFO::Fitting model to feature number 177, metabat_SRR13022372.10_sub
2025-11-26 18:15:29.069856 INFO::Fitting model to feature number 178, semibin_SRR20881981.34
2025-11-26 18:15:29.097902 INFO::Fitting model to feature number 179, semibin_ERR6279683.8
2025-11-26 18:15:29.144554 INFO::Fitting model to feature number 180, semibin_ERR6279655.40
2025-11-26 18:15:29.170461 INFO::Fitting model to feature number 181, semibin_SRR11413688.2
2025-11-26 18:15:29.196659 INFO::Fitting model to feature number 182, semibin_ERR6233695.43_sub
2025-11-26 18:15:29.223205 INFO::Fitting model to feature number 183, maxbin_SRR5930515.007
2025-11-26 18:15:29.249447 INFO::Fitting model to feature number 184, semibin_ERR6273965.5
2025-11-26 18:15:29.275581 INFO::Fitting model to feature number 185, semibin_SRR16554693.19
2025-11-26 18:15:29.301564 INFO::Fitting model to feature number 186, semibin_SRR25825516.1
2025-11-26 18:15:29.327712 INFO::Fitting model to feature number 187, maxbin_SRR13068818.010
2025-11-26 18:15:29.353675 INFO::Fitting model to feature number 188, maxbin_SRR16168926.008
2025-11-26 18:15:29.380304 INFO::Fitting model to feature number 189, semibin_SRR16554672.14
2025-11-26 18:15:29.406926 INFO::Fitting model to feature number 190, semibin_ERR12405970.61
2025-11-26 18:15:29.439441 INFO::Fitting model to feature number 191, semibin_SRR5930531.21
2025-11-26 18:15:29.468039 INFO::Fitting model to feature number 192, maxbin_SRR16554787.017_sub
2025-11-26 18:15:29.494684 INFO::Fitting model to feature number 193, metabat_SRR6000907.39
2025-11-26 18:15:29.521214 INFO::Fitting model to feature number 194, semibin_SRR5930528.37
2025-11-26 18:15:29.548069 INFO::Fitting model to feature number 195, metabat_SRR23364184.15
2025-11-26 18:15:29.575044 INFO::Fitting model to feature number 196, semibin_SRR25825502.47_sub
2025-11-26 18:15:29.602273 INFO::Fitting model to feature number 197, maxbin_ERR12405958.009_sub
2025-11-26 18:15:29.629259 INFO::Fitting model to feature number 198, semibin_SRR16168913.31
2025-11-26 18:15:29.656512 INFO::Fitting model to feature number 199, semibin_ERR6232458.16
2025-11-26 18:15:29.682836 INFO::Fitting model to feature number 200, semibin_SRR11413652.32
2025-11-26 18:15:29.708759 INFO::Fitting model to feature number 201, semibin_SRR5930519.26
2025-11-26 18:15:29.735887 INFO::Fitting model to feature number 202, maxbin_SRR16554738.006_sub
2025-11-26 18:15:29.766799 INFO::Fitting model to feature number 203, semibin_SRR11413688.65_sub
2025-11-26 18:15:29.797985 INFO::Fitting model to feature number 204, semibin_SRR5930536.88
2025-11-26 18:15:29.826626 INFO::Fitting model to feature number 205, maxbin_ERR12406009.001
2025-11-26 18:15:29.873095 INFO::Fitting model to feature number 206, semibin_SRR16554765.35
2025-11-26 18:15:29.897797 INFO::Fitting model to feature number 207, semibin_SRR13068830.5
2025-11-26 18:15:29.923946 INFO::Fitting model to feature number 208, metabat_SRR5930502.31
2025-11-26 18:15:29.949967 INFO::Fitting model to feature number 209, metabat_ERR2162222.11_sub
2025-11-26 18:15:29.977729 INFO::Fitting model to feature number 210, semibin_SRR11413653.50
2025-11-26 18:15:30.004985 INFO::Fitting model to feature number 211, maxbin_SRR16554790.013_sub
2025-11-26 18:15:30.030802 INFO::Fitting model to feature number 212, maxbin_SRR16554733.009
2025-11-26 18:15:30.056587 INFO::Fitting model to feature number 213, metabat_SRR11413686.6
2025-11-26 18:15:30.082591 INFO::Fitting model to feature number 214, maxbin_SRR8387707.004_sub
2025-11-26 18:15:30.108738 INFO::Fitting model to feature number 215, metabat_SRR23364211.18
2025-11-26 18:15:30.134867 INFO::Fitting model to feature number 216, metabat_SRR16554669.41_sub
2025-11-26 18:15:30.174322 INFO::Fitting model to feature number 217, maxbin_SRR5930518.019_sub
2025-11-26 18:15:30.201576 INFO::Fitting model to feature number 218, metabat_SRR11413686.5
2025-11-26 18:15:30.227378 INFO::Fitting model to feature number 219, semibin_ERR12405961.23
2025-11-26 18:15:30.253355 INFO::Fitting model to feature number 220, semibin_SRR11413611.29
2025-11-26 18:15:30.279759 INFO::Fitting model to feature number 221, semibin_SRR11413606.8
2025-11-26 18:15:30.306533 INFO::Fitting model to feature number 222, maxbin_SRR16554701.001
2025-11-26 18:15:30.333539 INFO::Fitting model to feature number 223, semibin_SRR13068817.76
2025-11-26 18:15:30.361393 INFO::Fitting model to feature number 224, semibin_ERR6229432.91
2025-11-26 18:15:30.388735 INFO::Fitting model to feature number 225, metabat_SRR6000874.13_sub
2025-11-26 18:15:30.415392 INFO::Fitting model to feature number 226, semibin_SRR20881986.74
2025-11-26 18:15:30.442544 INFO::Fitting model to feature number 227, metabat_SRR5930494.72_sub
2025-11-26 18:15:30.469206 INFO::Fitting model to feature number 228, semibin_SRR23364193.36
2025-11-26 18:15:30.495929 INFO::Fitting model to feature number 229, metabat_SRR5930514.58
2025-11-26 18:15:30.525911 INFO::Fitting model to feature number 230, semibin_SRR16554673.13
2025-11-26 18:15:30.57716 INFO::Fitting model to feature number 231, semibin_SRR16554786.37
2025-11-26 18:15:30.607352 INFO::Fitting model to feature number 232, semibin_ERR2162202.9
2025-11-26 18:15:30.63396 INFO::Fitting model to feature number 233, semibin_SRR5930501.2
2025-11-26 18:15:30.659975 INFO::Fitting model to feature number 234, semibin_ERR2162208.7
2025-11-26 18:15:30.686325 INFO::Fitting model to feature number 235, metabat_SRR16554665.10
2025-11-26 18:15:30.712342 INFO::Fitting model to feature number 236, semibin_ERR2162200.40
2025-11-26 18:15:30.739006 INFO::Fitting model to feature number 237, metabat_SRR13068853.24
2025-11-26 18:15:30.765623 INFO::Fitting model to feature number 238, metabat_SRR11413656.75
2025-11-26 18:15:30.792083 INFO::Fitting model to feature number 239, maxbin_SRR13022357.002
2025-11-26 18:15:30.81895 INFO::Fitting model to feature number 240, semibin_SRR25825502.21
2025-11-26 18:15:30.845788 INFO::Fitting model to feature number 241, semibin_ERR6279669.74
2025-11-26 18:15:30.8722 INFO::Fitting model to feature number 242, metabat_SRR11413618.29_sub
2025-11-26 18:15:30.898319 INFO::Fitting model to feature number 243, semibin_SRR5930523.22
2025-11-26 18:15:30.926972 INFO::Fitting model to feature number 244, semibin_SRR16554776.8
2025-11-26 18:15:30.960508 INFO::Fitting model to feature number 245, metabat_SRR13068851.17
2025-11-26 18:15:30.99153 INFO::Fitting model to feature number 246, metabat_ERR12405966.8
2025-11-26 18:15:31.019081 INFO::Fitting model to feature number 247, maxbin_ERR2162223.001
2025-11-26 18:15:31.0457 INFO::Fitting model to feature number 248, metabat_ERR6279627.10
2025-11-26 18:15:31.072977 INFO::Fitting model to feature number 249, semibin_SRR11413679.4
2025-11-26 18:15:31.100693 INFO::Fitting model to feature number 250, semibin_SRR5930506.72
2025-11-26 18:15:31.127166 INFO::Fitting model to feature number 251, metabat_ERR2162214.7
2025-11-26 18:15:31.15458 INFO::Fitting model to feature number 252, semibin_SRR11413606.34
2025-11-26 18:15:31.181515 INFO::Fitting model to feature number 253, metabat_SRR11413647.31
2025-11-26 18:15:31.208299 INFO::Fitting model to feature number 254, semibin_SRR6000892.71
2025-11-26 18:15:31.234728 INFO::Fitting model to feature number 255, metabat_SRR13022401.12
2025-11-26 18:15:31.261149 INFO::Fitting model to feature number 256, metabat_ERR2162213.1
2025-11-26 18:15:31.317374 INFO::Fitting model to feature number 257, metabat_SRR16168896.4
2025-11-26 18:15:31.342779 INFO::Fitting model to feature number 258, metabat_ERR12405997.59
2025-11-26 18:15:31.369222 INFO::Fitting model to feature number 259, semibin_ERR2162223.3
2025-11-26 18:15:31.395213 INFO::Fitting model to feature number 260, semibin_SRR6000944.44
2025-11-26 18:15:31.421206 INFO::Fitting model to feature number 261, semibin_SRR5930533.32_sub
2025-11-26 18:15:31.447026 INFO::Fitting model to feature number 262, maxbin_SRR11413646.009
2025-11-26 18:15:31.473011 INFO::Fitting model to feature number 263, metabat_ERR12405954.8
2025-11-26 18:15:31.498976 INFO::Fitting model to feature number 264, metabat_SRR13068832.4
2025-11-26 18:15:31.524969 INFO::Fitting model to feature number 265, semibin_SRR20881980.56
2025-11-26 18:15:31.551069 INFO::Fitting model to feature number 266, maxbin_SRR5930507.045
2025-11-26 18:15:31.577899 INFO::Fitting model to feature number 267, semibin_SRR5930495.29
2025-11-26 18:15:31.605177 INFO::Fitting model to feature number 268, maxbin_ERR2162223.003
2025-11-26 18:15:31.632245 INFO::Fitting model to feature number 269, maxbin_ERR6282070.040_sub
2025-11-26 18:15:31.666337 INFO::Fitting model to feature number 270, semibin_ERR6233693.7
2025-11-26 18:15:31.696264 INFO::Fitting model to feature number 271, metabat_SRR11413613.2
2025-11-26 18:15:31.722947 INFO::Fitting model to feature number 272, semibin_SRR16168945.59_sub
2025-11-26 18:15:31.749687 INFO::Fitting model to feature number 273, semibin_ERR12405923.28
2025-11-26 18:15:31.776691 INFO::Fitting model to feature number 274, semibin_SRR16554648.6
2025-11-26 18:15:31.804193 INFO::Fitting model to feature number 275, semibin_SRR6000901.29
2025-11-26 18:15:31.831145 INFO::Fitting model to feature number 276, maxbin_SRR16554769.012
2025-11-26 18:15:31.857397 INFO::Fitting model to feature number 277, metabat_SRR16554687.19
2025-11-26 18:15:31.883554 INFO::Fitting model to feature number 278, semibin_SRR23364183.27
2025-11-26 18:15:31.909764 INFO::Fitting model to feature number 279, metabat_ERR12405985.26
2025-11-26 18:15:31.936092 INFO::Fitting model to feature number 280, metabat_SRR16554763.7
2025-11-26 18:15:31.962536 INFO::Fitting model to feature number 281, semibin_ERR6281434.136
2025-11-26 18:15:31.99297 INFO::Fitting model to feature number 282, maxbin_ERR12406005.005
2025-11-26 18:15:32.047079 INFO::Fitting model to feature number 283, semibin_SRR11413689.18
2025-11-26 18:15:32.071999 INFO::Fitting model to feature number 284, semibin_SRR5930498.73
2025-11-26 18:15:32.098531 INFO::Fitting model to feature number 285, semibin_ERR6279657.86
2025-11-26 18:15:32.124947 INFO::Fitting model to feature number 286, maxbin_SRR5930497.004
2025-11-26 18:15:32.151724 INFO::Fitting model to feature number 287, metabat_SRR5930527.86
2025-11-26 18:15:32.178471 INFO::Fitting model to feature number 288, semibin_SRR11413657.160_sub
2025-11-26 18:15:32.205008 INFO::Fitting model to feature number 289, semibin_SRR6000896.44
2025-11-26 18:15:32.23106 INFO::Fitting model to feature number 290, metabat_SRR20881987.29
2025-11-26 18:15:32.257711 INFO::Fitting model to feature number 291, semibin_SRR11413687.181
2025-11-26 18:15:32.285013 INFO::Fitting model to feature number 292, metabat_ERR6281586.4
2025-11-26 18:15:32.311708 INFO::Fitting model to feature number 293, maxbin_SRR13022429.005
2025-11-26 18:15:32.338526 INFO::Fitting model to feature number 294, metabat_ERR6275676.3
2025-11-26 18:15:32.365284 INFO::Fitting model to feature number 295, metabat_SRR5930529.3
2025-11-26 18:15:32.395298 INFO::Fitting model to feature number 296, metabat_SRR6000949.51_sub
2025-11-26 18:15:32.42622 INFO::Fitting model to feature number 297, semibin_SRR11413656.101
2025-11-26 18:15:32.454512 INFO::Fitting model to feature number 298, metabat_ERR2162211.9
2025-11-26 18:15:32.480907 INFO::Fitting model to feature number 299, semibin_SRR11413689.110
2025-11-26 18:15:32.506986 INFO::Fitting model to feature number 300, metabat_SRR16554771.5
2025-11-26 18:15:32.534358 INFO::Fitting model to feature number 301, semibin_ERR2162218.39
2025-11-26 18:15:32.561258 INFO::Fitting model to feature number 302, semibin_SRR16168913.74
2025-11-26 18:15:32.588091 INFO::Fitting model to feature number 303, semibin_SRR16554766.13
2025-11-26 18:15:32.615037 INFO::Fitting model to feature number 304, maxbin_SRR6000869.050
2025-11-26 18:15:32.641777 INFO::Fitting model to feature number 305, metabat_SRR13068834.30
2025-11-26 18:15:32.668328 INFO::Fitting model to feature number 306, semibin_SRR11413691.40_sub
2025-11-26 18:15:32.695222 INFO::Fitting model to feature number 307, semibin_ERR6264280.63
2025-11-26 18:15:32.743215 INFO::Fitting model to feature number 308, semibin_SRR11413683.31
2025-11-26 18:15:32.768357 INFO::Fitting model to feature number 309, metabat_SRR13068828.29
2025-11-26 18:15:32.810925 INFO::Fitting model to feature number 310, metabat_SRR16554651.15
2025-11-26 18:15:32.839391 INFO::Fitting model to feature number 311, semibin_SRR11413617.49
2025-11-26 18:15:32.865602 INFO::Fitting model to feature number 312, metabat_ERR12405917.12
2025-11-26 18:15:32.891253 INFO::Fitting model to feature number 313, metabat_ERR12405923.25
2025-11-26 18:15:32.91739 INFO::Fitting model to feature number 314, semibin_SRR8387677.66
2025-11-26 18:15:32.943418 INFO::Fitting model to feature number 315, semibin_SRR16554633.6
2025-11-26 18:15:32.969125 INFO::Fitting model to feature number 316, semibin_SRR11413657.102
2025-11-26 18:15:32.995386 INFO::Fitting model to feature number 317, maxbin_SRR16554652.022_sub
2025-11-26 18:15:33.021333 INFO::Fitting model to feature number 318, metabat_SRR16554747.15
2025-11-26 18:15:33.048284 INFO::Fitting model to feature number 319, metabat_SRR11413685.32
2025-11-26 18:15:33.074186 INFO::Fitting model to feature number 320, semibin_SRR5930519.63
2025-11-26 18:15:33.100962 INFO::Fitting model to feature number 321, metabat_SRR8387676.2
2025-11-26 18:15:33.135766 INFO::Fitting model to feature number 322, semibin_SRR13022464.9
2025-11-26 18:15:33.164234 INFO::Fitting model to feature number 323, semibin_ERR6281341.24
2025-11-26 18:15:33.190479 INFO::Fitting model to feature number 324, semibin_SRR11413690.11
2025-11-26 18:15:33.21622 INFO::Fitting model to feature number 325, maxbin_SRR23364240.009_sub
2025-11-26 18:15:33.242466 INFO::Fitting model to feature number 326, maxbin_SRR5930504.027
2025-11-26 18:15:33.268579 INFO::Fitting model to feature number 327, maxbin_SRR8387683.015_sub
2025-11-26 18:15:33.293716 INFO::Fitting model to feature number 328, semibin_SRR5930501.108
2025-11-26 18:15:33.319524 INFO::Fitting model to feature number 329, metabat_SRR13068838.21
2025-11-26 18:15:33.345432 INFO::Fitting model to feature number 330, maxbin_ERR6279649.002
2025-11-26 18:15:33.371881 INFO::Fitting model to feature number 331, maxbin_ERR12405952.002
2025-11-26 18:15:33.397717 INFO::Fitting model to feature number 332, semibin_ERR12405916.16
2025-11-26 18:15:33.423688 INFO::Fitting model to feature number 333, metabat_SRR11413612.18
2025-11-26 18:15:33.945249 INFO::Fitting model to feature number 334, maxbin_SRR23364191.039_sub
2025-11-26 18:15:33.968622 INFO::Fitting model to feature number 335, semibin_SRR16554627.102
2025-11-26 18:15:33.994668 INFO::Fitting model to feature number 336, semibin_SRR25825502.37
2025-11-26 18:15:34.020912 INFO::Fitting model to feature number 337, maxbin_ERR6275667.027
2025-11-26 18:15:34.04687 INFO::Fitting model to feature number 338, maxbin_ERR2162214.002
2025-11-26 18:15:34.073324 INFO::Fitting model to feature number 339, maxbin_SRR5930506.040
2025-11-26 18:15:34.099235 INFO::Fitting model to feature number 340, semibin_ERR12405971.54
2025-11-26 18:15:34.125654 INFO::Fitting model to feature number 341, metabat_SRR16168975.22
2025-11-26 18:15:34.151821 INFO::Fitting model to feature number 342, metabat_SRR16554654.18
2025-11-26 18:15:34.178121 INFO::Fitting model to feature number 343, semibin_ERR12405939.27
2025-11-26 18:15:34.204848 INFO::Fitting model to feature number 344, semibin_SRR13068839.17
2025-11-26 18:15:34.231333 INFO::Fitting model to feature number 345, semibin_SRR5930503.31
2025-11-26 18:15:34.257652 INFO::Fitting model to feature number 346, metabat_SRR11413687.86
2025-11-26 18:15:34.293757 INFO::Fitting model to feature number 347, metabat_SRR25825515.43_sub
2025-11-26 18:15:34.321417 INFO::Fitting model to feature number 348, metabat_SRR16554786.38
2025-11-26 18:15:34.346913 INFO::Fitting model to feature number 349, maxbin_ERR6279660.001
2025-11-26 18:15:34.372691 INFO::Fitting model to feature number 350, maxbin_SRR16168900.001
2025-11-26 18:15:34.398879 INFO::Fitting model to feature number 351, maxbin_SRR16554686.012
2025-11-26 18:15:34.425665 INFO::Fitting model to feature number 352, metabat_SRR5930529.8
2025-11-26 18:15:34.452244 INFO::Fitting model to feature number 353, metabat_SRR25825504.22_sub
2025-11-26 18:15:34.478458 INFO::Fitting model to feature number 354, maxbin_SRR8387677.002_sub
2025-11-26 18:15:34.504258 INFO::Fitting model to feature number 355, semibin_SRR16168940.103
2025-11-26 18:15:34.530077 INFO::Fitting model to feature number 356, maxbin_ERR12405924.017
2025-11-26 18:15:34.556317 INFO::Fitting model to feature number 357, metabat_SRR11413686.33
2025-11-26 18:15:34.58264 INFO::Fitting model to feature number 358, semibin_ERR6279673.25_sub
2025-11-26 18:15:34.627089 INFO::Fitting model to feature number 359, semibin_ERR6232458.12
2025-11-26 18:15:34.663586 INFO::Fitting model to feature number 360, maxbin_SRR16554687.002
2025-11-26 18:15:34.697471 INFO::Fitting model to feature number 361, semibin_SRR5930498.118
2025-11-26 18:15:34.724546 INFO::Fitting model to feature number 362, semibin_SRR16554638.14
2025-11-26 18:15:34.751544 INFO::Fitting model to feature number 363, semibin_SRR25825518.7
2025-11-26 18:15:34.777848 INFO::Fitting model to feature number 364, metabat_SRR5930494.25_sub
2025-11-26 18:15:34.805024 INFO::Fitting model to feature number 365, semibin_SRR16554780.22
2025-11-26 18:15:34.832065 INFO::Fitting model to feature number 366, semibin_SRR16554784.78
2025-11-26 18:15:34.858274 INFO::Fitting model to feature number 367, metabat_SRR16554765.17
2025-11-26 18:15:34.884972 INFO::Fitting model to feature number 368, maxbin_SRR11413612.015_sub
2025-11-26 18:15:34.911542 INFO::Fitting model to feature number 369, semibin_SRR11413681.23
2025-11-26 18:15:34.938105 INFO::Fitting model to feature number 370, metabat_SRR5930530.79
2025-11-26 18:15:34.96421 INFO::Fitting model to feature number 371, semibin_SRR16554681.27
2025-11-26 18:15:34.99578 INFO::Fitting model to feature number 372, semibin_SRR5930493.36_sub
2025-11-26 18:15:35.023639 INFO::Fitting model to feature number 373, semibin_SRR11413620.97
2025-11-26 18:15:35.050908 INFO::Fitting model to feature number 374, semibin_SRR6000893.60_sub
2025-11-26 18:15:35.077504 INFO::Fitting model to feature number 375, metabat_SRR11413689.14
2025-11-26 18:15:35.103781 INFO::Fitting model to feature number 376, metabat_SRR11413689.40
2025-11-26 18:15:35.130066 INFO::Fitting model to feature number 377, maxbin_SRR8387710.024
2025-11-26 18:15:35.156842 INFO::Fitting model to feature number 378, metabat_ERR6281433.28
2025-11-26 18:15:35.183864 INFO::Fitting model to feature number 379, maxbin_SRR5930533.002
2025-11-26 18:15:35.211078 INFO::Fitting model to feature number 380, semibin_SRR5930494.234
2025-11-26 18:15:35.238368 INFO::Fitting model to feature number 381, semibin_SRR13068839.7
2025-11-26 18:15:35.265424 INFO::Fitting model to feature number 382, semibin_SRR16554736.21
2025-11-26 18:15:35.291715 INFO::Fitting model to feature number 383, semibin_ERR2162216.32
2025-11-26 18:15:35.324631 INFO::Fitting model to feature number 384, semibin_ERR12405964.2
2025-11-26 18:15:35.37529 INFO::Fitting model to feature number 385, metabat_ERR6233692.1_sub
2025-11-26 18:15:35.402011 INFO::Fitting model to feature number 386, metabat_ERR6281658.13
2025-11-26 18:15:35.428115 INFO::Fitting model to feature number 387, semibin_SRR5930516.87
2025-11-26 18:15:35.455214 INFO::Fitting model to feature number 388, metabat_ERR12406002.11
2025-11-26 18:15:35.482645 INFO::Fitting model to feature number 389, semibin_SRR23364206.58
2025-11-26 18:15:35.509297 INFO::Fitting model to feature number 390, semibin_SRR11413691.52
2025-11-26 18:15:35.536822 INFO::Fitting model to feature number 391, semibin_SRR16554744.40_sub
2025-11-26 18:15:35.563907 INFO::Fitting model to feature number 392, semibin_ERR6275666.93
2025-11-26 18:15:35.590921 INFO::Fitting model to feature number 393, maxbin_SRR16554659.005
2025-11-26 18:15:35.61835 INFO::Fitting model to feature number 394, metabat_SRR16554654.55
2025-11-26 18:15:35.645234 INFO::Fitting model to feature number 395, maxbin_SRR11413607.019
2025-11-26 18:15:35.680507 INFO::Fitting model to feature number 396, semibin_SRR16554744.30
2025-11-26 18:15:35.711225 INFO::Fitting model to feature number 397, semibin_SRR13022415.6
2025-11-26 18:15:35.738057 INFO::Fitting model to feature number 398, maxbin_ERR12405991.007
2025-11-26 18:15:35.765017 INFO::Fitting model to feature number 399, semibin_SRR23364171.72
2025-11-26 18:15:35.792277 INFO::Fitting model to feature number 400, semibin_ERR6279619.6
2025-11-26 18:15:35.818896 INFO::Fitting model to feature number 401, semibin_SRR16554692.65
2025-11-26 18:15:35.846009 INFO::Fitting model to feature number 402, maxbin_SRR16554751.004
2025-11-26 18:15:35.8734 INFO::Fitting model to feature number 403, metabat_SRR25825507.13_sub
2025-11-26 18:15:35.900055 INFO::Fitting model to feature number 404, metabat_SRR6000940.44
2025-11-26 18:15:35.926917 INFO::Fitting model to feature number 405, maxbin_SRR16554673.003
2025-11-26 18:15:35.95429 INFO::Fitting model to feature number 406, metabat_SRR5930506.102
2025-11-26 18:15:35.98029 INFO::Fitting model to feature number 407, semibin_SRR8387707.23
2025-11-26 18:15:36.009074 INFO::Fitting model to feature number 408, semibin_SRR25825517.45
2025-11-26 18:15:36.041781 INFO::Fitting model to feature number 409, semibin_ERR6275663.33
2025-11-26 18:15:36.070684 INFO::Fitting model to feature number 410, semibin_ERR6275679.24
2025-11-26 18:15:36.11788 INFO::Fitting model to feature number 411, semibin_SRR16554704.8_sub
2025-11-26 18:15:36.143844 INFO::Fitting model to feature number 412, semibin_SRR20881983.27
2025-11-26 18:15:36.171172 INFO::Fitting model to feature number 413, semibin_ERR12405986.41
2025-11-26 18:15:36.197672 INFO::Fitting model to feature number 414, semibin_ERR12405984.5
2025-11-26 18:15:36.224059 INFO::Fitting model to feature number 415, metabat_SRR16554651.26
2025-11-26 18:15:36.250394 INFO::Fitting model to feature number 416, metabat_ERR12405920.1
2025-11-26 18:15:36.277057 INFO::Fitting model to feature number 417, maxbin_SRR16554656.025
2025-11-26 18:15:36.30338 INFO::Fitting model to feature number 418, semibin_SRR20881977.45
2025-11-26 18:15:36.32939 INFO::Fitting model to feature number 419, semibin_SRR5930494.42
2025-11-26 18:15:36.362128 INFO::Fitting model to feature number 420, maxbin_ERR6233693.010_sub
2025-11-26 18:15:36.390605 INFO::Fitting model to feature number 421, semibin_SRR20881981.24
2025-11-26 18:15:36.416577 INFO::Fitting model to feature number 422, semibin_SRR5930494.37
2025-11-26 18:15:36.442425 INFO::Fitting model to feature number 423, metabat_ERR12405956.11
2025-11-26 18:15:36.468293 INFO::Fitting model to feature number 424, metabat_ERR12406009.18
2025-11-26 18:15:36.494018 INFO::Fitting model to feature number 425, metabat_SRR16554765.3
2025-11-26 18:15:36.519869 INFO::Fitting model to feature number 426, metabat_SRR20881975.42
2025-11-26 18:15:36.545919 INFO::Fitting model to feature number 427, semibin_SRR6000901.30
2025-11-26 18:15:36.571758 INFO::Fitting model to feature number 428, metabat_SRR5930527.85
2025-11-26 18:15:36.598019 INFO::Fitting model to feature number 429, semibin_SRR25825516.46
2025-11-26 18:15:36.624336 INFO::Fitting model to feature number 430, semibin_ERR12405918.0
2025-11-26 18:15:36.650407 INFO::Fitting model to feature number 431, semibin_ERR12405967.4
2025-11-26 18:15:36.678472 INFO::Fitting model to feature number 432, semibin_SRR23364176.2
2025-11-26 18:15:36.717427 INFO::Fitting model to feature number 433, metabat_SRR16554711.16
2025-11-26 18:15:36.74638 INFO::Fitting model to feature number 434, maxbin_ERR6275668.007
2025-11-26 18:15:36.77644 INFO::Fitting model to feature number 435, semibin_ERR12405998.5_sub
2025-11-26 18:15:36.828136 INFO::Fitting model to feature number 436, metabat_SRR5930528.37
2025-11-26 18:15:36.856236 INFO::Fitting model to feature number 437, maxbin_SRR11413647.002
2025-11-26 18:15:36.886429 INFO::Fitting model to feature number 438, semibin_ERR6275668.86
2025-11-26 18:15:36.913639 INFO::Fitting model to feature number 439, semibin_ERR12406007.1
2025-11-26 18:15:36.939777 INFO::Fitting model to feature number 440, maxbin_SRR25825507.025_sub
2025-11-26 18:15:36.96596 INFO::Fitting model to feature number 441, semibin_ERR6279661.58
2025-11-26 18:15:36.991843 INFO::Fitting model to feature number 442, metabat_ERR6232523.3
2025-11-26 18:15:37.018125 INFO::Fitting model to feature number 443, semibin_SRR23364186.11
2025-11-26 18:15:37.050407 INFO::Fitting model to feature number 444, maxbin_SRR16554641.006
2025-11-26 18:15:37.080323 INFO::Fitting model to feature number 445, maxbin_SRR13022427.016_sub
2025-11-26 18:15:37.106529 INFO::Fitting model to feature number 446, metabat_ERR12405926.24
2025-11-26 18:15:37.132299 INFO::Fitting model to feature number 447, semibin_ERR6275664.8
2025-11-26 18:15:37.159501 INFO::Fitting model to feature number 448, semibin_SRR5930510.9
2025-11-26 18:15:37.185862 INFO::Fitting model to feature number 449, semibin_ERR6275668.101
2025-11-26 18:15:37.212476 INFO::Fitting model to feature number 450, semibin_SRR16554678.23
2025-11-26 18:15:37.238484 INFO::Fitting model to feature number 451, metabat_ERR12405949.23
2025-11-26 18:15:37.264706 INFO::Fitting model to feature number 452, maxbin_SRR16554706.002
2025-11-26 18:15:37.290574 INFO::Fitting model to feature number 453, semibin_SRR6000911.2
2025-11-26 18:15:37.316144 INFO::Fitting model to feature number 454, metabat_SRR23364171.43_sub
2025-11-26 18:15:37.34204 INFO::Fitting model to feature number 455, metabat_SRR13068829.5_sub
2025-11-26 18:15:37.367917 INFO::Fitting model to feature number 456, maxbin_ERR6232528.007
2025-11-26 18:15:37.39801 INFO::Fitting model to feature number 457, semibin_SRR13022452.10
2025-11-26 18:15:37.427134 INFO::Fitting model to feature number 458, semibin_SRR5930518.30
2025-11-26 18:15:37.454553 INFO::Fitting model to feature number 459, metabat_SRR11413620.24
2025-11-26 18:15:37.480154 INFO::Fitting model to feature number 460, semibin_ERR6275672.14
2025-11-26 18:15:37.506024 INFO::Fitting model to feature number 461, semibin_ERR6279669.46_sub
2025-11-26 18:15:37.55607 INFO::Fitting model to feature number 462, semibin_SRR13068839.29
2025-11-26 18:15:37.582861 INFO::Fitting model to feature number 463, semibin_ERR6232521.7
2025-11-26 18:15:37.609823 INFO::Fitting model to feature number 464, maxbin_SRR25825515.010
2025-11-26 18:15:37.637027 INFO::Fitting model to feature number 465, metabat_SRR16554736.34_sub
2025-11-26 18:15:37.664321 INFO::Fitting model to feature number 466, metabat_SRR6000947.61
2025-11-26 18:15:37.691246 INFO::Fitting model to feature number 467, maxbin_SRR16554777.008
2025-11-26 18:15:37.727354 INFO::Fitting model to feature number 468, metabat_ERR12405971.2
2025-11-26 18:15:37.759502 INFO::Fitting model to feature number 469, semibin_ERR12405973.6
2025-11-26 18:15:37.788647 INFO::Fitting model to feature number 470, metabat_SRR13068829.36
2025-11-26 18:15:37.817142 INFO::Fitting model to feature number 471, semibin_SRR16554725.23
2025-11-26 18:15:37.84801 INFO::Fitting model to feature number 472, maxbin_SRR16554634.001
2025-11-26 18:15:37.876448 INFO::Fitting model to feature number 473, maxbin_SRR16554656.001
2025-11-26 18:15:37.904073 INFO::Fitting model to feature number 474, semibin_SRR11413681.96
2025-11-26 18:15:37.931861 INFO::Fitting model to feature number 475, metabat_SRR11413619.66
2025-11-26 18:15:37.958503 INFO::Fitting model to feature number 476, semibin_ERR12406013.35
2025-11-26 18:15:37.985146 INFO::Fitting model to feature number 477, maxbin_ERR6281433.007
2025-11-26 18:15:38.011625 INFO::Fitting model to feature number 478, semibin_SRR23364212.64
2025-11-26 18:15:38.038116 INFO::Fitting model to feature number 479, maxbin_SRR16554654.005
2025-11-26 18:15:38.06874 INFO::Fitting model to feature number 480, semibin_ERR12405969.55
2025-11-26 18:15:38.0969 INFO::Fitting model to feature number 481, metabat_ERR6280948.5
2025-11-26 18:15:38.125416 INFO::Fitting model to feature number 482, metabat_ERR6230326.9
2025-11-26 18:15:38.152042 INFO::Fitting model to feature number 483, maxbin_SRR5930508.014
2025-11-26 18:15:38.178493 INFO::Fitting model to feature number 484, maxbin_SRR25825517.011_sub
2025-11-26 18:15:38.205335 INFO::Fitting model to feature number 485, metabat_ERR6279672.14
2025-11-26 18:15:38.23177 INFO::Fitting model to feature number 486, metabat_SRR6000940.58
2025-11-26 18:15:38.276631 INFO::Fitting model to feature number 487, maxbin_SRR8387707.009
2025-11-26 18:15:38.305744 INFO::Fitting model to feature number 488, maxbin_ERR2162217.004
2025-11-26 18:15:38.332145 INFO::Fitting model to feature number 489, metabat_SRR5930526.41
2025-11-26 18:15:38.358652 INFO::Fitting model to feature number 490, metabat_SRR11413619.35
2025-11-26 18:15:38.385339 INFO::Fitting model to feature number 491, semibin_SRR16168900.4
2025-11-26 18:15:38.413377 INFO::Fitting model to feature number 492, metabat_SRR13022316.9
2025-11-26 18:15:38.444207 INFO::Fitting model to feature number 493, metabat_SRR5930536.81_sub
2025-11-26 18:15:38.473478 INFO::Fitting model to feature number 494, metabat_ERR12406000.21
2025-11-26 18:15:38.499734 INFO::Fitting model to feature number 495, maxbin_SRR8387707.003
2025-11-26 18:15:38.525679 INFO::Fitting model to feature number 496, metabat_SRR13068834.42
2025-11-26 18:15:38.552419 INFO::Fitting model to feature number 497, metabat_SRR16554644.2
2025-11-26 18:15:38.578888 INFO::Fitting model to feature number 498, semibin_SRR6000932.49_sub
2025-11-26 18:15:38.605816 INFO::Fitting model to feature number 499, metabat_SRR11413685.13
2025-11-26 18:15:38.631876 INFO::Fitting model to feature number 500, semibin_ERR12405915.28
2025-11-26 18:15:38.657997 INFO::Fitting model to feature number 501, metabat_SRR20881985.11
2025-11-26 18:15:38.683925 INFO::Fitting model to feature number 502, metabat_SRR16168938.30
2025-11-26 18:15:38.709932 INFO::Fitting model to feature number 503, semibin_SRR11413607.11
2025-11-26 18:15:38.736385 INFO::Fitting model to feature number 504, maxbin_SRR11413653.011
2025-11-26 18:15:38.765951 INFO::Fitting model to feature number 505, semibin_SRR25825504.166
2025-11-26 18:15:38.7949 INFO::Fitting model to feature number 506, semibin_SRR5930501.30_sub
2025-11-26 18:15:38.823705 INFO::Fitting model to feature number 507, metabat_ERR12405933.44
2025-11-26 18:15:38.850189 INFO::Fitting model to feature number 508, maxbin_SRR5930517.002
2025-11-26 18:15:38.87594 INFO::Fitting model to feature number 509, metabat_ERR6264281.57_sub
2025-11-26 18:15:38.901357 INFO::Fitting model to feature number 510, maxbin_ERR6279677.001
2025-11-26 18:15:38.927828 INFO::Fitting model to feature number 511, semibin_SRR25825502.18
2025-11-26 18:15:38.953989 INFO::Fitting model to feature number 512, metabat_ERR6232524.33_sub
2025-11-26 18:15:39.000956 INFO::Fitting model to feature number 513, semibin_SRR5930503.42
2025-11-26 18:15:39.027205 INFO::Fitting model to feature number 514, metabat_ERR12406012.5
2025-11-26 18:15:39.053506 INFO::Fitting model to feature number 515, maxbin_SRR16554772.002
2025-11-26 18:15:39.079422 INFO::Fitting model to feature number 516, semibin_ERR12406012.51
2025-11-26 18:15:39.112249 INFO::Fitting model to feature number 517, semibin_SRR5930509.30
2025-11-26 18:15:39.140263 INFO::Fitting model to feature number 518, metabat_ERR12405976.3_sub
2025-11-26 18:15:39.166363 INFO::Fitting model to feature number 519, maxbin_SRR16554767.018
2025-11-26 18:15:39.191965 INFO::Fitting model to feature number 520, semibin_SRR16554784.38
2025-11-26 18:15:39.217916 INFO::Fitting model to feature number 521, metabat_SRR5930522.13_sub
2025-11-26 18:15:39.244019 INFO::Fitting model to feature number 522, metabat_SRR23364191.39_sub
2025-11-26 18:15:39.270139 INFO::Fitting model to feature number 523, metabat_ERR6281341.9
2025-11-26 18:15:39.29629 INFO::Fitting model to feature number 524, metabat_SRR23364212.36
2025-11-26 18:15:39.322227 INFO::Fitting model to feature number 525, semibin_SRR16554669.51_sub
2025-11-26 18:15:39.348272 INFO::Fitting model to feature number 526, semibin_ERR2162221.24_sub
2025-11-26 18:15:39.374265 INFO::Fitting model to feature number 527, maxbin_ERR6267712.014_sub
2025-11-26 18:15:39.400231 INFO::Fitting model to feature number 528, metabat_ERR6233695.21_sub
2025-11-26 18:15:39.437029 INFO::Fitting model to feature number 529, semibin_SRR13068825.10
2025-11-26 18:15:39.467831 INFO::Fitting model to feature number 530, semibin_SRR13022261.21
2025-11-26 18:15:39.495354 INFO::Fitting model to feature number 531, metabat_SRR13022461.7
2025-11-26 18:15:39.521254 INFO::Fitting model to feature number 532, metabat_SRR16554779.24
2025-11-26 18:15:39.547245 INFO::Fitting model to feature number 533, semibin_SRR5930498.24
2025-11-26 18:15:39.573347 INFO::Fitting model to feature number 534, metabat_SRR16554703.42
2025-11-26 18:15:39.599369 INFO::Fitting model to feature number 535, maxbin_ERR6264280.016_sub
2025-11-26 18:15:39.625726 INFO::Fitting model to feature number 536, metabat_ERR12405981.6
2025-11-26 18:15:39.651564 INFO::Fitting model to feature number 537, semibin_SRR5930502.40
2025-11-26 18:15:39.677984 INFO::Fitting model to feature number 538, metabat_SRR23364239.1
2025-11-26 18:15:39.725797 INFO::Fitting model to feature number 539, semibin_SRR16554789.32
2025-11-26 18:15:39.758871 INFO::Fitting model to feature number 540, semibin_SRR5930501.70
2025-11-26 18:15:39.787091 INFO::Fitting model to feature number 541, metabat_SRR16554638.10
2025-11-26 18:15:39.812801 INFO::Fitting model to feature number 542, metabat_SRR6000905.24
2025-11-26 18:15:39.839277 INFO::Fitting model to feature number 543, maxbin_SRR6000895.005
2025-11-26 18:15:39.864969 INFO::Fitting model to feature number 544, semibin_SRR23364199.26
2025-11-26 18:15:39.891587 INFO::Fitting model to feature number 545, semibin_ERR6279650.30
2025-11-26 18:15:39.918127 INFO::Fitting model to feature number 546, semibin_SRR8387712.32
2025-11-26 18:15:39.944075 INFO::Fitting model to feature number 547, semibin_SRR11413613.11
2025-11-26 18:15:39.970353 INFO::Fitting model to feature number 548, semibin_SRR16554762.1
2025-11-26 18:15:39.996275 INFO::Fitting model to feature number 549, semibin_SRR5930498.111
2025-11-26 18:15:40.022464 INFO::Fitting model to feature number 550, metabat_ERR12405979.25
2025-11-26 18:15:40.048634 INFO::Fitting model to feature number 551, metabat_ERR6275652.12_sub
2025-11-26 18:15:40.085073 INFO::Fitting model to feature number 552, semibin_SRR25825507.51_sub
2025-11-26 18:15:40.112634 INFO::Fitting model to feature number 553, semibin_SRR16554736.23
2025-11-26 18:15:40.138177 INFO::Fitting model to feature number 554, semibin_SRR25825495.1_sub
2025-11-26 18:15:40.164248 INFO::Fitting model to feature number 555, maxbin_SRR16554722.014
2025-11-26 18:15:40.19113 INFO::Fitting model to feature number 556, maxbin_SRR16554753.014
2025-11-26 18:15:40.217716 INFO::Fitting model to feature number 557, semibin_SRR5930504.118_sub
2025-11-26 18:15:40.244485 INFO::Fitting model to feature number 558, metabat_SRR20881986.45
2025-11-26 18:15:40.271686 INFO::Fitting model to feature number 559, maxbin_SRR13022461.002
2025-11-26 18:15:40.298059 INFO::Fitting model to feature number 560, semibin_SRR5930531.66
2025-11-26 18:15:40.324557 INFO::Fitting model to feature number 561, metabat_SRR11413652.31
2025-11-26 18:15:40.350923 INFO::Fitting model to feature number 562, metabat_SRR16554785.19
2025-11-26 18:15:40.376832 INFO::Fitting model to feature number 563, metabat_ERR12405955.34
2025-11-26 18:15:40.430757 INFO::Fitting model to feature number 564, maxbin_SRR5930505.015_sub
2025-11-26 18:15:40.457579 INFO::Fitting model to feature number 565, metabat_SRR8387710.29
2025-11-26 18:15:40.483235 INFO::Fitting model to feature number 566, metabat_SRR6000895.57
2025-11-26 18:15:40.508604 INFO::Fitting model to feature number 567, metabat_SRR11413613.3
2025-11-26 18:15:40.534509 INFO::Fitting model to feature number 568, metabat_ERR12405965.20
2025-11-26 18:15:40.559765 INFO::Fitting model to feature number 569, semibin_ERR12405995.13
2025-11-26 18:15:40.585361 INFO::Fitting model to feature number 570, semibin_SRR23364198.20
2025-11-26 18:15:40.614168 INFO::Fitting model to feature number 571, maxbin_ERR12405931.013
2025-11-26 18:15:40.641848 INFO::Fitting model to feature number 572, metabat_SRR5930532.34_sub
2025-11-26 18:15:40.669361 INFO::Fitting model to feature number 573, maxbin_ERR6233695.024_sub
2025-11-26 18:15:40.695858 INFO::Fitting model to feature number 574, semibin_SRR20881985.46_sub
2025-11-26 18:15:40.721693 INFO::Fitting model to feature number 575, maxbin_SRR11413681.013
2025-11-26 18:15:40.751133 INFO::Fitting model to feature number 576, semibin_SRR23364229.5
2025-11-26 18:15:40.780989 INFO::Fitting model to feature number 577, semibin_SRR5930527.64
2025-11-26 18:15:40.807617 INFO::Fitting model to feature number 578, semibin_SRR5930529.122
2025-11-26 18:15:40.833803 INFO::Fitting model to feature number 579, metabat_ERR6275679.20
2025-11-26 18:15:40.859356 INFO::Fitting model to feature number 580, metabat_ERR6281944.25
2025-11-26 18:15:40.886174 INFO::Fitting model to feature number 581, maxbin_SRR8387679.008
2025-11-26 18:15:40.912599 INFO::Fitting model to feature number 582, semibin_SRR13068849.26
2025-11-26 18:15:40.938553 INFO::Fitting model to feature number 583, semibin_ERR6275674.65
2025-11-26 18:15:40.965015 INFO::Fitting model to feature number 584, metabat_ERR12405922.10_sub
2025-11-26 18:15:40.991227 INFO::Fitting model to feature number 585, metabat_ERR6281941.15
2025-11-26 18:15:41.016911 INFO::Fitting model to feature number 586, metabat_ERR12405947.12_sub
2025-11-26 18:15:41.042664 INFO::Fitting model to feature number 587, maxbin_SRR6000920.039
2025-11-26 18:15:41.069719 INFO::Fitting model to feature number 588, metabat_SRR13068828.25
2025-11-26 18:15:41.103992 INFO::Fitting model to feature number 589, metabat_SRR16554754.14_sub
2025-11-26 18:15:41.151399 INFO::Fitting model to feature number 590, metabat_SRR13068843.21
2025-11-26 18:15:41.177356 INFO::Fitting model to feature number 591, metabat_SRR16554763.38
2025-11-26 18:15:41.203412 INFO::Fitting model to feature number 592, semibin_SRR13068840.28
2025-11-26 18:15:41.229484 INFO::Fitting model to feature number 593, semibin_SRR8387712.8_sub
2025-11-26 18:15:41.256198 INFO::Fitting model to feature number 594, semibin_SRR16554652.24
2025-11-26 18:15:41.282179 INFO::Fitting model to feature number 595, maxbin_SRR5930507.021
2025-11-26 18:15:41.309493 INFO::Fitting model to feature number 596, metabat_SRR13068849.40
2025-11-26 18:15:41.3362 INFO::Fitting model to feature number 597, semibin_SRR5930507.17_sub
2025-11-26 18:15:41.362222 INFO::Fitting model to feature number 598, metabat_SRR5930519.59
2025-11-26 18:15:41.388677 INFO::Fitting model to feature number 599, metabat_SRR11413689.27
2025-11-26 18:15:41.429101 INFO::Fitting model to feature number 600, metabat_SRR20881983.26_sub
2025-11-26 18:15:41.459422 INFO::Fitting model to feature number 601, metabat_SRR6000890.18
2025-11-26 18:15:41.485247 INFO::Fitting model to feature number 602, semibin_ERR12405997.136
2025-11-26 18:15:41.510637 INFO::Fitting model to feature number 603, semibin_SRR23364199.41
2025-11-26 18:15:41.536518 INFO::Fitting model to feature number 604, metabat_SRR16168984.49
2025-11-26 18:15:41.56273 INFO::Fitting model to feature number 605, metabat_ERR12405967.40_sub
2025-11-26 18:15:41.589104 INFO::Fitting model to feature number 606, metabat_SRR16554671.17_sub
2025-11-26 18:15:41.61537 INFO::Fitting model to feature number 607, semibin_SRR16554763.40_sub
2025-11-26 18:15:41.641444 INFO::Fitting model to feature number 608, metabat_ERR12405924.12
2025-11-26 18:15:41.667824 INFO::Fitting model to feature number 609, semibin_SRR5930528.277
2025-11-26 18:15:41.693686 INFO::Fitting model to feature number 610, metabat_ERR12405976.51
2025-11-26 18:15:41.72003 INFO::Fitting model to feature number 611, maxbin_SRR16168969.015
2025-11-26 18:15:41.753494 INFO::Fitting model to feature number 612, metabat_SRR16554773.16
2025-11-26 18:15:41.780713 INFO::Fitting model to feature number 613, metabat_SRR6000893.6
2025-11-26 18:15:41.807157 INFO::Fitting model to feature number 614, maxbin_SRR13022456.004
2025-11-26 18:15:41.854733 INFO::Fitting model to feature number 615, maxbin_ERR2162201.001
2025-11-26 18:15:41.880283 INFO::Fitting model to feature number 616, semibin_SRR16554692.37
2025-11-26 18:15:41.905787 INFO::Fitting model to feature number 617, maxbin_SRR16168926.011
2025-11-26 18:15:41.931617 INFO::Fitting model to feature number 618, metabat_SRR16554660.22
2025-11-26 18:15:41.957949 INFO::Fitting model to feature number 619, maxbin_ERR6282137.011_sub
2025-11-26 18:15:41.983962 INFO::Fitting model to feature number 620, maxbin_SRR16554667.020
2025-11-26 18:15:42.009929 INFO::Fitting model to feature number 621, semibin_ERR2162202.30
2025-11-26 18:15:42.035864 INFO::Fitting model to feature number 622, metabat_SRR11413684.1
2025-11-26 18:15:42.06181 INFO::Fitting model to feature number 623, maxbin_SRR5930508.009
2025-11-26 18:15:42.097695 INFO::Fitting model to feature number 624, maxbin_SRR16554666.010_sub
2025-11-26 18:15:42.126789 INFO::Fitting model to feature number 625, metabat_SRR16554625.19
2025-11-26 18:15:42.153283 INFO::Fitting model to feature number 626, metabat_SRR16554702.8
2025-11-26 18:15:42.179322 INFO::Fitting model to feature number 627, semibin_SRR13022319.17
2025-11-26 18:15:42.208288 INFO::Fitting model to feature number 628, maxbin_SRR16554654.015
2025-11-26 18:15:42.235121 INFO::Fitting model to feature number 629, metabat_ERR2162221.27
2025-11-26 18:15:42.2616 INFO::Fitting model to feature number 630, metabat_SRR6000877.22
2025-11-26 18:15:42.288997 INFO::Fitting model to feature number 631, semibin_ERR6279654.38
2025-11-26 18:15:42.315807 INFO::Fitting model to feature number 632, metabat_SRR8387681.33_sub
2025-11-26 18:15:42.342687 INFO::Fitting model to feature number 633, semibin_SRR16554736.59
2025-11-26 18:15:42.369932 INFO::Fitting model to feature number 634, metabat_SRR20881986.23
2025-11-26 18:15:42.396528 INFO::Fitting model to feature number 635, semibin_SRR20881984.28
2025-11-26 18:15:42.428461 INFO::Fitting model to feature number 636, semibin_SRR20881984.48
2025-11-26 18:15:42.457894 INFO::Fitting model to feature number 637, semibin_ERR12405985.19
2025-11-26 18:15:42.484604 INFO::Fitting model to feature number 638, semibin_ERR12405959.88
2025-11-26 18:15:42.510713 INFO::Fitting model to feature number 639, maxbin_SRR8387683.016_sub
2025-11-26 18:15:42.537233 INFO::Fitting model to feature number 640, maxbin_SRR11413645.020_sub
2025-11-26 18:15:42.585989 INFO::Fitting model to feature number 641, maxbin_SRR23364183.008
2025-11-26 18:15:42.612448 INFO::Fitting model to feature number 642, semibin_SRR5930520.142
2025-11-26 18:15:42.638308 INFO::Fitting model to feature number 643, metabat_ERR6279648.28_sub
2025-11-26 18:15:42.664494 INFO::Fitting model to feature number 644, semibin_SRR16554627.34
2025-11-26 18:15:42.690434 INFO::Fitting model to feature number 645, semibin_SRR16168930.38
2025-11-26 18:15:42.716337 INFO::Fitting model to feature number 646, semibin_SRR16554693.10
2025-11-26 18:15:42.742382 INFO::Fitting model to feature number 647, semibin_ERR12405963.13
2025-11-26 18:15:42.773569 INFO::Fitting model to feature number 648, metabat_SRR16554780.25
2025-11-26 18:15:42.804072 INFO::Fitting model to feature number 649, metabat_ERR12405966.18
2025-11-26 18:15:42.830541 INFO::Fitting model to feature number 650, semibin_SRR5930522.30_sub
2025-11-26 18:15:42.856858 INFO::Fitting model to feature number 651, metabat_SRR16554697.2
2025-11-26 18:15:42.883108 INFO::Fitting model to feature number 652, metabat_SRR16554652.18
2025-11-26 18:15:42.908722 INFO::Fitting model to feature number 653, semibin_SRR16554656.6
2025-11-26 18:15:42.9345 INFO::Fitting model to feature number 654, maxbin_SRR11413608.019_sub
2025-11-26 18:15:42.960049 INFO::Fitting model to feature number 655, maxbin_ERR2162203.009_sub
2025-11-26 18:15:42.985742 INFO::Fitting model to feature number 656, semibin_SRR23364171.89
2025-11-26 18:15:43.01141 INFO::Fitting model to feature number 657, metabat_SRR11413657.18
2025-11-26 18:15:43.037116 INFO::Fitting model to feature number 658, metabat_SRR5930497.69
2025-11-26 18:15:43.062785 INFO::Fitting model to feature number 659, semibin_SRR20881984.27
2025-11-26 18:15:43.088842 INFO::Fitting model to feature number 660, semibin_SRR5930532.101_sub
2025-11-26 18:15:43.122256 INFO::Fitting model to feature number 661, semibin_ERR6275667.19
2025-11-26 18:15:43.152311 INFO::Fitting model to feature number 662, semibin_SRR11413679.3
2025-11-26 18:15:43.178421 INFO::Fitting model to feature number 663, maxbin_SRR11413615.014
2025-11-26 18:15:43.204012 INFO::Fitting model to feature number 664, semibin_SRR6000900.6
2025-11-26 18:15:43.230249 INFO::Fitting model to feature number 665, semibin_SRR13068817.20
2025-11-26 18:15:43.274028 INFO::Fitting model to feature number 666, semibin_SRR23364237.9
2025-11-26 18:15:43.303938 INFO::Fitting model to feature number 667, semibin_ERR12405928.36_sub
2025-11-26 18:15:43.330102 INFO::Fitting model to feature number 668, semibin_ERR6281340.57
2025-11-26 18:15:43.355639 INFO::Fitting model to feature number 669, metabat_SRR5930533.11
2025-11-26 18:15:43.3818 INFO::Fitting model to feature number 670, maxbin_SRR16168909.004_sub
2025-11-26 18:15:43.407369 INFO::Fitting model to feature number 671, semibin_SRR5930516.27_sub
2025-11-26 18:15:43.445142 INFO::Fitting model to feature number 672, metabat_SRR11413611.7
2025-11-26 18:15:43.473854 INFO::Fitting model to feature number 673, metabat_ERR6275669.37
2025-11-26 18:15:43.500695 INFO::Fitting model to feature number 674, semibin_ERR2162215.9
2025-11-26 18:15:43.527 INFO::Fitting model to feature number 675, maxbin_SRR11413646.006_sub
2025-11-26 18:15:43.552973 INFO::Fitting model to feature number 676, maxbin_SRR23364206.033_sub
2025-11-26 18:15:43.578634 INFO::Fitting model to feature number 677, maxbin_SRR11413688.023_sub
2025-11-26 18:15:43.604697 INFO::Fitting model to feature number 678, semibin_ERR12405972.8
2025-11-26 18:15:43.631587 INFO::Fitting model to feature number 679, metabat_SRR5930494.40_sub
2025-11-26 18:15:43.657948 INFO::Fitting model to feature number 680, metabat_SRR16554706.13
2025-11-26 18:15:43.685828 INFO::Fitting model to feature number 681, maxbin_SRR23364202.021
2025-11-26 18:15:43.723381 INFO::Fitting model to feature number 682, metabat_SRR5930527.48
2025-11-26 18:15:43.766576 INFO::Fitting model to feature number 683, semibin_SRR20881977.110
2025-11-26 18:15:43.809017 INFO::Fitting model to feature number 684, semibin_SRR16554696.25
2025-11-26 18:15:43.837873 INFO::Fitting model to feature number 685, metabat_SRR16168902.18
2025-11-26 18:15:43.864779 INFO::Fitting model to feature number 686, metabat_ERR6239139.44
2025-11-26 18:15:43.891695 INFO::Fitting model to feature number 687, maxbin_SRR8387683.026_sub
2025-11-26 18:15:43.918516 INFO::Fitting model to feature number 688, metabat_SRR11413649.18
2025-11-26 18:15:43.944667 INFO::Fitting model to feature number 689, semibin_SRR16554666.90
2025-11-26 18:15:43.971071 INFO::Fitting model to feature number 690, maxbin_SRR16554651.021_sub
2025-11-26 18:15:43.997865 INFO::Fitting model to feature number 691, metabat_SRR16554626.8
2025-11-26 18:15:44.045717 INFO::Fitting model to feature number 692, semibin_SRR5930504.156_sub
2025-11-26 18:15:44.072839 INFO::Fitting model to feature number 693, semibin_ERR12405910.22
2025-11-26 18:15:44.099767 INFO::Fitting model to feature number 694, metabat_SRR11413607.10
2025-11-26 18:15:44.138921 INFO::Fitting model to feature number 695, metabat_SRR16554760.38
2025-11-26 18:15:44.174562 INFO::Fitting model to feature number 696, maxbin_SRR16168929.017
2025-11-26 18:15:44.205487 INFO::Fitting model to feature number 697, metabat_SRR25825515.13
2025-11-26 18:15:44.286264 INFO::Fitting model to feature number 698, semibin_SRR5930505.112
2025-11-26 18:15:44.310808 INFO::Fitting model to feature number 699, metabat_SRR11413618.6_sub
2025-11-26 18:15:44.339612 INFO::Fitting model to feature number 700, semibin_SRR5930521.13
2025-11-26 18:15:44.3692 INFO::Fitting model to feature number 701, semibin_ERR12405959.9
2025-11-26 18:15:44.397922 INFO::Fitting model to feature number 702, semibin_SRR6000902.21
2025-11-26 18:15:44.428024 INFO::Fitting model to feature number 703, semibin_ERR6275661.83
2025-11-26 18:15:44.458122 INFO::Fitting model to feature number 704, semibin_SRR5930519.20
2025-11-26 18:15:44.486353 INFO::Fitting model to feature number 705, maxbin_ERR12405985.002_sub
2025-11-26 18:15:44.52067 INFO::Fitting model to feature number 706, metabat_SRR5930506.22
2025-11-26 18:15:44.548909 INFO::Fitting model to feature number 707, semibin_ERR12405947.51
2025-11-26 18:15:44.57893 INFO::Fitting model to feature number 708, semibin_SRR5930505.26
2025-11-26 18:15:44.632881 INFO::Fitting model to feature number 709, semibin_SRR11413652.34
2025-11-26 18:15:44.661431 INFO::Fitting model to feature number 710, semibin_SRR5930529.25
2025-11-26 18:15:44.690066 INFO::Fitting model to feature number 711, semibin_SRR16554712.24
2025-11-26 18:15:44.717612 INFO::Fitting model to feature number 712, metabat_SRR11413610.43_sub
2025-11-26 18:15:44.74572 INFO::Fitting model to feature number 713, semibin_SRR11413656.47
2025-11-26 18:15:44.772941 INFO::Fitting model to feature number 714, semibin_SRR13068830.16
2025-11-26 18:15:44.809274 INFO::Fitting model to feature number 715, maxbin_ERR6233695.025_sub
2025-11-26 18:15:44.837673 INFO::Fitting model to feature number 716, semibin_SRR5930494.170
2025-11-26 18:15:44.891135 INFO::Fitting model to feature number 717, maxbin_SRR16554735.011
2025-11-26 18:15:44.919191 INFO::Fitting model to feature number 718, semibin_SRR16554702.69
2025-11-26 18:15:44.947323 INFO::Fitting model to feature number 719, semibin_SRR8387681.3
2025-11-26 18:15:44.975219 INFO::Fitting model to feature number 720, metabat_SRR13022394.10
2025-11-26 18:15:45.001605 INFO::Fitting model to feature number 721, semibin_SRR16554632.68
2025-11-26 18:15:45.030781 INFO::Fitting model to feature number 722, semibin_SRR16554652.37
2025-11-26 18:15:45.058364 INFO::Fitting model to feature number 723, metabat_SRR11413614.19
2025-11-26 18:15:45.087462 INFO::Fitting model to feature number 724, semibin_SRR23364207.32
2025-11-26 18:15:45.115595 INFO::Fitting model to feature number 725, semibin_SRR23364192.60
2025-11-26 18:15:45.147933 INFO::Fitting model to feature number 726, maxbin_ERR12405964.003
2025-11-26 18:15:45.176978 INFO::Fitting model to feature number 727, metabat_SRR6000949.15_sub
2025-11-26 18:15:45.205643 INFO::Fitting model to feature number 728, metabat_ERR2162221.41
2025-11-26 18:15:45.233396 INFO::Fitting model to feature number 729, maxbin_ERR12405970.007
2025-11-26 18:15:45.261367 INFO::Fitting model to feature number 730, metabat_SRR5930503.2
2025-11-26 18:15:45.289507 INFO::Fitting model to feature number 731, metabat_SRR25825512.35_sub
2025-11-26 18:15:45.321481 INFO::Fitting model to feature number 732, metabat_SRR16554625.18
2025-11-26 18:15:45.348909 INFO::Fitting model to feature number 733, semibin_SRR6000921.66
2025-11-26 18:15:45.377691 INFO::Fitting model to feature number 734, metabat_ERR12405979.29_sub
2025-11-26 18:15:45.406872 INFO::Fitting model to feature number 735, metabat_SRR20881979.25
2025-11-26 18:15:45.439362 INFO::Fitting model to feature number 736, metabat_ERR12405912.60_sub
2025-11-26 18:15:45.471659 INFO::Fitting model to feature number 737, metabat_SRR5930511.14
2025-11-26 18:15:45.501063 INFO::Fitting model to feature number 738, metabat_SRR25825512.4
2025-11-26 18:15:45.532889 INFO::Fitting model to feature number 739, metabat_SRR11413656.7
2025-11-26 18:15:45.560198 INFO::Fitting model to feature number 740, semibin_ERR6264281.17
2025-11-26 18:15:45.589206 INFO::Fitting model to feature number 741, semibin_SRR25825511.42
2025-11-26 18:15:45.617138 INFO::Fitting model to feature number 742, semibin_SRR25825497.63
2025-11-26 18:15:45.670937 INFO::Fitting model to feature number 743, metabat_ERR6281000.20
2025-11-26 18:15:45.70013 INFO::Fitting model to feature number 744, metabat_SRR16554694.1
2025-11-26 18:15:45.729056 INFO::Fitting model to feature number 745, semibin_ERR6279648.9_sub
2025-11-26 18:15:45.757679 INFO::Fitting model to feature number 746, metabat_ERR12405972.12
2025-11-26 18:15:45.790812 INFO::Fitting model to feature number 747, metabat_SRR16554696.40
2025-11-26 18:15:45.819609 INFO::Fitting model to feature number 748, semibin_ERR6279664.27
2025-11-26 18:15:45.847394 INFO::Fitting model to feature number 749, semibin_ERR2162212.41
2025-11-26 18:15:45.874792 INFO::Fitting model to feature number 750, metabat_SRR20881983.15_sub
2025-11-26 18:15:45.902849 INFO::Fitting model to feature number 751, metabat_SRR8387677.1_sub
2025-11-26 18:15:45.931249 INFO::Fitting model to feature number 752, metabat_ERR12405915.37
2025-11-26 18:15:45.96089 INFO::Fitting model to feature number 753, semibin_SRR6000896.39
2025-11-26 18:15:45.991136 INFO::Fitting model to feature number 754, metabat_SRR5930498.104
2025-11-26 18:15:46.02139 INFO::Fitting model to feature number 755, maxbin_SRR6000949.071
2025-11-26 18:15:46.050186 INFO::Fitting model to feature number 756, maxbin_SRR16554721.036
2025-11-26 18:15:46.077674 INFO::Fitting model to feature number 757, maxbin_ERR12406001.019
2025-11-26 18:15:46.108837 INFO::Fitting model to feature number 758, metabat_SRR5930508.66
2025-11-26 18:15:46.137774 INFO::Fitting model to feature number 759, metabat_SRR25825496.40
2025-11-26 18:15:46.169255 INFO::Fitting model to feature number 760, maxbin_ERR2162220.003
2025-11-26 18:15:46.1984 INFO::Fitting model to feature number 761, metabat_ERR2162206.17
2025-11-26 18:15:46.226782 INFO::Fitting model to feature number 762, metabat_ERR12405944.28_sub
2025-11-26 18:15:46.256349 INFO::Fitting model to feature number 763, semibin_SRR13068826.50
2025-11-26 18:15:46.284774 INFO::Fitting model to feature number 764, maxbin_ERR12405967.017
2025-11-26 18:15:46.313347 INFO::Fitting model to feature number 765, semibin_ERR12405955.92
2025-11-26 18:15:46.342139 INFO::Fitting model to feature number 766, semibin_SRR5930511.23
2025-11-26 18:15:46.368696 INFO::Fitting model to feature number 767, metabat_SRR25825494.29
2025-11-26 18:15:46.415752 INFO::Fitting model to feature number 768, maxbin_SRR16554715.022_sub
2025-11-26 18:15:46.453137 INFO::Fitting model to feature number 769, semibin_SRR5930503.199
2025-11-26 18:15:46.483548 INFO::Fitting model to feature number 770, maxbin_ERR2162201.005
2025-11-26 18:15:46.516147 INFO::Fitting model to feature number 771, maxbin_ERR12405926.036
2025-11-26 18:15:46.544356 INFO::Fitting model to feature number 772, metabat_ERR12405911.26
2025-11-26 18:15:46.57305 INFO::Fitting model to feature number 773, semibin_SRR6000920.16
2025-11-26 18:15:46.600737 INFO::Fitting model to feature number 774, metabat_SRR16554733.8
2025-11-26 18:15:46.630443 INFO::Fitting model to feature number 775, metabat_SRR11413608.104_sub
2025-11-26 18:15:46.659926 INFO::Fitting model to feature number 776, maxbin_SRR16554789.004
2025-11-26 18:15:46.689423 INFO::Fitting model to feature number 777, metabat_SRR13022375.2
2025-11-26 18:15:46.723502 INFO::Fitting model to feature number 778, metabat_SRR13068837.8
2025-11-26 18:15:46.757075 INFO::Fitting model to feature number 779, semibin_ERR12406004.40
2025-11-26 18:15:46.78837 INFO::Fitting model to feature number 780, metabat_SRR16554707.26
2025-11-26 18:15:46.815191 INFO::Fitting model to feature number 781, maxbin_SRR5930494.015_sub
2025-11-26 18:15:46.842603 INFO::Fitting model to feature number 782, metabat_ERR12405920.11_sub
2025-11-26 18:15:46.87131 INFO::Fitting model to feature number 783, semibin_SRR5930527.97
2025-11-26 18:15:46.899652 INFO::Fitting model to feature number 784, metabat_ERR12406003.18
2025-11-26 18:15:46.926266 INFO::Fitting model to feature number 785, semibin_SRR23364193.49_sub
2025-11-26 18:15:46.95311 INFO::Fitting model to feature number 786, metabat_SRR5930506.44_sub
2025-11-26 18:15:46.979789 INFO::Fitting model to feature number 787, semibin_SRR23364199.59
2025-11-26 18:15:47.007397 INFO::Fitting model to feature number 788, metabat_ERR2162221.34
2025-11-26 18:15:47.041171 INFO::Fitting model to feature number 789, metabat_ERR2162207.6
2025-11-26 18:15:47.070682 INFO::Fitting model to feature number 790, semibin_SRR23364227.47
2025-11-26 18:15:47.097743 INFO::Fitting model to feature number 791, metabat_SRR16554726.23
2025-11-26 18:15:47.125446 INFO::Fitting model to feature number 792, metabat_SRR11413645.3
2025-11-26 18:15:47.153595 INFO::Fitting model to feature number 793, semibin_ERR12405974.73
2025-11-26 18:15:47.205282 INFO::Fitting model to feature number 794, maxbin_SRR20881976.003
2025-11-26 18:15:47.231802 INFO::Fitting model to feature number 795, metabat_ERR6282383.6_sub
2025-11-26 18:15:47.259415 INFO::Fitting model to feature number 796, semibin_SRR13068840.58
2025-11-26 18:15:47.290491 INFO::Fitting model to feature number 797, metabat_SRR16554627.12
2025-11-26 18:15:47.323885 INFO::Fitting model to feature number 798, semibin_SRR13022432.11
2025-11-26 18:15:47.35128 INFO::Fitting model to feature number 799, semibin_SRR5930532.139
2025-11-26 18:15:47.380192 INFO::Fitting model to feature number 800, semibin_SRR23364230.133
2025-11-26 18:15:47.408262 INFO::Fitting model to feature number 801, metabat_SRR11413657.82
2025-11-26 18:15:47.435478 INFO::Fitting model to feature number 802, metabat_SRR25825502.19_sub
2025-11-26 18:15:47.46423 INFO::Fitting model to feature number 803, semibin_ERR2162224.69
2025-11-26 18:15:47.492429 INFO::Fitting model to feature number 804, metabat_SRR16554660.12
2025-11-26 18:15:47.520654 INFO::Fitting model to feature number 805, metabat_SRR16554703.48_sub
2025-11-26 18:15:47.547553 INFO::Fitting model to feature number 806, metabat_SRR8387712.29
2025-11-26 18:15:47.575782 INFO::Fitting model to feature number 807, metabat_ERR12406003.42
2025-11-26 18:15:47.60306 INFO::Fitting model to feature number 808, semibin_SRR16554660.75
2025-11-26 18:15:47.629907 INFO::Fitting model to feature number 809, semibin_SRR13022392.16
2025-11-26 18:15:47.663463 INFO::Fitting model to feature number 810, semibin_ERR6279678.42
2025-11-26 18:15:47.696528 INFO::Fitting model to feature number 811, semibin_SRR5930529.60
2025-11-26 18:15:47.723739 INFO::Fitting model to feature number 812, metabat_SRR23364187.17_sub
2025-11-26 18:15:47.751186 INFO::Fitting model to feature number 813, semibin_SRR11413678.27
2025-11-26 18:15:47.779717 INFO::Fitting model to feature number 814, semibin_SRR13068850.87
2025-11-26 18:15:47.807262 INFO::Fitting model to feature number 815, metabat_SRR5930528.60
2025-11-26 18:15:47.834374 INFO::Fitting model to feature number 816, metabat_SRR16168976.16
2025-11-26 18:15:47.861126 INFO::Fitting model to feature number 817, metabat_SRR25825510.42_sub
2025-11-26 18:15:47.8871 INFO::Fitting model to feature number 818, metabat_SRR25825496.19
2025-11-26 18:15:47.932366 INFO::Fitting model to feature number 819, metabat_ERR12405912.7
2025-11-26 18:15:47.976508 INFO::Fitting model to feature number 820, semibin_SRR16554703.88
2025-11-26 18:15:48.004143 INFO::Fitting model to feature number 821, semibin_SRR8387659.60
2025-11-26 18:15:48.032415 INFO::Fitting model to feature number 822, semibin_ERR2162215.11
2025-11-26 18:15:48.060357 INFO::Fitting model to feature number 823, semibin_SRR16554757.33
2025-11-26 18:15:48.089245 INFO::Fitting model to feature number 824, semibin_ERR12405979.55
2025-11-26 18:15:48.117399 INFO::Fitting model to feature number 825, semibin_SRR11413619.16
2025-11-26 18:15:48.145258 INFO::Fitting model to feature number 826, metabat_SRR5930531.61
2025-11-26 18:15:48.171525 INFO::Fitting model to feature number 827, metabat_SRR16168938.24_sub
2025-11-26 18:15:48.19975 INFO::Fitting model to feature number 828, metabat_SRR16554712.21
2025-11-26 18:15:48.227753 INFO::Fitting model to feature number 829, metabat_ERR12405916.32
2025-11-26 18:15:48.255622 INFO::Fitting model to feature number 830, metabat_SRR11413607.56
2025-11-26 18:15:48.287395 INFO::Fitting model to feature number 831, metabat_ERR2162202.27
2025-11-26 18:15:48.316775 INFO::Fitting model to feature number 832, maxbin_SRR13068829.001
2025-11-26 18:15:48.34598 INFO::Fitting model to feature number 833, metabat_ERR2162200.21
2025-11-26 18:15:48.374384 INFO::Fitting model to feature number 834, semibin_SRR16554712.0
2025-11-26 18:15:48.402527 INFO::Fitting model to feature number 835, semibin_ERR2162206.16
2025-11-26 18:15:48.430497 INFO::Fitting model to feature number 836, semibin_SRR11413648.175
2025-11-26 18:15:48.45808 INFO::Fitting model to feature number 837, semibin_SRR16554745.4
2025-11-26 18:15:48.484672 INFO::Fitting model to feature number 838, semibin_SRR5930499.20
2025-11-26 18:15:48.512239 INFO::Fitting model to feature number 839, maxbin_ERR6279657.062_sub
2025-11-26 18:15:48.539568 INFO::Fitting model to feature number 840, semibin_ERR2162202.34
2025-11-26 18:15:48.567721 INFO::Fitting model to feature number 841, semibin_SRR13022375.5
2025-11-26 18:15:48.602881 INFO::Fitting model to feature number 842, semibin_SRR11413649.66
2025-11-26 18:15:48.630748 INFO::Fitting model to feature number 843, metabat_SRR5930503.9_sub
2025-11-26 18:15:48.662128 INFO::Fitting model to feature number 844, metabat_SRR6000877.26
2025-11-26 18:15:48.71417 INFO::Fitting model to feature number 845, metabat_SRR25825502.66
2025-11-26 18:15:48.74283 INFO::Fitting model to feature number 846, semibin_ERR6275673.140
2025-11-26 18:15:48.782059 INFO::Fitting model to feature number 847, maxbin_ERR6254869.013
2025-11-26 18:15:48.810689 INFO::Fitting model to feature number 848, metabat_ERR6275663.46
2025-11-26 18:15:48.838214 INFO::Fitting model to feature number 849, maxbin_SRR5930533.038
2025-11-26 18:15:48.864749 INFO::Fitting model to feature number 850, maxbin_SRR16168909.008
2025-11-26 18:15:48.890483 INFO::Fitting model to feature number 851, maxbin_ERR2162221.009
2025-11-26 18:15:48.923527 INFO::Fitting model to feature number 852, semibin_ERR2162212.116
2025-11-26 18:15:48.953733 INFO::Fitting model to feature number 853, semibin_ERR6279669.86
2025-11-26 18:15:48.985238 INFO::Fitting model to feature number 854, semibin_SRR11413609.20
2025-11-26 18:15:49.011801 INFO::Fitting model to feature number 855, metabat_ERR2162221.49
2025-11-26 18:15:49.038121 INFO::Fitting model to feature number 856, semibin_ERR2162216.86
2025-11-26 18:15:49.06427 INFO::Fitting model to feature number 857, metabat_SRR11413618.74
2025-11-26 18:15:49.091149 INFO::Fitting model to feature number 858, semibin_SRR11413608.70
2025-11-26 18:15:49.117461 INFO::Fitting model to feature number 859, metabat_SRR16554702.30
2025-11-26 18:15:49.14411 INFO::Fitting model to feature number 860, semibin_SRR13068829.32
2025-11-26 18:15:49.170194 INFO::Fitting model to feature number 861, semibin_ERR6275663.49
2025-11-26 18:15:49.197264 INFO::Fitting model to feature number 862, metabat_SRR16554664.18
2025-11-26 18:15:49.223938 INFO::Fitting model to feature number 863, metabat_ERR2162221.56
2025-11-26 18:15:49.250005 INFO::Fitting model to feature number 864, metabat_ERR2162212.52
2025-11-26 18:15:49.28781 INFO::Fitting model to feature number 865, semibin_ERR2162209.4
2025-11-26 18:15:49.315244 INFO::Fitting model to feature number 866, semibin_SRR16554736.70
2025-11-26 18:15:49.340528 INFO::Fitting model to feature number 867, maxbin_SRR16168896.029
2025-11-26 18:15:49.36602 INFO::Fitting model to feature number 868, semibin_SRR23364233.61
2025-11-26 18:15:49.392252 INFO::Fitting model to feature number 869, semibin_SRR5930498.20
2025-11-26 18:15:49.459502 INFO::Fitting model to feature number 870, maxbin_SRR5930503.009
2025-11-26 18:15:49.492061 INFO::Fitting model to feature number 871, metabat_SRR11413685.29
2025-11-26 18:15:49.518018 INFO::Fitting model to feature number 872, metabat_ERR2162205.19
2025-11-26 18:15:49.544492 INFO::Fitting model to feature number 873, semibin_SRR20881974.85
2025-11-26 18:15:49.570259 INFO::Fitting model to feature number 874, semibin_ERR2162221.54
2025-11-26 18:15:49.59806 INFO::Fitting model to feature number 875, semibin_SRR23364235.6
2025-11-26 18:15:49.631882 INFO::Fitting model to feature number 876, semibin_SRR16554736.14
2025-11-26 18:15:49.659262 INFO::Fitting model to feature number 877, semibin_SRR16554703.41
2025-11-26 18:15:49.684926 INFO::Fitting model to feature number 878, semibin_ERR2162221.14
2025-11-26 18:15:49.710385 INFO::Fitting model to feature number 879, semibin_ERR6271721.5_sub
2025-11-26 18:15:49.736237 INFO::Fitting model to feature number 880, metabat_ERR6279670.47
2025-11-26 18:15:49.762034 INFO::Fitting model to feature number 881, metabat_SRR16554703.27
2025-11-26 18:15:49.78794 INFO::Fitting model to feature number 882, semibin_ERR2162221.26
2025-11-26 18:15:49.81402 INFO::Fitting model to feature number 883, metabat_SRR13068834.6
2025-11-26 18:15:49.842296 INFO::Fitting model to feature number 884, semibin_SRR23364192.96
2025-11-26 18:15:49.870556 INFO::Fitting model to feature number 885, semibin_ERR12405967.93
2025-11-26 18:15:49.898506 INFO::Fitting model to feature number 886, semibin_SRR13068829.205
2025-11-26 18:15:49.92805 INFO::Fitting model to feature number 887, maxbin_SRR23364183.002
2025-11-26 18:15:49.963137 INFO::Fitting model to feature number 888, semibin_SRR16554759.10_sub
2025-11-26 18:15:49.991042 INFO::Fitting model to feature number 889, semibin_ERR12406009.9_sub
2025-11-26 18:15:50.018757 INFO::Fitting model to feature number 890, maxbin_SRR8387659.002
2025-11-26 18:15:50.046809 INFO::Fitting model to feature number 891, semibin_ERR6280907.75
2025-11-26 18:15:50.077672 INFO::Fitting model to feature number 892, metabat_SRR5930532.5
2025-11-26 18:15:50.105321 INFO::Fitting model to feature number 893, semibin_SRR11413690.63
2025-11-26 18:15:50.132904 INFO::Fitting model to feature number 894, maxbin_SRR23364229.004
2025-11-26 18:15:50.160203 INFO::Fitting model to feature number 895, semibin_SRR11413606.50
2025-11-26 18:15:50.209221 INFO::Fitting model to feature number 896, maxbin_ERR6232523.003
2025-11-26 18:15:50.235402 INFO::Fitting model to feature number 897, semibin_ERR6267712.18
2025-11-26 18:15:50.266928 INFO::Fitting model to feature number 898, semibin_SRR5930495.44
2025-11-26 18:15:50.293138 INFO::Fitting model to feature number 899, maxbin_SRR16554752.002
2025-11-26 18:15:50.321008 INFO::Fitting model to feature number 900, metabat_SRR5930498.82
2025-11-26 18:15:50.347684 INFO::Fitting model to feature number 901, semibin_SRR25825510.41_sub
2025-11-26 18:15:50.374563 INFO::Fitting model to feature number 902, semibin_ERR6279674.8
2025-11-26 18:15:50.399866 INFO::Fitting model to feature number 903, maxbin_ERR6281505.022
2025-11-26 18:15:50.425979 INFO::Fitting model to feature number 904, maxbin_ERR6279662.030
2025-11-26 18:15:50.452232 INFO::Fitting model to feature number 905, metabat_SRR16168920.1
2025-11-26 18:15:50.478028 INFO::Fitting model to feature number 906, maxbin_SRR11413648.001
2025-11-26 18:15:50.504023 INFO::Fitting model to feature number 907, metabat_ERR6279625.46
2025-11-26 18:15:50.530321 INFO::Fitting model to feature number 908, semibin_SRR6000903.13
2025-11-26 18:15:50.5583 INFO::Fitting model to feature number 909, maxbin_SRR23364204.024
2025-11-26 18:15:50.588702 INFO::Fitting model to feature number 910, metabat_SRR5930506.9_sub
2025-11-26 18:15:50.618247 INFO::Fitting model to feature number 911, metabat_ERR6243878.23_sub
2025-11-26 18:15:50.647122 INFO::Fitting model to feature number 912, metabat_SRR16168986.5
2025-11-26 18:15:50.672957 INFO::Fitting model to feature number 913, maxbin_ERR6279614.017_sub
2025-11-26 18:15:50.699171 INFO::Fitting model to feature number 914, maxbin_ERR6279679.012
2025-11-26 18:15:50.726088 INFO::Fitting model to feature number 915, semibin_ERR6279668.12
2025-11-26 18:15:50.752637 INFO::Fitting model to feature number 916, metabat_ERR6279677.48_sub
2025-11-26 18:15:50.780643 INFO::Fitting model to feature number 917, semibin_SRR16554652.75
2025-11-26 18:15:50.808564 INFO::Fitting model to feature number 918, maxbin_SRR25825517.033_sub
2025-11-26 18:15:50.834616 INFO::Fitting model to feature number 919, metabat_ERR12405950.7
2025-11-26 18:15:50.861309 INFO::Fitting model to feature number 920, metabat_SRR13068843.53_sub
2025-11-26 18:15:50.888212 INFO::Fitting model to feature number 921, maxbin_ERR6280910.023_sub
2025-11-26 18:15:50.944701 INFO::Fitting model to feature number 922, semibin_SRR11413645.40
2025-11-26 18:15:50.972807 INFO::Fitting model to feature number 923, semibin_SRR11413614.4
2025-11-26 18:15:51.00021 INFO::Fitting model to feature number 924, metabat_ERR6232458.6
2025-11-26 18:15:51.0271 INFO::Fitting model to feature number 925, semibin_SRR11413686.11
2025-11-26 18:15:51.05394 INFO::Fitting model to feature number 926, metabat_ERR6279658.3
2025-11-26 18:15:51.079758 INFO::Fitting model to feature number 927, maxbin_SRR16168920.025
2025-11-26 18:15:51.105652 INFO::Fitting model to feature number 928, metabat_SRR25825508.34_sub
2025-11-26 18:15:51.130807 INFO::Fitting model to feature number 929, semibin_ERR6279661.80
2025-11-26 18:15:51.157288 INFO::Fitting model to feature number 930, metabat_ERR12405928.49
2025-11-26 18:15:51.18419 INFO::Fitting model to feature number 931, maxbin_SRR5930498.027
2025-11-26 18:15:51.210375 INFO::Fitting model to feature number 932, semibin_SRR13022297.24
2025-11-26 18:15:51.236079 INFO::Fitting model to feature number 933, semibin_SRR5930517.113
2025-11-26 18:15:51.267413 INFO::Fitting model to feature number 934, maxbin_SRR13068814.028
2025-11-26 18:15:51.293484 INFO::Fitting model to feature number 935, maxbin_ERR6279659.009_sub
2025-11-26 18:15:51.323311 INFO::Fitting model to feature number 936, maxbin_SRR16554720.002
2025-11-26 18:15:51.350029 INFO::Fitting model to feature number 937, semibin_SRR6000900.14
2025-11-26 18:15:51.375535 INFO::Fitting model to feature number 938, metabat_ERR6279665.25
2025-11-26 18:15:51.400483 INFO::Fitting model to feature number 939, metabat_SRR16168974.17
2025-11-26 18:15:51.426534 INFO::Fitting model to feature number 940, semibin_ERR12405961.27
2025-11-26 18:15:51.452355 INFO::Fitting model to feature number 941, maxbin_ERR6281000.059
2025-11-26 18:15:51.480601 INFO::Fitting model to feature number 942, semibin_SRR5930520.79_sub
2025-11-26 18:15:51.509508 INFO::Fitting model to feature number 943, metabat_SRR6000874.22_sub
2025-11-26 18:15:51.535369 INFO::Fitting model to feature number 944, maxbin_ERR6279673.036
2025-11-26 18:15:51.560881 INFO::Fitting model to feature number 945, metabat_ERR6281500.12
2025-11-26 18:15:51.590746 INFO::Fitting model to feature number 946, metabat_SRR5930516.91
2025-11-26 18:15:51.641745 INFO::Fitting model to feature number 947, maxbin_SRR16554636.003
2025-11-26 18:15:51.671313 INFO::Fitting model to feature number 948, metabat_SRR16554652.48
2025-11-26 18:15:51.700301 INFO::Fitting model to feature number 949, metabat_ERR6275663.38
2025-11-26 18:15:51.727009 INFO::Fitting model to feature number 950, semibin_SRR11413614.13
2025-11-26 18:15:51.754267 INFO::Fitting model to feature number 951, semibin_ERR6281434.39
2025-11-26 18:15:51.781389 INFO::Fitting model to feature number 952, semibin_SRR5930532.36
2025-11-26 18:15:51.808017 INFO::Fitting model to feature number 953, metabat_SRR16168976.38
2025-11-26 18:15:51.834426 INFO::Fitting model to feature number 954, semibin_SRR6000891.14
2025-11-26 18:15:51.860522 INFO::Fitting model to feature number 955, semibin_SRR20881976.80
2025-11-26 18:15:51.887363 INFO::Fitting model to feature number 956, semibin_ERR6281448.54
2025-11-26 18:15:51.913389 INFO::Fitting model to feature number 957, maxbin_SRR11413653.009
2025-11-26 18:15:51.946205 INFO::Fitting model to feature number 958, maxbin_SRR11413690.006
2025-11-26 18:15:51.974148 INFO::Fitting model to feature number 959, metabat_SRR13068843.68
2025-11-26 18:15:52.000458 INFO::Fitting model to feature number 960, semibin_ERR6275676.56
2025-11-26 18:15:52.026791 INFO::Fitting model to feature number 961, maxbin_SRR5930515.026_sub
2025-11-26 18:15:52.052635 INFO::Fitting model to feature number 962, maxbin_SRR16168974.016_sub
2025-11-26 18:15:52.078445 INFO::Fitting model to feature number 963, maxbin_SRR5930495.007_sub
2025-11-26 18:15:52.103935 INFO::Fitting model to feature number 964, metabat_ERR6271721.58
2025-11-26 18:15:52.129947 INFO::Fitting model to feature number 965, maxbin_SRR11413687.011
2025-11-26 18:15:52.156012 INFO::Fitting model to feature number 966, metabat_SRR23364171.31
2025-11-26 18:15:52.181958 INFO::Fitting model to feature number 967, metabat_ERR6232523.10
2025-11-26 18:15:52.20694 INFO::Fitting model to feature number 968, metabat_SRR23364216.19_sub
2025-11-26 18:15:52.232579 INFO::Fitting model to feature number 969, metabat_ERR6279626.27
2025-11-26 18:15:52.258135 INFO::Fitting model to feature number 970, semibin_ERR6280910.39
2025-11-26 18:15:52.290741 INFO::Fitting model to feature number 971, maxbin_ERR6231548.005
2025-11-26 18:15:52.318468 INFO::Fitting model to feature number 972, maxbin_SRR16554788.028_sub
2025-11-26 18:15:52.365961 INFO::Fitting model to feature number 973, metabat_ERR6279664.11
2025-11-26 18:15:52.392213 INFO::Fitting model to feature number 974, semibin_SRR5930507.86
2025-11-26 18:15:52.417998 INFO::Fitting model to feature number 975, metabat_SRR16554728.6
2025-11-26 18:15:52.443548 INFO::Fitting model to feature number 976, semibin_SRR16168985.16
2025-11-26 18:15:52.469579 INFO::Fitting model to feature number 977, metabat_SRR25825497.15
2025-11-26 18:15:52.495456 INFO::Fitting model to feature number 978, semibin_ERR2162203.14
2025-11-26 18:15:52.521537 INFO::Fitting model to feature number 979, semibin_SRR11413647.21
2025-11-26 18:15:52.547096 INFO::Fitting model to feature number 980, metabat_SRR16554734.17
2025-11-26 18:15:52.572738 INFO::Fitting model to feature number 981, maxbin_SRR5930510.007_sub
2025-11-26 18:15:52.602258 INFO::Fitting model to feature number 982, semibin_SRR5930528.71
2025-11-26 18:15:52.630994 INFO::Fitting model to feature number 983, metabat_ERR12405979.31
2025-11-26 18:15:52.659598 INFO::Fitting model to feature number 984, maxbin_SRR11413617.028_sub
2025-11-26 18:15:52.686617 INFO::Fitting model to feature number 985, semibin_SRR25825497.40_sub
2025-11-26 18:15:52.713306 INFO::Fitting model to feature number 986, semibin_ERR6275681.3
2025-11-26 18:15:52.740592 INFO::Fitting model to feature number 987, semibin_SRR13022404.15
2025-11-26 18:15:52.7678 INFO::Fitting model to feature number 988, semibin_SRR13068818.12_sub
2025-11-26 18:15:52.793405 INFO::Fitting model to feature number 989, semibin_SRR6000905.76
2025-11-26 18:15:52.820317 INFO::Fitting model to feature number 990, metabat_SRR25825510.56
2025-11-26 18:15:52.84728 INFO::Fitting model to feature number 991, metabat_SRR5930516.94
2025-11-26 18:15:52.873732 INFO::Fitting model to feature number 992, metabat_SRR16554788.7
2025-11-26 18:15:52.900283 INFO::Fitting model to feature number 993, semibin_ERR6279669.82
2025-11-26 18:15:52.926348 INFO::Fitting model to feature number 994, maxbin_SRR16168918.042_sub
2025-11-26 18:15:52.961673 INFO::Fitting model to feature number 995, metabat_ERR6279654.11
2025-11-26 18:15:52.9881 INFO::Fitting model to feature number 996, metabat_ERR6279619.19_sub
2025-11-26 18:15:53.017486 INFO::Fitting model to feature number 997, metabat_ERR6275652.18
2025-11-26 18:15:53.065271 INFO::Fitting model to feature number 998, semibin_ERR12405920.42
2025-11-26 18:15:53.092134 INFO::Fitting model to feature number 999, metabat_SRR6000906.41
2025-11-26 18:15:53.118344 INFO::Fitting model to feature number 1000, semibin_SRR6000908.42_sub
2025-11-26 18:15:53.1443 INFO::Fitting model to feature number 1001, semibin_SRR25825513.40
2025-11-26 18:15:53.170088 INFO::Fitting model to feature number 1002, metabat_SRR25825505.1
2025-11-26 18:15:53.195723 INFO::Fitting model to feature number 1003, semibin_SRR16554773.62
2025-11-26 18:15:53.222093 INFO::Fitting model to feature number 1004, metabat_ERR6281000.13
2025-11-26 18:15:53.248184 INFO::Fitting model to feature number 1005, metabat_ERR6279661.17
2025-11-26 18:15:53.283599 INFO::Fitting model to feature number 1006, semibin_ERR6279673.83
2025-11-26 18:15:53.311428 INFO::Fitting model to feature number 1007, maxbin_SRR13068813.004
2025-11-26 18:15:53.338027 INFO::Fitting model to feature number 1008, metabat_ERR6279652.12
2025-11-26 18:15:53.364266 INFO::Fitting model to feature number 1009, semibin_SRR5930498.70
2025-11-26 18:15:53.38962 INFO::Fitting model to feature number 1010, semibin_SRR16554756.28
2025-11-26 18:15:53.415507 INFO::Fitting model to feature number 1011, maxbin_SRR16554767.001
2025-11-26 18:15:53.441419 INFO::Fitting model to feature number 1012, maxbin_SRR5930494.018
2025-11-26 18:15:53.467581 INFO::Fitting model to feature number 1013, metabat_SRR5930534.8_sub
2025-11-26 18:15:53.495232 INFO::Fitting model to feature number 1014, semibin_SRR16554643.19
2025-11-26 18:15:53.524177 INFO::Fitting model to feature number 1015, metabat_SRR20881981.18
2025-11-26 18:15:53.549954 INFO::Fitting model to feature number 1016, metabat_SRR16554653.16
2025-11-26 18:15:53.575059 INFO::Fitting model to feature number 1017, metabat_ERR6275678.16
2025-11-26 18:15:53.605515 INFO::Fitting model to feature number 1018, metabat_ERR6275677.54
2025-11-26 18:15:53.637088 INFO::Fitting model to feature number 1019, metabat_SRR5930509.43
2025-11-26 18:15:53.665322 INFO::Fitting model to feature number 1020, semibin_SRR20881980.162
2025-11-26 18:15:53.691728 INFO::Fitting model to feature number 1021, semibin_SRR5930536.9
2025-11-26 18:15:53.719176 INFO::Fitting model to feature number 1022, maxbin_SRR16554689.002
2025-11-26 18:15:53.74538 INFO::Fitting model to feature number 1023, maxbin_ERR12405962.006
2025-11-26 18:15:53.793228 INFO::Fitting model to feature number 1024, maxbin_ERR6232522.003
2025-11-26 18:15:53.819062 INFO::Fitting model to feature number 1025, semibin_SRR11413613.34
2025-11-26 18:15:53.844621 INFO::Fitting model to feature number 1026, semibin_ERR6273965.44_sub
2025-11-26 18:15:53.87005 INFO::Fitting model to feature number 1027, metabat_ERR6279683.9
2025-11-26 18:15:53.895057 INFO::Fitting model to feature number 1028, maxbin_SRR16168941.009_sub
2025-11-26 18:15:53.920753 INFO::Fitting model to feature number 1029, maxbin_ERR12405975.009_sub
2025-11-26 18:15:53.957332 INFO::Fitting model to feature number 1030, metabat_SRR23364213.66
2025-11-26 18:15:53.984668 INFO::Fitting model to feature number 1031, metabat_SRR16168984.8_sub
2025-11-26 18:15:54.009547 INFO::Fitting model to feature number 1032, semibin_ERR6279627.38
2025-11-26 18:15:54.035765 INFO::Fitting model to feature number 1033, metabat_SRR5930528.116
2025-11-26 18:15:54.061847 INFO::Fitting model to feature number 1034, semibin_ERR12405921.38
2025-11-26 18:15:54.088176 INFO::Fitting model to feature number 1035, metabat_ERR12405974.29
2025-11-26 18:15:54.114164 INFO::Fitting model to feature number 1036, semibin_ERR6279619.56
2025-11-26 18:15:54.139344 INFO::Fitting model to feature number 1037, metabat_SRR11413680.4
2025-11-26 18:15:54.165732 INFO::Fitting model to feature number 1038, semibin_SRR25825495.18
2025-11-26 18:15:54.191626 INFO::Fitting model to feature number 1039, semibin_SRR16554649.27
2025-11-26 18:15:54.217365 INFO::Fitting model to feature number 1040, semibin_ERR6279676.4
2025-11-26 18:15:54.249408 INFO::Fitting model to feature number 1041, semibin_SRR5930514.44
2025-11-26 18:15:54.278405 INFO::Fitting model to feature number 1042, semibin_ERR6232425.9
2025-11-26 18:15:54.307395 INFO::Fitting model to feature number 1043, semibin_ERR6279650.29
2025-11-26 18:15:54.333003 INFO::Fitting model to feature number 1044, metabat_ERR6281432.38
2025-11-26 18:15:54.358743 INFO::Fitting model to feature number 1045, metabat_SRR16554627.10
2025-11-26 18:15:54.383288 INFO::Fitting model to feature number 1046, maxbin_ERR6281500.022
2025-11-26 18:15:54.409912 INFO::Fitting model to feature number 1047, metabat_SRR13068841.11
2025-11-26 18:15:54.435872 INFO::Fitting model to feature number 1048, semibin_SRR5930518.8
2025-11-26 18:15:54.482039 INFO::Fitting model to feature number 1049, semibin_ERR12405915.41_sub
2025-11-26 18:15:54.508083 INFO::Fitting model to feature number 1050, maxbin_SRR5930512.005_sub
2025-11-26 18:15:54.534265 INFO::Fitting model to feature number 1051, maxbin_SRR16554760.002
2025-11-26 18:15:54.564925 INFO::Fitting model to feature number 1052, maxbin_ERR6279660.002
2025-11-26 18:15:54.593198 INFO::Fitting model to feature number 1053, semibin_SRR13068843.60_sub
2025-11-26 18:15:54.618889 INFO::Fitting model to feature number 1054, metabat_ERR6281342.23
2025-11-26 18:15:54.643666 INFO::Fitting model to feature number 1055, maxbin_ERR6279660.006
2025-11-26 18:15:54.670643 INFO::Fitting model to feature number 1056, semibin_ERR12406002.2
2025-11-26 18:15:54.696539 INFO::Fitting model to feature number 1057, semibin_ERR6279626.75
2025-11-26 18:15:54.722255 INFO::Fitting model to feature number 1058, metabat_ERR6279625.36
2025-11-26 18:15:54.747322 INFO::Fitting model to feature number 1059, metabat_SRR16168976.72
2025-11-26 18:15:54.773338 INFO::Fitting model to feature number 1060, metabat_SRR6000940.3
2025-11-26 18:15:54.799222 INFO::Fitting model to feature number 1061, semibin_SRR5930501.110_sub
2025-11-26 18:15:54.824737 INFO::Fitting model to feature number 1062, metabat_ERR6279677.5
2025-11-26 18:15:54.852821 INFO::Fitting model to feature number 1063, maxbin_SRR11413615.001
2025-11-26 18:15:54.884056 INFO::Fitting model to feature number 1064, semibin_SRR16554652.103
2025-11-26 18:15:54.912953 INFO::Fitting model to feature number 1065, semibin_SRR11413657.19
2025-11-26 18:15:54.93837 INFO::Fitting model to feature number 1066, metabat_SRR25825503.11
2025-11-26 18:15:54.965113 INFO::Fitting model to feature number 1067, semibin_SRR16554673.8
2025-11-26 18:15:54.991189 INFO::Fitting model to feature number 1068, maxbin_SRR16554751.003
2025-11-26 18:15:55.017395 INFO::Fitting model to feature number 1069, maxbin_ERR12405942.013
2025-11-26 18:15:55.042669 INFO::Fitting model to feature number 1070, metabat_ERR6279655.17_sub
2025-11-26 18:15:55.067415 INFO::Fitting model to feature number 1071, maxbin_ERR6279654.010
2025-11-26 18:15:55.093429 INFO::Fitting model to feature number 1072, metabat_ERR6279654.3_sub
2025-11-26 18:15:55.120163 INFO::Fitting model to feature number 1073, semibin_SRR5930529.2
2025-11-26 18:15:55.145972 INFO::Fitting model to feature number 1074, semibin_ERR12405928.45
2025-11-26 18:15:55.201808 INFO::Fitting model to feature number 1075, maxbin_SRR20881977.005
2025-11-26 18:15:55.22949 INFO::Fitting model to feature number 1076, metabat_ERR6248618.9
2025-11-26 18:15:55.254838 INFO::Fitting model to feature number 1077, maxbin_ERR12405949.018
2025-11-26 18:15:55.279856 INFO::Fitting model to feature number 1078, maxbin_SRR5930501.009
2025-11-26 18:15:55.305881 INFO::Fitting model to feature number 1079, semibin_ERR12405937.35
2025-11-26 18:15:55.331062 INFO::Fitting model to feature number 1080, semibin_SRR16554767.32
2025-11-26 18:15:55.356857 INFO::Fitting model to feature number 1081, metabat_SRR16554704.3
2025-11-26 18:15:55.381844 INFO::Fitting model to feature number 1082, metabat_SRR23364174.22
2025-11-26 18:15:55.407881 INFO::Fitting model to feature number 1083, metabat_ERR12405992.29
2025-11-26 18:15:55.434455 INFO::Fitting model to feature number 1084, maxbin_SRR5930514.003
2025-11-26 18:15:55.460553 INFO::Fitting model to feature number 1085, maxbin_ERR6281499.005
2025-11-26 18:15:55.492099 INFO::Fitting model to feature number 1086, metabat_SRR5930498.86
2025-11-26 18:15:55.527648 INFO::Fitting model to feature number 1087, metabat_ERR12405949.35
2025-11-26 18:15:55.556076 INFO::Fitting model to feature number 1088, semibin_SRR11413614.58
2025-11-26 18:15:55.582561 INFO::Fitting model to feature number 1089, metabat_SRR5930523.19
2025-11-26 18:15:55.609012 INFO::Fitting model to feature number 1090, maxbin_ERR6267711.006
2025-11-26 18:15:55.635347 INFO::Fitting model to feature number 1091, semibin_SRR25825500.25
2025-11-26 18:15:55.66239 INFO::Fitting model to feature number 1092, metabat_ERR6279675.42
2025-11-26 18:15:55.68922 INFO::Fitting model to feature number 1093, maxbin_SRR5930506.016_sub
2025-11-26 18:15:55.716537 INFO::Fitting model to feature number 1094, semibin_ERR6279621.6
2025-11-26 18:15:55.743767 INFO::Fitting model to feature number 1095, metabat_SRR23364223.20
2025-11-26 18:15:55.770714 INFO::Fitting model to feature number 1096, metabat_ERR6254870.14
2025-11-26 18:15:55.79661 INFO::Fitting model to feature number 1097, semibin_SRR11413618.78
2025-11-26 18:15:55.828712 INFO::Fitting model to feature number 1098, maxbin_SRR16168942.005
2025-11-26 18:15:55.856548 INFO::Fitting model to feature number 1099, semibin_SRR16168982.36
2025-11-26 18:15:55.904413 INFO::Fitting model to feature number 1100, semibin_ERR12405969.59
2025-11-26 18:15:55.929564 INFO::Fitting model to feature number 1101, semibin_SRR5930514.18
2025-11-26 18:15:55.954799 INFO::Fitting model to feature number 1102, semibin_ERR6275661.76
2025-11-26 18:15:55.980354 INFO::Fitting model to feature number 1103, maxbin_SRR16554639.004
2025-11-26 18:15:56.006129 INFO::Fitting model to feature number 1104, semibin_SRR5930528.176
2025-11-26 18:15:56.031195 INFO::Fitting model to feature number 1105, semibin_ERR12405970.54
2025-11-26 18:15:56.055983 INFO::Fitting model to feature number 1106, metabat_ERR12405940.8
2025-11-26 18:15:56.081845 INFO::Fitting model to feature number 1107, semibin_SRR5930529.29
2025-11-26 18:15:56.107418 INFO::Fitting model to feature number 1108, metabat_SRR25825496.23
2025-11-26 18:15:56.138517 INFO::Fitting model to feature number 1109, semibin_SRR5930533.29
2025-11-26 18:15:56.166024 INFO::Fitting model to feature number 1110, metabat_ERR6279682.1
2025-11-26 18:15:56.192227 INFO::Fitting model to feature number 1111, semibin_SRR16554721.63
2025-11-26 18:15:56.218131 INFO::Fitting model to feature number 1112, metabat_SRR16168974.3
2025-11-26 18:15:56.243604 INFO::Fitting model to feature number 1113, semibin_ERR12406004.33
2025-11-26 18:15:56.269337 INFO::Fitting model to feature number 1114, maxbin_SRR13022436.003
2025-11-26 18:15:56.295952 INFO::Fitting model to feature number 1115, semibin_ERR6232527.15
2025-11-26 18:15:56.321601 INFO::Fitting model to feature number 1116, semibin_SRR23364174.31
2025-11-26 18:15:56.347305 INFO::Fitting model to feature number 1117, maxbin_ERR12405949.005
2025-11-26 18:15:56.373717 INFO::Fitting model to feature number 1118, semibin_ERR12405929.26
2025-11-26 18:15:56.399744 INFO::Fitting model to feature number 1119, semibin_ERR12405993.20
2025-11-26 18:15:56.425491 INFO::Fitting model to feature number 1120, maxbin_ERR12405929.007
2025-11-26 18:15:56.45967 INFO::Fitting model to feature number 1121, semibin_ERR12405968.41
2025-11-26 18:15:56.485656 INFO::Fitting model to feature number 1122, semibin_ERR6275680.2_sub
2025-11-26 18:15:56.514145 INFO::Fitting model to feature number 1123, metabat_SRR16168940.8
2025-11-26 18:15:56.538934 INFO::Fitting model to feature number 1124, metabat_SRR5930534.33
2025-11-26 18:15:56.563655 INFO::Fitting model to feature number 1125, maxbin_SRR16554647.011_sub
2025-11-26 18:15:56.61121 INFO::Fitting model to feature number 1126, semibin_SRR16554750.10
2025-11-26 18:15:56.636675 INFO::Fitting model to feature number 1127, maxbin_SRR16554636.001
2025-11-26 18:15:56.662564 INFO::Fitting model to feature number 1128, semibin_ERR6281505.10
2025-11-26 18:15:56.68833 INFO::Fitting model to feature number 1129, maxbin_SRR16554718.005
2025-11-26 18:15:56.714352 INFO::Fitting model to feature number 1130, metabat_SRR16554756.5
2025-11-26 18:15:56.741471 INFO::Fitting model to feature number 1131, semibin_SRR11413656.22
2025-11-26 18:15:56.77179 INFO::Fitting model to feature number 1132, semibin_SRR23364225.25
2025-11-26 18:15:56.799553 INFO::Fitting model to feature number 1133, metabat_ERR12405955.69
2025-11-26 18:15:56.830968 INFO::Fitting model to feature number 1134, semibin_SRR16554723.44
2025-11-26 18:15:56.857753 INFO::Fitting model to feature number 1135, maxbin_ERR12405924.002
2025-11-26 18:15:56.883532 INFO::Fitting model to feature number 1136, maxbin_SRR11413649.022
2025-11-26 18:15:56.910236 INFO::Fitting model to feature number 1137, metabat_SRR16554766.13
2025-11-26 18:15:56.936794 INFO::Fitting model to feature number 1138, semibin_ERR12405971.1
2025-11-26 18:15:56.96316 INFO::Fitting model to feature number 1139, metabat_SRR23364240.2
2025-11-26 18:15:56.989197 INFO::Fitting model to feature number 1140, semibin_ERR6281677.29
2025-11-26 18:15:57.01642 INFO::Fitting model to feature number 1141, metabat_SRR16554786.23
2025-11-26 18:15:57.042888 INFO::Fitting model to feature number 1142, semibin_SRR11413654.21
2025-11-26 18:15:57.068696 INFO::Fitting model to feature number 1143, maxbin_SRR11413614.007_sub
2025-11-26 18:15:57.106321 INFO::Fitting model to feature number 1144, metabat_SRR25825495.14
2025-11-26 18:15:57.134486 INFO::Fitting model to feature number 1145, semibin_SRR11413683.194
2025-11-26 18:15:57.161369 INFO::Fitting model to feature number 1146, metabat_SRR25825510.12_sub
2025-11-26 18:15:57.189327 INFO::Fitting model to feature number 1147, semibin_SRR16554769.96
2025-11-26 18:15:57.216471 INFO::Fitting model to feature number 1148, maxbin_SRR23364203.002
2025-11-26 18:15:57.245682 INFO::Fitting model to feature number 1149, maxbin_SRR16168984.014_sub
2025-11-26 18:15:57.27178 INFO::Fitting model to feature number 1150, maxbin_ERR6275659.013_sub
2025-11-26 18:15:57.317623 INFO::Fitting model to feature number 1151, metabat_ERR6281434.55
2025-11-26 18:15:57.343654 INFO::Fitting model to feature number 1152, semibin_ERR6279674.62
2025-11-26 18:15:57.369711 INFO::Fitting model to feature number 1153, metabat_SRR11413654.23
2025-11-26 18:15:57.404544 INFO::Fitting model to feature number 1154, semibin_SRR11413613.2
2025-11-26 18:15:57.433954 INFO::Fitting model to feature number 1155, semibin_ERR6267712.36
2025-11-26 18:15:57.465602 INFO::Fitting model to feature number 1156, metabat_SRR13068816.1
2025-11-26 18:15:57.491887 INFO::Fitting model to feature number 1157, maxbin_SRR16554719.004
2025-11-26 18:15:57.517963 INFO::Fitting model to feature number 1158, maxbin_SRR8387676.006
2025-11-26 18:15:57.542978 INFO::Fitting model to feature number 1159, metabat_SRR23364191.23_sub
2025-11-26 18:15:57.568748 INFO::Fitting model to feature number 1160, semibin_ERR6275666.3
2025-11-26 18:15:57.595377 INFO::Fitting model to feature number 1161, metabat_SRR8387710.43
2025-11-26 18:15:57.621221 INFO::Fitting model to feature number 1162, metabat_ERR6281997.20
2025-11-26 18:15:57.646976 INFO::Fitting model to feature number 1163, metabat_SRR23364237.27
2025-11-26 18:15:57.672488 INFO::Fitting model to feature number 1164, semibin_SRR13068827.60
2025-11-26 18:15:57.697767 INFO::Fitting model to feature number 1165, metabat_SRR5930501.14
2025-11-26 18:15:57.736113 INFO::Fitting model to feature number 1166, semibin_ERR6275676.34
2025-11-26 18:15:57.766102 INFO::Fitting model to feature number 1167, maxbin_SRR13068845.006_sub
2025-11-26 18:15:57.791476 INFO::Fitting model to feature number 1168, semibin_ERR12405949.11_sub
2025-11-26 18:15:57.816995 INFO::Fitting model to feature number 1169, semibin_SRR5930494.69
2025-11-26 18:15:57.843358 INFO::Fitting model to feature number 1170, semibin_ERR12405958.10
2025-11-26 18:15:57.869725 INFO::Fitting model to feature number 1171, metabat_SRR16554636.2
2025-11-26 18:15:57.894816 INFO::Fitting model to feature number 1172, maxbin_SRR16168975.004
2025-11-26 18:15:57.920991 INFO::Fitting model to feature number 1173, semibin_SRR25825499.74
2025-11-26 18:15:57.947377 INFO::Fitting model to feature number 1174, metabat_ERR6232458.5
2025-11-26 18:15:57.973191 INFO::Fitting model to feature number 1175, maxbin_SRR25825518.002
2025-11-26 18:15:57.998694 INFO::Fitting model to feature number 1176, metabat_ERR6281518.58_sub
2025-11-26 18:15:58.055395 INFO::Fitting model to feature number 1177, metabat_SRR13022427.3_sub
2025-11-26 18:15:58.081749 INFO::Fitting model to feature number 1178, semibin_ERR12406003.88
2025-11-26 18:15:58.108805 INFO::Fitting model to feature number 1179, metabat_ERR12405942.51
2025-11-26 18:15:58.135295 INFO::Fitting model to feature number 1180, semibin_SRR11413654.79
2025-11-26 18:15:58.161244 INFO::Fitting model to feature number 1181, semibin_SRR16554679.4
2025-11-26 18:15:58.187016 INFO::Fitting model to feature number 1182, semibin_ERR12405974.119
2025-11-26 18:15:58.213498 INFO::Fitting model to feature number 1183, semibin_SRR20881980.70_sub
2025-11-26 18:15:58.23989 INFO::Fitting model to feature number 1184, maxbin_ERR6279625.013_sub
2025-11-26 18:15:58.265975 INFO::Fitting model to feature number 1185, semibin_ERR12405998.4
2025-11-26 18:15:58.29152 INFO::Fitting model to feature number 1186, semibin_SRR11413614.10
2025-11-26 18:15:58.317642 INFO::Fitting model to feature number 1187, metabat_SRR20881977.30
2025-11-26 18:15:58.343272 INFO::Fitting model to feature number 1188, maxbin_ERR12405988.009
2025-11-26 18:15:58.373905 INFO::Fitting model to feature number 1189, maxbin_SRR5930509.003
2025-11-26 18:15:58.402547 INFO::Fitting model to feature number 1190, maxbin_SRR16554632.002
2025-11-26 18:15:58.428561 INFO::Fitting model to feature number 1191, semibin_SRR25825500.32
2025-11-26 18:15:58.454251 INFO::Fitting model to feature number 1192, semibin_SRR5930495.35
2025-11-26 18:15:58.480375 INFO::Fitting model to feature number 1193, metabat_ERR6279652.15_sub
2025-11-26 18:15:58.506702 INFO::Fitting model to feature number 1194, metabat_SRR16554778.4
2025-11-26 18:15:58.533145 INFO::Fitting model to feature number 1195, semibin_ERR6279669.45
2025-11-26 18:15:58.558752 INFO::Fitting model to feature number 1196, metabat_SRR16168930.22_sub
2025-11-26 18:15:58.584969 INFO::Fitting model to feature number 1197, metabat_ERR12405940.22
2025-11-26 18:15:58.611034 INFO::Fitting model to feature number 1198, maxbin_SRR23364231.030_sub
2025-11-26 18:15:58.637004 INFO::Fitting model to feature number 1199, semibin_ERR6281751.11_sub
2025-11-26 18:15:58.668508 INFO::Fitting model to feature number 1200, metabat_SRR16554721.12_sub
2025-11-26 18:15:58.694553 INFO::Fitting model to feature number 1201, metabat_ERR12405957.24
2025-11-26 18:15:58.744011 INFO::Fitting model to feature number 1202, metabat_SRR16554643.13
2025-11-26 18:15:58.769751 INFO::Fitting model to feature number 1203, semibin_ERR6279677.13
2025-11-26 18:15:58.795446 INFO::Fitting model to feature number 1204, maxbin_SRR16554744.003
2025-11-26 18:15:58.820293 INFO::Fitting model to feature number 1205, metabat_ERR12405957.9
2025-11-26 18:15:58.845633 INFO::Fitting model to feature number 1206, metabat_SRR16168942.34
2025-11-26 18:15:58.872093 INFO::Fitting model to feature number 1207, semibin_SRR6000905.32
2025-11-26 18:15:58.89799 INFO::Fitting model to feature number 1208, semibin_ERR6279646.22_sub
2025-11-26 18:15:58.923791 INFO::Fitting model to feature number 1209, semibin_SRR6000947.67
2025-11-26 18:15:58.94924 INFO::Fitting model to feature number 1210, semibin_SRR16554752.21
2025-11-26 18:15:58.974914 INFO::Fitting model to feature number 1211, maxbin_ERR6271721.001
2025-11-26 18:15:59.00778 INFO::Fitting model to feature number 1212, semibin_ERR12406004.36
2025-11-26 18:15:59.035087 INFO::Fitting model to feature number 1213, semibin_SRR8387676.49
2025-11-26 18:15:59.060568 INFO::Fitting model to feature number 1214, semibin_SRR13068852.73_sub
2025-11-26 18:15:59.087007 INFO::Fitting model to feature number 1215, metabat_SRR11413608.45
2025-11-26 18:15:59.11302 INFO::Fitting model to feature number 1216, semibin_SRR5930520.95
2025-11-26 18:15:59.138392 INFO::Fitting model to feature number 1217, metabat_SRR23364206.9
2025-11-26 18:15:59.164753 INFO::Fitting model to feature number 1218, metabat_SRR5930499.62
2025-11-26 18:15:59.190665 INFO::Fitting model to feature number 1219, metabat_ERR6275672.30
2025-11-26 18:15:59.216471 INFO::Fitting model to feature number 1220, semibin_ERR6230340.24
2025-11-26 18:15:59.241742 INFO::Fitting model to feature number 1221, semibin_SRR5930532.57
2025-11-26 18:15:59.267743 INFO::Fitting model to feature number 1222, semibin_ERR6279627.7
2025-11-26 18:15:59.300316 INFO::Fitting model to feature number 1223, metabat_SRR23364192.31_sub
2025-11-26 18:15:59.326642 INFO::Fitting model to feature number 1224, semibin_SRR25825510.23_sub
2025-11-26 18:15:59.353754 INFO::Fitting model to feature number 1225, maxbin_ERR12405965.008
2025-11-26 18:15:59.380045 INFO::Fitting model to feature number 1226, semibin_ERR6279672.17
2025-11-26 18:15:59.406088 INFO::Fitting model to feature number 1227, maxbin_ERR6257997.018
2025-11-26 18:15:59.454039 INFO::Fitting model to feature number 1228, metabat_ERR6232688.30
2025-11-26 18:15:59.479726 INFO::Fitting model to feature number 1229, maxbin_SRR23364192.011_sub
2025-11-26 18:15:59.504918 INFO::Fitting model to feature number 1230, maxbin_ERR6279676.023_sub
2025-11-26 18:15:59.53038 INFO::Fitting model to feature number 1231, semibin_SRR13068839.82
2025-11-26 18:15:59.556345 INFO::Fitting model to feature number 1232, metabat_ERR6275671.44
2025-11-26 18:15:59.587165 INFO::Fitting model to feature number 1233, semibin_ERR6236131.31
2025-11-26 18:15:59.612996 INFO::Fitting model to feature number 1234, metabat_SRR11413681.65_sub
2025-11-26 18:15:59.641517 INFO::Fitting model to feature number 1235, semibin_ERR6232521.9
2025-11-26 18:15:59.667708 INFO::Fitting model to feature number 1236, semibin_ERR12405983.41
2025-11-26 18:15:59.693907 INFO::Fitting model to feature number 1237, semibin_SRR20881979.39
2025-11-26 18:15:59.720783 INFO::Fitting model to feature number 1238, metabat_SRR13068822.8
2025-11-26 18:15:59.746953 INFO::Fitting model to feature number 1239, semibin_SRR5930533.15
2025-11-26 18:15:59.771856 INFO::Fitting model to feature number 1240, metabat_SRR16554704.2
2025-11-26 18:15:59.797595 INFO::Fitting model to feature number 1241, semibin_ERR12406000.0
2025-11-26 18:15:59.82357 INFO::Fitting model to feature number 1242, metabat_SRR5930495.2
2025-11-26 18:15:59.849635 INFO::Fitting model to feature number 1243, semibin_SRR20881987.25
2025-11-26 18:15:59.874777 INFO::Fitting model to feature number 1244, metabat_SRR23364240.7
2025-11-26 18:15:59.900854 INFO::Fitting model to feature number 1245, metabat_SRR5930498.97
2025-11-26 18:15:59.930065 INFO::Fitting model to feature number 1246, metabat_SRR16554763.26
2025-11-26 18:15:59.960348 INFO::Fitting model to feature number 1247, metabat_ERR6232458.9
2025-11-26 18:15:59.988024 INFO::Fitting model to feature number 1248, maxbin_SRR23364175.021_sub
2025-11-26 18:16:00.01471 INFO::Fitting model to feature number 1249, semibin_ERR6281997.36
2025-11-26 18:16:00.039668 INFO::Fitting model to feature number 1250, semibin_SRR11413609.1
2025-11-26 18:16:00.065665 INFO::Fitting model to feature number 1251, semibin_SRR6000894.27
2025-11-26 18:16:00.091789 INFO::Fitting model to feature number 1252, maxbin_SRR5930519.002
2025-11-26 18:16:00.139069 INFO::Fitting model to feature number 1253, semibin_SRR25825500.94
2025-11-26 18:16:00.165462 INFO::Fitting model to feature number 1254, semibin_ERR6279665.27
2025-11-26 18:16:00.190984 INFO::Fitting model to feature number 1255, maxbin_SRR5930517.004
2025-11-26 18:16:00.216284 INFO::Fitting model to feature number 1256, semibin_SRR5930517.103
2025-11-26 18:16:00.242344 INFO::Fitting model to feature number 1257, semibin_SRR16168929.20_sub
2025-11-26 18:16:00.276573 INFO::Fitting model to feature number 1258, metabat_SRR25825513.9
2025-11-26 18:16:00.304222 INFO::Fitting model to feature number 1259, semibin_ERR12405992.43
2025-11-26 18:16:00.33073 INFO::Fitting model to feature number 1260, maxbin_SRR5930501.001
2025-11-26 18:16:00.35781 INFO::Fitting model to feature number 1261, maxbin_ERR6275673.039_sub
2025-11-26 18:16:00.383413 INFO::Fitting model to feature number 1262, semibin_SRR11413692.31
2025-11-26 18:16:00.409069 INFO::Fitting model to feature number 1263, semibin_SRR13022424.6
2025-11-26 18:16:00.434959 INFO::Fitting model to feature number 1264, semibin_SRR13068825.144
2025-11-26 18:16:00.460336 INFO::Fitting model to feature number 1265, metabat_SRR23364171.30
2025-11-26 18:16:00.486027 INFO::Fitting model to feature number 1266, maxbin_SRR8387681.017
2025-11-26 18:16:00.512022 INFO::Fitting model to feature number 1267, semibin_SRR11413687.171
2025-11-26 18:16:00.538664 INFO::Fitting model to feature number 1268, semibin_ERR12405976.23
2025-11-26 18:16:00.56481 INFO::Fitting model to feature number 1269, semibin_SRR13068826.42
2025-11-26 18:16:00.594149 INFO::Fitting model to feature number 1270, maxbin_SRR16554726.001
2025-11-26 18:16:00.623979 INFO::Fitting model to feature number 1271, semibin_ERR6233692.26
2025-11-26 18:16:00.651784 INFO::Fitting model to feature number 1272, metabat_SRR16168929.12
2025-11-26 18:16:00.676841 INFO::Fitting model to feature number 1273, semibin_SRR20881983.19
2025-11-26 18:16:00.702867 INFO::Fitting model to feature number 1274, metabat_ERR6275664.11
2025-11-26 18:16:00.728115 INFO::Fitting model to feature number 1275, semibin_SRR20881976.18_sub
2025-11-26 18:16:00.752828 INFO::Fitting model to feature number 1276, metabat_SRR23364184.7
2025-11-26 18:16:00.779012 INFO::Fitting model to feature number 1277, semibin_SRR5930536.61_sub
2025-11-26 18:16:00.805664 INFO::Fitting model to feature number 1278, metabat_ERR6281432.14
2025-11-26 18:16:00.85271 INFO::Fitting model to feature number 1279, metabat_ERR6264280.47
2025-11-26 18:16:00.878384 INFO::Fitting model to feature number 1280, maxbin_SRR11413687.021
2025-11-26 18:16:00.904033 INFO::Fitting model to feature number 1281, semibin_ERR6279646.18
2025-11-26 18:16:00.931134 INFO::Fitting model to feature number 1282, semibin_ERR6239139.3
2025-11-26 18:16:00.961246 INFO::Fitting model to feature number 1283, maxbin_SRR16554645.006
2025-11-26 18:16:00.989774 INFO::Fitting model to feature number 1284, metabat_ERR6281432.36
2025-11-26 18:16:01.015123 INFO::Fitting model to feature number 1285, metabat_ERR6279667.15
2025-11-26 18:16:01.040951 INFO::Fitting model to feature number 1286, metabat_ERR12405949.18
2025-11-26 18:16:01.067252 INFO::Fitting model to feature number 1287, semibin_ERR6279620.6
2025-11-26 18:16:01.092789 INFO::Fitting model to feature number 1288, semibin_SRR23364187.43_sub
2025-11-26 18:16:01.117832 INFO::Fitting model to feature number 1289, semibin_ERR12405973.28
2025-11-26 18:16:01.143937 INFO::Fitting model to feature number 1290, semibin_SRR5930536.76
2025-11-26 18:16:01.170314 INFO::Fitting model to feature number 1291, semibin_SRR25825498.35
2025-11-26 18:16:01.196293 INFO::Fitting model to feature number 1292, metabat_SRR11413618.48
2025-11-26 18:16:01.225162 INFO::Fitting model to feature number 1293, metabat_ERR6275675.18
2025-11-26 18:16:01.256975 INFO::Fitting model to feature number 1294, metabat_ERR6279619.32
2025-11-26 18:16:01.285089 INFO::Fitting model to feature number 1295, semibin_SRR6000900.19
2025-11-26 18:16:01.311384 INFO::Fitting model to feature number 1296, maxbin_ERR6275675.041_sub
2025-11-26 18:16:01.338027 INFO::Fitting model to feature number 1297, semibin_ERR6279614.25
2025-11-26 18:16:01.363605 INFO::Fitting model to feature number 1298, maxbin_SRR16554744.022
2025-11-26 18:16:01.388424 INFO::Fitting model to feature number 1299, maxbin_SRR16554786.001
2025-11-26 18:16:01.4142 INFO::Fitting model to feature number 1300, semibin_SRR16168918.53
2025-11-26 18:16:01.440411 INFO::Fitting model to feature number 1301, semibin_ERR6279678.48
2025-11-26 18:16:01.465314 INFO::Fitting model to feature number 1302, semibin_SRR16168896.113
2025-11-26 18:16:01.49013 INFO::Fitting model to feature number 1303, metabat_ERR6275652.5
2025-11-26 18:16:01.540182 INFO::Fitting model to feature number 1304, metabat_SRR16168943.6
2025-11-26 18:16:01.576076 INFO::Fitting model to feature number 1305, metabat_SRR6000940.18
2025-11-26 18:16:01.604069 INFO::Fitting model to feature number 1306, semibin_SRR6000909.33
2025-11-26 18:16:01.630904 INFO::Fitting model to feature number 1307, maxbin_ERR6281505.009
2025-11-26 18:16:01.657141 INFO::Fitting model to feature number 1308, maxbin_ERR12405996.027
2025-11-26 18:16:01.68309 INFO::Fitting model to feature number 1309, maxbin_SRR25825512.008
2025-11-26 18:16:01.712155 INFO::Fitting model to feature number 1310, metabat_SRR6000893.52
2025-11-26 18:16:01.73827 INFO::Fitting model to feature number 1311, metabat_SRR13022393.14
2025-11-26 18:16:01.763276 INFO::Fitting model to feature number 1312, metabat_ERR12405991.26
2025-11-26 18:16:01.789161 INFO::Fitting model to feature number 1313, semibin_SRR13068851.47
2025-11-26 18:16:01.815327 INFO::Fitting model to feature number 1314, maxbin_ERR6275666.011_sub
2025-11-26 18:16:01.840178 INFO::Fitting model to feature number 1315, metabat_SRR5930534.16
2025-11-26 18:16:01.869324 INFO::Fitting model to feature number 1316, semibin_SRR11413655.121
2025-11-26 18:16:01.899463 INFO::Fitting model to feature number 1317, semibin_ERR12405947.46
2025-11-26 18:16:01.928041 INFO::Fitting model to feature number 1318, semibin_SRR6000899.37
2025-11-26 18:16:01.953601 INFO::Fitting model to feature number 1319, semibin_SRR5930534.11
2025-11-26 18:16:01.979847 INFO::Fitting model to feature number 1320, metabat_SRR13022409.1
2025-11-26 18:16:02.005462 INFO::Fitting model to feature number 1321, semibin_SRR11413609.0
2025-11-26 18:16:02.030349 INFO::Fitting model to feature number 1322, semibin_SRR25825494.13
2025-11-26 18:16:02.056525 INFO::Fitting model to feature number 1323, semibin_ERR12405918.19
2025-11-26 18:16:02.082382 INFO::Fitting model to feature number 1324, metabat_SRR11413679.36
2025-11-26 18:16:02.10759 INFO::Fitting model to feature number 1325, semibin_ERR12405998.20
2025-11-26 18:16:02.132764 INFO::Fitting model to feature number 1326, semibin_ERR12405940.4
2025-11-26 18:16:02.158223 INFO::Fitting model to feature number 1327, maxbin_ERR6271719.005_sub
2025-11-26 18:16:02.190884 INFO::Fitting model to feature number 1328, semibin_SRR8387683.51
2025-11-26 18:16:02.217433 INFO::Fitting model to feature number 1329, maxbin_SRR11413618.048
2025-11-26 18:16:02.267769 INFO::Fitting model to feature number 1330, metabat_ERR6232686.11
2025-11-26 18:16:02.292006 INFO::Fitting model to feature number 1331, metabat_SRR13068850.8
2025-11-26 18:16:02.317691 INFO::Fitting model to feature number 1332, metabat_SRR16168985.46
2025-11-26 18:16:02.343443 INFO::Fitting model to feature number 1333, semibin_SRR16554775.18
2025-11-26 18:16:02.368563 INFO::Fitting model to feature number 1334, semibin_SRR16554636.21_sub
2025-11-26 18:16:02.39394 INFO::Fitting model to feature number 1335, metabat_ERR6281751.26_sub
2025-11-26 18:16:02.419827 INFO::Fitting model to feature number 1336, semibin_SRR11413646.21
2025-11-26 18:16:02.445049 INFO::Fitting model to feature number 1337, semibin_SRR5930498.62_sub
2025-11-26 18:16:02.469695 INFO::Fitting model to feature number 1338, metabat_SRR5930501.50
2025-11-26 18:16:02.502175 INFO::Fitting model to feature number 1339, maxbin_ERR12405928.007_sub
2025-11-26 18:16:02.529375 INFO::Fitting model to feature number 1340, maxbin_SRR23364240.007
2025-11-26 18:16:02.556329 INFO::Fitting model to feature number 1341, maxbin_ERR12406010.010
2025-11-26 18:16:02.583412 INFO::Fitting model to feature number 1342, maxbin_SRR11413655.007
2025-11-26 18:16:02.608531 INFO::Fitting model to feature number 1343, maxbin_SRR16554774.005
2025-11-26 18:16:02.634969 INFO::Fitting model to feature number 1344, semibin_SRR5930523.43
2025-11-26 18:16:02.661669 INFO::Fitting model to feature number 1345, metabat_ERR12405940.14
2025-11-26 18:16:02.688117 INFO::Fitting model to feature number 1346, metabat_SRR11413614.28
2025-11-26 18:16:02.71331 INFO::Fitting model to feature number 1347, semibin_SRR13068834.14_sub
2025-11-26 18:16:02.73989 INFO::Fitting model to feature number 1348, semibin_SRR25825509.16
2025-11-26 18:16:02.766359 INFO::Fitting model to feature number 1349, metabat_ERR6275665.22_sub
2025-11-26 18:16:02.801077 INFO::Fitting model to feature number 1350, semibin_ERR6279619.36
2025-11-26 18:16:02.828463 INFO::Fitting model to feature number 1351, metabat_SRR11413685.37
2025-11-26 18:16:02.85835 INFO::Fitting model to feature number 1352, metabat_ERR6275673.39
2025-11-26 18:16:02.884737 INFO::Fitting model to feature number 1353, semibin_ERR6275666.11
2025-11-26 18:16:02.909703 INFO::Fitting model to feature number 1354, maxbin_ERR2162222.008
2025-11-26 18:16:02.95853 INFO::Fitting model to feature number 1355, metabat_SRR16554705.23
2025-11-26 18:16:02.983843 INFO::Fitting model to feature number 1356, maxbin_SRR13068846.008
2025-11-26 18:16:03.010025 INFO::Fitting model to feature number 1357, semibin_SRR16168974.22
2025-11-26 18:16:03.036582 INFO::Fitting model to feature number 1358, semibin_ERR6282070.31
2025-11-26 18:16:03.062861 INFO::Fitting model to feature number 1359, semibin_SRR16554762.18
2025-11-26 18:16:03.087805 INFO::Fitting model to feature number 1360, maxbin_SRR11413655.004
2025-11-26 18:16:03.119584 INFO::Fitting model to feature number 1361, maxbin_SRR20881981.003
2025-11-26 18:16:03.148812 INFO::Fitting model to feature number 1362, metabat_SRR20881977.25_sub
2025-11-26 18:16:03.174298 INFO::Fitting model to feature number 1363, semibin_ERR12405982.7
2025-11-26 18:16:03.201454 INFO::Fitting model to feature number 1364, semibin_SRR20881984.71
2025-11-26 18:16:03.228024 INFO::Fitting model to feature number 1365, metabat_SRR20881980.15_sub
2025-11-26 18:16:03.253782 INFO::Fitting model to feature number 1366, metabat_ERR6275675.41
2025-11-26 18:16:03.279938 INFO::Fitting model to feature number 1367, metabat_SRR5930526.60_sub
2025-11-26 18:16:03.307017 INFO::Fitting model to feature number 1368, semibin_ERR12405952.12
2025-11-26 18:16:03.332726 INFO::Fitting model to feature number 1369, metabat_ERR12405967.50
2025-11-26 18:16:03.358095 INFO::Fitting model to feature number 1370, metabat_SRR25825516.7
2025-11-26 18:16:03.384273 INFO::Fitting model to feature number 1371, maxbin_SRR16554762.009
2025-11-26 18:16:03.410577 INFO::Fitting model to feature number 1372, semibin_ERR6232521.17
2025-11-26 18:16:03.436732 INFO::Fitting model to feature number 1373, maxbin_SRR16554718.002
2025-11-26 18:16:03.468013 INFO::Fitting model to feature number 1374, metabat_SRR20881974.5
2025-11-26 18:16:03.495283 INFO::Fitting model to feature number 1375, maxbin_SRR25825495.015_sub
2025-11-26 18:16:03.523552 INFO::Fitting model to feature number 1376, metabat_SRR8387681.3
2025-11-26 18:16:03.550791 INFO::Fitting model to feature number 1377, metabat_SRR11413689.19
2025-11-26 18:16:03.57712 INFO::Fitting model to feature number 1378, metabat_ERR6279664.50
2025-11-26 18:16:03.601246 INFO::Fitting model to feature number 1379, metabat_SRR16554652.36_sub
2025-11-26 18:16:03.627335 INFO::Fitting model to feature number 1380, metabat_SRR16554749.32
2025-11-26 18:16:03.674963 INFO::Fitting model to feature number 1381, semibin_SRR8387707.12
2025-11-26 18:16:03.701839 INFO::Fitting model to feature number 1382, metabat_ERR6279683.18
2025-11-26 18:16:03.728196 INFO::Fitting model to feature number 1383, maxbin_ERR12405986.012
2025-11-26 18:16:03.753819 INFO::Fitting model to feature number 1384, metabat_SRR20881976.34_sub
2025-11-26 18:16:03.780651 INFO::Fitting model to feature number 1385, semibin_ERR6279677.59_sub
2025-11-26 18:16:03.807006 INFO::Fitting model to feature number 1386, semibin_SRR5930513.29
2025-11-26 18:16:03.835719 INFO::Fitting model to feature number 1387, maxbin_SRR5930517.014_sub
2025-11-26 18:16:03.863895 INFO::Fitting model to feature number 1388, metabat_SRR5930515.8
2025-11-26 18:16:03.894368 INFO::Fitting model to feature number 1389, maxbin_SRR5930517.016_sub
2025-11-26 18:16:03.920346 INFO::Fitting model to feature number 1390, semibin_SRR8387691.37
2025-11-26 18:16:03.946056 INFO::Fitting model to feature number 1391, semibin_SRR6000946.20_sub
2025-11-26 18:16:03.972782 INFO::Fitting model to feature number 1392, semibin_ERR12405952.2
2025-11-26 18:16:03.999454 INFO::Fitting model to feature number 1393, semibin_SRR16554625.29
2025-11-26 18:16:04.025733 INFO::Fitting model to feature number 1394, maxbin_SRR13068822.004
2025-11-26 18:16:04.052513 INFO::Fitting model to feature number 1395, metabat_SRR25825506.38
2025-11-26 18:16:04.078441 INFO::Fitting model to feature number 1396, semibin_ERR6231475.0
2025-11-26 18:16:04.104076 INFO::Fitting model to feature number 1397, semibin_SRR5930510.20_sub
2025-11-26 18:16:04.130837 INFO::Fitting model to feature number 1398, semibin_ERR12405997.60
2025-11-26 18:16:04.164044 INFO::Fitting model to feature number 1399, semibin_ERR6232688.10
2025-11-26 18:16:04.189222 INFO::Fitting model to feature number 1400, metabat_SRR16554724.5
2025-11-26 18:16:04.217422 INFO::Fitting model to feature number 1401, maxbin_ERR6275670.004
2025-11-26 18:16:04.242634 INFO::Fitting model to feature number 1402, metabat_SRR16554636.19
2025-11-26 18:16:04.267362 INFO::Fitting model to feature number 1403, maxbin_SRR11413686.007
2025-11-26 18:16:04.293314 INFO::Fitting model to feature number 1404, maxbin_SRR16554667.012
2025-11-26 18:16:04.318421 INFO::Fitting model to feature number 1405, semibin_ERR12405937.0_sub
2025-11-26 18:16:04.373909 INFO::Fitting model to feature number 1406, semibin_ERR6232523.16
2025-11-26 18:16:04.400472 INFO::Fitting model to feature number 1407, maxbin_SRR20881977.008
2025-11-26 18:16:04.425846 INFO::Fitting model to feature number 1408, maxbin_SRR16554749.005
2025-11-26 18:16:04.450537 INFO::Fitting model to feature number 1409, semibin_ERR6232425.16
2025-11-26 18:16:04.483971 INFO::Fitting model to feature number 1410, semibin_SRR16554638.21
2025-11-26 18:16:04.513024 INFO::Fitting model to feature number 1411, metabat_SRR13068824.46
2025-11-26 18:16:04.537944 INFO::Fitting model to feature number 1412, metabat_ERR12405967.21
2025-11-26 18:16:04.563779 INFO::Fitting model to feature number 1413, semibin_SRR16554647.24
2025-11-26 18:16:04.589134 INFO::Fitting model to feature number 1414, metabat_SRR20881980.9_sub
2025-11-26 18:16:04.614219 INFO::Fitting model to feature number 1415, semibin_SRR25825504.54
2025-11-26 18:16:04.64004 INFO::Fitting model to feature number 1416, semibin_SRR23364172.8_sub
2025-11-26 18:16:04.665881 INFO::Fitting model to feature number 1417, maxbin_ERR12405998.016_sub
2025-11-26 18:16:04.691185 INFO::Fitting model to feature number 1418, metabat_ERR12405961.20_sub
2025-11-26 18:16:04.716819 INFO::Fitting model to feature number 1419, semibin_SRR5930510.47_sub
2025-11-26 18:16:04.74275 INFO::Fitting model to feature number 1420, metabat_ERR6281341.65
2025-11-26 18:16:04.771404 INFO::Fitting model to feature number 1421, metabat_SRR25825516.25_sub
2025-11-26 18:16:04.799221 INFO::Fitting model to feature number 1422, semibin_SRR5930517.80
2025-11-26 18:16:04.827431 INFO::Fitting model to feature number 1423, semibin_SRR5930518.165_sub
2025-11-26 18:16:04.853207 INFO::Fitting model to feature number 1424, semibin_SRR11413652.29
2025-11-26 18:16:04.878176 INFO::Fitting model to feature number 1425, maxbin_SRR8387676.033_sub
2025-11-26 18:16:04.903976 INFO::Fitting model to feature number 1426, metabat_SRR16554749.2
2025-11-26 18:16:04.928903 INFO::Fitting model to feature number 1427, semibin_SRR11413612.43_sub
2025-11-26 18:16:04.953761 INFO::Fitting model to feature number 1428, maxbin_SRR16554766.008
2025-11-26 18:16:04.979133 INFO::Fitting model to feature number 1429, metabat_SRR20881976.14
2025-11-26 18:16:05.00462 INFO::Fitting model to feature number 1430, semibin_SRR16554644.20
2025-11-26 18:16:05.048808 INFO::Fitting model to feature number 1431, metabat_SRR25825502.64
2025-11-26 18:16:05.083316 INFO::Fitting model to feature number 1432, metabat_SRR5930515.56
2025-11-26 18:16:05.109765 INFO::Fitting model to feature number 1433, semibin_SRR5930517.13
2025-11-26 18:16:05.138275 INFO::Fitting model to feature number 1434, metabat_ERR12405913.30
2025-11-26 18:16:05.164328 INFO::Fitting model to feature number 1435, metabat_ERR6279655.36
2025-11-26 18:16:05.188624 INFO::Fitting model to feature number 1436, metabat_SRR16554665.11
2025-11-26 18:16:05.214653 INFO::Fitting model to feature number 1437, maxbin_SRR25825495.001
2025-11-26 18:16:05.239704 INFO::Fitting model to feature number 1438, semibin_SRR11413652.75
2025-11-26 18:16:05.26444 INFO::Fitting model to feature number 1439, metabat_SRR13022331.11
2025-11-26 18:16:05.290255 INFO::Fitting model to feature number 1440, metabat_SRR16168926.8
2025-11-26 18:16:05.315256 INFO::Fitting model to feature number 1441, semibin_ERR6235716.2
2025-11-26 18:16:05.339883 INFO::Fitting model to feature number 1442, metabat_SRR16554638.9
2025-11-26 18:16:05.365596 INFO::Fitting model to feature number 1443, semibin_SRR5930498.69
2025-11-26 18:16:05.395428 INFO::Fitting model to feature number 1444, maxbin_ERR6279620.003
2025-11-26 18:16:05.421588 INFO::Fitting model to feature number 1445, metabat_SRR16554627.25
2025-11-26 18:16:05.45014 INFO::Fitting model to feature number 1446, maxbin_SRR5930534.011
2025-11-26 18:16:05.474505 INFO::Fitting model to feature number 1447, semibin_SRR23364178.13
2025-11-26 18:16:05.500225 INFO::Fitting model to feature number 1448, metabat_SRR5930530.66
2025-11-26 18:16:05.52533 INFO::Fitting model to feature number 1449, semibin_SRR5930504.41
2025-11-26 18:16:05.550027 INFO::Fitting model to feature number 1450, maxbin_SRR13068838.005
2025-11-26 18:16:05.575397 INFO::Fitting model to feature number 1451, maxbin_SRR23364177.015
2025-11-26 18:16:05.600814 INFO::Fitting model to feature number 1452, metabat_SRR16554780.7_sub
2025-11-26 18:16:05.62552 INFO::Fitting model to feature number 1453, metabat_SRR20881979.28
2025-11-26 18:16:05.651131 INFO::Fitting model to feature number 1454, semibin_ERR6279672.11_sub
2025-11-26 18:16:05.676864 INFO::Fitting model to feature number 1455, metabat_SRR5930528.57_sub
2025-11-26 18:16:05.704787 INFO::Fitting model to feature number 1456, metabat_ERR6279654.19
2025-11-26 18:16:05.762517 INFO::Fitting model to feature number 1457, maxbin_SRR11413607.012
2025-11-26 18:16:05.788085 INFO::Fitting model to feature number 1458, maxbin_SRR13068823.001
2025-11-26 18:16:05.814333 INFO::Fitting model to feature number 1459, semibin_ERR12405998.55
2025-11-26 18:16:05.839767 INFO::Fitting model to feature number 1460, semibin_ERR6233695.19
2025-11-26 18:16:05.864864 INFO::Fitting model to feature number 1461, semibin_SRR16168986.51
2025-11-26 18:16:05.890766 INFO::Fitting model to feature number 1462, semibin_ERR6279656.46
2025-11-26 18:16:05.916888 INFO::Fitting model to feature number 1463, semibin_SRR5930507.158
2025-11-26 18:16:05.942688 INFO::Fitting model to feature number 1464, maxbin_SRR11413615.008
2025-11-26 18:16:05.968428 INFO::Fitting model to feature number 1465, semibin_SRR11413608.52
2025-11-26 18:16:05.994579 INFO::Fitting model to feature number 1466, semibin_ERR6239138.5
2025-11-26 18:16:06.025717 INFO::Fitting model to feature number 1467, metabat_ERR12405922.1
2025-11-26 18:16:06.05238 INFO::Fitting model to feature number 1468, maxbin_ERR6275668.004
2025-11-26 18:16:06.080985 INFO::Fitting model to feature number 1469, metabat_SRR16554650.26
2025-11-26 18:16:06.105589 INFO::Fitting model to feature number 1470, metabat_SRR11413610.67
2025-11-26 18:16:06.131485 INFO::Fitting model to feature number 1471, metabat_SRR5930532.1_sub
2025-11-26 18:16:06.157348 INFO::Fitting model to feature number 1472, semibin_ERR6271719.38
2025-11-26 18:16:06.182203 INFO::Fitting model to feature number 1473, maxbin_ERR6279682.017
2025-11-26 18:16:06.207513 INFO::Fitting model to feature number 1474, metabat_SRR13068840.4
2025-11-26 18:16:06.233378 INFO::Fitting model to feature number 1475, semibin_SRR8387712.33
2025-11-26 18:16:06.258204 INFO::Fitting model to feature number 1476, maxbin_ERR6279679.046
2025-11-26 18:16:06.283684 INFO::Fitting model to feature number 1477, maxbin_ERR6279678.007
2025-11-26 18:16:06.309042 INFO::Fitting model to feature number 1478, semibin_SRR5930502.38
2025-11-26 18:16:06.343622 INFO::Fitting model to feature number 1479, maxbin_ERR12405913.017
2025-11-26 18:16:06.371722 INFO::Fitting model to feature number 1480, semibin_SRR25825505.11
2025-11-26 18:16:06.402332 INFO::Fitting model to feature number 1481, metabat_ERR6279674.8_sub
2025-11-26 18:16:06.428527 INFO::Fitting model to feature number 1482, semibin_SRR11413613.43
2025-11-26 18:16:06.476493 INFO::Fitting model to feature number 1483, semibin_SRR16168900.48
2025-11-26 18:16:06.502004 INFO::Fitting model to feature number 1484, semibin_SRR6000903.16
2025-11-26 18:16:06.527143 INFO::Fitting model to feature number 1485, metabat_SRR13068828.35
2025-11-26 18:16:06.553534 INFO::Fitting model to feature number 1486, metabat_SRR25825493.23
2025-11-26 18:16:06.579201 INFO::Fitting model to feature number 1487, maxbin_ERR12406003.005
2025-11-26 18:16:06.603621 INFO::Fitting model to feature number 1488, semibin_SRR11413611.89
2025-11-26 18:16:06.627188 INFO::Fitting model to feature number 1489, metabat_SRR13068834.12
2025-11-26 18:16:06.670972 INFO::Fitting model to feature number 1490, semibin_ERR6279670.187
2025-11-26 18:16:06.701002 INFO::Fitting model to feature number 1491, maxbin_ERR6279654.009_sub
2025-11-26 18:16:06.726473 INFO::Fitting model to feature number 1492, metabat_SRR6000908.20
2025-11-26 18:16:06.751626 INFO::Fitting model to feature number 1493, maxbin_SRR20881977.021
2025-11-26 18:16:06.777146 INFO::Fitting model to feature number 1494, semibin_SRR20881978.16
2025-11-26 18:16:06.80178 INFO::Fitting model to feature number 1495, semibin_ERR6275670.117
2025-11-26 18:16:06.82742 INFO::Fitting model to feature number 1496, maxbin_ERR12405948.006
2025-11-26 18:16:06.8535 INFO::Fitting model to feature number 1497, semibin_ERR12405968.34
2025-11-26 18:16:06.878979 INFO::Fitting model to feature number 1498, semibin_SRR11413683.123
2025-11-26 18:16:06.904095 INFO::Fitting model to feature number 1499, semibin_SRR5930493.130
2025-11-26 18:16:06.929516 INFO::Fitting model to feature number 1500, maxbin_SRR13068842.001
2025-11-26 18:16:06.9601 INFO::Fitting model to feature number 1501, maxbin_SRR16554660.011
2025-11-26 18:16:06.987053 INFO::Fitting model to feature number 1502, maxbin_SRR5930531.010
2025-11-26 18:16:07.014546 INFO::Fitting model to feature number 1503, metabat_ERR6280899.76
2025-11-26 18:16:07.039324 INFO::Fitting model to feature number 1504, metabat_SRR13068815.24
2025-11-26 18:16:07.064964 INFO::Fitting model to feature number 1505, semibin_ERR12405966.12
2025-11-26 18:16:07.090361 INFO::Fitting model to feature number 1506, semibin_SRR13068827.108
2025-11-26 18:16:07.115062 INFO::Fitting model to feature number 1507, maxbin_SRR13068823.022_sub
2025-11-26 18:16:07.163051 INFO::Fitting model to feature number 1508, metabat_SRR16554778.1_sub
2025-11-26 18:16:07.188604 INFO::Fitting model to feature number 1509, maxbin_ERR6232527.031_sub
2025-11-26 18:16:07.214599 INFO::Fitting model to feature number 1510, metabat_SRR16554681.16
2025-11-26 18:16:07.240182 INFO::Fitting model to feature number 1511, semibin_SRR23364206.22
2025-11-26 18:16:07.265881 INFO::Fitting model to feature number 1512, semibin_ERR12405928.63
2025-11-26 18:16:07.297958 INFO::Fitting model to feature number 1513, semibin_SRR16554681.22
2025-11-26 18:16:07.327662 INFO::Fitting model to feature number 1514, metabat_SRR13022432.6
2025-11-26 18:16:07.353396 INFO::Fitting model to feature number 1515, metabat_ERR6239139.34_sub
2025-11-26 18:16:07.379142 INFO::Fitting model to feature number 1516, semibin_SRR11413681.27
2025-11-26 18:16:07.403961 INFO::Fitting model to feature number 1517, semibin_ERR12406001.48
2025-11-26 18:16:07.429338 INFO::Fitting model to feature number 1518, metabat_SRR16554631.3
2025-11-26 18:16:07.455444 INFO::Fitting model to feature number 1519, maxbin_SRR6000892.009
2025-11-26 18:16:07.480464 INFO::Fitting model to feature number 1520, maxbin_SRR13068847.003
2025-11-26 18:16:07.506479 INFO::Fitting model to feature number 1521, semibin_ERR12405992.57
2025-11-26 18:16:07.532657 INFO::Fitting model to feature number 1522, metabat_SRR25825501.63
2025-11-26 18:16:07.558213 INFO::Fitting model to feature number 1523, metabat_SRR23364202.16
2025-11-26 18:16:07.587564 INFO::Fitting model to feature number 1524, metabat_SRR11413649.53_sub
2025-11-26 18:16:07.61685 INFO::Fitting model to feature number 1525, semibin_ERR6232525.9
2025-11-26 18:16:07.643355 INFO::Fitting model to feature number 1526, metabat_SRR25825502.47
2025-11-26 18:16:07.669721 INFO::Fitting model to feature number 1527, semibin_SRR16554630.22
2025-11-26 18:16:07.695369 INFO::Fitting model to feature number 1528, metabat_ERR6275663.3_sub
2025-11-26 18:16:07.719394 INFO::Fitting model to feature number 1529, semibin_SRR16554750.26
2025-11-26 18:16:07.744789 INFO::Fitting model to feature number 1530, semibin_ERR12405973.32
2025-11-26 18:16:07.770803 INFO::Fitting model to feature number 1531, semibin_SRR13068816.17_sub
2025-11-26 18:16:07.795713 INFO::Fitting model to feature number 1532, metabat_ERR6275671.17_sub
2025-11-26 18:16:07.821417 INFO::Fitting model to feature number 1533, semibin_ERR12405979.43_sub
2025-11-26 18:16:07.86938 INFO::Fitting model to feature number 1534, semibin_SRR13068829.41
2025-11-26 18:16:07.894932 INFO::Fitting model to feature number 1535, metabat_SRR16554757.15_sub
2025-11-26 18:16:07.92467 INFO::Fitting model to feature number 1536, semibin_SRR8387681.97
2025-11-26 18:16:07.951474 INFO::Fitting model to feature number 1537, semibin_SRR13068822.60
2025-11-26 18:16:07.979208 INFO::Fitting model to feature number 1538, semibin_ERR6279649.25
2025-11-26 18:16:08.004083 INFO::Fitting model to feature number 1539, semibin_ERR12405916.52
2025-11-26 18:16:08.030034 INFO::Fitting model to feature number 1540, metabat_SRR8387683.37
2025-11-26 18:16:08.055564 INFO::Fitting model to feature number 1541, semibin_ERR6279669.146
2025-11-26 18:16:08.080366 INFO::Fitting model to feature number 1542, maxbin_SRR16554769.014_sub
2025-11-26 18:16:08.10651 INFO::Fitting model to feature number 1543, maxbin_ERR12406005.003
2025-11-26 18:16:08.132271 INFO::Fitting model to feature number 1544, semibin_SRR16554732.21_sub
2025-11-26 18:16:08.156982 INFO::Fitting model to feature number 1545, maxbin_SRR5930493.011
2025-11-26 18:16:08.183066 INFO::Fitting model to feature number 1546, semibin_ERR6231616.45
2025-11-26 18:16:08.208996 INFO::Fitting model to feature number 1547, metabat_SRR13068852.52
2025-11-26 18:16:08.235649 INFO::Fitting model to feature number 1548, metabat_SRR5930519.9
2025-11-26 18:16:08.266761 INFO::Fitting model to feature number 1549, semibin_SRR6000907.58
2025-11-26 18:16:08.294358 INFO::Fitting model to feature number 1550, semibin_SRR13068813.2
2025-11-26 18:16:08.319969 INFO::Fitting model to feature number 1551, semibin_SRR16554714.52
2025-11-26 18:16:08.346054 INFO::Fitting model to feature number 1552, semibin_SRR11413610.13
2025-11-26 18:16:08.370777 INFO::Fitting model to feature number 1553, semibin_SRR25825513.29
2025-11-26 18:16:08.396194 INFO::Fitting model to feature number 1554, metabat_SRR5930527.17
2025-11-26 18:16:08.421846 INFO::Fitting model to feature number 1555, semibin_SRR5930508.186
2025-11-26 18:16:08.446507 INFO::Fitting model to feature number 1556, metabat_SRR13068843.54
2025-11-26 18:16:08.471858 INFO::Fitting model to feature number 1557, semibin_SRR16168929.7
2025-11-26 18:16:08.497499 INFO::Fitting model to feature number 1558, semibin_SRR16554678.8
2025-11-26 18:16:08.545379 INFO::Fitting model to feature number 1559, metabat_ERR12405984.6
2025-11-26 18:16:08.578929 INFO::Fitting model to feature number 1560, metabat_ERR6281341.18_sub
2025-11-26 18:16:08.606456 INFO::Fitting model to feature number 1561, metabat_SRR5930536.61_sub
2025-11-26 18:16:08.634917 INFO::Fitting model to feature number 1562, maxbin_SRR20881983.026_sub
2025-11-26 18:16:08.660793 INFO::Fitting model to feature number 1563, maxbin_SRR11413691.019
2025-11-26 18:16:08.687026 INFO::Fitting model to feature number 1564, semibin_SRR8387683.9
2025-11-26 18:16:08.713181 INFO::Fitting model to feature number 1565, semibin_ERR12405918.22
2025-11-26 18:16:08.737872 INFO::Fitting model to feature number 1566, maxbin_SRR16168976.016_sub
2025-11-26 18:16:08.76363 INFO::Fitting model to feature number 1567, semibin_ERR6281343.49
2025-11-26 18:16:08.789595 INFO::Fitting model to feature number 1568, semibin_SRR11413612.49
2025-11-26 18:16:08.814643 INFO::Fitting model to feature number 1569, maxbin_SRR16168943.001
2025-11-26 18:16:08.839815 INFO::Fitting model to feature number 1570, semibin_SRR20881979.2
2025-11-26 18:16:08.865562 INFO::Fitting model to feature number 1571, semibin_SRR11413654.34
2025-11-26 18:16:08.894575 INFO::Fitting model to feature number 1572, metabat_SRR16554728.7
2025-11-26 18:16:08.925936 INFO::Fitting model to feature number 1573, semibin_SRR5930527.102_sub
2025-11-26 18:16:08.953761 INFO::Fitting model to feature number 1574, semibin_SRR5930518.29
2025-11-26 18:16:08.979094 INFO::Fitting model to feature number 1575, maxbin_SRR16554776.005_sub
2025-11-26 18:16:09.005557 INFO::Fitting model to feature number 1576, semibin_ERR12405920.23
2025-11-26 18:16:09.0312 INFO::Fitting model to feature number 1577, semibin_ERR6279629.17
2025-11-26 18:16:09.056675 INFO::Fitting model to feature number 1578, maxbin_SRR16554787.013
2025-11-26 18:16:09.082766 INFO::Fitting model to feature number 1579, metabat_ERR6232526.9
2025-11-26 18:16:09.108377 INFO::Fitting model to feature number 1580, semibin_ERR6279659.15
2025-11-26 18:16:09.133094 INFO::Fitting model to feature number 1581, metabat_SRR11413689.56
2025-11-26 18:16:09.158517 INFO::Fitting model to feature number 1582, semibin_SRR16554756.21
2025-11-26 18:16:09.183825 INFO::Fitting model to feature number 1583, maxbin_ERR6235718.012
2025-11-26 18:16:09.231942 INFO::Fitting model to feature number 1584, metabat_SRR5930503.76
2025-11-26 18:16:09.267496 INFO::Fitting model to feature number 1585, metabat_SRR20881986.9_sub
2025-11-26 18:16:09.295191 INFO::Fitting model to feature number 1586, metabat_ERR6275659.2
2025-11-26 18:16:09.321449 INFO::Fitting model to feature number 1587, maxbin_SRR6000912.014
2025-11-26 18:16:09.3465 INFO::Fitting model to feature number 1588, metabat_SRR5930511.29_sub
2025-11-26 18:16:09.372734 INFO::Fitting model to feature number 1589, maxbin_SRR13068835.009
2025-11-26 18:16:09.397884 INFO::Fitting model to feature number 1590, metabat_ERR6243880.58
2025-11-26 18:16:09.423989 INFO::Fitting model to feature number 1591, metabat_ERR6271721.70
2025-11-26 18:16:09.449445 INFO::Fitting model to feature number 1592, metabat_ERR6281000.76_sub
2025-11-26 18:16:09.474675 INFO::Fitting model to feature number 1593, metabat_SRR16554771.7_sub
2025-11-26 18:16:09.499713 INFO::Fitting model to feature number 1594, maxbin_SRR16554763.011
2025-11-26 18:16:09.525175 INFO::Fitting model to feature number 1595, semibin_ERR12405983.42
2025-11-26 18:16:09.554889 INFO::Fitting model to feature number 1596, semibin_ERR12405992.1
2025-11-26 18:16:09.582493 INFO::Fitting model to feature number 1597, maxbin_SRR16554785.015
2025-11-26 18:16:09.6105 INFO::Fitting model to feature number 1598, metabat_ERR6275666.56
2025-11-26 18:16:09.63569 INFO::Fitting model to feature number 1599, metabat_SRR11413611.38
2025-11-26 18:16:09.661925 INFO::Fitting model to feature number 1600, semibin_SRR11413683.16
2025-11-26 18:16:09.687775 INFO::Fitting model to feature number 1601, maxbin_SRR16168938.002
2025-11-26 18:16:09.713241 INFO::Fitting model to feature number 1602, metabat_SRR25825500.41_sub
2025-11-26 18:16:09.739596 INFO::Fitting model to feature number 1603, semibin_SRR5930526.142
2025-11-26 18:16:09.765099 INFO::Fitting model to feature number 1604, semibin_SRR11413645.160
2025-11-26 18:16:09.790837 INFO::Fitting model to feature number 1605, metabat_SRR13068845.7_sub
2025-11-26 18:16:09.816387 INFO::Fitting model to feature number 1606, semibin_ERR6267712.33
2025-11-26 18:16:09.84121 INFO::Fitting model to feature number 1607, maxbin_SRR16554790.012
2025-11-26 18:16:09.86665 INFO::Fitting model to feature number 1608, semibin_SRR13068843.42_sub
2025-11-26 18:16:09.898339 INFO::Fitting model to feature number 1609, maxbin_ERR6279657.031_sub
2025-11-26 18:16:09.95162 INFO::Fitting model to feature number 1610, semibin_SRR5930507.83_sub
2025-11-26 18:16:09.978568 INFO::Fitting model to feature number 1611, semibin_SRR5930532.79
2025-11-26 18:16:10.003772 INFO::Fitting model to feature number 1612, metabat_SRR11413684.26
2025-11-26 18:16:10.029912 INFO::Fitting model to feature number 1613, metabat_SRR25825505.39
2025-11-26 18:16:10.055512 INFO::Fitting model to feature number 1614, maxbin_SRR16554754.006
2025-11-26 18:16:10.080713 INFO::Fitting model to feature number 1615, semibin_SRR5930528.15
2025-11-26 18:16:10.106335 INFO::Fitting model to feature number 1616, semibin_ERR12405945.16
2025-11-26 18:16:10.131651 INFO::Fitting model to feature number 1617, metabat_ERR12405997.40_sub
2025-11-26 18:16:10.156106 INFO::Fitting model to feature number 1618, semibin_SRR5930520.41
2025-11-26 18:16:10.181509 INFO::Fitting model to feature number 1619, semibin_SRR13068835.130
2025-11-26 18:16:10.215547 INFO::Fitting model to feature number 1620, maxbin_SRR5930530.008
2025-11-26 18:16:10.24263 INFO::Fitting model to feature number 1621, semibin_SRR11413647.44
2025-11-26 18:16:10.269701 INFO::Fitting model to feature number 1622, semibin_SRR13022436.17
2025-11-26 18:16:10.294955 INFO::Fitting model to feature number 1623, maxbin_ERR6279682.002
2025-11-26 18:16:10.321001 INFO::Fitting model to feature number 1624, metabat_ERR6279676.12
2025-11-26 18:16:10.347689 INFO::Fitting model to feature number 1625, semibin_SRR5930516.11_sub
2025-11-26 18:16:10.372733 INFO::Fitting model to feature number 1626, semibin_ERR6279624.16
2025-11-26 18:16:10.399902 INFO::Fitting model to feature number 1627, semibin_SRR25825512.45
2025-11-26 18:16:10.426504 INFO::Fitting model to feature number 1628, semibin_SRR5930532.161
2025-11-26 18:16:10.451651 INFO::Fitting model to feature number 1629, maxbin_SRR23364204.002_sub
2025-11-26 18:16:10.480965 INFO::Fitting model to feature number 1630, maxbin_SRR16554764.017
2025-11-26 18:16:10.516409 INFO::Fitting model to feature number 1631, metabat_ERR6279664.26
2025-11-26 18:16:10.543415 INFO::Fitting model to feature number 1632, metabat_ERR6281751.28_sub
2025-11-26 18:16:10.573141 INFO::Fitting model to feature number 1633, metabat_SRR13022254.6
2025-11-26 18:16:10.601338 INFO::Fitting model to feature number 1634, metabat_SRR16554757.24
2025-11-26 18:16:10.648976 INFO::Fitting model to feature number 1635, semibin_SRR13068847.101
2025-11-26 18:16:10.680959 INFO::Fitting model to feature number 1636, metabat_SRR5930511.52
2025-11-26 18:16:10.706361 INFO::Fitting model to feature number 1637, semibin_ERR12405920.20
2025-11-26 18:16:10.733272 INFO::Fitting model to feature number 1638, semibin_SRR16554754.27
2025-11-26 18:16:10.760201 INFO::Fitting model to feature number 1639, semibin_SRR23364221.0
2025-11-26 18:16:10.785671 INFO::Fitting model to feature number 1640, maxbin_ERR6282070.005
2025-11-26 18:16:10.812504 INFO::Fitting model to feature number 1641, metabat_SRR16554768.12
2025-11-26 18:16:10.843861 INFO::Fitting model to feature number 1642, semibin_SRR5930506.83
2025-11-26 18:16:10.870371 INFO::Fitting model to feature number 1643, maxbin_SRR11413691.014
2025-11-26 18:16:10.899021 INFO::Fitting model to feature number 1644, semibin_SRR16168942.58
2025-11-26 18:16:10.924748 INFO::Fitting model to feature number 1645, metabat_ERR6279666.8
2025-11-26 18:16:10.949969 INFO::Fitting model to feature number 1646, metabat_ERR6279657.34
2025-11-26 18:16:10.976064 INFO::Fitting model to feature number 1647, maxbin_SRR20881988.013
2025-11-26 18:16:11.001317 INFO::Fitting model to feature number 1648, semibin_ERR12406013.72
2025-11-26 18:16:11.027324 INFO::Fitting model to feature number 1649, semibin_SRR16554766.42
2025-11-26 18:16:11.055264 INFO::Fitting model to feature number 1650, metabat_SRR23364240.26_sub
2025-11-26 18:16:11.082478 INFO::Fitting model to feature number 1651, maxbin_SRR5930519.003
2025-11-26 18:16:11.108664 INFO::Fitting model to feature number 1652, semibin_SRR13068825.28
2025-11-26 18:16:11.135852 INFO::Fitting model to feature number 1653, semibin_ERR6279622.41
2025-11-26 18:16:11.165586 INFO::Fitting model to feature number 1654, metabat_ERR12405910.29
2025-11-26 18:16:11.194723 INFO::Fitting model to feature number 1655, maxbin_SRR5930493.033_sub
2025-11-26 18:16:11.219682 INFO::Fitting model to feature number 1656, maxbin_SRR20881979.002
2025-11-26 18:16:11.244429 INFO::Fitting model to feature number 1657, semibin_SRR20881987.31
2025-11-26 18:16:11.270598 INFO::Fitting model to feature number 1658, metabat_ERR6279681.38
2025-11-26 18:16:11.294704 INFO::Fitting model to feature number 1659, metabat_SRR25825499.38
2025-11-26 18:16:11.3212 INFO::Fitting model to feature number 1660, semibin_ERR12405995.2
2025-11-26 18:16:11.371168 INFO::Fitting model to feature number 1661, semibin_SRR16554664.19
2025-11-26 18:16:11.398672 INFO::Fitting model to feature number 1662, semibin_ERR12405959.85
2025-11-26 18:16:11.430103 INFO::Fitting model to feature number 1663, semibin_SRR25825505.21
2025-11-26 18:16:11.4603 INFO::Fitting model to feature number 1664, maxbin_ERR12405911.018
2025-11-26 18:16:11.491849 INFO::Fitting model to feature number 1665, maxbin_SRR5930529.023_sub
2025-11-26 18:16:11.517856 INFO::Fitting model to feature number 1666, maxbin_SRR11413686.009_sub
2025-11-26 18:16:11.54579 INFO::Fitting model to feature number 1667, maxbin_SRR11413610.003
2025-11-26 18:16:11.571475 INFO::Fitting model to feature number 1668, semibin_SRR11413692.10_sub
2025-11-26 18:16:11.596205 INFO::Fitting model to feature number 1669, semibin_SRR11413617.99
2025-11-26 18:16:11.622145 INFO::Fitting model to feature number 1670, semibin_SRR5930493.92
2025-11-26 18:16:11.647356 INFO::Fitting model to feature number 1671, semibin_SRR11413606.56
2025-11-26 18:16:11.672071 INFO::Fitting model to feature number 1672, semibin_SRR6000920.93
2025-11-26 18:16:11.697887 INFO::Fitting model to feature number 1673, metabat_SRR6000902.41_sub
2025-11-26 18:16:11.723413 INFO::Fitting model to feature number 1674, metabat_ERR6281751.21
2025-11-26 18:16:11.748512 INFO::Fitting model to feature number 1675, semibin_ERR12405910.1
2025-11-26 18:16:11.783246 INFO::Fitting model to feature number 1676, maxbin_SRR23364202.013_sub
2025-11-26 18:16:11.80975 INFO::Fitting model to feature number 1677, semibin_ERR6279646.13
2025-11-26 18:16:11.836833 INFO::Fitting model to feature number 1678, maxbin_SRR11413685.021
2025-11-26 18:16:11.862878 INFO::Fitting model to feature number 1679, maxbin_SRR16554767.011
2025-11-26 18:16:11.887394 INFO::Fitting model to feature number 1680, maxbin_SRR5930514.007
2025-11-26 18:16:11.915772 INFO::Fitting model to feature number 1681, semibin_SRR16168941.28
2025-11-26 18:16:11.943881 INFO::Fitting model to feature number 1682, metabat_SRR13068848.27
2025-11-26 18:16:11.969198 INFO::Fitting model to feature number 1683, semibin_SRR25825517.26
2025-11-26 18:16:11.994948 INFO::Fitting model to feature number 1684, semibin_ERR6248618.3
2025-11-26 18:16:12.019967 INFO::Fitting model to feature number 1685, maxbin_SRR16554672.011_sub
2025-11-26 18:16:12.068424 INFO::Fitting model to feature number 1686, semibin_SRR11413657.198
2025-11-26 18:16:12.094843 INFO::Fitting model to feature number 1687, semibin_SRR23364175.38
2025-11-26 18:16:12.135266 INFO::Fitting model to feature number 1688, metabat_ERR6232526.6
2025-11-26 18:16:12.168958 INFO::Fitting model to feature number 1689, maxbin_SRR11413610.006
2025-11-26 18:16:12.196086 INFO::Fitting model to feature number 1690, semibin_SRR16168985.72
2025-11-26 18:16:12.221823 INFO::Fitting model to feature number 1691, maxbin_ERR6279645.022_sub
2025-11-26 18:16:12.248937 INFO::Fitting model to feature number 1692, semibin_SRR8387683.30
2025-11-26 18:16:12.273863 INFO::Fitting model to feature number 1693, metabat_ERR6275676.44
2025-11-26 18:16:12.300197 INFO::Fitting model to feature number 1694, metabat_SRR16168974.10
2025-11-26 18:16:12.325393 INFO::Fitting model to feature number 1695, maxbin_SRR5930505.044_sub
2025-11-26 18:16:12.350166 INFO::Fitting model to feature number 1696, semibin_ERR6275677.28
2025-11-26 18:16:12.375995 INFO::Fitting model to feature number 1697, semibin_SRR16554786.15
2025-11-26 18:16:12.401762 INFO::Fitting model to feature number 1698, maxbin_SRR25825517.009_sub
2025-11-26 18:16:12.426844 INFO::Fitting model to feature number 1699, semibin_SRR25825513.19
2025-11-26 18:16:12.460626 INFO::Fitting model to feature number 1700, semibin_ERR12405947.70
2025-11-26 18:16:12.487244 INFO::Fitting model to feature number 1701, semibin_SRR16554774.25
2025-11-26 18:16:12.517327 INFO::Fitting model to feature number 1702, metabat_ERR6280907.75
2025-11-26 18:16:12.548598 INFO::Fitting model to feature number 1703, metabat_ERR6243879.9
2025-11-26 18:16:12.57463 INFO::Fitting model to feature number 1704, metabat_SRR11413687.66
2025-11-26 18:16:12.600612 INFO::Fitting model to feature number 1705, metabat_SRR5930514.5
2025-11-26 18:16:12.627063 INFO::Fitting model to feature number 1706, metabat_SRR25825512.9
2025-11-26 18:16:12.6526 INFO::Fitting model to feature number 1707, metabat_SRR6000895.38
2025-11-26 18:16:12.678514 INFO::Fitting model to feature number 1708, semibin_SRR13068829.111
2025-11-26 18:16:12.705022 INFO::Fitting model to feature number 1709, metabat_ERR6281518.30
2025-11-26 18:16:12.730844 INFO::Fitting model to feature number 1710, semibin_SRR11413618.30
2025-11-26 18:16:12.758162 INFO::Fitting model to feature number 1711, metabat_SRR16554653.5
2025-11-26 18:16:12.816782 INFO::Fitting model to feature number 1712, maxbin_SRR11413619.022_sub
2025-11-26 18:16:12.843724 INFO::Fitting model to feature number 1713, semibin_ERR6279667.1
2025-11-26 18:16:12.868761 INFO::Fitting model to feature number 1714, metabat_ERR12405976.69
2025-11-26 18:16:12.895052 INFO::Fitting model to feature number 1715, metabat_SRR5930528.91
2025-11-26 18:16:12.920436 INFO::Fitting model to feature number 1716, metabat_SRR16168920.14
2025-11-26 18:16:12.945896 INFO::Fitting model to feature number 1717, semibin_SRR11413610.57_sub
2025-11-26 18:16:12.97188 INFO::Fitting model to feature number 1718, maxbin_SRR16554740.006
2025-11-26 18:16:12.997283 INFO::Fitting model to feature number 1719, metabat_ERR6281433.22
2025-11-26 18:16:13.02244 INFO::Fitting model to feature number 1720, metabat_ERR6279645.3
2025-11-26 18:16:13.05369 INFO::Fitting model to feature number 1721, semibin_SRR25825494.37
2025-11-26 18:16:13.082422 INFO::Fitting model to feature number 1722, metabat_SRR25825521.14
2025-11-26 18:16:13.111365 INFO::Fitting model to feature number 1723, metabat_ERR6239139.39
2025-11-26 18:16:13.137886 INFO::Fitting model to feature number 1724, semibin_SRR11413678.34
2025-11-26 18:16:13.163308 INFO::Fitting model to feature number 1725, semibin_ERR6275674.90
2025-11-26 18:16:13.189329 INFO::Fitting model to feature number 1726, semibin_ERR12405934.44_sub
2025-11-26 18:16:13.214826 INFO::Fitting model to feature number 1727, metabat_SRR16554760.5
2025-11-26 18:16:13.239969 INFO::Fitting model to feature number 1728, metabat_SRR5930532.23_sub
2025-11-26 18:16:13.265839 INFO::Fitting model to feature number 1729, semibin_ERR6281941.44
2025-11-26 18:16:13.290827 INFO::Fitting model to feature number 1730, semibin_SRR13068835.5
2025-11-26 18:16:13.31654 INFO::Fitting model to feature number 1731, semibin_SRR6000903.20
2025-11-26 18:16:13.342797 INFO::Fitting model to feature number 1732, semibin_SRR11413649.35
2025-11-26 18:16:13.369275 INFO::Fitting model to feature number 1733, semibin_ERR6229432.26
2025-11-26 18:16:13.40631 INFO::Fitting model to feature number 1734, metabat_ERR12405998.59
2025-11-26 18:16:13.436876 INFO::Fitting model to feature number 1735, metabat_SRR11413613.27
2025-11-26 18:16:13.462484 INFO::Fitting model to feature number 1736, semibin_ERR6264281.82
2025-11-26 18:16:13.509614 INFO::Fitting model to feature number 1737, semibin_ERR6281658.88
2025-11-26 18:16:13.536253 INFO::Fitting model to feature number 1738, semibin_ERR6279654.35
2025-11-26 18:16:13.561916 INFO::Fitting model to feature number 1739, semibin_SRR5930499.22_sub
2025-11-26 18:16:13.587144 INFO::Fitting model to feature number 1740, maxbin_SRR11413612.039_sub
2025-11-26 18:16:13.613275 INFO::Fitting model to feature number 1741, semibin_SRR13022319.12
2025-11-26 18:16:13.639014 INFO::Fitting model to feature number 1742, semibin_SRR11413608.95
2025-11-26 18:16:13.664492 INFO::Fitting model to feature number 1743, semibin_SRR11413687.106_sub
2025-11-26 18:16:13.69549 INFO::Fitting model to feature number 1744, maxbin_SRR20881983.003
2025-11-26 18:16:13.723532 INFO::Fitting model to feature number 1745, maxbin_SRR13022272.005
2025-11-26 18:16:13.751267 INFO::Fitting model to feature number 1746, semibin_SRR13068851.36
2025-11-26 18:16:13.776388 INFO::Fitting model to feature number 1747, semibin_SRR20881988.10
2025-11-26 18:16:13.803374 INFO::Fitting model to feature number 1748, metabat_SRR5930534.34
2025-11-26 18:16:13.8297 INFO::Fitting model to feature number 1749, maxbin_SRR5930519.014
2025-11-26 18:16:13.855597 INFO::Fitting model to feature number 1750, semibin_ERR6279644.33_sub
2025-11-26 18:16:13.882218 INFO::Fitting model to feature number 1751, semibin_SRR11413678.104
2025-11-26 18:16:13.912883 INFO::Fitting model to feature number 1752, semibin_SRR5930504.132
2025-11-26 18:16:13.939785 INFO::Fitting model to feature number 1753, semibin_SRR25825511.32_sub
2025-11-26 18:16:13.966062 INFO::Fitting model to feature number 1754, semibin_SRR8387683.84
2025-11-26 18:16:13.991772 INFO::Fitting model to feature number 1755, metabat_ERR6282298.15
2025-11-26 18:16:14.017025 INFO::Fitting model to feature number 1756, maxbin_SRR16554628.012
2025-11-26 18:16:14.050949 INFO::Fitting model to feature number 1757, metabat_ERR12406006.41
2025-11-26 18:16:14.077214 INFO::Fitting model to feature number 1758, metabat_SRR5930512.20
2025-11-26 18:16:14.107138 INFO::Fitting model to feature number 1759, semibin_SRR5930533.64
2025-11-26 18:16:14.132362 INFO::Fitting model to feature number 1760, metabat_ERR12405982.7
2025-11-26 18:16:14.158539 INFO::Fitting model to feature number 1761, metabat_ERR12406002.23
2025-11-26 18:16:14.183836 INFO::Fitting model to feature number 1762, maxbin_SRR13068847.041_sub
2025-11-26 18:16:14.232337 INFO::Fitting model to feature number 1763, maxbin_ERR12405943.006
2025-11-26 18:16:14.257696 INFO::Fitting model to feature number 1764, semibin_ERR12405912.39_sub
2025-11-26 18:16:14.282575 INFO::Fitting model to feature number 1765, maxbin_SRR16554633.004_sub
2025-11-26 18:16:14.308129 INFO::Fitting model to feature number 1766, maxbin_SRR11413613.018
2025-11-26 18:16:14.33285 INFO::Fitting model to feature number 1767, metabat_SRR16554632.45
2025-11-26 18:16:14.358408 INFO::Fitting model to feature number 1768, semibin_ERR6275675.25
2025-11-26 18:16:14.39301 INFO::Fitting model to feature number 1769, semibin_SRR5930503.63
2025-11-26 18:16:14.418429 INFO::Fitting model to feature number 1770, metabat_SRR16554652.40
2025-11-26 18:16:14.447252 INFO::Fitting model to feature number 1771, maxbin_SRR16554628.020
2025-11-26 18:16:14.471385 INFO::Fitting model to feature number 1772, metabat_ERR12406002.26
2025-11-26 18:16:14.497448 INFO::Fitting model to feature number 1773, semibin_ERR6279654.44_sub
2025-11-26 18:16:14.522607 INFO::Fitting model to feature number 1774, maxbin_ERR12405998.001_sub
2025-11-26 18:16:14.547251 INFO::Fitting model to feature number 1775, maxbin_ERR6279649.011
2025-11-26 18:16:14.572566 INFO::Fitting model to feature number 1776, maxbin_SRR23364192.019
2025-11-26 18:16:14.597178 INFO::Fitting model to feature number 1777, maxbin_ERR6275673.009_sub
2025-11-26 18:16:14.622691 INFO::Fitting model to feature number 1778, maxbin_ERR6275652.031_sub
2025-11-26 18:16:14.648831 INFO::Fitting model to feature number 1779, metabat_SRR20881983.56
2025-11-26 18:16:14.674292 INFO::Fitting model to feature number 1780, semibin_SRR23364178.53_sub
2025-11-26 18:16:14.710582 INFO::Fitting model to feature number 1781, metabat_SRR16554775.6_sub
2025-11-26 18:16:14.738766 INFO::Fitting model to feature number 1782, metabat_SRR16554769.19
2025-11-26 18:16:14.763999 INFO::Fitting model to feature number 1783, semibin_SRR13022450.11
2025-11-26 18:16:14.789774 INFO::Fitting model to feature number 1784, semibin_SRR20881988.34
2025-11-26 18:16:14.814372 INFO::Fitting model to feature number 1785, metabat_SRR25825503.64
2025-11-26 18:16:14.839989 INFO::Fitting model to feature number 1786, maxbin_ERR12405968.007_sub
2025-11-26 18:16:14.86491 INFO::Fitting model to feature number 1787, semibin_SRR16168940.33
2025-11-26 18:16:14.912006 INFO::Fitting model to feature number 1788, maxbin_SRR5930494.003
2025-11-26 18:16:14.936792 INFO::Fitting model to feature number 1789, semibin_ERR12405974.45
2025-11-26 18:16:14.962287 INFO::Fitting model to feature number 1790, semibin_SRR5930504.107
2025-11-26 18:16:14.987376 INFO::Fitting model to feature number 1791, maxbin_SRR11413652.007
2025-11-26 18:16:15.011757 INFO::Fitting model to feature number 1792, metabat_SRR11413655.33
2025-11-26 18:16:15.045154 INFO::Fitting model to feature number 1793, semibin_SRR20881986.23
2025-11-26 18:16:15.070903 INFO::Fitting model to feature number 1794, metabat_SRR16554763.9
2025-11-26 18:16:15.097926 INFO::Fitting model to feature number 1795, metabat_ERR6279676.21
2025-11-26 18:16:15.123003 INFO::Fitting model to feature number 1796, metabat_ERR6279657.74
2025-11-26 18:16:15.147711 INFO::Fitting model to feature number 1797, maxbin_ERR12405972.019
2025-11-26 18:16:15.17345 INFO::Fitting model to feature number 1798, semibin_SRR16554632.31_sub
2025-11-26 18:16:15.19817 INFO::Fitting model to feature number 1799, semibin_ERR6279615.16
2025-11-26 18:16:15.223463 INFO::Fitting model to feature number 1800, metabat_SRR5930501.64
2025-11-26 18:16:15.249534 INFO::Fitting model to feature number 1801, metabat_SRR5930514.24_sub
2025-11-26 18:16:15.274222 INFO::Fitting model to feature number 1802, metabat_SRR16554785.21
2025-11-26 18:16:15.300303 INFO::Fitting model to feature number 1803, semibin_SRR11413678.73
2025-11-26 18:16:15.327638 INFO::Fitting model to feature number 1804, semibin_ERR12405952.9
2025-11-26 18:16:15.35657 INFO::Fitting model to feature number 1805, semibin_SRR23364231.4
2025-11-26 18:16:15.384483 INFO::Fitting model to feature number 1806, maxbin_SRR5930499.004
2025-11-26 18:16:15.409594 INFO::Fitting model to feature number 1807, semibin_SRR16554628.46_sub
2025-11-26 18:16:15.435421 INFO::Fitting model to feature number 1808, metabat_ERR6279626.59
2025-11-26 18:16:15.459801 INFO::Fitting model to feature number 1809, maxbin_ERR6257997.012
2025-11-26 18:16:15.485464 INFO::Fitting model to feature number 1810, semibin_SRR5930532.72
2025-11-26 18:16:15.510829 INFO::Fitting model to feature number 1811, metabat_ERR6279644.24_sub
2025-11-26 18:16:15.53513 INFO::Fitting model to feature number 1812, semibin_SRR5930529.59
2025-11-26 18:16:15.560501 INFO::Fitting model to feature number 1813, maxbin_SRR16554777.015
2025-11-26 18:16:15.608287 INFO::Fitting model to feature number 1814, metabat_SRR6000932.51
2025-11-26 18:16:15.634066 INFO::Fitting model to feature number 1815, metabat_SRR11413645.47
2025-11-26 18:16:15.658801 INFO::Fitting model to feature number 1816, maxbin_SRR16554681.010
2025-11-26 18:16:15.69006 INFO::Fitting model to feature number 1817, semibin_SRR5930504.145
2025-11-26 18:16:15.714444 INFO::Fitting model to feature number 1818, metabat_SRR25825506.48
2025-11-26 18:16:15.743098 INFO::Fitting model to feature number 1819, metabat_SRR5930532.8_sub
2025-11-26 18:16:15.76802 INFO::Fitting model to feature number 1820, maxbin_ERR12405999.007
2025-11-26 18:16:15.79396 INFO::Fitting model to feature number 1821, metabat_SRR20881974.56
2025-11-26 18:16:15.819539 INFO::Fitting model to feature number 1822, metabat_ERR6279657.79
2025-11-26 18:16:15.844363 INFO::Fitting model to feature number 1823, semibin_SRR13068825.75
2025-11-26 18:16:15.870326 INFO::Fitting model to feature number 1824, metabat_SRR25825517.32
2025-11-26 18:16:15.894828 INFO::Fitting model to feature number 1825, maxbin_SRR25825521.011
2025-11-26 18:16:15.921094 INFO::Fitting model to feature number 1826, maxbin_SRR8387710.003
2025-11-26 18:16:15.946266 INFO::Fitting model to feature number 1827, maxbin_ERR12405994.023
2025-11-26 18:16:15.971617 INFO::Fitting model to feature number 1828, metabat_SRR11413689.9
2025-11-26 18:16:16.00839 INFO::Fitting model to feature number 1829, semibin_SRR16168943.41
2025-11-26 18:16:16.034567 INFO::Fitting model to feature number 1830, metabat_SRR16554658.17
2025-11-26 18:16:16.061403 INFO::Fitting model to feature number 1831, metabat_ERR12405939.20
2025-11-26 18:16:16.086241 INFO::Fitting model to feature number 1832, semibin_SRR23364187.82
2025-11-26 18:16:16.111884 INFO::Fitting model to feature number 1833, maxbin_SRR8387712.001
2025-11-26 18:16:16.137252 INFO::Fitting model to feature number 1834, metabat_SRR16554727.13_sub
2025-11-26 18:16:16.162038 INFO::Fitting model to feature number 1835, semibin_ERR6275668.126
2025-11-26 18:16:16.188416 INFO::Fitting model to feature number 1836, metabat_SRR16554657.23
2025-11-26 18:16:16.212649 INFO::Fitting model to feature number 1837, metabat_SRR16554727.4
2025-11-26 18:16:16.238845 INFO::Fitting model to feature number 1838, metabat_SRR23364197.91
2025-11-26 18:16:16.286704 INFO::Fitting model to feature number 1839, semibin_ERR6275674.45_sub
2025-11-26 18:16:16.312943 INFO::Fitting model to feature number 1840, semibin_ERR6230326.4
2025-11-26 18:16:16.33844 INFO::Fitting model to feature number 1841, metabat_SRR6000932.13
2025-11-26 18:16:16.369513 INFO::Fitting model to feature number 1842, metabat_SRR16554767.15
2025-11-26 18:16:16.400236 INFO::Fitting model to feature number 1843, semibin_SRR5930512.37
2025-11-26 18:16:16.426157 INFO::Fitting model to feature number 1844, metabat_SRR5930501.19_sub
2025-11-26 18:16:16.452426 INFO::Fitting model to feature number 1845, semibin_ERR6235716.28_sub
2025-11-26 18:16:16.476917 INFO::Fitting model to feature number 1846, semibin_SRR6000892.94
2025-11-26 18:16:16.503793 INFO::Fitting model to feature number 1847, maxbin_SRR6000908.002
2025-11-26 18:16:16.530197 INFO::Fitting model to feature number 1848, maxbin_SRR5930534.026_sub
2025-11-26 18:16:16.555985 INFO::Fitting model to feature number 1849, semibin_ERR12406004.1
2025-11-26 18:16:16.582384 INFO::Fitting model to feature number 1850, maxbin_SRR16554671.015_sub
2025-11-26 18:16:16.610814 INFO::Fitting model to feature number 1851, metabat_SRR11413678.18
2025-11-26 18:16:16.63809 INFO::Fitting model to feature number 1852, semibin_SRR11413649.100
2025-11-26 18:16:16.675999 INFO::Fitting model to feature number 1853, metabat_SRR20881981.21_sub
2025-11-26 18:16:16.703912 INFO::Fitting model to feature number 1854, metabat_SRR5930504.26
2025-11-26 18:16:16.729671 INFO::Fitting model to feature number 1855, maxbin_ERR12405933.003
2025-11-26 18:16:16.755799 INFO::Fitting model to feature number 1856, maxbin_SRR11413691.013
2025-11-26 18:16:16.780326 INFO::Fitting model to feature number 1857, semibin_SRR23364187.70
2025-11-26 18:16:16.806263 INFO::Fitting model to feature number 1858, metabat_ERR6279677.10
2025-11-26 18:16:16.830797 INFO::Fitting model to feature number 1859, maxbin_SRR11413620.008
2025-11-26 18:16:16.856231 INFO::Fitting model to feature number 1860, metabat_SRR23364201.31
2025-11-26 18:16:16.882451 INFO::Fitting model to feature number 1861, semibin_ERR6279625.36
2025-11-26 18:16:16.906704 INFO::Fitting model to feature number 1862, metabat_ERR12405952.30
2025-11-26 18:16:16.932474 INFO::Fitting model to feature number 1863, metabat_SRR13068834.43_sub
2025-11-26 18:16:16.987572 INFO::Fitting model to feature number 1864, semibin_SRR16554734.17
2025-11-26 18:16:17.019077 INFO::Fitting model to feature number 1865, semibin_SRR5930527.100
2025-11-26 18:16:17.043583 INFO::Fitting model to feature number 1866, metabat_SRR8387712.32_sub
2025-11-26 18:16:17.069617 INFO::Fitting model to feature number 1867, metabat_ERR6271721.74_sub
2025-11-26 18:16:17.094217 INFO::Fitting model to feature number 1868, semibin_ERR12406006.72
2025-11-26 18:16:17.119884 INFO::Fitting model to feature number 1869, metabat_ERR6232526.13
2025-11-26 18:16:17.145676 INFO::Fitting model to feature number 1870, metabat_SRR16168938.20_sub
2025-11-26 18:16:17.170112 INFO::Fitting model to feature number 1871, metabat_ERR6279622.67
2025-11-26 18:16:17.19581 INFO::Fitting model to feature number 1872, semibin_SRR5930517.10
2025-11-26 18:16:17.221754 INFO::Fitting model to feature number 1873, semibin_SRR13068815.96
2025-11-26 18:16:17.246549 INFO::Fitting model to feature number 1874, maxbin_ERR12405955.019
2025-11-26 18:16:17.27793 INFO::Fitting model to feature number 1875, maxbin_ERR6275671.007_sub
2025-11-26 18:16:17.303358 INFO::Fitting model to feature number 1876, semibin_SRR5930506.177_sub
2025-11-26 18:16:17.330636 INFO::Fitting model to feature number 1877, semibin_SRR11413610.21
2025-11-26 18:16:17.35501 INFO::Fitting model to feature number 1878, semibin_ERR6281997.48_sub
2025-11-26 18:16:17.381819 INFO::Fitting model to feature number 1879, semibin_ERR6279666.26
2025-11-26 18:16:17.406572 INFO::Fitting model to feature number 1880, maxbin_SRR16554772.010
2025-11-26 18:16:17.431628 INFO::Fitting model to feature number 1881, semibin_SRR11413692.14
2025-11-26 18:16:17.457186 INFO::Fitting model to feature number 1882, metabat_SRR20881987.26
2025-11-26 18:16:17.481508 INFO::Fitting model to feature number 1883, maxbin_SRR11413617.006
2025-11-26 18:16:17.506507 INFO::Fitting model to feature number 1884, semibin_SRR13068834.35
2025-11-26 18:16:17.531624 INFO::Fitting model to feature number 1885, metabat_SRR16554744.18
2025-11-26 18:16:17.555887 INFO::Fitting model to feature number 1886, metabat_ERR12405961.1_sub
2025-11-26 18:16:17.589289 INFO::Fitting model to feature number 1887, maxbin_SRR16168986.030_sub
2025-11-26 18:16:17.614568 INFO::Fitting model to feature number 1888, semibin_SRR16554644.4
2025-11-26 18:16:17.642169 INFO::Fitting model to feature number 1889, semibin_ERR12405928.73_sub
2025-11-26 18:16:17.690305 INFO::Fitting model to feature number 1890, metabat_ERR6275674.73
2025-11-26 18:16:17.71646 INFO::Fitting model to feature number 1891, maxbin_SRR23364230.017
2025-11-26 18:16:17.740941 INFO::Fitting model to feature number 1892, semibin_ERR6275675.85
2025-11-26 18:16:17.766866 INFO::Fitting model to feature number 1893, maxbin_ERR6280910.012
2025-11-26 18:16:17.791963 INFO::Fitting model to feature number 1894, metabat_ERR12406012.50_sub
2025-11-26 18:16:17.817151 INFO::Fitting model to feature number 1895, maxbin_SRR11413614.004
2025-11-26 18:16:17.842738 INFO::Fitting model to feature number 1896, metabat_SRR6000921.8
2025-11-26 18:16:17.868101 INFO::Fitting model to feature number 1897, metabat_SRR16554704.6
2025-11-26 18:16:17.899652 INFO::Fitting model to feature number 1898, maxbin_SRR13022258.012_sub
2025-11-26 18:16:17.925081 INFO::Fitting model to feature number 1899, semibin_ERR12406004.23
2025-11-26 18:16:17.952266 INFO::Fitting model to feature number 1900, maxbin_ERR12406000.009_sub
2025-11-26 18:16:17.977314 INFO::Fitting model to feature number 1901, maxbin_ERR12405914.010_sub
2025-11-26 18:16:18.00217 INFO::Fitting model to feature number 1902, metabat_ERR6279651.12
2025-11-26 18:16:18.028023 INFO::Fitting model to feature number 1903, metabat_SRR16554652.47
2025-11-26 18:16:18.053216 INFO::Fitting model to feature number 1904, metabat_SRR5930498.113
2025-11-26 18:16:18.079343 INFO::Fitting model to feature number 1905, metabat_ERR6282137.16
2025-11-26 18:16:18.104874 INFO::Fitting model to feature number 1906, metabat_ERR12405928.39
2025-11-26 18:16:18.129888 INFO::Fitting model to feature number 1907, maxbin_SRR16554643.001
2025-11-26 18:16:18.155798 INFO::Fitting model to feature number 1908, metabat_SRR11413614.4
2025-11-26 18:16:18.182292 INFO::Fitting model to feature number 1909, maxbin_SRR5930530.047
2025-11-26 18:16:18.211687 INFO::Fitting model to feature number 1910, metabat_ERR12405998.13
2025-11-26 18:16:18.238497 INFO::Fitting model to feature number 1911, maxbin_SRR16554723.009
2025-11-26 18:16:18.265088 INFO::Fitting model to feature number 1912, maxbin_SRR20881983.049_sub
2025-11-26 18:16:18.291195 INFO::Fitting model to feature number 1913, semibin_SRR16554636.22
2025-11-26 18:16:18.316042 INFO::Fitting model to feature number 1914, metabat_SRR25825496.4_sub
2025-11-26 18:16:18.363693 INFO::Fitting model to feature number 1915, semibin_ERR6279624.28
2025-11-26 18:16:18.389565 INFO::Fitting model to feature number 1916, maxbin_ERR12406013.003
2025-11-26 18:16:18.415235 INFO::Fitting model to feature number 1917, metabat_ERR6281518.82_sub
2025-11-26 18:16:18.439688 INFO::Fitting model to feature number 1918, metabat_SRR16168984.63
2025-11-26 18:16:18.465677 INFO::Fitting model to feature number 1919, semibin_ERR6275680.83
2025-11-26 18:16:18.494038 INFO::Fitting model to feature number 1920, semibin_ERR12405992.13
2025-11-26 18:16:18.523064 INFO::Fitting model to feature number 1921, semibin_SRR13068829.28_sub
2025-11-26 18:16:18.552308 INFO::Fitting model to feature number 1922, metabat_ERR12405949.30_sub
2025-11-26 18:16:18.577393 INFO::Fitting model to feature number 1923, metabat_ERR12405959.36
2025-11-26 18:16:18.604268 INFO::Fitting model to feature number 1924, semibin_SRR11413652.68
2025-11-26 18:16:18.628771 INFO::Fitting model to feature number 1925, semibin_SRR5930515.39_sub
2025-11-26 18:16:18.655231 INFO::Fitting model to feature number 1926, semibin_SRR16168918.72
2025-11-26 18:16:18.680644 INFO::Fitting model to feature number 1927, metabat_ERR12405955.18
2025-11-26 18:16:18.706412 INFO::Fitting model to feature number 1928, maxbin_SRR5930532.015
2025-11-26 18:16:18.731434 INFO::Fitting model to feature number 1929, metabat_SRR11413681.52
2025-11-26 18:16:18.756649 INFO::Fitting model to feature number 1930, semibin_SRR16554667.24
2025-11-26 18:16:18.782936 INFO::Fitting model to feature number 1931, semibin_SRR25825501.29
2025-11-26 18:16:18.817086 INFO::Fitting model to feature number 1932, metabat_ERR6279681.37
2025-11-26 18:16:18.844928 INFO::Fitting model to feature number 1933, metabat_ERR12405998.10
2025-11-26 18:16:18.874637 INFO::Fitting model to feature number 1934, metabat_SRR16554766.12
2025-11-26 18:16:18.899453 INFO::Fitting model to feature number 1935, semibin_SRR11413687.8
2025-11-26 18:16:18.925141 INFO::Fitting model to feature number 1936, metabat_SRR6000895.39
2025-11-26 18:16:18.950571 INFO::Fitting model to feature number 1937, metabat_SRR11413647.22
2025-11-26 18:16:18.975703 INFO::Fitting model to feature number 1938, metabat_ERR12405920.28
2025-11-26 18:16:19.001338 INFO::Fitting model to feature number 1939, metabat_ERR6279624.6_sub
2025-11-26 18:16:19.026308 INFO::Fitting model to feature number 1940, maxbin_ERR6281942.014
2025-11-26 18:16:19.098395 INFO::Fitting model to feature number 1941, semibin_SRR11413647.24_sub
2025-11-26 18:16:19.136959 INFO::Fitting model to feature number 1942, metabat_SRR16554777.35
2025-11-26 18:16:19.163588 INFO::Fitting model to feature number 1943, metabat_ERR12405998.47
2025-11-26 18:16:19.189786 INFO::Fitting model to feature number 1944, semibin_SRR6000949.57
2025-11-26 18:16:19.214617 INFO::Fitting model to feature number 1945, semibin_ERR6275652.61
2025-11-26 18:16:19.239614 INFO::Fitting model to feature number 1946, maxbin_SRR5930506.009
2025-11-26 18:16:19.264594 INFO::Fitting model to feature number 1947, semibin_ERR12405971.25
2025-11-26 18:16:19.288579 INFO::Fitting model to feature number 1948, semibin_SRR5930497.45
2025-11-26 18:16:19.31403 INFO::Fitting model to feature number 1949, maxbin_ERR6279649.012
2025-11-26 18:16:19.339001 INFO::Fitting model to feature number 1950, semibin_SRR11413613.5
2025-11-26 18:16:19.364305 INFO::Fitting model to feature number 1951, maxbin_SRR16554777.012
2025-11-26 18:16:19.3903 INFO::Fitting model to feature number 1952, semibin_SRR11413608.7
2025-11-26 18:16:19.414874 INFO::Fitting model to feature number 1953, semibin_ERR6279628.40
2025-11-26 18:16:19.448651 INFO::Fitting model to feature number 1954, semibin_SRR16168940.0
2025-11-26 18:16:19.480832 INFO::Fitting model to feature number 1955, semibin_SRR23364197.17_sub
2025-11-26 18:16:19.507542 INFO::Fitting model to feature number 1956, metabat_ERR12405972.5
2025-11-26 18:16:19.535627 INFO::Fitting model to feature number 1957, metabat_ERR6279625.1
2025-11-26 18:16:19.560802 INFO::Fitting model to feature number 1958, semibin_ERR6279656.6
2025-11-26 18:16:19.588274 INFO::Fitting model to feature number 1959, semibin_SRR16554650.49
2025-11-26 18:16:19.615428 INFO::Fitting model to feature number 1960, maxbin_SRR25825499.078
2025-11-26 18:16:19.640749 INFO::Fitting model to feature number 1961, semibin_SRR11413619.40
2025-11-26 18:16:19.667737 INFO::Fitting model to feature number 1962, metabat_SRR5930522.11
2025-11-26 18:16:19.693886 INFO::Fitting model to feature number 1963, semibin_SRR6000890.9
2025-11-26 18:16:19.719345 INFO::Fitting model to feature number 1964, semibin_SRR16554674.4
2025-11-26 18:16:19.75325 INFO::Fitting model to feature number 1965, semibin_SRR13068843.38
2025-11-26 18:16:19.801084 INFO::Fitting model to feature number 1966, semibin_ERR6279622.2
2025-11-26 18:16:19.825948 INFO::Fitting model to feature number 1967, metabat_ERR12406004.33
2025-11-26 18:16:19.85155 INFO::Fitting model to feature number 1968, maxbin_ERR6232521.007
2025-11-26 18:16:19.875534 INFO::Fitting model to feature number 1969, semibin_SRR11413690.24
2025-11-26 18:16:19.900894 INFO::Fitting model to feature number 1970, semibin_ERR6232528.6
2025-11-26 18:16:19.925187 INFO::Fitting model to feature number 1971, metabat_SRR16554753.15
2025-11-26 18:16:19.950512 INFO::Fitting model to feature number 1972, semibin_ERR12405947.16
2025-11-26 18:16:19.975819 INFO::Fitting model to feature number 1973, metabat_SRR16554632.31
2025-11-26 18:16:19.999701 INFO::Fitting model to feature number 1974, semibin_SRR25825510.79
2025-11-26 18:16:20.033556 INFO::Fitting model to feature number 1975, maxbin_SRR5930504.019
2025-11-26 18:16:20.059377 INFO::Fitting model to feature number 1976, semibin_SRR16554760.16
2025-11-26 18:16:20.085669 INFO::Fitting model to feature number 1977, semibin_SRR11413689.105
2025-11-26 18:16:20.110286 INFO::Fitting model to feature number 1978, metabat_SRR20881978.32
2025-11-26 18:16:20.136158 INFO::Fitting model to feature number 1979, metabat_SRR20881981.3
2025-11-26 18:16:20.161155 INFO::Fitting model to feature number 1980, metabat_SRR16554654.44
2025-11-26 18:16:20.18628 INFO::Fitting model to feature number 1981, maxbin_SRR5930512.016
2025-11-26 18:16:20.211696 INFO::Fitting model to feature number 1982, semibin_SRR25825500.13
2025-11-26 18:16:20.235591 INFO::Fitting model to feature number 1983, maxbin_SRR13022252.009_sub
2025-11-26 18:16:20.261013 INFO::Fitting model to feature number 1984, metabat_SRR20881983.38
2025-11-26 18:16:20.286161 INFO::Fitting model to feature number 1985, metabat_ERR12405959.31
2025-11-26 18:16:20.310673 INFO::Fitting model to feature number 1986, semibin_SRR13022391.11
2025-11-26 18:16:20.340682 INFO::Fitting model to feature number 1987, semibin_ERR6281518.50_sub
2025-11-26 18:16:20.366763 INFO::Fitting model to feature number 1988, maxbin_ERR12406011.031
2025-11-26 18:16:20.393784 INFO::Fitting model to feature number 1989, semibin_SRR11413656.102
2025-11-26 18:16:20.418404 INFO::Fitting model to feature number 1990, semibin_SRR23364171.81
2025-11-26 18:16:20.460833 INFO::Fitting model to feature number 1991, metabat_SRR5930520.43
2025-11-26 18:16:20.491383 INFO::Fitting model to feature number 1992, metabat_ERR12405914.16
2025-11-26 18:16:20.516812 INFO::Fitting model to feature number 1993, metabat_SRR13068828.46_sub
2025-11-26 18:16:20.542036 INFO::Fitting model to feature number 1994, semibin_ERR6281518.116
2025-11-26 18:16:20.567523 INFO::Fitting model to feature number 1995, semibin_ERR6281344.40
2025-11-26 18:16:20.592122 INFO::Fitting model to feature number 1996, maxbin_SRR25825514.018_sub
2025-11-26 18:16:20.617741 INFO::Fitting model to feature number 1997, semibin_SRR6000944.13
2025-11-26 18:16:20.648507 INFO::Fitting model to feature number 1998, metabat_ERR6279664.17
2025-11-26 18:16:20.676539 INFO::Fitting model to feature number 1999, semibin_SRR5930503.47
2025-11-26 18:16:20.704252 INFO::Fitting model to feature number 2000, metabat_SRR23364187.35_sub
2025-11-26 18:16:20.728599 INFO::Fitting model to feature number 2001, semibin_ERR6279679.10
2025-11-26 18:16:20.754685 INFO::Fitting model to feature number 2002, semibin_SRR25825503.35
2025-11-26 18:16:20.779294 INFO::Fitting model to feature number 2003, metabat_SRR16554775.14
2025-11-26 18:16:20.80535 INFO::Fitting model to feature number 2004, semibin_ERR6235718.4
2025-11-26 18:16:20.830797 INFO::Fitting model to feature number 2005, semibin_SRR16554721.45
2025-11-26 18:16:20.855763 INFO::Fitting model to feature number 2006, maxbin_ERR12405939.004
2025-11-26 18:16:20.881351 INFO::Fitting model to feature number 2007, maxbin_SRR11413619.006
2025-11-26 18:16:20.905841 INFO::Fitting model to feature number 2008, semibin_SRR11413648.87_sub
2025-11-26 18:16:20.931527 INFO::Fitting model to feature number 2009, semibin_SRR11413615.76
2025-11-26 18:16:20.963358 INFO::Fitting model to feature number 2010, semibin_ERR12405976.64
2025-11-26 18:16:20.989159 INFO::Fitting model to feature number 2011, semibin_SRR23364230.99
2025-11-26 18:16:21.015034 INFO::Fitting model to feature number 2012, semibin_ERR12405910.62
2025-11-26 18:16:21.041346 INFO::Fitting model to feature number 2013, maxbin_SRR16168940.014_sub
2025-11-26 18:16:21.066394 INFO::Fitting model to feature number 2014, maxbin_ERR12405915.008
2025-11-26 18:16:21.090765 INFO::Fitting model to feature number 2015, metabat_SRR5930528.27
2025-11-26 18:16:21.116103 INFO::Fitting model to feature number 2016, metabat_SRR13068823.20_sub
2025-11-26 18:16:21.163188 INFO::Fitting model to feature number 2017, metabat_ERR6281340.41
2025-11-26 18:16:21.187893 INFO::Fitting model to feature number 2018, semibin_ERR12405970.2_sub
2025-11-26 18:16:21.213482 INFO::Fitting model to feature number 2019, maxbin_ERR12405944.004
2025-11-26 18:16:21.238614 INFO::Fitting model to feature number 2020, semibin_SRR16554634.69
2025-11-26 18:16:21.263313 INFO::Fitting model to feature number 2021, metabat_ERR12405998.25
2025-11-26 18:16:21.296648 INFO::Fitting model to feature number 2022, semibin_ERR12406013.48
2025-11-26 18:16:21.321587 INFO::Fitting model to feature number 2023, semibin_SRR5930501.12
2025-11-26 18:16:21.349483 INFO::Fitting model to feature number 2024, metabat_ERR12406003.1
2025-11-26 18:16:21.374088 INFO::Fitting model to feature number 2025, metabat_ERR6279676.50
2025-11-26 18:16:21.400417 INFO::Fitting model to feature number 2026, metabat_SRR11413618.24
2025-11-26 18:16:21.424706 INFO::Fitting model to feature number 2027, semibin_ERR6281340.6
2025-11-26 18:16:21.450256 INFO::Fitting model to feature number 2028, maxbin_SRR16168896.006
2025-11-26 18:16:21.475816 INFO::Fitting model to feature number 2029, semibin_ERR12405943.41
2025-11-26 18:16:21.500693 INFO::Fitting model to feature number 2030, semibin_ERR12405933.78
2025-11-26 18:16:21.526288 INFO::Fitting model to feature number 2031, semibin_ERR12405976.91
2025-11-26 18:16:21.551146 INFO::Fitting model to feature number 2032, maxbin_SRR6000947.039
2025-11-26 18:16:21.576603 INFO::Fitting model to feature number 2033, semibin_SRR11413615.105
2025-11-26 18:16:21.607213 INFO::Fitting model to feature number 2034, maxbin_ERR6275673.018
2025-11-26 18:16:21.634702 INFO::Fitting model to feature number 2035, metabat_ERR6281433.6_sub
2025-11-26 18:16:21.662005 INFO::Fitting model to feature number 2036, maxbin_SRR16554744.010
2025-11-26 18:16:21.686662 INFO::Fitting model to feature number 2037, maxbin_SRR16554743.001_sub
2025-11-26 18:16:21.71216 INFO::Fitting model to feature number 2038, metabat_SRR11413652.11
2025-11-26 18:16:21.736821 INFO::Fitting model to feature number 2039, maxbin_ERR12405976.034_sub
2025-11-26 18:16:21.762894 INFO::Fitting model to feature number 2040, metabat_ERR12406011.21
2025-11-26 18:16:21.7877 INFO::Fitting model to feature number 2041, metabat_SRR11413690.35_sub
2025-11-26 18:16:21.833823 INFO::Fitting model to feature number 2042, metabat_ERR12405965.3
2025-11-26 18:16:21.86024 INFO::Fitting model to feature number 2043, maxbin_SRR5930502.001
2025-11-26 18:16:21.886235 INFO::Fitting model to feature number 2044, maxbin_ERR12405972.021
2025-11-26 18:16:21.910673 INFO::Fitting model to feature number 2045, semibin_ERR6275680.30
2025-11-26 18:16:21.945471 INFO::Fitting model to feature number 2046, metabat_SRR13068851.25
2025-11-26 18:16:21.971451 INFO::Fitting model to feature number 2047, metabat_ERR6281942.41_sub
2025-11-26 18:16:21.99767 INFO::Fitting model to feature number 2048, semibin_ERR12405981.28
2025-11-26 18:16:22.022384 INFO::Fitting model to feature number 2049, metabat_ERR12405920.6_sub
2025-11-26 18:16:22.047855 INFO::Fitting model to feature number 2050, maxbin_SRR20881988.009
2025-11-26 18:16:22.072664 INFO::Fitting model to feature number 2051, metabat_SRR16554789.32
2025-11-26 18:16:22.097455 INFO::Fitting model to feature number 2052, semibin_ERR12405942.29
2025-11-26 18:16:22.122988 INFO::Fitting model to feature number 2053, maxbin_SRR5930517.025_sub
2025-11-26 18:16:22.148098 INFO::Fitting model to feature number 2054, semibin_SRR16168913.75
2025-11-26 18:16:22.173174 INFO::Fitting model to feature number 2055, maxbin_ERR12406008.002_sub
2025-11-26 18:16:22.197888 INFO::Fitting model to feature number 2056, semibin_SRR13068846.36
2025-11-26 18:16:22.223388 INFO::Fitting model to feature number 2057, metabat_ERR12405943.44_sub
2025-11-26 18:16:22.25141 INFO::Fitting model to feature number 2058, semibin_SRR25825510.24
2025-11-26 18:16:22.281732 INFO::Fitting model to feature number 2059, semibin_SRR16554718.17_sub
2025-11-26 18:16:22.310766 INFO::Fitting model to feature number 2060, semibin_SRR6000877.55
2025-11-26 18:16:22.334892 INFO::Fitting model to feature number 2061, semibin_SRR5930497.86_sub
2025-11-26 18:16:22.359694 INFO::Fitting model to feature number 2062, metabat_ERR12406012.1_sub
2025-11-26 18:16:22.385068 INFO::Fitting model to feature number 2063, metabat_ERR6281342.22
2025-11-26 18:16:22.410851 INFO::Fitting model to feature number 2064, semibin_ERR12405952.7
2025-11-26 18:16:22.435519 INFO::Fitting model to feature number 2065, semibin_SRR5930520.180
2025-11-26 18:16:22.46061 INFO::Fitting model to feature number 2066, maxbin_SRR16168984.062
2025-11-26 18:16:22.485507 INFO::Fitting model to feature number 2067, maxbin_SRR25825500.013_sub
2025-11-26 18:16:22.538672 INFO::Fitting model to feature number 2068, semibin_SRR11413608.121
2025-11-26 18:16:22.565097 INFO::Fitting model to feature number 2069, semibin_ERR12405974.32
2025-11-26 18:16:22.593591 INFO::Fitting model to feature number 2070, maxbin_ERR6279619.020
2025-11-26 18:16:22.619183 INFO::Fitting model to feature number 2071, semibin_ERR6279647.53
2025-11-26 18:16:22.644516 INFO::Fitting model to feature number 2072, maxbin_SRR11413681.015_sub
2025-11-26 18:16:22.668932 INFO::Fitting model to feature number 2073, semibin_ERR6279628.83_sub
2025-11-26 18:16:22.694833 INFO::Fitting model to feature number 2074, semibin_SRR11413618.113_sub
2025-11-26 18:16:22.720898 INFO::Fitting model to feature number 2075, metabat_SRR13068853.29
2025-11-26 18:16:22.745532 INFO::Fitting model to feature number 2076, metabat_SRR16554636.10
2025-11-26 18:16:22.772136 INFO::Fitting model to feature number 2077, semibin_SRR13068841.58
2025-11-26 18:16:22.796335 INFO::Fitting model to feature number 2078, semibin_ERR12405997.28
2025-11-26 18:16:22.822483 INFO::Fitting model to feature number 2079, metabat_SRR6000949.29
2025-11-26 18:16:22.85111 INFO::Fitting model to feature number 2080, metabat_ERR6229432.22_sub
2025-11-26 18:16:22.87922 INFO::Fitting model to feature number 2081, metabat_SRR23364178.39_sub
2025-11-26 18:16:22.90905 INFO::Fitting model to feature number 2082, semibin_ERR6267711.1
2025-11-26 18:16:22.933411 INFO::Fitting model to feature number 2083, semibin_SRR13022423.21
2025-11-26 18:16:22.95995 INFO::Fitting model to feature number 2084, metabat_ERR6257997.12
2025-11-26 18:16:22.98447 INFO::Fitting model to feature number 2085, metabat_SRR5930493.50_sub
2025-11-26 18:16:23.010256 INFO::Fitting model to feature number 2086, semibin_SRR20881980.25
2025-11-26 18:16:23.03511 INFO::Fitting model to feature number 2087, maxbin_SRR16554636.007
2025-11-26 18:16:23.060126 INFO::Fitting model to feature number 2088, semibin_SRR16168930.147
2025-11-26 18:16:23.085178 INFO::Fitting model to feature number 2089, semibin_SRR11413649.46
2025-11-26 18:16:23.109753 INFO::Fitting model to feature number 2090, semibin_ERR12406015.22_sub
2025-11-26 18:16:23.135499 INFO::Fitting model to feature number 2091, semibin_ERR6279622.17
2025-11-26 18:16:23.159716 INFO::Fitting model to feature number 2092, maxbin_SRR13022453.007_sub
2025-11-26 18:16:23.214207 INFO::Fitting model to feature number 2093, maxbin_SRR16168969.005
2025-11-26 18:16:23.241688 INFO::Fitting model to feature number 2094, semibin_SRR5930530.132
2025-11-26 18:16:23.266636 INFO::Fitting model to feature number 2095, semibin_SRR11413690.9
2025-11-26 18:16:23.292925 INFO::Fitting model to feature number 2096, metabat_ERR6275675.32_sub
2025-11-26 18:16:23.317176 INFO::Fitting model to feature number 2097, metabat_SRR8387677.42
2025-11-26 18:16:23.342506 INFO::Fitting model to feature number 2098, semibin_ERR6275663.75_sub
2025-11-26 18:16:23.367799 INFO::Fitting model to feature number 2099, metabat_SRR13022456.4
2025-11-26 18:16:23.392504 INFO::Fitting model to feature number 2100, semibin_SRR5930517.66
2025-11-26 18:16:23.418506 INFO::Fitting model to feature number 2101, semibin_SRR11413649.38_sub
2025-11-26 18:16:23.442863 INFO::Fitting model to feature number 2102, semibin_SRR11413691.23
2025-11-26 18:16:23.468446 INFO::Fitting model to feature number 2103, semibin_SRR11413618.43_sub
2025-11-26 18:16:23.494585 INFO::Fitting model to feature number 2104, metabat_SRR16554779.19
2025-11-26 18:16:23.524109 INFO::Fitting model to feature number 2105, semibin_SRR23364231.16
2025-11-26 18:16:23.548962 INFO::Fitting model to feature number 2106, semibin_SRR6000932.54
2025-11-26 18:16:23.576957 INFO::Fitting model to feature number 2107, maxbin_SRR16554760.005
2025-11-26 18:16:23.601257 INFO::Fitting model to feature number 2108, metabat_SRR16554656.29
2025-11-26 18:16:23.626885 INFO::Fitting model to feature number 2109, metabat_ERR6275678.3
2025-11-26 18:16:23.65191 INFO::Fitting model to feature number 2110, semibin_SRR5930506.126
2025-11-26 18:16:23.676891 INFO::Fitting model to feature number 2111, semibin_SRR13068823.83
2025-11-26 18:16:23.701653 INFO::Fitting model to feature number 2112, metabat_SRR16554757.37
2025-11-26 18:16:23.726303 INFO::Fitting model to feature number 2113, semibin_ERR12405934.0
2025-11-26 18:16:23.751632 INFO::Fitting model to feature number 2114, metabat_SRR13068834.35
2025-11-26 18:16:23.776351 INFO::Fitting model to feature number 2115, metabat_SRR5930494.44
2025-11-26 18:16:23.8018 INFO::Fitting model to feature number 2116, semibin_ERR12405946.2
2025-11-26 18:16:23.82729 INFO::Fitting model to feature number 2117, metabat_ERR6279648.17_sub
2025-11-26 18:16:23.86055 INFO::Fitting model to feature number 2118, metabat_ERR6231475.22_sub
2025-11-26 18:16:23.912024 INFO::Fitting model to feature number 2119, maxbin_SRR8387676.013_sub
2025-11-26 18:16:23.937885 INFO::Fitting model to feature number 2120, maxbin_SRR16554660.004
2025-11-26 18:16:23.962483 INFO::Fitting model to feature number 2121, semibin_SRR16168984.61
2025-11-26 18:16:23.988071 INFO::Fitting model to feature number 2122, semibin_SRR11413656.61
2025-11-26 18:16:24.012537 INFO::Fitting model to feature number 2123, maxbin_SRR5930508.015
2025-11-26 18:16:24.038161 INFO::Fitting model to feature number 2124, maxbin_ERR6281342.028
2025-11-26 18:16:24.062623 INFO::Fitting model to feature number 2125, metabat_SRR20881984.45
2025-11-26 18:16:24.088336 INFO::Fitting model to feature number 2126, metabat_SRR16554777.11
2025-11-26 18:16:24.113734 INFO::Fitting model to feature number 2127, maxbin_SRR16554777.024_sub
2025-11-26 18:16:24.138322 INFO::Fitting model to feature number 2128, semibin_ERR12405939.57_sub
2025-11-26 18:16:24.16903 INFO::Fitting model to feature number 2129, maxbin_SRR20881987.014_sub
2025-11-26 18:16:24.194774 INFO::Fitting model to feature number 2130, semibin_SRR11413649.8
2025-11-26 18:16:24.222503 INFO::Fitting model to feature number 2131, semibin_SRR6000909.45
2025-11-26 18:16:24.247225 INFO::Fitting model to feature number 2132, semibin_SRR23364196.25
2025-11-26 18:16:24.273338 INFO::Fitting model to feature number 2133, maxbin_ERR6279677.010
2025-11-26 18:16:24.297652 INFO::Fitting model to feature number 2134, semibin_SRR5930531.137
2025-11-26 18:16:24.323102 INFO::Fitting model to feature number 2135, maxbin_ERR12406007.007
2025-11-26 18:16:24.347392 INFO::Fitting model to feature number 2136, metabat_ERR6275663.73
2025-11-26 18:16:24.372958 INFO::Fitting model to feature number 2137, metabat_SRR13068843.23
2025-11-26 18:16:24.397865 INFO::Fitting model to feature number 2138, metabat_SRR6000894.44
2025-11-26 18:16:24.422043 INFO::Fitting model to feature number 2139, metabat_SRR11413691.28
2025-11-26 18:16:24.447356 INFO::Fitting model to feature number 2140, metabat_ERR12405995.34
2025-11-26 18:16:24.471498 INFO::Fitting model to feature number 2141, semibin_SRR16554790.12
2025-11-26 18:16:24.507332 INFO::Fitting model to feature number 2142, metabat_SRR16554687.21
2025-11-26 18:16:24.532631 INFO::Fitting model to feature number 2143, semibin_SRR16554715.19
2025-11-26 18:16:24.581384 INFO::Fitting model to feature number 2144, semibin_ERR12406006.56
2025-11-26 18:16:24.607717 INFO::Fitting model to feature number 2145, metabat_ERR12405992.35_sub
2025-11-26 18:16:24.633006 INFO::Fitting model to feature number 2146, semibin_ERR6282137.82
2025-11-26 18:16:24.658318 INFO::Fitting model to feature number 2147, semibin_SRR6000946.68
2025-11-26 18:16:24.683257 INFO::Fitting model to feature number 2148, semibin_SRR11413683.84
2025-11-26 18:16:24.707967 INFO::Fitting model to feature number 2149, semibin_SRR5930526.3
2025-11-26 18:16:24.733613 INFO::Fitting model to feature number 2150, semibin_ERR6233693.3_sub
2025-11-26 18:16:24.757977 INFO::Fitting model to feature number 2151, semibin_SRR23364176.76
2025-11-26 18:16:24.783704 INFO::Fitting model to feature number 2152, maxbin_SRR6000949.021_sub
2025-11-26 18:16:24.811614 INFO::Fitting model to feature number 2153, semibin_ERR6243877.15_sub
2025-11-26 18:16:24.841166 INFO::Fitting model to feature number 2154, metabat_SRR13022456.2
2025-11-26 18:16:24.868453 INFO::Fitting model to feature number 2155, semibin_SRR16168938.32
2025-11-26 18:16:24.893292 INFO::Fitting model to feature number 2156, metabat_ERR6279629.12_sub
2025-11-26 18:16:24.919042 INFO::Fitting model to feature number 2157, semibin_SRR16168896.8
2025-11-26 18:16:24.944498 INFO::Fitting model to feature number 2158, semibin_ERR6279628.63
2025-11-26 18:16:24.97015 INFO::Fitting model to feature number 2159, semibin_ERR12405932.31
2025-11-26 18:16:24.994263 INFO::Fitting model to feature number 2160, maxbin_SRR16168986.013_sub
2025-11-26 18:16:25.020197 INFO::Fitting model to feature number 2161, metabat_ERR12405960.21
2025-11-26 18:16:25.045129 INFO::Fitting model to feature number 2162, semibin_ERR12405916.3
2025-11-26 18:16:25.069663 INFO::Fitting model to feature number 2163, semibin_SRR5930527.76
2025-11-26 18:16:25.094357 INFO::Fitting model to feature number 2164, metabat_ERR6254871.61
2025-11-26 18:16:25.11832 INFO::Fitting model to feature number 2165, semibin_ERR12405995.25
2025-11-26 18:16:25.151455 INFO::Fitting model to feature number 2166, semibin_ERR6279671.28_sub
2025-11-26 18:16:25.176211 INFO::Fitting model to feature number 2167, metabat_SRR11413610.65_sub
2025-11-26 18:16:25.204043 INFO::Fitting model to feature number 2168, semibin_SRR16554634.8_sub
2025-11-26 18:16:25.228277 INFO::Fitting model to feature number 2169, metabat_SRR25825516.12
2025-11-26 18:16:25.275719 INFO::Fitting model to feature number 2170, metabat_SRR23364176.34
2025-11-26 18:16:25.301772 INFO::Fitting model to feature number 2171, metabat_SRR16168940.14
2025-11-26 18:16:25.325558 INFO::Fitting model to feature number 2172, semibin_SRR5930527.83_sub
2025-11-26 18:16:25.350568 INFO::Fitting model to feature number 2173, maxbin_ERR6254871.004
2025-11-26 18:16:25.375471 INFO::Fitting model to feature number 2174, maxbin_SRR11413618.087_sub
2025-11-26 18:16:25.400733 INFO::Fitting model to feature number 2175, metabat_SRR16554758.22
2025-11-26 18:16:25.425268 INFO::Fitting model to feature number 2176, semibin_SRR13022263.2
2025-11-26 18:16:25.449576 INFO::Fitting model to feature number 2177, semibin_ERR6279669.31_sub
2025-11-26 18:16:25.479251 INFO::Fitting model to feature number 2178, maxbin_SRR5930533.003
2025-11-26 18:16:25.50486 INFO::Fitting model to feature number 2179, metabat_ERR12405932.24
2025-11-26 18:16:25.532679 INFO::Fitting model to feature number 2180, maxbin_SRR13068819.002
2025-11-26 18:16:25.557855 INFO::Fitting model to feature number 2181, semibin_ERR12405955.60
2025-11-26 18:16:25.583771 INFO::Fitting model to feature number 2182, maxbin_ERR6275680.033
2025-11-26 18:16:25.608279 INFO::Fitting model to feature number 2183, semibin_SRR16554628.84
2025-11-26 18:16:25.634066 INFO::Fitting model to feature number 2184, metabat_SRR6000949.42_sub
2025-11-26 18:16:25.658138 INFO::Fitting model to feature number 2185, metabat_SRR11413618.80
2025-11-26 18:16:25.684101 INFO::Fitting model to feature number 2186, metabat_ERR12406013.34
2025-11-26 18:16:25.709088 INFO::Fitting model to feature number 2187, semibin_SRR11413614.5_sub
2025-11-26 18:16:25.734461 INFO::Fitting model to feature number 2188, maxbin_SRR5930511.004
2025-11-26 18:16:25.759407 INFO::Fitting model to feature number 2189, semibin_SRR5930498.210
2025-11-26 18:16:25.783663 INFO::Fitting model to feature number 2190, maxbin_SRR16554769.015_sub
2025-11-26 18:16:25.814827 INFO::Fitting model to feature number 2191, semibin_SRR16554651.34_sub
2025-11-26 18:16:25.839943 INFO::Fitting model to feature number 2192, semibin_ERR12405970.21
2025-11-26 18:16:25.867519 INFO::Fitting model to feature number 2193, metabat_ERR12405928.43
2025-11-26 18:16:25.891565 INFO::Fitting model to feature number 2194, metabat_ERR6279670.21
2025-11-26 18:16:25.939068 INFO::Fitting model to feature number 2195, metabat_ERR6281518.47
2025-11-26 18:16:25.965125 INFO::Fitting model to feature number 2196, semibin_SRR11413606.86
2025-11-26 18:16:25.989192 INFO::Fitting model to feature number 2197, semibin_ERR6275666.75
2025-11-26 18:16:26.014331 INFO::Fitting model to feature number 2198, maxbin_SRR5930508.022
2025-11-26 18:16:26.038131 INFO::Fitting model to feature number 2199, metabat_ERR12405931.15
2025-11-26 18:16:26.063956 INFO::Fitting model to feature number 2200, maxbin_SRR16554647.016
2025-11-26 18:16:26.088799 INFO::Fitting model to feature number 2201, semibin_ERR6281341.23_sub
2025-11-26 18:16:26.11327 INFO::Fitting model to feature number 2202, semibin_ERR6275668.67
2025-11-26 18:16:26.144242 INFO::Fitting model to feature number 2203, metabat_SRR11413683.6_sub
2025-11-26 18:16:26.170528 INFO::Fitting model to feature number 2204, maxbin_SRR5930529.037
2025-11-26 18:16:26.195422 INFO::Fitting model to feature number 2205, maxbin_SRR11413678.048
2025-11-26 18:16:26.21979 INFO::Fitting model to feature number 2206, maxbin_SRR16168918.066
2025-11-26 18:16:26.245063 INFO::Fitting model to feature number 2207, semibin_SRR16168940.27
2025-11-26 18:16:26.270324 INFO::Fitting model to feature number 2208, semibin_SRR13068843.62_sub
2025-11-26 18:16:26.296079 INFO::Fitting model to feature number 2209, metabat_ERR12405955.28
2025-11-26 18:16:26.320113 INFO::Fitting model to feature number 2210, metabat_SRR16168945.34
2025-11-26 18:16:26.344949 INFO::Fitting model to feature number 2211, semibin_ERR6279626.1
2025-11-26 18:16:26.36955 INFO::Fitting model to feature number 2212, maxbin_ERR6281586.033
2025-11-26 18:16:26.402644 INFO::Fitting model to feature number 2213, metabat_ERR12406004.16
2025-11-26 18:16:26.429709 INFO::Fitting model to feature number 2214, semibin_SRR6000901.38
2025-11-26 18:16:26.455651 INFO::Fitting model to feature number 2215, metabat_ERR12405984.37
2025-11-26 18:16:26.480115 INFO::Fitting model to feature number 2216, semibin_ERR12405961.52
2025-11-26 18:16:26.505398 INFO::Fitting model to feature number 2217, semibin_SRR11413619.8_sub
2025-11-26 18:16:26.530376 INFO::Fitting model to feature number 2218, metabat_ERR6279657.98_sub
2025-11-26 18:16:26.55494 INFO::Fitting model to feature number 2219, metabat_SRR16554725.6
2025-11-26 18:16:26.6009 INFO::Fitting model to feature number 2220, metabat_ERR12405961.39_sub
2025-11-26 18:16:26.626381 INFO::Fitting model to feature number 2221, semibin_SRR25825512.2_sub
2025-11-26 18:16:26.651727 INFO::Fitting model to feature number 2222, semibin_ERR12405955.23_sub
2025-11-26 18:16:26.676833 INFO::Fitting model to feature number 2223, semibin_ERR12405994.32
2025-11-26 18:16:26.707756 INFO::Fitting model to feature number 2224, semibin_ERR6281658.16
2025-11-26 18:16:26.733292 INFO::Fitting model to feature number 2225, semibin_ERR6279628.51
2025-11-26 18:16:26.761086 INFO::Fitting model to feature number 2226, maxbin_SRR5930507.019
2025-11-26 18:16:26.785545 INFO::Fitting model to feature number 2227, metabat_ERR6275673.75
2025-11-26 18:16:26.810505 INFO::Fitting model to feature number 2228, metabat_ERR12405915.31
2025-11-26 18:16:26.835165 INFO::Fitting model to feature number 2229, metabat_SRR11413690.18
2025-11-26 18:16:26.860131 INFO::Fitting model to feature number 2230, metabat_ERR6233695.27
2025-11-26 18:16:26.885167 INFO::Fitting model to feature number 2231, maxbin_SRR11413645.052
2025-11-26 18:16:26.910401 INFO::Fitting model to feature number 2232, semibin_SRR20881974.45_sub
2025-11-26 18:16:26.9348 INFO::Fitting model to feature number 2233, metabat_SRR16554760.8_sub
2025-11-26 18:16:26.960925 INFO::Fitting model to feature number 2234, semibin_ERR6279669.43
2025-11-26 18:16:26.985534 INFO::Fitting model to feature number 2235, semibin_SRR16554684.32
2025-11-26 18:16:27.01072 INFO::Fitting model to feature number 2236, maxbin_SRR5930503.014
2025-11-26 18:16:27.039862 INFO::Fitting model to feature number 2237, maxbin_SRR16168926.001_sub
2025-11-26 18:16:27.069014 INFO::Fitting model to feature number 2238, semibin_ERR6235718.14
2025-11-26 18:16:27.09286 INFO::Fitting model to feature number 2239, semibin_ERR6275674.52
2025-11-26 18:16:27.117993 INFO::Fitting model to feature number 2240, metabat_SRR11413679.7
2025-11-26 18:16:27.142186 INFO::Fitting model to feature number 2241, metabat_SRR6000932.38
2025-11-26 18:16:27.167547 INFO::Fitting model to feature number 2242, maxbin_ERR6229432.012
2025-11-26 18:16:27.191327 INFO::Fitting model to feature number 2243, semibin_ERR6282137.80
2025-11-26 18:16:27.216709 INFO::Fitting model to feature number 2244, maxbin_SRR16554633.011
2025-11-26 18:16:27.240316 INFO::Fitting model to feature number 2245, metabat_SRR16554632.20
2025-11-26 18:16:27.289653 INFO::Fitting model to feature number 2246, metabat_SRR16554769.2
2025-11-26 18:16:27.319915 INFO::Fitting model to feature number 2247, maxbin_SRR13068818.027_sub
2025-11-26 18:16:27.348249 INFO::Fitting model to feature number 2248, semibin_ERR12405939.30
2025-11-26 18:16:27.373176 INFO::Fitting model to feature number 2249, semibin_ERR12405928.58
2025-11-26 18:16:27.399714 INFO::Fitting model to feature number 2250, semibin_SRR8387683.34_sub
2025-11-26 18:16:27.42405 INFO::Fitting model to feature number 2251, metabat_ERR12405935.40
2025-11-26 18:16:27.450297 INFO::Fitting model to feature number 2252, maxbin_ERR6281434.009_sub
2025-11-26 18:16:27.474604 INFO::Fitting model to feature number 2253, semibin_SRR5930520.204
2025-11-26 18:16:27.500062 INFO::Fitting model to feature number 2254, metabat_SRR16554651.36
2025-11-26 18:16:27.524508 INFO::Fitting model to feature number 2255, metabat_ERR12406003.35
2025-11-26 18:16:27.549938 INFO::Fitting model to feature number 2256, metabat_ERR12405911.15
2025-11-26 18:16:27.579 INFO::Fitting model to feature number 2257, maxbin_SRR5930520.011
2025-11-26 18:16:27.606778 INFO::Fitting model to feature number 2258, maxbin_SRR16554740.019
2025-11-26 18:16:27.634025 INFO::Fitting model to feature number 2259, maxbin_SRR16168940.020_sub
2025-11-26 18:16:27.659705 INFO::Fitting model to feature number 2260, metabat_SRR25825506.41
2025-11-26 18:16:27.685265 INFO::Fitting model to feature number 2261, semibin_ERR12405987.20
2025-11-26 18:16:27.709601 INFO::Fitting model to feature number 2262, maxbin_SRR11413618.020
2025-11-26 18:16:27.735421 INFO::Fitting model to feature number 2263, metabat_SRR11413653.56
2025-11-26 18:16:27.759852 INFO::Fitting model to feature number 2264, metabat_SRR16554660.42
2025-11-26 18:16:27.785393 INFO::Fitting model to feature number 2265, semibin_SRR16554639.10
2025-11-26 18:16:27.809727 INFO::Fitting model to feature number 2266, semibin_SRR16168940.32
2025-11-26 18:16:27.83522 INFO::Fitting model to feature number 2267, metabat_ERR6281500.32
2025-11-26 18:16:27.859552 INFO::Fitting model to feature number 2268, maxbin_SRR5930507.005
2025-11-26 18:16:27.884781 INFO::Fitting model to feature number 2269, metabat_SRR20881978.1_sub
2025-11-26 18:16:27.913068 INFO::Fitting model to feature number 2270, metabat_SRR16554669.42
2025-11-26 18:16:27.961115 INFO::Fitting model to feature number 2271, metabat_SRR16554641.12
2025-11-26 18:16:27.990568 INFO::Fitting model to feature number 2272, semibin_SRR11413652.9_sub
2025-11-26 18:16:28.015111 INFO::Fitting model to feature number 2273, semibin_ERR6279676.74
2025-11-26 18:16:28.040687 INFO::Fitting model to feature number 2274, semibin_SRR16554660.115
2025-11-26 18:16:28.064799 INFO::Fitting model to feature number 2275, maxbin_SRR23364170.010_sub
2025-11-26 18:16:28.090266 INFO::Fitting model to feature number 2276, semibin_SRR16168985.93
2025-11-26 18:16:28.114738 INFO::Fitting model to feature number 2277, metabat_ERR12405943.30
2025-11-26 18:16:28.139564 INFO::Fitting model to feature number 2278, semibin_SRR16554671.39
2025-11-26 18:16:28.164749 INFO::Fitting model to feature number 2279, maxbin_SRR5930501.008
2025-11-26 18:16:28.189157 INFO::Fitting model to feature number 2280, semibin_SRR11413657.56
2025-11-26 18:16:28.214898 INFO::Fitting model to feature number 2281, maxbin_ERR12405934.015_sub
2025-11-26 18:16:28.239095 INFO::Fitting model to feature number 2282, metabat_ERR6275668.55
2025-11-26 18:16:28.270573 INFO::Fitting model to feature number 2283, metabat_SRR11413611.60
2025-11-26 18:16:28.297062 INFO::Fitting model to feature number 2284, semibin_SRR16554627.71
2025-11-26 18:16:28.324651 INFO::Fitting model to feature number 2285, maxbin_ERR6232527.010
2025-11-26 18:16:28.349649 INFO::Fitting model to feature number 2286, metabat_SRR13068815.13_sub
2025-11-26 18:16:28.374929 INFO::Fitting model to feature number 2287, metabat_ERR6280907.89
2025-11-26 18:16:28.399575 INFO::Fitting model to feature number 2288, semibin_SRR5930497.77
2025-11-26 18:16:28.425498 INFO::Fitting model to feature number 2289, semibin_SRR11413678.51
2025-11-26 18:16:28.450101 INFO::Fitting model to feature number 2290, semibin_SRR16554777.37
2025-11-26 18:16:28.476881 INFO::Fitting model to feature number 2291, metabat_ERR12405973.26
2025-11-26 18:16:28.502236 INFO::Fitting model to feature number 2292, metabat_SRR25825514.34
2025-11-26 18:16:28.527534 INFO::Fitting model to feature number 2293, metabat_SRR16554757.25
2025-11-26 18:16:28.56155 INFO::Fitting model to feature number 2294, semibin_SRR16554766.58
2025-11-26 18:16:28.587281 INFO::Fitting model to feature number 2295, metabat_ERR12406004.31
2025-11-26 18:16:28.614595 INFO::Fitting model to feature number 2296, semibin_SRR25825501.28
2025-11-26 18:16:28.660806 INFO::Fitting model to feature number 2297, maxbin_SRR25825518.017_sub
2025-11-26 18:16:28.68655 INFO::Fitting model to feature number 2298, maxbin_SRR16554626.019
2025-11-26 18:16:28.711152 INFO::Fitting model to feature number 2299, metabat_SRR20881983.76
2025-11-26 18:16:28.736284 INFO::Fitting model to feature number 2300, metabat_SRR11413618.92
2025-11-26 18:16:28.761434 INFO::Fitting model to feature number 2301, semibin_ERR6229432.4
2025-11-26 18:16:28.78644 INFO::Fitting model to feature number 2302, semibin_SRR16554650.13
2025-11-26 18:16:28.811774 INFO::Fitting model to feature number 2303, metabat_ERR6279624.22
2025-11-26 18:16:28.836236 INFO::Fitting model to feature number 2304, semibin_SRR5930512.42
2025-11-26 18:16:28.861459 INFO::Fitting model to feature number 2305, metabat_ERR6232527.17
2025-11-26 18:16:28.886127 INFO::Fitting model to feature number 2306, semibin_SRR5930528.78
2025-11-26 18:16:28.917962 INFO::Fitting model to feature number 2307, semibin_SRR20881987.22
2025-11-26 18:16:28.94323 INFO::Fitting model to feature number 2308, maxbin_ERR6275677.011
2025-11-26 18:16:28.970617 INFO::Fitting model to feature number 2309, metabat_SRR25825494.21
2025-11-26 18:16:28.995497 INFO::Fitting model to feature number 2310, maxbin_SRR11413614.027_sub
2025-11-26 18:16:29.021615 INFO::Fitting model to feature number 2311, metabat_SRR5930508.52
2025-11-26 18:16:29.045892 INFO::Fitting model to feature number 2312, metabat_SRR6000920.5_sub
2025-11-26 18:16:29.07167 INFO::Fitting model to feature number 2313, semibin_ERR12405944.21
2025-11-26 18:16:29.096441 INFO::Fitting model to feature number 2314, semibin_SRR6000908.41
2025-11-26 18:16:29.121997 INFO::Fitting model to feature number 2315, metabat_ERR6279625.50
2025-11-26 18:16:29.146489 INFO::Fitting model to feature number 2316, metabat_SRR16554769.49
2025-11-26 18:16:29.171683 INFO::Fitting model to feature number 2317, semibin_SRR13068843.26
2025-11-26 18:16:29.196803 INFO::Fitting model to feature number 2318, metabat_ERR6280899.67
2025-11-26 18:16:29.220988 INFO::Fitting model to feature number 2319, maxbin_SRR11413648.031
2025-11-26 18:16:29.253464 INFO::Fitting model to feature number 2320, semibin_ERR6280899.10
2025-11-26 18:16:29.278946 INFO::Fitting model to feature number 2321, maxbin_ERR12406003.003_sub
2025-11-26 18:16:29.3321 INFO::Fitting model to feature number 2322, semibin_ERR12405955.68
2025-11-26 18:16:29.356845 INFO::Fitting model to feature number 2323, maxbin_SRR5930505.002
2025-11-26 18:16:29.381082 INFO::Fitting model to feature number 2324, metabat_ERR6281997.12
2025-11-26 18:16:29.406423 INFO::Fitting model to feature number 2325, metabat_SRR16168986.30_sub
2025-11-26 18:16:29.430333 INFO::Fitting model to feature number 2326, semibin_SRR5930495.18
2025-11-26 18:16:29.455715 INFO::Fitting model to feature number 2327, metabat_SRR11413654.79
2025-11-26 18:16:29.480066 INFO::Fitting model to feature number 2328, metabat_SRR13068843.10_sub
2025-11-26 18:16:29.50551 INFO::Fitting model to feature number 2329, semibin_SRR16554649.13
2025-11-26 18:16:29.534527 INFO::Fitting model to feature number 2330, metabat_ERR12405917.24
2025-11-26 18:16:29.563283 INFO::Fitting model to feature number 2331, metabat_ERR6281518.61_sub
2025-11-26 18:16:29.590548 INFO::Fitting model to feature number 2332, semibin_ERR12405943.65
2025-11-26 18:16:29.616034 INFO::Fitting model to feature number 2333, metabat_SRR13068823.23
2025-11-26 18:16:29.64185 INFO::Fitting model to feature number 2334, metabat_SRR23364198.6
2025-11-26 18:16:29.66675 INFO::Fitting model to feature number 2335, semibin_ERR12405966.20
2025-11-26 18:16:29.69274 INFO::Fitting model to feature number 2336, metabat_SRR20881981.60
2025-11-26 18:16:29.716658 INFO::Fitting model to feature number 2337, metabat_ERR12405985.42
2025-11-26 18:16:29.742182 INFO::Fitting model to feature number 2338, semibin_SRR16554715.26
2025-11-26 18:16:29.76677 INFO::Fitting model to feature number 2339, metabat_ERR12405979.23
2025-11-26 18:16:29.792474 INFO::Fitting model to feature number 2340, semibin_SRR11413646.12
2025-11-26 18:16:29.817294 INFO::Fitting model to feature number 2341, metabat_SRR5930531.8_sub
2025-11-26 18:16:29.843036 INFO::Fitting model to feature number 2342, semibin_SRR5930527.114
2025-11-26 18:16:29.873384 INFO::Fitting model to feature number 2343, semibin_SRR5930517.9
2025-11-26 18:16:29.904624 INFO::Fitting model to feature number 2344, semibin_SRR25825500.66
2025-11-26 18:16:29.931487 INFO::Fitting model to feature number 2345, metabat_ERR6275666.22_sub
2025-11-26 18:16:29.959716 INFO::Fitting model to feature number 2346, semibin_SRR16554760.12
2025-11-26 18:16:30.006279 INFO::Fitting model to feature number 2347, semibin_SRR16168940.67
2025-11-26 18:16:30.03196 INFO::Fitting model to feature number 2348, semibin_SRR16554651.7
2025-11-26 18:16:30.057008 INFO::Fitting model to feature number 2349, metabat_SRR5930520.89
2025-11-26 18:16:30.081524 INFO::Fitting model to feature number 2350, semibin_ERR6279669.75_sub
2025-11-26 18:16:30.10616 INFO::Fitting model to feature number 2351, semibin_ERR6279672.47
2025-11-26 18:16:30.130675 INFO::Fitting model to feature number 2352, semibin_SRR25825521.35
2025-11-26 18:16:30.155286 INFO::Fitting model to feature number 2353, semibin_SRR16554660.121
2025-11-26 18:16:30.192253 INFO::Fitting model to feature number 2354, metabat_SRR25825503.7
2025-11-26 18:16:30.218587 INFO::Fitting model to feature number 2355, semibin_ERR6275663.61
2025-11-26 18:16:30.244763 INFO::Fitting model to feature number 2356, semibin_SRR5930522.7_sub
2025-11-26 18:16:30.268534 INFO::Fitting model to feature number 2357, metabat_SRR16554763.17
2025-11-26 18:16:30.293925 INFO::Fitting model to feature number 2358, maxbin_ERR12405990.012
2025-11-26 18:16:30.318117 INFO::Fitting model to feature number 2359, semibin_SRR5930504.70
2025-11-26 18:16:30.342916 INFO::Fitting model to feature number 2360, semibin_SRR11413654.127
2025-11-26 18:16:30.367501 INFO::Fitting model to feature number 2361, semibin_SRR16554681.35
2025-11-26 18:16:30.393113 INFO::Fitting model to feature number 2362, metabat_ERR6275652.28
2025-11-26 18:16:30.417552 INFO::Fitting model to feature number 2363, maxbin_SRR16168943.020_sub
2025-11-26 18:16:30.443095 INFO::Fitting model to feature number 2364, semibin_SRR11413656.55
2025-11-26 18:16:30.467069 INFO::Fitting model to feature number 2365, semibin_ERR6233694.0
2025-11-26 18:16:30.492659 INFO::Fitting model to feature number 2366, semibin_SRR5930495.0_sub
2025-11-26 18:16:30.520769 INFO::Fitting model to feature number 2367, maxbin_SRR5930519.005
2025-11-26 18:16:30.550283 INFO::Fitting model to feature number 2368, metabat_ERR6279669.21
2025-11-26 18:16:30.582879 INFO::Fitting model to feature number 2369, metabat_SRR16554726.7
2025-11-26 18:16:30.606369 INFO::Fitting model to feature number 2370, maxbin_ERR12405920.014
2025-11-26 18:16:30.632588 INFO::Fitting model to feature number 2371, metabat_ERR12405918.6_sub
2025-11-26 18:16:30.656373 INFO::Fitting model to feature number 2372, semibin_SRR13068831.57
2025-11-26 18:16:30.704658 INFO::Fitting model to feature number 2373, maxbin_SRR11413687.052
2025-11-26 18:16:30.735916 INFO::Fitting model to feature number 2374, metabat_ERR12405929.15
2025-11-26 18:16:30.761014 INFO::Fitting model to feature number 2375, semibin_ERR12405961.53
2025-11-26 18:16:30.786586 INFO::Fitting model to feature number 2376, metabat_SRR11413606.21
2025-11-26 18:16:30.812143 INFO::Fitting model to feature number 2377, metabat_SRR11413620.38
2025-11-26 18:16:30.836969 INFO::Fitting model to feature number 2378, metabat_ERR6243880.19
2025-11-26 18:16:30.874245 INFO::Fitting model to feature number 2379, semibin_SRR5930511.18_sub
2025-11-26 18:16:30.900061 INFO::Fitting model to feature number 2380, semibin_SRR5930515.71
2025-11-26 18:16:30.927817 INFO::Fitting model to feature number 2381, semibin_ERR12406002.26_sub
2025-11-26 18:16:30.952579 INFO::Fitting model to feature number 2382, semibin_SRR16168986.17
2025-11-26 18:16:30.978122 INFO::Fitting model to feature number 2383, maxbin_SRR13068832.004
2025-11-26 18:16:31.002194 INFO::Fitting model to feature number 2384, semibin_SRR8387679.0
2025-11-26 18:16:31.027915 INFO::Fitting model to feature number 2385, semibin_SRR5930498.39
2025-11-26 18:16:31.052731 INFO::Fitting model to feature number 2386, metabat_ERR12405963.36_sub
2025-11-26 18:16:31.078579 INFO::Fitting model to feature number 2387, metabat_ERR6282383.84
2025-11-26 18:16:31.103065 INFO::Fitting model to feature number 2388, semibin_SRR23364208.18
2025-11-26 18:16:31.128384 INFO::Fitting model to feature number 2389, maxbin_ERR6281448.022
2025-11-26 18:16:31.159517 INFO::Fitting model to feature number 2390, semibin_ERR6232458.31
2025-11-26 18:16:31.186911 INFO::Fitting model to feature number 2391, semibin_SRR23364193.23
2025-11-26 18:16:31.214483 INFO::Fitting model to feature number 2392, semibin_ERR12405928.10
2025-11-26 18:16:31.24186 INFO::Fitting model to feature number 2393, metabat_SRR11413692.37
2025-11-26 18:16:31.266514 INFO::Fitting model to feature number 2394, metabat_SRR6000892.60
2025-11-26 18:16:31.291665 INFO::Fitting model to feature number 2395, metabat_ERR12405987.26
2025-11-26 18:16:31.316296 INFO::Fitting model to feature number 2396, semibin_ERR12406002.24
2025-11-26 18:16:31.341075 INFO::Fitting model to feature number 2397, semibin_SRR16168982.59
2025-11-26 18:16:31.388208 INFO::Fitting model to feature number 2398, semibin_SRR5930494.87
2025-11-26 18:16:31.413547 INFO::Fitting model to feature number 2399, semibin_SRR6000931.41
2025-11-26 18:16:31.4384 INFO::Fitting model to feature number 2400, semibin_ERR12405935.39
2025-11-26 18:16:31.468784 INFO::Fitting model to feature number 2401, metabat_ERR12406000.9
2025-11-26 18:16:31.494669 INFO::Fitting model to feature number 2402, metabat_SRR11413654.13
2025-11-26 18:16:31.521259 INFO::Fitting model to feature number 2403, metabat_ERR6281000.30
2025-11-26 18:16:31.547055 INFO::Fitting model to feature number 2404, semibin_SRR16554647.36
2025-11-26 18:16:31.571094 INFO::Fitting model to feature number 2405, metabat_ERR6279629.17_sub
2025-11-26 18:16:31.596448 INFO::Fitting model to feature number 2406, metabat_SRR13022269.5
2025-11-26 18:16:31.621321 INFO::Fitting model to feature number 2407, metabat_SRR5930499.54
2025-11-26 18:16:31.645788 INFO::Fitting model to feature number 2408, semibin_SRR11413647.85
2025-11-26 18:16:31.671044 INFO::Fitting model to feature number 2409, semibin_ERR12405998.40
2025-11-26 18:16:31.696788 INFO::Fitting model to feature number 2410, maxbin_SRR11413619.035_sub
2025-11-26 18:16:31.722358 INFO::Fitting model to feature number 2411, metabat_ERR12405942.50
2025-11-26 18:16:31.747219 INFO::Fitting model to feature number 2412, metabat_ERR6279624.53
2025-11-26 18:16:31.772635 INFO::Fitting model to feature number 2413, metabat_ERR12405928.45
2025-11-26 18:16:31.796796 INFO::Fitting model to feature number 2414, metabat_SRR25825510.14_sub
2025-11-26 18:16:31.827814 INFO::Fitting model to feature number 2415, semibin_SRR11413615.16
2025-11-26 18:16:31.852917 INFO::Fitting model to feature number 2416, semibin_ERR12405937.46
2025-11-26 18:16:31.882628 INFO::Fitting model to feature number 2417, maxbin_SRR5930514.013_sub
2025-11-26 18:16:31.906065 INFO::Fitting model to feature number 2418, metabat_ERR12405946.17
2025-11-26 18:16:31.931752 INFO::Fitting model to feature number 2419, metabat_ERR12405992.3
2025-11-26 18:16:31.955361 INFO::Fitting model to feature number 2420, semibin_SRR5930536.78
2025-11-26 18:16:31.981277 INFO::Fitting model to feature number 2421, semibin_ERR12405912.84
2025-11-26 18:16:32.004653 INFO::Fitting model to feature number 2422, metabat_ERR6279622.22
2025-11-26 18:16:32.050305 INFO::Fitting model to feature number 2423, metabat_SRR5930501.36
2025-11-26 18:16:32.076953 INFO::Fitting model to feature number 2424, semibin_ERR12405968.12
2025-11-26 18:16:32.103811 INFO::Fitting model to feature number 2425, metabat_ERR6232382.25
2025-11-26 18:16:32.132711 INFO::Fitting model to feature number 2426, metabat_SRR5930514.54
2025-11-26 18:16:32.159934 INFO::Fitting model to feature number 2427, semibin_SRR11413611.51_sub
2025-11-26 18:16:32.185919 INFO::Fitting model to feature number 2428, maxbin_SRR11413678.037
2025-11-26 18:16:32.210462 INFO::Fitting model to feature number 2429, semibin_ERR12405928.62
2025-11-26 18:16:32.236146 INFO::Fitting model to feature number 2430, maxbin_SRR16554679.010
2025-11-26 18:16:32.260607 INFO::Fitting model to feature number 2431, maxbin_ERR12406012.018
2025-11-26 18:16:32.286167 INFO::Fitting model to feature number 2432, maxbin_SRR16554666.026
2025-11-26 18:16:32.310882 INFO::Fitting model to feature number 2433, maxbin_SRR13068839.007_sub
2025-11-26 18:16:32.335666 INFO::Fitting model to feature number 2434, metabat_SRR11413648.66
2025-11-26 18:16:32.361014 INFO::Fitting model to feature number 2435, semibin_ERR6279655.12
2025-11-26 18:16:32.38591 INFO::Fitting model to feature number 2436, maxbin_SRR13068843.042_sub
2025-11-26 18:16:32.411748 INFO::Fitting model to feature number 2437, metabat_ERR12405927.14
2025-11-26 18:16:32.436251 INFO::Fitting model to feature number 2438, semibin_SRR5930516.46
2025-11-26 18:16:32.46753 INFO::Fitting model to feature number 2439, metabat_SRR16554634.5
2025-11-26 18:16:32.494056 INFO::Fitting model to feature number 2440, metabat_SRR11413613.46
2025-11-26 18:16:32.522959 INFO::Fitting model to feature number 2441, semibin_SRR16168929.43
2025-11-26 18:16:32.548306 INFO::Fitting model to feature number 2442, metabat_SRR23364216.24
2025-11-26 18:16:32.574247 INFO::Fitting model to feature number 2443, metabat_SRR11413610.48
2025-11-26 18:16:32.598732 INFO::Fitting model to feature number 2444, metabat_ERR6279677.13
2025-11-26 18:16:32.623772 INFO::Fitting model to feature number 2445, metabat_SRR16168942.31
2025-11-26 18:16:32.647845 INFO::Fitting model to feature number 2446, metabat_SRR20881980.24_sub
2025-11-26 18:16:32.67289 INFO::Fitting model to feature number 2447, maxbin_SRR16554627.030_sub
2025-11-26 18:16:32.697101 INFO::Fitting model to feature number 2448, metabat_SRR25825519.12_sub
2025-11-26 18:16:32.743784 INFO::Fitting model to feature number 2449, metabat_SRR5930515.44_sub
2025-11-26 18:16:32.769618 INFO::Fitting model to feature number 2450, semibin_SRR5930528.83_sub
2025-11-26 18:16:32.797874 INFO::Fitting model to feature number 2451, metabat_SRR23364199.7
2025-11-26 18:16:32.826796 INFO::Fitting model to feature number 2452, semibin_SRR20881977.6
2025-11-26 18:16:32.8509 INFO::Fitting model to feature number 2453, semibin_ERR6282137.102
2025-11-26 18:16:32.876432 INFO::Fitting model to feature number 2454, semibin_ERR12405915.19
2025-11-26 18:16:32.900757 INFO::Fitting model to feature number 2455, maxbin_SRR13068846.017_sub
2025-11-26 18:16:32.925955 INFO::Fitting model to feature number 2456, metabat_ERR6281000.35
2025-11-26 18:16:32.949844 INFO::Fitting model to feature number 2457, semibin_ERR12405955.2
2025-11-26 18:16:32.97549 INFO::Fitting model to feature number 2458, maxbin_SRR5930517.009
2025-11-26 18:16:32.999963 INFO::Fitting model to feature number 2459, semibin_SRR16168940.58
2025-11-26 18:16:33.025299 INFO::Fitting model to feature number 2460, semibin_ERR12405963.29
2025-11-26 18:16:33.053031 INFO::Fitting model to feature number 2461, semibin_SRR13068830.47
2025-11-26 18:16:33.089816 INFO::Fitting model to feature number 2462, semibin_SRR16168976.4
2025-11-26 18:16:33.118104 INFO::Fitting model to feature number 2463, metabat_SRR11413649.70
2025-11-26 18:16:33.146868 INFO::Fitting model to feature number 2464, metabat_SRR6000909.37
2025-11-26 18:16:33.171914 INFO::Fitting model to feature number 2465, semibin_ERR12405923.34
2025-11-26 18:16:33.19832 INFO::Fitting model to feature number 2466, semibin_ERR6275675.39_sub
2025-11-26 18:16:33.224073 INFO::Fitting model to feature number 2467, maxbin_SRR5930509.015_sub
2025-11-26 18:16:33.248402 INFO::Fitting model to feature number 2468, metabat_ERR6239139.1
2025-11-26 18:16:33.273909 INFO::Fitting model to feature number 2469, semibin_SRR16168943.33
2025-11-26 18:16:33.297813 INFO::Fitting model to feature number 2470, metabat_ERR6281518.75
2025-11-26 18:16:33.323498 INFO::Fitting model to feature number 2471, metabat_ERR6280907.74
2025-11-26 18:16:33.348325 INFO::Fitting model to feature number 2472, metabat_SRR5930494.32
2025-11-26 18:16:33.378243 INFO::Fitting model to feature number 2473, metabat_SRR11413617.26_sub
2025-11-26 18:16:33.437672 INFO::Fitting model to feature number 2474, metabat_SRR5930526.94
2025-11-26 18:16:33.461467 INFO::Fitting model to feature number 2475, semibin_SRR5930536.22
2025-11-26 18:16:33.487584 INFO::Fitting model to feature number 2476, metabat_ERR6281518.71
2025-11-26 18:16:33.511424 INFO::Fitting model to feature number 2477, metabat_SRR16554638.16_sub
2025-11-26 18:16:33.536794 INFO::Fitting model to feature number 2478, semibin_SRR5930520.61
2025-11-26 18:16:33.560746 INFO::Fitting model to feature number 2479, semibin_SRR25825501.10
2025-11-26 18:16:33.586646 INFO::Fitting model to feature number 2480, metabat_SRR25825519.52
2025-11-26 18:16:33.611673 INFO::Fitting model to feature number 2481, maxbin_SRR5930503.016
2025-11-26 18:16:33.636734 INFO::Fitting model to feature number 2482, semibin_ERR12405913.25
2025-11-26 18:16:33.669132 INFO::Fitting model to feature number 2483, semibin_SRR16554654.4_sub
2025-11-26 18:16:33.696365 INFO::Fitting model to feature number 2484, metabat_ERR12405910.22_sub
2025-11-26 18:16:33.725241 INFO::Fitting model to feature number 2485, semibin_SRR11413657.92
2025-11-26 18:16:33.751581 INFO::Fitting model to feature number 2486, metabat_SRR23364199.53_sub
2025-11-26 18:16:33.777173 INFO::Fitting model to feature number 2487, semibin_ERR12405957.24
2025-11-26 18:16:33.801523 INFO::Fitting model to feature number 2488, metabat_SRR8387676.9
2025-11-26 18:16:33.826813 INFO::Fitting model to feature number 2489, maxbin_ERR6275663.053
2025-11-26 18:16:33.850929 INFO::Fitting model to feature number 2490, metabat_SRR11413657.85
2025-11-26 18:16:33.876654 INFO::Fitting model to feature number 2491, semibin_ERR12405997.23
2025-11-26 18:16:33.901109 INFO::Fitting model to feature number 2492, semibin_SRR11413689.52
2025-11-26 18:16:33.928452 INFO::Fitting model to feature number 2493, metabat_ERR12405965.8
2025-11-26 18:16:33.952364 INFO::Fitting model to feature number 2494, metabat_SRR16554660.26
2025-11-26 18:16:33.98283 INFO::Fitting model to feature number 2495, semibin_SRR11413613.8
2025-11-26 18:16:34.008601 INFO::Fitting model to feature number 2496, maxbin_SRR5930528.078
2025-11-26 18:16:34.035904 INFO::Fitting model to feature number 2497, semibin_SRR11413689.16
2025-11-26 18:16:34.059954 INFO::Fitting model to feature number 2498, semibin_ERR6279657.67
2025-11-26 18:16:34.102075 INFO::Fitting model to feature number 2499, maxbin_SRR5930498.005
2025-11-26 18:16:34.131891 INFO::Fitting model to feature number 2500, semibin_ERR6279628.5
2025-11-26 18:16:34.156912 INFO::Fitting model to feature number 2501, metabat_ERR12405994.10
2025-11-26 18:16:34.181726 INFO::Fitting model to feature number 2502, semibin_SRR8387677.38
2025-11-26 18:16:34.206087 INFO::Fitting model to feature number 2503, maxbin_SRR5930518.004
2025-11-26 18:16:34.230946 INFO::Fitting model to feature number 2504, semibin_SRR11413685.32
2025-11-26 18:16:34.255435 INFO::Fitting model to feature number 2505, metabat_SRR16168942.20
2025-11-26 18:16:34.285738 INFO::Fitting model to feature number 2506, metabat_SRR13068825.48
2025-11-26 18:16:34.311724 INFO::Fitting model to feature number 2507, metabat_SRR25825498.33
2025-11-26 18:16:34.340086 INFO::Fitting model to feature number 2508, metabat_SRR23364187.36
2025-11-26 18:16:34.36549 INFO::Fitting model to feature number 2509, metabat_SRR5930528.76_sub
2025-11-26 18:16:34.391209 INFO::Fitting model to feature number 2510, metabat_ERR6232525.20
2025-11-26 18:16:34.415707 INFO::Fitting model to feature number 2511, semibin_SRR16168952.25
2025-11-26 18:16:34.441258 INFO::Fitting model to feature number 2512, metabat_ERR12405919.8
2025-11-26 18:16:34.466044 INFO::Fitting model to feature number 2513, semibin_ERR12405952.30
2025-11-26 18:16:34.491606 INFO::Fitting model to feature number 2514, semibin_ERR12405980.54
2025-11-26 18:16:34.515799 INFO::Fitting model to feature number 2515, metabat_SRR16168920.6
2025-11-26 18:16:34.541475 INFO::Fitting model to feature number 2516, maxbin_ERR12406009.012
2025-11-26 18:16:34.566131 INFO::Fitting model to feature number 2517, semibin_ERR12405912.18
2025-11-26 18:16:34.597292 INFO::Fitting model to feature number 2518, metabat_SRR16168896.21
2025-11-26 18:16:34.622361 INFO::Fitting model to feature number 2519, maxbin_SRR5930505.021_sub
2025-11-26 18:16:34.649871 INFO::Fitting model to feature number 2520, semibin_SRR16168940.30
2025-11-26 18:16:34.67696 INFO::Fitting model to feature number 2521, semibin_SRR5930522.26
2025-11-26 18:16:34.701616 INFO::Fitting model to feature number 2522, semibin_SRR11413610.61
2025-11-26 18:16:34.726396 INFO::Fitting model to feature number 2523, semibin_SRR16554649.29
2025-11-26 18:16:34.75104 INFO::Fitting model to feature number 2524, maxbin_ERR6275652.027
2025-11-26 18:16:34.800457 INFO::Fitting model to feature number 2525, metabat_ERR12405943.45
2025-11-26 18:16:34.826065 INFO::Fitting model to feature number 2526, semibin_ERR12406001.7
2025-11-26 18:16:34.852077 INFO::Fitting model to feature number 2527, metabat_SRR16554650.19
2025-11-26 18:16:34.87651 INFO::Fitting model to feature number 2528, metabat_ERR6232524.25
2025-11-26 18:16:34.912627 INFO::Fitting model to feature number 2529, maxbin_SRR25825506.019
2025-11-26 18:16:34.938037 INFO::Fitting model to feature number 2530, semibin_SRR11413649.107
2025-11-26 18:16:34.967806 INFO::Fitting model to feature number 2531, semibin_SRR5930507.107
2025-11-26 18:16:34.991386 INFO::Fitting model to feature number 2532, maxbin_SRR16168918.021
2025-11-26 18:16:35.016829 INFO::Fitting model to feature number 2533, metabat_SRR5930522.5
2025-11-26 18:16:35.040584 INFO::Fitting model to feature number 2534, metabat_ERR6232524.19_sub
2025-11-26 18:16:35.066663 INFO::Fitting model to feature number 2535, metabat_ERR12405933.25
2025-11-26 18:16:35.090427 INFO::Fitting model to feature number 2536, maxbin_SRR5930504.041
2025-11-26 18:16:35.116357 INFO::Fitting model to feature number 2537, maxbin_ERR12405998.015
2025-11-26 18:16:35.140415 INFO::Fitting model to feature number 2538, metabat_ERR12406005.5
2025-11-26 18:16:35.166427 INFO::Fitting model to feature number 2539, maxbin_SRR16554643.017
2025-11-26 18:16:35.19077 INFO::Fitting model to feature number 2540, maxbin_ERR12405997.011
2025-11-26 18:16:35.221227 INFO::Fitting model to feature number 2541, maxbin_SRR5930528.038
2025-11-26 18:16:35.245726 INFO::Fitting model to feature number 2542, metabat_ERR12406008.18
2025-11-26 18:16:35.283346 INFO::Fitting model to feature number 2543, maxbin_ERR6232527.009
2025-11-26 18:16:35.309016 INFO::Fitting model to feature number 2544, semibin_ERR6279669.21
2025-11-26 18:16:35.336357 INFO::Fitting model to feature number 2545, semibin_SRR5930495.69
2025-11-26 18:16:35.360562 INFO::Fitting model to feature number 2546, semibin_ERR6280907.83
2025-11-26 18:16:35.385594 INFO::Fitting model to feature number 2547, semibin_SRR11413657.4_sub
2025-11-26 18:16:35.410944 INFO::Fitting model to feature number 2548, semibin_SRR8387677.31
2025-11-26 18:16:35.435388 INFO::Fitting model to feature number 2549, metabat_ERR6264281.18_sub
2025-11-26 18:16:35.482278 INFO::Fitting model to feature number 2550, maxbin_SRR16554769.019
2025-11-26 18:16:35.507707 INFO::Fitting model to feature number 2551, semibin_SRR5930504.31_sub
2025-11-26 18:16:35.548527 INFO::Fitting model to feature number 2552, metabat_ERR6281504.33
2025-11-26 18:16:35.574562 INFO::Fitting model to feature number 2553, semibin_ERR12405984.16
2025-11-26 18:16:35.600485 INFO::Fitting model to feature number 2554, semibin_SRR16554769.30_sub
2025-11-26 18:16:35.624213 INFO::Fitting model to feature number 2555, semibin_SRR23364216.26
2025-11-26 18:16:35.649599 INFO::Fitting model to feature number 2556, metabat_ERR12406000.18
2025-11-26 18:16:35.673476 INFO::Fitting model to feature number 2557, metabat_SRR5930494.22
2025-11-26 18:16:35.698956 INFO::Fitting model to feature number 2558, semibin_SRR11413657.20
2025-11-26 18:16:35.723247 INFO::Fitting model to feature number 2559, metabat_ERR12405955.3
2025-11-26 18:16:35.748962 INFO::Fitting model to feature number 2560, semibin_SRR16168925.11
2025-11-26 18:16:35.772492 INFO::Fitting model to feature number 2561, metabat_SRR5930509.4
2025-11-26 18:16:35.798309 INFO::Fitting model to feature number 2562, semibin_SRR23364199.80
2025-11-26 18:16:35.823267 INFO::Fitting model to feature number 2563, maxbin_SRR16554652.018
2025-11-26 18:16:35.858613 INFO::Fitting model to feature number 2564, maxbin_ERR6282383.014
2025-11-26 18:16:35.884637 INFO::Fitting model to feature number 2565, metabat_SRR13068848.31
2025-11-26 18:16:35.910906 INFO::Fitting model to feature number 2566, metabat_ERR6280907.57
2025-11-26 18:16:35.934783 INFO::Fitting model to feature number 2567, metabat_SRR16554636.13
2025-11-26 18:16:35.960565 INFO::Fitting model to feature number 2568, maxbin_ERR12405979.016
2025-11-26 18:16:35.984642 INFO::Fitting model to feature number 2569, semibin_SRR20881979.96_sub
2025-11-26 18:16:36.009879 INFO::Fitting model to feature number 2570, semibin_SRR5930519.9
2025-11-26 18:16:36.033759 INFO::Fitting model to feature number 2571, metabat_SRR23364192.64
2025-11-26 18:16:36.059085 INFO::Fitting model to feature number 2572, metabat_ERR6279671.9
2025-11-26 18:16:36.083009 INFO::Fitting model to feature number 2573, metabat_ERR6281518.6_sub
2025-11-26 18:16:36.108505 INFO::Fitting model to feature number 2574, metabat_SRR13022423.1
2025-11-26 18:16:36.138839 INFO::Fitting model to feature number 2575, semibin_SRR5930494.35
2025-11-26 18:16:36.190525 INFO::Fitting model to feature number 2576, semibin_ERR6275674.5
2025-11-26 18:16:36.217192 INFO::Fitting model to feature number 2577, maxbin_SRR16168943.002
2025-11-26 18:16:36.241895 INFO::Fitting model to feature number 2578, maxbin_SRR5930499.010
2025-11-26 18:16:36.266944 INFO::Fitting model to feature number 2579, semibin_SRR5930495.36
2025-11-26 18:16:36.290535 INFO::Fitting model to feature number 2580, maxbin_SRR11413679.051_sub
2025-11-26 18:16:36.316433 INFO::Fitting model to feature number 2581, metabat_ERR12406010.8_sub
2025-11-26 18:16:36.339771 INFO::Fitting model to feature number 2582, semibin_ERR12405965.36
2025-11-26 18:16:36.365024 INFO::Fitting model to feature number 2583, metabat_SRR16554650.17
2025-11-26 18:16:36.389483 INFO::Fitting model to feature number 2584, metabat_ERR12405920.23
2025-11-26 18:16:36.414119 INFO::Fitting model to feature number 2585, metabat_SRR16554660.15
2025-11-26 18:16:36.442064 INFO::Fitting model to feature number 2586, metabat_SRR6000905.63
2025-11-26 18:16:36.469259 INFO::Fitting model to feature number 2587, maxbin_ERR12405998.009
2025-11-26 18:16:36.494407 INFO::Fitting model to feature number 2588, semibin_SRR11413613.4
2025-11-26 18:16:36.521721 INFO::Fitting model to feature number 2589, metabat_SRR16554649.1
2025-11-26 18:16:36.546032 INFO::Fitting model to feature number 2590, semibin_SRR5930507.41
2025-11-26 18:16:36.571729 INFO::Fitting model to feature number 2591, semibin_SRR5930513.14
2025-11-26 18:16:36.595802 INFO::Fitting model to feature number 2592, metabat_SRR16168938.13
2025-11-26 18:16:36.621242 INFO::Fitting model to feature number 2593, semibin_SRR16168900.29
2025-11-26 18:16:36.644979 INFO::Fitting model to feature number 2594, semibin_SRR13022461.32
2025-11-26 18:16:36.667547 INFO::Fitting model to feature number 2595, semibin_ERR6279624.49
2025-11-26 18:16:36.691246 INFO::Fitting model to feature number 2596, semibin_SRR20881987.45
2025-11-26 18:16:36.716818 INFO::Fitting model to feature number 2597, metabat_SRR16554669.9
2025-11-26 18:16:36.747104 INFO::Fitting model to feature number 2598, semibin_SRR16554634.50_sub
2025-11-26 18:16:36.775483 INFO::Fitting model to feature number 2599, semibin_SRR11413683.37
2025-11-26 18:16:36.802388 INFO::Fitting model to feature number 2600, metabat_SRR5930499.39
2025-11-26 18:16:36.849714 INFO::Fitting model to feature number 2601, semibin_ERR6281658.34
2025-11-26 18:16:36.876234 INFO::Fitting model to feature number 2602, semibin_SRR5930498.22
2025-11-26 18:16:36.900006 INFO::Fitting model to feature number 2603, semibin_ERR6279666.16
2025-11-26 18:16:36.925571 INFO::Fitting model to feature number 2604, metabat_SRR11413645.9
2025-11-26 18:16:36.949459 INFO::Fitting model to feature number 2605, semibin_ERR12405950.25
2025-11-26 18:16:36.974712 INFO::Fitting model to feature number 2606, semibin_SRR23364171.14_sub
2025-11-26 18:16:36.998987 INFO::Fitting model to feature number 2607, metabat_SRR16168976.37
2025-11-26 18:16:37.024194 INFO::Fitting model to feature number 2608, semibin_ERR6280899.75
2025-11-26 18:16:37.049674 INFO::Fitting model to feature number 2609, maxbin_SRR16168985.013
2025-11-26 18:16:37.079743 INFO::Fitting model to feature number 2610, maxbin_SRR5930501.068_sub
2025-11-26 18:16:37.10999 INFO::Fitting model to feature number 2611, metabat_SRR5930506.18
2025-11-26 18:16:37.136766 INFO::Fitting model to feature number 2612, maxbin_SRR16168918.052_sub
2025-11-26 18:16:37.165324 INFO::Fitting model to feature number 2613, maxbin_SRR13068851.002
2025-11-26 18:16:37.193402 INFO::Fitting model to feature number 2614, metabat_ERR12405917.17
2025-11-26 18:16:37.218893 INFO::Fitting model to feature number 2615, maxbin_SRR16554633.015_sub
2025-11-26 18:16:37.246186 INFO::Fitting model to feature number 2616, metabat_ERR6279653.8
2025-11-26 18:16:37.271522 INFO::Fitting model to feature number 2617, maxbin_ERR12405976.001
2025-11-26 18:16:37.295157 INFO::Fitting model to feature number 2618, metabat_SRR20881981.63
2025-11-26 18:16:37.320861 INFO::Fitting model to feature number 2619, semibin_SRR23364222.14_sub
2025-11-26 18:16:37.344551 INFO::Fitting model to feature number 2620, metabat_SRR16168913.14
2025-11-26 18:16:37.377945 INFO::Fitting model to feature number 2621, metabat_SRR11413649.13
2025-11-26 18:16:37.403483 INFO::Fitting model to feature number 2622, metabat_SRR5930529.63_sub
2025-11-26 18:16:37.431919 INFO::Fitting model to feature number 2623, semibin_SRR13068843.2
2025-11-26 18:16:37.455488 INFO::Fitting model to feature number 2624, metabat_SRR23364176.32
2025-11-26 18:16:37.480853 INFO::Fitting model to feature number 2625, metabat_SRR20881981.9
2025-11-26 18:16:37.504369 INFO::Fitting model to feature number 2626, metabat_SRR16168913.43
2025-11-26 18:16:37.55281 INFO::Fitting model to feature number 2627, metabat_SRR16168982.26
2025-11-26 18:16:37.57812 INFO::Fitting model to feature number 2628, maxbin_SRR23364176.009
2025-11-26 18:16:37.602057 INFO::Fitting model to feature number 2629, semibin_SRR5930506.146
2025-11-26 18:16:37.627627 INFO::Fitting model to feature number 2630, semibin_SRR16554652.51
2025-11-26 18:16:37.651778 INFO::Fitting model to feature number 2631, metabat_SRR11413683.27
2025-11-26 18:16:37.683477 INFO::Fitting model to feature number 2632, semibin_SRR6000899.35
2025-11-26 18:16:37.708368 INFO::Fitting model to feature number 2633, semibin_ERR6280899.56
2025-11-26 18:16:37.738297 INFO::Fitting model to feature number 2634, maxbin_ERR12406003.027
2025-11-26 18:16:37.76245 INFO::Fitting model to feature number 2635, maxbin_ERR12406003.020
2025-11-26 18:16:37.78811 INFO::Fitting model to feature number 2636, metabat_SRR16168926.39
2025-11-26 18:16:37.811966 INFO::Fitting model to feature number 2637, maxbin_SRR11413612.006
2025-11-26 18:16:37.837695 INFO::Fitting model to feature number 2638, semibin_SRR5930501.71
2025-11-26 18:16:37.861698 INFO::Fitting model to feature number 2639, semibin_ERR6279673.45
2025-11-26 18:16:37.887442 INFO::Fitting model to feature number 2640, semibin_ERR6275674.36_sub
2025-11-26 18:16:37.91171 INFO::Fitting model to feature number 2641, semibin_SRR5930498.76
2025-11-26 18:16:37.937285 INFO::Fitting model to feature number 2642, semibin_SRR16168976.65
2025-11-26 18:16:37.96097 INFO::Fitting model to feature number 2643, metabat_ERR6281343.50_sub
2025-11-26 18:16:37.993685 INFO::Fitting model to feature number 2644, semibin_SRR6000909.0
2025-11-26 18:16:38.018664 INFO::Fitting model to feature number 2645, metabat_SRR11413657.66_sub
2025-11-26 18:16:38.046671 INFO::Fitting model to feature number 2646, maxbin_SRR23364193.009
2025-11-26 18:16:38.070496 INFO::Fitting model to feature number 2647, semibin_SRR23364235.52
2025-11-26 18:16:38.09571 INFO::Fitting model to feature number 2648, semibin_ERR12405979.21
2025-11-26 18:16:38.119281 INFO::Fitting model to feature number 2649, metabat_SRR20881985.70
2025-11-26 18:16:38.143946 INFO::Fitting model to feature number 2650, metabat_SRR23364194.60_sub
2025-11-26 18:16:38.167464 INFO::Fitting model to feature number 2651, semibin_SRR16168918.151
2025-11-26 18:16:38.215569 INFO::Fitting model to feature number 2652, semibin_SRR16554777.34
2025-11-26 18:16:38.241019 INFO::Fitting model to feature number 2653, maxbin_SRR5930493.014
2025-11-26 18:16:38.265354 INFO::Fitting model to feature number 2654, semibin_ERR12405960.30
2025-11-26 18:16:38.297085 INFO::Fitting model to feature number 2655, semibin_ERR6279655.13
2025-11-26 18:16:38.324728 INFO::Fitting model to feature number 2656, metabat_ERR6279677.29_sub
2025-11-26 18:16:38.34963 INFO::Fitting model to feature number 2657, metabat_ERR12405995.18
2025-11-26 18:16:38.376532 INFO::Fitting model to feature number 2658, metabat_SRR16168976.44
2025-11-26 18:16:38.400718 INFO::Fitting model to feature number 2659, semibin_SRR5930510.39
2025-11-26 18:16:38.426116 INFO::Fitting model to feature number 2660, semibin_SRR20881978.50
2025-11-26 18:16:38.449828 INFO::Fitting model to feature number 2661, semibin_ERR12405928.72
2025-11-26 18:16:38.475643 INFO::Fitting model to feature number 2662, maxbin_SRR5930520.048_sub
2025-11-26 18:16:38.499799 INFO::Fitting model to feature number 2663, metabat_SRR16554659.15
2025-11-26 18:16:38.52557 INFO::Fitting model to feature number 2664, semibin_SRR16168930.105
2025-11-26 18:16:38.550124 INFO::Fitting model to feature number 2665, semibin_SRR20881974.54
2025-11-26 18:16:38.582574 INFO::Fitting model to feature number 2666, maxbin_ERR12405967.002_sub
2025-11-26 18:16:38.608464 INFO::Fitting model to feature number 2667, maxbin_SRR8387712.022
2025-11-26 18:16:38.634975 INFO::Fitting model to feature number 2668, semibin_SRR16168902.6
2025-11-26 18:16:38.659618 INFO::Fitting model to feature number 2669, metabat_SRR16168984.26
2025-11-26 18:16:38.685631 INFO::Fitting model to feature number 2670, metabat_ERR12405965.31_sub
2025-11-26 18:16:38.71022 INFO::Fitting model to feature number 2671, metabat_SRR25825514.3
2025-11-26 18:16:38.735594 INFO::Fitting model to feature number 2672, metabat_SRR5930498.62
2025-11-26 18:16:38.759788 INFO::Fitting model to feature number 2673, semibin_SRR23364189.47
2025-11-26 18:16:38.785407 INFO::Fitting model to feature number 2674, semibin_SRR11413646.13
2025-11-26 18:16:38.809403 INFO::Fitting model to feature number 2675, maxbin_SRR11413681.026
2025-11-26 18:16:38.834594 INFO::Fitting model to feature number 2676, semibin_ERR12406012.38
2025-11-26 18:16:38.889267 INFO::Fitting model to feature number 2677, semibin_SRR5930505.151
2025-11-26 18:16:38.917232 INFO::Fitting model to feature number 2678, metabat_SRR5930528.90
2025-11-26 18:16:38.948431 INFO::Fitting model to feature number 2679, metabat_ERR12405943.50_sub
2025-11-26 18:16:38.973581 INFO::Fitting model to feature number 2680, semibin_SRR5930521.95
2025-11-26 18:16:39.00115 INFO::Fitting model to feature number 2681, semibin_ERR6275673.30
2025-11-26 18:16:39.025314 INFO::Fitting model to feature number 2682, maxbin_SRR13068844.013_sub
2025-11-26 18:16:39.051265 INFO::Fitting model to feature number 2683, semibin_ERR6279655.27
2025-11-26 18:16:39.074854 INFO::Fitting model to feature number 2684, maxbin_SRR11413611.022
2025-11-26 18:16:39.100135 INFO::Fitting model to feature number 2685, maxbin_SRR13022303.020_sub
2025-11-26 18:16:39.124006 INFO::Fitting model to feature number 2686, metabat_SRR16554744.1
2025-11-26 18:16:39.149675 INFO::Fitting model to feature number 2687, metabat_ERR6281341.34
2025-11-26 18:16:39.173923 INFO::Fitting model to feature number 2688, semibin_SRR5930519.68
2025-11-26 18:16:39.204852 INFO::Fitting model to feature number 2689, metabat_SRR13068821.3
2025-11-26 18:16:39.229851 INFO::Fitting model to feature number 2690, metabat_SRR11413657.28
2025-11-26 18:16:39.258554 INFO::Fitting model to feature number 2691, metabat_ERR12405953.12
2025-11-26 18:16:39.284641 INFO::Fitting model to feature number 2692, semibin_SRR5930493.200
2025-11-26 18:16:39.309422 INFO::Fitting model to feature number 2693, semibin_SRR5930516.224
2025-11-26 18:16:39.333916 INFO::Fitting model to feature number 2694, metabat_SRR16168984.25
2025-11-26 18:16:39.358919 INFO::Fitting model to feature number 2695, semibin_ERR6275661.3
2025-11-26 18:16:39.383351 INFO::Fitting model to feature number 2696, semibin_SRR20881981.27
2025-11-26 18:16:39.407474 INFO::Fitting model to feature number 2697, semibin_SRR13068823.89
2025-11-26 18:16:39.43259 INFO::Fitting model to feature number 2698, semibin_SRR5930514.24
2025-11-26 18:16:39.456844 INFO::Fitting model to feature number 2699, semibin_SRR16554788.35
2025-11-26 18:16:39.481438 INFO::Fitting model to feature number 2700, metabat_SRR13068846.48
2025-11-26 18:16:39.508551 INFO::Fitting model to feature number 2701, metabat_SRR5930497.49
2025-11-26 18:16:39.536134 INFO::Fitting model to feature number 2702, semibin_ERR6279666.39
2025-11-26 18:16:39.587072 INFO::Fitting model to feature number 2703, semibin_SRR11413608.76
2025-11-26 18:16:39.610785 INFO::Fitting model to feature number 2704, semibin_SRR5930515.84
2025-11-26 18:16:39.636484 INFO::Fitting model to feature number 2705, maxbin_SRR16168896.007
2025-11-26 18:16:39.660152 INFO::Fitting model to feature number 2706, metabat_ERR12405947.20
2025-11-26 18:16:39.685371 INFO::Fitting model to feature number 2707, semibin_SRR16554686.7
2025-11-26 18:16:39.708605 INFO::Fitting model to feature number 2708, maxbin_SRR13068848.026
2025-11-26 18:16:39.733344 INFO::Fitting model to feature number 2709, maxbin_SRR16554786.015
2025-11-26 18:16:39.756925 INFO::Fitting model to feature number 2710, semibin_ERR6281341.3
2025-11-26 18:16:39.785134 INFO::Fitting model to feature number 2711, metabat_ERR12405973.8
2025-11-26 18:16:39.808874 INFO::Fitting model to feature number 2712, metabat_ERR6281432.10
2025-11-26 18:16:39.84439 INFO::Fitting model to feature number 2713, maxbin_SRR20881983.029
2025-11-26 18:16:39.870641 INFO::Fitting model to feature number 2714, maxbin_SRR16554627.021_sub
2025-11-26 18:16:39.898612 INFO::Fitting model to feature number 2715, semibin_ERR12406012.20
2025-11-26 18:16:39.922691 INFO::Fitting model to feature number 2716, semibin_ERR12405955.104
2025-11-26 18:16:39.947598 INFO::Fitting model to feature number 2717, metabat_SRR20881987.24
2025-11-26 18:16:39.971099 INFO::Fitting model to feature number 2718, maxbin_SRR5930493.007_sub
2025-11-26 18:16:39.995308 INFO::Fitting model to feature number 2719, metabat_SRR11413619.62
2025-11-26 18:16:40.019734 INFO::Fitting model to feature number 2720, metabat_SRR16168942.19
2025-11-26 18:16:40.04406 INFO::Fitting model to feature number 2721, maxbin_SRR5930536.008
2025-11-26 18:16:40.067882 INFO::Fitting model to feature number 2722, metabat_SRR13068842.58_sub
2025-11-26 18:16:40.092108 INFO::Fitting model to feature number 2723, semibin_SRR13068835.82
2025-11-26 18:16:40.116138 INFO::Fitting model to feature number 2724, semibin_ERR12405943.66
2025-11-26 18:16:40.143651 INFO::Fitting model to feature number 2725, metabat_SRR25825520.1
2025-11-26 18:16:40.17074 INFO::Fitting model to feature number 2726, maxbin_ERR12405977.012
2025-11-26 18:16:40.195542 INFO::Fitting model to feature number 2727, metabat_ERR12405943.42
2025-11-26 18:16:40.243255 INFO::Fitting model to feature number 2728, semibin_ERR6279624.11
2025-11-26 18:16:40.269243 INFO::Fitting model to feature number 2729, metabat_SRR5930527.53_sub
2025-11-26 18:16:40.293279 INFO::Fitting model to feature number 2730, metabat_ERR6279678.10
2025-11-26 18:16:40.319004 INFO::Fitting model to feature number 2731, semibin_SRR5930529.84
2025-11-26 18:16:40.342732 INFO::Fitting model to feature number 2732, semibin_SRR5930530.103
2025-11-26 18:16:40.367805 INFO::Fitting model to feature number 2733, semibin_SRR20881975.40
2025-11-26 18:16:40.391589 INFO::Fitting model to feature number 2734, metabat_SRR5930514.57
2025-11-26 18:16:40.416954 INFO::Fitting model to feature number 2735, semibin_ERR6279618.55
2025-11-26 18:16:40.442239 INFO::Fitting model to feature number 2736, metabat_ERR12405992.23
2025-11-26 18:16:40.473572 INFO::Fitting model to feature number 2737, semibin_SRR5930494.150
2025-11-26 18:16:40.499995 INFO::Fitting model to feature number 2738, metabat_SRR20881981.42_sub
2025-11-26 18:16:40.527421 INFO::Fitting model to feature number 2739, maxbin_ERR6279625.039_sub
2025-11-26 18:16:40.552952 INFO::Fitting model to feature number 2740, metabat_SRR5930528.105
2025-11-26 18:16:40.578103 INFO::Fitting model to feature number 2741, maxbin_ERR6281000.031_sub
2025-11-26 18:16:40.603473 INFO::Fitting model to feature number 2742, semibin_SRR13022285.12
2025-11-26 18:16:40.627878 INFO::Fitting model to feature number 2743, metabat_SRR16554766.44
2025-11-26 18:16:40.653228 INFO::Fitting model to feature number 2744, metabat_SRR11413683.15
2025-11-26 18:16:40.677146 INFO::Fitting model to feature number 2745, metabat_ERR12405953.24
2025-11-26 18:16:40.702852 INFO::Fitting model to feature number 2746, semibin_SRR23364230.9
2025-11-26 18:16:40.726844 INFO::Fitting model to feature number 2747, maxbin_ERR6279624.026_sub
2025-11-26 18:16:40.75261 INFO::Fitting model to feature number 2748, metabat_ERR12405979.19
2025-11-26 18:16:40.780605 INFO::Fitting model to feature number 2749, metabat_ERR12405923.2
2025-11-26 18:16:40.815251 INFO::Fitting model to feature number 2750, semibin_SRR11413683.27
2025-11-26 18:16:40.841375 INFO::Fitting model to feature number 2751, metabat_SRR11413618.19
2025-11-26 18:16:40.867248 INFO::Fitting model to feature number 2752, metabat_SRR16168929.17
2025-11-26 18:16:40.913023 INFO::Fitting model to feature number 2753, semibin_SRR5930527.26
2025-11-26 18:16:40.939187 INFO::Fitting model to feature number 2754, metabat_ERR12405911.29
2025-11-26 18:16:40.964843 INFO::Fitting model to feature number 2755, maxbin_SRR5930503.012_sub
2025-11-26 18:16:40.988119 INFO::Fitting model to feature number 2756, semibin_ERR6279657.97
2025-11-26 18:16:41.013235 INFO::Fitting model to feature number 2757, metabat_ERR6281504.22_sub
2025-11-26 18:16:41.036628 INFO::Fitting model to feature number 2758, semibin_ERR12405976.10
2025-11-26 18:16:41.062148 INFO::Fitting model to feature number 2759, semibin_SRR5930503.7
2025-11-26 18:16:41.086472 INFO::Fitting model to feature number 2760, maxbin_ERR6281504.041_sub
2025-11-26 18:16:41.119531 INFO::Fitting model to feature number 2761, metabat_ERR12406003.28_sub
2025-11-26 18:16:41.144743 INFO::Fitting model to feature number 2762, metabat_SRR5930534.18
2025-11-26 18:16:41.172016 INFO::Fitting model to feature number 2763, metabat_SRR16554769.37
2025-11-26 18:16:41.19575 INFO::Fitting model to feature number 2764, metabat_ERR12405912.30_sub
2025-11-26 18:16:41.222044 INFO::Fitting model to feature number 2765, metabat_SRR16554660.33
2025-11-26 18:16:41.246185 INFO::Fitting model to feature number 2766, maxbin_ERR12405911.011
2025-11-26 18:16:41.271974 INFO::Fitting model to feature number 2767, maxbin_ERR6279654.035
2025-11-26 18:16:41.296488 INFO::Fitting model to feature number 2768, semibin_SRR16168982.52
2025-11-26 18:16:41.321476 INFO::Fitting model to feature number 2769, metabat_SRR5930506.103
2025-11-26 18:16:41.346714 INFO::Fitting model to feature number 2770, maxbin_SRR5930501.007
2025-11-26 18:16:41.372235 INFO::Fitting model to feature number 2771, metabat_SRR13068841.35_sub
2025-11-26 18:16:41.39675 INFO::Fitting model to feature number 2772, maxbin_ERR6279623.016_sub
2025-11-26 18:16:41.427256 INFO::Fitting model to feature number 2773, maxbin_ERR6281518.058_sub
2025-11-26 18:16:41.452033 INFO::Fitting model to feature number 2774, semibin_SRR5930528.150
2025-11-26 18:16:41.477293 INFO::Fitting model to feature number 2775, maxbin_SRR5930516.008
2025-11-26 18:16:41.503894 INFO::Fitting model to feature number 2776, maxbin_SRR5930534.025_sub
2025-11-26 18:16:41.527288 INFO::Fitting model to feature number 2777, maxbin_SRR5930506.023
2025-11-26 18:16:41.552957 INFO::Fitting model to feature number 2778, semibin_SRR5930517.29
2025-11-26 18:16:41.601071 INFO::Fitting model to feature number 2779, semibin_SRR16168926.64
2025-11-26 18:16:41.625268 INFO::Fitting model to feature number 2780, metabat_SRR8387676.31
2025-11-26 18:16:41.650944 INFO::Fitting model to feature number 2781, maxbin_SRR5930514.050
2025-11-26 18:16:41.675287 INFO::Fitting model to feature number 2782, semibin_ERR12405963.23
2025-11-26 18:16:41.700845 INFO::Fitting model to feature number 2783, metabat_SRR13068851.15
2025-11-26 18:16:41.724985 INFO::Fitting model to feature number 2784, metabat_SRR13022366.10
2025-11-26 18:16:41.75613 INFO::Fitting model to feature number 2785, semibin_SRR5930526.99
2025-11-26 18:16:41.780476 INFO::Fitting model to feature number 2786, metabat_SRR5930493.1
2025-11-26 18:16:41.807427 INFO::Fitting model to feature number 2787, semibin_SRR5930504.144
2025-11-26 18:16:41.834888 INFO::Fitting model to feature number 2788, metabat_SRR16554656.36
2025-11-26 18:16:41.861829 INFO::Fitting model to feature number 2789, maxbin_ERR12406006.012
2025-11-26 18:16:41.887412 INFO::Fitting model to feature number 2790, semibin_SRR16168986.33_sub
2025-11-26 18:16:41.914039 INFO::Fitting model to feature number 2791, semibin_SRR5930493.116
2025-11-26 18:16:41.940031 INFO::Fitting model to feature number 2792, maxbin_ERR12405931.009
2025-11-26 18:16:41.9654 INFO::Fitting model to feature number 2793, metabat_ERR6279666.49_sub
2025-11-26 18:16:41.991978 INFO::Fitting model to feature number 2794, semibin_SRR23364187.35
2025-11-26 18:16:42.017839 INFO::Fitting model to feature number 2795, semibin_SRR5930507.55
2025-11-26 18:16:42.043889 INFO::Fitting model to feature number 2796, metabat_ERR12405976.45
2025-11-26 18:16:42.072569 INFO::Fitting model to feature number 2797, metabat_ERR12405971.14
2025-11-26 18:16:42.105548 INFO::Fitting model to feature number 2798, maxbin_SRR16168920.008
2025-11-26 18:16:42.130974 INFO::Fitting model to feature number 2799, semibin_SRR5930528.70_sub
2025-11-26 18:16:42.16006 INFO::Fitting model to feature number 2800, maxbin_SRR23364177.003_sub
2025-11-26 18:16:42.184929 INFO::Fitting model to feature number 2801, maxbin_SRR5930528.018
2025-11-26 18:16:42.2114 INFO::Fitting model to feature number 2802, metabat_ERR12405959.26
2025-11-26 18:16:42.23659 INFO::Fitting model to feature number 2803, semibin_SRR16168913.2
2025-11-26 18:16:42.286715 INFO::Fitting model to feature number 2804, semibin_SRR11413657.63_sub
2025-11-26 18:16:42.31463 INFO::Fitting model to feature number 2805, maxbin_SRR16554769.027_sub
2025-11-26 18:16:42.339906 INFO::Fitting model to feature number 2806, semibin_SRR23364231.47
2025-11-26 18:16:42.366222 INFO::Fitting model to feature number 2807, maxbin_ERR12405938.012
2025-11-26 18:16:42.391552 INFO::Fitting model to feature number 2808, metabat_ERR12405980.6_sub
2025-11-26 18:16:42.4279 INFO::Fitting model to feature number 2809, metabat_SRR13022266.9
2025-11-26 18:16:42.456516 INFO::Fitting model to feature number 2810, semibin_SRR16554769.38
2025-11-26 18:16:42.48487 INFO::Fitting model to feature number 2811, maxbin_SRR5930517.019
2025-11-26 18:16:42.510146 INFO::Fitting model to feature number 2812, metabat_ERR6275668.9_sub
2025-11-26 18:16:42.537749 INFO::Fitting model to feature number 2813, metabat_SRR16168918.75
2025-11-26 18:16:42.56339 INFO::Fitting model to feature number 2814, metabat_SRR5930494.116
2025-11-26 18:16:42.590376 INFO::Fitting model to feature number 2815, metabat_ERR12405976.15
2025-11-26 18:16:42.616272 INFO::Fitting model to feature number 2816, semibin_SRR5930501.104
2025-11-26 18:16:42.643775 INFO::Fitting model to feature number 2817, metabat_SRR20881986.19
2025-11-26 18:16:42.669834 INFO::Fitting model to feature number 2818, metabat_SRR8387710.39
2025-11-26 18:16:42.696565 INFO::Fitting model to feature number 2819, maxbin_SRR16554666.041
2025-11-26 18:16:42.721392 INFO::Fitting model to feature number 2820, metabat_SRR16168943.48
2025-11-26 18:16:42.752951 INFO::Fitting model to feature number 2821, maxbin_SRR5930518.011
2025-11-26 18:16:42.777302 INFO::Fitting model to feature number 2822, metabat_SRR25825506.40
2025-11-26 18:16:42.804798 INFO::Fitting model to feature number 2823, semibin_SRR5930499.76
2025-11-26 18:16:42.829931 INFO::Fitting model to feature number 2824, semibin_SRR5930498.294
2025-11-26 18:16:42.8546 INFO::Fitting model to feature number 2825, semibin_SRR5930511.38
2025-11-26 18:16:42.880011 INFO::Fitting model to feature number 2826, maxbin_ERR12405965.033_sub
2025-11-26 18:16:42.904136 INFO::Fitting model to feature number 2827, metabat_ERR12406000.1
2025-11-26 18:16:42.929658 INFO::Fitting model to feature number 2828, semibin_SRR23364201.31
2025-11-26 18:16:42.975257 INFO::Fitting model to feature number 2829, maxbin_SRR6000906.038
2025-11-26 18:16:43.003822 INFO::Fitting model to feature number 2830, semibin_SRR5930503.28_sub
2025-11-26 18:16:43.029606 INFO::Fitting model to feature number 2831, semibin_SRR13068851.37
2025-11-26 18:16:43.053672 INFO::Fitting model to feature number 2832, metabat_ERR12405999.13
2025-11-26 18:16:43.085386 INFO::Fitting model to feature number 2833, maxbin_SRR13068835.016
2025-11-26 18:16:43.110034 INFO::Fitting model to feature number 2834, semibin_SRR13068817.24
2025-11-26 18:16:43.141954 INFO::Fitting model to feature number 2835, semibin_SRR20881975.83
2025-11-26 18:16:43.166468 INFO::Fitting model to feature number 2836, metabat_SRR5930528.52_sub
2025-11-26 18:16:43.19251 INFO::Fitting model to feature number 2837, metabat_SRR20881986.22
2025-11-26 18:16:43.216619 INFO::Fitting model to feature number 2838, metabat_SRR23364192.7
2025-11-26 18:16:43.243393 INFO::Fitting model to feature number 2839, semibin_ERR12405955.19
2025-11-26 18:16:43.269101 INFO::Fitting model to feature number 2840, metabat_SRR20881976.26_sub
2025-11-26 18:16:43.29481 INFO::Fitting model to feature number 2841, maxbin_SRR5930494.013
2025-11-26 18:16:43.319029 INFO::Fitting model to feature number 2842, semibin_SRR23364231.57_sub
2025-11-26 18:16:43.343892 INFO::Fitting model to feature number 2843, maxbin_SRR5930503.005
2025-11-26 18:16:43.369379 INFO::Fitting model to feature number 2844, maxbin_SRR5930503.019
2025-11-26 18:16:43.393204 INFO::Fitting model to feature number 2845, metabat_SRR20881979.6
2025-11-26 18:16:43.426087 INFO::Fitting model to feature number 2846, maxbin_SRR5930510.035_sub
2025-11-26 18:16:43.451285 INFO::Fitting model to feature number 2847, metabat_SRR23364231.73
2025-11-26 18:16:43.479854 INFO::Fitting model to feature number 2848, semibin_SRR16554743.1
2025-11-26 18:16:43.50473 INFO::Fitting model to feature number 2849, maxbin_SRR5930498.016_sub
2025-11-26 18:16:43.530645 INFO::Fitting model to feature number 2850, metabat_SRR23364231.86
2025-11-26 18:16:43.555535 INFO::Fitting model to feature number 2851, maxbin_SRR23364230.029
2025-11-26 18:16:43.583905 INFO::Fitting model to feature number 2852, maxbin_SRR23364171.020
2025-11-26 18:16:43.610216 INFO::Fitting model to feature number 2853, semibin_SRR23364233.3
2025-11-26 18:16:43.635913 INFO::Fitting model to feature number 2854, maxbin_SRR5930497.013
2025-11-26 18:16:43.684631 INFO::Fitting model to feature number 2855, maxbin_SRR16168945.044
2025-11-26 18:16:43.709291 INFO::Fitting model to feature number 2856, metabat_SRR5930506.121
2025-11-26 18:16:43.738834 INFO::Fitting model to feature number 2857, semibin_SRR5930533.25
2025-11-26 18:16:43.765383 INFO::Fitting model to feature number 2858, semibin_SRR8387681.35_sub
2025-11-26 18:16:43.791995 INFO::Fitting model to feature number 2859, maxbin_SRR16168896.020_sub
2025-11-26 18:16:43.817669 INFO::Fitting model to feature number 2860, maxbin_ERR6275668.045
2025-11-26 18:16:43.841797 INFO::Fitting model to feature number 2861, metabat_SRR5930528.64
2025-11-26 18:16:43.867385 INFO::Fitting model to feature number 2862, semibin_ERR6279672.16
2025-11-26 18:16:43.891265 INFO::Fitting model to feature number 2863, maxbin_SRR5930494.035_sub
2025-11-26 18:16:43.916431 INFO::Fitting model to feature number 2864, semibin_ERR12405974.62
2025-11-26 18:16:43.940068 INFO::Fitting model to feature number 2865, maxbin_SRR5930504.022
2025-11-26 18:16:43.965349 INFO::Fitting model to feature number 2866, metabat_SRR20881981.57
2025-11-26 18:16:43.989655 INFO::Fitting model to feature number 2867, metabat_SRR16168896.62
2025-11-26 18:16:44.015302 INFO::Fitting model to feature number 2868, semibin_SRR20881985.101
2025-11-26 18:16:44.044506 INFO::Fitting model to feature number 2869, metabat_ERR6282383.27_sub
2025-11-26 18:16:44.079121 INFO::Fitting model to feature number 2870, semibin_SRR5930528.6
2025-11-26 18:16:44.102809 INFO::Fitting model to feature number 2871, metabat_SRR5930533.29
2025-11-26 18:16:44.127901 INFO::Fitting model to feature number 2872, semibin_ERR6280899.58
2025-11-26 18:16:44.151574 INFO::Fitting model to feature number 2873, metabat_ERR12405938.21
2025-11-26 18:16:44.176684 INFO::Fitting model to feature number 2874, maxbin_SRR5930504.047_sub
2025-11-26 18:16:44.201117 INFO::Fitting model to feature number 2875, semibin_SRR5930526.86
2025-11-26 18:16:44.225162 INFO::Fitting model to feature number 2876, metabat_ERR12405991.8
2025-11-26 18:16:44.250021 INFO::Fitting model to feature number 2877, metabat_SRR5930502.50
2025-11-26 18:16:44.276319 INFO::Fitting model to feature number 2878, maxbin_SRR5930503.013_sub
2025-11-26 18:16:44.305744 INFO::Fitting model to feature number 2879, maxbin_SRR5930526.008
2025-11-26 18:16:44.359726 INFO::Fitting model to feature number 2880, semibin_SRR5930501.25
2025-11-26 18:16:44.384419 INFO::Fitting model to feature number 2881, metabat_SRR5930526.103
2025-11-26 18:16:44.410269 INFO::Fitting model to feature number 2882, metabat_SRR5930510.19_sub
2025-11-26 18:16:44.434813 INFO::Fitting model to feature number 2883, metabat_SRR5930528.33
2025-11-26 18:16:44.461539 INFO::Fitting model to feature number 2884, semibin_SRR23364187.33
2025-11-26 18:16:44.485857 INFO::Fitting model to feature number 2885, semibin_SRR5930528.184
2025-11-26 18:16:44.511679 INFO::Fitting model to feature number 2886, semibin_SRR16168896.24_sub
2025-11-26 18:16:44.536212 INFO::Fitting model to feature number 2887, metabat_SRR20881988.20
2025-11-26 18:16:44.562258 INFO::Fitting model to feature number 2888, maxbin_SRR5930501.063
2025-11-26 18:16:44.586446 INFO::Fitting model to feature number 2889, metabat_SRR5930514.13_sub
2025-11-26 18:16:44.619638 INFO::Fitting model to feature number 2890, metabat_SRR23364174.33
2025-11-26 18:16:44.649002 INFO::Fitting model to feature number 2891, maxbin_SRR5930516.039_sub
2025-11-26 18:16:44.676154 INFO::Fitting model to feature number 2892, semibin_SRR23364227.44
2025-11-26 18:16:44.703111 INFO::Fitting model to feature number 2893, maxbin_SRR13068836.049
2025-11-26 18:16:44.727661 INFO::Fitting model to feature number 2894, maxbin_ERR6282137.024
2025-11-26 18:16:44.753573 INFO::Fitting model to feature number 2895, metabat_SRR5930506.46
2025-11-26 18:16:44.776643 INFO::Fitting model to feature number 2896, semibin_SRR5930494.257
2025-11-26 18:16:44.801992 INFO::Fitting model to feature number 2897, metabat_SRR16554766.36
2025-11-26 18:16:44.825625 INFO::Fitting model to feature number 2898, semibin_SRR13068829.87
2025-11-26 18:16:44.851014 INFO::Fitting model to feature number 2899, maxbin_SRR13068834.015_sub
2025-11-26 18:16:44.874455 INFO::Fitting model to feature number 2900, semibin_SRR5930501.87
2025-11-26 18:16:44.899703 INFO::Fitting model to feature number 2901, metabat_SRR23364171.73
2025-11-26 18:16:44.923397 INFO::Fitting model to feature number 2902, semibin_SRR5930520.106
2025-11-26 18:16:44.952954 INFO::Fitting model to feature number 2903, semibin_ERR6279624.33
2025-11-26 18:16:44.97845 INFO::Fitting model to feature number 2904, maxbin_SRR5930520.005
2025-11-26 18:16:45.028884 INFO::Fitting model to feature number 2905, semibin_SRR5930494.98
2025-11-26 18:16:45.054455 INFO::Fitting model to feature number 2906, metabat_SRR13068816.46
2025-11-26 18:16:45.080384 INFO::Fitting model to feature number 2907, semibin_SRR5930530.129_sub
2025-11-26 18:16:45.104393 INFO::Fitting model to feature number 2908, metabat_SRR23364197.35
2025-11-26 18:16:45.129907 INFO::Fitting model to feature number 2909, maxbin_SRR16554657.029_sub
2025-11-26 18:16:45.153474 INFO::Fitting model to feature number 2910, semibin_SRR5930498.139
2025-11-26 18:16:45.178984 INFO::Fitting model to feature number 2911, metabat_SRR20881975.20
2025-11-26 18:16:45.202428 INFO::Fitting model to feature number 2912, semibin_SRR5930528.96_sub
2025-11-26 18:16:45.227389 INFO::Fitting model to feature number 2913, metabat_SRR23364187.7
2025-11-26 18:16:45.251189 INFO::Fitting model to feature number 2914, semibin_SRR5930503.75
2025-11-26 18:16:45.286264 INFO::Fitting model to feature number 2915, semibin_SRR5930510.14_sub
2025-11-26 18:16:45.31454 INFO::Fitting model to feature number 2916, maxbin_SRR16554651.012_sub
2025-11-26 18:16:45.341287 INFO::Fitting model to feature number 2917, metabat_SRR13068843.1
2025-11-26 18:16:45.366639 INFO::Fitting model to feature number 2918, metabat_SRR16554766.26
2025-11-26 18:16:45.391244 INFO::Fitting model to feature number 2919, maxbin_SRR5930526.025
2025-11-26 18:16:45.421111 INFO::Fitting model to feature number 2920, maxbin_SRR13068833.023
2025-11-26 18:16:45.445324 INFO::Fitting model to feature number 2921, metabat_SRR23364197.77_sub
2025-11-26 18:16:45.4708 INFO::Fitting model to feature number 2922, maxbin_SRR5930506.066
2025-11-26 18:16:45.495209 INFO::Fitting model to feature number 2923, metabat_SRR13022359.15
2025-11-26 18:16:45.520975 INFO::Fitting model to feature number 2924, maxbin_SRR20881987.022
2025-11-26 18:16:45.545555 INFO::Fitting model to feature number 2925, semibin_SRR16168913.53
2025-11-26 18:16:45.570936 INFO::Fitting model to feature number 2926, semibin_SRR23364171.10_sub
2025-11-26 18:16:45.595278 INFO::Fitting model to feature number 2927, semibin_SRR5930532.10
2025-11-26 18:16:45.626295 INFO::Fitting model to feature number 2928, metabat_SRR5930501.45
2025-11-26 18:16:45.650819 INFO::Fitting model to feature number 2929, metabat_SRR13068847.1
2025-11-26 18:16:45.678659 INFO::Fitting model to feature number 2930, metabat_SRR23364187.55
2025-11-26 18:16:45.726461 INFO::Fitting model to feature number 2931, metabat_SRR23364213.78_sub
2025-11-26 18:16:45.751166 INFO::Fitting model to feature number 2932, maxbin_SRR13022287.006_sub
2025-11-26 18:16:45.775634 INFO::Fitting model to feature number 2933, maxbin_SRR16168985.035
2025-11-26 18:16:45.801112 INFO::Fitting model to feature number 2934, semibin_SRR5930504.110
2025-11-26 18:16:45.825059 INFO::Fitting model to feature number 2935, metabat_SRR16554652.33
2025-11-26 18:16:45.850789 INFO::Fitting model to feature number 2936, metabat_SRR5930498.54
2025-11-26 18:16:45.875249 INFO::Fitting model to feature number 2937, semibin_SRR5930497.42
2025-11-26 18:16:45.901077 INFO::Fitting model to feature number 2938, semibin_SRR20881977.25_sub
2025-11-26 18:16:45.925472 INFO::Fitting model to feature number 2939, metabat_SRR5930503.100
2025-11-26 18:16:45.960955 INFO::Fitting model to feature number 2940, metabat_SRR5930504.14_sub
2025-11-26 18:16:45.987091 INFO::Fitting model to feature number 2941, semibin_SRR5930494.52
2025-11-26 18:16:46.014197 INFO::Fitting model to feature number 2942, metabat_SRR23364230.26_sub
2025-11-26 18:16:46.038264 INFO::Fitting model to feature number 2943, semibin_SRR13068816.46
2025-11-26 18:16:46.06412 INFO::Fitting model to feature number 2944, metabat_SRR5930499.34
2025-11-26 18:16:46.088268 INFO::Fitting model to feature number 2945, semibin_SRR5930518.15
2025-11-26 18:16:46.11342 INFO::Fitting model to feature number 2946, semibin_SRR5930498.100_sub
2025-11-26 18:16:46.138044 INFO::Fitting model to feature number 2947, metabat_SRR5930499.2
2025-11-26 18:16:46.162963 INFO::Fitting model to feature number 2948, metabat_SRR16168918.66
2025-11-26 18:16:46.187842 INFO::Fitting model to feature number 2949, maxbin_SRR5930516.050
2025-11-26 18:16:46.212378 INFO::Fitting model to feature number 2950, semibin_SRR5930505.85
2025-11-26 18:16:46.244109 INFO::Fitting model to feature number 2951, metabat_SRR5930503.67
2025-11-26 18:16:46.268388 INFO::Fitting model to feature number 2952, semibin_SRR5930505.71
2025-11-26 18:16:46.296433 INFO::Fitting model to feature number 2953, semibin_SRR5930502.3
2025-11-26 18:16:46.319606 INFO::Fitting model to feature number 2954, maxbin_SRR5930520.046
2025-11-26 18:16:46.344084 INFO::Fitting model to feature number 2955, metabat_SRR5930502.18
2025-11-26 18:16:46.391895 INFO::Fitting model to feature number 2956, metabat_SRR5930502.48
2025-11-26 18:16:46.417022 INFO::Fitting model to feature number 2957, maxbin_SRR5930531.045_sub
2025-11-26 18:16:46.441771 INFO::Fitting model to feature number 2958, maxbin_SRR23364189.018
2025-11-26 18:16:46.46722 INFO::Fitting model to feature number 2959, semibin_SRR23364175.28
2025-11-26 18:16:46.752386 INFO::Counting total values for each feature
2025-11-26 18:16:47.088713 INFO::Writing filtered data to file results/10.Maaslin2_all_with_metadata_full/features/filtered_data.tsv
2025-11-26 18:16:47.391728 INFO::Writing filtered, normalized data to file results/10.Maaslin2_all_with_metadata_full/features/filtered_data_norm.tsv
2025-11-26 18:16:47.693292 INFO::Writing filtered, normalized, transformed data to file results/10.Maaslin2_all_with_metadata_full/features/filtered_data_norm_transformed.tsv
2025-11-26 18:16:48.282118 INFO::Writing residuals to file results/10.Maaslin2_all_with_metadata_full/fits/residuals.rds
2025-11-26 18:16:48.756474 INFO::Writing fitted values to file results/10.Maaslin2_all_with_metadata_full/fits/fitted.rds
2025-11-26 18:16:49.058335 INFO::Writing extracted random effects to file results/10.Maaslin2_all_with_metadata_full/fits/ranef.rds
2025-11-26 18:16:49.064951 INFO::Writing all results to file (ordered by increasing q-values): results/10.Maaslin2_all_with_metadata_full/all_results.tsv
2025-11-26 18:16:49.097425 INFO::Writing the significant results (those which are less than or equal to the threshold of 0.250000 ) to file (ordered by increasing q-values): results/10.Maaslin2_all_with_metadata_full/significant_results.tsv
2025-11-26 18:16:49.098284 INFO::Writing association plots (one for each significant association) to output folder: results/10.Maaslin2_all_with_metadata_full
