feature	metabat_SRR16554674.5	maxbin_SRR13022355.014	metabat_ERR12405975.5_sub	semibin_SRR13022325.6	semibin_SRR16554706.23	semibin_SRR23364195.41	semibin_SRR5930502.51	metabat_SRR13022352.3	semibin_ERR12405939.29	metabat_SRR16554779.30	maxbin_SRR11413655.005	maxbin_ERR2162217.001	maxbin_SRR13022336.003_sub	maxbin_SRR25825509.002	semibin_SRR5930533.9	metabat_SRR13022417.2	semibin_SRR5930511.52	semibin_ERR6281504.148	semibin_ERR6279672.24	semibin_SRR11413653.25	maxbin_SRR16554665.003	semibin_SRR11413686.80	maxbin_ERR12405962.011_sub	metabat_ERR6279614.12_sub	semibin_ERR6232382.49_sub	semibin_ERR6279675.47	maxbin_SRR16554775.001	semibin_SRR11413653.97_sub	semibin_SRR16554655.39	metabat_ERR12405990.2	metabat_ERR6232687.8_sub	metabat_SRR25825493.27	semibin_SRR11413691.62	semibin_SRR6000945.4	maxbin_SRR16554671.002	metabat_SRR11413649.62	metabat_SRR5930494.64	metabat_ERR12405981.15	maxbin_SRR11413649.010	maxbin_SRR13068842.057_sub	metabat_SRR16554646.5	metabat_SRR20881978.24	semibin_SRR5930502.48	semibin_SRR6000905.60_sub	semibin_SRR5930507.29	semibin_SRR16554630.20	metabat_ERR6271719.4	semibin_SRR25825509.21	maxbin_SRR5930501.002	metabat_ERR12405956.16	maxbin_ERR12406000.010	metabat_SRR6000877.7	semibin_SRR13022308.4	metabat_ERR12405930.6	semibin_SRR16554707.35_sub	semibin_ERR2162217.22	metabat_ERR12405933.43	semibin_ERR2162223.6	metabat_SRR6000874.30	metabat_SRR16554713.13	semibin_SRR5930499.112	semibin_SRR16168913.44_sub	semibin_SRR6000900.32	semibin_SRR16168903.5	semibin_SRR16554765.8	maxbin_SRR16554755.007_sub	metabat_SRR6000907.1_sub	maxbin_SRR16554728.024	semibin_SRR8387683.16	maxbin_SRR11413620.019	semibin_SRR25825514.3_sub	metabat_ERR12405985.2	semibin_SRR16554738.0	semibin_SRR11413691.42	maxbin_SRR11413655.009_sub	semibin_SRR20881975.0	metabat_ERR6275681.8	maxbin_SRR16554759.001	metabat_SRR16554662.30_sub	metabat_SRR16554786.10	metabat_ERR6243880.3	semibin_ERR6264280.18	metabat_ERR6281505.14	semibin_SRR16554671.9	maxbin_SRR16554707.013	metabat_SRR16554771.26	maxbin_ERR6279655.020	metabat_SRR5930523.5	semibin_SRR11413608.137	metabat_SRR16554746.22	maxbin_ERR6232518.013	metabat_ERR12405939.30	metabat_ERR12405970.10	semibin_SRR20881988.7	metabat_ERR6275666.49	metabat_SRR16554744.3	semibin_SRR16168903.11	semibin_SRR11413690.7	metabat_SRR5930536.13	semibin_SRR13022424.5	semibin_ERR12405947.71	semibin_ERR6279646.10	metabat_ERR12405918.3	semibin_SRR23364196.21	semibin_SRR16554716.24	semibin_SRR6000910.14	metabat_SRR16554626.7	semibin_SRR25825508.4_sub	semibin_SRR13068844.35	semibin_SRR16554766.35_sub	semibin_ERR6279614.29	semibin_SRR11413683.102	maxbin_ERR6279658.017_sub	semibin_ERR6230326.3	maxbin_SRR5930501.087_sub	maxbin_SRR16168913.015	maxbin_ERR2162209.017_sub	semibin_SRR16168920.5_sub	semibin_SRR16554739.16	metabat_SRR16168982.24	metabat_SRR13022323.1	semibin_SRR16554673.15	semibin_ERR6267712.45	maxbin_SRR16554647.003	semibin_ERR2162202.11	semibin_SRR16168909.12	maxbin_ERR2162223.012	maxbin_SRR25825521.012_sub	metabat_SRR23364233.36	semibin_SRR25825499.11	semibin_SRR16554653.1	semibin_SRR23364199.62	maxbin_SRR5930508.026	semibin_ERR6279671.24	semibin_SRR16554730.5	maxbin_SRR5930522.022	semibin_SRR16554790.42	metabat_ERR6279652.5	semibin_ERR6243877.10	metabat_SRR16168941.17	semibin_SRR16168929.15_sub	maxbin_SRR23364240.011	metabat_SRR6000947.37_sub	metabat_ERR6235716.8_sub	metabat_SRR16554633.8	metabat_ERR6279615.15	metabat_SRR16554713.7	semibin_SRR13068836.17_sub	semibin_SRR20881980.15_sub	semibin_ERR6279661.5	semibin_ERR6264281.7	maxbin_SRR5930521.014	metabat_SRR13022372.10_sub	semibin_SRR20881981.34	semibin_ERR6279683.8	semibin_ERR6279655.40	semibin_SRR11413688.2	semibin_ERR6233695.43_sub	maxbin_SRR5930515.007	semibin_ERR6273965.5	semibin_SRR16554693.19	semibin_SRR25825516.1	maxbin_SRR13068818.010	maxbin_SRR16168926.008	semibin_SRR16554672.14	semibin_ERR12405970.61	maxbin_SRR16554787.017_sub	metabat_SRR6000907.39	semibin_SRR5930528.37	metabat_SRR23364184.15	semibin_SRR25825502.47_sub	maxbin_ERR12405958.009_sub	semibin_SRR16168913.31	semibin_ERR6232458.16	semibin_SRR5930519.26	semibin_SRR11413688.65_sub	semibin_SRR5930536.88	maxbin_ERR12406009.001	semibin_SRR16554765.35	semibin_SRR13068830.5	metabat_SRR5930502.31	metabat_ERR2162222.11_sub	maxbin_SRR16554790.013_sub	maxbin_SRR16554733.009	maxbin_SRR8387707.004_sub	metabat_SRR16554669.41_sub	maxbin_SRR5930518.019_sub	metabat_SRR11413686.5	semibin_SRR11413606.8	semibin_SRR13068817.76	metabat_SRR6000874.13_sub	semibin_SRR20881986.74	semibin_SRR23364193.36	metabat_SRR5930514.58	semibin_SRR16554673.13	semibin_ERR2162202.9	semibin_SRR5930501.2	metabat_SRR16554665.10	metabat_SRR13068853.24	semibin_ERR6279669.74	semibin_SRR5930523.22	semibin_SRR16554776.8	metabat_SRR13068851.17	metabat_ERR6279627.10	semibin_SRR11413679.4	metabat_ERR2162214.7	metabat_SRR11413647.31	semibin_SRR6000892.71	metabat_SRR13022401.12	metabat_ERR2162213.1	metabat_SRR16168896.4	metabat_ERR12405997.59	semibin_SRR6000944.44	metabat_ERR12405954.8	metabat_SRR13068832.4	semibin_SRR20881980.56	maxbin_SRR5930507.045	semibin_SRR5930495.29	maxbin_ERR6282070.040_sub	semibin_ERR6233693.7	metabat_SRR11413613.2	semibin_SRR16168945.59_sub	semibin_ERR12405923.28	semibin_SRR6000901.29	metabat_SRR16554687.19	semibin_SRR23364183.27	metabat_ERR12405985.26	semibin_SRR11413689.18	semibin_SRR5930498.73	maxbin_SRR5930497.004	metabat_SRR5930527.86	semibin_SRR6000896.44	metabat_SRR20881987.29	metabat_ERR6281586.4	metabat_SRR6000949.51_sub	semibin_SRR11413689.110	metabat_SRR16554771.5	semibin_SRR16554766.13	maxbin_SRR6000869.050	metabat_SRR13068834.30	metabat_SRR13068828.29	metabat_ERR12405917.12	semibin_SRR16554633.6	semibin_SRR11413657.102	metabat_SRR11413685.32	semibin_SRR5930519.63	semibin_SRR13022464.9	semibin_SRR11413690.11	maxbin_SRR23364240.009_sub	maxbin_SRR5930504.027	metabat_SRR13068838.21	semibin_ERR12405916.16	semibin_SRR16554627.102	maxbin_ERR6275667.027	metabat_SRR16168975.22	metabat_SRR16554654.18	metabat_SRR11413687.86	metabat_SRR5930529.8	semibin_SRR5930498.118	maxbin_SRR11413612.015_sub	semibin_SRR13068839.7	semibin_ERR2162216.32	semibin_ERR12405964.2	metabat_ERR6281658.13	semibin_SRR11413691.52	semibin_SRR23364171.72	metabat_SRR25825507.13_sub	semibin_SRR8387707.23	semibin_ERR12405984.5	metabat_ERR12405956.11	metabat_SRR5930527.85	semibin_ERR12405918.0	metabat_SRR16554711.16	metabat_SRR5930528.37	semibin_ERR12406007.1	semibin_SRR5930510.9	metabat_SRR11413620.24	metabat_SRR13068829.36	maxbin_SRR8387707.009	metabat_SRR5930526.41	metabat_ERR12406012.5	metabat_SRR6000905.24	semibin_SRR20881985.46_sub	semibin_SRR23364229.5	metabat_ERR12405967.40_sub	semibin_SRR16168930.38	maxbin_ERR6232523.003	semibin_ERR6267712.18	metabat_SRR5930498.82	semibin_SRR25825510.41_sub	semibin_ERR6279674.8	maxbin_ERR6281505.022	maxbin_ERR6279662.030	semibin_SRR6000903.13	maxbin_SRR23364204.024	metabat_SRR5930506.9_sub	metabat_ERR6243878.23_sub	metabat_SRR16168986.5	maxbin_ERR6279614.017_sub	maxbin_ERR6279679.012	metabat_ERR6279677.48_sub	maxbin_SRR25825517.033_sub	metabat_SRR13068843.53_sub	maxbin_ERR6280910.023_sub	maxbin_SRR16168920.025	metabat_SRR25825508.34_sub	maxbin_SRR5930498.027	semibin_SRR5930517.113	semibin_SRR6000900.14	metabat_SRR16168974.17	maxbin_ERR6279673.036	metabat_SRR16554652.48	metabat_SRR13068843.68	maxbin_SRR16168974.016_sub	semibin_SRR16168985.16	maxbin_SRR5930510.007_sub	semibin_SRR13068818.12_sub	metabat_SRR5930516.94	maxbin_SRR16168918.042_sub	metabat_ERR6279619.19_sub	metabat_SRR5930534.8_sub	metabat_SRR23364213.66	metabat_SRR16168984.8_sub	semibin_ERR6279676.4	semibin_SRR5930529.2	semibin_SRR11413654.21	semibin_SRR13068827.60	semibin_SRR20881987.25	semibin_SRR16168929.20_sub	semibin_SRR20881976.18_sub	semibin_SRR5930534.11	semibin_SRR5930498.62_sub	semibin_SRR5930523.43	semibin_SRR13068834.14_sub	metabat_SRR20881977.25_sub	metabat_SRR5930526.60_sub
SRR16554624	0.953258608475407	0	0	0	0	0	0	0	0	0	0	0	0	0	0	0	0	0	0	0	0	0	0	0	0	0	0	0	0.930587859877198	0	0	0	0	0	0	0	0	0	0	0	0	0	0	0	0	0	0	0	0	0	0	0	0	0	0	0	0	0	0	0	0	0	0	0	0	0	0	0	0	0	0	0	0	0	0	0	0	0	0	0	0	0	0	0	0	0	0	0	0	0	0.833792869123897	0	0	0	0	3.97278912854062	0	0	0	0	0	0.794873422523943	0	0	0	0.755822925315759	0	0	1.05475716984948	0.808351403996989	0	0	0	0.851777104658038	0	2.54752618366643	0.748295987441788	0.678591837465711	0	0	0	0	0	0	0	0.671874478452834	0	0	0	0.816533544035609	0	0.682448286127691	0	0.686527137461167	0.814277189746148	0.726631008510154	0	0.777045911336977	0.660966270391273	0.792643347119014	0.770647763171089	0.72368337492507	0.764547003158955	0.764110596486215	0	0.780738680517018	0	0.801497750899917	0.907963364875386	0.798735199512127	0.789729325515921	0.807053315711776	0	0.797784289400007	0	0.750916477035708	0.792580891554925	0	0	0.634530207649584	0	0.681543291952245	0	1.10579372031712	0	0	0	0	0.729362744375009	0.652398752915949	0	0	0.716006278320856	0	0.743528195879278	0	0	0	0	0.696413939664025	0	0	0	2.7528579967839	0	0	0	0	0.667189575392469	0	0	0	0	0	0	0	0	0	0	0	1.10311022544998	0	0	0	0	0	0	0.930334893357809	2.18142704581612	0	0	0	0	0	0	0	0	0	0	0	0	0	0	0	0	0	0	0.981310382018493	0.97311733864911	0	0	0	0.851395029702954	0	0	0	1.03407329723863	0.985147077340023	0	0	0	0	0	0.954640480564553	0	0	0	0	0	0	0	0	0	0	0	0	0	0	0	0	0	0	0	0	0	0	0	0	0	0	0	0	0	0	0	0.647602184547734	0	0	0	0	0	0	0	0	0	0	0	0.494480863347068	0	0.8439780116515	0.707394429163638	0.720727493764626	0.819245726172535	0.746910001456574	0.69763769580321	0.836225858730887	0.658503632095306	0.748507973433036	0.651887027029165	0.767524682468606	0.661749656646462	0.680350502572763	0.436934053761662	0.663540998569024	0	0.742640282923795	0.61100981340283	0.430840991698705	0	0	0.624837877258419	0.469651695300488	0.588249579308291	0	0.389986324173888	0.456779240224856	0.589465880603936	0.42884252571733	0	0	0.562597299393088	0	0.830850150039244	0	0	0	0	0	0	0	0	0	0	0	0	0
SRR16554625	18.0762954114235	9.30886500176905	2.26016181756363	0	0	3.17713142495818	0	0	0	0	0	0	1.97794437227838	3.1270899012063	4.45263758267974	0	1.26179687912902	0	0	0	3.22939321177121	0	0	0	0	0	0	0	0	0	0	0	0	0	0	0	0	0	0	0	0	0	0	0	0	0	0	0	0	0	0	0	0	0	0	0	1.55440879356739	0	0	0	0	0	0	0	0	0	0	0	2.40507966869885	0	0	0	0	0	0	0	0	0	1.05877037250655	0	0	0	0	0	0	1.07560127335606	0	0	0	0	0	0	0	0	0	0	0	0	0	0	0	0	0	0	0	0	0	0	0	0	0	0	0	0	0	0	0	0	0	0	0	0	0	0	0	0	0	0	0	0	0	0	0	0	0	0	4.09325378544022	0	0	0	0	0	0	0	0	0	0	0	0	0	0	0	0	0	0	0	0	0	0	0	0	0	0	0	0	0	0	0	0	0	0	0	0	0	0	0	0	0	0	0	0	0	0	0	0	0	0	0	0	0	0	0	0	0	0	0	0	0	0	0	0	0	0	0	0	0	0	0	0.859236667961406	0	0	0	0	0	0	0	0	0	0	0	0	0	0	0	0	0	0	0	0	0	0	0	0	0	0	0	0	0	0	0	0	0	0	0	0	0	0	0	0	0	0	0	0	0	0	0	0	0	0	0	0	0	0	0	0	0	0	0	0	0	0	0	0	0	0	0	0	0	1.06907346678211	1.77826630867536	0	0	0	0	0	0	0	0	0	0	0	0	0	0	0	0	0	0	0	0	0	0	0	0	0	0	0	0	0	0	0	0	0	0	0	0	0	0	0	0	0	0	0	0	0	0	0	0	0	0	0	0	0	0	0	0
SRR16554626	0	0	3.69132283698454	2.43102328757875	2.51264076158352	3.60699492868368	0	2.1098011760892	2.42837606559343	2.02507060606751	2.28611134660295	6.261120006821	2.71980265279947	0	0.818890735315985	3.64210839606167	0	0	0	3.4871261451908	0	3.50050937338228	0	0	0	0	0	0	0	0.829049855783319	0	0	0	0	0	1.22696691221726	0	0	0	0	0	0	0	1.15620987916323	0	1.00227663087089	0	2.58050644374755	0	2.08788763243497	0	0.845492225641855	0	0	0.613364047564266	0	0.661989808276834	0	0	0	0	0	0	0	0	0	0	0	0	0.510325177254297	0	0	0	0	0	3.88203902735411	0	0.988721916698649	0	0	0	0	0	0	0.806148408587554	0	0	0	0	0	0	0	0	0	0	0	0	0	0	0	0	0	0.642211151877313	0	0	0	2.57162677468196	0.473776482195194	0	0	0	0	0	0	0	0	0	0	0	0	0	0	0	0	0	0	0	0	0	0	0	0	0	0	0	0	0	0	0	0	0	0	0	0	0.567065727298878	0	0	0	0	0	0	0	0	0	0	0	0	0	0.543304268965558	0	10.6587245384941	0	0	0	0	0	0	0.271480646782847	0	0	0	0	0	0	0	0	0	0	0	0	0	0	0.46228435243175	0	0	0	0	0	0	0	0	0	0	0	0	0	0	0	0	0	0	0	0	0	0	0	0	0	0.389376851202505	0	0	0	0	0	0	0	0	0	0	0	0	0	0	0	0	0	0	0	0	0.746300329616008	0.259072555747831	0	0	0	0	0	0	0	0	0	0	0	0	0	0	0	0	0	0	0.420868913415485	1.24173664827009	0.442718019427075	0	0	0	0.562583151712397	0	0	0	0	0	0	0	0.617964179185828	0	0	0	0.527576687517943	0	0	0	0	0	0	0	0	0	0	0	0	0	0.44046841650889	0	0	0	0	0	0	0	0	0	0	0	0	0	0	0	0	0	0	0	0	0	0	0	0	0	0	0	0	0	0	0	0	0	0	0	0	0	0	0	0	0	0	0	0	0	0	0	0	0	0	0	0	0	0
SRR16554627	1.47351267975887	1.00043586644039	0.644347979289919	0.406622078297957	0.398184124584395	1.32980888608695	0.894647672886535	0.42348583707465	0.345274165416379	0.327888027813969	0.388608351850611	0	1.34129817992305	0	0	0	0.371427658314595	0	0	0	0	0	0	0	0	0	0.53701339828135	0.187484459861582	0.335166977035094	0	0	0	0	0.134114173700934	0	0.356975158511191	0	0.496927088843038	0	0	0	0.163168015984468	0.186530879506264	0.388282665654635	0.16566898698064	0.643154199157336	0.438300790190945	0	1.09682306455212	0.138138702609151	0.340973110764515	0.636543110120823	0	0.324352329724169	0	0	0.075130240011185	0.123269321346305	0	0.138451389154955	0	0	0	0	0.177098917875663	0	0.173141002806214	0	0.169436550877702	0	0.113463542001941	0.724713985168474	0.728286756489532	0	0	0	0.67243659846186	0	0.671336057439751	0	0.661439211036361	0.66966026551815	0.662674739648019	0.68324205963699	0	0.337677943004812	0.649486462209845	0.176049556531704	0.651282677549595	0	0	0.609604142033313	0.592528300516874	0	1.80395656506587	0.352954834834303	0	0	0	0	0.079303362641174	0	0	1.77530420127211	0.0658940271234936	0	0	0.386613049342814	0.284432539500137	0	0	0.133254397570492	0.499983951838832	0	0.543933373564535	0.204795799840207	0	0	0	0	0.0876645720807889	0	0	0	0.0668544793816103	0	0	0.111673245404981	0.073527462988126	0	0	0	0.079826846838707	0	0	0	0	0	0	0	0	0	0	0	0	0	0.0826068866723792	0	0.238986612228783	0	0	0	0	0	0	0	0	0.132068038815023	0	0	0	0	0.0970251596373586	0	0	0	0	0.0760000386427746	0	0	0.135219905912073	0	0	0.631530759541628	0	0.100682096322238	0	0	0	0	0	0	0	0.210548343987418	0.656751642575364	0.681780401707269	0	0	0	0.130492422071334	0	0.628538805374798	0.592408856635086	0	0	0	0.621226304589346	0.0710925014430837	0.597463453969745	0	0	0	0.0983462966948626	0	0	0	0.582244402090745	0	0	0	0	0	0	0	0.598368375832956	0.527270094323437	0	0	0	0.552510046455229	0	0.6188354731971	0	0	0.165374218544587	0.561814309616741	0	0	0	0.214566905497669	0	0	0	0	0.518082140067972	0.20046809256054	0	0	0.0609195617021344	0.528857480527927	0.21293519775084	0	0.159933467591692	0	0.559472837229255	0	0.16064382165383	0	0.475342522785247	0.0653615110348786	0	0	0.828319479589852	0.483559714194433	0	0.0916048454515412	0.154962373428766	0	0.0587366257112196	0	0.083265819526095	0	0	0.0863879455145976	0	0.436691522351251	0	0.0873500757158042	0.21010461737473	0	0	0	0	0	0	0	0	0	0	0.0843781011712199	0	0	0.063259433270947	0	0.0631084659235281	0	0	0.103427370790497	0.058554530135397	0	0	0	0	0	0	0	0	0	0	0	0	0	0.0824801790630984	0	0	0	0	0.0934748937876361	0	0	0	0.103989001251595	0	0	0.0811566087017428	0.0932834038242343	0	0	0.0829062937036537	0	0	0.268438599731644	0	0	0	0.233962017533782	0.223953773512939	0	0	0	0	0	0	0	0	0
SRR16554628	0.713687353610178	1.49922683888332	2.54781136670896	2.44508732196038	2.65045156170735	2.41474011323816	2.0263731532125	2.5812213120093	2.05569339674032	2.43765712328029	1.86650478802584	3.10173400779952	2.12260648184535	0	0	2.21639380914149	1.21317615543893	0	0	0	0	0	0	0	0	0	0	0	0	1.01624275525073	0	0	0	0.405900394472694	0	0	0	0.704194835439092	0	0	0.16890698204872	0.400017813028814	0.541955216529701	0.512101566068495	0	1.19296608134821	0	2.10757937003319	0	0.192083350365012	0	1.13633305450662	0	0	0.164718888271591	2.35164716357584	0.412304733351408	0.3193353400364	0	0.754599467814247	0.196138957733969	0	0	0	0	0	0	0	0.431464504670887	0.146133604869505	0.712807803644938	0	0	0	0	0	0	0	0	0	0	0	0	0	0	0.182990333674249	0	0	0	0.900167567055515	0.230116592541451	0	0	0	0	0.434227485926891	0	1.82955049634567	0	0	0	0.175412851014377	0	0	0	0.158234354692842	0.890997318288135	0	0	0.167039470700613	0.916290429446959	0.690841206099073	0	0.159908881415122	0	0.392912480646572	0.172487197729952	0	0	0	0	0	0.178956807284517	0	0	0	0	0	0	0.188113660987411	0	0.160260771800969	0	0.15221025732336	0.157344607760304	0.160715720072692	0	0	0	0	0.155920158359905	0	0.196546724135763	0	0	0	0	0	0	0	0	0.254517040627041	0.174501355656135	0.160225607265955	0	0	0	0	0	0	0	0	0	0	0.38294809131783	0	0.950841428012744	0.197476836922099	0	0	0	0	0	0	0	1.76425287812508	0.189521919301025	0	0	0	0	0	0	0.387776107488897	0.141478108895456	0.134696681303543	0	0	0	0	0	0	0	0	0	0.947129082924384	0	0.184827274405245	0	0	0.153293806767314	0	0	0	0	0	0	0.153827256277542	0.284354012997356	0	0	0	0	0	0	0	0	0	0	0	0	0	0	0	0	0	0	0.153094288339381	0	0	0	0	0.150490072477182	0	0	0	0.151112411775819	0	0.160335221357698	0	0	0	0	0.135602416838347	0	0	0	0	0	0	0	0	0	0	0	0.206699672402218	0	0.269171506992405	0	0.187342452297161	0	0	0.103398331692856	0.219553403679209	0	0	0	0.20945095476534	0	0	0.0951560960486522	0	0.170153256843659	0	0	0	0	0	0.123690339582779	0	0	0	0	0	0.14599986416677	0.113093222169451	0	0.177389449329978	0	0.16297098066865	0	0	0	0.156360998681457	0	0.152926306671204	0	0	0	0	0	0	0.149522760754829	0	0	0	0	0.33124193456061	0	0	0	0.273171829004749	0	0	0.229380855449278	0.216842573280636	0	0.208235828915746	0.221825846836855	0	0	0	0	0.220972539284454	0	0	0	0	0	0	0	0	0	0	0	0
SRR16554630	2.12651974930625	1.48833341307142	0.746703227097834	0.340102848163461	0.381354790403091	0	0	0.44794685903766	0.297226015951868	0.342366136594479	0.363234784665248	0	0	4.00692605664706	5.59404392055565	0	0.610875289307631	0	1.08998282218684	0	3.78969820231565	0	3.03375381087476	0	0	0	0.428555068336897	0.111125157989365	1.32444884569633	0	0	0	0	0.25739140926008	0	0	0	0	3.177124177312	1.40140137525395	2.39160869052974	0.264572455908904	0.973763372006353	0	0.240425593496066	1.00084321739677	0	0	0	0	0	0	0	0	0.421433801849928	0	0	0.225413916926952	0.900705678888442	2.3132929027507	0	0	0	0.391365310802299	0.298879350191493	0	0.226549699682714	2.31980979992802	0	0.337423482890039	1.38344957574798	0	0	0.171519514164072	0.193410367437151	0	0	0	0	0	0	0	0	0	0	0	0	0.437707573466701	0	1.85794391235084	0	0	0	0	0	0	0.811402392777699	0	0	0.190952756343014	0	0	0	0	0.151250118902562	0	1.51355272062105	0	0.109121843018238	0	1.35835051988233	0	0	0	0	0	0	0	0	0	0	0	0	0	0.154590670767117	0	0	0	0	0	0	0	0	0	0	0	0	0	0	0	0	0	0	0	0	0	0	0	0.103916936621009	0	0	0	0	0	0	0	0	0	0	0	0	0	0	0	0	0	1.43146224511797	0.0905904146708603	0	0	0	0	0	0	0	0	0	0	0	0	0	0	0	0	0	0	0	0	0	0	0	0	0	0	0	1.41586473682483	0	0	0	0	0	0	0	0	0	0	0	0	0	0	0	0	0	0	0	0	0	0	0	0	0	0	0	0	0	0	0	0	0.275112400150549	0	0	0	0	0	0	0	0	0.264282713650727	0	0	0	0	0	0	0	0	0	0	0	0	0	0	0	0	0	0	0	0	0	0	0	0	0	0	0	0	0	0	0	0	0	0	0	0	0	0.182519849291556	0	0	0	0.0971993361541471	0	0	0	0	0	0	0	0	0.175351281642598	0	0	0	0	0	0	0	0	0	0	0	0	0	0	0	0	0	0	0	0	0	0	0	0	0	0	0	0	0	0	0	0	0	0	0	0	0	0	0	0	0	0	0	0	0	0	0
SRR16554631	14.4262108606956	6.99862065106468	0	0	0	0	0	0	0	0	0	0	0	17.3444627897658	10.1249665583768	0	2.14508723930114	0	0	0	9.82116912137787	0	9.68340345343372	0	0	0	0	0	0	0	0	0	0	0	0	0	0	0	0	0	0	0	0.752319279458745	0	0	0	0	0	0	0	0	0	0	0	0	0	0	0	0	0	0	0	1.45594458695007	0	0	0	0	0	0	0	0	0	0	0	0	0	0	0	0	0	0	0	0	0	0	0	0	0	0	0	0	0	0	0	0	0	0	0	4.45982265627003	0	0	0	0	0	0	0	0	1.99917038256524	0	0	0	0	0	0	0	0	0	0	0	3.68105314617432	0	0	0	0	0	0	3.08745072816551	0	0	0	0	0	0	0	0	0	0	0	0	0	0	0	0	0	0	0	0	0	0	0	0	0	0	0	0	0	0	0	0	0	0	0	0	0	0	0	0	0.943689417647798	0	0	0	0	0	0	0	0	0	0	0	0	0	0	0	0	0	0	0	0	0	0	0	0	0	0	0	0	0	0.728419057090319	0	0	0	0	0	0	0	0	0	0	0	0	0	0	0	0	0	0	0	0	0	0	0	0	0	0	0	0	0	0	0	0	0	0	0	0	0	0	0	0	0.599150970158001	0	0	0	0	0	0	0	0	0	0	0.953816871028508	0	0	0	0	0	0	0	0.60145909873473	0	0	0	0	0	0	0	0	0	0	0	0.467182329986864	0	0	0	0	0	0	0	0	0	0	0	0	0	0	0	0	0	0	0	0	0	0	0	0	0	0	0	0	0	0	0	0	0	0	0	0	0	0	0	0	0	0	0	0	0	0	0	0	0	0	0	0	0	0	0	0	0	0	0	0	0	0	0	0	0	0
SRR16554632	1.05717786640333	1.66173457823529	0.607251379563467	0.495894339375757	0.555622956448461	0.491025734900857	0.337865606847279	0.502801045957686	0.457802361846044	0.420083911426722	0.448590964461889	3.52975951965866	0.479309137088198	0.685605342007551	0.420506709678815	2.35393172271767	0.797568271866104	0	5.8885833033944	1.40015536354051	0.532458214992937	5.63336353283487	0.51914053855575	0	0	0	0.56571317175962	0.0766682330808276	0.603397654632012	0	0	0	0	0.0976280324325102	1.18986410423821	0	0	0.674552790833341	0	3.60156624872026	0	0.126185086212755	0.452783141302205	0.477382867425797	0.273597082753829	0	0	0	0	0.635415355089494	0	0	0.158195846615424	0	0	0	0.0913807270525087	0	3.44797406925606	0.29084660522614	0.223848988484764	0.171174151370203	0	0.193255937228777	0.172300198549306	0.235062914594936	0.219128242072682	1.34561967166925	0.268666332674371	0	0.262396783942662	0	0	0.178816670894526	0.167035006719531	0	0	0.655006152408843	0	0	0	0	0	0	0.261253066806846	0.800393229471037	0	0.252941028342081	0	0	0	0	0	0	0	0.80066017750112	0.265456827236205	0.367583663116966	0	0.172097645474097	0.126704860121546	0	0.208455395511895	0	0.125628378306124	0	0	0.0880713217070712	0	0	0	0	0	0	0	0.686589646473777	0	0	0	0	0.133477090359844	0	0	0.187187118585799	0.119289184521601	0	0	0	0.120458048649303	0	0	0	0.122677744241264	0	0	0	1.17061129404076	0	0	0	0	0	0	0	0.215450840504455	0	0.130109904610691	0	0	0	0	0	0	0	0	0	0	0	0	0	0	0	0	0	0	0	0	0	0	0	0	0	0	0	0	0.318139011961699	0	0	0	0	0	0	0	0.676427486557671	0	0	0	0	0	0	0	0	0	0	0	0	0	0	0	0	0	0	0	0	0	0	0	0	0.596925204519437	0	0	0	0	0	0	0	0	0	0	0	0	0	0	0	0	0	0	0	0	0	0	0	0	0	0	0	0	0	0	0	0	0	0	0	0	0	0	0	0	0.0955506592784552	0.123424472033755	0	0	0	0	0	0	0	0	0	0	0	0	0	0	0	0	0	0	0	0	0	0	0	0	0	0	0	0.146115632408405	0	0	0	0	0	0	0	0	0	0.185647529376533	0	0	0	0	0	0	0	0	0	0	0	0	0	0	0	0	0	0	0	0	0	0	0	0	0	0	0	0	0	0	0	0	0	0	0	0	0	0	0	0	0	0	0	0	0	0	0
SRR16554633	0	4.63906175116065	2.02549374359376	2.24347750934859	2.29015711478543	1.5073663540063	0.79419733073803	1.82574397545297	1.77190605420826	1.60873350430873	1.5079573958093	13.714621581472	1.38069462308623	0	0	8.49884778271354	2.03031408041047	0	0	0	0	0	0	0	0	0	1.74770943303111	0	0.251515744692637	0	0	0	0	0.493164510180648	0	0	0	0	0	0	0	0.834444060007414	0.61757459622577	0.545213192079492	1.26747453436848	0.551369157552837	0	0	0	0.706218372495776	0	0.537442713311871	1.68820065927254	0	0.394257926359176	0	0.180224766932111	0	0	0.408868717868351	0.706855216284086	1.75691901074312	0	1.35981123283025	1.19476859447952	1.86201154173537	1.13249658435545	0	0	0.338162570741652	0.403848170751865	0	0	1.17967651891685	1.1567902339782	6.37433393344205	0	0	0	0	0	0	0	0	0.343623293634622	0.25512613664064	0	0.670117260360195	0	0	0	0	0	0.83596071799825	0	0	0.377440522375357	0	0.243091199320815	1.15895807406652	0	0	0.296935620749723	0	0	0	0	0	0	0	0	0	0	0	0	0	0	0	0	0.238701400301947	0	0.752251619576645	0	1.29223091339985	0	0	0.222139806084316	0	0	0	0.714938917375378	0	0	0	0	0	0	0	0	0	0	0	0	0	1.11636814258555	0	0	0	0	0	0	0	0	0	0	0	0	0.124668933899355	0	0	0	0	0	0	0.850825597743474	0	0	0	0	0	0	0	0	0	0	0	0	0	0	0	0	0	0	0	0	0	0	0.220527381826455	0	0	0	0	0	0	0	0	0	0	0	0	0	0	0	0	0	0	0	0	0.367892265315235	0	0	0	0	0	0	0	0	0	0	0	0	0	0	0	0.240570449177418	0	0	0	0	0	0.260986422989676	0	0	0	0	0	0	0	0	0	0	0	0.817839384689737	0	0	0	0.236725756262635	0	0	0	0	0.215142233313633	0	0	0	0	0.225835014989514	0	0	0.583620417912941	0	0	0	0	0.192086517184472	0	0	0	0	0	0	0	0	0	0.184684902327522	0	0.180720702298049	0	0	0	0	0	0	0	0	0	0	0	0	0	0	0	0	0	0	0	0	0	0	0	0	0	0	0	0	0	0	0	0	0	0	0	0	0	0	0	0	0	0	0	0	0	0	0	0	0	0	0	0	0	0	0	0	0	0	0
SRR16554634	1.12879844467104	0.861545017974917	0	0	0	0.993936961977531	0.77871642915713	0	0	0	0	0	0.789080556025378	0	0	0	1.27147703258999	0	0	0	0	0	0	0	0	0	0.392217613554769	0.846139086065613	0.225692736729289	0	0	0	0	0	0	0	0	0	0.396722651847177	0	0.916402493885623	0.190547861543823	2.28620648999235	0.438004125497324	0	0.355634028422914	0	0.325469814869594	0	0.259766417605886	0	0.32913154720517	0	0	0	0.294017725082612	0.133898699724287	0	0	1.81239262975283	0.159473624249355	0	0.245175187460863	0	0	0	0	0.321232497115784	0.153806772998629	0	1.86022087130131	0.654122893257616	0.680417869332721	0	0	0	0.651323057477065	0	0.640824715514079	1.12122528481157	0.619987506334689	0.641411493401033	0.633893569410852	0.648054828264697	0	0.204075413086179	0.600575553734824	0	0.623438043507646	1.49116969056352	0	0.575351876022207	0.567645078095193	0	0	0.416710620471932	1.56262337607751	0.235608662461967	0	0	0	0	0	0	0	0	1.36987186233675	0	0	0	1.41145610307601	0	0.49893831752126	0	0.491236539353355	0	0	0	0	0	0	0	0	0	0	0	0	0	0	0	0	0	0	0	0	0	0.16269205579763	0	0	0	0	0	0	0	0	0	0	0	0	0	0	0	0	0	0	0	0	0	0	0	0.204945617415548	0	0	0	0	0	1.24564872177191	0.105910831318456	0	0	0	0	0	0	0	0	0	0	0	0	0.160599425993874	0	0	0	0	0	0	0	0	0	0	0	0	1.94005668316818	0	1.11053184349478	0	0.0978286535292574	0	0	0	0	0	0	0	0	0	0	0.722611268069114	0	0.2792285522707	0	0	0	0	0	0.920134141114967	0	0	0	0	0	0	0	0	0	0	0	0	0	0	0	0	0	0	0	0	0	0.101600984430849	0	0	0	0	0	0	0	0	0	0	0.138016476622891	0	0	0	0	0	0.217697596403755	0	0	0	0	0	0	0.145985335547363	0.259028608111022	0	0	0	0.193968672166109	0	0.620732594193965	0	0	0	0.0983870544009807	0	0	0	0	0	0	0	0.17964586937959	0	0	0.211702754647584	0	0	0	0	0	0	0	0	0	0	0	0	0	0	0	0	0	0	0	0	0	0	0	0	0	0	0	0	0	0	0	0	0	0	0	0	0	0	0	0	0	0	0	0	0	0	0	0	0	0	0
SRR16554635	1.38739268378905	3.23355345406224	3.74498258234818	2.47898726431271	2.48428929952545	1.66838331516138	0	2.17364496853184	2.25984438481467	1.92757254291017	2.20073788251586	5.95875896302671	1.47833142526396	0	0	3.22354501169077	1.37476392164705	0	0	0	0	0	0	0	0	0	0	1.78427440189899	0	0	0	0	5.09876807544788	0	0	1.79516544217297	0	0	0	0	0	0	0	0	0	0.83024953068575	1.23495984289425	0	1.28963610060723	0	1.23640404881426	0.696570052683691	0	0	1.45711080439092	0	0	0	0	0	0	0	0	0	1.28209753810999	0	0.611355653460894	0	0	1.17819993837651	0	0	0	0	0	0	0	0	0	0	0	0	0	0	1.23827519159502	0.457856214140305	0	0	0	0	0	0	0	0	1.60177096275662	0	0	0	0	0	0	0	0.824839783374793	1.53338514975698	0	0	0	0	0	0	0	0	0	0	0	0	0	0	0	0	0	0	0	0	0	0	0	0	0	0	0	0	0	0	0	0	0	0	0	0	0	0	0	0	0.876802213286942	0	0	0	0	0	0	0	0	0	0	0	0	0	0.306416959701092	0	0	0	0	0	0	0	0	0	0	0	0	0	0	0	0	0.586112745332844	0	0	0	0	0	0	0	0	0	0	0	0	0	1.09980070579348	0	0	0	0	0	0	0	0	0	0	0	0.57985551559926	0.961750086604197	0	0	0.621397096791079	0	0	0	0.646570166558706	0	0.58520129343954	0.6460309191336	0.586915907836898	0	0	0	0	0	0	0.571761813153809	0	0.645538899753478	0.621100105643545	0	0	0.574889133260138	0	0	0	0	0.566573839014487	0	0.578442095433392	0	0	0	0	0	0	0	0.541532764121788	0	0	0	0	0	0.583787043473263	0	0	0	0	0	0	0	0	0	0	0	0	0	0	0	0	0	0	0	0	0	0	0	0	0	0	0	0	0	0.349497059818675	0	0.263081454923671	0	0	0	0	0	0	0	0	0	0	0	0	0	0	0	0	0	0	0	0	0	0	0	0	0	0	0	0	0	0	0	0	0	0	0	0	0	0	0	0	0	0	0	0	0	0	0	0	0	0	0	0	0	0	0	0
SRR16554636	0	0	0	0	0	0	0	0	0	0	0	0	0	0	0	0	0	0	0	0	0	0	0	0	0	0	0	0	0	0	0	0	0	0	0	0.528302526780229	0	0	0	0	0	0	0	0	0	0	0.58785103555702	0	0.506890464076947	0	0.497917867976948	0	0	0.464984102114589	0	0	0	0	0	0	0	0	0.658550965057194	0	0	0	0	0	0	0	0	0	0	0	0	0	0	0	0	1.24700905472752	0	0	0	0	0	0	0	0	0	0	0	0	0	0	0	0	0	0	0.36317850803276	0	0	0	0	0	0	0	0	0	0	0	0	0	0	0	0	0	0	0	0.581897142856706	0.302774554206707	0	0	0	0	0	0	0.314534317371462	0	0	0	0	0	0	0	0	0	0	0	0	0	0	0	0	0	0	0	0	0	0	0	0	0	0	0	0	0	0	0	0	0	0	0	0	0	0	0	0	0.194749282412685	0	0	0	0	0	0	0	0	0	0	0	0	0.284496455167722	0.457552496814262	0	0	0	0	0.46999854947871	0	0	0	0	0	0	0	0	0	0	0.175812350221643	0	0	0.257308361947554	0	0	0	0.447960078842682	0	0	0.266502230366411	0	0	0	0	0	0	0	0	0	0.993314374824404	0	0	0	0	0	0	0	0	0	0.282972026421388	0	0	0	0	0.247931609824685	0	0	0	0.257752072746427	0	0	0	0	0	0	0.228255928809246	0	0	0	0	0	0	0	0	0	0	0	0	0	0	0	0	0	0	0	0	0	0	0	0	0	0.391304838956458	0	0.954851090204364	0	0.393151063740569	0	0	0	0	0	0	0	0	0	0	0	0	0	0	0	0	0	0	0	0	0	0	0	0	0	0	0	0	0	0	0	0	0	0	0	0	0	0	0	0	0	0	0	0	0	0	0	0	0	0	0	0	0	0	0	0	0	0	0	0	0	0
SRR16554637	1.95124858316421	1.0693120859254	0	0	0	0	0	0	0	0	0	0	0	0	0.209592044652935	0	0	0	0	0	0	0.943907422506342	0	0	0	0	0	0	0.70634799692054	0	0	0	0	0	0	0	0	0	0	0	0	0	0.679468247983441	0	0	0	0	0	0	0	0	0	0	0	0	0	0	0	0	0.303527473998245	0	0	0	0	0	0	0	0	0	0	0	0	0	0	0	0.264629414456956	0	0	0	0	0	0	0	0	0	0	0	0.325310936554913	0	0	0	0	0	0	0	0	0	0	0	0	0.367867560073565	0	0	0	0.373700372092064	0	0	0	0	0	0	0	0	0	0	0	0	0	0	0	0.36224321193325	0	0	0	0.342964666988122	0	0	0	0.326355891338888	0	0	0	0.334591625932535	0	0	0	0.119993078180723	0	0	0	0	0	0	0	0	0	0.330815542775742	0	0	0	0	0	0	0	0	0	0	0	0	0	0	0	0	0	0	0	0	0.122422605586859	0	0	0	0	0	0	0	0	0	0	1.04473464335499	0	0	0	0	0	0	0	0	0	0	0	0	0	0	0	0	0	0	0	0	0	0	0	0	0	0	0	0	0	0	0	0	0	0	0	0	0	0	0	0	0	0	0	0	0	0	0	0	0	0	0	0	0	0	0	0	0	0	0	0	0	0	0	0	0	0	0.294692204750651	0	0	0	0	0	0	0	0	0	0	0	0	0	0	0	0	0	0	0	0	0	0	0	0	0	0	0	0	0	0	0	0	0	0	0	0	0	0	0	0	0	0	0	0	0	0	0	0	0	0	0	0	0	0	0	0	0	0	0	0	0	0	0	0	0	0	0	0	0	0	0	0	0	0	0	0	0	0	0	0	0	0	0	0	0	0	0	0	0	0
SRR16554638	0	0	0	0	0	0	0	0	0	0	0	0	0	0	0	0	0	0	0	0	0	0	0	0	0	0	0	0	0	0	0	0	0	0	0	0	0	0	0	0	3.36479266004962	0	0	0	0	0	0	0	0	5.06111938362205	0	0	0	0	0	0	3.08172689405197	0	0	0	1.5128599162554	0	7.39159735040247	0	0	0	0	0	0	0	0	0	0	0	0	0	0	10.8485962958975	0	6.47951558936623	0	0	0	0	0	0	0	0	0	0	0	0	0	1.04287308085194	0	0.510636852715587	0	0	0	0	0	0	0	0	0	0	0	0	0	0	0	0	0	0	0	0	0	0	0.284409585595555	0	0	0	0	0	0	0	0	0	0	0	1.11103929214317	0	0	0	0	0	0	0	0	0	0	0	0	0	0	0	0	0	0	0	0	0	0	0	0	0	0	0	0	0	0	0	0	0	1.04649231433416	0	0	0	0	0	0	0	0	0	0	0	0	0	0	0	0.464840587336905	0	0	0	0	0	0	0	0	0	0	0	0	0	0	0	0	0	0	0	0	0	0	0	0	0	0	0	0.967697933419449	0	0	0	0	0	0	0	0	5.24019306696392	0	0	0	0	0	0	0	0	0	0	0	0	0	0	0	0	0	0	0	0	0	0	0	0	0	0	0	0	0	0	0	0	0	0	0	0	0	0.725784140644453	0	0	0	0	0	0.484961132326152	0	0.662766085171661	0	0	0	0.696576506300374	0	0	0	0	0	1.9424747280043	0	0	0	0	0	0	0	0	0	0	0.519707524922054	0	0	0	0	0	0	0	0	0	0	0	0	0	0	0	0	0	0	0	0	0	0	0	0	0	0	0	0	0	0	0	0	0	0	0	0	0	0	0	0	0	0	0	0	0	0	0	0	0	0	0
SRR16554639	0	0	0	0	0	0	0	0	0	0	0	0	0	0	0	0	0	0	0	0	0	0	0	0	0	0	0	0	0	0	0	0	0	0	0.339315970881117	0	0	0	0	0	0	0	0	0	0	0	0	0	0	0	0	0	0	0	0	0	0	0	0	0	0	0	0	0	0	0	0	0	0	0	0	0	0	0	0	0	0	0	0	0	0	0	0	0	0	0	0	0	0	0	0	0	0	0	0	0	0	0	0	0	0	0	0	0	0	0	0	0	0	0	0	0	0	0	0	0	0	0	0	0	0	0	0	0	0	0	0	0	0	0	0	0	0	0	0	0	0	0	0	0	0	0	0	0	0	0	0	0	0	0	0	0	0	0	0	0	0	0	0	0	0	0	0	0	0	0	0	0	0	0	0	0	0	0	0	0	0	0	0	0	0	0	0	0	0	0	0	0	0	0	0	0	0	0	0	0	0	0	0	0	0	0	0	0	0	0	0	0	0	0	0	0	0	0	0	0	0	0	0	0	0	0	0	0	0	0	0	0	0	0	0	0	0	0	0	0	0	0	0	0	0	0	0	0	0	0	0	0	0	0	0	0	0	0	0	0	0	0	0	0	0	0	0	0	0	0	0	0	0	0	0	0	0	0	0	0	0	0	0	0	0	0	0	0	0	0	0	0	0	0	0	0	0	0	0	0	0	0	0	0	0	0	0	0	0	0	0	0	0	0	0	0	0	0	0	0	0	0	0	0	0	0	0	0	0	0	0	0	0	0	0	0	0	0	0	0
SRR16554640	7.38991614970715	4.50670699258865	4.01496808899609	4.00364846560193	3.61553890668955	1.69333468754928	2.40623884787274	3.45514779581567	3.27617476065568	3.3582009864953	3.01363359127709	0	1.46503101757685	1.86646075877878	1.17335923619018	0	0.578051361526003	0.108166376339608	0	0	1.23533278974462	0	1.52208115214987	0	0	0	0.347562264231133	0	0.702712053499929	0	0	0	4.64777916658008	0.303428709291584	0	0	0	2.45482652050888	0	0	0.711025035859776	0.405441669524718	0.532945841776026	0.451250077839959	0	0.968967865301588	0	0	0	0.277903350671453	0	0.920621672981806	0	0	0	0	0.195855324035249	0.286855074628035	0	0.323617657883906	0	0	0	0	0	0	0.17061106691772	0	0	0	0.30168498376274	0	0	0	0	0	0	0.64426311573176	0	0	0	0	0	0	0.243965333100024	0.283297249529698	0	0.367758482977816	0	0	0	0	0	0	0	0.422594096403444	0.303247768033572	0	0	0	0.289433691006157	0	0.201632803035178	0	0.247550644243255	0	0	0	0	0	0	0.801385315867657	0	0	0	0.4038444197508	0	0	0.132464258814613	0	0.256738185804817	0	0.128772897511503	0	0.240901093621395	0	0	0.206686967458437	0.223071615975732	0	0	0	0.243433747817125	0	0	0	0	0	0	0	0	0	0	0	0.186695013663172	0	0.227611457861241	0	0	0	0	0	0.11956288016641	0	0	0	0	0	0	0	0	0	0.207573935838959	0	0	0	0	0	0	0	0	0	0	0	0	0	0	0	0.640337673233352	0	0	0.143526481691288	0	0.273702542819076	0	0	0.105787620279967	0.252722090939267	0	0	0	0	0	0	0	0	0	0	0	0	0	0	0	0.182388274250968	0	0	0	0	0	0	0	0	0	0	0	0	0	0	0	0	0	0	0	0	0.237419048146621	0	0	0	0	0	0	0	0	0	0	0	0	0	0	0	0.114952765201591	0	0.227170545190865	0	0	0	0.230758074765011	0	0	0.12331537106517	0	0.180005954375827	0	0	0	0	0.221062008311463	0	0.254399401487863	0	0	0	0	0	0.123192294226624	0	0	0	0	0	0	0	0	0	0.121295291008299	0	0.128665264880452	0	0	0	0	0	0	0	0	0	0	0	0.211419137467154	0	0	0	0	0	0	0	0	0	0	0	0	0	0	0	0	0	0	0	0	0	0	0	0	0	0	0	0	0	0	0	0	0	0	0	0	0	0	0	0	0	0	0	0	0	0	0
SRR16554641	11.1978688085348	6.98097554385619	0	0	0	0	0	0	0	0	0	0	0	0	0	0	0	0	0	0	0	0	0	0	0	0	2.11373252164675	0	0.741657458679895	0	0	0	0	1.52618529232295	0	0	0	0	0	0	1.80780859601193	2.33941893271147	2.34935280735209	0	2.48513847275294	0	0	2.32754260930342	0	0	0	0	1.95059705546112	0	0	1.62460372928709	0.633291882478983	1.35955759562238	0	1.5226678526874	0.729228004434579	1.97227706839681	0.166631364470346	2.65432288243334	2.1936433117695	1.86884508132477	2.09833203863663	0	0	0	1.40995061881229	0	0	6.33014062894311	1.94653108092457	0	0	0	0	0	0	0	0	0	0.26691119172334	0	0	0.402811441987358	0	0.928147352118932	0	0	0	0	0	0	1.35491582232676	1.4344230056212	0.268913230291738	2.88867397245735	0	0	0.216659015244171	0	0	0	0.952312369434178	0	0	0	1.03695194059549	0	0	0	0	0	0	0	0.511707027428857	0.247633625204181	0	0	0	2.23251598131671	0	0	0.252300693328932	0	0	0	0	0	0	0	0	0	0	0	0	0	0	0	0	0	0.223762090079888	0	0	0	0	0	0	0	0	0	0	0	0	0	0	0	0.548765640537781	0	0	0	0	0	0.851919799894594	0	0	0	0	0.144939301564842	0	0	0	0	0	0	0	0	0	0.42080566221001	0	0	0	0	0.400789286572549	0	0	0	0	0	0	0	0	0	0	0	0	0	0	0.62063075395953	0	0	0.364413547209829	0.360142408262739	0	0	0	0.361345196590401	0	0.370968281422847	0.35048463621048	0.351856562412842	0	0	0	0	0	0	0.3770750351365	0	0.351509096849472	0.360639325955912	0	0	0.331770829310994	0	0	0	0	0.344828091321463	0	0.341804351271099	0	0	0	0	0	0	0	0.344673641515339	0	0	0	0	0	0.321075640340569	0	0	0	0	0	0	0	0.18828708874687	0	0.402455461540014	0	0	0	0.363722243762442	0	0.242229517194163	0	0	0	0.178428193647839	0	0	0.393150482798751	0	0	0	0	0	0	0	0	0	0	0	0	0	0.132694449472286	0	0	0	0	0	0	0	0	0	0	0	0	0	0	0	0	0	0	0	0	0	0	0	0	0	0	0	0	0	0	0	0	0	0	0	0	0	0	0	0	0	0	0	0	0	0	0	0	0	0	0
SRR16554642	3.85411953348757	2.48834466536975	12.1677208296489	9.10099303414586	9.00581385346605	0	0	7.28437854353481	7.9373235324449	7.86984452803867	9.04881995193789	0	0	0	0	0	0	0	0	0	0	0	0	0	0	0	0	0	0	0	0	0	0	4.44678736999405	0	0	0	0	0	0	0	3.26229911414073	0	0	0	0	0	3.62056119203916	0	0	0	0	0	0	0	0	1.38189282917574	3.1573921820896	0	0	0	0	0.516165285220748	0	0	0	0	0	0	0	0	0	0	0	0	0	0	0	0	0.493963135246854	0	0	0	0	0	0	0	0	0	0	0	0	0	0	0	0	0	0	0.541304844291761	0	0	0	0	0	0	0	0	0	0	0	0	0	0	0	0	0	0	0	0	0.557693618629247	0	1.23313603949603	0	0	0	0	0.59186511634619	0	0	0	0.858583467012415	0	0	0	0	0	0	0	0	0	0	0	0	0	0	0	0	0	0	0	0	0	0	0	0	0	0	0	0	0	0	0	0	0	1.47456345655232	0	0	0	0	0	0	0	0	0	0	0	0	0	0	0	0	0	0	0	0	0	0	0	0	0	0	0	0	0	0	0	0	0	0	0	0	0	0	0	0	0	0	0	0	0	0	0	0	0	0	0	0	0.546741198385541	0	0	0	0	0	0	0	0	0	0	0	0	0	0	0	0	0	0	0	0	0	0	0	0	0	0	0	0	0	0	0	0	0	0	0	0	0	0	0	0.277596761423971	0	0	0	0.330191660413001	0	0	0	0	0	0	0	0	0	0	0	0	0	0	0	0	0	0	0	0	0	0	0	0	0	0	0	0	0	0	0	0	0	0	0	0	0	0	0	0	0	0	0	0	0	0	0	0	0	0	0	0	0	0	0	0	0	0	0	0	0	0	0	0	0	0	0	0	0	0	0	0	0	0
SRR16554643	0.688308781443696	0	1.23002518136362	1.24415239170545	1.3592692504195	1.54116953596076	0	1.48937528211426	0.989363839420813	1.22836554864097	0	0	1.47652158040499	1.75330482540809	1.48049271702311	0	0	0	0	0	1.17911688679819	0	1.52424133786051	0	0	0	0	2.1152237202638	0	0	0	0	0	0	0	0.925841414917502	0	0	0	0	0.696769232995562	0.403983016477382	0	0	0	0.846347668492512	1.11294281010535	0	0.873011291391667	0	0.761292343845504	0.710145489210653	0	0.851334116579028	0	0	0	0	0	0	0.237242852547174	0	0	0	0	0	0	0	0	0	0	0	0	0	0	0	0	0	0	0	0	0	0	0	0	0.384213668766595	0	0	0	0	0	0	0	0	1.3580960355516	0	0	0	0	0	0	0	0	1.32444818664101	0	0	0	0	0	0	0	0	0	0	0	0	0	0	0	0	0	0	0	0	0	0	0	0	0	0	0	0	0	0	0	0	0	0	0	0	0	0	0	0	0	0	0	0	0	0	0	0	0	0	0	0	0	0	0	0	0.411338102714585	0	0	0	0	0	0	0	0	0	0	0	0	0	0	0.35141587716602	0	0	0	0	0	0	0	0	0	0	0	0	0	0	0	0	0	0.728729634992754	0.284090480788655	0	0	0	0	0	0	0	0	0	0	0	0	0	0	0	0.303805604760126	0	0	0	0	0	1.05581095066089	0	0	0	0	0	0	0	0	0	0	0	0	0	0	0	0	0	0	0	0	0	0	0	0	0	0	0	0	0	0	0	0	0	0	0	0	0	0	0	0	0	0	0	0	0	0	0	0	0	0	0	0	0	0	0	0.332884846551498	0	0	0	0	0	0	0	0	0	0	0	0	0.379521687080692	0	0	0	0	0	0	0	0	0	0	0	0	0	0	0	0	0	0	0	0	0	0	0	0	0	0	0	0	0	0	0	0	0	0	0	0	0	0	0	0	0	0	0	0	0	0	0	0	0	0
SRR16554644	2.25334983838801	2.07295100046913	5.2721646661696	2.48855135099102	2.35625379490494	1.81236508231891	1.20713973935937	1.97331608889318	1.90572435862282	1.81931721420472	2.12673330313096	0	1.63929091517941	1.98506194351107	0.783180801713695	0	0	0	3.89368525124969	5.08618284701634	0	0	0	0	0	0	0	0.684925525165609	1.91530749072555	0	0	0	0	0	3.41820897658255	0	0	0	0	1.73189492475995	0	0	1.00337428010775	1.06647908044477	0	0	0	0	0	0.810621721717219	0	0	0	0	0.493789507008548	0	0.929391885690592	0	1.98907767367556	0	0	0	0	0	0	0	0	0	0	0	0	0	0	0	0	0	0	0	0	0	0	0	0	0	0	0	0	0	0	0	0	0	0	0	0	0.531543496912099	0	0	0	0	0	0	0	0	0	0	0	0	0	0	0	0	0	0	0	0	0	0	0	0	0	0	0	0	0	0	0	0	0	0	0	0	0	0	0	0	0	0	0	0	0	0	0	0	0	0	0	0	0	0	0	0	0	0	0	0	0	0	0	0	0	0	0	0	0	0	0	0.654413741515582	0	0	0	0	0	0	0	0	0	0	0	0	0	0	0	0	0	0	0	0	0	0	0	0	0	0	0	0	0	0.53502877491927	0	0	0	0	0	0	0	0	0	0	0	0	0	0	0	0	0	0	0	0	0	0	0	0	0	0	0	0	0	0	0	0	0	0	0	0	0	0	0	0	0	0	0	0	0	0	0	0	0	0	0	0	0	0	0	0	0	0	0	0	0	0	0	0	0	0	0	0	0	0	0	0	0	0	0	0	0	0	0	0	0.862395880577163	0	0	0	0	0	0	0	0	0	0	0	0	0	0	0	0	0	0	0	0	0	0	0	0	0	0	0	0	0	0	0	0	0	0	0	0	0	0	0	0	0	0	0	0	0	0	0	0	0	0	0	0	0	0	0	0	0
SRR16554645	13.9719139681511	12.7170502470111	0	0	0	0	0	0	0	0	0	0	0	6.18235811220506	7.20959497104014	0	0	0	0	1.4581733479227	5.182615762422	0	4.51479940119106	0	0	0	0	0	0	0	0	0	0	0	0	0	0	0	0	0	0	0	0	0	0	0	0	0	0	0	0	0	0	0	1.96614629724446	0	0	0	0	0	0	0	0	0	0	0	0	0	0	1.1404370035986	0	0.855261728779112	0.837639586555565	0	0	0	0.834681210017479	0	0.903637150702027	0	0.852797334588661	1.01985962485084	0.8049220788829	0.858527367737368	0	0	0.810736997060134	0	1.07916003743345	0	0	0.748882648575986	0.755735821162302	0	0	0	0	1.17865703820392	0.819926689216766	0	0	0	0	0	0	0	0	0	0	0	0	0	0	0	0.766909166072252	0.435454454883569	0	0	0	0.732609592373344	0	1.00062651914343	1.41542595145546	0	0	0	0.617079029081664	0	0	0	0	0	0	0	0	0	0	0	0	0	0	0	0	0	0	0	0	0	0	0	0	0	1.23056897830461	0	0	0	0	0	0	0	0	0	0	0	0.818080792317389	0	0	0	0	0	0	0	0	0	0	0	1.03737071587544	0	0	0	0	0	0	0	0	0	0	0	0	0	0	0	0	0	0	0	0	0	0	0	0	0	0	0	0	0.650511921719072	0	0	0	0	0	0	0	0	0	0	0	0	0	0	0	0	0	0	2.16406410571638	0	0	0	0	0	0	0	0	0	0	0	0	0	0	0	0	0	0	0	0	0	0	0	0	0	0	0	0	0	0	0	0	0	0	0	0	0	0	0	0	0	0	0	0	0	0	0	0	0	0	0	0	0	0	0	0	1.19088057699216	0	0	0	0	0	0	0	0	0	0	0	0	0	0	0	0	0	0	0	0	0	0	0	0	0	0	0	0	0	0	0	0	0	0	0	0	0	0	0	0	0	0	0	0	0	0	0	0	0	0	0	0	0	0
SRR16554646	0	0	0	0	0	0	18.6876063896993	0	0	0	0	0	0	0	0	0	0	0	0	0	0	0	0	0	0	0	0	0	0	59.5173954522135	0	0	0	0	0	0	0	0	0.528448966771862	0	5.87176362057154	0	0	0	0	0	0	0	0	0	0	0	0	0	0	0	0	0	0	0	0	0	0	0	0	0	0	0	0	0	0	0	0	0	0	0	0	0	0	0	0	0	0	0	0	0	0	0	0	0	0	0	0	0	0	0	0	0	1.0921699143741	0	0	0	0	0	0	0	0	0	0	0	0	0	0	0	0	0	0	0	0	0.546617462279835	0	0	0	0	0	0	0.548274138753128	0	0	0	0	0	0	0	0	0	0	0	0	0	0	0	0	0	0	0	0	0	0	0	0	0	0	0	0	0	0	0	0	0	0	0	0	0	0	0	0	0	0	0	0	0	0	0	0	0	0	0	0	0	0	0	0	0	0	0	0	0	0	0	0	0	0	0	0	0	0	0	0	0	0	0	0	0	0	0	0	0	0	0	0	0	0	0	0	0	0	0	0	0	0	0	0	0	0	0	0	0	0	0	0	0	0	0	0	0	0	0	0	0	0	0	0	0	0	0.963776511513422	0	0	0	0	0	0	0	0	0	0	0	0	0	0	0	0	0	0	0	0	0	0	0	0.345864905309265	0	0	0	0	0	0	0	0	0	0	0	0	0	0	0	0	0	0	0	0	0	0	0	0	0	0	0	0	0	0	0	0	0	0	0	0	0	0	0	0	0	0	0	0	0	0	0	0	0	0	0	0	0	0	0	0	0	0	0	0	0	0	0	0	0	0
SRR16554647	8.22137527648568	5.07314793431974	2.93393949395417	2.7693441977189	3.56969357507554	0	0.718131487553321	2.66475049413277	2.36000270054461	2.58035589223272	2.4711921445048	0	0	0	0	0	0	0	0	0	0	0	0	0	0	0	1.36226179577314	0	0	0.323145093864263	0	0	0	0.696797366209031	0	1.38843270788393	0	2.67345074247556	0	0	0	0.569736079431492	0.753139985144286	0	1.33260630682063	0	1.27234452066175	0.943120956446704	1.20496457358357	0	1.26496661190739	0	1.38303362779537	1.2587276822897	0	0.84666136327238	0	0.592165699672757	0	0.441901524885669	0	1.42720521005254	0	1.68439434506778	1.34706235691233	1.24412152509034	1.21475225127496	0	0	0	0.413102367458604	0	0	1.5413557570322	1.40720844588556	0	0	0	0	0	0	0	0	0	0.195216768023268	0	0	0	0	0	0	0	0	0	0	0.440258687493619	0.393974445806486	0.645529928430662	0	1.44735878061522	0	0	0.261296100137103	0	0	0	0	0	0	0	0	0	0	0	0	0.405298135010738	0	0	0	0	0	0	0	4.35982515840834	0	0	0	0	0	0	0	0	0	0	0	0	0	0	0	0	0	0	0	0	0.162363689489062	0	0	0	0	0	0	0	0	0	0	0	0	0	0	0	0	0	0	0	0	0	0	0.11413881143565	0	0	0	0	0	0	0	0	0	0	0	0	0	0	0	0.390334886223663	0	0	0	0.165608449609333	0	0	0	0	0	0	0.253916244225204	0	0	0.102120260651217	0	0	0	0	0	0	0	0	0	0	0.279923880176425	0	0.0820061208418312	0	0	0	0	0	0	0	0	0	0	0	0	0	0.170953053857525	0	0	0	0	0	0	0	0	0	0	0	0	0	0.0870400768338386	0	0	0	0.427936494001564	0	0	0	0.16963133377559	0	0	0	0.12860211376908	0	0	0	0	0	0.153299817378267	0	0.484219985968165	0.303302880502783	0	0	0	0	0	0	0	0	0	0	0	0	0.107465331679216	0	0	0	0	0	0	0.200309917888242	0	0	0	0	0	0.108131707039578	0	0	0	0	0	0	0	0	0	0	0	0	0	0	0	0	0	0	0	0	0	0	0	0	0	0	0	0	0	0	0	0	0	0	0	0.832355766725264	0	0	0	0.792905364787278	0.791215123925965	0	0	0	0	0	0	0	0	0
SRR16554648	26.5029573742796	14.4382115222069	3.80560867421263	4.11601681864504	3.90349056737207	0	0	4.54156582591933	3.19113948257326	3.68751478079366	2.93232210561647	0	0	0	1.07435888596948	0	0	0	0	0	1.40541043738211	0	0	0	0	0	0	0	3.54782717758907	0	0	0	0	1.58253129753664	0	0	0	0	0	0	0	1.23433160706494	0	0	0	0	0	9.41642682266692	0	0	0	0	0	0	0	0	0.499874859488138	1.08958149503923	0	0.824781175302692	0	0	0	0	0	0	0	0	0	0	1.01802768102933	0	0	0	0	0	0	0	0	0	0	0	0	0	0	0	0	0	0	1.26608364191706	0	0	0	0	0	1.78498919819368	0	0	0.449151371281993	0	0	0	0	0	0	0	1.07507339301047	0	0	0	0	0	0	0	0	0	0	0	0	0	0	0	0	0	0	0	0	0	0	0	0	0	0	0	0	0	0.803049878565024	0	0	0	0	0	0	0	0	0	0	0	0	0	0	0	0	0	0	0	0	0	0.46921610183988	0	0	0	0	0	0	0	0.921260651043726	0	0	0	0	0	0	0	0	0	0	0	0	0	0	0	0	0	0	0	0	0	0	0	0	0	0	0	0	0	0	0	0	0	0	0	0	0	0	0	0	0	0	0	0	0	0	0	0	0	0	0	0	0	0	0	0	0	0	0	0	0	0	0	0	0	0	0	0	0	0	0	0	0	0	0	0	0	0	0	0	0	0	0	0	0	0	0	0	0	0	0	0	0	0	0	0	0	0	0	0	0	0	0	0	0	0	0	0	0	0	0	0	0	0	0	0	0	0	0	0	0	0	0	0	0	0	0	0	0	0	0	0	0	0	0	0	0	0	0	0	0	0	0	0	0	0	0	0	0	0	0	0	0	0	0	0	0	0	0	0	0	0	0	0	0	0	0	0	0
SRR16554649	11.9898307926406	7.05683982849719	1.15498791600339	0.949936824906047	0.816883358468867	0.345756997075431	0.367482249634778	0.988145662780049	0.680896937824052	0.664504941835858	0.715066191854807	1.63821608409038	0	0	0	2.30808104095815	0	0	0	0	0	0	0	0	0	0	1.36902084173323	0	0.623641149014402	0	0	0	0	0	0	0	0	2.77583406087008	0	0	0	0	0	0	1.19210891258658	0	0	0	0	0	0	0	1.88139907788785	0	0	0	0.28070401655695	0	0	0.714292016094001	1.24002956875344	1.83639493666399	0	1.5636282261604	1.38042472964985	2.14941593642856	1.07878870231127	0	0	0	0.741609567073112	0	0	3.61710945301494	1.13945584037949	0	0	0	0	0	0	0	0	0	0	0	0	0	0	1.31375349691691	0	0	0	1.09565785087735	0	0	0	0	0.358689468128144	1.56406121420252	0	0	0	0	0	0	0.804826522236162	0	0	0	0.635767846785007	0	0	0	0	0	0	0	0.258603616222881	0.301223982033372	0	0.654692662158346	0	1.30739122588139	0	0	0.292613172358113	0	0	0	0.822725212466613	0	0	0	0	0	2.50189586151997	0	0	0	0	0	0	0	0	0	0	0	0	0	0	0	0	0	0	0	0	0	0	0	0	0	0	0	0.687678209561683	0	0.71706123602766	0	0	0	0	0	0	0	0	0	0	0	0	0	0	0	0	0	0	0	0	0	0	0	0	0	0	0	0	0.695975708599739	0	0	0	0	0	0	0	0	0	0	0	0	0	0	0	0	0	0	0	0	0	0.472788513160666	0	0	0	0	0	0	0	0	0	0	0	0	0	0	0	0	0	0	0	0	0	0	0	0	0	0	0	0.980452102599966	0	0	0	0	0	0	0	0	0	0	0	0	0	0	0	0	0	0	0	0	0	0	0	0	0	0	0	0	0	0	0	0	0	0	0	0.249502358140276	0	0	0	0	0	0	0	0	0	0	0	0	0	0	0	0	0	0	0	0	0	0	0	0	0	0	0	0	0	0	0	0	0	0	0	0	0	0	0	0	0	0	0	0	0	0	0	0	0	0	0	0	0	0
SRR16554650	4.75505221027002	3.6222917144907	0	0	0	1.08530900041072	0.16745343504083	0	0	0	0	0	0.895568515858209	1.31409235704766	0.675291310967088	0	2.22713917096307	0	0	0	1.00677015008807	0	1.31633083338174	0	0	0	1.0612396841236	0.585094689717189	0	0	0	0	0	1.15575704399616	0	0	0	1.68648075629118	1.62788540977026	0.674331402810257	0.338603823498408	1.03762652993455	0	0	1.05206150271057	0.730643385436123	0	0	0	0	0	0.653140834099742	0.701606813882145	0	0	0	0	0.939165994343475	0	0.865582908126318	0.350313570900825	0.821732448674134	0	0.736631981632534	0.741148699373859	0.828124967231285	0.645006694662302	2.2824794749131	0	0	0.507300161049199	0	0	0.763530882153554	0.750812982697325	0	0	0	0	0.214371814055803	0	0	0	0	0	0.702273095536894	0	0	0	0.714666707291073	0	0	0	0.855227043898044	0	0	0	0	0.158253014938449	0.622108690579781	0	0	0	0	0	0	0.556996573293112	1.85562334715356	0	0	0.546419790776541	0	0	0	0	0	0	0	0	0.137201558469497	0	0.819868073063207	0	0.591551990716438	0	0	0.131347929729392	0	0	0	0.7565352458771	0	0	0	0	0	0	0	0	0	0	0	0	0	0	0	0	0	0	0	0	0	0	0	0	0	0	0	0	0	0	0	0	0	0.933720468864159	0	0.538771949932184	0	0	0	0	0	0	0	0	0	0	0	0	0	0	0	0	0	0	0	0	0	0	0	0	0	0	0	0.190168214742382	0.52195604328446	0	0	0	0	0	0	0	0	0	0	0	0	0	0	0	0	0	0	0	0	0	0	0	0	0	0	0	0	0	0	0	0	0	0	0	0	0	0	0	0	0	0	0	0	0	0	0	0	0	0	0	0	0	0	0	0	0	0	0	0.184247799630288	0	0	0	0.63192209326071	0	0	0	0.173303723519775	0	0	0.14589561415114	0.185575451164274	0	0	0	0	0.253449428437861	0	0	0	0	0	0.255805840437482	0	0	0	0	0	0	0.247456808167865	0	0	0	0	0	0	0	0	0	0	0	0	0	0	0	0	0	0	0	0	0	0	0	0	0	0	0	0	0	0	0	0	0	0	0	0.430179064995311	0	0	0	0.386622949676227	0.378816056633713	0	0	0	0	0	0	0	0	0
SRR16554651	0.172438174429237	0.400658929777179	1.54004760619138	1.29232891904587	1.29287732688491	0.702822970363249	0.474800128549791	1.10999711731503	1.14781198354168	1.07794407478652	1.13673817941945	0.456964182722923	0.54297436209565	0	0	0.408967158431403	0.725583189331978	0	0	0	0	0.360470981322082	0	0	0	0	0	0.761422305763878	0.479200891162148	0	0	0	0	0	0	0	0	0	0	0	0	0	0.434452902450028	0.329872701681985	0	0.242187186664766	0	0	0	0.212607497370895	0	0.223433568809005	0	0	0	0	0	0	0	0.405868361099143	0.210573632627091	0	0.17396882256746	0	0	0	0	0	0.0840859317558036	0	0.272330557401106	0	0	0	0	0	0	0	0	0	0	0	0	0	0	0.372283963392078	0	0	0	0.188170463859696	0	0	0	0	0.50590525719388	0	0.252204486339957	0	0	0	0	0	0	0.491314662135079	0	0	0.1843057364692	0	0	0	0.202907346332935	0	0	0	0	0	0	0	0	0	0	0	0	0	0	0	0	0	0	0	0	0	0	0	0	0	0.0704738511370019	0	0	0	0	0	0	0	0	0	0	0	0	0	0	0	0	0	0	0	0	0	0	0	0	0	0	0	0	0	0	0	0	0	0	0	0	0	0	0	0	0	0	0	0	0	0	0	0	0	0	0	0	0	0	0	0	0.0784338257768544	0	0	0	0	0	0	0	0	0	0	0	0	0	0	0	0	0.0629464605360129	0	0	0	0	0	0.116850630629375	0	0	0	0	0	0	0	0	0	0	0	0	0.207794173178518	0	0	0	0	0	0.209326462252297	0	0	0	0	0	0	0	0	0	0	0	0	0	0	0	0	0.211776577760942	0	0	0	0	0	0	0	0	0	0.0823507125055989	0	0	0	0	0	0.184777461463715	0	0	0	0	0	0	0	0	0	0	0	0	0	0	0	0	0	0	0	0	0	0	0	0	0	0	0	0	0	0	0	0	0	0	0	0	0	0	0	0	0	0	0	0	0	0	0	0	0	0	0	0	0.0818454841565133	0	0	0	0.0751322425579816	0.0770471251110945	0	0	0	0	0	0	0	0	0
SRR16554652	0.884243579657444	0.939525481857845	0.619972580127941	0.551060375058517	0.530285789136005	0.730655750879803	0	0.540351519466575	0.457939663292962	0.446568381245677	0.45495761043681	1.16275289757535	0.629579388070296	0	0	0.808646212154604	1.56510095339487	0	0.184822313520731	0	0	0	0	0	0	0	0.385663779916673	0	0.632169352549684	0	0	0	0	0.0924383863917984	0	0	0	0.356444861388151	0.0680336166739702	0.135849185810005	0	0.10176135645271	0.300756460594223	0.862758722355896	0	0.465280022286984	0	0	0	1.52014984720323	0	0.415808213662258	0.495960301893874	0	0	0	0	0.0842006216303842	0.086284995649661	0.491396149261093	0.0877076707697001	0.248791176161271	0.198396753467339	0	0	0.379959654646352	0	0.066221283355421	0	0	0.279936228923235	0.253545539205692	0.25789843393612	0	0	0	0.245867462665602	0.829168427847284	0.29157471116123	0	0.239230266046925	0.242216934478904	0.242352951889413	0.239131779556324	0	0.336281724773784	0.237710892591472	0.349204458818583	0.234221939916857	0.304315328938635	0	0.221022544969486	0.209932489499102	0.174656078479334	0	0	0.206783059155038	0	0	0	0	0	0	0	0	0	0.255140217628432	0	0	0	0.251726039541085	0	0.186570941828957	0	0.186467772347814	0	0	0	0	0	0	0.134913557620174	0	0	0	0	0	0	0	0	0.137336701786638	0	0	0	0	0	0	0	0	0	0	0	0	0	0	0	0	0	0	0	0	0	0	0	0	0	0	0	0.095382015856179	0	0	0	0	0	0.157943406757812	0.177064146459	0.243210277958507	0	0	0	0	0	0	0	0	0	0	0	0	0	0	0	0.0865241962859475	0	0	0	0	0	0	0	0	0	0	0	0	0.233392224180981	0	0	0	0.120553474325711	0	0	0	0	0	0	0	0	0	0	0	0	0	0	0	0	0	0	0	0	0	0	0	0	0	0	0	0	0	0.327158162485194	0	0	0	0	0	0.288561370064554	0	0.0463332132428957	0	0	0.0504603827051886	0	0	0	0	0	0	0	0	0.244909177174737	0	0	0.299911052963685	0	0	0	0	0	0	0	0	0.0455300770423159	0.108561944829202	0	0	0	0	0	0.284207881979782	0	0.158827325612589	0	0	0	0	0.0467762862170464	0	0	0	0	0	0	0	0	0	0	0	0	0.838926556231299	0	0	0	0	0	0	0	0	0	0	0	0	0	0	0	0	0	0	0.157597890497028	0	0.0844421234810417	0	0.304513350001365	0	0	0.101392599591972	0	0	0.108389923047198	0.103639433166798	0	0	0	0	0	0	0	0	0	0	0	0	0	0	0	0	0
SRR16554653	0	0	1.99366100730973	1.60435562813302	1.60692233868641	0	0.624917303946854	1.55606774505074	1.51040729550376	0	0	7.23524457826331	0	0	0	3.9373062284757	0	0	0	0	0	0	0	0	0	0	0	0	0	0	0	0	0	0	0	0	0	0	0	0	0	0	0	0	0	0	0	1.62967753200628	0	0	0	0	0	0	0	1.0072910913679	0	0	0	1.71806728442636	0	0	0	0	0	0	0	0	0	0	0	0	0	0	0	1.77925147834116	0	0	0	0	0	0	0	0	0	0	0	0	0	1.48285705529218	0	0	0	2.20816968131332	0	0.694193706704966	0	0.817428798649542	0	0	1.29704476464277	0	0	0	1.32226576185082	0	1.06039668627139	0	0	0	0	0	0	0	0	0.60465283793034	0	0	0	0	1.18326351998378	0	0	0	1.30871133895741	0	0	1.15349034040571	1.2530305908596	0	6.34278057875993	0	1.19046131340017	0	0	0	0	0	0	0	0	0	0	0	0	0	1.16549586073535	0	0	0	0	0	0	0	0	0	0	0	0	0	0	0	1.13553536634943	0	0	0	0	0	0	0	0	0	0	0	0	0	0	0	0	0	0	0	0	0	0	0	0	0	0	0	0	0	0	0	0	0	0	0	0	0	0	0	0	0	0	0	0	0	0	0	0	0	0	0	0	0	0	0	0	0	0	0	0	0	0	0	0	0	0	0	0	0	0	0	0	0	0	0	0	0	0	0	0	0	0	0	0	0	0	0	0	0	0	0	0	0	0	0	0	0.91357892769248	0	0	0	0	0	0	0	0	0	0	0	0	0	0	0	0	0	0	0	0	0	0	0	0	0	0.605751318097378	0	0	0	0	0	0	0	0	0	0	0	0	0	0	0	0	0	0	0	0	0	0	0	0	0	0	0	0	0	0	0	0	0	0	0	0	0	0	0	0	0	0	0	0	0	0	0	0	0	0
SRR16554654	0.77242760264965	0.530067443832217	0.457291219802969	0.361403840418761	0.333786091316946	0.992027700725748	0.209216232196615	0.333432944777792	0.317797555575687	0.307734967321534	0.347715590040364	0	0.62501016984076	0.227428722155276	0.153488248289468	0	0.249397891102915	0.108299163477381	0	0.350823090760869	0.204702451166256	0	0.255835037413932	0.0858503830514402	0.0864741583332999	0.0692557214023727	0.325048694466223	0.498655930300873	0.828574154857997	0	0.0692453233026157	0.0663143959884982	0	0	0	0	0.0652227962884174	0	0	0	0	0	0.324705486158771	0	0.273726001113915	0.308419127532182	0	0	0	0	0	0.278879080409697	0.239723005302012	0	0.428951921302927	0	0.102180761563627	0	0	0.248286187294119	0	0.240152269094497	0.288796093930089	0.31532364740294	0.25599095841807	0.255206492166179	0.251467788301499	0	0.181010312052803	0.367994448657327	0.209304236041444	0	0	0.262876247304386	0.280989249960844	0	0	0	0.0821161415904763	0	0	0	0	0	0.270982548722873	0.173192360310743	0	0.426243097473793	0	0	0.223774039244785	0	0	0	0.228443464069359	0.354001324007167	0.19538450610515	0	0	0.285374964086954	0.251708587860008	0.110158146637382	0.246137169743355	0.219431258547744	0.261262737499529	0.105436618486477	0	0.172447584234897	0	0.11590451281346	0	0.395428020888898	0	0	0	0.31793135797962	0.119579463200852	0	0	0	0.260826258477138	0	0	0.271393423528258	0.238974495995605	0	0	0.223996972055536	0.236809846605334	0	0	0	0.215829303415465	0	0.0978207174497114	0	0.0975411655439473	0	0	0	0	0	0.1372560431089	0	0.199375434966878	0	0.234852856262434	0	0	0	0	0	0	0.0993703916653144	0	0	0.108715164174032	0	0.436615057264932	0	2.78625395973839	0	0.221853296573228	0	0	0	0	0	0	0	0.0932661479317887	0	0	0	0	0	0	0.185504286642061	0.143928770617727	0	0	0	0.419856757951724	0.318339875480049	0	0	0	0	0	0	0	0	0	0.114300618143053	0	0	0	0	0	0.0608380876815494	0	0	0	0.200215202761468	0	0	0	0	0.227362399379429	0	0.216283140704664	0	0	0	0	0	0	0	0.194656794743824	0	0	0	0	0	0	0	0	0	0.0711274198370562	0.240312957563138	0.186374742220154	0	0	0	0	0.232284797397457	0	0	0	0	0	0	0	0	0	0	0	0	0	0	0.587950303652763	0.145842773890692	0.224104297294284	0	0	0.453646064521466	0	0	0.567441878990677	0	0	0	0	0.26720726145885	0.100015976625184	0	0.0746288636477487	0.265958980333183	0.226128494631558	0	0	0	0	0	0.0962497696924895	0	0.10212237392609	0.0987861643151791	0	0.0669530403572493	0	0.0920078964687415	0	0	0.19396755992561	0	0	0	0.0890967002697904	0	0	0	0	0	0	0	0	0	0	0	0	0	0	0	0	0	0	0.0837327769922628	0	0	0	0.10636232234017	0	0	0	0	0	0	0	0	0	0.0746429954457117	0	0	0	0	0	0	0	0	0	0	0	0	0	0
SRR16554655	3.03526200412124	3.55603051656961	2.20122016480899	2.24616605865467	1.81415095930336	0	0.276287022774271	1.75507154395853	1.70276450250561	1.61210865328403	1.65449273344153	6.61026388986374	0	0	0	4.16767678302184	0	0	0	0	0	0	0	0	0	0	0.868780721003502	1.05280449431019	2.84521745077051	0	0	0	0	1.05949776527285	0	0	0	1.51847611909705	0	0	0	1.14546268522713	0	0.551771938839135	0.821461180081501	0	0	0.210853347400222	0	0.493236292563541	0	0	0.670990715386174	0	0	0.27413397329336	0.264269556221214	0.813944705010021	0	0.603972264960398	0.312076124079495	0.65464942711541	0	0.814626867159092	0.711366840739443	0.717426094259762	0.695809891983701	0	0	0	0.357169795316164	0.713977408883452	0.690803239753855	0.675747023115578	0.730353078200935	0	0.682860113971855	0.333357691641638	0.69071511331246	0	0.66401760654114	0.681503600076079	0.664644481604673	0.725436934821067	0	1.2260049737137	0.643521917730637	0.626487450531261	0.654875107229948	0.494956054733413	0	0.628611239030654	0.615239147811031	0	0	0	0	0	0	0.683803262189397	0.434575471898227	0	0	0	0.41611710146126	0	0.391205324243597	0	0	0	0.355978753753021	0	0.601319611359741	0	0.615596877898955	0	0	0	0	0	0.432448973582877	0	0	0.696625283523308	0.39329076244144	0	0	0.380120416814091	0.403837737771551	0	0	0	0.49918842974737	0	0	0	0	0	0	0	0	0	0	0	0	0	0.391483402260687	0	0	0	0	0	0	0	0	0	0	0.88410403734404	0	0	0	0	0.382642899782031	0	0	1.09839280908181	0.385003354796435	0.138922240053914	0	0	0.118513780697164	0.532582121384785	0	0.120424330078205	0	0	0	0.322195526555613	0	0	0	0	0	0	0.137659515218451	0	0	0	0	0	0	0.199752801837256	0	0	0	0.368136500610039	0.119154575400683	0.131860694707242	0	0.116130497689416	0.79868828095929	0	0	0.329670217654893	0	0	0	0.824509297239799	0	0	0	0	0	0	0	0	0	0	0.339571332253118	0	0	0	0	0	0	0	0	0.827243582393631	0	0	0	0	0.763499302948594	0	0	0	0.891059388524049	0	0.117095351056489	0	0	0	0	0.720662466416998	0	0	0	0	0.280613403578101	0.272838272264866	0	0	0	0	0	0	0	0	0	0.362782958828716	0.546726063814829	0.144697617686551	0	0	0	0	0.10692918725126	0	0	0	0	0	0	0	0	0	0	0	0	0	0	0	0	0	0	0	0.884935774547481	0	0	0	0	0	0	0	0	0	0	0	0	0	0	0	0	0	0	0	0	0	0.691149762431751	0	0	0	0	0	0	0	0	0	0	0	0	0	0.600337786542691	0	0	0	0	0	0	0	0	0	0	0	0	0
SRR16554656	0	1.25085637614591	1.60665115481848	1.37013112317195	1.37930142041283	2.19782095328974	1.61723316920896	1.36658706124923	1.22351610114022	1.2025457257712	1.14923784241492	2.94302972216595	2.06698067177084	0	0	1.91160175548722	0	0	0	0	0	0	0	0	0	0	1.05128953033881	0.604852446184939	0.542475564439009	0	0	0	0	0.28612701913	0	2.26506440947525	0	0	0.099781997343974	0	1.4520336852587	0.347794798903988	0.268725950567075	0	1.32888149180573	0.793071109272155	1.72728842921556	0	1.72981116828219	0	1.79641501942687	0.759004960176604	0	1.49460827350685	0	0	0	0.251180077088982	0	0.183333683408413	0.347649340168619	0	0.206112307377648	0.59550656398852	0.654219481675047	0	0.694988832582253	0	0.236760617414218	0	0	0	0	0.545467751597036	0.806285940094841	0.137401881806844	0	0	0	0	0	0	0	0	0.171482493964076	0	0	0	0	0	0	0	0	0	0	0.431613252942959	0	0	0	0.555465151408858	0	0	0.139956257061712	0	0	0	0	0	0	0	0	0	0	0	0	0.366830738129634	0	0	0	0	0	0	0	0	0	0	0	0	0	0	0	0	0	0	0.146075491675542	0	0	0	0	0	0	0	0	0	0.132459271857602	0	0	0	0	0	0	0	0	0	0	0	0	0	0	0	1.23997272591713	0	0	0	0	0	0	0	0	0.176510754236605	0	0	0	0	0	0	0	0	0	0	0	0	0	0.347179378215527	0	0	0	0	0	0.170356810886547	0	0	0	0	0	0	0	0	0	0	0	0	0.128361156506024	0	0	0	0	0	0.268104212617704	0	0	0	0	0	0	0	0	0	0	0	0	0	0	0	0	0	0	0	0	0	0	0	0	0	0	0	0	0	0	0	0	0	0	0	0	0	0	0	0	0	0	0	0	0	0	0	0	0	0.392684971262466	0.104061226316382	0	0	0.107275612672299	0	0	0	0	0	0	0	0	0	0	0	0	0	0	0.159774285059833	0	0	0	0	0	0	0	0	0.275695234801031	0	0	0	0	0	0	0	0	0	0	0	0	0	0	0	0	0	0	0	0	0	0	0	0	0	0	0	0	0	0	0	0	0	0	0.529994858370705	0	0	0	0.469363714022064	0.474187282443635	0	0	0	0	0	0	0	0	0
SRR16554657	2.17840785879077	1.81576162374432	2.58811610919753	2.7011601891412	2.76963683454379	0.731554736893969	0.13141016247108	3.04478603599073	2.22071269072873	2.70050997146247	2.03922761838093	1.39858619640731	0.703509263930493	0.640149047605692	0.537113658682827	1.35520709187527	0.711769892739529	0	0	0	0.881743798272572	2.52848469418905	0.755165856277141	0	0	0	0.56095791157853	0.33161503385002	0.242993079280825	0	0	0	2.87379124184358	0.383186556039952	0	0.536789020195845	0	0.852039333624139	0	0	0	0.294420096311495	0.189144889699154	0.222648744723898	0.295953654734034	0.296117768724881	0.396602512928598	0	0.431293337193537	0.207364538313941	0.44563802526173	0.259892111857313	0.472834727389398	0.396016430929681	0.156233358002969	0	0	0.202390497585588	0	0.124334697807916	0.065730727218521	0.29228296894931	0.0941336884021939	0.299262808176362	0.239004507511077	0.375525853294675	0.218175329921542	0	0.205664340877156	0.149678851673832	0.121794128676699	0	0	0.202491694776673	0.225322034777991	0	0	0	0	0	0	0	0	0	0.0610294102239824	0.0966052148960601	0	0.128890860415976	0	0	0	0	0	0	0	0.225564764832223	0	0	0	0.219582706334397	0	0	0	0	0	0	0	0	0	0	0	0	0	0	0	0.20599681257311	0	0	0	0	0	0	0	0.268876815112268	0	0	0	0	0	0	0	0	0	0	0	0	0	0	0	0	0	0	0	0	0	0	0	0	0	0	0	0	0	0	0	0	0	0	0.169887785723655	0	0	0	0	0	0	0	0	0.0639238219786769	0	0	0	0	0	0	0	0.213426655371907	0	0	0	0	0	0	0.158710023190096	0.217666692280496	0	0	0	0	0	0.207003382997652	0	0	0	0	0	0	0	0.0588977882552273	0	0.0794984669415013	0	0	0.192959818578056	0	0	0	0	0	0.351428234085059	0	0	0	0	0	0	0	0	0	0	0	0	0	0	0	0.0823011619520654	0	0	0	0	0	0	0	0	0	0	0	0	0	0	0	0	0	0.0812625012515259	0	0	0	0.0895934467791603	0	0	0	0	0	0	0	0	0	0.0808260258891523	0	0	0	0	0	0	0	0	0	0	0	0	0	0	0	0.0705259608473648	0	0	0	0	0	0.0618495147326647	0	0	0	0	0	0	0.0758134321543146	0	0	0	0	0	0	0	0	0	0	0	0	0	0	0	0	0	0	0	0	0	0	0	0	0	0	0	0	0	0	0	0	0	0	0	0.16757539068926	0	0	0	0.0955990099820771	0.0929603061640719	0	0	0	0	0	0	0	0	0
SRR16554658	0	0	4.79154237284058	3.78827071894493	5.51569342338013	0	0	3.63489421809082	3.17456843612652	3.74334001566318	3.25156551149176	4.53010390044189	0	0	0	2.70004196890676	0	0	0	0	0	0	0	0	0	0	0	0	1.18399655237998	0	0	0	0	3.27185164219833	0	0	0	0	0.524536532156891	0	1.43583757995925	2.67096958497633	0	0	3.23152933348516	0	0	0	0	0.546675213493422	0	0	0	0	0	0	0.416347651709669	2.3320864266285	0	0	0	0	0	0	0	0	0	0	0	0	0	0	0	0	1.79709489515752	0	0	1.55196531718472	0	0	0	0	0	0	4.1352063325647	0.386686857267757	0	0	0	0	0	0	0	0	0	0	0	0	0	0	1.10450259728832	0	2.92841821743658	0	1.12022826915383	0	0	0	0	0	0	0	0	0	0	0	0	0	0	0	1.14203579704788	0	2.67387625604014	0	1.01600844505829	0	0	1.03373157224534	1.01832543854589	0	0	0	1.03701701176484	0	0	0	0	0	0	0	0	0	0	0	2.79769002688152	0	0.991226025103989	0	0	0	0	0	2.18971456883998	0	0	0	0	0	0	0	0	0	0.905627091219856	0	0	0	0	0	0	0	0	0	0	0	0	0	1.81601255178757	0.682507283195438	0	0	0	0	0	0	0	0	0	0	0	0	0	0	0	0	0	0	0	0	0	0	0	0	0	0.749927427479338	0	0	0	0	0	0	0	0	0	0	0	0	0	0	0.769605637675881	0	0	0	0	0	0	0	0	0	0	0	0	0	0	0	0	0	0	0	0	0	0	0	0	0	0	0	0	0	0	0	0	0	0	0	0	0	0	0	0	0	0	0	0	0	0	0	0	0	0	0	0	0	0	0	0	0	0	0	0.428776021805041	0	0	0	0	0	0	0	0.292474122487632	0	0	0	0	0	0	0	0	0	0	0	0	0	0	0	0	0	0	0	0	0	0	0	0	0	0	0	0	0	0	0	0	0	0	0	0	0	0	0	0	0	0	0	0	0	0	0	0	0
SRR16554659	7.42080668086733	5.06421206265222	3.27175217483233	2.93183774438408	2.74054717075392	1.58839818413861	0	2.521756417551	2.44607332461367	2.414309911669	2.42799801192675	0	1.2747857244823	1.16764295018742	0.394688777039129	0	1.89691943894667	0	0	2.88801401007003	0.667639109040317	0	0.790849308461108	0	0	0	1.56723927225908	0.618451448380622	0	0.349090371653569	0	0	0	0.423644774139794	0	0	0	2.59214242155289	0	0	0	0.3661337143679	0.374407679815654	0	2.15266756677367	1.05917442488321	0	0	0	0	0	0.950869350351146	1.24398739706193	0	0.457329614474171	0	0.196333068739693	0.314193783580417	0	0.184344639975589	0	1.26551778987496	0	1.24498981503865	1.34217261383917	1.51726195100922	1.19757013918629	0	0.197645087186246	0.36960299948181	0	0.170683395165621	0.152297914677067	0.967108386297098	1.33377207978197	0	0.170821766495395	0	0.148310368044005	0	0.172156419733229	0.14575252273296	0.148119643350336	0.159870005363584	0.105290869208149	0.432451944152289	0.137861418867419	0	0.136353013419299	0	0	0.130881243305777	0.125278113074699	0	0	0	0	0	0.187882415023913	0.965462029981401	1.79018445983129	0.109820571193364	0	0	1.46270523934875	0	0	0	0	0	0	0	0	0	0.149038722347251	0	0	0.118314278751455	0	0.172017175914746	1.44644698554448	0	0.605337404666126	0.96368356803277	1.38967076379282	0	0.194637734309094	1.25442075210168	1.38297435655642	0	0	0	1.59019775957485	0	0	0	0	0	0	0	0	0	0	0	0	0	1.43457628163012	0	0	0	0	0	0.617284439092495	0	0	0	0	0	0	0	0	0	1.21597035829285	0	0	0	0	0.0943967121458483	0	0	0	0	0	0	0	0	0.530867738780665	0.919743445408393	0	0	0	0	0	0	0	0	0	0	0	0	0	0	0	0	0	0	0	0.0879499525999316	0	0	0	0	0	1.0943832124521	0	0	0	0	0	0	0	0	0	0	0	0	0	0	1.02993911382785	0	0	0	0	0	0.18409546663365	0	0	0	0	0	0	0	0	0	0	0	0	0	0	0	0	0	0.45213983804461	0	0	0	0.180277440386375	0	0	0.324935188788139	0	0	0	0	0	0	0	0	0.117127339157601	0	0	0	0	0	0	0	0	0	0	0	0	0	0	0	0	0	0	0	0	0	0	0.1202022248369	0	0	0	0	0	0	0	0	0	0	0	0	0	0	0	0	0	0	0	0	0	0	0	0	0	0	0	0	0	0	0	0	0	0	0	0	0	0	0	0	0	0	0	0	0	0	0	0	0	0	0	0	0	0
SRR16554660	0.501125214224916	0.903883686367794	0.886566253816573	0.773910304889505	0.659321078101758	0	0.615472023632248	0.579815945146601	0.609086641546346	0.55753083229771	0.61972986331266	2.43524279854337	0	0	0	1.23982353130534	0.464255708020374	0	0	0.112971104973866	0	0	0	0	0	0	1.58243031904934	1.14481500060345	0.61378370275947	0.396767633647899	0	0	0.131027186932999	0	0	3.07496752077301	0	0	0	0	0	0.162890780229778	0.467045909621369	0	0.557688475516708	0	2.40172392250559	0	2.53689055044698	0	2.41495252414002	0	0.481447128854403	2.1587029139271	0	0	0	0	0	0.280992336838486	0	0.456903715058483	0.266950842016231	0.469016923644997	0.544159368011298	0.479740425217679	0.587375317067979	0	0.470480407418402	0	0.264009851076831	0	0	0	0	0	0	0	0	0.891314752643149	0	0	0	0	0	0.124000617986913	0	0.353595062757867	0	0	0	0	0	0	0.475581775937711	0	0.254971280801423	0	0	0	0	0	0	0.458466282385866	0	0	0	0	0	0	0	0	0	0.15246576338462	0	0	0	0	0	0	0	0	0	0	0	0	0	0	0	0	0	0	0	0	0	0	0	0	0	0	0	0	0	0	0	0	0	0	0	0.144234542426897	0	0	0	0	0	0	0	0	0.132455295844187	0	0	0	0	0	0	0	0	0	0	0	0	0	0	0	0	1.42303130932411	0	0	1.33053380977502	0	0	0	0.119005682697974	0	0	0	0	0	0	0	0	0	0	0.249622129602053	0	0	0	0	0	0	0.121888724699836	0	0	0	0	0	0	0.120383532907832	0	0	0	0	0	0	0	0	0	0	0	0	0	0	0	0	0	0	0	0.116270194289569	0	0	0	0	0	0	0	0	0	0	0	0	0	0	0	0	0	0	0	0	0	0	0	0	0	0	0	0.126991049123746	0	0	0	0	0	0	0	0.149723864587808	0	0	0	0.104080595413926	0	0	0	0	0	0	0	0	0	0	0	0	0	0	0	0	0	0	0	0	0	0	0	0	0	0	0	0	0	0	0	0	0	0	0	0	0	0	0	0	0	0	0	0	0	0	0	0	0	0	0	0	0	0.140922916923356	0	0	0	0	0.127423701206002	0	0	0	0	0	0	0	0	0
SRR16554662	2.8951264900438	2.57918549217329	0	0	0	2.94380088333022	4.28647905772807	0	0	0	0	0	2.69905337527045	1.78387705261467	1.48390930776238	0	1.2584811655958	0	0	0	1.23983747861588	0	1.52808970282297	0	0	0	0	0	2.01824893918025	0	0	0	0	0	0	0	0	0	0	0	0	0.417989303009818	2.39764830279864	2.65664752470432	0	1.23160636636116	0	0	0	2.69021526766701	0	1.0994055868607	0	0	0	0	0.456425425668589	0	0	1.20284631442946	0	0	0	0	0	0	0	0	0.687676513053454	0	1.40549534256609	0	0.56179333260159	0	0	0	0	0	2.31930741317345	0	0	0	0	0	0.575765047874146	0.487516715007227	0	0	0	0	0	0	0	0	0.820266350688492	0	0	0	0	0	1.20594156129696	0	0	0.75263328201958	1.21534002362142	0	0	0	0	0	0	0	0	0	0	0	0	0	0	0	1.0476171288251	0	0.615859642415369	0	1.08623738448977	0	0	1.0435918488891	1.15181362778788	0	0	0	1.17528008804756	0	0	0	0	0	0	0	0	0	0	0	0	0	1.08126542781786	0	0	0	0	0	0.697866216174561	0	0	0	0	0	0.432043724730668	0	0	0	1.09605886606371	0	0	0	0	0	0	0	0	0	0	0	0	0	0	0	0	0	0	0	0	0	0	0	0	0	0	0	0	0	0	0	0	0	0	0	0	0	0	0	0	0.790388290232122	0	0	0	0	0	0	0	0	0	0	0	0	0	0	0.798930892775528	0	0	0	0	0	0	0	0	0	0	0	0	0.577774465009188	0	0	0	0	0	0	0	0	0.531103062651547	0	0	0	0	0	0	0	0	0	0	0	0	0	0	0	0	0	0	0	0	0	0	0	0	0	0	0	0	0	0	0	0	0	0	0	0	0	0	0	0	0	0	0	0	0	0	0	0	0	0	0	0	0	0	0	0	0	0	0	0	0	0	0	0	0	0	0	0	0	0	0	0	0	0	0	0	0	0	0	0	1.17205587128591	0	0	0	0	0	0	0	0	0	0	0	0	0	0
SRR16554663	0	0	0	0	0	0	3.71984276843927	0	0	0	0	18.6429052670604	0	5.10062220719802	7.2319287883375	9.72962952866987	2.27776417989172	0	0	0	5.4076560486769	0	3.94384752161498	0	0	0.349076287523453	2.12876109032715	0	0	0	0	0	5.57131394901278	1.16344402589462	0	0	0	0	0	0	0.438220575971033	1.4588219617999	0	0	0	0	0	0	0	0	0	0	0	0	0.731072989474341	0	0.671371817692609	1.06107937842009	0	1.43332440050352	0	0	0.294682005196008	0	0	0	0	0	0	0.536757441776144	1.61648374410218	0	0	0	0	4.59886417222846	0	0	0	0.759001678991874	0	0	0	0	0	0	0	0	0	2.41263523218528	0	0	0	0	0	0	0	0	0	0	0	0	0	0	0	0	1.85363632292575	0	0	0	1.54616519924667	0	0	0	0	0	0	0	0	0	0	0	0	0	0	0	0	0	0	0	0	0	0	0	0	0	0	0	0	0	0	0	0	0	0	0	0	0	0	0	0	0	0	0	0	0	0	0	0	0	0	0	0	0	0	1.71328921855783	1.67368870251768	0	0	0	0	0	0	0	0	1.02791350954342	0	0	0	0	0	0	0	0	0	0	0	0	0	0	0	0	0	0	0	1.65293874799872	0	0	0	0	0	0	0	0	0	0	0	0	0	0	0	0	0	0	0	0	0	0	0	0	0	0	0	0	0	0	0	0	0	0	0	0	0	0	0	0	0	0	0	0	0	0	0	0	0	0	0	0	0	0	0.360147358386867	0	0	0	0	0.737858098166899	0	0.388826135829137	0	0	0	0	0	0.627189109589371	0	0	0	0.722491643233215	0	0	0	0	0	0	0	0	0	0	0.381095799813642	0	0	0	0	0	0.469712248898142	0	0	0	0	0	0	0	0	0	0	0	0	0	0	0	0	0	0	0	0	0	0	0	0	0	0	0	0	0	0	0	0	0	0	0	0	0	0	0	0	0	0	0	0	0	0	0	0	0	0	0
SRR16554664	4.49018546013486	3.56910222471777	3.19217236287008	2.81421841708306	2.54795369972724	1.35829975154236	0	2.5362326136288	2.26259743089626	2.22272313971832	2.16407709139302	1.03067832175123	1.08848057789972	5.38890590171886	7.60066771919424	1.3506084610722	0.504208011286141	0	0	6.62782512245598	5.91002262070757	0	4.0568684134712	0	0	0	0.976307216057383	0.354538191621162	0.753955337871383	0	0	0	3.19795572748539	0	0.635790408296094	0	0	1.80119467968841	0	0	0	0	0	0	0.427870951214159	0.524255230251705	0	0	0	0	0	0.485944581604523	0.267476047837446	0	0	0	0.0775599420328624	0	0	0.231022844935426	0.0819247795678165	0.356693587164071	0.174396576288089	0.382012667549194	0.450961126850268	0.401149299394992	0.342418265627419	0	0	0	0.215179690377423	0	0	0	0.252994301294815	1.03548110172849	0	0	0	0.829800261089887	0	0	0	0	0	0	0	0.379842181031329	0	0.408971952268186	0	0	0	0	0	0.820791791960797	0	0	0.958881030209217	0	0.227839819944352	0	0	0	0.239016099990964	0	0.260793474606724	0.947312620846634	0	0	0.278989917462871	0	0	0	0	0.562608917321041	0	0	0.124666663356551	0.789979988554178	0.236276551030935	0.227213806093743	0	0	0.225994073132662	0	0.805836636599407	0.225098674740831	0.22546441100163	0	0	0	0.22218401921438	0	0	0	2.38033000194371	0	0	0	0	0	0	0	0	0	0.213659205261675	0	0	0	0	0	0	0	0	0	0	0	0.169371565906706	0	0	0	0.21533095487615	0	0.287129500133184	0.104865465558982	0.278922501907997	0	0	0	0	0	0	0	0	0.958881105202661	0	0	0	0	0	0.125580245601635	0.136649963989364	0.455726637007481	0	0	0	0	0	0	0	0	0	0	0	0.256767468672731	0	0	0	0	0	0	0	0	0	0	0	0	0.367648131892146	0	0	0	0	0	0	0	0	0.169619186089417	0	0	0	0	0	0	0	0	0	0	0	0	0	0	0	0	0	0	0	0	0	0	0	0	0	0	0	0.479313384165521	0	0	0	0	0	0.295009103912256	0	0	0	0	0	0	0	0	0	0	0	0	0.204411863327183	0	0	0	0	0	0	0	0.133814924252914	0	0.197463808787577	0	0.20663915823719	0	0.143671228212177	0	0	0	0	0	0	0.134386746596918	0	0	0	0	0	0	0	0	0	0	0	0	0	0	0	0	0	0	0	0	0	0	0	0	0	0	0	0	0	0	0	0	0	0	0	0	0	0	0	0	0	0	0	0	0	0	0	0	0	0
SRR16554665	4.49329751595419	2.74554249077298	0	0	0	2.59641627633969	0	0	0	0	0	0	1.74920354753179	5.50787992415793	5.74969313057213	0	1.8831005800879	0	0	0	23.5534263934104	0	3.88610378946934	0	0	0	0.966271192396548	0	0	0	0	0	0	1.52379117704562	0	0	0	0	0	0	1.54494373083163	1.43167286921331	0	0	1.10931292773104	0.960847559451144	0	0	0	0	0	0.928892735790857	0.922969399883974	0	0.120385625653332	0	0.606555157251242	1.0748515901352	0	0	0.896749826039441	1.05741521209928	0.293141984527204	1.15740932076873	1.0394157866167	1.01612481497089	0.832807423255023	0	0	0	0	0	0	0.975862860252379	0.890498773305212	0	0	0	0	0.278960604576319	0	0	0	0	0	0	0	0	0	0	0	0	0	0	0	0.907742797833402	0	0	0.408463660413868	0.989121564793014	0	0	0	0	0	0	0	0	0	0	0	0	0	0	0	0.708429473063431	0	0	0	0.335280946692874	0	0	0	0.945470554911157	0	0	0.369434702160245	0	0	0	0	0	0	0	0	0	0	0	0	0	0	0	0	0	0	0	0	0	0	0	0	0	0	0	0	0	0	0	0	0	0	0	0	0	0	0	0	0.269812764826839	0	0	0	0	0	0	0	0	0	0	0	0	0.407385201098304	0	0	0.618666594905072	0	0	0	0	0	0	0	0	0	0	0	0	0	0.591296166482608	0	0	0	0	0	0	0	0	0	0	0.473549104354348	0	0	0	0	0	0	0	0	0.482179920499889	0	0	0	0	0	0	0	0	0	0	0	0	0	0	0	0	0	0	0	0	0.216713137048924	0	0	0	0	0	0	0.118027200993849	0	0	0	0	0	0	0	0	0	0.155486024127339	0	0	0	0	0	0	0	0	0	0	0	0.113913713505538	0	0	0	0	0	0	0	0	0	0	0	0	0	0	0	0	0	0	0	0	0	0	0	0	0	0	0	0	0	0	0	0	0	0	0	0	0	0	0	0	0	0	0	0	0	0	0	0	0	0	0	0	0	0	0	0	0	0	0	0	0	0	0	0	0	0	0	0
SRR16554666	2.37491704616002	2.3028031317779	2.67345216058565	2.24793710207696	2.45031332395911	1.50249131114375	0.27459323482237	2.35888551410297	2.0060972121919	2.10413612212894	1.88377789374089	2.87089253992789	1.43519654947219	2.73285416578715	3.31159026364609	1.76412194710569	0	0	0	0	3.4126191661243	0	2.36113033462444	0	0	0	0	0.666228036207858	1.79545777687547	0	0	0	0	0.338913711727417	0	0.274925163453043	0	1.11524685231031	0.251634112972445	0	0.845272621011245	0.416427894709606	0.490308432086208	0.644095366126267	0	0.97962232418387	0.193119407517596	0	0.210346410305318	0.68471118064753	0.227978362170163	0.884845230074668	0	0.196073318165102	0.475158750943045	0	0	0.250703150190982	0	0.278943999156973	0	0	0	0	0	0	0	0	0.551441464400871	0.409831328629389	0.245962886099477	0.282754554726564	0.281207875734394	0	0	0	0.273654731144001	0.444775999145295	0.267189617030545	0.342721818697374	0.265683447406196	0.26604501875152	0.265592783167901	0.325606339839809	0	0.3595653951872	0.262471040820977	0.880644081705662	0.262436252109134	0	0	0.256590979685003	0.237936680184244	0	0	0	0.248910227692039	0	0	0	0	0	0	0	0	0	0	0	0.245893586108333	0	0	0	0.227052792916424	0	0.222231389595499	0	0	0	0.151319390397761	0	0	0	0.150751305217597	0	0	0	0	0	0	0	0	0	0	0	0	0	0	0	0	0	0	0	0	0	0	0	0	0	0.214788122326882	0	0	0	0.168683884379479	0	0	0	0	0	0.442892048366217	0	0	0	0	0	0	0	0	0	0	0	0	0	0	0	0	0	0.242825315847119	0	0	0	0	0.143607923175828	0.416898209624453	0	0	0	0.11425418131077	0	0	0	0	0	0	0.781558866261258	0	0	0	0	0	0	0.164589363699457	0	0	0	0	0	0	0.150159038575646	0	0	0	0	0	0	0	0	0.365780633464615	0	0	0	0	0	0	0	0	0	0	0.148078394144588	0	0	0	0	0.143302740422293	0	0	0	0.142151421154915	0	0	0	0.130397749778391	0	0	0.137001887159288	0	0	0	0	0	0.0785658278103745	0	0.156847551901388	0	0	0	0	0	0	0.0908645602694485	0.662231984073375	0	0	0	0	0.120172810971725	0	0	0	0	0	0	0	0.11503699919771	0	0.102780492291268	0	0.108662657795888	0	0.111345093403257	0	0.182019696844282	0	0.243621101592614	0	0	0.146611040913967	0	0	0	0	0	0	0	0	0	0	0	0	0	0	0	0	0	0	0	0	0	0	0	0	0	0	0	0	0	0	0	0	0	0	0	0	0	0	0	0	0	0	0	0	0	0	0	0	0.12513632365372	0
SRR16554667	2.2981336347638	1.37625472034753	0.993237912172301	1.05369237593178	1.04784324373219	0.800815157344062	2.4438876325152	1.195303081218	0.771835001287936	0.977887928209861	0	0	1.03034208042296	0	0	0	0.904049965054427	0	0	0	0	0	0	0	0	0	0	0.281749599701066	0.213264501359529	0	0	0	0.5940995016144	0	0	11.5769302570739	0	0	0.26132515451261	0	0	0	0.523456590895843	0	0	0.413580252153161	5.13950061885137	0	4.89636739157801	0	5.55174807293302	0	0	4.95123276086544	0	0	0.195800112897329	0	0	0	1.08928357004774	0	0.399700726789707	0	0	0	0	0	0	0	0	0	0	0	0	0.381759978815906	0	0.452695451037734	0	0	0	0	0	0	0	0	0	0	0	0	0	0	0	0	1.2412676056113	0	0	0	0	0	0	0	0	1.19141496631521	0	0	0	0	0	0	0	0	0	0	0	0	0	0	0	0	0	0	0	0	0	0	0	0	0	0	0	0	0	0	0	0	0	0	0	0	0	0	0	0	0	0	0	0	0	0	0	0	0	0	0	0	0	0	0.204255116928878	0	0	0	0	0	0	0	0	0	0	0	0	0	0	0	0	0	0	0	0	0	0	0	0	0	0	0	0	0	0	0.353212617683972	0	0	0	0	0.32757647945051	0	0	0	0	0	0	0	0	0	0	0	0	0	0	0	0.257151997256014	0	0	0	0	0	0	0	0	0	0	0	0	0	0	0	0	0	0	0	0	0	0	0	0	0	0	0	0	0	0	0	0	0	0	0	0	0	0	0	0.406937504364009	0	0	0	0	0	0	0	0.202344423799391	0	0	0	0	0	0	0	0	0	0	0	0	0	0	0	0	0	0	0.236034823882834	0	0	0	0	0	0	0	0	0	0	0.200723756966393	0	0	0	0	0	0	0	0	0	0	0	0	0	0	0	0	0	0	0	0	0	0	0	0	0	0	0	0	0	0	0	0	0	0	0	0	0	0	0	0	0	0	0	0	0	0	0
SRR16554675	2.90222135377781	2.36614501246093	1.93976532272987	1.88327957957484	1.86964778600248	0	1.35202937246641	2.03786258916475	1.41881592954642	1.74097485469521	0	0	0	0	0	0	1.57561690999993	0	0	0	0	0	0	0	0	0	1.37678925034877	0.663896392556751	0	0	0	0	0	0	0	1.91250527332851	0	0	2.49261425465557	0	3.22603170405138	0	0.749831717353807	0.7567839724194	0	0	2.32512375035077	2.68735115367318	1.83771406123838	0	1.54930461824793	0	0	1.81047635805983	0.57333030793474	2.57779166619769	0	0	0	0	0	0.71400544792337	0	0	0	0	0.706285298210759	0	0	0	0	0	0	0	0	2.1577994251865	0	0	0	0	0	0	0	0	0.959483808771784	0.683861666369875	0	0	0	0	0	0	0	0	0	0	0	5.11936133077507	0	0	0	0	0.648799096622028	0	0	0	0	0	0	0	0	0	0	0	0	0	0	0	0	0	0	0	0	0	0	0	0	0	0	0	0	0	0	0	0	0	0	0	0	0	0	0	0	0	0.622803808519561	0	0	0	0	0	0	0	0	0	0	0	0	0	0.51605404453972	0	0	0	0	0	0	0	0	0	0	0	0	0	0	0	0	0	0	0	0	0	0	0	0.422077335030979	0	0	0	0	0	0	0	0	0	0	0	0	0	0	0	0	0	0	0	0	0	0	0	0	0	0	0	0	0	0	0	0	0	0	0	0	0	0	0	0	0	0	0	0	0	0	0	0	0	0	0	0	0	0	0	0	0	0	0	0	0	0	0	0	0	0	0	0	0.376490085472349	0	0	0	0	0	0	0.761258064768656	0	0	0	0	0	0	0	0	0	0	0	0	0	0.342752296683063	0	0	0	0	0	0	0.665138925505875	0	0	0	0	0	0	0	0	0	0	0	0	0	0	0	0	0	0	0	0	0	0	0	0	0	0	0	0	0	0	0	0	0	0	0	0	0	0	0	0	0	0.594370820995349	0	0	0	0	0	0	0	0	0	0	0	0	0	0
SRR16554686	3.37722370188029	2.82272326672007	0.595211497085226	0.886259479993618	0.272140007530321	3.94715248938553	0	0.700759331510106	0.243878023995697	0.181941558911594	0	1.0230900757661	2.7414575954819	0	0	1.09819317299129	0	0	0	12.6078501116093	0	0	0	0	0	0	3.72886331329778	1.69291837533549	1.26303680466908	0	0	0	0	0.434386664189591	0	0	0	1.32282674727639	0	0	0	0.834927998235263	1.71257978940898	0.717046143878908	1.67380387681278	1.32945388013664	0	0.80904785635629	0	0.61643660009931	0	1.28238070692269	1.63344262678458	0	1.01939024020436	3.11216219006004	0.528442892525938	0.343025023049938	0	1.25246428847678	0	2.37412721759569	0.670827117571302	1.37785012173219	1.57245401143203	1.64487706241168	1.96746992133224	0	0	0.753114051062412	1.24905624606444	0	0	1.23118886054403	1.43526066692693	0	0	0.42665100488065	0	0.151806444445559	0	0	0	0	0	0.497579904053613	0	0.692417876851741	0	0.993017236294745	0	0	0	0.807352140077459	0	0.35634815074256	1.0412168759768	0.78699454538678	0.13554103506179	1.24639711151587	0	0	0	0	0	0	0.975346750974221	0	0	0	0.959489655617601	0	0	0	0	0.304320278917968	0	0	0	0.195772470157654	0	0.595622405130533	0	1.14871306910615	0	0	0.133266195218662	0	0	0	0.576886093537904	0	0	0	0	0	0	0	0	0	0	0	0	0	0	0	0	0	0	0	0	0	0	0	0	0	0	0	0	0	0	0	0	0	0.626361806692895	0	0.874140723481288	0	0	0	0	0	0	0	0	0	0	0	0	0	0	0	0	0.284304205411794	0	0	0	0	0	0	0	0	0	0	0	0.80442594579973	0	0	0	0	0	0	0	0	0	0	0	0	0.234422856341631	0	0	0	0	0	0	0	0	0.183974200575412	0	0	0	0	0	0	0	0	0	0	0	0.277365830691641	0	0	0	0	0	0.281722650539605	0	0	0	0	0	0	0	0	0	0.188189818544187	0	0	0	0	0	0	0.264538118719795	0	0	0.198829578723893	0	0	0	0	0	0.387255783058164	0	0.176262945875684	0	0	0	0.136549616140089	0.271337528121625	0.461010622923561	0.122545734801369	0	0	0.12621311884849	0	0	0	0	0	0	0	0	0	0	0	0	0	0	0.135231124776741	0	0	0	0	0	0	0	0	0	0	0	0	0	0	0	0	0	0	0	0	0.101120272801774	0	0	0	0	0	0	0	0	0	0	0	0	0	0	0	0	0	0	0	0	0	0	0	0	0	0
SRR16554697	5.05373245722715	3.05446095321275	2.11006138553885	1.38082638925163	1.40050801843536	6.80516439735656	5.84351799895253	1.23145623933886	1.14477346782348	1.06737569540817	1.2267997290552	0	4.32565583656342	0	0	0	1.39815463939428	0	0	1.38417810107995	0	0	0	0	0	0	0	0	1.32541149588777	1.72976529252836	0	0	1.01026294752748	0	0	0	0	0	0	0	0	0	0	2.35888443255093	0	0	0	2.55195444210668	0	0.94599270174945	0	0	0.728168593291331	0	0	1.73210444943915	1.21319272876924	0	0	1.08096747373579	0	0	0	0	0	0.539430850564173	0	0	0	0	0	0	0	0	0	0	0	0	0	0	0	0	0	0	1.5149543031875	0.441058569605453	0	0	0	0.908924463646903	0	0	0	0	0	0.736882320510921	0	1.39263228832695	0	0	0.854046290456286	0	1.08313196409223	0	0.73557841136622	0	0.661534911834574	1.16422363931748	0	0	0	1.3752133773293	0	0	0	0.624318386759403	0	0	0.338272100081743	0	0.692615504581989	0	0	0	0.673635913665394	0	0	0.698512612251007	0.672720711124407	0	0	0	2.11773046171135	0	0	0	0	0	0	0	0	0	0	0	1.0489591976442	0	0.819769549386855	0	0	0	0	0	0	0	0	0	0	0	0.400875834569487	0	0	0	0.684851712009712	0	0	0	0	0.393367937125957	0	0	0	0	0	0	0	0	0.400678119221526	0	0	0	0	0	0.33897811720363	0.567465469274412	0	0	0	0	0	0	0	0	0	0	0	0	0	0.310223532454041	0	0	0	0	0	0.481390155878221	0	0	0	0	0	0	0	0	0	0	0	0	0	0	0	0	0	0	0	0	0.539803906530696	0	0	0	0	0	0	0	0	0	0	0	0	0	0	0	0	0	0.821874922312741	0	0	0	0.564187536167298	0	0	0	0.320071477926997	0	0	0	0	0.397393298900263	0	0	1.11650174384713	0	0	0.270209125126047	0	0.405766493981836	0	0	0	0.339602696076726	0	0	0	0	0	0	0	0	0	0	0	0	0	0	0	0	0	0	0	0	0	0	0	0	0	0	0	0	0	0	0	0	0	0	0	0	0	0	0	0	0	0	0	0	0	0	0	0	0	0	0	0	0	0	0	0	0	0	0	0	0	0	0	0	0	0	0	0
SRR16554708	14.6794118600635	7.86768625067184	4.87615689292788	5.25712701394988	4.40525154992727	0	0	4.54729989783801	3.68949142105867	3.96211857825894	3.52200344732775	0	0	0	0	0	0	0	0	0	0	0	0	0	0	0	0	1.05516907017411	1.58496004085253	0	0	0	0	0	0	0	0	3.50557368526256	0	0	2.2019997158356	0	1.97608394037246	0	0	0	0	0	0	0	0	0	0	0	0.529802070397651	0	1.241785833541	0.44505386499239	0	1.17071744396616	0	0	0	0	0	0	0	0	0	0.456068397303521	1.35025402007676	0	0	0	0	0	0	0	0	0	0	0	0	0	0	0	0	0.785750799432656	0	0	0	0	0	0	0	0	0	0	0.586071369085634	0	0	0	0	0	0	0	0	2.19292164361924	0	0	0	0	0	0	0	0	0	0	0.47942662548339	0.433706341424676	0	0.88066237651554	0.734017543377287	0	0	0	0.421142701934221	0	0	0	0	0	0	0	0	0	0	0	0	0	0	0	0	0	0	0	0	0	0	0	0	0	0.699548520992459	0	0	0	0	0	0.818885046441724	0	0	0	0	0	0	0	0	0	0	0	0	0.309676074756494	0	0	0	0	0.612466555052786	0	0	0	0	0.402228787973862	0.956554290881038	0	0	0	0.381863535406642	0	0	0	0	0	0	0	0	0	0	0	0	0	0	0	0	0	0	0	0	0	0	0	0	0	0	0	0	0	0	0	0	0	0	0	0	0	0	0	0	0	0	0	0	0	0	0	0	0	0	0	0	0	0	0	0	0	0	0	0	0	0	0	0	0	0	0	0	0.394733376432221	0	0	0	0.504724403853207	0	0	0	0	0	0	0	0.301570445558764	0	0	0	0	0	0	0	0	0	0	0	0	0	0	0	0	0	0	0	0	0	0	0	0	0	0	0	0	0	0	0	0	0	0	0	0	0	0	0	0	0	0	0	0	0	0	0	0	0	0	0	0	0	0	0	0	0	0	0	0	0	0	0	0	0	0	0	0
SRR16554713	0	0	0	0	0	0	0	0	0	0	0	0	0	0	0	0	0	0	0	0	0	0	0	0	0	0	0	0	0	0	0	0	0	0	0	0	0	0	0	0	0	0	0.332609325785179	0	0	0	0.43563040336902	0	0	0	0	0	0	0	0	0	0	0	0	0.808401523387256	0	0	0	0	0	0	0	0	0	0	0.260284165029529	0	0	0	0	0	0	0	0	0	0	0	0	0	0	0	0	0	0	0.283758620935905	1.69181357355633	0	0	0	0	0.436772476843651	0	0	0	0	0	1.70433268301257	0	0	0	1.63422395735666	0	0	0	1.70071745760737	0	0	0	1.37878802371843	0	0	1.75530902395357	1.66306057051653	0	0	0	0	0	0	0	1.70094827525105	0	0	0	1.3261571292968	0	1.55524439317703	0	1.54159852934103	1.51762201873765	1.56808896685945	0	1.18913199050406	1.29474855240465	1.45888593587465	1.43830300754369	1.44349080182291	1.49128087792889	1.18925393668455	0	1.37676069560933	1.26129766486954	1.41481122866212	0	1.28785740484833	1.24696681937406	1.425951917464	0	1.32936205307253	0	1.29928540137131	1.53096382364407	0	0	1.45798146057648	0	1.33247235557168	0	1.51333644410341	0	0	0	0	1.53973714057512	1.39027820166152	0	0	1.31497606943506	0	1.45930663149339	0	0	0	0	1.33527169262802	0	0	0	0	0	0	0	0	1.41998122573025	0	0	0	0	0	0	0	0	0	0	0	0.340928210645309	0	0	0	0	0	0	0.312532140483972	0.694297520705496	0	0	0	0	0	0	0	0	0	0	0	0	0	0	0	0	0	0	0.315148675779336	0.403030780629204	0	0	0	0.314885893798523	0	0	0	0.288091540063374	0.335803218185772	0	0	0	0	0	0	0	0	0	0	0	0	0	0.40938335099179	0	0	0.916477663250946	0	0	0	0	0	0	0	0	0	0.306331705525055	0	0	0	0	0	0	0	0	0	0	0	0	0	0	0	0	0	0	0	0	0	0	0.420816622379881	0	1.23068982377642	1.32577512131882	1.33126297074581	1.19826548711454	1.28438630036214	1.2849181170585	1.20769395405858	1.04921206590283	1.39984571580167	1.18071536641072	1.18904523760075	1.26393261745067	1.11253530816619	0.345426499685204	1.34227135264721	0	1.01187482200459	1.25283853996388	0.327746451541844	0	0	0.902964467377078	0	1.06671341843573	0.940592687190193	0	0.424867554879299	1.06005945139484	0	0	0	0.900848634507755	0	0	0	0	0	0	0	0	0	0	0	0	0	0	0
SRR16554714	0	0	0	0	0	0	0	0	0	0	0	11.0430210366041	0	4.20492383403199	15.172448914109	6.04172678845612	0	0	0	0	4.95819127865143	0	3.20175802079841	0	0	0	0	0	0	0	0	0	0	0	0	0	0	0	0	0	2.99219158434555	0	1.65444140921256	1.66599230530332	0	0	0	2.09906968450612	0	2.33428551909884	0	0	0	0	0	2.08184248790967	1.06504116921346	0	0	0.88090053520823	0	0	0.583971235422886	0	0	0	0	0	0	0	1.07028789232679	0	0	0	0	10.8678499714291	0	0	0	0	0	0	0	0	0	0	0	0	0	0	0	0	0	0.88258331680314	0	0	2.47382020246231	1.47334402460311	0.533845095952446	0	0	0	0	0	0	0	0	0	0	0	0	0	0	0	0	0	0	0	2.05709818978276	0.422027684296677	0	0.711850231147683	0	0	0	0	0.36908581631846	0	0	0	0.787735876553938	0	0	0	0	0	0	0	0	0	0	0	0	0	0	0	0	0	0	0	0	0	0	0	0	0	0	0	0	0	0	0	0	0	0.739359602285233	0	0	0	0	0	0	0	0	0	0	0	0	0	0	0	0	1.42477498853897	0	0	0	0	1.10202698853383	0	0	0	0	0	0	0	0	0	0	0	0	0	0	0	0	0	1.00699523684676	0	0	0	0	0	0	0	0	0	0	0	0	0	0	0	0	0	0	0	0	0	0	0	0	0	0	0	0	0	0	0	0	0	0	0	0	0	0	0	0	0	0	0	0	0	0	0	0	0	0	0	0	0	0	0	0	0	0	0	0	0	0	0	0	0	0.360966164622726	0	0	0	0	0	0	0	0	0	0	0	0	0	0	0	0	0	0	0	0	0	0	0	0	0	0	0	0	0	0	0	0	0	0	0	0	0	0	0	0	0	0	0	0	0	0	0	0	0	0	0	0	0	0	0	0	0	0	0	0	0	0	0	0	0
SRR16554715	8.0609019711205	6.28991342400051	5.1396460513742	3.75623958052794	3.14851827693649	3.04422943827618	0.417514472831967	3.03541531334775	2.61897192096451	2.5897447034089	2.71815132768995	0	2.60863329471302	2.32848323165734	2.38905521743037	0	1.97019963936107	0	0	0	1.85309055335912	0	1.86027480463276	0	0	0	0	1.4554370243926	1.95630583596856	0	0	0	0	0.807640814760509	0.366754542846503	0	0	2.32795644030552	0	0	0.959256749924427	0.575276530158118	1.34417624483941	1.41739436686161	0	1.93213927481085	0	0	0	1.5209065912379	0	1.60698044811894	0	0	0	0	0.272110504035155	0.404613820717991	0	0.725457888413863	0	0	0	0	0	0	0	0	0	0	0.814595010008403	0	0	0	0.704506792293377	0	0	0	0	0	0	0	0	0	0	0.683879875548065	0	0.924131102972605	0	0	0	0	0	0	0	0.27755402323917	0	0	0	0	0	0	0	0	0	0	0	0	0	0	0	0	0	0	0	0	0	0	0	0	0	0	0	0	0	0	0	0	0	0	0	0	0	0	0	0	0	0	0	0	0	0	0	0	0	0	0	0	0	0	0	0	0	0	0	0	0	0	0	0	0	0	0	0	0	0	0	0.491885829228267	0	0	0	0	0	0	0	0	0	0	0	0	0	0	0	0	0	0	0	0.416862140627628	0	0	0	0	0	0	0	0	0	0.390264052870146	0	0	0	0	0	0	0	0	0	0	0	0	0	0	0	0	0	0	0	0	0	0	0	0	0	0	0.496483304351719	0	0	0	0	0	0	0	0	0	0	0	0	0	0.297600746840273	0	0	0	0.460031252274944	0	0	0	0.458576528123599	0	0	0	0	0.226153325769554	0	0	0	0.299467817286668	0.430106075426541	0	0	0	0	0	0	0	0	0	0	0	0	0	0	0	0	0	0	0	0	0	0	0.281971167217449	0	0	0	0	0	0	0	0	0	0	0	0	0	0	0	0	0	0	0	0	0	0	0	0	0	0	0	0	0	0	0	0	0	0	0	0	0	0	0	0	0	0	0	0	0	0	0	0	0	0	0	0	0	0	0	0
SRR16554716	4.25947730277703	2.85315424747055	4.62160540930787	3.86981029399863	3.51707161521323	5.06885001993531	0	3.33239493011242	3.18566471902421	2.80719504622183	3.06178681833539	0	2.65753924615658	5.8868742465991	13.4578205952846	0	2.39392130712279	0	0	1.70858128953664	5.93542452295204	6.11016069439765	4.41059644395343	0	0	0	0	1.39463957665251	0.925300871367558	0	0	0	0.792190397637678	0	0	0	0	0	0	0	0	0.680033533567641	0	0	0.620722489846225	0	0	0	0	0	0	0	0	0	0	0	1.4733398992014	0	0	0.518435854112145	0.373896770313891	0	0.647731932581923	0	0	0	0	0	0	0	0	0	0	0	0	0	0	0	0	0	0	0	0	0	0	0.262842782022772	0	0	0	0.458422474360114	0	0	0	0	0	0	0	0	0	0	0	0	0	0	1.53477358181814	0	0	0	0	0	0	0	0	0	0	0	0	0	0	0	0	0	0	0	0	0	0	0	0	0	0	0	0	0	0	0	0.403852034250217	0	0	0	0	0	0	0	0	0	0	0	0	0	0	0	0	0	0	0	0	0	0	0	0	0	0	0	0	0	0	0.351156098214204	0	0	0	0.552949680424341	0	0	0	1.45655373509027	0	0	0	0	0	0	0	0	0	0	0	0	0	0	0	0	0	0	0	0	0	0.286815719265979	0	0.334520204275346	0	0	0	0	0	0	0	0	0	0	0	0	0	0	0	0	0	0	0	0	0	0	0	0	0	0	0	0	0	0	0	0	0	0	0	0	0	0	0	0	0	0	0	0	0	0.720788852845747	0	0	0	0.418774465747766	0	0	0	0	0	0	0	0	0	0	0	0	0	0	0	0	0	0	0	0	0	0	0	0	0	0	0	0.3290312143839	0	0	0	0	0	0	0	0	1.18203338561677	0	0	0	0	0	0	0	0	0	0	0	0	0	0	0	0	0	0	0	0	0	0.29073115082243	0	0	0	0	0	0	0	0	0	0	0	0	0	0	0	0	0	0	0	0	0	0	0	0	0	0	0
SRR16554717	8.35397505102601	7.66140587205092	2.55152766419528	1.52314341151726	1.60460283070456	0	6.46921609087122	1.71119089535591	1.56759594722297	1.27528412994761	1.4587115793975	3.67202358121514	0	3.7069709535189	3.4390158280284	2.46422558539988	0	0	0	1.54847959488752	2.34383975669059	7.50327089809723	2.24067680690785	0	0	0	0	0.48749146194782	0.240656233031946	0	0	0	0	1.49977898543692	0	0	0	2.30973400998161	2.73223504012904	0.757421482621058	0	1.15226137164206	0	0	0	0	0	0	0	0	0	0	0	0	0	0.428873923796432	1.19364949509366	0.994918836070303	0	0	0.610334221032499	0	2.56646904298289	0	0	0	0	1.89709430972335	0	0	0	0	0	1.82378234025385	0	1.64290009603649	0	0	0	0	0	0	0	0	0	0	0	0	0	0	0	0	0	0	0	0	0	0	1.27691267006288	0.782868109671631	0	0	0	0	0	0	0	0.325952606330477	0	0	0.337556466830233	0	0	0	0	0.341704706712676	0	0	0	0.928932461091887	0	0	0	0	0	0	0.941441062611022	0	0	0	0	0	0	0	0	0	0	0	0	0	0	0	0	0	0	0	0	0	0	0	0	0	0	0	0	0	0	0	0	0	0	0	0	0	0	0	0	1.55563644671412	0	0	0	0	0	0	0	0	0	0	0	0	0	0	0	0	0	0	0	0	0	0	0	0	0	0	0	0	0	1.23015969086489	0	0	0	0	0	0	0	0	0	0	0	0	0	0	0	0	0	0	0	0	0	0	0	0	0	0	0	0	0	0	0	0	0	0	0	0	0	0	0	0	0.955857518404408	0	0	0	0	0	0	0	0	0	0	0	0	0	0	0	0	0	0	0	0	0	0	0	0	0	0	0	0	0	0	0	0	0	0	0	0	0	0	1.11452932994968	0	0	0	0	0	0	0	0	0	0	0	0	0	0	0	0	0	0	0	0	0	0	0	0	0	0	0	0	0	0	0	0	0	0	0	0	0	0	0	0	0	0	0	0	0	0	0	0	0	0	0	0	0	0	0	0	0	0
SRR16554718	2.18661863187768	1.30674032795596	0	0	0	0	0	0	0	0	0	0	0	0	0	0	0	0	0	0	0	13.6088071344894	0	0	0	0	0	0	1.65056159095208	0	0	0	0	0	0	0	0	0	0	0	7.83533371728354	0	2.10505651862032	0	0	0	0	0	0	0	0	0	0	0	0	0	0.813147556783616	0	0	1.14852668881427	0	0	3.70157581269101	0	0	0	0	0	0	0	1.24298914638338	1.09105323117859	1.03387844910093	0	0	0	1.00034123594318	0	0.984017328185362	0	1.13340965042013	0.961876801266068	0.941454102864329	1.21325982383187	0	0	0.979192704354708	0.68800017732308	0.926683511707442	0	0	0.840335096613643	0.884669876853835	0	0	0	0	0	0	0	0	0	0	0	0.748250954056609	0	0	0	1.08837150199451	0	0	0	0.932143301031486	0	0	0	0.479071269001584	0	0	0	0	0	0	0	0	0	0	0	0	0	0	0	0	0	0	0	0	0	0	0	0	0	0	0	0	0	0	0	0.901379948753613	0	0	0	0	0	0	0	0	0	0	0	0	0	0	0	0	0	0	0	0	0	0	0	0	0	0	0	0	0	0	0	0	0	0	0	0	0	0	0	0	0	0	0	0	0	0	0	0	0	0	0	0	0	0	0	0	0	0	0	0	0	0	0	0	0	0	0	0	0.455175566855117	0	0	0	0	0	0	0	0	0	0	0.632059217745682	0	0.484819147907069	0	0	0	0	0	0	0.560277003426742	0	0	0	0	0	0	0	0	0	0	0	0	0	0	0	0	0	0	0	0	0	0	0	0.526792764395139	0	0	0	0	0	0	0	0	0	0	0	0	0	0	0	0	0	0	0	0	0	0	0	0	0	0	0	0	0	0	0	0	0	0	0	0	0	0	0	0	0	0	0	0	0	0	0	0	0	0	0	0	0	0	0	0	0	0	0	0	0	0	0	0	0	0	0	0	0	0	0	0	0	0
SRR16554719	2.03629130532218	1.2676638099803	7.17092492194659	4.478079330278	5.22140294840504	0	0	3.79718757327369	4.25796287905979	3.99493798092059	4.45620485611454	0	0	0	0	0	0.7108385065717	0.534491086506455	0	1.90599829812363	0	2.09556553304331	0	0	0	0	0	0	0	0	0	0	4.44419785592737	0	28.2042346150543	0	0	0	0	0	0	0	0	0	0	0	0	0	0	0	0	0	0	0	0	0	0.908761506707495	0	0	0	0	0	0.622612519088744	0	0	0	0	0	1.54397262059074	0	0	0	0	0	0	0	0	0	0	0	0	0	0	0	0	0	0	0	0	0	0	0	0	0	0	0	0	0	0	0	0	0	0	0	0	0	0	0	0	0	0	0	0	0	0	0	0	0	0	0	0	0	0	0	0	0	0	0	0	0	0	0	0	0	0	0	0	0	0	0	0	0	0	0	0	0	0	0	0	0	0	0	0	0	0	0	0	0	0	0	0	0	0	0	0	0	0	0	0	0	0	0	0	0	0	0	0	0	0	0	0	0	0	0	0	0	0	0	0	0	0	0	0	0	0	0	0	0	0	0	0	0	0	0	0	0	0	0	0	0	0	0	0	0	0	0	0	0	0	0	0	0	0	0	0	0	0	0	0	0	0	0	0	0	0	0	0	0	0	0	0	0	0	0	0	0	0	0	0	0	0	0	0	0	0	0	0	0	0	0	0	0	0	0	0	0	0	0	0	0	0	0	0	0	0	0	0	0	0	0	0	0	0	0	0	0	0	0	0.658388680181697	0	0	0	0	0	0	0	0	0	0	0	0	0	0	0	0	0	0	0	0	0	0	0	0	0	0	0	0	0	0	0	0	0	0	0	0	0	0	0	0	0	0	0	0	0	0	0
SRR16554720	4.36194143554941	4.7995765877051	4.5859364140348	4.71000835269162	3.78520923604212	3.05330048913617	1.46878550867293	3.87194960830243	2.77866171867134	3.08097185797943	2.65614702304786	0	1.94359955977586	0	0	0	4.27914395991689	0	0	0	0	0	0	0	0	0	2.39066513240596	0.487914194937306	1.3008439471873	0	0	0	0	0.535576790131847	0	0	0	0	0	0	0	0	0	0	0	0	0	0	0	0.402813445424746	0	0	0	0	0	0	0.373797743974025	0	0	0	0	0	0	0	0	0	0	0	0	0	0	0	0	0	0	0	0	0	0	0	0	0	0	0	0.503350238593166	0.450118274549566	0	0	0	0	0	0	0	0	0	0.667191198433375	0	0	0	0	0	0	0	0	0	0	0	0	0	0	0	0	0	0	0	0	0	0	0	0	0	0	0	0	0	0	0	0	0	0	0	0	0	0	0	0	0	0	0	0	0	0	0	0	0	0	0	0	0	0	0	0	0	0	0	0	0	0	0	0	0	0	0	0	0	0	0	0	0	0	0	0	0	0	0	0	0	0	2.06932156901663	0	0	0	0	0	0	0	0	0	0	0	0	0	0	0	0	0	0	0	0	0	0	0	0	0	0	0	0	0	0	0	0	0	0	0	0	0	0	0	0	0	0	0	0	0	0	0	0	0	0	0	0	0	0	0	0	1.58395880816823	0	0	0	0	0	0	0	0	0	0	0	0	0	0	0	0	0	0	0	0	0	0	0	0	0	0	0	0	0	0	0	0	0	0	0	0	0	0	0	0	0	0	0	0	0	0	0	0	0	0	0	0	0	0	0	0	0	0	0	0	0	0	0	0	0	0	0	0	0	0	0	0	0	0	0	0	0	0	0	0	0	0	0	0	0	0	0	0	0	0	0	0	0	0	0	0	0	0	0	0
SRR16554721	0	0	1.00350690769627	1.02489833160504	0	4.78905080488717	0	0	0	3.33453957996337	0	5.06676608150827	3.13221792344228	0	0	2.73232655951301	0	0	0	0	0	0	0	0	0	0	0	0	0	0.950559934233821	0	0	0.566684122512623	0	0	0	0	0	0	0	0	0	0	0	0	1.32317767351204	0	0	0	0	0	1.21108070648224	0	0	0.50339590369517	0	0	0	0	0	0	0	0	0	0	0	0	0	0	0.507745094773543	0	0	0	0	0	0	0	0	0	0	0	0	0	0	0	0.42770412411212	0	0	0	0	0	0	0	0	0.553160158838733	0	0	0	0	0	0.48152754570632	0	0	0.540670645681455	0.481218331951439	0	0	0	0	0	0	0	0	0	0	0	0	0	0	0	0.440891271847863	0	0	0	0.455858785142527	0	0	0.441417869243544	0.437493052806865	0	0	0	0.418099409988605	0	0	0	0	0	0	0	0	0	0	0	0	0	0.461544690242605	0	0	0	0	0	0	0	0	0	0	0	0	0	0	0	0	0	0	0	0	0	0	0	0	0	0	0	0	0	0	0	0	0	0	0	0	0	0	0	0	0.657113783472997	0	0	0	0	0	0	0.797908146758663	0	0	0	0	0	0	0	0	0	0	0	0	0	0	0	0.873174094342736	0	0	0	0	0	0	0	0	0	0	0	0	0	0.544267187946465	0	0	0	0	0	0	0	0	0	0	0	0	0	0.385336462996019	0	0	0	0.606135713172027	0	0	0	0.540363347169867	0	0	0	0	0	0	0	0	0	0.544012028500823	0	0	0	0	0	0	0	0	0	0	0	0	0	0	0	0	0	0	0	0	0.369158111782661	0	0	0	0	0	0	0	0	0	0	0	0	0	0	0	0	0	0	0	0	0	0	0	0	0	0	0	0	0	0	0	0	0	0	0	0	0	0	0	0	0	0	0	0	0	0	0	0	0	0	0	0	0	0	0	0	0	0
SRR16554722	8.71202701095531	5.19153730382414	0	0	0	1.98565805673604	2.3057425732259	0	0	0	0	0	1.96871877220931	6.18395989386951	3.67262982392517	0	2.10761459998082	0	0	7.10138358551342	4.1326362114214	0	4.95042447314376	0	0	0	1.67203991901228	0.737633022271418	0	1.12549870595289	0	0	0	0.562327523515592	0	0	0	0	0	0	0	0.47872811192978	1.09846608984493	0.599259055299129	1.70844045173477	0.942592631122489	0	0	0	0	0	0.595687843090908	1.62614563329317	0	0	0	0.299827712456477	0	0	0	0	1.92831067677672	0	0	1.36214725227739	1.48797786283674	0	0	0	0	0	0.327436028688009	0.352836262970112	0	1.32672652908581	0	0.345734633658832	0	0.329950102493144	0	0.314463556420054	0.301055334676727	0	0.329332702992933	0.711141612909164	0.575146960425224	0	0	0	0	0	0	0	7.78717146692296	0	0	0	0	1.04214318479326	0	0.397463414211446	0	0.485217504521493	0	0.419096969447699	0	0	0	0	0	0	0	0	0	0	0	0	0	0.689765727041346	0.411892867455405	0	0	0	0	0	0	0.429145098508873	0	0	0	3.35307962071806	0	0	0	0	0	0	0	0	0	0	0	0	0	0.500115356762018	0	0	0	0	0	0	0	0	0	0	0	0	0	0	0	0	0	0	0	1.83001258245399	0	0	0	0	0	0	0	0	0	0	0	0	0	0	0	0	0.542706842952719	0	0	0	0	0.562341924737368	0	0	0	0	0	0	0	0	0	0	0	0	0	0	0.259788224282012	0	0	0.477299472248572	0.280705573068037	0	0	0.397939711686656	0.326476667403978	0	0	0.261167760354409	0.262538133293274	0	0	0	0	0	0	0.267506398002294	0	0	0	0	0	0.279309269723956	0	0	0	0	0	0	0	0	0	0	0	0	0	0	0	0	0	0	0	0	0	0	0	0	0	0	0	0	0	0	0	0	0	0	0	0	0	0	0	0	0	0	0	0.320866511327641	0	0	0	0	0	0	0	0	0	0	0	0	0	0	0	0	0	0	0	0	0	0	0	0	0	0	0	0	0	0	0	0	0	0	0	0	0	0	0	0	0	0	0	0	0	0	0	0	0	0	0	0	0	0	0	0	0	0	0	0	0	0	0	0	0
SRR16554723	0	0	0	0	0	3.06056102659413	12.8615179519931	0	0	0	0	0	3.22088469215391	0	0	0	1.54130415867159	0	0	0	0	0	0	0	0	0	0	0	0	0	0	0	1.54741284899322	0	0.942902893144962	3.34142535683403	0	0	0	0	1.69374666551749	0	1.79926294643365	3.76573051047084	0.411693989359088	1.85858867036043	3.72896919832252	4.52184903618654	3.01696946947128	3.61345850213176	2.86928249198552	1.46704749751661	0	2.93613890533221	0	2.93507143570084	0.504233220323803	0	0	1.03241630556607	0.36024709477641	0	0	0	0	0	0	0	0	0	0.89890401743676	0	0	0	0	0	0	1.52547342806054	0	1.22279662290501	0	0	0	0	0	0.303018632256553	0	0	0	0	0	0	0	0	0	0	0	2.35983043099039	0	0	0	0	0	0	0	0	0	0	0	0	0	0	0	0	0	0	0	0	0	0	0	0	0	0	0	0	0	0	0	0	0	0	0	0	0	0	0	0	0	0	0	0	0	0	0	0	0	0	0	0	0	0	0	0	0	0	0	0	0	0	0	0	0	0	0	0	0	0	0	0	0	0	0	0	0	0	0	0	0	0	0	0	0	0	0	0	0	0	0	0	0	0	0	0	0	0	0.430638166115601	0	0	0	0	0	0	0	0	0	0	0	0	0	0	0	0	0	0	0	0	0	0	0	0	0	0	0	0	0	0	0	0	0	0	0	0	0	0	0	0	0	0	0	0	0	0	0	0	0	0	0	0	0	0	0	0	0	0	0.32746208959226	0	0	0	0	0	0	0	0	0	0	0	0	0	0	0	0	0	0	0	0	0	0	0	0	0	0	0	0	0	0	0	0	0	0	0	0	0	0	0	0	0	0	0	0	0	0	0	0	0	0	0	0	0	0	0	0	0	0	0	0	0	0	0	0	0	0	0	0	0	0	0	0	0	0	0	0	0	0	0	0
SRR16554724	18.8268415537377	12.0985787896809	2.8575647292126	2.0001573407431	1.93424172399018	0	0	1.77367029153818	1.72870905788772	1.36912373282218	1.98082959502209	0	0	0	0	0	0	0	0	0	0	0	0	0	0	0	3.26252016741714	0	0	0	0	0	0	0	0	0	0	4.68178942627812	0	0	0	0	4.33043262756014	0	2.36877143600231	0	0	0	0	0	0	0	3.26353029473284	0	0	0	0	0	0	2.05130006602082	0	3.67165828180673	0.267827233058887	2.98436655475707	2.45568572752156	2.90356395589179	0	0	0	0	2.52500708866766	0	0	8.43985969062675	0	0	0	0	0	0	0	0	0	0	0	0.568531477551096	0	0	0	0	0	0	0	0	0	0	2.04780784575839	0	0	2.80516809752031	0	0	0	0	0	0	0	0	0	0	0	0	0	0	0	0	0	0	0	0	0	0	0	2.6775046866615	0	0	0.416420256667178	0	0	0	0	0	0	0	0	0	0	0	0	0	0	0	0	0	0	0	0	0	0	0	0	0	0	0	0	0	0	0	0	0	0	0	0	0	0	0	0	0	0	0	0	0	0	0	0	0	0	0	0	0	0	0	0	0	0	0	0	0	0	0	0	0	0	0	0	0	0	0	0	0	0	0	0	0	0	0	0	0	0	0	0	0	0	0	0	0	0	0	0	0	0	0	0	0	0	0	0	0	0	0	0	0	0	0	0	0	0	0	0	0	0	0	0	0	0	0	0	0	0	0	0	0	0	0	0	0	0	0	0	0	0	0	0	0	0	0	0	0	0	0	0	0	0	0.649617051455695	0	0	0	0	0	0	0	0	0	0	0	0	0	0	0	0	0	0	0	0	0	0	0	0	0	0	0	0	0	0	0	0	0	0	0	0	0	0	0	0	0	0	0	0	0	0	0	0	0	0	0	0	0	0	0	0	0	0	0	0	0	0
SRR16554725	1.96315476106348	1.36773753657692	0.62945889669791	0.429969645166594	0.456531699282577	1.46744927013803	0	0	0	0	0	0	1.10619065719461	0	0	0	0.486363139951604	0	0	2.93577724461081	0	4.53146814541274	0	0	0	0	0	1.11312802390347	0.292312124667009	0	0	0	0	0	0	0	0	0	0	0	0	0	0	0	0	0	0	0	0	0	0	0	0	0	0	0	0.235391089879525	0	0	0	0.297891504400065	0	0	0	0	0	0	0	0	0	0	0	0	0	0	1.01975062316669	0	0	0	0	0	0	0	0	0	0	0	0	0	0	0	0	0	0	0	0	0	0	0	0	0	0	0	0	0	0	0	0	0	0	0	0	0	0	0	0	0	0	0	0	0	0	0	0	0	0	0	0	0	0	0	0	0	0	0	0	0	0	0	0	0	0	0	0	0	0	0	0	0	0	0	0	0	0	0	0	0	0	0	0	0	0	0	0	0	0	0	0	0	0	0	0	0	0	0	0	0	0	0	0	0	0	0	0	0	0	0	0	0	0	0	0	0	0	0	0	0	0	0	0	0	0	0	0	0	0	0	0	0	0	0	0	0	0	0	0	0	0	0	0	0	0	0	0	0	0	0	0	0	0.735892585847162	0	0	0	0	0	0	0	0	0	0	0	0	0	0	0	0	0	0	0	0	0	0	0.657208052472275	0	0	0	0	0	0	0	0	0	0	0	0	0	0	0	0.7028323641897	0	0	0	0	0	0	0	0	0	0	0	0	0	0	0	0	0	0	0	0	0	0	0	0	0	0	0	0	0	0	0	0	0	0	0	0	0	0	0	0	0	0	0	0	0	0	0	0	0	0	0	0	0	0	0	0	0	0	0	0	0	0	0	0	0	0	0
SRR16554726	3.93691237413413	3.04428454257113	6.3546966883185	5.49165345780691	5.34473095835833	2.33868691873092	0	4.6514008766636	4.38727910789517	4.75184794530914	4.48165502841825	0	1.89269274425847	1.93750230186808	2.15052410664065	0	3.12984657955111	0	0	3.08886270876707	1.53946474634153	1.81416944790729	1.8113525432746	0	0	0	0	2.62380710429894	0.546289725098458	0	0	0	0	0.975640198465002	2.23510988878241	0	0	0	0	0	0	1.25646992564826	0	0.965866761105912	0	0	0	0	0	0.563637133305112	0	0	0	0	0	0	0.356787763990512	0.836242073292631	0	0	0	0	0	0	0	0	0	0	0	0	0	0	0	0	0	0	0	0	0	0	0	0	0	0	0.360380101413798	0.321607617283907	0	0	0	0	0	0	0	0	0	0	0	0	0	0	0	0	0	0	0	0	0	0.484355441162678	0	0	0	0	0	0	0	0	0	0	0	0	0	0	0	0	0	0	0	0	0	0	0	0	0	0	0	0	0	0	0	0	0	0	0	0	0	0	0	0	0	0	0	0	0	0	0	0	0	0	0	0	0.803142902748674	0	0	0	0	0	0	0	0	0	0	0	0	0	0	1.65626507409049	0	0	0	0	0	0	0	0	0	0	0	0	0	0	0	0	0	0	0	0	0	0	0	0	0	0	0	0	0	0	0	0	0	0	0	0	0	0	0	0	0	0	0	0	0	0	0	0	0	0	0	0	0	0	0	0	0	0	0	0	0	0	0	0	0	0	0	0	0	0	0	0	0	0	0	0	0	0	0	0	0	0	0	0	0	0	0	0	0	0	0	0	0	0	0	0	0.289279922629134	0	0	0	0	0	0	0	0	0	0	0	0	0	0	0	0	0	0	0	0	0	0	0	0	0	0	0	0	0	0	0	0	0	0	0	0	0	0	0	0	0	0	0	0	0	0	0	0	0	0	0	0	0	0	0	0	0	0	0	0	0	0	0
SRR16554727	3.79342230831164	2.13754771858057	1.71588988743504	1.93942529314728	4.13082682532672	0	0	1.6031681463151	0	0	0	0	0	0	0.571661110460879	0	0	0	0	0	0	0	0	0	0	0	0	1.56033082812072	0.95095138604635	0	0	0	0	0	0	0	0	0	0	0	0	0	1.15616600125317	0	0	0	0	0	0	0	0	0	0	0	0	0	0	0	0	0	0	0	0	0	0	0	0	0	2.69562900485823	0	0	0	0	0	0	0	0	0	0	0	0	0	0	0	0	0	0	0	0	0	0	0	0	0	2.6544370761412	0	0	0.459922867665328	0	0	0	0	0	2.55404270001736	0	0	0	0	0	0	0	0	0	0	0	0	0	0	0	0	0	0	0	0	0	0	0	0	0	0	0	0	0	0	0	0	0.425770225023827	0	0	0	0	0	0	0	0	0	0	0	0	0	0	0	0	0	0	0	0	0	0	0	0	0	0	0	0	0	0	0	0	0	0	0	0	0	0	0	0	0	0	0	0	0	0	0	0	0	0	0	0	0	0	0	0	1.70586897747795	0	0	0	0	0	0	0	0	0	0	0	0	0	0	0	0	0	0	0	0	0	0	0	0	0	0	0	0	0	0	0	0	0	0	0	0	0	0	0	0	0	0	0	0	0	0	0	0	0	0	0	0	0	0	0	0	0	0	0	0	0	0	0	0	0	0	0	0	0	0	0	0	0	0	0	0	0	0	0	0	0	0	0	0	0	0	0	0	0	0	0	0	0	0	0	0	0	0	0	0	0	0	0	0	0	0	0	0	0	0	0	0	0	0	0	0	0	0	0	0	0	0	0	0	0	0	0	0	0	0	0	0	0	0	0	0	0	0	0	0	0	0
SRR16554728	3.67807802881812	2.79237772651696	3.34529153880566	1.71073991302531	1.50466051004819	3.88535151251937	0	0	1.2550279067063	0	0	2.31652543114077	2.87679018710756	0	0	1.45041414422152	0	0	0	0	0	0	0	0	0	0	0	2.28164879007681	1.04264536940765	0	0	0	0	0	0	4.01195793164813	0	0	0.688479735390101	0	0	0	0.840936543383879	0	0	1.88036058764661	4.34615598853032	0	5.00524309019117	0	3.52451911694996	1.55352627218856	0	4.08640247810131	0	0	0	0	0	0	0	0	0	0	0	0	0	1.75562239076496	0	0	0	0	0	0	0	1.81867186023763	0	2.43473411098311	0	0	0	0	0	0	0	1.125260938181	0	0	0	0	0	0	0	0	2.93056437167213	0	0	0	0	0	0.866565429385892	0	0	2.70782008043106	0.894971328733197	0	0	0	0	0	0	0	0	0	0	0	0	0	0	0	0	0	0.869459076376414	0	0	0	0	0	0	0	0	0	0	0	0	0	0.723898854195061	0	0	0	0	0	0	0	0	0	0	0	0	0	0	0	0.777217309514022	0	0	0	0	0	0	0	0	0	0	0	0	0.773855682062672	0	0	0	0	0	0	0	0	0	0	0	0	0	0	0	0	0	0	0	0	0	0	0	0	0	0	0	0	0	0	0	0	0	0	0	0	0	0	0	0	0	0	0	0	0	0	0	0	0	0	0.737566717772738	0	0	0	0	0	0	0	0	0	0	0	0	0	0	0	0	0	0	0	0	0	0	0	0	0	0	0	0	0	0	0	0	0	0	0	0	0	0	0	0	0	1.04754721046162	0	0	0	0	0	0	0	0	0	0	0	0	0	0	0	0	0	0	0	0	0	0	0	0	0	0	0	0	0	0	0	0	0	0	0	0	0	0	0	0	0	0	0	0	0	0	0	0	0	0	0	0	0	0	0	0	0	0	0	0	0	0	0	0	0	0	0	0	0	0	0	0	0	0	0	0	0
SRR16554729	12.392123622253	7.69061674486436	11.2397382761378	4.60388201116014	5.44779805999031	0	0	3.82090646005434	3.82296881093044	3.51984822408743	4.26962457503715	0	0	9.25110683707381	5.00038657937227	0	3.65468196111993	0	0	0	5.25200380945666	0	4.71089156289957	0	0	0	0	0	0.374266501994526	0	0	0	0	0	0	0	0	0	0	0	0	0	2.82504434782899	0	0	0	0	0	0	0	0	0	0	0	0	0	0	0	0	0.991442038013571	0	0	0	0	0	0	0	0	0	0	0	0	0	0	0	0	0	0	0	0	0	0	0	0	0	0	0	0	0	0	0	0	0	0	0	0.773424549730125	0	0	0.467547281109163	0	0	0	0	0	0	0	0	0	0	0	0	0	0	0	0	0.6791614126144	0	0	0	0.44969350936134	0	0	0	0	0	0	0.396135191112291	0	0	0	0	0	0	0	0	0	0	0	0	0	0	0	0	0	0	0	0	0	0	0	0	0	0	0	0	0	0	0	0	0	0	0	0	0	0	0	0	0	0	0	0	0	0	0	0	0	0	0	2.33192250080476	0	0	0	0	0.598662921624886	0	0	0	0	0	0	0	0	0	0	0	0	0	0	0	0	0	0	0	0	0	0	0	0	0	0	0	0	0	0	0	0	0	0	0	0	0	0	0	0	0	0	0	0	0	0	0	0	0	0	0	0	0	0	0	0	0	0	0	0	0	0	0	0	0	0	0	0.585308686970963	0	0	0	0	0	0	0	0	0	0	0	0	0	0	0	0	0	0.516218456473124	0	0	0	0	0	0	0	0	0	0	0	0	0	0	0	0	0	0	0	0	0	0	0	0	0	0	0	0	0	0	0	0	0	0	0	0	0	0	0	0	0	0	0	0	0	0	0	0	0	0	0	0	0	0	0	0	0	0	0	0	0	0	0	0	0	0
SRR16554730	5.57158256196587	3.31569145495233	1.70147905391997	1.81968384415351	1.41554682996949	0	0.280369002332971	1.43755730040849	1.30419280204279	1.23595761214897	1.25132816195764	0	0	1.74234339932617	0.599377003532339	0	0	0	0	5.52766214487669	1.16479610067288	3.41952491423674	0.978533350844452	0	0	0	0	0.628421526864789	0.588448310701618	0	0	0	0	0	0	0	0	1.7726226189989	0	0	0	0	0.601867364330626	0	0	0	0	0	0	0	0	0	0	0	0	0.315673734044056	0.24778608526357	0	0	0.479634406556426	0.35535796810923	0	0	0	0	0	0	0	0	0	0.432022777184307	0	0	0	0	2.01455774133105	0	0	0	0	0	0	0	0	0.163545215177305	0.289710313867938	0	0.179359762330055	0	0.35293069206341	0.266441263375464	0	0	0.181633917222887	0	0.758442933590122	0.374417877375638	0	0	0	0	0.194501746572072	0.117899212446443	0	0	0.203546332252863	0.349486651431106	0	0.116734127504804	0.205233682101839	0.356219323121414	0	0	0.184772029385344	0	0.660904386602227	0.19013313313876	0.197913039355296	0	0	0	0.102327470312131	0	0	0	0.184153606606737	0	0	0	0.186417432502162	0.117158434639821	0.188253934734771	0	0.213059303274424	0.479504561740609	0.204231722514341	0	0.211083041643979	0.175933913880436	0.207460095081921	0.185921754684514	0.206337669493425	0.185785785955558	0.287955154703823	0	0.2139435003061	0	0.18919284599933	0.098391281342268	0.198199485092516	0.175988549429218	0.216393238654925	0	0.190777716791062	0	0.174071944159456	0.179606610051324	0.117556522943388	0	0.176659815919724	0	0.177274322210317	0	0.471947094137468	0	0	0.314846074464739	0.229406064883953	0.22391740987628	0.235640923940061	0	0	0.195461819834506	0	0.210028570121887	0	0	0	0.169112058576162	0.187286477326473	0	0	0	0.615233265139966	0	0	0	0	0.175021241834049	0	0	0	0	0	0	0	0	0.21170223464186	0	0	0	0	0	0	0	0	0	0	0.465977511788859	0	0	0	0	0	0	0	0	0	0	0	0	0	0	0	0	0	0	0	0	0	0.0969116661294702	0	0	0	0	0	0	0	0.178865136852585	0	0	0	0	0	0	0	0	0	0	0	0	0.128434978998283	0	0	0.308876941307201	0.132985211682833	0	0	0	0	0	0	0.152771753833606	0.0977792265901928	0	0	0	0.0930609036762767	0	0	0	0.079981334813091	0	0	0	0	0	0.251068445194095	0	0.284229234977731	0	0	0	0	0	0	0	0.148539686748901	0	0.177225213043522	0.175467283457385	0.208039284433372	0.20609823303095	0.190010335148588	0.168412055344827	0.174059954885924	0.201501882786484	0.197320387299368	0.209687345895921	0.176799127404522	0.180017977462248	0.162482385597536	0.132837397434116	0	0	0	0.254455563539337	0	0	0	0	0	0.1555569371627	0	0	0	0.154247731318567	0	0	0	0	0	0	0	0	0	0	0	0	0	0	0	0	0	0	0
SRR16554737	4.85946543312861	3.6120729332256	1.83283977237037	1.63611959297522	1.38659795530446	0	0	1.46944360199324	1.20854812189329	1.25281824215268	1.2365808852985	0	0	0	0	0	0	0	1.00088859664459	7.6441216203748	0	0	0	0	0	0	3.86989420054512	0.145303701433388	0.306989053267973	0	0	0	0	0.626732849370438	3.95825173097643	0	0	1.72980034634149	0	0.637815355437577	0.254943489758568	0.986390020697138	0	0	1.86761791483568	0	0	0.62246922604494	0	0	0	0	2.51850723521713	0	0	0.653288410125109	0.119087076713796	0.595644018240425	0.50664086246031	0.349366091331253	0	2.30693886215309	0.189915610101694	1.69887141125449	1.84736178975865	3.36552658211583	1.86777519237521	0	0	0	0.321674311357192	0	0	1.49743375759949	1.71302880912683	1.44528088872946	0	0	0	0	0	0	0	0	0	0	0	0.187564794263421	0	0.447471361632695	0	0	0	1.21749033050664	0	0.348067630275764	0	1.57964269676389	0.138149508927805	1.54292506017981	0	0	0	0	0	0	0.394186958626728	3.82973607699437	0	0	0.339152851262521	0	0	0	0	0.326286112072009	0	0	0	0.111672462527243	0	1.1258666468944	0	1.48858360172653	0	0	0.11924591412214	0	0	0	1.03537286848264	0	0	0	0	0	0	0	0	0	0	0	0	0	0	0	0	0	0	0	0	0	0	0	0	0	0	0	0	0	0	0	0	0	1.13275305611528	0	0.38038234604694	0	0	0	0	0	0	0	0	0	0	0	0	0	0	0	0	0.29743325069756	0	0	0	0	0	0	0	0	0	0	0	0.34905150919897	0	0	0	0	0	0	0	0	0	0	0	0	0.22694115914668	0	0	0	0	0	0	0	0	0	0	0	0	0	0	0	0	0	0	0	0	0	0	0	0	0	0	0	0	0	0	0	0	0	0	0	0	0	0	0	0	0	0	0	0	0	0	0	0	0	0	0	0	0	0	0	0	0	0	0	0	0	0.438289405009804	0	0	0	0	0	0	0.323635287492371	0	0	0	0	0	0	0	0	0	0	0	0	0	0	0	0	0	0	0	0	0	0	0	0	0	0	0	0	0	0	0	0	0	0	0	0	0	0	0	0	0	0	0	0	0	0	0	0	0	0	0	0	0	0	0	0	0	0
SRR16554747	15.9797520923908	9.43252974338427	0	0	0	0	1.41692130694888	0	0	0	0	0	0	7.27661462406143	3.34745974893556	0	3.20877030680364	0	0	6.60237943944226	4.33505537000037	0	5.78361870792331	0	0	0	0	0	0	0	0	0	5.09300680898932	0	0	0	0	0	0	0	0	0	0	0	0	0	0	0	0	0	0	0	0	0	0	0	0.731930289374246	0	0	0	0.630929915220863	0	0.337626333459158	0	0	0	0	0	0	0	0	0	0	0	0	0	0	0	0	0.694052466900692	0	0	0	0	0	0	0	0	0	0	0	0	0	3.18045959850518	0	0	0	0	0.61824003917403	0	0	0	0	0	0	0	0	0	0	0	0	0	0	0	0	0	0	0	0	0.431824039878347	0	0	0	0	0	0	0.439858419238076	0	0	0	1.65527936919945	0	0	0	0	0	1.95254497295512	0	0	0	0	0	0	0	0	0	0	0	0	0	0	0	0	0	0	0	0	0	0	0	0	0	0	0	0	0	0	0.680942241040088	0	0	0	0	0	0	0	0	0	0	0	0	0	0	0	0	0	0	0	0	0	0	0	0	0	0	0	0	0	0.52144723718075	0	0	0	0	0	0	0	0	0	0	0	0	0.499817972036478	0	0	0	0	0	0	0.456257011039138	0	0	0	0	0	0	0	0	0	0	0	0	2.0925432543199	0	0	0	0	0	0	0	0.409398070966633	0	0	0	0	0	0	0.680674036349038	0	0	0	0	0	0	0	0	0	0	0	0	0	0	0	0	0	0	0	0	0	0	0	0.301578322910548	0	0	0	0.742916383568787	0	0	0	0	0	0	0	0	0	0	0	0	0	0	0	0	0	0	0	0	0	0	0	0	0	0	0	0	0	0	0	0	0	0	0	0	0	0	0	0	0	0	0	0	0	0	0	0	0	0	0	0	0	0	0	0	0	0	0	0	0	0
SRR16554748	0	0	0	0	0	0	0.992818258048437	0	0	0	0	0	0	0	0	0	0	0	0.567031472313316	0	0	0	0	0	0	0	2.91859046831153	0.429829924757488	0.93073741712944	0	0	0	0	0	0.224583507740814	0	0	0	0	0.34494156347394	8.00557525138652	0	4.18806470960889	0	4.89147232081169	0	0	0.94690994016115	0	0	0	0	2.17105428641034	0	0	1.11237519917456	0.452600539022676	0	0.34217776091154	2.25654307589625	0.342460675506157	2.04238595967433	0.290361703540822	2.2127452231781	2.55869154653637	2.09973913780351	2.65176309720967	0	0	0	2.06092965857995	0	0	2.10724342598653	3.00360997836112	6.04587718910178	0	0	0	0	0	0	0	0	0	0.256824757732945	0	0.544912342850248	0	1.39043228990607	0	0	0	0	0	0.822346170399671	2.06307210529581	0.826950448317032	0.340474426064551	2.10725657365963	0	0	0	0	0	0	1.43312297116402	0	0	0	1.62824034439134	0	0	0	0	0.703241763641567	0	0	0	0.33004640213578	0	0	0	1.86479112241499	0	0	0.338844798670092	0	0	0	0	0	0	0	0	0	0	0	0	0	0	0	0	0	0	0	0	0	0	0	0	0	0	0	0	0	0	0	0	0	0	0	0	0	0	0	1.228569818257	0	0	0	0	0.210670063437426	0	0	0	0	0	0	0	0	0.283047934289292	0	0	0.714229255875908	0	0	0	0	0	0	0	0	0	0	0	0	0	0	0	0	0	0.587798203629419	0	0	0	0.577977990140883	0	0	0.539951152311118	0.580073944967435	0	0.583426501191594	0.554518789308616	0.570064921231056	0	0	0	0.283915570295779	0	0	0.570991594748901	0	0.560889079302708	0.541083781552911	0	0	0.577126868828649	0	0	0.544230900296261	0	0.52838720140968	0	0.544344020463567	0	0.590920756115143	0	0	0	0	0	0.536995092675071	0	0	0	1.12453763763806	0	0.526438834673329	0	0	0	0	0.938092278344546	0	0	0.121683619822011	0	0	0	0	0	0	0	0.1334997398769	0	0	0	0.116251924213222	0.539232166288456	0	0	0	0.129669801402675	0	0	0	0	0.114121002724397	0.123606678735056	0	0	0	0	0	0	0.165597730936189	0.614518338275218	0	0	0	0	0	0	0	0	0	0	0	0	0	0	0	0	0	0	0	0	0	0	0	0	0	0	0	0	0	0	0	0	0	0	0	0	0	0	0	0	0	0	0	0	0	0	0	0	0
SRR16554750	1.16173442827536	0.783472617687229	0.532398942639905	0.4692647591424	0.394984958692639	0.24786880507374	0.199685611262305	0	0	0	0	0	0	0	0	0	0	0	0	0.49158945698817	0	2.91460986218039	0	0	0	0	0	0	0.294694629518302	0	0	0	0	0	0	0	0	0	0	0	0	0	0	0	0	0	0	0	0	0	0	0	0	0	0	0	0	0	0	0	0	0	0	0	0	0	0	0	0	0	0	0	0	0	0	0	0	0	0	0	0	0	0	0	0	0.243803424760901	0	0	0	0	0	0	0	0	0	0.456908533660431	0	0	0	0	0	0	0	0	0	0	0	0	0	0	0	0.758042481748223	0	0	0	0.415317022621218	0	0	0	0	0	0	0	0	0	0	0	0	0	0	0	0	0	0	0	0	0.212533150540045	0	0	0	0	0	0	0	0	0	0	0	0	0	0	0	0	0	0	0	0	0	0.414601934001566	0	0.496196495371331	0	0	0	0	0	0	0	0	0	0.26934768933204	0	0	0	0	0	0	0	0	0	0	0	0.357279392823887	0.29506316542671	0	0	0	0	0	0	0	0	0	0	0	0	0	0	0	0	0	0	0	0	0	0	0	0	0	0	0	0	0	0	0	0	0	0	0	0	0	0	0	0	0	0	0	0	0	0	0	0	0	0	0	0	0	0	0	0	0	0	0	0	0	0	0	0	0	0	0	0.281917141623676	0	0	0	0	0	0	0	0	0	0	0	0	0	0	0	0	0	0	0	0	0	0	0	0	0	0	0	0	0	0	0	0	0	0	0	0	0	0	0	0	0	0	0	0	0	0	0	0	0	0	0	0	0	0	0	0	0	0	0	0	0	0	0	0	0	0	0	0	0	0	0	0	0	0	0	0	0	0	0	0	0	0	0	0
SRR16554751	5.32146677702807	4.01551859816381	4.55674067020579	5.90552792735246	4.97006567729245	2.14156098846543	0	5.13796155215301	3.96755674275095	4.75758959294278	3.32147286281571	0	1.757689833763	0	0	0	0	0	0	0	0	0	0	0	0	0	2.98465048939059	0.719123739486684	0.449261545551897	0	0	0	15.3680401504505	0.634105453740773	0	0	0	0	0	0	2.67792004990663	0	1.28754833164344	0	0	0	0	0	0	0	0	0	0	0	0.569988010171449	0	0.438477343004554	0	0	0	0	0	0	0	0	0	0	0	0	0.487367470498864	0	0	0	0	0	0	0	0	0	0	0	0	0	0	0	0	0	0.559538331668932	0	0	0	0	0	0	0	0	0	0	0	0	0	0	0	0	0	0	0	0	0	0	0	0	0	0	0	0	0	0	0	0	0	0	0	0	0	0	0	0	0	0	0	0	0	0	0	0	0	0	0	0	0	0	0	0	0	0	0	0	0	0	0	0	0	0	0	0	0	0	0	0	0	0	0	0	0	0	0	0	0	0	0	0	0	0	0	0	0	0	0	0	0	0	0	0	0	0	0	0	0	0	0	0	0	0	0	0	0	0	0	0	0	0	0	0	0	0	0	0	1.99239246511606	0	0	0	0	0	0	0	0	0	0	0	0	0	0	0	0	0	0	0	0	0	0.954546022335446	0	0	0	0	0	0	0	0	0	0	0	0	0	0	0	0	0	0	0	0	0.583308267067429	0	0	0	0	0	0	0	0	0	0	0	0	0	0	0	0	0	0	0	0	0	0	0	0	0	0	0	0	0	0	0	0	0	0	0	0	0	0	0	0	0	0	0	0	0	0	0	0	0	0	0	0	0	0	0	0	0	0	0	0	0	0	0	0	0	0	0	0	0	0	0	0	0	0	0	0	0	0	0	0	0	0	0	0
SRR16554752	4.4328255843686	2.78676314887351	2.07062409784191	3.02206941474236	1.75322887137918	2.04499207349454	0	1.86586176563639	1.3550671259276	1.37223279998422	1.39841156117788	0	2.21485190861475	7.77539691670187	4.51435555798958	0	2.64832442796565	0	0	4.91246900369442	4.10636988957295	0	5.09323141427743	0	0	0	0	0	0.536859718275523	0	0	0	0	0.623385482199708	0	1.80653914188623	0	0	0	0	0	0	0	0	2.24515420811799	1.16145366777984	1.96781545582916	0	2.0465837583642	2.07754378613755	1.64735099380385	0.935685634714552	0	1.66529181319641	0	0	0.768919248297348	0	0	0	0	0	0	0	0	0	0	0	0	0	0	0	0	0	0	0	0	0	0	0.762192114404031	0	0	0	0	0	0	0	0	0	0	0	0	0	0	0	0	0	0	0	0	0	0	0	0	0	0	0	0	0	0	0	0	0	0	0	0	0	0	0	0	0	0	0	0	0	0	0	0	0	0	0	0	0	0	0	0	1.18478356119798	0	0	0	0	0	0	0	0	0	0	0	0	0	0	0	0	0	0	0	0	0	0	0	0	0	0	0	0	0	0	0	0	0	0	0	0	0	0	0	0	0	0	0	0	0	0	0	0	0	0	0	0	0	0	0	0	0	0	0	0	0	0	0	0	0	0	0	0	0	0	0	0	0	0	0	0	0	0	0	0	0	0	0	0	0	0	0	0	0	0	0	0	0	0	0	0	0	0	0	0	0	0	0	0	0	0	0	0	0.703958598831061	0	0	0	0	0	0	0	0	0	0	0	0.35114737720042	0	0	0	0	0	0	0	0	0	0	0	0	0	0	0	0.890184488247771	0	0	0	0	0	0	0	0	0	0	0	0	0	0	0	0	0	0	0	0	0	0	0	0	0	0	0	0	0	0	0	0	0	0	0	0	0	0	0	0	0	0	0	0	0	0	0	0	0	0	0	0	0	0	0	0	0	0	0	0	0	0
SRR16554753	5.62398403198269	4.5440326713041	2.299019839502	2.13098836260016	2.07287197272478	2.82239948069914	1.88539213663997	1.99709359930969	1.63388974356027	1.90523143940068	1.47379242368134	0	2.67510908920415	3.42381744759729	4.92917768044822	0	0	0	1.34448909047821	6.34784284053133	2.05338812404491	0	2.29930920032817	0	0	0	0	0.550349878088768	0	0	0	0	0	0.75584705543578	1.86401366788298	2.55329009534314	0	0	0	0	0	0.666294909702205	0	1.33711587556279	0.675232217566992	1.63536883036942	2.80172788811756	0	2.39643538365292	0.813867515150792	2.10675058154531	1.30368685215975	0	2.16025471667089	0	0	0.61912189045817	0	0.642573961545002	0	0	0.736703904720551	0	0	0	0	0	0	0	0	0	0	0	0	0	0	0	0	0	0	0	0	0	0	1.49724204286241	0.480035563179358	0	0	0	0	0	0	0	0	0	0	0	0	0	0	0	0	1.12622348354861	0	0	0	0	0	0	0	0	0	0	0	0	0	0	0	0	0	0	0	0	0	0	0	0	0	0	0	0	0	0	0	0	0	0	0	0	0	0	0	0	0	1.08701770425623	0	0	0	0	0	0	0	0	0	0	0	0	0	0	0	0	0	0	0	0	0	0	0	0	0	0	0	0	0	0	0	0	0	1.96965147798439	0	0	0	0	0	0	0	0	0	0	0	0	0	0	0	0	0	0	0	0	0	0	0	0	0	0	0	0	0	0	0	0	0	0	0	0	0	0	0	0	0	0	0	0	0	0	0	0	0	0	0	0	0	0	0	0	0	0	0	0	0	0	0	0	0	0	0	0	0	0	0	0	0	0	0	0	0	0	0	0	0	0	0	0	0	0	0	0	0	0	0	0	0	0	0	0	0	0	0	0	0	0	0	0	0	0	0	0	0	0	0	0	0	0	0	0	0	0	0	0	0	0	0	0	0	0	0	0	0	0	0	0	0	0	0	0	0	0	0	0	0	0	0	0	0	0	0	0	0	0	0	0	0	0	0	0	0
SRR16554754	0	0	12.3953920046631	5.5011655974028	5.55000793236441	2.60606384664269	11.9668029846112	4.13434850249651	4.39712225154602	4.05662442612617	4.78538801659457	0	3.57919318791714	0	0	0	0	0	0	3.82570492333003	0	0	0	0	0	0	0	0	0	0	0	0	0	1.35438164946559	0	0	0	0	0	0	0	1.09257176167892	0	3.73348265958336	0	0	0	0	0	1.42321890331533	0	0	0	0	0	0	1.09397218836466	0	0	0	0	0	0	0	0	0	0	0	0	0	0	0	0	0	0	0	0	0	0	1.26467819114619	0	0	0	0	0.614863196027774	0	0	0	0	0	0	0	0	0	0	0	0	0	0	0	0	0	0	0	0	0	0	0	0	0	0	1.28084448053004	0	0	0	0	0	0	0	0	0	0	0	0	0	0	0	0	0	0	0	0	0	0	0	0	0	0	0	0	0	0	0	0	0	0	0	0	0	0	0	0	0	0	0	0	0	0	0	0	2.52321919182491	0	0	0	0	0	0	0	0	0	0	0	0	0	0	0	0	0	0	0	0	0	0	0	0	0	0	0	0	0	0	0	0	2.17907833876622	0	0	0	0	0	0	0	0	0	0	0	0	0	0	0	0	0	0	0	0	0	0	0	0	0	0	0	0	0	0	0	0	0	0	0	0	0	0	0	0	0	0	0	0	0	0	0	0	0	0	0	0	0	0	0	0	0	0	0	0	0	0	0	0	0	0	0	0	0	0	0	0	0	0	0	0	0	0	0	0	0	0	0	0	0	0	0	0	0	0	0	0	0	0	0	0	0	0	0	0	0	0	0	0	0	0	0	0	0	0	0	0	0	0	0	0	0	0	0	0	0	0	0	0	0	0	0	0	0	0	0	0	0	0	0	0	0	0	0	0	0	0
SRR16554755	11.5212310091681	6.59951292678051	5.70670958679633	4.15407183924206	4.47281781701121	1.66047119922811	0	3.8290990568865	3.75218447837607	3.59618079944611	3.85192667114184	0	1.23157054410929	0	0	0	2.24869517946251	0	0	0	0	0	0	0	0	0	2.17603858490257	0	1.59928329250421	0	0	0	0	0.339141607808245	0	0	0	3.40638492753807	0	0	0	0	0	0	1.424831490064	0.983582713432165	0	0	0	0	0	0.825157870901285	2.65249991315468	0	0.70878926877665	0	0.369361125510147	0	0	0.493803508696247	0	2.56622171644777	0	1.44525829190457	1.48800885787473	6.11432526200728	1.28801707551602	0	0	0.533490309174418	0	0	0	0	1.26744249032981	0	0	0	0	0	0	0	0	0	0.396377380679068	0	0	0	0	0.366959527643201	0	0	0	0	0	0.293184168132669	0	0	0.303261851720745	0	0	0	0.290540202122554	0	0	0	0	0	0	0	0	0	0	0	0	0	0.556170001396924	0	0	0	0	0	0	0	0	0	0	0	0	0	0	0	0	0	0	0	0	0	0	0	0	0	0	0	0	0	0	0	0	0	0	0	0	0	0	0	0	0	1.23669176672554	0	0	0	0	0	0	0	0	0	0	0	0	0	0	0	0	0	0	0	0	0	0	0	1.05711770155843	0	0	0	0	0	0	0	0	0	0	0	0	0	0	0	0	0	0	1.5183586172074	0	0	0	0.666571957559993	0	0	0	0.634024015756263	0	0.638379430959593	0.636993588349471	0.62853505572456	0	0	0	0	0	0	0.773312505914882	0	0.637876936447765	0.659803406442971	0	0	0.591976633144811	0	0	0	0	0.654457927325297	0	0.577325300121252	0	0	0	0	0	0	0	0.604978580243756	0	0	0	0.435989655407956	0	0.587509442836765	0	0	0	0.203688923068123	0	0	0	0.344350862310749	0	0	0	0	0	0	0	0.273509797941386	0	0	0	0.354366975878348	0	0	0	0	0	0	0	0	0	0.400414234865381	0	0	0	0	0	0	0	0	0	0	0	0	0	0	0	0	0	0	0	0	0	0	0	0	0	0	0	0	0	0	0	0	0	0	0	0	0	0	0	0	0	0	0	0	0	0	0	0	0	0	0	0	0	0	0	0	0	0
SRR16554756	2.55218712665945	1.79951111770289	2.68731416979574	3.10745145471234	2.58236742441827	2.53685126178235	1.4963181633513	2.55951571754582	1.96674391424233	2.18978402260128	1.96019140486018	0	1.64610706216424	0	0	0	1.58906514434451	0	0	0	0	4.04319388089014	0	0	0	0	0	2.66300471512098	0.632134582791217	0	0	0	0	0	0	0	0	0	0	0	0	0	0	1.12626474646585	0	0	0	1.35744307240579	0	0	0	0	0	0	0.536716282401431	0	0	0	0	0	0	0	0	0	0	0	0	0	0	0	0	0	0	0	0	0	0	1.40819867511736	0	0	0	0	0	0	0.540740308542691	0	0	0	0	0	0	0	0	0	0	0	0	0	0	0	0.67690914355043	0	0	0	0.765513879053542	0	0	0	0	0	0	0	0	0	0	0	0	0	0	0	0.61164194732439	0	0.570868844496358	0	0.580636806843617	0	0	0.615124032914776	0.642894259540601	0	0	0	0.57002311209505	0	0	0	0	0	0	0	0	0	0	0	0	0	0.576503570114621	0	0	0	0	0	0.577125110381578	0	0	0	0	0	1.69127800818237	0	0	0	0.614700309216623	0	0	0	0	0	0	0	0	0	0	0	0	0.968984259952027	0.633665169692975	0	0	0	0	0	1.37688599723705	0	0	0	0	0	0	0	0	0	0	1.30740466769781	0	0	0	0	0	0	0	0	0	0	0	0	0	0	0	0	0	0	0	0	0	0	1.82909951328785	0	0	0	0	0	0	0	1.00267007631947	0	0	0	0	0	0	0	0	0	0	0	0	0	0	0	0	0	0	0	0	0	0	0	0	0	0	0	0	0	0	0	0	0	0	0	0	0	0	0	0	0	0	0	0	0	0	0	0	0	0	0	0	0	0	0	0	0	0	0	0	0	0	0	0.812665537642683	0	0	0	0	0	0	0	0	0	0	0	0	0	0	0	0	0	0	0	0	0	0	0	0	0	0	0	0	0	0	0	0	0	0	0	0	0	0	0	0	0	0	0	0	0	0	0
SRR16554757	0.608482059894767	0.953919606264267	1.23374901515253	1.07196153892776	0.937192120714035	2.74583618440821	13.511030170503	0.958324264974052	0.824698210421167	0.842441302966083	0.785586614962046	1.78811553140768	1.90057738102404	0	0	1.06307256671227	0.713984237324262	0	0.395964361162287	0.447993222915757	0	0	0	0	0	3.02332347250979	1.12356565170731	0.580532430833814	0	0	2.47373676724255	2.58251361362421	0	0	0	0	2.44960813380125	0	0	0	0	0	0	0	0	0	0	0	0	0	0	0	0	0	0	0	1.38092908031157	0	0	0	0	0	0.933225279842947	0	0	0	0	0	0	0	0	0	0	0	0	0	0	0	0	1.74218312759211	0	0	0	0	0	0	0	0.606915986895684	0	0	0	0	0	0	0	0	0	0	0	0	0.374366567416269	0	0	0	0.372711774989167	0	0	0	0	0	0	0	0	0	0	0	0	0	0	0	0	0	0	0	0.346437766411083	0	0	0	0	0	0	0	0	0	0	0	0	0	0	0	0	0	0	0	0	0	0	0	0	0	0	0	0	0	0	0	0	0	0	0	2.86069070931158	0	0	0	0	3.95865099373564	0	0	0	0	0	0	0	0	0	0	0	0	0	0	0	0	0	0	0	0	0	0	0	0	0	0	0	0	0	0	0	0	0	0	0	0	0	0	0	0	0	0	0	0	0	0	0	0	0	0	0	0	0	0	0	0	0	0	0	0	0	0	0	0	0	0	0	0	0	0	0	0	0	0	0	0	0	0	0	0	0	0	0	0	0	0	0	0	0	0.715894796703298	0	0	0	0	0	0	0	0.649282758673664	0	0	0	0.689101383795288	0	0	0	0	0	0	0	0	0	0	0	0	0	0.676787278451041	0	0	0.609046150249668	0	0	0	0.780612328759094	0	0	0	0	0	0	0	0	0	0	0	0	0	0	0	0	0	0	0	0	0	0	0	0	0	0	0	0	0	0	0	0	1.28601364762934	0	0	0	0	0	0	0	0	0	0	0	0	0	0
SRR16554758	7.04802236850991	4.6638602464765	3.21329140372229	2.13401445760199	2.2281243939752	2.0438275050646	0	2.13162677931129	1.90631590676443	1.7512564289599	1.89923507880442	0	1.64588973728581	2.47188871821246	1.1022080530444	0	3.06370048053574	0	0	9.30136093897553	1.69490612825386	0	5.49141126565132	0	0	0	0	0	0	0	0	0	0	0.550664519150456	0	0	0	0	0	0	0	0.613903833470824	0	0	0	1.15385011378693	0	0	0	0	0	0.913650064970701	0	0	0.346131917555043	0	0.733032558335376	0.47115608416808	0	0	0	0	0	0	0	0	0	0	0.321994389532809	0	0	0	0	0	0	0	0	0	0	0.552532707378092	0	0	0	0	0	0	0	0	0	0.722030935261446	0	0	0	0	0	0	0	0	0.552953179820588	0	0	0	0	0	0	0	0	0.397641925006719	0.484125917277207	0	0	0	0	0	0	1.08044567500664	0	0	0	0.547865689583094	0	0	0	0	0	0	0.612177582987887	0	0	0	0	0	0	0	0	0	0	0	0	0	0	0	0	0	0	0	0	0	0	0	0	0	0	0	0	0	0	0	0.879229418655585	0	0	0	0	0	0	0	0	0	0	0	0	0	0	0	0	0.424130522317381	0	0	0.611845145205226	0	0	0	1.25264978952188	0	0	0	0	0	0	0	0	0	0	0	0	0	0	0	0	0	0	2.76380790710401	0	0	0	1.20288194411321	0	0	0	1.11129895605336	0	1.12313742262978	1.08487034541805	1.11869120511469	0	0	0	0	0	0	1.34684386526996	0	1.14631749588909	1.13038745579764	0	0	1.04619765483412	0	0	0	0.752794926313114	1.15606049614598	0	1.01041437578064	0	0	0	0	0	0	0	1.04042126932121	0	0	0	0	0	1.05982940939228	0	0	0	0.782259019784022	0	0	0	0.462179337475587	0	0.339404046067804	0	0.40977674001161	0	0	0	0.420343242876682	0.501914563894197	0	0.323660676671745	0.458343497387434	0	0	0.527168732396659	0	0.413829237803222	0	0.405573620823	0	0.431414193843666	0	0.396109533170829	0	0	0	0	0	0	0.445018424383863	0	0	0	0	0	0	0	0	0	0	0	0	0	0	0	0	0	0	0	0	0	0	0	0	0	0	0	0	0	0	0	0	0	0	0	0	0	0	0	0	0	0	0	0	0	0	0	0	0	0
SRR16554759	10.1966871623268	6.51350537787191	0	0	0	0	0	0	0	0	0	6.3995127034873	0	0	0	4.78523229481645	0	0	0	0	0	0	0	0	0	0	0	0	0	0	0	0	0	3.64686023605158	0	0	0	2.5024781777429	0	0	0	3.26765777719361	0	0	0	0	0	0	0	0	0	0	0	0	0	0	0.866172166735958	3.20878971031415	0	0	0	0	0.838184316647902	0	0	0	0	0	0	0	0	0	0	0	0	0	0	16.3172486476359	0	0	0	0	0	0	0	0	0	0	0	0	0	0	0	0	0	0	0	0	0.60417298832573	0	0	0	0	0	0	0	0	0	0	0	0	0	0	0	0	0	0	0	0	0.500118923050278	0	0	0	0	0	0	0.432565738279477	0	0	0	0	0	0	0	0	0	0	0	0	0	0	0	0	0	0	0	0	0	0	0	0	0	0	0	0	0	0	0	0	0	0	0	0	0	0	0	0	0	0	0	0	0	0	0	0	0	0	0	0	0	0	0	0	0	0	0	0	0	0	0	0	0	0	0	0	0	0	0	0	0	0	0.391137606616924	0	0	0	0.846924681331311	0	0	0	0.438090176145834	0	0.39468504551591	0.39934803027335	0	0	0	0	0	0	0	0	0	0	0	0	0	0	0	0	0	0	0	0	0	0	0	0	0	0	0	0	0	0	0	0	0	0	0	0	0	0	0	0	0	0	0	0	0.410107256167508	0	0	0	0.484133927005548	0	0	0	0	0	0	0	0.243713979747489	0	0	0	0	0	0	0	0	0	0	0	0	0	0	0	0	0	0	0	0	0	0	0	0	0	0	0	0	0	0	0	0	0	0	0	0	0	0	0	0	0	0	0	0	0	0	0	0	0	0	0	0	0	0	0	0	0	0	0	0	0	0	0	0	0	0
SRR16554760	1.55231884388872	1.20485404196551	2.12923318292915	2.00424907864546	1.92962619132392	0	0.332445425233021	1.76327361655796	1.69852192949584	1.76302211215314	1.55004719839643	0	0	0	0	0	0.597433472042606	0	0	0	0	0	0	0	0	0	0	0	0.466218206387103	0	0	0	0.375251206743544	0	0	0	0	0.612433451880087	0	0	0	0	0	0	0	0	0	0	0	0	0	0	0	0	0	0	0	0	0	0	0	0	0	0	0	0	0	0	0	0	0	0.257798006534926	0.256863622716236	0.111389274317419	0	0.181523530399634	0.250285901152111	0	0.241437888488565	0	0.237536209677434	0.238810212078475	0.246221178711454	0.236740919358746	0	0	0.231780947591728	0	0.2277061053824	0	0	0.216041336973438	0.216396251909176	0	0	0	0	0	0	0	0	0	0	0	0	0	0	0	0	0	0	0	0.229715060562122	0	0.187539363456607	0	0	0	0	0	0	0	0	0	0	0	0	0	0	0	0	0	0	0	0	0	0	0	0	0	0	0	0	0	0	0	0	0	0	0	0	0	0	0	0	0	0	0	0	0	1.50656991773341	0	0	0	0	0	0	0.115750747513534	0	0	0	0	0	0	0	0	0	0	0	0	0	0	0	0	0	0	0	0	0	0	0	0	0	0	0	0	0	0.106271410772969	0	0	0	0	0	0	0	0	0	0	0	0	0.0966324926903203	0	0	0	0	0	0	0	0	0	0	0	0	0	0	0	0	0	0	0	0	0	0	0	0	0	0	0	0.0948656596258323	0	0	0	0	0	0	0	0	0	0	0	0	0	0	0	0	0	0	0	0	0	0	0	0.129625752824427	0	0	0	0	0	0	0	0	0	0	0	0	0	0	0	0	0	0	0	0	0	0	0	0	0	0	0	0	0	0	0	0	0	0	0	0	0	0	0	0	0	0	0	0	0	0	0	0	0	0	0	0	0	0	0	0	0	0	0	0	0	0	0	0	0	0	0	0	0	0	0	0	0
SRR16554761	0	0	6.03574762768857	5.00537678409796	4.24966880450357	0	0	3.64391738089613	4.09087379669496	3.50061444112115	3.9063652997928	10.7877666801683	0	0	0	5.81804508174173	2.58918909261659	0	0	7.81061423249539	0	0	0	0	0	0	2.5964746204115	0	0	0	0	0	0	0	0	0	0	0	0	0	0	0	3.30007306260919	0	1.09358701230084	0	0	1.28105697974386	0	0	0	0	0.954776122602296	0	0	1.33909331101579	1.37113030265033	0	0	2.76135680988572	0	0.960574009860357	0.331777031909418	0.792790872090692	0.965032288283406	1.03654209773788	1.24589290919688	0	0	0	1.67407430765787	0	0	0	0.914863075991003	0	0	0	0	0.280330590346506	0	0	0	0	0	0	0	0	0	0	0	0	0	0.950732629872115	0	0	1.53583060185966	0.99241518924163	0.577417703206173	0	0	0	0	0	0	0	0	0	0	0	0	0	0	0	0	0	0	0	0.380278614326041	0.491871176766515	0	0	0	0	0	0	0.399797179424888	0	0	0	0.668202048867084	0	0	0	0	0	0	0	0	0	0	0	0	0	0	0	0	0	0	0	0	0	0	0	0	0	0	0	0.736845433774107	0	0	0	0	0	0	0	0	0	0	0	0	0	0	0	0	0	0	0	0	0	0	0	0.640764508296373	0	0	0	0	0	0	0	0	0	0	0	0	0	0	0	0	0	0	0	0	0	0	0	0	0	0.618501533097279	0	0	0	0	0	0	0	0	0	0	0	0	0	0	0	0	0	0	0	0	0	0	0	0	0	0	0	0	0	0	0	0	0	0	0	0	0	0	0	0	0	0	0	0	0	0	0	0	0	0	0	0	0	0	0	0	0	0	0	0	0.584201117541018	0	0	0	0.304469181498817	0	0	0	0	0	0	0	0.736980886283071	0	0	0	0	0	0	0	0	0	0	0	0	0	0	0	0	0	0	0	0	0	0	0	0	0	0	0	0	0	0	0	0	0	0	0	0	0	0	0	0	0	0	0	0	0	0	0	0	0	0	0	0	0	0
SRR16554762	6.11256003116455	3.95079154672268	1.11429050657204	1.33909451641776	0.758804613598269	1.30418058589023	0	1.00745845309143	0.680183491937958	0.631778163479696	0.707373604600393	0	1.12939441576636	5.26355850764279	3.66704895878004	0	1.43137194175018	0	0	3.10452216219724	3.22340121783904	0	3.81131620437844	0	0	0	0.874997406417568	0.721986304848547	0.530456522385541	0	0	0	0.327679705480396	0.409903317329601	0	0	0	0	0	0	0	0.620477170772371	0.514665504793654	0	0	0.436079348712023	0	0	0	0	0	0	0	0	0.53974945864766	0	0.338367187126891	0	0	0	0	0	0	0	0	0	0	0	0.298819124656563	0.453226283489068	0	0	0	0	0	0	0	0	0	0	0	0	0	0	1.06891968633751	0.529371169584869	0	0	0	0	0	0	0	0	0.627907269793685	0	0	0	0	0	0	0	0.739461728711271	0.620496313519243	0	0	0	0	0	0	0	1.69267525916986	0	0	0	0	0	0	0	0	0	0	0	0	0	0	0	0	0	0	0	0	0	0	0	0	0	0	0	0	0	0	0	0	0.719847203581336	0	0	0	0	0	0	0	0	0	0	0	0	0	0.727132512549273	0	0	0	0	0	0	0	0	0	0	0	0	0	0	0	0	0.542694247583262	0	0	0.402348956256795	0	0	0	0.622154388220147	0	0	0	0	0	0	0	0	0	0	0	0	0	0	0	0	0	0	0	0	0	0	0	0	0	0	0	0	0	0	0	0	0	0	0	0	0	0	0	0	0	0	0	0	0	0	0	0.558194101226256	0	0	0	0	0	0	0	0	0	0	0	0	0	0	0	0	0	0	0	0.356810057978725	0.622657106269516	0	0	0	0	0	0	0	0	0	0	0	0	0.389497463138343	0	0	0	0	0	0	0	0	0	0.353903081472273	0	0.377997661739504	0	0	0.49610272817602	0	0	0	0	0	0	0	0	0	0	0	0	0	0	0	0	0	0	0	0	0	0	0	0	0	0	0	0	0	0	0	0	0	0	0	0	0	0	0	0	0	0	0	0	0	0	0	0	0	0	0	0	0	0	0	0
SRR16554763	0.510291148622447	0.862409504921765	0	0	0	2.38772222592574	0.686670933162273	0	0	0	0	0.674855364368093	1.92650784468895	0	0	0	0.647887248623429	0	0	0.423704265791072	0	3.32352565191123	0	0	0	0	0	0.844048588912313	0	0	0	0	0.459472792923604	0	0	0	0	0	0	0	0	0	0	0	0	1.19740187097382	0	0.71923787122875	0	0	0	1.00362402589091	0	0	0	0	0	0	0	0	0	0	0	0	0	0	0	0	0.593286456891204	0	0	0	0	0	0	0	0	0	0	0	0	0	0	0	0	0.27969048516554	0	0	0	0	0	0	0	0	0.570706561728045	0.580654371879899	0	0	0	0	0	0	0	0.533205681542224	0	0	0	0	0	0	0	0	0	0	0	0.541142877530932	0	0	0	0	0	0	0.62266292311725	0	0	0	0	0	0	0	0	0	0	0	0	0	0	0	0	0	0	0	0	0	0	0	0	0	0	0	0	0	0.5645738908819	0	0	0	0	0	0	0	0	0	0	0	0	0	0	0	0	0	0.820805995304215	0	0	0	0	1.03793168449149	0.477550206640145	0	0	0	0	0	0	0.462955282003652	0	0	0	0	0	0	0	0	0	0	0	0	0	0	0	0	0	0	0	0	0	0	0	0	0	0	0	0	0	0	0	0	0	0	0	0	0	0	0	0	0	0	0	0	0	0	0	0	0	0	0	0	0	0	0	0	0	0	0.844268426609436	0	0	0	0	0	0	0	0	0	0	0	0	0	0	0	0	0	0	0	0	0	0	0	0	0	0	0	0	0	0	0	0	0	0	0	0	0	0	0	0	0	0	0	0	0	0	0	0	0	0	0	0	0	0	0	0	0	0	0	0	0	0	0	0	0	0	0	0	0	0	0	0	0	0	0	0	0	0	0.399913175711158	0	0	0	0	0	0	0	0	0	0	0	0	0	0
SRR16554764	5.98999955414683	3.7784650915419	1.799208649553	1.67675156981631	1.54836699530224	3.27528235383101	0	1.41454517217223	1.25096765909883	1.23509595536266	0	0	2.34986298131759	0	0	0	0	0	0	0	0	0	0	0	0	0.593400663201964	0	0	0	0	0	0	6.51207568082314	0	0	0	0	0	0	0	0	0.753566007528435	1.76879672419371	2.09187143724423	0.749867859964417	0	0	0	0	3.96377226150013	0	0	0	0	0	0	2.14394656787749	0	0	0	0	0	0.563657032223835	0	0	0	0	0	0	0	1.29603950804063	0	0	0	0	0	0	1.77846884317159	0	1.09095560196479	0	0	0	0	3.77683840043426	0.474857670915558	0	0	0	0	0	0	0	0	0	0.687921144541425	0	0	0	0	0	0	2.68733691934979	0	0	0	0	0	0	0	0	1.42350479998278	0	0	0	0	0	0	0	0	0	0	0	0	0	0	0	0	0	0	0	0	0	0	0	0	0	0	0	0	0	0	0	0	2.60604608707661	0	0	0	0	0	0	0	0	0	0	0	0	0	0	0	0	0	0	0	0	0	0	0	0	0	0	0	0	0	0	0	0	0	0	0	0	0	0	0	0	0	0	0	0	0	0	0	0	0	0	0	0	0	0	0	0	0	0	0	0	0	0	0	0	0	0	0	0	0	0	0	0	1.23441370010431	0	0	0	0	0	0	0	0	0	0	0	0	0	0	0	0	0	0	0	0	0	0	0	0	0	0	0	0	0	0	0	0	0	0	0	0	0	0	0	0	0	0	0	0	0.688601763048686	0	0	0	0	0	0	0	0	0	0	0	0	0	0	0	0	0	0	0	0	0	0	0	0	0	0	0	0	0	0	0	0	0	0	0	0	0	0	0	0	0	0	0	0	0	0	0	0	0	0	0	0	0	0	0	0	0	0	0	0	0	0	0	0	0	0	0	0	0	0	0	0	0
SRR16554765	1.68559667984194	1.73871805745964	3.66958977285204	3.84152881647118	3.29034720928946	0.835439551549516	0	2.96390061474594	2.44590523605251	2.5116715053986	2.26946166291089	0.596188142559102	0.896534222253389	1.43115054803181	1.38277740748393	0	1.11177197859989	0	0	0	1.48213723687913	0	1.82503941998284	0	0	0	0	0	0.343843412051418	0	0	0	0	0.266439721783699	0	0	0	0	0	0	0	0	0	0	0	0	0	0	0	0.260016583512792	0	0	0	0	0.235715866355364	0	0.550883010518897	0	0	0	0	0	0.247585667930505	0	2.58841968887652	0	0.987593865628379	0	0.344692069749295	0	0	0	0	0	0	0	0	0	0	0.540268196978655	0	0	0	0	0	0.255833858393726	0	0	0	0	0	0	0	0	0	0.404662980960473	0	0	0.183352092642438	0	1.17858277989424	0	0	0	1.14030387822109	0	0	0	0	0	0	0	0	0	0	0.327197747734547	0	0	0	0	1.05228512605749	0	0	0	1.02830102777561	0	0	1.13646657847401	1.10877049192622	0	0	0	0.983305957579573	0	0	0	0	0	0	0	0	0	0	0	0	0	1.23148242925416	0	0	0	0	0	0	0	0	0	0	0	0	0	0	0	1.01665384811125	0	0	0	0	0	0	0	0	0	0	0	0	0	0	0	4.33675074449986	0	0	0	0	0	0.240894449583663	0	0	0	0	0	0	0	0	0	0	0	0	0	0	0	0	0	0	0.759098618654144	0	0	0	0	0	0	0	0	0	0	0	0	0	0	0.785814150286546	0	0	0	0	0	0	0	0	0	0	0	0.221502361582912	0	0	0	0	0	0	0	0	0	0	0	0	0	0	0	0	0	0	0	0	0	0	0	0	0	0	0	0	0	0	0	0	0	0	0	0	0	0	0	0	0	0	0	0	0	0	0	0	0	0	0	0	0	0	0	0	0	0	0	0	0	0	0	0	0	0	0	0	0	0	0	0	0	0	0	0	0	0	0	0	0	0	0	0	0	0	0	0	0	0	0	0	0	0	0	0	0	0	0	0	0	0	0	0	0
SRR16554766	0.57997729045632	0.46288779374123	0.490752550088268	0.265379562070001	0.291346770445052	0	0	0.284843490108356	0.243098521781072	0.225167838961884	0.272391524028104	0.409055986903952	0	0.393062797158988	0.249559526145215	0.338123791788844	0	0.700390700704747	0	0.114907153399696	0.288915907500114	0	0.402482754508315	0.598950987605066	0.586925370955979	0.792638129877694	0	0	0.18981164507222	0	0.712176830968368	0.723332507513122	0	0	0	0	0.707760707626677	0.260878672538487	0	0	0	0	0	0	0.224220130778651	0	0	0	0	0	0	0	0	0	0	0	0.108218870891421	0	0	0	0	0	0.310626315918116	0.255271240535392	0.205192898033268	0	0	0	0	0	0	0.433607475652293	0.438266241742879	0.67291912818107	0	0	0.397859294054967	0	0.426309297849919	0	0.400271116598774	0.406581450685441	0.394141585229339	0.41573031556422	0	0	0.381722568767584	0	0.392284640760805	0	0.551404914046206	0.371633734763763	0.351037265910363	0	0	0	0	0	0	0.291934476704553	0.0911637626941614	0.439881959833117	0	0	0.0886578548595258	0.473467562267426	0	0.058043234504067	0.1631821863557	1.08102609107926	0	0	0.297992150109303	0.394590574038292	0.319201211389448	0	0.457910773176732	0.392066161382001	0	0	0.0942624783398544	0	0	0.244612141126322	0.0884796134129565	0.400782777296079	0	0	0.0932339954340255	0.39451406440997	0	0.381918592516844	0.0876028272727191	0.397953110071838	0.423227009751596	0.43056376888381	0.496888494959207	0.393315658478557	0.426600976976225	0.429373306301066	0.375287856265325	0.416785481825719	0.403078699881413	0.411390558018565	0	0.415785919832146	0.100877896594285	0.435218815945392	0.119268460591407	0.382330491052694	0.36411852420899	0.416343714894219	0	0.390925656849839	0	0.385170027649788	0.457122027177602	0	0.360839114121249	0.397348125166394	0	0.360449168834616	0	0.402287183350687	0	0	0	0	0.37403568761728	0.361590256445705	0	0.34468899374076	0.368379042420703	0.639430622403022	0.36566078045004	0	0	0	0	0.356694951439192	0	0	0.393434437196701	0	0.668189720226973	0.673881669470682	0	0	0.336772382666378	0	0	0.671260318402937	0.680397637689789	0	0	0	0.7047655882237	0	0.568709106126291	0	0.242772077481813	0	0	0	0	0	0.559566944101386	0.245187245161757	0	0	0	0	0	0	0.601116044868164	0.669751150852476	0	0	0	0.555112067595556	0	0.557591690924061	0	0	0	0.537223454674885	0	0.233897826979392	0.261639302964142	0	0	0	0.223634331587995	0	0.625052414947462	0	0.247138424023804	0.466370634877912	0	0.620684470191905	0	0	0	0.213810870518877	0.496274197217206	0	0	0	0.515904715959515	0	0	0	0	0.51118336662203	0.349367547153493	0	0	0	0.0472380232456865	0	0	0	0	0	0	0.537022667817984	0	0	0	0.0454385896543093	0	0	0	0	0	0.176076636927715	0	0	0	0	0.101727719128488	0	0.0775452231184886	0.0711661706065024	0	0	0.319174278859484	0.173965029482624	0	0.387880509762978	0.397232140522741	0.42674006351449	0.419250843693131	0.371772908418356	0.386154786053227	0.386064605495475	0.345340117777346	0.382907918535231	0.366655356709846	0.356854323146866	0.328855040686489	0.371630360682669	0.156512303661687	0.383706925247729	0	0.340467338313755	0.330153033785265	0	0.190296758910894	0.058888945944357	0.329168720731204	0	0.283303455453554	0.301594212180171	0	0	0.288491415968218	0	0	0.339314002758121	0.249881143947883	0	0.253255664477586	0	0.194535264110772	0	0	0.0888024431255464	0.0701653892950058	0.0767288363984111	0.0750854908319582	0.0706945822497396	0	0.0790511231686996	0.0691477657992305	0.0814621608727115
SRR16554767	3.72319371932175	2.39579298939287	0	0	0	0	0.554648146030783	0	0	0	0	0	0	0.649247195253145	0.305171823643474	0	1.86887817815251	0	0	0	0	0	0.5075438566338	0	0	0	1.11314021373315	0	0	0	0	0	0	0	0	0	0	0	0	0	0	0	0	0	1.40234411839622	0	0	0	0	0	0	0	0.732087916674247	0	0	0	0.349687877559677	0	0	0.808804287377326	0	0.779631874727548	0	0.903082622506937	0.928254701207774	0.72926675427881	0.881314348837955	0	0	0	0.467510104573593	0	0	0.908930457656322	1.13113245909748	0	0	0	0	0.273454963451129	0	0	0	0	0	0.261741684017234	0	0	0	0.640819697101162	0	0	0	0	0	0	0	0	0.141017255387498	0.761896163802375	0.212256175641044	0	0	0	0.198123907149025	0	0.522108461203564	0	0	0	0.461527568928092	0	0	0	0	0	0	0	0	0.122131060467872	0.198305035048879	0.358626052067536	0.309042951408501	0	0.178078446198778	0	0.115532847337724	0.305986467972032	0.171879841810916	0	0	0	0.20499512870184	0	0	0	0	0	0	0	0	0	0	0	0	0	0.22347639129569	0	0	0	0	0	0.306598823496109	0	0	0	0	0	0	0	0	0	0.245749993501254	0	0.351732598657923	0	0.506680825749256	0.211316892262603	0	0	0	0	0	0	0	0	0.407642313033552	0	0.410776868448265	0	0	0	0	0	0	0	0	0	0	0	0	0	0	0	0	0.488553106544744	0	0.192734307657609	0	0	0	0	0	0	0	0	0	0	0	0	0.275687203639385	0	0	0	0	0	0	0	0	0	0	0	0	0	0	0	0	0	0	0	0.407621893256959	0	0	0	0	0	0	0	0.158232293185246	0	0	0	0	0	0	0	0	0	0	0.167577033578605	0.41586282455617	0.149466226419634	0	0	0	0.186935606350847	0	0.273464911270877	0	0	0	0	0	0.220523048013955	0	0	0	0.16201772176733	0	0	0	0	0	0	0	0	0.133179394617089	0	0	0.295724682864771	0	0	0	0	0	0	0	0	0	0	0	0	0	0	0	0	0	0	0	0	0	0	0	0	0	0	0	0	0	0	0	0	0	0	0	0	0	0	0	0	0	0.149519710083884	0	0	0	0.14006188318361	0	0	0	0	0	0	0	0	0	0
SRR16554768	10.8135895948228	6.09825861452214	4.34379249899582	3.42157376586225	3.78245507848986	0	1.19194543186908	2.69797604462045	2.80195590671062	2.45139473044191	2.76468876407315	1.33241656054085	0	0	0	1.84651099072676	1.38511166379619	0	0.8550098590475	0	0	0	0	0	0	0	2.60010269312439	0	0	1.70356590821286	0	0	0	0	0	0	0	0	0	0	0	0	0	0	4.65804395931494	0	0	0	0	0	0	0	5.49985309638195	0	0	0.787226475881148	0	0	0.435524949898963	0	0.397307753330596	2.65599664937904	0	2.08959203514952	2.32613982182415	2.95150047484228	2.13239990669241	0	0	0	0	0	0	2.22416397098998	2.58739820447936	3.94199882651829	0	0	0	0	0	0	0	0	0	0	0	0	0	0	0	0	0	0	0	0	0	0	0	2.14158583244767	0	0	0	0	0	0	0	0	0	0	0	0	0	0	0	0	0	0	0	0	0	0	0	0	0	0	0	0	0	0	0	0	0	0	0	0	0	0	0	0	0	0	0	0	0	0	0	0	0	0	0	0	0	0	0	0	0	0	0	0	0	0	0	0	0	0	0	0	0	0	0	0.64441006454694	0	0	0	0	0	0	0	0	0	0	0	0	0	0	0	0	0	0	0	0	0	0	0	0	0	0	0	0	0	0	0	0	0	0	0	0	0	0	0.31600692537772	0	0	0	0	0	0	0	0	0	0	0	0	0	0	0	0	0	0	0	0	0	0	0	0	0	0	0	0	0	0	0	0	0	0	0	0	0	0	0	0	0	0	0	0	0	0	0	0	0	0	0	0	0	0	0	0	0	0	0	0	0	0	0	0	0	0	0	0	0	0	0	0	0	0	0	1.37005954938448	0	0	0	0	0	0	0	0	0	0	0	0	0	0	0	0	0	0	0	0	0	0.521050383358535	0	0	0	0	0	0	0	0	0	0	0	0	0	0	0	0	0	0	0	0	0	0	0	0	0	0	0
SRR16554769	0.420499597373005	0.316695868968755	0.442736317522618	0.803873367954399	0.37806723089631	0	0	0.418365211597696	0.308616952522354	0.329370222405786	0.321208546213767	0	0	0.137143019414781	0.0940861131478176	0	0.0999587246707826	0	0	0.17098085710347	0.120469505728062	0.0755241120693136	0.454725070233351	0	0	0	0	0.0934704102547325	0.133587127366849	0	0	0	0	0	0	0	0	0	0	0	0	0	0	0	0	0	0	0.0877087098969783	0	0	0	0	0	0	0	0.162663366415543	0	0	0	0.106976056844709	0	0	0	0	0	0	0	0	0	0	0	0	0	0	0	0	0	0	0	0	0	0	0	0	0	0.0717397531930482	0	0	0	0.0919713873370371	0	0	0	0	0.396226036900318	0	0	0	0	0	0.244802585924425	0	0	0.392943696623078	0.219104445337322	0	0	0	0	0	0	0.266585757632189	0	0	0	0	0	0	0	0	0.246429430089488	0	0.0822271866729403	0	0.207464798409824	0	0	0.282464152763933	0.204988617601186	0	0	0	0.215384381822491	0	0	0	0	0	0	0	0	0	0	0	0	0	0.243366654188673	0	0	0	0	0	0.119923662803681	0	0	0	0	0	0	0	0	0	0.224090355528391	0	0	0	0	0	0	0	0.0772242952997634	0	0	0	0	0	0.158807819600453	0.256451304537783	0	0	0	0	0	0	0	0	0	0.392026980031679	0	0.0799404782602766	0	0	0	0.115210961905414	0	0	0	0	0	0	0	0	0	0.166768119696453	0	0	0	0	0	0	0	0	0	0	0	0	0.179183223558357	0	0.148695688369395	0	0	0	0	0	0.41125902268669	0	0	0	0	0	0	0	0	0	0	0	0	0	0	0	0	0	0.433944370947344	0	0	0	0.407086924059706	0	0	0	0	0.130858919768335	0	0	0	0.0612461754607974	0.393348064173506	0	0	0	0	0	0	0	0.0975732267387434	0	0	0	0	0	0.0762233395172871	0	0	0	0.0879764472310293	0	0.0909384552211416	0	0	0.13420987364667	0	0	0	0	0	0	0	0	0	0	0	0	0	0	0	0	0	0	0	0	0	0	0	0	0	0	0	0	0	0	0	0	0	0	0	0	0	0	0	0	0	0	0	0	0	0	0	0	0	0	0	0	0	0	0	0
SRR16554770	11.1362991208206	6.95302079975072	5.25752733626714	5.61881419138134	4.01545346083856	0	0.842878877474573	3.63484436201652	3.44227238916285	2.95083841933244	3.42885608799484	0	0	0	0.636322769092243	0	0	0	0	0	1.27117835316233	0	0	0	0	0	7.36473188422527	0	1.21286592452212	0	0	0	0	1.14991898037848	0	0	0	0	0	0	0	1.5536678835051	0	0	2.22772199344282	0	0	0	0	0.336188359288078	0	0	0	0	0	0	0.534399706087369	1.4275611295917	0	0	1.72227722980729	0	0	0	2.40733122602743	0	2.32037944778755	0	0	0	0	0	0	0	0	0	0	0	0	0	0	0	0	0	1.20723429756504	0.593293712356948	0	0	0	0.61908565193084	0	0	0	0	0	0.458676113234382	0	0	0.352774255915111	0	0	0	0.804990099886341	0	0	0	0.471670057266878	0	0	0	0	0	0	0	0	0.382155245890291	0	0	0	0.306277509296202	0	0	0	0	0	0	0.396843114336084	0	0	0	0	0	0	0	0	0	0	0	0	0	0	0	0	0	0.774674862431413	0	0	0	0	0	0	0	0	0	0	0	0	0	0	0	0	0	0	0	0	0	0	0	0	0	0	0	0	0	0	0	0	0	0	0	0	0	0	0.358009165446059	0	0	0	0	0	0	0	0	0	0	0	0	0	0	0	0	0	0	0	0	0	0	0	0	0	0	0	0	0	0	0	0	0	0.335407292331541	0	0	0	0	0	0	0	0	0	0	0	0	0	0	0	0	0	0	0	0	0	0	0	0	0	0	0	0	0	0	0	0	0	0	0	0	0	0	0	0	0	0.338827254418028	0	0	0	0	0	0	0	0	0	0	0	0	0	0	0	0	0	0.239901807667143	0	0	0	0	0	0	0	0	0	0	0	0	0	0	0	0	0	0	0	0	0	0	0	0	0	0	0	0	0	0.337224767556985	0	0	0	0	0	0	0	0	0	0	0	0	0	0	0	0	0	0	0	0	0	0	0	0	0	0	0	0
SRR16554771	12.3315993230531	8.31948884159253	2.97160619763383	2.75396701663896	2.79427330318898	0	0.607785663469465	2.79633972015025	2.27362736557658	2.37539970533023	2.21192615309025	0	0	2.11649586928512	2.52732054170596	2.84739856948395	1.4428272510412	0	0	0.371580601515477	2.45095688837601	0	1.79314451884616	0	0	0	0	1.01406502291078	0	0	0	0	0	0.147808779868998	0	0	0	4.67515354199163	0	0	0	0.196835981466262	0.94035418337866	0	0	0	0	0.44911303730137	0	0	0	0	0.263076364551285	0	0.587114123854632	0.349246953976554	0.386218201783437	0	0	0.665645786476665	0	0	0	0	0	0	0	0	0.341812251918942	0.453884740799918	0.597191632621564	0	0	0	0	0	0	0	0	0	0	0	0	0	0.347538083261902	3.36550429754659	0	0	0	0	0	0	0	0.310359875291895	0	0.409798373261774	0.525924717358221	0.299957962577134	0.126475029045226	0	0.18192021611559	0	0.235478990584278	0	0.191334510307962	0	0	3.32931941063239	0	0	0	0	0	0	0	0.353444003560565	0	0	0	0.126379861601803	0.198423786272819	0	0	0	0.179014646836962	0	0.121486473790515	0.257301182215968	0.176226021837146	0	0	0	0.160880174641376	0	0	0	0	0	0	0	0	0	0	0	0.235555095616171	0	0.206286350352156	0	0	0	0	0	0	0	0	0	0	0	0.329808497103364	0	0	0	0.306057843760311	0	0	0	0	0.125176147718541	0	0	0	0	0	0	0	0	0	0	2.49986222616929	0	0	0	0.297676429748657	0.725670283053584	0	0	0	0	0	0	0	0.100316228685984	0	0	0	0	0	0.113700312485236	0	0	0.252378378019282	0	0	0	0	0	0	0.271219976558364	0.276484582666226	0	0	0	0	0	0	0	0	0	0	0	0	0	0	0	0	0	0	0.253440904202877	0	0.333702613472477	0	0	0.273181193235436	0	0	0.813031615385918	0.535929162442842	0	0	0	0	0	0	0.223478889587685	0	0	0	0	0	0	0	0	0.348810520503958	0	0	0.445555153445935	0	0	0.27452299680302	0	0	0	0	0.397813962417163	0	0	0	0.414644362330698	0.316801176364157	0	0	0	0	0	0	0	0	0	0	0	0	0	0	0	0.292387929869919	0	0	0	0	0	0	0	0	0	0	0	0	0	0	0	0	0	0	0	0	0	0	0	0	0	0	0	0	0	0	0	0	0	0	0	0	0	0.225256442399614	0	0	0	0	0	0	0	0	0	0	0	0	0
SRR16554772	3.82350985637083	4.0827814913751	5.04235294577603	4.91532457007137	3.04691167031925	2.85482435866848	0	2.79182738146844	2.51529141352574	2.29863394653597	2.46900533941391	2.46065740463482	2.22990211292242	6.01045291947623	2.20770635921402	1.47131158256817	0	0	0	2.95132534514057	2.73825770055903	0	3.62009034093733	0	0	0	1.13215651999673	0.733475915350267	0.938433935618751	0	0	0	0	2.23551940544926	0	0	0	0	0	0	0	1.7889101038311	0.981163248534398	0	0.584712156635887	1.00494856153841	0	1.03243729940035	0	0	0	0.978953649766058	0	0	0	1.0780524708089	0.306708814584112	1.49666144264307	0	0.602999256305969	0	0	0	0	0	0	0	0	0	0	0	0	0	0	0	0	0	0	0	0	0	0	0	0	0.379581122680341	0.343402149024625	0	0	0	0	0	0	0	0	0	0	0	0.77581852693735	0	0	0	0	0	0	0	0	0	0	0	0	0	1.96914671345526	0	0	0	0	0	0	0	0	0	0	0	0	0	0	0	0	0	0	0	0	0	0	0	0	0	0	0	0	0	0	0	0	0	0	0	0	0	0	0	0	0	0	0	0	0	0	0	0	0.623053530443578	0	0	0	0	0	0	0.341466326006011	0	0	0	0	0	0	0	0	0	0	0	0	0	0	0	0	0	0	0	0	0	0	0	0	0	0	0	0	0	0.274626007140666	0	0	0	0	0	0	0	0	0	0	0	0	0	0	0	0	0	0	0	0	0	0	0	0	0	0	0	0	0	0	0	0.817586272471992	0	0	0	0	0	0	0	0	0	0	0	0	0	0	0	0	0	0	0	0	0	0	0.75948276510086	0	0	0	0	0	0	0	0	0	0	0	0	0	0	0	0.772466108294954	0	0	0	0	0	0	0	0	0	0	0.338131386946203	0	0	0	0	0	0.300243482849393	0	0	0	0	0	0	0	0	0	0	0	0	0	0	0	0	0	0	0	0	0	0	0	0	0	0	0	0	0	0	0	0	0	0	0	0	0	0	0	0	0	0	0	0	0	0	0	0	0	0
SRR16554773	11.079375585073	6.61247021482107	1.30180928926957	1.43471935368443	1.76519821960387	1.61448991287595	0.509300012490614	1.2583283540655	1.07268264472258	1.18218984969514	1.05871173664723	0	1.31786415498593	1.60313324652636	1.01491633827908	0	0.679284750401077	0	0	4.90545813365365	1.45215517290733	0	1.54288415040994	0	0	0	1.08438007259544	0.240256169724491	0	0	0	0	0	0	0	0	0	4.09851576364495	0	0	0	0	0	0	0.944614076411823	1.04248156220453	0	0	0	0	0	0.960703440684744	1.43751555742091	0	0	0	0.234115136305797	0	0	0	0	1.11760011022148	0.115223427057393	1.25604108535894	1.092865673138	1.11151077139169	0.833954533877155	0	0	0	0	0	0	2.31408170978437	0.840824072935254	0	0	0	0	0	0	0	0	0	0	0.273287061876079	0	0	0	0.198482104506806	0	0	0	0.565839933557848	0	0.958069405309854	0	0.342305522753854	0.29606303083247	1.06646560314868	0	0	0	0	0	0	0.180687406168126	2.22251367439429	0	0	0.19944731464825	0	0	0	0	0.674765228782284	0	0	0	0.215213028475451	0	0.530197362616694	0	1.00079622942987	0	0	0.217475784246459	0	0	0	0.512302209447337	0	0	0	0	0	0.231319536477144	0	0	0	0	0	0	0	0	0	0	0	0	0	0	0	0	0	0	0	0	0	0.248228931595576	0	0	0	0	0	0.557689088307521	0	0.193646436285534	0	0	0	0	0	0	0	0	0	0	0	0	0	0.113055360818343	0	0.214264193092445	0.623020965808395	0	0	0	0	0	0	0	0	0	0	0	0.171022583785495	0	0	0	0	0	0	0	0	0	0	0	0	0.471454812388907	0	0	0	0	0	0	0	0	0	0	0	0	0	0	0	0	0	0	0	0	0	0.0963706846388734	0	0	0	0	0	0	0	0	0	0	0	0	0	0	0.41130300481163	0	0	0	0	0	0.156947647762291	0.222523328909555	0	0	0	0	0	0	0	0.0914417221987393	0	0	0	0	0	0	0	0	0	0	0	0.202248602192852	0	0	0	0	0	0.179336370256124	0	0	0.115471216229794	0	0	0	0.162740012064572	0	0	0	0	0	0	0	0	0	0	0	0	0	0	0	0	0	0	0	0	0	0	0	0	0	0	0	0	0	0	0	0	0	0	0	0	0	0	0	0	0	0	0	0	0	0	0	0	0	0
SRR16554774	7.26576970485365	5.91006855323598	2.70980192394837	2.44010902318567	2.11237832832199	0.34100626646099	0	1.95539601415036	1.82398295345337	1.68362629652389	1.81908816412894	0	0.544723110859841	4.50461700213865	4.5813150646432	0	2.39384902159219	0	0	4.67921141371306	3.44990142453778	0	3.54327989995587	0	0	0	1.10973750747305	0.103996887965209	0	0	0	0	2.5797016151406	1.19504216439468	5.58038938497406	0	0	2.6636313271229	0.136176189741077	0	0	1.50248771510485	0	0	0.529457672265363	0.224156099584213	0	0	0	0	0	0.195459961472381	0.371427697567657	0	0	0	0.145435713738252	1.10541473830602	0	0.28214874181244	0.199711485073486	0.512586681471765	0	0	0.522542289749402	0.582590351292984	0.397127543357198	0	0	0	0.238918122280186	0	0	0	0.319503992677226	0	0	0	0	0	0	0	0	0	0	0.26424010069049	0	0.141824153424656	0	0.492002474649893	0	0	0	0.721669671951012	0	0.692337454577102	0	0.169262839068603	0	0	0	0	0	0	0	0	0.283303587608044	1.10049457477481	0	0	0.265007531880338	0	0	0	0	0.403394578058427	0	0	0	0	0	0.523652938101193	0	0	0	0	0	0	0	0	0.637159143249385	0	0	0	0	0	0.223677786777091	0	0	0	0	0	0	0	0	0	0	0	0	0	0	0	0	0	0	0	0	0	0	0	0	0	0	0	0.712728370953452	0	0.279578414698876	0	0	0	0	0	0	0	0	0	0	0	0	0	0	0	0	0.362701659487084	0	0	0	0	0	0	0	0	0	0	0	0.261699182640749	0	0	0	0	0	0	0	0	0	0	0	0	0.280483606555132	0	0	0	0	0	0	0	0	0	0	0	0	0	0	0	0	0	0	0	0	0	0	0	0	0	0	0	0	0	0	0	0	0	0	0	0	0	0	0	0	0	0	0	0	0	0	0	0	0	0	0.200794398072963	0	0	0	0	0	0	0	0	0	0	0	0	0	0.102495735705586	0	0	0	0	0	0.133617554325712	0	0	0	0	0	0	0	0	0	0	0	0	0	0	0	0	0	0	0	0	0	0	0	0	0	0	0	0	0	0	0	0	0	0	0	0	0	0	0	0	0	0	0	0	0	0	0	0	0	0	0	0	0	0	0	0
SRR16554775	0	0	0	0	0	0	0	0	0	0	0	0	0	0	0	0	0	0	0	0	0	0	0	0	0	0	48.8687783766657	0	0	0	0	0	0	0	3.88889581619737	0	0	0	0	0	0	0	0	0	0	0	0	0	0	0	0	0	0	0	0	0	1.27649932035557	0	0	0	0	0	0	0	0	0	0	0	0	0	0	0	0	0	0	0	0	0	0	2.37895368763216	0	0	0	0	2.57190483263407	0	0	0	0	0	0	0	0	0	0	0	0	0	0.680876471476038	0	0	0	1.90885972700399	0	0	0	0	0	0	0	0	0	0	0	0	0	0	0	0	0.621304264139972	0	0	0	0	0	0	0.650342276759391	0	0	0	0	0	0	0	0	0	0	0	0	0	0	0	0	0	1.71688475447684	0	0	0	0	0	0	0	0	0	0	0	0	0	0.729529005874485	0	0	0	0	0	0	0	0	0	0	0	0	0	0	0	0	0	0	0	0	0	0	0	0.62178607225485	0	0	0	0	0	0	0	0	0	0	0	0	0	0	0	0	0	0	0.787282753275151	0	0	0	0.835608329407478	0	0	0	0.934751722849821	0	0.859775701988466	0.839457580247726	0.868595571836639	0	0	0	0	0	0	0.809679136451297	0	0.839424284554225	0.829407712440741	0	0	0.778533668491972	0	0	0	0	0.861409702322993	0	0.747403617710043	0	0	0	0	0	0	0	0	0	0	0	0.613151758226802	0	0	0	0	0	0	0	0	0	0	0	0.545100145958277	0	0	0	0	0	0	0	0	0	0	0	0	0	0	0	0	0	0	0	0	0	0	0	0	0	0	0	0	0	0	0	0	0	0	0	0	0	0	0	0	0	0	0	0	0	0	0	0	0	0	0	0	0	0	0	0	0	0	0	0	0	0	0	0	0	0	0	0	0	0	0	0	0	0	0	0	0	0
SRR16554776	6.05221394891422	3.80392804184613	2.00689171136073	2.35787117829558	1.96692906352473	0	2.27769756420539	2.12943705816627	1.63911519030286	1.8777156583773	1.54682658684257	0	0	0	0	0	0	0	0	0	0	0	0	0	0	0	0.824198470393397	0	1.86434468309065	0	0	0	0	0.617352650805161	0	0	0	0	0	0	0.643039719442682	0.797586305845484	0	0.694909351018723	0.409201829176489	0	0	0.267469788133535	0	0.360861570445374	0	0	0.43115116087944	0	2.14456948610021	0.428918153549002	0.337535474267166	0.560246179268298	0	0.479509507716088	0.147133434822308	0.505784115492206	0	0.467831508670345	0.548730944298216	0.523896060728953	0.431977543647057	0	0.178559314043725	1.80740528294541	0.427874119926912	0.675673795742973	0.685135142288055	0.402852017596268	0.424425222511297	0	0.664321612544689	0	0.647366858263837	0.211815077973967	0.635939753675923	0.660779663572611	0.627105767604494	0.646073033582114	0	0.479144278613818	0.601006471084229	0.523831785638952	0.629833611796233	0.587912591067989	0.190136141533943	0.595663331583777	0.580581314396239	0.480914369706191	0	0.337992306596244	0	0.258942174757244	0.133499298475794	0	0.637316654118952	0	0	0	0.649630572053921	0.102734174961022	0.491189437287837	0	0	0.103856041936591	0.447391261517963	0	0.497652995185864	0	0.50989627125039	0.320091963267473	0.115310843281199	0	0.188427272141448	0.114024261318525	0.639170348320704	0.432972365448695	0.127304094030913	0	0.655344537337148	0	0.107251938320337	0.577829785408793	0.693478140170401	0	0.41632963255306	0	0.609928114821926	0	0	0	0.131362082404136	0	0	0	0	0	0	0	0	0	0.62675131978843	0	0	0	0	0	0.164981205645005	0	0	0	0	0	0.91745008570433	0	0	0	0.567821459243212	0	0.563746821111119	0	0.462016002404496	0	0	0	0	0	0	0	0	0	0.191743794010599	0.469744187879603	0	0	0	0.250211925925623	0.860892319549231	0.285982104720297	0	0	0.179845269041154	0	0	0.2232948085693	0	0	0	0	0	0.451519734583323	0	0	0	0	0	1.61302113532158	0.20472804747112	0.510506205910744	0.141168954954631	0.806369743468671	0	0	0.213828788032599	0.800940730402886	0	0.820663425271838	0.766424361050411	0.779765403407152	0	0	0	0	0.480286869376671	0	0.878788094979988	0	0.788463699780015	0.788385792409538	0	0	0.735734746403925	0	0	0	0	0.773366264726488	0	0.755959714547951	0	0	0	0	0	0	0	0.773673511749213	0	0	0	0	0	0.726587542789762	0	0.197328818315688	0	0	0	0	0	0.09427492075076	0	0	0	0	0	0	0	0.100187422393752	0	0	0.132394801063969	0.0920456604924834	0	0	0	0	0	0	0	0	0	0	0	0.102301465898116	0	0.126910000822638	0	0	0.0930457218440426	0	0	0	0	0	0	0	0	0	0	0	0	0	0	0	0	0	0	0	0	0	0	0.117113722846376	0	0	0	0.133217784334654	0	0	0	0	0	0	0	0	0	0	0	0	0	0	0	0	0	0	0	0	0	0	0	0
SRR16554777	1.22557114765066	1.22046870458733	1.51139670698755	1.49196388453592	1.58307155336957	0.592993120537162	0.885380668438408	1.41681635655143	1.19366378774466	1.27299414015874	1.15553790850799	0.583906454555158	0.635156572064742	0	0.169432051943121	0.559085029376176	0.790864106699103	0	2.26289706367285	0	0.495579683355541	0	0	0	0	0	0	0.154172557700262	0.261985869822104	0.45386580835172	0	0	1.35924229010842	0.153777373593199	0.405320214639675	0	0	0.581684885068705	0.476021879774047	1.29755932112652	0	0.221787791510876	1.49836702595081	0	0	0	0	0	0	0	0	0	0	0	0	0	0	0	1.25519555059351	1.05033925712248	0	0	0.237942527257803	0	0	0	0	0.528025720701744	0.881899421354214	0	0.896120843463724	0	0	0	0	0	0	0	0	0	0	0	0	0	0	0.208149722114703	0	0	0	0.65476785028493	0	0	0	0	0	1.07406500318507	0.850405222295004	0	0	0	0	0	0	0	0	0	0.604954761269034	0.483923551092609	0	0	0.679585199992564	0	0	0	0	0.813260143937354	0	0	0	0	0	0	0	0	0	0	0	0	0	0	0	0	0	0	0	0	0.280418476949888	0	0	0	0	0	0	0	0	0	0	0	0	0	0	0	0	0	0	0	0	0	0	0	0	0	0	0	0	0.447305618937118	0.551224210786936	0	0	0	0	0	0	0	0	0.320148313962394	0	0	0.530613216362522	0	0	0	0	0.723853917695092	0	0	0	0	0	0	0	0	0	1.78792399814302	0.272263781627771	0	0	0	0	0	0	0	0	0	0	0	0	0	0.542052915550626	0	0.204287416599256	0	0	0	0	0	0.949519373384166	0	0	0	0	0	0	0	0	0	0	0	0	0.290290007398219	0	0	0	0	0	0	0	0	0	0	0	0	0	0	0	0	0	0	0	0	0	0	0	0	0	0.112524003598043	0	0	0	0	0	0	0	0	0	0	0	0	0	0	0	0	0	0	0	0	0	0	0	0	0	0	0	0	0	0	0	0	0.49437916487288	0	0	0	0	0	0	0	0	0	0	0	0	0	0	0	0	0	0	0	0	0	0	0	0	0	0	0	0	0	0	0	0	0	0	0	0	0	0	0	0	0	0	0	0	0	0	0
SRR16554778	0	0	0	0	0	0	0	0	0	0	0	0	0	0	0	0	0	0	0	0	0	0	0	0	0	0	0	0	0	0	0	0	0	0	0	0	0	0	0	0	0	0	0	0	0	0	0	0	0	0	0	0	0	0	0	0	0	0	0	0	0.306359102203605	0	1.35886220840039	0	0	0	0	0	0	0	0	0.218440170947831	0.210902776781228	0	0	0	0.211230132130926	0	0.213335772794078	1.33414769106632	0.216789887228674	0.241213168753193	0.210411277959916	0.207843692310551	0	0	0.210048820728787	0	0.252091859681026	0	0	0.197317596091536	0.187128547042617	0	0	0	0	0	0	0	0	0	0	0	0	0	0	0	0	0	0	0	0	0	0	0	0	0	0	0	0	0	0	0	0	0	0	0	0	0	0	0	0	0	0	0	0	0	0	0	0	0	0	0	0	0	0	0	0	0	0	0	0	0	0	0	0	0.306584103256245	0	0	0	0	0	0	0	0	0	0	0	0	0	0	0	0	0	0	0	0	0	0	0	0	0	0	0	0	0	0	0	0	0	0	0	0	0	0	0	0	0	0.426069787668532	0	0	0	0	0	0	0	0	0.19461070296022	0	0	0	0	0	0	0	0	0.279644815665788	0	0	0	0	0	0	0	0	0	0	0.923359250192593	0	0	0	0	0	0	0	0	0.903431240837966	0	0	0	0	0	0	0	0	0	0	0	0	0	0	0	0	0	0	0	0	0	0	0.19443975351392	1.13341823804504	0	0	0	0	0	0	0	0	0.177389301826457	0	0	0	0	0.634158821549949	0	0	0	0	0.21973740076908	0	0.208715271916832	0.193162767079525	0	0	0	0	0	0	0	0	0	0	0	0	0	0	0	0	0	0	0	0	0	0	0	0.211663046822791	0	0	0	0.223430593005387	0	0	0.166443992356052	0.161890776087406	0	0	0.190719688433015	0	0	0	0	0.246942666673348	0	0	0	0.288944071869714	0.200262391838551	0.21560889880797	0	0.186712829761713	0.221243084950738	0.225737575590967	0.18739886731402	0.184027123393608
SRR16554779	1.45802672476272	1.33914166877411	2.21774457327279	2.74004226887023	2.22169046357076	3.21743413866363	1.13783593662686	2.28134837871462	1.7346186228565	5.97654206174335	1.55447964497599	0	2.72991798561043	0	0	0	6.93040755937157	0	0.142726408059085	1.44943375816687	0	0	0	0	0	0	1.00118399702805	0.972593694369387	0.694504049930683	0	0	0	0	0	0.091065193271037	0	0	0.747044728909674	0	0	0	0	0.36061300275775	0	0.606856498639623	1.74926755736975	0	0	0	0	0	1.74044566970476	0.392665887291626	0	0	0	0.274712868177758	0	0	0.262104646470966	0.128948864862117	0.335028564727372	0.524986863312225	0.327521166218347	0.356569727911953	0.455558714170591	0.391310042555359	0	1.39337258111466	0	0.237130053521105	0	0	0.262246825776038	0.37178966205201	0.797037526672475	0	0	0	0	0	0	0	0	0	0	0	0.41111271663436	0	0	0	0	0	0	0	0.666540934733031	0.21657561118752	0	0.126911695705525	0.396732284833387	0.29284392272061	0	0	0	0.297773011784296	0	0	0	0	0	0	0	0	0	0	0.61349834752058	0	0	0	0.123139375661327	0.298860361236242	0	0	0.327698700817922	0.27646911939038	0	0.114695769590535	0.324193209549219	0.276577014231856	0	0	0	0.268404510299229	0	0	0	0	0	0	0	0	0	0	0	0	0	0.282374180295831	0	0	0	0	0	0	0	0	0	0	0.0805768614424596	0.359960248850611	0	0.0952914780695652	0	0.31124791733392	0	0	0	0	0.245655031664781	0	0	0	0	0	0.129876133869791	0	0.727018565792417	0	0	0	0	0	0	0.340118344790826	0.499220117285405	0	0.168023132613795	0	0	0	0	0	0	0	0.258832336601216	0	0	0	0.212073647087625	0	0	0	0	0	0.219888361572766	0	0	0	0	0.387665795272071	0	0	0	0	0	0	0	0.133594253517879	0	0.221057921306524	0	0	0	0	0	0	0	0	0	0	0	0	0	0	0	0	0	0	0	0.182551152882525	0	0	0	0	0	0	0	0	0	0	0	1.07413923531783	0	0	0	0	0	0	0	0.135493582147881	0	0	0	0	0	0	0	0	0	0	0	0	0	0	0	0	0	0	0	0	0	0	0	0	0	0	0	0	0	0.513997491103255	0	0	0	0	0	0	0	0	0	0	0	0	0	0	0	0	0	0	0	0	0	0	0	0	0	0	0	0	0	0	0	0	0	0	0	0	0	0	0	0	0	0	0	0	0	0	0
SRR16554780	2.50209961192442	2.05087056422412	0.674680743750922	1.2167585650081	0.477697060872684	1.09455166275283	0.604778298075412	0.61359984464279	0.3676113126448	0.345160551541958	0.389405568340767	1.07567343139765	1.10985100470763	0.720475675213553	0.421152946756164	0.806545732743069	0.943749678754859	0	0.231167055679261	0	0.527780025277334	0	0.856041590461714	0	0	0	0.817355120342716	0.530867255688287	0.177187197369028	0	0	0	0	0.389359499105198	0	0	0	0.847023017031398	0.521013556659034	0.259423431777203	0	0.356896176145166	0.605567364316678	0.813607953421332	0.418158779854856	0.380235853540669	0	10.1798602903611	0	0.634558577188402	0	0.365132356392264	0.235392105567936	0	0	2.80659343732391	0	0.331247775317362	0	0.344409731642519	0	0.266881482207997	0.126722604075306	0.275879572346776	0.309991423729374	0.277020596964633	0.577145639946789	0.444132516029766	0	0	0.343407036712662	0	0	0	0.27787820931902	0	0	1.41982990422499	0	0	0	0	0	0	0	0.761937698688889	0	0	0	0	0	0	0	0	0	0.761364778239552	0.309155030640359	2.48934159762203	0	0	0	0	0	0	0	0	0	0.386086405231053	0	0	0	0	0	0	0	0.592335373438016	0	0	0	0	0	0	0	0	0	0	0	0	0	0	0	0	0	0	0	0	0	0	0	0	0	0	0	0	0	0	0	0	0	0	0	0	0	0	0	0	0	0	0	0	4.59723749229727	0	0	0	0	0	0	0.126390717298552	0	0	0	0	0	0	0	0	0	0	0.550740573937421	0	0	0	0	0.553600126253703	0	0	0	0	0	0	0	0	0	0	0.730827780641978	0	0	0.117443323582982	0	0	0	0	0	0	0	0	0	0	0.410403790998033	0	0	0	0	0	0	0	0	0	0	0	0	0	0	0	0	0	0	0	0	0	0	0	0	0	0	0	0	0	0	0	0	0	0	0	0	0	0	0	0	0	0	0	0	0	0	0	0	0	0	0.249893204001205	0	0	0.200232900216427	0	0	0	0	0	0	0	0	0	0	0.242657944012409	0	0	0	0.213261705164297	0	0	0	0	0	0	0	0	0	0	0	0	0	0	0	0	0	0	0	0	0	0	0	0	0	0	0	0	0	0	0	0	0	0	0	0	0	0	0	0	0	0	0	0	0	0	0	0	0	0	0	0	0	0	0	0	0	0
SRR16554781	8.26247856290826	5.08850827853252	4.54758702110788	3.17698183944246	2.89357527422176	0.894143336383469	0.309031969457062	2.56837542748662	2.53150707511016	2.4561782352014	2.55992985333562	0	0.684401989850664	0	0	0	2.41759877313348	0.18683104273187	0	0	0	0	0	0.148192158914001	0.141668399685035	0	2.38931222117331	0.201413890230848	0.769398771925585	0	0	0	0	0.338062437648452	0	0	0	2.78131801203759	0	0	0	0.313006392483132	1.53792505142525	0	3.0382875709386	0	0	0	0	0	0	0	1.93728221450954	0	0	0	0.109044701888041	0.293098352291137	0	0.988917771621061	0	1.94586360827913	0	2.27667654374075	2.16523586488078	2.09112590749596	2.00495548950275	0	0	0	1.00355412174759	0.442495161204654	0.417144883224031	1.88752621091179	2.13276517860353	0	0.400714672648885	0	0.413672850765357	0	0.41128341793709	0.407851073112259	0.402238177719056	0.399055357560465	0	0.485500767738836	0.389374681816981	0.391953399262782	0.392816906750933	0.624990600846007	0	0.365375654362067	0.358723460309535	0	0	0.284391548337045	0.881941842070011	0	0	1.89420808654925	0.423086867089865	0	0	0	0.427336746637991	0	0.606929075254342	0	0	0	0.669998284525281	0.458959980474257	0.31851266899271	0	0.439379329281423	0.231484518726886	0	0	0	0	0.423270449214762	0	0	1.69097265688167	0.403418039260992	0	0	0.418935017354368	0.398458928550064	0	0	0	0.372128517523253	0	0	0	0.137302723330908	0	0	0	0	0	0	0	0	0	0.415543978328892	0	0	0	0	0	0	0	0	0	0	0	0	0	0	0	0.43528897869448	0	0	0	0.549184298270997	0.104959491349774	0	0	0	0	0	0	0	0	0	0.289160592703775	0	0	0	0	0	0.248449546668535	0	0	0	0	0	0	0	0	0	0	0	0	0	0.10200502519978	0	0	0	0	0	0.32224023582135	0	0	0	0	0.175210010407604	0	0	0	0	0	0	0	0	0	0.319189668892239	0	0	0	0	0	0	0	0	0	0	0	0.334904341053823	0	0	0	0	0	0	0	0	0	0	0	0	0	0	0	0	0	0	0.295108330081834	0	0	0	0	0	0	0	0	0	0	0	0	0	0	0	0	0	0	0	0	0	0	0	0	0	0	0	0	0	0	0	0.0848904913612177	0	0	0	0	0	0	0	0	0	0	0	0	0	0	0	0	0	0	0	0	0	0	0	0	0	0	0	0	0	0	0	0	0	0	0	0	0	0	0	0	0	0	0	0	0	0	0	0	0	0	0	0	0	0
SRR16554782	3.41264813425795	2.85883437274746	2.12032997676144	3.13152444399802	1.99906042239461	2.62376498562652	0.305351179090682	2.24932198459216	1.50169412669991	1.87355869798335	1.42928039491394	0	1.95186775068664	5.93938888206528	7.18028919041524	0	0.661060355354403	0	0	5.79760284577451	4.45365041068119	3.32102262430322	4.6645695350875	0	0	0	0	0	1.12435738170593	0	0	0	0	0	0	0	0	0	0	0	0	0	0.392231470780672	0.365164689638127	0	1.0250507363282	0	0	0	0.623643317452536	0	0.971110058235373	0	0	0.367925513996118	0	0.807245608341743	0	0	0	0	0	0	0	0	0	0	0	0	0	0	1.53405206195942	1.61192031324429	0	0	0	1.4079169229504	0	1.58157054254337	0	1.3877407691981	1.4146753693848	1.40057466665261	1.57523719453823	0	0.382717946844608	1.36400839871307	0	1.36235317116297	0	0	1.26257341577848	1.24678298834372	0	0	0	0	0	0	0	0.666899798723989	0	0	0	0.698245660641093	0	0	0.701253853260555	0	0	0	0	1.09707208593763	0	1.24478831985586	0	0	0	0	0	0.613326585798325	0	0	0	0.654769660029221	0	0	0.655855106131281	0.647096810692084	0	0	0	0.653371287931751	0	0	0	0	0	0	0	0	0	0	0	0	0	0.64862085712546	0	0	0	0	0	0	0	0	0	0	0	0	0	0	0	0.567550123683003	0	0.447103588343272	0	0	0	0	0	0	0	0	0	0	0	0	0	0	0	0	0	0	0	0	0	0	0	0	0	0	0	0	0	0	0	0	0	0	0	0	0	0	0	0	0	0	0	0	0	0	0	0	0	0	0	0	0	0	0	0	0	0	0	0	0	0	0	0	0	0	0	0	0	0	0	0	0	0	0	0	0	0	0	0	0	0	0	0	0	0	0	0	0	0	0	0	0	0	0	0	0	0	0	0	0	0	0	0	0	0	0	0	0	0	0	0	0	0	0	0	0	0	0	0	0	0	0	0	0	0	0	0	0	0	0	0	0	0	0	0	0	0	0	0	0	0	0	0	0	0	0	0	0	0	0	0	0	0	0	0	0	0	0	0	0	0	0	0	0	0	0	0	0	0	0
SRR16554783	16.9262789589438	8.80998638345135	12.0754463630889	3.9391616846608	3.95176078654994	0.814757192954431	0	0	3.12206134427483	0	3.82093638482718	0	0	0	0	0	0	0	11.8179505433106	0	0	0	0	0	0	0	2.00997783898128	0	1.30536709547392	0	0	0	0	1.80620733151851	0	0	0	0	0	5.28837229776455	0.666214946342408	1.74785782800429	0	0	0	0	0	2.4565911064314	0	0	0	0	0.980118263485172	0	0	2.1632524065323	0.573596336842299	1.34647763769938	5.4897111099555	0	0	0	0	1.47533995012372	0	1.32462738445614	0	0	0	0	0	0	0	1.55636993958033	0	0	0	0	0	0	0	0	0	0	0	0	0	0	0	0	0	0	0	0	0	0	0	1.70086997977047	0	1.13180547797814	0	0	0	0	0	0	0	0	0	0	0	0	0	0	0	0	0	0	0	0	0	0	0	0	0	0	0	0	0	0	0	0	0	0	0	0	0	0	0	0	0	0	0	0	0	0	0	0	0	0	0	0	0	0	0	0	0	0	0	0	0	0	0	0	0	0	0	0	0	0	0	0	0	0	0	0	0	0	0	0	0	0	0	0	0	0	0	0	0	0	0	0	0	0	0	0	0	0	0	0	0	0	0	0	0	0	0	0	0.946974351368201	0	0	0	0	0	0	0	0	0	0	0	0	0	0	0	0	0	0	0	0	0	0	0	0	0	0	0	0	0	0	0	0	0	0	0	0	0.751929075630153	0	0	0	0	0	0	0	0	0	0	0	0	0	0	0	0	0	0	0	0	0	0	0	0	0	0	0	0	0	0	0	0	0	0	0	0	0	0	0	0	0	0	0	0	0	0	0	0	0	0	0	0	0	0	0	0	0	0	0	0	0	0	0	0	0	0	0	0	0	0	0	0	0	0	0	0	0	0	0	0	0	0	0	0	0	0	0	0	0	0
SRR16554784	3.09596500661043	2.5365889766107	1.3935451245403	1.0122484728332	1.42910692223248	0	0.305883141185464	1.21799689690579	0.783912886176181	0.923072353392199	0.778263925808613	0	0	10.043730599752	7.09332620434711	0	0.880947572907261	0	0	3.42123935886141	6.21236347974075	0	6.09691089358861	0	0	0	1.3833424890613	0.436842095609399	0.709238366117084	0	0	0	0	0	0	0	0	0	0	0	0	0	1.84536396648447	0	0.480223996499625	0	0	0	0	0	0	0	0	0	0.269644718104644	0	0.304392070698136	0	0	1.25176464856232	0.130850732135088	0	0.161315892199747	0	0.486637907694663	0	0.378415861985069	0	0.103207817373356	0.250205575526655	0.984820782177102	0	0	0	0	1.48647646565798	0	0	0	0	0	0	0	0	0.351578298601699	0.580488636267279	0	0.36090705440347	0	0.700788712012561	0	0	0	0	0	0.943631661711066	0.974675114870526	0.37007828080584	0.139173507755795	0	0	0	0.283752173046682	0	0	0	0.711527867599865	0.38777510587474	0	0	0.789832660452681	0	0	0	0	0.805491250256357	0	0	0	0.14187798995294	0	0	0	0	0	0	0.146798032389764	0	0	0	0	0	0	0	0	0	0	0	0	0	0	0	0	0	0.270445682632363	0	0	0	0	0	0	0	0	0	0	0	0	0	0.439584166153515	0	0	0	0	0	0	0	0.65474572736838	0	0	0	0	0	0	0.215375891296344	0	0	0	0	0	0	0	0	0.41754334481208	0.717910668056302	0.241146562392112	0.227469618110861	0	0	0	0	0	0.228819304493231	0.256145330814633	0	0	0	0.238221795511453	0	0.197249811239622	0	0	0	0	0	0	0	0	0	0.521138460425407	0	0	0	0	0	0.241681729250901	0.218366679650174	0	0	0	0	0	0.194588863815783	0	0	0	0	0	0	0	0	0.247693746451443	0	0	0	0.213358171445489	0.273036730964031	0	0	0	0.214489531958527	0.364038723608988	0	0	0	0	0	0	0	0	0	0	0.228158862331982	0.426578196535518	0	0	0.312188201072664	0	0	0	0	0	0	0	0.24417210370637	0.146327465098895	0	0	0.208813535399084	0	0	0	0.14354772022961	0.224149007438313	0	0.148734660445581	0	0.153140300560829	0	0.372326015049868	0	0	0	0	0	0.157987994612504	0.202359274885852	0	0	0	0	0	0	0	0	0	0	0	0	0	0	0	0	0	0	0	0	0	0	0	0	0	0	0	0	0	0	0	0	0	0	0	0	0	0	0	0	0	0	0	0	0	0	0	0	0	0
SRR16554785	1.12250997987244	1.16554173126321	2.69723931956686	2.73056845857712	2.83919478629914	2.35194076589589	0	2.9148663704669	2.31066284655171	2.69061625521944	2.080499399038	0	2.07102623052562	0	0	0	0	0	0	0	0	1.73360701151906	0	0	0	0	1.04802047381981	0	0	0	0	0	0	0	0	0	0	0	0	0	1.04108782686473	0	0	0	0.418364284205798	0.873035469591894	0	0.403086368053215	0	2.77328344449784	0	0.869711160023212	0.373990141954011	0	0	0	0.119473153456964	0	0	0	0.146840264327156	0.341997633593166	0.245815293545179	0.481748709429282	0.336988861913121	0.382648561476582	0.372629115569145	0	0	0	0	0	0	0.400547863782157	0.391429935233164	0.804400026731451	0	1.00734624399297	0	0	0	0	0	0	0	0.127871728270231	0	0	0	0	0	0	0	0	0	0.105049936050076	0	0	0	0.444299905955262	0	0	0	0	0	0	0	0	0.194320850226227	0	0.234727526477702	0	0	0	0	0	0	0	0	0	0	0	0	0.48414858112315	0	0	0	0	0	0	0	0	0	0	0	0	0	0	0	0	0	0	0	0	0	0	0	0	0.162609093805425	0	0	0	0	0	0	0	0	0	0.210586215182445	0	0	0	0	0	0	0	0	0	0	0	0	0	0	0	0	0	0	0	0	0	0	0	0.221453401589858	0	0	0	0	0	0	2.25979859703326	0	0	0	0	1.05876019299034	0	0	0	0	0	0	0	2.19541504339975	0	0	0	0	0	0	0	0	0	0	0	0	0	0	0	0	0	0	0	0	0	0	0	0	0	0	0	0	0	0	0	0	0	0	0	0	0	0	0	0	0	0	0	0	0	0	0	0.103531216246446	0	0	0	0	0	0	0	0.253999860733122	0.428763315288908	0	0.458848722190318	0.330853493812329	0	0	0	0	0	0	0	0	0	0	0	0	0	0	0.165979927395415	0	0	0	0	0	0	0	0	0	0	0.440843695542421	0	0	0	0	0	0	0	0	0	0	0	0	0	0	0	0	0	0	0	0	0	0	0	0	0	0	0	0	0	0	0	0	0	0	0	0	0	0	0	0	0	0	0	0	0	0	0
SRR16554786	0	0	0	0	0	0	0	0	0	0	0	0	0	0	0	0	0	0	0	0	0	0	0	0	0	0	0	0	0	0	0	0	0	0	0	0	0	0	0	0	0	0	0	0	0	0	0	0	0	0	0	0	0	0	0	0	0	0	0	0	0.29358073916755	0	1.16408257598778	0	0	0	0	0	0	0	0	0.187901231372148	0.183459701819764	0	0	0	0.183046621030428	0	0.185113927412411	1.04766671512181	0.190035383685544	0.211997452087352	0.181496100643408	0.183479271832258	0	0	0.182973859599951	0	0.219886909503023	0	0	0.171441415317889	0.163843514602424	0	0	0	0	0	0	0	0	0	0	0	0	0	0	0	0	0	0	0	0.147850389001388	0	0.156106376976631	0	0	0	0	0	0	0	0	0	0	0	0	0	0	0	0	0	0	0	0	0	0	0	0	0	0	0	0	0	0	0	0	0	0	0	0	0	0	0	0	0	0	0.268177364340173	0	0	0	0	0	0	0	0	0	0	0	0	0	0	0	0	0	0	0	0	0	0	0.0683049174693055	0	0	0	0	0	0	0	0	0	0	0	0	0	0	0	0	0	0	0.386570700053474	0	0	0	0	0	0	0	0	0.149859578630882	0	0	0	0	0	0	0	0	0.248267803878662	0	0	0	0	0	0	0	0	0	0	0.804102583191533	0	0	0	0	0	0	0	0	0.785263066643655	0	0	0	0	0	0	0	0.0811987044928362	0	0	0	0	0	0	0	0	0	0	0	0	0	0	0.172551659880919	1.05191304487047	0	0	0	0	0	0	0	0	0.160025278263768	0	0	0.0643530677823105	0	0.548303831884024	0	0	0	0	0.187102115264871	0	0.180025837521039	0.162691643633992	0	0	0	0.117872131747618	0	0	0	0	0	0	0	0	0	0	0	0	0	0	0.0865276826141954	0	0	0	0	0.209876141577226	0	0.0657494356689826	0	0.215061762984751	0	0	0.162595899760358	0.158102214954459	0	0.176075964226163	0.184039092372272	0	0	0	0	0.236941956908251	0.202361270041317	0	0	0.253183378457335	0.168691425184026	0.183248975195097	0.146494559141459	0.157079533790201	0.189533192469683	0.195731154790758	0.15958191466943	0.155375810760753
SRR16554787	1.5390085749738	1.99954381674745	3.27125782651889	3.17116452379846	3.19130259428485	0.660844008593673	0	2.72415236585933	2.47384670757473	2.51336240307157	2.37193773513894	4.24287684259257	0.407721623639537	2.8383957861659	3.93356533878324	3.02562681389235	0	0	3.13724465647964	2.54869785104128	2.92784369692057	0	2.3208213405371	0	0	0	1.37861908873855	0.315728719773236	0	0	0	0	0	0.257442460078233	0	0	0	0.937210335960095	0.759113037159562	1.82908411254095	0	0.411985265708125	0	0	2.63260249131719	0	0	0.543286320021137	0	0	0	0	1.02974921527753	0	0	1.63597809355961	0	0.282596601169772	1.81980630395066	0	0	1.07710176405428	0	1.21923983735656	1.39154195125989	1.03540495457878	1.55209064470607	0.745101955813207	0	0	0	0	0	1.22607654450995	1.57783794441239	0	0	0	0	0	0	0	0	0	1.50095617674964	0.31018747591053	0	0	0	0.296182020717361	0	0	0	0	0	0.380032509565968	0	0.49729984971871	0	1.07239778196363	0	0	1.10174036362164	0	0	0	0.305081110395391	1.66079019571107	0	0	0	0	0	0	0	0.329208175600273	0	0	0	0	0	0.509116803967582	0	1.03926739363366	0	0	0	0	0	0	0	0	0	0	0	0	0	0	0	0	0	0	0	0	1.09530565378852	0	0	0	0	0	0	0	0	0	0	0	0	0	0	0	0	0	0	0	0.459781344360244	0	0.91763915851333	0	0	0	0.126891657514008	0	0	0	0	0.723911436749419	0	0	0	0	0	0	0	0.338500933844283	0	0	0	0	0	0	0	0	0	0	0	0	0	0	0	0	0	0	0	0	0	0	0	0	0.278992658206069	0	0	0	0	0	0	0	0	0	0	0	0	0	0	0	0	0	0	0	0	0	1.10902894781361	0	0	0	0	0	0	0	0	0	0	0	0	0	0	0.119456515728489	0	0	0	0	0	0.2554999996184	0	0	0	0	0	0	0	0	0	0	0	0	0.193717110191196	0	0	0	0	0	0	0	0	0	0.202560463452777	0	0.201415445976065	0	0	0	0	0	0	0	0	0	0	0	0	0	0	0	0	0	0	0	0	0	0	0	0	0	0	0	0	0	0	0	0	0	0	0	0	0	0	0	0	0	0	0	0	0	0	0	0	0	0	0	0	0	0	0	0	0	0	0
SRR16554788	5.27715127846721	4.21200345093411	1.86663188155559	1.7513969737326	1.72292250946628	0.417463707259969	0.410291970416734	1.74172866706184	1.44490960340001	1.50037471676642	1.39212795305281	1.88943048751266	0.467113608022475	1.93214765350126	1.68470499877079	1.84539848876071	0.540046922203722	0	0	0	1.55906324764221	0	1.77094119823338	0	0	0	0.691228774588434	0.116263108889535	0.56003231779167	0	0	0	0	0.638597131173621	0	4.22213268283704	0	1.93448249838378	0	0	0	0.874338206915131	1.14911696600523	0	0	0.284305265993183	3.15149228212642	5.07195860507775	3.31792707708846	0	3.35282723158308	0.24567727231557	0.271262271988608	3.08107930578175	0	2.07066255993481	0.326328765028818	0.593581070169316	0	0.894133891751547	0	0.323267973744859	0.0892016222643968	0.393808438069081	0	0.382983291386318	0	0	0	0	0.804256362918099	0	0	0	0	0	0	0	0	0.21775249488235	0	0	0	0	0	0.338469544349718	0	0.218554416795537	0	0.677666190574608	0	0	0	0	0	0	0.709103024756232	1.82392871950329	0.257682100196373	0	0	0	0	0	0	0	0.606018033118078	0	0	0	0.629608398273403	0.687717019551795	0	0	0	0	0	0	0	0.235486366782412	0	0	0	0	0	0	0.382390884752402	0	0	0	0	0	0	0	0	0	0.690407162600518	0	0	0	0	0	0	0	0	0	0	0	0	0	0	0	0	0	0	0	0	0	0	0	0	0	0	0	0	0	0.57808566026986	0	0	0	0	0	0	0	0	0	0	0	0.865054636805237	0	0	0	0	0	0	0	0	0	0	0	0	0	0	0	0.0956622897161381	0	0	0	0	0	0	0	0	0	0	0.0985209574261628	0	0	0	0	0	0	0	0	0	0	0	0.390901024637391	0	0	0	0	0	0	0	0	0	0	0	0.317038157188559	0	0	0	0	0	0.278471641917731	0	0	0	0	0	0	0	0	0	0.170302165384978	0	0	0	0	0	0	0.294978622577086	0	0	0.0852233062735117	0	0	0	0	0	0	0	0	0	0	0	0	0.284865687767011	0.184753776933427	0	0	0	0.429333647163293	0	0	0	0	0	0	0	0	0	0	0	0	0	0	0	0	0	0	0	0	0	0	0	0	0	0	0	0	0	0	0	0	0	0	0	0	0	0	0	0	0	0	0	0	0	0	0	0	0	0	0	0	0	0	0	0	0	0	0	0	0	0
SRR16554789	0	0	0	0	0	1.46479372893841	0.418982430819239	0	0	0	0	0	1.5483126711939	0	0	0	0	0	0	0	0	0	0	0	0	0	3.82283697040514	0	0	0	0	0	0	0.409803744753555	0	0	0	0	0	0	0	0.341371662201972	1.38998863122519	0.649448761508175	1.97820192237004	0.868934510870001	0	1.35559808888469	0	0.513158235930148	0	0.805795789119327	1.68921768401444	0	0.332850410011203	1.45511110739857	0.102088040719262	0.321111374312114	0	1.37466176920194	0	1.53067687557781	0.0736330198312067	1.67145283298035	2.01346775845483	1.63295318260053	2.20501698672239	0	0	0.319402868363603	0.864551912929533	0.168199860427351	0.201294845739822	1.5375301677312	1.88312197554635	0	0.169046205122336	0	0.159384232278034	0	0.145048668696265	0.150475126692265	0.150036831103008	0.151422305759101	0.487605720825973	0	0.150381714962136	0	0.144099737076215	0.561030089234145	0	0.139675616562762	0.129102624450396	0	0	0.365069549767008	0.813731981637658	1.50594156024367	0	1.50227078711765	0.225161953546852	0	0.378852171764954	0	0.201956367711137	0	0.567432937038842	0	0	0	0.638121432276461	0	0	0	0.144775444481343	0.223513764277901	0	0	0.128695464785572	0	0.220877057062153	0	0.384987678497612	1.48359656942307	0.193981458612444	0	0	0.213567525428832	0.194283060323975	0	0	0	0.193014543219294	0	0	0	0.133301353729505	0	0	0	0	0	0	0	0.395737565607657	0	0.208749412696829	0	0	0	0	0	0.367946607374883	0	0	0	0	0.134476427519658	0.763355815427894	0	0	0	0.223506917518472	0	0	0	0	0.285546776918684	0	0	0.147519583202582	0	0	0	0	0	0.355778528813707	0	0	0	0	0.123884918247158	0.731820275363228	0.236853762742915	0	0	0.109721040435811	0	0	0	0	0	0	0	0.557605952631872	0	0	0.269718871561938	0	0	0	0.391227703175956	0	0	0	0.3952250354958	0	0	0	0.405451679982245	0	0.405110009248625	0.427081857548437	0.398845373588572	0	0	0	0	0	0	0.367423259801609	0	0.393428812082361	0.438679672660396	0	0	0.405639534469675	0	0	0	0	0.400252760823229	0	0.387069765739224	0	0	0	0	0.22194259184817	0	0.383449793829307	0.367819656611075	0	0	0	0	0	0.379226539454057	0	0	0	0.179251466265094	0	0	0	0	0	0	0	0	0	0	0	0	0.130391443897761	0	0	0	0	0	0	0	0.263627301200882	0	0.122221828589771	0	0.130252174346851	0	0.222289837184198	0	0	0	0	0	0	0.170935205606373	0	0	0	0	0	0	0	0	0	0	0	0	0	0	0	0	0	0	0	0	0	0	0	0	0	0	0	0	0	0	0	0	0	0	0	0.209632178644808	0	0	0	0.184129332101537	0.196931411103654	0	0	0	0	0	0	0	0	0
SRR16554790	12.891641104824	7.64562511789175	4.92870398301876	4.0111348145888	4.03618541315059	0.817096262114055	0	3.54717736681173	3.19120912199647	3.67639513877711	3.09411342391313	0	0.635034574660536	0	0	0	0	0.241385660043517	0	0	0	0	0	0.200524234803359	0.172462762816233	0	0	1.00505115046904	0.778562939635854	0	0	0	0	0	0	0	0	4.11935337125714	0.102662651772368	0	0.2685202530835	0	0.884009523122465	0.27785058040676	0	0.554353992807199	0	1.11607858313815	0	0.185895168127159	0	0.495948437643999	4.31593812232471	0	0	1.14638034339859	0.290263075632375	0	0	0.621269196861234	0	2.56773564571479	0	0	0	3.23795023174994	1.49902230108878	0	0	0	0.591913825915304	0	0.10911389106399	0	0	2.89372149790989	0	0.366717599854979	0	0	0	0	0	0	0	0.314046209168612	0	0.325190861437799	0	0.682232332049484	0	0	0	0	0	0	0.517703638507055	0.905675674537165	0.446899314073911	0	0	0	0	0	0	0	0.473289152384508	0	0	0	0.467089104738911	0	0	0	0	0	0	0	0.108727649489709	0.38172557523906	0	0	0.133505316103417	0	0	0	0.385779081236185	0	0	0	0	0	0	0	0	0	1.25638414611843	0	0	0	0	0	0	0	0	0	0	0	0	0	0	0	0.138650372171917	0	0	0	0	0	0.328798999951693	0	0	0	0	0	0	0	0.427270253507565	0.211678958547463	0	0	0	0	0	0	0	0	0	0	0	0	0	0	0.531857609015494	0	0	0	0	0	0	0	0	0	0	0	0	0	0	0.197088037563782	0	0	0.13764284613018	0	0	0	0	0	0	0.127886154170803	0	0	0	0	0	0	0	0	0	0	0	0	0	0	0	0	0	0	0	0.118602656151045	0	0.269798813643542	0.276987703387935	0	0.133365778840384	0	0	0	0.121277977036615	0	0.162696274078514	0	0	0	0	0.106974368534843	0	0.107781968305008	0	0	0	0	0	0	0.195800815911254	0	0	0.163324428737427	0	0	0	0	0	0	0	0.13851244462334	0	0	0	0.150582563454943	0	0	0	0	0	0	0	0	0	0	0	0	0	0	0	0	0	0	0	0.10675050556173	0	0	0	0	0	0	0	0	0	0	0	0	0	0	0	0	0	0	0	0	0	0	0	0	0	0	0	0	0	0	0	0	0	0	0	0	0	0	0	0	0	0	0	0	0	0	0	0
SRR16554668	7.61552990200407	6.73331766664752	2.64598797779406	1.45186271537617	1.86490858112269	0	0	1.5030074533475	1.30533610812232	1.09973021088323	1.28477543474097	0	0	9.57127518524019	6.64654903645111	0	0.884350985676759	0	0	8.79251103872958	6.56135864073392	0	6.62321090622679	0	0	0	0	0	0.305165986488451	0	0	0	2.59969944210536	0	0	0	0	0	0	0	0	0	0	0	0	0	0	0	0	0	0	0	1.24501772065633	0	0.796027512863113	0	0	0	0	0.755597482037197	0	1.17668677635137	0	0	0	1.70412138417737	0	0	0	0.624393622550414	0	0	0	0	0.570723911535875	0	0	0	0	0	0	0	0	0	0	0	0	0	0	0.495265920332219	0	0	0	0	0	0	0	0	0	0	0	0	0	0	0	0	0	0.386451603542024	0	0	0	0	0	0	0	0	0	0	0	0	0	0	0	0	0	0	0	0	0	0	0	0	0	0	0	0	0	0	0	0	0	0	0	0	0	0	0	0	0	0	0	0	0	0	0	0	0	0	2.61326700684164	0	0	0	0	0	0	0	0	0	0	0	0	0	0	0	0	0	0	0	0	0	0	0	2.23618823259426	0	0	0	0	0	0	0	0	0	0	0	0	0	0	0	0	0	0	0.946818051054413	0	0	0	1.05811994783944	0	0	0	1.07328278443119	0	1.0158544495423	1.04362252143111	0.986066006739518	0	0	0	0	0	0	0.971131975064503	0	0.984590954417505	1.05282451794365	0	0	0.969460994532806	0	0	0	1.04589702945451	1.00148433695736	0	0.922487438934885	0	0	0	0	0	0	0	0.910890634150031	0	0	0	0	0	0.892863056759725	0	0	0	0	0	0	0	0	0	0	0	0	0	0	0	0	0	0	0	0	0	0	0	0	0	0	0	0	0	0	0	0	0	0	0	0	0	0	0	0.366304056573267	0	0	0	0	0	0	0	0	0	0	0	0	0	0	0.288841255129871	0	0	0	0	0	0	0	0	0	0	0	0	0	0	0	0	0	0	0	0	0	0	0	0	0	0	0	0	0	0	0	0	0
SRR16554669	1.30172166323496	1.67411525515209	3.49721013296637	3.53124947608622	3.03800537203217	1.76817661165623	0	2.73893187612876	2.41766412125788	2.48091539391821	2.34375182500089	0	1.55982459296839	1.07946070245206	0.908277163680456	0	1.36433018709788	0	0	0	0.931034483636576	0	1.53269717609845	0	0	0	0	1.90033046209535	1.44435149442997	0	0	0	0	0.271448566572146	0	0	0	0	0	0	0	0	0	1.35770432332849	0	1.02611149966329	0.578160552260708	1.41301996132279	0	1.51920547369115	0	0.864442195575226	0.612663449436923	0	0.269515131020161	6.35790544203206	0.460980046951561	0	0	0	0	0	0	0	0	0.743055832562383	0	0	0	0.240883671657782	0	0.409917230829246	0.436674879318865	0	0	0	0.388742389126226	0	0.420674278662425	0	0.400914037115802	0.406439502564794	0.384722273898552	0.44757949918775	1.20427945771894	0.79769809465331	0.395553138922428	0	0.392704087244819	0	0	0.338883838577818	0.345862459298047	0	0	0	0	0	0	0	0	0	0.851061439460803	0	0	0	0	0	0	0	0	0	0	0	0	0	0	0	0.20517368634358	0	0	0	0	0	0	0	0	0	0	0	0	0	0	0	0	0	0	0	0	0	0	0	0	0	0.79956169189624	0	0	0	0	0	0	0	0	0	0	0	0	0.198040767516826	1.02154880309305	0	0	0	0	0	0	0	0	0.332480852830485	0	0	0	0	0	0	0	0	0	0	0	0	0	0	0.892847497273989	0	0	1.32227400970309	0	1.13738259191479	0	0	0	0	0	0.322977149936918	0	0	0	0.262784673499025	0	0	0	0.362595463960715	0	0	0	0.44717239615937	0	0	0.300545694560899	0.359924361234806	0	0.377563002322991	0.37140388199709	0.344892293703884	0	0	0.398795603560951	0	0	0	0.329098851348818	0	0.402992878652893	0.377641791773223	0	0	0.33097873340843	0	0	0	0.246093265879465	0.43349543177401	0	0.342557588335876	0	0	0	0	0.212175593105463	0	0.477968832099178	0.319043864745925	0	0	0	0	0	0.359973491913463	0	0	0	0.176148130779636	0	0	0	0.13915001323449	0	0	0.255724404731703	0	0	0	0	0	0	0	0	0	0	0	0	0	0	0	0	0	0	0	0	0	0	0.173176805718465	0	0	0	0	0	0	0	0	0	0	0	0	0	0	0	0	0	0	0	0	0	0	0	0	0	0	0	0	0	0	0	0	0	0	0	0	0	0	0	0	0	0	0	0	0	0	0	0	0	0	0	0	0	0
SRR16554670	8.2591106646516	4.79975119900731	5.97964510359761	4.52729023590129	4.45741784746886	3.11365527773575	1.72654351117126	3.59111300025754	3.85901714288121	3.32809785524468	3.87078778596183	0	2.73237694586756	1.63133525792064	0	0	1.22137764863281	0	0	0	0	0	0	0	0	0	0	1.6104333602743	0.998913700037809	0	0	0	0	0	0	0	0	0	0	0	0	0	0.380400756469811	1.2293058995611	0	1.74743930576265	0	0	0	0.701112700760948	0	1.48235433933276	0	0	0.312160816482514	0	0.215387110428152	0	0	0	0	0	0	0	0	0	0	0	1.67076108098939	0	0	0.537650885624756	0.550480497648673	0	0	0	0.5235660739638	0.684039445583906	0.539129168883015	0.448095303315562	0.505119284814117	0.507204850809136	0.496593163375719	0.62507019246291	0	0.828580666956213	0.51053418569166	0	0.49102985829663	0	0	0.441056689961114	0	0	0	0	0	0	0	0	1.57268581547088	0	0	0	1.56978585130347	0	0	0	0	0	0	0	0	0	0	0	0	0	0	0	1.49205342872117	0	0	0	1.58189436605321	0	0	1.3526168093412	1.43642513109993	0	0	0	1.39688744731021	0	0	0	0	0	0	0	0	0	0	0	0	0	1.42732936661888	0	0	0	0	0	0	0	0	0	0	0	0	0	1.95013834384115	0	1.29129758101498	0	0	0	0	0	0	0	0	0	0	0	0	0	0	0.905626889421103	0.280600501756585	0	0	0	0	0	0	0	0	0.507142642573358	0	0	0	0	0	0.943609617676749	0	0	0	0	0	0	0	0	0	1.05556140656881	0	0	0	0	0	0	0	0	0	0	0	0	1.48613870577419	0	1.05986334521991	0	0	0	0	0	0.507241631017428	0	0	0	0	0	0	0	0	0	0	0	0	0	0	0	0	0	0.470478071101028	0	0	0	0.493656631296924	0	0	0	0	0	0	0	0	0	0.439360017863479	0	0	0.49175352551453	0	0	0	0	0	0	0	0	0	0	0	0	0	0	0	0	0	0	0	0	0	0	0	0	0	0	0	0	0	0	0	0	0	0	0	0	0	0	0	0	0	0	0	0	0	0	0	0	0	0	0	0	0	0	0	0	0	0	0	0	0	0	0	0	0	0	0	0	0	0	0	0	0	0	0	0
SRR16554671	2.06067649928738	1.78659704635767	4.21406416044963	2.8901813999738	2.94267689990293	1.68715902704252	11.9228591074231	2.43247363787133	2.49267647827332	2.31524992250809	2.74324062807899	0	3.15265422698128	0	0	0	2.48879723316625	0	0	0	0.517107671047484	3.25961536647875	0	0	0	0	1.51424796642535	0	2.08702773377378	3.9246303477419	0	0	0	0	7.39441215905243	0	0	0	0	0	0	0.468626112181045	0	0	0	0.702068855680612	0	0	0	0	0	0.659646414677716	0	0	0.65717976867883	0	0.289038363942757	0	0	0.769100712546454	0.415726013503251	0	0	0	0	0	0	0	0.614691491877933	0.531705233024699	0.764547355118479	0.429707239449834	0.419951906037436	0	0	0	0	0	0	0	0	0	0	1.75636748402346	0	0.315233037380298	0	0	0	1.16532443415606	0	0	0	0	0.447537039167944	0	0	0.510998839959607	0	0	0	0	0	0.446041771545486	0	0	0.948082437192929	0	0	0	0.786578235797803	0	0	0	0	0	0	0	0	0	0	0	0	0	0	0	0	0	0	0	0	0	0	0	0	0	1.71662218269013	0	0	0	0	0	0	0	0	0	0	0	0	0	0	0	0	0	0	0	0	0	0	0	0	0	0	0	0	0	0.813190653635211	0	0	0	0	0	0	0	0	0	0	0	0	0	0	0	0	0	0	0	0	0	0	0	0	0	0	0.546752830954632	0	0.824296844141272	0	0	0	0	0	0	0	0	0	0	0	0	0	0	0	0	0	0	0	0	0	0	0	0	0	0	0	0	0	0	0	0	0	0	0	0	0	0	0	0	0	0	0	0	0	0	0	0	0	0	0	0	0	0	0	0	0	0	0	0	0	0	0	0	0	0	0	0	0	0	0	0	0	0	0	0	0	0	0	0	0	0	0	0	0	0	0	0	0	0	0	0	0.324403972485467	0	0	0	0	0	0	0	0	0	0	0	0	0	0	0	0	0	0	0	0	0	0	0	0	0	0	0	0	0	0	0	0	0	0	0	0	0	0	0	0	0	0	0	0	0	0	0
SRR16554672	17.4688641062015	9.15246769695232	2.52142055853355	3.43660186159003	3.32287598461567	0	0	3.09645116181709	2.31782900515456	2.68082661612843	2.05514417703052	0	0	0	0	0	1.16393232176597	0.614861346409264	0	0	0	3.44434132390859	0	0.427688203970438	0.445811087757671	0	0	0	0	0	0	0	0	0	0	0.529293906455782	0	0	0	0	0	0	0	1.03555426890623	0	0	0	0	0	1.58799049124874	0	0	0	0	0.374977737132894	0	2.00737138755191	0	0	0.432991776893746	0	0	0	0	0	0	0	0	0	0	0	0	0	0	0	0	0	3.26265256765741	0	0	0	0	0	0	0	0	0	0	0	0	0	0	0	0	0	0	0	0	0.940455642186756	0	0	0	0	0	0	0	0	0	0	0	0	0	0	0	0	0	0	0	0	0.696674691474808	0	0	0	0	0	0	0.678590976478216	0	0	0	0	0	0	0	0	0	0.503845631793621	0	0	0	0	0	0	0	0	0	0	0	0	0	0	0	0	0	0	0	0	0	0	0	0	0	0	0	9.42091694919944	0	0	0	0	0	0	0	0	0	0	4.44812423632513	0	0	0	0	0	0	0	0	0	0	0	0	0	0	0	0	0	0	0	0	0	0	0	0	0	0.600977404617163	0	0	0	0.637954915157416	0	0	0	0.671298160517993	0.392930758289477	0.649180070283191	0.647101593967834	0.686215566858686	0	0	0	0	0	0	0.609950199900439	0	0.631251679570432	0.612046821669249	0	0	0.612320418714277	0	0	0	0	0.616715764519092	0	0.559512151020347	0	0	0	0	0	0	0	0.535202992000392	0	0	0	0	0	0.555457421538439	0	0	0	0	0	0	0	0.564904778092027	0	0	0	0	0	0	0	0	0	0	0	0	0	0	0	0	0	0	0	0	0	0.507392654858739	0	0	0	0	0	0	0	0	0	0	0	0	0	0	0	0	0	0	0	0	0	0	0	0	0	0	0	0	0	0	0	0	0	0	0	0	0	0	0	0	0	0	0	0	0	0	0	0	0	0	0	0	0	0	0	0	0	0
SRR16554673	0	0	0	0	0	0	0	0	0	0	0	0	0	0	0	0	0	0	0	0	0	0	0	0	0	0	0	0	0	0	0	0	0	0	4.02010411870746	0	0	0	0	0	0	0	0	0	0	0	0	0	0	0	0	0	0	0	0	0	1.25206791680052	0	0	0	0	0	0	0	0	0	0	0	0	0	0	0	0	0	0	0	0	0	0	0	0	0	0	0	0	0	0	0	0	0	0	0	0	0	0	0	0	0	1.08987161421625	0	0	0	0	0	0	0	0	0	0	0	0	0	0	0	0	0	0	0	0	0.850667593683729	0	31.2645408964823	0	0	0	0	0.756079727189472	0	0	0	0	0	0	0	0	0	0	0	0	0	0	0	0	0	0	0	0	0	0	0	0	0	0	0	0	0	0	0	0	0	0	0	0	0	0	0	0	0.592277576269564	0	0	0	0	0	0	0	0	0	0	0	0	0	0	0	0	0	0	0	0	0	0	0	0	0	0	20.733066639312	0	0	0.490675117583293	0	0	0	0	0	0	0	0	0	0	0	0	0	0	0	0	0	0	0	0	0	0	0	0	0	0	0	0	0	0	0	0	0	0	0	0	0	0	0	0	0	0	0	0	0	0	0	0	0	0	0	1.89681442433598	0	0	0	0	0	0	0	0	0	0	0	0	0	0	0	0	0	0	0	0	0	0	0	0.430287983667059	0	0	0	0	0	0	0	0	0	0	0	0	0	0	0	0	0	0	0	0	0	0	0	0	0	0	0	0	0	0	0	0	0	0	0	0	0	0	0	0	0	0	0	0	0	0	0	0	0	0	0	0	0	0	0	0	0	0	0	0	0	0
SRR16554674	43.3222889834001	13.6061993227781	0	0	0	0	14.5916347087039	0	0	0	0	0	0	0	0	0	0	0	0	0	0	0	0	0	0	0	0	0	0	0	0	0	0	1.50725791972516	0	0	0	0	0	0	0	1.15764870603193	0	0	0	0	0	0	0	0	0	0	0	0	0	0	1.03534565849099	1.07093588221187	0	0	0	0	0	0	0	0	0	0	0	0	0	0	0	0	0	0	0	0	0	0	0	0	0	0	0.482856491254427	0	0	0	0	0	0	0	0	0	0	0	0	0	0	0	0	0	0	0	0	0	0	0	0	0	0	0	0	0	0	0	0	0	0	0	0	0	0	0	0	0	0	0	0	0	0	0	0	0	0	0	0.427643120541352	0	0	0	0	0	0	0	0	0	0	0	0	0	0	0	0	0	0	0	0	0	0	0	0	0	0	0	0	0	0	0.801407163103783	0	0	0	0	0	0	0	0	0	0	0	0	0	0	0	0	0	0	0	0	0	0	0	0	0	0	0	0	0	0.640431249620449	0	0	0	0	0	0	0	0	0	0	0	0	0	0	0	0	0	0	0	0	0	0	0	0	0	0	0	0	0	0	0	0	0	0	0	0	0	0	0	0	0.512532590378375	0	0	0	0	0	0	0	0	0	0	0	0	0	0	0	0	0.351288448824186	0	0.932910443088231	0.970662001613762	0	0	0	0	0	0	0	0	0	0	0	0	0	0	0	0	0	0	0	0	0	0	0	0	0	0	0	0	0	0	0	0	0	0	0	0	0	0	0	0	0	0	0	0	0	0	0	0	0	0	0	0	0	0	0	0	0	0	0	0	0	0	0	0	0	0	0	0	0	0	0	0	0	0	0	0	0
SRR16554678	0.703571893833205	0.723869564861702	0	0	0	0	0	0	0	0	0	0.544552366694265	0	0	0	0	0	0	0	0	0	0	0	0	0	0	0	0.678527171061183	0	0	0	0	0	0	0	0	0	0	0	0	0	0	0	0.705193698263674	0	0	0	0	0	0.81245619452186	0	0	0	0	0	0	0	0	0	0	0	0	0	0	0	0	0	0	0.54593618599242	0	0	0	0	0	0	0	0	0	0	0	0	0	0	0	0	0	0	0	0	0	0	0	0	0	0	0	0	0	0	0	0	0	0	0	0	0	0	0	0	0	0	0	0	0	0	0	0	0	0	0	0	0	0	0	0	0	0	0	0	0	0	0	0	0	0	0	0	0	0	0	0	0	0	0	0	0	0	0	0	0	0	0	0	0	0	0	0	0	0	0	0	0	0	0	0	0	0	0	0	0	0	0	0	0	0	0	0	0	0	0	0	0	0	0	0	0	0	0	0	0	0	0	0	0	0	0	0	0	0	0	0	0	0	0	0	0	0	0	0	0	0.597216110275679	0	0	0	0	0	0	0	0	0	0	0	0	0	0	0	0	0	0	0	0.920307008567958	0	0	0	0	0	0	0	0	0	0	0	0.626772802775765	0	0	0	0	0	0	0	0	0	0	0	0	0	0	0	0	0	0	0	0	0	0	0	0	0	0	0	0	0	0	0	0	0	0	0	0	0	0	0	0	0	0	0	0	0	0	0	0	0	0	0	0	0	0	0	0	0	0	0	0	0	0	0	0	0	0	0	0	0	0	0	0	0	0	0	0	0	0	0	0	0	0	0	0	0	0	0	0	0	0	0	0	0
SRR16554679	4.26891619108884	4.15438082947335	3.81510629256176	4.80534023453286	3.36917328780877	1.13418490955424	0	3.76174955645343	2.96320949310917	2.95184868737757	2.6965877352309	1.214680174792	1.00726965449553	0	0	1.41926625919439	0	0	0	0	0	0	0	0	0	0	1.99295102891605	0.742149620179616	0.532669828576044	0	0	0	10.6107159247251	0	0	0	0	0	0	0	0	0	0	0.662298765651557	0	0.645506847738767	0	0.666061326381137	0	1.05136075528487	0	0	2.56797560440242	0	0	0	0	0	0	0	0	7.07587103248049	0	0	0	2.54127600952667	0	0	0	0	0	0	0	0	0	0	0	0	0	0	0	0	0	0	6.25955833774197	0	0	0	0	0	0	0	0	0	0	0	0	0	0	0	0	0	4.39709727945431	0	0	0	0	0.589649973723014	0	0	0	0	0	0	0	0	0	0	1.79916958505399	0	0	0	0	0	0	0	0	0	0	0	0	0	0	0	0	0	0	0	0	0	0	0	0	0	4.29853391039462	0	0	0	0	0	0	0	0	0	0	0	0	0	0	0	0	0	0	0	0	0	0	0	0	0	0	0	0	0	0	0	0	0	2.03611284310307	0	0	1.3349066180264	0	0	0	0	1.52529568287259	0	0	0	0	0	0	0	0	0	0	0	0	0	0	0	0	0	1.35640577515313	0	0	0	0	0	0	0	0	0	0	0	0	0	0	0	0	0	0	0	0	0	0	0	0	0	0	0	0	0	0	0	0	0	0	0	0	0	0	0	0	0	0	0	0	0	0	0	0	0	0	0	0	0	0	0	0	0	0	0	0	0	0	0	0	0	0	0	0	0	0	0	0	0	0	0	0	0	0	0	0	0	0	0	0	0	0	0	0	0	0	0	0	0	0	0	0	0	0	0	0	0	0	0	0	0	0	0	0	0	0	0	0	0	0	0	0	0	0	0	0	0	0	0	0	0	0	0	0	0	0	0
SRR16554680	15.823877142424	10.685154708979	4.71860195071088	4.91190607027023	5.55782684723279	1.95977130128135	3.38877728993104	5.36774904257147	3.62869378672553	4.74724321056966	3.29967248416318	0	1.75650402717696	0	0	0	0	0	0	0	0	0	0	0	0	0	3.77892840049256	0	1.39200400062896	0	0	0	0	0	0	0	0	0	0	0	0	0	0	1.22071925721461	1.84917554631673	1.13409729806282	0	1.05573721025263	0	0.784089775982194	0	0.910330736829469	3.39964107273767	0	0	0	0	0	0	0	0	3.18252716105035	0	1.94632303683917	2.04304479520628	4.30538329103694	1.82143149681782	0	0	0	0	0	0	0	0	0	0	0	0	0	0	0	0	0	0	0	0	0	0	0	0	0	0	0	0	0.431575557059061	0	0	0	0	0	0	0	0	0	0	0	0	0	0	0	0	0	0	0	0	0	0	0.969686757982181	0	0	0	0	0	0	0	0	0	0	0	0	0	0	0	0	0	0.640839684681253	0	0	0	0	0	0	0	0	0	0	0	0	0	0	0	0	0	0	0	0	0	0	0	0	0	0	0	0	0	0	0	0	0	0	0	0	0	0	0	0	0	0	0	0	0.745318656653272	0	0	0	0	0.737308473627338	0	0	0	0	0	0	0	0	0	0	0	0	0	0	0	0	0	0.620905806127892	0	0	0	0	0	0	0	0	0	0	0	0	0	0	0	0	0	0	0	0	0	0	0	0	0	0	0	0	0	0	0	0	0	0	0	0	0	0	0	0	0	0	0	0	0.587270405584077	0	0	0	0	0	0	0	0	0	0	0	0	0	0	0	0	0	0	0	0	0	0	0	0	0	0	0	0	0	0	0	0	0	0	0	0	0	0	0	0	0	0	0	0	0	0	0	0	0	0	0	0	0	0	0	0	0	0	0	0	0	0	0	0	0	0	0	0	0	0	0	0	0	0	0	0	0	0	0	0	0	0	0	0	0	0
SRR16554681	2.40351431874502	2.46234326501749	1.29473342405667	0.955962382428355	0.957850468027702	2.13648750905026	0.785057469555689	1.07238765546053	0.765388452931147	0.717388328751922	0.670999066674228	1.3968089742019	1.89508393872827	0	0	1.0364438316626	1.08410115800666	0	0	1.60101146165643	0	0	0	0	0	0	0	1.78224098378147	0.890871611051769	0	0	0	6.32870738521793	0.372564875652878	0	2.28585932872548	0	0	0	0	0	0	0	0.753438405737554	0	1.22669739500155	1.84821907970344	0	1.79320935040049	0.326144742718852	1.83552356644377	1.03945261174967	0	1.73667366298302	0	0	0.429919615375704	0	0	0	0	0	0	0	0	0	0	0	0.627114304923689	0	0	0	0	0	0	0	0	0	0	0	0	0	0	0	0	0.25055500635128	0	0	0	0	0	0	0	0	0	0	0	0	0	0	0.513657212405381	0	0	0	0.469902084953644	0	0	0.317983032656125	0	0	0	0	0	0	0	0	0	0	0	0	0.436378772035063	0	0	0	0.436665015498491	0	0	0.444139706000366	0.443659403632677	0	0	0	0.424132819154742	0	0	0	0	0	0	0	0	0	0	0	0	0	0.42468739085217	0	0	0	0	0	0	0	0	0	0	0	0	0	0	0	0.426301329485907	0	0	0	0	0	0	0	0	0	0	0	0	0.453609370735582	0	0	0.668291958221488	0	0	0	0	0	0	0	0	0	0	0	0	0	0	0	0	0	0	0	0	0	0	0	0	0	0	0	0	0	0	0	0	0	0	0	0	0	0	0	0	0	0	0	0	0	0	0	0	0	0	0.742660601230252	0	0	0	0	0	0	0	0	0	0	0.418939322897737	0	0	0	0	0	0	0	0	0.402908165911859	0	0	0	0	0	0	0	0	0	0	0	0	0	0	0	0	0	0	0	0	0	0	0	0	0	0	0	0	0	0	0	0	0	0	0	0	0	0	0	0	0	0	0	0	0	0	0	0	0	0	0	0	0	0	0	0	0	0	0	0	0	0	0	0	0	0	0	0	0	0	0	0	0	0	0	0	0	0	0	0	0	0	0	0	0	0
SRR16554684	7.31402643196107	3.71840382824811	3.29522510132223	3.01732613444943	2.86306599791484	7.12592247474131	0	2.73138652086401	2.30510933031377	2.55152787620907	2.24982544881991	0	3.45880244143656	0	0	0	0.927092514594721	0	0	4.86861287843061	0	0	0	0	0	0	0	0.355884801538574	0.563676942767217	0	0	0	0	0	0	0	0	0	0	0	0	0	0.780220848651882	0	0	1.2855917206893	0	0.969814612730482	0	0	0	1.16375256595505	0	0	0.378666546872431	0.902800551426967	0.347874305616286	0	0	0.405902612247706	0.260204930913177	0	0	0	0	0	0	0	0.281835785678903	0.342588824866087	0.450584387528714	0	0.32629166803337	0.546768140130766	0	0	0	0	0	0.257016364702578	0.406631277669949	0	0	0	0	0	0	0	0	0	0	0	0	0	0	0	0	1.57608628704336	0	0.491450416087824	0.34242632024614	0	0	0	0.335083059728091	0	0	1.37131669260051	0	0	0	0	0	0	0	0	0	0	0	0	0	0	0.724971272598827	0	0.346119342665829	0	0	0	0.315330661256761	0	0	0	0	0	0	0	0	0	0	0	0	0	0	0	0	0	0	0	0	0	0	0	0.705072391453862	0	0	0	0	0	0	0	0	0	0	0	0	0	0	0	0	0	0	0	0	0	0	0	0.57229476085736	0	0	0	0	0	0	0	0	0	0	0	0	0	0	0	0	0	0	0	0	0	0	0	0	0	0	0	0	0	0	0	0	0	0	0	0	0	0	0	0	0	0	0	0	0	0	0	0	0	0	0	0	0	0.38665903739535	0	0	0	0	0.816801909524302	0	0	0	0	0	0	0	0	0	0	0	0	0	0	0.434560990512976	0.246218314344909	0	0	0	0.76215716135348	0	0	0	0	0	0	0	0.469914029029039	0	0	0	0.477220476067938	0	0	0	0	0	0	0	0	0	0	0	0.230562356733074	0	0	0	0	0	0	0	0	0	0	0	0	0	0	0	0	0	0	0	0	0	0	0	0	0	0	0	0	0	0	0	0	0	0	0	0	0	0	0	0	0	0	0	0	0	0	0	0	0	0	0	0	0	0	0	0
SRR16554687	6.43089201921633	4.14654287290161	2.46843694631971	2.0059641126736	2.00707868908073	2.73144932227037	0	1.94543860817438	1.70493741217811	1.64226479528002	1.58521691253872	1.78227431876614	2.44083231018695	3.13212699275992	3.34058258245094	1.66223099374374	0	0	0	0	2.18912462481527	0	1.91682227789141	0	0	0	0	0.66610403862317	0.629118188968993	0	0	0	0.513708313646711	0.573023880529677	3.16915583857999	0	0	0	5.99978620387703	0	0.811153275694448	0	0	0	0	0	0	0	0	0	0	0	0	0	0	0	0.317658995186315	0	0	0	0	0	0	0	0	0	0	1.72616471802782	0.290535260400155	0	0	0	0	0	0	1.67558783783752	0	0	0	0	0	0	0	0	2.11093350594402	0	0	0	0	0	0	0	0	0	0	0	0	0	0	0	0	0	1.14331180024081	0	0	0	0.58518831028821	0	0	0	0	0	0	0	0	0	0	0	0	0	0	0	0.563379123652603	0	0	0	0	0	0	0	0.596605010567691	0	0	0	0	0	0	0	0	0	0	0	0	0	1.15740978231335	0	0	0	0	0	0	0	0.590894193975716	0	0	0	0	0	0	0	0	0	0	0	0	0	0	0	0	0	0	0	0	0	0	0.906803698064758	0.462946918728002	0	1.49630288692111	0	0	0	0	0	0	0	0	0	0	0	0	0	0	0	0	0	0	0	0	0	0	0	0	0	0	0	0	0	0	0	0	0	0	0	0	0	0	0	0	0	0	0	0	0	2.53067017158757	0	0	0	0	0	0	0	0	0	0	0	0	0	0	0	0	0	0	0	0	0	0	0	0	0	0	0	0	0	0	0	0	0	0	0	0	0	0	0	0	0	0	0	0	0	0	0	0	0	0	0	0	0	0	0	0	0	0	0	0	0	0	0	0	0	0	0	0	0	0	0	0	0	0	0	0	0	0	0	0	0	0	0	0	0	0	0	0	0	0	0	0	0	0	0	0	0	0	0	0	0	0	0	0	0	0	0	0	0	0	0
SRR16554689	1.40734214316123	1.9024585739132	4.17219122548002	3.2341813683431	3.15834167983217	3.30116413679449	0.580161778921255	2.83632379951379	2.77205443481423	2.77719415505493	2.64019936460833	1.52647222716277	2.22323910815601	1.54066715948854	1.12297182006685	1.05906224162096	0	0	0	3.10581030921388	1.14298367924534	1.42793146266036	0	0	0	0	0	0	0	0	0	0	0	0	0	0	0	0	0	0	0	0	1.37253693465864	0	0	0	0	0	0	0	0	0	0	0	1.19234257067247	0	0	0	0	0	0	0	0	0	0	0	0	0	1.1126423223217	1.00770380303453	0	0	0	0	0	0	0	0	0	0	0	0	0	0	0.539810328588879	0	0	0	0	0	0	0	0	0	0	0	0	0.510043239716424	0	0	0	0	0	0	0	0	0	0	0	0	0	1.34669965818937	0	0	0	0	0	0	0.420636442948911	0	0	0	0	0	0	0	0	0	0	0	0	0	0	0	0	0	0	0	0	0	0	0	0	0	0	0	0	0	0	0	0	0	0	0	0	0	0	0	0	0	0	0	0	0	0.621005924359154	0	0	0	0	0	0	0	0	0	0	0	0	0.698336393797255	0	0	0	0	0	0	0	0	0	0	0	0	0	0	0	0	0	0	0	0	0	0	0	0	0	0	0	0	0	0	0	0	0	0	0	0	0	0	0	0	0	0	0	0	0	0	0	0	0	0	0	0	0.347353420634381	0	0	0	0	0	0	0	0	0	0	0	0	0	0	0	0	0	0	0.645308990056872	0	0	0	0	0	0	0	0	0	0	0	0	0	0	0	0	0	0	0	0	0	0	0	0	0	0	0	0	0	0	0	0	0	0	0	0	0	0	0	0	0	0	0	0	0	0	0	0	0	0	0	0	0	0	0	0	0	0	0	0	0	0	0	0	0	0	0	0	0	0	0	0	0	0	0	0	0	0	0	0	0	0	0	0	0	0
SRR16554691	2.93966589845303	3.80317106745627	4.19995345531136	4.44267139751332	3.1297584775016	2.0784674497526	0	2.69482486396058	2.99258419123762	2.59887771242948	3.29073663201429	5.32498906970361	1.47840883810962	4.2513633024551	6.308719671713	2.860753337921	0	0	0	0	4.19584689588921	0	3.53141391940721	0	0	0	0	0	0.680159076968582	1.43079740403639	0	0	0	0	0	0	0	0	0	0	0	0	0	0	0	0	0	0	0	0	0	0	0	0	0	0	0	0	0	0	0	0	0	0	0	0	0	0	1.90066175306022	0	0	0	0	0	0	0	0	0	0	0	0	0	0	0	0.472886157217451	0	0	0	0	0	0	0	0	0	0	0	0	0	0	0	0.978840402851897	0	0	0	0.94346443548727	0	0	0	0	0	0	0	0	0	0	0	0	0	0.561742169953075	0	0.883845903571133	0	0	0	0.869572810319775	0	0	0.78669778055146	0.831349598397294	0	0	0	0.85182674627131	0	0	0	0	0	0	0	0	0	0	0	0	0	0.873170773281473	0	0	0	0	0	0	0	0	0	0	0	1.43151544716415	0	0	0	0.748992928894795	0	0	0	0	0	0	0	0	0	0	0	0	0	0	0	0	0	0	0	1.21848545911611	0	0	0	0.496501894237782	0	0	0	0	0	0	0	0	0	0	0	0	0	0	0	0	0	0	0	0	0	0	0	0	0	0	0	0	0	0	0	0	0	0	0	0	0	0	0	0	0	0	0	0	0	0	0	0	0	0	0	0	0	0	0	0	0	0	0	0	0	0	0	0	0	0	0	0	0	0	0	0	0	0	0	0	0	0	0	0	0	0	0	0	0	0	0	0	0	0	0	0	0	0	0	0	0	0	0	0	0	0	0	0	0	0	0	0	0	0	0	0	0	0	0	0	0	0	0	0	0	0	0	0	0	0	0	0	0	0	0	0	0	0	0	0	0	0	0	0	0	0	0	0	0	0	0	0	0
SRR16554698	0	0	0	0	0	1.51578017544251	0	0	0	0	0	0	1.34895772782312	0	0	0	0	0	0	0	0	0	0	0	0	0	0	1.7523721860671	0	7.09066335720345	0	0	0	0	0	3.6412849865964	0	0	0	0	0	0	0	0	0	0	4.05855318698461	0	3.61462549717759	0	2.93627806689816	0	0	3.26180601331481	0	0	0	0	0	0	0	0	0.920004764439738	0	0	0	0	0	1.65216161842242	0	0	0	0	0	0	0	0	0	0	0	0	0	0	0	0	0	0	0	0	0	0	0	0	0	1.85732755723087	0	0	0	0	0	0	0	0	1.71288576668405	0	0	0	0	0	0	0	0	0	0	0	0	0	0	0	0	0	0	0	0	0	0	0	0	0	0	0	0	0	0	0	0	0	0	0	0	0	0	0	0	0	0	0	0	0	0	0	0	0	0	0	0	0	0	0	0	0	0	0	0	0	0	0	0	0	0	0	0	0	0	0	0	0	0	0	0	0	0	0	0	0	0	0	0	0	0	0	0	0	0	0	0	0	0	0	0	0	0	0	0	0	0	0	0	0	0	0	0	0	0	0	0	0.915014623847194	0	0	0	0	0	0	0	0	0	0	0	0	0	0	0	0	0	0	0	0	0	0	0	0	0	0	0	0	0	0	0	0	0	0	0	0	0	0	0	0	0	0	0	0	0	0	0	0	0	0	0	0	0	0	0	0	0	0	0	0	0	0	0	0	0	0	0	0	0	0	0	0	0	0	0	0	0	0	0	0	0	0	0	0	0	0	0	0	0	0	0	0	0	0	0	0	0	0	0	0	0	0	0	0	0	0	0	0	0	0	0	0	0	0	0	0	0	0	0
SRR16554704	4.08166082565516	3.52453522930242	2.44880692561185	1.38318690124563	1.38844529877554	0	1.05122758465083	1.42251388342057	1.26251645890419	1.11651242585043	1.43491780393105	1.73327908749467	0	0	0	1.60085103466453	10.5326442968949	0	0	0	0	0	0	0	0	0	1.61728578575439	0.594694180560906	0.96055507513919	0	0	0	0	0	0	3.90877186609853	0	0	2.64566480216859	0	0	0	0	0	0	0	3.8442236529479	0	3.96677574098798	0	3.53972968660136	0	0	3.53871952866155	0	0	0.685266130674667	0	0	0	0	0.883223585857027	0.643675722750993	0	0	0	0	1.84273827889727	0.579930081414903	0	0	0.582516170874805	0.75926606403572	0	0	0	0	0	0	0	0	0	0	0	0	0	0	0	0	0	0	0	0	0	0	0	0	0	0	0	0	0	0	0	0	0	0	0	0	0	0	0	0	0	0	0	0	0	0	0	0	0	0	0	0	0	0	0	0	0	0	0	0	0	0	0	0	0	0	0	0	0	0	0	0	0	0	0	0	0	0	0	0	0	0	0	0	0	0	0	0	0	0	0	0	0	0	0	0	0	0	0	0	0	0	0	0	0	0	0	0	0	0	0	0	0	0	0	0	1.56702877370367	0	0	0	0	0	0	0	0	0	0	0	0	1.51229678706806	0	0	0	0	0	0	0	0	0	0	0	0	0	0	0	0	0	0	0	0	0	0	0	0	0	0	0	0	0	0	0	0	0	0	0	0	0	0	0	0	0	0	0	0	0	0	0	0	0	0	0	0	0	0	0	0	0	0	0	0	0	0	0	0	0	0	0	0	0	0	0	0	0	0	1.1224616130576	0	0	0	0	0	0	0	0	0	0	0	0	0	0	0	0	0	0	0	0	0	0	0	0	0	0	0	0	0	0	0	0	0	0	0	0	0	0	0	0	0	0	0	0	0	0	0	0	0	0	0	0	0	0	0	0	0	0
SRR16554705	5.81396010731935	4.115589734616	2.95055423012768	2.79682323982947	3.39751018395928	4.87547977218496	1.08292061748917	3.63578315196271	2.19832773611085	2.64877189499601	2.07386194916123	0	2.81578067067431	0	0	0	1.0764745523209	0	0	2.20892413306163	0	0	0	0	0	0	0	0.849065640862584	0	0	0	0	0	0	0	0	0	0	0	0	0	0	0	0	0.566102581520827	0	0	0	0	0	0	0	0	0	0	0	0	0.605592288484875	0	0	0	0	0	0	0	0	0	0	0.490792816236125	0	0	0	0	0	0	0	0	0	0	0	0	0	0	0	0	0.854286031623651	0	0	0	0	0	0	0	0	0	0	1.03990520405504	0	0	0	0	0	0	0	0	0	0	0	0	0	0	0	0	0	0	0	0	0	0	0	0	0	0	0	0	0	0	0	0	0	0	0	0	0	0	0	0	0	0	0	0	0	0	0	0	0	0	0	0	0	0	0	0	0	0	0	0	0	0	0	0	0	0	0	0	0	0	0	0	0	0	0	0	0	0	0	0	0	0	0	0	0	0	0	0	0	0	0	0	0	0	0	0	1.03092578003997	0	0	0	0	0	0	0	0	0	0	0	0	0	0	0	0	0	0	0	0	0	0	1.32776197038113	0	0	0	0	0	0	0	0	0	0	0	0	0	0	0	0	0	0	0	0	0	0	0	0	0	0	0	0	0	0	0	0	0	0	0	0	0	0	0	0	0	0	0	0	0	0	0	0	0	0	0	0	0	0	0	0	0	0	0	0	0	0	0	0	0	0	0	0	0	0	0	0	0	0	0	0	0	0	0	0	0	0	0	0	0	0	0	0	0	0	0	0	0	0	0	0	0	0	0	0	0	0	0	0	0	0	0	0	0	0	0	0	0	0	0	0	0	0	0
SRR16554731	2.1535116490111	2.94680787916449	3.04449633937032	2.39242206427111	1.9265091922293	4.07823113532406	0	1.82377075065051	1.60846511210815	1.69391638245492	1.6639774060079	0	2.86821935877267	5.92325634565146	5.66680764912391	0	0	0	0	1.03225805014542	4.11997990732455	0	4.92839672921508	0	0	0	0	3.97463764591963	1.02036435519289	0	0	0	0	0	0	0	0	0	0	0	0	0	0	1.30782545522054	0	0	0	0	0	0.660919335336085	0	0	0	0	0	0	0	0	0	0	0	0	0	0	0	0	0	0	0	0	0	1.00720938422525	1.07594071041192	0	0	0	0.965729890880595	0	0.972149094767747	2.93790917067188	0.901226048185351	0.960034109925295	0.883954942254203	0.99231964559657	0	0.555129053842531	0.941165968040614	0	0.950627455544629	0	0	0	0	0	0	0	0	0	0	0	0	0	0	0	0	0	0	0	0	0	0	0	0	0	0	0	0	0	0	0	0	0	0	0	0	0	0	0	0	0	0	0	0	0	0	0	0	0	0	0	0	0	0	0	0	0	0	0	0	0	0	0	0	0	0	0	0	0	0	0	5.37045432485027	0	0	0	0	0.972769392020589	0	0	0	0	0	0	0	0	0	0	0	0	0	0	0	0	0	0	0	0	0	0	0	1.42733412903537	0	0	0	0	0	0	0	0	0	0	0	0	1.25090330596225	0	0	0	0	0	0	0	0	0	0	0	0	0	0	0	0	0	0	0	0	0	0	0	0	0	0	0	0	0	0	0	0	0	0	0	0	0	0	0	0	0	0	0	0	0	0	0	0	0	0	0	0	0.516756915532619	0	0	0	0	0	0	0	0	0	0	0	0	0	0	0	0	0	0	0	0	0	0	0	0	0	0	0	0	0	0	0	0	0	0	0	0	0	0	0	0	0	0	0	0	0	0	0	0	0	0	0	0	0	0	0	0	0	0	0	0	0	0	0	0	0	0	0	0	0	0	0	0	0	0	0	0	0	0	0	0
SRR16554732	4.62997020613748	3.23745111042666	0	0	0	0	0	0	0	0	0	0	0	0	1.29357403061077	0	0	0	0	0	1.43640198533044	0	0	0	0	0	0	0	0.77101229235703	0	0	0	0	0	0	0	0	0	10.7433017900835	0	3.78292420151257	0	2.68249108868781	0	0	0	0	1.89368109033193	0	0	0	0	0	0	0	0	0	0	0	0	6.0111359260067	0	5.20637421475917	0	0	0	0	2.92626561338077	0	0	0	0	0	2.14692280039186	0	0	0	0	0	0	0	0	0	0	0	0	0	0	0	0	0	0	0	0	0	1.37848206135989	0	0	1.14657006678169	0	0	0	0	0	0	0	0	0	0	0	0	0	0	0	0	1.08984657058552	0	0	0	0.826644271465629	0	0	0	0	0	0	0	0	0	0	0	0	0	0	0	0	0	0	0	0	0	0	0	0	0	0	0	0	0	0	0	0	0	0	0	0	0	0	0	0	0	0	0	0	0	0	0	0	0	0	0	0	0	0	0	0	0	0	0	0	0	0	0	0	0	0	0	0	0	0	0	0	0	0	0	0	0	0	0	0	0	0	0	0	0	0	0	0	0	0	0	0	0	0	0	0	0	1.39488789619979	0	0	0	0	0	0	0	0	0	0	0	0	0	0	0	0	0	0	0	0	0	0	0	0	0	0	0	0	0	0	0	0	0	0	0	0	0	0	0	0	0	0	0	0	0	0	0	0	0	0	0	2.22457791204182	0	0	0	0	0	0	0	0	0	0	0	0	0	0	0	0	0	0	0	0	0	0	0	0	0	0	0	0	0	0	0	0	0	0	0	0	0	0	0	0	0	0	0	0	0	0	0	0	0	0	0	0	0	0	0	0	0	0	0	0	0	0	0	0	0	0
SRR16554734	0	0	0	0	0	0	0	0	0	0	0	0	0	0	0	0	0	0	0	0	0	0	0	0	0	0	0	0	0	0	0	0	0	8.90135241845582	0	0	0	0	0	0	10.8098426381453	6.83388747852802	0	0	0	0	0	0	0	0	0	0	0	0	1.61430732703651	0	0.881901969215593	6.10363097385707	0	0	0	0	0	0	0	0	0	0	0	1.21703645330194	0	0	0	0	0	0	0	0	0	0	0	0	0	0	0	0	0	0	0	0	0	0	0	0	0	0	0	0	1.22860454702275	0	0	0	0	0	0	0	0	0	0	0	0	7.65482656899491	0	0	0	0	0	0	0	0.94159509374384	0	0	0	0	0	0	0.926164100745709	0	0	0	0	0	0	0	0	0	0	0	0	0	0	0	0	0	0	0	0	0	0	0	0	0	0	0	0	0	0	0	1.61732106652372	0	0	0	0	0	0	0	0	0	0	0	0	0	0	0	0	0	0	0	0	0	0	0	1.35717867547527	0	0	0	0	0	0	0	0	0	0	0	0	0	0	0	0	0	0	0	0	0	0	0	0	0	0	0	0	0	0	0	0	0	0	0.565959428125859	0	0	0	0	0	0	0	0	0	0	0	0	0	0	0	0	0	0	0	0	0	0	0.253809717514286	0	0	0	0	1.50095013714234	0	0	0	0	0	0.730341109011088	0	0	0	0	0	0	0	0	0	0	0	0	1.06314284357608	0	0	0	0	0	0	0	0.368486769920442	0	1.1985895582027	0	0.924564553777518	0	0.40650088219165	0	0	0	0	0	0	0.353766209859616	0	0	0	0	0	0	0	0	0	0	0	0	0	0	0	0	0	0	0	0	0	0	0	0	0	0	0	0	0	0	0	0	0	0	0	0	0	0	0	0	0	0	0	0	0	0	0	0	0	0
SRR16554738	7.22529486436551	5.30730276593746	4.48956133940134	4.4137520066347	4.27109655543048	0	0	4.10924543191919	3.60655058342123	3.99931095057038	3.31455882428534	0	0	2.6641577245401	3.30497303487067	0	0	0	0	0	3.59091001228088	0	2.39649578049363	0	0	0	0	0	0.70797435362498	0	0	0	0	0.535872129962806	0	0	0	2.56922737827122	0	0	0	0.638783484613109	0	0	0	0	0	0	0	0	0	0	0	0	0	0	0.47370801072775	0.409701386316063	0	0.18405147374624	0	0	0	1.60862104885657	0	0	0	0	0	0	0	0.29086331316856	0.762703143242032	1.32074825762589	0	0	0.257025426836694	0	0.223955525443737	0	0.216049742080793	0.219178244958797	0.212736045245379	0.217723137149184	0	0	0.200244741085199	0.367711455284179	0.205106566321082	0.225001709417514	0.280014579307955	0.189852983462852	0	0	0	0	0	0	0.178693546093978	1.46658493392491	2.20986822826924	0.222974679663946	0	0	2.27926024540757	0.181586458235948	0	0	0	0.179068181363111	0	0	0	0	0	0	0.195768098630578	0.201748726262732	0	0.176826041380083	2.94777414800671	0	0	1.58945749323355	2.14880085817864	0	0.192623177957375	1.87069198350646	1.99916356943271	0	0	0.188202060189761	1.96093480035938	0	0.17087171414839	0	0	0	0	0	0	0	0	0	0	0	1.99218006155362	0	0	0	0	0	0	0	0	0	0	0	0	0	0	0	1.88220464764196	0	0	0	0	0	0	0	0	0	0	0	0	0	0	1.40683790408831	0	0	0	0	0	0	0	0	0	0	0	0	0	0	0	0	0	0	0	0	0	0	0	0	0	1.70713240633358	0	0	0	0	0	0	0	0	0	0	0	0	0	0	1.60469905936416	0	0	0	0	0	0	0	0	0	0	0	0.214026593919585	0	0	0	0	0	0	0	0	0	0	0	0	0	0	0	0	0	0	0	0	0.264962404937745	0	0	0	0	0	0	0	0	0.0939310179695682	0	0	0	0.17961937691786	0	0	0	0	0.0776349199244044	0	0	0	0	0.170453244733969	0	0.180036564930281	0	0	0	0	0	0	0	0	0	0	0	0	0	0	0	0	0	0	0	0	0	0	0	0	0	0	0	0	0	0	0	0	0	0	0	0	0	0	0	0	0	0	0	0	0	0	0	0	0	0	0	0	0	0	0	0	0	0	0
SRR16554740	1.25543916766693	2.65288089779668	2.34085310211856	2.47904978787973	1.72215728596756	1.7361049024269	0	1.74031583283938	1.58720125194798	1.52926457256835	1.51660930385467	4.83214582273461	1.52411850682674	0	0	2.36996183263581	0	0	0	2.47091913395036	0	0	0	0	0	0	0	1.09808268218557	0.466784898602916	0.396288560461427	0	0	1.9023985899961	0	0	1.24968233078758	0	0	0	0	0	0	0	0	0	0.954103696192909	1.50013413228525	0	1.79298810907728	0.27744701892471	1.1224097700869	0.805812266726389	0	1.21402162623889	0.291125843364536	0	0	0	0	0	0	0	0	0	0	0	0	0	0	0	0	0	0	0	0	0	0	0	0	0	0	0	0	0	0	0.457208082591028	0	0	0	0	0	0	0	0	0.368744277039832	0.320785471386959	0	0	0	0	0.705783424774892	0	0	0.349324914759106	0.580533979855186	0	0	0	0	0	0	0	0	0	0	0	0	0	0	0	0.511784680202993	0	0	0	0.566829220305519	0	0	0.62335815247222	0.538887274688785	0	0	0	0.580752680434994	0	0	0	0	0	0	0	0	0	0	0	0	0	0.556958097922448	0	0	0	0	0	0	0	0	0	0	0	0	0	0	0	0.547991307209472	0	0	0.396184028648086	0	0	0	0	0	0	0	0	0	0	0	0.719850104826624	0	0	0	0	0	0	0	0	0	0	0	0	0	0	0	1.29460643108043	0	0	0	0	0	0	0	0	0	0.468081232636742	0	0	0	0	0	0	0	0	0.806057355383372	0	0	0	0	0	0	0	0	0	0	0	0	0	0	0	0	0	0	0	0	0	0	0	0	0	0	0	0	0	0	0	0	0	0	0	0	0	0	0	0	0	0	0	0	0	0	0	0	0	0	0	0	0	0	0	0	0	0	0	0	0	0	0	0	0	0	0	0	0	0	0	0	0	0	0	0	0	0	0	0	0	0	0	0	0	0	0	0	0	0	0	0	0	0	0	0	0	0	0	0	0	0	0	0	0	0	0	0	0	0	0	0	0	0	0	0	0	0	0	0	0	0	0
SRR16554743	0.107138840736144	0	0.0799780098580569	0	0	0	0	0	0	0	0	0	0	0	0	0	0	0	0	0	0	0	0	0	0	0	0	0	0	0	0	0	0	0	0	0	0	0	0	0	0	0	0	0	0	0	0	0	0	0	0	0	0	0	0	0	0	0	0	0	0.700893120597492	0	0	0	0	0	0	0	0	0	0	0	0	0	0	0	0	0	0	0	0	0	0	0	0	0	0	0	0	0	1.03015403070804	0	0	0	0	1.0334802868478	0	0	0	0	0.15066961347327	0.986185913103788	0	0	0.133545884855832	0.951925413995053	0	0	0	1.02705079327214	0	0	0	0.835462474499749	0	9.43507115125276	1.06334480973133	0.923016963095652	0	0	0.131997241231074	0	0	0	0.144268729129567	1.04264387045078	0	0.168306196589506	0.123721179958476	0.817809645452075	0	0.950110523504184	0.147341895787741	0.958355849734397	0.973529415304165	0.955514449546264	0	0.831914061782353	0.942513940554386	0.975969958401226	0.820461875990659	0.857957146705137	0.879798255443277	0.847232511955979	0	0.83713109034625	0.179378820410882	0.838169681346214	0	0.757203286839491	0.755268065123084	0.840684476879695	0	0.809989103826764	0	0.813891229436384	0.912386910896893	0	0	0.927935002056448	0	0.931471282146605	0.153592734025211	1.44982285485754	0	0	0	0	0.92831019781265	1.05674989014518	0	0.362981009340123	0.864102353193854	0	0.899880914023904	0	0	0	0	0.854661384762204	0	0	0	0.796850370595084	0	0	0	0	0.789612660759242	0	0	0	0	0	0	0	0	0	0	0.108795776288887	0.283073445160953	0	0	0	0	0	0	0.300919691804825	0.582484338265232	0	0	0	0	0	0	0	0	0.172600529785641	0	0	0	0	0	0	0	0	0	0.300255004928258	0	0.126930364453939	0	0	0.29648836027498	0	0	0	0.280926378054823	0	0	0	0	0	0	0.224779712375679	0	0	0	0	0	0	0	0	0	0	0.667342885121622	0	0	0	0	0	0	0	0	0	0	0	0	0	0	0	0	0	0	0	0	0	0	0	0	0	0	0	0	0	0	0	0.345044825609882	0.223744130426638	0	0.767169273605529	0.835643751060667	0.83904287042245	0.704169038699054	0.728125123023625	0.846506083903096	0.707280292866241	0.811212575438983	0.77502764271088	0.870025441273978	0.720143714841796	0.804949939108265	0.770622652513055	0.172062561341207	0.757197822706767	0	0.563609847374509	0.771581753668141	0.218863617239453	0.209936091840398	0	0.61714439494397	0.209396757469307	0.659361520683069	0.783727032543713	0.182112507793286	0.358206981470736	0.69150338442499	0.239547622202251	0.191942214465953	0	0.550470710629752	0	0	0	0	0	0	0	0	0	0	0	0	0	0	0
SRR16554744	0	0	0	0	0	6.02346029005544	0	0	0	0	0	0	4.36925559722081	0	0	0	8.78415264802526	0	0	0	0	0	0	0	0	0	0	0	0	0	0	0	0	1.70254405759819	0	0	0	0	0	0	0	1.40447130856651	0	0	0	3.02596018070339	0	0	0	0	0	3.07815080816798	0	0	0	0	0.98515795891217	1.27589989876986	0	0	0.186842379521715	0	0.242724664189703	1.66089317417264	0	0	0	0	0	0	0	0	0	0	0	0	0	0	0	3.32560149576749	0	0	0	0	0	0	0	0	0	0	0.589325041578076	0	0	0	0	2.48475384359849	0	0	0.270050525692392	0	0	0.441586179592702	0	0	0	0.444156428083368	0	0	0.156380510800978	0.468029368916216	0	0	0	0.406344920116423	0	0.908458313140895	0.471697319142943	0.413787537529975	0	0.24114012280546	0	0	0	0	0	0.430829667822686	0.245656671027268	0	0	0.386457397892121	0	0.426468841184735	0	0.456223596302181	0.487617944712737	0.439579873192358	0	0.41906469163941	0.390051898227707	0.429047603229467	0.400709858002468	0.45023284186974	0.405283728993947	0.444019263201047	0	0.456641898646706	0	0.401426612353427	0.123869729670825	0.372482598510067	0.374884981685661	0.396317058118347	0	0.419953803612377	0	0.378040837004943	0.424709566633001	0.232287154589449	0	0.396869815359594	0	0.399352273603687	0	0.550557181331492	0	0	0	0	0.410240880422841	0.54715753753244	0	1.12211835677112	0.361641803285938	0	0.420070531331753	0	0	0	0	0.392825311764169	0.129202814116801	0	0	0.818847765944495	0.197569928019434	0	0	0	0.390904235775944	0	0	0.192634534294886	0.240534728618765	0	0	0	0.201280705511817	0	0	0.111469641489727	0	0	0	0	0	0	0	0	0.678834805000323	0	0	0	0	0	0	0.232641972300689	0	0	0	0	0	0	0	0	0	0	0	0	0	0	0.0949635970020787	0	0	0	0.188234519214866	0	0	0	0	0	0.152365936555068	0	0	0	0	0.368039611510776	0	0	0	0	0	0	0	0	0	0	0	0	0	0	0.141204847146458	0	0	0	0	0	0	0	0	0	0.231489220263954	0	0	0	0	0	0	0	0.124493718227624	0	0.128093121899451	0	0	0	0	0	0.69987784427214	0	0	0.370861985131415	0.376163684218	0.452494572375533	0.39341128522521	0.338091535046604	0.377558915766015	0.388614717075731	0	0.416232284819839	0.461892359586286	0.421695814390896	0.456265964488754	0.364699789368582	0	0	0	0	0	0	0.576320255341527	0	0	0	0	0	0	0	0	0	0	0	0	0	0	0	0	0	0	0	0	0	0	0	0	0	0	0
SRR16168896	1.96451827967329	1.36003391838205	0.455845925122666	0.225350434433621	0.203391236317777	1.55365984576207	4.62560538178618	0.310897077832157	0.1699728477511	0.165878732038038	0.207386503469935	0	2.22505058971064	0.548159108290813	0.521869689766596	0	0.886313369869028	0	0.136919990058187	1.67671009315986	0.488698540557111	0	0.860194597615545	0	0	0	0.608509397469956	0.151627124211701	0.457044739739449	1.38544356492837	0	0	0	0.123060883181596	0	0	0	0.40636200440007	0.465565713431524	0.18152982927346	0	0.134866872912347	0.723399859086443	1.4310694285774	0	0.907180846484696	0	0.0713619060498662	0	0.241781184335142	0	0.778971796114124	0	0	0	0	0.0613686102091016	0.107683306351471	0	0.620011864847635	0	0	0	0	0	0	0.116852394184533	0.343996636250527	0.140197174832427	0	0.45706340443712	0	0	0	0	0	0	0.466536967846996	0	0	0	0	0	0	0.158624693656427	1.38771729847795	0	0.229951225718329	0	0.459134376027881	0	0	0	0	0	1.86953031473837	0.354420593630405	0	0	0	0	0	0.117159822645422	0	0	0	0.379962829057322	0.387616084226644	0	0	0.371627554046123	0	0	0	0	1.04800728541574	0	0	0	0	0	0	0.137884684544341	0	0	0	0	0	0	0	0	0	0	0	0	0	0	0	0	0	0	0	0	0	0.111533876879219	0	0	0	0	0	0	0	0.163167190492752	0	0	0	0	0	0.0817832246138632	0	0	0	0	0	0.22175593888295	0	0.345087585215533	0.223062615841179	0	0	0.0975035804973584	0	0	0	0	0	0.120128719738613	0	0	0	0	0	0.0743754611578681	0.837818237596443	0.0796409696001672	0	0	0	0	0	0	0	0.098656999388792	0	0.0826271169884738	0.315445422395835	0	0.196753809927669	0	0	0	0	0	0	0	0	0	0	0.641088955681515	0	1.0560093233919	0	0	0	0	0	0	0	0	0	0	0	0	0	0	0	0	0	0	0.547629454321643	0.0455457704835368	0.0768671537227097	0	0	0	0.379662423475001	0	0	0.176181320446276	0	0	0	0	0	0	0	0	0	0	0	0.115751284438716	0	0.30490247864107	0	0	0	0	0	0.247549320250562	0	0	0	0.144913208344396	0	0	0	0	0	0.305814500701602	0	0	0	0	0	0	0	0	0	0	0	0	0	0	0	0	0	0	0	0.440974447011714	0	0	0	0	0	0	0	0	0	0	0	0	0	0	0	0	0	0	0	0	0	0	0	0	0	0	0	0	0	0	0	0	0	0	0	0	0	0	0	0	0	0	0	0	0	0	0
SRR16168900	2.81352677051792	2.04093299913541	2.32924061048938	1.56112615912008	1.33883126799958	2.77964283637315	0.29417633044154	1.33294875569924	1.14328461977103	1.0810992243889	1.20177998400887	0	2.14491316751042	0	0	0	2.97404470415922	0	0.194035617191886	0	0	2.37541697011644	0	0	0	0	0	1.88923694806358	0.208117497305977	0	0	0	0	0	0	0.583958894598636	0	0	0	0	4.23351081200601	0	1.06934952252724	1.01685843496025	0	0.982776146988346	0.417174737318823	0	0.437795906547762	1.07616523670603	0.484305768033137	0.958131011380549	0	0	0	0.440301173875948	0.115980407839837	0	0	0.501191262533005	0.686573929765011	0	0.445053572541882	0	0	0	0	0	1.23869267733801	0	0.5077188728652	0	0	0.319804685576597	0	0	0	1.55157298134889	0	0	0	0	0	0	0.261501235757846	0.196148867230567	0	0	0	0	0	0	0	0.46659751895167	0	0	0.513230656400904	0	0	0	0	0	0	0	0	0	0	0	0	0	0	0	0	0	0	0	0	0	0	0	0	0	0	0	0	0	0	0	0	0	0	0	0	0	0	0	0	0	0	0	0	0	0	0	0	0	0	0	0	0	0	0	0	0	0	0	0	0	0	0	0.173981204876663	0	0	0	0	0	0	0.396510711360125	0	0	0	0	0	0	0	0	0	0	0	0	0	0	0	0	0	0	0	0	0	0	0	0	0	0	0	0	0	0.364198145520839	0	0	0	0	0	0	0	0	0	0	0.570004116798066	0	0.667622688300658	0	0	0	0	0	0	0	0	0	0	0	0	0	0	0	0	0	0	0.688347160978582	0	0	0	0	0	0.582092323817473	0	0	0.294246327477515	0	0	0	0	0	0	0	0	0	0	0	0	0	0.598840037622604	0	0	0.242585667306229	0	0	0	0	0	0	0	0.196575228541482	0	0	0	0.1867347540596	0.646884939114166	0	0	0.193961386115466	0	0	0	0	0	0	0	0	0	0	0	0	0	0	0	0	0.773560391418555	0	0	0	0	0	0	0	0	0	0	0	0	0	0	0	0	0	0	0	0	0	0	0	0	0	0	0	0	0	0	0	0	0	0	0	0	0	0	0	0	0	0	0	0	0	0	0
SRR16168902	0.996900312464253	1.53648297387907	3.28586600753494	2.8722004234826	2.65910691700264	1.53473451240323	0	2.50077031347464	2.45632755603142	2.34145001405241	2.31265325258002	1.76144357725323	1.68490538266801	0	0	1.26128608142379	1.25397365092482	0	0	0	0	0	0	0	0	0	0	4.67174847927283	0.762053483845439	0	0	0	0	0.410564612435414	0	0	0	0	0	0	0	0.689007917573185	1.58419577600725	1.2587248861911	0.819842453430362	0.920389167190417	0	1.30743947473681	0	1.00756977146059	0	0.863405294754265	0	0	0	5.79600198558167	0.544055853121725	0	0	0.993276224552794	3.26030060011763	0	0.798681946129515	0	0	0	0.937700320158064	0	2.32603106530581	0	1.14300068481003	0	0	0	0.416073393328531	0	0	0	0	0	0	0	0	0	0	0.139898311671204	0	1.33825932502958	0	0	0	0	0	0	0	0.170572132261944	0.907787331319648	0	0	0	0	0	0	0	0	0	0	0	0.527073552082555	0	0	0	0	0	0	0	0	0	0	0	0	0	0	0	0	0	0	0	0	0	0	0	0	0	0	0	0	0	0	0	0	0	0	0	0	0	0	0	0.467745189539748	0	0	0	0	0	0	0	0	0	0	0	1.43934142038169	0	0	0	0	0	0	0	0	0	0	0	0	0	0	0	0	0	0	0	0	0	0	0	0	0	0	0	0	1.58651961150031	0	0	0	0	0	0	0	0	0	0	0	0	1.54701505425105	0	0	0	0	0	0	0	0	0	0	0	0	0	0	0	0	0	0	0	0	0	0	0	0	0	0	3.02547926694133	0	0	0	0	0	1.27581095099914	0	0	0	0	0	0	0	0	0	0	0	0	0	0	0.282649827136117	0	1.282604296563	0	0	0	0	0	0	0	0	0	0	0	0	0	0	0	1.41667463724928	0	0	0	0	0.127148971642802	0	0	0	0	0	0	0	0.276863773246817	0	0	0	0	0	0	0	0	0	0	0	0	0	0	0	0	0	0	0	0	0	0	0	0	0	0	0	0	0	0	0	0	0	0	0	0	0	0	0	0.255420981414866	0	0	0	0.232565956763108	0.230307228173524	0	0	0	0	0	0	0	0	0
SRR16168903	6.07850912476858	4.69397643105512	5.74372636186176	7.01723851121574	4.42501837909809	4.61599856007322	0	4.06091170097026	4.59149746651254	3.89366165168812	8.57054412089009	0	3.73487117617093	0	0	0	0	0	0	0	0	0	0	0	0	0	0	0	0	0	0	0	0	0.681156649109542	0	0	0	0	0	0	3.75725225352923	1.12214026067606	0	0	0	1.75157782092041	0	0	0	0.742089991347965	0	1.80025020359906	0	0	0	0	0.694403043468878	0	0	0	0	0	0	13.2142974701537	0	0	0	0	0	0	0	0	0	0	0	0	0	0	0	0	0	0	0	0	0	0	0	0	0	0	0	0	0	0	0	0	11.8249797156586	0	0.680328604218042	0	0	0	0	0	0	0	0	0	0	0	0	0	0	0	0	0	0	0	0	0.632674499186693	0	0	0	0	0	0	0.542385567847844	0	0	0	0	0	0	0	0	0	0	0	0	0	0	0	0	0	0	0	0	0	0	0	0	0	0	0	0	0	0	0	0	0	0	0	0	0	0	0	0	0	0	0	0	0	0	0	0	0	0	0	0	0	0	0	0	0	0	0	0	0	0	0	0	0	0	0	0	0	0	0	0	0	0	0	0	0	0	0	0	0	0	0	0	0	0	0	0	0	0	0	0	0	0	0	0	0	0	0	0	0	0	0	0	0	0	0	0	0	0	0	0	0	0	0	0	0	0	0	0	0	0	0	0	0	0	0	0	0	0	0	0	0	0	0	0	0	0	0	0	0	0	0	0	0	0	0	0	0	0	0	0	0	0	0	0	0	0	0	0	0	0	0	0	0	0	0	0	0	0	0	0	0	0	0	0	0	0	0	0	0	0	0	0	0	0	0	0	0	0	0	0	0	0	0	0	0	0	0	0	0	0	0	0	0	0	0	0	0
SRR16168909	0.827463103458987	0.572270881551415	0	0	0	0.711878865622255	0.364267758085787	0	0	0	0	0	0.487183022389176	0	0	0	0	0	0	0	0	0	0	0	0	0.681995057735273	0	0	0	0	0.593413903989355	0.598916450148376	2.38596579419748	0	0	0.220386940277705	0.587513803267946	0	0	0	0.163743601022946	0	0	0.227459435038894	0	0	0	0	0	0.289164135208085	0.187557215259214	0	0	0	1.74306041528816	0	0.17339379991909	0	0	0	1.59487756103177	0	0.156664338273445	0	0	0	0	0	0	1.27393238588685	0	0	0	0	0	0	0	0	0	0	0	0	0	0	0	0	0	0	0	0	1.60706158574546	0	0	0	0	0	0	0	0.136525757157614	0	0	1.79088344032621	0	0	0	1.49563905355375	0	0	0	1.41400012131202	0	0	0	1.22385177462763	0	0	1.52839850509182	1.44104932969479	0	0.0831002800503908	0	0	0	0	0	6.46687855571054	0.0872327150681327	0	0	1.10033373536801	0	1.5129489021302	0	1.33927627617238	1.1490491058501	1.16701536739141	0	1.18235232465181	1.20668915011085	1.18112040065176	1.16149002791826	1.25434740236355	1.26385889716831	1.2350017016279	0	1.26715740259763	0	1.07180249951657	0	1.03084971526788	1.06605304300069	1.17589102414222	0	1.05636091970945	0	1.06100648275427	1.2215056955726	0.178346202085221	0	1.38097368248778	0	1.3206164565779	0	1.25305601531929	0	0	0	0	1.20941678892222	1.25315875768465	0	0.271585138659383	0	0.326239803653988	1.09537472506086	0	0	0	0	1.12100317114754	0.496126379550974	0	0	0	0.319394630897435	0.330411231949131	0	0	1.11587461861304	0	0	0.320674418856057	0.31593736820387	0	0	0	0.283298316400632	0	0.28582424277426	0	0.241759508890186	0	0	0	0	0	0.262287398971915	0.221586585982318	0	0	0	0	0	0	0.280570510076076	0.263045494625389	0	0	0	0.257220777183218	0	0.256059878153176	0	0	0	0.275676787228142	0	0.188720383659027	0	0	0	0	0.209569284476416	0	0.260215527674164	0	0.206793413375977	0	0	0.264385846960338	0	0	0	0.177738518200608	0	0	0	0	0	0.104459956496706	0	0	0	0	0	0.0611887951781112	0	0	0	0	0.166737322964578	0	0	0	0	0	0	0	0	0	0	0	0	0	0	0	0	0	0	0	0	0	0	0	0	0	0.252517673063922	0	0	1.03025773113645	1.15041289748582	1.21940274916661	0	0	1.21620666878345	0.925677935392015	0	1.08799262501285	1.12291604698017	0	0	0	0	0	0	0	0	0.26866043393502	0.124654714347181	0.109885643221018	0	0.274005164315817	0	1.06068405597445	0	0	0	0.285167737858756	0.266461552051364	0	0	0	0	0	0	0	0	0	0	0	0	0	0	0	0	0
SRR16168913	2.40321750635924	2.15961841917355	0.705010502058165	0.696070209286604	0.530600740031682	0	8.67914431815808	0.678245076443262	0.435097258582584	0.567499703601449	0.402489456276787	1.15025354858531	0	1.52855896012536	0.929563007068387	0.96815349182025	0	0	0	1.59199343645011	1.39227408446719	0	0.954560154660097	0	0	0	0	1.25083378461728	0	3.96914093620946	0	0	0	0.323923876664899	0	0.259885460433564	0	0.695621642168073	0	0	0	0.500889313573846	1.00141695338581	2.00308338441696	0	0	0	0	0	0.408115745516172	0.237898452678718	0	2.03941449950866	0	0.0642129279649617	0	0.180759718742372	0.301971856342592	0	0.540209550824075	0.0772012741417363	5.95366106732023	0.0808726444249022	0	0	1.96360465597715	0	0	0	0.0625584578114775	0.534898976132559	0.655947973759216	0.655342253877327	0	0	0	0.625768762142544	0.934698209563206	0.605341408677516	0	0.578969092646196	0.593085823271691	0.595095158033455	0.622919283689692	0.0729771488676596	0.311697589113329	0.533522177993597	0	0.543896718124647	0.334088844369754	0.252446237702015	0.526573360499828	0.517981049398433	0	0	0.165531274037138	0.531717537015454	0	0	0	0.336202279760962	0.226069599531827	0	0	0.354324919945401	0.204692201319363	0	0	0.168364284851326	0.188536333117531	0.376081806362546	0	0.44706804611906	0.173795021878611	0.48866134232156	0.617376034717649	0.188906423676724	0.189660345206105	0.090937518450877	0	0.336484141292671	0	0.605008493678789	0	0.318357262371894	0.184882894700306	0	0.32572730473803	0.341661871281913	0.170995877902763	0	0.187236899064536	0.333212744217488	0.191459607488601	0.188438904205572	0.171133421947925	0	0.222875826052968	0.175778966135832	0.196229856298503	0.17641828428321	0.199047526034163	0.182361457242329	0.215242693475464	0	0.207303424794462	0.360428750966891	0.164410601531759	0.13394022472233	0.152938353108269	0.16497804699591	0.172789848450091	0.567788397448753	0.165428964203884	0	0.156547682177592	0.189454093168534	0	0	0.172724241842144	0	0.181398707070881	0.317087171564368	0.30485515717012	0	0	0	0	0.170365689767578	0.186561521763769	0.379805949711082	0	0.483211222184694	0.172592713249278	0.165894852425198	1.24744874509328	0.473773965188488	0.248772239134971	0	0.169013893528076	0	0.0944890732525541	0	0	0.198074442799226	0.177739833495954	0.0596659379632687	0.213084099501447	0.185567371280827	0	0	0.180918157908947	0.161631593331474	0	0	0	0.179343727481816	0	0.144762050145569	0.0733922826330215	0.086232678168336	0.210094611215633	0	0.271870538046588	0.0540930065791114	0.109198396688227	0.147627427937123	0.0850592769575289	0	0.116203423373968	0.187255973918865	0.115979939678312	0.103775976468721	0.112569273939886	0.154202958061566	0.169569616227518	0	0	0.243132090402805	0.141582791663597	0.125602588252868	0.143645519319102	0.113478387806389	0.111286204638737	0.241305520730502	0.133434917850906	0.108656835443847	0.0797290595951247	0.112720265292898	0	0	0.115000442101142	0.078969596049086	0.120126078072677	0.16370239440232	0	0.0775466459132876	0.107634478269435	0	0.155906565773471	0	0.115761807160964	0.234182391987674	0.067712903088257	0.121636370362856	0	0.250526877358119	0.103704433870442	0.211053328987763	0	0	0	0	0.158450259010571	0.193938758290936	0.0786561164042956	0.221431105692635	0	0	0	0	0	0	0.0662120872717799	0	0.137269601443372	0	0.0560069540550869	0	0	0	0	0	0	0	0	0	0	0	0	0	0	0	0.0582362927906331	0.0434869145950001	0	0	0.512634152899702	0	0.172105030284392	0.175848338353612	0.188709958288082	0.178331327914712	0.167722149605627	0.1781546185149	0.149421194053257	0.183631738211932	0.163393831243337	0.182933426997894	0.151146798802043	0.161143082214701	0.165533397665806	0.217745537658877	0.173212083738352	0	0.136950912636067	0.17284355127937	0.109428768328503	0	0	0.159177984113108	0.0872579484379875	0.141381634514188	0.158305771628914	0.0694609126697112	0.0810341269923229	0.128983733069929	0	0	0.166162027942298	0.122055466819734	0.0819860306985113	0.0956703362498038	0	0	0.0746188003071427	0.0754806752957771	0	0	0	0	0	0	0	0	0
SRR16168918	0	0.369763986937284	0.779671797968015	0.776476955000076	0.549926373940325	0	0.45727070946002	0.520436771363553	0.567220530316228	0.454010459917821	0.91186721187839	0.900113095366564	0	0	0	0.561967519586858	0.273552040731354	0	0	0	0	0	0	0	0	0	0.491087673913723	0.154003341265853	0.236769304634744	0.188646502822929	0	0	0	0.0603749639469595	0	0	0	0	0	0	0	0.0783915973497475	0.196753559211198	0.580724030788296	0.580838134905678	0	0	1.07403931763961	0	0.728469078048277	0	0	0.257330492668534	0	0	0.350099147589527	0.0998744744298235	0.0607344316565535	0	0.150956458455832	0.0352226140241108	0.278755228185297	0.0626819862235383	0.264783402364613	0.327581213185006	0.261577483531279	0.385836779858809	0	0.136889846147604	0	0.607252571627994	0.304933440320289	0.252389372155019	0.360143931636618	0.376266888512663	0	0.252640939377164	0.296321873818697	0.241175181628403	0	0.258748143412351	0.237858766181959	0.251365272764414	0.258458962466868	0	0.269058959500757	0.236408611768823	0.126670491449991	0.219744558910462	0.151884317924889	0.222229169190482	0.216254416016273	0.2137986491303	0.463228888871673	0.351312220923441	0.168776787782056	0	0.29332449295408	0	0.319694376929444	0.21358926633681	0.0876571879016217	0	0.342156585994137	0.200790021963023	0.0843363187599997	0	0	0.085256346832927	0.0830880767633925	0	0	0.197870572165946	0.0838054978041442	0.230932889285628	0.161640191421567	0.066155239678255	0.0663389682020873	0	0	0.202851143597446	0.354071162401155	0.476733092235105	0.24837550777444	0.19125683085025	0.0627364421083802	0	0.233064293561613	0.237926655282464	0.0967012813286535	0.401877118583614	0.0712234666101746	0.174791553979411	0.0762748090991462	0.0786627298907669	0.0950816323236156	0	0.116851578049949	0.0851139392016091	0.0992417636183391	0.0756951742024825	0.134444748691909	0.0837554722608245	0.111728286023211	0	0.0990068404485249	0.189096301773407	0.0766456919112319	0.0570548128655847	0.0768711586555324	0.0764402920717251	0.0830093877445974	0.454052764321812	0.076673234963494	0	0.0712343160420065	0.0811125690156526	0.193655150258733	0	0.0637155898362571	2.41537702872419	0.0737891583329102	0.218939916568724	0.139597665407691	0.388752025962528	0	0	0	0.0650557916276258	0.0804838395269588	0.778016603037142	0	0.0966166978465342	0.824462513554334	0.0585049495120269	0.274038569966566	0.385089167826972	0.193876043971521	0	0.0639551470685975	0	0	0	0.153424321786151	0.652931070633037	0.696384516844238	0	0.20127386572698	0	0.395213991034277	0	0.648970155156672	0.625930652908925	0	0	0	0.608076044845505	0	0.703089548317662	0	0.116849130301662	0	0.352442781779609	0.172610906358356	0	0	0.719889816764189	0.123230324793581	0.10478716400508	0	0.0867584849228558	0	0	0	0.602267031418472	0.551376665205115	0	0	0.158095970336919	0.67483798018962	0	0.581091696755598	0	0	0.192893826263718	0.673903673943748	0	0.104392420241093	0.113808743246911	0	0	0	0.128689073881484	0	0.550448246300135	0.142958025842398	0.11233275178308	0.0959213693921015	0	0.623528939795902	0.123620543789362	0	0.188025426545433	0.0941927012834512	0.584154309141938	0	0.192786892288199	0	0.563349713274817	0	0	0.0278629691776631	0	0.591820104278911	0.127875954082724	0.0363338025765301	0.17742486612675	0	0	0	0.110316717414036	0.103278526409789	0	0.0410205274956272	0	0.471750423599628	0.0330084135634375	0.0385398148196475	0	0	0.0281095215227152	0	0.0281086130279599	0	0	0	0	0	0	0	0.0760918937741885	0.0467665571299739	0.0507638157091401	0.0505225751800747	0	0	0	0.184341901568035	0	0.0922995036288129	0.0805742158576881	0.111954416242016	0.101315669453973	0.0794348471042532	0.0866467820279017	0.0770140437151989	0.11452331326976	0.0718702430594094	0.0952788326211386	0.0749855561781518	0.0831363544024361	0.0962024183037566	0.154663197873206	0.09674404725775	0	0.0970932400421651	0.112238161300487	0.241330018609533	0	0	0	0.223987308917188	0	0	0.200179951378693	0.186361987841651	0	0.190029611698423	0.61351743785607	0.124838393717478	0.109326715513443	0	0	0.172217161853878	0.0875523961349997	0	0	0.0944071197898949	0.0473816915075345	0.0505225330700411	0.0451171678683245	0.0489546150424271	0.0446158256486807	0.0527075688866006	0.0474698655325836	0.0470498423184863
SRR16168920	0.764395502683211	0.523876035428152	0.895543381542745	0.90862323992113	0.82499567964612	0	0	0.724185381924527	0.718976510800332	0.720295161363872	0.661344704593427	0	0	0	0	0	0	0	0	0	0	2.47191921181262	0	0	0	0	0	0	0	0	0	0	0	0.113381760283775	0	0	0	0	0	0	0	0	0	0	0	0	0	0	0	0	0	0	0	0	1.23001664224733	0	0.245801847296638	0	0	0.446974205758995	1.04029257977767	0	0.223857723844949	0	0	0	0	0	0	0.96073913806525	0.24048467131648	0	0	0	0	0	0	0	0	0	0	0	0	0	0	0	0	0	0	0.363076286255188	1.28185209165105	0	0	0	0	0	0	0	0	0	0	1.48832423577003	0	0	0	1.2128765450313	0.280316280274633	0	0	1.13220951286067	0.240296982819982	0	0	1.02350567658748	0	0	1.17889494026557	3.42398443660457	0.240350431494046	0	0	0	0	0	0	1.12912368350484	0	0	0	0.981633916753799	0	1.20351539847442	0	1.02919493181052	0.968935765575301	0.945574014496125	0	0.973863962692245	1.03967513117007	0.989330803084753	0.932687377197341	1.19022461241513	1.09391700608277	0.984131262016202	0	1.05295544970172	0	1.0107011768024	0	0.978625614053933	0.967140031901827	1.0091792818239	0	0.974513185112903	0.124611665275943	0.933315560833343	0.997972686005854	0	0	1.0190319283898	0	0.975643070316087	0	0.942556463325153	0	0	0.257569714450592	0.0738758161728	1.01885797530723	0.975908593843282	0	0.381063613792217	0.946961257805479	0	0.913142672916441	0	0	0	0	0.868523666031732	0.833029891928167	0.293448754491464	0	0	0	0	0	0	0.871550199805054	0	0	0	0	0	0	0.255164935029218	0	0.0664107865868659	0	0	0	0	0	0	0	0	0	0	0	0	0	0	0	0	0	0	0	0.0636841334350881	0	0	0	0	0	0	0	0	0	0	0	0	0.11788826879524	0	0	0	0	0	0	0	0	0	0	0	0	0	0	0	0	0	0	0.161199179697356	0	0	0	0	0.623028864717141	0	0	0.894926904308511	0	0	0	0.0711694680320452	0	0	0	0	0	0	0	0	0	0	0	0	0	0	0	0	0.276444574950744	0	0	0	0	0	0	0	0.294394589879647	0	0	0.868328348471811	1.02915799165498	1.04974678131436	0.906974801841421	0.884885345269755	0.945541134058878	0.823363518203295	0.840382554035638	0.948367056465728	0.942056174554492	0.852952362321854	0.830590461365207	0.851473145668873	0	1.13560328429372	0.276455909000838	0.796355377471572	0.801943730846795	0	0.18224226763833	0.768713115854447	0.732552000913112	0	0.681535270174989	0.719666042128611	0	0	0.651766953564565	0	0	0	0	0	0	0	0	0	0	0	0	0	0	0	0	0	0	0
SRR16168925	0	0	0.199532172461213	0	0	0	0.898610697025552	0	0	0	0	0	0	1.10743236107146	1.7735201949041	0	0.234308736742652	5.77777137489433	0	0	1.07161387460372	0	0.999072360385389	4.58183858613012	4.20210171696696	1.42328503294471	0	0	0	0	1.50289344256467	1.28939488140519	0	0	0	0	1.35864855621514	0	0	0	0	0	0.886087241678696	0.347893036609075	0	0	0	0.142222374788391	0	0.122606945295031	0	0	0	0	0	0.177042438507153	0.230741932411304	0	0	0.387533503370277	0	0	0	0.281428599165696	0	0	0	0	0	0	0.403144055101373	0.199533686915154	0.194279050932018	0	0	0	0.205791826058044	0	0.178624019603861	0	0.179597666084844	0.179885280697086	0.187313198983805	0.208257386807219	0	0	0.186436993637035	0	0.159151838263683	0	0.60890795936689	0.171356613107966	0.170006464804966	0	0	0	0.386066704089274	0	0.179358600525259	0	0.73210753466134	0.482219138825377	0	0	1.06765262109006	0.49615202958152	0	0	0	0.473673897960432	0	0	0	0.373958426308367	0	0	0.662534347094105	0.39385675291396	0.154382688401734	0.118240665492488	0.734977598253903	0	0	0	0.664249969370978	0.3935202583894	0.11780114614833	0.664866059347348	0.743629185844453	0.376289108167081	0	0.403113145463059	0.690886988534974	0.427384369639772	0.362558717404463	0.367715480341062	0.55244879649378	0.355746977211546	0.431053949363717	0.328886733750972	0.373449131112175	0.401088900695297	0.449677636631978	0.396361559400378	0	0.346466165310081	0.643454622847005	0.353663080689797	0	0.322832588295292	0.342996332241298	0.363271683470183	0	0.333793084329115	0.128892787575711	0.34879775478733	0.40266347628677	0	0	0.408222555407108	0	0.348391374614082	0.659378982535353	0.345706868220762	0	0	0	0.193825009969817	0.321942177712407	0.359837581398834	1.34880024532663	0	0.360218737401592	0.425289690676095	0.293056611724773	0	0	0	0	0.315904511453208	0	0.145478002625048	0	0	0.430379678626625	0.408126606364247	0	0	0.313501580449362	0	0.102721150734567	0.441159456015866	0.491244178175434	0	0	0	0.487394536255182	0.169375447520967	0.351975425636056	0.280574728286213	0.318877127613293	0.123752209443578	0	0.56912354748809	0	0	0.33373780867456	0.302183217234685	0	0	0	0.118499190686595	0	0	0.413896629004946	0.439488457049996	0	0	0.544645910483368	0.353976629131917	0.135791271099283	0.338424085025677	0	0	0.174352436983309	0.302709476875362	0	0.259449080310392	0	0	0	0	0.275208660116028	0.115040428895544	0.470542669544374	0	0.249833920703636	0	0.149213660373739	0.419183415840996	0	0	0.166135028233063	0.265637902666289	0	0	0.172068162115541	0	0.413522961064206	0	0.20565946489883	0	0	0.397602090471402	0	0	0.178143120261243	0	0	0	0	0	0	0	0	0.397001595828587	0	0	0	0	0.109917018614324	0	0	0	0	0	0	0	0	0	0	0.11028973854003	0	0	0	0	0	0.488321216401888	0	0.359267212636881	0.390267084231581	0.43166394586548	0.36053191881236	0.373536326213725	0.382961581741605	0.297275687528295	0.326273120178934	0.348691923274307	0.368075233646922	0.288396765066607	0.348290668538342	0.33006311177558	0.390674863715111	0.339331503997814	0.130060367738597	0	0.349625031234044	0.196758845440306	0	0.310797040094936	0	0.179345272742843	0	0	0.158617595360193	0.201196128130128	0	0	0	0	0	0	0	0	0	0	0	0	0	0	0	0	0	0	0	0
SRR16168926	1.68357317479269	1.09157830113517	0.963187169435249	0.702100552567431	0.780459708639155	2.65058463674534	1.10036987578607	0.662251488871127	0.63030970894508	0.583489332806678	0.596807202989525	0	2.13413841916546	0	0	0	0.76009973204483	0	0	0	0	0.422809481962404	0	0	0	0.473365295450982	0	0	0.0863992496547438	0	0.425966332193061	0.432422710769036	0	0	0	0	0.439207815972244	0	0	0	0	0	0.630610344269364	0	0	0.924532604873641	0	0.135260248013461	0	0	0	0.93782880541832	0.836824742804292	0	0.291239234756674	0	0.111636042586958	0	0	0.321065154647661	0.64196978955057	0.3838097929322	0.0588767216188438	0	0	0.414674081083939	0	0	0	0.249070148749021	0.374356820782026	0	0	0	0	0	0	0	0	0	0	0	0	0	0.157483896705388	0	0	0	0	0	0.834564038013819	0	0	0	0	0	0.315171442134464	0	0.160652734989912	0	0	0.879814163173806	0	0	0	1.02462027339979	0	0	0	0.870621172467033	0	0	0	0.80250146075546	0	0	0.82466807954763	0.822216166970575	0	0.127624753507295	0	0	0	0	0	0.951065394397173	0.13045715399625	0	0	0.798632643773669	0	0.78171075055441	0	0.876370437696087	0.89718261318444	0.735032002132237	0	0.80630964517142	0.73666711908612	0.999451291808539	0.774125898328968	0.791973026041474	0.764780354702694	0.774798245220054	0	0.798449476360889	0	0.702247105001107	0	0.667244035909243	0.72561451242969	0.819113916662357	0	0.697210286466616	0.215890803634935	0.703014962093798	0.812010559074146	0	0	0.764111711105404	0	0.888479645859308	0	4.11737958767745	0	0	0	0.182059259732588	0.810724864234568	0.849102375520459	0	0	0.855963661195841	0.554060219902114	0.737993682059155	0	0	0	0	0.722541448998907	0	0	0	0	0.461706797004843	0.51500926207223	0	0	0.709040678519712	0	0.151208204512436	0.48228639720205	0.463781215313531	0	0.0929848983481022	0	0.424269498125147	0.14991063794576	0.457025518992411	0.116088789752498	0.18165172422656	0	0	0	0	0.0783725459391232	0.41354351330772	0.177512301884584	0	0	0	0	0	0	0.405289494463862	0.382436296578221	0	0	0	0.395652590092832	0	0.416676590746202	0	0	0	0.435138344529936	0	0.154599809951154	0.434962040410492	0	0	0	0.17803351578671	0	0.383911537892002	0	0.160929569935183	0.358991761264025	0.131367758422491	0.405313412205048	0	0	0	0.144620777408553	0.364017199731141	0	0	0	0	0	0.125981586079347	0.0770415333233994	0	0.384905270894596	0.732605648182916	0.0669387917857546	0	0	0	0	0	0	0	0	0	0	0	0.0663405100565995	0	0	0	0.0525720972820841	0	0	0	0.209520697412322	0	0	0	0	0	0	0	0	0	0	0	0.432943454107525	0	0.683993696979936	0.742802210764268	0.771577187535704	0.653803062647641	0.69253322047729	0.776607316276234	0.619749787012376	0.644045509568442	0.748138732410779	0.684836768461257	0.676506141270713	0.666829823472218	0.648157741956664	0.339523001161234	0.632755580222395	0.220612716018683	0.548167468566234	0.653313096708078	0.194619845692836	0	0.432836338454421	0.570249121210746	0	0.575474488461196	0.750259850830877	0.154846655011753	0.217531021210956	0.642837919856494	0	0	0	0	0	0	0	0	0	0	0	0	0	0	0	0	0	0	0
SRR16168929	0	0	0	0	0	0	0	0	0	0	0	0	0	0	0	0	0	0.9676383890525	0	0	0	0	0	0.766936569379504	0.685688919079554	0.11088116617175	0	0	0	0	0.131963837985409	0.100680108885513	0	0	0	0	0.0993746593696864	0	0	0	0	0	0	0	0	0	0	0	0	0	0	0	0	0	0	0	0	0	0	0	0.0564607207717878	0	0	0	0	0	0	0	0	0	0	0.539819090547538	0.512601538693325	0	0	0	0.491654387111977	0	0.501497089205679	0	0.508841302889138	0.496230492133899	0.496944213741065	0.525950680970734	0	0	0.487005976136838	0	0.446511954000297	0	0.893174630623913	0.446564883376952	0.442794863269034	0	0	0	0	0	0	0	0.317018157902494	0.793698716273695	0	0	0.324447009050653	0.868400784338746	0	0	0.880494692731624	0.801515145269503	0	0	0.409047631569078	0.844146745083864	0.390208684013483	0	0.74132590872383	0.700219646927622	0	0	0.331145065171017	0	0	0	0.29319089947252	0.721566962421908	0	0.28692724499664	0.308246794081036	0.795183473813914	0	0.75412854708278	0.306448943370029	0.808559565905107	0.746239086840486	0.774021265008002	0	0.823256900084614	0.792338643933618	0.967616072680744	2.87309025102833	0.75744082072584	0.69527564539284	0.73846737269881	0	0.7617838662713	0.30309918785276	0.752935277113395	0.764052140072962	0.756124131559617	0.752118343469456	0.744044120208584	0	0.75812849796965	0.0934478578957024	0.752119126002672	0.658940702536192	1.00877338892057	0	0.693641414633201	0	0.714272499617979	0.264844623342789	0.675109901558122	0	0	0	0	0.727773587683147	0.682474522554596	0	0	0.731200967220873	0	0.713654415791586	0	0	0	0	0.661177459846334	0.228299027763819	0	0	0	0	0	0	0	0.674581566282394	0	0.0892643978146856	0	0	0	0	0	0	0	0	0.634018676341569	0.534530434282987	0	0	0.243016533592779	0	0	0	0.523841067365813	0	0	0	0	0	0	0	0	0	0	0.253338078400116	0	0	0	0	0	0	0	0	0.46898162889211	0	0	0	0	0.510302570361185	0	0	0	0.450654293197604	0	0	0	0	0	0	0.473071613030282	0	0	0	0	0	0	0	0	0	0	0.528029691515647	0	0	0	0	0	0.428004340936596	0.0548206759339563	0	0	0	0	0.296645999337935	0	0	0	0	0	0	0	0	0	0	0.0394627230774979	0	0	0.285725829511092	0	0	0.285466740367672	0	0	0	1.58219839147616	0	0.746548048744361	0.721675337224585	0.741229727462917	0.768175324038442	0.785131297037607	0.699241460970801	0.690976229333832	0.78258722370473	0.686791596021146	0.685099771659601	0.689203665640157	0.656781769248821	0.610616771775252	1.32086970695979	0.625396669514893	0	0.628360302315016	0.618558266012112	0	0	0	0.573530348754897	0	0.574666224171206	0.55424378251174	0	0	0.523087252782822	0	0	0	0	0	0.399113994905483	0	0.506688262787127	0	0	0.342059123852713	1.23207124457807	0.28385188526906	0.461669295229355	0.297562026995638	0.272948676303227	0.327535484967418	0.274362190154664	0.27941783071208
SRR16168930	0	0	1.32552570765503	1.12927583204055	1.0758978848608	0.3743485146279	0	0.935656394820736	0.932356312523597	0.870872679305043	1.00068539349258	0.787040058607953	0.339232506624383	0	0	0.553671299526193	0	0	0	0	0	0	0	0	0	0	0.462172475815635	0.186004942845543	0.215500179380564	0	0	0	0	0.36695165581619	0	0	0	0	0	0	0.0828730959957189	0.50473684549178	0	0.128750707021518	0.397454242825473	0.150999691391292	0	0	0	0.215670925089727	0	0.150791931370277	0.347011692968409	0	0	0.390571562704778	0.0347680663294654	0.316581137892881	0	0	0.703689596002826	0.36496831283278	0.0672720628924376	0.391948096673914	0.336358147219018	0.342741021240072	0.37168248203207	0	0	0	0	0.245055587279319	0.250410374985956	0.794733910731559	0.35777471505987	0	0.233148421044629	0	0.232278866309678	1.23718682680577	0.239969821592681	0.231794698324485	0.226890696553676	0.233515373500941	0.0563539200281828	0.0714053897449283	0.224930993860876	0	0.212621920194999	0	0.987608640969578	0.207867929680864	0.205901930993436	0.246783399270929	0	0.104523115938587	0	0	0.0732105760302017	0.394976457235999	0	1.01224605511633	0	0	0	0.916363797503188	0	0	0.665417613413777	0.816802536979202	0	0	0.182255313085831	0.798239015473052	0.189305649397264	0.100574305630438	0.840910110865259	0.760731156920778	0	0.0805367704193337	0	0.236459887743197	0	0.342270518776335	0	0.74211608497208	0.0738631796945599	0	0	0.737962809227436	0.198097609164009	0.760428500394536	0	0.730140297330624	0.746826013575392	0.765226220681197	0	0.68888377336021	0.666754347795877	0.690668741970658	0.697183663533998	0.741040046924668	0.865401120671035	0.705983367771021	0	0.69448366518738	0	0.680959219490782	0.493650866128483	0.6567869842968	0.717193228762465	0.636973167540425	0	0.688570750768778	0.0629985908473613	0.649967857648859	0.758348663076259	0.286917283329896	0	0.730255699009608	0	0.723776784285614	0	0.700632898688118	0.276164443412065	0	0	0.168477589064706	0.673295803107919	0.715592934751456	0	0.280621120958052	0.771668727563182	0.512155647285171	0.607136532940565	0.24454136048753	0	0	0	0.585508047092353	0	0	0	0.0957422162497634	0.49198423785148	0.49977056060216	0	0	0.560250897336153	0.0804337224402573	0.061832668327483	0.491437971702662	0.430259474526778	0	0	0	0.421138141353635	0.141728869321663	0.426144509001244	0.298176941565804	0.558698414583413	0	0.0712446324851829	0	0	0	0.416800441978671	0.557980804856064	0	0	0	0	0	0	0.427401414127759	0.430093095713853	0	0	0	0.399998649623317	0	0.421584159402747	0	0	0	0.434334625131834	0	0.441695392502872	0.296776860106557	0	0	0	0.487851673991184	0	0.352651864730179	0	0.481325009675925	0.283720740400598	0.116586581832779	0.373297039185314	0	0	0	0.482292278187426	0.395146709235165	0.061006457537717	0	0	0.419104488454285	0	0	0.0557686013049646	0	0.396623045432058	0.512466880586625	0.0503318766821456	0	0.156314415077274	0	0	0.171620874161415	0.035908572089573	0	0	0	0.342238116498894	0.880521285605795	0	0	0	0	0	0	0	0	0.184537887839284	0	0.326817263260783	0	0.108921348275221	0	0	0	0.0776457409268013	0	0.394780249406523	0.495843395881403	0.0794913835108969	0	0.764023436079173	0.709607675978094	0.721553363936033	0.700402694810049	0.679187768693628	0.68750344999506	0.620129159610595	0.657782562965587	0.644273565353931	0.653370963884226	0.58248195654113	0.601256810360591	0.750733134649863	0.0595006434798601	0.716609349859007	0.0564351405935593	0.556387497751183	0.574693360738329	0.207514056892022	0.537762527853841	0	0.51673510395564	0.206993293457944	0.442723709377008	0.58787759108898	0.205681355136581	0.248629993889457	0.447699680614024	0.171842561631728	0.232736000768895	0.557132446450685	0.38994974871265	0	0.430444238259383	0.182050281626253	0.35099550225371	0	0	0.194101212642502	0	0	0	0	0	0	0	0.101065695132736
SRR16168938	1.47353506087654	1.18125841991127	1.39369905151606	1.14433627999964	1.14172150416625	1.47736825905889	0	0.926911874868622	0.981209107594948	0.872596871912981	1.04736173000543	0.286631484247599	1.19836119183454	0	0	0.401960432007401	0	1.33287379897353	0	0	0	0	0	1.00801043875584	0.938296968135598	0.170998453600043	0	0	0.130999876639057	0	0.219701294910294	0.167661090880267	0	0	0	0	0.154119221264743	0	0	0	0	0	0.557101000651803	1.69503207457807	0	0.439077289960037	0	0	0	3.09937553139488	0	0.428250799142925	0	0	0	0	0	0	0	0.316696416140505	0.324630828034449	0	0.11760831170944	0	0	0	0	0	0	0	0.268831687884254	0	0	0	0	0.535847489605434	0	1.12020021929266	0	2.23165854539643	0	0	0	0	0.193328469683472	0	0	0	0	0	0.479812439878538	0	0	0	0	0	0.25520418346251	0	1.51233292382977	0	0	0.414756580493797	0.172920870151997	0	0	0.417510113616896	0	0	0	0.378854262248519	0	0	0	0.428209784638809	0	0	0.355590518669978	0.384597335427183	0.601165313180435	1.34905287169492	0	0	0	0	0	0.432908441526436	1.19793216958272	0	0	0.393648038766481	0	0.373620746846843	0	0.38512132788802	0.411775110569995	0.378173833281765	0	0.42075603522359	0.347186290305124	0.399677815878716	0.396537679807913	0.36270777569524	0.357366827039039	0.431857023105664	0.154374992231071	0.415784664119763	0	0.388778879693129	0	0.399283900245137	0.403897476944076	0.371990083021268	0	0.413007667612216	0	0.418594019064143	0.385660110318372	0	0	0.342387818407029	0	0.413835455164295	0	0.435135449916591	0	0.835689993470098	0	0	0.355911330197332	0.386750383880005	0	0.230907276448083	0.373140781932806	0	0.398175514321346	0	0	0	0	0.39647496000572	0.934825776522491	0.519448659398118	0	0	0	0	0.450035284464286	0	0.358615606654132	0	0	0	0	0	0	0	0	0	0	0	0.210152958272397	0	0	0	0.421221854239213	0	0	0.187232593676694	0	0	0	0	0	0	0	0	0	0.135588841666453	0	0	0	0	0	0	0	0	0	0.163960931124828	0	0	1.42927348537941	0	0.186905296520856	0	0	0	0.164616660645784	0.553811192842697	0	0	0	0	0	0.160399215895016	0	0	0	0	0	0	0	0	0	0	0	0.119079236695593	0	0	0	0	0	0.214781957589653	0	0.131751749578663	0	0	0	0.113166842998634	0	0.945843090245871	0	0.12288963615656	0.22914400089566	0	0	0.861907593364851	0	0	0.263114648646309	0	0	0	0	0	0.0947476216065244	0.242286507344388	0	0	0	0.379664107723847	0.389672200458615	0.400935350638066	0.411256548988802	0.355229630328792	0.341998900711996	0.355476493605047	0.401448962091925	0.352114975675488	0.400273205352776	0.369111248266212	0.380186817053532	0.369202831308316	0	0	0	0.330266861820468	0.393931306999397	0	0	0	0.408198492112718	0	0.341922922730778	0.340180649414855	0	0	0.33819829020534	0	0	0	0	0	0	0	0	0	0	0	0	0	0	0	0	0	0	0
SRR16168940	0.350646673529221	0.305363162035484	0.19071737335043	0	0	0	1.83565053325268	0	0	0	0	0.0957611661719744	0	0.326480655319894	0.354180204012844	0	0.185311040337719	0	0	0	0.462610181197295	0	0	0	0	0.18614534658935	0	0	0	0	0.166284597872427	0.169490478868863	0	0	0	0.4528852288733	0.165564239964934	0	12.9550151854437	1.89293752969599	0	0	0.171088528901076	0	0	0	0.481518293527321	0	0.514652886629787	0.106227063153213	0.509061706118208	0	0.645745137557565	0.422299901679547	0	0	0.380916422932881	0	0	0.196734253284678	0	0.562751598626108	0.972791615423936	0	0	0.892178082443525	0	4.04340766242207	0	0	0	0	0	0	0	0	0	0	0	4.08040201259889	0	0	0	0	0	0	0	0.234623749009604	0	0	0	0	0	0	0	0.4665727435077	0	0	0	0	0	0	0	0	0	0	0	0	0	0	0	0	0	0	0	0	0	0	0	0.0930990530373101	0	0	0	0	0	0	0	0	0	0	0	0	0	0	0	0	0.0666064132094636	0	0	0	0	0	0	0	0	0	0	0	0	0	0	0	0	0	0.718805598197699	0	0	0	0	0	0	0	0	0	0	0	0	0.0677035673539051	0	0	0	0	0	0	0	0	0	0	0	0	0.27014698434965	0	0	0	0	0	0	0	0	0	0.539455069884821	0	0	0	0	0	0	0	0	0.988915658549902	0	0	0	0	0	0	0	0	0	0	0	0	0	0	0	0	0	0	0	0	0	0	0	0	0	0	0	0	0	0	0	0	0	0	0	0	0	0	0	0	0	0	0	0	0	0	0	0	0	0	0	0	0	0	0	0.0615375775998216	0	0	0	0	0	0	0	0	0	0	0	0.0609518419593167	0	0	0.16394911359484	0	0	0	0	0	0	0	0	0	0	0	0	0	0	0	0	0	0	0	0	0	0	0	0	0	0	0	0	0	0	0	0	0	0.635350061674949	0	0	0	0	0	0	0	0	0	0	0	0	0	0	0	0	0	0	0	0	0	0	0	0	0	0	0	0	0	0	0
SRR16168941	0.227680136100696	0.2009003974008	0	0.113219275643912	0	0.129256596718852	0	0.128471470433659	0	0.0918415860662665	0	0	0	0	0	0	0.238219051605804	0	0.686004447066155	0	0	0	0	0	0	0.179966775258321	0	0	0.101986137536794	0	0.1644655134212	0.164079820979932	0	0	0	0	0.153426599369776	0	0.120292165964867	0.462656795181332	0	0	0.075994156739185	0	0	0	0	0	0	0	0	0	0	0	0	0	0.236873517315599	0	0.234687949384383	0	0.710818765505396	0	0.10373247839839	0	0	0.122628871691472	0	0	0	0	0	0.756035680599049	0.730452612019928	0	0	0	0.757379858604195	0.0842863530692728	0.671189603664917	0	0.699065597934076	0.670467781827911	0.686515906954792	0.749678964551244	0	0	0.610884812074765	0	0.630563900734664	0	1.11659101925792	0.578505324125253	0.616892919981933	0	0	0	0	0	0.110964264413964	0	0.342472681128428	1.11725223820575	0	0	0.341029385181676	1.05127033516426	0	0.0656967864401455	0.543337070766304	1.02219551653733	0	0	0.538649702804513	1.05353994862385	0.503404047231553	0	0.934497714693375	1.00818684409483	0	0.105894321995791	0.348659223735858	0	0	0	0.295989913296897	0.97561904723353	0.118171679937197	0.322474139654344	0.321514814753987	1.00828308994183	0	0.98293492502757	0.315806553837988	1.41868174152077	1.05804422023283	0.907988112655274	0	1.19044089629611	0.940315175575454	4.30715929486213	1.00856592613957	0.931005423262449	0.945758475043724	0.992099011077258	0	0.987902353601299	0.325721849481625	0.93889471748307	0.48665376065024	0.882922466377996	0.902038766303865	0.861681578567881	0	0.926472904253644	0.212537553378761	0.921537904654464	0.896819788213525	0.208965804337644	0.197464132726663	0.877063468106367	0	1.09334162536969	0.310075148916422	1.08710707148529	0	0	0	0	1.01052455513317	1.04762427937343	0	0.444328449447416	0.920063388964946	0	1.03389784385877	0	0	0	0	0.904830537643742	0.328116628839125	0	0.203907175341071	0	0	0	0	0	0.891062393078572	0	0.216449730351067	0	0	0	0	0	0	0	0	0	0	0	0	0.286087460924731	0	0	0	0	0	0	0	0	0	0	0	0	0	0	0	0	0	0	0	0	0	0	0	0	0	0	0	0	0	0	0	0	0	0	0	0	0	0	0	0	0	0.115383906444605	0	0	0	0	0	0.0794822867918793	0	0	0	0	0	0	0	0	0	0.0943779198460991	0	0	0	0	0	0	0	0	0	0	0	0.054153898195542	0	0	0	0.0628472927722038	0	0.0593103549209844	0	0	0	0	0	0	0.292855487385198	0.27632042993745	0	0.876888620462071	0.905425217928846	0.864446384545047	0.9166171249392	0.84143943753119	0.825791514218139	0.816171792543327	0.813493736694593	0.944355630053396	0.848924938701433	0.906607396599639	0.857368128157821	0.789881837890984	0.213597323624795	0.798948206099697	0.175187694354384	0.749732862756912	0.846105041159888	0.317047094994707	0	0	0.769386009007228	0.280477914649451	0.737879758291695	0.81138960706771	0.291692538572377	0.393515172599416	0	0.268535677349486	0.279859912571536	0	0.637197614999243	0	0	0.267050822015348	0	0	0	0	0	0	0	0	0	0	0.126557028859471	0
SRR16168942	0.259979160641895	0.328714093416724	0.326886899767989	0.255789352442753	0.21753679832312	0	0.745653939322626	0.269814956088782	0.213327588459174	0	0.239811455074823	0	0	0	0	0	0.225417111261767	0	0	0	0	0	0	0	0	0	0.488950108808579	0	0.0700779351848529	0	0	0	1.49063720193798	0	0	0	0	0	0	0	0	0	0	0	0	0	0	0	0	0	0	0	0	0	0	0.304696487913781	0.70342137176166	0	0	0	2.01053407751375	0	2.47937222865894	0	0	0	0.195367671714865	0	0	0	0	0	0	0	0	0.0819705488687997	0	0	0	6.72054263032285	0	0	0	0	0	0	0	0	0	0	0	0	0	0	0	0	0	0	0.237112565135841	0	0	0	0	0	0	0	0	0	0	0	0	0	0	0	0	0	0	0	0	0.244452088938724	0	0	0	0	0	0	0.241889170917691	0	0	0	0	0	0	0	0	0	0	0	0	0	0	0	0	0	0	0	0	0	0	0	0	0	0	0	0.424385351373024	0	0	0	0	0	0	0	0	0	0	0	0	0	0	0	0	0.13131383084047	0	0	0	0	0	0	0	0	8.70663056482046	0	0	0	0	0	0	0	0	0	0.308548183362668	0	0	0	0	0	0	0	0	0	0	0	0	0	0	0	0	0	0	0	0	0	0	0	0	0	0	0	0	0	0	0	0	0	0	0	0	0	0	0	0	0	0	0	0	0	0	0	0	0	0	0	0	0	0	0	0	0	0	0	0	0	0	0	0	0.0930972153559774	0	0	0	0	0	0.145698711719693	0	0.178562338586348	0	0	0	0.092624446225844	0	0.235972860404213	0	0	0	0.105465799611763	0	0	0	0	0	0	0	0.334752706230258	0	0	0	0	0	0	0	0	0	0	0	0	0	0	0	0	0	0	0	0	0	0	0.357333718128883	0	0	0.226941194822603	0	0.615424685543443	0	0.247555022896122	0	0	0	0	0	0	0	0	0	0	0	0	0	0	0	0	0	0	0	0	0	0	0	0
SRR16168943	0.097003961821904	0.0906790179787339	0	0	0	0.160201465556112	0.0463206155805758	0	0	0	0	0	0.141646511709357	0	0	0	0	0.162942257116757	0	0	0	0.981796784417825	0	0.12564022752218	0.14105400537951	0.161773514560855	0	0	0	0	0.15457857056273	0.153617195221631	0	0	0	0.117553126075707	0.144204949560562	0	0	0	0	0	0	0	0	0	0.12592211029755	0	0.109338392543447	0.0550978793601684	0.118339689846994	0	0	0	0.565679677364121	0	0	0	0	0	0.24492599333	0	0.0986484512844897	0	0	0	0	0	0	0.439816999717547	0	0	0	0	0	0	0	0	0	0	0	0	0	0	0	0	0	0	0	0	0.770585512294012	0	0	0	0	0	0	0	0	0	0.0740751242430201	0.764767248543245	0	0	0.0765450952811529	0.832132156975806	0	0	0.856693211465454	0.669341381253371	0	0	0	0.681254228208934	0	0	0.638789933797272	0.666648960023948	0	0	0.09545010189537	0	0.2731619827589	0	0.0624997010619441	0.634743202680834	0	0	0.0744385477471105	0.632678404449634	0	0.654596329609748	0	0.634842745975414	0.738036225891912	0.620205077093211	0	0.684765324791486	0.699140190833082	0.656634120229189	0.651866405803917	0.660715553711249	0.646935375296854	0.641455402656234	0	0.62374753582971	0.0833514974233817	0.675707143904163	0.747185319111575	0.634721556197541	0.617366439979496	0.593269795034943	0.357377526612535	0.610022826130706	0	0.621002317578566	0.721128778825698	0.34734224056331	0	0.627034757111307	0	0.601779402741037	0	0.602344552709282	0	0	0	0	0.712895180527394	0.568651587680436	0.0372484391674352	0.0704671683405578	0.647226005372061	0.789452395176736	0.618157872263089	0	0.255256677870112	0	0	0.546894796008192	0.0276179875261526	0	0	0	0.817051459141788	0.8390379894613	0	0	0.521825882191776	0.0686480889160135	0	1.24512883658307	0.845474394974226	0	0	0	0.827707562948406	0	0.662474148670149	0	0.0948173802906262	0	0.0624655391876677	0	0	0	0.639698393561531	0.0831520915310515	0	0	0	0	0	0	0.670334770466926	0.755056977949409	0	0	0	0.646744180200874	0	0.666123111912862	0	0	0	0.723133495487582	0	0.0784264999437413	0.681435746362606	0	0	0	0.0925947331585844	0	0.632168159413447	0	0.0845557864595088	0.672037805663052	0	0.714021940480111	0	0	0	0.0709462431011533	0.574383322075408	0	0	0	0.602660098301797	0	0	0	0	0.682552474146911	0.444338449134148	0	0	0	0	0	0.192875257807572	0	0	0	0	0.577191301737255	0.173198857054592	0	0	0	0	0	0	0	0	0.402960717912853	0	0.244623861118829	0	0	0.180734737859623	0	0.184134848246742	0.173192981544829	0	0	0	1.20782627469859	0	0.665186144418655	0.656773747620713	0.61551140843623	0.668825464434731	0.675902142779589	0.605917430922042	0.605310219133685	0.608798372711916	0.557138465490741	0.556289013216914	0.555984683180089	0.569330198525213	0.619634617639961	0.951150130609349	0.662153093898048	0	0.556924159026469	0.55145614736369	0.802235333012711	0	0	0.478849216168952	0.706209018015047	0.450356096089103	0.485681311596408	0.771809910229039	0.657854374043008	0.394534447343402	0.726617812411185	0.698607988594398	0.52915989136692	0.516962236158453	0	0.163748748412372	0.641209859562979	0.292774761426664	0	0	0.212422099439732	0.172008018460635	0.163909215284935	0.159467255165809	0.143367192882645	0.133535139194819	0.155953723772206	0.150232339531313	0.158344530983186
SRR16168945	0	0	0.726271228138045	0.684105851784671	0.76491983285615	1.3447196075493	0.57079426163292	0.805838013911687	0.620955868509879	0.77458541811145	0.562413392318409	1.17492004875462	0.88619166989672	0.576601665315131	0.767613494786641	0.719778445706094	0	0	0	0	0.658669767919681	0	0.512223132242391	0	0	1.08945505299222	0	0.0571032480274117	0.515113650349333	0	0.972331526239823	1.00745735241534	0	0.317893628802666	0	0	0.975168798928875	0	0.226170922501804	0	0.482230056278107	0.398674890764639	0.814377218763016	0.241606821272805	0.263226134259891	0	0	0.735896506201146	0	0.252504761661238	0	0.28820936168282	0.121044271937575	0	0	0.747792359057072	0.0683766814759766	0.286549061483857	0	0.403973819234387	0.532047051103547	0	0	0	0	0.150325461944839	0.203674646896219	0.336733583527297	0	0	0.410973471360207	0.488505947813861	0.473977466973822	0	0.170832017355278	0	0.466278038744922	0	0.450412398463495	0.547235869273556	0.453581565165087	0.451950923523082	0.448817214005424	0.596632774760281	0.085172347990143	0.0866667432571108	0.423689620242418	0.249131527489751	0.406112936226464	0	0.66115735506556	0.394675713701235	0.398487817270384	0	0	0	0.398741880177968	0.554743893974145	0.0580023271712965	0	0.57739321592698	0.616570469288253	0	0	0.603699030904462	0.584593070810341	0	0	0.631751791364022	0.491661679481189	0	0	0.358943524978982	0.404814631533294	0.402413185630022	0	0.493210835786289	0.513266712956184	0.827900224668765	0.0615209965292961	0.581869076491049	0	1.23153508701096	0	0.520183510200636	0.473844516835302	0.0548229239881206	0.543298937760235	0.5418909051696	0.41438776312566	0	0.514838943883516	0.515137559427937	0.439357733299291	0.407575216182618	0.447849815328082	0	0.454196073819175	0.465197006302779	0.422363462219449	0.407612453399864	0.492880335821913	0.487852916609757	0.430322161562512	0	0.450021974451235	0.53426381789441	0.419237883546768	0.486725331775606	0.363137915677814	0.392811502483462	0.402764411224872	1.41445028620813	0.379768507244372	0.0858980347625028	0.362722436167534	0.488253578702075	0.469543529156725	0.195796545936896	0.462570902663859	0	0.402445086077757	0.508032511576104	0.431238244641606	0	0	0	0.113148305378987	0.391540897075311	0.404162525866309	0.114127833489357	0	0.447011226018461	0.435048030414615	0.350031580007342	0	0.890233108576685	0.351646140442054	0	0.357575144703451	0	0.626320184428069	0.181690709100894	0	0.404024227599164	0	0.618326081263162	0	0.345227116455153	0	0	0	0	0	0	0	0.384006771979989	0.10003592136972	0.399697946836453	0.190283636618658	0	0	0	0.443086341441891	0.545708240143541	0	0.446173259301421	0	0	0	0	0	0	0	0.401054058512829	0	0	0	0.432012874973441	0.437490308660176	0	1.97133299734011	0	0	0	0.425376680519943	0	0	0.453499165858388	0	0.0919219128162503	0	0	0	0	0	0	0.462074088612701	0.0872058857163191	0	0	0	0	0	0.487944329288072	0	0	0	0.385920006529885	0	0	0.087886599399889	0.751358259633998	0	0.389939104909237	0	0	0	0	0	0.246119275367128	0	0	0	0	0	0	0	0	0	0.0561612089966845	0	0	0	0	0.269119895419674	0	0	0	0	0	0.0732148674031114	0	0.152858368674588	0	0	0	0.967803838732569	0.0434997070456715	0.423307958049043	0.435374014957784	0.458965997131612	0.419087459896565	0.41533155752724	0.465197571547552	0.359629948576225	0.477643770822962	0.366512082519263	0.399833799239651	0.346428225569238	0.388299479793701	0.445636994259943	0.752973763811861	0.547898279519789	0.0935217449805684	0.296047843323027	0.38235949870863	0.328650077089358	0	0	0.361321283568085	0.312640126009014	0.31244625033187	0.327370291672755	0.302013811743843	0.300455302014523	0.252327227720198	0.264705028782429	0.300982214973017	0.376043954919073	0.289364093653967	0	0	0.269659150859971	0.257585811667027	0	0	0.172394048863382	0	0	0	0	0	0	0	0.126247171440339
SRR16168952	17.2964220348877	9.83867724098842	0	0	0	0	0	0	0	0	0	1.81515061736972	0	2.61554238831223	2.79467896392154	2.58604890672371	0	0	0	0	2.03889069185298	0	1.57998682021122	0	0	0.112364663658011	0.873543021905115	0	0	0	0.0958173916074102	0.0988421528993825	0	0.736119446054334	0	0	0	0	0	0	0.554865449614863	0.574216309636538	2.19469113544255	0	0.915828332611778	0	0	0	0	0	0	0	1.10124552954472	0	0	0	0	0.501723754459842	0	1.29616264686124	0	1.31015229208333	0	1.4476812985568	1.32834411031054	1.20449285894313	0.921563769250157	0	0	0	1.1878645556926	0	0	0.916807315725378	0.885166871669109	0	0	0	0	0	0	0	0	0	0	0	0	0	0	0	0	0	0	1.23260291838549	0	0	1.09645683068493	0	0	0.957010640867232	0	0	0	0	0	0	0	0	0	0	0	1.04229443967854	0	0	0	0	0	0	0	0	0	1.05106542129802	0	0.995982451779941	0	0	0	0	0	0	1.44075472194676	0	0	0	0	0	0	0	0	0	0	0	0	0	0	0	0	0	0	0	0	0	0	0	0	0	0	0	0	0	0	0	0	0	1.1121314399606	0	0	0.0851855395414118	0	0	0	1.66475809217706	0	0	0	0	0	0	0	0	0.851656956759279	0	0	0	0	0	0	0	0	0	0	0	0	0	0	0	0	0.0761602902022156	0	0	0.197529492234012	0	0	0	0	0	0	0.276939647977949	0	0	0	0	0	0	0	0	0	0	0	0	0	0	0	0	0	0	0	0.187031135051186	0	0	0	0	0.245653824673939	0	0	0	0.205540183755496	0	0	0	0	0	0	0	0	2.51679654405906	0	0	0	0	0	0	0	0	0	0	0	0	0	0	0	0	0	0	0	0	0.118679067712149	0	0	0	0	0	0	0.0868360797858808	0.126480431189683	0	0	0	0	0	0	0	0	0	0	0	2.69151969022785	0	0	0	0	0	0	0	0	0	0	0	0	0	0	0	0	0	0	0	0	0	3.34875949264089	0	0	0	0	0	0	0	0	0	0	0	0	0	0	0	0	0	0	0	0	0	0	0	0	0	0	0
SRR16168969	2.92336084757414	2.15332250864292	0.810197120525663	0.787522789766477	0.467286562631771	0.427567365219768	0	0.543673558491351	0.433160743916156	0.355358229814339	0.443962505445021	0.503974128733878	0.656603098116914	2.60245928937332	3.40512050349417	0.659116118204369	0.69256852991892	0	0.45829682098974	1.71935777650272	2.27901427058715	0	2.24395577998169	0	0	0	0.42685359507448	0.436711946124071	0.2581178249645	0	0	0	0.29749728810117	0.173414546187074	0	0	0	0.745437339957439	0	0.23363672457456	0	0.220367440024799	0.700484144578259	0.242707682251302	0	0.274020155864343	0	0	0	0.136689111067323	0	0.220819486419428	0	0	0	0	0.0554024365883564	0.130103309828007	0.243496160597782	0.317451928419478	0.564095380341833	0	0	0	0	0	0	0	0	0	0.321744565625398	0	0	0	0	0	0	0	0	0.115270166342316	0	0	0	0	0	0.121112549534969	0	0	0	0	0.971320871956522	0	0	0	0	0.344062283979038	0.323291773822863	0	0.148985681201653	0	0	1.00438590117727	0	0	0	0.918600788973075	0	0	0	0.808347289746018	0	0	0	0.838244188828447	0	0.272872132909709	0.834193373095922	0.864039058355321	0	0.189047312137368	0	0	0	0	0	0.844844073121986	0.163748850852825	0	0	0.734816285369579	0	0.850679597569211	0	0.72240866353969	0.740086105232555	0.780737043404937	2.82619970806085	0.720431437457793	0.738345573873624	0.678955779410708	0.823705289120482	0.732653531407905	0.821436385377965	0.722272561169018	0	0.730686268266748	0	0.728558678526674	0	0.722540167987671	0.746289425950658	0.745844646672599	0	0.707891084518455	0	0.712167516390489	0.736338665703239	0	0	0.733328185249162	0	0.744381934843713	0	0.922548719620595	0	0.301255381046566	0	0.0856126701780664	0.73928852405307	0.743311802622801	0	0.192901058221057	0.746977387158162	0	0.674781935108269	0	0	0	0.4531823379281	0.641832661048204	0.225341691541352	0	0	0.214600407666316	0	0	0	0	0.636749281839005	0	0	0	0	0	0	0	0	0.0739034127636199	0	0.163182928993524	0.222737189832062	0	0	0	0	0	0	0.241415554578861	0	0	0	0	0	0	0	0	0	0.41456356291151	0	0	0	0	0	0	0	0	0	0.229934288434991	0	0.52885167879433	0	0	0.235423485330007	0	0	0	0.210945990861578	0	0	0	0	0	0	0.185111852193293	0	1.62791879088438	0	0	0	0	0	0.157744307066835	0	0	0.487286185003359	0	0	0	0	0	0	0	0	0	0	0	0	0	0	0.0877762582823991	0	0	0.231114168211813	0	0	0	0	0.621989866003314	0.112739582288078	0	0	0	0	0	0	0	0.683317801123003	0.358651355596541	0.129219001843168	0.734285759211214	0.735378854063799	0.762098755788189	0.73837879037864	0.665858554667678	0.706973198580367	0.66470842553996	0.629289496372032	0.699113306368306	0.646015363438008	0.647398836553415	0.626025598306732	0.678898374025297	0.264971383535072	0.75787364080612	0	0.611865670682559	0.69244895690611	0.107066462537571	0	0	0.494621980276042	0.10954824686659	0.489549279601544	0.523100327516153	0	0	0.499680064055145	0	0	0	0.386228430023418	0	0	0	0.307619569872974	0	0	0	0	0	0	0	0	0	0.117035491758845	0
SRR16168974	0	0	0	0	0	0	0	0	0	0	0	0	0	0	0	0	0	0	0.537211556277432	0	0	0	0	0	0	0	0	0	0	0	0	0	0	0	0	0	0	0	0	0	0	0	0	0	0	0	0	0	0	0	0	0	0	0	0	0	0	0	0	0	0.888580814543754	0	2.12715248704185	0	0	0	0	0	0	0	0	0	0	0	0	0	0	0	0	0	0	0	0	0	0	0	0	0	0	0.612412146901291	0	0	0	0	0	0	0	0	0	0	0	0	0	0	0	0	0	0	0	0	0	0	0	0	0	0	0	0	0	0	0	0	0	0	0	0	0.270623563952681	0	0	0	0	0	0	0	0	0	0	0	0	0	0	0	0	0	0	0	0	0	0	0	0	0	0	0	2.92217914073704	0	0	0	0	0	0	0	0	0	0	0	0	0	0	0	0	6.18035926317851	0	0	0	0	0	0	0	0	0.632568399707393	0	0	0	0	0	0	0	0	0	2.10602487514169	0	0	0	0	0	0	0	0	0	0	0	0	0	0	0	0	0	0	0	0	0	0	0	0	0	0	0	0	0	0	0	0	0	0	0	0	0	0	0	0	0	0	0	0	0	0	0	0	0	0	0	0	0	0	0	0	0	0	0	0	0	0	0	0	0	0	0	0	0	0	0	0	0	0	0	0	0	0	0	0	0	0	0	0	0	0	0	0	0	0	0	0	0	0	0.46965192773181	3.01433157574013	0.278782746280106	0	0	0	0	0	0	0	0	0	0	0	0	0	0	0	0	2.24461823288725	0	0	0	2.16651064713509	20.7857151911679	0	0	0	2.86560747281489	0	0	0	0	0	0	0	0	0	0	0	0	0	0	0	0	0	0	0	0	0	0
SRR16168975	0.782452395330303	0.624267027140403	3.37180837511527	1.73177559191185	1.55405584453187	2.31952897820916	0	1.23276394745849	1.3328991361028	1.17865431791024	1.45451099566825	0	3.05532841124286	0	0	0	0	0	0	0	0	0	0	0	0	0	0	0.572488866391618	0.34256146388269	0	0	0	0	0.137781144592843	0	0	0	0	0	0	0	0	0	0.439866951893039	0	0	0	0.675418887540619	0	0.401797147563175	0	0	0	0	0	0	0.513631900894409	0	0	0	0.77836965386708	0	0.148713170717379	0	0	0	0	0	0	0	0	0	0	0	0	0	0	0	0	0	0	0	0	0	0	0	0	0	0	0	0.512597459584673	0	0	0	0	0	0	0	0.373597739454905	0	0	0.374778899968439	0	0	0	0	0	0	0	0	0	0	0	0	0	0	0	0	0.359172520662468	0.333179362577573	0	0	0	0	0	0	0.324029763455315	0	0	0	0	0	0	0.382582024908596	0.355824365411203	0	0	0.439682113759382	0	0.416059766854631	0	0.461928248074843	0	0	0	0	0	0	0	0	0	0	0	0	0.262305808625258	0	0	0	0	0	0	0	0	0.544543783031944	0	0	0	0	0	0	0	0.303700607248039	0.442286599902796	0.436547617827739	0	0	0	0	0	0	0.168436327449297	0.297742954726023	0	0	0.564595822422382	0.485595183082194	0.23864181568897	0	0	0	0.273484237674867	0.475544791629108	0.468341495527175	0	0	0	0.49328350444656	0	0.418275157598462	0.589332676336198	2.32495142466503	0	0	0	0.226196943018853	0.114184149750451	0.401262567222889	2.70004175185538	0	0	0	0	0	0	0.431853616752427	0.472290083614774	0	0.213353823793579	0	0.394509225866949	0	0.39502688489379	0	0	0	0.379493893943533	0	2.23260828973423	0	0.247430180795465	0	0	2.43236558067063	0	0.455644376023967	0	2.33353475921255	0	0	0.445786306175163	0	0	0	2.07709940586824	0	0	0	0	0.497655864038903	0.0665704282441263	0	0	0	0	1.80954788332892	0.180373743363738	0	0.638201341840316	0	0	0	0.140576679217172	0	0.153511479678705	0	0	0	0.149531395349511	0.230873398731154	0.154905836106611	0.694176986697347	0	0	0.13851986362946	0	0	0	0	0	0	0	0.179632151893742	0	0	0.124822306581236	0.0894319965494728	0.385369921754663	1.60536032608571	0	0	0	0	0	0	0	0	0	0	0	0	0	0	1.25195637374522	0	0.242533295659295	0	0	0	0.269959761345112	0.283356514348879	0	0	0	0.443533409291361	0	0	0	0	0	0	0	0	1.67787541838056	0	0	0	0	0	0	0.272215333538562	0	0	0	0	0	0
SRR16168976	0.339949578408625	0.316985846720719	0.307900918327822	0.244479836901288	0.217980650573756	0.320113323235675	0	0.197095985461946	0.193340414276176	0	0.221328854209648	0	0.335623907386364	0	0.115991091108319	0	0.164259971604609	4.87200066102236	0	0	0	0	0	3.52949265205137	3.29927327671431	0	0	0.466967213524468	0	0	0	0	0	0	0	0	0	0	0	0	0	0	0	0	0	0	0	0.0629161833462554	0	0	0	0	0	0	0.286192010571462	0	0	0	0	0	0	0	0	0	0	0	0	0	0.226620654190017	0.225963348183446	0	0.281913451537385	0.270462823325583	0	0	0	0.270302280788385	0	0.248673513310953	0	0.393545455520099	0.249114249743794	0.262322556998571	0.264834131310017	0.210020557522292	0.0839481393881753	0.244159325315855	0	0.227808569181389	0	0.406962903104015	0.226114947717323	0.234906714404886	0	0	0.0997259424308057	0	0	0	0	0.236040168497761	0.372553406911749	0.146207827432394	0	0.238378542654908	0.329272694040354	0	0	0.257271202503478	0.28091869113982	0	0	0.217076207850898	0.2680194079941	0.248474578511217	0.0929354081154635	0.299522590751047	0.329085257600939	0	0	0.22966174695754	0	0.793439243620726	0	0.228769760077183	0.271678676743234	0	0.249500259345686	0.234345485582366	0.257326962620343	0	0.31541068957051	0.224270521960446	0.265116042511129	0.239258602220879	0.259904480985707	0	0.285941095090415	0.268112465376804	0.267310906485038	0.256466179898939	0.278907596543666	0.270278307273822	0.277586654330254	0.133425662827246	0.267329041975033	0.220956847850312	0.255405219662971	0.199501936469597	0.234572529378902	0.238763555340789	0.248186758205563	0.734533274164481	0.244660993165586	0	0.253492297388863	0.296191644731879	0.157150362227475	0.12441969052871	0.257983866105838	0	0.248695628765105	0.225691479917336	0.257838805732293	0	0	0	0	0.230444761632754	0.244911356391544	0.462904200062229	0	0.244674575914877	0.664056991556889	0.2307655715104	0	0.595212791371562	0.257566370392595	0	0.222071385170958	0	0	0.152726142097668	0	0.951724775979688	0.706803777375769	0	0	0.210626071038255	0	0	0.659975769685122	0.625815635019457	0	0	0	0.594857091971053	0	0.571009814382494	0.0842354153923007	0	0	0	0.213214556057212	0	0	0.514980328595958	0	0	0	0	0	0	0	0.564575269587835	0.590617060836018	0	0	0.191842001710249	0.520859542044525	0	0.518744500852051	0	0	0	0.517505468406033	0	0	0.345403391158518	0	0	0	0	0	0.518491163878265	0	0	0.333106802956154	0	0.591948871621136	0	0	0	0	0.46532158097964	0	0	0	0.47064926813359	0	0.0594292374841038	0.0727410521308153	0	0.551560068179963	0.197112068835308	0	0	0	0	0	0.0976806066313927	0	0	0	0	0.425221597314071	0.115482219222939	0	0	0	0	0	0	0	0	0.212331026200841	0	0	0	0	0	0	0	0.132405991078557	0	0	0	0.454792377525206	0	0.24981630337598	0.265954412371556	0.282509352751968	0.274900034020696	0.242393944549639	0.260926884401953	0.230012666571188	0.263669048317791	0.224633366672691	0.245223517819885	0.216770834557195	0.220520577005978	0.258928799431002	0.40252241932605	0.379027396893383	0	0.215194808945051	0.198148340145456	0	0	0	0.205723072139682	0	0.191931215676611	0	0	0	0.162262629787276	0	0	0.240924080412401	0.18000274237424	0	0	0	0.17027214939823	0	0	0	0	0.120274431746993	0	0.119162312136611	0	0	0.210351087367596	0
SRR16168982	0	0	0	0	0	0	0	0	0	0	0	1.09898212236099	0	0	0	0.663270573267679	0	0	0	0	0	0	0	0	0	2.46089883858814	0	0	0	0	2.15864497864251	2.24333466206802	0	0.0801044281645895	0	0.406193647473714	2.13335478041723	0	0	0	0.240346460346245	0.110287365890433	0	0	1.30326368087279	0	0	0.205667015039715	0	0	0.356840676398658	0	0	0	0.468964357229488	0.162929653646633	0.0446791950375865	0	0	0	0	0	0.0549679329728508	0.414268911305438	0	0	0.540642207786259	0	0	0.357936377032881	0.0688983526428242	0.224563453596957	0.228206993310736	0	0.684323599439447	0	0.219300065281262	0	0.220228260274279	0	0.217400944325351	0.22481766345491	0.215853554746556	0.220507050884349	0	0	0.228975019651856	0	0.209433207036443	0	0.948190465882643	0.199901737702919	0.209227111850185	0	0	0	0	0.126951873363724	0.112534581666537	0	0.0841347928251199	1.06669625218242	0	0	0.0796012847702161	0.903367822841158	0	0	0	0.804370480975645	0	0	0.177586224696141	0.801099376426236	0.165946350336635	0	0.828181068193631	0.834334718864678	0.207962899697045	0.285472832099411	0.0874064049546445	0	0	0	0.0795338480419313	0.843124037259706	0.134353056336429	0.166936250177084	0.0797781782695807	0.707535094677466	0	0.864294294134209	0.0743826015415125	0.773845456663316	0.701225612273665	0.756705597202404	0	0.713970636897015	0.708631356381899	0.695667531992284	0.812800701998054	0.766165362255493	0.87010445888859	0.70452962384491	0	0.742287345390096	0.07962218879866	0.711526887703406	0	0.658302271241706	0.733416434194709	0.77537679035277	0	0.659952681564983	0.0853966802940702	0.682404739381701	0.760470038262919	0.190650392210589	0	0.757624727193647	0	0.732325936803163	0.129416229168884	0.787065230897659	0	0	0	0.0454454929608139	0.700740963098692	0.708019790837868	0	0.34832539798368	0.815160344907631	0.422747014381731	0.655182401528303	0	0	0	0	0.590377949014589	0	0.203242436750897	0	0	0.53846457519035	0.425359562035665	0.0839537162767041	0	0.60596664353989	0	0.0978466409064792	0.440556540685913	0.394949560281869	0	0	0	0.401715193430807	0.0415181059564745	0.356500283247992	0.202818180140057	0.501181348727717	0	0	0.0704800565748867	0.0790074741028433	0	0.311721696164936	0.509679642611652	0	0	0	0	0	0	0.371546929354883	0.405093962038346	0	0	0	0.323156606988097	0	0.310823226468204	0	0	0	0.314971455044568	0	0.46866339490599	0	0	0	0	0.473544614917097	0	0.372064699132096	0	0.452058170436096	0	0	0.358937397468041	0	0	0	0.408369505832433	0.279821289967813	0	0	0	0.334918659961295	0.0670916070604893	0.440958944313081	0	0	0.335399260229329	0.484474783033486	0.0653475247040472	0	0	0	0	0.205988427464807	0	0	0.067461579682967	0	0.306634090811926	0	0.0670349406074373	0	0	0	0	0.0534043294800193	0	0	0	0	0.0538076884383563	0	0	0.140795420191541	0	0.119374726493979	0.104006255810014	0	0	0.366230428237453	0.930938021558945	0	0.767787149793459	0.755348992181605	0.750272463293714	0.711534148766781	0.668225509757166	0.685447010018686	0.607155820314259	0.608007294969671	0.657655242893774	0.640437170107065	0.583959543331771	0.603145653853243	0.72304954494973	0.704080250882521	0.818202479477941	0.0850774514996595	0.53105237555928	0.612890311331346	0.199900464555828	0.158987593420578	0	0.518584067526369	0.11851643773097	0.511852069178979	0.499202423117047	0.134057998831024	0.150451167063324	0.474838427835467	0	0	0.592565072175448	0.385525934770985	0	0.42145716011579	0	0.298118373263604	0	0	0.0964339650241637	0.110060304277104	0.0871469032244849	0.111505383688006	0	0	0.0885222204942945	0	0.111004374535632
SRR16168984	0.400664442608523	0.36543396078474	0.956878294845973	0.910007156103955	0.776750872380154	1.0390354302723	0.377010428454775	0.762944097072117	0.715081209110439	0.647674361527013	0.740192425222898	0.140682596319368	0.799091549806826	0	0	0.172955009402135	0.275313641478437	1.94967213250893	1.46752830221556	0.0941148088808555	0	0	0	1.55776079671736	1.39636876273663	0.135545576648299	0.184079657559855	1.41559429226986	0.316337636000745	0	0.214535912318506	0.149410955628167	0	0	0	0	0.124772073003065	0	0.970064159634869	1.02245449994771	0	0	0.151941271164732	0.469050446495784	0	0	0	0	0	0.337680042740436	0	0	0	0	0.251505870871692	0	0	0	0.540293808154575	0	0.0923937967019205	0	0	0	0	0	0	0.442723074451928	0.146167577367171	0.210846832204425	0	0.674296749841222	0.665832015368366	0	0	0	0.701804001077759	0	0.629421563513346	0	0.631830472267396	0.622083087948556	0.632330081373923	0.666564900418319	0	0.0886593552346156	0.582695354898834	0	0.570026236795032	0	0.49697149392578	0.557375780516024	0.552921959774365	0	0.0912557647240698	0	0	0	0	0	0.132664229504974	0.378988597738151	0	0.0883063722241656	0.170057487829904	0.361097905849067	0	0	0	0.31909763862363	0	0	0.517534276678419	0.295542637175779	0.504148522068828	0	0.320410878095252	0.317427491095023	0.109565820748339	0	0.134260615105543	0	0.261483301132339	0	0.125577621617052	0.310237273600481	0	0	0.136933165949574	0.274537275141487	0	0.317049705063065	0.147307676771398	0.300221419964139	0.286518210608641	0.316279988443488	0	0.359117809967138	0.290675083313217	0.320092079068152	0.290463072162087	0.33117199789218	0.329544545990886	0.360745841074521	0	0.32750901237146	0	0.272981974492286	0	0.264241057610036	0.292978071359076	0.281660025061808	0.26602558814184	0.273589630175041	0	0.272184485370816	0.333796037850515	0.817678894414369	0	0.275666197050425	0	0.288195410116446	0	0.376213287773612	0	0	0	0	0.258065258857573	0.295758931228446	0	0	0.360571327602088	0.32910915248677	0.246167078948331	0	0.223399146337666	0.157243123167365	0	0.254123083120616	0	0	0	0	0.37341326099015	0.327144305721479	0	0	0.251999749212557	0	0	0.369668752642832	0.333732440003777	0	0	0	0.357891432433579	0	0.295185922836632	0	0.500396832158513	0	0	0	0	0	0.298405198393457	0.517081377274293	0	0	0	0	0	0	0.314442243825013	0.386523545695019	0.0751539309156332	0	0	0.278135525132492	0	0.291635804832091	0	0	0	0	0	0.446724701122229	0.376155058841776	0	0	0	0.47243493599178	0	0.316830183968381	0	0.47315661240103	0.376262025812813	0	0.288420136880235	0	0	0	0.391105899368482	0	0	0.133275135839394	0	0.344292955856221	0	0.147706581165183	0	0	0.309258765367552	0.284016589917736	0	0	0	0	0	0.4422595339793	0	0.11794510705098	0	0	0	0.0892449138431346	0	0	0	0	0	0	0	0	0.236492381770121	0	0	0	0	0	0	0	0	0	0	0	0.510322152603556	0.154586386513403	0.314137878781346	0.342968422698414	0.331460636521689	0.368390609996025	0.27745713515459	0.294240285626318	0.260597909821944	0.32675328774758	0.271572681428091	0.297858058740439	0.276362858291467	0.286915207679419	0.300442951256838	0.413856637827516	0.336080091599376	0	0.258557266007308	0.320660396868336	0.151380493992146	0	0	0.25693014337313	0.165214967386473	0.20205671768062	0	0.148859979003039	0.156016624278776	0	0.176423276222225	0.187800594526818	0.306465377678161	0.200974583283362	0	1.60611985341529	0.148758818197499	0	0	0	0	0	0	0	0	0	0	0	0
SRR16168985	0.0912030914392467	0	0	0	0	0.30197579880079	0	0	0	0	0	0	0.293951003380211	0	0.0861439368909256	0	0	2.60580137201636	0	0.0906774965255008	0	0	0	2.06977600416163	1.89453376085307	0.122207916918974	0	0.0721058329941937	0	0	0.203737019670338	0.111695269664386	0	0	0	0	0.105600236979547	0	0	0	0	0	0	0.0823970323251965	0	0	0	0	0	0.129034002383581	0	0	0	0	0.460805514299236	0	0	0	0	0	0.0580716810803923	0	0.0505603610446112	0	0	0	0	0	0	0.351536681647898	0	0.463778157650884	0.443017594025496	0	0	0	0.445510010877251	0	0.439030552399022	0	0.425045350911	0.436975309774536	0.450979623920066	0.437389839723405	0	0	0.416139251292119	0	0.404889145963521	0	0.651951529630887	0.404107909433873	0.409797476355733	0	0	0	0	0	0	0	0.182652209673063	0.543787761920142	0	0	0.142159315813061	0.63218343149962	0	0	0.432845164348368	0.542830660313145	0	0.0683952138233418	0.393395435692057	0.470209455319562	0.346361150068388	0	0.572222984784404	0.486999084603794	0.0808405506961888	0	0.172220815256402	0	0.0677710544971514	0	0.137767579541862	0.483704280185872	0	0.157607799874881	0.142093246191198	0.491949500398267	0	0.484215276739199	0.158925257641543	0.503931836514823	0.495042423807465	0.459922333964974	0	0.513538726986861	0.495499385556204	0.500480405692675	0.46575267159919	0.481155173362656	0.503718794347585	0.504011923610103	0	0.469306579999532	0.156019917582018	0.474147496029627	0.369239067794344	0.420853028608399	0.451786530391849	0.446572498902437	0.0777742659609027	0.474742945286757	0	0.441348341859094	0.560430249299893	0.231133814188434	0	0.497514122380258	0	0.476355167552402	0.145280709728066	0.464336805806067	0	0	0	0.0561171520304929	0.436407699035371	0.44697457697021	0	0	0.461234199171281	0.456422408673943	0.41416570513175	0	0	0	0	0.415862977650975	0	0	0	0	0.44913427497971	0.438673969331904	0	0	0.376644153098603	0	0	0.482573332292919	0.475967914113807	0	0	0	0.467014110015037	0	0.392478789955524	0.20183053484174	0.153876050328498	0	0	0	0	0	0.35909927412303	0.165316155149855	0	0	0	0	0	0	0.368194931318058	0.485647096267963	0	0	0	0.371314924680892	0	0.359788295055681	0	0	0	0.343935583369387	0	0.147622881336312	0.451220716215098	0	0.118267727962567	0	0.16341577370863	0	0.438446970488302	0	0.151171595268741	0.438815915694142	0	0.423193105554121	0.474714767142325	0	0	0.132604314944253	0.303593113074253	0	0	0	0.451854981709539	0	0	0.0582189837999622	0	0.392398072846598	0.327459638404555	0	0	0	0	0	0.123161101814955	0.088510045508122	0	0	0	0.366457608774556	0.397000992080133	0	0	0	0	0	0	0	0	0.274057535938212	0	0	0	0	0.140981227538305	0	0.121675914258108	0.126545462387626	0	0	0	0.545818604366475	0	0.454302973427548	0.482870890912097	0.508130312311911	0.476017082817273	0.46361759437161	0.48676622876785	0.418870194175838	0.437938091799513	0.446976148945994	0.431709948380856	0.421077533199807	0.400070442225142	0.444749175981014	0.463884284804672	0.451784293853861	0	0.368030768101624	0.416580761480582	0.385999229667338	0	0	0.383918459066052	0.360461721489873	0.337450802635612	0.385375308713018	0.729769239248953	0.374466584206586	0.305482675444237	0.339620160780113	0.321614835527307	0.387827628682172	0.341381326550838	0	0.200693801403951	0.344837082611235	0.255006960508269	0	0	0.149163328610226	0.12141541428863	0.110321826617467	0.110590614940049	0.104841614091063	0.10307439887746	0.112518218184821	0.112832913448567	0.134019847511015
SRR16168986	0	0	5.21233223918727	1.74541164152874	1.69763716354806	0.715526491514624	0	1.27807563231048	1.43537995523657	1.29984135399748	1.64532300779468	0	0.607405196232391	0	0	0	0	0	0	0	0	0	0	0	0	0	0	0.50293220963935	0	0	0	0	0	0	0	0	0	0	0	0	0	0	0	0	0	0	0	0	0	0	0	0	0	0	0	0	0	0	0	0	0	0	0	0	0	0	0	0	0	0	0	0.13694404369097	0.135913785964504	0	0	0	0.138654162932631	0	0.129192240859657	0	0.133473954489717	0.155055799687183	0.130609900555804	0.140454552595088	0.428290490443273	0	0.138135278458296	0	0.167572897902484	0	0.813442446747331	0.118871132552983	0.118010786090023	0	0	0	0	0	0.0938753131958386	0	0	0.736626328529423	0.330703924639156	0	0	0.773993425522608	0	0	0	0.719550384206268	0	0	0.114049863397899	0.683178879698872	0.103625640947836	0	0.67407415545659	0.658857861836897	0.473493629205755	0.0800834379134192	0	0	0	0	0	0.63048624902232	0.0741955219669589	0	0	0.668336691692024	0	0.672160689953435	0	0.647675453755308	0.65495029469541	0.643801482048859	0	0.687277833224042	0.677439349407772	0.659710690779506	0.649634100781442	0.680758770773188	0.664315529748469	0.631794337493526	0.257214834428561	0.688176546339053	0	0.632265876402509	0	0.634032727490919	0.604001589685519	0.637216135696701	0	0.693201181913014	0.205062058418649	0.672662558479269	0.587996813707687	0	0	0.65047188896618	0	0.675248860676642	0	0.612613975694878	0	0	0	0	0.604521640830817	0.576708318946014	0	0	0.566752650146402	0.491058485843332	0.597129664355619	0	0	0	0	0.606726517597221	0	0.39943475599096	0	0	0.505912309973247	0.517653006028708	0.357058044364557	0	0.591022286648905	0	0.134517588958275	0.702878291960556	0.462574684963965	0	0	0	0.412558309194875	0	0.388614305460621	0.164519132821304	0.310698619678668	0.205787882653234	0	0	0.335767430032795	0.0981186236790598	0.371050167044	0.321848593246706	0	0.0986962190598788	0	0.105277507865022	0.095483982193922	0.103860846232081	0.354939296902892	0.398143232227934	0	0	0	0.350301674615447	0.113809674954771	0.347559833275551	0.103751801991775	0.101300393947438	0	0.386252507194762	0.093374111484332	0.292630090933071	0	0	0	0.0994820082681535	0.311663689577104	0.0989099077598688	0.35631022714164	0	0.310051939604592	0	0	0.420706253180749	0	0.100197724701851	0	0.257970778153845	0.333457111303784	0	0	0	0.337419888019524	0	0.518072512350672	0	0	0.369186057184814	0	0	0	0.198247582354592	0.149192218651751	0	0	0	0	0	0	0.321600463198473	0	0	0	0	0	0	0	0	0	0	0	0	0	0.0513586010605415	0.209420609038548	0	0.178945247231208	0.200378396748011	0	0.0393845305475401	0	0	0	0.628102595471106	0.629646495856404	0.624126353460069	0.630759825754502	0.570139895776934	0.585685516564437	0.567639954453031	0.564695925882109	3.12309563370712	0.583327256438462	0.5752830941006	0.582386072915358	0.559998682349674	0	0.502989663307467	0.161837202204395	0.521726324168123	0.58825797940548	0.121813298150437	0	0.118674943875302	0.502807325032075	0.114843904245647	0.465533778158627	0.513729649961087	0.131271374987019	0.179781255512516	0.44806108815187	0	0.146557027340228	0	0.379707624166928	0	0.241765706506268	0.106225661809868	0.347542679214139	0	0	0.194850238305311	0.195977689558356	0.181367550473351	0.19444661325448	0.167325488338009	0.193794957434534	0.190578930810763	0.174031367271067	0.18520680065694
SRR20881974	0.352688295378431	0.568097852130055	0	0	0	3.02483540470125	0.535119299760659	0	0	0	0	0	1.51017005927127	0.58867632732855	0.27556246649897	0	0	0	0	0	0.907033743307366	0	0.674567089026079	0	0	0	0	0.410651137715423	0.727346542465618	0	0	0	0	0.127160173244307	0	0	0	0	0	0	1.48116466840676	0.479618881083568	0	0.365699981703878	0	0	0	0.160674543914582	0	0.409382553902212	0	0	0	0	0	0.149587432363521	0	0	0	0.366200723705091	2.1263456059251	0	8.05973587441093	0	0	0	0	0	0	0	0	0	0	0	0	0	0	0	0	1.58413542685682	0	0	0	0	0	0.105922054953874	0	0.295774086509057	0	0.326041422964585	0	0	0	0	0	0.496359614302719	0	0	0.603518234102795	0	0	0	0	0	0	0	0.223411464558863	0	0	0	0	0	0	0	0	0.487508869170488	0	0	0	0.75308566388543	0	0	0	0	0	0	0.599608779399761	0	0	0	0	0	0	0	0	0	0	0	0	0	0	0	0	0	0	0	0	0	0	0	0	0	0	0	2.8186357849705	0	0	0	0	0	0	0	0	0	0	0	0.205508784819119	0.0967560362168654	0	0	0	0.425714547833647	0	0	0	0	0	0	0	0	3.57246685127701	0	0	0.379772786084207	0	0	0	0	0	0	2.13575691968783	0	0	0	1.9214975148957	0.207427773678777	0	0	0	0.329333174730015	0	0	0	0	0	0	0	0	0.250996027104348	0	0	0	0	0	0	0	0	0.241869209407096	0	0	0	0	0	0	0	0	0	0	0	0	0	0	0	0	0	0	0	0	0	0	0	0	0	0	0	0	0	0	0	0	0	0	0	0	0	0	0	0	0	0	0	0	0	0	0	0	0	0	0	0	1.11590563577424	0	0	0	0	0	0	0	0	0	0	0	0	0	0	0	0.331773402774061	0	0	0	0	0	0	0	0	0	0	0	0	0	0	0	0	0	2.34882282366105	0	0	0	0.260481984918768	0.123770027548786	0	0	0	0	0	0	0	0	0	0	0	0	0	0	0	0	0	0	0	0	0	0	0	0	0	0
SRR20881975	2.09876290405931	1.3540136810077	2.26533037606197	2.56989403589219	2.1284764960417	1.24343544147761	0	2.04476873862874	1.7608339511799	2.03047745561277	1.66567679414055	0	0.947446752387341	1.10426617783886	0.599022344129333	0	0	0	0	0	0.995288504862067	0	0.775851434447481	0	0	0	0.354152522523712	0.59643292913836	0.123935543313234	0	0	0	0	0	0	0.341110820105905	0	0.704547765774458	0	0	0.211017721751326	0	0.317452551210986	0	0	0.752602418223617	0.33632672712666	0	0.35058837604314	0	0.322444757039836	0.637802339101431	0	0.320001022662987	0.171235568422498	0	0	0	0	0.145757453154055	0.550836247333784	0	0	0	0	0	0	0	0.078618043807511	0.135612287308112	0	0	0	0	0	0.527756183484884	0	0	0	0.532524336249795	0	0	0	0	0.312190396046393	0.317009576627188	0	0	0	0	1.0385476744033	0	0	0	0	0	0	0	0.144069860191288	0	0	1.06365324185424	0.212969709893354	0	0	1.08163301886937	0	0	0	1.01186195526262	0	0	0	0.870187805096286	0	0	0.997339925950619	0.988670111181218	0	0.123031157367456	0	0	0	0	0	1.01116588365114	0.121375711865177	0	0	0.851820354695879	0	0.871804646831944	0	0.945194256934578	0.878309159587702	0.841942415809892	0	0.760463288931879	0.836573997570278	0.880346758785227	0.793111390446521	1.05162718264646	0.92000244698717	0.765231459289307	0.218839124226371	0.791357927567301	0	0.848410651677699	0	0.774390974923951	0.762480401031598	0.809710546960507	0	0.854240820257483	0	0.815066842864546	0.908952846524497	0	0	0.948037605980146	0	0.873434025449317	0	0.89970682374634	0	0	0	0.215980152609509	0.897568977809608	0.867604391927399	0	0.0997587784526496	0.801754956487883	0	0.793977407454359	0	0	0	0	0.772165355203964	0.15384382037609	0	0	0	0	0	0	0	0.722669629974264	0	0	0	0	0	0	0	0	0.176664455793048	0	0.167318996106968	0.488368018031208	0.103666482491202	0	0	0	0.11364588614741	0	0.476557900921013	0	0.122239514444843	0	0.110564824263192	0.116627870986208	0.119141461139078	0	0	0	0	0	0	0.0985218882581778	0	0.110292830200426	0.110168738461214	0	0	0.104719139091538	0.393224411200935	0	0	0.0874750488132418	0.104981106949508	0.473899772199131	0.100241892439844	0	0	0.368893190823107	0	0.14548798533581	0	0	0.0968523257901201	0	0.377879019172011	0	0.0439353494255064	0	0.102198542481217	0	0	0	0	1.48243187114971	0	0	0.0521407376523653	0	0.214399071121543	0	0	0	0.0896406973065975	0	0	0	0	0	0.0494914988946999	0	0	0	0	0	0	0	0	0	0.0863578848618374	0	0	0	0	0	0	0	0	0.187978876821781	0	0	0.749861017995296	0.875207185803978	0.832379803670596	0.725962302298103	0.81280439532121	0.765667589935076	0.66375292867382	0.631030027600036	0.748359555874411	0.728807843340504	0.681235326299725	0.689979249343795	0.693078831664574	0	0.768549249546218	0	0.61802543252071	0.673511502603491	0	0.0805092329067047	0.111027450791381	0.556378084204952	0	0.573561685861851	0.579143020940004	0	0	0.599541571506064	0	0	0	0	0	0.361616289335621	0	0	0	0	0	0	0	0	0	0	0	0	0
SRR20881976	1.20253514498578	0.808384204670937	0.379088895460042	0.591435206229157	0.237258895070618	0	0	0.331200523378835	0.204371398992667	0.210104986718863	0.204747121893663	0	0	0.264114730815688	0.240717929033089	0	0.802889488814314	0	0	0	0.335850889784579	0	0.401354532164659	0	0	0	0	0.181636130572049	0.212055718621133	0	0	0	0	0	0	0	0	0	0	0	0	0	0	0.173560046671535	0	0	0	0.99020079593771	0	0.262767417419475	0	0	0	0	0	2.05075321032326	0	0	0	0.966462970763008	0.550731417769711	0	0.0870281011078509	0	0	0	0	0	0	0	0.499732246128683	0	0	0	0	0.151874420356628	0	0.123806803955545	0	0.045887230358339	0	0	0	0	0	0.0702719746876707	0	0.12311139491458	0	0.77245518746835	1.38138177953459	0	0	0	0	0	0	0.882763902057996	0	0	0	1.32019569846149	0	0	0	1.32800771581278	0.580423123551458	0.0611747798654809	0.133954398867329	1.33724080787066	0.489649940385066	0	0	1.18031769548122	0	0	1.40612766787673	1.20305239374852	0	0	0	0	0	0	0	1.16409317784942	0	0	0	1.04976400562695	0	1.12651947741058	0	1.12049023496884	1.15388106339199	1.16511350586973	0	0.966605792560766	1.15637576990652	1.00482916454438	1.04168832986047	1.57787190026738	1.1840152022736	0.92311279351677	0	1.00670655367287	0	1.05024168763447	0.109472158007039	1.06040830547682	1.08057106303959	1.08545126684684	0	1.02756162701389	0	1.05921615881852	1.12980716220227	0.0542651328471395	0	1.2358184878009	0	1.10225266319236	0	1.02520026292918	0	0	0.519851489524959	0	1.13697716219767	1.04105494324656	0	0	0.884537384305234	0	0.983425517245951	0	0	0	0	0.985547451865255	0	0	0	0	0	0	0	0	0.92051010435701	0	0	0	0	0	0	0.528763348099061	0	0	0	0.08254552944309	0	0.099773957707155	0	0	0	0.211473925556856	0	0	0	0.118512715751869	0	0.110450114818793	0.104814264488137	0.105432310384659	0	0	0	0.319561934610658	0	0	0.0967163946180984	0	0.104156816371111	0.102154907670888	0	0	0.0993431540883403	0	0	0.260340095402268	0	0.0973233121799355	0	0.0933741426410056	0	0.229468404883747	0	0	0	0	0	0.0892285668121508	0	0	0	0.100076076955574	0	0.0895350183693336	0	0	0	0	0.227843239017272	0	0	0	0	0	0	0	0	0	0	0	0	0	0.0991590457510358	0	0.244678196943744	0	0	0.219544112818304	0	0.128230536182784	0	0	0	0.0524450577784555	0	0	0.209259843207532	0	0.183827407561326	0.232974561658993	0	0	0	0	0	0.951346615534083	1.12756712159044	1.11557909078507	0.974513176542656	1.07098896502953	1.00837219144705	1.00355965438826	0.868802419936175	1.04792677088654	0.839363262054559	0.963890602209886	0.949992933975911	0.941592564108187	0	1.07168599885489	0	0.797896032145049	0.889152807629743	0.0965933147266178	0	0	0.676117140417344	0.109269546705878	0.760438662130211	0.693924095793206	0.128841789546408	0.276442172437169	0	0.192438646929032	0.145985896936482	0	0.577530358717768	0.096572429478137	0	0	0.495434255183139	0.081086306475669	0.084945032341476	0.20650639828907	0.198783905244173	0.496071832173177	0.214799955012738	0.245939627563769	0.193711552147664	0.22036241020596	0.23512636539109	0.224722150306183
SRR20881977	0.460943364131514	0.324351759562946	0	0	0	0.875798687724452	2.68910176904106	0	0	0	0	0	0.622281443853653	0	0	0	0.78539557932601	0	0	0	0	0	0	0	0	0.409275648775555	0	0	0	0.922307385505559	0.335782872657135	0.368914302768788	0	0	0	0	0.349651588309475	0	0.211995644505743	0	0.200704115875968	0.128547234012233	0.0590000004554413	0	0	0.196981212207809	0	0	0	0	0	0.18361647733211	0.785686793994297	0	0	0	0.0755201015307268	0	0	0	0.711546586449064	0.321528435704378	0.395401422288404	0	0	0.360445311066906	0	0.156620036598944	0	0	0	0.280190403456624	0.2621878368643	0	0	0	0.26280013474327	0	0.255877278487617	0	0.386965246030938	0.240686581872565	0.263585021568478	0.25741732917779	0	0.0411232034425221	0.242289789264139	0	0.227046280808756	0	0.533789182794201	0.224630192285433	0.241913329753247	0	0	0	0	0	0	0	0	0.431319936534515	0	0	0	0.497465480551963	0	0	0	0.465602338920279	0	0	0.225375345241826	0.36051998182807	0.214916566720786	0	0.633080299360492	0.39952141553145	0	0	0	0	0	0	0	0.414625638187166	0	0	0	0.375036696532736	0	0.407595001219923	0	0.450801355525891	0.412665903067444	0.379600641036537	0.519089364497772	0.395064160892611	0.411895881438287	0.390018699013374	0.393002523748076	0.475717304659965	0.43449589789902	0.374984198088637	0	0.363694638591385	0	0.365167513367804	0	0.350432096292996	0.36170065261044	0.410821475769721	0	0.394118621018612	0.189908337028294	0.339199084449668	0.381357660429803	0	0	0.407810969911334	0	0.341597467075732	0	0.4184040697451	0	0	0	0.0689863918560987	0.3838328537607	0.365735880239092	0	0	0.427470977283938	0.188361995280872	0.336669490470266	0	0	0	0	0.372348288033837	0.443822701098743	0	0	0	0.22465334669692	0.195897361309169	0	0	0.347713700061226	0	0.163900079228448	0.204591246960079	0.186495629547382	0	0	0	0.220371766114383	0.0598929967594116	0.180929125929887	0.258134026402584	0.189322394858027	0	0	0	0	0	0.160369795982462	0.23523140474521	0	0	0	0	0	0	0.177526557513045	0.209651091419397	0	0	0	0.167679162015506	0	0.157262313277129	0	0	0	0.146052133217059	0	0.178124521933423	0	0	0	0	0.223714725751934	0	0.160110674446473	0	0.179130803358205	0	0.11880794385305	0.172626677156799	0	0	0	0.159299663065363	0.140182243719241	0	0	0	0.250255744089399	0	0	0	0	0.153706379987328	0.340879822454614	0	0	0	0	0	0	0.045653333155214	0	0	0	0.146783517532431	0.0649470942621041	0	0	0	0.071550576214601	0	0	0	0	0	0	0	0	0	0.183920097414386	0	0.200840838247096	0.192301452171135	0	0	0	1.18381431730312	0	0.374803271562599	0.390509167341489	0.404502297537047	0.362526884671978	0.429516868402196	0.39543446562667	0.296850502529589	0.386033243956102	0.369594843760212	0.361657523342178	0.327230015883277	0.330214696603192	0.291940604244011	0.969928335125229	0.348664921029985	0.158666844992974	0.288405097262546	0.326451754631168	0	0	0	0.26890566032793	0	0.309897877408756	0.305950828679025	0	0	0.251232503622845	0	0	0.33295139345713	0	0.066009918794101	0.191296689653773	0	0.251519979006861	0.0606914448357437	0.0586803885150631	0.170079777191849	0.179527227690194	0.211879074454308	0.162625222666386	0.22200292097534	0.172136611767045	0.18109583101541	0.734221396492522	0.168831036788035
SRR20881978	0	0	0.828676466799826	0.5921932236496	0.604758791752105	0	30.2552910943242	0.832361817376111	0.451907397976915	0.61116228648935	0	1.88730734229834	0	0	0	1.00251904075012	0	0	0	0	0	0	0	0	0	0	0	0.973676735298247	0	10.6391462990961	0	0	0	2.60683721063723	0	0	0	0	0	0	0	7.56507531611302	0	5.89944597253521	0	0	0	0	0	1.73061669555887	0	0	0	0	0	0	0	2.10120264966528	0	0	2.20630376569452	0	0.509186632755074	0	0	0	0	0	0	0	0	0	0	0	0	0	0	0	0	1.47766853678679	0	0	0	0	0	0	0	0	0	0	0	0	0	0	0	0	0	0	0	0	0	0	0	0	0	0	0	0	0	0	0	0	0	0	0	0	0	0	0	0	0	0	0	0	0	0	0	0	0	0	0	0	0	0	0	0	0	0	0	0	0	0	0	0	0	0	0	0	0	0	0	0	0	0	0.514656471233717	0	0	0	0	0	0.286248430359034	0	0	0	0	0	0	0	0	0	0	0	0	0	0	0	0	0	0	0	0	0	0	0	0	0	0	0	0	0	0.397527063165886	0	0	0	0.898269892534739	0	0	0	0	0	0	0	0	0	0	0	0	0	0	0	0	0	0	0	0	0	0	0.175287333291328	0	0	0	0	0	0	0	0	0	0	0	0	0	0	0	0	0	0	0	0	0	0	0	0	0	0	0	0	0	0	0	0	0	0	0	0	0	0	0	0	0	0	0	0	0.63587012393073	0	0	0	0	0	0	0	0.462559978119295	0	0	0.123957127602866	0	0	0	0	0	0	0	0	0	0	0	0	0	0	0	0	0	0	0	0	0	0	0	0	0	0	0	0	0	0	0.434840168986872	0	0	0	0	0	0	0	0	0	0	0	0	0	0	0	0	0	0	0	0	0	0	0	0	0	0	0	0	0	0	0
SRR20881979	1.44138573150228	1.25344745618152	3.43669749315888	3.80103077216517	4.15402718935278	3.03593924705119	0	3.74755993021935	3.00696479457869	3.74751011654436	2.64405707817014	0.303415660671335	2.78409063213301	0.683259403252547	0.366880910716596	0.700903651232435	1.90626793691045	0	0.255344065223683	1.26011726052192	0.472684505659587	0	0.780916617945538	0	0	0.882151329583787	0	1.58327217647408	0.45698291468896	0	0.705300523728776	0.759619063154845	7.42994168095501	0.107437842817873	0	1.09539511296567	0.705798400597738	0.579055912745532	0	0	0	0	0.471965497411874	0	0	1.24310715831741	1.22870829582438	0	1.07454000806718	0	0.945160810401795	1.22818245399939	0	0.969828415796895	0	0	0.355818213958927	0	0	0.273780932757583	1.05414556052812	0	0.927786031763686	0	0	0	0	0	0.670141245889473	0	0	0	0	0	0	0	0	0	0	1.16127745101804	0	0	0	0	0.101288057957761	0.527396010958496	0	0.222039885884102	0	0	0	0	0	0	0	0	0	0	0.238635931257216	0	0.283487043478494	0	0	0	0.268329718946394	0	0	0	0	0	0	0	0	0	0	0	0	0	0	0.212107134137744	0.239112912458149	0	0	0	0.253454807661151	0	0.261827283168386	0	0.24572812918989	0	0	0	0.241623221433961	0	0	0	0	0	0	0	0	0	0	0	0	0	0.228602201770524	0	0	0	0	0	0	0	0	0	0	0.340184794357984	0	0	0	0	0	0	0	0	0	0	0	0	0.169427759733514	0	0	0	0	0	0	0	0.256550316107114	0	0.204408568851652	0	0	0	0	0	0	0	0	0	0	0	0	0	0	0	0	0	0	0	0	0	0	0	0	0	0	0	0	0	0.165298454120231	0	0	0	0	0	0	0	0	0	0	0	0	0	0	0	0	0	0	0.780776057321078	0.204517078930954	0	0	0	0	0.804765368856015	0	0	0	0	0	0	0	0	0	0	0	0	0	0	0	0	0.790276931298268	0	0	0	0	0	0.0833870716337096	0	0	0.112893278992168	0	0	0	0	0	0	0.791807761733475	0	0.145531888532844	0	0	0	0	0	0	0	0	0	0	0	0	0	0	0	0	0	0	0	0	0	0	0	0	0	0	0	0	0	0	0	0	0	0	0	0	0	0	0.139753866208603	0	0	0	0	0	0	0	0	0	0	0	0.11346231838012	0	0	0	0	0	0	0	0	0	0	0	0	0	0
SRR20881980	4.06352790503287	2.10685695535396	1.69709739222	1.38480420070751	1.17574679647512	0	0	0.986758418266827	1.02457194966748	0.898044338550534	1.18972420883762	0	0	0	0	0	0.308385117163085	0	0.407454131408325	0	0	2.84649739835443	0	0	0	1.53944107574565	0.570579097777081	0.333339109546483	0.728760447259343	0	1.25767384095894	1.2796071366559	0	0	0	0	1.28877172359854	0.848409329670809	0	0.259033538236495	0	0.161331034262521	0.202624079495944	0	0	0	0	0	0	0	0	0	0	0	0	0.139675854460067	0	0	0.131104904987803	0.116983376716453	0.509395944107844	0	0	0	0	0	0.206989665213708	0	0.0753017613608815	0	0	0	0	0	0	0	0	0	0	0	0	0	0	0	0	0.0789715120813876	0	0.275224840025205	0	0	0.380893580111947	0	0	0	0	0	0	0	0	0	0	0.297712734698396	0	0	0	0.348747005034864	0	0.275337873955853	0.690364551722592	0.295466739813076	0	0	0	0.288665785015103	0	0	0.28290355578907	0.288794840794513	0	0.0592317012816783	0	0	0	0	0	0.276654687818758	0	0	0	0.303537944802497	0	0.276792041517794	0	0.268839180644293	0.321734256288703	0.302878445809233	0	0.31340170072801	0.277892318394159	0.311688845878164	0.268256119440484	0.293759199033367	0.320123366557123	0.317829072428423	0	0.300070326370301	0	0.26710038417959	1.49208882342799	0.25144604047692	0.251281003567954	0.274796274954563	0	0.277238199857691	0	0.249808100730318	0.312543532907975	0	0	0.273154951973038	0	0.262886476586636	0	0.397734967699999	0	0	0	0	0.319464019163975	0.271170248410776	0	0	0.272588531688442	0.332941253001727	0.262435508847613	0	0	0	0	0.254923983223639	0	0	0	0	0.442304400345888	0.399875642582542	0	0	0.248737682503307	0	0	0.43207733401099	0.36521431222581	0	0	0	0.384288930549896	0	0	0	0	0	0	0	0	0	0	0	0	0	0	0	0	0	0	1.619935499616	0	0	0	0	0	0	0	0	0	0	0	0	0	0	0.248051791934999	0	0	0	0.295040265603211	0	0	0	0	0	0	0	0	0	0	0	0	0	0.402186828841538	0	0	0	0	0	0.316816751928292	0	0	0	0	0	0	0.056379467327776	0	0	0	0	0	0	0	0	0.0527803531496283	0	0	0	0	0	0	0	0	0	0	0	0	0	0	0	0	0	0	0.259190895955415	0.252643513148643	0.28894773114893	0.263600964505713	0.269338608213276	0.267906114408798	0.259245180832095	0.289363107180342	0.256146079308708	0.27569251961063	0.23396131579155	0.295859716408498	0.257341456698371	0	0.276904983212467	0	0.219142267026185	0.274541856427081	0.560302076549558	0	0	0.242353692314651	0.506344252176303	0.206725968930663	0	0.422573755950253	0.418335666367183	0.18353116036867	0.408948284712952	0.394170575391726	0	0.284320311714309	0	0	0.375171839095916	0.167584000248192	0	0	0.145224775155382	0	0	0	0	0	0	0	0
SRR20881981	0	0	0	0	0	0	0	0	0	0	0	0	0	0	0	0	0	0	0	0	0	1.37756437621635	0	0	0	0	0	0	0	0	0	0	0.0560178456655351	6.50904502431992	0	2.17169851443889	0	0	0	0	0	4.49049952274433	0	0	0	0	1.74254639843409	0	1.7289578054209	0	1.82373336513605	0	0	1.65219114919296	0.332359869647236	0	0	3.82656162437814	0	0	0.110359739268196	0	0.153982736930855	0	0	0	0	0	0	0.262053393008861	0	0	0	0	0	0	0	0	0	0.383806733971124	0	0	0	0	0	0	0	0	0	0	0.277599949605718	0	0	0	0.675941129050569	0	0	0	0	0	0	0.187244660825065	0	0.64965269007426	0	0.180399492373044	0	0	0	0.183293060937184	0	0	0	0.190295072383111	0	0	0.174181307418445	0.177303342591932	0.0941557400975369	0	0	0	0.105325023431817	0	0	0.153562022603855	0	0	0	0.169083684926339	0	0.173607263493338	0	0.156265890906528	0.168413312485348	0.176936162984285	0	0.189128204713552	0.162927743845611	0.175455445663675	0.169386426887618	0.196217364002379	0.173177321642306	0.167405889188964	0	0.179236973620641	0	0.168479624199201	0	0.174976050516028	0.168625101199938	0.187886226646719	0.119782390396803	0.593846784541397	0	0.172978435038436	0.158013418260854	0.0962327850987281	0	0.15090145756178	0.0665865935028736	0.15994872226713	0	0.17518283030001	0	0	0	0.0851583605846681	0.148556704887038	0.155417073289801	0	0.130128630740392	0.1648082636885	0	0.14804384682269	0	0.110463570731196	0	0	0.146147567515648	0	0.0969876329546928	0	0	0.102535713956361	0	0.0769397513073216	0	0.135578133137333	0	0	0.0828295299265912	0.0809581074183817	0	0	0	0.0897278357211786	0.0655450879156888	0	0.173147098342956	0.657593432237681	0	0	0	0	0	0	0.664659438277141	0	0	0	0	0	0	0	0.0860741976131665	0	0.0852017203739823	0	0	0	0	0	0	0	0	0	0.636941899897719	0.204688543039629	0	0	0	0.680369747961144	0	0.0852454282717782	0	0.601479316215067	0.165317093839559	0	0	0.2321386224595	0	0	0.579229740458545	0	0	0	0	0	0	0	0	0	0	0	0	0	0	0	0	0	0.24655204254368	0	0	0	0	0	0	0	0	0	0	0	0	0	0	0	0	0	0	0	0	0	0	0	0.0627730745630272	0.301026653862912	0.146198915212797	0	0.15965883230685	0.158482998890431	0.161548522988738	0.170538820691111	0.164795410001222	0.150934467382817	0.17290945357688	0.176747143123878	0.156582936983952	0.193461837757987	0.16964392595424	0.148575857573587	0.150106050361785	0.115128695617223	0	0	0.17107406306677	0	0.161965886354643	0	0.11370824141877	0.163436890906453	0.161321284927872	0	0.144471586650069	0.13477033681114	0.143244580239253	0	0.13124618007258	0.139678592402252	0	0.129750372013942	0	0.527592647396337	0.110826157974969	0.108413509478724	0	0	0	0	0	0	0	0	0	0.106762531227693	0
SRR20881983	0.066898690812727	0.0697188258863769	0.0612888224512763	0.0628807281170328	0.0543342986802453	0.200913134435849	0.255255963289064	0	0	0.0542336855120127	0	0.0402384866180329	0.173504003543373	0	0	0	0.0768305408784459	0.985536344519935	0	0	0	0	0	0.714493325876681	0.72072958757016	0	0	0.192077882362069	0.113424022103619	0	0	0	0	0	0	1.36168681009451	0	0	0	0	0	0	0	0	0	0	1.51650728475601	0	1.34604624242025	0	1.18668971642354	0	0	1.20483502067312	0.196721943475238	0	0	0	0	0	0.0911029507965499	0	0.349505240682196	0	0	0	0	0	0	0.15358169813167	0	0.42895274820965	0.427300675735826	0	0.0455933449823361	0	0.415114056748615	0	0.429590695670811	0.0482980492425924	0.392504863742471	0.406301902504667	0.42338983989765	0.676094725381443	0	0	0.393758575105284	0	0.391641420147648	0	0.475823512406305	0.357440734682775	0.361150318774654	0	0	0	0	0	0	0	0.257396044419836	0.401767855327826	0	0	0.261591601963891	0.414373450713182	0	0	0	0.409043789186674	0	0	0.305412472973362	0.361257721895677	0.326808024566642	0	0.383790230058859	0.355167594700316	0.0875796415077395	0	0.250044506016761	0	0	0	0.255758069545708	0.374394001724205	0	0.231678250920204	0.266596193691218	0.353017224334991	0	0.345626533293927	0.26007313507368	0.358040191834681	0.426562845638374	0.363950284361765	0.0425326964159353	0.357522898262907	0.356201058274878	0.380955357206075	0.361142601475447	0.419361563072685	0.331203025068224	0.364776058688511	0	0.335966041578795	0.246468654052847	0.36071561079742	0	0.315264185422511	0.345713710658713	0.372619180575292	0	0.340437569862329	0.102643352464513	0.331942492960364	0.363659940428037	0.130034261504522	0	0.345643852331445	0	0.356287268030982	0.230157859696039	0.394991791509421	0	0	0	0	0.42275960331169	0.422902503544834	0	0.0694092480470132	0.343931726990573	0.259022954480857	0.353943341857381	0	0	0.156868671740703	0	0.330708459072942	0.0773919784253661	0.108122985774546	0	0	0.298118102531142	0.302522349720453	0.0391223148142106	0	0.311384705033779	0	0.090345728522056	0.306805688318404	0.296401337995142	0	0	0	0.298098408713038	0	0.240623100024245	0	0.260218506509519	0.0379488505143289	0	0.194995749742097	0.034755559518319	0.0415491124091665	0.224310757853983	0.269324807037192	0	0.0434779390525966	0	0.0401649049070396	0.0677199717059202	0.040693502552342	0.241044163829962	0.352447960393451	0	0.0368209905976365	0.191527515439838	0.21090859419169	0	0.219372200983048	0.0422059460142494	0.042981718022897	0	0.232336579625983	0.0377997451749477	0.243280298511788	0.469502999059097	0	0	0.0398562769059511	0.267732618107016	0.0431175391028643	0.255479992760709	0	0.260117589812787	0.390199304019692	0	0.264908479897373	0	0	0	0.203207292741082	0.196587962840354	0	0	0	0.31099184406441	0	0	0	0	0.213423574221445	0.30953016891952	0	0	0	0	0	0.0698621959040973	0.158607842582617	0.0881353381144388	0	0	0.222101174166205	0	0	0	0	0	0	0.0425848737244681	0	0	0.271818722343806	0	0	0	0	0.185553705976122	0	0.184224509338503	0.192974645102203	0	0.0383734262133038	0	0.394877002532249	0	0.344826483462445	0.323836832466657	0.337540294959813	0.326245092814435	0.36237193835096	0.341590258441376	0.32379003402234	0.353763890733706	0.326556419268567	0.356762254082273	0.317625155609942	0.3219701528803	0.326374206246663	0.320770907694702	0.328527036888292	0.0792623539995883	0.272728801601693	0.312050704681942	0.0886936650856306	0	0	0.275866307214701	0.101233649261689	0.275776127981007	0.27195191909841	0.0819283474132162	0.124139659878794	0.249399287792403	0.107195003252466	0.0843981993070743	0.260615723519728	0.21925607971496	0.159277710949068	0.207738464718492	0	0.25332098344586	0.141304094829964	0.142920573047475	0.206602688714343	0.186625244898485	0.214906402362183	0.177860559427494	0.21459242930875	0.170612372366071	0.210554374259299	0.216026586849436	0.177673427014211
SRR20881984	2.11464417656599	1.38467864055963	0.873119607448266	0.5608994262969	0.591160041241705	0.489606796277989	0.642490217161721	0.639100173967396	0.474139262831949	0.501830285138896	0.523899429162789	0	0.479935696924183	0.359524815521401	0.143307336497192	0	0.606230069900984	0	0	0.29633685243488	0.282554291848102	0.188577921815518	0.358698721837192	0	0	0.149456713347499	0	0.508131636646774	0.271151082880002	0	0.12793453715383	0.1292677197248	0.3544699207423	0	0	2.73844122762911	0.129094975878657	0.643781909992778	0	0	0	0	0.410926012754376	0.263753928324798	0	0.284864332124219	1.76446583046215	0.137597106956933	2.02818534669704	0.149950791779216	1.78979791528263	0.254074061745354	0	1.67686755233234	0	0.118339338034877	0	0	0	0.243828786653774	1.01869732518217	0	0.180152079417578	0	0	0	0	0	0.237281138644373	0	0.272434245977384	0	0	0	0	0.122786530714355	0	0.295504472252524	0	0.520530807453158	0	0	0	0	0	0.188554931137372	0	0	0	0.185393101865527	0	0	0	0	1.09555467529449	0.270020176385933	0.222829956758284	0	0	0	0	0	0	1.07366255163221	0	0	0	0.127104112477306	0.433351881540808	0	0.187053935608108	0	0	0	0	0.232209809633602	0	0	0	0	0	0	0	0	0	0	0	0	0	0	0	0	0	0	0	0	0	0	0	0	0	0	0	0	0	0	0	0	0.37828628888794	0	0	0	0	0	0	0	0	0.134380238378223	0	0	0.117374034243723	0	0	0	0	0	0	0.293909552161181	0	0	0	0	0	0	0	0	0	0	0	0	0	0	0	0.190142702685311	0	0	0	0	0	0	0	0	0	0	0.3169146101881	0	0	0.249045107053626	0	0.522906021926142	0	0	0	0	0	0	0	0	0	0	0.658122217358995	0	0	0	0	0	0	0	0	0	0	0	0	0	0	0	0	0	0	0	0	0	0	0	0	0	0	0	0.19624861212448	0	0	0	0	0	0	0	0	0	0	0	0	0	0.237245298773155	0	0	0	0	0	0.0898128803312464	0	0	0	0.912899752098983	0	0	0	0	0	0	0	0	0	0	0	0	0	0	0.332184488419124	0	0	0	0	0	0	0	0	0	0.191526828230001	0.784152025218321	0	0	0	0	0	0	0	0	0	0	0	0	0	0.13916838508648	0	0	0	0	0.5741149596115	0	0	0	0.534568883175911	0	0	0.393999402391789	0.385075191811692	0	0.391254863454293	0.39135583683734	0	0	0	0	0.353343647895252	0	0	0	0	0	0	0	0	0	0	0	0
SRR20881985	1.1826109934318	0.860406177995745	0.768263154263859	0.599623467746352	0.561383110066056	0.622548697043677	0.531378140803874	0.53091959716264	0.512300119667892	0.428601546426999	0.537791441192898	0	0.596667240645667	0.3202684101219	0.401384800533807	0	0	0	0	0	0.282720645214357	0	0.391695691910702	0	0	0	0	0	0.285546786531389	0	0	0	0	0	0	0	0	0	0	0	0.414690789253024	0	0	0.481915235252314	0	0	0	0	0.100889283013563	0.680000485362641	0.0871772026860939	0	0	0	0.252404037412044	0.192602575684667	0.0959053893286607	0	0	0	0.228914678270221	0	0.0718660047446966	0	0	0	0	0	0	0.171097664352838	0	0	0	0	0	0	0	0.261824398954952	0	0	0	0	0	0	0.221810815215368	0.124829881448799	0	0	0	0	0.315400939262333	0	0	0	0.10582209299196	0	0	0	0	0	0.0998437086346658	0.129296830689393	0.198984040280236	0.0977960960836771	0.10510188772014	0.140073795048631	0	0	0	0.128571023231616	0.105902598658544	0	0	0.134566298160494	0	0	0.142774519836819	0.178331574544177	0	0	0.10603345138774	0	0	0	0.0856500533818395	0.121273095960501	0	0.158688479528465	0.0870846206543458	0.102830593080844	0	0.147474535373229	0.0931864375291606	0.11318647966638	0.106069417917263	0.126123975063383	0	0.156893966801942	0.122593554324488	0.131782802790295	0.104718038681262	0.17348723086535	0.168327880370858	0.191607960181953	0.189933341922727	0.169682076295864	0.0944166633151386	0.097585163738109	0	0.0924719194124917	0.0974895543386086	0.272741405803484	0	0.135774195450517	0	0	0.115228408894515	0.20441577552536	0	0.112478018875618	0	0.0971017739505585	0.113732443907711	0.284449987153245	0	0	0	0.234357544181177	0.100678489123703	0.131245431555057	0	0	0.181278973556028	0.332208632152188	0	0	0	0	0	0.0998583740112857	0	0	0	0	0.34305384568446	0.338861411258701	0	0	0	0	0	0.302193910153532	0.316225508826209	0	0	0	0.292957067382406	0.19189004828815	0.301988812965738	0.184765488471159	0.145619312965082	0.132989106606705	0	0	0	0.107262836169703	0.279006719335455	0.154593561464727	0	0.10918384591328	0	0.104564777687808	0.104613169311839	0.101733121152583	0.295332455094466	0.262435501894104	0	0	0	0.276306375237382	0.105507217774656	0.288426085654182	0.100606650637891	0.103863417320173	0	0.280512537013088	0.0969467749018319	0.130619013510964	0.246741112736051	0	0.0680552622559289	0.104220547036612	0.156249198341577	0.0977299516398415	0.232215410065996	0	0.140390982309106	0.198553598835686	0.163797330670964	0.267526835114362	0.0904739632977317	0.0940236331308182	0	0.122403598102317	0.266410549035501	0	0	0.0906165769800094	0.347219873914439	0	0.528052345971882	0	0	0.240079536752829	0	0	0	0	0	0	0.105308094508332	0	0.0990619098556062	0	0	0	0.20283715495384	0	0	0	0	0	0.0612904524079652	0	0.0481018770781326	0.129962175020061	0	0	0.0562154557329328	0.0561509575639694	0.388846451173135	0	0.707450719126171	0.216765519132649	0	0.0783012355378449	0	0.24592936299511	0	0.111445679412187	0.104704202849308	0.185891124887117	0.144048595858018	0.123671026162485	0.142203895154088	0	0.160353006434671	0	0.180970177083936	0	0.135158545884603	0	0.195137026840937	0.141689706410658	0	0	0	0.36658402956356	0	0	0	0.288663591985459	0	0	0.210522347861837	0.211592611143536	0	0.189208060978675	0.20820122700568	0.222714664650312	0.150930684160203	0	0.182129646079778	0.172270077450398	0.178081465564781	0	0	0.213681629307576	0.202863333326516	0.21476330851118	0.158711213971106	0.197674234938519	0.190060567150114	0.19691614895476	0.216186005295154	0.223495657680813
SRR20881986	1.99601523119553	1.16437839668724	0	0	0	0	2.21590690480811	0	0	0	0	0	0	0	0.235840574457657	0	0.363157627757345	0	6.60067332297303	0	0.546306823251706	0.214015811903149	0	0	0	0	0	0	1.49424333125755	0	0	0	0	0.30736238761206	0	7.43294677966836	0	0	0	3.11759262463113	1.35592503261752	0.421222207707729	0.495850029768736	0	0	0	5.19119621384158	0	5.33979644869665	0	5.38876193383516	0	0	4.69184394281876	0	0	0.3514230408534	0.257760870928656	3.45450363848664	0.294680296078139	0.934228235819646	0	3.65259455765393	0	0	0	0	0	0	0	0.260781149158213	0	0	0	0	0	0	0	0	0	0	0	0	0	0	0	0	0	0	0	0	0	0	0	0	0	0	0	0.0953382800503889	0	0	0	0	0	0	0	0	0	0	0	0	0	0	0	0	0	0	0	0	0.0926930699722487	0	0	0	0	0	0	0.377188406451416	0	0	0	0	0	0	0	0	0	0	0	0	0	0	0	0	0	0	0	0	0	0	0	0	0	0	0	1.41395708790201	0	0	0.643287779339927	0	0	0	0	0	0	0	0	0	0	0	0	0	0	0	0	0	0	0	0	0	0	0.119290739280703	0	0	0	0.177817128899464	0	0	0	0	0	1.18071046250268	0.620123255008999	0.168845828215503	0	0	0	0.166363197747276	0	0	0.56072469032634	0	0	0	0	0	0	0	0	0	0	0	0	0	0	0	0.176568636923778	0	0.116165275800044	0	0	0	0	0	0	0	0	0	0	0	0	0	0	0	0	0	0	0	0	0	0	0	0	0	0	0	0	0	0	0	0	0	0	0	0	0	0	0	0	0	0	0.30584792849625	0	0	0	0	0	0	0	0	0	0	0	0	0.149987104346695	0	0	0	0	0	0	0	0	0	0	0	0	0	0.482364940028402	0.519985561851825	0	0	0	0	0	0	0	0	0	0	0	0	0	0.370822543496701	0	0.955266776024225	0	0	0	0	0.322429969210208	0	0	0	0	0	0	0	0	0	0	0	0	0	0	0	0	0	0	0	0	0	0	0	0	0	0
SRR20881987	0.132406342462902	0.147643513914936	0.231644321305364	0.176615250576336	0.178968641287345	0.627002062124863	0.162597461848482	0.178087142151518	0.161422670824305	0.150033703070883	0.177798526580044	0	0.494886791210399	0	0	0	0	0.0618646178793192	4.49233964586523	0.521807365645383	0	0	0	0	0	0	0	0	0.13376980126632	0.355479079805345	0	0	0.341269100814856	0	0	0	0	0	0.510971389114744	2.16953885011499	0	0	0	0	0	0.377988884927725	0	0	0	0	0	0.330571627704691	0.0455667131560662	0	0.797818081784083	0	0.0417207071606167	0	2.17326997605063	0	0.377039430167588	0	0.0591655270488364	0	0	0	0	0.607005058672077	0	0.621479450009254	0	0.184218349974974	0.178177801034641	0	0	0	0.174546541436779	0.143712300326218	0.179557278270697	0	0.178472079908915	0.199049038043101	0.172309021292863	0.174304392857659	0.0607213400462041	0	0.176393694239226	0	0.221668033288409	0	1.08068363370531	0.156961780570766	0.159369642582974	0	0	0	0	0	0	0	0.101377678624304	1.20756546986251	0	0	0.147753324202945	1.12591749756406	0	0	0	1.12900393596254	0	0	0.137666529584738	0.972217020822756	0.14721877324896	0	1.14041996300487	1.14339899769418	0.108825611936956	0.0515779415183704	0.0949297649119692	0	0	0	0.0962862969772903	1.33375906448215	0	0	0.101660345563643	0.972213100764439	0	1.12607010828128	0	1.1749524288373	1.21334446164338	1.05816739319769	0	1.04374778223606	0.889741101107945	1.23794855819551	0.986522631950355	1.06779170162137	1.04177458598658	0.99054406445286	0	1.12099799412228	0	1.00229429662254	0	0.920586278111883	0.945416241928204	1.08792222637693	0	1.07403780488129	0	0.938068818221561	1.13884435273831	0	0.0624737166320985	0.99073186380698	0	1.24474336752379	0	1.26921562086295	0	0	0	0.0955166462967542	1.20133822730195	1.15014142805254	0.0687271166778514	0	1.00359647273641	0	1.15737207743429	0	0	0	0	1.04667963528669	0.0499098186901458	0.234932520016641	0.0602769167112464	0	0	0	0.072734581396648	0	1.06349804170502	0	0	0	0	0	0	0	0	0.0844593237438372	0	0.143160864993992	0	0	0	0	0.0666935650632418	0	0	0	0	0	0	0	0	0	0	0	0	0	0	0	0	0	0	0	0	0	0	0	0.568452504989916	0	0	0	0.26483437320759	0	0	0	0	0.559639866870334	0.0676630054852108	0	0	0	0	0	0	0	0	0	0	0	0	0	0	0	1.05554233308896	0	0	0	0	0	0	0	0	0	0	0	0.152639175970633	0	0	0	0	0	0	0	0	0.350289221600466	0	0	0	0	0	0	0	0	0	0	0	0.139716175849956	0	0.930175443919421	0.933718439577376	0.877628224033551	0.863349128420342	0.917032281786973	0.960413353072725	0.848590425734536	0.816898664979005	1.06669304256954	0.913312750233988	0.87016160833367	0.918225687592365	0.832714409954224	0.111750445472971	0.815982563362036	0	0.719115636345601	0.921313459622622	0.1510104304062	0	0.061604287298679	0.791836792317673	0.15303310745633	0.881292126976792	1.04144901096686	0.196743231214295	0.284322221409578	0.964553142931944	0.195868911761517	0.170851839069209	0	0.688029136661004	0	0	0.136108609140512	0	0	0	0.483713427990475	0.131940623847658	0	0.185754502457029	0	0	0	0	0
SRR20881988	9.49273455496977	5.84797863622145	0	0	0	1.93199781013154	1.86681885179818	0	0	0	0	0	1.41573034218438	0	0	0	0	0	1.94955005334228	0	0	0	0	0	0	0	0	0	0	0.566878677221368	0	0	0	0	0	0	0	0	18.2265560854788	2.91125479742955	0	0	0	0.91490579418091	0	1.08423488809072	0	0	0	1.11078357034373	0	0.929520509265389	0	0	0	0	0	0	1.81995526342617	0	0.142931377988144	0	0	0	0	0	0	5.88632856680566	0.11839940107739	0	0	0	0	0	0	0	0	2.92613254631731	0	0	0	0	0	0	0	0	0	0	0	0	0	0	0	4.05183524294244	0	0	0	0	0	0	0	0	0	0	0	0	0	0	0	0	0	0	0	0	0	0	0	0	0.191902697603959	0	0	0	0	0	0	0	0	0	0	0	1.17099391342025	0	0	0	0	0	0	0	0	0	0	0	0	0	0	0	0	0	0	0	0	0	0	0	0	0	0	0	0	0	0	0	0	0	0	0	0	0	0	0	0	0	0	0	0	0	0	0	0	0	0	0.176186404878322	0	0	0	0	0.147088513845623	0	0	0	0	0	0	0	0	0	0	0	0	0	0	0	0	0	0.132624777168075	0	0	0	0	0	0	0	0	0	0	0	0	0.113474602212666	0	0	0	0	0	0	0	0	0	0	0	0	0	0	0	0	0	0	0	0	0	0	0	0	0	0	0	0	0	0	0	0	0.189535421353758	0	0	0	0	0	0	0	0	0	0	0	0	0	0	0	0	0	0	0	0	0	0	0.195760430513644	0	0	0	0	0	0	0	0	0	0	0	0	0	0	0	0	0	0	0	0	0	0	0	0	0	0	0	0	0	0	0	0	0	0	0	0	0	0	0	0	0	0	0	0	0	0	0	0.375395377495513	0	0	0	0.324382026263319	0.348527902626428	0	0	0	0	0	0.11378589749179	0	0	0
SRR8387659	0.851160442668621	0.912942155287799	3.43301189365385	3.24876669339112	2.46961110167536	0	0	2.3692122311338	2.47823532823168	2.18641762113864	2.48278376476278	0	0	2.78613913545015	3.80454493783436	0	0.877530178501434	0	0	0	2.90777886622156	0	2.47155514372604	0	0	0	0	1.32222353488999	1.52864597664827	0	0	0	0	0.257444804215873	0.299431201268987	0	0	0	0	0	0	0.553249652962385	0	0	0.629779048488578	0	0	0	0	0	0	0	0	0	0.289662527897192	0	0	0.258053313756862	0	0	0	0	0	0.247835389706266	0.306199066764285	0	0	1.07017575389915	0	0.214151163004627	0	0.0786112967723951	0.0850860859510295	0	0.29765670733378	0	0.0823640280201852	0	0.0776932417252685	0	0	0	0	0	0	0	0	0.397266345372838	0	0	0	0	0	0	0	0	0	0	0.17273338962427	0	0	0	0	0	0	0	0	0	0	0	0	0	0	0	0	0	0	0	0	0.160968391937262	0	0	0	0	0	0	0.144994375349765	0	0	0	0	0	0	0	0	0	0	0	0	0	0	0	0	0	0	0	0	0	0	0	0	0	0	0	0	0	0	0	0	0	0	0	0	0	0	0	0	0	0	0	0	0	0	0	0	0	0	0	0	0	0	0	0	0	0	0	0	0	0	0	0	0	0	0	0	0	0	0	0	0	0	0	0	0	0	0	0	0	0	0	0	0	0	0	0	0	0	0.0631427482275773	0	0	0	0	0	0	0	0	0	0	0	0	0	0	0	0	0	0	0	0	0	0	0	0	0	0	0	0	0	0	0	0.115097692282102	0	0	0	0	0	0	0	0.231627131167443	0	0	0	0	0	0	0	0	0.0659558752971689	0	0	0	0	0	0	0	0	0	0	0	0	0	0	0	0	0	0	0	0	0	0	0	0	0	0	0	0	0	0	0	0	0	0	0	0	0	0	0	0	0	0	0	0	0	0	0	0	0	0	0	0	0	0	0	0	0	0	0	0	0	0	0	0	0	0	0	0	0
SRR8387676	0	0	0	0	0	0	0	0	0	0	0	0	0	0	0	0	38.279295216506	1.22884489029108	0	0	0	4.47176772368813	0	0.968072143904238	0.968301940567191	0.632953464332601	0	0	0	0	0.600367232913152	0.586333453187087	0	0	0	0	0.537316782631198	0	2.21850455119497	0	0	0	0	0	0	0	0	0	0	0	0	0	0	0	0	0	0	0	0	0	0.422308946541349	0	0.617001274963441	0	0	0	0	0.864600661547178	0	0	0	0.126636656405498	0.133215070514424	0	0	0	0	0	0	0	0	0	0	0	0	0	0	0	0	0	0	0	0	0	0	0	0	0	0.460357164002074	0	0	0	0	0	0	0	0	0	0	0	0	0	0	0	0	0	0	0	0	0.465596174800447	0	0	0	0	0	0	0.676374086583681	0	0	0	0	0	0	0	0	0	0	0	0	0	0	0	0	0	0	0	0	0	0	0	0	0	0	0	0	0	0	0.109670132347751	0	0	0	0	0	0	0	0	0	0	0	0	0	0	0	0	0	0	0	0	0	0	0	0	0	0	0	0	0	0	0	0	0	0	0	0	0	0	0.160183828333523	0	0	0	0	0	0	0	0	0	0	0	0	0	0	0	0	0	0	0	0	0.133384537739674	0	0	0	0	0	0	0	0	0	0	0	0	0	0	0	0	0	0	0	0	0	0	0	0	0	0	0	0	0	0	0	0	0	0	0	0	0	0	0	0	0	2.02759274927432	0	0	0	0	0	0	0	0	0	0	0	0.161885062393087	0	0.132484901773968	0	0	0	0	0	0	0	0	0	0	0	0	0	0	0	0	0	0	0	0	0	0	0	0	0	0	0	0	0	0	0	0	0	0	0	0.149665737799369	0	0	0	0	0	0	0	0	0	0	0	0	0	0	0	0	0	0	0	0	0	0	0	0	0	0
SRR8387677	0	0	4.34815886472826	3.72274677300165	3.66292291443834	0	0	3.18257302590419	3.33220238040779	3.24857153551793	3.03676088930324	0	0	0	0	0	0	0	0	2.25274869399792	0	0	0	0	0	0.299851775485653	0	0.718874563219815	0	0	0.283468605863932	0.285000905786737	0	0.547764972172965	0	0	0.282610389669655	0	0	0	0	1.21741919232643	0	0	0	0	0	0	0	0	0	0	0	0	0	0	2.46019540986155	0.468576597816531	0	0	2.69874515680884	0	0.36057586388449	0	0	0	0	0	0	0	0	0	0	0	0	0	0	0	0	0.323117286663799	0	0	0	0	0	0	0	0	0	0	0	0	0	0	0	0	0	0	0.316287166664791	0	0	0	0	0	0.146878944618332	0	0	0	0.145076938496592	0	0	0	0	0	0	0	0	0	0	0.285389549946631	0.176705599836012	0	0	0	0	0	0.312798075538384	0	0	0	0	0	0	0	0	0	0	0	0	0	0	0	0	0	0	0	0	0	0.128272134030525	0	0	0	0	0	0.0969472074549592	0	0	0	0	0	0	0	0	0	0	0	0	0	0	0	0	1.39846571260052	0	0	0	0	0	0	0	0	0.246927522400991	0	0	0	0	0	0	0	0	0	0	0	0	0	0	0	0	0	0	0.154825986706486	0.247558222898672	0	0	0	0	0	0	0.331395209497433	0	0	0	0	0	0	0	0	0	0	0	0	0	0	0	0	0	0	0	0.245099122616253	0	0.763022677218354	0	0	0.300799659872622	0	0	0.47040430386462	0.262405840850807	0	0	0	0	0	0	0.216633777968602	0	0	0	0	0	0	0	0	0.506408209256714	0	0	0.395681235364378	0	0.231070117952468	0	0	0	0	0	0.406174504344146	0	0	0	0.377374027463149	0.484938639380998	0	0	0	0	0	0	0	0	0	0.139907338222121	0	0	0	0	0	0.297124371487184	0	2.05322300863886	0	0	0	0	0	0	0	0	0	0	0	0	0	0	0	0	0	0.0927742744404762	0	0	0.177619849483147	0.929677631321415	0	0	0.247369523556328	0	0	0	0	0	0	0	0	0	0	0	0	0	0	0	0	0	0	0	0	0	0	0	0
SRR8387679	4.53172683885086	3.5095526974265	7.37085891206646	7.7785513969664	6.69802399692241	0	0	6.11090715809972	5.97824550222454	5.94165858148016	5.246613783226	0	0	0	0	0	0	0	0	6.26807777056167	0	0	0	0	0	0	2.67802384372677	0.69329676777396	0	0	0	0	0	0	0	0	0	1.89140909848499	0	0	0	0	0	0.323545350617707	0.838830085368012	0	0	0	0	0.329554802102263	0	0	0	0	0.110472577712995	0	0.75638761807752	0	0	0	1.15715226462565	0	0.231100826629681	0.810004870891328	0.884515832366616	0	0.894723920758476	0	0	0	0	0.210951295233176	0.210553538050557	0	0	2.88735981472712	0.192030364281464	0	0.19936344647431	0.336345728996461	0.202730547482863	0.195853762648636	0.193149189708021	0.198520432601109	0	0	0.183860545166747	0	0.184973153057155	0	0	0.174246308528895	0.173924643534362	0	0	0	0	0	0.191693478213707	0	0	0	0	0	0	0	0	1.97738898078607	0	0	0	0	0	0	0.151356299493227	0	0	0	0.132820464333661	0.152800792729255	0	0	0	0	0	0	0.159265092296572	0	0	0	0	0	0	0	0	0	0	0	0	0	0	0	0	0	0	0	0	0	0	0	0	0	0	0	0	0	0	0	0.498878361290571	0	0	0	0	0	0	0	0	0	0	0	0	0	0	0.21560918811611	0	0	0	0	0.927331001450576	0	0	0.126135141959946	0.435663545778272	0	0.225866737005353	0.238009038954597	0.107334777518268	0	0	0	0	0.190925285450909	0.205367075525062	0	0	0	0.18385568332155	0	0.201064161403825	0	0	0	0	0	0	0	0.172676813843024	0	0	0	0.244898598363509	0	0	0	0.175333758514193	0	0	0.0835060817352119	0	0.176072098902691	0	0.173097186552941	0	0	0	0.175098533971173	0	0	0	0	0	0	0	0	0	0	0	0	0	0	0	0	0	0	0	1.31987602124529	0	0	0	0	0	0	0	0	0	0.0832097272344705	0	0	0	0	0	0.30111502991497	0	0.0921536033186879	0	0	0	0.0776384068593832	0	0	0	0	0.258582280215281	0	0	0	0	0	0.283922105009332	0	0	0	0	0	0	0.260826423603843	0	0.156923831922726	0	0	0	0	0	0	0	0	0	0	0	0	0	0	0.125192086747167	0	0	0	0	0	0	0	0	0	0	0	0	0	0	0	0	0	0	0	0	0	0	0	0	0	0	0	0	0	0	0	0	0
SRR8387681	1.61873654956446	1.36733551198124	0.904906181879792	0.864462450830555	0.843475464524538	0.711032892653709	0.266323194736807	0.842709309044913	0.722764997602689	0.774662695394482	0.654390333355177	1.20667217057468	0.645404432178898	1.63763182630103	0.516641836117921	1.00087716350509	0.347024783497587	0	0	0	0.616352198472267	0	0.626828459804139	0	0	0.0630721572794883	0.294696145499346	0	0.635259356872189	0	0.0553459002436889	0.0585522476404728	0	0.0700044548739042	0	0.15905094191212	0.0572312597369057	0.602705185398603	0	0	0	0.102610745985939	0	0.102529028356469	0.118171157802927	0.45371186779398	0.193046459973756	0.356659806165733	0.167838131938642	0.0643212752874702	0.159357497355499	0.420317823451287	0.0995348533278941	0.154470418422199	0.19449631750382	0.142947710604304	0.207824471094416	0	0	0.195680786500191	0.148620224813091	0.125676934126745	0	0.127452479488217	0.129787430479182	0.147122045753918	0.124313129386343	0	0.248134912956902	0.170296546782809	0.114365319847424	0	0	0	0.0993718303221826	0	0	0	0	0	0	0	0	0	0.0846137555193663	0	0	0.335176818343072	0	0.182459927923158	0	0	0	0	4.80689367269231	0	0	0	0	0	0.699373330441156	0	0	4.68373900719207	0.686842543819533	0	0.128838816022976	0	0.0617892333694426	0	0.116247967451211	0	0	0	0	0	0	0	0	0	0.702601282165725	0	0.126992462374845	0	0.660294415931555	0	0	0.609894590771329	0.656773400139895	0	0	0	0.630301804242637	0	0	0	0	0	0	0	0	0	0	0	0	0	0.618455575758693	0	0	0	0	0	0.139797711180644	0	0	0	0	0.109856487222375	0	0	0	0	0.630896370995525	0	0	0	0.121451286782898	0	0	0	0	0	0	0.104082386526995	0	0	0.121655529466079	0.452556529759328	0	0	0	0	0	0	0.127872222542396	0.108515755354822	0	0.130004359680504	0	0.447353044007826	0	0.100775390657907	0.106371849549488	0.313515530908324	0	0.120935106577522	0.103715340506394	0	0.0959550502657594	0	0	0.0902069771822435	0.410803316482495	0.530904709698613	0	0.0977705825913635	0.0870624415507862	0	0	0.10793057870235	0	0.0999976275290644	0.0954964753561811	0.0947637967494303	0.0987233010794581	0.11914009150504	0.145867275014002	0	0.525373864830474	0.0932940675535697	0.0949176145285453	0.0861927709998853	0.0919986425569439	0.0918223795455368	0.144410881593043	0.0874514331114047	0.0996974095675108	0	0	0.16247401637162	0	0.0932213392635008	0	0.099938647747666	0.0928332401684277	0.372994732021003	0	0	0	0.0910123828838164	0	0.0982733498748889	0.17553355253901	0	0.0830066592137239	0	0.145930892317082	0.0871472764554455	0.154171448871886	0	0	0	0.164380004121472	0.103341703316922	0	0.163393854283066	0.12829401687154	0	0	0	0.0642367550218531	0	0.146030193830081	0.161415389108368	0	0.0828107273950765	0.0609508310709659	0.162210351303243	0.152252324770446	0	0	0	0	0	0	0	0	0.0853353368170554	0	0	0.0918570810930071	0.104082371282604	0.0783006905625223	0.0626165479944655	0.122046385317607	0	0	0	0	0	0	0	0	0	0	0	0	0	0	0	0	0	0	0	0	0	0	0.0758647197646808	0	0	0	0.0825853111352831	0	0	0	0	0	0	0	0	0	0	0	0	0	0	0	0	0	0.0620218936404982	0	0	0	0	0.0652202978356333	0
SRR8387683	2.62286705120596	1.91770627922206	0.153720341120401	0.162730332943453	0.136292331661622	0	0	0.218373345741354	0.125587130957292	0.132619516618461	0	0	0	0	0	0	0	0	0	0	0	0	0	0	0	0	0	0	0	0	0	0	0	0	0	0	0	0	0	0	0	0	0.206501178443336	0	0	0	0	0	0	0.0699085542450889	0	0	0	0	0	0.208117165994597	0.0862721624274013	0	0	0.147573651387609	0.694963536268848	0	0.116132328525913	0	0	0	0	0	0.829313499306363	0	0.139356524457066	0	0	0.101458998302894	0	0	0	0	0	0	0	0	0	0	0.14504725741348	0.0813650481817387	0	0	0	0	0	0	0	0	0	0.187634538397213	0	0	0	0	0	0	0.117919348368653	0	0	0	0	0.342649979461357	0	0	0	0	0	0	0	0.184071774100783	0	0	0.137629460395327	0	0	0	0.109602718488962	0	0	0	0	0	0	0	0	0	0	0	0	0	0	0	0	0	0	0	0	0	0.108270983384656	0	0	0	0	0	0	0	0.127668602401933	0	0	0	0	0	0	0	0	0	0	0	0	0	0	0	0	0	0.0646167471143394	0	0	0.129339375591892	0	0	0.183368226815105	0	0	0	0	0.109394585500828	0	0.178919106760877	0.129803141259947	0.133101487486852	0.0865384842874569	0.423549556808706	0	0.418309995996209	0	0.13173194867324	0.147850412120898	0	0	0	0.141568563005213	0	0.115243527283415	0	0	0	0.393458972391201	0	0.087600214050826	0	0.113098728641013	0	0.34167500178293	0	0	0	0	0	0.126977113904005	0.148560343858334	0	0	0	0.121554192808263	0	0.109400741629263	0	0	0.451417078757384	0.105420512306122	0	0	0.0477037941662594	0	0.169822577202645	0	0	0	0.119235159169453	0	0	0	0	0.114661091560457	0.0487301392169328	0	0.409613820704984	0	0	0	0.433621731346346	0	0.206551965810129	0	0	0.196708702386551	0	0.123000266094118	0	0	0.418114345015771	0	0	0	0.0830207817736978	0	0	0	0.15163228743169	0.116428010092515	0.188020038619063	0	0	0	0	0	0	0	0.137836313317559	0	0.140976346894768	0.21912072587482	0	0	0	0	0	0	0	0	0	0	0.111887267870102	0	0	0	0	0	0	0	0	0	0	0	0	0	0	0	0	0	0	0	0	0	0	0	0	0	0	0	0	0	0	0	0	0.0998144817225926	0	0	0	0.0954795443638038	0.0867236481457871	0	0	0	0	0	0	0	0	0
SRR8387691	2.9404443870174	2.27250748622912	3.84764413607655	3.00267012291502	2.73097230922753	0	0	2.46696824460521	2.72469763007826	2.4175632543229	2.61165515669234	0	0	0	0	0	0	0	0	0	0	0	0	0	0	0	2.14448707914634	0	17.0277963702191	0	0	0	0.738596501342222	0	0	0.402797853381059	0	1.08570248716562	0	0	0	0	0	0	0.779093881350531	0	0.394818130677829	0	0.418945382286428	0	0.413777593115508	0	0	0.400700797559062	0	0	0	0	0	0	0	0	0.91046464729251	0.716975076312697	0.802421730713118	0	0.919509416636182	0	0	0	0	0	0	0	0	1.14459310583847	0	0	0	0	0	0	0	0	0	0	0	8.85764441594426	0	0	0	0	0	0	0	0.685249937743894	0	0	0.165767742617606	0	0	0	0	0	0	0	0	3.75503507057779	0	0	0	0	0	0	0	0.613084769199882	0	0	0	0.14871255644981	0	0	0	0	0	0	0.156630321425271	0	0	0	0	0	0	0	0	0	0	0	0	0	0	0	0	0	0	0	0	0	0	0	0	0	0	0	0	0	0	0	0	0	0	0	0	0	0	0	0	0	0	0	0	0	0	0	0	0	0	0	0.717184571062377	0	0.246477049391577	0	0	0.608470058582282	0	0	0	0	0	0	0	0	0	0	0	0	0	0	0	0	0	0	0	0	0	0	0	0	0.448864376818407	0	0	0	0	0	0	0	0	0.215538558157715	0	0	0	0	0	0	0	0	0	0	0	0	0	0	0	0	0	0	0	0	0	0	0	0	0	0	0	0	0	0	0	0	0	0	0	0	0	0.166587043477012	0	0	0	0	0	0	0	0.140040391961209	0	0	0	0.180980065135829	0	0	0	0	0	0	0	0	0	0	0	0	0	0	0	0	0	0	0	0	0	0	0	0	0	0	0	0	0	0	0	0	0	0	0	0	0	0	0	0	0	0	0	0	0	0	0	0	0	0	0	0	0	0	0	0	0	0	0	0	0	0	0	0	0	0	0	0
SRR8387697	4.10131479064941	2.9888034892663	2.41096949054664	2.45406971278906	2.24137758940483	1.93009372412904	0.571051362696888	2.29386751210553	2.02817181177596	2.13202495007461	1.79125861063773	0	1.38999555832556	1.42318173401121	0.803809719373927	0	0.453522129642768	0	0	0	0.967510851833792	0	1.13634221008406	0	0	0	0	0	0	0	0	0	4.03747951088074	0.413624431169475	0	0	0	1.33271532733127	0	0	0	0.407678647123109	0	0.329252554774781	0	0.593405485762506	0	0	0	0.127762817611671	0	0.548797650386139	0	0	0	0	1.36577704970315	0.277403364881033	0	0	0.597604414765545	0	0.138914941481854	0	0	0	0	0	0.380897293891386	0	0	0	0	0.115214249917961	0	0	0	0.189478709674798	0	0.357204737466579	0	0	0	0	0	0.280674513465568	0	0	0	0	0.199573318942519	0	0	0	0	1.3127646255653	0	0	0.165183113385448	0	0	0	0	0	0	0	0	0	0.107546021774314	0	0	0.494394224783373	0	0	0	1.20511540794006	0	0	0	0.18899714484553	0	0	0.34140799301768	0.367737966424992	0	0	0.150249341882358	0	0	0	0	0	0	0	0	0	0	0	0	0	0	0	0	0	0	0	0	0	0.123362755966014	0	0	0	0.353578943994706	0	0	0	0	0.176489752433223	0	0	0.388346810496421	0	0	0	0	0	0	0.120671171365573	0	0	0	0	0	0	0	0	0.309440444322159	0	0	0	0	0	0	1.15922507799737	0	0	0	0	0	0	0	0	0	0	0.291765035002561	0	0	0.106174662349485	0	0	0.359545825280326	0	0	0	0	0	0	0.391265146888673	0.857652542560204	0	0.0712376483837112	0	0	0	0	0	0	0	0	0	0	0	0	0	0	0	0	0.349488709897533	0	0.482120021957002	0	0	0.371852267783758	0	0	0.504495039060394	0.347410294670314	0	0.0977722987065296	0	0	0	0	0.299293611531605	0	0.0698355060102035	0	0	0	0	0	0	0.469998604981517	0	0	0.110887539423361	0	0	0	0	0.1092633346783	0.07300485087225	0.192739048006156	0.137083541607253	0	0	0	0.106557597782943	0.4461709818946	0	0.148398237650362	0	0	0	0	0	0	0.319472378490818	0	0	0	0.377973546567228	0	0	0.110946875926677	0	0	0	0	0	0	0	0	0	0	0	0	0	0	0	0	0	0	0	0	0	0	0	0	0	0	0	0	0	0	0	0	0	0	0	0	0	0.284504785215537	0	0	0	0	0	0	0	0	0	0	0	0	0
SRR8387707	7.30774508495175	4.85377753572864	0	0	0	0	0	0	0	0	0	0	0	0	0	0	0.642103998533563	0	0	2.95312887655217	0	0	0	0	0	0	0	0	1.3928907071215	0	0	0	3.80946674409936	0	0	0	0	0	0	0	0	0	0	0	0	0	0	0.333129580903559	0	0	0	0	0	0	0	0.604827608060718	2.33516417090276	0	0	0	4.20564176555754	0	0.205437253348314	0	0	0	0	0	0	0	0	0	0	0	0	0	0	0	0	0	0	0	0	0	0	0	0	0.60404281228844	0	0	0	0	0	2.46895535158185	0	0	0	0.30964769173201	0.333311453284911	0	0	0	0	0	0	0	0	0	0	0	0	0.855513643020215	0	0	0	0	0	0	1.33577328016926	0.326199070662665	0	0	0	0	0	0	0.296336534252091	0	0	0	0.918219332593287	0	0	0	0	0	0	0	0	0	0	0	0	0	0	0	0	0	0	0	0	0	0	0	0	0	0	0	0	0	0	0	0	0	0	0	0	0.372826562013405	0	0	0	0	0	1.00437171700073	0	0	0	0	0	0	0	1.04099241282732	0	0	2.7699621137651	1.03490337776572	1.01745215052356	0	0	0	0	0.941797328837795	0.876671152879352	0	0	0	0.859658296494041	0.34869676374082	0.846339019940974	0	0	0	0	0	0.931265469934636	0	0.740979730475337	0	0	0	0	0	0	0	0.787475444440784	0.935721553554937	0	0	0	0.754816981332083	0	0.753703651495205	0	0	0	0.741926990033711	0	0	0	0	0	0	0	0	0.760617524918508	0	0	0	0.287542634132237	0.768738485458521	0	0	0	0	0.666718044453439	0	0	0	0	0.329920965476127	0	0	0	0.666638648166734	0	0.37263877196556	0	2.92001829451109	0	0	0	0	0	0.31663367968593	0	0.654085697004035	0	0.776972692514211	0	0	0	0	0.491082020987071	0	0	0	0	0	1.95465242339684	0	0	0	0	0	0.255465054671127	0	0	0	0	0	0	0	0	0	0	0	0	0	0	0	0	0	0	0	0	0	0	0	0	0	0	0	0	0	0	0	0	0	0	0	0	0	0	0	0	0	0	0	0	0	0	0	0	0	0	0
SRR8387710	1.69893541087446	1.72157993880456	3.51364710241682	2.31586125087257	2.0403595262955	0.368382567409556	6.76581306333037	1.89284643634627	1.79767794102683	1.69767597739911	1.77317577680247	0.543388625651731	1.60710505073439	0	0	0.555812878818812	1.26062299049967	0	0	0.504836585199578	0	0	0	0	0	0	0	0.872107336880336	0.976369792668293	2.34881545620585	0	0	0.787200647697897	0	0	0	0	0.982107046462509	0	0	0	0.348963599051357	0.841452108492401	3.13173830345393	0	0	0	0	0	1.79323932544442	0	0	0	0	0	0	0.105918382984799	0	0	0.543519749443342	0.421772851820749	0	0.763043875048242	0	0	0	0	0	0.609021636716597	0	0.44071385290146	0	0	0	0	0	0	1.03658090518599	0	0	0	0	0	0	0	0.272111006801163	0	0.485396956343766	0	0	0	0	0	0	0	1.18970016597986	0.433554220150759	0	0	0	0	0	0	0	0	0	0	0	0	0	0	0	0	0	0	1.07708131600583	0	0	0	0	0	0	0	0	0	0	0	0	0	0	0	0	0	0	0	0	0	0	0	0	0	0	0	0	0	0	0	0	0	0	0	0	0	0	0	0	0	0	0	0	0	0	0	0	0	0	0	0.383886047002128	0	0	0	0	0	0	0	0	0	0	0	0	0	0	0	0.883867954673618	0	0	0	0	0	0	0	0	0	0	0	0	0	0.153358794980193	0	0	0	0	0	0	0	0	0	0	0.680412022831685	0	0.76993000875391	0	0	0	0	0	0	0	0	0	0	0	0	0	0	0	0	0	0	0	0	0	0	0	0	0	0	0	0	0	0	0	0	0	0	0	0	0	0	0	0	0	0.175221542717639	0	0	0	0	0	0	0	0	0	1.5563090064055	0	0	0	0	0	0	0	0	0.0922639764705472	0	0	0	0	0	0	0	0	0	0	0	0	0	0	0	0	3.05951376686988	0	0	0	0	0	0	0	0	0	0	0	0	0	0	0	0	0	0	0	0	0	0	0	0	0	0	0	0	0	0	0	0	0	0	0	0	0	0	0	0	0	0	0	0	0	0	0
SRR8387712	0	0	0.432737822746777	0.331351097142734	0.284878140350097	0	0	0.318219714065625	0.312641730721173	0.259233205380426	0.296731815624014	0.935904900073568	0	0.590879383707202	0.873508421088087	0.603016032758034	0.857445548365381	0	0	0	0.716860033895779	0	0.55232525962306	0	0	0	0	0	0.497510560723733	0	0	0	0	0.131355873634351	0	1.72910529692986	0	0	0	0	0	0.162749396004412	0.229020768368957	0	0	0	1.4870443850398	0	1.44535342659783	0	1.61331471711366	0	0.199904263940531	1.38975230748778	0	0	0.145072737811558	0.127534252893414	0	0.132415010388576	0	0.213797780026764	0.0705607213049288	0	0	0.206522219073517	0	0	0	0	0.138527762911542	0	0	0	0	0	0	0	0	0	0	0	0	0	0	0.189131492637459	0	0.248053846913869	0	0	0	0	0	0	0	0	0	0	0	0	0.104868838891768	0	0	0	0.104788222090156	0	0	0	0	0	0	0	0	0	0	0	0	0	0	0	0.147243270985809	0	0	0	0.102748557358534	0	0	0.137544518855175	0.0948478176458199	0	0	0	0.0936989186297369	0	0	0	0.22526436587778	0	0	0	0	0	0	0	0	0	0.110733215376178	0	0	0	0	0	0	0	0	0	0	0.262624362809132	0.156838622327508	0	0	0	0.130423434772703	0	0	0	0	0.0730090399812841	0	0	0	0	0	0.249052819028512	0	0	0	0	0	0	0	0	0.143343984254066	0	0.250016238531918	0.249416585733041	0	0	0	0	0	0.260259176664269	0.256300597587402	0	0	0	0.255570672982108	0.0661654093333919	0.218962390942928	0	0.241244974117066	0	0	0.0846799041486292	0	0	0.211791171541806	0.261185970288017	0	0	0	0	0	0	0.241586799471802	0.265367728037362	0	0	0	0.206845829392829	0	0.219055604439577	0	0	0	0.193444868256204	0	0.241048842730388	0	0	0	0	0.239788220636122	0	0.226488360871413	0	0.254517505710907	0	0.0571216246243015	0.217298029638903	0.0654383100743743	0	0	0.214683048274425	0.184376042323049	0	0	0	0.223898684683401	0	0	0	0	0.210028598107167	0	0.0916281411616673	0	0	0	0	0.127652286823399	0	0	0.0980146014352464	0	0.192169236465947	0	0.0932255875767261	0	0	0	0	0	0	0	0	0	0	0	0	0	0	0	0	0.0643923232021054	0	0	0	0	0	0	0	0	0	0	0	0	0	0	0	0	0	0	0	0	0	0	0	0	0	0	0	0	0	0	0	0	0	0	0	0	0	0.250319505281094	0	0	0	0	0	0	0	0	0	0	0	0	0
ERR12405909	3.79049807930601	3.71309853327137	0	0	0	1.52211476096114	8.30164997069571	0	0	0	0	6.22943656051552	1.70865427495058	0	0	3.62509058160881	0	0	0	0	0	0	0	0	0	0	0	0	7.80900610572256	3.20620928691484	0	0	0	0	0	0	0	0	0	0	0	0	0	0	0	0.61087360139727	0	0	0	0	0	0.396833315777045	0	0	0	0	0.777422981645612	0	0	1.45122836666185	0.118055111260328	0	0.130803596188535	0	0	0	0	0	0.367835577258005	0	1.54023181044145	0.655330208815972	0.618228487406321	0	0	0	0.606291696228053	0	0.562618366240535	0	0.638800461135413	0.560471563327363	0.567825009374623	0.547482334902633	0	0	0.530592812320092	3.00893682514437	0.517725695512578	2.70342773573754	0	0.494067066662983	0.521576841759186	0	0	0	0	0	0.529692592180005	0	0.937126168975268	0	0	0	0.903868311652017	0	2.35120702232707	0	0	0	1.77163642561447	0	0	0	0.419769554264331	0	0	0	0.363757254125643	0.452416573672742	0.908848298005822	0	0	0	0.880525563014402	0	0.398342918786392	0.882046421850604	0.915010126547088	0	0	0	0.844538903842108	0	0	0	0	0	0	0	0	0	0	0	0	0	0.858791635763229	0	0	0	0	0	0	0	0	0	0	0	0.887221815786599	0	0	0	0.860302333287004	0	0	0	2.07468996902496	0.557901744513105	0	0	0	0	0	0	0	0	0	0	0	0	0	0.302615258975377	0.735957249737266	0	0	0	0.279704494523753	0	0	0	0	0	0	0	0	1.98204433938454	0	0.510336276426863	0	0	0.21851845377019	0	0	0.763039615133634	0.262410169907872	0	0	0.244580766984415	0	0	0	0	0	0	0	0	0	0	0.709915427169596	0	0	0	0	0	0	0	0	0.21357715783512	0	0	0	0	0	0	0	0	0	0	0.380334315472646	0	0	0	0	0.215381913886285	0	0	0	0	0	0	0	1.25984167511607	0	0	0	0	0	0	0	0	0	0	0	0	0	0	0	0	0	0	0	0.161439687847361	0	0	0	0	0	0	0	0	0	0	0	0	0	0	0	0	0	0	0	0	0	0	0	0	0	0	0	0	0	0	0	0	0	0	0	0	0	0	0	0	0	0	0	0	0	0	0	0	0	0	0	0	0	0	0	0	0	0	0	0	0	0	0	0
ERR12405910	11.375290770985	8.51971263741263	1.43205960439067	1.31373277206124	1.69192019093765	3.21965003210513	0	1.33872737588532	1.01756040141466	1.06436379301755	0.999590831858774	1.21468426302406	2.33054131137909	0	0	1.88497077165919	3.15934819365882	0.471325653409731	0.224156233088269	0	0	0	0	0.320850393734194	0.362790436763523	0.326000047695303	0	1.74141212175938	0	0.347775662248187	0.281637367823253	0.281905460453671	2.20516682577223	0	0	0	0.245957815956874	0	0	0	0.843454821715049	0.191200582175948	0.999564336971314	0.686611436436805	0	0	0	0	0	0.42634801010265	0	0	0	0	0	0	0.332227125079309	0	0	0.514435161336942	3.17097703960365	0	3.72516370115655	0	0	0	0	0	1.02453828229493	0	0	0	0	0	0	0	0	0	0	0	0	0	0	0	0	0.371350959055749	0	0	0	0	0	0	0	0	0	0.332039863825576	0	0	0	0	0	0	0	0	0	0	0	0	0	0	0	0	0	0	0	0.27959131588792	0	0	0	0	0	0	0	0	0	0	0	0	0	0	0.430212364427911	0	0	0	0	0	0	0	0	0	0	0	0	0	0	0	0	0	0	0	0	0	0	0	0	0	0	0.206449360463284	0.368063218957208	0	0	0	0	0	0	1.74344000372307	0	0	0	0	0	0	0	0	0	0	0	0	0	0	0	0	0.299736225153807	0.239308431983423	0	0	0	0	0	0.658617962664394	0	0	0	0	0	0	0	0	0	0.183318812231027	0	0	0.578968649889701	0	0	0	0.282436411675054	0	0	0	0.175840961386656	0	0	0	0	0	0	0	0	0.260318138050517	0	0.251356928848928	0	0	0	0.280371041062778	0	0	0	0	0	0	0	0	0	0.726851159700055	0	0	0	0	0	0	0	0	0.279778598565732	0	0	0	0	0	0	0	0	0	0	0	0	0.521560364316926	0	0	0	0	0	0	0	0	0	0	0	0	0	0	0	0	0	0	0	0	0	0	0	0	0	0	0	0	0	0.186586491132841	1.43753016617061	0	0	0	0	0	0	0	0	0	0	0	0	0	0	0	0	0	0	0	0	0.208803356802278	0	0	0	0	0	0	0	0	0	0	0	0	0	0	0	0	0	0	0	0	0	0	0	0	0	0
ERR12405911	8.44429786461479	5.03463359238575	2.57039271324276	1.8905534390312	1.99280986560064	1.77200013279122	0	1.62837476828146	1.73165847840372	1.42288001627702	1.59099819719336	1.35418055286569	1.16330608546673	0	0	1.7366776005043	1.04254808309447	0	0	0	0	4.60137165645277	0	0	0	0	0.981515701864557	0	0	5.69056371863769	0	0	2.67517057972664	0	0	0	0	2.18961874544217	0	0	0	0	0.547071404311978	1.41980163789174	0	0	0	0	0	1.83120167718615	0	0	0.354740700193723	0	0.325877839513099	0	0.787254053238583	0	0	0.292719528063947	0	0.468710520095329	0	0	0	0.650527952567826	0	0	1.29389319868586	0.256879170488481	0	0	0	0	0	0.486463993522985	0	0.660139793879213	0	0	0	0	0	0	0	0.283151145719738	0	0	0	0	0	0	0	0	0	0.264029113519075	0	0	0.15009403135036	0	0.286295809869641	0	0	0	0.293545639414182	0	0	0	0	0	0	0	0	0	0	0.227829076507396	0	0	0	0	0.268714705632725	0	0	0	0.256156640910991	0	0	0.344034173313627	0.281300307704525	0	0	0	0.255607362706118	0	0	0	0	0	0	0	0	0	0	0	0	0	0.256844923616514	0	0	0	0	0	0	0	0	0	0	0	0.172634475682675	0	0	0	0.338805156774197	0	0	2.21008024733005	0	0	0	0	0	0	0	0	0	0	0	0	0	0	0	0	0.148975834436442	0	0	0	0	0	0	0	0	0	0	0	0	0	0	0	0	0	0	0.518652402698293	0	0	0	0.551494309354487	0	0	0	0.567521755567549	0.161387195405083	0.586009469770415	0.543631026773082	0.552913843085773	0	0	0	0	0	0	0.538378281031287	0	0.534351014461628	0.602576419046223	0	0	0.542812928932361	0	0	0	0	0.511714715598659	0	0.544425996737365	0	0	0	0	0	0	0	0.552612555472798	0	0	0	0	0	0.473103412005219	0	0	0	0	0	0	0	0	0	0	0	0.125907200255065	0	0	0	0	0.176878559899402	0	0	0	0	0	0	0	0	0	0	0	0	0	0	0	0	0.236968033181386	0	0	0	0	0	0	0.670399862858138	0	0	0	0	0	0	0	0	0	0	0	0	0	0	0	0	0	0	0	0	0	0	0	0	0	0	0	0	0	0	0	0	0	0	0	0	0	0	0	0	0	0	0	0	0	0	0
ERR12405912	0.930184948932611	0.730553250693655	0.410470016304866	0.354258100185041	0.332246841361135	0.685938730619914	0.380726241569818	0	0	0	0	0	0.676277481288666	0	0	0	0.412546152138105	2.81106079754625	0	0.251596304789561	0	11.1745356656374	0	2.06140350694749	2.01823178691291	0.338086683168883	0	2.28283381038863	0.765772837993387	0	0.414403572087247	0.286598878294219	0	0	0	0.782399709557699	0.252442449731948	0	0	0	0	0	0.480990395763621	0.587971503221806	0	0.400512880521744	0.601926649460339	0	0.626360018430508	0.393416615298464	0.609809154780705	0.34457174455768	0.269089708357037	0	0.314630438859631	0	0	0	0	0.208473464966996	0	0	0.173883004963113	0	0	0	0	0	0.257038382068994	0.256609771908824	0	0	0	0	0	0	0	0	0	0	0	0	0	0	0	0.439458796347514	0	0.597206071005989	0	0	0	0	0	0	0	0	0	0	0	0	0.163315042631855	0	0	0	0.157866856731474	0	0	0	0.248981484471199	0	0	0.640389744069574	0	0	0	0	0	0	0	0	0.157898460287369	0	0	0	0.152525639887031	0	0	0.157724864871547	0.164374622832079	0	0	0	0	0	0	0	0	0	0	0	0	0	0	0	0	0	0	0	0.190665467571991	0	0	0	0	0	0	0	0	0.181773005327291	0	0	0	0	0	0	0	0	0	0	0	0	0.135905570634103	0	0	0	0	0	0	0	0.390151092205014	0	0	0	0	0	0	0	0	0	0	0	0	0	0	0	0	0	0	0	0	0	0	0	0	0	0	0	0	0	0	0	0	0	0	0	0	0	0	0	0	0	0	0	0	0	0	0	0	0	0	0	0	0	0	0	0	0	0	0	0	0	0	0	0	0	0	0	0	0	0	0	0	0.188631918082777	0	0	0	0	0	0	0.160629184468407	0	0	0	0	0	0	0	0	0	0	0	0	0	0	0	0	0	0	0	0	0	0	0	0	0	0	0	0	0	0	0	0	0	0	0	0	0	0	0	0	0	0	0	0	0	0	0	0	0	0	0	0	0	0	0	0	0	0	0	0	0	0	0	0	0	0	0	0	0	0	0	0	0	0	0	0	0
ERR12405913	0	0	1.21471561577616	0.957921352567162	1.00522925046031	0.309205402355032	0	1.15440642528893	0.831354307838163	0.9668142505383	0	7.70403633427002	0	0	0	5.39004335616214	1.94670519073363	0	0	0	0	6.24041030101877	0	0	0	0.390577861394724	0	0.562062715919224	3.48800538933801	0	0.331349125744806	0.33958218731628	0	0	0	0	0.31135992326665	0	0	0	0.464691195548984	0	0.761614647417979	0	3.54618079655642	0	0	2.12460924401948	0	0	0	0	0	0	0.708599723058003	1.34250109433404	0.465128016636643	0	0	0	1.4909598887295	0	0	0	0	0	1.53682892197999	0	0.320963250304609	0.536170026336858	0	0	0	0	1.79334487429265	0	0	0	0	0	0	0	0	0	0	0	0	1.64464483870491	0	0	0	0	0	0	0	0	0	1.12807850817849	0	0	0.384546112484624	0	0	0	0.368770751351009	0	0	0	0	0	0	0	0	0	0	0	0	0	0	0.180161331226582	0	0	0	0	0.34740195612669	0	0.179154199615097	0	0.365333408529643	0	0	0	0	0	0	0	0	0	0	0	0	0	0	0	0	0	0	0	0	0	0	0	0	0	0	0	0	0	0	0	0	0	0	0	0	0	0	0	0	0	0	0.467171994329261	0	0.429916892726597	0	0	0	0	0	0	0	0	0	0	0	0.361047911199863	0	0	0	0	0	0	0	0	0	0	0	0	0	0	0	0	0	0	0	0	0	0	0	0	0	0	0	0	0	0	0	0	0	0	0	0	0	0	0	0	0	0	0	0	0	0	0	0	0	0	0	0	0	0	0	0	0	0	0	0.22072063652443	0	0	0	0	0	0.349924647959522	0	0	0	0	0	0.161938476860349	0	0	0	0	0	0	0	0	0	0	0	0	0	0	0	0	0	0	0	0	0	0	0	0	0	0	0	0	0	0.395621215422949	0	0	0	0	0	0	0	0	0	0	0	0	0	0	0.326940896855585	0	0	0	0	0	0	0	0	0	0	0	0	0	0	0	0	0	0	0	0	0	0	0	0	0	0	0	0	0	0	0	0	0
ERR12405914	3.08997183758796	1.68791103452399	0	0	0	0	0	0	0	0	0	0	0	0	0.195686288049009	0	0	0	0	0	0	3.8266464459865	0	0	0	0	0	0	0	0	0	0	0	0	0	0	0	0	0	0	0	0	0	0	0	0	0	0	0	0	0	0	0	0	0.293149899256653	0	0	0	0	0	0	0	0	0	0	0	0	0	0	0.236487615820231	0	0.182161293190431	0.16921874729044	0	0	0	0	0	0.162511306007083	0	0	0.157946102200114	0.162924170933591	0	0	0	0	0	0	0	0	0	0	0	0	0	0	0	0	0	0	0	0	0	0	0	0	0	0	0	0	1.23587846102088	0	0	0	0	0	0	0	0	0	0	0.120457802483482	0	0	0	0	0	0	0	0	0	0	0	0	0	0	0	0	0	0	0	0	0	0	0	0	0	0	0	0	0	0	0	0	0	0	0	0.316150954787486	0	0	0	0	0	0	0.143613984431842	0	0	0	0	0.85399334986277	0	0	0	0	0	0	0.298478845196078	0	0	0	0	0.260269987079897	0	0	0	0	0	0	2.17281830319817	0	0	0	0	0	0	0	0	0	0	0	0	2.09852613776681	0	0	0	0	0	0	0	0	0	0	0	0	0	0	0	0	0	0	0	0	0	0	0	0	0	0	0	0	0	0	0	0	0	0	0	0	0	0	0	0	0	0	0	0	0	0	0	0	0	0	0	0	0	0	0	0	0	0	0	0	0	0	0	0	0	0	0	0	0	0	0	0	0	0	0	0	0	0	0	0	0	0	0	0.687008612846749	0	0	0	0	0	0	0	0	0	0	0	0	0	0	0	0	0	0	0	0	0	0	0	0	0	0	0	0	0	0	0	0	0	0	0.16621306984257	0	0	0	0	0	0	0	0	0	0	0	0	0	0
ERR12405915	2.02601569926251	1.52394257079616	3.00458775613797	2.49149652254563	2.37343658528666	2.02356110051988	0.248201020956722	2.23514905950382	1.98511508907932	2.12042289186317	1.9583518250248	0.533883155261234	1.6202123552014	0	0	0.583306411206342	1.13597264600747	0	0	0	0	3.08800848823211	0	0	0	0	0.816435663427933	0.86065984067865	1.3084650956995	0	0	0	0.601662753880085	0	0	0	0	0.695411996764215	0.126845434405724	0	0	0	0.810986846592839	0.552590459223598	0	0	0	0	0	0	0	0	0	0	0	0	0.405758001784259	0	0	0.423772707396239	0.295885364612902	0	0.141291513859342	0	0	0	0	0	0.466123045643065	0	0.384096196063652	0	0	0	0	0.379126363514232	0.215466605637156	0	0	0	0	0	0	0	0	0.216619848472581	0	0.989181659171571	0	0	0	0	0	0	1.41291377054084	0	0.352483669993105	0	0.128766416309923	0	0	0	0	1.28467827817307	0	0	0	0	0	0	0	0	0	0	0	0	0	0	0	0	0	0	0	0	0	0	0	0	0	0	0	0	0	0	0	0	0	0	0	0	0	0	0	0	0	0	0	0	0	0	0	0	0	0	0	0	0	0.128048172317573	0	0	0.559309351224028	0	0	0	0	0	0	0	0	0	0	0.319214328057131	0	0	0	0	0	0	0	0	0	0	0	0	0	0	0	0	0	0	0	0	0	0	0	0	0	0	0	0	0	0	0	0	0	0	0	0	0	0	0.280899629038439	0	0	0	0	0	0	0	0	0	0	0	0	0	0	0	0	0	0	0	0	0	0	0	0	1.45579948830938	0	0	0	0	0	0	0	0	0	0	0	0	0	0	0	0	0	0	0	0.241752634457065	0	0	0	0	0	0	0.300528366901049	0.23305861621332	0	0	0	0.218893751074365	0	0	0	0	0	0	0	0	0	0	0.225250512822314	0	0	0	0	0	0.167938523277278	0	0	0	2.44358406347078	0	0	0	0	0	0	0	0	0	0	0	0	0	0	0	0	0	0	0	0	0	0	0	0	0	0	0	0	0	0	0	0	0	0	0	0	0	0	0	0	0	0	0	0	0	0	0
ERR12405916	0	0	3.42839965296103	2.6878942751882	2.56146824236446	0	0	2.0651381609154	2.36623130916353	2.19029914842224	2.45305268836748	0	0	0	0	0	0	1.96173186213907	0	0	0	0	0	1.38311666929773	1.53400974868947	0	1.14480901945523	0	0	0	0	0	0	0	0	5.63266970715117	0	0	0	0	0.930553867523656	0	0	0	2.41020279437642	0	3.62331382731343	0	3.9107787123325	0	4.19023193732185	0	1.09531000675753	3.8905171001758	0.249391315661751	0	0.104928599918834	0	0	0	0	1.05170419260809	0	1.45026403605275	1.28775751506861	0	1.246523129175	0	0.780769198100698	0.187222439729444	0	0	0	1.23525231069122	1.61429090526146	0	0	0	0	0	0	0	0	0	0	0.139436436483756	0	0	0	0	0	0	0	0	0	0	0	0	0.374796097292997	1.24813228992597	0	0	0	0	0	0	0	0	0.164872825156972	0	0	0	0	0	0	0	0	0	0	0.316139320826415	0	0	0	1.19684318838773	0	0	0.461115332043665	0	0	0	0	0	0	0	0	0	0	0	0	0	0	0	0	0	0	0	0	0	0	0	0	0	0	0	0	0	0	0	0	0	0	0	0	0	0	0.887189940504149	0	0	0	0	0	0	0	0	0	0	0	0	0	0	0	0	0	0	0	0	0	0	0	0	0	0	0	0	0	0	0	0	0	0	0	1.25113725263557	0	0	0	1.06495880876254	0	0	0	1.02893782505938	0	1.14352717448949	0.976506116185863	1.04445029561611	0	0	0	0	0	0	1.39527018880922	0	1.05574018167378	1.07504602758986	0	0	1.09038494225956	0	0	0	0	1.00923563835329	0	1.02451020565775	0	0	0	0	0	0	0	1.05040307362048	0	0	0	0	0	1.04755079663639	0	0	0	1.3796668927726	0	0	0	0	0	0.534639625765654	0	0.24119750448163	0	0	0	0	0	0	0	0	0	0.13580590923279	0	0.627064316128421	0.177644931083101	0	0	0	0	0	0.198506778862217	0	0	0	0	0	0	0.182979019821052	0	0	0.120593103190996	0	0	0	0	0	0	0	0	0	0	0	0	0	0	0	0	0	0	0	0	0	0	0	0	0	0	0	0	0	0	0	0	0.240480918137061	0	0	0	0.20340836547752	0.219685119835642	0	0	0	0	0	0	0	0	0
ERR12405917	9.16409539473777	6.52916144117971	2.30349739345245	2.27869305362535	1.81655617602529	2.19202358982817	0.801415046050231	2.2552781757179	1.44000874350606	1.60481153490086	1.35887432572358	0	1.78996947589364	4.47043172288675	5.61610142738301	0	0.924547781062692	0	0.809378822726363	8.3115875799663	3.81609629966824	0	4.02179698313217	0	0	0.187690060599902	0	0	0	0	0.16861656082072	0	0	0	0	0	0	2.22282793811403	0	0.472081727550568	0	0	2.30105136940186	0	0	0.690901751952147	0	0	0	0	0	0.667628643194432	0	0	0	0	0.613255214075146	0	0.31065474912695	1.66551987242074	0.899570542203651	0	0.283963195418615	0	0	0	0	0	0.278589797188368	0	1.38684972792329	0	0	0	0	1.02026098173753	0	0	0	0	0	0	0	0	0	0.18453461023152	0	0	0	1.16797485276352	0	0	0	0	0	0	1.13305917075274	0	0.467632403799172	0	0	0	0	0	0	0	0.961637936419234	0	0.163184663798284	0	0.999749734021487	0	0	0	0	0	0	0	0.279011052154109	0.360402394886889	0	0	0	0	0	0	0.347838608731491	0	0	0	0	0	0	0	0	0	0	0	0	0	0	0	0	0	0	0	0	0	0	0	0	0	0	0	0	0	0	0	0	0	0	0	0	0	0	0.387358719725383	0.848805289395488	0	0	0	0	0.241221983121576	0	0	0	0	0	0	0	0	0.388018756444573	0	0	0	0	0	0.225934830896132	0	0	0.230200659951416	0	0	0	0	0	0.8073709646626	0	0	0	0	0	0.352448300647087	0	0	0	0.340420235109446	0	0	0	0.354591115224054	0	0.356153706240954	0.33403573726165	0.346441260506262	0	0	0	0	0	0	0.341729146989603	0	0.352856038638941	0	0	0	0.348727175024591	0	0	0	0.140033077355186	0	0	0	0	0.373551095313077	0	0	0	0	0	0.986868899810863	0	0	0	0	0	0	0	0	0	0	0	0	0	0	0	0	0	0	0	0	0	0	0.275203436073149	0	0	0	0	0	0	0	0.221029389450574	0	0.272391055515072	0	0.232670957838854	0	0	0	0	0	0	0	0	0	0.937732331853764	0	0.35812004776997	0	0	0	0	0	0	0	0	0	0	0	0	0	0	0	0	0	0	0	0.543305931385431	0	0	0	0	0	0	0	0	0	0	0	0	0	0	0	0	0	0	0	0	0	0	0	0	0	0	0
ERR12405918	0	0	0	0	0	0	0	0	0	0	0	0	0	0	0	0	0	0	0	0	0	0	0	0	0	0.362733343693424	0	0	0	0	0.307054707970762	0.313435075190015	0	0	0	0	0.287398142354159	0	0	0	0	0	0	0	0	0	0	0	0	0	0	0	0	0	0.808994117317111	0	0	0	0	0	0	0	0	0	0	0	0	0	0	0.662735432339594	0	0	0	0	0	0	0	0	0	0	0	0	0	0	1.81384546938627	0	0	0	0	0	0	0	0	0	0	0	0	0	0	0	0	0	10.9233159707251	0	0	0	0	0	0	0	0	0	0	0	0	0	0	0	0.271078269839221	0	0	0	0	0	0	0	0	0	0	0	0	0	0	0	0	0	0	0	0	0	0	0	0	0	0	0	0	0	0	0	0	0	0	0	0	0	0	0	0.292661257877896	0	0	0	0	0	0	0	0	0	0	0	0	0	0	0	0	0	0	0	0	0	0	0.222101552524098	0.243124929244706	0	0	0	0.216689848610421	0	0	0	0	0	0	0	0	0	0	0	0	0	0.239923328971307	0	0	0	0.203077242382531	0	0	0.26095808187216	0	0	0	0	0	0	0	0	0	0	0	0	0	0	0	0	0	0	0	0.229563758093822	0	0	0	0	0.226608829607583	0	0	0	0.220549028442087	0	0	0	0	0	0	0.233803999006875	0	0	0	0	0	0	0	0	0	0	0	0	0	0	0	0	0	0	0	0	0	0	0	0	0	0	0	1.58188861634914	0	0	0	0	0	0	0	0	0	0	0	0	0	0	0.230686405447091	0	0	0	0	0	0	0	0	0	0	0	0	0	0	0	0	0	0	0	0	0	0	0	0	0	0	0	0	0	0	0	0	0	0	0	0	0	0	0	0	0	0	0	0	0	0	0	0	0
ERR12405919	3.12035723258248	2.57131946079134	4.53376639338195	3.33050935457471	3.36070206486766	7.29425576728725	0.660258748805455	2.59632076253166	2.89974590626116	2.57296913460171	2.9554437494775	0	3.50683275081227	2.7607728824813	5.58532198791578	0	1.08670682602623	0	0	0	2.85339141996941	0	2.51012691395304	0	0	0	0	0.867759225352646	0.475060256917127	0	0	0	0	0	0	1.62211948945635	0	0	0	0	0	0	0.925246438284542	0.443143361168733	0	0	1.18417900721404	0	1.20822917491041	0.178888718332139	1.28294511030639	0	0	1.04282172547107	0	0.715183887599196	0.83711023502874	0	0	0.363348125219349	0.212552852614057	0	0.6896530259213	0	0	0	0	0	0.259406356500215	0	0	0	0	0	0	1.11414062020926	0	0	0	5.04124155569594	0	0	0	0	0	0.209180066381566	0	0	0	0	0	0	0	1.87109995529263	0	0.396079622099036	0	0	0.258381103741533	0	0	0	0	0	0	0	0	0	0.178697538384319	0	0	0	0	0	0	0.35030748905579	0	0	0.370273149924304	0.228888773389633	0	0	0	0	0	0	0.262223216808597	0	0	0	0.918214095514391	0	0	0	0	0	0	0	0	0	0	0	0	0	0	0	0	0	0	0	0	0	0	0	0	0	0	0.144660573269364	0.163288949438758	0	0	0	0	0	0	0	0	0.251333314869707	0	0	0	0.390064424692972	0	0	0	0	0	0	0	0	0.223952228498641	0.2670535688158	0.131321912255683	0.294967480248199	0	0	0.201238295473558	0	0	0	0	0	0	0	0	0	0	0.20560097472143	0	0.110534590966194	0	0	0	0	0	0	0	0	0	0.109918708013271	0.311380304059126	0	0	0	0	0	0	0	0	0	0	0	0	0	0	0	0	0	0	0	0.57782157384195	0	0	0	0	0	0	0	0.16970937104313	0	0	0	0	0	0	0.720023384555555	0	0	0	0	0	0	0	0	0	0	0	0	0	0	0	0	0	0.12939586016645	0	0	0	0	0	0	0	0	0.234508122452038	0	0	0	0	0	0.17084201471997	0	0	0	0	0	0	0.14348315756931	0.580613136578194	0	0.195718787787626	0	0	0	0	0	0	0	0	0	0	0	0	0	0	0	0	0	0	0	0	0	0	0	0	0	0	0	0	0	0	0	0	0	0	0	0	0	0	0	0	0	0	0	0	0	0	0
ERR12405920	1.31346765334905	1.50377736095043	0.636558038145093	0	0	0	0	0	0	0	0	2.95987516174406	0	0	0	1.76070240856502	0	2.28894667682988	12.5368736951691	1.66806984226365	0	0	0	1.69246303090048	1.54416029088231	0	0	0	1.61789021763792	0	0	0	0	0	0.512310486117308	0	0	0	0	7.29955722167419	0	0	0	0	0	0	0	0	0	0	0	0	0	0	0.151628634431101	0	0	0	3.75705412085251	0	0.406195706395824	0	0.324378331002817	0	0	0	0	0	0	0	0	0	0	0	0	0	0	0	0	0	0	0	0	0	0	0	0	0	0	0	0	0	0	0.427526792404897	0	0	0	0	0	0	0	0	0	0	0	0	0	0.302698490311832	0	0	0	3.71269098440365	0	0	0	0	0	0	0	0	0	0	0	0	0	0	0	0	0	0	0.61231534855975	0	0	0	0	0	0	0	0	0	0	0	0	0	0	0	0	0	0	0	0	0	0	0	0	0	0	0	0	0	0	0	0	0	0.301563197392172	0	0	0	0	0	0	0	0	0	0	0	0	0	0	0	0	0	0	0	0	0	0	0.616325467923247	0	0	0	0	0	0	0	0	0	0	0	0	0	0	0	0	0	0	0	0	0	0	0	0	0	0	0	0	0	0	0	0	0	0	0	0	0.606725948981525	0	0	0	0	0	0.194434401132116	0	0	0	0	0	0	0	0	0	0	0	0.617711274088213	0	0	0	0.621612913234509	0	0	0	0	0	0	0	0	0	0.592455999152063	0	0	0	0	0	0	0	0	0	0.179891444484274	0	0	0	0	0	0	0	0	0	0	0	0	0	0	0	0	0	0	0	0	0	0.16025904769099	0	0	0	0	0	0	0	0	0	0	0	0	0	0	0	0	0	0	0	0	0	0	0	0	0	0	0	0	0	0	0	0	0	0	0	0	0	0	0	0	0	0	0	0	0	0	0
ERR12405921	2.89718366113274	1.9934299553889	1.6850032376568	1.60834630599998	1.09651455421849	0	0	1.20719061502076	1.00833866373813	0.927839478809597	0.995892526566866	0.908160757045275	0	0	0	0.844220814484814	0.712250188467853	0	0	0	0	0	0	0	0	0	1.26447469303588	0.918958871210605	0.338016742322798	0	0	0	0	0	0	0	0	0	0	0	0	0	0	0	0	0	0	0	0	0.238851434946525	0	0	0.257247993470772	0	0.627297176339362	0	0.211785020452163	0	0	0	0	0	0	0	0	0	0	0	0	0.475788931137364	0	1.54438983639947	1.8239546830732	0	0	1.00206502830653	1.56869447835487	0	1.49138529461316	0	1.38115410896521	1.58806663138695	1.42311039934268	1.41922342844322	0.4830474817131	0.126319336246513	1.40408772667152	0	1.40247336439266	0	0	1.35890068659689	1.36957118917908	0	0	0.349782164252436	0	0	0	0	0.270666785624406	0	0.349013438304676	0	0.318278820754824	0	0	0	0.252712059157967	0	0	0	1.04478473043206	0	1.0903175579216	0.297972865566248	0	0	0	0	0.243662516280694	0	0	0	0.212231880495425	0	0	0.266548605513247	0.25255401265547	0	0	0	0.243205354832846	0	0	0	0	0	0	0	0	0	0	0	0.345021226450571	0	0.236125963984817	0	0.196689151036169	0	0	0	0	0	0	0	0	0	0.705716189980739	0	0	0	0.25334299046158	0	0	0	0	0.298255009330506	0	0	0	0	0	0	0	0	0	0	0	0	0	0	0.55328160186261	0.255169779915351	0	0	0	0	0	0	0	0	0	0	0	0	0	0.240147812978634	0	0	0	0	0	0	0	0	0	0	0	0	0	0	0	0	0	0	0	0	0	0	0	0	0	0	0	0	0	0	0	0	0	0	0	0	0	0	0	0	0.191531873482324	0	0	0	0	0	0	0	0	0	0	0.530374515379571	0	0	0	0	0	0	0	0	0	0	0	0	0	0	0.238212608003526	0	0	0	0	0	0	0	0	0	0.246126925415064	0	0.206954004233584	0	0	0	0	0	0	0	0	0	0	0	0	0	0	0	0	0	0	0	0	0	0	0	0	0	0	0	0	0	0	0	0	0	0	0	0	0	0	0	0	0	0	0	0	0	0	0	0	0	0	0	0	0	0	0	0	0	0	0
ERR12405922	1.57905539003506	3.82896211091788	10.1129465904879	6.77198670323141	7.38769772166212	0	0	5.47854124133696	6.74722343750918	5.61584062662859	6.25767574648395	9.33315574639516	0	0	0	5.69325568702805	0	0	0	0	0	0	0	0	0	0	5.8061040229627	0	0	0	0	0	0	2.04992479613386	0	0	0	0	0	0	0	2.85058743322439	0	0	0	0	0	0	0	0	0	0	1.99972668064506	0	0.166097731425449	0	0	1.70186135897931	0	0.990057706565913	0.507585578029833	0	0.217308625046186	0	2.75329715238636	0	0	0	0	0	0.644725545886607	0	0	0	0	0	0	0	0	0	0	0	0	0	0	0	0	0	0	1.16192105582231	0	0	0	0	0	0	0	0	1.11263993913061	0	0	0	0	0	0	0	0.759632685438105	0	0	0	0.676311546401434	0	0	0	0	0	0	0	0	0.862447432786712	0	0	0	0	0	0	0.823672342277988	0	0	0	0	0	0	0	0	0	0	0	0	0	0	0	0	0	0	0	0	0	0	0	0	0	0	0	0	0	0	0	0	0	0	0	0	0	0	0	0.683221459220683	0	0	0	0	0	0	0	0	0	0	0	0	0	0	0	0	0	0	0	0	0	0	0	0	0	0	0	0	0.69284794144101	0	0	0	0	0	0	0	0	0	0	0	0	0	0	0	0	0	0	0	0	0	0.218446542166785	0	0	0	0	0	0	0	0	0	0	0	0	0	0	0	0	0	0	0	0	0	0	0	0	0	0	0	0	0	0	0	0	0	0	0	0	0	0	0	0	0	0	0	0	0	0	0	0	0	0	0	0	0	0.249903304117358	0	0	0	0	0	0	0	0	0	0	0	0	0	0	0	0	0	0	0	0	0	0	0	0	0	0	0	0	0	0	0	0	0	0	0	0	0	0	0	0	0	0	0	0	0	0	0	0	0	0	0	0	0	0	0	0	0	0	0	0	0	0	0	0
ERR12405923	1.23154901429029	0	4.83022483200272	5.36110325207113	5.88666845991396	0	0	5.32479084370523	4.00165750043695	5.62985841533634	3.53019086056789	0	0	0	0	0	0	0	0	4.91078040021224	0	0	0	0	0	0	0	0	0	0	0	0	0	7.00119025975032	0	0	0	1.67151128664203	0	0	0	5.44275448299943	0	0	0	0	0	0	0	0	0	0	0	0	0	0	0.190972339990501	4.93579921448351	0	0	0	0	0.179225001742566	0	0	0	0	0	0	0	0	0	0	0	0	0	0	0	0	0	0	0	0	0	0.594784240916667	0	0	0	0	0	0	0	0	3.90035531618041	0	0	0	0	0	0	0.689659819999296	0	0.404308090728137	0	0	0	0	0	0	0	0	0	0	0	0	0	0	0	0.748827345808448	0	0	0	0	0	0	0	0	0	0	0	1.97130554608341	0	0	0	0	0	0	0	0	0	0	0	0	0	0.384005032512117	0	0	0	0	0	0	0	0	0	0	0	0	0.187110240454054	0	0	0	0	0	0	0	0	0	0	0	0	0	0	0	0	0	0	0	0	0	0	0	0.561697072991253	0	0	0	0	0.592760792356168	0	0	0	0	0	0	0	0	0	0	0	0	0	0	0.4293400728528	0	0	0.642412143297838	0.449665427590375	0	0	0	0.446400080162447	0.310940113806077	0.473982694607734	0.45176139151065	0.477921411213677	0	0	0	0	0	0	0.427502329263859	0	1.12704594830917	0.516425770023373	0	0	0.420014882102714	0	0	0	0.268566133411703	0.429442865753602	0	0.511982284865076	0	0	0	0	0	0	0.332268090196892	0.416595943235947	0	0	0	0	0	0.40488693079754	0	0	0	0	0	0	0	0	0	0	0	0	0	0	0	0	0	0	0	0	0	0	0	0.183266573941739	0	0	0	0	0	0	0	0	0	0	0	0	0	0	0	0	0	0	0	0	0	0	0	0	0	0	0	0	0	0	0	0	0	0	0	0	0	0	0	0	0	0	0	0	0	0	0	0	0	0	0	0	0	0	0	0	0	0	0	0	0	0	0	0
ERR12405924	11.4333929946813	7.93294589539209	1.0430939029022	1.1514045690046	0	0	0	0	0.489089294062272	0	0	1.70811749747979	0	2.42367542956846	5.91290292776601	2.14305597051215	0	1.7581663312387	0	0	2.01124549330045	0	1.57638531693493	1.38847094224797	1.33079482180729	0	0	0	1.78007234127639	0	0	0	0	0.638139617652822	0.221041607429897	0	0	3.29836934802886	0	0	0	0.935622378589517	0	0	0	0	0	0	0	0	0	0	0	0	0	0	0	0.5453030661321	0	0	0	0	0	0	0	0	0	0	0	0	0	0	0	0	0	0	0	0	0	0	0	0	0	0	0	0	0	0.916908695338908	0	0	0	0	0	0	0	0	0	0	0	0	0	0	0.195952810533675	0	0	0	0	0	0	0	0	0	0	0	0	0	0	0	0	0	0	0	0.592378241044557	0	0	0	0	0	0	0	0	0	0	0	0	0	0	0	0	0	0	0	0	0	0	0	0	0	0	0	0	0	0.580372066091641	0	0	0	0	0	0	0	0	0	0	0	0	0	0	0	0	0	0.59803865780866	0	0	0.61023516460218	0	0	0.899688789763075	0.318663665668933	0	0	0	0	0	0	0.538379972427706	0.549598631727065	0	0	0	0	0	0.521588544344903	0.489307114933436	0	0	0	0.516177964488961	0	0.578747627936253	0	0	0	0	0	0	0	0.699204427380607	0	0	0	0	0	0	0	0.561179137380382	0.431740058856686	0	0	0	0.655133675341168	0	0.695650728978454	0	0	0	0.673429520751832	0	0	0	0	0	0	0	0	0	0	0	0	0	0.46626990098785	0	0	0	0	0.834072787773587	0	0	0	0	0.329890698341542	0	0.283638590195542	0	0	0	0	0	0	0	0	0	0	0	0	0.330889357236736	0	0	0	0	0	0	0	0	0	0.353932973844946	0	0.301198276070428	0	0	0.301249795771744	0	0	0	0	0	0	0	0.672424120675123	0	0	0	0	0	0	0	0	0	0	0	0	0	0	0.476365278338944	0	0	0	0	0	0	0	0	0	0	0	0	0	0	0	0	0	0	0	0	0	0	0	0	0	0	0	0	0	0	0	0	0
ERR12405925	0	0	3.01683985163021	2.41474974458283	2.20950923848312	2.01882327548304	0	2.09589346054564	2.15222184873679	1.81852151707315	2.26134013807203	5.9986233212555	1.45546576461264	0	0	3.49121292096129	0.753342395466775	0	15.439574828426	0	0	3.92554772834812	0	0	0	0	0.395779516499156	0	0.211960377022717	0	0	0	1.70099502904301	0.207024082739506	2.03064113907226	0	0	0	0	7.08197331042439	0	0	0	0	0	1.24819404606463	0	0	0	1.23621174437653	0	1.06775343596537	0	0	1.23514113699287	0	0.249730330585275	0	6.81877214937474	0.225944092588692	0	0	0	0	0	0	0	0	1.16971908364334	0.902973049508489	0	0	0	0	0	0	0	0	0	0	0	0	0	0	0	0	0	0	0	0	0	0	0	0	0	0	0	0	0	0	0	0	0	0	0	0	0	0	0	0	0	0	0	0	0	0	0	0	0	0	0	0	0	0	0	0	0	0	0	0	0	0	0	0	0	0	0	0	0	0	0	0	0	0	0	0	0	0	0	0	0	0	0	0	0	0	0	0	0	0	0	0	0	0	0	1.12922166939909	0	0	0	0	0	0.805739783240014	0	0	0	0	0	0	0	0	0	0	0	0	0	0	0	0	0	1.13853107111991	0	0	0	0	0	0	0	0	0	0	0	0	0.98074641012546	0	0	0	0	0	0	0	0	0	0	0	0	0	0	0	0	0	0	0	0	0	0	0	0	0	0	0	0	0	0	0	0	0	0	0	0	0	0	0	0	0	0	0	0	0	0	0	0	0	0	0	0	0	0	0	0	0	0	0	0	0	0	0	0	0	0	0	0	0	0	0	0	0	0	0	0	0	0	0	0	0	0	0	0.535474019175664	0	0	0	0	0	0	0	0	0	0	0	0	0	0	0	0	0	0	0	0	0	0	0	0	0	0	0	0	0	0	0	0	0	0	0	0	0	0	0	0	0	0	0	0	0	0	0	0	0
ERR12405926	2.07941447264522	1.68883006765637	1.46475274561469	0.764549038533588	0.797502393605181	6.35234313065517	3.985684030608	0.76186827401517	0.688539636307578	0.598446648210076	0.7297337447631	0.912085638192874	3.44012929350897	0	0	0.783346631438725	1.13825560248882	1.02149648581261	0	0	0	0	0	0.705953455302582	0.774755013965091	0.184933131728484	0	0	0.686326813569865	1.25778088270035	0.190239136451003	0.152620513255674	6.39776098220478	0.205827482568345	0	0	0.141274232346869	0	0	0	0.889825007726647	0.255949604984394	0.886927393001039	1.68268863450419	0	1.08082007152135	0	0	0	1.73659377202464	0	0	0.430988171449763	0	1.5196365349007	0	0.285314560709689	0.20060226579557	0	0.406686896812152	0	0.374213215774588	0.124525207514167	0	0	0.348884869098781	0	0	0.316574926539759	1.10709207803534	0.50924339527138	0	0	0	0	0	0	0	0	0	0	0	0	0	0.964613608541767	0.277461588732997	0	0.334793522703605	0	0	0.213714690589727	0	0	0.977294469416108	0	0	0	0	0.232655709737583	0	0	0.198359974757332	0.668951781758292	0	0	0.183410909312252	0	0.864333091303023	0	0.185610067693947	0	0	0	0.171124092498325	0	0	0	0.176306435133985	0	0.194577720615339	0	0	0	0	0	0	0.234849417777916	0	0	0	0.501904826148532	0	0	0	0	0	0	0	0	0	0	0	0	0	0.676440443338555	0	0	0	0	0	0	0	0	0	0	0	0	0.186216440183666	0	0	0	0.238065782319026	0	0	0	0.650546133139476	0	0.276929629391222	0	0	0.99334038820623	0	0	0	0	0	0	0	0	0	0	0	0	0	0	0	0	0	0	0	0	0	0	0	0	0	0	0.21220489025331	0	0	0	1.49883096540046	0	0	0	1.79249939606064	0	0	0	1.6576410833646	0	1.68886066563494	1.57320596408116	1.69517190831773	0	0	0	0	0	0	1.49220202273067	0	1.55230857898601	1.51996778807974	0	0	1.57669995478677	0	0	0	0	1.45360418271101	0	1.48700520944679	0	0.439172036475833	0	0	0.178421366638651	0	0	1.4226144472871	0	0	0	0	0	1.37628192357087	0	0.300905023434338	0.191123665644203	0	0	0	0	0	0	0	0	0	0	0	0	0	0	0	0	0	0	0	0	0	0	0	0	0	0	0	0	0.221534010358624	0	0	0	0	0	0	0	0	0.187724995025201	0	0	0	0	0	0	0	0	0	0	0	0	0	0	0	0	0	0	0	0	0	0	0	0	0	0	0	0	0	0	0	0	0.688896479271726	0	0	0	0.532651723836277	0.539616811542641	0	0	0	0	0	0	0	0	0
ERR12405927	8.82215751413177	6.14247133471414	3.75909086184434	2.45131605405919	5.01464053445853	3.36019180096932	0.617160024098481	2.38080230540601	1.88735191475352	2.15046193050441	1.89242585841351	0	2.1931962514192	2.11559537892122	2.27387651382456	0	4.81124957221005	0	0	0	1.95542007275646	0.163584704338531	1.84955270490808	0	0	0	0	0.647046930509677	0	0	0	0	0	0.32713871355925	5.49702316686248	0	0	2.50021886663241	0	0	0	0	0	0	0	0	0	0.512833472892257	0	0	0	0	2.98341553291198	0	0.441608261960224	0.416250292507502	0.326975140958276	0	0	0.697691651516705	0	2.84383897973172	0	0	0	5.15401775940576	0	0	0.38414593116423	0.347258493945708	0.779201308430237	0.34689216912698	0.332002953711891	0	0	0	0.414946865683593	0	0.308389169016922	0	0.31453761689569	0.30741726179358	0.312124409355915	0.303442652909245	0	0.667579534487642	0.293635056966869	0	0.274482214028661	1.19491478830598	0	0.272146797703496	0.273572870976859	0	0	0	0	0.341475918145648	0.284168095158112	0	0	0	0	0	0	0	0.898567114682102	0	0	0	0.752314030390551	0.316050044026648	0	0	0.318733934004787	0	0	0	0	0.220547749345063	0	0	0	0	0	0	0.22176042915629	0	0	0	0	0	0	0	0	0	0	0	0	0	0	0	0	0	0	0	0	0	0	0	0	0	0	0	0	0	0	0	0	0	0	0	0	0	0	0	0.803979427374536	0.397318770339386	0	0	0	0	0	0	0	0	0	0	0	0	0	0	0	0	0	0	0	0	0	0	0	0	0	0	0	0.803029858509957	0	0.300763594219405	0	0	0	0	0	0	0	0	0	0	0	0	0.150938265754593	0	0	0	0	0	0	0	0	0	0	0	0	0	0	0	0	0	0	1.80689963345656	0	0	0	0	0	0	0	0	0.248825487701351	0	0	0	0	0	0	0	0	0	0	0	0	0	0	0	0	0.240752591205853	0	0	0	0	0	0	0	0.232442730851964	0	0	0	0.258607978378076	0.682253209758165	0	0	0	0	0	0	0	0	0	0	0	0	0	0	0	0	0	0	0	0	0	0	0	0	0	0	0	0	0	0	0	0	0	0	0	0	0	0	0	0	0	0	0	0	0	0	0	0	0	0	0	0	0	0	0	0	0	0	0	0	0	0	0	0	0	0	0
ERR12405928	0.888442324801238	0.790271961339174	0.425933771399458	0.92990915265277	0.239917499820269	1.26653890553505	0	0	0.240715977210484	0	0.258668898435033	0	0.825782283150729	0	0	0	0	0	0	0.362625309138059	0	0	0	0	0	0	0	0	0.25923211707074	0	0	0	0.213227278325433	0	0	0	0	0	0	0	0	0	0	0	0	0	0	0	0	0	0	0	0	0	0.509752025743205	0	0	0	0	0.290588280379484	0	0	0	0	0.205838197316808	0	0.34300012335594	0	0	0.39249319454136	0.343324907462079	0	0	0	0	0	0	0	0	0	0	0	0	0	0.342296369686647	0	0	0	0	0.522950334921583	0	0	0	0	0	0	0	0	0	0	0.24680918884507	0	0.237369238749052	0	0.247769686057274	0	0.384079698190456	0	0.141793976208393	0	0.292035755061815	0	0	0	0	0	0	0	0	0	0.241597819225751	0	0	0	0.234425349935446	0	0	0.256618158425706	0.240845394481588	0	0	0	0.226628991403026	0	0	0	0	0	0	0	0	0	0	0	0.249708610428846	0	0.226178259631006	0	0	0	0	0	0	0	0	0	0	0	0	0	0	0	0.22361631974567	0	0	0	0.334610296704481	0	0	0	0	0	0	0	0	0	0	0.267789510629995	0.72816974540823	0	0	0	0	0	0	0	0	0.545084014463197	0	0	0	0	0.218047207198259	0	0	0.326990647963328	0	0	0	0	0	0	0	0.205102025562581	0	0	0	0	0	0	0	0	0	0	0	0	0	0	0.210020962774968	0	0	0	0	0	0	0	0	0	0	0	0	0	0	0	0.205719964851354	0	0	0	0	0	0.120284045692999	0	0	0	0	0	0	0	0	0	0	0	0	0	0	0	0	0	0	0	0	0	0	0	0	0	0	0	0	0	0	0	0	0	0	0	0	0	0	0	0	0	0	0	0	0	0	0	0	0	0	0	0	0	0	0	0	0	0	0	0	0	0	0	0	0	0	0	0	0	0	0	0	0	0	0	0	0	0	0	0	0	0	0	0	0	0	0	0	0	0	0	0	0	0	0
ERR12405929	1.37751943239874	1.33315276843198	2.43517436017093	1.38984257094194	1.44093195544669	0	0	1.30820366019789	1.19794957575576	1.1167444905186	1.20299073291497	0	0	3.86076184099901	2.65228247483106	0	0	0.146140485270136	2.62515981688877	0	2.60465079513966	0	2.68822395932249	0	0	0	2.17127428813937	1.05665522650916	2.44902866420216	0	0	0	1.79392086443306	0	6.71689672538	0	0	0	0	1.54715122958689	0	0	0	0	1.94457917267547	0	0	0	0	0	0	0	0	0	0	0	0	0	0.805086339939817	0	0.596684363470364	0	0	0	2.81952650215542	0	4.67056287510111	0	0	0	0	0	0	0	0	0	0	0	0	0	0	0	0	0	0	0.175588017538883	0	1.19956433123829	0	0	0	0	0	0	0	0	0	0	0	0	0.356027979788545	0	0	0	0.358170842720483	0	0	0	0	0	0	0	0	0	0	0	0	0	0	0	0.368720547198347	0.401069957157835	0	0	0.367299733275231	0	0	0.345836193081423	0.342732060168079	0	0	0	0.347746741274455	0	0	0	0	0	0	0	0	0	0	0	0	0	0.321420237638271	0	0	0	0	0	0	0	0	0	0	0	0	0	0	0	0.328658025537015	0	0	0	0	0.126335416455249	0	0	0	0	0	0	0	0	0	0	1.07277135860602	0	0	0	0	0	0	0	0	0	0	0	0	0	0	0	0	0	0	0	0	0	0	0	0	0	0	0	0	0	0	0	0	0	0	0	0	0	0	0.215522684028727	0	0	0	0	0	0	0	0	0	0	0	0	0	0	0	0	0	0	0	0	0	0	0	0	0	0	0	0	0	0	0	0	0	0	0	0	0	0	0	0	0	0	0	0	0	0	0	0	0	0	0	0	0	0.397802576734957	0	0	0	0	0	0	0	0	0	0	0	0	0	0	0	0	0	0	0	0	0	0	0	0	0	0	0	0	0	0	0	0	0	0	0	0	0	0	0	0	0	0	0	0	0	0	0	0	0	0	0	0	0	0	0	0	0	0	0	0	0	0	0	0
ERR12405930	1.19101533614057	2.34991877882331	5.80800140647021	4.88012560699286	4.49704821384058	0	17.048667493106	4.02603802997352	4.16078368011363	4.05485825789603	3.92939697635318	5.14655023608208	0	0	0	3.4590302875146	3.13423049051098	0	0	0	0	0	0	0	0	0	0	0	0	0	0	0	0	0.789318050980967	0	0	0	0	0	0	5.74878216327079	0.64458368315418	0	3.26381937946248	0	0	0	0	0	2.88396201685006	0	0	0	8.97464174550624	0	0	0.402443511982572	0.549659642378615	0	0	0	0	0	0	0.525476680726145	0	0.605561249752015	0	0	0	0	0	0	0	0	0	0	1.12549170455951	0	0	0	0	0	0	0	0	0	0	0	0	0	0	0	0	0	0	0	0	0	0	0	0	0	0	0	0	0	0	0	0	0	0	0	0	0	0	0	0	1.28285347640535	0	0	0	0.18894699091354	0	0	0	0	0	0	0	0	0	0	0	0	0	0	0	0	0	0	0	0	0	0	0	0	0	0	0	0	0	0	0	0	0	0	0	0	0	0	0	0	0	0	0	0	0	0	0	0	0	0	0	0	0	0	0	0	0	0	1.00787948267891	0	0	0	0	1.02409468748692	0	0	0	0	0	0	0	0	0	0	0	0	0	0	0	0	0	1.01094172305965	0	0	0	0	0	0	0	0	0	0	0	0	0	0	0	0	0	0	0	0	0	0	0	0	0	0	0	0	0	0	0	0	0	0	0	0.25224031555832	0	0	0	0	0	0	0	0	0	0	0.208177146891723	0	0	0	0	0	0	0	0	0	0	0	0	0	0	0	0	0	0	0	0	0	0	0	0	0	0	0	0	0	0	0	0	0	0	0	0	0	0	0	0	0	0	0	0	0	0	0	0	0	0	0	0	0	0	0	0	0	0	0	0	0	0	0	0	0	0	0	0	0	0	0	0	0	0	0	0	0	0	0	0	0	0	0	0
ERR12405931	0	0	0	0	0	0	8.66371995795667	0	0	0	0	4.33444835570439	0	0	0	2.53725569204189	0	0	16.3080290151849	0	0	0	0	0	0	0	2.06055108208298	0	0.889153315669075	0	0	0	0	1.31149974875967	0	0	0	0	1.83199592445122	9.61000921705101	0	1.28817421873038	0	0	1.77984220253253	0	0	1.24367968239928	0	0	0	0	2.28255543370763	0	0	6.23581060373754	1.09727514712443	0.978677832411174	5.04761764863316	1.15206619622977	0	2.095379391726	0.223488410403028	1.68343292573409	0	1.99656295840387	2.21100180872979	1.80044439555685	0	0	0.602504214706385	0	0	0	0	0	0	0	0	0	0	0	0	0	0	0	0	0	0	0.96191633970494	0	0	0	0	0	0	0	0	0.869381619616779	0	0	0	0	0	0	0	0.695988583510675	0	0	0	0.608877603508401	0	0	0	0	0	0	0	0	0.611086673099109	0	0	0	0	0	0	0.619225397746491	0	0	0	0	0	0	0	0	0	0	0	0	0	0	0	0	0	0	0	0	0	0	0	0	0	0	0	0	0	0	0	0	0	0	0	0	0	0	0	0.630813600523757	0	0	0	0	0	0	0	0	0	0	0	0	0	0	0	0	0	0	0	0	0	0	0	0	0	0	0	0	0.628908326212964	0	0	0	0	0	0	0	0	0	0	0	0	0	0	0	0	0	0	0	0	0	0	0	0	0	0	0	0	0	0	0	0	0	0	0	0	0	0	0	0	0	0	0	0	0	0	0	0	0	0	0	0	0	0	0	0	0	0	0	0.43233759661544	0	0	0	0	0	0	0	0.318880634114632	0	0	0	0.330593200949804	0	0	0	0.222365938167831	0	0	0	0	0	0	0	0	0	0	0	0	0.261644458261509	0	0	0	0	0	0	0	0	0	0	0	0	0	0	0	0	0	0	0	0	0	0	0	0	0	0	0	0	0	0	0	0	0	0	0	0	0	0	0	0	0	0	0	0	0	0	0	0	0	0	0
ERR12405932	2.89015425604544	1.81652992380545	5.34451781858675	5.92842335838892	4.90541736627188	1.80497044509662	3.69142019179661	4.54468682041526	4.09374068167902	5.03226070121256	3.94708417981178	0	1.8538236024661	0	0	0	0	0	0.41323330096007	0	0	6.18317282351425	0	0	0	0	0	2.44848149503507	0	0	0	0	0	0.64864742260353	2.03068655281862	0	0	0	0	0.222176192287596	0	0.535419954268745	0.463564962687629	0	0	0	0	3.62529834460225	0	0	0	0	0	0	0	0	0.144766446124869	0.530272170950438	0	0	0	0	0	0	0	0	0	0	0	0	0	0	0	0	0	0	0	0	0	0	0	0	0	0	0	0.543008510702021	0	0	0	0	0	0	0	0	0.677980025302269	0.259513580820332	0	0	0.191392441990106	0	0	0	0	0.665989742746677	0	0	0	0	0	0	0	0	0	0	0	0	0	0	0.649258990720383	0.155428999712697	0	0	0	0	0	0	0	0	0	0	0	0	0	0	0	0	0	0	0	0	0	0	0	0	0	0	0	0	0	0	0	0	0	0	0	0	0	0	0.506189334776371	0	0	0	0	0	0	0	0	0.198338393722448	0	0	0	0	0	0	0	0	0	0	0	0	0	0.477909642159626	0.498182160267942	0	0	0	0.510833056859348	0	0	0	0	0	0	0	0	0	0	0.151028129626542	0	0	0	0	0	0	0.456900805900215	0	0	0	0	0	0.163693536310528	0	0	0	0	0	0	0	0	0	0	0	0	0	0	0	0	0	0	0	0	0	0	0	0	0	0	0	0	0	0	0	0	0	0	0	0	0	0	0	0	0	0	0	0	0	0	0	0.72546210520848	1.52765830989552	0	0	0.212209199191859	0	0	0	0	0	0	0	0	0	0	0	0	0	0	0	0	0	0	0	0	0	0	0.198749700063128	0.618388228051456	0	0	0	0	0	0	0	0	0	0	0	0	0	0	0	0	0	0	0	0	0	0	0	0	0	0	0	0	0	0	0	0	0	0	0.177950233278678	0	0	0	0	0	0	0	0	0	0	0	0	0	0
ERR12405933	0	0	1.63588528268579	1.26482992131798	1.48454997474405	0.955516302037173	0	1.11967951938052	1.12882918316449	1.03765628133343	1.02961089439369	2.26751653005697	1.01842670578539	4.65487290066537	8.23691451433634	1.37117994807536	0.818113963260909	0	0	1.21457638759481	6.11144950918075	0	4.09063123729603	0	0	0	0	2.03442403903196	0.961848062722991	0	0	0	6.06629928970097	0	0	0	0	0	0.754408116700975	0	0	0	0	0.809674562254599	0	0.66060334419631	0.35532564181323	0	0	0.943672432839845	0	0.515212109379394	0	0	0	0	2.51572384203392	0	0	0	0.17801115194252	0	2.12751191120617	0	0	0	0	0.478617958223928	0.41155209413298	0	0	0	0	0	0	0	0	0	0	1.47961962818676	0	0	0	0	0	0.274752159137392	0	0.460094181476097	0	1.85908065505096	0	0	0	0	0	0	0	0	0.297497290829252	0	0	0	0	0	0	0	0	0.346625329642447	0	0	0	1.2609703980951	0	0	0	0	0	0	0	0.25931742305787	0	0	0	0	0	0	0.248742208791135	0	0	0	0	0	0	0	0	0	0	0	0	0	0	0	0	0	0	0	0	0	0	0	0	0	0	0	0	0	0	0	0	0	0	0	0	0	0	0	0	0.616262187402587	0	0	0	0	0	0	0	0.861467689525564	0	0	0	0	0	0	0	0	0	0	0	0	0	0	0	0	0	0.143792453239752	0	0	0	0.502444906248756	0	0	0	0	0	0	0	0	0	0	0	0	0	0	0	0	0	0	0	0.676722708905568	0	0	0	0	0	0	0.295246057418668	0	0	0	0	0	0	0	0	0	0	0	0	0	0.405879007546993	0	0	0	0.292991460363014	0	0	0	0.285545108099918	0	0	0	0	0	0	0	0	0	0.273137507807576	0.730476061224498	0	0	0	0	0.235567429022413	0	0	0	0	0	0	0	0	0.166415149718038	0	0	0	0	0	0	0	0	0	0	0	0	0	0	0	0	0.705014529936095	0	0	0	0	0	0	0	0	0	0	0	0	0	0	0	0	0	0	0	0	0	0	0	0	0	0	0	0	0	0	0	0	0	0	0	0	0	0	0	0	0	0	0	0	0	0	0
ERR12405934	10.5551435221126	6.47216322633591	0	0	0	0.935555485838888	0	0	0	0	0	4.17695882826164	0.992722434997075	0	0	3.79503631423677	0.572434163963868	0	0	0	0	0	0	0	0	0.206833550433558	1.27348736112092	1.62783857984347	1.51148735202035	0	0.172986869730499	0.171916523228567	0	0	0	0	0.169158815390201	2.87540558975827	0	0	0	0	0	0	2.96892370704119	0.660985382154673	0	0	0	0	0	0.473146290438484	0	0	0	0	0.402072977822033	0	0	1.06346745630639	0.627374043474829	0	0.535737340392696	1.1855642644466	1.51753957607914	0	0	0	0.332452637488936	0	0.555261062233315	0	0	0	1.55073576197667	0	0	0	0	0.167485569429527	0	0	0	0	0	0.338656517684256	0	5.22647070732371	0	0.913516789436169	0	0	0	0	0	0.397403893255602	0	0	0	0	0	0	0	0	0	0	0.65369345365558	0	0	0	0.555980944955573	0	0	0	0	0.373660665044762	0	0	0	0	0	0	0.155518040962193	0	0	0	0	0	0	0	0	0	0	0	0	0	0	0	0	0	0	0	0	0	0	0	0	0	0	0	0	0	0	0	0	0	0	0.207259903880809	0.388175369927629	0	0	0	0	0	0	0.898034214156944	0.601974314293711	0	0	0	0.249965597355131	0	0	0.193699310946744	0	0	0	0	0	0	0	0	0.312667022304936	0.401987358417192	0	0	0	1.67830838286832	0	0	0	0	0	0	0	0.605911589303234	0	0	0	0	0	0.868965176931271	0	0	0	0.946836388998801	0	0	0	1.00283663386335	0	1.08039627565237	0.924379749424748	0.965511497525815	0	0	0	0	0	0	0.914016929775116	0	0.905037088057679	0.96130930186258	0.482084650006797	0	0.934639737815332	0	0	0.334190441817271	0	0.820847313690568	0	0.919714294002622	0	0	0	0	0	0	0	0.892244174376537	0.446782632405149	0	0	0	0.445277033754557	0.77526543092337	0	0	0	0	0	0	0	0	0.503996973364737	0	0	0	0	0	0	0	0	0	0	0	0	0	0.237890311274748	0	0.393599616700881	0	0	0	0	0	0	0	0	0	0	0	0	0	0	0.154580299776713	0.34734036932578	0	0	0	0	0	0	0	0	0	0	0	0	0	0	0	0	0	0	0	0	0	0	0	0	0	0	0	0	0	0	0	0	0	0	0	0	0	0	0	0	0	0	0	0	0	0	0
ERR12405935	0	0	1.79775864225983	0.990940390346197	1.09100647235448	0	0	0.934128706130401	0.944337792767873	0.791814058150248	1.04194940688337	2.26805650421561	0	9.26776371536442	5.67433001658248	1.19734453212594	0	0.144054091533106	0	0	5.41503130466536	0	5.162888153176	0	0	0	0	0	0.895797845966918	0.158857933104614	0	0	0	0	0	0	0	0	0	0	0	0.736403827590647	0	0.568510945141037	0	0	0	0	0	0.869928274088136	0	0	0	0	0.811466785074441	0	0.166019176175482	0	0	0	0	0	0	0	0	0	0	0	1.91880464228305	0.600935896321424	0	0.24754406183764	0.261816231376382	0	0	0	0.239710977010776	0.411287894134488	0.236245112457161	0	0.221637152511294	0.244369466028368	0.23007234287796	0.232026899527086	0.419253022670763	0.442895410850667	0.240575829311184	0.426458746647844	0.227218931463287	0	0	0.223920574459029	0.223847018940933	0.381932911671261	0.265267405149759	0	0	0	0	0	0	0	0.296809343241318	0.250211725392249	0	0	0	0	0	0	0	0	0	0	0.203535786505766	0	0	0	0	0	0	0	0.336216968827663	0	0	0	0	0	0	0	0	0	0	0	0	0	0	0	0	0	0	0	0	0	0.288179308314007	0	0	0	0	0	0	0	0.286117130408171	0	0	0	0	0	0	0	0	0	0	0	0	0.146744366249929	0	0	0	0	0	0	0	0	0	0	0.246390486953432	0	0.64270473455218	0	0	0	0	0	0	0	0	0.231574373784759	0	0.188829934148364	0	0	0	1.38140196094208	0	0	0	0	0	0	0	0.245078578020102	0	0	0	0.236593815311086	0	0	0	0.255848751096686	0	0.275346657297438	0.244471614239241	0.24675982195811	0	0	0.491286813357767	0	0	0	0.234457013758098	0	0.233576021820223	0.259059284768046	0.230138928744811	0	0.241663598921626	0	0	0.647425841318417	0	0.225296286574169	0	0.22878901876636	0	0	0	0	0	0	0	0.23701270105374	0.216027575517294	0	0	0	0.221046474740379	0.199236542153142	0	0	0	0.127231897559766	0	0	0	0	0	0	0.168721326784212	0	0	0	0	0	0	0	0	0	0	0	0	0	0	0	0	0	0	0	0	0	0	0	0	0	0	0	0	0	0	0	0	0	0	0	0	0	0	0	0	0	0	0	0	0	0	0	0	0	0	0	0	0	0	0	0	0	0	0	0	0	0	0	0	0	0	0	0	0	0	0	0	0	0	0	0	0
ERR12405936	30.6396893267318	15.5508247827171	0	0	0	0	0	0	0	0	0	0	0	0	0	0	0	0	2.61288250338457	0	0	0	0	0	0	0	0	0	0	0	0	0	0	0	0.5879555440795	0	0	0	0	1.41340821828391	5.24516671455211	0	0	0	0	0	0	0	0	0	0	0	0	0	3.44493914140958	0	0	0	0.865926954392991	0	0	0	0	0	0	0	0	0	0	2.60346845234779	0	0	0	0	0	0	0	0	0	0	0	0	0	0	0	0	0	0	0	0	0	0	0	0	0	0	0	0	0	0	2.7085170664711	0	0	0	3.82718092369793	0	0	0	0	0	0	0	0	0	0	0	0	0	0	0	2.52043279468221	0	0	0	2.57339737650978	0	0	2.50126027763744	2.47877911329693	0	0	0	2.4370532736701	0	0	0	0	0	0	0	0	0	0	0	0	0	2.37029319526211	0	0	0	0	0	0	0	0	0	0	0	0	0	0	0	2.45753162750126	0	0	0	0	0	0	0	0	0	0	0	0	0	0	0	0	0	0	0	0	0	0	0	0	0	0	0	0	0	0	0	0	0	0	0	0	0	0	0	0	1.98578630725023	0	0	0	0	0	0	0	0	0	0	0	0	0	0	1.89380124453652	0	0	0	0	0	0	0	0	0	0	0	0	0	0	0	0	0	0	0	0	0	0	0	0	0	0	0	0	0	0	0	0	0	0	0	0	0	0	0	0	0	0	0	0	0	0	0	0	0	0	0	0	0	0	0	0	0	0	0	0	0	0	0	0	0	0	0	0	0	0	0	0	0	0	0	0	0	0	0	0	0	0	0	0	0	0	0	0	0	0	0	0	0	0	0	0	0	0	0	0	0	0	0	0	0	0	0	0	0	0	0	0	0	0	0	0	0
ERR12405937	1.16516356529835	1.59005696952862	0.581853874965882	0.678837431793295	0.298586928177273	0	0.439059654535826	0.447002132354448	0.314289651056358	0	0	3.56086769531387	0	0.668529591778173	0.677015465474509	1.97635705618699	0	0	5.84500469047719	0	0.744679505636903	0	0	0	0	0	0	0	0.198916478199174	0	0	0	0	0.354400517381451	13.0310065836096	0	0	0	1.04988456609223	2.64419226680505	0	0.35060647182568	0	0	0	0	0	0.285970674601051	0	0	0	0	0	0	0.634441534785493	0	0	0.299797051743515	3.04238623758076	0	0	0	0	0	0	0	0	0.979182156398876	0	0.500584141961676	1.2055423911459	0	0	0	0	0	0	0	0	0	0	0	0	0	0	0	0	0	0	0	0	0	0	0	0	0	0	0	0	0	0	0	0	0	0	0	0	0	0	0	0	0	0	0	0	0	0	0	2.84873095756169	0	0	0	0	0	0	0	0	0	0	0	0	0	0	0	0	0	0	0	0	0	0	0	0	0	0	0	0	0	0	0	0	0	0	0	0	0	0	0	0	0	0	0	0	0	0	0	0	0	0	0	0	0	0	0	0	0	0	0	0	0	0	2.07276589202399	0	0	0	0	2.27333510602071	0	0	0.313063428354529	0	0	0	0	0	0	0	0	0	0	0	0.312206887307198	0.267323032704856	0	1.98415899923762	0.336265896700059	0	0	0	0.361785385529783	0	0.328970440120661	0.605803174180333	0.35343283544409	0	0	0	0	0	0	0.296857265252013	0	0.3445337068956	0.339794417976359	0	0	0.321530627757936	0	0	0	0.168144708066324	0.346591227741156	0	0.30936057977373	0	0	0	0	0	0	0	0.295481202015731	0	0	0	0	0	0.309706955371405	0	0	0	0.239368189095952	0	0	0	0	0	0	0	0	0	0	0	0	0.308764513081007	0	0	0	0	0	0	0	0	0	0.279522619358853	0	0.24587849411825	0	0	0	0	0	0	0	0	0	0	0	0	0	0	0	0	0	0	0	0	0	0	0	0	0	0	0	0	0	0	0	0	0	0	0	0	0	0	0	0	0	0	0	0	0	0	0	0	0	0	0	0	0	0	0	0	0	0	0
ERR12405938	0	0	3.35891909820885	3.0798066569625	2.84197126402991	0	3.83312531301073	2.46247262019186	2.34296682451799	2.63659277610197	2.28782182924662	0	0	0	0	0	4.30906417089323	0	0.413336349963992	0	0	0	0	0	0	0	0.92800969839396	0	0.386702269424149	0	0	0	0	0.737042771071982	0	0	0	0	0	0.235140380680741	0	0.796605782541142	1.15036170871158	0	1.32748580834846	0	0	0	0	0	0	0	0	0	0.278568143565659	0.390145891684838	0.140413903674816	0.898969477010407	0	0.996254182432352	0	0	0	0.469510438119482	0.570608745764775	0	0.637008588181409	0	0	0.212097878141166	0.601859877447865	0	0	0.732062519058812	0.763919268599326	0	0	0	0	0	0	0	0	0	0	0	0	0.962102074567872	0	0	0	0	0	0	0	0	0.536827621736808	0	0.836514088191295	0.521030100448361	0	0	0	0	0	0	0	0	0.171483753161281	0	0	0	0	0	0	0	0	0	0.291399692364103	0.852718771628398	0	0	0	0	0	0	0.907145758483972	0	0	0	0	0	0	0	0	0	0	0	0	0	0	0	0	0	0	0	0	0	0.139561514421249	0	0	0	0	0	0	0	0	0	0	0	0	0	0	0	0	0	0	0.226449106171546	0	0	0	0	0	0.716159634619781	0	0	0	0	0	0	0	0.223866831707386	0	0	0.624545396737064	0.61342303982162	0.214850239880708	0	0	0	0	0.624288197703517	0.584892773773038	0	0	0	0.590479729247882	0.194917734097965	0.588769140962848	0	0	2.46224434918617	0	0	0.189538264880135	2.74969267585159	0.58587683727669	0	0	2.90063251192905	0	2.75266920358248	2.42953162629304	2.76077191026121	0.5089894808489	0.505166666139686	0	0.169853091737584	0	0.518843059839672	2.46192454615838	0.561104992494405	2.46238763540294	2.34655916324642	0	0.557198199044549	2.43569075216338	0	0	0	0.271952416708508	2.22297047641653	0	2.33795924272268	0.45588974930258	0	0	0	0.164459871574505	0.496207570875774	0	2.19042651596516	0	0	0.517392087150755	0	0	2.34468348856297	0	0	0	0	0	0.452872942948817	0	0	0	0	0	0	0	0	0	0	0	0	0	0	0	0.120950928009139	0	2.52292647181144	0	0	0	0	0	0	0	0.480898962769736	0	0	0	0	0	0	0	0	0	0	0	0	0	0	0	0	0	0	0	0	0	0	0	0	0	0	0	0	0	0	0	0	0	0	0	0	0	0	0	0	0	0.104927038806859	0	0	0	0	0	0	0	0	0	0	0	0	0	0
ERR12405939	1.62778180485249	1.31089895554655	0.6015282903609	0.513283482521818	0	0	4.86039626860634	0	2.45857554353922	0	0	1.20354277129452	0	0	0	0.810523217291863	4.75714550683057	0.174308046325225	0	0	0	0	0	0	0	0	0	0	0	3.19022059003897	0	0	1.2975048824136	0	11.4768242762051	0	0	0	5.56750639794931	1.46369984310576	3.83949256480673	0	0	1.27910838265918	0	0	0	0	0	0.372270208857506	0	0	0	0	0	0	0.503671150745376	0	0	0	0.66399191266043	0	0.733542958885695	0	0	0	0	3.73546341218677	0.378120454306301	0	0	0	0	0	0	0	0	0	0	0	0	0	0	0	0	0.467907443484531	0	0	0	0	0	1.02314154567891	0	0	0	0	0	0	0	0	0	0	0	0	0	0	0	0	0	0	0.583627823706954	0	0	0	0	0	0	0	0	0	0	0	0	0	0	0	0	0	0	0	0	0	0	0	0	0	0	0	0	0	0	0	0	0	0	0	0	0	0	0	0	0	0	0	0	0	0	0	0	0	0	0	0	0	0	0	0	0	0	0	0	0	0	0	0	0	0	0	0	0	0	0	0	0	0	0	0	0	0	0	0	0	0	0	0	0	0	0	0	0	0	0	0	0	0	0	0	0	0	0	0.40617994720597	0	0	0	0	0	0	0	0	0	0	0	0	0	0	0	0	0	0	0.358675710269654	0	0	0	0	0	0	0	0	0	0	0	0	0	0	0	0	0	0	0	0	0	0.181873700498528	0	0	0	0	0	0.476258524779995	0	0	0	0	0	0	0	0	0	0	0	0	0	0	0	0	0	0	0	0	0	0	0	0	0	0	0	0	0	0	0	0	0	0	0	0	0	0	0	0	0	0	0	0	0	0	0	0	0	0	0	0	0	0	0	0	0	0	0	0	0	0	0	0	0	0	0	0	0	0	0	0	0	0	0	0	0	0
ERR12405940	12.6298761865178	7.38877593258503	0.996369181886076	1.17656620237825	0.528285863893806	0	0	0	0	0	0	0	0	0	0	0	2.05254115361923	0	0	0	0	0	0	0	0	0.56958493096104	0	0.688309636116017	0.473950146302513	0	0.460535319214877	0.473278293083109	0	0.499455109990476	0	0	0.431122882837297	2.76286826358019	0.500355947550995	0	0	0.442201030342926	0	0	0	0	0	0	0	0	0	0	0	0	0	0	0	0	0	0.702514368700816	0	0	0	0	0	0	0	0.338457027981414	0	0	0	0	0	0	0	1.88148848333985	0	0	0	0	0	0	0	0	0	0	0	0	0	0.625905722658091	0	0	0	0	0	0	0	0	0	0	0	0	0	0	0	0	0	0	0	0	0	0	0	0	0	0	0	0	0	0	0	0	0	0	0	0	0	0	0	0	0	0	0	0	0	0	0	0	0	0	0	0	0	0	0	0	0	0	0	0	0	0	0	0	0.743168896827048	0	0	0	0	0	0	0	0	0	0	0	0	0.647430826954645	0	0	0	0	0	0	0	0	0	0	0	0	0	0	0	0	0	0	0	0	0	0	0.52137684773752	0	0	0	0	0	0	0.554826507596183	0	0	0	0	0	0	0	0	0	0	0	0.253570084916424	0	0	0	0	0	0	0	3.47240771224976	0	0	0	0	0	0	0	0	0	0	0	0	0	0	0	0	0	0	0	0	0.419218275785966	0	0	0	0	0	0	0	0	0	0	0	0	0	0	0	0	0	0	0	0	0	0	0	0	0	0	0	0	0	0	0.603600188511459	0.231357583336476	0	0	1.13703472440556	0	0	0	0	0	0	0	0	0	0	0	0	0	0	0	0	0	0	0	0	0	0	0	0	0	0	0	0	0	0	0.610576444353423	0	0	0	0	0	0	0	0	0	0	0	0	0	0	0	0	0	0	0	0	0	0	0	0	0	0	0	0	0	0	0
ERR12405941	17.0961691104068	10.5488926890065	2.2729552819249	2.89463227249477	1.56299916434813	0	0	0	1.06074310833913	0.893935747284892	0	0	0	0	0	0	0	0	1.66743164003332	0	0	0	0	0	0	0	0	0	0	0	0	0	0	1.24887544287866	13.6247394468312	0	0	0	7.23601620258863	2.07239715409615	0	1.19383020794474	0.715707681393503	0	0	0	0	0	0	0	0	0	0	0	0	0	0	1.10296032319954	1.24495975401137	0	0	0	0	0	0	0	0	4.94271929305349	0	0	0	0	0	0	0	0	0	0	0	0	0	0	0	0	0	0	0	0	0	0	0	0	0	5.58212585961517	0	0	0	0	0	0	0	0	0	0	0	0	0	0	0	0	0	0	0	0	0	0	0	0	0	0	0	0	0	0	0	0	0	0	0	0	2.81185394265681	0	0	0	0	0	0	0	0	0	0	0	0	0	0	0	0	0	0	0	0	0	0	0	0	0	0	0	0	0	0	0	0	0	1.62453496753797	0	0	0	0	0	0	0	0	0	0	0.772046338462223	0	0	0	0	0	0	0	0	0	0	0	0	0	0	0	0	0	0	0	0	0	0	0	0	0	0	0	0	0	0	0	0	0	0	0	0	0	0	0	0	0	0	0	0	0	0	0	0	0	0	0	0	0	0	0	0	0	0	0	0	0	0	0	0	0	0	0	0	0	0	0	0	0	0	0	0	0	0	0	0	0	0	0	0	0	0	0	0	0	0	0	0	0	0	0	0	0	0.851859235445831	0	0	0	0	0	0	0	0	0	0	0	0	0	0	0	0	0	0	0	0	0	0	0	0	0	0	0	0	0	0	0	0	0	0	0	0	0	0	0	0	0	0	0	0	0	0	0	0	0	0	0	0	0	0	0	0	0	0	0	0	0	0
ERR12405942	0	0	0.611542899170757	0.591665209365366	0.562458209955252	0	7.91129096364631	0.668192494032077	0.521259660541134	0.614724008698918	0	0	0	0	0	0	2.04001419995049	0	0	0	0	0	0	0	0	0.135538204044838	0	0	0	2.5545070383904	0.123526490234197	0.121329300932771	0	0	0	0	0	0	0	0	0	0	0	0	0	0	0	0	0	0	0	0	0	0	0	0	0.65582402388209	0	0	0	0.163265159501412	0	0.256157819554453	0	0	0	0	0	0.555066059354722	0	0	1.40616919948054	1.32648619396636	0	0	0	1.30611868860019	0	1.246227794108	1.51827648158905	1.29300268467989	1.6450611027537	1.27086003108742	1.37404463453049	0	0.280116400121628	1.23618398645286	0	1.7934116245811	0	0	1.19954434685785	1.18529271588302	0	4.07391729146621	0	0	0	0.148372161700187	0	0	0	0	3.95743255166044	0	0	0	0	0	0	0	0	0.877968270477189	0	0.999630852510027	0	0	0	0	0.142982642705	0	0	0.129158280041056	0	0	0	0.152479196514931	0	0	0	0	0	0	0	0	0	0	0	0	0	0	0	0	0	0	0	0	0	0	0	0	0	0	0	0	0	0	0	0	0	0	0	0	0	0	1.8080139368195	0	0.335574170488514	0	0	0	0	0	0	0	0	0.169065840260708	0	0	0	0.259400643638731	0	0	0	0	0	0	0	0	0	0	0	0	0.370794938848136	0	0	0	0.275726052525937	0	0	0	0.155551580723508	0	0	0	0.158603320044418	0	0	0	0.177453483099915	0.762273245837188	0.194444818654161	0.166129770368837	0.170812097654383	0	0	0.545559292252711	0	0	0	0.165570451399949	0	0.157964525341474	0.153810119343533	0	0	0.167541786198952	0	0	0	0	0	0	0.158330512071967	0	1.37601248418452	0	0	0.216376721977195	0	0	0	0	0	0	0	0	0	0	0	0	0	0	0	0	0.122858522475503	0	0	0	0	0	0	0	0.200833493811182	0	0	0	0.104730497184887	0	0.238995276398894	0	0	0	0	0	0	0	0	0	0	0	0	0	0	0	0	0.26101510440129	0	0.303009418248183	0	0	0	0	0	0	0	0	0	0	0	0	0	0	0	0	0	0	0	0	0	0	0	0	0	0	0	0	0	0	0	0	0	0	0	0	0	0	0	0	0	0	0	0	0	0	0
ERR12405943	1.35886458064038	1.31645170165817	4.20601488899491	3.44268031898311	3.46660562348347	1.1528367435535	0.926533780203275	3.26355967055371	2.98209900873227	2.93845976869125	2.85836474980468	0	1.15289858144713	0	0	0	0.542723773612305	0	0	0.393752684587135	0	0	0	0	0	0	0	0.957091323289756	0.334525337205698	0	0	0	2.08054502387328	0	0	2.39321294590483	0	0.575886573144082	0.772194751352678	0	0	0	0.705879573381594	0.537487842850209	0	0.317867630125824	1.8488242156256	0	1.93318163421234	0.259184615443325	1.88845841068323	0	0	1.59997286530006	0	0	0	0	0	0.478375864189766	0	0	0.107347661213323	0	0	0	0	0.511745545848538	1.78877606519802	0	0.587016274764285	0	0	0	0	0	0	0	0	0	0.118369434330469	0	0	0	0	0.180497189848822	0	0	0	0.420368799538057	0	0	0	0	0.0793025630735784	0	0.412655954798792	0	0	0	0	0	0	0	0	0	0.44978373323548	0	0	0	0.3877811166512	0	0	0	0	0	0	0	0	0	0	0	0	0	0	0	0	0	0	0	0	0	0	0	0	0	0	0	0	0	0	0	0	0	0	0	0	0	0	0	0	0	0	0	0	0	0	0	0	0	0	0	0	0	0	0	0.350887345335179	0	0	0	0	0	0	0	0	0.322214667820346	0	0.117248286155578	0	0	0	0	0	0	0	0	0	0	0	0	0	0	0	0	0.130874349408415	0.312970290985181	0	0	0	0	0	0	0	0	0	0	0	0	0	0	0.285990065853258	0	0	0	0	0	0	0	0	0	0	0	0	0	0	0	0	0	0	0	0	0	0	0	0	0	0	0	0	0	0	0	0	0	0	0	0	0	0	0	0	0	0	0	0	0	0	0	0	0	0	0	0	0	0	0	0	0	0	0	0	0	0	0	0	0	0	0	0	0	0	0	0	0	0	0	0.415329652887705	0	0.340258666816041	0	0	0	0	0	0	0	0	0	0	0	0	0	0	0	0	0	0	0	0	0	0	0	0	0	0	0	0	0	0	0	0	0	0	0	0	0	0	0	0	0	0	0	0	0	0	0
ERR12405944	6.27937041332133	4.03213386996886	1.75562227895449	1.52390913627449	2.2110784702275	0.388756110977624	0	1.80686601698743	1.26101983851594	1.43688370066552	1.00286018301146	0	0.592941351955492	0	0	0	0.51253078842888	0	0.233721244463357	1.29661325426318	0	0	0	0	0	0.379723798170643	1.37078143951128	0	0	0.206800493595821	0.303776505440661	0.317455383049282	4.75096406246976	0.262823692831427	0	0	0.2949616345412	0	0	0	0	0	3.73183472274126	0	1.25338465910596	0	0	0	0	0	0	0	2.24558933327154	0	0	0	0.208532208261297	0	0	3.18183910097948	0.782205691364651	1.26732658584905	1.89735371219718	1.03442854944754	3.86012170268052	1.50392666646754	1.70274203157208	0	0.264565847598137	0	1.88810015979278	0	0	0	1.0511312672107	0.206343663434942	0	0	0	0	0	0	0	0	0	0.366481380685534	0	0	0	0	0	0	0	0	0	0	1.70373847481999	0	0	0	0.341150621913913	0	0	0	0.49090976218703	0	0	0	0	0	0	0	0	0	0	0	0	0	0	0	0.320832464678062	0	0	0	0.300643518704695	0	0	0	0.302526630351866	0	0	0	0.301007592103069	0	0	0	1.30676250981056	0	0	0	0	0	0	0	0	0	0.287234362852001	0	0	0	0	0	0	0	0	0	0	0.154141245926484	0	0	0	0	0	0	0	0	0	1.14661253482903	0	0	0.472397146856077	0	0	0	0	0	0	0	0	0	0	0	0	0	0	0	0	0	0	0	0	0	0	0	0	0	0	0.944108357084368	0	0	0	0	0	0	0	0	0	0	0	0	0.338208837739758	0	0	0	0	0	0	0	0	0	0	0	0	0	0	0	0	0	0	0	0	0	0	0	0	0	0	0	0.716008482157092	0	0	0	0	0	0	0	0	0	0	0	0	0	0	0	0	0	0	0	0	0	0	0.330519533127473	0	0	0	0	0	0	0	0	0	0	0	0	0	0	0	0	0	0	0	0	0	0	0	0	0	0	0.169117784108289	0	0	0	0	0	0	0	0	0	0	0	0	0	0	0	0	0	0	0	0	0.612313061050908	0	0	0	0	0	0	0	0	0	0	0	0	0	0	0	0	0	0	0	0	0	0	0	0	0	0
ERR12405945	14.908482127243	8.83088562311842	1.90620287824013	1.50478395408442	1.82353339011278	4.19538155651356	1.83462487551264	0	1.22932091007171	1.26848430302655	1.12017651555017	0	3.10820431783378	4.03252237409289	6.02910548572558	0	0	0.159240373811918	0	0	4.123468132931	0	2.78817780209258	0	0	0	0	0.194587293819626	1.60231724520248	0	0	0	0	0.620159121393479	0	0	0	3.40591085415875	0	0	0.627977551842824	0.846424406017527	0.538632485240037	0	0	1.6964953949006	0	0	0	0	0	1.69803412655298	0	0	1.58749685977786	0	0.248942015088617	0.505798047765132	0	0	0	0	0	0	0	0	0	0	0.288139135136562	1.2490539569551	0	0.34238849919097	0.344246874380413	0	0	0	0.315232015096423	0	0.420178030621392	0	0.302898346151351	0.305123736324545	0.305709813408124	0.327553492738894	0	0.2429567238875	0.294736746999672	0.632002276869483	0.276680257046899	0	0	0	0	0.8010048523395	0	0	0	0	0	0	0	0	0	0	0	0	0	0	0	0	0	0	0	0	0	0	0	0	0.211433026060787	0	0	0	0	0	0	0	0	0	0	0	0.463831158532549	0	0	0	0	0	0.509101803702485	0	0	0	0	0	0	0	0	0	0	0	0	0	0	0	0	0	0	0	0	0	0	0	0	0	0	0	0	0.218896104176955	0	0.176320921147394	0	0	0	0	0	0	0	0	0	0	0	0	0	0	0	0	0	0	0	0	0	0	0	0	0	0	0	0	0	0	0	0	0	0	0	0	0	0	0	0	0	0	0	0	0	0	0	0	0	0	0	0	0	0	0	0	0	0	0	0	0	0	0	0	0	0	0	0	0	0	0	0	0	0	0	0	0	0	0	0	0	0	0	0	0	0	0	0	0	0	0	0	0	0	0	0	0	0	0	0	0	0	0	0	0	0	0	0	0	0	0	0	0	0	0	0	0	0	0	0	0	0	0	0	0	0	0	0	0	0	0	0	0	0	0	0	0	0	0	0	0	0	0	0	0	0	0	0	0	0	0	0	0	0	0	0	0	0	0	0	0	0	0	0	0	0	0	0
ERR12405946	18.2222778498534	10.8793068395469	4.306000365062	2.08176768626268	2.87728013331029	0	0	1.96154883884008	1.8376505562781	1.54535122086529	1.9258293667299	0	0	0	0	0	0	1.37911331007653	0	0	0	0	0	0.984993793531488	1.03875390550198	0.26881091351456	0.792695915238369	1.01061428330769	0	0	0.274815550077359	0.229411920199759	0	0	0	0	0.218213514778494	4.54675711762851	1.77238981124264	0	2.04045728317246	0	0.628507466329156	0	0	0	0	0	0	0	0	0	0.847947976810123	0	0	0	0.487211562099566	0.450487624736612	0	0	0.169174564049322	1.211527485237	0	0	0	0	0	0.874933654505869	0	0	0.567112102231615	0	0	0	0	1.25367831172713	0	0	0	0	0	0	0	0	0	0.408836439102235	0	0	0	0	0	0	0	2.38092583051593	0	0	0	0	0	0	0	0	0	0	0	0	0	0	0	0	0	0	0	0	0	0	0	0	0	0	0	0	0	0	0	0	0	0	0	0	1.51435063305025	0	0	0	0	0	5.07104987340445	0	0	0	0	0	0	0	0	0	0	0	0	0	0	0	0	0	0	0	0	0	0	0	0	0	0	0	0	0	0	0.540619248490779	0	0	0	0.653627058290258	0	0	0	0.239919780750029	0	0	0	0	0	0	0	0	0	0	0	0	0	0	0	0	0	0	0	0	0	0.437967591385685	0	0	0	1.79446966534613	0	0	0	0.80686908684488	0	0	0	0.790356289325094	0	0.827277198039175	0.772329743873792	0.823207589671211	0	0	0	0	0	0	0.950888338504817	0	0.830226239204755	0.814490686624035	0	0	0.749852925682432	0	0	0	0	0.8044964358746	0	0.762355678917523	0	0	0	0	0.358135406736838	0	0	0.783727158371458	0	0	0	1.76841338738657	0	0.720222014271374	0	0	0	0	0	0	0	0	0	0.2087942893489	0	0	0	0	0	0	0.258589909510034	0	0	0	0	0	0	0	0	0	0.271460685807284	0	0.21861912160579	0	0	0	0	0	0	0	0	0	0	0	0	0	0	0	0	0	0	0	0	0	0	0	0	0	0	0	0	0	0	0	0	0	0	0	0	0	0	0	0	0	0	0	0	0	0	0	0	0	0	0	0	0	0	0	0	0	0	0
ERR12405947	0	0	5.27056998618172	3.1601754813503	3.18644652881074	2.65640532814922	2.64264268335817	2.5378557748341	2.83999778172508	2.63135869256181	2.74519649641869	1.67045442267223	2.06330694862194	1.4511736472151	0.743804377837079	1.08751998380793	0.721699643627423	1.30445780744481	0	0	0.946643093853413	0	1.06672161567937	0.9363149521646	0.891460420284899	0.203202080990781	0	0.949035570625002	1.4109116142276	0.782625918507856	0.20371662374063	0.180469155001971	0	0.183822000112446	0	0.693560352767371	0.156571938987653	0	0	0	0	0.292237875109515	0	1.13386306303007	0	0	0	0	0	0.451987994661073	0.583593099033366	0	0	0	1.69973515454008	0.301120200841889	0.527273413002203	0	0	0	0	0	0.213448407549935	0.202038949277559	0	0	0	0	0	1.2877893159581	0	0.555051341094056	0.530902731906343	0	0	0	0.516062407972947	0	0.450330642234953	0	0.498532315733696	0.469879112148753	0.450663151505536	0.451950570785358	0	0.126390385018539	0.422364255777203	0.515199135567672	0.42759243427667	0.259280121133854	0	0.386916087609954	0.421141093208476	0	0	0	0	0	0.958989562133279	0	7.96489004232016	0	0	0	0	0	0	0	0	0	0	0	0	0	0.355750626375105	0	0	0	0	0.811211808837974	0	0	0	0	0	0	0.719829626189147	0	0	0	0	0	0	0	0	0	3.88238991280673	0	0	0	0	0	0	0	0	0	0	0	0	0	0	0	0	0	0	0	0	0	0	0	0	0	0	0	0	0	0	0.20125594424625	0	0	0	0	0	0	0	0.22000285047901	0	0	0	0	0	0	0	0	0	0	0	0	0	0	0	0	0	0	0	0	0	0.168071107016157	0	0	0	0	0	0	0	0	0	0	0	0	0	0	0	0	0	0	0	0	0	0	0	0	0	0	0	0	0	0	0	0	0	0	0	0	0	0	0	0	0.150263860225748	0	0	0	0	0	0	0.497654965823763	0	0	0	0	0	0	0	0	0	0.136769378108216	0	0.289521618952208	0	0	0	0	0	0	0	0	0	0	0	0	0	0	0	0	0	0	0	0	0	0	0	0	0	0	0	0	0	0	0.152871902094286	0	0	0	0	0	0	0	0	0	0	0	0	0	0	0	0	0	0	0	0	0	0	0	0	0	0	0	0	0	0	0	0	0	0	0	0	0	0	0	0	0	0	0	0	0	0	0
ERR12405948	3.24087317047198	2.6740298925674	1.35506531491609	1.09723422099692	1.18070050008957	2.63734018460225	12.6050065346122	1.3005370415431	0.906166991605176	1.09827696797034	0.980225820344279	0	3.40107344293248	0	0	0	1.0353265332127	0	0	0	0	0	0	0	0	0	1.24588786136503	1.70289355192531	0.812836397361298	0	0	0	0	0.903785330309658	0	0	0	0	0	0	0	0.812817448820518	1.03879463509831	4.97862295199542	1.10001168904655	0	0	0	0	2.12042722680033	0	0	1.12587329122243	0	0	0	1.17675208692387	0.716593259664142	0	0.424495847337411	0.215120685771809	1.11485794785067	0.224869033580662	1.31068123385871	0.991636025543018	1.0924301143308	1.01968487477663	0	0	0	0.52666547194761	0	0	1.20010632986269	0.974100785169965	0	0	0	0	0	0	0	0	0	0	0.274875675555362	0	0.505050290038363	0	0	0	0	0	0	0	0.862258192166832	0	0.430326625253981	0.5919783192276	1.12932166422905	0.511559058339163	0	0	0	0.519485404962367	0	0	0	0	0	0	0	0	0	0	0.420814589733736	0	0	0	0.638821193411249	0.461014512592495	0	0	1.10064111393926	0.468171041370557	0	0.528750463317948	0.536566262114902	0.469681496218584	0	0	0	0.461057915466776	0	0	0	0	0	0	0	0	0	0	0	0	0	0.500827993978778	0	0	0	0	0	0	0	0	0	0	0	0	0	0	0	0.482405859967986	0	0.662457868209273	0	0	0.474387652460131	0	0	0	1.15089740861606	0	0	0	0	0	0	0	0	0.175171575830243	0	0	0	0	0	0	0	0	0	0	0	0	0	0	0	0	0.398451702504729	0	0	0.343992368787237	0.367345268275238	0	0	0	0.405834315182569	0	0.34447381746623	0	0.447877241461411	0	0.397683351387964	0.848994389500084	0.427245125178508	0	0	0	0.61607449549266	0	0	0.349413579627699	0	0.412793791343247	0.40309799372265	0	0	0.37273898850999	0.32630728742017	0	0	0	0.420209588673963	0.32919610842148	0.364046005473688	0	0	0.301939422934872	0	0.331237712382305	0	0	0.357050328734325	0	0	0	0	0	0	0	0	0	0	0	0	0	0	0	0	0	0	0	0	0	0	0	0	0	0	0	0.25499395703139	0	1.12145661566682	1.86297730760894	0	0	0	0	0	0	0	0	0.338752532182085	0	0	0	0	0	0.461222239967909	0.851546887300386	0	0	0	0	0	0	0	0	0	0	0	0	0	0.365222948383728	0	0	0	0	0	0	0.343225738946257	0	0	0	0	0	0	0	0	0	0	0	0	0	0	0	0	0	0	0	0	0	0	0	0	0	0
ERR12405949	0	0	0	0	0	0	0	0	0	0	0	0	0	0	0	0	0	1.56986736082982	6.5041641915296	0	0	0	0	1.04912901421343	1.01551851282137	0	0	0	0	0	0	0	0	0	0	0	0	0	0	3.6648234730071	0	0	0	0	0	0	0	0	0	0	0	0	0	0	0	0	0	0	2.09640901893022	0	0	0	0.489191088634215	0	0	0	0	0	0	0	0	0	0	0	0	0	0	0	0	0	0	0	0	0	0	0	0	0	0	0	0	0	0	0	0	0	0	0	4.34529147630965	0	0	0	0	0	0	0	0	0	0	0	0	0	0	0	0	0	0	0	4.07002781541879	4.0595867076133	0	0	0	0	0	0	3.43052508033254	0	0	0	0	0	0	0	0	0	0	0	0	0	0	0	0	0	0	0	0	0	0	0	0	0	0	0	0	0	0	0	0	0	0	0	0	0	0	0	0	0	0	0	0	0.81357799044968	0	0	0	0	0	0	0	0	0	2.71541978204278	0	0	0	0	2.45204528163944	0	0	0	0	0	0	0	0	0	0	0	0	0	0	0	0	0	2.23843221861984	0	0	0	0	0	0	0	0	0	0	0	0	1.33634550836409	0	0	0	0	0	0	0	0	0	0	0	0	0	0	0	0	0	0	0	0	0	0	0	0	0	0	0	0	0	0	0	1.14775556579319	0	0	0	0	0	0	0	0	0	0	0	0	0	0	0	0	0	0	0	0.161414212496374	0	0	0	0.399616851771714	0	0	0	0	0	0	0	0	0	0	0	0	0.95823749005559	0	0	0	0	0	0	0	0	0	0	0	0	0	0	0	0	0	0	0	0	0	0.377966317202085	0	0	0	0	0	0	0	0	0	0	0	0	0	0	0	0	0	0	0	0	0	0	0	0	0	0	0
ERR12405950	5.41533391200033	6.02686246035146	0.697569789527891	0.530216402733234	0.465543964877614	1.36010618384315	2.38704219597282	0.660837965315181	0.914899573558061	0.448903447853052	0	15.173323753188	1.14025973718034	0	0	8.85564193700485	0	0.189547079803331	0.804051935509926	0	0	0.946022437768065	0	0	0	0.230025277962033	0	0	2.57164821071332	0	0.19714127568033	0.194563705352982	0	0	3.44612718506264	0	0	0	0	0.380340807270678	3.09248825196981	0.845830631769416	5.30089486021157	0.818527883539644	0	0	0	0	0	0.394032405310311	0	0	0	0	0.466278721814155	0	0	0	0.400633635291215	2.3510656994146	0	0	0	0	0	0	0	0	0.580008290765904	0.360705747292597	2.434212732886	0	0	0	0	0	0	0.631372104302525	0	0	0	0	0	0	0	0.323441484809409	0	1.15165335427495	0	1.80024905006801	0	0	0	0.488066172685249	0	0	2.2421115733662	0	0	0	0	0	0	0	0	0	1.45079373791627	0	0	0	1.65477537759246	0	0	0	0	0	0	0	0	0	0	0.5737310639132	0	0	0	0	0	0	0	0	0.497532010762659	0	0	0	0	0	0	0	0	0	0	0	0	0	0	0	0	0	0	0	0	0	0	0	0	0	0	0	0	0	0	0	0	0	0.651338731136953	0	1.22424677842435	0.204024644630552	0	0	0	0	0	0	0	0	0	0	0	0	0	0	0	0	0	0	0	0	0	0	0	0	0	0	0	1.12496360599294	0	0.19407889397659	0	0	0	0.283052564096637	0	0	0	0.273216270304667	0	0	0	0.266839701088658	1.76009289671157	0.320037679473605	0	0.297987311749501	0	0	0	0	0	0	0.304015752063769	0	0.340337149391021	0.369447976571454	0	0	0.284058578250178	0	0	0	0	0	0	0.422555411801568	0	0	0	0	0	0	0	0	0	0	0	0	0	0	0	0	0	0	0	0	0	0	0	0	0	0.508906498895684	0	0	0	0	0	0	0	0	0	0	0	0	0	0	0	0	0	0	0	0	0	0	0	0	0	0	0	0	1.61382031372581	0	0	0	0	0	0	0	0	0	0	0	0	0	0	0	0	0	0	0	0	0	0	0	0	0	0	0	0	0	0	0	0	0	0	0	0	0	0	0	0	0	0	0	0	0	0	0
ERR12405952	0	0	0	0	0	0	0	0	0	0	0	0	0	0	0	0	0	0	0	0	0	0	0	0	0	0	0	0	0	0	0	0	0	0	0	0	0	0	0	0	8.07059620609219	0	0	0	0	0	0	0	0	0	0	0	0	0	2.84888499836241	0	0.430436490473099	0	0	0	0	0	0	0	0	0	0	0	0	1.99144190413588	0	0.196069948600628	0.206581280462774	0	0	0	0.225136186768148	0	0	1.47418853083983	0	0	0	0	0	0	0	0	0	0	0	0	0	0	0	0	0	0	0	0	0	0	0	0	0	0	0	0	0	0	0	0	0	0	0	0	0	0	0.398306829311821	0	0	0	0.354643057715981	0	0	0	0.166099334403352	0	0	0	0	0	0	0	0	0	0	0	0	0	0	0	0	0	0	0	0	0	0	0	0	0	0.268984778456015	0	0	0	0	0	0	0	0	0	0	0	0	0	0	0	0	0	0.305742299723515	0	0	0	0	0	0.261976104210002	0.354389621353808	0	0	0	0.372600828964115	0	0	0	0	0.357069702849766	0	0	0	0	0	0	0	0	0	0	0	0	0	0	0.720945280938786	0	0	0.28181786595884	0.783126170057988	0	0	0	0.790646271785105	0.403230318064092	0.881057929361529	0.76976937687178	0.819769880995266	0	0	0	0	0	0	0.738412525381511	0	0.726470741855658	0.728709821155375	0	0	0.761625716477539	0	0	0	0	0.677297701732302	0	0.725679634755033	0	0	0	0	0	0	0	0.733898323768759	0	0	0	0	0	0.668876169186175	0	0	0.141478505839713	0	0	0	0	0.331078360153077	0	0	0	0	0	0	0	0.311312614807042	0.222330274415829	0	0	0.323185266515433	0	0	0	0	0.203241194950242	0	0.231754844897603	0	0.194264883942066	0	0	0	0	0	0	0	0.243386031293902	0	0	0	1.02585258229149	0	0	0	0	0	0	0	0	0	0	0	0	0	0	0	0	0	0	0	0	0	0	0	0	0	0	0	0	0	0	0	0	0	0	0	0	0	0	0	0	0	0	0	0	0	0	0
ERR12405953	0.22772635725618	0.269306503378685	0	0	0.184500723023132	1.07890230596092	0	0	0	0	0	0	0.72525076794102	0	0	0	0.392621430689889	0	0	0.31817968477758	0	0	0	0	0	0	0	0.234523886086306	0	0	0	0	0	0	0	0	0	0	0	0	0	0	0	0	0	0	0	0	0	0	0	0	0	0	0	0	0	0	0	0	0	0	0	0	0	0	0	0	0	0	0	0	0	0	0	0	0	0	0	0	0	0	0	0	0	0	0	0.216262650292842	0	0	0	0	0	0	0	0	0	0	0	0	0	0	0	0	0	0	0	0.15714902958934	0	0	0	0	0	0	0	0	0	0	0	0	0	0	0	0	0	0	0	0	0	0	0	0	0	0	0	0	0	0	0	0	0	0	0	0	0	0	0	0	0	0	0	0	0	0	0	0	0	0	0	0	0	0	0	0	0	0	0	0	0	0	0	0	0	0	0	0	0	0	0	0	0	0	0	0	0	0	0	0	0	0	0	0	0	0	0	0	0	0	0	0	0	0	0	0	0	0	0	0	0	0	0	0	0	0	0	0	0	0	0	0	0	0	0	0	0	0	0	0	0	0	0	0	0	0	0	0	0	0	0	0	0	0	0	0	0	0	0	0	0	0	0	0	0	0	0	0	0	0	0	0	0	0	0	0	0	0	0	0	0	0	0	0	0	0	0	0	0	0	0	0	0	0	0	0	0	0	0	0	0	0	0	0	0	0	0	0	0	0	0	0	0	0	0	0	0	0	0	0	0	0	0	0	0	0	0	0	0	0	0	0	0	0	0	0	0	0	0	0	0	0	0	0	0	0	0	0
ERR12405954	16.1323726797108	9.85036442383903	4.03446603522377	3.07887273494182	2.19347743393409	0	5.51748945798248	2.64360302983894	1.80695230390551	1.63568482335949	1.82702834832978	0	0	0	0	0	0	0	0	0	0	0	0	0	0	0	0	0	0	1.94572774649072	0	0	0	0	0	0	0	0	0	0	0	0	1.81146525972403	2.08186070174559	0	0	0	0	0	1.18125338735635	0	0	0	0	0	0	0.473759528453131	0	0	0.761837607660788	0	0	0	0	0	0	0	0	0.419550554347827	0	0.976173818729816	0	0	0	0	6.82745936346645	0	0	0	0	0	0	0	0	0	0.464775701928748	0	0	0	0	0	0	0	0.759778037976106	0	0.220896182024437	0.798059106538356	0	0.334889438189254	0	0	0	0	0	0	0	0	0	0	0	0	0	0	0	0	0	0	0	0.897340989953679	0.265637588614257	0	0.761238605223919	0	0	0	0	0.250081280646492	0	0	0	0.69349227463033	0	0.702091805688563	0	0	0	0	0	0	0	0	0	0	0	0	0	0	0	0	0	0	0	0	0	0	0	0	0	0	0	0	0	0	0	1.26228423581058	0.355428384744788	0	0.580872841769919	0	0	0.252864194517164	0	0	0	0	0	0	0	0	0	0	0.712443676403318	0	0	0	0	0.689719973475505	0	0	0	0	0	0	0	0	0	0	0.454257872625263	0	0	0	0.492808090594932	0	0	0.622173929407137	0.547202664982424	0	0	0	0.571749231263013	0	0.639840590245068	0.552211645138099	1.28077064012359	0	0	0	0	0	0	0.501570017469487	0	0.544292055202309	0.525808333068286	0	0	0.545761344367137	0	0	0	0	0.500432143851132	0	0.476779260798871	0	0	0	0	0.38804652087417	0	0	0.482548467989415	0	0	0	0	0	0.462359144155123	0	0	0	0	0	0	0	0	0	0.238056078641554	0	0.737374792885052	0	0	0	0	0	0	0	0	0	0	0	0	0	0	0	0	0	0	0.247398717001182	0	0	0	0	0	0	0	0	0	0	0	0	0	0	0	0	0	0	0	0	0	0	0	0	0	0	0	0	0	0	0	0	0	0	0	0	0	0	0	0	0	0	0.51600909825257	0	0	0	0.455343846030244	0.460981689420707	0	0	0	0	0	0	0	0	0
ERR12405955	0.352446791010741	0.440121370167352	0.557959050973341	0.372287847962327	0.399549365229385	0.680874400095738	0	0.387691787451324	0.318428114151842	0.33372954395152	0.315009143970949	0	0.554820894671809	0	0	0	0.294163062310071	0.194064520723882	0	0	0	0.480178975971229	0	0.147566190229372	0.151294202689046	0.104424758800354	0	0.14155220334315	0.220608866649618	0	0	0	0.141682693372747	0	0	0	0	0	0	0	0	0	0	0	0	0	0	0	0	0	0	0	0	0	0	0	0	0	0	0	0	0	0	0	0	0	0	0	0	0	0	0.14830039362341	0.163191593774007	0	0	0	0.140671148080373	0	0.141236634862319	0	0	0.150488414757452	0.133022900519753	0.132533524777687	0	0.173718356005069	0.135285255546669	0	0	0	0	0	0	0	0	0	0	0	0	0	0	0	0	0	0	0	0	0	0.0971901351425923	0	0	0	0	0	0	0	0	0	0	0	0	0	0.237207458534847	0	0	0	0	0	0	0	0	0	0	0	0	0	0	0	0	0	0	0	0	0	0	0	0	0	0	0	0	0	0.216288737201145	0	0	0	0	0	0	0	0	0	0	0	0	0	0	0	0	0	0	0	0	0	0	0	0.171833399294881	0.135037095709545	0.319091362141664	0	0	0	0	0	0	0	0	0.252775863659653	0	0	0	0	0	0	0	0	0	0	0	0	0	0	0	0	0	0	0	0	0	0	0	0	0	0	0	0	0	0	0	0	0	0	0	0	0.229863973498951	0	0	0	0	0	0	0	0	0	0	0	0	0	0	0	0	0	0.232508105644681	0	0	0	0.236776450114459	0	0	0	0	0	0	0	0	0	0.236776190505944	0	0	0	0	0	0	0	0	0	0	0	0	0	0	0	0	0	0	0	0	0	0	0	0	0	0	0	0	0	0	0	0	0	0	0	0	0	0	0	0	0	0	0	0	0	0	0	0	0	0	0	0	0	0	0	0	0	0	0	0	0	0	0	0	0	0	0	0	0	0	0	0	0	0	0	0	0	0	0
ERR12405956	10.9673130486684	6.36956499079762	0	0	0	0	0	0	0	0	0	0	0	0	0	0	0	0	0	0	0	0	0	0	0	0	4.63286268738809	0	0	0	0	0	0	0	0	0	0	0	0	0	2.40141628560532	0	3.2064750749971	0	4.68627619998249	0	0	0	0	7.13187593489287	0	0	3.71761864268775	0	0	0	0	0	0	1.57874409628391	0.0810479639150261	0	0	6.11099274137344	4.11848588480056	0	3.91866151928111	0	0	0	1.90186496833188	0	0	4.56549333811224	4.02173806212407	0	0	0	0	0	0	0	0	0	0	0	0	0	0	0.973803180970878	0	0	0	0	0	0	1.52083962868566	0	0.807717618333906	4.38187440363827	0	0	0	0	0	0	0.973009461998036	0	0	0	1.04746191105069	0	0	0	0	0	0	0	0	0.636927154889619	0	0	0	4.02530048935723	0	0	0.600157831015477	0	0	0	0	0	0	0	0	0	0	0	0	0	0	0	0	0	0	0	0	0	0	0	0	0	0	0	0	0	0	0	0	0	0	0	0	0	0	0	0	1.34647684160548	0	0	0	0.0828488474799411	0	0	0	0	0	0	0	0	0	0	0	0	0	0	0	0	0	0	0	0	0	0	0	0	0	1.07926817844034	0	0	0	0	0	0	0	0	0	0	0	0	0	0	0	0	0	0	0	0	0	0	0	0	0	0	0	0	0	0	0	0	0	0	0	0	0	0	0	0	0.897397445275461	0	0	0	0	0	0	0	0	0	0	0	0	0	0	0	0	0	0	0	0	0	0	0	0	0	0	0	0	0	0	0.604658819921211	0	0.110832670702394	0	0	0	0	0	0	0	0	0	0	0	0	0	0	0	0	0	0	0	0	0	0	0	0	0	0	0	0	0	0	0	0	0	0	0	0	0.0535440451599088	0	0	0	0	0	0	0	0	0	0	0	0	0	0	0	0	0	0	0	0	0	0	0	0	0	0	0
ERR12405957	0	0	5.39553424409973	5.47329919477551	5.5424054343694	2.12908015294654	0	6.05455705649317	4.32337567479695	5.32927096629813	3.72716063706078	2.64299143072774	1.99771124502148	0	0	2.32457279927479	3.09735975281376	0	0	0	0	0	0	0	0	0	3.15635698037828	1.95770420162149	2.60967228022299	0	0	0	0	0	0	0	0	0	0	0	0	0	0	0.956305299426923	0	0.497966618278662	0	4.40414849801887	0	0.507467985992368	0	0.419612796116915	0	0	0.723786740043077	1.56336554297217	0.421323666451439	0.21921422034711	0	0	0.0870617693169904	0	0.0999081360934541	0	0	0	0.78833356333058	0	0	0.559545631096929	0	0.164830503111631	0.15244459834023	0	0	0	0.145725676536332	1.53597991161913	0.136810524840625	0	0.152429434000247	0.145297552951906	0.147529901263668	0.150597876870435	0	0.213687385042029	0.136258391148781	0.990909683245244	0.128735464273653	0	0	0	0.16609012674862	0	0	0	0	1.08233037646415	0	0	0	0	0	0	0	0	0	0	0	0	0	0	0	0	0	0	0	0	0.247608423383426	0	0	0	0	0	0	0	0	0	0	0	0	0	0	0	0	0	0	0	0	0	0	0	0	0	0	0	0	0	0	0	0	0	0	0	0	0	0	0	0	0	0	0	0	0	0	1.44882904696591	0	0	0	0	0.113404981590288	0	0	0	0	1.1051424885323	0	0	0	0	0	0.200473572568635	0	0	0	0	0.172676991735917	0	0	0	0	0	0	0	0	0	0	0	0	0	0	0	0	0	0.161973409640748	0	0	0	0	0	0	0	0	0	0	0	0	0	0	0	0	0	0	0	0	0	0	0	0	0	0	0	0	0	0	0	0	0	0	0	0	0	0	0	0	0	0	0	0	0.221946345054246	0	0.15172963287435	0	0	0	0	0	0	0	0	0	0	0	0	0	0	0	0	0	0	0	0	0	0	0	0	0	0	0	0	0	0	0	0	0	0	0	0	0.10619239872181	0	0	0	0	0	0	0	0	0	0	0	0	0	0	0	0	0	0	0	0	0	0	0	0	0	0	0	0	0	0	0	0	0	0	0	0	0	0	0	0	0	0	0	0	0	0	0
ERR12405958	0	0	0	0	0	0	0	0	0	0	0	19.1859567136386	0	0	0	10.3117578285988	0	0	0	0	0	0	0	0	0	0	0	0	0	0	0	0	0	0	0	0	0	0	5.29879865921202	0	0	0	0	0	0	0	0	0	0	0	0	0	0	0	0	0	0	0	0	0	0.594220266739426	0	0.185761849511676	0	0	0	0	1.36390895429922	0	0	0	0	0	0	0	0	0	0	0	0	0	0	0	0	0	0	0	0	0	0	0	0	0	0	0	1.41503977100879	0	0	1.48312070832646	0	0	0	0	0	0	0	0	0	0	0	0	0	0	0	0	1.21619682303848	0	0	0	1.17334479510706	0	0	0	0	0	0	1.0834800928821	0	0	0	0	0	0	0	0	0	0	0	0	0	0	0	0	0	0	0	0	0	0	0	0	0	0	0	0	0	0	0	0	0	0	0	0	0	0	0	0	0.404318882869491	0	0	0	7.0587841738736	0	0	0	0	0	0	0	0	0	0	0	0.92873739851919	0	0	0	0	0	0	0	0	0	0	0	0	0	0.352571482171427	0	0	0	0	0	0	0	0	0	0	0.692470107893114	0	0	0	0	0	0	0	0	0	0	0	0	0	0	0	0	0	0	0	0	0	0	0	0	0	0	0	0	0	0.305114619648911	0	0	0	0	0	0	0	0	0	0	0	0	0	0	0	0	0	0	0	0	0	0	0	0	0	0	0	0	0	0	0	0	1.43313906949768	0	0	0	0	0	0	0	0	0	0	0	0	0	0	0	0	0	0	0	0	0	0	0	0	0	0	0	0	0	0	0	0	0	0	0	0	0	0	0	0	0	0	0	0	0	0	0	0	0	0	0	0	0	0	0	0	0	0	0	0	0	0	0	0
ERR12405959	5.86909162561796	3.92171959880411	2.33570408277161	1.84543299834013	1.70757291549934	1.40240176130318	2.33305896397879	1.66499028674695	1.58748074213834	1.50552255411098	1.49291977081905	0	1.26346747367779	0	0	0	0.731753813195213	0	0	3.77108631828701	0	2.96779891193841	0	0	0	0	0	2.59539045593483	0.422236776413142	0	0	0	0	0.506121563118215	0	0	0	1.59765056432653	0	0	0	1.20995138704276	0.512346853053914	0.94550633668468	0	0.917729912884923	0	6.42621330337465	0	0.255717713347214	0	0.794523767562261	0	0	0	1.91749363345681	0.353810343090094	0	0	0	0	0	0	0	0.366955630687839	0	0	0	0.883655520267227	0	0	0.294456232869481	0.270266413681184	0	0	0.584422111012962	0.252897237888672	0.40141608477019	0.246398433739264	0	0.262322457066067	0.24959816535716	0.24661278557926	0.252171132656943	0	0.381550416790853	0.241003637629136	0	0.227103083457028	0	0	0	0	0	0	0.275167549235194	0	1.6213228889515	0	0	0	0	0	0	0	0	0	0.714183003577848	0	0	0	2.03344699373069	0	0	0	0.24884343871465	0	0	0	0	0	0	0	0	0	0	0	0	0	0	0	0	0	0	0	0	0	0	0	0	0	0	0	0	0	0	0	0	0	0	0	0	0	0	0	0	0	0	0	0	0	0	0	0	0	0	0	0	0	0	0	0	0	0	0	0	0	0	0	0	0	0	0	0	0	0	0	0	0	0.953249112428925	0	0	0	1.01067814694633	0	0	0	0	0	0	0	0	0.858984692848976	0	0	0	0	0	0	0	0	0	0	0	0	0	0.41460048477739	0	0	0	0	0	0	0	0	0	0	0	0	0.37900758970817	0	0	0	0	0	0	0	0	0	0	0	0	0	0	0	0	0	0	0	0	0	0.389440214864544	0	0	0	0.162458628795208	0	0.215920747695354	0	0	0	0	0	0.243127705922821	0.221669076950363	0	0	0	0	0	0	0	0	0	0.219390884052832	0	0.221503387817535	0	0.168305030111751	0.263784904202121	0	0	0	0	0	0	0	0	0.240970259273216	0	0	0	0	0	0	0	0	0	0	0	0	0	0	0	0	0	0	0	0	0	0	0	0	0	0	0	0	0	0	0	0	0	0	0	0	0	0	0	0	0	0	0	0	0	0	0
ERR12405960	0	0	4.27445205274175	2.55449347945263	2.27449296183398	4.12168763927178	0.441977889583311	2.11102726159438	2.12014697731045	1.88065143436511	2.22022891516261	4.51180717225534	2.24253133964456	1.46634225044619	0.894428267809188	2.32451354752966	0	0	0	0	1.14406265760165	0	2.40924022572183	0	0	0.306167259550771	0	2.55026749386678	2.41800301635069	0	0.242109560624365	0.263351821648759	0	0	0	0	0.24286531041407	0	0	0	0.586339562743256	0	0	0	0	0	0	0	0	0	0	0	0	0	0.656912023303701	0	0.293477115321668	0	0	0.415160202005048	0.193076726953681	0	0	0	0	0	0	0	0.495367078049983	0.702737565943497	0	0	0	0	0	0.299748957298419	0	0	0	0	0	0	0	0	0.581331524316877	0	0	0.967558602429868	0	0.364025652993843	0	0	0	0.981059896278897	0.189011538874114	0	0	0	0	0	0	0	0.425523946171292	0.186919817326967	0.216852116003406	0	0	0.50363775516615	0.53351203943194	0	0	0	0	0	0	0	0	0	0	0	0	0	0.531766646361146	0	0	0	0	0	0.296239005420959	0	0.506051113232528	0	0	0	0	0	0	0	0	0	0	0	0	0	0.39870313225354	0	0	0	0.414162686027549	0	0	0	0.343092038447382	0	0	0	0	0.635192069067285	0	0	0	0	0	0	0	0	0	0	0	0	0.707105434482847	0.756890964529862	0	0	0	0.270058463020071	0.295641189457578	0	0.379765080403555	0	0	0	0	0	0	0	0	1.77257490981555	0	0	0	0	0	0	0	0	0	0	0	0	0	0	0	0	0	0	0	0	0	0	0	0	0	0	0	0	0	0	0	0	0	0	0	0	0.34307703901651	0	0	0	0	0	0	0	0	0	0	0	0	0	0	0	0	0	0.327085072313052	0	0	0	0.332591211699613	0	0	0	0	0	0	0	0	0	0.355626036771668	0	0	0	0	0	0	0	0	0	0.162388376474017	0	0	0	0	0	0	0	0	0	0	0	0	0	0	0	0	0	0	0	1.81371537169007	0	0	0	0	0	0	0	0	0	0	0	0	0	0	0	0	0	0	0	0	0	0.742662077509514	0	0	0	0	0	0	0	0	0	0	0	0	0.249549577349981	0	0	0	0	0	0	0	0	0	0	0	0	0	0
ERR12405961	0.914173698388558	1.06487505862524	1.61725685639395	1.2393234984366	1.04048127480349	1.49980107861088	0.449750720590838	1.12296426913379	0.834155134107185	0.845127523862715	0.855536678131008	0.3004313614377	1.37760959695082	0.729511501049678	1.12122939096152	0.393298155123798	0.838080373371422	0	0	0	0.847950956740496	0	0.94303758232906	0	0	0	0	1.62115965845425	0.825703236186645	0	0	0	0.795565619944491	0	0	0	0	0	0	0	0	0	0	0.624421155198992	0	0	0	0	0	0	0	0.297888787388348	0.397009271726573	0	2.48039551153473	0	0	0	0	0	0	0	0	0	0	0	0	0	0.265769554519431	2.13869081831984	0	0	0	0	0	0	0	0.34495024370902	0	0	0	0	0	0	0	0.311667392535856	0	0	0	0.26301781404353	0	0	0	0	0	0.386624716096132	0	0	0	0	0.1917340094865	0	0	0	0.18899151703004	0	0.261583687196852	0	0	0	0	0	0	0	0	0.312205099881928	0	0	0	0	0.179458649965021	0	0.373202271148559	0	0	0	0	0.241046679064014	0.174462575180841	0	0	0	0.166059649878705	0	0	0	0.251060869760798	0	0	0	0	0	0	0	0	0	0	0	0	0	0	0	0.335152576228188	0	0	0	0	0	0	0	0	0	0.206912666789328	0	0	0	0.200525069141915	0	0	0	0	0	0	0	0	0	0.292422898117308	0	0	0	0	0	0	0.2533923049673	0	0	0	0	0	0	0	0	0	0	0	0	0	0	0	0	0	0	0	0	0	0.167829744407625	0	0	0	0.171822990219268	0	0.183575162024457	0	0.173603945896847	0	0	0	0	0	0	0	0	0.168616187200589	0	0	0	0	0	0	0	0	0	0	0	0	0	0	0	0	0	0.254237233664422	0	0	0	0	0	0	0	0	0	0	0	0	0	0	0	0	0	0	0	0	0	0	0	0.171863383608923	0	0	0	0	0	0	0	0	0	0.185100948241277	0	0	0	0	0.213211749498477	0	0	0	0	0	0	0	0	0.126490725378261	0	0	0	0	0	0	0	0	0	0	0	0	0	0	0	0	0	0	0	0	0	0	0	0	0	0	0	0	0	0	0	0	0	0	0	0	0	0	0	0	0	0	0	0	0	0	0
ERR12405962	0	0	1.75252393886189	1.43246128861524	1.22897085364867	1.36369240222346	1.10925517882705	1.23850234087405	1.03474953321695	1.09964621135691	1.016221225832	0.699049331140379	1.22100038495073	0	0	0.583276892645933	0	0.777273867857385	0	0.468700839699946	0	0	7.48825240280458	0.558567479064268	0.579896397726805	0.122039018275696	0	0.502014795911104	0	0	0	0	3.23370618882856	0	0	0	0	0	0	0	0	0	1.46962080452953	0.705802489291146	0	0	0	0.133644019812942	0	0.211013245861481	0	0	0	0	0	0	0.807687667920177	0	0	0.831029799817987	0	0	0.17714202967038	0.30374075807375	0	0	0	0	0.312786019301395	0	0.789281902967146	0.394361151923494	0.338774268846771	0	0	0	0.370622466262585	0	0.34436280826237	0	0.338583461268289	0.312033199745943	0.329589248418973	0.322634590367007	0.37630928195001	0.336642119799584	0.319182605178496	0	0.288910993239327	0.488343157595604	0	0.305841520335937	0.315412976317314	0	0	0.253767051280433	0.716147363606855	0	0.141218510817286	0.290600757932679	0.28540185230466	0	0.260385572396401	0	0.261250025013981	0	0.435783304430595	0	0.227908269211487	0	0.513146497082753	0	0.29809412029226	0	0.373608693878554	0.28119912171687	0	0	0	0	0.273980858461625	0	0.383581439777534	0	0.248686405128849	0	0	0.341539755581396	0.269183118604485	0	0	0	0.235407821323356	0	0	0	0	0	0	0	0	0	0	0	0.263198086650653	0	0.24681789293034	0	0.184747935726218	0	0	0	0.340319591214991	0	0	0	0	0	0	0	0	0	0.290532149687798	0	0	0	0	0	0	0	0.398691226464732	0	0	0	0	0	0.409734439057316	0.225527764122706	0.451319276752241	0	0	0	0	0	0	0	0	0	0	0	0	0	0	0	0	0	0	0	0	0	0	0	0	0.229100512797711	0	0	0	0	0	0	0.825052671777416	0	0	0	0	0	0	0	0.206461230423142	0	0	0	0	0	0	0	0	0	0	0	0.236284970810841	0	0	0	0	0	0	0	0	0	0.534708363706794	0	0	0	0	0	0	0	0	0	0	0	0	0	0	0	0	0	0	0.147576330655091	0	0	0	0	0	0	0	0	0	0	0	0	0	0	0	0	0	0	0	0	0	0	0	0	0	0	0	0	0.176061285280634	0	0	0	0	0	0	0	0	0	0	0	0	0	0	0	0	0	0	0	0	0	0	0	0	0	0	0	0	0	0	0	0	0	0	0	0	0	0	0	0	0	0	0	0	0	0	0
ERR12405963	3.51799034086776	2.78369860027822	2.71433479322359	2.05503603497907	1.95271359970344	5.5031596848505	0.900400275928016	1.6479383419191	1.82530514745918	1.60176625939371	1.88253935019668	1.02974582462462	3.3800605108305	0	0	0.837197728979113	1.07637502501271	0.345118569777061	0	0	0	0	0	0.284480485745147	0.253169717419139	0	0	2.62939016117862	1.6981756664476	0	0	0	0	0	0	0	0	1.18007347985634	0	0	0	0	0.966124621626598	0	0	1.20302967635435	0	0.470273214727329	0	0	0	1.11138651278043	0	0	0.658611997582972	0.421287185867688	0.102088786234069	0	0	0.427376993667498	0	0	0	0	0	0	0	0	1.00992276568447	0.509087058952575	0.497002554623695	0	0	0	0	0.43830938788882	0	0	0	0	0	0	0	0	0.125478471113741	0.29165283588662	0	0.644507360306008	0	0	0	0	0	0	0.876108680923063	0.212311800522269	0.466980303875066	0.35228601022063	0	0	0	0	0	0.828720380460976	0	0	0	0	0.123178273569308	0	0	0.781798427981874	0	0	0	0.187791260086549	0	0	0	0	0	0	0.209853875145302	0	0	0	0	0	0	0	0	0	0	0	0	0	0	0	0	0	0	0	0	0	0	0	0	0	0	0	0	0	0.227706330436311	0	0	0	0	0.113212000270824	0.457741130402157	0	0	0	0	0	0	0.507170758471686	0	0.221296766734546	0	0	0.159180573166703	0	0	0.435251247942071	0	0	0.169416016492857	0	0	0	0	0	0.365237440618706	0	0.327889187102123	0.371979993795225	0	0.349303601879579	0	0.232664004716776	0	0.319114762091691	0.326269893448616	0	0	0	0.294344839939062	0.174925730995139	0.382132326386509	0	0	0	0.180157350114243	0	0	0	0.410453912408012	0	0	0	0.181165489049411	0	0	0	0.331399116862616	0.257909703240036	0	0	0	0.372836900906304	0	0.343887699407074	0	0	0.390824871867486	0.473442741864847	0	0	0	0.257908344628197	0	0	0	0	0.24476581424784	0	0	0	0.148549988765145	0.292036300845343	0.160768768974631	0	0.353144471587473	0	0.380446063654803	0	0.363276145897744	0	0.28223844283976	0.164275297799962	0	0.241832325499259	0	0.276604372904973	0	0	0.358398533989705	0	0	0	0	0	0	0	0	0.217243200440694	0	0	0	0	0	0	0	0	0	0	0.137406266228424	0	0	0	0	0	0	0	0	0	0	0.135859338254129	0.568900542798883	0	0	0	0	0	0	0	0	0	0	0	0	0	0	0	0	0	0	0	0	0	0	0	0	0	0	0	0	0	0	0	0	0	0	0	0	0	0	0	0	0	0	0	0	0	0	0
ERR12405964	32.8479551451815	20.4233925947851	2.51947707024657	1.08472912543564	1.28644871659538	2.29167386365535	0	0	0.895410218564057	0	0	0	1.92113774900077	0	0	0	1.78399479596181	0	0	0	0	0	0	0	0	0	0	0	0	0	0	0	0.331894860380237	0	0	0	0	8.09448409273901	5.26637740590716	1.38610268195411	0	0	0	0	0	0	0	0	0	0	0	0	0	0	0	0	0.256309773756332	0	0	0	0	0	0.233448719174991	0	0	0	0	3.48797439634608	0	0	0	0	0	0	0	0	0	0	0	0	0	0	0	0	0	0	0	0	0	0	0	0	0	0	0	0	0	0	0	0	0	0	0	0	0	0	0	0	0	0	0	0	0	0	0	0	0	0	0	0	0	0	0	0	0	0	0	0	0	0	0	0	0	0	0	0	0	0	0	0	0	0	0	0	0	0	0	0	0	0	0	0	0	0	0	0	0	0	0	0	0	0	0	0	0	0	0	0	0	0	0	0	0	0	0	0.909654345295399	0	0	0	0	0	0	0	0	0	0	0	0	0	0	0	0	0	0	0	0	0	0	0	0	0	0	0	0	0	0	0	0	0	0	0.910765073088111	0	0	0	0	0	0	0	0	0	0	0	0	0	0	0	0	0	0	0	0	0	0	0	0	0	0	0	0	0	0	0	0	0	0	0	0	0	0	0	0	0	0	0	0	0	0	0	0	0	0	0	3.32009344360261	0	0	0	0	0	0	0	0	0	0	0	0	0	0	0	0	0	0	0	0	0	0	0	0	0	0	0	0	0	0	0	0	0	0	0	0	0	0	0	0	0	0	0	0	0	0.332356057495989	0	0	0	0	0	0	0	0	0	0	0	0	0	0	0	0	0	0	0	0	0	0	0	0	0	0	0
ERR12405965	2.26877573424028	1.63130969726556	0.579292428615474	0.339585787265206	0.315809959978223	0.184107519753244	0.843714904271642	0.289530676466037	0.273335778610957	0.221848086776043	0.322981442071369	0.372850367808266	0.447189154408549	0	0	0.42840790928953	0.549776458453145	0	0.465586491560259	0	0	0.172170910489947	0	0	0	0	0	0.939033831833996	0.176891468956189	1.42821364187949	0	0	0	0	0	0	0	0	0.208015198127039	0.303698012587303	0	0	0	0.495433105666363	0	0	0	0.46995692514289	0	0.239599463128209	0	0	0	0	0	0.214318739277757	0	0	0	0.226653575029786	0	0	0.147437477529008	0	0	0	0	0.155341436133011	0	0	0.274395012699257	0	0	0	0	0	0	0.494773540913455	0	0	0	0	0	0	0	0.440683730194722	0	0	0	0.405473396040321	0	0	0	0	7.20007236347366	0	0	0	0	0	0	0	0	6.91894612941777	0	0	0.294121599256337	0	0	0	0	0	0	0	0	0	0	0	0	0	0	0	0	0	0	0	0	0	0	0	0	0	0	0	0	0	0	0	0	0	0	0	0	0	0	0	0	0	0	0	0	0	0	0	0	0	0	0	0	0	0	0	0	0	0	0	0.271371671534579	0.205583671043838	0	0	0	0	0	0	0	0.232331115397187	0	0	0	0	0	0	0	0	0	0	0	0	0	0	0	0	0	0.194738367359291	0	0	0	0.167684896690387	0	0	0	0	0	0	0	0	0	0	0	0	0.122776285425059	0	0	0	0	0	0.24416932233789	0	0	0	0	0	0	0	0	0	0	0	0	0	0	0	0	0	0	0	0	0	0.138537449756085	0	0	0	0	0	0	0	0	0	0	0	0	0	0	0	0	0	0	0	0	0	0	0	0	0	0	0	0	0	0	0	0	0	0	0	0	0	0	0	0	0	0	0	0	0	0	0	0	0	0	0	0	0	0	0	0	0	0	0	0	0	0	0	0	0	0	0	0	0	0	0	0	0	0	0	0	0	0	0	0	0	0	0	0	0	0	0	0	0	0	0	0	0	0	0	0	0
ERR12405966	0	0	0	0	0	0	0	0	0	0	0	0	0	0	0	0	0	0	1.66136775413503	0	0	0	0	0	0	5.52886837495503	0	0	0	0	4.53226226375798	4.68138216872409	0	0	0	0	4.28951032771275	0	0	0.946447062514798	0	0	0	0	0	0	0	0	0	0	0	0	0	0	0	0	9.62554400973224	0	0.521677449243331	0	2.09187028749152	0	4.75579999542074	0	0	0	0	0	0	0	0	0	0	0	0	0	0	0	0	0.786690451573469	0	0	0	0	0.158673092355935	0	0	0	0	0	0	0	0	0	0	0	0	0	1.68921037611938	0	0	0	0	0	0	0	0	0	0	0	0	0	0	0	0	0	0	0	1.0934938887914	1.40523874393135	0	0	0	0	0	0	1.34191877940006	0	0	0	0	0	0	0	0	0	0	0	0	0	0	0	0	0	0	0	0	0	0	0	0	0	0	0	0	0	0	0	0	0	0.249783355226066	0	0	0	0	0	0	0	0	0	0	0	0	0.423046056473719	0	0	0	0	0	0	0	0.806819023234853	0	0	0.415342027328961	0.365305309046987	0.903486164896389	0	0	0	0	0.461412157881691	0	0	0	0	0.359647735734791	0	0	0	0	0	0	0	0.89555869074005	0	0	0	0	0	0	0	0	0	0	0	0	0	0	0	0	0	0	0	0	0	0	0	0	0	0	0	0	0	0	0	0	0	0	0	0	0	0	0	0	0	0	0	0	0	0.356607875765823	0	0	0	0	0	0	0.525485220856027	0	0	0	1.63218985800601	0	0	0	0	0	0	0	0.220585191696572	0	0.3048526455854	0	0	0	0	0	0	0	0	0	0	0	0	0	0	0	0	0	0	0	0	0	0	0	0	0	0	0	0	0	0	0	0	0	0	0	0	0	0.159645797492304	0	0	0	0	0	0	0	0	0	0	0	0	0	0	0	0	0	0	0	0	0	0	0	0	0	0
ERR12405967	0	0	0	0	0	3.39276500689818	0.498789531137061	0	0	0	0	0.460748354978434	2.45457277640216	0	0	0.286149741797738	1.26563274752092	0	0	1.44170805084936	0	4.24238636105233	0	0	0	0	0.489301106548785	2.00140462737631	0.417134584606254	0.727144954988719	0	0	0	0.13507025521439	0	2.52785327159133	0	0	0	0	0	0	0	0	0	0.814563083104371	2.08674031905476	3.55885133340153	2.01002628805182	0	2.2038884611931	0.733196714611369	0.173395145301724	1.92398477911202	0	1.04497115827642	0.260300200897434	0	0	1.17850878670112	0	0	0.103241439271781	0	0	0	0	0	0	0	0.622048186076418	0.819080832282834	0.720726069722972	0	0	0	0.690177012708767	0	0.690391570208412	0	0.715657940392179	0.708627192706707	0.770320192144935	0.725807523093881	0	0.343588996099237	0.69001896500814	0	0.635813284582335	1.05071968424143	0	0.599342128767503	0.640369254647232	0	0	0.290525837687454	0	0.868203141025701	0	0	0	0	0	0	0	0	0.741952752706007	0	0	0	0.622583698342226	0	0.583345566105393	0	0.570813961519125	0.272417198089273	0	0	0	0	0	0	0.121588195231734	0	0	0	0	0	0	0	0	0	0	0	0	0	0	0	0	0	0	0	0	0	0	0	0	0	0	0	0	0	0	0	0	0	0	0	0	0	0.355931863471951	0	0	0	0	1.8473063363021	0.666583438121602	0	0	0	0	0	0	0	0	0	0	0	0	0	0	0	0	0.237387394820046	0	0	0	0	0	0	0	0	0	1.05622515735319	0	0.661870094159221	0	0	0	0	0	0	0	0	0	0	0	0	0	0	0.201851500828299	0	0	0	0	0	1.5541812126748	0	0	0	0	0	0	0	0	0	0	0	0	0.293809640028059	0	0	0	0	0	0	0	0	0	0	0	0	0	0	0	0	0	0	0	0	0	0	0	0	0	0.27820545489975	0	0	0	0	0	0	0	0.271472193849128	0	0	0.338031237266619	0.238205861736669	0.290507317532337	0	0	0	0	0	0	0	0	0	0	0	0	0	0	0	0.720115978007771	0	0	0	0.225572505174616	0	0	0	0	0	0	0	0	0	0	0	0	0	0	0	0	0	0	0	0	0	0	0	0	0	0	0	0	0	0	0	0	0	0	0	0	0	0	0	0	0	0	0	0	0	0	0
ERR12405968	7.79545021717999	4.90098045654744	7.77420214868672	5.37842037134993	4.99452701837644	0	1.23384819830305	4.01637041771941	4.67925432676621	4.09558315621989	4.62772607213402	0	0	0	0	0	0	0	0	2.48441407143086	0	0	0	0	0	0	0	2.54738144961957	0	0	0	0	5.96638807675315	0.549393763654921	0.261551937027093	0	0	2.30386473263933	0.200051411030237	0	0	0.509738382707291	0.476200081092346	0	0.487070707655867	0	0	0	0	0	0	0	0	0	0.654202900422606	0	0.336595491628559	0.471295473309477	0	0	0	0	0	0	0	0	0	0	0.624846677714822	0.493619440208718	0	0	0	0	0	0	0	0	0	0	0	0	0	0	0.551364562388044	0.583820366708712	0	0.611548860334087	0	0	0	0	0	1.23413852400604	0	0	0	0	0	0	0	0	0.39282141293032	0	0	0	0	0	0	0	0	0	0	0	0	0	0	0	0.911329986611245	0	0	0	0	0	0	0	0	0	0	0	0.87662077294573	0	0	0	0	0	0	0	0	0	0	0	0	0	0.366330500688703	0	0	0	0	0	0	0	0	0	0	0	0	0	0	0	0	0	0	0	0	0.163819466351374	0	0	0	0	0	0	0	0	0	0	0	0	0	0	0	0.702646032690878	0	0	0	0	0.772314177041861	0	0	0	0	0	0	0	0	0	0	0	0	0	0	0	0	0	0.667850241925761	0	0	0	0	0	0	0	0	0	0	0	0	0	0	0	0	0	0	0	0	0	0	0	0	0	0	0	0	0	0	0	0	0	0	0	0.147287697525378	0	0	0	0	0	0	0	0	0	0	0.174383492672442	0	0	0	0	0	0	0.383275812454553	0	0	0	0	0	0	0	0	0	0	0	0	0	0	0	0	0	0	0	0.168004559887189	0	0	0	0	0	0	0	0	0	0	0	0	0	0	0	0	0	0	0	0	0	0	0	0	0	0	0	0	0	0	0	0	0	0	0	0	0	0	0	0	0	0	0.214722101442486	0	0	0	0	0	0	0	0	0	0	0	0	0	0
ERR12405969	2.97219323010115	2.44044062024693	1.42927588459941	0.563172299361931	0.492892612941793	0	7.14371745083367	0	0.512090951866429	0	0.50541985052253	0.697656522709327	0	0	0	0.984073843954297	2.07954491798119	0	0.331621967515003	0	0	0	0	0	0	0	0	0.535012931774471	0.806795310587186	3.73954942076652	0	0	0	0.76183926476349	0	0	0	0	0	0	0	1.04879800611552	8.48175639660487	1.64031094335099	0	0	0	1.38376643985497	0	0.909184364593868	0	0	0	0	0	1.27674879430339	0	0.718711531102552	0	3.05472731041853	0.337188015004186	0	0.942903089513261	0	0	0	0	0	0.312888454631421	0	3.2265381130073	0	0	0	0	0	0	2.25036912377869	0	0	0	0	0	0	0	0	0	0.350019373797537	0	0	0	0	0	1.61465078886881	0	0.326157874730843	3.19120313124022	0.718155360309833	0.29929913295817	0	0	0	0	0	0	0	0	0	0	0	2.19324337534225	0	0	0	0	0.278277924358139	0	0	0	0.354382323157256	0	4.13218859317225	0	0	0	0	0.291950880671434	0	0.288939022676269	0	1.74765235993956	0	0	0	0	0	0	0	0	0	0	0	0	0	0	0	0	0	0	0	0	0	0	0	0	0	0	0	0	0	0	0	0	0	2.69979625819072	0	0	0	0	0	0	0	0	0	0	0	0	0	0	0	0	0	0	0	0	0	0	0	0	0	0	0	0	0	0	0	0	0	0	0	0	0	0	0	0	0	0	0	0	0	0	0	0	0	0	0	0	0.236559857281411	0	0	0	0	0	0	0	0	0	0	0	0	0	0	0	0	0	0	0	0	0	0	0	0	0	0	0	0	0	0	0	0	0	0	0	0	0	0	0	0	0	1.08522507536432	0	0	0	0	0	0	0	0	0	0	0	0.454162467568011	0	0	0	0	0	0	0	0	0	0	0	0	0	0	0	0	0	0	0	0	0	0	0	0	0	0	0	0	0	0	0	0	0	0	0	0	0	0.20468976012845	0	0	0	0	0	0	0	0	0	0	0	0	0	0	0	0	0	0	0	0	0	0	0	0	0	0
ERR12405970	0	0	4.97030221619154	3.63407921982253	3.46890404664448	0	0	2.85925341827202	3.30540713505966	2.8807025238417	3.28061095106275	0	0	2.43311086473451	5.930149515238	0	0	0	0	0	2.31214770139154	0	1.9064421980783	0	0	0	0	0	0	0	0	0	0	0	0.480078737346542	0	0	0	0	0	5.10895071036086	0	0	0	0	0	0	1.17635401827305	0	0	0	0	0	0	0	0	0.600136438038889	0	0	0	0.142264776363535	0	0	0	0	0	0	0	0	0	0	0	0	0	0	0	0	0	0	0	0	0	0	0	0.199975520756113	0	0	0	0	0	0	0	0.643775805779456	1.93924406528815	0	0	0	0	0.151097603787493	0	0.685810221591203	0	0	0	0.702638872458226	0	0	0	0	0	0	0	0	0	0	0	0	0	0.353695582330236	0	0.716372865811039	0	0	0	0.630501084280774	0	0	0.601937830697221	0.654642555840777	0	1.47204847014448	0	0.644720285772203	0	0	0	0	0	0	0	0	0	0	0	0	0	0.606412504047937	0	0	0	0	0	0	0	0	0	0	0	0.443936837683049	0	0	0	0.574618632751554	0	0	4.76851747962171	0	0.280025738939542	0	0	0	0	0	0	0	0	0	0	0	0	0	0.249084108370425	0.36255933989399	0	0	0	0.252514121760016	0.834792939041558	0	0	0	0	0	0	0	0	0	0.256597024622639	0	0	0	0	0	0.492896379253634	0.230038436253991	0	0	0	0	0	0	0	0	0	0	0	0	0.202551381150949	0.498317657325319	0	0	0	0	0	0.943776593531432	0	0	0	0	0	0	0	0	0	0	0	0	0	0.187951022031029	0	0	0	0.864843278513387	0	0	0	0.906384114780192	0	0	0	0	0	0	0	0	0	0.861263703635364	0	0	0	0	0	0	0	0	0	0.202677782019555	0	0	0	0	0	0	0	0	0	0	0	0	0	0	0.171730280602293	0	0	0	0	0	0	0	0	0	0	0	0	0	0	0	0	0	0	0	0	0	0	0	0	0	0	0	0	0	0	0	0	0	0	0	0	0	0	0	0.784826474221759	0	0	0	0.701040898263044	0.684807328946223	0	0	0	0	0	0	0	0	0
ERR12405971	0	0	2.91605920434719	2.63340955306895	2.415431467916	2.90669604815799	0	2.20787009938487	1.96351202497021	2.16831751608852	1.93411497148333	3.09561826117952	1.92600217309691	0.874807230354517	0.278325120587944	1.97715779902237	1.76721491959136	0	0	0	0	0.71496488908189	0.741858971986647	0	0	0.134805311153913	2.00522280985466	0.472995041476413	1.17280098940745	0.244655748432816	0	0	0	0	0	0	0	0	0	0	1.41206885084789	0	0	0.190219225916545	1.037927219606	0.716330824229871	0	0	0	0.197693160233233	0	0.721678728035137	1.65041384891212	0	0	0	0	0	0	0.305786729383968	0	1.89333970324912	0	0.840892774652282	0.952276307039163	1.49628413799714	0.951152047768608	0	0.296310423314491	0	0.328054021863694	0	0	0.918554800624806	0.993169538646485	1.50127986409015	0	0	0	0	0	0	0	0	0.178177915096219	0	0	0	0	0.467764035127316	0	0	0	0	0	0	0	0	0	0	0	0	0	0	0	0	0.398207903090101	0	0	0	0.340050722327366	0	0	0	0	0	0	0	0	0	0	0	0	0	0	0	0	0	0	0	0	0	0	0	0	0	0	0	0	0	0	0	0	0	0	0	0	0	0	0	0	0	0	0	0	0	0	0	0	0	0	0	0	0	0	0	0.389249955788706	0.313773185018047	0	0	0.197120234932282	0	0	0.239822483415843	0	1.46688676161836	0	0	0	0	0	0	0	0	0.206257550422376	0.223458930602964	0	0	0	0.361146052370457	0	0.212177433994006	0.22574389388462	0	0	0.370287518961822	0.194612810343685	0.237497592039067	0.209136399196356	0	0	0.778405737206051	0.317017529315934	0	0	0.746001261794076	0	0	0	0.790176564810433	0	0.819099007481523	0.72444309198133	0.784001182001546	0	0	0	0	0	0	0.713991650674466	0	0.734794201548163	0.726619904929507	0	0	0.756093350908482	0	0	0	0	0.677684315342336	0	0.67930055885213	0	0	0	0	0.198210057711453	0	0.288909298946829	0.743770953893899	0	0	0	0	0	0.631197168297035	0	0	0	0	0	0	0	0	0	0	0	0	0	0	0	0	0	0	0	0	0	0	0	0	0	0	0	0	0	0	0	0	0	0	0	0	0	0	0	0.245918020617297	0.164729251750793	0	0	0	0	0	0	0	0	0	0	0	0	0	0.191232612690157	0	0	0	0	0	0	0	0	0	0	0	0	0	0	0	0	0	0	0	0	0	0	0	0	0	0	0	0	0	0	0	0	0
ERR12405972	0.852548170860788	1.85651061716347	0.730841427496663	0.570271129639146	0.38579238459211	0	1.30711223333117	0	0.522871318433197	0	0.359138072677432	5.52498653024265	0	0	0	3.26251358376862	0.693539440406744	0	0	0	0	0	0	0	0	0	0	1.16534151189112	2.17769977354821	0.492334962069284	0	0	0	0	0	0	0	0	0	0	0	0	0	0	0	0	0	0.356215261251963	0	0	0	0	1.87472232595916	0	0	0.347235475568465	0.388202867582228	0	0	0	0	0.732880180938642	0	0	0	0.764664413948527	0	0	1.06020623141087	0	0	0	0	0	0	2.28777713653931	0	0	0	0	0	0	0	0	0	0	0	1.08967535025427	0	0.328644314549806	0	0	0	0	3.70943183130662	0	0	0.256448058996632	0	0	0	0	0	3.43540330765197	0	0	0.267806410262221	0	0.201802691758778	0	0	0.134639038912275	0	0	0	0	0	0	0	0	0	0	0.18053998045354	0	0	0	0	0	0	0	0	0	0	0	0	0	0	0	0	0	0	0	0	0	0	0	0	0	0.16657068035669	0	0	0	0.151521346126733	0	0	0	0	0	0.950455080441011	0	0	0	0	0	0	0.548121524801355	0	0	0	0	0.155310567685359	0	0	0	0	0	0	0	0	0	0	0	0.762354467727342	0	0	0	0	0	0	0	0	0	0	0	0	0	0	0	0	0	0	0	0	0	0	0	0	0	0	0	0	0	0	0	0	0	0	0	0	0	0	0	0	0	0	0	0	0	0	0	0	0	0	0	0	0	0	0	0	0	0.164511699653896	0	0	0	0	0	0	0	0	0	0	0	0	0	0	0	0	0	0.286377512735273	0	0	0	0	0	0.181324262115338	0	0	0	0	0	0	0	0	0	0.147716185857015	0	0	0	0	0	0	0	0	0	0	0	0	0	0.282593280168472	0	0	0	0	0	0	0	0	0	0	0	0	0	0	0	0	0	0	0	0	0	0	0	0	0	0	0	0	0	0	0	0	0	0	0	0	0	0	0	0	0	0	0	0	0	0	0
ERR12405973	3.37843270726724	4.05452704799158	2.64364522548632	2.65546690397985	2.15018804787739	0	1.37897860688687	2.06914247697065	1.97223382558231	1.88710785732996	1.749856899298	7.67949212015947	0	0	0	4.7491277877753	0	0	0.699150721336493	0	0	10.0959994040612	0	0	0	0.144683013747859	0	2.7429188025674	0	1.74549064992228	0	0	0	1.12931663825513	0	0.661898973948032	0	0	0	0	0	0.969817908965047	0.422084380625514	0	0	0	0.494247823965116	0	0.523568187193448	0	0.545677994831369	0	1.31496847705288	0.511706665872831	0	0	0.386255015709198	0.824952546004154	0	0.352477244870471	0	1.27560831737307	0	0	0	1.44505713572384	0	0	1.43463079374763	0	0	0	0	0	0	0	0	0	0	0	0	0	0	0	0	0	0	0	0	0	0	0	0	1.11618279222939	0	0	0	0	0	0	0	0	0	0	0	0	0	0	0	0	0	0	0	0	0	0	0	0	0.174358576379749	0	0	0.740908774095234	0	0	0	0	0	0	0	0	0.975717655687047	0	0	0	0	0	0	0	0	0	0	0	0	0	0	0	0	0	0	0	0	0	0	0	0	0	0	0	0	0	0	0	0	0	0.843506208793131	0	0	0.369224063817222	0	0	0	0	0	0.228809571974751	0	0	0	0	0	0	0	0	0	0	0.213498234714613	0.211003808426827	0	0	0	0	0	0.210513125920663	0.214205415004678	0	0	0	0.209606051073151	0.292430904454624	0	0	0	0	0	0	0	0	0	0	0	0	0	0	0	0	0	0	0	0	0	0	0	0	0	0	0	0	0	0	0	0	0	0	0	0	0.205356906762951	0	0	0	0.257377434849212	0	0	0	0	0	0	0	0	0	0	0	0	0.340735859358941	0	0	0	0	0	0	0.150027831508963	0	0	0	0	0	0	0	0.172733147474854	0	0	0	0	0	0	0	0	0	0	0	0	0.196148161208215	0	0	0	0	0	0	0	0	0.477058369227269	0	0	0	0	0	0	0	0	0	0	0	0	0	0	0	0	0	0	0	0	0	0	0	0	0	0	0	0	0	0	0	0	0	0	0	0	0	0	0	0	0	0	0	0	0	0	0
ERR12405974	2.69448473198692	1.55794041939022	0.556272288099533	0.436051528157407	0.419846024479823	0	0	0.504844335749818	0.596377522461818	0.386217030209646	0.360219042162463	0	0	0.613266420786352	1.01027451316329	0	0.337065939794249	0.138819760437514	0	1.21585822901113	0.690141331532282	0	0.856902535266965	0	0	0	0	0	0	0	0	0	0	0	0	0	0	0.645788181044365	0	0	0	0.134787970912441	0	0	0	0	0	0	0	0	0	0	0.578486311178493	0	2.16241731939296	0	0.180755383876938	0	0	0.194674043838145	0	0.263791912339788	0	0	0	0.258017187321588	0	0	0	1.72311262379076	0.245210607799163	0.170185557966869	0.172424473964578	0.174130881732378	0	0	0.163581093880279	0	0.157808539799616	0	0.156422293634824	0.160323260879876	0.152596474048186	0.148366796980118	0.114809392190329	0.137832633401292	0.149530010408115	0	0.14311252347652	0.311385948039543	0	0.152516216690817	0.146390646952265	0	0.280875842384133	0	0	0	0.100359953856522	0	0	0	0	0.278801356631556	0	0	0.250879207739755	0.470993694308907	0	0	0.205489104785333	0	0	0	0.136127833034503	0	0	0	0.353623422378196	0	0	0	0.401298669639692	0	0	0	0	0	0	0	0	0	0	0	0	0	0	0	0	0	0	0	0	0	0	0	0	0	0	0	0	0	0.390675635552749	0	0	0	0	0	0	0	0	0	0	0	0	0	0.229112079441043	0	0	0	0	0	0	0.222226584440698	0	0.117810938397869	0.295662337115487	0	0	0	0	0.306625086296345	0	0	0.18766532928142	0.193431538527494	0.283670986471976	0.408972152224685	0	0	0	0.165995450771735	0.179750655297247	0	0.129223324793841	0.21708642008149	0.160433177960837	0	0.195991877997163	0	0	0	0	0	0.252190611103025	0	0.171178891322103	0	0	0	0.196382968941	0	0	0	0	0	0	0	0	0.165429139236331	0	0	0	0	0.463666505176191	0.158054324399544	0	0	0	0	0	0	0	0	0	0	0	0	0	0	0.115204672917483	0	0.442565149866377	0	0	0	0.445355174663772	0	0	0.138527936183429	0	0	0	0	0	0.177169689874646	0.412400478334374	0	0.178221409726055	0	0	0	0.306696767322071	0.143576070314099	0	0	0	0.150698112222506	0	0	0	0	0.118905176360827	0	0	0	0	0	0.109173859104788	0	0	0	0	0	0.109907073068904	0.130753724443693	0	0	0	0	0	0	0	0	0	0	0	0	0	0	0	0	0	0	0	0	0	0	0	0	0	0	0	0	0	0	0	0	0	0	0	0.166973945304576	0	0	0	0.144843893631334	0.16171681573666	0	0	0	0	0	0	0	0	0
ERR12405975	0	0	22.0111866335461	5.14764723764773	5.37668651141508	0	0	0	4.26986400356146	3.98264603210067	4.95021417343469	0	0	0	0	0	0	0	1.2795318481309	0	0	0	0	0	0	0	0	1.38070182002128	0	0	0	0	0	6.02868577603149	1.68340971703311	0.318002575490659	0	0	10.3235913193927	1.47540478114718	0	4.3463297127583	0	0	0	0	0	0	0	0	0.259860633204955	0	0	0	0	0	0.107015480428129	3.91303413539732	2.08180560580852	0	0	0	0	0	0	0	0	2.84873452070687	0	0	0	0	0	0	0	0	0	0	0	0	0	0	0	0	0	0	0	0	0	0	0	0	0	0	0	0	0	0	0.117521483470148	0	0	0	0	0	0	0	0	0	0	0	0	0	0	0	0	0	0	0	0.595011655619635	0	0	0	0	0	0	0	0	0	0	0	0	0	0	0	0	0	0	0	0	0	0	0	0	0	0	0	0	0	0	0	0	0	0	0	0	0	0	0	0	0	0	0	0	0	0	0	0	0.128381475958518	0	0	0	0	0	0	0	0	0	0	0	0	0	0.419150001789898	0	0	0	0	0.450232486168753	0	0	0	0	0	0	0	0	0	0	0	0	0	0	0	0	0	0.41700763756837	0	0	0	0	0	0	0	0	0	0	0	0	0	0	0	0	0	0	0	0	0	0	0	0	0	0	0	0	0	0	0	0	0	0	0	0	0	0	0	0	0	0	0	0	0.323942511286516	0	0	0	0	0	0	0	0	0	0	0	0	0	0	0	0	0	0	0	0	0	0	0	0	0	0	0	0	0	0	0	0	0	0	0	0	0	0	0	0	0	0	0	0	0	0	0	0	0	0	0	0	0	0	0	0	0	0	0	0	0	0	0	0	0	0	0	0	0	0	0	0	0	0	0	0	0	0	0	0	0	0	0	0	0	0
ERR12405976	0.448267614329727	0.385867362637019	0.286753934865689	0.177626371746465	0.163039848515482	0.216844294204621	0.299953431347057	0	0	0	0	0	0.216943032838723	0	0	0	0	0.254076928372343	0	0	0	0	0	0.177107173403117	0.173398501443977	0	0	0.457404591248705	0	0	0	0	0	0	0	0	0	0	0	0	0.113393405667569	0	0.125812156056746	0.216598518868557	0.237290583510662	0	0	0	0	0.252573976696264	0	0	0	0	0	0	0.18645759173615	0	0	0	0	0	0	0	0	0	0	0	0.35068345967067	0	0	0.538418692098284	0.630334498472508	0	0	0	0.542934810095382	0	0.536612640735447	0	0.49687318327241	0.536222573801667	0.510905910343607	0.49828180962957	0	0.163218807814268	0.52378357105146	0	0.497092576921024	0	0	0.486665948702234	0.483359668429897	0	0.197785923798914	0	0	0	0	0	0	0	0	0.18040052102506	0	0	0	0	0.360012152859379	0	0	0.131288123689864	0.392452343015885	0	0.390844341853627	0	0	0	0	0	0	0	0.201314910431312	0	0	0	0	0	0	0	0	0	0	0	0	0	0	0	0	0	0	0	0	0	0	0	0	0	0.294065406172154	0	0	0	0.218704492806518	0	0	0	0	0.109331743298496	0.115054018794962	0	0	0	0	0	0	0	0	0	0	0	0.236748984729628	0	0	0.406651322302906	0	0	0.158258321712432	0	0	0	0	0	0	0	0.324627037829214	0.37242053619565	0	0	0	1.04165038787051	0	0.32166964874193	0.351693512934637	0	0	0	0.311334022182871	0	0.339807351378621	0	0	0	0.86400663560046	0	0	0	0.273344883536947	0	0	0	0.175223585712748	0	0	0	0.293035461061936	0.269434817007	0	0	0	0.273131042233804	0	0.273502015325684	0	0	0	0.288691822674029	0	0	0	0	0	0	0	0	0.256281481491489	0	0	0	0	0.276072876643194	0.358445530300643	0	0	0	0.25593940932596	0	0	0	0.493733653183095	0	0.258067337699227	0	0	0.281086425165789	0	0.133553022220312	0	0	0.874863752174328	0	0	0	0	0.153031939315756	0	0	0.103503865372424	0.108214583577448	0	0	0	0	0	0	0	0	0	0	0	0	0	0	0	0	0	0	0	0	0	0	0	0	0	0	0	0	0	0	0	0	0	0	0	0	0	0	0	0	0	0	0	0	0	0	0	0	0	0	0	0	0	0	0	0	0	0	0	0	0	0	0	0	0	0	0	0
ERR12405977	7.78709932253278	4.73175745393446	1.76441942188786	1.38425053701278	1.23093286047432	4.66357106937572	0.845062086330172	1.30369113071782	1.15833041044542	1.18384041913903	0.974050020949315	0.674974394713147	3.13100105463028	1.86081343513454	1.85116185973661	1.24333056817188	0.991771654142389	0.764609417694538	0	0	1.82939063769973	0	1.65059645667357	0.622201060291302	0.604976459425907	0.511205905745792	1.6624183233135	0.836520810418008	2.90566147033371	0	0.455262049471067	0.422976451335668	7.40586952142397	0	0	0	0.409713462071215	1.81951781847112	0	0	0	0.234649985617367	0	0	1.52358625209049	1.06834275254459	0	0	0	0	0	0.890277811544847	0.830704623531778	0	0	0	1.34640178438723	0	0	0.841132110418688	0.560184891859015	0.896704534727695	0.250262135408871	1.03157604797763	1.2197397146731	0.868005053837256	1.122904243731	0	0.461651650234155	0	1.02797112037609	0	0	0.81924844869631	1.21624842477734	0	0	0	0	0	0	0	0	0	0	0.552581727909865	0	2.06415019969972	0	1.42514817936208	0	0	0	0.509207744090304	0	0	0	0	0.737915097409564	0.689126535415533	0	0	0	0	0	0	1.25755239623286	0	0	0	1.00132681470365	1.19491693867295	0	0	0	0	0	0	0	0.429482739502962	0	0	0	0	0	0	0.442477198377431	0	0	0	0.749665140114133	0	0	0	0	0	0	0	0	0	0	0	0	0	0	0	0	0	0	0	0	0	0	0	0	0	0	0	0	0	0	0	0	0	0	1.23096579486438	1.15951642863808	0	0	0	0	0.928594278990372	0	0	0	0	0	0	0	0	0	0	0	0	0	0	0	0	0	0	0	0	0	0	0	1.1549222684498	0	0	0	0	0	0	0	0	0	0	0	0	0	0	0	0	0	0	0	0	0	0.222910777136426	0	0	0	0	0	0	0	0	0	0	0	0	0	0	0	0	0	0	0	0	0	0	0	0	0	0	0	0	0	0	0	0	0	0	0	0	0	0.254341539491595	0	0	0	0	0	0	0	0.250409207211425	0	0	0	0.225815381022578	0	0	0	0	0	0	0	0	0	0	0	0	0	0	0	0	0	0	0.864681632164878	0.151864717169872	0.163090283396569	0	0	0	0	0	0	0	0	0	0	0	0	0	0	0	0	0	0	0	0.302053522562085	0.310038718759208	0	0	0	0	0	0	0	0	0	0	0	0	0	0	0	0	0	0	0	0	0	0	0	0	0	0
ERR12405978	12.3551927373719	7.52128378458458	0.97666425203423	0.833028337393833	0.587501879052293	0.350894126549473	0.226416402364076	0.840667862388588	0.618803877621377	0.578679943086089	0.64436293231164	0	0.942410913837407	4.65700248112972	5.73443187669451	0	0	1.05171882408333	0	4.76450523960395	3.68707794034249	0	3.93941822108364	0.738180534539366	0.730671618476073	0.183883265640247	1.24609760120779	0.318928626604625	1.07267166373977	0	0	0	0	0	0	0	0	2.69727263616308	0	0	0	0	0	0	0	0	0	0	0	0.194689332948452	0	0	0	0	6.99951297727736	0	0.1671339549181	0	0	0	0	0	0	0	0	0	0	0	0.3227802353109	5.61580666402753	0	0	0	0	0	1.00667415803086	0	0	0	0	0	0	0	0	0	0	0	0.554350060230485	0	0	0	0	0	0.4454289729789	0	0	0	0	0	0	0.324602442528961	0	0	0	0.290402487931391	0	0	0	0	0	0	0	0	0	0	0	0	0	0	0	0.293672295986079	0	0.400738385942762	0	0.273929052162817	0	0	0.515308274935055	0.279687576294698	0	0	0	0.290302396401976	0	0	0	0.995108503710829	0	0	0	0	0	0	0	0	0	0.299651051446065	0	0	0	0	0	0.386177363250383	0	0	0	0	0	0	0	0	0	0.381450258564997	0	0	0	0	0	0	0	0.399077581588847	0	0	0	0	0	0.418666478092826	0	0.306714264256946	0	0	0	0	0	0	0	0	0	0	0	0	0	0	0	0	0	0	0	0	0	0	0.273900599954529	0	0	0	0.265489678841259	0	0	0	0.28226816235762	0	0.323953628308888	0.267794502764937	0.288653387019965	0	0	0	0	0	0	0.274293680099079	0	0.292105752680998	0.293225696491318	0	0	0.296449553191392	0	0	0	0	0.266843196272929	0	0.284710967362678	0	0	0	0	0	0	0	0	0	0	0	0	0	0	0	1.6370822164069	0	0.304190892004958	0	0	0	0	0	0	0.386499982173362	0	0	0	0	0	0.250697495177758	0	0	0	0	0	0	0	0.182311934320283	0	0.247297510726677	0	0.236297084361643	0	0	0	0	0	0	0	0	0	0	0	0	0	0	0	0	0	0	0	0	0	0	0	0	0	0	0	0	0	0	0	0	0	0	0	0	0	0	0	0	0	0	0	0	0	0	0	0	0	0	0	0	0	0	0	0	0	0	0
ERR12405979	0.745353516804687	0.556694562415266	0	0	0	1.58172979828787	0.151622574106231	0	0	0	0	0	0.941901384343309	0	0	0	0.270000865159212	0	0	0	0	0.763748096958624	0	0	0	0	0	0	0.331934132786784	0	0	0	0	0	0	2.93641361466339	0	0	0	0	0	0	0.24644764006242	0	0	0	2.17655504520609	0	2.2479383809546	0	2.48419339705794	0	0	2.32310047276023	0	0	0	0	0	0	0	0	0	0	0	0.191802916502761	0	0	0	0	0	0	0	0	0	0	0	0	0	0	0	0	0	0	0	0.143557680215315	0	0	0	0	0	0	0	0	0.25263875338821	0.341693455145766	0.344642682069854	0	0	0	0	0	0	0.245357148675764	0	0	0	0.195563862167939	0	0	0	1.55800549254636	0	0	0	0.441654452420361	0	0	0	0	0	0	0.353640587247931	0	0	0	0	0	0	0	0	0	0	0	0	0	0	0	0	0	0	0	0	0	0	0	0	0	0	0	0	0	0.304595208798837	0	0	0	0	0	0	0	0	0	0	0	0	0	0	0	0	0	0	0	0	0	0	0.535714336478428	0.230267469862754	0	0	0	0	0	0	0.248042926197123	0	0	0	0	0	0	0	0	0	0	0.191516089669134	0	0	0	0	0	0	0	0	0	0	0	0	0	0	0	0	0	0	0	0	0	0	0	0	0	0	0	0	0	0	0	0	0	0	0	0	0	0	0	0	0	0	0	0	0	0	0	0	0	0	0	0	0	0	0	0	0	0	0	0	0	0	0	0	0	0	0	0	0	0	0	0	0	0	0	0	0	0	0	0	0	0	0	0	0.129536622480512	0	0	0	0	0	0	0	0	0	0	0	0	0	0	0	0	0	0	0	0	0	0	0	0	0	0	0	0	0	0	0	0	0	0	0	0	0	0	0	0	0	0	0	0	0	0	0	0	0	0	0	0	0	0	0	0
ERR12405980	0	0	2.56384596126199	1.86257537505764	1.78698046957717	0.760072031610624	0	1.59352083855416	1.72849323200203	1.49853238289535	1.67555567321076	3.9658417655597	0.822658036940731	0	0	2.48495942842746	0	0	0	12.4306301915456	0	1.45934184216944	0	0	0	0.606071121082815	1.24364784507826	0.475273060508761	0.442586263382212	0	0.516629359197639	0.531418819895144	0	1.04343896439551	0	0	0.468859728781107	0	0	0	0	1.30862490978723	0	0.367014832251588	1.17081055016311	0	0	0.795863836717268	0	0.325500462568322	0	0	1.09959061682079	0	0	0	0.205323505325424	1.0420390250484	0	0	0	1.04520835099225	0	1.26889179183239	0.970628378768621	0.99457372994371	1.09721862061675	0	0	0	0	0	0	3.94675132092175	0.993968172372961	0	0	0	0	0	0	0	0	0	0	0.33751415571602	0	0	0	0.490326326687245	0	0	0	0	0	0	0	0	0.271950142001263	1.54068009792498	0	0	0	0	0	0	0.358145009423759	4.47360925169155	0.363801026330186	0	0.864062418228847	0	0	0	0	0	0	0	0	0.229077669418675	0	0	0	1.15579314956427	0	0	0.220012652369132	0	0	0	0	0	0	0	0	0	0	0	0	0	0	0	0	0	0	0	0	0	0.310259497416427	0	0	0	0	0	0.170556488154747	0	0	0.220066625902781	0	0	0	0	0	0	0	0	0.355127753605158	0.407124738270797	0	0	0	0.69488830371937	0	0.5733652501044	0	0	0	0	0	0	0.824802404783293	0	0	0	0.497926537446313	0.490986037644245	0	0	0	0	0	0.455116449784302	0.476096439671635	0	0	0	0.469531779894094	0.346020506022183	0.510412186409386	0	0.758811465790854	0.292369659085367	0	0	0	0.31137378234144	0.450127173028778	0.731114130146994	0	0.329538778485183	0	0.325107342920678	0.34333704881724	0.336186016188043	0.43811570423719	0.44218785366476	0	0	0	0.460079573029142	0.27491905373616	0.4546032780672	0.322947212809999	0.352636574331151	0	0.426243819558727	0.324494929971903	0.675304565421676	0	0	0	0.322238367080569	0.649060662683002	0.308921862403356	0.41630668277269	0	0.610092405898378	0	0.288592394301304	0	0	0.284491571689753	0	0.623296738673631	0.4013536605628	0.197390460784316	0	0.302716058422847	0	0	0.366652479847578	0	0	0	0	0.109696277954983	0	0	0	0	0	0	0	0	0	0	0	0	0.286034650692829	0	0	0	0.213106154655796	0	0	0	0	0	0.194675745945532	0.121716913073778	0	0	0	0	0	0.220029135138936	1.47910312247119	0	0.113412381463473	0	0	0	0	0	0	0	0	0	0	0	0	0	0	0	0	0	0	0	0.853858003951867	0	0	0	0	0	0	0	0	0	0	0	0	0	0	0	0	0	0	0	0	0	0	0	0	0	0	0
ERR12405981	0	0	8.39253248696302	3.47947124677	3.43085071072669	2.26473598426381	0.288447360901621	2.59370318369232	2.93702407459776	2.48667066820756	3.27726561502087	0	1.61675855778743	0	0	0	0	0.324588066914171	0	0	0	0	0	0.230360985618118	0.25927566202593	0.147108319044164	0	0	2.76524552791713	0	0	0	0	1.48570601401463	0	0	0	7.27905138404809	0	0	0	1.28303769998087	0	0	0	0	0	0	0	0	0	0	0	0	1.02963067411408	0	0.697870668739106	1.1622764577625	0	0	0	0	0	0	0	0	0	0	2.25719295697467	0.774087632334029	0	0	0	0	0	0	0	0	0	0	0	0	0	0	1.33664872861487	0.177992935514204	0	1.28311603958044	0	1.21700341160591	0	0	0	0	0	0	0	0	0.211953159200843	0	0	0	0.923128668479924	0	0	0	0	0	0	0	0	0	0	0	0	0	0	0	0	0.159903049079433	0	0	0.181241841247162	0	0	0	0	0	0	0	0	0	0	0	0	0	0	0	0	0	0	0	0	0	0.910200560022768	0	0	0	0	0	0	0	0	0	0	0	0	0	0.271983052530675	0	0	0	0	0	0	0.150918714940244	0	0.150516347399782	0	0	0	0	0	0	0	0	0	0	0	0	0	0	0.218496788573046	0	0	0	0	0	0	0.28085696433729	0	0	0	0	0	0	0	0	0	0	0	0	0.243439475203406	0	0	0.210846262762435	0	0	0	0.216291813838031	0	0.21431927325863	0.206219971255211	0.209758564359708	0	0	0	0	0	0	0	0	0	0	0	0	0	0	0	0	0	0	0	0	0	0.320184288977051	0	0	0	0	0	0	0	0	0	0	0	0	0	0	0	0	0	0	0	0.22160303651186	0	0	0.309981861466842	0	0	0	0	0	0	0	0	0.168215138411337	0	0	0	0	0	0	0	0	0	0	0	0	0	0	0	0	0	0	0	0	0.150460133151558	0	0	0	0	0	0	0	0	0	0	0	0	0	0	0	0	0	0	0	0	0	0	0	0	0	0	0	0	0	0	0	0	0	0	0	0	0	0	0	0	0	0	0	0	0	0	0
ERR12405982	4.09495071823254	2.76748000138901	0.699476630340407	0	0	1.00045188417635	6.22439382169568	0	0	0	0	0	1.52060267410747	0	0	0	1.48712143992638	0.741671066652597	0	3.24480757393649	0	3.19395980733974	0	0.500682785793712	0.532004668513104	0.253230662552382	0	0	0.843176828051419	0	0.225997469775757	0.210554242673078	0	0	0	0.402730033600794	0.197553572408802	0	0	0	0	0	0	0	0.509767243892524	0	0	3.96902667859232	0	0	0	0	0	0	1.0345686994833	0	0.149239355812303	0	0	0.282970241554472	0.153962109054096	0	0	0	0	0	0	0	0.417506210268469	0.819523635151286	0	0	0	0	0	0	0	0	0	0	0	0	0	0	1.58350399236112	0.435504408893171	0	0.401809513213922	0	0	0	0	0	0	0.247404745072758	0	0	0	0	0	0.357896994507863	0	1.07151715077071	0.246536412447103	0.349098375803267	0	0	0	0.292359628253398	0	0	0	0	0	0	0	0	0	0.351730204419607	0	0.34667137549381	0	0	0	0.334958493981993	0	0	0.459461258708487	0.347138385731574	0	0	0	0.304908633823651	0	0	0	0	0	0	0	0	0	0	0	1.07977678599443	0	0.316279877521493	0	0.193529455942687	0	0	0	0	0	0	0	0	0.311275920434832	0	0	0	0	0.360207471551192	0	0	0	0	0.290992079978837	0	0	0.620713899754785	0	0	0	0	0	0	0	0	0	0	0.297099592089939	0	0	0	0	0.316484501065713	0	0	0	0	0	0	0.860492091115191	0	0	0	0.228408102323443	0	0	0	0	0	0.265431606680355	0.256874279544798	0	0	0	0	0	0	0	0	0	0	0	0.36938848165858	0	0	0	0	0	0	0.201664081737246	0	0	0	0	0	0	0	0	0	0	0	0	0	0	0.196977511958514	0	0	0	0	0	0	0	0	0	0	0	0.217903264967011	0	0	0	0	0	0	0	0	0	0	0	0	0	0	0	0	0	0	0	0.164696459995673	0	0	0	0	0	0	0	0	0	0	0	0	0	0	0	0	0.243334597795505	0.55884206848426	0	0	0	0	0	0	0	0	0	0	0	0	0	0.187142338434702	0	0	0	0	0	0	0	0	0	0	0	0	0	0	0	0	0	0	0.384563985287067	0	0	0	0.314796849450328	0.327740249864455	0	0	0	0	0	0	0	0	0
ERR12405983	9.27244010411314	5.76195766776066	1.51980746815762	1.09915852806511	0.917842054776755	0.361481841921599	0.673732364227792	0.950600447193063	0.797413511719837	0.596229937157435	0.790603882230522	1.28010582931458	0.968873264191531	1.45103137146279	2.10283128207277	1.61788135471239	1.18333491443141	0	0	8.55970291254133	0.982296110547245	0	1.16184301426861	0	0	0	0	0.574091815497198	2.64753747035729	1.06173604556281	0	0	0.429121890470485	0.8509787508858	0	0	0	1.85793536508191	0	0	0	0.564387340139441	5.34113161730344	0.513960154796161	0.710855919363885	0	0	0	0	0	0	0	0	0	0.343225935994192	0	0.203740791724033	0	0	2.19777650896733	0	0	0	0.729134335528052	0.794801731913525	0	0.629597607714699	0	0.154629384883989	0.271607326995019	2.12350701356573	0	0	0	0	0.495645592064368	0	0.332373191082923	0	0	0	0	0	0	0	0	0	1.15313478233247	0	0	0	0	0	0	0	0.262899995318261	2.07213051177923	0	0	0	0.746021044851014	0	0	0	0.736613558124338	0	1.20852610283924	0	0	0	1.42730068241022	0	0	0	0	0.239677015539549	0	0	0.263531382280696	0	0.713195513873996	0	0.80608838410692	0	0.761382936771395	0	0	0.742617129818529	0.71176950723441	0	0	0	0.632192371102039	0	0	0	0	0	0	0	0	0	0	0	0	0	0.659240014451069	0	0	0	0	0	0.73619415708041	0	0	0	0	0	0.488696427598404	0	0	0	0.733301492940404	0	0	0	0	0	0	0	0.352143298272183	0	0	0	0	0	0.582245196257642	0.47810462414081	0.965701641649037	0	0	0	0.40190375671335	0.217644487137359	0	0	0.213550278802803	0	0	0	0	0	0	0	0	0	0	0	0	0	0	0	0	0.579845689580897	0	0	0	0	0	0	0	0	0	0	0	0	0	0	0.574227318355657	0	0	0	0	0	0	0	0	0	0	0	0	0	0	0	0	0	0	0	0	0	0.16785796552902	0	0	0	0	0	0	0	0.285839613593015	0	0	0.216812246949731	0	0	0	0	0	0	0	0	0	0	0	0	0	0	0	0	0	0	0	0	0.293594232982725	0	0	0	0	0	0	0	0	0	0	0	0	0	0	0	0	0	0	0	0	0	0	0	0	0	0	0	0	0	0	0	0	0	0	0	0	0	0	0	0	0	0	0	0	0	0	0	0	0	0	0	0	0	0	0	0	0	0	0	0	0	0	0
ERR12405984	0.909074633843766	0.773987969608017	1.35357526710778	1.20811677646434	1.16006359325745	0.917307000765494	27.1761731088772	1.01412047980065	0.975661016405991	1.02261619422538	0.894345018433867	0	1.88162600875386	0	0	0	0.51606285465466	0	0	0	0	0	0	0	0	0	0	1.5074412426881	0.669973923195342	8.42926867908302	0	0	0	0.194270907093868	0	3.26273486715743	0	0	0	0	1.66809481531346	0	0	4.58234658034796	0	0	1.09599419740183	2.41998202043575	1.18506722231392	0.408634714290484	1.21908495070359	0	0	0	0	2.14344839358603	1.00725384810776	0	0	0	0	0	0	0	0	0	0	0	0.347041375720487	0	0	0	0	0	0	0	0	0	0	0	0	0	0	0	0	0.246741484433825	0	0	0	0	0	0	0	0	0.196081398375102	0.455237583817936	0	1.56031197783228	0	0	0	0	0	0.188269960537471	0	0	0	0	0	0	0	0	0	0	0	0.400757387900757	0	0	0	0	0	0	0	0	0	0	0	0	0	0	0	0	0	0	0	0	0	0	0	0	0	0	0	0	0	0	0	0	0	0	0	0	0	0	0	0	0	0	0	0	0	0	0	0	0	0	0	0	0	0	0	0	0	0	0	0	0	0	0	0	0	0	0	0.366462532203216	0	0	0	0	0	0	0	0	0	0.274043779251932	0	0	0	0	0	0	0	0	0	0	0	0	0	0	0	0	0.253194689075384	0	0	0	0	0	0.349057144150702	0	0	0	0	0	0	0	0	0	0	0	0	0	0	0	0	0	0	0	0	0	0.198992690630172	0	0	0	0	0	0	0	0	0	0	0	0	0	0	0	0	0	0	0	0	0.214405771562838	0	0	0	0	0	0	0	0	1.47453620989596	0	0	0	0	0	0	0	0	0	0.230695780580951	0	0	0	0	0	0	0	0	0	0.238583406106935	0	0	0	0	0	0	0	0	0	0	0	0	0	0	0	0	0	0	0	0	0	0	0	0	0	0	0	0	0	0	0	0	0.293193947994351	0	0	0	0.245913320950884	0.255830697515878	0	0	0	0	0	0	0	0	0
ERR12405985	0	0	3.99220291073385	2.08135045473749	2.19525291279929	2.36255479638349	0.345413820056604	1.72953434872923	1.72161775290297	1.71312581950878	1.88572603835308	0	1.42393822513166	0	0	0	1.35643788349064	0	0	0	0	5.05902211240743	0	0	0	0.153533903087868	3.75819356621371	0.316457475965788	0	0.453461008726223	0	0.128789362272213	0	0	0	0	0	0	0	0	0	0	0	0	2.21085784703248	0.504020395985136	0	2.14822071627433	0	0	0	0	1.10350160004468	0	0	1.82507411279487	0	0	0	0.518353539795048	0	0	0	1.10041940787332	1.46739667059547	0	1.73553716856823	0	0.758485788995839	0	0.583301783291399	0.499663242053321	0.192575420296839	0.924742027080177	1.49800800015669	0	0	0	0	0	0	0	0	0	0	0.300421690997175	0	0	0	0.871370915889876	0	0	0	0	0	0.274616007607644	0	1.3964516033127	0	1.03884518049647	0.147133117473469	0	0	0	0.148259440778028	0	0.766265710675664	0	0	0	0.614135925507041	0	0	0	0	0.241508072252843	0	0	0	0	0	0	0	0	0.139539554602246	0	0	0	0.144594110562097	0	0	0	0	0	0	0	0	0	0	0	0	0	0	0	0	0	0	0	0	0	0	0	0	0	0	0	0	0	0	0	0	0	0	0	0	0	0.679489855699467	0.257947694757037	0	0	0	0	0	1.45067931742866	0	0	0	0	0	0	0	0	0	0.187310354732223	0.915658640563933	1.14748752264202	0	0	0	0.843780600011439	0	0.954047739740986	1.05763222420912	0	0	0.672821644282976	0.79924264845471	0.20668097426249	1.13669736787404	0	0	0.322635321898928	0.685834488075272	0	0	0.356377238862056	0.912392092602337	0	0	0.369500406349162	0	0.400583299625484	0.333410257805519	0.379853158197434	0.768441104636561	0.723020764021868	0	0	0	0.771372146947531	0.342330326279755	0.818828538996775	0.341592986271063	0.345104533915828	0	0.868218359279052	0.90852646328819	0	0	0.442264406673644	0.15100016190215	0.330295254721889	0	0.327305496333415	0.688354499638461	0	0	0	0.172118986810528	0.759163025145118	0.138291952995313	0.347659582647157	0	0	0.777878201779001	0	0	0	0.715209298931614	0	0	0	0	0.693903039956981	0	0	0	0	0	0	0	0	0	0	0.18749529661785	0	0	0	0	0	0	0	0	0	0.170704097749082	0	0.154304649587697	0	0	0	0	0	0	0	0	0	0	0	0.10307153843613	0	0	0	0	0	0	0	0	0	0	0	0	0	0	0	0	0	0	0	0	0	0	0	0	0	0	0	0	0	0	0	0	0.197227118858382	0	0	0	0.179516360551888	0.16616854360266	0	0	0	0	0	0	0	0	0
ERR12405986	20.589057702603	11.8439507757575	0	0	0	0	11.3154526185341	0	0	0	0	0	0	0	0	0	0	0	0	0	0	0	0	0	0	0	1.87443164421736	0	0	3.64775137742404	0	0	0	0	0	0	0	0	0	0	4.14491241782907	0	0	0	1.25342274157827	0	0	0.928602121012906	0	0	0	0	0	0	0	1.00893076219621	0.467718370066315	0	0	0	0	1.74133875000866	0	0	2.00731954629871	0	2.56588501942742	0	1.3086238213425	0	0	0	0	0	0	0	0	0	0	0	0	0	0	0	0	2.41124579576712	0	0	0	0	0	0	0	3.42614864057124	0	0	0	0.731830807509721	0	0	0	0	0	0	0	0	0	0	0	0	0	0	0	0	0	0	0	0	0.447895994582347	0	0	0	0	0	0	0	0	0	0	0	2.13152346664974	0	0	0	0	0	0	0	0	0	0	0	0	0	0	0	0	0	0	0	0	0	0	0	0	0	0	0	0.742580289478549	0	0	0	0	0	0	0	0	0	0	0	0.442427425836969	0	0	0	0	0	0	0	0	0	0	0	0.615681565386763	0	0	0	0.348615320088941	0	0	0	0	0	0	0	0	0	0	0	0	0	0	0	0	0	0	0	0	0	0	0	0	0	0	0	0	0	0	0	0	0	0	0	0	0	0	0	0	0	0	1.87102155145198	0	0	0	0	0	0	0	0	0	0	0	0	0	0	0	0	0	0	0	0	0	0	0.910999955565855	0	0	0	0	0	0	0	0	0	0	0	0	0	0	0	0.923538141718195	0	0	0.247415444019885	0	0	0	0	0	0	0	0	0	0	0	0	0	0	0	0	1.026819662003	0	0	0	0	0	0	0	0	0	0	0	0	0	0	0	0	0	0	0	0	0	0	0	0	0	0	0	0	0	0	0	0	0	0	0	0	0	0	0	0	0	0	0	0	0	0	0
ERR12405987	1.60445371375304	3.13588894170627	3.20899618224346	2.25218227073236	2.18119607347033	2.75319676878333	0.788687895538325	1.81460947120352	2.24375463674212	1.77262223738713	2.12193504790761	10.5197284535265	1.88731341248823	0	0	5.72376791144554	4.3534493503371	0	0	0	0	0	0	0	0	0	1.4420762390554	0.267137516143678	0.780764513171983	1.18932811992652	0	0	1.86313873521579	0.310624730194229	0	0	0	0	0	0	0	0	0	0	1.48235722429364	0	0	1.38794036918958	0	0	0	0	1.03983420131038	0	0	5.09650588411948	0	0	0	0	0	0	0	1.33007242885153	1.0080443677715	0	1.49192073144516	0	0.262540556809872	0	0	0	0	1.34557649510781	1.02435394778085	0	0	0	0	0	0	0	0	0	0.265787476490185	0.392440071245608	0	0	0	0.544476247257108	0	0	0	0	0	0	0	0	0	1.4909892816317	0	0	0	0	0	0	0.418530078612672	2.1997009155867	0	0	0	3.10761401309175	0	0	0	0	0	0	0.669595788586098	0	0	0	0	1.5268270594863	0	0	0	0	0	0	0	0	0	0	0	0	0	0	0	0	0	0	0	0	0	0	0	0	0	0	0	0	0	0	0	0	0	0	0	0	0	0	0	0	0	0	0	0	0	0	0	0.53277037794372	0	0	0	0	0	0	0	0	0	0.510421396456993	0	0	0	0	0.560523248865937	0	0	0	0	0	0	0	0	0	0	0	0	0	0	0	0	0	0.51058344044684	0	0	0	0	0	0	0	0	0	0	0	0	0	0	0	0	0	0	0	0	0	0	0	0	0	0	0	0	0	0	0.388434982867623	0	0	0	0	0	0	0	0	0	0	0	0	0	0	0	0	0	0	0	0	0	0	0	0	0	0	0	0	0	0	0	0	0	0	0	0	0	0	0	0	0	0	0	0	0	0	0	0	0	0	0	0	0	0	0	0	0	0	0	0	0	0	0	0	0	0	0	0	0	0	0	0	0	0	0	0	0	0	0	0	0	0	0	0	0	0	0	0	0	0	0	0	0	0	0	0	0	0	0	0
ERR12405988	2.63733100234685	1.90905884928027	1.59123336674538	1.43045734995158	1.34828096732578	0.951740052238432	0	1.33850403686078	1.11930721304898	1.29942547821643	1.03169011344712	0.523094947487915	0.608264443346481	0.791808213694059	0.594443900141081	0.675868635937994	0.977570695540388	0	2.40044439518275	0	0.764704413238441	0	0.573170101277762	0	0	0	0	0.680484424378449	0.742528962786872	0	0	0	0.521175400932644	0	0	0	0	0.798216751229814	0.517578536862152	1.10207311318434	0	0	0.422897841217921	0	0	0	0	0	0	0	0	0	0	0	0	0	0.393846497895156	0	1.23847382287445	0	0.53661372840531	0	0.184122492744658	0	0	0	0	0.349857485994523	0.252182424852858	0	0	0	0	0	0	0	0	0	0	0	0	0	0	0	0	0.491663318271634	0	0.369585608536358	0	0	0	0	0	0	7.23022916723648	0	0	0	0	0	0	0	0	6.40396199952624	0	0	0	0	1.45542416036922	0	0	1.85371639985624	0	0	0	0	0	0	0	0	0	0	0	0	0	0	0	0	0	0	0	0	0	0	0	0	0	0	0	0	0	0	0	0	0	0	0	0	1.19971044576478	0	0	0	0	0	0	0	0	0	0	0	0	0	0	0	0	0.5716705088909	0	0	0	0	0	0.595964227215445	0	0	0	0	0	0	0.314427890561274	0	0	0	0	0	0	0	0	0.490485178392643	0	0	0	0	0	0	0	0	0	0	0	0	0	0	0	0	0	0	0	0	0	0	0.277225675834344	0	0	0	0	0	0	0	0	0	0	0	0	0	0.443575927265007	0	0	0	0	0	0	0	0	0	0	0	0	0	0	0	0	0	0.424041143847724	0	0	0	0.406367162519612	0	0	0	0	0.19364348382456	0	0	0	0.133611405529568	0.393272573462764	0	0	0	0	0	0	0	0	0	0	0	0	0	0	0	0	0	0	0	0	0	0	0	0	0	0	0	0	0	0.992492878386327	0	0	0	0	0	0	0	0	0	0	0	0	0	0	0	0	0	0	0	0	0	1.69168345383162	0	0	0	0	0	0	0	0	0	0	0	0	0	0	0	0	0	0	0	0	0	0	0	0	0	0	0
ERR12405989	13.7999708747118	7.31372588905469	1.66862502826914	0.878740292267907	0.84568526064906	3.14100121587575	0	0	0.839338310147004	0	0	0.919191659114566	1.7182794000451	2.07416128986243	0.763826941746581	1.64994711420778	1.46377482103461	0	0	0	1.0939262827068	0	1.21596686390889	0	0	0	0	0.879267682112647	2.03054624482856	0	0	0	0	2.91512448526266	0	0	0	0	0	0	1.85612975226689	2.25583228590214	2.5736546009538	0.620232384990579	0	0	0	2.03642891855412	0	0.627645104211888	0	0	0	0	0	2.21963513831324	0.259978746469874	1.85656181205254	0	1.26190114097113	0	0	0	1.13076241195923	0	0	0	0	0	0	1.07935027262543	0	0	0	0	0	0	0	0	0	0	0	0	0	0	0.335145553141535	0	0.926028007620583	0	0	0	0	0	0	0	0.773634831082589	1.05418042261264	1.69456267295912	0	0	0	0	0	0	0	0	0	0	0	0	0	0	0	0	0	0.668033564242113	0	0	0	0	0	0	0	0	0	0	0	0	0	0	0	0	0	0	0	0	0	0	0	0	0	0	0	0	0	0	0	0	0	0	0	0	0	0	0	0	0	0	0	0	0	0	0	0	0	0	0	0.288044285088048	0	0	0	0	0	0	0	0	0	0	0	0	0	0	0	0.544699934719046	0	0	0	0	0	0	0	0	0	0	0	0	0	0.23229122114767	0	0	0	0.629693637232726	0	0	0	0.680324563398791	0	0	0.402728018191735	0.658647685172393	0	0.694294427185256	0.689171494667808	0.676915472514139	0	0	0	0	0	0	0.577427942937245	0	0.795973041879429	0.694000188425241	0	0	0.66043627156725	0	0	0	0	0.75896203718239	0	0.675140475332969	0	0	0	0	0	0	0	0.620197432170441	0	0	0	0	0	0.624463361092981	0	0	0	0	0	0	0	0	0	0	0	0.320046146579668	0	0	0	0	0	0	0	0	0	0	0	0.266416339129823	0	0	0	0	0	0	0.345918365911589	0	0	0	0	0	0	0	0	0	0	0	0	0	0	0	0	0	0	0	0	0	0	0	0	0	0	0	0	0	0	0	0	0	0	0	0	0	0	0	0	0	0	0	0	0	0	0	0	0	0	0	0	0	0	0	0	0
ERR12405990	12.5840944564145	9.17106980799126	0	0	0	0	0	0	0	0	0	3.44720601527428	0	3.07278950534071	4.00548365061362	2.70003438264091	0	0	0	2.08390865696045	3.93122964519214	0	1.94223486373224	0	0	0	2.28981986405729	0	0	3.6002094680783	0	0	0	0.457354538705375	0	0	0	0	0	0	0	1.28184961827685	0	0	0	0	0	0.887302324559616	0	0	0	0	0	0	0	0.898170197973078	0.578050413744425	0	0	0	0	0	0	0	1.36145884573773	0	1.14907261444331	0	0.190501877770136	0	0	0.269002369226502	0.251729316481844	0	0	0	0.255985499624894	0	0.237554983856723	0	0.26139931992734	0.2401722429577	0.235877944459876	0.221277401982102	0	0.384476868473146	0.225143223157799	0	0.216071935715289	0.459275624283369	0	0	0	0	0	1.10844207261631	0	0.697387222585958	0.24392888100517	0	0.746235488629155	0	0	0	0.712794665345012	0	0.483749638588937	0	0	0	1.05977090552159	3.89528252161585	0	0	0	0.970854979535394	0	0	0	0.201431261944851	0.684098048226901	0	0	0	0.683760720644414	0	0.187152142815664	0.749104438462925	0.695147195372143	0	0	0	0.671043533140857	0	0	0	0	0	0	0	0	0	0	0	0	0	0.616801727155118	0	0	0	0	0	0	0	0	0	0	0	0	0	0	0	0.700364921880485	0	0	0	0.468652944440413	0.680277658610799	0	0	0	0	0	0	0	0	0	0	0	0	0	0	0	0.692568213309775	0	0	0	0	0	0	0	0	0	0	0	0	0	0.577048065299612	0	0	0	0.186071806504941	0	0.533909401001244	0	0.206142531888565	0	0	0	0.219360971016905	0	0.2299772208546	0.200486151541069	0.217754012089407	0	0	0	0	0.546095987465406	0	0.189471204039374	0	0.210687042067651	0.211201644958397	0	0	0.202666253332815	0	0	0	0.734098711508353	0	0	0	0	0	0	0	0.429803481125866	0	0	0	0	0	0	0	0	0	0	0.393186045701781	0	0.471043844434176	0	0	0	0	0	0.39181276668921	0.237349813336328	0	0	0	0	0	0.268813475593294	0	0	0	0	0	0	0	0	0	0.271454973289089	0	0.286570192749659	0	0	0	0	0	0	0	0	0	0	0	0	0	0	0	0	0	0	0	0	0	0	0	0	0	0	0	0	0	0	0	0	0	0	0	0	0	0	0	0	0	0	0	0	0.885833025471982	0	0	0	0.389217027596953	0.379395860161915	0	0	0	0	0	0	0	0	0
ERR12405991	1.57316920518262	1.84048418035683	5.3438357671069	5.01082550134104	4.86895642107667	0.66615001882466	0.802576105696539	4.19901246666483	4.18102414907074	3.95386813452014	3.71632758481741	1.48939508010474	0.724587142985195	1.22837525580019	0.755444165438388	1.3887227977627	1.55474558369641	0	0	1.70399496825175	0.680431342722181	6.39980374071185	0.678075968642509	0	0	0	0	0	0.175863234002056	0	0	0	1.77023308362415	0	0	0	0	0.777453066204947	0.553178882056153	0	0	0	0.346219393453263	0.361697039972028	0	0.388864277286824	0	0.244923065483811	0	0.259934964648076	0	0.318259047172351	0	0	0	0.175948505429268	0.542852209366696	0	0	0.361179831287583	0.174494937851114	0	0	0	0	0	0	0.357961174602037	0.402032066861801	0	0.241217226173199	0	0	0	0	1.37340012495989	0	0	0	0	0	0	0	0	0.633828101117936	0.291737386736201	0	0	0	0.256985909230461	0	0	0	0	0	0	0.176782874114546	0.266141674298377	0	0	0	0	0.424068046448726	0	0	0	0.194214621585984	0.256994397116396	0	0	0.192732732147599	0.229657631356982	0	0	0	0	0	0	0	0	0	0	0	0	0	0	0	0	0	0	0	0	0	0	0	0	0.56904140501219	0	0	0	0	0	0	0	0.443888107764139	0	0	0	0	0	0	0	0	0	0	0	0	0.111518287797865	0.205501380567824	0	0	0	0	0	0	0	0.174774090232584	0	0	0	0	0	0	0	0	0.29769481460492	0	0	0.292279804234344	0	0	0	0.164880770537049	0	0	0	0	0.856074703909907	0	0	0	0	0	0.591743477995508	0.225497486479741	0.164050086002118	0	0	0	0	0	0	0	0	0	0	0	0	0	0	0.337565712258765	0	0	0	0	0	0.872149744779286	0	0	0	0	0	0	0	0.803882545408826	0	0	0	0	0	0	0	0	0	0	0	0	0	0	0	0.600235870810729	0	0.755729363692872	0	0	0	0.793036870323943	0	0	0	0	0	0	0	0	0	0.756999466522501	0	0	0	0	0	0	0	0	0	0.262100430141202	0	0	0	0	0	0	0	0	0	0	0	0	0	0	0	0	0	0	0	0	0	0.576977818406241	0	0	0	0	0	0	0	0	0	0	0	0	0	0	0	0	0	0	0	0	0	0	0	0	0	0	0	0	0	0	0	0	0	0	0	0	0	0	0	0	0	0	0	0	0	0	0
ERR12405992	1.32399998915872	1.08522073187034	0	0	0	0	8.03929899701898	0	0	0	0	0	0	0	0	0	1.83165737561122	0	0	0	0	0	0	0	0	0	2.20159645015107	1.52285230616115	0	0	0	0	0	0	0	0	0	0	0	0	0	0	0	3.54559779213926	0	0	0	2.33713218292591	0	4.99759483613292	0	0	2.86392246291545	0	0	5.28253881441834	0.944984833620727	0	0	0	0.198638919645553	3.82076602899752	0.271880504972143	0	0	2.44882492792319	1.73906090577092	0	0.185916848411173	0	0	0.318198955793897	0.286762896152357	0	0	0	0.281445922599635	1.55355552378342	0.316581114406754	0	0.290445594906386	0.281915757200294	0.277645283167663	0.270051534802366	1.50055582874322	0.185679629793149	0.285980865231255	0	0.257509972193394	0.324387546116361	0	0	0	0	0	0	0	2.08090207795593	0	0	0	0	2.13253552621065	0	0	0	0	0	0	0	0	0	0	0	0	0	0	0	0	0	0	0	0	0	0	0	0	0	0	0	0	0	0	0	0	0	0	0	0	0	0	0	0	0	1.12382600547291	0	0	0	0	0	0	0	0	0	0	0	0	0	0	0	0	0	0	0	0	0	0	0	0	0	0	0	0	0.353848190781417	0	0	0	0	0	0	0	0	0	0	0	0	0	0	0	0	0	0	0	0	0	0	0	0	0	0	0	0	0	0	0	0	0	0	0	0	0	0	0	0	0	0	0	0	0	0	0	0	0	0	0	0	0	0	0	0	0	0	0	0	0	0	0	0	0	0	0	0	0	0	0	0	0	0	0	0	0	0	0	0	0	0.137331030630478	0	0	0	0	0	0	0	0	0	0	0	0	0	0	0	0	0	0	0	0	0	0	0.341952161989966	0	0	0	0	0	0	0	0	0	0	0	0	0	0	0	0	0	0	0	0	0	0	0	0	0	0	0	0	0	0	0	0	0	0	0	0	0	0	0	0	0	0	0	0	0	0	0	0	0	0	0	0	0	0.303615507801742	0	0	0
ERR12405993	11.7500831591328	6.82290625192877	3.29647344685292	1.93892456054564	1.84767843164443	3.88816378031717	0.592765304954047	1.72773503532467	1.54030764311096	1.5452141307594	1.92317286848496	0	2.44137579286855	0	0	0	2.23538058813972	0.578354633637181	0	0	0	0.130874354884564	0	0.423519514058498	0.435203281840123	0.152804487014667	0.852046569752999	0	0	0	0	0	0	0.510711652090988	0	0	0	3.34699039814071	0	0	0	0.717456064340172	0	0	0.735415326809028	0.901674819415295	0	0	0	0	0	0.769792241978492	1.74907292809322	0	1.4883667673412	0.27840430546324	0.173790565498786	0.458832845467007	0	0	0	1.34663004169537	0	1.01046747623345	0.875496044363168	1.21208253988143	0.658082131889295	0	0.464830634569654	1.10733896250015	0	0	0	0.658109217501426	0.670083451118006	0	0	0	0	0	0	0	0	0	0	0.240470084300964	0	0.816906189771542	0	0	0	0	0	1.45999903365207	0	0.182763551470392	0	0	0.157149617684435	0.952251550947392	0	0	0	0	0	0	0	0.291212129941192	0	0	0.191258794300963	0	0	0	0	0	0	0	0	0	0	0	0	0.730499314236655	0	0	0	0	0	0	0.844075589882909	0	0	0	0	0	0	0	0	0	0	0	0	0	0	0	0	0	0	0	0	0	0	0	0	0	0	0	0.258485112497859	0	0	0	0	0	0	0	0	0	0	0	0.374472207991213	0	0	0	0	0	0	0	0	0	0	0	0.223276987387369	0	0	0	0	0	0	0	0	0	0	0	0	0	0	0	0	0	0	0	0	0	0	0	0	0	0	0	0	0	0	0	0	0	0	0	0	0	0	0	0	0	0	0	0	0	0	0	0	0	0	0	0	0	0	0	0	0	0	0	0	0	0	0	0	0	0	0	0	0	0	0	0	0	0	0	0	0	0	0	0	0	0	0	0	0	0	0	0	0	0	0	0	0	0	0	0	0	0	0	0	0	0	0	0	0	0	0	0	0	0	0	0	0	0	0	0	0	0	0	0	0	0	0	0	0	0	0	0	0	0	0	0	0	0	0	0	0	0	0	0	0	0	0	0	0	0	0	0	0	0	0	0	0
ERR12405994	2.21751989252083	1.49298377081139	1.04252105313954	0.674215778672149	0.65213466423756	2.13403735668789	1.35363872966219	0.570591418152672	0.580862860505252	0.538143588043977	0.604294158090452	0.652262540791355	1.36889581851732	0	0	0.526660681160779	0.920441448543059	0	9.41892423424191	0	0	0	0	0	0	0	0	0.679632955644973	0	0	0	0	0	0	0	0	0	0	1.00314840116623	4.04157637579118	0	0	0.238014391156353	0	0.498388474482208	0.517336213860152	0	0.73954372719607	0	0	0	0.467813302623923	0	0	0.646236462673855	0	0	0	4.75533303269492	0	0	0	0	0	0	0	0	1.15020213993229	0.348548829853914	0.483578043656395	0	0	0	0	0	0.254599325952044	0	0	0	0	0	0	0	0	0	0.415126644720645	0	1.05196895394461	0	0	0	0	0	0	0	0	0	0	0	0	0	0	0	0	0	0	0	0	0	0	0	0	0	0	0	0	0	0	0.330759609511328	0	0	0	0	0	0	0	0	0	0	0	0	0	0	0	0	0	0	0	0	0	0	0	0	0	0	0	0	0	0	0	0	0	0	0	0	0	0	0	0	0	0	0	0	0	0	0	0	0	0	0	0	0	0	0	0	0	0	0	0	0	0	0.255148993493449	0	0	0	0	0.265626948004942	0.585341399913065	0	0	0	0	0	0	0	0	0	0	0	0	0	0	0	0	0.233306870380854	0	0	0	0	0	0	0	0	0	0	0	0	0	0	0	0	0	0	0	0.475389901829778	0	0	0	0	0	0	0	0	0	0	0	0	0	0	0	0.158089872452949	0	0.469935324436448	0	0	0	0.519497680721477	0	0	0	0	0.352079982913045	0	0	0	0	0.511004553285779	0	0.499670690328068	0	0	0	0	0	0	0	0	0	0	0	0	0	0	0	0	0	0.187718363077599	0	0	0	0	0	0	0	0	0	0.946505203731276	0	0.944289287989818	0	0	0	0	0	0	0	0	0	0	0	0	0	0	0	0	0	0	0	0	0	0	0	0	0	0	0	0	0	0	0	0	0	0	0	0	0	0	0	0	0	0	0	0	0	0	0
ERR12405995	4.0647012017301	2.85165918699421	2.43762581214453	2.19747896987257	2.50574142146373	0	2.28433603370218	2.1033376070832	1.86877079574771	1.92382953339077	1.85168789850447	0	0	0	0	0	0	0	0	0	0	13.1553764380075	0	0	0	0	0	0	0	5.37667540295102	0	0	0	0.510108843178345	0	0	0	0	0	0	0	0.392218222571578	0	0	0.302676533315247	0	0	0	0	0	0	0	0	0	0	0	0.788390245904738	0.359316777564365	0	0.981625521169459	0.126539287511318	0	0.169561937926641	0	0	0	0	0	0	0	1.14052701571201	0.774876362339418	0.776035552714727	0	0	0	0.764077476944327	0	0.749066541389922	0	0.71861331359097	0.921543023838772	0.724251365409546	0.732036280380956	0.666575148820778	0	0.699651029883428	0	0.899522639915171	1.61414687328147	0	0.707487895322396	0.733900106970687	0	0	0	0	0	0	0	0.295972046038167	0	0.409907979020864	0	0.267330043315752	0	1.48451592360395	0	0	0	1.17544948068438	0	0.554314407290358	0	0.590202668004441	0	0	0	0	0	0.285504560292179	0.345597693811248	0.625977381932154	0	0.256978890907959	0	0	0.324814340280074	0.253928085792007	0	0	0	0.249937674457715	0	0	0	0	0	0	0	0	0	0	0	0.3746990040632	0	0.248770269040613	0	0	0	0	0	0.542553640013737	0	0	0	0	0	0	0	0	0	0.263236063207703	0	0.314153371108305	0	1.36763056069252	0	0	0	0.208567325519681	0	0	0	0	0.36632864199968	0.876649426658239	0.296548968115365	0	0	0	0	0	0	0	0	0	3.66255285976451	0	0.281478547434808	0	0	0	0	0	1.29082806577664	0	0	0	0	0	0	0.238534511279111	0.231648456998407	0	0	0.23629356751104	0	0	0	0.314414048659615	0	0	0	0	0	0	0	0	0	0	0	0	0	0.541783206677865	0.22406443267365	0	0	0	0	0	0	0	0	0	0	0	0	0	0	0	0	0	0	0	0	0.509733623729164	0	0	0.386074814867025	0.404483974252223	0	0	0	0	0	0.558482899771918	0	0	0	0.163510292212397	0.134544066707037	0	0	0	0	0	0	0	0	0	0	0	0	0	0	0	0	0	0	0	0	0	0	0	0	0	0	0	0	0	0	0	0	0	0	0	0	0	0	0	0	0	0	0	0	0	0	0	0	0	0	0	0	0	0	0	0	0	0	0	0	0	0	0	0	0	0	0	0	0	0	0	0	0	0
ERR12405996	0	0	0	0	0	0	1.16869169921365	0	0	0	0	4.29687703303587	0	1.14590312293111	3.65006300094724	2.37253843238386	0	0	0	0	1.0697997501529	0	0.986272424345865	0	0	0	0	1.09433548611321	0	0	0	0	0	0	0	0	0	0	0	0	0	0	0	1.74725922703275	0	0	0	6.27823647696394	0	2.82289931801177	0	0	0	0	0	1.84860091027835	0	0	0	0.355130891022816	0.211562318460088	0	0.126030175947002	0	0	0	0	0	0.693964300320513	0	0.375102563003096	0	0	0	0	0	0	1.1037696960311	0	0.742397309746659	0	0	0	0	0.496559822530673	1.03071809683227	0	0	0	0.55935068313585	0	0	0	0	0	0.436958072423318	0	1.53358764427292	0.250060199950964	0	0.616963004990564	0	0.352310003834407	0	0.562479534108506	0	0.513465239679599	0	0	0	0.380555917420389	0	0	0	0	0.408355589855602	0	0	0.302478360676052	0.205186595886377	0.547673830114668	0	0	0	0.544849015492346	0	0.190211705294209	0.522808139029145	0.571305553865207	0	0	0	0.506959188128247	0	0	0	0	0	0	0	0	0	0	0	0.336689430826873	0	0.490799801456235	0	0	0	0	0	0	0	0	0	0	0	0	0	0	0	0.543732606672216	0	0.475570477187678	0	0.450813997224496	0	0	0	0	0	0	0	0	0	0	0	0	0	0	0.215602442407976	0	0.373898228046251	0	0	0.255264881298021	0	0	0	0	0	0	0.97214715239876	1.01267941469714	0.455804300356912	0	0	0	0	0	0.709165229355043	0	0	0.207214298568233	0.350118101377644	0	0	0	0.326024328928448	0.235390620470539	0.341443171348971	0.319822001061282	0.343756411152079	0	0	1.20860730413217	0	0	0	0.394927006997081	0	0.339971376462472	0.334278340685701	0	0	0.308093383692209	0	0	0	0	0.335537106495944	0	0.315091415488193	0	0	0	0	0	0	0	0.32558683210807	0	0	0	0	0	0	0	0.224770018557425	0	0	0	0	0	0.186362384411807	0	0	0.635745402527693	0.73122635088168	0	0	0	0.204939669549865	0	0	0	0.180670176038191	0	0	0.155721224311854	0	0	0	0	0	0	0	0	0	0	0.200737638368321	0	0	0	0	0	0	0.147080206908953	0	0	0	0	0	0	0	0	0	0	0	0	0	0	0	0	0	0	0	0	0	0	0	0	0	0	0	0	0	0	0	0	0	0	0	0	0	0	0	0	0	0	0	0	0	0	0
ERR12405997	0.647969122192951	0.563004362360843	0.657932639079355	0.318639856613068	0.311456360996207	1.35628301515213	0	0.313150076018291	0.269252905514891	0.251472494841437	0.312670905517119	0	1.14028441180255	0	0	0	0	0.141494711221724	0	0	0	1.6217125052697	0	0	0.139003474120919	0.247961714583003	0.636092241790698	0.434544502426949	0.432058251009232	0	0.21385576219989	0.208967319766282	0	0	0	0	0.201887490347528	0	0	0	0	0	0.146809209003328	0	0	0.806295512111395	0	0	0	0	0	0.70150468171668	0	0	0.248173678592942	0	0	0	0	0	0	0	0	0	0	0	0	0	0.5382555658553	0.226036106751931	0	0.71199333317457	0.622035311462338	0	0	0.16713466618556	0.584079744023746	0	0.540682956534909	0	0.604314629733689	0.546485483654898	0.588388908475685	0.594253974778545	0	0.212667095468755	0.536157831864853	0	0.504527550617707	0	0	0.479751580174293	0.489002205668748	0	0.805131108985631	0	0	0	0	0	0.950330533528057	0	0	0.758830321288438	1.00249592038096	0	0	0	0	0	0	0.474154177628621	0.404221232190619	0	0.43510566230664	0	0	0	0	0	0.873781754923652	0	0.481737692651736	0	0.901785742154295	0	0	0.847484104892523	0.91835441737183	0	0	0	0.863360182435762	0	0	0	0	0	0	0	0	0	0	0	0	0	0.896911366852293	0	0	0	0	0	0.4440901308832	0	0	0	0	0	0	0	0	0	0.828650392023268	0	0	0	0	0	0	0	0.29251451225895	0	0	0	0	0	0.521207359477056	1.57966847938699	0	0	0	0	0	0	0	0	0	0.435896419593432	0	0	0	0	0	0	0	0	0	0	0	0	0	0.238992305783733	0	0.738794236708889	0	0.260441756320758	0	0	0	0.272123245364918	0	0.619867903015665	0.238492648480502	0.297826863826463	0	0	0	0	0.714039323403101	0	0.247045140783365	0	0.259624543852795	0.260084709064748	0.398770831121666	0	0.262738049734515	0	0	0	0	0.239194419252597	0	0.237664340880551	0	0.319484927132404	0	0	0	0	0	0.229682231231942	0.376067795527726	0	0	0	0.406967449125018	0	0	0	0	0	0	0	0	0	0.373662298681001	0	0.563691987908249	0	0	0	0	0	0	0	0	0	0	0	0	0	0	0	0	0	0	0	0	0	0	0	0	0	0	0	0	0	0.615360358492875	0	0	0	0	0	0	0	0	0	0	0	0	0	0	0	0	0	0	0	0	0	0	0	0	0	0	0	0	0	0	0	0	0.393558435478474	0	0	0	0.376098169641746	0.362207111944118	0	0	0	0	0	0	0	0	0
ERR12405998	1.45977633179831	1.07132318022399	0.325787321088124	0	0.302796455501433	7.50870552125213	0.516080280759166	0	0	0	0	0	4.10452933518118	0	0	0	0.883504115322534	0	0	0.561687739351607	0	0	0	0	0	0	0	0.398218357963229	0.341380501971802	0	0	0	0.413859203691356	0	0	0	0	0	0.222049011788109	0	0	0	0	0.621860590019409	0	1.14615580487559	0	0	0	0.282951126019318	0	1.09656571341964	0	0	0	0	0.266792077162831	0	0	0	0.245446755215839	0	0	0	0	0	0	0.304944013906192	0.267748437823405	0	0	0	0	0	0	0	0	0	0	0	0	0	0	0	0	0.358238882975274	0	0	0	0.393166108462795	0	0	0	0.288873228636245	0.310365805830413	0.744282893741171	0	0	0.306046583560892	0	0	0	0	0.296385009227749	0	0	0.377776994282089	0	0.159107389660311	0	0.388290717458446	0	0	0	0	0.620130487999867	0	0	0	0.221329603260397	0	0	0	0	0	0	0.230281689746574	0	0	0	0	0	0	0	0	0	0.152843970354434	0	0	0	0	0	0	0	0	0	0	0	0	0	0	0	0	0	0	0	0	0	0	0	2.56297286578405	0	0	0	0	2.43809156469424	0.400718622708391	0	0	0	0	0	0	0	0	0.205007058024637	0	0	0	0	0	0	0	0.48884115473189	0	0	0	0	0	0	0	0	0	0.409217237534538	0	0.409726567147793	0	0	0	0	0	0	0	0	0	0	0	0	0	0	0	0	0	0	0	0	0.574652868061645	0	0	0	0	0	0	0	0	0	0	0	0	0	0	0	0	0	0	0	0	0	0	0	0	0	0	0	0	0	0	0	0	0	0	0	0	0	0	0.150847911793947	0	0	0	0	0	0	0.998277634107853	0.222830709526076	0	0	0	0.126801751076973	0	0	0	0	0.283462723346009	0	0	0	0	0	0.514432577266314	0	0	0.228336742951637	0	0	0	0.262783207246674	0	0	0	0	0	0	0	0	0	0	0	0	0	0	0	0	0	0	0	0	0	0	0	0	0	0	0	0	0	0	0	0	0	0	0	0	0	0	0	0	0	0	0	0	0	0	0	0	0	0
ERR12405999	0	0	4.33587036626166	2.99914288447569	2.83315803915911	2.9500844976055	8.97726218772543	2.39556108914335	2.64312284708902	2.33616000566707	2.57518357506089	7.66445675722152	3.070040843577	0	0	4.34879297393837	2.80666799263408	0	0	0.76151454989486	0	5.39361673938642	0	0	0	0	1.98084935864188	0.2206704195381	0	2.92044349288209	0	0	0.603883507104198	1.22894119458705	4.14857022752155	0	0	0	0	0	0	1.21526416419865	0	3.0193445111446	1.34460187320584	0	0	0	0	1.12660518795654	0	0	7.06329239783462	0	0	0	0	0.926235315624416	0	0	0	2.6549963773801	0	0	1.23841943616391	2.79109524840979	1.2723038665476	0	0.195519869426601	0	0	0	0	0	0	0	0	0	0	0	0	0	0	0	0	0.318717108232557	0	0	0	0.297666549053313	0	0	0	0	0	0	0	0	0	0	0	0	0	0	0	0	0.231412100597844	0	0	0	0	0	0	0	0	0	0	0	0.265263916006033	0	0	0	0	0	0	0	0	0	0	0	0	0	0	0	0	0	0	0	0	0	0	0	0	0	0	0	0	0	0	0	0	0	0	0	0	0	0	0	0.231535223461144	0	0	0	0	0	0	0	0	0	0	0	0	0	0	0	0	1.16237210160975	0	0	0.721116973744817	0	0	0	0.184168325103325	0	0	0	0	0	0	0	0	0	0	0	0	0	0	0	0	0	0	0	0	0	0	0	0	0	0	0	0	0	0	0	0	0	0	0	0	0	0	0	0	0	0	0	0	0	0	0	0	0	0	0	0	0.555340661650643	0	0	0	0	0	0	0	0	0	0	0	0	0	0	0	0	0	0	0	0	0	0	0	0	0	0	0	0	0	0	0	0	0	0	0	0	0	0	0	0	0	0	0	0	0	0	0	0	0	0	0	0	0	0	0	0	0	0	0	0	0	0	0	0	0	0	0	0	0	0	0	0	0	0	0	0	0	0	0	0	0	0	0	0	0	0	0	0	0	0	0	0	0	0	0	0	0	0	0	0
ERR12406000	1.08588271034273	0.790297220338507	0.429767073483826	0.348509113504755	0.310818474873977	0.994047760879598	0.191821087570763	0.338991223880991	0.307559575669051	0.262822393687125	0.308406846598883	0.378621570874029	0.689603018611952	0	0.599863951905849	0.30758083974205	0.235135520165093	0	1.38280242906385	0.395144041226881	0	0	0	0	0	0	0	1.40809635602673	0.333112694998596	0	0	0	0.364261205867258	0	0	0	0	0	9.0445148472698	2.36928036388922	0	0	0.517343605040995	0.503039324837931	0	0	0	0	0	0.363422022531696	0.568489728522138	0	0	0	0	0	0.144396011207001	0	0	0.273398860033016	0	0	0	0	0	0	0	5.3128617026647	0.239228325751866	0	0.310874933925206	0.260753150995185	0.264354869735894	0	0	0	0.253969776073022	0	0.24339362102677	0	0.246886762505209	0.329104925555343	0.245887594950959	0.250014836741832	0.732956171649765	0.302280443643537	0.246051025319989	0	0.306002976232081	0	0	0.233449919862435	0.365553565608678	0	2.95966101314374	0	0	0.241063020545274	0	0	0	0	0.508203916204577	2.79012096714817	0	0	0	0.251388714373193	0.231557419312414	0	0	0	0	0	0	0	0	0	0.199574057339637	0	0	0	0	0	0	0	0	0	0	0	0	0	0.377233010653211	0	0	0	0	0	0	0	0	0	0	0	0.503044071141808	0	0	0	0.193816874345241	0	0	0	0	0	0	0	0	0	0	0	0	0	0	0	0	0	0	0	0	0	0	0	0	0	0	0	0	0	0	0	0	0	0	0	0	0	0.159467945800982	0	0	0	0	0	0	0.53384770713781	0.132846754332554	0	0	0	0	0	0	0	0	0	0	0	0	0	0	0	0.204279590724058	0	0	0	0	0	0.783665043653337	0	0	0	0	0	0	0	0	0	0	0	0	0	0	0	0	0	0	0	0	0	0	0	0	0	0	0	0	0	0	0	0	0	0	0	0	0	0	0.306492781126376	0	0	0.2969336138477	0	0	0	0	0.214882628637134	0.115556514791618	0	0.120771098415357	0.181861244128127	0	0	0	0	0	0	0	0	0	0	0	0	0	0	0	0	0.178816441574415	0	0.556180465241035	0	0.15183797387035	0	0	0	0	0	0	0	0	0	0	0	0	0	0	0	0	0	0	0	0	0	0	0	0	0	0	0	0	0	0	0	0	0	0	0	0	0	0	0	0	0	0	0	0	0	0	0
ERR12406001	2.02308319820373	1.84537996249389	2.8506887909626	2.30251057561617	2.26377327585804	5.53027761261357	0	2.13090798099194	1.92334600559388	1.90509819399441	1.85652943617066	0	4.14425424987407	0	0	0	2.62223849764296	0	0	0	0	7.72849860289372	0	0	0	0	1.54026849298693	0	0	0	0	0	0	0	0	0	0	0	0.215920556577778	0	0	0	0	0	0.592586261244947	1.87423448654739	0	0.36959608731788	0	0	0	1.77275851355926	0.771383601657435	0	1.51198137745865	0.783978396239907	0	0	0	0	0	1.1064403519195	0.187526678197737	0.479088346420775	0.503798732346696	0.796719383323678	0.630621663612198	0	0	1.27383089941333	0	1.2642630146102	1.23973771788956	0	0.522947011634859	0	1.13239702851945	0	1.15402345555581	0	1.06305411170942	1.4695828588895	1.1114366248282	1.15491179605456	0	0	1.04745834514734	0	1.06227615429833	0	0	0.994237723084392	0.981288248031983	0	0	0	0	0	0	0	0.496774032497442	0	0	0	0.490280142733823	0	0	0	0	0	0	0	0.802277585064343	0	0.833534913557685	0	0	0	0	0	0.502109441028336	0	0	0	0.478311044274911	0	0	0.525427454452992	0.56480772233895	0	0	0	0.500491062457342	0	0	0	0	0	0	0	0	0	0	0	0	0	0.471435185016902	0	0	0	0	0	0	0	0	0	0	0	0	0	0	0	0.452438398449036	0	0	0	0	0	0	0	0	0	0	0	0	0	0	0.365250049887645	0.348307509504857	0	0	0	0	0	0	0	0	0	0	0.616642861518685	0	0	0	0	0	0	0	0	0	0	0	0.253758361642617	0.514345718057315	0.397760254462445	0	0.263147425826751	0	0	0	0.261195045724406	0	0.27061670581683	0.317099283434688	0.260326973239657	0	0	0	0	0.373012888569535	0	0.22719117613756	0	0.277631466521788	0.279074630624955	0	0	0.251842581738744	0	0	0	0	0.353572074878751	0	0.243653385256221	0	0	0	0	0	0	0.128140816238612	0.235563595528752	0	0	0	0	0	0.228102624206801	0	0.295684900074449	0	0	0	0	0	0	0	0	0	0	0	0	0	0	0	0	0	0	0	0	0	0.101563606785637	0	0	0	0	0	0	0	0	0	0	0	0	0	0	0	0	0	0	0	0	0	0	0	0	0	0	0	0	0	0	0	0	0	0	0	0	0	0	0	0	0	0	0	0	0	0	0	0	0	0	0	0	0	0	0	0	0	0	0	0	0	0	0	0
ERR12406002	2.29848099538414	1.46019864472625	3.58833818392005	3.3509880149483	4.67766616633542	1.89426010134339	2.3417008573847	3.1082561657631	2.53412302971646	3.0956155064824	2.374569998478	0	1.24620288568192	0	0.204368848069544	0	0.36532476331948	0	0	0	0	0	0	0	0	0	0	0	0.298427425820908	0.791961513224469	0	0	0.405713417235757	0.645473249390016	21.7705187251195	0	0	0	0	0	0	0.551586231839854	0	0	0	0	0	0	0	0	0	0	0.685455238568316	0	0.557955958377312	0	0	0.606336980391334	0	0.32917676135596	0	0.632849246918623	0	0	0	0.877591323734604	0	0	0	0.414710311812779	0	0	0	0	0	0	0	0	0	0	0	0	0	0	0.372924720954708	0	0	0	0	0.287274054243887	0	0	0	0	0	0	0	0	0	0	0	0	0.28476076441014	0	0	0	0	0	0	0	0	0	0	0	0	0	0	0	0	0	0	0	0	0	0	0	0	0	0	0	0	0	0	0	0	0	0	0	0	0	0	0	0	0	0.288323461495338	0	0	0	0	0	0	0	0	0	0	0	0	0	0	0	0	0	0	0	0	0	0	0	0	0	0	0	0	0	0	0	0	0	0	0	0	0	0	0	0	0	0	0	0	0.499794694230563	0	0	0	0	0	0	0	0	0	0	0	0	0.470309827555562	0	0	0	0	0	0	0	0	0	0	0	0	0	0	0	0	0	0	0	0	0	0	0	0	0	0	0	0	0	0	0	0	0	0	0	0	0	0	0	0	0	0	0	0	0	0	0	0	0	0	0	0	0	0	0	0	0	0	0	0	0	0	0	0	0	0	0	0	0	0	0	0	0	0	0	0	0	0	0	0	0	0	0	0	0	0	0	0	0	0	0	0	0	0	0	0	0	0	0	0	0	0	0	0	0	0	0	0	0	0	0	0	0	0	0	0	0	0	0	0	0	0	0	0	0	0	0	0	0	0	0	0	0
ERR12406003	0.203539710510666	0.578988039325186	1.10992065936455	0.654102114596353	0.646978283814814	2.8162800744667	3.72716386887239	0.596089539081367	0.535610887816351	0.498798306599467	0.605007589463813	0.774121395294275	2.13965695343944	0	0	0.446357489602178	0	0.430485278416014	0	0	0	3.66626600719202	0	0.287734256110656	0.353971973680338	0.403559375944151	0	0.267325903727955	0.36544606421089	0	0.358920437454401	0.340644034383465	0	0	0	1.98099303346305	0.32121230030718	0	0	0	0	0	1.06558349314029	1.12386203853802	0	0	2.42792283279258	0.506075541966124	1.97444384733145	0.302010272448203	1.79681959134991	0	0	1.88085435439114	0	0	0.194611255162484	0	0	0.379735136010516	0	0.261971931117706	0	0	0	0	0	0	0.657854360578787	0	0	0.318445482830254	0.295658263340085	0	0	0.601876791371621	0.267864035979948	0	0.255627493250664	0	0.274797774844863	0.259625891550443	0.280018067672149	0.257245189759856	0.220439972569744	0.413757970284517	0.26816189734545	0	0.244703088293558	0	0	0.236612463774978	0.253261107098832	0	0.370836672865425	0.248760348936004	0	0	0	0	0	0	0	0.335656457113268	0	0	0	0	0	0	0	0	0	0	0.236424188798641	0.212747018771381	0	0	0	0	0	0	0.295161154807919	0	0	0	0	0	0	0	0	0	0	0	0	0	0	0	0	0	0	0	0	0	0	0	0	0	0	0	0	0	0.248151669964685	0	0	0	0	0	0	0	0	0	0	0	0	0	0	0	0	0	0	0	0	0	0	0	0.199664254502964	0	0	0	0	0	0	0	0	0	0	0	0	0	0	0	0	1.45682967927896	0	0	0	0	0	0	0	0	0	0	0	0	0	0	0	0	0.180603565778972	0	0	0	0	0	1.79230856672576	0	0	0	0	0	0	0	0.129208968430655	0	0	0	0	0	0	0	0	0	0	0	0	0	0	0	0	0	0	0	0	0	0	0	0	0	0	0	0	0	0	0	0	0	0	0	0	0	0	0	0	0	0	0	0	0	0	0	0	0	0	0	0	0	0	0.167759349273895	0	0	0	0	0	0	0	0	0.352696636006744	0	0	0	0	0	0	0	0	0	0	0	0	0	0	0	0	0	0	0	0	0	0	0	0	0	0	0	0	0	0	0	0	0	0	0	0	0	0	0	0	0	0	0	0	0	0	0
ERR12406004	5.70920557177529	4.07561420315351	0	0	0	0	0	0	0	0	0	0	0	0	0	0	0	0	0	3.63652207327704	0	0	0	0	0	0	0	0	0	0	0	0	11.9859097293192	3.86366454500718	0	0	0	0	0	0	0	2.91894172156625	0	0	0	0	0	0.444745213106629	0	0	0	0	4.26106933361301	0	0	0.466733901875276	0	2.64228883069826	0	0	0	1.69769019869649	0	0	0	1.73452547601603	0	0	0	0	0	0.233426296409007	0.284387172176199	0	0	0	0	0	0	0	0	0	0	0	0	0	0	0	0	0	0	0	0	0	0	0	0	0.346220955648704	0	0	0.265899518414257	0	0	0	0.278656249848794	0	0	0.748742710869686	0	0	0	0	0	0	0	0	0	0	0	0	0.255579309441305	0	0	0	0.249918973058341	0	0	0.388977191452024	0.258697027769199	0	0	0	0.254570206491458	0	0	0	0	0	0	0	0	0	0	0	0	0	0	0	0	0	0	0	0	0	0	0	0	0	0	0	0	0	0	0	0	0	0	0	0	0	0	0	0	0	0	0	0	0	0	0	0	0	0	0	0	0	0	0	0	0	0	0	0	1.60977522734929	0.789587086361017	0	0	0	0	0	0	0	0	0.260902727666843	0	0	0	0	0	0	0	0	0	0	0	0	0.635145976788217	0	0	0	0	0	0	0	0	0	0	0	0	0	0	0	0	0	0	0.842119648838006	0	0	0	0	0	0	0	0	0	0	0	0	0	0	0	0	0	0	0	0	0	0	0	0	0	0	0	0	0	0	0	0	0	0	0	0	0	0	0	0	0	0	0	0	0	0	0	0	0	0	0	0	0	0	0	0	0	0	0	0	0	0	0	0	0	0	0	0	0	0	0	0	0	0	0	0	0	0	0	0	0	0	0	0	0	0	0	0	0	0	0	0	0	0	0	0	0	0	0	0
ERR12406005	2.55273957744031	1.82072205655039	1.88430851327746	1.78018167165574	1.74272557731387	0	0	1.65482825338851	1.51019781991854	1.54094543328037	1.30229770636311	0	0	0	0	0	1.37246555817103	0	0	0	0	0	0	0	0	0	0	0.949344782444544	0	0	0	0	0	0	0	0	0	0	7.27911073638734	1.78150764478988	0.543335367843362	0	0	0	0.602816497371645	0	0	0	0	0	0	0	0.562339755175828	0	0	0	0	0	0	0	0	0.664309016486258	0	0.785601785796931	0	0	0	4.55628963046089	0	0	0	0	0	0.661742803807907	0	0	0	0	0	0	0	0	0	0	0	0.219292677289692	0	0	0	0	0	0	0	0	0	0	0	0	0	0.70483992687442	0	0	0	0	0	0	0	0	0	0	0	3.63048073466186	0	0	0	0	0	0	0	0	0	0	0.231169098285164	0	0	0	0	0	0	0	0	0	0	0	0	0	0	0	0	0	0	0	0	0	0	0	0	0	0	0	0	0	0	0	0	0	0	0	0	0	0	0	0	0	0.82758840646352	0	0	0	0	0	1.64715803149358	0	0	0	0	0.32608390073963	0	0	0	0	0	0	0	0	0	0	0	0	0	0	0	0	0	0	0	0	0	0	0	0	0	0	0	0	0	0	0	0	0	0	0	0	0	0	0	0	0	0	0	0	0	0	0	0	0	0	0	0	0	0	0	0	0	0	0	0	0	0	0	0	0	0	0	0	0	0	0	0	0	0	0	0	0	0	0	0	0	0	0.24171067858659	0	0	0	0	0	0.415380282839098	0	0	0	0	0	0	0	0	0	0.439062550540425	0	0.3525256727959	0	0	0.239809660282346	0	0	0	0	0	0	0	0	0	0	0	0	0	0	0	0	0	0	0	0	0	0	0	0	0	0	0	0	0	0	0	0	0	0	0	0	0	0	0	0	0	0	0	0	0	0	0	0	0	0	0	0	0	0	0	0
ERR12406006	0	0	1.80982056662945	1.03795932952529	0.968016593878746	3.35868766020367	9.06886533751354	0	0.856563233001041	0.738304534606548	0.791511010360525	3.81293014961428	3.25667245232688	0	0	2.19118189185398	0	0	0	0	0	0	0	0	0	0.167599672144624	0	0.924698912781086	0	0	0	0	0	0	0	0	0	0	0	0	0.588677756062299	0	0.676355097523952	3.2598002505033	1.91388463653973	0.758132810565112	0	0	0	1.18959437137041	0	0.648451293112792	0	0	0	0	1.27645734408084	0	0	0.37768458414036	0.251345636540564	0	0.478797802532762	0	0	0	0	0	1.38207773089212	0	0.513909096125687	0	0	0	1.32642197972972	0	0	0.455554522541307	0	0	0	0	0	0	1.13314709531267	0.428540034096027	0	0	0	0	0	0	0	0	0	0	0	0	0.297488624517173	0	0	0	0.68412485263294	0	0	0	0	0	0	0	0	0	0	0	0	0	0	0	0	0.252650716486162	0	0	0	0	0	0	0.2527635701954	0	0	0	0	0	0	0	0	0	0	0	0	0	0	0	0	0	0.661915963912515	0	0	0	0	0	0	0	0	0	0	0	0	0	0	0	0	0	0	0	0	0	0	1.05993829032186	0	0	0	0	0	0	0	0	0	0	0	0	0	0	0	0	0	0	0	0	0	0	0	0	0	1.01879600377654	0	0	0	0.845698845940853	0	0	0	0	0	0	0	0	0	0	0	0	0	0	0	0	0	0	1.47505520449269	0	0	0	0	0	0	0	0	0	0	0	0	0	0.534469909628157	0	0	0	0	0	0	0	0.699810497898729	0	0	0	0	0	0	0	0	0	0	0.211049073035314	0	0	0	0	0	0.324282380597773	0	0	0	0	0	0	0	0.278285483396468	0	0	0	0.25432604787344	0	0	0.191128650160711	0	0	0	0	0	0	0	0	0	0	0	0	0	0.271607558529687	0	0	0.247996985155422	0.330402479633765	0	0	0	0	0	0	0	0	0	0	0	0	0	0	0	0	0	0	0	0	0	0	0	0	0	0	0	0	0	0	0	0	0	0	0	0	0	0	0	0	0	0	0	0	0	0	0
ERR12406007	2.63433945615813	3.27782003899224	1.91957633551992	1.94002890984623	1.17140630900653	2.88724413763303	0.539095457462251	1.26372798288819	1.11591358183006	0.852669614636664	1.07093884793431	6.54549111201288	2.47506752311307	11.1557021861032	6.77850823859373	4.01022194638297	0	0	0	0	6.43362603622767	0	6.40221256125801	0	0	0	2.85444119777001	0.800759678951425	0	0	0	0	0	1.03273494036748	0	0	0	1.08355842455814	0.131781155385874	0	0.391997980811197	0.933575602876082	2.64034870415832	0	0.924783040504568	0.667490280623143	0	0.259981876898638	0	0	0	0.663427859163485	0.782995448063675	0	0	0	0.670460165500297	0.640997172874578	0	1.19732720109866	0.443121455621843	0.823147596592542	0.117602805625494	0	1.06707960033763	0.758094987761528	0.994477245817071	0	0	0	1.48242723708465	0.149918426095692	0	0	0.836796282364714	0	0	0	0	0	0	0	0	0	0	0.294993479824677	0	0	0	0	0.236934603131484	0	0	0	0	0	1.22064756837299	0	0.273308833846529	0	0	0	0	0	0	0	0	0	0.187388834241294	0.19552284807927	0	0	0	0	0	0	0	0	0	0.230291762333001	0	0.566857659608042	0.313293679498117	0	0	0	0.216010955923966	0	0	0	0	0	0	0	0	0	0	0	0	0	0	0	0	0	0	0	0	0	0.151606073163504	0	0	0	0.325570175432977	0	0	0	0	0.214785649034497	0	0	0	0	0	0	0.778919193744412	0	0	0.856155676074412	0	0	0.163697536622482	0	0	0	0	0	0.276944873027761	0	0	0	0	0	0	0	0	0	0	0	0	0	0	0	0	0	0	0	0	0.740332301568665	0	0	0	0	0	0	0	0	0	0	0	0	0	0	0	0	0	0	0	0	0	0	0	0	0	0	0	0	0	0	0	2.39733686132367	0	0	0	0	0	0	0	0	0.561117339264122	0	0	0	0	0	0	0	0	0	0	0	0	0	0	0	0	0	0	0	0	0	0	0	0	0	0	0	0.132773316458755	0	0	0	0	0	0.385023117299839	0	1.20061726508581	0	0	0	0	0	0	0	0	0	0	0	0	0	0	0	0	0	0	0	0	0	0	0	0	0	0	0	0	0	0	0	0	0	0	0	0	0	0	0	0	0	0	0	0	0	0	0	0	0	0	0	0	0	0	0	0	0	0	0	0	0
ERR12406008	3.6727395472256	2.27380080828521	2.12111624059598	1.41421134013347	1.35015874285155	4.10194910586003	0.369802987450835	1.28344041572421	1.27502733796541	1.12315026654666	1.30572600637485	0	2.53692471180608	0	0	0	1.53550475001596	0	0	3.62967088543861	0	0	0	0	0	0.610867164116279	0.750372839756745	1.71622989555541	0	0	0.53995529461837	0.523047290882907	0	0	0	0	0.506398372543652	0	0	0	0	0	0.203874446780792	0.454763464353073	1.02034223725842	0	0	0.508163732314053	0	0	0	0	0	0	1.04682633209492	0	0.172405019793123	0	0	0.26152563274557	0	0	0	0	0.463933387047364	0	0.448245024415702	0	0	0.884214238156817	0	0	0	0	0.497866687216334	0	0	0	0	0	0	0	0	0	0	0.389436341092605	0	0	0	0.211187987267059	0	0	0	0	0	0.228567002104857	0	0	0	0	1.17045201664716	0	0.25961096017258	0	1.12251967129269	0	0	0	0	0	0	0	0	0	0	0.204313055244288	0	0	0	0	1.09230455739205	0	0.74906762182413	0	1.04441967865022	0	0	1.01943147101427	1.10199007741465	0	0	0	0.977178703097454	0	0	0	0	0	0	0	0	0	0	0	0	0	0.942926297890467	0	0	0	0	0	0.680007747703728	0	0	0	0	0	0	0	0	0	1.00024625783817	0	0	0	0	0	0	0	2.4774270839351	0	0	0	0	0	1.11287709469921	2.60048169127091	0	0	0	0	0	0	0	0	0	1.58293306423925	0	0	0	0	0	0	0	0	0	0	0	0	0	0.398838211094247	0	0.840024652929225	0	0.433347740343807	0	0	0	0.449045218858975	0	0.442788223623811	0.437889886855127	0.463200502059312	0	0	0	0	0.900348780287712	0	0.407695918338857	0	0.44042967234115	0.416981535389289	0	0	0.406913468657512	0	0	0	0.206192648369434	0.410345982778217	0	0.389277314439069	0	0	0	0	0	0	0	0.373962065497469	0	0	0	0	0	0.758496500416294	0	0.674245050221988	0	0	0	0	0	0	0	0	0	0	0	0	0	0	0.245826529505124	0	0	0	0	0	0	0	0	0	0.21958254516528	0	0.225926530654565	0	0	0	0	0	0	0	0	0	0	0	0	0	0	0	0	0	0	0	0	0	0	0	0	0	0	0	0	0	0	0	0	0	0	0	0	0	0	0	0	0	0	0	0	0	0	0	0	0	0	0	0	0	0	0	0	0	0	0
ERR12406009	6.35937927981409	3.96520451800594	3.34507152722224	1.79566172072819	1.77744025666871	0	0	1.76843242461039	1.63870923811501	1.43291206771587	1.84273570043064	0	0	0	0	0	0	0	0	0	0	0	0	0	0	0.293378368527609	0	0	0	0.264354337292385	0.251537097705063	0.251998396162355	0	1.40338615642719	0	0	0.231875298172689	0	0	0	0	1.08472809630495	0	0	0	0	0	0	0	0	0	0	0	0	0	0	0	1.03454862677633	0	0.600651233295192	0	0	0	0	0	0	0	0	0	0	0.712583687399213	0	0	0	0	0.31149359188519	0	0	0	0	0	0	0	0	0	0	0	0	0	1.1047068764877	0	0	0	1.80419738637687	0	0	0	0	0	0	0	0	0	0	0	0	0.934653386199869	0	0	0	0.720773750412272	0	0	0	0	0	0	0	0	0	0	0	0	0	0	0	0	0	0	0	2.7991585335601	0	0	0	0	0	0	0	0	0	0	0	0	0	0	0	0	0	0	0	0	0	0	0	0	0	0	0	0	0	0	0	0	0	0	0	0.865151483351492	0.354990870552224	0	0	0	0	0	0	0	0	0	19.1665301300583	0	0	0	0	0	0	0	0	0	0	0	0	0	0	0	0	0	0.791056632224021	0	0.281572099887207	0	0	0	0	0	0	0	0	0	0	0	0	0	0	0	0	0	0	0	1.72778800690366	0	0	0	0	0	0	0	0	0	0	0	0	0	0	0	0	0	0	0	0	0.232503862380038	0	0	0	0	0	0	0	0	0	0	0	0	0	0	0	0	0	0	0	0	0	0	0	0	0	0	0	0	0	0	0	0	0	0	0	0	0	0	0	0	0	0	0	0	0	0	0	0	0	0	0	0	0	0	0	0	0	0	0	0	0	0	0	0	0	0	0	0	0	0	0	0	0	0	0	0	0	0	0	0	0	0	0	0	0	0	0	0	0	0	0	0	0	0	0	0	0
ERR12406010	6.00274820143151	4.27424521894675	1.7110810867127	1.22659811736369	1.19860861364614	1.97492927755207	0.529080128925449	1.29754617356513	1.05465313297321	0.976962720425335	1.01646627726445	0	1.40493471847377	0.864659734754305	0.344318466416042	0	3.36303879706727	0	0	0	0	0	0.771777004667415	0	0	0	0	0	0.377470948211621	0	0	0	0	0	0	0	0	0	0	0	0.864386989572659	0.312019158579887	0	0.400201381478296	0.39558543990863	0	0	0	0	0.431158308270976	0	0.50799968769992	0	0	0.57661138033425	0.40438380152747	0.495604947018254	0	0	0.366993722512922	0	0	0.387997785237591	0	0	0	0	0	0.595546749576472	0.447343983366603	0.428423049924154	0.57008980995926	0.53535433585569	0	0	0	0.526792071000985	0	0.49627086432327	0	0.521917906732601	0.50524922771825	0.51381341066103	0.492516603419199	0.48775503096174	0.481836414163827	0.47657084317817	0	0.46482758162455	0.716746610713904	0	0.436017513141198	0.460430839017046	0.193886587372728	0	0	0	0	0.176920694115735	0	0	0	0.354457591421538	0	0	0	0.460618594918843	0	0	0	0.382958802698145	0	0	0	0.600296442688106	0	0	0	0	0.150343540996894	0	0	0	0	0	0	0	0	0	0	0	0	0	0	0	0	0	0	0	0	0	0	0	0	0.333440364690554	0	0	0	0	0	0	0	0	0	0	0	0	0	0	0	0	0	0	0	0	0	0.429021811136156	0.319104640903649	0	0	0	0	0	0	0	1.86399264032814	0	0.392790663479197	1.20337040353692	0	0	0	0	0	0	0	0	0	0	0	0	0	0	0	0	0.411801007103641	0	0.254564055298169	0	0	0	0	0	0	0	0	0	0	0	0	0	0	0	0	0	0	0	0	0	0	0	0	0	0	0	0	0	0	0	0	0	0	0	0	0	0	0	0	0.215228388771167	0	0.230005708385346	0	0	0	0	0	0	0	0	0.137170784442724	0	0.159284463322187	0	0	0	0.30895165725117	0	0	0.184397118363032	0	0	0	0	0.361671197720768	0	0	0	0.274796919003824	0	0	0	0	0	0	0	0	0	0	0	0	0	0.251843037029385	0	0	0.216793551176069	0	0	0	0.142647355699258	0	0	0	0	0	0	0	0	0	0	0	0	0	0	0	0	0	0	0	0	0	0	0	0	0	0	0	0	0	0	0	0	0	0	0	0	0	0	0	0	0	0	0	0	0	0	0
ERR12406011	7.41958081030661	4.68178843960514	1.65744992082782	1.05095622684025	1.02488000842839	5.82556922890176	0	1.13595981708858	0.886818223215041	0.829347906450973	0.811672580239005	0.953282108920822	3.3840014164524	4.33286275789585	6.10467117255734	1.08370783578858	0.635846274163089	0	0	6.00824161934649	4.05964429608592	0	3.28868846211416	0	0	0	0	1.11107227957901	1.0840454660614	0	0	0	0.213993683356934	0.692014971956495	0	0	0	1.58033781399563	0	0	0	0.968704077794458	0	0.743283661817659	0	1.32505027422175	0	0.443877089552654	0	1.03890101097045	0	1.25426105901536	0	0	0	0	0.224721361529294	0.582967805985116	0	0.23854214096921	0.157192195506459	0	0	0	0	0	0	0	0.20710936430091	0	0	0.255448034507653	0	1.06430889558555	0	0	0	0.638169653397272	0	0	0	0	0	0	0	0.524271380114321	0	0.538508297928645	0	0	0	0	0	0	0.177637386748898	0	0	0	0	0	0.424215061320333	0	0	0.166654831282569	0.382712379623022	0	0	0	0	0	0	0	0	0	0	0	0	0	0	0	0.420540926901987	0	0.49214513784082	0	0.329437008141291	0	0	0.581836753694605	0.375460831261596	0	0	0	0.355794571933979	0	0	0	0	0	0	0	0	0	0	0	0	0	0.361936115656389	0	0	0	0	0	0.504499969504264	0	0	0	0	0	0	0	0	0	0.461999795713095	0	0	0.436970311014323	0	0.148985740506506	0	0	0.553961997748999	0	0	0	0	0	0.439211993101262	0	0	0	0	0	0	0	0	0	0	1.70313587971283	0	0	0	0	0	0	0	0	0	0	0	0	0	0	0	0.256775952494709	0	0	0	0	0	0	0	0	0	0	0	0	0	0	0.249485007110899	0	0	0	0	0	0.472491937693456	0	0	0	0	0	0	0	0	0	0	0	0	0	0	0	0.527532153922682	0	0.433247771862674	0	0	0	0.433695291759599	0	0	0	0	0.201009045456307	0	0	0	0	0.468076131216856	0	0	0	0	0	0	0	0	0	0	0	0	0	0	0	0	0	0	0	0	0	0	0.194342659315073	0	0	0	0	0	0	0	0	0	0	0	0	0	0	0	0	0	0	0	0	0	0	0	0	0	0	0	0	0	0	0	0	0	0	0	0	0	0	0	0	0	0	0	0	0	0	0	0	0	0	0	0	0	0	0	0
ERR12406012	0	0	0.843826899171782	0.8887583537648	0.894554806671995	2.25168320186701	3.04919985831017	1.59541470381115	0.61990553580206	0.853315316326937	0	1.33627526030129	2.25976699517388	0	0	0.936256509203459	0	0	0	0	0	0	0	0	0	0	0	1.0906574544796	1.23052517113115	0	0	0	0	0	0	1.45454691951918	0	0	0	0	0.709864287021763	0	0	2.2527866297268	0	0.891762474523665	1.57377480043445	1.07151957552445	1.28346051288199	2.32144271633017	1.26667318799698	0.904788216177123	0	1.25648265165532	0	0.469176142376166	0	0	0	0	0	0	0	0	0	0	0	0	0.299855336415248	0	0	0	0	0	0	0	0	0.711494333800994	0	0	0	0	0	0	0	0.204198242631814	0	0.489196639741748	0	0	0	0	0	0	1.9681821134511	0	0	0	0	0	0	0	0	1.7787757500551	0	0	0	0	0	0	0	0	0	0	0	0	0	0	0	0	0	0	0.881633086559762	0	0	0	0	0	0	0	0.273245200935442	0	0	0	0	0	0	0	0	0	0	0	0	0	0	0	0	0	0	0	0	0	0.811403806679256	0	0	0	0	0	0.393296404732102	0	0	0	0	0	0	0	0	0.234752045735222	0	0	3.11649170158847	0	0	0	0	0	0.582034510877401	0	0	0	0	0	0.317194791248309	0	0	0	0	0	0	0	0	0	0	1.27852779348793	0.299185204366963	0	0	0.194374502330379	0	0	0	0.267577208484767	0	0	0	0.260455810639071	0	0	0	0.260551081702456	0	0.281074575512354	0.258506826185276	0.271612077953193	0	0	1.84103292816369	0	0	0	0.265293423971281	0	0.291115037050592	0.257529762901798	0	0	0.257758251111962	0	0	0.614506073283197	0	0.261463330710706	0	0.253387954653478	0	0.630772626612182	0	0	0.153525521409275	0	0	0.245247872896977	0	0	0	0	0	0.239206581457007	0	0	0.127136321339797	0	0.630365592124287	0	0	0	0	0	0.31265905077135	0	0	0	0.480707102181932	0	0	0	0	0	0.621296444781871	0	0	0	0	0	0	0	0	0	0	0	1.03067534536025	0	0.456972709381274	0	0	0	0	0	0.964928685373454	0	0	0	0	0	0	0	0	0	0	0	0	0	0	0	0	0	0	0	0	0	0	0	0	0	0	0	0	0	0	0	0	0	0	0	0	0	0	0	0	0	0	0	0	0	0	0
ERR12406013	0.870410030076944	1.33844816040372	1.22962644348861	0.832270886823537	0.897249487958363	1.55476764271714	0	0.896465157320719	0.731873750210617	0.750754636691828	0.665750187881709	2.64912863812264	1.16569298593933	0	0	1.58536349572849	0.533137414376544	0	0	0	0	0.240385405072069	0	0	0	0	0	1.37858797147072	0	0	0	0	1.87943640473342	0.366187867467031	0	2.53742727575913	0	0	0	0	0	0.31207177905303	0	0.437252437385532	0	0	2.80997458998065	0	2.27576195618063	0.209323064481339	2.25315278866231	0	1.00402176400261	2.2086218725794	0	0	0.118492796960448	0.260421619938733	0	0.398455732141556	0	0.486642369255632	0	0.320040050289616	0	0.475352491585877	0	0	0.194828974399609	0	0.445388670301593	0.179793582902683	0.172607210593958	0	0	0	0.186174716080465	0	0.165932411705714	0	0.168897915361479	0.156644321850008	0.161923627997426	0.15140907203193	0.138858933256022	0.248993361190984	0.176618006602344	0.43904678404749	0.146218925635722	0.695011996598117	0	0	0	0	0.907906487983773	0	0	0	0	0	0	0	0	0.851100217058691	0	0	0.569565003593049	0	0	0	0.450869526515432	0	0	0	0.199105837994092	0	0	0	0.136622684791735	0	0	0	0	0	0	0	0	0	0	0	0	0	0	0	0	0	0	0	0	0	0	0	0	0	0	0	0	0	0	0	0	0	0	0	0	0	0	0	0	0	0	0	0	0	0	0	0.472079591410841	0.335056035827006	0	0	0	0	0	0	0	0	0	0	0	0	0	0	0	0	0	0	0	0	0	0	0	0	0	0.351009359439665	0	0.486352396696934	0	0.269530078903609	0	0	0	0.139743558786041	0	0	0	0.141772505148376	0	0	0	0.149907016066687	0.247381363041158	0.174494463581711	0	0.145257137413705	0	0	0.518004941078351	0	0	0	0.144083777938598	0	0.143374403647851	0.140548177613872	0	0	0.144613818287751	0	0	0	0	0	0	0.143136181602523	0	0	0	0	0.221794174601808	0	0.18750797552915	0	0	0	0	0	0	0	0	0	0	0.147353220346737	0	0	0	0.0966989056942821	0	0	0	0	0	0	0	0	0	0	0	0	0.253247357574846	0	0	0	0	0	0	0	0	0	0	0	0	0	0	0	0	0	0	0	0	0	0	0	0	0	0	0	0	0	0	0	0	0	0	0	0	0	0	0	0	0	0	0	0	0	0	0	0	0	0	0	0	0	0	0	0	0	0	0	0	0	0	0	0	0	0	0
ERR12406014	4.05975600429465	3.53824871876619	3.52464320976374	3.96149279611625	3.62758089236732	4.01436964283999	0	3.26734234211536	2.61699709362806	2.94081984941808	2.52053112382517	4.16956037902554	2.58608916121072	0	0	2.69857920141169	1.91574988251391	0	0	0	0	0	0	0	0	0	0	0	1.84834753971051	0	0	0	0	1.53875241888519	0	0	0	1.38195565396113	0	0	0.330028976211894	1.42367383408157	0.400587180566538	2.4792517018397	0	0.852002663777336	0	1.7619974233938	0	3.69054201306718	0	0	0	0	0	1.17276984558392	0.139271358710564	1.24351896177887	0	0	0	0	0	0	0	0	0	0	0.910323293609622	0	0	0	0	0	0	0	0	0	0	0	0	0	0	0	0.47338485940473	0.551495646240938	0	0	0	0	0	0	0	1.11732973321192	0	0	0	0.939171273811012	0	0	0.851881018650258	0	0.351035192742316	0	0.718468872270562	0	0	0	0	0	0	0	0	0	0	0	0	0	0.445942931079747	0	0.740385302121882	0	0.557887592596086	0	0.660645256580051	0	0	0.683484195366724	0.645338386428996	0	0.808607975803779	0	0.707143556739338	0	0	0	0	0	0	0	0	0	0	0	0.355347909253502	0	0.643539895210995	0	0	0	0	0	0.522882904309168	0	0	0	0	0	0	0	0	0	0.709740691102233	0	0	0	0	0	0	0	1.92274470276906	0	0	0	0	0	1.09520593818288	0.568850941197664	0	0	0	0.285470255158379	0	0	0	0	0.371292755895607	0.44788909609834	0	0	0	0	0	0	0	0	0	0	0	0	0	0	0	0.524624840130575	0.279804656798539	0	0	0	0	0	0	0	0	0	0	0	0	0	0.476972846347983	0	0	0	0	0	0	0	0	0	0	0	0.309110182478732	0	0	0	0	0	0	0	0	0	0	0	0	0	0	0	0	0	0	0	0	0	0	0	0	0	0	0	0	0	0	0	0	0	0	0	0	0	0	0	0	0	0	0	0	0	0	0	0	0.177791534146371	0	0	0	0	0	0	0	0	0	0	0	0	0	0	0	0	0	0	0	0	0	0	0	0	0	0	0	0	0	0	0	0	0	0	0	0	0	0	0	0	0	0	0	0	0	0	0	0	0	0	0	0	0	0	0	0
ERR12406015	0	0	10.8954511518533	8.74107586050249	7.67679296096306	0	0	6.31412122552126	7.01450166568104	6.05488201771388	6.94534882678631	1.52709800944528	0	0	0	1.47673486919286	0	0	0	0	0	0	0	0	0	0.200528200866372	0	0	0	0	0.162966215939693	0.166723057244692	0	3.11153469923427	0	0	0.154165615032493	0	0	0	0	2.50325130452536	0	0	3.40568575952543	0	0	0	0	0	0	0	2.99211562717807	0	0	0	0	2.07914329115085	0	0	0	0	0.412968651934356	4.1412166109158	0	0	0	0	0	0	0	0	0	3.59877354251469	3.14076844665291	0	0	0	0	1.6462599132388	0	0	0	0	0	0	0	0	0	0	0	0	0	0	0	0	0	0	0.501486121799171	3.53482090640905	0	0	0	0	0	0	0	0	0	0	0	0	0	0	0	0	0	0	0	0.424807297242024	0	0	0	3.35516743049951	0	0	0.375688849806682	0	0	0	0	0	0	0	0	0	0	0	0	0	0	0	0	0	0	0	0	0	0	0	0	0	0	0	0	0	0	0	0	0	0	0	0	0	0	0	0	0.274145114119332	0	0	0	0	0	0	0	0	0	0	0	0	0	0	0	0	0	0	0	0	0	0	0	0	0	0	0	0	0	0.21465682511925	0	0	0	0	0	0	0	0	0	0	0	0	0	0	0	0	0	0	0	0	0	0	0	0	0	0	0	0	0	0	0	0	0	0	0	0	0	0	0	0	0.180251088577844	0	0	0	0	0	0	0	0	0	0	0	0	0.117166638055506	0	0	0	0	0	0	0	0	0	0	0	0	0	0	0	0	0	0	0	0.167679758875119	0	0.24649397563384	0	0	0	0	0	0	0	0	0	0	0	0	1.01147180291091	0	0	0	0	0	0	0	0	0	0	0	0	0	0	0	0	0	0	0	0	0	0	0	0	0	0	0	0	0	0	0	0	0	0	0	0	0	0	0	0	0	0	0	0	0	0	0	0	0
SRR5930493	1.10487861643485	0.741247910281964	0.135963756673531	0.110220265390811	0.106124790787513	0.0730436554974326	0.163438654090763	0.151696816164048	0.0985509510827105	0	0	0	0.104233612575185	0	0	0	0	0.244643551445805	0	0	0	0	0	0.190202083112498	0.171814374122466	0	0	0.257426796415728	0	0	0	0	0.362286604841687	0	2.19861470822203	0	0	0	0	0	0	0	0	0	0	0	0	0	0	0	0	0	0	0	0	0	0	0	0	0.0620920269137372	0	0	0.197308102483125	0	0	0	0	0	0.115583428503276	0	0	0.0771681876131655	0.0874748425437434	0	0	0	0.0834650271172958	0	0.0781602256048581	0	0.0808093369676046	0.0770177723686439	0.0790740414985576	0.0755504672571621	0	0.146644044939375	0.102838483914285	0	0.0740933006072744	0	0.293660699590316	0.0800001278696391	0.0712129175568333	0	0	0	0	0	0	0	0	0.180359407620013	0	0	0	0.161592655787921	0	0	0.488365899488047	0.1511138874677	0	0	0.0801057422619689	0.173662413237408	0.0665001634773491	0	0.140678567680818	0.132260179784916	0	0	0	0	0	0	0	0.130553915126515	0	0	0	0.146952198973842	0	0.136915928232	0	0.123972586516346	0.156147004889469	0.15696636247696	0	0.181750489872461	0.138801105681045	0.15234224765102	0.143117619521576	0.149385264024279	0.178853213303608	0.17825207407048	0	0.170818590628833	0	0.165305363134972	0.428398614910345	0.169613239789757	0.167272948003883	0.161402513098142	0	0.147128046736397	0	0.156526006644681	0.154271912970352	0.19863715979943	0.229235772028378	0.121024696747849	0	0.14293836353187	0	0.193551928223312	0	0	0	0	0.136461100442675	0.13929122762969	0	0	0.157364772824121	0.151040360117101	0.134678643803019	0	0	0	0	0.13341771298776	0	0	0.206204168163116	0	0.166931757617543	0.412396372873609	0	0	0.121063918346898	0	0	0.165734366754883	0.175349091634888	0	0.143653460491379	0	0.188801067910853	0	0.137274158819627	0.139898018371578	0.349661154169322	0	0	0	0	0	0.119142306334838	0.29606536630761	0	0	0	0	0	0	0.19438115295485	0.175036369689369	0	0	0	0.138853076244601	0	0.125046462586949	0	0	0	0.119969989488951	0	0.278263496777292	0.177861090687221	0	0.10057918304373	0	0.275098039964607	0	0.178554783214203	0	0.291721735995853	0.170393919845501	0	0.160389987721524	0	0	0	0.297750757749851	0	0	0	0	0.26562121241481	0	0	0	0	0.167639362697124	0	0	0	0	0	0	0.109774493032973	0.294244428993491	0	0	0	0.159852032990287	0	0	0	0	0	0	0	0	0	0.124310773326109	0	0.0840424621523611	0	0	0	0	0	0	0	0	0	0	0	0.192594345310006	0.135371251541966	0.173849164105481	0.16983562239949	0.138821555824814	0.155016709683886	0.168680795825891	0.162600329785471	0.156071291429818	0.16269508690538	0.160008682713369	0.168519160785712	0.161270579102276	0	0	0	0.156391572573043	0.171970268501299	0.226615246534291	0	0	0	0.228290031131939	0	0	0.205563329981702	0.198925164161475	0	0.229651997081308	0.206196401883222	0.188538424098234	0.146788829262988	0	0.247117541939931	0.186755517702634	0	0	0	0	0	0	0	0	0	0	0	0
SRR5930494	0.988034425540928	0.881993901546331	0	0	0	0.648347566127787	0	0	0	0	0	0.665082697439394	0.497185216420797	0	0	0.475745688544905	0	0	0	0	0	0	0	0	0	0.0745370922139776	0	0	0	0.230761035407327	0.0655318197025444	0.0653168756493191	0	0.0736364889980384	0	0	0.163134569165235	0.312394753950217	0.101307475618735	0	0.188153857935614	0.124347781434903	0	0.108149700351381	0	0.275151098729406	0	0	0	0.0763386720785394	0	0.274878669372645	0	0	0.050323155199762	0	0.336241528976917	0.0670631117642401	0	0	0.50803852788716	0	0.242371888123177	0	0	0	0	0.0772713997527848	0	0.0599835956398039	0	0.0896913429003667	0.0974921566096474	0	0	0	0.100828990155965	0	0.0894988571900745	0.0412511272883492	0.0913281228622194	0.0872499163705001	0.0878726864151496	0.0890772440854	0.133751214458217	0.0727795685885369	0.091769507541801	0	0.08451381805727	0	0.269784186377968	0.0802416352205219	0.0769224788203358	0.263611972940939	0.0872863351951311	0	0	0	0.0431471113077598	0	0	0.166100049716559	0.110911541184573	0.0882887091728533	0	0.164680234853138	0	0	0	0.190911028945952	0	0	0.0753541365551145	0.147845660208501	0.120624260300046	0	0.181660799664687	0.177666176097818	0.0568523041872241	0.0549149088970956	0	0.213617919693461	0.0700863889562092	0	0	0.173668590029642	0.0424211746202814	0	0	0.151989489545045	0.240486388813814	0.162706935581506	0	0.143737481804661	0.154306841395263	0.185685192002618	0	0.150628362508103	0.157101386288729	0.151177779277224	0.143178061963078	0.157090599728612	0.166763998142819	0.145606031719191	0.104217722371988	0.158293210608331	0	0.149464554283394	0	0.168679395547367	0.13286936371916	0.16025721798133	0.065192166605799	0.144096039267071	0.112538432365025	0.143939796906501	0.151257220318069	0	0.107839546839007	0.14984552487833	0	0.127578860383407	0	0.191103727261075	0.25787994500187	0	0	0.0339490619585548	0.15726220466498	0.162920962303614	0	1.17338483429191	0.167309362135573	0	0.138128382453701	0	0.0774923593576744	0	0	0.133753489757677	0.520970528289533	0.0726427506649719	0.0937412376163876	0	0	0	0.0399431946315269	0.175841712740415	0.137776327502894	0.432403762252949	0.0912872059519931	0	0	0	0	0	0	0.0307220496749804	0	0.266689852692689	0.0706239788498527	0	0.377905157854243	0	0.0427580651882432	0	0	0.0787221447154517	0	0	0.0733330260635416	0	0	0	0	0	0.02617225791539	0	0	0	0	0.0327185075547233	0	0	0.169901418160165	0	0	0.0637259542837169	0.0771219827036884	0	0	0	0.0698160962957455	0	0	0	0.0674656388657933	0.0660377984719826	0.0286839319215652	0	0	0	0.173250440098796	0.0558567789688038	0.0412820730235329	0	0.167144489570556	0	0	0.0395877443889198	0	0.0481066727596028	0	0	0.154555363761324	0.103838973011111	0.193770711760085	0.391290495377316	0	0.181841827470225	0	0.114720840705066	0	0.114885846179755	0.0646847627386014	0	0	0.106723283430436	0	0	0.0372437026017109	0	0.0466966455230141	0	0.0600794200100409	0.0498922926710039	0.0556424940970129	0.117817267653834	0.111879484355631	0	0.0501264340337052	0.197662566286285	0.0510698456264967	0.0530598740968498	0.0797358608998624	0	2.22161379699986	0	0.0605188029592787	0.140963004642103	0.140866350368683	0.163312110836338	0.139935078556826	0.132271035780622	0.13988694926246	0.136406711868114	0.14443114245837	0.146683010415334	0.180955473821806	0.143304729239053	0.167104730389049	0.119147801050091	0	0.142534253691022	0.100476791736489	0.136994452513519	0.156386469927245	0	1.14388342947661	0.0994825321674589	0.127867943874746	0	0.104356110798289	0.171257212987552	0	0	0.117509447743684	0	0	0.128468185309133	0	0.0375032097155986	0.116479910325421	0	0.100046289204299	0.0333638464273929	0.0346621860919358	0.098894589558304	0.051946223334345	0.055474311308175	0.050626630723701	0.0520025586874806	0.0538422470315512	0.0586425896315072	0.0499155912454667	0.0527329177790587
SRR5930495	0	1.57621773453244	0	0	0	0.733492246187517	1.11432847735127	0	0	0	0	4.31103357288242	0.788161365302438	0	0	2.50899668164398	0.477768508603514	0	0	0	0	0	0	0	0	1.25607432766007	0	0.0549204060162266	0.226683566147279	0	1.11235452076957	1.13777738225946	0	0.543020846973425	0	2.99247653523552	1.18960151873255	0	0	0	0	0.486981585922901	0.311702863002454	0	0	0.267575862070513	2.23277268891255	0	2.22730175280846	0	2.23213000234649	0.228051936889872	0	1.90601684199398	0	0	0.393963732110588	0.376354942281278	0	0.194999602368729	0	0	0.12529096779046	0	0	0	0	0	0.161028264798626	0	0.166361260088579	0	0	0	0	0	0	0	0	1.17638510084074	0	0	0	0	0	0.0583043905896926	0	0	0	0	0	0	0	0	0	0.700480026581207	0.165225475304794	0	0.158702566054098	0	0	0	0	0	0	0	0	0	0	0	0	0	0	0	0	0.363220957282276	0	0	0	0.139086050361358	0	0	0	0	0	0	0.253016822815307	0	0	0	0	0	0	0	0	0	0	0	0	0	0	0	0	0	0	0	0	0	0	0	0	0	0	0	0.300248772069276	0	0	0	0	0	0	0	0	0	0	0	0	0	0	0	0	0	0	0	0	0	0	0	0	0	0.150154457541437	0	0	0.318246085743884	0	0	0	0	0	0	0.227741077555497	0	0	0.0594821829373036	0	0	0	0	0	0.0706719424794067	0	0.113431054505064	0	0	0	0.118234755683371	0	0	0.260503601600457	0.130318055252154	0	0.115173596456062	0.111180896128969	0.116604316522057	0	0	0	1.44109178837934	0	0	0.113336211338195	0	0.108082428603987	0.109362294478352	0	0	0.104744660667278	0	0	0	0	0.107419872003243	0	0.102292598470567	0	0	0	0	0	0	0	0.102465317833908	0	0	0	0	0	0.106517907948529	0	0	0	0	0	0	0	0.102999637584912	0	0	0	0	0	0	0.207836127469042	0.0905902893204847	0	0	0	0.0737956662692252	0	0	0	0.09757877714459	0	0	0	0	0	0	0	0	0	0.141589394564701	0	0	0	0	0.300882595817532	0	0.158070474047456	0	0	0	0	0	0	0	0	0	0	0	0	0	0	0	0.239909423905107	0	0	2.42793346180948	0.0901611411295197	0	0	2.19816120587913	0	0	2.02572943123558	0	0	2.29450290799152	2.07333914150819	0	0	0	0	0	0	0	0	0	0	0	0	0	0	0	0	0
SRR5930497	1.59479247218339	0.947219336071841	0.302819273733396	0.398331486705241	0.348526069473453	0.408312431562595	0	0.303428078337896	0.222047063226135	0.255830077426873	0.249978692258362	0	0.312140834803475	0.379699471714204	0.178521326707196	0	0.168518493983246	0	0	1.21871820903036	0.25149618326657	0	0.519427313231392	0	0	0.0806043464913504	0	0.138500534624304	0.0773402598495086	0	0.0720025057874625	0.0720257652057685	0	0.0432495049223259	0	0	0.0715983018616693	0.430841241680988	0	0	0	0	0	0	0	0.253118876166162	0	0	0	0	0	0.21728141308084	0	0	0.171944824250086	0	0.0332071652108662	0	0	0.0748631355100548	0.237551884530637	0	0.0260963967536046	0	0	0	0	0	0	0.159418360793053	0	0.0492319291167038	0.0539991314627742	0	0	0	0.0532698012947832	0	0.0517872847374612	0	0.0490323442384141	0.0492636656235386	0.0491396376028934	0.0630492329571501	0	0.116501778140642	0.0596350964615075	0	0.0460318302965921	0.0605348846443829	0.709481813177398	0.0479673022424661	0.0441864702429751	0.165857636405731	0	0.220248599847419	0	0	0.028010722909089	0	0.0871857319176586	0.61608948088639	0	0	0.081910970294554	0.654384286791009	0.0440162321550073	0	0	0.665027646740983	0	0	0.0522332265010361	0.554503474667782	0.0522417350433496	0.196382890241781	0.70444668747677	0.621204124521065	1.1794917217637	0.0273494112644494	0.0931608109513191	0.124788146195787	0.176905637030238	0	0.0787475606455642	0.625525608624736	0.0345741868113324	0.114247123942679	0.0743506605470661	0.577254947646535	0.148627677689384	0.602833867111979	0.0815170675996243	0.609784305935915	0.666231979215742	0.637880764858041	0	0.590138085518343	0.552032841582022	0.59750520015428	0.558149321838076	0.651841378006178	0.556797819079762	0.571332850458474	0	0.604693222330188	0.125151053815142	0.563484276835982	0	0.53383478796165	0.529022356885085	0.636586990652464	0.168746003630503	0.559255777439561	0	0.533262960325712	0.593863492457528	0.126435880000711	0.298605357234122	0.581176626658228	0	0.547931670181582	0.102442276454263	0.662543914878094	0.146945713046789	0	0.0424382241165496	0.041817905328588	0.613093392411112	0.658365158826221	0.124407350440989	0	0.567509803526672	0.504681299419839	0.574547835702236	0	0.162379108617453	0	0	0.554372648869	0	0.991354544076386	0.252012737995915	0.192378396163266	0.517017872707087	0.550075096775726	0.900482043867651	0	0.51984005117722	0	0	0.42357240029097	0.452486902479447	0	0	0	0.435615108903515	0.0373946149948096	0.490296561372169	0.0682326801187719	0.38962856713392	0	0	0.0533149958584701	0.841127203359972	0	0.384522834203154	0.347901757120686	0.144614926664749	0	0	0	0	0	0.420600935532492	0.431789685754297	0	0	0.0498847395470986	0.383856888921278	0	0.392062206450702	0	0	0	0.387351018417838	0	0.334935776337701	0.177499445827107	0.631263489636893	0.197711015863158	0	0.342759816854182	0	0.347750522377951	0.140552950414961	0.326412394112801	0.155950558386737	0.0306036015375647	0.358052312061273	0	0	0	0.296639333205214	0.368249645507874	0	0	0	0.346005852636309	0	0.904200824206978	0	0.140037080716658	0.324601516499013	0.503523581440925	0.0526489573571576	0	0	0.0345393945820913	0	0.080836110379268	0	0	0.0524936556836335	0.0425286825917053	0.313478740157727	0.247802399642261	0.0376563889735898	0.133111287003191	0	0	0	0	0	0.0313377419828008	0.128799797655057	0.0325454996779755	0	0	0	0.124372570580214	0.047966080438764	0.131183410239826	0.154596068533685	0	0	0	0.51740510813114	0	0.531506695458189	0.536433335320505	0.556330097778451	0.508265483545819	0.535686367529434	0.513224239772254	0.501258923783051	0.605556369931751	0.585137740907762	0.6035978226275	0.523200448463252	0.509573899116861	0.544787078073668	0.407013103059568	0.485682355857177	0	0.449782300105363	0.500349883477096	0.104660702199876	0	0	0.463589974854893	0.0937525699516015	0.468824179459461	0.431314224623092	0.0942999926832302	0.156486904973498	0.442725032414596	0.0936950996494506	0.0998637437331472	0.446389047114079	0.373406325541461	0	0.285048294352808	0	0.330138043828045	0	0	0.212032260333599	0.110946496929913	0.134855773043543	0.127817090716919	0.127535290083386	0.113393097307104	0.140200946919682	0.151533631401581	0.136169734835577
SRR5930498	0.217180563640186	0.21989956339975	0.46510173648995	0.437048275797207	0.400808854155475	0.902099813251063	0.968017327207363	0.362211431432563	0.33145992224618	0.342490839989948	0.346493158437729	0	0.883418360996196	0	0.0483756946570303	0	0.122888597248775	0.0271475735633594	0	0.156507051178667	0	0	0	0.0217503658676428	0	0	0	0.0822176860420989	0.22306899758468	0.333523387046093	0	0	0	0.0324570286998233	0	0	0	0.104528948163373	0.058986227900395	0	0.0359908187458507	0.0520613500424096	0	0	0	0.277020711166803	0	0.0535528489991004	0	0	0	0.238856367856686	0	0	0.0490594196334097	0.0562530629717577	0.0178201544078591	0.0434921113302249	0	0.0706442482830522	0.125687921549852	0	0.129173568155836	0	0	0	0	0.0450166417004073	0.17999556592684	0.0510689493664538	0.066210192444052	0.332256634961886	0.41329685760356	0	0	0	0.303522552145899	0	0.305903272679419	0	0.283892068622275	0.296881082385242	0.291910463300027	0.29128603604928	0.101606298629762	0.122384150452904	0.304904151960595	0.0953699068073975	0.283913200687469	0.0922993302343242	0.529818106131536	0.255895808799566	0.249482559268015	0	0	0	0	0.0422727615268518	0	0	0.0740630212301469	0.410226199104756	0.0931293119815293	0	0.0747706863400234	0.446524000054439	0.0857750450873792	0	0.524979875923172	0.45234707521951	0.0709977586592172	0	0.213991133612826	0.422261903257362	0.228467769256018	0	0.430787113024914	0.401051642089701	0.0528746467005898	0	0.0730430926999102	0	0.109240539520291	0	0.0668368945754455	0.403860378607337	0	0.0750953702384425	0.0715665977393557	0.429227943096745	0	0.427311715769975	0.0725154054553971	0.412825782169643	0.458844890404605	0.455992725824269	0	0.4381142695252	0.413148761847218	0.500032074682784	0.394047529682593	0.380008278842386	0.394085951703034	0.432835810245735	0.0923747883652287	0.455425384879776	0.0718770235828717	0.420611280470464	0.413825393493549	0.405180779761874	0.395616840804198	0.452120102796215	0.108091364894847	0.411880687560132	0	0.391490221604509	0.492368570071071	0	0.0319679168995221	0.388368439848067	0	0.444416791763821	0.0702042941356081	0.492516758180781	0	0	0.0800345896150191	0.056237416920416	0.399117093096812	0.384047919470067	0	0	0.366974238681663	0.118191410747972	0.44168268471849	0.021402190426699	0.0905544023955255	0.0734984117453794	0	0.404806961626649	0	0.0970885796978408	0.0296450030330198	0	0.130531341094503	0.124929280518751	0.0228287998115047	0	0.386872092225579	0	0	0.118936747379789	0.114982283606794	0.0380993718713664	0	0.0769850172295793	0.120603391822458	0.0504992476902943	0.116923287280491	0.170807107615488	0.2703834997986	0	0	0.0571668993638512	0	0	0.103430410294725	0.2762435122455	0	0	0.0365412968121662	0	0	0	0.111064310551923	0.108699148603499	0	0	0.0552590598509469	0.0997731919630495	0	0.0972419133027369	0	0	0	0.101759720250969	0	0.263009806087624	1.08356700914681	0.13677221721182	0	0	0.265779534260723	0	0.0970409284649631	0.125682219832612	0.264861942690434	0.505768931565084	0.0406294558479656	0.0966831871244258	0.0177573144243254	0	0	0.262690968317933	0.0986156674409533	0	0	0	0.155172391716152	0	0	0	0.123552378897594	0.0973268492556855	0.330453201628448	0	0	0	0.223692415978139	0	0.0270967174442962	0.111848110415184	0.0488142207154963	0	0	0.0797247950333378	0	0	0.122704148885108	0	0.0425219471681455	0	0.0851325000265526	0	0	0.326618650911844	0	0	0	0	0.193225566021221	0	0.198605765217368	0.223514287877502	0	0	0	0.0757511293970998	0.242070383339007	0.388146042800466	0.375047362920934	0.407681135542649	0.390954667245557	0.388740477589547	0.384940496541818	0.413220707052903	0.372326243010676	0.417548691821212	0.365511389000598	0.401792131575992	0.376469973597851	0.359298202183754	0.0614313594577375	0.338128936532937	0	0.345488459163592	1.5486287202595	0.264274940008578	0	0	0.356363278349169	0.233102129978628	0.329178434751652	0.354096600451729	0.191127880287815	0.244137867042447	0.306034602842813	0.206222844500514	0.199696046283845	0.330212992900284	0.292609096373444	0.153774534119934	0.26980563114573	0.192642609185612	0.295810676868432	0.134162172267538	0.14229621024045	0.266686709628111	0.226660530304294	0.264709671478633	0.219758293347918	0.632971344256192	0.200730095658844	0.239987959569713	0.229067452137007	0.189368857755208
SRR5930499	0.749119487389212	0.57287545576983	2.07631889901416	1.92530038314765	1.92693746836003	0.524899784865595	0.798676430371569	1.64921401396421	1.64519630159507	1.67107335706303	1.60400665808927	0	0.546252225928018	0	0	0	0	0	0	0.302682868415997	0	0	0	0	0	0	0.561984208747172	0	0	0	0	0	0	0	0	1.37542932299836	0	0	0.179336266639578	0	0	0	0.206902007057428	0	0	0.242171542763427	1.57252740826354	0.408628633014656	2.21612746448136	0	1.24260993451511	0.227154702022617	0	1.35359075659962	0	0.818415700749486	0.35235856048752	0	0	0.311082985649096	0.522641879507675	0	2.49322601447959	0	0	0	0.234954313339737	0.142899019669768	0.0865686662474158	0	0.306043116021004	0	0	0	0	0.52872355782927	0	0	0	1.01360801115318	0	0	0	0	0	0.168627360244444	0	0	0	0.42578760137879	0	0	0	0	0	0.0970279768645775	0	0.358184786352045	0.100716405968212	0	0	0	0	0	0	0	0.358344779828686	0	0	0	0.29702615361565	0	0	0	0	0.0674984803146546	0	0	0	0.0842364117158654	0	0	0	0	0	0	0.138637194862462	0	0	0	0	0	0	0	0	0	0	0	0	0	0	0	0	0	0	0	0	0	0	0	0	0	0	0	0.164751586376569	0	0	0	0	0	0	0	0	0	0	0	0.33551955442112	0	0	0	0	0.106131664426016	0	0	0	0	0	0	0	0	0.107036155332518	0	0	0.0722436920937903	0	0	0	0	0	0	0.160990344098702	0	0	0	0	0.338058936582772	0	0	0	0	0	0	0	0	0	0	0	0	0	0	0	0	0	0	0	0	0	2.65826818531308	0	0	0	0	0	0	0	0	0	0	0	0	0	0	0	0	0	0	0	0	0	0	0	0	0	0	0	0	0	0	0	0	0	0	0	0	0	0	0	0.0770620095426412	0	0	0	0.032091401362998	0.0595008209285849	0	0	0	0	0	0	0.129268453381638	0	0.120927034777057	0	0.326472166513755	0	0	0	0	0	0	0	0	0	0	0	0	0.142087087652086	0	0	0	0	0	0	0	0	0	0	0	0	0	0	0	0	0	0.135404035566136	0	0	0	0.0508832913807397	0.104243113586748	0	0	0	0	0	0	0	0	0	0	0	0	0	0	0	0	0	0	0	0	0	0	0	0	0	0
SRR5930501	0.707336588979355	0.513857377781061	0.249009182401963	0.182379612578539	0.191780047731026	0.163909692344023	0	0.216284757119368	0.149941899398104	0.148640546327697	0.174073084027634	0.233292678892958	0.396288941180694	0	0	0.212492914414789	0.276320145254674	0	0	0	0	0	0	0	0	0	0	0.40031821677175	0.0811688810909934	0	0	0	0	0.0818413491663149	0	0.620501097596625	0	0.209908433970507	0.113302126895786	0	0.216468503148982	0.0703972552509367	0.166951612426341	0.367622200858611	0	0.0765621739276559	0.753455640801171	0	2.0754159634554	0.425410977428038	0.569602135666983	0.0760139977853933	0	0.532774755407347	0	0	0	0.0646028656285082	0	0.129399638928582	0.249944267394037	0	0	0	0	0	0	0.0899579231791289	0.0438004412464712	0	0.114657367194987	0.0727509110442292	0.0756330882745898	0	0	0	0.0871707931686501	1.05286910304106	0.0739042732837029	0	0.0755718898865975	0.0710923923917237	0.0733418906998062	0.0882811469023362	0.0484794483522641	0.257730860390429	0.0765496225588196	0	0.0669343798149312	0.0994389513364149	0.194318533102654	0.0723365545231946	0.0667111048559536	0	0.0416815102587172	0.156642336884379	0.0966337122180009	0	0	0	0	0.149265216284613	0	0.0408440204218798	0	0.144891265636339	0.0867087719950914	0.169830006795807	0.256875394773285	0.142422307767106	0.0885054310241318	0.227937669910315	0	0.122738682870901	0.25445017521093	0.138198221285023	0.140598396515275	0.130747933628143	0	0	0	0	0.11923633812833	0	0	0.126911849255196	0	0	0	0.123651707330149	0	0.120271193409714	0	0.124449653427131	0.143297630868581	0.149660599775654	0	0.1685280080458	0.116229237900639	0.156350841865785	0.126236899504631	0.155906973763618	0.129814522175761	0.160728242971715	0	0.16308827233663	0	0.121625253325389	0.21023696493402	0.116079978121296	0.11971316760313	0.144868445560567	0.157131512376041	0.139294043208387	0	0.111952194079818	0.138943756716105	0	0.0543265707444501	0.120278212484969	0	0.13085573922503	0	0.17507802486456	0	0	0.0793180392117689	0	0.130429388148577	0.130486099474332	0.179739253337166	0	0.142304240133618	0.210754444554971	0.12883342359473	0	0.152205712272662	0	0	0.129420771316264	0	0	0.0492679624682315	0.125217052605111	0.223638461113409	0.217947132907234	0	0	0.119681179343969	0	0	0.244573719427976	0.239586766648724	0.709948851470021	0.0613822995591535	0.0725703154765135	0.513147517320021	0	0.199801366331843	0	0.337206915001824	0	0	0	0	0	0.192077057108798	0.283501050523203	0.0849944857418443	0	0	0	0	0	0.219658757740671	0.229558659097391	0.541642763101868	0	0	0.184502012154042	0	0.186257242464648	0	0	0	0.190951531509881	0	0.287520204361307	0.144275214824314	0.146777700841379	0	0	0.273457312275219	0	0.197653062196259	0.157147160565488	0.285898899247157	0.128798297314374	0	0.221144039065067	0	0	0	0.276708042360185	0.171810042824013	0	0	0	0.235482988129877	0	0.247698431053965	0	0.15125469056891	0.204720571535195	0.163106027361843	0	0	0	0	0	0	0	0	0	0.0559690332841237	0.17123660211858	0	0	0.144472855635022	0	0	0	0	0	0.0568261913551562	0.0974269507809414	0	0	0	0.0579219027715899	0	0	0	0	0	0	0	0.0692624148598711	0	0.120900341178191	0.118194938248677	0.151097632555919	0.132453845725946	0.125496059915037	0.132954288572512	0.131636205240795	0.149455160204275	0.147338520530921	0.153822322728159	0.131041347120002	0.124056125412978	0.123761325459846	0.0785212468287465	0.125824733204998	0	0.123952049097867	0.128737987754825	0.120600247110795	0	0	0.130998730953241	0.140638796301872	0.10624080318822	0.123909372921891	0.106468990267124	0.112772141041067	0.0908843057860223	0.134618650304549	0.118985198888985	0.152274317012085	0.121937016194936	0.0582527321153685	0.26897828301035	0.0957547697743208	0	0.0518430446816045	0.0510145552137872	0	0	0	0	0	0	0	0	0
SRR5930502	2.02537330442288	1.34748276844417	0	0	0	0	0.628436578719403	0	0	0	0	0	0	0	0	0	0	0	0	0	0	0	0	0	0	0	0	0	0	0	0	0	0	0	0	0	0	0	0.203910573451848	0	0	0	1.32594872077575	0	1.07403355744566	0	0	0	0	0	0	0	0.949585718706178	0	0	0	0	0	0	0.34203006255299	0.865611223392606	0	0.229390670091263	3.74797046040305	0.98520326794149	0	0	0.0730442766335415	0	0	0.312500826492818	0	0	1.2230724116572	0	0	0	0	0	0	0	0	0	0	0	0	0	0	0	0	1.18402723408015	0	0	0	0	0	0.312710964942097	0	0.191243908966529	1.22398764185642	0.996344741641783	1.19147683598703	0	0	1.01487775135924	1.15416747040685	0	0	0	1.20173796016742	0	0	0	0.974848328829247	0	0	1.29087979216435	1.13097471447106	0	0.169482044584187	0.9098407988619	0	0	1.02568208650788	0.959367001947085	1.11961091533047	0.157922853682049	0.824549828397311	0.93848765523218	0.93512915139661	0	1.06476424478416	0.917418042569337	1.04881424213053	0.976210479664601	0.995037927070831	0	0.797529722091096	0.978324954293222	0.870350538420634	0.998425367401028	0.967181077658598	1.11279725248574	0.856682029042683	0	0.904950842835878	0.962756032517254	0.962865216528126	0	0.921131254521143	0.894265470552323	1.10128910323211	0	0.929274626008508	0.0304946239962302	0.859140405752393	1.07420029134141	0	0	0.980370118611869	0	0.891690294317426	0.855943448036008	0.88512286663796	0	0	0	0	1.0039223792747	0.863239382357194	0	0.363406464113049	0.84775425614816	0	0.868302848028213	0	0	0.623826707418571	0	0.874256076903559	0.407636891393284	0	0	0	0	0	0	0	0.852052053386026	0	0.0316057027221883	0	0	0	0	0	0	0	0	0	0.561722073690274	0	0	0.715541784268827	0	0	0	0.578740444228889	0	0	0	0	0	0	0	0	0	0.207240724855402	0.703441487911043	0	0	0	0	0	0	0	0	0.551409074272003	0	0	0	0	0.587154610999095	0	0	0	0.547680039260644	0	0	0	0	0	0	0.486041361285295	0	0	0	0	0	0	0	0	0	0	0	0	0	0	0	0	0	0	0	0	0	0	0	0	0	0.279385117524846	0	0.100116668686753	0	0.0381324076088536	0	0	0	0	0	0	0	0	0	0	0	0	0.322419372590239	0	0	0.872725801416027	0.918082577795088	0.951262685162988	0.811930009201458	0.837934278630159	0.896924362045827	0.812541138209329	0.753680524515058	0.863457601697512	0.793346868564632	0.812762237083057	0.855314452087311	0.829023160976674	0	0.914732867035209	0	0.70968894898549	0.869444470980133	0	0.371107228610271	0	0.622354500573105	0	0.706057033069004	0.594083095372992	0	0	0.666719560218846	0	0	0	0	0	0.368448059198059	0	0	0	0	0	0	0	0	0	0	0	0	0
SRR5930503	1.75824011819189	1.18363017422885	0.185825456492663	0.141455554659747	0.193838896150442	0.604296333970753	0.303089021234573	0.180106094009339	0.120402581425851	0.108475241374591	0.152647019017436	0	0.463248957946333	0	0	0	0.196165395252729	0	0	0	0	0	0	0	0	0	0	0.178952576962202	0	0.145669040126666	0	0	0	0	0	0	0	0.546942933634979	0	0	0.10734698335681	0	0.084103042873055	0.124594806543878	0	0.206499073900256	0	0.180449885183345	0	0.0617926604976272	0	0.188086364414091	0	0	0.0826117604548169	0.713000279081415	0.048387803927721	0	0	0.0438057814558241	0	0	0	0	0	0	0	0	0.346812917688753	0.0857038625548824	0	0.176789011544451	0.186426511953118	0	0	0	0.188086580503884	0	0.183506659332516	0	0.18675949036803	0.170618890645196	0.17063313519318	0.18522258222423	0.652912750141711	0.0622068428235284	0.186274574038058	0	0.168373142346178	0	0.269700394438422	0.161202980401786	0.156899933679417	0	0.364959990636014	0.134738410254829	0	0.190057520959605	0	0	0.0621804710561681	0.172507577570836	0.507307968510876	0.362247736864051	0.0524012400743119	0.160873632866819	0	0	0	0.184120157315375	0	0	0.146383244137626	0.154769724236891	0.159796241345246	0.119658372170942	0.171862245107279	0.170158732387106	0.220428897797763	0	0.0631941173967158	0	0.224659043164177	0	0.0612773616318986	0.150877007375332	0	0.0973136469472254	0.0549453787662467	0.149742677665729	0	0.161908521027834	0.0502881981303291	0.146035697140493	0.153221962291046	0.168804924823605	0	0.179098949742908	0.157202787661546	0.166570897945906	0.154041920527829	0.184144604138188	0.178576820405962	0.172090841785374	0.503929394277711	0.185097449838633	0.0711727989446225	0.162323342312689	0	0.158836363505235	0.148328057235635	0.188885307412924	0.213936634177519	0.158257529408891	0	0.144679137123527	0.158261595428945	0.0595423459657467	0	0.148441496446673	0	0.132420653308888	0.0830482107530214	0.211850702709254	0	0	0	0	0.147338634592453	0.167591825591827	0.33806005323674	0	0.140230023854944	0.0531182914357963	0.14645185075407	0	0.217638928420471	0.112516467232181	0	0.140926025585414	0	0.182522436831765	0	0.149246068009784	0.0763132354692655	0.0619702095394425	0.144255593035435	0.0957026979484047	0.131870296774823	0	0	0.0659626488251671	0.0696419009638568	0.0311891170830202	0.0519685476069112	0	0.0655809369300409	0	0.0546810487611756	0.0901993237079455	0.0922667701813393	0	0	0.0450478721311722	0.130034006474491	0	0.0486071771170318	0.0903465304024211	0.0860550802036866	0	0	0	0	0	0.0673429510937454	0.0746930614390758	0.0499289166874145	0	0	0.0532653866581854	0	0.0470871749434518	0	0	0.080991479753375	0.0496943446671406	0	0.0848571217311285	0.113020091035593	0	0.0588865408100031	0	0.0836139735854012	0	0.0555535544317775	0	0.0864343250190915	0.0945474744908548	0	0.06202593281645	0.131651399834789	0	0.0829019787338943	0.0750932326073637	0.0512026801476139	0	0.0803598922063755	0	0.128267570458425	0	0.0882316424440242	0	0	0.0615566851065411	0.181797392363447	0.0255071220526355	0.0771013576436691	0	0	0.0352225453946354	0.0337058759809353	0	0	0.0244642189245148	0.0325821677936461	0.0485977710002562	0.0711018083091317	0	0	0	0	0	0	0	0.0308768831295912	0.0718294452900669	0.0270406138218504	0	0	0	0.0434244220846027	0	0.037143680796022	0.03672650719131	0	0	0	0	0	0.153989567234672	0.167155645480139	0.202316195014042	0.185580808270269	0.143836212185237	0.157223141477343	0.153113823383544	0.173834968549925	0.161365258807391	0.184202975358366	0.171222511949893	0.151646591938579	0.129453342378071	0	0.146310309838077	0	0.158790743454998	0.156627290781666	0.342986812027974	0	0	0.150649996266372	0.311637574835447	0.115008412363469	0.122304311764623	0.262795493221941	0.265804851403971	0.113299067945686	0.25904579213628	0.264009120239016	0.162579011867946	0.194267981202563	0.0809128326330065	0.143951695292774	0.25112542061859	0.093051878924207	0.0447457549590861	0.0457374197767241	0.0762922268682077	0.0355400731049048	0.0362079400256387	0.039710418073083	0.0342712209694268	0.0332716041823973	0.0406665800630279	0	0.0374922676232931
SRR5930504	0	0	0.368684126817936	0.332680859323825	0.280995456972185	0	0	0.347328448831882	0.307487356182775	0.235242994751254	0.521443554029754	2.95033238178113	0	0.404789276224916	0.63081276739245	1.68664430074968	0	0	0	0	0.415222993405087	0	0.386584674855068	0	0	0	0	0.375417841421078	0.0341718553487976	0	0	0	0	0.359553657774622	0	0	0	0	0	0	0.14538299645349	0.74837534366865	0	0.382905140102395	0	0	0	0	0	0.64309212921403	0	0	0	0	0	0	0.181739881924179	0.305309460198272	0	0	1.30110378996314	0	0.175282334912981	0	0	0	0	0	0	0	0	0	0	0	0	0	0	0.231378966809625	0	0.576869792298126	0	0	0	0	0.889258230808636	0	0	0	0	0	0.668249442273462	0	0	0	0	0	0	0	0.0534781043123996	0	0.677750124915196	0.6112007800282	0.662470178473292	0	0.681152457126228	0.576155159225914	0	0	0.345818053760954	0.628412523192763	0	0	0	0.554521993544011	0	0	0.655552442094638	0.611314324280454	0	0.0488789306053456	0.62621381427628	0	0	0	0.673297835962344	0.601321521800524	0.0452988876943395	0.588042754872419	0.628022619457933	0.565573021845573	0	0.574340578534735	0.603283974136895	0.729032317970107	0.651084629577624	0.587026731736322	0	0.609813381336261	0.524403353207718	1.21998603538913	0.576221359665964	0.576682166064354	0.548060476681596	0.546424506025624	0.654064742322538	0.589843053875379	0.62433522480109	0.577181280408468	0.301905019457893	0.511932128558076	0.522250306474353	0.583074938480262	0	0.539697057055275	0.117636079813862	0.541275852542359	0.54758014376864	0	0	0.53913297544876	0	0.595353727530826	0.590614424340895	0.63716431073666	0	0	0	0.0998267152109582	0.612762195513426	0.572653784957531	0	0	0.569441805706018	0	0.60408112910596	0	0	0.409761846418862	0	0.551840934003461	0.138988892210605	0	0	0	0	0	0	0	0.552335933478877	0	0.119043258901412	0	0	0	0	0	0	0.0849810648888321	0	0.139707775908265	0.653718779282265	0	0	0.487993149773254	0	0	0	0.689318513679831	0	0	0.0307479149040627	0	0	0	0	0	0	0.0719987290303222	0.474927749484521	0	0	0	0	0	0	0	0	0.605356580334957	0	0	0	0	0.645621143711933	0	0	0	0.635395244220834	0	0.0754895936820384	0	0	0	0	0.603053219475871	0	0.0340292797656082	0	0	0	0.339502613759688	0	0	0	0	0.514167719711281	0	0	0.043475153585815	0	0	0	0	0	0	0	0	0.230512584171907	0	0	0.0533838672787995	0	0.0762994936648557	0.0399084831340857	0	0	0	0	0	0.0656112569392558	0	0.269598320669759	0.0816536049118569	0.259323713945629	0.293251400177169	0	0	0	0.249596721819979	0	0.527617084544241	0.528536919456357	0.520013225065854	0.499445537700679	0.520145342900564	0.517428394564979	0.488891284360803	0.500772869378414	0.591952242195963	0.533626921226889	0.53613654593089	0.473419719888968	0.428531356964036	0.209377539075075	0.46009007071998	0.0960609923667847	0.420577940627153	0.512745500885965	0	0	0	0.479985821640772	0	0.444918566056061	0.530672866530487	0	0	0.48319025418271	0	0	0.381576767146673	0.45693853274969	0.355525786575821	0.460312860214822	0	0.37792081557053	0.322321192412824	0.341725952154046	0.330282435689502	0.304802697585242	0.276921923527945	0.30175530436542	0.256730005028888	0.281081079724129	0.272841447870604	0.254933152964086	0.270849004732008
SRR5930505	1.34518421502838	0.814358870778382	0.496175634423037	0.467613887860529	0.542865397088184	0.485296462248784	0.0839064682988354	0.490507089631133	0.374199987351082	0.448773319277511	0.395906962762092	0	0.357957744441566	0.242858073784092	0.0881658004391879	0	0.23409065885769	0	0	0	0.229520302032601	0	0.274409381772677	0	0	0	0.231074917678829	0.152355703238657	0.175970401465848	0.0901024551685998	0	0	0	0.0906461468513953	0	0	0	0.417428658775326	0	0	0	0.0975506626284469	0	0.190074019785611	0.0716416242900315	0.142390786886661	0	0	0	0.25683465401349	0	0.12811474580965	0.0546605824677794	0	0.259052618584175	0	0.100735864222507	0.0731184339818267	0	0	0.430276821176575	0.0733296563262041	0.0635612239981273	0.0819051369680565	0.0866512088870734	0.0947593763668703	0.0727769894260425	0	0.0357034924620327	0.173721780252221	0	0.0989976851209833	0.103003122105758	0	0.0761036053972144	0	0.0949086075040192	0.122592693007965	0.0944401837519841	0	0.091849590100413	0.091843804471458	0.0924977587281463	0.0994790777866696	0.172519771901002	0.0570819528578241	0.0971492199856208	0.0775158307791488	0.0859581115362695	0.0413282183367783	0.510631793111722	0.0841340242646133	0.0800308768416327	0	0	0	0	0	0.0376577111623904	0	0.050163430115151	0.440808824143798	0.153906838157493	0	0.0423800130833194	0.430590827159093	0.0426512874397226	0	0.300033433909422	0.440259787630437	0.0382309471003575	0	0.0803555792796124	0.369993821455255	0.0785433580992204	0	0.458687898514221	0.413040671926566	0.0642753796916044	0.0381892770658277	0.0479764877502008	0	0	0	0.039899994152712	0.407216346075993	0.0441668714225705	0.0621538279847476	0.0409030973607141	0.355936205447398	0	0.408744989511009	0.0403456572921341	0.392165833515653	0.419682363045592	0.39926648934562	0.187595398183656	0.380826279801469	0.358512779622571	0.400416351118059	0.377830956684225	0.367845852875776	0.401778116598432	0.373748450678299	0.136372898436606	0.39621173308502	0.0453862649499408	0.373301823503244	0.247899664312268	0.361812813548048	0.363461524103367	0.404299451568793	0	0.375575989208254	0.0364061040856012	0.349045467331562	0.420823484189834	0	0	0.367170629269129	0.292665513040064	0.379958333081551	0.0501723121818956	0.512681701799346	0	0	0.0452010961127582	0.040494348180934	0.413049846777242	0.376369705263019	0.0802035958565441	0	0.375675586579786	0.169420757251944	0.393869474976395	0	0	0	0	0.359674957925494	0	0.109374646543209	0	0	0.179107589377257	0.179700515743528	0.0405499988653244	0	0.366171227436576	0.224698769728241	0.0252548801217462	0.165521969243853	0.159258007096794	0	0	0	0.175719381191928	0.0373734308865091	0.164325201512288	0.129041751475903	0.429711014777602	0.051956234695118	0.205921356708351	0	0.0346657913243437	0.055617900722857	0.147459513023561	0.391058899890609	0	0.0540838020699638	0	0.0527243815180794	0.051276081006979	0.0534674635913055	0.173787077546923	0.156595303922611	0	0	0	0.143233875172585	0.0498179457684864	0.152178657480449	0.0505676438103844	0.073980575310032	0	0.154583657533812	0.0507391637359101	0.38066854552971	0.0735588603090394	0	0.0283833266758267	0.0511527750646965	0.378365844872501	0.0520422520813761	0.145231113787211	0	0.371230358736309	0.0513255527083605	0.0300803132640889	0.147783620656834	0	0.0493411174545629	0	0.351031033115214	0.147226902451957	0	0	0.0460231402161758	0.169532843287398	0	0.249525441355705	0.0303016517381114	0	0.149026046499923	0.336202967995689	0.0313335183425258	0	0	0	0.0317518087605984	0	0.0170183287778511	0	0.0232274785798903	0	0.124716451202855	0	0.0193581902439203	0	0	0.0371985998138818	0	0	0	0	0.04298982246728	0	0	0	0.0422507743068164	0.166187613690662	0.090514320038859	0.158616276602231	0.170616423493473	0	0	0	0.262150027954745	0	0.365691611583546	0.346376893025675	0.389974927215069	0.348459468434384	0.354980781042244	0.352824221326622	0.345928965046933	0.330588076337848	0.365295758102364	0.35672285753946	0.346088982940641	0.337872365249708	0.327963192649399	0.13104908504883	0.351491825052264	0.0327414549543748	0.303385102979893	0.356083004326547	0.285989478993435	0	0	0.291897015115701	0.268071541190697	0.303893700171209	0.275339583463988	0.240457909694381	0.296651682319378	0.292046869198978	0.252872439323333	0.231872456389229	0.289335036201182	0.303615408050009	0.03311392333399	0.333543153171095	0.229444105399958	0.261880367828876	0.0276097123317393	0.0278972392799274	0.185679285182531	0.17053762252862	0.167626289038278	0.168279548405938	0.167122797167301	0.163204861169792	0.160221345396969	0.165371917220347	0.17776339166361
SRR5930506	0.641583617417355	0.560955265809973	0.674739580645803	0.801015200287764	0.839596041003953	0.625746275289637	0	0.578110896213901	0.482227147792954	0.557167305662141	0.525635466150492	0.392053981303236	0.503591729571786	0.349679163310881	0.334952966588343	0.339729912621854	0.445367361337513	0	0	1.67545670304898	0.336380238532789	0	0.536392369091984	0	0	0	0	0.22208656654281	0	0	0	0	0	0.331247566128207	0	0	0	0.267868287228309	0.0635919121173895	0	0	0.271344042728642	0.447169478486676	0.19667243235807	0	0.222507128298223	0	0	0	0.243982473425395	0	0.195009457024951	0.07258843936045	0	0	0	0.199326895344233	0.255565067707508	0	0.239080871440938	1.46547945651216	0.0867814251222193	0.0480842727189589	0	0	0.157476685638971	0	0	0	0	0.231095330673601	0.203529170557706	0.196753572598445	0	0	0	0.207436329377844	0.56603425436057	0.197270999175195	0.776869269506405	0.188407334375229	0.193661684504611	0.18780364582218	0.187965770675279	0	0.203264172399159	0.193655966465727	0	0.188085545543147	0.164306586070992	0.52507989908439	0.176650903603682	0.171148375439961	0	0	0.240447755452151	0.219905996818243	0	0.106574154380183	0	0.0543808156956065	0.479828520330208	0	0	0.0440388048929907	0.485668919955396	0.147923624666524	0.0511161163432953	0	0.514378849249164	0.168270318708723	0	0.170228056241504	0.741719848852948	0.161846720192198	0.205773757738171	0.464770624071159	0.45958791093373	0.0986728243448592	0.0929991783982889	0.048041437526292	0	0.124142325514455	0	0.0424781874372689	0.430122515879497	0.137493765710021	0.0928773723561419	0.0456290392821275	0.481483374050966	0	0.428163723461967	0.0474903774025442	0.426870371265693	0.502353334956706	0.491830156572227	0	0.428581938655504	0.450982413088426	0.423895354154654	0.488294838452971	0.455263194626543	0.439324892278351	0.449631098520624	0	0.428088850838639	0.0419745943100645	0.550437670550712	0	0.571333449686787	0.532064020382934	0.496902506359355	0.116867870631827	0.590314058831458	0.0880089538852394	0.538904435208435	0.465737549955947	0.376210969159012	0	0.417920002686402	0	0.395498186439663	0	0.420067578011181	0	0.146360238477763	0	0	0.447887743849168	0.407480063045257	0	0	0.363852076322202	0	0.484325241621646	0	0.14211131652063	0	0.121996795911584	0.444645506246827	0	0.150682631360208	0	0.218823661924761	0	0	0.0731578595704409	0	0.411283048375682	0	0.0725016006437456	0	0	0.247412541448136	0	0	0	0	0	0	0	0	0	0	0.0746137746911559	0	0	0	0.353618895590385	0	0.122410511656468	0	0	0	0	0	0.401597316549681	0	0	0	0	0	0	0	0	0	0	0	0	0.130443580934969	0.129055686770518	0	0	0	0	0.124342876454242	0	0	0	0	0	0	0	0	0	0	0	0	0	0	0	0.0356054150989407	0.11099049189814	0	0.313363275397377	0.0903718806265474	0	0.0441304706183848	0	0	0.198207771006895	0	0.0352274500671765	0.0960026733698609	0	0	0	0.0830706593066533	0.102977121835678	0.102332884870456	0	0	0	0.0540066186474681	0	0	0	0	0	0	0.0487660010666787	0	0.0338059060647753	0.0445763396641935	0.0631414224700121	0	0	0	0.202406353643083	0.494748366252887	0.476467266104323	0.4087847609704	0.508309152617887	0.496334456549325	0.395289363283114	1.67495992985158	0.411324909908511	0.428275400007079	0.448554092977676	0.488434756632913	0.471738400598437	0.414526346248257	0	0.355764202611735	0.0790510281133833	0.498087773738772	0.436551711568118	0.475341641217729	0	0.127026580658683	0.333001623188534	0.418236620429292	0.343093218180592	0.293176469759415	0.382001880152317	0.421466261502903	0.34393849728467	0.384795275903987	0.352926874940275	0.322475329041336	0.345948351474275	0	0	0.394189063636051	0.175655401551046	0	0	0	0.0392843354838757	0.0372679810589039	0.0543004718004762	0.0417624550541016	0.0352264761959299	0.040391390629514	0	0.052211414385116
SRR5930507	1.53290180629781	1.05886768176937	0.852165313771044	0.734549782349811	0.704314499381864	0	0	0.678228729265605	0.645002385682076	0.642710956875558	0.653484930112368	0	0	0	0	0	0	0	0	0	0	0	0	0	0	0.0683613620133425	0.472803583528042	0	0	0	0.0590145236577023	0.0618676564320347	0	0	0	0	0.0627513192409553	0.502321916816626	0.0462002624610552	0	0	0	0.111256482792999	0	1.2678833080142	0	0	0	0	0	0	0	0	0	0.127009775136736	0	0.10175880344957	0	0	0.162724227747436	0	0	0.0581094847069068	0.373536247247529	0.420418613605005	0	0.405994573252253	0	0	0.158470776963944	0.147994826063917	0	0	0	0.500354952451777	0	0	0	0	0	0	0	0	0	0.124294156671296	0	0	0	0	0.219243112129141	0.684596550475697	0	0	0	0.419949550165627	0	0	0	0	0	0	0.623020011562994	0.149107931486365	0.401248698582553	0	0.582961090156767	0.171615387766441	0	0.222641608563684	0.576668544942573	0.171664898183616	0	0	0.515110057031504	0	0	0.622671653922404	0.607391565927573	0.511752470212256	0	0	0	0	0	0	0.582026404581762	0	0	0	0.470258726766309	0	0.568087315189238	0	0.487169138076419	0.525073792943814	0.585858944961067	0	0.490593936193835	0.46562663754839	0.475458073376917	0.507057175587592	0.518212973993651	0.58012545443578	0.457394513994021	0.115496074691954	0.499328052329864	0	0.500187811005215	0.170626848045497	0.482005240296885	0.481829416380049	0.526096168621321	0	0.499819812002676	0.0252985721065505	0.455673243641666	0.506644704801207	0.186729553426059	0	0.494360256208296	0	0.422801184493411	0	0.575816222511552	0	0	0.173001683654357	0	0.525940991505701	0.516162189918713	0	0	0.569009414199009	0.0400268335925536	0.492769584311991	0	0	0	0	0.451423927544736	0.0497085409491885	0.493416931393776	0	0	0.0723801098643495	0.043476656517369	0.410794685450616	0	0.459419924697532	0	0.0259725611734503	0.0424720625814286	0.0376748078040096	0	0.0965834103238622	0.166672793342576	0.0427468750157815	0	0.0425580804610939	0	0.414615911612751	0	0	0	0.377784487107698	0	0.0411742044775711	0.446218364222153	0	0	0	0	0	0	0.0533408891846475	0	0.12527569728339	0	0	0.0407095121519204	0	0.0389633086521259	0	0	0	0.0430077644238157	0	0.404644852330077	0	0	0	0	0.399529797240708	0	0	0	0.387828503665791	0	0	0	0	0	0	0.344635117955485	0	0	0	0	0	0.0869189169229281	0.731151604338271	0	0	0	0.401219387388103	0.0289583855597797	0	0	0	0	0.097685964998194	0.058273290139961	0.106784377818377	0.0510985196764449	0	0	0	0.0293508708404311	0	0	0	0.0207151521353589	0	0.0267626845130102	0	0	0	0	0	0	0.252236759786358	0	0.262269392022901	0.289319645488823	0.0327779600299068	0	0	0.452346641573477	0	0.474960022840969	0.483653478441614	0.508384902044557	0.458677288385542	0.469490264443769	0.458149821245541	0.455824051941962	0.46834635556127	0.503586964303091	0.449381306593553	0.475328478313577	0.415081597214331	0.442955103210319	0.375644592344998	0.518563212193016	0	0.443594588396939	0.429938189619856	0.198458769161669	0	0	0.381302108053721	0.198665456525769	0.371062314946983	0	0.186647751994773	0.280880306453442	0.354441493769369	0.188123844006705	0.165104687437172	0.385769044249136	0.34079361278437	0.156026181706469	0.365659436313479	0.140123995193574	0.36770084824616	0.135852916821267	0.132330998999801	0.308339741001258	0.280753014497402	0.277290458402241	0.28804151620885	0.28399969089883	0.2553291540313	0.304226820357771	0.25732124531636	0.282272868745205
SRR5930508	0	0	0	0	0	1.01976909723317	0.35842575116664	0	0	0	0	1.09004961054006	0.815413745976664	1.80785492327713	1.25278902819444	0.785329074855363	0.334160341864573	0.0756129392582792	0.243346930339594	0	1.19573675983014	0	1.21957825773586	0.0563316086202483	0.0848188583381565	0.20547910283083	0.137754519059642	0.16775586476967	0.306524182886257	0	0.175539396110133	0.180513164607125	0.0487493349409279	0.0658900416477124	0.076284426529647	0	0.181525530380392	0	0.180624099600304	0.184366020945275	0.112055100847946	0.161159792483033	0.539765177026031	0	0	0.434001463060007	0	0.0374648434712341	0	0	0	0.420007486669124	0	0	0.521796949711094	0.0400146615289595	0.240420800466604	0	0.137304054859064	0.310561531006369	1.42282501636497	0	0.491842289321851	0	0	0	0	0.133626406676999	0.060464087963812	0.412983769388999	0.309101558300205	0.740661833788624	0.688198179357313	0	0	0	0.649984057102423	0	0.695233919620705	0.673649317979293	0.657760013055994	0.639296644041279	0.646245117402577	0.618531087626747	0	0.12157209562582	0.633565064397072	0.158662599363508	0.612665429019383	0.192236106596961	0.377866796187697	0.553199004078318	0.588322872510375	0	0.64373030369291	0.0456645391517511	0.291576251807104	0	0.0679232407055289	0	0.33835467239624	0.28664962452626	0	0.618215989023738	0.289304694553359	0.287698974852507	0.194536855878227	0.302482760719312	0.0960429414036307	0.328047390910749	0.220940346674374	0	0.483109238541159	0.258861111882903	0.488490886402208	0	0.295273794420254	0.291699772321076	0	0.0697687698023529	0.267061126811504	0	0.070140754259211	0	0.265203250756639	0.26225992774055	0.0542914840146092	0.260421594997517	0.267162569776666	0.244293909552142	0	0.249997210852298	1.15178784997865	0.245912785650096	0.258429398374468	0.286666963088435	0.342877839207877	0.234720391776209	0.283841116906035	0.258042979276906	0.237671730660271	0.284239104466156	0.273508946378814	0.244124944011311	0	0.258319534865463	0.278426415914053	0.256815961944777	0.0768791172022059	0.291291489832674	0.230039969149558	0.27063293473803	0.0808607642764661	0.257253425467317	0	0.238097475644614	0.274996973164669	0.170434470568038	0	0.254497985940773	0.320232940939428	0.238204045170058	0.248692276917846	0.266822925595991	0	0	0	0	0.254495307604914	0.241080216669101	0.0648996137580207	1.63990599859018	0.229524179351307	0.0656622980833071	0.239341560437319	0	0.0932885785527732	0.181631265543503	0.125273022756464	0.240865016422079	0	0	0	0	0.0707502407704819	0.06653338668367	0	0.117154351247581	0.217116830844153	0.169508116658254	0	0.0640081642955358	0.0660933786329131	0	0	0	0.0814294476619664	0	0.0629933507533424	0.180163088003245	0.0533752437543572	0	0.140720670960336	0.212139562903035	0	0	0.0527262679853382	0.0389697464910053	0	0	0	0	0	0	0.0757378460742288	0.0735502307468552	0	0	0.198816696819715	0.0568293548090631	0	0.0528633419919128	0	0	0.125724976942524	0.055581064258534	0	0.0412772235825276	0	0	0	0	0.0408851826968565	0	0.0608066013497653	0	0.040827372694663	0	0	0.0678612376156976	0.111639764582099	0	0.113767352130862	0	0.0522114701809259	0	0.114427694985196	0	0.125905116424573	0	0	0	0	0.0695866875046876	0.222256865950774	0.0467452105504607	0.108651359842804	0	0.0376065695711826	0.0601948522783408	0.0888191700733302	0.191708224357487	0	0.0448242608289083	0	0.0516213918527314	0.0452547732979838	0.0454339348600064	0	0	0	0	0	0	0	0	0	0.25497103244009	0.0435335483356893	0	0.0729368196000306	0	0.0643135549949481	0.0714942036749738	0	0	3.20569610347999	0	0.0333289837710656	0.234913888240539	0.245024440878487	0.28370382434528	0.236953861720144	0.226625951277252	0.253356458065755	0.235297386831136	0.220926431544112	0.23908520133041	0.283498444424153	0.239588061894593	0.243587909259769	0.245421416519038	0	0.236634627572032	0	0.219702777041451	0.240464473066996	0.0841908241260092	1.71181042730861	0.0787517245585441	0.207896705035787	0.123511625286661	0.171547038324886	0.215078802709796	0.0699984469637654	0.104388113018022	0.182395853173943	0.0850943683558692	0.0716735542989513	0.205837661036208	0.167338405053262	0	0	0.0588065817009696	0.142020320536995	0	0	0.0957434364537248	0.0915582386001694	0.0744984085438604	0.092469170513424	0.0689694277035837	0.0687688130992044	0.074582109998686	0.0699252009900292	0.073892305246826
SRR5930509	0.3708525217805	0.45526342753742	0.686387537895161	0.33069515233102	0.344357245560206	1.15437994273826	4.72637583854868	0.366881762716565	0.285682488978402	0.271519990890798	0.341834872051708	0	1.32225151477779	1.5903611610189	0.968439045062605	0	0	0	0.0639848627893611	0.413682895922807	0.956421310237449	0	0.931164098695654	0	0	0	0.488396104533715	0	0.123665081404266	1.64797838834814	0	0	0	0	0	0	0	0	0	0	0.418146901569961	0	0	0	0.393438873021926	0.739527656694145	0	0	0	0	0	0.618158062375402	0.934034778916784	0	0	0	0.0567446809910483	0	0	0	0	0.607169041463203	0.171853090280668	0.334885947535102	0.335259906136944	0.740944566204512	0	0	0.069354106642341	0	0	0	0	0.34380764552647	0.362150277768148	0	0	0	0	1.66549338195062	0	0	0	0	0	0.878705239530481	0	0.171492691908865	0	0	0	0	0	0	0	0.185097237079531	0	0	0	0.395276618912399	0	0	0	0	0	0	0	0	0	0	0	0	0	0	0	0.171352998332537	0	0	0	0	0	0	0	0.371995706305522	0	0	0	0	0	0	0	0	0	0	0	0	0	0	0	0	0	0	0	0	0	0	0	0	0	0	0	0	0	0	0.275404061881722	0	0	0.898345407773524	0	0	0	0	0	0	0	0.0830576753330291	0	0.176365459421013	0	0	0	0	0	0	0	0	0	0	0	0	0	0	0	0.16272961120983	0	0	0	0	0	0	0.21512951552938	0	0	0	0.480886154265811	0	0	0.153150713997094	0	0.180343340905174	0.0894436264230795	0	0	0	0	0	0	0.0599487094210329	0.232907792754922	0	0.223221470400894	0	0	0	0	0	0	0	0	0	0	0	0	0	0	0	0	0.0626195695862877	0	0	0	0	0.0748943413711171	0	0	0	0.0610971327126114	0	0.128675963514595	0	0	0	0	0	0	0	0	0	0	0	0	0	0	0	0	0	0	0	0	0.231240699162972	0.51130318733682	0.0595919064103085	1.32884703983711	0	0	0	0	0	0	0	0	0	0	0	0	0	0	0	0	0	0	0	0	0	0	0	0	0.140789617027374	0	0	0	0	0	0	0	0	0	0	0	0	0	0	0.123048252223054	0	0.193962643554974	0	0	1.68218789543545	0	0	0	1.54865181946633	0	0	1.37355111144627	1.22805747091347	0	1.42181766297959	1.36014448209949	0	0	0	0	1.36311982786648	0	0	0	0	0	0.0936950733144109	0	0.0952271633543081	0	0	0.134030637575612	0
SRR5930510	0	0	0.57018839808284	0.495074341633946	0.542159829695355	0.570425446019382	0	0.453717544766915	0.395366859539422	0.465571407096172	0.450669733399721	0	0.438315452152152	2.33656455187932	1.5136701094401	0	0	0.133654338177105	0	0	1.39343792268618	0	1.31781690007951	0.104982949015252	0.102697070816594	0.107329642438463	0	0.424099480612086	1.07172409853558	0	0.0940869596402576	0.0983287454146193	0	0	0.366186440363676	0	0.0916299486998394	0	0	0	0.993625933147193	0	0	0	0.15067301019816	0.29243028773555	0	0	0	0	0	0.272294104635241	0	0	1.03177167768981	0	0.0870290479292824	0	0	0	0.622842801710563	0	0	0	0	0	0	0	0	0.691062792820651	0	0.102101096533357	0.100717135608645	0	0.235490277523043	0	0.106084098214503	0	0.0979298475954745	0.480782537440801	0.0946426928727339	0.101772160415575	0.0940991890928841	0.109829455521976	0.25896635448905	0.216204152174355	0.107086149683005	0.566966845864849	0.10212821216411	0	0.570114560200947	0.0907679540792614	0.0886691540186758	0	0	0.269653253556329	0	0	0	0	0.181612817507022	0.538512795798352	0.225052649337593	0	0.172172795402753	0.536895117666563	0	0	0.556390631364046	0.605742787841976	0	0	0	0.606517894055122	0.0877219943578113	0.22330595060403	0.531158771731333	0.527885592932451	0.295298205797717	0	0.177606118665862	0	0	0	0.181823198150134	0.481432885815508	0	0.181915925246087	0.173055729570048	0.53509126270262	0	0.498607620617894	0.16050687728368	0.517745165469922	0.562776767089226	0.559033079274989	0	0.535918037082189	0.532195487528664	0.501983969953634	0.554160032553593	0.478584896668025	0.474895412712112	0.51917979759771	0.20975753471733	0.514345034387954	0.162762641620593	0.564912114703514	0.491046949474385	0.576841451154616	0.557518151845924	0.559671187984713	0	0.57726894239651	0	0.527343620831976	0.474846923521671	0	0	0.477033008681727	0	0.545203284897905	0.168606625885789	0.461343695516424	0	0	0	0	0.502487745027598	0.479628223702714	0	0	0.486401879793329	0.380649835333121	0.497398444967587	0	0	0.135793723704598	0	0.517200503903085	0	0.316951671892656	0	0.210671378511567	0.36282804285828	0.379418745782489	0.213426426365694	0	0.452399136589038	0.160425552964225	0	0.362755045997646	0.339535022080818	0	0	0	0.339474316689892	0	0.400556929988224	0	0.523449747450153	0	0.146466151371009	0.134508786581944	0.189131460040237	0	0.442326169982596	0.543604821221679	0.148455106458189	0	0	0	0	0	0.365405911506944	0.287980901051561	0	0	0.135247556336916	0.423006177106587	0	0.423705879286227	0	0	0	0.48535238673204	0	0.476812144082592	0.466489592038829	0.277312912087005	0	0	0.466207300930407	0	0.259340924845986	0	0.490043466680716	0.434464362087905	0	0.2921043180352	0.108404289225239	0	0	0.438746798300009	0.528847878623843	0	0	0	0.281467900754045	0	0	0	0.10936447602501	0.280254698306375	0	0	0	0	0	0	0	0.131961421122916	0	0	0	0	0.169493352823516	0	0.109899045904408	0	0	0	0.164722759331216	0	0	1.80553628526789	0	0	0	0	0.298562297545291	0	0.299254466398828	0.336169309952434	0	0	0	0.387962467709071	0	0.538058714651519	0.478739269603212	0.468474180548352	0.503254807877118	0.532616468049847	0.449562370989596	0.571740025160173	0.548857152330907	0.500304688331276	0.477299887558319	0.53641429221289	0.456953508204133	0.457563029094923	0.333716507435937	0	0	0.505856582460702	0.476918678657134	0.661268644893934	0	0	0.417891778050343	0.627434754332243	0.394532989815081	0	0.518994563923478	1.80302658965336	0.401327307575583	0.552420510511842	0.506122998422973	0.413028580734362	0.473376858242382	0	0.417113832698395	0.444378100704682	0.376927424919141	0	0	0.303758608226843	0.334652259169404	0.32848394162464	0.300895385283421	0.320222802300782	0.282111689585558	0.314639560570964	0.316186711734714	0.298871878333188
SRR5930511	0.198805570363783	0.218029367832066	0.206565839037055	0.179583749539483	0.169107768252777	0	0	0.222889956838776	0.152988176332905	0.152033469218417	0.182943693457267	0.140508124587493	0	0	0.0846700294775397	0.13111468955211	1.28542273220016	0	0	0.0977458145883024	0	0	0	0	0	0	0	0	0	0	0	0	0.155369740834021	0	0	0	0	0	0	0	0	0	0	0	0	0	0	0	0	0	0	0	0	0	0	0	0	0	0	0	1.64048660438234	0	0.925208630789522	0	0	0	0	0	0	0	0	0	0.0733515292928598	0	0	0	0.0707699098563434	0	0	2.13016423119651	0	0	0	0.0719887955382772	0	0	0	0	0	0	0.709593929371983	0	0	0	0	0	0	0	0	0	0	0.610892426382077	0	0	0	0.677335884960377	0	0	0.496168958257346	0.650597527532844	0	0	0	0.603813483346137	0	0	0.628773991111446	0.580118867412911	0	0	0	0	0	0	0	0.592269215018781	0	0	0	0.684216339354331	0	0.588369554561806	0	0.563545215176559	0.704219799586147	0.667490814392961	0	0.625698598848364	0.584094814953014	0.576605720144626	0.585603697269439	0.576903449915496	0.560138650979529	0.570810126192224	0	0.594744115712069	0	0.615621584947454	0.432520151791805	0.570180751774374	0.567259716843331	0.629272694438411	0	0.607055938762927	0.067225468758697	0.554402020431841	0.566426963637598	0	1.7997330771645	0.5448701985725	0	0.542836404480967	0	0.565420357133401	0	0	0	0	0.591932136106394	0.636875567380501	0	0	0.531544940258168	0.371780579906811	0.594581090387818	0	0	0	0	0.580572222295126	0.256445092942605	0	1.62823006257891	0	0.386871132409852	0.394362408358288	0	0.121292402042003	0.532842545874644	0	0.0632839663773406	0.397629799735894	0.380813834713535	0	0	0	0.392931162966556	0	0.357532523593883	0.370422959293065	0.838047003533155	0	0	0	0	0	0.327730637467677	0.771657010093777	0	0	0	0	0	0	0.36561371031693	0.375539882030569	0	0	0	0.333956377648042	0	0.324882756159735	0	0	0.127271554617244	0.319362228997321	0	0.726104852450153	0.168104310348503	0	0	0	0.717160385859018	0	0.344245021696566	0	0.719695354410113	0.15201683025063	0	0.348824931425067	0	0	0.117923975824036	0.698438645475356	0.307116495510421	0	0.122139116172457	0	0.355956893262761	0	0	0	0	0.292938851146168	0.442869978682447	0	0.107910405687782	0	0	0	0	0.107721080569668	0	0	0	0.315594071371567	0	0	0	0	0	0	0	0.0704998686182145	0	0.109749948677787	0	0	0.0610895105107046	0	0.165464102546586	0	0.159066583176088	0.160876615704981	0	0	0	0.371793463683895	0	0.560171642579245	0.535829535936239	0.557676533268053	0.559887275978725	0.576691578393312	0.498894406480915	0.575519535586234	0.586793684922331	0.559839797593427	0.570432531976211	0.559038427393714	0.535936023364014	0.511084143742523	0.320021945918827	0.486897392061814	0.0623214956764493	0.503358120155338	0.48673260028663	0.64232919960137	0	0	0.432297036353167	0.627062347051553	0.467975709352011	0.466798920518028	0.453550093677159	0.506726073627501	0.435196078045692	0.43247602830647	0.432346925100198	0.450308904441467	0.453038503552857	0	0.535757589078053	0.389815278928921	0.376279972378469	0	0	0.197684732391575	0.156330053970639	0.170286451732831	0.170772913935845	0.165735902150654	0.147294470845796	0.160117380925264	0.189031098040403	0.182797906310462
SRR5930512	0.0730084833339436	0	0	0	0	0	0	0	0	0	0	0	0	0	0	0	0	0	0	0	0	0	0	0	0	0	0	0	0	0	0	0	0	0	0	0	0	0	0	0	0	0	0	0	0	0	0	0	0	0	0	0	0	0	0	0	0	0	0	0	0.176808510414557	0	0	0	0	0	0	0	0	0	0	0	0	0	0	0	0	0	0	0	0	0	0	0	0	0	0	0	0	0	0.795125078618612	0	0	0	0	0.097521432942544	0	0	0	0	0.0920002365084516	0.776004132240938	0	0	0.0830190900315061	0.665853022917538	0	0	0.985924340245195	0.705384795399041	0	0	0	0.586009816371336	0	0.0800164108631907	0.733339994670558	0.674827885726135	1.04731099648904	0	0.0944449817412273	0	0	0	0.0845673287895421	0.793282591806483	0	0.0950138141997613	0.0753289166225731	0.606836802895527	0	0.672009183815335	0.0742202157079986	0.674089571269728	0.658957025766831	0.631692705604334	0	0.584778726311414	0.600569133069169	0.65108659279824	0.619477706313424	0.618309529972725	0.670346909752107	0.624881500431515	0	0.659097727961027	0.0855200466687003	0.56770700310768	0.812123892171799	0.545806546281426	0.597792783056139	0.64836580770271	0	0.573960463755976	0.107314192342138	0.533995377209969	0.662593121226085	0.189549374824175	0	0.610746656868574	0	0.609990944479792	0.0850487182765931	0.656835562611464	0	0	0	0	0.629592923725363	0.609064365070351	0.306245738960391	0.820019514181335	0.662444707697644	0.55272468703884	0.579949988736531	0	0	0	0	0.56040776042727	0	0.852041901817365	0	0.104392413294471	0.548234047724288	0.549408959512265	0.78272382655673	0	0.537807172585004	0	0.0818470395889946	0.518912850795164	0.474524745718367	0	0	0	0.488116894723339	0	0.547019949149903	0	0.161154242606776	0	0	0	0.72301729089277	0	0.397723257765566	0.134362471681293	0	0	0	0	0	0	0.451303599460253	0.502271972237109	0	0	0	0.410602291036813	0	0.4224977490277	0	0	0	0.432999469762887	0	0.141570084119617	0.201291973971858	0	0.319043183161855	0	0.141452238314121	0	0.382839231326125	0	0.146392150950965	0.154937805892617	0	0.395264225687189	0	0	0	0.118421747695045	0.409723482028191	0.0879548181915545	0	0	0.37647345645878	0	0.18924332746025	0.101973560150208	0	0.354728892532758	0.565135382268365	0	0	0.0501494740284839	0	0	0.549197142818024	0	0	0	0.155643910109585	0.343211849386673	0.345870630085716	0	0	0	0	0	0	0	0.133341140021761	0.130526405878358	0.119209832609214	0	0.0781280381636941	0.0679533175640887	0.12378336166327	0	0.128723415233914	0.12725293996921	0	0	0.461843007889821	0.556149759901068	0	0.635143837171526	0.591638362406494	0.62782712032815	0.573990411606553	0.569859842647591	0.615068579526088	0.488151843322012	0.597258067731565	0.571819548385804	0.568553119173091	0.506728755171484	0.513904996338594	0.589295350695144	0.456619019384134	0.56804599061441	0.0964029894368905	0.463541676951958	0.52703694497225	0.174076773817312	0.337096232585511	0	0.504190843392537	0.154218181786946	0.481179921647149	0.491796062050088	0.167635734819961	0.228660993279806	0.478451011908183	0.16172249396829	0.184868768273469	0.576901546931167	0.430752253503417	0	0.251445542036383	0.148302246650124	0.427511760976996	0	0	0.218092664966309	0.129655875336129	0.127042291397334	0.134704695158951	0.120948944718612	0.118396600616017	0.140405709671963	0.111035105578452	0.134324612224546
SRR5930513	6.8127768349197	3.68785123752187	4.41494366506954	2.68781139451194	2.81143585904671	0	0	2.14711139505796	2.20399635797878	2.04722697365859	2.27709644541128	0	0	3.06037761565854	4.45886586925765	0	0	0	0	0	3.03545413318297	0	2.31087702848452	0	0	0	4.05728080132763	0	0	0	0	0	0	1.21190321837204	0	0	0	2.46927649894616	0	0	0	1.28834342387325	0	0	1.18041258515536	0	0	0	0	0	0	0	0	0	0	0	0	2.2619378332335	0	0	0	0	0.402318631818574	1.06294932572665	1.28583498741655	0	1.20747009657982	0	0	0	0	0	0	0	0	0	0	0	0	0	0	0	0	0	0.766087266811394	0	0	0	0	0.368349363263322	0	0	0	0	0	0	0	0	0	0	0	0	0.610963249879683	0	0	0	0.286386822990824	0	0	0	0	0	0	0	0	0	0	0	0.191175533530195	0	0	0	0	0	0	0	0	0	0	0	0	0	0	0	0	0	0	0	0	0	0	0	0	0	0.553334770876116	0	0	0	0	0	0	0	0	0	0.280548002597133	0	0	0.375806574046151	0	0	0	0	0	0	0	0	0.271760935511782	0	0	0	0	0	0	0.543302600652592	0	0	0	0	0	0	0	0	0	0	0.515573392471651	0.531240377961678	0	0	0	0	0	0.485758102726319	0.477347522226346	0	0	0	0.485166526302839	0	0.493981009953919	0	0.285808766506405	0	0	0	0	0	0.45026734249537	0.253920767828852	0	0	0	0	0	0	0.439411434927614	0.453066176019525	0	0	0	0.407229106362773	0	0.435017969403957	0	0	0	0.437691366444955	0	0.292301938045535	0	0	0.545651741015413	0	0.249761652243811	0	0.395610901850923	0	0.2762737088996	0	0	0.438945211790592	0.365457551411136	0	0	0.255444357045309	0.438172803333913	0	0	0	0	0.33549230934482	1.06622307997619	0	0	0.392108054357267	0	0	0	0.422015657623691	0	0	0	0	0	0	0	0.372923058336051	0.478820395749307	0	0	0	0	0	0	0	0	0	0	0	0	0	0	0	0	0	0	0	0	1.13702430112181	0	0	0	0	0	0	0	0	0	0	0	0	0	0	0.991563052004854	0	0.233224326412946	0	0	0	0	0	0	0	0	0	0	0	0	0	0	0	0	0	0	0	0	0	0	0	0	0	0	0	0	0	0	0
SRR5930514	0.247844715415303	0.260879730801609	0.517399511831342	0.383764041934158	0.40137474458408	0.135567129467472	0	0.484250729492483	0.356814484585247	0.360885899937701	0.358710635357594	0	0.16133276952932	0.288971452451946	0.167701172379996	0	0.303917641175481	0.69443554147407	0	0.170187031477417	0.172578663944676	2.64513946166573	0.231526058874432	0.525840349670064	0.495883970365993	0	0	0.536153872118638	0.211496734975062	0	0	0	0	0	0	0	0	0	0	0	0.176727275238032	0	0.105303190458344	0.132143676754375	0	0.0952055149111966	0	0	0	0.093891231058036	0	0	0	0	0	0	0	0	0	0	0.417141852321934	0	0.0760280183696868	0	0	0	0	0	0.583888029627409	0	0	0	0	0	0	0	0	0	0	0	0	0	0	0	0	0.361187523192334	0	0.107987222887159	0	0	0	0	0	0	0	0.617520515836594	0	0	0	0	0	0	0	0	0	0	0	0	0	0	0	0	0	0	0	0.50927611663414	0	0	0	0	0	0	0	0	0	0	0	0	0	0	0	0	0	0	0	0	0	0	0	0	0	0	0	0	0	0	0	0	0	0	0	0	0	0	0	0	0	0	0	0	0	0	0	0	0	0	0	0	0	0	0	0	0	0	0	0	0	0	0	0	0	0	0	0.541591130738326	0	0	0	0	0	0	0	0	0	0.922722281056517	0	0	0	0	0	0	0	0	0	0	0	0	0	0	0.386148453569626	0	0	0	0	0	0	0	0	0	0	0	0	0	0	0	0	0	0	0	0	0	0	0	0	0	0	0	0	0	0	0	0	0	0	0	0	0	0	0	0	0	0	0	0.122775910449574	0	0	0	0	0	0	0	0	0.0700550830923569	0	0	0	0	0	0	0	0	0	0	0	0	0	0	0	0	0	0	0	0	0	0	0	0	0	0	0	0	0	0	0	0	0	0	0	0	0	0	0	0	0	0	0	0	0	0	0	0	0	0	0	0	0	0	0	0	0	0	0	0	0	0	0	0	0	0	0	0	0	0	0	0	0	0
SRR5930515	0	0	1.38548191509471	1.38905338670287	1.4460390843139	0	0	1.32552552784741	1.10051070516091	1.61552643702863	0.989058501780704	0	0	0	0	0	0	0	0	0	0	0	0	0	0	0	0.657516542241383	0	0	0	0	0	0	0	0	0	0	0	0.383518440188359	0	2.19645058956645	0	0	0	0.543048094587042	0	0	0	0	0	0	0	0.870598451376938	0	0.186302712666479	0	0.49721549918215	0	0	0	1.60398583427434	1.1613040394322	0.373789289388112	0.552892503441893	0.465789313826578	0.771875139747935	0.480371319733505	0.254899515278724	0	0.183804055861947	0	0	0	0.832324956549896	0.530473077885541	0	0	0	0	0	0	0	0	0	0.161175371490752	0	0	0	0	0	0.954938874763027	0	0	0	0	0	0	0	0.654266771566819	0.574197529991876	0	0.973547977982233	0.129223034751416	0	0	0.963396963425432	0	0	0	1.04584319437199	0	0	0	0.995363064888	0	0	1.00132236612742	0.866152414578186	1.40779799832927	0.515054671594591	0	0	0	0.559310512092196	0	0.923230461918486	0.485081513758158	0	0	0.879588597380667	0	0.897520508418015	0	0.880978753871142	1.06227658910233	1.39996960695782	0	0.857106671004169	0.869415838630754	0.855496640532928	0.931974712381667	0.849628299015748	0.869623880153696	0.843132980589441	0.117366010687514	0.870404892657722	0	0.958668771202749	0	0.874624479736216	0.883788383431273	0.918045355307899	0	0.973294303064476	0.18329732489756	0.906776611652932	0.920626409597837	0	0.891645965266658	0.886473025815597	0	0.850801463068038	0	0.786332136944306	0	0	0	0.154703518534502	0.968258754667471	0.861028881969239	0	0.793259815106269	0.754271931358072	0.257829628364954	0.954256205248702	0	0	0	0	0.932145872301468	0	1.19738732880092	0.338289626355408	0	0.333846216938431	0.259429900946781	1.08735706882948	0	0.870932457289966	0	0.136197330197732	0.254559232871602	0.25195057014278	0	0	0	0.281082320182687	0.130300171969023	0.266664274888231	0.183907726539592	0	0	0	0	1.02820547111512	0	0.222989618816149	0	0	0	0	0	0	0	0.246951163896403	0.27701112328598	0	0.243163720783437	0	0.207283289208227	0	0.230138370812631	0	0	0	0.217411000615694	0	0	0	0	0	0	0	0	0.236052848422973	0	0	0	0.108680080284655	0.236260395333394	0	0	0	0	0.21385098489795	0	0	0	0	0	0	0	0	0.200440275153871	0.621090838250554	0.0863050722201205	0	0	0	0	0	0.279038207803905	0	0.0756833346325573	0	0.196168621606583	0	0.0885385130952091	0	0	0	0	0	0.0945514423278739	0	0	0	0	0	0	0	0	0	0	0	0	0.562397488132815	0	0	0.862363659521083	0.837757482049826	0.827623522986439	0.819332873320513	0.837716682423914	0.792401877224837	0.84090344136789	0.828589661163791	0.88527511027747	0.822979068535455	0.790558124916571	0.924736146634341	0.814524990529227	0	0.673337198285298	0.154746316809332	0.717358557827822	0.733610151434431	0	0.378237495850235	1.06777601173476	0.685992530320992	0	0.751088439777969	0.61540166396532	0	0	0.727499758809987	0	0	0	0	0	0	0	0	0	0	0	0	0	0	0	0	0	0	0
SRR5930516	0.412314083649731	0.26563626172787	0.0570868400932053	0.0598082803874475	0.0344032795932583	0.169817945556649	0.147645046198916	0.0516210198050186	0	0	0	0	0.115888876736921	0.0804917250505021	0.0470486866987513	0	0.0999353844354288	1.78725902270047	0.255823047186146	0	0.0712654392722544	1.86041553358507	0.159909806038483	1.45489346947795	1.43217602769158	1.28558707296851	0	0.0581758232703395	0.477409875986403	0	1.19771957655724	1.20084119749643	0	0	0	0	1.19051789218984	0.115669656020514	0.0497572641078461	0.158896505516801	0	0	0.0987607473083449	0	0	0	0	0	0	0	0	0	0	0	0.0930006404373361	0	0.0708276968726051	0	0.107674929215011	0.0824542804479599	0.0751162637820746	0	0	0	0	0	0	0	0.0261566560190894	0.0821582239117512	0.0557314213983732	0.304769354864921	0.301894085791034	0	0	0	0.297085057995911	0	0.296313669527725	0	0.290493892280533	0.320851320914084	0.280861219273407	0.320315062113726	0	0.0745780063060765	0.284699269714963	0.145756727434119	0.330649130021865	0	0.350560882734284	0.262805276564015	0.25407219278566	0.0248012177972588	0	0	0.0523688915169537	0	0.0369119359864145	0	0.119687775484986	0.330402481863972	0	0	0.115686094034181	0.354721742247294	0	0	0.198681131913601	0.34876469362807	0	0	0.219110029072747	0.325785830237424	0.236129447795056	0	0.350844502219417	0.318831305009487	0	0.0383556173605858	0.114564202090714	0	0.0512822427158173	0	0.107498393479461	0.306445976434255	0.0329627973925834	0.121742375104614	0.112933829587582	0.314862945325434	0	0.297578383862136	0.109009133331254	0.292717954987365	0.378628510347232	0.316672736089246	0.233839052539979	0.288885094564767	0.288843125101711	0.310787849470729	0.323183830723508	0.285142980505337	0.295809451361026	0.294072265337484	0	0.296729542569553	0.111181749517741	0.33188911920271	0.160497514003343	0.317477176470883	0.310643392514164	0.324365415473869	0.0604709181105995	0.325512381315206	0	0.311473467953346	0.314572724053551	0.045592244775566	0	0.297719946246474	0	0.290424114491383	0.11998999618292	0.302914925760016	0	0	0	0	0.386409607138301	0.28830685941506	0.0829231442241385	0	0.270240223650017	0.0356558139428634	0.336708674419718	0	0.0629722440676813	0.0885502585453135	0	0.291569692507386	0	0	0	0	0.0394791293625664	0.0370763270294431	0	0.074836536461981	0.274288245095785	0.112363520560476	0	0.0370801723157045	0.0374023498708097	0	0	0	0.0399031534588914	0	0.0311745723337497	0	0	0	0.104124268140143	0.0895087262787858	0	0	0	0	0	0	0.0394641298145082	0	0	0	0.0432763094391576	0.0410516035892251	0	0	0.084831521816352	0.0317950790643549	0	0	0	0	0.0753070405754886	0	0	0	0.182964423905372	0	0.0706578946330853	0	0	0	0.0368395832782456	0.0615712971674758	0	0.165170788727541	0	0.0353743256397502	0	0	0.0715662886988731	0	0	0	0.0713919197836648	0	0.070411300124923	0	0	0.0225854329368908	0	0.0367057387504269	0.207390026640153	0.0307489511468614	0.0656526347982022	0	0	0	0.0289426315984896	0.0700006521618657	0	0	0	0.0318121579801752	0.032227809437914	0.021639457590356	0	0	0	0	0	0	0	0.11117212123541	0	0.0312337325032154	0	0	0.039091407527972	0	0.037903942008569	0.0313935670387555	0	0	0	0.0653382177678593	0.0659881549049181	0.316067108196362	0.279631745267671	0.276045286021222	0.318367263369753	0.304683179325974	0.260195115600149	0.317294661122828	0.264297561527779	0.296110882369361	0.267164189224646	0.321864492318261	0.284178975659237	0.266793840376391	0.0556843817556231	0.261396006803769	0	0.257069807378027	0.267267549442026	0.166070995922743	0	0	0.22056807245211	0.161607881337644	0.22976175536988	0.206818955985901	0.148885094163359	0.190102473071334	0.225590628287888	0.341222257856905	0.161422178989581	0.213421499860685	0.213267133119525	0	0	0.129170743923094	0.133780629368706	0	0	0.0467941779025607	0.0325603774963682	0.03331355578463	0.0385191409382227	0.0332923038261667	0.0292785898389723	0.0386431912572242	0.0284684259820826	0.0407692440009899
SRR5930517	0	0.676511915306843	0.956991518644316	0.726339038492648	0.792386630973919	0	0.194286542245343	0.596581759204998	0.676377465949922	0.581588060943436	0.663513794312404	2.06796210161276	0	0.295127348791862	0.161169765639474	1.02718961442746	0	0	0	0	0.232750199753131	0	0.435774641282237	0	0	0	0	0.13081863377798	0.0880724398116928	0	0	0	0	0.22360612693509	0	5.47008231693412	0	0	0.183360393603442	0	0	0.556987029900981	0.244823330980488	0	0	0	6.30208403889343	0	5.34215638856197	0	4.81760623159019	0	0	4.79687218472141	0	0	0.378099163809029	0.18987245748294	0	0.173181723046924	1.63529889355411	0	0.710774019091204	0	0	0	0	0.135474746424845	0	0	0.147403326796307	0	0	0	0	0	0	0	0	0.584826026557047	0	0	0	0	0	0.246785732954828	0	0.0694517981469382	0	0	0	0	0	0	0	0	0	0.464785888580693	0.338049974954181	0	0	0	0	0	0	0	0	0	0	0	0	0	0	0	0	0	0	0	0	0.273435294941711	0	0	0	0	0	0	0.448898931774444	0	0	0	0	0	0	0	0	0	0	0	0	0	0	0	0	0	0	0	0	0	0	0	0	0	0	0	0.182702605809997	0	0	0.353565142492553	0	0	0.428569580824638	0	0	0	0.11645615396434	0	0	0	0	0	0	0	0	0	0	0	0	0	0	0	0	0	0	0	0	0	0	0	0	0	0.134280290992502	0	0	0	0.0825585453240438	0	0	0	0	0.446890556824508	0	0	0	0	0	0	0	0	0	0	0	0	0	0	0	0	0	0.43841289745613	0	0	0	0	0	0	0	0	0	0	0	0	0	0	0	0	0	0	0	0	0	0	0	0	0	0	0	0	0	0	0	0	0	0	0	0	0	0.114610789310638	0	0.207179572844698	0	0	0.196367881252983	0	0.187777621488507	0.0910794732187456	0	0	0	0.0777678509673209	0	0.139831051968833	0	0.0810539676265346	0.0778064914585914	0.187466003664609	0	0	0	0	0	0	0	0	0	0	0	0	0	0	0	0	0	0	0	0	0	0	0	0	0	0	0	0	0	0	0.16192830150926	0	0	3.89265086909525	0	0.180764100267639	0	1.48473283521315	0	0	0.954816824547884	0.888888007434536	0	0.868076709958976	0.878899574984232	0	0	0	0	0.821882577479965	0	0	0	0	0	0	0	0	0	0	0	0
SRR5930518	2.72183548350523	1.72590211562055	1.40241176537312	1.03496899847045	0.962309459232806	0.852887507896768	0	0.873425894400116	0.831276693978622	0.83098470025135	0.879436393947115	0	0.682230416712355	1.2519263724381	1.34954278171607	0	0	0	0	0	1.13313856526765	0	0.955526824986865	0	0	0.12583796243102	1.0380581622946	0.201956554300149	0.306366863531745	0	0.111614629552471	0.115230389344933	0	0.603628417965651	0	0	0.118187475528209	0.915141801274284	0	0	0	0.626516528169734	0	0	2.34473626597626	0.430015111096913	0	0	0	0	0	0.404988604425171	0.796630870676065	0	0	0	0.345237180592377	0.506888500765384	0	0	1.31362444427527	0.798293199091992	0.0417244628598758	0.903977923016637	1.02357498297044	0.785812573927064	0.999858701070288	0	0	0	0	0	0	0.850270652390136	1.1533727114963	0	0	0	0	0	0	0	0	0	0	0	0	0.69539159454177	0	0	0.603709655005697	0	0	0	0	0.306569634973167	0	0	0.236991021570502	0.851318456448841	0.151192736689126	0.483666142723586	0	0	0.155108072059188	0.509914752486109	0	0	0.0897826626128498	0.551943888435126	0	0	0	0.438592141432421	0	0.179405331244836	0.520839377420019	0.467283089844209	0.320855922057234	0.20168901176624	0.142496763095083	0	0	0.77741994355309	0.146998869577621	0.471082984800607	0.202062487240359	0.150196644311197	0.140346808842666	0.429431482787105	0	0.455902575645714	0.142427628089351	0.483407108660482	0.502036866250157	0.453347088827806	0	0.415128538322314	0.447426984876962	0.444217948024891	0.447993564015782	0.483130496791852	0.513377132005428	0.416585183879122	0	0.436842070888218	0.15088637197551	0.472129707417608	0.0765237888370809	0.428479705295764	0.406918114722688	0.482061126183157	0	0.434746714847335	0.0244272047387499	0.412009689057064	0.484687613314229	0.0659423470701575	0.103464674301387	0.448904034689277	0	0.396716918730807	0.157889387744975	0.718220949863321	0	0	0	0	0.435991243257984	0.484958132933943	0	0.164594920658215	0.412155910501861	0.0820590486760386	0.412804991136732	0	0	0.106263633865214	0	0.413762394152245	0.0512189386258466	0.324568447311498	0.0908770973091915	0.178118566043642	0.103002488947828	0.0840716419170062	0.607966366553245	0.0591945191572757	0.389567129271239	0	0.0239326983427364	0.0873733465006457	0.0834517260919667	0	0	0	0.0997345490647559	0	0.0804475797862196	0	0.132534307697252	0.208695310823819	0	0.111570534828297	0.224235053374161	0.342347773870892	0.0720243401294387	0.113769265984715	0.130452735150213	0.223109862388945	0	0.212690865616867	0.201569772628098	0.20276480712575	0.0802967527986265	0.0943269065707221	0	0.037267439530908	0.111347379010659	0.0740032178011533	0.203810635551367	0.0708887606397748	0.204100583620354	0.201212618655074	0.0653759658379988	0.0715447157103506	0.197016152058215	0.112363854838327	0	0	0	0.19746203922448	0.115866970665768	0.191126837101211	0.073317115712571	0	0.119533583544653	0	0	0.0722371366759658	0	0.182871243474593	0.0575357909904309	0.104844194725388	0.0690677742567597	0.0813392235366525	0.063634615357655	0.184083159742787	0.104096600938861	0	0	0	0	0.0753809349935672	0.417332345637574	0.0516096419306733	0.0542703001151402	0.0491754177453444	0	0	0.0734462205116022	0	0	0.0405896752487069	0	0.0670817089041925	0	0.0452805236721125	0	0	0	0	0	0.0502005840332554	0	0	0	0.0793305216750306	0	0	0.104721413551277	0.086763057648636	0.106417969551413	0.113120716042479	0.034764172482809	0	0.309957378373499	0.400278435162964	0	0.410670538886233	0.435052295521259	0.469263626261988	0.408038265464907	0.458418119271623	0.411146198857605	0.418927597827362	0.415682360974883	0.433461584845339	0.413254728483973	0.416001653589451	0.394780179703071	0.367602078552078	0.338246220185721	0.387020944700313	0	0.363455765601381	0.410434403568898	0.0911205802332501	0.0729747400088459	0.0866209670628508	0.337724344556346	0.0844591438699526	0.344489361921116	0.305610083301001	0.0975084882464286	0.14046247375788	0.332722688911863	0.0990505755485741	0.0904939191090938	0.306895592648694	0.272844883600615	0	0.178069298715646	0.069970767170285	0.223249969120277	0	0	0.124830251952273	0.099006673044317	0.103707655428528	0.108092902979525	0.10457101384886	0.0939295372367291	0.102253620174771	0.0953378332824349	0.116581683307022
SRR5930519	2.62826439625373	2.32625882666849	2.6808583316115	2.43318446733907	5.8719344966279	0	0	2.31907391742962	1.93393232138787	2.1487733960349	1.85356884683464	3.66388706520161	0	0.852982192248052	0.715785279247821	2.3400609873908	0	0	0	0	0.677130981738031	0	0.862183208487056	0	0	0	0	0	0	0	0	0	0	0.62866596530622	0.04213288593907	0	0	1.0083884093595	0	0	0	1.38032003095078	1.55256702144596	0.836487002723358	0	0	0	0.911873598101741	0	1.32054082201007	0	0	0	0	0	0.235427743275775	0.173377756455343	0.587169061879286	0	0.88699288714111	0	0	0.117366676004149	0	0	0	0	0	0	0	0.807689451821103	0	0	0	0	0	0	0.516374209330542	0	0	0	0	0	0	0	0	0	0	0	0.645871197149213	0.257754001362599	0	0	0.16945374912195	0	0	0.769213745425678	0	0.268633306423503	0	0	0.256472927485893	0	0	0	0.198829030471142	0.560933329121812	0.773644107335499	0	0.217539606895133	0.611600858254292	0.727527799998225	0	0.212043691937116	0	0	0	0.208423843712063	0	0.200302222808543	0	0	0	0	0	0.215971644766109	0.208741063534866	0	0	0.19288164338322	0.226999257592682	0.201176065476674	0	0.201192598085057	0.253890738831714	0.206430095895311	1.66914438247673	0	0	0.224278931610869	0.209117653378772	0	0	0.230682430408025	0	0.231053733508207	0	0.215251823956379	0	0.200155982381339	0.230970911002341	0.212626869385923	0	0.197944418041657	0	0.201412324138942	0.190591222049251	0	0	0	0	0.221251344207398	0	0	0	0	0.503676451482042	0.161518799905143	0.270799744156138	0	0	0	0	0	1.00329499634008	0	0	0	0	0.204313077516802	1.2002166131904	0	0	0	0	0	0	0	0.196472966431841	0	0	0	0	0	0	0	0	0.149292133150214	0	0.175323762407332	0	0	0	0	0	0	0	0	0	0	0	0	0	0	0	0	0	0.0753116849620471	0	0	0	0	0	0	0	0	0	0	0	0	0	0	0	0	0	0	0	0	0.122606199825533	0	0	0	0	0	0	0.937188258774896	0	0	0	0	0	0	0	0	0	0.0481975201903281	0	0.0833300686270562	0	0.243142289999745	0	0.446250092212449	0	0	0	0	0.31172270177833	0	0	0.588989146893751	0	0	0	0	0	0	0	0.107637433290883	0	0	0	0	0	0.184023896308937	0	0	0	0	0.0579355420999087	0.246894310654708	0	0	0	0	0	0.195413384270857	0	0	0	0	0	0	0	0	0	0	0	0	0	0	0	0	0	0	0	0	0	0	0	0	0	0	0	0	0	0	0	0	0	0.181366643989288	0	0.187187692530568	0.188357251655544	0.179173163116778	0	0.168350522293464
SRR5930520	0.489513612553553	0.388914738314755	0.170355981258846	0.20695987178619	0.185434249048687	0	0.173620859055742	0.167834223648977	0.104535557991011	0.116720402746406	0.121020639932434	0.249729317600074	0	0.21737783258438	0.141484484652252	0.196111495129739	0.129647936824891	0	0	0.521268905403811	0.153036003573076	0	0.264612903412229	0	0	0.108213297805526	0.110968998827835	0	0.0486486234174697	0	0.0960486549595383	0.0971386789842728	0	0.0672314613097844	0	0	0.0957131346913209	0.161703873091626	0	0	0	0.109540000605749	0.222990755232399	0.0914969989688256	0.068455327723205	0	0	0	0	0.0944680827206651	0	0	0.0570244576955402	0	0.491715877087336	0	0	0.0586558909486238	0	0.138198671988104	0.156608988413267	0.0728933999788791	0.0483089072399998	0.0515089499137621	0	0.0836263418702795	0	0	0	0.39431868303355	0.108428989177836	0.638433603553146	0.749354194592409	0.0375653630613046	0.0662777056796	0	0.605855911411192	0	0.611644069144399	0	0.557087379913454	0.589540162698859	0.571444506991296	0.59072375174132	0.0240757013552822	0	0.554782247758421	0	0.578438762042381	0	0.166298080637336	0.517053925871135	0.501415071211569	0	0	0	0.107692761669738	0	0	0.0618425101199414	0.196343800300295	0.108450142563499	0	0	0.210465826288834	0.106206923684421	0	0.140151138064745	0.19997915521534	0.115190415267121	0.0841147170663977	0	0.437060952287997	0.119757973089977	0.459868331680438	0	0.102660620078799	0.119782772837944	0.056936845559696	0	0.189503156801486	0.122761008532913	0.221500229047591	0.0685134571837048	0.180634395094549	0.0865525358361731	0	0.195431441835869	0.196403789934765	0.0994082268631408	0.087390262641932	0.101844150059061	0.182331013023861	0.0889633472954124	0.104166855656109	0.10520513240543	0.24197713070802	0.109957105886118	0.0951690436201556	0.113224453618983	0.120421174609911	0.10951684670198	0.111134965780254	0.112273790115415	0	0.117135086839614	0.172766749309284	0.105726719635265	0.166881805214225	0.105981162185132	0.103642400555093	0.111123013181843	0.213967364903134	0.112030304736019	0	0.0991919040545196	0.101278845499655	0.267188814943486	0	0.0833842667258275	0	0.108392746956099	0.183477685944459	0.193770804511462	0.396515410991179	0	0	0	0.0918257795834555	0.101359718136848	0.0389189308134521	0	0.111257742902179	0.177844716487025	0.0879289401840879	0	0.184558223130554	0.146166727913701	0.294945372843683	0.091977912298744	0	0.0773228403306967	0	0	0.195346682636874	0.194389649814957	0.0471631272050949	0.116549935389593	0.0827614374920081	0	0	0.190444462461003	0.203433281682854	0	0	0	0.200710900328502	0	0.171687647456763	0.115825189890518	0.0312141547758103	0	0	0.154307425567036	0.0361634444060476	0	0.154332658208861	0.0249059993929017	0.0348708414797787	0	0	0	0	0	0.179548723490594	0.199385392134428	0	0	0.169308362911798	0.158140456649039	0	0.161481813850701	0	0	0.101211729557003	0.148445646605141	0	0.0251533307176479	0.075240314853254	0	0	0	0.0261027162786115	0	0.175864715118751	0	0.0285298306297249	0.0668655228616667	0	0.17624943957134	0.167414571436498	0	0.105241154267692	0.0219010277115	0.140569787952936	0	0.099736851666072	0	0.208390849382761	0.0856325818182846	0	0.0431140648883147	0	0.160507733127904	0.100693756752774	0	0.0950714562765902	0	0.033592392019443	0	0.118730024461055	0.0207504379920322	0	0	0.0440507011157497	0.153176191629867	0	0	0	0	0	0	0	0	0.0258253132589299	0.0455869138828528	0.028001671929624	0.16868441251245	0	0	0.0312483927759396	0	0.0264948179589075	0.0269677710218117	0	0	0	0.0817041337104186	0.0391809957390811	0.110140927769831	0.09506953843747	0.119776232874791	0.119953491406617	0.112375673523755	0.0935605100734658	0.111152643940925	0.110387887052475	0.0997354063884774	0.104972205729767	0.109913678551014	0.0987389752638932	0.0991906048336809	0.0713206732246883	0.0940305192722395	0	0.124993165428697	0.0980070930306386	0.0566661423284283	0	0	0.0957833821758148	0.0662256918433783	0.0712763423577334	0.0773748694738035	0.0660931685351132	0.0698015981800596	0.0739027781381601	0.0643925471043125	0.0683734909469177	0.119314596536476	0.0829572266656577	0	0.145397602530539	0.0514849204488264	0.0549565018626061	0	0	0.0361985898731677	0.0384120267919638	0.0272503937591272	0.0320991101874777	0.0270157113765344	0.0249947591018305	0.0279510153433964	0.0283840275675805	0.0296143941073624
SRR5930521	2.43216553829086	1.49742381766333	1.16729157303061	1.20077134140158	1.1151295649201	0	0.342359340443455	1.05872497521398	0.941973940175118	1.03391933858751	0.914715739349462	0	0	2.88373624770623	1.92947633455531	0	0	0.721150887665657	0	0.769375554813977	1.76898571654864	0	1.62211103776109	0.578324370325826	0.498833854282645	0.107689681897704	0.140894045679787	0	0.567844818207705	0	0.122890320735262	0.102977369819659	0	0.592270474369675	0	0	0.0989229968451828	0.951634669605818	0	0	0.0746384866039489	0.49217134549196	0	0	0.110218345482441	0	0	0	0	0	0	0	0.122853709073265	0	0	0	0.161970331805675	0.477404976076456	0	0	0.492711481607277	0.175859592567305	0.0342359017878537	0.159814747940406	0.186659269666087	0.197507718646608	0	0	0	0	0	0.27270641432174	0.27607345848554	0	0.117637166800999	0	0.251161695783406	0	0.274274219128444	0	0.245096720947226	0.258079092873185	0.246457506879548	0.259056066536911	0	0	0.256113878227713	0.305996659721165	0.253470473740673	0	0.521839485688926	0.235679416784761	0.226756039932096	0.214144774418057	0	0	0	0	0.0981747848620923	0	0.0874456963800669	0.508865510942303	0	0	0.0826906240313357	0.542657550068297	0	0	0	0.554934409477484	0	0	0.197517652530197	0.518590591487178	0.202685529495526	0	0.583756004977819	0.526741490339522	0	0.0805640833385518	0.0903934213875244	0.272837422229115	0	0	0.0912103905744101	0.468344546560074	0.0849376928868143	0.16065195493285	0.0812017885009433	0.48083256086459	0.165973082729631	0.476861581279503	0.0777797884801628	0.471888519081245	0.53654457246653	0.490049753802928	0	0.437706409751922	0.461851074000503	0.424703935831864	0.492929173810035	0.494292530436531	0.472681645492862	0.451929431813841	0	0.461869903344848	0.0984580548203833	0.501256823417825	0	0.543813779639249	0.444014732700069	1.97159012372315	0	0.490796543093508	0	0.506494526013993	0.467185374034693	0.135424948602399	0	0.449012655857936	0.103561919235846	0.445900495359082	0.120330056105567	0.497301096737135	0.234290110472314	0	0	0.0970742437963121	0.448678134056512	0.442215873464309	0	0	0.419590908131798	0.0677395269141479	0.488479973584645	0	0	0	0	0.459068777107275	0	0	0	0	0.0750034200428709	0.0650099684288398	0	0	0.456844465951779	0	0	0.0719531459982097	0.0758310502088752	0	0	0	0.0835367173303885	0.0881594208754947	0.0662129712202188	0.0447856363192743	0.139711034171285	0.244174946468249	0	0	0	0.25926858463013	0.0600878374188181	0.169005275078822	0	0.264040147056553	0	0.244924351548762	0.248216997656243	0.255055701420875	0.0739983317440479	0.0772986169801299	0	0	0	0	0.241860553583355	0	0.245381561083107	0.241166461907633	0	0	0.226207079731941	0.129599688595523	0.208663746793641	0	0	0.227594766997271	0.144065351381415	0.21857690173816	0.0709986302877034	0	0.143457027473417	0.184446176460055	0.0782872343597417	0.0750708020838997	0	0.232498690788802	0	0.117119772089558	0	0	0	0.215402497377461	0.102412826443252	0	0.0740705833585712	0.0453689017569418	0	0	0.378879449919601	0	0	0	0	0	0.0857842563670671	0	0	0	0	0	0	0	0	0	0	0	0	0	0	0.128671646651368	0	0	0	0	0	0	0	0	0	0	0	0.173205229890872	0	0.474408838216865	0.453030017693063	0.433993981712121	0.445396108056775	0.470593267728449	0.406887599483066	0.448871176016214	0.422365261077165	0.454352376916166	0.448940215597542	0.485640229429532	0.414337850107742	0.414101936831112	0.151091496384874	0.386797981736649	0	0.415298132121863	0.424351387253413	0	0	0	0.33713870910795	0	0.345424028918207	0.290487799611153	0	0	0.346703507131604	0	0	0.32085858823473	0	0.0597817713712753	0.15667234884948	0	0.182878873835883	0.0501673251530535	0.052417616736843	0	0	0	0.0486106447174327	0	0	0	0	0
SRR5930522	0	0	0.186829642390267	0.145602667046036	0	0	2.89072498228425	0	0	0	0	0	0	0	0	0	0.495031475259681	0	0	0	0	0	0	0	0	0	0	0	0	0	0	0	0.116832499214112	0	0	0	0	0	0.963778678236212	0.361775036295629	0	0	0	0	0	0	0	0	0	0	0	0	0	0	0	0	0.140477233930966	0	0	0	2.00699780644233	0	1.39058498924165	0	0	0	0	0.739575296146239	0	0	0	0	0	0	0	0	0	0	0	0.559490845738554	0	0	0	0	0	0.107441698254946	0	0	0	0	0.611675782497691	0	0	0	0	0	0	0	0	0	0	0.49677607837058	0	0	0	0.499652447750729	0	0	0.208260626100335	0.505167561011891	0	0	0	0.494379481650761	0	0	0.477690395039486	0.417968135012804	0	0	0	0	0	0	0	0.427599439317043	0	0	0	0.422805650036007	0	0.446659351728743	0	0.418296440216181	0.469230658968263	1.60321226385562	0	0.418663421110613	0.418529457496763	0.412067125081685	0.427925800756165	0.404098148394574	0.40808690129532	0.424628758726273	0	0.447080217247389	0	0.462368203160394	0.173279385179589	0.460663394407501	0.440227781730144	0.454628571547746	0	0.452643030171706	1.22404390555095	0.466949347563042	0.43363559932317	0.198140218807561	0	0.402410318731699	0	0.39485227595043	0	0.414473665488214	0	0	0	0	0.401829435590356	0.404190652877466	0	0	0.378081304719873	0	0.439966768616663	0	0	0	0	0.408991772616717	0	0	0	0	0	0	0	0	0.375149483916486	0	1.07767679794414	0	0	0	0	0	0	0	0	0	0.278554303274239	0	0	0	0	0	0	0.275100957542571	0	0	0	0	0	0	0	0	0	0	0	0	0	0	0	0	0	0	0	0.268014055973455	0	0	0	0	0.272383862115467	0	0	0	0.264051113963542	0	0	0	0	0	0	0.240504582394085	0	0	0	0	0	0	0	0	0	0	0	0	0	0	0	0	0	0	0.359903378059369	0	0	0	0	0	0	0	0.208745710074036	0	0	0	0	0	0	0	0	0	0	0	0	0	0	0	0.18345183344251	0	0	0.44047561444294	0.415839225709809	0.405079657853836	0.425154989088529	0.481737522922837	0.392406480167597	0.404633041290081	0.424075713672786	0.407732799961794	0.396131088345025	0.420225098769001	0.496341023213947	0.401215262737507	0	0.356718421884663	0.85841610533626	0.369941038976408	0.363727324694208	0.248519366469934	0.162709029057032	0	0	0.288470417408575	0	0	0.174386862517995	0.208751786925999	0	0.185203157054384	0.169371358895006	0	0	0	0	0	0	0	0	0	0	0	0	0	0	0	0	0
SRR5930523	3.49945549955789	2.02943785682412	0	0	0	0.971519681475583	1.06860601527929	0	0	0	0	0	0.870621485439859	0	0	0	0.662111713920752	0	0.795781170989154	0	0	0	0	0	0	0	0	0.471247126350772	0	0	0	0	0	0.2450638086787	0	0	0	0	0	0.438109593796272	0	0.340974780120993	0	0	1.02601119002794	0.440436045356333	0	0	0	0	0	0.418430252181716	0	0	0	0	0.15240089908515	0.199571893872508	0.417571568197988	0	1.71656200701155	0	0	0.429034534428904	0.47328968009905	0	0.431145191098447	0	0	0	0	0.462805341734338	0.473986725757191	0	0.501306535031305	0	0.459400457635114	0	0.432640999683643	0	0.422972278563601	0.444277314059438	0.429313579290129	0.471800423231105	0	0.451669859826094	0.439351616677795	1.57861814323739	0.440229242359387	0	0	0.410971946795585	0.381378656189455	0	0	0	0	0	0	0	0.328809798630457	0	0	0	0.335215654164625	0	0	0	0.233614206842964	0	0	0	0.364434869499713	0	0.373363105331605	0	0	0	0	0	0.348647312743928	0	0	0	0.298492234843948	0	0	0.466630172734336	0.281866318812798	0	0	0	0.282920505531651	0	0	0	0	0	0	0	0	0	0	0	0	0	0.316660512884792	0	0.208954169015196	0	0	0	0	0	0	0	0	0.386598027878527	0	0	0	0	0.297787104351885	0	0	0	0	0	0	0	0.586790620715416	0.203540862163569	0	1.54878644448828	0	0	0	0	0	0	0	0	0	0	1.34186789578762	1.44015632566622	0	0	0	0	0	1.26941756541717	1.28950208585306	0	0	0	1.17194643754857	0	1.3598647054747	0.302002156729357	4.94905100219728	0	0	0.244505814804602	0	0	1.22460938035003	1.56818778146467	0	0	0	0	0	0	1.19928246299129	1.06348255327172	0	0	0.233256271193404	1.1277779776403	0	1.16527508133206	0	0	0.246464514765355	1.1434299492604	0	1.52163859639265	0.551029079484018	0.363224712321004	0	0	1.4176898871218	0	0.947418868490767	0.353552177185466	1.41542128396706	0.505198825722822	0	1.13125868660035	0	0	0	1.45158695332962	1.09479496802284	0	0	0	0.852789006553925	0	0	0	0.361580422695687	0.950382965592184	0	0.129590147960957	0	0	0	0	0.273461132695109	0	0	0.116701715599837	0	0.848002941147401	0	0.123305175000296	0.314872766894705	0	0.471133560494217	0	0	0	0	0.336660979025684	0	0	0	0	0	0	0	0	0	0	0	0	0	0	0	0	0	0	0	0	0	0	0	0	0	0	0	0	0	0	0	0	0	0	0	0	0	0	0	0	0	0	0	0	0	0	1.0912093288254	0	0	0	0	0	0	0	0	0	0.898879284249588	0	0	0
SRR5930526	0.807549444653016	0.513378928573518	0.0838040607990044	0.231179173380626	0.0711064515603964	0	0.0280886893534823	0.141543788889714	0.0575454607311053	0.0564506239765469	0.092758917720647	0	0	0.106459306965225	0.0928112537165399	0	0.323525728894748	0	0	1.47066338687574	0.116728644803374	0	0.202902863759116	0	0	0	0.198242349653097	0.0583855252861744	0.0672191279529338	0	0	0	0	0.0952331768980577	0	0	0	0.252122763436543	0	0	0	0.0852555616736174	0.0348562664287156	0	0	0	0	0	0	0	0	0	0	0	0.0255948430032243	0.0287063842418221	0.0286535195169418	0.0793469246015235	0	0	3.5060758902248	0	0	0	0	0	0.0732008231896388	0	0	0.0626726164070255	0	0.040283816024624	0.038418871459027	0	0	0	0.0518420344695513	0	0.0383320562065322	0	0.0332142235520191	0.0322985826601793	0.0319960623824847	0.0382621283952403	0	0.0523789753921811	0.0510385974923591	0.0353933696771496	0.0290735625179163	0	0.273110516428604	0.0369713450288402	0.0370697773917847	0	0	0	0	0	0.0252078655743685	0	0.5076850359604	0.215777339836194	0	0	0.532284848675114	0.21369213814306	0	0	0.610705016842194	0.209363280664826	0	0	0.0539317422992908	0.216438574804131	0.0518175161189327	0	0.201830970379948	0.191970569688143	0.176756919957241	0.0245243469839021	0.491857259093549	0	0.358451753426554	0	0.51051112672552	0.176607964644189	0.0209195906681318	0.444543367202564	0.494776876436824	0.205925573472736	0	0.19318325690655	0.483128314545688	0.176275304413543	0.213021063752693	0.315832295694464	0	0.248091640561836	0.174385945737409	0.258520599809622	0.191688357098859	0.229627958015246	0.240998009387916	0.24017062871437	0	0.232708740510486	0.470197487104334	0.199714347511552	0.617607595896976	0.196228111839439	0.191377285635348	0.234978260563841	0.336068623926361	0.212280209106246	0.0675296986244671	0.187874653601251	0.204378738049352	0.166487462161637	0	0.174080141775698	0.112023320000306	0.171136092396463	0.441232347345508	0.252153055559333	0	0	0	0	0.183037223271801	0.192102093143868	0	0.0945424991945012	0.19452361389449	0.0882934947631812	0.185075390128841	0	0.543657012529889	0.351145920118677	0.127079438033809	0.184265077164959	0.0660571858219961	0.165505975744956	0	0	0.0966046490787214	0.0909372226933167	0.260289322446299	0	0.18001015696787	0	0.0596593387794011	0.082775953379232	0.0858533906901406	0	0	0	0.0801881506811077	0	0.0875710460859883	0.0954642447366553	0.366731055049517	0	0	0.425263096974848	0.155701531145651	0	0.0715910447361725	0.352068999491549	0	0	0	0	0	0	0.0836544857389576	0.0800756531780494	0	0	0.379860452814834	0.0736032493026895	0	0.0724814074069649	0	0	0	0.0846675993649596	0	0.339008147468118	0.146728563304927	0	0	0	0.322389420685146	0	0.0691119693760148	0	0.357043934633608	0.119477737771821	0	0.0757325683341468	0	0	0	0.307656386782189	0.0695202554749575	0	0	0	0.132305884829572	0	0	0	0	0.0725622167943375	0.215283441543877	0	0	0	0	0	0.104870919598345	0	0	0	0	0.069374669059228	0.66583027150969	0	0	0	0.0481449738081696	0.02871443768668	0.0401681689164279	0	0	0.0770658032723754	0	0.0380275758604161	0.0637891626898705	0.227825591911122	0.1922397087141	0	0.209557602718146	0.177046248007819	0	0.0347490285164829	0.16373673331873	0.109827301254223	0	0.197565841728794	0.184345978665175	0.23530865372797	0.224664808055931	0.192622632509953	0.21664814348866	0.210627182680368	0.265131960780224	0.203924200166695	0.221934687149509	0.23087213113766	0.199820245513617	0.189725000886613	0.0961345899198486	0.183508890510064	0.048770437238197	0.21236318879155	0.230780275689895	0.0743122538490186	0.124639290907114	0	0.222466494507702	0.128380638184481	0.146995928996984	0.214182991598123	0.0793704413597029	0.0993304437430275	0.136661820472425	0.0897024856839121	0.0884511097471364	0.218247325521237	0.145260381952183	0	0.301698154035033	0.0560384074690884	0.210019917667455	0	0	0.199577111913052	0.137606743151217	0.163167099878111	0.143385978363586	0.145446006809174	0.150042543942077	0.156470994257595	0.154286638165752	0.315755791145355
SRR5930527	0.809590839779922	0.815810712741451	0.996803708779112	1.03255387296555	0.877417401129617	1.38028773905534	0	0.798528675391866	0.767599832269722	0.748902765688273	0.732242518378761	0.825763408005429	0.993188523340818	0	0	0.587223033091955	0.430133191813557	0	0	0	0	0	0	0	0	0	0.153812886239425	0	0.416518077016675	0	0	0	0	0.0562469722813349	0	0.302179598403685	0	0.354441781377065	0	0	0	0.089951408599069	0.171865525481947	0.298778955466668	0.0885700673326873	0.437435560597942	0.336597288488786	0.118113951449974	0.307274285715862	0.536863150290953	0.266411007001428	0.405186322577744	0.0862319207604011	0.269851462111631	0.0792823896854178	0.119874169565856	0.198097667165161	0.057850394929112	0	0.239727344934671	0	0.0932560015405048	0.0553915624241599	0.0699420601746747	0.0635243390227506	0.180149584630599	0.0740460860192347	0	0	0.0782006843449306	0.231648812969401	0.624207565148425	0.607805417030734	0	0.065263684513839	0	0.583504749919838	0.228470813022399	0.601678531759617	0.567309075949622	0.569998539504941	0.59446510360352	0.586064642316532	0.798201639095511	0.169943330684321	0.168646618457829	0.556301861308569	0.181517575288265	0.573772006784669	0.303318052789439	0.194458148843634	0.531210731091771	0.516834538633963	0	0	0	0.155067937518092	0.074132104819725	0	0	0.327945798564044	0.143055357532714	0.118774984066722	0	0.335598681785097	0.140084021157223	0.311162615915884	0	0.118924824972662	0.150684094317963	0.25768536704009	0	0.443460665000138	0.129099981428601	0.498909146659079	0	0.144100202438717	0.128220758290514	0.0374390859444529	0	0.334238917128017	0.0420486942841955	0.626881940700284	0.0794195195356015	0.318962359023208	0.136296533648298	0	0.311292425208621	0.317864953781453	0.127803935573793	0	0.135589222996202	0.317988072111786	0.132667004192261	0.137988671336894	0.14015891366918	0	0.148504628517332	0.121535241328398	0.152987558649554	0.130504774114399	0.132426496607966	0.130035308192997	0.142558078583834	0.111628098832338	0.143110989912927	0.316454145179148	0.134934574198052	0.0942462816217543	0.13069704488483	0.121779272967747	0.139160040641751	0.589727375169248	0.138263727886434	0.0366353901739945	0.117126976948957	0.140566205107858	0.0457808611488646	0.146392928073417	0.122524391366422	0	0.124030325119549	0.285908486236701	0.18076277023011	0.0626647264411176	0	0.284942332822683	0.0554803923127532	0.128613292140218	0.143557970987115	0	0	0.127402721054705	0	0.128232814161629	0	0.479061337474892	0.214602144897342	0	0.129204824881801	0	0.0517643906812469	0.13125976342447	0	0	0	0.0289899297346857	0	0.129147451055526	0	0.03526066874332	0	0	0	0.0567578175527829	0.284040640723118	0	0.0482508585256361	0	0	0.101894211297412	0	0	0.249685986650638	0	0	0	0.11631476944879	0	0	0	0	0	0	0	0	0	0.021814892223769	0.249994808175174	0	0	0	0	0	0	0	0	0.0965452007227125	0	0.23136732274675	0.264508564960116	0	0.103174485168893	0	0	0.149878860865314	0.100130597802395	0	0.0402040887642682	0	0.0494838255423738	0	0	0.085690743998899	0	0	0	0	0	0	0	0	0.145600854753012	0	0.152314997706942	0.0443956607477766	0	0.0432638708585692	0	0	0.0276011105266693	0.026712352958358	0.0715896535737391	0.0441036462467159	0	0	0	0.0466797784373213	0.136363412591394	0	0.221687353697699	0	0	0	0	0	0	0.0800131398378814	0	0	0.104766095522566	0.0701097264056396	0.102259897601254	0.10660697015119	0.0436854891532475	0	0	0.0948407068781755	0	0.122438076262324	0.11696405483636	0.156362648912315	0.129785318389766	0.126606643997315	0.125505473994162	0.128872498508761	0.136322051234319	0.134405269796012	0.1372575736212	0.126965074131285	0.127269995138017	0.109504726358326	0.0838024477230298	0.11744802211241	0.0381800583333278	0.119347862445109	0.148588147986738	0	0	0	0.115313789287612	0	0.100552228741926	0.111771485846462	0	0	0.0977749417533774	0	0	0.118751750438749	0	0.02964135855546	0.11682854036845	0	0.115623003934121	0.027053724270383	0.0284373828709453	0.108198227990717	0.101812096766515	0.113766177466432	0.0991916592006727	0.104841862050228	0.0952929760491769	0.116234337367002	0.0997613614274437	0.0972713060497429
SRR5930528	0.406413260470626	0.389018710987627	1.19441580701327	1.20014114284405	1.22748024944188	0.687658310996373	0.156554485679211	1.22540753754061	0.958681801933374	1.18775512710539	0.930383211806545	0.391870002094421	0.590930861464418	0	0	0.280848331556792	0	0	0	0	0	0	0	0	0	0	0.251703211693709	0.316486824225932	0	0.210375929399713	0	0	1.07986579246527	0	0	0	0	0	0	0	0.513027714308155	0	0.514430587035005	0.130259737465263	0.331147337430376	0.455183225522835	0	0	0	0	0	0.386154030678122	0	0	0	0	0.556805508094197	0	0	0.285814148079528	2.22691099134486	0	0.4701761407613	0.153622596729018	0.15910191395698	0	0.18075502053575	0	0	0	0.25718025822414	0	0	0.206372450157106	0.217897772390647	0	0	0.113950744959767	0	1.41807488453031	0	0	0	0	0	0.13433711498982	0	0	0	0	0.519828201208796	0	0	0	0	0	0.267962875216598	0	0.30127084558147	0.175782787924228	0	0.380457797863991	0	0	0	0.354428151759611	0.179536153943692	0	0	0.373120387695023	0.201414340470846	0	0	0.322243249297005	0	0	0.351249145875158	0.361375711112332	0	0.259815139085326	0	0	0	0	0	0.351895252751407	0.258058217781653	0	0	0.334398389099035	0	0.318000861213651	0	0.337953280848056	0.415783794513751	0.377249798827304	0	0.310854744900571	0.289997346131347	0.382759048625209	0.339299812999628	0.355216139067986	0.362024848711421	0.328111797778501	0	0.352689588132526	0	0.328791967601424	0	0.313164231741633	0.310418775160099	0.319750888150437	0	0.309617753614072	0.323902214929505	0.307515209178537	0.341469811757583	0	0.215801873380637	0.32724438758127	0	0.305468378322072	0	0.439447455145983	0	0	0	0.0547379166880172	1.37868923975997	0.322874796409696	0	0	0.320298908617603	0	0.394270176061634	0.267434742306173	0	0	0.582448594698724	0.310872663005841	1.77410897319249	0	0.182149840071634	0	0	0	0	0	0.32157946759677	0	0.240989461127452	0	0	0.0594667226058431	0	0	0	0.0495881945404041	0	0	0	0	0	0	0	0	0	0	0	0	0.179776082025567	0	0	0	0	0	0	0.0954029207716047	0	0	0	0	0	0	0	0	0	0	0	0	0	0	0	0	0	0	0	0	0.0450461127431827	0	0	0	0	0	0	0	0	0	0	0	0	0	0	0	0	0.178488806849729	0	0	0	0.209392712684732	0	0.0645592808887721	0	0.260122799071334	0	0	0	0.130156170901152	0	0	0.867971585015028	0	0.146332494387267	0.490457102307933	0	0	0	0	0.0890211766850638	0	0	0.274408263958244	0	0	0.126280234041129	0.09123789512367	0.239072638887879	0	0	0.302689952773423	0.277525436294145	0.342457319954513	0.332303076206139	0.32776633606928	0.299528730800473	0.299691789718365	0.311740846330487	0.322735538383564	0.312288603889794	0.277726381984195	0.291308722124926	0.28754692010278	0	0	0.282902246465275	0	0.391635353928437	0	0.14171083510249	0.263934396316355	0.247348623933055	0	0	0.338025341355206	0	0	0	0	0	0	0	0	0	0	0	0	0	0	0	0	0	0	0	0	0	0
SRR5930529	1.44722072759941	0.903568573106027	0	0	0	0	0	0	0	0	0	0.668118385027767	0	0	0	0.558289808821013	0.733924092715471	0	0	0	0	0	0	0	0	0	0.318187656967643	0	0	0	0	0	0	0.145095802326374	0	0.256349026780549	0	0.422703040199217	0	0	0	0.161334833657551	0.366056166657975	1.24996749034153	0.493942319134127	0	0.285650736495014	0	0.241320559280063	1.78781112990093	0.231928455160535	0	0.154491007302647	0.223343802225981	0	0	0.463225683243443	0.109300543132517	0	0.231758274349504	1.02254464674183	0.160630234593785	0.0419091772258507	0.198697409355127	0.22535813956537	0.194823738887938	0.21357235677128	0	0	0	0.17650102187421	0.313939456595274	0.315303507312824	0.149203325091511	0.259938695244926	0	0.30085298583957	0.756686150774262	0.309499111892939	0.806015901786866	0.30213919069858	0.340396400298644	0.29858185377786	0.307941165262971	0	0.104391590115779	0.294460567431601	0	0.359335788215121	0	0.55740230005026	0.275084868351384	0.266866156995409	0	0	0	0.177203130984493	0	0.26016217729181	0.179212903019233	0	0.488299506080814	0	0	0	0.517040895061745	0.120122801493672	0	0	0.538277356577706	0.142643362828664	0	0.21844563765316	0.505533415570903	0.243666023821044	0	0.531355010978382	0.486977392419386	0.970680733242656	0.226830696846734	0	0	0	0	0	0.491200676424674	0.220065739657616	0	0	0.630547603862205	0	0.474532100449186	0	0.487113054579628	0.511798424928887	0.473155271096165	0	0.446943943861378	0.47819283386273	0.5028676903739	0.487735879245174	0.440731256903561	0.478351798883328	0.466882927127751	0	0.491430497036388	0	0.517678582400979	0	0.498875686911121	0.487359982467405	0.544786448311263	0	0.489308980806939	0.0952070288685316	0.478868162758885	0.46573933829811	0	0	0.465774974436611	0.0563222841901033	0.431780602833654	0	0.512439558142098	0	0	0	0	0.513794231056544	0.467697347496353	0	0.0663818791670017	0.387945723107898	0.325399997020532	0.490283233955071	0	0	0	0	0.447482628945531	0.0696197029400857	0.825071048077692	0	0	0.326196832012984	0.318127950852716	0.758661611188746	0	0.455510646238072	0	0.0980431867844315	0.303112564244111	0.319053365536588	0	0.0437207450203744	0	0.30910424770768	0	0.309603817296311	0	0.734986688514801	0	0	0	0.711557932929601	0	0.277803082902554	0.756913245768227	0	0	0.0439078164658506	0	0	0	0.303219696320186	0.283142246290145	0	0	0	0.264833069103098	0	0.268205870593972	0	0	0	0.264583023965788	0	0.76014316007662	0	0	0	0	0.744601874182888	0	0.253444581812178	0	0.746770851983779	0	0	0.263231345572179	0	0	0	0.661570814654516	0.258960812778506	0.157403286086532	0	0	0.23420021753151	0	0	0	0	0.251978398597969	0	0	0	0.291589404979949	0	0	0	0.14399293843418	0	0	0	0.229966369212312	0	0	0	0.0660335679282795	0	0.031372274470382	0	0.0496637452189496	0	0	0	0	0	0	0.381448968389344	0	0.388494288768312	0.41917657994913	0	0	0.177034875170191	0	0	0.452688956748245	0.433208899593343	0.445412402168836	0.433196768699194	0.438842866474455	0.424472137702469	0.443665532693065	0.449497413677008	0.468039853135359	0.462353407761082	0.456258676240868	0.425770448151811	0.418083265187174	0	0	0.0722158383602164	0.43462210694103	0.43079661759869	0	0.0839402984766933	0.186560591766584	0.361507341402326	0	0.354121554340516	0.322818180138101	0	0	0.360131705870538	0	0	0.350238368475576	0	0.0541086324011504	0.492113648361934	0	1.72995875201959	0.0474207594415239	0.0513108742007802	0.403924116875203	0.419992215964111	0.415220909331952	0.402227552668279	0.406323073435168	0.426528590113191	0.363754627558609	0.427142068181136	0.42233655413428
SRR5930530	0.707304232905309	0.690582222527889	0.533815293943541	0.310097765978217	0.365325194793572	0.5711463108866	0	0.264882809463153	0.252335089078161	0.226153751737422	0.287081351988232	0.843971666282172	0.43503479248509	0.2450837188805	0.0792550892401005	0.579555245831878	0.14198309932672	0	0	0.985880347551856	0.103309514443775	0	0.198540106121651	0	0	0	0.0996780807451126	0.145516235681238	0.075222472878537	0	0	0	0	0	0	0	0	0.305223411234631	0.222101536000839	0	0	0	0.034139739960231	0.209353796053876	0	0.326492661357416	0	0	0	0.238444626079905	0	0.290570183585735	0	0	0.595714559919429	0	0.109132508540316	0	0	0.0363111791907588	0.163507096363463	0	0.0273551376868904	0	0	0	0	0.0810729107237047	0	0.336893040442109	0.0364782113378936	0.103326457995388	0.10638195876033	0	0	0.0917872716216568	0.106661831091945	0.102488046341399	0.105037216434205	0.618450554864522	0.103368254346238	0.118496733897732	0.0997166514081942	0.100163015084863	0.0488254100392969	0.0663574268406806	0.105167529222409	0.0345077366833551	0.125329768083047	0.0538341589313859	0.210189556662955	0.0972008174837184	0.0932923762422891	0	0	0.0665724261555411	0	0.0936045444814248	0	0	0.141506097469029	0.15552654165678	0.0537093410958085	0	0.169429582936645	0.156022957686516	0.0666921018420493	0.251761872905971	0	0.163952745980552	0.0398789299214148	0	0.0894064740949618	0.136274536653895	0.0970143507488479	0.0383126079640836	0.160358206796339	0.155822860633881	0.046881467020497	0	0.135619536489436	0.0258784878046291	0.159392708737558	0	0.119513932733723	0.144737585098526	0	0.139622051770198	0.133174700933468	0.133306575617055	0	0.146471221186246	0.125896578253964	0.15046440429647	0.155659689698197	0.15008560451649	0	0.162621409822212	0.133768526338384	0.176071989246825	0.137676483885461	0.157975113129695	0.144758394631382	0.151850761569572	0.0453866035052028	0.164405253155841	0.136866584550591	0.140032726975531	0	0.129395574311124	0.131177286790204	0.163917223635516	0.170980003861596	0.149703742791851	0	0.12446920599592	0.156147748148129	0	0.333278371439077	0.13609386568138	0	0.152627125771125	0.131151161142035	0.217214892127101	0.0438174077466376	0	0.0475064463624311	0	0.140954592831196	0.169804601434049	0	0	0.162807354492537	0.0691902777938936	0.139421864249808	0	0.167978981134619	0.108691936240432	0.199781338240328	0.139435757007138	0	0.0832330574206269	0.434097822156735	0.0531651456249858	0.0857846738491327	0.0782294966298951	0.0480552870363568	0.372776217908558	0.135477405122413	0.240795879403262	0	0.0788322804902458	0.0762758370085058	0	0	0.0411849998736223	0.0882433059021138	0	0.0687450772354229	0.109635464073706	0.150937103372664	0	0.22215922790881	0.0945503818361701	0.0314872446364825	0	0.0628463510990399	0.146716517995039	0	0	0.0715225113210863	0	0	0	0.0797599904467142	0.075286751573313	0	0	0.0931641102890364	0.0643808848736249	0	0.0601430447804244	0	0	0.169275078145485	0.0629259437953694	0	0.150497683565895	0.0886272018383352	0.0808893957011953	0.0632365564945581	0	0.15328966603981	0	0.0699182693820466	0.087331680874679	0.147057794230706	0.0811368685608456	0	0.0723036638414125	0	0	0.171977837530224	0.124897682565266	0.0578966213391162	0	0.159981555188536	0	0.0991775943712129	0.084889513269953	0.261369239240803	0.0665116191081915	0.131682910779027	0.0682296589377542	0.175727955293686	0	0.164698573116104	0	0	0	0	0	0	0	0.0615099933600063	0.0599541825217862	0	0	0.0672945004760115	0	0	0	0.0503321890544576	0	0.0410006780648321	0.0538440722348874	0.046458688770978	0.0825607956788365	0.0749423696790328	0	0.0614965483132894	0.0363205801297947	0.0526430242059435	0.0606987247113464	0	0.0359090958115955	0	0.107866701588968	0	0.137533397655153	0.140398199507048	0.175419685972165	0.140012632705394	0.132701099636076	0.137332681270363	0.134163210556821	0.138711815541687	0.14905615633398	0.142847196218161	0.14916861731122	0.133242730300006	0.135934156362839	0.0989566647840006	0.130221825516027	0	0.132868423852169	0.145765545181224	0.0834719871588046	0	0	0.145768821826641	0.0927423817068829	0.119976560739712	0.119768534603512	0.0727926117029535	0.0891199763565114	0.12123586334718	0.0756036359604225	0.0782265493995791	0.134122783818319	0.114818201451256	0.122295882961786	0.176508431882645	0.0598979905190851	0.0857320808986412	0.105467095577332	0.100143826403215	0.0623586485372768	0.0522921243342126	0.0599992645848578	0.0551038369066922	0.0570829858408679	0.0519493515621688	0.0532293580421362	0.0792836701879683	0.0547964612471116
SRR5930531	0.18829749357983	0.156076763550887	0	0	0.098577759795161	0.0684223105635292	0.0568909943664201	0	0	0	0	0.0635654249688665	0.0709431503966443	0.0847117799619134	0	0.0484619597467617	0.0520348952147487	0.0743944292082065	0	0.195380255721697	0	0	0	0.0575351617941956	0.0544895543859193	0	0	0	0.0973694897806238	0	0	0	0	0	0	0	0	0	0	0	0	0	0	0	0	0	0	0	0	0	0	0	0	0	0	0	0.0302517158997262	0	0	0.0309942666861696	0	0	0	0	0	0	0	0	0	0	0	0.120625614277701	0.118044328678311	0	0	0	0.115726477604069	0	0.110750245512316	0	0.130808570073986	0.111141023153752	0.11179595982868	0.120120620238411	0.0491919129379701	0.0526617474366375	0.107698257374361	0.0482267242615806	0.106159454066439	0.0258736757104521	0.171330472616063	0.0976684862310462	0.1002041459429	0	0	0.322739052068247	0	0	0	0	0.475707636325882	0.111564044160794	0.0507398403466133	0	0.512813517468441	0.140354222979109	0	0.0685082268603687	0	0.131282132246767	0	0	0.0923691468918562	0.100206800860202	0.0993597266463433	0.250929417086627	0.135542408967435	0.120755446500146	0.299493496787483	0	0.451539490412734	0	0	0	0.477713111158944	0.111040972098414	0	0.448570458273257	0.446899833088205	0.10259692174169	0	0.119771843529458	0.436971926963064	0.117159688761935	0.138123500618582	0.122875908785314	0	0.138099407275091	0.117832231615491	0.161462759206918	0.117502278172224	0.136887891065007	0.121678542306571	0.139759037013419	0.0390595160631969	0.132320711658655	0.440366825325292	0.115486794380873	0	0.102014604459386	0.103337701502686	0.122587218107152	0	0.105912780689695	0	0.097703789165969	0.142338426250515	0.159560859198766	0	0.107852300188814	0.0417831958783612	0.101857558944939	0.429324181085984	0.137925705324102	0	0	0	0	0.126953993044756	0.112066887843497	0.666206218744378	0	0.151383661613646	0.0856534187498009	0.112922876925785	0.0346545687040334	0	0.308755890700113	0	0.107060824403355	0	0.22930730559654	0	0.234304690137807	0.0972403946282287	0.0926090146765884	0.199421470237199	0	0.0970596779884745	0	0	0.0911571986993207	0.0982324288306363	0	0	0	0.0973880331829189	0	0.08806955341591	0.0486788148300695	0.34191749366593	0	0	0.351151463349356	0.163651589214467	0	0.0842309781157485	0.33025141544746	0.163699780168584	0	0	0	0	0	0.0918390407534881	0.10617636887676	0	0	0.344240610564352	0.0865705649610274	0	0.0854859980020699	0	0	0	0.0773993111610912	0	0.334660360780029	0.188424432338117	0	0.104986861293648	0	0.311920220623917	0	0.0873052474180243	0	0.312554820520108	0.185866847950511	0	0.0892703171170387	0	0	0	0.286450810365461	0.0753402720615036	0	0	0	0.107588825028347	0	0	0.0459648176494542	0	0.0787732922791095	0.119755307345562	0.0260889032119614	0	0	0	0	0.0934631975460081	0	0	0.0217045964081451	0.057483251464903	0.0777138139390636	0.0296768611712307	0.0253382367203547	0	0	0	0	0	0	0.0280487701650389	0.129629288836824	0.0307400627270171	0	0	0.0319047449166927	0.0450789162859154	0.0274574727794127	0.0544866228214863	0.0452709355474462	0	0	0	0.385939952139418	0	0.117337282084238	0.104767275050044	0.123679456537609	0.15098486749082	0.135385076881158	0.108054920093544	0.113476687337995	0.145603455007754	0.125210156737219	0.119486971479157	0.148944140623366	0.125963224507946	0.117124911313698	0.325055938894834	0.116115143834633	0	0.0985860274554805	0.104761812834595	0.113640258060436	0	0	0.103096661426874	0.129386219548067	0.0983120196294644	0.0937297531517833	0.107135547154818	0.104331195181101	0.0755332285025195	0.111135030964882	0.120031957295841	0.129144163446215	0.108338993549848	0	0.311620211204065	0.0894542015318479	0.058154681019927	0	0	0.0496143586180605	0.0396364412239217	0.0325870009479943	0.0305750879952472	0.0302519756333007	0	0.0312904749782609	0	0.0456640332535438
SRR5930532	0.638949160156116	0.538669714445334	0.376022522513532	0.243882106882193	0.139575364780774	0.471513396719532	0	0.20019198289216	0.121166047077997	0.113316529059564	0.16343377186225	0.350660476011275	0.31117309289726	0	0	0.26015407154836	0.160743987231727	0	0	0	0	0	0	0	0	0	0	0.702660011516295	0	0	0	0	0	0.153590389974879	0	0	0	0.240189991799913	0	0	0	0.317360764793384	0	0	0	0.103655774935323	0	0.0691627484003698	0	0	0	0.0965498688996098	0.0996286098795434	0	0.17785648039525	0.0732556575102208	0.0809404625820993	0.133248272237259	0	0.0754202955148086	0.397846344740739	0.103388721469945	0.339186711766319	0	0	0.202917106012834	0	0	0	0.173943971098461	0.0692699864573807	0	0	0	0	0	0	0	0	0	0	0	0	0	0	0.0791681408838527	0	0	0	0.0798449200841615	0.966800846291817	0	0	0.0603814964836702	0	0.150196513534343	0	0.0556905045434875	0.148934575435755	0	0	0.93393925752417	0	0	0	0.884824109336357	0.0768777931709933	0	0	0.866936910076109	0.145309527176867	0	0	0.786680337498408	0	0.128703744641083	1.00473749371	0.884639754765535	0	0.128998988863956	0	0.0608174789841929	0	0	0	0.926588632634643	0.11769727226523	0	0	0.701771139725878	0.0496216875503889	0.831333767723248	0	0.722450713091456	0.780621604044732	0.821324570910037	0	0.655388152970053	0.68830648165959	0.743409592292563	0.730966530875956	0.768299798240245	0.850258029025942	0.678651561003792	0	0.713907627976196	0	0.76839494198156	0	0.67979294620312	0.699002922949676	0.732132927991332	0	0.742872813485119	0.104689507081299	0.684871493125104	0.83552110910366	0	0	0.771522126136374	0	0.666020921590804	0	0.727379196752531	0.0599091940418791	0	0.0796795874769873	0	0.840355352919469	0.714476193315088	0	0.0724505821486362	0.756720910246239	0	0.756367819414334	0	0	0	0	0.661549830941382	0.162666262668412	0	0	0.128591922574237	0	0	0	0	0.678789895588115	0	0.0773412248448317	0	0	0	0.328171165429255	0.0723851102750105	0	0	0	0.258749814479765	0.248692884860545	0	0	0	0	0	0	0.280700504586801	0.0992856748992074	0	0	0	0	0	0	0	0	0	0	0	0	0	0	0	0	0	0	0.237699488159564	0	0	0	0	0.243775765028067	0	0	0	0.234039214913724	0	0	0	0	0	0	0.209188939582237	0	0	0	0	0	0	0	0	0	0	0.542283184050129	0.029276703105204	0	0.046074363712164	0	0	0	0.0304357801296071	0	0.0288229256847775	0	0	0.229358204487532	0.0313018548237484	0	0.0287629745125139	0	0.0308632880343708	0	0	0	0	0	0	0	0	0	0	0	0	0	0	0	0	0	0.703985592911254	0.712287023596338	0.713540094917205	0.677560423820221	0.662247813801732	0.656167757298	0.735558578973034	0.600088099144141	0.723494033198105	0.633435151416229	0.646537124404298	0.653606834452556	0.638875541370278	0	0.82716927808873	0.0874552938981632	0.571435669812773	0.618125817654032	1.26070351374139	0.0217753824628953	0.221514615053831	0.527569623090612	1.11471349591098	0.540305412390809	0.545045525164674	1.049255563137	1.04269669165582	0.563060519133935	0.955926438276534	0.974286819391005	0	0.69582099990689	0	0.226230025466302	0.915571552038673	0	0	0	0	0	0	0	0	0	0	0	0
SRR5930533	0.332608383201418	0.275569882976058	0.12090467022993	0	0.0911258525386158	0	0.405883156447878	0	0	0	0	0	0	0.272130263250172	0.610199789957591	0	0.167455595015136	0.989721765917424	0	0	0.236349689905886	0	0.318040366907056	0.745182013779119	0.712510888224761	0	0.397906003647273	0.206779345665609	0.438244423709979	0	0	0	0	0	0.738219570764694	0	0	0	0	0	0	0	0.152874837349403	0.236516484256839	0	0	0	0	0	0.265461656703861	0	0	0	0	0.106881140392342	0	0.139440805003326	0	0	0.145853581093614	0.749579584158072	0	0.0768346356088778	0	0	0	0	0	0	0.112927210776009	0	0	0	0	0	0	0	0	0	0	0	0	0	0	0	0	0	0.233052322572029	0	0	0.339127096139001	0	0	0	0	0.316704815617699	0	0	0.0615066588529859	0	0	0.261349483855163	0	0	0	0.263063516708866	0	0.137793110041339	0.155382114651597	0.288407694378871	0	0.224816215787689	0	0.26609857008137	0	0.262233839503698	0.268162540265713	0.252549885001828	0	0.0619040790262528	0	0	0	0	0	0.263373698334627	0	0	0	0.296385062750825	0	0.260081525060713	0	0.254497020990984	0.26869835601167	0.263107379947296	0	0.255942261280196	0.229404085617962	0.265892364725992	0.242647064877462	0.254764619218173	0.256014762003701	0.242005332904205	0	0.27158838436504	0	0.248975963455213	0.16734691544503	0.248811563994605	0.231495698833754	0.269290879207878	0	0.267935063666757	0	0.236323741789462	0.246997629361418	0	0.0628820832772425	0.228528269470593	0	0.234507841341184	0	0.300428665390655	0	0	0	0	0.243644383100293	0.245519352213201	0	0	0.254728200342217	0.156714705183024	0.243305924557787	0	0	0	0.211795932189826	0.234338753600056	0	0	0.0707989643510138	0.242409535312792	0.19827288731268	0.170538625601357	0	0	0.219397712988083	0	0	0.179375432216075	0.197481919692819	0	0	0	0.196875064857791	0	0.149861612134005	0.160991957393196	0	0	0	0	0	0	0.139049805597006	0	0.17734867265609	0	0	0	0	0	0.174218714294996	0.180606884095786	0	0	0	0.137507458142855	0	0.142381757484698	0	0	0	0.141354083881345	0	0	0.0741667021310138	0	0	0	0	0	0.167283970154288	0	0	0	0	0.165242826310742	0	0	0	0	0.132597494861506	0	0	0	0.217559684412568	0	0.391994651842834	0.0764413236707677	0	0.154050899567729	0.24688277660944	0	0	0	0	0	0	0	0	0	0	0.141652157789079	0	0	0	0	0	0	0	0	0	0	0	0.439259396630766	0	0	0	0	0	0	0	0	0	0.169033302862468	0	0.23569294326371	0.232622830740281	0.254369016424225	0.248181875200761	0.230165614438281	0.226906911805802	0.224814187958476	0.235362481380889	0.245938950334977	0.238520333189634	0.239155767431095	0.224082361076552	0.210397515274622	0.143276553680821	0.212495559805088	0	0.215967231899157	0.235494596685229	0	0	0.104400622142661	0.24396291370508	0	0.195124835959629	0.216655644390667	0	0	0.189394484293025	0	0	0.206573419065766	0	0	0	0	0.140088803761002	0	0	0	0	0	0	0	0	0	0	0
SRR5930534	3.04719388899817	1.52900279426168	0.596233597145412	0.554385375396915	0.534415374995722	0.733990919999763	0	0.534604467907257	0.441406504239542	0.482838203686738	0.458005393890249	0	0.572464262272444	0	0	0	0.342519156046864	0	0	0	0	2.66280365701961	0	0	0	0	0	0.545658792449656	0.497426674081184	0	0	0	0	0.130319233910301	0	0	0	0	0	0	0	0.181103737824898	0.10601780569183	0	0	0.456060829881562	0	0	0	0	0	0.390163966730164	0	0	0	0	0.108467142606938	0.128151532844551	0	0	0.82421721537145	0	0.155224166328218	0	0	0	0	0	0	0	0	0	0	0.224794999136586	0	0	0	0	0	0	0	0	0	0	0	0.345820100454446	0	0.269252435854045	0	0	0.565584592271032	0	0	0	0	0.210987150516439	0	0	0	0	0	0.50961132783564	0	0	0	0.47417873835098	0	0	0.478691698328614	0.503500457293407	0	0	0	0.432129760029325	0	0.180619276316959	0.465884730945365	0.484700500125813	0.483674653192294	0	0	0	0	0	0	0.483970989753202	0	0	0	0.489331490782138	0	0.465116768038637	0	0.50075400247398	0.506713875951288	0.495790880409429	0	0.521763149107668	0.406562799806306	0.556942665371611	0.439408995491528	0.49136147569777	0.430691173410217	0.545694512798862	0	0.521719612205273	0	0.446342511055671	0.386243630870404	0.426401120935212	0.428151567186899	0.461184875330243	0	0.438262784734183	0	0.421028631011177	0.459489045479019	0.273481291415104	0	0.415696760427126	0	0.451770213333306	0	0.637971532766726	0.147661684434029	0	0	0	0.469521862046488	0.467664587565804	0	0.14536174749544	0.49726054911299	0.616781314599585	0.508079317929152	0	0	0	0	0.446156317862056	0.107896452570963	0.430333349768153	0	0.172459809618819	0.480839816761329	0.552769550439263	0.348220289025933	0	0.465075961475917	0	0	0.465059913270345	0.50694213472959	0	0	0	0.436286058889268	0	0.557699308765275	0.225993234022647	0.350338352435402	0	0	0	0.34628701111969	0	0.531825809739126	0.333655131181517	0.126035142223579	0	0	0	0	0	0.445606231530401	0.396565192304832	0	0	0	0.446857812261022	0	0.460109514500733	0	0	0	0.488185944406847	0	0.324496850474677	0.155827433657462	0	0	0	0.341584844680856	0	0.344346000248586	0	0.33105386890981	0.142068125557188	0	0.382642348328917	0	0	0	0.271733866167607	0.469405620547436	0	0	0	0.402101023977389	0.402099036360408	0	0.0689778426788027	0	0.34973767951528	0.48623548950629	0	0	0	0.216106793851844	0.0875194082728822	0.154736352234136	0	0	0	0	0.306424169586267	0.22045847827532	0	0	0	0	0	0	0	0	0.116724633079316	0	0	0	0	0.316338798696631	0	0.310300280331145	0.358401026949353	0	0	0	0.244812076932035	0	0.430578102405839	0.409099220472514	0.467128990329679	0.436260739282337	0.423676669220004	0.42289088154526	0.399485382227521	0.463463670413883	0.454602604094649	0.436261567936478	0.422891053299357	0.407100581622492	0.407820531701298	0.196394985366617	0.411337998932977	0	0.364508445978453	0.478345014265847	0.662284300631582	0	0	0.410060793381446	0.617768395617953	0.378526022009968	0.407496260185842	0.490870404631665	0.517720945981587	0.380156660778791	0.484350247900323	0.511580103594119	0.392919347453153	1.60308542416249	0	0.320631609293313	0.465714192444591	0.415786409227004	0	0	0.399353543061431	0.462367158409734	0.331809593693959	0.987429504817699	0.323117307332913	0.291577470033835	0.343653070692525	0.298332393994059	0.332081014986778
SRR5930536	1.09271050348611	0.846148780911193	0.925337335779139	1.06641833862714	0.814824518140917	0.639525363012321	0	0.878256156385724	0.685434515867413	0.810958541015181	0.690587643293294	0	0.462015217870025	2.61859720580335	1.03525042377194	0	0	0	0	1.46685621855538	1.08554464357108	0	1.05544849833546	0	0	0.030110006481784	0.738099047020465	0.109732625237053	0.196521158352129	0	0.0231741483845692	0.0245642610063687	0	0	0	0	0.0264953786754311	0.428593848205892	0	0	0	0	0	0.135313663169632	0.899284712968722	0.144575765894231	0	0	0	0.0658660552605938	0	0.140089891246126	0.352634983547047	0	0	0	0.128966658234275	0	0	0	2.20952123284242	0.360278056803168	0.0661095557127692	0.416485612678252	0.46950339581277	0.382215081891487	0.489074711716779	0	0	0	0	0	0	0.350070405670543	0.54388801816583	0.340169699202	0	0	0	0.144742868138114	0	0	0	0	0	0.0780447345316349	0	0.091374103999989	0	0	0.584200465018674	0	0	0	0	0	0	0	0.26897849943565	0.348342104733267	0	0.529792082025501	0	0	0	0.539727665245573	0	0.24432144660327	0	0.533468719883618	0	0	0	0.482178477634063	0	0	0.582037614766994	0.504702068931254	0	0.108281542739815	0	0	0.336138717202499	0.357056461718892	0	0.582091051900848	0.115403354463947	0	0	0.457705201845307	0	0.477505170145991	0	0.521877266231596	0.621957575267767	0.535379843498245	0	0.525333819648441	0.458675674701329	0.646161105314402	0.457385417499951	0.555482782992514	0.513745312000702	0.543212227274782	0	0.54221506335871	0	0.450237327159887	0	0.463015410903322	0.466125613847619	0.513538384869211	0.315040170600682	0.493337187062665	0.093987471887398	0.460373964677722	0.495231942727374	0	0	0.435772378849153	0	0.546979507540272	0	0.660800063113949	0	0	0	0.0776330230267966	0.535546581585926	0.535970486512401	0	0.245722807257907	0.577338401543264	0.386632834532858	0.513850843657598	0	2.60623712278503	0	0	0.501945990375074	0.62794097843723	0	0	0	0.428559722472707	0.398656193160923	0	0	0.49124173898834	0	0.0783149614633348	0.379029660708372	0.360619195227983	0	0	0	0.361215414263454	0.0785979530393791	0.371358181728573	0.124139369537254	0.642855926009106	0.0267681824852544	0	0	0	0.0307404613707397	0.303951834027294	0.728183333931171	0	0.029791571119976	0	0.0292482924507668	0.0289298052305299	0.0277951939198261	0.355461034011464	0.368216814915724	0	0.0796345267805975	0	0.305075059086804	0.0273861475274667	0.317319270996509	0.0281115217189128	0.0292507612240575	0	0.325647750700163	0.02694234133565	0.617936047539075	0.067160734297392	0	0	0.0269327222271847	0.69257959204569	0.0265888385385113	0.284545425534087	0	0.612955206737864	0.0405764404583741	0.0587812206848692	0.307766812653222	0	0.0282218840402307	0	0.549211490801027	0.299201117452746	0.383097135494408	0	0	0.272394463722762	0	0	0	0	0.26704741223458	0.564170881368674	0.0399489316346346	0	0	0	0	0	0	0.0338403157931967	0.0421393628813559	0	0.253230821609479	0	0.0415957186666674	0	0.0238453304784287	0	0	0.0472713716749041	0.0493746296714184	0	0	0	0	0.0826437804864738	0	0.162796804624816	0	0.13769928750467	0.145493700831013	0.0308988231428788	0	0.173743160510672	0	0	0.482916465910839	0.444402314916565	0.453765468118647	0.472689042169024	0.472731129717971	0.464270200027446	0.462187292119965	0.429630269045929	0.503269049479364	0.486390191444311	0.454987895204197	0.466680852676711	0.468109358820279	0	0.450489586481208	0.0899192432640557	0.364421207050134	0.483186294653352	1.36244287360507	0.109932811963713	0.0819380574519544	0.414429380672673	1.25311960959772	0.442598528793523	0.560351624954291	0.919472489530349	1.00737255585754	0.486142877448237	0.948513403774577	0.963558169227244	0	0.653117880593768	0	0.462899189954953	0.845942935122934	0.334565778666136	0	0	0.170085805838323	0.130001150668725	0.148587953177359	0.14094055641239	0.123267983614277	0.118008919614517	0.124789632314422	0.135555082079154	0.150746571874283
SRR16554692	0	0	0	0	0	2.30713101257753	0	0	0	0	0	6.69186306931366	1.53319126202679	0	0	3.89958012393757	0	0	0	0	0	0	0	0	0	0	0	0	0	0	0	0	0	0	0	0	0	0	0	0	0	0	0	0	0	0.742195987788941	0	0	0	0	0	0.715401886539981	1.85342603736046	0	0	0	0.820194572054526	0	0	0.843857327564864	0	3.22932177946022	0.756110578314853	0	0	1.74697342340563	0	0	0	0	0.482270599421031	0	0	0	0	0	0	0	0	1.4313279554557	0	0	0	0	0.389934504242394	0.305477731771191	0	0	0	0.726513251447015	0	0	0	0	0	0	0	0	0.297141430982066	0	0	0	0.27242877842472	0	0	0	0.547473965481967	0	0	0	0.489972302873928	0	0	0	0	0	0	0	0	0.276178203014087	0	0	0	0	0	0	0.283600279851409	0	0	0	0	0	0	0	0	0	0	0	0	0	0	0	0	0	0	0	0	0	0	0	0	0	0	0	0.228747447498977	0	0	0	0	0	0	0	0	0	0	0	0.520976942714116	0	0	0	0	0	0	0	0	0	0	0	0	0	0	0	0	0	0	0	0	0	0	0	0.193776774027373	0	0	0	0	0.510465872511664	0	0	0	0	0	0	0	0	0	0	0	0	0	0	0	0	0	0	0	0	0	1.35573538883112	0	0	0	0	0	0	0	0	0	0	0	0	0	0	0	0	0	0	0	0	0	0	0	0	0	0	0	0	0	0	0	0	0	0	0	0	0	0.515949010368873	0	0.187843164812913	0	0	0	0	0	0.470706525814249	0	0	0	0.469524831777877	0	0.509732083212474	0	1.07154526922794	0	0	0	0.190505789118679	0	0	0	0	0	0.330782054605491	0	0	0.349286761948235	0	0	0	0	0	0	0	0	0	0	0	0	0	0	0	0	0	0	0	0	0	0	0	0	0	0	0	0	0	0	0	0	0	0	0	0	0	0	0	0	0	0	0	0	0	0	0	0	0	0	0
SRR16554693	6.9089181958412	4.32569154141457	3.30718871706563	3.25896107711376	2.94490481542376	0	0	2.65885322416065	2.46689940283602	2.74629448217757	2.44991147873685	0	0	0	0	0	2.06395870733042	0	0	0	0	0	0	0	0	0	1.81132688967921	0	0	0	0	0	0	0.186189233628019	0	0	0	2.28158892773461	0	0	0.196812812255481	0.252268557327584	1.64570531590831	0	1.60721706228836	0	0	0	0	1.19768945593264	0	0	1.86637968269886	0	0	0	0.263786910994623	0	0	1.21479351724275	0	1.84874789244461	0.103882584138988	3.95593895833781	1.61442956779596	1.73610927836493	1.46234870383574	0	0	0	1.20233549087887	0.262275774051662	0.277260492990841	1.68369394099764	1.51048324131986	0	0.247744500452271	0.654108832853794	0.238917685804553	0.109369083879035	0.237660326660784	0.232250114260024	0.231187470474905	0.261151301895198	0	0.430547995026864	0.236392801353888	0	0.235853432336217	0.966705595963122	0	0.220197292926645	0.209948365331428	0	0	0	1.04114727960126	0	0.111048383989065	1.66095603077086	0.218545680793037	0	0	0	0.213500038133267	0	0.888255955772873	1.37126712338992	0	0	0.965389700163206	0.6131264944857	0.190528396667192	0	0.194165952064401	0	0	0	0.597929292756684	0.101372064884101	0.220826311999117	0	0	1.53688910842971	0.216259884705233	0	0.100795446865871	0	0.20738506284419	0	0	0	0	0	0	0	0.402666225847967	0	0	0	0	0	0	0	0	0	0	0	0	0	0	0	0	0	0	0	0	0	0.190601399179081	0	1.38183190533408	0	0	0	0	0	0.837617936832	0	0	0	0	0	0	0	0	0	0	0.364835790756585	0	0	0	0.498986775419811	0.166899768568618	0	0	0	0.46667448583273	0	0	0	0	0	0	0	0	0.765591486201025	0.134077395116893	0	0	0	0	0	0	0	0.430844234419196	0	0	0	0	0	0	0	0	0	0	0	0	0	0	0	0	0	0	0	0	0	0	0	0	0	0	0	0	0	0	0	0	0	0	0	0	0	0	0	0	0	0	0	0	0	0	0	0	0	0	0	0	0	0	0	0	0	0	0	0	0	0	0	0	0.109583765595764	0	0	0	0	0	0	0	0.272080642685312	0	0	0	0	0	0	0	0	0	0	0	0	0	0	0	0	0	0	0	0	0	0	0	0	0	0	0	0	0	0	0	0	0	0	0	0	0	0	0	0	0	0	0	0	0	0	0	0	0	0	0	0	0	0	0	0	0	0
SRR16554694	6.90778624412681	4.99584416350935	5.56974850185644	4.08525035400361	4.25983358039435	3.49534851954803	0	3.58106016029226	3.91336850583967	3.53869668099931	3.78453156068964	0	2.99225157770412	0	0	0	0	0	0.841785862823809	0	0	0	0	0	0	0	1.86971020291529	0	0	0	0	0	0	0	0	0	0	2.32148259151046	0.189481823230191	0.502706501549645	0	0	0	0	1.22730305417828	1.62047177897372	0	0	0	0	0	1.54286108741287	2.37341322071913	0	0	0	1.00572632257484	0	0.466999685914355	0	0	2.09142955043844	0.146717407608318	1.3257995064995	1.23048986519072	2.65198625512868	0	0.208220833320427	0	0	0	0.196961427334574	0.203362254997041	0	0	0	0.187633659769173	0	0.186892475633402	0.329478761417808	0.179288643930105	0.190836625228368	0.187210417419394	0.188072988387587	0	0	0.187309372116935	0	0.194616406373772	0	0	0.172241663389534	0.164734660276474	1.16654321317803	0	0.833023683951226	0	0	1.02426630918832	0	0	0	0	0	0	0	0	1.0397077121281	0	0	0	0.0753705281930657	0	0	0	0.725822183482364	0	0	0	0.941546043999256	0	0.933546705058091	0	0	0	0	0.86228792669919	0	0	0	1.06802802280085	0	0	0	0	0	0	0	0	0	0	0	0	0	0	0	0	0	0	0	0	0	0	0	0	0	0	0	0	0	0	0	0	0	1.18807058513771	0	0	0	0	0	0	0	0	0	0	0	0	0	0	0	0	0	0	0.70118270571957	0	0	0	0	0	0	0	0	0	0	0	0	0	0	0	0	0	0	0	0	0	0	0	0	0.527601214272456	0	0.416283091796581	0	0	0	0	0	0	0	0	0	0	0	0	0	0	0	0	0	0	0	0	0	0	0	0	0	0	0	0	0	0	0	0	0	0	0.0868746645724128	0	0	0	0	0	0	0	0	0	0	0	0	0	0.807216341559128	0	0.959492704193424	0.80033500643201	0	0	0	0	0	0	0.141884949282746	0.295462307579811	0.551712308038099	0	0	0	0	0	0	0	0	0	0	0	0	0	0	0	0	0	0	0	0	0	0	0	0	0	0	0	0	0	0	0	0	0	0	0	0	0	0	0	0	0	0	0	0	0	0	0	0	0	0	0	0	0	0	0	0	0	0	0	0	0	0	0	0
SRR16554695	0	0	7.70413486533694	7.5958705232778	7.51265501659163	2.64898529112938	0	7.03221334338649	6.32113898145017	7.11952876561622	6.03587794541878	0	1.66160055792159	0	0	0	0	0	0	0	0	0	0	0	0	0	1.03115656215485	0.354192339122105	0	0	0	0	0	1.21339571038709	0	0	0	0	0	0	0.429488990170316	1.05033994601844	0.487624559142969	1.46961282200376	1.61162531470366	0.821970955294223	0	0	0	2.41476410314217	0	0.786416674425502	0.726546002952636	0	0	0	0.521348627268102	0.858517374105329	0	0	0.371298837636284	0.736099212638494	0.381028839967486	0.78391943673834	0.780695309085561	0.69301556006883	0.777681043877715	0	0.146819393099405	0	0	0	0	0.671508667156838	0.953062443572934	0	0	1.03504489408664	0	0.863197088535703	0	0	0	0	0.521793712544654	0	0	0	0	0	0.245837194654523	0	0	0.541754427610792	0	0	0	0	0	0.678574011847368	0	0.164769722118227	0.466946176092621	0	0	0.159629838293074	0	0	0	0.1614352156498	0	0	0	0	0	0	0.175162865552195	0	0.160245176814568	0	0	0.539320342290283	0	0.793505262505212	0	0.173221094309322	0	0	0	0	0.457691025298138	0	0	0	0.180861180984239	0	0	0	0	0.189926215260202	0	0	0	0	0.377357146923474	0	0	0	0	0	0	0	0	0	0	0	0	0	0	0	0	0	0	0.293048334922738	0.753638774851323	0	0	0.174903302377841	0	0.234966248355107	0	0	0	0	0	0	0	0	0	0	0.223044541300801	0.143292854912417	0	0	0	0	0	0	0	0	0	0	0	0	0	0	0	0.162109336792399	0	0	0	0	0	0	0	0	0	0	0	0	0	0	0	0	0	0	0	0.448333400735869	0	0	0	0	0	0	0	0	0	0	0	0	0	0	0	0	0	0	0	0	0	0	0	0	0	0	0	0	0	0	0	0	0	0.126554986066044	0	0	0	0	0	0	0	0	0	0	0	0	0	0	0	0	0	0	0	0	0	0.238631762610081	0	0	0	0.3697795106468	0	0	0	0	0	0.176601898282214	0	0	0	0	0	0	0	0	0	0	0	0	0	0	0	0	0	0	0	0	0	0	0	0	0	0	0	0	0	0	0	0	0	0	0	0	0	0	0	0	0	0	0	0	0	0	0	0	0	0	0	0
SRR16554696	3.03214112759635	2.25309180892494	5.1786605491478	3.17244361354801	3.05054445176009	1.39350876777847	0	2.5787084436251	2.4422046165982	2.37971879447737	2.55522765744678	0	0.981951471962434	5.13835531622425	1.69943437417377	0	0.860899192943571	0	0	4.80087571514437	2.291368707051	2.6449026261512	2.60609696066688	0	0	0	0	0.100220041137484	0.604514750839102	0	0	0	0	0.305223793740243	0	0	0	1.33035513809729	0	0	0	0.270414444084896	2.51004270680869	0.274698526401182	0	0.48492350901226	0.494040561305649	0	0.206657926842556	0.318282595768023	0	0.434097752106566	0	0	0	0	0.381224689555249	0.244882023806286	0	1.48909132634801	0.27459365421429	0	0	0	0	0	0	0	0.0948886359673394	0	1.32786414102177	0	0	0	0	0	0	0	0	0	0	0	0	0	0	0.104119417582853	0	0.327852065346628	0	1.06403382823321	0.164538872520839	0	0	0.311070801600877	0	0	1.27651552237011	0	0.247819739183717	0	0	0.138483490046961	0	0	0	0.145801832132584	0.9316381644679	0	0	0.14603104428165	1.06579042613482	0	0	0.131298227206349	0	0	0.150519537081254	0.131015175720814	0	0.212427970538489	0	0	0	0	0	0.140535039260372	0.222921362059591	0	0	0.127536083849114	0.204542427778936	0.133726462225976	0	0.128691238745004	0.143586124426592	0.141044920546475	0	0	0	0.133382729599862	0.124701444844338	0	0	0	0	0.130107117270844	0	0.140553662276317	0	0.129437424616413	0.125285531205935	0.145690133029178	0	0.130582742495211	0	0.122957510332428	0.130152290134578	0	0	0	0	0	0	0.369552722090195	0	0.217881331630594	0.850609627949132	0	0.129490929026421	0.193719317711082	0	0	0	0	0.131942419405224	0	0	0	0	0.128518616365514	0	0	0	0	0	0	0	0	0	0	0	0	0	0	0	0	0	0	0	0	0	0	0	0	0	0	0	0	0	0	0	0	0	0	0	0	0	0.150238103946254	0	0	0	0	0	0	0	0	0	0	0	0	0	0	0	0	0	0	0	0	0	0	0	0	0	0	0	0	0	0	0	0	0	0	0	0	0	0.200635020956038	0	0	0	0	0	0	0	0.195767036808757	0	0	0	0.17841905302302	0	0.720937275676499	0.103422474689679	0	0	0.146149282111575	0	0	0	0	0	0	0	0	0	0	0.133686148543139	0	0	0	0	0	0	0	0	0	0	0	0	0	0	0	0	0	0	0	0	0	0	0	0	0	0	0	0	0	0	0	0	0	0	0	0	0	0	0	0	0	0	0	0	0	0	0	0	0	0	0
SRR16554699	3.22255712521317	2.70607736987108	4.95823130617553	4.45946634336376	3.76301808402357	2.08506196017722	1.14788555296692	3.35609482164858	3.49429524322575	3.38985633313724	3.35990277936735	2.35443941067979	1.67275087468696	2.13208279806334	1.33799938529945	1.91071059264411	0	0	0	0	1.66445280382375	0	1.65090081697223	0	0	0	1.48176487860947	0.348634352299581	0	0	0	0	0	0	0.896958938972675	0	0	1.54813951900217	1.15809410456341	0	0.491715782025962	0	0	0	2.62156176800929	1.32643483372159	0	0.449555562706975	0	0	0	1.19631649135298	0.995025117926981	0	2.0297854885059	0.78949546663374	0.347610834743443	0	0	0	0	0	0	1.24681743591569	1.44109609163275	0	1.43420464330378	0.50265514073098	0	1.60449171098869	0	0.175576174160639	0.1761526877712	1.04549992330322	1.57993931421668	0	0.172202178917125	0	0.163682121845831	0	0.166264824548511	0.166663988506179	0.157903310669094	0.165966305646916	0	0.318443534867931	0.15728524743278	0	0.159347813641832	0	0	0	0	0	0	0	0	0.440296685222234	0	1.05510627542552	0.278588273057927	0	0	0	0.274777111474547	0	0	0	0	0	0	0	0	0	0	0	0	0	0.26277814278704	0	0.304167272442002	0	0	1.02182582915057	0.267460006319763	0	0	0.287668255395116	0.263373454910699	0	0	0	0.250525443919665	0	0	0	1.58941819814503	0	0	0	0	0	0	0	0	0	0.283103756889309	0	0	0	0	0	0	0	0	0	0	0	0.228458595471626	0	0	0	0.296872933292083	0	0	0	0	0	0	0	0	0	0	0	0	0	0	0	0	0	0	0.271499170734684	0.202842127997782	0	0	0	0.200338580499035	0	0	0.422720434580269	0	0	0	0	0	0	0	0	0	0	0	0.618774197319424	0.408562616515264	0	0.185379018199014	0.625268961604037	0	0	0	0.770030276055657	0	0.644900181359718	0.630410431182966	0.648453158577311	0	0	0	0	0	0	0.601202684174841	0	0.630518978825213	0.61167167313049	0	0	0.593332124851953	0	0	0	0	0.616600498492223	0	0.587179744351486	0	0	0	0	0	0	0	0.561220682799659	0	0	0	0	0	0.600071535818784	0	0	0	0	0	0	0	0	0	0	0	0	0	0	0	0	0	0	0	0	0	0	0	0	0	0	0	0	0	0	0	0.108218644614379	0	0	0	0	0	0	0	0	0	0	0	0	0	0	0	0	0	0	0	0	0	0	0	0	0	0	0	0	0	0	0	0	0	0	0	0	0	0	0	0	0	0	0	0	0	0	0	0	0	0	0	0	0	0	0	0
SRR16554700	2.82778937499439	1.9023270502963	0.399569991862939	0.379717025633274	0	1.0237806185654	0.328923952592776	0	0	0	0	0	0.868323784913735	0.477690952013737	0.283049037985014	0	0.615259105614659	0	0	0.700314820368559	0	0	0	0	0	0	0	0	0.440371817935006	0	0	0	0	0	0	0	0	1.00867467472905	0	0	0	0	0	0.289818722516968	0	0.710499187713683	0	0	0	0.288632154556096	0	0.677919872024474	0	0	0	0	0	0	0	0	0	0	0	0	0	0	0	0	0	0	0	0	0	0	0	0.365480758360466	0	0	0	0	0	0	0	0	0.367158841583956	0.287981498546796	0	0.338074577390978	0	0	0	0	0	0	0	0	0	0	0	0	0	0	0.278026691752795	0	0	0	0	0	0	0	0	0	0	0	0	0	0	0	0	0	0	0	0	0	0	0	0	0	0	0	0	0	0	0	0	0	0	0	0	0	0	0	0	0	0.280128626676048	0	0	0	0	0	0	0	0	0	0	0	0	0	0	0	0	0	0	0	0	0	0	0	0	0	0	0	0	0	0	0	0	0	0	0	0	0	0	0	0	0	0	0	0	0	0	0	0	0	0	0	0	0	0	0	0	0.257439503042241	0	0	0	0.377837931734062	0	0	0	0.289796889724382	0	0.290779909158283	0.267150442411486	0.28213463603754	0	0	0	0	0	0	0.254479762376924	0	0.276823240655085	0.262639294877284	0	0	0.255794201257867	0	0	0	0	0	0	0.264291957289611	0	0	0	0	0	0	0	0.246977374271945	0	0	0	0	0	0	0	0	0	0	0	0	0	0	0	0	0	0	0	0	0	0	0	0	0	0	0	0	0	0	0	0	0	0	0	0	0	0	0	0	0	0	0	0	0	0	0	0	0	0	0	0	0	0	0	0	0	0	0	0	0	0	0	0	0	0	0	0	0	0	0	0	0	0	0	0	0	0	0	0	0	0	0	0	0	0	0	0	0	0	0	0	0	0
SRR16554701	3.25871676339281	2.52428639363754	1.40329587147235	1.52423258790554	1.18275860805505	1.76513278737538	0.37457086514284	1.11507004591776	0.609991356720865	0.617230299559953	0.652142227196337	0	1.42464903335048	1.42693664370196	1.11456364275833	0	0.958726940000413	0	0	2.8148934987566	1.44200118511547	0	1.42015806887804	0	0	0	0	0	0.476344462457137	0.617320581659988	0	0	0	0.134500680876621	0	0	0	1.08057533267602	0	0	0	0.256680666768565	0.667422968667857	0	0	1.11766904750395	0	0	0	0	0	1.01403664073123	0	0	0.266805351426228	0	0.526715455693233	0.118851865856522	0	0.477478805960205	0.172606811708056	0	0.0747142834863819	0	0	0	0	0	0	0.243805044680096	0.370771683954769	0.139763741348301	0.146400595859113	0	0	0	0.142225409140384	0	0.133122730643641	0.29562910152478	0.131237801622698	0.135138449889298	0.133955501931497	0.137458231223699	0	0.381034332010253	0.129661371929992	0.249164423397665	0.132704245172931	0	0	0.121369434523997	0	0.286765626648868	0	0.379196838487949	0.364998655537724	0	0.144942114123081	0	0	0	0	0	0	0	0	0.178310660932975	0.118113963794863	0	0	0	0	0	0.120352818407349	0.324410103923755	0	0	0	0.112111419642747	0	0	0.199075690774992	0	0	0	0.116461596062783	0	0	0	0	0	0	0	0	0	0.504084924370855	0	0	0	0	0	0	0	0	0	0	0	0.0970422069888359	0	0	0	0.219918114004944	0	0	0	0	0.0780443088179913	0	0	0	0	0	0	0	0	0	0.263612841940299	0	0	0	0	0	0.123772410844907	0	0	0.176939245986417	0	0.270388378837922	0	0	0	0	0.306350437970629	0.162518291970892	0.130735175891703	0	0	0	0	0	0.126947195035059	0.120548608293994	0	0	0	0.122817057289576	0.235174062738327	0	0	0	0.270899094929315	0	0	0	0.308351944706014	0	0	0.240504886783644	0.585309163778806	0	0.314687244930196	0.295341425781501	0.296656468568322	0	0.128683257907734	0	0	0	0	0.270308237717162	0	0.27761549437372	0.285021029172047	0	0	0.293988805238327	0	0	0	0	0.285723870198706	0	0.259936406700903	0	0	0	0	0.191915575761791	0	0	0.261965832020199	0	0	0	0	0	0.26544204087432	0	0.109869213586768	0	0	0	0	0	0	0	0	0	0	0	0	0	0	0	0	0	0	0	0	0	0	0	0	0	0	0	0	0	0.0888496072647789	0	0.13866924585672	0	0	0	0	0	0	0	0	0	0	0	0	0	0	0	0	0	0	0	0	0	0	0	0	0	0	0	0	0	0	0	0	0	0	0	0	0	0	0	0	0	0	0	0	0	0	0	0	0	0	0	0	0	0
SRR16554702	5.74926117734747	3.51681136673378	1.05580382946858	0.762218185078207	1.08304463615531	1.87584875720479	3.50795590397607	0.76718793219338	0.699251356473637	0.618193108663169	0.7331995129145	0	2.16921782129377	1.23314144241455	1.39137769862892	0	0	0	0	0	1.50792252199663	2.13213619608452	1.10194082170025	0	0	0	0.809433961930607	0	0	0	0	0	0	0.279783333936159	0	0	0	1.72469117300517	0	0	0.457644143161252	0.354493915634813	0	0	1.11613922923305	0.990709900622081	0	0	0	0	0	0.94035785739904	0.461625338592058	0	0.421290262038028	0	0.242242612875519	0.257715001120355	0	0	0	0.549182342332202	0	0.538999213599112	0.659301319858502	0.531691443981439	0.545829451378095	0	1.92529913691183	0.349350340979796	0	0.284398527739162	0.301339004864019	0	0.608467638813191	0	0.285054679608525	0	0.318793691754625	0	0.292269787829622	0.281972483246216	0.275041038904348	0.281605488312736	0.480240354984991	0.307334628539819	0.272780919806134	0	0.276162307426615	0.157408674188538	0	0.254845867544875	0.248109860465636	0.485398105825496	0	0	0	0	0	0	0	0	0.410287141462746	0	0	0	0	0	0.113561762603555	0	0	0	0.242797594426407	0	0.257937369154451	0	0	0	0	0	0	0.498867283733658	0.553358121696576	0	0	0	0	0	0	0	0.424756404051819	0	0	0	0	0	0	0	0	0	0	0	0	0	0.37549585572486	0	0	0	0	0	0	0	0.54195458901961	0	0	0	0	0	0.485200975450712	0	0	0	0	0	0.529600356022694	0	0	0	0	0	0.242148240219635	0	0	0.138061310015405	0	0	0.438957791031715	0	0	0	0	0	0.425338929725981	0	0.178784293291673	0.139526992608434	0	0.548136935909869	0	0.774302474269325	0	0.13616036647807	0.134975249415563	0	0	0	0.1464004182205	0	0.126397668221234	0	0	0	0.735377529400256	0	0	0	0.12358416652306	0	0	0	0	0	0	0	0	0.151563269022519	0	0	0	0	0	0	0	0	0.623564104209404	0	0	0	0	0	0.130246962508203	0	0	0	0	0	0	0	0	0	0	0	0.604233961675284	0	0	0	0.593989244842086	0	0	0	0	0	0	0	0	0.110591675473391	0.557204301726968	0	0	0.131750457371466	0	0	0	0.0990649795318736	0.141288087665334	0	0	0.111325477320642	0	0	0	0	0	0	0.128921405041972	0	0.120716093495592	0.17069428927823	0	0	0	0	0	0	0	0	0	0	0	0	0	0	0	0	0	0	0	0	0	0	0	0	0	0	0	0	0	0	0	0	0	0	0	0	0	0	0	0	0	0	0	0	0	0	0	0	0	0	0	0	0	0	0	0	0	0
SRR16554703	0.272661365851113	0.436307478095187	0.680173702040988	0.574683716482083	0.605001457239771	0.57659341149311	0.396805437348387	0.607145475176387	0.503635315926936	0.509677121432581	0.509002345419925	0.472056044030652	0.579317698840547	0	0	0.362098324986709	0	0.0969728941082615	0	0	0	0	0	0	0	0	0.328030085222532	0.111561985562743	0	0	0	0	0	0	0	0	0	0	0	0	0	0	1.17845027176924	0	0	0.376107886881014	0	0	0	0	0	0.330073683801069	0	0	0	0	0	0	0	0.670103008283223	0	0	0	0	0	0	0	0	0.129120194461319	0	0.628615048997698	0.146021640923631	0.151262826202701	0	0	0.269239204128904	0.15239475030412	0	0.152292165098299	0	0.150636907353329	0.143670110964584	0.147349947607304	0.144959614374525	0.391277034025384	0.0968292252220725	0.164959615347843	0	0.139463689988155	0	0	0.137590040424881	0.131259164096625	0	0.419853702889043	0	0.616666523748096	0	0	0	0	0	0.325624192339656	0.392497418567542	0	0	0.437882101000464	0	0.12843339823751	0	0.487994633755522	0.197753876593504	0	0	0.169973597917856	0	0	0	0	0	0	0	0	0	0	0	0	0	0	0	0	0	0	0	0	0	0	0	0	0	0	0	0	0	0.283425231082647	0	0	0	0.0973883090181979	0	0	0	0	0	0	0	0	0	0	0	0	0	0	0	0	0.0993608999189003	0	0.0981203532447297	0	0	0.46652631935218	0	0	0.145980895159637	0	0	0	0.217947634476229	0	0	0	0	0	0	0.167076612826007	0.161466170967658	0	0.202183093500701	0	0	0	0.149762814097338	0.155520801430502	0.192046252169744	0	0	0.159817406607147	0.0894825857036799	0.140799926350987	0	0.107321567070002	0	0	0	0	0	0.13366266904101	0.102274757819125	0.164308818276535	0	0	0	0	0	0.160449607623415	0.165457111609601	0.287024270703252	0	0	0.134381857602022	0	0.135164265406727	0	0	0.2014582878201	0.146343284236187	0	0.103237292717655	0	0.141537278880245	0	0	0.102590444169117	0	0.135843180299949	0	0	0	0	0.147336799029582	0.154877646592536	0	0.201111699091984	0	0.13390140470461	0	0.19784074906304	0	0.238678307085881	0	0	0.103807386916372	0	0.148252096880512	0	0.104791578944897	0.189212244377502	0	0.0944328492582901	0	0	0.0791538182786254	0	0.0937669169912915	0	0.126496791785831	0	0.0999617982246604	0	0	0	0	0	0	0	0	0	0	0	0	0	0	0	0	0	0	0	0	0	0	0	0	0	0	0	0	0	0	0	0	0	0	0	0	0	0	0	0	0	0	0	0	0	0	0	0	0	0	0	0	0	0	0	0	0	0	0	0	0	0	0	0	0	0	0	0
SRR16554706	2.53469143447424	2.01028287909509	2.92940610325667	2.73818108968634	7.0984990104314	3.36921915483873	0	2.53426315728053	2.27352767736395	2.44756895065567	2.13796125038936	0	2.95610498016549	0	0	0	0.794294389297355	0	0	0	0	0	0	0	0	0	0.692732992906177	1.36807235072317	0	0.300339915471467	0	0	0	0	0	0	0	1.06282023436731	0	0	0	0	0	0.886872713671858	0	1.23139430740486	0	0	0	1.05215454078972	0	1.24155711826011	0	0	0.431889373913905	0	0	0	0	0	0	0	0	0	0	0	0	0	0.621800633275544	0.373542352172748	0	0.135493752322699	0.135455171811983	0	0	0.281479546750556	0.141530036448282	0	0.13129718374586	0	0.128770515987439	0.131369649244582	0.132433679327951	0.153946547147192	0	0	0.139748633955386	0	0.127406584959644	0	0	0	0	0	0.240102307255126	0.349210975649546	0	0	0	0	0	0	0	0.234270548131875	0	0	0	0	0	0	0	0	0	0	0	0.309974372641826	0	0	0	0	0	0	0	0	0	0	0	0	0	0	0	0	0	0	0	0	0.435771369294438	0	0	0	0	0	0	0	0	0	0	0	0	0	0	0	0	0	0	0	0	0	0.268397024157789	0	0	0	0	0	0	0	0	0.244798357896468	0	0	0	0	0	0	0	0	0	0	0.117604304268917	0	0	0	0.253754323479649	0.283033475422623	0	0	0	0	0	0	0	0	0	2.27072415006836	0.467168506388729	0	0	0.224078574492281	0	0	0	0	0	0	0	0	0	0	0.225003772212852	0	0.169981995347899	0	0	0	0	0	1.32854122184313	0	0	0	0	0	0	0	0	0	0	0	0	0	0	0	0	0	0	0	0	0	0.185186607100567	0	0	0	0	0	0	0	0	0	0	0	0.0969212901406632	0	0	0	0	0	0	0	0	0	0	0.110251495697304	0	0	0	0	0	0	0	0	0	0	0	0	0	0	0	0	0	0	0	0	0	0	0	0	0	0	0	0	0	0	0	0	0	0	0	0	0	0	0	0	0	0	0	0	0	0	0	0	0	0	0	0	0	0	0	0	0	0	0	0	0	0	0	0	0	0	0	0	0	0	0	0	0	0
SRR16554707	2.4436943186835	2.10505932459466	4.43072958655127	2.90642911138054	2.88451924492292	1.8500671853312	0.384726247009911	2.44624205436229	2.74716664220807	2.50757395542562	2.84733926209382	0	1.539016120514	0	0	0	0	0	0	0	0	0	0	0	0	0	1.1856425428331	0.257765663221517	0	0.461278416091675	0	0	0	2.55594114533938	0	0	0	0	0	0	1.09900847577345	3.32629948117755	1.32638166050244	0.511138914252204	0.989119149659737	1.41833466566928	0	0	0	0.939183862581125	0	1.23673146470123	1.22457233648508	0	2.33990952580458	0	0	2.29016151503438	0	0.703740728440271	0.0942645068215346	1.12154707622263	0	1.08989117639149	0.872357965615356	1.1584801195783	0.870640263879751	0	0	0.65641508654629	0.648989188970319	0.132592417256127	0.134014121521123	1.01388749150935	0.912976183359039	0	0.129212723303184	0	0.124540404283639	0.124678770810716	0.124620973595032	0.121140790372341	0.124331952149228	0.14006492475961	1.41928569984344	0.287752754204527	0.133393262630533	0	0.11817376553977	0.488002029614985	0	0.120688899063398	0	0	0	0.253363565988158	0.658058247076871	0	0	0.999282963024996	0	0	0.439108286998357	0	0	0	0.446067588664759	0	0	0	0.501861245439899	0	0	0	0	0.217639993642118	0	0	0.311740437560519	0	0	0	0.227152245168715	1.02564683533211	0	0	0	0	0	0	0	0	0	0	0	0	0	0	0	0	0	0	0	0	0.423773878711013	0	0	0	0	0	0	0	0.261246415233682	0	0	0	0	0.117986094746979	0	0	0	0	0	0	0	0	0.409928853351743	0.157069077616101	0	0	0	0	0	0	0	0.951883312853081	0.235423836925909	0	0	0	0	0.3107353247617	0	0.446158121551154	0	0	0.272715125198024	0.230684177929672	0	0	0	0	0	0	0.0950708271804151	0	0	0.147285854544006	0	0	0	0.431428462264628	0	0	0.2361934631281	0.411024816521736	0	0	0	0.402788877531358	0	0.420317166618726	0.385125423069396	0.389041878981627	0	0	0	0	0	0	0.433579425697918	0	0.415898411644794	0.381878632096027	0.261584428905331	0	0.397955139438254	0	0.0807664243955099	0	0	0.370850329337961	0	0.411679177824495	0	0	0	0	0.117202307091574	0	0	0.383829560896408	0.308298370103454	0	0	0	0.257790178047541	0.362021753279186	0	0	0.168236381766595	0.272059620796394	0	0	0	0.0891593018741541	0.223857833497853	0	0	0	0	0	0	0	0.183062601798891	0	0.15203390264915	0	0	0	0	0	0.162982688578612	0	0.169770065498664	0	0.178571773760914	0	0	0	0	0	0	0	0	0.129143930391031	0	0	0	0	0	0	0	0	0	0	0	0	0	0	0	0	0	0	0	0	0	0	0	0	0	0	0	0	0	0	0	0	0	0	0	0	0	0	0	0	0	0	0	0	0	0	0	0	0	0
SRR16554710	2.91049725339688	2.67193014764486	1.33492199536108	2.57840481704906	1.33811355261462	4.35383241525747	0	1.81514392825604	1.13017535132484	1.25367519687831	0.962178282211582	0.978799660176424	3.46121815931049	0	0	1.03717472056826	0	0	0	4.85376578358217	0	0	0	0	0	0	1.30116034670059	1.10633417890451	0.891603656473361	0	0	0	0.920078034636315	0	0	0	0	0	0	0	0	0	2.11191108240317	0.892430475519717	1.13392556669613	2.80461559155125	0	0	0	1.24994219739348	0	2.59418012573781	0	0	0.689061830300898	0	0	0	0	1.35455308528501	0	0	0	0.636087363714216	0.657773847955151	0	0	0	0	0.546075460771435	1.42747735462336	0	0	0	0.771040614395605	1.49207896230361	0	0.754376483615166	0	0.323710409399356	0	0	0	0	0	0.701172194806119	0	0.42433508881522	0	0	0	0	0	0	0	0	1.25118382149137	0	0.537864087610135	0	0	0	0	0	0	0	0	0	0	0	0.922994028573319	0	0	0	0	0	0	0	0	0.449436911002667	0	0	0	0	0	0	0.458548972658794	0	0	0	0	0	0	0	0	0	0.414693051583212	0	0	0	0	0	0	0	0	0	0	0	0	0	0	0	0	0	0	0	0	0	0	0	0	0	0	0	0	0	0	0	0	0	0	0	0	0	0	0.708434884502987	0	0	0	0	0	0	0	0	0	0	0	0	0	0	0	0	0	0	0	0	0	0	0	0	0	0	0	0	0	0	0	0	0	0	0	0	0	0	0	0	0	0	0	0	0	0	0	0	0	0	0	0	0.207650897080012	0	0	0	0	0	0	0	0	0	0	0	0	0	0	0	0	0	0	0	0	0	0	0	0	0	0	0	0	0	0	0	0	0	0	0	0	0	0	0	0	0	0	0	0	0	0	0	0	0	0	0	0	0	0	0	0	0	0	0	0	0	0	0	0	0	0	0	0	0	0	0	0	0	0	0	0	0	0	0	0	0	0	0	0	0	0	0	0	0	0	0	0	0	0	0	0	0	0	0	0	0	0	0	0	0	0	0
SRR16554711	9.38033710698464	5.77117209720868	0.416077518741477	0.270231441675948	0	0	0	0	0	0	0.633312787966005	0	0	4.00857716370555	3.37286689799241	0	0	0	0	0	3.21116531033654	0	3.25807774182117	0	0	0	0.849850321322698	0	0	0	0	0	0	1.47983532716531	0	0	0	3.28687387724837	0	0	0	0.942135941766923	0	0	0.784053142439947	0	0	0	0	0	0	0	0.790737930303715	0	0	0	0	0.63913106282093	0	0	0.390834971557122	0.86599874702962	0.148157570483082	1.10118753966428	0.919314447154254	0.826706757804037	0.765767133695002	0	0	0	0	0	0	0.745765487763125	0.761602781453197	0	0	0	0	0	0	0	0	0	0	0	0	0	0	0.296037122399201	0	0	0	0.554031642159816	0	0	0	0	0.295846460607434	0.883803868032918	0.519504724411786	0	0	0	0.548294749189942	0	0.270413462811111	0	0	0	0	0	0	0	0	0	0	0	0	0.266541982234881	0.52170295668311	0.446139822824722	0	0.798084865302733	2.30403259878585	0	0.264837914918758	0	0.493199612878125	0	0.422985822258408	0	0.480801408843233	0	0	0	0	0	0	0	0	0	0	0	0	0	0.511581754018217	0	0	0	0	0	0	0	0	0	0	0	2.50013587953468	0	0	0	0	0	0.508373962293745	0	0.276088078223372	0.496545205218609	0	0	0	0.218147062157801	0	0	0	0	0	0	0	0	0	0	2.38671442501593	0	0	0	0	0	0	0	0	0	0	0	0	0.907385482605587	0	0.464631392170834	0	0.210621179231849	0	0	0	0	0	0	0	0	0	0	0	0	0	0	0	0	0	0	0	0	0	0	0	0	0	0	0	0	0.108631015617168	0	0	0	0	0	0	0	0	0.100406991074001	0.37565716192091	0	0	0	0	0	0	0.362396460708013	0	0	0	0	0.502403119996196	0	0	0	0	0	0	0.989481852986086	0	0	0	0	0	0	0	0	0	0	0	0	0	0.26085050976012	3.25173377595755	0	0	0	0	0	0.909809830160312	0	0	0	0	0	0	0.758687403175282	0	0	0	0	0	0	0	0	0	0	0	0	0	0	0	0	0	0	0	0	0	0	0	0	0	0	0	0	0	0	0	0	0	0	0	0	0	0	0	0	0	0	0	0	0	0	0	0	0	0
SRR16554712	28.0877753387404	17.8635086774206	0	0	0	0	0	0	0	0	0	0	0	0	0	0	0	3.58555142891927	0.976301494167187	0	0	0	0	2.82335392777287	2.66935775150414	0	0	0	0	0	0	0	0	0	0	0	0	0	0.798630029183621	0.763732276206858	0	0	0	0	0	0	0	0	0	0	0	0	0	0	0.223936176591993	0	0	0	0.701081080710274	0	0.492958764584581	0	0.409029664791862	0	0	0	0	0.851450809051595	0	0	0	0	0	0	0	0	0	0	0	1.7422857319925	0	0	0	0	0	0	0	0	0	0	0	0	0	0	0	0	0	0	2.93958671864145	0	0	0	0	0	0	0	0	0	0	0	0	0	0	0	0	0	0	0	0	2.48746423499891	0	0	0	0	0	0	2.51561903797455	0	0	0	0	0	0	0	0	0	0	0	0	0	0	0	0	0	0	0	0	0	0	0	0	0	0	0	0	0	0	0	0	0	0	0	0	0	0	0	0	0	0	0	0	0	0	0	0	0	0	0	0	0	0.372684280932771	0	0	0	0	0	0	0	0	0	0	0	0	0	0	0	0	0	0	0	0	0	0	0	0	0	0	0	0	0	0	0	0	0	0	0	0	0	0	0	0	0	0	0	0	0	0	0	0	0	0	0	0	0	0	0	0	0	0	0	0	0	0	0	0	0.582245902129929	0	0	0	0	0	0	0	0	0	0	0	0	0	0	0	1.02890617982668	0	0	0	0	0	0	0	0	0	0	0	0	0	0	0	0	0	0	0	0	0	0	0	0	0	0	0	0	0	0	0	0	0	0	0	0	0	0	0	0	0	0	0	0	0	0	0	0	0	0	0	0	0	0	0	0	0	0	0	0	0	0	0	0	0	0	0	0	0	0	0	0	0	0
SRR16554733	0	0	0	0	0	0	2.66054473883753	0	0	0	0	21.5856900284945	0	0	0	6.97741682975445	1.27916406745591	0	0	0	0	0	0	0	0	0	0	0	0	0	0	0	0	2.0296473773921	0	0	0	0	0	0	0	1.70662253536628	1.48116815335761	1.32369449749988	0	0	0	2.38619840304495	0	1.33776725136472	0	0	0	0	0	9.86297074841712	0.339176069612918	1.50203797761447	0	3.65532670789751	0	0	0.162489401419706	0	0	0	0	0	0	0	2.08373642576026	0.184608059075297	0.192033693202453	0	0	0	0.18177184998942	0	0.182815071871117	0	0.174396891339648	0.174956624672038	0	0.185117479550133	0	0	0	0	0.169596588209416	3.03950318893135	0	0	0	0	0	0.373583473110416	0	2.3101120261941	0	0	0	0	0	0	0	0	2.38640541588158	0	0	0	2.11227956759485	0	0	0	0	0.310162765492257	0	0	0	0	0	0	0	0	0	0.276130437870099	0	0	0	0	0	0	0	0	0.258503691814458	0	0	0	0	0.274970639631799	0	0	0	0	0	0	0	0	0	0	0	0	0	0	0	0	0	0	1.1779350430639	0	0	0	0	0	0	0	2.25627131548258	0.245466033556617	0	0	0	0	0	0.318179603329337	0	0	0	0	0	0	0	0	1.04999630225568	0.86658211149863	0.346205083979746	0.330337787400897	0	0	0	0	0	0.341544024705115	0.341251477189014	0	0	2.24635422898314	0.365055478136428	0.220719472870033	0.330870878444443	0	0	0	0	0	0	0	0.305940239486548	0	0	0	0	0	0	0	0.333677962130766	0.376454748248597	0	0	0	0.289032018543651	0	0.299466067658691	0	0	0	0	0	0	0	0	0	0	0	0	0.324740217114865	0	0	0	0.184639370579072	0.330725556422213	0	0	0	0	0	0	0	0	0	0	0	0	0	0	0	0.183680559932558	0	0.370986201795673	0	0	0.149846503169337	0	0	0.155942579433742	0.218575089430076	0	0	0.182708562032257	0	0	0	0.1539183707038	0	0	0.201844517246872	0	0.193173075473804	0	0	0	0	0	0	0	0	0	0	0	0	0	0	0	0	0	0	0	0	0	0	0	0	0	0	0	0	0	0	0	0	0	0	0	0	0	0	0	0	0	0	0	0	0	0	0	0	0	0	0	0	0	0	0	0	0	0	0
SRR16554735	1.87873432750751	1.27080607744843	0	0	0	0	0	0	0	0	0	0	0	0	0	0	0	0	0.61939066014643	0	0	0	0	0	0	0	0	0	0.205293754501838	0	0	0	0	1.3831667410117	0	0	0	0	0	0.367474457551788	0	1.53154131203897	1.29169401894253	0	0	0	0	0	0	0	0	0	0.933238076350855	0	0	0	0	4.29827283392836	0.363411721311345	0.855929945360919	0	0.7901050616018	0	0	0	0.991340334609954	0	0	0	0	0.856277455837542	0	0	0	0	0	0	0	0	0.202759630250956	0	0	0	0	0	0	0	0	0	0	0	0	0	0	0	0	0.72686995937392	0	0.466709669910023	0	0	0	0	0	0	0	0	0	0	0	0.630169659457974	0	0	0	0	0	0	0	0	0.444165788864485	0	0	0	0	0	0	0.885608100846541	0	0	0	0	0	0	0	0	0	0	0	0	0	0	0	0	0	0	0	0	0	0	0	0	0	0	0	0	0	0	0	0.274800457619786	0	0	0	0	0	0	0	0	0	0	0	0	0	0	0	0	0	0	0	0	0	0	0	0.251797532259732	0	0	0	0	0	0	0	0	0	0	0	0	0	0	0	0	0	0	0	0	0	0	0	0	0	0	0	0	0	0	0	0	0	0	0.532953162233021	0	0	0	0	0	0	0	0	0	0	0	0	0	0	0	0	0	0	0	0	0	0	0	0	0	0	0	0	0	0	0	0	0	0	0	0	0	0	0	0	0	0	0	0	0	0	0	0	0	0	0	0	0	0	0	0.463104141159932	0	0	0	0	0	0	0	0	0	0	0	0	0	0	0	0	0	0	0	0	0	0	0	0	0	0	0	0	0	0	0	0	0	0	0	0	0	0	0	0	0	0	0	0	0	0	0	0	0	0	0	0	0	0	0	0	0	0	0	0	0	0
SRR16554736	4.71078619457613	3.23979590077446	1.46771514746125	1.3816504887517	1.91183448862388	0.917830316272256	0.684104169214605	1.45222545388194	1.10385333646369	1.30770714844906	1.12951066582102	0	0.983416474757068	0.909779436664754	0.635653964538784	0	1.06236443919402	0	0	0	0.77457110830996	0	1.14451897169262	0	0	0.638443571941497	0.629197093630335	0.548848792669578	0	0	0.576340810230739	0.606966623945228	0	0.532031534123409	0	0	0.615451816235771	0	0	0	0.574836192180423	0.540918983608391	0.841792077155605	0.46947709905856	0.320198167098499	0.437076149441396	0	1.64555158214166	0	0.348194491298256	0	0.407359448928953	0	0	0.25372986773238	1.3455976741599	0.113767795994014	0.3619465295892	0.0979862862983999	0.630399548735933	0.132561092239152	0	0.228779620286886	0	0.406108403298355	0	0.618479371420385	0	0	0.255500752009457	0.525815168935458	0	0	0	0.2139371473059	0	0	0	0	0	0	0	0	0	0.609913737082388	0.924817301251206	0	0	0	0	0	0	0	0	1.27679076184487	0.463524804230231	0.496818658004184	1.11646463921782	0	0	0	0.17706580380145	0.427234059721569	1.25104203367862	0	0.164016740387506	0	0	0.200246676029634	0.164000486133024	0.395036935402865	0	0	0	0	0.388757960630363	0	0.187507804625672	0.255638446452907	0	0	0	0	0	0	0.173020561824327	0	0	0	0	0	0	0	0	0.180407379764116	0	0	0	0	0.196201142287458	0	0	0	0	0.382943853617161	0.228809714442873	0	0	0.155355566587273	0	0	0	0	0	0	0	0	0.13187796751174	0.559629413145334	0	0.148222172345108	0.161939580227695	0	0.370909244986048	0	0	0	0.328429058078061	0	0.249518027030996	0	0	0	0.176426795879286	0.167850014587274	0	0	0	0	0	0	0.219807374113559	0.497358972341246	0.412936304212848	0.197666477184025	0.183203779266808	0.185880796479374	0.379568689935319	0.175216771640777	0.390401356492859	0	0.184161197677982	0.175298389955804	0	0.205882269909346	0	0.198263570816889	0.304550117033162	0	0	0.219145852828487	0	0.344613065287969	0	0.16055642143837	0	0	0.198295702746984	0.320182421932149	0	0	0	0	0	0.214125790510908	0	0	0	0	0	0	0.180380418899454	0	0	0.391715758514522	0	0	0.203521479160216	0.174366313193938	0.478173214387748	0	0	0.192055831621868	0	0.185227401111007	0.453432221674377	0.193627703685084	0.17787514859905	0.244540248952397	0	0	0	0.370679635051351	0.177491191082016	0	0	0.355788736978673	0	0	0	0.20764754096725	0	1.95306927084744	0	0.30137646282724	0.174282300227337	0.344724430828181	0	0.307500913524829	0	0	0	0	0.13550025893318	0	0	0	0.118867878185162	0.465410533976184	0	0	0	0	0	0	0	0	0	0	0.24419936269569	0	0	0	0	0	0	0	0	0	0	0	0	0	0	0	0	0	0	0	0	0	0	0	0	0	0	0	0	0	0	0	0	0	0	0	0	0	0	0	0	0	0	0	0	0	0	0	0	0	0	0	0	0	0	0	0
SRR16554739	0	0	0	0	0	0	0	0	0	0	0	0	0	0	0	0	22.686098521831	0	0.529311206779129	0	0	0	0	0	0	0.172867722699579	0	0	0	0	0.156092915786577	0.161746652958681	0	17.6289869899363	0	0	0.160523696793297	0	0	0.35223864615529	0	14.3876309174016	0	0	0	0	0	0	0	0	0	0	0	0	0	0	0.726210029439557	14.2073419806897	0	0	0	0	0.700951764930219	0	0	0	0	0	0	0	0	0	0	0	0	0	0	0	0	0	0	0	0	0	0	0	0	0	0	0	0.467977596819568	0	0	0	0	0	0	0	0.460902171163563	0	0	0.39876202990735	0	0	0	0.407947288247681	0	0	0	0.431876577211861	0	0	0	0.334521183926717	0	0	1.24550984580566	0.358428132968611	2.15160088108608	0.452399897383723	0	0	0	0	0	0.391599511029758	0.479488429369757	0	0	0	0	0	0	0	0.332282316988872	0	0	0	0	0	0	0	0	0	0	0	0	0	0	0	0	0.440119375897567	0	0	0	0	0	0	0	0	0	0	0	0	0	0	0	0.322337459428206	0	0	0	0	0	0.509245622218861	0	0	0	0	0	0	0	1.09235353439186	0	0	0.539201028791866	0.535252178734725	0.824303327477065	0	0	0	0	0.586347798954141	0.635581168261091	0	0	0	0.588958929943768	0.294942111883375	0.478850485630738	0	0	0	0	0	0.733382775645745	0	0.454528874658881	0	0	0	0	0	0	0	0.507974775937101	0.579086237048753	0	1.18064814880954	0	0.421830177907394	0	0.447924330359077	0	0	0	0.424002946222516	0	0	0	0	0	0	0	0	0.484097203345671	0	0	0	0.251181999630766	0.503250082334278	0	0	0	0	0	0	0	0	0	0	0	0	0	0	0	0	0	0	0	0	0	0.238622985965957	0	0	0	0.436278511629219	0	0	0	0.341001885142754	0	0.987739375916675	0	0	0	0	0	0	0	0	0	0	0	0	0	0	0	0	0	0	0	0	0	0	0	0	0	0	0	0	0	0	0	0	0	0	0	0	0	0	0	0	0	0	0	0	0	0	0	0	0	0	0	0	0	0	0	0	0	0	0	0	0	0	0	0
SRR16554742	3.55500913439748	2.38374630174634	0	0	0	2.081607109879	0	0	0	0	0	0	1.63159601439036	1.45203319799292	1.76683416008825	0	0.982456607531808	0	0	1.29149950674765	1.46174131799958	0	1.15501018713939	0	0	0	0.856561082199868	0	0.343879764018119	0	0	0	0	0	0	0	0	1.15713011733619	0	0	0	0	0.622027234320655	0	0.804634509759049	1.30535528025244	0	0	0	0	0	1.17703091579154	0	0	0.52739531736263	0	0.292308128420987	0	0	0.475619020657566	0.0938008590895571	0	0	0.428507535547653	0.501797028679249	0	0.411887821868957	0	0	0.450001472874577	0.419519007309374	0	0	0	0.490005608196703	0	0	0	0	0	0	0	0	0	0	0.179292953977536	0	0	0	0.349261113813618	0.194106653305005	0	0	0	0	1.12761307531944	0.376160287737523	0	0.295325032686182	0	0.797433309059625	0.15904475080686	0	0	0.859754265655825	0.152987575009737	0.319706778464584	0	0	0.165884259561485	0.329396237290007	0	0	0.138834736450605	0	0.611142460764629	0.181243357114359	0.15599977844184	0	0.26859972304969	0.779858278074533	0	0	0	0.806461416066903	0.173163933532097	0.254642843811957	0.715988799520623	0.734431932496035	0.139566069731644	0	0.154226207344687	0.73030839466494	0.159666832523275	0.152741441304892	0.153036832718803	0	0.150615201268996	0.133776072432392	0.15399257278447	0.13339629814304	0.140133761531736	0.147423129502866	0.185403159797232	0	0.150638067648187	0.75641231092679	0.137749674209509	0	0	0	0.155313956048843	0	0.137532796570953	0	0	0.14169519709653	0	0	0.136561635559224	0	0.148541257380393	0.72383766516223	0.348747462244068	0	0	0	0.151132995839909	0.157964983879408	0.174690128342369	0	0	0.146506566107235	0.158429971389646	0.140304832758512	0	0	0.520626885731628	0	0.130474605202107	0	0	0	0.545942622953417	0.19392683334244	0.170944973862308	0	0	0	0	0	0.165139366243149	0.156123161053972	0	0	0	0.167719354393954	0.136357847275605	0.146688972851829	0	0	0.646871499696022	0	0.606404135985945	0	1.17311657409922	0.145555651635865	0	0.425382618868037	0.704844701781128	0	0.667265923707503	0.64355840957376	0.65468993447353	0.15214822029633	0.165935974803234	0	0	0.586501539810849	0.135912846124401	0.621467384701774	0.140814020926018	0.626802487715958	0.63259966131797	0	0.143566497210059	0.632822730863917	0	0	0.337495970217075	0	0.61048972526188	0	0.590912112086182	0.140786929970247	0.334283382862532	0	0	0.114696273034156	0.149341287510447	0	0.583708528196632	0	0	0	0	0	0.584002091659614	0	0	0	0.147551775555696	0.329903347988717	0	0	0.209383994142214	0	0.243833409061554	0	0	0	0	0	0.214897145491403	0	0	0	0.186625124712347	0.333222302363418	0	0	0	0.168084338408673	0	0	0	0	0	0.154138548665094	0.143775035687554	0	0.163596965104195	0	0	0.132687976197425	0.173599702388335	0	0	0	0	0	0	0	0	0	0	0	0	0	0	0	0	0	0	0	0	0	0	0	0	0	0	0	0	0	0	0	0	0	0	0	0	0	0	0	0	0	0	0	0	0	0	0	0	0	0
SRR16554745	5.07485756564265	3.8511567160322	8.1940027446868	6.96709953882173	6.26943708693011	0.769236597367374	0	5.5192469977109	6.33808616949277	5.62094214821882	5.85763781637349	1.9389213483921	0.689756951499222	0	0	2.11999187685769	0	0	0	0	0	0	0	0	0	0	0	0	0.992154854074447	0	0	0	0	0.745570005362626	0	1.1512322696921	0	2.12176638759373	0	0	0	1.41303267557177	0	0	0	0	1.14113406979388	0	1.19304007978777	0.44209712609646	1.17756474290441	0.378935007651348	0.533727051686814	1.11109223969684	0	0	0.359156699178788	0.662120117414131	0	0	0.492791627952363	0.55323536871388	0	0	0	0.727748105646579	0	0	0	0	0	0.302741268705687	0.289836263494122	0	0	0	0.281195779898556	1.00667789889486	0.285825509729806	0	0.270070831426094	0.286237715520449	0.280460843660643	0.298141538016593	0	0	0.257569382973323	0.499518329538288	0.273597148041459	0.339339143260851	0	0.251492531922331	0	0	0	0	0	0	0	0	0.323423655341182	0	0	0	0.331987167935879	0	0.280245309112099	0	0	0	0	0	0	0	0	0	0	0	0.272668358850158	0	0.363139209424888	0	0	0	0.313597314969013	0	0	0	0.303575010481082	0	0	0	0.296291614760198	0	0	0	0	0	0	0	0	0	0	0	0	0	0.325852718843675	0	0	0	0	0	0	0	0	0	0	0	0	0	0	0	0	0	0	0	0	0	0	0	0	0	0	0	0	0	0	0	0	0	0	0.230787821073547	0	0	0	0	0	0	0	0	0	0	0	0	0	0	0	0	0	0	0	0.328342431954276	0	0	0	0.330724354701425	0	0	0.390099689619062	0.347098485834083	0	0.350731779478797	0.373789168177123	0.355984792129829	0	0	0	0	0	0	0.305016357500125	0	0.341898127753749	0.383316285816072	0	0	0.347562587317597	0	0	0	0	0.346570655201183	0	0.339623929386073	0	0	0	0	0	0	0	0.316828559978636	0	0	0	0	0	0.32404579186297	0	0	0	0	0	0	0	0	0	0	0	0	0	0	0	0	0	0	0.232718046964966	0	0	0	0	0	0.262293166084017	0	0	0	0	0	0.210960826112136	0.253740880741496	0.213749596551473	0	0.197637402251809	0	0	0	0	0	0	0	0	0	0	0	0	0	0	0	0	0	0	0	0	0	0	0	0	0	0	0	0	0	0	0	0	0	0	0	0	0	0	0	0	0	0	0	0	0	0	0	0	0	0	0	0	0
SRR16554746	0	0	5.71689919695731	6.05481947465247	6.15395721717953	1.36459536764617	0.201984981426851	6.57223454598826	5.34144742321751	6.31686018836556	4.57944269517592	4.60664250123007	1.13192873531217	0	0	2.9604190039649	0	0	0	0	0	0	0	0	0	0	2.63043288894482	0	0	0	0	0	0	0.765335801544556	0	0	0	0	0	0	0.80129470015684	1.66716949726771	0	0.217726981380614	0.94934384986284	0.508811589924735	0	3.84716626325774	0	0.290890206869543	0	0.452230470702975	0.726282094224104	0	0	2.8803069387871	0.315686846768722	0.680648778668171	0	0.402995259569147	0.176818561291597	0	0	0.747994378080034	0.778672907422619	0.780685067651584	1.11817799925351	0	0	0	0.382034580389504	0	0	0	0.940075135504062	0	0	0	0	0.0931232379845454	0	0	0	0	0	0	0	0	0	1.51487401508731	0	0	0	0	0	0	0	2.2946105569543	0.148397544914038	0	0.327768789979181	0	0	0	0.343395291698661	0	0.449595642542128	0	0	0	0.401819250012178	0	0	0	0	0	0	0	0.147667609446231	0.131128462134462	0.336484183688764	0	0	0	0.321514903174917	0	0.146683585289842	0.522380830063512	0.33875786213376	0	0	0	0.310316412944601	0	0	0	0	0	0	0	0	0	0	0	0	0	0.311423805915496	0	0	0	0	0	0	0	0	0	0	0	0	0	0	0	0.386351735647439	0	0	0	0.423412362304216	0.130737512406942	0	0	0	0	0	0	0	0	0	0	0	0	0	0	0	0	0	0	0	0	0	0	0	0	0	0	0	0.404614921920361	0	0.221632898174902	0	0	0	0.232687594028111	0	0	0	0.228773883987235	0	0	0	0.244366019323522	0.104991376727025	0.227296972718644	0.231790590988409	0.219074277607309	0	0	0	0.114684382083167	0	0	0.224620171929192	0	0.237152720021483	0.231547383310306	0	0	0.219295841305855	0	0	0	0	0.217707688895078	0	0.209929540848642	0	0	0	0	0	0	0	0.216722593336964	0	0	0	0	0	0.227252601997693	0	0	0	0.287907194944322	0	0	0	0	0	0.123879548518685	0	0	0	0	0	0	0.180622721184765	0	0	0	0	0	0	0	0.157382512734708	0.104430192107314	0.179056359644819	0	0.191052894631977	0	0.164879350003087	0	0	0	0	0	0	0.152844313167662	0	0	0	0	0	0	0	0	0	0	0	0	0	0	0	0	0	0	0	0	0	0	0	0	0	0	0	0	0	0	0	0	0	0	0	0	0	0	0	0	0	0	0	0	0	0	0	0	0	0
