feature	metadata	value	coef	stderr	N	N.not.0	pval	qval
semibin_SRR13068843.38	age	age	-0.179609293871469	0.0420779316134992	221	12	2.95324915734942e-05	0.238858791846421
semibin_ERR12405998.5_sub	age	age	0.177915171063652	0.0489211290540291	221	11	0.000344894572045608	0.69737682467622
semibin_SRR16168900.4	age	age	0.19910440433317	0.0531048496498174	221	11	0.000227479039004118	0.69737682467622
metabat_ERR12406000.21	age	age	0.18849385557117	0.0510760324524914	221	11	0.000283151689118247	0.69737682467622
metabat_SRR16554674.5	response	R	0.569889773970684	0.397891823845836	221	176	0.153516035153468	0.80461372852737
maxbin_SRR13022355.014	response	R	0.547689469492115	0.350142684645264	221	176	0.119241911386932	0.80461372852737
metabat_ERR12405975.5_sub	age	age	0.50062155647773	0.19414378739814	221	164	0.01058413136367	0.80461372852737
semibin_SRR13022325.6	age	age	0.446342258582584	0.188966065723792	221	160	0.0190652999917265	0.80461372852737
semibin_SRR16554706.23	age	age	0.480089225017402	0.213838844127054	221	157	0.0257744504094725	0.80461372852737
semibin_SRR23364195.41	age	age	0.407997200545253	0.187473968538809	221	134	0.0306173396515095	0.80461372852737
metabat_SRR13022352.3	age	age	0.415976416802183	0.19580206190052	221	152	0.0347658158117517	0.80461372852737
semibin_ERR12405939.29	age	age	0.416839640167506	0.186922904805358	221	151	0.0267761354356273	0.80461372852737
metabat_SRR16554779.30	age	age	0.351139015205223	0.192386078021098	221	147	0.0693554819419103	0.80461372852737
maxbin_SRR11413655.005	age	age	0.259221054589443	0.171715497956252	221	144	0.132607141249409	0.80461372852737
maxbin_ERR2162217.001	age	age	0.454363720901638	0.194046234007781	221	76	0.0201116635852739	0.80461372852737
maxbin_SRR13022336.003_sub	age	age	0.40712135235913	0.179142559768489	221	130	0.0240319568617332	0.80461372852737
metabat_SRR13022417.2	age	age	0.431205952940133	0.191678937772998	221	73	0.0254763207079072	0.80461372852737
semibin_ERR6281504.148	age	age	-0.14626062246652	0.116191168064786	221	25	0.209470061849275	0.80461372852737
semibin_ERR6281504.148	gender	male	0.491431166464863	0.250875513071714	221	25	0.0514215242595907	0.80461372852737
semibin_ERR6279672.24	response	R	-0.419383395435135	0.222415714986264	221	28	0.0606870912234382	0.80461372852737
semibin_SRR11413653.25	age	age	-0.540477182059524	0.168936343498749	221	68	0.00158449359225627	0.80461372852737
semibin_SRR11413653.25	gender	male	1.17500550461391	0.36473094280559	221	68	0.00147144979095035	0.80461372852737
semibin_SRR11413686.80	gender	male	0.718502385311974	0.305887268871603	221	30	0.0197285962445649	0.80461372852737
metabat_ERR6279614.12_sub	gender	male	0.571143059631665	0.241145287298008	221	22	0.0187491389769585	0.80461372852737
semibin_ERR6232382.49_sub	gender	male	0.427637808162496	0.187572619757787	221	21	0.0235984453872238	0.80461372852737
semibin_SRR11413653.97_sub	age	age	0.338772057421286	0.153952961274929	221	108	0.0288288319625189	0.80461372852737
semibin_SRR11413653.97_sub	gender	male	0.568785376893405	0.332341370475441	221	108	0.0884285209011267	0.80461372852737
metabat_ERR12405990.2	age	age	0.150523299714364	0.102054631269002	221	27	0.141681104115688	0.80461372852737
metabat_ERR12405990.2	gender	male	0.486427196604893	0.219977870256534	221	27	0.0280618086876164	0.80461372852737
metabat_ERR12405990.2	response	R	-0.378916419127005	0.209059513490379	221	27	0.0712939259460172	0.80461372852737
metabat_ERR6232687.8_sub	gender	male	0.270357572900279	0.214645522814337	221	29	0.209200523330486	0.80461372852737
maxbin_ERR6281499.002	gender	male	0.400406656942415	0.182402306423348	221	16	0.0292216362071814	0.80461372852737
maxbin_ERR6279667.001	age	age	0.215789163057203	0.116942754525722	221	23	0.0663632402822097	0.80461372852737
semibin_SRR11413691.62	gender	male	-0.787081511967366	0.319098221014787	221	34	0.0144157882041594	0.80461372852737
semibin_SRR11413691.62	response	R	0.571064633287579	0.30247141720599	221	34	0.0603629348278823	0.80461372852737
metabat_SRR11413649.62	age	age	0.239819444061982	0.113913560818605	221	35	0.0364174813745792	0.80461372852737
metabat_SRR11413649.62	gender	male	-0.394121731392254	0.245743106121043	221	35	0.110216338456683	0.80461372852737
metabat_SRR11413649.62	response	R	-0.325903115730349	0.233163848796227	221	35	0.163619344586853	0.80461372852737
metabat_SRR5930494.64	gender	male	0.295016013615896	0.206933562974864	221	28	0.155422121117284	0.80461372852737
metabat_ERR12405981.15	response	R	-0.380354553179913	0.29438728161459	221	69	0.19773682662177	0.80461372852737
maxbin_SRR11413649.010	age	age	0.275966431395233	0.125259510032471	221	41	0.0286356497629854	0.80461372852737
maxbin_SRR11413649.010	response	R	-0.470063326021053	0.2565948443673	221	41	0.0683328427641234	0.80461372852737
maxbin_SRR13068842.057_sub	response	R	-0.330733238954542	0.15475674699133	221	25	0.0337074215200754	0.80461372852737
metabat_SRR16554646.5	age	age	0.24292729638408	0.172090034940691	221	56	0.159491460057681	0.80461372852737
metabat_SRR20881978.24	age	age	0.207323089166356	0.162995584018669	221	97	0.204761627791314	0.80461372852737
semibin_SRR6000905.60_sub	age	age	0.16942309737006	0.134470152241172	221	77	0.209047600244956	0.80461372852737
semibin_SRR16554630.20	age	age	0.238541209887176	0.145718226354124	221	96	0.1030949123432	0.80461372852737
metabat_ERR6271719.4	age	age	0.21271516657005	0.108428338499879	221	33	0.0510638765583981	0.80461372852737
metabat_ERR6271719.4	gender	male	-0.441191565909882	0.233919252557471	221	33	0.0606210988081576	0.80461372852737
metabat_ERR6271719.4	response	R	-0.35822425251873	0.221928283880668	221	33	0.107951077590689	0.80461372852737
semibin_SRR25825509.21	age	age	0.403354789526381	0.168828832583235	221	55	0.0177463719601736	0.80461372852737
maxbin_SRR5930501.002	age	age	0.210766158653455	0.112885124875701	221	31	0.0632386931850324	0.80461372852737
maxbin_SRR5930501.002	gender	male	-0.435899378004474	0.243456556546594	221	31	0.0747815081733787	0.80461372852737
maxbin_SRR5930501.002	response	R	-0.367435202419586	0.231120114099579	221	31	0.113336973217201	0.80461372852737
semibin_SRR13022289.13	age	age	-0.191427609518826	0.0839118132965058	221	15	0.023501271990763	0.80461372852737
semibin_SRR13022289.13	response	R	-0.272794364639429	0.171893843970915	221	15	0.113970223952789	0.80461372852737
metabat_ERR12405956.16	age	age	0.26008668790724	0.155276797129059	221	86	0.095380605260992	0.80461372852737
maxbin_ERR12406000.010	age	age	0.198941601757529	0.105579742727106	221	33	0.0608642502179385	0.80461372852737
maxbin_ERR12406000.010	gender	male	-0.410346259122505	0.227576217350911	221	33	0.072757270995509	0.80461372852737
maxbin_ERR12406000.010	response	R	-0.355621835913892	0.216280725083296	221	33	0.101570337979916	0.80461372852737
metabat_SRR6000877.7	age	age	0.179114722264546	0.140350902325409	221	93	0.203267530960543	0.80461372852737
semibin_SRR13022308.4	response	R	-0.774318575780941	0.326736129142585	221	71	0.0186763481762418	0.80461372852737
metabat_ERR12405930.6	age	age	0.181697183549617	0.0873696045273479	221	27	0.0387347835389227	0.80461372852737
metabat_ERR12405930.6	gender	male	-0.280702122622253	0.188579482275883	221	27	0.138069031349174	0.80461372852737
metabat_ERR12405930.6	response	R	-0.252917245069034	0.178754340330194	221	27	0.158538029506381	0.80461372852737
semibin_ERR6281499.45	age	age	-0.202202341837828	0.0887524082598376	221	15	0.0236837057546117	0.80461372852737
semibin_ERR6281499.45	response	R	-0.282955637142554	0.181809831275506	221	15	0.121087456011799	0.80461372852737
semibin_SRR16554707.35_sub	age	age	-0.216260698158662	0.162137067308786	221	71	0.183663039872318	0.80461372852737
semibin_SRR16554707.35_sub	gender	male	1.12335887477078	0.349485038677126	221	71	0.00150676215984215	0.80461372852737
semibin_ERR2162217.22	age	age	0.261145243729983	0.171277271136896	221	49	0.128791774831386	0.80461372852737
metabat_ERR12405933.43	age	age	-0.238970858568101	0.181775669560581	221	147	0.19001625641626	0.80461372852737
metabat_ERR12405933.43	gender	male	-0.755404870216952	0.391815875058063	221	147	0.055165409793363	0.80461372852737
metabat_SRR6000874.30	age	age	0.0988971530379675	0.0792421530811513	221	21	0.21336242224235	0.80461372852737
metabat_SRR16554713.13	gender	male	0.551419013594756	0.38812673966913	221	108	0.156838723767288	0.80461372852737
semibin_SRR5930499.112	age	age	0.259213644816851	0.153438540214741	221	97	0.0926025679497111	0.80461372852737
semibin_SRR5930499.112	gender	male	-0.504338267342174	0.33128549156491	221	97	0.129390133226848	0.80461372852737
semibin_SRR16168913.44_sub	response	R	-0.640346008243416	0.301956560333361	221	66	0.0350897133649014	0.80461372852737
semibin_SRR6000900.32	age	age	0.24996729083296	0.16303433177228	221	104	0.126684358129935	0.80461372852737
semibin_SRR6000900.32	gender	male	-1.00607543698466	0.35199653583369	221	104	0.00467692863954484	0.80461372852737
semibin_SRR6000900.32	response	R	-0.554179190895379	0.333537434267188	221	104	0.0980580549168752	0.80461372852737
semibin_SRR16168903.5	response	R	-0.49586383135359	0.329878915664968	221	67	0.13424932147418	0.80461372852737
semibin_SRR16554765.8	gender	male	-0.467044998431167	0.318105801455064	221	67	0.143509987440366	0.80461372852737
maxbin_SRR16554755.007_sub	response	R	-0.657118064983914	0.291083396451287	221	69	0.0249770037410262	0.80461372852737
metabat_ERR6282298.17	age	age	-0.148087901435517	0.0672009816484083	221	14	0.0285999745948834	0.80461372852737
metabat_ERR6282298.17	response	R	-0.225938285133342	0.137661606874664	221	14	0.102192294577433	0.80461372852737
maxbin_SRR16554728.024	age	age	0.187774406169559	0.110333156916557	221	30	0.0902089840101178	0.80461372852737
maxbin_SRR16554728.024	response	R	-0.385910767920064	0.226018122058897	221	30	0.0891718823127907	0.80461372852737
semibin_SRR8387683.16	gender	male	0.417783142322947	0.325115876262601	221	57	0.200154079199141	0.80461372852737
maxbin_SRR11413620.019	age	age	-0.15921375758597	0.119030868873044	221	60	0.182433924413844	0.80461372852737
maxbin_SRR11413620.019	gender	male	0.788756488284905	0.256637493134144	221	60	0.00239006927035175	0.80461372852737
semibin_SRR25825514.3_sub	response	R	-0.457285804147911	0.340879512609615	221	91	0.181170517049271	0.80461372852737
semibin_SRR11413656.25	age	age	-0.145600368193672	0.065401725127641	221	14	0.0270257397746215	0.80461372852737
semibin_SRR11413656.25	response	R	-0.220909753796417	0.133975819290125	221	14	0.100619602885756	0.80461372852737
metabat_ERR12405985.2	age	age	-0.162677045701588	0.123229947002401	221	64	0.188195574718493	0.80461372852737
metabat_ERR12405985.2	gender	male	0.600079050710796	0.266066797422715	221	64	0.0251119833069929	0.80461372852737
semibin_SRR16554738.0	age	age	-0.231764791711715	0.128285529038303	221	68	0.0722097673924669	0.80461372852737
semibin_SRR16554738.0	gender	male	0.644117970337401	0.276972413158006	221	68	0.0209678006927485	0.80461372852737
semibin_SRR11413691.42	response	R	-0.462915147507755	0.330738398884149	221	51	0.163049502590909	0.80461372852737
maxbin_SRR11413655.009_sub	response	R	-0.406755225467115	0.283102331622229	221	63	0.152221265253615	0.80461372852737
metabat_ERR6275681.8	age	age	-0.136129376071998	0.109114182498055	221	63	0.213534595623953	0.80461372852737
metabat_ERR6275681.8	gender	male	0.476275541861408	0.235593779003369	221	63	0.0444524830170773	0.80461372852737
maxbin_SRR16554759.001	age	age	0.22981347814758	0.116190261797797	221	39	0.0492046341689015	0.80461372852737
maxbin_SRR16554759.001	response	R	-0.323560793751708	0.238016435919898	221	39	0.17542917557734	0.80461372852737
metabat_SRR16554662.30_sub	gender	male	0.357564371940013	0.274872177470997	221	65	0.194698322301993	0.80461372852737
metabat_SRR16554786.10	gender	male	-0.831193205879203	0.347283440349674	221	62	0.0175443000029034	0.80461372852737
metabat_SRR16554786.10	response	R	-0.426621151204392	0.329137937938422	221	62	0.196293777484523	0.80461372852737
metabat_ERR6243880.3	age	age	-0.173444119365483	0.127301319699997	221	63	0.174469814657767	0.80461372852737
metabat_ERR6243880.3	gender	male	0.589115735039869	0.274861902516961	221	63	0.0332062857528442	0.80461372852737
semibin_ERR6264280.18	gender	male	0.537265388218927	0.276082969360365	221	62	0.0529494953879309	0.80461372852737
metabat_ERR6281505.14	gender	male	0.47830873993376	0.272206277558181	221	60	0.0803098633074443	0.80461372852737
semibin_SRR16554671.9	age	age	-0.173855293496	0.12508920253577	221	64	0.166005605506504	0.80461372852737
semibin_SRR16554671.9	gender	male	0.58697840714684	0.270084477832501	221	64	0.0308444652227938	0.80461372852737
maxbin_SRR16554707.013	age	age	0.214113452646856	0.168707677819222	221	68	0.205751123194692	0.80461372852737
maxbin_SRR16554707.013	response	R	0.459523603129566	0.34559867208781	221	68	0.185031228778344	0.80461372852737
metabat_SRR16554771.26	age	age	0.221833905880249	0.128283875060486	221	113	0.0851929469460034	0.80461372852737
metabat_SRR16554771.26	gender	male	0.45725109577914	0.276954975796371	221	113	0.100190108495092	0.80461372852737
maxbin_ERR2162206.004	age	age	0.119026904034462	0.0718494523976546	221	11	0.0990424397814371	0.80461372852737
maxbin_ERR2162206.004	response	R	-0.293676943783037	0.147184026594649	221	11	0.0472604144460241	0.80461372852737
maxbin_ERR6279655.020	gender	male	0.409451330989907	0.230854650542338	221	60	0.0775341661669008	0.80461372852737
metabat_SRR5930523.5	response	R	-0.446283468639596	0.266469843496137	221	59	0.0954141376245382	0.80461372852737
semibin_SRR11413608.137	gender	male	0.513661994281522	0.280540972753439	221	61	0.0684843649717065	0.80461372852737
semibin_ERR12405912.11	age	age	-0.148111002350097	0.0650061628479725	221	13	0.0236752015603406	0.80461372852737
semibin_ERR12405912.11	gender	male	0.21863273197872	0.140120218740037	221	13	0.120140876506408	0.80461372852737
semibin_ERR12405912.11	response	R	-0.176273637188536	0.133165507629455	221	13	0.18698937615843	0.80461372852737
metabat_ERR6279651.8	response	R	-0.20023468399985	0.152070371920733	221	14	0.189320114464417	0.80461372852737
maxbin_SRR13022253.002	age	age	0.112663509813314	0.0614403431767276	221	13	0.0680693798180116	0.80461372852737
maxbin_SRR13022253.002	gender	male	-0.231056774023115	0.132615278741575	221	13	0.0828716637101972	0.80461372852737
maxbin_ERR6232518.013	age	age	-0.0985652407515095	0.0641861551279782	221	65	0.12610903028148	0.80461372852737
maxbin_ERR6232518.013	gender	male	0.305733293745479	0.138578074719703	221	65	0.0284318686375922	0.80461372852737
metabat_ERR12405939.30	age	age	-0.161669461517631	0.114125384966261	221	57	0.158045108755473	0.80461372852737
metabat_ERR12405939.30	gender	male	0.381893057117039	0.246415820068484	221	57	0.122658729474248	0.80461372852737
metabat_ERR12405970.10	age	age	-0.147173953406208	0.109830704133808	221	52	0.181657236015768	0.80461372852737
metabat_ERR12405970.10	gender	male	0.429381262208403	0.237142417733601	221	52	0.0715913585905636	0.80461372852737
semibin_SRR5930531.50	age	age	-0.157884102937326	0.0675273548851933	221	13	0.0202933760252832	0.80461372852737
semibin_SRR5930531.50	gender	male	0.233223767681071	0.145554626252556	221	13	0.11054149268394	0.80461372852737
metabat_ERR6275666.49	age	age	0.247596021347845	0.110489230564336	221	27	0.0260449101877126	0.80461372852737
metabat_SRR16554744.3	age	age	0.235699639138814	0.145015262028633	221	80	0.105541100232816	0.80461372852737
semibin_SRR16168903.11	age	age	0.185992465841057	0.135185959140629	221	59	0.170302233310844	0.80461372852737
semibin_SRR16168903.11	response	R	-0.492839408606996	0.276572212564812	221	59	0.0761620852002137	0.80461372852737
semibin_SRR11413690.7	gender	male	0.732299468871204	0.301954466994948	221	45	0.0161207229612383	0.80461372852737
semibin_SRR13022392.1	age	age	-0.15074498181191	0.0664850181916609	221	13	0.0243536872387432	0.80461372852737
semibin_SRR13022392.1	gender	male	0.221303785886791	0.143307878573569	221	13	0.123983837847635	0.80461372852737
semibin_SRR13022392.1	response	R	-0.175261856716168	0.13619495151485	221	13	0.199519195825656	0.80461372852737
metabat_SRR5930536.13	gender	male	-0.808601321769259	0.345503936371596	221	89	0.0201731802327587	0.80461372852737
semibin_SRR13022424.5	response	R	-0.47376164207502	0.269235174028343	221	46	0.0798761515025594	0.80461372852737
maxbin_ERR12405918.001	gender	male	-0.136314165005267	0.0797496989722084	221	8	0.0888355681391323	0.80461372852737
semibin_ERR12405947.71	age	age	-0.286782802853242	0.125781750752767	221	70	0.0235791417569261	0.80461372852737
semibin_ERR6279646.10	age	age	-0.143243596523907	0.0802352243299595	221	66	0.075628697647307	0.80461372852737
semibin_ERR6279646.10	gender	male	0.417152422741675	0.17322816936233	221	66	0.0168825699036776	0.80461372852737
metabat_ERR12405918.3	age	age	0.207895040298127	0.118501414544606	221	50	0.0807790416664253	0.80461372852737
metabat_ERR12405918.3	response	R	0.408829545184044	0.242750845939728	221	50	0.0935899188174638	0.80461372852737
semibin_SRR23364196.21	age	age	0.246590972182547	0.109911402793451	221	27	0.0258718221796202	0.80461372852737
semibin_SRR16554695.47	age	age	0.15178204267571	0.108598278363726	221	15	0.163647238301568	0.80461372852737
semibin_SRR16554716.24	age	age	-0.321598415099139	0.135725468591173	221	73	0.0186899984331847	0.80461372852737
semibin_SRR6000910.14	age	age	-0.14358733366361	0.0811514444011295	221	65	0.0782545497385641	0.80461372852737
semibin_SRR6000910.14	gender	male	0.467721637447777	0.175206498933159	221	65	0.00817766623639452	0.80461372852737
metabat_SRR16554626.7	age	age	0.207525301802081	0.137115671718943	221	60	0.131621921349396	0.80461372852737
semibin_SRR25825508.4_sub	age	age	-0.25484508368549	0.118015049001335	221	40	0.0319145706616146	0.80461372852737
semibin_SRR25825508.4_sub	gender	male	0.667624141466561	0.254723456839657	221	40	0.00938802041824879	0.80461372852737
semibin_SRR13068844.35	age	age	-0.121554770500521	0.0741868086090469	221	43	0.102783939993655	0.80461372852737
semibin_SRR13068844.35	gender	male	0.379990949999544	0.160176420213928	221	43	0.0185603390573709	0.80461372852737
semibin_SRR13068844.35	response	R	-0.226204683325593	0.151863512347735	221	43	0.137815803212505	0.80461372852737
semibin_SRR16554766.35_sub	age	age	-0.139084827297606	0.0826830613955289	221	65	0.0939983439066852	0.80461372852737
semibin_SRR16554766.35_sub	gender	male	0.472489199587451	0.178513461618851	221	65	0.00872943815767319	0.80461372852737
semibin_SRR11413683.102	age	age	-0.121602842143355	0.0928855545831419	221	23	0.191863697341885	0.80461372852737
maxbin_ERR6279658.017_sub	gender	male	0.403490727551922	0.190318780203537	221	42	0.0351470173134088	0.80461372852737
semibin_ERR6230326.3	age	age	-0.137645850754799	0.0777762561368943	221	61	0.0781891361705528	0.80461372852737
semibin_ERR6230326.3	gender	male	0.411933370010817	0.167919172135966	221	61	0.0149598888683778	0.80461372852737
maxbin_SRR5930501.087_sub	gender	male	0.391047234109424	0.198433932432342	221	48	0.0500449024436203	0.80461372852737
maxbin_SRR16168913.015	age	age	0.181343983971712	0.141292251821131	221	68	0.20069782479535	0.80461372852737
maxbin_SRR16168913.015	gender	male	0.549542819833316	0.304709121895883	221	68	0.0727036954417695	0.80461372852737
maxbin_SRR16554789.001	age	age	-0.12371526821288	0.0547971926127156	221	18	0.0249599338452181	0.80461372852737
maxbin_ERR2162209.017_sub	age	age	-0.229839360519293	0.0938046315828387	221	65	0.0150802357951748	0.80461372852737
maxbin_ERR2162209.017_sub	gender	male	0.473689819027261	0.202525534453477	221	65	0.0202611988755994	0.80461372852737
maxbin_SRR16554656.002	age	age	0.0391871355343357	0.0272092314033413	221	7	0.151247835470954	0.80461372852737
maxbin_SRR16554656.002	gender	male	-0.0883427307334883	0.058649261684631	221	7	0.133447321737994	0.80461372852737
semibin_SRR16168920.5_sub	age	age	-0.202450347340153	0.0862677926521998	221	62	0.0198501050353283	0.80461372852737
semibin_SRR16168920.5_sub	gender	male	0.498701135572766	0.186252510277018	221	62	0.00799101828566241	0.80461372852737
semibin_SRR16554739.16	age	age	-0.159422280865621	0.12465253105358	221	57	0.202293993822161	0.80461372852737
metabat_SRR16168982.24	gender	male	-0.58152709956177	0.331143745896437	221	87	0.0804811267338652	0.80461372852737
metabat_SRR13022323.1	age	age	-0.286347217272682	0.123340556921549	221	66	0.0211821595430728	0.80461372852737
semibin_ERR6267712.45	gender	male	0.523749272282175	0.21749415232109	221	42	0.0168734599870378	0.80461372852737
semibin_ERR2162202.11	age	age	-0.302523871421555	0.132283052829399	221	69	0.0231638213806725	0.80461372852737
semibin_SRR16168909.12	age	age	-0.185646649918226	0.0895940749162451	221	62	0.0394548669485315	0.80461372852737
semibin_SRR16168909.12	gender	male	0.488424499493308	0.193434343764447	221	62	0.0122936612200948	0.80461372852737
maxbin_ERR2162223.012	gender	male	-0.586729417038225	0.347129671620042	221	86	0.0924229042183403	0.80461372852737
maxbin_SRR25825521.012_sub	age	age	-0.278302246834626	0.109706512104756	221	58	0.0118902588409947	0.80461372852737
maxbin_SRR25825521.012_sub	gender	male	0.317925581001711	0.236691189105443	221	58	0.180609066529114	0.80461372852737
metabat_SRR23364233.36	age	age	-0.318847215524366	0.128256313928813	221	67	0.0136728065692848	0.80461372852737
semibin_SRR25825499.11	age	age	-0.108189162101793	0.0714309897194272	221	59	0.131349269943086	0.80461372852737
semibin_SRR25825499.11	gender	male	0.400941973017789	0.154219562398316	221	59	0.00997671443455151	0.80461372852737
semibin_SRR16554653.1	age	age	0.150063133362206	0.110733061817177	221	32	0.176769464117152	0.80461372852737
semibin_SRR23364199.62	age	age	-0.133930179948665	0.081378439395901	221	60	0.101278256024915	0.80461372852737
semibin_SRR23364199.62	gender	male	0.486937076924462	0.17569605790637	221	60	0.00607154648429839	0.80461372852737
maxbin_SRR5930508.026	age	age	-0.292112321883736	0.130460342749648	221	64	0.0261648965380168	0.80461372852737
semibin_ERR6279671.24	age	age	-0.114961041186571	0.0788190159860862	221	60	0.146155908277616	0.80461372852737
semibin_ERR6279671.24	gender	male	0.374055259542769	0.170170108789357	221	60	0.0290117621656744	0.80461372852737
semibin_SRR16554730.5	age	age	-0.142674190860437	0.0826463307961677	221	67	0.085731579084768	0.80461372852737
semibin_SRR16554730.5	gender	male	0.393726002648745	0.178434122811709	221	67	0.0284071653925745	0.80461372852737
maxbin_SRR5930522.022	age	age	-0.117114620977877	0.0742438935481551	221	59	0.116172633482892	0.80461372852737
maxbin_SRR5930522.022	gender	male	0.386843314867468	0.160292585449118	221	59	0.0166479855760607	0.80461372852737
metabat_ERR6279652.5	age	age	-0.10397889247427	0.0670164189498042	221	57	0.122248408639707	0.80461372852737
metabat_ERR6279652.5	gender	male	0.294172017093105	0.144688235655007	221	57	0.0432721634214546	0.80461372852737
semibin_ERR6243877.10	age	age	-0.116489932992716	0.0743809589527931	221	56	0.118795924629349	0.80461372852737
semibin_ERR6243877.10	gender	male	0.384985721714035	0.160588472711739	221	56	0.0173732649790321	0.80461372852737
metabat_SRR16168941.17	age	age	-0.109275933442352	0.0744569225093163	221	62	0.143669362612015	0.80461372852737
metabat_SRR16168941.17	gender	male	0.356463642083328	0.160752734700986	221	62	0.027642504564884	0.80461372852737
semibin_SRR16168929.15_sub	age	age	-0.130045678705366	0.0791469640975667	221	59	0.101831752073339	0.80461372852737
semibin_SRR16168929.15_sub	gender	male	0.454643877968936	0.170878254125752	221	59	0.00839016737528096	0.80461372852737
maxbin_SRR23364240.011	age	age	-0.099263794645452	0.0680366281768448	221	57	0.146037294917268	0.80461372852737
maxbin_SRR23364240.011	gender	male	0.289049137723542	0.146890908862131	221	57	0.0503843209067529	0.80461372852737
maxbin_SRR23364240.011	response	R	0.175072019278838	0.139311475568354	221	57	0.210233073269661	0.80461372852737
metabat_SRR6000947.37_sub	age	age	-0.108538073282555	0.076936871376586	221	58	0.159771951938607	0.80461372852737
metabat_SRR6000947.37_sub	gender	male	0.423077830489191	0.166106727704486	221	58	0.0115666219140959	0.80461372852737
metabat_ERR6235716.8_sub	age	age	-0.116540117905503	0.0666427946651716	221	57	0.0817711574450092	0.80461372852737
metabat_ERR6235716.8_sub	gender	male	0.36576455529678	0.143881715051319	221	57	0.0117252638204375	0.80461372852737
metabat_SRR16554633.8	age	age	0.21820106492431	0.126208220212117	221	47	0.0852497139913653	0.80461372852737
metabat_SRR16554633.8	response	R	0.439202723541937	0.258538282760384	221	47	0.090791606474515	0.80461372852737
metabat_ERR6279615.15	age	age	-0.114857688491429	0.0710336935184455	221	59	0.107362070926156	0.80461372852737
metabat_ERR6279615.15	gender	male	0.397918348368789	0.153361815594542	221	59	0.0101233942589694	0.80461372852737
metabat_SRR16554713.7	age	age	-0.26231155802137	0.129384706168339	221	65	0.0438484064032947	0.80461372852737
semibin_SRR13068836.17_sub	age	age	-0.137949201486545	0.0770973509031565	221	58	0.0749821950937082	0.80461372852737
semibin_SRR13068836.17_sub	gender	male	0.434550158544961	0.166453100838411	221	58	0.00967577679644247	0.80461372852737
semibin_SRR20881980.15_sub	age	age	-0.126046275674811	0.0799420889458506	221	41	0.116333839075319	0.80461372852737
semibin_SRR20881980.15_sub	gender	male	0.359328786898447	0.172601555593062	221	41	0.0385437512185946	0.80461372852737
semibin_SRR20881980.15_sub	response	R	-0.22485648701674	0.163651436159276	221	41	0.170875613330414	0.80461372852737
semibin_ERR6279661.5	age	age	-0.114638030637569	0.0758072745932486	221	58	0.131949982584039	0.80461372852737
semibin_ERR6279661.5	gender	male	0.424761820344414	0.1636677525745	221	58	0.0101054490889813	0.80461372852737
semibin_ERR6264281.7	age	age	-0.121921050665659	0.0754935817739194	221	57	0.107786483107382	0.80461372852737
semibin_ERR6264281.7	gender	male	0.414474533415406	0.162990438041914	221	57	0.0116986873615281	0.80461372852737
maxbin_SRR5930521.014	age	age	-0.16176214690933	0.0786283303828769	221	60	0.0408688868094671	0.80461372852737
maxbin_SRR5930521.014	gender	male	0.418361062599983	0.169758819649456	221	60	0.0145100349496199	0.80461372852737
metabat_SRR13022372.10_sub	gender	male	0.493183484298267	0.204914580723032	221	42	0.0169335326580653	0.80461372852737
semibin_SRR20881981.34	age	age	-0.122703890121566	0.0771402830057057	221	60	0.113161686722281	0.80461372852737
semibin_SRR20881981.34	gender	male	0.449022877724949	0.166545849318613	221	60	0.00757365311401904	0.80461372852737
semibin_ERR6279683.8	gender	male	-0.408088148212749	0.172579948417367	221	36	0.0189415962889844	0.80461372852737
semibin_ERR6279655.40	age	age	-0.12258618436924	0.0774683849484132	221	57	0.115033710565014	0.80461372852737
semibin_ERR6279655.40	gender	male	0.416720299848938	0.16725404742537	221	57	0.0134781802394224	0.80461372852737
semibin_SRR11413688.2	age	age	-0.137330368557624	0.0764458708173613	221	59	0.0738342750914761	0.80461372852737
semibin_SRR11413688.2	gender	male	0.444675815696658	0.165046568559869	221	59	0.00761435119036254	0.80461372852737
semibin_ERR6233695.43_sub	gender	male	0.237514078776904	0.180608292446706	221	44	0.189888268605663	0.80461372852737
semibin_ERR6273965.5	age	age	-0.134118289009992	0.0822872837394678	221	56	0.104597394563916	0.80461372852737
semibin_ERR6273965.5	gender	male	0.428010327322255	0.177658170026435	221	56	0.0168346257856579	0.80461372852737
semibin_SRR16554693.19	response	R	-0.329419180017373	0.253173369928855	221	28	0.194583378261003	0.80461372852737
semibin_SRR25825516.1	age	age	-0.116091705025619	0.0778417932006424	221	58	0.137333523962158	0.80461372852737
semibin_SRR25825516.1	gender	male	0.422162140041671	0.168060395864787	221	58	0.0127439577233259	0.80461372852737
maxbin_SRR13068818.010	age	age	-0.306233854944685	0.114903354177809	221	56	0.00827408194966471	0.80461372852737
maxbin_SRR13068818.010	gender	male	0.392198453137019	0.247900332986218	221	56	0.115088997050619	0.80461372852737
maxbin_SRR16168926.008	age	age	-0.103625155756518	0.0696058287317797	221	60	0.138026235830693	0.80461372852737
maxbin_SRR16168926.008	gender	male	0.327923036647961	0.150279668912556	221	60	0.0301912416984414	0.80461372852737
semibin_ERR12405970.61	age	age	0.0858410845749154	0.0635471766861003	221	15	0.178158516304973	0.80461372852737
semibin_SRR5930531.21	gender	male	0.264682946089179	0.192310443151358	221	11	0.170137548879873	0.80461372852737
semibin_SRR5930531.21	response	R	0.274243391115641	0.182765328337149	221	11	0.13493281123903	0.80461372852737
semibin_SRR5930528.37	age	age	-0.150403076525027	0.0830679454024205	221	58	0.0716040639835178	0.80461372852737
semibin_SRR5930528.37	gender	male	0.435074657730463	0.179343598429894	221	58	0.0160975859738251	0.80461372852737
metabat_SRR23364184.15	age	age	-0.119813822526005	0.0793980345921014	221	60	0.132765639462048	0.80461372852737
metabat_SRR23364184.15	gender	male	0.40383753539201	0.171421011129476	221	60	0.0193849544175461	0.80461372852737
semibin_SRR25825502.47_sub	gender	male	0.254600109187034	0.175477468154169	221	27	0.148260878220702	0.80461372852737
semibin_SRR16168913.31	age	age	-0.104610047611251	0.0701676667738843	221	56	0.137470471036699	0.80461372852737
semibin_SRR16168913.31	gender	male	0.297213052526388	0.1514919297834	221	56	0.0510692117222947	0.80461372852737
semibin_ERR6232458.16	age	age	-0.129191886568799	0.0979659439378349	221	51	0.188662149771741	0.80461372852737
semibin_SRR11413652.32	gender	male	-0.18752904913922	0.0994666738501751	221	8	0.0607252895928579	0.80461372852737
semibin_SRR5930519.26	age	age	-0.141060414160851	0.0852086812395409	221	59	0.0992940540152823	0.80461372852737
semibin_SRR5930519.26	gender	male	0.490263858511831	0.183965563585922	221	59	0.00828598036595758	0.80461372852737
semibin_SRR11413688.65_sub	age	age	0.32967321158838	0.133669571303934	221	29	0.0144272639819223	0.80461372852737
semibin_SRR11413688.65_sub	gender	male	0.39628837513691	0.288575667250438	221	29	0.17109217300195	0.80461372852737
semibin_SRR5930536.88	age	age	-0.12637185811858	0.0904931245291266	221	38	0.163997597382324	0.80461372852737
semibin_SRR5930536.88	gender	male	0.461028163177348	0.195308253826823	221	38	0.0191358437691355	0.80461372852737
maxbin_ERR12406009.001	age	age	-0.234093467083666	0.0752646888254039	221	32	0.00212033797498131	0.80461372852737
maxbin_ERR12406009.001	gender	male	0.214694223430078	0.162469458181994	221	32	0.187745955389652	0.80461372852737
semibin_SRR13068830.5	age	age	-0.148246619185944	0.0798657869760836	221	58	0.0647994431097711	0.80461372852737
semibin_SRR13068830.5	gender	male	0.44700886991878	0.172430126394632	221	58	0.0101872861402928	0.80461372852737
metabat_SRR5930502.31	gender	male	-0.364053236559736	0.23353793879849	221	37	0.12050423081768	0.80461372852737
semibin_SRR11413653.50	age	age	-0.107151671787325	0.0808407770801083	221	10	0.186410519278024	0.80461372852737
semibin_SRR11413653.50	gender	male	0.239950365422471	0.174251592023212	221	10	0.169920604396963	0.80461372852737
semibin_SRR11413653.50	response	R	0.236578467151324	0.165602808186178	221	10	0.154559976065663	0.80461372852737
maxbin_SRR16554790.013_sub	gender	male	0.556728073785141	0.30531531359779	221	54	0.0696155210354706	0.80461372852737
maxbin_SRR16554733.009	age	age	0.15636438634634	0.116381044853177	221	60	0.180495661423358	0.80461372852737
maxbin_SRR16554733.009	gender	male	0.527250369661607	0.251110550407066	221	60	0.0369146426064011	0.80461372852737
maxbin_SRR8387707.004_sub	age	age	-0.135789370118898	0.0980302354090185	221	54	0.16743753781436	0.80461372852737
maxbin_SRR8387707.004_sub	response	R	0.269150395510148	0.20070038454275	221	54	0.181320476498323	0.80461372852737
metabat_SRR23364211.18	age	age	-0.0913861025342226	0.0639486364339928	221	9	0.154426421950975	0.80461372852737
semibin_SRR11413611.29	age	age	-0.0662416417242161	0.0489863731538908	221	7	0.177704094567175	0.80461372852737
semibin_SRR11413606.8	age	age	-0.0947791312683852	0.0732084354520435	221	56	0.196836202045298	0.80461372852737
semibin_SRR11413606.8	gender	male	0.36465068406299	0.158057058886424	221	56	0.0220060439057014	0.80461372852737
maxbin_SRR16554701.001	age	age	0.0776075866790727	0.0614214269818245	221	6	0.20775587351891	0.80461372852737
semibin_SRR13068817.76	age	age	0.132538524156984	0.0746693302106477	221	23	0.0772986664181037	0.80461372852737
semibin_SRR13068817.76	gender	male	0.207126434988024	0.160949091961584	221	23	0.199497954633396	0.80461372852737
semibin_ERR6229432.91	age	age	-0.105166952916434	0.07252845340302	221	9	0.148499628136188	0.80461372852737
semibin_ERR6229432.91	response	R	0.186822819108075	0.148574964155013	221	9	0.209949057701021	0.80461372852737
metabat_SRR6000874.13_sub	gender	male	-0.352795795902857	0.162846148235255	221	33	0.0313816441776122	0.80461372852737
semibin_SRR20881986.74	age	age	-0.131876698911292	0.098694760691569	221	51	0.182897624233548	0.80461372852737
semibin_SRR23364193.36	age	age	-0.150501165165074	0.0952082550074545	221	50	0.115407703568362	0.80461372852737
metabat_SRR5930514.58	age	age	0.221842821321921	0.112494540899254	221	26	0.0498778714927723	0.80461372852737
semibin_SRR16554673.13	age	age	0.106505260999976	0.0854038682786	221	25	0.213713298130815	0.80461372852737
semibin_SRR5930501.2	age	age	-0.140075302395727	0.0968346649087596	221	53	0.149485748738578	0.80461372852737
metabat_SRR13068853.24	age	age	-0.169628027862899	0.0966277791252455	221	47	0.0806061482709129	0.80461372852737
metabat_SRR11413656.75	age	age	-0.109612200257032	0.0756650785964265	221	9	0.1488788435107	0.80461372852737
maxbin_SRR13022357.002	gender	male	0.245516029621742	0.133190162038477	221	12	0.0666417378124108	0.80461372852737
maxbin_SRR13022357.002	response	R	-0.28315519519154	0.126579416579481	221	12	0.0263047474973338	0.80461372852737
semibin_SRR25825502.21	age	age	-0.118161581996661	0.0540301954101711	221	14	0.029815712508104	0.80461372852737
semibin_SRR25825502.21	gender	male	0.177272813899298	0.116626473457983	221	14	0.129966008909734	0.80461372852737
metabat_SRR11413618.29_sub	age	age	-0.109463933993688	0.0750945649482928	221	9	0.14637410657393	0.80461372852737
semibin_SRR5930523.22	response	R	0.297693162174888	0.219185654903771	221	58	0.175835317603311	0.80461372852737
metabat_SRR13068851.17	age	age	0.105213429834736	0.0732284515494059	221	21	0.152219731455805	0.80461372852737
metabat_SRR13068851.17	gender	male	0.26094549250231	0.15784329053683	221	21	0.0997374653102537	0.80461372852737
metabat_ERR12405966.8	gender	male	0.430060773700038	0.18640281237919	221	27	0.0220001028223649	0.80461372852737
metabat_ERR6279627.10	age	age	-0.275205759817417	0.0996813546085334	221	39	0.00626121448474238	0.80461372852737
semibin_SRR5930506.72	age	age	0.08557006504334	0.0614597815260559	221	6	0.165259294909394	0.80461372852737
semibin_SRR11413606.34	age	age	-0.0879569351743758	0.0682718704975862	221	9	0.199001887734025	0.80461372852737
semibin_SRR11413606.34	gender	male	0.312811800303755	0.147159423180931	221	9	0.0346613148820915	0.80461372852737
metabat_SRR11413647.31	age	age	-0.153794574852681	0.0855669045967013	221	45	0.0736862284489694	0.80461372852737
semibin_SRR6000892.71	response	R	0.322950307343849	0.230895676035749	221	58	0.163353054720016	0.80461372852737
metabat_SRR13022401.12	age	age	0.336193400623054	0.133862641879768	221	62	0.0127522691327765	0.80461372852737
metabat_SRR16168896.4	age	age	0.211418187533765	0.0887744676046013	221	30	0.0181053306304757	0.80461372852737
metabat_SRR13068832.4	age	age	-0.12378734381395	0.0870616687799825	221	47	0.156527672522	0.80461372852737
semibin_SRR20881980.56	age	age	-0.165495491867605	0.0910489612297501	221	47	0.0705129130545265	0.80461372852737
maxbin_SRR5930507.045	age	age	0.300062721350062	0.102094815152518	221	21	0.00364814570564313	0.80461372852737
semibin_SRR5930495.29	gender	male	-0.818777597040799	0.288406065412062	221	39	0.00495621752704145	0.80461372852737
semibin_SRR5930495.29	response	R	-0.374059598759643	0.273610843572673	221	39	0.173003078855139	0.80461372852737
maxbin_ERR2162223.003	response	R	-0.120264641721392	0.08148230758724	221	4	0.141404158329912	0.80461372852737
maxbin_ERR6282070.040_sub	age	age	-0.241881174770801	0.0910471558004722	221	33	0.00848116527030053	0.80461372852737
semibin_ERR6233693.7	age	age	-0.165519344547112	0.0917915445901077	221	44	0.0727602113344684	0.80461372852737
semibin_SRR16168945.59_sub	response	R	0.267497239039557	0.195881790319838	221	46	0.173493356073036	0.80461372852737
metabat_SRR16554687.19	response	R	0.225034886825655	0.15842333108668	221	30	0.156907404740841	0.80461372852737
semibin_SRR23364183.27	age	age	-0.114073674570445	0.0833040331725836	221	41	0.172318508938376	0.80461372852737
maxbin_ERR12406005.005	gender	male	0.0494626467659134	0.0387782378934601	221	8	0.203486931683478	0.80461372852737
semibin_SRR11413689.18	response	R	0.307891854138376	0.226438404159639	221	58	0.175348752305088	0.80461372852737
semibin_SRR5930498.73	age	age	-0.13930658480741	0.0751048524715234	221	41	0.0649905214218108	0.80461372852737
semibin_SRR5930498.73	gender	male	0.474190984285417	0.162162088188723	221	41	0.00382381027295415	0.80461372852737
metabat_SRR5930527.86	age	age	-0.293510604803787	0.112976836435083	221	40	0.0100198775341854	0.80461372852737
metabat_SRR5930527.86	response	R	0.49747547249276	0.231433715129934	221	40	0.0326983516614914	0.80461372852737
semibin_SRR11413657.160_sub	age	age	0.0954246082483679	0.0393836496394647	221	10	0.0162153024968556	0.80461372852737
metabat_SRR20881987.29	response	R	0.29492468236346	0.222756415052891	221	57	0.186920767062635	0.80461372852737
semibin_SRR11413687.181	response	R	-0.10848294755669	0.0630102467281957	221	5	0.0865540974522286	0.80461372852737
metabat_ERR6275676.3	gender	male	0.247044560084881	0.135021808006552	221	19	0.0686722509085834	0.80461372852737
metabat_SRR6000949.51_sub	age	age	-0.143910531095758	0.0909603875100116	221	46	0.115095660253138	0.80461372852737
metabat_SRR6000949.51_sub	response	R	0.235407675304563	0.186225504411506	221	46	0.207565860231118	0.80461372852737
semibin_SRR11413656.101	age	age	0.0850408016203978	0.0352626386578134	221	10	0.0167130948124679	0.80461372852737
semibin_SRR16168913.74	gender	male	0.255077413715093	0.137226709293537	221	19	0.0644090224268754	0.80461372852737
semibin_SRR16554766.13	age	age	-0.129861934310336	0.0892144244914209	221	39	0.14696008893372	0.80461372852737
semibin_SRR16554766.13	gender	male	0.512415571664414	0.192624182554253	221	39	0.00839963557615962	0.80461372852737
metabat_SRR13068834.30	age	age	-0.156501506070073	0.0914189968740602	221	44	0.0883589179444143	0.80461372852737
semibin_SRR11413691.40_sub	gender	male	0.249746395114008	0.1263648034379	221	14	0.0493781839143678	0.80461372852737
semibin_ERR6264280.63	age	age	0.0905218992085204	0.0366001052021586	221	10	0.01415605977156	0.80461372852737
metabat_SRR13068828.29	gender	male	-0.24743186618424	0.193448277161214	221	21	0.202242155240268	0.80461372852737
metabat_SRR16554651.15	age	age	0.0919599926318668	0.0426484697372113	221	13	0.0321653844678178	0.80461372852737
metabat_ERR12405923.25	age	age	-0.0840011378533228	0.0477537747946621	221	15	0.0799807994091374	0.80461372852737
semibin_SRR8387677.66	age	age	-0.083489059039935	0.0483956626584536	221	17	0.0859268476009954	0.80461372852737
semibin_SRR5930519.63	gender	male	-0.581065109758883	0.239883020804029	221	33	0.0162441871752505	0.80461372852737
semibin_ERR6281341.24	age	age	0.0956886812072802	0.0360364585336782	221	11	0.00851072008196933	0.80461372852737
maxbin_SRR5930504.027	age	age	-0.197583446337213	0.0840029930932432	221	30	0.0195629415345753	0.80461372852737
maxbin_SRR8387683.015_sub	age	age	0.0787680313767902	0.0371272925880213	221	10	0.0350084063522343	0.80461372852737
semibin_SRR5930501.108	age	age	0.108749082390901	0.054161664694078	221	8	0.0458987286911693	0.80461372852737
metabat_SRR13068838.21	gender	male	0.286588634130301	0.182227197880566	221	34	0.117246572046705	0.80461372852737
maxbin_ERR12405952.002	response	R	0.0622524512125444	0.0439566572931521	221	4	0.158143894247847	0.80461372852737
semibin_ERR12405916.16	gender	male	0.455900545533722	0.240688512379551	221	50	0.0595348651388116	0.80461372852737
semibin_ERR12405916.16	response	R	0.493502333138109	0.228742205941497	221	50	0.032068371173363	0.80461372852737
metabat_SRR11413612.18	age	age	-0.0897555780071261	0.0674799590677161	221	25	0.184879226745405	0.80461372852737
metabat_SRR11413612.18	gender	male	0.21965775196011	0.145452464980127	221	25	0.132455130291105	0.80461372852737
semibin_SRR25825502.37	age	age	0.0824535784767671	0.0338061366211156	221	10	0.0155308710603379	0.80461372852737
maxbin_ERR2162214.002	age	age	-0.065505468673157	0.0451791607176315	221	6	0.1485289069715	0.80461372852737
maxbin_SRR5930506.040	age	age	0.128676134432566	0.0996393263580366	221	20	0.197933695285209	0.80461372852737
semibin_ERR12405971.54	age	age	-0.0340485342804384	0.0178211839088626	221	3	0.0573820610929032	0.80461372852737
semibin_ERR12405971.54	gender	male	0.05326035153775	0.038465860560844	221	3	0.167593537554726	0.80461372852737
metabat_SRR16168975.22	gender	male	0.266283707684979	0.140413357707235	221	44	0.0592494288036418	0.80461372852737
metabat_SRR16168975.22	response	R	0.286125224605209	0.133158008797838	221	44	0.0327742975736418	0.80461372852737
semibin_ERR12405939.27	age	age	-0.0313172952746721	0.0159272209162827	221	2	0.050551889132248	0.80461372852737
semibin_SRR13068839.17	age	age	0.0809833487126344	0.0335884954590611	221	10	0.0167397025989476	0.80461372852737
metabat_SRR25825515.43_sub	age	age	0.0864607152009724	0.0356239571197079	221	10	0.016038595367723	0.80461372852737
metabat_SRR16554786.38	gender	male	0.277858385233244	0.165160334169801	221	15	0.0939417056599743	0.80461372852737
maxbin_ERR6279660.001	gender	male	-0.242639289590756	0.109233205635029	221	12	0.027368441049928	0.80461372852737
maxbin_SRR16168900.001	age	age	0.172265734766226	0.0775135125426711	221	18	0.0272886202714203	0.80461372852737
metabat_SRR5930529.8	gender	male	-0.274971231350072	0.190466897804763	221	32	0.150274900822326	0.80461372852737
metabat_SRR5930529.8	response	R	0.333371450676144	0.180519781732828	221	32	0.0661504231180845	0.80461372852737
metabat_SRR25825504.22_sub	age	age	0.0716018996983947	0.0569822506086098	221	15	0.210262598612937	0.80461372852737
metabat_SRR25825504.22_sub	gender	male	0.174481878037257	0.122889073234837	221	15	0.157097590968857	0.80461372852737
maxbin_SRR8387677.002_sub	gender	male	-0.147139157531973	0.111314129661212	221	9	0.187614132522515	0.80461372852737
semibin_SRR16168940.103	age	age	0.225587313274322	0.0763692724039882	221	14	0.00348371806867347	0.80461372852737
maxbin_ERR12405924.017	age	age	-0.0795267107061607	0.0451719123477151	221	15	0.0797281868431896	0.80461372852737
semibin_SRR5930498.118	gender	male	0.251651846542049	0.187426841826022	221	26	0.180785606255628	0.80461372852737
semibin_SRR25825518.7	age	age	0.119184250907795	0.065340241906189	221	24	0.0695190144239797	0.80461372852737
semibin_SRR16554784.78	age	age	0.0926705287396066	0.0603257646540186	221	13	0.125953865543515	0.80461372852737
maxbin_SRR11413612.015_sub	age	age	0.14683389019217	0.090855939645251	221	25	0.107522240918707	0.80461372852737
metabat_SRR5930530.79	age	age	-0.145355919583552	0.114518247773258	221	24	0.205700239997563	0.80461372852737
semibin_SRR5930493.36_sub	response	R	-0.214226627818871	0.160051850851821	221	22	0.182139816089394	0.80461372852737
metabat_SRR11413689.14	age	age	-0.0406072207965837	0.01807257133606	221	4	0.025653054679046	0.80461372852737
metabat_SRR11413689.14	gender	male	0.0655273785537394	0.0389552703599185	221	4	0.093984277021315	0.80461372852737
metabat_SRR11413689.14	response	R	-0.0484462515957069	0.0370217688708115	221	4	0.192058099532216	0.80461372852737
metabat_ERR6281433.28	response	R	0.188493935281988	0.144611054837267	221	18	0.193800841554937	0.80461372852737
semibin_SRR5930494.234	age	age	0.186456614795163	0.0596813908105205	221	16	0.00202626797127538	0.80461372852737
semibin_SRR13068839.7	age	age	-0.124859218111594	0.081328704710372	221	37	0.126198654033188	0.80461372852737
semibin_SRR13068839.7	gender	male	0.461707978637949	0.175595107942254	221	37	0.00917343027849601	0.80461372852737
semibin_SRR16554736.21	age	age	0.102816982785202	0.0371495308369761	221	10	0.00613446408212628	0.80461372852737
semibin_ERR12405964.2	age	age	0.131742661778598	0.0713250714459308	221	23	0.0661027993462893	0.80461372852737
semibin_ERR12405964.2	gender	male	-0.192268702127875	0.153985229651818	221	23	0.21315393705083	0.80461372852737
semibin_SRR5930516.87	age	age	-0.0687406375246019	0.0530052452221913	221	6	0.196054954179262	0.80461372852737
semibin_SRR5930516.87	response	R	-0.169082176757886	0.108581557160115	221	6	0.120882461228668	0.80461372852737
semibin_SRR23364206.58	age	age	0.107364488582605	0.0692851588445116	221	23	0.122708103250891	0.80461372852737
semibin_SRR11413691.52	gender	male	0.307579505008026	0.155620132810322	221	26	0.0493723813997349	0.80461372852737
semibin_SRR11413691.52	response	R	0.285385827380164	0.147466917991957	221	26	0.054266085241381	0.80461372852737
semibin_SRR16554744.40_sub	response	R	0.149086366786614	0.113675445804046	221	10	0.191071793736659	0.80461372852737
semibin_ERR6275666.93	age	age	0.0441472148387293	0.028158390084261	221	5	0.11838078509193	0.80461372852737
maxbin_SRR16554659.005	age	age	-0.0614363539225974	0.0341897536326006	221	7	0.0737392729256271	0.80461372852737
maxbin_SRR11413607.019	age	age	-0.0874737570199423	0.0458199779740072	221	14	0.0575717131845821	0.80461372852737
semibin_SRR16554744.30	age	age	-0.08777453781603	0.0523373140640981	221	7	0.094964167269052	0.80461372852737
semibin_SRR13022415.6	age	age	0.135386433991676	0.0741426450564597	221	20	0.0692219131398863	0.80461372852737
maxbin_ERR12405991.007	gender	male	0.350761371683486	0.144666419250482	221	28	0.0161522722336489	0.80461372852737
semibin_SRR23364171.72	age	age	-0.115187392341908	0.0849812602728136	221	35	0.176702236045689	0.80461372852737
semibin_SRR16554692.65	age	age	0.224431857689698	0.0684659628415606	221	11	0.00121742370446968	0.80461372852737
semibin_SRR16554692.65	response	R	-0.18793553808391	0.140252928302477	221	11	0.181654630164397	0.80461372852737
maxbin_SRR16554673.003	age	age	-0.0856099996382213	0.0455950850327532	221	5	0.0617753573227741	0.80461372852737
metabat_SRR5930506.102	age	age	0.147761125820208	0.0633333462686365	221	19	0.0205620785563458	0.80461372852737
semibin_ERR6275663.33	age	age	0.121737980036067	0.0654431527183199	221	13	0.0642089162366431	0.80461372852737
semibin_ERR6275679.24	age	age	0.0803620877412105	0.0363167062678294	221	8	0.0279528348995928	0.80461372852737
semibin_SRR20881983.27	gender	male	0.434048134735178	0.170953398767331	221	28	0.0118249392081364	0.80461372852737
metabat_SRR16554651.26	age	age	0.142159926192596	0.0735013639284778	221	18	0.0544002423961831	0.80461372852737
metabat_ERR12405920.1	gender	male	0.11991889301866	0.0962893169358336	221	10	0.214327170990228	0.80461372852737
metabat_ERR12405920.1	response	R	-0.212864503720088	0.091510103854769	221	10	0.0209343211109208	0.80461372852737
maxbin_SRR16554656.025	age	age	0.0785046215701237	0.0501035235695928	221	9	0.118607217402797	0.80461372852737
semibin_SRR20881977.45	gender	male	0.258309519837848	0.135497422974628	221	29	0.0579364265128778	0.80461372852737
semibin_SRR5930494.42	response	R	0.126689026738506	0.0775057552375842	221	13	0.103599552236502	0.80461372852737
maxbin_ERR6233693.010_sub	age	age	-0.0840844664345381	0.05600258294397	221	29	0.134712113276451	0.80461372852737
semibin_SRR20881981.24	response	R	0.201284124354123	0.147468468354127	221	15	0.173692936701636	0.80461372852737
metabat_ERR12405956.11	age	age	0.161114937633676	0.105305002040104	221	31	0.127477194623025	0.80461372852737
metabat_ERR12405956.11	gender	male	-0.702575557672852	0.227189658940772	221	31	0.00224583042556633	0.80461372852737
metabat_SRR16554765.3	age	age	-0.119037912745662	0.0921364900146641	221	22	0.197742266604954	0.80461372852737
metabat_SRR16554765.3	gender	male	0.271754626590555	0.198884691355554	221	22	0.173230582902256	0.80461372852737
semibin_SRR6000901.30	gender	male	-0.384468684852056	0.148636609447995	221	19	0.0103523610891944	0.80461372852737
semibin_SRR25825516.46	age	age	0.0915261746071375	0.0606707812855936	221	12	0.132863032770202	0.80461372852737
semibin_ERR12405918.0	gender	male	-0.486347207778102	0.162971723046697	221	20	0.0031721240657851	0.80461372852737
metabat_SRR16554711.16	response	R	-0.255506688050315	0.184073623379663	221	33	0.166539810560149	0.80461372852737
maxbin_ERR6275668.007	age	age	0.0442679593952945	0.0232105389777699	221	5	0.0578107128252111	0.80461372852737
metabat_SRR5930528.37	gender	male	-0.656799777344109	0.203173216595762	221	33	0.00141777500587878	0.80461372852737
metabat_SRR5930528.37	response	R	-0.310762178291413	0.1928413682235	221	33	0.108527259824169	0.80461372852737
maxbin_SRR11413647.002	gender	male	-0.0593675896204335	0.0406671313112598	221	2	0.145788778883596	0.80461372852737
semibin_ERR12406007.1	gender	male	0.22423196373876	0.163571865670397	221	26	0.171838903846833	0.80461372852737
semibin_ERR12406007.1	response	R	0.28828557069038	0.1554531581649	221	26	0.0650265162879845	0.80461372852737
maxbin_SRR25825507.025_sub	response	R	-0.101992008681617	0.0741222893923148	221	8	0.17024256340608	0.80461372852737
semibin_ERR6279661.58	gender	male	0.141488732776799	0.113128922848125	221	10	0.212396006270633	0.80461372852737
semibin_ERR6279661.58	response	R	-0.143204519468547	0.107513894669217	221	10	0.184269633668898	0.80461372852737
metabat_ERR6232523.3	age	age	0.0465183291244214	0.0283941654379364	221	5	0.102807260796133	0.80461372852737
semibin_SRR23364186.11	response	R	-0.120173401858834	0.0757370684423256	221	8	0.11403405755457	0.80461372852737
metabat_ERR12405926.24	response	R	0.110689365581336	0.0684047926398748	221	10	0.107092461875626	0.80461372852737
semibin_SRR5930510.9	gender	male	0.331777685736505	0.164678863802032	221	33	0.0451844954542746	0.80461372852737
semibin_ERR6275668.101	age	age	0.11877291031706	0.068349081042134	221	17	0.0836754292477421	0.80461372852737
semibin_SRR16554678.23	response	R	-0.124470468612995	0.0777096357393957	221	3	0.110668265507829	0.80461372852737
metabat_ERR12405949.23	age	age	0.122270654814226	0.0554238088061711	221	11	0.028425719614188	0.80461372852737
metabat_ERR12405949.23	gender	male	-0.225607724754094	0.1194655379289	221	11	0.0602961350694163	0.80461372852737
metabat_ERR12405949.23	response	R	-0.284365755340872	0.113535998912784	221	11	0.0129933712502302	0.80461372852737
maxbin_SRR16554706.002	age	age	0.0602398427384443	0.0335453249020858	221	5	0.0739215560059559	0.80461372852737
metabat_SRR23364171.43_sub	age	age	-0.0904994068286547	0.0520926156587358	221	15	0.083758409585523	0.80461372852737
metabat_SRR13068829.5_sub	gender	male	0.159868398688647	0.119177693688041	221	11	0.181183429493818	0.80461372852737
metabat_SRR13068829.5_sub	response	R	-0.176707141790493	0.113262441500464	221	11	0.120180079632457	0.80461372852737
maxbin_ERR6232528.007	gender	male	0.241621794145975	0.110754968736205	221	26	0.0302262424423406	0.80461372852737
metabat_SRR11413620.24	gender	male	0.303317680943961	0.159022590172147	221	25	0.0577977931293971	0.80461372852737
metabat_SRR11413620.24	response	R	0.318809881574591	0.15068466605773	221	25	0.03551345723405	0.80461372852737
semibin_ERR6275672.14	gender	male	-0.223961409692821	0.0737565298277069	221	7	0.00268639987186441	0.80461372852737
semibin_ERR6275672.14	response	R	-0.173091869514594	0.0700957065569238	221	7	0.0143070821838514	0.80461372852737
semibin_ERR6279669.46_sub	response	R	0.0896961626584477	0.0646262779369608	221	11	0.166597052367298	0.80461372852737
semibin_SRR13068839.29	gender	male	0.143563923754258	0.11026962752885	221	10	0.194327330832389	0.80461372852737
semibin_SRR13068839.29	response	R	-0.147702573206733	0.10473563851439	221	10	0.159900976853708	0.80461372852737
metabat_SRR16554736.34_sub	age	age	0.0722517678063551	0.0387443306254331	221	10	0.0635585300638517	0.80461372852737
metabat_SRR6000947.61	age	age	-0.103610655468286	0.0621208132025439	221	12	0.0967800107149855	0.80461372852737
metabat_SRR6000947.61	gender	male	0.248138078289557	0.133900872669659	221	12	0.0652187945469933	0.80461372852737
maxbin_SRR16554777.008	age	age	0.167854156086389	0.0772964471803686	221	17	0.0309729263911497	0.80461372852737
metabat_ERR12405971.2	gender	male	-0.147186447128055	0.0794822264957162	221	6	0.0654107043075922	0.80461372852737
semibin_ERR12405973.6	age	age	0.084827300073158	0.0481233107974125	221	12	0.0793606355539862	0.80461372852737
semibin_ERR12405973.6	gender	male	0.166545890338482	0.103885775517003	221	12	0.110354870647307	0.80461372852737
semibin_ERR12405973.6	response	R	0.150459510336915	0.0984503179579655	221	12	0.127903386503036	0.80461372852737
semibin_SRR16554725.23	age	age	-0.0628896100194171	0.0369897845170951	221	4	0.0905281852132287	0.80461372852737
semibin_SRR16554725.23	gender	male	0.117971496791257	0.0797311588718679	221	4	0.140426022347937	0.80461372852737
semibin_SRR16554725.23	response	R	-0.115681779360841	0.075773791537932	221	4	0.128298628072551	0.80461372852737
maxbin_SRR16554634.001	age	age	0.0544678864149339	0.0332817708191074	221	5	0.103170184692631	0.80461372852737
maxbin_SRR16554656.001	age	age	0.0796692217588669	0.0383439512967753	221	6	0.0389086760781328	0.80461372852737
metabat_SRR11413619.66	gender	male	0.19708559149552	0.100028378413424	221	13	0.0500798424648216	0.80461372852737
semibin_ERR12406013.35	age	age	0.137083790827013	0.0690962773970958	221	16	0.0485218113737744	0.80461372852737
maxbin_ERR6281433.007	response	R	-0.119931130799557	0.0542704050490697	221	10	0.0281584869215106	0.80461372852737
semibin_SRR23364212.64	gender	male	-0.20163081577609	0.0731057878352887	221	8	0.00631027890521313	0.80461372852737
semibin_SRR23364212.64	response	R	-0.152340464478149	0.069477263419057	221	8	0.0293942153324172	0.80461372852737
metabat_ERR6280948.5	gender	male	0.202857389357355	0.105083702734154	221	23	0.0548716845395261	0.80461372852737
metabat_ERR6230326.9	gender	male	-0.19870713715439	0.0955329822677454	221	10	0.0387076460095514	0.80461372852737
maxbin_SRR5930508.014	gender	male	0.115663941264045	0.0920653464702911	221	10	0.210350289173913	0.80461372852737
maxbin_SRR5930508.014	response	R	-0.221129753484011	0.0873195598917379	221	10	0.0120367187144964	0.80461372852737
metabat_ERR6279672.14	response	R	0.0824161043876231	0.0524256440032356	221	9	0.11740617452025	0.80461372852737
metabat_SRR6000940.58	age	age	0.0731134994257369	0.0300706020995844	221	8	0.0158522061321197	0.80461372852737
maxbin_ERR2162217.004	age	age	0.0477635646195921	0.0383616503688664	221	6	0.2144429053866	0.80461372852737
metabat_SRR5930526.41	gender	male	0.223855240322291	0.176200620132598	221	29	0.205282456611809	0.80461372852737
metabat_SRR5930526.41	response	R	0.224811540015466	0.167455098454523	221	29	0.180830722373882	0.80461372852737
metabat_SRR11413619.35	gender	male	0.140366734456934	0.107414789596959	221	13	0.192673029825656	0.80461372852737
metabat_SRR5930536.81_sub	gender	male	-0.207839820996424	0.163582334536333	221	19	0.205259918504576	0.80461372852737
maxbin_SRR8387707.003	age	age	-0.00892785839515836	0.0045295650843689	221	1	0.0500045812231313	0.80461372852737
metabat_SRR13068834.42	gender	male	0.253488212132257	0.134270099350525	221	23	0.0603902611007686	0.80461372852737
metabat_SRR16554644.2	gender	male	0.16654916643138	0.104026877851466	221	8	0.110827136126717	0.80461372852737
semibin_SRR6000932.49_sub	age	age	0.144752807773809	0.0648688756307265	221	15	0.026675293464283	0.80461372852737
metabat_SRR11413685.13	age	age	0.22104125844021	0.0841847795393816	221	22	0.00926351508565919	0.80461372852737
metabat_SRR11413685.13	gender	male	-0.549553238696799	0.181459560245493	221	22	0.00275537154000758	0.80461372852737
semibin_ERR12405915.28	age	age	0.0308751786744727	0.0175456065414225	221	4	0.0798660680042839	0.80461372852737
semibin_ERR12405915.28	response	R	0.0489715542882865	0.0359422783839654	221	4	0.17445079901171	0.80461372852737
metabat_SRR20881985.11	age	age	0.0936447499542691	0.0722842519776436	221	13	0.196522058107662	0.80461372852737
semibin_SRR11413607.11	response	R	0.0967221756705673	0.0681714259006175	221	9	0.157397804261276	0.80461372852737
maxbin_SRR5930517.002	age	age	0.0486134621783166	0.0334934678330319	221	8	0.148113677687813	0.80461372852737
metabat_ERR6264281.57_sub	age	age	0.119912690934084	0.0707353963007933	221	17	0.091466400466847	0.80461372852737
semibin_SRR25825502.18	age	age	0.141735854088271	0.0671444715781302	221	16	0.0359248401633844	0.80461372852737
metabat_ERR6232524.33_sub	gender	male	0.196633448385628	0.099832939576962	221	13	0.0501581541159087	0.80461372852737
metabat_ERR12406012.5	age	age	-0.0987468982092724	0.0707736328043563	221	34	0.164384197131527	0.80461372852737
maxbin_SRR16554772.002	age	age	-0.0652926114859448	0.0389986503077221	221	4	0.0955265546008722	0.80461372852737
maxbin_SRR16554772.002	gender	male	0.116175073973261	0.0840612516149256	221	4	0.16838381839371	0.80461372852737
metabat_ERR12405976.3_sub	age	age	0.0464201414163329	0.0283895211697893	221	5	0.10347488358613	0.80461372852737
semibin_SRR16554784.38	gender	male	0.246705769806867	0.12687451667646	221	23	0.0531433782353291	0.80461372852737
metabat_SRR5930522.13_sub	age	age	0.122163549897752	0.0701212953177492	221	17	0.0828988818720471	0.80461372852737
metabat_ERR6281341.9	age	age	0.104273668185713	0.0422299997215506	221	11	0.0143140839467166	0.80461372852737
metabat_SRR23364212.36	age	age	0.114307304700716	0.0682291285391493	221	15	0.0953069730048619	0.80461372852737
semibin_ERR2162221.24_sub	gender	male	-0.16538593888389	0.0840913217898721	221	6	0.0504875322180864	0.80461372852737
maxbin_ERR6267712.014_sub	age	age	-0.0850288385603872	0.0349263482060196	221	16	0.0157253384857795	0.80461372852737
maxbin_ERR6267712.014_sub	gender	male	0.184692468995972	0.0754115902513234	221	16	0.0151185658531623	0.80461372852737
metabat_ERR6233695.21_sub	gender	male	0.116118680730937	0.0931187308071198	221	13	0.213746068109923	0.80461372852737
semibin_SRR13068825.10	age	age	0.131880987656279	0.0682010688828527	221	16	0.0544501270328998	0.80461372852737
semibin_SRR13022261.21	response	R	-0.19990304857868	0.111786076958579	221	11	0.0751285028769549	0.80461372852737
metabat_SRR13022461.7	age	age	0.120589927661478	0.0674302699710221	221	16	0.0751122540626966	0.80461372852737
metabat_SRR16554779.24	age	age	0.0865942746809508	0.0651411861827461	221	21	0.185134254704614	0.80461372852737
metabat_SRR16554703.42	response	R	0.0664515925783231	0.0525571365566873	221	3	0.207460519899521	0.80461372852737
maxbin_ERR6264280.016_sub	gender	male	0.213721760436141	0.125530934920449	221	23	0.0901025595529332	0.80461372852737
metabat_ERR12405981.6	gender	male	-0.139014512119142	0.080112468470432	221	7	0.0841176713620653	0.80461372852737
semibin_SRR5930502.40	age	age	0.1278274648837	0.0932027395330836	221	24	0.171647128812267	0.80461372852737
semibin_SRR5930502.40	gender	male	-0.664181727730289	0.201240177287874	221	24	0.00112980921873044	0.80461372852737
semibin_SRR5930502.40	response	R	0.356154760509995	0.19073287950549	221	24	0.0632176155189832	0.80461372852737
metabat_SRR23364239.1	gender	male	-0.0811129461372242	0.0608393296372673	221	8	0.183853581326397	0.80461372852737
metabat_SRR23364239.1	response	R	-0.0865398597716304	0.0578196372217588	221	8	0.135918937601816	0.80461372852737
semibin_SRR5930501.70	gender	male	0.317174809393406	0.139557815492573	221	26	0.0240346304434035	0.80461372852737
metabat_SRR16554638.10	gender	male	-0.255434451654308	0.0973385938215419	221	4	0.00930267643779779	0.80461372852737
metabat_SRR6000905.24	gender	male	-0.325789235280575	0.190049835083266	221	31	0.0879144280055928	0.80461372852737
maxbin_SRR6000895.005	age	age	-0.0294102426351155	0.0146163644854477	221	2	0.0454503986537193	0.80461372852737
semibin_ERR6279650.30	age	age	-0.0291930972730779	0.0144679049297784	221	2	0.0448545489190265	0.80461372852737
semibin_SRR8387712.32	gender	male	-0.155265359250821	0.0746673462994449	221	10	0.0387609642788154	0.80461372852737
semibin_SRR11413613.11	response	R	0.0824009711319572	0.06287492262518	221	9	0.191400942495128	0.80461372852737
semibin_SRR16554762.1	response	R	-0.213424342446505	0.141088539372572	221	17	0.131819478392569	0.80461372852737
metabat_ERR12405979.25	age	age	0.0430079926317877	0.0268749006365761	221	5	0.110986150710694	0.80461372852737
semibin_SRR25825507.51_sub	response	R	0.137513943885575	0.0598422456792929	221	9	0.0225222574765242	0.80461372852737
semibin_SRR25825495.1_sub	response	R	-0.312584885026246	0.132151060681301	221	17	0.0188997332530012	0.80461372852737
maxbin_SRR16554722.014	gender	male	0.229576147225444	0.114229902201897	221	23	0.0457083126977696	0.80461372852737
metabat_SRR20881986.45	response	R	0.101246812180385	0.0567951412367651	221	10	0.0760512841770858	0.80461372852737
maxbin_SRR13022461.002	age	age	0.0436304406497958	0.027564695262523	221	5	0.114914780006016	0.80461372852737
semibin_SRR5930531.66	gender	male	0.230114987237704	0.11950007706185	221	23	0.0554715656678767	0.80461372852737
metabat_SRR11413652.31	response	R	-0.145297591298002	0.107630836731395	221	12	0.17843564846349	0.80461372852737
metabat_SRR16554785.19	gender	male	0.189362130904648	0.116520001656503	221	22	0.105599892230046	0.80461372852737
metabat_ERR12405955.34	age	age	0.0431573493220523	0.0268072302685863	221	5	0.108870228550393	0.80461372852737
metabat_SRR8387710.29	age	age	0.0434013654430107	0.0271231709399152	221	5	0.11101833857766	0.80461372852737
metabat_ERR12405965.20	age	age	0.0429488194968475	0.0266052107090912	221	5	0.107915266444789	0.80461372852737
semibin_ERR12405995.13	age	age	-0.0646943283415621	0.0347940485237597	221	10	0.0643310812158971	0.80461372852737
semibin_ERR12405995.13	gender	male	0.140491784038069	0.0749982690318529	221	10	0.0623759195962708	0.80461372852737
semibin_SRR23364198.20	age	age	0.0346373308328482	0.0180574101753593	221	4	0.056400942219865	0.80461372852737
semibin_SRR23364198.20	response	R	0.0515081112891792	0.036990711143782	221	4	0.165208119268635	0.80461372852737
metabat_SRR5930532.34_sub	response	R	0.217327778522378	0.12771601024918	221	19	0.0902534887634859	0.80461372852737
maxbin_ERR6233695.024_sub	gender	male	0.197613143942665	0.119598758306769	221	21	0.0999373831655052	0.80461372852737
semibin_SRR20881985.46_sub	age	age	-0.1044835434236	0.0717181670358789	221	33	0.146617582525239	0.80461372852737
maxbin_SRR11413681.013	age	age	0.0628108741102797	0.0373727744353408	221	8	0.0942697477526318	0.80461372852737
semibin_SRR23364229.5	age	age	-0.0963178552215831	0.0722630194460868	221	37	0.183987062434989	0.80461372852737
semibin_SRR23364229.5	gender	male	0.237783773993994	0.156018309463637	221	37	0.128964414453723	0.80461372852737
semibin_SRR5930529.122	response	R	0.162399374633816	0.0995115414707974	221	10	0.10414372786034	0.80461372852737
metabat_ERR6275679.20	gender	male	0.189693228299278	0.0965723775359501	221	12	0.0507765812903566	0.80461372852737
metabat_ERR6281944.25	gender	male	0.132401650075036	0.0715305136555177	221	6	0.0655311932869008	0.80461372852737
metabat_ERR6281944.25	response	R	-0.100752508847985	0.0679801762199999	221	6	0.139767959636395	0.80461372852737
maxbin_SRR8387679.008	age	age	-0.058046389555587	0.0388063238183032	221	11	0.136159428868277	0.80461372852737
maxbin_SRR8387679.008	gender	male	0.165775673992909	0.0836466935394105	221	11	0.0487574874560254	0.80461372852737
semibin_SRR13068849.26	response	R	-0.323384158559434	0.130514535204434	221	19	0.0139893583858171	0.80461372852737
semibin_ERR6275674.65	age	age	0.0738734681909909	0.0381769408139052	221	8	0.0542872917906293	0.80461372852737
semibin_ERR6275674.65	response	R	0.117156618024599	0.0781119373912241	221	8	0.135107323282487	0.80461372852737
metabat_ERR12405922.10_sub	gender	male	-0.237529055044003	0.171421489325946	221	23	0.167278279379248	0.80461372852737
maxbin_SRR6000920.039	gender	male	0.212092460795089	0.12265042265961	221	22	0.0852049187848823	0.80461372852737
metabat_SRR13068828.25	gender	male	0.20604768961768	0.113315554569802	221	23	0.0704064715618562	0.80461372852737
maxbin_SRR5930507.021	gender	male	0.198462795986221	0.117311094071415	221	22	0.0921441167034719	0.80461372852737
metabat_SRR13068849.40	gender	male	0.201218980754763	0.11282340310463	221	22	0.0759224531607308	0.80461372852737
semibin_SRR5930507.17_sub	response	R	-0.342085665410022	0.148471666793132	221	18	0.0221734864700222	0.80461372852737
metabat_SRR5930519.59	gender	male	-0.276767058074302	0.136895982271951	221	18	0.0444379478317047	0.80461372852737
metabat_SRR11413689.27	age	age	0.0613621391810949	0.0406772373012115	221	9	0.13288360768359	0.80461372852737
metabat_SRR11413689.27	gender	male	0.119601139186237	0.0878227508277404	221	9	0.174663026226032	0.80461372852737
metabat_SRR20881983.26_sub	gender	male	-0.189622480152153	0.106222667497274	221	13	0.0756467546799534	0.80461372852737
metabat_SRR6000890.18	age	age	0.0680544875974119	0.0418202779195246	221	11	0.105128770031901	0.80461372852737
metabat_SRR6000890.18	gender	male	0.135833078030907	0.090292299593235	221	11	0.133945338886686	0.80461372852737
semibin_ERR12405997.136	age	age	-0.034620869609114	0.0180901973041659	221	3	0.0569668472699366	0.80461372852737
semibin_ERR12405997.136	gender	male	0.0537645904698674	0.0390487245915975	221	3	0.169976307174132	0.80461372852737
semibin_SRR23364199.41	gender	male	0.265984640760097	0.131016084709029	221	25	0.043574593676709	0.80461372852737
metabat_ERR12405924.12	age	age	0.0309417430481189	0.0234512844373143	221	5	0.188428324003851	0.80461372852737
semibin_SRR5930528.277	gender	male	-0.399603942166919	0.151587233035455	221	22	0.00899812224898792	0.80461372852737
metabat_SRR16554773.16	response	R	-0.228469409258887	0.124408799945657	221	17	0.0676694034779046	0.80461372852737
maxbin_SRR13022456.004	age	age	0.044102084703146	0.0268672792803523	221	5	0.102146433109392	0.80461372852737
maxbin_ERR2162201.001	age	age	0.0252595021997273	0.0186662906508685	221	2	0.177410996351798	0.80461372852737
semibin_SRR16554692.37	age	age	0.0893684893730792	0.0485765724315502	221	9	0.0671727559381021	0.80461372852737
semibin_SRR16554692.37	gender	male	-0.302232375614322	0.10484605626339	221	9	0.00434026350172716	0.80461372852737
maxbin_SRR16168926.011	gender	male	0.221833181202239	0.131780586034466	221	22	0.0937618645052166	0.80461372852737
maxbin_ERR6282137.011_sub	age	age	0.110189822488165	0.0571205665085112	221	12	0.0550259382523295	0.80461372852737
maxbin_SRR16554667.020	age	age	0.0949752503782997	0.0444466121821686	221	6	0.0337302979371569	0.80461372852737
maxbin_SRR16554667.020	gender	male	-0.188815930028233	0.095804286061061	221	6	0.0500121849544306	0.80461372852737
semibin_ERR2162202.30	response	R	-0.162751842013421	0.0956001423532329	221	12	0.0901171315789453	0.80461372852737
maxbin_SRR5930508.009	gender	male	0.197494060855666	0.125155668482657	221	21	0.116043364001017	0.80461372852737
maxbin_SRR16554654.015	gender	male	0.191996125387278	0.0956254735925879	221	18	0.0459203680225922	0.80461372852737
metabat_ERR2162221.27	gender	male	-0.160956597783861	0.111040005669932	221	9	0.148631334927082	0.80461372852737
semibin_ERR6279654.38	age	age	0.0427747353432971	0.0261101743493953	221	4	0.102820741498658	0.80461372852737
metabat_SRR8387681.33_sub	age	age	-0.056792905081776	0.044994793071106	221	12	0.208227877454903	0.80461372852737
metabat_SRR8387681.33_sub	gender	male	0.190837393091223	0.0969858852003096	221	12	0.0503784318106425	0.80461372852737
semibin_SRR16554736.59	gender	male	0.18903728650818	0.10445048536329	221	18	0.0717228132664514	0.80461372852737
metabat_SRR20881986.23	age	age	0.0761195577221217	0.0565494058726693	221	11	0.179691432464321	0.80461372852737
metabat_SRR20881986.23	gender	male	-0.327294302012253	0.122098118999849	221	11	0.00791664162778469	0.80461372852737
semibin_SRR20881984.28	age	age	0.128575214015177	0.0500925982788222	221	13	0.0109385174315302	0.80461372852737
semibin_ERR12405985.19	age	age	-0.0973608385422573	0.0573919701099516	221	18	0.0912508265139319	0.80461372852737
semibin_ERR12405985.19	gender	male	0.307749484786801	0.123918808776405	221	18	0.0137733039062317	0.80461372852737
semibin_ERR12405959.88	age	age	-0.033986361978386	0.017766001833214	221	3	0.0570679044615235	0.80461372852737
semibin_ERR12405959.88	gender	male	0.0530975596066122	0.0383469431823075	221	3	0.167578758848254	0.80461372852737
maxbin_SRR8387683.016_sub	age	age	-0.0803929934295213	0.0516542232264658	221	12	0.121078768372975	0.80461372852737
maxbin_SRR8387683.016_sub	gender	male	0.212070945339637	0.111483380622423	221	12	0.0584607422379258	0.80461372852737
maxbin_SRR11413645.020_sub	age	age	-0.0269383928274682	0.0199880115282506	221	3	0.179163728646496	0.80461372852737
maxbin_SRR11413645.020_sub	response	R	0.0568560820997949	0.0408940513170156	221	3	0.165864577009883	0.80461372852737
maxbin_SRR23364183.008	age	age	-0.0491467396920031	0.036726873262168	221	11	0.182242067397402	0.80461372852737
maxbin_SRR23364183.008	gender	male	0.155277373351079	0.0791644559480889	221	11	0.0511050547627557	0.80461372852737
metabat_ERR6279648.28_sub	age	age	0.0803440764983003	0.0549957094468636	221	9	0.145485087086303	0.80461372852737
semibin_SRR16554627.34	age	age	-0.0739757824103188	0.0472049088536466	221	12	0.118543577591274	0.80461372852737
semibin_SRR16554627.34	gender	male	0.211945600237111	0.101749770550913	221	12	0.0384219781944736	0.80461372852737
semibin_SRR16168930.38	age	age	0.104199994369596	0.0795224459326504	221	27	0.191472238595545	0.80461372852737
semibin_SRR16554693.10	age	age	-0.0676865538276571	0.0354074257030618	221	6	0.0572452392500786	0.80461372852737
semibin_SRR16554693.10	gender	male	0.117811374976816	0.0764480088319614	221	6	0.124764504694681	0.80461372852737
semibin_ERR12405963.13	age	age	-0.117269605773039	0.0457875646031721	221	16	0.0111158895702868	0.80461372852737
semibin_ERR12405963.13	gender	male	0.245465776207821	0.0988631157048356	221	16	0.0137960422077916	0.80461372852737
metabat_ERR12405966.18	gender	male	-0.341482412255173	0.133503369887976	221	13	0.0112136776556796	0.80461372852737
semibin_SRR16554656.6	response	R	-0.281268812557577	0.13293337852766	221	16	0.0355040019904058	0.80461372852737
maxbin_SRR11413608.019_sub	age	age	0.122801585351338	0.0630321129828815	221	11	0.0526758763898049	0.80461372852737
maxbin_ERR2162203.009_sub	age	age	0.0297166761124661	0.01748325589335	221	4	0.0906160987955354	0.80461372852737
maxbin_ERR2162203.009_sub	response	R	0.0481358872045862	0.0358145527140006	221	4	0.180341696688982	0.80461372852737
metabat_SRR11413657.18	age	age	0.0600137194753505	0.0445426287365783	221	10	0.179278402233042	0.80461372852737
metabat_SRR5930497.69	age	age	-0.0614097308687717	0.0365103955703011	221	11	0.094011289419742	0.80461372852737
metabat_SRR5930497.69	gender	male	0.151358604046242	0.0786978401657103	221	11	0.0557525985684606	0.80461372852737
semibin_SRR20881984.27	response	R	0.122999190186205	0.0847274792292126	221	13	0.14803371459751	0.80461372852737
semibin_SRR5930532.101_sub	age	age	0.0730122205043412	0.0512772574183717	221	9	0.155922542709382	0.80461372852737
semibin_ERR6275667.19	age	age	-0.0337861619212996	0.0174921105402006	221	3	0.0547269113065976	0.80461372852737
semibin_ERR6275667.19	gender	male	0.052158444001678	0.0377578685927484	221	3	0.168580704741355	0.80461372852737
semibin_SRR11413679.3	response	R	-0.175913681393038	0.0923252339257668	221	13	0.0580639179070824	0.80461372852737
semibin_SRR6000900.6	gender	male	-0.141231381162847	0.103811532228223	221	12	0.175096034311187	0.80461372852737
semibin_SRR13068817.20	response	R	-0.293793409923043	0.108624293317424	221	10	0.00738365065355756	0.80461372852737
semibin_SRR23364237.9	age	age	0.14984944270946	0.0642312916200522	221	13	0.0205654191030785	0.80461372852737
semibin_SRR5930516.27_sub	age	age	-0.0666124100407776	0.0352609353929156	221	7	0.0602082351238047	0.80461372852737
metabat_SRR11413611.7	age	age	0.07173210396182	0.0547157563014885	221	9	0.19124495498345	0.80461372852737
semibin_ERR2162215.9	age	age	-0.0357810662115151	0.0151727814648985	221	3	0.019250469105978	0.80461372852737
maxbin_SRR23364206.033_sub	age	age	-0.0681097103428382	0.0422623370896165	221	11	0.108503903712781	0.80461372852737
maxbin_SRR23364206.033_sub	gender	male	0.175566149349049	0.091096100093023	221	11	0.055252543037628	0.80461372852737
maxbin_SRR11413688.023_sub	age	age	0.0812041787911586	0.0568306819085107	221	10	0.154478457636416	0.80461372852737
metabat_SRR16554706.13	age	age	0.0576916640713897	0.0433115618534541	221	4	0.184252436346953	0.80461372852737
metabat_SRR5930527.48	age	age	0.0930644320104003	0.0629131251651381	221	16	0.140525767081994	0.80461372852737
metabat_SRR5930527.48	gender	male	-0.226328834186634	0.135812339771977	221	16	0.0970617501882333	0.80461372852737
semibin_SRR20881977.110	gender	male	-0.0158888888167103	0.0098684742061911	221	1	0.108850992981623	0.80461372852737
metabat_SRR16168902.18	gender	male	0.290695815207659	0.140856373400111	221	12	0.04023475801816	0.80461372852737
maxbin_SRR8387683.026_sub	age	age	0.052234856976353	0.0408628840612631	221	13	0.202510688246412	0.80461372852737
maxbin_SRR16554651.021_sub	age	age	0.138824495071695	0.0651036415353693	221	14	0.0341007828317282	0.80461372852737
metabat_SRR16554626.8	age	age	0.0622530705496705	0.0458814988365187	221	8	0.176247225501469	0.80461372852737
semibin_SRR5930504.156_sub	response	R	0.0989660865776418	0.0727369337165776	221	8	0.175055226536541	0.80461372852737
semibin_ERR12405910.22	age	age	0.145783283085738	0.0494372681996788	221	9	0.003539394918265	0.80461372852737
semibin_ERR12405910.22	gender	male	-0.188980138016598	0.106716225828246	221	9	0.0779877194588506	0.80461372852737
semibin_ERR12405910.22	response	R	-0.180163476010175	0.10114080003406	221	9	0.0762627589754342	0.80461372852737
metabat_SRR11413607.10	gender	male	0.187005574452649	0.106920675202256	221	14	0.0817027692517458	0.80461372852737
maxbin_SRR16168929.017	age	age	-0.0600376693743035	0.0462376866056632	221	18	0.195524259178302	0.80461372852737
maxbin_SRR16168929.017	gender	male	0.148545507097214	0.0998311961541903	221	18	0.138228296920658	0.80461372852737
metabat_SRR25825515.13	age	age	-0.0425362180559884	0.030908887009992	221	9	0.170184152997279	0.80461372852737
metabat_SRR25825515.13	response	R	-0.0964689890324417	0.0633170371641992	221	9	0.129067998039455	0.80461372852737
semibin_SRR5930505.112	age	age	0.105727865686122	0.0418003075050834	221	14	0.0121406758751849	0.80461372852737
metabat_SRR11413618.6_sub	age	age	0.0886177962183657	0.0585609336709808	221	10	0.131669218615975	0.80461372852737
semibin_SRR5930521.13	response	R	-0.252821448853569	0.124025473113838	221	12	0.0427245383788512	0.80461372852737
semibin_SRR6000902.21	response	R	0.0982842318297549	0.0726826854959161	221	7	0.177713077907258	0.80461372852737
maxbin_ERR12405985.002_sub	response	R	0.0931155738219696	0.0594155954597151	221	5	0.11852716068652	0.80461372852737
semibin_ERR12405947.51	age	age	-0.0406399162909705	0.0213818185694524	221	4	0.0586697544108001	0.80461372852737
semibin_ERR12405947.51	gender	male	0.0768475913509714	0.0460883239950365	221	4	0.0968777247508652	0.80461372852737
semibin_ERR12405947.51	response	R	-0.0569217638307507	0.0438007813274713	221	4	0.195130538890368	0.80461372852737
semibin_SRR5930505.26	age	age	0.0818432751894564	0.0453690575662907	221	13	0.0726267397442174	0.80461372852737
semibin_SRR11413652.34	gender	male	0.144329964286924	0.0725305941953586	221	10	0.0478552322556777	0.80461372852737
semibin_SRR11413652.34	response	R	0.122972999561886	0.068930618875284	221	10	0.0758191410336207	0.80461372852737
semibin_SRR5930529.25	response	R	-0.170787196682488	0.0937955926489975	221	11	0.0700177453874941	0.80461372852737
semibin_SRR16554712.24	age	age	0.0712005418637744	0.0502084348522956	221	7	0.157596244018997	0.80461372852737
metabat_SRR11413610.43_sub	age	age	0.0500871325294603	0.025056065067943	221	4	0.0468556674427336	0.80461372852737
semibin_SRR13068830.16	response	R	-0.23795181864143	0.119318219290533	221	12	0.0473844413881467	0.80461372852737
maxbin_ERR6233695.025_sub	response	R	0.0810940790888202	0.0437378892870829	221	6	0.0650829539462765	0.80461372852737
semibin_SRR5930494.170	response	R	0.0824176756694804	0.0591611139100821	221	9	0.165021523942689	0.80461372852737
semibin_SRR16554632.68	age	age	-0.0487265985374692	0.0294633522846836	221	4	0.0996132453051784	0.80461372852737
semibin_SRR16554632.68	gender	male	0.0986505691147449	0.0635079996430431	221	4	0.121795181100259	0.80461372852737
semibin_SRR16554632.68	response	R	-0.0884236766940449	0.0603558507618901	221	4	0.144357607422827	0.80461372852737
metabat_SRR11413614.19	age	age	0.0682769385266939	0.0429165328437838	221	5	0.113082430679757	0.80461372852737
semibin_SRR23364192.60	age	age	-0.0335139730225368	0.0174261867009721	221	3	0.055767682397093	0.80461372852737
semibin_SRR23364192.60	gender	male	0.0521859296171493	0.0376135548147074	221	3	0.16673676333356	0.80461372852737
maxbin_ERR12405964.003	age	age	-0.0158826167489457	0.0120488988772774	221	3	0.188833500443696	0.80461372852737
metabat_ERR2162221.41	gender	male	-0.0465869250707035	0.0321444385412025	221	2	0.148708510889936	0.80461372852737
maxbin_ERR12405970.007	age	age	-0.0288339004091775	0.0212353071569735	221	4	0.175928409172795	0.80461372852737
metabat_SRR16554625.18	gender	male	-0.0854380141519487	0.0565027105850658	221	2	0.131962170205492	0.80461372852737
semibin_SRR6000921.66	response	R	-0.0946174550579664	0.0548387063221151	221	5	0.0858831480530933	0.80461372852737
metabat_ERR12405979.29_sub	age	age	-0.0333782892879425	0.0173301821733529	221	3	0.0554118921080787	0.80461372852737
metabat_ERR12405979.29_sub	gender	male	0.0519303162963775	0.0374063327313449	221	3	0.166477437755139	0.80461372852737
metabat_SRR20881979.25	gender	male	-0.15597295701319	0.112091345751411	221	13	0.165504471847932	0.80461372852737
metabat_SRR11413656.7	gender	male	0.103699876975766	0.0670355842696043	221	7	0.123335478902927	0.80461372852737
metabat_SRR11413656.7	response	R	-0.0933615008079124	0.0637083466000664	221	7	0.144245169567788	0.80461372852737
semibin_SRR25825511.42	age	age	-0.00631891087102881	0.00457268208157308	221	1	0.168441516644569	0.80461372852737
metabat_ERR6281000.20	age	age	0.115840362683108	0.0491692905311231	221	8	0.0193706794406527	0.80461372852737
metabat_ERR6281000.20	gender	male	-0.153410388634558	0.105986327518769	221	8	0.1492583205699	0.80461372852737
metabat_ERR6281000.20	response	R	-0.169412178472646	0.100721338887535	221	8	0.0940119935966287	0.80461372852737
semibin_ERR6279664.27	age	age	0.0243915139781162	0.0146763342432277	221	3	0.0979686408935631	0.80461372852737
semibin_ERR2162212.41	age	age	0.0570580413204434	0.0288805032193286	221	4	0.0494605981228952	0.80461372852737
metabat_SRR20881983.15_sub	age	age	0.0611674341166671	0.045224036543126	221	10	0.177612000388621	0.80461372852737
metabat_SRR25825496.40	age	age	0.0461481952962599	0.0198857839866229	221	5	0.0212336321600302	0.80461372852737
metabat_SRR25825496.40	gender	male	-0.0701263661240095	0.0428636344609231	221	5	0.103282011258614	0.80461372852737
metabat_SRR25825496.40	response	R	0.0682627805586818	0.0407361456694705	221	5	0.0952313282395486	0.80461372852737
metabat_ERR2162206.17	gender	male	-0.104531019233295	0.0824756440706677	221	7	0.206365112402312	0.80461372852737
metabat_ERR2162206.17	response	R	0.119556829451869	0.0781749345375897	221	7	0.127637037590004	0.80461372852737
semibin_SRR13068826.50	age	age	-0.0125215240418312	0.00734795497271869	221	2	0.0898024053511961	0.80461372852737
semibin_ERR12405955.92	age	age	-0.0312042284066506	0.015849179853164	221	2	0.050256348797689	0.80461372852737
semibin_SRR5930511.23	age	age	-0.0934137584987711	0.0502757920568978	221	12	0.0645253584541826	0.80461372852737
semibin_SRR5930503.199	response	R	0.0999891967737688	0.0716438449395099	221	9	0.164254153292455	0.80461372852737
maxbin_ERR2162201.005	age	age	0.0573836975679124	0.0310064429574454	221	3	0.065580707165021	0.80461372852737
semibin_SRR6000920.16	gender	male	-0.170377192045699	0.0895662923047	221	7	0.0584661099415351	0.80461372852737
metabat_SRR13068837.8	age	age	0.0293898756680257	0.0202069295816521	221	2	0.147267750412761	0.80461372852737
metabat_SRR16554707.26	gender	male	0.102965033082832	0.0728204233762432	221	9	0.15881538999421	0.80461372852737
metabat_SRR16554707.26	response	R	0.12406449717843	0.0690043545529909	221	9	0.0735861704493054	0.80461372852737
semibin_SRR23364193.49_sub	age	age	-0.0354659121005457	0.0187646011470727	221	3	0.060088938109419	0.80461372852737
semibin_SRR23364193.49_sub	gender	male	0.0556715775595128	0.0405032492390187	221	3	0.170706556348704	0.80461372852737
semibin_SRR23364199.59	age	age	0.0226604503175911	0.0168587531273104	221	5	0.180308090596256	0.80461372852737
metabat_ERR2162221.34	gender	male	-0.0158888888148808	0.00986847420834935	221	1	0.108850993099335	0.80461372852737
semibin_SRR23364227.47	age	age	0.0248856540255666	0.0150672632445106	221	3	0.100059217180232	0.80461372852737
metabat_SRR11413645.3	gender	male	0.0764676451217174	0.05830114056262	221	7	0.191042858400281	0.80461372852737
maxbin_SRR20881976.003	gender	male	-0.0830938715793321	0.0580214884683558	221	5	0.153550770634005	0.80461372852737
semibin_SRR13068840.58	age	age	0.0488865891040984	0.0253344150684511	221	3	0.0549539190755027	0.80461372852737
semibin_SRR13022432.11	age	age	-0.0351228936054902	0.0186931300264203	221	3	0.0615988769926935	0.80461372852737
semibin_SRR13022432.11	gender	male	0.0557172636233027	0.0403459314377935	221	3	0.168703403494556	0.80461372852737
semibin_SRR5930532.139	response	R	0.0998518706702119	0.0775993061613211	221	7	0.199549754872111	0.80461372852737
metabat_SRR11413657.82	response	R	-0.0981974160505102	0.0561523542185717	221	5	0.0817451850658593	0.80461372852737
semibin_ERR2162224.69	age	age	0.00693431284811137	0.00455160353577453	221	1	0.12910410825608	0.80461372852737
semibin_ERR2162224.69	gender	male	-0.0176415253724576	0.00982736825276933	221	1	0.0740325977149881	0.80461372852737
metabat_SRR16554703.48_sub	age	age	0.0199676540851415	0.0154684751378429	221	3	0.198125374169668	0.80461372852737
metabat_SRR16554703.48_sub	gender	male	-0.0866564554187717	0.0333421636492881	221	3	0.0099906837153995	0.80461372852737
semibin_SRR13022392.16	gender	male	0.149272063660474	0.100004867895116	221	11	0.136981803308111	0.80461372852737
semibin_ERR6279678.42	age	age	-0.0311367106491631	0.0158025955821194	221	2	0.0500794360235402	0.80461372852737
semibin_SRR5930529.60	response	R	0.0773521225126675	0.0539895922937047	221	5	0.153384551755734	0.80461372852737
semibin_SRR11413678.27	gender	male	-0.157172099634234	0.116296204923543	221	14	0.177948619683884	0.80461372852737
metabat_SRR5930528.60	gender	male	-0.136767989788786	0.0701940728758121	221	7	0.0526557105232128	0.80461372852737
metabat_SRR5930528.60	response	R	-0.0891404714333933	0.0665171187033549	221	7	0.181614052911217	0.80461372852737
metabat_SRR16168976.16	age	age	-0.0794648332119564	0.0450426482458512	221	12	0.0791126598481985	0.80461372852737
metabat_SRR16168976.16	gender	male	0.142437284330197	0.0972545715422071	221	12	0.144491998797337	0.80461372852737
metabat_SRR16168976.16	response	R	-0.133662953650186	0.0921653237947709	221	12	0.148440181682357	0.80461372852737
metabat_SRR25825496.19	gender	male	-0.0414085958107836	0.030800928908254	221	2	0.180235496038106	0.80461372852737
metabat_ERR12405912.7	gender	male	-0.108570497597566	0.0586152268164266	221	3	0.0653469984811914	0.80461372852737
semibin_SRR16554703.88	gender	male	-0.0289377484236488	0.014075638581392	221	2	0.0409914859724871	0.80461372852737
semibin_ERR2162215.11	age	age	-0.034339797336148	0.0252338598624741	221	4	0.174976749973141	0.80461372852737
semibin_SRR16554757.33	response	R	-0.058144711669815	0.036577785036966	221	2	0.113376738169106	0.80461372852737
semibin_ERR12405979.55	response	R	0.0303336335535963	0.0222908986447152	221	2	0.175000587955697	0.80461372852737
metabat_SRR5930531.61	age	age	-0.0798154166807313	0.0431561748071786	221	14	0.0657627194335422	0.80461372852737
metabat_SRR5930531.61	gender	male	0.122457781856507	0.0931814024635362	221	14	0.190181731767286	0.80461372852737
metabat_ERR2162202.27	gender	male	-0.0705365622887703	0.0547868091586906	221	7	0.199304532196339	0.80461372852737
maxbin_SRR13068829.001	age	age	0.032804065651176	0.0188920220674575	221	3	0.083919185353042	0.80461372852737
maxbin_SRR13068829.001	gender	male	-0.0922740479242889	0.0407877901690051	221	3	0.0246731742545901	0.80461372852737
semibin_SRR11413648.175	gender	male	-0.0158888888149561	0.00986847420820001	221	1	0.108850993092274	0.80461372852737
semibin_SRR16554745.4	gender	male	-0.0164758100685127	0.00986203365702488	221	1	0.0962473508412156	0.80461372852737
semibin_SRR5930499.20	age	age	0.023560865840005	0.0144007601796189	221	2	0.103279745547082	0.80461372852737
semibin_SRR5930499.20	gender	male	-0.0705082837502809	0.0310914696792595	221	2	0.0243326454593611	0.80461372852737
semibin_SRR11413649.66	response	R	0.0529514101265805	0.0332379908254486	221	4	0.112603461384243	0.80461372852737
metabat_SRR6000877.26	age	age	0.0105350263035965	0.00772911058807245	221	2	0.174285027345605	0.80461372852737
semibin_ERR6275673.140	age	age	-0.0311403229964809	0.0158050874773982	221	2	0.0500889075995842	0.80461372852737
maxbin_ERR6254869.013	age	age	0.0488775023348741	0.0362119794603234	221	6	0.178499138712212	0.80461372852737
maxbin_ERR6254869.013	gender	male	-0.17173956699485	0.078054606835612	221	6	0.028844236198213	0.80461372852737
metabat_ERR6275663.46	age	age	0.00666682322166069	0.00457733484184309	221	1	0.146717224175581	0.80461372852737
maxbin_SRR5930533.038	response	R	0.0888664509525367	0.0525938563367052	221	5	0.0925329604469082	0.80461372852737
maxbin_ERR2162221.009	gender	male	-0.0158888888148676	0.00986847420834101	221	1	0.108850993099355	0.80461372852737
semibin_ERR2162212.116	age	age	0.00666682322503486	0.00457733484205162	221	1	0.146717223990478	0.80461372852737
semibin_ERR6279669.86	age	age	0.0417722695797528	0.0224514896129176	221	7	0.064169878785085	0.80461372852737
semibin_SRR11413609.20	gender	male	-0.0170584641900952	0.00984746778016355	221	1	0.0846571026084945	0.80461372852737
semibin_ERR2162216.86	gender	male	-0.0802968148559283	0.0297775820229913	221	3	0.00755800349780162	0.80461372852737
semibin_ERR2162216.86	response	R	0.0423147776902431	0.0282165801453453	221	3	0.135166961401347	0.80461372852737
metabat_SRR11413618.74	gender	male	-0.0158888888166485	0.00986847420621402	221	1	0.108850992983773	0.80461372852737
semibin_SRR11413608.70	gender	male	-0.0158888888150312	0.00986847420829178	221	1	0.10885099309402	0.80461372852737
semibin_SRR13068829.32	age	age	-0.0361787191538923	0.0203041743766525	221	3	0.0761857982928599	0.80461372852737
semibin_ERR6275663.49	age	age	-0.031111311982938	0.015785075004056	221	2	0.0500128006572279	0.80461372852737
metabat_SRR16554664.18	gender	male	-0.0419466421526112	0.0205533782108999	221	2	0.042474995418145	0.80461372852737
metabat_ERR2162221.56	gender	male	-0.0158888888150052	0.00986847420830491	221	1	0.108850993094996	0.80461372852737
semibin_ERR2162209.4	age	age	-0.0292240070456974	0.0175044500126182	221	2	0.0964726335842606	0.80461372852737
semibin_ERR2162209.4	gender	male	-0.0619398604558156	0.0377948285117974	221	2	0.102710956809272	0.80461372852737
semibin_ERR2162209.4	response	R	-0.0473122980635833	0.0358241814220564	221	2	0.188012257084922	0.80461372852737
semibin_SRR16554736.70	age	age	0.00666682322546474	0.004577334842078	221	1	0.146717223966899	0.80461372852737
semibin_SRR23364233.61	gender	male	-0.0571403292855457	0.0430035683690364	221	2	0.185331365949955	0.80461372852737
semibin_SRR5930498.20	age	age	0.0407654724484763	0.0223076661188135	221	3	0.0690139884988598	0.80461372852737
metabat_SRR11413685.29	age	age	-0.00838027627904813	0.00455913294074001	221	1	0.0674242110815621	0.80461372852737
semibin_SRR20881974.85	age	age	0.00666682322206785	0.00457733484186848	221	1	0.146717224153276	0.80461372852737
semibin_ERR2162221.54	gender	male	-0.0158888888150213	0.00986847420834234	221	1	0.108850993095815	0.80461372852737
semibin_SRR16554736.14	age	age	0.00666682322517862	0.00457733484206041	221	1	0.146717223982559	0.80461372852737
semibin_SRR16554703.41	gender	male	-0.0547366722243856	0.0412200587031061	221	2	0.185613662266009	0.80461372852737
semibin_ERR2162221.14	gender	male	-0.0158888888183737	0.00986847420400252	221	1	0.108850992866544	0.80461372852737
metabat_SRR16554703.27	gender	male	-0.0158888888150256	0.00986847420826803	221	1	0.10885099309331	0.80461372852737
semibin_ERR2162221.26	gender	male	-0.0158888888151718	0.00986847420816568	221	1	0.108850993086315	0.80461372852737
semibin_SRR23364192.96	gender	male	-0.0158888888165841	0.00986847420619956	221	1	0.108850992984884	0.80461372852737
semibin_SRR13068829.205	age	age	-0.106175314186355	0.0449826858605172	221	8	0.0191441044616068	0.80461372852737
maxbin_SRR23364183.002	age	age	-0.0570339672062188	0.0255205093344161	221	6	0.0264505961998481	0.80461372852737
maxbin_SRR23364183.002	gender	male	0.0725488748756691	0.0550955337663007	221	6	0.189302991576084	0.80461372852737
maxbin_SRR23364183.002	response	R	0.0908720792596871	0.0522090106035561	221	6	0.0831850972631261	0.80461372852737
semibin_SRR16554759.10_sub	age	age	-0.230032259341288	0.10337839138259	221	19	0.0271004941108226	0.80461372852737
maxbin_SRR8387659.002	gender	male	0.24339743162993	0.164388542522116	221	12	0.140157562684104	0.80461372852737
semibin_ERR6280907.75	age	age	0.12745709335627	0.0596254230457327	221	9	0.0336652010051452	0.80461372852737
metabat_SRR5930532.5	age	age	0.140569276120316	0.1035970081548	221	23	0.176227382511477	0.80461372852737
maxbin_SRR23364229.004	age	age	-0.0425558481363267	0.0294390804430746	221	3	0.14975994158538	0.80461372852737
semibin_SRR11413606.50	age	age	0.0564567291923269	0.0265617168834284	221	3	0.0346759578868663	0.80461372852737
semibin_ERR6267712.18	age	age	-0.146407503126584	0.0787534437829493	221	47	0.0643902537567364	0.80461372852737
semibin_ERR6267712.18	gender	male	0.389873909325385	0.170030022127171	221	47	0.0228205450868695	0.80461372852737
metabat_SRR5930498.82	age	age	0.133986834827766	0.0879439728890624	221	28	0.129077725414326	0.80461372852737
semibin_SRR25825510.41_sub	gender	male	0.381413509148987	0.152771864668507	221	57	0.0132921481865371	0.80461372852737
semibin_ERR6279674.8	age	age	-0.106715321810507	0.0749586774053432	221	55	0.156001933167269	0.80461372852737
semibin_ERR6279674.8	gender	male	0.379802771130544	0.161835638366695	221	55	0.0198463609289256	0.80461372852737
maxbin_ERR6281505.022	age	age	-0.0930037436234093	0.0667831597812752	221	55	0.165178428393037	0.80461372852737
maxbin_ERR6281505.022	gender	male	0.334001082937713	0.144184743140779	221	55	0.0214778488755163	0.80461372852737
maxbin_ERR6279662.030	age	age	-0.0973476821486076	0.0682793815719013	221	54	0.155403741570362	0.80461372852737
maxbin_ERR6279662.030	gender	male	0.330494972586489	0.147415215085206	221	54	0.0259912132179389	0.80461372852737
maxbin_SRR11413648.001	age	age	-0.0160010027769373	0.0112030030813385	221	3	0.154649545213348	0.80461372852737
maxbin_SRR11413648.001	gender	male	0.0321824626391804	0.0241479757230652	221	3	0.184021738143326	0.80461372852737
metabat_ERR6279625.46	age	age	-0.0869157323341285	0.056642126468322	221	18	0.126377701673435	0.80461372852737
metabat_ERR6279625.46	gender	male	0.362191754150313	0.122290335376565	221	18	0.00340114681189963	0.80461372852737
metabat_ERR6279625.46	response	R	-0.149389056559474	0.115877901578774	221	18	0.198709555572419	0.80461372852737
semibin_SRR6000903.13	gender	male	0.361051180576176	0.161732152459048	221	55	0.0266239803417729	0.80461372852737
maxbin_SRR23364204.024	age	age	-0.10376601747021	0.0721258015130092	221	55	0.151701162054522	0.80461372852737
maxbin_SRR23364204.024	gender	male	0.362397696651328	0.155719478482992	221	55	0.0208863170542822	0.80461372852737
metabat_SRR5930506.9_sub	gender	male	0.400873673178975	0.16188143628602	221	57	0.0140487123158894	0.80461372852737
metabat_ERR6243878.23_sub	age	age	-0.0847263331501299	0.063153603621796	221	53	0.181149697200611	0.80461372852737
metabat_ERR6243878.23_sub	gender	male	0.347052980800129	0.136348557493485	221	53	0.0116209986774831	0.80461372852737
metabat_SRR16168986.5	age	age	-0.100291259709314	0.0797750977969423	221	55	0.210059938629567	0.80461372852737
metabat_SRR16168986.5	gender	male	0.33992723808366	0.172234268851733	221	55	0.0497096888456958	0.80461372852737
maxbin_ERR6279614.017_sub	age	age	-0.100130908237327	0.0693198446441423	221	55	0.150066735042739	0.80461372852737
maxbin_ERR6279614.017_sub	gender	male	0.34594033142016	0.149661413579964	221	55	0.0217571477375633	0.80461372852737
maxbin_ERR6279679.012	age	age	-0.110075754783977	0.0748204394505014	221	54	0.142705488002171	0.80461372852737
maxbin_ERR6279679.012	gender	male	0.36246654469673	0.161537264425477	221	54	0.0258650442825925	0.80461372852737
semibin_ERR6279668.12	gender	male	-0.25272550177108	0.11050945286379	221	5	0.0231652460640097	0.80461372852737
metabat_ERR6279677.48_sub	age	age	-0.0974287426747663	0.0722170630226355	221	54	0.178726689972012	0.80461372852737
metabat_ERR6279677.48_sub	gender	male	0.333139817504783	0.155916661772988	221	54	0.033760828934162	0.80461372852737
maxbin_SRR25825517.033_sub	age	age	-0.0915411313427464	0.0681010976228655	221	54	0.180307926054746	0.80461372852737
maxbin_SRR25825517.033_sub	gender	male	0.32685397058763	0.147030363384813	221	54	0.0272587401884245	0.80461372852737
metabat_SRR13068843.53_sub	age	age	-0.137155731366129	0.0776386416765195	221	45	0.0787211956050251	0.80461372852737
metabat_SRR13068843.53_sub	gender	male	0.347127378564947	0.167623606102582	221	45	0.0395693113760904	0.80461372852737
maxbin_ERR6280910.023_sub	gender	male	0.350791393515235	0.152164657315544	221	47	0.0221051082368516	0.80461372852737
metabat_ERR6279658.3	gender	male	-0.120094386653105	0.0663682317797628	221	3	0.0717545534973817	0.80461372852737
maxbin_SRR16168920.025	gender	male	-0.283524090109608	0.148204171846234	221	31	0.0570736258374294	0.80461372852737
metabat_SRR25825508.34_sub	age	age	-0.0820205293162748	0.0641110876515528	221	50	0.202158385732008	0.80461372852737
metabat_SRR25825508.34_sub	gender	male	0.368353546530457	0.138416001994037	221	50	0.00837627347737396	0.80461372852737
metabat_ERR12405928.49	gender	male	-0.0142528315857416	0.00994626489342462	221	1	0.153301709275148	0.80461372852737
maxbin_SRR5930498.027	gender	male	0.351831081789508	0.14523207504123	221	53	0.0162441693714733	0.80461372852737
semibin_SRR5930517.113	gender	male	0.359751970180727	0.182684309483065	221	51	0.0502131389315296	0.80461372852737
maxbin_SRR13068814.028	gender	male	-0.269587479335353	0.146684485365466	221	26	0.0674660861484447	0.80461372852737
semibin_ERR12405961.27	response	R	-0.0669292999321238	0.0432989750898598	221	2	0.123622563523213	0.80461372852737
metabat_SRR6000874.22_sub	age	age	0.031673150133378	0.0252433973481145	221	6	0.210944150295535	0.80461372852737
maxbin_ERR6279673.036	age	age	-0.0813999622570727	0.0640645488768893	221	48	0.205252235156597	0.80461372852737
maxbin_ERR6279673.036	gender	male	0.349294137030639	0.138315694208675	221	48	0.0122827492663965	0.80461372852737
metabat_ERR6281500.12	age	age	0.0305326463541145	0.0239007736866073	221	6	0.202810198761861	0.80461372852737
metabat_ERR6281500.12	gender	male	-0.0646850468525122	0.0516057979933252	221	6	0.211402928208363	0.80461372852737
metabat_SRR5930516.91	response	R	-0.10098987567195	0.0723643672886676	221	5	0.164269014545941	0.80461372852737
maxbin_SRR16554636.003	gender	male	-0.189205527952595	0.11146473500076	221	4	0.0910457382537429	0.80461372852737
maxbin_SRR16554636.003	response	R	-0.196773938436216	0.105932306933501	221	4	0.0645885382446654	0.80461372852737
metabat_SRR16554652.48	gender	male	0.336301534074281	0.162427988901936	221	48	0.0396077439797566	0.80461372852737
metabat_ERR6275663.38	gender	male	-0.0142528315858322	0.00994626489342462	221	1	0.153301709272548	0.80461372852737
semibin_SRR11413614.13	response	R	-0.115076062259815	0.0628635624796179	221	5	0.0685364969394261	0.80461372852737
semibin_ERR6281434.39	age	age	0.0306101526165185	0.0243387883213842	221	6	0.209873563921123	0.80461372852737
semibin_ERR6281434.39	gender	male	-0.0666705022584295	0.0525515430203376	221	6	0.2059289676056	0.80461372852737
semibin_ERR6281448.54	age	age	0.0311845686492231	0.0244692087503342	221	6	0.203880745750538	0.80461372852737
semibin_ERR6281448.54	gender	male	-0.0663826557274152	0.0528331417041746	221	6	0.210311086299682	0.80461372852737
maxbin_SRR11413653.009	age	age	-0.0740377222498961	0.0508672283338692	221	10	0.146973965207969	0.80461372852737
maxbin_SRR11413653.009	response	R	0.172832142761752	0.104146189443674	221	10	0.0984580379071975	0.80461372852737
metabat_SRR13068843.68	age	age	-0.105117765958181	0.072405427735498	221	48	0.148022383542744	0.80461372852737
metabat_SRR13068843.68	gender	male	0.448793206503901	0.156323950166087	221	48	0.00450366004999205	0.80461372852737
semibin_ERR6275676.56	gender	male	-0.0142528315858415	0.00994626489342463	221	1	0.153301709272291	0.80461372852737
maxbin_SRR5930515.026_sub	response	R	-0.0127639719321238	0.0094508980829615	221	1	0.178246779937811	0.80461372852737
maxbin_SRR16168974.016_sub	age	age	-0.0996005014447407	0.0717172183706763	221	46	0.166338029453302	0.80461372852737
maxbin_SRR16168974.016_sub	gender	male	0.252331167722713	0.154837655143489	221	46	0.104645843650394	0.80461372852737
maxbin_SRR16168974.016_sub	response	R	0.360228792163501	0.146845960949494	221	46	0.014961955335892	0.80461372852737
maxbin_SRR5930495.007_sub	gender	male	0.258131385985093	0.137593550053495	221	32	0.062009373554151	0.80461372852737
metabat_ERR6271721.58	age	age	0.037139954181497	0.0215460826724495	221	5	0.0861880021709945	0.80461372852737
metabat_ERR6271721.58	gender	male	-0.0802102580348733	0.0465214808686148	221	5	0.0861136035280756	0.80461372852737
metabat_SRR23364171.31	gender	male	-0.0142528315858085	0.00994626489342463	221	1	0.153301709273227	0.80461372852737
metabat_SRR23364216.19_sub	gender	male	-0.281696071999394	0.14093662751439	221	25	0.0469000214010259	0.80461372852737
metabat_ERR6279626.27	gender	male	-0.0142528315858277	0.00994626489342463	221	1	0.153301709272688	0.80461372852737
maxbin_ERR6231548.005	response	R	-0.0127652104721164	0.0094492450430294	221	1	0.178129223132519	0.80461372852737
maxbin_SRR16554788.028_sub	gender	male	-0.0911865308563526	0.0709162416956175	221	5	0.199871325369876	0.80461372852737
maxbin_SRR16554788.028_sub	response	R	-0.159547752807116	0.0673963929651764	221	5	0.0187972607366372	0.80461372852737
metabat_ERR6279664.11	age	age	0.0296658652127924	0.0233979132236455	221	6	0.206208276129521	0.80461372852737
metabat_ERR6279664.11	gender	male	-0.0630296590152288	0.0505200381469818	221	6	0.213526433440996	0.80461372852737
semibin_SRR5930507.86	age	age	0.158219122249	0.103648459710943	221	20	0.128356431864517	0.80461372852737
semibin_SRR16168985.16	gender	male	0.346342781061568	0.151282806863284	221	44	0.0230321361484262	0.80461372852737
semibin_ERR2162203.14	gender	male	-0.0142528315856463	0.00994626489342463	221	1	0.153301709277899	0.80461372852737
semibin_SRR11413647.21	age	age	-0.0319914726530157	0.0242418690371099	221	3	0.188341784336676	0.80461372852737
maxbin_SRR5930510.007_sub	gender	male	0.376783499934901	0.153009933214662	221	43	0.014587313658929	0.80461372852737
metabat_ERR12405979.31	age	age	0.00736291590471664	0.00460485342591152	221	1	0.111288451117549	0.80461372852737
semibin_ERR6275681.3	gender	male	-0.0999479346795052	0.0747677583772551	221	5	0.182710291416083	0.80461372852737
semibin_SRR13022404.15	age	age	-0.0261333849855858	0.0187969391550696	221	4	0.16586212178512	0.80461372852737
semibin_SRR13022404.15	gender	male	0.0584195969864981	0.0405166388948564	221	4	0.150781581141798	0.80461372852737
semibin_SRR13022404.15	response	R	0.0517776530648107	0.0385056406162404	221	4	0.180133355851466	0.80461372852737
semibin_SRR13068818.12_sub	age	age	-0.106841029170241	0.0709583691344853	221	46	0.133621199900138	0.80461372852737
semibin_SRR13068818.12_sub	gender	male	0.402555272558667	0.153200168976166	221	46	0.00921988074280544	0.80461372852737
semibin_SRR13068818.12_sub	response	R	0.2298740259571	0.145287596875786	221	46	0.115078880019442	0.80461372852737
metabat_SRR5930516.94	gender	male	0.343170276544806	0.150972166067991	221	38	0.0240138604793007	0.80461372852737
semibin_ERR6279669.82	response	R	-0.0127639719318756	0.00945089808294071	221	1	0.17824677994533	0.80461372852737
maxbin_SRR16168918.042_sub	gender	male	0.288801980048601	0.147363567871787	221	40	0.0513170964387867	0.80461372852737
metabat_ERR6279619.19_sub	gender	male	0.257142983955623	0.0989573720910153	221	35	0.0100129186654019	0.80461372852737
metabat_ERR6275652.18	age	age	0.0547940350384214	0.0303036898250405	221	7	0.0719654619203485	0.80461372852737
metabat_SRR6000906.41	gender	male	-0.0402834204490318	0.0323638830152419	221	2	0.214583557422544	0.80461372852737
semibin_SRR6000908.42_sub	response	R	-0.116480979559072	0.0650424701576269	221	8	0.0747119615125768	0.80461372852737
semibin_SRR16554773.62	response	R	-0.0873673165318736	0.0555305966503018	221	2	0.117101924806116	0.80461372852737
metabat_ERR6279661.17	age	age	0.161004864827902	0.0455567050728467	221	10	0.000500705212056402	0.80461372852737
semibin_SRR16554756.28	gender	male	-0.223113222869018	0.145329891634672	221	10	0.126186739804255	0.80461372852737
semibin_SRR16554756.28	response	R	0.276086042457767	0.138116604208062	221	10	0.0468630676551794	0.80461372852737
metabat_SRR5930534.8_sub	gender	male	0.261173688611637	0.145605663048271	221	38	0.0742705226750476	0.80461372852737
semibin_SRR16554643.19	age	age	0.00824345643664768	0.0046019199700807	221	1	0.0746374105145551	0.80461372852737
metabat_SRR20881981.18	gender	male	-0.2734541064747	0.115392758273463	221	15	0.0186860972051455	0.80461372852737
semibin_SRR5930536.9	age	age	0.131694679304135	0.0795531638709241	221	30	0.0992990089784428	0.80461372852737
maxbin_SRR16554689.002	gender	male	0.195764509879941	0.113261747277822	221	10	0.085334381500011	0.80461372852737
maxbin_ERR6232522.003	gender	male	0.109311294132167	0.0872362952724118	221	16	0.211553375095298	0.80461372852737
semibin_SRR11413613.34	age	age	0.0392151654450263	0.0243579714462685	221	6	0.108862035813992	0.80461372852737
semibin_ERR6273965.44_sub	gender	male	-0.14777631507853	0.114547575577953	221	12	0.198410700634387	0.80461372852737
metabat_ERR6279683.9	response	R	0.180113507094022	0.117860970461859	221	11	0.127924802236813	0.80461372852737
maxbin_SRR16168941.009_sub	response	R	0.240421792447311	0.13943311945127	221	30	0.0860988769876214	0.80461372852737
maxbin_ERR12405975.009_sub	response	R	-0.0129822757040755	0.00946509242300895	221	1	0.171605983027801	0.80461372852737
metabat_SRR11413680.4	gender	male	-0.0132690702673064	0.00992439673616829	221	1	0.1826175517547	0.80461372852737
metabat_SRR11413680.4	response	R	-0.012029291185008	0.00943181034951048	221	1	0.203532872465561	0.80461372852737
semibin_SRR16554649.27	gender	male	-0.0127074489267827	0.00991684739131051	221	1	0.201420757319281	0.80461372852737
semibin_ERR6279676.4	gender	male	0.303099627099024	0.150111356559685	221	33	0.0447159864666505	0.80461372852737
semibin_SRR5930514.44	age	age	0.103156184911036	0.0697119099525053	221	11	0.140390580578329	0.80461372852737
semibin_ERR6232425.9	response	R	0.0454437637413614	0.0363023021835316	221	4	0.211992683204459	0.80461372852737
semibin_ERR6279650.29	age	age	0.00736291590534016	0.00460485342599234	221	1	0.111288451093599	0.80461372852737
semibin_SRR5930518.8	age	age	0.0820540662142578	0.0552011629835934	221	25	0.138626322364509	0.80461372852737
semibin_ERR12405915.41_sub	age	age	0.107995937613197	0.0579496332247765	221	12	0.06372668351191	0.80461372852737
maxbin_SRR5930512.005_sub	age	age	-0.0198180834850255	0.0111839401367111	221	2	0.0777966415706945	0.80461372852737
maxbin_SRR16554760.002	gender	male	-0.0147164463833558	0.00994872110235819	221	1	0.140529055165138	0.80461372852737
maxbin_ERR6279660.002	response	R	-0.0139929629814249	0.00940137909689562	221	1	0.138106626780412	0.80461372852737
semibin_SRR13068843.60_sub	gender	male	0.305411005080708	0.147783600538267	221	30	0.0399733254915928	0.80461372852737
metabat_ERR6279625.36	gender	male	0.176586709160844	0.131473974503573	221	20	0.18064921896303	0.80461372852737
metabat_SRR16168976.72	response	R	-0.0866045524953703	0.0622016080481057	221	4	0.165250598979262	0.80461372852737
semibin_SRR5930501.110_sub	gender	male	0.105394336638891	0.0816365065301211	221	5	0.198070507858668	0.80461372852737
semibin_SRR5930501.110_sub	response	R	-0.200193078947943	0.0774000658172243	221	5	0.0103511538056194	0.80461372852737
metabat_ERR6279677.5	age	age	0.0623327964673998	0.0343316960524575	221	5	0.0708120396233282	0.80461372852737
maxbin_SRR11413615.001	response	R	0.101828640840413	0.0680611004617914	221	7	0.13607507824167	0.80461372852737
semibin_SRR16554652.103	age	age	0.0632525414818824	0.0465420798402291	221	10	0.175556748775148	0.80461372852737
semibin_SRR16554652.103	gender	male	-0.168862437809187	0.100492248444569	221	10	0.0943398349653378	0.80461372852737
semibin_SRR16554673.8	age	age	-0.0473595346355316	0.0213660218855035	221	2	0.0276897999683399	0.80461372852737
metabat_ERR6279654.3_sub	response	R	0.0747508706944201	0.0525755016370364	221	8	0.156535364367706	0.80461372852737
semibin_SRR5930529.2	age	age	-0.118196078251557	0.0649068938304294	221	36	0.0700006187008367	0.80461372852737
semibin_SRR5930529.2	gender	male	0.214353477217578	0.140135121197611	221	36	0.127586436272946	0.80461372852737
semibin_SRR5930529.2	response	R	0.23394465373163	0.132896235331516	221	36	0.0797740744940665	0.80461372852737
maxbin_ERR12405949.018	gender	male	-0.219748640983051	0.14249527973791	221	12	0.124494921401417	0.80461372852737
maxbin_SRR5930501.009	age	age	0.0522210445446011	0.0250011355013235	221	3	0.0378965493077072	0.80461372852737
semibin_SRR16554767.32	age	age	0.153649099894914	0.0776344575653905	221	12	0.0490651291627975	0.80461372852737
semibin_SRR16554767.32	gender	male	-0.278994836936158	0.167340398190661	221	12	0.096911322213788	0.80461372852737
semibin_SRR16554767.32	response	R	0.253406126417006	0.159034643767703	221	12	0.112525543358944	0.80461372852737
metabat_SRR23364174.22	gender	male	0.251083977170934	0.131708413753765	221	15	0.0579310879633193	0.80461372852737
maxbin_SRR5930514.003	age	age	0.0560608139022536	0.0345747309018336	221	4	0.106376043323375	0.80461372852737
metabat_SRR5930498.86	response	R	0.264274837077308	0.164938158839469	221	30	0.110568722114297	0.80461372852737
metabat_ERR12405949.35	gender	male	-0.0128619871927205	0.00992126356938169	221	1	0.196212561450288	0.80461372852737
semibin_SRR11413614.58	age	age	-0.00909419500304316	0.00457701467650559	221	1	0.0481891395529919	0.80461372852737
semibin_SRR11413614.58	response	R	-0.0127613540757952	0.009364935942453	221	1	0.17440026788281	0.80461372852737
metabat_SRR5930523.19	gender	male	-0.207352173657583	0.0998956228605172	221	8	0.0391125916410946	0.80461372852737
metabat_SRR5930523.19	response	R	0.137236727849702	0.0946896220764002	221	8	0.148700163630466	0.80461372852737
semibin_ERR6279621.6	gender	male	0.16907603333652	0.135440635006499	221	19	0.213267440947548	0.80461372852737
semibin_SRR11413618.78	response	R	0.121358974476321	0.0942256672601366	221	8	0.199140636245679	0.80461372852737
maxbin_SRR16168942.005	gender	male	-0.0495381456744437	0.0216773135115712	221	2	0.0232672954552054	0.80461372852737
semibin_SRR16168982.36	gender	male	-0.0881324443531971	0.069226918789543	221	4	0.204361389298643	0.80461372852737
semibin_SRR5930514.18	age	age	0.00736291590524104	0.0046048534259786	221	1	0.111288451097342	0.80461372852737
semibin_ERR6275661.76	gender	male	-0.0535997735195796	0.0412438854627507	221	2	0.195123479939404	0.80461372852737
maxbin_SRR16554639.004	gender	male	-0.0132690702672869	0.00992439673616828	221	1	0.182617551755338	0.80461372852737
maxbin_SRR16554639.004	response	R	-0.0120292911850022	0.00943181034951048	221	1	0.203532872465766	0.80461372852737
semibin_SRR5930528.176	gender	male	-0.0159573507162406	0.00991722760928969	221	1	0.10905908582877	0.80461372852737
semibin_SRR5930528.176	response	R	-0.0117034908480318	0.00939978889484227	221	1	0.214448066439491	0.80461372852737
semibin_ERR12405970.54	gender	male	-0.0546882022229633	0.0311530877685568	221	3	0.0805905495606623	0.80461372852737
semibin_ERR12405970.54	response	R	-0.0423936299208649	0.0296068389289451	221	3	0.153615112657663	0.80461372852737
metabat_ERR12405940.8	gender	male	0.191911432988254	0.0995462293559009	221	10	0.0551774771973383	0.80461372852737
metabat_ERR12405940.8	response	R	0.140530030624452	0.0946053630516419	221	10	0.138880160890207	0.80461372852737
semibin_SRR5930529.29	age	age	-0.10717213419874	0.0727329820519249	221	22	0.142081269608098	0.80461372852737
semibin_SRR5930529.29	gender	male	0.209267372539366	0.15703829427551	221	22	0.184080459806196	0.80461372852737
semibin_SRR23364174.31	age	age	0.0916338242483638	0.063074266663515	221	21	0.147741614307716	0.80461372852737
maxbin_ERR12405929.007	age	age	0.0318619817433498	0.0207155316440928	221	4	0.125489818249567	0.80461372852737
semibin_ERR12405968.41	gender	male	0.104457786004054	0.0745224244833125	221	6	0.162448680144432	0.80461372852737
semibin_ERR6275680.2_sub	gender	male	-0.0851053480411769	0.0542363284018121	221	3	0.118082572837965	0.80461372852737
metabat_SRR16168940.8	response	R	-0.0139575608877766	0.00939884302987603	221	1	0.138995080732408	0.80461372852737
maxbin_SRR16554647.011_sub	gender	male	0.140176592948224	0.0938819360166289	221	8	0.136859418666712	0.80461372852737
maxbin_SRR16554647.011_sub	response	R	0.122235558875913	0.0892222106081981	221	8	0.172098753746643	0.80461372852737
semibin_SRR16554750.10	response	R	-0.0130130525034071	0.00945434132635844	221	1	0.170113248686252	0.80461372852737
maxbin_SRR16554636.001	gender	male	-0.127184510326843	0.0838462080429743	221	2	0.130752775635485	0.80461372852737
maxbin_SRR16554636.001	response	R	-0.113890283610169	0.0796845948232681	221	2	0.154366497176182	0.80461372852737
semibin_ERR6281505.10	gender	male	-0.111298559601278	0.0527154242887481	221	2	0.0358952058105099	0.80461372852737
maxbin_SRR16554718.005	age	age	-0.063693086569404	0.0290608405305354	221	3	0.0294638475248811	0.80461372852737
maxbin_SRR16554718.005	gender	male	0.0837847005014152	0.0626403890571272	221	3	0.182443108757225	0.80461372852737
maxbin_SRR16554718.005	response	R	-0.0876844122807042	0.0595313030618002	221	3	0.142223558122286	0.80461372852737
metabat_SRR16554756.5	age	age	0.0395765962894727	0.0299529708355018	221	4	0.187796278353056	0.80461372852737
semibin_SRR11413656.22	age	age	0.0458014816975848	0.0365621780598864	221	7	0.21166277348057	0.80461372852737
semibin_SRR11413656.22	gender	male	0.10367260388031	0.0788094568717227	221	7	0.189735390333914	0.80461372852737
semibin_SRR11413656.22	response	R	0.111285557507121	0.0748978371907572	221	7	0.138775080123177	0.80461372852737
semibin_SRR23364225.25	gender	male	-0.154530930496496	0.0833348237840786	221	3	0.0650476440944313	0.80461372852737
maxbin_ERR12405924.002	response	R	-0.0127563254179138	0.00942556123779586	221	1	0.177346380081866	0.80461372852737
maxbin_SRR11413649.022	age	age	-0.00771024350597181	0.00460617725251018	221	1	0.0955925596466335	0.80461372852737
metabat_SRR16554766.13	age	age	0.0960810308212231	0.0648733605014549	221	22	0.140057895258643	0.80461372852737
semibin_ERR12405971.1	gender	male	0.103834684765448	0.0669495065774582	221	6	0.122373193278979	0.80461372852737
metabat_SRR23364240.2	age	age	0.0915259675761868	0.0626130167952055	221	21	0.145266029833688	0.80461372852737
semibin_ERR6281677.29	gender	male	-0.0622633700105285	0.0336291351777517	221	3	0.0654604698223902	0.80461372852737
semibin_ERR6281677.29	response	R	-0.0482691445079021	0.0319599904806976	221	3	0.132421871448447	0.80461372852737
metabat_SRR16554786.23	age	age	-0.193810534789282	0.0681316244914893	221	24	0.00487651316842215	0.80461372852737
semibin_SRR11413683.194	gender	male	-0.138931278210006	0.0847782236862492	221	5	0.102711994597093	0.80461372852737
metabat_SRR25825510.12_sub	response	R	-0.165398325424481	0.128379851992282	221	18	0.19900436145413	0.80461372852737
metabat_SRR11413654.23	age	age	-0.0268551872668949	0.0208308946788189	221	4	0.198701564139187	0.80461372852737
metabat_SRR13068816.1	age	age	-0.0478785624779327	0.027032774697207	221	5	0.0779427501770743	0.80461372852737
maxbin_SRR16554719.004	age	age	-0.00739796020093897	0.00458819817323529	221	1	0.108330704791087	0.80461372852737
maxbin_SRR8387676.006	age	age	0.174709263787556	0.0657340357488851	221	9	0.00845008748047787	0.80461372852737
metabat_SRR23364191.23_sub	age	age	0.0859099718548447	0.06217281086567	221	20	0.168472046094613	0.80461372852737
semibin_ERR6275666.3	response	R	-0.0127652104708074	0.00944924504295315	221	1	0.178129223173307	0.80461372852737
metabat_SRR8387710.43	age	age	0.108931061123831	0.0405801977776249	221	7	0.00783236653672234	0.80461372852737
metabat_SRR5930501.14	response	R	-0.0127563254173005	0.00942556123775817	221	1	0.177346380100808	0.80461372852737
semibin_ERR6275676.34	age	age	-0.00753761479291291	0.00456972502824068	221	1	0.100508277654267	0.80461372852737
semibin_ERR6275676.34	response	R	-0.0140282688412047	0.0093491087383526	221	1	0.134948638303708	0.80461372852737
semibin_SRR5930494.69	gender	male	-0.356045747893019	0.168569647497396	221	23	0.0358297946812467	0.80461372852737
semibin_SRR5930494.69	response	R	-0.285422177397288	0.159819956573789	221	23	0.0755266341715504	0.80461372852737
semibin_ERR12405958.10	gender	male	-0.0147164463834766	0.0099487211023582	221	1	0.1405290551619	0.80461372852737
metabat_SRR16554636.2	response	R	-0.124877836898758	0.0973191780970881	221	8	0.200798406292914	0.80461372852737
metabat_ERR6232458.5	age	age	0.0206301226664701	0.0152358533817741	221	2	0.177134273870838	0.80461372852737
maxbin_SRR25825518.002	response	R	-0.0745941916090668	0.0443416544392917	221	3	0.0939583787284475	0.80461372852737
metabat_ERR12405942.51	age	age	0.0421643312998985	0.019005411566219	221	4	0.027553880597392	0.80461372852737
semibin_SRR11413654.79	response	R	-0.0510420682809747	0.0347727622853989	221	3	0.143593688875108	0.80461372852737
semibin_SRR16554679.4	gender	male	0.216690455930413	0.115037804707652	221	9	0.0609502529703265	0.80461372852737
semibin_ERR12405974.119	gender	male	-0.0907016677914895	0.0571466002977989	221	2	0.113928995554531	0.80461372852737
maxbin_ERR6279625.013_sub	age	age	0.0387397246675525	0.0227940881464662	221	6	0.0906616025080257	0.80461372852737
maxbin_ERR6279625.013_sub	response	R	0.0927192594942852	0.0466479156057471	221	6	0.0481186582047315	0.80461372852737
semibin_SRR11413614.10	gender	male	-0.0137326850649207	0.0099269364420286	221	1	0.167971153061386	0.80461372852737
semibin_SRR11413614.10	response	R	-0.0120215969850971	0.00943422399989698	221	1	0.203936373043479	0.80461372852737
metabat_SRR20881977.30	gender	male	-0.156929211934222	0.0933429267376155	221	15	0.0941763923300049	0.80461372852737
maxbin_SRR16554632.002	response	R	-0.0716058490678552	0.0399930123018532	221	4	0.0747749592262037	0.80461372852737
metabat_SRR16554778.4	gender	male	0.218653969451689	0.127519488619727	221	7	0.0878332309034578	0.80461372852737
metabat_SRR16168930.22_sub	gender	male	0.122755586885277	0.0933865754822855	221	9	0.190069475490268	0.80461372852737
metabat_SRR16168930.22_sub	response	R	-0.194728132051124	0.0887514367426661	221	9	0.029290691243581	0.80461372852737
maxbin_SRR23364231.030_sub	gender	male	0.0911243501036179	0.0556965524914052	221	7	0.103279065670033	0.80461372852737
semibin_ERR6281751.11_sub	gender	male	-0.100340814193734	0.0516800692884349	221	3	0.0534830441787202	0.80461372852737
semibin_ERR6281751.11_sub	response	R	-0.100879522682373	0.0491149865665561	221	3	0.0411795952657395	0.80461372852737
metabat_ERR12405957.24	gender	male	-0.015334599446944	0.00994743362892722	221	1	0.124636709042705	0.80461372852737
metabat_SRR16554643.13	age	age	0.148139783194713	0.057972262048045	221	8	0.0112930355348144	0.80461372852737
metabat_SRR16554643.13	gender	male	0.179433378674106	0.125138962906951	221	8	0.153048668019495	0.80461372852737
semibin_ERR6279677.13	gender	male	-0.0793770182166336	0.0361089594475223	221	3	0.0289968728863954	0.80461372852737
metabat_ERR12405957.9	gender	male	-0.0702889579709395	0.0518291886160948	221	2	0.176455952721429	0.80461372852737
semibin_ERR6279646.22_sub	age	age	0.0159492229115091	0.0100511318275168	221	2	0.114012046576189	0.80461372852737
semibin_ERR6279646.22_sub	gender	male	-0.027146021964796	0.0216651272518622	221	2	0.211560607294488	0.80461372852737
semibin_SRR6000947.67	response	R	0.118519187284407	0.0581545847355121	221	7	0.0427728517643174	0.80461372852737
maxbin_ERR6271721.001	age	age	-0.00579568417795483	0.0046044354392503	221	1	0.209484799359169	0.80461372852737
maxbin_ERR6271721.001	response	R	-0.0130284409031392	0.00943221312798872	221	1	0.168616358256595	0.80461372852737
semibin_ERR12406004.36	age	age	0.00824345643664583	0.0046019199700807	221	1	0.0746374105146201	0.80461372852737
semibin_SRR13068852.73_sub	age	age	-0.0586008778448656	0.030676091818565	221	6	0.0574117251669769	0.80461372852737
semibin_SRR5930520.95	response	R	-0.0357107329014394	0.0201182419770724	221	2	0.0772926687623409	0.80461372852737
metabat_SRR23364206.9	age	age	0.00736291590471457	0.00460485342591217	221	1	0.111288451117699	0.80461372852737
metabat_SRR5930499.62	gender	male	-0.214513258165532	0.0935854200147794	221	13	0.0228651512754254	0.80461372852737
metabat_SRR5930499.62	response	R	0.152162111685652	0.088718140273674	221	13	0.0877641825858226	0.80461372852737
semibin_SRR5930532.57	age	age	0.0512764717075221	0.0404686735526215	221	4	0.206489922196496	0.80461372852737
metabat_SRR23364192.31_sub	gender	male	-0.025964391760333	0.0204737685289996	221	2	0.206099764422517	0.80461372852737
maxbin_ERR12405965.008	age	age	0.030827495597943	0.0215506017532908	221	5	0.154023358136909	0.80461372852737
metabat_ERR6232688.30	age	age	0.00629363811737	0.00460284977553217	221	1	0.17294091642778	0.80461372852737
maxbin_SRR23364192.011_sub	response	R	-0.056490933350675	0.0353507843041416	221	2	0.111495661118338	0.80461372852737
semibin_SRR13068839.82	gender	male	-0.179623621026598	0.114861909573887	221	22	0.119333864904293	0.80461372852737
semibin_SRR13068839.82	response	R	0.247115912995129	0.108905761735372	221	22	0.0242573116941404	0.80461372852737
metabat_SRR11413681.65_sub	gender	male	0.114077257796023	0.0677056600172958	221	8	0.0934471564849848	0.80461372852737
semibin_ERR6232521.9	gender	male	-0.0948214003653654	0.049234064491325	221	3	0.0554316636500335	0.80461372852737
semibin_SRR20881979.39	gender	male	-0.267168134450279	0.132819865580339	221	8	0.0455220057651366	0.80461372852737
semibin_SRR20881987.25	age	age	-0.0916748416951518	0.0672448326739603	221	32	0.174218922021844	0.80461372852737
semibin_SRR20881987.25	response	R	0.205535537925464	0.137676218406724	221	32	0.136935855673856	0.80461372852737
metabat_SRR23364240.7	response	R	0.111199993836143	0.0688798115009659	221	10	0.107905170259205	0.80461372852737
metabat_ERR6232458.9	gender	male	-0.0154326059896032	0.00991108917400611	221	1	0.120902785214874	0.80461372852737
metabat_ERR6232458.9	response	R	-0.0119933849188557	0.00941916329338559	221	1	0.204275254955539	0.80461372852737
maxbin_SRR23364175.021_sub	gender	male	0.163637254990046	0.097519610493251	221	16	0.0948040153147093	0.80461372852737
semibin_ERR6281997.36	gender	male	0.0740514919866065	0.0389498548326318	221	7	0.0586006830304409	0.80461372852737
semibin_ERR6281997.36	response	R	-0.0574565742646923	0.0370166221371945	221	7	0.122075628331943	0.80461372852737
semibin_ERR6279665.27	age	age	-0.0703091043363486	0.0354374442262841	221	10	0.0485245290432195	0.80461372852737
maxbin_SRR5930517.004	age	age	0.0856767342317282	0.0488828778817562	221	5	0.0810745697555327	0.80461372852737
semibin_SRR5930517.103	age	age	0.086547025242946	0.0623494696638704	221	19	0.166548150833041	0.80461372852737
semibin_SRR5930517.103	gender	male	-0.221542274892165	0.134618004436386	221	19	0.101288272977929	0.80461372852737
semibin_SRR16168929.20_sub	age	age	-0.104738207039456	0.066306511690576	221	31	0.115671895691809	0.80461372852737
metabat_SRR25825513.9	gender	male	-0.122246499898571	0.0550428588389767	221	3	0.0273962992004414	0.80461372852737
maxbin_SRR5930501.001	age	age	0.0226406656961306	0.0176036889309937	221	4	0.199767628096127	0.80461372852737
maxbin_ERR6275673.039_sub	response	R	-0.0127652104721109	0.00944924504302815	221	1	0.178129223132631	0.80461372852737
semibin_SRR13022424.6	age	age	0.0178639851028209	0.0120043227063472	221	3	0.138168516262023	0.80461372852737
semibin_SRR13068825.144	age	age	-0.0102743444175167	0.00457852548545139	221	1	0.0258410637814009	0.80461372852737
maxbin_SRR8387681.017	age	age	0.00824345643664808	0.00460191997008071	221	1	0.0746374105145432	0.80461372852737
semibin_SRR11413687.171	age	age	0.00707611253840146	0.00461086526539941	221	1	0.126323946347532	0.80461372852737
semibin_ERR12405976.23	gender	male	-0.0517032507143905	0.0414917086244198	221	2	0.21406746125524	0.80461372852737
semibin_SRR13068826.42	age	age	0.00668720759425172	0.00460034636872791	221	1	0.147499354171374	0.80461372852737
maxbin_SRR16554726.001	response	R	-0.0983600609513632	0.0636119046630832	221	3	0.123501558027736	0.80461372852737
semibin_ERR6233692.26	age	age	0.0335390015046224	0.0220323297359397	221	2	0.129399062019981	0.80461372852737
semibin_ERR6233692.26	gender	male	-0.0716006111902492	0.0474904951577032	221	2	0.133090137653943	0.80461372852737
semibin_ERR6233692.26	response	R	-0.069397378204727	0.0451333572850233	221	2	0.125601496713581	0.80461372852737
semibin_SRR20881976.18_sub	age	age	-0.0894957079825205	0.0701578229557625	221	35	0.203466425452149	0.80461372852737
semibin_SRR5930536.61_sub	age	age	-0.11574645062536	0.060754664930469	221	14	0.0580966819833166	0.80461372852737
semibin_SRR5930536.61_sub	gender	male	0.210834245963466	0.131178748019921	221	14	0.109473117936516	0.80461372852737
metabat_ERR6281432.14	age	age	0.0347528406443871	0.0231853258416968	221	7	0.135363228515528	0.80461372852737
metabat_ERR6281432.14	response	R	0.0998399738105577	0.0474514705240788	221	7	0.0365357035184268	0.80461372852737
metabat_ERR6264280.47	age	age	0.00683799841464499	0.00456658460751109	221	1	0.135750979194124	0.80461372852737
metabat_ERR6264280.47	gender	male	-0.0194479411242365	0.00985941923122802	221	1	0.049825932826483	0.80461372852737
maxbin_SRR11413687.021	age	age	-0.0352211101802746	0.0258895216420219	221	5	0.175105877654113	0.80461372852737
maxbin_SRR11413687.021	gender	male	0.0856517585706738	0.0558874813503967	221	5	0.126838953730891	0.80461372852737
maxbin_SRR11413687.021	response	R	-0.0759532438032129	0.0529650516546001	221	5	0.153008553681273	0.80461372852737
semibin_ERR6239139.3	age	age	0.0370901614287432	0.0256815436154253	221	7	0.15012954854933	0.80461372852737
semibin_ERR6239139.3	response	R	0.110527468255573	0.052560151533479	221	7	0.0366388243031908	0.80461372852737
maxbin_SRR16554645.006	gender	male	0.115111996597458	0.0843655502795618	221	5	0.173841436189162	0.80461372852737
metabat_ERR6281432.36	age	age	0.0264234786858171	0.0167934056070531	221	2	0.117078349653239	0.80461372852737
metabat_ERR6279667.15	response	R	-0.0760805463292683	0.0503195398446775	221	2	0.132001921121501	0.80461372852737
metabat_ERR12405949.18	response	R	-0.184164124210762	0.0935848987460599	221	8	0.0503551543601701	0.80461372852737
semibin_ERR6279620.6	gender	male	-0.103314714373703	0.0484514060905956	221	2	0.0341078286110031	0.80461372852737
semibin_SRR23364187.43_sub	age	age	0.0970660657992849	0.0561987383678719	221	10	0.0855559403600861	0.80461372852737
semibin_SRR23364187.43_sub	response	R	-0.146936322105095	0.11512344668604	221	10	0.203200691893929	0.80461372852737
semibin_ERR12405973.28	gender	male	-0.0172890198010878	0.0098877695539064	221	1	0.0817877233910371	0.80461372852737
semibin_ERR12405973.28	response	R	-0.011701495246317	0.00937193821561618	221	1	0.213171757296979	0.80461372852737
semibin_SRR5930536.76	age	age	-0.0369171172149527	0.0182752469441011	221	3	0.044615169982172	0.80461372852737
metabat_SRR11413618.48	age	age	0.0160745190387211	0.0112783676508834	221	3	0.155521044796575	0.80461372852737
metabat_ERR6279619.32	age	age	-0.0663470840297648	0.0351564117182223	221	9	0.0604686613921218	0.80461372852737
metabat_ERR6279619.32	gender	male	0.132227830764499	0.0757793397464894	221	9	0.0824168719461294	0.80461372852737
semibin_SRR6000900.19	response	R	-0.0770485036281806	0.0510082478100731	221	2	0.132367933965491	0.80461372852737
maxbin_ERR6275675.041_sub	age	age	-0.00771024350595669	0.00460617725251018	221	1	0.0955925596472686	0.80461372852737
semibin_ERR6279614.25	response	R	0.0672614057317383	0.0505822382357259	221	10	0.185008288083329	0.80461372852737
maxbin_SRR16554786.001	age	age	-0.0591820256266817	0.0325102389702268	221	5	0.070073809487681	0.80461372852737
semibin_SRR16168918.53	age	age	0.022748322923246	0.0181472013802023	221	5	0.211356522202828	0.80461372852737
semibin_ERR6279678.48	response	R	0.104616304895931	0.0568229699707769	221	6	0.0669785637825143	0.80461372852737
semibin_SRR16168896.113	age	age	0.0812899509030321	0.0409630659538754	221	10	0.0484635897766643	0.80461372852737
semibin_SRR6000909.33	gender	male	0.0774674670512418	0.0589038933412249	221	7	0.18985834145874	0.80461372852737
maxbin_ERR6281505.009	age	age	-0.0623582696281591	0.0396222371396855	221	10	0.116985888628661	0.80461372852737
maxbin_ERR6281505.009	gender	male	0.157964505593172	0.0854053876086538	221	10	0.0657332649455058	0.80461372852737
maxbin_ERR12405996.027	response	R	-0.0130104877701421	0.00945694074272007	221	1	0.170314040333056	0.80461372852737
metabat_SRR13022393.14	gender	male	0.0743090532128141	0.0562070065711886	221	6	0.187546424326812	0.80461372852737
metabat_ERR12405991.26	response	R	0.0887391396769045	0.0693920289727991	221	6	0.202330288428504	0.80461372852737
maxbin_ERR6275666.011_sub	gender	male	0.183453012345921	0.0899587888298978	221	19	0.0426474203548673	0.80461372852737
metabat_SRR5930534.16	gender	male	0.18531761183237	0.09736755749447	221	12	0.0583345698431613	0.80461372852737
semibin_ERR12405947.46	response	R	-0.0127563254170281	0.00942556123773327	221	1	0.177346380109001	0.80461372852737
semibin_SRR6000899.37	age	age	-0.0885066432611284	0.0682197130558026	221	30	0.195896795470408	0.80461372852737
semibin_SRR5930534.11	age	age	-0.113544177154644	0.0638102397657217	221	31	0.076591317121158	0.80461372852737
semibin_SRR5930534.11	response	R	0.195689357098708	0.130648061653711	221	31	0.135647053687462	0.80461372852737
metabat_SRR13022409.1	age	age	-0.0644358980879068	0.0285236887718249	221	8	0.0248815312550934	0.80461372852737
metabat_SRR13022409.1	gender	male	0.121656626229757	0.0615858546700446	221	8	0.0494978356828818	0.80461372852737
metabat_SRR13022409.1	response	R	-0.104856983170553	0.0583571088047147	221	8	0.0737628608335921	0.80461372852737
semibin_SRR11413609.0	age	age	-0.0057646703422342	0.00461927287855459	221	1	0.213390427866704	0.80461372852737
semibin_ERR12405918.19	response	R	-0.0791486399001794	0.0526272422865102	221	2	0.134048741991549	0.80461372852737
metabat_SRR11413679.36	gender	male	-0.0565531769077149	0.0319729826027664	221	3	0.0783353900027097	0.80461372852737
metabat_SRR11413679.36	response	R	-0.0439100676350739	0.0303860391955593	221	3	0.149879668615544	0.80461372852737
semibin_ERR12405998.20	age	age	0.0354235464924853	0.0236639514189078	221	3	0.135864572511551	0.80461372852737
maxbin_ERR6271719.005_sub	age	age	-0.0582826475391217	0.0393673381581098	221	9	0.14019500033519	0.80461372852737
maxbin_ERR6271719.005_sub	gender	male	0.145037130879418	0.0848559550704109	221	9	0.0888406293334849	0.80461372852737
maxbin_SRR11413618.048	gender	male	-0.0137326850649063	0.00992693644202861	221	1	0.167971153061803	0.80461372852737
maxbin_SRR11413618.048	response	R	-0.0120215969850888	0.00943422399989699	221	1	0.203936373043765	0.80461372852737
metabat_SRR13068850.8	age	age	0.0409028026523531	0.027511914294029	221	6	0.138550450665228	0.80461372852737
metabat_SRR13068850.8	response	R	0.107302943948459	0.0563008018680182	221	6	0.0579963947201595	0.80461372852737
metabat_SRR16168985.46	gender	male	-0.0773209768655023	0.0585010162224711	221	4	0.187658712918028	0.80461372852737
metabat_SRR16168985.46	response	R	-0.0793687555310109	0.0555973833908837	221	4	0.154855207698219	0.80461372852737
semibin_SRR16554775.18	response	R	0.129396851285398	0.0837278204252806	221	9	0.123695438444992	0.80461372852737
semibin_SRR16554636.21_sub	gender	male	-0.0157416825214983	0.00990395081528386	221	1	0.113418152562043	0.80461372852737
semibin_SRR16554636.21_sub	response	R	-0.0119882554523781	0.00941237923915389	221	1	0.204143304175631	0.80461372852737
metabat_ERR6281751.26_sub	gender	male	-0.0981584958605927	0.0457064921428086	221	2	0.0328602455075401	0.80461372852737
semibin_SRR11413646.21	gender	male	-0.0845405667520876	0.0615903713819035	221	4	0.171285494363499	0.80461372852737
metabat_SRR5930501.50	age	age	0.0897121969702416	0.0342737574789927	221	10	0.00948121321082556	0.80461372852737
maxbin_ERR12406010.010	age	age	-0.0154070315411945	0.0103677669143112	221	2	0.13871699419757	0.80461372852737
semibin_SRR5930523.43	response	R	0.18532859279872	0.143044093127648	221	30	0.1965053479443	0.80461372852737
semibin_SRR13068834.14_sub	age	age	-0.0994294520960673	0.0672436961600761	221	32	0.140704392190417	0.80461372852737
metabat_ERR6275665.22_sub	age	age	0.0405650943135324	0.0233470810519184	221	6	0.0837343662261317	0.80461372852737
metabat_ERR6275665.22_sub	gender	male	-0.0628950840262322	0.0504101426708986	221	6	0.213510245391036	0.80461372852737
metabat_ERR6275665.22_sub	response	R	0.0950197691266706	0.0477794768976802	221	6	0.0479988390137099	0.80461372852737
metabat_SRR11413685.37	gender	male	0.157613010439821	0.108995146732597	221	9	0.149606502761093	0.80461372852737
maxbin_ERR2162222.008	gender	male	0.187218594106278	0.0902674908643774	221	9	0.0392553471032539	0.80461372852737
maxbin_SRR13068846.008	response	R	-0.0599788030754315	0.0421416460354014	221	6	0.15610759437785	0.80461372852737
semibin_ERR6282070.31	age	age	0.0144290912910569	0.0113361433195121	221	2	0.204437128838448	0.80461372852737
maxbin_SRR11413655.004	gender	male	-0.0160057726671563	0.00989934321494742	221	1	0.107371052079932	0.80461372852737
metabat_SRR20881977.25_sub	gender	male	0.190602001974094	0.152606029258546	221	32	0.213034937388407	0.80461372852737
semibin_ERR12405982.7	age	age	-0.0319745739737601	0.0146285590045652	221	3	0.0299054566118684	0.80461372852737
semibin_ERR12405982.7	gender	male	0.0418913235925926	0.0315807095578924	221	3	0.186075914305183	0.80461372852737
semibin_SRR20881984.71	gender	male	0.0646352308849012	0.0472562909126721	221	6	0.17280234055025	0.80461372852737
metabat_ERR6275675.41	response	R	-0.287465003029159	0.0902298988164618	221	8	0.00165539800417352	0.80461372852737
metabat_SRR5930526.60_sub	age	age	-0.0956851836840699	0.0669199627291509	221	34	0.154218219983903	0.80461372852737
metabat_SRR5930526.60_sub	gender	male	0.189320193201771	0.144481967440418	221	34	0.191484852358641	0.80461372852737
metabat_ERR12405967.50	gender	male	-0.0592851859861451	0.0327376063089057	221	3	0.0715361497578569	0.80461372852737
metabat_ERR12405967.50	response	R	-0.0460076977365093	0.0311127116550311	221	3	0.140659175980829	0.80461372852737
metabat_SRR25825516.7	age	age	0.00683799838702256	0.00456658460556051	221	1	0.13575098059965	0.80461372852737
metabat_SRR25825516.7	gender	male	-0.0194479412172065	0.00985941922732126	221	1	0.0498259316535668	0.80461372852737
maxbin_SRR16554762.009	gender	male	0.111412188052903	0.0866695179229352	221	6	0.199993750040784	0.80461372852737
maxbin_SRR16554718.002	age	age	-0.0528084052573747	0.0218884603570422	221	2	0.0166697144801929	0.80461372852737
maxbin_SRR16554718.002	gender	male	0.0611140960270628	0.047180385962545	221	2	0.196583261972861	0.80461372852737
metabat_SRR20881974.5	age	age	0.0532159304515423	0.0329357789095566	221	7	0.107611416878937	0.80461372852737
metabat_SRR11413689.19	age	age	0.0317356963637868	0.0247184345418251	221	6	0.200551110765861	0.80461372852737
metabat_ERR6279664.50	gender	male	0.101571471030984	0.0656887555885778	221	5	0.123500654920614	0.80461372852737
metabat_ERR6279664.50	response	R	-0.183863608916194	0.0622903200798936	221	5	0.00350808201531144	0.80461372852737
metabat_SRR16554652.36_sub	response	R	0.0468281446172286	0.0342299547895101	221	4	0.17271750405515	0.80461372852737
metabat_SRR16554749.32	age	age	-0.00948935218703605	0.00458637632017597	221	1	0.0397290648341794	0.80461372852737
semibin_SRR8387707.12	response	R	-0.159054697703659	0.086469411145009	221	3	0.0672176763369032	0.80461372852737
metabat_ERR6279683.18	gender	male	-0.0497797441830083	0.0317376863105729	221	2	0.11824108419692	0.80461372852737
maxbin_ERR12405986.012	age	age	-0.0483269308550146	0.0298615793432726	221	7	0.107036528152843	0.80461372852737
maxbin_ERR12405986.012	gender	male	0.0962592673056523	0.0643663746049402	221	7	0.13623948374266	0.80461372852737
semibin_SRR5930513.29	gender	male	-0.0162764858890804	0.00993942957402466	221	1	0.102962257453676	0.80461372852737
maxbin_SRR5930517.014_sub	response	R	-0.0573905119565191	0.0404238638390028	221	6	0.157124591802766	0.80461372852737
metabat_SRR5930515.8	gender	male	0.140194939306897	0.0990110848000145	221	17	0.158239371778905	0.80461372852737
maxbin_SRR5930517.016_sub	age	age	0.031588203936184	0.0196833155054423	221	4	0.109989659577065	0.80461372852737
maxbin_SRR5930517.016_sub	response	R	-0.0570058678488909	0.0402700828843198	221	4	0.158333049715084	0.80461372852737
semibin_SRR8387691.37	age	age	-0.00909419500280219	0.00457701467651591	221	1	0.0481891395593768	0.80461372852737
semibin_SRR8387691.37	response	R	-0.0127613540762494	0.0093649359424873	221	1	0.17440026786906	0.80461372852737
semibin_SRR6000946.20_sub	age	age	0.0154317749879834	0.0123446333640969	221	2	0.212617024517996	0.80461372852737
semibin_ERR12405952.2	gender	male	-0.153909562714154	0.107193861920685	221	10	0.152497550863816	0.80461372852737
semibin_SRR16554625.29	gender	male	-0.0164163673081982	0.00993262244386327	221	1	0.0998231904785012	0.80461372852737
semibin_ERR6232688.10	gender	male	0.0769083469573925	0.0611905317309424	221	5	0.21015524362486	0.80461372852737
metabat_SRR16554724.5	response	R	-0.176488326390791	0.0982583265544377	221	7	0.0738589987110193	0.80461372852737
maxbin_ERR6275670.004	gender	male	0.0506166201310995	0.040474486908405	221	5	0.212434292733139	0.80461372852737
metabat_SRR16554636.19	gender	male	-0.0157416825215082	0.00990395081528385	221	1	0.113418152561815	0.80461372852737
metabat_SRR16554636.19	response	R	-0.0119882554523799	0.00941237923915388	221	1	0.204143304175559	0.80461372852737
maxbin_SRR11413686.007	gender	male	0.0409873719832444	0.029795373044333	221	4	0.170354861616116	0.80461372852737
maxbin_SRR16554667.012	age	age	0.0233341198612132	0.0155601333210013	221	3	0.135169093252286	0.80461372852737
maxbin_SRR16554667.012	gender	male	-0.0639028820698959	0.0335397320660474	221	3	0.0580645204720839	0.80461372852737
semibin_ERR12405937.0_sub	response	R	-0.0788788696447261	0.0524191800123238	221	2	0.133837031446913	0.80461372852737
semibin_ERR6232523.16	age	age	0.0068379983869203	0.00456658460555362	221	1	0.135750980604892	0.80461372852737
semibin_ERR6232523.16	gender	male	-0.0194479412174692	0.00985941922730745	221	1	0.0498259316502071	0.80461372852737
maxbin_SRR20881977.008	response	R	-0.0127571821671666	0.00942941370573915	221	1	0.177493731741721	0.80461372852737
maxbin_SRR16554749.005	gender	male	0.0757132573948947	0.055773477300258	221	6	0.17602839304628	0.80461372852737
semibin_ERR6232425.16	response	R	-0.0127635585143	0.00945052337627112	221	1	0.178243650067311	0.80461372852737
semibin_SRR16554638.21	gender	male	-0.0148709846493364	0.00994888803175863	221	1	0.136435494274826	0.80461372852737
metabat_SRR13068824.46	gender	male	-0.0881486941454245	0.0699308879255536	221	5	0.208838574162654	0.80461372852737
metabat_ERR12405967.21	gender	male	0.0963267354023166	0.0627285221668596	221	6	0.126090055228766	0.80461372852737
semibin_SRR16554647.24	gender	male	0.200628011516208	0.132467524739102	221	12	0.131342888572396	0.80461372852737
metabat_SRR20881980.9_sub	gender	male	0.0527471846785691	0.0421300971277272	221	6	0.211926024977286	0.80461372852737
semibin_SRR23364172.8_sub	gender	male	-0.0137326850648109	0.0099269364420286	221	1	0.167971153064771	0.80461372852737
semibin_SRR23364172.8_sub	response	R	-0.0120215969850102	0.00943422399989698	221	1	0.203936373046737	0.80461372852737
semibin_SRR5930510.47_sub	age	age	0.0770932456917182	0.045165269323928	221	21	0.0892858929500077	0.80461372852737
metabat_ERR6281341.65	age	age	0.0734814014841523	0.0466759177591688	221	8	0.116883714145547	0.80461372852737
metabat_ERR6281341.65	gender	male	-0.168353890132943	0.100773782993878	221	8	0.0962452413447132	0.80461372852737
semibin_SRR5930517.80	age	age	0.00657314520784002	0.00459722284380564	221	1	0.154210973558192	0.80461372852737
semibin_SRR5930517.80	response	R	-0.0127525170601086	0.0094069659909717	221	1	0.176623680620656	0.80461372852737
semibin_SRR5930518.165_sub	age	age	0.048394019710664	0.0314440477970492	221	6	0.125248527786649	0.80461372852737
semibin_SRR5930518.165_sub	gender	male	-0.129547620340327	0.0677773715962707	221	6	0.0572746407478386	0.80461372852737
semibin_SRR11413652.29	response	R	-0.200135521151784	0.0676632700113618	221	9	0.00344415989410997	0.80461372852737
maxbin_SRR16554766.008	gender	male	0.139474237168166	0.0967302397432707	221	9	0.150778675684153	0.80461372852737
metabat_SRR20881976.14	gender	male	-0.0181515527210688	0.00989739453730158	221	1	0.0680345279662272	0.80461372852737
metabat_SRR5930515.56	gender	male	-0.144260847810071	0.0852080628318868	221	7	0.0918945426390121	0.80461372852737
metabat_SRR5930515.56	response	R	-0.2077609155924	0.0807528311566207	221	7	0.0107595475059268	0.80461372852737
semibin_SRR5930517.13	gender	male	0.169579000362782	0.0859511058060959	221	11	0.0497771589618743	0.80461372852737
metabat_SRR16554665.11	age	age	0.0673735047653012	0.0533336814791274	221	9	0.207859756932404	0.80461372852737
metabat_SRR16554665.11	gender	male	0.16740586010417	0.115139833371965	221	9	0.14741126591746	0.80461372852737
maxbin_SRR25825495.001	gender	male	0.0597355991881844	0.0476535943498349	221	4	0.211358784403986	0.80461372852737
semibin_SRR11413652.75	age	age	0.0231289831469771	0.0164035941803609	221	3	0.159983957263276	0.80461372852737
semibin_SRR11413652.75	response	R	0.0461653233467193	0.0335653282596421	221	3	0.170438648202615	0.80461372852737
metabat_SRR13022331.11	gender	male	0.166237827251979	0.116636047308537	221	19	0.155531821362692	0.80461372852737
semibin_SRR5930498.69	age	age	0.0627520797896072	0.0368582464755257	221	7	0.0900889720471697	0.80461372852737
semibin_SRR5930498.69	gender	male	0.106929765418803	0.0794476297670898	221	7	0.179734336929855	0.80461372852737
maxbin_ERR6279620.003	gender	male	0.0650128204505783	0.0508282954679975	221	5	0.202246982387051	0.80461372852737
metabat_SRR16554627.25	age	age	0.0908076793809863	0.0642188661176473	221	9	0.158787497750963	0.80461372852737
semibin_SRR23364178.13	gender	male	0.167245501489681	0.0856169593913433	221	10	0.052058265207573	0.80461372852737
metabat_SRR5930530.66	response	R	0.208799873945113	0.12735072917229	221	19	0.102556471296104	0.80461372852737
maxbin_SRR23364177.015	gender	male	0.0909544624235645	0.0419624168218948	221	8	0.0312835058500507	0.80461372852737
maxbin_SRR23364177.015	response	R	-0.07600055628355	0.0398796589649466	221	8	0.0580046579591243	0.80461372852737
metabat_SRR16554780.7_sub	gender	male	0.103553168441963	0.066123815461962	221	8	0.118796344436054	0.80461372852737
metabat_SRR5930528.57_sub	gender	male	-0.102944670806761	0.0410086253048053	221	4	0.0128001976348305	0.80461372852737
metabat_ERR6279654.19	response	R	-0.0406955301439117	0.0228694264574358	221	2	0.0765618159147084	0.80461372852737
maxbin_SRR11413607.012	gender	male	-0.0317681337669899	0.0240649018922114	221	2	0.188197819762717	0.80461372852737
maxbin_SRR13068823.001	response	R	-0.0127563254172486	0.00942556123775126	221	1	0.17734638010233	0.80461372852737
semibin_ERR6233695.19	age	age	0.0248120760665393	0.0180422723222486	221	3	0.170492529993498	0.80461372852737
semibin_ERR6233695.19	response	R	0.0504060223533937	0.0369182458020748	221	3	0.173568339225753	0.80461372852737
semibin_SRR16168986.51	age	age	0.0743554042455735	0.0309560723474167	221	8	0.0171513604661904	0.80461372852737
semibin_SRR16168986.51	gender	male	-0.087075142532316	0.066730133402892	221	8	0.193334013693939	0.80461372852737
semibin_ERR6279656.46	age	age	0.00683799838698492	0.00456658460555744	221	1	0.135750980601489	0.80461372852737
semibin_ERR6279656.46	gender	male	-0.0194479412174108	0.00985941922731512	221	1	0.0498259316510157	0.80461372852737
semibin_SRR5930507.158	age	age	-0.0286939482770635	0.0210638947286261	221	5	0.174547362582603	0.80461372852737
semibin_SRR5930507.158	gender	male	-0.062860774536225	0.04548052329899	221	5	0.168358570739874	0.80461372852737
semibin_SRR5930507.158	response	R	-0.0598664942817291	0.0431028869576219	221	5	0.16628979398195	0.80461372852737
maxbin_SRR11413615.008	age	age	-0.00579568417795957	0.0046044354392503	221	1	0.209484799358821	0.80461372852737
maxbin_SRR11413615.008	response	R	-0.0130284409030923	0.00943221312798872	221	1	0.168616358258135	0.80461372852737
semibin_ERR6239138.5	age	age	0.00683799838698082	0.00456658460555697	221	1	0.135750980601717	0.80461372852737
semibin_ERR6239138.5	gender	male	-0.0194479412174257	0.00985941922731416	221	1	0.049825931650856	0.80461372852737
metabat_ERR12405922.1	gender	male	0.0777383233596848	0.0598463464078704	221	6	0.195334697073436	0.80461372852737
maxbin_ERR6275668.004	response	R	-0.0127563254179784	0.00942556123780285	221	1	0.177346380079943	0.80461372852737
metabat_SRR16554650.26	age	age	-0.0619465465272013	0.0361960007940946	221	6	0.0884325187821171	0.80461372852737
semibin_ERR6271719.38	age	age	0.0427839011858816	0.0270666667323145	221	6	0.115419401851504	0.80461372852737
maxbin_ERR6279678.007	age	age	-0.0561814609634919	0.0309531664998254	221	6	0.0708972257540047	0.80461372852737
maxbin_ERR6279678.007	gender	male	0.094642527695032	0.0667192812286967	221	6	0.157474053124798	0.80461372852737
maxbin_ERR12405913.017	gender	male	0.17757163050543	0.0986798108074918	221	9	0.0733405958242472	0.80461372852737
metabat_ERR6279674.8_sub	age	age	-0.0758553221332852	0.03433447060775	221	16	0.0282114485948464	0.80461372852737
metabat_ERR6279674.8_sub	gender	male	0.122628614342183	0.0741307452179065	221	16	0.0995456393731173	0.80461372852737
metabat_ERR6279674.8_sub	response	R	0.130221207856235	0.0702881843239381	221	16	0.0653014644359226	0.80461372852737
semibin_SRR11413613.43	response	R	0.235102865820159	0.13143581848179	221	25	0.0750704493387226	0.80461372852737
semibin_SRR16168900.48	age	age	0.0587354721394523	0.046661120973124	221	8	0.209474794547692	0.80461372852737
semibin_SRR16168900.48	response	R	-0.166546524489462	0.0954642667505134	221	8	0.0824779267234686	0.80461372852737
semibin_SRR6000903.16	age	age	-0.0524559476175973	0.0367428774121364	221	9	0.154831009597759	0.80461372852737
semibin_SRR6000903.16	gender	male	0.133812514753247	0.0792890846951304	221	9	0.092914749022568	0.80461372852737
metabat_SRR13068828.35	age	age	-0.114471558602106	0.0642201335279264	221	28	0.0760858035736473	0.80461372852737
metabat_SRR13068828.35	response	R	0.19339764310292	0.131485053815931	221	28	0.142792027537626	0.80461372852737
metabat_SRR25825493.23	response	R	-0.0798015918169146	0.0531309492000941	221	2	0.134556182118993	0.80461372852737
semibin_SRR11413611.89	age	age	0.0574603805711741	0.0294266511003664	221	7	0.052149526076577	0.80461372852737
maxbin_ERR6279654.009_sub	gender	male	0.103386093207928	0.0669343124022717	221	5	0.123902552562377	0.80461372852737
maxbin_ERR6279654.009_sub	response	R	-0.187795662271865	0.0634682197956701	221	5	0.00343060478621338	0.80461372852737
metabat_SRR6000908.20	response	R	0.0857314228160931	0.0575914059074009	221	9	0.138054917789344	0.80461372852737
maxbin_SRR20881977.021	gender	male	0.141895550953968	0.071090461947259	221	11	0.0471862447830326	0.80461372852737
semibin_ERR6275670.117	age	age	-0.036630773218784	0.0227007474803793	221	5	0.108059332956962	0.80461372852737
maxbin_SRR13068842.001	response	R	-0.0129540636378672	0.00943576424954838	221	1	0.171210291453446	0.80461372852737
metabat_ERR6280899.76	age	age	-0.0147032750861905	0.0104709193842973	221	2	0.161691561618494	0.80461372852737
metabat_SRR13068815.24	response	R	-0.0362929141806486	0.0192323387283873	221	2	0.0604896792171688	0.80461372852737
semibin_SRR13068827.108	gender	male	-0.0505680354894204	0.0313077113355322	221	2	0.107725511141735	0.80461372852737
metabat_SRR16554778.1_sub	age	age	-0.0115695420458723	0.00660192571538743	221	2	0.0811088863950487	0.80461372852737
metabat_SRR16554778.1_sub	gender	male	0.0182670522394468	0.0142303934706772	221	2	0.200628364083936	0.80461372852737
maxbin_ERR6232527.031_sub	gender	male	-0.110157468666442	0.041095400878395	221	3	0.00792007556794748	0.80461372852737
semibin_SRR23364206.22	gender	male	-0.0147164463834444	0.00994872110235819	221	1	0.140529055162763	0.80461372852737
semibin_SRR16554681.22	age	age	-0.00817618946643368	0.0045821074571107	221	1	0.0757601725792291	0.80461372852737
metabat_SRR13022432.6	gender	male	0.180883745391335	0.121251968115405	221	11	0.137203771480201	0.80461372852737
metabat_ERR6239139.34_sub	age	age	0.00683799838703768	0.00456658460556115	221	1	0.135750980598866	0.80461372852737
metabat_ERR6239139.34_sub	gender	male	-0.0194479412172352	0.00985941922732255	221	1	0.0498259316534167	0.80461372852737
maxbin_SRR6000892.009	age	age	0.0149456354446493	0.00798931508433441	221	2	0.0627330794606622	0.80461372852737
maxbin_SRR13068847.003	response	R	-0.013010487770172	0.00945694074272008	221	1	0.170314040332065	0.80461372852737
metabat_SRR23364202.16	age	age	-0.0420455403111098	0.0156739148626166	221	3	0.00786960171953707	0.80461372852737
metabat_SRR23364202.16	gender	male	0.0527307838860241	0.0337849871895809	221	3	0.120033890411774	0.80461372852737
metabat_SRR11413649.53_sub	response	R	-0.159162069212422	0.06253386056753	221	8	0.0116214317289015	0.80461372852737
semibin_ERR6232525.9	age	age	0.0351744944911983	0.0240375443314882	221	8	0.144836460596656	0.80461372852737
semibin_ERR6232525.9	response	R	0.0695529972005191	0.0491791866227497	221	8	0.158720551794483	0.80461372852737
metabat_ERR6275663.3_sub	gender	male	0.149166439985092	0.0783943774491982	221	9	0.0584749559291137	0.80461372852737
semibin_ERR12405973.32	response	R	-0.0127646743402095	0.00945070195533536	221	1	0.178214012837758	0.80461372852737
semibin_SRR13068816.17_sub	response	R	-0.0785604119014889	0.0521736029345824	221	2	0.133585543552751	0.80461372852737
semibin_ERR12405979.43_sub	gender	male	0.114666574713443	0.081531220306391	221	7	0.161032448239806	0.80461372852737
semibin_ERR12405979.43_sub	response	R	0.112519647596365	0.0773293742118392	221	7	0.147096390906266	0.80461372852737
metabat_SRR16554757.15_sub	response	R	-0.0763737542832897	0.0505690587203091	221	2	0.132425143556391	0.80461372852737
semibin_SRR13068822.60	response	R	-0.0797225987386647	0.0530700031450058	221	2	0.134495164836949	0.80461372852737
metabat_SRR8387683.37	gender	male	0.0732283656761134	0.0523334467400424	221	5	0.163161292325908	0.80461372852737
semibin_ERR6279669.146	gender	male	0.0779321314822589	0.0602326994991214	221	9	0.197104697260121	0.80461372852737
semibin_SRR16554732.21_sub	gender	male	-0.15558555447319	0.0768523094104215	221	3	0.044146655471686	0.80461372852737
semibin_ERR6231616.45	age	age	-0.0102743444291432	0.00457852548488095	221	1	0.0258410635970013	0.80461372852737
metabat_SRR13068852.52	age	age	-0.0661219591784528	0.0351471390385813	221	9	0.0612714347029692	0.80461372852737
metabat_SRR13068852.52	gender	male	0.132423656137809	0.0757593525661563	221	9	0.0818868033842108	0.80461372852737
semibin_SRR6000907.58	gender	male	-0.253166272266595	0.109813249321268	221	12	0.0220874882271163	0.80461372852737
semibin_SRR6000907.58	response	R	0.140917252922381	0.104362790907691	221	12	0.178338111345693	0.80461372852737
semibin_SRR13068813.2	response	R	-0.0792700464261659	0.0527208869297304	221	2	0.134143624627316	0.80461372852737
semibin_SRR11413610.13	gender	male	-0.0434005042659011	0.0294516064800607	221	3	0.142032799286769	0.80461372852737
semibin_SRR16168929.7	gender	male	-0.152563104774517	0.105833897046033	221	9	0.150875568433473	0.80461372852737
metabat_ERR6281341.18_sub	age	age	0.045852110839419	0.0344778198812795	221	6	0.184954860863317	0.80461372852737
metabat_ERR6281341.18_sub	gender	male	-0.126384848389623	0.0744420774737703	221	6	0.0909942503424008	0.80461372852737
metabat_SRR5930536.61_sub	age	age	-0.107058926832023	0.0639431881891734	221	25	0.0955340802843669	0.80461372852737
metabat_SRR5930536.61_sub	response	R	0.294828380571938	0.130916355572017	221	25	0.0253331935920117	0.80461372852737
maxbin_SRR20881983.026_sub	age	age	-0.115133678030709	0.064678294246165	221	17	0.0764673283487317	0.80461372852737
maxbin_SRR20881983.026_sub	gender	male	0.244136027134832	0.139646161735514	221	17	0.0818428196733837	0.80461372852737
maxbin_SRR11413691.019	response	R	0.110128315236871	0.0770375097520565	221	8	0.154286734998643	0.80461372852737
maxbin_SRR16168976.016_sub	age	age	-0.0494788626946376	0.026408796006606	221	6	0.0623332030826334	0.80461372852737
maxbin_SRR16168976.016_sub	gender	male	0.076453186464438	0.0569239301473717	221	6	0.180650256041488	0.80461372852737
semibin_ERR6281343.49	gender	male	0.146340646328297	0.0770549524889317	221	16	0.0588835495517824	0.80461372852737
semibin_SRR11413654.34	response	R	-0.0382400490326272	0.0204982009495851	221	2	0.0634564274599981	0.80461372852737
metabat_SRR16554728.7	age	age	0.0504950477972344	0.0339551760060348	221	3	0.138437593071786	0.80461372852737
semibin_SRR5930527.102_sub	age	age	-0.094774365215418	0.0528342969358127	221	17	0.0742536968875206	0.80461372852737
semibin_SRR5930518.29	age	age	-0.0925605755571229	0.0677658999920192	221	27	0.173406091151637	0.80461372852737
semibin_SRR5930518.29	response	R	0.23024489525753	0.138740625617732	221	27	0.0984697012416716	0.80461372852737
metabat_ERR6232526.9	response	R	-0.0129976641036661	0.00946528815955378	221	1	0.171109671334078	0.80461372852737
semibin_ERR6279659.15	age	age	0.00971227770304123	0.00458469577189928	221	1	0.0352783900931492	0.80461372852737
semibin_SRR16554756.21	age	age	0.00707611253841027	0.00461086526539941	221	1	0.126323946347047	0.80461372852737
maxbin_ERR6235718.012	age	age	-0.0703087253002068	0.0360671134170991	221	7	0.0525378766262088	0.80461372852737
maxbin_ERR6235718.012	gender	male	0.123521014018677	0.077742349339164	221	7	0.113549923251415	0.80461372852737
maxbin_SRR6000912.014	response	R	-0.156889290727729	0.061728184108355	221	8	0.0117381088017156	0.80461372852737
metabat_SRR5930511.29_sub	age	age	-0.107620015899208	0.0627786224348388	221	27	0.0879236146664032	0.80461372852737
metabat_SRR5930511.29_sub	response	R	0.167040430518384	0.128532053857229	221	27	0.195133150415714	0.80461372852737
maxbin_SRR13068835.009	age	age	-0.0388716803724037	0.0175743134222674	221	2	0.0280238679274106	0.80461372852737
metabat_ERR6271721.70	gender	male	0.0960023206250569	0.061999732675198	221	5	0.12297572060968	0.80461372852737
metabat_ERR6271721.70	response	R	-0.174341683238305	0.0587870747714329	221	5	0.00335908884750248	0.80461372852737
metabat_ERR6281000.76_sub	gender	male	0.121866862177731	0.079864877562322	221	6	0.128491552443507	0.80461372852737
metabat_ERR6281000.76_sub	response	R	-0.244203921299539	0.0756793946574438	221	6	0.00144610028740671	0.80461372852737
metabat_SRR16554771.7_sub	gender	male	0.141316880476694	0.100981299736858	221	12	0.16312647677499	0.80461372852737
metabat_SRR11413611.38	gender	male	0.0518012575701181	0.0298937039330938	221	5	0.0845432910854142	0.80461372852737
metabat_SRR11413611.38	response	R	-0.045164736225062	0.028409963208526	221	5	0.113347018810063	0.80461372852737
metabat_SRR25825500.41_sub	response	R	0.119369437823984	0.0839731846995382	221	15	0.156612160090717	0.80461372852737
semibin_SRR5930526.142	age	age	-0.00909419500321733	0.00457701467649869	221	1	0.0481891395483977	0.80461372852737
semibin_SRR5930526.142	response	R	-0.0127613540753164	0.00936493594243009	221	1	0.17440026789777	0.80461372852737
maxbin_SRR16554790.012	gender	male	0.186010064202403	0.100222630078945	221	11	0.0648206554270341	0.80461372852737
maxbin_ERR6279657.031_sub	age	age	-0.0609321911713346	0.0230798785032336	221	5	0.00889116415152725	0.80461372852737
maxbin_ERR6279657.031_sub	gender	male	0.0645089341556094	0.0497484774163599	221	5	0.196111001806354	0.80461372852737
semibin_SRR5930507.83_sub	age	age	-0.0799147808627645	0.0516714595784498	221	15	0.123435403193714	0.80461372852737
metabat_SRR11413684.26	gender	male	-0.0535467759866709	0.030073292328988	221	3	0.0763862717353775	0.80461372852737
metabat_SRR11413684.26	response	R	-0.0413045389985305	0.0285806379342626	221	3	0.149846200327651	0.80461372852737
maxbin_SRR16554754.006	gender	male	-0.0353719683800474	0.0201234568074093	221	2	0.0802003468450729	0.80461372852737
maxbin_SRR16554754.006	response	R	-0.0335925541040697	0.0191246514251435	221	2	0.0804126802201374	0.80461372852737
semibin_ERR12405945.16	gender	male	0.126484528318909	0.0726692884241623	221	9	0.083185755066585	0.80461372852737
semibin_SRR13022436.17	gender	male	-0.0784308825348783	0.0611987274947648	221	4	0.201358758089304	0.80461372852737
maxbin_ERR6279682.002	response	R	-0.0127571821666768	0.00942941370571733	221	1	0.177493731757217	0.80461372852737
metabat_ERR6279676.12	age	age	-0.00579568417794601	0.00460443543925029	221	1	0.209484799359883	0.80461372852737
metabat_ERR6279676.12	response	R	-0.0130284409032512	0.00943221312798872	221	1	0.168616358252962	0.80461372852737
semibin_SRR5930516.11_sub	gender	male	0.0717998401240581	0.0547821465899356	221	5	0.191371315485656	0.80461372852737
semibin_ERR6279624.16	response	R	0.213909102559863	0.102559055278536	221	16	0.0381853174728345	0.80461372852737
semibin_SRR5930532.161	response	R	0.0894188515912949	0.0710781166295684	221	6	0.209734613966642	0.80461372852737
maxbin_SRR23364204.002_sub	gender	male	0.128786482676677	0.094039616477135	221	18	0.172278634460375	0.80461372852737
maxbin_SRR16554764.017	response	R	-0.111262795515523	0.0881527357986869	221	11	0.208258060386484	0.80461372852737
metabat_ERR6281751.28_sub	age	age	0.00683799838698131	0.0045665846055568	221	1	0.135750980601621	0.80461372852737
metabat_ERR6281751.28_sub	gender	male	-0.0194479412175022	0.00985941922731384	221	1	0.0498259316500925	0.80461372852737
metabat_SRR13022254.6	response	R	-0.0127571821676526	0.00942941370577196	221	1	0.177493731726795	0.80461372852737
semibin_SRR13068847.101	age	age	0.0346811300858174	0.0238273291146303	221	7	0.14698482808866	0.80461372852737
semibin_SRR13068847.101	response	R	0.101532599008411	0.0487648110989975	221	7	0.0385166272701075	0.80461372852737
semibin_ERR12405920.20	gender	male	-0.0132690702672349	0.00992439673616828	221	1	0.182617551757044	0.80461372852737
semibin_ERR12405920.20	response	R	-0.0120292911849485	0.00943181034951048	221	1	0.203532872467775	0.80461372852737
semibin_SRR16554754.27	age	age	-0.0058725155056717	0.00458822130163476	221	1	0.201943012007474	0.80461372852737
semibin_SRR16554754.27	response	R	-0.0120575032511069	0.00939899837154483	221	1	0.200913206235994	0.80461372852737
semibin_SRR23364221.0	gender	male	0.137270774648388	0.0847798254914434	221	7	0.10686863306113	0.80461372852737
maxbin_ERR6282070.005	gender	male	-0.015741682521489	0.00990395081528385	221	1	0.113418152562232	0.80461372852737
maxbin_ERR6282070.005	response	R	-0.0119882554523674	0.00941237923915388	221	1	0.204143304176026	0.80461372852737
metabat_SRR16554768.12	response	R	-0.0129848404373188	0.00946589837761473	221	1	0.171558037674218	0.80461372852737
semibin_SRR5930506.83	response	R	0.0813620670590284	0.0644318178163965	221	5	0.208032408273503	0.80461372852737
maxbin_SRR11413691.014	gender	male	-0.0160057726673102	0.00989934321494503	221	1	0.107371052076381	0.80461372852737
semibin_SRR16168942.58	gender	male	-0.130394094009932	0.0818075408624699	221	10	0.11242482410159	0.80461372852737
semibin_SRR16168942.58	response	R	0.0990336714457773	0.0775361181738338	221	10	0.202886650763276	0.80461372852737
maxbin_SRR20881988.013	gender	male	0.14124902172391	0.0768374726093723	221	8	0.0673883307946071	0.80461372852737
metabat_SRR23364240.26_sub	gender	male	-0.106515532924177	0.0501590638415749	221	2	0.0348447550214095	0.80461372852737
maxbin_SRR5930519.003	response	R	-0.0127635585143604	0.00945052337627644	221	1	0.178243650065528	0.80461372852737
semibin_SRR13068825.28	gender	male	0.126244355257731	0.0937479785195371	221	17	0.179519477417279	0.80461372852737
maxbin_SRR5930493.033_sub	gender	male	0.113777969593708	0.0777579340480655	221	5	0.144850777383085	0.80461372852737
maxbin_SRR5930493.033_sub	response	R	-0.209709306690925	0.0737103763093478	221	5	0.00486648326309445	0.80461372852737
metabat_ERR6279681.38	age	age	-0.00579568417794623	0.0046044354392503	221	1	0.20948479935985	0.80461372852737
metabat_ERR6279681.38	response	R	-0.0130284409032512	0.00943221312798872	221	1	0.168616358252942	0.80461372852737
semibin_ERR12405995.2	response	R	-0.0127563254180627	0.00942556123780285	221	1	0.177346380077176	0.80461372852737
semibin_ERR12405959.85	age	age	0.00735738200771885	0.00457834538412678	221	1	0.109509355841054	0.80461372852737
semibin_ERR12405959.85	gender	male	-0.0168234503827383	0.00986858366323792	221	1	0.0896725786155563	0.80461372852737
semibin_ERR12405959.85	response	R	-0.0119703023193807	0.00937876749633794	221	1	0.203206944398593	0.80461372852737
maxbin_SRR5930529.023_sub	response	R	0.158543728001489	0.0949143580867398	221	14	0.0963000085303307	0.80461372852737
maxbin_SRR11413686.009_sub	age	age	-0.00579568417795163	0.00460443543925029	221	1	0.209484799359435	0.80461372852737
maxbin_SRR11413686.009_sub	response	R	-0.0130284409031825	0.00943221312798871	221	1	0.1686163582552	0.80461372852737
maxbin_SRR11413610.003	age	age	-0.0361474064051864	0.0164084564809023	221	2	0.028652496373476	0.80461372852737
semibin_SRR11413692.10_sub	response	R	-0.154851879545634	0.061780693233302	221	8	0.0129340757453126	0.80461372852737
semibin_SRR5930493.92	response	R	-0.182901139451527	0.109114174983939	221	15	0.0951436961489633	0.80461372852737
semibin_SRR6000920.93	gender	male	0.157490584733215	0.0884599299839636	221	8	0.0764160929197401	0.80461372852737
semibin_ERR12405910.1	response	R	-0.0129874051705121	0.00946639496489299	221	1	0.171496171641106	0.80461372852737
maxbin_SRR23364202.013_sub	gender	male	0.107580032651439	0.0710531333279733	221	14	0.131478985451112	0.80461372852737
maxbin_SRR5930514.007	age	age	0.0215164197832775	0.0155101108707264	221	2	0.166794079667545	0.80461372852737
semibin_SRR16168941.28	response	R	-0.108995170357106	0.0676846142615955	221	5	0.108785747281808	0.80461372852737
metabat_SRR13068848.27	response	R	0.168960333101372	0.0807563092162232	221	17	0.0375925905715914	0.80461372852737
maxbin_SRR16554672.011_sub	gender	male	0.118477833638447	0.0793393807371798	221	11	0.136825555238631	0.80461372852737
semibin_SRR11413657.198	age	age	0.045909287651185	0.0213421822660919	221	3	0.0325728931970261	0.80461372852737
semibin_SRR23364175.38	gender	male	-0.102884377850228	0.0688660406403338	221	4	0.136638104733169	0.80461372852737
maxbin_SRR11413610.006	gender	male	0.0494859733321096	0.0394539316591093	221	4	0.211095754997046	0.80461372852737
semibin_SRR16168985.72	response	R	0.143058128635814	0.0814629951959795	221	13	0.0804867160707335	0.80461372852737
maxbin_ERR6279645.022_sub	age	age	0.0168208272796627	0.0117375818251033	221	3	0.153289203910566	0.80461372852737
maxbin_ERR6279645.022_sub	response	R	-0.0415210683668183	0.0240181905003256	221	3	0.0852900391155659	0.80461372852737
metabat_ERR6275676.44	age	age	0.00735738200771704	0.00457834538412679	221	1	0.10950935584114	0.80461372852737
metabat_ERR6275676.44	gender	male	-0.0168234503827195	0.00986858366323792	221	1	0.0896725786159112	0.80461372852737
metabat_ERR6275676.44	response	R	-0.0119703023193592	0.00937876749633794	221	1	0.203206944399402	0.80461372852737
maxbin_SRR5930505.044_sub	age	age	-0.121645557078211	0.0376306354861196	221	17	0.00142005242044508	0.80461372852737
maxbin_SRR5930505.044_sub	response	R	0.12947698191625	0.0770362942879356	221	17	0.0942703733155371	0.80461372852737
semibin_ERR6275677.28	gender	male	0.136446119052106	0.0852326371395631	221	10	0.110874131585307	0.80461372852737
semibin_SRR16554786.15	gender	male	0.11558313994893	0.0794056365333807	221	4	0.146947368033865	0.80461372852737
semibin_SRR25825513.19	response	R	-0.0127652104704657	0.00944924504293137	221	1	0.178129223183839	0.80461372852737
metabat_ERR6243879.9	age	age	-0.0380270362292349	0.0233338959091064	221	5	0.104617564399054	0.80461372852737
metabat_SRR5930514.5	response	R	-0.096407607561835	0.075760432590005	221	5	0.204552283840455	0.80461372852737
metabat_SRR25825512.9	response	R	-0.132801969419951	0.0878716080877098	221	8	0.132162230766808	0.80461372852737
semibin_SRR13068829.111	age	age	-0.0557065309007328	0.0404119765339152	221	9	0.169481852352076	0.80461372852737
metabat_ERR6281518.30	gender	male	0.0675583449023525	0.0490337649048975	221	4	0.169686605956835	0.80461372852737
metabat_SRR16554653.5	age	age	0.00785434180390805	0.00460505518514865	221	1	0.0895151053934788	0.80461372852737
metabat_SRR5930528.91	age	age	0.044441342892012	0.0241934886609678	221	6	0.0675903987111507	0.80461372852737
metabat_SRR16168920.14	age	age	-0.0229282149921411	0.0133043227345198	221	3	0.0862567671911918	0.80461372852737
metabat_SRR16168920.14	gender	male	0.0362467557545157	0.0287253240945354	221	3	0.208369734641458	0.80461372852737
semibin_SRR11413610.57_sub	age	age	-0.0100759451381628	0.00457031317416073	221	1	0.0285290604542574	0.80461372852737
semibin_SRR11413610.57_sub	response	R	-0.0130566529693511	0.00936231346689433	221	1	0.164563455917344	0.80461372852737
maxbin_SRR16554740.006	gender	male	-0.0131710637245181	0.0099291105944648	221	1	0.1860651776987	0.80461372852737
metabat_ERR6281433.22	response	R	-0.0127635585150656	0.00945052337632046	221	1	0.178243650043689	0.80461372852737
metabat_ERR6279645.3	gender	male	-0.0171480002620547	0.00990782767461598	221	1	0.0849249188034297	0.80461372852737
metabat_ERR6239139.39	gender	male	0.103435630565105	0.0668905465169893	221	5	0.123479399806555	0.80461372852737
metabat_ERR6239139.39	response	R	-0.18715910899552	0.0634295146991809	221	5	0.00351964091750696	0.80461372852737
semibin_ERR6275674.90	age	age	0.0257645476332027	0.0136500008554807	221	2	0.0604319343079565	0.80461372852737
semibin_ERR12405934.44_sub	age	age	0.0497502972306682	0.0227513461704311	221	5	0.0298352250865195	0.80461372852737
metabat_SRR16554760.5	gender	male	-0.014716446383401	0.00994872110235819	221	1	0.140529055163927	0.80461372852737
semibin_SRR13068835.5	response	R	-0.111449176651826	0.076979460157271	221	7	0.149128836617765	0.80461372852737
metabat_ERR12405998.59	age	age	0.0242802735023003	0.0190340864558442	221	3	0.203455566066452	0.80461372852737
semibin_ERR6279654.35	age	age	-0.0316619892479539	0.0216676793099011	221	4	0.145395644221619	0.80461372852737
semibin_SRR5930499.22_sub	response	R	0.118060831126557	0.0918830857349345	221	20	0.200212038431213	0.80461372852737
maxbin_SRR11413612.039_sub	gender	male	0.0319164010813788	0.0256093770026773	221	3	0.214006104939929	0.80461372852737
maxbin_SRR11413612.039_sub	response	R	-0.0349735698673033	0.0243382840770657	221	3	0.152164611410656	0.80461372852737
semibin_SRR13022319.12	gender	male	-0.0171480002615771	0.00990782767463732	221	1	0.0849249188125945	0.80461372852737
semibin_SRR13068851.36	gender	male	0.168065844576262	0.111428695454343	221	9	0.132943900468368	0.80461372852737
semibin_SRR25825511.32_sub	age	age	0.0450379111390704	0.0189372548648003	221	4	0.0182663283342506	0.80461372852737
maxbin_SRR16554628.012	gender	male	0.092583084294403	0.0723613700556931	221	8	0.202103358157748	0.80461372852737
maxbin_SRR16554628.012	response	R	0.0963658308854951	0.0687697939874529	221	8	0.162558494872588	0.80461372852737
metabat_ERR12406006.41	response	R	-0.134140368768269	0.090293943133153	221	8	0.138837188349869	0.80461372852737
metabat_SRR5930512.20	age	age	-0.0949288341127047	0.0605869839833716	221	25	0.118633113753046	0.80461372852737
metabat_SRR5930512.20	response	R	0.221050931609382	0.124051042366012	221	25	0.0761757387874482	0.80461372852737
metabat_ERR12405982.7	gender	male	-0.0450368887373608	0.0354331176488051	221	2	0.20507544105182	0.80461372852737
metabat_ERR12406002.23	gender	male	-0.0172890202228218	0.00988776954909602	221	1	0.0817877158466152	0.80461372852737
metabat_ERR12406002.23	response	R	-0.0117014951500587	0.009371938205218	221	1	0.213171760539347	0.80461372852737
maxbin_SRR13068847.041_sub	gender	male	0.172158488840649	0.0821354456536451	221	13	0.0372518513210515	0.80461372852737
semibin_ERR12405912.39_sub	gender	male	-0.0147164463835002	0.0099487211023582	221	1	0.140529055161269	0.80461372852737
maxbin_SRR16554633.004_sub	gender	male	-0.0381884988914354	0.0184744550715186	221	2	0.0399114435994323	0.80461372852737
metabat_SRR16554632.45	response	R	-0.151468374762236	0.0727133022606218	221	3	0.0384144118026655	0.80461372852737
maxbin_SRR16554628.020	age	age	0.0598754167216772	0.0317799062055478	221	6	0.0608973821269879	0.80461372852737
maxbin_SRR23364192.019	gender	male	0.11705105295663	0.0777616420032597	221	12	0.133730458935051	0.80461372852737
semibin_SRR23364178.53_sub	age	age	0.0694781436489449	0.0323331115577422	221	6	0.0327605359064057	0.80461372852737
semibin_SRR23364178.53_sub	response	R	0.119118556063521	0.0661460930463523	221	6	0.0731223523695627	0.80461372852737
metabat_SRR16554769.19	response	R	0.0653081042873875	0.0430404640184127	221	5	0.130629951401864	0.80461372852737
semibin_SRR20881988.34	gender	male	-0.0132690702672207	0.00992439673616828	221	1	0.182617551757511	0.80461372852737
semibin_SRR20881988.34	response	R	-0.0120292911849335	0.00943181034951048	221	1	0.203532872468338	0.80461372852737
semibin_SRR16168940.33	response	R	-0.0139575608878135	0.009398843029875	221	1	0.138995080731312	0.80461372852737
semibin_SRR5930504.107	gender	male	-0.200604953935634	0.0900779054185448	221	7	0.0269779330698501	0.80461372852737
maxbin_SRR11413652.007	gender	male	0.0544633450847213	0.0420525331157276	221	3	0.196652823168251	0.80461372852737
maxbin_SRR11413652.007	response	R	-0.0673741541881115	0.0399653024368298	221	3	0.0932685064798512	0.80461372852737
metabat_SRR11413655.33	response	R	0.0963402315183457	0.0502432289930092	221	6	0.0565001269720688	0.80461372852737
metabat_ERR6279657.74	gender	male	-0.014716446383415	0.00994872110235819	221	1	0.140529055163555	0.80461372852737
maxbin_ERR12405972.019	age	age	0.0366027014650087	0.0242325443385188	221	8	0.132384975738428	0.80461372852737
maxbin_ERR12405972.019	response	R	0.0728315138110648	0.0495785173866731	221	8	0.143284323976519	0.80461372852737
semibin_ERR6279615.16	age	age	0.0418130401373417	0.0265008941013227	221	8	0.116077137317241	0.80461372852737
semibin_ERR6279615.16	response	R	0.0801574488482721	0.0542190769567757	221	8	0.140757887650067	0.80461372852737
metabat_SRR5930501.64	response	R	-0.0127563254176091	0.00942556123777833	221	1	0.177346380091377	0.80461372852737
metabat_SRR5930514.24_sub	age	age	0.0177188014487824	0.0136895863222617	221	2	0.19692895842257	0.80461372852737
metabat_SRR16554785.21	age	age	0.0152677024428999	0.0117821144967337	221	2	0.196408196317638	0.80461372852737
semibin_ERR12405952.9	age	age	0.0452048440557197	0.0164485868086153	221	5	0.00649570398864148	0.80461372852737
semibin_ERR12405952.9	response	R	0.0540614619213618	0.0336950269973478	221	5	0.110072704390462	0.80461372852737
maxbin_SRR5930499.004	gender	male	-0.0644321931853906	0.0300354745194143	221	2	0.0330475369741818	0.80461372852737
semibin_SRR16554628.46_sub	age	age	0.0433137496598024	0.0266415029261185	221	2	0.105443625577196	0.80461372852737
metabat_ERR6279626.59	age	age	0.0073629159051852	0.00460485342597162	221	1	0.11128845109955	0.80461372852737
maxbin_ERR6257997.012	gender	male	-0.0238661573357109	0.0183587422089204	221	2	0.194991326121045	0.80461372852737
semibin_SRR5930532.72	response	R	0.0945588480894809	0.0700424294127966	221	9	0.178426919797246	0.80461372852737
semibin_SRR5930529.59	age	age	-0.0591090611437632	0.0350261841142881	221	9	0.0929422060589714	0.80461372852737
semibin_SRR5930529.59	gender	male	0.0948658347408671	0.07562732161863	221	9	0.211061678255465	0.80461372852737
metabat_SRR6000932.51	age	age	-0.0108802090921047	0.00774873060818933	221	2	0.161710346369593	0.80461372852737
metabat_SRR11413645.47	gender	male	-0.0132690702672633	0.00992439673616828	221	1	0.182617551756112	0.80461372852737
metabat_SRR11413645.47	response	R	-0.0120292911849763	0.00943181034951048	221	1	0.203532872466733	0.80461372852737
maxbin_SRR16554681.010	age	age	-0.00817618946642847	0.0045821074571107	221	1	0.0757601725794108	0.80461372852737
semibin_SRR13068825.75	response	R	-0.13604587600203	0.0879083442326924	221	8	0.12317872408346	0.80461372852737
metabat_SRR25825517.32	age	age	-0.00595841450912636	0.0046138969980223	221	1	0.197937979738514	0.80461372852737
maxbin_ERR12405994.023	gender	male	0.0763120401686662	0.0583793950739648	221	6	0.192547900823331	0.80461372852737
maxbin_ERR12405994.023	response	R	0.0721112891003161	0.0554174481326892	221	6	0.194559493079205	0.80461372852737
metabat_ERR12405939.20	gender	male	0.0547758158704223	0.043340359702393	221	6	0.207650246939829	0.80461372852737
maxbin_SRR8387712.001	response	R	-0.0139956649281061	0.00939880447046733	221	1	0.137923617662511	0.80461372852737
metabat_SRR16554657.23	age	age	0.0644876602285969	0.0368565098217626	221	5	0.0815844874154425	0.80461372852737
metabat_SRR16554767.15	age	age	-0.00576467034223428	0.00461927287855459	221	1	0.21339042786668	0.80461372852737
metabat_SRR5930501.19_sub	response	R	-0.0613627257129662	0.0390733822042235	221	2	0.11776781359724	0.80461372852737
semibin_ERR6235716.28_sub	response	R	0.0850024378334373	0.0557678060146545	221	8	0.128916921969697	0.80461372852737
semibin_SRR6000892.94	response	R	-0.0127571821678518	0.00942941370578748	221	1	0.177493731720757	0.80461372852737
maxbin_SRR5930534.026_sub	age	age	-0.0704942083200762	0.0478987907729026	221	12	0.142541864507672	0.80461372852737
semibin_ERR12406004.1	gender	male	0.0628887538121851	0.0416963356584933	221	4	0.132958734872997	0.80461372852737
semibin_ERR12406004.1	response	R	-0.105941900297606	0.0396065137417595	221	4	0.00804616354135093	0.80461372852737
metabat_SRR11413678.18	gender	male	-0.0147164463834767	0.00994872110235819	221	1	0.140529055161896	0.80461372852737
metabat_SRR23364201.31	age	age	0.0368105559661131	0.0278031327894882	221	6	0.186918326309454	0.80461372852737
metabat_SRR13068834.43_sub	gender	male	0.153163294164801	0.105978979083873	221	8	0.149841703278	0.80461372852737
semibin_SRR5930527.100	gender	male	-0.0942181804828766	0.0705244353030784	221	5	0.182968474957786	0.80461372852737
semibin_SRR5930527.100	response	R	0.0903632033182489	0.0668305581260926	221	5	0.177750327810769	0.80461372852737
metabat_ERR6271721.74_sub	gender	male	0.0732037246990818	0.0540300441205716	221	5	0.176871128219436	0.80461372852737
metabat_ERR6271721.74_sub	response	R	-0.0689336444763134	0.0512601059699487	221	5	0.180102707400216	0.80461372852737
metabat_ERR6232526.13	gender	male	-0.0171480002639052	0.0099078276745318	221	1	0.0849249187673577	0.80461372852737
metabat_SRR16168938.20_sub	age	age	-0.0650258726973931	0.0373481361127323	221	9	0.0830944468071708	0.80461372852737
metabat_SRR16168938.20_sub	gender	male	0.141694924178079	0.0806373144508144	221	9	0.0803018332913985	0.80461372852737
metabat_ERR6279622.67	age	age	0.00736291590537464	0.00460485342599596	221	1	0.111288451092209	0.80461372852737
semibin_SRR5930517.10	age	age	0.0065731452069488	0.00459722284370782	221	1	0.154210973605055	0.80461372852737
semibin_SRR5930517.10	response	R	-0.0127525170545901	0.00940696599055596	221	1	0.176623680787887	0.80461372852737
maxbin_ERR12405955.019	age	age	0.0217843668569696	0.0152785968672781	221	2	0.15536616481722	0.80461372852737
semibin_SRR5930506.177_sub	age	age	0.058610116529448	0.0266495249639481	221	4	0.028915308724461	0.80461372852737
semibin_SRR11413610.21	gender	male	0.120483661368603	0.0725779673311893	221	6	0.0983470529461104	0.80461372852737
metabat_SRR20881987.26	age	age	-0.0172676572305467	0.0126445235885163	221	2	0.173477948752555	0.80461372852737
metabat_SRR20881987.26	response	R	-0.0474939236515537	0.0258680356364869	221	2	0.0677308002254101	0.80461372852737
semibin_SRR13068834.35	age	age	0.0262725389796114	0.0166506282999658	221	2	0.116057299852859	0.80461372852737
maxbin_SRR16168986.030_sub	response	R	0.157536348136252	0.085276224118615	221	17	0.0660711613275884	0.80461372852737
semibin_SRR16554644.4	gender	male	0.093717900754632	0.069625815979677	221	7	0.179700211683737	0.80461372852737
metabat_ERR6275674.73	gender	male	-0.0171581669007344	0.00993289958806813	221	1	0.0855182805782088	0.80461372852737
maxbin_SRR23364230.017	age	age	0.0641869846492785	0.0236459775325285	221	5	0.007171409715929	0.80461372852737
maxbin_SRR23364230.017	gender	male	-0.0842461784966453	0.0510076827200337	221	5	0.100059211811333	0.80461372852737
semibin_ERR6275675.85	age	age	0.00735738200771946	0.00457834538412678	221	1	0.109509355841024	0.80461372852737
semibin_ERR6275675.85	gender	male	-0.0168234503827519	0.00986858366323792	221	1	0.0896725786152984	0.80461372852737
semibin_ERR6275675.85	response	R	-0.0119703023194025	0.00937876749633794	221	1	0.203206944397773	0.80461372852737
metabat_ERR12406012.50_sub	age	age	-0.00817618946643913	0.0045821074571107	221	1	0.0757601725790318	0.80461372852737
maxbin_SRR11413614.004	response	R	-0.0129848404373452	0.00946589837761472	221	1	0.171558037673377	0.80461372852737
maxbin_SRR13022258.012_sub	age	age	-0.0521517536242943	0.0291226845351672	221	6	0.0747255603453265	0.80461372852737
maxbin_SRR13022258.012_sub	gender	male	0.0882245300005212	0.0627736932713298	221	6	0.161321156212935	0.80461372852737
metabat_ERR6279651.12	age	age	0.0399226427855401	0.0268816131283331	221	8	0.138969489410327	0.80461372852737
metabat_ERR6279651.12	response	R	0.0785243776811454	0.0549982562825656	221	8	0.154805066769781	0.80461372852737
metabat_ERR12405928.39	age	age	0.0319860204969582	0.019500683935928	221	3	0.102401678444046	0.80461372852737
maxbin_SRR16554643.001	age	age	0.0398269041525304	0.0187581130530334	221	2	0.0348712185537167	0.80461372852737
maxbin_SRR16554723.009	gender	male	-0.0138872233308086	0.00992712976586531	221	1	0.163265754028366	0.80461372852737
maxbin_SRR16554723.009	response	R	-0.0120190322518128	0.00943440772832021	221	1	0.204041301522082	0.80461372852737
maxbin_SRR20881983.049_sub	response	R	-0.0127635585141946	0.00945052337626401	221	1	0.178243650070572	0.80461372852737
metabat_SRR25825496.4_sub	gender	male	0.121051799525044	0.0744726892726998	221	10	0.105528260642116	0.80461372852737
semibin_ERR6279624.28	response	R	-0.0127646744168026	0.00945070196037198	221	1	0.17821401047641	0.80461372852737
maxbin_ERR12406013.003	gender	male	-0.0143418056314204	0.00991642931234499	221	1	0.149545844999106	0.80461372852737
maxbin_ERR12406013.003	response	R	-0.0117027742745409	0.00939880970775602	221	1	0.214428410181666	0.80461372852737
semibin_SRR13068829.28_sub	gender	male	0.10753896513406	0.0725427676941099	221	8	0.139682335819997	0.80461372852737
semibin_SRR11413652.68	gender	male	0.100803021496234	0.0694409667557524	221	9	0.148064488273495	0.80461372852737
semibin_SRR16168918.72	age	age	0.00668720755702079	0.00460034636671533	221	1	0.147499356237977	0.80461372852737
metabat_SRR11413681.52	age	age	0.0295682989826761	0.0161286089466008	221	2	0.0681356463612023	0.80461372852737
metabat_SRR11413681.52	gender	male	-0.0626627176442729	0.0348197508483507	221	2	0.0733117453800941	0.80461372852737
semibin_SRR16554667.24	age	age	0.0247196452545091	0.0130196565185943	221	2	0.0589385700092516	0.80461372852737
semibin_SRR16554667.24	gender	male	-0.0405836118680134	0.0280637564098661	221	2	0.149585798279545	0.80461372852737
semibin_SRR25825501.29	response	R	-0.0127652104713875	0.00944924504298596	221	1	0.178129223155195	0.80461372852737
semibin_SRR11413687.8	gender	male	-0.0132690702672443	0.00992439673616828	221	1	0.182617551756719	0.80461372852737
semibin_SRR11413687.8	response	R	-0.0120292911849593	0.00943181034951048	221	1	0.203532872467363	0.80461372852737
metabat_SRR6000895.39	response	R	-0.0127571821668537	0.00942941370572138	221	1	0.177493731751485	0.80461372852737
metabat_SRR11413647.22	response	R	-0.0370901623637903	0.0197567752782325	221	2	0.0618133074088047	0.80461372852737
metabat_ERR6279624.6_sub	gender	male	-0.10548085160262	0.0503011307785366	221	3	0.0371662643228048	0.80461372852737
metabat_SRR16554777.35	age	age	0.0270869245967769	0.0150061174421186	221	2	0.0724516455382129	0.80461372852737
metabat_ERR12405998.47	gender	male	-0.014716446383434	0.00994872110235819	221	1	0.140529055163039	0.80461372852737
maxbin_SRR5930506.009	age	age	0.0375299497261838	0.0295146286428707	221	2	0.204890259428588	0.80461372852737
semibin_ERR12405971.25	gender	male	0.0782583387856982	0.0558739926994458	221	7	0.162755477831294	0.80461372852737
semibin_ERR12405971.25	response	R	0.0694484917382685	0.0529716539997638	221	7	0.191229572159276	0.80461372852737
maxbin_ERR6279649.012	age	age	0.0228675032989575	0.0124591179467745	221	2	0.0678146153351695	0.80461372852737
maxbin_ERR6279649.012	gender	male	-0.0404740900717072	0.026855520392624	221	2	0.133238122298722	0.80461372852737
semibin_SRR11413613.5	gender	male	-0.013269070267216	0.00992439673616829	221	1	0.182617551757669	0.80461372852737
semibin_SRR11413613.5	response	R	-0.0120292911849292	0.00943181034951048	221	1	0.203532872468502	0.80461372852737
maxbin_SRR16554777.012	response	R	0.0876567991870195	0.0672986222874522	221	4	0.19412574631473	0.80461372852737
semibin_SRR16168940.0	age	age	0.0689633205093052	0.047186677867151	221	6	0.145324877450022	0.80461372852737
semibin_SRR23364197.17_sub	gender	male	-0.0798567653246996	0.0449160464094066	221	3	0.0768187241238209	0.80461372852737
metabat_ERR6279625.1	gender	male	-0.0159573507127832	0.00991722760932931	221	1	0.109059085906398	0.80461372852737
metabat_ERR6279625.1	response	R	-0.0117034908489008	0.00939978889492565	221	1	0.214448066409573	0.80461372852737
semibin_ERR6279656.6	gender	male	0.0878858214551842	0.0583237179954541	221	7	0.133311103020467	0.80461372852737
semibin_ERR6279656.6	response	R	0.074160755352447	0.0552721398098833	221	7	0.181091848568142	0.80461372852737
semibin_SRR16554650.49	age	age	-0.00579568417795299	0.00460443543925029	221	1	0.20948479935934	0.80461372852737
semibin_SRR16554650.49	response	R	-0.0130284409031652	0.00943221312798871	221	1	0.168616358255748	0.80461372852737
maxbin_SRR25825499.078	age	age	-0.06468984941617	0.0246073322968968	221	2	0.00917906254019329	0.80461372852737
maxbin_SRR25825499.078	gender	male	0.0660241238626735	0.0530408907862112	221	2	0.214556082665785	0.80461372852737
metabat_SRR5930522.11	gender	male	-0.256089582030355	0.0980094527324162	221	8	0.00961024874691573	0.80461372852737
semibin_SRR6000890.9	response	R	-0.0361157295658826	0.0192006399453862	221	2	0.0613158645883058	0.80461372852737
semibin_SRR16554674.4	age	age	-0.0376540698257208	0.0301711939934975	221	6	0.213370925594882	0.80461372852737
semibin_SRR16554674.4	gender	male	0.103931788260456	0.0650337462911616	221	6	0.111471141582819	0.80461372852737
semibin_SRR13068843.38	gender	male	0.117091764775953	0.0908510498181151	221	12	0.198843549351922	0.80461372852737
semibin_SRR13068843.38	response	R	0.12474042407852	0.0861302071551972	221	12	0.148996549288847	0.80461372852737
semibin_ERR6279622.2	age	age	0.0555815685116768	0.0281234265021233	221	3	0.0493909743004356	0.80461372852737
metabat_SRR16554753.15	age	age	0.0328765122376763	0.023566858592908	221	3	0.164432494714466	0.80461372852737
semibin_ERR12405947.16	age	age	-0.0408069641629906	0.0292334340933342	221	6	0.164170986763897	0.80461372852737
metabat_SRR16554632.31	response	R	-0.16467286218649	0.0697266236441687	221	6	0.0190767193432704	0.80461372852737
metabat_SRR20881978.32	age	age	0.0620582634665411	0.0366477024023222	221	3	0.0918192690320697	0.80461372852737
maxbin_SRR5930512.016	age	age	-0.0539303788078226	0.0254691321411099	221	2	0.0353605996491504	0.80461372852737
maxbin_SRR13022252.009_sub	age	age	-0.0524747750649223	0.0297427788177447	221	6	0.0790907488377869	0.80461372852737
maxbin_SRR13022252.009_sub	gender	male	0.0919126852932364	0.064110301105227	221	6	0.153107230038355	0.80461372852737
metabat_SRR20881983.38	response	R	0.0672340079918482	0.0419724877731435	221	4	0.110652746370564	0.80461372852737
semibin_ERR6281518.50_sub	age	age	0.0324387185886219	0.0213633546368676	221	2	0.13036205978089	0.80461372852737
semibin_ERR6281518.50_sub	gender	male	-0.0690846951993589	0.0460485251489081	221	2	0.135000962985809	0.80461372852737
semibin_ERR6281518.50_sub	response	R	-0.0676072415599892	0.0437629578527765	221	2	0.123839428103288	0.80461372852737
metabat_SRR5930520.43	gender	male	0.172142757511975	0.0912031074682765	221	10	0.0604323616980766	0.80461372852737
metabat_SRR13068828.46_sub	gender	male	0.147254888900478	0.0957660780056017	221	9	0.125605965369213	0.80461372852737
metabat_SRR13068828.46_sub	response	R	-0.16061512817921	0.0907763032211955	221	9	0.0782524698787887	0.80461372852737
semibin_ERR6281518.116	age	age	0.0257008713016541	0.0136124079900515	221	2	0.0603597360593718	0.80461372852737
semibin_ERR6281344.40	gender	male	0.0988171031517156	0.0631707797873768	221	6	0.11920818539784	0.80461372852737
semibin_SRR6000944.13	gender	male	-0.05844550155786	0.0401818848039699	221	4	0.147250995195227	0.80461372852737
metabat_SRR23364187.35_sub	response	R	-0.0139575608879504	0.00939884302987115	221	1	0.138995080727317	0.80461372852737
metabat_SRR16554775.14	gender	male	-0.0156436759788198	0.00994483414452789	221	1	0.117165152258066	0.80461372852737
semibin_SRR16554721.45	gender	male	-0.0137326850649565	0.00992693644202859	221	1	0.167971153060273	0.80461372852737
semibin_SRR16554721.45	response	R	-0.0120215969851246	0.00943422399989697	221	1	0.203936373042437	0.80461372852737
semibin_SRR11413648.87_sub	gender	male	0.0512174572614311	0.0408866331559621	221	4	0.211674097742053	0.80461372852737
semibin_SRR11413615.76	age	age	-0.0128173279534548	0.00982380493283165	221	3	0.193372119749188	0.80461372852737
semibin_SRR11413615.76	gender	male	0.0269633198964605	0.0212052030618757	221	3	0.204897667890429	0.80461372852737
semibin_ERR12405976.64	age	age	0.0169249384419356	0.0134060793814947	221	2	0.208130327710106	0.80461372852737
semibin_SRR23364230.99	age	age	0.0376996642982512	0.0232265343031221	221	5	0.106015731116948	0.80461372852737
semibin_ERR12405910.62	response	R	-0.0127571821669917	0.00942941370573654	221	1	0.177493731747587	0.80461372852737
metabat_SRR13068823.20_sub	age	age	-0.00579568417795399	0.00460443543925029	221	1	0.209484799359262	0.80461372852737
metabat_SRR13068823.20_sub	response	R	-0.0130284409031567	0.00943221312798871	221	1	0.16861635825604	0.80461372852737
semibin_SRR16554634.69	response	R	-0.0995167064212843	0.0635892476277553	221	2	0.119041740490132	0.80461372852737
semibin_ERR12406013.48	gender	male	-0.0147164463834903	0.00994872110235819	221	1	0.140529055161532	0.80461372852737
semibin_SRR5930501.12	response	R	-0.189165445160247	0.09156309717025	221	7	0.0400200502140773	0.80461372852737
metabat_ERR6279676.50	gender	male	-0.0132690702672397	0.00992439673616828	221	1	0.18261755175689	0.80461372852737
metabat_ERR6279676.50	response	R	-0.012029291184955	0.00943181034951047	221	1	0.203532872467535	0.80461372852737
semibin_ERR6281340.6	age	age	0.0391146177466321	0.0262322187013557	221	8	0.137398413237207	0.80461372852737
semibin_ERR6281340.6	response	R	0.0767052260917608	0.0536699129153577	221	8	0.154390762109462	0.80461372852737
semibin_ERR12405976.91	response	R	-0.112787541586815	0.0545779095697824	221	4	0.0399643215490883	0.80461372852737
maxbin_SRR6000947.039	age	age	0.0251806189414085	0.0198397295108641	221	4	0.205728711789467	0.80461372852737
metabat_ERR6281433.6_sub	age	age	0.0371467641586717	0.0258938342007821	221	8	0.152854957682191	0.80461372852737
metabat_ERR6281433.6_sub	response	R	0.0755555556812169	0.052977618982124	221	8	0.155260794403057	0.80461372852737
maxbin_SRR16554744.010	age	age	-0.0485527245208785	0.0315557229001392	221	8	0.125361630666863	0.80461372852737
metabat_ERR12406011.21	gender	male	0.0267273963432243	0.0201766814515766	221	3	0.186680154662679	0.80461372852737
metabat_SRR13068851.25	gender	male	0.100728092626487	0.0736102524613486	221	7	0.172616658395996	0.80461372852737
metabat_ERR12405920.6_sub	response	R	0.107069566570506	0.0778440589483768	221	8	0.170421227780697	0.80461372852737
metabat_SRR16554789.32	age	age	-0.0062616301384259	0.00458584957330357	221	1	0.173533497480034	0.80461372852737
metabat_SRR16554789.32	response	R	-0.0120600679843301	0.00939413987208347	221	1	0.200585844852637	0.80461372852737
maxbin_SRR5930517.025_sub	response	R	-0.272030371045392	0.0848719619949317	221	9	0.00155549832863211	0.80461372852737
semibin_SRR16168913.75	response	R	-0.0139802290071724	0.00940942339659039	221	1	0.138799553974099	0.80461372852737
maxbin_ERR12406008.002_sub	age	age	0.0259878234897223	0.0193435904220174	221	4	0.180531096482796	0.80461372852737
semibin_SRR13068846.36	response	R	-0.0139575608879508	0.00939884302987152	221	1	0.138995080727323	0.80461372852737
semibin_SRR16554718.17_sub	age	age	-0.00968683050542087	0.00457418847771504	221	1	0.0353372034552108	0.80461372852737
semibin_SRR16554718.17_sub	response	R	-0.0130540882360289	0.00937025204905978	221	1	0.165002414559104	0.80461372852737
semibin_SRR5930497.86_sub	gender	male	0.153375670297748	0.0907812637160693	221	7	0.0925582912917118	0.80461372852737
metabat_ERR12406012.1_sub	gender	male	-0.0137326850649202	0.0099269364420286	221	1	0.167971153061402	0.80461372852737
metabat_ERR12406012.1_sub	response	R	-0.0120215969850993	0.00943422399989698	221	1	0.203936373043398	0.80461372852737
metabat_ERR6281342.22	age	age	-0.0889494128349961	0.0395809415895117	221	4	0.0256283077418932	0.80461372852737
metabat_ERR6281342.22	gender	male	-0.18836844586068	0.085316375409351	221	4	0.0282996597931869	0.80461372852737
metabat_SRR13068853.29	gender	male	-0.0160057725671889	0.00989934321959052	221	1	0.107371054425712	0.80461372852737
metabat_SRR16554636.10	gender	male	-0.0722908733884474	0.0275798602575056	221	3	0.00938335323181588	0.80461372852737
semibin_SRR13068841.58	response	R	0.0662153628730301	0.0412079528084903	221	4	0.109550770362389	0.80461372852737
semibin_ERR6267711.1	gender	male	0.0814606742207379	0.0544931336458686	221	8	0.136410505503875	0.80461372852737
maxbin_SRR16554636.007	gender	male	-0.0157416825215195	0.00990395081528385	221	1	0.113418152561555	0.80461372852737
maxbin_SRR16554636.007	response	R	-0.0119882554523996	0.00941237923915388	221	1	0.204143304174819	0.80461372852737
semibin_SRR16168930.147	age	age	0.0496353084161359	0.0382023549252313	221	8	0.195237532862001	0.80461372852737
semibin_SRR16168930.147	gender	male	0.103470425635896	0.0824842304975128	221	8	0.21104461061258	0.80461372852737
semibin_SRR11413649.46	age	age	-0.00595841450954773	0.00461389699800107	221	1	0.197937979704855	0.80461372852737
maxbin_SRR13022453.007_sub	age	age	0.0374871775249621	0.0243879271290473	221	6	0.125733519884107	0.80461372852737
maxbin_SRR13022453.007_sub	gender	male	-0.0677450680475394	0.0526576216506117	221	6	0.199644753756805	0.80461372852737
maxbin_SRR13022453.007_sub	response	R	0.0962089310555011	0.0499072935677222	221	6	0.0552008444043377	0.80461372852737
semibin_SRR5930530.132	response	R	0.111074705328826	0.065919745335775	221	5	0.0934378155031707	0.80461372852737
semibin_SRR11413690.9	gender	male	-0.0147164463834668	0.00994872110235819	221	1	0.140529055162159	0.80461372852737
metabat_ERR6275675.32_sub	age	age	0.0136306243801921	0.0106737313477194	221	4	0.202964058657873	0.80461372852737
metabat_SRR13022456.4	age	age	-0.0343970136308305	0.0149331079973674	221	2	0.0222069027634539	0.80461372852737
semibin_SRR5930517.66	age	age	0.0319477351469436	0.0210464414253122	221	2	0.130483750559609	0.80461372852737
semibin_SRR11413649.38_sub	age	age	0.0251161456862211	0.0132678409711288	221	2	0.0596933784146998	0.80461372852737
semibin_SRR11413691.23	gender	male	0.0813505254724465	0.062277822003	221	5	0.192862937650894	0.80461372852737
semibin_SRR11413691.23	response	R	-0.093460775390373	0.0590296119933965	221	5	0.114824179404536	0.80461372852737
semibin_SRR11413618.43_sub	age	age	0.0419254174574389	0.0278008830235365	221	3	0.132993504663661	0.80461372852737
semibin_SRR11413618.43_sub	response	R	-0.0875644697968026	0.0569502726846737	221	3	0.125613022846492	0.80461372852737
semibin_SRR23364231.16	response	R	-0.13515158985351	0.0750336061221084	221	6	0.0730574050905912	0.80461372852737
semibin_SRR6000932.54	age	age	0.0504429641043264	0.0304632449992118	221	9	0.099197989716027	0.80461372852737
semibin_SRR6000932.54	response	R	0.0999057276961819	0.0623220585249438	221	9	0.110380798769764	0.80461372852737
maxbin_SRR16554760.005	gender	male	-0.0147164463833846	0.0099487211023582	221	1	0.140529055164368	0.80461372852737
metabat_SRR16554656.29	age	age	0.00864338595311609	0.00654992779803536	221	2	0.188353969325877	0.80461372852737
semibin_SRR13068823.83	age	age	0.0289739045736547	0.0155597825355908	221	2	0.063945983486754	0.80461372852737
metabat_SRR16554757.37	gender	male	-0.119402259533199	0.0755027594148677	221	2	0.115236384673164	0.80461372852737
metabat_SRR5930494.44	age	age	0.0622640090936839	0.0482701461188659	221	9	0.198466314912876	0.80461372852737
metabat_ERR6279648.17_sub	response	R	-0.0139575608879638	0.00939884302986915	221	1	0.138995080726935	0.80461372852737
semibin_SRR11413656.61	gender	male	-0.0553551328239489	0.0439563463979291	221	6	0.209282248874647	0.80461372852737
maxbin_SRR5930508.015	response	R	-0.0127571821668278	0.00942941370571366	221	1	0.177493731752015	0.80461372852737
maxbin_ERR6281342.028	age	age	0.0270925687819852	0.0204442793827494	221	3	0.186511997760592	0.80461372852737
maxbin_ERR6281342.028	response	R	0.0560635340999408	0.0418326588487981	221	3	0.181595196300894	0.80461372852737
metabat_SRR16554777.11	age	age	0.0268704158045727	0.0157914584302875	221	3	0.0902680093359864	0.80461372852737
maxbin_SRR16554777.024_sub	age	age	0.0394112989718873	0.0268137460860112	221	2	0.143059684378509	0.80461372852737
semibin_ERR12405939.57_sub	gender	male	-0.0178956522358622	0.00991825940253395	221	1	0.0725696244236017	0.80461372852737
maxbin_SRR20881987.014_sub	gender	male	0.102092318296335	0.0578236795823984	221	8	0.0788746713188684	0.80461372852737
semibin_SRR11413649.8	gender	male	-0.0147164463834294	0.00994872110235819	221	1	0.140529055163167	0.80461372852737
semibin_SRR6000909.45	response	R	0.0714251967361042	0.0532412769334503	221	7	0.181153477748807	0.80461372852737
semibin_SRR23364196.25	gender	male	0.0735860938681545	0.0475995050351147	221	6	0.123595882532434	0.80461372852737
maxbin_ERR6279677.010	age	age	0.0260210583509133	0.0138015711855815	221	2	0.0607219672592031	0.80461372852737
maxbin_ERR12406007.007	gender	male	0.0789334358130871	0.0602747316090613	221	9	0.191746013501689	0.80461372852737
metabat_SRR13068843.23	response	R	-0.0139802290069626	0.00940942339659297	221	1	0.1387995539802	0.80461372852737
metabat_SRR11413691.28	gender	male	-0.0506835154917034	0.0298992558854069	221	3	0.0914826750385679	0.80461372852737
semibin_SRR16554790.12	age	age	0.0343224491300579	0.0271659621995057	221	3	0.207788305309566	0.80461372852737
semibin_SRR16554790.12	response	R	-0.116115063954931	0.0556496336355068	221	3	0.0380980777400802	0.80461372852737
metabat_SRR16554687.21	gender	male	-0.0729469609850718	0.0486181655679987	221	2	0.134962956269195	0.80461372852737
semibin_SRR16554715.19	gender	male	0.0948900848378587	0.068457381985438	221	6	0.16713319190892	0.80461372852737
semibin_ERR6282137.82	age	age	0.0378462060657548	0.0264827346468465	221	3	0.154416357933468	0.80461372852737
semibin_ERR6282137.82	gender	male	-0.0749705072286442	0.0570833042434566	221	3	0.190451142326661	0.80461372852737
semibin_ERR6282137.82	response	R	-0.0779483587354618	0.0542500379681073	221	3	0.152205076168028	0.80461372852737
semibin_SRR5930526.3	age	age	-0.0578127663525473	0.0288716190947828	221	3	0.0464925488954229	0.80461372852737
semibin_SRR5930526.3	response	R	-0.0975893091191138	0.0590691880427275	221	3	0.0999634252271768	0.80461372852737
semibin_ERR6233693.3_sub	gender	male	-0.018151552721807	0.00989739453726925	221	1	0.068034527954304	0.80461372852737
maxbin_SRR6000949.021_sub	gender	male	0.112638537503924	0.0608548569447443	221	9	0.0655473748235179	0.80461372852737
metabat_SRR13022456.2	age	age	-0.0081761894664408	0.0045821074571107	221	1	0.0757601725789788	0.80461372852737
metabat_ERR6279629.12_sub	age	age	-0.0152327958500639	0.0107494595199404	221	2	0.157894953933067	0.80461372852737
metabat_ERR6279629.12_sub	response	R	-0.0386591673225887	0.0220203311655671	221	2	0.0805655459560939	0.80461372852737
maxbin_SRR16168986.013_sub	gender	male	-0.0913996487543378	0.0524206269849686	221	2	0.0826539105288014	0.80461372852737
metabat_SRR11413610.65_sub	age	age	0.0475865200174326	0.034409113654111	221	5	0.168097668896137	0.80461372852737
semibin_SRR16554634.8_sub	response	R	-0.122324740789926	0.0707386607474425	221	6	0.0851882738437583	0.80461372852737
metabat_SRR25825516.12	gender	male	-0.0359595345596774	0.0166264236825638	221	2	0.0316502167322679	0.80461372852737
metabat_SRR16168940.14	response	R	-0.013957560887829	0.0093988430298741	221	1	0.138995080730859	0.80461372852737
maxbin_SRR11413618.087_sub	response	R	-0.0406195049459669	0.0220544384755123	221	2	0.0668715187221448	0.80461372852737
semibin_SRR13022263.2	age	age	0.0374459233594293	0.0288693329697484	221	6	0.195979985692209	0.80461372852737
semibin_ERR6279669.31_sub	age	age	0.00736291590532208	0.00460485342598899	221	1	0.111288451094265	0.80461372852737
semibin_SRR16554628.84	age	age	0.00785434180390253	0.00460505518514865	221	1	0.089515105393706	0.80461372852737
metabat_SRR11413618.80	age	age	-0.00626163013842732	0.00458584957330356	221	1	0.173533497479935	0.80461372852737
metabat_SRR11413618.80	response	R	-0.0120600679842995	0.00939413987208346	221	1	0.200585844853775	0.80461372852737
maxbin_SRR5930511.004	age	age	-0.00752741814529203	0.00460323431873459	221	1	0.103448612808057	0.80461372852737
semibin_SRR16554651.34_sub	age	age	0.00943310191636581	0.00705182790207612	221	2	0.182401521088054	0.80461372852737
semibin_SRR11413606.86	gender	male	-0.0401883256102394	0.0247614922966327	221	3	0.106037570998193	0.80461372852737
maxbin_SRR5930508.022	age	age	0.0128701419796238	0.0100321299048899	221	2	0.200905175822943	0.80461372852737
semibin_ERR6281341.23_sub	gender	male	-0.0143418056313775	0.00991642931234502	221	1	0.149545845000298	0.80461372852737
semibin_ERR6281341.23_sub	response	R	-0.0117027742745046	0.00939880970775606	221	1	0.214428410183133	0.80461372852737
metabat_SRR11413683.6_sub	gender	male	-0.0137326850648968	0.0099269364420286	221	1	0.167971153062098	0.80461372852737
metabat_SRR11413683.6_sub	response	R	-0.012021596985078	0.00943422399989698	221	1	0.203936373044171	0.80461372852737
maxbin_SRR5930529.037	age	age	-0.0194287495309861	0.0143832587252382	221	4	0.178169839460687	0.80461372852737
maxbin_SRR5930529.037	gender	male	0.0473495791546823	0.0310029891087131	221	4	0.128152991216325	0.80461372852737
maxbin_SRR16168918.066	age	age	0.0337164911506294	0.0142540431568596	221	3	0.0188936205900064	0.80461372852737
semibin_SRR13068843.62_sub	response	R	0.0617152666108052	0.0387482643529307	221	4	0.112689046973626	0.80461372852737
semibin_ERR6279626.1	age	age	0.0066872075570711	0.00460034636671907	221	1	0.147499356235227	0.80461372852737
metabat_ERR12405984.37	response	R	-0.0129566283710768	0.00943998518576909	221	1	0.171316558181072	0.80461372852737
semibin_ERR12405955.23_sub	gender	male	-0.0131710637244401	0.0099291105944648	221	1	0.186065177701313	0.80461372852737
semibin_ERR6279628.51	age	age	0.0239150206059046	0.0167732521570524	221	3	0.15537153959488	0.80461372852737
metabat_ERR6275673.75	gender	male	-0.0838871542368899	0.0448768760558882	221	3	0.0629318472164599	0.80461372852737
metabat_SRR11413690.18	response	R	-0.0129976641037391	0.00946528815955377	221	1	0.171109671331692	0.80461372852737
metabat_ERR6233695.27	gender	male	-0.0159573507157896	0.00991722760929523	221	1	0.109059085838886	0.80461372852737
metabat_ERR6233695.27	response	R	-0.0117034908481797	0.00939978889485393	221	1	0.214448066434253	0.80461372852737
semibin_ERR6279669.43	age	age	-0.0539729078814961	0.0287069158266928	221	5	0.0614312737889673	0.80461372852737
semibin_SRR16554684.32	age	age	-0.00654289960772532	0.0046144927311264	221	1	0.15765368388052	0.80461372852737
maxbin_SRR16554633.011	gender	male	-0.122775889510446	0.0800884197659502	221	7	0.126741195797286	0.80461372852737
metabat_SRR16554632.20	response	R	-0.0318797674041645	0.0171613580634302	221	2	0.0645736735551632	0.80461372852737
metabat_SRR16554769.2	age	age	0.0320717588632573	0.0184371017448382	221	3	0.0833607788915584	0.80461372852737
maxbin_SRR13068818.027_sub	gender	male	0.0664040156841355	0.0523785202543996	221	5	0.206238061742717	0.80461372852737
metabat_ERR12405935.40	gender	male	-0.0147164463834201	0.0099487211023582	221	1	0.140529055163418	0.80461372852737
metabat_SRR16554651.36	age	age	0.0514644465874824	0.0237528373855529	221	4	0.0313497765397858	0.80461372852737
maxbin_SRR5930520.011	response	R	-0.0339704036263322	0.023374006650369	221	3	0.147578631694533	0.80461372852737
maxbin_SRR16554740.019	gender	male	-0.0919688788597834	0.0589019722221682	221	2	0.119889223924511	0.80461372852737
maxbin_SRR16168940.020_sub	response	R	-0.0139575608877098	0.00939884302987561	221	1	0.138995080734213	0.80461372852737
metabat_SRR25825506.41	gender	male	0.0504586372016807	0.0403806137081366	221	5	0.212800741665297	0.80461372852737
maxbin_SRR11413618.020	age	age	0.0260854114068359	0.0138396298529066	221	2	0.0607945209017884	0.80461372852737
semibin_SRR16168940.32	response	R	-0.166185274380386	0.090419418497979	221	5	0.067441059644518	0.80461372852737
metabat_ERR6281500.32	response	R	0.0604388325198912	0.0480119098185087	221	4	0.209453410883171	0.80461372852737
metabat_SRR20881978.1_sub	gender	male	-0.0159573507146019	0.00991722760930685	221	1	0.109059085865476	0.80461372852737
metabat_SRR20881978.1_sub	response	R	-0.0117034908482908	0.00939978889487839	221	1	0.214448066431044	0.80461372852737
maxbin_SRR23364170.010_sub	age	age	0.0282602714023404	0.0217539061730181	221	3	0.195302003264963	0.80461372852737
maxbin_SRR23364170.010_sub	response	R	0.0588446357991809	0.044511916525127	221	3	0.187569373241469	0.80461372852737
semibin_SRR11413657.56	response	R	-0.0139802290070302	0.00940942339659389	221	1	0.138799553978252	0.80461372852737
maxbin_ERR12405934.015_sub	response	R	-0.0129976641038165	0.00946528815955378	221	1	0.171109671329154	0.80461372852737
semibin_SRR16554627.71	age	age	-0.0100759451381689	0.00457031317416073	221	1	0.0285290604541707	0.80461372852737
semibin_SRR16554627.71	response	R	-0.0130566529692982	0.00936231346689433	221	1	0.164563455919057	0.80461372852737
maxbin_ERR6232527.010	response	R	-0.0127563254177989	0.00942556123778208	221	1	0.177346380085113	0.80461372852737
metabat_SRR13068815.13_sub	gender	male	-0.0875774737392098	0.0464411381835244	221	3	0.0606613184474006	0.80461372852737
semibin_SRR11413678.51	response	R	0.168239701558006	0.0841611424036567	221	12	0.0468571294019026	0.80461372852737
semibin_SRR16554777.37	age	age	0.0472304766561474	0.0277915209480601	221	2	0.0906662064487908	0.80461372852737
metabat_SRR16554757.25	gender	male	-0.0138872233307993	0.00992712976586532	221	1	0.163265754028642	0.80461372852737
metabat_SRR16554757.25	response	R	-0.0120190322518021	0.00943440772832022	221	1	0.204041301522482	0.80461372852737
metabat_ERR12406004.31	age	age	0.0248581005244232	0.0131161624170815	221	2	0.0593975845187877	0.80461372852737
semibin_SRR25825501.28	gender	male	-0.0839635463283532	0.0450429276106241	221	3	0.0636612098446454	0.80461372852737
metabat_SRR11413618.92	response	R	-0.0412709952204395	0.0225578667680617	221	2	0.0686877329887808	0.80461372852737
semibin_ERR6229432.4	response	R	-0.0287863609115918	0.0147952010697125	221	2	0.0529876363447813	0.80461372852737
semibin_SRR16554650.13	age	age	-0.0124530101850269	0.00795712871701375	221	2	0.119036964293952	0.80461372852737
metabat_ERR6279624.22	gender	male	-0.0171480002630593	0.00990782767457414	221	1	0.0849249187839731	0.80461372852737
semibin_SRR5930512.42	age	age	-0.0364765354409026	0.0255007173010642	221	5	0.154039498437019	0.80461372852737
semibin_SRR5930528.78	gender	male	-0.167607575856913	0.113883130595795	221	10	0.142536961625107	0.80461372852737
semibin_SRR20881987.22	response	R	-0.0395208156695447	0.0214016855983656	221	2	0.0661637078737859	0.80461372852737
maxbin_SRR11413614.027_sub	response	R	0.0645190388648624	0.0399993827832501	221	4	0.108208901927981	0.80461372852737
metabat_SRR5930508.52	age	age	0.0126610413420909	0.00867094019348016	221	2	0.14568977373817	0.80461372852737
metabat_ERR6280899.67	age	age	0.0210434872624345	0.0131128822491707	221	4	0.110001480113243	0.80461372852737
semibin_ERR6280899.10	age	age	0.00736291590470508	0.00460485342591099	221	1	0.111288451118052	0.80461372852737
maxbin_SRR5930505.002	age	age	0.0195433066831803	0.0124067827157999	221	2	0.116665584606436	0.80461372852737
metabat_SRR13068843.10_sub	age	age	0.0188816932037546	0.0142981095205636	221	2	0.188034940889893	0.80461372852737
metabat_ERR6281518.61_sub	age	age	0.0358512210226923	0.0218363424239066	221	4	0.102080046301329	0.80461372852737
metabat_SRR13068823.23	response	R	0.0701578756876863	0.0437958873877446	221	4	0.110637412798698	0.80461372852737
semibin_ERR12405966.20	age	age	0.0115916342543481	0.00896997633377537	221	2	0.197638696961357	0.80461372852737
semibin_ERR12405966.20	gender	male	-0.0433927709133475	0.0193440439279238	221	2	0.0259002053056945	0.80461372852737
semibin_SRR11413646.12	response	R	-0.0129976641037864	0.00946528815955379	221	1	0.171109671330141	0.80461372852737
metabat_SRR5930531.8_sub	age	age	-0.0174155120395938	0.010929752232698	221	2	0.112525812944	0.80461372852737
semibin_SRR5930517.9	age	age	0.00657314520695962	0.00459722284370974	221	1	0.154210973604583	0.80461372852737
semibin_SRR5930517.9	response	R	-0.0127525170546073	0.00940696599056413	221	1	0.176623680787781	0.80461372852737
semibin_SRR16554760.12	age	age	0.018376927482241	0.0121013075528999	221	3	0.130321548517775	0.80461372852737
semibin_SRR16168940.67	response	R	-0.116086445209973	0.0654681498718642	221	3	0.0776078094530645	0.80461372852737
metabat_SRR5930520.89	age	age	-0.0226303919775174	0.0156586752535912	221	3	0.14983574660389	0.80461372852737
metabat_SRR5930520.89	gender	male	0.0447112969053356	0.0337521383448468	221	3	0.18666559127046	0.80461372852737
semibin_ERR6279672.47	age	age	0.0289269235739456	0.0162287051363538	221	3	0.0760760302399431	0.80461372852737
semibin_SRR16554681.35	age	age	-0.0260424714605303	0.015240509403708	221	2	0.088924002544052	0.80461372852737
semibin_SRR16554681.35	gender	male	-0.0508659792113987	0.0328507854916984	221	2	0.122984472437433	0.80461372852737
maxbin_SRR16168943.020_sub	age	age	0.03895927693689	0.0251044078522456	221	3	0.122148960109594	0.80461372852737
semibin_SRR11413656.55	gender	male	-0.0162764858887754	0.00993942957402962	221	1	0.102962257460218	0.80461372852737
semibin_SRR5930495.0_sub	age	age	0.0503647314054451	0.0359763752410403	221	9	0.162974007421798	0.80461372852737
maxbin_SRR5930519.005	response	R	-0.0127635585141959	0.00945052337625926	221	1	0.178243650070288	0.80461372852737
metabat_ERR6279669.21	response	R	-0.0127635585149204	0.00945052337631202	221	1	0.178243650048095	0.80461372852737
metabat_SRR16554726.7	response	R	-0.0129617578377016	0.00944749167911218	221	1	0.171486727587801	0.80461372852737
maxbin_ERR12405920.014	response	R	-0.0129976641037436	0.00946528815955377	221	1	0.171109671331562	0.80461372852737
metabat_ERR12405929.15	response	R	-0.0129848404373021	0.00946589837761472	221	1	0.171558037674769	0.80461372852737
metabat_SRR11413606.21	age	age	0.0242644018173908	0.0177780852749117	221	3	0.173724764329942	0.80461372852737
metabat_SRR11413606.21	response	R	0.0495717062419757	0.0363775003050442	221	3	0.174397710013669	0.80461372852737
metabat_ERR6243880.19	response	R	-0.0127563254174189	0.00942556123775033	221	1	0.177346380096506	0.80461372852737
semibin_SRR5930511.18_sub	age	age	-0.0528038902888246	0.0359757563274871	221	8	0.143631669760167	0.80461372852737
semibin_SRR5930511.18_sub	gender	male	0.140475928883937	0.0776764531058616	221	8	0.0719316371913719	0.80461372852737
semibin_SRR16168986.17	age	age	0.0341019256618857	0.0221132468797519	221	2	0.124501134904613	0.80461372852737
semibin_SRR16168986.17	gender	male	-0.0847331247063059	0.0477405941651609	221	2	0.077326890132938	0.80461372852737
maxbin_SRR13068832.004	gender	male	-0.014716446383462	0.0099487211023582	221	1	0.140529055162292	0.80461372852737
semibin_SRR5930498.39	age	age	0.031033495232157	0.0245942615654426	221	4	0.208368685839887	0.80461372852737
semibin_SRR23364193.23	response	R	0.0728607740942504	0.053896011689218	221	7	0.17782744302483	0.80461372852737
metabat_SRR6000892.60	age	age	-0.0228610769441702	0.0135205565713323	221	2	0.0923102777087281	0.80461372852737
metabat_SRR6000892.60	gender	male	-0.0537381166264085	0.0291920214725046	221	2	0.0670148283541326	0.80461372852737
metabat_ERR12405987.26	response	R	-0.0409706817390237	0.0223570825261936	221	2	0.0682384627444649	0.80461372852737
semibin_SRR16168982.59	response	R	-0.0549228049654829	0.043097777482249	221	2	0.20389922299171	0.80461372852737
metabat_SRR11413654.13	response	R	-0.0127646743402333	0.00945070195533554	221	1	0.178214012836967	0.80461372852737
metabat_ERR6281000.30	response	R	-0.0765975649876211	0.0448919228117843	221	2	0.0893961700139064	0.80461372852737
metabat_SRR13022269.5	response	R	-0.0129976641037992	0.00946528815955378	221	1	0.171109671329736	0.80461372852737
metabat_SRR5930499.54	gender	male	-0.0683473872843678	0.0435783047171993	221	2	0.118249751636724	0.80461372852737
semibin_SRR11413647.85	gender	male	-0.0258195088759784	0.0193030036027729	221	2	0.182437569709509	0.80461372852737
maxbin_SRR11413619.035_sub	age	age	-0.042522778945037	0.0216778434557975	221	5	0.0511020298774504	0.80461372852737
maxbin_SRR11413619.035_sub	gender	male	0.0672680467116854	0.0468059935302529	221	5	0.152123936191154	0.80461372852737
maxbin_SRR11413619.035_sub	response	R	-0.0592950889541734	0.0443633142716807	221	5	0.182770366770645	0.80461372852737
metabat_ERR6279624.53	gender	male	-0.0158369894657845	0.00993818510493553	221	1	0.112493555589093	0.80461372852737
maxbin_SRR5930514.013_sub	response	R	0.175849552765469	0.0981981310659579	221	8	0.0747325120743438	0.80461372852737
metabat_ERR12405946.17	gender	male	-0.0172890198039442	0.0098877695538746	221	1	0.0817877233399522	0.80461372852737
metabat_ERR12405946.17	response	R	-0.011701495245745	0.00937193821554744	221	1	0.213171757315889	0.80461372852737
semibin_SRR5930536.78	age	age	-0.0553131767145753	0.0372727802122587	221	7	0.139262353992722	0.80461372852737
metabat_ERR6279622.22	age	age	0.0383010974592741	0.0215276924745858	221	4	0.0766166030061826	0.80461372852737
metabat_ERR6232382.25	gender	male	-0.0172890202228035	0.00988776954909619	221	1	0.0817877158469299	0.80461372852737
metabat_ERR6232382.25	response	R	-0.0117014951500693	0.00937193820521836	221	1	0.213171760538954	0.80461372852737
metabat_SRR5930514.54	age	age	0.0215771935895032	0.0117655215008267	221	2	0.068035222672929	0.80461372852737
maxbin_SRR11413678.037	response	R	-0.072677742869087	0.0431622098137445	221	5	0.0936527855945426	0.80461372852737
semibin_ERR12405928.62	age	age	0.00668720759387726	0.00460034636870666	221	1	0.14749935419198	0.80461372852737
maxbin_SRR13068839.007_sub	response	R	0.0269502120115885	0.0200151805768394	221	3	0.179554235409512	0.80461372852737
metabat_SRR11413648.66	gender	male	-0.0131710637245819	0.0099291105944648	221	1	0.186065177696593	0.80461372852737
maxbin_SRR13068843.042_sub	gender	male	0.0632983263998061	0.0399811770985166	221	8	0.114848882689938	0.80461372852737
semibin_SRR5930516.46	age	age	-0.0102743444291363	0.00457852548488152	221	1	0.025841063597099	0.80461372852737
metabat_SRR16554634.5	response	R	-0.0129591931045347	0.00944389419989548	221	1	0.17140869455769	0.80461372852737
metabat_SRR11413613.46	age	age	-0.04025645888897	0.0174426188244267	221	4	0.0219487806175978	0.80461372852737
metabat_SRR11413613.46	response	R	0.0527175029590203	0.0356839763391862	221	4	0.141038916896997	0.80461372852737
metabat_SRR11413610.48	gender	male	-0.0265288227861528	0.019650572742625	221	2	0.178420775057576	0.80461372852737
metabat_SRR16168942.31	gender	male	-0.159750790328212	0.074738895056979	221	3	0.0336839263273481	0.80461372852737
metabat_SRR20881980.24_sub	gender	male	-0.0172890202224715	0.00988776954909891	221	1	0.0817877158528223	0.80461372852737
metabat_SRR20881980.24_sub	response	R	-0.011701495150051	0.00937193820522425	221	1	0.213171760539973	0.80461372852737
maxbin_SRR16554627.030_sub	gender	male	0.0547329582683904	0.0398450957230937	221	4	0.170984028444296	0.80461372852737
maxbin_SRR16554627.030_sub	response	R	-0.0511578235385031	0.0378551455535064	221	4	0.177972343809966	0.80461372852737
metabat_SRR25825519.12_sub	age	age	0.017364222377629	0.0131003600518881	221	2	0.186406847789947	0.80461372852737
metabat_SRR25825519.12_sub	gender	male	-0.0377460316331369	0.0282377121741013	221	2	0.182712455204815	0.80461372852737
metabat_SRR5930515.44_sub	gender	male	0.127159806164283	0.0655318230431395	221	9	0.0536313210127155	0.80461372852737
metabat_SRR5930515.44_sub	response	R	-0.0869347198017551	0.0620979199359729	221	9	0.162960494907338	0.80461372852737
metabat_SRR23364199.7	gender	male	0.087901407683638	0.0627835836926068	221	7	0.16293198470101	0.80461372852737
semibin_ERR6282137.102	age	age	0.00668720759352692	0.00460034636868822	221	1	0.147499354211574	0.80461372852737
maxbin_SRR13068846.017_sub	gender	male	0.0605260010067284	0.0473824975285596	221	6	0.202834076143103	0.80461372852737
metabat_ERR6281000.35	age	age	0.0364193520778873	0.0215547103480173	221	4	0.0925383169053295	0.80461372852737
maxbin_SRR5930517.009	age	age	0.00657314520695851	0.00459722284370967	221	1	0.154210973604588	0.80461372852737
maxbin_SRR5930517.009	response	R	-0.0127525170546041	0.00940696599056384	221	1	0.176623680787777	0.80461372852737
semibin_SRR16168940.58	response	R	-0.078822203646503	0.0457414786323518	221	2	0.0862816936932485	0.80461372852737
semibin_ERR12405963.29	response	R	-0.0139929629814642	0.00940137909689487	221	1	0.138106626779351	0.80461372852737
semibin_SRR13068830.47	response	R	-0.0130104877701677	0.00945694074272006	221	1	0.170314040332204	0.80461372852737
metabat_SRR6000909.37	response	R	-0.0345948995600974	0.0181543573618728	221	2	0.058029745782964	0.80461372852737
metabat_SRR5930526.94	age	age	-0.066443097287292	0.0327032915442223	221	7	0.0434109352107114	0.80461372852737
semibin_SRR5930536.22	age	age	-0.0473696184687823	0.0368272897160046	221	5	0.199723762341723	0.80461372852737
semibin_SRR5930536.22	response	R	0.118345014144718	0.0753425451067559	221	5	0.117698546222808	0.80461372852737
metabat_ERR6281518.71	gender	male	-0.0143418056313468	0.00991642931234536	221	1	0.149545845001202	0.80461372852737
metabat_ERR6281518.71	response	R	-0.0117027742745099	0.00939880970775673	221	1	0.214428410182969	0.80461372852737
metabat_SRR16554638.16_sub	gender	male	-0.0687250051561421	0.0520080585359114	221	2	0.187749590847368	0.80461372852737
metabat_SRR25825519.52	response	R	0.0383993428445299	0.0291411167316859	221	3	0.189000800833315	0.80461372852737
metabat_SRR23364199.53_sub	response	R	-0.0129874051705802	0.00946639496489299	221	1	0.171496171638867	0.80461372852737
semibin_ERR12405957.24	age	age	0.0352031138994684	0.0201048881845174	221	2	0.0813635933696857	0.80461372852737
maxbin_ERR6275663.053	age	age	0.00641767732876171	0.00455135017170846	221	1	0.15996389255852	0.80461372852737
maxbin_ERR6275663.053	gender	male	-0.0184268709509236	0.00982687549785752	221	1	0.0621241043698776	0.80461372852737
maxbin_ERR6275663.053	response	R	-0.0130896946212808	0.00931168207653423	221	1	0.161243598772789	0.80461372852737
maxbin_SRR5930528.078	gender	male	-0.0159573507171623	0.00991722760927898	221	1	0.109059085807997	0.80461372852737
maxbin_SRR5930528.078	response	R	-0.0117034908477875	0.00939978889481973	221	1	0.214448066447795	0.80461372852737
semibin_SRR11413689.16	response	R	-0.0129848404372891	0.00946589837761472	221	1	0.171558037675194	0.80461372852737
semibin_ERR6279628.5	gender	male	0.084735544541261	0.0648187999160893	221	5	0.192505163140693	0.80461372852737
maxbin_SRR5930518.004	gender	male	-0.0172890202223479	0.00988776954909845	221	1	0.0817877158550041	0.80461372852737
maxbin_SRR5930518.004	response	R	-0.0117014951498902	0.00937193820522325	221	1	0.213171760546245	0.80461372852737
semibin_SRR11413685.32	gender	male	-0.0158369894647323	0.0099381851049514	221	1	0.112493555613338	0.80461372852737
metabat_SRR13068825.48	gender	male	-0.0143418056313489	0.0099164293123453	221	1	0.149545845001087	0.80461372852737
metabat_SRR13068825.48	response	R	-0.0117027742745067	0.00939880970775662	221	1	0.214428410183109	0.80461372852737
metabat_SRR5930528.76_sub	gender	male	-0.0271998714226583	0.0144189500655364	221	2	0.0605768280531319	0.80461372852737
metabat_SRR16168896.21	response	R	-0.013995664928634	0.00939880447045093	221	1	0.137923617647053	0.80461372852737
semibin_SRR16168940.30	response	R	-0.0139575608879052	0.00939884302987491	221	1	0.138995080728733	0.80461372852737
semibin_SRR5930522.26	gender	male	-0.0143418056313619	0.00991642931234547	221	1	0.149545845000775	0.80461372852737
semibin_SRR5930522.26	response	R	-0.0117027742745299	0.00939880970775694	221	1	0.214428410182161	0.80461372852737
semibin_SRR16554649.29	gender	male	-0.0127074489267544	0.00991684739131052	221	1	0.201420757320273	0.80461372852737
maxbin_ERR6275652.027	gender	male	-0.0143418056313181	0.00991642931234512	221	1	0.149545845001947	0.80461372852737
maxbin_ERR6275652.027	response	R	-0.0117027742744493	0.00939880970775627	221	1	0.214428410185285	0.80461372852737
metabat_SRR16554650.19	age	age	-0.0057956841779435	0.0046044354392503	221	1	0.20948479936006	0.80461372852737
metabat_SRR16554650.19	response	R	-0.0130284409032701	0.00943221312798872	221	1	0.168616358252339	0.80461372852737
metabat_ERR6232524.25	response	R	-0.0561991089685368	0.044821984043997	221	2	0.211259393498111	0.80461372852737
semibin_SRR11413649.107	response	R	-0.0127563254173138	0.00942556123775071	221	1	0.177346380100018	0.80461372852737
semibin_SRR5930507.107	response	R	-0.0895041511883255	0.0509110433605673	221	3	0.0801533387931754	0.80461372852737
maxbin_SRR16168918.021	age	age	0.00668720759438473	0.00460034636873483	221	1	0.147499354163938	0.80461372852737
metabat_SRR5930522.5	response	R	-0.0936828123545	0.0716291609627455	221	5	0.192302751869397	0.80461372852737
maxbin_ERR12405998.015	response	R	-0.0130130525033728	0.00945434132635846	221	1	0.170113248687362	0.80461372852737
maxbin_SRR16554643.017	age	age	0.00824345643665888	0.0046019199700807	221	1	0.074637410514176	0.80461372852737
maxbin_SRR5930528.038	gender	male	-0.152004808125151	0.0695278284638206	221	4	0.0298674948779081	0.80461372852737
semibin_SRR5930495.69	response	R	0.0978915916165779	0.0727891954949903	221	4	0.180077824361395	0.80461372852737
semibin_ERR6280907.83	gender	male	-0.0159573507173174	0.00991722760927826	221	1	0.109059085804583	0.80461372852737
semibin_ERR6280907.83	response	R	-0.0117034908478309	0.00939978889481822	221	1	0.214448066446039	0.80461372852737
semibin_SRR11413657.4_sub	gender	male	-0.0147164463833961	0.00994872110235819	221	1	0.140529055164062	0.80461372852737
semibin_SRR5930504.31_sub	age	age	-0.0602187723480036	0.0283422733964206	221	6	0.0347543683645602	0.80461372852737
semibin_SRR23364216.26	response	R	-0.0139575608878415	0.00939884302987398	221	1	0.138995080730472	0.80461372852737
maxbin_SRR16554652.018	age	age	0.0309415987542859	0.0137787378392376	221	3	0.0257371883257445	0.80461372852737
maxbin_SRR16554652.018	response	R	0.0354181895915683	0.0282258256520441	221	3	0.21089568225124	0.80461372852737
maxbin_ERR6282383.014	age	age	0.0170236914488655	0.0126698867384068	221	3	0.180480716701627	0.80461372852737
metabat_ERR6280907.57	age	age	0.0421712201156069	0.0259278183757526	221	4	0.105304994736468	0.80461372852737
metabat_ERR6280907.57	response	R	-0.0678062558935724	0.0530422644805215	221	4	0.202500757851975	0.80461372852737
metabat_SRR16554636.13	gender	male	-0.0157416825214866	0.00990395081528384	221	1	0.113418152562299	0.80461372852737
metabat_SRR16554636.13	response	R	-0.0119882554523652	0.00941237923915388	221	1	0.204143304176114	0.80461372852737
semibin_SRR5930519.9	response	R	-0.0127635585148119	0.00945052337631125	221	1	0.178243650051726	0.80461372852737
metabat_ERR6281518.6_sub	response	R	-0.0549789051076994	0.0440190746178714	221	2	0.213024521977187	0.80461372852737
semibin_ERR6275674.5	response	R	-0.012764674418134	0.00945070196044533	221	1	0.178214010434769	0.80461372852737
maxbin_SRR5930499.010	gender	male	-0.0524503874858893	0.0344751023726188	221	2	0.129620829837698	0.80461372852737
maxbin_SRR11413679.051_sub	gender	male	-0.0386827878369361	0.0257189859862865	221	3	0.134021040952362	0.80461372852737
metabat_SRR6000905.63	response	R	-0.0557023827891612	0.0444950515941306	221	2	0.211968154352316	0.80461372852737
semibin_SRR11413613.4	response	R	-0.0129976641037478	0.00946528815955377	221	1	0.171109671331405	0.80461372852737
metabat_SRR16554649.1	age	age	-0.031207867481095	0.0183713363719786	221	2	0.0908040301311783	0.80461372852737
semibin_SRR5930507.41	response	R	-0.0127563254175117	0.00942556123776461	221	1	0.177346380094015	0.80461372852737
semibin_SRR5930513.14	gender	male	-0.0162764858889059	0.00993942957402897	221	1	0.102962257457508	0.80461372852737
semibin_SRR16168900.29	age	age	0.0344542513515946	0.0196499782219819	221	3	0.0809518577838432	0.80461372852737
semibin_SRR16168900.29	gender	male	-0.0539773577190448	0.0424239479895481	221	3	0.20462174036952	0.80461372852737
semibin_SRR16168900.29	response	R	-0.0858668207690265	0.0401995769111843	221	3	0.0338030454482916	0.80461372852737
semibin_ERR6279624.49	response	R	-0.0139575608878204	0.00939884302987617	221	1	0.138995080731215	0.80461372852737
metabat_SRR16554669.9	gender	male	-0.014196299862483	0.00992653670922607	221	1	0.154116173144934	0.80461372852737
metabat_SRR16554669.9	response	R	-0.0120139027851325	0.00943384410738722	221	1	0.204206775869252	0.80461372852737
semibin_SRR16554634.50_sub	response	R	-0.0129591931045436	0.00944389419989548	221	1	0.171408694557407	0.80461372852737
semibin_SRR11413683.37	response	R	-0.0127563254176852	0.00942556123777867	221	1	0.177346380088769	0.80461372852737
metabat_SRR5930499.39	gender	male	-0.0370855279253424	0.0261649254215048	221	2	0.157808722631185	0.80461372852737
semibin_ERR6279666.16	response	R	-0.031455922234711	0.0164572273656805	221	2	0.0572783349732165	0.80461372852737
semibin_SRR23364171.14_sub	response	R	-0.0127653793438193	0.00942300946705798	221	1	0.17692339561837	0.80461372852737
metabat_SRR16168976.37	response	R	-0.0139929629813407	0.00940137909689872	221	1	0.138106626782896	0.80461372852737
semibin_ERR6280899.75	age	age	0.00668720759427638	0.00460034636872882	221	1	0.147499354169928	0.80461372852737
maxbin_SRR5930501.068_sub	age	age	0.0159053964489571	0.0087661193269834	221	2	0.0709944825333737	0.80461372852737
maxbin_SRR5930501.068_sub	response	R	-0.0326255698048447	0.0179574470938724	221	2	0.0706232179815687	0.80461372852737
metabat_SRR5930506.18	age	age	0.0267140542307778	0.0176843595626426	221	4	0.132356753376819	0.80461372852737
maxbin_SRR13068851.002	response	R	-0.012765210471633	0.00944924504299641	221	1	0.178129223147319	0.80461372852737
maxbin_SRR16554633.015_sub	response	R	0.0354279845114577	0.0278695430127155	221	3	0.205015602871986	0.80461372852737
metabat_ERR6279653.8	response	R	-0.0127635585144699	0.00945052337628208	221	1	0.178243650062071	0.80461372852737
metabat_SRR16168913.14	response	R	-0.0139802290069931	0.0094094233965917	221	1	0.138799553979213	0.80461372852737
metabat_SRR23364176.32	age	age	0.00707611253841809	0.00461086526539941	221	1	0.126323946346642	0.80461372852737
metabat_SRR16168982.26	age	age	-0.0226034898868267	0.0137565767174882	221	2	0.101816374193209	0.80461372852737
metabat_SRR16168982.26	response	R	-0.0521573582459908	0.0281429168992444	221	2	0.0652023666376163	0.80461372852737
maxbin_SRR23364176.009	response	R	-0.0127652104711422	0.00944924504297497	221	1	0.178129223162942	0.80461372852737
semibin_SRR5930506.146	age	age	0.032760783889934	0.0247394781898	221	4	0.186819462518588	0.80461372852737
semibin_SRR16554652.51	age	age	0.00777751047619165	0.00458530471948756	221	1	0.0912855027787727	0.80461372852737
semibin_SRR16554652.51	gender	male	-0.0179617499671896	0.00988358445009128	221	1	0.070545639832613	0.80461372852737
metabat_SRR11413683.27	age	age	-0.028501821526638	0.0184898769192492	221	2	0.124661273769728	0.80461372852737
semibin_SRR6000899.35	gender	male	-0.0144073698515683	0.00994740959764691	221	1	0.148961448569671	0.80461372852737
semibin_ERR6280899.56	gender	male	-0.0132690702672209	0.00992439673616828	221	1	0.182617551757508	0.80461372852737
semibin_ERR6280899.56	response	R	-0.0120292911849335	0.00943181034951047	221	1	0.20353287246834	0.80461372852737
semibin_ERR6275674.36_sub	age	age	0.0392752590694867	0.0221483686594777	221	4	0.0775849693615045	0.80461372852737
semibin_ERR6275674.36_sub	gender	male	-0.0930779623998308	0.0477406160483412	221	4	0.0525049869832768	0.80461372852737
semibin_SRR16168976.65	response	R	-0.0139929629814642	0.009401379096897	221	1	0.138106626779489	0.80461372852737
metabat_ERR6281343.50_sub	response	R	-0.0139575608878501	0.00939884302986955	221	1	0.138995080730101	0.80461372852737
metabat_SRR11413657.66_sub	age	age	0.0167224005494489	0.0132531773241599	221	2	0.208389393985299	0.80461372852737
semibin_SRR23364235.52	age	age	0.0552884288820545	0.0378305784987044	221	5	0.145333526840061	0.80461372852737
metabat_SRR23364194.60_sub	age	age	-0.0351832140167028	0.0190157667518447	221	5	0.0656550647402696	0.80461372852737
metabat_SRR23364194.60_sub	gender	male	0.0596193829934385	0.0410580541186843	221	5	0.147938650036212	0.80461372852737
metabat_SRR23364194.60_sub	response	R	-0.0542878366111184	0.0389165303506367	221	5	0.164458917506712	0.80461372852737
semibin_SRR16554777.34	age	age	0.00707611253840397	0.00461086526539941	221	1	0.126323946347382	0.80461372852737
maxbin_SRR5930493.014	response	R	-0.0646235911104944	0.0396260905067034	221	2	0.104380292787213	0.80461372852737
metabat_ERR6279677.29_sub	age	age	0.00736291590471	0.00460485342591166	221	1	0.111288451117888	0.80461372852737
semibin_SRR5930510.39	gender	male	0.0906854286716221	0.0671771578714572	221	5	0.178449396848134	0.80461372852737
semibin_SRR5930510.39	response	R	-0.163403594439739	0.0636588003432741	221	5	0.010938760592548	0.80461372852737
metabat_SRR16554659.15	age	age	-0.00813037197443249	0.00458813646830301	221	1	0.0777907816931291	0.80461372852737
metabat_SRR16554659.15	response	R	-0.013043829302902	0.00939882458996489	221	1	0.166616739548953	0.80461372852737
semibin_SRR16168930.105	age	age	0.00629363808054975	0.00460284977354432	221	1	0.172940918745486	0.80461372852737
maxbin_ERR12405967.002_sub	gender	male	-0.0147164463833482	0.0099487211023582	221	1	0.140529055165344	0.80461372852737
metabat_ERR12405965.31_sub	response	R	-0.0129591931044069	0.00944389419989548	221	1	0.171408694561881	0.80461372852737
semibin_SRR11413646.13	response	R	-0.0130104877700959	0.00945694074272006	221	1	0.170314040334554	0.80461372852737
maxbin_SRR11413681.026	age	age	0.00736291590521142	0.00460485342597523	221	1	0.111288451098537	0.80461372852737
semibin_SRR5930505.151	age	age	0.0097122777028424	0.00458469577185194	221	1	0.0352783900949725	0.80461372852737
metabat_SRR5930528.90	gender	male	-0.0159573507117999	0.00991722760934074	221	1	0.109059085928503	0.80461372852737
metabat_SRR5930528.90	response	R	-0.0117034908491727	0.00939978889494974	221	1	0.214448066400114	0.80461372852737
semibin_SRR5930521.95	response	R	-0.012765379344042	0.00942300946707429	221	1	0.17692339561165	0.80461372852737
maxbin_SRR13068844.013_sub	gender	male	-0.017289019804482	0.00988776955386873	221	1	0.0817877233303686	0.80461372852737
maxbin_SRR13068844.013_sub	response	R	-0.0117014952456337	0.00937193821553474	221	1	0.213171757319587	0.80461372852737
maxbin_SRR13022303.020_sub	age	age	-0.0136084468159592	0.0100891827453261	221	2	0.178802091440421	0.80461372852737
metabat_SRR16554744.1	gender	male	-0.0136346785222627	0.00993842339508705	221	1	0.171506347226118	0.80461372852737
metabat_ERR6281341.34	age	age	0.0225074751233298	0.0178859995122597	221	4	0.209616728404758	0.80461372852737
semibin_SRR5930519.68	response	R	-0.0127635585375183	0.00945052337782282	221	1	0.178243649352528	0.80461372852737
semibin_SRR5930493.200	response	R	-0.0127652104710508	0.00944924504296594	221	1	0.178129223165733	0.80461372852737
semibin_SRR5930516.224	age	age	-0.0102743444291265	0.0045785254848815	221	1	0.0258410635972388	0.80461372852737
semibin_SRR5930514.24	age	age	0.00736291590471444	0.00460485342591133	221	1	0.111288451117614	0.80461372852737
semibin_SRR16554788.35	age	age	0.00657915274222582	0.00458380051812955	221	1	0.152639926561429	0.80461372852737
semibin_SRR16554788.35	gender	male	-0.0165143738509623	0.00988034215714427	221	1	0.0960767181860886	0.80461372852737
semibin_SRR16554788.35	response	R	-0.0119754317859581	0.00938994237048585	221	1	0.203550215045836	0.80461372852737
metabat_SRR13068846.48	response	R	-0.0139528916003295	0.00938920015136657	221	1	0.138723197852693	0.80461372852737
semibin_SRR5930515.84	response	R	-0.0272037214277098	0.0144849529872298	221	2	0.061713061887324	0.80461372852737
maxbin_SRR16168896.007	response	R	-0.0139956649284904	0.00939880447044892	221	1	0.137923617651006	0.80461372852737
semibin_SRR16554686.7	response	R	-0.139257931076782	0.0662579165274571	221	4	0.0367282671276923	0.80461372852737
maxbin_SRR13068848.026	age	age	0.00668720755715021	0.00460034636672233	221	1	0.147499356230817	0.80461372852737
maxbin_SRR16554786.015	age	age	-0.0111158757946564	0.00672027097137177	221	2	0.0995567174283632	0.80461372852737
maxbin_SRR16554786.015	gender	male	0.0183671565649836	0.0144854856408481	221	2	0.206167540685673	0.80461372852737
metabat_ERR6281432.10	response	R	-0.0129591931044107	0.00944389419989547	221	1	0.17140869456177	0.80461372852737
maxbin_SRR5930493.007_sub	response	R	-0.0127652104705381	0.0094492450429312	221	1	0.178129223181413	0.80461372852737
metabat_SRR11413619.62	gender	male	-0.0171581669005217	0.00993289958806905	221	1	0.0855182805820871	0.80461372852737
metabat_SRR16168942.19	gender	male	-0.0171480002647818	0.00990782767448918	221	1	0.0849249187503264	0.80461372852737
maxbin_SRR5930536.008	age	age	-0.0100796114313493	0.00455269606859016	221	1	0.0278724968427522	0.80461372852737
maxbin_SRR5930536.008	gender	male	-0.0124965295457492	0.00982801322351981	221	1	0.204905803050687	0.80461372852737
semibin_ERR6279624.11	age	age	0.0065731452070953	0.00459722284372324	221	1	0.154210973597271	0.80461372852737
semibin_ERR6279624.11	response	R	-0.0127525170554975	0.0094069659906215	221	1	0.17662368076028	0.80461372852737
metabat_SRR5930527.53_sub	gender	male	-0.0920547843275524	0.0576931510644547	221	5	0.112049282491669	0.80461372852737
metabat_ERR6279678.10	response	R	-0.0127652104706482	0.0094492450429423	221	1	0.178129223178207	0.80461372852737
semibin_SRR5930529.84	gender	male	-0.0414725874263452	0.0274942405024029	221	3	0.132904161133186	0.80461372852737
semibin_SRR5930529.84	response	R	-0.0348355211434852	0.0261295944747383	221	3	0.183869783535553	0.80461372852737
semibin_SRR5930530.103	gender	male	0.0674093461875763	0.0477716326016085	221	5	0.159663515269764	0.80461372852737
metabat_SRR5930514.57	age	age	0.0506119458927703	0.0276564320643212	221	2	0.0686185347988852	0.80461372852737
semibin_ERR6279618.55	age	age	-0.0102743444174192	0.0045785254854558	221	1	0.0258410637829178	0.80461372852737
maxbin_ERR6279625.039_sub	gender	male	-0.0147164463834153	0.0099487211023582	221	1	0.140529055163545	0.80461372852737
metabat_SRR5930528.105	gender	male	-0.0159573507142032	0.00991722760931256	221	1	0.109059085874422	0.80461372852737
metabat_SRR5930528.105	response	R	-0.0117034908484968	0.00939978889489042	221	1	0.214448066423646	0.80461372852737
semibin_SRR13022285.12	age	age	0.0216499028826445	0.016953330853171	221	4	0.202968949300701	0.80461372852737
maxbin_ERR6279624.026_sub	gender	male	-0.0159573507160621	0.0099172276092901	221	1	0.109059085832757	0.80461372852737
maxbin_ERR6279624.026_sub	response	R	-0.0117034908479165	0.00939978889484312	221	1	0.214448066443975	0.80461372852737
semibin_SRR11413683.27	response	R	-0.0127563254182219	0.00942556123782304	221	1	0.177346380072665	0.80461372852737
semibin_SRR5930527.26	gender	male	-0.0158369894655932	0.00993818510493871	221	1	0.112493555593476	0.80461372852737
semibin_ERR6279657.97	response	R	-0.0127652104719551	0.00944924504301854	221	1	0.178129223137565	0.80461372852737
metabat_ERR6281504.22_sub	age	age	-0.0338133331409327	0.0199927322175296	221	4	0.0922207708522096	0.80461372852737
semibin_SRR16168982.52	age	age	-0.00753761479460947	0.00456972502809516	221	1	0.100508277567389	0.80461372852737
semibin_SRR16168982.52	response	R	-0.0140282688468852	0.00934910873807829	221	1	0.134948638135085	0.80461372852737
metabat_SRR5930506.103	age	age	0.0393976605674268	0.0239702007266	221	3	0.101713870435524	0.80461372852737
maxbin_SRR5930501.007	response	R	-0.0127563254175736	0.00942556123777216	221	1	0.177346380092241	0.80461372852737
maxbin_ERR6279623.016_sub	age	age	-0.0102743444291443	0.00457852548488047	221	1	0.0258410635969321	0.80461372852737
semibin_SRR5930528.150	gender	male	-0.0159573507157102	0.00991722760929539	221	1	0.109059085840684	0.80461372852737
semibin_SRR5930528.150	response	R	-0.0117034908481314	0.00939978889485428	221	1	0.214448066436149	0.80461372852737
maxbin_SRR5930516.008	age	age	-0.0102743444174172	0.00457852548545597	221	1	0.0258410637829593	0.80461372852737
maxbin_SRR5930506.023	age	age	0.00618821936730363	0.00461281939860269	221	1	0.181152803761266	0.80461372852737
semibin_SRR5930517.29	age	age	0.00657314520783132	0.00459722284380526	221	1	0.154210973558695	0.80461372852737
semibin_SRR5930517.29	response	R	-0.0127525170600131	0.00940696599097006	221	1	0.176623680623869	0.80461372852737
maxbin_SRR5930514.050	age	age	0.00736291590472309	0.00460485342591156	221	1	0.11128845111724	0.80461372852737
semibin_SRR5930526.99	age	age	-0.00909419500305158	0.00457701467650552	221	1	0.0481891395528432	0.80461372852737
semibin_SRR5930526.99	response	R	-0.0127613540756766	0.00936493594245276	221	1	0.174400267886822	0.80461372852737
metabat_SRR5930493.1	response	R	-0.0127652104702782	0.00944924504292029	221	1	0.178129223189669	0.80461372852737
semibin_SRR5930504.144	gender	male	-0.0151064690262867	0.00992942340822035	221	1	0.129620375801165	0.80461372852737
metabat_SRR16554656.36	gender	male	-0.0151235294580189	0.00991691489202545	221	1	0.128709298416037	0.80461372852737
metabat_SRR16554656.36	response	R	-0.0119985143856148	0.00942469985837477	221	1	0.204347401341651	0.80461372852737
semibin_SRR16168986.33_sub	age	age	0.00683799841391966	0.00456658460745973	221	1	0.135750979230967	0.80461372852737
semibin_SRR16168986.33_sub	gender	male	-0.0194479411266559	0.00985941923112515	221	1	0.0498259327959603	0.80461372852737
semibin_SRR23364187.35	response	R	-0.0127563254173872	0.00942556123775795	221	1	0.177346380097897	0.80461372852737
semibin_SRR5930507.55	response	R	-0.0127563254163897	0.00942556123768517	221	1	0.17734638012825	0.80461372852737
maxbin_SRR16168920.008	age	age	-0.0106668366885661	0.00456204224048393	221	1	0.0202935097996053	0.80461372852737
semibin_SRR5930528.70_sub	gender	male	-0.0996941718422803	0.0517993258281897	221	2	0.0555878663685916	0.80461372852737
maxbin_SRR5930528.018	gender	male	-0.0159573507146977	0.00991722760930696	221	1	0.109059085863356	0.80461372852737
maxbin_SRR5930528.018	response	R	-0.0117034908483745	0.00939978889487861	221	1	0.214448066427774	0.80461372852737
semibin_SRR16168913.2	response	R	-0.0825311767232778	0.048202601185267	221	2	0.0883003266855213	0.80461372852737
maxbin_SRR5930517.019	age	age	0.00657314520783789	0.00459722284380568	221	1	0.154210973558346	0.80461372852737
maxbin_SRR5930517.019	response	R	-0.0127525170600204	0.00940696599097188	221	1	0.176623680623664	0.80461372852737
metabat_SRR16168918.75	age	age	0.00668720759523236	0.00460034636877996	221	1	0.147499354116759	0.80461372852737
semibin_SRR5930501.104	response	R	-0.012756325417927	0.00942556123779579	221	1	0.1773463800814	0.80461372852737
maxbin_SRR16554666.041	response	R	-0.0129874051706787	0.00946639496489299	221	1	0.171496171635636	0.80461372852737
maxbin_SRR5930518.011	gender	male	-0.0172890202223924	0.00988776954909905	221	1	0.0817877158542585	0.80461372852737
maxbin_SRR5930518.011	response	R	-0.0117014951499859	0.00937193820522453	221	1	0.213171760542535	0.80461372852737
semibin_SRR5930499.76	gender	male	-0.0171581669004304	0.00993289958807135	221	1	0.085518280583794	0.80461372852737
semibin_SRR5930511.38	age	age	-0.00752741814544187	0.00460323431872686	221	1	0.103448612800633	0.80461372852737
semibin_SRR13068851.37	gender	male	-0.0147164463834814	0.00994872110235821	221	1	0.140529055161771	0.80461372852737
maxbin_SRR13068835.016	age	age	-0.00813037197443157	0.00458813646830301	221	1	0.0777907816931505	0.80461372852737
maxbin_SRR13068835.016	response	R	-0.0130438293029106	0.00939882458996489	221	1	0.166616739548669	0.80461372852737
semibin_SRR13068817.24	age	age	-0.0165107573777874	0.01099735629572	221	4	0.134729989213696	0.80461372852737
semibin_SRR13068817.24	gender	male	0.034496643861772	0.0237446754742971	221	4	0.147727167599168	0.80461372852737
semibin_SRR13068817.24	response	R	-0.0640601801225014	0.0225000471115384	221	4	0.00483729921763809	0.80461372852737
metabat_SRR5930528.52_sub	response	R	-0.0870140213299812	0.0512163036203492	221	3	0.0907614429723204	0.80461372852737
metabat_SRR23364192.7	response	R	-0.0127646744163385	0.00945070196033549	221	1	0.178214010490557	0.80461372852737
metabat_SRR20881976.26_sub	response	R	-0.0127635585143126	0.00945052337627137	221	1	0.178243650066855	0.80461372852737
maxbin_SRR5930510.035_sub	response	R	-0.012764343935584	0.00945095760654976	221	1	0.178236898363667	0.80461372852737
metabat_SRR23364231.73	response	R	-0.012760875014041	0.00944391922860084	221	1	0.178032472035555	0.80461372852737
metabat_SRR5930506.121	age	age	0.00618821936620188	0.00461281939848736	221	1	0.181152803827813	0.80461372852737
maxbin_ERR6275668.045	age	age	0.0378919587231461	0.0181208873925269	221	4	0.0376904464663394	0.80461372852737
metabat_SRR5930528.64	gender	male	-0.0159573507137032	0.00991722760931827	221	1	0.109059085885702	0.80461372852737
metabat_SRR5930528.64	response	R	-0.0117034908486219	0.00939978889490243	221	1	0.214448066419295	0.80461372852737
semibin_ERR6279672.16	age	age	0.00971227770123531	0.00458469577146393	221	1	0.0352783901096557	0.80461372852737
maxbin_SRR5930504.022	gender	male	-0.0151064690343971	0.00992942340808887	221	1	0.129620375591368	0.80461372852737
metabat_SRR16168896.62	response	R	-0.0139956649285026	0.00939880447044882	221	1	0.137923617650634	0.80461372852737
metabat_ERR6282383.27_sub	age	age	0.00736291590472156	0.00460485342591196	221	1	0.111288451117326	0.80461372852737
semibin_SRR5930528.6	response	R	-0.0801094675941365	0.0502456622769809	221	3	0.11232009519417	0.80461372852737
semibin_ERR6280899.58	gender	male	-0.0172890198060744	0.00988776955384798	221	1	0.0817877233018235	0.80461372852737
semibin_ERR6280899.58	response	R	-0.0117014952450409	0.00937193821548989	221	1	0.213171757340511	0.80461372852737
maxbin_SRR5930504.047_sub	gender	male	-0.096441349901218	0.0548612247629529	221	4	0.0801846879585458	0.80461372852737
semibin_SRR5930526.86	response	R	-0.0664490253071978	0.0399877575099769	221	3	0.0980115477314578	0.80461372852737
maxbin_SRR5930526.008	age	age	-0.00909419500263797	0.00457701467652272	221	1	0.0481891395636958	0.80461372852737
maxbin_SRR5930526.008	response	R	-0.0127613540766079	0.0093649359425099	221	1	0.174400267858088	0.80461372852737
semibin_SRR5930501.25	age	age	0.0202629802172691	0.0131031112530589	221	2	0.123459187765858	0.80461372852737
metabat_SRR5930526.103	age	age	-0.00909419500296486	0.00457701467650916	221	1	0.0481891395550826	0.80461372852737
metabat_SRR5930526.103	response	R	-0.0127613540758933	0.00936493594246487	221	1	0.174400267880035	0.80461372852737
metabat_SRR5930510.19_sub	response	R	-0.012764343934861	0.00945095760650106	221	1	0.178236898385966	0.80461372852737
metabat_SRR5930528.33	gender	male	-0.0159573507156806	0.00991722760929582	221	1	0.109059085841309	0.80461372852737
metabat_SRR5930528.33	response	R	-0.0117034908481307	0.00939978889485515	221	1	0.214448066436132	0.80461372852737
semibin_SRR5930528.184	gender	male	-0.0159573507181286	0.00991722760926709	221	1	0.109059085786261	0.80461372852737
semibin_SRR5930528.184	response	R	-0.011703490847448	0.00939978889479467	221	1	0.214448066459899	0.80461372852737
semibin_SRR16168896.24_sub	response	R	-0.0139956649285203	0.00939880447045471	221	1	0.137923617650352	0.80461372852737
maxbin_SRR5930501.063	age	age	0.0122889901351125	0.00690263807272218	221	2	0.0764227145042164	0.80461372852737
maxbin_SRR5930501.063	response	R	-0.0270249042678897	0.0141221659882058	221	2	0.0569836199670934	0.80461372852737
metabat_SRR5930514.13_sub	age	age	0.00736291590546085	0.00460485342600675	221	1	0.111288451088934	0.80461372852737
maxbin_SRR5930516.039_sub	age	age	-0.0102743444291308	0.00457852548488129	221	1	0.0258410635971733	0.80461372852737
maxbin_SRR13068836.049	age	age	-0.00813037197443166	0.00458813646830301	221	1	0.0777907816931454	0.80461372852737
maxbin_SRR13068836.049	response	R	-0.0130438293029106	0.00939882458996489	221	1	0.166616739548668	0.80461372852737
maxbin_ERR6282137.024	age	age	0.0073629159052469	0.00460485342597862	221	1	0.111288451097064	0.80461372852737
metabat_SRR5930506.46	age	age	0.00618821936619653	0.0046128193984862	221	1	0.181152803828086	0.80461372852737
semibin_SRR5930501.87	response	R	-0.0127563254183543	0.00942556123783324	221	1	0.177346380068703	0.80461372852737
semibin_SRR5930520.106	response	R	-0.012764674416891	0.00945070196037167	221	1	0.178214010473451	0.80461372852737
semibin_ERR6279624.33	age	age	0.00668720759412005	0.00460034636871912	221	1	0.147499354178508	0.80461372852737
maxbin_SRR5930520.005	response	R	-0.0127646743401303	0.00945070195533522	221	1	0.178214012840504	0.80461372852737
metabat_SRR13068816.46	age	age	-0.0102743444291458	0.00457852548488042	221	1	0.0258410635969414	0.80461372852737
semibin_SRR5930498.139	age	age	0.0143831096463413	0.0114730406712016	221	2	0.21132677999286	0.80461372852737
metabat_SRR20881975.20	gender	male	-0.0159573507065133	0.00991722760939968	221	1	0.109059086047209	0.80461372852737
metabat_SRR20881975.20	response	R	-0.0117034908503423	0.0093997888950738	221	1	0.21444806636057	0.80461372852737
semibin_SRR5930528.96_sub	gender	male	-0.0159573507142065	0.0099172276093124	221	1	0.10905908587436	0.80461372852737
semibin_SRR5930528.96_sub	response	R	-0.0117034908484821	0.00939978889489007	221	1	0.214448066424148	0.80461372852737
semibin_SRR5930510.14_sub	response	R	-0.0127643439345344	0.0094509576064896	221	1	0.178236898396484	0.80461372852737
metabat_SRR13068843.1	age	age	0.00657314520683918	0.00459722284369593	221	1	0.154210973610836	0.80461372852737
metabat_SRR13068843.1	response	R	-0.0127525170539129	0.00940696599050543	221	1	0.176623680808411	0.80461372852737
maxbin_SRR5930526.025	age	age	-0.00909419500288348	0.00457701467651247	221	1	0.0481891395572247	0.80461372852737
maxbin_SRR5930526.025	response	R	-0.0127613540760552	0.00936493594247588	221	1	0.174400267875071	0.80461372852737
maxbin_SRR13068833.023	age	age	-0.0102743444178166	0.00457852548543592	221	1	0.0258410637765894	0.80461372852737
metabat_SRR23364197.77_sub	age	age	0.00736291590471286	0.00460485342591046	221	1	0.11128845111764	0.80461372852737
maxbin_SRR5930506.066	age	age	0.00618821936702837	0.00461281939857347	221	1	0.181152803777901	0.80461372852737
metabat_SRR13022359.15	age	age	0.0203221242509719	0.011658794787824	221	2	0.0827444279859458	0.80461372852737
metabat_SRR13022359.15	gender	male	-0.0389942990839743	0.0251711547327783	221	2	0.122804852781352	0.80461372852737
metabat_SRR13022359.15	response	R	-0.0431352783302657	0.0238513663575589	221	2	0.0719187641452432	0.80461372852737
semibin_SRR16168913.53	response	R	-0.0139802290070506	0.00940942339659242	221	1	0.13879955397767	0.80461372852737
semibin_SRR23364171.10_sub	response	R	-0.0127646744173336	0.00945070196038877	221	1	0.178214010459275	0.80461372852737
metabat_SRR5930501.45	response	R	-0.0127563254177525	0.00942556123778509	221	1	0.177346380086864	0.80461372852737
metabat_SRR13068847.1	response	R	-0.0127646744177851	0.00945070196042115	221	1	0.178214010445423	0.80461372852737
metabat_SRR23364213.78_sub	response	R	-0.0276938593169568	0.0144789732125665	221	2	0.0571096168711501	0.80461372852737
maxbin_SRR13022287.006_sub	response	R	-0.0127635585376084	0.00945052337782282	221	1	0.178243649349512	0.80461372852737
semibin_SRR5930504.110	gender	male	-0.0151064690258267	0.0099294234082256	221	1	0.129620375813024	0.80461372852737
metabat_SRR16554652.33	age	age	0.00777751047617917	0.00458530471948756	221	1	0.0912855027792729	0.80461372852737
metabat_SRR16554652.33	gender	male	-0.0179617499670529	0.00988358445009128	221	1	0.0705456398347237	0.80461372852737
metabat_SRR5930504.14_sub	gender	male	-0.0151064690264104	0.00992942340821738	221	1	0.129620375797932	0.80461372852737
metabat_SRR5930499.34	gender	male	-0.0171581669005888	0.00993289958806866	221	1	0.0855182805808677	0.80461372852737
semibin_SRR5930518.15	gender	male	-0.0172890198058082	0.00988776955385314	221	1	0.0817877233066395	0.80461372852737
semibin_SRR5930518.15	response	R	-0.0117014952452817	0.00937193821550105	221	1	0.213171757331616	0.80461372852737
metabat_SRR5930499.2	gender	male	-0.0171581669002995	0.00993289958807286	221	1	0.0855182805862361	0.80461372852737
metabat_SRR16168918.66	age	age	0.00668720759402267	0.00460034636871491	221	1	0.147499354184001	0.80461372852737
maxbin_SRR5930516.050	age	age	-0.0102743444173301	0.00457852548545996	221	1	0.0258410637843168	0.80461372852737
semibin_SRR5930505.85	age	age	0.00971227770121471	0.00458469577146149	221	1	0.0352783901099631	0.80461372852737
semibin_SRR5930505.71	age	age	0.00971227770122397	0.00458469577146393	221	1	0.0352783901098705	0.80461372852737
maxbin_SRR5930520.046	response	R	-0.0127646744171708	0.00945070196038456	221	1	0.178214010464591	0.80461372852737
maxbin_SRR5930531.045_sub	age	age	-0.00595841450934074	0.00461389699801173	221	1	0.197937979721384	0.80461372852737
maxbin_SRR23364189.018	gender	male	-0.0158369894646594	0.00993818510495492	221	1	0.112493555615102	0.80461372852737
semibin_SRR23364175.28	gender	male	-0.0172890198039289	0.00988776955387401	221	1	0.0817877233402626	0.80461372852737
semibin_SRR23364175.28	response	R	-0.0117014952456727	0.00937193821554617	221	1	0.213171757318701	0.80461372852737
semibin_SRR11413683.194	response	R	-0.100252155930987	0.0805703509073743	221	5	0.214738455538468	0.804821421869847
semibin_SRR11413689.110	age	age	0.0931998735345949	0.0749529727222042	221	25	0.215045710057411	0.804958073318276
semibin_SRR8387676.49	response	R	-0.0936700040210576	0.0753109483547365	221	7	0.214933966518758	0.804958073318276
metabat_SRR13068842.58_sub	gender	male	0.0548189390145048	0.0440890033893902	221	5	0.215073491152423	0.804958073318276
semibin_SRR11413687.181	gender	male	-0.0823514442782343	0.0663010242786444	221	5	0.215546259474813	0.805981574957136
metabat_SRR6000874.22_sub	gender	male	-0.0677146522624594	0.0545047458198226	221	6	0.215454127112479	0.805981574957136
metabat_SRR16554662.30_sub	age	age	-0.157614600080152	0.127310063805735	221	65	0.217045418688391	0.806048907784021
semibin_ERR6229432.91	gender	male	0.193120027329508	0.156334450619319	221	9	0.218054426637868	0.806048907784021
semibin_ERR2162223.3	response	R	0.206155466211265	0.167928972986281	221	20	0.220915640244022	0.806048907784021
semibin_SRR16554780.22	gender	male	0.156113709428811	0.126953417270339	221	18	0.220143719925194	0.806048907784021
maxbin_SRR5930533.002	response	R	0.0812932699452535	0.0655295450276895	221	9	0.216119451634979	0.806048907784021
semibin_ERR12405986.41	gender	male	0.0489046845710725	0.0395258769991833	221	8	0.217330422485062	0.806048907784021
semibin_SRR5930494.37	gender	male	-0.162471930003233	0.13086561475243	221	17	0.215754989604267	0.806048907784021
semibin_SRR8387712.32	age	age	-0.042598592711708	0.0345815860936635	221	10	0.219355425575439	0.806048907784021
metabat_SRR16554780.25	age	age	0.0769413716591986	0.0626028689863447	221	11	0.220388243255728	0.806048907784021
metabat_SRR16554626.8	response	R	0.115368651907002	0.0939885207138606	221	8	0.220973651608396	0.806048907784021
semibin_SRR5930519.20	gender	male	-0.145154346251188	0.11804699507808	221	13	0.220181017213849	0.806048907784021
metabat_SRR6000949.15_sub	age	age	0.0556402277632487	0.044908629983036	221	9	0.21670484112863	0.806048907784021
maxbin_ERR12406001.019	age	age	0.01648389748436	0.0133381522597844	221	2	0.217852769511586	0.806048907784021
semibin_ERR12405979.55	age	age	0.0134201538371458	0.0108909518923067	221	2	0.219212643886167	0.806048907784021
semibin_SRR25825510.41_sub	age	age	-0.0869075606415187	0.0707605637540119	221	57	0.220723340224881	0.806048907784021
semibin_SRR25825500.25	response	R	-0.0628067116626988	0.0510553026240927	221	4	0.219965309726574	0.806048907784021
semibin_ERR6267712.36	gender	male	0.170234647795654	0.138644131076144	221	19	0.220848347806881	0.806048907784021
semibin_SRR25825499.74	gender	male	0.0694874875767432	0.0564771076447251	221	6	0.219902157305818	0.806048907784021
metabat_SRR13022427.3_sub	response	R	0.0877131666463655	0.0709701449810589	221	7	0.217825835937403	0.806048907784021
semibin_SRR20881987.25	gender	male	0.178198346901595	0.145184057955372	221	32	0.221020676201911	0.806048907784021
maxbin_SRR5930519.002	age	age	0.0429576523360975	0.0348768355525568	221	5	0.219400701847351	0.806048907784021
semibin_ERR12405973.28	age	age	0.00562275612471316	0.00458083995760374	221	1	0.220984918721475	0.806048907784021
metabat_ERR6275652.5	age	age	0.0104513121652187	0.0084654417202999	221	2	0.218319999563992	0.806048907784021
semibin_SRR25825494.13	gender	male	0.054810516768519	0.0445948829073958	221	6	0.220385038986239	0.806048907784021
semibin_SRR5930498.62_sub	gender	male	0.181362528557786	0.146751672344747	221	33	0.217869283078077	0.806048907784021
semibin_ERR6275666.11	age	age	0.0105209141725924	0.00852254836614551	221	2	0.218359291217435	0.806048907784021
semibin_SRR11413608.52	gender	male	-0.0500632896677351	0.0405922050087281	221	2	0.218790228926324	0.806048907784021
semibin_SRR16554750.26	gender	male	0.116719308243342	0.0945786422966565	221	7	0.218501264110571	0.806048907784021
semibin_ERR12405979.43_sub	age	age	0.0463544582075158	0.0377863004635626	221	7	0.221244878249323	0.806048907784021
semibin_SRR13068829.41	gender	male	0.0528513510761138	0.0429594566750629	221	6	0.219941890412553	0.806048907784021
metabat_SRR16554757.15_sub	gender	male	-0.0658766507771129	0.0532100819161388	221	2	0.217035921463865	0.806048907784021
metabat_ERR6279666.8	response	R	-0.106993155513437	0.0867980901080392	221	6	0.219033761716065	0.806048907784021
semibin_ERR6279622.41	gender	male	0.0571742818165578	0.046251869393306	221	4	0.21773891444746	0.806048907784021
maxbin_SRR25825517.009_sub	gender	male	0.0494247591345958	0.0400459715039686	221	4	0.218464827096154	0.806048907784021
semibin_SRR11413649.35	age	age	0.0195699063877516	0.0158523564334547	221	2	0.218347758495937	0.806048907784021
maxbin_SRR16554628.012	age	age	0.0413156490052061	0.0335707084105393	221	8	0.219765434421379	0.806048907784021
metabat_ERR12406002.23	age	age	0.00562275609287605	0.00458083995358064	221	1	0.220984920922387	0.806048907784021
metabat_SRR11413655.33	age	age	0.0303437243455128	0.0245520510869173	221	6	0.217846048330692	0.806048907784021
maxbin_SRR16554671.015_sub	response	R	0.0699292809184194	0.0567924649991988	221	4	0.219538735637017	0.806048907784021
semibin_ERR6275652.61	age	age	0.0257370599500712	0.020862867184684	221	2	0.218679703616112	0.806048907784021
semibin_SRR11413648.87_sub	response	R	-0.048194907387294	0.0388572706239807	221	4	0.21620163295498	0.806048907784021
metabat_SRR6000949.29	response	R	0.0461256609908625	0.0371864754599729	221	3	0.216173188376179	0.806048907784021
semibin_SRR11413618.43_sub	gender	male	-0.0735225969995934	0.0599245616070942	221	3	0.221182438640517	0.806048907784021
metabat_ERR6231475.22_sub	gender	male	0.0537538443521599	0.0433779332165122	221	5	0.216611215289687	0.806048907784021
metabat_SRR16554758.22	response	R	-0.0656251694184615	0.0534801769860496	221	2	0.221117127844647	0.806048907784021
semibin_SRR11413678.51	gender	male	-0.109795152374562	0.0888009658168847	221	12	0.217640775592878	0.806048907784021
maxbin_ERR6281448.022	gender	male	0.0494873777257061	0.0400215392849159	221	5	0.217602926143238	0.806048907784021
metabat_ERR12405946.17	age	age	0.00562275612450542	0.00458083995757714	221	1	0.220984918735834	0.806048907784021
metabat_ERR6232382.25	age	age	0.00562275609288429	0.00458083995358078	221	1	0.220984920921706	0.806048907784021
metabat_SRR20881980.24_sub	age	age	0.0056227560928889	0.00458083995358305	221	1	0.220984920921567	0.806048907784021
maxbin_SRR5930518.004	age	age	0.00562275609287646	0.00458083995358267	221	1	0.220984920922589	0.806048907784021
maxbin_SRR13068844.013_sub	age	age	0.00562275612446644	0.00458083995757223	221	1	0.220984918738522	0.806048907784021
semibin_ERR6279666.39	response	R	-0.0315313099842943	0.025663524382892	221	3	0.22054468542485	0.806048907784021
maxbin_SRR5930518.011	age	age	0.0056227560928858	0.00458083995358316	221	1	0.220984920921863	0.806048907784021
semibin_ERR6280899.58	age	age	0.00562275612430938	0.00458083995755488	221	1	0.220984918749621	0.806048907784021
semibin_SRR5930518.15	age	age	0.00562275612436124	0.00458083995755919	221	1	0.220984918745751	0.806048907784021
semibin_SRR23364175.28	age	age	0.00562275612449943	0.00458083995757665	221	1	0.220984918736263	0.806048907784021
metabat_SRR11413655.33	gender	male	-0.0649959627875225	0.0530119898198989	221	6	0.221516137894557	0.80667380607437
semibin_ERR6281504.148	response	R	0.291220435295414	0.237785100042729	221	25	0.222018439278257	0.806959243900631
maxbin_ERR6233693.010_sub	gender	male	0.148030073139217	0.120915224220136	221	29	0.222201802673115	0.806959243900631
semibin_ERR12405972.8	gender	male	-0.0892776469535446	0.0729147988122541	221	11	0.222125205962671	0.806959243900631
metabat_SRR5930528.116	gender	male	-0.172831023122628	0.141148515114684	221	14	0.222121656345695	0.806959243900631
metabat_SRR5930527.17	response	R	0.0787153529419584	0.0643118021755692	221	5	0.222292927226831	0.806959243900631
semibin_SRR5930527.76	gender	male	-0.0331776558582873	0.0270781184699355	221	2	0.22180723931528	0.806959243900631
semibin_SRR23364199.80	gender	male	-0.0328080399425845	0.0267933584734294	221	2	0.222102854906836	0.806959243900631
maxbin_ERR12405911.018	gender	male	0.076578268091785	0.0626053704630276	221	6	0.222584571695027	0.807655457994337
metabat_ERR6279651.8	age	age	0.0901401421992323	0.0742347739847035	221	14	0.225969125627287	0.808263890501797
semibin_SRR11413649.182	gender	male	0.268683239808675	0.220334666879398	221	17	0.224015186806754	0.808263890501797
semibin_ERR6232458.16	gender	male	0.257220841321288	0.211512916009844	221	51	0.225284390030256	0.808263890501797
metabat_SRR23364211.18	response	R	0.159645747491238	0.130999158539162	221	9	0.224289762520718	0.808263890501797
semibin_ERR12405961.23	gender	male	0.146425688862013	0.120558082968156	221	6	0.225855089531056	0.808263890501797
metabat_SRR11413656.75	gender	male	0.198148189739264	0.163095418948329	221	9	0.22571618640882	0.808263890501797
metabat_SRR11413656.75	response	R	0.189432207546305	0.155000359345622	221	9	0.222980381115868	0.808263890501797
metabat_SRR11413618.29_sub	response	R	0.187357270620226	0.153831658775786	221	9	0.224570539508014	0.808263890501797
metabat_SRR25825507.13_sub	age	age	-0.0969104275569911	0.079971995516623	221	28	0.226917949428125	0.808263890501797
metabat_SRR16554711.16	age	age	0.108816928810847	0.0898575025203297	221	33	0.227214784614291	0.808263890501797
metabat_SRR11413619.66	response	R	0.11486916745458	0.0949423660366617	221	13	0.227641239555084	0.808263890501797
maxbin_SRR16554654.005	age	age	-0.0599213503568832	0.0492906993860758	221	9	0.225430558534747	0.808263890501797
maxbin_SRR16554654.005	gender	male	0.129136035577878	0.106245673906005	221	9	0.225516171941771	0.808263890501797
maxbin_SRR8387707.003	gender	male	-0.011827716833861	0.00978006956759498	221	1	0.227848871209705	0.808263890501797
metabat_ERR6281944.25	age	age	-0.0401770962780305	0.0331852480755588	221	6	0.227330658914326	0.808263890501797
metabat_SRR16554671.17_sub	response	R	0.127111959915719	0.104826472523471	221	8	0.226603527334884	0.808263890501797
semibin_SRR20881984.27	age	age	0.0503786640958091	0.0414150568842397	221	13	0.2251452793289	0.808263890501797
maxbin_SRR11413688.023_sub	gender	male	0.149043607131422	0.122671808204691	221	10	0.225695167472402	0.808263890501797
maxbin_SRR23364202.021	response	R	-0.0113952554301128	0.00939615245891603	221	1	0.226550648539638	0.808263890501797
maxbin_SRR16554735.011	response	R	-0.0113952554301201	0.00939615245891652	221	1	0.22655064853926	0.808263890501797
metabat_ERR2162221.41	response	R	0.0368398993847482	0.030459767936726	221	2	0.22781058767088	0.808263890501797
maxbin_SRR20881976.003	age	age	0.0327063100857038	0.0268752690506316	221	5	0.224942543757298	0.808263890501797
metabat_SRR25825496.19	response	R	0.0355840919439976	0.0291869261221619	221	2	0.22410870570319	0.808263890501797
semibin_ERR6271721.5_sub	response	R	-0.0113551176205743	0.00938273780334698	221	1	0.227523200441714	0.808263890501797
maxbin_SRR11413648.001	response	R	0.027823845426415	0.0229494178235029	221	3	0.226678100742819	0.808263890501797
metabat_ERR6279619.19_sub	age	age	-0.055927162047559	0.0458344999127151	221	35	0.223731635953863	0.808263890501797
semibin_SRR6000908.42_sub	age	age	0.0388005071243392	0.0317511755286235	221	8	0.223026596203005	0.808263890501797
metabat_SRR16554653.16	age	age	0.0635434639401975	0.0521665624806368	221	6	0.224514368883453	0.808263890501797
maxbin_ERR6281500.022	age	age	0.0689288588568239	0.0564931812803306	221	20	0.223755622752843	0.808263890501797
metabat_ERR6254870.14	gender	male	-0.0937381256386946	0.0771629275605321	221	5	0.225771456571496	0.808263890501797
semibin_SRR16554723.44	gender	male	-0.0663561235049568	0.054845699305342	221	5	0.227645412234596	0.808263890501797
metabat_SRR11413654.23	gender	male	-0.0543881703616802	0.0449236022361059	221	4	0.22734011687176	0.808263890501797
maxbin_ERR6279625.013_sub	gender	male	-0.0596312061263581	0.0492161321078022	221	6	0.226988296114809	0.808263890501797
maxbin_SRR16554632.002	age	age	-0.023821240227384	0.0195290968972181	221	4	0.223872391830462	0.808263890501797
semibin_ERR6279672.17	age	age	0.0737514200898303	0.0608339273742663	221	20	0.226714872812559	0.808263890501797
semibin_SRR5930533.15	gender	male	0.0798913390905492	0.0656993239393169	221	6	0.225302223651961	0.808263890501797
metabat_SRR5930495.2	response	R	0.028597358085988	0.0234945855674564	221	3	0.224854252466955	0.808263890501797
maxbin_SRR16554718.002	response	R	-0.0545925258156475	0.0448386400146312	221	2	0.224723789247421	0.808263890501797
maxbin_SRR5930517.014_sub	gender	male	0.051782614975251	0.0425350433777469	221	6	0.224770233720072	0.808263890501797
semibin_ERR12406001.48	gender	male	0.0519158322243439	0.0429216835724674	221	4	0.22776882687742	0.808263890501797
metabat_SRR11413611.38	age	age	-0.016945306734878	0.0138686265513837	221	5	0.223092024296762	0.808263890501797
semibin_ERR6279622.41	response	R	-0.0534281346959466	0.0439562093319153	221	4	0.225501708458054	0.808263890501797
semibin_SRR13022450.11	gender	male	0.0588786965693951	0.0485877693224493	221	4	0.226906503061143	0.808263890501797
maxbin_ERR12405968.007_sub	gender	male	0.0624510377519407	0.0516220295109047	221	6	0.22769129365395	0.808263890501797
metabat_SRR6000932.51	gender	male	0.0203498805243999	0.0167023214447578	221	2	0.224400164416566	0.808263890501797
metabat_SRR5930501.19_sub	gender	male	-0.0501031948143363	0.0411140313947022	221	2	0.224304109256377	0.808263890501797
semibin_SRR5930526.3	gender	male	0.0754683898751895	0.0623371806374044	221	3	0.227354197277782	0.808263890501797
semibin_ERR6275668.67	gender	male	0.049221678484025	0.0403514570934142	221	4	0.223855883138453	0.808263890501797
semibin_SRR5930528.78	response	R	0.131232645025224	0.108230668154725	221	10	0.226629001879283	0.808263890501797
semibin_SRR16168940.67	age	age	0.038987155532211	0.0319745962068609	221	3	0.224049965066682	0.808263890501797
maxbin_SRR5930505.021_sub	age	age	0.0309308804871914	0.0255000227053935	221	5	0.226467057170082	0.808263890501797
metabat_SRR11413618.29_sub	gender	male	0.195498565232026	0.161865681740834	221	9	0.22844555317346	0.808549433490105
semibin_SRR13022464.9	gender	male	0.165653152630187	0.137059288966822	221	27	0.228122663125791	0.808549433490105
semibin_SRR25825511.42	response	R	-0.0113057074727361	0.009355891864257	221	1	0.228216533102771	0.808549433490105
metabat_ERR6279667.15	gender	male	-0.0639648180754618	0.0529475316502654	221	2	0.228331671989971	0.808549433490105
maxbin_ERR12405948.006	gender	male	0.0574274678798549	0.0475564203986185	221	5	0.228529179643716	0.808549433490105
maxbin_ERR6282383.014	response	R	-0.0313165582201882	0.0259246115096859	221	3	0.228375879609182	0.808549433490105
semibin_SRR20881988.7	age	age	0.166056109772389	0.137898336486882	221	33	0.229827102828524	0.808773570818155
semibin_SRR5930506.72	gender	male	0.159810222117954	0.13253337657906	221	6	0.229210491380197	0.808773570818155
metabat_ERR6275676.3	age	age	0.0753156521869992	0.0626408502514964	221	19	0.23054184581489	0.808773570818155
semibin_SRR16554744.30	gender	male	-0.135486196608504	0.112812625351816	221	7	0.231066528441895	0.808773570818155
metabat_ERR6232524.33_sub	response	R	0.114233967508801	0.0947677135019541	221	13	0.229358908652205	0.808773570818155
maxbin_ERR2162201.001	response	R	0.0460434259885394	0.0382012022522726	221	2	0.229417730426915	0.808773570818155
semibin_SRR25825497.63	age	age	-0.0219287428980839	0.0182594549334322	221	4	0.231086026305192	0.808773570818155
metabat_ERR12405944.28_sub	age	age	0.0173421690741629	0.0144199150683421	221	2	0.230421468178493	0.808773570818155
metabat_SRR11413645.3	age	age	0.0324559186844676	0.0270222248910243	221	7	0.231028591915713	0.808773570818155
semibin_ERR12405967.93	age	age	0.0240903117459187	0.0200555908435484	221	4	0.230992009556787	0.808773570818155
semibin_SRR16554759.10_sub	response	R	0.255427606551595	0.211771243883048	221	19	0.229073553925228	0.808773570818155
metabat_ERR6281434.55	response	R	0.0579966286887315	0.0482594787558792	221	3	0.230763860041214	0.808773570818155
maxbin_SRR16554719.004	gender	male	-0.0119347575973875	0.00988982126448371	221	1	0.228833913799155	0.808773570818155
semibin_SRR25825499.74	response	R	0.0643918186513238	0.0535205197293049	221	6	0.230247450501053	0.808773570818155
semibin_ERR6279627.7	gender	male	-0.0234374668957759	0.019479688141501	221	2	0.230224556125719	0.808773570818155
metabat_SRR11413685.37	age	age	0.06069131396724	0.0504879416115793	221	9	0.230639563855902	0.808773570818155
maxbin_SRR16554767.011	response	R	0.0916576745422667	0.076197910805396	221	7	0.230329829022695	0.808773570818155
maxbin_SRR5930494.003	gender	male	0.0971757106323293	0.0808279462945577	221	5	0.230575460536391	0.808773570818155
maxbin_SRR25825514.018_sub	gender	male	0.0522885349053032	0.0433901106784512	221	4	0.229485228079753	0.808773570818155
maxbin_ERR12405976.034_sub	gender	male	0.0525825408770013	0.0436588416218044	221	4	0.22974858571215	0.808773570818155
maxbin_SRR5930502.001	gender	male	0.0517565033281671	0.0430191983562615	221	4	0.230256970933728	0.808773570818155
semibin_ERR6279628.83_sub	age	age	0.0185692889488018	0.0154407991856578	221	3	0.230437401058827	0.808773570818155
metabat_SRR16168942.20	gender	male	-0.0767431839195041	0.063799338641495	221	3	0.230334966970779	0.808773570818155
maxbin_SRR16554633.015_sub	age	age	0.0163382584792574	0.0136048146688582	221	3	0.231092448338372	0.808773570818155
maxbin_SRR16168896.020_sub	response	R	-0.03922281132034	0.032640661945134	221	2	0.230813312695367	0.808773570818155
metabat_SRR16168926.8	gender	male	0.114724650520882	0.0955733803263564	221	8	0.231310072772059	0.809185064264885
metabat_SRR25825493.27	gender	male	0.251444577769881	0.210179170596441	221	29	0.232887893008308	0.809362537260993
maxbin_SRR16554647.003	response	R	-0.293761236792195	0.245771108603894	221	38	0.233288708332592	0.809362537260993
maxbin_SRR5930518.019_sub	gender	male	0.319129233538675	0.266354087597401	221	41	0.232178643359286	0.809362537260993
metabat_SRR13068832.4	response	R	0.21381548763067	0.178248257636835	221	47	0.231642529875994	0.809362537260993
semibin_SRR23364176.2	gender	male	0.095508584951654	0.0799454790675978	221	8	0.233519535093774	0.809362537260993
metabat_ERR6275652.12_sub	response	R	0.149585907966192	0.125059104796135	221	17	0.232954388428929	0.809362537260993
semibin_SRR16554652.37	response	R	0.130925651846625	0.109185866931373	221	11	0.231793673566607	0.809362537260993
metabat_SRR25825510.42_sub	response	R	0.0534922640704842	0.044708690546823	221	3	0.232821782188061	0.809362537260993
semibin_SRR11413609.1	gender	male	0.0407614018611874	0.0340344344496423	221	4	0.232371056068439	0.809362537260993
metabat_ERR6281432.36	response	R	-0.0412040341497041	0.0343555838359698	221	2	0.231708947462864	0.809362537260993
maxbin_SRR16554774.005	age	age	0.00551965400742428	0.00462065180923489	221	1	0.233562334564918	0.809362537260993
maxbin_SRR11413685.021	gender	male	0.0618447896761979	0.0515918725350089	221	4	0.231939897841711	0.809362537260993
maxbin_SRR13022272.005	gender	male	0.0545128441205599	0.0455402069627865	221	4	0.232605634192469	0.809362537260993
semibin_SRR5930504.132	response	R	-0.0362330714700176	0.0303010382186636	221	4	0.233091366846128	0.809362537260993
semibin_SRR5930504.107	age	age	-0.0499978952943227	0.0417203577391435	221	7	0.232072694154905	0.809362537260993
semibin_SRR13068834.35	response	R	-0.0407524042427119	0.0340635062404977	221	2	0.232864781981743	0.809362537260993
maxbin_SRR6000947.039	gender	male	-0.0511975539827588	0.0427643644389043	221	4	0.232534284479187	0.809362537260993
semibin_SRR6000946.68	gender	male	0.0530779563160431	0.0443647888031359	221	4	0.232851659359392	0.809362537260993
metabat_ERR12405931.15	age	age	0.00551965400741531	0.00462065180923489	221	1	0.233562334565672	0.809362537260993
metabat_SRR13022423.1	gender	male	0.0635242305951927	0.0529479865128106	221	6	0.231555239677885	0.809362537260993
metabat_SRR23364174.33	age	age	0.00551965400742543	0.00462065180923489	221	1	0.233562334564821	0.809362537260993
semibin_SRR13068829.87	age	age	0.00551965400742116	0.00462065180923488	221	1	0.233562334565172	0.809362537260993
metabat_SRR25825507.13_sub	gender	male	0.206201677081873	0.172670507900241	221	28	0.233719696731866	0.809560988080228
metabat_SRR13068853.24	response	R	0.236162578614836	0.197835233787919	221	47	0.233901070011018	0.809842403360066
metabat_SRR6000947.37_sub	response	R	0.187922800283556	0.157534451633595	221	58	0.234228462018757	0.810156910120885
semibin_SRR5930528.71	gender	male	-0.070662867232074	0.0592286402978706	221	7	0.234162469121411	0.810156910120885
metabat_ERR12405940.22	gender	male	0.0612365141612198	0.0513453436698576	221	5	0.234317222195641	0.810156910120885
semibin_SRR5930495.0_sub	response	R	0.0878022353658438	0.0736308725533877	221	9	0.234392577853965	0.810156910120885
metabat_SRR23364211.18	gender	male	0.164019592798573	0.137840729750713	221	9	0.235377631642224	0.810539702535537
semibin_ERR12405959.9	age	age	0.0708987373706364	0.059586248619748	221	13	0.235405262272005	0.810539702535537
semibin_ERR12405961.27	gender	male	-0.0542575319413359	0.0455603103897799	221	2	0.234995958297228	0.810539702535537
maxbin_SRR13068842.001	age	age	0.00548864017170402	0.00460616895711472	221	1	0.23472575049448	0.810539702535537
semibin_SRR5930508.186	age	age	0.0263795226339596	0.0221540796842734	221	3	0.235060574351708	0.810539702535537
metabat_SRR16554652.47	age	age	0.0364064247573957	0.0305843619394863	221	7	0.235211873460768	0.810539702535537
semibin_SRR16554636.22	gender	male	-0.0914729263525719	0.076814917674452	221	3	0.235024275690669	0.810539702535537
metabat_SRR16554779.19	response	R	-0.0527589799370456	0.0443262223051789	221	2	0.23525135359685	0.810539702535537
semibin_SRR5930530.103	age	age	-0.0263631940143095	0.0221253217202159	221	5	0.234751894497079	0.810539702535537
metabat_ERR6279652.5	response	R	0.163041398110105	0.137222727673206	221	57	0.236089661374527	0.810568948054486
semibin_ERR12405961.23	age	age	0.0663955442101215	0.0558864961584206	221	6	0.236115287044556	0.810568948054486
semibin_SRR6000944.44	gender	male	-0.275419453816189	0.231756250442537	221	28	0.235987791772889	0.810568948054486
semibin_ERR6279657.86	gender	male	0.0605037796431645	0.0509168859472305	221	4	0.236025447674355	0.810568948054486
semibin_SRR13068840.28	response	R	0.0769524138201397	0.0646905247088462	221	10	0.235534720895675	0.810568948054486
metabat_SRR16168929.12	gender	male	0.0970589624691815	0.0816442742724913	221	5	0.235817664851795	0.810568948054486
semibin_SRR5930531.137	age	age	-0.025354543256857	0.0213373398461128	221	4	0.236028315042086	0.810568948054486
metabat_ERR12405918.3	gender	male	-0.303110142475353	0.255428768589623	221	50	0.236654595275427	0.810683575360368
metabat_ERR6275679.20	age	age	-0.053168031779612	0.0448029539003571	221	12	0.236640311164325	0.810683575360368
semibin_SRR5930536.61_sub	response	R	-0.147677258682545	0.124339212272803	221	14	0.236262512329468	0.810683575360368
maxbin_SRR20881983.026_sub	response	R	-0.157072173077924	0.132323538760392	221	17	0.236519491118063	0.810683575360368
semibin_SRR13068843.42_sub	age	age	-0.0742842152296613	0.0625782456518596	221	26	0.236518017402949	0.810683575360368
semibin_SRR20881974.45_sub	response	R	-0.020425762391211	0.0172158469304068	221	3	0.236750074802323	0.810683575360368
semibin_ERR6279619.6	gender	male	0.0941623261119844	0.0794343135470267	221	8	0.23715138171315	0.810924888564474
maxbin_SRR16554751.004	age	age	-0.0462988842012912	0.039071479917945	221	5	0.237321860933742	0.810924888564474
semibin_SRR16554649.27	age	age	-0.00545238703720996	0.00460073644085613	221	1	0.237269478755008	0.810924888564474
semibin_SRR16168900.48	gender	male	-0.119430083396116	0.100746365485826	221	8	0.237141756215648	0.810924888564474
semibin_SRR16554649.29	age	age	-0.00545238703721249	0.00460073644085614	221	1	0.237269478754784	0.810924888564474
semibin_SRR23364227.44	response	R	0.0164210703563989	0.0138615182770486	221	2	0.23745739561245	0.811045361365496
semibin_ERR12405947.70	response	R	0.0175614558894807	0.0148287153280783	221	2	0.237601227713895	0.811194060679603
metabat_ERR6232524.33_sub	age	age	0.0547261620692538	0.0462885946953348	221	13	0.23838804700115	0.813536930019116
semibin_SRR5930533.9	response	R	0.504198877450558	0.427748711701905	221	95	0.239799984564537	0.813937902536131
semibin_SRR5930507.29	response	R	-0.382849739086241	0.324831570102378	221	78	0.23985122358487	0.813937902536131
semibin_SRR16554744.40_sub	gender	male	-0.141180214615282	0.119612267583253	221	10	0.239166956311722	0.813937902536131
metabat_SRR11413619.66	age	age	0.054635413245967	0.0463765061581213	221	13	0.240053667339493	0.813937902536131
metabat_SRR11413657.18	gender	male	-0.113214131126555	0.096011248909153	221	10	0.239619463585163	0.813937902536131
metabat_SRR16168938.24_sub	response	R	0.0703551344718661	0.0597350113657482	221	4	0.240173751009207	0.813937902536131
metabat_SRR13068843.68	response	R	0.174514239015886	0.148252771157626	221	48	0.240445893358717	0.813937902536131
maxbin_SRR5930512.005_sub	gender	male	0.0284571816659372	0.0241169643741319	221	2	0.2393150379969	0.813937902536131
metabat_SRR23364174.22	response	R	-0.147145853042432	0.124802231023467	221	15	0.239683636009749	0.813937902536131
metabat_SRR13022427.3_sub	age	age	0.040899124986463	0.034644833216274	221	7	0.239083474036573	0.813937902536131
semibin_SRR16554681.22	gender	male	-0.0116256810655924	0.00987669277884063	221	1	0.240452092188755	0.813937902536131
maxbin_SRR16554776.005_sub	gender	male	0.0919765695809312	0.0781442232430367	221	6	0.240480728873334	0.813937902536131
metabat_ERR6281751.21	age	age	0.0212056719610104	0.0179733817225607	221	4	0.239367100503321	0.813937902536131
maxbin_SRR16554681.010	gender	male	-0.0116256810656543	0.00987669277884063	221	1	0.240452092186264	0.813937902536131
metabat_ERR12406012.50_sub	gender	male	-0.0116256810655311	0.00987669277884063	221	1	0.240452092191233	0.813937902536131
semibin_SRR16554634.69	age	age	0.0365624053960713	0.0310417694510825	221	2	0.24014835901233	0.813937902536131
metabat_SRR13022456.2	gender	male	-0.0116256810655125	0.00987669277884062	221	1	0.240452092191975	0.813937902536131
maxbin_ERR6281586.033	gender	male	0.0522146928647089	0.0443656548644178	221	4	0.240518247658426	0.813937902536131
metabat_SRR5930499.39	age	age	0.0142794993343159	0.0121270844395122	221	2	0.240290543077477	0.813937902536131
metabat_SRR16168976.44	response	R	-0.0365159603739269	0.0309415299064232	221	2	0.239234669896016	0.813937902536131
semibin_SRR16554712.0	response	R	0.057746571402463	0.0490794838269271	221	3	0.240654940578366	0.814059874277635
maxbin_SRR16554701.001	gender	male	0.15587032328011	0.132506110455614	221	6	0.240756065398418	0.814061478654851
semibin_SRR5930494.35	response	R	0.047145806660288	0.0401115657634185	221	3	0.241135965578323	0.815005302798779
semibin_SRR8387683.34_sub	gender	male	-0.0229425045097042	0.0195268882932056	221	2	0.241321438022375	0.81529147482246
semibin_SRR5930502.48	response	R	-0.461899955552632	0.393885699510254	221	101	0.242211818843608	0.815574184349333
metabat_SRR16554760.38	response	R	0.146394791616519	0.124718414481029	221	14	0.241760794927819	0.815574184349333
semibin_SRR11413609.20	age	age	0.00535025501166794	0.00456089361676349	221	1	0.242063384204995	0.815574184349333
metabat_SRR5930509.43	response	R	-0.164815650161049	0.140457904696954	221	24	0.241927601237543	0.815574184349333
semibin_SRR16554652.103	response	R	0.111843579184771	0.0952384903330743	221	10	0.241549995012303	0.815574184349333
semibin_SRR6000899.37	response	R	0.163848997019402	0.139672199318856	221	30	0.242058614936514	0.815574184349333
semibin_SRR13068834.14_sub	gender	male	0.170397893160863	0.145181042671191	221	32	0.241821511149139	0.815574184349333
semibin_ERR6279624.16	gender	male	-0.126880866481078	0.10817241197557	221	16	0.242116464807976	0.815574184349333
metabat_SRR23364191.39_sub	gender	male	0.0803300671581543	0.0685264387740512	221	7	0.242382332821486	0.815808700732493
semibin_SRR13068847.101	gender	male	-0.0602774634324597	0.0514468726823539	221	7	0.242637140810781	0.815987191217294
metabat_SRR6000949.42_sub	gender	male	0.0537110966442279	0.0458357427857442	221	5	0.242560364651204	0.815987191217294
semibin_SRR16554716.24	gender	male	0.341312713332233	0.292555067310551	221	73	0.24462763393079	0.816351216617179
semibin_SRR16168945.59_sub	age	age	-0.11159154922522	0.0956748307181502	221	46	0.24476405790018	0.816351216617179
maxbin_SRR5930506.040	response	R	-0.238419876285475	0.203862843557873	221	20	0.243483554824364	0.816351216617179
metabat_SRR16168975.22	age	age	-0.0759260121104836	0.0650356113503584	221	44	0.244325418108124	0.816351216617179
maxbin_SRR16168909.004_sub	age	age	-0.0538108487639672	0.0460746509244479	221	10	0.244133118816898	0.816351216617179
semibin_SRR6000903.13	age	age	-0.0875890934954444	0.0749106623106217	221	55	0.243604021896774	0.816351216617179
maxbin_SRR5930509.003	response	R	-0.0562555783370233	0.048183073274299	221	2	0.244276387399951	0.816351216617179
semibin_SRR6000947.67	age	age	0.0332484017706999	0.0284156402196016	221	7	0.243266981280497	0.816351216617179
metabat_SRR16554780.7_sub	age	age	0.0357655861830389	0.0306290719848433	221	8	0.244211787396738	0.816351216617179
metabat_SRR25825493.23	gender	male	-0.0652367550618836	0.0559057698672137	221	2	0.244529221908197	0.816351216617179
semibin_SRR13068822.60	gender	male	-0.0651496206921379	0.0558416408391918	221	2	0.244618017330768	0.816351216617179
semibin_ERR12405916.52	age	age	-0.0315673407484504	0.0270644444166169	221	4	0.244742386249826	0.816351216617179
semibin_SRR16554714.52	gender	male	0.0947951882252563	0.0812062750303577	221	6	0.244354908257632	0.816351216617179
semibin_SRR16554754.27	gender	male	-0.0115691493424573	0.00988987111754763	221	1	0.243365580313622	0.816351216617179
metabat_SRR5930532.23_sub	age	age	0.0365389044356642	0.0313159831817366	221	5	0.244586813488723	0.816351216617179
maxbin_ERR6257997.012	response	R	0.0203681097557292	0.0173963136286722	221	2	0.242957724433146	0.816351216617179
semibin_SRR16554715.19	response	R	0.075961864390861	0.0650595760201275	221	6	0.244259975491864	0.816351216617179
maxbin_SRR5930501.008	gender	male	0.0804097768492692	0.0688053503825945	221	7	0.243833987381754	0.816351216617179
semibin_SRR5930507.107	age	age	0.0290284155581181	0.0248857869773496	221	3	0.244710101778292	0.816351216617179
metabat_SRR13022366.10	gender	male	0.0612396272686885	0.0524459913722299	221	4	0.244221160274281	0.816351216617179
semibin_SRR16554775.18	age	age	0.0476569597696828	0.0408726285534594	221	9	0.244899563142501	0.816466474318447
semibin_SRR13068813.2	gender	male	-0.0646504268209537	0.055474291656052	221	2	0.245131527154577	0.816566635760388
metabat_SRR11413606.21	gender	male	-0.0447424039132338	0.0383858639242628	221	3	0.245067126357867	0.816566635760388
semibin_ERR12405918.19	gender	male	-0.0645165077313408	0.0553757563211485	221	2	0.245270692915764	0.816693851092094
semibin_ERR12405937.0_sub	gender	male	-0.0642189340488304	0.0551568277720856	221	2	0.245582085650734	0.817304172986705
semibin_SRR11413647.85	response	R	0.0212931080685596	0.0182910224899968	221	2	0.245656088591825	0.817304172986705
semibin_SRR11413649.145_sub	gender	male	0.152858581287331	0.131900074415891	221	8	0.247771940589929	0.817812138938607
semibin_ERR6267712.45	response	R	0.239368368850395	0.206402243558047	221	42	0.247439438553714	0.817812138938607
maxbin_SRR13022429.005	age	age	0.0706080913906251	0.0607932473618886	221	23	0.246736408666098	0.817812138938607
semibin_SRR23364212.64	age	age	0.0393234862790795	0.0339160671592086	221	8	0.24755296981113	0.817812138938607
metabat_SRR16554627.12	response	R	-0.0541739947594023	0.0465752841830962	221	5	0.246046504903539	0.817812138938607
semibin_SRR11413619.16	age	age	-0.0204017852795586	0.0175731243494998	221	4	0.246938794249448	0.817812138938607
metabat_ERR12405950.7	response	R	0.0361107274709548	0.0311089016265231	221	3	0.24700645353041	0.817812138938607
maxbin_SRR13068813.004	age	age	0.0135759666412596	0.0116861936810465	221	2	0.246641461218757	0.817812138938607
metabat_ERR6281432.14	gender	male	-0.0580204045213828	0.0500606334537886	221	7	0.24774161603684	0.817812138938607
semibin_SRR6000900.19	gender	male	-0.0621999243736551	0.053672208126007	221	2	0.247776706084027	0.817812138938607
semibin_SRR13068816.17_sub	gender	male	-0.063867654982838	0.0548984251687147	221	2	0.245953561023944	0.817812138938607
semibin_SRR8387683.9	gender	male	-0.0434075009949595	0.0373590792702885	221	2	0.246552582497262	0.817812138938607
maxbin_ERR12405972.021	gender	male	0.0630656641504458	0.0544238866768091	221	8	0.247831052489927	0.817812138938607
metabat_SRR16554725.6	gender	male	0.0482695204564826	0.0415583147214539	221	3	0.246719133583831	0.817812138938607
semibin_SRR8387683.34_sub	response	R	0.0215004147408412	0.0185031431570848	221	2	0.246522968385216	0.817812138938607
metabat_ERR6281518.61_sub	response	R	-0.0518193199927348	0.0446739101691726	221	4	0.24734933393084	0.817812138938607
metabat_SRR11413610.48	response	R	0.0216290385966689	0.0186203513342047	221	2	0.246687914067893	0.817812138938607
maxbin_SRR5930501.068_sub	gender	male	-0.0219311259346621	0.0188952939811382	221	2	0.247053007772798	0.817812138938607
semibin_SRR23364222.14_sub	gender	male	0.0320141528372926	0.027621100862181	221	3	0.247714520003349	0.817812138938607
maxbin_SRR23364193.009	gender	male	0.0499808251447784	0.0430699058323184	221	5	0.247140208393477	0.817812138938607
semibin_SRR23364207.32	age	age	0.0469249049861977	0.0405169139260979	221	4	0.24807345513018	0.818278183153709
maxbin_SRR25825517.011_sub	age	age	0.0317276556128664	0.0274207396975105	221	3	0.248516743041399	0.818931555749566
semibin_SRR5930533.15	response	R	0.0720516402177499	0.0622615985566845	221	6	0.248449730672019	0.818931555749566
metabat_SRR16554757.37	response	R	-0.0830154017561032	0.0717552639819894	221	2	0.248575292948218	0.818931555749566
semibin_ERR12405970.61	response	R	0.150257521767399	0.130176765880085	221	15	0.249664168026436	0.819108338771348
maxbin_SRR16554659.005	gender	male	0.0852180519988419	0.0737718540153669	221	7	0.249300266512067	0.819108338771348
semibin_SRR16554692.65	gender	male	-0.170334597982806	0.147577787540585	221	11	0.249686851890907	0.819108338771348
semibin_SRR5930501.30_sub	gender	male	0.128361869626854	0.111249727271098	221	8	0.249844247248877	0.819108338771348
maxbin_SRR16168969.015	gender	male	0.0763483788993981	0.0661552566571447	221	10	0.249739986218175	0.819108338771348
maxbin_SRR16554767.001	age	age	-0.0345965380955997	0.0299831933507895	221	2	0.249825029169896	0.819108338771348
maxbin_SRR16168986.030_sub	gender	male	-0.103928914069959	0.0899314948909343	221	17	0.249112884763086	0.819108338771348
semibin_SRR16554636.22	age	age	0.0411267691672644	0.0356368487888481	221	3	0.249748348268008	0.819108338771348
metabat_SRR16554789.32	gender	male	-0.0114146110764808	0.00988475887775376	221	1	0.249455170253604	0.819108338771348
maxbin_SRR11413681.015_sub	age	age	0.0138154826080412	0.0119734209858081	221	3	0.249834857469451	0.819108338771348
metabat_SRR11413618.80	gender	male	-0.011414611076465	0.00988475887775375	221	1	0.249455170254256	0.819108338771348
semibin_SRR5930528.83_sub	age	age	0.048032853443272	0.041607561628237	221	6	0.249595372159857	0.819108338771348
maxbin_ERR2162217.001	gender	male	-0.46705021195674	0.418264970021975	221	76	0.265384371576726	0.819681233622421
semibin_SRR5930533.9	age	age	0.228817480566789	0.209070582849078	221	95	0.27497170818626	0.819681233622421
maxbin_ERR12405962.011_sub	gender	male	0.351933250021107	0.322039844665689	221	79	0.275682531600804	0.819681233622421
maxbin_ERR6281499.002	age	age	-0.0938647031645963	0.084479043329513	221	16	0.267767222019914	0.819681233622421
semibin_SRR13022289.13	gender	male	0.206904117553033	0.180871183882626	221	15	0.253912641173443	0.819681233622421
semibin_ERR6281499.45	gender	male	0.219629753338178	0.191305044233378	221	15	0.25220765496676	0.819681233622421
metabat_SRR6000907.1_sub	gender	male	-0.322456496984276	0.297101795861608	221	69	0.278975305170649	0.819681233622421
semibin_ERR6264280.18	age	age	-0.143254238265277	0.127866345066754	221	62	0.263812708447628	0.819681233622421
semibin_SRR16554665.28	gender	male	0.161488927430334	0.140961810706753	221	12	0.253221201615152	0.819681233622421
maxbin_ERR6279655.020	age	age	-0.121706805469493	0.106919120310712	221	60	0.256254530542343	0.819681233622421
semibin_SRR11413608.137	age	age	-0.14982605676542	0.129930547999259	221	61	0.250135525467262	0.819681233622421
semibin_SRR5930531.50	response	R	-0.150290535664139	0.138330184373305	221	13	0.278479877717775	0.819681233622421
maxbin_ERR6279658.017_sub	age	age	-0.100761704132755	0.0881452551007213	221	42	0.254256058554382	0.819681233622421
semibin_ERR6243877.10	response	R	0.172836861721134	0.15230121864462	221	56	0.257712603188098	0.819681233622421
metabat_SRR13022372.10_sub	response	R	0.22204046676516	0.194465446993912	221	42	0.254797240216724	0.819681233622421
semibin_ERR6273965.5	response	R	0.192826263714984	0.168490368505632	221	56	0.253720673351204	0.819681233622421
semibin_ERR6232458.16	response	R	0.221225210355025	0.200569530260447	221	51	0.271269425526211	0.819681233622421
semibin_SRR20881986.74	response	R	0.227348867723006	0.20205636233883	221	51	0.261771554125005	0.819681233622421
semibin_SRR5930501.2	response	R	0.219280027784295	0.198249720609464	221	53	0.269930445211847	0.819681233622421
semibin_ERR2162200.40	response	R	-0.0708412993990768	0.064390077012253	221	2	0.272477258006825	0.819681233622421
maxbin_ERR2162223.001	response	R	-0.0625888863608791	0.0574988818497609	221	2	0.277580036400616	0.819681233622421
metabat_SRR11413647.31	response	R	0.195889627619374	0.175189098877931	221	45	0.264749292554063	0.819681233622421
maxbin_SRR11413646.009	gender	male	-0.157874434257958	0.140370647158857	221	19	0.261962361944364	0.819681233622421
semibin_SRR20881980.56	response	R	0.209554498958197	0.186406226420149	221	47	0.262192077446442	0.819681233622421
semibin_SRR6000896.44	gender	male	-0.253355274534354	0.226944134112814	221	26	0.265502264840707	0.819681233622421
metabat_ERR6275676.3	response	R	0.146053437660039	0.128320150838458	221	19	0.256293858268418	0.819681233622421
semibin_SRR16168913.74	age	age	0.0709807778453462	0.0636637730917138	221	19	0.26611281285306	0.819681233622421
semibin_SRR11413691.40_sub	age	age	-0.0659180411032928	0.0585669825009692	221	14	0.261614052594948	0.819681233622421
semibin_SRR11413657.102	response	R	0.251036860776342	0.226533643412551	221	52	0.269032374467942	0.819681233622421
maxbin_SRR5930504.027	response	R	0.192772776754697	0.172080626321789	221	30	0.263846903144284	0.819681233622421
maxbin_ERR12405952.002	age	age	-0.0244117605273	0.0214579110846202	221	4	0.256517959201971	0.819681233622421
semibin_ERR12405939.27	gender	male	0.0381154612627763	0.0343887725398805	221	2	0.268938327539502	0.819681233622421
semibin_SRR16554780.22	age	age	-0.0664220142255084	0.0588976708100454	221	18	0.260669706628087	0.819681233622421
metabat_SRR5930530.79	gender	male	0.271371214312077	0.246843087250691	221	24	0.2728260647484	0.819681233622421
maxbin_SRR8387710.024	response	R	-0.141637843269426	0.126747126031125	221	14	0.265023264863297	0.819681233622421
metabat_ERR6281433.28	age	age	0.0793861586406825	0.0705934287918349	221	18	0.262020240608239	0.819681233622421
semibin_ERR12405964.2	response	R	-0.161459755582564	0.145914548964426	221	23	0.26972387204712	0.819681233622421
maxbin_ERR12405991.007	age	age	-0.0741221140035321	0.067003102228465	221	28	0.26985742821754	0.819681233622421
semibin_ERR12405986.41	response	R	-0.0423543007486418	0.0375471875292703	221	8	0.260554387981847	0.819681233622421
semibin_SRR6000901.30	response	R	0.162149270140758	0.140906271794425	221	19	0.251109533646938	0.819681233622421
semibin_ERR12405967.4	gender	male	0.0815246947115113	0.0707847846088116	221	7	0.250700915590949	0.819681233622421
semibin_ERR6275668.86	gender	male	0.0799881121079463	0.0698827475770561	221	7	0.253633914419834	0.819681233622421
maxbin_SRR16554641.006	gender	male	0.135833628520171	0.119059655876953	221	14	0.255174427676525	0.819681233622421
maxbin_SRR13022427.016_sub	age	age	0.0421185942330603	0.0384795090746241	221	10	0.274917624216102	0.819681233622421
semibin_ERR6275664.8	gender	male	0.0785515206574448	0.0690036108200576	221	7	0.25622196276704	0.819681233622421
semibin_SRR5930510.9	age	age	-0.0835462548841882	0.0762714628916506	221	33	0.274577772192204	0.819681233622421
semibin_SRR6000911.2	gender	male	0.0760470754668707	0.0661397523253155	221	7	0.251494421425896	0.819681233622421
semibin_SRR13022452.10	age	age	0.0383238919046591	0.0336746635947101	221	9	0.256350114187424	0.819681233622421
semibin_SRR13022452.10	response	R	-0.0775476525672311	0.0688976424154223	221	9	0.261601929983284	0.819681233622421
semibin_ERR6275672.14	age	age	0.0391137230855127	0.0342179667730654	221	7	0.254266727426158	0.819681233622421
semibin_ERR6232521.7	age	age	-0.0131409885998929	0.0117186729551823	221	2	0.263369040336908	0.819681233622421
metabat_SRR6000947.61	response	R	-0.139265743692632	0.127254851879468	221	12	0.274999620103377	0.819681233622421
semibin_SRR16168900.4	response	R	-0.119937542804797	0.108785597417005	221	11	0.271459928287811	0.819681233622421
maxbin_SRR8387707.003	response	R	-0.0102001697021445	0.00926810888368733	221	1	0.272314036292004	0.819681233622421
semibin_SRR25825504.166	age	age	-0.0257385743530531	0.0228911533481907	221	3	0.2620900150184	0.819681233622421
semibin_SRR25825504.166	response	R	0.0522364674872422	0.0468926625151601	221	3	0.266529423042696	0.819681233622421
semibin_SRR5930501.30_sub	response	R	-0.121816195752405	0.105727970873208	221	8	0.250520507324568	0.819681233622421
maxbin_SRR6000895.005	gender	male	0.035486732886368	0.0315583942787098	221	2	0.262061337292468	0.819681233622421
semibin_SRR23364199.26	gender	male	0.0796169318525702	0.0727603582800519	221	10	0.275070497466993	0.819681233622421
semibin_ERR6279650.30	gender	male	0.035187668813742	0.031237842255239	221	2	0.261230819192014	0.819681233622421
semibin_SRR5930498.111	age	age	0.0827672573380466	0.0723657801487669	221	24	0.254007273596411	0.819681233622421
semibin_SRR5930498.111	gender	male	-0.173188154908731	0.156247167076604	221	24	0.268918953735981	0.819681233622421
metabat_ERR12405979.25	gender	male	0.0638149849565429	0.0579286146241326	221	5	0.27184979850841	0.819681233622421
semibin_SRR16554736.23	age	age	0.071081620526501	0.0654786354807285	221	12	0.278873915487746	0.819681233622421
maxbin_SRR13022461.002	gender	male	0.0654952720278323	0.0594154609420645	221	5	0.271540563622632	0.819681233622421
metabat_ERR12405955.34	gender	male	0.0637761047124976	0.0577827517343767	221	5	0.270936098328758	0.819681233622421
metabat_SRR8387710.29	gender	male	0.0643870956836916	0.0584637591040781	221	5	0.271979062319855	0.819681233622421
metabat_ERR12405965.20	gender	male	0.0632781152018747	0.0573473003306011	221	5	0.271067272195726	0.819681233622421
semibin_SRR5930527.64	response	R	-0.101700408744507	0.0903831840472629	221	8	0.261741434528238	0.819681233622421
metabat_ERR6281941.15	gender	male	0.146931810836881	0.135381009897534	221	13	0.278985556752108	0.819681233622421
metabat_SRR16554754.14_sub	age	age	-0.0287054718144819	0.0256813443817924	221	2	0.264907245806175	0.819681233622421
metabat_SRR16554754.14_sub	response	R	-0.0594981941351272	0.0526083852881174	221	2	0.259318588486043	0.819681233622421
maxbin_SRR13022456.004	gender	male	0.0635937684689577	0.0579121868570658	221	5	0.273374771130435	0.819681233622421
metabat_SRR16554702.8	response	R	0.0601646510428771	0.0544330366805064	221	6	0.270268096713324	0.819681233622421
maxbin_SRR11413646.006_sub	gender	male	0.0490171414930818	0.0440413923909579	221	3	0.26694886032651	0.819681233622421
semibin_SRR16554696.25	gender	male	0.0188489875303724	0.0172787460469951	221	2	0.276537241229481	0.819681233622421
semibin_SRR5930505.112	response	R	-0.0939697238289319	0.0855167286235183	221	14	0.273057502119936	0.819681233622421
maxbin_ERR6233695.025_sub	gender	male	-0.0528389988765325	0.0460221473505502	221	6	0.252182666867854	0.819681233622421
semibin_SRR16554702.69	response	R	0.0966159307839193	0.0854404614490005	221	5	0.259397545240047	0.819681233622421
metabat_SRR8387677.1_sub	gender	male	-0.0407124481202015	0.0360998406456109	221	2	0.260660936745431	0.819681233622421
metabat_SRR5930508.66	age	age	-0.0624927716226013	0.0560264601653594	221	11	0.265918171832729	0.819681233622421
metabat_SRR5930508.66	response	R	-0.132018318803339	0.114666733897654	221	11	0.250877389301605	0.819681233622421
semibin_SRR13068826.50	gender	male	0.0179534280841198	0.0158633206024795	221	2	0.258988954472936	0.819681233622421
semibin_ERR12405955.92	gender	male	0.0379595056203253	0.0342202679339188	221	2	0.268550712838329	0.819681233622421
semibin_SRR5930503.199	age	age	0.0392141373032496	0.035018421083189	221	9	0.264036413042312	0.819681233622421
maxbin_SRR16554789.004	age	age	-0.0203648579984096	0.0181736486600823	221	2	0.263709266125963	0.819681233622421
metabat_SRR16554726.23	gender	male	0.120911178120297	0.106893861300422	221	9	0.259247636370445	0.819681233622421
maxbin_SRR20881976.003	response	R	-0.0617019202993568	0.0549805548360431	221	5	0.262999911538475	0.819681233622421
semibin_SRR13068840.58	response	R	0.0598108676844773	0.0518976985455284	221	3	0.250393408204092	0.819681233622421
metabat_SRR25825502.19_sub	response	R	-0.0788583938802827	0.0692037726928805	221	6	0.255746752358153	0.819681233622421
semibin_ERR2162224.69	response	R	-0.0104988085032715	0.00931209063239309	221	1	0.260810529590011	0.819681233622421
semibin_ERR6279678.42	gender	male	0.0378663823336244	0.034119684149885	221	2	0.268318080276975	0.819681233622421
semibin_SRR8387659.60	age	age	-0.0132224694488902	0.0119389994232339	221	2	0.269310694908208	0.819681233622421
semibin_SRR16554757.33	gender	male	-0.0427666360441156	0.0384880989953293	221	2	0.267726884864045	0.819681233622421
metabat_SRR5930531.61	response	R	-0.0985288514293015	0.0883147840995719	221	14	0.265811787852986	0.819681233622421
semibin_SRR16554745.4	response	R	-0.010444775423752	0.00934503275509621	221	1	0.264947081003842	0.819681233622421
semibin_ERR2162202.34	gender	male	-0.0836950945337984	0.0740996965986143	221	3	0.259942151185156	0.819681233622421
semibin_ERR6275673.140	gender	male	0.0378713642331529	0.0341250645989486	221	2	0.2683305488195	0.819681233622421
maxbin_SRR5930533.038	age	age	-0.0292465218984301	0.025706105322651	221	5	0.256496008693311	0.819681233622421
semibin_SRR11413609.20	response	R	-0.0104722348032199	0.00933117878026976	221	1	0.262990175972491	0.819681233622421
metabat_ERR2162221.49	response	R	0.017977059957404	0.0156495353291294	221	2	0.251939861527331	0.819681233622421
semibin_SRR13068829.32	gender	male	0.0476368480433472	0.0438396198236483	221	3	0.278421429759527	0.819681233622421
semibin_ERR6275663.49	gender	male	0.0378313522496795	0.0340818540815515	221	2	0.268230341935642	0.819681233622421
metabat_SRR16554664.18	response	R	0.0218307835287516	0.0195332341582522	221	2	0.264964039637907	0.819681233622421
maxbin_SRR16168896.029	age	age	0.0234290875047714	0.020475629323127	221	3	0.253783623873314	0.819681233622421
semibin_SRR23364235.6	response	R	0.0223596538479746	0.0197712206701333	221	2	0.259344111466607	0.819681233622421
metabat_SRR5930532.5	gender	male	0.2489686810665	0.223302450221713	221	23	0.266109684513183	0.819681233622421
metabat_SRR5930532.5	response	R	-0.244226406110179	0.212219081629073	221	23	0.251071961406741	0.819681233622421
semibin_SRR11413690.63	age	age	-0.0392053394110186	0.0350278750277402	221	5	0.264266138015485	0.819681233622421
semibin_SRR11413606.50	response	R	0.0613873637406955	0.0544118335451318	221	3	0.260481782073773	0.819681233622421
semibin_SRR20881976.80	age	age	0.0342310657267457	0.0307319067374889	221	8	0.266582802643964	0.819681233622421
metabat_SRR16554728.6	gender	male	-0.0916892145134046	0.0828219945383429	221	4	0.269492110483133	0.819681233622421
metabat_ERR6281000.13	gender	male	0.0605491707698797	0.0555733185360435	221	5	0.27712956883423	0.819681233622421
maxbin_ERR12405962.006	response	R	0.0706080377366834	0.0644651113155506	221	3	0.274603452638893	0.819681233622421
semibin_SRR11413613.34	gender	male	0.0574195023588143	0.0525033956410668	221	6	0.27532801993648	0.819681233622421
semibin_SRR11413613.34	response	R	0.0569406820280152	0.049897448031995	221	6	0.255063536625871	0.819681233622421
metabat_ERR12405974.29	gender	male	-0.0760042138808106	0.0695619963017677	221	3	0.275776065123389	0.819681233622421
semibin_SRR25825495.18	age	age	-0.0222496186289203	0.0202660744997391	221	2	0.273475735013951	0.819681233622421
metabat_SRR16554627.10	age	age	-0.0543653122864508	0.0499058077579358	221	8	0.277204131008795	0.819681233622421
metabat_SRR13068841.11	gender	male	0.146592596645425	0.133195581870989	221	18	0.27230930234156	0.819681233622421
semibin_ERR12405915.41_sub	gender	male	0.138046813406498	0.125048708126767	221	12	0.270840213936925	0.819681233622421
metabat_ERR6279625.36	age	age	-0.0700657631843327	0.0608932381500157	221	20	0.251164299498708	0.819681233622421
metabat_ERR6279654.3_sub	age	age	0.028628422991319	0.0256923800510036	221	8	0.266403382824907	0.819681233622421
metabat_ERR12405949.35	age	age	-0.00506327240445913	0.00460278524432962	221	1	0.272531207165597	0.819681233622421
semibin_ERR12405969.59	gender	male	-0.0605836979788668	0.0536682532327898	221	2	0.260205246704082	0.819681233622421
semibin_ERR12405969.59	response	R	-0.0572286952795075	0.0510044892135793	221	2	0.263088617664371	0.819681233622421
maxbin_SRR16554636.001	age	age	0.0437212779719386	0.0388988848521485	221	2	0.26226651297939	0.819681233622421
maxbin_ERR12405924.002	age	age	0.00500771134224046	0.00460630527717413	221	1	0.278180314355491	0.819681233622421
metabat_SRR25825495.14	gender	male	0.0933049094488293	0.0833942601304026	221	9	0.264454016888371	0.819681233622421
maxbin_ERR6275659.013_sub	age	age	0.00785006244477795	0.00719359067397601	221	2	0.276376505147544	0.819681233622421
maxbin_ERR6275659.013_sub	response	R	0.0161832252130803	0.0147174176495221	221	2	0.272732091641362	0.819681233622421
semibin_ERR6267712.36	age	age	-0.0727083446064881	0.0642146678199856	221	19	0.258785444579639	0.819681233622421
metabat_SRR5930501.14	age	age	0.00500771134212596	0.00460630527716531	221	1	0.278180314365508	0.819681233622421
semibin_ERR12405974.119	response	R	-0.0605912082836442	0.0543101923932376	221	2	0.265805585826951	0.819681233622421
semibin_SRR20881980.70_sub	response	R	-0.0910629816069153	0.0824010886846496	221	7	0.270331957563091	0.819681233622421
metabat_SRR16554721.12_sub	response	R	-0.0942272678812842	0.0830500556336542	221	7	0.257801378388128	0.819681233622421
semibin_ERR6279677.13	response	R	0.0373460418001825	0.0342200901117573	221	3	0.276338855533632	0.819681233622421
metabat_ERR12405957.9	response	R	-0.0547244381136308	0.0492567045223497	221	2	0.267795738465101	0.819681233622421
semibin_SRR6000905.32	age	age	0.0702257551751846	0.0617167158200123	221	20	0.256442124408463	0.819681233622421
metabat_ERR6275672.30	age	age	0.0295424592747128	0.0270837403045514	221	6	0.276578463604459	0.819681233622421
maxbin_SRR23364192.011_sub	gender	male	-0.0423334255989692	0.0371970168364572	221	2	0.256339296093814	0.819681233622421
semibin_SRR6000894.27	age	age	-0.0419033072012439	0.038119779002045	221	10	0.272875490115275	0.819681233622421
semibin_SRR16168929.20_sub	response	R	0.154582830111158	0.135753457038965	221	31	0.256097689570508	0.819681233622421
semibin_ERR6239139.3	gender	male	-0.0625962655327088	0.0554503577429943	221	7	0.260211341299995	0.819681233622421
maxbin_SRR16554645.006	age	age	-0.0444159607038723	0.0391398239993251	221	5	0.257710117327775	0.819681233622421
semibin_ERR12405947.46	age	age	0.0050077113420599	0.00460630527715947	221	1	0.278180314371245	0.819681233622421
metabat_SRR13068850.8	gender	male	-0.067987934126142	0.0594028072632014	221	6	0.253678591728637	0.819681233622421
maxbin_ERR12406010.010	gender	male	0.0249968177074755	0.022347631428061	221	2	0.264571255370892	0.819681233622421
maxbin_SRR11413655.007	age	age	0.0148644689989417	0.013289875854157	221	3	0.264600512325785	0.819681233622421
metabat_SRR11413614.28	age	age	-0.0527414821567334	0.045998124829857	221	10	0.252809410178692	0.819681233622421
metabat_SRR11413614.28	response	R	-0.108384244784859	0.0942274297484088	221	10	0.251310662794025	0.819681233622421
semibin_ERR12405952.12	age	age	0.0172400709755393	0.0150133229715242	221	3	0.25210347428673	0.819681233622421
metabat_SRR20881974.5	response	R	-0.0737485242701346	0.0673879754412981	221	7	0.275005276713721	0.819681233622421
semibin_SRR8387707.12	gender	male	-0.099489132299869	0.0909853686562369	221	3	0.275402925592372	0.819681233622421
metabat_SRR13068824.46	response	R	-0.0750104107057004	0.0664599461328417	221	5	0.260289243617764	0.819681233622421
semibin_SRR11413652.75	gender	male	-0.0403263598975079	0.0354181211163603	221	3	0.256143482307181	0.819681233622421
metabat_SRR5930530.66	gender	male	-0.147478151374117	0.134354816888833	221	19	0.27357422086458	0.819681233622421
maxbin_SRR13068823.001	age	age	0.00500771134211404	0.00460630527716369	221	1	0.278180314366473	0.819681233622421
maxbin_ERR6275668.004	age	age	0.00500771134225768	0.00460630527717577	221	1	0.27818031435397	0.819681233622421
semibin_ERR6271719.38	gender	male	-0.063802933200409	0.0584414365704403	221	6	0.276168400601405	0.819681233622421
maxbin_ERR6279682.017	gender	male	0.0222226158972203	0.0202884524066564	221	2	0.274584878702291	0.819681233622421
semibin_SRR20881978.16	age	age	0.0719128843209435	0.0642617754003829	221	15	0.2643525490723	0.819681233622421
maxbin_SRR13068823.022_sub	age	age	-0.0283717253773223	0.0256566299151838	221	4	0.270036770402878	0.819681233622421
metabat_SRR16554681.16	age	age	-0.0396879535863747	0.0355797788130916	221	5	0.265885501725827	0.819681233622421
metabat_SRR25825502.47	response	R	0.0597291768519125	0.0549957547799193	221	3	0.27865351654813	0.819681233622421
metabat_ERR6275671.17_sub	response	R	0.0147136390555559	0.0133355532685207	221	2	0.271107661375594	0.819681233622421
semibin_ERR12405916.52	response	R	-0.0633178729597525	0.0554416738590864	221	4	0.254686522295368	0.819681233622421
maxbin_SRR5930493.011	response	R	-0.0412105628465061	0.0371870983226109	221	2	0.269008184780489	0.819681233622421
maxbin_SRR11413691.019	gender	male	0.0908880119990149	0.0810608761217853	221	8	0.263428556775621	0.819681233622421
semibin_SRR11413654.34	gender	male	0.0244253157117087	0.0215687414253344	221	2	0.258699048647549	0.819681233622421
semibin_ERR12405983.42	age	age	-0.0103540758650287	0.00954050286685521	221	3	0.27900376312593	0.819681233622421
maxbin_SRR5930530.008	gender	male	0.105439294098694	0.0923403622847157	221	12	0.254787522629174	0.819681233622421
maxbin_SRR5930530.008	response	R	0.0960718168718279	0.087548578340649	221	12	0.273715443158138	0.819681233622421
semibin_SRR11413647.44	response	R	0.0149838179507055	0.013801021261544	221	2	0.278814787867512	0.819681233622421
semibin_SRR16168942.58	age	age	0.0413202473093754	0.0378884917335212	221	10	0.276680731964066	0.819681233622421
semibin_ERR12405995.2	age	age	0.00500771134226927	0.00460630527717577	221	1	0.278180314352877	0.819681233622421
maxbin_ERR12405911.018	response	R	0.065873508528534	0.0594980225766448	221	6	0.269452860838771	0.819681233622421
semibin_SRR11413606.56	gender	male	0.0796015930775819	0.0697598901508316	221	7	0.255094657201227	0.819681233622421
semibin_ERR6279646.13	response	R	-0.0389178789581232	0.0353327137700099	221	2	0.271912939475831	0.819681233622421
semibin_SRR23364175.38	age	age	0.0356948323710219	0.0318982498366558	221	4	0.264372741314879	0.819681233622421
metabat_SRR11413687.66	age	age	0.0161307044725649	0.0145078280374697	221	2	0.267432575602386	0.819681233622421
semibin_SRR11413618.30	age	age	0.00975791710644585	0.0086703971096976	221	2	0.26165045404686	0.819681233622421
semibin_SRR11413610.57_sub	gender	male	0.0112197528964495	0.00985127030450235	221	1	0.255994612742135	0.819681233622421
semibin_SRR25825494.37	age	age	0.028762245600928	0.0264902505973221	221	4	0.278786682486416	0.819681233622421
metabat_SRR25825521.14	age	age	-0.0177081017888963	0.0154710212087827	221	2	0.253641308813066	0.819681233622421
semibin_SRR20881988.10	age	age	-0.0207183932349563	0.0180272705331474	221	4	0.251705413576638	0.819681233622421
metabat_SRR5930534.34	response	R	0.10095275374079	0.0910982044049644	221	12	0.26901678058847	0.819681233622421
semibin_SRR5930504.132	gender	male	-0.0363099600644819	0.0318835423589091	221	4	0.256029379654758	0.819681233622421
semibin_SRR25825511.32_sub	gender	male	-0.0454483078303949	0.0408870201510702	221	4	0.267564213202315	0.819681233622421
maxbin_SRR13068847.041_sub	age	age	-0.043318264772077	0.0380414055356656	221	13	0.256092409388687	0.819681233622421
maxbin_SRR16554633.004_sub	response	R	0.0199506467181919	0.0175574960551598	221	2	0.257082830404903	0.819681233622421
semibin_SRR20881986.23	response	R	-0.0614896099239105	0.0561627185067829	221	6	0.27480457467371	0.819681233622421
semibin_SRR16554632.31_sub	gender	male	0.0850303301014386	0.0761752475882534	221	4	0.265557722506131	0.819681233622421
metabat_SRR5930501.64	age	age	0.00500771134218752	0.00460630527717003	221	1	0.278180314360124	0.819681233622421
maxbin_SRR16554777.015	age	age	0.0474953899728642	0.0415073261975618	221	6	0.253774547394458	0.819681233622421
semibin_SRR16168943.41	response	R	0.0702629253929948	0.0645495561411021	221	7	0.277584469412193	0.819681233622421
maxbin_SRR11413691.013	age	age	0.0142784368071653	0.0127511092873942	221	3	0.264047579154279	0.819681233622421
maxbin_ERR12406000.009_sub	age	age	0.00513053937466968	0.00462271787908251	221	1	0.268290554911302	0.819681233622421
metabat_ERR6282137.16	age	age	-0.0223124196652551	0.0203839613604049	221	2	0.27490248292159	0.819681233622421
metabat_ERR6282137.16	gender	male	-0.0490800925041095	0.0439374514580733	221	2	0.265210527281537	0.819681233622421
metabat_SRR11413614.4	gender	male	-0.0638727448405493	0.0579536328888964	221	9	0.271637544705925	0.819681233622421
maxbin_SRR5930530.047	gender	male	0.0766322190820797	0.0693448394852141	221	5	0.270350929127194	0.819681233622421
semibin_ERR6275680.83	age	age	-0.0081262410798091	0.00719960473868676	221	2	0.260280792378114	0.819681233622421
metabat_SRR11413647.22	gender	male	0.0238013647453788	0.0207885940050392	221	2	0.253501755923607	0.819681233622421
metabat_ERR6279624.6_sub	age	age	-0.0258389072565206	0.0233335178186051	221	3	0.26936060309652	0.819681233622421
semibin_SRR6000949.57	response	R	-0.0392983111366104	0.0347261715177071	221	2	0.25902531999722	0.819681233622421
metabat_ERR12405972.5	age	age	0.00513053937468469	0.00462271787908252	221	1	0.268290554909915	0.819681233622421
metabat_SRR16554753.15	response	R	0.0531922169215682	0.0482768486904169	221	3	0.271762126928985	0.819681233622421
metabat_SRR20881981.3	age	age	0.00513053937466929	0.00462271787908251	221	1	0.268290554911323	0.819681233622421
metabat_SRR16554654.44	gender	male	0.0596917045813188	0.0540127876801152	221	4	0.270322638243877	0.819681233622421
semibin_SRR5930503.47	gender	male	0.053420463949735	0.0481916761057772	221	3	0.268873083997479	0.819681233622421
maxbin_SRR11413619.006	age	age	0.00513053937467123	0.00462271787908251	221	1	0.26829055491116	0.819681233622421
metabat_ERR6281340.41	gender	male	0.0714994799099635	0.0638290877387433	221	6	0.263886936941348	0.819681233622421
metabat_SRR11413618.24	gender	male	0.0731910076589158	0.065577351847268	221	7	0.265613292967216	0.819681233622421
semibin_SRR16554718.17_sub	gender	male	0.0110652146306144	0.00985962348761492	221	1	0.262985519250531	0.819681233622421
semibin_ERR12405974.32	age	age	0.00513053937467799	0.00462271787908251	221	1	0.268290554910514	0.819681233622421
maxbin_ERR6279619.020	age	age	0.00513053937468402	0.00462271787908251	221	1	0.268290554909952	0.819681233622421
semibin_ERR6279622.17	response	R	0.0389942530529225	0.0342036675076894	221	3	0.255521910931385	0.819681233622421
semibin_SRR5930517.66	response	R	-0.0485363401729969	0.0430561225288366	221	2	0.26087284017201	0.819681233622421
semibin_SRR23364231.16	age	age	-0.0421147395390276	0.0366284551117913	221	6	0.251499248538393	0.819681233622421
metabat_SRR13068834.35	age	age	0.00513053937467809	0.00462271787908251	221	1	0.268290554910522	0.819681233622421
semibin_SRR11413656.61	response	R	0.0459713554117393	0.0416711975582522	221	6	0.27117711363612	0.819681233622421
semibin_SRR23364196.25	response	R	0.0516034783350358	0.0451982806063898	221	6	0.254834068898907	0.819681233622421
maxbin_SRR16168986.013_sub	age	age	0.0265281078820093	0.0242801980411672	221	2	0.275794745878211	0.819681233622421
semibin_SRR16554634.8_sub	gender	male	0.0836395022582853	0.0744875972958438	221	6	0.262746748576308	0.819681233622421
maxbin_SRR11413618.087_sub	gender	male	0.0257164549661066	0.0232062551210817	221	2	0.269015535180095	0.819681233622421
metabat_ERR12405984.37	age	age	0.00509952553895053	0.00460822945214995	221	1	0.269686622557017	0.819681233622421
metabat_ERR6279657.98_sub	gender	male	0.058417899487694	0.0530536011409958	221	4	0.272072493175309	0.819681233622421
semibin_ERR6279628.51	response	R	0.0389638836458413	0.0343147350121741	221	3	0.257428393486749	0.819681233622421
metabat_SRR11413679.7	age	age	0.00513053937467552	0.00462271787908251	221	1	0.268290554910758	0.819681233622421
metabat_SRR6000932.38	response	R	-0.0350987756557475	0.0309949613767879	221	2	0.258720188360626	0.819681233622421
maxbin_ERR6229432.012	age	age	0.00513053937468447	0.00462271787908251	221	1	0.268290554909925	0.819681233622421
maxbin_ERR6281434.009_sub	age	age	0.0147779398906792	0.0130577431625174	221	3	0.258995979975991	0.819681233622421
metabat_ERR12405911.15	age	age	0.00513053937467974	0.00462271787908251	221	1	0.268290554910353	0.819681233622421
maxbin_SRR5930520.011	gender	male	0.0274977634114905	0.0246660243456217	221	3	0.26617065624513	0.819681233622421
semibin_SRR16554639.10	gender	male	-0.0542287250976712	0.0492251013457679	221	2	0.271835217328747	0.819681233622421
semibin_SRR16554639.10	response	R	-0.0517528192049084	0.0467818682254707	221	2	0.269839728078618	0.819681233622421
semibin_SRR16168940.32	age	age	0.0507124399899803	0.0441803698201552	221	5	0.252294374321716	0.819681233622421
metabat_ERR6281500.32	gender	male	-0.0572082008209009	0.0506635229506794	221	4	0.26007898672472	0.819681233622421
metabat_SRR16554669.42	gender	male	-0.028707237365159	0.0251111914052874	221	2	0.254213166662465	0.819681233622421
semibin_SRR16554627.71	gender	male	0.0112197528965188	0.00985127030450235	221	1	0.255994612739226	0.819681233622421
maxbin_ERR6232527.010	age	age	0.00500771134221038	0.0046063052771709	221	1	0.27818031435802	0.819681233622421
metabat_SRR16168986.30_sub	response	R	0.0542431488028755	0.0490421608709965	221	6	0.269930401733257	0.819681233622421
semibin_SRR16554649.13	gender	male	-0.050694336927866	0.0450457390783694	221	2	0.261664039986135	0.819681233622421
semibin_SRR25825521.35	age	age	0.00513053937467815	0.00462271787908251	221	1	0.268290554910514	0.819681233622421
semibin_SRR11413654.127	age	age	0.00923370969970483	0.00820140876334258	221	2	0.261464701376711	0.819681233622421
semibin_ERR6233694.0	response	R	-0.0399731610277627	0.0360742860331655	221	2	0.269054329872877	0.819681233622421
metabat_ERR6243880.19	age	age	0.00500771134212386	0.00460630527716347	221	1	0.278180314365525	0.819681233622421
semibin_SRR5930515.71	age	age	0.0259013026155542	0.0235772788761966	221	4	0.273183853470722	0.819681233622421
metabat_SRR11413692.37	age	age	0.0155182176222819	0.0141971105330065	221	3	0.275583749776533	0.819681233622421
semibin_SRR16168982.59	age	age	-0.0238200854608953	0.0210666479170583	221	2	0.25943522437397	0.819681233622421
maxbin_SRR13068846.017_sub	response	R	0.0499424814493101	0.0448977557655463	221	6	0.26721881410981	0.819681233622421
metabat_ERR6281000.35	response	R	-0.0480264870367411	0.0440997807910558	221	4	0.277346991701069	0.819681233622421
metabat_SRR5930526.94	gender	male	-0.077409515684574	0.0706105140897944	221	7	0.274174538626186	0.819681233622421
maxbin_SRR5930498.005	age	age	0.0329492180823968	0.0297017505654962	221	4	0.268522693559065	0.819681233622421
metabat_SRR16168942.20	response	R	0.0680626829949323	0.0604567458367087	221	3	0.261494262395546	0.819681233622421
metabat_SRR25825498.33	age	age	0.0051305393746755	0.00462271787908251	221	1	0.268290554910771	0.819681233622421
semibin_SRR16168952.25	gender	male	-0.0265639694988826	0.0232273179107075	221	2	0.254029012300016	0.819681233622421
semibin_SRR11413649.107	age	age	0.0050077113421137	0.00460630527716355	221	1	0.278180314366496	0.819681233622421
metabat_SRR13068848.31	response	R	0.0567337703097839	0.0502671974375689	221	3	0.260294260910489	0.819681233622421
semibin_SRR5930507.41	age	age	0.0050077113421539	0.00460630527716681	221	1	0.278180314362977	0.819681233622421
semibin_SRR11413683.37	age	age	0.00500771134219364	0.0046063052771701	221	1	0.278180314359544	0.819681233622421
semibin_SRR23364171.14_sub	age	age	-0.00517369619638128	0.00460525506585202	221	1	0.262495577093102	0.819681233622421
maxbin_SRR16168918.052_sub	age	age	0.0274246602719315	0.0243805864202007	221	7	0.261902209026648	0.819681233622421
semibin_SRR6000909.0	age	age	0.00513053937468507	0.00462271787908252	221	1	0.26829055490987	0.819681233622421
semibin_SRR20881974.54	gender	male	-0.0177179806775008	0.0154581979619111	221	2	0.252993571239749	0.819681233622421
semibin_SRR5930521.95	age	age	-0.00517369619628031	0.00460525506585647	221	1	0.262495577102856	0.819681233622421
maxbin_SRR13022303.020_sub	gender	male	0.0238461488973724	0.021747145674318	221	2	0.274067273646071	0.819681233622421
metabat_SRR5930497.49	gender	male	0.0389341282150173	0.0352104174375846	221	4	0.270062172590525	0.819681233622421
semibin_ERR6279666.39	age	age	0.0137790044841879	0.012542239048537	221	3	0.273165614650678	0.819681233622421
semibin_ERR6279666.39	gender	male	-0.0307122037298664	0.027080771284861	221	3	0.258014675030018	0.819681233622421
semibin_SRR5930494.150	age	age	0.029377117837217	0.0267335450355847	221	2	0.273038866889381	0.819681233622421
semibin_SRR11413683.27	age	age	0.00500771134231176	0.0046063052771805	221	1	0.278180314349278	0.819681233622421
metabat_SRR5930506.103	response	R	0.0557776197904261	0.0490421129527935	221	3	0.25665641926555	0.819681233622421
maxbin_SRR5930501.007	age	age	0.00500771134217587	0.00460630527716858	221	1	0.278180314361052	0.819681233622421
metabat_SRR13068851.15	age	age	0.00513053937467597	0.00462271787908251	221	1	0.268290554910719	0.819681233622421
semibin_SRR23364187.35	age	age	0.00500771134213534	0.00460630527716525	221	1	0.278180314364585	0.819681233622421
semibin_SRR5930507.55	age	age	0.00500771134192116	0.0046063052771482	221	1	0.278180314383316	0.819681233622421
maxbin_SRR23364177.003_sub	age	age	0.0216335352359306	0.0197188385120025	221	5	0.273814555092866	0.819681233622421
semibin_SRR5930501.104	age	age	0.00500771134224299	0.00460630527717412	221	1	0.278180314355205	0.819681233622421
semibin_SRR5930528.6	gender	male	-0.060526586257455	0.0530225260181086	221	3	0.25491774922459	0.819681233622421
semibin_SRR5930526.86	age	age	-0.0214348781874017	0.0195268128475032	221	3	0.273546701702988	0.819681233622421
semibin_SRR5930501.87	age	age	0.00500771134234463	0.00460630527718289	221	1	0.278180314346379	0.819681233622421
maxbin_SRR16554657.029_sub	age	age	0.00513053937467584	0.00462271787908251	221	1	0.268290554910714	0.819681233622421
maxbin_SRR16554651.012_sub	age	age	0.0231731496317556	0.0201745984188272	221	2	0.251973122461578	0.819681233622421
metabat_SRR5930501.45	age	age	0.00500771134221206	0.00460630527717161	221	1	0.278180314357946	0.819681233622421
metabat_SRR5930529.63_sub	gender	male	0.0152980999513586	0.0141003711456202	221	2	0.279150732460946	0.819815223000773
semibin_SRR16168986.51	response	R	0.0687751918286198	0.0634093206938459	221	8	0.279293392254763	0.819936463359899
metabat_ERR6282298.17	gender	male	0.157021908550327	0.144851131578733	221	14	0.27955769127367	0.820414588904732
semibin_ERR6233695.43_sub	response	R	-0.1845513491047	0.171245230636825	221	44	0.28237637122677	0.821423964851844
maxbin_SRR16168926.008	response	R	0.1540646176752	0.142520083228533	221	60	0.280911121895909	0.821423964851844
metabat_SRR5930494.72_sub	age	age	0.0828110942147769	0.0766362464747595	221	21	0.281086358438565	0.821423964851844
maxbin_SRR23364240.009_sub	gender	male	0.156936791614509	0.145088212048527	221	38	0.280617723423524	0.821423964851844
maxbin_ERR6275667.027	age	age	-0.0887972870383942	0.0821819398019736	221	37	0.281136056447919	0.821423964851844
semibin_SRR25825517.45	age	age	0.0694260214821095	0.0643708897098129	221	24	0.28199410885798	0.821423964851844
maxbin_SRR16554634.001	gender	male	0.0775177705978333	0.0717385675898969	221	5	0.281092682774857	0.821423964851844
maxbin_SRR11413615.014	response	R	-0.0388403974507115	0.0359831156927161	221	4	0.28160498436281	0.821423964851844
maxbin_ERR12405926.036	response	R	0.0507643911919125	0.0468756379466245	221	4	0.280031697648789	0.821423964851844
maxbin_SRR5930498.027	age	age	-0.072730712771039	0.0672682338783978	221	53	0.280822470347596	0.821423964851844
metabat_SRR25825497.15	age	age	-0.01992920855822	0.0184608425229609	221	2	0.281545720518536	0.821423964851844
metabat_SRR16168984.8_sub	age	age	-0.0680963091250221	0.0631769924732468	221	38	0.282305907374782	0.821423964851844
metabat_SRR16554704.3	response	R	-0.0320119202374763	0.0296860740420752	221	2	0.282075675333652	0.821423964851844
semibin_SRR16554769.96	response	R	-0.032095975424449	0.0297866632182374	221	2	0.282440658537707	0.821423964851844
semibin_SRR25825509.16	response	R	0.0179985458969704	0.0166352169380347	221	2	0.280479072532808	0.821423964851844
maxbin_SRR11413686.007	response	R	-0.0306269405929476	0.0283165128639916	221	4	0.280633934077587	0.821423964851844
metabat_SRR8387683.37	response	R	-0.0536802356657214	0.0497359343555286	221	5	0.281650031809144	0.821423964851844
metabat_SRR16554728.7	response	R	0.0753045235252484	0.0695573781222213	221	3	0.280176649334278	0.821423964851844
semibin_SRR16554786.15	age	age	-0.0397112925371139	0.0368387644977386	221	4	0.282241445218969	0.821423964851844
maxbin_SRR16554628.020	response	R	-0.0702879756139081	0.0650143150136427	221	6	0.28084969114719	0.821423964851844
maxbin_SRR16168896.006	gender	male	0.0898679113921922	0.0830506530932473	221	4	0.280415507585904	0.821423964851844
semibin_SRR5930531.137	gender	male	0.0497582950807295	0.0460626844927937	221	4	0.281240480031955	0.821423964851844
semibin_SRR16554649.13	age	age	-0.0225256448926264	0.0208981307370672	221	2	0.282284742146772	0.821423964851844
metabat_SRR11413620.38	age	age	-0.00498644107673935	0.00462344446757174	221	1	0.282002641187264	0.821423964851844
maxbin_SRR23364177.003_sub	gender	male	0.0458775423831536	0.042557744501171	221	5	0.282227570433136	0.821423964851844
semibin_SRR8387677.66	gender	male	0.112338156513325	0.104316430022651	221	17	0.28272157682321	0.821650058694258
metabat_ERR12405920.6_sub	age	age	0.0409785056689505	0.0380477356152916	221	8	0.282670297253443	0.821650058694258
semibin_SRR5930494.37	response	R	0.133876881963793	0.124370245610876	221	17	0.282926611277267	0.821950586210682
metabat_ERR2162200.21	response	R	-0.0616624150913129	0.0573339951143979	221	2	0.28335567552139	0.82261859030764
metabat_ERR12405998.25	response	R	-0.0618819106084801	0.057539568324686	221	4	0.283359964465515	0.82261859030764
metabat_SRR16554771.5	response	R	0.233770591626797	0.217465726401522	221	56	0.283594092012693	0.822871414206168
metabat_SRR11413657.18	response	R	0.0980416152629176	0.0912458374251173	221	10	0.283801932973072	0.822871414206168
metabat_ERR2162212.52	response	R	0.0306938023888325	0.028560595077384	221	2	0.283715427195353	0.822871414206168
metabat_SRR16168976.38	age	age	0.0306145129932013	0.0284949884680579	221	6	0.283854011577054	0.822871414206168
maxbin_SRR16554753.014	response	R	-0.130751305781189	0.121748267503746	221	12	0.28403874605659	0.823111923362844
metabat_ERR6279675.42	age	age	0.0270048943586947	0.0251551308561005	221	5	0.284230804335468	0.823373476169508
metabat_SRR16554646.5	response	R	-0.378278833751458	0.35252745058098	221	56	0.284441464414223	0.823688708980393
maxbin_SRR23364203.002	age	age	-0.0473955174761455	0.0441806018514623	221	6	0.284568138444046	0.823760595467232
metabat_SRR11413617.26_sub	response	R	0.0190039881452151	0.0177188110512952	221	2	0.284672546890911	0.823767999732982
semibin_ERR6275666.93	gender	male	0.0650629928858358	0.0606951649676859	221	5	0.28492721379693	0.8242100519276
semibin_SRR5930517.13	response	R	-0.0872537353900132	0.0814467971602232	221	11	0.285232939324157	0.824504650912716
semibin_SRR13068843.26	age	age	0.0137563491799659	0.0128407107752289	221	3	0.285230368681754	0.824504650912716
semibin_SRR11413612.49	response	R	0.0160920543295581	0.0150252104770367	221	2	0.285357558856883	0.824570180791163
metabat_ERR6233692.1_sub	age	age	0.0415506027110021	0.0388203565944996	221	10	0.28565972778506	0.825044483147532
metabat_ERR6279675.42	gender	male	0.0581248227236195	0.0543122420079894	221	5	0.285725716777478	0.825044483147532
metabat_SRR16554786.23	response	R	0.149215231716741	0.139474325859267	221	24	0.285892582209097	0.825051803009703
metabat_SRR13022331.11	age	age	-0.0577881088097017	0.0540200959814095	221	19	0.285932270503981	0.825051803009703
metabat_SRR8387676.2	age	age	-0.127713169564698	0.119439063745046	221	27	0.286133877240532	0.825339086705215
maxbin_SRR16554665.003	age	age	0.201365839492197	0.188510117125108	221	86	0.286620317540432	0.826152932383113
metabat_SRR5930509.4	gender	male	-0.0241608132699941	0.0226172827362993	221	2	0.286596646135686	0.826152932383113
metabat_SRR23364184.7	gender	male	0.0498321857787882	0.0466611209608667	221	5	0.2867287809524	0.8261711365668
metabat_SRR5930506.44_sub	age	age	0.0556107353351836	0.0520999888257364	221	13	0.286984147905079	0.826612460205228
semibin_ERR6279671.24	response	R	0.172230560412338	0.161389173539536	221	60	0.287094083460541	0.826634726603366
semibin_SRR5930531.21	age	age	-0.0951637180668541	0.0892188443414902	221	11	0.287323080949851	0.826999672143202
semibin_SRR5930536.88	response	R	0.197163557896828	0.185153482091387	221	38	0.288122086823713	0.827430044481325
semibin_SRR16168940.103	response	R	-0.166748836644213	0.156442904509728	221	14	0.287663891710952	0.827430044481325
semibin_SRR6000900.6	age	age	-0.0512563215973659	0.0481614247408902	221	12	0.288393335236505	0.827430044481325
metabat_ERR6232458.6	age	age	0.0270090911436011	0.0253693899387031	221	8	0.288235954348585	0.827430044481325
metabat_SRR25825513.9	age	age	0.0271325710566129	0.0254929535353568	221	3	0.288376773158237	0.827430044481325
semibin_SRR16554678.8	gender	male	-0.0598269771642745	0.0562130433723241	221	3	0.288380212117765	0.827430044481325
metabat_SRR20881978.32	response	R	0.0800121150161517	0.0750730343101714	221	3	0.287702817640375	0.827430044481325
semibin_SRR5930527.83_sub	gender	male	-0.0420759800286104	0.0395148552152246	221	5	0.288151681176188	0.827430044481325
semibin_SRR16168943.33	response	R	0.0337098534188357	0.0316429251144454	221	3	0.287921013832536	0.827430044481325
semibin_SRR13022452.10	gender	male	-0.0772833098105025	0.0726825230380502	221	9	0.288828005320124	0.828089651552345
metabat_SRR16554632.45	gender	male	0.0813634871035757	0.076510832267613	221	3	0.28877147433732	0.828089651552345
metabat_ERR6281505.14	age	age	-0.134004906187155	0.126070446652159	221	60	0.288999190678028	0.828286837067291
metabat_ERR12405971.2	age	age	-0.0391818746031732	0.0368742969826924	221	6	0.289153731668237	0.828436196150444
metabat_ERR12405933.44	response	R	-0.0622585158099223	0.0586376767887036	221	6	0.289532980114998	0.828659689400094
metabat_SRR16554754.14_sub	gender	male	-0.0587651813794756	0.0553559144958395	221	2	0.289602756632604	0.828659689400094
metabat_SRR6000877.22	age	age	0.0443435408057457	0.0417673397228205	221	12	0.289562146484329	0.828659689400094
semibin_ERR6275661.76	response	R	-0.0416074914878807	0.0391967911101252	221	2	0.289641560575428	0.828659689400094
semibin_ERR12405918.0	age	age	0.0800520746627043	0.0754799124422141	221	20	0.290074734540695	0.828726405144874
metabat_SRR16168976.38	gender	male	-0.065279530947293	0.0615254786032305	221	6	0.289871291364191	0.828726405144874
maxbin_SRR13068845.006_sub	gender	male	0.0155749918443181	0.0146781029018784	221	2	0.289822244675875	0.828726405144874
semibin_SRR20881979.2	gender	male	-0.0476621828834365	0.0449390524332944	221	3	0.2900525247505	0.828726405144874
semibin_ERR6279627.7	age	age	0.0095679781473001	0.00902953284128125	221	2	0.290490262191308	0.829327652877973
semibin_SRR5930498.210	gender	male	-0.0331898086419421	0.0313174763775563	221	4	0.290420355219723	0.829327652877973
semibin_ERR6233693.7	response	R	0.198801677648756	0.187935604096061	221	44	0.291328766088207	0.829417201271119
semibin_SRR25825517.45	response	R	-0.139630052577885	0.131864146862719	221	24	0.290825658832879	0.829417201271119
semibin_SRR5930495.44	gender	male	0.124757551029457	0.117833963080707	221	8	0.290894468945319	0.829417201271119
maxbin_SRR6000908.002	age	age	0.012290249396796	0.0116145877589826	221	3	0.291155128351673	0.829417201271119
semibin_SRR23364187.70	age	age	0.0307353075123661	0.0290564227815036	221	4	0.291342021366376	0.829417201271119
maxbin_SRR16554777.012	gender	male	0.0751507966017042	0.0709498495194083	221	4	0.290682307725963	0.829417201271119
semibin_SRR23364193.23	age	age	0.0278868839081347	0.0263446187757879	221	7	0.290990386666203	0.829417201271119
metabat_SRR23364187.36	response	R	0.017178813074581	0.0162342354008904	221	2	0.29114794024413	0.829417201271119
semibin_SRR5930502.51	response	R	-0.47182789929181	0.446487214721599	221	101	0.291798845049606	0.829478306889773
maxbin_ERR12405918.001	response	R	0.0798496382320302	0.0755675385095444	221	8	0.291843780077104	0.829478306889773
maxbin_SRR16554789.004	response	R	-0.0393285572993401	0.0372288263646483	221	2	0.291959853397677	0.829478306889773
metabat_SRR16554659.15	gender	male	0.0104470615670363	0.00988968826003875	221	1	0.291978825384727	0.829478306889773
maxbin_SRR13068835.016	gender	male	0.0104470615670268	0.00988968826003875	221	1	0.291978825385161	0.829478306889773
maxbin_SRR13068836.049	gender	male	0.0104470615670268	0.00988968826003875	221	1	0.291978825385158	0.829478306889773
metabat_SRR5930515.56	age	age	0.0416294711137685	0.0394633482169345	221	7	0.292658805934957	0.830826403089482
metabat_SRR5930499.39	response	R	0.0261830490454009	0.0248193261230447	221	2	0.292624938562731	0.830826403089482
metabat_SRR5930501.36	age	age	0.0284719906910134	0.02699787315318	221	5	0.292780509554821	0.830880267115576
semibin_SRR5930528.70_sub	response	R	-0.0517524359770525	0.0490838819571531	221	2	0.292891290130983	0.830903105780215
semibin_ERR6279627.7	response	R	0.0194692271285188	0.0184816640887751	221	2	0.293316659059542	0.830944006470604
semibin_ERR6232521.9	age	age	0.0240315332699373	0.0228023137525868	221	3	0.293107939640242	0.830944006470604
maxbin_SRR16554777.012	age	age	0.0346461847175882	0.0328836515725079	221	4	0.293238279751417	0.830944006470604
semibin_SRR5930501.71	gender	male	-0.0297809279674155	0.0282664478022082	221	2	0.293247541307714	0.830944006470604
semibin_SRR20881979.39	age	age	0.0647768033929456	0.0615147032561178	221	8	0.293511012521507	0.831203455628132
metabat_SRR16554674.5	age	age	-0.19455266796831	0.194423162310562	221	176	0.318113274562309	0.831793044710004
metabat_SRR16554674.5	gender	male	0.324783789173484	0.419790658560128	221	176	0.439969877897248	0.831793044710004
semibin_SRR5930502.51	gender	male	0.340948962871349	0.470102508598868	221	101	0.469075117478728	0.831793044710004
metabat_SRR13022352.3	response	R	0.294031607130714	0.40056887502878	221	152	0.463722203423231	0.831793044710004
semibin_ERR12405939.29	response	R	0.274877843004904	0.382427309466768	221	151	0.473058195659616	0.831793044710004
maxbin_SRR13022336.003_sub	gender	male	-0.310128688223297	0.386710358882074	221	130	0.42345105838838	0.831793044710004
maxbin_SRR25825509.002	gender	male	0.409412109476215	0.41543913738724	221	86	0.325479792684061	0.831793044710004
metabat_SRR13022417.2	gender	male	-0.331873663243324	0.413162283573367	221	73	0.422707721848464	0.831793044710004
semibin_ERR6279672.24	age	age	0.0943597582031818	0.108574603481985	221	28	0.385764889100012	0.831793044710004
maxbin_SRR16554665.003	response	R	0.342949360938671	0.385666136780514	221	86	0.374861228900709	0.831793044710004
semibin_SRR11413686.80	age	age	-0.148894704758063	0.141807324826079	221	30	0.294895775231201	0.831793044710004
semibin_SRR11413686.80	response	R	0.290843378418121	0.290285223985994	221	30	0.317497679776422	0.831793044710004
metabat_ERR6279614.12_sub	age	age	-0.115327050776474	0.111685369105124	221	22	0.302949025724712	0.831793044710004
metabat_ERR6279614.12_sub	response	R	0.200755185958024	0.228580636985711	221	22	0.380777784193467	0.831793044710004
semibin_ERR6232382.49_sub	age	age	-0.0867352438161478	0.0868735775461428	221	21	0.319205124054112	0.831793044710004
semibin_ERR6232382.49_sub	response	R	0.162257995820754	0.177802674943076	221	21	0.362488618532911	0.831793044710004
semibin_ERR6279675.47	gender	male	0.195965737012331	0.215234945780011	221	31	0.363595420903551	0.831793044710004
maxbin_SRR16554775.001	gender	male	-0.341086766395231	0.336588892368246	221	90	0.312024143196054	0.831793044710004
semibin_SRR11413653.97_sub	response	R	-0.303199598268583	0.314956920856508	221	108	0.336787028816185	0.831793044710004
metabat_ERR6232687.8_sub	age	age	-0.100409358428078	0.0994162092336112	221	29	0.313639068918596	0.831793044710004
metabat_SRR25825493.27	age	age	-0.0918158547790846	0.0973472812136028	221	29	0.346651501040186	0.831793044710004
maxbin_ERR6279667.001	response	R	-0.231780206832557	0.239313373915563	221	23	0.333863447855036	0.831793044710004
maxbin_SRR16554671.002	age	age	-0.136376102435347	0.131136185932248	221	24	0.299517913363777	0.831793044710004
metabat_SRR5930494.64	age	age	-0.0751496498431624	0.0958433713967905	221	28	0.433853715138922	0.831793044710004
metabat_ERR12405981.15	gender	male	0.248232567879034	0.310615198902919	221	69	0.425078737579216	0.831793044710004
metabat_SRR16554646.5	gender	male	0.263424515506715	0.370938573858961	221	56	0.47836942831171	0.831793044710004
metabat_SRR20881978.24	gender	male	0.302056494525545	0.351916132433552	221	97	0.391669919393595	0.831793044710004
semibin_SRR6000905.60_sub	gender	male	0.227381702222239	0.289849243834069	221	77	0.433612492538592	0.831793044710004
semibin_SRR5930507.29	gender	male	-0.253047255342819	0.342435472695868	221	78	0.460730792308411	0.831793044710004
semibin_SRR16554630.20	response	R	-0.225092415625269	0.298179016144284	221	96	0.451140739315817	0.831793044710004
semibin_SRR25825509.21	gender	male	0.30812237866599	0.364488613099478	221	55	0.398845525006417	0.831793044710004
semibin_SRR16554707.35_sub	response	R	0.316084649918109	0.332138737741217	221	71	0.342325928766683	0.831793044710004
semibin_ERR2162217.22	gender	male	0.352829584576128	0.36950884140673	221	49	0.340711862358769	0.831793044710004
semibin_ERR2162217.22	response	R	-0.308919823509337	0.350564398122889	221	49	0.379181833712385	0.831793044710004
semibin_ERR2162223.6	gender	male	0.253789875144693	0.339454616312552	221	79	0.455495372068545	0.831793044710004
metabat_SRR6000874.30	gender	male	0.143360885482292	0.17080577189473	221	21	0.4022128428845	0.831793044710004
metabat_SRR6000874.30	response	R	-0.165616996099595	0.162328017504753	221	21	0.308740648230633	0.831793044710004
semibin_SRR5930499.112	response	R	0.317181170707768	0.314113609893164	221	97	0.313744204203217	0.831793044710004
maxbin_ERR6257997.027	gender	male	0.142745417343294	0.136251707118296	221	15	0.295971620531636	0.831793044710004
semibin_SRR16168903.5	gender	male	-0.306823388947012	0.347107194975147	221	67	0.377704634023142	0.831793044710004
semibin_SRR16554765.8	response	R	-0.214584038204898	0.301443885636361	221	67	0.477325976978333	0.831793044710004
semibin_SRR5930534.80	age	age	0.0616280207913408	0.0792614945397781	221	19	0.437694238532975	0.831793044710004
metabat_SRR6000907.1_sub	response	R	-0.256808493673044	0.282355478882998	221	69	0.364083785914459	0.831793044710004
semibin_SRR25825514.3_sub	gender	male	0.314607141106509	0.359683345934577	221	91	0.382717811435838	0.831793044710004
semibin_SRR11413656.25	gender	male	0.145873874652901	0.140972849794144	221	14	0.301930103611099	0.831793044710004
semibin_SRR20881975.0	age	age	0.12067620039457	0.119809082826424	221	32	0.314945586846617	0.831793044710004
maxbin_SRR16554759.001	gender	male	-0.178502561957525	0.250447098941132	221	39	0.476775076657747	0.831793044710004
metabat_SRR16554771.26	response	R	-0.217151541447275	0.262439064383484	221	113	0.408902104719568	0.831793044710004
semibin_SRR16554665.28	age	age	0.0477631912747241	0.0653736350553616	221	12	0.465800759455401	0.831793044710004
metabat_ERR6279651.8	gender	male	-0.140823506124502	0.160012409795363	221	14	0.379790307175279	0.831793044710004
metabat_SRR16554746.22	age	age	0.16667933569948	0.167798449578871	221	67	0.321662741486852	0.831793044710004
maxbin_SRR13022253.002	response	R	-0.0948796123910685	0.125703127348246	221	13	0.451194814151274	0.831793044710004
maxbin_ERR6232518.013	response	R	0.126330887385864	0.13142556721514	221	65	0.337517717185644	0.831793044710004
metabat_ERR6275666.49	response	R	0.219818080354999	0.226145507052446	221	27	0.332123670840872	0.831793044710004
metabat_SRR16554744.3	gender	male	0.290934701716784	0.31293088629406	221	80	0.353554891072324	0.831793044710004
semibin_SRR11413690.7	age	age	0.123133722387424	0.139855256089004	221	45	0.37960052870547	0.831793044710004
semibin_SRR11413690.7	response	R	-0.22002243132372	0.286119409694534	221	45	0.442739352977766	0.831793044710004
semibin_SRR13022424.5	age	age	-0.108652865571492	0.131487290049152	221	46	0.409520784411818	0.831793044710004
semibin_ERR12405947.71	gender	male	0.270462372550851	0.27112146997817	221	70	0.319599479547933	0.831793044710004
semibin_ERR6279646.10	response	R	0.123100950664509	0.164286553063096	221	66	0.454494654836591	0.831793044710004
semibin_SRR23364196.21	response	R	0.21911013932293	0.224963815994457	221	27	0.3311523118882	0.831793044710004
semibin_SRR6000910.14	response	R	0.146487332471912	0.16616149069359	221	65	0.378983271960457	0.831793044710004
semibin_SRR11413649.182	age	age	-0.0793607012639269	0.102174973923516	221	17	0.438174166565093	0.831793044710004
semibin_SRR16554766.35_sub	response	R	0.152580375703529	0.169296547163132	221	65	0.368461577556969	0.831793044710004
semibin_ERR6279614.29	gender	male	0.224548000150762	0.291358535580131	221	56	0.441737317248616	0.831793044710004
maxbin_SRR5930501.087_sub	age	age	-0.089812248639419	0.0919032330596068	221	48	0.329544362414051	0.831793044710004
maxbin_ERR2162209.017_sub	response	R	0.146129459590845	0.192065708659873	221	65	0.447594707201157	0.831793044710004
metabat_SRR16554643.9	age	age	0.0838762717662679	0.0815796215769564	221	16	0.305025270508401	0.831793044710004
metabat_SRR16554643.9	gender	male	0.127546040305347	0.176115880205086	221	16	0.46971392044099	0.831793044710004
metabat_SRR13022323.1	gender	male	0.240139859660028	0.266084703282699	221	66	0.367796294637463	0.831793044710004
semibin_SRR16554673.15	age	age	-0.129100685813621	0.129462247225219	221	32	0.319774618336723	0.831793044710004
semibin_ERR6267712.45	age	age	-0.087245596621362	0.100829251413	221	42	0.387840423571134	0.831793044710004
semibin_SRR16168909.12	response	R	0.158976433960991	0.183447396340641	221	62	0.387127917567669	0.831793044710004
semibin_SRR11413684.67	age	age	0.106495422800581	0.111905922428376	221	21	0.342332588088592	0.831793044710004
semibin_SRR11413684.67	response	R	0.214315532824176	0.229239941477055	221	21	0.350881011614573	0.831793044710004
metabat_SRR23364233.36	gender	male	0.285571506253731	0.276659898056052	221	67	0.303124184100436	0.831793044710004
semibin_SRR25825499.11	response	R	0.137428399453296	0.146260534174268	221	59	0.348474178366966	0.831793044710004
semibin_SRR16554653.1	gender	male	-0.18412644069229	0.238684151837471	221	32	0.441295457392593	0.831793044710004
semibin_SRR23364199.62	response	R	0.166294261865279	0.166629005802559	221	60	0.319409832856614	0.831793044710004
maxbin_SRR5930508.026	gender	male	0.248991428096902	0.28139296694518	221	64	0.377217728179913	0.831793044710004
semibin_SRR16554730.5	response	R	0.161535738052903	0.169221534517243	221	67	0.340865181906138	0.831793044710004
semibin_SRR16554790.42	age	age	0.0984542709578786	0.111717743510472	221	41	0.379143545123373	0.831793044710004
metabat_SRR16168941.17	response	R	0.150468552187026	0.152455426946229	221	62	0.32477205328284	0.831793044710004
semibin_SRR16168929.15_sub	response	R	0.137023716339128	0.162060128711428	221	59	0.398768837945155	0.831793044710004
metabat_ERR6235716.8_sub	response	R	0.129468601938203	0.13645700707119	221	57	0.343798417907572	0.831793044710004
metabat_SRR16554633.8	gender	male	-0.256034866629137	0.272040721189318	221	47	0.347667478692521	0.831793044710004
metabat_ERR6279615.15	response	R	0.137644670018498	0.145446956080904	221	59	0.345033171519577	0.831793044710004
metabat_SRR16554713.7	gender	male	0.261612566168071	0.278889846710978	221	65	0.349271956835343	0.831793044710004
semibin_SRR13068836.17_sub	response	R	0.116301492800142	0.157863576154853	221	58	0.462097926580857	0.831793044710004
metabat_SRR13022372.10_sub	age	age	-0.0806867812479732	0.0949977316052659	221	42	0.396619996393624	0.831793044710004
semibin_SRR20881981.34	response	R	0.140896853023653	0.157951182295961	221	60	0.373379064220726	0.831793044710004
semibin_SRR11413688.2	response	R	0.140788874094251	0.156529548626577	221	59	0.369428675756568	0.831793044710004
maxbin_SRR5930515.007	gender	male	0.301668411270584	0.314369275587998	221	58	0.338325115187006	0.831793044710004
semibin_SRR16554693.19	age	age	0.109442807027001	0.123589280793045	221	28	0.37684761852267	0.831793044710004
semibin_SRR25825516.1	response	R	0.1643122330069	0.15938765445665	221	58	0.303751891339136	0.831793044710004
maxbin_SRR13068818.010	response	R	0.184809779254542	0.235170667546338	221	56	0.432811414182256	0.831793044710004
semibin_SRR16554672.14	gender	male	0.21324267655618	0.260662193120106	221	38	0.414208573331332	0.831793044710004
semibin_SRR16554672.14	response	R	0.178076076778544	0.247724515268172	221	38	0.473008407173619	0.831793044710004
maxbin_SRR16554787.017_sub	age	age	0.127916048985625	0.12589720702843	221	46	0.310749920258971	0.831793044710004
metabat_SRR23364184.15	response	R	0.136481828903662	0.162570590834205	221	60	0.40211143980972	0.831793044710004
maxbin_ERR12405958.009_sub	age	age	-0.0640836956128728	0.0866528157632579	221	35	0.460384435491586	0.831793044710004
maxbin_ERR12405958.009_sub	response	R	0.159184942160379	0.177375724595722	221	35	0.370486535659438	0.831793044710004
semibin_SRR16168913.31	response	R	0.139046424184283	0.143674390366587	221	56	0.334241584308258	0.831793044710004
semibin_SRR11413652.32	response	R	0.0966291976343784	0.0942506117603682	221	8	0.30639783430924	0.831793044710004
semibin_SRR5930519.26	response	R	0.125369782275578	0.174471670579456	221	59	0.473190174272821	0.831793044710004
maxbin_SRR16554738.006_sub	age	age	-0.0541418700339105	0.0667301668348276	221	26	0.41805199654352	0.831793044710004
maxbin_SRR16554738.006_sub	gender	male	0.104399118920189	0.14404116207324	221	26	0.469364086042358	0.831793044710004
semibin_SRR11413688.65_sub	response	R	0.235449973465096	0.273456767449544	221	29	0.390183147669437	0.831793044710004
maxbin_ERR12406009.001	response	R	0.159506736077879	0.153978841543657	221	32	0.301403773699724	0.831793044710004
semibin_SRR13068830.5	response	R	0.124397880047694	0.163532321160954	221	58	0.447677139605421	0.831793044710004
metabat_SRR5930502.31	age	age	-0.0796706139753995	0.108165755153033	221	37	0.462194834397258	0.831793044710004
metabat_ERR2162222.11_sub	age	age	-0.0757009551527861	0.0994834707801281	221	45	0.447525049009385	0.831793044710004
metabat_ERR2162222.11_sub	gender	male	0.20830942815832	0.214801526940895	221	45	0.333245670792888	0.831793044710004
maxbin_SRR16554790.013_sub	response	R	-0.228548532235357	0.289636152065165	221	54	0.430925224303893	0.831793044710004
metabat_SRR11413686.6	age	age	-0.0539172749157903	0.0662178814777812	221	15	0.416399863124785	0.831793044710004
maxbin_SRR8387707.004_sub	gender	male	0.174371195280357	0.211651862986543	221	54	0.410935654314907	0.831793044710004
metabat_SRR16554669.41_sub	age	age	-0.104675357412268	0.102572031695589	221	51	0.308638402904946	0.831793044710004
metabat_SRR16554669.41_sub	gender	male	0.162281519953217	0.221459297288638	221	51	0.46449127808612	0.831793044710004
semibin_SRR11413606.8	response	R	0.139036877627527	0.149900046329679	221	56	0.354695139915989	0.831793044710004
semibin_SRR20881986.74	gender	male	0.19021093451007	0.213087409767393	221	51	0.373049282051723	0.831793044710004
metabat_SRR5930494.72_sub	gender	male	-0.139765139246872	0.165188762865022	221	21	0.398432619842541	0.831793044710004
metabat_SRR5930494.72_sub	response	R	0.156684171525578	0.156989802466793	221	21	0.319365190061214	0.831793044710004
semibin_SRR23364193.36	gender	male	0.161596196495711	0.205559009433532	221	50	0.432659211031127	0.831793044710004
semibin_SRR23364193.36	response	R	0.203992307716382	0.194923222160617	221	50	0.29649569540447	0.831793044710004
semibin_SRR16554673.13	response	R	-0.166859730976032	0.17495032739336	221	25	0.341268928663276	0.831793044710004
semibin_SRR16554786.37	age	age	-0.0960322261217318	0.0941759923181207	221	25	0.309013416393938	0.831793044710004
semibin_ERR2162202.9	age	age	0.0778625118868377	0.105780953661302	221	30	0.462481148389232	0.831793044710004
semibin_SRR5930501.2	gender	male	0.152484480133457	0.209071094265938	221	53	0.466588073586771	0.831793044710004
semibin_ERR2162208.7	age	age	-0.0573976279860832	0.0706781174839476	221	14	0.417624792526275	0.831793044710004
metabat_SRR16554665.10	age	age	-0.0811137212429494	0.111491590385065	221	62	0.467691278721186	0.831793044710004
semibin_ERR2162200.40	age	age	-0.0237692266974022	0.0314720246531796	221	2	0.450925414471381	0.831793044710004
semibin_ERR2162200.40	gender	male	0.0598890797434842	0.0679520135340707	221	2	0.379114902401134	0.831793044710004
metabat_SRR13068853.24	gender	male	0.198938284437173	0.208622780055608	221	47	0.341371257173261	0.831793044710004
semibin_SRR25825502.21	response	R	0.0799936893399737	0.110539266633244	221	14	0.470050527497256	0.831793044710004
semibin_ERR6279669.74	age	age	0.0576191665263969	0.0755025378341733	221	47	0.446218082593378	0.831793044710004
semibin_ERR6279669.74	gender	male	0.169599500177917	0.163012991666358	221	47	0.299324611164707	0.831793044710004
semibin_SRR16554776.8	gender	male	-0.20237300503735	0.245746100890261	221	28	0.411132559979601	0.831793044710004
metabat_SRR13068851.17	response	R	0.132449993161278	0.150008914482479	221	21	0.378241733892059	0.831793044710004
maxbin_ERR2162223.001	gender	male	0.0495348092340547	0.0606803090249499	221	2	0.415216877257751	0.831793044710004
metabat_ERR6279627.10	gender	male	0.179437615024824	0.215219632793077	221	39	0.405347622455778	0.831793044710004
metabat_ERR6279627.10	response	R	0.158051316833116	0.203933564337223	221	39	0.439179063474967	0.831793044710004
semibin_SRR11413679.4	gender	male	0.198269112122427	0.222695190328018	221	34	0.374289258207689	0.831793044710004
metabat_ERR2162214.7	gender	male	-0.24635089373842	0.237868381726576	221	31	0.301523628601068	0.831793044710004
metabat_SRR11413647.31	gender	male	0.137450656738346	0.184741990680349	221	45	0.45768297748098	0.831793044710004
metabat_ERR2162213.1	gender	male	-0.188425471719381	0.229259787650553	221	27	0.412053646733078	0.831793044710004
metabat_SRR16168896.4	gender	male	-0.176017309111771	0.191352592959193	221	30	0.358668111642689	0.831793044710004
metabat_SRR16168896.4	response	R	-0.165328251730178	0.181855019973234	221	30	0.364294767284761	0.831793044710004
metabat_ERR12405997.59	gender	male	-0.219768241676295	0.225208050062576	221	27	0.330238670790209	0.831793044710004
maxbin_SRR11413646.009	response	R	0.117229784014443	0.133014227791874	221	19	0.379115364480063	0.831793044710004
metabat_SRR13068832.4	gender	male	0.173551204893175	0.187969461116696	221	47	0.356892043187456	0.831793044710004
maxbin_SRR5930507.045	gender	male	0.229164957373549	0.220266943748362	221	21	0.299314676934265	0.831793044710004
maxbin_ERR6282070.040_sub	response	R	0.138939629642496	0.186268031823308	221	33	0.456530918032051	0.831793044710004
semibin_ERR6233693.7	gender	male	0.142205341874847	0.198180801714974	221	44	0.473814199147132	0.831793044710004
semibin_SRR16168945.59_sub	gender	male	0.172821913929343	0.206565765667137	221	46	0.403724924355828	0.831793044710004
semibin_ERR12405923.28	gender	male	-0.17520624121626	0.22082254746052	221	25	0.428406094311858	0.831793044710004
semibin_ERR12405923.28	response	R	-0.14873572507165	0.209281396617625	221	25	0.478041866418753	0.831793044710004
semibin_SRR6000901.29	gender	male	-0.173949748329336	0.218647545419938	221	25	0.427159945378576	0.831793044710004
semibin_SRR23364183.27	response	R	0.130568644896945	0.170556481915977	221	41	0.444789020573554	0.831793044710004
metabat_SRR16554763.7	age	age	0.0218974993660362	0.0303081814761303	221	3	0.470768314973694	0.831793044710004
metabat_SRR16554763.7	gender	male	0.0584795006423563	0.0653290216187645	221	3	0.371696892936824	0.831793044710004
maxbin_ERR12406005.005	response	R	-0.0357310891586142	0.0368535232137978	221	8	0.333353546647493	0.831793044710004
semibin_ERR6279657.86	age	age	-0.0183570699770578	0.0235848496852819	221	4	0.437220512966121	0.831793044710004
maxbin_SRR5930497.004	age	age	0.0820677204318938	0.0780061939141195	221	31	0.293939062200397	0.831793044710004
metabat_ERR6281586.4	gender	male	-0.164710408395667	0.221906731686439	221	26	0.458746383406324	0.831793044710004
maxbin_SRR13022429.005	response	R	-0.0959494180346229	0.124535325432478	221	23	0.441865397072941	0.831793044710004
metabat_SRR5930529.3	age	age	0.0522701964559718	0.0715325392458994	221	19	0.465742346208941	0.831793044710004
metabat_SRR5930529.3	response	R	0.124249951535938	0.146348420006131	221	19	0.396819784402167	0.831793044710004
metabat_ERR2162211.9	age	age	0.0839347661319492	0.0816953571791229	221	19	0.305370503594858	0.831793044710004
metabat_ERR2162211.9	gender	male	-0.133639379884812	0.176093631995404	221	19	0.448729383688754	0.831793044710004
semibin_ERR2162218.39	age	age	0.0693900374595975	0.0771533818932186	221	15	0.369448395105876	0.831793044710004
maxbin_SRR6000869.050	gender	male	-0.154750574412825	0.21077533852968	221	45	0.463623490503908	0.831793044710004
metabat_SRR13068834.30	gender	male	0.144925193488783	0.197377298632387	221	44	0.46359618589822	0.831793044710004
metabat_SRR13068834.30	response	R	0.183778843051999	0.187168261665476	221	44	0.327259877654889	0.831793044710004
semibin_SRR11413683.31	age	age	0.0962600237742802	0.108917397175728	221	29	0.377788101695935	0.831793044710004
metabat_SRR13068828.29	age	age	-0.0850865786025918	0.0897467212146765	221	21	0.344146125242806	0.831793044710004
semibin_SRR11413617.49	age	age	-0.121708756739334	0.116751080360818	221	27	0.298356758903525	0.831793044710004
metabat_ERR12405917.12	response	R	-0.184651086822772	0.19743930060668	221	24	0.350719211667117	0.831793044710004
metabat_ERR12405923.25	gender	male	0.0866291782162358	0.102951668607191	221	15	0.401029269712047	0.831793044710004
metabat_SRR16554747.15	age	age	-0.120427773167537	0.117445528521257	221	27	0.30631966545414	0.831793044710004
metabat_SRR11413685.32	age	age	-0.0705947038401794	0.0795765491349898	221	35	0.376003767297946	0.831793044710004
metabat_SRR11413685.32	gender	male	0.128437652520227	0.17180903506877	221	35	0.455544938707428	0.831793044710004
metabat_SRR11413685.32	response	R	0.133059551586834	0.162922100232201	221	35	0.415002542400294	0.831793044710004
semibin_SRR13022464.9	response	R	0.0939073670227379	0.130256503698876	221	27	0.471721246929248	0.831793044710004
semibin_ERR6281341.24	response	R	0.0523984851029686	0.0738208976436261	221	11	0.478586731622758	0.831793044710004
semibin_SRR11413690.11	response	R	-0.144268183615773	0.166348955880889	221	21	0.386764639581198	0.831793044710004
maxbin_SRR23364240.009_sub	age	age	-0.0627583926217653	0.0672005690296591	221	38	0.351408532507333	0.831793044710004
maxbin_SRR23364240.009_sub	response	R	0.113379676078346	0.137587114486225	221	38	0.41082287097634	0.831793044710004
maxbin_SRR8387683.015_sub	response	R	0.0577352860756375	0.0760554776314623	221	10	0.448604167022908	0.831793044710004
semibin_SRR5930501.108	gender	male	-0.116260493090071	0.116877559278481	221	8	0.320980428677843	0.831793044710004
metabat_SRR13068838.21	response	R	0.145007775840901	0.17269621091324	221	34	0.402019584268409	0.831793044710004
maxbin_ERR6279649.002	response	R	0.0251575990496064	0.0273767997872965	221	2	0.35914798046772	0.831793044710004
maxbin_SRR23364191.039_sub	age	age	0.0597118279637067	0.0666009382096522	221	17	0.370950651947073	0.831793044710004
maxbin_SRR23364191.039_sub	gender	male	-0.13424850826513	0.143797022611036	221	17	0.351553185339427	0.831793044710004
semibin_SRR16554627.102	age	age	0.0585265747110599	0.0640928903294082	221	28	0.362175831668486	0.831793044710004
semibin_SRR16554627.102	gender	male	0.0984149439218192	0.138151667767882	221	28	0.477001634420099	0.831793044710004
semibin_SRR16554627.102	response	R	-0.123256628801329	0.131294663493907	221	28	0.348888131779219	0.831793044710004
maxbin_ERR6275667.027	gender	male	0.179266822925418	0.177433261888552	221	37	0.31347524164312	0.831793044710004
maxbin_ERR2162214.002	gender	male	0.0856577876761537	0.0973832880591763	221	6	0.380052130127061	0.831793044710004
maxbin_ERR2162214.002	response	R	-0.0907592831050746	0.092549776938938	221	6	0.327855585853457	0.831793044710004
maxbin_SRR5930506.040	gender	male	-0.165540400304331	0.215054464245667	221	20	0.442279279378912	0.831793044710004
metabat_SRR16554654.18	age	age	0.0963946347561406	0.122111929102587	221	72	0.430742423481801	0.831793044710004
metabat_SRR16554654.18	gender	male	0.265626220606158	0.263211201323138	221	72	0.314014561909619	0.831793044710004
semibin_ERR12405939.27	response	R	-0.0309273206485749	0.0325860375038694	221	2	0.343633866870665	0.831793044710004
semibin_SRR5930503.31	age	age	0.0580405355794656	0.0666089819504215	221	23	0.384519528212403	0.831793044710004
metabat_SRR11413687.86	response	R	0.0991328747023315	0.128688616082562	221	24	0.44194250087155	0.831793044710004
metabat_SRR16554786.38	age	age	-0.0699189758514399	0.0765670297163113	221	15	0.362164847039533	0.831793044710004
maxbin_SRR16168900.001	response	R	-0.142652286041909	0.158786887176019	221	18	0.369974292655862	0.831793044710004
metabat_SRR25825504.22_sub	response	R	0.0948709398731416	0.116667902316176	221	15	0.417012127951548	0.831793044710004
semibin_SRR16168940.103	gender	male	0.127521433457327	0.16461330257702	221	14	0.439376347243467	0.831793044710004
maxbin_ERR12405924.017	gender	male	0.0868008171450741	0.0973768298342384	221	15	0.373718289029471	0.831793044710004
metabat_SRR11413686.33	age	age	0.0531762988551408	0.0641702873285533	221	11	0.408199192209084	0.831793044710004
metabat_SRR5930494.25_sub	gender	male	-0.107498216649341	0.146694715010486	221	12	0.464469873826326	0.831793044710004
semibin_SRR16554784.78	gender	male	0.134813789943387	0.130031661132645	221	13	0.300993888028631	0.831793044710004
semibin_SRR11413681.23	age	age	-0.104361296803968	0.109218557525908	221	24	0.340374439258791	0.831793044710004
semibin_SRR11413681.23	response	R	0.213297909693471	0.223734858639608	221	24	0.34147286123212	0.831793044710004
semibin_SRR16554681.27	age	age	-0.0485404139265145	0.0475787989372877	221	9	0.308764449946172	0.831793044710004
semibin_SRR5930493.36_sub	age	age	0.0745399916610383	0.078131018052692	221	22	0.341125734932347	0.831793044710004
semibin_SRR11413620.97	age	age	0.0495401207197126	0.0529076541696746	221	12	0.350133522225017	0.831793044710004
semibin_SRR11413620.97	response	R	0.0958039883667625	0.108381641313999	221	12	0.377701324026585	0.831793044710004
semibin_SRR6000893.60_sub	response	R	0.0916401126048699	0.119596892517581	221	20	0.444368116552725	0.831793044710004
maxbin_SRR8387710.024	age	age	0.0454127878499869	0.0618729614144416	221	14	0.46376038594753	0.831793044710004
maxbin_SRR5930533.002	age	age	0.0227259115262023	0.0320183689992695	221	9	0.478611646975709	0.831793044710004
semibin_SRR16554736.21	response	R	0.0648526374093684	0.076087844317715	221	10	0.394966282505682	0.831793044710004
semibin_ERR2162216.32	gender	male	0.196991457585369	0.261290743500035	221	45	0.451720464294124	0.831793044710004
metabat_ERR6281658.13	age	age	0.0969590552997508	0.116140135901265	221	54	0.404722934594334	0.831793044710004
metabat_ERR12406002.11	gender	male	-0.0919188668900706	0.0977804490874976	221	11	0.348235278956959	0.831793044710004
semibin_SRR23364206.58	gender	male	-0.109501451049556	0.149596739943108	221	23	0.464979826945977	0.831793044710004
semibin_SRR16554744.40_sub	age	age	-0.0402541067791824	0.0554918812934345	221	10	0.468984956120112	0.831793044710004
maxbin_SRR16554659.005	response	R	0.0619396188556689	0.0699683422022849	221	7	0.377009015113363	0.831793044710004
metabat_SRR16554654.55	gender	male	0.0503683083448651	0.0578851705216595	221	3	0.385184410872057	0.831793044710004
maxbin_SRR11413607.019	gender	male	0.0777538352501831	0.0987645640828934	221	14	0.431986053884317	0.831793044710004
maxbin_ERR12405991.007	response	R	0.128109024642272	0.13715618156567	221	28	0.351333214040102	0.831793044710004
metabat_SRR6000940.44	gender	male	-0.0943493365635246	0.100133961214624	221	11	0.34712209349156	0.831793044710004
semibin_SRR8387707.23	gender	male	0.206993738471004	0.258887316635577	221	58	0.424845045770549	0.831793044710004
semibin_ERR6275679.24	gender	male	0.0686612599369919	0.0783722872094158	221	8	0.381949322056123	0.831793044710004
semibin_SRR20881983.27	age	age	-0.0817153455339693	0.0791762478698941	221	28	0.303199699874553	0.831793044710004
semibin_ERR12405984.5	age	age	0.060274180013089	0.0680473284345593	221	24	0.376723657829865	0.831793044710004
semibin_ERR12405984.5	response	R	-0.119761043567224	0.139356850728007	221	24	0.3910777849689	0.831793044710004
semibin_SRR20881977.45	age	age	-0.0502399311915518	0.0627555151999957	221	29	0.424267820138326	0.831793044710004
semibin_SRR5930494.42	age	age	0.0376906095415586	0.0378715629573951	221	13	0.320747331048884	0.831793044710004
metabat_SRR5930527.85	gender	male	-0.153580583555402	0.18528967151568	221	27	0.408097504614981	0.831793044710004
maxbin_ERR6275668.007	response	R	0.0483686269733928	0.047546925859267	221	5	0.310152196001155	0.831793044710004
semibin_ERR12405998.5_sub	response	R	-0.103642642028981	0.100215221124824	221	11	0.302193562306453	0.831793044710004
metabat_SRR5930528.37	age	age	0.0927070625702509	0.0941975669608691	221	33	0.326124736688492	0.831793044710004
maxbin_SRR11413647.002	age	age	0.0180397477923487	0.0188357062156318	221	2	0.339266413438453	0.831793044710004
maxbin_SRR11413647.002	response	R	-0.0357090146115717	0.0385344740032463	221	2	0.355130255892396	0.831793044710004
maxbin_SRR25825507.025_sub	age	age	0.031974293521864	0.0362179480785446	221	8	0.378305070060413	0.831793044710004
maxbin_SRR25825507.025_sub	gender	male	-0.077155954290519	0.0781441692225726	221	8	0.324569359769229	0.831793044710004
metabat_ERR6232523.3	gender	male	0.0605610508267693	0.0612675660047643	221	5	0.324024822161632	0.831793044710004
metabat_ERR6232523.3	response	R	0.0529661257640273	0.0581070485875713	221	5	0.363031463881967	0.831793044710004
semibin_SRR23364186.11	age	age	0.0307705360471255	0.0370097902135725	221	8	0.406652620649481	0.831793044710004
metabat_ERR12405926.24	gender	male	0.055975728104877	0.0721746551533941	221	10	0.438860643812273	0.831793044710004
semibin_SRR16554678.23	age	age	-0.029701068034034	0.0379347875111048	221	3	0.434509687604916	0.831793044710004
semibin_SRR16554678.23	gender	male	-0.0659651635142992	0.0817681046079252	221	3	0.420702662417473	0.831793044710004
maxbin_SRR16554706.002	gender	male	0.0729530274325938	0.0723066561239507	221	5	0.314127433881409	0.831793044710004
maxbin_ERR6232528.007	age	age	-0.0432707700920289	0.0512967392512045	221	26	0.399866625545027	0.831793044710004
semibin_ERR6279669.46_sub	age	age	0.0231608624452969	0.0315755270275936	221	11	0.464049157176616	0.831793044710004
semibin_ERR6232521.7	response	R	-0.0226754193990567	0.0240057705985501	221	2	0.345922835136763	0.831793044710004
maxbin_SRR25825515.010	response	R	-0.0605692424793725	0.0594111721897542	221	6	0.309107884124789	0.831793044710004
metabat_SRR16554736.34_sub	gender	male	-0.0636390525491119	0.0836419814915558	221	10	0.447573834143911	0.831793044710004
metabat_SRR13068829.36	response	R	-0.153996844947021	0.200161160324408	221	36	0.442513718460953	0.831793044710004
semibin_SRR11413681.96	age	age	0.0515282724581185	0.0511326639003635	221	15	0.314703168493726	0.831793044710004
semibin_SRR11413681.96	gender	male	0.0968105276506622	0.110303762666174	221	15	0.381094588255223	0.831793044710004
semibin_SRR11413681.96	response	R	0.0821870417117016	0.10466398162421	221	15	0.433166550299454	0.831793044710004
metabat_ERR6279672.14	age	age	0.0218459388255002	0.0256158474679214	221	9	0.394703450238222	0.831793044710004
metabat_SRR6000940.58	response	R	-0.0532279703131471	0.0615998055858085	221	8	0.388490843733431	0.831793044710004
metabat_SRR11413619.35	response	R	0.0996487368742722	0.102083376062437	221	13	0.330076834679105	0.831793044710004
metabat_ERR12406000.21	response	R	-0.0972977296967437	0.104590330819101	221	11	0.35326334031886	0.831793044710004
metabat_SRR13068834.42	age	age	-0.0551376440601298	0.0621887958019612	221	23	0.376278407992702	0.831793044710004
metabat_SRR16554644.2	age	age	0.0465380154635127	0.048261330327529	221	8	0.335972913538923	0.831793044710004
semibin_ERR12405915.28	gender	male	0.0328360257557608	0.037819402327443	221	4	0.386226370069032	0.831793044710004
metabat_SRR20881985.11	gender	male	0.130286945070531	0.15590294105368	221	13	0.404249884886572	0.831793044710004
semibin_SRR11413607.11	gender	male	0.0528894384817976	0.0719369633217496	221	9	0.463005245898919	0.831793044710004
maxbin_SRR11413653.011	age	age	0.0265566001435918	0.0367948756255378	221	14	0.471226862341105	0.831793044710004
semibin_SRR25825504.166	gender	male	-0.0440823620469143	0.0493416819857759	221	3	0.372627280751215	0.831793044710004
maxbin_ERR6279677.001	age	age	0.0338684615287583	0.0330712499463609	221	5	0.306928525138013	0.831793044710004
maxbin_ERR6279677.001	gender	male	0.0663947638408479	0.0713964420334474	221	5	0.353434804463221	0.831793044710004
semibin_SRR25825502.18	response	R	-0.108783734349847	0.137545845662725	221	16	0.429871294087715	0.831793044710004
semibin_SRR5930503.42	gender	male	0.0690608630046797	0.0727687332070279	221	8	0.343654208208824	0.831793044710004
semibin_ERR12406012.51	age	age	0.0478084065959703	0.0517113063865527	221	8	0.356239868353445	0.831793044710004
metabat_ERR12405976.3_sub	gender	male	0.0602862744362436	0.0612581778284638	221	5	0.326146036594113	0.831793044710004
metabat_ERR12405976.3_sub	response	R	0.0525778257349387	0.0580970254450261	221	5	0.366470995271151	0.831793044710004
maxbin_SRR16554767.018	gender	male	0.103822580922041	0.122755846973086	221	21	0.39861942006237	0.831793044710004
semibin_SRR16554784.38	age	age	0.0479631382002101	0.0587619521483872	221	23	0.415274589365544	0.831793044710004
metabat_SRR5930522.13_sub	response	R	-0.123496289209732	0.143455799323411	221	17	0.390265390761015	0.831793044710004
metabat_ERR6281341.9	gender	male	0.0704565221407316	0.0910263971773553	221	11	0.439759663426428	0.831793044710004
metabat_ERR6281341.9	response	R	0.0867929129827414	0.0865084032611444	221	11	0.316838974508044	0.831793044710004
semibin_SRR16554669.51_sub	gender	male	0.107589404652171	0.119620891443438	221	24	0.36943787336758	0.831793044710004
semibin_ERR2162221.24_sub	age	age	-0.0382673151575073	0.0390126008047097	221	6	0.327736217904226	0.831793044710004
metabat_ERR6233695.21_sub	response	R	0.0817501567860307	0.0882385410543314	221	13	0.35523508753022	0.831793044710004
metabat_SRR13022461.7	response	R	-0.0996711707404171	0.138020674034657	221	16	0.470983980124451	0.831793044710004
metabat_SRR16554779.24	gender	male	-0.123368242480269	0.14041126036401	221	21	0.380578792223193	0.831793044710004
semibin_SRR5930498.24	gender	male	-0.12842002727356	0.152709797209258	221	18	0.40130663214395	0.831793044710004
semibin_SRR5930498.24	response	R	0.139624467996908	0.144754530291385	221	18	0.335842464641004	0.831793044710004
metabat_SRR16554703.42	gender	male	-0.0525961425458092	0.0554535098344906	221	3	0.343945376039268	0.831793044710004
metabat_ERR12405981.6	age	age	-0.0363529423160218	0.037166685995573	221	7	0.329111277722842	0.831793044710004
metabat_SRR23364239.1	age	age	0.022831705660278	0.0282252725946653	221	8	0.419452903066681	0.831793044710004
metabat_SRR16554638.10	age	age	0.0396045297852418	0.0451584256594354	221	4	0.381449415789206	0.831793044710004
maxbin_SRR6000895.005	response	R	-0.0275502440625546	0.02990391419088	221	2	0.357927581157969	0.831793044710004
semibin_SRR23364199.26	response	R	0.0580668758833373	0.0689458033014651	221	10	0.400601183916074	0.831793044710004
semibin_ERR6279650.30	response	R	-0.0271660752523005	0.0296001529738058	221	2	0.359765780204417	0.831793044710004
semibin_SRR11413613.11	gender	male	0.0651530914266165	0.0663510696548305	221	9	0.327227000145733	0.831793044710004
metabat_ERR6275652.12_sub	age	age	0.0591067039406469	0.0610489358447129	221	17	0.334029497958304	0.831793044710004
semibin_SRR16554736.23	response	R	-0.0965578916501492	0.134133370601603	221	12	0.472382860214742	0.831793044710004
semibin_SRR25825495.1_sub	age	age	-0.0477397577253812	0.0645800833304908	221	17	0.460570713375886	0.831793044710004
maxbin_SRR16554753.014	age	age	0.0506268826629736	0.0594327153081524	221	12	0.395244629726056	0.831793044710004
semibin_SRR5930504.118_sub	response	R	0.165999296970424	0.16515046708792	221	28	0.315959076534378	0.831793044710004
metabat_SRR16554785.19	response	R	0.0933562382774113	0.110473592542915	221	22	0.399020841602928	0.831793044710004
maxbin_SRR5930505.015_sub	gender	male	0.0846482284393201	0.109640256830607	221	20	0.440931195573876	0.831793044710004
metabat_SRR6000895.57	age	age	0.0428965357564011	0.0472528049901208	221	13	0.364989365617874	0.831793044710004
metabat_SRR11413613.3	response	R	-0.141943743846332	0.148078567244831	221	14	0.338841944022432	0.831793044710004
semibin_SRR23364198.20	gender	male	0.0336646214542286	0.0389225906098661	221	4	0.388042135163723	0.831793044710004
maxbin_ERR12405931.013	gender	male	0.111760961863135	0.114010156104692	221	8	0.328056607831911	0.831793044710004
semibin_SRR20881985.46_sub	gender	male	0.135713727287575	0.154843071591413	221	33	0.381761460979741	0.831793044710004
semibin_SRR5930527.64	age	age	-0.0454825838034481	0.044121515289407	221	8	0.303759587441924	0.831793044710004
semibin_SRR5930527.64	gender	male	-0.0855688624905423	0.0951035425356817	221	8	0.369253752092302	0.831793044710004
metabat_SRR13068843.21	response	R	-0.0800205804147494	0.11085695440479	221	7	0.471172177147139	0.831793044710004
metabat_SRR16554763.38	age	age	0.0466927077173681	0.0626733098944366	221	9	0.457067317694368	0.831793044710004
semibin_SRR16554652.24	age	age	0.0276559869303741	0.0291536195447415	221	4	0.343864269628445	0.831793044710004
semibin_SRR16554652.24	gender	male	-0.0641821816598918	0.0628403734154633	221	4	0.308224682183836	0.831793044710004
semibin_SRR16554652.24	response	R	0.0429902504940331	0.0597213614190826	221	4	0.472393718336776	0.831793044710004
metabat_SRR11413689.27	response	R	0.0697244336847211	0.0832174236898692	221	9	0.403035284038526	0.831793044710004
metabat_SRR16168984.49	response	R	0.047897671792059	0.0461044916782668	221	6	0.300010305861814	0.831793044710004
metabat_ERR12405967.40_sub	age	age	0.0731408143134686	0.0696489393499367	221	24	0.294823974558943	0.831793044710004
semibin_SRR16554763.40_sub	age	age	0.0311385074917326	0.0310480080196125	221	5	0.317019786021135	0.831793044710004
semibin_SRR5930528.277	age	age	0.0557382041322268	0.0702077597076181	221	22	0.428128126720557	0.831793044710004
semibin_SRR5930528.277	response	R	0.141822744785833	0.143704915620223	221	22	0.324800010494504	0.831793044710004
metabat_ERR12405976.51	response	R	0.0210476738084819	0.0281186050006354	221	4	0.454949903389291	0.831793044710004
metabat_SRR16554773.16	age	age	-0.0578125929493318	0.0607991619516826	221	17	0.342732452846454	0.831793044710004
metabat_SRR16554773.16	gender	male	0.103938571215432	0.131275642078689	221	17	0.429373054361577	0.831793044710004
metabat_SRR6000893.6	response	R	0.0248074568376498	0.0293875039860454	221	5	0.399515320774734	0.831793044710004
semibin_SRR16554692.37	response	R	-0.074604402469028	0.0993868609959049	221	9	0.453679834983917	0.831793044710004
metabat_SRR16554660.22	response	R	0.0410961874258333	0.047741115610362	221	2	0.390290987844416	0.831793044710004
maxbin_SRR16554667.020	response	R	-0.0866953500588096	0.0910491469476514	221	6	0.342064114178031	0.831793044710004
maxbin_SRR16554666.010_sub	age	age	0.0313401598648075	0.0345028769652347	221	8	0.364711798285687	0.831793044710004
maxbin_SRR16554666.010_sub	response	R	0.0618513788355052	0.0706700095461703	221	8	0.382426562933316	0.831793044710004
metabat_SRR16554625.19	age	age	0.0403602127150476	0.0536096726941082	221	9	0.452354091739453	0.831793044710004
metabat_SRR16554625.19	response	R	-0.0990087606575482	0.1098197303978	221	9	0.368291718259023	0.831793044710004
semibin_SRR13022319.17	gender	male	0.0989837923330879	0.113799700910323	221	16	0.38537607853505	0.831793044710004
maxbin_SRR16554654.015	age	age	-0.0326666024121379	0.0442900059416564	221	18	0.461587280884251	0.831793044710004
metabat_ERR2162221.27	age	age	0.0517215084412214	0.0515149402143838	221	9	0.316492096648137	0.831793044710004
semibin_ERR6279654.38	response	R	0.0495890821953792	0.0534868460035438	221	4	0.354890779172735	0.831793044710004
metabat_SRR20881986.23	response	R	-0.117905845631426	0.115700083867344	221	11	0.309312195410117	0.831793044710004
semibin_SRR20881984.28	gender	male	-0.0997370130441363	0.10797415999619	221	13	0.356662326088324	0.831793044710004
semibin_SRR20881984.28	response	R	-0.0805696557272083	0.102614982734453	221	13	0.433213430695468	0.831793044710004
semibin_SRR20881984.48	age	age	0.0435846613534496	0.0458992886074512	221	7	0.34338631336179	0.831793044710004
semibin_SRR5930520.142	age	age	0.0454155462811381	0.0598725853810682	221	19	0.44895393379912	0.831793044710004
semibin_SRR5930520.142	response	R	-0.125936356827798	0.122503882419237	221	19	0.30508905332942	0.831793044710004
semibin_SRR16554693.10	response	R	-0.0683202425975101	0.0724394732896368	221	6	0.346664849103219	0.831793044710004
semibin_SRR5930522.30_sub	age	age	-0.053125545503994	0.063954813460054	221	14	0.407079171490107	0.831793044710004
metabat_SRR16554697.2	age	age	-0.0408916974902353	0.0463953446488279	221	5	0.379090055743383	0.831793044710004
metabat_SRR16554652.18	age	age	0.0498138816759421	0.0667409006187816	221	23	0.45625610628997	0.831793044710004
maxbin_ERR2162203.009_sub	gender	male	0.0325304080633385	0.0376850060477098	221	4	0.388970199675131	0.831793044710004
semibin_SRR5930532.101_sub	response	R	0.0906582142257145	0.104908018481547	221	9	0.38845217017036	0.831793044710004
semibin_SRR13068817.20	gender	male	-0.104993223988536	0.114607158686787	221	10	0.36063287102376	0.831793044710004
semibin_ERR12405928.36_sub	response	R	0.023040952257513	0.0263967262404969	221	5	0.383697915308693	0.831793044710004
metabat_ERR6275669.37	response	R	0.0428706923456021	0.0530551269443426	221	4	0.419952169624303	0.831793044710004
semibin_ERR12405972.8	age	age	0.0259691742981636	0.0337826213300822	221	11	0.442899921019439	0.831793044710004
semibin_ERR12405972.8	response	R	0.0612147190207776	0.0691189964127237	221	11	0.376792984491457	0.831793044710004
metabat_SRR5930494.40_sub	gender	male	-0.174527239022301	0.166303176631249	221	21	0.295137907581513	0.831793044710004
metabat_SRR16554706.13	gender	male	0.0876877640134164	0.0933576949476558	221	4	0.348638194725176	0.831793044710004
maxbin_SRR23364202.021	gender	male	0.00716942919482859	0.00991586192830023	221	1	0.470448712723149	0.831793044710004
semibin_SRR20881977.110	response	R	0.0097314493116661	0.00935196073959849	221	1	0.299238330255399	0.831793044710004
semibin_SRR16554696.25	age	age	-0.00638672734265871	0.00800699809553493	221	2	0.425950579680877	0.831793044710004
metabat_ERR6239139.44	response	R	0.0292028378784068	0.0305308135018311	221	5	0.339882172806632	0.831793044710004
maxbin_SRR8387683.026_sub	gender	male	-0.0875645921783324	0.0880795912597317	221	13	0.321255633829417	0.831793044710004
metabat_SRR11413649.18	age	age	0.0257166588923789	0.0289136895901018	221	5	0.374759153659509	0.831793044710004
maxbin_SRR16554651.021_sub	gender	male	-0.101903101219655	0.140330333203069	221	14	0.468519588454238	0.831793044710004
metabat_SRR16554626.8	gender	male	0.0731213246927564	0.0988971717670655	221	8	0.460483104431759	0.831793044710004
metabat_SRR11413607.10	response	R	0.0883389973367115	0.101613786485791	221	14	0.385610619515168	0.831793044710004
semibin_SRR6000902.21	age	age	0.0358110955670737	0.0355273829682758	221	7	0.314587720119993	0.831793044710004
semibin_SRR5930505.26	gender	male	-0.0770702461578758	0.0977926090651614	221	13	0.431498917476971	0.831793044710004
semibin_SRR16554712.24	gender	male	-0.0979700245444846	0.108223844723024	221	7	0.366335032437994	0.831793044710004
semibin_SRR16554712.24	response	R	0.0778086668592364	0.102852274637756	221	7	0.450164632609625	0.831793044710004
metabat_SRR11413610.43_sub	response	R	-0.0414294212696683	0.0513274969293677	221	4	0.420459033705159	0.831793044710004
semibin_SRR11413656.47	age	age	0.0294638802147033	0.0283420452510093	221	9	0.299691182972934	0.831793044710004
semibin_SRR11413656.47	gender	male	0.0526480999255129	0.0611560955244011	221	9	0.390254194170772	0.831793044710004
semibin_SRR5930494.170	age	age	0.0213931251434931	0.0289159152081658	221	9	0.460202805569175	0.831793044710004
maxbin_SRR16554735.011	gender	male	0.00716942919483783	0.00991586192830078	221	1	0.470448712722675	0.831793044710004
semibin_SRR8387681.3	age	age	0.0458234280470157	0.0517331703180947	221	15	0.376728089526936	0.831793044710004
metabat_SRR13022394.10	gender	male	0.0725278093878027	0.0818270081497737	221	8	0.37641026901431	0.831793044710004
semibin_SRR23364207.32	gender	male	0.0870688358991111	0.0873338556418605	221	4	0.319891689430028	0.831793044710004
metabat_SRR6000949.15_sub	response	R	0.0840404648783688	0.091872640983886	221	9	0.361344686777963	0.831793044710004
metabat_SRR5930503.2	age	age	-0.0283961590795939	0.0361258245443237	221	5	0.432704510052548	0.831793044710004
metabat_SRR25825512.35_sub	response	R	0.0254932030667117	0.0291273319236423	221	5	0.382414837513907	0.831793044710004
metabat_SRR16554625.18	age	age	0.0237349601426169	0.0262133790445985	221	2	0.36623012027243	0.831793044710004
semibin_SRR6000921.66	gender	male	-0.0454362377886586	0.0577027164320725	221	5	0.431895600973002	0.831793044710004
metabat_SRR20881979.25	response	R	0.107511686075676	0.106527816556928	221	13	0.313985579263055	0.831793044710004
metabat_ERR12405912.60_sub	response	R	0.0268853153958817	0.0302783205373851	221	5	0.375556452058695	0.831793044710004
metabat_SRR5930511.14	age	age	-0.0439833416960814	0.0455802102161893	221	9	0.335639835805291	0.831793044710004
metabat_SRR5930511.14	gender	male	0.0842668983347326	0.0984060925465312	221	9	0.392769172645331	0.831793044710004
metabat_SRR5930511.14	response	R	0.0866757291469056	0.0932469277970319	221	9	0.353651169793048	0.831793044710004
metabat_SRR11413656.7	age	age	0.0258214654816487	0.0310999091419406	221	7	0.407296047261212	0.831793044710004
semibin_SRR25825511.42	gender	male	0.00877499227961808	0.00987310454786627	221	1	0.375115520093646	0.831793044710004
semibin_ERR6279648.9_sub	age	age	0.0397590048069443	0.044368228093912	221	9	0.371184707362715	0.831793044710004
metabat_ERR12405972.12	age	age	-0.0201505555171603	0.0195727038399243	221	2	0.304388807716063	0.831793044710004
metabat_ERR12405972.12	gender	male	0.0391837482872656	0.042259461710811	221	2	0.354850625077717	0.831793044710004
metabat_ERR12405972.12	response	R	-0.0403205779155922	0.0400437043683977	221	2	0.315104735832893	0.831793044710004
semibin_ERR2162212.41	gender	male	0.0497638739418978	0.062251673550993	221	4	0.424933719871642	0.831793044710004
semibin_ERR2162212.41	response	R	0.057898608987183	0.0591618810171927	221	4	0.328844106915373	0.831793044710004
metabat_SRR20881983.15_sub	gender	male	-0.0923172459640156	0.09762724738518	221	10	0.345400632968561	0.831793044710004
metabat_SRR20881983.15_sub	response	R	0.0687729141550049	0.092518924103354	221	10	0.458082209903626	0.831793044710004
metabat_SRR8387677.1_sub	response	R	-0.0352248210576772	0.0343080652324275	221	2	0.305694834942828	0.831793044710004
metabat_ERR12405915.37	gender	male	0.0531050388082098	0.0583773746594846	221	6	0.363999815039286	0.831793044710004
maxbin_ERR12406001.019	response	R	0.0267518545274578	0.027291879539152	221	2	0.328074391215936	0.831793044710004
maxbin_ERR2162220.003	age	age	-0.00481265654665983	0.00458421111605087	221	1	0.294974228051476	0.831793044710004
maxbin_ERR2162220.003	gender	male	0.00719278220403635	0.00989807469213742	221	1	0.468209810646303	0.831793044710004
maxbin_ERR2162220.003	response	R	0.00876251886995856	0.00938011989161565	221	1	0.351268949826129	0.831793044710004
metabat_ERR12405944.28_sub	response	R	0.0284946634542491	0.0295054441872624	221	2	0.335249846348151	0.831793044710004
semibin_ERR12405955.92	response	R	-0.030726950629952	0.0324263590482693	221	2	0.344398296826114	0.831793044710004
semibin_SRR5930511.23	response	R	0.0791019136551583	0.102853975188507	221	12	0.442691119089348	0.831793044710004
maxbin_SRR16554715.022_sub	age	age	-0.0386713770625273	0.0508966826301327	221	8	0.44819788316149	0.831793044710004
semibin_SRR5930503.199	gender	male	-0.0766183898345751	0.0756082410752456	221	9	0.312021429292739	0.831793044710004
maxbin_ERR12405926.036	gender	male	-0.0369822008330307	0.0494663321337177	221	4	0.455497936623189	0.831793044710004
metabat_ERR12405911.26	gender	male	0.0150708590340476	0.0200136479248588	221	2	0.45224860303242	0.831793044710004
metabat_ERR12405911.26	response	R	0.018583985293526	0.0190202927842667	221	2	0.329626953170544	0.831793044710004
semibin_SRR6000920.16	response	R	-0.0664668283194937	0.0848788630690729	221	7	0.434438382155339	0.831793044710004
metabat_SRR16554733.8	response	R	0.00870515858435675	0.00940325807598833	221	1	0.355607467910175	0.831793044710004
metabat_SRR11413608.104_sub	age	age	-0.0125852944350686	0.0147498320875746	221	5	0.394461509380283	0.831793044710004
maxbin_SRR16554789.004	gender	male	-0.0388122308325857	0.0391731416529031	221	2	0.322893192977753	0.831793044710004
metabat_SRR13022375.2	response	R	0.0900407968283715	0.0857655439041965	221	7	0.29495572872272	0.831793044710004
metabat_SRR13068837.8	response	R	0.0358148747853766	0.0413940143131719	221	2	0.387874270151235	0.831793044710004
semibin_ERR12406004.40	response	R	0.024408906323915	0.0279643117966429	221	5	0.383704661014555	0.831793044710004
metabat_ERR12405920.11_sub	gender	male	-0.0700323674928771	0.0699604721399252	221	6	0.317943165649252	0.831793044710004
semibin_SRR5930527.97	gender	male	-0.0643370834487202	0.0795432243760521	221	3	0.419499376444817	0.831793044710004
metabat_SRR5930506.44_sub	response	R	0.100296909605534	0.106727134097941	221	13	0.348390277104696	0.831793044710004
semibin_SRR23364199.59	gender	male	-0.0315010960026549	0.036338895766045	221	5	0.386970799425147	0.831793044710004
metabat_ERR2162221.34	response	R	0.00973144927308494	0.00935196074146889	221	1	0.299238332263224	0.831793044710004
metabat_ERR2162207.6	gender	male	-0.0601173683769481	0.0634750825270206	221	6	0.344640347292602	0.831793044710004
metabat_ERR2162207.6	response	R	-0.0591358381617085	0.0603245674502863	221	6	0.328032443097244	0.831793044710004
metabat_ERR6282383.6_sub	age	age	0.0238929914995643	0.0314802360431924	221	6	0.448685831162425	0.831793044710004
metabat_SRR16554627.12	age	age	-0.0198035872923354	0.0227362217303428	221	5	0.384708608417742	0.831793044710004
semibin_SRR23364230.133	gender	male	0.0161136212144305	0.0203990393271462	221	2	0.430446837957322	0.831793044710004
metabat_SRR11413657.82	gender	male	-0.0453467810697374	0.059084970995402	221	5	0.443627961632474	0.831793044710004
metabat_SRR16554703.48_sub	response	R	-0.0296722097994087	0.0316872624646648	221	3	0.350104054005959	0.831793044710004
metabat_SRR8387712.29	age	age	0.0123315578602035	0.0136727645184595	221	4	0.368106398311693	0.831793044710004
metabat_SRR8387712.29	response	R	0.0204054638615017	0.0280087386800042	221	4	0.467069067549586	0.831793044710004
metabat_ERR12406003.42	response	R	0.0191366520274509	0.0266535523753467	221	4	0.473543386874566	0.831793044710004
semibin_SRR16554660.75	response	R	0.0342835886676052	0.0384174732025094	221	2	0.373169379571803	0.831793044710004
semibin_ERR6279678.42	response	R	-0.0306073078301445	0.0323310437758521	221	2	0.344859321725342	0.831793044710004
metabat_SRR23364187.17_sub	gender	male	-0.0349720495918925	0.036292261070281	221	3	0.336307681163421	0.831793044710004
metabat_SRR23364187.17_sub	response	R	-0.0264286651276912	0.0344909350834731	221	3	0.444360528289884	0.831793044710004
semibin_SRR13068850.87	response	R	0.0254097345395163	0.0290190243937574	221	5	0.382203031954803	0.831793044710004
metabat_SRR5930528.60	age	age	0.0232919290547412	0.032514495608293	221	7	0.474544383595954	0.831793044710004
semibin_SRR8387659.60	gender	male	0.025452190719273	0.0257767708686734	221	2	0.324548362753566	0.831793044710004
semibin_SRR8387659.60	response	R	-0.0206147609821459	0.0244249963622132	221	2	0.399602594573753	0.831793044710004
metabat_SRR16554712.21	age	age	0.012572110678499	0.0132420808470932	221	2	0.34347846167841	0.831793044710004
metabat_ERR12405916.32	gender	male	0.041503192380787	0.0445807158902879	221	3	0.352910691458091	0.831793044710004
metabat_ERR12405916.32	response	R	-0.0370372056057268	0.0422429263149273	221	3	0.381588420398368	0.831793044710004
metabat_SRR11413607.56	response	R	0.00863205808021386	0.00940122004633766	221	1	0.359549492331395	0.831793044710004
metabat_ERR2162200.21	age	age	-0.0223996594478863	0.0280235970408617	221	2	0.424989354144337	0.831793044710004
metabat_ERR2162200.21	gender	male	0.05207938736063	0.0605061148736428	221	2	0.390344298916482	0.831793044710004
semibin_ERR2162206.16	age	age	0.00350281892957297	0.00459255341010123	221	1	0.446468287989648	0.831793044710004
semibin_ERR2162206.16	response	R	0.00861957804698349	0.00939664327411642	221	1	0.360009706341798	0.831793044710004
semibin_SRR11413648.175	response	R	0.00973144927579875	0.00935196074133947	221	1	0.299238332122073	0.831793044710004
semibin_SRR16554745.4	age	age	0.00376564504575379	0.00456762180879114	221	1	0.410612783454084	0.831793044710004
semibin_SRR5930499.20	response	R	-0.0238344065108331	0.0294610617506801	221	2	0.419397899002577	0.831793044710004
maxbin_ERR6279657.062_sub	gender	male	0.0169322171931171	0.0185229726624722	221	3	0.361678278216157	0.831793044710004
semibin_SRR11413649.66	age	age	0.0120135802047806	0.0162465786909537	221	4	0.460437494248636	0.831793044710004
semibin_ERR6275673.140	response	R	-0.0306137081212846	0.0323361424013817	221	2	0.34483457639513	0.831793044710004
metabat_ERR6275663.46	response	R	0.0085724810445505	0.00936534106690783	221	1	0.361036477529383	0.831793044710004
maxbin_SRR16168909.008	gender	male	0.0177717857492602	0.0240220509714058	221	2	0.460216107062027	0.831793044710004
maxbin_ERR2162221.009	response	R	0.00973144927324504	0.00935196074146166	221	1	0.29923833225488	0.831793044710004
semibin_ERR2162212.116	response	R	0.00857248103545066	0.00936534106729573	221	1	0.361036478058045	0.831793044710004
metabat_ERR2162221.49	gender	male	-0.0144477065800591	0.0165080237186433	221	2	0.382436728420896	0.831793044710004
metabat_SRR11413618.74	response	R	0.00973144931128352	0.00935196073961835	221	1	0.299238330275471	0.831793044710004
semibin_SRR11413608.70	response	R	0.00973144927402379	0.009351960741419	221	1	0.299238332214088	0.831793044710004
metabat_SRR16554702.30	response	R	0.00869822252976149	0.0094046901923377	221	1	0.356063222789723	0.831793044710004
semibin_ERR6275663.49	response	R	-0.030562301821221	0.0322951952231254	221	2	0.345033644880084	0.831793044710004
metabat_ERR2162221.56	response	R	0.00973144927380533	0.00935196074143038	221	1	0.299238332225533	0.831793044710004
metabat_ERR2162212.52	age	age	0.0130521359912603	0.0139600362614329	221	2	0.350854809392126	0.831793044710004
semibin_SRR16554736.70	response	R	0.00857248103426037	0.00936534106734481	221	1	0.361036478127076	0.831793044710004
maxbin_SRR16168896.029	gender	male	0.0382060930844303	0.0441350409545972	221	3	0.387630777542378	0.831793044710004
semibin_SRR23364233.61	response	R	-0.0416829578831271	0.0407625875252232	221	2	0.307647664890457	0.831793044710004
semibin_SRR5930498.20	gender	male	-0.0501215836616711	0.0481580092967065	221	3	0.299140961115797	0.831793044710004
maxbin_SRR5930503.009	response	R	0.0334828483247378	0.0344837140046848	221	2	0.33264333771133	0.831793044710004
metabat_SRR11413685.29	gender	male	0.00850466703983977	0.00984393881385255	221	1	0.388579168832962	0.831793044710004
metabat_SRR11413685.29	response	R	0.00883063899291329	0.00932908417579278	221	1	0.344919204479846	0.831793044710004
metabat_ERR2162205.19	gender	male	0.0296090314115815	0.0409438542215093	221	2	0.470365796100062	0.831793044710004
semibin_SRR20881974.85	response	R	0.00857248104351406	0.00936534106695506	221	1	0.361036477589732	0.831793044710004
semibin_ERR2162221.54	response	R	0.0097314492730772	0.00935196074146281	221	1	0.29923833226325	0.831793044710004
semibin_SRR16554736.14	response	R	0.00857248103505787	0.00936534106731209	221	1	0.361036478080867	0.831793044710004
semibin_ERR2162221.14	response	R	0.00973144935093695	0.0093519607377018	221	1	0.299238328212165	0.831793044710004
semibin_ERR6271721.5_sub	age	age	-0.00393868020710773	0.00458589573519327	221	1	0.391369358720058	0.831793044710004
semibin_ERR6271721.5_sub	gender	male	0.00789958449607499	0.0099015925137866	221	1	0.425860634705318	0.831793044710004
metabat_ERR6279670.47	response	R	0.00863205808017335	0.00940122004634323	221	1	0.359549492333965	0.831793044710004
metabat_SRR16554703.27	response	R	0.00973144927447236	0.00935196074139842	221	1	0.299238332190814	0.831793044710004
semibin_ERR2162221.26	response	R	0.00973144927624481	0.00935196074130971	221	1	0.299238332098437	0.831793044710004
metabat_SRR13068834.6	response	R	0.008632058079057	0.00940122004639507	221	1	0.359549492398616	0.831793044710004
semibin_SRR23364192.96	response	R	0.00973144931162106	0.00935196073960582	221	1	0.299238330258071	0.831793044710004
semibin_SRR13068829.205	response	R	0.0738665339945497	0.0921078157400654	221	8	0.423455731849391	0.831793044710004
semibin_ERR12406009.9_sub	gender	male	-0.0944169686688482	0.121875222723758	221	9	0.439359300880614	0.831793044710004
semibin_ERR6280907.75	response	R	0.0898049661265512	0.122143030439669	221	9	0.462984610373963	0.831793044710004
semibin_SRR11413690.63	gender	male	0.0649078195974517	0.0755626683193085	221	5	0.391293462574397	0.831793044710004
maxbin_SRR23364229.004	gender	male	0.0611846058169354	0.063563329422817	221	3	0.336842958264185	0.831793044710004
maxbin_SRR23364229.004	response	R	-0.0613791577142623	0.0602515719889385	221	3	0.309483449245232	0.831793044710004
semibin_SRR5930495.44	age	age	0.0482624307864473	0.0546274383512361	221	8	0.37795307207767	0.831793044710004
semibin_SRR5930495.44	response	R	-0.106427822638007	0.111825288062046	221	8	0.34229377487422	0.831793044710004
semibin_SRR25825510.41_sub	response	R	0.114439552673926	0.144889066696187	221	57	0.430493355399021	0.831793044710004
semibin_ERR6279674.8	response	R	0.153419007806303	0.15348480999386	221	55	0.318646051854652	0.831793044710004
maxbin_ERR6281505.022	response	R	0.138701888564529	0.136744520736798	221	55	0.311577440043159	0.831793044710004
maxbin_ERR6279662.030	response	R	0.111470775812635	0.139807488849239	221	54	0.426150428190382	0.831793044710004
metabat_SRR16168920.1	age	age	-0.0396871616860963	0.0556691770515944	221	9	0.476674465217765	0.831793044710004
semibin_SRR6000903.13	response	R	0.130316764925105	0.153385569491276	221	55	0.396494780660839	0.831793044710004
maxbin_SRR23364204.024	response	R	0.144991987403013	0.14768416456512	221	55	0.327320582978335	0.831793044710004
metabat_SRR5930506.9_sub	age	age	-0.0783011182993432	0.074979923180832	221	57	0.297526823015663	0.831793044710004
metabat_SRR5930506.9_sub	response	R	0.130737293984943	0.15352868320886	221	57	0.395415274099583	0.831793044710004
metabat_SRR16168986.5	response	R	0.168602949682134	0.163346936032579	221	55	0.303153390693323	0.831793044710004
maxbin_ERR6279614.017_sub	response	R	0.142845670857701	0.141938758031767	221	55	0.31536394172547	0.831793044710004
maxbin_ERR6279679.012	response	R	0.120563194903872	0.153201332973703	221	54	0.432175702060194	0.831793044710004
metabat_ERR6279677.48_sub	response	R	0.121857452847531	0.147870254511933	221	54	0.410808790218103	0.831793044710004
semibin_SRR16554652.75	gender	male	-0.14518888317916	0.179318689001151	221	11	0.419017060035178	0.831793044710004
maxbin_SRR25825517.033_sub	response	R	0.106684589935371	0.139442108984932	221	54	0.44506514153152	0.831793044710004
metabat_ERR12405950.7	gender	male	0.0337026588779829	0.0327841171492186	221	3	0.305088474790696	0.831793044710004
maxbin_ERR6280910.023_sub	age	age	-0.0716017524662918	0.0704789404079995	221	47	0.310808645713555	0.831793044710004
maxbin_ERR6280910.023_sub	response	R	0.133102076295908	0.144308164696005	221	47	0.357385683227421	0.831793044710004
semibin_SRR11413645.40	response	R	0.00677078828574521	0.00949060402166988	221	1	0.476352346051583	0.831793044710004
semibin_SRR11413614.4	response	R	0.00677078828571511	0.00949060402166985	221	1	0.47635234605353	0.831793044710004
metabat_ERR6232458.6	gender	male	-0.055894729305376	0.0547766938468531	221	8	0.308680354733602	0.831793044710004
semibin_SRR11413686.11	response	R	0.0067707882856509	0.00949060402166986	221	1	0.476352346057713	0.831793044710004
metabat_ERR6279658.3	response	R	-0.054514285789281	0.0630741184597945	221	3	0.388383350037014	0.831793044710004
semibin_ERR6279661.80	gender	male	0.0426629699679896	0.0458418866702848	221	4	0.353075162658274	0.831793044710004
metabat_ERR12405928.49	response	R	0.00771607860492251	0.00945259310511953	221	1	0.415228171281779	0.831793044710004
maxbin_SRR5930498.027	response	R	0.115363116870615	0.137737455032121	221	53	0.403212596756494	0.831793044710004
semibin_SRR13022297.24	response	R	0.00676565881923669	0.0094938028806408	221	1	0.476834440476812	0.831793044710004
semibin_SRR5930517.113	age	age	0.0789235773939783	0.0846142092561182	221	51	0.352001233795507	0.831793044710004
maxbin_ERR6279659.009_sub	gender	male	0.0381769468629861	0.0415097228769245	221	4	0.358753304836036	0.831793044710004
maxbin_SRR16554720.002	response	R	0.00676565881914532	0.0094938028806408	221	1	0.476834440482759	0.831793044710004
semibin_SRR6000900.14	age	age	-0.102660449048755	0.105407917169381	221	27	0.331185369555248	0.831793044710004
metabat_ERR6279665.25	age	age	0.0170160817437838	0.0218107094952495	221	4	0.43614089865544	0.831793044710004
metabat_ERR6279665.25	gender	male	0.0482605690103079	0.0470681630418527	221	4	0.306347483410067	0.831793044710004
metabat_SRR16168974.17	response	R	0.125132275343113	0.137146255694611	221	24	0.362581937891203	0.831793044710004
maxbin_ERR6281000.059	age	age	0.0957237894702101	0.0974116774433426	221	19	0.326873841106404	0.831793044710004
maxbin_ERR6281000.059	gender	male	0.219941742324791	0.210327194652082	221	19	0.296869043203795	0.831793044710004
semibin_SRR5930520.79_sub	gender	male	0.051628378293039	0.0526231184548893	221	4	0.327644967657439	0.831793044710004
maxbin_ERR6279673.036	response	R	0.109277191544985	0.131175696289486	221	48	0.405738915679025	0.831793044710004
metabat_SRR5930516.91	age	age	-0.0340357371341217	0.0353254377060408	221	5	0.336373686654567	0.831793044710004
maxbin_SRR16554636.003	age	age	0.0521412890803584	0.051711985468055	221	4	0.314432576826005	0.831793044710004
metabat_ERR6275663.38	response	R	0.0077160786048482	0.00945259310511953	221	1	0.415228171286265	0.831793044710004
metabat_SRR16168976.38	response	R	-0.0426554385407342	0.0583070040226033	221	6	0.465227786767914	0.831793044710004
semibin_SRR20881976.80	gender	male	-0.0473769298679698	0.0663551423239094	221	8	0.476007765764241	0.831793044710004
maxbin_SRR11413690.006	response	R	0.00677078828579257	0.00949060402166986	221	1	0.476352346048498	0.831793044710004
semibin_ERR6275676.56	response	R	0.00771607860483742	0.00945259310511954	221	1	0.415228171286924	0.831793044710004
maxbin_SRR11413687.011	response	R	0.00677078828569805	0.00949060402166986	221	1	0.476352346054644	0.831793044710004
metabat_SRR23364171.31	response	R	0.00771607860486952	0.00945259310511953	221	1	0.415228171284995	0.831793044710004
metabat_ERR6232523.10	age	age	-0.00949459090466712	0.0132527885789238	221	2	0.474503603263245	0.831793044710004
metabat_ERR6279626.27	response	R	0.00771607860485695	0.00945259310511954	221	1	0.415228171285745	0.831793044710004
semibin_ERR6280910.39	gender	male	0.0413707245296711	0.0448561443701505	221	4	0.357406166720097	0.831793044710004
maxbin_SRR16554788.028_sub	age	age	0.0313955832483801	0.0329002680532802	221	5	0.341011176200364	0.831793044710004
metabat_SRR25825497.15	gender	male	0.0383648541563145	0.0397921855269657	221	2	0.336053757778027	0.831793044710004
metabat_SRR25825497.15	response	R	0.0327963801511741	0.0378171446849857	221	2	0.386770812298643	0.831793044710004
semibin_ERR2162203.14	response	R	0.00771607860499885	0.00945259310511954	221	1	0.415228171277182	0.831793044710004
metabat_SRR16554734.17	gender	male	0.0683969576573811	0.0893390736892786	221	2	0.4447531525966	0.831793044710004
metabat_SRR16554734.17	response	R	0.066743164201347	0.0849048281964943	221	2	0.432670046351725	0.831793044710004
semibin_SRR5930528.71	age	age	0.0228749214252814	0.0274312186920266	221	7	0.405261316853081	0.831793044710004
metabat_ERR12405979.31	response	R	0.00708898951560458	0.00942199086306601	221	1	0.452635001811599	0.831793044710004
maxbin_SRR11413617.028_sub	gender	male	0.0410080599242758	0.0445535891987714	221	4	0.35838344731425	0.831793044710004
semibin_SRR25825497.40_sub	gender	male	0.0419980894043207	0.044215142694066	221	4	0.343249067774589	0.831793044710004
semibin_SRR6000905.76	gender	male	-0.0475545946896002	0.0573041372213142	221	3	0.407528132148691	0.831793044710004
metabat_SRR25825510.56	age	age	0.020125766684743	0.0243776642006874	221	6	0.40995445170788	0.831793044710004
metabat_SRR16554788.7	gender	male	-0.0956448985224349	0.101838462119339	221	4	0.348681276906096	0.831793044710004
maxbin_SRR16168918.042_sub	age	age	0.0544395560616581	0.068254673189197	221	40	0.425989038608319	0.831793044710004
metabat_ERR6279654.11	age	age	0.0424940444632975	0.0510915382553443	221	9	0.406488896877946	0.831793044710004
metabat_ERR6279654.11	gender	male	-0.0952583635410248	0.110313949681929	221	9	0.388815000676095	0.831793044710004
metabat_ERR6275652.18	gender	male	-0.0641617159134935	0.0653193399038988	221	7	0.327057063216614	0.831793044710004
metabat_ERR6275652.18	response	R	0.061824088455091	0.0620772871648265	221	7	0.320397655366506	0.831793044710004
semibin_ERR12405920.42	response	R	0.0067707882857883	0.00949060402166986	221	1	0.476352346048789	0.831793044710004
metabat_SRR6000906.41	response	R	0.0306899234482853	0.0307575377011137	221	2	0.31948686260008	0.831793044710004
semibin_SRR25825513.40	response	R	0.00677078828572364	0.00949060402166986	221	1	0.476352346052981	0.831793044710004
metabat_SRR25825505.1	response	R	0.00677078828562508	0.00949060402166986	221	1	0.476352346059392	0.831793044710004
metabat_ERR6281000.13	age	age	0.0212643730939016	0.0257410913330484	221	5	0.40966599903058	0.831793044710004
metabat_ERR6279661.17	gender	male	0.0913812232060715	0.0983646435587927	221	10	0.353928081166922	0.831793044710004
semibin_ERR6279673.83	age	age	-0.00434791152610038	0.00461122615232349	221	1	0.346787377318054	0.831793044710004
metabat_ERR6279652.12	age	age	0.00848262190241954	0.0113882826268671	221	3	0.457171462774053	0.831793044710004
metabat_ERR6279652.12	gender	male	-0.0227993867731664	0.0245892249874058	221	3	0.35485538901166	0.831793044710004
maxbin_SRR16554767.001	gender	male	0.0600835915328078	0.0646285125406152	221	2	0.353571775773279	0.831793044710004
maxbin_SRR16554767.001	response	R	0.0498865871555141	0.0614207482488642	221	2	0.41756085741965	0.831793044710004
semibin_SRR16554643.19	response	R	0.00680925928505756	0.00942706017457292	221	1	0.470881620197638	0.831793044710004
metabat_SRR20881981.18	response	R	-0.0861501233873988	0.109407760244377	221	15	0.431902945355018	0.831793044710004
metabat_SRR16554653.16	gender	male	0.0804724219522795	0.112474260647606	221	6	0.475090646489957	0.831793044710004
metabat_ERR6275678.16	gender	male	-0.0996586665297911	0.110636973963433	221	11	0.368720883185696	0.831793044710004
metabat_ERR6275678.16	response	R	0.0783211893654101	0.104903931523616	221	11	0.456122972080276	0.831793044710004
metabat_ERR6275677.54	response	R	0.136876204730136	0.136201186932999	221	22	0.316048835347114	0.831793044710004
maxbin_SRR16554689.002	response	R	0.103922912176871	0.107640126506173	221	10	0.335386039074498	0.831793044710004
maxbin_ERR12405962.006	gender	male	0.0569349593350584	0.0678318707256429	221	3	0.402194356833791	0.831793044710004
maxbin_SRR16168941.009_sub	gender	male	-0.115398832080626	0.147034325454311	221	30	0.433412888460055	0.831793044710004
metabat_SRR23364213.66	age	age	-0.0855194659542422	0.0870742246044291	221	27	0.327124130960639	0.831793044710004
metabat_SRR16168984.8_sub	response	R	0.128975506600112	0.129350694178162	221	38	0.319840499468163	0.831793044710004
semibin_ERR6279627.38	age	age	0.0167479862803808	0.020981306508519	221	4	0.42560776868747	0.831793044710004
semibin_ERR6279627.38	gender	male	0.0460637378415675	0.0452731429193288	221	4	0.310066978470297	0.831793044710004
metabat_SRR5930528.116	response	R	0.113481346255364	0.13382673449821	221	14	0.39739800832994	0.831793044710004
metabat_ERR12405974.29	response	R	-0.0673072079981036	0.066109364034245	221	3	0.309755111766698	0.831793044710004
semibin_SRR25825495.18	gender	male	0.0418008154744813	0.0436833473550254	221	2	0.339680035377998	0.831793044710004
semibin_SRR25825495.18	response	R	0.0355000958031655	0.0415151730263722	221	2	0.393432625827939	0.831793044710004
semibin_SRR16554649.27	response	R	0.00769043127210127	0.00942463570798269	221	1	0.41539927233868	0.831793044710004
semibin_ERR6279676.4	age	age	0.0627810491258432	0.0695270126832938	221	33	0.367554005830708	0.831793044710004
semibin_ERR6279650.29	response	R	0.00708898951081153	0.00942199086334297	221	1	0.452635002130068	0.831793044710004
metabat_ERR6281432.38	age	age	-0.0101633679728946	0.0103084402303357	221	2	0.325268996043982	0.831793044710004
metabat_ERR6281432.38	gender	male	0.0190875573110274	0.0222516896090413	221	2	0.391948577771392	0.831793044710004
metabat_ERR6281432.38	response	R	0.0196642928391127	0.0210895780860482	221	2	0.352159665641265	0.831793044710004
metabat_SRR16554627.10	gender	male	-0.104584743683787	0.107571534652707	221	8	0.332016435760953	0.831793044710004
maxbin_SRR16554760.002	response	R	0.00772377280482784	0.00945492740285631	221	1	0.414878934715797	0.831793044710004
semibin_SRR13068843.60_sub	age	age	0.0621098866282179	0.068449035492258	221	30	0.36522071334603	0.831793044710004
metabat_SRR6000940.3	age	age	0.0633816609458315	0.0648030578168182	221	20	0.329142595925648	0.831793044710004
maxbin_SRR11413615.001	age	age	-0.0265353495844259	0.033268857344258	221	7	0.425974637483176	0.831793044710004
semibin_SRR11413657.19	response	R	0.00677078828574093	0.00949060402166986	221	1	0.476352346051854	0.831793044710004
semibin_SRR16554673.8	gender	male	-0.04190788299762	0.0460542743801491	221	2	0.363849382304835	0.831793044710004
maxbin_SRR16554751.003	gender	male	0.0981047676483925	0.125123041338977	221	13	0.433856185285687	0.831793044710004
metabat_ERR6279655.17_sub	age	age	0.00822905629771242	0.010950888704257	221	3	0.453201884091862	0.831793044710004
metabat_ERR6279655.17_sub	gender	male	-0.021105083915849	0.0236448211063581	221	3	0.373074345791517	0.831793044710004
metabat_ERR6279654.3_sub	gender	male	-0.047766837902819	0.0554741924106826	221	8	0.390161110126806	0.831793044710004
semibin_ERR12405928.45	gender	male	0.0162880238411528	0.0179921112877152	221	2	0.366317397816198	0.831793044710004
semibin_ERR12405928.45	response	R	0.0169209008905032	0.0170990928682418	221	2	0.323482134434222	0.831793044710004
maxbin_SRR20881977.005	response	R	0.0495693053811701	0.0641056207876339	221	5	0.44022461950869	0.831793044710004
metabat_ERR6248618.9	response	R	0.0265829343197366	0.030995588132858	221	2	0.392042598257666	0.831793044710004
maxbin_ERR12405949.018	age	age	-0.0593698776921679	0.0661080281133132	221	12	0.370141646183161	0.831793044710004
maxbin_SRR5930501.009	response	R	-0.0476938125924765	0.0512149733884866	221	3	0.352760466897627	0.831793044710004
metabat_SRR16554704.3	age	age	-0.0118007932959324	0.014491573665351	221	2	0.416353784301253	0.831793044710004
metabat_SRR16554704.3	gender	male	0.0324310008549392	0.0312364610202443	221	2	0.30031296937298	0.831793044710004
metabat_SRR23364174.22	age	age	-0.0577513586635777	0.0610044672067883	221	15	0.344864191107634	0.831793044710004
maxbin_SRR5930514.003	gender	male	0.0559822936796163	0.0746085532331789	221	4	0.45385880970548	0.831793044710004
maxbin_ERR6281499.005	gender	male	0.0150643054968131	0.0144096572265178	221	2	0.29698684645122	0.831793044710004
metabat_SRR5930498.86	gender	male	-0.134146093707418	0.1739383652538	221	30	0.441421628667858	0.831793044710004
metabat_ERR12405949.35	response	R	0.00769299600534519	0.00942883269397029	221	1	0.415451326331409	0.831793044710004
semibin_SRR11413614.58	gender	male	0.00982771745082361	0.00987822375289502	221	1	0.320899275230006	0.831793044710004
maxbin_ERR6267711.006	gender	male	0.0163468337182133	0.0161442329231467	221	2	0.312403093206783	0.831793044710004
metabat_ERR6279675.42	response	R	0.0391375574482246	0.0514643292660765	221	5	0.447797749089336	0.831793044710004
semibin_ERR6279621.6	age	age	-0.0579349002564901	0.0627304966238804	221	19	0.356757129636579	0.831793044710004
metabat_SRR23364223.20	age	age	-0.00434791152657231	0.00461122615229655	221	1	0.346787377263031	0.831793044710004
semibin_SRR11413618.78	gender	male	-0.0964227410372026	0.0994203955096332	221	8	0.333210492022459	0.831793044710004
semibin_ERR12405969.59	age	age	-0.0177277955296442	0.0248983854063889	221	2	0.47722594384146	0.831793044710004
semibin_SRR5930514.18	response	R	0.00708898951156678	0.00942199086329586	221	1	0.452635002079662	0.831793044710004
metabat_ERR12405940.8	age	age	-0.0390068003827435	0.0461826170027401	221	10	0.399252796282042	0.831793044710004
metabat_ERR6279682.1	response	R	0.0461140349419279	0.0628941867925129	221	5	0.464232605570806	0.831793044710004
semibin_SRR16554721.63	response	R	-0.0713635729884053	0.0816558346147029	221	3	0.383108599624319	0.831793044710004
metabat_SRR16168974.3	response	R	0.051123533894069	0.0707742186771101	221	5	0.470863868041688	0.831793044710004
semibin_ERR12406004.33	gender	male	0.0134840278503705	0.0146940856899075	221	2	0.359820906533703	0.831793044710004
maxbin_SRR13022436.003	age	age	-0.0425276500223657	0.0457513796762142	221	9	0.353645454954188	0.831793044710004
maxbin_SRR13022436.003	response	R	0.0695951796698094	0.09359787428323	221	9	0.457952050064016	0.831793044710004
semibin_ERR6232527.15	age	age	-0.0168484065899588	0.0169327286687695	221	2	0.320838077309291	0.831793044710004
semibin_ERR6232527.15	gender	male	0.0286554247959304	0.0365541500330278	221	2	0.433945181014185	0.831793044710004
semibin_ERR6232527.15	response	R	0.0289518719674906	0.0346406363140153	221	2	0.404202404857521	0.831793044710004
maxbin_ERR12405949.005	gender	male	0.0138505456919471	0.0155198631249678	221	2	0.37314574085047	0.831793044710004
maxbin_ERR12405949.005	response	R	0.0148412919467489	0.0147495519915676	221	2	0.315430514489898	0.831793044710004
metabat_SRR16168940.8	age	age	0.00349830467526637	0.00459418343588323	221	1	0.447211889598723	0.831793044710004
semibin_SRR16554750.10	age	age	-0.00346099638147577	0.00461523755529642	221	1	0.454123308982019	0.831793044710004
semibin_SRR16554750.10	gender	male	0.00859260237640294	0.00994810441738817	221	1	0.388682957684168	0.831793044710004
semibin_ERR6281505.10	age	age	0.0193956213224128	0.0244162766540598	221	2	0.427850996535194	0.831793044710004
metabat_SRR16554756.5	response	R	0.0501971557431303	0.061331991934475	221	4	0.413998831315692	0.831793044710004
semibin_SRR16554723.44	response	R	-0.0507625804219688	0.0521234940607571	221	5	0.331195228735158	0.831793044710004
maxbin_SRR11413649.022	gender	male	0.0093087619827271	0.00992857501351876	221	1	0.349506311125562	0.831793044710004
maxbin_SRR11413649.022	response	R	0.00670410522032777	0.00943578124271487	221	1	0.478158161188027	0.831793044710004
semibin_ERR6281677.29	age	age	0.0120235351310507	0.0156016102276948	221	3	0.441746802263258	0.831793044710004
semibin_SRR11413654.21	age	age	-0.0498332153754706	0.0676415336885111	221	21	0.462089013326617	0.831793044710004
semibin_SRR11413654.21	gender	male	0.124836234458722	0.146034891191768	221	21	0.393586866009599	0.831793044710004
metabat_SRR25825495.14	response	R	0.0586800683311307	0.0790290569800137	221	9	0.458584733758079	0.831793044710004
semibin_SRR16554769.96	gender	male	0.0309547414619106	0.0313423035737526	221	2	0.324431606910115	0.831793044710004
metabat_ERR6281434.55	age	age	0.0173424077752542	0.0235583792741014	221	3	0.462436834972362	0.831793044710004
metabat_ERR6281434.55	gender	male	-0.0445843692884347	0.050779881667032	221	3	0.380918709752189	0.831793044710004
semibin_ERR6279674.62	gender	male	0.0151883033944398	0.0145706910614608	221	2	0.2983920550762	0.831793044710004
metabat_SRR13068816.1	response	R	0.0558094372987483	0.0553767982522682	221	5	0.314666863614723	0.831793044710004
maxbin_SRR16554719.004	response	R	0.00767760760561942	0.00939895099288224	221	1	0.414905499601677	0.831793044710004
metabat_ERR6281997.20	age	age	-0.00381909717849938	0.0046285643378153	221	1	0.410212506819046	0.831793044710004
metabat_ERR6281997.20	gender	male	0.00776337932376531	0.00997683018122095	221	1	0.437333575846023	0.831793044710004
metabat_ERR6281997.20	response	R	0.00672975255315586	0.00948164131887368	221	1	0.478610843975266	0.831793044710004
metabat_SRR23364237.27	response	R	0.00677078828562935	0.00949060402166986	221	1	0.476352346059116	0.831793044710004
semibin_SRR13068827.60	gender	male	0.10886268719517	0.144602830548266	221	21	0.452365744871555	0.831793044710004
semibin_ERR6275676.34	gender	male	0.00832505104574559	0.00986646209575207	221	1	0.39973128833304	0.831793044710004
semibin_ERR12405958.10	response	R	0.00772377280471569	0.00945492740285632	221	1	0.414878934722564	0.831793044710004
maxbin_SRR16168975.004	response	R	-0.0769310829819621	0.0854098998537049	221	6	0.368741299014526	0.831793044710004
metabat_ERR6232458.5	response	R	0.0302028420854196	0.0311692101518761	221	2	0.333629986305227	0.831793044710004
metabat_ERR6281518.58_sub	age	age	0.0573983378300362	0.0583308278784223	221	19	0.326216652828279	0.831793044710004
semibin_SRR11413654.79	gender	male	0.0319153367269012	0.036695927059115	221	3	0.385417883648176	0.831793044710004
semibin_SRR20881980.70_sub	age	age	-0.0315260977754061	0.0402249703037945	221	7	0.434044677088366	0.831793044710004
semibin_ERR12405998.4	response	R	0.00677078828571534	0.00949060402166987	221	1	0.476352346053521	0.831793044710004
maxbin_ERR12405988.009	age	age	0.0108470658761869	0.0119864871087303	221	3	0.366500212780527	0.831793044710004
maxbin_ERR12405988.009	gender	male	0.0250141750701579	0.0258548721544943	221	3	0.33438138811058	0.831793044710004
maxbin_SRR16554632.002	gender	male	0.0302817786440753	0.0421079378986677	221	4	0.472828578898064	0.831793044710004
semibin_SRR25825500.32	gender	male	0.00729976452607067	0.00998493221623083	221	1	0.465520158108941	0.831793044710004
semibin_SRR25825500.32	response	R	0.00673744675298978	0.00948934121839298	221	1	0.478465458173413	0.831793044710004
semibin_SRR5930495.35	age	age	-0.0068636889122478	0.0089295855444095	221	2	0.442939612196485	0.831793044710004
semibin_SRR5930495.35	gender	male	0.0169056310921186	0.0192707841192003	221	2	0.381311601225348	0.831793044710004
semibin_SRR5930495.35	response	R	0.0181175764434864	0.0182715609588741	221	2	0.322512005598724	0.831793044710004
metabat_ERR6279652.15_sub	age	age	0.0178824370482821	0.0212705209800641	221	4	0.401434215107587	0.831793044710004
metabat_ERR6279652.15_sub	gender	male	0.0462660627315269	0.0459069485250071	221	4	0.314662110139535	0.831793044710004
metabat_SRR16554778.4	age	age	-0.0421947436360203	0.05916028905781	221	7	0.47647131296013	0.831793044710004
metabat_SRR16554778.4	response	R	-0.0872812035482519	0.121190200724704	221	7	0.472176793317603	0.831793044710004
semibin_ERR6279669.45	gender	male	0.118007292022249	0.127969393199126	221	22	0.357485760091345	0.831793044710004
metabat_ERR12405957.24	response	R	0.0077340317379608	0.0094537038317362	221	1	0.414200119321519	0.831793044710004
metabat_SRR16554643.13	response	R	0.112937001948808	0.118602546146019	221	8	0.342041311981108	0.831793044710004
semibin_ERR6279677.13	age	age	0.0173009988381792	0.0167235488113559	221	3	0.302050746102655	0.831793044710004
maxbin_SRR16554744.003	gender	male	-0.126317248285085	0.125761344476068	221	16	0.316294925908184	0.831793044710004
metabat_SRR16168942.34	gender	male	-0.0975558494683405	0.100933145943967	221	7	0.334863335174074	0.831793044710004
semibin_ERR6279646.22_sub	response	R	-0.0165338369214897	0.0205898027728857	221	2	0.422847061019699	0.831793044710004
semibin_SRR6000947.67	gender	male	-0.0616651587900886	0.0613537996313456	221	7	0.315991137246964	0.831793044710004
maxbin_ERR6271721.001	gender	male	0.00951983197172633	0.00992482055018348	221	1	0.338528334028432	0.831793044710004
semibin_ERR12406004.36	response	R	0.00680925928508702	0.00942706017457292	221	1	0.47088162019572	0.831793044710004
semibin_SRR5930520.95	gender	male	-0.0185954855641445	0.0211689386889616	221	2	0.380680612199719	0.831793044710004
metabat_SRR23364206.9	response	R	0.00708898951563966	0.00942199086306822	221	1	0.452635001809462	0.831793044710004
metabat_SRR5930499.62	age	age	0.0358785058885359	0.0433441153280028	221	13	0.408725587766627	0.831793044710004
metabat_ERR6275672.30	gender	male	0.0428608063547089	0.0583787667124315	221	6	0.463628637844612	0.831793044710004
semibin_ERR6230340.24	age	age	0.0168517642430652	0.0213776245619297	221	4	0.431388172108525	0.831793044710004
semibin_ERR6230340.24	gender	male	0.0472568463858737	0.0461360355453519	221	4	0.306837100421117	0.831793044710004
semibin_SRR5930532.57	gender	male	0.0798573120360127	0.0872298739363194	221	4	0.360955250501485	0.831793044710004
metabat_SRR23364192.31_sub	age	age	0.00682288676761947	0.00948256540660501	221	2	0.472599459693414	0.831793044710004
metabat_SRR23364192.31_sub	response	R	-0.0138123500672267	0.0194002349625554	221	2	0.477252662996691	0.831793044710004
semibin_SRR25825510.23_sub	response	R	0.00677078828571938	0.00949060402166986	221	1	0.476352346053258	0.831793044710004
maxbin_ERR12405965.008	response	R	0.0365701476835548	0.0440899132557872	221	5	0.407767051965793	0.831793044710004
maxbin_ERR6257997.018	response	R	0.0297028920508364	0.0326306590305514	221	2	0.363688564983722	0.831793044710004
maxbin_ERR6279676.023_sub	gender	male	0.0150451153449088	0.0143848781834581	221	2	0.296771752266837	0.831793044710004
semibin_ERR6236131.31	response	R	0.00677078828565068	0.00949060402166987	221	1	0.476352346057725	0.831793044710004
metabat_SRR11413681.65_sub	response	R	0.0495896092287706	0.0642174656700596	221	8	0.440830452029258	0.831793044710004
semibin_ERR12405983.41	gender	male	0.0111804619582131	0.0149155752426049	221	2	0.454321730372145	0.831793044710004
metabat_SRR16554704.2	gender	male	0.102106732123865	0.101890514260307	221	7	0.317400790358039	0.831793044710004
semibin_ERR12406000.0	gender	male	0.0262977894105401	0.0297454284012891	221	2	0.377623320425628	0.831793044710004
semibin_ERR12406000.0	response	R	0.0257239953524775	0.0282690471677194	221	2	0.363847757953758	0.831793044710004
metabat_SRR5930495.2	gender	male	0.0254692142278644	0.0247216154357252	221	3	0.304043945006485	0.831793044710004
metabat_SRR5930498.97	gender	male	0.043745606480662	0.0573026964727725	221	3	0.446051983211469	0.831793044710004
metabat_SRR5930498.97	response	R	0.0466416756098084	0.0543013574559089	221	3	0.391326090698074	0.831793044710004
metabat_SRR16554763.26	age	age	0.00474142474192735	0.00462463215308008	221	1	0.306384664055664	0.831793044710004
metabat_SRR16554763.26	response	R	0.00678617668548624	0.009473586215274	221	1	0.474560224215324	0.831793044710004
metabat_ERR6232458.9	age	age	0.00385535031298728	0.00459806502330362	221	1	0.402688119329807	0.831793044710004
maxbin_SRR23364175.021_sub	age	age	-0.0471147358994221	0.0451664993490067	221	16	0.298059385695395	0.831793044710004
semibin_SRR11413609.1	age	age	-0.0138540961409758	0.0157627840571509	221	4	0.380430084186174	0.831793044710004
semibin_SRR6000894.27	gender	male	0.0806219712172496	0.0821668521580032	221	10	0.327587658886595	0.831793044710004
semibin_SRR6000894.27	response	R	-0.0662496532161641	0.0780885918986109	221	10	0.397155154683718	0.831793044710004
maxbin_SRR5930517.004	gender	male	-0.110849811032914	0.105542175695697	221	5	0.294759227540724	0.831793044710004
semibin_SRR16168929.20_sub	gender	male	0.148421661247893	0.14315848993619	221	31	0.301014169873051	0.831793044710004
maxbin_SRR5930501.001	gender	male	0.039515733289783	0.0379445984130925	221	4	0.298846011729475	0.831793044710004
semibin_SRR13022424.6	gender	male	0.0234548472847126	0.0258976425593821	221	3	0.366113428525776	0.831793044710004
semibin_SRR13068825.144	gender	male	0.00918904312217106	0.00988229401155785	221	1	0.353482600197621	0.831793044710004
semibin_SRR13068825.144	response	R	0.00709783669593363	0.00936748767650809	221	1	0.4494483730375	0.831793044710004
metabat_SRR23364171.30	age	age	0.0596052876264975	0.0605315135127829	221	19	0.32588089069874	0.831793044710004
maxbin_SRR8387681.017	response	R	0.00680925928506331	0.00942706017457292	221	1	0.470881620197265	0.831793044710004
semibin_SRR11413687.171	response	R	0.00680156508525647	0.00944538466474161	221	1	0.472242007576299	0.831793044710004
semibin_ERR12405976.23	response	R	0.038018733777245	0.0394323138449793	221	2	0.336043067723424	0.831793044710004
maxbin_SRR16554726.001	age	age	0.030321000907904	0.0310596621045503	221	3	0.330044346629053	0.831793044710004
maxbin_SRR16554726.001	gender	male	0.0536161577153119	0.0669635579020617	221	3	0.424200354653996	0.831793044710004
metabat_SRR16168929.12	response	R	0.0641030055043051	0.0774465861851969	221	5	0.408747569549302	0.831793044710004
metabat_ERR6275664.11	age	age	0.0169405923200558	0.0216010774324057	221	4	0.433750624764818	0.831793044710004
metabat_ERR6275664.11	gender	male	0.0477544846350838	0.0466161913051752	221	4	0.30677835404306	0.831793044710004
semibin_SRR20881976.18_sub	gender	male	0.11594530774895	0.151472477884839	221	35	0.444843473956167	0.831793044710004
metabat_SRR23364184.7	age	age	0.020721894701196	0.0216134167375585	221	5	0.338755095413502	0.831793044710004
metabat_ERR6264280.47	response	R	0.00694556681102734	0.00934237807822247	221	1	0.458019077252524	0.831793044710004
semibin_ERR6279646.18	age	age	0.0173048131501161	0.0217440475253623	221	4	0.426994662625152	0.831793044710004
semibin_ERR6279646.18	gender	male	0.0479474758379404	0.0469270577392463	221	4	0.308039432527705	0.831793044710004
maxbin_SRR16554645.006	response	R	0.0736059445175813	0.0801781600859436	221	5	0.359622467273881	0.831793044710004
metabat_ERR12405949.18	age	age	0.0475125429817603	0.0456844664680402	221	8	0.299490186946542	0.831793044710004
semibin_ERR6279620.6	age	age	0.0179508735584324	0.0224413377610903	221	2	0.424646836915077	0.831793044710004
semibin_SRR25825498.35	age	age	0.0163879764521446	0.021318577166142	221	4	0.442896952340848	0.831793044710004
semibin_SRR25825498.35	gender	male	0.0473440148853692	0.0460059129521773	221	4	0.30458527380429	0.831793044710004
metabat_SRR11413618.48	gender	male	0.0229752916459134	0.0243323327601904	221	3	0.346103716549346	0.831793044710004
metabat_ERR6275675.18	gender	male	-0.0858099521289097	0.11416586193881	221	15	0.453100248398148	0.831793044710004
metabat_ERR6275675.18	response	R	0.110464795457491	0.108240114256139	221	15	0.308614295489442	0.831793044710004
maxbin_ERR6275675.041_sub	gender	male	0.00930876198254853	0.00992857501351876	221	1	0.349506311134773	0.831793044710004
maxbin_ERR6275675.041_sub	response	R	0.00670410522018352	0.00943578124271488	221	1	0.478158161197473	0.831793044710004
maxbin_SRR16554744.022	gender	male	0.100272127379259	0.120912424596754	221	18	0.407848523306233	0.831793044710004
semibin_SRR16168918.53	response	R	0.0288439203641212	0.0371419239881942	221	5	0.438249400353075	0.831793044710004
semibin_ERR6279678.48	age	age	0.023463703852634	0.0277749932623827	221	6	0.399169359775986	0.831793044710004
semibin_ERR6279678.48	gender	male	-0.0526274605205839	0.0599677854513459	221	6	0.381137656161066	0.831793044710004
semibin_SRR16168896.113	gender	male	-0.0717415059353159	0.0883843121123154	221	10	0.417854458369334	0.831793044710004
semibin_SRR16168896.113	response	R	-0.0814533240711817	0.0838317606653654	221	10	0.332319831546503	0.831793044710004
metabat_ERR6275652.5	gender	male	0.0132305086816211	0.0182471860145558	221	2	0.469189501201981	0.831793044710004
metabat_ERR6275652.5	response	R	-0.013215115357137	0.0173415072449006	221	2	0.446856951979667	0.831793044710004
metabat_SRR16168943.6	response	R	0.0310277123557624	0.0374962287471388	221	2	0.40887206181561	0.831793044710004
metabat_SRR6000940.18	response	R	0.00708170225223584	0.00946779459234577	221	1	0.455284825670934	0.831793044710004
semibin_SRR6000909.33	age	age	0.0195427921458788	0.0272808507257865	221	7	0.474548099273805	0.831793044710004
maxbin_ERR12405996.027	gender	male	0.00843806411049375	0.00995083959105042	221	1	0.397386194578215	0.831793044710004
metabat_SRR6000893.52	age	age	0.0448753106885771	0.0533924165488427	221	22	0.401574047246059	0.831793044710004
metabat_ERR12405991.26	age	age	-0.0309292051494022	0.0338744590551858	221	6	0.362227526210074	0.831793044710004
semibin_SRR13068851.47	response	R	0.00677078828564641	0.00949060402166986	221	1	0.476352346058004	0.831793044710004
metabat_SRR5930534.16	response	R	0.0699795424506051	0.0922628040109213	221	12	0.448990244735016	0.831793044710004
semibin_SRR11413655.121	response	R	0.0864561201984285	0.08863725520961	221	7	0.330451642029112	0.831793044710004
semibin_SRR6000899.37	gender	male	0.12606226433312	0.147288856187867	221	30	0.393017793380682	0.831793044710004
semibin_SRR5930534.11	gender	male	0.129340729623813	0.137767947540375	221	31	0.348875229882243	0.831793044710004
semibin_SRR11413609.0	gender	male	0.0085360706532271	0.0099568025215809	221	1	0.392219164398852	0.831793044710004
semibin_SRR11413609.0	response	R	0.00671692888672924	0.00946260770983011	221	1	0.478565988306856	0.831793044710004
semibin_ERR12405998.20	gender	male	0.0399370831576302	0.0510202927845926	221	3	0.434631013122504	0.831793044710004
semibin_ERR12405940.4	response	R	0.0238916588390797	0.0317993748899821	221	3	0.453276306386104	0.831793044710004
semibin_SRR8387683.51	gender	male	0.0795621006691202	0.0953534687395371	221	9	0.404978141425395	0.831793044710004
metabat_ERR6232686.11	age	age	0.0387173216045693	0.0393028338574454	221	5	0.325670828731266	0.831793044710004
semibin_SRR16554775.18	gender	male	-0.0885090661511962	0.088100595427925	221	9	0.316190891843586	0.831793044710004
semibin_SRR16554636.21_sub	age	age	0.00463357957849085	0.00459475331487397	221	1	0.31436156835753	0.831793044710004
metabat_ERR6281751.26_sub	age	age	0.0170181134265428	0.021169994119971	221	2	0.422351129333214	0.831793044710004
semibin_SRR5930498.62_sub	age	age	-0.0713109924801101	0.067971338143837	221	33	0.295298979905172	0.831793044710004
metabat_SRR5930501.50	gender	male	-0.0768904594936635	0.0739720367593238	221	10	0.299750935786908	0.831793044710004
maxbin_SRR23364240.007	gender	male	0.0854354884299706	0.0875243810621086	221	20	0.330098966912564	0.831793044710004
maxbin_ERR12406010.010	response	R	0.020312482316303	0.0212384316138909	221	2	0.339933352358957	0.831793044710004
maxbin_SRR16554774.005	response	R	0.00679130615201215	0.00946543245745377	221	1	0.47384650221749	0.831793044710004
semibin_SRR13068834.14_sub	response	R	0.122831841203093	0.137676940969524	221	32	0.373299876886881	0.831793044710004
semibin_SRR25825509.16	gender	male	0.0126373575224968	0.0175557687205687	221	2	0.472401395596145	0.831793044710004
semibin_ERR6279619.36	age	age	0.0177581525319716	0.0218361029336277	221	4	0.416968630239437	0.831793044710004
semibin_ERR6279619.36	gender	male	0.0479419794730175	0.0471281507853349	221	4	0.310158660847488	0.831793044710004
metabat_SRR11413685.37	response	R	-0.0877261280406108	0.103286740509786	221	9	0.39662720894285	0.831793044710004
metabat_ERR6275673.39	response	R	0.00708075207371698	0.00947416238133902	221	1	0.455647844849524	0.831793044710004
semibin_ERR6275666.11	gender	male	0.0133095214762471	0.0183702788930896	221	2	0.469530766478514	0.831793044710004
semibin_ERR6275666.11	response	R	-0.0134066030791759	0.0174584905454044	221	2	0.443373640241278	0.831793044710004
maxbin_ERR2162222.008	response	R	-0.0619840291516524	0.0857871644183876	221	9	0.470745002667775	0.831793044710004
metabat_SRR16554705.23	gender	male	0.00729976452611064	0.00998493221623083	221	1	0.4655201581065	0.831793044710004
metabat_SRR16554705.23	response	R	0.00673744675303053	0.00948934121839298	221	1	0.478465458170755	0.831793044710004
semibin_SRR16554762.18	response	R	0.0067579646192803	0.00949628695453731	221	1	0.477450294337693	0.831793044710004
maxbin_SRR11413655.004	response	R	0.00689807776617409	0.00938023645674149	221	1	0.462903760206487	0.831793044710004
maxbin_SRR20881981.003	response	R	-0.0598205982796679	0.0671911769411563	221	6	0.374288466815978	0.831793044710004
metabat_SRR20881977.25_sub	age	age	-0.0579710416071787	0.0706822769470651	221	32	0.413034133708946	0.831793044710004
semibin_ERR12405982.7	response	R	-0.030477642185557	0.0299266656838351	221	3	0.309619799083359	0.831793044710004
metabat_ERR6275675.41	age	age	0.0329380472748012	0.0440466874691025	221	8	0.455391315091203	0.831793044710004
metabat_SRR5930526.60_sub	response	R	0.139014089678635	0.13701479497201	221	34	0.311444320036805	0.831793044710004
metabat_ERR12405967.50	age	age	0.0111279793125898	0.0151880020321539	221	3	0.46454293229045	0.831793044710004
metabat_SRR25825516.7	response	R	0.00694556672856987	0.00934237807447331	221	1	0.458019082402582	0.831793044710004
metabat_SRR20881974.5	gender	male	-0.0624690092036559	0.0711132813547808	221	7	0.380680945425422	0.831793044710004
metabat_SRR16554652.36_sub	age	age	0.0150070473072619	0.016731019751269	221	4	0.370736671791239	0.831793044710004
metabat_SRR16554749.32	gender	male	0.00889924039233428	0.00989916111541073	221	1	0.3696549585286	0.831793044710004
metabat_SRR16554749.32	response	R	0.00709529111935737	0.00938359932363521	221	1	0.450388402462106	0.831793044710004
maxbin_ERR12405986.012	response	R	-0.0468185259369098	0.0611716212378805	221	7	0.444886739909201	0.831793044710004
semibin_SRR5930513.29	response	R	0.0081583191001809	0.00942017708412613	221	1	0.387422888439676	0.831793044710004
semibin_SRR8387691.37	gender	male	0.00982771745267209	0.00987822375289859	221	1	0.320899275139335	0.831793044710004
semibin_SRR16554625.29	age	age	0.0038863641487163	0.00460805498235144	221	1	0.399941894206932	0.831793044710004
semibin_SRR16554625.29	response	R	0.00775198487094318	0.00943962778335881	221	1	0.412423836104137	0.831793044710004
maxbin_SRR13068822.004	response	R	0.0067707882858011	0.00949060402166986	221	1	0.47635234604794	0.831793044710004
metabat_SRR25825506.38	response	R	0.00677078828563788	0.00949060402166987	221	1	0.476352346058559	0.831793044710004
semibin_SRR5930510.20_sub	gender	male	0.111952786811499	0.138668594315406	221	29	0.420365810412453	0.831793044710004
semibin_SRR5930510.20_sub	response	R	0.0942838094227264	0.131501282949382	221	29	0.474166855736546	0.831793044710004
metabat_SRR16554724.5	age	age	-0.0445213499429343	0.0479658500979138	221	7	0.354341075266571	0.831793044710004
maxbin_ERR6275670.004	response	R	0.0317582225990709	0.0383786455508461	221	5	0.408865825078937	0.831793044710004
metabat_SRR16554636.19	age	age	0.00463357957849168	0.00459475331487396	221	1	0.31436156835745	0.831793044710004
semibin_ERR6232523.16	response	R	0.00694556672832217	0.00934237807446006	221	1	0.458019082418004	0.831793044710004
maxbin_SRR20881977.008	age	age	0.00461633581331009	0.00460818850886079	221	1	0.31757188364582	0.831793044710004
maxbin_SRR16554749.005	response	R	0.0530859726261201	0.0528874188821224	221	6	0.316618123339617	0.831793044710004
semibin_SRR16554638.21	response	R	0.00772633753803449	0.00945508604690175	221	1	0.414732076645487	0.831793044710004
semibin_SRR25825504.54	age	age	0.0168951998603752	0.021406213164911	221	4	0.430818671244423	0.831793044710004
semibin_SRR25825504.54	gender	male	0.0473083662131702	0.0461978810353288	221	4	0.306957733502165	0.831793044710004
semibin_SRR5930510.47_sub	response	R	-0.0965613900400536	0.0924631451410478	221	21	0.297511080635139	0.831793044710004
metabat_ERR6281341.65	response	R	-0.0840021589981588	0.0954893921705797	221	8	0.379998013291388	0.831793044710004
metabat_SRR25825516.25_sub	response	R	-0.0196651371553218	0.019348555806877	221	3	0.310589480742435	0.831793044710004
semibin_SRR5930518.165_sub	response	R	-0.0504896556244189	0.0644133171898101	221	6	0.43398944679507	0.831793044710004
semibin_SRR11413652.29	age	age	-0.0327841341361901	0.0330645549320129	221	9	0.322546483047055	0.831793044710004
metabat_SRR16554749.2	response	R	0.0354753748265028	0.0401219093918885	221	2	0.377574022937995	0.831793044710004
metabat_SRR20881976.14	age	age	0.00329214241033521	0.00458413948009412	221	1	0.473436060957843	0.831793044710004
metabat_SRR20881976.14	response	R	0.0069307028687128	0.0093783567246103	221	1	0.460703372173342	0.831793044710004
semibin_SRR16554644.20	response	R	0.00676052935261605	0.00949576735414102	221	1	0.477259288236221	0.831793044710004
metabat_SRR25825502.64	age	age	0.0167369404468845	0.0212544398652818	221	4	0.431874647214538	0.831793044710004
metabat_SRR25825502.64	gender	male	0.0469572464759085	0.0458683182676024	221	4	0.307097870467075	0.831793044710004
metabat_ERR12405913.30	age	age	0.0164106059022325	0.0211191428475674	221	4	0.437976453983271	0.831793044710004
metabat_ERR12405913.30	gender	male	0.046721194047695	0.0455722334563888	221	4	0.306405086302109	0.831793044710004
metabat_SRR16554665.11	response	R	-0.0830033595124285	0.109108330410658	221	9	0.447638535956671	0.831793044710004
maxbin_SRR25825495.001	response	R	-0.0344486159071665	0.0452883612302746	221	4	0.447691546003488	0.831793044710004
semibin_ERR6235716.2	gender	male	-0.0252668825115222	0.0345198307858383	221	3	0.464993055077437	0.831793044710004
semibin_ERR6235716.2	response	R	0.0250185441805737	0.0327136726531032	221	3	0.445242535123716	0.831793044710004
metabat_SRR16554638.9	age	age	0.0459068812885459	0.0534083575614228	221	13	0.390989225032012	0.831793044710004
maxbin_SRR5930534.011	gender	male	0.0518263736253086	0.0597585256822241	221	10	0.386766453673328	0.831793044710004
metabat_SRR5930530.66	age	age	0.0498805711138359	0.0622256835074425	221	19	0.423665525312859	0.831793044710004
semibin_SRR5930504.41	age	age	-0.0667787663511086	0.0690115185795883	221	29	0.334311575635612	0.831793044710004
semibin_SRR5930504.41	response	R	0.139259210764331	0.141289649556176	221	29	0.32542571924626	0.831793044710004
maxbin_SRR13068838.005	age	age	0.0168404611820751	0.0210003453000392	221	4	0.423481620449289	0.831793044710004
maxbin_SRR13068838.005	gender	male	0.04638590111153	0.0453276604792694	221	4	0.307283897022845	0.831793044710004
maxbin_SRR23364177.015	age	age	-0.0199362167129164	0.0194676808668095	221	8	0.306943695629713	0.831793044710004
metabat_SRR16554780.7_sub	response	R	-0.0550088321221819	0.0626599700190321	221	8	0.380974230647198	0.831793044710004
semibin_ERR6279672.11_sub	age	age	0.0123511610883364	0.015378144707819	221	3	0.422765834042426	0.831793044710004
semibin_ERR6279672.11_sub	gender	male	0.0244130799719219	0.0332039561210418	221	3	0.462989407311146	0.831793044710004
metabat_SRR5930528.57_sub	age	age	0.0136720605250645	0.0189930555078806	221	4	0.47240345135013	0.831793044710004
maxbin_SRR11413607.012	response	R	-0.0185213179174572	0.0228029361839484	221	2	0.417551349616423	0.831793044710004
semibin_ERR6233695.19	gender	male	-0.0400795188768409	0.0389562958361752	221	3	0.304712327888569	0.831793044710004
semibin_ERR6279656.46	response	R	0.0069455667283781	0.00934237807446742	221	1	0.458019082414737	0.831793044710004
maxbin_SRR11413615.008	gender	male	0.00951983197177861	0.00992482055018349	221	1	0.338528334025792	0.831793044710004
semibin_SRR11413608.52	age	age	-0.0134269617603693	0.0188054486055131	221	2	0.475999639710383	0.831793044710004
semibin_SRR11413608.52	response	R	-0.0401621826952218	0.0384737640013759	221	2	0.297702366350923	0.831793044710004
semibin_ERR6239138.5	response	R	0.00694556672835968	0.0093423780744665	221	1	0.458019082415922	0.831793044710004
metabat_SRR11413610.67	response	R	0.00708075207540029	0.00947416238124334	221	1	0.455647844737978	0.831793044710004
semibin_ERR6271719.38	response	R	0.0478681522112108	0.0553897866194479	221	6	0.388436521042186	0.831793044710004
maxbin_ERR6279682.017	age	age	-0.00790139124907049	0.00941244920211927	221	2	0.402134095904353	0.831793044710004
maxbin_ERR6279682.017	response	R	-0.0164014265695795	0.0192814576514535	221	2	0.395911378582284	0.831793044710004
metabat_SRR13068840.4	age	age	0.0180441502443447	0.0224634496067048	221	4	0.422700229824196	0.831793044710004
metabat_SRR13068840.4	gender	male	0.0494307701220017	0.0484814637241074	221	4	0.309062708887257	0.831793044710004
maxbin_ERR6279679.046	response	R	0.0595855481204319	0.0632949076865209	221	20	0.347561786819489	0.831793044710004
maxbin_ERR6279678.007	response	R	-0.0570730807150882	0.0634077439600306	221	6	0.369066752322585	0.831793044710004
semibin_SRR5930502.38	gender	male	-0.0695675549702588	0.0850817936994663	221	13	0.414458999790945	0.831793044710004
maxbin_ERR12405913.017	response	R	0.0782628416404034	0.0935051017698165	221	9	0.403523666113214	0.831793044710004
semibin_SRR25825505.11	response	R	0.00675796461936393	0.0094962869545373	221	1	0.477450294332243	0.831793044710004
semibin_SRR6000903.16	response	R	-0.0582646382328497	0.0751865313161538	221	9	0.43922427896906	0.831793044710004
metabat_SRR13068828.35	gender	male	0.111900468916378	0.138653334206578	221	28	0.420531520782953	0.831793044710004
semibin_SRR11413611.89	response	R	0.0522658742450951	0.0602753968819343	221	7	0.386836709223685	0.831793044710004
metabat_SRR13068834.12	response	R	0.00677078828579684	0.00949060402166987	221	1	0.476352346048218	0.831793044710004
metabat_SRR6000908.20	age	age	0.0268108630655067	0.028135633015082	221	9	0.341705153952202	0.831793044710004
maxbin_SRR20881977.021	response	R	0.060477842333965	0.067383363725121	221	11	0.370439862387818	0.831793044710004
maxbin_ERR12405948.006	response	R	0.0342628717791485	0.0450917463974394	221	5	0.448171482671015	0.831793044710004
semibin_SRR11413683.123	age	age	-0.022985910918759	0.0237198364021771	221	2	0.333599469955852	0.831793044710004
semibin_SRR11413683.123	gender	male	0.0409304249682105	0.0512081571169514	221	2	0.4249960691349	0.831793044710004
maxbin_SRR16554660.011	response	R	0.00676565881913151	0.0094938028806408	221	1	0.476834440483658	0.831793044710004
maxbin_SRR5930531.010	age	age	-0.00629875332639205	0.00741905205872335	221	2	0.396818541582739	0.831793044710004
metabat_ERR6280899.76	gender	male	0.0209006423760402	0.0226030949780101	221	2	0.356160224393512	0.831793044710004
metabat_ERR6280899.76	response	R	0.0199007960609211	0.0214216728445384	221	2	0.353922569574507	0.831793044710004
semibin_ERR12405966.12	response	R	0.0244019846304615	0.027709474140173	221	2	0.379491445620247	0.831793044710004
semibin_SRR13068827.108	age	age	0.0146860025937557	0.0145017707943296	221	2	0.312333517537823	0.831793044710004
semibin_SRR13068827.108	response	R	0.0284895497653121	0.0296672350185797	221	2	0.337975208778365	0.831793044710004
maxbin_SRR13068823.022_sub	gender	male	0.0570594632952638	0.0553967613253384	221	4	0.304158826210196	0.831793044710004
semibin_SRR23364206.22	response	R	0.007723772804768	0.00945492740285631	221	1	0.414878934719402	0.831793044710004
semibin_ERR12405928.63	gender	male	0.00729976452616111	0.00998493221623083	221	1	0.46552015810342	0.831793044710004
semibin_ERR12405928.63	response	R	0.00673744675306186	0.00948934121839298	221	1	0.478465458168713	0.831793044710004
semibin_SRR16554681.22	response	R	0.00767247813905681	0.00938647412501274	221	1	0.414597991027433	0.831793044710004
metabat_SRR13022432.6	age	age	-0.043953393649675	0.0562525897819982	221	11	0.435443775155994	0.831793044710004
metabat_ERR6239139.34_sub	response	R	0.00694556672853597	0.00934237807447455	221	1	0.458019082404893	0.831793044710004
metabat_SRR16554631.3	gender	male	-0.0852548410737441	0.0980954774163455	221	4	0.38575233442356	0.831793044710004
maxbin_SRR6000892.009	response	R	0.0164112355222977	0.0163602663652292	221	2	0.316923111237861	0.831793044710004
maxbin_SRR13068847.003	gender	male	0.0084380641104605	0.00995083959105042	221	1	0.397386194580071	0.831793044710004
metabat_SRR25825501.63	age	age	0.0165215419952085	0.0214692526930499	221	4	0.442407533839371	0.831793044710004
metabat_SRR25825501.63	gender	male	0.0476573493376927	0.046330860165297	221	4	0.304798468304415	0.831793044710004
metabat_SRR23364202.16	response	R	-0.0251914204788157	0.0321081069513749	221	3	0.433554750140937	0.831793044710004
metabat_SRR11413649.53_sub	age	age	-0.0249473406052055	0.0305543609773371	221	8	0.415124078266319	0.831793044710004
metabat_SRR25825502.47	age	age	0.0205374823540856	0.026846764262098	221	3	0.44510917609489	0.831793044710004
metabat_SRR25825502.47	gender	male	0.0469527916538225	0.0578679669136127	221	3	0.418037729506129	0.831793044710004
semibin_SRR16554630.22	age	age	0.0268130751167871	0.0288776247734961	221	6	0.354185164314577	0.831793044710004
semibin_SRR16554630.22	gender	male	-0.0610822964425841	0.0623516809228963	221	6	0.328363385177699	0.831793044710004
semibin_SRR16554750.26	age	age	-0.0375537898151414	0.043877997610632	221	7	0.393014648250861	0.831793044710004
semibin_SRR16554750.26	response	R	-0.0826736836145794	0.0898843366474148	221	7	0.358709810329248	0.831793044710004
metabat_ERR6275671.17_sub	gender	male	0.0101041434648284	0.0140734243459071	221	2	0.473558694507988	0.831793044710004
semibin_SRR13068829.41	age	age	0.0147809573449581	0.0198963061433224	221	6	0.458352392089103	0.831793044710004
semibin_ERR6279669.146	age	age	0.0230171977177101	0.0278962894143496	221	9	0.410229616090544	0.831793044710004
maxbin_SRR16554769.014_sub	response	R	0.00677078828571534	0.00949060402166987	221	1	0.47635234605352	0.831793044710004
semibin_SRR16554732.21_sub	age	age	0.0301994247546999	0.0356541959875568	221	3	0.397923269830535	0.831793044710004
semibin_SRR16554732.21_sub	response	R	0.0535696053419186	0.0730378305654934	221	3	0.464075576313075	0.831793044710004
maxbin_SRR5930493.011	gender	male	0.0323713377726336	0.0392430784317893	221	2	0.410340217761842	0.831793044710004
semibin_ERR6231616.45	gender	male	0.00918904305065984	0.00988229401102477	221	1	0.353482603910375	0.831793044710004
semibin_ERR6231616.45	response	R	0.00709783672805807	0.00936748767490518	221	1	0.449448370910577	0.831793044710004
semibin_SRR6000907.58	age	age	-0.0389234060257575	0.0509458094801246	221	12	0.445687725535673	0.831793044710004
semibin_SRR16554714.52	response	R	0.0557612577503367	0.0771756919476234	221	6	0.470750575104627	0.831793044710004
semibin_SRR11413610.13	age	age	0.0133188527410227	0.0136635236812557	221	3	0.330757561444034	0.831793044710004
semibin_SRR25825513.29	response	R	0.00677078828571085	0.00949060402166987	221	1	0.476352346053814	0.831793044710004
semibin_SRR5930508.186	response	R	-0.0343017533355789	0.0453827627715713	221	3	0.450569489209456	0.831793044710004
metabat_SRR13068843.54	gender	male	0.0416935819044914	0.0419829555460165	221	3	0.321763730016892	0.831793044710004
semibin_SRR16168929.7	age	age	-0.0452565352063358	0.0490996631897504	221	9	0.357694085308291	0.831793044710004
semibin_SRR16168929.7	response	R	0.0979208160239206	0.100580949353824	221	9	0.331362849798932	0.831793044710004
semibin_SRR16554678.8	response	R	-0.0486503837196297	0.053422971526758	221	3	0.363482822455334	0.831793044710004
metabat_ERR12405984.6	gender	male	0.0157486679687861	0.0194418146149188	221	2	0.418803983769492	0.831793044710004
maxbin_SRR16168976.016_sub	response	R	-0.0392909060356044	0.0540985742279064	221	6	0.468447600360458	0.831793044710004
semibin_ERR6281343.49	response	R	-0.0638053335619378	0.0730471597841725	221	16	0.383375979052926	0.831793044710004
maxbin_SRR16168943.001	age	age	0.00393135475837589	0.00461456577608672	221	1	0.395188142955776	0.831793044710004
semibin_SRR11413654.34	age	age	-0.00807425858456623	0.0100064154204783	221	2	0.420602881974493	0.831793044710004
maxbin_SRR16554776.005_sub	response	R	0.0744061294987958	0.0742656216928602	221	6	0.317511665168452	0.831793044710004
semibin_ERR12405920.23	gender	male	0.0402789930412883	0.0402051752252143	221	3	0.317538621961327	0.831793044710004
maxbin_SRR16554787.013	gender	male	0.0306363964636221	0.0410824903047626	221	2	0.456638274883269	0.831793044710004
metabat_ERR6232526.9	gender	male	0.00766537278107915	0.00995962296065922	221	1	0.442347553349052	0.831793044710004
semibin_ERR6279659.15	response	R	0.00709548595329673	0.00938069395596396	221	1	0.45023606142709	0.831793044710004
metabat_SRR11413689.56	gender	male	0.0225751809896242	0.0296733838119183	221	2	0.447609054539154	0.831793044710004
semibin_SRR16554756.21	response	R	0.00680156508516678	0.0094453846647416	221	1	0.472242007582118	0.831793044710004
metabat_SRR5930503.76	gender	male	0.0488490878566777	0.0672957713224458	221	3	0.468690548203703	0.831793044710004
metabat_SRR5930503.76	response	R	-0.0463860240189003	0.0639556206095802	221	3	0.469058881349004	0.831793044710004
metabat_SRR20881986.9_sub	age	age	0.0160329330375786	0.0209127916678039	221	4	0.444118856707996	0.831793044710004
metabat_SRR20881986.9_sub	gender	male	0.0462238222549918	0.0451161342849076	221	4	0.306718350344262	0.831793044710004
metabat_ERR6275659.2	gender	male	0.0745754701921047	0.0908321983732549	221	11	0.412538331966101	0.831793044710004
maxbin_SRR6000912.014	age	age	-0.0252432830974442	0.030160933430565	221	8	0.403548870280242	0.831793044710004
metabat_SRR5930511.29_sub	gender	male	0.10258438444553	0.135541365082036	221	27	0.449971631074088	0.831793044710004
maxbin_SRR13068835.009	gender	male	0.0393029080017684	0.0379418337880869	221	2	0.301417527516763	0.831793044710004
metabat_ERR6243880.58	age	age	0.0179039245484638	0.0235621418955619	221	7	0.448169249580783	0.831793044710004
metabat_ERR6243880.58	gender	male	-0.0374362808723915	0.0508746341157065	221	7	0.462620339453032	0.831793044710004
maxbin_SRR16554763.011	age	age	0.00474142474192675	0.00462463215308008	221	1	0.306384664055713	0.831793044710004
maxbin_SRR16554763.011	response	R	0.00678617668547726	0.009473586215274	221	1	0.474560224215895	0.831793044710004
semibin_ERR12405983.42	response	R	-0.0167924032638405	0.0195437763381948	221	3	0.391167317288108	0.831793044710004
semibin_ERR12405992.1	gender	male	-0.0610481279329799	0.0856925929011986	221	3	0.476977160769818	0.831793044710004
semibin_ERR12405992.1	response	R	-0.0589026152523203	0.0814393364239856	221	3	0.470293003267107	0.831793044710004
metabat_SRR25825500.41_sub	age	age	0.0294900028104288	0.0410346941768557	221	15	0.473130176974771	0.831793044710004
semibin_SRR5930526.142	gender	male	0.009827717449772	0.00987822375289265	221	1	0.320899275281508	0.831793044710004
semibin_SRR11413645.160	gender	male	0.00729976452607559	0.00998493221623083	221	1	0.465520158108647	0.831793044710004
semibin_SRR11413645.160	response	R	0.00673744675298956	0.00948934121839299	221	1	0.478465458173428	0.831793044710004
metabat_SRR13068845.7_sub	gender	male	0.0449444058200704	0.0437234675084256	221	4	0.305129948432987	0.831793044710004
semibin_ERR6267712.33	age	age	0.0175545728962275	0.0219642567010761	221	4	0.425029179645307	0.831793044710004
semibin_ERR6267712.33	gender	male	0.0482333160016768	0.047396034548707	221	4	0.309970498847497	0.831793044710004
semibin_SRR5930532.79	age	age	0.0562652967986645	0.0653005932989263	221	10	0.389844474428272	0.831793044710004
semibin_SRR5930532.79	response	R	-0.10026547035035	0.133592283059132	221	10	0.453750453389024	0.831793044710004
metabat_SRR11413684.26	age	age	0.0103904355208482	0.0139519432391114	221	3	0.457240519658063	0.831793044710004
maxbin_SRR16554754.006	age	age	-0.00860368870925747	0.00933590257030341	221	2	0.357776293586764	0.831793044710004
semibin_SRR5930528.15	response	R	0.0395295312510304	0.0503081610961689	221	5	0.432872316291188	0.831793044710004
metabat_ERR12405997.40_sub	response	R	0.00677078828567335	0.00949060402166986	221	1	0.476352346056253	0.831793044710004
semibin_SRR5930520.41	age	age	0.0154568276987157	0.0179925126715274	221	2	0.391253164665857	0.831793044710004
semibin_SRR13068835.130	response	R	0.00675796461928647	0.0094962869545373	221	1	0.477450294337292	0.831793044710004
semibin_SRR11413647.44	gender	male	-0.0106759331294745	0.0145217943627297	221	2	0.463032034473991	0.831793044710004
maxbin_ERR6279682.002	age	age	0.00461633581322713	0.00460818850885568	221	1	0.317571883653932	0.831793044710004
metabat_ERR6279676.12	gender	male	0.00951983197162774	0.00992482055018348	221	1	0.338528334033432	0.831793044710004
semibin_SRR5930516.11_sub	response	R	0.0417064164552289	0.0519098173254784	221	5	0.422604091712776	0.831793044710004
semibin_ERR6279624.16	age	age	-0.0520412060516642	0.0501008348173107	221	16	0.300099772059636	0.831793044710004
semibin_SRR25825512.45	age	age	-0.0162250746200339	0.019930142832598	221	5	0.416487613156873	0.831793044710004
semibin_SRR25825512.45	gender	male	0.0326756903093254	0.0430323185357071	221	5	0.448485139858757	0.831793044710004
semibin_SRR25825512.45	response	R	-0.0386094865478959	0.0407788446757833	221	5	0.34479863401061	0.831793044710004
metabat_ERR6281751.28_sub	response	R	0.00694556672831473	0.00934237807446619	221	1	0.458019082418758	0.831793044710004
metabat_SRR13022254.6	age	age	0.00461633581340998	0.00460818850886848	221	1	0.317571883636173	0.831793044710004
metabat_SRR16554757.24	gender	male	-0.0556868982093322	0.0761883222519508	221	4	0.465621846383593	0.831793044710004
metabat_SRR16554757.24	response	R	-0.0618016002605492	0.07240679967065	221	4	0.394304923135017	0.831793044710004
semibin_SRR23364221.0	age	age	-0.032677124074939	0.0393320192594355	221	7	0.406998598655873	0.831793044710004
semibin_SRR23364221.0	response	R	0.0786748412112884	0.0805718732087505	221	7	0.329926120469348	0.831793044710004
maxbin_ERR6282070.005	age	age	0.00463357957849014	0.00459475331487396	221	1	0.314361568357595	0.831793044710004
maxbin_SRR11413691.014	response	R	0.00689807776605951	0.00938023645673929	221	1	0.462903760213761	0.831793044710004
metabat_ERR6279666.8	gender	male	-0.0687937009565446	0.091331213229767	221	6	0.452126222724169	0.831793044710004
semibin_SRR16554766.42	response	R	0.00676565881916777	0.00949380288064079	221	1	0.476834440481298	0.831793044710004
metabat_SRR23364240.26_sub	age	age	0.0185300270368168	0.0232322627875998	221	2	0.425979757450119	0.831793044710004
metabat_ERR6279681.38	gender	male	0.00951983197162782	0.00992482055018349	221	1	0.338528334033407	0.831793044710004
semibin_SRR16554664.19	gender	male	-0.0245089848213207	0.0311455781725939	221	3	0.432189031295606	0.831793044710004
semibin_SRR25825505.21	response	R	0.00677078828567224	0.00949060402166987	221	1	0.476352346056329	0.831793044710004
maxbin_ERR12405911.018	age	age	0.0272248593951319	0.0290445943067483	221	6	0.349622220240874	0.831793044710004
maxbin_SRR5930529.023_sub	age	age	-0.0464269623964498	0.0463642111275943	221	14	0.317784332957375	0.831793044710004
maxbin_SRR11413686.009_sub	gender	male	0.00951983197169366	0.00992482055018348	221	1	0.338528334030096	0.831793044710004
maxbin_SRR11413610.003	gender	male	0.0368976525206698	0.0354251020546988	221	2	0.298774265009372	0.831793044710004
semibin_SRR11413692.10_sub	age	age	-0.0271842337777663	0.0301860574560241	221	8	0.368832819904746	0.831793044710004
semibin_SRR11413617.99	gender	male	-0.0247980607681693	0.0334187125215991	221	3	0.458870744010156	0.831793044710004
semibin_SRR11413617.99	response	R	0.0236955638300253	0.0316702237396753	221	3	0.455156511663362	0.831793044710004
semibin_SRR5930493.92	gender	male	0.119537914703779	0.115120620517154	221	15	0.300264188978204	0.831793044710004
semibin_SRR11413606.56	response	R	0.0488957803529669	0.0661288125991528	221	7	0.460463935998422	0.831793044710004
metabat_ERR6281751.21	response	R	-0.0266656099392519	0.0367756239191298	221	4	0.469183665789895	0.831793044710004
maxbin_SRR23364202.013_sub	age	age	-0.0269587156006144	0.0329091914946402	221	14	0.413590597030705	0.831793044710004
semibin_ERR6279646.13	age	age	0.0161693761333863	0.0172480410737083	221	2	0.349563359902523	0.831793044710004
maxbin_SRR11413685.021	response	R	0.0420903039045747	0.049031167360828	221	4	0.39159687974998	0.831793044710004
maxbin_SRR16554767.011	gender	male	0.06054231910382	0.0801774282218432	221	7	0.451005183969069	0.831793044710004
semibin_SRR16168941.28	age	age	0.0278507099456349	0.0330822824391119	221	5	0.400798407894068	0.831793044710004
semibin_SRR16168941.28	gender	male	0.063451209264705	0.0714287733134992	221	5	0.375361499118659	0.831793044710004
semibin_ERR6248618.3	gender	male	0.0456399903418667	0.046197115759598	221	6	0.324294960693452	0.831793044710004
maxbin_SRR16554672.011_sub	age	age	0.0263066044031645	0.036745835518321	221	11	0.474826437118847	0.831793044710004
semibin_SRR11413657.198	response	R	0.0311242653361975	0.0436886059091677	221	3	0.476975877514906	0.831793044710004
metabat_SRR16168974.10	gender	male	0.0533591559830064	0.0706389259621616	221	3	0.450847062553556	0.831793044710004
maxbin_SRR5930505.044_sub	gender	male	0.0750357867472796	0.0812473616080074	221	17	0.356760044863535	0.831793044710004
semibin_SRR16554786.15	response	R	-0.0704002877129771	0.075464426138426	221	4	0.351911676161364	0.831793044710004
semibin_ERR12405947.70	gender	male	-0.0152565181986117	0.0156490032549994	221	2	0.330691641859056	0.831793044710004
semibin_SRR16554774.25	response	R	0.0665969066586378	0.0650081550710734	221	4	0.306768486540684	0.831793044710004
metabat_SRR11413687.66	response	R	-0.030754259456966	0.02967973711561	221	2	0.301264607284412	0.831793044710004
metabat_SRR5930514.5	age	age	0.0361101240087829	0.0370298233821896	221	5	0.330571257403378	0.831793044710004
metabat_SRR5930514.5	gender	male	0.0753789851171668	0.0799517598520206	221	5	0.346834255395806	0.831793044710004
metabat_SRR25825512.9	age	age	0.0324078739220202	0.0428954626971241	221	8	0.45076338639788	0.831793044710004
metabat_SRR6000895.38	response	R	0.00675796461921373	0.00949628695453732	221	1	0.477450294342027	0.831793044710004
semibin_SRR11413618.30	gender	male	0.0138778835978776	0.0186889655741572	221	2	0.458544523497235	0.831793044710004
semibin_SRR11413618.30	response	R	-0.0138891523023311	0.0177613595677391	221	2	0.435074626805068	0.831793044710004
metabat_SRR16554653.5	response	R	0.00680669455169739	0.00943348268111322	221	1	0.471350184995874	0.831793044710004
maxbin_SRR11413619.022_sub	age	age	0.00542035676391869	0.00668947575730297	221	2	0.418666502211795	0.831793044710004
maxbin_SRR11413619.022_sub	response	R	0.0138463568802938	0.0136884972710314	221	2	0.312889924191437	0.831793044710004
semibin_ERR6279667.1	gender	male	0.0728552784506537	0.0832966342431044	221	9	0.382735677981069	0.831793044710004
maxbin_SRR16554740.006	age	age	-0.0042850431389641	0.00460642572530383	221	1	0.353284825857098	0.831793044710004
maxbin_SRR16554740.006	response	R	0.00769812547190567	0.00943629024069673	221	1	0.415509100344303	0.831793044710004
metabat_ERR6279645.3	response	R	0.00691650863615856	0.00938824983758756	221	1	0.462092654138312	0.831793044710004
semibin_SRR25825494.37	response	R	-0.0482134725071462	0.0542654344369427	221	4	0.375269169308978	0.831793044710004
metabat_SRR25825521.14	gender	male	0.0277627196399291	0.0334014522665999	221	2	0.406786622527161	0.831793044710004
metabat_SRR25825521.14	response	R	0.0305890397587666	0.0316502698128088	221	2	0.334888625232097	0.831793044710004
semibin_SRR11413678.34	gender	male	0.039968159084669	0.0399913967988563	221	3	0.318704932323755	0.831793044710004
semibin_ERR12405934.44_sub	response	R	0.0480812907964067	0.0465872999656657	221	5	0.303191443226185	0.831793044710004
metabat_SRR16554760.5	response	R	0.00772377280479068	0.00945492740285631	221	1	0.414878934718033	0.831793044710004
metabat_SRR5930532.23_sub	response	R	-0.0534180388099932	0.0640713462303687	221	5	0.405355850515519	0.831793044710004
semibin_ERR6281941.44	age	age	0.00474142474192841	0.00462463215308008	221	1	0.306384664055544	0.831793044710004
semibin_ERR6281941.44	response	R	0.00678617668546917	0.009473586215274	221	1	0.474560224216428	0.831793044710004
semibin_SRR6000903.20	gender	male	-0.0643114082546209	0.0844102579034051	221	8	0.446955179662939	0.831793044710004
semibin_SRR11413649.35	response	R	0.0291181934327369	0.032473645560667	221	2	0.370887886423888	0.831793044710004
semibin_ERR6229432.26	age	age	0.0128117442625486	0.0142777999232961	221	3	0.370543053613131	0.831793044710004
metabat_SRR11413613.27	age	age	-0.0106545761152134	0.0130012520612695	221	3	0.413405035996003	0.831793044710004
metabat_SRR11413613.27	gender	male	-0.027889083951967	0.0280718977296399	221	3	0.321587285594252	0.831793044710004
semibin_SRR5930499.22_sub	gender	male	-0.0808134935857671	0.0968982342197673	221	20	0.405207482641793	0.831793044710004
semibin_SRR13022319.12	response	R	0.00691650863656522	0.00938824983760751	221	1	0.46209265411301	0.831793044710004
semibin_SRR11413608.95	age	age	0.0133505726303369	0.015678847224502	221	3	0.395429295608518	0.831793044710004
semibin_SRR11413608.95	gender	male	0.0315556314423673	0.0338155990701872	221	3	0.351773423061562	0.831793044710004
semibin_SRR11413687.106_sub	gender	male	0.0891876866444981	0.120272225893678	221	9	0.45916272901112	0.831793044710004
maxbin_SRR5930519.014	gender	male	-0.0103038079368873	0.0144278381117129	221	2	0.475895338118057	0.831793044710004
semibin_SRR11413678.104	response	R	0.00708075207473787	0.00947416238127876	221	1	0.455647844781778	0.831793044710004
semibin_SRR8387683.84	age	age	0.0039631954764359	0.00462800605203328	221	1	0.392748555902937	0.831793044710004
semibin_SRR8387683.84	response	R	0.00678104721887873	0.00948049766715964	221	1	0.47521552999585	0.831793044710004
metabat_ERR6282298.15	age	age	0.0149803327717454	0.0179464553758564	221	3	0.404791268801561	0.831793044710004
metabat_ERR6282298.15	gender	male	0.0354181152377579	0.0386834285043752	221	3	0.360898914851423	0.831793044710004
metabat_ERR12406006.41	age	age	0.0336092244496052	0.0440779513853706	221	8	0.44659255784963	0.831793044710004
semibin_ERR12405912.39_sub	response	R	0.00772377280468987	0.00945492740285632	221	1	0.414878934724116	0.831793044710004
maxbin_SRR11413613.018	response	R	0.00708170226262443	0.00946779459179561	221	1	0.455284824984121	0.831793044710004
semibin_ERR6275675.25	gender	male	0.0586376427723842	0.0580564262796651	221	4	0.313614779831547	0.831793044710004
semibin_ERR6275675.25	response	R	0.0506854672615747	0.0551748601726472	221	4	0.359307323864179	0.831793044710004
semibin_SRR5930503.63	response	R	0.0437393120955974	0.0487569457886951	221	2	0.370668747079267	0.831793044710004
maxbin_SRR16554628.020	gender	male	-0.0573040593481004	0.0686082441553124	221	6	0.404505606957852	0.831793044710004
metabat_ERR12406002.26	response	R	0.00708075207362783	0.00947416238133955	221	1	0.455647844855231	0.831793044710004
maxbin_ERR12405998.001_sub	response	R	0.00708075207517032	0.00947416238125438	221	1	0.455647844753112	0.831793044710004
maxbin_SRR23364192.019	response	R	0.0739852187801047	0.0737305579954826	221	12	0.316771783387268	0.831793044710004
semibin_SRR13022450.11	response	R	0.0415238041720248	0.0461761694678118	221	4	0.36951762243628	0.831793044710004
metabat_SRR25825503.64	response	R	-0.024369423594135	0.0253037168363513	221	2	0.336585042205309	0.831793044710004
maxbin_ERR12405968.007_sub	age	age	0.0198081536874843	0.0239083741641922	221	6	0.408303046797912	0.831793044710004
semibin_SRR16168940.33	age	age	0.00349830467526144	0.00459418343588269	221	1	0.447211889599313	0.831793044710004
maxbin_SRR5930494.003	age	age	0.0280863212661186	0.037498618591507	221	5	0.454670635931324	0.831793044710004
semibin_ERR12405974.45	gender	male	0.0720340483775468	0.0862559160310873	221	11	0.404573350373057	0.831793044710004
maxbin_SRR11413652.007	age	age	-0.0178574530978777	0.0195094886410539	221	3	0.361038917428233	0.831793044710004
metabat_SRR16554763.9	age	age	0.00474142474192856	0.00462463215308008	221	1	0.306384664055528	0.831793044710004
metabat_SRR16554763.9	response	R	0.00678617668545582	0.009473586215274	221	1	0.474560224217289	0.831793044710004
metabat_ERR6279657.74	response	R	0.00772377280477563	0.00945492740285631	221	1	0.414878934718941	0.831793044710004
metabat_SRR16554785.21	response	R	0.0237127854688648	0.0241357309702344	221	2	0.326959333617372	0.831793044710004
semibin_SRR11413678.73	response	R	0.00708170226280057	0.00946779459179068	221	1	0.455284824972724	0.831793044710004
semibin_ERR12405952.9	gender	male	0.0317644935039423	0.0354547858328106	221	5	0.37129063418137	0.831793044710004
semibin_SRR23364231.4	gender	male	-0.0441733130047241	0.0555368923239154	221	5	0.42725816473516	0.831793044710004
maxbin_SRR5930499.004	age	age	0.0139898834395167	0.0139180485788625	221	2	0.31593916540008	0.831793044710004
semibin_SRR16554628.46_sub	response	R	0.0455679211030167	0.0545752757237052	221	2	0.404661117549306	0.831793044710004
metabat_ERR6279626.59	response	R	0.00708898951198687	0.00942199086327196	221	1	0.452635002051816	0.831793044710004
maxbin_ERR6257997.012	age	age	0.00692424501445988	0.00850289092587918	221	2	0.41634797689009	0.831793044710004
maxbin_SRR16554777.015	gender	male	-0.087032108935751	0.0895178968070836	221	6	0.332021526978432	0.831793044710004
maxbin_SRR16554681.010	response	R	0.00767247813900809	0.00938647412501274	221	1	0.414597991030388	0.831793044710004
semibin_SRR5930504.145	response	R	0.0725728336534784	0.0837808024661156	221	16	0.387333963610279	0.831793044710004
metabat_SRR5930532.8_sub	age	age	0.00423024480846712	0.00462299321632962	221	1	0.361184621259095	0.831793044710004
metabat_SRR5930532.8_sub	response	R	0.00708308458836692	0.0094591108450552	221	1	0.454783708176795	0.831793044710004
metabat_SRR20881974.56	age	age	0.0168409071506744	0.0206101450284814	221	3	0.414766286688842	0.831793044710004
metabat_SRR20881974.56	response	R	-0.0342036098598592	0.0421756772653211	221	3	0.418273222570097	0.831793044710004
semibin_SRR13068825.75	age	age	0.0307480566379547	0.0429133958381127	221	8	0.474444335342314	0.831793044710004
metabat_SRR25825517.32	gender	male	0.00758985000278299	0.00995823424527753	221	1	0.446787274649608	0.831793044710004
metabat_SRR25825517.32	response	R	0.00708628016786011	0.00944011872779428	221	1	0.453674538041179	0.831793044710004
maxbin_SRR25825521.011	gender	male	0.0536075458077767	0.0518961561369842	221	4	0.302768469654449	0.831793044710004
maxbin_SRR25825521.011	response	R	-0.0492517126028392	0.0491747094457381	221	4	0.317672926625021	0.831793044710004
maxbin_SRR8387710.003	response	R	0.00708075207472811	0.00947416238127902	221	1	0.455647844782397	0.831793044710004
maxbin_ERR12405994.023	age	age	0.0204183234468591	0.0270682342120543	221	6	0.451470549176647	0.831793044710004
metabat_SRR11413689.9	gender	male	0.016399035609982	0.020096104838789	221	2	0.415381287951852	0.831793044710004
metabat_SRR11413689.9	response	R	-0.0150209825584348	0.0190422289014278	221	2	0.431078971198348	0.831793044710004
semibin_SRR16168943.41	age	age	0.0295803235053057	0.0315467949067346	221	7	0.349467032773184	0.831793044710004
metabat_SRR16554658.17	gender	male	0.0303179255786954	0.037720425305791	221	2	0.422418899157518	0.831793044710004
metabat_SRR16554727.13_sub	age	age	0.00357408084369227	0.00462946600833166	221	1	0.440937360760817	0.831793044710004
metabat_SRR16554727.13_sub	response	R	0.00677848248556902	0.00948348839623934	221	1	0.475521397050018	0.831793044710004
semibin_ERR6275668.126	gender	male	0.0157265808337621	0.0187981227549124	221	2	0.403743035797477	0.831793044710004
semibin_ERR6275668.126	response	R	-0.014052551669206	0.0178617405933304	221	2	0.432292695227985	0.831793044710004
metabat_SRR16554657.23	response	R	0.0678879385892346	0.0755007775392498	221	5	0.369559465316574	0.831793044710004
metabat_SRR16554727.4	response	R	0.0235841012779121	0.0241510395491811	221	2	0.32989157781541	0.831793044710004
semibin_ERR6275674.45_sub	gender	male	-0.0272062644347591	0.0354126410156289	221	3	0.443171621354239	0.831793044710004
semibin_ERR6275674.45_sub	response	R	0.0260201888526923	0.0335596537957268	221	3	0.438987227701323	0.831793044710004
semibin_ERR6230326.4	response	R	0.0442703688306778	0.0456917032757893	221	6	0.333682693158698	0.831793044710004
metabat_SRR6000932.13	age	age	0.010554086561778	0.0147681766334666	221	2	0.475593046091191	0.831793044710004
metabat_SRR6000932.13	response	R	0.0273430675311492	0.0302526968520858	221	2	0.367091801589235	0.831793044710004
metabat_SRR16554767.15	gender	male	0.00853607065322725	0.0099568025215809	221	1	0.392219164398834	0.831793044710004
metabat_SRR16554767.15	response	R	0.00671692888672699	0.0094626077098301	221	1	0.478565988307002	0.831793044710004
semibin_SRR5930512.37	age	age	-0.0136967125601779	0.013612849987965	221	2	0.315458969997914	0.831793044710004
semibin_SRR5930512.37	gender	male	-0.0269906249822578	0.0293423797748194	221	2	0.358671887367239	0.831793044710004
semibin_SRR5930512.37	response	R	-0.0267743492903165	0.0278860034112522	221	2	0.338055472320489	0.831793044710004
semibin_SRR6000892.94	age	age	0.00461633581345652	0.00460818850887212	221	1	0.317571883631664	0.831793044710004
maxbin_SRR6000908.002	gender	male	0.018125964802633	0.0250724423999804	221	3	0.470493738057686	0.831793044710004
maxbin_SRR5930534.026_sub	gender	male	0.084167133979258	0.10324542699403	221	12	0.415843567149105	0.831793044710004
metabat_SRR11413678.18	response	R	0.00772377280471569	0.00945492740285632	221	1	0.414878934722562	0.831793044710004
semibin_SRR11413649.100	response	R	0.00675796461926088	0.00949628695453731	221	1	0.47745029433895	0.831793044710004
metabat_SRR5930504.26	gender	male	-0.0598276277709857	0.0740120073157663	221	6	0.419781825906289	0.831793044710004
semibin_SRR23364187.70	gender	male	-0.047578087411807	0.0627376853604509	221	4	0.449062359645383	0.831793044710004
semibin_SRR23364187.70	response	R	-0.0468022303431552	0.0594608913332181	221	4	0.432082866860395	0.831793044710004
metabat_ERR6279677.10	response	R	-0.060126251463796	0.0651735056209947	221	7	0.357270242796017	0.831793044710004
maxbin_SRR11413620.008	age	age	0.00830727618877601	0.00863585171259809	221	3	0.337153037770212	0.831793044710004
metabat_SRR23364201.31	gender	male	-0.0592538042488096	0.0600314885792679	221	6	0.324729935035575	0.831793044710004
metabat_SRR23364201.31	response	R	0.0530775287302333	0.0568986367131498	221	6	0.351945584249541	0.831793044710004
semibin_ERR6279625.36	age	age	0.0198206313839042	0.0224848900814525	221	3	0.379021110626137	0.831793044710004
semibin_ERR6279625.36	response	R	-0.0454662379841165	0.0459989460915103	221	3	0.324052263902442	0.831793044710004
semibin_SRR16554734.17	response	R	0.0628978914465797	0.0658077091594087	221	4	0.340245417685311	0.831793044710004
metabat_ERR6232526.13	response	R	0.00691650863461317	0.00938824983750886	221	1	0.46209265423448	0.831793044710004
metabat_SRR16168938.20_sub	response	R	0.0542618975050365	0.0764086600400823	221	9	0.478374289007789	0.831793044710004
metabat_ERR6279622.67	response	R	0.00708898951050009	0.00942199086335538	221	1	0.452635002150491	0.831793044710004
maxbin_ERR12405955.019	response	R	0.030283825956453	0.0312566552145355	221	2	0.333689721798139	0.831793044710004
maxbin_ERR6275671.007_sub	response	R	0.00708170225274581	0.00946779459232207	221	1	0.455284825637301	0.831793044710004
semibin_SRR11413610.21	response	R	-0.0570787085527815	0.0689756406982416	221	6	0.408851600667995	0.831793044710004
semibin_ERR6279666.26	gender	male	0.0216627889347366	0.0255986537948064	221	2	0.398347084483231	0.831793044710004
semibin_ERR6279666.26	response	R	0.022737875491773	0.0243280931036831	221	2	0.351015554737554	0.831793044710004
maxbin_SRR16554772.010	age	age	-0.00420821181124747	0.00462700914415861	221	1	0.364101348742353	0.831793044710004
maxbin_SRR16554772.010	gender	male	0.00791791758967012	0.00997347797481757	221	1	0.428122489449656	0.831793044710004
maxbin_SRR16554772.010	response	R	0.00672718781987984	0.0094784554955043	221	1	0.478630666429322	0.831793044710004
maxbin_SRR11413617.006	response	R	0.0070817022530018	0.00946779459230905	221	1	0.455284825620426	0.831793044710004
metabat_SRR16554744.18	gender	male	-0.0889229031705037	0.0906366280400832	221	6	0.327661456752222	0.831793044710004
metabat_ERR6275674.73	response	R	0.00815674958380997	0.0094140809937864	221	1	0.387207318418786	0.831793044710004
maxbin_SRR23364230.017	response	R	-0.04229531012235	0.0484026166854528	221	5	0.383182177392691	0.831793044710004
maxbin_ERR6280910.012	gender	male	-0.048700811171988	0.0500894590879274	221	4	0.332003815873246	0.831793044710004
maxbin_ERR6280910.012	response	R	-0.0350754276132039	0.0474650168593822	221	4	0.460726464320715	0.831793044710004
metabat_ERR12406012.50_sub	response	R	0.00767247813912124	0.00938647412501274	221	1	0.414597991023515	0.831793044710004
metabat_SRR16554704.6	age	age	-0.0342827541136633	0.0340987572964543	221	4	0.315825982180719	0.831793044710004
metabat_SRR16554704.6	gender	male	0.0727812538633997	0.0734995748374901	221	4	0.323166099808999	0.831793044710004
metabat_SRR16554704.6	response	R	-0.051482788110544	0.0698515052416687	221	4	0.461899068823489	0.831793044710004
maxbin_SRR13022258.012_sub	response	R	-0.0527933285698166	0.0596579908696916	221	6	0.377172226886015	0.831793044710004
semibin_ERR12406004.23	gender	male	0.0216866087358087	0.0238944202065585	221	2	0.365095655002279	0.831793044710004
semibin_ERR12406004.23	response	R	-0.0215739354801118	0.0227084472528638	221	2	0.343148766258168	0.831793044710004
maxbin_ERR12406000.009_sub	response	R	0.00678874141881346	0.00946966481371051	221	1	0.474210691099087	0.831793044710004
metabat_SRR16554652.47	gender	male	-0.0581375488461973	0.0660324928690526	221	7	0.379600108562249	0.831793044710004
metabat_SRR5930498.113	age	age	0.0303388118238667	0.0424813356590733	221	16	0.475898534922503	0.831793044710004
metabat_SRR5930498.113	response	R	0.0721050120955651	0.0869449894019843	221	16	0.407843968852415	0.831793044710004
metabat_ERR6282137.16	response	R	0.0399532026512491	0.0417566649550701	221	2	0.339727807716029	0.831793044710004
maxbin_SRR16554643.001	response	R	0.0338543715873055	0.0384261051174444	221	2	0.379278869280632	0.831793044710004
metabat_SRR11413614.4	age	age	-0.02811685487363	0.0268414758708568	221	9	0.296040329342754	0.831793044710004
maxbin_SRR5930530.047	response	R	0.0667043215255509	0.065708592199228	221	5	0.311168407652475	0.831793044710004
semibin_SRR16554636.22	response	R	-0.059488249683517	0.0730022947267237	221	3	0.41603332648254	0.831793044710004
metabat_SRR16168984.63	age	age	-0.00474257961135223	0.004609344583287	221	1	0.304675376348985	0.831793044710004
semibin_ERR6275680.83	gender	male	0.0134785844831564	0.0155450995800375	221	2	0.386875123852491	0.831793044710004
semibin_ERR6275680.83	response	R	-0.0124631612665497	0.0147341294066747	221	2	0.398565066796435	0.831793044710004
semibin_ERR12405992.13	age	age	0.0304387619684827	0.0306380468747546	221	3	0.32157506250311	0.831793044710004
semibin_ERR12405992.13	gender	male	0.0552733539595871	0.066040043617065	221	3	0.403531756565713	0.831793044710004
semibin_ERR12405992.13	response	R	-0.0480733330036128	0.0627622195512958	221	3	0.444532624521443	0.831793044710004
metabat_ERR12405949.30_sub	response	R	0.0343631635112878	0.0365893109582107	221	2	0.348697113374159	0.831793044710004
metabat_ERR12405959.36	response	R	-0.0734038163233441	0.0795401250713515	221	7	0.357108948113472	0.831793044710004
semibin_SRR11413652.68	age	age	-0.0293769977856865	0.0321623842453809	221	9	0.362060077852289	0.831793044710004
metabat_ERR12405955.18	response	R	0.00708041594729848	0.00947595699009028	221	1	0.455754469475361	0.831793044710004
maxbin_SRR5930532.015	age	age	0.0212744842034684	0.0214624803173627	221	2	0.322675611746072	0.831793044710004
metabat_SRR11413681.52	response	R	0.0312768798207781	0.0329953675607439	221	2	0.344229995303971	0.831793044710004
semibin_SRR16554667.24	response	R	-0.0250823126194825	0.0266708430939765	221	2	0.34803788487809	0.831793044710004
metabat_ERR6279681.37	age	age	0.0234470190827035	0.0265864856999416	221	8	0.378803563544715	0.831793044710004
metabat_ERR6279681.37	response	R	0.0489932864176445	0.0543925036989047	221	8	0.368731552967503	0.831793044710004
metabat_SRR16554766.12	gender	male	0.0284422447590037	0.0396882722533171	221	2	0.474366193156037	0.831793044710004
metabat_SRR6000895.39	age	age	0.00461633581325139	0.00460818850885663	221	1	0.317571883651505	0.831793044710004
metabat_SRR11413647.22	age	age	-0.00811234345848726	0.00964448057120986	221	2	0.401196305436909	0.831793044710004
metabat_ERR12405920.28	gender	male	0.0654379859035622	0.0739506304642872	221	9	0.377203681032839	0.831793044710004
maxbin_ERR6281942.014	response	R	0.0272641561033709	0.0301782713214481	221	2	0.367296000054826	0.831793044710004
semibin_SRR11413647.24_sub	gender	male	0.0150512601592631	0.0162916221860392	221	2	0.356582744468031	0.831793044710004
metabat_ERR12405998.47	response	R	0.00772377280475857	0.00945492740285631	221	1	0.414878934719975	0.831793044710004
semibin_SRR6000949.57	age	age	-0.015075205633304	0.0169519510040704	221	2	0.374831846723988	0.831793044710004
semibin_SRR6000949.57	gender	male	0.0377681520905927	0.0365397829789738	221	2	0.302465648984413	0.831793044710004
semibin_ERR6275652.61	response	R	0.0391743922207364	0.0426805542066662	221	2	0.359719251869112	0.831793044710004
maxbin_SRR5930506.009	response	R	0.0527427404227787	0.0603805786878449	221	2	0.383356329630296	0.831793044710004
semibin_ERR12405971.25	age	age	0.0233828558934895	0.0258891422663475	221	7	0.367426521659813	0.831793044710004
semibin_SRR5930497.45	response	R	0.00708041594729942	0.00947595699008647	221	1	0.455754469475132	0.831793044710004
maxbin_ERR6279649.012	response	R	0.0264587628962814	0.0255225765267458	221	2	0.30103850741001	0.831793044710004
semibin_SRR11413608.7	gender	male	0.0167207220097417	0.0205384771663455	221	2	0.416474152936023	0.831793044710004
semibin_SRR11413608.7	response	R	-0.0156672857211923	0.0194614010450033	221	2	0.421679088565154	0.831793044710004
semibin_SRR16168940.0	gender	male	0.0807190770036248	0.101710473818054	221	6	0.428285851775814	0.831793044710004
semibin_SRR23364197.17_sub	age	age	-0.0159331579167234	0.0208379622415097	221	3	0.445327537194557	0.831793044710004
semibin_SRR23364197.17_sub	response	R	0.03542686865354	0.0426866884351196	221	3	0.407491694981639	0.831793044710004
metabat_ERR12405972.5	response	R	0.00678874141863968	0.00946966481371052	221	1	0.474210691110394	0.831793044710004
semibin_ERR6279656.6	age	age	-0.0230290974617038	0.0270121336624818	221	7	0.39485792781955	0.831793044710004
semibin_SRR16554650.49	gender	male	0.00951983197170772	0.00992482055018348	221	1	0.338528334029392	0.831793044710004
semibin_SRR6000890.9	gender	male	0.0202127954458504	0.0202034139094223	221	2	0.318200143388845	0.831793044710004
semibin_SRR16554674.4	response	R	0.0510216109519066	0.0618058686732065	221	6	0.409986440792944	0.831793044710004
semibin_ERR6232528.6	gender	male	-0.0264559261635554	0.0344067667515038	221	3	0.442785187945801	0.831793044710004
semibin_ERR6232528.6	response	R	0.0248232577886918	0.0326064729791748	221	3	0.447310423212927	0.831793044710004
semibin_ERR12405947.16	gender	male	-0.0531722139769349	0.0630124129809056	221	6	0.399689678240294	0.831793044710004
semibin_ERR12405947.16	response	R	0.0570163017135668	0.0598848619921654	221	6	0.3421061880464	0.831793044710004
semibin_SRR16554760.16	gender	male	-0.0680095703732471	0.0829115826198351	221	8	0.412967619592373	0.831793044710004
semibin_SRR11413689.105	gender	male	0.0559590046491277	0.0685803418361023	221	7	0.415418038609085	0.831793044710004
semibin_SRR11413689.105	response	R	0.0648584656063206	0.0649873707621066	221	7	0.319386243382397	0.831793044710004
metabat_SRR20881981.3	response	R	0.00678874141881997	0.00946966481371051	221	1	0.474210691098654	0.831793044710004
maxbin_SRR5930512.016	gender	male	0.0531916313235981	0.0549840724017299	221	2	0.334422754892449	0.831793044710004
maxbin_SRR5930512.016	response	R	0.0467810576160529	0.0521039472055747	221	2	0.370268311822588	0.831793044710004
maxbin_SRR13022252.009_sub	response	R	-0.0545663693441291	0.0609282576613289	221	6	0.371467373273799	0.831793044710004
metabat_SRR20881983.38	age	age	0.0163870841519669	0.0205093706844596	221	4	0.42516933990165	0.831793044710004
metabat_SRR20881983.38	gender	male	-0.031965158477386	0.0442830405068704	221	4	0.471178693097391	0.831793044710004
metabat_ERR12405959.31	gender	male	0.0210935980303162	0.0286282544900739	221	2	0.462033452216018	0.831793044710004
metabat_ERR12405959.31	response	R	0.0249909194341873	0.0272073229402304	221	2	0.359357886963777	0.831793044710004
semibin_SRR13022391.11	response	R	-0.0310444692030714	0.0429647452948705	221	5	0.470730199899485	0.831793044710004
maxbin_ERR12406011.031	gender	male	0.0631253526267727	0.0735728548889365	221	7	0.391849788589091	0.831793044710004
semibin_SRR11413656.102	age	age	0.00474142474193912	0.00462463215308008	221	1	0.306384664054452	0.831793044710004
semibin_SRR11413656.102	response	R	0.0067861766853403	0.009473586215274	221	1	0.474560224224807	0.831793044710004
semibin_ERR6281344.40	age	age	-0.0213322515333898	0.0292668572211309	221	6	0.46685723102767	0.831793044710004
metabat_ERR6279664.17	age	age	0.00785096085769448	0.00898374572131851	221	2	0.383134980829277	0.831793044710004
metabat_ERR6279664.17	response	R	0.0182513256818231	0.0183842807982576	221	2	0.321930113188192	0.831793044710004
metabat_SRR23364187.35_sub	age	age	0.00349830467523756	0.00459418343588069	221	1	0.447211889602223	0.831793044710004
metabat_SRR16554775.14	response	R	0.00773916120444864	0.00945123336985194	221	1	0.41376921776186	0.831793044710004
maxbin_SRR11413619.006	response	R	0.00678874141879842	0.0094696648137105	221	1	0.474210691100065	0.831793044710004
semibin_ERR12405976.64	response	R	0.0253325760742362	0.0274624326055447	221	2	0.357321122991502	0.831793044710004
semibin_ERR12405910.62	age	age	0.00461633581329286	0.00460818850886018	221	1	0.317571883647577	0.831793044710004
maxbin_SRR16168940.014_sub	response	R	-0.0572543677946909	0.0670902060165485	221	3	0.394385208354548	0.831793044710004
metabat_SRR5930528.27	gender	male	-0.112458666050723	0.126658599343183	221	13	0.375593162118827	0.831793044710004
metabat_SRR13068823.20_sub	gender	male	0.00951983197171728	0.00992482055018347	221	1	0.338528334028899	0.831793044710004
metabat_ERR6281340.41	response	R	-0.058517999075891	0.0604846126965302	221	6	0.334384097320983	0.831793044710004
semibin_ERR12406013.48	response	R	0.0077237728046984	0.00945492740285631	221	1	0.414878934723599	0.831793044710004
semibin_SRR5930501.12	age	age	0.0446747758775098	0.0446975024649509	221	7	0.318669852802092	0.831793044710004
metabat_SRR11413618.24	response	R	0.0487608775051247	0.0621594170724303	221	7	0.433634530378617	0.831793044710004
semibin_ERR12405943.41	response	R	0.00708041594728917	0.00947595699008627	221	1	0.455754469475801	0.831793044710004
maxbin_SRR6000947.039	response	R	-0.0305592044712435	0.0406418028045121	221	4	0.452916604854254	0.831793044710004
maxbin_SRR16554743.001_sub	response	R	0.00676822355242651	0.00949235781604878	221	1	0.476600560782361	0.831793044710004
metabat_SRR11413652.11	gender	male	0.0191141400951792	0.0209024095396918	221	2	0.361497120398458	0.831793044710004
metabat_ERR12406011.21	age	age	-0.00797540311169733	0.00935617880774189	221	3	0.394920599714074	0.831793044710004
metabat_SRR11413690.35_sub	gender	male	0.0289236578107394	0.0364327968822473	221	2	0.428126357309798	0.831793044710004
metabat_SRR11413690.35_sub	response	R	0.0304885250485087	0.0346244955568216	221	2	0.379536771039109	0.831793044710004
metabat_ERR12405965.3	age	age	-0.00474257961147616	0.00460934458327921	221	1	0.304675376335554	0.831793044710004
semibin_ERR6275680.30	response	R	0.00708041594720776	0.00947595699009031	221	1	0.455754469481153	0.831793044710004
semibin_ERR12405942.29	age	age	0.0269107130140366	0.0267076700347489	221	3	0.314770506830386	0.831793044710004
semibin_ERR12405942.29	response	R	0.0565550305171273	0.054637890744572	221	3	0.301783154134318	0.831793044710004
maxbin_SRR5930517.025_sub	gender	male	0.0868010451204611	0.0895123782451841	221	9	0.333283698927107	0.831793044710004
semibin_SRR13068846.36	age	age	0.00349830467524824	0.00459418343588088	221	1	0.447211889600831	0.831793044710004
metabat_ERR12405943.44_sub	response	R	0.0299647431365862	0.0338033610436369	221	2	0.376360330534202	0.831793044710004
semibin_SRR25825510.24	response	R	-0.0583516883959971	0.0565893845443212	221	4	0.303622141411755	0.831793044710004
semibin_SRR5930497.86_sub	age	age	-0.0388715383592474	0.0421162746228665	221	7	0.357054350218905	0.831793044710004
semibin_SRR5930497.86_sub	response	R	0.0862077983892019	0.0862754367263884	221	7	0.31880297164713	0.831793044710004
maxbin_SRR16168984.062	gender	male	0.0295964973192015	0.0393768329511914	221	3	0.453093170690995	0.831793044710004
maxbin_SRR25825500.013_sub	response	R	0.00677078828565517	0.00949060402166987	221	1	0.476352346057434	0.831793044710004
semibin_SRR11413608.121	response	R	0.00677078828565517	0.00949060402166986	221	1	0.476352346057443	0.831793044710004
semibin_ERR12405974.32	response	R	0.0067887414187214	0.00946966481371051	221	1	0.474210691105064	0.831793044710004
maxbin_ERR6279619.020	response	R	0.00678874141863092	0.00946966481371051	221	1	0.474210691110948	0.831793044710004
semibin_ERR6279628.83_sub	gender	male	0.0288047814469441	0.0333045829740086	221	3	0.388060073743338	0.831793044710004
metabat_SRR13068853.29	response	R	0.00689807784670141	0.00938023646102207	221	1	0.46290375519477	0.831793044710004
metabat_SRR16554636.10	age	age	0.0122117183879238	0.0127951619212785	221	3	0.340942531174208	0.831793044710004
metabat_SRR16554636.10	response	R	-0.020025978434579	0.0262109645885869	221	3	0.445678968184547	0.831793044710004
semibin_SRR13068841.58	age	age	0.0164623858159155	0.0201357163965498	221	4	0.414506982880658	0.831793044710004
metabat_ERR6229432.22_sub	gender	male	0.0605366815531053	0.075542356108666	221	7	0.423800934585488	0.831793044710004
metabat_SRR23364178.39_sub	response	R	0.0225689148496911	0.0228588843712391	221	2	0.324587918470605	0.831793044710004
semibin_ERR6267711.1	response	R	0.0379867388776722	0.0516443493639509	221	8	0.462807334743226	0.831793044710004
semibin_SRR13022423.21	gender	male	0.0164096748411446	0.0202871212037927	221	2	0.419474991391353	0.831793044710004
metabat_ERR6257997.12	response	R	0.040510001471402	0.0445835286756199	221	6	0.364557760946223	0.831793044710004
maxbin_SRR16554636.007	age	age	0.00463357957849258	0.00459475331487396	221	1	0.314361568357356	0.831793044710004
semibin_SRR11413649.46	gender	male	0.00758984999987542	0.00995823424526331	221	1	0.446787274822843	0.831793044710004
semibin_SRR11413649.46	response	R	0.00708628016916193	0.00944011872772975	221	1	0.453674537955216	0.831793044710004
maxbin_SRR16168969.005	age	age	0.00353749760572863	0.0046159694077777	221	1	0.444298235019285	0.831793044710004
semibin_SRR5930530.132	age	age	-0.0233207605740952	0.0322098623260212	221	5	0.46983724923771	0.831793044710004
semibin_SRR11413690.9	response	R	0.00772377280471973	0.00945492740285631	221	1	0.414878934722318	0.831793044710004
metabat_ERR6275675.32_sub	gender	male	0.0188085159347777	0.0230450375556313	221	4	0.415305102232189	0.831793044710004
metabat_SRR8387677.42	gender	male	-0.0701381710461489	0.0772338743512446	221	7	0.364818515181195	0.831793044710004
metabat_SRR13022456.4	response	R	0.0265669449807833	0.0305496503758812	221	2	0.385466654311831	0.831793044710004
semibin_SRR11413691.23	age	age	-0.027572295265665	0.028843565831175	221	5	0.340183688122346	0.831793044710004
metabat_SRR16554779.19	gender	male	0.0424761343207136	0.0466412066899776	221	2	0.36346410060164	0.831793044710004
maxbin_SRR16554760.005	response	R	0.0077237728048101	0.00945492740285632	221	1	0.41487893471687	0.831793044710004
metabat_SRR16554656.29	gender	male	-0.0110348304880595	0.0141183124119868	221	2	0.43530338257118	0.831793044710004
metabat_ERR6275678.3	response	R	0.00676565881902317	0.00949380288064079	221	1	0.476834440490704	0.831793044710004
semibin_SRR5930506.126	age	age	-0.0384961792874931	0.0450953191018642	221	11	0.394242457932825	0.831793044710004
semibin_ERR12405934.0	response	R	-0.0584964547104051	0.0631288563660727	221	5	0.35515333491467	0.831793044710004
metabat_SRR13068834.35	response	R	0.00678874141872141	0.0094696648137105	221	1	0.474210691105068	0.831793044710004
semibin_ERR12405946.2	gender	male	-0.0255075119238693	0.0334216422480412	221	3	0.446177134872128	0.831793044710004
semibin_ERR12405946.2	response	R	0.02365954488585	0.0316729638413936	221	3	0.455880188805195	0.831793044710004
metabat_ERR6279648.17_sub	age	age	0.00349830467522867	0.00459418343587965	221	1	0.447211889603239	0.831793044710004
metabat_ERR6231475.22_sub	response	R	0.0335972079316117	0.041116573864881	221	5	0.414757463618267	0.831793044710004
semibin_SRR16168984.61	age	age	-0.00474257961124861	0.00460934458329266	221	1	0.304675376360133	0.831793044710004
semibin_SRR11413656.61	age	age	0.0174309447609385	0.0203584495143615	221	6	0.392840710694475	0.831793044710004
maxbin_SRR5930508.015	age	age	0.0046163358132326	0.00460818850885482	221	1	0.31757188365328	0.831793044710004
maxbin_ERR6281342.028	gender	male	-0.0389997406372337	0.0441426007601749	221	3	0.377954227285235	0.831793044710004
metabat_SRR16554777.11	gender	male	-0.0249614402349882	0.0340430088884291	221	3	0.464213982687921	0.831793044710004
semibin_ERR12405939.57_sub	age	age	0.00444622336211795	0.00459478225370084	221	1	0.334289250276518	0.831793044710004
semibin_ERR12405939.57_sub	response	R	0.00815649368756369	0.00940025455071362	221	1	0.386525553022583	0.831793044710004
semibin_SRR11413649.8	response	R	0.00772377280476284	0.00945492740285631	221	1	0.414878934719713	0.831793044710004
semibin_SRR6000909.45	age	age	0.0251601434296944	0.0260244923366343	221	7	0.334731417773604	0.831793044710004
metabat_SRR16554687.21	age	age	0.0198709253207309	0.0225554913966171	221	2	0.379303619243679	0.831793044710004
metabat_SRR16554687.21	response	R	0.0439267130314328	0.0462050570295428	221	2	0.34281910998942	0.831793044710004
semibin_SRR11413683.84	age	age	-0.0277888725163833	0.0339047192057499	221	8	0.413333976096576	0.831793044710004
semibin_SRR11413683.84	gender	male	0.0612155589526331	0.0730813274202878	221	8	0.403156712540959	0.831793044710004
semibin_ERR6233693.3_sub	age	age	0.0032921424101068	0.00458413948007812	221	1	0.473436060986981	0.831793044710004
semibin_ERR6233693.3_sub	response	R	0.00693070286807906	0.00937835672457971	221	1	0.460703372212849	0.831793044710004
semibin_SRR23364176.76	gender	male	0.0181183951612419	0.0234476090856741	221	2	0.440529973300866	0.831793044710004
semibin_SRR23364176.76	response	R	0.0211834434163272	0.0222838131046867	221	2	0.342854761046539	0.831793044710004
maxbin_SRR6000949.021_sub	age	age	-0.025196070043626	0.0281844697093732	221	9	0.372335644336189	0.831793044710004
maxbin_SRR6000949.021_sub	response	R	0.0443403782305423	0.0576691844503959	221	9	0.442808763262287	0.831793044710004
metabat_SRR13022456.2	response	R	0.00767247813914729	0.00938647412501273	221	1	0.414597991021938	0.831793044710004
semibin_SRR16168938.32	response	R	0.0537113030963045	0.0566787522169586	221	4	0.344367845982775	0.831793044710004
semibin_ERR6279628.63	age	age	-0.0155061696512905	0.0209483632042639	221	5	0.45997832495724	0.831793044710004
semibin_ERR6279628.63	gender	male	0.0349594171316781	0.045230693109932	221	5	0.440419798028877	0.831793044710004
semibin_ERR6279628.63	response	R	-0.0398754227317953	0.0428614302451596	221	5	0.353237710697721	0.831793044710004
semibin_ERR12405932.31	response	R	-0.0250897848172742	0.0258002262221386	221	2	0.33190673903821	0.831793044710004
semibin_ERR12405916.3	gender	male	-0.0251399875469792	0.0334011142459257	221	3	0.452470531173619	0.831793044710004
semibin_ERR12405916.3	response	R	0.0236560219188877	0.0316535299690221	221	3	0.455671004475994	0.831793044710004
semibin_SRR5930527.76	response	R	0.0269078315016624	0.0256818296638378	221	2	0.295926596659269	0.831793044710004
metabat_ERR6254871.61	response	R	0.00708075207630042	0.00947416238120716	221	1	0.455647844679027	0.831793044710004
semibin_ERR6279671.28_sub	gender	male	-0.026129493113595	0.0335777375445867	221	3	0.437317358028633	0.831793044710004
semibin_ERR6279671.28_sub	response	R	0.0238120533848796	0.0318208530844808	221	3	0.455084827528255	0.831793044710004
metabat_SRR11413610.65_sub	response	R	-0.0534021319979293	0.0704872720690391	221	5	0.449504111256859	0.831793044710004
metabat_SRR25825516.12	age	age	0.00568101504122085	0.00771351925658464	221	2	0.462221285456809	0.831793044710004
metabat_SRR16168940.14	age	age	0.00349830467525446	0.00459418343588222	221	1	0.44721188960014	0.831793044710004
maxbin_ERR6254871.004	gender	male	0.00729976452608036	0.00998493221623081	221	1	0.465520158108347	0.831793044710004
maxbin_ERR6254871.004	response	R	0.00673744675299382	0.00948934121839297	221	1	0.478465458173148	0.831793044710004
maxbin_SRR11413618.087_sub	age	age	-0.00799544970633442	0.0107661093670673	221	2	0.458496850769253	0.831793044710004
metabat_SRR16554758.22	gender	male	0.0516788444276027	0.0562732364479318	221	2	0.35945232096776	0.831793044710004
semibin_SRR13022263.2	gender	male	0.063678181359634	0.0622805015983895	221	6	0.30771179301896	0.831793044710004
semibin_ERR6279669.31_sub	response	R	0.0070889895109204	0.00942199086333146	221	1	0.45263500212259	0.831793044710004
maxbin_SRR5930533.003	age	age	-0.0203865251479831	0.0217853214491697	221	2	0.350420748057417	0.831793044710004
maxbin_SRR5930533.003	gender	male	0.0411186879646367	0.0470069383202827	221	2	0.382684819163255	0.831793044710004
metabat_ERR12405932.24	gender	male	0.014449497517948	0.0150105064474294	221	2	0.336806907248027	0.831793044710004
maxbin_ERR6275680.033	response	R	0.00676565881907167	0.00949380288064079	221	1	0.476834440487547	0.831793044710004
semibin_SRR16554628.84	response	R	0.00680669455176395	0.00943348268111322	221	1	0.471350184991545	0.831793044710004
metabat_SRR6000949.42_sub	response	R	0.0395164003951165	0.0434323738374219	221	5	0.36392191146588	0.831793044710004
metabat_ERR12406013.34	response	R	0.00708075207507342	0.00947416238125477	221	1	0.455647844759278	0.831793044710004
semibin_SRR11413614.5_sub	gender	male	0.0295113937237149	0.0287191555034433	221	3	0.305292472371042	0.831793044710004
maxbin_SRR5930511.004	gender	male	0.00817287972186038	0.00993535992408007	221	1	0.411635594631168	0.831793044710004
maxbin_SRR5930511.004	response	R	0.00708978987112621	0.00941821081888291	221	1	0.452402766316872	0.831793044710004
semibin_SRR5930498.210	age	age	0.0115880987321278	0.0145291592297897	221	4	0.425988857602334	0.831793044710004
maxbin_SRR16554769.015_sub	gender	male	0.05577575290995	0.0607113436711175	221	3	0.359270460535788	0.831793044710004
maxbin_SRR16554769.015_sub	response	R	0.0602043889657279	0.057698003696597	221	3	0.297905706544298	0.831793044710004
semibin_SRR16554651.34_sub	response	R	0.014622559682543	0.0144422958859371	221	2	0.312436047023708	0.831793044710004
semibin_ERR12405970.21	gender	male	-0.0259410517673119	0.0346640667633433	221	3	0.455061934288518	0.831793044710004
semibin_ERR12405970.21	response	R	0.0251668682530737	0.0328503289097306	221	3	0.444450284294968	0.831793044710004
metabat_ERR12405928.43	age	age	0.00679921716877926	0.00765474159978324	221	2	0.375397300148906	0.831793044710004
metabat_ERR12405928.43	gender	male	0.0127774729096554	0.0164997289544455	221	2	0.439534249289644	0.831793044710004
metabat_ERR12405931.15	response	R	0.00679130615211508	0.00946543245745376	221	1	0.473846502210795	0.831793044710004
maxbin_SRR16554647.016	response	R	0.00675796461918769	0.00949628695453731	221	1	0.477450294343719	0.831793044710004
semibin_SRR16168940.27	gender	male	-0.0656403089647042	0.0727938960837239	221	3	0.368211352021104	0.831793044710004
semibin_SRR16168940.27	response	R	-0.070216626947448	0.0689952982392224	221	3	0.309962875718268	0.831793044710004
maxbin_ERR6281586.033	response	R	0.0325437187074099	0.0420550813615284	221	4	0.439872383525816	0.831793044710004
semibin_SRR6000901.38	response	R	0.0337865924737858	0.0419062983199438	221	2	0.420989485963234	0.831793044710004
semibin_SRR11413619.8_sub	response	R	0.00675796461928669	0.0094962869545373	221	1	0.477450294337269	0.831793044710004
metabat_ERR6279657.98_sub	response	R	-0.0504978854405162	0.0502714632537053	221	4	0.316258605245474	0.831793044710004
metabat_SRR16554725.6	age	age	-0.0140996694603927	0.0192802052320676	221	3	0.465383120556544	0.831793044710004
metabat_SRR16554725.6	response	R	-0.0328905693001031	0.0394956140225162	221	3	0.405892805229085	0.831793044710004
semibin_SRR25825512.2_sub	gender	male	0.00729976452608002	0.00998493221623083	221	1	0.465520158108376	0.831793044710004
semibin_SRR25825512.2_sub	response	R	0.00673744675299831	0.00948934121839298	221	1	0.478465458172857	0.831793044710004
semibin_ERR12405955.23_sub	age	age	-0.00428504313897105	0.00460642572530383	221	1	0.353284825856314	0.831793044710004
semibin_ERR12405955.23_sub	response	R	0.00769812547198279	0.00943629024069673	221	1	0.415509100339649	0.831793044710004
maxbin_SRR5930507.019	age	age	0.00903364530247674	0.00932219649595886	221	2	0.333600633089347	0.831793044710004
maxbin_SRR5930507.019	gender	male	0.0153434383176469	0.0200939134833445	221	2	0.445943169962834	0.831793044710004
maxbin_SRR5930507.019	response	R	-0.0160137911076093	0.0190965744510885	221	2	0.402634096179068	0.831793044710004
metabat_SRR11413690.18	gender	male	0.00766537278100838	0.00995962296065921	221	1	0.44234755335327	0.831793044710004
maxbin_SRR11413645.052	response	R	0.00677078828570209	0.00949060402166987	221	1	0.476352346054382	0.831793044710004
semibin_SRR20881974.45_sub	gender	male	0.0173386673218604	0.018165924533194	221	3	0.340920780894744	0.831793044710004
semibin_SRR16554684.32	gender	male	0.00884514718498203	0.00994649895536651	221	1	0.374841433871392	0.831793044710004
semibin_SRR16554684.32	response	R	0.00671179942012813	0.00945281554965743	221	1	0.478446737598653	0.831793044710004
maxbin_SRR5930503.014	age	age	0.00987405199720943	0.0115551394059177	221	2	0.39376591975481	0.831793044710004
maxbin_SRR5930503.014	response	R	0.024072874054996	0.0236396850761329	221	2	0.309662353461566	0.831793044710004
semibin_ERR6275674.52	response	R	0.034510671928827	0.04078019359813	221	5	0.398343245698326	0.831793044710004
metabat_SRR11413679.7	response	R	0.006788741418747	0.00946966481371051	221	1	0.474210691103402	0.831793044710004
maxbin_ERR6229432.012	response	R	0.00678874141866662	0.00946966481371051	221	1	0.474210691108629	0.831793044710004
maxbin_SRR16554633.011	age	age	0.035858099557296	0.0370926021020282	221	7	0.334768494721419	0.831793044710004
metabat_SRR16554632.20	age	age	-0.00666762215508475	0.00837749997595437	221	2	0.426962030484752	0.831793044710004
metabat_SRR16554769.2	gender	male	0.0289216258293913	0.0397410124861666	221	3	0.467549530710114	0.831793044710004
metabat_ERR12405935.40	response	R	0.00772377280477586	0.00945492740285632	221	1	0.414878934718928	0.831793044710004
semibin_SRR5930520.204	gender	male	0.0165931388019335	0.0185073141389538	221	2	0.370940918688339	0.831793044710004
metabat_ERR12405911.15	response	R	0.00678874141869985	0.00946966481371051	221	1	0.474210691106467	0.831793044710004
maxbin_SRR16554740.019	age	age	-0.0255270229336945	0.0273264717452724	221	2	0.351264834791838	0.831793044710004
maxbin_SRR16554740.019	response	R	0.0528757005954339	0.0559784383857792	221	2	0.345927624005796	0.831793044710004
maxbin_SRR16168940.020_sub	age	age	0.00349830467525825	0.00459418343588301	221	1	0.447211889599697	0.831793044710004
metabat_SRR25825506.41	response	R	0.0286988612525756	0.0382795625064088	221	5	0.45423839135091	0.831793044710004
metabat_SRR16554660.42	response	R	0.0387021504345432	0.0456549629741609	221	2	0.397533743218015	0.831793044710004
semibin_SRR16554639.10	age	age	-0.0177805326732516	0.0228370679339841	221	2	0.437074074431304	0.831793044710004
metabat_ERR6281500.32	age	age	0.0214724704648559	0.0234644055593237	221	4	0.361158882362006	0.831793044710004
maxbin_SRR5930507.005	gender	male	0.038243631681842	0.0483237822507712	221	3	0.429573606217172	0.831793044710004
maxbin_SRR5930507.005	response	R	-0.0434932698992286	0.0457963240477035	221	3	0.343318738965884	0.831793044710004
metabat_SRR16554669.42	response	R	-0.0210672823393464	0.0238648253673474	221	2	0.378334475768478	0.831793044710004
metabat_SRR16554641.12	age	age	0.0288219959351392	0.037298374001578	221	9	0.44051631994662	0.831793044710004
metabat_SRR16554641.12	gender	male	-0.0777184844310594	0.0803963208222469	221	9	0.334774128330646	0.831793044710004
metabat_SRR16554641.12	response	R	0.0638866144656216	0.0764059389151949	221	9	0.403991847753543	0.831793044710004
semibin_SRR11413652.9_sub	response	R	0.0067579646193554	0.00949628695453731	221	1	0.477450294332803	0.831793044710004
semibin_ERR6279676.74	age	age	0.0152516988020435	0.0151957238834145	221	2	0.316651143649355	0.831793044710004
semibin_ERR6279676.74	response	R	0.0268748524004952	0.0310887355910525	221	2	0.388294654762208	0.831793044710004
semibin_SRR16554660.115	response	R	0.00676565881920134	0.0094938028806408	221	1	0.476834440479115	0.831793044710004
maxbin_SRR23364170.010_sub	gender	male	-0.0374752160612629	0.0469702695183924	221	3	0.425836289989599	0.831793044710004
semibin_SRR16554671.39	age	age	-0.00381909717849804	0.0046285643378153	221	1	0.410212506819205	0.831793044710004
semibin_SRR16554671.39	gender	male	0.00776337932374907	0.00997683018122096	221	1	0.437333575846984	0.831793044710004
semibin_SRR16554671.39	response	R	0.00672975255313419	0.00948164131887368	221	1	0.478610843976677	0.831793044710004
maxbin_SRR5930501.008	age	age	0.0334028981190405	0.0318666599027848	221	7	0.295717415666195	0.831793044710004
maxbin_ERR12405934.015_sub	gender	male	0.00766537278093805	0.00995962296065922	221	1	0.442347553357453	0.831793044710004
metabat_SRR11413611.60	age	age	0.0039631954764396	0.00462800605203328	221	1	0.392748555902498	0.831793044710004
metabat_SRR11413611.60	response	R	0.0067810472188446	0.00948049766715963	221	1	0.475215529998073	0.831793044710004
semibin_SRR5930497.77	response	R	0.00708041594733484	0.00947595699008792	221	1	0.455754469472951	0.831793044710004
semibin_SRR11413678.51	age	age	0.0413598607827762	0.041137733060954	221	12	0.315826404862613	0.831793044710004
semibin_SRR16554766.58	response	R	0.00676565881906562	0.0094938028806408	221	1	0.476834440487946	0.831793044710004
maxbin_SRR25825518.017_sub	gender	male	-0.0491581373819797	0.0488770778480062	221	3	0.315658663954102	0.831793044710004
maxbin_SRR16554626.019	response	R	0.00677591775222709	0.00948616952847608	221	1	0.475812797161781	0.831793044710004
metabat_SRR11413618.92	gender	male	0.0205566890195659	0.0237359754948306	221	2	0.387415860580184	0.831793044710004
semibin_ERR6229432.4	gender	male	0.0154261371440499	0.0155678962750591	221	2	0.322840882576299	0.831793044710004
metabat_ERR6279624.22	response	R	0.00691650863532322	0.00938824983754845	221	1	0.46209265419048	0.831793044710004
semibin_SRR5930512.42	gender	male	0.051217664091326	0.0550441877403845	221	5	0.353155787003851	0.831793044710004
semibin_SRR5930512.42	response	R	0.0386763072625915	0.05217149768034	221	5	0.459296798850803	0.831793044710004
semibin_SRR20881987.22	gender	male	0.0213721520485396	0.0225194115265415	221	2	0.343648563618754	0.831793044710004
maxbin_ERR6275677.011	gender	male	0.0147386233887999	0.0195549942889082	221	2	0.451849207087394	0.831793044710004
maxbin_ERR6275677.011	response	R	-0.0142249248501464	0.0185295004627534	221	2	0.443509070020405	0.831793044710004
metabat_SRR5930508.52	response	R	-0.013929032701658	0.0177624720780677	221	2	0.433787763196177	0.831793044710004
metabat_SRR6000920.5_sub	response	R	0.0323843440366696	0.0382068806495234	221	5	0.397600247633563	0.831793044710004
semibin_SRR6000908.41	response	R	0.00676565881921941	0.0094938028806408	221	1	0.476834440477936	0.831793044710004
metabat_ERR6279625.50	age	age	0.00973569894123956	0.0124267909169517	221	2	0.434224107677379	0.831793044710004
metabat_ERR6279625.50	response	R	-0.0245837052777926	0.0254225830388998	221	2	0.334623368206904	0.831793044710004
metabat_SRR16554769.49	response	R	0.00677078828581794	0.00949060402166987	221	1	0.476352346046846	0.831793044710004
metabat_ERR6280899.67	gender	male	-0.0229590745323861	0.0283120401969124	221	4	0.418299153252918	0.831793044710004
semibin_ERR6280899.10	response	R	0.0070889895156796	0.00942199086306418	221	1	0.4526350018067	0.831793044710004
maxbin_SRR5930505.002	response	R	0.0239955060656316	0.0254042724289954	221	2	0.345942606218486	0.831793044710004
metabat_SRR16168986.30_sub	age	age	0.0240699649068143	0.0239609099623015	221	6	0.316231764983533	0.831793044710004
semibin_SRR5930495.18	age	age	0.0241236856374622	0.0320689576285455	221	5	0.452724300797176	0.831793044710004
semibin_SRR16554649.13	response	R	0.0408343793678821	0.0428099439527997	221	2	0.341219539595511	0.831793044710004
semibin_ERR12405943.65	age	age	-0.00474257961131115	0.00460934458328881	221	1	0.304675376353351	0.831793044710004
metabat_SRR13068823.23	age	age	0.0153310934953493	0.0214003266013884	221	4	0.474524638767018	0.831793044710004
metabat_SRR23364198.6	response	R	0.00708075207442412	0.00947416238129093	221	1	0.455647844802308	0.831793044710004
semibin_SRR16554715.26	gender	male	0.0072997645259943	0.00998493221623082	221	1	0.465520158113606	0.831793044710004
semibin_SRR16554715.26	response	R	0.00673744675292826	0.00948934121839298	221	1	0.478465458177422	0.831793044710004
semibin_SRR11413646.12	gender	male	0.00766537278096611	0.00995962296065923	221	1	0.442347553355785	0.831793044710004
metabat_SRR5930531.8_sub	gender	male	0.0234920445313567	0.0235884975455107	221	2	0.320402614877696	0.831793044710004
metabat_SRR5930531.8_sub	response	R	0.021645014904165	0.0223633960592455	221	2	0.3341848585506	0.831793044710004
semibin_SRR5930527.114	response	R	0.0688928907890551	0.0663616821058279	221	13	0.300371067443704	0.831793044710004
metabat_ERR6275666.22_sub	age	age	0.0204788075425352	0.0227223877268381	221	3	0.368451844004853	0.831793044710004
metabat_ERR6275666.22_sub	response	R	-0.0440217075227557	0.0464848987319777	221	3	0.344690259167964	0.831793044710004
semibin_SRR25825521.35	response	R	0.00678874141872141	0.00946966481371051	221	1	0.474210691105072	0.831793044710004
semibin_SRR16554660.121	response	R	0.00676565881905921	0.0094938028806408	221	1	0.476834440488359	0.831793044710004
semibin_SRR5930522.7_sub	gender	male	-0.042499811754569	0.051283903662068	221	4	0.408181524397597	0.831793044710004
metabat_SRR16554763.17	age	age	0.00474142474193327	0.00462463215308009	221	1	0.30638466405504	0.831793044710004
metabat_SRR16554763.17	response	R	0.00678617668540889	0.009473586215274	221	1	0.474560224220342	0.831793044710004
maxbin_ERR12405990.012	gender	male	0.00729976452616962	0.00998493221623083	221	1	0.465520158102901	0.831793044710004
maxbin_ERR12405990.012	response	R	0.00673744675309283	0.00948934121839298	221	1	0.478465458166692	0.831793044710004
semibin_SRR11413654.127	response	R	0.01677692865388	0.0168006341768139	221	2	0.319106041420913	0.831793044710004
semibin_SRR11413656.55	response	R	0.00815831910004151	0.0094201770841345	221	1	0.387422888448231	0.831793044710004
semibin_ERR6233694.0	age	age	0.0165529503366568	0.0176100474833289	221	2	0.348277093757077	0.831793044710004
semibin_SRR5930495.0_sub	gender	male	0.0649337422819679	0.0776783442576787	221	9	0.404122572972474	0.831793044710004
metabat_SRR16554726.7	age	age	0.0043212962734611	0.00461189382693712	221	1	0.349805575542344	0.831793044710004
maxbin_ERR12405920.014	gender	male	0.0076653727810087	0.00995962296065921	221	1	0.442347553353252	0.831793044710004
semibin_SRR13068831.57	response	R	-0.0234205930187514	0.0246520639166599	221	2	0.343149897666481	0.831793044710004
maxbin_SRR11413687.052	response	R	0.00677078828581413	0.00949060402166986	221	1	0.476352346047094	0.831793044710004
metabat_SRR11413620.38	gender	male	0.0082269941214321	0.00996579434543217	221	1	0.409981259198413	0.831793044710004
metabat_SRR11413620.38	response	R	0.00672205835328736	0.00947115323451196	221	1	0.478627189511301	0.831793044710004
semibin_SRR5930511.18_sub	response	R	0.0541048833095079	0.0736344125955027	221	8	0.463275796628946	0.831793044710004
semibin_ERR12406002.26_sub	gender	male	0.0445242024429424	0.043361149901908	221	4	0.305652004073074	0.831793044710004
semibin_SRR16168986.17	response	R	0.0400315868801967	0.0452385572026088	221	2	0.37719462937806	0.831793044710004
maxbin_SRR13068832.004	response	R	0.00772377280472399	0.00945492740285632	221	1	0.414878934722064	0.831793044710004
semibin_SRR5930498.39	gender	male	0.048513570402535	0.0530127169382218	221	4	0.361138743851841	0.831793044710004
semibin_SRR23364208.18	response	R	0.00677078828570321	0.00949060402166986	221	1	0.47635234605431	0.831793044710004
maxbin_ERR6281448.022	response	R	0.0325336764068333	0.0379348168184328	221	5	0.392050233359899	0.831793044710004
metabat_ERR12405987.26	gender	male	0.0198216844816609	0.0235247050811106	221	2	0.40038542858042	0.831793044710004
semibin_SRR16168982.59	gender	male	0.0393496560216742	0.0454825195933208	221	2	0.387910292884156	0.831793044710004
semibin_SRR5930494.87	age	age	0.030285870894656	0.0292665524057544	221	3	0.301902248973017	0.831793044710004
metabat_ERR6281000.30	age	age	0.0185264048146268	0.0219436631200478	221	2	0.399452505293362	0.831793044710004
semibin_SRR16554647.36	response	R	0.00675796461921351	0.00949628695453731	221	1	0.477450294342038	0.831793044710004
metabat_ERR6279629.17_sub	response	R	0.00708075207480753	0.00947416238127905	221	1	0.455647844777349	0.831793044710004
metabat_SRR13022269.5	gender	male	0.00766537278095201	0.00995962296065922	221	1	0.442347553356623	0.831793044710004
metabat_SRR5930499.54	response	R	0.0410571700128518	0.0413052294491223	221	2	0.321334727807968	0.831793044710004
semibin_SRR11413647.85	age	age	0.00719947186553101	0.00894024442598005	221	2	0.421539914054566	0.831793044710004
metabat_ERR6279624.53	response	R	0.00815962810544316	0.00941893902469274	221	1	0.387284575833328	0.831793044710004
semibin_SRR5930536.78	gender	male	-0.0633157234194387	0.0803425801492261	221	7	0.431535048790633	0.831793044710004
metabat_ERR6279622.22	response	R	-0.040135232150666	0.0440437861070019	221	4	0.363173797931403	0.831793044710004
metabat_SRR5930501.36	gender	male	0.0514648197629759	0.0581936808143315	221	5	0.377474635059602	0.831793044710004
metabat_SRR5930514.54	response	R	0.0229645609522719	0.0240943391801863	221	2	0.34159613605054	0.831793044710004
semibin_SRR11413611.51_sub	response	R	0.00708075207506635	0.00947416238125512	221	1	0.455647844759747	0.831793044710004
maxbin_SRR16554679.010	response	R	0.00675796461937605	0.00949628695453731	221	1	0.477450294331458	0.831793044710004
maxbin_SRR16554666.026	age	age	0.010976527392385	0.0134338579434647	221	2	0.414779254923098	0.831793044710004
maxbin_SRR16554666.026	gender	male	0.0216311814695453	0.0289565639793731	221	2	0.455859106876229	0.831793044710004
maxbin_SRR16554666.026	response	R	-0.02870563395544	0.0275193371534198	221	2	0.298059060213438	0.831793044710004
metabat_SRR11413648.66	age	age	-0.00428504313895791	0.00460642572530383	221	1	0.353284825857787	0.831793044710004
metabat_SRR11413648.66	response	R	0.00769812547183686	0.00943629024069673	221	1	0.415509100348476	0.831793044710004
semibin_ERR6279655.12	age	age	-0.0038190971785072	0.0046285643378153	221	1	0.410212506818095	0.831793044710004
semibin_ERR6279655.12	gender	male	0.00776337932385534	0.00997683018122096	221	1	0.437333575840725	0.831793044710004
semibin_ERR6279655.12	response	R	0.00672975255323916	0.00948164131887368	221	1	0.478610843969832	0.831793044710004
maxbin_SRR13068843.042_sub	response	R	0.0397409387670284	0.0379080064197344	221	8	0.295655206136188	0.831793044710004
semibin_SRR5930516.46	gender	male	0.00918904305075257	0.0098822940110253	221	1	0.353482603905557	0.831793044710004
semibin_SRR5930516.46	response	R	0.00709783672804747	0.00936748767490676	221	1	0.449448370911299	0.831793044710004
metabat_SRR16554634.5	age	age	0.00471041090621896	0.00461013767908798	221	1	0.308036682005443	0.831793044710004
metabat_SRR11413613.46	gender	male	0.0347533641696793	0.0376586860707776	221	4	0.35711333485752	0.831793044710004
semibin_SRR16168929.43	age	age	-0.00434791152604768	0.00461122615232656	221	1	0.346787377324204	0.831793044710004
metabat_SRR23364216.24	age	age	-0.0146302512733661	0.0140327947955544	221	2	0.29830494026988	0.831793044710004
metabat_SRR23364216.24	gender	male	-0.0279758213920266	0.0302475671558343	221	2	0.356047942095782	0.831793044710004
metabat_SRR23364216.24	response	R	-0.0279528229153591	0.0287462628240372	221	2	0.331934996582547	0.831793044710004
metabat_SRR11413610.48	age	age	0.00729949324021707	0.00910122875924086	221	2	0.423415721270779	0.831793044710004
metabat_SRR25825519.12_sub	response	R	-0.0252031170766577	0.0268361647574576	221	2	0.348699187563885	0.831793044710004
metabat_SRR5930515.44_sub	age	age	-0.0300989376297825	0.030350880200914	221	9	0.322456082009047	0.831793044710004
semibin_SRR16168940.58	age	age	0.0234380819447111	0.0223590472301615	221	2	0.29569102510602	0.831793044710004
semibin_SRR13068830.47	gender	male	0.00843806411046531	0.00995083959105041	221	1	0.397386194579804	0.831793044710004
semibin_SRR16168976.4	age	age	0.016580068502572	0.017680327018473	221	3	0.349405515728482	0.831793044710004
semibin_SRR16168976.4	gender	male	0.0350152790444172	0.0381097911442268	221	3	0.359220298050088	0.831793044710004
metabat_SRR11413649.70	gender	male	0.00729976452605684	0.00998493221623083	221	1	0.465520158109784	0.831793044710004
metabat_SRR11413649.70	response	R	0.00673744675297249	0.00948934121839298	221	1	0.47846545817454	0.831793044710004
semibin_ERR6275675.39_sub	age	age	0.00474142474193658	0.00462463215308008	221	1	0.306384664054704	0.831793044710004
semibin_ERR6275675.39_sub	response	R	0.00678617668537039	0.00947358621527399	221	1	0.474560224222846	0.831793044710004
metabat_ERR6239139.1	response	R	0.00676565881924388	0.00949380288064079	221	1	0.476834440476342	0.831793044710004
semibin_SRR16168943.33	gender	male	0.0294299981602006	0.0333938795011614	221	3	0.379135511043167	0.831793044710004
metabat_ERR6281518.75	age	age	0.00353749760565696	0.00461596940777352	221	1	0.444298235028097	0.831793044710004
metabat_ERR6280907.74	age	age	0.0203470380442243	0.0227331250972393	221	3	0.371761107435642	0.831793044710004
metabat_ERR6280907.74	response	R	-0.0447493505846413	0.0465068327145348	221	3	0.337018788917664	0.831793044710004
metabat_SRR5930494.32	age	age	0.00344697682918519	0.00462598185839929	221	1	0.456997493660835	0.831793044710004
metabat_SRR5930494.32	response	R	0.00708211223081195	0.00946521604423672	221	1	0.455136118953131	0.831793044710004
metabat_SRR11413617.26_sub	gender	male	-0.017568735689651	0.0186441949159191	221	2	0.347078415446511	0.831793044710004
metabat_SRR16554638.16_sub	response	R	0.0463921700358614	0.0494266964327693	221	2	0.348976851634912	0.831793044710004
semibin_SRR5930520.61	gender	male	0.0129989134333208	0.0141336559171262	221	2	0.358743753796622	0.831793044710004
semibin_SRR25825501.10	response	R	0.00677078828570231	0.00949060402166987	221	1	0.476352346054374	0.831793044710004
metabat_SRR25825519.52	age	age	-0.0149249854391537	0.0142418680983358	221	3	0.295828808982976	0.831793044710004
maxbin_SRR5930503.016	response	R	0.0070804159472408	0.0094759569900885	221	1	0.455754469478982	0.831793044710004
semibin_SRR11413657.92	age	age	0.0039631954764448	0.00462800605203328	221	1	0.392748555901878	0.831793044710004
semibin_SRR11413657.92	response	R	0.00678104721877994	0.00948049766715963	221	1	0.475215530002281	0.831793044710004
semibin_ERR12405997.23	response	R	0.0070804159472206	0.00947595699008686	221	1	0.455754469480185	0.831793044710004
semibin_SRR11413689.52	response	R	0.00677078828573689	0.00949060402166987	221	1	0.476352346052117	0.831793044710004
metabat_ERR12405965.8	age	age	0.0190662449412347	0.0216492452345459	221	2	0.379460697515727	0.831793044710004
metabat_ERR12405965.8	response	R	0.0387478916248246	0.0443486064266717	221	2	0.383241197633812	0.831793044710004
metabat_SRR16554660.26	response	R	0.0423749488219316	0.0495108500875504	221	2	0.39301265491477	0.831793044710004
semibin_SRR11413613.8	age	age	0.0129650737815834	0.0162899538299852	221	4	0.426963525612434	0.831793044710004
semibin_SRR11413613.8	response	R	-0.0337465140225002	0.0333700664059119	221	4	0.313008228587874	0.831793044710004
semibin_SRR11413685.32	response	R	0.00815962810508875	0.0094189390247191	221	1	0.387284575855184	0.831793044710004
metabat_SRR25825498.33	response	R	0.00678874141875149	0.00946966481371051	221	1	0.474210691103123	0.831793044710004
metabat_SRR5930528.76_sub	age	age	-0.00641161108469096	0.00668940303180686	221	2	0.338891046773839	0.831793044710004
metabat_ERR6232525.20	response	R	0.00676565881909592	0.00949380288064079	221	1	0.47683444048597	0.831793044710004
semibin_SRR16168952.25	response	R	0.021967096541171	0.0220150973584173	221	2	0.319482090130028	0.831793044710004
metabat_SRR16168920.6	age	age	-0.0276418985983425	0.0281531398480908	221	3	0.327282632238257	0.831793044710004
maxbin_ERR12406009.012	response	R	0.00676565881924074	0.00949380288064079	221	1	0.476834440476547	0.831793044710004
maxbin_SRR5930505.021_sub	gender	male	0.0529619471989313	0.0550580063558297	221	5	0.337162203068479	0.831793044710004
maxbin_SRR5930505.021_sub	response	R	0.0541372569580722	0.0521725700585279	221	5	0.300590791255855	0.831793044710004
semibin_SRR16168940.30	age	age	0.00349830467526578	0.00459418343588265	221	1	0.447211889598739	0.831793044710004
semibin_SRR16554649.29	response	R	0.00769043127213136	0.00942463570798269	221	1	0.415399272336846	0.831793044710004
metabat_SRR16554650.19	gender	male	0.00951983197159892	0.00992482055018348	221	1	0.338528334034886	0.831793044710004
metabat_SRR5930522.5	age	age	0.0253236769584494	0.035009169489637	221	5	0.470252308312139	0.831793044710004
metabat_SRR5930522.5	gender	male	-0.0702198015756648	0.075589817417516	221	5	0.353948947130275	0.831793044710004
metabat_ERR6232524.19_sub	age	age	0.00344697682890032	0.00462598185837881	221	1	0.456997493696014	0.831793044710004
metabat_ERR6232524.19_sub	response	R	0.00708211223225909	0.00946521604416666	221	1	0.455136118857829	0.831793044710004
maxbin_ERR12405998.015	age	age	-0.00346099638147878	0.00461523755529643	221	1	0.454123308981621	0.831793044710004
maxbin_ERR12405998.015	gender	male	0.00859260237643598	0.00994810441738819	221	1	0.388682957682331	0.831793044710004
maxbin_SRR16554643.017	response	R	0.00680925928494131	0.00942706017457292	221	1	0.470881620205209	0.831793044710004
maxbin_ERR6232527.009	response	R	0.00676565881917967	0.0094938028806408	221	1	0.476834440480521	0.831793044710004
semibin_ERR6279669.21	age	age	0.0203020850262046	0.0228317123253442	221	3	0.374880605666367	0.831793044710004
semibin_ERR6279669.21	response	R	-0.0456634747060579	0.0467084913059467	221	3	0.329351458849371	0.831793044710004
semibin_SRR5930495.69	age	age	0.0282913395490108	0.0355803062373697	221	4	0.427403481366553	0.831793044710004
semibin_SRR5930495.69	gender	male	0.0690252871536933	0.0768116609221232	221	4	0.369847761990854	0.831793044710004
semibin_SRR11413657.4_sub	response	R	0.0077237728047927	0.00945492740285631	221	1	0.414878934717912	0.831793044710004
maxbin_SRR16554769.019	response	R	0.00677078828561453	0.00949060402166986	221	1	0.476352346060077	0.831793044710004
metabat_ERR6281504.33	age	age	0.00344697682914379	0.00462598185839614	221	1	0.456997493665944	0.831793044710004
metabat_ERR6281504.33	response	R	0.00708211223104642	0.00946521604422592	221	1	0.45513611893775	0.831793044710004
semibin_SRR16554769.30_sub	response	R	0.00677078828574947	0.00949060402166986	221	1	0.476352346051299	0.831793044710004
semibin_SRR23364216.26	age	age	0.00349830467525475	0.00459418343588216	221	1	0.447211889600083	0.831793044710004
metabat_SRR5930494.22	age	age	0.00344697682730845	0.00462598185825652	221	1	0.456997493891695	0.831793044710004
metabat_SRR5930494.22	response	R	0.00708211223994393	0.00946521604374839	221	1	0.455136118349184	0.831793044710004
semibin_SRR11413657.20	age	age	-0.00474257961163066	0.00460934458327072	221	1	0.304675376318917	0.831793044710004
semibin_SRR16168925.11	age	age	0.00393135475838411	0.00461456577608686	221	1	0.395188142954789	0.831793044710004
metabat_SRR13068848.31	gender	male	0.0510929243187801	0.0528924556049442	221	3	0.335130725431442	0.831793044710004
metabat_SRR16554636.13	age	age	0.00463357957848982	0.00459475331487396	221	1	0.314361568357646	0.831793044710004
metabat_SRR23364192.64	age	age	-0.00434791152619161	0.00461122615231841	221	1	0.346787377307443	0.831793044710004
metabat_SRR13022423.1	age	age	0.0209250131649669	0.0245224856357633	221	6	0.394441501249737	0.831793044710004
maxbin_SRR16168943.002	gender	male	0.0417809742835182	0.044353369139497	221	3	0.347245145947445	0.831793044710004
semibin_SRR5930495.36	response	R	0.00708075207604881	0.00947416238121853	221	1	0.455647844695556	0.831793044710004
metabat_SRR16554650.17	age	age	-0.00910148792529262	0.0127778008564683	221	2	0.477050920693714	0.831793044710004
metabat_SRR16554650.17	response	R	-0.0258048688671575	0.0261754003450268	221	2	0.325307453085395	0.831793044710004
metabat_SRR16554660.15	response	R	0.0067656588192322	0.0094938028806408	221	1	0.476834440477105	0.831793044710004
maxbin_ERR12405998.009	gender	male	0.00729976452606125	0.00998493221623084	221	1	0.465520158109522	0.831793044710004
maxbin_ERR12405998.009	response	R	0.00673744675297676	0.00948934121839299	221	1	0.478465458174262	0.831793044710004
semibin_SRR11413613.4	gender	male	0.00766537278100383	0.0099596229606592	221	1	0.44234755335354	0.831793044710004
metabat_SRR16554649.1	gender	male	-0.0390867965507843	0.0395992557968484	221	2	0.324713073664522	0.831793044710004
metabat_SRR16554649.1	response	R	0.0365384147759936	0.037633790807302	221	2	0.332682098231912	0.831793044710004
semibin_SRR5930513.14	response	R	0.00815831909997209	0.00942017708413341	221	1	0.387422888452234	0.831793044710004
semibin_SRR13022461.32	gender	male	-0.0239625167426159	0.0329260465746296	221	3	0.467546092140966	0.831793044710004
semibin_SRR13022461.32	response	R	0.0231293655367082	0.0312033867948029	221	3	0.459351060772715	0.831793044710004
semibin_ERR6279624.49	age	age	0.003498304675277	0.0045941834358833	221	1	0.447211889597328	0.831793044710004
semibin_SRR16554634.50_sub	age	age	0.00471041090621904	0.00461013767908798	221	1	0.308036682005456	0.831793044710004
semibin_SRR5930498.22	gender	male	0.0214261568490648	0.0257492266885128	221	2	0.406262340130052	0.831793044710004
semibin_SRR5930498.22	response	R	-0.0242031391834058	0.0244711924793903	221	2	0.323742083252122	0.831793044710004
metabat_SRR11413645.9	response	R	0.00677078828566864	0.00949060402166986	221	1	0.47635234605656	0.831793044710004
semibin_SRR23364171.14_sub	gender	male	0.00836980294863199	0.00993876741697375	221	1	0.400638480507026	0.831793044710004
maxbin_SRR16168985.013	age	age	0.00676805563822422	0.00933729284024109	221	2	0.469330234252275	0.831793044710004
maxbin_SRR16168985.013	gender	male	0.0145538401158671	0.0201264535221705	221	2	0.470384884787385	0.831793044710004
maxbin_SRR16168985.013	response	R	0.0186894467911812	0.0191274994013027	221	2	0.329608514306252	0.831793044710004
metabat_SRR5930506.18	response	R	0.0281927312969959	0.0361885056887473	221	4	0.436803830236888	0.831793044710004
maxbin_SRR16554633.015_sub	gender	male	-0.0223607069952198	0.0293250597143581	221	3	0.446582589770494	0.831793044710004
metabat_SRR11413649.13	response	R	0.00677078828571938	0.00949060402166986	221	1	0.476352346053256	0.831793044710004
semibin_SRR13068843.2	response	R	0.00708041594736953	0.00947595699008721	221	1	0.455754469470749	0.831793044710004
metabat_SRR23364176.32	response	R	0.00680156508507685	0.0094453846647416	221	1	0.47224200758798	0.831793044710004
metabat_SRR16168913.43	age	age	-0.0180629928743756	0.0201708037443319	221	4	0.371514686111417	0.831793044710004
metabat_SRR16168982.26	gender	male	0.0306844331976521	0.0297000795374366	221	2	0.302691327071527	0.831793044710004
semibin_SRR5930506.146	response	R	0.0475514391772843	0.0506326778071698	221	4	0.348702350728175	0.831793044710004
semibin_SRR16554652.51	response	R	0.0077776322037166	0.00939302373583093	221	1	0.408567645875665	0.831793044710004
metabat_SRR11413683.27	gender	male	0.0353995430342964	0.0399182773836265	221	2	0.376170647198948	0.831793044710004
metabat_SRR11413683.27	response	R	0.0355194323873341	0.0378260083253021	221	2	0.348767153454007	0.831793044710004
semibin_SRR6000899.35	response	R	0.00771864333827117	0.00945368099322174	221	1	0.415126984013641	0.831793044710004
semibin_ERR6275674.36_sub	response	R	0.0439172031552319	0.0453710637036261	221	4	0.334143813886619	0.831793044710004
semibin_SRR5930498.76	response	R	0.0260445661267999	0.024822102392298	221	2	0.295235439832876	0.831793044710004
metabat_ERR6281343.50_sub	age	age	0.00349830467522583	0.00459418343587986	221	1	0.447211889603648	0.831793044710004
semibin_SRR6000909.0	response	R	0.00678874141863542	0.00946966481371052	221	1	0.474210691110658	0.831793044710004
metabat_SRR11413657.66_sub	response	R	-0.0282396599515747	0.0271473996401483	221	2	0.299389216557718	0.831793044710004
maxbin_SRR23364193.009	response	R	0.0397995559715266	0.0408143932683244	221	5	0.330582792304724	0.831793044710004
semibin_SRR23364235.52	response	R	-0.055862255204027	0.0773992863246525	221	5	0.471232245093751	0.831793044710004
semibin_SRR16168918.151	gender	male	0.0508011614726806	0.0640127802613327	221	4	0.428292015788065	0.831793044710004
semibin_SRR16168918.151	response	R	0.0536425329338859	0.0606575801300918	221	4	0.37748948841284	0.831793044710004
semibin_SRR16554777.34	response	R	0.00680156508524434	0.0094453846647416	221	1	0.472242007577086	0.831793044710004
maxbin_SRR5930493.014	gender	male	0.033213240377961	0.0418163205093211	221	2	0.427910666919848	0.831793044710004
metabat_ERR6279677.29_sub	response	R	0.00708898951564309	0.00942199086306648	221	1	0.452635001809156	0.831793044710004
metabat_SRR16168976.44	age	age	-0.0109664637900291	0.015124661920031	221	2	0.469192820755836	0.831793044710004
metabat_SRR16168976.44	gender	male	0.029407146195167	0.0326522479671958	221	2	0.368794066580213	0.831793044710004
semibin_SRR5930510.39	age	age	-0.0276403661303025	0.0311127094385	221	5	0.375318734265443	0.831793044710004
maxbin_ERR12405967.002_sub	response	R	0.00772377280483086	0.00945492740285633	221	1	0.414878934715609	0.831793044710004
metabat_SRR16168984.26	age	age	-0.00474257961123606	0.00460934458329315	221	1	0.304675376361393	0.831793044710004
metabat_ERR12405965.31_sub	age	age	0.00471041090620621	0.00461013767908798	221	1	0.30803668200676	0.831793044710004
metabat_SRR25825514.3	age	age	0.00344697682896404	0.00462598185838194	221	1	0.456997493688	0.831793044710004
metabat_SRR25825514.3	response	R	0.00708211223186157	0.00946521604417737	221	1	0.45513611888357	0.831793044710004
metabat_SRR5930498.62	response	R	0.00708170226275164	0.0094677945917921	221	1	0.455284824975918	0.831793044710004
semibin_SRR11413646.13	gender	male	0.00843806411056091	0.00995083959105041	221	1	0.397386194574464	0.831793044710004
maxbin_SRR11413681.026	response	R	0.00708898951181754	0.00942199086328432	221	1	0.452635002063166	0.831793044710004
semibin_SRR5930505.151	response	R	0.00709548595597764	0.00938069395580453	221	1	0.450236061248426	0.831793044710004
metabat_ERR12405943.50_sub	response	R	0.0070804159472234	0.00947595699008847	221	1	0.455754469480088	0.831793044710004
semibin_SRR5930521.95	gender	male	0.00836980294950856	0.00993876741697352	221	1	0.400638480457762	0.831793044710004
semibin_ERR6279655.27	age	age	-0.00474257961182405	0.00460934458325933	221	1	0.304675376298041	0.831793044710004
maxbin_SRR11413611.022	response	R	0.00677078828571938	0.00949060402166986	221	1	0.476352346053259	0.831793044710004
maxbin_SRR13022303.020_sub	response	R	0.0198524746397273	0.0206677503022252	221	2	0.337845911256086	0.831793044710004
metabat_SRR16554744.1	response	R	0.00770581967169256	0.00944514081082476	221	1	0.415480461746454	0.831793044710004
metabat_SRR13068821.3	age	age	0.00396319547643464	0.00462800605203328	221	1	0.392748555903078	0.831793044710004
metabat_SRR13068821.3	response	R	0.00678104721889153	0.00948049766715963	221	1	0.475215529995016	0.831793044710004
metabat_SRR11413657.28	response	R	0.00708041594727974	0.00947595699008652	221	1	0.455754469476363	0.831793044710004
metabat_ERR12405953.12	response	R	0.00708041594732539	0.00947595699008581	221	1	0.455754469473469	0.831793044710004
semibin_SRR5930516.224	gender	male	0.00918904305064191	0.00988229401102528	221	1	0.353482603911342	0.831793044710004
semibin_SRR5930516.224	response	R	0.00709783672795038	0.00936748767490671	221	1	0.449448370917501	0.831793044710004
metabat_SRR16168984.25	age	age	-0.00474257961145827	0.00460934458327991	221	1	0.304675376337473	0.831793044710004
semibin_ERR6275661.3	response	R	0.00676565881920212	0.0094938028806408	221	1	0.476834440479062	0.831793044710004
semibin_SRR5930514.24	response	R	0.00708898951557691	0.00942199086306537	221	1	0.452635001813297	0.831793044710004
metabat_SRR13068846.48	age	age	0.00467927157905311	0.00458947803029622	221	1	0.309077092031766	0.831793044710004
metabat_SRR5930497.49	age	age	-0.0120330082671368	0.0163079717466166	221	4	0.461400380439428	0.831793044710004
semibin_SRR5930515.84	age	age	0.00513752411411403	0.00707098429236797	221	2	0.468275966928525	0.831793044710004
semibin_SRR16554686.7	age	age	0.0288628842260978	0.0323445086375996	221	4	0.37318949256541	0.831793044710004
metabat_ERR6281432.10	age	age	0.00471041090620744	0.00461013767908798	221	1	0.308036682006635	0.831793044710004
maxbin_SRR20881983.029	age	age	0.0176818904338668	0.0193662038433421	221	4	0.362249874959731	0.831793044710004
maxbin_SRR16554627.021_sub	gender	male	0.0193173136129884	0.0216324393669377	221	2	0.372857649167046	0.831793044710004
metabat_SRR11413619.62	response	R	0.0081567495839429	0.009414080993788	221	1	0.387207318411109	0.831793044710004
metabat_SRR16168942.19	response	R	0.00691650863391944	0.00938824983746902	221	1	0.462092654277461	0.831793044710004
maxbin_SRR5930536.008	response	R	0.00818152165096534	0.00931389863859359	221	1	0.380689289982891	0.831793044710004
metabat_SRR13068842.58_sub	response	R	0.0335967883742998	0.0417918869418085	221	5	0.422332275395535	0.831793044710004
metabat_SRR25825520.1	response	R	0.00676565881914644	0.00949380288064081	221	1	0.476834440482685	0.831793044710004
metabat_SRR5930527.53_sub	age	age	0.0192744883711745	0.0267202868853142	221	5	0.471482559196436	0.831793044710004
metabat_SRR5930514.57	response	R	0.0483734572319513	0.0565932503101928	221	2	0.393630064304467	0.831793044710004
semibin_ERR6279618.55	gender	male	0.00918904312268784	0.00988229401156197	221	1	0.353482600170807	0.831793044710004
semibin_ERR6279618.55	response	R	0.00709783669565021	0.00936748767652051	221	1	0.449448373056175	0.831793044710004
semibin_SRR5930494.150	response	R	0.0483603203493714	0.0546908777780694	221	2	0.377543777468427	0.831793044710004
maxbin_ERR6279625.039_sub	response	R	0.00772377280478012	0.00945492740285632	221	1	0.41487893471867	0.831793044710004
semibin_SRR13022285.12	gender	male	-0.027554025046401	0.0366050235167998	221	4	0.452430091022863	0.831793044710004
metabat_SRR16554766.44	response	R	0.00676565881914622	0.00949380288064081	221	1	0.476834440482697	0.831793044710004
metabat_SRR16168929.17	age	age	-0.00434791152633427	0.00461122615230994	221	1	0.346787377290748	0.831793044710004
semibin_SRR5930527.26	response	R	0.00815962810535692	0.00941893902469803	221	1	0.387284575838576	0.831793044710004
maxbin_SRR5930503.012_sub	response	R	0.00708041594726811	0.00947595699008588	221	1	0.455754469477136	0.831793044710004
metabat_ERR6281504.22_sub	response	R	0.033134781811195	0.0409502397034053	221	4	0.419317279960969	0.831793044710004
semibin_SRR5930503.7	response	R	0.00708041594719525	0.0094759569900908	221	1	0.45575446948196	0.831793044710004
metabat_SRR5930534.18	response	R	0.00708075207484103	0.00947416238127855	221	1	0.455647844775211	0.831793044710004
metabat_SRR16554769.37	response	R	0.00677078828578808	0.00949060402166986	221	1	0.476352346048787	0.831793044710004
metabat_SRR16554660.33	response	R	0.00676565881907347	0.0094938028806408	221	1	0.476834440487435	0.831793044710004
maxbin_ERR6279654.035	age	age	0.00344697682896081	0.00462598185838228	221	1	0.456997493688454	0.831793044710004
maxbin_ERR6279654.035	response	R	0.00708211223191441	0.00946521604417852	221	1	0.455136118880306	0.831793044710004
semibin_SRR16168982.52	gender	male	0.00832505104016013	0.00986646209545194	221	1	0.399731288634365	0.831793044710004
metabat_SRR13068841.35_sub	gender	male	0.0335434466636376	0.0320392768881836	221	3	0.296292391559025	0.831793044710004
maxbin_ERR6279623.016_sub	gender	male	0.0091890430504541	0.00988229401102432	221	1	0.353482603921096	0.831793044710004
maxbin_ERR6279623.016_sub	response	R	0.00709783672797512	0.00936748767490381	221	1	0.449448370915827	0.831793044710004
maxbin_SRR5930516.008	gender	male	0.00918904312273457	0.00988229401156214	221	1	0.353482600168353	0.831793044710004
maxbin_SRR5930516.008	response	R	0.00709783669566718	0.00936748767652099	221	1	0.449448373055115	0.831793044710004
maxbin_SRR5930534.025_sub	response	R	0.00708075207595887	0.00947416238121878	221	1	0.455647844701273	0.831793044710004
maxbin_SRR5930506.023	response	R	0.00708639996234284	0.00943830010044088	221	1	0.453580129864135	0.831793044710004
maxbin_SRR5930514.050	response	R	0.00708898951550743	0.00942199086306615	221	1	0.452635001817766	0.831793044710004
metabat_SRR13068851.15	response	R	0.00678874141874273	0.00946966481371051	221	1	0.474210691103687	0.831793044710004
semibin_SRR5930526.99	gender	male	0.00982771745092657	0.009878223752895	221	1	0.320899275224951	0.831793044710004
semibin_SRR5930504.144	response	R	0.00816259506044702	0.00941052200035628	221	1	0.386688536783114	0.831793044710004
semibin_SRR16168986.33_sub	response	R	0.00694556680885355	0.00934237807812376	221	1	0.458019077388269	0.831793044710004
semibin_SRR5930493.116	gender	male	0.0436462288704567	0.0502407301342617	221	3	0.385948164047651	0.831793044710004
semibin_SRR5930493.116	response	R	-0.0362040693172171	0.0476383226149146	221	3	0.448094458649486	0.831793044710004
metabat_ERR6279666.49_sub	age	age	0.00396319547643874	0.00462800605203328	221	1	0.392748555902589	0.831793044710004
metabat_ERR6279666.49_sub	response	R	0.00678104721885314	0.00948049766715963	221	1	0.475215529997513	0.831793044710004
maxbin_SRR16168920.008	gender	male	0.00857023650584211	0.00984965070335703	221	1	0.385208854160039	0.831793044710004
maxbin_SRR23364177.003_sub	response	R	0.0343009053822359	0.0403462619468004	221	5	0.396173196133681	0.831793044710004
semibin_SRR11413657.63_sub	response	R	0.00677078828578831	0.00949060402166986	221	1	0.476352346048775	0.831793044710004
maxbin_SRR16554769.027_sub	response	R	0.00677078828579257	0.00949060402166986	221	1	0.476352346048495	0.831793044710004
semibin_SRR16554769.38	response	R	0.00677078828572387	0.00949060402166986	221	1	0.476352346052963	0.831793044710004
metabat_SRR5930494.116	age	age	0.00344697682729274	0.00462598185825481	221	1	0.456997493893566	0.831793044710004
metabat_SRR5930494.116	response	R	0.00708211223996294	0.00946521604374254	221	1	0.455136118347673	0.831793044710004
metabat_SRR16168943.48	age	age	0.00393135475835846	0.00461456577608582	221	1	0.395188142957794	0.831793044710004
metabat_SRR25825506.40	gender	male	0.00729976452607546	0.00998493221623083	221	1	0.465520158108648	0.831793044710004
metabat_SRR25825506.40	response	R	0.00673744675299404	0.00948934121839298	221	1	0.478465458173135	0.831793044710004
semibin_SRR5930499.76	response	R	0.00815674958382197	0.009414080993792	221	1	0.387207318418364	0.831793044710004
semibin_SRR5930498.294	response	R	0.00708170226285153	0.00946779459179239	221	1	0.455284824969548	0.831793044710004
semibin_SRR5930511.38	gender	male	0.00817287972074888	0.00993535992407415	221	1	0.411635594694346	0.831793044710004
semibin_SRR5930511.38	response	R	0.00708978987152236	0.00941821081886008	221	1	0.452402766290484	0.831793044710004
semibin_SRR23364201.31	gender	male	0.0350049859783965	0.0340727405673658	221	3	0.305394574469874	0.831793044710004
maxbin_SRR6000906.038	age	age	-0.00474257961135587	0.00460934458328648	221	1	0.304675376348582	0.831793044710004
semibin_SRR5930503.28_sub	response	R	0.00708041594722903	0.00947595699008814	221	1	0.455754469479697	0.831793044710004
semibin_SRR13068851.37	response	R	0.00772377280471591	0.00945492740285633	221	1	0.414878934722544	0.831793044710004
metabat_SRR5930528.52_sub	age	age	0.0259391583802786	0.0250017848681951	221	3	0.300661191652457	0.831793044710004
metabat_SRR5930528.52_sub	gender	male	-0.0493266006674792	0.053891129873575	221	3	0.36104965952302	0.831793044710004
maxbin_SRR5930494.013	age	age	0.0034469768289638	0.00462598185838228	221	1	0.456997493688065	0.831793044710004
maxbin_SRR5930494.013	response	R	0.00708211223189876	0.0094652160441785	221	1	0.455136118881281	0.831793044710004
maxbin_SRR5930503.005	response	R	0.00708041594723677	0.00947595699008974	221	1	0.455754469479262	0.831793044710004
maxbin_SRR5930503.019	response	R	0.00708041594731196	0.00947595699008559	221	1	0.455754469474279	0.831793044710004
semibin_SRR16554743.1	response	R	0.00676822355252732	0.00949235781604878	221	1	0.476600560775812	0.831793044710004
maxbin_SRR5930498.016_sub	response	R	0.00708170226273123	0.00946779459179587	221	1	0.455284824977378	0.831793044710004
semibin_SRR23364233.3	age	age	0.00393135475835897	0.00461456577608572	221	1	0.395188142957714	0.831793044710004
maxbin_SRR5930497.013	response	R	0.00708041594712804	0.00947595699008965	221	1	0.455754469486187	0.831793044710004
metabat_SRR5930506.121	response	R	0.00708639996946531	0.0094383001000443	221	1	0.453580129391857	0.831793044710004
semibin_SRR5930533.25	age	age	-0.00399780479015663	0.00462372731807564	221	1	0.38819845776831	0.831793044710004
semibin_SRR5930533.25	response	R	0.00708301429717223	0.00946033870599482	221	1	0.454846578977225	0.831793044710004
maxbin_SRR16168896.020_sub	age	age	-0.0128146541603313	0.0159552224143251	221	2	0.42276326586815	0.831793044710004
maxbin_SRR16168896.020_sub	gender	male	0.0311237681428772	0.0344457810724412	221	2	0.367235232477093	0.831793044710004
semibin_ERR6279672.16	response	R	0.0070954859777461	0.00938069395449788	221	1	0.450236059797168	0.831793044710004
maxbin_SRR5930494.035_sub	age	age	0.00344697682729872	0.00462598185825535	221	1	0.45699749389285	0.831793044710004
maxbin_SRR5930494.035_sub	response	R	0.00708211223993402	0.00946521604374439	221	1	0.455136118349621	0.831793044710004
maxbin_SRR5930504.022	response	R	0.00816259506365854	0.00941052200014512	221	1	0.386688536585929	0.831793044710004
metabat_ERR6282383.27_sub	response	R	0.00708898951550636	0.00942199086306752	221	1	0.452635001817909	0.831793044710004
semibin_SRR5930528.6	age	age	0.0238160874131065	0.0245570613190013	221	3	0.333220211029267	0.831793044710004
metabat_SRR5930533.29	age	age	-0.00399780479030164	0.00462372731806793	221	1	0.38819845775028	0.831793044710004
metabat_SRR5930533.29	response	R	0.00708301429767455	0.00946033870597063	221	1	0.454846578944098	0.831793044710004
metabat_SRR5930502.50	age	age	0.0246209640216146	0.0259632194371235	221	4	0.344040271734007	0.831793044710004
metabat_SRR5930502.50	response	R	-0.0401897894278559	0.0531324452232822	221	4	0.450231423857701	0.831793044710004
maxbin_SRR5930503.013_sub	response	R	0.00708041594729168	0.00947595699008674	221	1	0.455754469475641	0.831793044710004
maxbin_SRR5930526.008	gender	male	0.00982771745383788	0.00987822375290093	221	1	0.320899275082163	0.831793044710004
semibin_SRR5930501.25	response	R	-0.0276422363583103	0.0268151728156616	221	2	0.303763510010296	0.831793044710004
metabat_SRR5930526.103	gender	male	0.00982771745151865	0.00987822375289626	221	1	0.320899275195905	0.831793044710004
semibin_SRR23364187.33	response	R	0.007081702253883	0.00946779459225711	221	1	0.455284825561931	0.831793044710004
maxbin_SRR5930501.063	gender	male	-0.0128565335013605	0.0148992742294506	221	2	0.389147352437374	0.831793044710004
metabat_SRR5930514.13_sub	response	R	0.00708898950985826	0.00942199086339233	221	1	0.452635002193154	0.831793044710004
metabat_SRR23364174.33	response	R	0.00679130615198621	0.00946543245745376	221	1	0.473846502219177	0.831793044710004
maxbin_SRR5930516.039_sub	gender	male	0.00918904305061607	0.00988229401102509	221	1	0.353482603912692	0.831793044710004
maxbin_SRR5930516.039_sub	response	R	0.00709783672795889	0.00936748767490612	221	1	0.449448370916928	0.831793044710004
semibin_SRR23364227.44	gender	male	-0.0142139058823117	0.0146282807296801	221	2	0.332301059152969	0.831793044710004
maxbin_ERR6282137.024	response	R	0.0070889895114801	0.00942199086329595	221	1	0.452635002085205	0.831793044710004
metabat_SRR5930506.46	response	R	0.00708639996944336	0.00943830010004034	221	1	0.453580129393035	0.831793044710004
semibin_SRR5930494.257	age	age	0.0034469768272935	0.00462598185825548	221	1	0.456997493893547	0.831793044710004
semibin_SRR5930494.257	response	R	0.00708211224007617	0.00946521604374483	221	1	0.455136118340599	0.831793044710004
metabat_SRR16554766.36	response	R	0.00676565881922794	0.0094938028806408	221	1	0.476834440477383	0.831793044710004
semibin_SRR13068829.87	response	R	0.00679130615205043	0.00946543245745375	221	1	0.473846502214995	0.831793044710004
semibin_SRR5930494.98	age	age	0.00344697682729658	0.00462598185825541	221	1	0.45699749389312	0.831793044710004
semibin_SRR5930494.98	response	R	0.00708211223999531	0.0094652160437446	221	1	0.455136118345758	0.831793044710004
metabat_SRR13068816.46	gender	male	0.00918904305044557	0.00988229401102427	221	1	0.353482603921567	0.831793044710004
metabat_SRR13068816.46	response	R	0.00709783672795137	0.00936748767490368	221	1	0.449448370917323	0.831793044710004
semibin_SRR5930530.129_sub	gender	male	0.0286634904439952	0.0376967005315475	221	2	0.447858060758399	0.831793044710004
maxbin_SRR16554657.029_sub	response	R	0.00678874141874273	0.00946966481371051	221	1	0.474210691103677	0.831793044710004
semibin_SRR5930498.139	response	R	0.0239697630653322	0.0234717753750188	221	2	0.308293808461381	0.831793044710004
semibin_SRR5930503.75	response	R	0.00708041594721774	0.00947595699008875	221	1	0.455754469480445	0.831793044710004
maxbin_SRR16554651.012_sub	response	R	0.0356701004907937	0.0413277837356203	221	2	0.38903419844654	0.831793044710004
metabat_SRR16554766.26	response	R	0.00676565881915497	0.0094938028806408	221	1	0.476834440482129	0.831793044710004
maxbin_SRR5930526.025	gender	male	0.00982771745210348	0.0098782237528974	221	1	0.320899275167234	0.831793044710004
maxbin_SRR13068833.023	gender	male	0.00918904312008669	0.00988229401154339	221	1	0.353482600305874	0.831793044710004
maxbin_SRR13068833.023	response	R	0.00709783669669588	0.00936748767646464	221	1	0.449448372986808	0.831793044710004
metabat_SRR23364197.77_sub	response	R	0.00708898951560321	0.00942199086306237	221	1	0.452635001811473	0.831793044710004
maxbin_SRR5930506.066	response	R	0.00708639996405254	0.00943830010034039	221	1	0.453580129750532	0.831793044710004
semibin_SRR5930532.10	age	age	0.0042302448102514	0.00462299321647557	221	1	0.36118462107211	0.831793044710004
semibin_SRR5930532.10	response	R	0.0070830845791037	0.00945911084555608	221	1	0.454783708789904	0.831793044710004
metabat_SRR23364187.55	response	R	0.00677591775235271	0.00948616952847607	221	1	0.475812797153621	0.831793044710004
metabat_SRR23364213.78_sub	age	age	-0.00589025843972754	0.00707717039727854	221	2	0.406165066011894	0.831793044710004
metabat_SRR23364213.78_sub	gender	male	0.015200895252449	0.0152802278360574	221	2	0.32094285934196	0.831793044710004
semibin_SRR5930504.110	response	R	0.00816259506045846	0.00941052200036472	221	1	0.386688536782872	0.831793044710004
metabat_SRR16554652.33	response	R	0.00777763220386276	0.00939302373583094	221	1	0.40856764586687	0.831793044710004
metabat_SRR5930498.54	age	age	0.00738084682720009	0.00720416923643893	221	2	0.306728656914553	0.831793044710004
semibin_SRR5930497.42	response	R	0.00708041594721613	0.00947595699008593	221	1	0.455754469480417	0.831793044710004
metabat_SRR5930503.100	response	R	0.00708041594732073	0.00947595699008561	221	1	0.4557544694737	0.831793044710004
metabat_SRR5930504.14_sub	response	R	0.00816259506058143	0.00941052200035152	221	1	0.38668853677506	0.831793044710004
semibin_SRR5930494.52	age	age	0.0034469768290489	0.00462598185838909	221	1	0.456997493677589	0.831793044710004
semibin_SRR5930494.52	response	R	0.00708211223149736	0.00946521604420182	221	1	0.455136118907886	0.831793044710004
semibin_SRR13068816.46	response	R	0.00677078828571937	0.00949060402166987	221	1	0.476352346053258	0.831793044710004
metabat_SRR5930499.34	response	R	0.00815674958390205	0.00941408099378732	221	1	0.387207318413482	0.831793044710004
semibin_SRR5930498.100_sub	response	R	0.00708170226277168	0.00946779459179657	221	1	0.45528482497487	0.831793044710004
metabat_SRR5930499.2	response	R	0.00815674958380956	0.00941408099379464	221	1	0.387207318419232	0.831793044710004
maxbin_SRR5930516.050	gender	male	0.00918904312315275	0.00988229401156586	221	1	0.353482600146678	0.831793044710004
maxbin_SRR5930516.050	response	R	0.00709783669537734	0.00936748767653218	221	1	0.449448373074153	0.831793044710004
semibin_SRR5930505.85	response	R	0.00709548597792724	0.00938069395448965	221	1	0.450236059785258	0.831793044710004
metabat_SRR5930503.67	response	R	0.00708041594727807	0.0094759569900863	221	1	0.455754469476489	0.831793044710004
semibin_SRR5930505.71	response	R	0.00709548597781801	0.00938069395449787	221	1	0.450236059792615	0.831793044710004
semibin_SRR5930502.3	response	R	0.00708025788406186	0.00947701760438252	221	1	0.455814874308836	0.831793044710004
metabat_SRR5930502.18	response	R	0.00708025788398666	0.00947701760438303	221	1	0.455814874313664	0.831793044710004
metabat_SRR5930502.48	response	R	0.00708025788404053	0.00947701760438382	221	1	0.455814874310279	0.831793044710004
maxbin_SRR5930531.045_sub	gender	male	0.00758985000138533	0.00995823424527045	221	1	0.446787274732856	0.831793044710004
maxbin_SRR5930531.045_sub	response	R	0.00708628016855972	0.00944011872776214	221	1	0.453674537995115	0.831793044710004
maxbin_SRR23364189.018	response	R	0.00815962810488268	0.00941893902472494	221	1	0.387284575867459	0.831793044710004
semibin_SRR11413654.21	response	R	-0.0981771546970593	0.138379245680277	221	21	0.478792329004174	0.831895243176318
maxbin_ERR6232528.007	response	R	0.0743643941894321	0.105003999524723	221	26	0.479585374515721	0.832215251859037
semibin_SRR16554712.0	age	age	0.0169966964320735	0.0239898010038639	221	3	0.479402586103092	0.832215251859037
metabat_SRR6000877.26	gender	male	0.0118024683282087	0.0166600306620071	221	2	0.479438465939725	0.832215251859037
semibin_SRR5930498.20	response	R	-0.0322976115031945	0.0456364617840129	221	3	0.479883973818529	0.832215251859037
metabat_SRR13068845.7_sub	age	age	0.0143753238574461	0.0202846874968416	221	4	0.479284563631336	0.832215251859037
semibin_ERR12405910.1	gender	male	0.00704721971754703	0.00996078757009145	221	1	0.480017284878635	0.832215251859037
metabat_SRR16554753.15	gender	male	0.035932044679598	0.0507981587649852	221	3	0.480108353755473	0.832215251859037
semibin_ERR12405970.2_sub	response	R	-0.0445618982697839	0.0628800300701273	221	5	0.479283391180096	0.832215251859037
semibin_SRR5930530.132	gender	male	-0.0492128089991906	0.0695461151355762	221	5	0.479942546857521	0.832215251859037
metabat_SRR23364199.53_sub	gender	male	0.00704721971746565	0.00996078757009146	221	1	0.480017284883698	0.832215251859037
maxbin_SRR16554666.041	gender	male	0.00704721971736674	0.00996078757009145	221	1	0.480017284889858	0.832215251859037
semibin_SRR16554638.14	age	age	0.0604354201756996	0.0856385238753304	221	23	0.481129333005933	0.833434246355709
semibin_SRR5930536.9	response	R	-0.114956517388377	0.162832376796561	221	30	0.480964847696033	0.833434246355709
semibin_SRR5930523.43	age	age	-0.0492938080087523	0.0698640717988305	221	30	0.481223779733081	0.833434246355709
semibin_SRR5930506.126	gender	male	0.0687284442360048	0.0973679731620691	221	11	0.481037834329613	0.833434246355709
semibin_SRR11413611.89	gender	male	-0.0447384810822873	0.0634344201972938	221	7	0.481415609649841	0.833539340366171
semibin_SRR23364171.81	gender	male	0.029389982003678	0.0416799388612238	221	6	0.481490578411319	0.833539340366171
maxbin_SRR16554647.003	age	age	-0.0845698513123416	0.119975787977228	221	38	0.481633956350706	0.833609124537665
maxbin_ERR12405926.036	age	age	0.0161385014943046	0.02291343893294	221	4	0.481987633979081	0.83404278639769
maxbin_ERR6281499.002	response	R	0.121449109492017	0.172903315418587	221	16	0.48318259630076	0.834205247962088
metabat_ERR12405981.15	age	age	-0.100049410849151	0.143858704872496	221	69	0.487513146406997	0.834205247962088
maxbin_SRR11413655.009_sub	gender	male	0.206895356878391	0.297887653784207	221	63	0.488085583377239	0.834205247962088
metabat_SRR16554786.10	age	age	0.112484735167303	0.16088171921755	221	62	0.485191432154422	0.834205247962088
semibin_SRR16168920.5_sub	response	R	0.12405547552771	0.176638597850146	221	62	0.483246793532678	0.834205247962088
maxbin_SRR5930518.019_sub	age	age	-0.0856883184624908	0.123359553923321	221	41	0.488039997919738	0.834205247962088
semibin_SRR11413611.29	gender	male	0.0739152986185466	0.105589701358882	221	7	0.484662262433679	0.834205247962088
semibin_SRR6000901.29	response	R	-0.143658701786902	0.207218361752935	221	25	0.488886844242313	0.834205247962088
maxbin_SRR16554769.012	response	R	-0.0830440954009311	0.118588206923224	221	14	0.48450778472646	0.834205247962088
semibin_SRR16554633.6	gender	male	0.11635757464804	0.166438153299927	221	28	0.48523569395905	0.834205247962088
metabat_ERR12405956.11	response	R	-0.149886253134238	0.215528075402355	221	31	0.487526136824964	0.834205247962088
metabat_SRR16168938.30	gender	male	-0.161266681201293	0.229282906206653	221	28	0.482590117046141	0.834205247962088
metabat_SRR16554779.24	response	R	-0.0927607286411825	0.133442103726336	221	21	0.48771226486949	0.834205247962088
metabat_ERR6281941.15	age	age	0.0439401756819695	0.0627104497767281	221	13	0.484252760810523	0.834205247962088
semibin_SRR8387712.8_sub	age	age	0.0484028483129887	0.0696214547300175	221	24	0.487663558416533	0.834205247962088
semibin_SRR20881984.27	gender	male	-0.0628820148141691	0.0894019926524074	221	13	0.48258495629497	0.834205247962088
semibin_SRR13068829.32	response	R	0.0291484728791549	0.0415425542828906	221	3	0.483652299710587	0.834205247962088
metabat_SRR16168920.1	gender	male	0.0835338186102322	0.120199165555424	221	9	0.487830205970165	0.834205247962088
semibin_ERR6280910.39	response	R	0.029680319080388	0.0425091156642355	221	4	0.485798208330855	0.834205247962088
maxbin_ERR6231548.005	gender	male	0.00689965088230412	0.00996587673824444	221	1	0.489471848582468	0.834205247962088
metabat_SRR13068841.11	age	age	0.0429786410472928	0.0616883466741632	221	18	0.48673922449141	0.834205247962088
maxbin_SRR5930501.009	gender	male	0.0377084640607713	0.0538897301689301	221	3	0.484843009532022	0.834205247962088
semibin_ERR12405970.54	age	age	0.010098270778558	0.0144528941997814	221	3	0.485486218439902	0.834205247962088
semibin_ERR12405968.41	response	R	0.0490970298579461	0.0707996065153921	221	6	0.488760104648638	0.834205247962088
metabat_SRR25825495.14	age	age	0.0269008575950504	0.0386234071319199	221	9	0.486872254620965	0.834205247962088
semibin_ERR6275666.3	gender	male	0.00689965087860363	0.00996587673825258	221	1	0.48947184881546	0.834205247962088
metabat_SRR8387710.43	gender	male	0.0612426950815815	0.0876187033675195	221	7	0.485325600171848	0.834205247962088
semibin_SRR13068827.60	response	R	-0.0963488991013123	0.137021052971248	221	21	0.482707884396847	0.834205247962088
maxbin_SRR16168975.004	gender	male	-0.0631322120880766	0.0900983561299766	221	6	0.484247388860149	0.834205247962088
maxbin_ERR6275673.039_sub	gender	male	0.00689965088222824	0.00996587673824455	221	1	0.489471848587248	0.834205247962088
metabat_SRR23364184.7	response	R	0.0310521769728734	0.0442160024293703	221	5	0.483257785470679	0.834205247962088
maxbin_SRR16554786.001	gender	male	0.0488673643703963	0.0700755373986999	221	5	0.486328553482224	0.834205247962088
metabat_SRR11413679.36	age	age	0.0103724950343216	0.0148332691206179	221	3	0.485130690192424	0.834205247962088
maxbin_SRR11413655.007	gender	male	0.0200976546842817	0.0286880518957942	221	3	0.484329718383872	0.834205247962088
maxbin_SRR5930517.016_sub	gender	male	-0.0297413198129782	0.0424865551005906	221	4	0.484666683339874	0.834205247962088
maxbin_SRR16554766.008	age	age	0.0311012763800197	0.0448058163717741	221	9	0.488342464586474	0.834205247962088
metabat_SRR16554768.12	gender	male	0.00689268145153948	0.00996026504801128	221	1	0.489665890559253	0.834205247962088
metabat_SRR13068848.27	gender	male	-0.05966571995826	0.0851822050543601	221	17	0.484406159579381	0.834205247962088
semibin_SRR25825513.19	gender	male	0.00689965087751556	0.00996587673825492	221	1	0.489471848883989	0.834205247962088
metabat_ERR12405939.20	age	age	0.0140885700484573	0.0200726998927219	221	6	0.483514120929464	0.834205247962088
maxbin_SRR8387712.001	age	age	-0.00319912096934219	0.00459409163872808	221	1	0.486956214824701	0.834205247962088
maxbin_SRR11413691.013	gender	male	0.019376798933108	0.027525201138022	221	3	0.482209448368776	0.834205247962088
semibin_SRR11413692.14	gender	male	-0.058315449041879	0.083195071816941	221	5	0.484086188871079	0.834205247962088
maxbin_SRR11413614.004	gender	male	0.00689268145152848	0.00996026504801127	221	1	0.489665890559957	0.834205247962088
metabat_ERR12405928.39	gender	male	0.0294860168731154	0.0420335546503925	221	3	0.483750397224077	0.834205247962088
semibin_SRR25825501.29	gender	male	0.00689965088017716	0.00996587673824906	221	1	0.489471848716391	0.834205247962088
metabat_ERR6279624.6_sub	response	R	-0.0333997855405618	0.0477931937477642	221	3	0.485401063670154	0.834205247962088
maxbin_SRR11413681.015_sub	gender	male	0.0181273960377196	0.0258464754673619	221	3	0.483837418280572	0.834205247962088
semibin_ERR6279622.17	age	age	0.011699019731205	0.0167192241593032	221	3	0.484844820849608	0.834205247962088
semibin_SRR6000946.68	response	R	0.0295523891947555	0.0421000096119221	221	4	0.483459612847182	0.834205247962088
metabat_ERR6279629.12_sub	gender	male	-0.0163058046261682	0.023170366520383	221	2	0.482352068214733	0.834205247962088
semibin_SRR11413606.86	response	R	-0.0163386120393168	0.0235324831847537	221	3	0.488236489686296	0.834205247962088
maxbin_ERR6281434.009_sub	gender	male	0.0197173999573579	0.0281869681613744	221	3	0.484975721737384	0.834205247962088
metabat_ERR6280899.67	response	R	0.0185854005217327	0.0268275691342944	221	4	0.489196628648968	0.834205247962088
metabat_ERR12405929.15	gender	male	0.00689268145156608	0.00996026504801127	221	1	0.489665890557587	0.834205247962088
metabat_SRR11413692.37	gender	male	0.0214129079897149	0.0306462620696244	221	3	0.485480795045376	0.834205247962088
semibin_SRR11413689.16	gender	male	0.00689268145157533	0.00996026504801127	221	1	0.489665890557003	0.834205247962088
metabat_SRR16168896.21	age	age	-0.00319912096943706	0.00459409163871945	221	1	0.486956214810993	0.834205247962088
metabat_ERR6232524.25	age	age	0.0153313274650065	0.0219095745504868	221	2	0.484833597378743	0.834205247962088
maxbin_ERR6282383.014	gender	male	0.0190883927689794	0.0273563763039966	221	3	0.486075126958919	0.834205247962088
metabat_ERR6281518.6_sub	age	age	0.0150260417731406	0.0215171064969405	221	2	0.485722087018659	0.834205247962088
metabat_SRR6000905.63	age	age	0.0152070492038969	0.0217497675784158	221	2	0.485190557348782	0.834205247962088
maxbin_SRR13068851.002	gender	male	0.00689965088062072	0.00996587673824796	221	1	0.489471848688447	0.834205247962088
metabat_SRR5930529.63_sub	age	age	-0.00456705872966493	0.00654160428203166	221	2	0.485827242589843	0.834205247962088
maxbin_SRR23364176.009	gender	male	0.00689965087969209	0.00996587673825024	221	1	0.489471848746934	0.834205247962088
semibin_SRR5930493.200	gender	male	0.00689965087919552	0.00996587673825122	221	1	0.489471848778214	0.834205247962088
metabat_SRR5930497.49	response	R	-0.0230861836025369	0.0333641307009612	221	4	0.489713961093471	0.834205247962088
maxbin_SRR16168896.007	age	age	-0.0031991209694586	0.00459409163871839	221	1	0.48695621480796	0.834205247962088
maxbin_SRR5930493.007_sub	gender	male	0.00689965087741314	0.00996587673825494	221	1	0.489471848890431	0.834205247962088
metabat_ERR6279678.10	gender	male	0.0068996508780456	0.00996587673825376	221	1	0.489471848850614	0.834205247962088
semibin_ERR6279657.97	gender	male	0.00689965088175096	0.00996587673824559	221	1	0.489471848617302	0.834205247962088
metabat_SRR5930493.1	gender	male	0.00689965087696098	0.0099658767382561	221	1	0.489471848918901	0.834205247962088
metabat_SRR16168896.62	age	age	-0.00319912096946251	0.00459409163871833	221	1	0.48695621480743	0.834205247962088
semibin_SRR16168896.24_sub	age	age	-0.00319912096941593	0.00459409163872144	221	1	0.48695621481403	0.834205247962088
maxbin_ERR6279679.046	age	age	-0.0213848018207081	0.0309143854881768	221	20	0.489847832280519	0.834214303222968
metabat_ERR6281518.61_sub	gender	male	-0.0325993936866858	0.0471358783728344	221	4	0.489925561363638	0.834214303222968
metabat_SRR16168974.10	age	age	-0.0226030762414113	0.0327160492139911	221	3	0.490381107690879	0.83481422837378
metabat_SRR16554704.2	age	age	-0.0326366473944268	0.0472702042733579	221	7	0.490663209803606	0.835118695473815
semibin_SRR16554784.38	response	R	0.0830189724286813	0.120275572326794	221	23	0.490788019735998	0.835155376314907
metabat_ERR6275669.37	gender	male	0.0385128614705836	0.0558259877130328	221	4	0.491010942151372	0.835183280782396
semibin_ERR6279622.17	gender	male	0.0249049233857343	0.0360942654912746	221	3	0.490935105391077	0.835183280782396
maxbin_SRR16554775.001	response	R	-0.219257768766909	0.318951902013602	221	90	0.492549514894047	0.835513610963588
semibin_ERR12405947.71	response	R	0.177031040041351	0.257664657560022	221	70	0.492778613932943	0.835513610963588
metabat_ERR12406012.5	response	R	0.0998622819105464	0.144893042457156	221	34	0.491433432472692	0.835513610963588
semibin_SRR25825494.13	age	age	0.0142086711405666	0.0206537292265054	221	6	0.492226832940903	0.835513610963588
semibin_ERR6275675.25	age	age	0.01851083103813	0.0269341964704322	221	4	0.492651926918271	0.835513610963588
metabat_SRR16554769.19	gender	male	0.0311931038998441	0.0452882983010439	221	5	0.49170537660585	0.835513610963588
metabat_SRR6000932.51	response	R	-0.0109216066581667	0.01587332030867	221	2	0.492157371181728	0.835513610963588
semibin_SRR6000901.38	gender	male	0.0304481923583809	0.0442212513613282	221	2	0.491848403036204	0.835513610963588
maxbin_SRR16554626.019	age	age	0.00318496621095099	0.00463077483162908	221	1	0.492324214059334	0.835513610963588
metabat_SRR6000920.5_sub	age	age	0.0128443496579959	0.0186670657772963	221	5	0.492147704223891	0.835513610963588
semibin_ERR6279672.47	response	R	-0.0228072665590533	0.0332014059423988	221	3	0.492857991828298	0.835513610963588
semibin_SRR5930504.70	age	age	-0.00705203300935751	0.0102373185228652	221	3	0.491651867653094	0.835513610963588
maxbin_SRR5930504.041	age	age	-0.0255951973852041	0.037142417158437	221	6	0.491490435586442	0.835513610963588
semibin_SRR5930533.25	gender	male	0.00685858417684184	0.0099792926580739	221	1	0.492639207318903	0.835513610963588
metabat_SRR5930533.29	gender	male	0.00685858417578723	0.00997929265806964	221	1	0.492639207385133	0.835513610963588
metabat_SRR23364187.55	age	age	0.00318496621093858	0.00463077483162908	221	1	0.49232421406102	0.835513610963588
maxbin_ERR6281942.014	gender	male	0.0217959881026102	0.0317543638291375	221	2	0.493197784913881	0.835914435118078
maxbin_SRR16554769.012	age	age	0.0397571323284701	0.0579393186209396	221	14	0.493328516588468	0.835960830121
semibin_SRR6000908.42_sub	gender	male	-0.0469401985597395	0.0684393827509666	221	8	0.493530153791713	0.836127332188391
maxbin_ERR6279649.002	gender	male	0.0197490794360477	0.0288065824468024	221	2	0.493712750149491	0.836195855979653
metabat_ERR12405987.26	age	age	0.00748114374613008	0.0109138482883073	221	2	0.493777374895997	0.836195855979653
semibin_SRR5930495.29	age	age	0.0915777831273322	0.133681698415691	221	39	0.494047533244302	0.836303149619069
semibin_SRR5930529.25	gender	male	-0.0677989237473335	0.0989621917768585	221	11	0.494018807951259	0.836303149619069
semibin_SRR5930528.37	response	R	0.116463593695774	0.170088941658641	221	58	0.494259831149183	0.836448595472277
metabat_SRR25825510.12_sub	age	age	-0.0429397445554511	0.0627446781283637	221	18	0.494485694309198	0.836448595472277
semibin_ERR12405952.12	gender	male	0.0221749468920901	0.0324076131425309	221	3	0.494547129518846	0.836448595472277
semibin_SRR13068831.57	gender	male	0.0178088415154657	0.0260162610747879	221	2	0.494375263214156	0.836448595472277
semibin_SRR11413684.67	gender	male	-0.164908198765599	0.241212242685984	221	21	0.494916534068018	0.836898374982675
metabat_SRR6000877.7	response	R	-0.196134332269034	0.287232175361716	221	93	0.495441843144467	0.837609283855424
metabat_ERR12405915.37	response	R	-0.0376750604914413	0.0553193920667079	221	6	0.496570554816426	0.837609283855424
semibin_SRR16554721.63	gender	male	-0.0586022635007206	0.085920397941559	221	3	0.495932803119309	0.837609283855424
maxbin_SRR13022436.003	gender	male	0.067347096912155	0.0987652781283014	221	9	0.496036314456812	0.837609283855424
maxbin_SRR8387712.001	gender	male	0.00675353228943769	0.00991896241599276	221	1	0.496683249889234	0.837609283855424
metabat_ERR12405943.44_sub	gender	male	0.0242190397240529	0.0355687777405744	221	2	0.496656085111364	0.837609283855424
metabat_SRR5930508.52	gender	male	0.0127576895200542	0.018690136186528	221	2	0.495594332584144	0.837609283855424
metabat_SRR16168896.21	gender	male	0.006753532288908	0.00991896241597516	221	1	0.496683249922183	0.837609283855424
maxbin_SRR5930528.038	age	age	0.0219641701771079	0.0322220696068541	221	4	0.496187302720822	0.837609283855424
maxbin_SRR16168896.007	gender	male	0.00675353228907706	0.00991896241597301	221	1	0.496683249911368	0.837609283855424
metabat_SRR13022266.9	gender	male	0.0248624587439618	0.0364447907787142	221	2	0.495843104092011	0.837609283855424
metabat_SRR16168896.62	gender	male	0.0067535322890462	0.0099189624159729	221	1	0.49668324991324	0.837609283855424
semibin_SRR16168896.24_sub	gender	male	0.00675353228902127	0.00991896241597922	221	1	0.49668324991523	0.837609283855424
metabat_SRR13022316.9	response	R	0.0619354452478154	0.0910087865828604	221	9	0.496888312366951	0.83778041910025
semibin_SRR5930517.13	age	age	0.0270817605307099	0.0398080830826459	221	11	0.497039828214909	0.837861219383532
maxbin_SRR5930534.011	response	R	0.0385239331857098	0.0566525638230828	221	10	0.497234192164522	0.838014200088905
maxbin_SRR16554767.018	age	age	0.03862676832003	0.0568553310460157	221	21	0.497620052604569	0.838315139651271
metabat_SRR5930519.59	response	R	-0.0881359446190223	0.12971962515442	221	18	0.497590153293326	0.838315139651271
semibin_ERR6279661.5	response	R	0.105414953345986	0.155222419329924	221	58	0.497793844467979	0.838363665468743
metabat_SRR25825503.64	gender	male	0.0181322981304591	0.0267039340667892	221	2	0.497856167809888	0.838363665468743
metabat_ERR6239139.44	age	age	0.0101141032275372	0.0149039422423387	221	5	0.498102167379399	0.838603315937672
semibin_ERR12405916.16	age	age	-0.0757208316554525	0.111662947518013	221	50	0.49841832357566	0.83882106673777
maxbin_SRR16554687.002	gender	male	-0.0627329037760638	0.0925145323044639	221	4	0.49843892763869	0.83882106673777
semibin_SRR13068849.26	age	age	-0.0432357697886299	0.0637794288191836	221	19	0.498566386161073	0.838861021691441
maxbin_ERR6279620.003	response	R	0.0326304358697847	0.0481634705849838	221	5	0.498818239355371	0.839110216286656
semibin_SRR25825508.4_sub	response	R	-0.163315601915951	0.241454482230148	221	40	0.499519357602285	0.839304866275919
maxbin_SRR25825521.012_sub	response	R	0.151782602902725	0.224531909133363	221	58	0.499764124132644	0.839304866275919
metabat_SRR5930503.9_sub	response	R	0.0205842801852086	0.0304057308083412	221	3	0.499136910754683	0.839304866275919
metabat_SRR6000877.26	response	R	-0.0107043727632301	0.0158331285818536	221	2	0.499713317044247	0.839304866275919
maxbin_ERR12405975.009_sub	gender	male	0.00673814318561388	0.00995941700156392	221	1	0.499405671055888	0.839304866275919
metabat_ERR6248618.9	gender	male	0.0221353022826722	0.0327054360093446	221	2	0.499249443669172	0.839304866275919
semibin_SRR13068841.58	gender	male	-0.0294150620196286	0.0434762496368503	221	4	0.499401156306273	0.839304866275919
metabat_SRR16554744.1	age	age	-0.00311769924071713	0.00461074622550904	221	1	0.499645735064787	0.839304866275919
semibin_ERR6233695.43_sub	age	age	-0.0564580141078854	0.0836506354193348	221	44	0.50044963016519	0.839932892462348
semibin_SRR5930502.38	response	R	0.0544201552543704	0.08063032894848	221	13	0.500441432777289	0.839932892462348
semibin_ERR12405932.31	gender	male	0.0183781666326196	0.027227883864713	221	2	0.500412022237285	0.839932892462348
metabat_SRR16168984.49	gender	male	0.0326886228407556	0.0485123480836568	221	6	0.501142428125759	0.840458030228262
semibin_ERR12405966.20	response	R	-0.0123745430572345	0.0183662432453915	221	2	0.501178175048332	0.840458030228262
semibin_SRR16554651.7	age	age	0.0131199566199683	0.0194654334777827	221	2	0.501020337982302	0.840458030228262
semibin_SRR16168913.2	gender	male	0.0342755232709285	0.0508697543297774	221	2	0.501165026435348	0.840458030228262
metabat_SRR16554728.7	gender	male	0.0492757287567588	0.073190086614541	221	3	0.501500279100723	0.840823851029571
maxbin_SRR11413617.028_sub	response	R	0.0284154455900248	0.0422223331360658	221	4	0.501671156484793	0.840917513091821
metabat_SRR11413657.66_sub	gender	male	0.0192226827744884	0.0285690086881801	221	2	0.501764084839408	0.840917513091821
metabat_SRR16554779.30	gender	male	-0.274703804505471	0.415379629936306	221	147	0.509104175039509	0.841111799796486
maxbin_SRR11413655.005	response	R	0.232026866467473	0.3512929513053	221	144	0.509640062640386	0.841111799796486
semibin_ERR6279675.47	age	age	-0.0643622604044772	0.0996882070091391	221	31	0.519205717569422	0.841111799796486
semibin_ERR6279675.47	response	R	-0.132451859031658	0.204074844491297	221	31	0.51700923792492	0.841111799796486
maxbin_SRR16554775.001	age	age	0.101970649123599	0.155890134294832	221	90	0.513733619341533	0.841111799796486
semibin_SRR16554655.39	age	age	-0.11687997063155	0.175086617898971	221	119	0.505130927104372	0.841111799796486
maxbin_ERR6257997.027	age	age	-0.0402362400202362	0.0631038311615844	221	15	0.524399659611682	0.841111799796486
maxbin_SRR11413655.009_sub	age	age	-0.0917853616891787	0.138199422655936	221	63	0.5072983839181	0.841111799796486
semibin_ERR6279614.29	response	R	-0.185699381674162	0.276174500448697	221	56	0.502052539188102	0.841111799796486
semibin_ERR6230326.3	response	R	0.104016852616814	0.159252055606915	221	61	0.514354467004514	0.841111799796486
semibin_SRR16554673.15	response	R	0.17268101423686	0.265204176270405	221	32	0.515654839076268	0.841111799796486
maxbin_SRR5930522.022	response	R	0.100850575376854	0.152020374388208	221	59	0.507786696856315	0.841111799796486
semibin_SRR16554765.35	response	R	0.115011223377404	0.171938043002033	221	30	0.504264711268067	0.841111799796486
metabat_SRR6000874.13_sub	response	R	-0.101569652212659	0.154428813798268	221	33	0.511429007559567	0.841111799796486
semibin_SRR16554786.37	gender	male	-0.133490924043331	0.20333877703867	221	25	0.51220862248488	0.841111799796486
semibin_SRR6000944.44	age	age	-0.0716702606047383	0.107335944746892	221	28	0.505029874594565	0.841111799796486
semibin_SRR20881980.56	gender	male	0.127942631029146	0.196579176093106	221	47	0.515843361078087	0.841111799796486
maxbin_ERR6282070.040_sub	gender	male	0.130299153952799	0.196576751665105	221	33	0.508138723597114	0.841111799796486
semibin_ERR6279657.86	response	R	-0.032228591086972	0.0482490950106535	221	4	0.504871498986196	0.841111799796486
semibin_SRR6000896.44	age	age	-0.0675781127969746	0.105116774371384	221	26	0.520981491708673	0.841111799796486
metabat_ERR6281586.4	response	R	-0.134151213022131	0.210298863584302	221	26	0.524212207947893	0.841111799796486
maxbin_ERR6279649.002	age	age	0.0087176686613276	0.0133642768079359	221	2	0.514890753143659	0.841111799796486
semibin_SRR25825502.37	response	R	0.0442016187727802	0.0692520700640306	221	10	0.523970005200818	0.841111799796486
metabat_SRR11413687.86	gender	male	0.0888605676534624	0.135689170060056	221	24	0.513236760830353	0.841111799796486
semibin_ERR6279673.25_sub	gender	male	-0.0473714698102084	0.0717688041058614	221	11	0.509917573292696	0.841111799796486
semibin_ERR6275679.24	response	R	0.0487709873453095	0.0743122485338148	221	8	0.512328482564911	0.841111799796486
semibin_SRR20881977.45	response	R	0.085003124247317	0.128447432871351	221	29	0.508824927805778	0.841111799796486
semibin_SRR20881981.24	gender	male	0.103754647863041	0.155615200836974	221	15	0.505648697880116	0.841111799796486
semibin_SRR23364186.11	gender	male	-0.051133207034923	0.0798596193397293	221	8	0.522660620960437	0.841111799796486
metabat_SRR23364171.43_sub	gender	male	0.0752074128802526	0.112312474974273	221	15	0.503814453781165	0.841111799796486
semibin_SRR5930518.30	age	age	-0.0471905514120115	0.0704316579459093	221	28	0.503565400231635	0.841111799796486
maxbin_SRR25825517.011_sub	gender	male	-0.0393031028070878	0.0591051659734848	221	3	0.506776409036673	0.841111799796486
maxbin_SRR25825517.011_sub	response	R	-0.0366413175705717	0.0561715468413934	221	3	0.514890944316704	0.841111799796486
semibin_ERR2162221.24_sub	response	R	0.0534377982677784	0.0799175426221376	221	6	0.504421993213825	0.841111799796486
semibin_SRR13022261.21	gender	male	-0.0779496682038892	0.117624224428384	221	11	0.50822546063677	0.841111799796486
metabat_ERR12405981.6	response	R	0.050252620086503	0.0761361752589493	221	7	0.5099306550522	0.841111799796486
metabat_SRR6000905.24	age	age	0.0566303015921406	0.0880726774064395	221	31	0.520906223028043	0.841111799796486
metabat_ERR12405947.12_sub	gender	male	-0.089033025413081	0.137105750671982	221	14	0.516783613227937	0.841111799796486
semibin_ERR2162202.30	gender	male	-0.0657716106596219	0.100878031191209	221	12	0.515101876809448	0.841111799796486
metabat_SRR16554702.8	gender	male	0.0369130656752689	0.0574204813385317	221	6	0.521005008869896	0.841111799796486
semibin_SRR13022319.17	response	R	0.0699173252583571	0.107871471914254	221	16	0.517576133451895	0.841111799796486
semibin_SRR16554696.25	response	R	-0.0109302655479184	0.0163845586778959	221	2	0.505416481551016	0.841111799796486
semibin_ERR6275661.83	gender	male	-0.0559135188296714	0.0836969439522135	221	9	0.504817582569629	0.841111799796486
maxbin_ERR12405970.007	gender	male	0.029796873146334	0.0457725199194681	221	4	0.515749839079803	0.841111799796486
maxbin_ERR12405970.007	response	R	-0.0288610020660841	0.0435006518357202	221	4	0.507739323638846	0.841111799796486
semibin_ERR6264281.17	gender	male	-0.0502107361545222	0.0762006298186452	221	12	0.51064052292794	0.841111799796486
semibin_ERR6279664.27	response	R	0.0196221749175302	0.0300243519077243	221	3	0.514100935421865	0.841111799796486
maxbin_SRR16554715.022_sub	gender	male	-0.0728756915553625	0.109707356823306	221	8	0.507220489330144	0.841111799796486
semibin_SRR6000920.16	age	age	-0.0267817406502092	0.0414896134811043	221	7	0.519284709849154	0.841111799796486
semibin_SRR23364227.47	response	R	0.0206514466803682	0.0308241004509011	221	3	0.50358675105429	0.841111799796486
metabat_SRR16554712.21	gender	male	0.0183344535978738	0.0285900693742656	221	2	0.522017123274545	0.841111799796486
semibin_SRR13022375.5	age	age	-0.0198158368866335	0.0299692330154507	221	3	0.509184106081422	0.841111799796486
semibin_SRR13022375.5	gender	male	0.0423097321515573	0.0647006385613595	221	3	0.513850660977303	0.841111799796486
maxbin_ERR6254869.013	response	R	0.0486211139392351	0.0741804532960796	221	6	0.512876354977517	0.841111799796486
semibin_SRR16554703.41	response	R	0.0253256023237661	0.0390601646515184	221	2	0.517433511173998	0.841111799796486
semibin_ERR12406009.9_sub	age	age	0.0363887208496415	0.0564808265357255	221	9	0.520082948049147	0.841111799796486
maxbin_SRR16554752.002	gender	male	-0.099106296382632	0.149299426076256	221	10	0.507517288016116	0.841111799796486
metabat_ERR6243878.23_sub	response	R	0.0833547648775915	0.129312571033627	221	53	0.519876835520993	0.841111799796486
semibin_ERR6279661.80	response	R	0.0289178541279295	0.0434435552282798	221	4	0.506351897841822	0.841111799796486
maxbin_ERR6279659.009_sub	response	R	0.0263494469628762	0.0393369734394858	221	4	0.503677256699889	0.841111799796486
semibin_SRR6000905.76	response	R	-0.0356283968985059	0.0544599101468847	221	3	0.513667134827036	0.841111799796486
metabat_ERR6281000.13	response	R	0.0342490982480854	0.052660343155971	221	5	0.516139175796198	0.841111799796486
semibin_ERR6279673.83	response	R	0.00601556580000333	0.00943355309157821	221	1	0.524358943912598	0.841111799796486
metabat_SRR5930534.8_sub	response	R	0.0901917904439384	0.13807615228375	221	38	0.514325176488505	0.841111799796486
metabat_SRR16554653.16	response	R	0.0696401364254146	0.106835325310898	221	6	0.515191045211881	0.841111799796486
maxbin_ERR12405962.006	age	age	0.0207310348949232	0.0314693316519482	221	3	0.510742200796967	0.841111799796486
maxbin_ERR6279660.002	gender	male	0.00661020930520907	0.00992168205408013	221	1	0.505970181076304	0.841111799796486
metabat_ERR6279677.5	gender	male	0.0480102155262339	0.0740338758162213	221	5	0.51735811419325	0.841111799796486
maxbin_SRR16554751.003	age	age	-0.0382399526130468	0.0580485020252901	221	13	0.510749138115162	0.841111799796486
metabat_SRR23364223.20	response	R	0.0060155657988517	0.00943355309152518	221	1	0.524358943989593	0.841111799796486
semibin_SRR16168982.36	response	R	-0.0428893530529553	0.0656202323257895	221	4	0.514068236797158	0.841111799796486
maxbin_ERR12405929.007	response	R	0.0281681173585031	0.0424190212802373	221	4	0.507368126331267	0.841111799796486
semibin_SRR13068852.73_sub	gender	male	-0.0440600289834247	0.0661613739041203	221	6	0.506153689261152	0.841111799796486
semibin_SRR13068852.73_sub	response	R	0.0406980664261808	0.0628032289753859	221	6	0.517654284946299	0.841111799796486
maxbin_ERR6257997.018	gender	male	0.022016099642313	0.0344113300991944	221	2	0.522982669052408	0.841111799796486
metabat_ERR6232688.30	response	R	0.00610397234772532	0.00941636389159776	221	1	0.517524351878152	0.841111799796486
metabat_ERR6275671.44	response	R	0.00604100489702481	0.00945146157308443	221	1	0.523395421645864	0.841111799796486
semibin_SRR13068826.42	response	R	0.0061065749018073	0.00941124439586085	221	1	0.517118347476093	0.841111799796486
metabat_SRR6000940.18	age	age	0.00305532197134427	0.00462724523696652	221	1	0.509768754084605	0.841111799796486
maxbin_ERR12405996.027	age	age	-0.00307188174872737	0.00461650648811786	221	1	0.506493241514662	0.841111799796486
semibin_SRR8387683.51	age	age	0.0288764208570238	0.0442374638916422	221	9	0.5146023257301	0.841111799796486
maxbin_ERR2162222.008	age	age	-0.0270557219841134	0.0418779192879671	221	9	0.518922000103679	0.841111799796486
semibin_SRR16168974.22	gender	male	0.0522641412105637	0.0800806474944925	221	5	0.514683854883022	0.841111799796486
semibin_ERR12405952.2	age	age	-0.0318761864617083	0.0497305935358781	221	10	0.522213717913085	0.841111799796486
metabat_SRR20881980.9_sub	age	age	0.0128449651461242	0.0195121818605245	221	6	0.511045752120416	0.841111799796486
metabat_SRR13068815.24	age	age	0.00623532749552721	0.00940102119139629	221	2	0.507869988250702	0.841111799796486
semibin_SRR11413681.27	age	age	0.0331524490584486	0.0512323669105322	221	20	0.518258578231697	0.841111799796486
semibin_ERR12406001.48	response	R	0.0260589478570953	0.0406858794005932	221	4	0.522530809401214	0.841111799796486
maxbin_SRR13068847.003	age	age	-0.00307188174872439	0.00461650648811786	221	1	0.506493241515066	0.841111799796486
semibin_ERR12405973.32	gender	male	0.00660409781035607	0.00996732535303664	221	1	0.508306091358081	0.841111799796486
maxbin_SRR16168943.001	response	R	0.00608707130349219	0.00944032433750497	221	1	0.519744308026492	0.841111799796486
maxbin_SRR16168938.002	response	R	0.00606168519463616	0.00945434654931307	221	1	0.522102708663369	0.841111799796486
maxbin_SRR16554790.012	age	age	0.0296601160622098	0.0464194751060552	221	11	0.523527654549668	0.841111799796486
semibin_SRR5930506.83	age	age	0.0210048280004103	0.0314643661603145	221	5	0.505115288672635	0.841111799796486
semibin_SRR20881987.31	gender	male	0.0699160104058084	0.104244577651223	221	6	0.503129924348902	0.841111799796486
semibin_SRR20881987.31	response	R	0.064617742829727	0.0990705140583453	221	6	0.51493670699494	0.841111799796486
maxbin_ERR6279645.022_sub	gender	male	0.0164310592732001	0.0253434288472343	221	3	0.517459463024941	0.841111799796486
semibin_ERR12405934.44_sub	gender	male	-0.0316828170612043	0.0490603911443033	221	5	0.519107337380297	0.841111799796486
maxbin_SRR11413613.018	age	age	0.00305532196914993	0.00462724523680533	221	1	0.509768754373533	0.841111799796486
semibin_SRR11413678.73	age	age	0.00305532196911701	0.00462724523680389	221	1	0.509768754377951	0.841111799796486
metabat_SRR20881974.56	gender	male	0.0286157395900249	0.0445007831447211	221	3	0.520884322708684	0.841111799796486
metabat_SRR6000932.13	gender	male	0.0210295563095183	0.0318326763127411	221	2	0.509551619785314	0.841111799796486
maxbin_ERR6275671.007_sub	age	age	0.00305532197124146	0.00462724523695958	221	1	0.509768754098176	0.841111799796486
maxbin_SRR11413617.006	age	age	0.00305532197118726	0.00462724523695576	221	1	0.509768754105335	0.841111799796486
semibin_SRR16554644.4	age	age	0.0214781254831516	0.032265458720314	221	7	0.506329766512198	0.841111799796486
maxbin_ERR6280910.012	age	age	0.0155126627033392	0.0231987534231653	221	4	0.504412733571249	0.841111799796486
metabat_SRR11413614.4	response	R	0.0368638132258327	0.0549435577693833	221	9	0.502979587021529	0.841111799796486
semibin_ERR6279624.28	gender	male	0.00660409806391393	0.00996732535242439	221	1	0.508306075066687	0.841111799796486
metabat_SRR16168984.63	gender	male	0.00644857098971698	0.00995148117466276	221	1	0.517672059286263	0.841111799796486
metabat_SRR16168984.63	response	R	0.00601183945094199	0.00942971140173081	221	1	0.524446934427709	0.841111799796486
metabat_ERR12405959.36	age	age	0.0257428158190555	0.0388283604018845	221	7	0.508040565314842	0.841111799796486
semibin_SRR16168918.72	response	R	0.006106574787306	0.00941124439166136	221	1	0.517118355138269	0.841111799796486
maxbin_ERR6232521.007	response	R	0.00604802959955525	0.00945369958936721	221	1	0.523011293897025	0.841111799796486
semibin_SRR16554760.16	age	age	-0.0246766206490888	0.0384023149950428	221	8	0.521176756879932	0.841111799796486
semibin_SRR23364171.81	age	age	-0.0125486481949176	0.0193040713784884	221	6	0.516353568952992	0.841111799796486
maxbin_SRR25825514.018_sub	response	R	0.0272104163792168	0.0411334941529443	221	4	0.508985732217355	0.841111799796486
semibin_ERR6279679.10	response	R	0.00604802959964344	0.00945369958937097	221	1	0.523011293891117	0.841111799796486
semibin_SRR25825503.35	response	R	0.0168661058631381	0.0254373233769088	221	4	0.508005541233798	0.841111799796486
maxbin_ERR12405976.034_sub	response	R	0.027290521020608	0.0413882581881706	221	4	0.510353712335199	0.841111799796486
metabat_ERR12405965.3	gender	male	0.0064485709891205	0.00995148117464763	221	1	0.517672059324272	0.841111799796486
metabat_ERR12405965.3	response	R	0.00601183945042792	0.00942971140171549	221	1	0.524446934462486	0.841111799796486
semibin_SRR25825510.24	age	age	0.0179165034115028	0.0276247116287115	221	4	0.517303396828649	0.841111799796486
semibin_SRR6000877.55	response	R	-0.0256531738622438	0.0381734217516263	221	4	0.502288500201435	0.841111799796486
maxbin_SRR16168984.062	age	age	0.0118051538912094	0.0182422388966549	221	3	0.518230812128901	0.841111799796486
metabat_SRR5930493.50_sub	response	R	-0.0258292910699502	0.0385583400465551	221	4	0.503649282757851	0.841111799796486
maxbin_SRR16168969.005	response	R	0.006084060357488	0.00944319530078276	221	1	0.52007743502146	0.841111799796486
semibin_SRR16168984.61	gender	male	0.00644857098996286	0.00995148117467378	221	1	0.517672059270746	0.841111799796486
semibin_SRR16168984.61	response	R	0.00601183945112369	0.00942971140174194	221	1	0.524446934415657	0.841111799796486
semibin_SRR11413683.84	response	R	0.0452834142998517	0.0694540170695314	221	8	0.515096769341543	0.841111799796486
semibin_SRR16168896.8	age	age	-0.0106400881123988	0.0166433657161237	221	4	0.523302674733463	0.841111799796486
maxbin_SRR13068819.002	response	R	0.00604453247455817	0.00945274021688187	221	1	0.523209280837471	0.841111799796486
semibin_SRR16554651.34_sub	gender	male	0.0100273784310904	0.0152037484846153	221	2	0.510257163416788	0.841111799796486
semibin_ERR6275668.67	response	R	0.0245633939882149	0.0382508160091881	221	4	0.521444605880724	0.841111799796486
semibin_ERR6279626.1	response	R	0.00610657478766859	0.00941124439166917	221	1	0.517118355113796	0.841111799796486
semibin_ERR12405994.32	response	R	0.00606168519406514	0.0094543465492938	221	1	0.522102708701669	0.841111799796486
maxbin_SRR16168926.001_sub	response	R	0.00604100489751796	0.00945146157310364	221	1	0.523395421612863	0.841111799796486
metabat_SRR16554769.2	response	R	0.0244647468844082	0.0377685115611137	221	3	0.517828077414904	0.841111799796486
semibin_SRR16168985.93	response	R	0.00603025223432845	0.0094457081493555	221	1	0.523881871218565	0.841111799796486
metabat_ERR6275668.55	response	R	0.00604100490006874	0.00945146157321365	221	1	0.523395421442463	0.841111799796486
metabat_ERR6280907.89	response	R	0.0166830055584109	0.0259025952354386	221	4	0.52021268429275	0.841111799796486
semibin_SRR16554650.13	response	R	-0.0106631020709801	0.0163002250625396	221	2	0.513695604039377	0.841111799796486
semibin_SRR5930495.18	gender	male	-0.0449022959196162	0.0692410144775904	221	5	0.517355815075291	0.841111799796486
semibin_ERR12405943.65	gender	male	0.00644857098977501	0.00995148117466629	221	1	0.517672059282654	0.841111799796486
semibin_ERR12405943.65	response	R	0.00601183945097694	0.00942971140173437	221	1	0.52444693442547	0.841111799796486
semibin_SRR16554651.7	gender	male	0.0275282682635084	0.0419575725943903	221	2	0.512456313058922	0.841111799796486
semibin_SRR11413654.127	gender	male	0.0117909685758203	0.0176780652718047	221	2	0.505491596165776	0.841111799796486
semibin_ERR6232458.31	response	R	0.00603025230267551	0.00944570815234781	221	1	0.523881866650261	0.841111799796486
metabat_SRR11413654.13	gender	male	0.00660409781035239	0.0099673253530366	221	1	0.508306091358309	0.841111799796486
maxbin_SRR5930514.013_sub	gender	male	0.0670734689005842	0.103628041430238	221	8	0.518157049681558	0.841111799796486
semibin_ERR12405928.62	response	R	0.00610657490040239	0.00941124439581651	221	1	0.51711834757037	0.841111799796486
semibin_SRR16168929.43	response	R	0.00601556580014298	0.00943355309158427	221	1	0.524358943903237	0.841111799796486
metabat_ERR6279677.13	response	R	0.00604100486128699	0.00945146157155713	221	1	0.523395424033563	0.841111799796486
semibin_ERR6282137.102	response	R	0.00610657489942382	0.00941124439577803	221	1	0.517118347635756	0.841111799796486
semibin_ERR12405963.29	gender	male	0.00661020930517195	0.00992168205407932	221	1	0.505970181078682	0.841111799796486
semibin_SRR13068830.47	age	age	-0.00307188174872495	0.00461650648811785	221	1	0.50649324151499	0.841111799796486
metabat_ERR6281518.75	response	R	0.00608406035724549	0.00944319530077418	221	1	0.520077435037705	0.841111799796486
metabat_SRR8387676.9	response	R	0.00604802969172795	0.0094536995932459	221	1	0.523011287740228	0.841111799796486
metabat_SRR23364187.36	age	age	0.00513211880488359	0.0079249151598561	221	2	0.517932821362384	0.841111799796486
metabat_SRR16168920.6	response	R	-0.0377802433488784	0.0576138455109426	221	3	0.512685855671222	0.841111799796486
maxbin_SRR16168918.021	response	R	0.00610657490214214	0.0094112443958753	221	1	0.517118347453731	0.841111799796486
semibin_SRR11413657.20	gender	male	0.00644857098883982	0.00995148117463115	221	1	0.517672059341836	0.841111799796486
semibin_SRR11413657.20	response	R	0.00601183945020105	0.00942971140169883	221	1	0.524446934477352	0.841111799796486
semibin_SRR16168925.11	response	R	0.0060870713034359	0.00944032433750528	221	1	0.519744308030364	0.841111799796486
semibin_SRR23364199.80	age	age	-0.007916370105546	0.0124096955609387	221	2	0.524202684358392	0.841111799796486
metabat_SRR23364192.64	response	R	0.00601556579984876	0.00943355309156822	221	1	0.524358943922863	0.841111799796486
semibin_ERR6275674.5	gender	male	0.00660409806733519	0.00996732535241547	221	1	0.508306074846828	0.841111799796486
metabat_SRR16168938.13	response	R	0.00606168519461005	0.00945434654931258	221	1	0.522102708665172	0.841111799796486
metabat_SRR16168976.37	gender	male	0.00661020930527864	0.00992168205408345	221	1	0.505970181071987	0.841111799796486
semibin_ERR6280899.75	response	R	0.00610657490175701	0.00941124439586276	221	1	0.517118347479636	0.841111799796486
metabat_SRR16168913.43	gender	male	0.0278299738989971	0.0435484039357126	221	4	0.523460881019946	0.841111799796486
metabat_SRR16168926.39	response	R	0.00604100486125836	0.00945146157155736	221	1	0.523395424035509	0.841111799796486
semibin_SRR16168976.65	gender	male	0.00661020930515305	0.0099216820540816	221	1	0.50597018108002	0.841111799796486
maxbin_SRR5930520.048_sub	response	R	-0.011068876114897	0.0171960007824774	221	2	0.520459910617964	0.841111799796486
semibin_SRR16168930.105	response	R	0.00610397223584214	0.00941636388745808	221	1	0.517524359362695	0.841111799796486
semibin_SRR16168902.6	response	R	0.00604802969025978	0.00945369959318426	221	1	0.523011287838255	0.841111799796486
metabat_SRR16168984.26	gender	male	0.00644857098995688	0.00995148117467472	221	1	0.517672059271252	0.841111799796486
metabat_SRR16168984.26	response	R	0.00601183945112927	0.0094297114017429	221	1	0.524446934415291	0.841111799796486
metabat_SRR5930498.62	age	age	0.00305532196912939	0.0046272452368043	221	1	0.509768754376287	0.841111799796486
semibin_SRR11413646.13	age	age	-0.0030718817487333	0.00461650648811785	221	1	0.506493241513841	0.841111799796486
semibin_ERR6279655.27	gender	male	0.00644857098811068	0.00995148117460901	221	1	0.517672059388236	0.841111799796486
semibin_ERR6279655.27	response	R	0.00601183944961077	0.00942971140167643	221	1	0.524446934517023	0.841111799796486
metabat_SRR16168984.25	gender	male	0.00644857098915151	0.00995148117464901	221	1	0.517672059322407	0.841111799796486
metabat_SRR16168984.25	response	R	0.00601183945043596	0.00942971140171688	221	1	0.524446934461941	0.841111799796486
maxbin_SRR13068848.026	response	R	0.00610657478767025	0.00941124439167597	221	1	0.517118355113994	0.841111799796486
maxbin_SRR20881983.029	gender	male	-0.0272478937789613	0.0418148628027447	221	4	0.515334371084922	0.841111799796486
metabat_SRR16168929.17	response	R	0.00601556579934311	0.00943355309155154	221	1	0.524358943956901	0.841111799796486
semibin_SRR5930504.144	age	age	-0.00300913534217373	0.0045998515858114	221	1	0.513689099213071	0.841111799796486
metabat_SRR16554656.36	age	age	0.00307712104751092	0.00460076775655423	221	1	0.50431625883122	0.841111799796486
maxbin_SRR16168920.008	response	R	0.00595410351542258	0.00933311750369608	221	1	0.524179296842189	0.841111799796486
metabat_SRR13022266.9	age	age	0.0108442128565458	0.016907881143954	221	2	0.521958958304219	0.841111799796486
metabat_SRR16168918.75	response	R	0.00610657490456633	0.00941124439596946	221	1	0.51711834729173	0.841111799796486
metabat_SRR16168943.48	response	R	0.00608707130347651	0.00944032433750314	221	1	0.519744308027502	0.841111799796486
semibin_SRR5930498.294	age	age	0.00305532196912084	0.00462724523680439	221	1	0.509768754377489	0.841111799796486
maxbin_SRR6000906.038	gender	male	0.00644857098960683	0.00995148117466177	221	1	0.517672059293393	0.841111799796486
maxbin_SRR6000906.038	response	R	0.00601183945082958	0.0094297114017298	221	1	0.52444693443542	0.841111799796486
metabat_SRR23364192.7	gender	male	0.0066040980619569	0.00996732535242883	221	1	0.508306075192395	0.841111799796486
maxbin_SRR5930510.035_sub	gender	male	0.0064561279233252	0.00996755453887731	221	1	0.517854433382896	0.841111799796486
maxbin_SRR5930498.016_sub	age	age	0.00305532196914211	0.00462724523680541	221	1	0.509768754374632	0.841111799796486
semibin_SRR23364233.3	response	R	0.00608707130344091	0.00944032433750292	221	1	0.519744308029918	0.841111799796486
maxbin_SRR16168945.044	response	R	0.00605492699453853	0.00945466102763446	221	1	0.522580141336386	0.841111799796486
maxbin_ERR6275668.045	gender	male	0.0259100535493473	0.0391224547385222	221	4	0.508496100329375	0.841111799796486
maxbin_SRR5930504.022	age	age	-0.00300913534334876	0.00459985158572169	221	1	0.513689099040644	0.841111799796486
metabat_SRR5930510.19_sub	gender	male	0.00645612792087278	0.00996755453888353	221	1	0.517854433542043	0.841111799796486
semibin_SRR23364187.33	age	age	0.00305532197098914	0.00462724523694055	221	1	0.509768754131356	0.841111799796486
semibin_SRR5930520.106	gender	male	0.00660409806375417	0.00996732535242443	221	1	0.508306075076895	0.841111799796486
semibin_ERR6279624.33	response	R	0.00610657490099429	0.00941124439584251	221	1	0.517118347530981	0.841111799796486
maxbin_SRR5930520.005	gender	male	0.00660409781042999	0.00996732535303666	221	1	0.508306091353332	0.841111799796486
semibin_SRR5930510.14_sub	gender	male	0.00645612792044087	0.00996755453888504	221	1	0.517854433570063	0.841111799796486
semibin_SRR23364171.10_sub	gender	male	0.00660409806439444	0.00996732535242233	221	1	0.508306075035758	0.841111799796486
metabat_SRR13068847.1	gender	male	0.00660409806609864	0.00996732535241841	221	1	0.50830607492624	0.841111799796486
maxbin_SRR16168985.035	response	R	0.00603025230248798	0.00944570815234684	221	1	0.523881866663123	0.841111799796486
semibin_SRR5930504.110	age	age	-0.00300913534213613	0.00459985158581499	221	1	0.513689099218659	0.841111799796486
metabat_SRR5930498.54	gender	male	0.0101431294337029	0.0155458007994832	221	2	0.514790329421199	0.841111799796486
metabat_SRR5930504.14_sub	age	age	-0.00300913534220462	0.00459985158580938	221	1	0.51368909920857	0.841111799796486
semibin_SRR5930498.100_sub	age	age	0.00305532196913887	0.00462724523680561	221	1	0.509768754375105	0.841111799796486
metabat_SRR16168918.66	response	R	0.00610657490092778	0.00941124439583373	221	1	0.517118347535148	0.841111799796486
maxbin_SRR5930520.046	gender	male	0.0066040980642899	0.00996732535242285	221	1	0.508306075042488	0.841111799796486
semibin_ERR6275668.126	age	age	0.00555798930250146	0.00872022006032126	221	2	0.524557802209868	0.841122820038345
maxbin_ERR6275666.011_sub	response	R	-0.0543417011554442	0.0853019952947688	221	19	0.524771134668946	0.841298104499986
semibin_SRR8387683.16	response	R	-0.196435966409712	0.308484539511525	221	57	0.524941598493169	0.841404607335068
metabat_SRR23364233.36	response	R	0.167047503310282	0.262543069143078	221	67	0.525273440675197	0.841602929512875
maxbin_SRR16168943.020_sub	gender	male	-0.0344822250034011	0.0541930709426499	221	3	0.525262179898218	0.841602929512875
metabat_SRR20881986.45	age	age	0.0176283685733387	0.0277483456620751	221	10	0.5259127182603	0.841860602232041
maxbin_ERR6233695.025_sub	age	age	0.0135728954361313	0.0213511171491514	221	6	0.525642107241017	0.841860602232041
metabat_ERR6232686.11	response	R	-0.0510952218729569	0.0804369641794351	221	5	0.525954701171922	0.841860602232041
semibin_ERR6281343.49	age	age	-0.0226805884041933	0.0356880109059355	221	16	0.525763926866379	0.841860602232041
semibin_SRR5930528.83_sub	response	R	-0.0541058991478049	0.0851509220638296	221	6	0.525830363500293	0.841860602232041
semibin_SRR13022391.11	gender	male	-0.0287069336261114	0.0452086250861528	221	5	0.526105208687755	0.841934888774547
semibin_SRR5930510.20_sub	age	age	-0.0407621078429455	0.0642273296443746	221	29	0.526331510656274	0.842130417050039
semibin_ERR6279673.83	gender	male	0.00630656560789952	0.00995552238079058	221	1	0.527093868012158	0.84235036656655
metabat_SRR23364223.20	gender	male	0.0063065656065241	0.00995552238073838	221	1	0.527093868100063	0.84235036656655
maxbin_SRR16168984.062	response	R	0.0236561769168756	0.037321324065455	221	3	0.526846679330809	0.84235036656655
semibin_SRR16168929.43	gender	male	0.00630656560805613	0.00995552238079652	221	1	0.52709386800213	0.84235036656655
metabat_SRR23364192.64	gender	male	0.00630656560770159	0.00995552238078073	221	1	0.527093868024657	0.84235036656655
metabat_SRR16168929.17	gender	male	0.00630656560711721	0.00995552238076432	221	1	0.527093868062268	0.84235036656655
maxbin_SRR5930515.026_sub	gender	male	0.00630802802416057	0.00996745379288362	221	1	0.527489772578484	0.842531866760877
semibin_ERR6279669.82	gender	male	0.00630802802305251	0.00996745379288641	221	1	0.527489772651067	0.842531866760877
semibin_ERR6231475.0	response	R	-0.0319446074779267	0.0504909338368255	221	5	0.527609788507637	0.842531866760877
semibin_SRR16168896.8	response	R	-0.0215698082933523	0.034094032737073	221	4	0.527624122792265	0.842531866760877
semibin_ERR6232688.10	response	R	0.0367117952092685	0.0580578218623769	221	5	0.527836641196813	0.842704846821915
maxbin_SRR11413655.005	gender	male	-0.234318186533099	0.370731724125809	221	144	0.528026694558086	0.842841899661693
metabat_ERR6279672.14	gender	male	-0.0348716647933882	0.0553085149182319	221	9	0.529041554675997	0.843962148761235
semibin_ERR6281434.39	response	R	-0.0314043188942267	0.0498025173205334	221	6	0.528984972084959	0.843962148761235
metabat_SRR5930532.1_sub	gender	male	0.0468774192286843	0.0743179115118862	221	5	0.528860680020655	0.843962148761235
metabat_SRR11413649.18	response	R	0.0372919734824105	0.0592259188537046	221	5	0.529582261541532	0.844535575043072
metabat_ERR6281518.47	response	R	-0.0316790337643472	0.0503144504718737	221	4	0.529609846268355	0.844535575043072
semibin_SRR23364231.4	age	age	0.0161790047968952	0.0257285498044917	221	5	0.530119655630188	0.845181899218798
semibin_SRR25825497.40_sub	response	R	0.026309610955679	0.0418992934084117	221	4	0.530717497250072	0.845717530113264
semibin_ERR6232521.9	response	R	0.0292917966180922	0.0466599752795623	221	3	0.530818784733815	0.845717530113264
metabat_ERR12405998.59	response	R	0.0244484986994836	0.0389409648376221	221	3	0.530773630635783	0.845717530113264
metabat_SRR16554660.42	gender	male	0.0301533097483162	0.0480393422620253	221	2	0.530873874923967	0.845717530113264
maxbin_SRR16554744.022	response	R	0.0721051523118317	0.114911070971188	221	18	0.531000057370818	0.845751379213665
semibin_SRR11413655.121	gender	male	0.0584950676000018	0.0932664306965019	221	7	0.531198990134295	0.845751379213665
metabat_SRR16554660.42	age	age	0.0139776529747626	0.0222869571163637	221	2	0.531208828685141	0.845751379213665
semibin_SRR16554762.1	gender	male	0.0932984644100032	0.148889530302128	221	17	0.531565505978405	0.846152688910321
maxbin_SRR16554652.022_sub	gender	male	-0.0820956335224144	0.131112624793731	221	13	0.531877305210332	0.846180606843783
semibin_ERR6279648.9_sub	gender	male	-0.0599543504498558	0.0957213018427382	221	9	0.531749009043003	0.846180606843783
maxbin_SRR5930495.007_sub	response	R	0.0816978309866996	0.13048097430178	221	32	0.531896909643149	0.846180606843783
semibin_SRR6000905.60_sub	response	R	-0.172159628750081	0.27546289920363	221	77	0.532638848348785	0.846197197395999
metabat_ERR12405985.26	gender	male	-0.140161925147824	0.22404413772808	221	26	0.532242120037615	0.846197197395999
semibin_ERR12405966.12	gender	male	0.0182729986317234	0.0292361251675177	221	2	0.532618796926359	0.846197197395999
maxbin_SRR11413619.022_sub	gender	male	0.00902509583439908	0.0144356452157956	221	2	0.532499911243839	0.846197197395999
semibin_SRR11413647.24_sub	age	age	-0.0047179555505991	0.00754894434955099	221	2	0.532639704740731	0.846197197395999
semibin_SRR23364196.25	age	age	-0.0137983903778361	0.0220734349929105	221	6	0.532554544306198	0.846197197395999
semibin_SRR13068843.62_sub	gender	male	-0.0255604827572735	0.0408815441610376	221	4	0.53248126131039	0.846197197395999
metabat_SRR16554747.15	response	R	0.150270921926343	0.240587857199307	221	27	0.532890471373233	0.846263132233793
metabat_ERR6279664.11	response	R	-0.0299092211915289	0.0478773605319814	221	6	0.532825279952348	0.846263132233793
maxbin_SRR16168900.001	gender	male	-0.104324128711739	0.1670797022459	221	18	0.533022555411574	0.846306719310721
metabat_SRR16554749.2	gender	male	0.0263989750541908	0.0422977342842985	221	2	0.53320322520167	0.846427416178824
maxbin_ERR2162217.004	response	R	-0.0490231036891611	0.0785840668187216	221	6	0.533394405280667	0.846564746842628
semibin_SRR13068839.17	response	R	0.0429052197244589	0.0688062308611564	221	10	0.533567595964327	0.846673477763287
metabat_ERR12405954.8	gender	male	-0.140106170737011	0.22500363883584	221	26	0.534153030635256	0.847057011066843
maxbin_ERR6275667.027	response	R	0.104727736369808	0.168261295117819	221	37	0.534332946397507	0.847057011066843
metabat_SRR16554654.55	response	R	0.0342477052368732	0.0550121045060274	221	3	0.534234876665432	0.847057011066843
semibin_SRR16554789.32	response	R	-0.09555402135797	0.153449030504372	221	17	0.534130416270566	0.847057011066843
semibin_SRR16168930.38	gender	male	0.106802412992103	0.171558521343141	221	27	0.534241051213007	0.847057011066843
semibin_SRR23364195.41	gender	male	-0.251009030603728	0.404725357114458	221	134	0.535781142768742	0.847633263762864
semibin_SRR16554765.35	age	age	0.0521459634616104	0.0840423784079392	221	30	0.535598915423845	0.847633263762864
metabat_ERR12405966.8	response	R	0.109544963001014	0.176728867142983	221	27	0.536015290143058	0.847633263762864
semibin_SRR11413690.11	age	age	-0.0504633718245773	0.0812966794036607	221	21	0.535434893068362	0.847633263762864
metabat_SRR13068838.21	age	age	0.0524732522141564	0.0844148630649062	221	34	0.534850907074407	0.847633263762864
maxbin_SRR16554641.006	response	R	0.069929651979802	0.11315026236476	221	14	0.537207168763623	0.847633263762864
semibin_SRR6000896.39	age	age	-0.0229026105355529	0.0369519822958423	221	7	0.53604378774083	0.847633263762864
semibin_SRR6000900.14	response	R	0.133509578732153	0.215757967380056	221	27	0.536707995138135	0.847633263762864
metabat_SRR5930534.33	gender	male	0.0665885701970133	0.10774056098251	221	9	0.537198927628057	0.847633263762864
semibin_ERR12405940.4	gender	male	-0.0208019284759089	0.0335549084113064	221	3	0.535954570382745	0.847633263762864
semibin_SRR5930498.62_sub	response	R	0.0861781058447459	0.139168725918338	221	33	0.5364194137961	0.847633263762864
semibin_ERR6232425.16	gender	male	0.00615979796635864	0.0099670231801692	221	1	0.537211685173503	0.847633263762864
maxbin_SRR5930519.003	gender	male	0.00615979796665061	0.00996702318016846	221	1	0.537211685154184	0.847633263762864
metabat_ERR6281433.22	gender	male	0.00615979796880091	0.00996702318016227	221	1	0.537211685011994	0.847633263762864
maxbin_SRR16554777.015	response	R	0.0525322091419238	0.0849817049071437	221	6	0.537119214697123	0.847633263762864
semibin_ERR12406004.1	age	age	-0.0119967198349803	0.0193392876835019	221	4	0.535692966133947	0.847633263762864
maxbin_SRR20881983.049_sub	gender	male	0.00615979796601291	0.00996702318017021	221	1	0.537211685196362	0.847633263762864
maxbin_SRR5930519.005	gender	male	0.00615979796567572	0.00996702318017087	221	1	0.53721168521865	0.847633263762864
metabat_ERR6279669.21	gender	male	0.00615979796838765	0.00996702318016347	221	1	0.537211685039301	0.847633263762864
semibin_SRR5930519.9	gender	male	0.00615979796844859	0.00996702318016357	221	1	0.537211685035277	0.847633263762864
metabat_ERR6279653.8	gender	male	0.00615979796691734	0.00996702318016766	221	1	0.53721168513654	0.847633263762864
semibin_SRR5930519.68	gender	male	0.0061597980437041	0.00996702317995125	221	1	0.537211680058878	0.847633263762864
metabat_SRR20881976.26_sub	gender	male	0.00615979796636523	0.00996702318016916	221	1	0.537211685173053	0.847633263762864
maxbin_SRR13022287.006_sub	gender	male	0.00615979804360893	0.00996702317995126	221	1	0.537211680065149	0.847633263762864
metabat_SRR13022401.12	response	R	-0.169067082387932	0.27386519364403	221	62	0.537661359951126	0.848177312128869
semibin_SRR20881988.7	gender	male	-0.183325540533088	0.297238665164989	221	33	0.538038193809184	0.848606261998572
metabat_SRR5930511.52	gender	male	0.0556637725306333	0.0902945700888877	221	9	0.538238308792321	0.848756373856949
metabat_ERR12405975.5_sub	gender	male	-0.256862115506074	0.419175455332856	221	164	0.540666581496762	0.849523784147115
semibin_SRR5930533.9	gender	male	0.277407531239752	0.451260876372966	221	95	0.539371457782084	0.849523784147115
semibin_SRR11413653.25	response	R	-0.210132244973466	0.345607144008398	221	68	0.543819248647203	0.849523784147115
semibin_SRR25825509.21	response	R	-0.210407445245711	0.34538467009101	221	55	0.543032529334499	0.849523784147115
metabat_SRR16554746.22	gender	male	0.221032519377118	0.362272845487081	221	67	0.542419455442743	0.849523784147115
metabat_ERR12405939.30	response	R	-0.142943115691055	0.233523208822077	221	57	0.541105977801247	0.849523784147115
metabat_SRR16554744.3	response	R	0.180906271697098	0.296746210748399	221	80	0.542743570726301	0.849523784147115
semibin_SRR16168903.11	gender	male	0.178808275810482	0.291877777697252	221	59	0.540776883261943	0.849523784147115
maxbin_SRR16554738.006_sub	response	R	-0.0833364596355721	0.136521215715235	221	26	0.542218008459677	0.849523784147115
semibin_SRR13068817.76	response	R	0.0937576047175617	0.152960562910112	221	23	0.54054941590648	0.849523784147115
metabat_SRR25825515.43_sub	response	R	0.0445440969006178	0.0729758860665285	221	10	0.542239083638582	0.849523784147115
semibin_SRR25825518.7	response	R	-0.0818761313827909	0.133849870548703	221	24	0.541375774029937	0.849523784147115
semibin_SRR11413681.23	gender	male	0.144446289738424	0.235419651007427	221	24	0.540142540740199	0.849523784147115
semibin_SRR16168900.4	gender	male	-0.0700279183506376	0.11446704163252	221	11	0.541327953812377	0.849523784147115
maxbin_ERR6279677.001	response	R	0.0411435977198005	0.0676560752713705	221	5	0.543739807182171	0.849523784147115
semibin_ERR12406012.51	gender	male	-0.0680093623109314	0.111463271246487	221	8	0.542400598250715	0.849523784147115
maxbin_ERR6264280.016_sub	response	R	0.0728342677248398	0.119020274844919	221	23	0.541219334377536	0.849523784147115
semibin_SRR13068840.28	age	age	0.0194031482030732	0.0316098030331075	221	10	0.539974458415893	0.849523784147115
maxbin_SRR16168926.011	response	R	0.0766304577156098	0.12494514900248	221	22	0.540318649671076	0.849523784147115
metabat_SRR5930508.66	gender	male	0.0739870212482771	0.120969411916363	221	11	0.541437324077874	0.849523784147115
metabat_SRR16554733.8	gender	male	0.00602556030397305	0.00992271180984757	221	1	0.544326409477597	0.849523784147115
metabat_SRR11413645.3	response	R	0.0339884713858833	0.0553045818042316	221	7	0.539483993872198	0.849523784147115
metabat_ERR6282383.6_sub	response	R	0.0391686011425305	0.0644874490252663	221	6	0.544231599354484	0.849523784147115
metabat_SRR16168974.17	gender	male	-0.0888690575708422	0.144644593381066	221	24	0.539605276422715	0.849523784147115
semibin_SRR5930507.86	gender	male	0.137352348486505	0.223793823850121	221	20	0.540033011172422	0.849523784147115
semibin_SRR11413647.21	response	R	-0.0302797128731689	0.0495993698659945	221	3	0.542182219480735	0.849523784147115
maxbin_SRR16168918.042_sub	response	R	0.0855261566387523	0.139747939719206	221	40	0.54118445566389	0.849523784147115
semibin_ERR6279619.56	response	R	0.0293247189117339	0.0482460378894323	221	5	0.543950596729114	0.849523784147115
maxbin_ERR6279660.002	age	age	-0.00280490224939501	0.00459535580869044	221	1	0.542254501323903	0.849523784147115
metabat_SRR16554786.23	gender	male	0.0903200553416642	0.147101726493758	221	24	0.539867930806156	0.849523784147115
metabat_ERR12405942.51	gender	male	-0.0250573213393115	0.0409659993642603	221	4	0.54140207417993	0.849523784147115
semibin_ERR6281751.11_sub	age	age	0.0145820184578457	0.0239760045364428	221	3	0.543696056627184	0.849523784147115
maxbin_SRR13068846.008	age	age	0.0126237902152735	0.0205914504380038	221	6	0.540485438387065	0.849523784147115
semibin_SRR16554762.18	gender	male	0.00606345839894478	0.00999224070087658	221	1	0.544606926404402	0.849523784147115
metabat_SRR20881979.28	age	age	0.0212677750220245	0.0348678136902176	221	6	0.54253023254229	0.849523784147115
semibin_SRR25825505.11	gender	male	0.00606345839902758	0.00999224070087657	221	1	0.544606926398913	0.849523784147115
semibin_SRR16554714.52	age	age	0.022886057898406	0.0376741371542857	221	6	0.544171565412738	0.849523784147115
semibin_SRR11413612.49	age	age	0.0044969606644061	0.00733471674822244	221	2	0.540448141079845	0.849523784147115
semibin_SRR13068835.130	gender	male	0.00606345839895699	0.00999224070087657	221	1	0.544606926403594	0.849523784147115
metabat_SRR6000895.38	gender	male	0.00606345839888136	0.00999224070087658	221	1	0.544606926408608	0.849523784147115
semibin_SRR5930533.64	age	age	-0.0194072638529143	0.031873076102944	221	3	0.543232861131094	0.849523784147115
semibin_SRR11413649.100	gender	male	0.0060634583989284	0.00999224070087657	221	1	0.544606926405487	0.849523784147115
semibin_SRR16554734.17	age	age	-0.0197657953577735	0.0321247351091259	221	4	0.539012727015332	0.849523784147115
semibin_SRR16554634.69	gender	male	0.0409096911351314	0.0669102641196603	221	2	0.541567303540117	0.849523784147115
maxbin_SRR16554647.016	gender	male	0.00606345839886273	0.00999224070087658	221	1	0.544606926409841	0.849523784147115
semibin_SRR11413619.8_sub	gender	male	0.00606345839895206	0.00999224070087657	221	1	0.544606926403919	0.849523784147115
semibin_SRR11413652.9_sub	gender	male	0.006063458399018	0.00999224070087658	221	1	0.544606926399546	0.849523784147115
metabat_ERR6279625.50	gender	male	0.0164484022989306	0.0268293911669386	221	2	0.540471677046424	0.849523784147115
metabat_SRR13068823.23	gender	male	-0.0281805157391976	0.0462067540381465	221	4	0.542586178963221	0.849523784147115
semibin_SRR16554647.36	gender	male	0.006063458398886	0.00999224070087658	221	1	0.544606926408298	0.849523784147115
maxbin_SRR16554679.010	gender	male	0.00606345839905673	0.00999224070087658	221	1	0.544606926396983	0.849523784147115
maxbin_SRR13068839.007_sub	gender	male	-0.0129530010730394	0.0211215771959038	221	3	0.540348590506327	0.849523784147115
semibin_ERR12405963.29	age	age	-0.00280490224938808	0.00459535580869004	221	1	0.542254501324893	0.849523784147115
maxbin_SRR5930504.041	gender	male	-0.0489463631250102	0.0800601572030218	221	6	0.541594709092817	0.849523784147115
metabat_SRR16168976.37	age	age	-0.00280490224937134	0.00459535580869207	221	1	0.542254501327462	0.849523784147115
semibin_SRR16168976.65	age	age	-0.00280490224937715	0.00459535580869117	221	1	0.542254501326562	0.849523784147115
semibin_ERR6279655.40	response	R	0.096145806933666	0.158623898620528	221	57	0.545074065335702	0.849639003808447
semibin_ERR6275666.93	response	R	0.0349773163462503	0.0576826280051042	221	5	0.54489943251671	0.849639003808447
semibin_SRR13068843.42_sub	response	R	0.0776543397399996	0.128124952796979	221	26	0.545100987977501	0.849639003808447
metabat_ERR12405998.59	gender	male	0.0249139044044568	0.041086825003732	221	3	0.544901893470771	0.849639003808447
metabat_SRR13068851.25	age	age	0.0206564027055266	0.0340921360320328	221	7	0.545220980894861	0.849662291614188
semibin_SRR11413691.40_sub	response	R	-0.0725533703572166	0.11986084941771	221	14	0.54560443258288	0.850096060630001
semibin_ERR6264281.7	response	R	0.0934491842777129	0.154580374987599	221	57	0.546128192182238	0.850256942900855
semibin_SRR16554789.32	gender	male	-0.0977938433359034	0.161687367602895	221	17	0.545923278738358	0.850256942900855
metabat_SRR16554654.44	age	age	0.0151490840329011	0.0250582257391471	221	4	0.546106082425984	0.850256942900855
semibin_SRR16168926.64	gender	male	0.0364082634163582	0.0601929698677965	221	3	0.54590460602136	0.850256942900855
semibin_ERR6279661.80	age	age	-0.0128303850317164	0.0212312754586063	221	4	0.54627073650379	0.850315187998971
metabat_SRR16168974.3	age	age	-0.0208971886416359	0.0345898519404173	221	5	0.546385014176154	0.850329419791559
semibin_SRR16554630.20	gender	male	-0.18831618573822	0.314630364432367	221	96	0.550116353838925	0.850836458016024
semibin_SRR11413617.49	response	R	0.143841950979768	0.239165276050754	221	27	0.548179231533992	0.850836458016024
maxbin_ERR12405967.017	response	R	0.0403894329093441	0.0669447716624586	221	9	0.546922805110662	0.850836458016024
metabat_SRR13022375.2	age	age	0.025215772078086	0.0418673650033677	221	7	0.54761824150495	0.850836458016024
semibin_SRR5930532.139	gender	male	0.0489304244194375	0.0818088220731368	221	7	0.550392723583066	0.850836458016024
metabat_ERR2162212.52	gender	male	0.018104053513225	0.0301410409433515	221	2	0.5487084317	0.850836458016024
metabat_SRR6000874.22_sub	response	R	-0.0310451794627149	0.0516535346932925	221	6	0.548453190540351	0.850836458016024
metabat_ERR6281500.12	response	R	-0.0293741367411379	0.0489063072083004	221	6	0.54872352448251	0.850836458016024
metabat_SRR23364216.19_sub	response	R	-0.0805389240347563	0.133645862438157	221	25	0.547392056022539	0.850836458016024
metabat_ERR6275673.39	gender	male	0.00597735455197646	0.00999359442980926	221	1	0.550384564445041	0.850836458016024
semibin_ERR6231475.0	age	age	-0.014822723370371	0.0246761496848983	221	5	0.548673482408561	0.850836458016024
metabat_SRR11413610.67	gender	male	0.00597735454745384	0.00999359442979684	221	1	0.550384564745956	0.850836458016024
metabat_ERR6243880.58	response	R	0.0290185172486283	0.0482133694870629	221	7	0.547888211586334	0.850836458016024
maxbin_SRR20881988.013	age	age	-0.0214019788042799	0.0356109271967683	221	8	0.548470810928184	0.850836458016024
metabat_ERR6281518.30	age	age	-0.0136841485006539	0.0227483009598399	221	4	0.548104326672974	0.850836458016024
semibin_SRR11413678.104	gender	male	0.00597735454909563	0.00999359442980144	221	1	0.550384564636709	0.850836458016024
metabat_ERR12406002.26	gender	male	0.00597735455187895	0.00999359442980933	221	1	0.55038456445154	0.850836458016024
maxbin_ERR12405998.001_sub	gender	male	0.00597735454793661	0.00999359442979827	221	1	0.550384564713838	0.850836458016024
maxbin_SRR8387710.003	gender	male	0.00597735454909718	0.00999359442980148	221	1	0.550384564636607	0.850836458016024
metabat_ERR6279664.17	gender	male	0.0116381633435052	0.0193852401106668	221	2	0.548891569352933	0.850836458016024
metabat_SRR8387677.42	response	R	-0.0440725180097113	0.0734004569551409	221	7	0.548840077414276	0.850836458016024
metabat_ERR6254871.61	gender	male	0.00597735454606545	0.00999359442979215	221	1	0.550384564838284	0.850836458016024
metabat_ERR12406013.34	gender	male	0.00597735454782039	0.00999359442979833	221	1	0.550384564721575	0.850836458016024
semibin_ERR6279628.51	gender	male	0.0217969311467708	0.0362086988805557	221	3	0.54781643464266	0.850836458016024
semibin_SRR16168985.93	age	age	-0.0027696065404855	0.00461718015937945	221	1	0.549236397250188	0.850836458016024
metabat_SRR23364198.6	gender	male	0.0059773545495235	0.00999359442980302	221	1	0.550384564608285	0.850836458016024
semibin_ERR12406002.26_sub	response	R	-0.0245950628011397	0.0410872478704079	221	4	0.550062647695915	0.850836458016024
semibin_SRR5930498.39	response	R	-0.0301656676922792	0.0503814897334139	221	4	0.549967408787061	0.850836458016024
semibin_ERR6232458.31	age	age	-0.00276960651359815	0.00461718016088743	221	1	0.549236401254769	0.850836458016024
metabat_ERR6279629.17_sub	gender	male	0.0059773545491766	0.00999359442980148	221	1	0.550384564631321	0.850836458016024
semibin_SRR11413611.51_sub	gender	male	0.00597735454785334	0.00999359442979837	221	1	0.550384564719384	0.850836458016024
semibin_SRR5930495.36	gender	male	0.00597735454651037	0.00999359442979362	221	1	0.550384564808684	0.850836458016024
metabat_SRR5930534.18	gender	male	0.00597735454916499	0.00999359442980141	221	1	0.550384564632091	0.850836458016024
maxbin_SRR5930534.025_sub	gender	male	0.0059773545464453	0.00999359442979366	221	1	0.55038456481303	0.850836458016024
maxbin_SRR16168985.035	age	age	-0.00276960651359628	0.00461718016088695	221	1	0.54923640125502	0.850836458016024
semibin_SRR11413606.34	response	R	0.0835952725881339	0.139855328992196	221	9	0.55064552555234	0.850915147475532
maxbin_SRR5930493.011	age	age	-0.0108650488779959	0.018177583941157	221	2	0.550654040787208	0.850915147475532
metabat_ERR12405998.25	age	age	0.0167707795776851	0.0280885539754382	221	4	0.551084369983871	0.851417456433534
semibin_SRR5930502.48	age	age	0.114759940512747	0.192279505268732	221	101	0.551236939657572	0.851418138641122
metabat_SRR5930519.9	response	R	0.0474757065938077	0.0795569074212991	221	6	0.551295350156226	0.851418138641122
semibin_SRR13068843.42_sub	gender	male	0.0805865301056254	0.135108164495697	221	26	0.551498186076056	0.851521222418326
semibin_SRR5930527.83_sub	response	R	0.0223304274747372	0.0374457330304591	221	5	0.55157266125737	0.851521222418326
metabat_SRR6000949.51_sub	gender	male	0.117038240076585	0.19638783078979	221	46	0.551834298198494	0.851643270776061
semibin_SRR16554704.8_sub	age	age	0.0260728112151786	0.0437912638412834	221	13	0.552209566355126	0.851643270776061
metabat_SRR6000940.58	gender	male	-0.0385520444101979	0.064816921338556	221	8	0.552607778363524	0.851643270776061
metabat_SRR5930506.22	age	age	0.0232185621750381	0.0390024301683631	221	14	0.5522561515642	0.851643270776061
semibin_SRR11413606.50	gender	male	0.034001806134334	0.0572535497675973	221	3	0.553210157667636	0.851643270776061
maxbin_SRR5930495.007_sub	age	age	0.0378398849220009	0.0637293393152659	221	32	0.553299529240977	0.851643270776061
semibin_ERR6279614.25	gender	male	0.0317645942974188	0.0533717395677644	221	10	0.552363339434116	0.851643270776061
semibin_ERR6279677.59_sub	gender	male	0.0356521561119664	0.0600240167586978	221	5	0.55316064374049	0.851643270776061
maxbin_ERR6232527.031_sub	response	R	0.0231621881504913	0.0389468145374391	221	3	0.552659337925437	0.851643270776061
semibin_SRR11413610.13	response	R	0.016620246789462	0.0279898087705425	221	3	0.553266790722841	0.851643270776061
semibin_SRR11413690.24	gender	male	-0.0342179469142423	0.0575855213304098	221	5	0.552990011429265	0.851643270776061
maxbin_SRR16168896.006	response	R	-0.0469834748214553	0.0789285263580591	221	4	0.552285883910492	0.851643270776061
semibin_SRR16168913.75	gender	male	0.00589238763594094	0.00993017931538841	221	1	0.553547066576379	0.851643270776061
metabat_SRR13068843.23	gender	male	0.00589238763616351	0.00993017931539115	221	1	0.553547066561502	0.851643270776061
semibin_SRR13068843.62_sub	age	age	0.0112385925095165	0.0189339858239704	221	4	0.553425467905972	0.851643270776061
semibin_SRR11413657.56	gender	male	0.00589238763610275	0.00993017931539213	221	1	0.553547066565624	0.851643270776061
metabat_SRR16168913.14	gender	male	0.00589238763613559	0.0099301793153898	221	1	0.553547066563346	0.851643270776061
semibin_SRR16168913.53	gender	male	0.00589238763608937	0.00993017931539057	221	1	0.553547066566561	0.851643270776061
semibin_SRR16554789.32	age	age	0.0444602754449648	0.0749593725796541	221	17	0.553715217837093	0.851739954710234
maxbin_SRR16554769.012	gender	male	0.0741148994379916	0.124996667281871	221	14	0.553842767259569	0.851774158888646
metabat_SRR16554702.30	gender	male	0.00587958527693932	0.00992424858912131	221	1	0.55417442721757	0.852122199113252
semibin_SRR5930516.87	gender	male	0.0676308842200027	0.114252345154909	221	6	0.554504927493005	0.852468324189968
metabat_ERR6281942.41_sub	response	R	-0.0345280713182563	0.058346145878089	221	6	0.554617726906755	0.85247969882589
semibin_SRR16554644.20	gender	male	0.00590892013310649	0.00999169396379366	221	1	0.554879219076748	0.852601180492929
semibin_ERR6275670.117	response	R	0.0274988928297129	0.0465026149730212	221	5	0.554907593238721	0.852601180492929
semibin_SRR11413656.101	response	R	0.0426969019805934	0.0722357230683433	221	10	0.555083740016338	0.852709836515127
semibin_SRR16554672.14	age	age	0.0714412715383633	0.120929364274776	221	38	0.555290264900133	0.852865108718624
metabat_SRR11413607.56	age	age	0.00271146805752594	0.00459476825026863	221	1	0.555729544488204	0.852891946076013
metabat_ERR6279670.47	age	age	0.00271146805756747	0.00459476825027162	221	1	0.555729544482417	0.852891946076013
metabat_SRR13068834.6	age	age	0.00271146805800662	0.00459476825029953	221	1	0.555729544420838	0.852891946076013
semibin_SRR5930504.31_sub	response	R	-0.0342394422442194	0.0580081644159812	221	6	0.555641103821213	0.852891946076013
metabat_SRR16554652.48	age	age	0.0443540151612918	0.0752321426867933	221	48	0.556105651838318	0.853161713840586
semibin_SRR20881978.16	response	R	-0.0775150736482162	0.131484645350335	221	15	0.556116290228433	0.853161713840586
maxbin_SRR16554686.012	age	age	-0.0281454716429688	0.0478236345943671	221	14	0.556795127563844	0.854041151476649
semibin_SRR6000932.49_sub	response	R	-0.0781545253538635	0.132854043857376	221	15	0.556961495214685	0.854087953634956
metabat_SRR16554669.42	age	age	0.00685198149460851	0.0116498690372961	221	2	0.557036839196883	0.854087953634956
semibin_SRR11413612.43_sub	age	age	-0.0156588273359999	0.026637148429445	221	4	0.557239984755446	0.854237489898038
maxbin_ERR12405962.011_sub	age	age	0.0876611584276869	0.149201874452509	221	79	0.557456661408182	0.854407708445969
metabat_SRR5930502.31	response	R	0.129913829630118	0.221433835126516	221	37	0.558026072909951	0.854459647004627
semibin_SRR6000902.21	gender	male	0.0450303347941004	0.0766916605894003	221	7	0.557707142660021	0.854459647004627
metabat_SRR20881980.15_sub	age	age	-0.0285203663609788	0.0486170590803831	221	19	0.558067557674741	0.854459647004627
maxbin_SRR16554667.012	response	R	-0.0186958783281251	0.0318750247929418	221	3	0.558124420762296	0.854459647004627
metabat_SRR16554775.6_sub	gender	male	-0.0359294617843328	0.0612251990165268	221	4	0.557920465440173	0.854459647004627
semibin_ERR6279672.47	gender	male	0.0205653995694716	0.0350314793503571	221	3	0.557777667766682	0.854459647004627
semibin_SRR11413678.27	response	R	-0.06479795396825	0.110523972223843	221	14	0.558296953459009	0.854491478180038
semibin_ERR6279647.53	response	R	0.0137021289565397	0.0233748341001973	221	4	0.558356511150037	0.854491478180038
semibin_SRR16168985.72	gender	male	0.0503791740251224	0.0859708869672564	221	13	0.558485792100029	0.854527636493575
semibin_SRR16554706.23	response	R	0.255909042001554	0.437479245813351	221	157	0.559182741916918	0.855432195313795
metabat_SRR6000902.41_sub	age	age	-0.0195756863464154	0.033481147905664	221	7	0.559377089852203	0.855567682058363
maxbin_SRR16554766.008	response	R	0.0535726554451813	0.0916622434800147	221	9	0.559521853056335	0.855627292024889
maxbin_SRR5930534.026_sub	response	R	0.0570459431376225	0.0981209551320189	221	12	0.561585153036691	0.858620173489746
semibin_SRR13022261.21	age	age	0.0317035216650366	0.0545695657401452	221	11	0.561860603906586	0.858878957549889
semibin_ERR6279672.24	gender	male	0.132932505963125	0.234031613665427	221	28	0.570614825416746	0.85920536884542
maxbin_ERR6279667.001	gender	male	-0.145472115298767	0.252337534976688	221	23	0.564876204623282	0.85920536884542
metabat_SRR6000907.39	age	age	-0.0653407023016386	0.113072243896926	221	67	0.563957828853535	0.85920536884542
semibin_SRR5930506.72	response	R	0.0710395885762881	0.125846546442542	221	6	0.573001642216636	0.85920536884542
metabat_ERR12405954.8	response	R	-0.122451577784094	0.213239604850678	221	26	0.566402741130957	0.85920536884542
metabat_SRR11413613.2	gender	male	-0.129846024492441	0.228475750367107	221	27	0.570414882515933	0.85920536884542
metabat_ERR12405985.26	response	R	-0.121656081108624	0.212332198209537	221	26	0.567275992926542	0.85920536884542
metabat_SRR5930527.86	gender	male	0.138841814695798	0.243520588515017	221	40	0.569169824464952	0.85920536884542
semibin_SRR11413657.160_sub	response	R	0.0462275456804619	0.0806776383464617	221	10	0.567244171400745	0.85920536884542
metabat_SRR5930529.3	gender	male	-0.0868220315680462	0.154446210878903	221	19	0.574595937245535	0.85920536884542
semibin_ERR6264280.63	response	R	0.0421664078392747	0.0749755311651796	221	10	0.574422490847366	0.85920536884542
metabat_SRR8387676.2	gender	male	0.146676654678197	0.257449863287587	221	27	0.569450837792133	0.85920536884542
metabat_SRR8387676.2	response	R	0.137665436836859	0.244671625851733	221	27	0.574251413306721	0.85920536884542
maxbin_SRR11413612.015_sub	response	R	-0.104724619110157	0.185919820221981	221	25	0.573828109282451	0.85920536884542
metabat_SRR11413689.40	response	R	0.0943691521779172	0.166833476591033	221	19	0.572220609290487	0.85920536884542
metabat_SRR5930506.102	gender	male	0.0773109225371914	0.136711236375178	221	19	0.572314966834873	0.85920536884542
metabat_SRR16554765.3	response	R	0.108615162675113	0.188498013227526	221	22	0.565068875693599	0.85920536884542
semibin_ERR12405918.0	response	R	-0.0874666312702976	0.154486312036754	221	20	0.571863718015622	0.85920536884542
metabat_ERR12405971.2	response	R	0.0425439744256655	0.0755372146432216	221	6	0.573867436632999	0.85920536884542
maxbin_ERR6281433.007	age	age	-0.0149121067518385	0.0264926770546468	221	10	0.574100025062644	0.85920536884542
maxbin_SRR16554654.005	response	R	-0.0573300465303935	0.100972288127638	221	9	0.570771332916194	0.85920536884542
semibin_SRR5930509.30	age	age	-0.0381163921845049	0.067479280289252	221	23	0.572758007237914	0.85920536884542
maxbin_SRR16554767.018	response	R	0.0674799680525863	0.116319000502469	221	21	0.562432169410356	0.85920536884542
metabat_ERR12405967.40_sub	response	R	-0.0811938017684442	0.14267626265033	221	24	0.569892319034483	0.85920536884542
metabat_SRR16554625.19	gender	male	-0.0663729291887871	0.115555183314662	221	9	0.566303614039959	0.85920536884542
semibin_SRR20881984.48	response	R	0.0543151923020533	0.0940249631644384	221	7	0.564087339607252	0.85920536884542
maxbin_SRR16554651.021_sub	response	R	-0.0754146286145831	0.13336519329496	221	14	0.57233520125252	0.85920536884542
maxbin_SRR16168929.017	response	R	0.0537922498134467	0.0946529586315866	221	18	0.570418078400481	0.85920536884542
metabat_SRR16554625.18	response	R	0.0304034755026221	0.0536982614297799	221	2	0.571848970921272	0.85920536884542
metabat_ERR12405911.26	age	age	0.00524407247754468	0.00928495878670513	221	2	0.572798480883097	0.85920536884542
metabat_SRR13022375.2	gender	male	0.0516081094518935	0.0902447411957008	221	7	0.568003084475131	0.85920536884542
semibin_ERR12405974.73	gender	male	-0.0430097065072817	0.0750103644581622	221	6	0.567005413760568	0.85920536884542
metabat_ERR12405912.7	response	R	-0.0315385475015067	0.0557059252691187	221	3	0.571869060247027	0.85920536884542
semibin_ERR2162202.34	response	R	-0.0404061657089274	0.0702141178052783	221	3	0.565571999845412	0.85920536884542
metabat_SRR25825508.34_sub	response	R	0.0757315088464457	0.131271871018021	221	50	0.564608878752959	0.85920536884542
semibin_SRR13022297.24	gender	male	0.00559984360136544	0.00998962689356309	221	1	0.575671846395324	0.85920536884542
maxbin_SRR16554720.002	gender	male	0.00559984360128064	0.00998962689356309	221	1	0.575671846401099	0.85920536884542
semibin_ERR6281448.54	response	R	-0.0288448961601339	0.050069359894815	221	6	0.565149279931215	0.85920536884542
semibin_ERR6280910.39	age	age	-0.0117897484749251	0.0207747439359602	221	4	0.570963498931841	0.85920536884542
metabat_SRR16554728.6	age	age	0.0220790869402258	0.0384237200938298	221	4	0.566142688054099	0.85920536884542
maxbin_SRR5930510.007_sub	age	age	0.041019788437325	0.0708698095108361	221	43	0.563328948210407	0.85920536884542
semibin_SRR25825497.40_sub	age	age	-0.0118534935477516	0.020477995619329	221	4	0.563301666018925	0.85920536884542
semibin_SRR16554773.62	gender	male	0.0338208951108963	0.0584307414729067	221	2	0.563310781962057	0.85920536884542
semibin_ERR6279627.38	response	R	0.0242813428283368	0.0429364901827288	221	4	0.572307312076773	0.85920536884542
maxbin_SRR5930506.016_sub	age	age	0.0425671003923223	0.0744602681040653	221	23	0.568140660600902	0.85920536884542
semibin_SRR23364225.25	response	R	-0.0451534132508965	0.0791985925529184	221	3	0.569180023050788	0.85920536884542
maxbin_SRR8387676.006	gender	male	0.0795676948764186	0.141689142448538	221	9	0.574991783305001	0.85920536884542
metabat_SRR20881977.30	response	R	0.0503738449376528	0.0884927529269081	221	15	0.569785956374749	0.85920536884542
semibin_SRR25825500.32	age	age	-0.00265175328025738	0.0046323231258902	221	1	0.567612688203315	0.85920536884542
metabat_ERR6275672.30	response	R	0.0312238484141488	0.0554812015992175	221	6	0.574163974612711	0.85920536884542
metabat_SRR13068822.8	gender	male	0.0301471014935576	0.053620343396082	221	6	0.574537902771834	0.85920536884542
semibin_SRR11413609.1	response	R	-0.0182259067548799	0.0322579850012179	221	4	0.572658775019156	0.85920536884542
maxbin_SRR5930501.001	response	R	-0.0208634674291834	0.0360612605012404	221	4	0.563488618307677	0.85920536884542
metabat_ERR6232686.11	gender	male	-0.0488592632134232	0.0847986526389423	221	5	0.565091347354445	0.85920536884542
metabat_SRR16554705.23	age	age	-0.00265175328026053	0.0046323231258902	221	1	0.567612688202855	0.85920536884542
maxbin_SRR11413655.004	age	age	-0.00262351977115827	0.00458497681588794	221	1	0.567783012730082	0.85920536884542
maxbin_SRR11413686.007	age	age	-0.00801184930471277	0.0138230077689892	221	4	0.562783981576956	0.85920536884542
metabat_SRR13022331.11	response	R	0.0626020418472457	0.110571293939931	221	19	0.57186951862727	0.85920536884542
semibin_ERR12405998.55	gender	male	0.0490582213924476	0.0855819876006915	221	6	0.567082057697978	0.85920536884542
semibin_ERR12405998.55	response	R	0.047210034049812	0.0813342208944711	221	6	0.562216898340876	0.85920536884542
semibin_SRR11413613.43	age	age	-0.0371575553526285	0.0641967932053809	221	25	0.563327301443265	0.85920536884542
semibin_SRR11413613.43	gender	male	-0.0780542737830053	0.138603207562529	221	25	0.573922210459147	0.85920536884542
metabat_SRR6000908.20	gender	male	-0.0350666148911296	0.060748040461788	221	9	0.564377832597835	0.85920536884542
maxbin_SRR16554660.011	gender	male	0.00559984360126405	0.00998962689356309	221	1	0.57567184640223	0.85920536884542
semibin_ERR12405928.63	age	age	-0.00265175328026483	0.0046323231258902	221	1	0.567612688202229	0.85920536884542
maxbin_SRR6000892.009	gender	male	0.00970711256247323	0.0172271230841322	221	2	0.573693868908288	0.85920536884542
semibin_SRR11413612.49	gender	male	-0.00895011734954278	0.0158099181697693	221	2	0.57190549229034	0.85920536884542
metabat_SRR20881986.9_sub	response	R	0.0240919807461559	0.0428040532555051	221	4	0.574123735334832	0.85920536884542
semibin_SRR11413645.160	age	age	-0.00265175328025768	0.0046323231258902	221	1	0.567612688203271	0.85920536884542
maxbin_SRR11413691.014	age	age	-0.00262351977116745	0.00458497681588677	221	1	0.56778301272864	0.85920536884542
semibin_SRR16554766.42	gender	male	0.00559984360130434	0.00998962689356308	221	1	0.575671846399488	0.85920536884542
semibin_SRR16554664.19	response	R	0.0165999231006027	0.0295997020634199	221	3	0.57550303944308	0.85920536884542
semibin_ERR6248618.3	age	age	0.0121186734463717	0.0213962011861259	221	6	0.571718175772419	0.85920536884542
metabat_ERR6243879.9	response	R	0.0269623981895322	0.047799623259965	221	5	0.573288086867266	0.85920536884542
metabat_ERR6281518.30	response	R	-0.0262974144083861	0.0466000285558953	221	4	0.573117927839864	0.85920536884542
metabat_SRR5930528.91	gender	male	0.0299025419368397	0.0521956220299339	221	6	0.567310994515277	0.85920536884542
semibin_SRR20881988.10	response	R	0.020873193343875	0.0369289699091193	221	4	0.572504335552674	0.85920536884542
maxbin_SRR13068847.041_sub	response	R	0.0442314597702501	0.0778696859460868	221	13	0.570615310801276	0.85920536884542
semibin_SRR16554632.31_sub	age	age	0.0204102398206886	0.0353275153990118	221	4	0.564036678398445	0.85920536884542
metabat_SRR5930514.24_sub	gender	male	0.0170647731696612	0.0295227451893457	221	2	0.563853572865788	0.85920536884542
semibin_SRR5930532.72	gender	male	-0.0422253541761745	0.0738967747056271	221	9	0.568318958584799	0.85920536884542
semibin_SRR5930515.39_sub	age	age	-0.00852724009387542	0.0147819847601785	221	3	0.564627810150107	0.85920536884542
metabat_ERR12405920.28	age	age	-0.0193858361786873	0.0342496681240048	221	9	0.571972428523077	0.85920536884542
maxbin_ERR6281942.014	age	age	0.0084724805854922	0.014731845016888	221	2	0.565810467232164	0.85920536884542
maxbin_SRR5930504.019	response	R	0.0414142638711833	0.0730211687159965	221	6	0.57119817815383	0.85920536884542
semibin_ERR6281344.40	response	R	-0.0342107899837642	0.0598781535052129	221	6	0.568361640921012	0.85920536884542
semibin_ERR12405976.64	gender	male	0.0166013177688694	0.0288966875306028	221	2	0.56622058914616	0.85920536884542
maxbin_SRR16554744.010	response	R	-0.0363091753509356	0.0645682994849449	221	8	0.574470216957391	0.85920536884542
metabat_SRR13068853.29	age	age	-0.00262351973890387	0.00458497681815136	221	1	0.567783017678131	0.85920536884542
metabat_ERR6275678.3	gender	male	0.00559984360113319	0.00998962689356309	221	1	0.575671846411144	0.85920536884542
maxbin_SRR20881987.014_sub	age	age	-0.0154191762872397	0.0267860449466555	221	8	0.565455044322345	0.85920536884542
maxbin_ERR6254871.004	age	age	-0.00265175328025816	0.00463232312589019	221	1	0.567612688203201	0.85920536884542
maxbin_ERR6275680.033	gender	male	0.00559984360120017	0.00998962689356309	221	1	0.575671846406579	0.85920536884542
metabat_ERR6281518.47	age	age	-0.0140011486233479	0.0245863454070641	221	4	0.569632470026641	0.85920536884542
semibin_SRR25825512.2_sub	age	age	-0.00265175328025785	0.0046323231258902	221	1	0.567612688203246	0.85920536884542
maxbin_SRR16554633.011	response	R	0.0428309072466006	0.0758926765167457	221	7	0.573094329078964	0.85920536884542
semibin_SRR16554660.115	gender	male	0.00559984360135487	0.00998962689356309	221	1	0.575671846396042	0.85920536884542
semibin_SRR16168985.93	gender	male	0.00573777704240384	0.00996829168896356	221	1	0.565482360516194	0.85920536884542
semibin_SRR16554766.58	gender	male	0.0055998436011855	0.00998962689356309	221	1	0.575671846407583	0.85920536884542
metabat_SRR6000920.5_sub	gender	male	-0.0229829802729952	0.0403047418124173	221	5	0.569117686598703	0.85920536884542
semibin_SRR6000908.41	gender	male	0.00559984360135153	0.00998962689356309	221	1	0.575671846396273	0.85920536884542
semibin_SRR16554715.26	age	age	-0.00265175328025047	0.00463232312589019	221	1	0.56761268820432	0.85920536884542
semibin_SRR16554660.121	gender	male	0.00559984360117838	0.00998962689356309	221	1	0.575671846408071	0.85920536884542
semibin_SRR5930522.7_sub	age	age	0.0135558107915699	0.0237518618052481	221	4	0.568779790047773	0.85920536884542
maxbin_ERR12405990.012	age	age	-0.00265175328026596	0.0046323231258902	221	1	0.567612688202063	0.85920536884542
semibin_ERR6232458.31	gender	male	0.00573777712283535	0.00996829169185375	221	1	0.565482355183409	0.85920536884542
metabat_SRR5930499.54	age	age	0.0115229534338821	0.0201892129481036	221	2	0.568761697931752	0.85920536884542
metabat_SRR11413649.70	age	age	-0.00265175328025661	0.0046323231258902	221	1	0.567612688203427	0.85920536884542
maxbin_SRR5930509.015_sub	age	age	0.00688499169712282	0.0122359184403751	221	3	0.574231129095661	0.85920536884542
metabat_ERR6239139.1	gender	male	0.00559984360140478	0.00998962689356309	221	1	0.575671846392638	0.85920536884542
semibin_ERR6279628.5	response	R	0.0356261196560895	0.0616015909222367	221	5	0.563640269251344	0.85920536884542
metabat_ERR6232525.20	gender	male	0.00559984360120889	0.00998962689356309	221	1	0.57567184640599	0.85920536884542
maxbin_ERR12406009.012	gender	male	0.00559984360137515	0.00998962689356309	221	1	0.575671846394661	0.85920536884542
maxbin_ERR6232527.009	gender	male	0.00559984360133874	0.00998962689356309	221	1	0.575671846397144	0.85920536884542
metabat_SRR16554660.15	gender	male	0.0055998436013657	0.00998962689356309	221	1	0.575671846395307	0.85920536884542
maxbin_ERR12405998.009	age	age	-0.00265175328025617	0.0046323231258902	221	1	0.567612688203491	0.85920536884542
metabat_ERR6281341.34	gender	male	-0.0222340114891292	0.0386188495273744	221	4	0.565399911480281	0.85920536884542
semibin_ERR6275661.3	gender	male	0.00559984360133752	0.0099896268935631	221	1	0.575671846397222	0.85920536884542
metabat_SRR25825520.1	gender	male	0.0055998436012808	0.0099896268935631	221	1	0.575671846401088	0.85920536884542
metabat_SRR16554766.44	gender	male	0.00559984360128566	0.00998962689356311	221	1	0.57567184640076	0.85920536884542
metabat_SRR16554660.33	gender	male	0.00559984360121047	0.00998962689356309	221	1	0.575671846405881	0.85920536884542
semibin_SRR5930493.116	age	age	0.0131654099302014	0.0232809840455787	221	3	0.572317846441531	0.85920536884542
metabat_SRR25825506.40	age	age	-0.0026517532802579	0.0046323231258902	221	1	0.56761268820324	0.85920536884542
semibin_SRR23364201.31	response	R	0.01820677713684	0.0323815780105082	221	3	0.574521091686992	0.85920536884542
metabat_SRR23364231.73	age	age	0.00265929175027526	0.00461529011976597	221	1	0.565083009217431	0.85920536884542
metabat_SRR16554766.36	gender	male	0.00559984360136095	0.00998962689356309	221	1	0.575671846395631	0.85920536884542
metabat_SRR16554766.26	gender	male	0.00559984360129018	0.0099896268935631	221	1	0.575671846400448	0.85920536884542
maxbin_SRR16168985.035	gender	male	0.00573777712261069	0.00996829169185282	221	1	0.565482355198603	0.85920536884542
semibin_SRR6000901.38	age	age	-0.0114757640485736	0.0204842736755763	221	2	0.575906995542575	0.859397745377923
semibin_ERR6279614.29	age	age	0.0754558948324781	0.134941279384961	221	56	0.57662527691963	0.859675257769676
metabat_SRR16168938.24_sub	gender	male	0.0352435136062105	0.0629942736987206	221	4	0.576416900617978	0.859675257769676
maxbin_SRR11413617.028_sub	age	age	-0.0115445453527231	0.0206346196384368	221	4	0.576419758413104	0.859675257769676
semibin_SRR5930536.9	gender	male	-0.0959399351540696	0.17176527839005	221	30	0.577049576462855	0.859675257769676
metabat_SRR16168984.8_sub	gender	male	0.0763327419298395	0.136400904102368	221	38	0.576323005031466	0.859675257769676
maxbin_SRR13068845.006_sub	age	age	-0.00380534157174163	0.00680963215814739	221	2	0.576862487713243	0.859675257769676
semibin_SRR5930498.69	response	R	-0.0421984156777541	0.0755043350847163	221	7	0.57681491080976	0.859675257769676
metabat_ERR6281000.35	gender	male	-0.0259875020793691	0.0465242438229308	221	4	0.577024652901332	0.859675257769676
metabat_SRR16168920.6	gender	male	0.033994727552094	0.0607872771387976	221	3	0.57657988502713	0.859675257769676
metabat_SRR16554726.23	age	age	0.0276784489859013	0.0495914138418219	221	9	0.577331090686302	0.859926184261107
semibin_SRR23364178.13	response	R	-0.0452733863823395	0.0811369687144935	221	10	0.577430651177309	0.859926184261107
semibin_SRR23364230.133	response	R	-0.0107857204499681	0.0193368797255743	221	2	0.577575639386133	0.859956546480899
metabat_ERR12405957.9	age	age	0.0134048549504673	0.0240451856680797	221	2	0.577770014042681	0.859956546480899
maxbin_SRR5930499.010	age	age	0.00890249704687012	0.0159679076544744	221	2	0.577746349409377	0.859956546480899
semibin_SRR11413649.35	gender	male	0.0190354841591679	0.0341696164438353	221	2	0.578041420010433	0.86004396707954
metabat_SRR20881981.21_sub	age	age	-0.00637686494690213	0.0114449067694745	221	4	0.577979294128486	0.86004396707954
semibin_SRR11413613.8	gender	male	0.0195499729185274	0.0351128538268096	221	4	0.578254656466131	0.860202990895358
metabat_SRR16168943.6	gender	male	0.0220029649030554	0.0395647188999916	221	2	0.57869851120316	0.860546710537076
semibin_SRR16554647.24	age	age	-0.0341808705608651	0.061455838155906	221	12	0.578656828772537	0.860546710537076
maxbin_ERR6235718.012	response	R	-0.041002157906382	0.0738836943529413	221	7	0.579496718373066	0.861416919353309
semibin_SRR11413610.21	age	age	-0.0186899695161842	0.0336711946779028	221	6	0.579416478355889	0.861416919353309
semibin_SRR6000945.4	age	age	0.0990426364853112	0.181779984206372	221	101	0.586420092478638	0.86147512783913
maxbin_SRR13068842.057_sub	age	age	0.0406164864788956	0.0755461566273913	221	25	0.591377897580669	0.86147512783913
maxbin_SRR16554755.007_sub	gender	male	-0.162723190340669	0.307162788900516	221	69	0.59681977724742	0.86147512783913
maxbin_SRR16554707.013	gender	male	-0.200870791701518	0.363647932495841	221	68	0.581258505751421	0.86147512783913
maxbin_ERR2162206.004	gender	male	-0.083161509104287	0.154870869856692	221	11	0.591836250297394	0.86147512783913
metabat_SRR5930523.5	gender	male	0.146092842773365	0.280386516170524	221	59	0.602869572683042	0.86147512783913
metabat_SRR16554746.22	response	R	0.190152809713938	0.343278731203638	221	67	0.580199857876033	0.86147512783913
metabat_SRR16554626.7	gender	male	-0.154024683490759	0.296055970341591	221	60	0.603421656803608	0.86147512783913
metabat_SRR16554626.7	response	R	0.147644524771984	0.280574307019709	221	60	0.599275738520753	0.86147512783913
maxbin_SRR16554789.001	gender	male	0.0650083777813607	0.118114872172818	221	18	0.582623045274341	0.86147512783913
semibin_SRR16554739.16	gender	male	0.140814201385484	0.269143949235383	221	57	0.601376698356425	0.86147512783913
metabat_SRR13022323.1	response	R	0.135412902918256	0.252455131352433	221	66	0.592243064215262	0.86147512783913
semibin_ERR2162202.11	gender	male	0.151977320200325	0.285254831166999	221	69	0.594735228270746	0.86147512783913
maxbin_SRR5930515.007	response	R	-0.157705438113357	0.298036804265218	221	58	0.597246020354439	0.86147512783913
semibin_SRR25825502.47_sub	response	R	0.0894324679813551	0.166288123883159	221	27	0.591257874235123	0.86147512783913
metabat_SRR11413686.5	age	age	0.0339866833659618	0.0656125251101726	221	22	0.604992424100675	0.86147512783913
metabat_SRR5930514.58	gender	male	0.128506250884266	0.242815689763592	221	26	0.597184475631208	0.86147512783913
semibin_ERR6281434.136	gender	male	-0.00784600935585498	0.014908410185799	221	2	0.59923127217472	0.86147512783913
semibin_SRR6000896.44	response	R	-0.114842312721685	0.215045645777484	221	26	0.59386621680351	0.86147512783913
metabat_SRR16554651.15	response	R	0.0470402308397759	0.0873656415539735	221	13	0.590832491629051	0.86147512783913
semibin_SRR11413617.49	gender	male	0.135004597312705	0.251655938476973	221	27	0.592186766540397	0.86147512783913
maxbin_SRR5930504.027	gender	male	-0.0941878983891344	0.181067721141615	221	30	0.603468052319279	0.86147512783913
maxbin_SRR23364191.039_sub	response	R	0.073330180170557	0.136256573213183	221	17	0.591008228932951	0.86147512783913
semibin_ERR12405971.54	response	R	-0.0188872673094647	0.0364610907865066	221	3	0.604980360472382	0.86147512783913
maxbin_SRR16554686.012	response	R	0.0536331454209193	0.0978519607611314	221	14	0.584186288482518	0.86147512783913
semibin_SRR16554681.27	response	R	0.051343960542726	0.0974654499712761	221	9	0.598876534342976	0.86147512783913
semibin_ERR6275663.33	response	R	0.0740507538078484	0.134060683953734	221	13	0.581265128976881	0.86147512783913
metabat_SRR23364171.43_sub	response	R	0.0553249459671188	0.106686103534639	221	15	0.604584683943158	0.86147512783913
maxbin_ERR2162217.004	gender	male	0.0448235611305724	0.0826882037859284	221	6	0.588320104004582	0.86147512783913
metabat_SRR5930526.41	age	age	-0.0429072227919006	0.0817449923305077	221	29	0.60019469671655	0.86147512783913
metabat_ERR6233695.21_sub	age	age	0.0231245588473715	0.0431322503959163	221	13	0.592418357752271	0.86147512783913
maxbin_SRR16554722.014	response	R	0.059495616297125	0.108304160357324	221	23	0.583344259589132	0.86147512783913
metabat_SRR11413613.3	gender	male	0.0826493466126169	0.155812128849405	221	14	0.596347686305986	0.86147512783913
semibin_SRR5930529.122	gender	male	0.0568668011096252	0.105018810680143	221	10	0.58872692454755	0.86147512783913
semibin_ERR12405997.136	response	R	-0.0199176299192766	0.0370102235678352	221	3	0.591016922997328	0.86147512783913
metabat_SRR16554671.17_sub	age	age	0.0270537026704533	0.05117216060634	221	8	0.59756769721049	0.86147512783913
metabat_ERR12405976.51	age	age	0.0075183833322415	0.0137263969346729	221	4	0.584439053778554	0.86147512783913
semibin_ERR12405985.19	response	R	0.0636862979798292	0.117434195638525	221	18	0.588161478396893	0.86147512783913
semibin_ERR12405959.88	response	R	-0.0188589749219104	0.0363480773946174	221	3	0.604400825119932	0.86147512783913
semibin_SRR16554656.6	gender	male	-0.0728041774895411	0.140266384638986	221	16	0.604264506319742	0.86147512783913
semibin_ERR6275667.19	response	R	-0.0191101794302242	0.0357865379745027	221	3	0.593887514075742	0.86147512783913
maxbin_SRR11413688.023_sub	response	R	-0.0606561255223925	0.116268530728047	221	10	0.602419174559539	0.86147512783913
metabat_SRR5930494.40_sub	response	R	0.0856122683489584	0.157624932378439	221	21	0.587592599311871	0.86147512783913
metabat_SRR11413607.10	age	age	-0.0265368873742103	0.0496038536516144	221	14	0.593213993386589	0.86147512783913
semibin_ERR12405959.9	response	R	-0.0642950508394731	0.122062781397212	221	13	0.598913866210267	0.86147512783913
metabat_SRR20881979.25	age	age	0.0277007904742252	0.0520026898422372	221	13	0.594800187554219	0.86147512783913
metabat_SRR5930498.104	age	age	0.0271214383335231	0.0516071567768998	221	12	0.599747818157782	0.86147512783913
semibin_SRR23364193.49_sub	response	R	-0.020509105905131	0.038390629814652	221	3	0.593737670220227	0.86147512783913
metabat_ERR2162202.27	age	age	-0.013927312383253	0.0253969894452303	221	7	0.583991730303349	0.86147512783913
metabat_SRR25825502.66	age	age	-0.00874386671838064	0.01608581598161	221	3	0.58729112898757	0.86147512783913
semibin_ERR6279669.86	gender	male	-0.0254447598186518	0.0484765317130339	221	7	0.600200763318661	0.86147512783913
metabat_ERR2162205.19	response	R	0.0206279485994422	0.0387977447284048	221	2	0.595496200696847	0.86147512783913
metabat_SRR5930498.82	response	R	-0.095441967596992	0.180153746654934	221	28	0.596805638678793	0.86147512783913
metabat_SRR13068843.53_sub	response	R	0.0866899654566093	0.158962137554972	221	45	0.58608018166469	0.86147512783913
semibin_SRR11413645.40	age	age	0.0024067369454478	0.00463293957677845	221	1	0.603952883271371	0.86147512783913
semibin_SRR11413645.40	gender	male	0.00529076706952831	0.00998626097075993	221	1	0.596789049523007	0.86147512783913
semibin_SRR11413614.4	age	age	0.00240673694545017	0.00463293957677844	221	1	0.603952883271003	0.86147512783913
semibin_SRR11413614.4	gender	male	0.00529076706950009	0.00998626097075991	221	1	0.596789049524952	0.86147512783913
semibin_SRR11413686.11	age	age	0.00240673694545589	0.00463293957677844	221	1	0.603952883270152	0.86147512783913
semibin_SRR11413686.11	gender	male	0.00529076706943391	0.00998626097075992	221	1	0.596789049529548	0.86147512783913
maxbin_SRR11413690.006	age	age	0.00240673694544405	0.00463293957677844	221	1	0.603952883271931	0.86147512783913
maxbin_SRR11413690.006	gender	male	0.00529076706957058	0.00998626097075992	221	1	0.596789049520075	0.86147512783913
maxbin_SRR11413687.011	age	age	0.00240673694545226	0.00463293957677844	221	1	0.603952883270696	0.86147512783913
maxbin_SRR11413687.011	gender	male	0.00529076706948094	0.00998626097075992	221	1	0.596789049526282	0.86147512783913
semibin_SRR5930507.86	response	R	-0.112851775684763	0.21211581527995	221	20	0.595254644952527	0.86147512783913
semibin_ERR12405920.42	age	age	0.00240673694544442	0.00463293957677844	221	1	0.60395288327188	0.86147512783913
semibin_ERR12405920.42	gender	male	0.00529076706956585	0.00998626097075992	221	1	0.596789049520407	0.86147512783913
semibin_SRR25825513.40	age	age	0.00240673694544933	0.00463293957677844	221	1	0.603952883271137	0.86147512783913
semibin_SRR25825513.40	gender	male	0.00529076706950959	0.00998626097075992	221	1	0.596789049524302	0.86147512783913
metabat_SRR25825505.1	age	age	0.0024067369454579	0.00463293957677844	221	1	0.603952883269845	0.86147512783913
metabat_SRR25825505.1	gender	male	0.00529076706941042	0.00998626097075991	221	1	0.596789049531176	0.86147512783913
semibin_SRR16554773.62	age	age	-0.0148790279572072	0.0271078530255693	221	2	0.583650358019725	0.86147512783913
semibin_SRR16554756.28	age	age	0.0361597064380077	0.0674230934495555	221	10	0.592293390297075	0.86147512783913
metabat_SRR20881981.18	age	age	0.0280012699288092	0.0534451865655974	221	15	0.600871609086676	0.86147512783913
semibin_ERR6279619.56	age	age	0.0125015338728882	0.0235724829564175	221	5	0.596420950292862	0.86147512783913
semibin_SRR5930518.8	gender	male	-0.0617891971959914	0.119185776306317	221	25	0.604694143942059	0.86147512783913
semibin_ERR12405915.41_sub	response	R	0.0626903147669119	0.118584342742662	221	12	0.597585517411812	0.86147512783913
semibin_SRR11413657.19	age	age	0.00240673694544801	0.00463293957677844	221	1	0.603952883271329	0.86147512783913
semibin_SRR11413657.19	gender	male	0.00529076706952364	0.00998626097075991	221	1	0.596789049523327	0.86147512783913
maxbin_ERR6279654.010	gender	male	-0.0311888682829232	0.0593903590083352	221	4	0.600016280777589	0.86147512783913
maxbin_SRR20881977.005	age	age	-0.0162580221669045	0.03133038310938	221	5	0.604348056204572	0.86147512783913
maxbin_SRR5930506.016_sub	gender	male	-0.0879933992768232	0.160765933628191	221	23	0.584715411073716	0.86147512783913
semibin_SRR16554721.63	age	age	-0.0213759750666644	0.03986116658092	221	3	0.592327712134006	0.86147512783913
semibin_ERR12406004.33	response	R	-0.00731610732818218	0.0139647611004487	221	2	0.600884300096646	0.86147512783913
semibin_SRR16554769.96	age	age	-0.00793040174851723	0.014540677344545	221	2	0.586042551168664	0.86147512783913
maxbin_SRR16168984.014_sub	age	age	-0.0230356491354262	0.0442753604740079	221	13	0.603403324241128	0.86147512783913
metabat_SRR23364237.27	age	age	0.00240673694545796	0.00463293957677844	221	1	0.603952883269842	0.86147512783913
metabat_SRR23364237.27	gender	male	0.00529076706941498	0.00998626097075992	221	1	0.59678904953086	0.86147512783913
maxbin_SRR13068845.006_sub	response	R	-0.00733844621806473	0.0139495716003155	221	2	0.599377040529645	0.86147512783913
semibin_ERR12405998.4	age	age	0.00240673694545097	0.00463293957677844	221	1	0.603952883270887	0.86147512783913
semibin_ERR12405998.4	gender	male	0.00529076706949498	0.00998626097075993	221	1	0.596789049525315	0.86147512783913
metabat_ERR6279652.15_sub	response	R	0.0240839498831338	0.0435209000742891	221	4	0.580568852446055	0.86147512783913
semibin_SRR8387676.49	age	age	0.0191296993207788	0.0368010516474067	221	7	0.603727955042702	0.86147512783913
semibin_SRR25825510.23_sub	age	age	0.0024067369454497	0.00463293957677844	221	1	0.603952883271082	0.86147512783913
semibin_SRR25825510.23_sub	gender	male	0.00529076706950486	0.00998626097075992	221	1	0.59678904952463	0.86147512783913
metabat_ERR6275671.44	gender	male	0.00531035064939047	0.00997431395729131	221	1	0.594993916912735	0.86147512783913
semibin_ERR6236131.31	age	age	0.00240673694545558	0.00463293957677844	221	1	0.603952883270197	0.86147512783913
semibin_ERR6236131.31	gender	male	0.00529076706943883	0.00998626097075993	221	1	0.596789049529205	0.86147512783913
semibin_SRR5930533.15	age	age	0.0166235934098187	0.0304340014209343	221	6	0.585478637987794	0.86147512783913
semibin_SRR6000909.33	response	R	0.0308106425413795	0.0558214703815414	221	7	0.581554535171371	0.86147512783913
semibin_SRR13068851.47	age	age	0.00240673694545597	0.00463293957677844	221	1	0.603952883270139	0.86147512783913
semibin_SRR13068851.47	gender	male	0.0052907670694341	0.00998626097075992	221	1	0.596789049529535	0.86147512783913
semibin_ERR12405998.20	response	R	-0.0254678434755406	0.0484635396497622	221	3	0.599769430870326	0.86147512783913
maxbin_ERR6271719.005_sub	response	R	-0.044010181641312	0.0806442241807942	221	9	0.585810320845481	0.86147512783913
metabat_SRR5930501.50	response	R	-0.0373107131048248	0.0701257321526932	221	10	0.595233896707428	0.86147512783913
semibin_ERR6282070.31	gender	male	0.0133518149020854	0.0244603921958568	221	2	0.585726883229394	0.86147512783913
semibin_ERR12405952.12	response	R	0.0167440811879411	0.0307150811288886	221	3	0.586216919534791	0.86147512783913
metabat_SRR8387681.3	age	age	0.0263733394016126	0.0502060427359743	221	21	0.599915437138131	0.86147512783913
maxbin_SRR5930517.014_sub	age	age	-0.0103727431895219	0.0197333402803868	221	6	0.599671201432233	0.86147512783913
semibin_SRR6000946.20_sub	gender	male	0.0142626512326736	0.0266365997476022	221	2	0.59288507823018	0.86147512783913
maxbin_SRR13068822.004	age	age	0.00240673694544329	0.00463293957677844	221	1	0.603952883272043	0.86147512783913
maxbin_SRR13068822.004	gender	male	0.00529076706958004	0.00998626097075992	221	1	0.596789049519412	0.86147512783913
metabat_SRR25825506.38	age	age	0.00240673694545728	0.00463293957677844	221	1	0.603952883269939	0.86147512783913
metabat_SRR25825506.38	gender	male	0.00529076706942442	0.00998626097075992	221	1	0.596789049530202	0.86147512783913
maxbin_SRR16554749.005	age	age	0.0138660352831575	0.0258455863519863	221	6	0.592166142922973	0.86147512783913
maxbin_SRR8387676.033_sub	gender	male	0.0281912702591188	0.0525395791307125	221	5	0.592118954329319	0.86147512783913
metabat_ERR12405913.30	response	R	0.0225135396506777	0.0432172105450834	221	4	0.602941527330524	0.86147512783913
metabat_ERR6279655.36	gender	male	0.0389374812130548	0.0716013133176114	221	7	0.587131714595044	0.86147512783913
semibin_SRR5930504.41	gender	male	0.0814490160548375	0.148999060852882	221	29	0.585194050432232	0.86147512783913
metabat_ERR12405922.1	age	age	0.0153343190379505	0.0277264162044155	221	6	0.580793444179937	0.86147512783913
metabat_SRR13068834.12	age	age	0.00240673694544346	0.00463293957677844	221	1	0.603952883272018	0.86147512783913
metabat_SRR13068834.12	gender	male	0.00529076706957539	0.00998626097075993	221	1	0.596789049519739	0.86147512783913
maxbin_SRR5930531.010	gender	male	-0.00872495461929518	0.0159917021981934	221	2	0.5859063921945	0.86147512783913
maxbin_SRR5930531.010	response	R	-0.00839337826697441	0.0151979718575262	221	2	0.581331998983085	0.86147512783913
semibin_ERR12405916.52	gender	male	0.0303383593349919	0.0583371745937811	221	4	0.603557520248471	0.86147512783913
maxbin_SRR16554769.014_sub	age	age	0.00240673694545085	0.00463293957677844	221	1	0.603952883270905	0.86147512783913
maxbin_SRR16554769.014_sub	gender	male	0.00529076706949502	0.00998626097075992	221	1	0.596789049525307	0.86147512783913
semibin_SRR25825513.29	age	age	0.00240673694545035	0.00463293957677844	221	1	0.603952883270984	0.86147512783913
semibin_SRR25825513.29	gender	male	0.00529076706949545	0.00998626097075992	221	1	0.596789049525283	0.86147512783913
metabat_ERR12405984.6	age	age	0.00485865912638987	0.0090196673847782	221	2	0.590664062734019	0.86147512783913
metabat_ERR6281341.18_sub	response	R	0.03765442229531	0.0705402899587484	221	6	0.594028751771214	0.86147512783913
metabat_ERR6271721.70	age	age	-0.0150134308848204	0.0287296615252462	221	5	0.601802702970698	0.86147512783913
semibin_SRR11413683.16	gender	male	0.0290423916650044	0.053266952097515	221	5	0.586165888059815	0.86147512783913
metabat_SRR13068845.7_sub	response	R	0.0221496943174052	0.04155330186061	221	4	0.594549327458076	0.86147512783913
semibin_ERR6267712.33	response	R	0.0238996492190079	0.044946482883321	221	4	0.595454260407588	0.86147512783913
metabat_ERR12405997.40_sub	age	age	0.00240673694545593	0.00463293957677844	221	1	0.603952883270146	0.86147512783913
metabat_ERR12405997.40_sub	gender	male	0.00529076706943279	0.00998626097075992	221	1	0.596789049529626	0.86147512783913
semibin_SRR25825505.21	age	age	0.00240673694545406	0.00463293957677844	221	1	0.603952883270426	0.86147512783913
semibin_SRR25825505.21	gender	male	0.00529076706945755	0.00998626097075992	221	1	0.596789049527908	0.86147512783913
semibin_SRR11413606.56	age	age	0.0169730458204464	0.0323210413526915	221	7	0.600023179558374	0.86147512783913
maxbin_SRR25825517.009_sub	response	R	0.0197820895140905	0.0379519388055668	221	4	0.602732368871613	0.86147512783913
metabat_SRR11413687.66	gender	male	0.0170638512395973	0.0313217574998286	221	2	0.586457565576281	0.86147512783913
metabat_ERR6239139.39	age	age	-0.0161552383515039	0.0309973454505393	221	5	0.60277207523964	0.86147512783913
maxbin_SRR11413612.039_sub	age	age	-0.00631084313744054	0.011880992956197	221	3	0.595843296946518	0.86147512783913
semibin_SRR5930503.63	age	age	0.0128383236823705	0.023833041740347	221	2	0.590663157617203	0.86147512783913
semibin_ERR6279654.44_sub	age	age	-0.00574963231634422	0.0110610511236367	221	4	0.603726760460963	0.86147512783913
maxbin_ERR6275673.009_sub	age	age	0.0243265266642204	0.0448079683853152	221	15	0.587758082820556	0.86147512783913
metabat_SRR16554744.18	response	R	0.044752845413901	0.086123706587806	221	6	0.603848688374158	0.86147512783913
semibin_SRR16554644.4	response	R	0.0352774796524302	0.0660254248334082	221	7	0.593681476151712	0.86147512783913
metabat_ERR6275674.73	age	age	0.0024849142230783	0.00460154868482323	221	1	0.589740007167163	0.86147512783913
metabat_SRR16554652.47	response	R	-0.0337250272964131	0.0625697059989503	221	7	0.590442397531352	0.86147512783913
metabat_ERR12405949.30_sub	age	age	0.009270523578122	0.0178853657010574	221	2	0.604757935119776	0.86147512783913
metabat_ERR12405949.30_sub	gender	male	0.0204750970946667	0.0386131196484963	221	2	0.596473432234104	0.86147512783913
metabat_ERR12405959.36	gender	male	0.0440272086950283	0.0836941932036948	221	7	0.599391676251678	0.86147512783913
semibin_SRR5930515.39_sub	response	R	-0.0167719913896801	0.0302743795124358	221	3	0.580150015726701	0.86147512783913
semibin_SRR16554760.16	response	R	0.0409817829675468	0.0785636666985865	221	8	0.602456441780336	0.86147512783913
semibin_SRR25825500.13	gender	male	-0.0112742745544812	0.0213295369367695	221	3	0.597644316522648	0.86147512783913
maxbin_ERR12406011.031	age	age	-0.0183653804142796	0.034074910831522	221	7	0.590465003077616	0.86147512783913
maxbin_SRR16168896.006	age	age	0.0203463279651168	0.038529801966884	221	4	0.597992219704754	0.86147512783913
maxbin_SRR16554743.001_sub	gender	male	0.00544530533538554	0.00998810635892667	221	1	0.586190344819803	0.86147512783913
maxbin_SRR5930502.001	response	R	-0.021768400012227	0.0408351748873957	221	4	0.594524958381176	0.86147512783913
semibin_ERR12405942.29	gender	male	0.0304613994419425	0.0576567225515447	221	3	0.59781563918736	0.86147512783913
metabat_ERR12405943.44_sub	age	age	0.0086567687549818	0.016501471228766	221	2	0.600392697736589	0.86147512783913
semibin_SRR5930520.180	response	R	-0.0261703921997517	0.0472786436379412	221	4	0.580470973713156	0.86147512783913
maxbin_SRR25825500.013_sub	age	age	0.00240673694545566	0.00463293957677844	221	1	0.603952883270181	0.86147512783913
maxbin_SRR25825500.013_sub	gender	male	0.00529076706943858	0.00998626097075993	221	1	0.596789049529224	0.86147512783913
semibin_SRR11413608.121	age	age	0.00240673694545544	0.00463293957677844	221	1	0.603952883270225	0.86147512783913
semibin_SRR11413608.121	gender	male	0.00529076706943866	0.00998626097075992	221	1	0.596789049529223	0.86147512783913
metabat_SRR5930493.50_sub	gender	male	0.0215814896930834	0.0405720906093027	221	4	0.595319016032407	0.86147512783913
semibin_SRR16168930.147	response	R	0.0412642416726695	0.0781619174718813	221	8	0.598088225029701	0.86147512783913
metabat_SRR25825516.12	response	R	-0.00851643688525026	0.0158011896474321	221	2	0.590457023649827	0.86147512783913
metabat_ERR12405932.24	response	R	-0.00788202916976316	0.014265476665831	221	2	0.581157538675791	0.86147512783913
maxbin_SRR13068819.002	gender	male	0.00516771018359138	0.00997564588451423	221	1	0.604965176009063	0.86147512783913
metabat_ERR12405984.37	gender	male	0.00519276052684206	0.00993299851199682	221	1	0.601661571277783	0.86147512783913
maxbin_SRR11413645.052	age	age	0.00240673694545111	0.00463293957677844	221	1	0.603952883270865	0.86147512783913
maxbin_SRR11413645.052	gender	male	0.00529076706949078	0.00998626097075992	221	1	0.596789049525602	0.86147512783913
maxbin_SRR16168926.001_sub	gender	male	0.00531035064997316	0.00997431395730959	221	1	0.594993916873039	0.86147512783913
metabat_ERR6275668.55	gender	male	0.00531035065294925	0.00997431395741431	221	1	0.594993916670683	0.86147512783913
metabat_SRR11413618.92	age	age	0.00603731281910583	0.0110118632574726	221	2	0.584080155798781	0.86147512783913
metabat_SRR16554769.49	age	age	0.00240673694544131	0.00463293957677844	221	1	0.603952883272337	0.86147512783913
metabat_SRR16554769.49	gender	male	0.00529076706960395	0.00998626097075992	221	1	0.596789049517756	0.86147512783913
semibin_SRR5930495.18	response	R	-0.0345097582169628	0.0656117976374803	221	5	0.59944966187983	0.86147512783913
semibin_SRR16168940.67	gender	male	0.0369034230235285	0.0689549069194848	221	3	0.593083697819576	0.86147512783913
metabat_SRR5930520.89	response	R	0.0176857145292304	0.0320768885224902	221	3	0.581958429425009	0.86147512783913
metabat_SRR16554726.7	gender	male	0.005501837058576	0.009940897039986	221	1	0.580521812505403	0.86147512783913
maxbin_SRR11413687.052	age	age	0.00240673694544273	0.00463293957677844	221	1	0.603952883272123	0.86147512783913
maxbin_SRR11413687.052	gender	male	0.00529076706958921	0.00998626097075992	221	1	0.596789049518778	0.86147512783913
semibin_SRR23364208.18	age	age	0.00240673694545294	0.00463293957677844	221	1	0.603952883270595	0.86147512783913
semibin_SRR23364208.18	gender	male	0.00529076706946604	0.00998626097075992	221	1	0.59678904952732	0.86147512783913
metabat_SRR11413692.37	response	R	0.0150788124243262	0.0290449829784817	221	3	0.604183759102158	0.86147512783913
metabat_SRR5930501.36	response	R	-0.0295070128151367	0.0553053022336787	221	5	0.594213113733988	0.86147512783913
metabat_SRR16554634.5	gender	male	0.00534729879255761	0.00993711167856823	221	1	0.591049846210091	0.86147512783913
metabat_ERR6279677.13	gender	male	0.00531035060784634	0.0099743139558374	221	1	0.594993919738351	0.86147512783913
semibin_SRR25825501.10	age	age	0.0024067369454515	0.00463293957677845	221	1	0.603952883270815	0.86147512783913
semibin_SRR25825501.10	gender	male	0.00529076706948582	0.00998626097075993	221	1	0.596789049525953	0.86147512783913
semibin_SRR11413689.52	age	age	0.0024067369454488	0.00463293957677844	221	1	0.603952883271215	0.86147512783913
semibin_SRR11413689.52	gender	male	0.00529076706951394	0.00998626097075993	221	1	0.596789049523999	0.86147512783913
maxbin_SRR16554769.019	age	age	0.00240673694545936	0.00463293957677844	221	1	0.603952883269629	0.86147512783913
maxbin_SRR16554769.019	gender	male	0.00529076706939599	0.00998626097075992	221	1	0.59678904953217	0.86147512783913
semibin_SRR16554769.30_sub	age	age	0.00240673694544722	0.00463293957677844	221	1	0.603952883271448	0.86147512783913
semibin_SRR16554769.30_sub	gender	male	0.00529076706953312	0.00998626097075992	221	1	0.596789049522665	0.86147512783913
maxbin_SRR16554652.018	gender	male	-0.0160302811397744	0.0296999495957147	221	3	0.58992906934887	0.86147512783913
metabat_ERR6280907.57	gender	male	-0.0306863079738076	0.0559749903404826	221	4	0.584110088033611	0.86147512783913
semibin_SRR16554634.50_sub	gender	male	0.00534729879255802	0.00993711167856824	221	1	0.591049846210068	0.86147512783913
metabat_SRR11413645.9	age	age	0.00240673694545622	0.00463293957677844	221	1	0.603952883270103	0.86147512783913
metabat_SRR11413645.9	gender	male	0.0052907670694377	0.00998626097075992	221	1	0.596789049529286	0.86147512783913
semibin_SRR23364222.14_sub	age	age	-0.0070016084258254	0.0128040948247049	221	3	0.585060342662129	0.86147512783913
metabat_SRR11413649.13	age	age	0.00240673694544976	0.00463293957677844	221	1	0.603952883271066	0.86147512783913
metabat_SRR11413649.13	gender	male	0.00529076706950484	0.00998626097075991	221	1	0.59678904952463	0.86147512783913
metabat_SRR16168926.39	gender	male	0.00531035060779979	0.00997431395583763	221	1	0.594993919741591	0.86147512783913
semibin_SRR5930498.76	age	age	0.00637379132178833	0.012133067893054	221	2	0.599896837642179	0.86147512783913
semibin_ERR6279655.13	gender	male	-0.0170464019803835	0.0312940167775822	221	3	0.586507099646047	0.86147512783913
semibin_SRR20881974.54	age	age	0.0038787446812926	0.00715936189426365	221	2	0.588536938091158	0.86147512783913
metabat_ERR12405965.31_sub	gender	male	0.00534729879270491	0.00993711167856823	221	1	0.591049846199871	0.86147512783913
maxbin_SRR11413611.022	age	age	0.00240673694544972	0.00463293957677844	221	1	0.60395288327108	0.86147512783913
maxbin_SRR11413611.022	gender	male	0.00529076706950486	0.00998626097075992	221	1	0.596789049524631	0.86147512783913
maxbin_SRR16554786.015	response	R	-0.00718643415296145	0.0137665146826633	221	2	0.602186925414034	0.86147512783913
metabat_ERR6281432.10	gender	male	0.00534729879269024	0.00993711167856822	221	1	0.591049846200893	0.86147512783913
metabat_SRR11413619.62	age	age	0.00248491422307522	0.00460154868482389	221	1	0.589740007167687	0.86147512783913
metabat_SRR16554769.37	age	age	0.00240673694544433	0.00463293957677844	221	1	0.603952883271883	0.86147512783913
metabat_SRR16554769.37	gender	male	0.00529076706957069	0.00998626097075991	221	1	0.596789049520066	0.86147512783913
semibin_SRR11413657.63_sub	age	age	0.0024067369454448	0.00463293957677844	221	1	0.603952883271818	0.86147512783913
semibin_SRR11413657.63_sub	gender	male	0.0052907670695657	0.00998626097075992	221	1	0.596789049520412	0.86147512783913
maxbin_SRR16554769.027_sub	age	age	0.00240673694544364	0.00463293957677844	221	1	0.60395288327199	0.86147512783913
maxbin_SRR16554769.027_sub	gender	male	0.00529076706957074	0.00998626097075992	221	1	0.596789049520057	0.86147512783913
semibin_SRR16554769.38	age	age	0.00240673694544955	0.00463293957677844	221	1	0.603952883271103	0.86147512783913
semibin_SRR16554769.38	gender	male	0.0052907670695047	0.00998626097075991	221	1	0.596789049524634	0.86147512783913
semibin_SRR5930499.76	age	age	0.00248491422309947	0.00460154868482555	221	1	0.589740007164188	0.86147512783913
metabat_SRR23364231.73	gender	male	0.00541668364411773	0.00995992185347978	221	1	0.587104405922981	0.86147512783913
semibin_SRR16554743.1	gender	male	0.00544530533548476	0.00998810635892667	221	1	0.58619034481299	0.86147512783913
semibin_SRR5930501.25	gender	male	0.0151596798651554	0.0282727800456464	221	2	0.592374309423437	0.86147512783913
maxbin_SRR16554651.012_sub	gender	male	0.0236413512914767	0.043486171458075	221	2	0.587238932978639	0.86147512783913
semibin_SRR13068816.46	age	age	0.00240673694544856	0.00463293957677844	221	1	0.603952883271248	0.86147512783913
semibin_SRR13068816.46	gender	male	0.00529076706950531	0.00998626097075992	221	1	0.596789049524594	0.86147512783913
metabat_SRR5930499.34	age	age	0.00248491422307402	0.00460154868482361	221	1	0.589740007167827	0.86147512783913
metabat_SRR5930499.2	age	age	0.00248491422310527	0.00460154868482664	221	1	0.589740007163402	0.86147512783913
semibin_SRR5930502.3	gender	male	0.00523984785567344	0.0099964192991586	221	1	0.600693576458078	0.86147512783913
metabat_SRR5930502.18	gender	male	0.00523984785562007	0.00999641929915865	221	1	0.60069357646178	0.86147512783913
metabat_SRR5930502.48	gender	male	0.00523984785573268	0.00999641929915873	221	1	0.600693576453965	0.86147512783913
semibin_SRR5930498.70	age	age	0.00677274672072329	0.01309100285528	221	4	0.605435819017848	0.861687332307864
maxbin_SRR16168941.009_sub	age	age	-0.0351998181755279	0.0681019879843574	221	30	0.605780683914752	0.861687332307864
metabat_ERR6275675.41	gender	male	-0.0490825149536769	0.0949422518197012	221	8	0.605701996084984	0.861687332307864
metabat_ERR6279664.50	age	age	-0.0157423765160336	0.0304405413174357	221	5	0.605577175652624	0.861687332307864
maxbin_SRR5930529.023_sub	gender	male	-0.0518102152545422	0.100103980919316	221	14	0.605295982282851	0.861687332307864
maxbin_SRR13068843.042_sub	age	age	-0.00957941419531871	0.0185176724336487	221	8	0.605471496454132	0.861687332307864
metabat_SRR16554713.7	response	R	0.136834387796258	0.265043196499029	221	65	0.606190399109813	0.862118506769856
semibin_SRR23364192.60	response	R	-0.0184005268991182	0.0356527876723918	221	3	0.606310066224631	0.862137098386923
maxbin_SRR5930521.014	response	R	0.0830644455885298	0.16099664766013	221	60	0.606429160174535	0.862154868604612
semibin_SRR11413683.102	response	R	0.0978180842837471	0.190272034106958	221	23	0.607708299152916	0.862748645277787
metabat_ERR12405979.29_sub	response	R	-0.018264128417757	0.0354563696216454	221	3	0.606998996950319	0.862748645277787
semibin_SRR13022432.11	response	R	-0.0196644413295336	0.0382462882811625	221	3	0.607670663137394	0.862748645277787
maxbin_SRR16168920.025	age	age	-0.0353034256075299	0.0686441920537441	221	31	0.607575383358963	0.862748645277787
maxbin_SRR5930510.007_sub	response	R	-0.0745801656683729	0.145101114215721	221	43	0.607790188582711	0.862748645277787
metabat_ERR6281342.23	response	R	0.0371157054001676	0.0722146768169925	221	7	0.607806847279035	0.862748645277787
maxbin_SRR5930493.033_sub	age	age	-0.0185178137336304	0.036026632156424	221	5	0.607773110004337	0.862748645277787
metabat_ERR6279644.24_sub	response	R	0.0112319760287146	0.0218502264113994	221	4	0.607744719633736	0.862748645277787
semibin_SRR5930494.35	gender	male	0.0217075407219295	0.0422064352010355	221	3	0.607552878359971	0.862748645277787
maxbin_SRR5930505.002	gender	male	0.0137381359098087	0.0267544597519176	221	2	0.608136111360863	0.863064549690588
semibin_ERR6232458.12	response	R	0.0425209716646214	0.0828898973736546	221	12	0.60848669395393	0.863332768654219
maxbin_SRR16554706.002	response	R	0.0352457910931816	0.0687177957208188	221	5	0.608538589774691	0.863332768654219
semibin_SRR11413692.14	response	R	0.0405158237047581	0.0790657770191328	221	5	0.608869967907524	0.86365140309296
semibin_ERR2162215.11	response	R	-0.0264353061753569	0.0516254796546235	221	4	0.609132683639767	0.863721098400847
maxbin_ERR6275659.013_sub	gender	male	0.00795339199242215	0.0155317375188654	221	2	0.609123043177053	0.863721098400847
metabat_SRR5930494.64	response	R	-0.100229483015025	0.19620438528236	221	28	0.609986578393562	0.863869772485446
metabat_SRR6000877.7	gender	male	-0.154921657107158	0.303039968539706	221	93	0.609719228472744	0.863869772485446
maxbin_SRR11413607.019	response	R	0.0480288625077012	0.093862494864507	221	14	0.60938559180736	0.863869772485446
metabat_ERR6279682.1	age	age	-0.0157099370038533	0.0307383643015532	221	5	0.609814658047746	0.863869772485446
metabat_SRR16168926.8	response	R	-0.0463556460154725	0.0907361956879693	221	8	0.609952643092177	0.863869772485446
maxbin_SRR11413607.012	age	age	0.00569208358925464	0.0111459357214564	221	2	0.610092005494173	0.863869772485446
maxbin_SRR5930503.014	gender	male	0.0127514190534714	0.0249479967377485	221	2	0.609788796145164	0.863869772485446
semibin_SRR13022285.12	response	R	-0.0177460608771162	0.0346943422447568	221	4	0.609526953775732	0.863869772485446
semibin_SRR16168940.58	gender	male	0.0246359944654259	0.0482718210601349	221	2	0.610320191243373	0.86404160804768
maxbin_SRR25825512.008	gender	male	0.025232429450157	0.0495848984390801	221	5	0.611363714606631	0.865367470027727
metabat_ERR6282383.6_sub	gender	male	-0.0344960082966488	0.0678553750461478	221	6	0.611706473803599	0.865701130380317
maxbin_SRR16168918.066	response	R	0.0148100550319468	0.0291609480611041	221	3	0.612059625974187	0.866049379789927
semibin_SRR13068826.50	response	R	-0.00762604385277505	0.0150322013723243	221	2	0.612451770245618	0.866149662134387
maxbin_SRR13068842.001	gender	male	0.0050382222608713	0.00992855713286597	221	1	0.612356147499298	0.866149662134387
metabat_SRR16554758.22	age	age	-0.0132508096071388	0.026106918797376	221	2	0.612277902675183	0.866149662134387
semibin_SRR16554655.39	gender	male	0.1915115054481	0.378039006909893	221	119	0.612958352853247	0.866456468672509
semibin_SRR5930503.63	gender	male	0.0260741940088253	0.0514515249005985	221	2	0.612830324815969	0.866456468672509
metabat_ERR6281342.22	response	R	-0.0410713786269138	0.0810817920686351	221	4	0.612990098138489	0.866456468672509
semibin_SRR5930502.48	gender	male	0.209240651842459	0.414456801588024	221	101	0.614172882384055	0.866559105016445
maxbin_ERR6279655.020	response	R	-0.110151814404622	0.21876233691176	221	60	0.615109936705206	0.866559105016445
semibin_ERR12405998.5_sub	gender	male	-0.0530533364592226	0.105449068268978	221	11	0.61539151050208	0.866559105016445
semibin_SRR5930503.42	age	age	0.0169772157038934	0.0337110477526582	221	8	0.615047783399856	0.866559105016445
metabat_ERR12406012.5	gender	male	0.077349313307703	0.152804301264779	221	34	0.613237506847878	0.866559105016445
semibin_SRR23364199.41	response	R	0.062530049237122	0.124225343365427	221	25	0.615227496587557	0.866559105016445
semibin_ERR6267712.18	response	R	0.0813532131847103	0.161247140436171	221	47	0.614410994616335	0.866559105016445
maxbin_ERR6279659.009_sub	age	age	-0.00971362773275838	0.0192249054971233	221	4	0.613891325249716	0.866559105016445
semibin_SRR5930498.70	response	R	-0.0135025432798232	0.0267842169811568	221	4	0.614688885384348	0.866559105016445
semibin_ERR6275661.76	age	age	0.00965568588964313	0.0191343316402389	221	2	0.614333413876176	0.866559105016445
semibin_SRR5930533.29	age	age	0.0349960795995943	0.0696050711280864	221	22	0.615634102055452	0.866559105016445
metabat_SRR13022427.3_sub	gender	male	0.0375724244515767	0.0746766367341098	221	7	0.615379708216911	0.866559105016445
metabat_SRR16168930.22_sub	age	age	0.0218496527338625	0.0433249604389984	221	9	0.614548066892961	0.866559105016445
metabat_SRR25825502.64	response	R	0.0220091199259531	0.0434908532244408	221	4	0.613327273583314	0.866559105016445
maxbin_ERR6279654.009_sub	age	age	-0.0156750756509543	0.0310168761964003	221	5	0.613810354883492	0.866559105016445
maxbin_ERR6232521.007	gender	male	0.00502498542869628	0.00997664043665344	221	1	0.615002477729721	0.866559105016445
semibin_ERR6279679.10	gender	male	0.00502498542880368	0.009976640436657	221	1	0.615002477722349	0.866559105016445
semibin_ERR6275674.52	age	age	0.010061730263825	0.0199332396736825	221	5	0.614233887652292	0.866559105016445
semibin_SRR5930515.71	gender	male	-0.0256018726088131	0.0509072119262633	221	4	0.615540498341651	0.866559105016445
semibin_SRR20881977.6	age	age	-0.0137115862906148	0.0272239628102416	221	5	0.615012130724365	0.866559105016445
metabat_SRR8387676.9	gender	male	0.00502498553510298	0.0099766404403094	221	1	0.615002470375485	0.866559105016445
semibin_SRR16168902.6	gender	male	0.00502498553339788	0.00997664044025129	221	1	0.615002470493358	0.866559105016445
metabat_SRR5930527.53_sub	response	R	0.027506244916873	0.0546861719173661	221	5	0.61549018307064	0.866559105016445
maxbin_ERR6275668.045	response	R	-0.0187381007703891	0.037071314526589	221	4	0.613749955784538	0.866559105016445
semibin_SRR16554673.8	response	R	0.0219893781378982	0.0437684217273234	221	2	0.615893646370215	0.866622792596086
semibin_SRR13022423.21	age	age	0.00472982137072263	0.00941183161537186	221	2	0.615797363973227	0.866622792596086
metabat_SRR11413618.24	age	age	0.0152566574045999	0.0303818541210525	221	7	0.616062438621562	0.866709515319394
metabat_SRR25825493.27	response	R	-0.100026896480409	0.199291706583801	221	29	0.616244143294313	0.866757826388875
metabat_SRR16554703.42	age	age	0.0128913234261554	0.0256896108389496	221	3	0.616311110232742	0.866757826388875
metabat_ERR2162214.7	age	age	-0.054636570228859	0.1101679929364	221	31	0.620444286269	0.866899746488273
maxbin_SRR5930507.045	response	R	-0.103329578742517	0.208955117559072	221	21	0.6214496451705	0.866899746488273
semibin_ERR6281434.136	age	age	-0.00342336850600929	0.00690615626346928	221	2	0.620610181227834	0.866899746488273
metabat_SRR5930530.79	response	R	0.116596471468925	0.234591305338633	221	24	0.619678420128229	0.866899746488273
metabat_ERR6281433.28	gender	male	-0.0762451427590135	0.152163521896442	221	18	0.616827132609206	0.866899746488273
semibin_SRR20881983.27	response	R	0.080483085474421	0.162044655473529	221	28	0.619927086866058	0.866899746488273
metabat_SRR20881975.42	gender	male	-0.073244652939242	0.146804675983539	221	21	0.618340003119847	0.866899746488273
metabat_SRR16554785.19	age	age	0.0267257091912192	0.0539670893972098	221	22	0.620950099316697	0.866899746488273
maxbin_SRR16168909.004_sub	response	R	0.0472517584689408	0.0942665867141328	221	10	0.616700807355993	0.866899746488273
metabat_ERR12405912.60_sub	age	age	0.00737814987128394	0.0147806851087391	221	5	0.618161722111701	0.866899746488273
metabat_SRR5930509.43	age	age	-0.0341465390276823	0.0686221256807865	221	24	0.619273693520546	0.866899746488273
maxbin_ERR6281499.005	age	age	-0.00331516608059781	0.00668509179241543	221	2	0.620463776790647	0.866899746488273
semibin_SRR5930533.29	gender	male	0.0743652512772172	0.150285140839784	221	22	0.621228039894184	0.866899746488273
semibin_ERR6281505.10	response	R	0.024868644669547	0.049950993139343	221	2	0.619088622164887	0.866899746488273
semibin_SRR16554752.21	response	R	0.042557919441269	0.085976441764581	221	6	0.621104383720043	0.866899746488273
maxbin_ERR6279676.023_sub	age	age	-0.00332074682749489	0.00667359601740994	221	2	0.619273497220841	0.866899746488273
maxbin_SRR20881981.003	age	age	0.0162452981146385	0.0328000896623895	221	6	0.620902141335252	0.866899746488273
semibin_SRR5930520.41	gender	male	0.0193119703063654	0.0388441775114388	221	2	0.619577252455557	0.866899746488273
maxbin_SRR11413610.006	response	R	-0.0186827748471426	0.0373869294098715	221	4	0.61778453292749	0.866899746488273
metabat_SRR25825496.4_sub	response	R	-0.0351795767617249	0.0705744254228738	221	10	0.618657340126205	0.866899746488273
metabat_ERR12405955.18	gender	male	0.00494403488456932	0.00999523947265417	221	1	0.621355408177572	0.866899746488273
semibin_SRR5930497.45	gender	male	0.00494403488432315	0.00999523947265382	221	1	0.621355408194926	0.866899746488273
semibin_ERR12405943.41	gender	male	0.00494403488430789	0.0099952394726538	221	1	0.621355408196001	0.866899746488273
maxbin_SRR16554744.010	gender	male	0.0337052814386509	0.0681340317368303	221	8	0.621322640816397	0.866899746488273
semibin_ERR6275680.30	gender	male	0.00494403488448751	0.00999523947265417	221	1	0.62135540818334	0.866899746488273
maxbin_SRR5930508.022	gender	male	0.0107899563041484	0.0216599500303806	221	2	0.618883331531668	0.866899746488273
semibin_SRR5930497.77	gender	male	0.00494403488446798	0.00999523947265394	221	1	0.621355408184705	0.866899746488273
maxbin_SRR16554626.019	gender	male	0.00498169053763552	0.0099815948814146	221	1	0.618223232409426	0.866899746488273
metabat_SRR23364199.7	response	R	0.0297044331503157	0.0594992140738793	221	7	0.618118932627821	0.866899746488273
maxbin_SRR5930503.016	gender	male	0.00494403488438529	0.009995239472654	221	1	0.621355408190544	0.866899746488273
semibin_ERR12405997.23	gender	male	0.00494403488425967	0.00999523947265385	221	1	0.621355408199404	0.866899746488273
semibin_SRR13068843.2	gender	male	0.00494403488447787	0.00999523947265389	221	1	0.621355408184014	0.866899746488273
metabat_ERR12405943.50_sub	gender	male	0.00494403488437327	0.009995239472654	221	1	0.621355408191399	0.866899746488273
metabat_SRR11413657.28	gender	male	0.00494403488430851	0.00999523947265382	221	1	0.621355408195951	0.866899746488273
metabat_ERR12405953.12	gender	male	0.00494403488432458	0.00999523947265375	221	1	0.621355408194825	0.866899746488273
maxbin_SRR5930503.012_sub	gender	male	0.00494403488424697	0.00999523947265376	221	1	0.621355408200296	0.866899746488273
semibin_SRR5930503.7	gender	male	0.00494403488449398	0.00999523947265422	221	1	0.621355408182891	0.866899746488273
semibin_SRR5930503.28_sub	gender	male	0.00494403488436231	0.00999523947265397	221	1	0.621355408192165	0.866899746488273
maxbin_SRR5930503.005	gender	male	0.00494403488446769	0.00999523947265411	221	1	0.621355408184739	0.866899746488273
maxbin_SRR5930503.019	gender	male	0.00494403488428302	0.00999523947265375	221	1	0.621355408197748	0.866899746488273
maxbin_SRR5930497.013	gender	male	0.00494403488434338	0.0099952394726541	221	1	0.621355408193508	0.866899746488273
maxbin_SRR5930503.013_sub	gender	male	0.00494403488433262	0.00999523947265385	221	1	0.621355408194249	0.866899746488273
semibin_SRR5930503.75	gender	male	0.00494403488438669	0.00999523947265403	221	1	0.62135540819045	0.866899746488273
metabat_SRR23364187.55	gender	male	0.00498169053778039	0.0099815948814146	221	1	0.61822323239922	0.866899746488273
semibin_SRR5930497.42	gender	male	0.00494403488420153	0.00999523947265378	221	1	0.621355408203502	0.866899746488273
metabat_SRR5930503.100	gender	male	0.00494403488428676	0.00999523947265375	221	1	0.621355408197482	0.866899746488273
metabat_SRR5930503.67	gender	male	0.00494403488430618	0.0099952394726538	221	1	0.62135540819612	0.866899746488273
semibin_SRR16168913.74	response	R	0.0644680624526964	0.130415614304005	221	19	0.621574747739232	0.866924738698897
semibin_SRR5930528.71	response	R	-0.02771259592888	0.0561337103276515	221	7	0.622028564721127	0.867124171610555
metabat_ERR6275664.11	response	R	0.0218273516017435	0.0442002879674093	221	4	0.621928160190461	0.867124171610555
semibin_ERR6279619.36	response	R	0.0220560933355058	0.0446777455013359	221	4	0.622039372364545	0.867124171610555
metabat_ERR12405967.40_sub	gender	male	-0.0739784720649743	0.150127683117496	221	24	0.622673095997201	0.867858004553741
semibin_ERR6279654.44_sub	response	R	0.0111540052095182	0.0226462288391409	221	4	0.622841207664198	0.867942744243286
maxbin_SRR5930504.047_sub	response	R	-0.0255826246297075	0.0519977737538213	221	4	0.623224241666053	0.868326902083555
metabat_SRR16554779.30	response	R	0.193324402479492	0.393599089253575	221	147	0.623804047667758	0.86872681907192
metabat_SRR20881983.26_sub	response	R	0.0494496981003832	0.100677032990882	221	13	0.623804919986145	0.86872681907192
semibin_SRR5930515.84	gender	male	-0.00748547349268734	0.0152414451545323	221	2	0.623833502122862	0.86872681907192
metabat_SRR16554777.35	gender	male	0.0158703002361816	0.0323455556567116	221	2	0.624170813703691	0.869046917065838
semibin_ERR6279646.18	response	R	0.0218146403635152	0.0444911028129702	221	4	0.624407897287695	0.869227379219083
semibin_SRR16554648.6	age	age	0.0329385516685652	0.0672588274658313	221	24	0.624820879921552	0.869306414625724
maxbin_ERR12406001.019	gender	male	0.0140971317585256	0.0287853915360989	221	2	0.62481816309978	0.869306414625724
semibin_ERR6230340.24	response	R	0.0214362036489589	0.0437415178285126	221	4	0.62458398883601	0.869306414625724
semibin_SRR25825504.54	response	R	0.0214455623576621	0.0437999067151731	221	4	0.624894596270272	0.869306414625724
metabat_SRR6000932.38	age	age	-0.00740760030584936	0.0151507513496388	221	2	0.625389862969836	0.869845780171975
metabat_SRR25825507.13_sub	response	R	0.0799477370778201	0.16368247251987	221	28	0.625741377874395	0.870017878484683
metabat_SRR13068837.8	gender	male	0.0212683440109922	0.0435558609983997	221	2	0.625830141443348	0.870017878484683
metabat_ERR2162202.27	response	R	-0.0253616906300816	0.0519851538397465	221	7	0.626139444190764	0.870017878484683
metabat_ERR6275677.54	gender	male	0.0701048431830494	0.143657997154822	221	22	0.626049532689575	0.870017878484683
semibin_SRR20881984.71	response	R	-0.0218596358473311	0.0448093381985032	221	6	0.626159009725438	0.870017878484683
metabat_SRR16554650.26	response	R	-0.0361728538787112	0.0741477209041588	221	6	0.626149695031677	0.870017878484683
semibin_SRR11413689.105	age	age	-0.0154776096853062	0.0317667531651342	221	7	0.626590945537611	0.870468493216798
metabat_SRR20881978.24	response	R	-0.162124054543152	0.333461001170314	221	97	0.627329458846172	0.870793075419323
metabat_ERR6281505.14	response	R	-0.125200658331969	0.257953846371234	221	60	0.627912590135157	0.870793075419323
metabat_SRR16554747.15	gender	male	0.122574137481935	0.253152815448038	221	27	0.628739126640148	0.870793075419323
metabat_ERR2162221.27	response	R	-0.0510155667398952	0.105528658570307	221	9	0.629278904692018	0.870793075419323
semibin_SRR8387681.3	response	R	-0.0514363640357175	0.105834128458207	221	15	0.627452650700734	0.870793075419323
metabat_ERR12405944.28_sub	gender	male	0.0151200257160975	0.0311198157390661	221	2	0.627553208210736	0.870793075419323
semibin_ERR12405967.93	gender	male	0.0209607097844526	0.0432296516644244	221	4	0.628258497468054	0.870793075419323
metabat_SRR16168920.1	response	R	-0.0553571500232009	0.113918396041333	221	9	0.627506322224718	0.870793075419323
metabat_ERR6279665.25	response	R	0.0216670516494254	0.0446295618384357	221	4	0.627822254890189	0.870793075419323
semibin_ERR6279674.62	age	age	-0.00327910587196556	0.00675980043755221	221	2	0.628102449839275	0.870793075419323
metabat_SRR23364240.26_sub	response	R	0.0230465014023317	0.0475286996806548	221	2	0.628241141053737	0.870793075419323
semibin_SRR20881987.31	age	age	0.0235143804314528	0.0483623280904659	221	6	0.627306976724485	0.870793075419323
metabat_SRR16554727.13_sub	gender	male	0.00482715227180922	0.00997877372417823	221	1	0.629056747961419	0.870793075419323
maxbin_ERR12406013.003	age	age	-0.00222074566547399	0.00459402651089431	221	1	0.629300881036183	0.870793075419323
metabat_SRR5930522.11	age	age	0.0220341426108427	0.0453922030022276	221	8	0.62787411576767	0.870793075419323
metabat_SRR6000949.29	gender	male	-0.019020190061209	0.0391754560466791	221	3	0.627805016055365	0.870793075419323
metabat_ERR6257997.12	age	age	0.0105386211060869	0.0217903070805216	221	6	0.629133437443056	0.870793075419323
semibin_ERR6281341.23_sub	age	age	-0.00222074566547305	0.00459402651089433	221	1	0.629300881036329	0.870793075419323
semibin_SRR16554777.37	response	R	0.0275396758592851	0.0569310944178963	221	2	0.629060325298971	0.870793075419323
metabat_ERR6281518.71	age	age	-0.00222074566546993	0.00459402651089459	221	1	0.629300881036838	0.870793075419323
metabat_SRR13068825.48	age	age	-0.00222074566547043	0.00459402651089455	221	1	0.629300881036751	0.870793075419323
semibin_SRR5930522.26	age	age	-0.0022207456654702	0.00459402651089468	221	1	0.629300881036791	0.870793075419323
maxbin_ERR6275652.027	age	age	-0.00222074566547791	0.00459402651089441	221	1	0.629300881035577	0.870793075419323
semibin_SRR5930511.52	response	R	0.185898463690364	0.385391766566739	221	110	0.630035726998895	0.87144480017989
semibin_SRR20881980.162	age	age	0.0352966284585789	0.0731583415335112	221	23	0.629964584735587	0.87144480017989
semibin_SRR25825498.35	response	R	0.0210383149620526	0.043622713205013	221	4	0.630095102800692	0.87144480017989
metabat_SRR16554631.3	response	R	0.0449379627914116	0.0932266175699941	221	4	0.630270931994086	0.871538946481137
maxbin_SRR5930532.015	response	R	0.021145910692819	0.0439072240362767	221	2	0.6305739286096	0.871808877708453
semibin_SRR20881976.18_sub	response	R	0.0691116645673714	0.143644747926274	221	35	0.630915561785944	0.871989091990069
metabat_SRR25825501.63	response	R	0.0211360058104487	0.0439311939015501	221	4	0.630919901870164	0.871989091990069
maxbin_SRR16554656.025	gender	male	-0.0519080176320683	0.107997709365443	221	9	0.631256600479537	0.872007409851153
semibin_SRR23364171.89	response	R	-0.0430950190603596	0.0896418269867115	221	13	0.63118215899302	0.872007409851153
metabat_SRR16554788.7	age	age	-0.0227159976033489	0.0472460556531034	221	4	0.631141632072871	0.872007409851153
semibin_SRR16554693.19	gender	male	0.127886990739456	0.266395620045208	221	28	0.63166531509315	0.872125139718914
metabat_SRR5930514.54	gender	male	0.0121851999953003	0.0253682841988525	221	2	0.631481386454671	0.872125139718914
metabat_SRR23364187.36	gender	male	-0.00820126485386442	0.0170820857138149	221	2	0.631633413752547	0.872125139718914
semibin_SRR16554633.6	response	R	0.0757188485569295	0.158177180797969	221	28	0.63263659149036	0.872155564824048
semibin_SRR5930504.118_sub	gender	male	-0.0834024431674718	0.17422827493751	221	28	0.632641707074709	0.872155564824048
semibin_SRR11413678.27	age	age	0.0258120799885695	0.0539534558526982	221	14	0.63283733098946	0.872155564824048
semibin_SRR5930520.79_sub	age	age	-0.0116893132131639	0.024372222851911	221	4	0.631986780329466	0.872155564824048
metabat_SRR6000940.3	gender	male	-0.0669020527143615	0.13991802121485	221	20	0.633028791148506	0.872155564824048
maxbin_SRR11413655.007	response	R	0.0130008727048089	0.0271888510254001	221	3	0.633012195163532	0.872155564824048
metabat_SRR13022432.6	response	R	-0.0551448327585013	0.115233761625186	221	11	0.63274234856964	0.872155564824048
maxbin_SRR13022272.005	response	R	-0.0206838872651037	0.0432075557954047	221	4	0.63262791213363	0.872155564824048
maxbin_SRR25825521.011	age	age	-0.0115153314837741	0.0240368557839972	221	4	0.632373375907593	0.872155564824048
maxbin_SRR16168986.013_sub	response	R	0.0237751439167943	0.049672045773291	221	2	0.632677161847742	0.872155564824048
semibin_ERR6279671.28_sub	age	age	-0.00743329028800736	0.0155512446916044	221	3	0.633144314875374	0.872155564824048
semibin_SRR5930528.78	age	age	-0.0253189107004585	0.052833955011746	221	10	0.632267083778206	0.872155564824048
semibin_SRR13022461.32	age	age	-0.00728788993318419	0.0152494164180816	221	3	0.633197017389566	0.872155564824048
semibin_SRR5930501.71	age	age	-0.00627873266868148	0.013113691410753	221	2	0.632568574328815	0.872155564824048
semibin_ERR12405946.2	age	age	-0.00739152744085636	0.0154789494830085	221	3	0.633475197159617	0.872390157436912
maxbin_SRR5930517.002	response	R	0.0327093246130307	0.068531348916486	221	8	0.633638671678844	0.872426316702391
metabat_ERR12405922.10_sub	response	R	-0.0777382189079003	0.162913174486533	221	23	0.633717187268366	0.872426316702391
semibin_ERR6232458.12	gender	male	-0.0416123939038563	0.0873222425950483	221	12	0.634172297470227	0.872640313633386
metabat_SRR16554697.2	response	R	0.045284234973197	0.0950411368881063	221	5	0.634219101008921	0.872640313633386
semibin_SRR5930501.110_sub	age	age	0.0180133224022484	0.0378273110575105	221	5	0.634412097448604	0.872640313633386
semibin_SRR5930532.72	age	age	-0.0163154729805173	0.0342248032457271	221	9	0.634049536357197	0.872640313633386
semibin_ERR12405916.3	age	age	-0.00736690580523811	0.015469441610734	221	3	0.634398138180736	0.872640313633386
metabat_SRR16554704.2	response	R	-0.0460804689222587	0.0968332919838857	221	7	0.634642702347884	0.872809076107751
semibin_ERR6279620.6	response	R	0.0218273273229102	0.0459105997624463	221	2	0.634960154773	0.873097200238699
semibin_SRR23364230.99	response	R	-0.0225855085656128	0.0475212421743544	221	5	0.635072675809775	0.873103484948064
maxbin_SRR16168945.044	gender	male	0.00473927854647754	0.00997761806521691	221	1	0.635272796734033	0.873230180146985
maxbin_SRR25825518.002	age	age	-0.0102795851986405	0.0216515897536808	221	3	0.635427047335225	0.873293790798182
maxbin_SRR16554665.003	gender	male	0.185610914271281	0.406912551916716	221	86	0.648742492022946	0.873364366106474
semibin_SRR11413691.42	age	age	-0.0758185119112278	0.161477614607314	221	51	0.639163107212713	0.873364366106474
semibin_SRR16554716.24	response	R	0.131435016762697	0.278034422143299	221	73	0.63688143583967	0.873364366106474
metabat_SRR16554669.41_sub	response	R	0.0983433447901452	0.209990555735592	221	51	0.640029068745835	0.873364366106474
semibin_ERR12405961.23	response	R	0.053312009867338	0.114395255350561	221	6	0.641659672692994	0.873364366106474
semibin_SRR5930523.22	age	age	0.0497006231906534	0.107051451919851	221	58	0.642926872549376	0.873364366106474
metabat_ERR12405997.59	response	R	-0.0984287318081793	0.213424121993348	221	27	0.645129251969705	0.873364366106474
metabat_SRR11413613.2	response	R	-0.101552823360175	0.216512344176531	221	27	0.639516167258899	0.873364366106474
semibin_SRR11413620.97	gender	male	-0.0530910677853315	0.114041988489839	221	12	0.642011928882563	0.873364366106474
semibin_SRR6000893.60_sub	age	age	0.0274162550128984	0.0584604176037506	221	20	0.639562465752592	0.873364366106474
semibin_SRR13068839.7	response	R	-0.0779989819326894	0.166491616513787	221	37	0.639912546749217	0.873364366106474
metabat_ERR6233692.1_sub	gender	male	-0.0394973180155358	0.0836769410664759	221	10	0.637385720220127	0.873364366106474
semibin_SRR5930494.37	age	age	0.0278999593408447	0.0607126618862874	221	17	0.646305733274707	0.873364366106474
maxbin_ERR6275668.007	gender	male	0.0235605845995764	0.0500301149330294	221	5	0.638165162243363	0.873364366106474
maxbin_SRR13022427.016_sub	gender	male	-0.0385856545839811	0.0829422472013166	221	10	0.642246792379031	0.873364366106474
semibin_ERR12405969.55	response	R	0.0206094409257475	0.0448160495464179	221	4	0.646071801027898	0.873364366106474
semibin_SRR13068825.10	response	R	-0.0637905781101509	0.139622947313641	221	16	0.648216949939248	0.873364366106474
metabat_ERR6275652.12_sub	gender	male	-0.0601227099218382	0.131590450345655	221	17	0.648205232646504	0.873364366106474
maxbin_SRR16554753.014	gender	male	-0.0585731668430901	0.128106701033384	221	12	0.647969085997466	0.873364366106474
maxbin_SRR6000920.039	response	R	0.0530769793142918	0.11629453570189	221	22	0.648562944976398	0.873364366106474
metabat_SRR6000890.18	response	R	-0.0389245993005262	0.085557209759137	221	11	0.649598763499584	0.873364366106474
metabat_ERR6279648.28_sub	response	R	0.053180007715631	0.112659034852755	221	9	0.637369796789633	0.873364366106474
semibin_SRR23364171.89	gender	male	0.0441869966039336	0.0946009260704511	221	13	0.640906339909457	0.873364366106474
semibin_ERR6281340.57	age	age	-0.0108270165680824	0.0231478876174341	221	5	0.64044658929343	0.873364366106474
metabat_SRR11413649.18	gender	male	0.0283540385319471	0.0623273426896756	221	5	0.649625100732479	0.873364366106474
semibin_SRR5930505.26	response	R	0.0434155609940818	0.0929387817523443	221	13	0.640867364300231	0.873364366106474
semibin_ERR6264281.17	age	age	0.016340560233989	0.03535186139196	221	12	0.644382141759903	0.873364366106474
semibin_ERR6264281.17	response	R	0.0333601251550841	0.0724184963649691	221	12	0.645505646396606	0.873364366106474
metabat_SRR16554696.40	age	age	-0.0198861754499352	0.0434094840416369	221	7	0.647334194041761	0.873364366106474
maxbin_SRR6000949.071	age	age	-0.00715008278065811	0.0150742439927426	221	5	0.635748996181286	0.873364366106474
metabat_ERR12406003.42	age	age	0.00600032407406961	0.0130112158698782	221	4	0.645141751069344	0.873364366106474
metabat_SRR25825502.66	gender	male	0.015973251693489	0.034672836469773	221	3	0.645486043482883	0.873364366106474
metabat_SRR25825502.66	response	R	0.0152290493959627	0.0329518888206752	221	3	0.644429512971611	0.873364366106474
semibin_SRR16554652.75	age	age	-0.0390077475144469	0.0831915622435648	221	11	0.639618498379433	0.873364366106474
semibin_SRR16168985.16	age	age	0.0327307048584891	0.0700699485758498	221	44	0.640892584392354	0.873364366106474
semibin_SRR20881980.162	gender	male	0.0743745644063207	0.157957186102464	221	23	0.638224253899056	0.873364366106474
maxbin_ERR6279654.010	response	R	-0.0259959985580741	0.0563565445496783	221	4	0.645062276889168	0.873364366106474
semibin_SRR5930528.176	age	age	0.00209397160244435	0.00459446563891068	221	1	0.649019264058483	0.873364366106474
metabat_SRR25825496.23	age	age	0.00903589132243176	0.0191891818930794	221	4	0.638197849953568	0.873364366106474
maxbin_SRR16554647.011_sub	age	age	0.020339870540123	0.0435547737225741	221	8	0.640971853211249	0.873364366106474
maxbin_ERR12405924.002	gender	male	0.00452060155603627	0.00994049702067836	221	1	0.649732120155882	0.873364366106474
metabat_SRR23364191.23_sub	response	R	-0.0591540747761906	0.127264690650168	221	20	0.642537285779777	0.873364366106474
metabat_SRR5930501.14	gender	male	0.00452060155436021	0.0099404970206849	221	1	0.649732120277208	0.873364366106474
maxbin_SRR23364231.030_sub	response	R	-0.024796320331683	0.0527760910853101	221	7	0.638943510514167	0.873364366106474
metabat_SRR23364240.7	age	age	0.015575327452822	0.03365376788053	221	10	0.643968428099317	0.873364366106474
semibin_SRR6000900.19	age	age	-0.0115482599712093	0.0249002202053553	221	2	0.643269216356807	0.873364366106474
maxbin_ERR6281505.009	response	R	-0.0370701170454161	0.0811663862464915	221	10	0.64833086793964	0.873364366106474
semibin_ERR12405947.46	gender	male	0.00452060155312261	0.00994049702068923	221	1	0.649732120366793	0.873364366106474
semibin_ERR12405918.19	age	age	-0.0118262440580197	0.0256905496266803	221	2	0.64573714814684	0.873364366106474
semibin_ERR12405940.4	age	age	-0.00707853811981465	0.0155406677526507	221	3	0.649219350781225	0.873364366106474
metabat_ERR6281751.26_sub	response	R	0.0198637500912921	0.0433096436381274	221	2	0.646950267953628	0.873364366106474
semibin_ERR12405937.0_sub	age	age	-0.011790535976074	0.0255889818084137	221	2	0.645427843667379	0.873364366106474
maxbin_SRR20881977.008	gender	male	0.00467027797412393	0.00994456245194675	221	1	0.639090031175638	0.873364366106474
metabat_SRR25825516.25_sub	age	age	-0.00446681331719814	0.00944658316254235	221	3	0.636796182055817	0.873364366106474
metabat_ERR6279655.36	response	R	-0.03174947928844	0.067934933699079	221	7	0.640718076792047	0.873364366106474
semibin_ERR6235716.2	age	age	-0.00737612383758659	0.0159875666932339	221	3	0.645001425603778	0.873364366106474
maxbin_SRR13068838.005	response	R	0.0199318565867969	0.0429655964447011	221	4	0.643183773801334	0.873364366106474
maxbin_SRR13068823.001	gender	male	0.00452060155400741	0.00994049702068611	221	1	0.649732120302739	0.873364366106474
maxbin_ERR6275668.004	gender	male	0.00452060155642811	0.00994049702067715	221	1	0.649732120127509	0.873364366106474
metabat_SRR5930532.1_sub	age	age	0.0156942932863383	0.0344197732557907	221	5	0.648873063116803	0.873364366106474
metabat_SRR13068840.4	response	R	0.0215840988040557	0.0459617911458912	221	4	0.639106726820237	0.873364366106474
semibin_SRR5930502.38	age	age	-0.0185935147426072	0.0394049054611323	221	13	0.637506584006698	0.873364366106474
metabat_SRR25825493.23	age	age	-0.0119126718983168	0.0259364395289153	221	2	0.64647671082982	0.873364366106474
semibin_SRR20881978.16	gender	male	-0.06508846645878	0.138691397965121	221	15	0.639323360136059	0.873364366106474
semibin_SRR13068816.17_sub	age	age	-0.0117483833852632	0.0254691007386715	221	2	0.645059848776077	0.873364366106474
semibin_SRR13068822.60	age	age	-0.011902215996492	0.0259066880620938	221	2	0.646387915481748	0.873364366106474
semibin_SRR13068813.2	age	age	-0.011842314006769	0.0257362632580506	221	2	0.645875626077464	0.873364366106474
metabat_SRR5930536.61_sub	gender	male	-0.0637527544696303	0.138055708046026	221	25	0.644700387642062	0.873364366106474
semibin_SRR8387683.9	age	age	-0.00793890714818625	0.0173320482420911	221	2	0.647376417041184	0.873364366106474
semibin_SRR20881979.2	response	R	-0.0195906228927823	0.0427085525806164	221	3	0.646905174038377	0.873364366106474
maxbin_ERR6279682.002	gender	male	0.00467027797330836	0.00994456245195053	221	1	0.639090031234261	0.873364366106474
metabat_SRR13022254.6	gender	male	0.00467027797564941	0.00994456245194106	221	1	0.639090031065993	0.873364366106474
semibin_ERR12405995.2	gender	male	0.00452060155630451	0.00994049702067715	221	1	0.649732120136448	0.873364366106474
semibin_SRR11413617.99	age	age	-0.00734404208081526	0.0154775917016058	221	3	0.635627575112572	0.873364366106474
semibin_SRR6000920.93	age	age	-0.0186640978158755	0.0410393351206972	221	8	0.649718139201755	0.873364366106474
metabat_SRR13068848.27	age	age	-0.0180118894778904	0.0394524118732787	221	17	0.648458171162235	0.873364366106474
semibin_SRR8387683.84	gender	male	0.00467261400595246	0.00997562680107254	221	1	0.639966544275077	0.873364366106474
metabat_SRR16554775.6_sub	age	age	0.0131432413985677	0.0284042894983765	221	4	0.644028527727879	0.873364366106474
metabat_SRR5930501.64	gender	male	0.00452060155528488	0.0099404970206814	221	1	0.649732120210281	0.873364366106474
metabat_ERR6279644.24_sub	age	age	-0.00499670608797015	0.010672776563351	221	4	0.640130824837658	0.873364366106474
semibin_ERR6275674.45_sub	age	age	-0.00750631795911401	0.0164010672775882	221	3	0.647649039131363	0.873364366106474
semibin_ERR6230326.4	age	age	0.010505760550168	0.0223319567323213	221	6	0.638518781731611	0.873364366106474
semibin_SRR6000892.94	gender	male	0.00467027797639603	0.00994456245193838	221	1	0.639090031012332	0.873364366106474
metabat_SRR6000895.39	gender	male	0.00467027797335755	0.00994456245194984	221	1	0.639090031230708	0.873364366106474
metabat_ERR6279625.1	age	age	0.00209397160278513	0.00459446563894319	221	1	0.64901926400754	0.873364366106474
semibin_ERR6232528.6	age	age	-0.0074555292353218	0.015935203395879	221	3	0.640353932990003	0.873364366106474
semibin_ERR12405910.62	gender	male	0.00467027797414764	0.00994456245194721	221	1	0.639090031173946	0.873364366106474
metabat_ERR6281340.41	age	age	0.0134467918206012	0.0295622330341518	221	6	0.649664849093571	0.873364366106474
semibin_SRR6000877.55	age	age	0.0087467890787234	0.0186471852402488	221	4	0.639492324041421	0.873364366106474
maxbin_SRR5930508.015	gender	male	0.00467027797290478	0.00994456245195117	221	1	0.639090031263241	0.873364366106474
maxbin_SRR16554777.024_sub	gender	male	0.0273512807538293	0.0577967965221762	221	2	0.636523518619874	0.873364366106474
maxbin_SRR16554777.024_sub	response	R	0.0259671170099473	0.0549281168516527	221	2	0.636868635399512	0.873364366106474
semibin_ERR12405970.21	age	age	-0.00742124347367564	0.0160543692213026	221	3	0.644363667361553	0.873364366106474
metabat_ERR6233695.27	age	age	0.00209397160249249	0.00459446563891523	221	1	0.649019264051281	0.873364366106474
maxbin_ERR6281434.009_sub	response	R	0.012432228022081	0.0267139434300943	221	3	0.642124625089144	0.873364366106474
metabat_SRR20881978.1_sub	age	age	0.00209397160258571	0.00459446563892477	221	1	0.649019264037383	0.873364366106474
semibin_ERR6279676.74	gender	male	0.0153292781537675	0.032800399626051	221	2	0.640718488381588	0.873364366106474
metabat_SRR11413611.60	gender	male	0.00467261400591432	0.00997562680107253	221	1	0.639966544277808	0.873364366106474
maxbin_ERR6232527.010	gender	male	0.00452060155529789	0.00994049702068075	221	1	0.649732120209319	0.873364366106474
semibin_SRR5930504.70	gender	male	-0.0104111913827812	0.0220997702423997	221	3	0.638043578463959	0.873364366106474
metabat_ERR6243880.19	gender	male	0.00452060155373126	0.00994049702068626	221	1	0.649732120322713	0.873364366106474
semibin_SRR5930520.61	response	R	-0.00630242161405901	0.01343214763571	221	2	0.639394675553185	0.873364366106474
semibin_SRR11413657.92	gender	male	0.00467261400585795	0.00997562680107253	221	1	0.639966544281848	0.873364366106474
semibin_ERR12405957.24	gender	male	0.019811691090924	0.0433359116542045	221	2	0.648009309268402	0.873364366106474
maxbin_SRR5930528.078	age	age	0.00209397160235251	0.0045944656389019	221	1	0.649019264072205	0.873364366106474
semibin_SRR11413649.107	gender	male	0.00452060155389047	0.00994049702068619	221	1	0.649732120311194	0.873364366106474
semibin_ERR6280907.83	age	age	0.00209397160235131	0.00459446563890131	221	1	0.649019264072337	0.873364366106474
maxbin_SRR5930499.010	response	R	0.0149219553765972	0.0326672194777644	221	2	0.648282923633625	0.873364366106474
semibin_SRR5930507.41	gender	male	0.00452060155454327	0.00994049702068379	221	1	0.649732120263938	0.873364366106474
semibin_SRR11413683.37	gender	male	0.00452060155522464	0.00994049702068133	221	1	0.649732120214631	0.873364366106474
semibin_SRR23364222.14_sub	response	R	0.012094980911214	0.0262088239579733	221	3	0.644913640780383	0.873364366106474
metabat_SRR5930529.63_sub	response	R	-0.00624421233878856	0.0134005149167935	221	2	0.641705712972191	0.873364366106474
metabat_SRR5930528.90	age	age	0.00209397160288848	0.00459446563895258	221	1	0.64901926399205	0.873364366106474
metabat_SRR13068821.3	gender	male	0.0046726140059667	0.00997562680107254	221	1	0.639966544274058	0.873364366106474
metabat_SRR5930528.105	age	age	0.00209397160264203	0.00459446563892946	221	1	0.649019264028916	0.873364366106474
maxbin_ERR6279624.026_sub	age	age	0.00209397160243675	0.00459446563891102	221	1	0.64901926405969	0.873364366106474
semibin_SRR11413683.27	gender	male	0.0045206015574124	0.00994049702067364	221	1	0.64973212005626	0.873364366106474
maxbin_SRR5930501.007	gender	male	0.00452060155494679	0.00994049702068247	221	1	0.649732120234724	0.873364366106474
semibin_SRR5930528.150	age	age	0.00209397160249416	0.00459446563891537	221	1	0.64901926405103	0.873364366106474
metabat_SRR13022366.10	response	R	-0.0229036617267214	0.0498428929601538	221	4	0.646322886760219	0.873364366106474
metabat_ERR6279666.49_sub	gender	male	0.00467261400592384	0.00997562680107254	221	1	0.639966544277125	0.873364366106474
semibin_SRR23364187.35	gender	male	0.00452060155425929	0.00994049702068494	221	1	0.649732120284506	0.873364366106474
semibin_SRR5930507.55	gender	male	0.00452060155084057	0.00994049702069758	221	1	0.64973212053198	0.873364366106474
maxbin_SRR5930528.018	age	age	0.00209397160259077	0.00459446563892486	221	1	0.649019264036609	0.873364366106474
semibin_SRR5930501.104	gender	male	0.0045206015560221	0.00994049702067837	221	1	0.649732120156894	0.873364366106474
metabat_SRR5930528.64	age	age	0.00209397160268877	0.00459446563893414	221	1	0.649019264021932	0.873364366106474
metabat_SRR5930528.33	age	age	0.00209397160249442	0.00459446563891571	221	1	0.649019264051009	0.873364366106474
semibin_SRR5930528.184	age	age	0.00209397160224283	0.00459446563889213	221	1	0.649019264088648	0.873364366106474
semibin_SRR5930501.87	gender	male	0.00452060155787762	0.00994049702067187	221	1	0.649732120022576	0.873364366106474
metabat_SRR20881975.20	age	age	0.00209397160339292	0.00459446563900095	221	1	0.649019263916657	0.873364366106474
semibin_SRR5930528.96_sub	age	age	0.00209397160263652	0.00459446563892932	221	1	0.649019264029762	0.873364366106474
metabat_SRR5930501.45	gender	male	0.00452060155555199	0.00994049702068023	221	1	0.649732120190944	0.873364366106474
metabat_SRR25825512.35_sub	age	age	0.00646077201102755	0.0142188177408819	221	5	0.650008224246853	0.873590315338741
semibin_ERR12406009.9_sub	response	R	-0.0524392002260085	0.11558186175582	221	9	0.650500473376923	0.874106633771815
metabat_ERR6279661.17	response	R	0.0422804134698486	0.0932240162197847	221	10	0.650619669987432	0.874121576554543
semibin_ERR2162216.86	age	age	0.00625138657324356	0.0137926291318877	221	3	0.650830129568431	0.874259107781011
metabat_SRR5930534.16	age	age	-0.0204207921945287	0.0450961336417534	221	12	0.651127559177589	0.874513400635725
metabat_SRR16554697.2	gender	male	0.0452478503143219	0.100004761947212	221	5	0.651391814449264	0.874523090076591
maxbin_SRR6000949.071	response	R	0.0139309550851592	0.0308395950007747	221	5	0.651922548114755	0.874523090076591
maxbin_SRR16554762.009	response	R	0.0372191607845785	0.0823677728595354	221	6	0.651817149444309	0.874523090076591
semibin_SRR11413681.27	gender	male	-0.049923767449859	0.110617758278682	221	20	0.652216033548713	0.874523090076591
semibin_SRR6000903.20	response	R	-0.03625391997795	0.0801144594567476	221	8	0.651342264073495	0.874523090076591
semibin_SRR13068851.36	age	age	0.0232987090708566	0.0516092073213341	221	9	0.652122194465243	0.874523090076591
maxbin_SRR11413691.013	response	R	0.0117792415469991	0.0260865585663259	221	3	0.652049165222175	0.874523090076591
semibin_ERR6279622.2	gender	male	0.0274371796660267	0.0607225223646644	221	3	0.651834704872834	0.874523090076591
semibin_SRR25825510.79	age	age	-0.00815314714890164	0.0180503548977722	221	4	0.651948252930888	0.874523090076591
semibin_SRR16168896.8	gender	male	0.0161915091856573	0.0358746300741918	221	4	0.652198180989864	0.874523090076591
metabat_SRR11413689.40	age	age	0.0367716732930003	0.0815458449768359	221	19	0.652491757113069	0.874602806020964
semibin_ERR12406000.0	age	age	-0.00622332005074536	0.0137998368831007	221	2	0.652461080898508	0.874602806020964
metabat_SRR20881981.21_sub	response	R	0.0105609615525608	0.0234318049091356	221	4	0.65264850442197	0.874667954227821
metabat_SRR11413687.86	age	age	0.0283015424543054	0.0628842560867888	221	24	0.653118185315645	0.874746219503366
maxbin_SRR8387676.006	response	R	-0.0605789882609608	0.134656559555815	221	9	0.653247671340298	0.874746219503366
metabat_SRR16554778.1_sub	response	R	-0.00608718658410264	0.0135240837284544	221	2	0.653087844827294	0.874746219503366
maxbin_SRR11413614.027_sub	gender	male	-0.0189879462557466	0.0422011418165746	221	4	0.653207614315238	0.874746219503366
maxbin_SRR5930520.048_sub	gender	male	-0.00816458701380797	0.0181475707446033	221	2	0.653234027215248	0.874746219503366
maxbin_SRR16168918.066	gender	male	0.013832668635388	0.0307704032239884	221	3	0.653488044930094	0.874778435517147
semibin_SRR20881974.54	response	R	-0.00658781251336625	0.0146519095355929	221	2	0.65343618377897	0.874778435517147
metabat_SRR11413689.19	response	R	0.0227124891736108	0.050578967737026	221	6	0.653844606717354	0.874918151444069
metabat_SRR13068824.46	age	age	0.0145712754173185	0.0324431315442481	221	5	0.653784067308858	0.874918151444069
maxbin_ERR12405948.006	age	age	0.0098933679806986	0.0220367504855421	221	5	0.653916941824851	0.874918151444069
maxbin_SRR6000869.050	response	R	-0.0896172748940377	0.199735099181621	221	45	0.654111573232431	0.875033808187876
maxbin_SRR11413615.014	gender	male	-0.0169642574964221	0.0378623724083354	221	4	0.654563704211724	0.875493838211415
semibin_SRR5930530.103	response	R	0.02027121417792	0.0452682230723274	221	5	0.654745017345066	0.875591550973361
metabat_SRR16554671.17_sub	gender	male	-0.0492867659477644	0.110301147205527	221	8	0.655437521036981	0.875594341334533
maxbin_ERR2162201.005	gender	male	0.029934858949673	0.066944022954091	221	3	0.655206299703773	0.875594341334533
metabat_SRR16554749.2	age	age	0.00876598863068219	0.019604277451683	221	2	0.655215117723615	0.875594341334533
metabat_SRR16168926.8	age	age	-0.0198238151185566	0.044316562287419	221	8	0.655088350492857	0.875594341334533
semibin_SRR5930518.29	gender	male	0.0654589232135993	0.146309501213206	221	27	0.655037948842417	0.875594341334533
maxbin_SRR16168938.002	gender	male	0.0044532203314642	0.00997724778121085	221	1	0.65580003174876	0.875594341334533
metabat_SRR11413610.65_sub	gender	male	0.033100999272233	0.0741685452676309	221	5	0.655829688403141	0.875594341334533
semibin_ERR12405994.32	gender	male	0.0044532203308197	0.00997724778119304	221	1	0.655800031794799	0.875594341334533
semibin_ERR6279669.43	response	R	-0.0262214435631402	0.0587301344900668	221	5	0.655701468198336	0.875594341334533
metabat_SRR16168938.13	gender	male	0.00445322033142248	0.00997724778121038	221	1	0.655800031751786	0.875594341334533
maxbin_ERR6279660.001	age	age	0.0225308447937186	0.0505922204601578	221	12	0.656518523607437	0.875935634928563
metabat_SRR11413607.56	gender	male	0.00441897815851203	0.00992081617457731	221	1	0.656460894674359	0.875935634928563
metabat_ERR6279670.47	gender	male	0.00441897815859198	0.0099208161745837	221	1	0.656460894668747	0.875935634928563
metabat_SRR13068834.6	gender	male	0.0044189781585837	0.00992081617464311	221	1	0.656460894671317	0.875935634928563
maxbin_SRR25825499.078	response	R	0.0223922903626046	0.0504082652038145	221	2	0.657327201276157	0.876869933023513
metabat_ERR6232687.8_sub	response	R	-0.0903673520585811	0.203530719915261	221	29	0.657491187239834	0.876944050527009
maxbin_SRR16554785.015	age	age	0.0214243144252849	0.0482820840759319	221	19	0.657683114047657	0.877051348214089
semibin_SRR5930498.139	gender	male	0.0109878845105735	0.0247708000828424	221	2	0.657788511160567	0.877051348214089
maxbin_SRR16554652.022_sub	age	age	-0.0269527664549924	0.0608272575892791	221	13	0.658132341928507	0.877365152714318
metabat_SRR23364212.36	response	R	-0.061877102955828	0.13976777183849	221	15	0.658413832856597	0.877595761394884
metabat_SRR6000894.44	age	age	-0.00391691699233062	0.00885202456583846	221	2	0.658576644180293	0.877668132827519
semibin_SRR11413691.42	gender	male	-0.152598202352468	0.348115533197337	221	51	0.661568450389958	0.877957029708219
semibin_SRR11413683.102	gender	male	0.0875160252521835	0.20021879497208	221	23	0.662476047825326	0.877957029708219
semibin_SRR5930533.32_sub	gender	male	0.092614112039774	0.21314526254956	221	25	0.664349797220905	0.877957029708219
semibin_SRR11413657.102	gender	male	0.104715927012621	0.23887455140882	221	52	0.661558452096839	0.877957029708219
semibin_ERR6279673.25_sub	age	age	-0.014538737417136	0.0332522044347733	221	11	0.662382404976977	0.877957029708219
metabat_ERR6281658.13	response	R	-0.103552804724664	0.237913752725496	221	54	0.663810988045543	0.877957029708219
metabat_SRR16554711.16	gender	male	0.0850211167031013	0.193687065302221	221	33	0.661126366374309	0.877957029708219
metabat_SRR5930536.81_sub	age	age	-0.0332495680676987	0.0757620241702064	221	19	0.661197028610557	0.877957029708219
semibin_SRR5930531.66	response	R	0.049394082599684	0.113309857492261	221	23	0.663332711439996	0.877957029708219
metabat_SRR20881983.26_sub	age	age	-0.021571310273789	0.0491961709751243	221	13	0.661481513875809	0.877957029708219
metabat_SRR5930503.2	response	R	0.0322406546570205	0.0740039644430042	221	5	0.663515619667485	0.877957029708219
maxbin_SRR16554715.022_sub	response	R	-0.0456687448713847	0.104262154266013	221	8	0.661808618836321	0.877957029708219
maxbin_SRR5930494.018	gender	male	0.0699221420772939	0.160035119604572	221	23	0.662610344302552	0.877957029708219
maxbin_ERR6281499.005	response	R	-0.00595112774978436	0.0136944499272852	221	2	0.66431006790802	0.877957029708219
metabat_ERR6254870.14	age	age	0.0156044238212384	0.0357373162112333	221	5	0.662808823250087	0.877957029708219
metabat_SRR25825496.23	response	R	0.0172427798461174	0.0392569230225483	221	4	0.660934134003583	0.877957029708219
semibin_SRR5930533.29	response	R	0.0627947687552964	0.142477056277538	221	22	0.659847238986996	0.877957029708219
maxbin_ERR12405929.007	gender	male	0.019474219668179	0.0446699845549548	221	4	0.66330701425271	0.877957029708219
metabat_SRR16168940.8	gender	male	0.00430576358190728	0.00991900974190147	221	1	0.664655154896505	0.877957029708219
maxbin_SRR16168975.004	age	age	-0.0183570960677033	0.0417289448794968	221	6	0.660443004413723	0.877957029708219
semibin_SRR16554679.4	age	age	-0.0234720900729818	0.0533696445362605	221	9	0.660518033000807	0.877957029708219
maxbin_ERR6279676.023_sub	response	R	-0.00597431304383376	0.0136709007644499	221	2	0.662539043098337	0.877957029708219
metabat_SRR16554763.26	gender	male	0.00436353747420426	0.00996835439121757	221	1	0.662010874955259	0.877957029708219
metabat_ERR6281432.36	gender	male	0.0158451756900725	0.0362535007638818	221	2	0.662499057084731	0.877957029708219
semibin_ERR6279614.25	age	age	0.0109177310466965	0.0247186423585913	221	10	0.659164143828175	0.877957029708219
semibin_SRR8387707.12	age	age	-0.0183423820043787	0.0422109653041823	221	3	0.664327642632875	0.877957029708219
semibin_ERR12405968.34	response	R	-0.0196877136868444	0.0449032190244868	221	6	0.66149794161371	0.877957029708219
semibin_ERR6279669.146	response	R	0.0248956563266308	0.0570881282653518	221	9	0.663207009056537	0.877957029708219
maxbin_SRR16554763.011	gender	male	0.00436353747420495	0.00996835439121757	221	1	0.662010874955206	0.877957029708219
semibin_SRR13022436.17	age	age	-0.0124406850836035	0.0283920085294345	221	4	0.661694872495188	0.877957029708219
semibin_ERR6281941.44	gender	male	0.00436353747418552	0.00996835439121757	221	1	0.662010874956621	0.877957029708219
semibin_SRR16168940.33	gender	male	0.00430576358187823	0.00991900974190039	221	1	0.664655154898574	0.877957029708219
metabat_SRR16554763.9	gender	male	0.00436353747418372	0.00996835439121757	221	1	0.662010874956747	0.877957029708219
metabat_SRR13068834.43_sub	age	age	0.0215129359590341	0.0490885841432721	221	8	0.661644606237314	0.877957029708219
semibin_SRR5930527.100	age	age	-0.014400707190107	0.0326629998397883	221	5	0.659736108204728	0.877957029708219
semibin_SRR13068834.35	gender	male	0.0157229094898636	0.0359452175086459	221	2	0.662247789184153	0.877957029708219
semibin_SRR11413656.102	gender	male	0.00436353747406304	0.00996835439121757	221	1	0.662010874965514	0.877957029708219
metabat_SRR23364187.35_sub	gender	male	0.00430576358173503	0.00991900974189638	221	1	0.66465515490893	0.877957029708219
maxbin_SRR16554743.001_sub	age	age	0.00201762231270413	0.00463379571020989	221	1	0.663694283288872	0.877957029708219
semibin_SRR13068846.36	gender	male	0.00430576358176085	0.00991900974189677	221	1	0.664655154907056	0.877957029708219
semibin_SRR6000932.54	gender	male	0.0285729418724029	0.0657606440638112	221	9	0.664358254562716	0.877957029708219
metabat_ERR6279648.17_sub	gender	male	0.00430576358174166	0.00991900974189429	221	1	0.664655154908332	0.877957029708219
metabat_SRR11413691.28	response	R	-0.0124856161433737	0.028415239595865	221	3	0.660809995184156	0.877957029708219
metabat_SRR16168940.14	gender	male	0.00430576358185957	0.00991900974189944	221	1	0.664655154899925	0.877957029708219
semibin_ERR6235718.14	response	R	0.0102353724862239	0.0235653601781025	221	3	0.664473311525613	0.877957029708219
maxbin_SRR16168940.020_sub	gender	male	0.00430576358200284	0.00991900974190104	221	1	0.664655154889476	0.877957029708219
metabat_SRR16554763.17	gender	male	0.00436353747413146	0.00996835439121758	221	1	0.66201087496054	0.877957029708219
semibin_ERR6275675.39_sub	gender	male	0.00436353747409131	0.00996835439121756	221	1	0.662010874963454	0.877957029708219
semibin_SRR16168940.30	gender	male	0.00430576358177108	0.0099190097419003	221	1	0.664655154906421	0.877957029708219
semibin_SRR23364216.26	gender	male	0.00430576358185423	0.00991900974189933	221	1	0.66465515490029	0.877957029708219
semibin_ERR6279624.49	gender	male	0.00430576358185898	0.00991900974190162	221	1	0.664655154900017	0.877957029708219
metabat_ERR6281343.50_sub	gender	male	0.00430576358186783	0.00991900974189472	221	1	0.664655154899197	0.877957029708219
metabat_SRR5930506.103	gender	male	0.0226144327476789	0.051754769302118	221	3	0.662582057661797	0.877957029708219
semibin_SRR16554743.1	age	age	0.00201762231269515	0.00463379571020989	221	1	0.663694283290279	0.877957029708219
metabat_ERR6279648.28_sub	gender	male	-0.0514159112671497	0.118542773482567	221	9	0.664913232967203	0.878011139304284
semibin_ERR12405992.1	age	age	0.0172451754059175	0.0397554806800243	221	3	0.664878358560564	0.878011139304284
semibin_ERR2162223.6	response	R	-0.139407667264918	0.321698507563518	221	79	0.665195667724245	0.878240705281374
semibin_SRR11413690.24	response	R	0.0237043778678922	0.0547273280688913	221	5	0.665346160160537	0.878296024706777
maxbin_ERR6232527.031_sub	age	age	0.00822807003720635	0.0190329649842352	221	3	0.665951971502639	0.87889997383395
semibin_ERR6279629.17	response	R	0.010157358530232	0.0235012078662662	221	3	0.666021011328917	0.87889997383395
semibin_SRR5930505.112	gender	male	-0.0389652025527136	0.0902495331576643	221	14	0.666353729020657	0.879179086232514
metabat_SRR23364213.66	gender	male	0.0810519282906452	0.187782430877968	221	27	0.666449923057807	0.879179086232514
maxbin_SRR11413646.009	age	age	0.0280452217018731	0.065019247154329	221	19	0.666652481619677	0.879302881823214
semibin_SRR5930499.22_sub	age	age	-0.0193490604539095	0.0448800038779816	221	20	0.666808032347852	0.879357851478199
metabat_SRR13068841.35_sub	response	R	-0.0131090743035574	0.0304169556769592	221	3	0.66691160496628	0.879357851478199
semibin_ERR2162218.39	response	R	0.068043955807819	0.15804915741862	221	15	0.667241800954161	0.879494541014522
semibin_SRR5930532.101_sub	gender	male	-0.0476591374764279	0.110682431006076	221	9	0.667191556394142	0.879494541014522
semibin_SRR16554654.4_sub	age	age	-0.00858214976242912	0.0199414750943044	221	4	0.66735592221287	0.879494541014522
semibin_SRR5930498.22	age	age	0.00513955657751606	0.0119458736103482	221	2	0.667450234019181	0.879494541014522
semibin_SRR16554628.46_sub	gender	male	0.0246726802413664	0.0574255278888146	221	2	0.667879075028309	0.879916266302161
semibin_SRR23364196.21	gender	male	0.0998206877758179	0.2371187200723	221	27	0.674191610506627	0.880354801203186
metabat_ERR2162213.1	age	age	-0.0449673312806308	0.106179616634001	221	27	0.672352735461858	0.880354801203186
semibin_SRR5930519.63	response	R	0.0960996524816604	0.227976694043856	221	33	0.67378333056227	0.880354801203186
maxbin_SRR8387677.002_sub	age	age	0.0218211343377903	0.0516421149289103	221	9	0.673045410046957	0.880354801203186
semibin_SRR23364171.72	response	R	0.0734919032200474	0.173981333822731	221	35	0.673146923616751	0.880354801203186
semibin_SRR8387707.23	age	age	0.0512901780007333	0.120105943423554	221	58	0.669772767415288	0.880354801203186
metabat_ERR12405920.1	age	age	-0.018849831613719	0.0446716332127899	221	10	0.673468861533793	0.880354801203186
metabat_SRR13068829.36	age	age	0.0417280059756281	0.0977108052641818	221	36	0.669761803446901	0.880354801203186
metabat_SRR13022316.9	gender	male	0.0409482957809277	0.0960100460048021	221	9	0.670166398531388	0.880354801203186
semibin_SRR16554669.51_sub	age	age	0.0233550716772729	0.0554033287876532	221	24	0.673778322450436	0.880354801203186
semibin_SRR16554736.59	age	age	0.0206657309445492	0.048377331892164	221	18	0.669678269533896	0.880354801203186
maxbin_SRR23364202.021	age	age	-0.00195589293182994	0.00459252384453567	221	1	0.670616492085633	0.880354801203186
maxbin_SRR16554735.011	age	age	-0.00195589293182142	0.00459252384453593	221	1	0.670616492086984	0.880354801203186
metabat_SRR25825494.29	gender	male	0.0267744809819557	0.063284604172891	221	5	0.672655523018503	0.880354801203186
maxbin_SRR5930494.015_sub	age	age	0.0103255604645086	0.0240892051519815	221	3	0.668611514221134	0.880354801203186
semibin_SRR16554752.21	gender	male	-0.0380781061946287	0.0904666534224848	221	6	0.674239085835188	0.880354801203186
metabat_SRR6000940.18	gender	male	0.00420246558344843	0.00998651544262227	221	1	0.674307366403549	0.880354801203186
metabat_ERR12405967.21	age	age	-0.0123091222578068	0.0291017282434942	221	6	0.672736903323189	0.880354801203186
maxbin_SRR16554776.005_sub	age	age	0.0153429305874618	0.0362535553215895	221	6	0.672559903448958	0.880354801203186
maxbin_SRR25825517.009_sub	age	age	-0.00786397079371766	0.0185510507939745	221	4	0.672052597244299	0.880354801203186
semibin_SRR13068835.5	age	age	0.016018634743922	0.037626506154841	221	7	0.670730669850913	0.880354801203186
maxbin_SRR11413613.018	gender	male	0.00420246555985951	0.00998651544258358	221	1	0.674307368124692	0.880354801203186
semibin_SRR5930504.107	response	R	0.0361243444980319	0.0853544683992792	221	7	0.672550251012943	0.880354801203186
semibin_SRR11413678.73	gender	male	0.00420246555975573	0.00998651544258323	221	1	0.674307368132262	0.880354801203186
semibin_ERR6235716.28_sub	gender	male	0.0248951209640701	0.0588518017693138	221	8	0.672706555576031	0.880354801203186
maxbin_ERR6275671.007_sub	gender	male	0.00420246558254085	0.0099865154426206	221	1	0.674307366469745	0.880354801203186
maxbin_SRR11413617.006	gender	male	0.00420246558198022	0.00998651544261967	221	1	0.674307366510662	0.880354801203186
maxbin_ERR12406000.009_sub	gender	male	0.00420899920835672	0.0099642281902619	221	1	0.673143315600886	0.880354801203186
metabat_ERR12405972.5	gender	male	0.00420899920818683	0.00996422819026191	221	1	0.673143315613312	0.880354801203186
metabat_SRR20881981.3	gender	male	0.00420899920836135	0.0099642281902619	221	1	0.673143315600546	0.880354801203186
maxbin_SRR11413619.006	gender	male	0.00420899920834247	0.00996422819026189	221	1	0.673143315601928	0.880354801203186
maxbin_ERR6275673.018	response	R	0.00999231581165029	0.0233629871396574	221	3	0.669294735210921	0.880354801203186
semibin_ERR12405974.32	gender	male	0.00420899920826213	0.0099642281902619	221	1	0.673143315607802	0.880354801203186
maxbin_ERR6279619.020	gender	male	0.00420899920818274	0.0099642281902619	221	1	0.673143315613607	0.880354801203186
metabat_SRR13068834.35	gender	male	0.00420899920826209	0.00996422819026189	221	1	0.673143315607807	0.880354801203186
maxbin_SRR5930533.003	response	R	0.0190597630303365	0.0445827384596746	221	2	0.669429269566133	0.880354801203186
maxbin_SRR5930529.037	response	R	0.0125118958283297	0.0294641902490306	221	4	0.671514361846406	0.880354801203186
metabat_SRR11413679.7	gender	male	0.0042089992082906	0.0099642281902619	221	1	0.673143315605721	0.880354801203186
maxbin_ERR6229432.012	gender	male	0.00420899920818559	0.0099642281902619	221	1	0.6731433156134	0.880354801203186
metabat_ERR12405911.15	gender	male	0.00420899920824333	0.0099642281902619	221	1	0.673143315609177	0.880354801203186
semibin_SRR16554777.37	gender	male	0.0256524293747951	0.0599043817348154	221	2	0.668913547504773	0.880354801203186
semibin_ERR6279669.75_sub	response	R	0.00975929013849683	0.0231779923677882	221	3	0.674129114607994	0.880354801203186
semibin_SRR25825521.35	gender	male	0.00420899920826206	0.0099642281902619	221	1	0.673143315607807	0.880354801203186
metabat_SRR6000892.60	response	R	0.0117560473788482	0.0276612478335892	221	2	0.671259064558013	0.880354801203186
metabat_ERR6279622.22	gender	male	-0.0197961540140992	0.0464671367930983	221	4	0.670512225542005	0.880354801203186
metabat_SRR25825498.33	gender	male	0.00420899920829038	0.0099642281902619	221	1	0.67314331560574	0.880354801203186
semibin_SRR6000909.0	gender	male	0.0042089992081821	0.00996422819026191	221	1	0.673143315613655	0.880354801203186
semibin_SRR16168918.151	age	age	0.0126235996887503	0.0296502620131999	221	4	0.670713492119581	0.880354801203186
metabat_SRR5930498.62	gender	male	0.00420246555979552	0.00998651544258333	221	1	0.674307368129367	0.880354801203186
semibin_SRR16168926.64	age	age	0.0118524963167123	0.0279254060314354	221	3	0.671669701264757	0.880354801203186
metabat_SRR13068851.15	gender	male	0.00420899920828584	0.0099642281902619	221	1	0.67314331560607	0.880354801203186
semibin_SRR5930498.294	gender	male	0.004202465559913	0.00998651544258334	221	1	0.674307368120786	0.880354801203186
maxbin_SRR5930498.016_sub	gender	male	0.00420246556002272	0.0099865154425836	221	1	0.674307368112781	0.880354801203186
semibin_SRR23364187.33	gender	male	0.00420246557960883	0.00998651544261602	221	1	0.674307366683692	0.880354801203186
maxbin_SRR16554657.029_sub	gender	male	0.00420899920828589	0.0099642281902619	221	1	0.673143315606064	0.880354801203186
semibin_SRR5930498.100_sub	gender	male	0.00420246556009992	0.00998651544258365	221	1	0.674307368107148	0.880354801203186
metabat_SRR16554775.14	age	age	0.00194079098498889	0.00461372037317935	221	1	0.674422291009971	0.880362732357755
maxbin_SRR16168943.002	response	R	-0.0176587856556572	0.0420274221686888	221	3	0.674777250936699	0.880683944743589
maxbin_ERR2162217.001	response	R	0.166277751825697	0.397504853742281	221	76	0.676138754698429	0.88084066777158
metabat_ERR12405985.2	response	R	-0.105546597935056	0.252117140889476	221	64	0.675894087176101	0.88084066777158
metabat_SRR16554651.26	gender	male	0.066367339441145	0.158612200146805	221	18	0.676050140940546	0.88084066777158
semibin_SRR11413613.11	age	age	0.0128374725730022	0.0307302188199838	221	9	0.676547316144817	0.88084066777158
semibin_SRR13068830.16	gender	male	-0.0527201252010211	0.125888164894088	221	12	0.67579090576604	0.88084066777158
semibin_SRR23364235.6	age	age	0.00405092217214702	0.0096640418989227	221	2	0.675505666451666	0.88084066777158
maxbin_SRR13068814.028	age	age	0.0285086308708031	0.0679398778753016	221	26	0.675186809195718	0.88084066777158
metabat_SRR25825510.12_sub	gender	male	0.0568018140274123	0.135475446771485	221	18	0.675431119409844	0.88084066777158
maxbin_SRR16168984.014_sub	response	R	0.0379275734034754	0.0906205075551419	221	13	0.675975933514249	0.88084066777158
semibin_ERR6279674.62	response	R	-0.00580131508904347	0.0138474910270531	221	2	0.675671873399476	0.88084066777158
semibin_SRR8387683.9	response	R	0.01489503429309	0.0355048029494368	221	2	0.675249943606313	0.88084066777158
semibin_SRR11413647.44	age	age	0.00281514343514861	0.00673711572588802	221	2	0.676465664533611	0.88084066777158
metabat_SRR13022456.4	gender	male	0.0134704273290272	0.032238886557398	221	2	0.676484609875518	0.88084066777158
semibin_SRR16168940.27	age	age	0.0140797261245328	0.0337139543136086	221	3	0.676639845309697	0.88084066777158
semibin_ERR6279666.16	gender	male	-0.00725781224602836	0.017366416076816	221	2	0.676417959185056	0.88084066777158
semibin_SRR5930506.146	gender	male	-0.0223301686029367	0.0533760081039319	221	4	0.67610122424188	0.88084066777158
metabat_ERR2162213.1	response	R	-0.0906714553322142	0.217277879261312	221	27	0.676870613283625	0.880857525380202
semibin_SRR11413614.5_sub	age	age	0.00555760384216472	0.0133163805231773	221	3	0.676834440500168	0.880857525380202
semibin_ERR12405932.31	age	age	0.00525984608212014	0.0126114064507551	221	2	0.677040828477054	0.880937294196013
semibin_ERR12406004.40	age	age	0.00568688144701353	0.0136510770615044	221	5	0.677391204833369	0.881110065069511
metabat_SRR25825503.11	age	age	0.0107689666946624	0.0258503951877502	221	5	0.677391491666941	0.881110065069511
semibin_ERR2162206.16	gender	male	0.00412667642743771	0.00991602666842552	221	1	0.677706325357698	0.88123613496673
metabat_SRR25825513.9	response	R	0.0217066312864053	0.052158533448964	221	3	0.677701979907847	0.88123613496673
metabat_SRR25825500.41_sub	gender	male	0.0368486407718503	0.0886007791338963	221	15	0.677901301996026	0.88134797147466
metabat_ERR6281658.13	gender	male	0.104067198406004	0.250339053007041	221	54	0.67803666362543	0.88138227827105
metabat_SRR16168942.34	age	age	0.0194195502711099	0.0467476702889083	221	7	0.678255556171571	0.881383505513443
semibin_ERR6279665.27	gender	male	-0.0317868146337028	0.0765145517785193	221	10	0.678238094051788	0.881383505513443
semibin_ERR12405974.73	response	R	-0.0295753594647439	0.0712647410746956	221	6	0.678548246281026	0.881588103990473
maxbin_SRR20881977.005	gender	male	0.0280666127447037	0.0676473415919258	221	5	0.678631000920461	0.881588103990473
metabat_ERR12405926.24	age	age	0.0138617135173008	0.0334270716211891	221	10	0.678785392485292	0.881647061895141
maxbin_SRR16554671.002	response	R	-0.110944916060372	0.268298478811306	221	24	0.679639853212891	0.88206370117975
metabat_ERR12405956.16	response	R	0.131420992155197	0.317679018348724	221	86	0.67951040711029	0.88206370117975
maxbin_SRR11413653.011	gender	male	-0.0328193295214766	0.0793110344509993	221	14	0.679425357543127	0.88206370117975
maxbin_SRR5930514.003	response	R	0.0292554663592653	0.0707512933490981	221	4	0.679651457189936	0.88206370117975
semibin_ERR6281997.48_sub	response	R	0.00952519644023208	0.0230063344715298	221	3	0.679264763197635	0.88206370117975
semibin_ERR6279622.41	age	age	0.0088633864395125	0.0214576924075647	221	4	0.679968058894101	0.882333011444808
metabat_SRR11413613.3	age	age	-0.0297983872266428	0.072286131956912	221	14	0.680579056188678	0.882913389715347
semibin_ERR6281658.16	response	R	0.00945295340685726	0.0229355073325237	221	3	0.6806336529272	0.882913389715347
semibin_SRR25825517.26	age	age	-0.00442092302133393	0.0107411610343378	221	3	0.681048338877035	0.883309647985481
metabat_SRR5930516.94	response	R	0.0588514717236368	0.143170783023975	221	38	0.681440836386761	0.883535345414576
semibin_ERR12405970.2_sub	gender	male	0.0272155891018548	0.0662084676016431	221	5	0.681437084402248	0.883535345414576
metabat_ERR6275666.49	gender	male	0.0976632527038543	0.238366441540251	221	27	0.682416761518422	0.883991992136432
semibin_SRR11413689.18	age	age	0.044896133515084	0.110593986369124	221	58	0.685181231293681	0.883991992136432
maxbin_SRR16554641.006	age	age	-0.0225792575948415	0.0552355073961165	221	14	0.683103095226849	0.883991992136432
maxbin_SRR11413681.013	gender	male	0.0329722466944345	0.0806706810969812	221	8	0.683143603180885	0.883991992136432
semibin_SRR5930519.20	response	R	-0.0455090874160899	0.111903126564965	221	13	0.684645470134277	0.883991992136432
semibin_SRR13068850.87	age	age	0.00580362349220749	0.0141659462649968	221	5	0.682438691732556	0.883991992136432
semibin_SRR5930517.113	response	R	0.0705842435955512	0.17324277207097	221	51	0.684099106517994	0.883991992136432
maxbin_SRR13068813.004	gender	male	0.0102633120739429	0.0252324735362852	221	2	0.684596149724917	0.883991992136432
maxbin_ERR12405949.018	response	R	-0.0551131546247931	0.135422685118019	221	12	0.684430156400504	0.883991992136432
maxbin_SRR16554774.005	gender	male	0.00405446094237888	0.00995977479467142	221	1	0.684347849164241	0.883991992136432
maxbin_ERR6279649.011	age	age	-0.00445153457623405	0.0109369110061066	221	3	0.684394952686415	0.883991992136432
maxbin_SRR11413620.008	gender	male	-0.00764954670878484	0.0186462692759093	221	3	0.682033965078161	0.883991992136432
semibin_SRR11413690.24	age	age	-0.0109328595450446	0.0267157289001604	221	5	0.682775005513359	0.883991992136432
semibin_SRR13022391.11	age	age	-0.00852910246013735	0.0209736986632583	221	5	0.684660676800341	0.883991992136432
semibin_ERR12405934.0	age	age	-0.0126142963769516	0.0308170245463133	221	5	0.682702101544974	0.883991992136432
metabat_ERR12405931.15	gender	male	0.00405446094248038	0.00995977479467141	221	1	0.684347849156767	0.883991992136432
metabat_SRR5930494.32	gender	male	0.00405380225386032	0.00998377977685181	221	1	0.685114180459171	0.883991992136432
semibin_ERR6279628.5	age	age	0.012237647800339	0.0300714736306036	221	5	0.684444320349678	0.883991992136432
metabat_ERR6232524.19_sub	gender	male	0.00405380225102832	0.00998377977684708	221	1	0.685114180667145	0.883991992136432
metabat_ERR6281504.33	gender	male	0.00405380225342665	0.00998377977685108	221	1	0.685114180491026	0.883991992136432
metabat_SRR5930494.22	gender	male	0.00405380223297324	0.00998377977681875	221	1	0.685114181993051	0.883991992136432
metabat_SRR25825514.3	gender	male	0.00405380225124177	0.0099837797768478	221	1	0.685114180651472	0.883991992136432
maxbin_ERR6279654.035	gender	male	0.00405380225138063	0.00998377977684788	221	1	0.685114180641274	0.883991992136432
metabat_SRR5930494.116	gender	male	0.00405380223263151	0.00998377977681835	221	1	0.685114182018155	0.883991992136432
maxbin_SRR5930494.013	gender	male	0.00405380225137797	0.00998377977684788	221	1	0.685114180641475	0.883991992136432
maxbin_SRR5930494.035_sub	gender	male	0.0040538022327178	0.00998377977681847	221	1	0.685114182011823	0.883991992136432
metabat_SRR23364174.33	gender	male	0.00405446094235814	0.00995977479467141	221	1	0.684347849165768	0.883991992136432
semibin_SRR5930494.257	gender	male	0.00405380223288908	0.00998377977681851	221	1	0.685114181999232	0.883991992136432
semibin_SRR13068829.87	gender	male	0.00405446094242374	0.00995977479467141	221	1	0.684347849160935	0.883991992136432
semibin_SRR5930494.98	gender	male	0.00405380223279659	0.0099837797768185	221	1	0.685114182006029	0.883991992136432
semibin_SRR5930494.52	gender	male	0.00405380225238976	0.00998377977684945	221	1	0.685114180567155	0.883991992136432
semibin_SRR5930501.108	response	R	-0.0448649798474019	0.110830631908792	221	8	0.686019662052165	0.884791425080196
metabat_SRR16168974.3	gender	male	0.0302411560328936	0.0746849809380789	221	5	0.685940980363826	0.884791425080196
metabat_ERR12405917.12	age	age	-0.0389872217988402	0.0964806468260205	221	24	0.686546202725877	0.885149877116286
metabat_ERR12405974.29	age	age	-0.0130439728393859	0.032271991153627	221	3	0.68647206240257	0.885149877116286
semibin_ERR12405970.2_sub	age	age	-0.0124045341592803	0.0307058549770517	221	5	0.68662590616068	0.885149877116286
maxbin_SRR13068842.057_sub	gender	male	0.0656625471092935	0.162839083678192	221	25	0.687171792136263	0.885159972088143
semibin_ERR6281997.36	age	age	-0.0072875288357552	0.0180700589031515	221	7	0.687129752126129	0.885159972088143
metabat_SRR5930512.20	gender	male	0.0528235688806388	0.130808401473595	221	25	0.68674506059685	0.885159972088143
maxbin_SRR11413679.051_sub	response	R	0.0098598226541474	0.0244424527407626	221	3	0.687059084997789	0.885159972088143
semibin_SRR5930494.150	gender	male	0.0232710139521838	0.0577123329706747	221	2	0.687180942722731	0.885159972088143
metabat_SRR20881980.15_sub	gender	male	-0.0422670190828463	0.104966877379336	221	19	0.687592294962209	0.885548802811201
metabat_SRR25825503.64	age	age	0.00497656684885394	0.0123686939436375	221	2	0.687822817070449	0.885704656020665
semibin_SRR5930518.30	gender	male	0.0610771142899201	0.152070957001956	221	28	0.688351628247457	0.885917711068846
semibin_SRR23364235.6	gender	male	-0.00837797903689208	0.0208653986874272	221	2	0.688430996686534	0.885917711068846
semibin_ERR12405968.34	gender	male	-0.0189833325030194	0.0472483376802837	221	6	0.688242991024682	0.885917711068846
maxbin_SRR11413681.015_sub	response	R	0.00983567254854439	0.0244955292265594	221	3	0.688426541698888	0.885917711068846
semibin_SRR5930528.70_sub	age	age	0.00963026990161833	0.0239928334837474	221	2	0.688535946065624	0.885917711068846
maxbin_SRR16554767.011	age	age	-0.0149231653371299	0.0371968228610216	221	7	0.68867161743352	0.885926529380731
semibin_SRR20881986.23	age	age	0.0110089946609746	0.0274486626325931	221	6	0.688761871506681	0.885926529380731
metabat_ERR6257997.12	gender	male	-0.01885598407152	0.0470484675177259	221	6	0.688980329419947	0.88606660905526
semibin_SRR13068843.26	gender	male	-0.0110971308523569	0.0277252408136251	221	3	0.68936638093869	0.88642214452021
maxbin_ERR2162223.012	response	R	-0.131455451846875	0.328943781339776	221	86	0.689824188622632	0.88647079113415
metabat_SRR20881986.45	gender	male	-0.0239375331604232	0.0599123237240634	221	10	0.689890463357058	0.88647079113415
metabat_SRR16554734.17	age	age	-0.0165562121998654	0.0414471974505477	221	2	0.689952229251913	0.88647079113415
metabat_ERR6232458.5	gender	male	0.0131533351203032	0.0328938556836176	221	2	0.689645344458616	0.88647079113415
semibin_SRR5930493.130	age	age	0.021015936816401	0.0525731367652768	221	6	0.689740343785265	0.88647079113415
maxbin_SRR16168969.015	age	age	0.0122142099362691	0.0306446480162907	221	10	0.690599161220228	0.887161057171093
metabat_ERR12405982.7	response	R	0.013405877146285	0.0336744342895399	221	2	0.690946002774392	0.887465661495836
maxbin_SRR13068835.009	response	R	0.0142925472362421	0.0359530049111237	221	2	0.691365641291674	0.88786365620309
semibin_ERR6279673.25_sub	response	R	0.0269182753769589	0.0680345354059687	221	11	0.692748163230352	0.887899285329326
semibin_ERR12405928.36_sub	age	age	0.00511098301507605	0.0128858434529298	221	5	0.692026045536165	0.887899285329326
maxbin_SRR23364203.002	gender	male	0.037677509070426	0.0953595337378061	221	6	0.69314986245912	0.887899285329326
semibin_SRR5930517.103	response	R	-0.0505311192413283	0.127634920245518	221	19	0.692569326740678	0.887899285329326
semibin_SRR5930517.80	gender	male	0.00392058595852995	0.00992091065681046	221	1	0.693095249314052	0.887899285329326
semibin_SRR5930520.41	response	R	0.0146148911917621	0.0368084866418614	221	2	0.691720521193671	0.887899285329326
maxbin_ERR6279649.011	response	R	0.00888079664204897	0.0224043266394977	221	3	0.692208639880367	0.887899285329326
semibin_SRR5930517.10	gender	male	0.00392058593953567	0.00992091065688096	221	1	0.693095250726869	0.887899285329326
semibin_ERR6275652.61	gender	male	0.0178234719791635	0.0450404587153855	221	2	0.692700287115295	0.887899285329326
semibin_SRR5930517.9	gender	male	0.00392058594001376	0.00992091065687957	221	1	0.693095250691325	0.887899285329326
semibin_SRR16554681.35	response	R	0.01238544732249	0.0312202733150485	221	2	0.691969942232041	0.887899285329326
maxbin_SRR5930517.009	gender	male	0.00392058594000066	0.00992091065687963	221	1	0.69309525069229	0.887899285329326
semibin_ERR6279624.11	gender	male	0.00392058594248116	0.00992091065686986	221	1	0.693095250507778	0.887899285329326
semibin_SRR5930517.29	gender	male	0.00392058595852154	0.00992091065681075	221	1	0.693095249314678	0.887899285329326
maxbin_SRR5930517.019	gender	male	0.0039205859586402	0.00992091065681041	221	1	0.693095249305858	0.887899285329326
metabat_SRR13068843.1	gender	male	0.00392058593722015	0.00992091065688953	221	1	0.6930952508991	0.887899285329326
semibin_SRR20881975.0	response	R	0.0966329565786879	0.245101749012275	221	32	0.693779888672059	0.888292034685261
semibin_SRR23364175.38	response	R	0.0257301849189427	0.0652564456086311	221	4	0.693753078513961	0.888292034685261
semibin_ERR6235718.4	gender	male	-0.00889339350776716	0.0225576938429775	221	3	0.693785952411819	0.888292034685261
metabat_ERR6279664.26	age	age	0.0142058413214562	0.0360496011114658	221	5	0.693920931499886	0.888324231397765
maxbin_ERR6281586.033	age	age	-0.0080966045832495	0.0205550482666467	221	4	0.694043198347798	0.888340146896185
semibin_ERR12405945.16	age	age	0.0132525065941889	0.0336590090220494	221	9	0.694170122835509	0.888362017957847
semibin_ERR12405939.29	gender	male	-0.158444564896992	0.403586900590832	221	151	0.695008745711979	0.88869966287609
metabat_SRR16554687.19	age	age	0.0303596207765508	0.0773360387600927	221	30	0.695024225680319	0.88869966287609
metabat_SRR11413611.7	response	R	-0.0439846806445395	0.112085549184888	221	9	0.695132622243371	0.88869966287609
semibin_ERR12405979.55	gender	male	-0.00922608862926075	0.0235150745151999	221	2	0.695190966655288	0.88869966287609
maxbin_SRR13068829.001	response	R	-0.0151630832412558	0.0386490729076793	221	3	0.695203111648989	0.88869966287609
maxbin_ERR6267711.006	age	age	-0.00294219011783882	0.00748981584452665	221	2	0.69483403335872	0.88869966287609
maxbin_SRR6000908.002	response	R	0.00933620167987099	0.023761193062988	221	3	0.694766640803693	0.88869966287609
metabat_SRR5930494.44	response	R	0.0387050936531654	0.0987654969615665	221	9	0.695527374928991	0.888973673897863
metabat_SRR20881975.42	age	age	-0.0266126658660701	0.067991504522455	221	21	0.695879393198251	0.888988625831818
maxbin_ERR6279660.006	response	R	0.0406115807859414	0.103818739761807	221	5	0.69605095676233	0.888988625831818
maxbin_ERR12405942.013	age	age	-0.00999088817552806	0.0255551714590419	221	3	0.696215046320681	0.888988625831818
metabat_SRR20881976.34_sub	response	R	0.0346598402449267	0.0885098342143871	221	9	0.695746020250772	0.888988625831818
metabat_SRR11413689.56	age	age	0.00537994033281479	0.0137664131391823	221	2	0.696327076670001	0.888988625831818
semibin_SRR16554790.12	gender	male	-0.0228803551657081	0.0585559952920225	221	3	0.696370424244085	0.888988625831818
semibin_ERR6275668.67	age	age	-0.0073067759003727	0.0186954847910046	221	4	0.696306034538119	0.888988625831818
metabat_SRR13068846.48	gender	male	0.00387119065163031	0.0099088293860478	221	1	0.696418389375667	0.888988625831818
metabat_SRR5930503.9_sub	age	age	-0.00580258413781556	0.0148608857502724	221	3	0.69657969784929	0.889054220641479
semibin_SRR6000892.71	age	age	0.0439401026065062	0.11277052601939	221	58	0.69718863854668	0.889691023756003
semibin_SRR5930532.161	age	age	-0.0135311559856304	0.0347439835817139	221	6	0.697323943466171	0.889723308842782
semibin_SRR5930494.87	response	R	-0.0232830700870057	0.0598765072142454	221	3	0.697768085731382	0.890149570567101
metabat_SRR16554771.5	gender	male	0.0890011026818166	0.229310914187024	221	56	0.698309691437705	0.890476856452601
semibin_SRR23364227.47	gender	male	-0.012624757160526	0.0325285728666201	221	3	0.698313829759232	0.890476856452601
maxbin_SRR5930507.005	age	age	0.00868352019435473	0.0223854952210558	221	3	0.698465031816927	0.890476856452601
semibin_ERR12405957.24	response	R	0.0159789650664744	0.0411849819098835	221	2	0.698410877127892	0.890476856452601
maxbin_SRR16554744.022	age	age	-0.0217473721434751	0.056095064897539	221	18	0.698627095189777	0.890543096279734
maxbin_SRR11413653.009	gender	male	0.0425006336400462	0.109702977616721	221	10	0.69883021948781	0.890568906249632
maxbin_ERR12405955.019	gender	male	0.0127776480136911	0.0329861414482167	221	2	0.698867562804947	0.890568906249632
maxbin_SRR5930505.015_sub	response	R	-0.0401876634443205	0.103936819363376	221	20	0.699394190064304	0.890858815258648
metabat_SRR11413608.104_sub	response	R	-0.0116849226636543	0.0302151179417347	221	5	0.699339226565593	0.890858815258648
metabat_SRR16554652.40	response	R	0.0339722431948728	0.0878724257289728	221	5	0.699425504066816	0.890858815258648
metabat_SRR16554687.19	gender	male	0.0643675542613044	0.166697159050823	221	30	0.699775244064385	0.891146633061718
metabat_SRR11413684.1	response	R	-0.0244838615868949	0.0634290258428819	221	7	0.699871836450054	0.891146633061718
metabat_SRR6000921.8	response	R	-0.0246096337155612	0.0637979748810567	221	7	0.700066908893664	0.891254707875327
maxbin_ERR6233695.024_sub	response	R	0.0437154775410007	0.113405395735769	221	21	0.700263981255474	0.891365294364853
metabat_SRR6000893.6	age	age	0.00552045192677931	0.014345823508052	221	5	0.700753231871785	0.891707385050188
metabat_SRR16554766.12	age	age	0.00708615912874951	0.0184126338971851	221	2	0.700723183660085	0.891707385050188
semibin_SRR20881984.48	gender	male	0.037951603842429	0.0989355174636147	221	7	0.701650956568711	0.892007692035167
metabat_SRR16168902.18	response	R	0.0512098496843198	0.133469602970078	221	12	0.701591913284825	0.892007692035167
maxbin_SRR5930499.004	response	R	0.0109248163883639	0.0284794915177825	221	2	0.701648984185065	0.892007692035167
semibin_SRR13068829.28_sub	response	R	0.0264102814128515	0.0687415614221896	221	8	0.701210090306696	0.892007692035167
metabat_SRR16554656.29	response	R	-0.00514985882743917	0.0134175656883717	221	2	0.701491594646372	0.892007692035167
semibin_ERR6279655.13	response	R	-0.0114181085092046	0.0297407730834542	221	3	0.701412883522283	0.892007692035167
semibin_SRR5930520.180	age	age	-0.00885338488962753	0.0231035044365834	221	4	0.701945921640769	0.892242435051161
metabat_ERR12405917.12	gender	male	-0.0797376394078702	0.208317800983391	221	24	0.702269749972698	0.892513786577496
metabat_SRR13022316.9	age	age	0.0169958947187938	0.0444821036975368	221	9	0.702773745793802	0.89251551199867
metabat_SRR11413684.1	gender	male	0.0255325131005641	0.0667416745806496	221	7	0.70242248554941	0.89251551199867
semibin_SRR11413679.3	gender	male	-0.0372340146443351	0.0974092647070187	221	13	0.702658534249018	0.89251551199867
maxbin_SRR11413685.021	age	age	-0.00915327531598065	0.0239350872971791	221	4	0.702523544598205	0.89251551199867
semibin_SRR13068831.57	age	age	0.00460338032142739	0.012050140741725	221	2	0.702822860524175	0.89251551199867
maxbin_SRR16168913.015	response	R	0.110365687487535	0.289292065731766	221	68	0.703203943316379	0.892719116864366
maxbin_SRR11413646.006_sub	response	R	-0.0159719157547826	0.0418554468954318	221	3	0.703133649407832	0.892719116864366
semibin_SRR13068827.60	age	age	-0.0255262690551861	0.0669773505127208	221	21	0.703490474853832	0.892942711961362
semibin_SRR16554669.51_sub	response	R	-0.0431674580781255	0.113414192445529	221	24	0.703863168496199	0.893275585563668
maxbin_ERR6279660.001	response	R	0.0393729743556374	0.103505425225764	221	12	0.704025549042417	0.893341487394897
metabat_ERR12405940.22	age	age	0.00903231735430853	0.0237824947056046	221	5	0.704475459396366	0.89377215930946
maxbin_ERR12405985.002_sub	gender	male	0.0237249159133631	0.0625186385017269	221	5	0.704698480587246	0.89391488566337
semibin_SRR25825517.26	response	R	0.00834226225248503	0.0220033316689132	221	3	0.704957356980837	0.894103042694216
maxbin_SRR11413610.006	age	age	-0.00692077263818582	0.0182752635857403	221	4	0.705285024328119	0.894238168485001
semibin_ERR6230326.4	gender	male	-0.0182616081986785	0.048217956795527	221	6	0.70526050083049	0.894238168485001
semibin_SRR5930502.51	age	age	0.082203713704593	0.218026309306524	221	101	0.706515709821946	0.895012018316225
semibin_SRR25825507.51_sub	gender	male	-0.0238066723767502	0.0631511308508649	221	9	0.706559314657406	0.895012018316225
metabat_SRR16554694.1	response	R	0.0437113210144053	0.115855732566617	221	17	0.706327946306793	0.895012018316225
metabat_SRR16554707.26	age	age	0.0127143759789549	0.0337266132596157	221	9	0.706556471795075	0.895012018316225
semibin_ERR12405971.1	response	R	-0.0239903002929374	0.0636265423298352	221	6	0.706505932616596	0.895012018316225
maxbin_SRR16554643.001	gender	male	0.0152466513167897	0.0404329495695402	221	2	0.706479077565084	0.895012018316225
metabat_SRR5930532.8_sub	gender	male	0.00375612675799487	0.00997731588850715	221	1	0.70693783565463	0.89507094783573
metabat_ERR12405959.31	age	age	0.00500121493765516	0.0132815448774573	221	2	0.70687322500517	0.89507094783573
semibin_SRR5930532.10	gender	male	0.00375612677917553	0.00997731588853906	221	1	0.706937834079878	0.89507094783573
semibin_SRR5930530.129_sub	age	age	-0.00656646512835947	0.0174683462512246	221	2	0.707353738664451	0.895457354565359
semibin_ERR2162202.34	age	age	0.0128941946746446	0.0343212271276527	221	3	0.707515082981628	0.895521438365478
metabat_ERR6279682.1	gender	male	0.0249103115345753	0.0663690670277055	221	5	0.707784308379076	0.895694608718551
metabat_ERR6281518.47	gender	male	-0.019918439633654	0.0530859871970282	221	4	0.707873385129695	0.895694608718551
maxbin_SRR5930519.014	response	R	-0.00512647178788586	0.0136739195446256	221	2	0.708095347027434	0.895835314681353
metabat_SRR16554777.11	response	R	0.0121203560138306	0.032344460410042	221	3	0.708229354851588	0.89586472036904
semibin_ERR6279664.27	gender	male	-0.0118554489822084	0.0316846794825865	221	3	0.708644190862548	0.896109164430314
semibin_SRR13068839.82	age	age	-0.0199108560620006	0.0531994055995925	221	22	0.708574417897955	0.896109164430314
semibin_SRR5930533.32_sub	response	R	0.0755393233059338	0.201980139862534	221	25	0.70877553349588	0.896135143804077
metabat_SRR16554713.13	response	R	-0.137528069031838	0.368270823965193	221	108	0.709184291533049	0.896379500167999
maxbin_SRR16554751.004	gender	male	-0.0314304813489806	0.0842182352064513	221	5	0.709361820240698	0.896379500167999
metabat_ERR12406009.18	response	R	0.0254890518093478	0.068304714413024	221	6	0.709390559682578	0.896379500167999
maxbin_SRR8387707.009	age	age	-0.0298012211361334	0.0799398025839368	221	33	0.709664313409315	0.896379500167999
semibin_ERR12406001.48	age	age	-0.00741144625715025	0.0198859149299635	221	4	0.709737279543555	0.896379500167999
metabat_SRR8387683.37	age	age	0.00904853344865961	0.0242791268224507	221	5	0.709744599292268	0.896379500167999
semibin_SRR20881977.6	gender	male	-0.0218832435001904	0.0586810151041037	221	5	0.709573011888407	0.896379500167999
semibin_SRR5930508.186	gender	male	0.017767450729703	0.0477529261126267	221	3	0.710203515908913	0.896819053344463
metabat_SRR16554627.25	response	R	-0.04883898301043	0.131384552505654	221	9	0.710460995968037	0.897004142271227
semibin_SRR25825500.94	age	age	0.00787583158601158	0.0212154531272244	221	4	0.710827749495816	0.897076300383566
metabat_SRR20881976.34_sub	gender	male	0.0346592089496838	0.093385201003012	221	9	0.710896791660924	0.897076300383566
metabat_SRR5930520.43	age	age	0.0156998875660769	0.0423119811661403	221	10	0.71096180581833	0.897076300383566
metabat_SRR16554779.19	age	age	-0.00803192749123259	0.0216383181868976	221	2	0.710858154559703	0.897076300383566
semibin_SRR5930503.31	gender	male	-0.0531801155491482	0.143575081377617	221	23	0.711446252448273	0.897298593410079
semibin_SRR5930516.27_sub	response	R	-0.0267523877581022	0.0722322339201641	221	7	0.711470806075524	0.897298593410079
semibin_SRR11413649.66	gender	male	-0.0130011952789923	0.0350774826273595	221	4	0.71126814557146	0.897298593410079
semibin_ERR6231475.0	gender	male	0.0197067426825332	0.0532544796904154	221	5	0.711707230829535	0.897456826153614
semibin_ERR6281658.16	age	age	-0.00413916222666063	0.0111962125268024	221	3	0.71197172037634	0.897650393515797
maxbin_SRR11413610.003	response	R	0.0124025363400081	0.033567986473466	221	2	0.712135097143508	0.897716437920308
maxbin_SRR5930514.007	response	R	0.011710135878209	0.0317303042156341	221	2	0.712450067052946	0.897973530048968
maxbin_ERR12405962.011_sub	response	R	0.11239350894162	0.305259848663143	221	79	0.713091412268594	0.898175953160509
semibin_SRR11413679.4	age	age	-0.0379704225885543	0.103139282421638	221	34	0.71312502315893	0.898175953160509
semibin_ERR6279669.45	age	age	0.0218511152627975	0.0592705658441845	221	22	0.712739565006479	0.898175953160509
maxbin_SRR5930506.009	gender	male	0.0234529032274704	0.063715232205664	221	2	0.713165921265676	0.898175953160509
semibin_SRR16554651.7	response	R	0.0146938284038081	0.0398750551752829	221	2	0.712862105360882	0.898175953160509
semibin_SRR13022319.17	age	age	-0.0193778862973818	0.0527058797813172	221	16	0.713487878881674	0.898301675653016
maxbin_SRR23364204.002_sub	response	R	0.0327949354192895	0.0891671758262696	221	18	0.713391181295659	0.898301675653016
semibin_ERR6279654.35	response	R	-0.0162855716018844	0.0443277513362083	221	4	0.713687232912421	0.898412815532399
metabat_ERR12405922.1	response	R	-0.020825956177948	0.0567261994703402	221	6	0.713879498103406	0.898514998546584
maxbin_ERR6232522.003	age	age	-0.0148108003037361	0.0404046856438116	221	16	0.714307708517667	0.898825045331239
semibin_SRR25825494.37	gender	male	-0.0209270460857324	0.0570995048093497	221	4	0.714348094879971	0.898825045331239
metabat_ERR12405923.25	response	R	0.0357835009204471	0.0978059840222064	221	15	0.714824699474155	0.898994299791611
semibin_SRR23364237.9	gender	male	-0.0506344990290128	0.138449990546359	221	13	0.714927217638432	0.898994299791611
metabat_ERR12405915.37	age	age	-0.00989003960076012	0.027040891455483	221	6	0.714913545713912	0.898994299791611
semibin_ERR12405976.91	gender	male	-0.0210246849690194	0.0574282992903212	221	4	0.714644727275633	0.898994299791611
maxbin_SRR11413620.019	response	R	0.0865252855310802	0.243771362190526	221	60	0.722976268608466	0.899500006806796
semibin_SRR16554695.47	gender	male	0.0824971549219622	0.234172285389014	221	15	0.724962987729892	0.899500006806796
semibin_SRR16554765.35	gender	male	-0.0650573937987993	0.181414032540154	221	30	0.720233619134204	0.899500006806796
semibin_SRR16554648.6	gender	male	-0.0511194050779433	0.144975817735174	221	24	0.724725757393319	0.899500006806796
semibin_SRR23364183.27	gender	male	0.063457710039798	0.179856302847186	221	41	0.724566870992056	0.899500006806796
maxbin_ERR12406005.005	age	age	-0.00632080656285243	0.017990440424137	221	8	0.725672297776254	0.899500006806796
semibin_SRR23364171.72	gender	male	0.0662629474630467	0.183479134254259	221	35	0.718345217380369	0.899500006806796
semibin_ERR6279619.6	age	age	0.0130311807749246	0.0368520686635173	221	8	0.723976095373893	0.899500006806796
metabat_SRR6000940.44	age	age	0.0169159523036636	0.0464552842399359	221	11	0.71611244234279	0.899500006806796
semibin_ERR12405986.41	age	age	-0.00647535449616969	0.0183331767322927	221	8	0.724278605443045	0.899500006806796
metabat_SRR16554736.34_sub	response	R	-0.02884631206242	0.0792621121983082	221	10	0.716261474976175	0.899500006806796
maxbin_ERR12405931.013	age	age	-0.0188700103128512	0.0528793148774469	221	8	0.721550979777612	0.899500006806796
maxbin_SRR5930507.021	age	age	0.0194690015522707	0.0543342854929088	221	22	0.720457284676771	0.899500006806796
semibin_SRR16554763.40_sub	response	R	0.0228814717721555	0.0635852966679069	221	5	0.719305924726908	0.899500006806796
metabat_SRR16554660.22	age	age	0.0084159050747717	0.0233053347759297	221	2	0.718364829599463	0.899500006806796
semibin_SRR23364171.89	age	age	-0.0154025455380179	0.0438180945136628	221	13	0.725547033682513	0.899500006806796
semibin_SRR5930511.23	gender	male	-0.0386958354060977	0.108545905577246	221	12	0.721819123833614	0.899500006806796
metabat_SRR16554733.8	age	age	-0.0016432816237759	0.00459563004981256	221	1	0.72101244262977	0.899500006806796
semibin_SRR16554660.75	age	age	0.00677609885711626	0.0187538992916928	221	2	0.718214173738031	0.899500006806796
semibin_SRR13022392.16	age	age	-0.0164561895867594	0.0463953938013825	221	11	0.723162957457923	0.899500006806796
metabat_ERR12405950.7	age	age	-0.0054318281575975	0.015197737898063	221	3	0.72113203171507	0.899500006806796
semibin_SRR13022297.24	age	age	0.0016285076799493	0.00463450113390306	221	1	0.72563829135012	0.899500006806796
maxbin_SRR16554720.002	age	age	0.00162850767995698	0.00463450113390306	221	1	0.725638291348879	0.899500006806796
semibin_ERR6273965.44_sub	response	R	0.0390865370259208	0.108609362292442	221	12	0.719289454438258	0.899500006806796
maxbin_ERR6279654.010	age	age	0.00993528308072239	0.0275318334491944	221	4	0.718551218474075	0.899500006806796
metabat_SRR5930498.86	age	age	-0.0289524732278838	0.0805625646250862	221	30	0.719665660614553	0.899500006806796
semibin_SRR11413683.194	age	age	-0.0140918025216195	0.0393312761317823	221	5	0.720478407825346	0.899500006806796
maxbin_SRR5930509.003	age	age	0.00834928814431756	0.023543550336619	221	2	0.723209977473021	0.899500006806796
metabat_ERR6275673.39	age	age	-0.0016459521561902	0.00463042896691567	221	1	0.722587332231041	0.899500006806796
metabat_SRR11413610.67	age	age	-0.00164595215669947	0.00463042896688627	221	1	0.722587332147092	0.899500006806796
semibin_SRR11413683.123	response	R	0.0174607492736283	0.0485252515123486	221	2	0.719327164825462	0.899500006806796
maxbin_SRR16554660.011	age	age	0.00162850767995826	0.00463450113390306	221	1	0.725638291348673	0.899500006806796
metabat_SRR13068815.24	gender	male	-0.00725375233600102	0.0202952081375382	221	2	0.721131491532428	0.899500006806796
metabat_SRR13068852.52	response	R	-0.0252992380074125	0.0719991214177887	221	9	0.725642275790422	0.899500006806796
semibin_ERR6279629.17	age	age	-0.00405527000997757	0.011472365275921	221	3	0.724070592695042	0.899500006806796
maxbin_SRR16554787.013	response	R	0.0139951996423868	0.0390434066211794	221	2	0.720353317418331	0.899500006806796
maxbin_SRR5930530.008	age	age	-0.01542050867411	0.042768106851301	221	12	0.718782482422031	0.899500006806796
semibin_SRR5930516.11_sub	age	age	-0.00919421935700253	0.0253726449000112	221	5	0.717432233785681	0.899500006806796
semibin_SRR16554766.42	age	age	0.00162850767995486	0.00463450113390306	221	1	0.725638291349222	0.899500006806796
metabat_SRR6000902.41_sub	gender	male	0.0260516363823291	0.0722914099452104	221	7	0.718924291056648	0.899500006806796
metabat_ERR6280907.75	gender	male	0.0303087864994697	0.0842322726458646	221	5	0.71932942146095	0.899500006806796
semibin_ERR6275674.90	gender	male	0.0104048371617964	0.0294703613365737	221	2	0.72438663053312	0.899500006806796
semibin_SRR11413687.106_sub	response	R	-0.041222791435877	0.114302647818232	221	9	0.718714924367362	0.899500006806796
semibin_SRR11413678.104	age	age	-0.00164595215650527	0.00463042896689715	221	1	0.722587332179067	0.899500006806796
metabat_ERR12406002.26	age	age	-0.00164595215617963	0.00463042896691583	221	1	0.722587332232747	0.899500006806796
maxbin_ERR12405998.001_sub	age	age	-0.00164595215663839	0.00463042896688966	221	1	0.722587332157145	0.899500006806796
maxbin_SRR8387710.003	age	age	-0.00164595215650297	0.00463042896689723	221	1	0.722587332179446	0.899500006806796
metabat_SRR23364197.91	gender	male	0.0301780850520028	0.0853143291000124	221	5	0.723886613934089	0.899500006806796
metabat_ERR6279677.10	age	age	0.0115125888919553	0.0318489718511055	221	7	0.718099553922809	0.899500006806796
semibin_ERR6281997.48_sub	age	age	-0.00409122210802055	0.0112307875501267	221	3	0.71599894318473	0.899500006806796
metabat_ERR12405920.28	response	R	-0.0249292785963901	0.0700796343328416	221	9	0.722391985221047	0.899500006806796
metabat_ERR12405914.16	gender	male	-0.0269510192852185	0.0750571415219722	221	6	0.719889354009527	0.899500006806796
semibin_ERR6281518.116	gender	male	0.0103838655251742	0.0293892077171611	221	2	0.724191002897024	0.899500006806796
maxbin_SRR25825514.018_sub	age	age	-0.00724330764060494	0.0201039780420685	221	4	0.718979399773142	0.899500006806796
maxbin_ERR6275673.018	age	age	-0.00409199207156989	0.011404891354011	221	3	0.720098990681619	0.899500006806796
maxbin_ERR12405976.034_sub	age	age	-0.00723404789905299	0.0202284919902921	221	4	0.72097807753127	0.899500006806796
semibin_SRR11413649.38_sub	gender	male	0.010191512773041	0.0286453711432458	221	2	0.72235060136743	0.899500006806796
metabat_ERR6275678.3	age	age	0.00162850767996942	0.00463450113390306	221	1	0.725638291346868	0.899500006806796
semibin_SRR5930506.126	response	R	0.0333395376581553	0.0922889802297847	221	11	0.718265740685488	0.899500006806796
maxbin_SRR16554660.004	response	R	0.0132932683348517	0.0367888729441124	221	2	0.718197323470817	0.899500006806796
maxbin_ERR6279677.010	gender	male	0.0104893644452933	0.0297975633790799	221	2	0.725165450727656	0.899500006806796
metabat_ERR6254871.61	age	age	-0.00164595215691199	0.00463042896687515	221	1	0.722587332112116	0.899500006806796
maxbin_ERR6275680.033	age	age	0.00162850767996364	0.00463450113390306	221	1	0.725638291347801	0.899500006806796
metabat_ERR12406013.34	age	age	-0.00164595215662788	0.00463042896688978	221	1	0.722587332158846	0.899500006806796
metabat_ERR6279657.98_sub	age	age	-0.00868575453183551	0.0245729617311623	221	4	0.724082205867094	0.899500006806796
semibin_ERR6235718.14	age	age	-0.00404215143506681	0.0115036819111709	221	3	0.725645020272407	0.899500006806796
maxbin_SRR11413618.020	gender	male	0.0105105823433615	0.0298797222994996	221	2	0.725358537171613	0.899500006806796
semibin_SRR16554660.115	age	age	0.00162850767995014	0.00463450113390306	221	1	0.725638291349986	0.899500006806796
semibin_SRR16554766.58	age	age	0.00162850767996517	0.00463450113390306	221	1	0.725638291347556	0.899500006806796
metabat_ERR12406004.31	gender	male	0.010106757472824	0.0283179326116081	221	2	0.721512484870013	0.899500006806796
semibin_SRR6000908.41	age	age	0.00162850767995027	0.00463450113390306	221	1	0.725638291349964	0.899500006806796
metabat_SRR23364198.6	age	age	-0.0016459521564284	0.00463042896690089	221	1	0.722587332191716	0.899500006806796
semibin_ERR6279669.75_sub	age	age	-0.00411147591045893	0.0113145841830308	221	3	0.716675952625626	0.899500006806796
semibin_SRR16554660.121	age	age	0.00162850767996578	0.00463450113390306	221	1	0.725638291347458	0.899500006806796
semibin_SRR5930494.87	gender	male	0.0226976621809442	0.0631718765316145	221	3	0.719720111026251	0.899500006806796
metabat_ERR6279629.17_sub	age	age	-0.00164595215650588	0.00463042896689724	221	1	0.72258733217898	0.899500006806796
semibin_SRR11413611.51_sub	age	age	-0.00164595215661976	0.00463042896688989	221	1	0.722587332160167	0.899500006806796
metabat_ERR6239139.1	age	age	0.00162850767994585	0.00463450113390306	221	1	0.725638291350678	0.899500006806796
metabat_ERR6232525.20	age	age	0.00162850767996282	0.00463450113390306	221	1	0.725638291347935	0.899500006806796
maxbin_ERR12406009.012	age	age	0.00162850767994846	0.00463450113390306	221	1	0.725638291350256	0.899500006806796
maxbin_ERR6232527.009	age	age	0.00162850767995121	0.00463450113390306	221	1	0.725638291349811	0.899500006806796
semibin_SRR5930504.31_sub	gender	male	0.0221002267782719	0.0611950099886761	221	6	0.718346521753073	0.899500006806796
semibin_SRR5930495.36	age	age	-0.00164595215684584	0.00463042896687864	221	1	0.722587332122995	0.899500006806796
metabat_SRR16554660.15	age	age	0.0016285076799492	0.00463450113390306	221	1	0.725638291350137	0.899500006806796
semibin_ERR6275661.3	age	age	0.00162850767995149	0.00463450113390306	221	1	0.725638291349766	0.899500006806796
metabat_SRR25825520.1	age	age	0.00162850767995646	0.00463450113390306	221	1	0.725638291348964	0.899500006806796
metabat_SRR16554766.44	age	age	0.0016285076799563	0.00463450113390307	221	1	0.725638291348988	0.899500006806796
metabat_SRR5930534.18	age	age	-0.00164595215651537	0.00463042896689709	221	1	0.722587332177441	0.899500006806796
metabat_SRR16554660.33	age	age	0.00162850767996162	0.00463450113390306	221	1	0.72563829134813	0.899500006806796
metabat_SRR13068841.35_sub	age	age	0.00538156290908431	0.0148561562522838	221	3	0.717521841907809	0.899500006806796
maxbin_SRR5930534.025_sub	age	age	-0.00164595215683618	0.00463042896687872	221	1	0.722587332124563	0.899500006806796
metabat_SRR16554766.36	age	age	0.00162850767994964	0.00463450113390306	221	1	0.725638291350065	0.899500006806796
metabat_SRR16554766.26	age	age	0.0016285076799559	0.00463450113390306	221	1	0.725638291349053	0.899500006806796
metabat_SRR23364235.43	age	age	0.0258568646399543	0.0747281955640923	221	15	0.729668807754368	0.899595701346782
semibin_SRR20881988.7	response	R	-0.0976839288165052	0.282485554830834	221	33	0.729826908283578	0.899595701346782
semibin_SRR11413683.31	gender	male	0.0813784802453839	0.234770502491435	221	29	0.729205255112315	0.899595701346782
maxbin_ERR12405924.017	response	R	0.032108124504473	0.0925261925292715	221	15	0.728915405128333	0.899595701346782
metabat_SRR11413686.33	gender	male	0.0484817218333907	0.138474768791122	221	11	0.726594032172508	0.899595701346782
metabat_ERR12406002.11	age	age	0.0157228685863191	0.0453634161713846	221	11	0.729229216180386	0.899595701346782
metabat_ERR12406000.21	gender	male	-0.038393163288779	0.11013538994002	221	11	0.72772960710939	0.899595701346782
metabat_SRR5930522.13_sub	gender	male	-0.0528621192742761	0.151367933971905	221	17	0.727256293227865	0.899595701346782
maxbin_SRR11413681.013	response	R	-0.0266164311457448	0.0764602132311474	221	8	0.728096938023976	0.899595701346782
semibin_SRR5930521.13	gender	male	-0.0455342128874449	0.130865209329529	221	12	0.728219689444583	0.899595701346782
metabat_SRR5930506.22	response	R	-0.0279197278385823	0.079896708013653	221	14	0.727092042433008	0.899595701346782
metabat_SRR25825510.42_sub	gender	male	-0.0163020979052176	0.0470436497447467	221	3	0.729279237545715	0.899595701346782
maxbin_SRR16554752.002	response	R	0.0496006726122298	0.141529548046211	221	10	0.726332737234347	0.899595701346782
semibin_ERR6279668.12	response	R	-0.0366101476777335	0.10502443916222	221	5	0.727737400904199	0.899595701346782
metabat_SRR11413680.4	age	age	-0.00159225454545235	0.00460423881864025	221	1	0.729810305890819	0.899595701346782
maxbin_SRR16554639.004	age	age	-0.00159225454545401	0.00460423881864024	221	1	0.729810305890551	0.899595701346782
metabat_SRR5930534.33	age	age	0.0173222784834894	0.0498990898499855	221	9	0.728820770991234	0.899595701346782
metabat_SRR20881977.30	age	age	0.0150159567302617	0.0432320607671411	221	15	0.728680846587135	0.899595701346782
semibin_SRR11413687.171	gender	male	0.0034363078789289	0.00993867998453561	221	1	0.729864860549192	0.899595701346782
metabat_SRR16554627.25	gender	male	0.0484958250479662	0.138618234067166	221	9	0.726789508713698	0.899595701346782
semibin_SRR16554756.21	gender	male	0.0034363078788316	0.0099386799845356	221	1	0.729864860556536	0.899595701346782
semibin_ERR12405920.20	age	age	-0.00159225454545879	0.00460423881864024	221	1	0.729810305889771	0.899595701346782
semibin_SRR20881988.34	age	age	-0.00159225454546027	0.00460423881864024	221	1	0.729810305889531	0.899595701346782
metabat_SRR11413645.47	age	age	-0.00159225454545626	0.00460423881864024	221	1	0.729810305890185	0.899595701346782
metabat_SRR16554727.4	age	age	0.00409113278711616	0.0117895875428227	221	2	0.728918315861665	0.899595701346782
metabat_SRR16554766.12	response	R	0.0130510640308697	0.0377183890310246	221	2	0.729667959582942	0.899595701346782
semibin_SRR11413687.8	age	age	-0.0015922545454581	0.00460423881864025	221	1	0.729810305889878	0.899595701346782
semibin_SRR11413613.5	age	age	-0.00159225454546052	0.00460423881864025	221	1	0.72981030588949	0.899595701346782
metabat_ERR6279676.50	age	age	-0.00159225454545795	0.00460423881864024	221	1	0.729810305889906	0.899595701346782
metabat_SRR6000949.29	age	age	0.00635116351312106	0.0181637813268999	221	3	0.726932432115279	0.899595701346782
maxbin_SRR16168969.005	gender	male	0.00344911307520911	0.0099653378768561	221	1	0.729595694802072	0.899595701346782
maxbin_ERR12406007.007	age	age	-0.00969125523173697	0.02791694256686	221	9	0.728822100880847	0.899595701346782
semibin_SRR16554760.12	gender	male	-0.00903966021447837	0.0260986947347226	221	3	0.729405521928406	0.899595701346782
metabat_ERR6281518.75	gender	male	0.00344911307492987	0.00996533787684845	221	1	0.729595694822894	0.899595701346782
metabat_SRR23364176.32	gender	male	0.00343630787873945	0.00993867998453559	221	1	0.729864860563499	0.899595701346782
semibin_ERR6280899.56	age	age	-0.00159225454545988	0.00460423881864024	221	1	0.729810305889591	0.899595701346782
semibin_SRR16554777.34	gender	male	0.00343630787889975	0.0099386799845356	221	1	0.729864860551394	0.899595701346782
maxbin_SRR5930508.026	response	R	0.0920511608821673	0.267073884766758	221	64	0.730679912814688	0.899930417438594
maxbin_SRR16554733.009	response	R	0.0821366750035135	0.238176223738043	221	60	0.730537134768279	0.899930417438594
metabat_SRR6000874.13_sub	age	age	0.0260045593739379	0.0754256548079285	221	33	0.730604955349601	0.899930417438594
semibin_SRR5930532.36	age	age	0.00329489138875309	0.00954715398489355	221	3	0.730340208219497	0.899930417438594
metabat_ERR6279619.32	response	R	-0.0248201024798225	0.0720181165566706	221	9	0.730701117273047	0.899930417438594
metabat_SRR5930494.44	gender	male	-0.0359051260288148	0.104222915165765	221	9	0.730804028404634	0.899930417438594
maxbin_SRR25825509.002	response	R	0.13438099371205	0.393873571125489	221	86	0.733300236032235	0.900213216090417
semibin_SRR5930503.42	response	R	0.0236036704437994	0.068967722524336	221	8	0.732501042822445	0.900213216090417
metabat_ERR12405947.12_sub	response	R	-0.0445041682010951	0.130080639252959	221	14	0.732586325833296	0.900213216090417
semibin_ERR6275661.83	age	age	-0.0132384791540174	0.0387636131828496	221	9	0.733046017010491	0.900213216090417
metabat_ERR12406003.18	gender	male	0.0211997548458581	0.0619947335155472	221	4	0.732711506310151	0.900213216090417
metabat_SRR16554660.12	response	R	0.0122644048679548	0.0358803501652316	221	3	0.732821687709623	0.900213216090417
metabat_SRR5930516.94	age	age	0.0239704039066845	0.069926128617702	221	38	0.732088011028975	0.900213216090417
semibin_SRR23364174.31	gender	male	-0.0464510909511613	0.136185068593718	221	21	0.733371028785826	0.900213216090417
semibin_ERR6275680.2_sub	response	R	-0.0176179255500819	0.0514041994889883	221	3	0.732133671120271	0.900213216090417
metabat_ERR6275671.44	age	age	-0.00158626953395336	0.00461999949875977	221	1	0.731670357847841	0.900213216090417
metabat_SRR20881978.32	gender	male	0.0269483802075548	0.0789938038481429	221	3	0.733324138476982	0.900213216090417
metabat_ERR12405914.16	age	age	-0.0119283581845197	0.0348213613178331	221	6	0.732262099655856	0.900213216090417
semibin_SRR13068823.83	gender	male	0.0114673173231148	0.0335930419790569	221	2	0.733164039831677	0.900213216090417
semibin_SRR13068823.83	response	R	0.0108734502154149	0.0318318424862681	221	2	0.732991005286351	0.900213216090417
maxbin_SRR16168926.001_sub	age	age	-0.00158626953378292	0.00461999949876939	221	1	0.731670357876097	0.900213216090417
metabat_ERR6275668.55	age	age	-0.00158626953278727	0.00461999949882449	221	1	0.731670358041039	0.900213216090417
semibin_SRR13068843.26	response	R	-0.00896597672381215	0.0262745620449516	221	3	0.733253891568255	0.900213216090417
metabat_ERR6279677.13	age	age	-0.00158626954772476	0.00461999949799478	221	1	0.731670355566076	0.900213216090417
metabat_SRR16168926.39	age	age	-0.00158626954772394	0.0046199994979949	221	1	0.731670355566197	0.900213216090417
maxbin_SRR23364193.009	age	age	0.00683321426773686	0.0199506090134318	221	5	0.732302346695935	0.900213216090417
semibin_SRR5930530.129_sub	response	R	0.0122489839576188	0.0357445145297415	221	2	0.73217025262649	0.900213216090417
metabat_SRR25825510.56	response	R	0.0170049659417472	0.0498814387664053	221	6	0.733504905966767	0.900240922527953
metabat_ERR12405997.59	age	age	-0.0354024384664793	0.104303211014575	221	27	0.73462610947066	0.900966054312525
metabat_SRR20881987.29	age	age	0.0368912625888845	0.108794916920114	221	57	0.734874190452126	0.900966054312525
semibin_SRR5930498.24	age	age	0.0239820357763932	0.0707513462537626	221	18	0.734966540364601	0.900966054312525
maxbin_ERR12405931.013	response	R	-0.03675139054849	0.108295811514622	221	8	0.734666256503878	0.900966054312525
metabat_SRR16554694.1	gender	male	-0.0415189512680091	0.122262973404101	221	17	0.734497672086539	0.900966054312525
metabat_ERR12405928.49	age	age	-0.00156124070973778	0.00461438414245271	221	1	0.735432479050413	0.900966054312525
metabat_ERR6275663.38	age	age	-0.0015612407097297	0.00461438414245271	221	1	0.735432479051729	0.900966054312525
semibin_ERR6275676.56	age	age	-0.00156124070972904	0.00461438414245271	221	1	0.735432479051841	0.900966054312525
metabat_SRR23364171.31	age	age	-0.00156124070973161	0.00461438414245271	221	1	0.73543247905142	0.900966054312525
metabat_ERR6279626.27	age	age	-0.00156124070973011	0.00461438414245271	221	1	0.735432479051666	0.900966054312525
semibin_ERR2162203.14	age	age	-0.00156124070974596	0.00461438414245271	221	1	0.73543247904908	0.900966054312525
metabat_ERR6279681.37	gender	male	-0.0194272371367978	0.0574025405416498	221	8	0.73536139318334	0.900966054312525
metabat_SRR16554652.36_sub	gender	male	-0.0122094069711561	0.0361140571847501	221	4	0.735630665937686	0.901072365001364
maxbin_SRR16554660.004	age	age	0.00605692562651033	0.017958880705452	221	2	0.73624213647825	0.901684797067851
metabat_SRR5930536.13	response	R	0.110275556444846	0.327592392137752	221	89	0.73672611884493	0.901742985864455
maxbin_SRR13068814.028	response	R	-0.0468849289522662	0.139100339751905	221	26	0.736402708218184	0.901742985864455
semibin_SRR25825510.24	gender	male	-0.0200607752000754	0.0595448256974952	221	4	0.73651632959799	0.901742985864455
semibin_ERR6279628.83_sub	response	R	-0.0106402596291682	0.0316099027306062	221	3	0.736735614563838	0.901742985864455
semibin_SRR13068830.16	age	age	-0.0196011984624811	0.0583041504303073	221	12	0.737056293805993	0.901908220125903
metabat_ERR12405920.11_sub	age	age	-0.0109095512383041	0.0324557527662672	221	6	0.73709363687342	0.901908220125903
semibin_SRR5930506.177_sub	gender	male	-0.0193155953703185	0.0575247720919716	221	4	0.737362406413677	0.902100611567663
semibin_ERR12405974.73	age	age	0.0116631029604672	0.0347941558848913	221	6	0.737797738454442	0.902360216031987
semibin_SRR23364176.76	age	age	0.00364781370663646	0.0108780810387316	221	2	0.73769549222502	0.902360216031987
maxbin_SRR5930533.002	gender	male	-0.0231630033399915	0.0691324907234805	221	9	0.737912450094937	0.902364060533392
semibin_SRR11413689.110	gender	male	0.0539754721722371	0.161560480928754	221	25	0.738635546491878	0.903111761152881
semibin_SRR23364227.44	age	age	0.00226246254339749	0.00677509175664472	221	2	0.738750507559172	0.903115795819012
metabat_SRR13068828.46_sub	age	age	-0.0148032723000394	0.0443536350240512	221	9	0.738889669298562	0.903149409896746
semibin_ERR12406013.35	response	R	-0.0471799854916573	0.141460454074998	221	16	0.739063837331152	0.903225795759196
metabat_SRR11413611.7	gender	male	-0.0392941693297001	0.11793933691212	221	9	0.739325593386603	0.903286628906199
metabat_ERR6232458.6	response	R	-0.0172967759972664	0.0519171888682667	221	8	0.739336978654679	0.903286628906199
maxbin_SRR5930494.015_sub	gender	male	-0.0172884305842842	0.0519240722308618	221	3	0.739488962793034	0.903335860303588
metabat_SRR20881985.11	response	R	-0.0490935488085407	0.147985691717351	221	13	0.740402078026324	0.903458277181477
semibin_SRR16554703.88	response	R	-0.00444986447656341	0.0133770099258647	221	2	0.739719509057082	0.903458277181477
maxbin_SRR16168943.001	gender	male	0.00330528412607399	0.00996228738077434	221	1	0.740376877907573	0.903458277181477
metabat_SRR16168945.34	response	R	0.0131058278687696	0.03943041127214	221	2	0.739925388628355	0.903458277181477
semibin_SRR16168925.11	gender	male	0.00330528412601681	0.00996228738077462	221	1	0.740376877911941	0.903458277181477
metabat_SRR16168943.48	gender	male	0.00330528412605925	0.00996228738077272	221	1	0.74037687790866	0.903458277181477
semibin_SRR23364233.3	gender	male	0.00330528412602874	0.00996228738077253	221	1	0.740376877910946	0.903458277181477
metabat_SRR5930498.54	response	R	-0.00488905461554119	0.0147421219543131	221	2	0.740482804084571	0.903458277181477
semibin_SRR16554776.8	response	R	-0.0769823543559771	0.232861909264133	221	28	0.741273754975445	0.904150524844126
metabat_SRR16554712.21	response	R	0.00895896087218138	0.0270907776819752	221	2	0.741191232283034	0.904150524844126
metabat_ERR12405966.18	response	R	0.0417854899805662	0.126877078705954	221	13	0.742217603544407	0.905028792019774
metabat_SRR5930503.9_sub	gender	male	-0.0105658181422544	0.0320743196852227	221	3	0.742158475301022	0.905028792019774
metabat_ERR12405979.25	response	R	0.0181042773320286	0.0550533923088253	221	5	0.742586634214007	0.905256592502343
metabat_SRR16554660.26	age	age	0.00794671092111553	0.0241692495363638	221	2	0.742628275377479	0.905256592502343
metabat_SRR5930527.17	gender	male	-0.0221924380509321	0.0676705548517995	221	5	0.743267012798573	0.905898673826832
maxbin_SRR16554772.002	response	R	0.0261707641135661	0.0798889649468579	221	4	0.743538093438837	0.906092526703829
semibin_ERR6273965.44_sub	age	age	-0.0173609502549563	0.0530539270891216	221	12	0.743811641445327	0.906289327509763
semibin_ERR12405968.41	age	age	0.0113015195146755	0.0345674398828592	221	6	0.744027920411786	0.906416300691449
semibin_SRR16554638.14	gender	male	-0.0602099892927699	0.184593093520201	221	23	0.744604918643333	0.906573021524504
metabat_SRR16168976.72	age	age	-0.00990866600403398	0.030364378390178	221	4	0.744492720776689	0.906573021524504
metabat_SRR16554756.5	gender	male	0.0210713458953621	0.0645917930071906	221	4	0.744571162366823	0.906573021524504
semibin_SRR5930533.64	gender	male	-0.0224107766210691	0.0687021383788947	221	3	0.744585881015993	0.906573021524504
metabat_ERR6281341.34	response	R	-0.0119315897761992	0.0366022613192363	221	4	0.744756276908075	0.906620825953118
semibin_ERR6275663.33	gender	male	0.0459274565638313	0.141062146605607	221	13	0.745053494080185	0.906806064417883
semibin_SRR8387712.8_sub	response	R	0.0463602195565007	0.142500450128765	221	24	0.745244796017021	0.906806064417883
maxbin_SRR23364231.030_sub	age	age	-0.00839361188654229	0.0257962595837303	221	7	0.74520814959465	0.906806064417883
semibin_SRR11413608.137	response	R	-0.0864017890010185	0.265853064242905	221	61	0.74549701585144	0.9069555898615
maxbin_SRR13022461.002	response	R	0.0183442890125118	0.0564664406645499	221	5	0.745591953139109	0.9069555898615
metabat_SRR16554771.5	age	age	0.0344499520029668	0.106210785422024	221	56	0.745986175786251	0.907032282217877
semibin_SRR13022464.9	age	age	-0.020595356200806	0.0635861015527997	221	27	0.74632787316518	0.907032282217877
semibin_SRR16554780.22	response	R	-0.039117199669848	0.120652225696734	221	18	0.746087946269343	0.907032282217877
maxbin_ERR2162201.005	response	R	0.0205503097196473	0.0634333878682715	221	3	0.746277085110289	0.907032282217877
metabat_SRR16554658.17	response	R	0.011612682417077	0.0358482139766267	221	2	0.746295212918209	0.907032282217877
semibin_SRR23364199.80	response	R	0.0082392676614768	0.0253882860280981	221	2	0.745850487928661	0.907032282217877
maxbin_SRR16554687.002	response	R	0.0284422521375892	0.0879226764574366	221	4	0.746634463682186	0.907132273135274
semibin_SRR5930536.76	gender	male	-0.0127661617043443	0.0394592863212555	221	3	0.746609629944891	0.907132273135274
semibin_SRR5930522.30_sub	response	R	0.0423203051337702	0.130885022232393	221	14	0.746751752112932	0.907138505720847
maxbin_SRR13068846.017_sub	age	age	0.00708550028098784	0.0219462679051304	221	6	0.747115973602071	0.907444660533646
semibin_SRR25825507.51_sub	age	age	0.00941318020425987	0.0292482301652695	221	9	0.747887269174995	0.908245080043147
semibin_SRR11413679.4	response	R	0.0677881695835743	0.211056405715321	221	34	0.748381105247154	0.908367675780105
metabat_SRR8387710.29	response	R	0.0178491530366316	0.055561975488097	221	5	0.748331933525577	0.908367675780105
semibin_SRR5930514.44	gender	male	0.0482839854087503	0.150365750712264	221	11	0.748437461844537	0.908367675780105
metabat_ERR6279683.18	age	age	0.00472372000613305	0.0146990236596845	221	2	0.74824763429853	0.908367675780105
metabat_ERR6279655.36	age	age	-0.0106186626301724	0.0331902921072744	221	7	0.74932710820056	0.909310975412773
metabat_SRR16554652.18	gender	male	-0.0460297871870168	0.144102257161134	221	23	0.749715291130208	0.909645555754743
semibin_SRR5930501.70	age	age	-0.0206306569400529	0.0646375177246623	221	26	0.749904734716716	0.909738937211459
maxbin_SRR16168942.005	age	age	0.00320211283181042	0.0100405808133442	221	2	0.750097409345152	0.909836209775583
metabat_SRR16554706.13	response	R	0.028282073715907	0.0887239896612302	221	4	0.750211574285706	0.90983823853993
semibin_SRR5930529.122	age	age	0.015457470736637	0.0486407820710415	221	10	0.750952743121042	0.910600567670613
maxbin_SRR16554764.017	gender	male	0.0295344934246958	0.0929982163314803	221	11	0.751111073008329	0.910656027355924
metabat_SRR16554769.19	age	age	0.00666345867553119	0.0210106615657459	221	5	0.751437332947798	0.910915040300029
metabat_ERR12405970.10	response	R	-0.0711181901643323	0.224765861732333	221	52	0.751997754525115	0.911457790888526
semibin_ERR2162216.32	age	age	-0.0381284511543569	0.121016132653116	221	45	0.753013436642682	0.911486740655621
semibin_SRR13068849.26	gender	male	-0.043492710448037	0.137710575669729	221	19	0.75243998169622	0.911486740655621
metabat_SRR16554780.25	response	R	-0.0404145167595061	0.128242345992998	221	11	0.752956872036246	0.911486740655621
metabat_SRR16168943.6	age	age	0.00577410314255042	0.0183282435815666	221	2	0.753035905175675	0.911486740655621
metabat_SRR20881979.28	gender	male	0.0236987341634276	0.0751572692067078	221	6	0.752820271630712	0.911486740655621
semibin_SRR20881979.2	age	age	-0.00658914297388987	0.0208486354573295	221	3	0.752270821090425	0.911486740655621
metabat_SRR16554653.5	gender	male	0.00312723134700081	0.00992615640707822	221	1	0.753026756809326	0.911486740655621
metabat_SRR20881983.56	gender	male	0.0262951623158198	0.0832587204659435	221	5	0.752439587527112	0.911486740655621
semibin_SRR16554628.84	gender	male	0.00312723134706452	0.00992615640707822	221	1	0.753026756804458	0.911486740655621
maxbin_ERR2162223.001	age	age	-0.00884393286330402	0.0281043423307047	221	2	0.753307957102856	0.91167959854076
semibin_SRR23364176.2	age	age	0.0116382992681344	0.0370892143757586	221	8	0.753980446718599	0.912356949889292
maxbin_SRR13022355.014	age	age	-0.0535898991003132	0.171089309993585	221	176	0.754411416386224	0.912741890161822
metabat_SRR16554643.9	response	R	0.0521441107371808	0.166893352610081	221	16	0.755007080798597	0.913265548262498
metabat_SRR13022266.9	response	R	0.0108187230723038	0.0346358941495859	221	2	0.755070069390618	0.913265548262498
semibin_SRR13068851.36	response	R	0.0329600122035227	0.105585623698032	221	9	0.755217107680098	0.913306813235143
semibin_ERR12405983.41	response	R	-0.00440544348581499	0.0141334697940687	221	2	0.755566966672093	0.91345674535783
metabat_SRR5930502.50	gender	male	-0.0174750701731486	0.0560588687913016	221	4	0.755549924455916	0.91345674535783
metabat_SRR16554696.40	gender	male	-0.0291182237504768	0.0935687653727746	221	7	0.755950381516623	0.913783692378784
semibin_ERR6279647.53	age	age	-0.00355098348739926	0.0114179469552203	221	4	0.756099062352447	0.91382684045227
metabat_ERR6230326.9	response	R	0.0280856964195721	0.090526412969085	221	10	0.756671043581049	0.91384694112634
metabat_SRR5930533.11	gender	male	0.0349059231595612	0.112607858661227	221	21	0.756878785963681	0.91384694112634
semibin_SRR16554757.33	age	age	-0.0055409459620953	0.0178558358921857	221	2	0.75661873531295	0.91384694112634
semibin_ERR6279668.12	age	age	0.0158831716453713	0.051268800132491	221	5	0.757008906628305	0.91384694112634
semibin_SRR11413614.13	age	age	-0.00951646189064484	0.0306875185061048	221	5	0.756776026870122	0.91384694112634
semibin_ERR6232425.9	gender	male	0.0119064216350155	0.0383107686702751	221	4	0.756264105046405	0.91384694112634
semibin_SRR23364231.4	response	R	0.0163245323410107	0.052637134200786	221	5	0.75675782654441	0.91384694112634
metabat_SRR5930498.113	gender	male	-0.0284032887667789	0.0917234397689044	221	16	0.757118003383677	0.91384694112634
semibin_SRR5930507.107	gender	male	0.0166345751188344	0.0537223609384781	221	3	0.75713258561914	0.91384694112634
semibin_SRR16168976.4	response	R	-0.0111983974717285	0.0362182540750159	221	3	0.757472082745796	0.914007018408402
metabat_SRR5930514.57	gender	male	0.0184513221856082	0.0596807757380553	221	2	0.757491227051374	0.914007018408402
metabat_SRR23364240.2	gender	male	-0.0417260257863989	0.135189212371722	221	21	0.757887870612225	0.914349209056037
metabat_SRR16554765.17	age	age	-0.0205623739173867	0.066788659551502	221	20	0.758474855530223	0.914784466377638
metabat_SRR23364199.7	age	age	0.00895564264357073	0.0290776703701809	221	7	0.758387478682413	0.914784466377638
semibin_SRR16554723.44	age	age	-0.00781609051191069	0.0254446395574692	221	5	0.759000771097918	0.915282277715813
semibin_SRR16554762.1	age	age	-0.0211615243978878	0.068957640086454	221	17	0.759233126511513	0.915425987958425
semibin_SRR11413648.87_sub	age	age	0.00581756914240511	0.0189685910937158	221	4	0.759369737468555	0.91545423112918
semibin_SRR16554734.17	gender	male	0.0212028625678188	0.0692445871783505	221	4	0.759744079794219	0.915769018982957
metabat_SRR23364176.34	gender	male	0.0237753704051359	0.0778683490025673	221	6	0.76040919025088	0.916434142564314
semibin_SRR6000945.4	gender	male	-0.117792697138198	0.392423197255606	221	101	0.764337740475469	0.916440670637765
metabat_SRR11413686.5	response	R	0.0403056159397283	0.134281788487559	221	22	0.7643452118002	0.916440670637765
metabat_SRR16554665.10	response	R	0.0687302858871593	0.228123463953833	221	62	0.763487461787653	0.916440670637765
metabat_SRR5930494.25_sub	age	age	0.0206872415784731	0.068056277806707	221	12	0.761440064003466	0.916440670637765
semibin_SRR16554744.30	response	R	0.0319607477022631	0.107213296247114	221	7	0.765908768945242	0.916440670637765
semibin_SRR25825517.45	gender	male	0.0413260646683984	0.138750893014925	221	24	0.766107503405573	0.916440670637765
metabat_SRR20881975.42	response	R	0.0415042252061729	0.139119212767346	221	21	0.765733870613542	0.916440670637765
maxbin_ERR6281433.007	gender	male	-0.0170395241411485	0.0571047350170132	221	10	0.76569048120818	0.916440670637765
metabat_ERR6280948.5	age	age	-0.0147639198707123	0.048670595732507	221	23	0.761921978706266	0.916440670637765
metabat_SRR6000895.57	response	R	0.0289171342859642	0.0966682418960519	221	13	0.765122057542576	0.916440670637765
metabat_ERR12405965.20	response	R	0.0163278030267719	0.0545009309032804	221	5	0.764778500973901	0.916440670637765
metabat_SRR5930532.34_sub	age	age	-0.0189924386948519	0.0623459325792792	221	19	0.760939954638256	0.916440670637765
metabat_SRR5930519.59	age	age	0.0189091485200775	0.0634036075275756	221	18	0.765811026812499	0.916440670637765
semibin_SRR5930516.27_sub	gender	male	0.0228002420462689	0.0760046396183768	221	7	0.764475860496966	0.916440670637765
semibin_SRR23364230.133	age	age	0.00286497927490526	0.00944775753917574	221	2	0.761997602942343	0.916440670637765
semibin_ERR2162215.11	gender	male	0.0164682940149331	0.0544822736719978	221	4	0.762738094780206	0.916440670637765
metabat_ERR6275663.46	gender	male	0.00295691967754361	0.00988313617648359	221	1	0.765085219474618	0.916440670637765
semibin_ERR2162212.116	gender	male	0.00295691967698498	0.00988313617692553	221	1	0.765085219527899	0.916440670637765
semibin_SRR16554736.70	gender	male	0.00295691967687659	0.00988313617698145	221	1	0.765085219537532	0.916440670637765
semibin_SRR20881974.85	gender	male	0.00295691967756175	0.0098831361765374	221	1	0.765085219474465	0.916440670637765
semibin_SRR16554736.14	gender	male	0.00295691967695234	0.00988313617694417	221	1	0.765085219530825	0.916440670637765
metabat_SRR16168974.17	age	age	-0.0201414166944287	0.0669936889406193	221	24	0.76397544388499	0.916440670637765
semibin_SRR16554643.19	gender	male	0.00297269308119224	0.00991939847826238	221	1	0.764704440111931	0.916440670637765
metabat_SRR5930528.116	age	age	-0.0198859805623548	0.065374135112113	221	14	0.761280199664182	0.916440670637765
metabat_SRR16554627.10	response	R	0.0310000987483573	0.102232341251792	221	8	0.762003712175945	0.916440670637765
maxbin_SRR11413615.001	gender	male	0.0216231702903052	0.0718191277109136	221	7	0.763643570860503	0.916440670637765
semibin_ERR12406004.36	gender	male	0.00297269308120949	0.00991939847826236	221	1	0.764704440110605	0.916440670637765
maxbin_SRR8387681.017	gender	male	0.00297269308118842	0.0099193984782624	221	1	0.764704440112225	0.916440670637765
semibin_ERR12405976.23	age	age	-0.00580401744807184	0.0192493045752645	221	2	0.763308047201299	0.916440670637765
metabat_ERR6275675.18	age	age	0.0158830463447	0.052876657446573	221	15	0.76417880407798	0.916440670637765
semibin_SRR16554647.24	response	R	-0.0380021276320096	0.125892646578202	221	12	0.763046837299907	0.916440670637765
semibin_SRR5930510.47_sub	gender	male	-0.0292924684098266	0.0975148305288441	221	21	0.764170918286538	0.916440670637765
metabat_ERR6275663.3_sub	age	age	-0.0108703030809383	0.0363677463750162	221	9	0.765305224924314	0.916440670637765
semibin_SRR5930528.15	age	age	0.00746047195946466	0.0245584654090728	221	5	0.761583440559015	0.916440670637765
maxbin_SRR23364202.013_sub	response	R	-0.0205388513356969	0.0673723262635425	221	14	0.760771391604327	0.916440670637765
maxbin_ERR6275673.009_sub	gender	male	-0.0288042317810442	0.0967443883777063	221	15	0.766193350006499	0.916440670637765
metabat_SRR16554744.18	age	age	-0.01267214654912	0.0420456952589707	221	6	0.763406633867465	0.916440670637765
semibin_SRR23364171.81	response	R	0.0120426148325575	0.0395121213619457	221	6	0.76082642025715	0.916440670637765
metabat_SRR5930493.50_sub	age	age	-0.00568650096314935	0.0188226649440522	221	4	0.762858143206612	0.916440670637765
metabat_SRR23364176.34	response	R	-0.0224709094683562	0.0740034401632828	221	6	0.761687913492856	0.916440670637765
metabat_SRR16554760.8_sub	response	R	0.0126609565311286	0.0423626887557174	221	4	0.765324901151254	0.916440670637765
semibin_SRR5930504.70	response	R	0.00630719003974874	0.0209434162669524	221	3	0.763586389647378	0.916440670637765
maxbin_SRR5930509.015_sub	response	R	-0.00746973222611341	0.0250318651553678	221	3	0.765677660334392	0.916440670637765
maxbin_SRR5930498.005	gender	male	-0.0191908858349061	0.0641310692088588	221	4	0.765041914554877	0.916440670637765
maxbin_SRR16554643.017	gender	male	0.00297269308106295	0.00991939847826237	221	1	0.764704440121864	0.916440670637765
maxbin_SRR5930506.023	gender	male	0.00300991541558316	0.00995535054196863	221	1	0.762681354718234	0.916440670637765
metabat_SRR13022366.10	age	age	0.00724755073070328	0.0243313398060831	221	4	0.766088173411588	0.916440670637765
metabat_SRR5930506.121	gender	male	0.00300991539932532	0.00995535054194433	221	1	0.762681355960789	0.916440670637765
maxbin_SRR5930504.047_sub	age	age	0.00762721936665866	0.0254085520931217	221	4	0.764327394678863	0.916440670637765
metabat_SRR5930506.46	gender	male	0.00300991539906864	0.00995535054194406	221	1	0.762681355980411	0.916440670637765
maxbin_SRR5930506.066	gender	male	0.00300991541136665	0.00995535054196248	221	1	0.762681355040506	0.916440670637765
semibin_ERR12405974.119	age	age	-0.00788129400911071	0.0265120996710608	221	2	0.766543545407904	0.916723967951963
metabat_ERR12405955.34	response	R	0.0162562933856104	0.0549147691612646	221	5	0.767492017342911	0.916883648863931
semibin_SRR13068840.28	gender	male	-0.0201870151890951	0.0682505911076169	221	10	0.767685226989658	0.916883648863931
semibin_ERR6281340.57	response	R	0.0140256757543231	0.0473552403713838	221	5	0.767376571940458	0.916883648863931
metabat_SRR16554694.1	age	age	-0.0168107901570782	0.0566258505936824	221	17	0.76684773908239	0.916883648863931
semibin_SRR5930529.60	gender	male	0.0168566457241214	0.0569716766162541	221	5	0.767608455101272	0.916883648863931
maxbin_SRR5930509.003	gender	male	0.0150474263710765	0.0507980964796214	221	2	0.767345383366379	0.916883648863931
maxbin_SRR5930519.002	gender	male	-0.0222696789528887	0.075296570389909	221	5	0.767697338044825	0.916883648863931
metabat_ERR6279654.19	age	age	0.00331263667980485	0.0111639544428318	221	2	0.766959442889068	0.916883648863931
metabat_SRR16554760.8_sub	gender	male	0.0132131100139541	0.0445751255000982	221	4	0.767190265590071	0.916883648863931
semibin_ERR6229432.26	response	R	0.00863922898311262	0.0292481572718581	221	3	0.767988434809695	0.917080834981285
maxbin_SRR5930493.014	age	age	-0.0057188455359936	0.0193697745935446	221	2	0.768089215648272	0.917080834981285
semibin_SRR8387683.51	response	R	0.0267248255974774	0.0906207054421448	221	9	0.76834564976843	0.917251603738311
maxbin_SRR13022456.004	response	R	0.0161760081940658	0.0550377799156936	221	5	0.769109622239052	0.917621865270609
metabat_SRR25825512.4	age	age	0.00968884454240795	0.0329647850248611	221	7	0.769103792101165	0.917621865270609
semibin_SRR5930520.79_sub	response	R	0.0146766651099598	0.0498658220025154	221	4	0.768793999502635	0.917621865270609
semibin_ERR6232425.9	age	age	0.00521730730600282	0.0177437421806968	221	4	0.769013011888358	0.917621865270609
metabat_SRR8387677.42	age	age	-0.0105106151336357	0.0358312159273148	221	7	0.769545046308255	0.917870569907265
metabat_SRR16168942.31	response	R	0.0207799463735968	0.0708198067202377	221	3	0.769482682916445	0.917870569907265
metabat_ERR2162221.41	age	age	0.00435013993552728	0.0148876556762559	221	2	0.770416820263424	0.918639428319412
semibin_ERR6279665.27	response	R	0.0212015586812459	0.0725293603715789	221	10	0.770325960245782	0.918639428319412
maxbin_ERR6282137.011_sub	response	R	-0.0341658318953785	0.117011817063821	221	12	0.77057615529736	0.918693977600979
metabat_SRR16168985.46	age	age	0.00791928313048443	0.0271404556853094	221	4	0.770726801362122	0.918738153193345
metabat_SRR8387681.3	gender	male	-0.0315760744285566	0.108400971828615	221	21	0.771111209976993	0.919060929309448
semibin_SRR13068825.28	response	R	0.0258303375072395	0.0888872568900114	221	17	0.771640410674203	0.919556157585524
semibin_SRR6000946.68	age	age	-0.00596381147057424	0.0205667430154302	221	4	0.772113387141476	0.919984247967039
semibin_SRR13068817.20	age	age	-0.0153788143353601	0.0530793928507683	221	10	0.772300074724295	0.920071145142156
semibin_SRR16554634.8_sub	age	age	0.0100019575704879	0.0345444568557607	221	6	0.772445860438306	0.920109295909428
semibin_SRR11413657.102	age	age	0.0320057983517399	0.110640284584174	221	52	0.772648464861335	0.920215105845748
semibin_ERR12405995.25	age	age	0.00700098081328572	0.0242656747735878	221	4	0.773229742600069	0.920771813626231
semibin_SRR5930528.15	gender	male	-0.0152449048109614	0.0529355586344418	221	5	0.773629358119211	0.921112063663798
semibin_SRR20881975.0	gender	male	-0.0743557730362632	0.258659674910149	221	32	0.774030710849867	0.921318673929908
maxbin_SRR5930508.009	age	age	0.0166654813779034	0.0579677470478303	221	21	0.774010507973087	0.921318673929908
maxbin_ERR6267711.006	response	R	-0.00440159369315125	0.0153429318897052	221	2	0.774477271640022	0.921714563423264
metabat_SRR16554765.17	gender	male	0.041207673629246	0.14396237488431	221	20	0.774968009700032	0.922162904583472
maxbin_SRR16168896.029	response	R	-0.0119966176760094	0.041944447316841	221	3	0.775141735306518	0.92223394456592
semibin_ERR2162223.6	age	age	0.0448073100753313	0.15721542304406	221	79	0.775914437470415	0.922363647291547
metabat_ERR12406009.18	gender	male	0.0205210616466072	0.0720849192472836	221	6	0.77616301395897	0.922363647291547
semibin_ERR6232521.7	gender	male	0.00719079872057735	0.0252594976519879	221	2	0.776163079063585	0.922363647291547
metabat_SRR16168938.30	response	R	-0.0620380389104957	0.21790270433714	221	28	0.776141501793676	0.922363647291547
semibin_SRR5930504.156_sub	age	age	-0.0101401551719936	0.0355539396799519	221	8	0.775760237186878	0.922363647291547
maxbin_SRR16554744.003	age	age	-0.0166437989027022	0.0582780874831041	221	16	0.775462599656683	0.922363647291547
metabat_SRR6000921.8	gender	male	0.0191777597883567	0.0673257796990565	221	7	0.776032376373338	0.922363647291547
maxbin_SRR11413618.020	response	R	0.00806020538776097	0.028312960748386	221	2	0.776159941467995	0.922363647291547
metabat_ERR6243879.9	gender	male	0.0142737314749108	0.0502960097258414	221	5	0.776838449449848	0.923030612479855
maxbin_ERR6279677.010	response	R	0.00799747519794886	0.0282351054077714	221	2	0.777259516400935	0.923395265665505
metabat_ERR12405920.11_sub	response	R	-0.0188058892310292	0.0664835302392134	221	6	0.777549881076071	0.923604558399656
metabat_SRR16168938.30	age	age	-0.0300715522989675	0.106371529199357	221	28	0.777673979287921	0.923616320775434
maxbin_SRR5930519.014	age	age	-0.00188510603982092	0.00668378481318403	221	2	0.77818080471003	0.924082564747426
semibin_SRR5930498.73	response	R	-0.0432771943387063	0.153717177567897	221	41	0.778568498157789	0.92440722447155
maxbin_SRR16554654.015	response	R	0.0254958236023639	0.0906689635812367	221	18	0.778830341699469	0.924582387151814
semibin_SRR13022375.5	response	R	-0.0172071815688504	0.0613100560688357	221	3	0.779240760562948	0.924933852573103
metabat_SRR13022352.3	gender	male	-0.118222675664371	0.422734325205999	221	152	0.780004055036064	0.925215059484155
semibin_SRR11413618.78	age	age	-0.0128967362406488	0.0460456771733209	221	8	0.779680735593147	0.925215059484155
maxbin_SRR16554762.009	age	age	0.0112391775793392	0.0402087068284296	221	6	0.780111271477289	0.925215059484155
semibin_SRR5930533.64	response	R	-0.0182460404833023	0.0652921842023963	221	3	0.780164033838024	0.925215059484155
metabat_SRR5930528.76_sub	response	R	-0.0038297698121203	0.0137032815265816	221	2	0.780143986502482	0.925215059484155
maxbin_SRR5930504.041	response	R	-0.0212657606951253	0.0760864604030772	221	6	0.780131435741374	0.925215059484155
semibin_SRR5930510.9	response	R	-0.0435728348001416	0.15612109245348	221	33	0.78043927451939	0.925405783948516
maxbin_ERR12405967.017	gender	male	-0.0196397602134867	0.0704410339871727	221	9	0.780655118335582	0.925434291934013
semibin_ERR12405998.55	age	age	0.0110671218266242	0.0397041674131648	221	6	0.780710153504578	0.925434291934013
semibin_SRR5930501.71	response	R	0.00748453324472215	0.0268634741246447	221	2	0.780806578654513	0.925434291934013
semibin_ERR6279654.35	gender	male	0.0130248574196099	0.0467744011799886	221	4	0.780923833251261	0.92543765030567
metabat_SRR11413610.43_sub	gender	male	0.0150307931798671	0.0540081303721234	221	4	0.781042385329488	0.925442545054922
metabat_SRR5930523.19	age	age	-0.0128671791344494	0.0462661695381705	221	8	0.781193671015448	0.925486218129917
semibin_SRR5930494.42	gender	male	-0.0227287511209447	0.0817706998725857	221	13	0.781312446799552	0.92549136931968
semibin_SRR11413647.24_sub	response	R	-0.00429007744391092	0.0154462382483845	221	2	0.781474837994907	0.925548175384801
semibin_ERR6275674.90	response	R	0.00774740814644874	0.0279250432649753	221	2	0.781710630651614	0.925691885901941
semibin_SRR8387681.3	gender	male	0.0309398880470906	0.111688364024931	221	15	0.782029299877201	0.92573026663527
metabat_SRR25825512.9	gender	male	0.0256263971735344	0.0924607968344897	221	8	0.781921404488835	0.92573026663527
maxbin_SRR5930528.038	response	R	-0.0182617870361329	0.0659401495373984	221	4	0.782086413441988	0.92573026663527
semibin_SRR16554627.34	response	R	-0.026765653070823	0.0966995339318672	221	12	0.78220332841677	0.925733175334334
metabat_SRR5930529.8	age	age	0.02436785807673	0.0882367961847019	221	32	0.782685021747574	0.925810798029377
semibin_SRR5930504.118_sub	age	age	0.0222683616892394	0.0806930604934235	221	28	0.78284125219126	0.925810798029377
metabat_ERR6275669.37	age	age	0.00715029522086647	0.0258994260860755	221	4	0.782749912276501	0.925810798029377
semibin_ERR6281518.116	response	R	0.00768532523785625	0.0278481409007954	221	2	0.78283275841741	0.925810798029377
semibin_SRR5930503.47	age	age	-0.00617598736396592	0.0223576295628046	221	3	0.782629535873268	0.925810798029377
semibin_SRR6000891.14	age	age	0.0177486827389343	0.0644081424813112	221	14	0.783143789970504	0.925937579433446
maxbin_ERR6279620.003	age	age	-0.00648619777424239	0.0235413135599004	221	5	0.783177420982221	0.925937579433446
semibin_SRR16554673.13	gender	male	-0.0506124485618172	0.18408729542196	221	25	0.783626063488455	0.926087875458673
metabat_SRR11413685.13	response	R	0.0469612447633843	0.172453016927843	221	22	0.785640087557785	0.926087875458673
metabat_ERR6264281.57_sub	response	R	-0.0396093505908205	0.144788524860471	221	17	0.784678246602723	0.926087875458673
metabat_ERR6239139.44	gender	male	0.00876450486966093	0.0321253179020781	221	5	0.78524922285746	0.926087875458673
metabat_SRR25825512.4	gender	male	0.019311133715171	0.0710553074668352	221	7	0.786052579750716	0.926087875458673
metabat_SRR16554627.12	gender	male	-0.0133213947889532	0.0490077282307549	221	5	0.786017072445741	0.926087875458673
semibin_SRR16554703.41	age	age	-0.00519486190019112	0.0190909457213765	221	2	0.78579747789204	0.926087875458673
maxbin_ERR6231548.005	age	age	-0.00125604376465769	0.00461796251840488	221	1	0.785887745944362	0.926087875458673
semibin_ERR6275666.3	age	age	-0.00125604376506644	0.00461796251838579	221	1	0.785887745875521	0.926087875458673
maxbin_ERR6275673.039_sub	age	age	-0.00125604376466323	0.00461796251840456	221	1	0.78588774594343	0.926087875458673
semibin_SRR23364187.43_sub	gender	male	-0.0332896889743239	0.121135891860535	221	10	0.783721556459161	0.926087875458673
metabat_SRR16554724.5	gender	male	-0.0284418927553419	0.103389972785959	221	7	0.78350627715741	0.926087875458673
metabat_SRR16554650.26	gender	male	0.0213785320929426	0.0780201649595025	221	6	0.784335357107219	0.926087875458673
semibin_SRR25825513.19	age	age	-0.00125604376518799	0.00461796251838034	221	1	0.785887745855065	0.926087875458673
semibin_SRR25825501.29	age	age	-0.00125604376489115	0.004617962518394	221	1	0.785887745905048	0.926087875458673
metabat_SRR16554632.31	gender	male	0.0200746570588002	0.073368171164949	221	6	0.784640495204731	0.926087875458673
metabat_SRR25825519.52	gender	male	0.00840979168640021	0.0307505419567048	221	3	0.784742910965785	0.926087875458673
maxbin_SRR13068851.002	age	age	-0.00125604376482881	0.00461796251839662	221	1	0.785887745915527	0.926087875458673
maxbin_SRR23364176.009	age	age	-0.00125604376495349	0.00461796251839125	221	1	0.785887745894553	0.926087875458673
semibin_SRR5930493.200	age	age	-0.00125604376499713	0.00461796251838899	221	1	0.785887745887204	0.926087875458673
maxbin_SRR5930493.007_sub	age	age	-0.00125604376518115	0.00461796251838029	221	1	0.785887745856201	0.926087875458673
metabat_ERR6279678.10	age	age	-0.00125604376512415	0.00461796251838307	221	1	0.785887745865809	0.926087875458673
semibin_ERR6279657.97	age	age	-0.00125604376471578	0.00461796251840216	221	1	0.785887745934583	0.926087875458673
metabat_SRR5930493.1	age	age	-0.0012560437652437	0.00461796251837756	221	1	0.785887745845677	0.926087875458673
metabat_SRR5930503.2	gender	male	0.021128428683855	0.0778689006633582	221	5	0.786392610472297	0.926142850160944
metabat_SRR16554702.30	age	age	-0.00124724003451519	0.00459634306487262	221	1	0.786378588295487	0.926142850160944
metabat_SRR5930528.91	response	R	0.0134251117211871	0.0495173020824526	221	6	0.786557274697765	0.926142850160944
metabat_SRR11413689.9	age	age	-0.00252460088186561	0.00930782403460263	221	2	0.786469938148744	0.926142850160944
semibin_SRR5930501.30_sub	age	age	-0.013976782663025	0.0516122366408431	221	8	0.786799450214043	0.926293151867712
semibin_SRR5930532.57	response	R	0.0223978579918129	0.0829003162258427	221	4	0.78727993987216	0.926723934461655
metabat_SRR13068828.25	age	age	0.014129424041841	0.0524841199653634	221	23	0.788024562174787	0.927131610469827
semibin_SRR5930529.60	age	age	-0.00710156108103725	0.0263859895190805	221	5	0.788078458168694	0.927131610469827
semibin_SRR5930532.36	response	R	0.00526349779223904	0.0195574011926867	221	3	0.788084795002481	0.927131610469827
metabat_SRR13068843.10_sub	response	R	0.00788950631424589	0.0292897616015306	221	2	0.787908189416946	0.927131610469827
metabat_SRR11413689.19	gender	male	0.0142970136795531	0.0533437072580641	221	6	0.788940930273348	0.927464279658552
semibin_SRR11413608.7	age	age	-0.00254976190473164	0.00951273325048489	221	2	0.788926872654001	0.927464279658552
maxbin_SRR5930504.019	age	age	-0.00957540662553505	0.0356919036147473	221	6	0.788740331704838	0.927464279658552
maxbin_SRR25825518.017_sub	age	age	-0.00606931722301258	0.0226396402056086	221	3	0.788890449549004	0.927464279658552
metabat_SRR16554660.26	gender	male	0.0139638597750523	0.05209660720535	221	2	0.788924839501678	0.927464279658552
metabat_ERR6230326.9	age	age	0.0118442809309544	0.0442459308913463	221	10	0.789192123802074	0.927624748918932
metabat_SRR5930532.1_sub	response	R	0.0188180321367744	0.0704276527030086	221	5	0.789573198991374	0.927937813635896
metabat_SRR6000907.39	gender	male	-0.0649616651815027	0.244137424113938	221	67	0.790427121299698	0.928049706076602
maxbin_SRR16554777.008	gender	male	0.0443437837174676	0.166611819745007	221	17	0.790376177775159	0.928049706076602
semibin_SRR5930507.17_sub	age	age	-0.0193193416019087	0.0725500292921418	221	18	0.790271073125963	0.928049706076602
semibin_SRR11413652.68	response	R	0.0175565194227167	0.065842038731517	221	9	0.789997702246069	0.928049706076602
metabat_SRR16554777.35	response	R	0.0081776773558166	0.0307401200006266	221	2	0.790471615376077	0.928049706076602
semibin_SRR25825510.79	gender	male	-0.0103871620488834	0.0389736416418921	221	4	0.790096001979996	0.928049706076602
metabat_SRR16554650.17	gender	male	0.00734017633442157	0.0275424386332752	221	2	0.790103971071834	0.928049706076602
metabat_ERR6275681.8	response	R	-0.0593285992634002	0.223251702666875	221	63	0.790687069933935	0.928167927667005
semibin_SRR6000900.6	response	R	-0.0261911720069291	0.0986589623629581	221	12	0.790898060296219	0.928280875297608
metabat_SRR6000907.39	response	R	0.0612568797542717	0.231340876253641	221	67	0.791423782712823	0.928628399039796
metabat_SRR25825502.19_sub	gender	male	0.0192872925453065	0.0728180137633281	221	6	0.791361186257779	0.928628399039796
semibin_ERR6275674.65	gender	male	0.0218026267092051	0.0823960057629963	221	8	0.791562766892048	0.928656753499113
semibin_ERR6279669.74	response	R	0.0408155684177276	0.154581591897737	221	47	0.792003490453678	0.92890432581052
maxbin_SRR16168943.002	age	age	-0.00542688499330665	0.0205428649037623	221	3	0.791898444354724	0.92890432581052
metabat_ERR12405956.16	gender	male	-0.0878152387049258	0.335168950715792	221	86	0.793567936123381	0.929393285747323
semibin_SRR11413652.32	age	age	0.0120082621764262	0.0460691613524916	221	8	0.794605225317174	0.929393285747323
semibin_SRR11413689.18	gender	male	0.0622920328822535	0.238774676133234	221	58	0.794434116787118	0.929393285747323
semibin_ERR12405969.55	gender	male	-0.0122198743518361	0.0471566156829596	221	4	0.795777638900125	0.929393285747323
metabat_SRR16554763.38	response	R	0.0337010972970901	0.128386644608283	221	9	0.79318740108755	0.929393285747323
maxbin_SRR16168909.004_sub	gender	male	-0.0257356564255073	0.0994810118453333	221	10	0.796113785487354	0.929393285747323
maxbin_SRR23364206.033_sub	response	R	-0.0223187509968479	0.0865746465501687	221	11	0.79680729785879	0.929393285747323
metabat_ERR12405979.31	gender	male	0.00256081925138815	0.00993817249964193	221	1	0.796901883840747	0.929393285747323
metabat_ERR6279619.19_sub	response	R	0.0245092346711533	0.0938463105125142	221	35	0.794217231408843	0.929393285747323
maxbin_ERR12405975.009_sub	age	age	0.00120837921149503	0.00462048581779396	221	1	0.793934618847283	0.929393285747323
semibin_ERR6279650.29	gender	male	0.00256081926255032	0.00993817249966004	221	1	0.796901882975336	0.929393285747323
metabat_ERR6248618.9	age	age	-0.00394807146208799	0.0151507108411313	221	2	0.794659078801444	0.929393285747323
maxbin_SRR5930506.016_sub	response	R	0.0394518589765416	0.152428972434712	221	23	0.796021169070881	0.929393285747323
semibin_SRR5930514.18	gender	male	0.00256081926059013	0.00993817249965696	221	1	0.796901883127308	0.929393285747323
metabat_SRR16554721.12_sub	gender	male	0.0225340649780169	0.0873874336449111	221	7	0.796756321964118	0.929393285747323
metabat_SRR23364206.9	gender	male	0.00256081925154412	0.00993817249964207	221	1	0.796901883828652	0.929393285747323
semibin_SRR11413646.21	age	age	-0.00737280157026313	0.0285737044084067	221	4	0.796630226418327	0.929393285747323
semibin_SRR16168974.22	age	age	-0.00976312558044976	0.0370887993685916	221	5	0.792620635617207	0.929393285747323
semibin_SRR20881984.71	age	age	0.00568865857644155	0.0218982619364281	221	6	0.795282408887825	0.929393285747323
metabat_ERR6275659.2	response	R	-0.0222799095492411	0.0860691899415948	221	11	0.795989580874851	0.929393285747323
semibin_SRR13022436.17	response	R	-0.0152920419086055	0.0581611967665907	221	4	0.792857727525542	0.929393285747323
metabat_SRR20881983.56	response	R	0.0203960739057115	0.0789016965269446	221	5	0.796266975883074	0.929393285747323
metabat_ERR6279626.59	gender	male	0.00256081925964287	0.0099381724996554	221	1	0.796901883200757	0.929393285747323
metabat_SRR23364197.91	response	R	0.0210231261105142	0.0808485241228438	221	5	0.795087165657203	0.929393285747323
metabat_ERR6279622.67	gender	male	0.0025608192629528	0.00993817249966085	221	1	0.796901882944135	0.929393285747323
semibin_SRR11413649.38_sub	response	R	0.00711511316595517	0.0271432735178484	221	2	0.793469553201379	0.929393285747323
semibin_ERR6279669.31_sub	gender	male	0.00256081926199965	0.00993817249965929	221	1	0.796901883018035	0.929393285747323
maxbin_SRR13068819.002	age	age	-0.00119189967356934	0.00462062642295499	221	1	0.79668960564061	0.929393285747323
semibin_ERR6280899.10	gender	male	0.00256081925138066	0.0099381724996418	221	1	0.796901883841325	0.929393285747323
metabat_SRR5930509.4	age	age	0.00275510010788457	0.0104928666109369	221	2	0.793132002990699	0.929393285747323
semibin_SRR5930498.76	gender	male	-0.00681940402780947	0.0261958616525881	221	2	0.794861928641434	0.929393285747323
metabat_ERR6279677.29_sub	gender	male	0.0025608192514785	0.00993817249964197	221	1	0.796901883833742	0.929393285747323
maxbin_SRR11413681.026	gender	male	0.00256081926018227	0.00993817249965619	221	1	0.796901883158932	0.929393285747323
semibin_SRR5930514.24	gender	male	0.00256081925130971	0.00993817249964188	221	1	0.796901883846832	0.929393285747323
maxbin_SRR5930514.050	gender	male	0.00256081925129953	0.00993817249964194	221	1	0.796901883847622	0.929393285747323
metabat_ERR6282383.27_sub	gender	male	0.00256081925136607	0.00993817249964202	221	1	0.796901883842461	0.929393285747323
metabat_SRR5930514.13_sub	gender	male	0.00256081926445066	0.00993817249966327	221	1	0.796901882828011	0.929393285747323
maxbin_ERR6282137.024	gender	male	0.00256081926051845	0.00993817249965696	221	1	0.796901883132867	0.929393285747323
metabat_SRR23364197.77_sub	gender	male	0.00256081925114307	0.00993817249964169	221	1	0.796901883859753	0.929393285747323
maxbin_SRR5930517.002	gender	male	0.0185902225619628	0.0723177674919264	221	8	0.797375315863218	0.929543320078079
semibin_SRR13068843.60_sub	response	R	0.0360518712655545	0.140143731722925	221	30	0.797233111602164	0.929543320078079
metabat_ERR6281000.76_sub	age	age	-0.00951231911533161	0.0369931650663848	221	6	0.797317383417061	0.929543320078079
maxbin_SRR11413645.020_sub	gender	male	-0.0110257714371844	0.043156466393963	221	3	0.798593555061911	0.929646734490914
metabat_ERR12406003.18	age	age	0.00736469964702683	0.0287613006807046	221	4	0.798144908388527	0.929646734490914
maxbin_SRR16168984.014_sub	gender	male	0.0244176229632406	0.0955965728482537	221	13	0.798640414193305	0.929646734490914
metabat_SRR16168929.12	age	age	-0.00967185155855182	0.0378412809248604	221	5	0.79850957771824	0.929646734490914
maxbin_ERR6275670.004	age	age	0.0048073265184597	0.0187556030492267	221	5	0.797951179387607	0.929646734490914
metabat_SRR5930532.23_sub	gender	male	-0.0173163765333295	0.0676152796521547	221	5	0.798116402744674	0.929646734490914
semibin_SRR25825511.32_sub	response	R	-0.00990800467860515	0.0387429319329564	221	4	0.798397247931496	0.929646734490914
maxbin_ERR12406008.002_sub	gender	male	0.0107136455216642	0.0417659614152298	221	4	0.79779756307812	0.929646734490914
semibin_ERR12405934.0	gender	male	0.0169589298301088	0.0664258284317607	221	5	0.798728382539238	0.929646734490914
metabat_ERR12405928.43	response	R	-0.0040135427414103	0.0156807832711393	221	2	0.798229632485547	0.929646734490914
metabat_ERR12406004.31	response	R	0.00686340397828969	0.0268329910832537	221	2	0.798362221012078	0.929646734490914
semibin_SRR11413649.145_sub	response	R	0.031766283408174	0.125353361020241	221	8	0.800188315250585	0.930045033726537
metabat_SRR5930494.25_sub	response	R	0.0353827438594519	0.139413686094595	221	12	0.799892871924919	0.930045033726537
metabat_ERR6264281.57_sub	gender	male	0.0387989740583012	0.152591479656291	221	17	0.799531020057666	0.930045033726537
semibin_ERR2162215.9	response	R	-0.00789121628059438	0.0310815322333244	221	3	0.799822775809784	0.930045033726537
metabat_ERR12405916.32	age	age	-0.00525569798528527	0.0206486021104561	221	3	0.79932839683031	0.930045033726537
semibin_SRR13068829.205	gender	male	0.0246053853037936	0.0970015797285203	221	8	0.80000003701331	0.930045033726537
semibin_SRR16554774.25	age	age	0.00803589177896919	0.0317344242531292	221	4	0.800335488963489	0.930045033726537
metabat_ERR12406006.41	gender	male	0.0240710504861648	0.0950096409193531	221	8	0.800234713853293	0.930045033726537
semibin_SRR5930504.145	age	age	0.0103778829855864	0.0409307445693678	221	16	0.800087913829529	0.930045033726537
maxbin_SRR16168940.014_sub	age	age	-0.00831281303452644	0.0327946470253761	221	3	0.800137508108382	0.930045033726537
semibin_SRR6000899.35	age	age	-0.00117212607699631	0.00461491520663285	221	1	0.799746498027322	0.930045033726537
metabat_SRR16554765.17	response	R	0.0343165805030968	0.136816962629629	221	20	0.802189762937428	0.93032685193605
maxbin_SRR11413612.015_sub	gender	male	0.0491177134950616	0.196059083562263	221	25	0.802418412352359	0.93032685193605
maxbin_SRR16554673.003	response	R	-0.0234576900693662	0.0934018003492129	221	5	0.801937223332461	0.93032685193605
metabat_SRR13068843.21	age	age	0.0136048270504443	0.0541160046558034	221	7	0.801741872530029	0.93032685193605
metabat_SRR16554660.22	gender	male	0.0125921242732368	0.0502344464516401	221	2	0.802308658188191	0.93032685193605
metabat_SRR25825510.42_sub	age	age	0.00550758530358876	0.0218250241383342	221	3	0.801007972661042	0.93032685193605
metabat_ERR12405957.24	age	age	0.00116256171948703	0.00461492635549727	221	1	0.80134643690027	0.93032685193605
metabat_SRR13022393.14	response	R	0.0133810733900874	0.0532594072717313	221	6	0.801864803599748	0.93032685193605
semibin_SRR11413655.121	age	age	-0.0108806529198231	0.0432692215058151	221	7	0.801693341338513	0.93032685193605
semibin_ERR6232688.10	age	age	0.0071514729091908	0.0283645937635236	221	5	0.801181729960317	0.93032685193605
semibin_ERR6275670.117	gender	male	0.012267472412161	0.0489312637934344	221	5	0.802276887213353	0.93032685193605
semibin_SRR6000903.20	age	age	-0.00988100441830118	0.0391344489197866	221	8	0.800902411122716	0.93032685193605
semibin_ERR6235716.28_sub	age	age	0.00686547906345538	0.0272570674751891	221	8	0.801374526604393	0.93032685193605
semibin_SRR5930501.12	gender	male	0.0242552976034704	0.0963450778839135	221	7	0.801469167665617	0.93032685193605
semibin_ERR12405995.25	gender	male	-0.0131313371827264	0.0523849329806799	221	4	0.802306809955296	0.93032685193605
maxbin_SRR13068818.027_sub	age	age	0.00608278840746796	0.0242707074947164	221	5	0.802343139137169	0.93032685193605
metabat_ERR2162222.11_sub	response	R	0.0506403173203647	0.203581217897506	221	45	0.803792821468674	0.930414558087089
maxbin_SRR13022427.016_sub	response	R	-0.0195991647201332	0.0788255010719243	221	10	0.803874497021832	0.930414558087089
semibin_SRR8387712.32	response	R	0.0176786198266334	0.0707593844917803	221	10	0.802947744708794	0.930414558087089
semibin_SRR23364229.5	response	R	0.0369071809210409	0.147951468733932	221	37	0.803247946906533	0.930414558087089
semibin_SRR13068840.58	gender	male	0.0135787552426742	0.0546081113777504	221	3	0.803860350659189	0.930414558087089
metabat_ERR6279652.12	response	R	-0.00582694084894736	0.0233030765025677	221	3	0.802786555467333	0.930414558087089
metabat_ERR6281342.23	age	age	0.0087706016260415	0.0352728372724943	221	7	0.80386949408099	0.930414558087089
metabat_SRR16554766.13	response	R	0.0330643389044	0.13278198117434	221	22	0.803589043312729	0.930414558087089
metabat_SRR6000893.52	gender	male	-0.0286920095616133	0.115280896882568	221	22	0.80368559944491	0.930414558087089
metabat_ERR6271721.74_sub	age	age	0.00624740595987363	0.0250444125834156	221	5	0.80324629403125	0.930414558087089
metabat_SRR23364178.39_sub	age	age	0.00279086142823008	0.0111588082110165	221	2	0.802743617945669	0.930414558087089
metabat_SRR6000949.42_sub	age	age	0.00529152110042623	0.0212301612682072	221	5	0.803407760381604	0.930414558087089
semibin_ERR2162202.9	response	R	-0.0537407548966804	0.21669290686759	221	30	0.804365664832258	0.930716666260845
metabat_ERR6280907.75	response	R	0.0197980360956121	0.0798221402336508	221	5	0.804348921053463	0.930716666260845
semibin_ERR6279661.58	age	age	-0.0129998500095015	0.0524840543899293	221	10	0.804607379851708	0.930863179550939
maxbin_SRR16554671.002	gender	male	-0.0670846528204308	0.283046299958872	221	24	0.812873083008209	0.931265727665587
semibin_SRR5930534.80	response	R	-0.0398392777065802	0.162230790437254	221	19	0.806246304018948	0.931265727665587
semibin_SRR25825514.3_sub	age	age	0.0400250552431881	0.166622573475752	221	91	0.810392021996968	0.931265727665587
semibin_ERR6264280.18	response	R	-0.0623445605130053	0.261621918804536	221	62	0.811874163650585	0.931265727665587
metabat_SRR11413686.6	gender	male	-0.034591586121758	0.142732067709761	221	15	0.808735321958543	0.931265727665587
semibin_SRR16554786.37	response	R	0.0473044169534148	0.19275535278298	221	25	0.806371758086699	0.931265727665587
semibin_SRR16554776.8	age	age	-0.0270476157410754	0.113818304157348	221	28	0.81238761252463	0.931265727665587
semibin_ERR2162223.3	gender	male	0.0423591391097462	0.176975832018606	221	20	0.811060703200143	0.931265727665587
semibin_ERR12405923.28	age	age	-0.0245831705616433	0.102271983198078	221	25	0.810272418508443	0.931265727665587
metabat_ERR6233692.1_sub	response	R	-0.0191622581553197	0.0795237292247627	221	10	0.809811486373808	0.931265727665587
semibin_SRR8387707.23	response	R	-0.0595016330404953	0.246037732802606	221	58	0.809132945966224	0.931265727665587
semibin_ERR6279669.46_sub	gender	male	-0.0166589530596053	0.0681759952700495	221	11	0.807191340997755	0.931265727665587
maxbin_SRR16554656.001	gender	male	-0.0199467341612303	0.082650053589943	221	6	0.809519780338382	0.931265727665587
metabat_SRR16554763.38	gender	male	0.0329151745944817	0.135091774484648	221	9	0.80773172145729	0.931265727665587
metabat_SRR16168902.18	age	age	0.0158435460482757	0.065239917731437	221	12	0.808351951345042	0.931265727665587
metabat_SRR25825496.19	age	age	-0.00347191476919472	0.0142653665963374	221	2	0.80794229025139	0.931265727665587
maxbin_SRR8387659.002	age	age	0.0186177822838078	0.0761691223725321	221	12	0.807131303108563	0.931265727665587
metabat_ERR6279658.3	age	age	-0.007308366529713	0.0307903036535475	221	3	0.812601962158168	0.931265727665587
metabat_ERR6279654.11	response	R	0.0251642883360691	0.104568823046568	221	9	0.81005715499867	0.931265727665587
semibin_SRR5930498.70	gender	male	-0.00681284805328124	0.0282653223185912	221	4	0.809759202426711	0.931265727665587
metabat_SRR16554636.2	age	age	0.0113293072965001	0.047507394761816	221	8	0.811738054616198	0.931265727665587
metabat_ERR6232688.30	gender	male	0.00244016619151764	0.00993687857439294	221	1	0.806250464980167	0.931265727665587
metabat_SRR13068822.8	age	age	-0.00611507304172644	0.0248761585309597	221	6	0.806053429947863	0.931265727665587
semibin_SRR16168918.53	gender	male	-0.0095207761973565	0.0391515842287075	221	5	0.808098035175966	0.931265727665587
maxbin_ERR6279679.046	gender	male	0.0159128860962928	0.0667450728882619	221	20	0.811788763424374	0.931265727665587
metabat_ERR6232526.9	age	age	-0.00112630858499687	0.00462058136867598	221	1	0.80764772136122	0.931265727665587
semibin_SRR11413657.198	gender	male	0.0109150634162882	0.0460360752874985	221	3	0.812804844168906	0.931265727665587
semibin_SRR8387683.30	age	age	-0.0140633903805877	0.0582244611903632	221	15	0.809367632153303	0.931265727665587
metabat_ERR6280907.75	age	age	-0.00954076597172376	0.0390180255198036	221	5	0.807058302760451	0.931265727665587
metabat_SRR16554785.21	gender	male	-0.00624614107990358	0.0253962453431288	221	2	0.805955405433322	0.931265727665587
semibin_SRR13068825.75	gender	male	0.0227179853976783	0.0924994515639483	221	8	0.806223011588278	0.931265727665587
metabat_ERR12405928.39	response	R	0.00963121090974077	0.0399472659464995	221	3	0.809706716044098	0.931265727665587
semibin_SRR13068829.28_sub	age	age	0.00797674177104031	0.0336018630068815	221	8	0.812579048875148	0.931265727665587
metabat_ERR12405955.18	age	age	0.00109680275032951	0.00463125719485439	221	1	0.813015245180221	0.931265727665587
semibin_SRR5930497.45	age	age	0.00109680275031371	0.00463125719485325	221	1	0.813015245182824	0.931265727665587
maxbin_SRR5930504.019	gender	male	-0.0186116291684972	0.0770620342832788	221	6	0.809385196424491	0.931265727665587
semibin_ERR12405943.41	age	age	0.00109680275031921	0.00463125719485319	221	1	0.813015245181897	0.931265727665587
semibin_ERR6275680.30	age	age	0.00109680275033325	0.0046312571948544	221	1	0.813015245179592	0.931265727665587
metabat_ERR12405920.6_sub	gender	male	0.0197103475806878	0.0821499410146109	221	8	0.810611209928579	0.931265727665587
maxbin_SRR5930517.025_sub	age	age	-0.0102165116400001	0.0414586065461826	221	9	0.805587590365828	0.931265727665587
metabat_ERR6229432.22_sub	response	R	-0.0173671563981484	0.0716838323627271	221	7	0.808796577311168	0.931265727665587
metabat_SRR23364176.34	age	age	0.0086519091770716	0.0361255686115859	221	6	0.81094748622523	0.931265727665587
metabat_SRR11413690.18	age	age	-0.00112630858499058	0.00462058136867597	221	1	0.807647721362277	0.931265727665587
maxbin_SRR5930501.008	response	R	-0.0158613057930979	0.0652039385743797	221	7	0.808037628050588	0.931265727665587
maxbin_ERR12405934.015_sub	age	age	-0.00112630858498484	0.00462058136867598	221	1	0.807647721363237	0.931265727665587
semibin_SRR5930497.77	age	age	0.00109680275031594	0.00463125719485368	221	1	0.81301524518246	0.931265727665587
semibin_SRR11413646.12	age	age	-0.00112630858498684	0.00462058136867598	221	1	0.807647721362903	0.931265727665587
semibin_SRR16554760.12	response	R	-0.00610011046968789	0.0247760258367839	221	3	0.805752408959911	0.931265727665587
semibin_SRR5930522.7_sub	response	R	-0.0115411209589902	0.0485977155518191	221	4	0.812507597861328	0.931265727665587
maxbin_ERR12405920.014	age	age	-0.00112630858499082	0.00462058136867597	221	1	0.807647721362236	0.931265727665587
metabat_SRR13022269.5	age	age	-0.00112630858498594	0.00462058136867598	221	1	0.807647721363053	0.931265727665587
maxbin_SRR5930503.016	age	age	0.00109680275032561	0.00463125719485386	221	1	0.813015245180848	0.931265727665587
semibin_ERR12405997.23	age	age	0.0010968027503208	0.00463125719485337	221	1	0.81301524518164	0.931265727665587
semibin_SRR11413613.4	age	age	-0.00112630858499012	0.00462058136867597	221	1	0.807647721362354	0.931265727665587
semibin_SRR13068843.2	age	age	0.0010968027503095	0.00463125719485347	221	1	0.813015245183531	0.931265727665587
semibin_SRR16168930.105	gender	male	0.00244016607277227	0.00993687857083189	221	1	0.806250474151794	0.931265727665587
metabat_ERR12405943.50_sub	age	age	0.00109680275032804	0.00463125719485385	221	1	0.813015245180443	0.931265727665587
metabat_SRR11413657.28	age	age	0.00109680275031596	0.00463125719485327	221	1	0.813015245182442	0.931265727665587
metabat_ERR12405953.12	age	age	0.00109680275030769	0.00463125719485306	221	1	0.813015245183817	0.931265727665587
maxbin_SRR5930503.012_sub	age	age	0.00109680275031478	0.00463125719485308	221	1	0.813015245182634	0.931265727665587
semibin_SRR5930503.7	age	age	0.00109680275033779	0.00463125719485454	221	1	0.813015245178844	0.931265727665587
semibin_SRR5930503.28_sub	age	age	0.00109680275032814	0.00463125719485375	221	1	0.813015245180426	0.931265727665587
maxbin_SRR5930503.005	age	age	0.00109680275033074	0.00463125719485422	221	1	0.813015245180006	0.931265727665587
maxbin_SRR5930503.019	age	age	0.0010968027503132	0.00463125719485299	221	1	0.813015245182892	0.931265727665587
maxbin_SRR5930497.013	age	age	0.00109680275033545	0.0046312571948542	221	1	0.81301524517922	0.931265727665587
maxbin_SRR5930503.013_sub	age	age	0.00109680275031875	0.00463125719485333	221	1	0.81301524518198	0.931265727665587
semibin_SRR5930503.75	age	age	0.00109680275032851	0.00463125719485393	221	1	0.81301524518037	0.931265727665587
semibin_SRR5930497.42	age	age	0.00109680275031963	0.00463125719485309	221	1	0.81301524518182	0.931265727665587
metabat_SRR5930503.100	age	age	0.00109680275031476	0.004631257194853	221	1	0.813015245182632	0.931265727665587
metabat_SRR5930503.67	age	age	0.00109680275031215	0.0046312571948532	221	1	0.813015245183075	0.931265727665587
metabat_ERR2162214.7	response	R	-0.0529108329944562	0.225404495480754	221	31	0.814635729837871	0.931275446350346
semibin_SRR8387677.66	response	R	0.0233140013130358	0.0991388001172852	221	17	0.814302239932657	0.931275446350346
semibin_SRR5930494.234	response	R	0.0287655340848164	0.122257680735616	221	16	0.814208563399933	0.931275446350346
semibin_SRR11413679.3	age	age	0.0106263581178738	0.0451143531347763	221	13	0.814011628007011	0.931275446350346
metabat_SRR25825515.13	gender	male	0.0157493777576449	0.0666238371734052	221	9	0.813351071754384	0.931275446350346
metabat_SRR25825512.35_sub	gender	male	0.00723585192898946	0.0306485379968744	221	5	0.813584541467128	0.931275446350346
metabat_ERR12405912.60_sub	gender	male	0.00752876229188559	0.0318596382224201	221	5	0.813414757464884	0.931275446350346
metabat_SRR8387677.1_sub	age	age	-0.0039440495451063	0.0167478479615298	221	2	0.814045955632292	0.931275446350346
semibin_ERR12405967.93	response	R	0.00966470200289008	0.0410839960164343	221	4	0.814242364696153	0.931275446350346
semibin_SRR25825500.94	gender	male	-0.0107451318957495	0.0457297247309899	221	4	0.814453279939106	0.931275446350346
maxbin_SRR16554786.001	response	R	0.0156342459619889	0.0665974160903757	221	5	0.814618285385464	0.931275446350346
maxbin_ERR12406007.007	response	R	0.0134449783360606	0.057150949548954	221	9	0.814236056801254	0.931275446350346
semibin_SRR5930527.114	gender	male	-0.0165299872652443	0.069993217455321	221	13	0.813529552782563	0.931275446350346
semibin_SRR5930528.83_sub	gender	male	-0.0210916327842129	0.0897746894405688	221	6	0.814477277983817	0.931275446350346
metabat_ERR6229432.22_sub	age	age	0.00820156251811718	0.0350195762330531	221	7	0.815051026301621	0.931618527519434
semibin_SRR5930518.8	response	R	-0.026421204462847	0.112991209728114	221	25	0.815336359977671	0.931681333639361
metabat_SRR23364197.91	age	age	-0.00924330530782251	0.0395196409384994	221	5	0.815290402988331	0.931681333639361
semibin_SRR16554736.23	gender	male	-0.0326658527689151	0.141138629391429	221	12	0.817187074805489	0.931693214402545
metabat_ERR12405947.12_sub	age	age	0.0148195272325903	0.06355326551835	221	14	0.81583928326557	0.931693214402545
metabat_SRR16554652.18	response	R	0.0318891863697473	0.136605752937622	221	23	0.815642226262433	0.931693214402545
maxbin_SRR11413615.014	age	age	-0.00409796235997638	0.0175655417092462	221	4	0.815751848509287	0.931693214402545
semibin_SRR25825500.25	age	age	-0.00577738514046878	0.0249231905146898	221	4	0.816905897408692	0.931693214402545
semibin_SRR16168982.36	age	age	-0.00744204253377164	0.0320621541346797	221	4	0.816671362071333	0.931693214402545
semibin_SRR13068826.42	gender	male	0.00229561067006775	0.00993145601140223	221	1	0.817420248952774	0.931693214402545
semibin_ERR12405968.34	age	age	-0.00507438875982768	0.0219199852894813	221	6	0.817147638897822	0.931693214402545
semibin_SRR16168918.72	gender	male	0.00229561054916069	0.00993145600780718	221	1	0.81742025833339	0.931693214402545
semibin_ERR6279626.1	gender	male	0.00229561054957793	0.00993145600781387	221	1	0.817420258300904	0.931693214402545
semibin_ERR12405928.62	gender	male	0.00229561066853855	0.00993145601136427	221	1	0.817420249071522	0.931693214402545
semibin_ERR6282137.102	gender	male	0.00229561066753111	0.00993145601133133	221	1	0.817420249149661	0.931693214402545
maxbin_SRR16168918.021	gender	male	0.00229561067040296	0.00993145601141459	221	1	0.817420248926793	0.931693214402545
semibin_ERR6280899.75	gender	male	0.0022956106700133	0.00993145601140386	221	1	0.81742024895705	0.931693214402545
maxbin_SRR13068848.026	gender	male	0.00229561054956555	0.00993145600781969	221	1	0.81742025830199	0.931693214402545
metabat_SRR16168918.75	gender	male	0.00229561067296216	0.0099314560114952	221	1	0.817420248728317	0.931693214402545
semibin_ERR6279624.33	gender	male	0.00229561066916443	0.00993145601138654	221	1	0.817420249023026	0.931693214402545
metabat_SRR16168918.66	gender	male	0.00229561066911327	0.00993145601137901	221	1	0.817420249026883	0.931693214402545
metabat_SRR13068843.21	gender	male	0.0268869160403053	0.116646577455149	221	7	0.817921219626454	0.932098825105946
semibin_SRR6000891.14	gender	male	-0.031985169613189	0.138831191039948	221	14	0.818006609866717	0.932098825105946
maxbin_SRR8387679.008	response	R	-0.0182901171521778	0.0794949830000393	221	11	0.818247212946204	0.932241647881236
semibin_SRR6000892.71	gender	male	0.0559096276068892	0.243473707838195	221	58	0.818596024369083	0.932371631463698
metabat_SRR11413654.23	response	R	-0.00978755167035859	0.0426507375703424	221	4	0.818711086351082	0.932371631463698
metabat_ERR12405998.25	gender	male	-0.0138851708683387	0.0605446338423974	221	4	0.818822415712988	0.932371631463698
semibin_SRR16168952.25	age	age	-0.0024687148584529	0.0107606822684446	221	2	0.818759145201112	0.932371631463698
maxbin_SRR11413678.037	gender	male	-0.0104048766457186	0.0454164024007935	221	5	0.819007330921136	0.932450913920347
metabat_SRR13022401.12	gender	male	0.0659692422883788	0.288951328579977	221	62	0.819623702049977	0.932483688721741
semibin_SRR16554638.14	response	R	-0.0398720483715139	0.175431020765922	221	23	0.820419625240344	0.932483688721741
semibin_SRR16554784.78	response	R	-0.0282048404005673	0.123577684350861	221	13	0.819677926023871	0.932483688721741
semibin_SRR16554704.8_sub	response	R	-0.0203767547030845	0.0896107076440351	221	13	0.820334579257576	0.932483688721741
metabat_SRR16554760.38	gender	male	0.0299235936907011	0.131231967114336	221	14	0.819844926919569	0.932483688721741
maxbin_ERR12405988.009	response	R	0.00558757628106655	0.0245374721926404	221	3	0.820081567910671	0.932483688721741
metabat_ERR12405982.7	age	age	0.0037550910082098	0.016438534258664	221	2	0.819525354815747	0.932483688721741
metabat_ERR6279624.53	age	age	-0.00104651759696705	0.00460394791312701	221	1	0.820398044754813	0.932483688721741
maxbin_SRR16554627.030_sub	age	age	-0.00420344830085696	0.0184823932779162	221	4	0.820303907381848	0.932483688721741
semibin_SRR11413685.32	age	age	-0.00104651759683775	0.00460394791313808	221	1	0.82039804477704	0.932483688721741
semibin_SRR5930527.26	age	age	-0.00104651759693969	0.00460394791312923	221	1	0.820398044759505	0.932483688721741
maxbin_SRR23364189.018	age	age	-0.00104651759679094	0.00460394791314054	221	1	0.820398044785031	0.932483688721741
semibin_SRR23364199.26	age	age	0.00764751797584139	0.0336991844413231	221	10	0.82068911101889	0.932658919477418
maxbin_ERR6257997.018	age	age	0.00361451653123759	0.015946301896448	221	2	0.820895336891211	0.932762220395633
semibin_ERR6275668.101	gender	male	0.0333338602173152	0.147442012352627	221	17	0.821351997425782	0.933150014774509
semibin_SRR16554679.4	response	R	0.0246960794531097	0.109328031302133	221	9	0.821499798418363	0.933186849664005
semibin_SRR5930534.80	gender	male	0.0384992293437206	0.170995288437359	221	19	0.822076483600241	0.93331760238051
maxbin_SRR16554721.036	age	age	0.00907766416393799	0.0402970357396899	221	7	0.82198218517124	0.93331760238051
metabat_SRR11413649.53_sub	gender	male	-0.0148621329752419	0.0659714167061986	221	8	0.82197452572299	0.93331760238051
semibin_SRR6000944.13	response	R	-0.00858879975868275	0.0380750518559451	221	4	0.821744698169872	0.93331760238051
maxbin_SRR16554671.015_sub	gender	male	-0.0134429559288614	0.0597585122464059	221	4	0.822226236929254	0.933356604110008
maxbin_SRR8387683.026_sub	response	R	0.0188107464490369	0.083707858775599	221	13	0.8224093418707	0.933433448926498
maxbin_SRR16554652.022_sub	response	R	-0.0279050845164324	0.124604995583686	221	13	0.82300818699265	0.933923661031559
metabat_ERR12405966.18	age	age	-0.0138654544004558	0.0619363991986911	221	13	0.823072187912086	0.933923661031559
maxbin_SRR11413678.037	age	age	-0.00471222158181197	0.021070093074237	221	5	0.823243926696836	0.933987498825082
semibin_SRR23364225.25	age	age	-0.00862404968867277	0.03866163766034	221	3	0.823694922937017	0.934368097715932
semibin_SRR13022263.2	response	R	0.0131604360633032	0.0590899742893866	221	6	0.82396422006072	0.934542506219479
maxbin_SRR16554634.001	response	R	-0.0151616975326298	0.0681779036288996	221	5	0.824223872718583	0.934574888903393
metabat_SRR5930534.34	gender	male	-0.0213868672572259	0.0961306715425982	221	12	0.824152167116943	0.934574888903393
metabat_ERR12405985.26	age	age	-0.0230504952343502	0.103764024928678	221	26	0.824413433878653	0.934596526593369
semibin_SRR23364235.52	gender	male	-0.0181324266531086	0.0816545759176337	221	5	0.824474062468309	0.934596526593369
maxbin_SRR5930507.021	response	R	0.0246778703980231	0.111235590307629	221	22	0.824639900425731	0.934649619063592
semibin_SRR13022392.16	response	R	0.0210287453222844	0.0950412375774041	221	11	0.825098699321717	0.934649619063592
metabat_ERR6275663.3_sub	response	R	-0.0165046704562216	0.0744957112096904	221	9	0.824871793009774	0.934649619063592
metabat_SRR5930514.24_sub	response	R	0.00621067853512584	0.0280291016058224	221	2	0.824849785981287	0.934649619063592
metabat_SRR13068851.25	response	R	0.0154420544391303	0.0697717812167837	221	7	0.825051293475809	0.934649619063592
maxbin_SRR5930514.007	gender	male	-0.00740139172153813	0.0334860348337288	221	2	0.825278210702933	0.934722051276476
semibin_SRR5930504.145	gender	male	-0.0195182879446234	0.0883743141241966	221	16	0.825411952964395	0.934742631696447
semibin_SRR16554664.19	age	age	0.00318774220219419	0.0144494102627559	221	3	0.825600424836577	0.934825176547422
metabat_SRR25825506.41	age	age	0.00412263303503483	0.0187093131955101	221	5	0.825804439544969	0.934925294938369
maxbin_SRR25825509.002	age	age	0.0419359829401053	0.192497120516059	221	86	0.82774884559736	0.935789091324847
semibin_SRR13022308.4	age	age	0.0349439406016781	0.159710620876017	221	71	0.827016450409692	0.935789091324847
semibin_SRR16554738.0	response	R	-0.0572973014009693	0.262447720498834	221	68	0.827386448607423	0.935789091324847
semibin_SRR13068839.29	age	age	-0.0111357864716953	0.0511426651452665	221	10	0.827836711804288	0.935789091324847
metabat_SRR6000895.57	gender	male	0.0222742267347401	0.102014720128157	221	13	0.827367376889565	0.935789091324847
metabat_ERR2162221.49	age	age	0.00166539354334564	0.00764869266942231	221	2	0.827840127154955	0.935789091324847
maxbin_SRR5930503.009	age	age	0.00367593761570864	0.0168540952184483	221	2	0.827553579860153	0.935789091324847
semibin_SRR8387676.49	gender	male	0.017338044648081	0.0794595668236574	221	7	0.827480552823479	0.935789091324847
semibin_ERR6275677.28	response	R	0.0176367015133411	0.0807791568778229	221	10	0.827376894127597	0.935789091324847
semibin_SRR5930515.39_sub	gender	male	0.00697866988898659	0.031869387135567	221	3	0.826875297627343	0.935789091324847
maxbin_SRR16168918.052_sub	gender	male	0.0115163317780874	0.052641785292952	221	7	0.82703807483537	0.935789091324847
metabat_SRR13068834.42	response	R	0.0276356314736062	0.127312024493921	221	23	0.828359933382026	0.936245827444638
semibin_SRR16168913.44_sub	gender	male	-0.0688918446521554	0.318614247531412	221	66	0.829017030060664	0.936413796490339
semibin_SRR6000901.29	age	age	-0.0219120729182305	0.101264643114338	221	25	0.828893727025701	0.936413796490339
metabat_SRR23364191.39_sub	response	R	-0.0140756785376668	0.0651252052518945	221	7	0.829087437767967	0.936413796490339
semibin_ERR12406004.33	age	age	0.0014769914996921	0.00681704707464356	221	2	0.828675720394842	0.936413796490339
metabat_ERR12405940.22	response	R	0.0105166231805494	0.0486536068897015	221	5	0.829072358007099	0.936413796490339
semibin_ERR6275668.101	response	R	-0.0301856588311444	0.139905450627502	221	17	0.829379862744434	0.936613282585448
metabat_SRR13068841.11	response	R	-0.0272064903782766	0.126235154666382	221	18	0.829564097561463	0.936690551595297
metabat_ERR6275666.22_sub	gender	male	0.0105496082561664	0.0490532648043554	221	3	0.829919556812584	0.936961107691259
metabat_SRR5930506.44_sub	gender	male	-0.0240527153862831	0.112301072864254	221	13	0.830607316108048	0.93739176398445
metabat_SRR8387710.43	response	R	0.0177859110154864	0.083028652622828	221	7	0.830582440898122	0.93739176398445
maxbin_SRR6000912.014	gender	male	-0.0139445780622338	0.0651219959887653	221	8	0.830648710741413	0.93739176398445
semibin_ERR6279654.38	gender	male	0.0120401752677387	0.0562802537619998	221	4	0.83080057588018	0.937432346221944
metabat_ERR12405954.8	age	age	-0.0222197874084437	0.104208410351686	221	26	0.831354194833082	0.937859804821008
metabat_SRR5930527.85	age	age	0.0183194092758316	0.0859466277996619	221	27	0.831411325490434	0.937859804821008
semibin_ERR6281434.136	response	R	-0.00299868352972595	0.0141286296290354	221	2	0.832118281702363	0.938395213280108
semibin_ERR12406004.40	gender	male	0.00622908356302855	0.0294247778994198	221	5	0.832543542610883	0.938395213280108
metabat_ERR6279683.9	age	age	0.0122284266201112	0.0575916823172918	221	11	0.83204912916428	0.938395213280108
metabat_SRR25825503.11	gender	male	0.0117731101403506	0.0557203020380541	221	5	0.832859735559898	0.938395213280108
metabat_ERR6279655.17_sub	response	R	-0.0047292903121194	0.0224081956146705	221	3	0.833046195765476	0.938395213280108
metabat_SRR5930495.2	age	age	0.00242076058315816	0.0114691325301258	221	3	0.833032715729484	0.938395213280108
metabat_SRR11413689.56	response	R	0.00596255325096977	0.0282005784313601	221	2	0.832747281479365	0.938395213280108
metabat_SRR11413613.27	response	R	0.00561860856078208	0.0266035675931302	221	3	0.832932572923316	0.938395213280108
semibin_SRR11413614.5_sub	response	R	0.00575893370683803	0.0272638091506738	221	3	0.832906195164125	0.938395213280108
metabat_ERR6280907.74	gender	male	0.0103894557298063	0.0490766102198416	221	3	0.83254120482534	0.938395213280108
metabat_SRR16554631.3	age	age	0.0095785231794878	0.0455095676906368	221	4	0.833496226984074	0.938771408417656
semibin_ERR12405928.36_sub	gender	male	0.00584108279403676	0.0277753235104342	221	5	0.833632765228834	0.938794459088111
semibin_ERR6279669.21	gender	male	0.0103364995642296	0.049289600333709	221	3	0.834091564734151	0.939180366917696
metabat_SRR13022417.2	response	R	0.0821123651344814	0.392655433456524	221	73	0.834550221411136	0.939566006510755
metabat_SRR16168913.43	response	R	-0.00861902544126126	0.0412650737071274	221	4	0.83474650527496	0.939656191324131
maxbin_SRR8387676.033_sub	response	R	-0.0103914133473315	0.0498026347599944	221	5	0.834917558153493	0.93971795301217
semibin_ERR6279669.43	gender	male	0.0128675108950436	0.0619665743612034	221	5	0.835695213527052	0.94046234687725
maxbin_SRR16554755.007_sub	age	age	0.029410302982959	0.142284827217319	221	69	0.836438547214418	0.940906115420057
semibin_SRR5930533.32_sub	age	age	-0.0204078909987529	0.0987307102545002	221	25	0.836436720380517	0.940906115420057
metabat_ERR6281751.21	gender	male	0.0080238111860069	0.0388074235583096	221	4	0.836392953701964	0.940906115420057
semibin_ERR6279677.59_sub	age	age	0.00573942866242357	0.0277996970492802	221	5	0.836629869988478	0.940990458693758
semibin_SRR5930529.25	age	age	-0.00944510389268505	0.0458335398464443	221	11	0.836927932617559	0.941159605904303
semibin_ERR6279619.56	gender	male	-0.01047529372455	0.0508963282605936	221	5	0.837129352729421	0.941159605904303
metabat_SRR16168986.30_sub	gender	male	-0.0106424002387249	0.0516928348273487	221	6	0.837079739366252	0.941159605904303
maxbin_SRR11413691.019	age	age	0.0077311389597966	0.0376066820417147	221	8	0.837312614814877	0.941234805923936
semibin_SRR16554790.42	gender	male	-0.0494652421741748	0.240904160800029	221	41	0.83750664460633	0.941322087489716
maxbin_SRR5930520.048_sub	age	age	0.00172358991586845	0.00840517687235682	221	2	0.837716230937938	0.941426827264978
semibin_SRR11413690.63	response	R	-0.0146637448742736	0.0716986771991356	221	5	0.83813976135819	0.941702127855469
semibin_ERR12405974.45	response	R	-0.0167102587216108	0.081732540747738	221	11	0.838194067560772	0.941702127855469
metabat_SRR20881987.26	gender	male	0.00556627870590714	0.0272995117312027	221	2	0.838626132360972	0.942056688685492
semibin_ERR12406012.51	response	R	0.0215502861339488	0.105930915831042	221	8	0.838983987834678	0.942327800806398
semibin_SRR5930532.161	gender	male	0.0151339033499783	0.075007408349555	221	6	0.840289487392521	0.943663062209207
metabat_SRR11413684.1	age	age	0.00623970504294982	0.0309635554779247	221	7	0.840482551400653	0.943748837391154
metabat_SRR6000893.6	gender	male	0.00620766225631896	0.0309222978235964	221	5	0.841081812989097	0.944028546135973
semibin_SRR16554702.69	age	age	-0.00838587711779129	0.0417591829841382	221	5	0.841032902109011	0.944028546135973
semibin_ERR6279625.36	gender	male	0.00974620918096262	0.0485410286128771	221	3	0.841056812709195	0.944028546135973
metabat_SRR16554632.45	age	age	0.00711641056428849	0.0354957740342237	221	3	0.841288172692005	0.944129143989585
semibin_SRR11413652.29	gender	male	0.0142864420088023	0.0713919076739458	221	9	0.84158139223362	0.944196185377378
semibin_ERR6229432.4	age	age	0.00144619991637286	0.00722243520283391	221	2	0.841482636586629	0.944196185377378
maxbin_SRR16554787.013	age	age	0.00381010932155247	0.0190594553660125	221	2	0.841740903858772	0.944244165105374
semibin_SRR11413690.11	gender	male	-0.0350346730196921	0.175533136365131	221	21	0.84199004475658	0.944261714086414
semibin_SRR23364199.41	age	age	0.0121182066228867	0.0606815729828396	221	25	0.841903223003768	0.944261714086414
metabat_SRR16168982.24	response	R	-0.0620850649604418	0.313819010456992	221	87	0.843358197497962	0.945245714092096
metabat_SRR13068829.5_sub	age	age	-0.0109520964535868	0.0552902688376757	221	11	0.843165082832603	0.945245714092096
maxbin_SRR11413646.006_sub	age	age	-0.00403978343866707	0.0204321828181675	221	3	0.84345181980745	0.945245714092096
maxbin_SRR5930520.011	age	age	-0.00225912454156448	0.0114255379179538	221	3	0.843445241479871	0.945245714092096
semibin_SRR16554686.7	gender	male	0.0138184454251952	0.069718307107875	221	4	0.843071036766297	0.945245714092096
semibin_SRR16554665.28	response	R	0.0263934035202626	0.133871388657242	221	12	0.843890977252978	0.9455882542967
maxbin_ERR12405918.001	age	age	0.00727290996755101	0.0369371211433798	221	8	0.844091141618402	0.9455882542967
metabat_SRR20881983.56	age	age	-0.00759314651922303	0.0385678823276826	221	5	0.844108209201554	0.9455882542967
maxbin_ERR6279657.062_sub	response	R	0.00345254633740831	0.0175550299730218	221	3	0.844271402401192	0.94564009176303
semibin_SRR13022325.6	gender	male	-0.0798412580461724	0.408003907733287	221	160	0.845038907886969	0.946237669526485
semibin_ERR6275664.8	age	age	0.00626707179872873	0.0320129386208635	221	7	0.8449758607971	0.946237669526485
maxbin_SRR16554687.002	age	age	-0.00836574542272018	0.0429203922664843	221	4	0.845643369238657	0.946390420700465
semibin_SRR5930503.47	response	R	-0.00893240466328767	0.0457997358971179	221	3	0.845550539586103	0.946390420700465
maxbin_ERR12405972.021	age	age	-0.00492017400528825	0.0252065554014313	221	8	0.845425548627537	0.946390420700465
semibin_SRR5930520.61	age	age	0.00127840443441143	0.00655704613115474	221	2	0.845601580488436	0.946390420700465
metabat_ERR6279683.18	response	R	0.00584849358569506	0.0300786167266649	221	2	0.846014496628555	0.946674771545622
metabat_SRR25825512.4	response	R	0.0130959341414425	0.0675285563616127	221	7	0.846410704585946	0.946735141625111
metabat_SRR16554660.12	gender	male	0.00732131756093523	0.0377542398412284	221	3	0.846419610421758	0.946735141625111
maxbin_SRR5930519.002	response	R	-0.0138561632973736	0.0713499403172598	221	5	0.846201550453495	0.946735141625111
semibin_SRR6000911.2	age	age	0.00592929934252048	0.030684304870811	221	7	0.846955220866091	0.947072283473654
semibin_SRR5930507.83_sub	gender	male	0.0215709567469871	0.111562679007041	221	15	0.846865690193963	0.947072283473654
semibin_ERR2162208.7	gender	male	-0.0292754213155636	0.152346067635858	221	14	0.847793493868137	0.947408129932464
semibin_SRR11413683.31	response	R	-0.0429067125485513	0.223117929887738	221	29	0.847683078110583	0.947408129932464
semibin_SRR6000896.39	gender	male	-0.0153311967522705	0.0796496765126769	221	7	0.847544015151167	0.947408129932464
metabat_SRR20881980.15_sub	response	R	0.0191059651927483	0.0995331395808607	221	19	0.847958389290444	0.947408129932464
metabat_SRR16554775.6_sub	response	R	0.0111838749826322	0.0581863544038315	221	4	0.847759133835433	0.947408129932464
semibin_SRR23364231.16	gender	male	-0.0151569421669882	0.0789523164807738	221	6	0.847940606287473	0.947408129932464
metabat_ERR12406002.11	response	R	0.0178063830384515	0.0929272253216384	221	11	0.848221849675437	0.947534135339717
metabat_ERR12405933.44	gender	male	0.0118511013838741	0.0618823781861229	221	6	0.848305474034976	0.947534135339717
semibin_ERR2162202.11	response	R	0.0517782544831344	0.270869338610992	221	69	0.848582347585768	0.947608439798125
metabat_SRR5930536.81_sub	response	R	-0.0296106916346549	0.155048545181201	221	19	0.848723483914146	0.947608439798125
semibin_SRR16554630.22	response	R	-0.0112917505772839	0.0590932922224306	221	6	0.848640146302408	0.947608439798125
metabat_ERR2162211.9	response	R	-0.031934442056893	0.167353420554446	221	19	0.848844734263966	0.947613003550995
metabat_SRR5930527.48	response	R	-0.024526253028758	0.128707479620035	221	16	0.849050391517444	0.947711781202468
semibin_ERR12405928.45	age	age	-0.00158818804339583	0.00834710455682343	221	2	0.849276893174866	0.947833794949401
semibin_SRR11413606.86	age	age	0.00218130047846424	0.0114876326562127	221	3	0.849578702126868	0.948039809989253
metabat_SRR5930533.11	response	R	0.0202431248199006	0.106756535053255	221	21	0.849786287371368	0.948140639020503
semibin_SRR6000944.44	response	R	-0.0415483056796099	0.219630066861017	221	28	0.850134769360274	0.948398622701502
semibin_SRR5930493.92	age	age	-0.0100763299435486	0.0533172908562897	221	15	0.850280526267128	0.948430409108886
metabat_SRR11413686.33	response	R	0.0247441693631697	0.131311824101894	221	11	0.850709459730705	0.948598854284817
semibin_ERR2162215.9	gender	male	0.00615798501185023	0.0327047985085413	221	3	0.850825322923241	0.948598854284817
semibin_SRR16554759.10_sub	gender	male	-0.0419354331635844	0.222831223670257	221	19	0.850900678515869	0.948598854284817
semibin_ERR6280907.75	gender	male	0.024207141515781	0.128522080885996	221	9	0.850778267115363	0.948598854284817
maxbin_ERR6275666.011_sub	age	age	0.00782921524476971	0.0416658292458347	221	19	0.851128953573941	0.948722571183302
semibin_SRR16554706.23	gender	male	0.0864247672964515	0.461691039257671	221	157	0.851685819365441	0.949081690138838
metabat_SRR5930534.33	response	R	0.0191252565810552	0.102111241540497	221	9	0.851603032134161	0.949081690138838
maxbin_SRR13068846.008	gender	male	-0.00830476421418209	0.0444601700224488	221	6	0.852000766146165	0.949301859290561
semibin_SRR25825500.13	age	age	-0.00184135381955069	0.00987858331379829	221	3	0.852307738429235	0.949513083803809
semibin_SRR20881979.39	response	R	0.0233755267066991	0.125893824934458	221	8	0.852873459496225	0.95001246941268
maxbin_SRR20881987.014_sub	response	R	0.0101553832153672	0.0547988470780376	221	8	0.85315079755352	0.950059706817138
metabat_SRR16168942.31	age	age	0.00641942037486011	0.0346172978900009	221	3	0.853058162514077	0.950059706817138
metabat_SRR5930516.91	gender	male	0.0140849269206988	0.0761436737934208	221	5	0.853418828800293	0.950096557100725
metabat_ERR6279625.36	response	R	0.023070465236052	0.124653248789198	221	20	0.853343225171471	0.950096557100725
metabat_ERR12405949.18	gender	male	-0.0181972121038517	0.0984724702101586	221	8	0.85356248556686	0.950125706477396
metabat_SRR16554763.7	response	R	-0.0114560802647547	0.0620864883385501	221	3	0.853779361866533	0.950236339449087
semibin_SRR11413608.95	response	R	0.00591171442078503	0.0320994467744192	221	3	0.854053197715991	0.950410327893084
semibin_SRR23364195.41	response	R	-0.0678226421651612	0.383528717630847	221	134	0.859800831828925	0.950480453061004
metabat_SRR16554662.30_sub	response	R	0.0470296748927732	0.260457965080982	221	65	0.856877886542314	0.950480453061004
metabat_ERR6243880.3	response	R	-0.0475537422215642	0.260460375919333	221	63	0.855302139961791	0.950480453061004
maxbin_SRR16554647.003	gender	male	0.0468013376369469	0.258606767702824	221	38	0.856556180141982	0.950480453061004
metabat_SRR11413686.5	gender	male	-0.0259334117740851	0.141564203597999	221	22	0.854818677584266	0.950480453061004
semibin_ERR2162202.9	gender	male	0.0403668454623082	0.228009925769886	221	30	0.859642211881288	0.950480453061004
metabat_SRR5930506.102	response	R	0.0236786675350081	0.129570600318282	221	19	0.855167550240964	0.950480453061004
semibin_SRR25825516.46	gender	male	0.0231759952397679	0.130775341481819	221	12	0.859500956199386	0.950480453061004
semibin_ERR12405967.4	response	R	-0.0122404447879446	0.0672714606045691	221	7	0.855787126910758	0.950480453061004
maxbin_SRR25825515.010	gender	male	0.0113109097522124	0.0626990508093112	221	6	0.857007376072216	0.950480453061004
semibin_SRR5930509.30	gender	male	0.0266379447566613	0.145696311362684	221	23	0.855102345561054	0.950480453061004
metabat_SRR23364191.39_sub	age	age	0.00570232800151869	0.0317915635473151	221	7	0.857817633645169	0.950480453061004
semibin_ERR12405995.13	response	R	-0.0128699741639152	0.0712758134176638	221	10	0.856876923700152	0.950480453061004
metabat_SRR5930506.22	gender	male	-0.0148430635131387	0.0840693990716684	221	14	0.860020829696021	0.950480453061004
semibin_SRR23364207.32	response	R	0.0151317218316243	0.0829991369151555	221	4	0.855508241133112	0.950480453061004
semibin_ERR6279648.9_sub	response	R	-0.0161976427589208	0.0908091711897749	221	9	0.85859887817903	0.950480453061004
metabat_SRR23364187.17_sub	age	age	0.00297369019025234	0.0168371178297462	221	3	0.859975412804076	0.950480453061004
semibin_SRR13068850.87	gender	male	0.00547889872706126	0.0305345739903625	221	5	0.857765447731361	0.950480453061004
maxbin_SRR16168909.008	age	age	-0.00198051763265727	0.0111271164232515	221	2	0.858897312800488	0.950480453061004
metabat_ERR6232523.10	response	R	0.00478645062154608	0.0271121535148884	221	2	0.860032897159922	0.950480453061004
semibin_ERR6275681.3	response	R	-0.0130218671765628	0.0708748162222673	221	5	0.854398058782503	0.950480453061004
semibin_ERR6279676.4	response	R	0.0254927801305862	0.142348788642587	221	33	0.858038722697884	0.950480453061004
maxbin_ERR6279660.006	age	age	0.00907110193000673	0.0507477978006777	221	5	0.858302418726082	0.950480453061004
semibin_SRR20881983.19	age	age	-0.0087223174196547	0.0474364937837544	221	11	0.854286069212534	0.950480453061004
metabat_ERR6279667.15	age	age	-0.00442218376836206	0.0245640200665191	221	2	0.85729947179353	0.950480453061004
maxbin_SRR25825512.008	response	R	-0.0084765376461165	0.0470014473334892	221	5	0.857050570457633	0.950480453061004
maxbin_SRR23364240.007	response	R	0.0146442409435645	0.0829953102319312	221	20	0.860109598906218	0.950480453061004
semibin_SRR16168974.22	response	R	0.0134157931361533	0.0759030673714012	221	5	0.859871813646912	0.950480453061004
metabat_SRR20881976.34_sub	age	age	-0.00768067539689877	0.0432506033063026	221	9	0.859215723025065	0.950480453061004
semibin_SRR16554644.20	age	age	0.000850278414459314	0.00463546011259461	221	1	0.854632597425718	0.950480453061004
maxbin_SRR25825495.001	age	age	0.00397834676359898	0.0221079965650342	221	4	0.857359296334364	0.950480453061004
metabat_SRR16554681.16	response	R	-0.013193473701831	0.0728853865451134	221	5	0.856523405187859	0.950480453061004
metabat_SRR16554768.12	age	age	0.000819264578744812	0.00462087925313081	221	1	0.859441071765295	0.950480453061004
semibin_SRR16554632.31_sub	response	R	-0.012961097218098	0.0723429658528212	221	4	0.857977919825941	0.950480453061004
metabat_SRR5930501.19_sub	age	age	0.00338858262711487	0.019074088266585	221	2	0.859160659036569	0.950480453061004
maxbin_SRR11413614.004	age	age	0.000819264578745654	0.00462087925313081	221	1	0.859441071765154	0.950480453061004
semibin_ERR6279622.2	response	R	0.0101961465169608	0.0575409014187683	221	3	0.859518874396385	0.950480453061004
semibin_ERR6235718.4	age	age	-0.00189970442981694	0.0104473940216549	221	3	0.855883109258719	0.950480453061004
semibin_SRR11413615.76	response	R	0.0035865977898527	0.0200982665042883	221	3	0.858534078507107	0.950480453061004
semibin_SRR16168913.75	age	age	-0.000834284722526777	0.00459931357958293	221	1	0.856229253140907	0.950480453061004
maxbin_SRR16554660.004	gender	male	0.00706342290526659	0.0387102111942707	221	2	0.855384842052079	0.950480453061004
semibin_SRR5930531.137	response	R	0.00794544031620836	0.0436515214889272	221	4	0.85573753385468	0.950480453061004
metabat_SRR13068843.23	age	age	-0.000834284722525275	0.00459931357958428	221	1	0.8562292531412	0.950480453061004
metabat_SRR11413691.28	age	age	0.00248010337249967	0.0138712022761394	221	3	0.858265389774129	0.950480453061004
semibin_SRR11413657.56	age	age	-0.00083428472251495	0.00459931357958476	221	1	0.856229253142973	0.950480453061004
metabat_ERR12405929.15	age	age	0.000819264578742118	0.00462087925313081	221	1	0.859441071765753	0.950480453061004
maxbin_SRR13068839.007_sub	age	age	-0.00176733853415793	0.00978369911672451	221	3	0.856818379357755	0.950480453061004
semibin_SRR16554654.4_sub	response	R	-0.00735649384326525	0.0408502292317045	221	4	0.857254274199804	0.950480453061004
semibin_SRR11413689.16	age	age	0.000819264578741342	0.00462087925313081	221	1	0.859441071765884	0.950480453061004
metabat_SRR16168913.14	age	age	-0.000834284722532422	0.00459931357958361	221	1	0.856229253139964	0.950480453061004
semibin_SRR16168913.53	age	age	-0.000834284722519609	0.00459931357958399	221	1	0.856229253142157	0.950480453061004
semibin_SRR11413692.10_sub	gender	male	-0.0114408273516221	0.0651761294331246	221	8	0.860822995308065	0.951138850553501
maxbin_SRR16554751.003	response	R	0.0208388236531393	0.118912698437611	221	13	0.861050748256391	0.951260545266725
maxbin_ERR12405964.003	gender	male	-0.00455095556420827	0.0259988366112948	221	3	0.861207923810197	0.951304245803998
semibin_ERR6275668.86	age	age	0.00566725320089682	0.0324207977271721	221	7	0.861397404321708	0.951383614113611
semibin_SRR6000911.2	response	R	-0.0109706056371807	0.062856979328783	221	7	0.861609468927869	0.951487900694785
semibin_ERR6279683.8	response	R	-0.0283560849744766	0.16366464659527	221	36	0.862612774039613	0.951593583373413
semibin_ERR12405970.61	gender	male	-0.0236141152357648	0.136975386755133	221	15	0.863286284304873	0.951593583373413
semibin_ERR12405969.55	age	age	0.00380371085955067	0.0218774325790416	221	4	0.862133966764763	0.951593583373413
metabat_SRR5930498.104	response	R	-0.0182585446781076	0.105578077582926	221	12	0.862861052155671	0.951593583373413
metabat_SRR16554726.23	response	R	-0.0176136111342373	0.101588303462132	221	9	0.862512579942231	0.951593583373413
semibin_SRR16554660.75	gender	male	0.00695342912408696	0.0404238668436124	221	2	0.863587648610392	0.951593583373413
metabat_SRR23364240.7	gender	male	-0.0125061414578178	0.0726632142166445	221	10	0.863512280115395	0.951593583373413
metabat_SRR5930527.17	age	age	0.00543731474731124	0.0313944921601224	221	5	0.862660955631648	0.951593583373413
semibin_SRR5930527.102_sub	gender	male	0.0196433318701435	0.114072471985765	221	17	0.863442407459063	0.951593583373413
maxbin_SRR16554764.017	age	age	-0.0074305886032622	0.0430717155914253	221	11	0.863193780903605	0.951593583373413
semibin_SRR5930529.59	response	R	-0.0123304986643308	0.0716692981955472	221	9	0.863561835364586	0.951593583373413
maxbin_ERR6232521.007	age	age	-0.000797568045081916	0.00462109707960756	221	1	0.863133142630307	0.951593583373413
metabat_ERR12405914.16	response	R	-0.0123570833110682	0.071331763837258	221	6	0.862629018601506	0.951593583373413
semibin_ERR6279679.10	age	age	-0.000797568045044472	0.00462109707960943	221	1	0.863133142636713	0.951593583373413
metabat_SRR8387676.9	age	age	-0.000797568010035098	0.00462109708154223	221	1	0.863133148641527	0.951593583373413
semibin_SRR16168902.6	age	age	-0.000797568010596217	0.00462109708151148	221	1	0.863133148545288	0.951593583373413
metabat_SRR11413614.19	gender	male	-0.0158096495656113	0.0925062133523936	221	5	0.864458774699221	0.951645919391221
metabat_SRR16168938.24_sub	age	age	0.00500379893476569	0.0291918424837402	221	4	0.864060497840528	0.951645919391221
metabat_SRR16168942.34	response	R	0.0163793637114683	0.0956915132556238	221	7	0.864252553139864	0.951645919391221
semibin_SRR11413678.34	response	R	0.00651629485855545	0.038006468327108	221	3	0.864027940070038	0.951645919391221
semibin_SRR8387683.34_sub	age	age	-0.00154911039082015	0.0090439468914481	221	2	0.864158602562064	0.951645919391221
semibin_SRR5930515.71	response	R	0.00824866147834833	0.048250037662501	221	4	0.864418419401692	0.951645919391221
semibin_SRR16168926.64	response	R	-0.00978265486663012	0.0572053588000806	221	3	0.864375713438458	0.951645919391221
semibin_SRR5930523.22	gender	male	0.0391094077954091	0.231126177827906	221	58	0.865789310376796	0.951670679553525
semibin_SRR16554736.21	gender	male	0.0134759347594827	0.0800893516603733	221	10	0.86653576720746	0.951670679553525
semibin_SRR23364206.58	response	R	0.0241748179808834	0.141804209775625	221	23	0.864792629090747	0.951670679553525
semibin_SRR11413691.52	age	age	0.0121469606655747	0.072083935624035	221	26	0.866338845766547	0.951670679553525
metabat_SRR6000940.44	response	R	0.0161079471567273	0.0951639234936727	221	11	0.86574567317807	0.951670679553525
maxbin_ERR12405964.003	response	R	-0.00420230935006205	0.0246571408585833	221	3	0.86483142906055	0.951670679553525
metabat_SRR6000893.52	response	R	0.0185160199293368	0.109285885407385	221	22	0.865619862771812	0.951670679553525
semibin_SRR25825509.16	age	age	-0.0013688141114123	0.00813108792307396	221	2	0.866470849268944	0.951670679553525
semibin_ERR6279659.15	gender	male	0.00165964117923342	0.00989474194272881	221	1	0.866952216996085	0.951670679553525
maxbin_SRR16168938.002	age	age	0.000779371913322499	0.00462141820711754	221	1	0.866234908123934	0.951670679553525
semibin_ERR6279615.16	gender	male	0.00973374122465188	0.0572185982028084	221	8	0.865079048359917	0.951670679553525
semibin_SRR11413692.14	age	age	0.00651942247915625	0.0385968023409566	221	5	0.866024029075032	0.951670679553525
maxbin_SRR5930530.047	age	age	-0.00543221749400049	0.03211765583943	221	5	0.865848937940939	0.951670679553525
semibin_SRR23364230.99	gender	male	0.0084685759575648	0.0501311632928665	221	5	0.866010370328411	0.951670679553525
metabat_SRR5930528.27	response	R	-0.0204000715522977	0.120047816973732	221	13	0.865222471780333	0.951670679553525
semibin_ERR12405994.32	age	age	0.000779371913154419	0.00462141820710801	221	1	0.866234908152216	0.951670679553525
metabat_SRR16168938.13	age	age	0.00077937191331789	0.0046214182071173	221	1	0.866234908124707	0.951670679553525
semibin_SRR5930505.151	gender	male	0.0016596411732016	0.00989474194271499	221	1	0.866952217474909	0.951670679553525
semibin_ERR6279672.16	gender	male	0.00165964112358874	0.00989474194260161	221	1	0.866952221413369	0.951670679553525
semibin_SRR5930505.85	gender	male	0.00165964112334103	0.00989474194260091	221	1	0.866952221433033	0.951670679553525
semibin_SRR5930505.71	gender	male	0.00165964112368906	0.00989474194260162	221	1	0.866952221405404	0.951670679553525
metabat_SRR5930506.18	gender	male	-0.00639118149848787	0.0381835176507837	221	4	0.867227778687387	0.951843978019214
metabat_ERR12405933.43	response	R	0.0621570856990982	0.372368530170425	221	147	0.867585625716569	0.952107536064533
semibin_SRR23364201.31	age	age	0.00263481314727297	0.0158074126768831	221	3	0.867775380906469	0.952186579944583
metabat_SRR5930511.52	age	age	-0.00695965766811366	0.0418198053063259	221	9	0.867982915065995	0.952285108119068
metabat_SRR11413652.31	age	age	-0.00871126433905841	0.052574284759532	221	12	0.868551744134073	0.952567927046002
semibin_SRR25825500.25	gender	male	-0.00890355390726691	0.0537217204280329	221	4	0.868520032292667	0.952567927046002
metabat_SRR13068843.54	response	R	0.00660892313817345	0.039899178272355	221	3	0.868594023487174	0.952567927046002
semibin_ERR12405984.5	gender	male	-0.0241646069331328	0.146715994569637	221	24	0.869332018449986	0.952759221502143
metabat_ERR6281941.15	response	R	0.0211257084412546	0.128291266081919	221	13	0.86935744988697	0.952759221502143
maxbin_ERR12405985.002_sub	age	age	0.00478310527123124	0.0290043566304791	221	5	0.869168425229408	0.952759221502143
metabat_ERR12405991.26	gender	male	0.012054609361694	0.0730161019288821	221	6	0.86902273038887	0.952759221502143
maxbin_SRR5930514.013_sub	age	age	0.00791734587744026	0.0479949989807433	221	8	0.86912851526198	0.952759221502143
maxbin_ERR6279657.062_sub	age	age	0.00140866610956203	0.00857874984869324	221	3	0.86972477553514	0.953003008678187
metabat_SRR16554632.31	age	age	-0.00558515241655068	0.0340377950126894	221	6	0.869815555151135	0.953003008678187
semibin_SRR6000946.20_sub	response	R	0.00413742103660568	0.0252626386763981	221	2	0.870059895293846	0.953013004974752
maxbin_SRR25825518.017_sub	response	R	0.00758536206277837	0.0463154392268082	221	3	0.87006033985331	0.953013004974752
metabat_SRR11413620.24	age	age	-0.0119406747526785	0.0736562385165328	221	25	0.87136824430221	0.953671313073094
semibin_ERR12405963.13	response	R	0.0152446337888087	0.0936936080689544	221	16	0.87090129363244	0.953671313073094
metabat_ERR6275677.54	age	age	-0.0108178353529269	0.0665361129497364	221	22	0.870997497261121	0.953671313073094
maxbin_SRR5930517.004	response	R	-0.016249845227381	0.100007706408265	221	5	0.871075124435351	0.953671313073094
metabat_SRR13022393.14	age	age	0.0042203063539774	0.0260331760976673	221	6	0.871368818448339	0.953671313073094
metabat_SRR13068834.43_sub	response	R	0.0162988215001983	0.100423929499443	221	8	0.87122102832629	0.953671313073094
semibin_SRR13022415.6	gender	male	0.0258766475195914	0.160023440038285	221	20	0.871688361199259	0.9537629146888
semibin_ERR12405967.4	age	age	0.00531306700716052	0.0328392809889631	221	7	0.871621775018719	0.9537629146888
metabat_SRR16554669.9	age	age	0.0007424332510132	0.00460523161923916	221	1	0.87207391697169	0.9540557068128
maxbin_ERR2162223.003	age	age	-0.00638775987931252	0.039776457511683	221	4	0.872564569735181	0.954281738829041
semibin_SRR11413614.13	gender	male	-0.0106067937619948	0.0661466792882462	221	5	0.872752475533929	0.954281738829041
semibin_ERR6248618.3	response	R	-0.00704227344966662	0.0437943275835107	221	6	0.87239941037442	0.954281738829041
metabat_ERR6280907.89	age	age	-0.0020292342104725	0.0126526831551183	221	4	0.872731149620934	0.954281738829041
semibin_SRR20881983.19	gender	male	-0.0163789805736907	0.102422297913424	221	11	0.873097389637487	0.954529830682346
semibin_SRR16168930.38	response	R	0.0259834916949302	0.162764666643791	221	27	0.873314792752957	0.95455039719738
semibin_ERR12405971.1	age	age	0.00495687162986338	0.0310599752576756	221	6	0.873352242737464	0.95455039719738
semibin_ERR6275668.86	response	R	-0.010553806518438	0.0664141951769641	221	7	0.873888445738531	0.954878377348452
metabat_SRR11413618.6_sub	gender	male	-0.0200727361127291	0.126227583295275	221	10	0.873800856448985	0.954878377348452
metabat_SRR16168982.24	age	age	0.0242354887889766	0.153397119489504	221	87	0.874610531655194	0.955022273528717
metabat_SRR13068828.29	response	R	0.0291270105158598	0.183846687222277	221	21	0.874264544731357	0.955022273528717
maxbin_SRR16554752.002	age	age	-0.0109461875776562	0.0691735532809296	221	10	0.874413069158876	0.955022273528717
semibin_ERR12405920.23	response	R	0.00604643638479004	0.038209636099198	221	3	0.874411886301597	0.955022273528717
semibin_SRR11413683.16	response	R	-0.00798190753856784	0.0504913975483665	221	5	0.874538577066596	0.955022273528717
maxbin_SRR5930534.011	age	age	-0.00436172480659922	0.0276772928523102	221	10	0.874926318444317	0.955063741509202
metabat_SRR5930519.9	gender	male	0.0131840318769623	0.083711852029824	221	6	0.875002760210582	0.955063741509202
semibin_SRR25825500.13	response	R	0.0031893735837396	0.0202142778264523	221	3	0.87477921787627	0.955063741509202
semibin_SRR6000921.66	age	age	0.00419413834996447	0.0267700993823947	221	5	0.87564862866461	0.955454314808453
maxbin_SRR25825518.002	gender	male	-0.00731412240540951	0.0466821956549044	221	3	0.875645137184072	0.955454314808453
metabat_ERR6275659.2	age	age	0.00658767116358624	0.0420697296210734	221	11	0.875714989574068	0.955454314808453
semibin_SRR25825503.35	age	age	-0.00194045156156273	0.0124253243402928	221	4	0.87604494643559	0.955685396111553
maxbin_SRR13022355.014	gender	male	0.0564960579629212	0.369408807938136	221	176	0.878591891730798	0.955685560511383
semibin_SRR16554673.15	gender	male	0.0430293174670961	0.279054748119782	221	32	0.877597966583118	0.955685560511383
maxbin_ERR6267712.014_sub	response	R	0.010887959828085	0.0714632179263462	221	16	0.879047313713264	0.955685560511383
metabat_SRR13022461.7	gender	male	0.0224893224659772	0.145464524632188	221	16	0.877278252644481	0.955685560511383
metabat_SRR5930533.11	age	age	0.00797822898035458	0.0521546650832982	221	21	0.878563707500875	0.955685560511383
semibin_SRR5930504.156_sub	gender	male	-0.0117505847714854	0.0767624929615262	221	8	0.878480119828515	0.955685560511383
semibin_ERR12405959.9	gender	male	-0.01977067386574	0.128437640751438	221	13	0.87780634546614	0.955685560511383
maxbin_SRR5930533.038	gender	male	0.00861717547660367	0.0555028600638299	221	5	0.87676422448512	0.955685560511383
maxbin_ERR6232523.003	gender	male	-0.0237464756492041	0.152354210815804	221	31	0.876287086913366	0.955685560511383
semibin_SRR6000891.14	response	R	-0.0203013016095264	0.131940459384638	221	14	0.877857489684974	0.955685560511383
metabat_ERR6279683.9	gender	male	0.0192434541264276	0.124265104815216	221	11	0.877077231971428	0.955685560511383
metabat_SRR6000940.3	response	R	0.0201595383419001	0.132640746030049	221	20	0.879340518095237	0.955685560511383
semibin_ERR6232425.16	age	age	0.000701870153761972	0.0046185457526765	221	1	0.879353603024008	0.955685560511383
semibin_ERR12405966.12	age	age	0.00205914350398399	0.013544161335155	221	2	0.879303372423254	0.955685560511383
maxbin_SRR5930519.003	age	age	0.000701870153783949	0.00461854575267779	221	1	0.879353603020292	0.955685560511383
metabat_ERR6281433.22	age	age	0.000701870153986803	0.00461854575268846	221	1	0.87935360298597	0.955685560511383
semibin_SRR5930504.132	age	age	-0.00225172197009627	0.0147917749871543	221	4	0.879148570621572	0.955685560511383
maxbin_SRR20881983.049_sub	age	age	0.000701870153727725	0.00461854575267478	221	1	0.879353603029805	0.955685560511383
maxbin_SRR5930502.001	age	age	0.00308160998605755	0.0199459672976112	221	4	0.877360824277609	0.955685560511383
metabat_ERR6281942.41_sub	age	age	0.00433964054570968	0.028516049672591	221	6	0.879185502717988	0.955685560511383
maxbin_SRR5930519.005	age	age	0.000701870153712595	0.00461854575267363	221	1	0.879353603032358	0.955685560511383
metabat_ERR6279669.21	age	age	0.000701870153947694	0.00461854575268641	221	1	0.879353602992579	0.955685560511383
metabat_SRR6000909.37	gender	male	-0.0029424765687771	0.0191534678890293	221	2	0.878047271766511	0.955685560511383
semibin_SRR5930519.9	age	age	0.000701870153937462	0.00461854575268623	221	1	0.879353602994319	0.955685560511383
metabat_ERR6279653.8	age	age	0.000701870153810272	0.00461854575267916	221	1	0.879353603015835	0.955685560511383
semibin_SRR5930519.68	age	age	0.000701870160914466	0.00461854575305249	221	1	0.87935360181377	0.955685560511383
metabat_SRR20881976.26_sub	age	age	0.000701870153761625	0.00461854575267656	221	1	0.879353603024069	0.955685560511383
maxbin_SRR13022287.006_sub	age	age	0.000701870160922141	0.00461854575305249	221	1	0.87935360181246	0.955685560511383
metabat_SRR20881987.29	gender	male	0.035521254717138	0.234890155067171	221	57	0.879940605828037	0.956195031564847
semibin_SRR6000893.60_sub	gender	male	0.0190659185701247	0.12620471757588	221	20	0.8800600473142	0.956196354470345
semibin_SRR20881977.110	age	age	-0.00067852655874282	0.00457050571299234	221	1	0.882120785491229	0.956203997899812
semibin_SRR16554666.90	response	R	-0.0107100108406317	0.0722199303212176	221	7	0.882245964854136	0.956203997899812
maxbin_SRR16554721.036	response	R	-0.0123168872979113	0.082548715154712	221	7	0.881528477846896	0.956203997899812
metabat_ERR2162221.34	age	age	-0.000678526542796811	0.00457050571399897	221	1	0.882120788266907	0.956203997899812
semibin_SRR11413648.175	age	age	-0.000678526543894283	0.00457050571392932	221	1	0.882120788075872	0.956203997899812
maxbin_ERR2162221.009	age	age	-0.000678526542859455	0.00457050571399508	221	1	0.882120788256011	0.956203997899812
metabat_SRR11413618.74	age	age	-0.000678526558574361	0.00457050571300302	221	1	0.882120785520551	0.956203997899812
semibin_SRR11413608.70	age	age	-0.00067852654321541	0.00457050571397212	221	1	0.882120788194039	0.956203997899812
metabat_ERR2162221.56	age	age	-0.000678526543118697	0.00457050571397825	221	1	0.882120788210877	0.956203997899812
semibin_ERR2162221.54	age	age	-0.000678526542833845	0.0045705057139957	221	1	0.882120788260442	0.956203997899812
semibin_ERR2162221.14	age	age	-0.000678526574915908	0.00457050571197155	221	1	0.882120782676022	0.956203997899812
metabat_SRR16554703.27	age	age	-0.000678526543391651	0.00457050571396105	221	1	0.882120788163367	0.956203997899812
semibin_ERR2162221.26	age	age	-0.000678526544144719	0.0045705057139133	221	1	0.882120788032264	0.956203997899812
semibin_SRR23364192.96	age	age	-0.000678526558684071	0.00457050571299628	221	1	0.882120785501466	0.956203997899812
metabat_ERR6279677.10	gender	male	0.0103555853574064	0.0687673250509509	221	7	0.88044123213455	0.956203997899812
metabat_SRR16554654.44	response	R	0.00774641280150053	0.0513319230770607	221	4	0.880188248245384	0.956203997899812
semibin_SRR6000944.13	age	age	0.00276074344280543	0.0186114818448416	221	4	0.882216324242783	0.956203997899812
semibin_ERR6235718.14	gender	male	-0.0036750692024239	0.0247960863261345	221	3	0.882313357607109	0.956203997899812
metabat_ERR6280907.89	gender	male	0.00410213732126971	0.0272903603443787	221	4	0.880656446777377	0.956203997899812
maxbin_SRR23364203.002	response	R	0.0133448515130154	0.0903917693884003	221	6	0.882769369785702	0.956570024494475
metabat_SRR11413657.82	age	age	0.00403934937534837	0.027411370613978	221	5	0.88298441721109	0.956674878285773
metabat_SRR5930514.58	response	R	0.0338749324896386	0.230155062604988	221	26	0.883124468160855	0.95669845948098
maxbin_SRR5930508.014	age	age	-0.00625673740902942	0.0426681532499973	221	10	0.883554569332869	0.957036206878833
semibin_SRR23364174.31	response	R	0.0188748701858287	0.129104228470632	221	21	0.883901564462641	0.957283858245025
semibin_ERR6275664.8	response	R	-0.00956894740213268	0.0655786933944653	221	7	0.884123554799086	0.957289166813894
metabat_SRR5930509.43	gender	male	0.0216159986652976	0.148163848920699	221	24	0.884143184483158	0.957289166813894
semibin_ERR6279629.17	gender	male	-0.003596229901344	0.0247285835911756	221	3	0.884507905243849	0.957496970694803
semibin_SRR20881977.6	response	R	-0.00810577267876716	0.055768448228356	221	5	0.884571879949501	0.957496970694803
metabat_SRR6000907.1_sub	age	age	-0.0197070921232572	0.1378348385256	221	69	0.886441702725246	0.958242275800782
semibin_SRR13068825.10	gender	male	0.0210813185849942	0.147099986331155	221	16	0.886176930945918	0.958242275800782
maxbin_SRR6000949.071	gender	male	0.00465447842645176	0.0325463477097487	221	5	0.886415245326323	0.958242275800782
maxbin_SRR8387659.002	response	R	-0.0222866823243919	0.15584914056948	221	12	0.88642179273726	0.958242275800782
semibin_SRR6000900.14	gender	male	-0.0325049305532248	0.227588236885063	221	27	0.886563668375031	0.958242275800782
metabat_ERR6279666.8	age	age	-0.00605313265553858	0.042371413445565	221	6	0.886534195349234	0.958242275800782
metabat_SRR5930534.34	age	age	0.00641760208505565	0.0445298437819302	221	12	0.885540530957555	0.958242275800782
metabat_SRR16554652.40	age	age	0.00616456531278228	0.0429445840646907	221	5	0.88599149485772	0.958242275800782
semibin_SRR6000909.45	gender	male	0.00809042027619027	0.0561878490222791	221	7	0.885643457186063	0.958242275800782
semibin_SRR20881987.22	age	age	0.00149348996976586	0.0104474610880448	221	2	0.886460398298892	0.958242275800782
metabat_SRR16554638.16_sub	age	age	-0.00345452981723722	0.0241281690322277	221	2	0.886285512763701	0.958242275800782
semibin_ERR12405947.70	age	age	-0.00103376673635537	0.00724784525610933	221	2	0.886714797494615	0.95827756308611
metabat_SRR5930520.43	response	R	0.0123285796222153	0.0866763427334451	221	10	0.88702480993126	0.958484524078026
maxbin_SRR6000920.039	age	age	-0.00807011660916849	0.0568070067837207	221	22	0.887164427862701	0.958507332694834
semibin_SRR20881980.162	response	R	0.0212191344845542	0.149749429860908	221	23	0.887451638747168	0.958599769369771
maxbin_ERR6281500.022	response	R	-0.0163800790398779	0.115635471024123	221	20	0.887487026834922	0.958599769369771
maxbin_ERR6275673.018	gender	male	-0.00346605979144332	0.0245831441392364	221	3	0.8880059939509	0.95903224450192
metabat_SRR13068828.25	response	R	0.0151266917901804	0.107453029382066	221	23	0.888179900979365	0.959091994542204
metabat_SRR6000902.41_sub	response	R	-0.00963385089451223	0.0685155811945621	221	7	0.888310884343205	0.959105384136676
semibin_SRR5930536.78	response	R	-0.0107165410803435	0.0763521481392938	221	7	0.888508477827742	0.959190679213932
metabat_ERR12405922.10_sub	age	age	-0.0111401310506652	0.0795278037028952	221	23	0.888727942952046	0.959299559935427
metabat_ERR12405966.8	age	age	0.012054621325434	0.0863337467245684	221	27	0.88908480939371	0.959556703813227
semibin_SRR25825494.13	response	R	0.00587137808738632	0.0422621614395698	221	6	0.889637119237855	0.960024685843332
metabat_SRR13068848.31	age	age	0.00340133041364427	0.0245384685622226	221	3	0.889885170991964	0.960164256000935
maxbin_SRR5930518.019_sub	response	R	-0.0346766753669059	0.252421800432597	221	41	0.890861761529253	0.960193220582169
semibin_SRR13022415.6	response	R	-0.0208434793387056	0.151696959180794	221	20	0.890840668041045	0.960193220582169
semibin_SRR5930509.30	response	R	0.0190093051488349	0.138118616699112	221	23	0.890661392471031	0.960193220582169
semibin_SRR5930494.170	gender	male	-0.00861790728261301	0.0624332897548218	221	9	0.890342508766019	0.960193220582169
semibin_SRR25825497.63	response	R	-0.0051636999980964	0.0373578616415697	221	4	0.890193283494948	0.960193220582169
semibin_SRR13022450.11	age	age	-0.0030969074478092	0.022541389625253	221	4	0.890851820916582	0.960193220582169
semibin_ERR12405995.25	response	R	0.00685280845268692	0.0496421155261145	221	4	0.890333878702773	0.960193220582169
semibin_SRR5930520.204	response	R	-0.00242445387173846	0.0175887241993533	221	2	0.890493604866526	0.960193220582169
semibin_SRR5930518.30	response	R	0.0196521395921101	0.14416096536882	221	28	0.891695206825548	0.960512035597828
metabat_SRR11413618.6_sub	response	R	-0.01636997784869	0.119962417683206	221	10	0.891584774970215	0.960512035597828
maxbin_ERR6279660.006	gender	male	0.0149643426883657	0.109563000304169	221	5	0.891488136461589	0.960512035597828
semibin_SRR20881980.70_sub	gender	male	0.011813346735756	0.0867045737026607	221	7	0.891751344622167	0.960512035597828
maxbin_SRR13068818.027_sub	response	R	-0.00678449600835585	0.0496620512027286	221	5	0.891463354445602	0.960512035597828
semibin_SRR5930519.63	age	age	0.0151432080332466	0.111289254720486	221	33	0.891891528309144	0.960535110647718
semibin_SRR5930493.130	response	R	0.0145574516448415	0.107603849624936	221	6	0.892511129826572	0.960970081789089
semibin_SRR5930506.83	gender	male	0.00917684343094061	0.0678455880270319	221	5	0.892533043323397	0.960970081789089
semibin_ERR6233694.0	gender	male	0.00511802413173305	0.0379583042173585	221	2	0.892869057645035	0.961203904995746
maxbin_SRR23364192.019	age	age	-0.00480604535526893	0.0360161393105771	221	12	0.893969422703933	0.962260406019352
maxbin_SRR20881988.013	response	R	-0.00967743722884655	0.0728774570276391	221	8	0.894482267128435	0.962556223594303
semibin_ERR6279666.26	age	age	-0.0015770849589593	0.0118760181238467	221	2	0.894477959333302	0.962556223594303
maxbin_SRR16554785.015	response	R	-0.013090992541688	0.0988222774559543	221	19	0.894736412343613	0.962701623391665
maxbin_SRR8387683.015_sub	gender	male	0.0105376827317566	0.0800275563230106	221	10	0.895362827515086	0.963247479242087
semibin_SRR5930493.130	gender	male	0.0149289837663651	0.113512623370004	221	6	0.895488464210398	0.963254515033076
metabat_ERR12405965.8	gender	male	0.00612580313923572	0.0466647598461642	221	2	0.895681310428386	0.963333834939466
maxbin_SRR16554728.024	gender	male	-0.0310646486183548	0.237822160301667	221	30	0.89619587290498	0.96375910384995
metabat_SRR6000932.38	gender	male	0.00426051268384105	0.0327095584685079	221	2	0.896487470355384	0.963944517446735
metabat_SRR25825502.19_sub	age	age	0.00439365836849983	0.0337825597442651	221	6	0.896641809129538	0.963982314534056
semibin_SRR16554766.13	response	R	-0.0235838827221558	0.182614386552392	221	39	0.897363081034728	0.964276463204614
maxbin_ERR6282137.011_sub	gender	male	0.0158908315154181	0.123122884401676	221	12	0.897425912633657	0.964276463204614
metabat_SRR16554696.40	response	R	0.0114549233394026	0.0889245838407088	221	7	0.897622429891083	0.964276463204614
maxbin_ERR6279649.011	gender	male	-0.00304760734717446	0.0235744165687788	221	3	0.897258969102409	0.964276463204614
semibin_ERR12405974.45	age	age	0.00514588612779726	0.0399506124135866	221	11	0.89763100736058	0.964276463204614
semibin_SRR16168938.32	age	age	-0.00355746301434097	0.027705355618972	221	4	0.897949009286929	0.964276463204614
semibin_ERR6279669.75_sub	gender	male	-0.00315013358392499	0.0243884878174792	221	3	0.897346905810742	0.964276463204614
semibin_SRR23364193.23	gender	male	0.0073005983523208	0.0568787722976955	221	7	0.897988417514485	0.964276463204614
metabat_SRR5930509.4	response	R	0.00276061381472047	0.0214946990795527	221	2	0.897925814431237	0.964276463204614
semibin_SRR20881985.46_sub	response	R	0.0187999948336712	0.146829770998542	221	33	0.898237759670055	0.964416168885093
metabat_SRR5930519.9	age	age	-0.00494569570595061	0.0388365528850063	221	6	0.898784155165411	0.964874734135631
maxbin_SRR16554701.001	response	R	0.0159271672349453	0.125717678159784	221	6	0.899303275613615	0.964888717539404
maxbin_ERR2162223.003	gender	male	0.0108522970074434	0.0857378082794292	221	4	0.89939367476874	0.964888717539404
maxbin_SRR5930508.009	response	R	0.0150503652404796	0.118675861755674	221	21	0.899202373433625	0.964888717539404
maxbin_SRR11413608.019_sub	response	R	0.0163661243817118	0.129121654849135	221	11	0.899255915715842	0.964888717539404
maxbin_ERR12406008.002_sub	response	R	0.0050332275825596	0.0395863040979641	221	4	0.898943749717135	0.964888717539404
semibin_ERR6279646.13	gender	male	0.00468258741181729	0.0371780025493466	221	2	0.899887735984295	0.965281582288315
metabat_SRR16554657.23	gender	male	-0.00999485966939732	0.0794438864250051	221	5	0.899998567264612	0.965281582288315
metabat_SRR6000909.37	age	age	-0.00111077416996063	0.00887351516065822	221	2	0.900498351677667	0.965689560908111
metabat_ERR6281518.58_sub	response	R	-0.0149053146470946	0.119396923538132	221	19	0.900768226026435	0.965850909731116
semibin_ERR12405976.91	age	age	0.00331533525241281	0.0266427886661728	221	4	0.901084871264303	0.966062359330021
semibin_ERR6267711.1	age	age	0.00313108992004617	0.0252380040368124	221	8	0.901381567205528	0.966252367867238
metabat_ERR2162207.6	age	age	0.00362584352103805	0.0294480810024669	221	6	0.902120771479574	0.966916618039597
metabat_ERR12405967.21	response	R	-0.00732170309848374	0.0596150617827187	221	6	0.902366213460271	0.967049071018919
semibin_ERR6279666.16	age	age	0.000986804964534597	0.00804448580226209	221	2	0.902483480223887	0.967049071018919
semibin_SRR16554739.16	response	R	0.0310841389720129	0.255046832894767	221	57	0.903110362446203	0.967230174429689
metabat_SRR16554638.10	response	R	-0.011302274289115	0.0925073010500462	221	4	0.902871828216604	0.967230174429689
semibin_SRR23364178.13	age	age	0.00483472622000185	0.0396604523165692	221	10	0.903089077656623	0.967230174429689
maxbin_ERR12405972.021	response	R	0.00628695471154961	0.0515954068210271	221	8	0.903130845362637	0.967230174429689
maxbin_SRR23364183.008	response	R	0.00912191517864916	0.0752352162830636	221	11	0.903608952889853	0.967614088570519
semibin_SRR5930522.30_sub	gender	male	0.0166806298005223	0.138088663394436	221	14	0.903964956766725	0.967757907945352
metabat_SRR13068843.54	age	age	0.00235232157788884	0.0194772094249074	221	3	0.903982566088913	0.967757907945352
metabat_SRR5930498.97	age	age	0.00320022286174044	0.0265394232848386	221	3	0.904133087552133	0.96779094919556
metabat_SRR23364240.2	response	R	0.0153090409131717	0.128159831383234	221	21	0.905028270952527	0.9682365946381
semibin_SRR20881983.19	response	R	0.0115990931434619	0.0970870439064261	221	11	0.905013646514411	0.9682365946381
maxbin_SRR16554785.015	gender	male	0.0124719040012101	0.104247513311346	221	19	0.904882270013851	0.9682365946381
semibin_ERR6279667.1	age	age	-0.00461558797056609	0.0385821830798684	221	9	0.904887423665372	0.9682365946381
metabat_SRR6000877.22	response	R	-0.0101892734477359	0.0855388111336878	221	12	0.905291571329922	0.968390190307685
semibin_SRR16554695.47	response	R	-0.025533965090176	0.222379398290859	221	15	0.9086927664058	0.968789073736951
semibin_ERR6281341.24	gender	male	0.00902543545561889	0.0776762730045181	221	11	0.907607080413898	0.968789073736951
semibin_SRR25825516.46	response	R	-0.0143263621800971	0.124284452953582	221	12	0.908337115446095	0.968789073736951
metabat_SRR5930532.34_sub	gender	male	0.0157866510215722	0.134386115528625	221	19	0.906594421244094	0.968789073736951
metabat_SRR16554702.8	age	age	-0.00312821284398604	0.0265942555709208	221	6	0.906473030253666	0.968789073736951
maxbin_SRR8387683.016_sub	response	R	-0.0124289947168352	0.105687264427383	221	12	0.906492272719075	0.968789073736951
semibin_SRR11413652.34	age	age	-0.0038793519505134	0.0336492167948384	221	10	0.908323435144562	0.968789073736951
semibin_SRR5930532.139	age	age	0.00443180025596005	0.0379166786117075	221	7	0.907061189270351	0.968789073736951
semibin_SRR23364233.61	age	age	-0.00228919453630197	0.0199235832555572	221	2	0.90863173576098	0.968789073736951
metabat_SRR16554652.48	response	R	0.0177839959865766	0.15403455260618	221	48	0.908192916932842	0.968789073736951
semibin_SRR5930520.95	age	age	-0.00115106783591776	0.00982093439553118	221	2	0.906805590474207	0.968789073736951
semibin_SRR11413681.27	response	R	-0.0121477566276743	0.104859292985681	221	20	0.907880998194507	0.968789073736951
semibin_ERR12405920.23	age	age	0.00214589010287301	0.0186524413929905	221	3	0.908514988380629	0.968789073736951
metabat_ERR6279645.3	age	age	0.000532409523385722	0.00458894199179331	221	1	0.907744545522428	0.968789073736951
semibin_SRR11413678.34	age	age	0.00215353089423291	0.0185532628781254	221	3	0.907702117405268	0.968789073736951
semibin_SRR13022319.12	age	age	0.000532409523533453	0.0045889419918038	221	1	0.907744545497157	0.968789073736951
semibin_SRR23364178.53_sub	gender	male	0.00802370999870473	0.0698050230722988	221	6	0.908595683691948	0.968789073736951
maxbin_ERR12405968.007_sub	response	R	0.00563666517350071	0.0489193263159375	221	6	0.908375038887415	0.968789073736951
maxbin_ERR12405972.019	gender	male	0.00606708181437765	0.0523210862254198	221	8	0.907793149888469	0.968789073736951
metabat_ERR6232526.13	age	age	0.000532409522786992	0.00458894199175193	221	1	0.907744545624882	0.968789073736951
semibin_SRR25825503.35	gender	male	0.00307428895298928	0.0267997788526394	221	4	0.908778771320753	0.968789073736951
semibin_ERR6279647.53	gender	male	0.00290678472811376	0.024627186229183	221	4	0.906152114460461	0.968789073736951
metabat_SRR20881983.76	response	R	0.0042610765111116	0.0367456148332208	221	4	0.907790741283789	0.968789073736951
metabat_ERR6279624.22	age	age	0.000532409523095517	0.00458894199177274	221	1	0.907744545572073	0.968789073736951
maxbin_SRR16168918.052_sub	response	R	-0.00578292656541044	0.0498878707608113	221	7	0.907825034220366	0.968789073736951
metabat_SRR16168942.19	age	age	0.000532409522478131	0.00458894199173098	221	1	0.907744545677742	0.968789073736951
semibin_SRR16554702.69	gender	male	0.0102935017711174	0.0901642190812246	221	5	0.909214322234306	0.968870281716873
metabat_SRR6000894.44	gender	male	-0.00217908936672218	0.0190804619764779	221	2	0.909180668277552	0.968870281716873
semibin_SRR5930520.204	age	age	0.000981078574598207	0.00858612331334912	221	2	0.909134744083682	0.968870281716873
semibin_SRR5930498.111	response	R	-0.0168639466274611	0.148118289387383	221	24	0.909459321813204	0.969002738880735
semibin_SRR11413612.43_sub	response	R	0.00619370850500676	0.0545451638722201	221	4	0.909698046033806	0.969002738880735
semibin_ERR6281658.16	gender	male	-0.00274327806376425	0.0241333387418117	221	3	0.909603129952675	0.969002738880735
maxbin_SRR16554721.036	gender	male	-0.00976035582434004	0.0868599101230687	221	7	0.910634760698594	0.969872787006878
semibin_SRR5930521.13	age	age	-0.00677853938845883	0.0606090476552033	221	12	0.91105418334211	0.970191735993546
metabat_SRR16168945.34	age	age	0.00215003534978706	0.0192741046567821	221	2	0.911283324664518	0.970307994982441
maxbin_SRR20881983.029	response	R	0.00440504678224094	0.0396312587848163	221	4	0.911600246481584	0.970517677180867
semibin_SRR11413607.11	age	age	0.0036837096961145	0.0333170512242432	221	9	0.912063963534415	0.970883566341978
semibin_ERR6281997.48_sub	gender	male	-0.00267015399053616	0.0242078649039308	221	3	0.912272532166474	0.970977791836089
metabat_SRR25825515.43_sub	gender	male	0.00842687824007869	0.0767871297937233	221	10	0.912714326678191	0.971320193970159
semibin_SRR16554704.8_sub	gender	male	-0.0103445534922453	0.094552765119019	221	13	0.912983167687497	0.971340761232627
maxbin_SRR23364192.011_sub	age	age	-0.00188555664244419	0.017256862397679	221	2	0.91309394258799	0.971340761232627
semibin_SRR16168940.0	response	R	0.0105898000356009	0.0966621876486087	221	6	0.912863758180503	0.971340761232627
semibin_SRR13022308.4	gender	male	-0.0375548869079243	0.344818225571657	221	71	0.913373383769408	0.971416835430856
semibin_SRR13022424.5	gender	male	0.0307874885515811	0.283543918937623	221	46	0.913635679436896	0.971416835430856
metabat_ERR6281586.4	age	age	-0.0110230764133424	0.102774160032157	221	26	0.914686538340469	0.971416835430856
maxbin_SRR16554656.001	response	R	0.00844375858955841	0.0785478101652547	221	6	0.914492971182716	0.971416835430856
metabat_SRR6000905.24	response	R	-0.0193027381756931	0.180226947073145	221	31	0.914806810619609	0.971416835430856
semibin_SRR16554652.37	age	age	0.00573487280712455	0.0533002454823967	221	11	0.914415887517126	0.971416835430856
metabat_ERR12406003.18	response	R	0.00627233743330945	0.0589176939144452	221	4	0.91531628465167	0.971416835430856
metabat_SRR8387712.29	gender	male	-0.00313710644493017	0.0294715250242973	221	4	0.915327361871731	0.971416835430856
metabat_ERR12405912.7	age	age	0.00293245723345516	0.0271934415608411	221	3	0.914224687580644	0.971416835430856
semibin_ERR12405961.27	age	age	-0.00225450704942297	0.0211368565024652	221	2	0.915155384419087	0.971416835430856
metabat_SRR13068816.1	gender	male	0.00623974596543113	0.0582689107889859	221	5	0.914820216357605	0.971416835430856
semibin_ERR12405983.41	age	age	0.000741027522932965	0.00690825859595541	221	2	0.914676880401196	0.971416835430856
semibin_ERR6282070.31	response	R	0.00247462626337938	0.0231989331673603	221	2	0.915149592162047	0.971416835430856
metabat_SRR5930503.76	age	age	-0.00335925010897401	0.0312206183297717	221	3	0.91441465887735	0.971416835430856
semibin_ERR6279667.1	response	R	0.00855657801046183	0.0789303000448323	221	9	0.91377365946887	0.971416835430856
maxbin_SRR13022272.005	age	age	0.002252326165363	0.0211096584842418	221	4	0.915128352488533	0.971416835430856
metabat_SRR11413690.35_sub	age	age	-0.00180885795752095	0.0169023167993225	221	2	0.914873301087801	0.971416835430856
semibin_SRR6000877.55	gender	male	-0.00429604883410132	0.0402210452533118	221	4	0.915037845340565	0.971416835430856
semibin_SRR25825510.79	response	R	-0.00391953927407767	0.0369399219945645	221	4	0.915597199785289	0.97157572183986
semibin_SRR16554633.6	age	age	0.00798885040107945	0.0772158778713022	221	28	0.917692464065016	0.971657384067058
metabat_SRR11413612.18	response	R	0.014221320789637	0.138233093761933	221	25	0.918153794624617	0.971657384067058
semibin_SRR13068839.17	gender	male	0.00760033880123311	0.0723997098841097	221	10	0.916490649850685	0.971657384067058
semibin_ERR12406007.1	age	age	0.00799909444935836	0.0758861171694575	221	26	0.916148492317677	0.971657384067058
metabat_SRR13068829.36	gender	male	0.0216479227098993	0.210614791076064	221	36	0.918228978790499	0.971657384067058
maxbin_SRR16168942.005	response	R	0.00210433696814371	0.0205408001093541	221	2	0.918497093656872	0.971657384067058
semibin_SRR5930494.69	age	age	0.00808797852753261	0.078074114481032	221	23	0.917588647112174	0.971657384067058
semibin_SRR13022424.6	response	R	0.00257796683498987	0.0245701642739808	221	3	0.916534184571104	0.971657384067058
maxbin_SRR23364240.007	age	age	-0.00420926151234879	0.0405384150755986	221	20	0.917398273142953	0.971657384067058
semibin_ERR6232525.9	gender	male	0.00531868959093801	0.0518999157855192	221	8	0.9184710398635	0.971657384067058
semibin_ERR12405973.32	age	age	-0.000472812816158157	0.00461865646380601	221	1	0.918557408845043	0.971657384067058
semibin_SRR5930507.83_sub	response	R	0.01115924998501	0.105779490264833	221	15	0.916081224173096	0.971657384067058
maxbin_SRR5930494.003	response	R	0.00795937583797815	0.0768161411375644	221	5	0.917569843409017	0.971657384067058
semibin_ERR6279624.28	age	age	-0.000472812790859405	0.00461865646504934	221	1	0.91855741320936	0.971657384067058
metabat_SRR11413652.11	age	age	-0.000993649468855739	0.00969728316634411	221	2	0.918480797596616	0.971657384067058
metabat_SRR11413654.13	age	age	-0.000472812816154036	0.00461865646380606	221	1	0.91855740884575	0.971657384067058
semibin_SRR5930536.22	gender	male	-0.00824438911804313	0.0794966134943323	221	5	0.917497384973421	0.971657384067058
semibin_ERR6275674.5	age	age	-0.000472812790472715	0.00461865646506745	221	1	0.918557413276054	0.971657384067058
metabat_SRR23364192.7	age	age	-0.000472812791036181	0.00461865646504033	221	1	0.918557413178858	0.971657384067058
semibin_SRR5930520.106	age	age	-0.000472812790850484	0.00461865646504926	221	1	0.918557413210886	0.971657384067058
maxbin_SRR5930520.005	age	age	-0.000472812816163927	0.00461865646380598	221	1	0.918557408844054	0.971657384067058
semibin_SRR23364171.10_sub	age	age	-0.000472812790751279	0.00461865646505348	221	1	0.91855741322799	0.971657384067058
metabat_SRR13068847.1	age	age	-0.000472812790594179	0.00461865646506148	221	1	0.918557413255097	0.971657384067058
maxbin_SRR5930520.046	age	age	-0.000472812790778575	0.00461865646505244	221	1	0.918557413223291	0.971657384067058
semibin_SRR5930503.31	response	R	-0.0138953290568465	0.136448892005102	221	23	0.918981353553423	0.97197870897608
metabat_ERR12405976.51	gender	male	0.00293969097734878	0.0295871292310701	221	4	0.920946478764098	0.97215023756774
semibin_SRR11413656.47	response	R	-0.00580410315220833	0.057999575501539	221	9	0.920380067412038	0.97215023756774
semibin_SRR16554762.18	age	age	0.000461163781717239	0.00463571376106994	221	1	0.920848497310638	0.97215023756774
semibin_SRR25825505.11	age	age	0.000461163781709502	0.00463571376106994	221	1	0.920848497311962	0.97215023756774
semibin_SRR5930532.79	gender	male	-0.0141204124041131	0.140985613446127	221	10	0.920314173618233	0.97215023756774
semibin_SRR13068835.130	age	age	0.000461163781715881	0.00463571376106994	221	1	0.920848497310871	0.97215023756774
metabat_SRR6000895.38	age	age	0.000461163781722291	0.00463571376106994	221	1	0.920848497309774	0.97215023756774
semibin_SRR11413649.100	age	age	0.000461163781718653	0.00463571376106994	221	1	0.920848497310396	0.97215023756774
maxbin_SRR16554647.016	age	age	0.000461163781724214	0.00463571376106994	221	1	0.920848497309445	0.97215023756774
semibin_SRR11413619.8_sub	age	age	0.000461163781716196	0.00463571376106994	221	1	0.920848497310816	0.97215023756774
semibin_SRR11413652.9_sub	age	age	0.000461163781710555	0.00463571376106994	221	1	0.920848497311781	0.97215023756774
metabat_SRR13068843.10_sub	gender	male	-0.00310527338167163	0.0308194507384751	221	2	0.91983644426575	0.97215023756774
semibin_SRR16554647.36	age	age	0.000461163781722715	0.00463571376106994	221	1	0.920848497309701	0.97215023756774
maxbin_SRR16554679.010	age	age	0.000461163781706967	0.00463571376106994	221	1	0.920848497312395	0.97215023756774
metabat_SRR16168942.20	age	age	0.00296713421871961	0.0295521215112652	221	3	0.920117035899499	0.97215023756774
semibin_SRR16554653.1	response	R	0.0223502532449764	0.226837329604174	221	32	0.921602506437245	0.972326856222983
metabat_SRR16554651.15	gender	male	-0.00909044511148486	0.0919284056571922	221	13	0.921319960542132	0.972326856222983
semibin_SRR23364237.9	response	R	-0.0129627245570019	0.131578179353292	221	13	0.921612492375512	0.972326856222983
semibin_ERR6279621.6	response	R	-0.0125980207652481	0.128415165392953	221	19	0.921941356466606	0.972326856222983
semibin_ERR6275680.2_sub	age	age	-0.00246383585560247	0.0251191045070797	221	3	0.921955323982945	0.972326856222983
metabat_SRR23364171.30	response	R	-0.0121746779345475	0.123901267168332	221	19	0.921816533778259	0.972326856222983
semibin_SRR13068829.41	response	R	0.0040063795574083	0.0407117837202961	221	6	0.921699484300132	0.972326856222983
maxbin_ERR6275677.011	age	age	0.000886757353887049	0.00905717554824268	221	2	0.922097270351809	0.972349768266679
semibin_ERR6281340.6	gender	male	0.00553211109574837	0.0566386912945678	221	8	0.922282048541916	0.972417834520534
semibin_SRR11413657.160_sub	gender	male	0.00820618876149152	0.0848911143266304	221	10	0.923079884490123	0.972568759457798
metabat_SRR23364212.36	gender	male	-0.0142843918399953	0.147067293261194	221	15	0.922714178691278	0.972568759457798
metabat_ERR12405924.12	response	R	-0.00465598579648007	0.0479758508604674	221	5	0.922777696488347	0.972568759457798
maxbin_ERR2162201.001	gender	male	-0.00388657499244461	0.0403034888247762	221	2	0.923266930652444	0.972568759457798
metabat_SRR11413614.19	response	R	0.00849543368603449	0.0879147704072938	221	5	0.923107345571645	0.972568759457798
metabat_ERR12406011.21	response	R	0.00185593985474317	0.0191572067238308	221	3	0.922911594525355	0.972568759457798
semibin_SRR5930498.210	response	R	0.00287330786616046	0.0297630682922929	221	4	0.923181306854869	0.972568759457798
semibin_SRR5930511.52	age	age	-0.0172353628506798	0.188380421519788	221	110	0.927185935654623	0.972844133573982
semibin_SRR16554790.42	response	R	0.0209989839859976	0.228762234228762	221	41	0.926946519347965	0.972844133573982
maxbin_SRR5930515.007	age	age	-0.0127130444383975	0.145661825540534	221	58	0.930531292986384	0.972844133573982
metabat_SRR16554654.18	response	R	0.0233562609824491	0.250147006285961	221	72	0.925695661062868	0.972844133573982
maxbin_SRR8387710.024	gender	male	-0.0117859497541959	0.133366630295667	221	14	0.929662076408811	0.972844133573982
metabat_SRR5930527.85	response	R	-0.0159075685082072	0.176031287309165	221	27	0.928078315217663	0.972844133573982
semibin_SRR6000932.49_sub	gender	male	-0.012739712254894	0.139856110432587	221	15	0.927505532595888	0.972844133573982
metabat_SRR16168984.49	age	age	0.00205587266642192	0.0225063993477954	221	6	0.927301824551404	0.972844133573982
semibin_SRR16554763.40_sub	gender	male	0.00594996292089766	0.0669413341755533	221	5	0.929257176291262	0.972844133573982
maxbin_SRR16554666.010_sub	gender	male	0.00709941940177569	0.0743804554603694	221	8	0.924049330838935	0.972844133573982
semibin_SRR16554736.59	response	R	0.00880973917786022	0.0990354024221708	221	18	0.929200248470236	0.972844133573982
metabat_SRR5930494.40_sub	age	age	0.00699182202906135	0.0770447562819489	221	21	0.927774953717453	0.972844133573982
semibin_SRR6000896.39	response	R	-0.00650162970210253	0.0756963534649538	221	7	0.931632323168108	0.972844133573982
metabat_SRR25825494.29	response	R	-0.00575618456371739	0.0601435432772713	221	5	0.923841256728912	0.972844133573982
maxbin_SRR5930494.015_sub	response	R	-0.00457636367724512	0.0493468786944983	221	3	0.926196740469018	0.972844133573982
semibin_SRR16554652.75	response	R	0.0156312958746966	0.170418405445035	221	11	0.927002700504276	0.972844133573982
maxbin_SRR5930512.005_sub	response	R	0.00203031915525724	0.0229008417404941	221	2	0.929436382228825	0.972844133573982
maxbin_SRR16554760.002	age	age	-0.000393896811502254	0.00461552365478975	221	1	0.932068396519149	0.972844133573982
metabat_ERR6281342.23	gender	male	-0.00679640925444708	0.0761557970708076	221	7	0.928971785733128	0.972844133573982
metabat_SRR25825496.23	gender	male	-0.00362221189994583	0.0414291847846863	221	4	0.930409476257629	0.972844133573982
semibin_ERR6267712.36	response	R	-0.0116370441767717	0.131459196883677	221	19	0.92954426147019	0.972844133573982
semibin_ERR12405958.10	age	age	-0.000393896811491804	0.00461552365478976	221	1	0.932068396520947	0.972844133573982
metabat_ERR6281518.58_sub	gender	male	-0.0114149061791098	0.125943145209631	221	19	0.927866849869391	0.972844133573982
semibin_SRR11413614.10	age	age	-0.000424910647217226	0.0046054170678196	221	1	0.926574022556774	0.972844133573982
metabat_SRR23364171.30	gender	male	-0.0118239251360021	0.130694716771152	221	19	0.927998273231467	0.972844133573982
semibin_SRR5930536.76	response	R	-0.00350715882697646	0.0373942415060443	221	3	0.9253640299388	0.972844133573982
maxbin_SRR11413618.048	age	age	-0.000424910647218392	0.0046054170678196	221	1	0.926574022556572	0.972844133573982
maxbin_SRR20881981.003	gender	male	0.00622867742965385	0.0707003080451811	221	6	0.929878666242392	0.972844133573982
semibin_SRR23364172.8_sub	age	age	-0.000424910647226868	0.0046054170678196	221	1	0.926574022555113	0.972844133573982
semibin_SRR11413612.43_sub	gender	male	0.00504921616655923	0.0574385442336395	221	4	0.930032509518973	0.972844133573982
metabat_SRR16554638.9	response	R	0.0095422282568653	0.109356405829239	221	13	0.930546971949703	0.972844133573982
maxbin_SRR13068823.022_sub	response	R	-0.00482725055631415	0.0524961708022918	221	4	0.926819708232808	0.972844133573982
metabat_SRR16554681.16	gender	male	0.00693396622035965	0.0766919038379763	221	5	0.928042206542449	0.972844133573982
semibin_SRR23364206.22	age	age	-0.000393896811494737	0.00461552365478975	221	1	0.932068396520443	0.972844133573982
metabat_ERR6275671.17_sub	age	age	-0.000611388772583489	0.00651817078117407	221	2	0.925356967869874	0.972844133573982
metabat_ERR12405984.6	response	R	-0.0016467740197458	0.0184768417842446	221	2	0.929063675177591	0.972844133573982
semibin_ERR12405910.1	age	age	0.000430149945987152	0.00462112166750713	221	1	0.925923148173382	0.972844133573982
semibin_SRR25825517.26	gender	male	-0.0020086637686456	0.0231524792068284	221	3	0.93094384099391	0.972844133573982
metabat_SRR16554760.5	age	age	-0.000393896811498305	0.00461552365478975	221	1	0.932068396519829	0.972844133573982
semibin_ERR12405912.39_sub	age	age	-0.000393896811489387	0.00461552365478976	221	1	0.932068396521363	0.972844133573982
metabat_ERR6279657.74	age	age	-0.000393896811497536	0.00461552365478975	221	1	0.932068396519961	0.972844133573982
metabat_SRR11413678.18	age	age	-0.000393896811491571	0.00461552365478976	221	1	0.932068396520987	0.972844133573982
maxbin_SRR16168986.030_sub	age	age	0.00389794909584263	0.0416531953340723	221	17	0.925529384702382	0.972844133573982
metabat_ERR12405998.47	age	age	-0.00039389681149571	0.00461552365478975	221	1	0.932068396520275	0.972844133573982
maxbin_ERR12406011.031	response	R	0.00598326778529747	0.0697387115103994	221	7	0.931708760472118	0.972844133573982
semibin_SRR16554721.45	age	age	-0.000424910647214212	0.0046054170678196	221	1	0.926574022557292	0.972844133573982
semibin_ERR12406013.48	age	age	-0.000393896811491182	0.00461552365478975	221	1	0.932068396521054	0.972844133573982
metabat_ERR6281433.6_sub	gender	male	0.00526132730498097	0.0559080848446745	221	8	0.925111685944764	0.972844133573982
metabat_ERR12406012.1_sub	age	age	-0.000424910647218174	0.0046054170678196	221	1	0.926574022556611	0.972844133573982
metabat_SRR23364178.39_sub	gender	male	-0.00227266356379479	0.0240527140643946	221	2	0.924809670045663	0.972844133573982
semibin_SRR11413690.9	age	age	-0.000393896811492879	0.00461552365478975	221	1	0.932068396520762	0.972844133573982
maxbin_SRR16554760.005	age	age	-0.000393896811499843	0.00461552365478976	221	1	0.932068396519564	0.972844133573982
semibin_SRR11413649.8	age	age	-0.000393896811495799	0.00461552365478975	221	1	0.93206839652026	0.972844133573982
metabat_SRR11413683.6_sub	age	age	-0.000424910647219453	0.0046054170678196	221	1	0.92657402255639	0.972844133573982
semibin_SRR20881974.45_sub	age	age	0.000792227519598791	0.00841338644683988	221	3	0.925067463211706	0.972844133573982
metabat_ERR12405935.40	age	age	-0.000393896811496745	0.00461552365478976	221	1	0.932068396520097	0.972844133573982
metabat_SRR20881983.76	gender	male	-0.00342070110770029	0.0387790428127478	221	4	0.929791444920181	0.972844133573982
semibin_SRR5930527.114	age	age	0.00294375820706808	0.0324179032042821	221	13	0.927731023803551	0.972844133573982
maxbin_SRR13068832.004	age	age	-0.000393896811493285	0.00461552365478976	221	1	0.932068396520693	0.972844133573982
metabat_ERR6281000.30	gender	male	0.00419623177330519	0.0473758814806731	221	2	0.929503170805145	0.972844133573982
maxbin_SRR5930509.015_sub	gender	male	0.00244958119913097	0.026416505340688	221	3	0.926204506714744	0.972844133573982
metabat_SRR5930526.94	response	R	-0.00603020111852423	0.0669093009788805	221	7	0.928271432471438	0.972844133573982
metabat_SRR23364199.53_sub	age	age	0.000430149945995416	0.00462112166750713	221	1	0.925923148171963	0.972844133573982
metabat_ERR6232524.25	gender	male	0.00443069135140403	0.0473015613399497	221	2	0.925458825327028	0.972844133573982
semibin_SRR11413657.4_sub	age	age	-0.000393896811498969	0.00461552365478975	221	1	0.932068396519715	0.972844133573982
metabat_ERR6281518.6_sub	gender	male	0.00405723324940848	0.0464541960062101	221	2	0.930483405464266	0.972844133573982
metabat_SRR6000905.63	gender	male	0.00427865160898594	0.0469565272302713	221	2	0.927482071002124	0.972844133573982
maxbin_ERR12405967.002_sub	age	age	-0.00039389681150347	0.00461552365478976	221	1	0.93206839651894	0.972844133573982
maxbin_ERR6279625.039_sub	age	age	-0.000393896811497137	0.00461552365478976	221	1	0.93206839652003	0.972844133573982
maxbin_SRR16554666.041	age	age	0.000430149946003354	0.00462112166750713	221	1	0.9259231481706	0.972844133573982
semibin_SRR13068851.37	age	age	-0.000393896811491611	0.00461552365478976	221	1	0.932068396520981	0.972844133573982
maxbin_SRR16554787.017_sub	gender	male	0.0229876140937176	0.271791576643911	221	46	0.932675069497926	0.972975101521892
metabat_SRR6000877.22	gender	male	-0.00762614626903251	0.0900521273270393	221	12	0.932589693759834	0.972975101521892
semibin_SRR16554666.90	age	age	-0.00298943957339067	0.0352549292598638	221	7	0.93250259573829	0.972975101521892
metabat_SRR23364213.66	response	R	-0.0151456720754999	0.178282827710903	221	27	0.932377325408313	0.972975101521892
semibin_SRR5930527.83_sub	age	age	0.00154368349655086	0.0183010414721379	221	5	0.932856888586813	0.973039271974484
maxbin_ERR6279658.017_sub	response	R	0.0150164967910723	0.180401413609307	221	42	0.933738632096037	0.973231983979447
maxbin_SRR5930494.018	age	age	0.00621544991919176	0.0741200702198005	221	23	0.933248653275765	0.973231983979447
maxbin_SRR16554689.002	age	age	-0.00439104486266733	0.0525456758074859	221	10	0.933478342810027	0.973231983979447
metabat_SRR16554721.12_sub	age	age	0.00338414434048702	0.040541770441615	221	7	0.933552374381949	0.973231983979447
metabat_SRR20881980.9_sub	response	R	0.00331614542734609	0.039926535892947	221	6	0.933883954953572	0.973231983979447
metabat_ERR6279644.24_sub	gender	male	0.00191215718130549	0.0230189469044	221	4	0.933873591938874	0.973231983979447
metabat_SRR13068815.13_sub	age	age	0.0018048202287	0.0215455001337416	221	3	0.933318234938894	0.973231983979447
metabat_SRR5930534.8_sub	age	age	0.00555254863454582	0.0674401167703765	221	38	0.934458764087895	0.973705550623924
metabat_SRR11413613.2	age	age	-0.00856257742965444	0.105816998742429	221	27	0.935581897627288	0.974106092322902
metabat_ERR12406009.18	age	age	-0.00269565061386946	0.0333876186520908	221	6	0.93572516240701	0.974106092322902
semibin_ERR6281340.57	gender	male	0.00405742168584659	0.0499747275119986	221	5	0.935366253869146	0.974106092322902
semibin_SRR11413619.16	gender	male	-0.0030861065347271	0.0379426580870136	221	4	0.935250061739959	0.974106092322902
semibin_ERR6279669.86	response	R	-0.00375084547284601	0.0459403193278199	221	7	0.935003910075324	0.974106092322902
metabat_SRR23364216.19_sub	age	age	-0.0052538110982474	0.0652773675870434	221	25	0.935927107250404	0.974106092322902
metabat_SRR16554638.9	gender	male	0.00930703511500466	0.115175228677051	221	13	0.935670099030188	0.974106092322902
semibin_SRR13068835.5	gender	male	0.00658755737344791	0.0812392189152584	221	7	0.935446761967906	0.974106092322902
metabat_SRR16168945.34	gender	male	0.00335220546067617	0.0416095031890463	221	2	0.935863553676311	0.974106092322902
metabat_SRR5930504.26	response	R	-0.00562653160301175	0.0701444932540856	221	6	0.936141947251068	0.974204332136727
semibin_SRR11413649.145_sub	age	age	0.00487459973249083	0.0611925801589482	221	8	0.936581103005601	0.974285268309877
maxbin_SRR16554656.025	response	R	0.00820409483648922	0.102637363256971	221	9	0.93636434607823	0.974285268309877
semibin_SRR16554715.19	age	age	-0.00253184290271315	0.0317595259378486	221	6	0.936534084715702	0.974285268309877
metabat_ERR6279664.26	gender	male	-0.00617925153933915	0.077771190068506	221	5	0.936744649916816	0.974330083401132
metabat_SRR6000906.41	age	age	0.00118690936733799	0.0150146200783828	221	2	0.937065508126957	0.974538489100016
metabat_SRR16168976.72	gender	male	0.00516151727840172	0.0654501535783189	221	4	0.93721521697951	0.974568870523306
semibin_SRR13068829.111	gender	male	0.00685936778573242	0.0872365536165776	221	9	0.937399844433628	0.974635549785214
metabat_SRR16554665.10	gender	male	-0.0188881921498661	0.240728137894474	221	62	0.937532899193203	0.974648597516019
semibin_SRR25825502.37	gender	male	0.00569264825600341	0.0728688335163603	221	10	0.937803112162777	0.974678947721992
semibin_ERR12405983.42	gender	male	-0.00160766196465975	0.0205644709674692	221	3	0.937759554193129	0.974678947721992
maxbin_SRR16554686.012	gender	male	-0.00800914217277921	0.103258834798355	221	14	0.93824701312238	0.974935182131349
semibin_ERR12406013.35	gender	male	0.0115507765113844	0.149025552273333	221	16	0.938290734138281	0.974935182131349
maxbin_ERR6257997.027	response	R	0.0099675516915451	0.129136195048105	221	15	0.938546963174255	0.975064995347923
semibin_SRR5930519.20	age	age	-0.00421248885409305	0.0546732692024551	221	13	0.938656782119056	0.975064995347923
semibin_SRR11413656.101	gender	male	0.0058350049032315	0.0760083109910527	221	10	0.938878852223436	0.975170432359465
metabat_SRR5930536.13	age	age	-0.0122214847189607	0.160098569084968	221	89	0.939221161220142	0.975199469187142
maxbin_SRR16168926.011	age	age	-0.00465569053415764	0.0610353252127196	221	22	0.939268529298694	0.975199469187142
metabat_SRR16554636.2	gender	male	-0.00783671900214471	0.102401776295624	221	8	0.939068649670039	0.975199469187142
metabat_SRR16554760.38	age	age	0.0046176382691012	0.0608826242337053	221	14	0.939612348748709	0.975339563665125
maxbin_ERR6281000.059	response	R	-0.0151123081003483	0.199357579715764	221	19	0.939644643926639	0.975339563665125
metabat_SRR5930498.104	gender	male	-0.00842637613551478	0.111404926789771	221	12	0.939777346120258	0.975352133378756
metabat_SRR20881981.21_sub	gender	male	0.00185926625237099	0.0246833898250625	221	4	0.940026063493355	0.975485091292566
maxbin_SRR5930508.022	response	R	0.00152996905095509	0.0205240655356147	221	2	0.940645606486811	0.975648852762468
maxbin_ERR6281448.022	age	age	0.0013836868091669	0.0185416657363872	221	5	0.940581271253809	0.975648852762468
semibin_SRR16168943.33	age	age	0.00115261503030152	0.0154673791573641	221	3	0.940666388951746	0.975648852762468
semibin_SRR5930529.84	age	age	-0.000953713888169863	0.0127554402323369	221	3	0.940467239571852	0.975648852762468
semibin_SRR5930494.234	gender	male	0.00952597097101244	0.128642718916313	221	16	0.941038952908003	0.975659921948459
maxbin_SRR16168969.015	response	R	-0.00465627234090176	0.0626922063097096	221	10	0.940862676468479	0.975659921948459
semibin_SRR16554666.90	gender	male	0.00563385225473298	0.0759916934508116	221	7	0.94096908314568	0.975659921948459
maxbin_SRR8387677.002_sub	response	R	0.00774718100107864	0.105789176722365	221	9	0.94168874896126	0.975690545095269
metabat_SRR16554644.2	response	R	-0.00723371210560513	0.0988636195458607	221	8	0.941739355484982	0.975690545095269
semibin_SRR8387712.8_sub	gender	male	-0.0110054985612656	0.150321906969302	221	24	0.941704890885174	0.975690545095269
maxbin_SRR16168920.025	response	R	0.0102104565109057	0.140547475777814	221	31	0.942154198466129	0.975690545095269
metabat_ERR6279677.5	response	R	-0.00511639748796141	0.0702982625019582	221	5	0.942047270624163	0.975690545095269
metabat_SRR16168920.14	response	R	-0.00198647575891041	0.0272191354424141	221	3	0.941888975294369	0.975690545095269
metabat_SRR16554727.4	gender	male	-0.00185820360198522	0.0254123534289898	221	2	0.94177634343553	0.975690545095269
maxbin_SRR5930498.005	response	R	0.00441578515967608	0.0607760078112939	221	4	0.94214664588831	0.975690545095269
semibin_SRR5930526.86	gender	male	-0.00310280477038663	0.0421036277096417	221	3	0.941322029801675	0.975690545095269
metabat_ERR12405975.5_sub	response	R	0.0284876275929437	0.397196480333577	221	164	0.942889666543531	0.976008454538284
metabat_SRR11413686.6	response	R	-0.00976834913919173	0.13564772038242	221	15	0.942658184394455	0.976008454538284
maxbin_SRR5930497.004	response	R	-0.0114446652227227	0.159796147868454	221	31	0.942969963840768	0.976008454538284
maxbin_ERR6233693.010_sub	response	R	0.00814465352922597	0.114637789759768	221	29	0.943426569928326	0.976008454538284
semibin_SRR16168985.16	response	R	-0.0102300282537428	0.143464550607202	221	44	0.943219909497124	0.976008454538284
metabat_SRR5930515.8	response	R	-0.006739681376579	0.0938670695960655	221	17	0.942827637339428	0.976008454538284
maxbin_SRR20881977.021	age	age	-0.0023456830047308	0.0329355204354156	221	11	0.943288011771766	0.976008454538284
metabat_SRR11413617.26_sub	age	age	0.000615132176034564	0.0086496265975873	221	2	0.943370442281086	0.976008454538284
maxbin_SRR13022336.003_sub	response	R	-0.024794791264824	0.366492934096992	221	130	0.946123423048314	0.976553187693363
semibin_ERR2162218.39	gender	male	-0.0115741083834416	0.166303443762619	221	15	0.944579054293231	0.976553187693363
metabat_SRR11413619.35	age	age	0.00339906984257458	0.0498330888119393	221	13	0.945681995925089	0.976553187693363
maxbin_ERR6264280.016_sub	age	age	0.00408078286534482	0.0581407845843827	221	23	0.944109451841959	0.976553187693363
metabat_SRR25825494.29	age	age	-0.00197513416605969	0.0293597121216665	221	5	0.94642581897654	0.976553187693363
semibin_SRR23364199.59	response	R	-0.00237404778769481	0.0345352551180149	221	5	0.94525770518933	0.976553187693363
metabat_ERR12406003.42	gender	male	0.00194055146072712	0.0280455626649565	221	4	0.944899859505662	0.976553187693363
semibin_SRR11413619.16	response	R	-0.00241546254838939	0.0359539567294481	221	4	0.946498878772548	0.976553187693363
maxbin_SRR16168909.008	response	R	0.00153018943414105	0.022763484292053	221	2	0.946467702110365	0.976553187693363
maxbin_SRR5930515.026_sub	age	age	0.000310329991536305	0.00461873617592542	221	1	0.946492836792956	0.976553187693363
semibin_ERR6279669.82	age	age	0.000310329991444644	0.00461873617592036	221	1	0.946492836808678	0.976553187693363
metabat_ERR6254870.14	response	R	-0.00503089111817693	0.0731296615669918	221	5	0.945217315561406	0.976553187693363
metabat_SRR11413681.65_sub	age	age	-0.00209897114270565	0.0313790269080503	221	8	0.946730161313509	0.976553187693363
maxbin_SRR8387676.033_sub	age	age	0.00166202130025962	0.0243334988146145	221	5	0.945608982566173	0.976553187693363
semibin_ERR6279672.11_sub	response	R	-0.00212510594439683	0.0314661919382531	221	3	0.946217444326927	0.976553187693363
metabat_SRR16554771.7_sub	age	age	0.00313720480643484	0.0468466208485979	221	12	0.946669275183843	0.976553187693363
metabat_SRR16554771.7_sub	response	R	0.00642289435529984	0.0959619376392318	221	12	0.946697755068014	0.976553187693363
semibin_SRR11413687.106_sub	age	age	-0.00374703602504875	0.0557980566461859	221	9	0.946521317366891	0.976553187693363
semibin_ERR12406004.23	age	age	0.000764935652907567	0.0110853707271697	221	2	0.945049926610914	0.976553187693363
metabat_ERR6279651.12	gender	male	0.00403218089904753	0.0580407133515964	221	8	0.94467856664385	0.976553187693363
semibin_SRR5930502.3	age	age	0.000313265453789757	0.00463178764074185	221	1	0.946139459666021	0.976553187693363
metabat_SRR5930502.18	age	age	0.000313265453801172	0.004631787640742	221	1	0.946139459664062	0.976553187693363
metabat_SRR5930502.48	age	age	0.000313265453796108	0.00463178764074224	221	1	0.946139459664934	0.976553187693363
semibin_ERR2162208.7	response	R	-0.00951343709854311	0.144784540122071	221	14	0.947671157694572	0.976995828257813
semibin_ERR2162202.30	age	age	-0.00305002998187011	0.0467207970591244	221	12	0.948009981304245	0.976995828257813
semibin_SRR5930520.142	gender	male	0.00843644599724568	0.129218728681037	221	19	0.948004721503692	0.976995828257813
semibin_SRR11413683.16	age	age	0.00160916269265744	0.024670346672287	221	5	0.948054281596989	0.976995828257813
metabat_SRR16554757.24	age	age	-0.00230230842623833	0.0353461515258751	221	4	0.948125649851085	0.976995828257813
maxbin_SRR16554633.004_sub	age	age	-0.000560579828310853	0.00857087896169214	221	2	0.947911619829916	0.976995828257813
metabat_SRR20881983.76	age	age	0.00118611056326972	0.0179608195347486	221	4	0.947408049627052	0.976995828257813
maxbin_SRR11413614.027_sub	age	age	-0.00129374054917704	0.0195451596242308	221	4	0.947286168407557	0.976995828257813
metabat_ERR2162205.19	age	age	0.00121964387487206	0.0189631508104263	221	2	0.948777937119313	0.977493513007629
metabat_ERR6275675.32_sub	response	R	0.00140245246949923	0.0218365163395057	221	4	0.948850342559705	0.977493513007629
semibin_SRR11413687.181	age	age	0.00193118903676609	0.030759123986533	221	5	0.94999608717877	0.978430769305819
metabat_SRR5930504.26	age	age	-0.00215188218551155	0.0342780029016895	221	6	0.950002081028511	0.978430769305819
maxbin_SRR23364175.021_sub	response	R	-0.00574039863567876	0.0924523243334803	221	16	0.950548577839368	0.978803552665661
metabat_ERR6282298.15	response	R	-0.00227997113738283	0.0367634195832221	221	3	0.950606071487236	0.978803552665661
metabat_SRR11413652.31	gender	male	0.00701440411155234	0.113395859519635	221	12	0.950733275748347	0.97880992034784
metabat_SRR13022394.10	response	R	0.00477193895097998	0.077675937079534	221	8	0.951070207792894	0.97897177521124
semibin_ERR6279655.13	age	age	-0.000890775981230783	0.0145182755858018	221	3	0.951132567953749	0.97897177521124
metabat_SRR23364235.43	response	R	0.00906570483388542	0.153081148933495	221	15	0.952830136663448	0.979694499295736
semibin_SRR16554681.27	gender	male	0.00608029029803757	0.102555687374938	221	9	0.952777524334248	0.979694499295736
maxbin_SRR16554777.008	response	R	0.00946990851754914	0.15834222750233	221	17	0.952364719325948	0.979694499295736
metabat_SRR13068849.40	age	age	0.00313826714229509	0.0522560385507945	221	22	0.9521673246871	0.979694499295736
maxbin_ERR6232523.003	age	age	-0.00423989166132693	0.0705627226658419	221	31	0.95214238525377	0.979694499295736
semibin_SRR6000905.76	age	age	0.00157892984719706	0.026585185989343	221	3	0.952695067840842	0.979694499295736
metabat_SRR20881979.28	response	R	-0.00425434918340731	0.0714269217957987	221	6	0.95255908977233	0.979694499295736
maxbin_ERR6275673.009_sub	response	R	-0.00543529616217625	0.091725702973954	221	15	0.952803341185293	0.979694499295736
metabat_SRR13068842.58_sub	age	age	0.00120726308043316	0.0204265929930137	221	5	0.95292490429767	0.979694499295736
semibin_SRR6000945.4	response	R	0.0219050365233848	0.371882094132429	221	101	0.953083781215638	0.979733302296909
semibin_SRR25825502.47_sub	age	age	-0.00474429662400263	0.0812712743554011	221	27	0.953503146129781	0.979790807508279
maxbin_ERR12405952.002	gender	male	0.00270763331185898	0.0462523407497976	221	4	0.95337200751311	0.979790807508279
metabat_SRR25825503.11	response	R	0.00309229986983194	0.0529546868602188	221	5	0.953487571200306	0.979790807508279
metabat_ERR6271721.58	response	R	0.00254338285530638	0.0440859790596318	221	5	0.954047817302953	0.979976980739939
metabat_SRR6000894.44	response	R	-0.00105056960081504	0.0181334244818459	221	2	0.953853293700422	0.979976980739939
metabat_SRR16554651.36	gender	male	-0.00296262660375507	0.0512522575724167	221	4	0.953957322931116	0.979976980739939
semibin_SRR25825495.1_sub	gender	male	0.00798549327100785	0.13943935302987	221	17	0.954384384307488	0.980198209559233
metabat_SRR25825496.4_sub	age	age	-0.00193103199470018	0.0344914529186291	221	10	0.95540500597152	0.981121849707676
maxbin_SRR16554751.004	response	R	0.00445246218217312	0.080038156832533	221	5	0.955688351787784	0.981163669619141
metabat_SRR5930498.82	gender	male	-0.0105576574185586	0.189562468821642	221	28	0.955636130186014	0.981163669619141
maxbin_ERR6233695.024_sub	age	age	0.00306562815071786	0.05539389220976	221	21	0.955917270345814	0.981274131559455
semibin_SRR16554648.6	response	R	-0.00751275017403359	0.1377801043725	221	24	0.956565382008078	0.981793766753755
semibin_SRR25825499.74	age	age	0.00142295956351276	0.0261569522925092	221	6	0.956666255661021	0.981793766753755
maxbin_SRR16554789.001	response	R	0.00600082691850794	0.112252371948283	221	18	0.957415894296171	0.982019741068811
maxbin_SRR13022357.002	age	age	-0.00331594657542072	0.0617910922568887	221	12	0.957252373124168	0.982019741068811
maxbin_ERR12405942.013	response	R	0.00278970741276587	0.0523499193124152	221	3	0.957550174801497	0.982019741068811
semibin_SRR11413646.21	response	R	-0.00311445880663536	0.0585334018452707	221	4	0.957614947800409	0.982019741068811
metabat_ERR6231475.22_sub	age	age	0.00108273066784837	0.0200967668253783	221	5	0.957083693314309	0.982019741068811
metabat_SRR16554760.8_sub	age	age	-0.00110715324849081	0.0206797983423375	221	4	0.957352578582846	0.982019741068811
maxbin_SRR16554722.014	age	age	0.00280615560706435	0.0529065307102487	221	23	0.957749508840066	0.982033218496255
semibin_SRR16554712.0	gender	male	0.00266588642103511	0.051795679114761	221	3	0.958999224436185	0.982940784088185
semibin_SRR11413647.21	gender	male	0.0027051416291975	0.0523417236805996	221	3	0.958829660211483	0.982940784088185
semibin_SRR6000920.93	response	R	0.00432999637232425	0.084069319810551	221	8	0.958970440068479	0.982940784088185
semibin_SRR13022423.21	response	R	-0.000988159523642578	0.0192801925213624	221	2	0.959171404503421	0.98299269128531
metabat_ERR6275673.75	age	age	0.00106114742791392	0.0208197898863526	221	3	0.959397736772613	0.983100075385391
semibin_ERR6275677.28	age	age	0.00199274050697497	0.0394747416048812	221	10	0.959785613711062	0.983372947009763
maxbin_SRR16554787.017_sub	response	R	-0.0129073974642686	0.257556754019614	221	46	0.960077285810497	0.983405594509596
semibin_SRR25825518.7	gender	male	-0.00701677911386552	0.140840323244948	221	24	0.960311009060555	0.983405594509596
metabat_SRR16554654.55	age	age	0.00132175891218376	0.0268547455552784	221	3	0.960790183953367	0.983405594509596
metabat_SRR5930497.69	response	R	0.00369451939390453	0.0747917604557241	221	11	0.960648026790285	0.983405594509596
semibin_SRR5930529.29	response	R	0.00740117842695804	0.148882095754521	221	22	0.960398336938579	0.983405594509596
semibin_SRR16168985.72	age	age	-0.00196955941458948	0.039818028712142	221	13	0.960595268576683	0.983405594509596
metabat_SRR16554658.17	age	age	-0.000863829005307323	0.0174996879977207	221	2	0.960675786419971	0.983405594509596
metabat_ERR6281504.22_sub	gender	male	0.00214456976756607	0.0430993988772052	221	4	0.960360936282184	0.983405594509596
semibin_SRR16554671.9	response	R	-0.0122750881930999	0.255929928029891	221	64	0.961790274293388	0.983931158422075
maxbin_SRR5930501.087_sub	response	R	0.00904187294018552	0.188079909918671	221	48	0.961701314083113	0.983931158422075
semibin_SRR16554656.6	age	age	-0.00311743003012352	0.0649631127114422	221	16	0.961770542703753	0.983931158422075
maxbin_SRR13068813.004	response	R	-0.00114961723646037	0.0239130682223109	221	2	0.961701147428614	0.983931158422075
metabat_ERR2162206.17	age	age	-0.00181103606737515	0.0382101897972344	221	7	0.962240720314114	0.984024629616162
maxbin_ERR12405965.008	gender	male	0.00220474914924808	0.0465179276928461	221	5	0.962241488093257	0.984024629616162
metabat_SRR5930515.8	age	age	-0.00217316883939255	0.0458573257789019	221	17	0.962246636453292	0.984024629616162
semibin_SRR5930498.118	response	R	0.00839506563856534	0.177880947197165	221	26	0.962401365711204	0.984058438163365
semibin_SRR16554655.39	response	R	-0.0166651099107416	0.358238857741538	221	119	0.962939136838314	0.984359420974252
semibin_ERR6264280.63	gender	male	0.00367449650107698	0.0788912084970847	221	10	0.96289339449684	0.984359420974252
metabat_SRR5930523.5	age	age	-0.00602916746654998	0.130080096180643	221	59	0.963074190098606	0.984373063252562
semibin_SRR16168903.5	age	age	-0.00739416558448797	0.161033911059761	221	67	0.963418773194844	0.984600838716187
maxbin_ERR6279657.031_sub	response	R	0.00215304414445705	0.0472792671072894	221	5	0.963719676869961	0.984783922492008
semibin_SRR5930498.118	age	age	-0.00392838042601383	0.0868933523658197	221	26	0.963982126198235	0.984860629568063
semibin_ERR6279672.17	gender	male	-0.00592894090894223	0.131347756569529	221	20	0.96403827946221	0.984860629568063
maxbin_ERR12405949.005	age	age	-0.000312644153254596	0.00720015111845974	221	2	0.965405159044198	0.986132473648582
metabat_SRR16554728.6	response	R	0.00334695418378525	0.0787112170160422	221	4	0.966121716240559	0.98673979554914
metabat_SRR11413689.40	gender	male	-0.00741244957109281	0.176065351911575	221	19	0.966457507182188	0.986784542452002
maxbin_SRR5930503.009	gender	male	0.00152940487932592	0.0363765298512532	221	2	0.966502502486873	0.986784542452002
metabat_SRR5930528.57_sub	response	R	-0.00163300273362514	0.0388738772439455	221	4	0.966531546155386	0.986784542452002
metabat_SRR16554786.38	response	R	0.00650172652982225	0.15673533477506	221	15	0.966949663306295	0.987086820247546
semibin_SRR16554765.8	age	age	-0.00608883866683554	0.147328969279927	221	67	0.967072639163237	0.987087772028301
maxbin_SRR11413608.019_sub	gender	male	-0.00559367189889747	0.135865171421721	221	11	0.967197621898704	0.987090771724507
metabat_ERR6232523.10	gender	male	0.00114650537303401	0.0286106606151864	221	2	0.968072122262393	0.987549928792229
semibin_SRR13068825.28	age	age	-0.00174123627800105	0.043420321393167	221	17	0.968049219160635	0.987549928792229
metabat_SRR13022423.1	response	R	0.00200666658294959	0.0501757942075083	221	6	0.968135927966565	0.987549928792229
semibin_SRR16168913.2	age	age	0.00095194121594692	0.0235619565925998	221	2	0.967810279757306	0.987549928792229
maxbin_SRR16554672.011_sub	response	R	-0.00296873322244956	0.0752087628918577	221	11	0.968549713673884	0.987847425497399
semibin_SRR6000890.9	age	age	-0.000368526200052304	0.00937299717692798	221	2	0.968673115380093	0.987848714814549
maxbin_SRR5930505.015_sub	age	age	0.00198829465628133	0.0507798545549697	221	20	0.968803037919487	0.987856652886134
maxbin_SRR8387707.009	gender	male	0.00668152812215199	0.172309549331383	221	33	0.969104384369254	0.988039362256212
semibin_SRR5930527.97	age	age	-0.00142107801842266	0.0368456347668678	221	3	0.96927003055917	0.98808369134895
semibin_SRR5930523.43	gender	male	0.00578442419238696	0.15083811500349	221	30	0.969445493031363	0.988138014825163
metabat_SRR13068849.40	response	R	0.00402164472727699	0.106984470383805	221	22	0.970048812234572	0.988483981634958
maxbin_ERR12405967.017	age	age	-0.00122639000996934	0.0326798042975171	221	9	0.970098946898348	0.988483981634958
semibin_SRR5930527.102_sub	response	R	-0.00405206651591056	0.10816505513931	221	17	0.97015156357793	0.988483981634958
semibin_SRR13022325.6	response	R	-0.0143999250312813	0.386623032233709	221	160	0.97032375328461	0.988534893130864
maxbin_ERR12405958.009_sub	gender	male	-0.00686778202296386	0.187092679452834	221	35	0.970752043380767	0.98861933295634
semibin_SRR5930532.36	gender	male	0.000751686245945539	0.0205788073945642	221	3	0.970895568950569	0.98861933295634
metabat_SRR16168974.10	response	R	0.00247052306883255	0.0669388014160148	221	3	0.970593158113666	0.98861933295634
metabat_ERR6281942.41_sub	gender	male	0.00225502981737564	0.0615706119191056	221	6	0.970817836540567	0.98861933295634
semibin_SRR16554774.25	gender	male	0.00247789826373648	0.0684032755223038	221	4	0.971136374266245	0.98874005476654
semibin_SRR16168913.44_sub	age	age	-0.00531550136432818	0.147597090284048	221	66	0.971304714984605	0.988786977318501
semibin_SRR8387683.16	age	age	0.00531282594302265	0.150709357160393	221	57	0.971911099923964	0.988918873752453
semibin_SRR11413611.29	response	R	0.00353596703579195	0.100348874047828	221	7	0.971923358983463	0.988918873752453
semibin_ERR6279669.45	response	R	0.0042919002877892	0.121338083670025	221	22	0.971816454344539	0.988918873752453
semibin_ERR12405945.16	response	R	0.00243061848647726	0.0688590415276054	221	9	0.971874344251295	0.988918873752453
semibin_ERR12406002.26_sub	age	age	-0.000697913465247245	0.0200832790104132	221	4	0.97231040835362	0.989188249404287
semibin_ERR6275674.52	gender	male	-0.00144640949038114	0.0430371199283891	221	5	0.97322042620808	0.989989536809326
maxbin_SRR16554673.003	gender	male	-0.00325856708095181	0.0982798093036381	221	5	0.973580648535604	0.990142158662606
semibin_SRR25825501.28	response	R	0.00141087694448864	0.042807272029127	221	3	0.97373772626142	0.990142158662606
semibin_SRR16554654.4_sub	gender	male	0.00142043806532105	0.0429836761592535	221	4	0.973668289727045	0.990142158662606
maxbin_SRR16168940.014_sub	gender	male	-0.00232040446531733	0.0707993597105395	221	3	0.97388471394639	0.99016713593946
maxbin_SRR11413679.051_sub	age	age	0.000387726478937691	0.0119318440004087	221	3	0.974107091239804	0.990268747353888
maxbin_SRR16554790.013_sub	age	age	-0.00442042969476245	0.141515238822651	221	54	0.975109705050833	0.990343536783045
semibin_ERR6232458.12	age	age	-0.00116927998575621	0.04048741222365	221	12	0.97698677606672	0.990343536783045
semibin_SRR6000901.30	age	age	0.00209790389589529	0.0688410955336077	221	19	0.975716872450654	0.990343536783045
semibin_SRR23364176.2	response	R	-0.00217052271164089	0.0759774741892741	221	8	0.977235408343045	0.990343536783045
semibin_SRR5930501.70	response	R	0.00407965620159473	0.132320520310213	221	26	0.975432465645843	0.990343536783045
semibin_SRR5930507.17_sub	gender	male	0.00454769443945854	0.156647368525694	221	18	0.976866463137595	0.990343536783045
metabat_SRR13022394.10	age	age	-0.00114759038898823	0.0379401008003633	221	8	0.975897531164541	0.990343536783045
metabat_SRR25825510.56	gender	male	-0.00163805444711196	0.052635454422147	221	6	0.975202059046459	0.990343536783045
maxbin_SRR5930494.018	response	R	0.00432838087733386	0.151707314713911	221	23	0.977265007040411	0.990343536783045
semibin_SRR5930514.44	response	R	-0.00453978556015768	0.142709536753454	221	11	0.974651771505114	0.990343536783045
metabat_SRR20881977.25_sub	response	R	0.00414669829841611	0.144711782160838	221	32	0.977166495624017	0.990343536783045
semibin_SRR5930513.29	age	age	0.000130798005319124	0.00460454362168094	221	1	0.977364256998301	0.990343536783045
metabat_ERR6279654.19	gender	male	0.000729356414899464	0.024063806722322	221	2	0.975848261161774	0.990343536783045
maxbin_SRR16554790.012	response	R	0.00291494610703828	0.0949668266644139	221	11	0.975541638806569	0.990343536783045
semibin_SRR13068829.111	response	R	-0.00260994971163584	0.0826754061577327	221	9	0.974845146962037	0.990343536783045
metabat_SRR16554652.40	gender	male	0.00276398136939405	0.0926780004398707	221	5	0.976235236258308	0.990343536783045
semibin_ERR6279654.44_sub	gender	male	0.000763030160183872	0.0238551822461501	221	4	0.974512765978985	0.990343536783045
semibin_SRR16168943.41	gender	male	-0.00196981144861736	0.0681147184246462	221	7	0.976955949083177	0.990343536783045
semibin_SRR5930506.177_sub	response	R	-0.00175499375538204	0.0545213811776594	221	4	0.974350933179387	0.990343536783045
metabat_SRR5930522.11	response	R	-0.00290215652769286	0.0928839269263153	221	8	0.975103068232332	0.990343536783045
semibin_SRR5930520.180	gender	male	0.00156795304422322	0.0498843460776469	221	4	0.974954348907275	0.990343536783045
metabat_SRR16554757.37	age	age	-0.00105325025635289	0.0350280974303942	221	2	0.976039878943153	0.990343536783045
semibin_SRR16168938.32	gender	male	-0.00173251098544352	0.0598138739246444	221	4	0.976919162081056	0.990343536783045
semibin_SRR25825501.28	age	age	0.000630410508971705	0.0208968264090285	221	3	0.975960985525114	0.990343536783045
semibin_SRR11413656.55	age	age	0.000130798005360298	0.00460454362168444	221	1	0.977364256991196	0.990343536783045
semibin_SRR5930513.14	age	age	0.000130798005359946	0.00460454362168398	221	1	0.977364256991254	0.990343536783045
metabat_SRR11413652.11	response	R	-0.000559413397328979	0.0198649417054934	221	2	0.977559753198133	0.990417547772329
semibin_SRR6000905.32	gender	male	-0.00372869956574445	0.133253996822801	221	20	0.977702590770975	0.990438195660777
maxbin_SRR11413649.010	gender	male	-0.0074372479589431	0.269995784646858	221	41	0.978049731875604	0.990508457697565
maxbin_ERR6232522.003	response	R	-0.00226925434566244	0.0827178742809859	221	16	0.978139348618997	0.990508457697565
semibin_ERR6229432.26	gender	male	-0.000849088437099918	0.0307756735781727	221	3	0.978014834654099	0.990508457697565
semibin_SRR11413689.110	response	R	0.0041710513157934	0.153541606266341	221	25	0.978352611182118	0.990544938954437
metabat_SRR8387681.3	response	R	0.0027829703268527	0.102764949576606	221	21	0.978420316185336	0.990544938954437
maxbin_ERR12405942.013	gender	male	-0.00148107010375561	0.0550839498580218	221	3	0.978574167831371	0.990576704558213
semibin_SRR5930493.36_sub	gender	male	-0.00448040790309921	0.168410730003063	221	22	0.978799990471142	0.990681306836516
semibin_SRR5930517.66	gender	male	-0.0011557133353616	0.0454364030450373	221	2	0.979730747606583	0.991375239164524
metabat_ERR12405932.24	age	age	-0.000177464916468497	0.00696384458521633	221	2	0.979692524333768	0.991375239164524
semibin_SRR25825500.94	response	R	0.0010752576015762	0.0434599807387932	221	4	0.980284027397736	0.991686956046641
metabat_SRR16554651.36	response	R	-0.00120622566296919	0.0486092241030249	221	4	0.980225554549514	0.991686956046641
metabat_SRR5930528.27	age	age	0.00142813984229374	0.0586609535814764	221	13	0.980599468851662	0.991882004011035
metabat_SRR23364191.23_sub	gender	male	0.00321359724610483	0.134237913647726	221	20	0.980923065879511	0.992052727655511
metabat_SRR11413614.28	gender	male	0.0023622800166118	0.0991485580815532	221	10	0.981013565255783	0.992052727655511
maxbin_SRR23364204.002_sub	age	age	0.00101298942230782	0.0435556248390087	221	18	0.981466606356629	0.992386787374974
semibin_ERR12405952.2	response	R	-0.0023463800225316	0.101873413885494	221	10	0.981645665479678	0.992443767799955
semibin_SRR11413654.79	age	age	0.000378511916010156	0.0169956629061178	221	3	0.982252305103879	0.992700238604758
metabat_SRR6000921.8	age	age	0.000699997492642332	0.031181730749125	221	7	0.982110593783556	0.992700238604758
maxbin_SRR16168943.020_sub	response	R	-0.00114282628794425	0.0513587045929302	221	3	0.982267558055623	0.992700238604758
metabat_SRR16554757.15_sub	age	age	-0.000536846185914688	0.0246858253669434	221	2	0.982669641188705	0.992982515983789
maxbin_SRR25825515.010	age	age	0.00061863926134269	0.0290405720575654	221	6	0.983023921796196	0.993216424670536
maxbin_ERR6281500.022	gender	male	0.00257381281265683	0.12197544749005	221	20	0.983184635797292	0.993254725746752
semibin_SRR5930511.52	gender	male	-0.00844321888882289	0.406652244934671	221	110	0.983454005808875	0.993278721151622
metabat_SRR16554664.18	age	age	-0.000199113305133965	0.00953535658927686	221	2	0.98335930884106	0.993278721151622
maxbin_SRR16554627.021_sub	age	age	-0.000205462384648008	0.0100359668927938	221	2	0.983685177545135	0.993388152826202
metabat_SRR25825516.25_sub	gender	male	-0.000412880224608934	0.0203649955478644	221	3	0.983843551124739	0.993424050124455
semibin_ERR2162223.3	age	age	-0.0016147914304257	0.082039783667168	221	20	0.984314315614213	0.993651296141756
metabat_SRR16554766.13	gender	male	-0.0027707448692076	0.140070160390333	221	22	0.984236351594936	0.993651296141756
maxbin_SRR25825512.008	age	age	-0.000435427627653079	0.0229650310170883	221	5	0.98489025513805	0.993860559395701
maxbin_ERR12405913.017	age	age	0.000876828108412221	0.0457046016095666	221	9	0.984711512972647	0.993860559395701
semibin_ERR6235718.4	response	R	-0.000407165172991012	0.0213780697110768	221	3	0.984822081977082	0.993860559395701
maxbin_SRR13022429.005	gender	male	-0.00232307519584225	0.131039316044336	221	23	0.98587207043451	0.99397258742272
metabat_SRR16554651.26	response	R	0.00280675019651002	0.150404731267148	221	18	0.985128472464204	0.99397258742272
maxbin_SRR8387707.009	response	R	0.0029449652683827	0.163757156621965	221	33	0.985668353235316	0.99397258742272
semibin_SRR25825497.63	gender	male	-0.000704240931214311	0.0394244311189109	221	4	0.985764598216159	0.99397258742272
maxbin_SRR16554671.015_sub	age	age	0.000502347740224486	0.0277238475187481	221	4	0.985560013022742	0.99397258742272
maxbin_SRR5930510.035_sub	age	age	-8.12307355392331e-05	0.00461877308383968	221	1	0.985984429882849	0.99397258742272
metabat_SRR5930510.19_sub	age	age	-8.12307357772106e-05	0.00461877308382773	221	1	0.985984429841756	0.99397258742272
semibin_SRR5930510.14_sub	age	age	-8.12307358462703e-05	0.00461877308382493	221	1	0.985984429829833	0.99397258742272
semibin_SRR11413691.62	age	age	-0.00247848005631602	0.147838988441507	221	34	0.986639727566957	0.994013716562226
semibin_SRR5930507.29	age	age	-0.0026832389468173	0.158715883293319	221	78	0.986527200319873	0.994013716562226
metabat_SRR16554713.13	age	age	0.00306067348730994	0.179918093151218	221	108	0.986443086243991	0.994013716562226
semibin_SRR16554678.8	age	age	-0.000442002940463153	0.0260789933422885	221	3	0.986493178160208	0.994013716562226
semibin_SRR20881988.10	gender	male	-0.000668319894802909	0.0388576248731657	221	4	0.986293506881599	0.994013716562226
metabat_SRR23364235.43	gender	male	0.00256710843221839	0.161075975719054	221	15	0.987299094134025	0.994242943265653
semibin_SRR20881981.24	age	age	0.00115031745266006	0.0720842955587106	221	15	0.987282643037864	0.994242943265653
metabat_ERR6275673.75	response	R	0.000676510772783605	0.0426494622585036	221	3	0.987358966408225	0.994242943265653
semibin_SRR5930494.35	age	age	-0.000315767025214063	0.0195808886439238	221	3	0.987148459412684	0.994242943265653
metabat_SRR6000949.15_sub	gender	male	0.00151110739888578	0.0969512372398966	221	9	0.987578845403408	0.994340557901502
maxbin_SRR6000869.050	age	age	-0.00146769771529972	0.0976332666808636	221	45	0.98801990831586	0.994413267603121
metabat_ERR6275679.20	response	R	-0.001386483308157	0.0917791150570306	221	12	0.98796090312548	0.994413267603121
semibin_SRR16554752.21	age	age	-0.000635844010715068	0.0419703170432802	221	6	0.98792655050898	0.994413267603121
semibin_ERR6275681.3	age	age	0.000513135917610563	0.0346284836347257	221	5	0.9881908888864	0.994461603746822
maxbin_SRR16554744.003	response	R	0.00170647120211813	0.119253414254481	221	16	0.988596141208917	0.994622668201846
semibin_SRR16554650.13	gender	male	0.000245415062424924	0.0171515217561465	221	2	0.988596887941969	0.994622668201846
maxbin_SRR5930497.004	gender	male	-0.00223418388029646	0.168141672657812	221	31	0.989410622366664	0.995070021599301
semibin_SRR16554652.37	gender	male	-0.00155301748069081	0.114888215650526	221	11	0.989227232255238	0.995070021599301
metabat_SRR16554632.20	gender	male	-0.000241997740214165	0.0180576283493404	221	2	0.989319852155292	0.995070021599301
metabat_SRR16554780.25	gender	male	0.00175357078998015	0.134939939719794	221	11	0.989643566162064	0.995180549933951
metabat_SRR8387681.33_sub	response	R	-0.00116900155785609	0.0921720987286823	221	12	0.989892502535657	0.995307130843908
semibin_ERR2162216.32	response	R	0.00305021005224537	0.247598601456867	221	45	0.990182336253524	0.99540502082355
metabat_ERR6279664.26	response	R	-0.000904011985746764	0.0737861435311055	221	5	0.990236003653102	0.99540502082355
semibin_ERR6279677.59_sub	response	R	-0.000664622724716171	0.0568923623578756	221	5	0.990690063437258	0.995737695175909
semibin_ERR6279619.6	response	R	-0.00082631686958495	0.0754916798004157	221	8	0.991276745525315	0.996203568316196
metabat_SRR13068815.13_sub	response	R	-0.000470496229098722	0.0441360839763776	221	3	0.991504404807449	0.996308563310057
maxbin_ERR2162223.012	age	age	-0.00163434047945612	0.160792396143499	221	86	0.99189957811539	0.99658183699345
semibin_SRR20881976.80	response	R	0.000614717688331967	0.0628929784839579	221	8	0.992210630354627	0.996610726670825
metabat_SRR5930511.52	response	R	-0.000832015033173087	0.0855955987397954	221	9	0.992253455738604	0.996610726670825
semibin_SRR8387683.30	response	R	0.00115115772248403	0.119113739072258	221	15	0.992297994792304	0.996610726670825
semibin_SRR5930527.76	age	age	0.000118087607450129	0.0125493703358689	221	2	0.992500788235428	0.996690635118965
semibin_SRR11413649.182	response	R	0.00173004699419931	0.209214055439916	221	17	0.993409761363938	0.996887072000933
metabat_ERR12405933.44	age	age	-0.000239340731945877	0.0286626851470127	221	6	0.993345232655855	0.996887072000933
metabat_ERR12405924.12	gender	male	-0.00042044795958521	0.0506289048901058	221	5	0.993381686666156	0.996887072000933
semibin_ERR6275661.83	response	R	0.000632792777669735	0.0793154674306004	221	9	0.993641770666301	0.996887072000933
metabat_ERR12405942.51	response	R	-0.000330310567737343	0.0389326975788605	221	4	0.993238509190722	0.996887072000933
maxbin_SRR16554723.009	age	age	-3.57960144704562e-05	0.00460550675680899	221	1	0.993805695047419	0.996887072000933
maxbin_SRR5930532.015	gender	male	-0.000363589855703997	0.0463349027939149	221	2	0.99374629205844	0.996887072000933
maxbin_SRR16554769.015_sub	age	age	-0.000252436106715101	0.0281658958920551	221	3	0.99285731024453	0.996887072000933
metabat_SRR16554757.25	age	age	-3.57960144711058e-05	0.00460550675680899	221	1	0.993805695047306	0.996887072000933
semibin_SRR6000905.32	response	R	-0.000927100499514057	0.126325169278802	221	20	0.994151184423709	0.997109967710684
maxbin_SRR16554656.002	response	R	-0.000387133595695419	0.0557382708545189	221	7	0.994464669127706	0.997177069663388
semibin_SRR16554703.88	age	age	-4.61334539646251e-05	0.00653013007001342	221	2	0.994369716880896	0.997177069663388
maxbin_SRR11413653.011	response	R	0.000445367154509688	0.0753745195251164	221	14	0.995290976979829	0.997568952210228
semibin_SRR25825502.18	gender	male	-0.000819313850772132	0.144729324613647	221	16	0.995488394109399	0.997568952210228
metabat_SRR16554660.12	age	age	9.68002309830166e-05	0.017515375620942	221	3	0.995595522037705	0.997568952210228
semibin_ERR6279672.17	response	R	-0.000737109173475677	0.124519614930724	221	20	0.995282342972248	0.997568952210228
semibin_SRR20881986.23	gender	male	0.000340691067045991	0.0592660287677167	221	6	0.995418701151318	0.997568952210228
semibin_SRR16168940.32	gender	male	0.000596390914110347	0.095322145895676	221	5	0.995013755894291	0.997568952210228
metabat_SRR13068822.8	response	R	-0.000264651399412101	0.0509589573282953	221	6	0.995861038142515	0.997711393100045
metabat_ERR6275678.16	age	age	0.000252296508943538	0.0512428545462258	221	11	0.996076174941237	0.997803332044182
semibin_SRR5930531.66	age	age	0.000248129518299888	0.0553480509385539	221	23	0.99642720383235	0.998006181374174
maxbin_SRR11413620.008	response	R	-7.70430981082385e-05	0.0176714173323666	221	3	0.996525460036823	0.998006181374174
semibin_ERR6279683.8	age	age	0.000265238654490352	0.0799344505989655	221	36	0.997355551078549	0.998590207616156
metabat_SRR11413618.48	response	R	7.71671359313495e-05	0.0230835698900334	221	3	0.997335793572978	0.998590207616156
metabat_ERR6280948.5	response	R	-0.000148762110667838	0.0996355297238743	221	23	0.998810095122284	0.999331709197549
semibin_SRR5930527.97	response	R	0.000111467812748967	0.0753777792130324	221	3	0.998821460078082	0.999331709197549
maxbin_ERR6232523.003	response	R	-0.000289685253443057	0.144427166784339	221	31	0.998401502325174	0.999331709197549
metabat_SRR16554788.7	response	R	0.000141176915454519	0.0967838233930035	221	4	0.998837479865601	0.999331709197549
metabat_ERR12405939.20	response	R	-7.87913788001869e-05	0.0410739116748539	221	6	0.998471207149351	0.999331709197549
maxbin_SRR16168945.044	age	age	-9.0203004303007e-06	0.00462156985967412	221	1	0.998444505071617	0.999331709197549
semibin_SRR16554638.21	age	age	-4.78217874759413e-06	0.00461560109857258	221	1	0.999174271674073	0.999545022795288
semibin_SRR8387683.30	gender	male	0.000108100700474234	0.125702034841923	221	15	0.999314631343517	0.999561802907044
metabat_SRR11413608.104_sub	gender	male	6.27849418984057e-06	0.031793134803591	221	5	0.999842615533447	0.999845235139337
maxbin_SRR16554627.021_sub	response	R	3.99235431496471e-06	0.0205587373147495	221	2	0.999845235139337	0.999845235139337
