2025-11-26 18:17:02.088326 INFO::Writing function arguments to log file
2025-11-26 18:17:02.088898 DEBUG::Function arguments
2025-11-26 18:17:02.089061 DEBUG::Output folder: results/11.Maaslin2_melanoma_with_metadata_full
2025-11-26 18:17:02.08919 DEBUG::Min Abundance: 0.000000
2025-11-26 18:17:02.089299 DEBUG::Min Prevalence: 0.000000
2025-11-26 18:17:02.089397 DEBUG::Normalization: TSS
2025-11-26 18:17:02.089492 DEBUG::Transform: LOG
2025-11-26 18:17:02.089588 DEBUG::Analysis method: LM
2025-11-26 18:17:02.089684 DEBUG::Max significance: 0.250000
2025-11-26 18:17:02.089775 DEBUG::Random effects: dataset
2025-11-26 18:17:02.089873 DEBUG::Fixed effects: age,gender,response
2025-11-26 18:17:02.089964 DEBUG::Correction method: BH
2025-11-26 18:17:02.090059 DEBUG::Standardize: TRUE
2025-11-26 18:17:02.09015 DEBUG::Cores: 1
2025-11-26 18:17:02.090236 INFO::Verifying options selected are valid
2025-11-26 18:17:02.090691 INFO::Determining format of input files
2025-11-26 18:17:02.091491 INFO::Input format is data samples as rows and metadata samples as columns
2025-11-26 18:17:02.092925 DEBUG::Transformed metadata so samples are rows
2025-11-26 18:17:02.094946 DEBUG::A total of 221 samples were found in both the data and metadata
2025-11-26 18:17:02.095097 DEBUG::Reordering data/metadata to use same sample ordering
2025-11-26 18:17:02.104825 INFO::Formula for random effects: expr ~ (1 | dataset)
2025-11-26 18:17:02.105551 INFO::Formula for fixed effects: expr ~  age + gender + response
2025-11-26 18:17:02.106247 INFO::Filter data based on min abundance and min prevalence
2025-11-26 18:17:02.106698 INFO::Total samples in data: 221
2025-11-26 18:17:02.107141 INFO::Min samples required with min abundance for a feature not to be filtered: 0.000000
2025-11-26 18:17:02.12298 INFO::Total filtered features: 0
2025-11-26 18:17:02.123793 INFO::Filtered feature names from abundance and prevalence filtering:
2025-11-26 18:17:02.146558 INFO::Total filtered features with variance filtering: 0
2025-11-26 18:17:02.147379 INFO::Filtered feature names from variance filtering:
2025-11-26 18:17:02.147846 INFO::Running selected normalization method: TSS
2025-11-26 18:17:02.191494 INFO::Applying z-score to standardize continuous metadata
2025-11-26 18:17:02.195221 INFO::Running selected transform method: LOG
2025-11-26 18:17:02.233998 INFO::Running selected analysis method: LM
2025-11-26 18:17:02.235488 INFO::Fitting model to feature number 1, metabat_SRR16554674.5
2025-11-26 18:17:02.263218 INFO::Fitting model to feature number 2, maxbin_SRR13022355.014
2025-11-26 18:17:02.289949 INFO::Fitting model to feature number 3, metabat_ERR12405975.5_sub
2025-11-26 18:17:02.317157 INFO::Fitting model to feature number 4, semibin_SRR13022325.6
2025-11-26 18:17:02.342926 INFO::Fitting model to feature number 5, semibin_SRR16554706.23
2025-11-26 18:17:02.369183 INFO::Fitting model to feature number 6, semibin_SRR23364195.41
2025-11-26 18:17:02.39518 INFO::Fitting model to feature number 7, semibin_SRR5930502.51
2025-11-26 18:17:02.425383 INFO::Fitting model to feature number 8, metabat_SRR13022352.3
2025-11-26 18:17:02.454134 INFO::Fitting model to feature number 9, semibin_ERR12405939.29
2025-11-26 18:17:02.483145 INFO::Fitting model to feature number 10, metabat_SRR16554779.30
2025-11-26 18:17:02.508804 INFO::Fitting model to feature number 11, maxbin_SRR11413655.005
2025-11-26 18:17:02.536095 INFO::Fitting model to feature number 12, maxbin_ERR2162217.001
2025-11-26 18:17:02.562359 INFO::Fitting model to feature number 13, maxbin_SRR13022336.003_sub
2025-11-26 18:17:02.59003 INFO::Fitting model to feature number 14, maxbin_SRR25825509.002
2025-11-26 18:17:02.615957 INFO::Fitting model to feature number 15, semibin_SRR5930533.9
2025-11-26 18:17:02.643761 INFO::Fitting model to feature number 16, metabat_SRR13022417.2
2025-11-26 18:17:02.67222 INFO::Fitting model to feature number 17, semibin_SRR5930511.52
2025-11-26 18:17:02.699365 INFO::Fitting model to feature number 18, semibin_ERR6281504.148
2025-11-26 18:17:02.727747 INFO::Fitting model to feature number 19, semibin_ERR6279672.24
2025-11-26 18:17:02.755601 INFO::Fitting model to feature number 20, semibin_SRR11413653.25
2025-11-26 18:17:02.782301 INFO::Fitting model to feature number 21, maxbin_SRR16554665.003
2025-11-26 18:17:02.81067 INFO::Fitting model to feature number 22, semibin_SRR11413686.80
2025-11-26 18:17:02.84316 INFO::Fitting model to feature number 23, maxbin_ERR12405962.011_sub
2025-11-26 18:17:02.877245 INFO::Fitting model to feature number 24, metabat_ERR6279614.12_sub
2025-11-26 18:17:02.908843 INFO::Fitting model to feature number 25, semibin_ERR6232382.49_sub
2025-11-26 18:17:02.970302 INFO::Fitting model to feature number 26, semibin_ERR6279675.47
2025-11-26 18:17:02.999461 INFO::Fitting model to feature number 27, maxbin_SRR16554775.001
2025-11-26 18:17:03.028591 INFO::Fitting model to feature number 28, semibin_SRR11413653.97_sub
2025-11-26 18:17:03.057129 INFO::Fitting model to feature number 29, semibin_SRR16554655.39
2025-11-26 18:17:03.084569 INFO::Fitting model to feature number 30, metabat_ERR12405990.2
2025-11-26 18:17:03.111045 INFO::Fitting model to feature number 31, metabat_ERR6232687.8_sub
2025-11-26 18:17:03.13893 INFO::Fitting model to feature number 32, metabat_SRR25825493.27
2025-11-26 18:17:03.165024 INFO::Fitting model to feature number 33, maxbin_ERR6281499.002
2025-11-26 18:17:03.191436 INFO::Fitting model to feature number 34, maxbin_ERR6279667.001
2025-11-26 18:17:03.219759 INFO::Fitting model to feature number 35, semibin_SRR11413691.62
2025-11-26 18:17:03.252345 INFO::Fitting model to feature number 36, semibin_SRR6000945.4
2025-11-26 18:17:03.279974 INFO::Fitting model to feature number 37, maxbin_SRR16554671.002
2025-11-26 18:17:03.30714 INFO::Fitting model to feature number 38, metabat_SRR11413649.62
2025-11-26 18:17:03.33469 INFO::Fitting model to feature number 39, metabat_SRR5930494.64
2025-11-26 18:17:03.363019 INFO::Fitting model to feature number 40, metabat_ERR12405981.15
2025-11-26 18:17:03.38894 INFO::Fitting model to feature number 41, maxbin_SRR11413649.010
2025-11-26 18:17:03.416168 INFO::Fitting model to feature number 42, maxbin_SRR13068842.057_sub
2025-11-26 18:17:03.442036 INFO::Fitting model to feature number 43, metabat_SRR16554646.5
2025-11-26 18:17:03.469374 INFO::Fitting model to feature number 44, metabat_SRR20881978.24
2025-11-26 18:17:03.494991 INFO::Fitting model to feature number 45, semibin_SRR5930502.48
2025-11-26 18:17:03.522828 INFO::Fitting model to feature number 46, semibin_SRR6000905.60_sub
2025-11-26 18:17:03.549659 INFO::Fitting model to feature number 47, semibin_SRR5930507.29
2025-11-26 18:17:03.575692 INFO::Fitting model to feature number 48, semibin_SRR16554630.20
2025-11-26 18:17:03.611246 INFO::Fitting model to feature number 49, metabat_ERR6271719.4
2025-11-26 18:17:03.640887 INFO::Fitting model to feature number 50, semibin_SRR25825509.21
2025-11-26 18:17:03.667445 INFO::Fitting model to feature number 51, metabat_SRR23364235.43
2025-11-26 18:17:03.720948 INFO::Fitting model to feature number 52, maxbin_SRR5930501.002
2025-11-26 18:17:03.7485 INFO::Fitting model to feature number 53, semibin_SRR13022289.13
2025-11-26 18:17:03.776364 INFO::Fitting model to feature number 54, metabat_ERR12405956.16
2025-11-26 18:17:03.803738 INFO::Fitting model to feature number 55, maxbin_ERR12406000.010
2025-11-26 18:17:03.829605 INFO::Fitting model to feature number 56, metabat_SRR6000877.7
2025-11-26 18:17:03.856402 INFO::Fitting model to feature number 57, semibin_SRR13022308.4
2025-11-26 18:17:03.881672 INFO::Fitting model to feature number 58, metabat_ERR12405930.6
2025-11-26 18:17:03.908246 INFO::Fitting model to feature number 59, semibin_ERR6281499.45
2025-11-26 18:17:03.93776 INFO::Fitting model to feature number 60, semibin_SRR16554707.35_sub
2025-11-26 18:17:03.965226 INFO::Fitting model to feature number 61, semibin_ERR2162217.22
2025-11-26 18:17:04.002985 INFO::Fitting model to feature number 62, metabat_ERR12405933.43
2025-11-26 18:17:04.032062 INFO::Fitting model to feature number 63, semibin_ERR2162223.6
2025-11-26 18:17:04.058631 INFO::Fitting model to feature number 64, metabat_SRR6000874.30
2025-11-26 18:17:04.085774 INFO::Fitting model to feature number 65, metabat_SRR16554713.13
2025-11-26 18:17:04.112072 INFO::Fitting model to feature number 66, semibin_SRR5930499.112
2025-11-26 18:17:04.139733 INFO::Fitting model to feature number 67, maxbin_ERR6257997.027
2025-11-26 18:17:04.165649 INFO::Fitting model to feature number 68, semibin_SRR16168913.44_sub
2025-11-26 18:17:04.193179 INFO::Fitting model to feature number 69, semibin_SRR6000900.32
2025-11-26 18:17:04.220244 INFO::Fitting model to feature number 70, semibin_SRR16168903.5
2025-11-26 18:17:04.245906 INFO::Fitting model to feature number 71, semibin_SRR16554765.8
2025-11-26 18:17:04.273202 INFO::Fitting model to feature number 72, maxbin_SRR16554755.007_sub
2025-11-26 18:17:04.299958 INFO::Fitting model to feature number 73, semibin_SRR5930534.80
2025-11-26 18:17:04.326461 INFO::Fitting model to feature number 74, metabat_SRR6000907.1_sub
2025-11-26 18:17:04.354304 INFO::Fitting model to feature number 75, metabat_ERR6282298.17
2025-11-26 18:17:04.388132 INFO::Fitting model to feature number 76, maxbin_SRR16554728.024
2025-11-26 18:17:04.414908 INFO::Fitting model to feature number 77, semibin_SRR8387683.16
2025-11-26 18:17:04.473612 INFO::Fitting model to feature number 78, maxbin_SRR11413620.019
2025-11-26 18:17:04.503943 INFO::Fitting model to feature number 79, semibin_SRR25825514.3_sub
2025-11-26 18:17:04.531316 INFO::Fitting model to feature number 80, semibin_SRR11413656.25
2025-11-26 18:17:04.559925 INFO::Fitting model to feature number 81, metabat_ERR12405985.2
2025-11-26 18:17:04.58749 INFO::Fitting model to feature number 82, semibin_SRR16554738.0
2025-11-26 18:17:04.613365 INFO::Fitting model to feature number 83, semibin_SRR11413691.42
2025-11-26 18:17:04.639987 INFO::Fitting model to feature number 84, maxbin_SRR11413655.009_sub
2025-11-26 18:17:04.666659 INFO::Fitting model to feature number 85, semibin_SRR20881975.0
2025-11-26 18:17:04.692601 INFO::Fitting model to feature number 86, metabat_ERR6275681.8
2025-11-26 18:17:04.719316 INFO::Fitting model to feature number 87, maxbin_SRR16554759.001
2025-11-26 18:17:04.744906 INFO::Fitting model to feature number 88, metabat_SRR16554662.30_sub
2025-11-26 18:17:04.771507 INFO::Fitting model to feature number 89, metabat_SRR16554786.10
2025-11-26 18:17:04.797029 INFO::Fitting model to feature number 90, metabat_ERR6243880.3
2025-11-26 18:17:04.82839 INFO::Fitting model to feature number 91, semibin_ERR6264280.18
2025-11-26 18:17:04.857716 INFO::Fitting model to feature number 92, metabat_ERR6281505.14
2025-11-26 18:17:04.885499 INFO::Fitting model to feature number 93, semibin_SRR16554671.9
2025-11-26 18:17:04.911643 INFO::Fitting model to feature number 94, maxbin_SRR16554707.013
2025-11-26 18:17:04.93947 INFO::Fitting model to feature number 95, metabat_SRR16554771.26
2025-11-26 18:17:04.966012 INFO::Fitting model to feature number 96, maxbin_ERR2162206.004
2025-11-26 18:17:04.992508 INFO::Fitting model to feature number 97, semibin_SRR16554665.28
2025-11-26 18:17:05.017846 INFO::Fitting model to feature number 98, maxbin_ERR6279655.020
2025-11-26 18:17:05.044852 INFO::Fitting model to feature number 99, metabat_SRR5930523.5
2025-11-26 18:17:05.071079 INFO::Fitting model to feature number 100, semibin_SRR11413608.137
2025-11-26 18:17:05.098629 INFO::Fitting model to feature number 101, semibin_ERR12405912.11
2025-11-26 18:17:05.124516 INFO::Fitting model to feature number 102, metabat_ERR6279651.8
2025-11-26 18:17:05.151277 INFO::Fitting model to feature number 103, metabat_SRR16554746.22
2025-11-26 18:17:05.20726 INFO::Fitting model to feature number 104, maxbin_SRR13022253.002
2025-11-26 18:17:05.241975 INFO::Fitting model to feature number 105, maxbin_ERR6232518.013
2025-11-26 18:17:05.273074 INFO::Fitting model to feature number 106, metabat_ERR12405939.30
2025-11-26 18:17:05.297696 INFO::Fitting model to feature number 107, metabat_ERR12405970.10
2025-11-26 18:17:05.324301 INFO::Fitting model to feature number 108, semibin_SRR20881988.7
2025-11-26 18:17:05.35166 INFO::Fitting model to feature number 109, semibin_SRR5930531.50
2025-11-26 18:17:05.377283 INFO::Fitting model to feature number 110, metabat_ERR6275666.49
2025-11-26 18:17:05.403772 INFO::Fitting model to feature number 111, metabat_SRR16554744.3
2025-11-26 18:17:05.429142 INFO::Fitting model to feature number 112, semibin_SRR16168903.11
2025-11-26 18:17:05.456088 INFO::Fitting model to feature number 113, semibin_SRR11413690.7
2025-11-26 18:17:05.481166 INFO::Fitting model to feature number 114, semibin_SRR13022392.1
2025-11-26 18:17:05.508022 INFO::Fitting model to feature number 115, metabat_SRR5930536.13
2025-11-26 18:17:05.534749 INFO::Fitting model to feature number 116, semibin_SRR13022424.5
2025-11-26 18:17:05.561187 INFO::Fitting model to feature number 117, maxbin_ERR12405918.001
2025-11-26 18:17:05.590706 INFO::Fitting model to feature number 118, semibin_ERR12405947.71
2025-11-26 18:17:05.624298 INFO::Fitting model to feature number 119, semibin_ERR6279646.10
2025-11-26 18:17:05.6515 INFO::Fitting model to feature number 120, metabat_ERR12405918.3
2025-11-26 18:17:05.680421 INFO::Fitting model to feature number 121, semibin_SRR23364196.21
2025-11-26 18:17:05.707738 INFO::Fitting model to feature number 122, semibin_SRR16554695.47
2025-11-26 18:17:05.735079 INFO::Fitting model to feature number 123, semibin_SRR16554716.24
2025-11-26 18:17:05.760841 INFO::Fitting model to feature number 124, semibin_SRR6000910.14
2025-11-26 18:17:05.786319 INFO::Fitting model to feature number 125, semibin_SRR11413649.182
2025-11-26 18:17:05.812818 INFO::Fitting model to feature number 126, metabat_SRR16554626.7
2025-11-26 18:17:05.838381 INFO::Fitting model to feature number 127, semibin_SRR25825508.4_sub
2025-11-26 18:17:05.865365 INFO::Fitting model to feature number 128, semibin_SRR13068844.35
2025-11-26 18:17:05.890773 INFO::Fitting model to feature number 129, semibin_SRR16554766.35_sub
2025-11-26 18:17:05.937586 INFO::Fitting model to feature number 130, semibin_ERR6279614.29
2025-11-26 18:17:05.971809 INFO::Fitting model to feature number 131, semibin_SRR11413683.102
2025-11-26 18:17:05.999539 INFO::Fitting model to feature number 132, maxbin_ERR6279658.017_sub
2025-11-26 18:17:06.035274 INFO::Fitting model to feature number 133, semibin_ERR6230326.3
2025-11-26 18:17:06.066361 INFO::Fitting model to feature number 134, maxbin_SRR5930501.087_sub
2025-11-26 18:17:06.091307 INFO::Fitting model to feature number 135, maxbin_SRR16168913.015
2025-11-26 18:17:06.117964 INFO::Fitting model to feature number 136, maxbin_SRR16554789.001
2025-11-26 18:17:06.143388 INFO::Fitting model to feature number 137, maxbin_ERR2162209.017_sub
2025-11-26 18:17:06.169657 INFO::Fitting model to feature number 138, maxbin_SRR16554656.002
2025-11-26 18:17:06.195175 INFO::Fitting model to feature number 139, semibin_SRR16168920.5_sub
2025-11-26 18:17:06.22192 INFO::Fitting model to feature number 140, semibin_SRR16554739.16
2025-11-26 18:17:06.247751 INFO::Fitting model to feature number 141, metabat_SRR16168982.24
2025-11-26 18:17:06.274722 INFO::Fitting model to feature number 142, metabat_SRR16554643.9
2025-11-26 18:17:06.300882 INFO::Fitting model to feature number 143, metabat_SRR13022323.1
2025-11-26 18:17:06.326774 INFO::Fitting model to feature number 144, semibin_SRR16554673.15
2025-11-26 18:17:06.353695 INFO::Fitting model to feature number 145, semibin_SRR11413649.145_sub
2025-11-26 18:17:06.384043 INFO::Fitting model to feature number 146, semibin_ERR6267712.45
2025-11-26 18:17:06.415713 INFO::Fitting model to feature number 147, maxbin_SRR16554647.003
2025-11-26 18:17:06.446306 INFO::Fitting model to feature number 148, semibin_ERR2162202.11
2025-11-26 18:17:06.472432 INFO::Fitting model to feature number 149, semibin_SRR16168909.12
2025-11-26 18:17:06.499938 INFO::Fitting model to feature number 150, semibin_SRR11413684.67
2025-11-26 18:17:06.527689 INFO::Fitting model to feature number 151, maxbin_ERR2162223.012
2025-11-26 18:17:06.554725 INFO::Fitting model to feature number 152, maxbin_SRR25825521.012_sub
2025-11-26 18:17:06.580904 INFO::Fitting model to feature number 153, metabat_SRR23364233.36
2025-11-26 18:17:06.606618 INFO::Fitting model to feature number 154, semibin_SRR25825499.11
2025-11-26 18:17:06.632831 INFO::Fitting model to feature number 155, semibin_SRR16554653.1
2025-11-26 18:17:06.682403 INFO::Fitting model to feature number 156, semibin_SRR23364199.62
2025-11-26 18:17:06.716035 INFO::Fitting model to feature number 157, maxbin_SRR5930508.026
2025-11-26 18:17:06.743562 INFO::Fitting model to feature number 158, semibin_ERR6279671.24
2025-11-26 18:17:06.773032 INFO::Fitting model to feature number 159, semibin_SRR16554730.5
2025-11-26 18:17:06.803164 INFO::Fitting model to feature number 160, maxbin_SRR5930522.022
2025-11-26 18:17:06.83001 INFO::Fitting model to feature number 161, semibin_SRR16554790.42
2025-11-26 18:17:06.86064 INFO::Fitting model to feature number 162, metabat_ERR6279652.5
2025-11-26 18:17:06.888845 INFO::Fitting model to feature number 163, semibin_ERR6243877.10
2025-11-26 18:17:06.916725 INFO::Fitting model to feature number 164, metabat_SRR16168941.17
2025-11-26 18:17:06.94433 INFO::Fitting model to feature number 165, semibin_SRR16168929.15_sub
2025-11-26 18:17:06.971161 INFO::Fitting model to feature number 166, maxbin_SRR23364240.011
2025-11-26 18:17:06.996613 INFO::Fitting model to feature number 167, metabat_SRR6000947.37_sub
2025-11-26 18:17:07.024084 INFO::Fitting model to feature number 168, metabat_ERR6235716.8_sub
2025-11-26 18:17:07.051409 INFO::Fitting model to feature number 169, metabat_SRR16554633.8
2025-11-26 18:17:07.077461 INFO::Fitting model to feature number 170, metabat_ERR6279615.15
2025-11-26 18:17:07.104258 INFO::Fitting model to feature number 171, metabat_SRR16554713.7
2025-11-26 18:17:07.129941 INFO::Fitting model to feature number 172, semibin_SRR13068836.17_sub
2025-11-26 18:17:07.157136 INFO::Fitting model to feature number 173, semibin_SRR20881980.15_sub
2025-11-26 18:17:07.192656 INFO::Fitting model to feature number 174, semibin_ERR6279661.5
2025-11-26 18:17:07.219212 INFO::Fitting model to feature number 175, semibin_ERR6264281.7
2025-11-26 18:17:07.247282 INFO::Fitting model to feature number 176, maxbin_SRR5930521.014
2025-11-26 18:17:07.273923 INFO::Fitting model to feature number 177, metabat_SRR13022372.10_sub
2025-11-26 18:17:07.30051 INFO::Fitting model to feature number 178, semibin_SRR20881981.34
2025-11-26 18:17:07.326119 INFO::Fitting model to feature number 179, semibin_ERR6279683.8
2025-11-26 18:17:07.352947 INFO::Fitting model to feature number 180, semibin_ERR6279655.40
2025-11-26 18:17:07.378217 INFO::Fitting model to feature number 181, semibin_SRR11413688.2
2025-11-26 18:17:07.426913 INFO::Fitting model to feature number 182, semibin_ERR6233695.43_sub
2025-11-26 18:17:07.462352 INFO::Fitting model to feature number 183, maxbin_SRR5930515.007
2025-11-26 18:17:07.489465 INFO::Fitting model to feature number 184, semibin_ERR6273965.5
2025-11-26 18:17:07.516796 INFO::Fitting model to feature number 185, semibin_SRR16554693.19
2025-11-26 18:17:07.543155 INFO::Fitting model to feature number 186, semibin_SRR25825516.1
2025-11-26 18:17:07.569915 INFO::Fitting model to feature number 187, maxbin_SRR13068818.010
2025-11-26 18:17:07.596411 INFO::Fitting model to feature number 188, maxbin_SRR16168926.008
2025-11-26 18:17:07.627979 INFO::Fitting model to feature number 189, semibin_SRR16554672.14
2025-11-26 18:17:07.6556 INFO::Fitting model to feature number 190, semibin_ERR12405970.61
2025-11-26 18:17:07.683213 INFO::Fitting model to feature number 191, semibin_SRR5930531.21
2025-11-26 18:17:07.710818 INFO::Fitting model to feature number 192, maxbin_SRR16554787.017_sub
2025-11-26 18:17:07.737858 INFO::Fitting model to feature number 193, metabat_SRR6000907.39
2025-11-26 18:17:07.764769 INFO::Fitting model to feature number 194, semibin_SRR5930528.37
2025-11-26 18:17:07.791095 INFO::Fitting model to feature number 195, metabat_SRR23364184.15
2025-11-26 18:17:07.819713 INFO::Fitting model to feature number 196, semibin_SRR25825502.47_sub
2025-11-26 18:17:07.846761 INFO::Fitting model to feature number 197, maxbin_ERR12405958.009_sub
2025-11-26 18:17:07.873706 INFO::Fitting model to feature number 198, semibin_SRR16168913.31
2025-11-26 18:17:07.900627 INFO::Fitting model to feature number 199, semibin_ERR6232458.16
2025-11-26 18:17:07.927181 INFO::Fitting model to feature number 200, semibin_SRR11413652.32
2025-11-26 18:17:07.954143 INFO::Fitting model to feature number 201, semibin_SRR5930519.26
2025-11-26 18:17:07.986291 INFO::Fitting model to feature number 202, maxbin_SRR16554738.006_sub
2025-11-26 18:17:08.016475 INFO::Fitting model to feature number 203, semibin_SRR11413688.65_sub
2025-11-26 18:17:08.047669 INFO::Fitting model to feature number 204, semibin_SRR5930536.88
2025-11-26 18:17:08.075033 INFO::Fitting model to feature number 205, maxbin_ERR12406009.001
2025-11-26 18:17:08.102079 INFO::Fitting model to feature number 206, semibin_SRR16554765.35
2025-11-26 18:17:08.129468 INFO::Fitting model to feature number 207, semibin_SRR13068830.5
2025-11-26 18:17:08.177268 INFO::Fitting model to feature number 208, metabat_SRR5930502.31
2025-11-26 18:17:08.21198 INFO::Fitting model to feature number 209, metabat_ERR2162222.11_sub
2025-11-26 18:17:08.239653 INFO::Fitting model to feature number 210, semibin_SRR11413653.50
2025-11-26 18:17:08.265506 INFO::Fitting model to feature number 211, maxbin_SRR16554790.013_sub
2025-11-26 18:17:08.292811 INFO::Fitting model to feature number 212, maxbin_SRR16554733.009
2025-11-26 18:17:08.319286 INFO::Fitting model to feature number 213, metabat_SRR11413686.6
2025-11-26 18:17:08.346691 INFO::Fitting model to feature number 214, maxbin_SRR8387707.004_sub
2025-11-26 18:17:08.379557 INFO::Fitting model to feature number 215, metabat_SRR23364211.18
2025-11-26 18:17:08.411903 INFO::Fitting model to feature number 216, metabat_SRR16554669.41_sub
2025-11-26 18:17:08.440471 INFO::Fitting model to feature number 217, maxbin_SRR5930518.019_sub
2025-11-26 18:17:08.470606 INFO::Fitting model to feature number 218, metabat_SRR11413686.5
2025-11-26 18:17:08.497804 INFO::Fitting model to feature number 219, semibin_ERR12405961.23
2025-11-26 18:17:08.524462 INFO::Fitting model to feature number 220, semibin_SRR11413611.29
2025-11-26 18:17:08.551367 INFO::Fitting model to feature number 221, semibin_SRR11413606.8
2025-11-26 18:17:08.581003 INFO::Fitting model to feature number 222, maxbin_SRR16554701.001
2025-11-26 18:17:08.609581 INFO::Fitting model to feature number 223, semibin_SRR13068817.76
2025-11-26 18:17:08.635506 INFO::Fitting model to feature number 224, semibin_ERR6229432.91
2025-11-26 18:17:08.663427 INFO::Fitting model to feature number 225, metabat_SRR6000874.13_sub
2025-11-26 18:17:08.690486 INFO::Fitting model to feature number 226, semibin_SRR20881986.74
2025-11-26 18:17:08.725744 INFO::Fitting model to feature number 227, metabat_SRR5930494.72_sub
2025-11-26 18:17:08.754396 INFO::Fitting model to feature number 228, semibin_SRR23364193.36
2025-11-26 18:17:08.781951 INFO::Fitting model to feature number 229, metabat_SRR5930514.58
2025-11-26 18:17:08.80866 INFO::Fitting model to feature number 230, semibin_SRR16554673.13
2025-11-26 18:17:08.834851 INFO::Fitting model to feature number 231, semibin_SRR16554786.37
2025-11-26 18:17:08.860152 INFO::Fitting model to feature number 232, semibin_ERR2162202.9
2025-11-26 18:17:08.887966 INFO::Fitting model to feature number 233, semibin_SRR5930501.2
2025-11-26 18:17:08.936399 INFO::Fitting model to feature number 234, semibin_ERR2162208.7
2025-11-26 18:17:08.970207 INFO::Fitting model to feature number 235, metabat_SRR16554665.10
2025-11-26 18:17:08.998104 INFO::Fitting model to feature number 236, semibin_ERR2162200.40
2025-11-26 18:17:09.025526 INFO::Fitting model to feature number 237, metabat_SRR13068853.24
2025-11-26 18:17:09.051311 INFO::Fitting model to feature number 238, metabat_SRR11413656.75
2025-11-26 18:17:09.079205 INFO::Fitting model to feature number 239, maxbin_SRR13022357.002
2025-11-26 18:17:09.10665 INFO::Fitting model to feature number 240, semibin_SRR25825502.21
2025-11-26 18:17:09.137889 INFO::Fitting model to feature number 241, semibin_ERR6279669.74
2025-11-26 18:17:09.169042 INFO::Fitting model to feature number 242, metabat_SRR11413618.29_sub
2025-11-26 18:17:09.201195 INFO::Fitting model to feature number 243, semibin_SRR5930523.22
2025-11-26 18:17:09.231059 INFO::Fitting model to feature number 244, semibin_SRR16554776.8
2025-11-26 18:17:09.257756 INFO::Fitting model to feature number 245, metabat_SRR13068851.17
2025-11-26 18:17:09.284784 INFO::Fitting model to feature number 246, metabat_ERR12405966.8
2025-11-26 18:17:09.310633 INFO::Fitting model to feature number 247, maxbin_ERR2162223.001
2025-11-26 18:17:09.337945 INFO::Fitting model to feature number 248, metabat_ERR6279627.10
2025-11-26 18:17:09.363496 INFO::Fitting model to feature number 249, semibin_SRR11413679.4
2025-11-26 18:17:09.390219 INFO::Fitting model to feature number 250, semibin_SRR5930506.72
2025-11-26 18:17:09.416151 INFO::Fitting model to feature number 251, metabat_ERR2162214.7
2025-11-26 18:17:09.443359 INFO::Fitting model to feature number 252, semibin_SRR11413606.34
2025-11-26 18:17:09.470721 INFO::Fitting model to feature number 253, metabat_SRR11413647.31
2025-11-26 18:17:09.496444 INFO::Fitting model to feature number 254, semibin_SRR6000892.71
2025-11-26 18:17:09.524283 INFO::Fitting model to feature number 255, metabat_SRR13022401.12
2025-11-26 18:17:09.558166 INFO::Fitting model to feature number 256, metabat_ERR2162213.1
2025-11-26 18:17:09.585947 INFO::Fitting model to feature number 257, metabat_SRR16168896.4
2025-11-26 18:17:09.616647 INFO::Fitting model to feature number 258, metabat_ERR12405997.59
2025-11-26 18:17:09.643279 INFO::Fitting model to feature number 259, semibin_ERR2162223.3
2025-11-26 18:17:09.693333 INFO::Fitting model to feature number 260, semibin_SRR6000944.44
2025-11-26 18:17:09.729811 INFO::Fitting model to feature number 261, semibin_SRR5930533.32_sub
2025-11-26 18:17:09.756454 INFO::Fitting model to feature number 262, maxbin_SRR11413646.009
2025-11-26 18:17:09.782224 INFO::Fitting model to feature number 263, metabat_ERR12405954.8
2025-11-26 18:17:09.809989 INFO::Fitting model to feature number 264, metabat_SRR13068832.4
2025-11-26 18:17:09.837206 INFO::Fitting model to feature number 265, semibin_SRR20881980.56
2025-11-26 18:17:09.862592 INFO::Fitting model to feature number 266, maxbin_SRR5930507.045
2025-11-26 18:17:09.895394 INFO::Fitting model to feature number 267, semibin_SRR5930495.29
2025-11-26 18:17:09.925182 INFO::Fitting model to feature number 268, maxbin_ERR2162223.003
2025-11-26 18:17:09.951495 INFO::Fitting model to feature number 269, maxbin_ERR6282070.040_sub
2025-11-26 18:17:09.977543 INFO::Fitting model to feature number 270, semibin_ERR6233693.7
2025-11-26 18:17:10.003556 INFO::Fitting model to feature number 271, metabat_SRR11413613.2
2025-11-26 18:17:10.03072 INFO::Fitting model to feature number 272, semibin_SRR16168945.59_sub
2025-11-26 18:17:10.057988 INFO::Fitting model to feature number 273, semibin_ERR12405923.28
2025-11-26 18:17:10.083613 INFO::Fitting model to feature number 274, semibin_SRR16554648.6
2025-11-26 18:17:10.111073 INFO::Fitting model to feature number 275, semibin_SRR6000901.29
2025-11-26 18:17:10.138612 INFO::Fitting model to feature number 276, maxbin_SRR16554769.012
2025-11-26 18:17:10.164034 INFO::Fitting model to feature number 277, metabat_SRR16554687.19
2025-11-26 18:17:10.190488 INFO::Fitting model to feature number 278, semibin_SRR23364183.27
2025-11-26 18:17:10.223859 INFO::Fitting model to feature number 279, metabat_ERR12405985.26
2025-11-26 18:17:10.252054 INFO::Fitting model to feature number 280, metabat_SRR16554763.7
2025-11-26 18:17:10.280878 INFO::Fitting model to feature number 281, semibin_ERR6281434.136
2025-11-26 18:17:10.308012 INFO::Fitting model to feature number 282, maxbin_ERR12406005.005
2025-11-26 18:17:10.334189 INFO::Fitting model to feature number 283, semibin_SRR11413689.18
2025-11-26 18:17:10.361357 INFO::Fitting model to feature number 284, semibin_SRR5930498.73
2025-11-26 18:17:10.388925 INFO::Fitting model to feature number 285, semibin_ERR6279657.86
2025-11-26 18:17:10.434926 INFO::Fitting model to feature number 286, maxbin_SRR5930497.004
2025-11-26 18:17:10.4695 INFO::Fitting model to feature number 287, metabat_SRR5930527.86
2025-11-26 18:17:10.497167 INFO::Fitting model to feature number 288, semibin_SRR11413657.160_sub
2025-11-26 18:17:10.524236 INFO::Fitting model to feature number 289, semibin_SRR6000896.44
2025-11-26 18:17:10.552222 INFO::Fitting model to feature number 290, metabat_SRR20881987.29
2025-11-26 18:17:10.5884 INFO::Fitting model to feature number 291, semibin_SRR11413687.181
2025-11-26 18:17:10.616004 INFO::Fitting model to feature number 292, metabat_ERR6281586.4
2025-11-26 18:17:10.643467 INFO::Fitting model to feature number 293, maxbin_SRR13022429.005
2025-11-26 18:17:10.673376 INFO::Fitting model to feature number 294, metabat_ERR6275676.3
2025-11-26 18:17:10.701506 INFO::Fitting model to feature number 295, metabat_SRR5930529.3
2025-11-26 18:17:10.728036 INFO::Fitting model to feature number 296, metabat_SRR6000949.51_sub
2025-11-26 18:17:10.754999 INFO::Fitting model to feature number 297, semibin_SRR11413656.101
2025-11-26 18:17:10.781988 INFO::Fitting model to feature number 298, metabat_ERR2162211.9
2025-11-26 18:17:10.809056 INFO::Fitting model to feature number 299, semibin_SRR11413689.110
2025-11-26 18:17:10.837468 INFO::Fitting model to feature number 300, metabat_SRR16554771.5
2025-11-26 18:17:10.8655 INFO::Fitting model to feature number 301, semibin_ERR2162218.39
2025-11-26 18:17:10.891204 INFO::Fitting model to feature number 302, semibin_SRR16168913.74
2025-11-26 18:17:10.918615 INFO::Fitting model to feature number 303, semibin_SRR16554766.13
2025-11-26 18:17:10.946177 INFO::Fitting model to feature number 304, maxbin_SRR6000869.050
2025-11-26 18:17:10.971189 INFO::Fitting model to feature number 305, metabat_SRR13068834.30
2025-11-26 18:17:10.998425 INFO::Fitting model to feature number 306, semibin_SRR11413691.40_sub
2025-11-26 18:17:11.026041 INFO::Fitting model to feature number 307, semibin_ERR6264280.63
2025-11-26 18:17:11.059825 INFO::Fitting model to feature number 308, semibin_SRR11413683.31
2025-11-26 18:17:11.089753 INFO::Fitting model to feature number 309, metabat_SRR13068828.29
2025-11-26 18:17:11.116076 INFO::Fitting model to feature number 310, metabat_SRR16554651.15
2025-11-26 18:17:11.14227 INFO::Fitting model to feature number 311, semibin_SRR11413617.49
2025-11-26 18:17:11.191825 INFO::Fitting model to feature number 312, metabat_ERR12405917.12
2025-11-26 18:17:11.228317 INFO::Fitting model to feature number 313, metabat_ERR12405923.25
2025-11-26 18:17:11.257285 INFO::Fitting model to feature number 314, semibin_SRR8387677.66
2025-11-26 18:17:11.286976 INFO::Fitting model to feature number 315, semibin_SRR16554633.6
2025-11-26 18:17:11.315408 INFO::Fitting model to feature number 316, semibin_SRR11413657.102
2025-11-26 18:17:11.343597 INFO::Fitting model to feature number 317, maxbin_SRR16554652.022_sub
2025-11-26 18:17:11.374626 INFO::Fitting model to feature number 318, metabat_SRR16554747.15
2025-11-26 18:17:11.407396 INFO::Fitting model to feature number 319, metabat_SRR11413685.32
2025-11-26 18:17:11.436593 INFO::Fitting model to feature number 320, semibin_SRR5930519.63
2025-11-26 18:17:11.464378 INFO::Fitting model to feature number 321, metabat_SRR8387676.2
2025-11-26 18:17:11.493591 INFO::Fitting model to feature number 322, semibin_SRR13022464.9
2025-11-26 18:17:11.519843 INFO::Fitting model to feature number 323, semibin_ERR6281341.24
2025-11-26 18:17:11.547723 INFO::Fitting model to feature number 324, semibin_SRR11413690.11
2025-11-26 18:17:11.575766 INFO::Fitting model to feature number 325, maxbin_SRR23364240.009_sub
2025-11-26 18:17:11.602475 INFO::Fitting model to feature number 326, maxbin_SRR5930504.027
2025-11-26 18:17:11.632236 INFO::Fitting model to feature number 327, maxbin_SRR8387683.015_sub
2025-11-26 18:17:11.660548 INFO::Fitting model to feature number 328, semibin_SRR5930501.108
2025-11-26 18:17:11.688933 INFO::Fitting model to feature number 329, metabat_SRR13068838.21
2025-11-26 18:17:11.734474 INFO::Fitting model to feature number 330, maxbin_ERR6279649.002
2025-11-26 18:17:11.778697 INFO::Fitting model to feature number 331, maxbin_ERR12405952.002
2025-11-26 18:17:11.807263 INFO::Fitting model to feature number 332, semibin_ERR12405916.16
2025-11-26 18:17:11.832764 INFO::Fitting model to feature number 333, metabat_SRR11413612.18
2025-11-26 18:17:11.857856 INFO::Fitting model to feature number 334, maxbin_SRR23364191.039_sub
2025-11-26 18:17:11.884319 INFO::Fitting model to feature number 335, semibin_SRR16554627.102
2025-11-26 18:17:11.910718 INFO::Fitting model to feature number 336, semibin_SRR25825502.37
2025-11-26 18:17:11.937039 INFO::Fitting model to feature number 337, maxbin_ERR6275667.027
2025-11-26 18:17:11.984225 INFO::Fitting model to feature number 338, maxbin_ERR2162214.002
2025-11-26 18:17:12.014814 INFO::Fitting model to feature number 339, maxbin_SRR5930506.040
2025-11-26 18:17:12.040315 INFO::Fitting model to feature number 340, semibin_ERR12405971.54
2025-11-26 18:17:12.065718 INFO::Fitting model to feature number 341, metabat_SRR16168975.22
2025-11-26 18:17:12.099042 INFO::Fitting model to feature number 342, metabat_SRR16554654.18
2025-11-26 18:17:12.129344 INFO::Fitting model to feature number 343, semibin_ERR12405939.27
2025-11-26 18:17:12.155096 INFO::Fitting model to feature number 344, semibin_SRR13068839.17
2025-11-26 18:17:12.180751 INFO::Fitting model to feature number 345, semibin_SRR5930503.31
2025-11-26 18:17:12.205942 INFO::Fitting model to feature number 346, metabat_SRR11413687.86
2025-11-26 18:17:12.231158 INFO::Fitting model to feature number 347, metabat_SRR25825515.43_sub
2025-11-26 18:17:12.256571 INFO::Fitting model to feature number 348, metabat_SRR16554786.38
2025-11-26 18:17:12.281722 INFO::Fitting model to feature number 349, maxbin_ERR6279660.001
2025-11-26 18:17:12.30653 INFO::Fitting model to feature number 350, maxbin_SRR16168900.001
2025-11-26 18:17:12.332173 INFO::Fitting model to feature number 351, maxbin_SRR16554686.012
2025-11-26 18:17:12.357996 INFO::Fitting model to feature number 352, metabat_SRR5930529.8
2025-11-26 18:17:12.384654 INFO::Fitting model to feature number 353, metabat_SRR25825504.22_sub
2025-11-26 18:17:12.412409 INFO::Fitting model to feature number 354, maxbin_SRR8387677.002_sub
2025-11-26 18:17:12.450675 INFO::Fitting model to feature number 355, semibin_SRR16168940.103
2025-11-26 18:17:12.478213 INFO::Fitting model to feature number 356, maxbin_ERR12405924.017
2025-11-26 18:17:12.505258 INFO::Fitting model to feature number 357, metabat_SRR11413686.33
2025-11-26 18:17:12.532116 INFO::Fitting model to feature number 358, semibin_ERR6279673.25_sub
2025-11-26 18:17:12.558226 INFO::Fitting model to feature number 359, semibin_ERR6232458.12
2025-11-26 18:17:12.584718 INFO::Fitting model to feature number 360, maxbin_SRR16554687.002
2025-11-26 18:17:12.610749 INFO::Fitting model to feature number 361, semibin_SRR5930498.118
2025-11-26 18:17:12.636781 INFO::Fitting model to feature number 362, semibin_SRR16554638.14
2025-11-26 18:17:12.662863 INFO::Fitting model to feature number 363, semibin_SRR25825518.7
2025-11-26 18:17:12.709892 INFO::Fitting model to feature number 364, metabat_SRR5930494.25_sub
2025-11-26 18:17:12.740608 INFO::Fitting model to feature number 365, semibin_SRR16554780.22
2025-11-26 18:17:12.766468 INFO::Fitting model to feature number 366, semibin_SRR16554784.78
2025-11-26 18:17:12.804593 INFO::Fitting model to feature number 367, metabat_SRR16554765.17
2025-11-26 18:17:12.832933 INFO::Fitting model to feature number 368, maxbin_SRR11413612.015_sub
2025-11-26 18:17:12.859362 INFO::Fitting model to feature number 369, semibin_SRR11413681.23
2025-11-26 18:17:12.885397 INFO::Fitting model to feature number 370, metabat_SRR5930530.79
2025-11-26 18:17:12.912079 INFO::Fitting model to feature number 371, semibin_SRR16554681.27
2025-11-26 18:17:12.94588 INFO::Fitting model to feature number 372, semibin_SRR5930493.36_sub
2025-11-26 18:17:12.972347 INFO::Fitting model to feature number 373, semibin_SRR11413620.97
2025-11-26 18:17:13.000257 INFO::Fitting model to feature number 374, semibin_SRR6000893.60_sub
2025-11-26 18:17:13.0306 INFO::Fitting model to feature number 375, metabat_SRR11413689.14
2025-11-26 18:17:13.063272 INFO::Fitting model to feature number 376, metabat_SRR11413689.40
2025-11-26 18:17:13.091548 INFO::Fitting model to feature number 377, maxbin_SRR8387710.024
2025-11-26 18:17:13.121665 INFO::Fitting model to feature number 378, metabat_ERR6281433.28
2025-11-26 18:17:13.160141 INFO::Fitting model to feature number 379, maxbin_SRR5930533.002
2025-11-26 18:17:13.190651 INFO::Fitting model to feature number 380, semibin_SRR5930494.234
2025-11-26 18:17:13.217541 INFO::Fitting model to feature number 381, semibin_SRR13068839.7
2025-11-26 18:17:13.244362 INFO::Fitting model to feature number 382, semibin_SRR16554736.21
2025-11-26 18:17:13.273717 INFO::Fitting model to feature number 383, semibin_ERR2162216.32
2025-11-26 18:17:13.302754 INFO::Fitting model to feature number 384, semibin_ERR12405964.2
2025-11-26 18:17:13.329021 INFO::Fitting model to feature number 385, metabat_ERR6233692.1_sub
2025-11-26 18:17:13.355393 INFO::Fitting model to feature number 386, metabat_ERR6281658.13
2025-11-26 18:17:13.381436 INFO::Fitting model to feature number 387, semibin_SRR5930516.87
2025-11-26 18:17:13.40699 INFO::Fitting model to feature number 388, metabat_ERR12406002.11
2025-11-26 18:17:13.432704 INFO::Fitting model to feature number 389, semibin_SRR23364206.58
2025-11-26 18:17:13.483674 INFO::Fitting model to feature number 390, semibin_SRR11413691.52
2025-11-26 18:17:13.510572 INFO::Fitting model to feature number 391, semibin_SRR16554744.40_sub
2025-11-26 18:17:13.540548 INFO::Fitting model to feature number 392, semibin_ERR6275666.93
2025-11-26 18:17:13.573314 INFO::Fitting model to feature number 393, maxbin_SRR16554659.005
2025-11-26 18:17:13.599167 INFO::Fitting model to feature number 394, metabat_SRR16554654.55
2025-11-26 18:17:13.624202 INFO::Fitting model to feature number 395, maxbin_SRR11413607.019
2025-11-26 18:17:13.64986 INFO::Fitting model to feature number 396, semibin_SRR16554744.30
2025-11-26 18:17:13.674979 INFO::Fitting model to feature number 397, semibin_SRR13022415.6
2025-11-26 18:17:13.700185 INFO::Fitting model to feature number 398, maxbin_ERR12405991.007
2025-11-26 18:17:13.725732 INFO::Fitting model to feature number 399, semibin_SRR23364171.72
2025-11-26 18:17:13.751396 INFO::Fitting model to feature number 400, semibin_ERR6279619.6
2025-11-26 18:17:13.776643 INFO::Fitting model to feature number 401, semibin_SRR16554692.65
2025-11-26 18:17:13.802737 INFO::Fitting model to feature number 402, maxbin_SRR16554751.004
2025-11-26 18:17:13.828025 INFO::Fitting model to feature number 403, metabat_SRR25825507.13_sub
2025-11-26 18:17:13.856068 INFO::Fitting model to feature number 404, metabat_SRR6000940.44
2025-11-26 18:17:13.885462 INFO::Fitting model to feature number 405, maxbin_SRR16554673.003
2025-11-26 18:17:13.914923 INFO::Fitting model to feature number 406, metabat_SRR5930506.102
2025-11-26 18:17:13.941051 INFO::Fitting model to feature number 407, semibin_SRR8387707.23
2025-11-26 18:17:13.966571 INFO::Fitting model to feature number 408, semibin_SRR25825517.45
2025-11-26 18:17:13.992257 INFO::Fitting model to feature number 409, semibin_ERR6275663.33
2025-11-26 18:17:14.01842 INFO::Fitting model to feature number 410, semibin_ERR6275679.24
2025-11-26 18:17:14.04388 INFO::Fitting model to feature number 411, semibin_SRR16554704.8_sub
2025-11-26 18:17:14.069217 INFO::Fitting model to feature number 412, semibin_SRR20881983.27
2025-11-26 18:17:14.09407 INFO::Fitting model to feature number 413, semibin_ERR12405986.41
2025-11-26 18:17:14.11941 INFO::Fitting model to feature number 414, semibin_ERR12405984.5
2025-11-26 18:17:14.145937 INFO::Fitting model to feature number 415, metabat_SRR16554651.26
2025-11-26 18:17:14.198925 INFO::Fitting model to feature number 416, metabat_ERR12405920.1
2025-11-26 18:17:14.23624 INFO::Fitting model to feature number 417, maxbin_SRR16554656.025
2025-11-26 18:17:14.261518 INFO::Fitting model to feature number 418, semibin_SRR20881977.45
2025-11-26 18:17:14.286607 INFO::Fitting model to feature number 419, semibin_SRR5930494.42
2025-11-26 18:17:14.312445 INFO::Fitting model to feature number 420, maxbin_ERR6233693.010_sub
2025-11-26 18:17:14.336877 INFO::Fitting model to feature number 421, semibin_SRR20881981.24
2025-11-26 18:17:14.3619 INFO::Fitting model to feature number 422, semibin_SRR5930494.37
2025-11-26 18:17:14.386896 INFO::Fitting model to feature number 423, metabat_ERR12405956.11
2025-11-26 18:17:14.412036 INFO::Fitting model to feature number 424, metabat_ERR12406009.18
2025-11-26 18:17:14.436882 INFO::Fitting model to feature number 425, metabat_SRR16554765.3
2025-11-26 18:17:14.461762 INFO::Fitting model to feature number 426, metabat_SRR20881975.42
2025-11-26 18:17:14.486475 INFO::Fitting model to feature number 427, semibin_SRR6000901.30
2025-11-26 18:17:14.517367 INFO::Fitting model to feature number 428, metabat_SRR5930527.85
2025-11-26 18:17:14.545157 INFO::Fitting model to feature number 429, semibin_SRR25825516.46
2025-11-26 18:17:14.570244 INFO::Fitting model to feature number 430, semibin_ERR12405918.0
2025-11-26 18:17:14.595527 INFO::Fitting model to feature number 431, semibin_ERR12405967.4
2025-11-26 18:17:14.620764 INFO::Fitting model to feature number 432, semibin_SRR23364176.2
2025-11-26 18:17:14.646382 INFO::Fitting model to feature number 433, metabat_SRR16554711.16
2025-11-26 18:17:14.671632 INFO::Fitting model to feature number 434, maxbin_ERR6275668.007
2025-11-26 18:17:14.696951 INFO::Fitting model to feature number 435, semibin_ERR12405998.5_sub
2025-11-26 18:17:14.721808 INFO::Fitting model to feature number 436, metabat_SRR5930528.37
2025-11-26 18:17:14.746563 INFO::Fitting model to feature number 437, maxbin_SRR11413647.002
2025-11-26 18:17:14.770984 INFO::Fitting model to feature number 438, semibin_ERR6275668.86
2025-11-26 18:17:14.795253 INFO::Fitting model to feature number 439, semibin_ERR12406007.1
2025-11-26 18:17:14.820395 INFO::Fitting model to feature number 440, maxbin_SRR25825507.025_sub
2025-11-26 18:17:14.846908 INFO::Fitting model to feature number 441, semibin_ERR6279661.58
2025-11-26 18:17:14.905265 INFO::Fitting model to feature number 442, metabat_ERR6232523.3
2025-11-26 18:17:14.933933 INFO::Fitting model to feature number 443, semibin_SRR23364186.11
2025-11-26 18:17:14.959093 INFO::Fitting model to feature number 444, maxbin_SRR16554641.006
2025-11-26 18:17:14.985568 INFO::Fitting model to feature number 445, maxbin_SRR13022427.016_sub
2025-11-26 18:17:15.011242 INFO::Fitting model to feature number 446, metabat_ERR12405926.24
2025-11-26 18:17:15.037281 INFO::Fitting model to feature number 447, semibin_ERR6275664.8
2025-11-26 18:17:15.063535 INFO::Fitting model to feature number 448, semibin_SRR5930510.9
2025-11-26 18:17:15.088464 INFO::Fitting model to feature number 449, semibin_ERR6275668.101
2025-11-26 18:17:15.114031 INFO::Fitting model to feature number 450, semibin_SRR16554678.23
2025-11-26 18:17:15.139128 INFO::Fitting model to feature number 451, metabat_ERR12405949.23
2025-11-26 18:17:15.164343 INFO::Fitting model to feature number 452, maxbin_SRR16554706.002
2025-11-26 18:17:15.188723 INFO::Fitting model to feature number 453, semibin_SRR6000911.2
2025-11-26 18:17:15.219995 INFO::Fitting model to feature number 454, metabat_SRR23364171.43_sub
2025-11-26 18:17:15.247013 INFO::Fitting model to feature number 455, metabat_SRR13068829.5_sub
2025-11-26 18:17:15.272696 INFO::Fitting model to feature number 456, maxbin_ERR6232528.007
2025-11-26 18:17:15.297899 INFO::Fitting model to feature number 457, semibin_SRR13022452.10
2025-11-26 18:17:15.322448 INFO::Fitting model to feature number 458, semibin_SRR5930518.30
2025-11-26 18:17:15.347505 INFO::Fitting model to feature number 459, metabat_SRR11413620.24
2025-11-26 18:17:15.372513 INFO::Fitting model to feature number 460, semibin_ERR6275672.14
2025-11-26 18:17:15.397578 INFO::Fitting model to feature number 461, semibin_ERR6279669.46_sub
2025-11-26 18:17:15.422665 INFO::Fitting model to feature number 462, semibin_SRR13068839.29
2025-11-26 18:17:15.447913 INFO::Fitting model to feature number 463, semibin_ERR6232521.7
2025-11-26 18:17:15.472874 INFO::Fitting model to feature number 464, maxbin_SRR25825515.010
2025-11-26 18:17:15.49726 INFO::Fitting model to feature number 465, metabat_SRR16554736.34_sub
2025-11-26 18:17:15.522304 INFO::Fitting model to feature number 466, metabat_SRR6000947.61
2025-11-26 18:17:15.552151 INFO::Fitting model to feature number 467, maxbin_SRR16554777.008
2025-11-26 18:17:15.606714 INFO::Fitting model to feature number 468, metabat_ERR12405971.2
2025-11-26 18:17:15.634467 INFO::Fitting model to feature number 469, semibin_ERR12405973.6
2025-11-26 18:17:15.660625 INFO::Fitting model to feature number 470, metabat_SRR13068829.36
2025-11-26 18:17:15.686106 INFO::Fitting model to feature number 471, semibin_SRR16554725.23
2025-11-26 18:17:15.711182 INFO::Fitting model to feature number 472, maxbin_SRR16554634.001
2025-11-26 18:17:15.736587 INFO::Fitting model to feature number 473, maxbin_SRR16554656.001
2025-11-26 18:17:15.761337 INFO::Fitting model to feature number 474, semibin_SRR11413681.96
2025-11-26 18:17:15.786245 INFO::Fitting model to feature number 475, metabat_SRR11413619.66
2025-11-26 18:17:15.81118 INFO::Fitting model to feature number 476, semibin_ERR12406013.35
2025-11-26 18:17:15.836155 INFO::Fitting model to feature number 477, maxbin_ERR6281433.007
2025-11-26 18:17:15.867884 INFO::Fitting model to feature number 478, semibin_SRR23364212.64
2025-11-26 18:17:15.894528 INFO::Fitting model to feature number 479, maxbin_SRR16554654.005
2025-11-26 18:17:15.919343 INFO::Fitting model to feature number 480, semibin_ERR12405969.55
2025-11-26 18:17:15.944332 INFO::Fitting model to feature number 481, metabat_ERR6280948.5
2025-11-26 18:17:15.969637 INFO::Fitting model to feature number 482, metabat_ERR6230326.9
2025-11-26 18:17:15.994915 INFO::Fitting model to feature number 483, maxbin_SRR5930508.014
2025-11-26 18:17:16.0202 INFO::Fitting model to feature number 484, maxbin_SRR25825517.011_sub
2025-11-26 18:17:16.046253 INFO::Fitting model to feature number 485, metabat_ERR6279672.14
2025-11-26 18:17:16.07154 INFO::Fitting model to feature number 486, metabat_SRR6000940.58
2025-11-26 18:17:16.097648 INFO::Fitting model to feature number 487, maxbin_SRR8387707.009
2025-11-26 18:17:16.123272 INFO::Fitting model to feature number 488, maxbin_ERR2162217.004
2025-11-26 18:17:16.149103 INFO::Fitting model to feature number 489, metabat_SRR5930526.41
2025-11-26 18:17:16.174943 INFO::Fitting model to feature number 490, metabat_SRR11413619.35
2025-11-26 18:17:16.206997 INFO::Fitting model to feature number 491, semibin_SRR16168900.4
2025-11-26 18:17:16.234704 INFO::Fitting model to feature number 492, metabat_SRR13022316.9
2025-11-26 18:17:16.259596 INFO::Fitting model to feature number 493, metabat_SRR5930536.81_sub
2025-11-26 18:17:16.772701 INFO::Fitting model to feature number 494, metabat_ERR12406000.21
2025-11-26 18:17:16.793658 INFO::Fitting model to feature number 495, maxbin_SRR8387707.003
2025-11-26 18:17:16.817587 INFO::Fitting model to feature number 496, metabat_SRR13068834.42
2025-11-26 18:17:16.842404 INFO::Fitting model to feature number 497, metabat_SRR16554644.2
2025-11-26 18:17:16.86716 INFO::Fitting model to feature number 498, semibin_SRR6000932.49_sub
2025-11-26 18:17:16.891908 INFO::Fitting model to feature number 499, metabat_SRR11413685.13
2025-11-26 18:17:16.91692 INFO::Fitting model to feature number 500, semibin_ERR12405915.28
2025-11-26 18:17:16.941493 INFO::Fitting model to feature number 501, metabat_SRR20881985.11
2025-11-26 18:17:16.966149 INFO::Fitting model to feature number 502, metabat_SRR16168938.30
2025-11-26 18:17:16.991212 INFO::Fitting model to feature number 503, semibin_SRR11413607.11
2025-11-26 18:17:17.02481 INFO::Fitting model to feature number 504, maxbin_SRR11413653.011
2025-11-26 18:17:17.050698 INFO::Fitting model to feature number 505, semibin_SRR25825504.166
2025-11-26 18:17:17.075885 INFO::Fitting model to feature number 506, semibin_SRR5930501.30_sub
2025-11-26 18:17:17.101005 INFO::Fitting model to feature number 507, metabat_ERR12405933.44
2025-11-26 18:17:17.125838 INFO::Fitting model to feature number 508, maxbin_SRR5930517.002
2025-11-26 18:17:17.150762 INFO::Fitting model to feature number 509, metabat_ERR6264281.57_sub
2025-11-26 18:17:17.175678 INFO::Fitting model to feature number 510, maxbin_ERR6279677.001
2025-11-26 18:17:17.201488 INFO::Fitting model to feature number 511, semibin_SRR25825502.18
2025-11-26 18:17:17.227235 INFO::Fitting model to feature number 512, metabat_ERR6232524.33_sub
2025-11-26 18:17:17.252968 INFO::Fitting model to feature number 513, semibin_SRR5930503.42
2025-11-26 18:17:17.278343 INFO::Fitting model to feature number 514, metabat_ERR12406012.5
2025-11-26 18:17:17.303406 INFO::Fitting model to feature number 515, maxbin_SRR16554772.002
2025-11-26 18:17:17.328371 INFO::Fitting model to feature number 516, semibin_ERR12406012.51
2025-11-26 18:17:17.360164 INFO::Fitting model to feature number 517, semibin_SRR5930509.30
2025-11-26 18:17:17.386781 INFO::Fitting model to feature number 518, metabat_ERR12405976.3_sub
2025-11-26 18:17:17.411667 INFO::Fitting model to feature number 519, maxbin_SRR16554767.018
2025-11-26 18:17:17.437204 INFO::Fitting model to feature number 520, semibin_SRR16554784.38
2025-11-26 18:17:17.481838 INFO::Fitting model to feature number 521, metabat_SRR5930522.13_sub
2025-11-26 18:17:17.506495 INFO::Fitting model to feature number 522, metabat_SRR23364191.39_sub
2025-11-26 18:17:17.531148 INFO::Fitting model to feature number 523, metabat_ERR6281341.9
2025-11-26 18:17:17.555716 INFO::Fitting model to feature number 524, metabat_SRR23364212.36
2025-11-26 18:17:17.58074 INFO::Fitting model to feature number 525, semibin_SRR16554669.51_sub
2025-11-26 18:17:17.605741 INFO::Fitting model to feature number 526, semibin_ERR2162221.24_sub
2025-11-26 18:17:17.63055 INFO::Fitting model to feature number 527, maxbin_ERR6267712.014_sub
2025-11-26 18:17:17.655178 INFO::Fitting model to feature number 528, metabat_ERR6233695.21_sub
2025-11-26 18:17:17.684742 INFO::Fitting model to feature number 529, semibin_SRR13068825.10
2025-11-26 18:17:17.715398 INFO::Fitting model to feature number 530, semibin_SRR13022261.21
2025-11-26 18:17:17.741569 INFO::Fitting model to feature number 531, metabat_SRR13022461.7
2025-11-26 18:17:17.765965 INFO::Fitting model to feature number 532, metabat_SRR16554779.24
2025-11-26 18:17:17.792262 INFO::Fitting model to feature number 533, semibin_SRR5930498.24
2025-11-26 18:17:17.817504 INFO::Fitting model to feature number 534, metabat_SRR16554703.42
2025-11-26 18:17:17.842056 INFO::Fitting model to feature number 535, maxbin_ERR6264280.016_sub
2025-11-26 18:17:17.867321 INFO::Fitting model to feature number 536, metabat_ERR12405981.6
2025-11-26 18:17:17.892727 INFO::Fitting model to feature number 537, semibin_SRR5930502.40
2025-11-26 18:17:17.917778 INFO::Fitting model to feature number 538, metabat_SRR23364239.1
2025-11-26 18:17:17.943135 INFO::Fitting model to feature number 539, semibin_SRR16554789.32
2025-11-26 18:17:17.968298 INFO::Fitting model to feature number 540, semibin_SRR5930501.70
2025-11-26 18:17:17.995728 INFO::Fitting model to feature number 541, metabat_SRR16554638.10
2025-11-26 18:17:18.025477 INFO::Fitting model to feature number 542, metabat_SRR6000905.24
2025-11-26 18:17:18.050867 INFO::Fitting model to feature number 543, maxbin_SRR6000895.005
2025-11-26 18:17:18.076079 INFO::Fitting model to feature number 544, semibin_SRR23364199.26
2025-11-26 18:17:18.101236 INFO::Fitting model to feature number 545, semibin_ERR6279650.30
2025-11-26 18:17:18.126291 INFO::Fitting model to feature number 546, semibin_SRR8387712.32
2025-11-26 18:17:18.170363 INFO::Fitting model to feature number 547, semibin_SRR11413613.11
2025-11-26 18:17:18.194993 INFO::Fitting model to feature number 548, semibin_SRR16554762.1
2025-11-26 18:17:18.21956 INFO::Fitting model to feature number 549, semibin_SRR5930498.111
2025-11-26 18:17:18.244182 INFO::Fitting model to feature number 550, metabat_ERR12405979.25
2025-11-26 18:17:18.268892 INFO::Fitting model to feature number 551, metabat_ERR6275652.12_sub
2025-11-26 18:17:18.293758 INFO::Fitting model to feature number 552, semibin_SRR25825507.51_sub
2025-11-26 18:17:18.32195 INFO::Fitting model to feature number 553, semibin_SRR16554736.23
2025-11-26 18:17:18.351545 INFO::Fitting model to feature number 554, semibin_SRR25825495.1_sub
2025-11-26 18:17:18.376915 INFO::Fitting model to feature number 555, maxbin_SRR16554722.014
2025-11-26 18:17:18.403986 INFO::Fitting model to feature number 556, maxbin_SRR16554753.014
2025-11-26 18:17:18.430249 INFO::Fitting model to feature number 557, semibin_SRR5930504.118_sub
2025-11-26 18:17:18.45637 INFO::Fitting model to feature number 558, metabat_SRR20881986.45
2025-11-26 18:17:18.482223 INFO::Fitting model to feature number 559, maxbin_SRR13022461.002
2025-11-26 18:17:18.507334 INFO::Fitting model to feature number 560, semibin_SRR5930531.66
2025-11-26 18:17:18.532003 INFO::Fitting model to feature number 561, metabat_SRR11413652.31
2025-11-26 18:17:18.556504 INFO::Fitting model to feature number 562, metabat_SRR16554785.19
2025-11-26 18:17:18.582123 INFO::Fitting model to feature number 563, metabat_ERR12405955.34
2025-11-26 18:17:18.607451 INFO::Fitting model to feature number 564, maxbin_SRR5930505.015_sub
2025-11-26 18:17:18.632463 INFO::Fitting model to feature number 565, metabat_SRR8387710.29
2025-11-26 18:17:18.664421 INFO::Fitting model to feature number 566, metabat_SRR6000895.57
2025-11-26 18:17:18.690841 INFO::Fitting model to feature number 567, metabat_SRR11413613.3
2025-11-26 18:17:18.716156 INFO::Fitting model to feature number 568, metabat_ERR12405965.20
2025-11-26 18:17:18.740899 INFO::Fitting model to feature number 569, semibin_ERR12405995.13
2025-11-26 18:17:18.765851 INFO::Fitting model to feature number 570, semibin_SRR23364198.20
2025-11-26 18:17:18.790666 INFO::Fitting model to feature number 571, maxbin_ERR12405931.013
2025-11-26 18:17:18.815666 INFO::Fitting model to feature number 572, metabat_SRR5930532.34_sub
2025-11-26 18:17:18.840768 INFO::Fitting model to feature number 573, maxbin_ERR6233695.024_sub
2025-11-26 18:17:18.883985 INFO::Fitting model to feature number 574, semibin_SRR20881985.46_sub
2025-11-26 18:17:18.908762 INFO::Fitting model to feature number 575, maxbin_SRR11413681.013
2025-11-26 18:17:18.933339 INFO::Fitting model to feature number 576, semibin_SRR23364229.5
2025-11-26 18:17:18.957823 INFO::Fitting model to feature number 577, semibin_SRR5930527.64
2025-11-26 18:17:18.986808 INFO::Fitting model to feature number 578, semibin_SRR5930529.122
2025-11-26 18:17:19.014579 INFO::Fitting model to feature number 579, metabat_ERR6275679.20
2025-11-26 18:17:19.041926 INFO::Fitting model to feature number 580, metabat_ERR6281944.25
2025-11-26 18:17:19.066755 INFO::Fitting model to feature number 581, maxbin_SRR8387679.008
2025-11-26 18:17:19.094882 INFO::Fitting model to feature number 582, semibin_SRR13068849.26
2025-11-26 18:17:19.122649 INFO::Fitting model to feature number 583, semibin_ERR6275674.65
2025-11-26 18:17:19.150878 INFO::Fitting model to feature number 584, metabat_ERR12405922.10_sub
2025-11-26 18:17:19.176632 INFO::Fitting model to feature number 585, metabat_ERR6281941.15
2025-11-26 18:17:19.202871 INFO::Fitting model to feature number 586, metabat_ERR12405947.12_sub
2025-11-26 18:17:19.228615 INFO::Fitting model to feature number 587, maxbin_SRR6000920.039
2025-11-26 18:17:19.254746 INFO::Fitting model to feature number 588, metabat_SRR13068828.25
2025-11-26 18:17:19.280119 INFO::Fitting model to feature number 589, metabat_SRR16554754.14_sub
2025-11-26 18:17:19.306461 INFO::Fitting model to feature number 590, metabat_SRR13068843.21
2025-11-26 18:17:19.33667 INFO::Fitting model to feature number 591, metabat_SRR16554763.38
2025-11-26 18:17:19.362799 INFO::Fitting model to feature number 592, semibin_SRR13068840.28
2025-11-26 18:17:19.387705 INFO::Fitting model to feature number 593, semibin_SRR8387712.8_sub
2025-11-26 18:17:19.412282 INFO::Fitting model to feature number 594, semibin_SRR16554652.24
2025-11-26 18:17:19.437248 INFO::Fitting model to feature number 595, maxbin_SRR5930507.021
2025-11-26 18:17:19.461373 INFO::Fitting model to feature number 596, metabat_SRR13068849.40
2025-11-26 18:17:19.486012 INFO::Fitting model to feature number 597, semibin_SRR5930507.17_sub
2025-11-26 18:17:19.51087 INFO::Fitting model to feature number 598, metabat_SRR5930519.59
2025-11-26 18:17:19.535823 INFO::Fitting model to feature number 599, metabat_SRR11413689.27
2025-11-26 18:17:19.578889 INFO::Fitting model to feature number 600, metabat_SRR20881983.26_sub
2025-11-26 18:17:19.603247 INFO::Fitting model to feature number 601, metabat_SRR6000890.18
2025-11-26 18:17:19.629364 INFO::Fitting model to feature number 602, semibin_ERR12405997.136
2025-11-26 18:17:19.660058 INFO::Fitting model to feature number 603, semibin_SRR23364199.41
2025-11-26 18:17:19.686612 INFO::Fitting model to feature number 604, metabat_SRR16168984.49
2025-11-26 18:17:19.711631 INFO::Fitting model to feature number 605, metabat_ERR12405967.40_sub
2025-11-26 18:17:19.736992 INFO::Fitting model to feature number 606, metabat_SRR16554671.17_sub
2025-11-26 18:17:19.761459 INFO::Fitting model to feature number 607, semibin_SRR16554763.40_sub
2025-11-26 18:17:19.786132 INFO::Fitting model to feature number 608, metabat_ERR12405924.12
2025-11-26 18:17:19.812452 INFO::Fitting model to feature number 609, semibin_SRR5930528.277
2025-11-26 18:17:19.838227 INFO::Fitting model to feature number 610, metabat_ERR12405976.51
2025-11-26 18:17:19.864082 INFO::Fitting model to feature number 611, maxbin_SRR16168969.015
2025-11-26 18:17:19.889624 INFO::Fitting model to feature number 612, metabat_SRR16554773.16
2025-11-26 18:17:19.914777 INFO::Fitting model to feature number 613, metabat_SRR6000893.6
2025-11-26 18:17:19.940109 INFO::Fitting model to feature number 614, maxbin_SRR13022456.004
2025-11-26 18:17:19.972338 INFO::Fitting model to feature number 615, maxbin_ERR2162201.001
2025-11-26 18:17:19.998516 INFO::Fitting model to feature number 616, semibin_SRR16554692.37
2025-11-26 18:17:20.02849 INFO::Fitting model to feature number 617, maxbin_SRR16168926.011
2025-11-26 18:17:20.056334 INFO::Fitting model to feature number 618, metabat_SRR16554660.22
2025-11-26 18:17:20.084306 INFO::Fitting model to feature number 619, maxbin_ERR6282137.011_sub
2025-11-26 18:17:20.112178 INFO::Fitting model to feature number 620, maxbin_SRR16554667.020
2025-11-26 18:17:20.137315 INFO::Fitting model to feature number 621, semibin_ERR2162202.30
2025-11-26 18:17:20.16246 INFO::Fitting model to feature number 622, metabat_SRR11413684.1
2025-11-26 18:17:20.187041 INFO::Fitting model to feature number 623, maxbin_SRR5930508.009
2025-11-26 18:17:20.211589 INFO::Fitting model to feature number 624, maxbin_SRR16554666.010_sub
2025-11-26 18:17:20.236766 INFO::Fitting model to feature number 625, metabat_SRR16554625.19
2025-11-26 18:17:20.261479 INFO::Fitting model to feature number 626, metabat_SRR16554702.8
2025-11-26 18:17:20.313038 INFO::Fitting model to feature number 627, semibin_SRR13022319.17
2025-11-26 18:17:20.338397 INFO::Fitting model to feature number 628, maxbin_SRR16554654.015
2025-11-26 18:17:20.363405 INFO::Fitting model to feature number 629, metabat_ERR2162221.27
2025-11-26 18:17:20.387952 INFO::Fitting model to feature number 630, metabat_SRR6000877.22
2025-11-26 18:17:20.412433 INFO::Fitting model to feature number 631, semibin_ERR6279654.38
2025-11-26 18:17:20.436841 INFO::Fitting model to feature number 632, metabat_SRR8387681.33_sub
2025-11-26 18:17:20.461306 INFO::Fitting model to feature number 633, semibin_SRR16554736.59
2025-11-26 18:17:20.485595 INFO::Fitting model to feature number 634, metabat_SRR20881986.23
2025-11-26 18:17:20.509498 INFO::Fitting model to feature number 635, semibin_SRR20881984.28
2025-11-26 18:17:20.534267 INFO::Fitting model to feature number 636, semibin_SRR20881984.48
2025-11-26 18:17:20.559072 INFO::Fitting model to feature number 637, semibin_ERR12405985.19
2025-11-26 18:17:20.584057 INFO::Fitting model to feature number 638, semibin_ERR12405959.88
2025-11-26 18:17:20.615421 INFO::Fitting model to feature number 639, maxbin_SRR8387683.016_sub
2025-11-26 18:17:20.642578 INFO::Fitting model to feature number 640, maxbin_SRR11413645.020_sub
2025-11-26 18:17:20.667243 INFO::Fitting model to feature number 641, maxbin_SRR23364183.008
2025-11-26 18:17:20.692221 INFO::Fitting model to feature number 642, semibin_SRR5930520.142
2025-11-26 18:17:20.716788 INFO::Fitting model to feature number 643, metabat_ERR6279648.28_sub
2025-11-26 18:17:20.745153 INFO::Fitting model to feature number 644, semibin_SRR16554627.34
2025-11-26 18:17:20.776807 INFO::Fitting model to feature number 645, semibin_SRR16168930.38
2025-11-26 18:17:20.806334 INFO::Fitting model to feature number 646, semibin_SRR16554693.10
2025-11-26 18:17:20.833621 INFO::Fitting model to feature number 647, semibin_ERR12405963.13
2025-11-26 18:17:20.860689 INFO::Fitting model to feature number 648, metabat_SRR16554780.25
2025-11-26 18:17:20.938874 INFO::Fitting model to feature number 649, metabat_ERR12405966.18
2025-11-26 18:17:20.969337 INFO::Fitting model to feature number 650, semibin_SRR5930522.30_sub
2025-11-26 18:17:21.002986 INFO::Fitting model to feature number 651, metabat_SRR16554697.2
2025-11-26 18:17:21.033725 INFO::Fitting model to feature number 652, metabat_SRR16554652.18
2025-11-26 18:17:21.087666 INFO::Fitting model to feature number 653, semibin_SRR16554656.6
2025-11-26 18:17:21.114763 INFO::Fitting model to feature number 654, maxbin_SRR11413608.019_sub
2025-11-26 18:17:21.140721 INFO::Fitting model to feature number 655, maxbin_ERR2162203.009_sub
2025-11-26 18:17:21.166829 INFO::Fitting model to feature number 656, semibin_SRR23364171.89
2025-11-26 18:17:21.192036 INFO::Fitting model to feature number 657, metabat_SRR11413657.18
2025-11-26 18:17:21.218554 INFO::Fitting model to feature number 658, metabat_SRR5930497.69
2025-11-26 18:17:21.243876 INFO::Fitting model to feature number 659, semibin_SRR20881984.27
2025-11-26 18:17:21.270357 INFO::Fitting model to feature number 660, semibin_SRR5930532.101_sub
2025-11-26 18:17:21.331882 INFO::Fitting model to feature number 661, semibin_ERR6275667.19
2025-11-26 18:17:21.360325 INFO::Fitting model to feature number 662, semibin_SRR11413679.3
2025-11-26 18:17:21.387469 INFO::Fitting model to feature number 663, maxbin_SRR11413615.014
2025-11-26 18:17:21.415044 INFO::Fitting model to feature number 664, semibin_SRR6000900.6
2025-11-26 18:17:21.442551 INFO::Fitting model to feature number 665, semibin_SRR13068817.20
2025-11-26 18:17:21.469363 INFO::Fitting model to feature number 666, semibin_SRR23364237.9
2025-11-26 18:17:21.495754 INFO::Fitting model to feature number 667, semibin_ERR12405928.36_sub
2025-11-26 18:17:21.522962 INFO::Fitting model to feature number 668, semibin_ERR6281340.57
2025-11-26 18:17:21.548324 INFO::Fitting model to feature number 669, metabat_SRR5930533.11
2025-11-26 18:17:21.575939 INFO::Fitting model to feature number 670, maxbin_SRR16168909.004_sub
2025-11-26 18:17:21.602618 INFO::Fitting model to feature number 671, semibin_SRR5930516.27_sub
2025-11-26 18:17:21.629475 INFO::Fitting model to feature number 672, metabat_SRR11413611.7
2025-11-26 18:17:21.655334 INFO::Fitting model to feature number 673, metabat_ERR6275669.37
2025-11-26 18:17:21.681595 INFO::Fitting model to feature number 674, semibin_ERR2162215.9
2025-11-26 18:17:21.709984 INFO::Fitting model to feature number 675, maxbin_SRR11413646.006_sub
2025-11-26 18:17:21.74211 INFO::Fitting model to feature number 676, maxbin_SRR23364206.033_sub
2025-11-26 18:17:21.76984 INFO::Fitting model to feature number 677, maxbin_SRR11413688.023_sub
2025-11-26 18:17:21.797459 INFO::Fitting model to feature number 678, semibin_ERR12405972.8
2025-11-26 18:17:21.845353 INFO::Fitting model to feature number 679, metabat_SRR5930494.40_sub
2025-11-26 18:17:21.870914 INFO::Fitting model to feature number 680, metabat_SRR16554706.13
2025-11-26 18:17:21.895968 INFO::Fitting model to feature number 681, maxbin_SRR23364202.021
2025-11-26 18:17:21.921598 INFO::Fitting model to feature number 682, metabat_SRR5930527.48
2025-11-26 18:17:21.947185 INFO::Fitting model to feature number 683, semibin_SRR20881977.110
2025-11-26 18:17:21.973615 INFO::Fitting model to feature number 684, semibin_SRR16554696.25
2025-11-26 18:17:21.99868 INFO::Fitting model to feature number 685, metabat_SRR16168902.18
2025-11-26 18:17:22.025651 INFO::Fitting model to feature number 686, metabat_ERR6239139.44
2025-11-26 18:17:22.058925 INFO::Fitting model to feature number 687, maxbin_SRR8387683.026_sub
2025-11-26 18:17:22.087003 INFO::Fitting model to feature number 688, metabat_SRR11413649.18
2025-11-26 18:17:22.117752 INFO::Fitting model to feature number 689, semibin_SRR16554666.90
2025-11-26 18:17:22.144809 INFO::Fitting model to feature number 690, maxbin_SRR16554651.021_sub
2025-11-26 18:17:22.173261 INFO::Fitting model to feature number 691, metabat_SRR16554626.8
2025-11-26 18:17:22.201725 INFO::Fitting model to feature number 692, semibin_SRR5930504.156_sub
2025-11-26 18:17:22.229402 INFO::Fitting model to feature number 693, semibin_ERR12405910.22
2025-11-26 18:17:22.256101 INFO::Fitting model to feature number 694, metabat_SRR11413607.10
2025-11-26 18:17:22.286568 INFO::Fitting model to feature number 695, metabat_SRR16554760.38
2025-11-26 18:17:22.314359 INFO::Fitting model to feature number 696, maxbin_SRR16168929.017
2025-11-26 18:17:22.343637 INFO::Fitting model to feature number 697, metabat_SRR25825515.13
2025-11-26 18:17:22.380259 INFO::Fitting model to feature number 698, semibin_SRR5930505.112
2025-11-26 18:17:22.418172 INFO::Fitting model to feature number 699, metabat_SRR11413618.6_sub
2025-11-26 18:17:22.445454 INFO::Fitting model to feature number 700, semibin_SRR5930521.13
2025-11-26 18:17:22.472166 INFO::Fitting model to feature number 701, semibin_ERR12405959.9
2025-11-26 18:17:22.498616 INFO::Fitting model to feature number 702, semibin_SRR6000902.21
2025-11-26 18:17:22.525304 INFO::Fitting model to feature number 703, semibin_ERR6275661.83
2025-11-26 18:17:22.551008 INFO::Fitting model to feature number 704, semibin_SRR5930519.20
2025-11-26 18:17:22.575668 INFO::Fitting model to feature number 705, maxbin_ERR12405985.002_sub
2025-11-26 18:17:22.62449 INFO::Fitting model to feature number 706, metabat_SRR5930506.22
2025-11-26 18:17:22.652282 INFO::Fitting model to feature number 707, semibin_ERR12405947.51
2025-11-26 18:17:22.692008 INFO::Fitting model to feature number 708, semibin_SRR5930505.26
2025-11-26 18:17:22.718735 INFO::Fitting model to feature number 709, semibin_SRR11413652.34
2025-11-26 18:17:22.750499 INFO::Fitting model to feature number 710, semibin_SRR5930529.25
2025-11-26 18:17:22.778401 INFO::Fitting model to feature number 711, semibin_SRR16554712.24
2025-11-26 18:17:22.806114 INFO::Fitting model to feature number 712, metabat_SRR11413610.43_sub
2025-11-26 18:17:22.832944 INFO::Fitting model to feature number 713, semibin_SRR11413656.47
2025-11-26 18:17:22.859225 INFO::Fitting model to feature number 714, semibin_SRR13068830.16
2025-11-26 18:17:22.885877 INFO::Fitting model to feature number 715, maxbin_ERR6233695.025_sub
2025-11-26 18:17:22.912982 INFO::Fitting model to feature number 716, semibin_SRR5930494.170
2025-11-26 18:17:22.938491 INFO::Fitting model to feature number 717, maxbin_SRR16554735.011
2025-11-26 18:17:22.966118 INFO::Fitting model to feature number 718, semibin_SRR16554702.69
2025-11-26 18:17:22.996319 INFO::Fitting model to feature number 719, semibin_SRR8387681.3
2025-11-26 18:17:23.026789 INFO::Fitting model to feature number 720, metabat_SRR13022394.10
2025-11-26 18:17:23.055899 INFO::Fitting model to feature number 721, semibin_SRR16554632.68
2025-11-26 18:17:23.082758 INFO::Fitting model to feature number 722, semibin_SRR16554652.37
2025-11-26 18:17:23.110722 INFO::Fitting model to feature number 723, metabat_SRR11413614.19
2025-11-26 18:17:23.138093 INFO::Fitting model to feature number 724, semibin_SRR23364207.32
2025-11-26 18:17:23.164703 INFO::Fitting model to feature number 725, semibin_SRR23364192.60
2025-11-26 18:17:23.191248 INFO::Fitting model to feature number 726, maxbin_ERR12405964.003
2025-11-26 18:17:23.217408 INFO::Fitting model to feature number 727, metabat_SRR6000949.15_sub
2025-11-26 18:17:23.244675 INFO::Fitting model to feature number 728, metabat_ERR2162221.41
2025-11-26 18:17:23.27395 INFO::Fitting model to feature number 729, maxbin_ERR12405970.007
2025-11-26 18:17:23.300104 INFO::Fitting model to feature number 730, metabat_SRR5930503.2
2025-11-26 18:17:23.329628 INFO::Fitting model to feature number 731, metabat_SRR25825512.35_sub
2025-11-26 18:17:23.380246 INFO::Fitting model to feature number 732, metabat_SRR16554625.18
2025-11-26 18:17:23.406191 INFO::Fitting model to feature number 733, semibin_SRR6000921.66
2025-11-26 18:17:23.432807 INFO::Fitting model to feature number 734, metabat_ERR12405979.29_sub
2025-11-26 18:17:23.459262 INFO::Fitting model to feature number 735, metabat_SRR20881979.25
2025-11-26 18:17:23.484803 INFO::Fitting model to feature number 736, metabat_ERR12405912.60_sub
2025-11-26 18:17:23.511031 INFO::Fitting model to feature number 737, metabat_SRR5930511.14
2025-11-26 18:17:23.537991 INFO::Fitting model to feature number 738, metabat_SRR25825512.4
2025-11-26 18:17:23.563772 INFO::Fitting model to feature number 739, metabat_SRR11413656.7
2025-11-26 18:17:23.58972 INFO::Fitting model to feature number 740, semibin_ERR6264281.17
2025-11-26 18:17:23.615754 INFO::Fitting model to feature number 741, semibin_SRR25825511.42
2025-11-26 18:17:23.641649 INFO::Fitting model to feature number 742, semibin_SRR25825497.63
2025-11-26 18:17:23.672612 INFO::Fitting model to feature number 743, metabat_ERR6281000.20
2025-11-26 18:17:23.700686 INFO::Fitting model to feature number 744, metabat_SRR16554694.1
2025-11-26 18:17:23.72598 INFO::Fitting model to feature number 745, semibin_ERR6279648.9_sub
2025-11-26 18:17:23.750391 INFO::Fitting model to feature number 746, metabat_ERR12405972.12
2025-11-26 18:17:23.774996 INFO::Fitting model to feature number 747, metabat_SRR16554696.40
2025-11-26 18:17:23.799515 INFO::Fitting model to feature number 748, semibin_ERR6279664.27
2025-11-26 18:17:23.824786 INFO::Fitting model to feature number 749, semibin_ERR2162212.41
2025-11-26 18:17:23.849939 INFO::Fitting model to feature number 750, metabat_SRR20881983.15_sub
2025-11-26 18:17:23.874921 INFO::Fitting model to feature number 751, metabat_SRR8387677.1_sub
2025-11-26 18:17:23.900037 INFO::Fitting model to feature number 752, metabat_ERR12405915.37
2025-11-26 18:17:23.924749 INFO::Fitting model to feature number 753, semibin_SRR6000896.39
2025-11-26 18:17:23.954802 INFO::Fitting model to feature number 754, metabat_SRR5930498.104
2025-11-26 18:17:23.98479 INFO::Fitting model to feature number 755, maxbin_SRR6000949.071
2025-11-26 18:17:24.011326 INFO::Fitting model to feature number 756, maxbin_SRR16554721.036
2025-11-26 18:17:24.037204 INFO::Fitting model to feature number 757, maxbin_ERR12406001.019
2025-11-26 18:17:24.06231 INFO::Fitting model to feature number 758, metabat_SRR5930508.66
2025-11-26 18:17:24.106502 INFO::Fitting model to feature number 759, metabat_SRR25825496.40
2025-11-26 18:17:24.132011 INFO::Fitting model to feature number 760, maxbin_ERR2162220.003
2025-11-26 18:17:24.156787 INFO::Fitting model to feature number 761, metabat_ERR2162206.17
2025-11-26 18:17:24.181146 INFO::Fitting model to feature number 762, metabat_ERR12405944.28_sub
2025-11-26 18:17:24.205935 INFO::Fitting model to feature number 763, semibin_SRR13068826.50
2025-11-26 18:17:24.231388 INFO::Fitting model to feature number 764, maxbin_ERR12405967.017
2025-11-26 18:17:24.256407 INFO::Fitting model to feature number 765, semibin_ERR12405955.92
2025-11-26 18:17:24.28177 INFO::Fitting model to feature number 766, semibin_SRR5930511.23
2025-11-26 18:17:24.320592 INFO::Fitting model to feature number 767, metabat_SRR25825494.29
2025-11-26 18:17:24.355402 INFO::Fitting model to feature number 768, maxbin_SRR16554715.022_sub
2025-11-26 18:17:24.380951 INFO::Fitting model to feature number 769, semibin_SRR5930503.199
2025-11-26 18:17:24.407537 INFO::Fitting model to feature number 770, maxbin_ERR2162201.005
2025-11-26 18:17:24.432965 INFO::Fitting model to feature number 771, maxbin_ERR12405926.036
2025-11-26 18:17:24.458379 INFO::Fitting model to feature number 772, metabat_ERR12405911.26
2025-11-26 18:17:24.494719 INFO::Fitting model to feature number 773, semibin_SRR6000920.16
2025-11-26 18:17:24.526139 INFO::Fitting model to feature number 774, metabat_SRR16554733.8
2025-11-26 18:17:24.555108 INFO::Fitting model to feature number 775, metabat_SRR11413608.104_sub
2025-11-26 18:17:24.587779 INFO::Fitting model to feature number 776, maxbin_SRR16554789.004
2025-11-26 18:17:24.623624 INFO::Fitting model to feature number 777, metabat_SRR13022375.2
2025-11-26 18:17:24.667277 INFO::Fitting model to feature number 778, metabat_SRR13068837.8
2025-11-26 18:17:24.69798 INFO::Fitting model to feature number 779, semibin_ERR12406004.40
2025-11-26 18:17:24.728402 INFO::Fitting model to feature number 780, metabat_SRR16554707.26
2025-11-26 18:17:24.757099 INFO::Fitting model to feature number 781, maxbin_SRR5930494.015_sub
2025-11-26 18:17:24.785151 INFO::Fitting model to feature number 782, metabat_ERR12405920.11_sub
2025-11-26 18:17:24.812572 INFO::Fitting model to feature number 783, semibin_SRR5930527.97
2025-11-26 18:17:24.842612 INFO::Fitting model to feature number 784, metabat_ERR12406003.18
2025-11-26 18:17:24.894263 INFO::Fitting model to feature number 785, semibin_SRR23364193.49_sub
2025-11-26 18:17:24.921179 INFO::Fitting model to feature number 786, metabat_SRR5930506.44_sub
2025-11-26 18:17:24.957822 INFO::Fitting model to feature number 787, semibin_SRR23364199.59
2025-11-26 18:17:24.989025 INFO::Fitting model to feature number 788, metabat_ERR2162221.34
2025-11-26 18:17:25.017578 INFO::Fitting model to feature number 789, metabat_ERR2162207.6
2025-11-26 18:17:25.047565 INFO::Fitting model to feature number 790, semibin_SRR23364227.47
2025-11-26 18:17:25.07931 INFO::Fitting model to feature number 791, metabat_SRR16554726.23
2025-11-26 18:17:25.109006 INFO::Fitting model to feature number 792, metabat_SRR11413645.3
2025-11-26 18:17:25.140643 INFO::Fitting model to feature number 793, semibin_ERR12405974.73
2025-11-26 18:17:25.17388 INFO::Fitting model to feature number 794, maxbin_SRR20881976.003
2025-11-26 18:17:25.208795 INFO::Fitting model to feature number 795, metabat_ERR6282383.6_sub
2025-11-26 18:17:25.2395 INFO::Fitting model to feature number 796, semibin_SRR13068840.58
2025-11-26 18:17:25.277177 INFO::Fitting model to feature number 797, metabat_SRR16554627.12
2025-11-26 18:17:25.310639 INFO::Fitting model to feature number 798, semibin_SRR13022432.11
2025-11-26 18:17:25.363122 INFO::Fitting model to feature number 799, semibin_SRR5930532.139
2025-11-26 18:17:25.401168 INFO::Fitting model to feature number 800, semibin_SRR23364230.133
2025-11-26 18:17:25.436712 INFO::Fitting model to feature number 801, metabat_SRR11413657.82
2025-11-26 18:17:25.474584 INFO::Fitting model to feature number 802, metabat_SRR25825502.19_sub
2025-11-26 18:17:25.509846 INFO::Fitting model to feature number 803, semibin_ERR2162224.69
2025-11-26 18:17:25.545726 INFO::Fitting model to feature number 804, metabat_SRR16554660.12
2025-11-26 18:17:25.579913 INFO::Fitting model to feature number 805, metabat_SRR16554703.48_sub
2025-11-26 18:17:25.612262 INFO::Fitting model to feature number 806, metabat_SRR8387712.29
2025-11-26 18:17:25.644214 INFO::Fitting model to feature number 807, metabat_ERR12406003.42
2025-11-26 18:17:25.676141 INFO::Fitting model to feature number 808, semibin_SRR16554660.75
2025-11-26 18:17:25.714857 INFO::Fitting model to feature number 809, semibin_SRR13022392.16
2025-11-26 18:17:25.745838 INFO::Fitting model to feature number 810, semibin_ERR6279678.42
2025-11-26 18:17:25.782222 INFO::Fitting model to feature number 811, semibin_SRR5930529.60
2025-11-26 18:17:25.84066 INFO::Fitting model to feature number 812, metabat_SRR23364187.17_sub
2025-11-26 18:17:25.871347 INFO::Fitting model to feature number 813, semibin_SRR11413678.27
2025-11-26 18:17:25.905815 INFO::Fitting model to feature number 814, semibin_SRR13068850.87
2025-11-26 18:17:25.937344 INFO::Fitting model to feature number 815, metabat_SRR5930528.60
2025-11-26 18:17:25.968183 INFO::Fitting model to feature number 816, metabat_SRR16168976.16
2025-11-26 18:17:25.999446 INFO::Fitting model to feature number 817, metabat_SRR25825510.42_sub
2025-11-26 18:17:26.030118 INFO::Fitting model to feature number 818, metabat_SRR25825496.19
2025-11-26 18:17:26.058917 INFO::Fitting model to feature number 819, metabat_ERR12405912.7
2025-11-26 18:17:26.093469 INFO::Fitting model to feature number 820, semibin_SRR16554703.88
2025-11-26 18:17:26.1243 INFO::Fitting model to feature number 821, semibin_SRR8387659.60
2025-11-26 18:17:26.154006 INFO::Fitting model to feature number 822, semibin_ERR2162215.11
2025-11-26 18:17:26.182498 INFO::Fitting model to feature number 823, semibin_SRR16554757.33
2025-11-26 18:17:26.211993 INFO::Fitting model to feature number 824, semibin_ERR12405979.55
2025-11-26 18:17:26.241331 INFO::Fitting model to feature number 825, semibin_SRR11413619.16
2025-11-26 18:17:26.269081 INFO::Fitting model to feature number 826, metabat_SRR5930531.61
2025-11-26 18:17:26.296553 INFO::Fitting model to feature number 827, metabat_SRR16168938.24_sub
2025-11-26 18:17:26.32483 INFO::Fitting model to feature number 828, metabat_SRR16554712.21
2025-11-26 18:17:26.354378 INFO::Fitting model to feature number 829, metabat_ERR12405916.32
2025-11-26 18:17:26.382842 INFO::Fitting model to feature number 830, metabat_SRR11413607.56
2025-11-26 18:17:26.409773 INFO::Fitting model to feature number 831, metabat_ERR2162202.27
2025-11-26 18:17:26.446515 INFO::Fitting model to feature number 832, maxbin_SRR13068829.001
2025-11-26 18:17:26.478054 INFO::Fitting model to feature number 833, metabat_ERR2162200.21
2025-11-26 18:17:26.50553 INFO::Fitting model to feature number 834, semibin_SRR16554712.0
2025-11-26 18:17:26.532576 INFO::Fitting model to feature number 835, semibin_ERR2162206.16
2025-11-26 18:17:26.559904 INFO::Fitting model to feature number 836, semibin_SRR11413648.175
2025-11-26 18:17:26.589764 INFO::Fitting model to feature number 837, semibin_SRR16554745.4
2025-11-26 18:17:26.646735 INFO::Fitting model to feature number 838, semibin_SRR5930499.20
2025-11-26 18:17:26.674583 INFO::Fitting model to feature number 839, maxbin_ERR6279657.062_sub
2025-11-26 18:17:26.704891 INFO::Fitting model to feature number 840, semibin_ERR2162202.34
2025-11-26 18:17:26.731479 INFO::Fitting model to feature number 841, semibin_SRR13022375.5
2025-11-26 18:17:26.765583 INFO::Fitting model to feature number 842, semibin_SRR11413649.66
2025-11-26 18:17:26.802083 INFO::Fitting model to feature number 843, metabat_SRR5930503.9_sub
2025-11-26 18:17:26.830458 INFO::Fitting model to feature number 844, metabat_SRR6000877.26
2025-11-26 18:17:26.858286 INFO::Fitting model to feature number 845, metabat_SRR25825502.66
2025-11-26 18:17:26.885508 INFO::Fitting model to feature number 846, semibin_ERR6275673.140
2025-11-26 18:17:26.915731 INFO::Fitting model to feature number 847, maxbin_ERR6254869.013
2025-11-26 18:17:26.948273 INFO::Fitting model to feature number 848, metabat_ERR6275663.46
2025-11-26 18:17:26.978946 INFO::Fitting model to feature number 849, maxbin_SRR5930533.038
2025-11-26 18:17:27.008783 INFO::Fitting model to feature number 850, maxbin_SRR16168909.008
2025-11-26 18:17:27.039413 INFO::Fitting model to feature number 851, maxbin_ERR2162221.009
2025-11-26 18:17:27.06807 INFO::Fitting model to feature number 852, semibin_ERR2162212.116
2025-11-26 18:17:27.105444 INFO::Fitting model to feature number 853, semibin_ERR6279669.86
2025-11-26 18:17:27.157804 INFO::Fitting model to feature number 854, semibin_SRR11413609.20
2025-11-26 18:17:27.197466 INFO::Fitting model to feature number 855, metabat_ERR2162221.49
2025-11-26 18:17:27.226157 INFO::Fitting model to feature number 856, semibin_ERR2162216.86
2025-11-26 18:17:27.252998 INFO::Fitting model to feature number 857, metabat_SRR11413618.74
2025-11-26 18:17:27.279191 INFO::Fitting model to feature number 858, semibin_SRR11413608.70
2025-11-26 18:17:27.305127 INFO::Fitting model to feature number 859, metabat_SRR16554702.30
2025-11-26 18:17:27.329896 INFO::Fitting model to feature number 860, semibin_SRR13068829.32
2025-11-26 18:17:27.355704 INFO::Fitting model to feature number 861, semibin_ERR6275663.49
2025-11-26 18:17:27.380784 INFO::Fitting model to feature number 862, metabat_SRR16554664.18
2025-11-26 18:17:27.40606 INFO::Fitting model to feature number 863, metabat_ERR2162221.56
2025-11-26 18:17:27.449587 INFO::Fitting model to feature number 864, metabat_ERR2162212.52
2025-11-26 18:17:27.48593 INFO::Fitting model to feature number 865, semibin_ERR2162209.4
2025-11-26 18:17:27.511338 INFO::Fitting model to feature number 866, semibin_SRR16554736.70
2025-11-26 18:17:27.536741 INFO::Fitting model to feature number 867, maxbin_SRR16168896.029
2025-11-26 18:17:27.562405 INFO::Fitting model to feature number 868, semibin_SRR23364233.61
2025-11-26 18:17:27.587363 INFO::Fitting model to feature number 869, semibin_SRR5930498.20
2025-11-26 18:17:27.611542 INFO::Fitting model to feature number 870, maxbin_SRR5930503.009
2025-11-26 18:17:27.636312 INFO::Fitting model to feature number 871, metabat_SRR11413685.29
2025-11-26 18:17:27.660787 INFO::Fitting model to feature number 872, metabat_ERR2162205.19
2025-11-26 18:17:27.685365 INFO::Fitting model to feature number 873, semibin_SRR20881974.85
2025-11-26 18:17:27.711062 INFO::Fitting model to feature number 874, semibin_ERR2162221.54
2025-11-26 18:17:27.737342 INFO::Fitting model to feature number 875, semibin_SRR23364235.6
2025-11-26 18:17:27.763054 INFO::Fitting model to feature number 876, semibin_SRR16554736.14
2025-11-26 18:17:27.798051 INFO::Fitting model to feature number 877, semibin_SRR16554703.41
2025-11-26 18:17:27.821447 INFO::Fitting model to feature number 878, semibin_ERR2162221.14
2025-11-26 18:17:27.848979 INFO::Fitting model to feature number 879, semibin_ERR6271721.5_sub
2025-11-26 18:17:27.874207 INFO::Fitting model to feature number 880, metabat_ERR6279670.47
2025-11-26 18:17:27.898423 INFO::Fitting model to feature number 881, metabat_SRR16554703.27
2025-11-26 18:17:27.924009 INFO::Fitting model to feature number 882, semibin_ERR2162221.26
2025-11-26 18:17:27.949393 INFO::Fitting model to feature number 883, metabat_SRR13068834.6
2025-11-26 18:17:27.974501 INFO::Fitting model to feature number 884, semibin_SRR23364192.96
2025-11-26 18:17:27.999394 INFO::Fitting model to feature number 885, semibin_ERR12405967.93
2025-11-26 18:17:28.023826 INFO::Fitting model to feature number 886, semibin_SRR13068829.205
2025-11-26 18:17:28.049431 INFO::Fitting model to feature number 887, maxbin_SRR23364183.002
2025-11-26 18:17:28.076043 INFO::Fitting model to feature number 888, semibin_SRR16554759.10_sub
2025-11-26 18:17:28.101386 INFO::Fitting model to feature number 889, semibin_ERR12406009.9_sub
2025-11-26 18:17:28.132959 INFO::Fitting model to feature number 890, maxbin_SRR8387659.002
2025-11-26 18:17:28.182658 INFO::Fitting model to feature number 891, semibin_ERR6280907.75
2025-11-26 18:17:28.20824 INFO::Fitting model to feature number 892, metabat_SRR5930532.5
2025-11-26 18:17:28.233 INFO::Fitting model to feature number 893, semibin_SRR11413690.63
2025-11-26 18:17:28.258154 INFO::Fitting model to feature number 894, maxbin_SRR23364229.004
2025-11-26 18:17:28.283798 INFO::Fitting model to feature number 895, semibin_SRR11413606.50
2025-11-26 18:17:28.30848 INFO::Fitting model to feature number 896, maxbin_ERR6232523.003
2025-11-26 18:17:28.333159 INFO::Fitting model to feature number 897, semibin_ERR6267712.18
2025-11-26 18:17:28.357958 INFO::Fitting model to feature number 898, semibin_SRR5930495.44
2025-11-26 18:17:28.383043 INFO::Fitting model to feature number 899, maxbin_SRR16554752.002
2025-11-26 18:17:28.408182 INFO::Fitting model to feature number 900, metabat_SRR5930498.82
2025-11-26 18:17:28.442054 INFO::Fitting model to feature number 901, semibin_SRR25825510.41_sub
2025-11-26 18:17:28.470366 INFO::Fitting model to feature number 902, semibin_ERR6279674.8
2025-11-26 18:17:28.496697 INFO::Fitting model to feature number 903, maxbin_ERR6281505.022
2025-11-26 18:17:28.522133 INFO::Fitting model to feature number 904, maxbin_ERR6279662.030
2025-11-26 18:17:28.547272 INFO::Fitting model to feature number 905, metabat_SRR16168920.1
2025-11-26 18:17:28.573432 INFO::Fitting model to feature number 906, maxbin_SRR11413648.001
2025-11-26 18:17:28.601114 INFO::Fitting model to feature number 907, metabat_ERR6279625.46
2025-11-26 18:17:28.627858 INFO::Fitting model to feature number 908, semibin_SRR6000903.13
2025-11-26 18:17:28.653581 INFO::Fitting model to feature number 909, maxbin_SRR23364204.024
2025-11-26 18:17:28.678716 INFO::Fitting model to feature number 910, metabat_SRR5930506.9_sub
2025-11-26 18:17:28.702922 INFO::Fitting model to feature number 911, metabat_ERR6243878.23_sub
2025-11-26 18:17:28.727193 INFO::Fitting model to feature number 912, metabat_SRR16168986.5
2025-11-26 18:17:28.752609 INFO::Fitting model to feature number 913, maxbin_ERR6279614.017_sub
2025-11-26 18:17:28.786116 INFO::Fitting model to feature number 914, maxbin_ERR6279679.012
2025-11-26 18:17:28.814247 INFO::Fitting model to feature number 915, semibin_ERR6279668.12
2025-11-26 18:17:28.83896 INFO::Fitting model to feature number 916, metabat_ERR6279677.48_sub
2025-11-26 18:17:28.883991 INFO::Fitting model to feature number 917, semibin_SRR16554652.75
2025-11-26 18:17:28.908626 INFO::Fitting model to feature number 918, maxbin_SRR25825517.033_sub
2025-11-26 18:17:28.933597 INFO::Fitting model to feature number 919, metabat_ERR12405950.7
2025-11-26 18:17:28.95818 INFO::Fitting model to feature number 920, metabat_SRR13068843.53_sub
2025-11-26 18:17:28.983292 INFO::Fitting model to feature number 921, maxbin_ERR6280910.023_sub
2025-11-26 18:17:29.007876 INFO::Fitting model to feature number 922, semibin_SRR11413645.40
2025-11-26 18:17:29.03236 INFO::Fitting model to feature number 923, semibin_SRR11413614.4
2025-11-26 18:17:29.056215 INFO::Fitting model to feature number 924, metabat_ERR6232458.6
2025-11-26 18:17:29.084573 INFO::Fitting model to feature number 925, semibin_SRR11413686.11
2025-11-26 18:17:29.11197 INFO::Fitting model to feature number 926, metabat_ERR6279658.3
2025-11-26 18:17:29.138252 INFO::Fitting model to feature number 927, maxbin_SRR16168920.025
2025-11-26 18:17:29.163907 INFO::Fitting model to feature number 928, metabat_SRR25825508.34_sub
2025-11-26 18:17:29.18912 INFO::Fitting model to feature number 929, semibin_ERR6279661.80
2025-11-26 18:17:29.214334 INFO::Fitting model to feature number 930, metabat_ERR12405928.49
2025-11-26 18:17:29.238925 INFO::Fitting model to feature number 931, maxbin_SRR5930498.027
2025-11-26 18:17:29.263864 INFO::Fitting model to feature number 932, semibin_SRR13022297.24
2025-11-26 18:17:29.288956 INFO::Fitting model to feature number 933, semibin_SRR5930517.113
2025-11-26 18:17:29.313692 INFO::Fitting model to feature number 934, maxbin_SRR13068814.028
2025-11-26 18:17:29.339251 INFO::Fitting model to feature number 935, maxbin_ERR6279659.009_sub
2025-11-26 18:17:29.36401 INFO::Fitting model to feature number 936, maxbin_SRR16554720.002
2025-11-26 18:17:29.389081 INFO::Fitting model to feature number 937, semibin_SRR6000900.14
2025-11-26 18:17:29.414199 INFO::Fitting model to feature number 938, metabat_ERR6279665.25
2025-11-26 18:17:29.446135 INFO::Fitting model to feature number 939, metabat_SRR16168974.17
2025-11-26 18:17:29.4714 INFO::Fitting model to feature number 940, semibin_ERR12405961.27
2025-11-26 18:17:29.500752 INFO::Fitting model to feature number 941, maxbin_ERR6281000.059
2025-11-26 18:17:29.526013 INFO::Fitting model to feature number 942, semibin_SRR5930520.79_sub
2025-11-26 18:17:29.551884 INFO::Fitting model to feature number 943, metabat_SRR6000874.22_sub
2025-11-26 18:17:29.595627 INFO::Fitting model to feature number 944, maxbin_ERR6279673.036
2025-11-26 18:17:29.621745 INFO::Fitting model to feature number 945, metabat_ERR6281500.12
2025-11-26 18:17:29.646537 INFO::Fitting model to feature number 946, metabat_SRR5930516.91
2025-11-26 18:17:29.670723 INFO::Fitting model to feature number 947, maxbin_SRR16554636.003
2025-11-26 18:17:29.695545 INFO::Fitting model to feature number 948, metabat_SRR16554652.48
2025-11-26 18:17:29.720528 INFO::Fitting model to feature number 949, metabat_ERR6275663.38
2025-11-26 18:17:29.745677 INFO::Fitting model to feature number 950, semibin_SRR11413614.13
2025-11-26 18:17:29.776839 INFO::Fitting model to feature number 951, semibin_ERR6281434.39
2025-11-26 18:17:29.803035 INFO::Fitting model to feature number 952, semibin_SRR5930532.36
2025-11-26 18:17:29.832634 INFO::Fitting model to feature number 953, metabat_SRR16168976.38
2025-11-26 18:17:29.857764 INFO::Fitting model to feature number 954, semibin_SRR6000891.14
2025-11-26 18:17:29.882707 INFO::Fitting model to feature number 955, semibin_SRR20881976.80
2025-11-26 18:17:29.910959 INFO::Fitting model to feature number 956, semibin_ERR6281448.54
2025-11-26 18:17:29.936955 INFO::Fitting model to feature number 957, maxbin_SRR11413653.009
2025-11-26 18:17:29.962367 INFO::Fitting model to feature number 958, maxbin_SRR11413690.006
2025-11-26 18:17:29.988126 INFO::Fitting model to feature number 959, metabat_SRR13068843.68
2025-11-26 18:17:30.012625 INFO::Fitting model to feature number 960, semibin_ERR6275676.56
2025-11-26 18:17:30.038671 INFO::Fitting model to feature number 961, maxbin_SRR5930515.026_sub
2025-11-26 18:17:30.063718 INFO::Fitting model to feature number 962, maxbin_SRR16168974.016_sub
2025-11-26 18:17:30.088914 INFO::Fitting model to feature number 963, maxbin_SRR5930495.007_sub
2025-11-26 18:17:30.119639 INFO::Fitting model to feature number 964, metabat_ERR6271721.58
2025-11-26 18:17:30.144368 INFO::Fitting model to feature number 965, maxbin_SRR11413687.011
2025-11-26 18:17:30.173867 INFO::Fitting model to feature number 966, metabat_SRR23364171.31
2025-11-26 18:17:30.198347 INFO::Fitting model to feature number 967, metabat_ERR6232523.10
2025-11-26 18:17:30.223028 INFO::Fitting model to feature number 968, metabat_SRR23364216.19_sub
2025-11-26 18:17:30.248383 INFO::Fitting model to feature number 969, metabat_ERR6279626.27
2025-11-26 18:17:30.292884 INFO::Fitting model to feature number 970, semibin_ERR6280910.39
2025-11-26 18:17:30.317597 INFO::Fitting model to feature number 971, maxbin_ERR6231548.005
2025-11-26 18:17:30.342447 INFO::Fitting model to feature number 972, maxbin_SRR16554788.028_sub
2025-11-26 18:17:30.367885 INFO::Fitting model to feature number 973, metabat_ERR6279664.11
2025-11-26 18:17:30.391738 INFO::Fitting model to feature number 974, semibin_SRR5930507.86
2025-11-26 18:17:30.417016 INFO::Fitting model to feature number 975, metabat_SRR16554728.6
2025-11-26 18:17:30.442188 INFO::Fitting model to feature number 976, semibin_SRR16168985.16
2025-11-26 18:17:30.478914 INFO::Fitting model to feature number 977, metabat_SRR25825497.15
2025-11-26 18:17:30.507092 INFO::Fitting model to feature number 978, semibin_ERR2162203.14
2025-11-26 18:17:30.532773 INFO::Fitting model to feature number 979, semibin_SRR11413647.21
2025-11-26 18:17:30.558293 INFO::Fitting model to feature number 980, metabat_SRR16554734.17
2025-11-26 18:17:30.583509 INFO::Fitting model to feature number 981, maxbin_SRR5930510.007_sub
2025-11-26 18:17:30.608882 INFO::Fitting model to feature number 982, semibin_SRR5930528.71
2025-11-26 18:17:30.635041 INFO::Fitting model to feature number 983, metabat_ERR12405979.31
2025-11-26 18:17:30.659935 INFO::Fitting model to feature number 984, maxbin_SRR11413617.028_sub
2025-11-26 18:17:30.685818 INFO::Fitting model to feature number 985, semibin_SRR25825497.40_sub
2025-11-26 18:17:30.711137 INFO::Fitting model to feature number 986, semibin_ERR6275681.3
2025-11-26 18:17:30.736561 INFO::Fitting model to feature number 987, semibin_SRR13022404.15
2025-11-26 18:17:30.762369 INFO::Fitting model to feature number 988, semibin_SRR13068818.12_sub
2025-11-26 18:17:30.789289 INFO::Fitting model to feature number 989, semibin_SRR6000905.76
2025-11-26 18:17:30.821716 INFO::Fitting model to feature number 990, metabat_SRR25825510.56
2025-11-26 18:17:30.850874 INFO::Fitting model to feature number 991, metabat_SRR5930516.94
2025-11-26 18:17:30.883283 INFO::Fitting model to feature number 992, metabat_SRR16554788.7
2025-11-26 18:17:30.908989 INFO::Fitting model to feature number 993, semibin_ERR6279669.82
2025-11-26 18:17:30.935602 INFO::Fitting model to feature number 994, maxbin_SRR16168918.042_sub
2025-11-26 18:17:30.960587 INFO::Fitting model to feature number 995, metabat_ERR6279654.11
2025-11-26 18:17:31.00767 INFO::Fitting model to feature number 996, metabat_ERR6279619.19_sub
2025-11-26 18:17:31.032335 INFO::Fitting model to feature number 997, metabat_ERR6275652.18
2025-11-26 18:17:31.057591 INFO::Fitting model to feature number 998, semibin_ERR12405920.42
2025-11-26 18:17:31.083894 INFO::Fitting model to feature number 999, metabat_SRR6000906.41
2025-11-26 18:17:31.109692 INFO::Fitting model to feature number 1000, semibin_SRR6000908.42_sub
2025-11-26 18:17:31.141175 INFO::Fitting model to feature number 1001, semibin_SRR25825513.40
2025-11-26 18:17:31.17472 INFO::Fitting model to feature number 1002, metabat_SRR25825505.1
2025-11-26 18:17:31.200567 INFO::Fitting model to feature number 1003, semibin_SRR16554773.62
2025-11-26 18:17:31.226059 INFO::Fitting model to feature number 1004, metabat_ERR6281000.13
2025-11-26 18:17:31.252645 INFO::Fitting model to feature number 1005, metabat_ERR6279661.17
2025-11-26 18:17:31.279808 INFO::Fitting model to feature number 1006, semibin_ERR6279673.83
2025-11-26 18:17:31.304682 INFO::Fitting model to feature number 1007, maxbin_SRR13068813.004
2025-11-26 18:17:31.329393 INFO::Fitting model to feature number 1008, metabat_ERR6279652.12
2025-11-26 18:17:31.355752 INFO::Fitting model to feature number 1009, semibin_SRR5930498.70
2025-11-26 18:17:31.382104 INFO::Fitting model to feature number 1010, semibin_SRR16554756.28
2025-11-26 18:17:31.406739 INFO::Fitting model to feature number 1011, maxbin_SRR16554767.001
2025-11-26 18:17:31.432304 INFO::Fitting model to feature number 1012, maxbin_SRR5930494.018
2025-11-26 18:17:31.457316 INFO::Fitting model to feature number 1013, metabat_SRR5930534.8_sub
2025-11-26 18:17:31.487216 INFO::Fitting model to feature number 1014, semibin_SRR16554643.19
2025-11-26 18:17:31.519955 INFO::Fitting model to feature number 1015, metabat_SRR20881981.18
2025-11-26 18:17:31.552747 INFO::Fitting model to feature number 1016, metabat_SRR16554653.16
2025-11-26 18:17:31.579282 INFO::Fitting model to feature number 1017, metabat_ERR6275678.16
2025-11-26 18:17:31.603544 INFO::Fitting model to feature number 1018, metabat_ERR6275677.54
2025-11-26 18:17:31.628264 INFO::Fitting model to feature number 1019, metabat_SRR5930509.43
2025-11-26 18:17:31.65489 INFO::Fitting model to feature number 1020, semibin_SRR20881980.162
2025-11-26 18:17:31.679927 INFO::Fitting model to feature number 1021, semibin_SRR5930536.9
2025-11-26 18:17:31.704056 INFO::Fitting model to feature number 1022, maxbin_SRR16554689.002
2025-11-26 18:17:31.748568 INFO::Fitting model to feature number 1023, maxbin_ERR12405962.006
2025-11-26 18:17:31.772768 INFO::Fitting model to feature number 1024, maxbin_ERR6232522.003
2025-11-26 18:17:31.797688 INFO::Fitting model to feature number 1025, semibin_SRR11413613.34
2025-11-26 18:17:31.83414 INFO::Fitting model to feature number 1026, semibin_ERR6273965.44_sub
2025-11-26 18:17:31.860406 INFO::Fitting model to feature number 1027, metabat_ERR6279683.9
2025-11-26 18:17:31.884446 INFO::Fitting model to feature number 1028, maxbin_SRR16168941.009_sub
2025-11-26 18:17:31.909297 INFO::Fitting model to feature number 1029, maxbin_ERR12405975.009_sub
2025-11-26 18:17:31.933969 INFO::Fitting model to feature number 1030, metabat_SRR23364213.66
2025-11-26 18:17:31.958242 INFO::Fitting model to feature number 1031, metabat_SRR16168984.8_sub
2025-11-26 18:17:31.98271 INFO::Fitting model to feature number 1032, semibin_ERR6279627.38
2025-11-26 18:17:32.007739 INFO::Fitting model to feature number 1033, metabat_SRR5930528.116
2025-11-26 18:17:32.032775 INFO::Fitting model to feature number 1034, metabat_ERR12405974.29
2025-11-26 18:17:32.057384 INFO::Fitting model to feature number 1035, semibin_ERR6279619.56
2025-11-26 18:17:32.081926 INFO::Fitting model to feature number 1036, metabat_SRR11413680.4
2025-11-26 18:17:32.10686 INFO::Fitting model to feature number 1037, semibin_SRR25825495.18
2025-11-26 18:17:32.143486 INFO::Fitting model to feature number 1038, semibin_SRR16554649.27
2025-11-26 18:17:32.169428 INFO::Fitting model to feature number 1039, semibin_ERR6279676.4
2025-11-26 18:17:32.195534 INFO::Fitting model to feature number 1040, semibin_SRR5930514.44
2025-11-26 18:17:32.220251 INFO::Fitting model to feature number 1041, semibin_ERR6232425.9
2025-11-26 18:17:32.244878 INFO::Fitting model to feature number 1042, semibin_ERR6279650.29
2025-11-26 18:17:32.269492 INFO::Fitting model to feature number 1043, metabat_ERR6281432.38
2025-11-26 18:17:32.294455 INFO::Fitting model to feature number 1044, metabat_SRR16554627.10
2025-11-26 18:17:32.318919 INFO::Fitting model to feature number 1045, maxbin_ERR6281500.022
2025-11-26 18:17:32.34331 INFO::Fitting model to feature number 1046, metabat_SRR13068841.11
2025-11-26 18:17:32.368603 INFO::Fitting model to feature number 1047, semibin_SRR5930518.8
2025-11-26 18:17:32.393483 INFO::Fitting model to feature number 1048, semibin_ERR12405915.41_sub
2025-11-26 18:17:32.472759 INFO::Fitting model to feature number 1049, maxbin_SRR5930512.005_sub
2025-11-26 18:17:32.497116 INFO::Fitting model to feature number 1050, maxbin_SRR16554760.002
2025-11-26 18:17:32.522516 INFO::Fitting model to feature number 1051, maxbin_ERR6279660.002
2025-11-26 18:17:32.545485 INFO::Fitting model to feature number 1052, semibin_SRR13068843.60_sub
2025-11-26 18:17:32.570425 INFO::Fitting model to feature number 1053, metabat_ERR6281342.23
2025-11-26 18:17:32.59554 INFO::Fitting model to feature number 1054, maxbin_ERR6279660.006
2025-11-26 18:17:32.619516 INFO::Fitting model to feature number 1055, metabat_ERR6279625.36
2025-11-26 18:17:32.644027 INFO::Fitting model to feature number 1056, metabat_SRR16168976.72
2025-11-26 18:17:32.669244 INFO::Fitting model to feature number 1057, metabat_SRR6000940.3
2025-11-26 18:17:32.69554 INFO::Fitting model to feature number 1058, semibin_SRR5930501.110_sub
2025-11-26 18:17:32.721357 INFO::Fitting model to feature number 1059, metabat_ERR6279677.5
2025-11-26 18:17:32.746092 INFO::Fitting model to feature number 1060, maxbin_SRR11413615.001
2025-11-26 18:17:32.778531 INFO::Fitting model to feature number 1061, semibin_SRR16554652.103
2025-11-26 18:17:32.805126 INFO::Fitting model to feature number 1062, semibin_SRR11413657.19
2025-11-26 18:17:32.830374 INFO::Fitting model to feature number 1063, metabat_SRR25825503.11
2025-11-26 18:17:32.855901 INFO::Fitting model to feature number 1064, semibin_SRR16554673.8
2025-11-26 18:17:32.882132 INFO::Fitting model to feature number 1065, maxbin_SRR16554751.003
2025-11-26 18:17:32.908171 INFO::Fitting model to feature number 1066, maxbin_ERR12405942.013
2025-11-26 18:17:32.935007 INFO::Fitting model to feature number 1067, metabat_ERR6279655.17_sub
2025-11-26 18:17:32.961319 INFO::Fitting model to feature number 1068, maxbin_ERR6279654.010
2025-11-26 18:17:32.987287 INFO::Fitting model to feature number 1069, metabat_ERR6279654.3_sub
2025-11-26 18:17:33.013347 INFO::Fitting model to feature number 1070, semibin_SRR5930529.2
2025-11-26 18:17:33.039914 INFO::Fitting model to feature number 1071, semibin_ERR12405928.45
2025-11-26 18:17:33.066414 INFO::Fitting model to feature number 1072, maxbin_SRR20881977.005
2025-11-26 18:17:33.099114 INFO::Fitting model to feature number 1073, metabat_ERR6248618.9
2025-11-26 18:17:33.127578 INFO::Fitting model to feature number 1074, maxbin_ERR12405949.018
2025-11-26 18:17:33.175256 INFO::Fitting model to feature number 1075, maxbin_SRR5930501.009
2025-11-26 18:17:33.205089 INFO::Fitting model to feature number 1076, semibin_SRR16554767.32
2025-11-26 18:17:33.23115 INFO::Fitting model to feature number 1077, metabat_SRR16554704.3
2025-11-26 18:17:33.257361 INFO::Fitting model to feature number 1078, metabat_SRR23364174.22
2025-11-26 18:17:33.28317 INFO::Fitting model to feature number 1079, maxbin_SRR5930514.003
2025-11-26 18:17:33.308202 INFO::Fitting model to feature number 1080, maxbin_ERR6281499.005
2025-11-26 18:17:33.332932 INFO::Fitting model to feature number 1081, metabat_SRR5930498.86
2025-11-26 18:17:33.357757 INFO::Fitting model to feature number 1082, metabat_ERR12405949.35
2025-11-26 18:17:33.382862 INFO::Fitting model to feature number 1083, semibin_SRR11413614.58
2025-11-26 18:17:33.417094 INFO::Fitting model to feature number 1084, metabat_SRR5930523.19
2025-11-26 18:17:33.443693 INFO::Fitting model to feature number 1085, maxbin_ERR6267711.006
2025-11-26 18:17:33.471211 INFO::Fitting model to feature number 1086, semibin_SRR25825500.25
2025-11-26 18:17:33.496534 INFO::Fitting model to feature number 1087, metabat_ERR6279675.42
2025-11-26 18:17:33.521729 INFO::Fitting model to feature number 1088, maxbin_SRR5930506.016_sub
2025-11-26 18:17:33.547705 INFO::Fitting model to feature number 1089, semibin_ERR6279621.6
2025-11-26 18:17:33.572915 INFO::Fitting model to feature number 1090, metabat_SRR23364223.20
2025-11-26 18:17:33.598991 INFO::Fitting model to feature number 1091, metabat_ERR6254870.14
2025-11-26 18:17:33.623612 INFO::Fitting model to feature number 1092, semibin_SRR11413618.78
2025-11-26 18:17:33.649503 INFO::Fitting model to feature number 1093, maxbin_SRR16168942.005
2025-11-26 18:17:33.674561 INFO::Fitting model to feature number 1094, semibin_SRR16168982.36
2025-11-26 18:17:33.699514 INFO::Fitting model to feature number 1095, semibin_ERR12405969.59
2025-11-26 18:17:33.723877 INFO::Fitting model to feature number 1096, semibin_SRR5930514.18
2025-11-26 18:17:33.75661 INFO::Fitting model to feature number 1097, semibin_ERR6275661.76
2025-11-26 18:17:33.788887 INFO::Fitting model to feature number 1098, maxbin_SRR16554639.004
2025-11-26 18:17:33.812953 INFO::Fitting model to feature number 1099, semibin_SRR5930528.176
2025-11-26 18:17:33.838259 INFO::Fitting model to feature number 1100, semibin_ERR12405970.54
2025-11-26 18:17:33.863613 INFO::Fitting model to feature number 1101, metabat_ERR12405940.8
2025-11-26 18:17:33.908215 INFO::Fitting model to feature number 1102, semibin_SRR5930529.29
2025-11-26 18:17:33.93323 INFO::Fitting model to feature number 1103, metabat_SRR25825496.23
2025-11-26 18:17:33.95758 INFO::Fitting model to feature number 1104, semibin_SRR5930533.29
2025-11-26 18:17:33.981271 INFO::Fitting model to feature number 1105, metabat_ERR6279682.1
2025-11-26 18:17:34.006186 INFO::Fitting model to feature number 1106, semibin_SRR16554721.63
2025-11-26 18:17:34.035472 INFO::Fitting model to feature number 1107, metabat_SRR16168974.3
2025-11-26 18:17:34.073142 INFO::Fitting model to feature number 1108, semibin_ERR12406004.33
2025-11-26 18:17:34.097845 INFO::Fitting model to feature number 1109, maxbin_SRR13022436.003
2025-11-26 18:17:34.122931 INFO::Fitting model to feature number 1110, semibin_ERR6232527.15
2025-11-26 18:17:34.147308 INFO::Fitting model to feature number 1111, semibin_SRR23364174.31
2025-11-26 18:17:34.171698 INFO::Fitting model to feature number 1112, maxbin_ERR12405949.005
2025-11-26 18:17:34.196789 INFO::Fitting model to feature number 1113, maxbin_ERR12405929.007
2025-11-26 18:17:34.221683 INFO::Fitting model to feature number 1114, semibin_ERR12405968.41
2025-11-26 18:17:34.246523 INFO::Fitting model to feature number 1115, semibin_ERR6275680.2_sub
2025-11-26 18:17:34.271851 INFO::Fitting model to feature number 1116, metabat_SRR16168940.8
2025-11-26 18:17:34.297494 INFO::Fitting model to feature number 1117, metabat_SRR5930534.33
2025-11-26 18:17:34.321669 INFO::Fitting model to feature number 1118, maxbin_SRR16554647.011_sub
2025-11-26 18:17:34.351731 INFO::Fitting model to feature number 1119, semibin_SRR16554750.10
2025-11-26 18:17:34.380119 INFO::Fitting model to feature number 1120, maxbin_SRR16554636.001
2025-11-26 18:17:34.404368 INFO::Fitting model to feature number 1121, semibin_ERR6281505.10
2025-11-26 18:17:34.429553 INFO::Fitting model to feature number 1122, maxbin_SRR16554718.005
2025-11-26 18:17:34.454843 INFO::Fitting model to feature number 1123, metabat_SRR16554756.5
2025-11-26 18:17:34.478653 INFO::Fitting model to feature number 1124, semibin_SRR11413656.22
2025-11-26 18:17:34.503577 INFO::Fitting model to feature number 1125, semibin_SRR23364225.25
2025-11-26 18:17:34.528841 INFO::Fitting model to feature number 1126, semibin_SRR16554723.44
2025-11-26 18:17:34.553481 INFO::Fitting model to feature number 1127, maxbin_ERR12405924.002
2025-11-26 18:17:34.598443 INFO::Fitting model to feature number 1128, maxbin_SRR11413649.022
2025-11-26 18:17:34.623693 INFO::Fitting model to feature number 1129, metabat_SRR16554766.13
2025-11-26 18:17:34.656923 INFO::Fitting model to feature number 1130, semibin_ERR12405971.1
2025-11-26 18:17:34.681616 INFO::Fitting model to feature number 1131, metabat_SRR23364240.2
2025-11-26 18:17:34.709475 INFO::Fitting model to feature number 1132, semibin_ERR6281677.29
2025-11-26 18:17:34.734164 INFO::Fitting model to feature number 1133, metabat_SRR16554786.23
2025-11-26 18:17:34.761133 INFO::Fitting model to feature number 1134, semibin_SRR11413654.21
2025-11-26 18:17:34.786276 INFO::Fitting model to feature number 1135, metabat_SRR25825495.14
2025-11-26 18:17:34.810314 INFO::Fitting model to feature number 1136, semibin_SRR11413683.194
2025-11-26 18:17:34.834778 INFO::Fitting model to feature number 1137, metabat_SRR25825510.12_sub
2025-11-26 18:17:34.859708 INFO::Fitting model to feature number 1138, semibin_SRR16554769.96
2025-11-26 18:17:34.884798 INFO::Fitting model to feature number 1139, maxbin_SRR23364203.002
2025-11-26 18:17:34.90879 INFO::Fitting model to feature number 1140, maxbin_SRR16168984.014_sub
2025-11-26 18:17:34.933727 INFO::Fitting model to feature number 1141, maxbin_ERR6275659.013_sub
2025-11-26 18:17:34.958324 INFO::Fitting model to feature number 1142, metabat_ERR6281434.55
2025-11-26 18:17:34.990124 INFO::Fitting model to feature number 1143, semibin_ERR6279674.62
2025-11-26 18:17:35.025139 INFO::Fitting model to feature number 1144, metabat_SRR11413654.23
2025-11-26 18:17:35.050927 INFO::Fitting model to feature number 1145, semibin_ERR6267712.36
2025-11-26 18:17:35.07683 INFO::Fitting model to feature number 1146, metabat_SRR13068816.1
2025-11-26 18:17:35.101826 INFO::Fitting model to feature number 1147, maxbin_SRR16554719.004
2025-11-26 18:17:35.126045 INFO::Fitting model to feature number 1148, maxbin_SRR8387676.006
2025-11-26 18:17:35.15139 INFO::Fitting model to feature number 1149, metabat_SRR23364191.23_sub
2025-11-26 18:17:35.176702 INFO::Fitting model to feature number 1150, semibin_ERR6275666.3
2025-11-26 18:17:35.202638 INFO::Fitting model to feature number 1151, metabat_SRR8387710.43
2025-11-26 18:17:35.227843 INFO::Fitting model to feature number 1152, metabat_ERR6281997.20
2025-11-26 18:17:35.25425 INFO::Fitting model to feature number 1153, metabat_SRR23364237.27
2025-11-26 18:17:35.291024 INFO::Fitting model to feature number 1154, semibin_SRR13068827.60
2025-11-26 18:17:35.335704 INFO::Fitting model to feature number 1155, metabat_SRR5930501.14
2025-11-26 18:17:35.360476 INFO::Fitting model to feature number 1156, semibin_ERR6275676.34
2025-11-26 18:17:35.385102 INFO::Fitting model to feature number 1157, maxbin_SRR13068845.006_sub
2025-11-26 18:17:35.410349 INFO::Fitting model to feature number 1158, semibin_SRR5930494.69
2025-11-26 18:17:35.43526 INFO::Fitting model to feature number 1159, semibin_ERR12405958.10
2025-11-26 18:17:35.458899 INFO::Fitting model to feature number 1160, metabat_SRR16554636.2
2025-11-26 18:17:35.484638 INFO::Fitting model to feature number 1161, maxbin_SRR16168975.004
2025-11-26 18:17:35.510177 INFO::Fitting model to feature number 1162, semibin_SRR25825499.74
2025-11-26 18:17:35.535505 INFO::Fitting model to feature number 1163, metabat_ERR6232458.5
2025-11-26 18:17:35.559584 INFO::Fitting model to feature number 1164, maxbin_SRR25825518.002
2025-11-26 18:17:35.59114 INFO::Fitting model to feature number 1165, metabat_ERR6281518.58_sub
2025-11-26 18:17:35.61982 INFO::Fitting model to feature number 1166, metabat_SRR13022427.3_sub
2025-11-26 18:17:35.643738 INFO::Fitting model to feature number 1167, metabat_ERR12405942.51
2025-11-26 18:17:35.670739 INFO::Fitting model to feature number 1168, semibin_SRR11413654.79
2025-11-26 18:17:35.695905 INFO::Fitting model to feature number 1169, semibin_SRR16554679.4
2025-11-26 18:17:35.721376 INFO::Fitting model to feature number 1170, semibin_ERR12405974.119
2025-11-26 18:17:35.747167 INFO::Fitting model to feature number 1171, semibin_SRR20881980.70_sub
2025-11-26 18:17:35.772651 INFO::Fitting model to feature number 1172, maxbin_ERR6279625.013_sub
2025-11-26 18:17:35.802102 INFO::Fitting model to feature number 1173, semibin_ERR12405998.4
2025-11-26 18:17:35.827031 INFO::Fitting model to feature number 1174, semibin_SRR11413614.10
2025-11-26 18:17:35.851756 INFO::Fitting model to feature number 1175, metabat_SRR20881977.30
2025-11-26 18:17:35.876676 INFO::Fitting model to feature number 1176, maxbin_ERR12405988.009
2025-11-26 18:17:35.909166 INFO::Fitting model to feature number 1177, maxbin_SRR5930509.003
2025-11-26 18:17:35.936528 INFO::Fitting model to feature number 1178, maxbin_SRR16554632.002
2025-11-26 18:17:35.966351 INFO::Fitting model to feature number 1179, semibin_SRR25825500.32
2025-11-26 18:17:35.992633 INFO::Fitting model to feature number 1180, semibin_SRR5930495.35
2025-11-26 18:17:36.039668 INFO::Fitting model to feature number 1181, metabat_ERR6279652.15_sub
2025-11-26 18:17:36.066154 INFO::Fitting model to feature number 1182, metabat_SRR16554778.4
2025-11-26 18:17:36.090702 INFO::Fitting model to feature number 1183, semibin_ERR6279669.45
2025-11-26 18:17:36.117203 INFO::Fitting model to feature number 1184, metabat_SRR16168930.22_sub
2025-11-26 18:17:36.143311 INFO::Fitting model to feature number 1185, metabat_ERR12405940.22
2025-11-26 18:17:36.169443 INFO::Fitting model to feature number 1186, maxbin_SRR23364231.030_sub
2025-11-26 18:17:36.194098 INFO::Fitting model to feature number 1187, semibin_ERR6281751.11_sub
2025-11-26 18:17:36.219585 INFO::Fitting model to feature number 1188, metabat_SRR16554721.12_sub
2025-11-26 18:17:36.256519 INFO::Fitting model to feature number 1189, metabat_ERR12405957.24
2025-11-26 18:17:36.284191 INFO::Fitting model to feature number 1190, metabat_SRR16554643.13
2025-11-26 18:17:36.308496 INFO::Fitting model to feature number 1191, semibin_ERR6279677.13
2025-11-26 18:17:36.334448 INFO::Fitting model to feature number 1192, maxbin_SRR16554744.003
2025-11-26 18:17:36.360069 INFO::Fitting model to feature number 1193, metabat_ERR12405957.9
2025-11-26 18:17:36.385415 INFO::Fitting model to feature number 1194, metabat_SRR16168942.34
2025-11-26 18:17:36.410305 INFO::Fitting model to feature number 1195, semibin_SRR6000905.32
2025-11-26 18:17:36.436384 INFO::Fitting model to feature number 1196, semibin_ERR6279646.22_sub
2025-11-26 18:17:36.461955 INFO::Fitting model to feature number 1197, semibin_SRR6000947.67
2025-11-26 18:17:36.487337 INFO::Fitting model to feature number 1198, semibin_SRR16554752.21
2025-11-26 18:17:36.512716 INFO::Fitting model to feature number 1199, maxbin_ERR6271721.001
2025-11-26 18:17:36.546434 INFO::Fitting model to feature number 1200, semibin_ERR12406004.36
2025-11-26 18:17:36.574512 INFO::Fitting model to feature number 1201, semibin_SRR8387676.49
2025-11-26 18:17:36.599023 INFO::Fitting model to feature number 1202, semibin_SRR13068852.73_sub
2025-11-26 18:17:36.624581 INFO::Fitting model to feature number 1203, semibin_SRR5930520.95
2025-11-26 18:17:36.649513 INFO::Fitting model to feature number 1204, metabat_SRR23364206.9
2025-11-26 18:17:36.673878 INFO::Fitting model to feature number 1205, metabat_SRR5930499.62
2025-11-26 18:17:36.699388 INFO::Fitting model to feature number 1206, metabat_ERR6275672.30
2025-11-26 18:17:36.725625 INFO::Fitting model to feature number 1207, semibin_ERR6230340.24
2025-11-26 18:17:36.771166 INFO::Fitting model to feature number 1208, semibin_SRR5930532.57
2025-11-26 18:17:36.79649 INFO::Fitting model to feature number 1209, semibin_ERR6279627.7
2025-11-26 18:17:36.820366 INFO::Fitting model to feature number 1210, metabat_SRR23364192.31_sub
2025-11-26 18:17:36.845553 INFO::Fitting model to feature number 1211, semibin_SRR25825510.23_sub
2025-11-26 18:17:36.87841 INFO::Fitting model to feature number 1212, maxbin_ERR12405965.008
2025-11-26 18:17:36.901991 INFO::Fitting model to feature number 1213, semibin_ERR6279672.17
2025-11-26 18:17:36.930125 INFO::Fitting model to feature number 1214, maxbin_ERR6257997.018
2025-11-26 18:17:36.954892 INFO::Fitting model to feature number 1215, metabat_ERR6232688.30
2025-11-26 18:17:36.981209 INFO::Fitting model to feature number 1216, maxbin_SRR23364192.011_sub
2025-11-26 18:17:37.006696 INFO::Fitting model to feature number 1217, maxbin_ERR6279676.023_sub
2025-11-26 18:17:37.032073 INFO::Fitting model to feature number 1218, semibin_SRR13068839.82
2025-11-26 18:17:37.060419 INFO::Fitting model to feature number 1219, metabat_ERR6275671.44
2025-11-26 18:17:37.085349 INFO::Fitting model to feature number 1220, semibin_ERR6236131.31
2025-11-26 18:17:37.110351 INFO::Fitting model to feature number 1221, metabat_SRR11413681.65_sub
2025-11-26 18:17:37.135477 INFO::Fitting model to feature number 1222, semibin_ERR6232521.9
2025-11-26 18:17:37.160293 INFO::Fitting model to feature number 1223, semibin_ERR12405983.41
2025-11-26 18:17:37.189869 INFO::Fitting model to feature number 1224, semibin_SRR20881979.39
2025-11-26 18:17:37.223385 INFO::Fitting model to feature number 1225, metabat_SRR13068822.8
2025-11-26 18:17:37.246769 INFO::Fitting model to feature number 1226, semibin_SRR5930533.15
2025-11-26 18:17:37.272046 INFO::Fitting model to feature number 1227, metabat_SRR16554704.2
2025-11-26 18:17:37.296277 INFO::Fitting model to feature number 1228, semibin_ERR12406000.0
2025-11-26 18:17:37.320053 INFO::Fitting model to feature number 1229, metabat_SRR5930495.2
2025-11-26 18:17:37.34513 INFO::Fitting model to feature number 1230, semibin_SRR20881987.25
2025-11-26 18:17:37.369274 INFO::Fitting model to feature number 1231, metabat_SRR23364240.7
2025-11-26 18:17:37.392943 INFO::Fitting model to feature number 1232, metabat_SRR5930498.97
2025-11-26 18:17:37.417554 INFO::Fitting model to feature number 1233, metabat_SRR16554763.26
2025-11-26 18:17:37.466744 INFO::Fitting model to feature number 1234, metabat_ERR6232458.9
2025-11-26 18:17:37.495677 INFO::Fitting model to feature number 1235, maxbin_SRR23364175.021_sub
2025-11-26 18:17:37.519697 INFO::Fitting model to feature number 1236, semibin_ERR6281997.36
2025-11-26 18:17:37.544347 INFO::Fitting model to feature number 1237, semibin_SRR11413609.1
2025-11-26 18:17:37.569628 INFO::Fitting model to feature number 1238, semibin_SRR6000894.27
2025-11-26 18:17:37.594745 INFO::Fitting model to feature number 1239, maxbin_SRR5930519.002
2025-11-26 18:17:37.619398 INFO::Fitting model to feature number 1240, semibin_SRR25825500.94
2025-11-26 18:17:37.644611 INFO::Fitting model to feature number 1241, semibin_ERR6279665.27
2025-11-26 18:17:37.669612 INFO::Fitting model to feature number 1242, maxbin_SRR5930517.004
2025-11-26 18:17:37.693598 INFO::Fitting model to feature number 1243, semibin_SRR5930517.103
2025-11-26 18:17:37.71899 INFO::Fitting model to feature number 1244, semibin_SRR16168929.20_sub
2025-11-26 18:17:37.750551 INFO::Fitting model to feature number 1245, metabat_SRR25825513.9
2025-11-26 18:17:37.775745 INFO::Fitting model to feature number 1246, maxbin_SRR5930501.001
2025-11-26 18:17:37.802704 INFO::Fitting model to feature number 1247, maxbin_ERR6275673.039_sub
2025-11-26 18:17:37.827019 INFO::Fitting model to feature number 1248, semibin_SRR13022424.6
2025-11-26 18:17:37.851899 INFO::Fitting model to feature number 1249, semibin_SRR13068825.144
2025-11-26 18:17:37.876966 INFO::Fitting model to feature number 1250, metabat_SRR23364171.30
2025-11-26 18:17:37.902019 INFO::Fitting model to feature number 1251, maxbin_SRR8387681.017
2025-11-26 18:17:37.926482 INFO::Fitting model to feature number 1252, semibin_SRR11413687.171
2025-11-26 18:17:37.951277 INFO::Fitting model to feature number 1253, semibin_ERR12405976.23
2025-11-26 18:17:37.97576 INFO::Fitting model to feature number 1254, semibin_SRR13068826.42
2025-11-26 18:17:38.001051 INFO::Fitting model to feature number 1255, maxbin_SRR16554726.001
2025-11-26 18:17:38.024734 INFO::Fitting model to feature number 1256, semibin_ERR6233692.26
2025-11-26 18:17:38.049736 INFO::Fitting model to feature number 1257, metabat_SRR16168929.12
2025-11-26 18:17:38.080002 INFO::Fitting model to feature number 1258, semibin_SRR20881983.19
2025-11-26 18:17:38.106985 INFO::Fitting model to feature number 1259, metabat_ERR6275664.11
2025-11-26 18:17:38.151884 INFO::Fitting model to feature number 1260, semibin_SRR20881976.18_sub
2025-11-26 18:17:38.177384 INFO::Fitting model to feature number 1261, metabat_SRR23364184.7
2025-11-26 18:17:38.203259 INFO::Fitting model to feature number 1262, semibin_SRR5930536.61_sub
2025-11-26 18:17:38.227802 INFO::Fitting model to feature number 1263, metabat_ERR6281432.14
2025-11-26 18:17:38.252676 INFO::Fitting model to feature number 1264, metabat_ERR6264280.47
2025-11-26 18:17:38.277562 INFO::Fitting model to feature number 1265, maxbin_SRR11413687.021
2025-11-26 18:17:38.301841 INFO::Fitting model to feature number 1266, semibin_ERR6279646.18
2025-11-26 18:17:38.326782 INFO::Fitting model to feature number 1267, semibin_ERR6239139.3
2025-11-26 18:17:38.361308 INFO::Fitting model to feature number 1268, maxbin_SRR16554645.006
2025-11-26 18:17:38.385202 INFO::Fitting model to feature number 1269, metabat_ERR6281432.36
2025-11-26 18:17:38.413341 INFO::Fitting model to feature number 1270, metabat_ERR6279667.15
2025-11-26 18:17:38.437939 INFO::Fitting model to feature number 1271, metabat_ERR12405949.18
2025-11-26 18:17:38.462484 INFO::Fitting model to feature number 1272, semibin_ERR6279620.6
2025-11-26 18:17:38.487341 INFO::Fitting model to feature number 1273, semibin_SRR23364187.43_sub
2025-11-26 18:17:38.511795 INFO::Fitting model to feature number 1274, semibin_ERR12405973.28
2025-11-26 18:17:38.536416 INFO::Fitting model to feature number 1275, semibin_SRR5930536.76
2025-11-26 18:17:38.561872 INFO::Fitting model to feature number 1276, semibin_SRR25825498.35
2025-11-26 18:17:38.586926 INFO::Fitting model to feature number 1277, metabat_SRR11413618.48
2025-11-26 18:17:38.611218 INFO::Fitting model to feature number 1278, metabat_ERR6275675.18
2025-11-26 18:17:38.636479 INFO::Fitting model to feature number 1279, metabat_ERR6279619.32
2025-11-26 18:17:38.661421 INFO::Fitting model to feature number 1280, semibin_SRR6000900.19
2025-11-26 18:17:38.687614 INFO::Fitting model to feature number 1281, maxbin_ERR6275675.041_sub
2025-11-26 18:17:38.721293 INFO::Fitting model to feature number 1282, semibin_ERR6279614.25
2025-11-26 18:17:38.749388 INFO::Fitting model to feature number 1283, maxbin_SRR16554744.022
2025-11-26 18:17:38.773904 INFO::Fitting model to feature number 1284, maxbin_SRR16554786.001
2025-11-26 18:17:38.798941 INFO::Fitting model to feature number 1285, semibin_SRR16168918.53
2025-11-26 18:17:38.826189 INFO::Fitting model to feature number 1286, semibin_ERR6279678.48
2025-11-26 18:17:38.870614 INFO::Fitting model to feature number 1287, semibin_SRR16168896.113
2025-11-26 18:17:38.895599 INFO::Fitting model to feature number 1288, metabat_ERR6275652.5
2025-11-26 18:17:38.92099 INFO::Fitting model to feature number 1289, metabat_SRR16168943.6
2025-11-26 18:17:38.945425 INFO::Fitting model to feature number 1290, metabat_SRR6000940.18
2025-11-26 18:17:38.970496 INFO::Fitting model to feature number 1291, semibin_SRR6000909.33
2025-11-26 18:17:38.994888 INFO::Fitting model to feature number 1292, maxbin_ERR6281505.009
2025-11-26 18:17:39.02336 INFO::Fitting model to feature number 1293, maxbin_ERR12405996.027
2025-11-26 18:17:39.052443 INFO::Fitting model to feature number 1294, maxbin_SRR25825512.008
2025-11-26 18:17:39.079152 INFO::Fitting model to feature number 1295, metabat_SRR6000893.52
2025-11-26 18:17:39.1059 INFO::Fitting model to feature number 1296, metabat_SRR13022393.14
2025-11-26 18:17:39.131407 INFO::Fitting model to feature number 1297, metabat_ERR12405991.26
2025-11-26 18:17:39.155693 INFO::Fitting model to feature number 1298, semibin_SRR13068851.47
2025-11-26 18:17:39.180939 INFO::Fitting model to feature number 1299, maxbin_ERR6275666.011_sub
2025-11-26 18:17:39.206011 INFO::Fitting model to feature number 1300, metabat_SRR5930534.16
2025-11-26 18:17:39.231044 INFO::Fitting model to feature number 1301, semibin_SRR11413655.121
2025-11-26 18:17:39.256764 INFO::Fitting model to feature number 1302, semibin_ERR12405947.46
2025-11-26 18:17:39.282038 INFO::Fitting model to feature number 1303, semibin_SRR6000899.37
2025-11-26 18:17:39.306507 INFO::Fitting model to feature number 1304, semibin_SRR5930534.11
2025-11-26 18:17:39.332485 INFO::Fitting model to feature number 1305, metabat_SRR13022409.1
2025-11-26 18:17:39.357404 INFO::Fitting model to feature number 1306, semibin_SRR11413609.0
2025-11-26 18:17:39.385095 INFO::Fitting model to feature number 1307, semibin_SRR25825494.13
2025-11-26 18:17:39.413557 INFO::Fitting model to feature number 1308, semibin_ERR12405918.19
2025-11-26 18:17:39.44094 INFO::Fitting model to feature number 1309, metabat_SRR11413679.36
2025-11-26 18:17:39.465218 INFO::Fitting model to feature number 1310, semibin_ERR12405998.20
2025-11-26 18:17:39.490315 INFO::Fitting model to feature number 1311, semibin_ERR12405940.4
2025-11-26 18:17:39.514858 INFO::Fitting model to feature number 1312, maxbin_ERR6271719.005_sub
2025-11-26 18:17:39.558962 INFO::Fitting model to feature number 1313, semibin_SRR8387683.51
2025-11-26 18:17:39.583461 INFO::Fitting model to feature number 1314, maxbin_SRR11413618.048
2025-11-26 18:17:39.608301 INFO::Fitting model to feature number 1315, metabat_ERR6232686.11
2025-11-26 18:17:39.633534 INFO::Fitting model to feature number 1316, metabat_SRR13068850.8
2025-11-26 18:17:39.658172 INFO::Fitting model to feature number 1317, metabat_SRR16168985.46
2025-11-26 18:17:39.682792 INFO::Fitting model to feature number 1318, semibin_SRR16554775.18
2025-11-26 18:17:39.714867 INFO::Fitting model to feature number 1319, semibin_SRR16554636.21_sub
2025-11-26 18:17:39.743558 INFO::Fitting model to feature number 1320, metabat_ERR6281751.26_sub
2025-11-26 18:17:39.768249 INFO::Fitting model to feature number 1321, semibin_SRR11413646.21
2025-11-26 18:17:39.794542 INFO::Fitting model to feature number 1322, semibin_SRR5930498.62_sub
2025-11-26 18:17:39.819297 INFO::Fitting model to feature number 1323, metabat_SRR5930501.50
2025-11-26 18:17:39.84465 INFO::Fitting model to feature number 1324, maxbin_SRR23364240.007
2025-11-26 18:17:39.869958 INFO::Fitting model to feature number 1325, maxbin_ERR12406010.010
2025-11-26 18:17:39.894652 INFO::Fitting model to feature number 1326, maxbin_SRR11413655.007
2025-11-26 18:17:39.919433 INFO::Fitting model to feature number 1327, maxbin_SRR16554774.005
2025-11-26 18:17:39.944814 INFO::Fitting model to feature number 1328, semibin_SRR5930523.43
2025-11-26 18:17:39.970618 INFO::Fitting model to feature number 1329, metabat_SRR11413614.28
2025-11-26 18:17:39.995133 INFO::Fitting model to feature number 1330, semibin_SRR13068834.14_sub
2025-11-26 18:17:40.020602 INFO::Fitting model to feature number 1331, semibin_SRR25825509.16
2025-11-26 18:17:40.053748 INFO::Fitting model to feature number 1332, metabat_ERR6275665.22_sub
2025-11-26 18:17:40.080934 INFO::Fitting model to feature number 1333, semibin_ERR6279619.36
2025-11-26 18:17:40.105582 INFO::Fitting model to feature number 1334, metabat_SRR11413685.37
2025-11-26 18:17:40.129624 INFO::Fitting model to feature number 1335, metabat_ERR6275673.39
2025-11-26 18:17:40.154765 INFO::Fitting model to feature number 1336, semibin_ERR6275666.11
2025-11-26 18:17:40.179523 INFO::Fitting model to feature number 1337, maxbin_ERR2162222.008
2025-11-26 18:17:40.203446 INFO::Fitting model to feature number 1338, metabat_SRR16554705.23
2025-11-26 18:17:40.228215 INFO::Fitting model to feature number 1339, maxbin_SRR13068846.008
2025-11-26 18:17:40.272767 INFO::Fitting model to feature number 1340, semibin_SRR16168974.22
2025-11-26 18:17:40.298233 INFO::Fitting model to feature number 1341, semibin_ERR6282070.31
2025-11-26 18:17:40.329423 INFO::Fitting model to feature number 1342, semibin_SRR16554762.18
2025-11-26 18:17:40.355149 INFO::Fitting model to feature number 1343, maxbin_SRR11413655.004
2025-11-26 18:17:40.385529 INFO::Fitting model to feature number 1344, maxbin_SRR20881981.003
2025-11-26 18:17:40.410765 INFO::Fitting model to feature number 1345, metabat_SRR20881977.25_sub
2025-11-26 18:17:40.435556 INFO::Fitting model to feature number 1346, semibin_ERR12405982.7
2025-11-26 18:17:40.46067 INFO::Fitting model to feature number 1347, semibin_SRR20881984.71
2025-11-26 18:17:40.486113 INFO::Fitting model to feature number 1348, metabat_SRR20881980.15_sub
2025-11-26 18:17:40.510892 INFO::Fitting model to feature number 1349, metabat_ERR6275675.41
2025-11-26 18:17:40.53663 INFO::Fitting model to feature number 1350, metabat_SRR5930526.60_sub
2025-11-26 18:17:40.567808 INFO::Fitting model to feature number 1351, semibin_ERR12405952.12
2025-11-26 18:17:40.592525 INFO::Fitting model to feature number 1352, metabat_ERR12405967.50
2025-11-26 18:17:40.617152 INFO::Fitting model to feature number 1353, metabat_SRR25825516.7
2025-11-26 18:17:40.648863 INFO::Fitting model to feature number 1354, maxbin_SRR16554762.009
2025-11-26 18:17:40.674972 INFO::Fitting model to feature number 1355, maxbin_SRR16554718.002
2025-11-26 18:17:40.700739 INFO::Fitting model to feature number 1356, metabat_SRR20881974.5
2025-11-26 18:17:40.726479 INFO::Fitting model to feature number 1357, metabat_SRR8387681.3
2025-11-26 18:17:40.750128 INFO::Fitting model to feature number 1358, metabat_SRR11413689.19
2025-11-26 18:17:40.77486 INFO::Fitting model to feature number 1359, metabat_ERR6279664.50
2025-11-26 18:17:40.799719 INFO::Fitting model to feature number 1360, metabat_SRR16554652.36_sub
2025-11-26 18:17:40.823365 INFO::Fitting model to feature number 1361, metabat_SRR16554749.32
2025-11-26 18:17:40.848991 INFO::Fitting model to feature number 1362, semibin_SRR8387707.12
2025-11-26 18:17:40.875241 INFO::Fitting model to feature number 1363, metabat_ERR6279683.18
2025-11-26 18:17:40.900394 INFO::Fitting model to feature number 1364, maxbin_ERR12405986.012
2025-11-26 18:17:40.926861 INFO::Fitting model to feature number 1365, metabat_SRR20881976.34_sub
2025-11-26 18:17:40.990917 INFO::Fitting model to feature number 1366, semibin_ERR6279677.59_sub
2025-11-26 18:17:41.015565 INFO::Fitting model to feature number 1367, semibin_SRR5930513.29
2025-11-26 18:17:41.040625 INFO::Fitting model to feature number 1368, maxbin_SRR5930517.014_sub
2025-11-26 18:17:41.065258 INFO::Fitting model to feature number 1369, metabat_SRR5930515.8
2025-11-26 18:17:41.090057 INFO::Fitting model to feature number 1370, maxbin_SRR5930517.016_sub
2025-11-26 18:17:41.115385 INFO::Fitting model to feature number 1371, semibin_SRR8387691.37
2025-11-26 18:17:41.140331 INFO::Fitting model to feature number 1372, semibin_SRR6000946.20_sub
2025-11-26 18:17:41.165193 INFO::Fitting model to feature number 1373, semibin_ERR12405952.2
2025-11-26 18:17:41.190166 INFO::Fitting model to feature number 1374, semibin_SRR16554625.29
2025-11-26 18:17:41.21668 INFO::Fitting model to feature number 1375, maxbin_SRR13068822.004
2025-11-26 18:17:41.241984 INFO::Fitting model to feature number 1376, metabat_SRR25825506.38
2025-11-26 18:17:41.27463 INFO::Fitting model to feature number 1377, semibin_ERR6231475.0
2025-11-26 18:17:41.305384 INFO::Fitting model to feature number 1378, semibin_SRR5930510.20_sub
2025-11-26 18:17:41.33013 INFO::Fitting model to feature number 1379, semibin_ERR6232688.10
2025-11-26 18:17:41.35648 INFO::Fitting model to feature number 1380, metabat_SRR16554724.5
2025-11-26 18:17:41.382445 INFO::Fitting model to feature number 1381, maxbin_ERR6275670.004
2025-11-26 18:17:41.406716 INFO::Fitting model to feature number 1382, metabat_SRR16554636.19
2025-11-26 18:17:41.432255 INFO::Fitting model to feature number 1383, maxbin_SRR11413686.007
2025-11-26 18:17:41.457252 INFO::Fitting model to feature number 1384, maxbin_SRR16554667.012
2025-11-26 18:17:41.482548 INFO::Fitting model to feature number 1385, semibin_ERR12405937.0_sub
2025-11-26 18:17:41.507213 INFO::Fitting model to feature number 1386, semibin_ERR6232523.16
2025-11-26 18:17:41.532547 INFO::Fitting model to feature number 1387, maxbin_SRR20881977.008
2025-11-26 18:17:41.560335 INFO::Fitting model to feature number 1388, maxbin_SRR16554749.005
2025-11-26 18:17:41.591609 INFO::Fitting model to feature number 1389, semibin_ERR6232425.16
2025-11-26 18:17:41.622716 INFO::Fitting model to feature number 1390, semibin_SRR16554638.21
2025-11-26 18:17:41.64693 INFO::Fitting model to feature number 1391, metabat_SRR13068824.46
2025-11-26 18:17:41.692109 INFO::Fitting model to feature number 1392, metabat_ERR12405967.21
2025-11-26 18:17:41.716877 INFO::Fitting model to feature number 1393, semibin_SRR16554647.24
2025-11-26 18:17:41.742361 INFO::Fitting model to feature number 1394, metabat_SRR20881980.9_sub
2025-11-26 18:17:41.767976 INFO::Fitting model to feature number 1395, semibin_SRR25825504.54
2025-11-26 18:17:41.793331 INFO::Fitting model to feature number 1396, semibin_SRR23364172.8_sub
2025-11-26 18:17:41.818955 INFO::Fitting model to feature number 1397, semibin_SRR5930510.47_sub
2025-11-26 18:17:41.844423 INFO::Fitting model to feature number 1398, metabat_ERR6281341.65
2025-11-26 18:17:41.872677 INFO::Fitting model to feature number 1399, metabat_SRR25825516.25_sub
2025-11-26 18:17:41.902943 INFO::Fitting model to feature number 1400, semibin_SRR5930517.80
2025-11-26 18:17:41.930787 INFO::Fitting model to feature number 1401, semibin_SRR5930518.165_sub
2025-11-26 18:17:41.955092 INFO::Fitting model to feature number 1402, semibin_SRR11413652.29
2025-11-26 18:17:41.980728 INFO::Fitting model to feature number 1403, maxbin_SRR8387676.033_sub
2025-11-26 18:17:42.005182 INFO::Fitting model to feature number 1404, metabat_SRR16554749.2
2025-11-26 18:17:42.030349 INFO::Fitting model to feature number 1405, semibin_SRR11413612.43_sub
2025-11-26 18:17:42.055574 INFO::Fitting model to feature number 1406, maxbin_SRR16554766.008
2025-11-26 18:17:42.081023 INFO::Fitting model to feature number 1407, metabat_SRR20881976.14
2025-11-26 18:17:42.105634 INFO::Fitting model to feature number 1408, semibin_SRR16554644.20
2025-11-26 18:17:42.131001 INFO::Fitting model to feature number 1409, metabat_SRR25825502.64
2025-11-26 18:17:42.155766 INFO::Fitting model to feature number 1410, metabat_SRR5930515.56
2025-11-26 18:17:42.180135 INFO::Fitting model to feature number 1411, semibin_SRR5930517.13
2025-11-26 18:17:42.212531 INFO::Fitting model to feature number 1412, metabat_ERR12405913.30
2025-11-26 18:17:42.239188 INFO::Fitting model to feature number 1413, metabat_ERR6279655.36
2025-11-26 18:17:42.265224 INFO::Fitting model to feature number 1414, metabat_SRR16554665.11
2025-11-26 18:17:42.292311 INFO::Fitting model to feature number 1415, maxbin_SRR25825495.001
2025-11-26 18:17:42.318684 INFO::Fitting model to feature number 1416, semibin_SRR11413652.75
2025-11-26 18:17:42.343356 INFO::Fitting model to feature number 1417, metabat_SRR13022331.11
2025-11-26 18:17:42.370062 INFO::Fitting model to feature number 1418, metabat_SRR16168926.8
2025-11-26 18:17:42.41555 INFO::Fitting model to feature number 1419, semibin_ERR6235716.2
2025-11-26 18:17:42.440609 INFO::Fitting model to feature number 1420, metabat_SRR16554638.9
2025-11-26 18:17:42.467194 INFO::Fitting model to feature number 1421, semibin_SRR5930498.69
2025-11-26 18:17:42.497466 INFO::Fitting model to feature number 1422, maxbin_ERR6279620.003
2025-11-26 18:17:42.523976 INFO::Fitting model to feature number 1423, metabat_SRR16554627.25
2025-11-26 18:17:42.549458 INFO::Fitting model to feature number 1424, maxbin_SRR5930534.011
2025-11-26 18:17:42.575018 INFO::Fitting model to feature number 1425, semibin_SRR23364178.13
2025-11-26 18:17:42.598649 INFO::Fitting model to feature number 1426, metabat_SRR5930530.66
2025-11-26 18:17:42.623691 INFO::Fitting model to feature number 1427, semibin_SRR5930504.41
2025-11-26 18:17:42.649658 INFO::Fitting model to feature number 1428, maxbin_SRR13068838.005
2025-11-26 18:17:42.674127 INFO::Fitting model to feature number 1429, maxbin_SRR23364177.015
2025-11-26 18:17:42.699728 INFO::Fitting model to feature number 1430, metabat_SRR16554780.7_sub
2025-11-26 18:17:42.724662 INFO::Fitting model to feature number 1431, metabat_SRR20881979.28
2025-11-26 18:17:42.750608 INFO::Fitting model to feature number 1432, semibin_ERR6279672.11_sub
2025-11-26 18:17:42.781238 INFO::Fitting model to feature number 1433, metabat_SRR5930528.57_sub
2025-11-26 18:17:42.815432 INFO::Fitting model to feature number 1434, metabat_ERR6279654.19
2025-11-26 18:17:42.840296 INFO::Fitting model to feature number 1435, maxbin_SRR11413607.012
2025-11-26 18:17:42.865031 INFO::Fitting model to feature number 1436, maxbin_SRR13068823.001
2025-11-26 18:17:42.891052 INFO::Fitting model to feature number 1437, semibin_ERR12405998.55
2025-11-26 18:17:42.915501 INFO::Fitting model to feature number 1438, semibin_ERR6233695.19
2025-11-26 18:17:42.940127 INFO::Fitting model to feature number 1439, semibin_SRR16168986.51
2025-11-26 18:17:42.964988 INFO::Fitting model to feature number 1440, semibin_ERR6279656.46
2025-11-26 18:17:42.989051 INFO::Fitting model to feature number 1441, semibin_SRR5930507.158
2025-11-26 18:17:43.013937 INFO::Fitting model to feature number 1442, maxbin_SRR11413615.008
2025-11-26 18:17:43.038495 INFO::Fitting model to feature number 1443, semibin_SRR11413608.52
2025-11-26 18:17:43.062261 INFO::Fitting model to feature number 1444, semibin_ERR6239138.5
2025-11-26 18:17:43.115937 INFO::Fitting model to feature number 1445, metabat_ERR12405922.1
2025-11-26 18:17:43.141868 INFO::Fitting model to feature number 1446, maxbin_ERR6275668.004
2025-11-26 18:17:43.16712 INFO::Fitting model to feature number 1447, metabat_SRR16554650.26
2025-11-26 18:17:43.191915 INFO::Fitting model to feature number 1448, metabat_SRR11413610.67
2025-11-26 18:17:43.217586 INFO::Fitting model to feature number 1449, metabat_SRR5930532.1_sub
2025-11-26 18:17:43.242463 INFO::Fitting model to feature number 1450, semibin_ERR6271719.38
2025-11-26 18:17:43.267752 INFO::Fitting model to feature number 1451, maxbin_ERR6279682.017
2025-11-26 18:17:43.293614 INFO::Fitting model to feature number 1452, metabat_SRR13068840.4
2025-11-26 18:17:43.318846 INFO::Fitting model to feature number 1453, maxbin_ERR6279679.046
2025-11-26 18:17:43.343178 INFO::Fitting model to feature number 1454, maxbin_ERR6279678.007
2025-11-26 18:17:43.369177 INFO::Fitting model to feature number 1455, semibin_SRR5930502.38
2025-11-26 18:17:43.400977 INFO::Fitting model to feature number 1456, maxbin_ERR12405913.017
2025-11-26 18:17:43.429339 INFO::Fitting model to feature number 1457, semibin_SRR25825505.11
2025-11-26 18:17:43.460981 INFO::Fitting model to feature number 1458, metabat_ERR6279674.8_sub
2025-11-26 18:17:43.487235 INFO::Fitting model to feature number 1459, semibin_SRR11413613.43
2025-11-26 18:17:43.512008 INFO::Fitting model to feature number 1460, semibin_SRR16168900.48
2025-11-26 18:17:43.538016 INFO::Fitting model to feature number 1461, semibin_SRR6000903.16
2025-11-26 18:17:43.562662 INFO::Fitting model to feature number 1462, metabat_SRR13068828.35
2025-11-26 18:17:43.58708 INFO::Fitting model to feature number 1463, metabat_SRR25825493.23
2025-11-26 18:17:43.612208 INFO::Fitting model to feature number 1464, semibin_SRR11413611.89
2025-11-26 18:17:43.636656 INFO::Fitting model to feature number 1465, metabat_SRR13068834.12
2025-11-26 18:17:43.660662 INFO::Fitting model to feature number 1466, maxbin_ERR6279654.009_sub
2025-11-26 18:17:43.685722 INFO::Fitting model to feature number 1467, metabat_SRR6000908.20
2025-11-26 18:17:43.713017 INFO::Fitting model to feature number 1468, maxbin_SRR20881977.021
2025-11-26 18:17:43.742062 INFO::Fitting model to feature number 1469, semibin_SRR20881978.16
2025-11-26 18:17:43.770081 INFO::Fitting model to feature number 1470, semibin_ERR6275670.117
2025-11-26 18:17:43.815555 INFO::Fitting model to feature number 1471, maxbin_ERR12405948.006
2025-11-26 18:17:43.839617 INFO::Fitting model to feature number 1472, semibin_ERR12405968.34
2025-11-26 18:17:43.86463 INFO::Fitting model to feature number 1473, semibin_SRR11413683.123
2025-11-26 18:17:43.89042 INFO::Fitting model to feature number 1474, semibin_SRR5930493.130
2025-11-26 18:17:43.915131 INFO::Fitting model to feature number 1475, maxbin_SRR13068842.001
2025-11-26 18:17:43.941469 INFO::Fitting model to feature number 1476, maxbin_SRR16554660.011
2025-11-26 18:17:43.967206 INFO::Fitting model to feature number 1477, maxbin_SRR5930531.010
2025-11-26 18:17:43.991347 INFO::Fitting model to feature number 1478, metabat_ERR6280899.76
2025-11-26 18:17:44.016693 INFO::Fitting model to feature number 1479, metabat_SRR13068815.24
2025-11-26 18:17:44.054795 INFO::Fitting model to feature number 1480, semibin_ERR12405966.12
2025-11-26 18:17:44.07935 INFO::Fitting model to feature number 1481, semibin_SRR13068827.108
2025-11-26 18:17:44.110752 INFO::Fitting model to feature number 1482, maxbin_SRR13068823.022_sub
2025-11-26 18:17:44.136673 INFO::Fitting model to feature number 1483, metabat_SRR16554778.1_sub
2025-11-26 18:17:44.161291 INFO::Fitting model to feature number 1484, maxbin_ERR6232527.031_sub
2025-11-26 18:17:44.187319 INFO::Fitting model to feature number 1485, metabat_SRR16554681.16
2025-11-26 18:17:44.213645 INFO::Fitting model to feature number 1486, semibin_SRR23364206.22
2025-11-26 18:17:44.238738 INFO::Fitting model to feature number 1487, semibin_ERR12405928.63
2025-11-26 18:17:44.2643 INFO::Fitting model to feature number 1488, semibin_SRR16554681.22
2025-11-26 18:17:44.289035 INFO::Fitting model to feature number 1489, metabat_SRR13022432.6
2025-11-26 18:17:44.313501 INFO::Fitting model to feature number 1490, metabat_ERR6239139.34_sub
2025-11-26 18:17:44.338393 INFO::Fitting model to feature number 1491, semibin_SRR11413681.27
2025-11-26 18:17:44.370403 INFO::Fitting model to feature number 1492, semibin_ERR12406001.48
2025-11-26 18:17:44.39915 INFO::Fitting model to feature number 1493, metabat_SRR16554631.3
2025-11-26 18:17:44.430438 INFO::Fitting model to feature number 1494, maxbin_SRR6000892.009
2025-11-26 18:17:44.455553 INFO::Fitting model to feature number 1495, maxbin_SRR13068847.003
2025-11-26 18:17:44.482538 INFO::Fitting model to feature number 1496, metabat_SRR25825501.63
2025-11-26 18:17:44.507627 INFO::Fitting model to feature number 1497, metabat_SRR23364202.16
2025-11-26 18:17:44.552959 INFO::Fitting model to feature number 1498, metabat_SRR11413649.53_sub
2025-11-26 18:17:44.576973 INFO::Fitting model to feature number 1499, semibin_ERR6232525.9
2025-11-26 18:17:44.602263 INFO::Fitting model to feature number 1500, metabat_SRR25825502.47
2025-11-26 18:17:44.627665 INFO::Fitting model to feature number 1501, semibin_SRR16554630.22
2025-11-26 18:17:44.652505 INFO::Fitting model to feature number 1502, metabat_ERR6275663.3_sub
2025-11-26 18:17:44.678731 INFO::Fitting model to feature number 1503, semibin_SRR16554750.26
2025-11-26 18:17:44.715515 INFO::Fitting model to feature number 1504, semibin_ERR12405973.32
2025-11-26 18:17:44.739793 INFO::Fitting model to feature number 1505, semibin_SRR13068816.17_sub
2025-11-26 18:17:44.766302 INFO::Fitting model to feature number 1506, metabat_ERR6275671.17_sub
2025-11-26 18:17:44.793078 INFO::Fitting model to feature number 1507, semibin_ERR12405979.43_sub
2025-11-26 18:17:44.818828 INFO::Fitting model to feature number 1508, semibin_SRR13068829.41
2025-11-26 18:17:44.84592 INFO::Fitting model to feature number 1509, metabat_SRR16554757.15_sub
2025-11-26 18:17:44.873196 INFO::Fitting model to feature number 1510, semibin_SRR13068822.60
2025-11-26 18:17:44.902868 INFO::Fitting model to feature number 1511, semibin_ERR12405916.52
2025-11-26 18:17:44.933335 INFO::Fitting model to feature number 1512, metabat_SRR8387683.37
2025-11-26 18:17:44.961807 INFO::Fitting model to feature number 1513, semibin_ERR6279669.146
2025-11-26 18:17:44.986947 INFO::Fitting model to feature number 1514, maxbin_SRR16554769.014_sub
2025-11-26 18:17:45.013082 INFO::Fitting model to feature number 1515, semibin_SRR16554732.21_sub
2025-11-26 18:17:45.037028 INFO::Fitting model to feature number 1516, maxbin_SRR5930493.011
2025-11-26 18:17:45.062019 INFO::Fitting model to feature number 1517, semibin_ERR6231616.45
2025-11-26 18:17:45.099649 INFO::Fitting model to feature number 1518, metabat_SRR13068852.52
2025-11-26 18:17:45.127824 INFO::Fitting model to feature number 1519, metabat_SRR5930519.9
2025-11-26 18:17:45.153393 INFO::Fitting model to feature number 1520, semibin_SRR6000907.58
2025-11-26 18:17:45.176815 INFO::Fitting model to feature number 1521, semibin_SRR13068813.2
2025-11-26 18:17:45.201538 INFO::Fitting model to feature number 1522, semibin_SRR16554714.52
2025-11-26 18:17:45.225909 INFO::Fitting model to feature number 1523, semibin_SRR11413610.13
2025-11-26 18:17:45.270667 INFO::Fitting model to feature number 1524, semibin_SRR25825513.29
2025-11-26 18:17:45.29453 INFO::Fitting model to feature number 1525, metabat_SRR5930527.17
2025-11-26 18:17:45.319382 INFO::Fitting model to feature number 1526, semibin_SRR5930508.186
2025-11-26 18:17:45.343916 INFO::Fitting model to feature number 1527, metabat_SRR13068843.54
2025-11-26 18:17:45.367809 INFO::Fitting model to feature number 1528, semibin_SRR16168929.7
2025-11-26 18:17:45.392813 INFO::Fitting model to feature number 1529, semibin_SRR16554678.8
2025-11-26 18:17:45.425525 INFO::Fitting model to feature number 1530, metabat_ERR12405984.6
2025-11-26 18:17:45.455694 INFO::Fitting model to feature number 1531, metabat_ERR6281341.18_sub
2025-11-26 18:17:45.484755 INFO::Fitting model to feature number 1532, metabat_SRR5930536.61_sub
2025-11-26 18:17:45.508788 INFO::Fitting model to feature number 1533, maxbin_SRR20881983.026_sub
2025-11-26 18:17:45.534142 INFO::Fitting model to feature number 1534, maxbin_SRR11413691.019
2025-11-26 18:17:45.55976 INFO::Fitting model to feature number 1535, semibin_SRR8387683.9
2025-11-26 18:17:45.583653 INFO::Fitting model to feature number 1536, maxbin_SRR16168976.016_sub
2025-11-26 18:17:45.608842 INFO::Fitting model to feature number 1537, semibin_ERR6281343.49
2025-11-26 18:17:45.635691 INFO::Fitting model to feature number 1538, semibin_SRR11413612.49
2025-11-26 18:17:45.661158 INFO::Fitting model to feature number 1539, maxbin_SRR16168943.001
2025-11-26 18:17:45.694044 INFO::Fitting model to feature number 1540, semibin_SRR20881979.2
2025-11-26 18:17:45.723392 INFO::Fitting model to feature number 1541, semibin_SRR11413654.34
2025-11-26 18:17:45.748335 INFO::Fitting model to feature number 1542, metabat_SRR16554728.7
2025-11-26 18:17:45.78371 INFO::Fitting model to feature number 1543, semibin_SRR5930527.102_sub
2025-11-26 18:17:45.8092 INFO::Fitting model to feature number 1544, semibin_SRR5930518.29
2025-11-26 18:17:45.836368 INFO::Fitting model to feature number 1545, maxbin_SRR16554776.005_sub
2025-11-26 18:17:45.863464 INFO::Fitting model to feature number 1546, semibin_ERR12405920.23
2025-11-26 18:17:45.887742 INFO::Fitting model to feature number 1547, semibin_ERR6279629.17
2025-11-26 18:17:45.912856 INFO::Fitting model to feature number 1548, maxbin_SRR16554787.013
2025-11-26 18:17:45.937668 INFO::Fitting model to feature number 1549, metabat_ERR6232526.9
2025-11-26 18:17:45.983711 INFO::Fitting model to feature number 1550, semibin_ERR6279659.15
2025-11-26 18:17:46.010208 INFO::Fitting model to feature number 1551, metabat_SRR11413689.56
2025-11-26 18:17:46.035247 INFO::Fitting model to feature number 1552, semibin_SRR16554756.21
2025-11-26 18:17:46.060593 INFO::Fitting model to feature number 1553, maxbin_ERR6235718.012
2025-11-26 18:17:46.091669 INFO::Fitting model to feature number 1554, metabat_SRR5930503.76
2025-11-26 18:17:46.117395 INFO::Fitting model to feature number 1555, metabat_SRR20881986.9_sub
2025-11-26 18:17:46.146078 INFO::Fitting model to feature number 1556, metabat_ERR6275659.2
2025-11-26 18:17:46.173166 INFO::Fitting model to feature number 1557, maxbin_SRR6000912.014
2025-11-26 18:17:46.200956 INFO::Fitting model to feature number 1558, metabat_SRR5930511.29_sub
2025-11-26 18:17:46.227284 INFO::Fitting model to feature number 1559, maxbin_SRR13068835.009
2025-11-26 18:17:46.252585 INFO::Fitting model to feature number 1560, metabat_ERR6243880.58
2025-11-26 18:17:46.278875 INFO::Fitting model to feature number 1561, metabat_ERR6271721.70
2025-11-26 18:17:46.304629 INFO::Fitting model to feature number 1562, metabat_ERR6281000.76_sub
2025-11-26 18:17:46.32952 INFO::Fitting model to feature number 1563, metabat_SRR16554771.7_sub
2025-11-26 18:17:46.354914 INFO::Fitting model to feature number 1564, maxbin_SRR16554763.011
2025-11-26 18:17:46.380059 INFO::Fitting model to feature number 1565, semibin_ERR12405983.42
2025-11-26 18:17:46.407355 INFO::Fitting model to feature number 1566, semibin_ERR12405992.1
2025-11-26 18:17:46.445576 INFO::Fitting model to feature number 1567, maxbin_SRR16554785.015
2025-11-26 18:17:46.47055 INFO::Fitting model to feature number 1568, metabat_SRR11413611.38
2025-11-26 18:17:46.499619 INFO::Fitting model to feature number 1569, semibin_SRR11413683.16
2025-11-26 18:17:46.524254 INFO::Fitting model to feature number 1570, maxbin_SRR16168938.002
2025-11-26 18:17:46.548199 INFO::Fitting model to feature number 1571, metabat_SRR25825500.41_sub
2025-11-26 18:17:46.572924 INFO::Fitting model to feature number 1572, semibin_SRR5930526.142
2025-11-26 18:17:46.596866 INFO::Fitting model to feature number 1573, semibin_SRR11413645.160
2025-11-26 18:17:46.621856 INFO::Fitting model to feature number 1574, metabat_SRR13068845.7_sub
2025-11-26 18:17:46.647239 INFO::Fitting model to feature number 1575, semibin_ERR6267712.33
2025-11-26 18:17:46.670762 INFO::Fitting model to feature number 1576, maxbin_SRR16554790.012
2025-11-26 18:17:46.716896 INFO::Fitting model to feature number 1577, semibin_SRR13068843.42_sub
2025-11-26 18:17:46.741773 INFO::Fitting model to feature number 1578, maxbin_ERR6279657.031_sub
2025-11-26 18:17:46.772244 INFO::Fitting model to feature number 1579, semibin_SRR5930507.83_sub
2025-11-26 18:17:46.79875 INFO::Fitting model to feature number 1580, semibin_SRR5930532.79
2025-11-26 18:17:46.827646 INFO::Fitting model to feature number 1581, metabat_SRR11413684.26
2025-11-26 18:17:46.85262 INFO::Fitting model to feature number 1582, maxbin_SRR16554754.006
2025-11-26 18:17:46.879588 INFO::Fitting model to feature number 1583, semibin_SRR5930528.15
2025-11-26 18:17:46.905636 INFO::Fitting model to feature number 1584, semibin_ERR12405945.16
2025-11-26 18:17:46.930269 INFO::Fitting model to feature number 1585, metabat_ERR12405997.40_sub
2025-11-26 18:17:46.956589 INFO::Fitting model to feature number 1586, semibin_SRR5930520.41
2025-11-26 18:17:46.982181 INFO::Fitting model to feature number 1587, semibin_SRR13068835.130
2025-11-26 18:17:47.006738 INFO::Fitting model to feature number 1588, maxbin_SRR5930530.008
2025-11-26 18:17:47.032593 INFO::Fitting model to feature number 1589, semibin_SRR11413647.44
2025-11-26 18:17:47.05736 INFO::Fitting model to feature number 1590, semibin_SRR13022436.17
2025-11-26 18:17:47.08317 INFO::Fitting model to feature number 1591, maxbin_ERR6279682.002
2025-11-26 18:17:47.116894 INFO::Fitting model to feature number 1592, metabat_ERR6279676.12
2025-11-26 18:17:47.144906 INFO::Fitting model to feature number 1593, semibin_SRR5930516.11_sub
2025-11-26 18:17:47.172268 INFO::Fitting model to feature number 1594, semibin_ERR6279624.16
2025-11-26 18:17:47.197082 INFO::Fitting model to feature number 1595, semibin_SRR25825512.45
2025-11-26 18:17:47.223374 INFO::Fitting model to feature number 1596, semibin_SRR5930532.161
2025-11-26 18:17:47.250989 INFO::Fitting model to feature number 1597, maxbin_SRR23364204.002_sub
2025-11-26 18:17:47.275333 INFO::Fitting model to feature number 1598, maxbin_SRR16554764.017
2025-11-26 18:17:47.302812 INFO::Fitting model to feature number 1599, metabat_ERR6279664.26
2025-11-26 18:17:47.327441 INFO::Fitting model to feature number 1600, metabat_ERR6281751.28_sub
2025-11-26 18:17:47.35234 INFO::Fitting model to feature number 1601, metabat_SRR13022254.6
2025-11-26 18:17:47.377704 INFO::Fitting model to feature number 1602, metabat_SRR16554757.24
2025-11-26 18:17:47.441704 INFO::Fitting model to feature number 1603, semibin_SRR13068847.101
2025-11-26 18:17:47.473136 INFO::Fitting model to feature number 1604, metabat_SRR5930511.52
2025-11-26 18:17:47.497212 INFO::Fitting model to feature number 1605, semibin_ERR12405920.20
2025-11-26 18:17:47.522375 INFO::Fitting model to feature number 1606, semibin_SRR16554754.27
2025-11-26 18:17:47.547011 INFO::Fitting model to feature number 1607, semibin_SRR23364221.0
2025-11-26 18:17:47.571979 INFO::Fitting model to feature number 1608, maxbin_ERR6282070.005
2025-11-26 18:17:47.597582 INFO::Fitting model to feature number 1609, metabat_SRR16554768.12
2025-11-26 18:17:47.621645 INFO::Fitting model to feature number 1610, semibin_SRR5930506.83
2025-11-26 18:17:47.647068 INFO::Fitting model to feature number 1611, maxbin_SRR11413691.014
2025-11-26 18:17:47.673406 INFO::Fitting model to feature number 1612, semibin_SRR16168942.58
2025-11-26 18:17:47.697344 INFO::Fitting model to feature number 1613, metabat_ERR6279666.8
2025-11-26 18:17:47.728113 INFO::Fitting model to feature number 1614, maxbin_SRR20881988.013
2025-11-26 18:17:47.767844 INFO::Fitting model to feature number 1615, semibin_SRR16554766.42
2025-11-26 18:17:47.797613 INFO::Fitting model to feature number 1616, metabat_SRR23364240.26_sub
2025-11-26 18:17:47.836791 INFO::Fitting model to feature number 1617, maxbin_SRR5930519.003
2025-11-26 18:17:47.865256 INFO::Fitting model to feature number 1618, semibin_SRR13068825.28
2025-11-26 18:17:47.891269 INFO::Fitting model to feature number 1619, semibin_ERR6279622.41
2025-11-26 18:17:47.919951 INFO::Fitting model to feature number 1620, maxbin_SRR5930493.033_sub
2025-11-26 18:17:47.947037 INFO::Fitting model to feature number 1621, semibin_SRR20881987.31
2025-11-26 18:17:47.972674 INFO::Fitting model to feature number 1622, metabat_ERR6279681.38
2025-11-26 18:17:47.9977 INFO::Fitting model to feature number 1623, semibin_ERR12405995.2
2025-11-26 18:17:48.023793 INFO::Fitting model to feature number 1624, semibin_SRR16554664.19
2025-11-26 18:17:48.047815 INFO::Fitting model to feature number 1625, semibin_ERR12405959.85
2025-11-26 18:17:48.072115 INFO::Fitting model to feature number 1626, semibin_SRR25825505.21
2025-11-26 18:17:48.095837 INFO::Fitting model to feature number 1627, maxbin_ERR12405911.018
2025-11-26 18:17:48.131586 INFO::Fitting model to feature number 1628, maxbin_SRR5930529.023_sub
2025-11-26 18:17:48.182988 INFO::Fitting model to feature number 1629, maxbin_SRR11413686.009_sub
2025-11-26 18:17:48.208861 INFO::Fitting model to feature number 1630, maxbin_SRR11413610.003
2025-11-26 18:17:48.233898 INFO::Fitting model to feature number 1631, semibin_SRR11413692.10_sub
2025-11-26 18:17:48.259938 INFO::Fitting model to feature number 1632, semibin_SRR11413617.99
2025-11-26 18:17:48.286131 INFO::Fitting model to feature number 1633, semibin_SRR5930493.92
2025-11-26 18:17:48.310758 INFO::Fitting model to feature number 1634, semibin_SRR11413606.56
2025-11-26 18:17:48.336572 INFO::Fitting model to feature number 1635, semibin_SRR6000920.93
2025-11-26 18:17:48.360859 INFO::Fitting model to feature number 1636, metabat_SRR6000902.41_sub
2025-11-26 18:17:48.386507 INFO::Fitting model to feature number 1637, metabat_ERR6281751.21
2025-11-26 18:17:48.419185 INFO::Fitting model to feature number 1638, semibin_ERR12405910.1
2025-11-26 18:17:48.446368 INFO::Fitting model to feature number 1639, maxbin_SRR23364202.013_sub
2025-11-26 18:17:48.473686 INFO::Fitting model to feature number 1640, semibin_ERR6279646.13
2025-11-26 18:17:48.497994 INFO::Fitting model to feature number 1641, maxbin_SRR11413685.021
2025-11-26 18:17:48.52409 INFO::Fitting model to feature number 1642, maxbin_SRR16554767.011
2025-11-26 18:17:48.549559 INFO::Fitting model to feature number 1643, maxbin_SRR5930514.007
2025-11-26 18:17:48.574012 INFO::Fitting model to feature number 1644, semibin_SRR16168941.28
2025-11-26 18:17:48.599974 INFO::Fitting model to feature number 1645, metabat_SRR13068848.27
2025-11-26 18:17:48.625362 INFO::Fitting model to feature number 1646, semibin_SRR25825517.26
2025-11-26 18:17:48.649602 INFO::Fitting model to feature number 1647, semibin_ERR6248618.3
2025-11-26 18:17:48.675505 INFO::Fitting model to feature number 1648, maxbin_SRR16554672.011_sub
2025-11-26 18:17:48.699793 INFO::Fitting model to feature number 1649, semibin_SRR11413657.198
2025-11-26 18:17:48.724891 INFO::Fitting model to feature number 1650, semibin_SRR23364175.38
2025-11-26 18:17:48.764153 INFO::Fitting model to feature number 1651, maxbin_SRR11413610.006
2025-11-26 18:17:48.792397 INFO::Fitting model to feature number 1652, semibin_SRR16168985.72
2025-11-26 18:17:48.819651 INFO::Fitting model to feature number 1653, maxbin_ERR6279645.022_sub
2025-11-26 18:17:48.84417 INFO::Fitting model to feature number 1654, semibin_SRR8387683.30
2025-11-26 18:17:48.870929 INFO::Fitting model to feature number 1655, metabat_ERR6275676.44
2025-11-26 18:17:48.922393 INFO::Fitting model to feature number 1656, metabat_SRR16168974.10
2025-11-26 18:17:48.949017 INFO::Fitting model to feature number 1657, maxbin_SRR5930505.044_sub
2025-11-26 18:17:48.974615 INFO::Fitting model to feature number 1658, semibin_ERR6275677.28
2025-11-26 18:17:48.999035 INFO::Fitting model to feature number 1659, semibin_SRR16554786.15
2025-11-26 18:17:49.02505 INFO::Fitting model to feature number 1660, maxbin_SRR25825517.009_sub
2025-11-26 18:17:49.051057 INFO::Fitting model to feature number 1661, semibin_SRR25825513.19
2025-11-26 18:17:49.075614 INFO::Fitting model to feature number 1662, semibin_ERR12405947.70
2025-11-26 18:17:49.105947 INFO::Fitting model to feature number 1663, semibin_SRR16554774.25
2025-11-26 18:17:49.133172 INFO::Fitting model to feature number 1664, metabat_ERR6280907.75
2025-11-26 18:17:49.158668 INFO::Fitting model to feature number 1665, metabat_ERR6243879.9
2025-11-26 18:17:49.182428 INFO::Fitting model to feature number 1666, metabat_SRR11413687.66
2025-11-26 18:17:49.207164 INFO::Fitting model to feature number 1667, metabat_SRR5930514.5
2025-11-26 18:17:49.231579 INFO::Fitting model to feature number 1668, metabat_SRR25825512.9
2025-11-26 18:17:49.255791 INFO::Fitting model to feature number 1669, metabat_SRR6000895.38
2025-11-26 18:17:49.28268 INFO::Fitting model to feature number 1670, semibin_SRR13068829.111
2025-11-26 18:17:49.308106 INFO::Fitting model to feature number 1671, metabat_ERR6281518.30
2025-11-26 18:17:49.332817 INFO::Fitting model to feature number 1672, semibin_SRR11413618.30
2025-11-26 18:17:49.357709 INFO::Fitting model to feature number 1673, metabat_SRR16554653.5
2025-11-26 18:17:49.381456 INFO::Fitting model to feature number 1674, maxbin_SRR11413619.022_sub
2025-11-26 18:17:49.405867 INFO::Fitting model to feature number 1675, semibin_ERR6279667.1
2025-11-26 18:17:49.435956 INFO::Fitting model to feature number 1676, metabat_SRR5930528.91
2025-11-26 18:17:49.461225 INFO::Fitting model to feature number 1677, metabat_SRR16168920.14
2025-11-26 18:17:49.488142 INFO::Fitting model to feature number 1678, semibin_SRR11413610.57_sub
2025-11-26 18:17:49.512631 INFO::Fitting model to feature number 1679, maxbin_SRR16554740.006
2025-11-26 18:17:49.537616 INFO::Fitting model to feature number 1680, metabat_ERR6281433.22
2025-11-26 18:17:49.561909 INFO::Fitting model to feature number 1681, metabat_ERR6279645.3
2025-11-26 18:17:49.607661 INFO::Fitting model to feature number 1682, semibin_SRR25825494.37
2025-11-26 18:17:49.631914 INFO::Fitting model to feature number 1683, metabat_SRR25825521.14
2025-11-26 18:17:49.656816 INFO::Fitting model to feature number 1684, metabat_ERR6239139.39
2025-11-26 18:17:49.681576 INFO::Fitting model to feature number 1685, semibin_SRR11413678.34
2025-11-26 18:17:49.705151 INFO::Fitting model to feature number 1686, semibin_ERR6275674.90
2025-11-26 18:17:49.730104 INFO::Fitting model to feature number 1687, semibin_ERR12405934.44_sub
2025-11-26 18:17:49.765454 INFO::Fitting model to feature number 1688, metabat_SRR16554760.5
2025-11-26 18:17:49.791903 INFO::Fitting model to feature number 1689, metabat_SRR5930532.23_sub
2025-11-26 18:17:49.819673 INFO::Fitting model to feature number 1690, semibin_ERR6281941.44
2025-11-26 18:17:49.844037 INFO::Fitting model to feature number 1691, semibin_SRR13068835.5
2025-11-26 18:17:49.869898 INFO::Fitting model to feature number 1692, semibin_SRR6000903.20
2025-11-26 18:17:49.897184 INFO::Fitting model to feature number 1693, semibin_SRR11413649.35
2025-11-26 18:17:49.922407 INFO::Fitting model to feature number 1694, semibin_ERR6229432.26
2025-11-26 18:17:49.948153 INFO::Fitting model to feature number 1695, metabat_ERR12405998.59
2025-11-26 18:17:49.973572 INFO::Fitting model to feature number 1696, metabat_SRR11413613.27
2025-11-26 18:17:49.999036 INFO::Fitting model to feature number 1697, semibin_ERR6279654.35
2025-11-26 18:17:50.025035 INFO::Fitting model to feature number 1698, semibin_SRR5930499.22_sub
2025-11-26 18:17:50.049186 INFO::Fitting model to feature number 1699, maxbin_SRR11413612.039_sub
2025-11-26 18:17:50.074479 INFO::Fitting model to feature number 1700, semibin_SRR13022319.12
2025-11-26 18:17:50.108728 INFO::Fitting model to feature number 1701, semibin_SRR11413608.95
2025-11-26 18:17:50.137539 INFO::Fitting model to feature number 1702, semibin_SRR11413687.106_sub
2025-11-26 18:17:50.166825 INFO::Fitting model to feature number 1703, maxbin_SRR13022272.005
2025-11-26 18:17:50.191702 INFO::Fitting model to feature number 1704, semibin_SRR13068851.36
2025-11-26 18:17:50.217143 INFO::Fitting model to feature number 1705, semibin_SRR20881988.10
2025-11-26 18:17:50.244821 INFO::Fitting model to feature number 1706, metabat_SRR5930534.34
2025-11-26 18:17:50.268773 INFO::Fitting model to feature number 1707, maxbin_SRR5930519.014
2025-11-26 18:17:50.31281 INFO::Fitting model to feature number 1708, semibin_SRR11413678.104
2025-11-26 18:17:50.338389 INFO::Fitting model to feature number 1709, semibin_SRR5930504.132
2025-11-26 18:17:50.364862 INFO::Fitting model to feature number 1710, semibin_SRR25825511.32_sub
2025-11-26 18:17:50.388717 INFO::Fitting model to feature number 1711, semibin_SRR8387683.84
2025-11-26 18:17:50.413537 INFO::Fitting model to feature number 1712, metabat_ERR6282298.15
2025-11-26 18:17:50.442904 INFO::Fitting model to feature number 1713, maxbin_SRR16554628.012
2025-11-26 18:17:50.469849 INFO::Fitting model to feature number 1714, metabat_ERR12406006.41
2025-11-26 18:17:50.499306 INFO::Fitting model to feature number 1715, metabat_SRR5930512.20
2025-11-26 18:17:50.524971 INFO::Fitting model to feature number 1716, semibin_SRR5930533.64
2025-11-26 18:17:50.550091 INFO::Fitting model to feature number 1717, metabat_ERR12405982.7
2025-11-26 18:17:50.573715 INFO::Fitting model to feature number 1718, metabat_ERR12406002.23
2025-11-26 18:17:50.599042 INFO::Fitting model to feature number 1719, maxbin_SRR13068847.041_sub
2025-11-26 18:17:50.623857 INFO::Fitting model to feature number 1720, semibin_ERR12405912.39_sub
2025-11-26 18:17:50.649254 INFO::Fitting model to feature number 1721, maxbin_SRR16554633.004_sub
2025-11-26 18:17:50.674083 INFO::Fitting model to feature number 1722, maxbin_SRR11413613.018
2025-11-26 18:17:50.699905 INFO::Fitting model to feature number 1723, metabat_SRR16554632.45
2025-11-26 18:17:50.724192 INFO::Fitting model to feature number 1724, semibin_ERR6275675.25
2025-11-26 18:17:50.750451 INFO::Fitting model to feature number 1725, semibin_SRR5930503.63
2025-11-26 18:17:50.775954 INFO::Fitting model to feature number 1726, metabat_SRR16554652.40
2025-11-26 18:17:50.811415 INFO::Fitting model to feature number 1727, maxbin_SRR16554628.020
2025-11-26 18:17:50.838398 INFO::Fitting model to feature number 1728, metabat_ERR12406002.26
2025-11-26 18:17:50.861813 INFO::Fitting model to feature number 1729, semibin_ERR6279654.44_sub
2025-11-26 18:17:50.886704 INFO::Fitting model to feature number 1730, maxbin_ERR12405998.001_sub
2025-11-26 18:17:50.90972 INFO::Fitting model to feature number 1731, maxbin_ERR6279649.011
2025-11-26 18:17:50.934335 INFO::Fitting model to feature number 1732, maxbin_SRR23364192.019
2025-11-26 18:17:50.958284 INFO::Fitting model to feature number 1733, maxbin_ERR6275673.009_sub
2025-11-26 18:17:50.982079 INFO::Fitting model to feature number 1734, metabat_SRR20881983.56
2025-11-26 18:17:51.028816 INFO::Fitting model to feature number 1735, semibin_SRR23364178.53_sub
2025-11-26 18:17:51.054603 INFO::Fitting model to feature number 1736, metabat_SRR16554775.6_sub
2025-11-26 18:17:51.090268 INFO::Fitting model to feature number 1737, metabat_SRR16554769.19
2025-11-26 18:17:51.117395 INFO::Fitting model to feature number 1738, semibin_SRR13022450.11
2025-11-26 18:17:51.143577 INFO::Fitting model to feature number 1739, semibin_SRR20881988.34
2025-11-26 18:17:51.166959 INFO::Fitting model to feature number 1740, metabat_SRR25825503.64
2025-11-26 18:17:51.192238 INFO::Fitting model to feature number 1741, maxbin_ERR12405968.007_sub
2025-11-26 18:17:51.216315 INFO::Fitting model to feature number 1742, semibin_SRR16168940.33
2025-11-26 18:17:51.240127 INFO::Fitting model to feature number 1743, maxbin_SRR5930494.003
2025-11-26 18:17:51.265003 INFO::Fitting model to feature number 1744, semibin_ERR12405974.45
2025-11-26 18:17:51.288462 INFO::Fitting model to feature number 1745, semibin_SRR5930504.107
2025-11-26 18:17:51.313658 INFO::Fitting model to feature number 1746, maxbin_SRR11413652.007
2025-11-26 18:17:51.337035 INFO::Fitting model to feature number 1747, metabat_SRR11413655.33
2025-11-26 18:17:51.360983 INFO::Fitting model to feature number 1748, semibin_SRR20881986.23
2025-11-26 18:17:51.386086 INFO::Fitting model to feature number 1749, metabat_SRR16554763.9
2025-11-26 18:17:51.411022 INFO::Fitting model to feature number 1750, metabat_ERR6279657.74
2025-11-26 18:17:51.441758 INFO::Fitting model to feature number 1751, maxbin_ERR12405972.019
2025-11-26 18:17:51.466012 INFO::Fitting model to feature number 1752, semibin_SRR16554632.31_sub
2025-11-26 18:17:51.493452 INFO::Fitting model to feature number 1753, semibin_ERR6279615.16
2025-11-26 18:17:51.517942 INFO::Fitting model to feature number 1754, metabat_SRR5930501.64
2025-11-26 18:17:51.542513 INFO::Fitting model to feature number 1755, metabat_SRR5930514.24_sub
2025-11-26 18:17:51.56756 INFO::Fitting model to feature number 1756, metabat_SRR16554785.21
2025-11-26 18:17:51.591421 INFO::Fitting model to feature number 1757, semibin_SRR11413678.73
2025-11-26 18:17:51.615588 INFO::Fitting model to feature number 1758, semibin_ERR12405952.9
2025-11-26 18:17:51.639192 INFO::Fitting model to feature number 1759, semibin_SRR23364231.4
2025-11-26 18:17:51.664116 INFO::Fitting model to feature number 1760, maxbin_SRR5930499.004
2025-11-26 18:17:51.710278 INFO::Fitting model to feature number 1761, semibin_SRR16554628.46_sub
2025-11-26 18:17:51.745829 INFO::Fitting model to feature number 1762, metabat_ERR6279626.59
2025-11-26 18:17:51.770389 INFO::Fitting model to feature number 1763, maxbin_ERR6257997.012
2025-11-26 18:17:51.799284 INFO::Fitting model to feature number 1764, semibin_SRR5930532.72
2025-11-26 18:17:51.823451 INFO::Fitting model to feature number 1765, metabat_ERR6279644.24_sub
2025-11-26 18:17:51.848232 INFO::Fitting model to feature number 1766, semibin_SRR5930529.59
2025-11-26 18:17:51.872779 INFO::Fitting model to feature number 1767, maxbin_SRR16554777.015
2025-11-26 18:17:51.896384 INFO::Fitting model to feature number 1768, metabat_SRR6000932.51
2025-11-26 18:17:51.921599 INFO::Fitting model to feature number 1769, metabat_SRR11413645.47
2025-11-26 18:17:51.94553 INFO::Fitting model to feature number 1770, maxbin_SRR16554681.010
2025-11-26 18:17:51.970069 INFO::Fitting model to feature number 1771, semibin_SRR5930504.145
2025-11-26 18:17:51.994667 INFO::Fitting model to feature number 1772, metabat_SRR5930532.8_sub
2025-11-26 18:17:52.01831 INFO::Fitting model to feature number 1773, metabat_SRR20881974.56
2025-11-26 18:17:52.054259 INFO::Fitting model to feature number 1774, semibin_SRR13068825.75
2025-11-26 18:17:52.078903 INFO::Fitting model to feature number 1775, metabat_SRR25825517.32
2025-11-26 18:17:52.107042 INFO::Fitting model to feature number 1776, maxbin_SRR25825521.011
2025-11-26 18:17:52.131943 INFO::Fitting model to feature number 1777, maxbin_SRR8387710.003
2025-11-26 18:17:52.156673 INFO::Fitting model to feature number 1778, maxbin_ERR12405994.023
2025-11-26 18:17:52.181514 INFO::Fitting model to feature number 1779, metabat_SRR11413689.9
2025-11-26 18:17:52.205258 INFO::Fitting model to feature number 1780, semibin_SRR16168943.41
2025-11-26 18:17:52.230374 INFO::Fitting model to feature number 1781, metabat_SRR16554658.17
2025-11-26 18:17:52.254519 INFO::Fitting model to feature number 1782, metabat_ERR12405939.20
2025-11-26 18:17:52.279145 INFO::Fitting model to feature number 1783, maxbin_SRR8387712.001
2025-11-26 18:17:52.303845 INFO::Fitting model to feature number 1784, metabat_SRR16554727.13_sub
2025-11-26 18:17:52.327086 INFO::Fitting model to feature number 1785, semibin_ERR6275668.126
2025-11-26 18:17:52.358768 INFO::Fitting model to feature number 1786, metabat_SRR16554657.23
2025-11-26 18:17:52.403863 INFO::Fitting model to feature number 1787, metabat_SRR16554727.4
2025-11-26 18:17:52.43184 INFO::Fitting model to feature number 1788, metabat_SRR23364197.91
2025-11-26 18:17:52.45585 INFO::Fitting model to feature number 1789, semibin_ERR6275674.45_sub
2025-11-26 18:17:52.48138 INFO::Fitting model to feature number 1790, semibin_ERR6230326.4
2025-11-26 18:17:52.505131 INFO::Fitting model to feature number 1791, metabat_SRR6000932.13
2025-11-26 18:17:52.530255 INFO::Fitting model to feature number 1792, metabat_SRR16554767.15
2025-11-26 18:17:52.554766 INFO::Fitting model to feature number 1793, semibin_SRR5930512.37
2025-11-26 18:17:52.579037 INFO::Fitting model to feature number 1794, metabat_SRR5930501.19_sub
2025-11-26 18:17:52.60355 INFO::Fitting model to feature number 1795, semibin_ERR6235716.28_sub
2025-11-26 18:17:52.626965 INFO::Fitting model to feature number 1796, semibin_SRR6000892.94
2025-11-26 18:17:52.651475 INFO::Fitting model to feature number 1797, maxbin_SRR6000908.002
2025-11-26 18:17:52.678826 INFO::Fitting model to feature number 1798, maxbin_SRR5930534.026_sub
2025-11-26 18:17:52.706604 INFO::Fitting model to feature number 1799, semibin_ERR12406004.1
2025-11-26 18:17:52.734128 INFO::Fitting model to feature number 1800, maxbin_SRR16554671.015_sub
2025-11-26 18:17:52.758642 INFO::Fitting model to feature number 1801, metabat_SRR11413678.18
2025-11-26 18:17:52.783955 INFO::Fitting model to feature number 1802, semibin_SRR11413649.100
2025-11-26 18:17:52.807627 INFO::Fitting model to feature number 1803, metabat_SRR20881981.21_sub
2025-11-26 18:17:52.833223 INFO::Fitting model to feature number 1804, metabat_SRR5930504.26
2025-11-26 18:17:52.856358 INFO::Fitting model to feature number 1805, maxbin_SRR11413691.013
2025-11-26 18:17:52.881052 INFO::Fitting model to feature number 1806, semibin_SRR23364187.70
2025-11-26 18:17:52.905457 INFO::Fitting model to feature number 1807, metabat_ERR6279677.10
2025-11-26 18:17:52.928993 INFO::Fitting model to feature number 1808, maxbin_SRR11413620.008
2025-11-26 18:17:52.954667 INFO::Fitting model to feature number 1809, metabat_SRR23364201.31
2025-11-26 18:17:52.980685 INFO::Fitting model to feature number 1810, semibin_ERR6279625.36
2025-11-26 18:17:53.010075 INFO::Fitting model to feature number 1811, metabat_SRR13068834.43_sub
2025-11-26 18:17:53.035718 INFO::Fitting model to feature number 1812, semibin_SRR16554734.17
2025-11-26 18:17:53.062391 INFO::Fitting model to feature number 1813, semibin_SRR5930527.100
2025-11-26 18:17:53.106983 INFO::Fitting model to feature number 1814, metabat_ERR6271721.74_sub
2025-11-26 18:17:53.13085 INFO::Fitting model to feature number 1815, metabat_ERR6232526.13
2025-11-26 18:17:53.155761 INFO::Fitting model to feature number 1816, metabat_SRR16168938.20_sub
2025-11-26 18:17:53.179749 INFO::Fitting model to feature number 1817, metabat_ERR6279622.67
2025-11-26 18:17:53.203492 INFO::Fitting model to feature number 1818, semibin_SRR5930517.10
2025-11-26 18:17:53.228286 INFO::Fitting model to feature number 1819, maxbin_ERR12405955.019
2025-11-26 18:17:53.251903 INFO::Fitting model to feature number 1820, maxbin_ERR6275671.007_sub
2025-11-26 18:17:53.276498 INFO::Fitting model to feature number 1821, semibin_SRR5930506.177_sub
2025-11-26 18:17:53.304263 INFO::Fitting model to feature number 1822, semibin_SRR11413610.21
2025-11-26 18:17:53.331114 INFO::Fitting model to feature number 1823, semibin_ERR6281997.48_sub
2025-11-26 18:17:53.359518 INFO::Fitting model to feature number 1824, semibin_ERR6279666.26
2025-11-26 18:17:53.382938 INFO::Fitting model to feature number 1825, maxbin_SRR16554772.010
2025-11-26 18:17:53.409349 INFO::Fitting model to feature number 1826, semibin_SRR11413692.14
2025-11-26 18:17:53.435285 INFO::Fitting model to feature number 1827, metabat_SRR20881987.26
2025-11-26 18:17:53.461309 INFO::Fitting model to feature number 1828, maxbin_SRR11413617.006
2025-11-26 18:17:53.486172 INFO::Fitting model to feature number 1829, semibin_SRR13068834.35
2025-11-26 18:17:53.510181 INFO::Fitting model to feature number 1830, metabat_SRR16554744.18
2025-11-26 18:17:53.535088 INFO::Fitting model to feature number 1831, maxbin_SRR16168986.030_sub
2025-11-26 18:17:53.558819 INFO::Fitting model to feature number 1832, semibin_SRR16554644.4
2025-11-26 18:17:53.585248 INFO::Fitting model to feature number 1833, metabat_ERR6275674.73
2025-11-26 18:17:53.614772 INFO::Fitting model to feature number 1834, maxbin_SRR23364230.017
2025-11-26 18:17:53.640297 INFO::Fitting model to feature number 1835, semibin_ERR6275675.85
2025-11-26 18:17:53.668781 INFO::Fitting model to feature number 1836, maxbin_ERR6280910.012
2025-11-26 18:17:53.692475 INFO::Fitting model to feature number 1837, metabat_ERR12406012.50_sub
2025-11-26 18:17:53.717057 INFO::Fitting model to feature number 1838, maxbin_SRR11413614.004
2025-11-26 18:17:53.740556 INFO::Fitting model to feature number 1839, metabat_SRR6000921.8
2025-11-26 18:17:53.786943 INFO::Fitting model to feature number 1840, metabat_SRR16554704.6
2025-11-26 18:17:53.812248 INFO::Fitting model to feature number 1841, maxbin_SRR13022258.012_sub
2025-11-26 18:17:53.837365 INFO::Fitting model to feature number 1842, semibin_ERR12406004.23
2025-11-26 18:17:53.861067 INFO::Fitting model to feature number 1843, maxbin_ERR12406000.009_sub
2025-11-26 18:17:53.886052 INFO::Fitting model to feature number 1844, metabat_ERR6279651.12
2025-11-26 18:17:53.909464 INFO::Fitting model to feature number 1845, metabat_SRR16554652.47
2025-11-26 18:17:53.934128 INFO::Fitting model to feature number 1846, metabat_SRR5930498.113
2025-11-26 18:17:53.963762 INFO::Fitting model to feature number 1847, metabat_ERR6282137.16
2025-11-26 18:17:53.988513 INFO::Fitting model to feature number 1848, metabat_ERR12405928.39
2025-11-26 18:17:54.015102 INFO::Fitting model to feature number 1849, maxbin_SRR16554643.001
2025-11-26 18:17:54.041552 INFO::Fitting model to feature number 1850, metabat_SRR11413614.4
2025-11-26 18:17:54.066529 INFO::Fitting model to feature number 1851, maxbin_SRR5930530.047
2025-11-26 18:17:54.089502 INFO::Fitting model to feature number 1852, maxbin_SRR16554723.009
2025-11-26 18:17:54.115229 INFO::Fitting model to feature number 1853, maxbin_SRR20881983.049_sub
2025-11-26 18:17:54.138021 INFO::Fitting model to feature number 1854, semibin_SRR16554636.22
2025-11-26 18:17:54.162977 INFO::Fitting model to feature number 1855, metabat_SRR25825496.4_sub
2025-11-26 18:17:54.187556 INFO::Fitting model to feature number 1856, semibin_ERR6279624.28
2025-11-26 18:17:54.210962 INFO::Fitting model to feature number 1857, maxbin_ERR12406013.003
2025-11-26 18:17:54.235259 INFO::Fitting model to feature number 1858, metabat_SRR16168984.63
2025-11-26 18:17:54.258467 INFO::Fitting model to feature number 1859, semibin_ERR6275680.83
2025-11-26 18:17:54.28985 INFO::Fitting model to feature number 1860, semibin_ERR12405992.13
2025-11-26 18:17:54.315769 INFO::Fitting model to feature number 1861, semibin_SRR13068829.28_sub
2025-11-26 18:17:54.340479 INFO::Fitting model to feature number 1862, metabat_ERR12405949.30_sub
2025-11-26 18:17:54.363797 INFO::Fitting model to feature number 1863, metabat_ERR12405959.36
2025-11-26 18:17:54.388768 INFO::Fitting model to feature number 1864, semibin_SRR11413652.68
2025-11-26 18:17:54.412572 INFO::Fitting model to feature number 1865, semibin_SRR5930515.39_sub
2025-11-26 18:17:54.453274 INFO::Fitting model to feature number 1866, semibin_SRR16168918.72
2025-11-26 18:17:54.480974 INFO::Fitting model to feature number 1867, metabat_ERR12405955.18
2025-11-26 18:17:54.50565 INFO::Fitting model to feature number 1868, maxbin_SRR5930532.015
2025-11-26 18:17:54.529339 INFO::Fitting model to feature number 1869, metabat_SRR11413681.52
2025-11-26 18:17:54.553215 INFO::Fitting model to feature number 1870, semibin_SRR16554667.24
2025-11-26 18:17:54.58902 INFO::Fitting model to feature number 1871, semibin_SRR25825501.29
2025-11-26 18:17:54.612583 INFO::Fitting model to feature number 1872, metabat_ERR6279681.37
2025-11-26 18:17:54.640013 INFO::Fitting model to feature number 1873, metabat_SRR16554766.12
2025-11-26 18:17:54.664762 INFO::Fitting model to feature number 1874, semibin_SRR11413687.8
2025-11-26 18:17:54.689602 INFO::Fitting model to feature number 1875, metabat_SRR6000895.39
2025-11-26 18:17:54.715154 INFO::Fitting model to feature number 1876, metabat_SRR11413647.22
2025-11-26 18:17:54.739485 INFO::Fitting model to feature number 1877, metabat_ERR12405920.28
2025-11-26 18:17:54.7653 INFO::Fitting model to feature number 1878, metabat_ERR6279624.6_sub
2025-11-26 18:17:54.790163 INFO::Fitting model to feature number 1879, maxbin_ERR6281942.014
2025-11-26 18:17:54.81615 INFO::Fitting model to feature number 1880, semibin_SRR11413647.24_sub
2025-11-26 18:17:54.842446 INFO::Fitting model to feature number 1881, metabat_SRR16554777.35
2025-11-26 18:17:54.867235 INFO::Fitting model to feature number 1882, metabat_ERR12405998.47
2025-11-26 18:17:54.898427 INFO::Fitting model to feature number 1883, semibin_SRR6000949.57
2025-11-26 18:17:54.92258 INFO::Fitting model to feature number 1884, semibin_ERR6275652.61
2025-11-26 18:17:54.949659 INFO::Fitting model to feature number 1885, maxbin_SRR5930506.009
2025-11-26 18:17:54.972813 INFO::Fitting model to feature number 1886, semibin_ERR12405971.25
2025-11-26 18:17:54.998151 INFO::Fitting model to feature number 1887, semibin_SRR5930497.45
2025-11-26 18:17:55.021034 INFO::Fitting model to feature number 1888, maxbin_ERR6279649.012
2025-11-26 18:17:55.047492 INFO::Fitting model to feature number 1889, semibin_SRR11413613.5
2025-11-26 18:17:55.071862 INFO::Fitting model to feature number 1890, maxbin_SRR16554777.012
2025-11-26 18:17:55.09561 INFO::Fitting model to feature number 1891, semibin_SRR11413608.7
2025-11-26 18:17:55.120938 INFO::Fitting model to feature number 1892, semibin_SRR16168940.0
2025-11-26 18:17:55.166201 INFO::Fitting model to feature number 1893, semibin_SRR23364197.17_sub
2025-11-26 18:17:55.193542 INFO::Fitting model to feature number 1894, metabat_ERR12405972.5
2025-11-26 18:17:55.222546 INFO::Fitting model to feature number 1895, metabat_ERR6279625.1
2025-11-26 18:17:55.248425 INFO::Fitting model to feature number 1896, semibin_ERR6279656.6
2025-11-26 18:17:55.273761 INFO::Fitting model to feature number 1897, semibin_SRR16554650.49
2025-11-26 18:17:55.298051 INFO::Fitting model to feature number 1898, maxbin_SRR25825499.078
2025-11-26 18:17:55.322135 INFO::Fitting model to feature number 1899, metabat_SRR5930522.11
2025-11-26 18:17:55.346606 INFO::Fitting model to feature number 1900, semibin_SRR6000890.9
2025-11-26 18:17:55.370044 INFO::Fitting model to feature number 1901, semibin_SRR16554674.4
2025-11-26 18:17:55.394785 INFO::Fitting model to feature number 1902, semibin_SRR13068843.38
2025-11-26 18:17:55.418323 INFO::Fitting model to feature number 1903, semibin_ERR6279622.2
2025-11-26 18:17:55.443221 INFO::Fitting model to feature number 1904, maxbin_ERR6232521.007
2025-11-26 18:17:55.466613 INFO::Fitting model to feature number 1905, semibin_SRR11413690.24
2025-11-26 18:17:55.491291 INFO::Fitting model to feature number 1906, semibin_ERR6232528.6
2025-11-26 18:17:55.520298 INFO::Fitting model to feature number 1907, metabat_SRR16554753.15
2025-11-26 18:17:55.547006 INFO::Fitting model to feature number 1908, semibin_ERR12405947.16
2025-11-26 18:17:55.574085 INFO::Fitting model to feature number 1909, metabat_SRR16554632.31
2025-11-26 18:17:55.597987 INFO::Fitting model to feature number 1910, semibin_SRR25825510.79
2025-11-26 18:17:55.622885 INFO::Fitting model to feature number 1911, maxbin_SRR5930504.019
2025-11-26 18:17:55.646917 INFO::Fitting model to feature number 1912, semibin_SRR16554760.16
2025-11-26 18:17:55.673844 INFO::Fitting model to feature number 1913, semibin_SRR11413689.105
2025-11-26 18:17:55.700382 INFO::Fitting model to feature number 1914, metabat_SRR20881978.32
2025-11-26 18:17:55.725469 INFO::Fitting model to feature number 1915, metabat_SRR20881981.3
2025-11-26 18:17:55.751208 INFO::Fitting model to feature number 1916, metabat_SRR16554654.44
2025-11-26 18:17:55.775205 INFO::Fitting model to feature number 1917, maxbin_SRR5930512.016
2025-11-26 18:17:55.801439 INFO::Fitting model to feature number 1918, semibin_SRR25825500.13
2025-11-26 18:17:55.856264 INFO::Fitting model to feature number 1919, maxbin_SRR13022252.009_sub
2025-11-26 18:17:55.885508 INFO::Fitting model to feature number 1920, metabat_SRR20881983.38
2025-11-26 18:17:55.910286 INFO::Fitting model to feature number 1921, metabat_ERR12405959.31
2025-11-26 18:17:55.936229 INFO::Fitting model to feature number 1922, semibin_SRR13022391.11
2025-11-26 18:17:55.960872 INFO::Fitting model to feature number 1923, semibin_ERR6281518.50_sub
2025-11-26 18:17:55.987433 INFO::Fitting model to feature number 1924, maxbin_ERR12406011.031
2025-11-26 18:17:56.011814 INFO::Fitting model to feature number 1925, semibin_SRR11413656.102
2025-11-26 18:17:56.037546 INFO::Fitting model to feature number 1926, semibin_SRR23364171.81
2025-11-26 18:17:56.063529 INFO::Fitting model to feature number 1927, metabat_SRR5930520.43
2025-11-26 18:17:56.088147 INFO::Fitting model to feature number 1928, metabat_ERR12405914.16
2025-11-26 18:17:56.114083 INFO::Fitting model to feature number 1929, metabat_SRR13068828.46_sub
2025-11-26 18:17:56.137953 INFO::Fitting model to feature number 1930, semibin_ERR6281518.116
2025-11-26 18:17:56.173372 INFO::Fitting model to feature number 1931, semibin_ERR6281344.40
2025-11-26 18:17:56.198816 INFO::Fitting model to feature number 1932, maxbin_SRR25825514.018_sub
2025-11-26 18:17:56.223769 INFO::Fitting model to feature number 1933, semibin_SRR6000944.13
2025-11-26 18:17:56.248144 INFO::Fitting model to feature number 1934, metabat_ERR6279664.17
2025-11-26 18:17:56.271939 INFO::Fitting model to feature number 1935, semibin_SRR5930503.47
2025-11-26 18:17:56.295903 INFO::Fitting model to feature number 1936, metabat_SRR23364187.35_sub
2025-11-26 18:17:56.31931 INFO::Fitting model to feature number 1937, semibin_ERR6279679.10
2025-11-26 18:17:56.343891 INFO::Fitting model to feature number 1938, semibin_SRR25825503.35
2025-11-26 18:17:56.36719 INFO::Fitting model to feature number 1939, metabat_SRR16554775.14
2025-11-26 18:17:56.391927 INFO::Fitting model to feature number 1940, semibin_ERR6235718.4
2025-11-26 18:17:56.415139 INFO::Fitting model to feature number 1941, semibin_SRR16554721.45
2025-11-26 18:17:56.439712 INFO::Fitting model to feature number 1942, maxbin_SRR11413619.006
2025-11-26 18:17:56.468147 INFO::Fitting model to feature number 1943, semibin_SRR11413648.87_sub
2025-11-26 18:17:56.495066 INFO::Fitting model to feature number 1944, semibin_SRR11413615.76
2025-11-26 18:17:56.543772 INFO::Fitting model to feature number 1945, semibin_ERR12405976.64
2025-11-26 18:17:56.569462 INFO::Fitting model to feature number 1946, semibin_SRR23364230.99
2025-11-26 18:17:56.594502 INFO::Fitting model to feature number 1947, semibin_ERR12405910.62
2025-11-26 18:17:56.619658 INFO::Fitting model to feature number 1948, maxbin_SRR16168940.014_sub
2025-11-26 18:17:56.643409 INFO::Fitting model to feature number 1949, metabat_SRR5930528.27
2025-11-26 18:17:56.672287 INFO::Fitting model to feature number 1950, metabat_SRR13068823.20_sub
2025-11-26 18:17:56.696229 INFO::Fitting model to feature number 1951, metabat_ERR6281340.41
2025-11-26 18:17:56.721248 INFO::Fitting model to feature number 1952, semibin_ERR12405970.2_sub
2025-11-26 18:17:56.74754 INFO::Fitting model to feature number 1953, semibin_SRR16554634.69
2025-11-26 18:17:56.771231 INFO::Fitting model to feature number 1954, metabat_ERR12405998.25
2025-11-26 18:17:56.808142 INFO::Fitting model to feature number 1955, semibin_ERR12406013.48
2025-11-26 18:17:56.832886 INFO::Fitting model to feature number 1956, semibin_SRR5930501.12
2025-11-26 18:17:56.858564 INFO::Fitting model to feature number 1957, metabat_ERR6279676.50
2025-11-26 18:17:56.882319 INFO::Fitting model to feature number 1958, metabat_SRR11413618.24
2025-11-26 18:17:56.90734 INFO::Fitting model to feature number 1959, semibin_ERR6281340.6
2025-11-26 18:17:56.931582 INFO::Fitting model to feature number 1960, maxbin_SRR16168896.006
2025-11-26 18:17:56.956457 INFO::Fitting model to feature number 1961, semibin_ERR12405943.41
2025-11-26 18:17:56.979652 INFO::Fitting model to feature number 1962, semibin_ERR12405976.91
2025-11-26 18:17:57.004425 INFO::Fitting model to feature number 1963, maxbin_SRR6000947.039
2025-11-26 18:17:57.029761 INFO::Fitting model to feature number 1964, maxbin_ERR6275673.018
2025-11-26 18:17:57.054796 INFO::Fitting model to feature number 1965, metabat_ERR6281433.6_sub
2025-11-26 18:17:57.079975 INFO::Fitting model to feature number 1966, maxbin_SRR16554744.010
2025-11-26 18:17:57.109498 INFO::Fitting model to feature number 1967, maxbin_SRR16554743.001_sub
2025-11-26 18:17:57.138767 INFO::Fitting model to feature number 1968, metabat_SRR11413652.11
2025-11-26 18:17:57.163889 INFO::Fitting model to feature number 1969, maxbin_ERR12405976.034_sub
2025-11-26 18:17:57.192215 INFO::Fitting model to feature number 1970, metabat_ERR12406011.21
2025-11-26 18:17:57.216557 INFO::Fitting model to feature number 1971, metabat_SRR11413690.35_sub
2025-11-26 18:17:57.261762 INFO::Fitting model to feature number 1972, metabat_ERR12405965.3
2025-11-26 18:17:57.285609 INFO::Fitting model to feature number 1973, maxbin_SRR5930502.001
2025-11-26 18:17:57.310396 INFO::Fitting model to feature number 1974, maxbin_ERR12405972.021
2025-11-26 18:17:57.333684 INFO::Fitting model to feature number 1975, semibin_ERR6275680.30
2025-11-26 18:17:57.358138 INFO::Fitting model to feature number 1976, metabat_SRR13068851.25
2025-11-26 18:17:57.38173 INFO::Fitting model to feature number 1977, metabat_ERR6281942.41_sub
2025-11-26 18:17:57.406586 INFO::Fitting model to feature number 1978, metabat_ERR12405920.6_sub
2025-11-26 18:17:57.435883 INFO::Fitting model to feature number 1979, metabat_SRR16554789.32
2025-11-26 18:17:57.462774 INFO::Fitting model to feature number 1980, semibin_ERR12405942.29
2025-11-26 18:17:57.490485 INFO::Fitting model to feature number 1981, maxbin_SRR5930517.025_sub
2025-11-26 18:17:57.514357 INFO::Fitting model to feature number 1982, semibin_SRR16168913.75
2025-11-26 18:17:57.538731 INFO::Fitting model to feature number 1983, maxbin_ERR12406008.002_sub
2025-11-26 18:17:57.561982 INFO::Fitting model to feature number 1984, semibin_SRR13068846.36
2025-11-26 18:17:57.58683 INFO::Fitting model to feature number 1985, metabat_ERR12405943.44_sub
2025-11-26 18:17:57.610393 INFO::Fitting model to feature number 1986, semibin_SRR25825510.24
2025-11-26 18:17:57.635661 INFO::Fitting model to feature number 1987, semibin_SRR16554718.17_sub
2025-11-26 18:17:57.6591 INFO::Fitting model to feature number 1988, semibin_SRR6000877.55
2025-11-26 18:17:57.684363 INFO::Fitting model to feature number 1989, semibin_SRR5930497.86_sub
2025-11-26 18:17:57.708786 INFO::Fitting model to feature number 1990, metabat_ERR12406012.1_sub
2025-11-26 18:17:57.732539 INFO::Fitting model to feature number 1991, metabat_ERR6281342.22
2025-11-26 18:17:57.762239 INFO::Fitting model to feature number 1992, semibin_SRR5930520.180
2025-11-26 18:17:57.789189 INFO::Fitting model to feature number 1993, maxbin_SRR16168984.062
2025-11-26 18:17:57.815753 INFO::Fitting model to feature number 1994, maxbin_SRR25825500.013_sub
2025-11-26 18:17:57.838846 INFO::Fitting model to feature number 1995, semibin_SRR11413608.121
2025-11-26 18:17:57.863549 INFO::Fitting model to feature number 1996, semibin_ERR12405974.32
2025-11-26 18:17:57.886445 INFO::Fitting model to feature number 1997, maxbin_ERR6279619.020
2025-11-26 18:17:57.931625 INFO::Fitting model to feature number 1998, semibin_ERR6279647.53
2025-11-26 18:17:57.956987 INFO::Fitting model to feature number 1999, maxbin_SRR11413681.015_sub
2025-11-26 18:17:57.98044 INFO::Fitting model to feature number 2000, semibin_ERR6279628.83_sub
2025-11-26 18:17:58.0044 INFO::Fitting model to feature number 2001, metabat_SRR13068853.29
2025-11-26 18:17:58.028815 INFO::Fitting model to feature number 2002, metabat_SRR16554636.10
2025-11-26 18:17:58.052696 INFO::Fitting model to feature number 2003, semibin_SRR13068841.58
2025-11-26 18:17:58.082599 INFO::Fitting model to feature number 2004, metabat_SRR6000949.29
2025-11-26 18:17:58.106922 INFO::Fitting model to feature number 2005, metabat_ERR6229432.22_sub
2025-11-26 18:17:58.135933 INFO::Fitting model to feature number 2006, metabat_SRR23364178.39_sub
2025-11-26 18:17:58.15929 INFO::Fitting model to feature number 2007, semibin_ERR6267711.1
2025-11-26 18:17:58.184243 INFO::Fitting model to feature number 2008, semibin_SRR13022423.21
2025-11-26 18:17:58.207841 INFO::Fitting model to feature number 2009, metabat_ERR6257997.12
2025-11-26 18:17:58.232768 INFO::Fitting model to feature number 2010, metabat_SRR5930493.50_sub
2025-11-26 18:17:58.256134 INFO::Fitting model to feature number 2011, maxbin_SRR16554636.007
2025-11-26 18:17:58.281283 INFO::Fitting model to feature number 2012, semibin_SRR16168930.147
2025-11-26 18:17:58.305553 INFO::Fitting model to feature number 2013, semibin_SRR11413649.46
2025-11-26 18:17:58.329902 INFO::Fitting model to feature number 2014, semibin_ERR6279622.17
2025-11-26 18:17:58.354465 INFO::Fitting model to feature number 2015, maxbin_SRR13022453.007_sub
2025-11-26 18:17:58.377995 INFO::Fitting model to feature number 2016, maxbin_SRR16168969.005
2025-11-26 18:17:58.409082 INFO::Fitting model to feature number 2017, semibin_SRR5930530.132
2025-11-26 18:17:58.432485 INFO::Fitting model to feature number 2018, semibin_SRR11413690.9
2025-11-26 18:17:58.459611 INFO::Fitting model to feature number 2019, metabat_ERR6275675.32_sub
2025-11-26 18:17:58.483219 INFO::Fitting model to feature number 2020, metabat_SRR8387677.42
2025-11-26 18:17:58.507983 INFO::Fitting model to feature number 2021, metabat_SRR13022456.4
2025-11-26 18:17:58.531409 INFO::Fitting model to feature number 2022, semibin_SRR5930517.66
2025-11-26 18:17:58.555982 INFO::Fitting model to feature number 2023, semibin_SRR11413649.38_sub
2025-11-26 18:17:58.601206 INFO::Fitting model to feature number 2024, semibin_SRR11413691.23
2025-11-26 18:17:58.626207 INFO::Fitting model to feature number 2025, semibin_SRR11413618.43_sub
2025-11-26 18:17:58.651579 INFO::Fitting model to feature number 2026, metabat_SRR16554779.19
2025-11-26 18:17:58.676135 INFO::Fitting model to feature number 2027, semibin_SRR23364231.16
2025-11-26 18:17:58.699408 INFO::Fitting model to feature number 2028, semibin_SRR6000932.54
2025-11-26 18:17:58.731225 INFO::Fitting model to feature number 2029, maxbin_SRR16554760.005
2025-11-26 18:17:58.75607 INFO::Fitting model to feature number 2030, metabat_SRR16554656.29
2025-11-26 18:17:58.781987 INFO::Fitting model to feature number 2031, metabat_ERR6275678.3
2025-11-26 18:17:58.804923 INFO::Fitting model to feature number 2032, semibin_SRR5930506.126
2025-11-26 18:17:58.830186 INFO::Fitting model to feature number 2033, semibin_SRR13068823.83
2025-11-26 18:17:58.853113 INFO::Fitting model to feature number 2034, metabat_SRR16554757.37
2025-11-26 18:17:58.877772 INFO::Fitting model to feature number 2035, semibin_ERR12405934.0
2025-11-26 18:17:58.900817 INFO::Fitting model to feature number 2036, metabat_SRR13068834.35
2025-11-26 18:17:58.925426 INFO::Fitting model to feature number 2037, metabat_SRR5930494.44
2025-11-26 18:17:58.949509 INFO::Fitting model to feature number 2038, semibin_ERR12405946.2
2025-11-26 18:17:58.973186 INFO::Fitting model to feature number 2039, metabat_ERR6279648.17_sub
2025-11-26 18:17:58.997729 INFO::Fitting model to feature number 2040, metabat_ERR6231475.22_sub
2025-11-26 18:17:59.021429 INFO::Fitting model to feature number 2041, maxbin_SRR16554660.004
2025-11-26 18:17:59.057357 INFO::Fitting model to feature number 2042, semibin_SRR16168984.61
2025-11-26 18:17:59.086352 INFO::Fitting model to feature number 2043, semibin_SRR11413656.61
2025-11-26 18:17:59.111729 INFO::Fitting model to feature number 2044, maxbin_SRR5930508.015
2025-11-26 18:17:59.135028 INFO::Fitting model to feature number 2045, maxbin_ERR6281342.028
2025-11-26 18:17:59.159599 INFO::Fitting model to feature number 2046, metabat_SRR16554777.11
2025-11-26 18:17:59.183542 INFO::Fitting model to feature number 2047, maxbin_SRR16554777.024_sub
2025-11-26 18:17:59.207307 INFO::Fitting model to feature number 2048, semibin_ERR12405939.57_sub
2025-11-26 18:17:59.23105 INFO::Fitting model to feature number 2049, maxbin_SRR20881987.014_sub
2025-11-26 18:17:59.254428 INFO::Fitting model to feature number 2050, semibin_SRR11413649.8
2025-11-26 18:17:59.300061 INFO::Fitting model to feature number 2051, semibin_SRR6000909.45
2025-11-26 18:17:59.324558 INFO::Fitting model to feature number 2052, semibin_SRR23364196.25
2025-11-26 18:17:59.348336 INFO::Fitting model to feature number 2053, maxbin_ERR6279677.010
2025-11-26 18:17:59.379721 INFO::Fitting model to feature number 2054, semibin_SRR5930531.137
2025-11-26 18:17:59.405059 INFO::Fitting model to feature number 2055, maxbin_ERR12406007.007
2025-11-26 18:17:59.430484 INFO::Fitting model to feature number 2056, metabat_SRR13068843.23
2025-11-26 18:17:59.453892 INFO::Fitting model to feature number 2057, metabat_SRR6000894.44
2025-11-26 18:17:59.478494 INFO::Fitting model to feature number 2058, metabat_SRR11413691.28
2025-11-26 18:17:59.502584 INFO::Fitting model to feature number 2059, semibin_SRR16554790.12
2025-11-26 18:17:59.527267 INFO::Fitting model to feature number 2060, metabat_SRR16554687.21
2025-11-26 18:17:59.551739 INFO::Fitting model to feature number 2061, semibin_SRR16554715.19
2025-11-26 18:17:59.575829 INFO::Fitting model to feature number 2062, semibin_ERR6282137.82
2025-11-26 18:17:59.600766 INFO::Fitting model to feature number 2063, semibin_SRR6000946.68
2025-11-26 18:17:59.624708 INFO::Fitting model to feature number 2064, semibin_SRR11413683.84
2025-11-26 18:17:59.649899 INFO::Fitting model to feature number 2065, semibin_SRR5930526.3
2025-11-26 18:17:59.674328 INFO::Fitting model to feature number 2066, semibin_ERR6233693.3_sub
2025-11-26 18:17:59.711556 INFO::Fitting model to feature number 2067, semibin_SRR23364176.76
2025-11-26 18:17:59.736488 INFO::Fitting model to feature number 2068, maxbin_SRR6000949.021_sub
2025-11-26 18:17:59.76446 INFO::Fitting model to feature number 2069, metabat_SRR13022456.2
2025-11-26 18:17:59.788098 INFO::Fitting model to feature number 2070, semibin_SRR16168938.32
2025-11-26 18:17:59.812788 INFO::Fitting model to feature number 2071, metabat_ERR6279629.12_sub
2025-11-26 18:17:59.836753 INFO::Fitting model to feature number 2072, semibin_SRR16168896.8
2025-11-26 18:17:59.861116 INFO::Fitting model to feature number 2073, semibin_ERR6279628.63
2025-11-26 18:17:59.885117 INFO::Fitting model to feature number 2074, semibin_ERR12405932.31
2025-11-26 18:17:59.908639 INFO::Fitting model to feature number 2075, maxbin_SRR16168986.013_sub
2025-11-26 18:17:59.934551 INFO::Fitting model to feature number 2076, semibin_ERR12405916.3
2025-11-26 18:17:59.979507 INFO::Fitting model to feature number 2077, semibin_SRR5930527.76
2025-11-26 18:18:00.002845 INFO::Fitting model to feature number 2078, metabat_ERR6254871.61
2025-11-26 18:18:00.036821 INFO::Fitting model to feature number 2079, semibin_ERR12405995.25
2025-11-26 18:18:00.060901 INFO::Fitting model to feature number 2080, semibin_ERR6279671.28_sub
2025-11-26 18:18:00.087523 INFO::Fitting model to feature number 2081, metabat_SRR11413610.65_sub
2025-11-26 18:18:00.110843 INFO::Fitting model to feature number 2082, semibin_SRR16554634.8_sub
2025-11-26 18:18:00.135428 INFO::Fitting model to feature number 2083, metabat_SRR25825516.12
2025-11-26 18:18:00.159387 INFO::Fitting model to feature number 2084, metabat_SRR23364176.34
2025-11-26 18:18:00.183815 INFO::Fitting model to feature number 2085, metabat_SRR16168940.14
2025-11-26 18:18:00.20838 INFO::Fitting model to feature number 2086, semibin_SRR5930527.83_sub
2025-11-26 18:18:00.232294 INFO::Fitting model to feature number 2087, maxbin_ERR6254871.004
2025-11-26 18:18:00.257322 INFO::Fitting model to feature number 2088, maxbin_SRR11413618.087_sub
2025-11-26 18:18:00.280564 INFO::Fitting model to feature number 2089, metabat_SRR16554758.22
2025-11-26 18:18:00.305696 INFO::Fitting model to feature number 2090, semibin_SRR13022263.2
2025-11-26 18:18:00.329289 INFO::Fitting model to feature number 2091, semibin_ERR6279669.31_sub
2025-11-26 18:18:00.364368 INFO::Fitting model to feature number 2092, maxbin_SRR5930533.003
2025-11-26 18:18:00.389421 INFO::Fitting model to feature number 2093, metabat_ERR12405932.24
2025-11-26 18:18:00.414514 INFO::Fitting model to feature number 2094, maxbin_SRR13068819.002
2025-11-26 18:18:00.437439 INFO::Fitting model to feature number 2095, maxbin_ERR6275680.033
2025-11-26 18:18:00.462255 INFO::Fitting model to feature number 2096, semibin_SRR16554628.84
2025-11-26 18:18:00.485205 INFO::Fitting model to feature number 2097, metabat_SRR6000949.42_sub
2025-11-26 18:18:00.509909 INFO::Fitting model to feature number 2098, metabat_SRR11413618.80
2025-11-26 18:18:00.533544 INFO::Fitting model to feature number 2099, metabat_ERR12406013.34
2025-11-26 18:18:00.557513 INFO::Fitting model to feature number 2100, semibin_SRR11413614.5_sub
2025-11-26 18:18:00.581337 INFO::Fitting model to feature number 2101, maxbin_SRR5930511.004
2025-11-26 18:18:00.604845 INFO::Fitting model to feature number 2102, semibin_SRR5930498.210
2025-11-26 18:18:00.650601 INFO::Fitting model to feature number 2103, maxbin_SRR16554769.015_sub
2025-11-26 18:18:00.687622 INFO::Fitting model to feature number 2104, semibin_SRR16554651.34_sub
2025-11-26 18:18:00.711747 INFO::Fitting model to feature number 2105, semibin_ERR12405970.21
2025-11-26 18:18:00.74314 INFO::Fitting model to feature number 2106, metabat_ERR12405928.43
2025-11-26 18:18:00.767139 INFO::Fitting model to feature number 2107, metabat_ERR6281518.47
2025-11-26 18:18:00.79223 INFO::Fitting model to feature number 2108, semibin_SRR11413606.86
2025-11-26 18:18:00.816032 INFO::Fitting model to feature number 2109, maxbin_SRR5930508.022
2025-11-26 18:18:00.840533 INFO::Fitting model to feature number 2110, metabat_ERR12405931.15
2025-11-26 18:18:00.864395 INFO::Fitting model to feature number 2111, maxbin_SRR16554647.016
2025-11-26 18:18:00.888801 INFO::Fitting model to feature number 2112, semibin_ERR6281341.23_sub
2025-11-26 18:18:00.913673 INFO::Fitting model to feature number 2113, semibin_ERR6275668.67
2025-11-26 18:18:00.937375 INFO::Fitting model to feature number 2114, metabat_SRR11413683.6_sub
2025-11-26 18:18:00.962117 INFO::Fitting model to feature number 2115, maxbin_SRR5930529.037
2025-11-26 18:18:00.985944 INFO::Fitting model to feature number 2116, maxbin_SRR16168918.066
2025-11-26 18:18:01.016137 INFO::Fitting model to feature number 2117, semibin_SRR16168940.27
2025-11-26 18:18:01.041759 INFO::Fitting model to feature number 2118, semibin_SRR13068843.62_sub
2025-11-26 18:18:01.069774 INFO::Fitting model to feature number 2119, metabat_SRR16168945.34
2025-11-26 18:18:01.09316 INFO::Fitting model to feature number 2120, semibin_ERR6279626.1
2025-11-26 18:18:01.117953 INFO::Fitting model to feature number 2121, maxbin_ERR6281586.033
2025-11-26 18:18:01.141211 INFO::Fitting model to feature number 2122, semibin_SRR6000901.38
2025-11-26 18:18:01.16597 INFO::Fitting model to feature number 2123, metabat_ERR12405984.37
2025-11-26 18:18:01.189067 INFO::Fitting model to feature number 2124, semibin_SRR11413619.8_sub
2025-11-26 18:18:01.213773 INFO::Fitting model to feature number 2125, metabat_ERR6279657.98_sub
2025-11-26 18:18:01.23751 INFO::Fitting model to feature number 2126, metabat_SRR16554725.6
2025-11-26 18:18:01.262275 INFO::Fitting model to feature number 2127, semibin_SRR25825512.2_sub
2025-11-26 18:18:01.288321 INFO::Fitting model to feature number 2128, semibin_ERR12405955.23_sub
2025-11-26 18:18:01.338291 INFO::Fitting model to feature number 2129, semibin_ERR12405994.32
2025-11-26 18:18:01.368279 INFO::Fitting model to feature number 2130, semibin_ERR6281658.16
2025-11-26 18:18:01.401206 INFO::Fitting model to feature number 2131, semibin_ERR6279628.51
2025-11-26 18:18:01.426468 INFO::Fitting model to feature number 2132, maxbin_SRR5930507.019
2025-11-26 18:18:01.451788 INFO::Fitting model to feature number 2133, metabat_ERR6275673.75
2025-11-26 18:18:01.476972 INFO::Fitting model to feature number 2134, metabat_SRR11413690.18
2025-11-26 18:18:01.502175 INFO::Fitting model to feature number 2135, metabat_ERR6233695.27
2025-11-26 18:18:01.526366 INFO::Fitting model to feature number 2136, maxbin_SRR11413645.052
2025-11-26 18:18:01.551374 INFO::Fitting model to feature number 2137, semibin_SRR20881974.45_sub
2025-11-26 18:18:01.574952 INFO::Fitting model to feature number 2138, metabat_SRR16554760.8_sub
2025-11-26 18:18:01.599918 INFO::Fitting model to feature number 2139, semibin_ERR6279669.43
2025-11-26 18:18:01.623106 INFO::Fitting model to feature number 2140, semibin_SRR16554684.32
2025-11-26 18:18:01.648243 INFO::Fitting model to feature number 2141, maxbin_SRR5930503.014
2025-11-26 18:18:01.676011 INFO::Fitting model to feature number 2142, maxbin_SRR16168926.001_sub
2025-11-26 18:18:01.707999 INFO::Fitting model to feature number 2143, semibin_ERR6235718.14
2025-11-26 18:18:01.735934 INFO::Fitting model to feature number 2144, semibin_ERR6275674.52
2025-11-26 18:18:01.760593 INFO::Fitting model to feature number 2145, metabat_SRR11413679.7
2025-11-26 18:18:01.786668 INFO::Fitting model to feature number 2146, metabat_SRR6000932.38
2025-11-26 18:18:01.811772 INFO::Fitting model to feature number 2147, maxbin_ERR6229432.012
2025-11-26 18:18:01.836762 INFO::Fitting model to feature number 2148, maxbin_SRR16554633.011
2025-11-26 18:18:01.861827 INFO::Fitting model to feature number 2149, metabat_SRR16554632.20
2025-11-26 18:18:01.888037 INFO::Fitting model to feature number 2150, metabat_SRR16554769.2
2025-11-26 18:18:01.913152 INFO::Fitting model to feature number 2151, maxbin_SRR13068818.027_sub
2025-11-26 18:18:01.938208 INFO::Fitting model to feature number 2152, semibin_SRR8387683.34_sub
2025-11-26 18:18:01.972708 INFO::Fitting model to feature number 2153, metabat_ERR12405935.40
2025-11-26 18:18:01.996357 INFO::Fitting model to feature number 2154, maxbin_ERR6281434.009_sub
2025-11-26 18:18:02.033526 INFO::Fitting model to feature number 2155, semibin_SRR5930520.204
2025-11-26 18:18:02.114695 INFO::Fitting model to feature number 2156, metabat_SRR16554651.36
2025-11-26 18:18:02.142612 INFO::Fitting model to feature number 2157, metabat_ERR12405911.15
2025-11-26 18:18:02.166858 INFO::Fitting model to feature number 2158, maxbin_SRR5930520.011
2025-11-26 18:18:02.192121 INFO::Fitting model to feature number 2159, maxbin_SRR16554740.019
2025-11-26 18:18:02.216834 INFO::Fitting model to feature number 2160, maxbin_SRR16168940.020_sub
2025-11-26 18:18:02.24257 INFO::Fitting model to feature number 2161, metabat_SRR25825506.41
2025-11-26 18:18:02.267867 INFO::Fitting model to feature number 2162, maxbin_SRR11413618.020
2025-11-26 18:18:02.2921 INFO::Fitting model to feature number 2163, metabat_SRR16554660.42
2025-11-26 18:18:02.318213 INFO::Fitting model to feature number 2164, semibin_SRR16554639.10
2025-11-26 18:18:02.343565 INFO::Fitting model to feature number 2165, semibin_SRR16168940.32
2025-11-26 18:18:02.36874 INFO::Fitting model to feature number 2166, metabat_ERR6281500.32
2025-11-26 18:18:02.395694 INFO::Fitting model to feature number 2167, maxbin_SRR5930507.005
2025-11-26 18:18:02.428409 INFO::Fitting model to feature number 2168, metabat_SRR20881978.1_sub
2025-11-26 18:18:02.453913 INFO::Fitting model to feature number 2169, metabat_SRR16554669.42
2025-11-26 18:18:02.480812 INFO::Fitting model to feature number 2170, metabat_SRR16554641.12
2025-11-26 18:18:02.506261 INFO::Fitting model to feature number 2171, semibin_SRR11413652.9_sub
2025-11-26 18:18:02.532163 INFO::Fitting model to feature number 2172, semibin_ERR6279676.74
2025-11-26 18:18:02.559356 INFO::Fitting model to feature number 2173, semibin_SRR16554660.115
2025-11-26 18:18:02.585006 INFO::Fitting model to feature number 2174, maxbin_SRR23364170.010_sub
2025-11-26 18:18:02.611093 INFO::Fitting model to feature number 2175, semibin_SRR16168985.93
2025-11-26 18:18:02.635881 INFO::Fitting model to feature number 2176, semibin_SRR16554671.39
2025-11-26 18:18:02.663537 INFO::Fitting model to feature number 2177, maxbin_SRR5930501.008
2025-11-26 18:18:02.689712 INFO::Fitting model to feature number 2178, semibin_SRR11413657.56
2025-11-26 18:18:02.717296 INFO::Fitting model to feature number 2179, maxbin_ERR12405934.015_sub
2025-11-26 18:18:02.757025 INFO::Fitting model to feature number 2180, metabat_ERR6275668.55
2025-11-26 18:18:02.783244 INFO::Fitting model to feature number 2181, metabat_SRR11413611.60
2025-11-26 18:18:02.832237 INFO::Fitting model to feature number 2182, semibin_SRR16554627.71
2025-11-26 18:18:02.857682 INFO::Fitting model to feature number 2183, maxbin_ERR6232527.010
2025-11-26 18:18:02.881495 INFO::Fitting model to feature number 2184, metabat_SRR13068815.13_sub
2025-11-26 18:18:02.906215 INFO::Fitting model to feature number 2185, metabat_ERR6280907.89
2025-11-26 18:18:02.929971 INFO::Fitting model to feature number 2186, semibin_SRR5930497.77
2025-11-26 18:18:02.955146 INFO::Fitting model to feature number 2187, semibin_SRR11413678.51
2025-11-26 18:18:02.979215 INFO::Fitting model to feature number 2188, semibin_SRR16554777.37
2025-11-26 18:18:03.012213 INFO::Fitting model to feature number 2189, metabat_SRR16554757.25
2025-11-26 18:18:03.039326 INFO::Fitting model to feature number 2190, semibin_SRR16554766.58
2025-11-26 18:18:03.066598 INFO::Fitting model to feature number 2191, metabat_ERR12406004.31
2025-11-26 18:18:03.090014 INFO::Fitting model to feature number 2192, semibin_SRR25825501.28
2025-11-26 18:18:03.11507 INFO::Fitting model to feature number 2193, maxbin_SRR25825518.017_sub
2025-11-26 18:18:03.138261 INFO::Fitting model to feature number 2194, maxbin_SRR16554626.019
2025-11-26 18:18:03.163042 INFO::Fitting model to feature number 2195, metabat_SRR20881983.76
2025-11-26 18:18:03.18667 INFO::Fitting model to feature number 2196, metabat_SRR11413618.92
2025-11-26 18:18:03.211875 INFO::Fitting model to feature number 2197, semibin_ERR6229432.4
2025-11-26 18:18:03.23572 INFO::Fitting model to feature number 2198, semibin_SRR16554650.13
2025-11-26 18:18:03.260522 INFO::Fitting model to feature number 2199, metabat_ERR6279624.22
2025-11-26 18:18:03.284156 INFO::Fitting model to feature number 2200, semibin_SRR5930512.42
2025-11-26 18:18:03.309041 INFO::Fitting model to feature number 2201, semibin_SRR5930528.78
2025-11-26 18:18:03.336584 INFO::Fitting model to feature number 2202, semibin_SRR20881987.22
2025-11-26 18:18:03.362607 INFO::Fitting model to feature number 2203, maxbin_ERR6275677.011
2025-11-26 18:18:03.388998 INFO::Fitting model to feature number 2204, maxbin_SRR11413614.027_sub
2025-11-26 18:18:03.420711 INFO::Fitting model to feature number 2205, metabat_SRR5930508.52
2025-11-26 18:18:03.448357 INFO::Fitting model to feature number 2206, metabat_SRR6000920.5_sub
2025-11-26 18:18:03.473587 INFO::Fitting model to feature number 2207, semibin_SRR6000908.41
2025-11-26 18:18:03.523304 INFO::Fitting model to feature number 2208, metabat_ERR6279625.50
2025-11-26 18:18:03.550067 INFO::Fitting model to feature number 2209, metabat_SRR16554769.49
2025-11-26 18:18:03.576647 INFO::Fitting model to feature number 2210, semibin_SRR13068843.26
2025-11-26 18:18:03.602146 INFO::Fitting model to feature number 2211, metabat_ERR6280899.67
2025-11-26 18:18:03.627899 INFO::Fitting model to feature number 2212, semibin_ERR6280899.10
2025-11-26 18:18:03.659524 INFO::Fitting model to feature number 2213, maxbin_SRR5930505.002
2025-11-26 18:18:03.685102 INFO::Fitting model to feature number 2214, metabat_SRR16168986.30_sub
2025-11-26 18:18:03.712991 INFO::Fitting model to feature number 2215, semibin_SRR5930495.18
2025-11-26 18:18:03.737794 INFO::Fitting model to feature number 2216, metabat_SRR13068843.10_sub
2025-11-26 18:18:03.762803 INFO::Fitting model to feature number 2217, semibin_SRR16554649.13
2025-11-26 18:18:03.787496 INFO::Fitting model to feature number 2218, metabat_ERR6281518.61_sub
2025-11-26 18:18:03.812112 INFO::Fitting model to feature number 2219, semibin_ERR12405943.65
2025-11-26 18:18:03.836191 INFO::Fitting model to feature number 2220, metabat_SRR13068823.23
2025-11-26 18:18:03.861331 INFO::Fitting model to feature number 2221, metabat_SRR23364198.6
2025-11-26 18:18:03.885059 INFO::Fitting model to feature number 2222, semibin_ERR12405966.20
2025-11-26 18:18:03.910321 INFO::Fitting model to feature number 2223, semibin_SRR16554715.26
2025-11-26 18:18:03.933791 INFO::Fitting model to feature number 2224, semibin_SRR11413646.12
2025-11-26 18:18:03.95921 INFO::Fitting model to feature number 2225, metabat_SRR5930531.8_sub
2025-11-26 18:18:03.986586 INFO::Fitting model to feature number 2226, semibin_SRR5930527.114
2025-11-26 18:18:04.01768 INFO::Fitting model to feature number 2227, semibin_SRR5930517.9
2025-11-26 18:18:04.045509 INFO::Fitting model to feature number 2228, metabat_ERR6275666.22_sub
2025-11-26 18:18:04.075493 INFO::Fitting model to feature number 2229, semibin_SRR16554760.12
2025-11-26 18:18:04.101258 INFO::Fitting model to feature number 2230, semibin_SRR16168940.67
2025-11-26 18:18:04.125848 INFO::Fitting model to feature number 2231, semibin_SRR16554651.7
2025-11-26 18:18:04.151136 INFO::Fitting model to feature number 2232, metabat_SRR5930520.89
2025-11-26 18:18:04.175119 INFO::Fitting model to feature number 2233, semibin_ERR6279669.75_sub
2025-11-26 18:18:04.200305 INFO::Fitting model to feature number 2234, semibin_ERR6279672.47
2025-11-26 18:18:04.246565 INFO::Fitting model to feature number 2235, semibin_SRR25825521.35
2025-11-26 18:18:04.271408 INFO::Fitting model to feature number 2236, semibin_SRR16554660.121
2025-11-26 18:18:04.298908 INFO::Fitting model to feature number 2237, semibin_SRR5930522.7_sub
2025-11-26 18:18:04.323186 INFO::Fitting model to feature number 2238, metabat_SRR16554763.17
2025-11-26 18:18:04.358658 INFO::Fitting model to feature number 2239, maxbin_ERR12405990.012
2025-11-26 18:18:04.384389 INFO::Fitting model to feature number 2240, semibin_SRR5930504.70
2025-11-26 18:18:04.413445 INFO::Fitting model to feature number 2241, semibin_SRR11413654.127
2025-11-26 18:18:04.438574 INFO::Fitting model to feature number 2242, semibin_SRR16554681.35
2025-11-26 18:18:04.464801 INFO::Fitting model to feature number 2243, maxbin_SRR16168943.020_sub
2025-11-26 18:18:04.48855 INFO::Fitting model to feature number 2244, semibin_SRR11413656.55
2025-11-26 18:18:04.513805 INFO::Fitting model to feature number 2245, semibin_ERR6233694.0
2025-11-26 18:18:04.537414 INFO::Fitting model to feature number 2246, semibin_SRR5930495.0_sub
2025-11-26 18:18:04.56292 INFO::Fitting model to feature number 2247, maxbin_SRR5930519.005
2025-11-26 18:18:04.587455 INFO::Fitting model to feature number 2248, metabat_ERR6279669.21
2025-11-26 18:18:04.612494 INFO::Fitting model to feature number 2249, metabat_SRR16554726.7
2025-11-26 18:18:04.637033 INFO::Fitting model to feature number 2250, maxbin_ERR12405920.014
2025-11-26 18:18:04.661631 INFO::Fitting model to feature number 2251, semibin_SRR13068831.57
2025-11-26 18:18:04.70397 INFO::Fitting model to feature number 2252, maxbin_SRR11413687.052
2025-11-26 18:18:04.727561 INFO::Fitting model to feature number 2253, metabat_ERR12405929.15
2025-11-26 18:18:04.754034 INFO::Fitting model to feature number 2254, metabat_SRR11413606.21
2025-11-26 18:18:04.777111 INFO::Fitting model to feature number 2255, metabat_SRR11413620.38
2025-11-26 18:18:04.803041 INFO::Fitting model to feature number 2256, metabat_ERR6243880.19
2025-11-26 18:18:04.82639 INFO::Fitting model to feature number 2257, semibin_SRR5930511.18_sub
2025-11-26 18:18:04.851744 INFO::Fitting model to feature number 2258, semibin_SRR5930515.71
2025-11-26 18:18:04.875437 INFO::Fitting model to feature number 2259, semibin_ERR12406002.26_sub
2025-11-26 18:18:04.900327 INFO::Fitting model to feature number 2260, semibin_SRR16168986.17
2025-11-26 18:18:04.954254 INFO::Fitting model to feature number 2261, maxbin_SRR13068832.004
2025-11-26 18:18:04.981736 INFO::Fitting model to feature number 2262, semibin_SRR5930498.39
2025-11-26 18:18:05.009956 INFO::Fitting model to feature number 2263, semibin_SRR23364208.18
2025-11-26 18:18:05.036213 INFO::Fitting model to feature number 2264, maxbin_ERR6281448.022
2025-11-26 18:18:05.061214 INFO::Fitting model to feature number 2265, semibin_ERR6232458.31
2025-11-26 18:18:05.087037 INFO::Fitting model to feature number 2266, semibin_SRR23364193.23
2025-11-26 18:18:05.111092 INFO::Fitting model to feature number 2267, metabat_SRR11413692.37
2025-11-26 18:18:05.136677 INFO::Fitting model to feature number 2268, metabat_SRR6000892.60
2025-11-26 18:18:05.160477 INFO::Fitting model to feature number 2269, metabat_ERR12405987.26
2025-11-26 18:18:05.193403 INFO::Fitting model to feature number 2270, semibin_SRR16168982.59
2025-11-26 18:18:05.220517 INFO::Fitting model to feature number 2271, semibin_SRR5930494.87
2025-11-26 18:18:05.246329 INFO::Fitting model to feature number 2272, metabat_SRR11413654.13
2025-11-26 18:18:05.281483 INFO::Fitting model to feature number 2273, metabat_ERR6281000.30
2025-11-26 18:18:05.309798 INFO::Fitting model to feature number 2274, semibin_SRR16554647.36
2025-11-26 18:18:05.338127 INFO::Fitting model to feature number 2275, metabat_ERR6279629.17_sub
2025-11-26 18:18:05.365967 INFO::Fitting model to feature number 2276, metabat_SRR13022269.5
2025-11-26 18:18:05.394988 INFO::Fitting model to feature number 2277, metabat_SRR5930499.54
2025-11-26 18:18:05.419767 INFO::Fitting model to feature number 2278, semibin_SRR11413647.85
2025-11-26 18:18:05.445848 INFO::Fitting model to feature number 2279, maxbin_SRR11413619.035_sub
2025-11-26 18:18:05.470064 INFO::Fitting model to feature number 2280, metabat_ERR6279624.53
2025-11-26 18:18:05.495582 INFO::Fitting model to feature number 2281, maxbin_SRR5930514.013_sub
2025-11-26 18:18:05.519158 INFO::Fitting model to feature number 2282, metabat_ERR12405946.17
2025-11-26 18:18:05.544451 INFO::Fitting model to feature number 2283, semibin_SRR5930536.78
2025-11-26 18:18:05.569249 INFO::Fitting model to feature number 2284, metabat_ERR6279622.22
2025-11-26 18:18:05.601909 INFO::Fitting model to feature number 2285, metabat_SRR5930501.36
2025-11-26 18:18:05.626172 INFO::Fitting model to feature number 2286, metabat_ERR6232382.25
2025-11-26 18:18:05.674957 INFO::Fitting model to feature number 2287, metabat_SRR5930514.54
2025-11-26 18:18:05.701845 INFO::Fitting model to feature number 2288, semibin_SRR11413611.51_sub
2025-11-26 18:18:05.72613 INFO::Fitting model to feature number 2289, maxbin_SRR11413678.037
2025-11-26 18:18:05.751792 INFO::Fitting model to feature number 2290, semibin_ERR12405928.62
2025-11-26 18:18:05.77583 INFO::Fitting model to feature number 2291, maxbin_SRR16554679.010
2025-11-26 18:18:05.801536 INFO::Fitting model to feature number 2292, maxbin_SRR16554666.026
2025-11-26 18:18:05.825849 INFO::Fitting model to feature number 2293, maxbin_SRR13068839.007_sub
2025-11-26 18:18:05.851506 INFO::Fitting model to feature number 2294, metabat_SRR11413648.66
2025-11-26 18:18:05.875075 INFO::Fitting model to feature number 2295, semibin_ERR6279655.12
2025-11-26 18:18:05.908652 INFO::Fitting model to feature number 2296, maxbin_SRR13068843.042_sub
2025-11-26 18:18:05.934086 INFO::Fitting model to feature number 2297, semibin_SRR5930516.46
2025-11-26 18:18:05.959917 INFO::Fitting model to feature number 2298, metabat_SRR16554634.5
2025-11-26 18:18:05.983055 INFO::Fitting model to feature number 2299, metabat_SRR11413613.46
2025-11-26 18:18:06.007836 INFO::Fitting model to feature number 2300, semibin_SRR16168929.43
2025-11-26 18:18:06.031521 INFO::Fitting model to feature number 2301, metabat_SRR23364216.24
2025-11-26 18:18:06.05685 INFO::Fitting model to feature number 2302, metabat_SRR11413610.48
2025-11-26 18:18:06.080345 INFO::Fitting model to feature number 2303, metabat_ERR6279677.13
2025-11-26 18:18:06.105222 INFO::Fitting model to feature number 2304, metabat_SRR16168942.31
2025-11-26 18:18:06.128759 INFO::Fitting model to feature number 2305, metabat_SRR20881980.24_sub
2025-11-26 18:18:06.156114 INFO::Fitting model to feature number 2306, maxbin_SRR16554627.030_sub
2025-11-26 18:18:06.179589 INFO::Fitting model to feature number 2307, metabat_SRR25825519.12_sub
2025-11-26 18:18:06.204721 INFO::Fitting model to feature number 2308, metabat_SRR5930515.44_sub
2025-11-26 18:18:06.230136 INFO::Fitting model to feature number 2309, semibin_SRR5930528.83_sub
2025-11-26 18:18:06.261638 INFO::Fitting model to feature number 2310, metabat_SRR23364199.7
2025-11-26 18:18:06.287559 INFO::Fitting model to feature number 2311, semibin_SRR20881977.6
2025-11-26 18:18:06.315526 INFO::Fitting model to feature number 2312, semibin_ERR6282137.102
2025-11-26 18:18:06.338158 INFO::Fitting model to feature number 2313, maxbin_SRR13068846.017_sub
2025-11-26 18:18:06.384925 INFO::Fitting model to feature number 2314, metabat_ERR6281000.35
2025-11-26 18:18:06.410231 INFO::Fitting model to feature number 2315, maxbin_SRR5930517.009
2025-11-26 18:18:06.43385 INFO::Fitting model to feature number 2316, semibin_SRR16168940.58
2025-11-26 18:18:06.459123 INFO::Fitting model to feature number 2317, semibin_ERR12405963.29
2025-11-26 18:18:06.482451 INFO::Fitting model to feature number 2318, semibin_SRR13068830.47
2025-11-26 18:18:06.507629 INFO::Fitting model to feature number 2319, semibin_SRR16168976.4
2025-11-26 18:18:06.531058 INFO::Fitting model to feature number 2320, metabat_SRR11413649.70
2025-11-26 18:18:06.56563 INFO::Fitting model to feature number 2321, metabat_SRR6000909.37
2025-11-26 18:18:06.590562 INFO::Fitting model to feature number 2322, semibin_ERR6275675.39_sub
2025-11-26 18:18:06.620028 INFO::Fitting model to feature number 2323, maxbin_SRR5930509.015_sub
2025-11-26 18:18:06.643654 INFO::Fitting model to feature number 2324, metabat_ERR6239139.1
2025-11-26 18:18:06.668808 INFO::Fitting model to feature number 2325, semibin_SRR16168943.33
2025-11-26 18:18:06.692182 INFO::Fitting model to feature number 2326, metabat_ERR6281518.75
2025-11-26 18:18:06.717199 INFO::Fitting model to feature number 2327, metabat_ERR6280907.74
2025-11-26 18:18:06.740466 INFO::Fitting model to feature number 2328, metabat_SRR5930494.32
2025-11-26 18:18:06.765903 INFO::Fitting model to feature number 2329, metabat_SRR11413617.26_sub
2025-11-26 18:18:06.789259 INFO::Fitting model to feature number 2330, metabat_SRR5930526.94
2025-11-26 18:18:06.814421 INFO::Fitting model to feature number 2331, semibin_SRR5930536.22
2025-11-26 18:18:06.837791 INFO::Fitting model to feature number 2332, metabat_ERR6281518.71
2025-11-26 18:18:06.862854 INFO::Fitting model to feature number 2333, metabat_SRR16554638.16_sub
2025-11-26 18:18:06.886323 INFO::Fitting model to feature number 2334, semibin_SRR5930520.61
2025-11-26 18:18:06.918477 INFO::Fitting model to feature number 2335, semibin_SRR25825501.10
2025-11-26 18:18:06.942963 INFO::Fitting model to feature number 2336, metabat_SRR25825519.52
2025-11-26 18:18:06.969594 INFO::Fitting model to feature number 2337, maxbin_SRR5930503.016
2025-11-26 18:18:06.993354 INFO::Fitting model to feature number 2338, semibin_SRR16554654.4_sub
2025-11-26 18:18:07.018558 INFO::Fitting model to feature number 2339, semibin_SRR11413657.92
2025-11-26 18:18:07.067051 INFO::Fitting model to feature number 2340, metabat_SRR23364199.53_sub
2025-11-26 18:18:07.090927 INFO::Fitting model to feature number 2341, semibin_ERR12405957.24
2025-11-26 18:18:07.116171 INFO::Fitting model to feature number 2342, metabat_SRR8387676.9
2025-11-26 18:18:07.139582 INFO::Fitting model to feature number 2343, maxbin_ERR6275663.053
2025-11-26 18:18:07.164602 INFO::Fitting model to feature number 2344, semibin_ERR12405997.23
2025-11-26 18:18:07.188018 INFO::Fitting model to feature number 2345, semibin_SRR11413689.52
2025-11-26 18:18:07.213266 INFO::Fitting model to feature number 2346, metabat_ERR12405965.8
2025-11-26 18:18:07.236633 INFO::Fitting model to feature number 2347, metabat_SRR16554660.26
2025-11-26 18:18:07.268335 INFO::Fitting model to feature number 2348, semibin_SRR11413613.8
2025-11-26 18:18:07.292183 INFO::Fitting model to feature number 2349, maxbin_SRR5930528.078
2025-11-26 18:18:07.320658 INFO::Fitting model to feature number 2350, semibin_SRR11413689.16
2025-11-26 18:18:07.343884 INFO::Fitting model to feature number 2351, maxbin_SRR5930498.005
2025-11-26 18:18:07.368561 INFO::Fitting model to feature number 2352, semibin_ERR6279628.5
2025-11-26 18:18:07.391815 INFO::Fitting model to feature number 2353, maxbin_SRR5930518.004
2025-11-26 18:18:07.417357 INFO::Fitting model to feature number 2354, semibin_SRR11413685.32
2025-11-26 18:18:07.440187 INFO::Fitting model to feature number 2355, metabat_SRR16168942.20
2025-11-26 18:18:07.465161 INFO::Fitting model to feature number 2356, metabat_SRR13068825.48
2025-11-26 18:18:07.48832 INFO::Fitting model to feature number 2357, metabat_SRR25825498.33
2025-11-26 18:18:07.513638 INFO::Fitting model to feature number 2358, metabat_SRR23364187.36
2025-11-26 18:18:07.536957 INFO::Fitting model to feature number 2359, metabat_SRR5930528.76_sub
2025-11-26 18:18:07.574991 INFO::Fitting model to feature number 2360, metabat_ERR6232525.20
2025-11-26 18:18:07.599488 INFO::Fitting model to feature number 2361, semibin_SRR16168952.25
2025-11-26 18:18:07.626144 INFO::Fitting model to feature number 2362, metabat_SRR16168920.6
2025-11-26 18:18:07.649127 INFO::Fitting model to feature number 2363, maxbin_ERR12406009.012
2025-11-26 18:18:07.674525 INFO::Fitting model to feature number 2364, metabat_SRR16168896.21
2025-11-26 18:18:07.697789 INFO::Fitting model to feature number 2365, maxbin_SRR5930505.021_sub
2025-11-26 18:18:07.743303 INFO::Fitting model to feature number 2366, semibin_SRR16168940.30
2025-11-26 18:18:07.768926 INFO::Fitting model to feature number 2367, semibin_SRR5930522.26
2025-11-26 18:18:07.792722 INFO::Fitting model to feature number 2368, semibin_SRR16554649.29
2025-11-26 18:18:07.817796 INFO::Fitting model to feature number 2369, maxbin_ERR6275652.027
2025-11-26 18:18:07.840946 INFO::Fitting model to feature number 2370, metabat_SRR16554650.19
2025-11-26 18:18:07.873414 INFO::Fitting model to feature number 2371, metabat_ERR6232524.25
2025-11-26 18:18:07.8988 INFO::Fitting model to feature number 2372, semibin_SRR11413649.107
2025-11-26 18:18:07.928051 INFO::Fitting model to feature number 2373, semibin_SRR5930507.107
2025-11-26 18:18:07.951287 INFO::Fitting model to feature number 2374, maxbin_SRR16168918.021
2025-11-26 18:18:07.977603 INFO::Fitting model to feature number 2375, metabat_SRR5930522.5
2025-11-26 18:18:08.001134 INFO::Fitting model to feature number 2376, metabat_ERR6232524.19_sub
2025-11-26 18:18:08.026459 INFO::Fitting model to feature number 2377, maxbin_SRR5930504.041
2025-11-26 18:18:08.050581 INFO::Fitting model to feature number 2378, maxbin_ERR12405998.015
2025-11-26 18:18:08.075938 INFO::Fitting model to feature number 2379, maxbin_SRR16554643.017
2025-11-26 18:18:08.100213 INFO::Fitting model to feature number 2380, maxbin_SRR5930528.038
2025-11-26 18:18:08.125539 INFO::Fitting model to feature number 2381, maxbin_ERR6232527.009
2025-11-26 18:18:08.150744 INFO::Fitting model to feature number 2382, semibin_ERR6279669.21
2025-11-26 18:18:08.181619 INFO::Fitting model to feature number 2383, semibin_SRR5930495.69
2025-11-26 18:18:08.208107 INFO::Fitting model to feature number 2384, semibin_ERR6280907.83
2025-11-26 18:18:08.234335 INFO::Fitting model to feature number 2385, semibin_SRR11413657.4_sub
2025-11-26 18:18:08.25826 INFO::Fitting model to feature number 2386, maxbin_SRR16554769.019
2025-11-26 18:18:08.285589 INFO::Fitting model to feature number 2387, semibin_SRR5930504.31_sub
2025-11-26 18:18:08.30966 INFO::Fitting model to feature number 2388, metabat_ERR6281504.33
2025-11-26 18:18:08.336004 INFO::Fitting model to feature number 2389, semibin_SRR16554769.30_sub
2025-11-26 18:18:08.361231 INFO::Fitting model to feature number 2390, semibin_SRR23364216.26
2025-11-26 18:18:08.389593 INFO::Fitting model to feature number 2391, metabat_SRR5930494.22
2025-11-26 18:18:08.441119 INFO::Fitting model to feature number 2392, semibin_SRR11413657.20
2025-11-26 18:18:08.469546 INFO::Fitting model to feature number 2393, semibin_SRR16168925.11
2025-11-26 18:18:08.498122 INFO::Fitting model to feature number 2394, metabat_SRR5930509.4
2025-11-26 18:18:08.522545 INFO::Fitting model to feature number 2395, semibin_SRR23364199.80
2025-11-26 18:18:08.54919 INFO::Fitting model to feature number 2396, maxbin_SRR16554652.018
2025-11-26 18:18:08.573981 INFO::Fitting model to feature number 2397, maxbin_ERR6282383.014
2025-11-26 18:18:08.603613 INFO::Fitting model to feature number 2398, metabat_SRR13068848.31
2025-11-26 18:18:08.628174 INFO::Fitting model to feature number 2399, metabat_ERR6280907.57
2025-11-26 18:18:08.653357 INFO::Fitting model to feature number 2400, metabat_SRR16554636.13
2025-11-26 18:18:08.677082 INFO::Fitting model to feature number 2401, semibin_SRR5930519.9
2025-11-26 18:18:08.703355 INFO::Fitting model to feature number 2402, metabat_SRR23364192.64
2025-11-26 18:18:08.73199 INFO::Fitting model to feature number 2403, metabat_ERR6281518.6_sub
2025-11-26 18:18:08.763017 INFO::Fitting model to feature number 2404, metabat_SRR13022423.1
2025-11-26 18:18:08.788461 INFO::Fitting model to feature number 2405, semibin_SRR5930494.35
2025-11-26 18:18:08.814215 INFO::Fitting model to feature number 2406, semibin_ERR6275674.5
2025-11-26 18:18:08.838227 INFO::Fitting model to feature number 2407, maxbin_SRR16168943.002
2025-11-26 18:18:08.8636 INFO::Fitting model to feature number 2408, maxbin_SRR5930499.010
2025-11-26 18:18:08.887237 INFO::Fitting model to feature number 2409, semibin_SRR5930495.36
2025-11-26 18:18:08.913435 INFO::Fitting model to feature number 2410, maxbin_SRR11413679.051_sub
2025-11-26 18:18:08.93812 INFO::Fitting model to feature number 2411, metabat_SRR16554650.17
2025-11-26 18:18:08.963702 INFO::Fitting model to feature number 2412, metabat_SRR16554660.15
2025-11-26 18:18:08.992543 INFO::Fitting model to feature number 2413, metabat_SRR6000905.63
2025-11-26 18:18:09.016485 INFO::Fitting model to feature number 2414, maxbin_ERR12405998.009
2025-11-26 18:18:09.051296 INFO::Fitting model to feature number 2415, semibin_SRR11413613.4
2025-11-26 18:18:09.0779 INFO::Fitting model to feature number 2416, metabat_SRR16554649.1
2025-11-26 18:18:09.101835 INFO::Fitting model to feature number 2417, semibin_SRR5930507.41
2025-11-26 18:18:09.12967 INFO::Fitting model to feature number 2418, semibin_SRR5930513.14
2025-11-26 18:18:09.177063 INFO::Fitting model to feature number 2419, metabat_SRR16168938.13
2025-11-26 18:18:09.20432 INFO::Fitting model to feature number 2420, semibin_SRR16168900.29
2025-11-26 18:18:09.228705 INFO::Fitting model to feature number 2421, semibin_SRR13022461.32
2025-11-26 18:18:09.25477 INFO::Fitting model to feature number 2422, semibin_ERR6279624.49
2025-11-26 18:18:09.277752 INFO::Fitting model to feature number 2423, metabat_SRR16554669.9
2025-11-26 18:18:09.304098 INFO::Fitting model to feature number 2424, semibin_SRR16554634.50_sub
2025-11-26 18:18:09.326631 INFO::Fitting model to feature number 2425, semibin_SRR11413683.37
2025-11-26 18:18:09.352933 INFO::Fitting model to feature number 2426, metabat_SRR5930499.39
2025-11-26 18:18:09.379101 INFO::Fitting model to feature number 2427, semibin_SRR5930498.22
2025-11-26 18:18:09.41032 INFO::Fitting model to feature number 2428, semibin_ERR6279666.16
2025-11-26 18:18:09.436704 INFO::Fitting model to feature number 2429, metabat_SRR11413645.9
2025-11-26 18:18:09.462972 INFO::Fitting model to feature number 2430, semibin_SRR23364171.14_sub
2025-11-26 18:18:09.486126 INFO::Fitting model to feature number 2431, metabat_SRR16168976.37
2025-11-26 18:18:09.511708 INFO::Fitting model to feature number 2432, semibin_ERR6280899.75
2025-11-26 18:18:09.535119 INFO::Fitting model to feature number 2433, maxbin_SRR16168985.013
2025-11-26 18:18:09.560148 INFO::Fitting model to feature number 2434, maxbin_SRR5930501.068_sub
2025-11-26 18:18:09.584011 INFO::Fitting model to feature number 2435, metabat_SRR5930506.18
2025-11-26 18:18:09.608716 INFO::Fitting model to feature number 2436, maxbin_SRR16168918.052_sub
2025-11-26 18:18:09.632253 INFO::Fitting model to feature number 2437, maxbin_SRR13068851.002
2025-11-26 18:18:09.656936 INFO::Fitting model to feature number 2438, maxbin_SRR16554633.015_sub
2025-11-26 18:18:09.680286 INFO::Fitting model to feature number 2439, metabat_ERR6279653.8
2025-11-26 18:18:09.704863 INFO::Fitting model to feature number 2440, semibin_SRR23364222.14_sub
2025-11-26 18:18:09.733736 INFO::Fitting model to feature number 2441, metabat_SRR16168913.14
2025-11-26 18:18:09.763105 INFO::Fitting model to feature number 2442, metabat_SRR11413649.13
2025-11-26 18:18:09.788174 INFO::Fitting model to feature number 2443, metabat_SRR5930529.63_sub
2025-11-26 18:18:09.813627 INFO::Fitting model to feature number 2444, semibin_SRR13068843.2
2025-11-26 18:18:09.860103 INFO::Fitting model to feature number 2445, metabat_SRR23364176.32
2025-11-26 18:18:09.884264 INFO::Fitting model to feature number 2446, metabat_SRR16168913.43
2025-11-26 18:18:09.909611 INFO::Fitting model to feature number 2447, metabat_SRR16168982.26
2025-11-26 18:18:09.933305 INFO::Fitting model to feature number 2448, maxbin_SRR23364176.009
2025-11-26 18:18:09.957832 INFO::Fitting model to feature number 2449, semibin_SRR5930506.146
2025-11-26 18:18:09.981787 INFO::Fitting model to feature number 2450, semibin_SRR16554652.51
2025-11-26 18:18:10.006845 INFO::Fitting model to feature number 2451, metabat_SRR11413683.27
2025-11-26 18:18:10.030526 INFO::Fitting model to feature number 2452, semibin_SRR6000899.35
2025-11-26 18:18:10.056894 INFO::Fitting model to feature number 2453, semibin_ERR6280899.56
2025-11-26 18:18:10.086335 INFO::Fitting model to feature number 2454, metabat_SRR16168926.39
2025-11-26 18:18:10.11239 INFO::Fitting model to feature number 2455, semibin_SRR5930501.71
2025-11-26 18:18:10.135764 INFO::Fitting model to feature number 2456, semibin_ERR6275674.36_sub
2025-11-26 18:18:10.163858 INFO::Fitting model to feature number 2457, semibin_SRR5930498.76
2025-11-26 18:18:10.187337 INFO::Fitting model to feature number 2458, semibin_SRR16168976.65
2025-11-26 18:18:10.212784 INFO::Fitting model to feature number 2459, metabat_ERR6281343.50_sub
2025-11-26 18:18:10.235964 INFO::Fitting model to feature number 2460, semibin_SRR6000909.0
2025-11-26 18:18:10.261324 INFO::Fitting model to feature number 2461, metabat_SRR11413657.66_sub
2025-11-26 18:18:10.284502 INFO::Fitting model to feature number 2462, maxbin_SRR23364193.009
2025-11-26 18:18:10.309655 INFO::Fitting model to feature number 2463, semibin_SRR23364235.52
2025-11-26 18:18:10.332569 INFO::Fitting model to feature number 2464, metabat_SRR23364194.60_sub
2025-11-26 18:18:10.356661 INFO::Fitting model to feature number 2465, semibin_SRR16168918.151
2025-11-26 18:18:10.380629 INFO::Fitting model to feature number 2466, semibin_SRR16554777.34
2025-11-26 18:18:10.409986 INFO::Fitting model to feature number 2467, maxbin_SRR5930493.014
2025-11-26 18:18:10.435977 INFO::Fitting model to feature number 2468, semibin_ERR6279655.13
2025-11-26 18:18:10.461883 INFO::Fitting model to feature number 2469, metabat_ERR6279677.29_sub
2025-11-26 18:18:10.486723 INFO::Fitting model to feature number 2470, metabat_SRR16168976.44
2025-11-26 18:18:10.532146 INFO::Fitting model to feature number 2471, semibin_SRR5930510.39
2025-11-26 18:18:10.55615 INFO::Fitting model to feature number 2472, maxbin_SRR5930520.048_sub
2025-11-26 18:18:10.582031 INFO::Fitting model to feature number 2473, metabat_SRR16554659.15
2025-11-26 18:18:10.605637 INFO::Fitting model to feature number 2474, semibin_SRR16168930.105
2025-11-26 18:18:10.630856 INFO::Fitting model to feature number 2475, semibin_SRR20881974.54
2025-11-26 18:18:10.65414 INFO::Fitting model to feature number 2476, maxbin_ERR12405967.002_sub
2025-11-26 18:18:10.679468 INFO::Fitting model to feature number 2477, semibin_SRR16168902.6
2025-11-26 18:18:10.703202 INFO::Fitting model to feature number 2478, metabat_SRR16168984.26
2025-11-26 18:18:10.736619 INFO::Fitting model to feature number 2479, metabat_ERR12405965.31_sub
2025-11-26 18:18:10.760926 INFO::Fitting model to feature number 2480, metabat_SRR25825514.3
2025-11-26 18:18:10.790474 INFO::Fitting model to feature number 2481, metabat_SRR5930498.62
2025-11-26 18:18:10.81389 INFO::Fitting model to feature number 2482, semibin_SRR11413646.13
2025-11-26 18:18:10.839175 INFO::Fitting model to feature number 2483, maxbin_SRR11413681.026
2025-11-26 18:18:10.862788 INFO::Fitting model to feature number 2484, semibin_SRR5930505.151
2025-11-26 18:18:10.888261 INFO::Fitting model to feature number 2485, metabat_SRR5930528.90
2025-11-26 18:18:10.912058 INFO::Fitting model to feature number 2486, metabat_ERR12405943.50_sub
2025-11-26 18:18:10.936548 INFO::Fitting model to feature number 2487, semibin_SRR5930521.95
2025-11-26 18:18:10.96069 INFO::Fitting model to feature number 2488, maxbin_SRR13068844.013_sub
2025-11-26 18:18:10.985588 INFO::Fitting model to feature number 2489, semibin_ERR6279655.27
2025-11-26 18:18:11.009626 INFO::Fitting model to feature number 2490, maxbin_SRR11413611.022
2025-11-26 18:18:11.042674 INFO::Fitting model to feature number 2491, maxbin_SRR13022303.020_sub
2025-11-26 18:18:11.068439 INFO::Fitting model to feature number 2492, metabat_SRR16554744.1
2025-11-26 18:18:11.096832 INFO::Fitting model to feature number 2493, metabat_ERR6281341.34
2025-11-26 18:18:11.120341 INFO::Fitting model to feature number 2494, semibin_SRR5930519.68
2025-11-26 18:18:11.144948 INFO::Fitting model to feature number 2495, metabat_SRR13068821.3
2025-11-26 18:18:11.169323 INFO::Fitting model to feature number 2496, metabat_SRR11413657.28
2025-11-26 18:18:11.193201 INFO::Fitting model to feature number 2497, metabat_ERR12405953.12
2025-11-26 18:18:11.239506 INFO::Fitting model to feature number 2498, semibin_SRR5930493.200
2025-11-26 18:18:11.26541 INFO::Fitting model to feature number 2499, semibin_SRR5930516.224
2025-11-26 18:18:11.289321 INFO::Fitting model to feature number 2500, metabat_SRR16168984.25
2025-11-26 18:18:11.315239 INFO::Fitting model to feature number 2501, semibin_ERR6275661.3
2025-11-26 18:18:11.338522 INFO::Fitting model to feature number 2502, semibin_SRR5930514.24
2025-11-26 18:18:11.37189 INFO::Fitting model to feature number 2503, semibin_SRR16554788.35
2025-11-26 18:18:11.397492 INFO::Fitting model to feature number 2504, metabat_SRR13068846.48
2025-11-26 18:18:11.423147 INFO::Fitting model to feature number 2505, metabat_SRR5930497.49
2025-11-26 18:18:11.446786 INFO::Fitting model to feature number 2506, semibin_ERR6279666.39
2025-11-26 18:18:11.472254 INFO::Fitting model to feature number 2507, semibin_SRR5930515.84
2025-11-26 18:18:11.49613 INFO::Fitting model to feature number 2508, maxbin_SRR16168896.007
2025-11-26 18:18:11.521119 INFO::Fitting model to feature number 2509, semibin_SRR16554686.7
2025-11-26 18:18:11.545333 INFO::Fitting model to feature number 2510, maxbin_SRR13068848.026
2025-11-26 18:18:11.570233 INFO::Fitting model to feature number 2511, maxbin_SRR16554786.015
2025-11-26 18:18:11.595041 INFO::Fitting model to feature number 2512, metabat_ERR6281432.10
2025-11-26 18:18:11.62045 INFO::Fitting model to feature number 2513, maxbin_SRR20881983.029
2025-11-26 18:18:11.644538 INFO::Fitting model to feature number 2514, maxbin_SRR16554627.021_sub
2025-11-26 18:18:11.669792 INFO::Fitting model to feature number 2515, maxbin_SRR5930493.007_sub
2025-11-26 18:18:11.694081 INFO::Fitting model to feature number 2516, metabat_SRR11413619.62
2025-11-26 18:18:11.724303 INFO::Fitting model to feature number 2517, metabat_SRR16168942.19
2025-11-26 18:18:11.748443 INFO::Fitting model to feature number 2518, maxbin_SRR5930536.008
2025-11-26 18:18:11.77643 INFO::Fitting model to feature number 2519, metabat_SRR13068842.58_sub
2025-11-26 18:18:11.79989 INFO::Fitting model to feature number 2520, metabat_SRR25825520.1
2025-11-26 18:18:11.824499 INFO::Fitting model to feature number 2521, semibin_ERR6279624.11
2025-11-26 18:18:11.847532 INFO::Fitting model to feature number 2522, metabat_SRR5930527.53_sub
2025-11-26 18:18:11.871884 INFO::Fitting model to feature number 2523, metabat_ERR6279678.10
2025-11-26 18:18:11.915449 INFO::Fitting model to feature number 2524, semibin_SRR5930529.84
2025-11-26 18:18:11.939292 INFO::Fitting model to feature number 2525, semibin_SRR5930530.103
2025-11-26 18:18:11.963514 INFO::Fitting model to feature number 2526, metabat_SRR5930514.57
2025-11-26 18:18:11.98748 INFO::Fitting model to feature number 2527, semibin_ERR6279618.55
2025-11-26 18:18:12.024365 INFO::Fitting model to feature number 2528, semibin_SRR5930494.150
2025-11-26 18:18:12.049228 INFO::Fitting model to feature number 2529, maxbin_ERR6279625.039_sub
2025-11-26 18:18:12.076176 INFO::Fitting model to feature number 2530, metabat_SRR5930528.105
2025-11-26 18:18:12.099973 INFO::Fitting model to feature number 2531, semibin_SRR13022285.12
2025-11-26 18:18:12.125262 INFO::Fitting model to feature number 2532, metabat_SRR16554766.44
2025-11-26 18:18:12.148947 INFO::Fitting model to feature number 2533, maxbin_ERR6279624.026_sub
2025-11-26 18:18:12.173188 INFO::Fitting model to feature number 2534, semibin_SRR11413683.27
2025-11-26 18:18:12.197486 INFO::Fitting model to feature number 2535, metabat_SRR16168929.17
2025-11-26 18:18:12.221802 INFO::Fitting model to feature number 2536, semibin_SRR5930527.26
2025-11-26 18:18:12.246269 INFO::Fitting model to feature number 2537, maxbin_SRR5930503.012_sub
2025-11-26 18:18:12.270994 INFO::Fitting model to feature number 2538, semibin_ERR6279657.97
2025-11-26 18:18:12.295502 INFO::Fitting model to feature number 2539, metabat_ERR6281504.22_sub
2025-11-26 18:18:12.32598 INFO::Fitting model to feature number 2540, semibin_SRR5930503.7
2025-11-26 18:18:12.352449 INFO::Fitting model to feature number 2541, metabat_SRR5930534.18
2025-11-26 18:18:12.377461 INFO::Fitting model to feature number 2542, metabat_SRR16554769.37
2025-11-26 18:18:12.403316 INFO::Fitting model to feature number 2543, metabat_SRR16554660.33
2025-11-26 18:18:12.426391 INFO::Fitting model to feature number 2544, maxbin_ERR6279654.035
2025-11-26 18:18:12.450817 INFO::Fitting model to feature number 2545, semibin_SRR16168982.52
2025-11-26 18:18:12.473871 INFO::Fitting model to feature number 2546, metabat_SRR5930506.103
2025-11-26 18:18:12.498653 INFO::Fitting model to feature number 2547, maxbin_SRR5930501.007
2025-11-26 18:18:12.522148 INFO::Fitting model to feature number 2548, metabat_SRR13068841.35_sub
2025-11-26 18:18:12.548476 INFO::Fitting model to feature number 2549, maxbin_ERR6279623.016_sub
2025-11-26 18:18:12.593964 INFO::Fitting model to feature number 2550, semibin_SRR5930528.150
2025-11-26 18:18:12.617992 INFO::Fitting model to feature number 2551, maxbin_SRR5930516.008
2025-11-26 18:18:12.647791 INFO::Fitting model to feature number 2552, maxbin_SRR5930534.025_sub
2025-11-26 18:18:12.675283 INFO::Fitting model to feature number 2553, maxbin_SRR5930506.023
2025-11-26 18:18:12.701596 INFO::Fitting model to feature number 2554, semibin_SRR5930517.29
2025-11-26 18:18:12.727341 INFO::Fitting model to feature number 2555, semibin_SRR16168926.64
2025-11-26 18:18:12.752073 INFO::Fitting model to feature number 2556, maxbin_SRR5930514.050
2025-11-26 18:18:12.777354 INFO::Fitting model to feature number 2557, metabat_SRR13068851.15
2025-11-26 18:18:12.801691 INFO::Fitting model to feature number 2558, metabat_SRR13022366.10
2025-11-26 18:18:12.826794 INFO::Fitting model to feature number 2559, semibin_SRR5930526.99
2025-11-26 18:18:12.850298 INFO::Fitting model to feature number 2560, metabat_SRR5930493.1
2025-11-26 18:18:12.874791 INFO::Fitting model to feature number 2561, semibin_SRR5930504.144
2025-11-26 18:18:12.899542 INFO::Fitting model to feature number 2562, metabat_SRR16554656.36
2025-11-26 18:18:12.924986 INFO::Fitting model to feature number 2563, semibin_SRR16168986.33_sub
2025-11-26 18:18:12.949811 INFO::Fitting model to feature number 2564, semibin_SRR5930493.116
2025-11-26 18:18:12.983511 INFO::Fitting model to feature number 2565, metabat_ERR6279666.49_sub
2025-11-26 18:18:13.008192 INFO::Fitting model to feature number 2566, semibin_SRR23364187.35
2025-11-26 18:18:13.03638 INFO::Fitting model to feature number 2567, semibin_SRR5930507.55
2025-11-26 18:18:13.060225 INFO::Fitting model to feature number 2568, maxbin_SRR16168920.008
2025-11-26 18:18:13.085181 INFO::Fitting model to feature number 2569, semibin_SRR5930528.70_sub
2025-11-26 18:18:13.109228 INFO::Fitting model to feature number 2570, maxbin_SRR23364177.003_sub
2025-11-26 18:18:13.133777 INFO::Fitting model to feature number 2571, maxbin_SRR5930528.018
2025-11-26 18:18:13.157887 INFO::Fitting model to feature number 2572, semibin_SRR16168913.2
2025-11-26 18:18:13.182645 INFO::Fitting model to feature number 2573, semibin_SRR11413657.63_sub
2025-11-26 18:18:13.206936 INFO::Fitting model to feature number 2574, maxbin_SRR16554769.027_sub
2025-11-26 18:18:13.231793 INFO::Fitting model to feature number 2575, metabat_SRR13022266.9
2025-11-26 18:18:13.275671 INFO::Fitting model to feature number 2576, semibin_SRR16554769.38
2025-11-26 18:18:13.309738 INFO::Fitting model to feature number 2577, maxbin_SRR5930517.019
2025-11-26 18:18:13.334163 INFO::Fitting model to feature number 2578, metabat_SRR16168918.75
2025-11-26 18:18:13.363486 INFO::Fitting model to feature number 2579, metabat_SRR5930494.116
2025-11-26 18:18:13.388815 INFO::Fitting model to feature number 2580, semibin_SRR5930501.104
2025-11-26 18:18:13.415126 INFO::Fitting model to feature number 2581, maxbin_SRR16554666.041
2025-11-26 18:18:13.439329 INFO::Fitting model to feature number 2582, metabat_SRR16168943.48
2025-11-26 18:18:13.464908 INFO::Fitting model to feature number 2583, maxbin_SRR5930518.011
2025-11-26 18:18:13.488466 INFO::Fitting model to feature number 2584, metabat_SRR25825506.40
2025-11-26 18:18:13.513221 INFO::Fitting model to feature number 2585, semibin_SRR5930499.76
2025-11-26 18:18:13.536602 INFO::Fitting model to feature number 2586, semibin_SRR5930498.294
2025-11-26 18:18:13.560702 INFO::Fitting model to feature number 2587, semibin_SRR5930511.38
2025-11-26 18:18:13.584099 INFO::Fitting model to feature number 2588, semibin_SRR23364201.31
2025-11-26 18:18:13.616063 INFO::Fitting model to feature number 2589, maxbin_SRR6000906.038
2025-11-26 18:18:13.64156 INFO::Fitting model to feature number 2590, semibin_SRR5930503.28_sub
2025-11-26 18:18:13.666001 INFO::Fitting model to feature number 2591, semibin_SRR13068851.37
2025-11-26 18:18:13.693838 INFO::Fitting model to feature number 2592, maxbin_SRR13068835.016
2025-11-26 18:18:13.718331 INFO::Fitting model to feature number 2593, semibin_SRR13068817.24
2025-11-26 18:18:13.744157 INFO::Fitting model to feature number 2594, metabat_SRR5930528.52_sub
2025-11-26 18:18:13.76773 INFO::Fitting model to feature number 2595, metabat_SRR23364192.7
2025-11-26 18:18:13.792524 INFO::Fitting model to feature number 2596, metabat_SRR20881976.26_sub
2025-11-26 18:18:13.81571 INFO::Fitting model to feature number 2597, maxbin_SRR5930494.013
2025-11-26 18:18:13.840211 INFO::Fitting model to feature number 2598, maxbin_SRR5930503.005
2025-11-26 18:18:13.863744 INFO::Fitting model to feature number 2599, maxbin_SRR5930503.019
2025-11-26 18:18:13.888267 INFO::Fitting model to feature number 2600, maxbin_SRR5930510.035_sub
2025-11-26 18:18:13.912181 INFO::Fitting model to feature number 2601, metabat_SRR23364231.73
2025-11-26 18:18:13.940295 INFO::Fitting model to feature number 2602, semibin_SRR16554743.1
2025-11-26 18:18:13.990982 INFO::Fitting model to feature number 2603, maxbin_SRR5930498.016_sub
2025-11-26 18:18:14.016951 INFO::Fitting model to feature number 2604, semibin_SRR23364233.3
2025-11-26 18:18:14.040999 INFO::Fitting model to feature number 2605, maxbin_SRR5930497.013
2025-11-26 18:18:14.067342 INFO::Fitting model to feature number 2606, maxbin_SRR16168945.044
2025-11-26 18:18:14.090449 INFO::Fitting model to feature number 2607, metabat_SRR5930506.121
2025-11-26 18:18:14.115373 INFO::Fitting model to feature number 2608, semibin_SRR5930533.25
2025-11-26 18:18:14.138598 INFO::Fitting model to feature number 2609, maxbin_SRR16168896.020_sub
2025-11-26 18:18:14.163314 INFO::Fitting model to feature number 2610, maxbin_ERR6275668.045
2025-11-26 18:18:14.186707 INFO::Fitting model to feature number 2611, metabat_SRR5930528.64
2025-11-26 18:18:14.211406 INFO::Fitting model to feature number 2612, semibin_ERR6279672.16
2025-11-26 18:18:14.234652 INFO::Fitting model to feature number 2613, maxbin_SRR5930494.035_sub
2025-11-26 18:18:14.263995 INFO::Fitting model to feature number 2614, maxbin_SRR5930504.022
2025-11-26 18:18:14.289615 INFO::Fitting model to feature number 2615, metabat_SRR16168896.62
2025-11-26 18:18:14.317558 INFO::Fitting model to feature number 2616, metabat_ERR6282383.27_sub
2025-11-26 18:18:14.342968 INFO::Fitting model to feature number 2617, semibin_SRR5930528.6
2025-11-26 18:18:14.368092 INFO::Fitting model to feature number 2618, metabat_SRR5930533.29
2025-11-26 18:18:14.392714 INFO::Fitting model to feature number 2619, semibin_ERR6280899.58
2025-11-26 18:18:14.417888 INFO::Fitting model to feature number 2620, maxbin_SRR5930504.047_sub
2025-11-26 18:18:14.442006 INFO::Fitting model to feature number 2621, semibin_SRR5930526.86
2025-11-26 18:18:14.466387 INFO::Fitting model to feature number 2622, metabat_SRR5930502.50
2025-11-26 18:18:14.491017 INFO::Fitting model to feature number 2623, maxbin_SRR5930503.013_sub
2025-11-26 18:18:14.515121 INFO::Fitting model to feature number 2624, maxbin_SRR5930526.008
2025-11-26 18:18:14.539526 INFO::Fitting model to feature number 2625, semibin_SRR5930501.25
2025-11-26 18:18:14.564989 INFO::Fitting model to feature number 2626, metabat_SRR5930526.103
2025-11-26 18:18:14.597757 INFO::Fitting model to feature number 2627, metabat_SRR5930510.19_sub
2025-11-26 18:18:14.620854 INFO::Fitting model to feature number 2628, metabat_SRR5930528.33
2025-11-26 18:18:14.672093 INFO::Fitting model to feature number 2629, semibin_SRR23364187.33
2025-11-26 18:18:14.697403 INFO::Fitting model to feature number 2630, semibin_SRR5930528.184
2025-11-26 18:18:14.720793 INFO::Fitting model to feature number 2631, semibin_SRR16168896.24_sub
2025-11-26 18:18:14.745165 INFO::Fitting model to feature number 2632, maxbin_SRR5930501.063
2025-11-26 18:18:14.76861 INFO::Fitting model to feature number 2633, metabat_SRR5930514.13_sub
2025-11-26 18:18:14.79317 INFO::Fitting model to feature number 2634, metabat_SRR23364174.33
2025-11-26 18:18:14.816799 INFO::Fitting model to feature number 2635, maxbin_SRR5930516.039_sub
2025-11-26 18:18:14.840827 INFO::Fitting model to feature number 2636, semibin_SRR23364227.44
2025-11-26 18:18:14.8651 INFO::Fitting model to feature number 2637, maxbin_SRR13068836.049
2025-11-26 18:18:14.894934 INFO::Fitting model to feature number 2638, maxbin_ERR6282137.024
2025-11-26 18:18:14.923245 INFO::Fitting model to feature number 2639, metabat_SRR5930506.46
2025-11-26 18:18:14.951029 INFO::Fitting model to feature number 2640, semibin_SRR5930494.257
2025-11-26 18:18:14.977316 INFO::Fitting model to feature number 2641, metabat_SRR16554766.36
2025-11-26 18:18:15.001103 INFO::Fitting model to feature number 2642, semibin_SRR13068829.87
2025-11-26 18:18:15.028437 INFO::Fitting model to feature number 2643, semibin_SRR5930501.87
2025-11-26 18:18:15.053635 INFO::Fitting model to feature number 2644, semibin_SRR5930520.106
2025-11-26 18:18:15.079308 INFO::Fitting model to feature number 2645, semibin_ERR6279624.33
2025-11-26 18:18:15.103902 INFO::Fitting model to feature number 2646, maxbin_SRR5930520.005
2025-11-26 18:18:15.129877 INFO::Fitting model to feature number 2647, semibin_SRR5930494.98
2025-11-26 18:18:15.153236 INFO::Fitting model to feature number 2648, metabat_SRR13068816.46
2025-11-26 18:18:15.178208 INFO::Fitting model to feature number 2649, semibin_SRR5930530.129_sub
2025-11-26 18:18:15.201292 INFO::Fitting model to feature number 2650, maxbin_SRR16554657.029_sub
2025-11-26 18:18:15.232809 INFO::Fitting model to feature number 2651, semibin_SRR5930498.139
2025-11-26 18:18:15.257154 INFO::Fitting model to feature number 2652, metabat_SRR20881975.20
2025-11-26 18:18:15.282607 INFO::Fitting model to feature number 2653, semibin_SRR5930528.96_sub
2025-11-26 18:18:15.308099 INFO::Fitting model to feature number 2654, semibin_SRR5930503.75
2025-11-26 18:18:15.355179 INFO::Fitting model to feature number 2655, semibin_SRR5930510.14_sub
2025-11-26 18:18:15.378741 INFO::Fitting model to feature number 2656, maxbin_SRR16554651.012_sub
2025-11-26 18:18:15.403799 INFO::Fitting model to feature number 2657, metabat_SRR13068843.1
2025-11-26 18:18:15.42701 INFO::Fitting model to feature number 2658, metabat_SRR16554766.26
2025-11-26 18:18:15.451904 INFO::Fitting model to feature number 2659, maxbin_SRR5930526.025
2025-11-26 18:18:15.475472 INFO::Fitting model to feature number 2660, maxbin_SRR13068833.023
2025-11-26 18:18:15.50056 INFO::Fitting model to feature number 2661, metabat_SRR23364197.77_sub
2025-11-26 18:18:15.523724 INFO::Fitting model to feature number 2662, maxbin_SRR5930506.066
2025-11-26 18:18:15.553365 INFO::Fitting model to feature number 2663, metabat_SRR13022359.15
2025-11-26 18:18:15.578272 INFO::Fitting model to feature number 2664, semibin_SRR16168913.53
2025-11-26 18:18:15.605859 INFO::Fitting model to feature number 2665, semibin_SRR23364171.10_sub
2025-11-26 18:18:15.62997 INFO::Fitting model to feature number 2666, semibin_SRR5930532.10
2025-11-26 18:18:15.654011 INFO::Fitting model to feature number 2667, metabat_SRR5930501.45
2025-11-26 18:18:15.679159 INFO::Fitting model to feature number 2668, metabat_SRR13068847.1
2025-11-26 18:18:15.702075 INFO::Fitting model to feature number 2669, metabat_SRR23364187.55
2025-11-26 18:18:15.727525 INFO::Fitting model to feature number 2670, metabat_SRR23364213.78_sub
2025-11-26 18:18:15.750706 INFO::Fitting model to feature number 2671, maxbin_SRR13022287.006_sub
2025-11-26 18:18:15.775732 INFO::Fitting model to feature number 2672, maxbin_SRR16168985.035
2025-11-26 18:18:15.800288 INFO::Fitting model to feature number 2673, semibin_SRR5930504.110
2025-11-26 18:18:15.825289 INFO::Fitting model to feature number 2674, metabat_SRR16554652.33
2025-11-26 18:18:15.84902 INFO::Fitting model to feature number 2675, metabat_SRR5930498.54
2025-11-26 18:18:15.873517 INFO::Fitting model to feature number 2676, semibin_SRR5930497.42
2025-11-26 18:18:15.897127 INFO::Fitting model to feature number 2677, metabat_SRR5930503.100
2025-11-26 18:18:15.928771 INFO::Fitting model to feature number 2678, metabat_SRR5930504.14_sub
2025-11-26 18:18:15.952643 INFO::Fitting model to feature number 2679, semibin_SRR5930494.52
2025-11-26 18:18:15.979819 INFO::Fitting model to feature number 2680, semibin_SRR13068816.46
2025-11-26 18:18:16.024659 INFO::Fitting model to feature number 2681, metabat_SRR5930499.34
2025-11-26 18:18:16.050656 INFO::Fitting model to feature number 2682, semibin_SRR5930518.15
2025-11-26 18:18:16.075419 INFO::Fitting model to feature number 2683, semibin_SRR5930498.100_sub
2025-11-26 18:18:16.10016 INFO::Fitting model to feature number 2684, metabat_SRR5930499.2
2025-11-26 18:18:16.123764 INFO::Fitting model to feature number 2685, metabat_SRR16168918.66
2025-11-26 18:18:16.149161 INFO::Fitting model to feature number 2686, maxbin_SRR5930516.050
2025-11-26 18:18:16.172662 INFO::Fitting model to feature number 2687, semibin_SRR5930505.85
2025-11-26 18:18:16.197765 INFO::Fitting model to feature number 2688, metabat_SRR5930503.67
2025-11-26 18:18:16.220991 INFO::Fitting model to feature number 2689, semibin_SRR5930505.71
2025-11-26 18:18:16.256741 INFO::Fitting model to feature number 2690, semibin_SRR5930502.3
2025-11-26 18:18:16.280315 INFO::Fitting model to feature number 2691, maxbin_SRR5930520.046
2025-11-26 18:18:16.30811 INFO::Fitting model to feature number 2692, metabat_SRR5930502.18
2025-11-26 18:18:16.332081 INFO::Fitting model to feature number 2693, metabat_SRR5930502.48
2025-11-26 18:18:16.356806 INFO::Fitting model to feature number 2694, maxbin_SRR5930531.045_sub
2025-11-26 18:18:16.380665 INFO::Fitting model to feature number 2695, maxbin_SRR23364189.018
2025-11-26 18:18:16.405542 INFO::Fitting model to feature number 2696, semibin_SRR23364175.28
2025-11-26 18:18:16.647554 INFO::Counting total values for each feature
2025-11-26 18:18:16.846521 INFO::Writing filtered data to file results/11.Maaslin2_melanoma_with_metadata_full/features/filtered_data.tsv
2025-11-26 18:18:17.0342 INFO::Writing filtered, normalized data to file results/11.Maaslin2_melanoma_with_metadata_full/features/filtered_data_norm.tsv
2025-11-26 18:18:17.224598 INFO::Writing filtered, normalized, transformed data to file results/11.Maaslin2_melanoma_with_metadata_full/features/filtered_data_norm_transformed.tsv
2025-11-26 18:18:17.583109 INFO::Writing residuals to file results/11.Maaslin2_melanoma_with_metadata_full/fits/residuals.rds
2025-11-26 18:18:17.874391 INFO::Writing fitted values to file results/11.Maaslin2_melanoma_with_metadata_full/fits/fitted.rds
2025-11-26 18:18:18.061012 INFO::Writing extracted random effects to file results/11.Maaslin2_melanoma_with_metadata_full/fits/ranef.rds
2025-11-26 18:18:18.065727 INFO::Writing all results to file (ordered by increasing q-values): results/11.Maaslin2_melanoma_with_metadata_full/all_results.tsv
2025-11-26 18:18:18.091032 INFO::Writing the significant results (those which are less than or equal to the threshold of 0.250000 ) to file (ordered by increasing q-values): results/11.Maaslin2_melanoma_with_metadata_full/significant_results.tsv
2025-11-26 18:18:18.092098 INFO::Writing association plots (one for each significant association) to output folder: results/11.Maaslin2_melanoma_with_metadata_full
2025-11-26 18:18:18.103098 INFO::Plotting associations from most to least significant, grouped by metadata
2025-11-26 18:18:18.103821 INFO::Plotting data for metadata number 1, age
2025-11-26 18:18:18.104681 INFO::Creating scatter plot for continuous data, age vs semibin_SRR13068843.38
