feature	metadata	value	coef	stderr	N	N.not.0	pval	qval
semibin_SRR5930502.51	response	R	-0.473586121761493	0.296989812348125	453	212	0.111499873879469	0.722177940656011
maxbin_SRR25825509.002	response	R	0.225293434078948	0.263073460186335	453	124	0.392237788261862	0.722177940656011
semibin_SRR5930533.9	response	R	0.295413087981343	0.242121367830438	453	138	0.22306450827119	0.722177940656011
semibin_ERR6281504.148	response	R	0.61408726572406	0.257698429449249	453	142	0.0175898009848685	0.722177940656011
semibin_ERR6279672.24	response	R	-0.351687295581822	0.209910418285199	453	80	0.0945459014768979	0.722177940656011
maxbin_SRR16554665.003	response	R	0.317849550908411	0.25821615221085	453	120	0.218986812413668	0.722177940656011
maxbin_ERR12405962.011_sub	response	R	0.252350317645119	0.256299124108894	453	113	0.325352673924979	0.722177940656011
metabat_ERR6279614.12_sub	response	R	0.552457877924775	0.257894412264144	453	127	0.032717150817213	0.722177940656011
semibin_ERR6232382.49_sub	response	R	0.472761646478887	0.210496571835721	453	131	0.0251950522772472	0.722177940656011
semibin_ERR6279675.47	response	R	0.409989102056227	0.219885569102342	453	176	0.0628990421706809	0.722177940656011
metabat_ERR12405990.2	response	R	-0.272730885015202	0.226502558654993	453	74	0.229184553126049	0.722177940656011
metabat_ERR6232687.8_sub	response	R	0.401283540137767	0.227536439031317	453	166	0.078482652862778	0.722177940656011
metabat_SRR25825493.27	response	R	0.419621029112351	0.224189239740273	453	168	0.0618975320018737	0.722177940656011
maxbin_ERR6281499.002	response	R	0.517282840067915	0.208318408644396	453	112	0.0133881309714503	0.722177940656011
maxbin_ERR6279667.001	response	R	-0.20325240224535	0.154386223579575	453	38	0.188668622928221	0.722177940656011
semibin_SRR11413691.62	response	R	0.468186896832202	0.259943491162105	453	71	0.0723539796657239	0.722177940656011
semibin_SRR6000945.4	response	R	-0.234238955580704	0.219226651919619	453	152	0.285879004525739	0.722177940656011
metabat_SRR11413649.62	response	R	0.190437823465877	0.174742883017053	453	88	0.276376811704555	0.722177940656011
metabat_SRR5930494.64	response	R	0.346334357280792	0.218585059917774	453	164	0.113801618406448	0.722177940656011
metabat_ERR12405981.15	response	R	-0.155123691958223	0.162160403061047	453	91	0.339281997599999	0.722177940656011
maxbin_SRR11413649.010	response	R	-0.371047360324684	0.195863444326853	453	88	0.0588089281747358	0.722177940656011
maxbin_SRR13068842.057_sub	response	R	-0.352133404767227	0.172915941666554	453	79	0.0422895959380572	0.722177940656011
metabat_SRR16554646.5	response	R	-0.222873634364679	0.20326328251594	453	94	0.273455036197643	0.722177940656011
metabat_SRR20881978.24	response	R	-0.319412048892534	0.247637132129123	453	147	0.197770431312002	0.722177940656011
semibin_SRR5930502.48	response	R	-0.356245217245318	0.230941876226863	453	165	0.12363983855274	0.722177940656011
semibin_SRR16554630.20	response	R	-0.34780436856919	0.249724476630269	453	186	0.164381650069953	0.722177940656011
semibin_SRR25825509.21	response	R	-0.178088988413284	0.205600750715635	453	97	0.386848306352797	0.722177940656011
semibin_SRR13022289.13	response	R	-0.180223478676958	0.139245492476197	453	37	0.196229009072214	0.722177940656011
maxbin_ERR12406000.010	response	R	0.141842722171574	0.163489618574476	453	84	0.386078995723353	0.722177940656011
metabat_SRR6000877.7	response	R	-0.334523831330163	0.246267687772653	453	185	0.175025392479293	0.722177940656011
semibin_SRR13022308.4	response	R	-0.228907590250665	0.188033917207598	453	98	0.224102997670236	0.722177940656011
semibin_ERR6281499.45	response	R	-0.174437198422829	0.142295062839504	453	37	0.220882165189199	0.722177940656011
semibin_ERR2162217.22	response	R	-0.353605530070168	0.215357451631872	453	95	0.101299778479188	0.722177940656011
semibin_ERR2162223.6	response	R	-0.175640147186756	0.185517664550588	453	113	0.344272349400174	0.722177940656011
metabat_SRR6000874.30	response	R	-0.317603587104042	0.150424679812781	453	60	0.0352901402154552	0.722177940656011
metabat_SRR16554713.13	response	R	-0.255456319859398	0.22049249379151	453	163	0.24724681937909	0.722177940656011
semibin_SRR5930499.112	response	R	0.223249590661528	0.219435137359248	453	181	0.309521534373893	0.722177940656011
maxbin_ERR6257997.027	response	R	0.169394684936938	0.164403753663943	453	125	0.303399175238922	0.722177940656011
semibin_SRR16168913.44_sub	response	R	-0.253099310937186	0.200036378948605	453	91	0.206433037794385	0.722177940656011
semibin_SRR6000900.32	response	R	-0.618399294240084	0.217286671388219	453	211	0.00462941961348696	0.722177940656011
maxbin_SRR16554755.007_sub	response	R	-0.266846323571397	0.159347365785144	453	94	0.094706367285445	0.722177940656011
metabat_ERR6282298.17	response	R	-0.152088052525858	0.103162569174222	453	30	0.141110300059227	0.722177940656011
maxbin_SRR16554728.024	response	R	-0.378109424181012	0.181002565322486	453	74	0.0372722851852114	0.722177940656011
semibin_SRR25825514.3_sub	response	R	-0.304836099241118	0.202053116815127	453	130	0.132080921901942	0.722177940656011
semibin_SRR11413656.25	response	R	-0.189598097318882	0.0975443442558445	453	30	0.0525518363297946	0.722177940656011
maxbin_SRR16554759.001	response	R	-0.349823412723177	0.190291209081674	453	86	0.0666670585577974	0.722177940656011
metabat_SRR16554786.10	response	R	-0.199265295817894	0.192442603639036	453	91	0.301013967642054	0.722177940656011
metabat_SRR16554771.26	response	R	-0.185931523626982	0.206743920565881	453	183	0.368957863542883	0.722177940656011
maxbin_ERR2162206.004	response	R	-0.259915303690672	0.13684140647721	453	42	0.0581511793024795	0.722177940656011
semibin_SRR16554665.28	response	R	-0.12536187142305	0.138608333188212	453	43	0.366249213483683	0.722177940656011
semibin_ERR12405912.11	response	R	-0.0953683412613548	0.0950388245974623	453	27	0.316173582995073	0.722177940656011
metabat_ERR6279651.8	response	R	-0.176928880670206	0.147098031855305	453	52	0.229686521895059	0.722177940656011
semibin_SRR5930531.50	response	R	-0.0948012347659708	0.0948132491555711	453	26	0.3179079900562	0.722177940656011
metabat_ERR6275666.49	response	R	0.161442364302888	0.159881820005808	453	57	0.313152955833228	0.722177940656011
semibin_SRR16168903.11	response	R	-0.238966955308333	0.153925037372185	453	78	0.121251353990971	0.722177940656011
semibin_SRR11413690.7	response	R	-0.211133201314716	0.165200675839196	453	69	0.201893394930481	0.722177940656011
semibin_SRR13022392.1	response	R	-0.0903436757394364	0.0995011621920025	453	27	0.364381067160018	0.722177940656011
semibin_ERR12405947.71	response	R	0.170073706000438	0.184910509104599	453	125	0.358189550555545	0.722177940656011
semibin_SRR23364196.21	response	R	0.184561442465683	0.15632828952412	453	55	0.238384067037561	0.722177940656011
semibin_SRR11413649.182	response	R	0.109925757028899	0.130760759378425	453	31	0.400982504800842	0.722177940656011
semibin_SRR25825508.4_sub	response	R	-0.188461319540889	0.145670540840036	453	62	0.196413983275347	0.722177940656011
semibin_SRR13068844.35	response	R	-0.18079862266558	0.16545425274278	453	153	0.275094193571972	0.722177940656011
maxbin_ERR2162209.017_sub	response	R	0.1833442176223	0.196036559034553	453	145	0.350162495567846	0.722177940656011
semibin_SRR16168920.5_sub	response	R	0.163618490789346	0.18938623115904	453	145	0.388084645205872	0.722177940656011
semibin_ERR6267712.45	response	R	0.331593900165569	0.199819406119196	453	128	0.0977179151612552	0.722177940656011
maxbin_SRR16554647.003	response	R	-0.175648976876154	0.133372424969077	453	50	0.188514540046975	0.722177940656011
maxbin_SRR25825521.012_sub	response	R	0.267424405427855	0.160517846992039	453	102	0.0964057804270001	0.722177940656011
metabat_SRR23364233.36	response	R	0.181342153961756	0.166724529821573	453	116	0.277320341051526	0.722177940656011
semibin_SRR25825499.11	response	R	0.274140511600587	0.174480894805666	453	145	0.116850308129617	0.722177940656011
semibin_SRR23364199.62	response	R	0.209634715842189	0.182647900058095	453	144	0.251685617511127	0.722177940656011
maxbin_SRR5930508.026	response	R	0.165663619756686	0.165879024015473	453	110	0.318475664539142	0.722177940656011
semibin_ERR6279671.24	response	R	0.290905098822042	0.177917258253454	453	141	0.102742397623644	0.722177940656011
semibin_SRR16554730.5	response	R	0.18839386897129	0.179378098223992	453	146	0.294166561841159	0.722177940656011
maxbin_SRR5930522.022	response	R	0.187253211375863	0.171352537558087	453	137	0.275073693852411	0.722177940656011
metabat_ERR6279652.5	response	R	0.276900755145976	0.151218133760506	453	133	0.0677475198010927	0.722177940656011
semibin_ERR6243877.10	response	R	0.254660162749422	0.175066445464085	453	136	0.146469907386429	0.722177940656011
metabat_SRR16168941.17	response	R	0.168327877290647	0.137877324970973	453	130	0.222786974411683	0.722177940656011
semibin_SRR16168929.15_sub	response	R	0.308683944450672	0.175282774795381	453	137	0.0789130672569153	0.722177940656011
maxbin_SRR23364240.011	response	R	0.274519474620225	0.162444590432562	453	133	0.0917409010550266	0.722177940656011
metabat_SRR6000947.37_sub	response	R	0.187722170259772	0.167511705344196	453	134	0.26303947105351	0.722177940656011
metabat_ERR6235716.8_sub	response	R	0.27956720176586	0.159872134337282	453	134	0.081032194504867	0.722177940656011
metabat_ERR6279615.15	response	R	0.256137246757685	0.160478335391617	453	132	0.111177872369661	0.722177940656011
metabat_SRR16554713.7	response	R	0.164687080241071	0.174217430090691	453	107	0.345014111571257	0.722177940656011
semibin_SRR13068836.17_sub	response	R	0.228008823285241	0.171092497267336	453	139	0.183322485863863	0.722177940656011
semibin_SRR20881980.15_sub	response	R	-0.219056689738491	0.16278824399737	453	143	0.179093782969406	0.722177940656011
semibin_ERR6279661.5	response	R	0.247665992495685	0.167635923803736	453	141	0.140273168138572	0.722177940656011
semibin_ERR6264281.7	response	R	0.193428924401236	0.168283110036242	453	141	0.250996575530499	0.722177940656011
maxbin_SRR5930521.014	response	R	0.240418433818163	0.170394261013478	453	132	0.158955404114094	0.722177940656011
metabat_SRR13022372.10_sub	response	R	0.280790354595448	0.176587368903084	453	121	0.112515163900049	0.722177940656011
semibin_SRR20881981.34	response	R	0.246797549142842	0.173410207512365	453	139	0.155377064211812	0.722177940656011
semibin_ERR6279655.40	response	R	0.27414207133729	0.171619246635561	453	134	0.11088815196689	0.722177940656011
semibin_SRR11413688.2	response	R	0.209305221806552	0.173591482970264	453	130	0.228559348905751	0.722177940656011
semibin_ERR6233695.43_sub	response	R	-0.177889571211345	0.16587409595003	453	157	0.284100698304566	0.722177940656011
semibin_ERR6273965.5	response	R	0.222477561569222	0.181369018082554	453	128	0.220598839199923	0.722177940656011
semibin_SRR16554693.19	response	R	-0.175486558395179	0.192134434057851	453	40	0.361544935481945	0.722177940656011
semibin_SRR25825516.1	response	R	0.16602019453014	0.152803520127595	453	130	0.277847087213718	0.722177940656011
maxbin_SRR13068818.010	response	R	0.225477556192504	0.15957562370203	453	97	0.158351383765259	0.722177940656011
semibin_SRR5930531.21	response	R	0.127097684655698	0.103346116163041	453	18	0.219406325624293	0.722177940656011
metabat_SRR23364184.15	response	R	0.194393414892077	0.145915653945093	453	126	0.183464419501849	0.722177940656011
maxbin_ERR12405958.009_sub	response	R	0.224348359289655	0.133896051756788	453	65	0.0945254769855405	0.722177940656011
semibin_SRR16168913.31	response	R	0.270097552259783	0.162689299646894	453	127	0.0975762734899158	0.722177940656011
semibin_ERR6232458.16	response	R	0.257629122150675	0.162835340935739	453	125	0.114322596378679	0.722177940656011
semibin_SRR11413652.32	response	R	0.0449018353817307	0.0530191136131132	453	13	0.397500602019967	0.722177940656011
semibin_SRR5930519.26	response	R	0.203077960603119	0.157487924305148	453	126	0.197898748973539	0.722177940656011
semibin_SRR11413688.65_sub	response	R	0.231936741623918	0.166706450543265	453	49	0.164824354913389	0.722177940656011
semibin_SRR5930536.88	response	R	0.235502406260689	0.176227295677566	453	97	0.182106776408753	0.722177940656011
maxbin_ERR12406009.001	response	R	0.169861295662658	0.0964158303789039	453	52	0.0787929803283525	0.722177940656011
semibin_SRR13068830.5	response	R	0.20360202852861	0.171031477172907	453	127	0.234508437038279	0.722177940656011
metabat_SRR11413686.6	response	R	0.127794762922049	0.113439983051974	453	48	0.260535850844622	0.722177940656011
maxbin_SRR8387707.004_sub	response	R	0.138549726131905	0.1522035987702	453	120	0.363158551576486	0.722177940656011
semibin_SRR11413606.8	response	R	0.184005340339717	0.144732884358608	453	111	0.204269089727542	0.722177940656011
semibin_SRR13068817.76	response	R	0.133666028168539	0.12071691468	453	53	0.268768172954795	0.722177940656011
metabat_SRR6000874.13_sub	response	R	-0.196094401469686	0.157881543645111	453	80	0.214873402691482	0.722177940656011
semibin_SRR20881986.74	response	R	0.154754314729058	0.152893749184412	453	112	0.312004037668686	0.722177940656011
semibin_SRR23364193.36	response	R	0.218746439377965	0.151311258410428	453	115	0.14896918025875	0.722177940656011
semibin_SRR16554673.13	response	R	-0.170114001147039	0.104757980435272	453	39	0.105100893754577	0.722177940656011
semibin_SRR5930501.2	response	R	0.183189081217308	0.146588838507248	453	112	0.212070050970795	0.722177940656011
semibin_ERR2162208.7	response	R	0.10757479975735	0.116050378954861	453	45	0.354440524638615	0.722177940656011
metabat_SRR13068853.24	response	R	0.22864021343097	0.155065125874227	453	106	0.141056535544773	0.722177940656011
maxbin_SRR13022357.002	response	R	-0.129652014999282	0.0959992325035289	453	24	0.177516052435761	0.722177940656011
semibin_SRR25825502.21	response	R	0.131447455316286	0.142708511581428	453	82	0.357497714006469	0.722177940656011
semibin_ERR6279669.74	response	R	0.365002699555213	0.162999935744068	453	114	0.0256274636979422	0.722177940656011
semibin_SRR5930523.22	response	R	0.177813971334632	0.153189605721967	453	105	0.246366457254029	0.722177940656011
semibin_SRR16554776.8	response	R	-0.171203447720485	0.132054608754204	453	42	0.195483599621626	0.722177940656011
metabat_SRR13068851.17	response	R	0.131813589444594	0.113644125413163	453	48	0.246711228109976	0.722177940656011
metabat_ERR6279627.10	response	R	0.16860451775226	0.133764694460655	453	74	0.208159123725478	0.722177940656011
metabat_ERR2162214.7	response	R	-0.165969186162082	0.126074567030954	453	44	0.188699816873051	0.722177940656011
metabat_SRR11413647.31	response	R	0.141385850712106	0.134091910797093	453	91	0.292271803173254	0.722177940656011
semibin_SRR6000892.71	response	R	0.14634425551464	0.160181842552301	453	105	0.361413375131403	0.722177940656011
metabat_ERR2162213.1	response	R	-0.162847521568434	0.125385057410818	453	42	0.194687372541681	0.722177940656011
metabat_SRR16168896.4	response	R	-0.239643830109188	0.156369530834281	453	71	0.126088374828157	0.722177940656011
metabat_ERR12405997.59	response	R	-0.164057668349278	0.123933949543448	453	42	0.186260233062783	0.722177940656011
semibin_ERR2162223.3	response	R	0.124927623031548	0.0993945420117929	453	33	0.209445465218688	0.722177940656011
semibin_SRR6000944.44	response	R	-0.157778907392806	0.126686089099873	453	42	0.213623322852609	0.722177940656011
maxbin_SRR11413646.009	response	R	0.13630093300494	0.103330353098267	453	47	0.187812720888799	0.722177940656011
metabat_ERR12405954.8	response	R	-0.175061781893673	0.124001501167612	453	41	0.158710952786568	0.722177940656011
metabat_SRR13068832.4	response	R	0.19244020633296	0.134032657095354	453	98	0.15176689623121	0.722177940656011
semibin_SRR20881980.56	response	R	0.178791610008932	0.135688547527719	453	94	0.188291526407118	0.722177940656011
maxbin_SRR5930507.045	response	R	-0.109430991367116	0.127783347992129	453	35	0.392243394876577	0.722177940656011
semibin_SRR5930495.29	response	R	-0.221297240470028	0.140361041072147	453	45	0.115584731309195	0.722177940656011
maxbin_ERR6282070.040_sub	response	R	0.190800520775922	0.124210775693295	453	68	0.125217451741333	0.722177940656011
semibin_ERR6233693.7	response	R	0.210414967264541	0.143730283989758	453	91	0.143908865815584	0.722177940656011
metabat_SRR11413613.2	response	R	-0.175618460983503	0.124527205919565	453	41	0.15914966622662	0.722177940656011
semibin_SRR16168945.59_sub	response	R	0.176863425825325	0.14249392805949	453	90	0.215183282029607	0.722177940656011
semibin_ERR12405923.28	response	R	-0.19745741376723	0.122189494259367	453	39	0.106799355624372	0.722177940656011
semibin_SRR6000901.29	response	R	-0.196590191512965	0.121926083458161	453	40	0.107584831977563	0.722177940656011
maxbin_SRR16554769.012	response	R	-0.0594573283222824	0.0592084644450886	453	17	0.31581921965329	0.722177940656011
metabat_SRR16554687.19	response	R	0.17972492368057	0.128313335054145	453	65	0.162004263575464	0.722177940656011
semibin_SRR23364183.27	response	R	0.107963442629748	0.128045226682717	453	84	0.399586423481822	0.722177940656011
metabat_ERR12405985.26	response	R	-0.186825361484147	0.123157847542413	453	40	0.129982039239345	0.722177940656011
semibin_ERR6281434.136	response	R	-0.0559289588570887	0.0287097836841617	453	5	0.052025338250812	0.722177940656011
metabat_SRR5930527.86	response	R	0.194724902943413	0.130373813514073	453	55	0.135983493268093	0.722177940656011
semibin_SRR6000896.44	response	R	-0.188927926966387	0.125327800669845	453	40	0.132393527581943	0.722177940656011
metabat_SRR20881987.29	response	R	0.162610779194832	0.145587787626637	453	92	0.264627250674285	0.722177940656011
semibin_SRR11413687.181	response	R	-0.0393256706347798	0.0462307245921527	453	13	0.395421140109928	0.722177940656011
metabat_ERR6281586.4	response	R	-0.175182980159446	0.124192633104574	453	41	0.159063371908154	0.722177940656011
maxbin_SRR13022429.005	response	R	-0.0809220980835184	0.0700766874815471	453	30	0.248798233246725	0.722177940656011
metabat_ERR6275676.3	response	R	0.137932793945764	0.106427119298772	453	46	0.195631756285316	0.722177940656011
metabat_SRR5930529.3	response	R	0.13913936031686	0.112160846831172	453	45	0.215423119415205	0.722177940656011
metabat_ERR2162211.9	response	R	-0.184431436020019	0.138930914040523	453	31	0.18501338328701	0.722177940656011
semibin_SRR11413689.110	response	R	0.090936743986192	0.103103597072163	453	50	0.378249932066045	0.722177940656011
metabat_SRR16554771.5	response	R	0.141008989923374	0.147874562968051	453	89	0.340817002586095	0.722177940656011
semibin_SRR16168913.74	response	R	0.0931549568855318	0.104704772087676	453	43	0.374106630935402	0.722177940656011
metabat_SRR13068834.30	response	R	0.126536237615929	0.137411978575005	453	88	0.357624025945903	0.722177940656011
semibin_SRR11413683.31	response	R	-0.153712857961461	0.128195453060879	453	40	0.231137808354624	0.722177940656011
metabat_ERR12405917.12	response	R	-0.227780269634934	0.114935127516778	453	37	0.0481105805977446	0.722177940656011
semibin_SRR11413657.102	response	R	0.188765102917523	0.15053021269638	453	87	0.210498110866852	0.722177940656011
semibin_SRR13022464.9	response	R	0.115932506967076	0.119121296760153	453	60	0.33096078424126	0.722177940656011
semibin_SRR11413690.11	response	R	-0.190453245882875	0.0958942358933063	453	32	0.0476333065260694	0.722177940656011
metabat_SRR13068838.21	response	R	-0.259610152119896	0.201688170845188	453	80	0.198689743898088	0.722177940656011
maxbin_ERR12405952.002	response	R	0.0322483007547751	0.0209221229615296	453	4	0.12393679395097	0.722177940656011
semibin_ERR12405916.16	response	R	0.186472749693877	0.144281907958849	453	81	0.196876885863562	0.722177940656011
maxbin_SRR23364191.039_sub	response	R	0.0988654759319311	0.109286450012901	453	42	0.36613658541736	0.722177940656011
maxbin_ERR6275667.027	response	R	0.149354387109578	0.128356070598007	453	74	0.245209407709118	0.722177940656011
maxbin_ERR2162214.002	response	R	-0.0461178417000537	0.0457258182609312	453	7	0.313721534078713	0.722177940656011
semibin_ERR12405971.54	response	R	-0.0173099763999132	0.0200518412724195	453	4	0.388453512237286	0.722177940656011
metabat_SRR16168975.22	response	R	0.158637414772432	0.115163159383567	453	71	0.169048366970728	0.722177940656011
maxbin_ERR6279660.001	response	R	-0.112572318905738	0.105498634889087	453	40	0.286520396187293	0.722177940656011
maxbin_SRR16168900.001	response	R	-0.122041474189931	0.127362736140457	453	29	0.33846912856278	0.722177940656011
maxbin_SRR16554686.012	response	R	-0.124819460871626	0.0958869886662174	453	27	0.193671649213189	0.722177940656011
metabat_SRR5930529.8	response	R	0.194299026518759	0.103762662887761	453	45	0.0617802383680056	0.722177940656011
metabat_SRR25825504.22_sub	response	R	0.156238406454026	0.101732920492293	453	37	0.125297809615558	0.722177940656011
semibin_ERR6279673.25_sub	response	R	-0.196780821769269	0.113777418058076	453	67	0.084401452322064	0.722177940656011
semibin_ERR6232458.12	response	R	-0.103736836610385	0.117642392443871	453	70	0.378356956462294	0.722177940656011
semibin_SRR5930493.36_sub	response	R	-0.182493828450047	0.0974206892976902	453	35	0.0616796879204248	0.722177940656011
semibin_SRR6000893.60_sub	response	R	0.0997271065338566	0.113724772318859	453	49	0.380998970872282	0.722177940656011
maxbin_SRR8387710.024	response	R	-0.104877907803188	0.0962921822716695	453	32	0.276663531419818	0.722177940656011
metabat_ERR6281433.28	response	R	0.145611293014579	0.108506332155429	453	44	0.180283767319807	0.722177940656011
semibin_ERR12405964.2	response	R	-0.0910750656226819	0.0924266498759989	453	33	0.324968364519965	0.722177940656011
metabat_ERR6281658.13	response	R	-0.183415540336526	0.139707493992289	453	87	0.189902145790489	0.722177940656011
semibin_SRR5930516.87	response	R	-0.0528335777559926	0.0546931876234594	453	7	0.334565161436728	0.722177940656011
semibin_SRR11413691.52	response	R	0.150276356122769	0.0939058315721458	453	42	0.110239717195187	0.722177940656011
semibin_SRR16554744.40_sub	response	R	0.0765246000478036	0.0574145770006747	453	12	0.183257578498091	0.722177940656011
maxbin_SRR16554659.005	response	R	0.100580784503223	0.0758481994418061	453	12	0.185484523317674	0.722177940656011
metabat_SRR16554654.55	response	R	0.121495188088431	0.0813647922753118	453	15	0.136083901500265	0.722177940656011
semibin_SRR23364171.72	response	R	0.129956678101936	0.12406239754538	453	67	0.295429869149973	0.722177940656011
semibin_SRR16554704.8_sub	response	R	-0.0785458996624869	0.0826497331554652	453	21	0.342447640016622	0.722177940656011
semibin_SRR20881983.27	response	R	0.0863623527500871	0.0854256269429341	453	34	0.312579038366468	0.722177940656011
semibin_SRR20881981.24	response	R	0.118746069214117	0.0824251186482628	453	20	0.150376348326341	0.722177940656011
semibin_SRR5930494.37	response	R	0.0567998201256169	0.0643542005706535	453	21	0.377915909861091	0.722177940656011
metabat_SRR16554765.3	response	R	0.113508457707414	0.096936992417048	453	27	0.242238090647724	0.722177940656011
semibin_ERR12405918.0	response	R	-0.0810355824126228	0.0871313807637754	453	26	0.352852282596634	0.722177940656011
semibin_ERR12405967.4	response	R	-0.0712364212026565	0.0675009275523487	453	26	0.291834967060856	0.722177940656011
semibin_SRR23364176.2	response	R	-0.067207891012118	0.0698148025986582	453	27	0.33623422963985	0.722177940656011
metabat_SRR16554711.16	response	R	-0.10767253385175	0.101209971745717	453	47	0.287965061173461	0.722177940656011
metabat_SRR5930528.37	response	R	-0.130574183434255	0.109967108653779	453	43	0.235697759130325	0.722177940656011
semibin_ERR6275668.86	response	R	-0.0758309702292826	0.0702632121438594	453	27	0.281057072979651	0.722177940656011
semibin_ERR12406007.1	response	R	0.167340916833506	0.0989531798178585	453	41	0.0915100251041297	0.722177940656011
semibin_SRR23364186.11	response	R	-0.0687549996732063	0.0725125256888285	453	26	0.343545326112815	0.722177940656011
metabat_ERR12405926.24	response	R	-0.211376835128939	0.125279843384929	453	66	0.0922520222981103	0.722177940656011
semibin_ERR6275664.8	response	R	-0.107007355006528	0.0626087537151467	453	24	0.0881160391626015	0.722177940656011
semibin_SRR16554678.23	response	R	-0.0636649636379882	0.0379279935722538	453	4	0.0939276871140134	0.722177940656011
metabat_ERR12405949.23	response	R	-0.162713575460522	0.0724932628327613	453	17	0.0252835929672414	0.722177940656011
maxbin_SRR16554706.002	response	R	0.0357832439795061	0.0340894113380777	453	7	0.29442816801223	0.722177940656011
metabat_SRR11413620.24	response	R	0.203165258534821	0.114724423493968	453	43	0.077257753138933	0.722177940656011
semibin_ERR6275672.14	response	R	-0.159537367382394	0.0893871991147641	453	13	0.0749674298090158	0.722177940656011
maxbin_SRR25825515.010	response	R	-0.100555929699756	0.0800759025751942	453	23	0.209854802983267	0.722177940656011
metabat_ERR12405971.2	response	R	-0.0675783625550739	0.0753660907558295	453	24	0.370376176377958	0.722177940656011
metabat_SRR13068829.36	response	R	-0.143683215169416	0.116899765947699	453	54	0.219669867774491	0.722177940656011
semibin_SRR16554725.23	response	R	-0.0455750947922537	0.0362989110049021	453	4	0.209933013527663	0.722177940656011
maxbin_ERR6281433.007	response	R	-0.0566999957368135	0.0630546555176902	453	25	0.369018833106405	0.722177940656011
semibin_SRR23364212.64	response	R	-0.101634753312372	0.0907222429554431	453	14	0.263188614532837	0.722177940656011
metabat_ERR6280948.5	response	R	0.0642650775609589	0.063012192084014	453	29	0.308335229732106	0.722177940656011
metabat_ERR6230326.9	response	R	-0.0904739223549819	0.101382087354502	453	33	0.372651598069401	0.722177940656011
maxbin_SRR5930508.014	response	R	-0.0688833485619249	0.0721844792870108	453	19	0.340465115543239	0.722177940656011
maxbin_SRR25825517.011_sub	response	R	-0.0375257935611839	0.0330832590708297	453	6	0.257278192413662	0.722177940656011
maxbin_ERR2162217.004	response	R	-0.152742841002946	0.101745246797109	453	23	0.133997461608429	0.722177940656011
semibin_SRR11413607.11	response	R	-0.216352984538349	0.128904628711903	453	59	0.0939649508136726	0.722177940656011
semibin_SRR25825504.166	response	R	0.0481626261665505	0.0341676591330565	453	4	0.159356284033843	0.722177940656011
metabat_ERR12405933.44	response	R	-0.0697421391839567	0.0788027676893593	453	22	0.37661671501995	0.722177940656011
maxbin_ERR6279677.001	response	R	0.0806849288523202	0.0629723857345072	453	11	0.200757477705075	0.722177940656011
semibin_SRR25825502.18	response	R	-0.0702546847812299	0.0805014925048608	453	26	0.383286508253219	0.722177940656011
metabat_ERR12406012.5	response	R	0.156793756301949	0.104879825287654	453	61	0.135623244247527	0.722177940656011
maxbin_SRR16554767.018	response	R	-0.0977521944969579	0.0943193873666672	453	39	0.300573230710693	0.722177940656011
metabat_SRR23364191.39_sub	response	R	-0.065633524244253	0.056387113578034	453	22	0.245047137251102	0.722177940656011
metabat_ERR6281341.9	response	R	0.132818772812078	0.116103918342333	453	28	0.25324659640602	0.722177940656011
semibin_ERR2162221.24_sub	response	R	-0.0729497610546356	0.0709142959554866	453	24	0.304172269205051	0.722177940656011
semibin_SRR13022261.21	response	R	-0.0641789468275103	0.0649645950272227	453	17	0.323732275740176	0.722177940656011
metabat_SRR16554779.24	response	R	-0.128175041387675	0.0813503986597552	453	34	0.115821958000554	0.722177940656011
metabat_ERR12405981.6	response	R	-0.0709991393305613	0.0742906489772425	453	24	0.339740668333896	0.722177940656011
semibin_SRR5930502.40	response	R	0.164099631785869	0.106385227073743	453	33	0.123656312567819	0.722177940656011
metabat_SRR23364239.1	response	R	-0.0535679089350169	0.042463669243518	453	13	0.207780923199507	0.722177940656011
maxbin_SRR6000895.005	response	R	-0.0611938587747399	0.038548274641747	453	4	0.113111183846385	0.722177940656011
semibin_SRR23364199.26	response	R	-0.23852001406698	0.109069892192853	453	59	0.0292678274574379	0.722177940656011
semibin_SRR11413613.11	response	R	-0.204747263374778	0.105094296054342	453	55	0.0520099527247775	0.722177940656011
metabat_ERR12405979.25	response	R	0.0268595153969842	0.0279776970325038	453	7	0.33755572584557	0.722177940656011
metabat_ERR6275652.12_sub	response	R	0.127855604145958	0.08603525938511	453	36	0.137955650461814	0.722177940656011
semibin_SRR25825495.1_sub	response	R	-0.101523950315796	0.0806742146369994	453	26	0.208885585485097	0.722177940656011
maxbin_SRR13022461.002	response	R	0.0275465710981079	0.0287413286009456	453	7	0.338361854177086	0.722177940656011
metabat_SRR16554785.19	response	R	0.0565229361122115	0.0551691986361327	453	24	0.306135582307141	0.722177940656011
metabat_ERR12405955.34	response	R	0.0275427624179087	0.0283236415984231	453	7	0.331360871820102	0.722177940656011
metabat_SRR8387710.29	response	R	0.0275576420914208	0.0283845403003652	453	7	0.332137311830061	0.722177940656011
metabat_SRR6000895.57	response	R	-0.123225426749299	0.0825664502658933	453	28	0.136283567477358	0.722177940656011
metabat_SRR11413613.3	response	R	-0.117687844708582	0.0959552406651094	453	28	0.220655447805864	0.722177940656011
metabat_ERR12405965.20	response	R	0.0273954580099396	0.0281071524569968	453	7	0.330244901767208	0.722177940656011
metabat_SRR5930532.34_sub	response	R	0.103727329532601	0.067939332524656	453	25	0.127521150703438	0.722177940656011
maxbin_ERR6233695.024_sub	response	R	-0.0645036916336104	0.070595726479768	453	29	0.361364158692419	0.722177940656011
semibin_SRR20881985.46_sub	response	R	0.109058427730564	0.101345268951494	453	55	0.282459401532209	0.722177940656011
semibin_SRR5930527.64	response	R	-0.0485508259750757	0.0492030643596886	453	11	0.324300169770276	0.722177940656011
semibin_SRR5930529.122	response	R	0.0785987412944936	0.0489842290290583	453	12	0.109289187524912	0.722177940656011
metabat_ERR6281944.25	response	R	-0.0842901676174208	0.0633599722193594	453	12	0.184083565889143	0.722177940656011
maxbin_SRR8387679.008	response	R	0.0378186593935043	0.0434139974942286	453	14	0.384153878578761	0.722177940656011
semibin_SRR13068849.26	response	R	-0.123577545273614	0.0716117250655253	453	26	0.0850967276571937	0.722177940656011
metabat_ERR6281941.15	response	R	-0.0736018698429472	0.0833825228648831	453	24	0.377868030152505	0.722177940656011
metabat_SRR16554754.14_sub	response	R	-0.0256348071872166	0.0250391709897645	453	2	0.306484154112734	0.722177940656011
semibin_SRR5930507.17_sub	response	R	-0.168305598284547	0.0826949540276869	453	25	0.0424116749938749	0.722177940656011
semibin_ERR12405997.136	response	R	-0.0176361190166	0.0201976198796168	453	4	0.383031296874332	0.722177940656011
metabat_SRR16168984.49	response	R	0.0610172701502204	0.0331501083294079	453	9	0.0663317210831522	0.722177940656011
metabat_ERR12405967.40_sub	response	R	-0.0783992857537479	0.0862686748970495	453	38	0.363952850647971	0.722177940656011
semibin_SRR16554763.40_sub	response	R	0.0811569796317652	0.0638478199531321	453	16	0.204348182644074	0.722177940656011
metabat_ERR12405976.51	response	R	0.0119038418010004	0.0133347628385099	453	4	0.372499637085399	0.722177940656011
metabat_SRR16554773.16	response	R	-0.0946807485370583	0.0634091830743593	453	21	0.136095324117779	0.722177940656011
metabat_SRR6000893.6	response	R	0.0409985945736263	0.0271891077868242	453	7	0.132281521044082	0.722177940656011
maxbin_SRR13022456.004	response	R	0.0256228985672957	0.027892308387053	453	7	0.358779279573484	0.722177940656011
maxbin_ERR2162201.001	response	R	0.0226594652149374	0.0182478880879035	453	2	0.214975855841756	0.722177940656011
semibin_SRR16554692.37	response	R	-0.0870228938293226	0.0649239331948288	453	19	0.180802728608243	0.722177940656011
maxbin_SRR16554667.020	response	R	-0.0685042847237537	0.0586612476970026	453	16	0.24350664193886	0.722177940656011
semibin_ERR2162202.30	response	R	-0.0676394292362316	0.0515468413443685	453	14	0.19012578041775	0.722177940656011
metabat_SRR16554625.19	response	R	-0.0883865904129119	0.0737303230813439	453	14	0.231245906990738	0.722177940656011
metabat_SRR16554702.8	response	R	0.0470163129718777	0.0442384318326231	453	8	0.288449756062412	0.722177940656011
semibin_SRR13022319.17	response	R	-0.170103599321608	0.0998073368504224	453	42	0.0890109911740679	0.722177940656011
semibin_ERR12405985.19	response	R	0.0512014583312241	0.0604105115298915	453	21	0.397135695535966	0.722177940656011
maxbin_SRR23364183.008	response	R	0.0656570619707658	0.0529756837097423	453	16	0.215848943800828	0.722177940656011
semibin_SRR16554693.10	response	R	-0.155746857785863	0.0858188932445317	453	20	0.0702139202446326	0.722177940656011
semibin_SRR16554656.6	response	R	-0.113313206176758	0.0674386963391616	453	19	0.0936068864548076	0.722177940656011
semibin_SRR23364171.89	response	R	-0.0639910849602431	0.0709316103091829	453	26	0.367457742145777	0.722177940656011
metabat_SRR5930497.69	response	R	0.0750614378040669	0.0602598041087648	453	15	0.213547868281172	0.722177940656011
semibin_SRR20881984.27	response	R	0.056600759867792	0.053742117969137	453	18	0.292817003197624	0.722177940656011
semibin_SRR11413679.3	response	R	-0.0596037307018475	0.0471974888377551	453	15	0.207296776090054	0.722177940656011
maxbin_SRR11413615.014	response	R	-0.0243260715389088	0.0183662657298761	453	5	0.186010807165602	0.722177940656011
semibin_SRR13068817.20	response	R	-0.137384696387792	0.0682969210105666	453	19	0.0448602860844783	0.722177940656011
semibin_ERR12405928.36_sub	response	R	0.0172498726031807	0.0135197987590677	453	6	0.202650183836505	0.722177940656011
semibin_ERR6281340.57	response	R	-0.0422433937646435	0.0456646188501258	453	10	0.355421078624262	0.722177940656011
metabat_ERR6275669.37	response	R	0.0495907531210227	0.0377665234781072	453	7	0.189821134004426	0.722177940656011
semibin_ERR2162215.9	response	R	-0.0369449455176133	0.0227042036294231	453	7	0.104386809891396	0.722177940656011
maxbin_SRR11413646.006_sub	response	R	-0.0363185591958345	0.0332556465817984	453	9	0.275373930530387	0.722177940656011
semibin_ERR12405972.8	response	R	0.0523734443799988	0.0436476361188611	453	15	0.230802374977138	0.722177940656011
metabat_SRR5930494.40_sub	response	R	0.0698654317865265	0.0800152197401681	453	26	0.383045354849829	0.722177940656011
maxbin_SRR23364202.021	response	R	0.0510470613531238	0.0381514210719832	453	6	0.181567418494576	0.722177940656011
metabat_ERR6239139.44	response	R	0.069730157431393	0.052793058532194	453	11	0.187230997639567	0.722177940656011
maxbin_SRR8387683.026_sub	response	R	0.0416122918769074	0.0487384105580511	453	18	0.393675461836572	0.722177940656011
metabat_SRR11413649.18	response	R	0.077947247607168	0.0505085961121564	453	15	0.123477339758299	0.722177940656011
metabat_SRR16554626.8	response	R	0.0678346836595064	0.0527698451207852	453	13	0.199283602871798	0.722177940656011
semibin_ERR12405910.22	response	R	-0.0826432524187917	0.0494460541071649	453	9	0.0953406466253409	0.722177940656011
metabat_SRR16554760.38	response	R	0.0667810953373062	0.0668844395012319	453	18	0.318594952880811	0.722177940656011
metabat_SRR25825515.13	response	R	-0.0872955339013279	0.0403149729456465	453	14	0.0308859126491284	0.722177940656011
semibin_SRR5930505.112	response	R	-0.104783537115433	0.081849910542664	453	21	0.201136805025436	0.722177940656011
semibin_SRR5930521.13	response	R	-0.0995488335058453	0.0639326913781576	453	15	0.120154648964386	0.722177940656011
metabat_SRR5930506.22	response	R	-0.0468411439228475	0.0493347971873774	453	19	0.342898138606944	0.722177940656011
semibin_ERR12405947.51	response	R	-0.0326471744353856	0.0231141098280533	453	5	0.158516047627037	0.722177940656011
semibin_SRR5930529.25	response	R	-0.0662653397436424	0.0537022196724745	453	13	0.217871712535151	0.722177940656011
semibin_SRR13068830.16	response	R	-0.0923019207444642	0.0621781326982344	453	15	0.138385220356159	0.722177940656011
maxbin_ERR6233695.025_sub	response	R	0.0607740872591072	0.041501927474109	453	10	0.143790156075786	0.722177940656011
semibin_SRR5930494.170	response	R	0.0277239134819036	0.0306179654077817	453	10	0.36569654678205	0.722177940656011
maxbin_SRR16554735.011	response	R	-0.00491594030004299	0.004473351985055	453	1	0.272383072046292	0.722177940656011
semibin_SRR16554702.69	response	R	0.0467925924442761	0.0450902221932104	453	7	0.299941004629705	0.722177940656011
semibin_SRR16554632.68	response	R	-0.0466159755859861	0.0306941039771536	453	5	0.129535940038185	0.722177940656011
semibin_SRR16554652.37	response	R	0.0708015983422751	0.0520049552434722	453	11	0.174054859152759	0.722177940656011
maxbin_ERR12405964.003	response	R	-0.0184393543695236	0.0160581709534705	453	5	0.251459677050992	0.722177940656011
metabat_ERR2162221.41	response	R	0.0172846005683889	0.0145547574353907	453	2	0.23563476386469	0.722177940656011
maxbin_ERR12405970.007	response	R	-0.0495555581544628	0.0418826288003878	453	6	0.237357890120436	0.722177940656011
metabat_SRR25825512.35_sub	response	R	0.0451560551998617	0.0465056567928212	453	10	0.332078768133969	0.722177940656011
semibin_SRR6000921.66	response	R	-0.0377559707274731	0.0389377200424457	453	9	0.3327405646405	0.722177940656011
metabat_SRR20881979.25	response	R	0.0759644664859926	0.0563287336568519	453	17	0.178146649915567	0.722177940656011
metabat_ERR12405912.60_sub	response	R	0.034973287470023	0.0332822026022274	453	7	0.293910070119703	0.722177940656011
semibin_ERR6264281.17	response	R	0.0501371415770959	0.0464246100794691	453	16	0.280733161573178	0.722177940656011
semibin_SRR25825511.42	response	R	-0.0422344574462655	0.0294470878539647	453	3	0.152194266338921	0.722177940656011
semibin_SRR25825497.63	response	R	-0.0474210721851416	0.0370838030021252	453	7	0.201642321648657	0.722177940656011
semibin_ERR6279648.9_sub	response	R	0.071941427338429	0.077250533332488	453	29	0.352210237936732	0.722177940656011
metabat_ERR12405972.12	response	R	-0.0167672125551003	0.0191027599205824	453	2	0.380554660341896	0.722177940656011
semibin_ERR2162212.41	response	R	0.0307488831540993	0.0352375051024133	453	8	0.383335634150498	0.722177940656011
metabat_SRR20881983.15_sub	response	R	0.0863970702917466	0.0728130028056598	453	28	0.23602590938658	0.722177940656011
metabat_SRR8387677.1_sub	response	R	-0.0149073297323147	0.0162741572723123	453	2	0.360149921108368	0.722177940656011
metabat_ERR12405915.37	response	R	-0.0387848184648492	0.0400556241990011	453	12	0.333426537999587	0.722177940656011
semibin_SRR6000896.39	response	R	-0.076954114451836	0.0559506167533917	453	14	0.169692242097928	0.722177940656011
maxbin_ERR12406001.019	response	R	0.0258007460197741	0.0225978403418175	453	4	0.254170862247744	0.722177940656011
metabat_SRR5930508.66	response	R	-0.0674805097526386	0.0552505181482333	453	12	0.222594387756061	0.722177940656011
maxbin_ERR2162220.003	response	R	0.00442562258816149	0.00447387394954003	453	1	0.32309046806464	0.722177940656011
metabat_ERR12405944.28_sub	response	R	0.022370010021913	0.023830910476278	453	3	0.348389281635234	0.722177940656011
semibin_SRR5930511.23	response	R	0.06509001042801	0.0620184527299957	453	19	0.294498032133074	0.722177940656011
semibin_SRR5930503.199	response	R	0.093275440792551	0.049609554519465	453	16	0.0607263114738079	0.722177940656011
metabat_SRR16554733.8	response	R	0.00442562258817622	0.00447387394953857	453	1	0.323090468062854	0.722177940656011
metabat_SRR11413608.104_sub	response	R	0.0378355165892366	0.0400515721391175	453	17	0.345333337590004	0.722177940656011
metabat_SRR13022375.2	response	R	0.0421923010555558	0.0412975589119851	453	8	0.30748784434539	0.722177940656011
metabat_SRR13068837.8	response	R	0.0530988683008026	0.0369820215944251	453	5	0.151751835183621	0.722177940656011
semibin_ERR12406004.40	response	R	0.0178913825444396	0.0141632775351709	453	6	0.207163150295966	0.722177940656011
metabat_SRR16554707.26	response	R	0.0953717663927276	0.038822572117968	453	12	0.0144019149064035	0.722177940656011
metabat_ERR12406003.18	response	R	-0.0353004604107472	0.0395257286763694	453	9	0.372279486592564	0.722177940656011
semibin_SRR23364193.49_sub	response	R	-0.0181479719163631	0.0209304278755198	453	4	0.386370017810928	0.722177940656011
metabat_SRR5930506.44_sub	response	R	0.0841843633791725	0.0583575090715821	453	17	0.149841278782185	0.722177940656011
metabat_ERR2162221.34	response	R	0.00442562258814524	0.00447387394954404	453	1	0.323090468066853	0.722177940656011
metabat_SRR16554726.23	response	R	-0.0760490589063929	0.0564430810881368	453	15	0.178548247146445	0.722177940656011
maxbin_SRR20881976.003	response	R	-0.0551675810562104	0.0313213545809967	453	7	0.0788585309680922	0.722177940656011
semibin_SRR13068840.58	response	R	0.0383820583366896	0.0256998907002964	453	4	0.136018123677398	0.722177940656011
metabat_SRR16554627.12	response	R	-0.021530806137337	0.0221685042854255	453	5	0.331955066179361	0.722177940656011
semibin_SRR5930532.139	response	R	0.0544059489226206	0.0369625213186907	453	7	0.141739724240484	0.722177940656011
metabat_SRR25825502.19_sub	response	R	-0.0752101887396394	0.0625604024551315	453	14	0.229916426196585	0.722177940656011
semibin_ERR2162224.69	response	R	-0.00491594030018263	0.00447335198506071	453	1	0.272383072033302	0.722177940656011
metabat_SRR8387712.29	response	R	0.0687451141001136	0.0592918598477489	453	9	0.246891999938513	0.722177940656011
metabat_ERR12406003.42	response	R	0.0191243569388986	0.0199055465325024	453	5	0.337192686868331	0.722177940656011
semibin_SRR16554660.75	response	R	0.0546282986014228	0.036373431687205	453	4	0.133829548861426	0.722177940656011
semibin_ERR6279678.42	response	R	-0.0414872914022768	0.0224734213161067	453	4	0.0655385608895149	0.722177940656011
semibin_SRR11413678.27	response	R	-0.0596827410484826	0.0571611304320623	453	17	0.296992264422955	0.722177940656011
semibin_SRR13068850.87	response	R	0.0182212192695797	0.0145625238885107	453	6	0.211496948162081	0.722177940656011
metabat_SRR5930528.60	response	R	-0.0612351391085766	0.0366267117442112	453	11	0.0952435582254385	0.722177940656011
metabat_SRR25825510.42_sub	response	R	0.0582325772247368	0.0450106428234586	453	11	0.196414280028021	0.722177940656011
semibin_ERR2162215.11	response	R	-0.0315461373247989	0.030584926926688	453	5	0.302893240897207	0.722177940656011
semibin_SRR16554757.33	response	R	-0.0254221877876539	0.0173871599158263	453	2	0.144403613112972	0.722177940656011
semibin_ERR12405979.55	response	R	0.0349655986373611	0.0246394080013077	453	4	0.156566755440241	0.722177940656011
metabat_SRR16168938.24_sub	response	R	0.036605877419522	0.0283955347589581	453	4	0.198009914719979	0.722177940656011
metabat_SRR11413607.56	response	R	0.0238305291408675	0.0206579781953799	453	2	0.249287350703837	0.722177940656011
metabat_ERR2162200.21	response	R	-0.047739432078871	0.0321720761217592	453	6	0.138540272362597	0.722177940656011
semibin_SRR16554712.0	response	R	0.0292252062573778	0.0233626011328299	453	3	0.211606448092234	0.722177940656011
semibin_ERR2162206.16	response	R	0.0044256225883279	0.00447387394953859	453	1	0.323090468046323	0.722177940656011
semibin_SRR16554745.4	response	R	-0.00491594029990011	0.0044733519850507	453	1	0.272383072059774	0.722177940656011
metabat_SRR6000877.26	response	R	-0.0345407786994922	0.0253037192504727	453	4	0.172919206377304	0.722177940656011
semibin_ERR6275673.140	response	R	-0.0378929002639974	0.0252861101438129	453	3	0.134685902901492	0.722177940656011
maxbin_ERR6254869.013	response	R	0.046562961450637	0.0479593224764631	453	9	0.332126209708333	0.722177940656011
maxbin_SRR5930533.038	response	R	0.0503621866055354	0.0316704377477575	453	8	0.112491499531839	0.722177940656011
maxbin_ERR2162221.009	response	R	0.00442562258792903	0.00447387394954555	453	1	0.323090468090603	0.722177940656011
semibin_ERR2162212.116	response	R	0.00442562258791564	0.00447387394954367	453	1	0.323090468091876	0.722177940656011
semibin_ERR6279669.86	response	R	0.0431276156577178	0.0455047982938399	453	13	0.343759374132364	0.722177940656011
semibin_SRR11413609.20	response	R	-0.0133469014230753	0.0142416792592946	453	4	0.34917560647274	0.722177940656011
metabat_ERR2162221.49	response	R	0.0538273631327077	0.0346469832099589	453	4	0.120982592807562	0.722177940656011
semibin_ERR2162216.86	response	R	0.019319962907572	0.0136461949821862	453	3	0.157531167015331	0.722177940656011
metabat_SRR11413618.74	response	R	0.00442562258829994	0.00447387394953046	453	1	0.323090468048491	0.722177940656011
metabat_SRR16554702.30	response	R	0.00442562259171824	0.00447387394934348	453	1	0.323090467654945	0.722177940656011
metabat_SRR16554664.18	response	R	0.0279345819354062	0.0285016384039248	453	3	0.327560029990196	0.722177940656011
metabat_ERR2162212.52	response	R	0.0158407609412457	0.0136187572874571	453	2	0.245382052634065	0.722177940656011
semibin_ERR2162209.4	response	R	-0.0231280249171236	0.0173172947334835	453	2	0.182376511710208	0.722177940656011
semibin_SRR16554736.70	response	R	0.00442562259163156	0.00447387394935068	453	1	0.323090467665191	0.722177940656011
semibin_SRR23364233.61	response	R	-0.0188967627609208	0.0194330313175573	453	2	0.331371347442957	0.722177940656011
semibin_SRR5930498.20	response	R	-0.0218486810927888	0.0230165564317722	453	4	0.342997172462067	0.722177940656011
maxbin_SRR5930503.009	response	R	0.0173196011614984	0.0163589542924422	453	2	0.290293311242027	0.722177940656011
metabat_SRR11413685.29	response	R	0.00442562258796601	0.00447387394955036	453	1	0.323090468087126	0.722177940656011
semibin_SRR20881974.85	response	R	0.00442562258813581	0.00447387394953549	453	1	0.323090468066946	0.722177940656011
semibin_ERR2162221.54	response	R	0.00442562259207435	0.00447387394933654	453	1	0.323090467615299	0.722177940656011
semibin_ERR2162221.14	response	R	0.00442562258829669	0.0044738739495406	453	1	0.323090468049933	0.722177940656011
semibin_ERR6271721.5_sub	response	R	-0.0375446196725702	0.0206059170979285	453	3	0.0691152389113212	0.722177940656011
metabat_SRR16554703.27	response	R	0.0044256225883649	0.00447387394953897	453	1	0.323090468042306	0.722177940656011
semibin_ERR2162221.26	response	R	0.00442562258843151	0.00447387394953347	453	1	0.323090468034411	0.722177940656011
metabat_SRR13068834.6	response	R	0.00442562258781021	0.00447387394955223	453	1	0.323090468104331	0.722177940656011
semibin_SRR23364192.96	response	R	0.00442562259177651	0.0044738739493433	453	1	0.323090467648578	0.722177940656011
maxbin_SRR23364183.002	response	R	0.194308981125381	0.13815161003143	453	52	0.160268974634564	0.722177940656011
semibin_SRR16554759.10_sub	response	R	0.151754614803998	0.111077609253716	453	27	0.172555935079323	0.722177940656011
semibin_ERR12406009.9_sub	response	R	-0.12619198764036	0.10503103888648	453	29	0.23020089007367	0.722177940656011
maxbin_SRR8387659.002	response	R	-0.170893022058026	0.157487350554768	453	41	0.27844742166935	0.722177940656011
metabat_SRR5930532.5	response	R	-0.148054090431201	0.115382355774496	453	27	0.200095120880282	0.722177940656011
semibin_SRR11413690.63	response	R	-0.202936397643267	0.0974812925818887	453	20	0.0379281475915253	0.722177940656011
maxbin_SRR23364229.004	response	R	-0.15951486010699	0.128687760731296	453	29	0.215787397767369	0.722177940656011
maxbin_ERR6232523.003	response	R	0.17275657160417	0.125011128108379	453	60	0.167679173034774	0.722177940656011
semibin_ERR6267712.18	response	R	0.32336913648876	0.178897088030722	453	140	0.0713454520625772	0.722177940656011
semibin_SRR5930495.44	response	R	-0.0961609624976655	0.0648410100690288	453	12	0.138767249305677	0.722177940656011
metabat_SRR5930498.82	response	R	-0.342418989878645	0.19264308122256	453	95	0.0761652822818111	0.722177940656011
semibin_SRR25825510.41_sub	response	R	0.237402758487175	0.167859282732074	453	140	0.157972684420852	0.722177940656011
semibin_ERR6279674.8	response	R	0.211697726828239	0.166681060852464	453	136	0.204719660024005	0.722177940656011
maxbin_ERR6281505.022	response	R	0.131915056306032	0.151844982890925	453	129	0.385452194547157	0.722177940656011
maxbin_ERR6279662.030	response	R	0.17675594895475	0.148042928917841	453	135	0.233131891719337	0.722177940656011
maxbin_SRR11413648.001	response	R	0.0370848927600909	0.0233075035078176	453	8	0.112284604800762	0.722177940656011
semibin_SRR6000903.13	response	R	0.267715475548418	0.167202194004925	453	123	0.110052143245721	0.722177940656011
maxbin_SRR23364204.024	response	R	0.220628600858067	0.156926168664309	453	123	0.160438759647259	0.722177940656011
metabat_SRR5930506.9_sub	response	R	0.196471404350438	0.158935544339709	453	127	0.217046093371069	0.722177940656011
metabat_ERR6243878.23_sub	response	R	0.240937083968434	0.131459973123585	453	120	0.0675019438367213	0.722177940656011
metabat_SRR16168986.5	response	R	0.16161334807739	0.143852010197039	453	117	0.261842803900469	0.722177940656011
maxbin_ERR6279614.017_sub	response	R	0.130217091825669	0.126283562092221	453	112	0.303030282085105	0.722177940656011
maxbin_ERR6279679.012	response	R	0.215937248670048	0.130790553145441	453	117	0.0994394246834102	0.722177940656011
semibin_ERR6279668.12	response	R	-0.132048108667104	0.0784108096379689	453	12	0.092862969738443	0.722177940656011
metabat_ERR6279677.48_sub	response	R	0.270360714520263	0.160067631417655	453	118	0.0919107453608004	0.722177940656011
maxbin_SRR25825517.033_sub	response	R	0.165021575683525	0.148313628427582	453	117	0.266457019778856	0.722177940656011
metabat_ERR12405950.7	response	R	0.217878769857844	0.129402766558119	453	58	0.0929299893201407	0.722177940656011
metabat_SRR13068843.53_sub	response	R	0.292698516926747	0.181080193991939	453	119	0.106712801304655	0.722177940656011
maxbin_ERR6280910.023_sub	response	R	0.171464197572458	0.155402232545132	453	106	0.270466927369208	0.722177940656011
semibin_SRR11413645.40	response	R	0.0155039369614048	0.0154892638924257	453	5	0.317389066601638	0.722177940656011
semibin_SRR11413614.4	response	R	0.0169867708237268	0.0177828515255292	453	5	0.33997149871557	0.722177940656011
metabat_ERR6232458.6	response	R	0.130549270617526	0.154270241096179	453	60	0.397870391262832	0.722177940656011
semibin_SRR11413686.11	response	R	0.0232669684920985	0.017048053029193	453	6	0.173000794386263	0.722177940656011
metabat_SRR25825508.34_sub	response	R	0.208899059180447	0.149026084534714	453	106	0.161682015843273	0.722177940656011
semibin_ERR6279661.80	response	R	0.161753967575434	0.0994263618302299	453	27	0.104462723732357	0.722177940656011
metabat_ERR12405928.49	response	R	0.11874962934911	0.0867035631254062	453	17	0.171491794881662	0.722177940656011
semibin_SRR13022297.24	response	R	0.0707073499746544	0.0448348333078386	453	8	0.115483892161788	0.722177940656011
maxbin_SRR13068814.028	response	R	-0.126545684528955	0.140222167998863	453	63	0.367294436439027	0.722177940656011
maxbin_ERR6279659.009_sub	response	R	0.0830966488712704	0.0759674392915408	453	23	0.274606616000597	0.722177940656011
semibin_SRR6000900.14	response	R	0.289344425787902	0.146988194911109	453	48	0.0496263425552204	0.722177940656011
semibin_ERR12405961.27	response	R	-0.0581933006493561	0.0327279295360306	453	5	0.0760622503380551	0.722177940656011
maxbin_ERR6281000.059	response	R	0.195072880984811	0.159051608164452	453	44	0.220661263206391	0.722177940656011
semibin_SRR5930520.79_sub	response	R	0.134202301386522	0.0968244295684698	453	23	0.166420455560522	0.722177940656011
maxbin_ERR6230326.003	response	R	-0.0471101574973521	0.035261500650246	453	2	0.182215662329262	0.722177940656011
metabat_ERR6279668.3	response	R	-0.0566566474965173	0.0432091434359269	453	2	0.190450983735381	0.722177940656011
maxbin_SRR16554636.003	response	R	-0.0906605212790151	0.0507468157271861	453	4	0.0746875599836297	0.722177940656011
metabat_ERR6275663.38	response	R	0.124448013437863	0.0882509836086929	453	19	0.159181711417294	0.722177940656011
semibin_SRR5930532.36	response	R	-0.177002841923385	0.108601058027215	453	24	0.103832541733912	0.722177940656011
semibin_SRR20881976.80	response	R	0.134182088389434	0.12572619745217	453	50	0.286428535093521	0.722177940656011
semibin_ERR6281448.54	response	R	0.10975861450991	0.123759374791186	453	47	0.375622175417881	0.722177940656011
maxbin_SRR11413653.009	response	R	0.136064655035836	0.130276733686968	453	47	0.296846940082394	0.722177940656011
semibin_ERR6243879.12_sub	response	R	0.0405493930775769	0.0441044642098625	453	2	0.358380831718914	0.722177940656011
semibin_ERR6275676.56	response	R	0.105525850095523	0.0927473615866501	453	21	0.255817609163919	0.722177940656011
maxbin_SRR5930515.026_sub	response	R	-0.0979979006775281	0.0571402804248619	453	9	0.0870255341216509	0.722177940656011
maxbin_SRR16168974.016_sub	response	R	0.131411140657433	0.0883907251108418	453	65	0.137799369465233	0.722177940656011
metabat_ERR6271721.58	response	R	0.103862292826586	0.12167034751491	453	46	0.393760791977158	0.722177940656011
metabat_SRR23364171.31	response	R	0.132010014848475	0.0868323279600091	453	18	0.129139729739227	0.722177940656011
metabat_SRR23364216.19_sub	response	R	-0.2266719177406	0.146455618303015	453	56	0.122396150682346	0.722177940656011
metabat_ERR6279626.27	response	R	0.095546735115222	0.0944305343550919	453	18	0.312166485364828	0.722177940656011
semibin_ERR6280910.39	response	R	0.131068768398223	0.0834700128638005	453	23	0.117058314489822	0.722177940656011
maxbin_SRR16554788.028_sub	response	R	-0.0742043542888339	0.0851671560813606	453	23	0.384066658904324	0.722177940656011
semibin_SRR5930507.86	response	R	0.140911045402212	0.142564174525713	453	41	0.323486043719947	0.722177940656011
semibin_ERR2162203.14	response	R	0.119298082191101	0.0861342183669318	453	17	0.166729398028357	0.722177940656011
semibin_SRR11413647.21	response	R	-0.0319104687090622	0.028686905372169	453	4	0.266571672882145	0.722177940656011
metabat_SRR16554734.17	response	R	0.0450919142740674	0.0411880747139816	453	3	0.27419699192846	0.722177940656011
maxbin_SRR5930510.007_sub	response	R	-0.109303488429215	0.118715977210973	453	87	0.357697152286738	0.722177940656011
maxbin_SRR11413617.028_sub	response	R	0.100483451596164	0.0743810319834797	453	19	0.17739581928143	0.722177940656011
semibin_SRR13068818.12_sub	response	R	0.119076639013187	0.116587659952677	453	74	0.30764326285824	0.722177940656011
metabat_SRR25825510.56	response	R	0.10335266190558	0.12085562448485	453	43	0.392909471435709	0.722177940656011
semibin_ERR6279669.82	response	R	-0.0526340349888602	0.0528502230478114	453	9	0.319828438424724	0.722177940656011
metabat_ERR6254870.48	response	R	-0.00534759358292051	0.00448161842864496	453	1	0.233407327378879	0.722177940656011
metabat_ERR6279619.19_sub	response	R	0.140158393875211	0.11108928808768	453	78	0.207725207004201	0.722177940656011
metabat_ERR6275652.18	response	R	0.0663029806203477	0.0390853644338974	453	9	0.0905071289679483	0.722177940656011
semibin_ERR12405920.42	response	R	0.0164892825158441	0.0149051155902647	453	5	0.269193627215006	0.722177940656011
metabat_SRR6000906.41	response	R	0.0436645354338707	0.0462405298887203	453	5	0.345535784044644	0.722177940656011
semibin_SRR6000908.42_sub	response	R	-0.0443423001231725	0.0526257977544394	453	10	0.399900901195568	0.722177940656011
semibin_SRR25825513.40	response	R	0.0512155245517705	0.0325633957241411	453	7	0.116470981177551	0.722177940656011
metabat_SRR25825505.1	response	R	0.0387700128007159	0.0297258220398096	453	6	0.192813560989878	0.722177940656011
semibin_SRR16554773.62	response	R	-0.0707730811187833	0.0494662500349458	453	6	0.153198748622949	0.722177940656011
semibin_ERR6279673.83	response	R	-0.0713137122039781	0.0806620000495043	453	20	0.377110496985093	0.722177940656011
maxbin_SRR13068813.004	response	R	-0.0795726014019434	0.0785080061875869	453	23	0.311336072987702	0.722177940656011
semibin_SRR16554756.28	response	R	0.143426770766981	0.075729880091361	453	16	0.0588775318652894	0.722177940656011
semibin_SRR16554643.19	response	R	0.00375939849619434	0.00448519497725987	453	1	0.402373886694825	0.722177940656011
metabat_SRR20881981.18	response	R	-0.177799010812847	0.119824093998975	453	40	0.138552815145475	0.722177940656011
metabat_SRR5930509.43	response	R	-0.184925592619749	0.0958294930395444	453	39	0.0542695426834475	0.722177940656011
maxbin_SRR16554689.002	response	R	0.0599210928338701	0.0515272799233978	453	10	0.245485185822936	0.722177940656011
maxbin_ERR6232522.003	response	R	-0.05892907519949	0.0609134174826897	453	21	0.333854509859597	0.722177940656011
semibin_ERR6231475.19	response	R	-0.00534759358296089	0.00448161842864497	453	1	0.23340732737534	0.722177940656011
maxbin_SRR16168941.009_sub	response	R	0.152123605516068	0.112965477849281	453	65	0.17877922136163	0.722177940656011
maxbin_ERR6232529.012	response	R	0.00375939849626681	0.00448519497725986	453	1	0.402373886685759	0.722177940656011
metabat_SRR11413680.4	response	R	-0.00534759358283354	0.00448161842864495	453	1	0.23340732738647	0.722177940656011
semibin_SRR16554649.27	response	R	0.00375939849627406	0.00448519497725984	453	1	0.402373886684851	0.722177940656011
metabat_SRR13068841.11	response	R	0.0867943073780477	0.0852482494004374	453	35	0.309160281843111	0.722177940656011
semibin_ERR6279620.35	response	R	-0.054351768826721	0.0520924666012291	453	6	0.297336400459539	0.722177940656011
semibin_ERR12405915.41_sub	response	R	0.0862423259524434	0.0991599179285223	453	36	0.384912220187551	0.722177940656011
maxbin_SRR5930512.005_sub	response	R	0.0300638939207171	0.0216851785249301	453	5	0.166320074490897	0.722177940656011
maxbin_SRR16554760.002	response	R	0.00375939849627302	0.00448519497725989	453	1	0.402373886684983	0.722177940656011
maxbin_ERR6279660.002	response	R	-0.0813226351936569	0.0504881279735561	453	7	0.107939756262239	0.722177940656011
metabat_ERR6281342.23	response	R	-0.118401794517843	0.116562419245121	453	45	0.310280808294278	0.722177940656011
maxbin_ERR6232382.008	response	R	-0.0305834428087597	0.0291288341636871	453	2	0.294309324497277	0.722177940656011
semibin_ERR12406002.2	response	R	-0.00534759358288945	0.00448161842864496	453	1	0.233407327381589	0.722177940656011
metabat_ERR6279625.36	response	R	0.114266149494209	0.12502272481251	453	61	0.361226758287514	0.722177940656011
metabat_SRR16168976.72	response	R	-0.0476834913351333	0.0459017166308502	453	10	0.299448734360389	0.722177940656011
semibin_SRR5930501.110_sub	response	R	-0.0860973822978317	0.0496810250592999	453	10	0.0837790566351119	0.722177940656011
semibin_ERR6248618.17_sub	response	R	0.0912584978913577	0.0586087426338348	453	4	0.120154622208155	0.722177940656011
semibin_SRR25825500.28	response	R	-0.0386987687109603	0.0282917174445691	453	3	0.172043967167494	0.722177940656011
semibin_SRR11413657.19	response	R	0.0231762692653021	0.0170753938502178	453	6	0.175367817898838	0.722177940656011
metabat_ERR6279654.3_sub	response	R	-0.0587945086894306	0.049500921989533	453	14	0.235558767906337	0.722177940656011
semibin_SRR5930529.2	response	R	0.139860733779722	0.0881099289531184	453	60	0.113143342936608	0.722177940656011
semibin_ERR12405928.45	response	R	0.0407604643731677	0.0248270694463737	453	8	0.101338780312594	0.722177940656011
metabat_ERR6248618.9	response	R	0.0947585105995689	0.073286409731039	453	9	0.196677427029386	0.722177940656011
maxbin_ERR6279615.003	response	R	0.0902643654402025	0.0575956672960208	453	4	0.117769182815841	0.722177940656011
maxbin_SRR5930501.009	response	R	-0.0698437538492759	0.0637115028098386	453	5	0.273557785379845	0.722177940656011
semibin_ERR12405937.35	response	R	0.00423877928664892	0.00448839493117946	453	1	0.345477990766835	0.722177940656011
metabat_ERR6232518.15	response	R	-0.00534759358298366	0.00448161842864496	453	1	0.233407327373361	0.722177940656011
metabat_SRR16554704.3	response	R	-0.0892558826668359	0.0621564535948583	453	5	0.151700665300065	0.722177940656011
metabat_ERR12405992.29	response	R	-0.0151981221331301	0.0134586814511445	453	3	0.259396936963182	0.722177940656011
maxbin_ERR6281499.005	response	R	0.104843627902609	0.0542872799507437	453	19	0.0540754895841137	0.722177940656011
metabat_SRR5930498.86	response	R	0.18026211924156	0.120737188738212	453	61	0.136138648750725	0.722177940656011
metabat_ERR12405949.35	response	R	0.00375939849604007	0.00448519497725987	453	1	0.402373886714115	0.722177940656011
metabat_SRR5930523.19	response	R	0.164970109229132	0.0981963260601111	453	39	0.0936505952185147	0.722177940656011
maxbin_ERR6267711.006	response	R	0.0770340537967659	0.0516902357979225	453	17	0.13684390442999	0.722177940656011
semibin_ERR6281500.39	response	R	-0.0053475935828118	0.00448161842864496	453	1	0.233407327388351	0.722177940656011
semibin_SRR25825500.25	response	R	-0.043909920451429	0.0491326388934157	453	10	0.371960879452956	0.722177940656011
metabat_ERR6279675.42	response	R	-0.10167363083691	0.0932139453382746	453	31	0.275962893484944	0.722177940656011
semibin_ERR12405969.59	response	R	-0.0544775655970226	0.0495815211777907	453	4	0.272464480838588	0.722177940656011
maxbin_SRR16554639.004	response	R	-0.0053475935829143	0.00448161842864496	453	1	0.233407327379414	0.722177940656011
metabat_ERR6281505.18	response	R	-0.00534759358286046	0.00448161842864497	453	1	0.233407327384121	0.722177940656011
semibin_SRR5930528.176	response	R	-0.00546298052383973	0.00448994435768436	453	1	0.224349965455087	0.722177940656011
metabat_ERR12405940.8	response	R	0.0502412828402711	0.0474371620722663	453	13	0.290117196336132	0.722177940656011
maxbin_SRR13022436.003	response	R	0.0742784707342641	0.0669319125704492	453	18	0.267693109109624	0.722177940656011
semibin_ERR6232527.15	response	R	0.168326766031729	0.136485071053995	453	39	0.218109413216012	0.722177940656011
semibin_ERR12405929.26	response	R	0.00423877929259858	0.00448839493110696	453	1	0.345477990082644	0.722177940656011
metabat_SRR16168940.8	response	R	-0.00622339705813956	0.00448032848419061	453	1	0.165504090410009	0.722177940656011
maxbin_SRR16554647.011_sub	response	R	0.0518232401986885	0.0585834524447793	453	18	0.376845691705536	0.722177940656011
semibin_SRR16554750.10	response	R	-0.0229644748671531	0.0228409792478448	453	2	0.315240140858549	0.722177940656011
maxbin_SRR16554636.001	response	R	-0.0512109957388589	0.0379909738165619	453	2	0.178345914567617	0.722177940656011
semibin_ERR6281505.10	response	R	-0.0875083230907725	0.0611814362742988	453	17	0.153320948054583	0.722177940656011
maxbin_ERR6232688.006	response	R	0.0205165730202555	0.021906393717417	453	3	0.349489750911938	0.722177940656011
metabat_SRR16554756.5	response	R	0.0269542143868522	0.0291580816405978	453	4	0.355765310481763	0.722177940656011
semibin_ERR6232522.29	response	R	-0.0053475935829143	0.00448161842864497	453	1	0.233407327379407	0.722177940656011
semibin_SRR11413656.22	response	R	0.0687171855324244	0.0371327260702521	453	8	0.0648856375887695	0.722177940656011
metabat_ERR12405955.69	response	R	-0.00468179491208272	0.00449070783957118	453	1	0.29771604238042	0.722177940656011
semibin_ERR6281751.6	response	R	-0.0418760445217828	0.0466232448375514	453	7	0.369569599885243	0.722177940656011
maxbin_SRR11413649.022	response	R	0.0613201238571222	0.0666806377956265	453	13	0.358268703443714	0.722177940656011
semibin_ERR12405971.1	response	R	-0.0512309043462051	0.0583355752574489	453	22	0.380299554534398	0.722177940656011
semibin_ERR6281677.29	response	R	-0.0503978198409092	0.0486835983817158	453	8	0.301124908928157	0.722177940656011
metabat_SRR16554786.23	response	R	0.235231289680735	0.136617604927334	453	69	0.0857909389778467	0.722177940656011
maxbin_SRR11413614.007_sub	response	R	-0.0053475935829847	0.00448161842864495	453	1	0.233407327373276	0.722177940656011
metabat_SRR25825495.14	response	R	0.085012913671409	0.0995595698820012	453	32	0.393619350706295	0.722177940656011
semibin_SRR11413683.194	response	R	-0.0921258823378397	0.050674247060581	453	12	0.0697271078339368	0.722177940656011
metabat_SRR25825510.12_sub	response	R	-0.128016700468942	0.0902036256736379	453	34	0.156532785242201	0.722177940656011
metabat_ERR6281434.55	response	R	0.101253193133271	0.0849663670100168	453	18	0.234011388018806	0.722177940656011
semibin_ERR6279674.62	response	R	0.0710166757063918	0.0491684910148787	453	17	0.149333944840601	0.722177940656011
metabat_SRR13068816.1	response	R	0.0506490550816222	0.0345621114331604	453	9	0.143494909113588	0.722177940656011
maxbin_ERR6235717.003	response	R	-0.00534759358297849	0.00448161842864497	453	1	0.233407327373815	0.722177940656011
metabat_SRR8387710.43	response	R	0.146352501126864	0.10063676345948	453	43	0.146569157306653	0.722177940656011
metabat_SRR23364237.27	response	R	0.0231093191791399	0.0176717991711927	453	6	0.191643064305676	0.722177940656011
maxbin_SRR13068845.006_sub	response	R	0.0616486579073678	0.0463690398764886	453	16	0.184347903217636	0.722177940656011
semibin_SRR5930494.69	response	R	-0.115750327226479	0.0862505359759403	453	32	0.180268708747974	0.722177940656011
metabat_SRR16554636.2	response	R	-0.0781732140926104	0.0552187619075829	453	13	0.157553481507925	0.722177940656011
maxbin_SRR16168975.004	response	R	-0.105960368549506	0.0905246219559514	453	21	0.24241359215421	0.722177940656011
semibin_SRR25825499.74	response	R	0.114255928582021	0.0664053587207358	453	9	0.0860134636628531	0.722177940656011
maxbin_SRR25825518.002	response	R	-0.0901588957941758	0.0440131824046827	453	5	0.0410992379662962	0.722177940656011
maxbin_ERR6279662.004_sub	response	R	0.00375939849613739	0.00448519497725987	453	1	0.402373886701943	0.722177940656011
semibin_ERR6232686.62	response	R	-0.00534759358290808	0.00448161842864496	453	1	0.233407327379964	0.722177940656011
maxbin_ERR6275678.004	response	R	0.00375939849623471	0.00448519497725988	453	1	0.402373886689776	0.722177940656011
metabat_SRR13022427.3_sub	response	R	0.0453750691146524	0.0414175091125065	453	9	0.27386178367306	0.722177940656011
semibin_SRR11413654.79	response	R	-0.064109490988695	0.0549314166967863	453	13	0.243793819790873	0.722177940656011
semibin_SRR16554679.4	response	R	-0.0895714565079671	0.0730629369810191	453	23	0.220857500788844	0.722177940656011
semibin_ERR12405974.119	response	R	-0.0335834614599	0.0316644209876412	453	3	0.28943683346102	0.722177940656011
semibin_ERR6230340.7	response	R	0.00375939849615603	0.00448519497725987	453	1	0.402373886699618	0.722177940656011
semibin_SRR20881980.70_sub	response	R	-0.138623705230681	0.0560874623740088	453	12	0.0138206518709973	0.722177940656011
semibin_ERR12405998.4	response	R	0.0257066671847498	0.0191581956730185	453	6	0.180336753053482	0.722177940656011
semibin_SRR11413614.10	response	R	-0.0197953435393346	0.016071360567231	453	3	0.218697217337167	0.722177940656011
maxbin_SRR5930509.003	response	R	-0.0237465840411171	0.022864739733358	453	2	0.299563597165213	0.722177940656011
maxbin_SRR16554632.002	response	R	-0.0507959947563508	0.0436634197258035	453	8	0.245301211804556	0.722177940656011
semibin_SRR25825500.32	response	R	-0.0163456088395251	0.0179576381527378	453	2	0.363186624042803	0.722177940656011
semibin_ERR6230278.15	response	R	0.003759398496243	0.00448519497725986	453	1	0.402373886688739	0.722177940656011
maxbin_SRR6000903.002	response	R	0.00479405356968521	0.0044921750317654	453	1	0.28645222993596	0.722177940656011
maxbin_ERR6267711.002_sub	response	R	0.00375939849621815	0.00448519497725987	453	1	0.402373886691848	0.722177940656011
metabat_SRR16168930.22_sub	response	R	-0.218537388903531	0.110279075414692	453	28	0.0481240689131558	0.722177940656011
semibin_ERR6281751.11_sub	response	R	-0.104913075422295	0.0791695909863329	453	8	0.185786105471738	0.722177940656011
metabat_SRR16554721.12_sub	response	R	-0.109383124368097	0.0583312233627287	453	18	0.0614101488710734	0.722177940656011
metabat_ERR12405957.24	response	R	0.023864528139658	0.024385754778013	453	2	0.328289566416143	0.722177940656011
semibin_ERR6232524.56	response	R	0.00375939849623886	0.00448519497725987	453	1	0.402373886689256	0.722177940656011
metabat_SRR16554643.13	response	R	0.0934772757814105	0.096938110698303	453	11	0.335413848734731	0.722177940656011
semibin_ERR6279677.13	response	R	0.0771730762373095	0.0502524644118184	453	11	0.125311913306259	0.722177940656011
metabat_ERR12405957.9	response	R	-0.0243386367515361	0.0234060360643555	453	2	0.298972178539078	0.722177940656011
metabat_ERR6279616.33	response	R	0.00375939849632168	0.00448519497725987	453	1	0.402373886678894	0.722177940656011
maxbin_ERR6271721.001	response	R	-0.0692727885178592	0.0340301216925315	453	4	0.042374146186198	0.722177940656011
semibin_ERR12406004.36	response	R	0.0291696042663943	0.0265684002528885	453	5	0.272831958500171	0.722177940656011
semibin_SRR8387676.49	response	R	-0.0555086072600472	0.0440926372641385	453	10	0.208716265488636	0.722177940656011
semibin_SRR5930520.95	response	R	-0.0486322817152696	0.0234847831234367	453	5	0.0389458545511729	0.722177940656011
metabat_SRR5930499.62	response	R	0.0834560608740809	0.0778579191817024	453	23	0.284338347707636	0.722177940656011
semibin_ERR6230340.24	response	R	0.0757869416864379	0.0829962220108979	453	23	0.361658253143218	0.722177940656011
semibin_SRR25825510.23_sub	response	R	0.0379438393926925	0.0238347237840887	453	7	0.112098535230503	0.722177940656011
semibin_ERR6233693.34_sub	response	R	0.00375939849624093	0.00448519497725988	453	1	0.402373886689	0.722177940656011
maxbin_SRR23364192.011_sub	response	R	-0.0473079902187122	0.0250370954830413	453	5	0.0594638707489808	0.722177940656011
maxbin_ERR6279676.023_sub	response	R	0.0422211833045922	0.0435499730448709	453	15	0.332821324022596	0.722177940656011
semibin_SRR13068839.82	response	R	0.220694253140702	0.101000569654048	453	45	0.0293997049952186	0.722177940656011
semibin_ERR6236131.31	response	R	0.0279282079670624	0.0258020532933646	453	5	0.279652077202456	0.722177940656011
metabat_SRR11413681.65_sub	response	R	0.0537760638372781	0.0357386017646044	453	10	0.133101960030161	0.722177940656011
metabat_SRR13068822.8	response	R	-0.125168758878547	0.0891801912382476	453	14	0.161141367366336	0.722177940656011
semibin_SRR5930533.15	response	R	0.144537474351316	0.0925031554120684	453	27	0.11886835392248	0.722177940656011
maxbin_ERR6279682.007	response	R	-0.00534759358299091	0.00448161842864497	453	1	0.233407327372733	0.722177940656011
semibin_ERR12406000.0	response	R	0.0294282043729624	0.0250085026228013	453	4	0.239924787436297	0.722177940656011
metabat_SRR23364213.41_sub	response	R	0.0468704370862633	0.0358589620746775	453	7	0.191853180723907	0.722177940656011
metabat_SRR5930495.2	response	R	0.0182554157791204	0.0169891193219188	453	4	0.283164180335454	0.722177940656011
semibin_SRR20881987.25	response	R	0.126987805935166	0.0883188089980131	453	49	0.151181618975134	0.722177940656011
metabat_SRR23364240.7	response	R	0.0600329700017777	0.0533678115595385	453	20	0.261235141986245	0.722177940656011
metabat_SRR16554763.26	response	R	0.00375939849616224	0.00448519497725988	453	1	0.40237388669884	0.722177940656011
metabat_ERR6279680.23_sub	response	R	0.0435488630780863	0.0329716338903755	453	3	0.187240955102487	0.722177940656011
semibin_SRR25825500.94	response	R	-0.166373549690263	0.0709054878844108	453	29	0.0193895282605013	0.722177940656011
semibin_SRR25825496.70	response	R	-0.0804717935275225	0.03672190935331	453	4	0.0289419904342856	0.722177940656011
semibin_SRR16168929.20_sub	response	R	0.16766241349466	0.0912859925464285	453	52	0.0669224635498315	0.722177940656011
maxbin_SRR11413679.012	response	R	0.00423877928858758	0.00448839493115653	453	1	0.345477990543971	0.722177940656011
semibin_SRR13022424.6	response	R	-0.11142541313527	0.111727348024129	453	29	0.319155156056216	0.722177940656011
metabat_ERR6279658.4	response	R	0.00375939849632168	0.00448519497725987	453	1	0.402373886678897	0.722177940656011
maxbin_SRR8387681.017	response	R	0.00375939849626577	0.00448519497725987	453	1	0.402373886685889	0.722177940656011
semibin_ERR12405976.23	response	R	0.0475502022459234	0.045148328591622	453	8	0.292813442840862	0.722177940656011
semibin_SRR13068826.42	response	R	0.0940298275045852	0.0640277223083065	453	10	0.142645266721969	0.722177940656011
maxbin_SRR16554726.001	response	R	-0.0415288558431737	0.0302899336596047	453	3	0.171045335738563	0.722177940656011
semibin_SRR20881976.18_sub	response	R	0.0913173513514932	0.0954978084956274	453	53	0.339476413550159	0.722177940656011
semibin_SRR5930536.61_sub	response	R	-0.0712387466724532	0.0820748446819397	453	26	0.385872243324093	0.722177940656011
maxbin_SRR11413687.021	response	R	-0.0741375331125635	0.0590051885130972	453	19	0.209600421995137	0.722177940656011
maxbin_SRR16554645.006	response	R	0.0550150279199808	0.0392759684243351	453	7	0.161982469277632	0.722177940656011
metabat_ERR6279672.10	response	R	-0.0799984093663874	0.0604790292054885	453	16	0.186590085706551	0.722177940656011
metabat_ERR6281432.36	response	R	-0.0797219882253616	0.0606161324650199	453	10	0.189114079144035	0.722177940656011
metabat_ERR12405949.18	response	R	-0.130977707125994	0.0644843167160979	453	18	0.0428253416632365	0.722177940656011
semibin_ERR6279620.6	response	R	-0.0692059880049322	0.0557280733730324	453	15	0.21493681616193	0.722177940656011
semibin_ERR12405973.28	response	R	-0.0296023766768936	0.0232757109022025	453	2	0.204096968451906	0.722177940656011
semibin_SRR25825498.35	response	R	0.075267035225404	0.0893833930174497	453	27	0.40019543799818	0.722177940656011
metabat_ERR6275675.18	response	R	0.0851232759725079	0.0869214851281893	453	39	0.327953074352507	0.722177940656011
metabat_ERR6279619.32	response	R	0.0577758848603898	0.0643844605367011	453	15	0.37000690003447	0.722177940656011
semibin_ERR6281658.59	response	R	-0.0053475935827942	0.00448161842864497	453	1	0.233407327389892	0.722177940656011
semibin_SRR25825503.23	response	R	-0.0160543945793014	0.0188003981360447	453	2	0.393593390754049	0.722177940656011
metabat_ERR6279683.21	response	R	-0.021026163195107	0.0212505733660255	453	2	0.322978539757575	0.722177940656011
semibin_ERR6279614.25	response	R	0.113041477943341	0.0557613143339843	453	17	0.0432256785121518	0.722177940656011
semibin_ERR6279678.48	response	R	0.0659380252170697	0.053321638423524	453	14	0.216876920719523	0.722177940656011
semibin_SRR16168896.113	response	R	-0.0668622496481167	0.0702947555617248	453	13	0.342027642358498	0.722177940656011
maxbin_ERR12405996.027	response	R	-0.013777238268001	0.0153659659779548	453	2	0.370406800832151	0.722177940656011
semibin_ERR6275684.8	response	R	0.00375939849624093	0.00448519497725986	453	1	0.402373886688999	0.722177940656011
metabat_ERR12405991.26	response	R	0.0603270969581972	0.0359473945396934	453	7	0.0940022709743893	0.722177940656011
maxbin_ERR6279677.002	response	R	0.00375939849631961	0.00448519497725986	453	1	0.402373886679156	0.722177940656011
semibin_SRR13068851.47	response	R	0.0254453890885379	0.0204967138400047	453	6	0.215089450482336	0.722177940656011
maxbin_ERR6275666.011_sub	response	R	-0.0427367613666956	0.0498066864072673	453	22	0.391323520331518	0.722177940656011
metabat_SRR5930534.16	response	R	0.0816195238341649	0.0678694191834043	453	29	0.22976368481089	0.722177940656011
semibin_ERR6232425.34	response	R	-0.00534759358288116	0.00448161842864496	453	1	0.233407327382312	0.722177940656011
semibin_SRR5930534.11	response	R	0.163811050673704	0.0877154101976877	453	50	0.0624828071887025	0.722177940656011
semibin_ERR6232525.11	response	R	-0.00534759358288531	0.00448161842864497	453	1	0.233407327381953	0.722177940656011
metabat_SRR13022409.1	response	R	-0.164855029472154	0.0976985103728396	453	24	0.0922207164751026	0.722177940656011
semibin_ERR6275679.36	response	R	-0.00534759358296192	0.00448161842864497	453	1	0.233407327375253	0.722177940656011
semibin_ERR12405918.19	response	R	-0.0355813058552277	0.0250372398838359	453	2	0.155971973199353	0.722177940656011
semibin_ERR6279654.47	response	R	-0.0053475935829847	0.00448161842864497	453	1	0.233407327373266	0.722177940656011
metabat_ERR6281448.20	response	R	0.00375939849626577	0.00448519497725987	453	1	0.402373886685887	0.722177940656011
maxbin_SRR11413618.048	response	R	-0.018666907906464	0.0151158992400667	453	3	0.217503706864195	0.722177940656011
metabat_ERR6232686.11	response	R	-0.09649762368676	0.104908716952016	453	17	0.358157215421	0.722177940656011
metabat_SRR13068850.8	response	R	0.0698542434128944	0.0447768357960098	453	11	0.119448806041732	0.722177940656011
semibin_SRR16554775.18	response	R	0.0862505037161495	0.0423586492135209	453	11	0.0423144483387941	0.722177940656011
semibin_SRR16554636.21_sub	response	R	-0.00534759358279834	0.00448161842864497	453	1	0.233407327389538	0.722177940656011
semibin_ERR6282383.17	response	R	-0.0181346488453197	0.0188888189486959	453	2	0.337532792391233	0.722177940656011
semibin_SRR5930498.62_sub	response	R	0.135075978243887	0.0926216442002665	453	51	0.145443721325457	0.722177940656011
maxbin_ERR12406010.010	response	R	0.0113612639202374	0.0101027580195532	453	2	0.261369231592089	0.722177940656011
maxbin_SRR16554774.005	response	R	0.00375939849632997	0.00448519497725986	453	1	0.402373886677862	0.722177940656011
semibin_SRR5930523.43	response	R	0.110534265481197	0.091970266724269	453	47	0.230059810488866	0.722177940656011
metabat_SRR11413614.28	response	R	-0.111527437157089	0.0568541661700938	453	16	0.0504193462263848	0.722177940656011
semibin_SRR13068834.14_sub	response	R	0.115622622333818	0.0925172425394492	453	50	0.212048737414833	0.722177940656011
semibin_SRR25825509.16	response	R	-0.124586303782951	0.0619606669437157	453	26	0.0449528334158665	0.722177940656011
metabat_ERR6275665.22_sub	response	R	0.0970845473149735	0.0513134991079391	453	11	0.0591330686737764	0.722177940656011
metabat_ERR6239138.15	response	R	0.0594237414743054	0.0418648331117675	453	7	0.156468264235928	0.722177940656011
maxbin_ERR2162222.008	response	R	-0.0417931380745117	0.0473587931563111	453	14	0.377987968946029	0.722177940656011
metabat_SRR16554705.23	response	R	0.00375939849616224	0.00448519497725988	453	1	0.402373886698842	0.722177940656011
maxbin_SRR13068846.008	response	R	-0.0850850671838551	0.0490387114398808	453	20	0.0834139627322891	0.722177940656011
semibin_SRR16168974.22	response	R	-0.0660623144276142	0.0737747585519382	453	22	0.371019168056176	0.722177940656011
semibin_SRR16554762.18	response	R	0.0208424946529756	0.0208523377075538	453	2	0.318074969430483	0.722177940656011
semibin_ERR6239138.20	response	R	0.0201107229888329	0.0232378607761588	453	3	0.387265226970833	0.722177940656011
maxbin_SRR20881981.003	response	R	-0.0556539131476067	0.0580675503863244	453	16	0.338359707568458	0.722177940656011
semibin_ERR12405982.7	response	R	-0.0472347635773366	0.0372858791167316	453	6	0.205875241857726	0.722177940656011
metabat_SRR5930526.60_sub	response	R	0.126666401993895	0.0882677515288924	453	50	0.151980482447304	0.722177940656011
semibin_ERR6232521.17	response	R	0.00927810163447997	0.00781121933590535	453	2	0.235543392633268	0.722177940656011
semibin_SRR11413684.68	response	R	-0.00534759358292672	0.00448161842864496	453	1	0.233407327378337	0.722177940656011
maxbin_SRR16554718.002	response	R	-0.0213517528922715	0.0215173680747768	453	2	0.321581731213641	0.722177940656011
metabat_SRR20881974.5	response	R	-0.0349219918627963	0.0388383167164264	453	10	0.369045853296169	0.722177940656011
semibin_SRR8387707.12	response	R	-0.0717158088847381	0.0412238697387288	453	3	0.0826023823748468	0.722177940656011
semibin_SRR5930513.29	response	R	0.00377281981561956	0.00449353392378367	453	1	0.401572121997919	0.722177940656011
maxbin_SRR5930517.014_sub	response	R	-0.0236349817740897	0.0192913423035309	453	6	0.221155198030638	0.722177940656011
metabat_SRR5930515.8	response	R	-0.21261456071109	0.111096028165223	453	43	0.0562819009642468	0.722177940656011
maxbin_SRR5930517.016_sub	response	R	-0.0887464796011541	0.0975032566900071	453	14	0.363210075874198	0.722177940656011
semibin_SRR16554625.29	response	R	0.00375939849615188	0.00448519497725984	453	1	0.402373886700124	0.722177940656011
semibin_ERR6232529.40	response	R	0.026561113579568	0.0275544175830588	453	2	0.335586966689139	0.722177940656011
maxbin_SRR13068822.004	response	R	0.0190342433704367	0.0170090533052719	453	6	0.263708832467889	0.722177940656011
semibin_SRR5930510.20_sub	response	R	0.11114666553105	0.0834284685996739	453	44	0.183461372038451	0.722177940656011
semibin_ERR12405997.60	response	R	0.0261359875685578	0.0189119119903023	453	3	0.167662472689662	0.722177940656011
metabat_SRR16554724.5	response	R	-0.061006372995709	0.0501471367769508	453	8	0.224413560913733	0.722177940656011
maxbin_ERR6275670.004	response	R	0.0661867939409881	0.0459386508476158	453	12	0.150348283142458	0.722177940656011
maxbin_ERR6279629.009	response	R	-0.00534759358295985	0.00448161842864497	453	1	0.233407327375444	0.722177940656011
metabat_SRR16554636.19	response	R	-0.0523286361530444	0.0305508240764769	453	4	0.0874294950389685	0.722177940656011
maxbin_SRR11413686.007	response	R	-0.0413781180433533	0.0345938047838556	453	7	0.232280715014347	0.722177940656011
semibin_ERR12405937.0_sub	response	R	-0.0354611949921187	0.0249383446727692	453	2	0.155734090950813	0.722177940656011
maxbin_SRR16554749.005	response	R	0.0544943743955237	0.0397150458084343	453	7	0.170705656330176	0.722177940656011
semibin_SRR16554638.21	response	R	0.00375939849631754	0.00448519497725987	453	1	0.402373886679418	0.722177940656011
metabat_ERR6243879.8	response	R	0.0121257316964162	0.0107741957745187	453	2	0.261003281985025	0.722177940656011
metabat_SRR20881980.9_sub	response	R	0.0770246143554322	0.037616850005243	453	11	0.0411778008825956	0.722177940656011
semibin_SRR23364172.8_sub	response	R	-0.0191498545262921	0.0158177733898337	453	3	0.226662007889179	0.722177940656011
maxbin_ERR12405998.016_sub	response	R	-0.0125556612319927	0.00754768728843678	453	2	0.0969084381541347	0.722177940656011
metabat_ERR12405961.20_sub	response	R	-0.0301430285863329	0.0212343409425807	453	2	0.156432004413444	0.722177940656011
semibin_SRR5930510.47_sub	response	R	-0.0721653992198196	0.0582943895783291	453	28	0.216384902297713	0.722177940656011
metabat_ERR6232524.1_sub	response	R	0.00375939849624714	0.00448519497725987	453	1	0.402373886688224	0.722177940656011
metabat_SRR25825516.25_sub	response	R	-0.0663153097120271	0.0471807505510067	453	6	0.16054646280699	0.722177940656011
metabat_ERR6279658.9	response	R	0.00375939849623471	0.00448519497725987	453	1	0.402373886689776	0.722177940656011
semibin_SRR5930518.165_sub	response	R	-0.0671499102896055	0.0425741336266153	453	10	0.115439910238332	0.722177940656011
semibin_SRR11413652.29	response	R	-0.0906746751740423	0.0439985638510382	453	11	0.0398926217932717	0.722177940656011
metabat_SRR16554749.2	response	R	0.0627729304622842	0.041598148544767	453	4	0.131990863015242	0.722177940656011
metabat_SRR20881976.14	response	R	0.0470551202238484	0.0374237802619893	453	8	0.209275250593248	0.722177940656011
semibin_SRR16554644.20	response	R	0.00375939849617052	0.00448519497725987	453	1	0.402373886697804	0.722177940656011
metabat_SRR5930515.56	response	R	-0.237484004438361	0.0831207798166711	453	24	0.00447305514087596	0.722177940656011
semibin_SRR11413652.75	response	R	0.0217664056232116	0.0160750878441984	453	3	0.1764021894847	0.722177940656011
metabat_SRR13022331.11	response	R	-0.140582698048171	0.103479230005898	453	37	0.174968146531584	0.722177940656011
metabat_SRR16168926.8	response	R	-0.046111502723832	0.054687758949512	453	13	0.399575987046682	0.722177940656011
semibin_ERR6235716.2	response	R	-0.0416908205080964	0.0415995320784039	453	6	0.316790176645554	0.722177940656011
semibin_ERR6279648.5	response	R	0.00375939849624714	0.00448519497725988	453	1	0.402373886688217	0.722177940656011
semibin_SRR5930498.69	response	R	-0.103607499503307	0.0527434125835906	453	14	0.050101005339783	0.722177940656011
metabat_SRR25825500.3	response	R	-0.0050592006526976	0.00448665697382514	453	1	0.260084140696693	0.722177940656011
metabat_SRR5930530.66	response	R	0.122630811626542	0.0854230096230328	453	33	0.151818862451535	0.722177940656011
semibin_ERR6275675.86	response	R	0.00375939849618088	0.00448519497725988	453	1	0.402373886696507	0.722177940656011
metabat_ERR6279654.19	response	R	-0.0538610435414547	0.0337661359608591	453	7	0.111385854739481	0.722177940656011
maxbin_SRR13068823.001	response	R	-0.00546298052268309	0.00448994435763637	453	1	0.224349965548107	0.722177940656011
semibin_ERR6280948.9	response	R	0.00375939849622229	0.00448519497725987	453	1	0.402373886691325	0.722177940656011
semibin_SRR16168986.51	response	R	0.0348124827419827	0.0306032417857139	453	8	0.255915913209575	0.722177940656011
semibin_ERR6279654.8	response	R	-0.108659127892667	0.0697996155391999	453	12	0.120236127640417	0.722177940656011
semibin_SRR5930507.158	response	R	-0.0660428305333561	0.0646021572244058	453	16	0.307186973581767	0.722177940656011
maxbin_SRR11413615.008	response	R	-0.0395025165266804	0.0223960590501772	453	4	0.0784400486706834	0.722177940656011
semibin_SRR11413608.52	response	R	-0.0246184472843776	0.0214335392090692	453	5	0.251339925535514	0.722177940656011
maxbin_ERR6275668.004	response	R	-0.0399177177680278	0.0356114603211454	453	4	0.262919770044629	0.722177940656011
metabat_SRR16554650.26	response	R	-0.0672489254699695	0.0641365754764599	453	12	0.294957472526601	0.722177940656011
maxbin_ERR6231475.003	response	R	-0.00534759358288738	0.00448161842864497	453	1	0.233407327381759	0.722177940656011
maxbin_ERR6279682.017	response	R	-0.0795694687642215	0.0401647749107216	453	9	0.0481908735852274	0.722177940656011
semibin_SRR5930502.38	response	R	0.0766540796313406	0.0528173479328956	453	18	0.147390332990156	0.722177940656011
maxbin_ERR12405913.017	response	R	0.0615243399297684	0.0482724761610152	453	10	0.203135551698938	0.722177940656011
semibin_SRR25825505.11	response	R	-0.0454972724757875	0.0535179857929954	453	6	0.395703725527654	0.722177940656011
metabat_ERR6279674.8_sub	response	R	0.100850594948537	0.0760586935871763	453	37	0.185529348278821	0.722177940656011
metabat_ERR6275681.15_sub	response	R	0.00375939849623471	0.00448519497725986	453	1	0.402373886689776	0.722177940656011
semibin_SRR11413613.43	response	R	0.136171094146832	0.07811371691909	453	36	0.0819798837965232	0.722177940656011
semibin_SRR16168900.48	response	R	-0.0823120503421005	0.0547021064178576	453	12	0.133092787060939	0.722177940656011
metabat_SRR13068828.35	response	R	0.178082699784982	0.0854898558528449	453	42	0.0378117936093543	0.722177940656011
semibin_SRR11413611.89	response	R	0.0276728490798754	0.0288787386481737	453	7	0.338453875242554	0.722177940656011
metabat_SRR13068834.12	response	R	0.024849606585081	0.0191696996179691	453	6	0.195536415575537	0.722177940656011
maxbin_ERR6279654.009_sub	response	R	-0.117999823107475	0.0712762364705935	453	14	0.0985139241402797	0.722177940656011
semibin_SRR20881978.16	response	R	-0.0854931174861072	0.0677703639924281	453	19	0.207776654660273	0.722177940656011
semibin_ERR6275670.117	response	R	0.0815092758764077	0.055328530868809	453	8	0.141398166264728	0.722177940656011
maxbin_ERR12405948.006	response	R	0.0195069258003296	0.0215071476455921	453	5	0.364892557286702	0.722177940656011
maxbin_SRR16554660.011	response	R	0.0328229559307888	0.0275940849846178	453	3	0.234871778515175	0.722177940656011
metabat_ERR6280899.76	response	R	0.0718243006502846	0.0577373533248267	453	10	0.214152173524677	0.722177940656011
semibin_SRR13068827.108	response	R	0.0712420230098737	0.0633191380284777	453	11	0.26113418208708	0.722177940656011
metabat_ERR6281499.44	response	R	0.00375939849624714	0.00448519497725986	453	1	0.402373886688218	0.722177940656011
metabat_ERR6279671.45	response	R	0.00375939849624507	0.00448519497725987	453	1	0.402373886688482	0.722177940656011
semibin_SRR23364206.22	response	R	0.0357845005183838	0.0396719632724825	453	7	0.367533797178143	0.722177940656011
semibin_ERR12405928.63	response	R	-0.0280091942737757	0.0299765966676952	453	4	0.350613716902415	0.722177940656011
semibin_SRR16554681.22	response	R	0.00375939849628234	0.00448519497725988	453	1	0.402373886683821	0.722177940656011
metabat_SRR16554631.3	response	R	0.0452000225794891	0.05360955423353	453	7	0.399607273809811	0.722177940656011
metabat_ERR6254870.29	response	R	-0.00534759358288324	0.00448161842864497	453	1	0.233407327382132	0.722177940656011
metabat_SRR23364202.16	response	R	0.0321537600666147	0.0297970200748768	453	6	0.281126092188935	0.722177940656011
metabat_SRR11413649.53_sub	response	R	-0.0587484631859025	0.033829627493717	453	9	0.0831448088457531	0.722177940656011
semibin_ERR6279622.112	response	R	0.0228961683160042	0.0240657813777175	453	3	0.341913099365988	0.722177940656011
semibin_ERR6232525.9	response	R	0.0804816785677432	0.0599500107656187	453	15	0.180116351047915	0.722177940656011
semibin_SRR25825504.31	response	R	0.00423877929099437	0.00448839493112453	453	1	0.345477990266922	0.722177940656011
semibin_ERR12405973.32	response	R	-0.0399750734649465	0.0220324332428866	453	4	0.0702880887157745	0.722177940656011
semibin_SRR13068816.17_sub	response	R	-0.035319403399981	0.0248216177643109	453	2	0.155451513880044	0.722177940656011
metabat_ERR6275671.17_sub	response	R	-0.110343215561858	0.0518782365298676	453	21	0.0339656946820454	0.722177940656011
semibin_ERR12405979.43_sub	response	R	0.0959091868674884	0.0572457791157462	453	14	0.0945527864890696	0.722177940656011
metabat_ERR6243879.13	response	R	0.0438958092525658	0.0339998133898531	453	3	0.197346608086968	0.722177940656011
metabat_SRR16554757.15_sub	response	R	-0.0563085666319998	0.0504260623175289	453	15	0.264736763676521	0.722177940656011
semibin_SRR8387681.97	response	R	-0.00468179491237886	0.00449070783956846	453	1	0.297716042349596	0.722177940656011
semibin_SRR13068822.60	response	R	-0.0358368430938255	0.0252476901088763	453	2	0.15647358267397	0.722177940656011
metabat_SRR8387683.37	response	R	-0.081892864629481	0.0387439346497745	453	9	0.0350968024927752	0.722177940656011
semibin_ERR6279675.31	response	R	-0.0053475935828149	0.00448161842864496	453	1	0.233407327388095	0.722177940656011
semibin_ERR6231616.45	response	R	0.0233259201778344	0.0237544186984468	453	2	0.326645376350831	0.722177940656011
semibin_SRR13068813.2	response	R	-0.0356353592900686	0.0250817505448018	453	2	0.156078585316122	0.722177940656011
semibin_SRR16168929.7	response	R	0.0936892270624313	0.0583343197117234	453	11	0.108960107378796	0.722177940656011
maxbin_ERR6232688.004	response	R	0.00375939849623886	0.00448519497725986	453	1	0.402373886689257	0.722177940656011
metabat_ERR6243878.31	response	R	0.00375939849623886	0.00448519497725986	453	1	0.402373886689252	0.722177940656011
metabat_SRR5930536.61_sub	response	R	0.136453049572854	0.0787234556758536	453	34	0.0837290534815134	0.722177940656011
maxbin_SRR11413691.019	response	R	0.0634572213546422	0.0468261886575048	453	14	0.176046342987618	0.722177940656011
maxbin_SRR25825518.003	response	R	-0.00505920065275211	0.0044866569738255	453	1	0.260084140691602	0.722177940656011
semibin_SRR11413612.49	response	R	0.0253872616900529	0.0190146088563291	453	3	0.182506569713339	0.722177940656011
semibin_SRR11413654.34	response	R	-0.0419417839404788	0.0184520135027664	453	4	0.0234946004758448	0.722177940656011
semibin_SRR5930518.29	response	R	0.140572165602138	0.0823621891420841	453	38	0.0885627540431384	0.722177940656011
maxbin_SRR16554776.005_sub	response	R	0.0422607225419316	0.0353610471257257	453	6	0.232670972900063	0.722177940656011
semibin_ERR6281505.66	response	R	-0.00534759358293086	0.00448161842864496	453	1	0.23340732737797	0.722177940656011
maxbin_ERR6275652.002_sub	response	R	0.0154004157328384	0.0144512608171226	453	2	0.287141677212475	0.722177940656011
metabat_ERR6232526.9	response	R	-0.0516485052651019	0.0297768355451496	453	3	0.0835091674723503	0.722177940656011
semibin_SRR16554756.21	response	R	0.0264957834755891	0.0220476736778678	453	3	0.230091203412493	0.722177940656011
semibin_ERR6279655.59	response	R	0.0037593984963279	0.00448519497725986	453	1	0.402373886678121	0.722177940656011
metabat_ERR6275659.2	response	R	-0.0552316415390307	0.0545632677267607	453	16	0.311962065207187	0.722177940656011
metabat_SRR5930511.29_sub	response	R	0.0833941338652275	0.0745353070461581	453	36	0.263804238948866	0.722177940656011
maxbin_SRR13068835.009	response	R	0.0881794119158229	0.0559531502599616	453	11	0.115739164252142	0.722177940656011
metabat_ERR6243880.58	response	R	0.0960198534593334	0.0755206854225022	453	18	0.204228350133418	0.722177940656011
metabat_ERR6279629.20	response	R	-0.0230071693333661	0.0154432440325929	453	2	0.136983376447891	0.722177940656011
metabat_ERR6281000.76_sub	response	R	-0.125771544620526	0.0669622598343204	453	15	0.0609942341378789	0.722177940656011
maxbin_SRR16554763.011	response	R	0.00375939849624093	0.00448519497725987	453	1	0.402373886689001	0.722177940656011
semibin_ERR6281342.9	response	R	-0.00534759358282319	0.00448161842864496	453	1	0.233407327387358	0.722177940656011
metabat_SRR11413611.38	response	R	-0.0758750954209427	0.0398716416468579	453	9	0.0576842156811594	0.722177940656011
semibin_SRR11413683.16	response	R	-0.0659912710859308	0.0636222646708897	453	20	0.300181945753042	0.722177940656011
semibin_SRR5930526.142	response	R	-0.0341488992087949	0.0356895719699449	453	3	0.339166170040306	0.722177940656011
semibin_ERR6230245.17	response	R	0.00375939849632375	0.00448519497725986	453	1	0.40237388667864	0.722177940656011
semibin_ERR6267712.33	response	R	0.0782130924519693	0.0770505076197492	453	22	0.310607840636633	0.722177940656011
semibin_SRR13068843.42_sub	response	R	0.0740185098815969	0.0794830023508337	453	37	0.35222793310077	0.722177940656011
semibin_ERR6271720.41	response	R	0.0201430015821232	0.0199810078267942	453	2	0.313946661895979	0.722177940656011
semibin_SRR5930507.83_sub	response	R	0.0689189402272993	0.0600015766645858	453	20	0.251327307344678	0.722177940656011
semibin_SRR5930532.79	response	R	-0.101960968498086	0.0719508747109336	453	14	0.157146908539995	0.722177940656011
maxbin_SRR16554754.006	response	R	-0.0464491615980245	0.0290849258635713	453	3	0.1109643860558	0.722177940656011
semibin_ERR6279645.60	response	R	0.00375939849628027	0.00448519497725986	453	1	0.402373886684076	0.722177940656011
semibin_SRR13068835.130	response	R	-0.06377712037538	0.0454079351295265	453	8	0.160847349812769	0.722177940656011
maxbin_SRR5930530.008	response	R	0.0434042624942636	0.0423479834100008	453	13	0.305944703640872	0.722177940656011
semibin_SRR13022436.17	response	R	-0.0307887829001659	0.0324974813545723	453	6	0.343935912009732	0.722177940656011
maxbin_ERR6279682.002	response	R	-0.0750561992752554	0.0417345432102509	453	3	0.0727828051410465	0.722177940656011
metabat_ERR6279676.12	response	R	-0.0269075217904819	0.0271543681239008	453	6	0.322262597778213	0.722177940656011
metabat_ERR6279653.9	response	R	-0.00534759358287288	0.00448161842864496	453	1	0.23340732738302	0.722177940656011
semibin_ERR6279624.16	response	R	0.154485960050623	0.0698286675543143	453	27	0.0274451987812416	0.722177940656011
semibin_SRR6000908.30	response	R	0.00479405356228642	0.00449217503173487	453	1	0.286452230675448	0.722177940656011
maxbin_SRR16554764.017	response	R	-0.0609518699089874	0.0429096377013335	453	12	0.156166569093663	0.722177940656011
metabat_ERR6281751.28_sub	response	R	-0.0573756170349799	0.0671271982922364	453	23	0.393154643056528	0.722177940656011
semibin_ERR12405920.20	response	R	-0.0236428652967737	0.0159509925011236	453	2	0.138980386738724	0.722177940656011
semibin_SRR16554754.27	response	R	-0.0239181063309018	0.0161725002654426	453	2	0.139855287888014	0.722177940656011
semibin_SRR23364221.0	response	R	0.0357822104565694	0.0396251392807706	453	8	0.367000804986418	0.722177940656011
metabat_SRR25825516.47	response	R	-0.00505920065267492	0.0044866569738248	453	1	0.260084140698778	0.722177940656011
metabat_SRR16554768.12	response	R	-0.00534759358296813	0.00448161842864497	453	1	0.233407327374721	0.722177940656011
maxbin_ERR6271721.008	response	R	-0.00534759358290187	0.00448161842864497	453	1	0.233407327380503	0.722177940656011
metabat_ERR6279657.34	response	R	0.00375939849616431	0.00448519497725987	453	1	0.402373886698581	0.722177940656011
semibin_SRR16554766.42	response	R	0.00375939849603593	0.00448519497725986	453	1	0.402373886714639	0.722177940656011
metabat_ERR6279646.21	response	R	-0.0653008976036803	0.0549045865311052	453	12	0.234927259357045	0.722177940656011
semibin_ERR6279664.20	response	R	0.0200069138056281	0.0198204842820619	453	2	0.313324446147014	0.722177940656011
maxbin_SRR5930519.003	response	R	-0.00546298052399447	0.00448994435768874	453	1	0.224349965442438	0.722177940656011
semibin_ERR6232686.46	response	R	-0.028518416083482	0.0313635395855667	453	4	0.363686689249924	0.722177940656011
semibin_SRR20881987.31	response	R	-0.0962449455508947	0.0818102029272152	453	18	0.240038928599826	0.722177940656011
metabat_ERR6279681.38	response	R	-0.0365375078415018	0.0292322532104894	453	7	0.211984238819481	0.722177940656011
metabat_SRR25825499.38	response	R	0.0304620983540311	0.0300056793227927	453	3	0.310561081456803	0.722177940656011
semibin_ERR12405959.85	response	R	-0.0256558431347122	0.0238353760759739	453	4	0.282334266750658	0.722177940656011
maxbin_ERR12405911.018	response	R	0.0279413988722384	0.0294674076919376	453	7	0.343530691612444	0.722177940656011
maxbin_SRR5930529.023_sub	response	R	0.106109238062139	0.0569737579491763	453	21	0.0631986440561423	0.722177940656011
maxbin_SRR11413686.009_sub	response	R	-0.0396884736900251	0.0224216517226771	453	4	0.0773867249427763	0.722177940656011
semibin_SRR11413692.10_sub	response	R	-0.0687678746406134	0.0403144988016481	453	11	0.0887405259096242	0.722177940656011
semibin_SRR5930493.92	response	R	-0.211823321790722	0.099293077048974	453	41	0.0334400707708288	0.722177940656011
semibin_ERR6280907.101_sub	response	R	0.00375939849626163	0.00448519497725986	453	1	0.402373886686409	0.722177940656011
metabat_ERR6281751.21	response	R	-0.0935821366082562	0.0612122856027926	453	18	0.127012075434203	0.722177940656011
semibin_ERR12405910.1	response	R	-0.0364761612845121	0.0284519185625715	453	6	0.200493741387486	0.722177940656011
semibin_ERR6279646.13	response	R	-0.0757801204909617	0.0423711344144451	453	4	0.0743689624981574	0.722177940656011
maxbin_SRR16554767.011	response	R	0.0789456946315272	0.0503010650479371	453	9	0.117252720278677	0.722177940656011
semibin_SRR16168941.28	response	R	-0.0429292175326629	0.0494790498610505	453	12	0.386061831583782	0.722177940656011
metabat_SRR13068848.27	response	R	0.147578935593044	0.110582397996243	453	57	0.182694824915096	0.722177940656011
metabat_ERR6275684.14_sub	response	R	0.00375939849629062	0.00448519497725987	453	1	0.402373886682781	0.722177940656011
semibin_ERR6279622.35	response	R	0.0554211863898133	0.0529444725539974	453	9	0.295762171520407	0.722177940656011
semibin_SRR16168985.72	response	R	0.124836385508003	0.0470783048562471	453	17	0.00829161353483634	0.722177940656011
metabat_SRR16168974.10	response	R	-0.0665089104983405	0.0742590135077725	453	14	0.370926044282485	0.722177940656011
maxbin_SRR5930505.044_sub	response	R	0.151323887148406	0.0787253313699018	453	33	0.0552177772242276	0.722177940656011
semibin_ERR6275683.32	response	R	-0.0465658420470167	0.0395318919198386	453	10	0.239445337805857	0.722177940656011
metabat_ERR6280907.75	response	R	-0.139200328089667	0.0856622632945431	453	23	0.104864415470869	0.722177940656011
metabat_ERR6243879.9	response	R	0.0314849288246479	0.0277397835315301	453	6	0.256974022843023	0.722177940656011
metabat_SRR11413687.66	response	R	-0.0130132893971714	0.0141540136871434	453	2	0.35837485058226	0.722177940656011
metabat_ERR6281518.30	response	R	0.0430927670419206	0.0421684896085671	453	11	0.307367232075449	0.722177940656011
metabat_SRR16554653.5	response	R	0.00375939849629684	0.00448519497725988	453	1	0.402373886682008	0.722177940656011
maxbin_SRR11413619.022_sub	response	R	0.0521282412064615	0.0450520566170292	453	12	0.247858186256055	0.722177940656011
semibin_ERR6279667.1	response	R	0.136087783391976	0.0787668169042889	453	38	0.084721641852326	0.722177940656011
semibin_SRR11413610.57_sub	response	R	-0.00534759358282319	0.00448161842864495	453	1	0.233407327387373	0.722177940656011
maxbin_SRR16554740.006	response	R	0.00375939849623679	0.00448519497725986	453	1	0.402373886689515	0.722177940656011
semibin_ERR6232382.15	response	R	-0.0384210216104328	0.0208421664152572	453	3	0.0659252291135709	0.722177940656011
semibin_SRR25825494.37	response	R	-0.0772124648441459	0.0462077730489158	453	13	0.0954184901934195	0.722177940656011
semibin_ERR12405934.44_sub	response	R	0.0249678877426759	0.0223525931751622	453	5	0.264588933830933	0.722177940656011
metabat_ERR12405998.59	response	R	0.0533176362517208	0.0460021077491179	453	7	0.247061946892689	0.722177940656011
semibin_ERR6281658.88	response	R	-0.00534759358297228	0.00448161842864496	453	1	0.23340732737436	0.722177940656011
semibin_ERR6279654.35	response	R	-0.0510034422589727	0.0391367968289333	453	7	0.193168197757636	0.722177940656011
semibin_ERR6281434.93	response	R	-0.00534759358282526	0.00448161842864497	453	1	0.233407327387194	0.722177940656011
semibin_SRR5930499.22_sub	response	R	0.0957935030586079	0.0582164438604643	453	29	0.100576007660214	0.722177940656011
maxbin_SRR11413612.039_sub	response	R	-0.0507514260787475	0.0312579746887254	453	6	0.105153216045472	0.722177940656011
metabat_SRR5930534.34	response	R	0.0834135819804206	0.0477999658770979	453	15	0.0816564221447829	0.722177940656011
semibin_ERR6232528.31	response	R	0.00375939849631961	0.00448519497725988	453	1	0.402373886679153	0.722177940656011
semibin_ERR6279644.33_sub	response	R	0.0840035264519759	0.0503717894529389	453	7	0.0960759864172128	0.722177940656011
semibin_SRR11413678.104	response	R	0.00377281981555823	0.00449353392379616	453	1	0.401572122006862	0.722177940656011
semibin_SRR5930504.132	response	R	-0.0489910514434888	0.055515182965012	453	10	0.377987277868391	0.722177940656011
metabat_ERR6281677.10_sub	response	R	-0.00534759358281076	0.00448161842864496	453	1	0.233407327388458	0.722177940656011
semibin_SRR8387683.84	response	R	0.00959006713904029	0.00826270421649308	453	2	0.246400241977961	0.722177940656011
maxbin_SRR16554628.012	response	R	0.061811419252657	0.0341154194740989	453	9	0.0706815433745395	0.722177940656011
semibin_SRR25825500.21	response	R	-0.0328123713266983	0.0254844029613881	453	3	0.198564634920937	0.722177940656011
metabat_SRR5930512.20	response	R	0.105674749369398	0.0723693168663535	453	32	0.144935075839365	0.722177940656011
maxbin_SRR25825514.001_sub	response	R	0.00423877929276243	0.00448839493110148	453	1	0.345477990063446	0.722177940656011
metabat_ERR12406002.23	response	R	-0.00546298052383702	0.00448994435768883	453	1	0.224349965455794	0.722177940656011
maxbin_SRR13068847.041_sub	response	R	0.0425931577414708	0.0429115135550744	453	16	0.32145047157689	0.722177940656011
maxbin_SRR16554633.004_sub	response	R	0.00935737468470619	0.00838914723746659	453	2	0.265269494028991	0.722177940656011
maxbin_SRR11413613.018	response	R	0.0198120892038739	0.0196535531316589	453	2	0.313963051071093	0.722177940656011
metabat_SRR16554632.45	response	R	-0.12123896106462	0.0649207391722124	453	7	0.0624929602028623	0.722177940656011
semibin_ERR6275675.25	response	R	0.0515554182485257	0.0464036610606566	453	10	0.267170604260524	0.722177940656011
semibin_SRR5930503.63	response	R	0.0392939712719946	0.029105735664467	453	3	0.177679598177249	0.722177940656011
metabat_SRR16554652.40	response	R	-0.0951266125421181	0.0789975068364714	453	18	0.229157932652392	0.722177940656011
maxbin_SRR16554628.020	response	R	-0.0417739842108013	0.0359513559237213	453	8	0.245866863079785	0.722177940656011
metabat_SRR25825517.39	response	R	-0.00505920065268095	0.00448665697382593	453	1	0.260084140698332	0.722177940656011
semibin_ERR6281344.94_sub	response	R	0.0303176584147256	0.0301228939523447	453	3	0.314733285700988	0.722177940656011
maxbin_ERR6279649.011	response	R	0.0252322616329254	0.0208495476375837	453	5	0.226833492771166	0.722177940656011
maxbin_SRR23364192.019	response	R	0.0417340349286495	0.0368258526626317	453	14	0.257704138642213	0.722177940656011
maxbin_ERR6275667.036	response	R	0.00375939849623679	0.00448519497725987	453	1	0.402373886689517	0.722177940656011
metabat_SRR20881983.56	response	R	-0.129141588671963	0.076403476456175	453	18	0.0916732131944139	0.722177940656011
semibin_SRR23364178.53_sub	response	R	0.0480377732448451	0.0360882531376905	453	9	0.183822642653857	0.722177940656011
semibin_SRR25825519.39	response	R	-0.00505920065278035	0.00448665697382712	453	1	0.260084140689097	0.722177940656011
semibin_ERR6279656.41	response	R	-0.0053475935829495	0.00448161842864497	453	1	0.233407327376347	0.722177940656011
semibin_SRR20881988.34	response	R	-0.00534759358309652	0.00448161842864497	453	1	0.233407327363505	0.722177940656011
metabat_SRR25825503.64	response	R	-0.0491634908115965	0.0333874608845941	453	4	0.141579733932025	0.722177940656011
semibin_SRR16168940.33	response	R	-0.00622339705963584	0.00448032848417208	453	1	0.165504090306773	0.722177940656011
maxbin_SRR11413652.007	response	R	-0.0312962700000999	0.026492539544677	453	5	0.238096636320521	0.722177940656011
metabat_SRR11413655.33	response	R	0.0289257722209278	0.0262754807198292	453	8	0.271544517065228	0.722177940656011
semibin_SRR20881986.23	response	R	-0.0376385666479141	0.033469010326231	453	9	0.261365661310848	0.722177940656011
metabat_SRR16554763.9	response	R	0.00375939849630512	0.00448519497725989	453	1	0.40237388668097	0.722177940656011
metabat_ERR6279676.21	response	R	0.0302390220437328	0.031891867852628	453	2	0.343548938743179	0.722177940656011
metabat_ERR6279657.74	response	R	0.0909868531210467	0.0524593493309649	453	10	0.083533087291657	0.722177940656011
maxbin_ERR12405972.019	response	R	0.0677973860403235	0.0306484574918959	453	11	0.0274603866358331	0.722177940656011
semibin_ERR6279615.16	response	R	0.117388056060548	0.0522193178052661	453	13	0.02505997332996	0.722177940656011
metabat_SRR5930514.24_sub	response	R	0.0503589827613771	0.0473282854205281	453	11	0.287883198974803	0.722177940656011
metabat_SRR16554785.21	response	R	0.0408020630202212	0.0325989648987153	453	3	0.211354408565693	0.722177940656011
semibin_ERR12405952.9	response	R	0.0321493596305047	0.0266593548332318	453	9	0.2284761118911	0.722177940656011
maxbin_SRR5930499.004	response	R	0.0239655900727528	0.0203229390554485	453	4	0.238925128727305	0.722177940656011
semibin_ERR6281942.101	response	R	-0.015612163063713	0.00972352914897353	453	2	0.109064198647927	0.722177940656011
semibin_SRR16554628.46_sub	response	R	0.0252015684373996	0.025955371495288	453	2	0.33208976942814	0.722177940656011
maxbin_ERR6257997.012	response	R	0.0247849300981561	0.0239684036962022	453	4	0.301664166354805	0.722177940656011
semibin_SRR5930532.72	response	R	0.0693125165506854	0.0687420987993634	453	13	0.313854938227219	0.722177940656011
semibin_SRR6000901.54	response	R	0.0266731663130128	0.0187485639612947	453	3	0.155527002543536	0.722177940656011
metabat_ERR6279644.24_sub	response	R	0.0472425147596901	0.0361466426019336	453	8	0.191889480320982	0.722177940656011
metabat_SRR6000932.51	response	R	0.0436637679944563	0.0260246529898563	453	5	0.0940842500940211	0.722177940656011
metabat_SRR11413645.47	response	R	-0.00534759358267824	0.00448161842864495	453	1	0.233407327400017	0.722177940656011
semibin_SRR11413606.65	response	R	0.00375939849618502	0.00448519497725986	453	1	0.402373886695989	0.722177940656011
maxbin_SRR16554681.010	response	R	0.00375939849625749	0.00448519497725988	453	1	0.402373886686924	0.722177940656011
metabat_SRR25825506.48	response	R	0.00423877928791906	0.00448839493116251	453	1	0.345477990620612	0.722177940656011
metabat_ERR6281518.38	response	R	0.0237893645688597	0.0242976154221016	453	2	0.328064225674814	0.722177940656011
maxbin_ERR12405999.007	response	R	0.00375939849617674	0.00448519497725986	453	1	0.402373886697025	0.722177940656011
metabat_ERR6280948.10	response	R	0.0342890659859633	0.0286475148589992	453	3	0.231965399562583	0.722177940656011
metabat_ERR6232458.8	response	R	0.00375939849624093	0.00448519497725986	453	1	0.402373886688997	0.722177940656011
maxbin_SRR8387710.003	response	R	0.0511758632187385	0.0432026856061826	453	8	0.236818997390747	0.722177940656011
maxbin_ERR6275682.011	response	R	-0.00534759358296192	0.00448161842864496	453	1	0.233407327375252	0.722177940656011
maxbin_SRR8387712.001	response	R	-0.00622339706114537	0.00448032848415283	453	1	0.165504090202588	0.722177940656011
metabat_SRR16554727.13_sub	response	R	0.00375939849618088	0.00448519497725985	453	1	0.402373886696506	0.722177940656011
semibin_ERR6275668.126	response	R	-0.0162767802433672	0.0127790425755941	453	3	0.203422626464097	0.722177940656011
metabat_SRR16554657.23	response	R	0.0367321035622433	0.0360500868951943	453	5	0.308789423379466	0.722177940656011
metabat_SRR16554727.4	response	R	0.0122167810543635	0.011420434405361	453	2	0.285315833851454	0.722177940656011
semibin_ERR6279661.82	response	R	0.00375939849614775	0.00448519497725987	453	1	0.402373886700655	0.722177940656011
metabat_SRR23364197.91	response	R	-0.145562488478208	0.0771735983904435	453	19	0.0599171959198095	0.722177940656011
semibin_ERR6275674.45_sub	response	R	-0.0407194321688946	0.0437133461836665	453	9	0.35209060002021	0.722177940656011
metabat_SRR6000932.13	response	R	0.0453474835352079	0.0470659702013842	453	10	0.335825458535698	0.722177940656011
metabat_SRR16554767.15	response	R	0.0519182675403803	0.0336046444047617	453	4	0.123054170553122	0.722177940656011
semibin_SRR5930512.37	response	R	-0.0175353124993415	0.0177605405338289	453	3	0.324015844803028	0.722177940656011
metabat_SRR5930501.19_sub	response	R	-0.0268801849548016	0.0185704377003484	453	2	0.148459567058107	0.722177940656011
semibin_ERR6235716.28_sub	response	R	0.0590324356103057	0.0610856089067946	453	14	0.334367690585674	0.722177940656011
maxbin_ERR6279674.007_sub	response	R	0.00375939849621815	0.00448519497725987	453	1	0.402373886691843	0.722177940656011
semibin_ERR6231616.37	response	R	0.0226195626078844	0.0229145228770167	453	2	0.324112517223394	0.722177940656011
maxbin_SRR16554671.015_sub	response	R	0.0356357003796331	0.032715167566481	453	7	0.276615855910686	0.722177940656011
metabat_SRR11413678.18	response	R	0.0238312282113302	0.0257236540557742	453	3	0.3547167607838	0.722177940656011
semibin_SRR11413649.100	response	R	0.0364940654204901	0.0281463416248222	453	3	0.195437740171208	0.722177940656011
metabat_SRR20881981.21_sub	response	R	0.037449955527777	0.0362575329909254	453	7	0.302213077412108	0.722177940656011
semibin_SRR23364187.70	response	R	-0.0506765193427592	0.0331786281351782	453	7	0.127368814261297	0.722177940656011
semibin_ERR6275661.92	response	R	-0.0210926143676627	0.0139302952408931	453	2	0.130691641198315	0.722177940656011
semibin_ERR6279625.36	response	R	-0.0498368332611333	0.0384958725664046	453	9	0.196123629032889	0.722177940656011
metabat_ERR12405952.30	response	R	-0.0053475935830344	0.00448161842864496	453	1	0.233407327368927	0.722177940656011
semibin_SRR5930527.100	response	R	0.0354112128961515	0.0372991906816795	453	8	0.342934708616683	0.722177940656011
metabat_ERR6271721.74_sub	response	R	-0.0673175015685498	0.0415718483201272	453	10	0.106080682079255	0.722177940656011
semibin_ERR12406006.72	response	R	0.00375939849623472	0.00448519497725987	453	1	0.402373886689777	0.722177940656011
metabat_ERR6232526.13	response	R	-0.0304895810584356	0.0320757713663854	453	4	0.342342651735285	0.722177940656011
semibin_SRR6000931.54	response	R	0.0251222236267461	0.0149342698403633	453	4	0.0932290990503123	0.722177940656011
metabat_SRR16168938.20_sub	response	R	0.0377862945822983	0.0376342309854906	453	10	0.315898794738955	0.722177940656011
metabat_SRR25825498.29	response	R	0.00423877929347071	0.00448839493109469	453	1	0.345477989982189	0.722177940656011
semibin_SRR5930517.10	response	R	-0.0172284369027391	0.0142300997437466	453	3	0.226642998873068	0.722177940656011
semibin_ERR6281997.48_sub	response	R	0.0260394944037417	0.0197402191412341	453	5	0.187802119549595	0.722177940656011
maxbin_SRR16554772.010	response	R	0.00375939849615603	0.00448519497725986	453	1	0.402373886699611	0.722177940656011
semibin_SRR11413692.14	response	R	0.0382168457372671	0.0436657751740505	453	9	0.381923984632109	0.722177940656011
maxbin_SRR11413617.006	response	R	0.00377281981522992	0.00449353392382025	453	1	0.401572122050296	0.722177940656011
semibin_SRR13068834.35	response	R	-0.070875644925801	0.0477077446924791	453	8	0.138078953960945	0.722177940656011
maxbin_SRR16168986.030_sub	response	R	0.0572754014398488	0.0469871640537041	453	23	0.223503446818321	0.722177940656011
maxbin_SRR25825516.012	response	R	-0.00505920065273564	0.00448665697382463	453	1	0.260084140693059	0.722177940656011
metabat_ERR6275674.73	response	R	0.0189218596370539	0.0186210588173627	453	2	0.310100964230092	0.722177940656011
semibin_ERR6275675.85	response	R	0.0631348836615542	0.0619576929246773	453	15	0.308749432529736	0.722177940656011
maxbin_ERR6280910.012	response	R	-0.0485813306747788	0.0540720154299324	453	9	0.369427679120585	0.722177940656011
metabat_ERR6279679.3	response	R	0.00375939849622643	0.00448519497725986	453	1	0.402373886690812	0.722177940656011
maxbin_SRR11413614.004	response	R	-0.0235606692573802	0.0158848935551225	453	2	0.138716474804044	0.722177940656011
metabat_SRR16554704.6	response	R	-0.0343691905407333	0.0363232090823742	453	5	0.344550865487349	0.722177940656011
metabat_SRR11413610.30	response	R	0.00375939849606906	0.00448519497725988	453	1	0.402373886710495	0.722177940656011
maxbin_ERR12406000.009_sub	response	R	0.0159333330957429	0.0151848399618154	453	2	0.294605637361967	0.722177940656011
metabat_ERR6279651.12	response	R	0.149740632123207	0.0613027814171353	453	14	0.0149632330074517	0.722177940656011
maxbin_SRR16554643.001	response	R	0.0184255483120293	0.0183656087286416	453	2	0.316274722743267	0.722177940656011
metabat_SRR11413614.4	response	R	0.0805824589638598	0.0566054140920874	453	16	0.155263306880246	0.722177940656011
maxbin_SRR5930530.047	response	R	0.0479701823285736	0.0345187701762183	453	6	0.165310821249448	0.722177940656011
maxbin_SRR16554723.009	response	R	-0.00534759358289152	0.00448161842864495	453	1	0.23340732738141	0.722177940656011
metabat_SRR25825496.4_sub	response	R	-0.155249889997502	0.0769324003459052	453	20	0.0441828694566522	0.722177940656011
semibin_ERR6279624.28	response	R	0.0436933986030587	0.0434906418172126	453	3	0.315598310117887	0.722177940656011
metabat_ERR6275652.11	response	R	0.0184800020817173	0.0181098609862675	453	2	0.308067535383348	0.722177940656011
semibin_ERR6233692.8_sub	response	R	0.0240354864006332	0.0185455831408102	453	3	0.195633151746006	0.722177940656011
maxbin_ERR12406013.003	response	R	-0.0054629805237325	0.00448994435768868	453	1	0.224349965464618	0.722177940656011
metabat_ERR6281518.82_sub	response	R	0.03702304938483	0.0402645615251832	453	7	0.35832892323543	0.722177940656011
metabat_SRR16168984.63	response	R	-0.0336653086469405	0.0350285341100765	453	4	0.3370301634959	0.722177940656011
semibin_ERR6275680.83	response	R	-0.0717108712107773	0.0574066660999022	453	10	0.212250169268249	0.722177940656011
semibin_ERR6233695.130	response	R	-0.0910589381130385	0.0372638182973084	453	5	0.0149233998941813	0.722177940656011
metabat_ERR12405949.30_sub	response	R	0.03100403370476	0.0223364217350598	453	3	0.165807615989631	0.722177940656011
metabat_ERR12405959.36	response	R	-0.120106377205391	0.0747187049169789	453	15	0.108656113245491	0.722177940656011
semibin_SRR16554667.24	response	R	-0.0111111122219902	0.0127582626894694	453	2	0.384276576430018	0.722177940656011
metabat_ERR6279681.37	response	R	0.0566461578489293	0.0663468701235292	453	19	0.39367606736857	0.722177940656011
metabat_ERR12405998.10	response	R	0.00375939849634239	0.00448519497725987	453	1	0.402373886676308	0.722177940656011
semibin_ERR6281677.14	response	R	-0.023003990233762	0.0228734517709292	453	2	0.315095815017293	0.722177940656011
semibin_SRR11413687.8	response	R	-0.00534759358288738	0.00448161842864497	453	1	0.23340732738177	0.722177940656011
metabat_SRR11413647.22	response	R	-0.0628123726675677	0.0285968725468593	453	5	0.0285660547836857	0.722177940656011
semibin_SRR11413647.24_sub	response	R	-0.0402172517468321	0.0306990608612352	453	6	0.190852255093179	0.722177940656011
semibin_ERR6275683.2	response	R	-0.0053475935828149	0.00448161842864496	453	1	0.23340732738809	0.722177940656011
semibin_SRR6000949.57	response	R	-0.0453671185455501	0.0302858102821044	453	3	0.134851832003336	0.722177940656011
semibin_ERR12405971.25	response	R	0.060052374333927	0.0303793479539984	453	9	0.0486857717294817	0.722177940656011
semibin_SRR5930497.45	response	R	0.0220130915882047	0.0160876227615835	453	3	0.171895222515933	0.722177940656011
maxbin_ERR6279649.012	response	R	0.0540277008535024	0.032394311740829	453	5	0.096051150226869	0.722177940656011
semibin_SRR11413613.5	response	R	-0.00534759358287702	0.00448161842864498	453	1	0.233407327382669	0.722177940656011
semibin_ERR6279628.40	response	R	-0.0053475935828853	0.00448161842864496	453	1	0.233407327381951	0.722177940656011
metabat_ERR12405972.5	response	R	0.00375939849618916	0.00448519497725987	453	1	0.402373886695474	0.722177940656011
metabat_ERR6279663.11	response	R	0.0219069738965009	0.0220683126230947	453	2	0.321397002118231	0.722177940656011
semibin_ERR6279656.6	response	R	0.0628053743896702	0.0453923510844223	453	13	0.167162093563247	0.722177940656011
semibin_SRR16554650.49	response	R	-0.00534759358288324	0.00448161842864495	453	1	0.233407327382124	0.722177940656011
semibin_SRR11413619.40	response	R	-0.00534759358268652	0.00448161842864497	453	1	0.23340732739929	0.722177940656011
semibin_SRR6000890.9	response	R	-0.0444444586070275	0.0273268016542794	453	3	0.104569314153988	0.722177940656011
semibin_SRR16554674.4	response	R	0.029938802053395	0.029556158993448	453	6	0.311629950564789	0.722177940656011
semibin_SRR13068843.38	response	R	0.0875218731318324	0.0724108063647254	453	28	0.227418292606469	0.722177940656011
semibin_SRR23364202.9	response	R	0.00423877929014161	0.00448839493113581	453	1	0.345477990365084	0.722177940656011
maxbin_ERR6232521.007	response	R	0.0321043532759896	0.0212530607117677	453	4	0.131599966212408	0.722177940656011
metabat_SRR16554753.15	response	R	0.0288220322828817	0.022997570728547	453	3	0.210762032745719	0.722177940656011
metabat_SRR16554632.31	response	R	-0.0715275066861969	0.0477215077785956	453	11	0.134611486664828	0.722177940656011
metabat_ERR6231475.10_sub	response	R	-0.00534759358294329	0.00448161842864496	453	1	0.233407327376891	0.722177940656011
metabat_SRR20881978.32	response	R	0.0437617946502837	0.0357599979870495	453	3	0.221680253666531	0.722177940656011
maxbin_SRR5930512.016	response	R	-0.0339978487512457	0.0388098797291603	453	6	0.381493921479901	0.722177940656011
semibin_SRR25825500.13	response	R	-0.0317478015987358	0.0263343578958581	453	6	0.22861717797775	0.722177940656011
metabat_SRR20881983.38	response	R	0.0318504244210872	0.020038600041049	453	4	0.112662629892352	0.722177940656011
semibin_SRR11413656.102	response	R	0.00375939849640865	0.00448519497725989	453	1	0.40237388666802	0.722177940656011
semibin_SRR23364171.81	response	R	-0.048180730103737	0.0403605383170655	453	14	0.233203144788362	0.722177940656011
semibin_SRR25825501.45	response	R	0.0319623688352697	0.0239434218313328	453	3	0.182579799120987	0.722177940656011
metabat_SRR13068828.46_sub	response	R	-0.0837129707433927	0.0578552341544373	453	14	0.148611668219527	0.722177940656011
maxbin_SRR25825514.018_sub	response	R	0.0407973077777001	0.0333043909186697	453	5	0.22122120243369	0.722177940656011
semibin_ERR6235717.60	response	R	-0.00534759358290394	0.00448161842864496	453	1	0.233407327380315	0.722177940656011
semibin_SRR6000944.13	response	R	-0.0423207486526883	0.0395789021645472	453	9	0.285517519741066	0.722177940656011
metabat_ERR6279664.17	response	R	0.119926017217283	0.0746993615566716	453	21	0.109095049913851	0.722177940656011
metabat_SRR23364187.35_sub	response	R	0.109843237256103	0.0626879007604812	453	23	0.0804152100587159	0.722177940656011
semibin_ERR6279679.10	response	R	0.0162335695279672	0.0160861000675609	453	5	0.313436714864083	0.722177940656011
metabat_SRR16554775.14	response	R	0.00375939849629062	0.00448519497725986	453	1	0.402373886682778	0.722177940656011
semibin_ERR6235718.4	response	R	-0.0336028556676985	0.0270460860767106	453	6	0.214729301004246	0.722177940656011
semibin_SRR16554721.45	response	R	-0.00534759358294329	0.00448161842864495	453	1	0.233407327376885	0.722177940656011
maxbin_SRR11413619.006	response	R	0.00375939849628027	0.00448519497725985	453	1	0.402373886684077	0.722177940656011
metabat_ERR6275674.56	response	R	0.00375939849617674	0.00448519497725986	453	1	0.402373886697026	0.722177940656011
semibin_SRR11413615.76	response	R	0.0262411287730931	0.0281595395295236	453	6	0.351900477137376	0.722177940656011
semibin_ERR6254870.66_sub	response	R	-0.035802479758505	0.0322459829135075	453	3	0.267467789959391	0.722177940656011
semibin_ERR6280899.69	response	R	0.0037593984961933	0.00448519497725987	453	1	0.402373886694955	0.722177940656011
semibin_SRR23364230.99	response	R	-0.0421176333569916	0.0457928048362841	453	10	0.358198491835666	0.722177940656011
semibin_ERR6279626.34	response	R	-0.00534759358278384	0.00448161842864497	453	1	0.233407327390806	0.722177940656011
semibin_ERR12405910.62	response	R	-0.019855589282919	0.0128764325854247	453	2	0.123777736152658	0.722177940656011
maxbin_SRR16168940.014_sub	response	R	-0.0423250725562647	0.0372519528834893	453	4	0.256483056777371	0.722177940656011
maxbin_ERR12405915.008	response	R	-0.00534759358288945	0.00448161842864496	453	1	0.233407327381576	0.722177940656011
metabat_SRR13068823.20_sub	response	R	-0.0379601955337762	0.0206238830215302	453	5	0.0663409644519817	0.722177940656011
metabat_ERR6281340.41	response	R	-0.0761960269282708	0.0637163531383033	453	16	0.232380196012729	0.722177940656011
maxbin_ERR12405944.004	response	R	-0.0053475935826741	0.00448161842864498	453	1	0.233407327400387	0.722177940656011
semibin_SRR16554634.69	response	R	-0.0384754106351352	0.0349817359677485	453	4	0.271974895060561	0.722177940656011
semibin_ERR6279657.165	response	R	0.0229527259618807	0.0263544691470376	453	5	0.384260156693497	0.722177940656011
semibin_SRR5930501.12	response	R	-0.0544737215975472	0.0563276693596152	453	13	0.334019158725247	0.722177940656011
semibin_ERR6281340.6	response	R	0.112149017085056	0.0615036239202309	453	16	0.0688964665484811	0.722177940656011
semibin_ERR6275667.43	response	R	0.0102091879587397	0.00889210244977402	453	2	0.251528230842952	0.722177940656011
maxbin_SRR16168896.006	response	R	-0.055664532666529	0.0496248500868942	453	8	0.262583979004441	0.722177940656011
semibin_ERR12405943.41	response	R	0.013080999162551	0.0109528093037279	453	2	0.232986282886125	0.722177940656011
semibin_ERR12405933.78	response	R	0.0190097092363229	0.0216726361495299	453	5	0.380885475595844	0.722177940656011
semibin_ERR12405976.91	response	R	-0.0350347613350512	0.0314408251022173	453	7	0.265740569140658	0.722177940656011
semibin_ERR6281000.139	response	R	-0.00534759358281904	0.00448161842864497	453	1	0.23340732738773	0.722177940656011
maxbin_SRR6000947.039	response	R	-0.0493930563049208	0.0305061912193739	453	7	0.106121495373245	0.722177940656011
semibin_ERR6279667.91	response	R	0.0314254373287356	0.0332938618878516	453	2	0.345735920312407	0.722177940656011
metabat_ERR6232524.56	response	R	0.00375939849622643	0.00448519497725987	453	1	0.402373886690809	0.722177940656011
semibin_ERR6271720.17	response	R	0.00375939849617259	0.00448519497725985	453	1	0.402373886697543	0.722177940656011
metabat_ERR6281433.6_sub	response	R	0.0939956373089713	0.040278715988838	453	12	0.020054474510514	0.722177940656011
maxbin_SRR16554743.001_sub	response	R	0.00375939849636103	0.00448519497725986	453	1	0.40237388667398	0.722177940656011
metabat_ERR6232522.16_sub	response	R	-0.0294027778355987	0.0206283540724641	453	2	0.154745602461577	0.722177940656011
metabat_SRR11413690.35_sub	response	R	0.0169747757242886	0.0163760209837954	453	2	0.30049505916957	0.722177940656011
maxbin_ERR6275673.006	response	R	-0.00534759358299919	0.00448161842864496	453	1	0.233407327372005	0.722177940656011
metabat_ERR6281942.41_sub	response	R	-0.0433855097289957	0.0328392136879487	453	8	0.187122265645033	0.722177940656011
semibin_ERR6279659.23	response	R	-0.0142085384122467	0.0119545988336805	453	3	0.235247696695422	0.722177940656011
metabat_ERR12405920.6_sub	response	R	0.103032194785435	0.0479993478607906	453	11	0.0323632953328477	0.722177940656011
maxbin_SRR20881988.009	response	R	0.00375939849645421	0.00448519497725987	453	1	0.402373886662324	0.722177940656011
metabat_SRR16554789.32	response	R	-0.00534759358281697	0.00448161842864495	453	1	0.233407327387915	0.722177940656011
semibin_ERR12405942.29	response	R	0.0408907563478724	0.0315359943590881	453	6	0.195419013451271	0.722177940656011
maxbin_SRR5930517.025_sub	response	R	-0.144909941855052	0.0591918203945982	453	16	0.0147421642866426	0.722177940656011
semibin_SRR25825505.38	response	R	0.0292145295991352	0.0272122054744458	453	2	0.283584274951183	0.722177940656011
semibin_SRR16554718.17_sub	response	R	-0.00534759358288324	0.00448161842864495	453	1	0.233407327382131	0.722177940656011
metabat_ERR6281342.22	response	R	-0.0746980620744807	0.0524274629591836	453	7	0.154909871721139	0.722177940656011
semibin_SRR5930520.180	response	R	-0.0395446939837135	0.0338881773761479	453	7	0.243860586438509	0.722177940656011
maxbin_SRR25825500.013_sub	response	R	-0.0140994204740842	0.016032756469913	453	2	0.379645539290552	0.722177940656011
semibin_SRR6000947.34_sub	response	R	-0.00468179491226935	0.00449070783956966	453	1	0.297716042360953	0.722177940656011
semibin_SRR11413608.121	response	R	0.00375939849620158	0.00448519497725987	453	1	0.402373886693915	0.722177940656011
maxbin_ERR6279619.020	response	R	0.0352160524715587	0.0272898460631364	453	3	0.197557290568817	0.722177940656011
metabat_SRR23364189.40	response	R	0.00375939849622643	0.00448519497725988	453	1	0.402373886690812	0.722177940656011
semibin_SRR13068841.58	response	R	0.0384867959082396	0.0289843294852191	453	6	0.18490027586414	0.722177940656011
maxbin_SRR6000946.001	response	R	0.0194093037684761	0.0156135780898117	453	2	0.214476252070202	0.722177940656011
semibin_ERR6279650.34	response	R	0.00375939849617674	0.00448519497725986	453	1	0.402373886697025	0.722177940656011
semibin_ERR6267711.1	response	R	0.0974643704296152	0.0526045407221253	453	14	0.0645678529725331	0.722177940656011
metabat_ERR6236131.13	response	R	0.00375939849630098	0.00448519497725986	453	1	0.402373886681489	0.722177940656011
metabat_ERR6257997.12	response	R	0.0544673406791484	0.0561834067346991	453	14	0.332837737071146	0.722177940656011
semibin_SRR20881980.25	response	R	0.00375939849627199	0.00448519497725988	453	1	0.402373886685115	0.722177940656011
maxbin_SRR16554636.007	response	R	-0.00534759358277142	0.00448161842864495	453	1	0.233407327391891	0.722177940656011
metabat_SRR11413679.3	response	R	0.00423877929117075	0.0044883949311224	453	1	0.345477990246647	0.722177940656011
semibin_ERR6279651.16	response	R	0.00375939849618502	0.00448519497725987	453	1	0.402373886695987	0.722177940656011
semibin_SRR23364191.73	response	R	0.0115400617210521	0.0101399505456437	453	2	0.255694715189776	0.722177940656011
maxbin_SRR13022453.007_sub	response	R	0.0422303665533732	0.0290999486737093	453	8	0.147417038035196	0.722177940656011
semibin_SRR5930530.132	response	R	0.0341951225566392	0.0380823402418191	453	6	0.369705936507623	0.722177940656011
semibin_SRR11413690.9	response	R	-0.0189724297474926	0.0157994618272903	453	4	0.230448381585357	0.722177940656011
semibin_ERR6275663.75_sub	response	R	0.00375939849638587	0.00448519497725986	453	1	0.402373886670867	0.722177940656011
metabat_SRR13022456.4	response	R	0.0135776723750967	0.0146778474899546	453	2	0.35543709420269	0.722177940656011
maxbin_ERR6279659.004_sub	response	R	-0.00534759358281076	0.00448161842864496	453	1	0.233407327388457	0.722177940656011
semibin_SRR5930517.66	response	R	-0.0414221104679821	0.0244411525680815	453	4	0.0908107520897717	0.722177940656011
semibin_SRR11413691.23	response	R	-0.0413575230188285	0.0282531722336689	453	5	0.143944570367818	0.722177940656011
semibin_ERR6280899.148	response	R	0.00375939849623886	0.00448519497725987	453	1	0.402373886689258	0.722177940656011
semibin_SRR11413618.43_sub	response	R	-0.0841135675213715	0.0437064594038814	453	7	0.0549193355384445	0.722177940656011
semibin_ERR6267712.70	response	R	0.00375939849630719	0.00448519497725987	453	1	0.402373886680708	0.722177940656011
semibin_SRR23364231.16	response	R	-0.0813823575552021	0.0567749987457389	453	14	0.15243102504976	0.722177940656011
semibin_SRR6000932.54	response	R	0.0958989931199901	0.0399490467440315	453	12	0.0167760724599265	0.722177940656011
maxbin_SRR16554760.005	response	R	0.00375939849625749	0.00448519497725989	453	1	0.402373886686929	0.722177940656011
semibin_ERR6281751.22	response	R	-0.0848090981735446	0.0854690844878192	453	25	0.321594620314733	0.722177940656011
metabat_ERR6275678.3	response	R	0.0528573517429504	0.0361690605460621	453	4	0.144607063615673	0.722177940656011
metabat_SRR16554757.37	response	R	-0.0366117813356779	0.0341295760395865	453	2	0.283966440043282	0.722177940656011
semibin_ERR6275668.170	response	R	-0.00534759358280455	0.00448161842864496	453	1	0.233407327388999	0.722177940656011
metabat_SRR13068834.35	response	R	0.0254185030642653	0.0193449903925577	453	3	0.189528307115747	0.722177940656011
metabat_ERR6279648.17_sub	response	R	0.0506961906261498	0.0373916057501972	453	18	0.175835817374705	0.722177940656011
metabat_ERR6279616.16	response	R	0.00375939849618709	0.00448519497725986	453	1	0.40237388669573	0.722177940656011
semibin_ERR6232688.40_sub	response	R	0.039723694094986	0.0260447132718569	453	4	0.127909083415408	0.722177940656011
semibin_ERR6275680.27	response	R	-0.00862603703045033	0.00873134672414586	453	3	0.32371391170052	0.722177940656011
semibin_SRR11413656.61	response	R	0.0775834899592767	0.0470494389174637	453	13	0.0998513432565916	0.722177940656011
metabat_ERR6279628.28	response	R	-0.00534759358302404	0.00448161842864496	453	1	0.233407327369843	0.722177940656011
semibin_ERR12405939.57_sub	response	R	0.0037728198154461	0.004493533923794	453	1	0.401572122020625	0.722177940656011
maxbin_SRR20881987.014_sub	response	R	0.028503549083268	0.0300087679503761	453	10	0.342701928064923	0.722177940656011
semibin_SRR6000909.45	response	R	0.0532007028768529	0.0398379362161455	453	12	0.182411333684982	0.722177940656011
semibin_SRR23364196.25	response	R	0.0390787033638393	0.0244028061415905	453	7	0.109988767868472	0.722177940656011
maxbin_ERR6279677.010	response	R	0.0439181107759999	0.0325643959322381	453	8	0.178126079838679	0.722177940656011
metabat_ERR6275663.73	response	R	0.00375939849606492	0.00448519497725986	453	1	0.402373886711011	0.722177940656011
metabat_SRR6000894.44	response	R	-0.041441979083901	0.0429944283239071	453	7	0.335616685486579	0.722177940656011
semibin_ERR6254871.7	response	R	0.00375939849631547	0.00448519497725987	453	1	0.402373886679676	0.722177940656011
semibin_SRR16554715.19	response	R	0.0418617728431459	0.0310297610412721	453	6	0.177988061830753	0.722177940656011
semibin_ERR6282137.82	response	R	-0.076807102250784	0.0537292607893449	453	9	0.153546879565644	0.722177940656011
semibin_SRR6000946.68	response	R	0.0389133624090888	0.0291209099521217	453	5	0.182136640887563	0.722177940656011
semibin_SRR5930526.3	response	R	-0.0820153728907067	0.0534889972197056	453	13	0.125899946651194	0.722177940656011
semibin_SRR25825499.84	response	R	0.00423877928632729	0.00448839493118376	453	1	0.345477990803848	0.722177940656011
semibin_SRR23364176.76	response	R	0.0457161604705875	0.0401443765339888	453	8	0.255396874391078	0.722177940656011
semibin_ERR6243877.15_sub	response	R	-0.076763984825231	0.054805663633059	453	9	0.162004293683506	0.722177940656011
metabat_SRR13022456.2	response	R	0.0106513470016625	0.00935138961618556	453	2	0.255302684199524	0.722177940656011
metabat_ERR6279629.12_sub	response	R	-0.054550205565423	0.034406137519518	453	10	0.113560301559808	0.722177940656011
metabat_ERR6232425.9	response	R	-0.0370260391398538	0.0344737692589376	453	2	0.283381233824538	0.722177940656011
semibin_ERR6279628.63	response	R	-0.0648972941178241	0.0560636039718884	453	18	0.2476540738171	0.722177940656011
semibin_ERR12405932.31	response	R	-0.0408320118534469	0.0365278890585977	453	4	0.264234408902231	0.722177940656011
maxbin_SRR16168986.013_sub	response	R	-0.0704190239702738	0.0503690133165924	453	12	0.162781737318158	0.722177940656011
metabat_ERR12405960.21	response	R	0.00375939849628027	0.00448519497725986	453	1	0.402373886684076	0.722177940656011
semibin_ERR6279666.67	response	R	0.0245258838221988	0.0251617506877165	453	2	0.330217299514289	0.722177940656011
semibin_ERR6279626.59	response	R	-0.0191658508774726	0.0197293809233004	453	2	0.331851406616924	0.722177940656011
semibin_ERR6264280.93	response	R	0.00375939849623886	0.00448519497725986	453	1	0.402373886689258	0.722177940656011
maxbin_ERR6233695.008	response	R	-0.00534759358288945	0.00448161842864497	453	1	0.233407327381575	0.722177940656011
semibin_SRR5930527.76	response	R	0.0130872501232671	0.0122056717636578	453	2	0.284196475364603	0.722177940656011
semibin_SRR16554634.8_sub	response	R	-0.0912378923403795	0.0555833552376282	453	16	0.101400261941965	0.722177940656011
metabat_SRR25825516.12	response	R	-0.0226954951763632	0.0240893266617417	453	4	0.346631523597308	0.722177940656011
semibin_SRR23364240.28_sub	response	R	-0.0324444268600221	0.0284439742106423	453	4	0.254625262830439	0.722177940656011
metabat_SRR23364176.34	response	R	-0.0858676715053315	0.0665191094339497	453	14	0.197409296155243	0.722177940656011
metabat_ERR6279680.20_sub	response	R	0.00375939849617259	0.00448519497725987	453	1	0.402373886697545	0.722177940656011
maxbin_ERR6254871.004	response	R	0.041991664261095	0.040437239603982	453	3	0.299621469517607	0.722177940656011
semibin_ERR6230340.39	response	R	0.00375939849614982	0.00448519497725987	453	1	0.402373886700392	0.722177940656011
maxbin_ERR6279649.018	response	R	0.0262032561553879	0.0199292752382618	453	3	0.189243568520962	0.722177940656011
maxbin_SRR11413618.087_sub	response	R	-0.0225532134332296	0.0116413233210595	453	3	0.0533277009000256	0.722177940656011
metabat_SRR16554758.22	response	R	-0.0504658202409717	0.0313780858406749	453	4	0.10847180004984	0.722177940656011
semibin_ERR6279676.80_sub	response	R	0.00375939849629269	0.00448519497725986	453	1	0.402373886682523	0.722177940656011
semibin_ERR6279669.31_sub	response	R	0.0950633122569185	0.0710424776904895	453	22	0.181532183033252	0.722177940656011
metabat_ERR6279646.8_sub	response	R	-0.00534759358279627	0.00448161842864497	453	1	0.23340732738972	0.722177940656011
metabat_ERR12405932.24	response	R	-0.02647599672704	0.0170023934365861	453	4	0.120127855263242	0.722177940656011
semibin_ERR6275666.59	response	R	-0.00534759358280869	0.00448161842864496	453	1	0.233407327388629	0.722177940656011
semibin_SRR13068819.18	response	R	-0.0264497687118162	0.0275281991986869	453	6	0.337156375817506	0.722177940656011
maxbin_ERR6275680.033	response	R	0.025590852802848	0.0292825815318311	453	5	0.382622852172288	0.722177940656011
semibin_SRR16554628.84	response	R	0.0037593984961084	0.00448519497725987	453	1	0.40237388670557	0.722177940656011
semibin_ERR6267711.46	response	R	0.019439709899087	0.0191523026384148	453	2	0.310650160973269	0.722177940656011
semibin_ERR6279666.83	response	R	0.0196703058825139	0.0194237700193693	453	2	0.311753240371441	0.722177940656011
metabat_SRR11413618.80	response	R	-0.00534759358283561	0.00448161842864495	453	1	0.233407327386276	0.722177940656011
maxbin_SRR5930511.004	response	R	0.00377281981540204	0.00449353392378889	453	1	0.401572122025572	0.722177940656011
maxbin_SRR16554769.015_sub	response	R	0.0335071883993157	0.0273314651405274	453	3	0.220854779575351	0.722177940656011
maxbin_ERR6233694.003_sub	response	R	-0.00534759358302818	0.00448161842864496	453	1	0.233407327369469	0.722177940656011
metabat_ERR6281518.47	response	R	-0.0639052347714508	0.0547798287187721	453	15	0.243995165952185	0.722177940656011
semibin_ERR6275666.75	response	R	-0.0817728996402419	0.0659064219082121	453	19	0.215347339060975	0.722177940656011
metabat_SRR13068815.50	response	R	-0.0287551062877991	0.0291085825230646	453	6	0.323753780509391	0.722177940656011
metabat_ERR12405931.15	response	R	0.00375939849608562	0.00448519497725987	453	1	0.402373886708422	0.722177940656011
maxbin_SRR16554647.016	response	R	0.00375939849640037	0.00448519497725986	453	1	0.402373886669052	0.722177940656011
metabat_SRR11413683.6_sub	response	R	-0.00534759358307581	0.00448161842864498	453	1	0.233407327365312	0.722177940656011
maxbin_SRR5930529.037	response	R	0.0276115818884123	0.0254420173777484	453	5	0.278379701801616	0.722177940656011
semibin_SRR16168940.27	response	R	-0.0487487741884654	0.0421176648915305	453	6	0.247705475467605	0.722177940656011
semibin_SRR13068843.62_sub	response	R	0.0203935775537533	0.0200207113050589	453	5	0.308930029092319	0.722177940656011
metabat_ERR12405955.28	response	R	0.0586806159896428	0.0436612246229009	453	6	0.179624621927298	0.722177940656011
semibin_ERR6279626.1	response	R	-0.0585957753723295	0.0629199778833401	453	25	0.352210371522543	0.722177940656011
semibin_SRR6000901.38	response	R	0.0518440216233282	0.0372505769998163	453	3	0.164680145893266	0.722177940656011
metabat_ERR12405984.37	response	R	-0.00534759358284389	0.00448161842864496	453	1	0.233407327385559	0.722177940656011
semibin_ERR12405961.52	response	R	0.00423877928693495	0.00448839493117575	453	1	0.345477990733922	0.722177940656011
semibin_SRR11413619.8_sub	response	R	0.00375939849641694	0.00448519497725987	453	1	0.402373886666986	0.722177940656011
semibin_SRR25825512.2_sub	response	R	0.0133927367723056	0.0117543062468333	453	2	0.255145670814071	0.722177940656011
semibin_ERR12405955.23_sub	response	R	0.0332051373667323	0.0280699859961748	453	4	0.237455742723127	0.722177940656011
metabat_ERR6232523.20_sub	response	R	0.00375939849617674	0.00448519497725988	453	1	0.402373886697029	0.722177940656011
metabat_ERR6230245.15	response	R	0.0037593984962285	0.00448519497725986	453	1	0.40237388669055	0.722177940656011
metabat_SRR11413690.18	response	R	-0.0193528291460554	0.0125412390089898	453	2	0.12349928957098	0.722177940656011
semibin_SRR20881974.45_sub	response	R	-0.00884007335448757	0.0082042880094891	453	3	0.281838070201776	0.722177940656011
metabat_SRR13068847.11	response	R	-0.0352509493600844	0.032158613484178	453	4	0.273595710530827	0.722177940656011
semibin_SRR16554684.32	response	R	0.0275390619546057	0.0287062380585963	453	2	0.337901157491787	0.722177940656011
metabat_ERR6232524.62	response	R	0.00375939849617674	0.00448519497725986	453	1	0.402373886697026	0.722177940656011
maxbin_SRR5930503.014	response	R	0.0123317918820827	0.0112597687195567	453	2	0.274010416424786	0.722177940656011
semibin_SRR23364194.77	response	R	0.00423877928438595	0.00448839493120509	453	1	0.34547799102685	0.722177940656011
metabat_SRR25825499.18	response	R	0.0300674959679876	0.0320786494284332	453	7	0.349108070182238	0.722177940656011
semibin_ERR6275674.52	response	R	0.0476195071087369	0.0524127923095078	453	13	0.364074699560124	0.722177940656011
semibin_ERR6232425.8	response	R	-0.00534759358283975	0.00448161842864496	453	1	0.233407327385928	0.722177940656011
metabat_SRR11413679.7	response	R	0.0166532373851081	0.0160074192810117	453	2	0.298737069384503	0.722177940656011
semibin_ERR6282137.80	response	R	-0.0278870151304969	0.0235172584986061	453	4	0.236325571708346	0.722177940656011
metabat_SRR16554632.20	response	R	-0.0135164126781924	0.00815494831152618	453	2	0.0981302200938985	0.722177940656011
semibin_ERR12405928.58	response	R	0.0123220649728194	0.0091212145660468	453	2	0.177400621566847	0.722177940656011
semibin_ERR6281448.108_sub	response	R	0.0037593984963838	0.00448519497725986	453	1	0.402373886671131	0.722177940656011
metabat_ERR12406003.35	response	R	0.0261760199475965	0.0265782351277693	453	3	0.325219470532884	0.722177940656011
metabat_ERR12405911.15	response	R	0.0161482202517137	0.0154299607243254	453	2	0.295867884927322	0.722177940656011
maxbin_SRR5930520.011	response	R	-0.014559518650293	0.0111463728188734	453	3	0.192146890813437	0.722177940656011
maxbin_SRR11413615.013	response	R	-0.00534759358273208	0.00448161842864497	453	1	0.233407327395325	0.722177940656011
maxbin_SRR16554740.019	response	R	0.0256840505357898	0.0266734467815042	453	2	0.336113454419898	0.722177940656011
maxbin_SRR16168940.020_sub	response	R	-0.00622339705758817	0.00448032848419662	453	1	0.165504090447965	0.722177940656011
semibin_SRR6000893.3	response	R	0.0235823470819	0.0279711927219349	453	2	0.399623164528574	0.722177940656011
metabat_SRR25825506.41	response	R	0.0516264212235872	0.0333088487627767	453	7	0.121863399770324	0.722177940656011
semibin_SRR16168940.32	response	R	-0.0732808922239194	0.0478732331696202	453	9	0.126537755788002	0.722177940656011
semibin_ERR6275669.54	response	R	0.0153382494063158	0.0143799837968236	453	2	0.286708656352157	0.722177940656011
metabat_ERR6279672.6	response	R	-0.00534759358283354	0.00448161842864497	453	1	0.233407327386465	0.722177940656011
metabat_SRR20881978.1_sub	response	R	-0.00546298052353884	0.00448994435767979	453	1	0.224349965480102	0.722177940656011
metabat_SRR16554641.12	response	R	0.0335253894389653	0.0364329812424887	453	9	0.357963979122532	0.722177940656011
semibin_SRR11413652.9_sub	response	R	0.00375939849610219	0.00448519497725985	453	1	0.402373886706348	0.722177940656011
semibin_ERR6279676.74	response	R	-0.0513876827032875	0.0509190954043858	453	11	0.313418637110543	0.722177940656011
semibin_SRR16554660.115	response	R	0.00375939849612704	0.00448519497725987	453	1	0.402373886703244	0.722177940656011
semibin_SRR16554671.39	response	R	0.003759398496243	0.00448519497725988	453	1	0.40237388668874	0.722177940656011
semibin_SRR11413657.56	response	R	-0.0205552589263556	0.0179721687645249	453	3	0.253343471894864	0.722177940656011
maxbin_ERR12405934.015_sub	response	R	-0.0180943432427808	0.0115623319307433	453	2	0.118298596180664	0.722177940656011
metabat_ERR6279626.16	response	R	-0.0160423580717966	0.0137877915290641	453	3	0.245236660906053	0.722177940656011
metabat_SRR11413611.60	response	R	0.00375939849622229	0.00448519497725989	453	1	0.402373886691331	0.722177940656011
semibin_SRR16554627.71	response	R	-0.0329845090420484	0.0311186232154528	453	2	0.289729928122207	0.722177940656011
maxbin_SRR11413618.028	response	R	0.00375939849627613	0.00448519497725988	453	1	0.402373886684596	0.722177940656011
semibin_ERR6281518.42	response	R	0.00375939849607734	0.00448519497725987	453	1	0.402373886709458	0.722177940656011
metabat_ERR6280907.89	response	R	0.0314118248808204	0.030662457621655	453	6	0.306178672340733	0.722177940656011
semibin_SRR5930497.77	response	R	0.00377281981558732	0.00449353392376153	453	1	0.401572121999617	0.722177940656011
semibin_SRR11413678.51	response	R	0.0968578151971298	0.0498148219232454	453	20	0.0524742587237462	0.722177940656011
semibin_SRR16554777.37	response	R	0.0321793496715217	0.0324963192784876	453	3	0.322584870633215	0.722177940656011
metabat_ERR6232526.19	response	R	-0.00534759358288531	0.00448161842864496	453	1	0.233407327381945	0.722177940656011
metabat_SRR25825514.34	response	R	0.00423877928814263	0.00448839493115842	453	1	0.345477990594758	0.722177940656011
metabat_SRR16554757.25	response	R	-0.0153192583888498	0.0166062820089027	453	2	0.356762221712184	0.722177940656011
semibin_SRR16554766.58	response	R	0.00375939849617674	0.00448519497725988	453	1	0.402373886697023	0.722177940656011
maxbin_ERR6279681.003	response	R	0.0187299758012476	0.0183184353943066	453	2	0.307111727995208	0.722177940656011
semibin_ERR6279669.69	response	R	0.00375939849622643	0.00448519497725986	453	1	0.40237388669081	0.722177940656011
maxbin_SRR16554626.019	response	R	0.00375939849636931	0.00448519497725987	453	1	0.402373886672943	0.722177940656011
metabat_SRR20881983.76	response	R	0.0471456997118583	0.0535509191631342	453	17	0.379116923280548	0.722177940656011
metabat_SRR11413618.92	response	R	-0.143964329607686	0.0507604534016829	453	7	0.004771570175593	0.722177940656011
semibin_ERR6229432.4	response	R	-0.0180750906594937	0.0201951030111308	453	4	0.371251970837117	0.722177940656011
semibin_ERR6275665.68	response	R	0.00375939849624093	0.00448519497725987	453	1	0.402373886688998	0.722177940656011
metabat_ERR6232527.17	response	R	0.019163046947758	0.0132906770123797	453	3	0.15004320299862	0.722177940656011
semibin_SRR5930528.78	response	R	0.0656527006636435	0.0518712403365181	453	10	0.206280047321406	0.722177940656011
maxbin_ERR6275677.011	response	R	-0.0463257673598418	0.0332301741855946	453	5	0.163980948983801	0.722177940656011
metabat_SRR6000920.15	response	R	0.0208202291008086	0.0150090635369658	453	3	0.16607898328586	0.722177940656011
metabat_SRR25825494.21	response	R	-0.00505920065273992	0.00448665697382647	453	1	0.260084140692849	0.722177940656011
maxbin_SRR11413614.027_sub	response	R	0.0312088146840146	0.0231697567774301	453	6	0.17867048284075	0.722177940656011
metabat_SRR6000920.5_sub	response	R	0.0546364941718318	0.0505858817486408	453	13	0.280688012559195	0.722177940656011
semibin_ERR6281500.169	response	R	-0.0129638723116196	0.0147381297215125	453	2	0.379539518036509	0.722177940656011
semibin_SRR6000908.41	response	R	0.0233367474717954	0.0196359727876591	453	2	0.235274754122835	0.722177940656011
metabat_ERR6279625.50	response	R	-0.0554664006405287	0.0661578036444975	453	14	0.402252795460811	0.722177940656011
metabat_SRR16554769.49	response	R	0.00375939849629891	0.00448519497725984	453	1	0.402373886681745	0.722177940656011
semibin_SRR13068843.26	response	R	0.0840911559439838	0.0472193687084842	453	8	0.0756098871385467	0.722177940656011
semibin_SRR6000947.58_sub	response	R	-0.00468179491263006	0.00449070783956575	453	1	0.297716042323427	0.722177940656011
semibin_ERR6280899.10	response	R	0.124064226206537	0.0730811058649823	453	20	0.0902688747296603	0.722177940656011
maxbin_SRR25825515.021_sub	response	R	-0.00505920065267606	0.00448665697382489	453	1	0.260084140698687	0.722177940656011
semibin_ERR6235717.13	response	R	-0.00534759358305096	0.00448161842864497	453	1	0.23340732736749	0.722177940656011
semibin_ERR12405955.68	response	R	0.0037593984964335	0.00448519497725986	453	1	0.40237388666491	0.722177940656011
maxbin_SRR5930505.002	response	R	0.013004397577192	0.01211190366094	453	2	0.283542022702017	0.722177940656011
metabat_ERR6281997.12	response	R	0.0037593984960235	0.00448519497725986	453	1	0.40237388671619	0.722177940656011
metabat_SRR16168986.30_sub	response	R	0.0368124710460036	0.0250439245821934	453	7	0.142282432765997	0.722177940656011
semibin_ERR6279618.75_sub	response	R	0.00375939849617674	0.00448519497725986	453	1	0.402373886697026	0.722177940656011
metabat_ERR6279620.12	response	R	-0.00534759358293914	0.00448161842864496	453	1	0.233407327377237	0.722177940656011
semibin_ERR6279644.71	response	R	0.0154596355168741	0.0145191993713461	453	2	0.287551948774291	0.722177940656011
metabat_SRR11413654.79	response	R	-0.0113537641086217	0.00676235406514171	453	2	0.0938547714012186	0.722177940656011
metabat_SRR6000947.59	response	R	-0.00468179491198613	0.00449070783957241	453	1	0.297716042390477	0.722177940656011
semibin_SRR16554649.13	response	R	0.0201760670485296	0.0203590502624349	453	2	0.322214171702504	0.722177940656011
metabat_ERR6279662.20	response	R	0.0468512048481264	0.029072143295455	453	5	0.107761057952159	0.722177940656011
metabat_ERR6275669.24	response	R	0.00375939849613325	0.00448519497725987	453	1	0.402373886702467	0.722177940656011
metabat_SRR13068823.23	response	R	0.0426155215285007	0.0233394571435225	453	5	0.0685290302280477	0.722177940656011
metabat_SRR11413692.14	response	R	-0.00505920065277535	0.00448665697382614	453	1	0.260084140689485	0.722177940656011
metabat_SRR20881981.60	response	R	-0.0130921333403791	0.00791393071917745	453	2	0.0987629429849015	0.722177940656011
metabat_ERR12405985.42	response	R	0.003759398496243	0.00448519497725986	453	1	0.40237388668874	0.722177940656011
semibin_SRR16554715.26	response	R	0.00375939849635689	0.00448519497725988	453	1	0.402373886674498	0.722177940656011
semibin_ERR6275659.65	response	R	-0.0293722889387929	0.0206034135015985	453	2	0.154674691708641	0.722177940656011
semibin_SRR11413646.12	response	R	-0.00534759358280662	0.00448161842864498	453	1	0.233407327388807	0.722177940656011
semibin_SRR5930527.114	response	R	0.0529509603605047	0.0593671846160222	453	24	0.37291209564019	0.722177940656011
semibin_SRR5930517.9	response	R	-0.0204623033005626	0.0133422092972973	453	2	0.125821216622837	0.722177940656011
semibin_SRR25825500.66	response	R	-0.00505920065252339	0.00448665697382532	453	1	0.260084140713096	0.722177940656011
metabat_ERR6275666.22_sub	response	R	-0.0349571044358576	0.0351536201648822	453	10	0.320558463442006	0.722177940656011
semibin_ERR6271721.28_sub	response	R	-0.0270207269941181	0.0211837627583574	453	3	0.202778068029272	0.722177940656011
semibin_ERR6232527.9_sub	response	R	0.00375939849623886	0.00448519497725988	453	1	0.402373886689258	0.722177940656011
metabat_ERR6232529.28	response	R	0.00375939849613325	0.00448519497725987	453	1	0.402373886702466	0.722177940656011
maxbin_ERR6232686.025	response	R	-0.0053475935830551	0.00448161842864496	453	1	0.233407327367133	0.722177940656011
maxbin_SRR25825520.007	response	R	0.00423877928931731	0.00448839493114404	453	1	0.345477990459664	0.722177940656011
semibin_SRR16168940.67	response	R	-0.0896955473168281	0.0403981166665762	453	5	0.0268953875552193	0.722177940656011
semibin_ERR6279672.47	response	R	-0.13998679346013	0.0874109315894501	453	18	0.109971046639735	0.722177940656011
semibin_SRR25825521.35	response	R	0.0119235635862729	0.0103535140489541	453	2	0.250078337283145	0.722177940656011
semibin_SRR16554660.121	response	R	0.00375939849617466	0.00448519497725987	453	1	0.402373886697286	0.722177940656011
metabat_SRR25825503.7	response	R	-0.0295062448673772	0.0223604426438235	453	2	0.187648598528928	0.722177940656011
semibin_ERR6275663.61	response	R	0.00375939849630098	0.00448519497725988	453	1	0.402373886681489	0.722177940656011
metabat_SRR16554763.17	response	R	0.00375939849622436	0.00448519497725984	453	1	0.402373886691068	0.722177940656011
semibin_SRR11413654.127	response	R	0.00927825020694992	0.00797918768675777	453	2	0.245535801052644	0.722177940656011
semibin_SRR11413608.100	response	R	-0.00505920065272416	0.00448665697382539	453	1	0.260084140694231	0.722177940656011
metabat_ERR6236131.53_sub	response	R	0.00375939849629062	0.00448519497725986	453	1	0.402373886682779	0.722177940656011
metabat_ERR6275652.28	response	R	0.00375939849628441	0.00448519497725987	453	1	0.402373886683558	0.722177940656011
semibin_SRR11413656.55	response	R	0.0217281229408233	0.0164036951762048	453	3	0.1859888537686	0.722177940656011
semibin_ERR6233694.0	response	R	-0.0916285407967063	0.0410348091256431	453	5	0.0260424038560812	0.722177940656011
maxbin_SRR5930519.005	response	R	-0.00546298052307905	0.00448994435765583	453	1	0.224349965516582	0.722177940656011
metabat_ERR6279669.21	response	R	0.0721878203272501	0.0400345400175749	453	7	0.0720345405580722	0.722177940656011
metabat_SRR16554726.7	response	R	-0.00534759358307788	0.00448161842864497	453	1	0.233407327365138	0.722177940656011
maxbin_ERR12405920.014	response	R	-0.0197181373624217	0.0128276422568347	453	2	0.124955403672772	0.722177940656011
semibin_ERR6232518.35	response	R	-0.00534759358288324	0.00448161842864497	453	1	0.233407327382131	0.722177940656011
semibin_ERR6231616.10	response	R	0.0423705804162997	0.0266258605903036	453	4	0.112237154686298	0.722177940656011
metabat_ERR6279664.5	response	R	0.0037593984962285	0.00448519497725987	453	1	0.402373886690548	0.722177940656011
semibin_SRR13068831.57	response	R	-0.0522014415746774	0.0513213997253954	453	6	0.309629512619637	0.722177940656011
metabat_ERR12405929.15	response	R	-0.00534759358278591	0.00448161842864495	453	1	0.23340732739062	0.722177940656011
semibin_ERR6236131.18_sub	response	R	0.00375939849606285	0.00448519497725987	453	1	0.402373886711272	0.722177940656011
metabat_SRR11413606.21	response	R	0.0233491746954552	0.0174183613344338	453	3	0.180762528704495	0.722177940656011
metabat_SRR11413620.38	response	R	0.00375939849625128	0.00448519497725989	453	1	0.402373886687706	0.722177940656011
metabat_ERR6279662.31	response	R	0.00375939849641694	0.00448519497725987	453	1	0.402373886666984	0.722177940656011
semibin_ERR12406002.26_sub	response	R	-0.044633076752951	0.0360732997689397	453	9	0.216624043414183	0.722177940656011
metabat_ERR6275671.32	response	R	-0.0566617201407718	0.0364817820430492	453	3	0.121091449713559	0.722177940656011
semibin_ERR6279662.30_sub	response	R	0.00375939849606906	0.00448519497725986	453	1	0.402373886710494	0.722177940656011
maxbin_ERR6279654.008	response	R	-0.00534759358290187	0.00448161842864497	453	1	0.233407327380501	0.722177940656011
metabat_ERR12405963.36_sub	response	R	0.0106305503075053	0.0091767448672219	453	2	0.247307416854844	0.722177940656011
metabat_ERR6282383.84	response	R	-0.0053475935828998	0.00448161842864495	453	1	0.233407327380686	0.722177940656011
semibin_SRR23364208.18	response	R	-0.0259595743177659	0.0272219071211726	453	4	0.340782775713933	0.722177940656011
maxbin_ERR6281448.022	response	R	0.0362521184050227	0.0298459188558885	453	8	0.225138077850874	0.722177940656011
semibin_SRR23364193.23	response	R	0.0717598178803634	0.0334538592522848	453	10	0.0324835606674917	0.722177940656011
semibin_ERR6279672.73	response	R	-0.0159942196204551	0.0171515995226515	453	2	0.351566495614435	0.722177940656011
metabat_ERR12405987.26	response	R	-0.022625607551728	0.0116058884129544	453	3	0.0518612548191144	0.722177940656011
metabat_ERR6275659.49	response	R	-0.00534759358301369	0.00448161842864496	453	1	0.233407327370742	0.722177940656011
semibin_SRR16168982.59	response	R	-0.0238813835610204	0.0205732077043123	453	2	0.246337628184608	0.722177940656011
semibin_SRR6000931.41	response	R	0.0132563262741366	0.00786191867437324	453	2	0.0924613725469882	0.722177940656011
metabat_ERR6282383.21	response	R	-0.00534759358287702	0.00448161842864497	453	1	0.233407327382661	0.722177940656011
metabat_SRR11413654.13	response	R	-0.00546298052621601	0.00448994435777476	453	1	0.224349965263154	0.722177940656011
metabat_ERR6279667.32_sub	response	R	0.0465115029551683	0.0421064075050908	453	7	0.26991452590829	0.722177940656011
semibin_ERR6280899.23	response	R	0.0173861644037589	0.0191670906505159	453	3	0.364848279548621	0.722177940656011
semibin_SRR6000895.32_sub	response	R	-0.00468179491243001	0.00449070783956983	453	1	0.297716042344426	0.722177940656011
semibin_SRR16554647.36	response	R	0.00375939849619744	0.00448519497725985	453	1	0.402373886694436	0.722177940656011
metabat_SRR13022269.5	response	R	-0.0189529397237192	0.0122288210515828	453	2	0.121876943875054	0.722177940656011
semibin_SRR11413647.85	response	R	0.00997048185657915	0.00873629710100055	453	2	0.254363598131635	0.722177940656011
metabat_ERR6279645.26	response	R	0.0119821513038901	0.010617825926148	453	2	0.259714251308314	0.722177940656011
metabat_SRR6000946.13_sub	response	R	0.00479405356134591	0.00449217503173111	453	1	0.286452230769472	0.722177940656011
metabat_ERR6275652.69	response	R	0.0247033719918035	0.0152531258576389	453	4	0.106029229086865	0.722177940656011
maxbin_SRR11413619.035_sub	response	R	-0.0259839876402254	0.0213518734996844	453	5	0.224266601345625	0.722177940656011
metabat_ERR12405942.50	response	R	-0.00505920065286767	0.00448665697382522	453	1	0.2600841406807	0.722177940656011
metabat_ERR12405928.45	response	R	0.013718917628809	0.0143248403088753	453	3	0.338728929623033	0.722177940656011
metabat_SRR25825510.14_sub	response	R	0.00423877929002275	0.00448839493113678	453	1	0.345477990378702	0.722177940656011
semibin_SRR11413615.16	response	R	0.0117599055006327	0.00969837639824615	453	2	0.225932577560601	0.722177940656011
maxbin_SRR5930514.013_sub	response	R	0.101708096664993	0.0495289474362795	453	9	0.0406009119537606	0.722177940656011
maxbin_ERR6279647.003_sub	response	R	-0.00534759358287081	0.00448161842864496	453	1	0.233407327383204	0.722177940656011
metabat_ERR12405946.17	response	R	-0.00546298052754175	0.00448994435782885	453	1	0.224349965156462	0.722177940656011
metabat_SRR5930501.36	response	R	-0.0309181432270606	0.0310300043484674	453	8	0.319594860752231	0.722177940656011
metabat_ERR6232382.25	response	R	-0.0747061313589176	0.0410244313251086	453	5	0.0692685637882971	0.722177940656011
metabat_SRR5930514.54	response	R	0.0124706326010726	0.0115091900155176	453	2	0.279154901952752	0.722177940656011
semibin_ERR6236131.71	response	R	0.00375939849624093	0.00448519497725987	453	1	0.402373886688999	0.722177940656011
maxbin_SRR11413678.037	response	R	-0.0307372439251049	0.0205618042997193	453	5	0.135650487185591	0.722177940656011
metabat_SRR6000932.55	response	R	0.00479405356758101	0.00449217503175721	453	1	0.286452230146324	0.722177940656011
maxbin_SRR16554679.010	response	R	0.00375939849612083	0.00448519497725986	453	1	0.402373886704021	0.722177940656011
metabat_ERR6275682.31	response	R	-0.019330498217539	0.0125528921208091	453	2	0.124284483235	0.722177940656011
metabat_SRR11413648.66	response	R	0.00375939849625542	0.00448519497725986	453	1	0.402373886687188	0.722177940656011
semibin_ERR6279655.12	response	R	0.0156405346450751	0.0148514577760929	453	2	0.292844724346349	0.722177940656011
maxbin_SRR13068843.042_sub	response	R	0.0204208614956905	0.018137836730393	453	8	0.260824762615367	0.722177940656011
semibin_SRR5930516.46	response	R	0.0242222213667159	0.0245493943927353	453	2	0.324333542226972	0.722177940656011
metabat_SRR16554634.5	response	R	-0.021926802133487	0.0145763547765519	453	2	0.133211299243666	0.722177940656011
semibin_ERR6275659.4	response	R	-0.0200605539388007	0.0204602753300387	453	2	0.327383010739613	0.722177940656011
metabat_SRR11413610.48	response	R	0.0101230153334963	0.00889399617567739	453	2	0.255648151496798	0.722177940656011
maxbin_ERR6279657.038	response	R	0.00375939849611669	0.00448519497725986	453	1	0.402373886704539	0.722177940656011
metabat_ERR6230340.28	response	R	0.0446827496860361	0.0407540527868961	453	5	0.273489787977568	0.722177940656011
semibin_ERR6254869.21	response	R	0.00375939849619123	0.00448519497725986	453	1	0.402373886695216	0.722177940656011
maxbin_SRR16554627.030_sub	response	R	-0.0274282997938932	0.0192403504770271	453	5	0.154697818113215	0.722177940656011
metabat_SRR25825519.12_sub	response	R	-0.0513111089963926	0.0313900968137437	453	5	0.102824963240699	0.722177940656011
maxbin_ERR6281341.003	response	R	0.00375939849610633	0.00448519497725987	453	1	0.402373886705828	0.722177940656011
maxbin_SRR25825514.020	response	R	0.00423877928163359	0.0044883949312409	453	1	0.345477991343586	0.722177940656011
metabat_ERR6229432.61	response	R	-0.0270625144999393	0.0202848478897635	453	3	0.182839187388917	0.722177940656011
maxbin_SRR25825517.026	response	R	-0.00505920065258873	0.00448665697382548	453	1	0.260084140706979	0.722177940656011
maxbin_SRR13068846.017_sub	response	R	0.0619305662833736	0.0308665606491958	453	9	0.0454125821791706	0.722177940656011
metabat_ERR6281000.35	response	R	-0.0463548818710843	0.0500393298336547	453	18	0.354749889148131	0.722177940656011
maxbin_SRR5930517.009	response	R	-0.00546298052394765	0.00448994435768426	453	1	0.224349965445941	0.722177940656011
semibin_SRR16168940.58	response	R	-0.035161485627408	0.0218581793030884	453	2	0.108400021255485	0.722177940656011
semibin_ERR12405963.29	response	R	-0.00622339705909096	0.00448032848417839	453	1	0.165504090344336	0.722177940656011
semibin_ERR6275677.18	response	R	-0.00534759358271551	0.00448161842864496	453	1	0.233407327396771	0.722177940656011
metabat_SRR11413649.70	response	R	0.00375939849644592	0.00448519497725987	453	1	0.40237388666336	0.722177940656011
metabat_SRR6000909.37	response	R	-0.0293615402591398	0.0158420976538839	453	3	0.0644834649516725	0.722177940656011
semibin_ERR6254871.70_sub	response	R	0.00375939849606699	0.00448519497725987	453	1	0.402373886710754	0.722177940656011
semibin_ERR6275675.39_sub	response	R	0.0427847805442988	0.0317168279345748	453	5	0.178026215353169	0.722177940656011
metabat_ERR6232382.23	response	R	-0.0303509420222434	0.0214046921254486	453	2	0.156893749420336	0.722177940656011
metabat_ERR6239139.1	response	R	0.051698430279959	0.0416408949850598	453	6	0.21505685480411	0.722177940656011
maxbin_SRR6000891.002	response	R	-0.00468179491232628	0.00449070783957095	453	1	0.297716042355203	0.722177940656011
metabat_ERR6281518.75	response	R	0.0484218849789324	0.0542969431152647	453	10	0.372977205446581	0.722177940656011
semibin_ERR6281997.9	response	R	0.0246597432119716	0.0270316421649279	453	3	0.362122011818241	0.722177940656011
semibin_ERR6279624.74	response	R	0.00375939849618088	0.00448519497725986	453	1	0.40237388669651	0.722177940656011
metabat_SRR11413617.26_sub	response	R	0.00971741925663215	0.00839071533346787	453	2	0.247429729471294	0.722177940656011
semibin_SRR5930536.22	response	R	0.0722640886770453	0.0386584537077254	453	6	0.0622295546784136	0.722177940656011
maxbin_ERR6232525.008_sub	response	R	-0.00534759358269894	0.00448161842864496	453	1	0.233407327398211	0.722177940656011
metabat_ERR6281518.71	response	R	-0.0152732630002311	0.0165060193756685	453	2	0.35529924140387	0.722177940656011
metabat_SRR16554638.16_sub	response	R	0.0230566645105163	0.0234390366615762	453	2	0.325797076258896	0.722177940656011
semibin_SRR25825501.10	response	R	0.0209873636292101	0.0193689175132214	453	2	0.279139351161892	0.722177940656011
maxbin_SRR5930503.016	response	R	0.00377281981537127	0.00449353392380475	453	1	0.401572122031061	0.722177940656011
semibin_ERR6275663.97	response	R	0.0281852156024313	0.029467917726462	453	2	0.339346623453535	0.722177940656011
semibin_SRR11413657.92	response	R	0.00375939849639623	0.00448519497725987	453	1	0.402373886669573	0.722177940656011
metabat_SRR23364199.53_sub	response	R	-0.0282471257678962	0.0195036073199602	453	3	0.148227274944274	0.722177940656011
semibin_ERR12405957.24	response	R	0.0258750091817949	0.026677402960211	453	3	0.332605070006141	0.722177940656011
semibin_ERR12405997.23	response	R	0.00377281981516407	0.00449353392387414	453	1	0.401572122064161	0.722177940656011
semibin_SRR11413689.52	response	R	0.00375939849625128	0.00448519497725986	453	1	0.402373886687704	0.722177940656011
metabat_ERR12405965.8	response	R	0.0320138244778306	0.0247362065073429	453	3	0.196255495735695	0.722177940656011
metabat_SRR16554660.26	response	R	0.0228285012278927	0.0233935994945595	453	2	0.329668190096376	0.722177940656011
semibin_SRR11413689.16	response	R	-0.00534759358287702	0.00448161842864495	453	1	0.233407327382675	0.722177940656011
semibin_ERR6279657.67	response	R	0.0194598524846246	0.0137068257432899	453	3	0.156388294675459	0.722177940656011
semibin_ERR6279628.5	response	R	-0.0605405341225252	0.0667416836152509	453	13	0.364845023218423	0.722177940656011
maxbin_ERR6233695.013	response	R	-0.00534759358307995	0.00448161842864497	453	1	0.233407327364959	0.722177940656011
maxbin_SRR5930518.004	response	R	-0.00546298052776573	0.00448994435782732	453	1	0.224349965137313	0.722177940656011
metabat_ERR6271719.16	response	R	0.00375939849605249	0.00448519497725987	453	1	0.402373886712564	0.722177940656011
maxbin_ERR6281518.024_sub	response	R	0.00375939849606906	0.00448519497725986	453	1	0.402373886710494	0.722177940656011
metabat_SRR25825498.33	response	R	0.0302294778909571	0.022719324885621	453	3	0.184005414026289	0.722177940656011
metabat_SRR23364187.36	response	R	0.0143413679120264	0.0100326203356182	453	3	0.153560406045751	0.722177940656011
metabat_SRR6000894.40	response	R	-0.0287123637420096	0.0220124489457166	453	2	0.192778444086822	0.722177940656011
metabat_SRR5930528.76_sub	response	R	-0.0398385862910771	0.0273705036342713	453	6	0.146218326987047	0.722177940656011
semibin_SRR16168952.25	response	R	0.0106197882922162	0.0104796336527748	453	2	0.311425845089131	0.722177940656011
metabat_ERR6279662.37_sub	response	R	0.00375939849604835	0.00448519497725987	453	1	0.402373886713085	0.722177940656011
maxbin_ERR6271721.019	response	R	-0.00534759358288324	0.00448161842864496	453	1	0.233407327382131	0.722177940656011
semibin_SRR25825506.42	response	R	0.004238779290373	0.00448839493113048	453	1	0.345477990338204	0.722177940656011
semibin_ERR6279678.45	response	R	-0.0434305586882663	0.0280482342775622	453	4	0.122223854063674	0.722177940656011
semibin_SRR25825500.86	response	R	-0.00505920065270512	0.00448665697382532	453	1	0.260084140696001	0.722177940656011
semibin_SRR25825500.114	response	R	-0.00505920065291757	0.00448665697382554	453	1	0.260084140676035	0.722177940656011
semibin_SRR25825510.189	response	R	0.00423877928723763	0.00448839493117398	453	1	0.345477990699314	0.722177940656011
metabat_ERR6232525.13	response	R	-0.0279006543358643	0.0254726254058583	453	7	0.273962074840378	0.722177940656011
metabat_ERR6232382.11	response	R	-0.00534759358290187	0.00448161842864496	453	1	0.233407327380505	0.722177940656011
maxbin_ERR12406009.012	response	R	0.00375939849629269	0.00448519497725988	453	1	0.402373886682525	0.722177940656011
metabat_ERR6279628.58	response	R	-0.00534759358288324	0.00448161842864496	453	1	0.233407327382126	0.722177940656011
metabat_SRR25825511.66_sub	response	R	-0.00505920065256856	0.0044866569738258	453	1	0.260084140708889	0.722177940656011
semibin_ERR12405912.18	response	R	0.00375939849623057	0.00448519497725988	453	1	0.402373886690295	0.722177940656011
maxbin_ERR6235716.012	response	R	-0.00534759358302197	0.00448161842864497	453	1	0.233407327370013	0.722177940656011
semibin_ERR6281997.61	response	R	0.0212461960058093	0.0212850976319453	453	2	0.318734254893166	0.722177940656011
maxbin_SRR5930505.021_sub	response	R	0.02828423584789	0.0249650686358991	453	5	0.257837666301774	0.722177940656011
semibin_SRR16168940.30	response	R	-0.00622339706060202	0.00448032848415831	453	1	0.165504090239937	0.722177940656011
semibin_SRR5930522.26	response	R	-0.00546298052636822	0.00448994435777512	453	1	0.224349965250298	0.722177940656011
metabat_ERR6279622.65	response	R	0.00375939849622643	0.00448519497725987	453	1	0.402373886690813	0.722177940656011
maxbin_SRR25825504.004_sub	response	R	0.00423877928906857	0.00448839493114624	453	1	0.345477990488187	0.722177940656011
semibin_SRR11413610.61	response	R	-0.0629753757759777	0.0333450388138333	453	10	0.0595875014814949	0.722177940656011
semibin_SRR16554649.29	response	R	0.00375939849609391	0.00448519497725987	453	1	0.402373886707388	0.722177940656011
metabat_SRR6000921.30	response	R	-0.00468179491316271	0.00449070783956044	453	1	0.297716042267894	0.722177940656011
metabat_SRR16554650.19	response	R	-0.00534759358294329	0.00448161842864496	453	1	0.233407327376876	0.722177940656011
semibin_SRR11413649.107	response	R	-0.00546298052383334	0.00448994435768426	453	1	0.224349965455606	0.722177940656011
semibin_SRR5930507.107	response	R	-0.0396863737683332	0.0299780303042259	453	8	0.186224842551707	0.722177940656011
metabat_SRR5930522.5	response	R	-0.0324719902695679	0.0354285549450145	453	7	0.359870205372642	0.722177940656011
metabat_ERR6279681.9	response	R	0.003759398496243	0.00448519497725986	453	1	0.402373886688741	0.722177940656011
maxbin_ERR12405998.015	response	R	-0.0114292091628239	0.00676878178214346	453	2	0.0920031097334858	0.722177940656011
maxbin_SRR16554643.017	response	R	0.0037593984961933	0.00448519497725987	453	1	0.402373886694954	0.722177940656011
maxbin_ERR12405997.011	response	R	0.0148503923084167	0.0173992889487061	453	3	0.393839726122722	0.722177940656011
metabat_ERR6232688.27_sub	response	R	0.0184042873176801	0.0180223566945094	453	2	0.307710918415012	0.722177940656011
metabat_SRR23364231.5_sub	response	R	-0.0145724310763078	0.0118904973799196	453	3	0.221008735360597	0.722177940656011
semibin_SRR5930495.69	response	R	0.077726182641396	0.0408338894428848	453	6	0.0576152640223378	0.722177940656011
maxbin_SRR16554769.019	response	R	0.00375939849618088	0.00448519497725987	453	1	0.40237388669651	0.722177940656011
semibin_ERR6279664.18_sub	response	R	0.0519041277522966	0.0239133781801445	453	7	0.0304899555457461	0.722177940656011
semibin_ERR6273965.108	response	R	-0.00534759358288738	0.00448161842864496	453	1	0.233407327381769	0.722177940656011
metabat_ERR6279622.55	response	R	0.00375939849623886	0.00448519497725987	453	1	0.402373886689259	0.722177940656011
metabat_ERR6281504.33	response	R	-0.0163201655032304	0.0174154037427455	453	2	0.349203032768678	0.722177940656011
semibin_ERR12405984.16	response	R	-0.00534759358295157	0.00448161842864496	453	1	0.233407327376153	0.722177940656011
semibin_SRR16554769.30_sub	response	R	0.00375939849625542	0.00448519497725986	453	1	0.402373886687184	0.722177940656011
metabat_ERR12406000.18	response	R	-0.0262500175193377	0.018512884300898	453	3	0.156903598584776	0.722177940656011
semibin_ERR6275671.43	response	R	-0.00534759358288531	0.00448161842864496	453	1	0.233407327381944	0.722177940656011
semibin_ERR6279620.0	response	R	-0.00534759358269273	0.00448161842864496	453	1	0.233407327398758	0.722177940656011
metabat_ERR6279626.45_sub	response	R	-0.0314548917557122	0.0298506651143081	453	2	0.292565374896654	0.722177940656011
metabat_ERR12405955.3	response	R	0.00375939849632168	0.00448519497725986	453	1	0.402373886678895	0.722177940656011
maxbin_SRR16554652.018	response	R	0.0183266234823516	0.0135202001747283	453	3	0.175940269451416	0.722177940656011
maxbin_ERR6282383.014	response	R	-0.0404435415691792	0.022801969197217	453	5	0.0767897598777269	0.722177940656011
metabat_ERR6280907.57	response	R	-0.0441134008186805	0.0470721918472128	453	11	0.349189461430102	0.722177940656011
semibin_SRR25825514.45	response	R	0.00423877929130559	0.00448839493111883	453	1	0.345477990230934	0.722177940656011
metabat_SRR16554636.13	response	R	-0.00534759358310894	0.00448161842864495	453	1	0.233407327362434	0.722177940656011
semibin_ERR6233692.51_sub	response	R	0.00375939849623057	0.00448519497725986	453	1	0.40237388669029	0.722177940656011
semibin_SRR5930519.9	response	R	-0.0282092433493267	0.0268795813703118	453	2	0.294526410176399	0.722177940656011
semibin_ERR6281941.55	response	R	-0.00534759358288738	0.00448161842864496	453	1	0.233407327381764	0.722177940656011
metabat_ERR6279671.9	response	R	0.0223636464917294	0.0226104494777196	453	2	0.323155355218812	0.722177940656011
semibin_SRR5930494.35	response	R	0.0251013647327547	0.0190187238601801	453	3	0.18756847324671	0.722177940656011
semibin_ERR6279663.35	response	R	0.016637737865614	0.015878039425855	453	2	0.295273951190638	0.722177940656011
metabat_ERR6279672.31	response	R	-0.0126493084825043	0.0144899092862717	453	2	0.383144854087406	0.722177940656011
maxbin_SRR25825520.016	response	R	0.00423877928905727	0.00448839493114695	453	1	0.345477990489555	0.722177940656011
maxbin_SRR11413608.008	response	R	0.00375939849627613	0.00448519497725986	453	1	0.402373886684597	0.722177940656011
semibin_SRR5930495.36	response	R	0.00377281981538176	0.00449353392378358	453	1	0.401572122027578	0.722177940656011
semibin_ERR6281341.88	response	R	0.00375939849642729	0.00448519497725987	453	1	0.402373886665686	0.722177940656011
semibin_ERR6279682.58	response	R	-0.00534759358272793	0.00448161842864497	453	1	0.233407327395674	0.722177940656011
metabat_ERR6275670.41	response	R	0.0203171172144676	0.023631982745826	453	3	0.390394818556599	0.722177940656011
semibin_ERR12405965.36	response	R	0.00375939849628441	0.00448519497725987	453	1	0.402373886683556	0.722177940656011
metabat_ERR6275661.6	response	R	-0.0053475935828294	0.00448161842864497	453	1	0.23340732738683	0.722177940656011
metabat_SRR16554650.17	response	R	-0.0106467386781567	0.0123985990160626	453	2	0.390961381821039	0.722177940656011
metabat_ERR12405920.23	response	R	0.0155036200706399	0.0145696842975993	453	2	0.287855263303727	0.722177940656011
metabat_SRR16554660.15	response	R	0.0037593984960877	0.00448519497725986	453	1	0.402373886708162	0.722177940656011
semibin_ERR6281518.139	response	R	0.00375939849603593	0.00448519497725987	453	1	0.402373886714639	0.722177940656011
metabat_SRR6000905.63	response	R	-0.0290748051479782	0.0280674027262376	453	7	0.300813581004859	0.722177940656011
maxbin_ERR12405998.009	response	R	0.00375939849644592	0.00448519497725987	453	1	0.402373886663355	0.722177940656011
semibin_SRR11413681.26	response	R	0.00423877929185808	0.0044883949311155	453	1	0.345477990167768	0.722177940656011
semibin_SRR11413613.4	response	R	-0.00534759358279834	0.00448161842864497	453	1	0.233407327389543	0.722177940656011
metabat_SRR16554649.1	response	R	0.0183511561803176	0.0179609692395862	453	2	0.307459211164238	0.722177940656011
semibin_SRR5930513.14	response	R	0.00377281981555559	0.00449353392379959	453	1	0.401572122007552	0.722177940656011
semibin_SRR16168900.29	response	R	-0.054105661158359	0.0273165406543851	453	4	0.0482332837340477	0.722177940656011
metabat_SRR16554669.9	response	R	-0.00534759358283147	0.00448161842864497	453	1	0.233407327386639	0.722177940656011
semibin_SRR16554634.50_sub	response	R	-0.00534759358274036	0.00448161842864495	453	1	0.233407327394602	0.722177940656011
metabat_ERR6230340.24	response	R	0.00375939849609391	0.00448519497725988	453	1	0.402373886707388	0.722177940656011
semibin_SRR11413683.37	response	R	-0.00546298052409541	0.00448994435770193	453	1	0.224349965435271	0.722177940656011
semibin_ERR6275683.94	response	R	-0.0146240506419455	0.00899941205029526	453	2	0.104864798560904	0.722177940656011
semibin_ERR6281658.34	response	R	-0.0169090979971564	0.0178927683238005	453	2	0.345152555996823	0.722177940656011
semibin_ERR6279666.16	response	R	-0.0801065074338451	0.0626033735859135	453	14	0.201348622519914	0.722177940656011
maxbin_ERR6275663.003	response	R	0.00375939849640037	0.00448519497725987	453	1	0.402373886669055	0.722177940656011
metabat_ERR6236131.12_sub	response	R	0.00375939849625335	0.00448519497725986	453	1	0.402373886687443	0.722177940656011
metabat_SRR11413645.9	response	R	0.00375939849608562	0.00448519497725985	453	1	0.402373886708419	0.722177940656011
maxbin_ERR6279627.021_sub	response	R	-0.0190876546755068	0.0144309454600982	453	3	0.18661138277908	0.722177940656011
metabat_SRR16168976.37	response	R	-0.00622339706064981	0.00448032848416137	453	1	0.165504090237001	0.722177940656011
maxbin_SRR11413610.020	response	R	0.00375939849608977	0.00448519497725985	453	1	0.402373886707902	0.722177940656011
metabat_ERR6279626.64	response	R	-0.00534759358307995	0.00448161842864496	453	1	0.233407327364963	0.722177940656011
maxbin_SRR16168985.013	response	R	0.0257778214690933	0.019204149891839	453	3	0.180172497048241	0.722177940656011
semibin_SRR25825510.110	response	R	0.00423877929304801	0.00448839493109654	453	1	0.345477990030454	0.722177940656011
metabat_ERR6279648.10	response	R	0.00375939849618502	0.00448519497725987	453	1	0.402373886695987	0.722177940656011
maxbin_SRR16168918.052_sub	response	R	-0.0235603959143495	0.0276520923330906	453	9	0.394651555599517	0.722177940656011
maxbin_SRR13068851.002	response	R	-0.024055404800694	0.016139494886404	453	2	0.136803136833883	0.722177940656011
maxbin_SRR16554633.015_sub	response	R	0.0180800300612846	0.0132506467555053	453	3	0.173105358534688	0.722177940656011
metabat_ERR6275671.21	response	R	-0.0199978723114599	0.0204090251827703	453	2	0.327683332905619	0.722177940656011
metabat_ERR6279653.8	response	R	-0.0196633772799885	0.015665648285958	453	3	0.210059494468667	0.722177940656011
metabat_SRR20881981.63	response	R	0.00375939849608977	0.00448519497725986	453	1	0.402373886707906	0.722177940656011
semibin_ERR6279667.6_sub	response	R	0.00375939849607734	0.00448519497725987	453	1	0.402373886709455	0.722177940656011
semibin_SRR23364222.14_sub	response	R	0.0423593183699667	0.0303364617021542	453	6	0.163305892345125	0.722177940656011
metabat_SRR16168913.14	response	R	-0.0209066894444516	0.0137653558222813	453	2	0.129515956440119	0.722177940656011
metabat_SRR11413649.13	response	R	-0.0117075324711317	0.0137163071913087	453	2	0.393808345849479	0.722177940656011
semibin_SRR11413656.24	response	R	0.00423877928742308	0.00448839493116974	453	1	0.345477990677788	0.722177940656011
metabat_ERR6279622.42	response	R	0.00375939849607941	0.00448519497725986	453	1	0.402373886709199	0.722177940656011
semibin_ERR6279680.44	response	R	0.00375939849630098	0.00448519497725986	453	1	0.402373886681485	0.722177940656011
metabat_ERR6279627.24	response	R	-0.005347593582935	0.00448161842864497	453	1	0.233407327377612	0.722177940656011
semibin_ERR6279672.85_sub	response	R	-0.00534759358273208	0.00448161842864497	453	1	0.233407327395324	0.722177940656011
metabat_ERR6232525.2	response	R	-0.00534759358309445	0.00448161842864496	453	1	0.233407327363698	0.722177940656011
semibin_ERR6275682.18	response	R	-0.00534759358282733	0.00448161842864496	453	1	0.23340732738701	0.722177940656011
metabat_ERR6281000.16	response	R	-0.0148450485913872	0.00915996834735096	453	2	0.10579673634684	0.722177940656011
metabat_ERR6281499.18_sub	response	R	0.0166278070431463	0.0158665317929614	453	2	0.295212238130169	0.722177940656011
metabat_ERR6275652.54	response	R	0.0124411524724879	0.011119551308151	453	2	0.263800995504482	0.722177940656011
maxbin_SRR23364176.009	response	R	-0.00546298052652527	0.00448994435777472	453	1	0.224349965236991	0.722177940656011
metabat_ERR6230340.13	response	R	0.0363086677094498	0.0243102091967677	453	4	0.135992747510064	0.722177940656011
semibin_SRR16554652.51	response	R	0.00375939849619744	0.00448519497725987	453	1	0.402373886694436	0.722177940656011
metabat_SRR11413683.27	response	R	0.0183421106726167	0.0180726532006165	453	2	0.310693150114634	0.722177940656011
semibin_ERR6281504.76	response	R	-0.0109080545534506	0.00648632137276257	453	2	0.0933225370432674	0.722177940656011
semibin_ERR6279673.45	response	R	-0.00534759358287288	0.00448161842864497	453	1	0.233407327383023	0.722177940656011
semibin_ERR6275674.36_sub	response	R	0.035797848369571	0.0266288505628254	453	5	0.179518867531503	0.722177940656011
semibin_SRR5930498.76	response	R	0.0511974074476578	0.0477227383308869	453	9	0.28393086768705	0.722177940656011
maxbin_ERR6279664.002_sub	response	R	0.00375939849629476	0.00448519497725987	453	1	0.402373886682261	0.722177940656011
metabat_SRR6000931.60_sub	response	R	0.0233739033503294	0.0238034120525025	453	5	0.326648355136698	0.722177940656011
semibin_SRR16168976.65	response	R	-0.0220166833280623	0.0130590916342248	453	2	0.0925015668082934	0.722177940656011
metabat_SRR11413657.66_sub	response	R	-0.011313377341285	0.0129154532982827	453	2	0.381521889922472	0.722177940656011
maxbin_SRR23364193.009	response	R	0.0213503952737233	0.0194594907451365	453	5	0.273152212011894	0.722177940656011
metabat_SRR23364194.60_sub	response	R	-0.0418095239653576	0.0259574060785911	453	8	0.107949325187515	0.722177940656011
semibin_SRR16554777.34	response	R	0.00375939849628855	0.00448519497725985	453	1	0.402373886683041	0.722177940656011
maxbin_SRR5930493.014	response	R	-0.0239943270814947	0.0276693926735404	453	4	0.386304930799809	0.722177940656011
metabat_ERR6279677.29_sub	response	R	0.0570168834386196	0.0319810482516012	453	13	0.0752859352330994	0.722177940656011
semibin_SRR5930510.39	response	R	-0.0734468187604653	0.0306205399882401	453	5	0.0168641846555746	0.722177940656011
metabat_ERR6275667.22	response	R	0.00375939849607113	0.00448519497725988	453	1	0.402373886710235	0.722177940656011
semibin_SRR20881978.50	response	R	0.00423877928518825	0.00448839493119711	453	1	0.345477990934776	0.722177940656011
semibin_SRR25825501.41	response	R	0.0378366541961886	0.0352639997971669	453	5	0.283868109383471	0.722177940656011
metabat_SRR25825498.30	response	R	0.00423877928728911	0.00448839493117358	453	1	0.345477990693423	0.722177940656011
maxbin_SRR5930520.048_sub	response	R	0.0342318940124667	0.0394042190506756	453	8	0.385453929790799	0.722177940656011
metabat_ERR6279678.25	response	R	-0.00534759358304889	0.00448161842864496	453	1	0.233407327367674	0.722177940656011
metabat_SRR16554659.15	response	R	-0.0053475935826741	0.00448161842864497	453	1	0.233407327400385	0.722177940656011
semibin_SRR16168930.105	response	R	0.0172590117170648	0.0189928392218581	453	2	0.363987781612782	0.722177940656011
maxbin_ERR12405967.002_sub	response	R	0.00375939849625128	0.00448519497725987	453	1	0.402373886687703	0.722177940656011
semibin_ERR6275675.42	response	R	0.0141958440385415	0.0130785347155495	453	2	0.278313762750548	0.722177940656011
semibin_ERR6275666.53	response	R	-0.00534759358272587	0.00448161842864496	453	1	0.233407327395867	0.722177940656011
metabat_ERR6243877.9	response	R	-0.0290673358777856	0.0207431874304041	453	3	0.161816225256535	0.722177940656011
semibin_SRR6000946.37	response	R	0.00479405356651152	0.0044921750317529	453	1	0.286452230253224	0.722177940656011
semibin_SRR23364189.47	response	R	-0.00534759358293293	0.00448161842864496	453	1	0.233407327377795	0.722177940656011
metabat_ERR6254870.9	response	R	-0.00534759358294121	0.00448161842864497	453	1	0.23340732737707	0.722177940656011
semibin_SRR11413646.13	response	R	-0.00534759358273622	0.00448161842864496	453	1	0.233407327394963	0.722177940656011
maxbin_SRR11413681.026	response	R	0.00377281981544733	0.00449353392379941	453	1	0.401572122021023	0.722177940656011
semibin_SRR5930505.151	response	R	0.0125730814582799	0.0112497980915807	453	2	0.264327909902705	0.722177940656011
metabat_SRR5930528.90	response	R	-0.022285719199427	0.0161290511262472	453	3	0.167743894498848	0.722177940656011
metabat_ERR12405943.50_sub	response	R	0.00958824831297842	0.00772647020106196	453	2	0.21526539017179	0.722177940656011
semibin_SRR5930521.95	response	R	-0.00546298052652225	0.00448994435777427	453	1	0.224349965237177	0.722177940656011
semibin_SRR25825502.26	response	R	-0.00505920065276332	0.0044866569738253	453	1	0.260084140690525	0.722177940656011
maxbin_SRR13068844.013_sub	response	R	-0.0217368886149986	0.0171352767796397	453	3	0.205265204288818	0.722177940656011
maxbin_ERR6279672.016	response	R	-0.00534759358284182	0.00448161842864496	453	1	0.233407327385735	0.722177940656011
semibin_ERR6279618.34	response	R	0.00375939849606699	0.00448519497725987	453	1	0.402373886710754	0.722177940656011
metabat_SRR25825512.34	response	R	0.0246947033435863	0.0225242601360146	453	2	0.273506262399627	0.722177940656011
semibin_ERR6279655.27	response	R	0.0404481347564294	0.022720764140979	453	5	0.075714241875443	0.722177940656011
maxbin_SRR11413611.022	response	R	0.00375939849623886	0.00448519497725985	453	1	0.402373886689255	0.722177940656011
metabat_SRR25825504.2	response	R	0.00423877929180281	0.00448839493111242	453	1	0.345477990173718	0.722177940656011
maxbin_SRR13022303.020_sub	response	R	0.0286696174810645	0.0210471225494355	453	3	0.173830001239608	0.722177940656011
metabat_SRR16554744.1	response	R	0.00375939849619537	0.00448519497725987	453	1	0.402373886694693	0.722177940656011
maxbin_ERR6281504.023_sub	response	R	-0.0155940207161677	0.00971009739608356	453	2	0.108986676742986	0.722177940656011
metabat_ERR6231616.20_sub	response	R	0.003759398496243	0.00448519497725987	453	1	0.402373886688742	0.722177940656011
semibin_SRR5930519.68	response	R	-0.00546298052362168	0.00448994435767057	453	1	0.224349965472134	0.722177940656011
metabat_SRR13068821.3	response	R	0.0167755531537738	0.0161475559102217	453	2	0.299411999665942	0.722177940656011
metabat_ERR6275667.5	response	R	0.00375939849641694	0.00448519497725986	453	1	0.402373886666981	0.722177940656011
metabat_ERR6281751.13_sub	response	R	-0.046832873520801	0.0306698333784013	453	3	0.127464582781081	0.722177940656011
metabat_ERR12405953.12	response	R	-0.016786496658468	0.0142221048578733	453	3	0.238501375485093	0.722177940656011
semibin_ERR6254871.3	response	R	0.00375939849628855	0.00448519497725986	453	1	0.40237388668304	0.722177940656011
semibin_SRR5930493.200	response	R	-0.00546298052352771	0.00448994435766628	453	1	0.224349965479664	0.722177940656011
semibin_ERR6275675.80	response	R	0.003759398496243	0.00448519497725987	453	1	0.402373886688739	0.722177940656011
maxbin_SRR6000891.017	response	R	-0.00468179491252588	0.00449070783956709	453	1	0.297716042334262	0.722177940656011
metabat_ERR6275661.57	response	R	-0.00534759358292672	0.00448161842864496	453	1	0.233407327378325	0.722177940656011
semibin_SRR25825494.0	response	R	-0.0050592006526086	0.00448665697382455	453	1	0.260084140704995	0.722177940656011
semibin_SRR5930516.224	response	R	0.00377281981484909	0.0044935339238766	453	1	0.401572122103704	0.722177940656011
metabat_ERR6254871.53_sub	response	R	0.00375939849601729	0.00448519497725987	453	1	0.402373886716966	0.722177940656011
semibin_ERR6275661.3	response	R	-0.0324906015242372	0.0323130026308244	453	6	0.31519884739702	0.722177940656011
metabat_ERR6279657.59	response	R	0.00375939849645007	0.00448519497725986	453	1	0.402373886662841	0.722177940656011
metabat_SRR23364232.30	response	R	0.00942198849835545	0.00795172079654431	453	2	0.236684021707227	0.722177940656011
metabat_ERR6264280.8	response	R	0.00375939849602972	0.00448519497725986	453	1	0.402373886715414	0.722177940656011
semibin_SRR5930514.24	response	R	0.00377281981524096	0.00449353392382063	453	1	0.401572122048972	0.722177940656011
semibin_SRR16554788.35	response	R	-0.00534759358290601	0.00448161842864497	453	1	0.233407327380139	0.722177940656011
semibin_SRR23364223.17	response	R	0.00375939849619744	0.00448519497725988	453	1	0.402373886694438	0.722177940656011
semibin_SRR6000892.68	response	R	-0.00468179491168458	0.00449070783957527	453	1	0.297716042421914	0.722177940656011
semibin_SRR5930515.84	response	R	-0.0117427305683261	0.00688920320532582	453	2	0.0889824458479199	0.722177940656011
maxbin_ERR6279670.003	response	R	-0.0188987216119686	0.0195114379853802	453	2	0.333265404123297	0.722177940656011
maxbin_SRR16168896.007	response	R	-0.00622339706029665	0.00448032848416599	453	1	0.165504090261388	0.722177940656011
metabat_ERR6279662.34	response	R	0.00375939849642522	0.00448519497725986	453	1	0.40237388666595	0.722177940656011
semibin_SRR16554686.7	response	R	-0.0608653645996227	0.0316396285160311	453	4	0.0550214699722328	0.722177940656011
maxbin_ERR6279661.005_sub	response	R	0.00375939849624093	0.00448519497725988	453	1	0.402373886688997	0.722177940656011
metabat_ERR6279662.35	response	R	0.00375939849601522	0.00448519497725986	453	1	0.402373886717229	0.722177940656011
metabat_ERR6281432.10	response	R	-0.0208447313158532	0.010309119986291	453	3	0.0437693597343414	0.722177940656011
metabat_SRR25825515.25_sub	response	R	-0.00505920065260375	0.0044866569738241	453	1	0.260084140705413	0.722177940656011
maxbin_SRR5930493.007_sub	response	R	-0.00546298052344015	0.00448994435767058	453	1	0.224349965487527	0.722177940656011
semibin_ERR6281434.69	response	R	-0.0215198742736238	0.0142666398812182	453	2	0.132155481806242	0.722177940656011
metabat_SRR11413619.62	response	R	0.00377281981525561	0.00449353392379931	453	1	0.401572122044928	0.722177940656011
metabat_ERR6281500.37	response	R	-0.00534759358293086	0.00448161842864497	453	1	0.233407327377973	0.722177940656011
maxbin_SRR5930536.008	response	R	0.00377281981543629	0.00449353392378898	453	1	0.401572122021291	0.722177940656011
metabat_SRR13068842.58_sub	response	R	0.0303503182886448	0.0231873578167131	453	6	0.191231008540346	0.722177940656011
metabat_SRR25825520.1	response	R	0.0118287856510668	0.0102645793607197	453	2	0.249772749443056	0.722177940656011
metabat_ERR6279667.38	response	R	0.0179284222283452	0.0173800524455263	453	2	0.302838188934409	0.722177940656011
metabat_ERR6239139.52	response	R	0.00375939849641279	0.00448519497725987	453	1	0.402373886667503	0.722177940656011
metabat_SRR23364171.10	response	R	0.00375939849616431	0.00448519497725986	453	1	0.402373886698581	0.722177940656011
semibin_SRR5930529.84	response	R	-0.0152248780641549	0.0124641200248069	453	3	0.22254125010291	0.722177940656011
semibin_ERR6279669.6_sub	response	R	0.0037593984960732	0.00448519497725988	453	1	0.402373886709976	0.722177940656011
metabat_ERR6275663.65	response	R	0.00375939849646249	0.00448519497725988	453	1	0.402373886661289	0.722177940656011
maxbin_SRR6000869.021_sub	response	R	-0.00468179491234255	0.00449070783957076	453	1	0.29771604235358	0.722177940656011
metabat_SRR5930514.57	response	R	0.0258960093689501	0.0270525760233015	453	2	0.338956073005398	0.722177940656011
semibin_ERR6279618.55	response	R	0.04966143882699	0.0297298965539065	453	7	0.0955326411365073	0.722177940656011
semibin_SRR5930494.150	response	R	0.0251790990806994	0.0260471185999832	453	2	0.334224596824364	0.722177940656011
metabat_SRR20881981.42_sub	response	R	-0.00534759358285218	0.00448161842864496	453	1	0.233407327384843	0.722177940656011
metabat_SRR25825516.24	response	R	-0.0050592006528198	0.00448665697382669	453	1	0.260084140685344	0.722177940656011
semibin_ERR6275665.2_sub	response	R	0.003759398496243	0.00448519497725986	453	1	0.402373886688738	0.722177940656011
semibin_SRR25825505.24	response	R	0.0042387792909912	0.004488394931124	453	1	0.345477990267227	0.722177940656011
maxbin_ERR6279663.020_sub	response	R	0.00375939849641279	0.00448519497725986	453	1	0.402373886667504	0.722177940656011
semibin_ERR6279682.55	response	R	-0.00534759358292672	0.00448161842864496	453	1	0.233407327378336	0.722177940656011
maxbin_ERR6281000.031_sub	response	R	-0.0204432517614363	0.0134207576199356	453	2	0.128399851280524	0.722177940656011
semibin_SRR13022285.12	response	R	-0.0223211426510083	0.0243834218019417	453	7	0.36045915510282	0.722177940656011
metabat_SRR16554766.44	response	R	0.00375939849623885	0.00448519497725986	453	1	0.402373886689257	0.722177940656011
metabat_SRR11413652.38	response	R	0.00375939849605249	0.00448519497725987	453	1	0.402373886712566	0.722177940656011
semibin_SRR25825508.10	response	R	-0.00505920065294543	0.00448665697382562	453	1	0.260084140673427	0.722177940656011
metabat_ERR6236131.56_sub	response	R	0.00375939849603179	0.00448519497725986	453	1	0.402373886715156	0.722177940656011
semibin_SRR23364230.9	response	R	0.00423877929210811	0.0044883949311111	453	1	0.34547799013887	0.722177940656011
semibin_ERR6279657.142	response	R	0.00375939849625542	0.00448519497725987	453	1	0.402373886687186	0.722177940656011
maxbin_ERR6243880.020_sub	response	R	0.00375939849641694	0.00448519497725987	453	1	0.402373886666983	0.722177940656011
metabat_SRR25825514.49_sub	response	R	0.0042387792890138	0.00448839493115211	453	1	0.345477990495039	0.722177940656011
metabat_ERR6275663.31	response	R	0.0037593984960732	0.00448519497725988	453	1	0.402373886709972	0.722177940656011
semibin_ERR6231616.29	response	R	0.00375939849629269	0.00448519497725987	453	1	0.402373886682522	0.722177940656011
metabat_SRR11413618.19	response	R	0.00375939849598623	0.00448519497725987	453	1	0.40237388672085	0.722177940656011
maxbin_SRR13068830.012_sub	response	R	0.00375939849625542	0.00448519497725987	453	1	0.402373886687188	0.722177940656011
metabat_ERR6275682.30_sub	response	R	-0.0053475935830551	0.00448161842864497	453	1	0.23340732736712	0.722177940656011
metabat_ERR6279655.6	response	R	0.00375939849622643	0.00448519497725988	453	1	0.402373886690811	0.722177940656011
semibin_SRR5930527.26	response	R	0.00377281981556549	0.00449353392377849	453	1	0.401572122004104	0.722177940656011
metabat_ERR6233692.20	response	R	0.00375939849623057	0.00448519497725987	453	1	0.402373886690294	0.722177940656011
maxbin_SRR5930503.012_sub	response	R	0.00377281981555236	0.00449353392377827	453	1	0.401572122005744	0.722177940656011
maxbin_ERR6254871.011	response	R	0.00375939849646249	0.00448519497725987	453	1	0.402373886661284	0.722177940656011
semibin_SRR5930503.7	response	R	-0.0122689320646702	0.0141617659749854	453	2	0.386763313447324	0.722177940656011
semibin_SRR6000942.8	response	R	-0.00468179491186079	0.00449070783957431	453	1	0.297716042403638	0.722177940656011
metabat_ERR6279676.51	response	R	0.00933444416300842	0.00786607971432445	453	2	0.235985113493727	0.722177940656011
metabat_ERR6279619.12	response	R	0.00375939849618916	0.00448519497725986	453	1	0.402373886695473	0.722177940656011
semibin_ERR6232382.10_sub	response	R	-0.00534759358270723	0.00448161842864497	453	1	0.233407327397495	0.722177940656011
metabat_ERR6280907.72	response	R	0.00375939849603179	0.00448519497725987	453	1	0.402373886715157	0.722177940656011
semibin_ERR6281433.33	response	R	0.00375939849628441	0.00448519497725987	453	1	0.40237388668356	0.722177940656011
semibin_ERR6279644.93	response	R	0.00375939849625542	0.00448519497725988	453	1	0.402373886687187	0.722177940656011
metabat_ERR6281434.25	response	R	-0.0136164657608257	0.00827946275265788	453	2	0.1007512862106	0.722177940656011
metabat_SRR5930534.18	response	R	0.00377281981530365	0.00449353392378906	453	1	0.401572122037862	0.722177940656011
semibin_ERR6275666.14	response	R	-0.00534759358288945	0.00448161842864497	453	1	0.233407327381585	0.722177940656011
metabat_ERR6232688.9	response	R	0.00375939849601936	0.00448519497725986	453	1	0.402373886716709	0.722177940656011
metabat_SRR16554769.37	response	R	0.0207009374872354	0.0206874361219312	453	2	0.317531345973508	0.722177940656011
metabat_ERR12405912.30_sub	response	R	0.00375939849590755	0.00448519497725986	453	1	0.402373886730695	0.722177940656011
metabat_SRR16554660.33	response	R	0.0192451956403897	0.018995688612282	453	2	0.311538932791611	0.722177940656011
maxbin_ERR6279654.035	response	R	-0.0372655364330323	0.0211869192338246	453	4	0.0792764003141898	0.722177940656011
semibin_SRR16168982.52	response	R	-0.0209187408393073	0.0123378330410186	453	2	0.0906717636700871	0.722177940656011
maxbin_SRR13068841.017	response	R	0.0178813598874926	0.0204469118055164	453	6	0.382301078756918	0.722177940656011
metabat_ERR6279624.9_sub	response	R	0.00991487447630713	0.0084423290253335	453	2	0.240847731934256	0.722177940656011
metabat_SRR5930506.103	response	R	0.045121871826282	0.0275074987859007	453	4	0.101630546564877	0.722177940656011
maxbin_SRR5930501.007	response	R	-0.00546298052430735	0.00448994435770201	453	1	0.224349965417329	0.722177940656011
maxbin_ERR6279623.016_sub	response	R	0.0218587405539267	0.0178670720714342	453	3	0.221813993847908	0.722177940656011
semibin_ERR6232524.5	response	R	0.0118527852181044	0.0104774113692241	453	2	0.258545384130447	0.722177940656011
semibin_ERR6275652.71	response	R	0.00375939849623471	0.00448519497725986	453	1	0.402373886689775	0.722177940656011
maxbin_ERR6279623.024	response	R	-0.0360930838684389	0.0380907497166112	453	9	0.343863584725872	0.722177940656011
maxbin_ERR6281518.058_sub	response	R	0.00375939849608977	0.00448519497725987	453	1	0.402373886707905	0.722177940656011
semibin_SRR5930528.150	response	R	-0.00546298052289309	0.00448994435765103	453	1	0.224349965531841	0.722177940656011
metabat_ERR6275671.40_sub	response	R	-0.00534759358284389	0.00448161842864496	453	1	0.233407327385566	0.722177940656011
maxbin_SRR5930516.008	response	R	0.00377281981538292	0.00449353392380462	453	1	0.401572122029584	0.722177940656011
semibin_ERR6279671.60	response	R	0.003759398496243	0.00448519497725987	453	1	0.402373886688736	0.722177940656011
maxbin_SRR5930534.025_sub	response	R	0.00377281981486582	0.00449353392387513	453	1	0.401572122101453	0.722177940656011
semibin_ERR6275661.85	response	R	-0.00534759358290187	0.00448161842864496	453	1	0.233407327380505	0.722177940656011
maxbin_SRR5930506.023	response	R	0.00978809476960879	0.00811911318668822	453	2	0.228619139108831	0.722177940656011
metabat_ERR6275663.30_sub	response	R	0.0209980808020496	0.016162634221829	453	3	0.194550288170232	0.722177940656011
maxbin_SRR5930514.050	response	R	0.00377281981503044	0.00449353392387584	453	1	0.401572122080997	0.722177940656011
metabat_ERR6275672.17	response	R	-0.00534759358268238	0.00448161842864497	453	1	0.233407327399657	0.722177940656011
metabat_SRR13068851.15	response	R	0.0167615336368182	0.0161314885989534	453	2	0.299335028508907	0.722177940656011
semibin_SRR5930526.99	response	R	-0.00546298052655439	0.00448994435777451	453	1	0.224349965234494	0.722177940656011
metabat_ERR6229432.47	response	R	-0.0176783378831744	0.0165393768037217	453	3	0.285702883973921	0.722177940656011
semibin_ERR6279675.38	response	R	-0.00534759358267824	0.00448161842864497	453	1	0.233407327400022	0.722177940656011
metabat_SRR5930493.1	response	R	-0.00546298052353003	0.00448994435767552	453	1	0.224349965480394	0.722177940656011
maxbin_SRR6000899.055	response	R	-0.0199620957216957	0.0172881775553991	453	2	0.24883817485744	0.722177940656011
maxbin_ERR6281343.023_sub	response	R	-0.0361846378284936	0.0259636560337693	453	4	0.164109863759207	0.722177940656011
metabat_SRR11413648.69	response	R	-0.0195726950223434	0.013293036173523	453	2	0.141610188844531	0.722177940656011
semibin_SRR5930504.144	response	R	0.00377281981573787	0.00449353392377824	453	1	0.401572121982603	0.722177940656011
semibin_ERR6279659.16	response	R	-0.00534759358268238	0.00448161842864497	453	1	0.233407327399661	0.722177940656011
metabat_SRR16554656.36	response	R	-0.00534759358272379	0.00448161842864497	453	1	0.233407327396046	0.722177940656011
maxbin_SRR6000905.014	response	R	-0.00468179491195585	0.00449070783957341	453	1	0.297716042393718	0.722177940656011
semibin_ERR6281941.53_sub	response	R	-0.00534759358283147	0.00448161842864497	453	1	0.233407327386651	0.722177940656011
semibin_ERR6279644.44	response	R	0.0037593984960235	0.00448519497725986	453	1	0.40237388671619	0.722177940656011
metabat_ERR6279666.49_sub	response	R	0.0103197880113011	0.00900628571505529	453	2	0.252467807426874	0.722177940656011
semibin_SRR5930507.55	response	R	-0.0357569798945971	0.0157083833088889	453	4	0.0232986477925385	0.722177940656011
semibin_SRR5930528.70_sub	response	R	-0.0207773373079305	0.0239595153441174	453	3	0.386301687951585	0.722177940656011
metabat_ERR6233694.2_sub	response	R	-0.00534759358271965	0.00448161842864497	453	1	0.233407327396405	0.722177940656011
maxbin_SRR23364177.003_sub	response	R	0.0191457560407214	0.0192875976205575	453	5	0.321414816168184	0.722177940656011
semibin_SRR13068844.65	response	R	-0.0196155872931447	0.0127745440923329	453	2	0.125361287026259	0.722177940656011
maxbin_SRR5930528.018	response	R	-0.00546298052613125	0.00448994435777432	453	1	0.224349965270314	0.722177940656011
semibin_SRR16168913.2	response	R	-0.0367534532835416	0.0229780835364821	453	2	0.110410372859573	0.722177940656011
metabat_SRR13068815.27	response	R	0.00375939849644178	0.00448519497725987	453	1	0.402373886663879	0.722177940656011
metabat_SRR6000947.6	response	R	-0.00468179491257078	0.00449070783956608	453	1	0.297716042329522	0.722177940656011
metabat_ERR6279667.43	response	R	0.0210526925339691	0.0223385310534179	453	3	0.34647445978117	0.722177940656011
semibin_ERR6243880.36	response	R	0.00375939849623057	0.00448519497725986	453	1	0.402373886690293	0.722177940656011
semibin_SRR11413657.63_sub	response	R	0.012252025919975	0.0110650836184411	453	2	0.268767776973516	0.722177940656011
semibin_SRR13068829.56	response	R	0.0146867977815789	0.0103086970910451	453	3	0.154939945945216	0.722177940656011
maxbin_SRR16554769.027_sub	response	R	0.00375939849606906	0.00448519497725987	453	1	0.402373886710494	0.722177940656011
maxbin_SRR11413656.029	response	R	0.00375939849610633	0.00448519497725987	453	1	0.402373886705831	0.722177940656011
semibin_SRR23364231.47	response	R	-0.00534759358276521	0.00448161842864496	453	1	0.23340732739243	0.722177940656011
semibin_SRR25825506.7	response	R	0.00423877928686585	0.00448839493117411	453	1	0.345477990741595	0.722177940656011
semibin_SRR23364174.50	response	R	-0.0053475935831048	0.00448161842864497	453	1	0.233407327362786	0.722177940656011
semibin_ERR6281341.48	response	R	0.00375939849628441	0.00448519497725987	453	1	0.402373886683562	0.722177940656011
semibin_ERR6279669.8	response	R	-0.0197415170707814	0.0230716146471794	453	6	0.392639267311803	0.722177940656011
metabat_ERR6282070.7	response	R	0.00375939849645421	0.00448519497725986	453	1	0.402373886662323	0.722177940656011
semibin_SRR16554769.38	response	R	0.00375939849623886	0.00448519497725988	453	1	0.402373886689255	0.722177940656011
maxbin_SRR11413684.040_sub	response	R	0.00375939849607734	0.00448519497725987	453	1	0.402373886709459	0.722177940656011
maxbin_SRR5930517.019	response	R	-0.00546298052651941	0.00448994435777466	453	1	0.224349965237452	0.722177940656011
semibin_ERR6275673.5	response	R	-0.00534759358304682	0.00448161842864497	453	1	0.233407327367851	0.722177940656011
maxbin_ERR6281941.015	response	R	-0.00534759358271551	0.00448161842864496	453	1	0.23340732739676	0.722177940656011
metabat_ERR6275668.9_sub	response	R	-0.0436048593843086	0.0292819738967289	453	3	0.137153302238528	0.722177940656011
metabat_SRR5930494.116	response	R	0.00377281981501685	0.00449353392387658	453	1	0.401572122082752	0.722177940656011
semibin_SRR5930501.104	response	R	-0.0118615756469664	0.00704442175023333	453	2	0.0929073789974936	0.722177940656011
semibin_ERR6275668.28	response	R	-0.00534759358271551	0.00448161842864496	453	1	0.233407327396771	0.722177940656011
semibin_ERR6271721.73	response	R	-0.00534759358310066	0.00448161842864497	453	1	0.233407327363154	0.722177940656011
metabat_ERR6279664.6_sub	response	R	0.00375939849641279	0.00448519497725987	453	1	0.402373886667503	0.722177940656011
maxbin_SRR16554666.041	response	R	-0.00534759358272793	0.00448161842864495	453	1	0.233407327395687	0.722177940656011
metabat_ERR6279661.32	response	R	0.00968710862216186	0.0082139068268219	453	2	0.238881545825059	0.722177940656011
metabat_ERR6281518.41_sub	response	R	0.00375939849604421	0.00448519497725987	453	1	0.402373886713603	0.722177940656011
maxbin_SRR5930518.011	response	R	-0.00546298052656609	0.00448994435777526	453	1	0.224349965233539	0.722177940656011
semibin_ERR6275677.1	response	R	-0.00534759358287702	0.00448161842864497	453	1	0.233407327382662	0.722177940656011
semibin_SRR25825520.17	response	R	0.00423877928607291	0.00448839493118562	453	1	0.345477990832979	0.722177940656011
semibin_ERR6282137.60	response	R	-0.00534759358290187	0.00448161842864497	453	1	0.233407327380501	0.722177940656011
semibin_SRR5930499.76	response	R	0.00377281981532347	0.00449353392378365	453	1	0.40157212203482	0.722177940656011
semibin_SRR5930498.294	response	R	0.00377281981464717	0.00449353392388032	453	1	0.401572122129258	0.722177940656011
semibin_SRR5930511.38	response	R	0.00377281981504524	0.00449353392382055	453	1	0.401572122073374	0.722177940656011
maxbin_ERR12405965.033_sub	response	R	-0.00534759358271551	0.00448161842864496	453	1	0.233407327396762	0.722177940656011
metabat_SRR11413657.12	response	R	0.00423877929100436	0.0044883949311242	453	1	0.345477990265751	0.722177940656011
semibin_SRR6000921.3	response	R	-0.00468179491223026	0.00449070783956836	453	1	0.297716042364941	0.722177940656011
maxbin_SRR6000906.038	response	R	0.0192167105557239	0.0133877263785148	453	3	0.1518788072849	0.722177940656011
semibin_SRR5930503.28_sub	response	R	0.00377281981575342	0.00449353392377836	453	1	0.401572121980664	0.722177940656011
semibin_SRR13068851.37	response	R	0.00375939849640451	0.00448519497725989	453	1	0.402373886668542	0.722177940656011
metabat_ERR6254871.18	response	R	0.00375939849623886	0.00448519497725986	453	1	0.402373886689257	0.722177940656011
maxbin_SRR13068835.016	response	R	-0.0125827124744637	0.0144114371973125	453	2	0.383069920844912	0.722177940656011
metabat_ERR6275666.46	response	R	-0.0053475935830551	0.00448161842864497	453	1	0.233407327367133	0.722177940656011
semibin_SRR13068817.24	response	R	-0.0228710322034039	0.0126116784487855	453	5	0.0704230223196917	0.722177940656011
semibin_ERR6264281.30	response	R	0.00375939849640037	0.00448519497725987	453	1	0.402373886669059	0.722177940656011
metabat_ERR6264281.90	response	R	0.00375939849623886	0.00448519497725987	453	1	0.402373886689254	0.722177940656011
metabat_ERR6279666.36_sub	response	R	0.00375939849620158	0.00448519497725986	453	1	0.40237388669392	0.722177940656011
metabat_SRR5930528.52_sub	response	R	-0.0540803031182803	0.0278740708397648	453	4	0.0529861269512233	0.722177940656011
semibin_ERR6279679.17	response	R	0.003759398496243	0.00448519497725987	453	1	0.402373886688735	0.722177940656011
semibin_ERR6275668.52_sub	response	R	-0.0206100735112634	0.0163252747471829	453	3	0.207436896018476	0.722177940656011
semibin_SRR6000894.13_sub	response	R	-0.0046817949118056	0.00449070783957451	453	1	0.297716042409316	0.722177940656011
semibin_SRR23364230.104	response	R	-0.00534759358293086	0.00448161842864496	453	1	0.233407327377975	0.722177940656011
metabat_SRR25825499.32_sub	response	R	0.00423877928913914	0.00448839493115029	453	1	0.345477990480599	0.722177940656011
semibin_ERR6281751.29	response	R	-0.00534759358283561	0.00448161842864496	453	1	0.233407327386284	0.722177940656011
metabat_SRR20881986.22	response	R	0.00375939849650805	0.00448519497725987	453	1	0.402373886655589	0.722177940656011
semibin_ERR6282137.95	response	R	-0.00534759358308823	0.00448161842864496	453	1	0.233407327364242	0.722177940656011
metabat_SRR20881976.26_sub	response	R	-0.00546298052309914	0.00448994435765593	453	1	0.22434996551488	0.722177940656011
maxbin_SRR5930494.013	response	R	0.00377281981485192	0.00449353392387641	453	1	0.401572122103312	0.722177940656011
semibin_SRR23364231.57_sub	response	R	-0.00534759358302611	0.00448161842864495	453	1	0.233407327369662	0.722177940656011
metabat_SRR25825511.75	response	R	-0.00505920065276525	0.00448665697382596	453	1	0.260084140690404	0.722177940656011
metabat_ERR6279681.66	response	R	0.0190983830996663	0.0144993732786335	453	3	0.188447232502366	0.722177940656011
maxbin_SRR5930503.005	response	R	0.00377281981463576	0.00449353392387889	453	1	0.401572122130536	0.722177940656011
maxbin_ERR6279681.028_sub	response	R	0.00375939849608148	0.00448519497725987	453	1	0.402373886708939	0.722177940656011
maxbin_SRR5930503.019	response	R	0.00377281981466619	0.00449353392387436	453	1	0.401572122126274	0.722177940656011
metabat_ERR6281343.20_sub	response	R	0.00375939849620158	0.00448519497725986	453	1	0.402373886693918	0.722177940656011
metabat_ERR6264281.62	response	R	0.00375939849603593	0.00448519497725986	453	1	0.402373886714637	0.722177940656011
semibin_ERR6279674.51	response	R	0.00375939849639623	0.00448519497725988	453	1	0.402373886669578	0.722177940656011
maxbin_SRR5930510.035_sub	response	R	-0.0176998563231494	0.0112370544270585	453	2	0.115927854207931	0.722177940656011
metabat_SRR23364231.73	response	R	-0.016259208448778	0.0104606148243412	453	2	0.120808108016645	0.722177940656011
semibin_SRR16554743.1	response	R	0.00375939849608562	0.00448519497725985	453	1	0.402373886708421	0.722177940656011
maxbin_SRR5930498.016_sub	response	R	0.00377281981525254	0.00449353392379422	453	1	0.401572122044763	0.722177940656011
metabat_SRR23364231.86	response	R	-0.00505920065266326	0.00448665697382479	453	1	0.260084140699875	0.722177940656011
semibin_SRR6000947.23	response	R	-0.00468179491178954	0.0044907078395726	453	1	0.29771604241075	0.722177940656011
semibin_ERR6279622.34	response	R	0.00375939849639623	0.00448519497725986	453	1	0.402373886669575	0.722177940656011
semibin_SRR23364233.3	response	R	-0.00799102626005638	0.00844907849108343	453	3	0.344765520157535	0.722177940656011
maxbin_SRR5930497.013	response	R	0.00377281981501101	0.00449353392387563	453	1	0.40157212208341	0.722177940656011
metabat_SRR5930506.121	response	R	0.00377281981452267	0.00449353392392169	453	1	0.401572122149114	0.722177940656011
semibin_SRR5930533.25	response	R	0.00377281981567531	0.00449353392378895	453	1	0.40157212199151	0.722177940656011
semibin_ERR6282383.15	response	R	-0.00534759358292672	0.00448161842864497	453	1	0.233407327378339	0.722177940656011
semibin_SRR13068830.72	response	R	0.00375939849644178	0.00448519497725987	453	1	0.402373886663879	0.722177940656011
metabat_ERR6279666.4	response	R	0.00375939849608562	0.00448519497725987	453	1	0.40237388670842	0.722177940656011
semibin_SRR13022440.10	response	R	0.0121730908043697	0.0108258912350716	453	2	0.261426426346865	0.722177940656011
metabat_ERR6279678.40	response	R	-0.00534759358288531	0.00448161842864497	453	1	0.23340732738195	0.722177940656011
maxbin_SRR16168896.020_sub	response	R	-0.0169606180327845	0.0155544312463478	453	2	0.27611753392024	0.722177940656011
metabat_SRR5930528.64	response	R	-0.0054629805263748	0.00448994435777533	453	1	0.224349965249774	0.722177940656011
metabat_ERR6281000.55	response	R	-0.0147606038856933	0.0090985169982916	453	2	0.105439862656758	0.722177940656011
semibin_SRR25825499.3_sub	response	R	0.00423877928709	0.00448839493117396	453	1	0.345477990716095	0.722177940656011
maxbin_SRR5930494.035_sub	response	R	0.00377281981499224	0.00449353392387738	453	1	0.401572122085918	0.722177940656011
maxbin_SRR5930504.022	response	R	0.00377281981486949	0.00449353392387505	453	1	0.401572122100976	0.722177940656011
metabat_SRR20881981.57	response	R	0.00985936207685797	0.00838639949332347	453	2	0.240362959553912	0.722177940656011
maxbin_SRR6000892.035	response	R	-0.00468179491166112	0.00449070783957592	453	1	0.297716042424357	0.722177940656011
metabat_ERR6279628.16	response	R	-0.00534759358289773	0.00448161842864495	453	1	0.233407327380859	0.722177940656011
maxbin_SRR25825502.045	response	R	-0.00505920065251407	0.00448665697382525	453	1	0.26008414071397	0.722177940656011
semibin_SRR11413649.101	response	R	0.00375939849609805	0.00448519497725987	453	1	0.402373886706864	0.722177940656011
metabat_SRR16168896.62	response	R	-0.00622339705994238	0.00448032848416766	453	1	0.16550409028558	0.722177940656011
semibin_ERR6279667.9_sub	response	R	0.00375939849640451	0.00448519497725986	453	1	0.402373886668541	0.722177940656011
semibin_ERR6279625.26	response	R	-0.00534759358283975	0.00448161842864497	453	1	0.233407327385914	0.722177940656011
semibin_SRR5930528.6	response	R	-0.0375109462554586	0.0240400677731306	453	3	0.119380378788424	0.722177940656011
metabat_SRR5930533.29	response	R	0.00377281981564911	0.00449353392379421	453	1	0.401572121995329	0.722177940656011
semibin_SRR23364202.113	response	R	-0.00534759358284803	0.00448161842864497	453	1	0.233407327385194	0.722177940656011
semibin_ERR6280899.58	response	R	0.0214690002381454	0.0239981372816471	453	3	0.371472186575601	0.722177940656011
metabat_SRR6000910.18	response	R	-0.00468179491207436	0.00449070783957118	453	1	0.297716042381233	0.722177940656011
metabat_ERR6279667.44_sub	response	R	0.00375939849639623	0.00448519497725986	453	1	0.402373886669576	0.722177940656011
metabat_ERR6279624.38	response	R	0.0304014879787615	0.0228250869192178	453	3	0.183557240599802	0.722177940656011
semibin_SRR5930526.86	response	R	-0.0289423292512233	0.0190641068738188	453	3	0.129677241708077	0.722177940656011
metabat_ERR6279681.11	response	R	0.00375939849640037	0.00448519497725987	453	1	0.402373886669053	0.722177940656011
maxbin_SRR5930503.013_sub	response	R	0.00377281981487051	0.00449353392387462	453	1	0.4015721221008	0.722177940656011
maxbin_SRR5930526.008	response	R	-0.00546298052651325	0.00448994435777367	453	1	0.224349965237883	0.722177940656011
semibin_SRR5930501.25	response	R	-0.018437460114271	0.0196851893143838	453	3	0.349458625822024	0.722177940656011
metabat_SRR6000949.9	response	R	-0.00468179491187955	0.00449070783957373	453	1	0.297716042401583	0.722177940656011
metabat_ERR6264281.32	response	R	0.00375939849625128	0.00448519497725987	453	1	0.402373886687701	0.722177940656011
semibin_SRR6000949.18_sub	response	R	-0.0140210287622463	0.00851887706359522	453	2	0.100485631269392	0.722177940656011
metabat_SRR5930526.103	response	R	-0.00546298052619008	0.00448994435777589	453	1	0.2243499652655	0.722177940656011
metabat_SRR5930510.19_sub	response	R	-0.00546298052637402	0.00448994435777397	453	1	0.224349965249685	0.722177940656011
metabat_SRR6000940.4	response	R	-0.00468179491202428	0.00449070783957205	453	1	0.297716042386476	0.722177940656011
metabat_SRR5930528.33	response	R	-0.0286012082742754	0.0197425503383437	453	2	0.148115888577642	0.722177940656011
metabat_ERR6281448.37	response	R	0.00375939849628855	0.00448519497725987	453	1	0.402373886683041	0.722177940656011
semibin_SRR23364187.33	response	R	0.0146353239993627	0.0124709979950945	453	2	0.241195200998189	0.722177940656011
semibin_ERR6281343.7	response	R	0.0106559043990544	0.00920317907561461	453	2	0.247540726990191	0.722177940656011
semibin_SRR5930528.184	response	R	-0.00546298052630816	0.00448994435777474	453	1	0.224349965255385	0.722177940656011
metabat_SRR13068825.15	response	R	0.00375939849625128	0.00448519497725987	453	1	0.402373886687705	0.722177940656011
semibin_SRR16168896.24_sub	response	R	-0.0219069310582934	0.0129866197553048	453	2	0.0923171902310185	0.722177940656011
metabat_ERR6254871.26_sub	response	R	0.00375939849628027	0.00448519497725987	453	1	0.402373886684076	0.722177940656011
metabat_ERR6229432.3	response	R	-0.00534759358287702	0.00448161842864496	453	1	0.233407327382674	0.722177940656011
maxbin_SRR5930501.063	response	R	-0.012214713072339	0.00678527062251061	453	2	0.072500280484712	0.722177940656011
metabat_SRR5930514.13_sub	response	R	0.00377281981463958	0.00449353392387883	453	1	0.401572122130055	0.722177940656011
metabat_SRR23364174.33	response	R	0.00375939849630512	0.00448519497725986	453	1	0.40237388668097	0.722177940656011
maxbin_SRR5930516.039_sub	response	R	0.00377281981450974	0.00449353392392295	453	1	0.401572122150841	0.722177940656011
maxbin_ERR6281448.039	response	R	0.00375939849625128	0.00448519497725987	453	1	0.402373886687704	0.722177940656011
maxbin_ERR6275666.055	response	R	-0.00534759358288945	0.00448161842864496	453	1	0.233407327381577	0.722177940656011
maxbin_SRR13068836.049	response	R	-0.00534759358289773	0.00448161842864498	453	1	0.233407327380855	0.722177940656011
maxbin_ERR6281942.013	response	R	-0.00534759358293086	0.00448161842864496	453	1	0.233407327377975	0.722177940656011
maxbin_ERR6282137.024	response	R	-0.0124364740637664	0.0142950177597482	453	2	0.384770513749922	0.722177940656011
maxbin_ERR6279626.048_sub	response	R	-0.0241705607859816	0.0163758923297167	453	2	0.14064591831589	0.722177940656011
metabat_SRR5930506.46	response	R	0.00377281981482059	0.0044935339238754	453	1	0.401572122107123	0.722177940656011
metabat_ERR6279663.18	response	R	0.00375939849638795	0.00448519497725987	453	1	0.402373886670609	0.722177940656011
semibin_SRR5930494.257	response	R	0.00377281981488071	0.00449353392387734	453	1	0.401572122099831	0.722177940656011
metabat_SRR16554766.36	response	R	0.00375939849628855	0.00448519497725985	453	1	0.402373886683041	0.722177940656011
maxbin_ERR6229432.023	response	R	-0.00534759358304268	0.00448161842864495	453	1	0.233407327368217	0.722177940656011
semibin_SRR13068829.87	response	R	0.00375939849632168	0.00448519497725986	453	1	0.402373886678897	0.722177940656011
metabat_ERR6279656.17	response	R	-0.00534759358268652	0.00448161842864496	453	1	0.233407327399301	0.722177940656011
semibin_SRR5930501.87	response	R	-0.00546298052630927	0.00448994435777474	453	1	0.224349965255277	0.722177940656011
semibin_ERR6279655.20	response	R	0.00375939849604835	0.00448519497725986	453	1	0.402373886713078	0.722177940656011
metabat_ERR6279624.54_sub	response	R	0.00375939849609391	0.00448519497725988	453	1	0.402373886707383	0.722177940656011
maxbin_ERR6281448.013_sub	response	R	0.00375939849628027	0.00448519497725987	453	1	0.402373886684074	0.722177940656011
metabat_ERR6279628.63_sub	response	R	-0.00534759358283975	0.00448161842864496	453	1	0.233407327385928	0.722177940656011
semibin_ERR6279655.39	response	R	0.00375939849640037	0.00448519497725986	453	1	0.402373886669057	0.722177940656011
metabat_ERR6271721.32	response	R	-0.00534759358273208	0.00448161842864496	453	1	0.233407327395311	0.722177940656011
semibin_ERR6279624.33	response	R	0.0290253284700528	0.0240405305274811	453	3	0.227933893904835	0.722177940656011
maxbin_SRR13068840.010	response	R	0.00375939849609805	0.00448519497725987	453	1	0.402373886706868	0.722177940656011
maxbin_SRR5930520.005	response	R	-0.00546298052636518	0.00448994435777541	453	1	0.224349965250613	0.722177940656011
semibin_SRR5930494.98	response	R	0.00377281981495372	0.00449353392387466	453	1	0.401572122090425	0.722177940656011
maxbin_ERR6280899.041	response	R	0.00375939849609805	0.00448519497725986	453	1	0.402373886706864	0.722177940656011
semibin_ERR6279670.47	response	R	-0.00534759358287702	0.00448161842864497	453	1	0.233407327382675	0.722177940656011
metabat_ERR6281344.12	response	R	0.0174221185266357	0.0167894095748756	453	2	0.299975881160283	0.722177940656011
metabat_SRR25825494.2	response	R	-0.00505920065261885	0.00448665697382637	453	1	0.260084140704216	0.722177940656011
metabat_SRR25825516.20	response	R	-0.0050592006526466	0.00448665697382496	453	1	0.260084140701465	0.722177940656011
maxbin_SRR16554657.029_sub	response	R	0.00375939849623886	0.0044851949772599	453	1	0.402373886689261	0.722177940656011
semibin_SRR5930498.139	response	R	0.0122789083897601	0.0112017337980118	453	2	0.27359361507583	0.722177940656011
metabat_SRR13068841.46	response	R	0.00375939849642522	0.00448519497725986	453	1	0.40237388666595	0.722177940656011
metabat_SRR20881975.20	response	R	-0.00546298052338434	0.00448994435767526	453	1	0.224349965492714	0.722177940656011
metabat_ERR6279679.47_sub	response	R	0.00375939849605249	0.00448519497725987	453	1	0.402373886712567	0.722177940656011
semibin_SRR23364230.42_sub	response	R	0.00375939849645421	0.00448519497725987	453	1	0.402373886662321	0.722177940656011
semibin_SRR5930528.96_sub	response	R	-0.0185105809547277	0.0118518356003485	453	2	0.119029827532681	0.722177940656011
maxbin_ERR6279628.046_sub	response	R	-0.00534759358287702	0.00448161842864497	453	1	0.233407327382669	0.722177940656011
semibin_SRR5930503.75	response	R	0.00377281981546386	0.00449353392379909	453	1	0.401572122018934	0.722177940656011
metabat_ERR6279672.58_sub	response	R	-0.0129155583990895	0.00779246374415748	453	2	0.0981291182046947	0.722177940656011
maxbin_SRR13068822.002	response	R	0.00423877929336729	0.00448839493109511	453	1	0.345477989993994	0.722177940656011
maxbin_SRR13022455.008	response	R	0.00423877929269915	0.00448839493110474	453	1	0.345477990070982	0.722177940656011
maxbin_SRR13068815.034	response	R	0.0114270687740394	0.00940578218156039	453	2	0.225042380502417	0.722177940656011
semibin_ERR6281000.14	response	R	-0.0113576067507911	0.0134752399024021	453	2	0.399761737856397	0.722177940656011
semibin_SRR5930510.14_sub	response	R	-0.00546298052371029	0.00448994435768029	453	1	0.224349965465637	0.722177940656011
semibin_ERR6280899.37_sub	response	R	0.0236055738625917	0.0168585967295741	453	3	0.162140185401297	0.722177940656011
semibin_ERR6279670.74	response	R	-0.00534759358302611	0.00448161842864496	453	1	0.233407327369658	0.722177940656011
maxbin_SRR16554651.012_sub	response	R	0.0197668983410154	0.0196010642402456	453	2	0.313774197080704	0.722177940656011
maxbin_ERR6281434.014	response	R	-0.0150799434776927	0.0164171764535787	453	2	0.358826838931644	0.722177940656011
metabat_SRR13068843.1	response	R	-0.00546298052395801	0.00448994435768434	453	1	0.224349965445077	0.722177940656011
metabat_SRR16554766.26	response	R	0.00375939849606492	0.00448519497725986	453	1	0.402373886711011	0.722177940656011
metabat_SRR6000892.59	response	R	-0.0228965725531659	0.0163416690343065	453	2	0.161879222241554	0.722177940656011
maxbin_SRR5930526.025	response	R	-0.00546298052424781	0.00448994435769319	453	1	0.224349965421434	0.722177940656011
maxbin_SRR13068833.023	response	R	0.0121006430192805	0.00827994236897784	453	3	0.144595743422957	0.722177940656011
maxbin_ERR6279661.029_sub	response	R	0.00375939849624714	0.00448519497725986	453	1	0.40237388668822	0.722177940656011
metabat_ERR6273965.36	response	R	-0.00534759358289359	0.00448161842864496	453	1	0.233407327381228	0.722177940656011
maxbin_SRR5930506.066	response	R	0.00377281981548277	0.00449353392378362	453	1	0.401572122014957	0.722177940656011
metabat_SRR13022359.15	response	R	-0.0200659877811009	0.0114920934040291	453	2	0.0814801423192735	0.722177940656011
metabat_ERR6279622.50_sub	response	R	0.00375939849622643	0.00448519497725986	453	1	0.402373886690811	0.722177940656011
semibin_SRR16168913.53	response	R	-0.00622339705586897	0.00448032848421881	453	1	0.165504090566679	0.722177940656011
maxbin_ERR6275663.072_sub	response	R	0.00375939849610219	0.00448519497725988	453	1	0.402373886706347	0.722177940656011
metabat_SRR5930501.45	response	R	-0.00546298052315758	0.00448994435766061	453	1	0.224349965510438	0.722177940656011
metabat_SRR23364187.55	response	R	0.00375939849627613	0.0044851949772599	453	1	0.402373886684599	0.722177940656011
maxbin_ERR6279669.016	response	R	0.00375939849642522	0.00448519497725986	453	1	0.40237388666595	0.722177940656011
metabat_SRR23364213.78_sub	response	R	-0.0123315808419293	0.00692290946972498	453	2	0.0755422684498194	0.722177940656011
maxbin_SRR13022287.006_sub	response	R	-0.00546298052408178	0.00448994435769318	453	1	0.224349965435498	0.722177940656011
semibin_SRR5930504.110	response	R	0.00377281981549681	0.00449353392377827	453	1	0.401572122012657	0.722177940656011
metabat_SRR16554652.33	response	R	0.00375939849620158	0.00448519497725987	453	1	0.402373886693919	0.722177940656011
maxbin_ERR6282298.014_sub	response	R	0.00375939849606078	0.00448519497725987	453	1	0.402373886711528	0.722177940656011
semibin_SRR5930497.42	response	R	0.00377281981556254	0.00449353392377341	453	1	0.401572122003944	0.722177940656011
maxbin_ERR6282298.026_sub	response	R	0.00375939849628441	0.00448519497725985	453	1	0.402373886683554	0.722177940656011
semibin_ERR6280899.71	response	R	0.00375939849627199	0.00448519497725986	453	1	0.402373886685116	0.722177940656011
metabat_ERR6232524.57	response	R	0.00375939849627613	0.00448519497725988	453	1	0.402373886684597	0.722177940656011
metabat_ERR6273965.30_sub	response	R	-0.00534759358294329	0.00448161842864497	453	1	0.23340732737688	0.722177940656011
metabat_SRR5930503.100	response	R	0.0037728198153425	0.00449353392378892	453	1	0.401572122032994	0.722177940656011
metabat_SRR5930504.14_sub	response	R	0.00377281981560464	0.00449353392378364	453	1	0.40157212199979	0.722177940656011
maxbin_ERR6264280.027_sub	response	R	0.00375939849616017	0.00448519497725987	453	1	0.402373886699098	0.722177940656011
maxbin_SRR13068829.013	response	R	-0.00534759358302611	0.00448161842864496	453	1	0.233407327369661	0.722177940656011
metabat_ERR6271721.36	response	R	-0.00534759358293086	0.00448161842864497	453	1	0.233407327377976	0.722177940656011
semibin_SRR5930494.52	response	R	0.00377281981543465	0.0044935339237889	453	1	0.401572122021498	0.722177940656011
semibin_SRR13068815.3	response	R	-0.00534759358281076	0.00448161842864496	453	1	0.233407327388457	0.722177940656011
metabat_ERR6281518.98	response	R	0.00375939849611047	0.00448519497725987	453	1	0.402373886705313	0.722177940656011
maxbin_ERR6279681.050	response	R	0.00375939849628027	0.00448519497725986	453	1	0.402373886684079	0.722177940656011
semibin_ERR6281343.34	response	R	0.00375939849625128	0.00448519497725987	453	1	0.402373886687705	0.722177940656011
semibin_SRR13068816.46	response	R	0.00375939849623886	0.00448519497725985	453	1	0.402373886689254	0.722177940656011
metabat_SRR5930499.34	response	R	0.00377281981556148	0.00449353392378873	453	1	0.401572122005674	0.722177940656011
semibin_SRR5930518.15	response	R	-0.00546298052791766	0.0044899443578296	453	1	0.224349965124669	0.722177940656011
semibin_SRR5930498.100_sub	response	R	0.00377281981557417	0.0044935339237832	453	1	0.401572122003524	0.722177940656011
semibin_SRR13068830.15	response	R	-0.00534759358282733	0.00448161842864497	453	1	0.233407327387008	0.722177940656011
maxbin_ERR6275674.053_sub	response	R	0.0223531480895731	0.0225979802370865	453	2	0.323115680442438	0.722177940656011
metabat_ERR6279664.52_sub	response	R	0.0037593984961436	0.00448519497725987	453	1	0.402373886701165	0.722177940656011
metabat_SRR13068827.9	response	R	-0.00534759358274864	0.00448161842864496	453	1	0.233407327393865	0.722177940656011
metabat_SRR13068852.6	response	R	0.0129320588311663	0.0116616390138547	453	2	0.268049973628369	0.722177940656011
semibin_SRR13068838.31	response	R	-0.00534759358283561	0.00448161842864497	453	1	0.233407327386289	0.722177940656011
semibin_ERR6281000.29	response	R	-0.00534759358271551	0.00448161842864496	453	1	0.233407327396755	0.722177940656011
metabat_SRR23364216.13	response	R	-0.0173565451863616	0.0197563345397485	453	3	0.380123621210864	0.722177940656011
metabat_SRR5930499.2	response	R	0.00377281981544856	0.00449353392379959	453	1	0.401572122020891	0.722177940656011
semibin_SRR13068815.43	response	R	-0.00534759358284389	0.00448161842864496	453	1	0.233407327385552	0.722177940656011
metabat_ERR6281432.29	response	R	-0.0053475935829143	0.00448161842864496	453	1	0.23340732737941	0.722177940656011
maxbin_ERR6280899.036_sub	response	R	0.00375939849622229	0.00448519497725987	453	1	0.402373886691331	0.722177940656011
maxbin_SRR5930516.050	response	R	0.00377281981542943	0.00449353392379401	453	1	0.401572122022701	0.722177940656011
semibin_SRR5930505.85	response	R	0.00377281981554896	0.00449353392377853	453	1	0.401572122006172	0.722177940656011
metabat_SRR5930503.67	response	R	0.00377281981548011	0.00449353392378646	453	1	0.401572122015616	0.722177940656011
semibin_SRR5930505.71	response	R	0.00377281981543064	0.00449353392379388	453	1	0.401572122022537	0.722177940656011
semibin_SRR5930502.3	response	R	0.00377281981548335	0.00449353392378896	453	1	0.401572122015428	0.722177940656011
maxbin_SRR5930520.046	response	R	-0.00546298052329095	0.00448994435766079	453	1	0.22434996549912	0.722177940656011
metabat_SRR5930502.18	response	R	0.00377281981522794	0.0044935339238048	453	1	0.401572122048943	0.722177940656011
metabat_SRR5930502.48	response	R	0.00377281981484903	0.00449353392387644	453	1	0.401572122103672	0.722177940656011
metabat_SRR13068829.18	response	R	0.00375939849621401	0.00448519497725987	453	1	0.402373886692364	0.722177940656011
maxbin_SRR5930531.045_sub	response	R	0.00377281981526351	0.00449353392379953	453	1	0.401572122043964	0.722177940656011
metabat_ERR6279657.2	response	R	0.00375939849638795	0.00448519497725986	453	1	0.402373886670605	0.722177940656011
semibin_SRR23364175.28	response	R	-0.00546298052400687	0.00448994435768033	453	1	0.224349965440536	0.722177940656011
semibin_ERR6281434.39	response	R	0.104261706236559	0.124545797114441	453	48	0.40296101168137	0.722862712791681
metabat_SRR25825506.40	response	R	0.0145350784832858	0.0173793173556663	453	3	0.403404605841557	0.723289441172317
semibin_SRR5930498.210	response	R	0.0383757467890677	0.0459191313918229	453	6	0.403755344911726	0.72354933369502
semibin_SRR6000905.60_sub	response	R	-0.215644751460244	0.258225577158371	453	143	0.404105063732562	0.723807134021237
maxbin_SRR16554666.026	response	R	-0.0108681636148419	0.0130535619735394	453	2	0.40552104872815	0.725973527152839
semibin_ERR6279656.46	response	R	0.0335737562997626	0.040350669658334	453	10	0.40582144886073	0.726141584831718
semibin_SRR20881977.110	response	R	-0.0108308830583894	0.0130242251708689	453	2	0.406077546909016	0.726230241572787
maxbin_SRR5930533.003	response	R	0.0188016201892042	0.0226252863183909	453	3	0.406413164897566	0.726460949557622
metabat_SRR13022366.10	response	R	-0.0212700607028114	0.0256243072252252	453	6	0.406936342202933	0.727026513813776
metabat_SRR11413657.18	response	R	0.0582660978472138	0.0702745669172276	453	21	0.407474710275098	0.727618629419626
metabat_SRR16554687.21	response	R	0.0215365979444978	0.026035923030256	453	3	0.408568068288535	0.729200674163699
semibin_SRR11413654.21	response	R	-0.078032855791299	0.0944565482146662	453	35	0.409170373699653	0.729839538976134
metabat_SRR11413692.37	response	R	-0.0192308740773205	0.0232868044216486	453	7	0.409341174875124	0.729839538976134
maxbin_SRR16168926.008	response	R	0.110004952054526	0.133536787973748	453	109	0.41050504383296	0.730857660707387
maxbin_ERR6267712.014_sub	response	R	0.0452503969582579	0.0549149353906527	453	22	0.41037145095177	0.730857660707387
metabat_SRR11413618.48	response	R	-0.0894890329896679	0.108736249292936	453	26	0.410947723882349	0.730857660707387
metabat_ERR6281341.18_sub	response	R	0.0892552765887425	0.108501187839661	453	41	0.411159400705123	0.730857660707387
semibin_SRR5930511.18_sub	response	R	0.0291056636973279	0.0353678238123513	453	8	0.410979336070334	0.730857660707387
metabat_ERR6281000.56_sub	response	R	-0.023485846481751	0.0285172735062164	453	6	0.410622832717354	0.730857660707387
maxbin_ERR6281434.009_sub	response	R	-0.0255932010740367	0.0311284357393757	453	10	0.411410188518171	0.730933917549211
semibin_ERR12405939.27	response	R	-0.0128410706618779	0.0156486421838416	453	2	0.412316146448345	0.732173520662819
metabat_SRR13068840.4	response	R	0.0668153640417117	0.0814930192247291	453	24	0.412711568906389	0.732505742693016
maxbin_SRR11413688.023_sub	response	R	-0.0611509955072078	0.0747082405578699	453	19	0.413486659578798	0.732548395353198
semibin_ERR12405955.92	response	R	-0.0127535868059942	0.0155722937552799	453	2	0.413224446653954	0.732548395353198
semibin_ERR12405974.73	response	R	-0.0301614489221124	0.0368043556806786	453	8	0.412953632820643	0.732548395353198
semibin_SRR5930516.11_sub	response	R	0.0595208522809135	0.0727295552251638	453	21	0.413568988844169	0.732548395353198
semibin_SRR11413653.97_sub	response	R	-0.22681280397479	0.27786628013337	453	215	0.414781348346546	0.733934714080611
metabat_ERR6281000.20	response	R	-0.0596231267787286	0.073082251139295	453	20	0.415034578041207	0.733934714080611
metabat_ERR6279652.15_sub	response	R	0.0721700106605085	0.0885525528907998	453	29	0.415504696020528	0.733934714080611
semibin_SRR16168942.58	response	R	0.0600401989742062	0.0735673569414427	453	26	0.414859190760823	0.733934714080611
metabat_ERR6275652.42_sub	response	R	-0.010322543250847	0.0126683915047631	453	2	0.415604100038253	0.733934714080611
semibin_SRR16554651.7	response	R	0.0166607661036609	0.020437828899088	453	3	0.415392372567092	0.733934714080611
semibin_SRR23364195.41	response	R	-0.254779875491793	0.312881997314012	453	274	0.415905015224285	0.734097406389852
metabat_ERR12405979.29_sub	response	R	-0.0154146279837208	0.0189423959406493	453	4	0.416210725452213	0.734268394726534
metabat_SRR6000949.51_sub	response	R	0.112237536000966	0.138145435336799	453	92	0.416960365918478	0.735221989252441
semibin_SRR13068851.27_sub	response	R	0.0101420830246466	0.0124908881957923	453	4	0.417244678162392	0.735354530535825
metabat_SRR16554788.7	response	R	-0.0615775245562678	0.0760027423673248	453	12	0.418252007515824	0.736760550313446
metabat_ERR2162207.6	response	R	-0.0232519692441994	0.0287344556471998	453	6	0.418827112245921	0.737091265347867
metabat_SRR16554779.19	response	R	-0.0229140544218994	0.0283188863227139	453	6	0.418859029626006	0.737091265347867
maxbin_SRR5930532.015	response	R	0.0300597310053675	0.0371791188932669	453	7	0.419223789472052	0.737364103943838
metabat_SRR13068851.25	response	R	0.0366599674275076	0.0453717567348396	453	10	0.4195236070022	0.737522501109867
maxbin_SRR13022336.003_sub	response	R	-0.2156418774468	0.269656053481938	453	263	0.424310426799047	0.737726520780967
semibin_SRR8387683.16	response	R	-0.21605841578625	0.270116830112633	453	152	0.424207270144446	0.737726520780967
semibin_SRR20881988.7	response	R	-0.133433997167906	0.166888031499585	453	52	0.424397249338378	0.737726520780967
semibin_SRR5930528.37	response	R	0.123939602238115	0.15468973482515	453	122	0.423434450547058	0.737726520780967
semibin_SRR5930503.31	response	R	-0.0623959215802482	0.0778319235223121	453	31	0.423163078639624	0.737726520780967
metabat_ERR12405956.11	response	R	-0.0970883879447132	0.121246102559806	453	41	0.423695381688063	0.737726520780967
semibin_SRR11413614.58	response	R	-0.0211989401750732	0.0264324167481452	453	3	0.422973275666834	0.737726520780967
maxbin_ERR12405929.007	response	R	0.0163091386023341	0.020238476699885	453	4	0.420755810703314	0.737726520780967
metabat_ERR12405940.22	response	R	0.0616767454753075	0.0764373661442498	453	25	0.420153675207932	0.737726520780967
metabat_ERR6281431.41	response	R	0.0460488948992667	0.0576564357390146	453	5	0.424898618440131	0.737726520780967
metabat_ERR6281751.26_sub	response	R	-0.0439108769282282	0.0547132446548973	453	18	0.422649539168306	0.737726520780967
semibin_ERR6232425.16	response	R	-0.0318759048150092	0.0398790990545934	453	6	0.424530135755388	0.737726520780967
maxbin_SRR8387676.033_sub	response	R	-0.0542179849695521	0.0672261735947676	453	23	0.420379030045476	0.737726520780967
metabat_SRR16554728.7	response	R	0.0328638488930246	0.0411326381495973	453	6	0.424729662889552	0.737726520780967
semibin_SRR6000892.94	response	R	-0.0159526895784885	0.0198847475156922	453	6	0.422829552798378	0.737726520780967
semibin_SRR25825500.44	response	R	-0.0118767946575966	0.0147137674133381	453	3	0.419993669626968	0.737726520780967
maxbin_ERR12405976.034_sub	response	R	0.0157268000295034	0.0196994436412025	453	4	0.425094974716222	0.737726520780967
semibin_SRR13068846.36	response	R	0.0445319594617159	0.0556613688184853	453	27	0.424102714710845	0.737726520780967
metabat_ERR6275675.32_sub	response	R	-0.0477239232010783	0.0593003913231101	453	19	0.421369608306649	0.737726520780967
semibin_SRR11413683.84	response	R	0.0265062877206356	0.0330737025559419	453	8	0.423304438212069	0.737726520780967
maxbin_SRR5930507.005	response	R	-0.0219803594477031	0.0273257537374828	453	4	0.421599919884215	0.737726520780967
semibin_ERR6279669.75_sub	response	R	0.0261155842380191	0.0326198040433776	453	5	0.423783462445135	0.737726520780967
metabat_ERR6279624.53	response	R	0.0245960557131256	0.0305225089653839	453	3	0.420763616675888	0.737726520780967
semibin_ERR6282137.102	response	R	-0.0258091081479587	0.0321205070504325	453	3	0.422104025319024	0.737726520780967
semibin_SRR23364199.80	response	R	-0.0173244771277636	0.0216644256162407	453	3	0.424320698185841	0.737726520780967
semibin_ERR6279672.16	response	R	-0.00982182337847128	0.0122337630017692	453	2	0.422486834940702	0.737726520780967
semibin_SRR16554655.39	response	R	0.183248040928562	0.229805863595643	453	198	0.425638458009892	0.737736860014408
maxbin_ERR12405985.002_sub	response	R	0.0446443342723286	0.0560237431289752	453	17	0.425940223500924	0.737736860014408
maxbin_SRR11413687.011	response	R	0.0102121917314292	0.012810994483519	453	4	0.42578827633952	0.737736860014408
semibin_SRR25825510.79	response	R	-0.0293455570099498	0.0367844995854926	453	7	0.425424648675002	0.737736860014408
metabat_SRR16554653.16	response	R	0.0405349623777426	0.0509182159123055	453	6	0.426405258550349	0.738178675067961
semibin_ERR12405940.4	response	R	-0.0314925906749342	0.0396061133881666	453	6	0.426951557113919	0.738397282249159
metabat_SRR11413691.28	response	R	-0.0181742291853562	0.0228527874662206	453	4	0.426876946733987	0.738397282249159
maxbin_SRR23364230.017	response	R	-0.0186149942168408	0.0234558105043055	453	5	0.427834610409057	0.739560712978489
metabat_SRR5930519.59	response	R	-0.0657973361484942	0.0829575507024459	453	28	0.428111048157631	0.739674911706256
semibin_SRR8387712.33	response	R	-0.0120820390568173	0.015246821534002	453	2	0.42853101386143	0.740036858908049
semibin_SRR11413613.8	response	R	-0.0125559196258	0.0158666714829317	453	4	0.429164114644395	0.740766336322873
semibin_SRR16554692.65	response	R	-0.0624115399272703	0.0790915320827596	453	15	0.430466208440021	0.741557662359193
metabat_SRR20881985.11	response	R	0.0847395471063241	0.107362571772795	453	28	0.430363016791181	0.741557662359193
metabat_SRR6000921.8	response	R	-0.0303916253691251	0.0385107640970704	453	8	0.430426295656437	0.741557662359193
metabat_ERR6233695.27	response	R	-0.0243518094308151	0.0308226363694338	453	7	0.429907000895161	0.741557662359193
metabat_ERR6279666.61	response	R	0.0248912166176146	0.0315801289016036	453	6	0.430999422780311	0.742112620223102
semibin_ERR6275680.2_sub	response	R	-0.0705143450371797	0.0895730052225949	453	25	0.431562399672706	0.742566398561902
maxbin_SRR11413607.012	response	R	-0.0256665667076594	0.0326122964757889	453	10	0.43168535798081	0.742566398561902
semibin_ERR6275659.47	response	R	-0.0291469902858394	0.0370579295499083	453	3	0.431973018651908	0.742697864831348
metabat_SRR6000877.22	response	R	-0.0439001598935464	0.0559067832542876	453	22	0.432726175447403	0.743347202885339
semibin_SRR16554790.12	response	R	-0.0271695717526709	0.0346037467480009	453	5	0.432773527959695	0.743347202885339
maxbin_SRR11413684.018	response	R	-0.010655664799478	0.0136079173428506	453	2	0.43400953064714	0.745106205935227
maxbin_ERR2162223.012	response	R	-0.149542762803377	0.191238159764213	453	122	0.434643655607763	0.745309566882142
metabat_SRR16554636.10	response	R	-0.00986813165568185	0.012613338245096	453	3	0.434416283582302	0.745309566882142
metabat_ERR12405965.31_sub	response	R	-0.0138371936335016	0.0176999789602479	453	4	0.434763914014583	0.745309566882142
semibin_ERR6275680.140	response	R	-0.0297315852464035	0.0380849153593212	453	4	0.435409760348693	0.745774104913805
semibin_SRR16554760.16	response	R	-0.0494718678439745	0.0633783307863792	453	20	0.435459111885108	0.745774104913805
semibin_SRR11413653.25	response	R	-0.212541902182582	0.272701723011126	453	113	0.436156926491485	0.746605527528754
metabat_ERR6275671.44	response	R	-0.0404401976024916	0.0519112855866803	453	17	0.436373473148175	0.746612716101694
semibin_SRR16168982.36	response	R	-0.0570974719385022	0.0734357457453943	453	24	0.437262278715275	0.747453585509921
semibin_ERR12406001.48	response	R	0.0150503597558869	0.0193671503091887	453	4	0.437502695955466	0.747453585509921
metabat_ERR6279676.50	response	R	-0.045787899687062	0.0589196214126007	453	19	0.437492554461281	0.747453585509921
semibin_SRR25825495.18	response	R	0.0300547906302488	0.0387034460600262	453	7	0.437838516181685	0.747664022775524
metabat_SRR16168942.19	response	R	-0.0289247382181463	0.0372988899274975	453	9	0.438459889885037	0.748361637298927
semibin_SRR25825501.28	response	R	0.0271578263060084	0.0350599123372125	453	6	0.438974910307989	0.748513959574631
semibin_SRR5930517.29	response	R	-0.00902157383337767	0.0116437694110316	453	2	0.438869686728502	0.748513959574631
metabat_ERR12405966.8	response	R	0.0683446867853051	0.0884026156686667	453	29	0.439867855302258	0.748946914887526
maxbin_SRR16168926.011	response	R	0.0486155563014143	0.0628661973751738	453	24	0.439743326837727	0.748946914887526
metabat_SRR5930503.9_sub	response	R	0.011170609269988	0.0144379382371119	453	3	0.439515029223346	0.748946914887526
semibin_ERR12405952.2	response	R	0.0445535135411393	0.057771466003455	453	17	0.440993148785046	0.749346918691789
semibin_ERR12405998.55	response	R	0.0298154513322903	0.0386238220596707	453	6	0.440553149140353	0.749346918691789
metabat_SRR25825501.63	response	R	0.0625729350749042	0.0811771401179919	453	23	0.441217454606345	0.749346918691789
semibin_ERR12405974.32	response	R	0.0145040495826839	0.0188267655676348	453	3	0.441468870412672	0.749346918691789
semibin_SRR13022423.21	response	R	0.043008234947269	0.0557889585557958	453	7	0.441165689502841	0.749346918691789
maxbin_ERR6281586.033	response	R	0.0238584597843781	0.0308968336964574	453	6	0.440401871842633	0.749346918691789
metabat_ERR6279667.16	response	R	0.0180665779188666	0.0234574652848811	453	4	0.441594657431566	0.749346918691789
metabat_SRR11413685.32	response	R	0.0908114690148074	0.118023531153713	453	69	0.442041357772076	0.749381588199912
semibin_ERR6275668.136	response	R	-0.0089130599774676	0.0115809061889251	453	2	0.441922163116641	0.749381588199912
semibin_SRR16168925.11	response	R	0.0179589442506249	0.0234021299081006	453	4	0.443245349832594	0.751060554222361
semibin_SRR6000940.80	response	R	-0.0104928493140185	0.0136977474454932	453	2	0.444066565591297	0.752089616868497
semibin_SRR6000901.30	response	R	0.072791075344395	0.0952340919745811	453	32	0.445068025663846	0.753354421374405
semibin_SRR11413606.50	response	R	0.0610962885199023	0.0799640016274734	453	22	0.445241890675772	0.753354421374405
metabat_ERR6275652.5	response	R	0.01940713747788	0.0254291528002129	453	4	0.445752335568635	0.753492890316981
semibin_SRR11413685.32	response	R	-0.00864103622053319	0.0113189102034631	453	2	0.445614545471392	0.753492890316981
semibin_SRR11413689.18	response	R	0.117763052032916	0.154782883574183	453	96	0.447162075247084	0.754425075128957
maxbin_ERR12405942.013	response	R	-0.0413199575642488	0.0542608904626961	453	7	0.446753489680153	0.754425075128957
metabat_SRR16168943.6	response	R	-0.0368887161093148	0.0484741945529864	453	7	0.447058935558471	0.754425075128957
semibin_SRR16554732.21_sub	response	R	0.0265203196092823	0.0348219063526364	453	3	0.446697593613951	0.754425075128957
semibin_SRR16554767.32	response	R	0.0898859524839827	0.1182942485122	453	33	0.447741483771186	0.754678359031396
metabat_ERR6275668.55	response	R	-0.0153593208320653	0.0202129053833806	453	6	0.447727960082344	0.754678359031396
semibin_ERR12406013.35	response	R	-0.0621702077045686	0.0819487811637922	453	26	0.448461863196057	0.755228030406687
semibin_ERR6279626.23	response	R	-0.0349441066499648	0.0460647745834921	453	7	0.448497192118647	0.755228030406687
metabat_SRR16554669.41_sub	response	R	0.118882352062115	0.157005860578198	453	116	0.449337887876611	0.755558112756655
semibin_SRR16554784.38	response	R	0.0474215613791725	0.0626095811205845	453	27	0.44919867651626	0.755558112756655
maxbin_SRR16554722.014	response	R	0.0410546839846124	0.0541958361994494	453	25	0.449134943770032	0.755558112756655
metabat_SRR16554660.22	response	R	0.0293762549931138	0.0388186509244373	453	6	0.449591073627747	0.755622473649693
maxbin_SRR23364204.002_sub	response	R	0.035158220158904	0.0465563015222135	453	21	0.450541128459244	0.756857433188103
metabat_SRR13022323.1	response	R	0.133676259198261	0.177204278979563	453	118	0.451026192846547	0.757310455610534
semibin_SRR11413687.106_sub	response	R	-0.0550224893906103	0.0730617785743772	453	22	0.451785518856044	0.757861586019967
metabat_ERR6282137.16	response	R	0.0161115511344008	0.0213912648974355	453	3	0.451732542342958	0.757861586019967
metabat_SRR5930494.32	response	R	0.0135155534065156	0.0179788565428474	453	4	0.452597057703283	0.758860875004646
metabat_ERR6233695.21_sub	response	R	0.0620566925920065	0.0826167913840627	453	30	0.452961031030486	0.759109144472444
metabat_ERR6279661.17	response	R	0.119124528492521	0.158901718121328	453	64	0.453842740932148	0.760224429307971
semibin_SRR23364197.17_sub	response	R	0.0296194044428071	0.0395335108087939	453	6	0.454113572369574	0.760315866881629
maxbin_SRR16168929.017	response	R	0.0362902574592855	0.048508256572822	453	20	0.454778186847175	0.760581072951291
semibin_SRR23364235.6	response	R	0.00891183313741698	0.0119074605287713	453	3	0.454594562566027	0.760581072951291
maxbin_SRR13068818.027_sub	response	R	-0.0284079999778426	0.03798408288972	453	10	0.454920931859091	0.760581072951291
semibin_SRR6000900.19	response	R	-0.0389257089970313	0.0520980593453403	453	4	0.455358024838533	0.760950007287206
semibin_SRR16554762.1	response	R	-0.0562183905186232	0.0753206135020687	453	23	0.455823294944063	0.76133119464815
metabat_ERR6279622.22	response	R	-0.0374881610109368	0.0502480970859882	453	19	0.45601919679437	0.76133119464815
metabat_SRR13022316.9	response	R	0.0337263203309054	0.0452821820449018	453	11	0.456778636777324	0.762237155628416
semibin_SRR13022325.6	response	R	-0.22562131506418	0.304363581066155	453	291	0.458906283535635	0.762743284940495
semibin_ERR2162202.11	response	R	0.135175300017879	0.182257570547803	453	116	0.458672571602936	0.762743284940495
semibin_SRR8387707.23	response	R	-0.104895689120473	0.141359397727667	453	84	0.458444519967433	0.762743284940495
semibin_SRR5930529.60	response	R	0.0236146460410207	0.0318786794906076	453	7	0.459221268527118	0.762743284940495
semibin_SRR5930495.35	response	R	0.0473641822090118	0.0638601340542326	453	13	0.458663907196346	0.762743284940495
metabat_ERR6279664.50	response	R	-0.0548530561476688	0.0737671957217181	453	15	0.457508473581147	0.762743284940495
semibin_SRR11413606.56	response	R	-0.0300878113852164	0.0405759188364676	453	12	0.458764819854412	0.762743284940495
metabat_ERR12406003.1	response	R	-0.0108712985576502	0.0146767058873599	453	3	0.459251289595856	0.762743284940495
metabat_SRR6000892.60	response	R	-0.0222206740747516	0.0299109626276554	453	3	0.457933113707548	0.762743284940495
semibin_SRR23364201.31	response	R	0.0114183348177502	0.0153704253341838	453	3	0.45794570913845	0.762743284940495
metabat_SRR16554744.3	response	R	0.12731511871743	0.172105946213967	453	113	0.459838800127827	0.763358461402002
semibin_SRR11413608.70	response	R	-0.00799963844235977	0.0108274764601183	453	2	0.460396011899964	0.763515937140974
metabat_SRR6000873.2	response	R	-0.018320397619453	0.0247904542738844	453	2	0.46028526416353	0.763515937140974
semibin_SRR5930504.31_sub	response	R	-0.0208588244357571	0.0282440747545792	453	7	0.460585125903301	0.763515937140974
maxbin_ERR6282137.011_sub	response	R	-0.0520989597965716	0.0707787969331102	453	19	0.462063792842997	0.763806438944983
metabat_SRR6000940.18	response	R	0.0470427737837486	0.0638850031102309	453	4	0.461890545147351	0.763806438944983
metabat_SRR25825493.23	response	R	-0.0220542908377036	0.0298930349870661	453	3	0.46103864529163	0.763806438944983
semibin_SRR16554630.22	response	R	0.0312325760207176	0.0423688619089297	453	10	0.461409161412017	0.763806438944983
metabat_SRR16168920.14	response	R	-0.0221822255562029	0.0301173916823191	453	6	0.46179391579717	0.763806438944983
semibin_SRR5930497.86_sub	response	R	0.0503453946298111	0.0683300347277947	453	10	0.461629529790547	0.763806438944983
metabat_ERR6271719.4	response	R	0.119403592367212	0.163026830268767	453	82	0.464297350598372	0.764267616923926
semibin_SRR16168909.12	response	R	0.118843502705701	0.162353432266619	453	135	0.464549985452422	0.764267616923926
metabat_SRR5930536.81_sub	response	R	-0.0780842177863249	0.106372713878668	453	30	0.463293990658053	0.764267616923926
metabat_ERR2162206.17	response	R	0.0307402443607602	0.041919977748302	453	9	0.463752143717579	0.764267616923926
semibin_SRR5930528.71	response	R	0.0886497830728478	0.121019885977453	453	47	0.464231330347614	0.764267616923926
semibin_ERR6279650.29	response	R	0.0446990847502258	0.0610040971238585	453	9	0.464109347663551	0.764267616923926
metabat_SRR20881980.15_sub	response	R	0.0371643705872933	0.050840776498729	453	21	0.465165574396685	0.764267616923926
maxbin_ERR6279679.046	response	R	0.0375177765147269	0.0510476677102087	453	32	0.462752046624663	0.764267616923926
semibin_SRR16554678.8	response	R	-0.0235603207679256	0.0322170582185282	453	4	0.464978246684093	0.764267616923926
maxbin_SRR23364170.010_sub	response	R	0.0184731330277158	0.0252715811403482	453	5	0.465168572302958	0.764267616923926
maxbin_SRR25825518.017_sub	response	R	-0.0252821585278194	0.0344562605383895	453	4	0.463484550261809	0.764267616923926
metabat_ERR6281000.30	response	R	-0.0456061671648509	0.0620888294152478	453	14	0.463006984587309	0.764267616923926
metabat_SRR13068816.46	response	R	-0.00865115970116366	0.0118264014262329	453	2	0.464846135567052	0.764267616923926
semibin_SRR16554633.6	response	R	0.0904696454640191	0.123883614272236	453	60	0.465607977963395	0.764632251526995
semibin_SRR11413686.80	response	R	0.151267021386141	0.208426010341709	453	85	0.468386458224736	0.765164028416645
semibin_SRR11413691.40_sub	response	R	-0.0573467478226256	0.078805042682127	453	27	0.467172402697736	0.765164028416645
metabat_ERR12405924.12	response	R	-0.0461766070419918	0.0635594297127152	453	19	0.467904831880232	0.765164028416645
semibin_SRR13068829.205	response	R	0.130077720813192	0.179302242323635	453	56	0.468543274511103	0.765164028416645
semibin_ERR12406004.33	response	R	0.0404060046199703	0.0554920888471438	453	7	0.466906335976435	0.765164028416645
maxbin_ERR6271719.005_sub	response	R	0.0428210175543537	0.0588911287770814	453	15	0.467528666670051	0.765164028416645
metabat_SRR5930519.9	response	R	0.027415771556147	0.0377357562731122	453	6	0.467897883477966	0.765164028416645
metabat_ERR6271721.70	response	R	-0.0434131657075293	0.0597313600739749	453	10	0.467723047383513	0.765164028416645
maxbin_SRR11413691.013	response	R	-0.0193819834587117	0.0267042122251462	453	8	0.468337794330659	0.765164028416645
semibin_SRR16554636.22	response	R	-0.0252236227331589	0.0347233279543659	453	3	0.467961541047335	0.765164028416645
metabat_SRR25825521.35	response	R	0.0100759039899559	0.0138737078794159	453	3	0.468058459371032	0.765164028416645
maxbin_SRR13068832.004	response	R	-0.018600040932726	0.025545648397525	453	7	0.466924868344485	0.765164028416645
metabat_ERR6279664.11	response	R	0.0860251354648234	0.11870540489393	453	43	0.469016261763717	0.76558086182044
semibin_ERR6279659.15	response	R	-0.0338413774682245	0.0467760708664618	453	13	0.46976264281866	0.766443365267011
semibin_SRR5930507.41	response	R	-0.00768120997467322	0.0106254153429325	453	2	0.470117582103395	0.76666670625025
semibin_SRR16554712.24	response	R	0.0394956404791582	0.054711822316217	453	11	0.470741012270164	0.766770029039407
metabat_SRR5930516.94	response	R	-0.0809905601210616	0.112147055528596	453	83	0.470561000872704	0.766770029039407
maxbin_ERR6275663.053	response	R	0.010348071511395	0.0143378233977654	453	3	0.470835179947691	0.766770029039407
metabat_ERR12405975.5_sub	response	R	-0.246766368950422	0.345580218633714	453	302	0.475558698996863	0.76708583561329
semibin_SRR5930507.29	response	R	-0.138905673193179	0.194967008521989	453	110	0.47655245322644	0.76708583561329
semibin_SRR16554672.14	response	R	0.0999419915464724	0.140519298977229	453	53	0.477307423002237	0.76708583561329
maxbin_SRR5930506.040	response	R	-0.0883374528803647	0.12274380153031	453	35	0.472089437956307	0.76708583561329
semibin_SRR5930498.24	response	R	0.06160805833797	0.0854972129082722	453	24	0.47153785524722	0.76708583561329
metabat_SRR16554671.17_sub	response	R	0.0497510334172575	0.0701452179654183	453	18	0.478531083868767	0.76708583561329
semibin_SRR16554666.90	response	R	0.0418422466144356	0.0594789714174399	453	12	0.482121273368547	0.76708583561329
semibin_SRR5930504.156_sub	response	R	0.0512468197687042	0.0722728412703222	453	23	0.478644916166142	0.76708583561329
metabat_SRR25825494.29	response	R	-0.0341647333565846	0.0481420235893546	453	13	0.478278323803032	0.76708583561329
maxbin_SRR16168920.025	response	R	-0.112578553832405	0.158421100261249	453	74	0.477684653226257	0.76708583561329
semibin_ERR12405968.41	response	R	-0.0674671992760545	0.093840714015958	453	33	0.472541372761502	0.76708583561329
maxbin_SRR16554744.003	response	R	0.0476572147203721	0.0677110397548705	453	26	0.48190112629229	0.76708583561329
semibin_SRR11413692.31	response	R	-0.00721551219157338	0.0102329845590475	453	2	0.481097727358609	0.76708583561329
maxbin_ERR6275675.041_sub	response	R	0.04754516549325	0.0660558555920299	453	12	0.472041633172028	0.76708583561329
semibin_SRR6000899.37	response	R	0.0704266411267434	0.0977558473926071	453	49	0.471634356784397	0.76708583561329
maxbin_SRR11413655.004	response	R	0.00315710674197162	0.00448820969783989	453	1	0.482155772659541	0.76708583561329
metabat_ERR12405913.30	response	R	0.0543369946994946	0.0765660499777952	453	23	0.478272582288211	0.76708583561329
maxbin_SRR16168943.001	response	R	0.0031571067421271	0.00448820969783953	453	1	0.482155772637952	0.76708583561329
semibin_ERR6279629.17	response	R	0.0478179636568525	0.0670356056538704	453	11	0.476015544223291	0.76708583561329
maxbin_SRR16168938.002	response	R	0.00315710674210183	0.00448820969783921	453	1	0.482155772641422	0.76708583561329
metabat_SRR16554757.24	response	R	-0.0358950050205102	0.0499485549858832	453	8	0.472738337325584	0.76708583561329
maxbin_SRR11413691.014	response	R	0.00315710674227979	0.00448820969783987	453	1	0.482155772616799	0.76708583561329
semibin_SRR6000903.20	response	R	-0.0492947706198576	0.0696743534868902	453	22	0.479620869868128	0.76708583561329
semibin_SRR16168918.72	response	R	0.00315710674190787	0.00448820969783873	453	1	0.482155772668264	0.76708583561329
semibin_ERR6279628.83_sub	response	R	-0.01790910947681	0.0254167242453308	453	5	0.48141100049724	0.76708583561329
metabat_SRR23364213.3_sub	response	R	-0.0267167000760776	0.0374844197563413	453	9	0.476374417399883	0.76708583561329
metabat_SRR13068853.29	response	R	0.0031571067419781	0.00448820969783924	453	1	0.482155772658578	0.76708583561329
maxbin_SRR16168969.005	response	R	0.00315710704730426	0.0044882097004347	453	1	0.482155730570176	0.76708583561329
semibin_SRR16168984.61	response	R	0.00315710706044113	0.00448820970054818	453	1	0.48215572875948	0.76708583561329
semibin_SRR25825504.106	response	R	-0.0230122833560873	0.0321471093304159	453	5	0.474460037726043	0.76708583561329
metabat_ERR12405961.39_sub	response	R	-0.00738249238998786	0.0104191210709779	453	2	0.478970378511269	0.76708583561329
semibin_ERR12405994.32	response	R	0.00315710705583275	0.00448820970050676	453	1	0.482155729394517	0.76708583561329
maxbin_SRR16168926.001_sub	response	R	0.0031571067419092	0.00448820969783947	453	1	0.482155772668156	0.76708583561329
semibin_SRR16168985.93	response	R	0.00315710705234673	0.00448820970047807	453	1	0.48215572987513	0.76708583561329
semibin_SRR5930495.18	response	R	-0.0229579530050538	0.0326317754840108	453	6	0.482079450811801	0.76708583561329
semibin_SRR16168929.43	response	R	0.00315710674205652	0.00448820969783956	453	1	0.482155772647733	0.76708583561329
metabat_SRR8387676.9	response	R	0.00315710674214265	0.00448820969783985	453	1	0.482155772635813	0.76708583561329
maxbin_SRR16168918.021	response	R	0.00315710674190071	0.00448820969783949	453	1	0.482155772669332	0.76708583561329
maxbin_ERR6232527.009	response	R	0.025114390294574	0.0352890859010562	453	5	0.477035074487484	0.76708583561329
metabat_SRR16168938.13	response	R	0.01469477178626	0.0206396643470979	453	4	0.476856324715718	0.76708583561329
semibin_SRR16168902.6	response	R	0.00315710704712225	0.00448820970043566	453	1	0.482155730595506	0.76708583561329
metabat_SRR16168984.26	response	R	0.00315710705105487	0.00448820970046752	453	1	0.482155730053255	0.76708583561329
maxbin_ERR6233693.019_sub	response	R	0.0104694339878341	0.0147660200019321	453	3	0.478678462042213	0.76708583561329
metabat_SRR16168984.25	response	R	0.0031571070582586	0.0044882097005294	453	1	0.482155729060303	0.76708583561329
metabat_SRR16168929.17	response	R	0.00315710705834602	0.00448820970052809	453	1	0.482155729048044	0.76708583561329
semibin_SRR16168986.33_sub	response	R	0.00315710704939079	0.00448820970045383	453	1	0.482155730282691	0.76708583561329
maxbin_SRR16168920.008	response	R	0.00315710674219145	0.00448820969783925	453	1	0.482155772628995	0.76708583561329
metabat_SRR16168943.48	response	R	0.00315710705257882	0.00448820970048054	453	1	0.482155729843195	0.76708583561329
metabat_SRR5930502.50	response	R	-0.0179935028799246	0.0253026130023267	453	4	0.477371965065065	0.76708583561329
maxbin_SRR16168985.035	response	R	0.00315710705327335	0.00448820970048588	453	1	0.482155729747394	0.76708583561329
metabat_SRR16168918.66	response	R	0.00315710674194406	0.0044882096978397	453	1	0.48215577266335	0.76708583561329
metabat_SRR16168976.16	response	R	-0.0400264320952552	0.0569632096668571	453	17	0.482623503688427	0.767135731902581
semibin_SRR8387659.60	response	R	-0.0081929941773875	0.0116540074357211	453	2	0.482406973658582	0.767135731902581
metabat_SRR16554652.47	response	R	-0.0251896901350858	0.0360335541453716	453	10	0.484873713859801	0.770364201505224
semibin_SRR5930533.32_sub	response	R	0.127740802049082	0.182845349782574	453	53	0.485145126300648	0.770447273745745
semibin_ERR6279646.10	response	R	0.13165654860282	0.18864941705123	453	159	0.485609434895525	0.770515385600654
semibin_SRR16554644.4	response	R	0.0219938332544882	0.0315162504958527	453	7	0.485626306738069	0.770515385600654
maxbin_SRR5930493.033_sub	response	R	-0.0422815730459974	0.0607637633787412	453	11	0.486892183241647	0.772175424572679
metabat_SRR16554703.42	response	R	0.0488677500518368	0.0705551433973746	453	11	0.488908207445765	0.774690669600769
metabat_ERR6279657.98_sub	response	R	-0.0362580205296737	0.052350792115861	453	15	0.488918827031885	0.774690669600769
metabat_ERR12405956.16	response	R	-0.204387883639902	0.296645045231395	453	153	0.491180607530764	0.775589005601714
metabat_SRR20881986.23	response	R	-0.0543251196155557	0.0788299738570761	453	18	0.491087887483598	0.775589005601714
metabat_SRR11413657.82	response	R	-0.0214204090371318	0.03104836437388	453	7	0.490609031138041	0.775589005601714
semibin_SRR13068843.60_sub	response	R	-0.0818274407964377	0.118670833391265	453	66	0.490846165713207	0.775589005601714
semibin_SRR13068825.144	response	R	0.0285846868119972	0.0414074562142176	453	5	0.490344385732804	0.775589005601714
metabat_ERR6232522.25	response	R	-0.0204878715150263	0.0296883071191754	453	4	0.490488925797412	0.775589005601714
semibin_SRR8387691.37	response	R	-0.0200281150762539	0.0290371289121844	453	3	0.490712215345642	0.775589005601714
semibin_ERR6275652.38	response	R	0.0188505026621959	0.0273637667348194	453	4	0.491250487905295	0.775589005601714
semibin_SRR5930534.80	response	R	0.11413401701995	0.165936182172085	453	62	0.491920536250804	0.775950024880137
maxbin_ERR6279625.039_sub	response	R	-0.0126876439440731	0.0184395084208628	453	3	0.491763415769748	0.775950024880137
semibin_SRR5930504.107	response	R	0.0365221656639275	0.0531584237724191	453	10	0.492408330196017	0.776371160972734
metabat_ERR6279666.8	response	R	-0.0495125199931436	0.072231311662988	453	15	0.493400483153949	0.777586776678299
maxbin_SRR13068839.007_sub	response	R	-0.026968788509632	0.0393651070852334	453	11	0.493637838360919	0.777612293762093
semibin_SRR16554750.26	response	R	-0.0293130551607248	0.0428998520566667	453	7	0.494775443256657	0.779017489458787
maxbin_SRR5930493.011	response	R	0.0424385941517869	0.0621544746495518	453	10	0.495088907985681	0.779017489458787
semibin_ERR6281341.23_sub	response	R	-0.0222022477940215	0.0325247006167182	453	5	0.495194564545048	0.779017489458787
metabat_SRR16554662.30_sub	response	R	0.135462426356571	0.198619761246823	453	184	0.495578656129658	0.779273056776331
maxbin_SRR11413655.009_sub	response	R	-0.108947427685912	0.160085990282064	453	86	0.496503911549305	0.779346710143648
semibin_SRR6000911.2	response	R	-0.0480958997441421	0.0706416325843981	453	27	0.496320161607495	0.779346710143648
metabat_ERR6279682.1	response	R	0.0603498130173427	0.0885827939739011	453	29	0.496043353148295	0.779346710143648
semibin_SRR25825494.13	response	R	-0.0254317109337156	0.0373697449915275	453	9	0.496512124778661	0.779346710143648
semibin_SRR23364206.58	response	R	0.0898747394804555	0.132325269708136	453	59	0.49736368110005	0.779530003790121
metabat_ERR6275675.41	response	R	-0.0476393160877657	0.0702020335896695	453	16	0.497737445537207	0.779530003790121
semibin_SRR13068825.28	response	R	0.0315292456053535	0.0463816902596689	453	20	0.49699709718011	0.779530003790121
maxbin_SRR16554777.012	response	R	0.0238477345504649	0.0350889983522104	453	6	0.49708548542671	0.779530003790121
maxbin_SRR5930498.005	response	R	-0.0223770498663193	0.0329666180164558	453	6	0.497626733329892	0.779530003790121
metabat_SRR16168929.12	response	R	0.0542953858750092	0.0801100650371863	453	25	0.498271525192234	0.77967186585487
metabat_ERR6275682.8	response	R	-0.0434127650352441	0.0640498643700143	453	19	0.498248407858342	0.77967186585487
semibin_SRR16554695.47	response	R	-0.0875725081270737	0.129891657916422	453	25	0.500532037195486	0.782319536792629
metabat_ERR6279655.17_sub	response	R	0.0606000508360709	0.0898913768223396	453	31	0.50056335030664	0.782319536792629
semibin_SRR5930533.29	response	R	0.0835495193453846	0.123952764298839	453	50	0.500631102896307	0.782319536792629
semibin_ERR6264280.63	response	R	0.0455079386320973	0.0676185098596715	453	30	0.501286508015571	0.782995718428587
semibin_ERR6279627.38	response	R	0.0657453405365154	0.0978003170627412	453	29	0.501774917334322	0.783410572534404
maxbin_ERR12405988.009	response	R	-0.0226735006409624	0.033819258165387	453	9	0.502927034069198	0.783469934974473
metabat_SRR25825521.14	response	R	0.0317488990570249	0.0473555497151981	453	5	0.502927088520303	0.783469934974473
metabat_SRR8387677.42	response	R	-0.0245230380420761	0.0365608677048545	453	10	0.50272967311023	0.783469934974473
metabat_SRR13068815.13_sub	response	R	0.023679287798202	0.0352849261541992	453	6	0.502508067910893	0.783469934974473
semibin_ERR6281340.14	response	R	-0.0154765036229928	0.0230792516433666	453	3	0.502832154577334	0.783469934974473
metabat_SRR16168982.24	response	R	-0.131037819600833	0.195722225886454	453	122	0.503514918159261	0.784038287089443
metabat_SRR16554697.2	response	R	0.0300947161871726	0.045107325799044	453	5	0.504999997002938	0.785307381451717
maxbin_ERR6281448.001	response	R	0.017410829529187	0.0260948600535172	453	3	0.504978926003911	0.785307381451717
semibin_SRR23364216.26	response	R	-0.0131831419943607	0.0197431208699523	453	3	0.504645299465944	0.785307381451717
semibin_SRR13068827.60	response	R	-0.0607393642308385	0.0912168691481427	453	34	0.505829107933846	0.785901521650642
metabat_SRR11413653.56	response	R	-0.00650447857795927	0.00976440665393356	453	2	0.505662907396592	0.785901521650642
semibin_SRR16554736.14	response	R	0.0123600898721633	0.0185974369749784	453	2	0.506639017944304	0.786338963585041
metabat_SRR25825500.41_sub	response	R	0.0473966189567787	0.0713000381088787	453	29	0.506550889958725	0.786338963585041
semibin_SRR23364175.38	response	R	-0.0441476309779722	0.0664587656779571	453	13	0.506850524283537	0.786338963585041
semibin_ERR6279666.15_sub	response	R	-0.00646416883619685	0.00973459419768561	453	2	0.507005241879206	0.786338963585041
metabat_ERR12405920.11_sub	response	R	-0.0250995719619218	0.0378776789938483	453	9	0.507894452860212	0.787370765545196
maxbin_SRR23364240.009_sub	response	R	0.0686752689916936	0.103784222397231	453	79	0.508496921194921	0.787611799313709
maxbin_SRR16554721.036	response	R	-0.0360779865200002	0.0545352095171767	453	12	0.508594931137827	0.787611799313709
maxbin_SRR6000909.031	response	R	0.0236461918071071	0.0357540920561419	453	8	0.508721955700066	0.787611799313709
semibin_SRR16554766.35_sub	response	R	0.121014854797339	0.183658096956279	453	158	0.510290865995538	0.7880581676275
metabat_SRR13068824.46	response	R	-0.035888176064999	0.0544559811931566	453	10	0.510212238285197	0.7880581676275
maxbin_SRR11413610.003	response	R	0.0174256358812186	0.0264724727579063	453	4	0.510710245146983	0.7880581676275
semibin_ERR6275678.4	response	R	-0.0262055965883059	0.0396800787534859	453	9	0.50932030647475	0.7880581676275
metabat_ERR6275673.75	response	R	-0.0280392441971797	0.0425407520844382	453	8	0.510158361567061	0.7880581676275
metabat_SRR20881980.24_sub	response	R	0.020700470551315	0.0313984370010994	453	2	0.510050237725467	0.7880581676275
metabat_SRR13068841.35_sub	response	R	-0.0111731430037501	0.0169775792575999	453	4	0.510803345854116	0.7880581676275
metabat_SRR11413608.94	response	R	-0.00636083460990531	0.00965827614039666	453	2	0.510497551023191	0.7880581676275
semibin_ERR12405915.28	response	R	0.0356918368440642	0.0542954239265877	453	13	0.511284131920796	0.788453950804175
semibin_ERR6230326.3	response	R	0.114994979565177	0.175517362056763	453	155	0.512691290830205	0.788893907465647
maxbin_ERR2162203.009_sub	response	R	0.0350410972170144	0.0534802814692266	453	13	0.512664814148116	0.788893907465647
semibin_SRR5930529.29	response	R	0.0861368769144174	0.131342763718917	453	52	0.512277629546494	0.788893907465647
metabat_SRR25825506.38	response	R	0.0214589624678859	0.0326874777562588	453	4	0.511845128988442	0.788893907465647
semibin_ERR6275674.5	response	R	0.0175328297032903	0.0267330690113624	453	3	0.512256363432996	0.788893907465647
semibin_SRR5930498.111	response	R	-0.0532170213898914	0.0813039592079045	453	32	0.513097441260406	0.789173492332277
maxbin_SRR5930494.015_sub	response	R	0.0192370313251716	0.0294321237093185	453	5	0.513698361863318	0.78940709803821
metabat_SRR23364187.17_sub	response	R	-0.0106917505070733	0.0163527139178324	453	3	0.513561986801116	0.78940709803821
semibin_ERR6279671.89	response	R	0.0314591865605653	0.0483327592382617	453	6	0.515451032649539	0.791489842369766
semibin_SRR6000899.35	response	R	-0.00643189178982464	0.00988286148170744	453	2	0.515503907573028	0.791489842369766
semibin_SRR6000910.14	response	R	0.123061903690521	0.190002588232246	453	161	0.517521391833127	0.793154197362575
semibin_SRR13068825.10	response	R	-0.0510348188821504	0.0787243275196177	453	25	0.517139577205919	0.793154197362575
metabat_SRR23364213.66	response	R	-0.0722835039273034	0.111595464528721	453	50	0.517490518553003	0.793154197362575
maxbin_SRR16554762.009	response	R	0.0254193608658252	0.0392213539474629	453	6	0.517251054750923	0.793154197362575
metabat_ERR12405998.47	response	R	0.0196983596937177	0.030444255501516	453	4	0.517941421258382	0.793154197362575
semibin_SRR16168930.147	response	R	0.0242445289381903	0.0374677445276752	453	8	0.517912414160867	0.793154197362575
metabat_SRR5930531.8_sub	response	R	0.0412476906809846	0.0638372803746989	453	20	0.518518657077739	0.793692467690609
maxbin_SRR5930507.019	response	R	-0.00585554948383589	0.00907425693876218	453	2	0.519070098894116	0.794190804052094
maxbin_SRR8387676.006	response	R	-0.0498877380719107	0.077358330138095	453	13	0.51932575289247	0.794236340656775
semibin_SRR13022424.5	response	R	-0.0942346521437083	0.146610208444467	453	56	0.520709540187549	0.795947743936026
maxbin_SRR16554652.022_sub	response	R	0.0625007939643365	0.0973512809423872	453	36	0.52119090168491	0.795947743936026
metabat_SRR16554703.48_sub	response	R	-0.0277630648923607	0.0432835937301476	453	5	0.521576678620195	0.795947743936026
semibin_SRR11413648.87_sub	response	R	-0.0124812007026033	0.0194397077407765	453	5	0.521172622053298	0.795947743936026
metabat_SRR23364197.77_sub	response	R	0.0143180478170585	0.0223220140308952	453	4	0.521573837390088	0.795947743936026
semibin_ERR6279669.45	response	R	0.0776798834949916	0.121356662719271	453	89	0.522437327594791	0.796478243843488
metabat_ERR6275676.46_sub	response	R	-0.0196748288912719	0.0307497209137476	453	4	0.522603898904132	0.796478243843488
semibin_ERR6279619.36	response	R	0.0546822412082538	0.0853974501454204	453	26	0.522285632695337	0.796478243843488
metabat_SRR16554654.18	response	R	-0.0972681407894934	0.15310900012976	453	105	0.525564308863031	0.796621686506802
semibin_ERR6279654.38	response	R	-0.0424486960107613	0.0667160735483802	453	19	0.524930662287076	0.796621686506802
semibin_SRR16554652.75	response	R	-0.0602160471232736	0.0948037202827883	453	17	0.525643433644989	0.796621686506802
semibin_ERR6279619.56	response	R	0.0335852381552292	0.0527057649603715	453	12	0.524304090088569	0.796621686506802
semibin_ERR6232382.57	response	R	-0.0144024793663363	0.0225825595312883	453	3	0.523948278053011	0.796621686506802
semibin_ERR6279627.7	response	R	0.0468604586055291	0.0736820390561658	453	14	0.525110773996334	0.796621686506802
metabat_ERR6232526.6	response	R	0.0513039686957337	0.0803307114361046	453	14	0.523368684764546	0.796621686506802
maxbin_ERR6275671.007_sub	response	R	-0.0195756504318023	0.0306191022470892	453	5	0.52293524836931	0.796621686506802
semibin_ERR12405947.16	response	R	0.022062407992471	0.0346555070734652	453	8	0.524697282957441	0.796621686506802
semibin_ERR6229432.28_sub	response	R	-0.010972417835193	0.0172677246553014	453	3	0.525470746054159	0.796621686506802
semibin_ERR12406013.48	response	R	0.0206850424197193	0.0324802121023943	453	4	0.524545279417632	0.796621686506802
metabat_ERR12406012.1_sub	response	R	0.0261932887485985	0.0411877637335924	453	5	0.525134139786211	0.796621686506802
metabat_SRR25825501.22	response	R	0.0136595860505486	0.0213937897767908	453	5	0.523484698045157	0.796621686506802
metabat_ERR12405920.1	response	R	-0.0434250441500873	0.0685931259902135	453	20	0.527001249340941	0.798335369531558
metabat_ERR6230245.23	response	R	0.0139357389137979	0.0220322748869939	453	3	0.527372502615785	0.798553711971188
metabat_SRR5930523.5	response	R	-0.124863246545726	0.197666372702113	453	105	0.527912466152412	0.798838883359942
semibin_SRR5930520.142	response	R	-0.0435682192751517	0.0690209489125243	453	27	0.528208753485377	0.798838883359942
semibin_SRR5930532.101_sub	response	R	0.0386283289078184	0.0612001411487635	453	15	0.528242435668903	0.798838883359942
semibin_SRR16168903.5	response	R	-0.115393085121066	0.183798863689943	453	87	0.530439487443168	0.798965581170403
semibin_ERR2162216.32	response	R	0.0957013380774161	0.152138612373446	453	73	0.529641772281696	0.798965581170403
semibin_SRR5930531.66	response	R	0.0355536792132387	0.056714555705263	453	25	0.531053061204559	0.798965581170403
semibin_SRR23364229.5	response	R	0.0636057809649072	0.101146054760725	453	58	0.529768214395921	0.798965581170403
maxbin_SRR16554720.002	response	R	0.0168813570010986	0.0268965151098367	453	2	0.530556758411661	0.798965581170403
metabat_SRR13068843.68	response	R	0.0741104809500245	0.118167703292194	453	86	0.530873072944167	0.798965581170403
maxbin_ERR12405962.006	response	R	-0.0372736094697079	0.0594083139884292	453	17	0.53070547381011	0.798965581170403
semibin_ERR6232425.9	response	R	-0.0428123157870408	0.0682865758741376	453	16	0.531009243894496	0.798965581170403
semibin_ERR12405952.12	response	R	-0.0178550071944104	0.0283163577510472	453	8	0.528652614166601	0.798965581170403
metabat_SRR16554725.6	response	R	-0.0118017181945488	0.0187559572359007	453	3	0.529521819171434	0.798965581170403
metabat_ERR6279622.15	response	R	0.0302482847438337	0.0481057537235278	453	5	0.529807750846668	0.798965581170403
semibin_SRR23364187.35	response	R	0.0157651251845744	0.0250218176457381	453	7	0.52897864199063	0.798965581170403
maxbin_SRR16554733.009	response	R	0.0866408022877018	0.138443808882557	453	82	0.531751002869022	0.799673449994646
metabat_SRR13022461.7	response	R	-0.0481762149451125	0.0771037107373651	453	23	0.532403280414398	0.800312070943575
metabat_SRR11413687.86	response	R	0.0682185043425805	0.109329161146169	453	52	0.532962229238945	0.800366874825305
metabat_SRR13068843.54	response	R	0.0416410658014652	0.0667617538213312	453	19	0.533122645290348	0.800366874825305
semibin_ERR6279624.2	response	R	0.0165418735224635	0.0264972383362584	453	2	0.532754976801317	0.800366874825305
metabat_ERR6275663.46	response	R	0.0152510113516207	0.0244677384434417	453	4	0.533396222487	0.800432600571448
semibin_SRR11413614.13	response	R	-0.0673231708064547	0.108068490559339	453	24	0.533621733714299	0.800432600571448
semibin_SRR13068829.41	response	R	0.0206145206023357	0.033130109466256	453	10	0.534107111420772	0.800819020791231
maxbin_SRR16554777.024_sub	response	R	0.0161892347340916	0.0260826768914338	453	2	0.535117697269831	0.801788127355425
semibin_ERR12405966.20	response	R	-0.0054646296472082	0.00880602118747832	453	2	0.53520953779954	0.801788127355425
semibin_ERR6279624.49	response	R	0.0216577047146006	0.0349232994908494	453	8	0.535472824179861	0.801840907076827
semibin_ERR12405973.6	response	R	0.0469811116224661	0.07584593663238	453	24	0.535947185566875	0.802017185390984
maxbin_SRR11413679.051_sub	response	R	-0.0114253254143662	0.0184494053287219	453	4	0.536046753603189	0.802017185390984
semibin_SRR11413619.16	response	R	-0.0154518986148126	0.0249966319927942	453	6	0.536782908648554	0.802284256337018
metabat_SRR5930501.50	response	R	-0.0213220177922583	0.0345011751269972	453	11	0.536881802004021	0.802284256337018
semibin_SRR6000907.58	response	R	0.0361432948062127	0.058487497408967	453	15	0.536909799533846	0.802284256337018
semibin_ERR6267712.36	response	R	0.0845149556971375	0.137077877910853	453	55	0.53784614439427	0.803134556001923
metabat_ERR6275667.18	response	R	0.016131539581814	0.0261849102087645	453	3	0.538164110904587	0.803134556001923
semibin_SRR5930512.42	response	R	0.0253421900456563	0.0411342856436039	453	7	0.538149949950183	0.803134556001923
metabat_SRR16554625.18	response	R	0.0156902498665088	0.0254964160175791	453	2	0.538607325627977	0.803454966868039
semibin_ERR6281942.19	response	R	-0.0171565279922558	0.027905510720708	453	6	0.538991978945131	0.8036877853991
maxbin_ERR6275673.018	response	R	-0.0115487768311187	0.0188017063344023	453	4	0.539365879521732	0.803904379990847
semibin_ERR6281341.24	response	R	0.0437910651829656	0.0713367727214762	453	29	0.539616027450756	0.80393642055799
semibin_ERR6267711.11	response	R	0.0150418980815741	0.0245341149756486	453	3	0.540119775882972	0.80434609572407
maxbin_SRR16554767.001	response	R	0.0238162871169336	0.0388917579732692	453	7	0.54059920493882	0.804454655725161
maxbin_SRR25825517.009_sub	response	R	-0.0209129851109205	0.0341550031574132	453	5	0.540650270613924	0.804454655725161
semibin_SRR16554752.21	response	R	0.0249425223225074	0.0407713373882325	453	6	0.541001833076075	0.804637244118223
metabat_ERR6239139.34_sub	response	R	0.0422039144531653	0.0690557142715123	453	22	0.541403289574078	0.80489385460569
maxbin_SRR25825511.012	response	R	-0.0248879039847865	0.0407735164617557	453	4	0.541910780006209	0.805155478592028
metabat_SRR23364199.7	response	R	0.0173340995539801	0.0284071884275143	453	7	0.542037263318353	0.805155478592028
semibin_SRR23364225.25	response	R	-0.043014005037771	0.0705724256510645	453	14	0.542500018272108	0.805502560914161
semibin_SRR5930493.116	response	R	-0.0137994781777491	0.0226566451495743	453	3	0.542784934951851	0.805585407889703
semibin_SRR11413613.34	response	R	0.0535566129289004	0.0883325908340038	453	21	0.544616419897175	0.807006863336757
semibin_SRR5930514.44	response	R	0.0471251475656595	0.0778453478015025	453	16	0.545238771663434	0.807006863336757
metabat_SRR23364184.7	response	R	0.0513267944264144	0.0848576117683994	453	29	0.545577694558803	0.807006863336757
maxbin_SRR25825512.008	response	R	-0.0443364988950221	0.0730111317852448	453	25	0.543986232981531	0.807006863336757
maxbin_SRR11413655.007	response	R	-0.013876288774396	0.0229414025339566	453	8	0.545578872056733	0.807006863336757
semibin_SRR16554664.19	response	R	0.00848837807370958	0.0140198726821565	453	3	0.545183245091094	0.807006863336757
semibin_SRR25825505.21	response	R	0.0216058360002503	0.0356220859781479	453	4	0.544469111290563	0.807006863336757
maxbin_ERR6231475.011	response	R	-0.0131979476246444	0.0217835496260368	453	3	0.544908776227231	0.807006863336757
metabat_ERR12405955.18	response	R	0.0120552125765533	0.0199447969969003	453	4	0.545863363160316	0.80708813493342
semibin_ERR12405997.28	response	R	-0.00541532239695723	0.00896772820609458	453	2	0.546236695764175	0.807300639893585
metabat_ERR12405930.6	response	R	0.0784435798837135	0.131260700978389	453	68	0.550396844957556	0.810044079895675
metabat_SRR11413618.29_sub	response	R	0.0556259219446345	0.0928013291083398	453	14	0.549201384232102	0.810044079895675
semibin_SRR5930528.277	response	R	0.0484904319154352	0.0809352916862508	453	31	0.549392018681564	0.810044079895675
semibin_SRR16554627.34	response	R	0.0360828967937295	0.060251520385405	453	15	0.549559755948652	0.810044079895675
metabat_SRR20881976.34_sub	response	R	0.0542141230717736	0.0905998040844301	453	36	0.54987974644655	0.810044079895675
metabat_SRR5930528.57_sub	response	R	-0.0376008484688315	0.0626173524831855	453	17	0.54848406360851	0.810044079895675
semibin_ERR6232526.0_sub	response	R	-0.0209237171197478	0.0348615702630843	453	3	0.548679547093918	0.810044079895675
semibin_SRR11413606.86	response	R	-0.00670260454812308	0.0112126722494825	453	3	0.550295172140874	0.810044079895675
metabat_ERR12406004.31	response	R	0.0135316683945831	0.0226212316523494	453	7	0.550017931863676	0.810044079895675
semibin_ERR12405928.62	response	R	-0.00526080996002573	0.00878993803851896	453	2	0.54980438832889	0.810044079895675
metabat_SRR5930498.104	response	R	-0.0446751952273501	0.075021740834516	453	21	0.551810465047132	0.811784767826659
metabat_ERR6275677.54	response	R	0.0756150948904463	0.127164848272269	453	61	0.552395163440141	0.811909618143714
metabat_ERR12405982.7	response	R	0.0210373575114864	0.0353844893264795	453	6	0.552451715808218	0.811909618143714
metabat_ERR6281504.76	response	R	-0.0186956349773249	0.0314564926401502	453	4	0.552588087661521	0.811909618143714
metabat_SRR16554744.18	response	R	0.0243069057651449	0.0409494157839604	453	6	0.553088508153589	0.812305428015046
semibin_ERR6275666.93	response	R	0.094885547372717	0.160073970061162	453	31	0.553638497318038	0.812434455997588
metabat_SRR11413645.3	response	R	-0.0195656825576049	0.0330036288208458	453	11	0.553589726703848	0.812434455997588
semibin_SRR13022452.10	response	R	-0.0515562109901728	0.0873627419225487	453	29	0.555392651424645	0.814389795440573
semibin_ERR6275674.65	response	R	0.0611546959122116	0.103638387064625	453	44	0.555434223397751	0.814389795440573
maxbin_SRR16554753.014	response	R	-0.0378769105344788	0.0644239433521959	453	16	0.556873047275749	0.815139731149682
metabat_ERR6281432.38	response	R	-0.0356863819835746	0.0605993245413803	453	18	0.556229666687748	0.815139731149682
semibin_SRR25825504.54	response	R	0.0477560713291903	0.0811801275566413	453	26	0.556643606027033	0.815139731149682
semibin_ERR6279672.70_sub	response	R	-0.0112336789604035	0.0190950253087976	453	4	0.556623505188713	0.815139731149682
semibin_SRR25825497.40_sub	response	R	-0.0497581971230307	0.0851533726076647	453	23	0.559286450638132	0.816637616493107
semibin_ERR6275681.3	response	R	-0.0534662355430852	0.0912955468350838	453	31	0.558411321406563	0.816637616493107
semibin_ERR6275676.59	response	R	-0.0115246277313407	0.0196749442909529	453	4	0.558336265414773	0.816637616493107
metabat_ERR6279645.3	response	R	0.0216068018687893	0.0369769764182208	453	8	0.559289926198919	0.816637616493107
semibin_SRR16554734.17	response	R	0.0211517981746398	0.0361809509440391	453	6	0.559101336790324	0.816637616493107
metabat_ERR6231475.22_sub	response	R	0.0232797193442588	0.0398114377907107	453	9	0.559010896631978	0.816637616493107
maxbin_ERR6279673.036	response	R	0.0680632492333555	0.116840882273385	453	90	0.560504650397259	0.817369331911593
semibin_ERR12405947.46	response	R	-0.0111805460613658	0.019220543321671	453	5	0.561062740705708	0.817369331911593
metabat_SRR5930522.11	response	R	0.0313688031207544	0.0538549829305186	453	12	0.560542988438859	0.817369331911593
maxbin_ERR6279626.022	response	R	-0.0122124058743386	0.0209890163272308	453	3	0.560961394389609	0.817369331911593
metabat_SRR16168896.21	response	R	-0.00480627899917325	0.00826506627887526	453	2	0.56118588374135	0.817369331911593
maxbin_SRR20881983.029	response	R	-0.0204990479377068	0.0351598092011978	453	7	0.560168101552771	0.817369331911593
semibin_SRR16168926.64	response	R	-0.0179135271872891	0.0308253304793228	453	4	0.561445678506565	0.817409112061732
metabat_SRR16554766.12	response	R	0.0204709297079236	0.0352758625809521	453	5	0.561995522229702	0.817870966953491
metabat_SRR5930503.2	response	R	0.0255097780218268	0.0440124713099831	453	6	0.56247313116183	0.818092293179768
semibin_SRR25825511.32_sub	response	R	-0.0593125716323383	0.10236997144786	453	21	0.56261295930281	0.818092293179768
metabat_SRR25825503.11	response	R	-0.0183849833835172	0.0317851302741197	453	6	0.56327390883909	0.818714784406052
metabat_SRR5930503.76	response	R	0.0238428325336579	0.0412652379711175	453	8	0.563691142775388	0.818982668594324
semibin_ERR6232521.9	response	R	-0.0346583198330196	0.060100051850165	453	21	0.564445399450137	0.819513886990287
metabat_SRR13068852.52	response	R	0.0340624845995942	0.0590786031464361	453	14	0.564522933529714	0.819513886990287
maxbin_SRR11413645.020_sub	response	R	0.0204801652866245	0.0355965319161638	453	5	0.565347336122979	0.820033512297192
maxbin_SRR20881977.008	response	R	0.0177737740290708	0.0308885855618716	453	4	0.565298829385763	0.820033512297192
semibin_SRR23364231.4	response	R	-0.0238476169681729	0.0415544306073288	453	11	0.566331653523957	0.821122512903189
semibin_ERR12405970.61	response	R	-0.0812112342424896	0.141878926820422	453	59	0.567337692527748	0.821179071846456
metabat_SRR6000905.24	response	R	-0.0611148164253752	0.106992838100048	453	50	0.568145389019052	0.821179071846456
metabat_ERR6281500.12	response	R	0.069359285254817	0.121528917140481	453	44	0.568472656676414	0.821179071846456
metabat_SRR5930516.91	response	R	-0.0659654281096845	0.115334655663163	453	24	0.567643020126576	0.821179071846456
metabat_SRR16554766.13	response	R	0.0712787973131511	0.124740693709509	453	54	0.568003646635902	0.821179071846456
metabat_SRR6000893.52	response	R	0.0406578925780991	0.0710876485636822	453	28	0.567649434761165	0.821179071846456
metabat_SRR6000908.20	response	R	0.022590367167182	0.039564959519295	453	14	0.568306320905243	0.821179071846456
semibin_ERR6279647.53	response	R	0.00760733045682507	0.0133034345078967	453	6	0.567721751558102	0.821179071846456
maxbin_SRR13022364.001	response	R	-0.00487137280271208	0.00851088130920308	453	2	0.567356563032752	0.821179071846456
semibin_SRR23364227.44	response	R	-0.00884045506097707	0.0155067107405432	453	3	0.568890294334012	0.821444876746771
maxbin_SRR11413687.052	response	R	-0.0107231093723023	0.0188427684723699	453	3	0.569582741984868	0.822107110352544
metabat_SRR6000895.39	response	R	-0.00936521786150507	0.0164810983817334	453	5	0.5701569553079	0.822598217013778
metabat_SRR16168942.34	response	R	-0.0542894325125734	0.0957769184330478	453	37	0.571111099488295	0.822761340423137
metabat_SRR25825505.39	response	R	0.0134543367531431	0.0237419080098671	453	3	0.571206038672604	0.822761340423137
semibin_SRR23364194.25	response	R	0.0119964130652095	0.0211667317839867	453	2	0.571162361020744	0.822761340423137
semibin_ERR6232521.2	response	R	0.0120219441858669	0.0211968796227999	453	2	0.57089191110015	0.822761340423137
maxbin_ERR12406003.005	response	R	0.0129245112736021	0.0228482743904235	453	4	0.57190228039509	0.823375583074883
maxbin_SRR5930508.022	response	R	-0.0188677647064545	0.0333721920967797	453	7	0.572100838865739	0.823375583074883
maxbin_SRR13068842.001	response	R	0.0264666341520836	0.0468430893592179	453	6	0.57235050309807	0.823397859612445
metabat_SRR11413614.19	response	R	0.02432769244178	0.0431668855944443	453	7	0.573325810298442	0.824023933084426
semibin_ERR6279626.75	response	R	-0.0111186488737493	0.0197164938813283	453	3	0.573085795889583	0.824023933084426
metabat_SRR11413610.65_sub	response	R	-0.0189311109810002	0.0336055037617414	453	5	0.573488783918541	0.824023933084426
semibin_ERR6281518.131	response	R	-0.00480001396183883	0.00852696221429649	453	2	0.573769179932085	0.824090047647554
semibin_ERR6281941.108	response	R	-0.0173977636549423	0.0309264925328351	453	4	0.574020276544402	0.82411404341777
semibin_SRR16554790.42	response	R	0.0745672994282399	0.132863223978524	453	56	0.574917105697192	0.824391738838225
maxbin_SRR6000912.014	response	R	-0.0259596859462692	0.0462266447707841	453	11	0.574685907278318	0.824391738838225
semibin_ERR6279661.41	response	R	0.0164002139689821	0.0292088287131873	453	7	0.57474900939461	0.824391738838225
metabat_ERR2162205.19	response	R	-0.0138097150460084	0.0246283729094629	453	5	0.575266047503136	0.824555818598053
metabat_ERR6264281.57_sub	response	R	-0.0472451496457102	0.0844231286220877	453	27	0.57601560377342	0.825293750149692
metabat_SRR11413610.67	response	R	0.0311363401378677	0.0556808987545263	453	6	0.576308354050872	0.825376852481819
metabat_SRR23364176.32	response	R	0.0194483670660181	0.0348506699042711	453	6	0.577088115313093	0.826157090163206
semibin_SRR5930506.72	response	R	0.0492984174629254	0.0885814865775168	453	12	0.57812741695167	0.826287355871489
metabat_SRR11413686.33	response	R	0.0524850066542496	0.094398216925087	453	24	0.578489894221053	0.826287355871489
maxbin_SRR11413612.015_sub	response	R	-0.0598121945895395	0.107850669604528	453	35	0.579454911180811	0.826287355871489
semibin_SRR6000932.49_sub	response	R	-0.0454502456597851	0.0818240282416723	453	27	0.578855336706387	0.826287355871489
metabat_SRR25825502.66	response	R	-0.0132847768881124	0.0238989932702287	453	6	0.578574135720186	0.826287355871489
semibin_ERR6275676.34	response	R	-0.0414831686298232	0.074788461596726	453	14	0.579393063892671	0.826287355871489
metabat_SRR25825513.9	response	R	-0.0372118392356855	0.0672212945098302	453	22	0.580145995865139	0.826287355871489
maxbin_ERR6275673.039_sub	response	R	0.0397760463570853	0.0718171766222341	453	15	0.579955034867802	0.826287355871489
semibin_ERR6279669.146	response	R	-0.0632373090835478	0.114075192419739	453	49	0.579616570456277	0.826287355871489
semibin_ERR6279654.44_sub	response	R	0.0167499658685885	0.0303023214098193	453	8	0.580700385894678	0.826287355871489
semibin_ERR12406004.23	response	R	0.0111777192391608	0.0202203038537056	453	4	0.580676440832003	0.826287355871489
semibin_SRR25825501.29	response	R	0.00884403219827463	0.0159998788857785	453	2	0.580704225357921	0.826287355871489
semibin_ERR6275680.30	response	R	0.0223504266983107	0.0401831624397546	453	9	0.57834134486651	0.826287355871489
maxbin_SRR6000949.021_sub	response	R	0.0218698085489746	0.0394718600065302	453	13	0.579811898467243	0.826287355871489
metabat_SRR13068829.1	response	R	-0.0433541249090942	0.0778217131346318	453	19	0.577738677018095	0.826287355871489
maxbin_SRR16554719.004	response	R	0.0111137872257189	0.0201442977040842	453	2	0.581421102390682	0.826409099968131
semibin_SRR5930506.83	response	R	0.0190370085719274	0.0345186439259651	453	7	0.581566000356076	0.826409099968131
metabat_ERR12406002.26	response	R	0.0170724157500628	0.0309698553024403	453	6	0.581729955182345	0.826409099968131
semibin_SRR16554650.13	response	R	-0.00428082302898667	0.00775383558185877	453	2	0.5811604595593	0.826409099968131
maxbin_SRR16554671.002	response	R	-0.0949675477247936	0.172445101936177	453	43	0.582104454157878	0.826607132802544
maxbin_SRR16554769.014_sub	response	R	0.00748800002705102	0.013607430338849	453	3	0.582394571572345	0.826685229571403
semibin_SRR11413657.160_sub	response	R	0.0333566760947479	0.0608267797109352	453	26	0.583698379826342	0.827487227969459
metabat_SRR6000940.58	response	R	-0.0583752879847375	0.10650215603815	453	18	0.583885038329914	0.827487227969459
semibin_SRR16554673.8	response	R	0.0115083646570454	0.0209792886902327	453	2	0.583581563721246	0.827487227969459
metabat_ERR6275664.11	response	R	0.0479990497535648	0.0875750452206219	453	25	0.583900970589371	0.827487227969459
semibin_SRR16554786.37	response	R	0.0933256265222993	0.170859980394754	453	83	0.585191207985514	0.827607934964686
maxbin_SRR16554772.002	response	R	0.0207926373298018	0.0381118479355196	453	4	0.585633828837355	0.827607934964686
metabat_ERR2162221.27	response	R	-0.0425373042192051	0.0779235345944932	453	24	0.585415754257184	0.827607934964686
metabat_SRR16168974.17	response	R	0.0552985493494415	0.101199581436935	453	54	0.585042124559586	0.827607934964686
semibin_ERR6232528.6	response	R	0.0197036175088141	0.0360067131385578	453	6	0.584499151548822	0.827607934964686
maxbin_SRR16554633.011	response	R	0.0198093065305807	0.0362850413522313	453	7	0.585380728551703	0.827607934964686
maxbin_ERR6275668.045	response	R	-0.0152752079323762	0.0279611744765471	453	7	0.585131080822662	0.827607934964686
maxbin_SRR5930501.002	response	R	0.0927198150329822	0.170373099460499	453	80	0.586562967103918	0.82839621156723
semibin_SRR16554766.13	response	R	0.0875007863583006	0.160927609639387	453	104	0.586898453644474	0.82839621156723
metabat_SRR20881986.9_sub	response	R	0.0329340712769699	0.0605641144901982	453	19	0.586855736018832	0.82839621156723
maxbin_ERR12405975.009_sub	response	R	-0.0102524795086288	0.018925850041161	453	3	0.588280090403012	0.829347553270646
metabat_SRR16554778.4	response	R	0.0420930241499353	0.077615362063532	453	17	0.587860080555026	0.829347553270646
semibin_ERR12405983.42	response	R	-0.0102633181874519	0.0189416156243277	453	6	0.588197026936428	0.829347553270646
maxbin_SRR23364206.033_sub	response	R	0.0306781284855129	0.0568923343977428	453	17	0.589993345511094	0.830348219183642
semibin_SRR5930498.70	response	R	0.0474955817871607	0.0881159088159745	453	37	0.590144626535117	0.830348219183642
semibin_ERR6232523.16	response	R	0.0370532211152703	0.068747686146223	453	22	0.590170705273015	0.830348219183642
metabat_SRR16554771.7_sub	response	R	-0.0271838978909767	0.0503998374748051	453	15	0.589901733184103	0.830348219183642
semibin_ERR6279666.39	response	R	-0.0176110309977795	0.0326444590357189	453	7	0.589822762139313	0.830348219183642
semibin_ERR6275668.101	response	R	-0.0467654952387667	0.0868261014687693	453	28	0.59042496629337	0.830373672594996
semibin_SRR11413610.13	response	R	0.027523168890303	0.0511471515568865	453	10	0.590761500748089	0.830514768744614
metabat_SRR5930527.53_sub	response	R	-0.0170130156189062	0.0316559894917882	453	7	0.591233718462039	0.830846424505408
semibin_SRR20881975.0	response	R	0.115533450612038	0.215166652450786	453	58	0.591567852058124	0.830983846518723
semibin_ERR6248618.3	response	R	-0.0328692412190365	0.061321429272047	453	19	0.592212045393676	0.831224571498668
metabat_ERR6279666.25	response	R	0.0150624953315198	0.0280945517248766	453	4	0.592129682512185	0.831224571498668
metabat_SRR16554674.5	response	R	0.173601848443888	0.324433337105993	453	291	0.592851705313093	0.831790341532655
maxbin_ERR6232528.007	response	R	0.0340932248681898	0.0638721320749669	453	32	0.593763611565831	0.832737478366757
semibin_ERR12405963.13	response	R	0.0287928808552091	0.053977041461712	453	19	0.594001436058056	0.832738855334979
metabat_SRR13068848.31	response	R	0.014814268983741	0.0278101845908606	453	4	0.594511237067094	0.833121366890355
maxbin_SRR13022253.002	response	R	0.0587925511181307	0.111163653167275	453	39	0.597146976279642	0.83315572677063
metabat_SRR5930522.13_sub	response	R	-0.0411828232685039	0.07801783956956	453	25	0.597853213493259	0.83315572677063
metabat_ERR12405947.12_sub	response	R	-0.0492256178724552	0.0928484578035266	453	22	0.596254097158002	0.83315572677063
maxbin_SRR16554651.021_sub	response	R	-0.0391134808758422	0.0736572371103018	453	20	0.595666184924169	0.83315572677063
semibin_SRR5930536.9	response	R	-0.0754946367932793	0.142327252916503	453	65	0.596076313018192	0.83315572677063
semibin_SRR5930517.13	response	R	-0.0240089902537514	0.0452242719751966	453	14	0.595758453914359	0.83315572677063
semibin_ERR6279649.25	response	R	0.0259315425599052	0.0491113866052957	453	16	0.597748817646433	0.83315572677063
maxbin_SRR16168976.016_sub	response	R	-0.0138108945022785	0.0259509996050822	453	6	0.59485632007891	0.83315572677063
metabat_SRR11413689.56	response	R	0.0170943305557835	0.0321703607495661	453	5	0.595426509274388	0.83315572677063
semibin_SRR11413645.160	response	R	0.0100129027798557	0.0188660542123419	453	2	0.595862660129922	0.83315572677063
semibin_SRR25825512.45	response	R	-0.0325171631612274	0.0614086654529497	453	18	0.59670495901864	0.83315572677063
maxbin_SRR5930534.026_sub	response	R	0.0286966661163635	0.054286901906115	453	15	0.597335556431718	0.83315572677063
semibin_SRR6000940.38_sub	response	R	-0.00428782353880464	0.00809935415200673	453	2	0.596786301031019	0.83315572677063
semibin_SRR13068831.26	response	R	-0.00427502346219842	0.00809042407758045	453	2	0.597477930973114	0.83315572677063
semibin_SRR16554780.22	response	R	-0.0502709110300962	0.0954666312486395	453	31	0.598744170826456	0.834013563197908
semibin_SRR20881977.45	response	R	0.035025986751665	0.0665518467255379	453	33	0.598943187450147	0.834013563197908
semibin_SRR23364174.31	response	R	0.0641138210736601	0.121906265296834	453	56	0.599198378692349	0.834038598369873
metabat_ERR12406006.41	response	R	-0.0323203264734019	0.0615112407044076	453	16	0.599537159344718	0.834179917790277
metabat_SRR11413656.75	response	R	0.049931147497306	0.095148031355093	453	14	0.599998635308077	0.834391014208571
metabat_ERR6254870.14	response	R	-0.0421443101631421	0.0804047317347727	453	24	0.600430320308175	0.834391014208571
maxbin_SRR16168943.002	response	R	0.0144145312497211	0.0275163678282769	453	4	0.600638127691096	0.834391014208571
maxbin_SRR5930504.047_sub	response	R	-0.0130404563855441	0.0248820508307144	453	4	0.600474158758606	0.834391014208571
metabat_SRR13022417.2	response	R	-0.128527842389027	0.246536988942683	453	146	0.602391318056955	0.834837440927422
maxbin_SRR5930497.004	response	R	0.0493335460669485	0.0949284972997752	453	47	0.60353442944189	0.834837440927422
maxbin_SRR8387683.016_sub	response	R	0.0282837680851267	0.0543259713089772	453	14	0.602879603477725	0.834837440927422
semibin_SRR11413692.4	response	R	0.00760039411390639	0.0146088382570174	453	2	0.60313767990909	0.834837440927422
metabat_SRR23364192.31_sub	response	R	0.0413126082346292	0.0794255306015626	453	21	0.603219478999822	0.834837440927422
semibin_SRR11413612.43_sub	response	R	-0.0433696880422704	0.0834614586068623	453	14	0.603571323901452	0.834837440927422
metabat_ERR12406012.50_sub	response	R	-0.0140716342637385	0.0270678524695279	453	5	0.603412602711586	0.834837440927422
metabat_ERR12405914.16	response	R	0.0215361211014469	0.041276469543213	453	10	0.60209846376211	0.834837440927422
metabat_ERR12405943.44_sub	response	R	-0.0367740641724525	0.0705127657141745	453	9	0.602259035355086	0.834837440927422
maxbin_SRR13068819.002	response	R	-0.0128656419716764	0.0246835614383413	453	5	0.602467971118909	0.834837440927422
metabat_SRR16168976.44	response	R	-0.0107654067510428	0.0206751352266391	453	4	0.602835896079185	0.834837440927422
metabat_SRR23364235.43	response	R	-0.092327490810942	0.179317339643377	453	57	0.606886869222189	0.834868025623908
semibin_SRR5930494.234	response	R	0.0570811477004864	0.110277186692823	453	34	0.604981702778641	0.834868025623908
semibin_SRR5930503.42	response	R	0.0198852635991681	0.0385298184040506	453	10	0.60603729633368	0.834868025623908
semibin_SRR20881984.28	response	R	-0.045251362808951	0.0873990288158205	453	24	0.604882527776486	0.834868025623908
semibin_SRR11413652.34	response	R	0.0316015971410774	0.060928699290192	453	19	0.604249120786818	0.834868025623908
semibin_SRR11413656.47	response	R	-0.018548780065925	0.0360043013980674	453	13	0.60667807505458	0.834868025623908
semibin_ERR2162202.34	response	R	-0.0173190492693854	0.0334489273529842	453	3	0.604868924576949	0.834868025623908
metabat_ERR6279683.9	response	R	0.0560148521071783	0.108722315266945	453	30	0.606658739531688	0.834868025623908
maxbin_ERR6257997.018	response	R	0.0243934336542721	0.0469977378426071	453	14	0.603991603592926	0.834868025623908
maxbin_SRR16554786.001	response	R	0.0165537863767224	0.0321744827452634	453	6	0.607155159704304	0.834868025623908
metabat_SRR6000895.38	response	R	-0.0182363817174212	0.0354207645648949	453	6	0.606910407362344	0.834868025623908
semibin_ERR6275674.90	response	R	0.0205174791251282	0.0397727797135292	453	11	0.606199992284149	0.834868025623908
metabat_ERR6275668.25_sub	response	R	-0.0317091243248662	0.0616019888167901	453	18	0.60698557008736	0.834868025623908
maxbin_SRR25825499.078	response	R	0.0221290647698027	0.0428596653050014	453	5	0.60588785466463	0.834868025623908
semibin_SRR23364171.10_sub	response	R	-0.00411801986039533	0.00798124940602678	453	2	0.606133938868608	0.834868025623908
maxbin_SRR16554790.013_sub	response	R	-0.0847471659298834	0.165306980068585	453	78	0.608436888649169	0.835387575760269
semibin_SRR16554681.27	response	R	-0.0355568202849572	0.0693405940957176	453	27	0.608352744312153	0.835387575760269
maxbin_ERR6233693.010_sub	response	R	0.058122036959333	0.113750623644533	453	63	0.609630413369036	0.835387575760269
metabat_ERR6279652.12	response	R	0.0505231358148764	0.0989632382965124	453	37	0.60993455553732	0.835387575760269
metabat_SRR5930528.116	response	R	-0.042041516897382	0.0823821683607431	453	25	0.610076691242987	0.835387575760269
semibin_ERR6275666.11	response	R	-0.013978280840937	0.0274146652844149	453	5	0.610384153051232	0.835387575760269
metabat_SRR20881977.25_sub	response	R	0.0454459852039317	0.0886210419895504	453	49	0.60833606572617	0.835387575760269
metabat_SRR25825516.7	response	R	0.0212106424678613	0.0415534365284887	453	10	0.609991404833339	0.835387575760269
semibin_SRR11413678.73	response	R	-0.0243910408796407	0.0476721715474596	453	9	0.609153684106971	0.835387575760269
maxbin_SRR6000908.002	response	R	0.0193052364892053	0.0378458423668634	453	8	0.610231483422645	0.835387575760269
semibin_SRR16168896.8	response	R	-0.00827602983947631	0.0161840827585099	453	4	0.609344246830511	0.835387575760269
semibin_ERR6279661.18	response	R	-0.00410312500347659	0.00803766933400418	453	2	0.609961371544109	0.835387575760269
maxbin_SRR5930519.002	response	R	-0.0193068089759482	0.03789637934589	453	8	0.610676803715123	0.835462895666293
metabat_ERR6282070.17	response	R	-0.0164859986374911	0.0324904188622411	453	4	0.612115197102223	0.83710503034283
metabat_ERR2162222.11_sub	response	R	-0.083946492362736	0.165797877864983	453	87	0.612881527381277	0.837343455892712
metabat_ERR6282298.15	response	R	0.019019133610162	0.0375765216747874	453	13	0.613003997573333	0.837343455892712
metabat_SRR13068847.1	response	R	-0.0040004879115424	0.00789996878844454	453	2	0.6128283302609	0.837343455892712
semibin_SRR5930532.161	response	R	0.0234418515300649	0.0465670468230674	453	11	0.614930030636456	0.839322200201001
maxbin_SRR25825521.011	response	R	-0.0247296609968338	0.0491202773956715	453	10	0.614893045282632	0.839322200201001
semibin_ERR12405961.23	response	R	0.0422475576939824	0.0841546046027696	453	12	0.615900299727751	0.839630440044551
semibin_SRR5930522.30_sub	response	R	0.0334606996632364	0.0667826541015267	453	17	0.616589843295334	0.839630440044551
maxbin_SRR5930498.027	response	R	0.0635067016580904	0.126385175534949	453	96	0.615574329236455	0.839630440044551
metabat_SRR23364174.22	response	R	-0.0461152690392451	0.0920632309276835	453	43	0.616680581582987	0.839630440044551
metabat_SRR13022254.6	response	R	-0.021369958293908	0.0426801331423595	453	6	0.616827481978122	0.839630440044551
metabat_SRR13068825.48	response	R	-0.00731848902422286	0.014611534820789	453	3	0.616711412781385	0.839630440044551
metabat_ERR6230278.16	response	R	0.00860646172734006	0.0171818969346648	453	2	0.616685281015262	0.839630440044551
semibin_SRR25825510.24	response	R	-0.0145750593130389	0.0291437610125362	453	5	0.617242875787051	0.83987072417464
maxbin_SRR13068847.003	response	R	-0.00939701607189225	0.0188206229857605	453	4	0.617817268229313	0.84032708514285
semibin_SRR16554651.34_sub	response	R	0.0184480312241373	0.0369764321172544	453	5	0.618084072591154	0.84036488756013
metabat_ERR6275681.8	response	R	0.0887255202109153	0.178703122355244	453	185	0.619787084246912	0.840497632959463
maxbin_ERR6232518.013	response	R	0.0754677170399897	0.152133289190975	453	164	0.620094101222084	0.840497632959463
semibin_ERR6275667.19	response	R	0.0153710783395825	0.0309706288108553	453	4	0.619916471795499	0.840497632959463
metabat_SRR25825497.15	response	R	0.0189084274641686	0.0381098898306862	453	9	0.620027558761292	0.840497632959463
semibin_SRR5930518.8	response	R	0.0676385900416309	0.135849150723187	453	62	0.61880210001087	0.840497632959463
metabat_SRR16554638.9	response	R	0.0342794992170994	0.0690706413158635	453	19	0.619927217982256	0.840497632959463
maxbin_ERR6279645.022_sub	response	R	0.0226819282275633	0.0456986394200039	453	14	0.619898749712689	0.840497632959463
maxbin_ERR6243878.014_sub	response	R	-0.00730291548867693	0.0146906424541685	453	4	0.619351861815332	0.840497632959463
maxbin_SRR20881983.026_sub	response	R	-0.0373164462710068	0.0752908189332946	453	25	0.620396578960772	0.840583572880954
maxbin_SRR20881977.005	response	R	0.0441091350956592	0.0891169209005994	453	31	0.620870956027531	0.84090226555963
maxbin_SRR16554738.006_sub	response	R	-0.0402281170720715	0.0815923269058754	453	32	0.622225846895277	0.841552551740725
maxbin_SRR6000869.050	response	R	-0.072391841125183	0.14697269098353	453	89	0.622568868575905	0.841552551740725
metabat_ERR2162221.56	response	R	0.0125455157666351	0.0255347267441415	453	3	0.623444963613681	0.841552551740725
maxbin_SRR16168918.042_sub	response	R	-0.0607870919328935	0.123289780189268	453	84	0.622225149674527	0.841552551740725
semibin_ERR12405934.0	response	R	-0.0183490070529015	0.0373534572293778	453	8	0.623505232447267	0.841552551740725
metabat_ERR6232529.10	response	R	0.00825241778528905	0.0167694645127443	453	2	0.622882574731734	0.841552551740725
metabat_ERR6279624.22	response	R	-0.0315122731314656	0.0640882667155276	453	17	0.623169867876446	0.841552551740725
semibin_ERR6279622.25_sub	response	R	-0.00480513676726859	0.00975853279138684	453	3	0.622674411324585	0.841552551740725
metabat_ERR6281341.52	response	R	0.00824661578064212	0.0167627129962368	453	2	0.622987057793262	0.841552551740725
semibin_ERR12405992.13	response	R	-0.0336603822448769	0.0686103501301133	453	9	0.623948351355909	0.841827476349722
semibin_ERR12405995.13	response	R	0.0290793612412962	0.0594010823587019	453	16	0.624695607464974	0.842512372783602
maxbin_ERR2162217.001	response	R	-0.176570287308613	0.363567393208388	453	155	0.627443892464798	0.842743745393634
metabat_ERR12405933.43	response	R	-0.11302308328128	0.232552712862592	453	239	0.627196853707863	0.842743745393634
semibin_SRR11413653.50	response	R	0.0490396144002623	0.100721174769079	453	16	0.626576468554276	0.842743745393634
semibin_SRR23364198.20	response	R	0.0348317300222419	0.0714635488794121	453	14	0.626209040710346	0.842743745393634
semibin_SRR5930519.20	response	R	-0.0503396269861995	0.104031955645541	453	31	0.628702174109073	0.842743745393634
semibin_SRR11413649.66	response	R	0.0131941302371251	0.0271070943296042	453	7	0.626678444811965	0.842743745393634
metabat_SRR16168984.8_sub	response	R	0.0500454687260864	0.102949080994394	453	55	0.627121830254606	0.842743745393634
maxbin_ERR6279660.006	response	R	-0.0349024638216088	0.0719516103237431	453	14	0.627853920302844	0.842743745393634
semibin_SRR13068852.73_sub	response	R	-0.0468512897607252	0.0963579949152096	453	19	0.627046698588331	0.842743745393634
metabat_SRR13068815.24	response	R	-0.0399932662496886	0.0818894827775595	453	19	0.625517383132876	0.842743745393634
maxbin_ERR6281448.004_sub	response	R	0.0310370850402645	0.0637279850925867	453	15	0.626477646122072	0.842743745393634
semibin_ERR6233694.18	response	R	-0.0177501787456902	0.0363749981515368	453	3	0.625803914368895	0.842743745393634
semibin_SRR13068829.111	response	R	0.0412212232731847	0.0850768593416672	453	41	0.628253960761625	0.842743745393634
maxbin_ERR12405955.019	response	R	0.0279661428025981	0.0576921379538533	453	13	0.628090778844715	0.842743745393634
metabat_SRR5930493.50_sub	response	R	-0.00885035187766441	0.0182883018765813	453	4	0.628667924097677	0.842743745393634
semibin_SRR5930498.39	response	R	-0.0164745723308311	0.0339993616603128	453	9	0.628227037135428	0.842743745393634
maxbin_SRR16554775.001	response	R	-0.10650159966357	0.221853000047146	453	123	0.631422729435947	0.842829523064856
semibin_SRR5930498.73	response	R	0.0795869414643467	0.164721688741675	453	109	0.629217126365167	0.842829523064856
metabat_ERR6232524.33_sub	response	R	-0.043254472923659	0.0897095531829513	453	33	0.629925372262986	0.842829523064856
semibin_SRR16554652.24	response	R	0.0151943270404769	0.0315336350084099	453	6	0.630150017616266	0.842829523064856
metabat_ERR12405912.7	response	R	-0.0127705576994362	0.0265562266984016	453	3	0.630831383836008	0.842829523064856
metabat_SRR16554749.32	response	R	-0.0316595454177537	0.0659927203314222	453	11	0.631642717086432	0.842829523064856
semibin_ERR6275652.61	response	R	0.0234921549394714	0.0489233557938236	453	5	0.631330212663194	0.842829523064856
maxbin_SRR16554660.004	response	R	0.00834053234919321	0.0173773014762201	453	2	0.631484763837866	0.842829523064856
metabat_SRR16554760.8_sub	response	R	0.00968465523789018	0.0200562352700608	453	4	0.629420210153892	0.842829523064856
metabat_SRR23364216.24	response	R	-0.00708436259368102	0.0146984504373698	453	3	0.630053795311825	0.842829523064856
semibin_ERR6279676.66	response	R	0.00781069804286746	0.0162561755148965	453	2	0.63112346952281	0.842829523064856
metabat_SRR13022266.9	response	R	0.00786331152235234	0.0163861980642683	453	2	0.631549581124496	0.842829523064856
semibin_SRR13022392.16	response	R	-0.0239907334786394	0.0501176945878508	453	15	0.632393500176353	0.843511208884696
metabat_SRR20881987.26	response	R	-0.0159862272141733	0.0334636621351756	453	10	0.633081950255174	0.844109267006899
metabat_ERR12405998.25	response	R	-0.0155523145921837	0.0325790477966552	453	7	0.63332873357863	0.84411820593725
maxbin_SRR6000920.039	response	R	0.0319373815108151	0.0669995716367617	453	27	0.633822693125006	0.844456456622782
semibin_SRR11413683.102	response	R	0.068092036020197	0.142969261282512	453	50	0.634112349745422	0.844522356706403
maxbin_SRR16554656.025	response	R	-0.0273014111238885	0.0574056478453122	453	13	0.634599571002128	0.844781103240855
maxbin_SRR16554789.004	response	R	-0.0185933023372812	0.0392006862498167	453	3	0.635507968734943	0.844781103240855
metabat_SRR16554769.19	response	R	0.0282677428338687	0.0595581590597345	453	9	0.635284595712637	0.844781103240855
maxbin_SRR11413681.015_sub	response	R	-0.0119488410735699	0.0251773962891337	453	7	0.635313066462294	0.844781103240855
semibin_ERR6243880.7_sub	response	R	0.0115213279882213	0.0242647582702758	453	4	0.635147604557574	0.844781103240855
semibin_SRR8387683.51	response	R	0.0204524287803557	0.0432078814605027	453	9	0.636193141521441	0.845121325952193
maxbin_SRR13068838.005	response	R	0.036080818116904	0.0762361720430709	453	23	0.636244638735909	0.845121325952193
semibin_SRR11413691.42	response	R	-0.0852904931308224	0.180674705368005	453	64	0.637108308857611	0.845310495827683
metabat_ERR6279670.47	response	R	0.00584643786951688	0.0123696539045333	453	2	0.636696527788091	0.845310495827683
metabat_SRR16168940.14	response	R	0.0204544872014875	0.0433261790026757	453	5	0.637082432037363	0.845310495827683
semibin_SRR16168940.0	response	R	0.0238302958550816	0.0506065298670975	453	9	0.637944322545186	0.845462585024076
metabat_SRR5930494.44	response	R	-0.0254203098126907	0.0539424599586157	453	13	0.637691501413299	0.845462585024076
maxbin_SRR13068848.026	response	R	-0.0130393392401357	0.0276742581405682	453	5	0.63774815405963	0.845462585024076
semibin_SRR5930530.129_sub	response	R	0.00797845360741276	0.0169583148152064	453	2	0.638243894065245	0.845540893569481
maxbin_SRR5930517.002	response	R	0.0232591223653776	0.0494859354586043	453	11	0.638571630847101	0.845656442206556
metabat_SRR16554746.22	response	R	0.0936631365253542	0.200600105840583	453	98	0.640787214596516	0.846041249163106
maxbin_ERR12405931.013	response	R	-0.0308178148809346	0.0658797942074707	453	13	0.640161766275962	0.846041249163106
semibin_SRR6000891.14	response	R	-0.0463509743128898	0.0989464057723752	453	30	0.639692812053489	0.846041249163106
semibin_SRR11413609.1	response	R	-0.00719966417138227	0.015387401507371	453	4	0.640088137509724	0.846041249163106
maxbin_SRR5930517.004	response	R	0.0240001229510715	0.0511700159191358	453	7	0.639277104128175	0.846041249163106
semibin_SRR6000909.33	response	R	0.0363030731480472	0.0777387437830882	453	28	0.640733867680119	0.846041249163106
metabat_ERR6235717.12	response	R	-0.015363686631166	0.0328817487660294	453	3	0.640554328777482	0.846041249163106
semibin_SRR20881987.45	response	R	-0.00360606621932873	0.00769620542675466	453	2	0.639617951266154	0.846041249163106
semibin_SRR11413613.2	response	R	0.00433056460645674	0.00928200360167587	453	3	0.641045448462067	0.846064488285521
maxbin_SRR8387677.002_sub	response	R	0.0304135600386734	0.0655081391465957	453	15	0.64267748371977	0.846854220466757
semibin_SRR23364230.133	response	R	-0.00427009335573845	0.00920208269807629	453	2	0.642848098528377	0.846854220466757
semibin_ERR12405983.41	response	R	0.0158519648420821	0.0341457244805033	453	8	0.64269691555394	0.846854220466757
semibin_SRR13022319.12	response	R	0.00862217877409539	0.018577812208541	453	2	0.642791751051021	0.846854220466757
maxbin_SRR11413648.031	response	R	-0.00685215579812498	0.014738435753083	453	3	0.642219345964067	0.846854220466757
semibin_ERR6279683.8	response	R	-0.0792571642196783	0.171184119321909	453	97	0.643593740099774	0.846940573394801
metabat_ERR6275673.39	response	R	0.0319162415165099	0.0689436437546297	453	8	0.643636294684558	0.846940573394801
semibin_ERR6279671.28_sub	response	R	0.0155899482044038	0.0336296853263756	453	6	0.643175497761855	0.846940573394801
metabat_SRR23364198.6	response	R	0.0148476718342886	0.0321217483628434	453	7	0.644139157848824	0.847285177327522
semibin_ERR6279666.26	response	R	-0.0213723939291081	0.0463508765468476	453	11	0.644949459354277	0.848033769293058
semibin_ERR6275661.76	response	R	-0.033709018909383	0.073208052796526	453	15	0.645411600187229	0.848324181778803
metabat_ERR6279654.2	response	R	-0.0283194367900427	0.0615864315769442	453	18	0.645858119813772	0.848593852490741
metabat_ERR6271721.73	response	R	0.0141633563853269	0.0308730305813549	453	6	0.64662682995072	0.849286490140729
semibin_SRR16554784.78	response	R	0.0301181956186214	0.0658062653549581	453	17	0.647402994282936	0.849988397273638
semibin_ERR12405968.34	response	R	0.0120045229705442	0.0262494010205189	453	9	0.647657817093329	0.850005556140405
semibin_SRR5930510.9	response	R	0.0554753545791994	0.121435240795999	453	58	0.64801391953617	0.850155575033274
metabat_ERR6232458.5	response	R	-0.0263621751563176	0.0578135357069503	453	8	0.648620065802833	0.850595849024652
semibin_ERR6279670.187	response	R	0.0171216319875998	0.0375936909221848	453	7	0.649012801056782	0.850595849024652
semibin_SRR11413689.105	response	R	0.0264847563917414	0.0581632796397057	453	12	0.64907527387177	0.850595849024652
maxbin_ERR2162201.005	response	R	0.0138179143703453	0.0303772959443746	453	3	0.649417647853506	0.850727440332685
metabat_SRR16168974.3	response	R	0.0398266332641655	0.087820414904288	453	28	0.650406403496518	0.851705368601027
metabat_SRR16554763.7	response	R	0.0162869300451853	0.0359914362033041	453	8	0.65111029946532	0.852309684631446
semibin_ERR6281658.16	response	R	-0.00705412856596795	0.0156049285537608	453	4	0.651453957560434	0.852442171485853
semibin_SRR16554738.0	response	R	0.0904543504683132	0.200901115408244	453	191	0.652752461965985	0.852645889014104
semibin_SRR16554765.35	response	R	0.0662590972106612	0.146789360792676	453	56	0.651926600051958	0.852645889014104
maxbin_SRR5930505.015_sub	response	R	-0.0474071255016673	0.105472589390145	453	43	0.653307174346984	0.852645889014104
semibin_SRR23364199.41	response	R	0.028974532736546	0.0644202906940418	453	29	0.653092072361141	0.852645889014104
semibin_SRR16554703.41	response	R	0.012659668321107	0.0281327214273232	453	3	0.652928251125394	0.852645889014104
metabat_SRR23364240.2	response	R	0.0552907742059382	0.123002392599569	453	55	0.653280818524794	0.852645889014104
semibin_SRR25825510.66	response	R	0.00576606846849253	0.0128016328759698	453	2	0.652626555448131	0.852645889014104
metabat_ERR6279683.18	response	R	-0.0567628765797821	0.126565970303065	453	31	0.654019224387937	0.852941985514831
metabat_ERR12405935.40	response	R	0.0138040782793184	0.0307578488382442	453	5	0.653792537881326	0.852941985514831
metabat_SRR16554660.12	response	R	0.0187578888975223	0.04192243521857	453	4	0.654771650740648	0.853270973845537
metabat_SRR13068845.7_sub	response	R	0.0265503131268639	0.0593800803586495	453	19	0.654999533108391	0.853270973845537
maxbin_ERR12406011.031	response	R	0.0184632940970982	0.041235163130268	453	10	0.654545145803326	0.853270973845537
maxbin_SRR5930518.019_sub	response	R	-0.0924055870894963	0.207607075891522	453	81	0.656462793324017	0.854343989640887
metabat_SRR8387681.33_sub	response	R	0.0280927097055678	0.0632058820085653	453	19	0.656920690552475	0.854343989640887
metabat_SRR16554712.21	response	R	0.0057272632534726	0.0129002592497446	453	2	0.65728126064506	0.854343989640887
semibin_ERR6230340.23	response	R	0.0159398643159273	0.0359049689978738	453	5	0.657294998811829	0.854343989640887
semibin_SRR5930517.103	response	R	-0.0455734801435974	0.102728535319692	453	32	0.657524128546144	0.854343989640887
semibin_SRR6000946.20_sub	response	R	0.018602106181428	0.0417834898018669	453	13	0.656387464638203	0.854343989640887
metabat_ERR6239139.41	response	R	-0.00596664891622747	0.0134222236422643	453	4	0.656869495865379	0.854343989640887
semibin_SRR16554739.16	response	R	-0.0923638519376416	0.208480695434397	453	105	0.657954737141788	0.854587682227752
semibin_SRR20881984.48	response	R	0.020626399572183	0.0466217360291332	453	8	0.658398006496703	0.85472976993843
maxbin_ERR6279654.010	response	R	-0.0406041787514243	0.0919127140203688	453	30	0.658868290381216	0.85472976993843
semibin_SRR11413646.21	response	R	-0.0133792237150556	0.0302851405099058	453	5	0.658864647270336	0.85472976993843
maxbin_ERR6229432.012	response	R	-0.0133533346477321	0.030242903196483	453	6	0.659036520564017	0.85472976993843
metabat_SRR5930534.8_sub	response	R	-0.0531397212498438	0.120572468126842	453	67	0.659623047431029	0.854833693536964
semibin_SRR5930527.102_sub	response	R	0.0252098938452	0.0572405717942935	453	21	0.659846030790478	0.854833693536964
maxbin_SRR5930499.010	response	R	0.0068709924919682	0.0155869417879631	453	2	0.659556623441942	0.854833693536964
semibin_ERR6279671.38	response	R	0.00646314762975955	0.0147004832969463	453	2	0.660398453953394	0.855234240920859
maxbin_ERR6279625.013_sub	response	R	-0.0215232467961678	0.0489949382463224	453	16	0.660657986487868	0.855255331550568
semibin_SRR20881987.22	response	R	-0.00599794219568049	0.0136662159268917	453	4	0.660952672774724	0.855321898224486
semibin_ERR6279657.97	response	R	0.0065023874787891	0.0148310881428411	453	2	0.661284852441996	0.855436917286997
metabat_ERR6279647.52	response	R	-0.0226383139492028	0.0518059230495339	453	16	0.662332773648405	0.856013875597495
metabat_SRR5930532.8_sub	response	R	0.0063726679680896	0.0145892477928155	453	3	0.66246125014243	0.856013875597495
semibin_ERR6279624.11	response	R	0.00647071805149418	0.0147950752795215	453	2	0.662062387519614	0.856013875597495
semibin_ERR12405947.70	response	R	-0.00615582764182506	0.0141114457835595	453	3	0.662879035182474	0.856239047649368
semibin_SRR5930518.30	response	R	0.0536574774276265	0.123236824117311	453	58	0.663480380085513	0.856386569890111
semibin_ERR6279650.30	response	R	0.0159684722960094	0.0366546591644734	453	3	0.663301687893502	0.856386569890111
metabat_SRR16554777.11	response	R	0.00670004096626323	0.0154025140331837	453	3	0.66377360634749	0.85645064217166
maxbin_SRR5930528.078	response	R	-0.00854407581830135	0.0196662266345166	453	3	0.664167514505934	0.856644527147052
semibin_SRR16168938.32	response	R	0.0143657620492785	0.0330988809712996	453	6	0.664477740695861	0.856730376342738
metabat_SRR13022393.14	response	R	0.0388072963907567	0.0894874600394494	453	27	0.664741411258801	0.856756159085756
metabat_ERR12406009.18	response	R	-0.0171599034187093	0.03964032627006	453	8	0.665301633780615	0.857163995739333
metabat_ERR12406011.21	response	R	0.0175091951054103	0.0404901291084309	453	9	0.665634738087993	0.857279025317723
semibin_SRR5930504.41	response	R	0.0380142253588505	0.0880120382590222	453	42	0.666007446312718	0.857444958343287
metabat_ERR6275672.27	response	R	-0.00770539753769867	0.0178555852052527	453	3	0.666282848101824	0.857485539504397
semibin_SRR6000920.93	response	R	-0.0256618176828433	0.0596642139425054	453	15	0.667328745258697	0.858517331990332
maxbin_SRR16168913.015	response	R	0.0718842969537442	0.167577442537743	453	95	0.668156701547773	0.859268091675922
semibin_ERR6275668.67	response	R	-0.0128524205077415	0.0300290800821329	453	5	0.668856050711995	0.859852970494836
maxbin_SRR5930514.007	response	R	0.00646103119804189	0.015120090649469	453	2	0.669354428611004	0.859957709994965
metabat_SRR16168982.26	response	R	-0.0230383803058034	0.0539268567518826	453	12	0.669426692905637	0.859957709994965
semibin_ERR6264281.90	response	R	-0.00315401253237804	0.00739195814929687	453	2	0.66981582800409	0.860143335011827
metabat_SRR6000874.22_sub	response	R	0.0536180274115531	0.125861434845741	453	50	0.67030548316105	0.860457860092826
metabat_SRR5930536.13	response	R	-0.0800527183437793	0.189905426706085	453	132	0.673562573234899	0.863378055958405
semibin_ERR12405992.43	response	R	-0.00985588326234313	0.0233796030304224	453	3	0.673548767327117	0.863378055958405
metabat_ERR6279626.65	response	R	-0.0118013201652677	0.0279611201889757	453	3	0.673181857208409	0.863378055958405
metabat_SRR23364192.7	response	R	0.00848963790811457	0.0201260763445841	453	3	0.673355352445342	0.863378055958405
semibin_SRR16168900.4	response	R	-0.0236712559540417	0.0563564642865149	453	13	0.674665752869807	0.863847336886468
semibin_SRR5930499.20	response	R	-0.00892253814099786	0.0212214834828928	453	5	0.674358916191536	0.863847336886468
semibin_SRR20881974.54	response	R	-0.00876120558877094	0.0208424763622728	453	4	0.674428587960245	0.863847336886468
semibin_ERR12405958.10	response	R	0.00422017295593336	0.0100847116140998	453	3	0.675802304288231	0.864931302418951
metabat_SRR5930501.64	response	R	-0.0251432390674962	0.060123382781126	453	18	0.67600432851174	0.864931302418951
metabat_SRR5930528.91	response	R	0.00990898163159239	0.0237201185980147	453	6	0.676331746016309	0.865035437975024
metabat_SRR5930527.85	response	R	-0.0616702852864731	0.147869485235761	453	52	0.676834613836746	0.865363819
semibin_SRR16554789.32	response	R	-0.0397962957787809	0.0955837854974366	453	23	0.677352139205251	0.865382904758821
metabat_SRR16554652.36_sub	response	R	-0.0242317894509006	0.0582143791856161	453	13	0.677425046379709	0.865382904758821
metabat_SRR13068846.48	response	R	-0.00852372920129976	0.0204883373383408	453	4	0.677587922867188	0.865382904758821
maxbin_SRR16554667.012	response	R	-0.0139896332572876	0.0336844867708787	453	5	0.678110567084606	0.865735930962046
maxbin_SRR16554654.005	response	R	-0.0290160654638598	0.0700816254830766	453	17	0.679047187934523	0.865811284581797
metabat_SRR16554778.1_sub	response	R	0.00864036867587531	0.0208762206275888	453	4	0.679154585573549	0.865811284581797
semibin_SRR13068829.28_sub	response	R	0.0220483859559991	0.0531862368275985	453	18	0.678668042306404	0.865811284581797
semibin_SRR16554681.35	response	R	0.00619695250915562	0.0149628232123084	453	2	0.678957298594046	0.865811284581797
maxbin_SRR5930531.010	response	R	-0.00842723661021251	0.0204287428257206	453	4	0.680155364929142	0.866144970333525
maxbin_SRR16554787.013	response	R	0.0108519857758722	0.026301163058145	453	3	0.680093440426052	0.866144970333525
metabat_ERR6279629.17_sub	response	R	-0.0176760514342659	0.0428353834581845	453	9	0.680059000199378	0.866144970333525
semibin_ERR6233695.63_sub	response	R	0.0118460262205077	0.0287488344719598	453	5	0.680497120679842	0.866266428787229
maxbin_SRR5930507.021	response	R	0.0229545008775004	0.0559391763539409	453	24	0.681747940937876	0.866633342293274
metabat_SRR5930531.61	response	R	-0.0217961381496934	0.0530217040941501	453	19	0.681210218140624	0.866633342293274
maxbin_SRR11413645.052	response	R	-0.0102914422949222	0.0250819371574919	453	4	0.681771281223889	0.866633342293274
semibin_SRR11413657.4_sub	response	R	0.00573327218935992	0.0139591364752047	453	2	0.681474203066416	0.866633342293274
semibin_SRR5930517.113	response	R	-0.0702444416399094	0.171358277730636	453	113	0.682055961437133	0.866681879440897
maxbin_ERR6281500.022	response	R	0.054133759927577	0.132166953586227	453	63	0.682304795737306	0.866684848920653
semibin_ERR6279666.66	response	R	0.0106664161600894	0.0261183427068857	453	3	0.68318349807632	0.867487605358014
semibin_SRR11413649.35	response	R	0.0126699124360862	0.0311448566390535	453	5	0.684343576877318	0.868530645658983
metabat_ERR6279644.22	response	R	-0.00671012675200162	0.0165032323296103	453	4	0.684498981547509	0.868530645658983
semibin_SRR13022461.32	response	R	-0.00944773951372739	0.0232639701545427	453	4	0.684854260358473	0.868667957943864
metabat_ERR6279648.28_sub	response	R	0.0292416983134204	0.0722256038818042	453	18	0.685767897975864	0.869513137137806
semibin_ERR6279619.6	response	R	-0.0296380792755597	0.0732858302042859	453	28	0.686097434896773	0.86961736881653
semibin_SRR11413610.21	response	R	-0.0221461191824211	0.0549093640794706	453	19	0.686904041489737	0.870325985541592
semibin_SRR11413656.101	response	R	0.0268999758935137	0.066892855107273	453	28	0.687775903894946	0.871116742829478
semibin_SRR6000903.16	response	R	0.0183304923899987	0.0457078531952227	453	11	0.688584061408846	0.871198834081865
semibin_SRR11413649.8	response	R	0.00548878713187069	0.0136832125920553	453	2	0.68851224033554	0.871198834081865
semibin_ERR6279669.21	response	R	-0.0110483080779306	0.0275419056482965	453	9	0.688503610631668	0.871198834081865
maxbin_SRR5930514.003	response	R	0.0149493256898486	0.0373296630039284	453	8	0.689001779563123	0.871413761490626
metabat_SRR5930530.79	response	R	-0.05577057768331	0.139494652158034	453	36	0.689489866101474	0.87151803703852
metabat_SRR11413610.43_sub	response	R	-0.0232535047129073	0.0581799457974613	453	17	0.689579971285882	0.87151803703852
semibin_SRR16168943.41	response	R	0.0272406639007496	0.0682973718300193	453	17	0.690189862166875	0.871662196615924
metabat_SRR25825515.33	response	R	-0.00552612237521655	0.0138511859623116	453	4	0.690110180871049	0.871662196615924
metabat_SRR8387681.3	response	R	-0.0256999498780156	0.0646257334123014	453	28	0.691060319552614	0.872134990505022
semibin_ERR6239138.5	response	R	0.0280251186075876	0.0704469495430697	453	24	0.690952053091718	0.872134990505022
semibin_ERR6280907.143_sub	response	R	0.00564653377678513	0.0142124197419569	453	3	0.691337975834829	0.872172344110248
maxbin_SRR25825506.019	response	R	0.0110533920181811	0.027921411471924	453	4	0.692385039381839	0.873179985102779
metabat_SRR23364240.26_sub	response	R	-0.0175967339961698	0.0446743571306394	453	11	0.693849360403831	0.874712926202894
semibin_ERR6275679.24	response	R	-0.0396588641842159	0.101031403249963	453	38	0.694844740200867	0.87565380162948
metabat_SRR16168920.1	response	R	-0.0566545044280496	0.14507726054952	453	45	0.696342024990622	0.877184195386122
metabat_SRR6000932.38	response	R	0.0139739792146573	0.0358375898813171	453	4	0.696775942801657	0.877184195386122
maxbin_ERR6279625.025_sub	response	R	-0.00899506015040073	0.0230711770962353	453	4	0.696807581829761	0.877184195386122
metabat_ERR6264281.18_sub	response	R	0.00861092588814733	0.0221085703419879	453	5	0.697102923568448	0.877241903817703
semibin_SRR5930515.39_sub	response	R	-0.00558003781170812	0.0143452722057649	453	3	0.697475561883609	0.877396807006357
semibin_ERR6232458.31	response	R	0.0114411060581661	0.0294423259181048	453	3	0.697761011281464	0.877441958392571
semibin_SRR16554716.24	response	R	0.0864799121963655	0.222760599910707	453	128	0.698037261211717	0.877475513199999
semibin_ERR12405949.11_sub	response	R	0.00502534918598679	0.0129822249620114	453	3	0.698869558548062	0.878207779790917
metabat_ERR12405965.3	response	R	0.00667880411846715	0.0172867739169934	453	2	0.699417165982789	0.878480664554538
semibin_SRR11413611.51_sub	response	R	-0.00842819926848063	0.0218276133651404	453	4	0.699586422284615	0.878480664554538
semibin_SRR25825513.29	response	R	0.0130807310477216	0.0341031241726671	453	4	0.701482438999254	0.880348283777277
metabat_SRR16168942.20	response	R	0.0125914598951544	0.0328683807425157	453	5	0.701835601453427	0.880348283777277
metabat_ERR6232524.19_sub	response	R	-0.0180131951597472	0.0470608605321133	453	11	0.702075252477669	0.880348283777277
maxbin_ERR6279624.026_sub	response	R	-0.00773668476782856	0.0202009759990644	453	4	0.701911608035932	0.880348283777277
semibin_SRR11413617.99	response	R	-0.00882671726721719	0.0231568011971635	453	4	0.703255422575636	0.881513748939728
maxbin_SRR11413620.019	response	R	-0.083646318155189	0.220630797952776	453	133	0.704775213079709	0.881963213052215
maxbin_SRR16554789.001	response	R	0.0318038980127966	0.0841059102255744	453	23	0.705503752953136	0.881963213052215
semibin_SRR5930498.118	response	R	-0.0456076471902782	0.120552790252216	453	54	0.70537024925382	0.881963213052215
metabat_SRR5930494.25_sub	response	R	0.046217087127958	0.122170061315036	453	38	0.705385672426842	0.881963213052215
metabat_SRR16554652.48	response	R	-0.0593305271671942	0.156363336693072	453	104	0.704541546346567	0.881963213052215
maxbin_SRR16554777.015	response	R	-0.0176767037947389	0.0467572107585223	453	9	0.705569408009769	0.881963213052215
metabat_ERR6275668.37	response	R	0.00486652213497378	0.0128828760156406	453	2	0.705794090327114	0.881963213052215
metabat_ERR12405995.34	response	R	0.00603970931083285	0.0159930377704845	453	4	0.705871581777285	0.881963213052215
semibin_SRR25825504.123_sub	response	R	0.00370819365712291	0.00976011360615979	453	2	0.704173670891504	0.881963213052215
metabat_ERR12405974.29	response	R	-0.0198408975639967	0.0526489344613373	453	7	0.706460256184873	0.882385172556311
maxbin_SRR16554656.002	response	R	0.0361522482774673	0.096302431783747	453	22	0.707537060599379	0.882714528691442
semibin_ERR12405984.5	response	R	0.0314143734942619	0.0835385171044304	453	35	0.707061130965521	0.882714528691442
semibin_SRR23364171.26	response	R	0.0208699673437798	0.0555857693524664	453	13	0.707498488390329	0.882714528691442
semibin_SRR11413649.38_sub	response	R	0.00982868331293259	0.0261995957373023	453	9	0.707728173032188	0.882714528691442
metabat_SRR11413686.5	response	R	0.0441000627066088	0.118073849337134	453	58	0.708955249379446	0.882813076278136
maxbin_SRR16554634.001	response	R	0.012662626710062	0.03402034734537	453	7	0.709913971278902	0.882813076278136
maxbin_SRR16554715.022_sub	response	R	-0.0193105121959484	0.0519097523479816	453	10	0.710066681534071	0.882813076278136
maxbin_SRR23364203.002	response	R	0.0279797016067331	0.0749916240476267	453	16	0.709247704047431	0.882813076278136
semibin_SRR20881979.2	response	R	-0.00755987513952151	0.0202695319639953	453	3	0.709348629938928	0.882813076278136
metabat_SRR5930520.89	response	R	0.013539936558531	0.0361897814581883	453	6	0.708479172586355	0.882813076278136
metabat_ERR6232524.25	response	R	-0.0112947414573429	0.0303620678089848	453	8	0.710066945311311	0.882813076278136
semibin_ERR6279655.13	response	R	0.00682042847653188	0.0183229086899263	453	4	0.709892711583841	0.882813076278136
metabat_ERR6280899.36	response	R	-0.00262080097543582	0.00704192657240935	453	2	0.70994116370282	0.882813076278136
maxbin_ERR6275668.007	response	R	0.0247353075260167	0.0666452835082101	453	17	0.710701656512192	0.882977747101367
metabat_SRR16554669.42	response	R	-0.0100252455608296	0.0269911066476062	453	3	0.710494222212196	0.882977747101367
semibin_SRR16554673.15	response	R	0.0551069615566891	0.14913392201391	453	42	0.711918629837519	0.883609598945747
semibin_ERR12405969.55	response	R	-0.0133540658835673	0.0362152817319071	453	8	0.712493681990866	0.883609598945747
semibin_SRR8387681.3	response	R	-0.0184480819306782	0.0504399605249969	453	15	0.714728583447584	0.883609598945747
maxbin_SRR13068829.001	response	R	-0.00689428470274205	0.0186474178370658	453	3	0.711766495084818	0.883609598945747
maxbin_ERR6280910.001	response	R	-0.0187926543521604	0.0513212550724716	453	4	0.714405343143611	0.883609598945747
semibin_ERR6279676.4	response	R	-0.0484296514682121	0.13145589597696	453	73	0.712742209160508	0.883609598945747
semibin_ERR6282070.31	response	R	0.0164333218139985	0.0446702070070692	453	16	0.713134572474161	0.883609598945747
maxbin_ERR6275673.009_sub	response	R	-0.0174106449043509	0.0474792353803033	453	17	0.714016198869382	0.883609598945747
metabat_SRR20881974.56	response	R	0.0128333932435791	0.0349596389378671	453	6	0.713722936387779	0.883609598945747
metabat_ERR6279677.10	response	R	-0.0156106355423259	0.042676305272653	453	10	0.714692169239597	0.883609598945747
semibin_SRR11413608.7	response	R	-0.0183790533032089	0.0500919042743992	453	14	0.713860768371066	0.883609598945747
semibin_SRR11413690.24	response	R	-0.0175187320563907	0.0478459645076742	453	16	0.714426175327366	0.883609598945747
metabat_ERR6275677.50	response	R	0.012125872746857	0.0329987399193633	453	6	0.713445015460267	0.883609598945747
metabat_SRR16554651.36	response	R	0.0144268034260871	0.0390667178065375	453	8	0.712088432236782	0.883609598945747
semibin_SRR13022404.15	response	R	0.0325274529383991	0.0896306579393626	453	18	0.71684725653648	0.883778242566949
maxbin_SRR11413610.006	response	R	0.0106407213591348	0.0291859649822951	453	6	0.715593429732498	0.883778242566949
semibin_SRR5930527.83_sub	response	R	0.00955234559657616	0.0262454311352534	453	7	0.716057075359716	0.883778242566949
semibin_ERR6282137.10	response	R	-0.00251379152590353	0.00691060439253418	453	2	0.716208766069981	0.883778242566949
metabat_SRR5930494.22	response	R	-0.0089547549133371	0.0246271895814589	453	3	0.716317745878913	0.883778242566949
metabat_SRR16168926.39	response	R	0.00738140547807896	0.0203256112005793	453	3	0.716657708191214	0.883778242566949
semibin_SRR5930501.71	response	R	0.00463489793666219	0.0127250371694672	453	2	0.715853588157404	0.883778242566949
maxbin_SRR16554786.015	response	R	-0.00238193811560777	0.00656424279118302	453	2	0.716875866837582	0.883778242566949
maxbin_ERR2162223.001	response	R	-0.012171523233217	0.0336932764536945	453	6	0.718085566378895	0.884649212119199
maxbin_SRR16554785.015	response	R	-0.0223707707109249	0.0618887593795377	453	22	0.71792061934964	0.884649212119199
metabat_ERR6279670.21	response	R	-0.0113675889639452	0.0315290469950337	453	6	0.718609797961571	0.884984956088576
semibin_SRR25825517.45	response	R	-0.032447424629163	0.0902762905420129	453	37	0.719448122490081	0.885707142393251
semibin_ERR6233692.26	response	R	0.0169926322393305	0.0474261738882666	453	9	0.720289519054958	0.886122445415407
maxbin_SRR25825495.015_sub	response	R	0.00935014655767274	0.0260836817745813	453	4	0.720162343400813	0.886122445415407
metabat_ERR6233692.1_sub	response	R	0.0307239136570466	0.0859288692670268	453	37	0.720847771209424	0.886459285132907
metabat_SRR16168985.46	response	R	-0.0137848465530258	0.038585388105648	453	7	0.721067564129725	0.886459285132907
semibin_ERR6279657.86	response	R	0.0130817593262586	0.0366662683631333	453	9	0.721424026027771	0.886587513286838
metabat_ERR6279678.10	response	R	-0.0161011544367198	0.045175839595285	453	10	0.721699755239378	0.886616470797224
metabat_SRR16554627.10	response	R	-0.0207915556305236	0.0585268492088254	453	15	0.722570633265554	0.886756839986627
semibin_SRR13022263.2	response	R	-0.0124864727479326	0.0351294090363814	453	9	0.722424930581583	0.886756839986627
semibin_SRR16554639.10	response	R	-0.00955400756025079	0.0268708065783638	453	3	0.722341256945076	0.886756839986627
maxbin_SRR16168969.015	response	R	0.0189932446986872	0.0535695141572677	453	22	0.723090941302183	0.886969584975822
metabat_ERR6281343.50_sub	response	R	-0.00652743672385643	0.0184211072098418	453	3	0.72324852108239	0.886969584975822
maxbin_SRR11413653.011	response	R	-0.0226272646437558	0.0639188814080957	453	23	0.72350454848999	0.88697419542915
semibin_SRR11413614.5_sub	response	R	0.00457405509895528	0.0129375982838307	453	3	0.723843688259878	0.887080658041733
metabat_SRR5930497.49	response	R	-0.00603220224045766	0.0171058569573584	453	5	0.724523690316322	0.887604632457208
maxbin_ERR6281518.036_sub	response	R	0.00431836823884495	0.0122672558749926	453	2	0.724985582893335	0.887861131819215
semibin_SRR5930501.30_sub	response	R	-0.0209484734893283	0.0596536417737106	453	18	0.725627640244463	0.888219838842507
semibin_SRR8387683.34_sub	response	R	-0.00558429753926356	0.0159115831334848	453	3	0.725783730658282	0.888219838842507
semibin_SRR23364171.14_sub	response	R	0.0108919051644499	0.031146521090238	453	7	0.72672866284689	0.889066798388888
semibin_SRR6000902.21	response	R	0.0214690901730854	0.0617386753947781	453	16	0.728196676629598	0.890243224975544
semibin_SRR5930536.76	response	R	-0.00760910188663439	0.0218642042589083	453	5	0.727990379625734	0.890243224975544
metabat_ERR12405919.8	response	R	-0.00590241581745985	0.0170127734480291	453	6	0.728798180629019	0.89066889228072
semibin_SRR16554765.8	response	R	-0.065222739756266	0.188660562481074	453	90	0.72971949574138	0.890865884384268
metabat_SRR5930527.17	response	R	0.0124100267655428	0.0358870779552554	453	7	0.7296499791397	0.890865884384268
semibin_SRR5930508.186	response	R	-0.0076370777918487	0.0220673858667018	453	4	0.729444086331922	0.890865884384268
semibin_ERR12405998.5_sub	response	R	-0.0178557889451055	0.0519279909418119	453	13	0.731114499699374	0.892019112176624
maxbin_SRR16554752.002	response	R	0.0332801197744106	0.096806070231529	453	28	0.73117152482737	0.892019112176624
maxbin_SRR16554787.017_sub	response	R	-0.0510735965934637	0.149181311753663	453	68	0.732240252884903	0.892084798732959
semibin_SRR13068839.7	response	R	-0.0500619989960141	0.145985644056733	453	92	0.731816135551623	0.892084798732959
semibin_SRR11413681.96	response	R	-0.03031126053562	0.0883666685150912	453	32	0.731745575763986	0.892084798732959
maxbin_SRR6000949.071	response	R	-0.00826553460286816	0.0241358533210921	453	9	0.73216521175644	0.892084798732959
semibin_ERR12405959.88	response	R	-0.00594021783837075	0.0174344242643598	453	3	0.733474854381875	0.893152262472758
metabat_ERR6281341.65	response	R	-0.0265961231467109	0.0781661383254027	453	16	0.733825801611231	0.893152262472758
semibin_SRR13068825.75	response	R	-0.0212718748334726	0.0625310281663007	453	17	0.733878522833845	0.893152262472758
semibin_SRR11413611.29	response	R	-0.0231726158809225	0.0683427222682166	453	16	0.73471868217217	0.893556169670477
semibin_ERR6281434.15	response	R	0.00406567124991698	0.0119852117334815	453	2	0.73459973913415	0.893556169670477
semibin_SRR23364192.60	response	R	-0.00577872093243234	0.0171027164070986	453	3	0.735608527404011	0.893822953294124
metabat_ERR6275663.3_sub	response	R	0.0151483708613647	0.0448663575982536	453	12	0.735797417988936	0.893822953294124
maxbin_ERR6275652.031_sub	response	R	-0.00577995224925637	0.017147274659493	453	3	0.736216194882934	0.893822953294124
semibin_ERR12406004.1	response	R	-0.0126016438391492	0.0374966944197278	453	8	0.736971769510713	0.893822953294124
metabat_SRR20881981.3	response	R	0.00407058178371376	0.0120972339281937	453	2	0.736658925846393	0.893822953294124
metabat_ERR6254871.61	response	R	0.012795882371091	0.0380630902975143	453	7	0.736895369143838	0.893822953294124
metabat_ERR12406013.34	response	R	-0.0115089939578871	0.0342357433414514	453	7	0.736899858906096	0.893822953294124
semibin_SRR16168918.151	response	R	0.01106700285119	0.0329014926961577	453	5	0.7367499760478	0.893822953294124
semibin_ERR12405959.9	response	R	-0.0229004346499424	0.0684928022618986	453	19	0.738272904502428	0.894034739382943
maxbin_SRR16554672.011_sub	response	R	-0.0126919769319965	0.0379821215861848	453	13	0.738417771094444	0.894034739382943
metabat_SRR11413689.9	response	R	-0.0182033721106898	0.0543225779657025	453	15	0.737707188739887	0.894034739382943
semibin_SRR5930495.0_sub	response	R	0.0171680347236896	0.051185174631045	453	13	0.737472114758625	0.894034739382943
semibin_ERR6275673.30	response	R	-0.00662803272986494	0.0198113079693531	453	3	0.738114018190378	0.894034739382943
maxbin_SRR11413681.013	response	R	-0.0194806417532178	0.0585253071189356	453	21	0.739395960275877	0.894765290602587
semibin_ERR6279664.27	response	R	0.0110429416132795	0.0332275229412867	453	13	0.739784613134732	0.894765290602587
semibin_SRR13022432.11	response	R	-0.00610000198189092	0.0183364422132706	453	3	0.739537461689947	0.894765290602587
metabat_SRR11413684.26	response	R	-0.010095453661159	0.0304459488749463	453	5	0.740357151635145	0.894857726556606
semibin_SRR5930504.145	response	R	0.0194760601205283	0.0587392667080243	453	26	0.740370058746634	0.894857726556606
semibin_SRR16554707.35_sub	response	R	0.0796635874893004	0.240633482663958	453	158	0.740754997608273	0.895015316697831
semibin_SRR23364207.32	response	R	-0.018384887062296	0.0556358505183394	453	11	0.741213150693203	0.895261229074992
semibin_ERR12405992.1	response	R	0.016871338920133	0.0512291578784006	453	5	0.742058563278209	0.895711877405759
maxbin_ERR6271721.021_sub	response	R	-0.00404364824645555	0.012280189015911	453	3	0.742095761912109	0.895711877405759
maxbin_ERR6279657.025	response	R	0.005637421704086	0.0171448535386961	453	3	0.742450941508096	0.895833050906817
metabat_ERR6279624.6_sub	response	R	0.0128551772196825	0.0391535965700253	453	4	0.74281692246386	0.895899166688168
semibin_SRR11413656.97	response	R	0.00470404121862686	0.01433875227724	453	3	0.743015349847184	0.895899166688168
maxbin_SRR5930508.015	response	R	0.0119417516166073	0.0364728374762937	453	4	0.743507085370704	0.896184748770447
maxbin_SRR13022355.014	response	R	0.0895421961614686	0.275388841263421	453	281	0.745220994357388	0.896904312989332
semibin_SRR16168985.16	response	R	-0.0511009885339356	0.157009028246286	453	96	0.744981490200762	0.896904312989332
metabat_SRR16554627.25	response	R	-0.028246944277398	0.086930206759187	453	18	0.74537952291093	0.896904312989332
semibin_SRR16554774.25	response	R	0.0112756095765271	0.0346454201319802	453	6	0.744985827563033	0.896904312989332
maxbin_ERR6281504.041_sub	response	R	-0.00720008681610207	0.0220844478565079	453	4	0.744557740037853	0.896904312989332
semibin_SRR16554744.30	response	R	0.0204624170034608	0.0631710923073159	453	9	0.746148844791097	0.897522866330995
semibin_SRR6000877.55	response	R	-0.0118229943000145	0.036578349464946	453	8	0.74667567527577	0.897542452741746
semibin_SRR11413618.113_sub	response	R	0.0049952817527033	0.0154419615378386	453	4	0.746476387207745	0.897542452741746
metabat_ERR6279672.14	response	R	-0.0258949274467667	0.0804295918043491	453	18	0.747634267435403	0.897773935895792
semibin_ERR6230326.4	response	R	0.0205122638135618	0.0636936451967541	453	16	0.747567415053079	0.897773935895792
metabat_ERR6279666.13	response	R	0.00374724682895716	0.0116315502063212	453	2	0.747479815761264	0.897773935895792
maxbin_SRR16554744.022	response	R	0.0197575752017754	0.0615541338120316	453	23	0.748375150183716	0.89835678663228
semibin_SRR25825502.47_sub	response	R	0.0456913243961351	0.143763269982909	453	80	0.750766105745265	0.898588745073974
metabat_ERR6232523.10	response	R	-0.0276045070796282	0.0869493263010993	453	26	0.751027783098419	0.898588745073974
maxbin_SRR23364231.030_sub	response	R	-0.0260225542539204	0.0817772911595724	453	40	0.750472342411658	0.898588745073974
semibin_SRR16168918.53	response	R	0.0309693704489875	0.0968102480059741	453	17	0.749194097092952	0.898588745073974
semibin_ERR12405916.52	response	R	0.011966756682109	0.0375421986032365	453	7	0.750060010411531	0.898588745073974
maxbin_ERR6279657.031_sub	response	R	0.0133323426954681	0.0420112222775181	453	12	0.751124096067238	0.898588745073974
metabat_ERR12405997.40_sub	response	R	-0.0073165172564681	0.0229735166590302	453	3	0.75027120755412	0.898588745073974
semibin_SRR5930504.70	response	R	-0.00649733461140686	0.0202896052851002	453	6	0.748944731208964	0.898588745073974
metabat_SRR25825512.11	response	R	0.0060826981350411	0.0190598909936397	453	4	0.749772189763367	0.898588745073974
semibin_ERR6280899.75	response	R	0.0073638496403902	0.0231951752209276	453	3	0.75103218261273	0.898588745073974
metabat_SRR16168902.18	response	R	0.0208492644169	0.0660801634308713	453	13	0.752517360281327	0.899643331774616
semibin_SRR5930514.18	response	R	0.0168080630116029	0.0532629736981622	453	8	0.752477566491152	0.899643331774616
metabat_SRR16168938.30	response	R	-0.0370661441709638	0.117733506296651	453	38	0.753035663780703	0.899651170184489
maxbin_ERR6275678.010	response	R	0.00959146105978482	0.0304475514912525	453	3	0.752895321823469	0.899651170184489
semibin_SRR6000899.149	response	R	-0.012974478981273	0.0413174434840137	453	4	0.753653511633454	0.900083473812236
metabat_SRR13068843.10_sub	response	R	0.0111794589704799	0.035648562316853	453	4	0.75396836085769	0.900153737445039
semibin_SRR16554736.21	response	R	0.0175695297884843	0.0564027646306164	453	21	0.755563558636878	0.901446037382851
metabat_SRR16168976.38	response	R	0.0398823372678774	0.127919499916484	453	46	0.755354499686049	0.901446037382851
metabat_SRR16554779.30	response	R	-0.0868834665162033	0.279381007887764	453	259	0.755956137412212	0.901608473250115
metabat_SRR5930534.33	response	R	0.0327661875568403	0.10559607615584	453	36	0.756478194664394	0.901925172071891
metabat_SRR16554656.29	response	R	-0.00197243816836373	0.00637333468528408	453	2	0.757097657529717	0.902357750465927
metabat_SRR11413689.19	response	R	0.0113990807058555	0.0369293367584453	453	7	0.757712995802619	0.902785121396818
maxbin_SRR5930515.007	response	R	-0.052055424383292	0.168853463664454	453	83	0.75800617162429	0.902828488967142
metabat_SRR25825502.47	response	R	-0.0117432919407107	0.0381509017856783	453	5	0.758367759527338	0.902953282254697
maxbin_SRR11413615.001	response	R	0.03272701049878	0.106495527604305	453	29	0.758750241271401	0.903102859956076
metabat_SRR5930533.11	response	R	0.0201313712078718	0.0659607903838308	453	25	0.760354163325153	0.904452374320469
metabat_SRR16554704.2	response	R	-0.0140416816265168	0.0460638051452664	453	7	0.760635619637797	0.904452374320469
metabat_ERR6279622.67	response	R	0.0152410633638848	0.0500027352004057	453	8	0.760655765320144	0.904452374320469
metabat_SRR16554765.17	response	R	-0.0381076426078755	0.126077368283883	453	47	0.762597594124516	0.906454746768695
metabat_ERR6279625.46	response	R	-0.0688692579367358	0.22891925636545	453	109	0.763671946352165	0.907276848928306
metabat_SRR5930514.5	response	R	-0.019948481624647	0.0663468731240673	453	13	0.763805310815638	0.907276848928306
metabat_ERR6275663.2	response	R	-0.00199407757830709	0.0066447397266704	453	2	0.764240809847851	0.907487567519434
semibin_SRR16168986.17	response	R	0.00931711592121186	0.0311074161054167	453	4	0.764685645601102	0.907709226851274
metabat_ERR6279655.36	response	R	0.0306178955232882	0.102475208388397	453	56	0.765243369696096	0.908064693841199
maxbin_SRR5930508.009	response	R	0.0177861860089226	0.0596301019743636	453	23	0.765631875884646	0.908216808812004
metabat_ERR6279664.26	response	R	0.0305652781990442	0.102601025347068	453	28	0.765913480400217	0.908216808812004
maxbin_SRR5930494.003	response	R	0.0108955115905478	0.0366113745199191	453	5	0.766146488889762	0.908216808812004
metabat_ERR6243880.3	response	R	0.0603598415492938	0.204071073164445	453	182	0.767536015382882	0.908271255819318
maxbin_SRR16554701.001	response	R	0.025272893179784	0.0851785566419533	453	12	0.766830048022221	0.908271255819318
maxbin_ERR2162223.003	response	R	-0.0153884563655342	0.0518539368639239	453	8	0.766782287024778	0.908271255819318
semibin_ERR6279669.46_sub	response	R	-0.0229658927411694	0.0777442923684625	453	22	0.767822481579381	0.908271255819318
metabat_SRR11413684.1	response	R	-0.0179869470928025	0.0609463205351349	453	16	0.768032146725504	0.908271255819318
semibin_SRR23364237.9	response	R	-0.0200875024235646	0.068083931039695	453	17	0.768098985727298	0.908271255819318
semibin_SRR13022375.5	response	R	0.00965251926137199	0.0326236524710656	453	4	0.767461823230093	0.908271255819318
semibin_ERR6264281.82	response	R	0.0112519350855581	0.0381640221195354	453	4	0.76825902013841	0.908271255819318
metabat_SRR16554643.9	response	R	0.0237015617434414	0.0808691734187249	453	18	0.769591814272401	0.908948443755578
maxbin_SRR16554641.006	response	R	-0.0316431778008147	0.108348402619529	453	30	0.770382924457231	0.908948443755578
semibin_ERR6281344.40	response	R	-0.0143865491123516	0.0491574267093904	453	15	0.769915547583758	0.908948443755578
metabat_ERR6243880.19	response	R	0.010534441533541	0.0360205424312397	453	4	0.77007311741909	0.908948443755578
metabat_SRR5930515.44_sub	response	R	-0.0104114625512402	0.0356242484845677	453	11	0.770224173141714	0.908948443755578
semibin_SRR16168943.33	response	R	0.00509051641982559	0.0173876110712444	453	5	0.769835003147572	0.908948443755578
metabat_SRR5930511.14	response	R	0.0186229537373378	0.0639009905625953	453	19	0.77085302827055	0.909198003153053
maxbin_SRR16554744.010	response	R	-0.0178002730665886	0.0614199866859334	453	12	0.772093402964091	0.910050420657641
metabat_ERR6229432.22_sub	response	R	0.0138684959524603	0.047823938824312	453	14	0.771956657125202	0.910050420657641
semibin_SRR16168940.103	response	R	0.0284613729608076	0.0987519676292373	453	22	0.773317868948594	0.910273058996738
maxbin_SRR11413647.002	response	R	-0.0171331126992939	0.0594204784421311	453	6	0.773221379845391	0.910273058996738
semibin_ERR6271719.38	response	R	0.0118813064116967	0.0411280687522178	453	11	0.77280168146289	0.910273058996738
semibin_SRR25825513.19	response	R	0.00875016504712582	0.0303508796527985	453	5	0.773251182512844	0.910273058996738
semibin_SRR5930504.118_sub	response	R	-0.0346519318711271	0.121069100509738	453	49	0.774844791601541	0.911765156382537
semibin_SRR5930511.52	response	R	0.0668918281773774	0.234469043812843	453	189	0.775552665398412	0.912292797437544
semibin_SRR11413683.123	response	R	0.0114005908158242	0.0403576358073248	453	7	0.777698126053466	0.914510572309026
semibin_SRR11413649.46	response	R	0.00300094759746382	0.0106932359443033	453	2	0.779115554700007	0.915871043238122
maxbin_SRR5930506.009	response	R	0.0122866447731204	0.0438348073143829	453	4	0.779380876621875	0.915876725335065
semibin_SRR11413620.97	response	R	0.0235529054997122	0.0843055855179808	453	17	0.780085161015288	0.916073032660589
semibin_SRR6000905.76	response	R	-0.0135535720805853	0.0485227430256521	453	8	0.780125522946309	0.916073032660589
semibin_ERR6281518.116	response	R	0.00990885279530318	0.0355084083268459	453	9	0.780329559959745	0.916073032660589
maxbin_SRR25825507.025_sub	response	R	-0.0234650905190877	0.0845588002154124	453	29	0.781523599563111	0.917168550088083
semibin_ERR2162200.40	response	R	-0.00993636684542014	0.0360679643727874	453	7	0.783065973723414	0.917174448208546
maxbin_ERR12405949.018	response	R	0.0221733196897375	0.0805558247056586	453	23	0.783247508972352	0.917174448208546
metabat_SRR16554775.6_sub	response	R	0.00758571075934061	0.0275618226330525	453	4	0.783269564788332	0.917174448208546
semibin_SRR16168913.75	response	R	0.00953830950952403	0.0346477789712808	453	5	0.783218061014463	0.917174448208546
semibin_SRR5930506.126	response	R	-0.0183799561421155	0.0665523183389453	453	23	0.782541784412979	0.917174448208546
metabat_SRR16168942.31	response	R	0.0093480623468905	0.0339788623704249	453	3	0.783354626840234	0.917174448208546
maxbin_ERR6279628.059	response	R	-0.00180683330108767	0.006529460942292	453	2	0.782122378189672	0.917174448208546
semibin_ERR6279670.33	response	R	-0.00723124977454737	0.0263245128052883	453	4	0.783675639406878	0.917244856243203
maxbin_SRR23364177.015	response	R	-0.0118088133643528	0.043111349247615	453	19	0.784276477967117	0.917642627797799
metabat_ERR6282383.27_sub	response	R	-0.00817536297221919	0.0298894431653065	453	5	0.784579856970154	0.917692207953114
maxbin_ERR12405918.001	response	R	0.0105462824525687	0.0388774046350213	453	11	0.786307463955036	0.918474065139452
metabat_SRR13068828.29	response	R	0.0456217872451858	0.16799723249334	453	73	0.786082827056497	0.918474065139452
metabat_SRR8387676.2	response	R	-0.0395900669498008	0.146481769221273	453	42	0.787073897386604	0.918474065139452
metabat_SRR13068834.42	response	R	0.0212144314527959	0.078770011805381	453	32	0.787806782328002	0.918474065139452
semibin_SRR13068840.28	response	R	-0.0186780558474112	0.0686992431607228	453	18	0.785837960929015	0.918474065139452
metabat_SRR11413608.45	response	R	0.00919071865370476	0.0340979180632228	453	4	0.78763852949445	0.918474065139452
maxbin_SRR23364202.013_sub	response	R	-0.0100743850710777	0.0372778203670246	453	17	0.787091587149872	0.918474065139452
metabat_ERR12405920.28	response	R	-0.0123346583024954	0.0458111350249892	453	14	0.787860574647493	0.918474065139452
metabat_SRR25825519.52	response	R	-0.00739660113798577	0.0272930275953134	453	4	0.786509704575816	0.918474065139452
metabat_SRR16168920.6	response	R	-0.00838653866657882	0.0310718871538577	453	7	0.787355357327541	0.918474065139452
metabat_SRR16554626.7	response	R	0.0441721415506217	0.16446253638695	453	85	0.788372535001025	0.918766268831158
maxbin_SRR5930533.002	response	R	0.0180915205855342	0.0675211793637717	453	19	0.788869628854666	0.918767760375416
metabat_SRR13068849.40	response	R	-0.0166079160774594	0.0620313725336475	453	28	0.789027573289933	0.918767760375416
semibin_SRR16554703.88	response	R	-0.00170447066292333	0.00638521608717244	453	2	0.789639549376013	0.918767760375416
metabat_ERR12405959.31	response	R	0.00827593081331094	0.0310094533842953	453	8	0.789680367421646	0.918767760375416
semibin_SRR11413657.20	response	R	-0.0049550101000167	0.0185535487365473	453	5	0.789542049668912	0.918767760375416
semibin_SRR16168930.38	response	R	0.0219745169265976	0.0826126717889527	453	34	0.790365250157436	0.919260410040868
metabat_SRR25825496.23	response	R	-0.0236126310985261	0.0889086528249828	453	30	0.790681745415012	0.919324410343645
metabat_SRR11413689.14	response	R	-0.0162854205391027	0.0615536744252105	453	15	0.791459655367923	0.919797142695219
metabat_ERR6279665.25	response	R	0.025284255467776	0.0956377060987922	453	34	0.791611534071597	0.919797142695219
metabat_ERR6230245.18	response	R	-0.0108791408512416	0.0413630352590216	453	5	0.792658550224352	0.920709435939486
semibin_SRR11413655.121	response	R	-0.0152131905914197	0.0580299279008562	453	12	0.793316967988543	0.921169900742311
metabat_SRR25825512.24_sub	response	R	-0.0041317873575941	0.0158260103877257	453	3	0.794156366281999	0.921840139929848
metabat_SRR5930514.58	response	R	-0.0343995682965558	0.1331072522565	453	40	0.796189142176272	0.9220688484492
metabat_SRR16554651.15	response	R	0.0166067807779362	0.0638959553659999	453	29	0.795056837949801	0.9220688484492
semibin_SRR20881984.71	response	R	0.0200310640790433	0.0769071819920339	453	22	0.79462976023004	0.9220688484492
maxbin_ERR12405986.012	response	R	0.012183231073808	0.0470394632564626	453	12	0.795753245112896	0.9220688484492
semibin_SRR16554714.52	response	R	0.0121991020506444	0.0470622660623677	453	11	0.795589978969708	0.9220688484492
semibin_ERR6281341.3	response	R	0.00462108101329512	0.0178702620635379	453	4	0.796070117536785	0.9220688484492
semibin_SRR5930532.10	response	R	-0.00326286282317916	0.0125821457082287	453	3	0.795502950830769	0.9220688484492
semibin_ERR12405967.93	response	R	0.0258245283306688	0.100087774108651	453	20	0.796510278225375	0.922137022798953
semibin_ERR2162218.39	response	R	-0.0288416020555761	0.112912816844552	453	35	0.798506104656036	0.922520336180148
maxbin_SRR16554654.015	response	R	0.0125064527947335	0.0490044784440794	453	21	0.798678015737306	0.922520336180148
metabat_SRR6000949.15_sub	response	R	0.0149971333792459	0.0586634692584416	453	19	0.798340348181709	0.922520336180148
metabat_ERR6281518.58_sub	response	R	0.0302075289660812	0.117435366767264	453	46	0.797121486693533	0.922520336180148
semibin_ERR6279646.22_sub	response	R	-0.0107202056175548	0.041937109224606	453	7	0.798356901723436	0.922520336180148
semibin_SRR11413609.0	response	R	0.00653059908974745	0.0255383610652926	453	5	0.798286003537376	0.922520336180148
semibin_ERR12405966.12	response	R	0.00785990956728491	0.0305984055811812	453	6	0.79739384258733	0.922520336180148
semibin_SRR8387683.9	response	R	-0.0116642840199128	0.0459822384137594	453	10	0.799867140434298	0.923590432107386
metabat_SRR23364212.36	response	R	-0.019433366591387	0.0769290096294466	453	22	0.800681662910569	0.924109205288789
maxbin_SRR16168918.066	response	R	0.00832919423282682	0.0329991306064066	453	10	0.80084207864475	0.924109205288789
maxbin_SRR16554718.005	response	R	-0.0119503760073084	0.0475372589671002	453	11	0.801628086047338	0.924712713432559
semibin_SRR16554638.14	response	R	-0.02335580526966	0.093878488757556	453	29	0.803638339294265	0.9247957077251
semibin_ERR6254871.56	response	R	-0.00968491965401217	0.0389546741929463	453	3	0.803767738481098	0.9247957077251
metabat_SRR5930498.97	response	R	0.0204300717551842	0.0822218281168478	453	21	0.803879991708933	0.9247957077251
maxbin_SRR6000892.009	response	R	0.00841880830801489	0.0336119964777786	453	4	0.802338438958766	0.9247957077251
metabat_SRR11413613.27	response	R	-0.00343875190887448	0.0137982969081871	453	4	0.80330773075691	0.9247957077251
semibin_ERR12405976.64	response	R	0.0061475671190556	0.0245886824854873	453	5	0.802688720919378	0.9247957077251
semibin_SRR5930531.137	response	R	0.00643380989770579	0.0256590284027365	453	6	0.802127733822393	0.9247957077251
metabat_SRR5930529.63_sub	response	R	-0.00157639336602487	0.00635046303069089	453	2	0.804067257825834	0.9247957077251
metabat_ERR12405947.20	response	R	0.00257975599143359	0.0103543996284756	453	2	0.803361943251924	0.9247957077251
semibin_SRR13068847.101	response	R	-0.00855994313402827	0.034650527817459	453	12	0.804992666365035	0.925557297233311
metabat_SRR6000890.18	response	R	-0.013157745581707	0.0535298969835499	453	14	0.805947527400599	0.925794754726816
metabat_SRR11413611.7	response	R	-0.0138424155198113	0.0562877770005881	453	12	0.805854572024949	0.925794754726816
metabat_SRR16554760.5	response	R	-0.013596593429631	0.0553273854616317	453	6	0.80598911951615	0.925794754726816
maxbin_SRR16554766.008	response	R	0.0138071447290429	0.0563351946194744	453	18	0.806498897990964	0.926077767908631
metabat_ERR6281341.34	response	R	-0.00821233374029793	0.0335592442618315	453	8	0.806791186760532	0.926110941119827
metabat_SRR16554736.34_sub	response	R	-0.0212540184134191	0.0874982713269036	453	29	0.808187210677188	0.927410650372386
maxbin_SRR13022252.009_sub	response	R	-0.0076345773179168	0.0315468597928095	453	7	0.808885028426983	0.9276059230102
semibin_ERR6279619.31	response	R	0.00248168639732866	0.0102487405856733	453	2	0.808778051973234	0.9276059230102
maxbin_SRR5930494.018	response	R	0.0237886333403398	0.0984860688812463	453	50	0.809244489906826	0.927715561301728
maxbin_ERR6264280.016_sub	response	R	0.0176465559920583	0.073533784188741	453	32	0.810456545627527	0.928802221129852
metabat_SRR11413656.7	response	R	-0.0136803118149278	0.0572208349483162	453	13	0.811153350971894	0.928995173295499
maxbin_SRR5930528.038	response	R	-0.00756376245980321	0.0316039250969252	453	4	0.810958949022755	0.928995173295499
metabat_ERR12406000.21	response	R	-0.012929338250485	0.0542922781661719	453	13	0.811878287708211	0.929220140115989
metabat_SRR11413652.31	response	R	0.025486353488107	0.107021054037068	453	35	0.811878347678134	0.929220140115989
metabat_SRR20881975.42	response	R	-0.0256226100857461	0.108121248494841	453	33	0.812779988791396	0.929344533525381
metabat_SRR11413607.10	response	R	0.0170941329760715	0.0720393506863262	453	29	0.812540828928207	0.929344533525381
metabat_SRR13068843.23	response	R	0.00635654416598342	0.0267579773079495	453	5	0.812332777652091	0.929344533525381
semibin_ERR6280907.75	response	R	-0.0444272361303094	0.187864032820367	453	68	0.813163394910905	0.92948065556136
semibin_SRR23364199.59	response	R	-0.00483870174082599	0.0205322608128677	453	6	0.813801128520537	0.929871309392876
maxbin_ERR6281505.009	response	R	-0.0124787100215515	0.0530190732614086	453	15	0.814034098495811	0.929871309392876
semibin_SRR5930493.130	response	R	-0.0127927760904502	0.0544687823639331	453	7	0.814421316764614	0.930011480917305
metabat_ERR12405939.30	response	R	-0.0447075745089762	0.191045384853755	453	162	0.815079684578772	0.930461094473689
metabat_SRR6000907.39	response	R	-0.0364922238999687	0.158336087824699	453	119	0.81782897446225	0.930627124634368
semibin_SRR25825516.46	response	R	-0.0180281779691791	0.0782240347901751	453	22	0.817832221861116	0.930627124634368
semibin_SRR11413618.78	response	R	-0.0206700269380342	0.0889611236666769	453	31	0.816372365056313	0.930627124634368
maxbin_ERR6275659.013_sub	response	R	-0.0190058051193833	0.08251653822924	453	17	0.81794198362976	0.930627124634368
maxbin_SRR5930501.001	response	R	-0.00644934521429228	0.0276524361345072	453	5	0.815690082967846	0.930627124634368
semibin_SRR20881983.19	response	R	0.0236843258384197	0.101736017317652	453	47	0.816021150847162	0.930627124634368
maxbin_ERR12405968.007_sub	response	R	0.00540203385994519	0.0233624539023777	453	6	0.817243587870561	0.930627124634368
maxbin_SRR13022258.012_sub	response	R	-0.00717117768887783	0.0309108397847093	453	7	0.816647345911423	0.930627124634368
metabat_SRR13068826.29	response	R	-0.00537440096578258	0.023105007753039	453	3	0.816172021131152	0.930627124634368
semibin_ERR12405943.65	response	R	-0.00425469709638997	0.0184924292328424	453	5	0.818136644552	0.930627124634368
metabat_ERR6279628.17	response	R	0.00329800236143748	0.0143085358156866	453	3	0.81781462547982	0.930627124634368
metabat_SRR23364206.9	response	R	0.0111707509802361	0.048651933922474	453	8	0.818502924721021	0.930742653078625
semibin_SRR11413617.49	response	R	-0.0326939453566669	0.143562015140498	453	42	0.819956300703002	0.930774933354528
semibin_SRR16554736.23	response	R	-0.0196938645726596	0.0874350327077699	453	24	0.821894616203865	0.930774933354528
semibin_ERR6275661.83	response	R	-0.00983017257544896	0.0438362988336496	453	14	0.822666651175994	0.930774933354528
semibin_SRR5930505.26	response	R	0.0107755131931499	0.0472972852269478	453	14	0.819885410553125	0.930774933354528
metabat_SRR13022394.10	response	R	0.0106863342843478	0.0471287353991339	453	15	0.820726329189915	0.930774933354528
metabat_SRR16554696.40	response	R	-0.0101391029675227	0.0449084796240523	453	9	0.821481083810218	0.930774933354528
semibin_SRR13068829.32	response	R	-0.00943554624379669	0.0413436627308891	453	12	0.819576969662193	0.930774933354528
metabat_SRR16554728.6	response	R	0.0159622923276254	0.0709592202795747	453	13	0.822119885260245	0.930774933354528
metabat_ERR12405922.1	response	R	-0.00941481426746127	0.0415891206412297	453	11	0.821010891038236	0.930774933354528
maxbin_ERR6279678.007	response	R	0.0130836414463323	0.0579684396568147	453	12	0.821534791918556	0.930774933354528
metabat_ERR6279625.1	response	R	0.0139558532299605	0.0611751323657917	453	17	0.81964895905862	0.930774933354528
metabat_ERR6279619.6	response	R	0.00427434860820303	0.0190548227288434	453	4	0.822611353481049	0.930774933354528
metabat_SRR5930509.4	response	R	0.00230742116017163	0.0101732432701637	453	2	0.820672127049145	0.930774933354528
semibin_SRR5930498.22	response	R	-0.0030761594716756	0.0135694634711779	453	3	0.820761912872107	0.930774933354528
metabat_SRR5930506.18	response	R	0.00847128425858393	0.0369860505922951	453	8	0.818941842296086	0.930774933354528
metabat_ERR6279676.65	response	R	-0.00629206574217679	0.0280747180220557	453	3	0.822766920610316	0.930774933354528
metabat_ERR12406002.11	response	R	0.0203912369285621	0.0914627111729674	453	34	0.823678917318346	0.931260475902689
maxbin_ERR12405998.001_sub	response	R	-0.00685219911263119	0.0307430995386545	453	5	0.823725847570354	0.931260475902689
semibin_ERR6279621.6	response	R	0.0286848336515306	0.129118811950314	453	58	0.824291512877966	0.931600436926688
maxbin_SRR11413655.005	response	R	-0.0513515097989635	0.232609740534349	453	256	0.825377846033647	0.931909745077015
semibin_ERR6279614.29	response	R	-0.0357653710097699	0.162906435187258	453	77	0.826325148052799	0.931909745077015
metabat_SRR16554747.15	response	R	-0.0316770971520202	0.143375014218766	453	42	0.82524012928979	0.931909745077015
maxbin_ERR6279649.002	response	R	0.0127168596868633	0.0577031336186499	453	12	0.825671753944506	0.931909745077015
metabat_SRR6000940.3	response	R	-0.0279355045258778	0.127313781384824	453	49	0.826420530475009	0.931909745077015
semibin_ERR6232523.5	response	R	0.00435797195135328	0.0198450645491999	453	4	0.826282467678797	0.931909745077015
maxbin_ERR12405994.023	response	R	0.00975560109206925	0.0442221726708703	453	14	0.825501114474624	0.931909745077015
metabat_SRR20881979.28	response	R	-0.0119150177277843	0.0544439313789229	453	18	0.826866422309372	0.932113607194535
semibin_SRR11413657.198	response	R	0.00929112477655775	0.0425855395613838	453	7	0.827390994824496	0.932406005706067
semibin_SRR5930522.7_sub	response	R	-0.00502476345060011	0.0231201843078222	453	4	0.828047934738695	0.932847336924464
semibin_ERR6264280.18	response	R	0.0442235984370166	0.204596159620607	453	179	0.828968513504799	0.933126908569742
maxbin_SRR5930509.015_sub	response	R	-0.0025633158542848	0.0118864315012483	453	3	0.829357676132094	0.933126908569742
metabat_ERR6279678.21	response	R	0.00607895538500359	0.0280816667674585	453	4	0.828716299278653	0.933126908569742
metabat_SRR11413646.20	response	R	0.00484451281980755	0.022459173712383	453	5	0.829316879007428	0.933126908569742
metabat_SRR5930526.41	response	R	0.0221782807161824	0.103348860379708	453	49	0.830179099047667	0.933752307182213
metabat_SRR23364211.18	response	R	0.0175636564952667	0.0825429851066039	453	15	0.831593193022328	0.93504370536185
metabat_SRR16554665.10	response	R	-0.0327531301010769	0.156063887491418	453	110	0.833864226302342	0.935577328124844
semibin_ERR6275663.33	response	R	0.0189230594119585	0.0899681626722358	453	28	0.833504628012524	0.935577328124844
semibin_ERR6279661.58	response	R	0.023151825646006	0.109985547199241	453	24	0.833373456929641	0.935577328124844
metabat_ERR6279654.11	response	R	-0.026749985328312	0.127041103986863	453	47	0.833324636259754	0.935577328124844
maxbin_SRR5930506.016_sub	response	R	0.0281021940239004	0.133956876215761	453	86	0.833930417048709	0.935577328124844
maxbin_SRR11413687.043	response	R	-0.00618662491569438	0.0294273954955115	453	4	0.833580639576034	0.935577328124844
metabat_SRR5930526.94	response	R	-0.00833955658870417	0.0395614131084536	453	9	0.833138365415958	0.935577328124844
metabat_SRR11413612.18	response	R	-0.0158573404658808	0.0769423348382437	453	33	0.83681061930789	0.936005504823518
semibin_SRR25825507.51_sub	response	R	0.00984586396455856	0.0475644244577828	453	16	0.836102831813057	0.936005504823518
metabat_ERR6281000.13	response	R	0.023774926089619	0.114018002286366	453	43	0.834917991526746	0.936005504823518
metabat_SRR11413654.23	response	R	-0.00495696054238034	0.0237830412990224	453	5	0.834993560518534	0.936005504823518
semibin_ERR6279672.11_sub	response	R	-0.0136201509712303	0.0655366984242325	453	20	0.835459583905368	0.936005504823518
metabat_SRR13022432.6	response	R	-0.0168051944129952	0.0807281735969207	453	26	0.835190105013538	0.936005504823518
metabat_SRR25825512.9	response	R	-0.0135025740192696	0.0655833163000183	453	17	0.836974205678367	0.936005504823518
metabat_ERR6243878.17	response	R	0.0125747329037988	0.0609627037297594	453	18	0.836673661506336	0.936005504823518
maxbin_SRR20881983.049_sub	response	R	-0.0062558598148262	0.0301659407191625	453	5	0.835805748168039	0.936005504823518
semibin_ERR6264281.52	response	R	-0.00429319497276694	0.0208082842426742	453	3	0.836633283345985	0.936005504823518
metabat_SRR11413685.13	response	R	-0.0209177738721912	0.102456208227096	453	36	0.838318206103642	0.936019946859449
metabat_SRR25825512.4	response	R	-0.0132540522445867	0.0649059480680341	453	17	0.838288495344744	0.936019946859449
semibin_ERR12405995.25	response	R	0.00482040659796331	0.0235567767466071	453	4	0.837954106886599	0.936019946859449
semibin_SRR5930536.78	response	R	-0.00820186473886359	0.0401718460908852	453	9	0.838313238200799	0.936019946859449
semibin_ERR6280899.116	response	R	0.00339263804332345	0.0165665076910593	453	3	0.837829705842266	0.936019946859449
metabat_SRR5930508.52	response	R	-0.00494143988656232	0.0243323964686107	453	3	0.839163552792138	0.936666365592748
semibin_SRR16554721.63	response	R	0.0170471450758229	0.0847259630492583	453	15	0.840630681632409	0.937113974831816
semibin_ERR6279646.18	response	R	0.0168659505270119	0.0834331766791539	453	22	0.8398912332316	0.937113974831816
metabat_SRR25825514.3	response	R	-0.00510184366683907	0.0253207440683523	453	5	0.840408574927095	0.937113974831816
semibin_SRR5930530.103	response	R	0.00622575700182222	0.0308687305229864	453	8	0.840254048814664	0.937113974831816
maxbin_SRR16168909.004_sub	response	R	-0.0106989462547194	0.0535971639683844	453	14	0.841869579908619	0.938197604741269
metabat_ERR6281518.6_sub	response	R	-0.00546701569598395	0.0275288787303661	453	6	0.842672181987195	0.938794484115011
metabat_SRR5930502.31	response	R	-0.0283176776352104	0.143719850794861	453	63	0.843890521109396	0.939850758125296
semibin_SRR11413679.4	response	R	0.0268283083257209	0.136839121240558	453	62	0.844653971955522	0.939850758125296
metabat_ERR6281518.61_sub	response	R	-0.00943117074022352	0.0481154034505003	453	18	0.844689532331039	0.939850758125296
semibin_SRR5930515.71	response	R	0.00450563007616295	0.0229828104135538	453	4	0.844664919974399	0.939850758125296
semibin_SRR16554671.9	response	R	0.0371573871127722	0.196927163696535	453	179	0.850424225141704	0.939915777335623
semibin_SRR16554627.102	response	R	0.018571486624872	0.100245769114369	453	52	0.853108954646639	0.939915777335623
maxbin_SRR16554687.002	response	R	0.00812589726015598	0.0425898770748318	453	5	0.848773338150216	0.939915777335623
metabat_SRR16554644.2	response	R	0.00902413269042072	0.0474351231576015	453	8	0.849205568914936	0.939915777335623
metabat_SRR13068828.25	response	R	-0.0117797439026227	0.0623648836748224	453	29	0.850269365051116	0.939915777335623
metabat_ERR6282383.6_sub	response	R	0.00782468230964471	0.0412129472796819	453	10	0.849504408123112	0.939915777335623
metabat_ERR2162202.27	response	R	-0.00483622684467292	0.0252489778646214	453	8	0.848187709849662	0.939915777335623
maxbin_SRR16554751.003	response	R	-0.0126557256532472	0.0662144358185388	453	22	0.848508309805047	0.939915777335623
semibin_ERR6279672.17	response	R	0.0219988222881426	0.114182021733312	453	49	0.847308831991891	0.939915777335623
semibin_SRR20881979.39	response	R	0.0152648999470908	0.0794749947891733	453	13	0.84777264866474	0.939915777335623
metabat_ERR6281432.14	response	R	-0.00786637004896106	0.0403379561618159	453	11	0.845471765253708	0.939915777335623
semibin_ERR6279677.59_sub	response	R	-0.0148264888103743	0.0770453411300911	453	23	0.847485369000148	0.939915777335623
metabat_ERR6275684.9	response	R	0.0129480129327594	0.0691252362191384	453	21	0.851499960119207	0.939915777335623
metabat_SRR5930532.1_sub	response	R	-0.013203446327707	0.0680573913406761	453	22	0.846259640008737	0.939915777335623
maxbin_SRR16554790.012	response	R	0.00873120899904612	0.0455489072177525	453	11	0.848072603996754	0.939915777335623
semibin_SRR11413647.44	response	R	-0.00194618129653543	0.0104456923950911	453	3	0.852282661043176	0.939915777335623
maxbin_SRR20881988.013	response	R	-0.00827044760740542	0.0436051374348471	453	14	0.849655556488346	0.939915777335623
semibin_ERR6279622.41	response	R	0.00581921959143967	0.030949397795083	453	6	0.850942657775177	0.939915777335623
metabat_SRR6000902.41_sub	response	R	-0.0120693189439386	0.0636389158212967	453	14	0.849666386603188	0.939915777335623
semibin_SRR13022450.11	response	R	-0.00716649392404524	0.0378870643435629	453	9	0.850057126383588	0.939915777335623
semibin_SRR16554632.31_sub	response	R	0.0091326492857434	0.0467464745025241	453	9	0.845194801666063	0.939915777335623
metabat_SRR11413681.52	response	R	-0.00429449766478848	0.0232119287170758	453	3	0.853302378058962	0.939915777335623
maxbin_SRR5930504.019	response	R	-0.00903330011674077	0.0485861229840612	453	11	0.852588418215736	0.939915777335623
metabat_ERR6281505.29	response	R	-0.00496980466789343	0.0264865626981356	453	4	0.851247440883007	0.939915777335623
maxbin_SRR5930501.008	response	R	0.0063539283199465	0.033110118262363	453	8	0.84790491989013	0.939915777335623
maxbin_ERR6232527.010	response	R	0.00430790920947405	0.0230909843970066	453	3	0.852087647228685	0.939915777335623
metabat_SRR11413613.46	response	R	0.00480743167071442	0.0256706214273785	453	5	0.851530279616961	0.939915777335623
semibin_SRR16168976.4	response	R	0.00449491264677507	0.0242048365905042	453	4	0.852761104847193	0.939915777335623
maxbin_ERR6275652.027	response	R	-0.00579883242559704	0.0303716385175963	453	3	0.848666986732483	0.939915777335623
metabat_SRR20881981.9	response	R	0.00257993020860252	0.0138949765523545	453	3	0.852784482068638	0.939915777335623
metabat_ERR6231616.29_sub	response	R	-0.00443851426838385	0.0230112350563741	453	3	0.847136453636572	0.939915777335623
metabat_SRR5930498.54	response	R	-0.00133529456489421	0.00701691292116202	453	2	0.849162402956313	0.939915777335623
semibin_SRR8387712.32	response	R	-0.01094833460963	0.0593930801426555	453	21	0.853832283421806	0.940204919671491
semibin_ERR6279665.27	response	R	-0.0189217634686802	0.102972010041593	453	60	0.85428742557551	0.940411580564651
semibin_ERR2162202.9	response	R	-0.0237388889864535	0.130087073927279	453	47	0.85528447423892	0.941214463669497
semibin_ERR12405970.2_sub	response	R	0.00700534998171967	0.0385689489165723	453	9	0.855953245682277	0.941655698316298
maxbin_SRR5930501.068_sub	response	R	-0.00282797444876436	0.0156202021105141	453	3	0.856413883062194	0.941867755034931
maxbin_SRR5930502.001	response	R	-0.00406261584788176	0.02259357112935	453	5	0.857380332169071	0.942635787337852
maxbin_SRR16168909.008	response	R	0.00192209063352186	0.0108160092080727	453	2	0.859032180629764	0.943138212202239
maxbin_SRR23364240.007	response	R	-0.0087411864608163	0.0492398960754003	453	27	0.859178524938501	0.943138212202239
maxbin_ERR6280910.013	response	R	-0.00659329217465158	0.0368658289628889	453	4	0.858139457271233	0.943138212202239
semibin_SRR6000905.23	response	R	-0.00321145753377638	0.0180480029899384	453	4	0.858852236837167	0.943138212202239
semibin_ERR6279678.59_sub	response	R	-0.00315955912955828	0.01778575865832	453	3	0.859081463212677	0.943138212202239
metabat_SRR25825507.13_sub	response	R	-0.0257569574341613	0.145730303727241	453	67	0.85978904551899	0.943513821487132
metabat_SRR11413618.6_sub	response	R	0.0101921763626467	0.0580369223283108	453	11	0.860675002955974	0.943590675457082
metabat_SRR5930501.14	response	R	-0.00578647141302533	0.0330112901485423	453	5	0.86093256167984	0.943590675457082
metabat_SRR5930528.27	response	R	-0.0115033107130773	0.0654517526035843	453	15	0.86056764878016	0.943590675457082
maxbin_ERR12406008.002_sub	response	R	-0.00348904285784369	0.0198456203074083	453	5	0.860523138088908	0.943590675457082
metabat_SRR16554777.35	response	R	0.00392893018915104	0.0224930390746857	453	4	0.861414844676163	0.943825052627419
metabat_ERR12405967.21	response	R	-0.0112192421766491	0.064562844675436	453	21	0.862122336583689	0.944305961192601
semibin_ERR6281341.53	response	R	-0.00293435936666377	0.0169454076585639	453	3	0.862599327322794	0.94453417467049
maxbin_SRR23364189.018	response	R	-0.00115622164368464	0.00671495079976997	453	2	0.863368409844675	0.945081982881033
metabat_ERR6232523.3	response	R	-0.0173093412394311	0.102506575046841	453	32	0.86598184979913	0.946469438574368
semibin_SRR16554669.51_sub	response	R	-0.00950580903453632	0.0562777929675265	453	26	0.865944897957961	0.946469438574368
semibin_SRR16554769.96	response	R	-0.005259027090679	0.0309301180402215	453	6	0.86506331813471	0.946469438574368
metabat_ERR6279667.15	response	R	-0.0139277082940838	0.0822180226104781	453	12	0.865558308386714	0.946469438574368
metabat_SRR16554660.42	response	R	0.00452522902723962	0.0266863903438907	453	6	0.865423824683723	0.946469438574368
metabat_SRR20881983.26_sub	response	R	0.0117740105122104	0.0701218077750206	453	21	0.866731203719324	0.94691690487644
semibin_SRR5930503.47	response	R	0.00699417201942591	0.0417168907663372	453	8	0.866929896700017	0.94691690487644
maxbin_SRR20881977.021	response	R	0.0109415299682438	0.0654026122092695	453	17	0.867212965872061	0.946931921741045
semibin_SRR25825517.26	response	R	-0.00814325783094169	0.048906202661189	453	6	0.86783208548621	0.947313757395068
maxbin_SRR11413618.020	response	R	-0.00413660135781736	0.025095707834116	453	7	0.869149446023558	0.948457309813417
semibin_SRR11413687.171	response	R	-0.00590857898340302	0.0360722955223996	453	6	0.869963344503322	0.949050921276351
semibin_SRR23364235.52	response	R	0.00699209478811336	0.0427909127730031	453	7	0.870276067947863	0.949097597675151
maxbin_SRR8387707.009	response	R	0.0138146133220628	0.0848952482898469	453	42	0.870807539968047	0.949382731946559
metabat_ERR6281433.22	response	R	0.00528470194413755	0.0327014547655411	453	6	0.871689826271445	0.949904613138537
metabat_SRR5930498.113	response	R	0.00964326655534649	0.0597362403541211	453	26	0.871826560465887	0.949904613138537
metabat_SRR23364206.11	response	R	0.0112560268611517	0.0703323486423968	453	24	0.87292083527999	0.949919423350185
semibin_SRR11413608.95	response	R	-0.00497128187380141	0.0310576633606551	453	6	0.87290061394931	0.949919423350185
semibin_SRR16554760.12	response	R	-0.00189262822167491	0.0117848823650796	453	3	0.872482116323554	0.949919423350185
semibin_ERR6282137.18	response	R	0.00163161794536201	0.0101729840387961	453	3	0.872647784497237	0.949919423350185
semibin_ERR6279622.17	response	R	0.0109703033098009	0.0688660527914733	453	30	0.873504596050989	0.950260569218836
semibin_SRR5930516.27_sub	response	R	-0.0103381163648588	0.0651587426409132	453	14	0.874007408344994	0.95051346976214
metabat_SRR23364223.20	response	R	-0.0111579624812321	0.0711027186286665	453	14	0.875372343654267	0.951068415826218
maxbin_SRR16168984.014_sub	response	R	0.0163171806614471	0.10353178040351	453	53	0.874838410698901	0.951068415826218
metabat_SRR13022423.1	response	R	0.0037628445350373	0.0239632350900094	453	6	0.875295100970687	0.951068415826218
semibin_SRR20881975.40	response	R	0.00238614082288462	0.0152333748371744	453	3	0.875599676345127	0.951068415826218
metabat_SRR11413689.40	response	R	0.0170416747176629	0.10947184898144	453	40	0.876361687988399	0.951602129390739
metabat_SRR6000907.1_sub	response	R	-0.0293609365233042	0.190376978086284	453	90	0.877501481084044	0.952158605886991
metabat_ERR6281505.14	response	R	-0.0314216023434151	0.204049162641442	453	177	0.877686587508458	0.952158605886991
metabat_SRR16554786.38	response	R	0.0137633159069887	0.0891276674985665	453	22	0.877345951013223	0.952158605886991
metabat_SRR25825517.32	response	R	-0.00829625981114177	0.0542437428160268	453	8	0.87851088893992	0.952758878936693
semibin_SRR13068843.2	response	R	0.00367910029592234	0.0241732566996241	453	3	0.879099519072918	0.953103271372303
maxbin_ERR6279655.020	response	R	0.0266283132557259	0.175726041356012	453	177	0.879623279845397	0.953370774297666
metabat_SRR11413619.66	response	R	-0.0129808220899953	0.0858541583355006	453	30	0.879888555914655	0.953370774297666
semibin_ERR12406012.51	response	R	-0.00901950328593053	0.0598893038558345	453	13	0.880356300958307	0.95358371970715
semibin_SRR13068851.36	response	R	0.00974985630351146	0.0649584527921993	453	19	0.880757785661971	0.953724784227746
metabat_ERR6239138.19	response	R	0.00332858028778533	0.02223076221249	453	5	0.881045817628423	0.953742947900719
maxbin_SRR13022427.016_sub	response	R	0.0130026732505297	0.0870457204613656	453	34	0.881322894796389	0.95374924533829
metabat_SRR16554706.13	response	R	-0.00899963225412359	0.0605050704923796	453	11	0.881823871565706	0.953997763823084
semibin_SRR11413649.145_sub	response	R	-0.0146366733298009	0.0994646265842323	453	20	0.88307578536577	0.954177769313475
metabat_SRR5930494.72_sub	response	R	0.0139297279117679	0.0945901754661495	453	33	0.882989499426917	0.954177769313475
metabat_ERR6275679.20	response	R	0.0100499239157098	0.068081416741864	453	21	0.882711594193959	0.954177769313475
semibin_SRR8387712.8_sub	response	R	-0.0117580532828565	0.0798806275815726	453	31	0.883044107060031	0.954177769313475
semibin_SRR5930494.87	response	R	-0.00486925595841405	0.0333573118586502	453	8	0.884008320497963	0.954598665500872
maxbin_SRR16554627.021_sub	response	R	0.00142238194075882	0.00973154782721044	453	2	0.883859129996403	0.954598665500872
maxbin_ERR12405924.002	response	R	0.0033893801112249	0.0233613547419755	453	4	0.884709415711606	0.954975689643008
semibin_ERR6279657.164	response	R	-0.00558071530637572	0.0385297602644181	453	6	0.884900681699921	0.954975689643008
semibin_SRR8387683.30	response	R	-0.00840798718252244	0.0585609947758825	453	16	0.885899083835328	0.955759797104944
semibin_SRR5930506.146	response	R	0.00402458869763954	0.0281672963980386	453	6	0.886447533835838	0.95605813771988
metabat_SRR20881977.30	response	R	-0.0153238337626849	0.107656487516675	453	29	0.886875256301091	0.956226127308996
metabat_ERR6233695.53	response	R	-0.00322596123954815	0.0229174469949227	453	5	0.888119082621476	0.957273664775325
maxbin_ERR12405991.007	response	R	-0.0111273238351273	0.0801564800122055	453	35	0.889654856614777	0.957461425117097
semibin_ERR6275663.49	response	R	0.00362678178374128	0.0261014991667929	453	3	0.889552334111051	0.957461425117097
maxbin_SRR25825495.001	response	R	0.0083301194291809	0.0595508299363032	453	16	0.888815596879553	0.957461425117097
metabat_SRR5930499.54	response	R	-0.00396564648308333	0.0284608038895557	453	3	0.889246003913495	0.957461425117097
semibin_ERR6280899.56	response	R	0.0017818736001046	0.012829399503694	453	3	0.88959917333965	0.957461425117097
semibin_SRR16554653.1	response	R	-0.0180497948323287	0.131324712989874	453	48	0.890741186767539	0.957960056527943
semibin_SRR6000894.27	response	R	-0.00942194512188101	0.0684788133804263	453	17	0.890626496218781	0.957960056527943
maxbin_ERR6281942.014	response	R	-0.0110481634987211	0.0805271064093517	453	13	0.890935547453462	0.957960056527943
metabat_SRR16554652.18	response	R	0.0100066299547716	0.073495672476724	453	28	0.891761809439837	0.958262384471414
metabat_ERR6275676.44	response	R	0.00870703441042674	0.0639441330612929	453	15	0.891750598452529	0.958262384471414
metabat_SRR16554769.2	response	R	0.00485316008342445	0.0360690056858603	453	10	0.893026312872343	0.959327991463232
metabat_ERR6275678.16	response	R	0.0161078907094131	0.121192961066888	453	44	0.894323196029397	0.96042772059846
semibin_SRR13068815.96	response	R	-0.00432368003592234	0.0327071565667828	453	5	0.894890235023541	0.960449959201089
semibin_ERR12405946.2	response	R	-0.00330543696476923	0.0249949375244964	453	5	0.894850185786594	0.960449959201089
semibin_SRR20881980.162	response	R	0.0165052935170513	0.125544790066392	453	53	0.895463000089675	0.960771409311962
maxbin_SRR5930504.027	response	R	0.0164391053149626	0.125398938183715	453	50	0.895759089525028	0.960795899563758
metabat_SRR6000947.61	response	R	-0.0112011132900725	0.086207885291888	453	30	0.896678824784035	0.960903001505841
maxbin_ERR6279620.003	response	R	0.00630074150107223	0.0483160905582995	453	8	0.896303366995782	0.960903001505841
metabat_ERR12405928.39	response	R	0.00521182587698473	0.0400134960935105	453	8	0.896425367193897	0.960903001505841
maxbin_SRR11413690.006	response	R	-0.0023576991681088	0.0184710734930547	453	3	0.898488567532024	0.96197262115752
semibin_SRR5930532.57	response	R	0.0103889248563852	0.0813475107410319	453	17	0.898435111715871	0.96197262115752
metabat_ERR6232525.20	response	R	-0.00521596645268941	0.0408674361917756	453	6	0.898497749681824	0.96197262115752
metabat_ERR12405985.2	response	R	0.0246708147084319	0.196884759500791	453	185	0.900337517528309	0.962444123295076
metabat_ERR6275672.30	response	R	-0.0043011698823782	0.0344292989440628	453	7	0.900636527675737	0.962444123295076
maxbin_SRR6000909.001_sub	response	R	-0.0020803506497194	0.0165744946706862	453	3	0.90017163978251	0.962444123295076
semibin_SRR6000893.52	response	R	0.0042793536907712	0.034224104159573	453	6	0.900548437377415	0.962444123295076
semibin_SRR11413652.68	response	R	0.0039899873329574	0.0320087254606457	453	10	0.90085426898865	0.962444123295076
metabat_SRR5930520.43	response	R	0.00564723658632121	0.045023413017466	453	12	0.900240016834741	0.962444123295076
semibin_SRR5930528.83_sub	response	R	0.0056590933731733	0.0447808926315987	453	8	0.899493738740553	0.962444123295076
metabat_SRR16554763.38	response	R	0.00760179599761436	0.0622532662388336	453	11	0.902865749699393	0.963316049892786
metabat_SRR25825502.64	response	R	0.00960714613834543	0.0788180630081912	453	23	0.903040301605979	0.963316049892786
metabat_SRR13068843.58_sub	response	R	-0.00734665782324041	0.0601142108630914	453	19	0.902785827317707	0.963316049892786
semibin_SRR13022391.11	response	R	-0.00291214290797323	0.0238913448329791	453	6	0.903039623781687	0.963316049892786
semibin_SRR11413683.27	response	R	-0.00225813901805301	0.0184518871532725	453	3	0.902653032365885	0.963316049892786
metabat_SRR13022352.3	response	R	-0.0311994038442691	0.27001101606336	453	267	0.908061997806295	0.96538925936758
metabat_SRR25825515.43_sub	response	R	0.00686365037866366	0.05967235740348	453	26	0.908478951773788	0.96538925936758
metabat_SRR20881986.45	response	R	-0.00837681098572651	0.0728052924989383	453	19	0.908450835056412	0.96538925936758
metabat_SRR16554780.25	response	R	-0.00737470730333191	0.0637189324038886	453	14	0.907911757060942	0.96538925936758
metabat_ERR12405942.51	response	R	0.00218579363062459	0.0186504882995761	453	4	0.90675582616475	0.96538925936758
maxbin_ERR6232527.031_sub	response	R	-0.0070546366506837	0.0594588533396253	453	17	0.905607560260414	0.96538925936758
semibin_SRR11413678.34	response	R	-0.00656639431939877	0.0570241005389672	453	16	0.908376538651497	0.96538925936758
semibin_ERR6281941.44	response	R	-0.00448393993721073	0.0389597663177874	453	6	0.908424082320823	0.96538925936758
metabat_SRR11413652.11	response	R	0.00111140807134448	0.00940402539021062	453	2	0.90597447323821	0.96538925936758
maxbin_ERR6281342.028	response	R	-0.00317054440934297	0.0267882401060074	453	7	0.905838422672536	0.96538925936758
metabat_ERR6275652.45	response	R	-0.0043752414330366	0.0372700449764785	453	7	0.906600963840687	0.96538925936758
semibin_SRR5930520.61	response	R	-0.00339837375714088	0.0288093249774869	453	3	0.906151159768328	0.96538925936758
metabat_SRR5930528.105	response	R	-0.000807929856840109	0.00702986766143122	453	2	0.908553202288772	0.96538925936758
maxbin_SRR16554656.001	response	R	-0.00630374022466941	0.0550222582953102	453	17	0.908839515843749	0.965401733446109
maxbin_SRR5930501.087_sub	response	R	-0.0181544792674185	0.161531875135287	453	137	0.910564885930274	0.966358629318093
maxbin_ERR6282070.005	response	R	-0.000792084644088987	0.00704444263695131	453	2	0.91052372380717	0.966358629318093
metabat_ERR12405939.20	response	R	0.00221133982955022	0.0196121570711799	453	6	0.910276368360747	0.966358629318093
metabat_SRR16168913.43	response	R	-0.00219867078846654	0.0196426664060106	453	4	0.910926064434404	0.966450224064986
metabat_SRR23364191.23_sub	response	R	0.0105767299646068	0.0952750517347525	453	47	0.911655969284271	0.966932847059878
semibin_SRR5930519.63	response	R	0.0131783904444503	0.119624042648003	453	41	0.912327471729877	0.967353254102004
maxbin_SRR16554673.003	response	R	-0.00483888771413739	0.0446092324550593	453	5	0.913669070796817	0.967362433967356
metabat_SRR25825496.40	response	R	0.00455240631316659	0.0421239643129544	453	9	0.913986918555051	0.967362433967356
maxbin_SRR16168942.005	response	R	-0.00405988104510336	0.037438723053127	453	3	0.913694366884451	0.967362433967356
semibin_ERR6275680.98	response	R	-0.00163145667834548	0.0149976694911211	453	3	0.913425006386772	0.967362433967356
maxbin_ERR6275682.008	response	R	0.00359623860142907	0.0331908621487952	453	5	0.913766138466804	0.967362433967356
metabat_ERR12405984.6	response	R	0.000947697317914107	0.00874614715546501	453	2	0.913761510651852	0.967362433967356
metabat_SRR11413619.35	response	R	-0.00797751000755724	0.0747672263649246	453	26	0.915076050666692	0.967932429044552
semibin_ERR12405995.2	response	R	0.00230698073145172	0.0215666773004606	453	4	0.9148611913347	0.967932429044552
semibin_SRR13068839.29	response	R	-0.00624514645861273	0.0595243298817974	453	23	0.916487882073878	0.967969778723867
semibin_SRR6000920.16	response	R	-0.00557146741911476	0.052869883284986	453	11	0.916120560317797	0.967969778723867
metabat_ERR6279657.79	response	R	-0.0014019407917278	0.0132897500526874	453	3	0.916033755924468	0.967969778723867
metabat_SRR23364178.39_sub	response	R	0.00576526388615282	0.0543786392790551	453	16	0.915613042556978	0.967969778723867
semibin_SRR13068823.83	response	R	-0.0030119467768661	0.0286436912821016	453	8	0.916301899050611	0.967969778723867
maxbin_ERR6235718.012	response	R	0.00478125943187635	0.0457372041766236	453	11	0.916789171805933	0.967997215636535
semibin_ERR12405939.29	response	R	-0.0260866517678917	0.254424568172624	453	271	0.91838028627975	0.968636338429293
semibin_SRR16554723.44	response	R	-0.00489682741430163	0.0475253730568665	453	8	0.917980252632449	0.968636338429293
metabat_SRR16554654.44	response	R	0.00386594141802585	0.0376241295641405	453	9	0.918205750112847	0.968636338429293
semibin_ERR6235718.14	response	R	-0.00186249006526165	0.0182529267757707	453	5	0.918771953544281	0.968636338429293
semibin_SRR5930520.106	response	R	0.000886055383813847	0.00868307487883557	453	2	0.918767131758809	0.968636338429293
semibin_SRR16554706.23	response	R	-0.0287440627229078	0.2842814672275	453	283	0.91950729438566	0.969120997320139
metabat_ERR6279677.5	response	R	-0.00853232982135417	0.0851779585038702	453	19	0.920253395555597	0.969326224917159
semibin_SRR6000905.32	response	R	0.0110615708989884	0.110224451475104	453	48	0.920107286700027	0.969326224917159
metabat_SRR6000940.44	response	R	0.0088960420989122	0.09030754935479	453	37	0.921572630961766	0.970425088488041
semibin_SRR11413606.34	response	R	0.00852074339669935	0.0870442052164029	453	14	0.922063256179649	0.97065102057714
metabat_ERR12405911.26	response	R	0.00384164475883923	0.0395290454274955	453	7	0.922622494498049	0.970949024440329
metabat_SRR16554651.26	response	R	-0.00816974563760988	0.0861327731545625	453	30	0.924475728105627	0.972026513163691
semibin_SRR16554696.25	response	R	-0.00137787633891003	0.0145020991449929	453	3	0.924348089850045	0.972026513163691
metabat_SRR13068834.43_sub	response	R	0.00567898260686302	0.0596987894049114	453	16	0.924255993000077	0.972026513163691
maxbin_SRR8387707.003	response	R	0.000801182526841141	0.00859650490605995	453	2	0.925787145196528	0.973036183646893
semibin_SRR6000909.0	response	R	-0.000665616675177614	0.00716149771825489	453	2	0.925989496724262	0.973036183646893
semibin_SRR23364199.39	response	R	0.00543136207790085	0.0587259413973209	453	16	0.926352512918427	0.973126810702477
semibin_ERR12405916.3	response	R	-0.00227949354533937	0.0247929131542377	453	5	0.92678554043623	0.973290908056685
maxbin_SRR16554777.008	response	R	-0.0076005266669429	0.0834350646544311	453	24	0.927457518003751	0.973306162234292
metabat_ERR12405976.3_sub	response	R	-0.00787701175841768	0.0863931313325608	453	30	0.927392935363587	0.973306162234292
metabat_ERR6275680.25_sub	response	R	-0.000644623870326497	0.00709333412468983	453	2	0.927630531754014	0.973306162234292
semibin_SRR5930494.42	response	R	0.00752369325306606	0.0838763537149304	453	23	0.928565705166256	0.973706238999271
maxbin_ERR6275676.002_sub	response	R	-0.00139292102038491	0.015515683715642	453	3	0.928505990429363	0.973706238999271
semibin_SRR13022415.6	response	R	-0.00786952304920319	0.0884905759505215	453	33	0.929176556025864	0.974056282345539
maxbin_SRR5930495.007_sub	response	R	0.0112890883525429	0.128728041384587	453	73	0.930156678746296	0.974332837067603
semibin_SRR13068835.5	response	R	0.0093374400777568	0.106650360430464	453	30	0.930271710476662	0.974332837067603
semibin_ERR6279669.43	response	R	-0.0052766153549568	0.0598646631376332	453	21	0.929802618720265	0.974332837067603
metabat_ERR6254870.36	response	R	-0.00226903307757988	0.0263734778259683	453	5	0.931477135779315	0.975304827099485
metabat_SRR23364171.30	response	R	0.00928870668890293	0.109487770470839	453	45	0.932428118662826	0.976009903310062
semibin_ERR6279654.27	response	R	0.00393708774142091	0.0468807216209786	453	9	0.933108851723756	0.976141244469124
metabat_ERR6280907.74	response	R	-0.00265071543733324	0.0315443763755165	453	9	0.933068967598031	0.976141244469124
maxbin_SRR16554751.004	response	R	-0.00327569310618137	0.039280476783448	453	6	0.933576767479827	0.976340248203174
semibin_SRR13068826.50	response	R	-0.00290658480149726	0.0351835187645142	453	5	0.934196870856057	0.976564270641079
semibin_SRR16554652.103	response	R	-0.00656172407210044	0.0796096772511831	453	18	0.934346475095731	0.976564270641079
metabat_SRR11413685.37	response	R	-0.00549328570784341	0.0669343567536972	453	14	0.934627799460476	0.976568006806251
metabat_ERR6279626.59	response	R	0.0038831041165168	0.0482353967396569	453	7	0.935872815929846	0.977578378137058
semibin_SRR25825502.37	response	R	-0.00542574272441172	0.0715474990262439	453	28	0.939584873909447	0.977686098387353
metabat_SRR13068829.5_sub	response	R	-0.00853354347140882	0.111102610651618	453	25	0.938810532821644	0.977686098387353
metabat_ERR6279658.3	response	R	0.00664155588718177	0.0858935713883211	453	10	0.938400966281686	0.977686098387353
metabat_ERR6281997.20	response	R	0.00460236201087642	0.0611758809861288	453	8	0.940063887674899	0.977686098387353
semibin_SRR23364178.13	response	R	-0.00364270075465126	0.046261075366382	453	13	0.937272579132011	0.977686098387353
semibin_SRR11413681.27	response	R	0.00435290281669904	0.0577796620071944	453	24	0.939980816449004	0.977686098387353
semibin_ERR12405920.23	response	R	-0.00436579087836515	0.0575780390921545	453	16	0.939592845305805	0.977686098387353
metabat_ERR6239139.39	response	R	-0.00483931255552219	0.0637709109301746	453	12	0.939543626696515	0.977686098387353
semibin_SRR20881988.10	response	R	-0.00230249035205034	0.0290878183792738	453	8	0.936943240675153	0.977686098387353
semibin_ERR6279622.2	response	R	-0.00443216569882038	0.057807446909532	453	13	0.938919130119542	0.977686098387353
semibin_ERR12405970.21	response	R	-0.00204416886503965	0.0264220345284161	453	5	0.938366728828914	0.977686098387353
metabat_ERR12405928.43	response	R	0.00265903031660105	0.0351434189297662	453	9	0.939721383844429	0.977686098387353
metabat_ERR6233695.65_sub	response	R	0.00303890403463023	0.039138762978243	453	7	0.938145418286939	0.977686098387353
metabat_ERR6280899.67	response	R	0.00413468864143933	0.0520244700346619	453	21	0.936689396788885	0.977686098387353
metabat_ERR6279624.45	response	R	-0.00201509435714802	0.0268224505670363	453	4	0.940146956384425	0.977686098387353
maxbin_ERR6279658.017_sub	response	R	-0.0117492905255709	0.161837635704768	453	133	0.942157403158242	0.977969636905498
maxbin_ERR12405965.008	response	R	0.00268145752189709	0.0363337306758559	453	8	0.941202597197232	0.977969636905498
semibin_ERR6229432.26	response	R	0.00271259089839623	0.0374999153640649	453	10	0.942366646710986	0.977969636905498
metabat_SRR13068840.32_sub	response	R	0.00432150265759738	0.058725572893962	453	16	0.941370775111139	0.977969636905498
maxbin_SRR16168984.062	response	R	-0.00271859814955752	0.0375211089867763	453	12	0.942271838257071	0.977969636905498
metabat_ERR6281504.22_sub	response	R	0.00216397838900073	0.0293914239211153	453	6	0.941340478419588	0.977969636905498
metabat_SRR16168918.75	response	R	0.000734174602289303	0.0100889506551037	453	3	0.942021491818026	0.977969636905498
semibin_SRR11413684.67	response	R	-0.00995667615388312	0.141694977507437	453	41	0.944011237083049	0.978446368490536
maxbin_ERR12405924.017	response	R	-0.00523934612784711	0.074484468968582	453	26	0.94395315418598	0.978446368490536
metabat_SRR16554638.10	response	R	-0.00310583721286989	0.0444890974970551	453	4	0.944375241462122	0.978446368490536
metabat_SRR16554694.1	response	R	0.00509509339145858	0.0731429232797661	453	21	0.944495726580455	0.978446368490536
maxbin_ERR12405926.036	response	R	-0.00271035135243697	0.0379647909447791	453	9	0.94311823600021	0.978446368490536
semibin_SRR5930520.41	response	R	-0.0033222303451852	0.0474239438786972	453	12	0.944181849373379	0.978446368490536
semibin_ERR6239139.3	response	R	-0.00319652642679601	0.0461210110021907	453	14	0.944775674290669	0.978448091548157
semibin_SRR5930527.97	response	R	0.00242385557046344	0.0358354210983148	453	3	0.946103353207653	0.979534567101917
metabat_SRR5930511.52	response	R	-0.00310907499394931	0.0463959813391524	453	11	0.946602243589576	0.979762581236664
maxbin_SRR11413608.019_sub	response	R	-0.0044827718192598	0.0673689297329256	453	15	0.946976961324502	0.979861976461728
semibin_SRR11413681.23	response	R	-0.00879438418560663	0.134386381985827	453	36	0.947851850310502	0.980455820585285
metabat_SRR11413689.27	response	R	-0.00413606418724797	0.0642070950202548	453	19	0.948666297392247	0.980455820585285
maxbin_SRR16168896.029	response	R	-0.00129143511380843	0.0199447020900667	453	3	0.948401572956933	0.980455820585285
maxbin_SRR13068823.022_sub	response	R	-0.00466213352526543	0.0719186459281766	453	33	0.948342020127706	0.980455820585285
semibin_SRR5930520.204	response	R	0.000529109980843778	0.00832122728193479	453	2	0.949328393719592	0.980851787340019
semibin_ERR12405945.16	response	R	-0.00213179996842735	0.0338534093337319	453	10	0.949817129793852	0.981068457213627
metabat_SRR16554681.16	response	R	-0.00310415532330035	0.0495867833836136	453	15	0.950112398829592	0.981085225928002
semibin_ERR6231475.0	response	R	0.00517552296057576	0.0833457157848101	453	48	0.950513148050843	0.981210871563935
semibin_SRR5930501.70	response	R	0.00427131293531464	0.0698125180958394	453	30	0.951241139275443	0.981473420942343
maxbin_ERR6279657.062_sub	response	R	-0.00180121025116871	0.0294913066882629	453	11	0.951325773200087	0.981473420942343
semibin_SRR16554786.15	response	R	0.00514720753537546	0.0873051423220545	453	39	0.953012899844878	0.982925595733233
semibin_SRR11413618.30	response	R	0.00331950886074831	0.0574145657307943	453	10	0.953920488389509	0.983573148732409
metabat_ERR6232458.9	response	R	0.00412963223186311	0.0721167264137192	453	8	0.954361028259579	0.983738896323858
metabat_SRR5930506.102	response	R	-0.00481505364890953	0.0858617985962171	453	33	0.955303853273785	0.983845444672122
metabat_ERR12405979.31	response	R	0.0027595493167734	0.0491567035417811	453	7	0.955257014646264	0.983845444672122
semibin_SRR5930517.80	response	R	0.0016165771805214	0.028813013498701	453	6	0.955282560974441	0.983845444672122
metabat_SRR25825496.19	response	R	0.00250919198525092	0.046016954978644	453	10	0.956539093970745	0.984783319112595
maxbin_SRR13022272.005	response	R	0.00322119044109249	0.0593969696896314	453	19	0.956774692289142	0.984783319112595
semibin_ERR12405921.38	response	R	-0.000396688636630545	0.00741447452881821	453	2	0.957355689813026	0.985092948604799
metabat_SRR5930532.23_sub	response	R	-0.00503972406404322	0.0960914739988536	453	43	0.958195679599404	0.985618038558177
semibin_ERR12405974.45	response	R	-0.00223317807131543	0.0428163862804538	453	13	0.958426642158818	0.985618038558177
metabat_ERR6232688.30	response	R	-0.00438438035454687	0.0849295158357231	453	23	0.958851358890064	0.985766484753645
semibin_ERR6273965.44_sub	response	R	0.00570254430723347	0.117153223304333	453	47	0.961199181437457	0.985953087159392
maxbin_ERR12405949.005	response	R	0.000996312934384188	0.0203142796916693	453	6	0.960905213891463	0.985953087159392
semibin_SRR23364187.43_sub	response	R	-0.00454431491498739	0.0923787703342625	453	31	0.960787932344938	0.985953087159392
semibin_ERR6232688.10	response	R	0.00412659192638401	0.0845357289232172	453	28	0.961088524009905	0.985953087159392
metabat_SRR5930504.26	response	R	-0.00193715751344059	0.0387681680046398	453	8	0.960170296335807	0.985953087159392
metabat_SRR11413618.24	response	R	0.00172188460033523	0.0350268143997399	453	9	0.960814315904906	0.985953087159392
semibin_ERR6279628.51	response	R	0.00112879943509721	0.0232363104780046	453	4	0.96127621808373	0.985953087159392
semibin_SRR13068823.89	response	R	0.00068636896388856	0.0134907767863317	453	4	0.959446183320317	0.985953087159392
metabat_ERR12405923.25	response	R	-0.00370133350407275	0.0776831277828342	453	26	0.962019082776049	0.986139677854399
semibin_SRR25825503.35	response	R	-0.00084483987489647	0.0177174218109903	453	6	0.961989089570684	0.986139677854399
maxbin_SRR16554707.013	response	R	-0.00994032004923545	0.21544583158115	453	114	0.963220385506225	0.98622098877108
metabat_ERR12405966.18	response	R	0.00364890560893132	0.0780310761788407	453	25	0.962723448530798	0.98622098877108
maxbin_ERR12406007.007	response	R	0.00130413013892225	0.027957716671649	453	10	0.96281580841984	0.98622098877108
semibin_SRR16554654.4_sub	response	R	-0.0008991288952938	0.0193579930682793	453	4	0.9629742592018	0.98622098877108
maxbin_SRR8387683.015_sub	response	R	-0.00285154616230873	0.0623806845511403	453	24	0.963560028482503	0.986281531337549
semibin_ERR6281997.36	response	R	-0.00244813974165771	0.054304592612554	453	19	0.964062235686439	0.986473930399728
maxbin_SRR5930534.011	response	R	-0.00318933242655504	0.0712353172330528	453	26	0.964309129346947	0.986473930399728
semibin_SRR8387677.66	response	R	-0.00422673720893925	0.0961517884605676	453	32	0.964956591845604	0.986746864706963
semibin_SRR5930501.108	response	R	0.00308828386713646	0.0706180638647299	453	16	0.965137220627772	0.986746864706963
semibin_SRR25825518.7	response	R	0.00364087747925468	0.0910757100020047	453	40	0.968129644945789	0.987234441132373
maxbin_SRR16554666.010_sub	response	R	-0.00173578802598754	0.0438175042015841	453	12	0.968418911853296	0.987234441132373
semibin_SRR6000900.6	response	R	-0.0033111651411517	0.0818353613965576	453	18	0.967743271001437	0.987234441132373
metabat_SRR5930527.48	response	R	0.00331627816109661	0.0792476902925048	453	29	0.966639213209768	0.987234441132373
semibin_ERR6275666.3	response	R	0.00305680513770878	0.0771734660496718	453	19	0.968421953204083	0.987234441132373
semibin_ERR6233695.19	response	R	0.00162748312759599	0.0403565004525654	453	8	0.967849813897493	0.987234441132373
metabat_SRR23364201.31	response	R	-0.00151239069842557	0.0368661102050454	453	12	0.967295068631631	0.987234441132373
maxbin_SRR16168943.020_sub	response	R	-0.00220886002468847	0.0526285729421938	453	11	0.966540655141308	0.987234441132373
semibin_ERR6280907.83	response	R	0.00104571773664727	0.0260280282133552	453	4	0.967970110210854	0.987234441132373
metabat_SRR25825516.32	response	R	0.000800353444583546	0.0193198726161877	453	3	0.966974295575463	0.987234441132373
semibin_SRR11413648.175	response	R	0.000388080231931294	0.0100765601777597	453	3	0.969295607142609	0.98783865354012
maxbin_SRR5930519.014	response	R	0.000527803921164033	0.0143010755948122	453	3	0.970575831138781	0.988257569806106
semibin_SRR5930533.64	response	R	0.00117919456586835	0.0314050381676623	453	4	0.970064728539225	0.988257569806106
semibin_ERR12405912.39_sub	response	R	-0.00150512657482836	0.0411389379648544	453	6	0.970830957369252	0.988257569806106
maxbin_SRR16168945.044	response	R	0.000305992299234629	0.00830524613120278	453	2	0.9706266118697	0.988257569806106
semibin_ERR12405998.20	response	R	0.00253274247013514	0.0703770852079435	453	16	0.971307725874659	0.98845671900877
semibin_ERR12405986.41	response	R	-0.00158487352819208	0.0456940173746124	453	21	0.972346712442522	0.989186586703969
maxbin_ERR12405972.021	response	R	-0.00086256606035689	0.0250874779870325	453	9	0.972587608144375	0.989186586703969
metabat_ERR6279677.13	response	R	0.00181107239779211	0.0535334613977378	453	8	0.973027173714111	0.989347467547372
semibin_ERR6232521.7	response	R	-0.00206997531298149	0.062363744539595	453	14	0.973536191476488	0.989578852047219
maxbin_ERR12405990.012	response	R	-0.000244309892205012	0.00756010183042403	453	2	0.974234594769837	0.990002553529118
semibin_ERR6279647.36	response	R	0.000472154809458915	0.0147790894308607	453	4	0.974528093759991	0.99001467138403
semibin_ERR6232688.3_sub	response	R	0.00104644794436117	0.0332120455261551	453	6	0.974878297301098	0.990084371262467
metabat_SRR16554633.8	response	R	0.00467638013553264	0.159642438658104	453	74	0.976644011991043	0.990385729866871
metabat_SRR13022401.12	response	R	-0.00418379728852567	0.151575871916958	453	76	0.97799182425989	0.990385729866871
metabat_ERR12405922.10_sub	response	R	0.0024355617758827	0.0875123219252219	453	31	0.977809202436804	0.990385729866871
metabat_SRR11413679.36	response	R	-0.00098380723151045	0.0331225340834317	453	6	0.976317814290605	0.990385729866871
semibin_ERR6275677.28	response	R	0.00207114702645275	0.0726705634203279	453	21	0.977275581196154	0.990385729866871
maxbin_SRR11413620.008	response	R	0.000252647697500692	0.00840968016104404	453	3	0.97604651702211	0.990385729866871
semibin_ERR6281518.50_sub	response	R	-0.000959306961278065	0.0347313077072641	453	6	0.97797679905682	0.990385729866871
maxbin_SRR5930504.041	response	R	-0.0012007063160196	0.0394700460606267	453	7	0.975745027100398	0.990385729866871
metabat_SRR23364192.64	response	R	-0.00117812752575172	0.0404236258608696	453	6	0.976762247153176	0.990385729866871
metabat_ERR6279675.25	response	R	0.000622586784202243	0.0222762739534116	453	4	0.977715682380022	0.990385729866871
semibin_ERR6229432.91	response	R	0.00246317879501044	0.0959988997009831	453	16	0.979541148644992	0.99156088616217
semibin_SRR23364227.47	response	R	-0.00135794681159225	0.0541339577191403	453	14	0.97999831610169	0.99156088616217
semibin_SRR16554647.24	response	R	-0.00248359419206845	0.0981486555795052	453	28	0.979823345642972	0.99156088616217
maxbin_ERR12405967.017	response	R	-0.000853328410821753	0.0358557740538059	453	11	0.981023568170719	0.992312677125503
maxbin_SRR11413685.021	response	R	-0.000744010674664471	0.0325340490367426	453	9	0.981765139940061	0.992777173433781
maxbin_ERR6231548.005	response	R	-0.00159581918097248	0.074478317435942	453	20	0.982914808965542	0.993653958689719
metabat_ERR6264280.47	response	R	0.001578738563768	0.0764939503699346	453	30	0.98354297626999	0.993804256463815
metabat_SRR11413657.28	response	R	0.000163366682105462	0.00795703657537791	453	2	0.983628786261114	0.993804256463815
semibin_SRR11413608.137	response	R	-0.00377236983069221	0.209173856507812	453	173	0.985619249124818	0.99396143109779
maxbin_ERR12406005.005	response	R	0.00086666390869252	0.0496118413171713	453	19	0.986070307146043	0.99396143109779
maxbin_SRR11413607.019	response	R	0.00155403947938859	0.0867738940240984	453	25	0.985719339550556	0.99396143109779
semibin_SRR5930509.30	response	R	-0.00195901431160827	0.106588619618013	453	49	0.985344501798284	0.99396143109779
metabat_SRR13068843.21	response	R	-0.0016500662289629	0.0914372820673548	453	23	0.985610246207321	0.99396143109779
semibin_SRR16554736.59	response	R	-0.000909773332844569	0.0541015393071752	453	22	0.986590882754048	0.99396143109779
semibin_ERR12405970.54	response	R	0.000529521592310177	0.0291254840653384	453	6	0.985502742053359	0.99396143109779
metabat_SRR16554780.7_sub	response	R	0.000690151955025486	0.0406093299745127	453	13	0.98644822191405	0.99396143109779
metabat_ERR6275666.56	response	R	0.000889673480702646	0.0502838906883069	453	9	0.985891581947189	0.99396143109779
metabat_SRR16554658.17	response	R	-0.000454503571515972	0.0270693010973854	453	3	0.986611318126077	0.99396143109779
metabat_ERR12405970.10	response	R	-0.00285738428085977	0.188720713840614	453	155	0.987926577438189	0.994716450822644
maxbin_SRR23364175.021_sub	response	R	-0.00129867116596467	0.0857366316307455	453	41	0.987921456736517	0.994716450822644
semibin_SRR13068839.17	response	R	0.000845823597621907	0.0595647539654706	453	28	0.988676673103934	0.995186711317902
metabat_SRR5930499.39	response	R	-0.000216185265830401	0.0167823422322567	453	3	0.989727893715055	0.995959723612517
semibin_SRR25825515.31	response	R	0.000351357592461522	0.0304899213534367	453	5	0.990810725637649	0.996764094804571
metabat_ERR6281500.32	response	R	0.000638397878525452	0.0625875005288879	453	17	0.991866161353575	0.997540452894499
metabat_ERR12405918.3	response	R	0.00139293833864974	0.149508883276924	453	79	0.992570534833047	0.99773090190529
semibin_ERR6233693.3_sub	response	R	-0.000288105103188757	0.0323894835113979	453	7	0.992906833266954	0.99773090190529
metabat_SRR5930498.62	response	R	-0.000196091551872117	0.0215873332748538	453	4	0.992756420625805	0.99773090190529
metabat_ERR12405967.50	response	R	-0.000273312622688551	0.0322209460861569	453	6	0.993235814583036	0.997776321163987
metabat_SRR16168945.34	response	R	-0.000242460516079589	0.0319380194585583	453	7	0.99394621161669	0.998204764365691
metabat_SRR23364171.43_sub	response	R	0.000708699318765938	0.105553802544097	453	26	0.994645936366529	0.998561191602785
semibin_ERR6231475.95	response	R	0.000263572747528776	0.0409642964633873	453	8	0.994869128038838	0.998561191602785
semibin_ERR6275680.4	response	R	-0.000393506294853115	0.0701820883008684	453	16	0.995528817531444	0.998938162796962
metabat_SRR6000949.29	response	R	-0.000176657235279671	0.0358898893953156	453	10	0.996074844462233	0.999200899608905
semibin_SRR5930528.15	response	R	0.000107293527268445	0.0280810267084469	453	7	0.996953107743977	0.999297342884189
metabat_SRR6000949.42_sub	response	R	0.000112928859649527	0.0302563215729667	453	6	0.99702362879344	0.999297342884189
semibin_SRR20881977.6	response	R	0.000113728987883282	0.0296394641152552	453	7	0.996940183965122	0.999297342884189
metabat_ERR12405916.32	response	R	8.03200058957049e-05	0.0242113024581345	453	4	0.997354522335543	0.999344115284061
semibin_SRR16554648.6	response	R	-3.42964350689766e-05	0.0983452578498126	453	35	0.999721904038348	0.999982754512604
semibin_SRR6000947.67	response	R	-5.17262392423205e-05	0.0554070283823093	453	16	0.999255533450015	0.999982754512604
metabat_SRR16554665.11	response	R	-1.50412230825233e-06	0.0695514548087653	453	14	0.999982754512604	0.999982754512604
semibin_ERR6281343.49	response	R	-5.26803564397583e-05	0.06989065714391	453	30	0.999398925804383	0.999982754512604
semibin_SRR5930529.59	response	R	1.04378014297988e-05	0.0701863440659301	453	13	0.999881408121997	0.999982754512604
semibin_SRR5930506.177_sub	response	R	-4.56686755148747e-06	0.0362757597835295	453	10	0.999899610060449	0.999982754512604
semibin_SRR13068830.47	response	R	-2.17091566634118e-06	0.0147607544109726	453	3	0.999882717363962	0.999982754512604
