2025-11-26 17:54:35.146666 INFO::Writing function arguments to log file
2025-11-26 17:54:35.147246 DEBUG::Function arguments
2025-11-26 17:54:35.147401 DEBUG::Output folder: results/8.Maaslin2_melanoma_without_metadata_full
2025-11-26 17:54:35.147535 DEBUG::Min Abundance: 0.000000
2025-11-26 17:54:35.147655 DEBUG::Min Prevalence: 0.000000
2025-11-26 17:54:35.147762 DEBUG::Normalization: TSS
2025-11-26 17:54:35.14786 DEBUG::Transform: LOG
2025-11-26 17:54:35.147953 DEBUG::Analysis method: LM
2025-11-26 17:54:35.148044 DEBUG::Max significance: 0.250000
2025-11-26 17:54:35.148149 DEBUG::Random effects: dataset
2025-11-26 17:54:35.148245 DEBUG::Fixed effects: response
2025-11-26 17:54:35.148336 DEBUG::Correction method: BH
2025-11-26 17:54:35.148427 DEBUG::Standardize: TRUE
2025-11-26 17:54:35.148517 DEBUG::Cores: 1
2025-11-26 17:54:35.148606 INFO::Verifying options selected are valid
2025-11-26 17:54:35.149079 INFO::Determining format of input files
2025-11-26 17:54:35.150038 INFO::Input format is data samples as rows and metadata samples as columns
2025-11-26 17:54:35.151682 DEBUG::Transformed metadata so samples are rows
2025-11-26 17:54:35.154335 DEBUG::A total of 453 samples were found in both the data and metadata
2025-11-26 17:54:35.154498 DEBUG::Reordering data/metadata to use same sample ordering
2025-11-26 17:54:35.167687 INFO::Formula for random effects: expr ~ (1 | dataset)
2025-11-26 17:54:35.168443 INFO::Formula for fixed effects: expr ~  response
2025-11-26 17:54:35.169084 INFO::Filter data based on min abundance and min prevalence
2025-11-26 17:54:35.16956 INFO::Total samples in data: 453
2025-11-26 17:54:35.170015 INFO::Min samples required with min abundance for a feature not to be filtered: 0.000000
2025-11-26 17:54:35.193003 INFO::Total filtered features: 0
2025-11-26 17:54:35.193985 INFO::Filtered feature names from abundance and prevalence filtering:
2025-11-26 17:54:35.750473 INFO::Total filtered features with variance filtering: 0
2025-11-26 17:54:35.751389 INFO::Filtered feature names from variance filtering:
2025-11-26 17:54:35.751891 INFO::Running selected normalization method: TSS
2025-11-26 17:54:35.802141 INFO::Applying z-score to standardize continuous metadata
2025-11-26 17:54:35.804708 INFO::Running selected transform method: LOG
2025-11-26 17:54:35.900798 INFO::Running selected analysis method: LM
2025-11-26 17:54:35.902084 INFO::Fitting model to feature number 1, metabat_SRR16554674.5
2025-11-26 17:54:35.925401 INFO::Fitting model to feature number 2, maxbin_SRR13022355.014
2025-11-26 17:54:35.950063 INFO::Fitting model to feature number 3, metabat_ERR12405975.5_sub
2025-11-26 17:54:35.97681 INFO::Fitting model to feature number 4, semibin_SRR13022325.6
2025-11-26 17:54:36.001568 INFO::Fitting model to feature number 5, semibin_SRR16554706.23
2025-11-26 17:54:36.029216 INFO::Fitting model to feature number 6, semibin_SRR23364195.41
2025-11-26 17:54:36.055617 INFO::Fitting model to feature number 7, semibin_SRR5930502.51
2025-11-26 17:54:36.081066 INFO::Fitting model to feature number 8, metabat_SRR13022352.3
2025-11-26 17:54:36.108486 INFO::Fitting model to feature number 9, semibin_ERR12405939.29
2025-11-26 17:54:36.133958 INFO::Fitting model to feature number 10, metabat_SRR16554779.30
2025-11-26 17:54:36.160032 INFO::Fitting model to feature number 11, maxbin_SRR11413655.005
2025-11-26 17:54:36.186529 INFO::Fitting model to feature number 12, maxbin_ERR2162217.001
2025-11-26 17:54:36.223606 INFO::Fitting model to feature number 13, maxbin_SRR13022336.003_sub
2025-11-26 17:54:36.252456 INFO::Fitting model to feature number 14, maxbin_SRR25825509.002
2025-11-26 17:54:36.284269 INFO::Fitting model to feature number 15, semibin_SRR5930533.9
2025-11-26 17:54:36.312244 INFO::Fitting model to feature number 16, metabat_SRR13022417.2
2025-11-26 17:54:36.338005 INFO::Fitting model to feature number 17, semibin_SRR5930511.52
2025-11-26 17:54:36.367463 INFO::Fitting model to feature number 18, semibin_ERR6281504.148
2025-11-26 17:54:36.394492 INFO::Fitting model to feature number 19, semibin_ERR6279672.24
2025-11-26 17:54:36.423145 INFO::Fitting model to feature number 20, semibin_SRR11413653.25
2025-11-26 17:54:36.45243 INFO::Fitting model to feature number 21, maxbin_SRR16554665.003
2025-11-26 17:54:36.480039 INFO::Fitting model to feature number 22, semibin_SRR11413686.80
2025-11-26 17:54:36.505665 INFO::Fitting model to feature number 23, maxbin_ERR12405962.011_sub
2025-11-26 17:54:36.533498 INFO::Fitting model to feature number 24, metabat_ERR6279614.12_sub
2025-11-26 17:54:36.561622 INFO::Fitting model to feature number 25, semibin_ERR6232382.49_sub
2025-11-26 17:54:36.590365 INFO::Fitting model to feature number 26, semibin_ERR6279675.47
2025-11-26 17:54:36.617182 INFO::Fitting model to feature number 27, maxbin_SRR16554775.001
2025-11-26 17:54:36.651663 INFO::Fitting model to feature number 28, semibin_SRR11413653.97_sub
2025-11-26 17:54:36.787678 INFO::Fitting model to feature number 29, semibin_SRR16554655.39
2025-11-26 17:54:36.811083 INFO::Fitting model to feature number 30, metabat_ERR12405990.2
2025-11-26 17:54:36.837747 INFO::Fitting model to feature number 31, metabat_ERR6232687.8_sub
2025-11-26 17:54:36.864292 INFO::Fitting model to feature number 32, metabat_SRR25825493.27
2025-11-26 17:54:36.891812 INFO::Fitting model to feature number 33, maxbin_ERR6281499.002
2025-11-26 17:54:36.919569 INFO::Fitting model to feature number 34, maxbin_ERR6279667.001
2025-11-26 17:54:36.946181 INFO::Fitting model to feature number 35, semibin_SRR11413691.62
2025-11-26 17:54:36.971675 INFO::Fitting model to feature number 36, semibin_SRR6000945.4
2025-11-26 17:54:36.998317 INFO::Fitting model to feature number 37, maxbin_SRR16554671.002
2025-11-26 17:54:37.024573 INFO::Fitting model to feature number 38, metabat_SRR11413649.62
2025-11-26 17:54:37.051247 INFO::Fitting model to feature number 39, metabat_SRR5930494.64
2025-11-26 17:54:37.076675 INFO::Fitting model to feature number 40, metabat_ERR12405981.15
2025-11-26 17:54:37.103884 INFO::Fitting model to feature number 41, maxbin_SRR11413649.010
2025-11-26 17:54:37.13408 INFO::Fitting model to feature number 42, maxbin_SRR13068842.057_sub
2025-11-26 17:54:37.164629 INFO::Fitting model to feature number 43, metabat_SRR16554646.5
2025-11-26 17:54:37.192986 INFO::Fitting model to feature number 44, metabat_SRR20881978.24
2025-11-26 17:54:37.221796 INFO::Fitting model to feature number 45, semibin_SRR5930502.48
2025-11-26 17:54:37.249646 INFO::Fitting model to feature number 46, semibin_SRR6000905.60_sub
2025-11-26 17:54:37.276916 INFO::Fitting model to feature number 47, semibin_SRR5930507.29
2025-11-26 17:54:37.303002 INFO::Fitting model to feature number 48, semibin_SRR16554630.20
2025-11-26 17:54:37.329875 INFO::Fitting model to feature number 49, metabat_ERR6271719.4
2025-11-26 17:54:37.354542 INFO::Fitting model to feature number 50, semibin_SRR25825509.21
2025-11-26 17:54:37.380751 INFO::Fitting model to feature number 51, metabat_SRR23364235.43
2025-11-26 17:54:37.406655 INFO::Fitting model to feature number 52, maxbin_SRR5930501.002
2025-11-26 17:54:37.433061 INFO::Fitting model to feature number 53, semibin_SRR13022289.13
2025-11-26 17:54:37.458726 INFO::Fitting model to feature number 54, metabat_ERR12405956.16
2025-11-26 17:54:37.485447 INFO::Fitting model to feature number 55, maxbin_ERR12406000.010
2025-11-26 17:54:37.512286 INFO::Fitting model to feature number 56, metabat_SRR6000877.7
2025-11-26 17:54:37.561702 INFO::Fitting model to feature number 57, semibin_SRR13022308.4
2025-11-26 17:54:37.596595 INFO::Fitting model to feature number 58, metabat_ERR12405930.6
2025-11-26 17:54:37.624855 INFO::Fitting model to feature number 59, semibin_ERR6281499.45
2025-11-26 17:54:37.657966 INFO::Fitting model to feature number 60, semibin_SRR16554707.35_sub
2025-11-26 17:54:37.685075 INFO::Fitting model to feature number 61, semibin_ERR2162217.22
2025-11-26 17:54:37.712777 INFO::Fitting model to feature number 62, metabat_ERR12405933.43
2025-11-26 17:54:37.740889 INFO::Fitting model to feature number 63, semibin_ERR2162223.6
2025-11-26 17:54:37.766965 INFO::Fitting model to feature number 64, metabat_SRR6000874.30
2025-11-26 17:54:37.793329 INFO::Fitting model to feature number 65, metabat_SRR16554713.13
2025-11-26 17:54:37.818958 INFO::Fitting model to feature number 66, semibin_SRR5930499.112
2025-11-26 17:54:37.845916 INFO::Fitting model to feature number 67, maxbin_ERR6257997.027
2025-11-26 17:54:37.873119 INFO::Fitting model to feature number 68, semibin_SRR16168913.44_sub
2025-11-26 17:54:37.900243 INFO::Fitting model to feature number 69, semibin_SRR6000900.32
2025-11-26 17:54:37.927102 INFO::Fitting model to feature number 70, semibin_SRR16168903.5
2025-11-26 17:54:37.958054 INFO::Fitting model to feature number 71, semibin_SRR16554765.8
2025-11-26 17:54:37.986617 INFO::Fitting model to feature number 72, maxbin_SRR16554755.007_sub
2025-11-26 17:54:38.017337 INFO::Fitting model to feature number 73, semibin_SRR5930534.80
2025-11-26 17:54:38.043891 INFO::Fitting model to feature number 74, metabat_SRR6000907.1_sub
2025-11-26 17:54:38.070521 INFO::Fitting model to feature number 75, metabat_ERR6282298.17
2025-11-26 17:54:38.096408 INFO::Fitting model to feature number 76, maxbin_SRR16554728.024
2025-11-26 17:54:38.123378 INFO::Fitting model to feature number 77, semibin_SRR8387683.16
2025-11-26 17:54:38.220166 INFO::Fitting model to feature number 78, maxbin_SRR11413620.019
2025-11-26 17:54:38.362693 INFO::Fitting model to feature number 79, semibin_SRR25825514.3_sub
2025-11-26 17:54:38.385392 INFO::Fitting model to feature number 80, semibin_SRR11413656.25
2025-11-26 17:54:38.410382 INFO::Fitting model to feature number 81, metabat_ERR12405985.2
2025-11-26 17:54:38.448482 INFO::Fitting model to feature number 82, semibin_SRR16554738.0
2025-11-26 17:54:38.501055 INFO::Fitting model to feature number 83, semibin_SRR11413691.42
2025-11-26 17:54:38.529795 INFO::Fitting model to feature number 84, maxbin_SRR11413655.009_sub
2025-11-26 17:54:38.554784 INFO::Fitting model to feature number 85, semibin_SRR20881975.0
2025-11-26 17:54:38.580451 INFO::Fitting model to feature number 86, metabat_ERR6275681.8
2025-11-26 17:54:38.605249 INFO::Fitting model to feature number 87, maxbin_SRR16554759.001
2025-11-26 17:54:38.631866 INFO::Fitting model to feature number 88, metabat_SRR16554662.30_sub
2025-11-26 17:54:38.65916 INFO::Fitting model to feature number 89, metabat_SRR16554786.10
2025-11-26 17:54:38.684752 INFO::Fitting model to feature number 90, metabat_ERR6243880.3
2025-11-26 17:54:38.712322 INFO::Fitting model to feature number 91, semibin_ERR6264280.18
2025-11-26 17:54:38.739419 INFO::Fitting model to feature number 92, metabat_ERR6281505.14
2025-11-26 17:54:38.765962 INFO::Fitting model to feature number 93, semibin_SRR16554671.9
2025-11-26 17:54:38.792624 INFO::Fitting model to feature number 94, maxbin_SRR16554707.013
2025-11-26 17:54:38.830661 INFO::Fitting model to feature number 95, metabat_SRR16554771.26
2025-11-26 17:54:38.860516 INFO::Fitting model to feature number 96, maxbin_ERR2162206.004
2025-11-26 17:54:38.886955 INFO::Fitting model to feature number 97, semibin_SRR16554665.28
2025-11-26 17:54:38.911862 INFO::Fitting model to feature number 98, maxbin_ERR6279655.020
2025-11-26 17:54:38.93535 INFO::Fitting model to feature number 99, metabat_SRR5930523.5
2025-11-26 17:54:38.961539 INFO::Fitting model to feature number 100, semibin_SRR11413608.137
2025-11-26 17:54:38.990742 INFO::Fitting model to feature number 101, semibin_ERR12405912.11
2025-11-26 17:54:39.016819 INFO::Fitting model to feature number 102, metabat_ERR6279651.8
2025-11-26 17:54:39.042275 INFO::Fitting model to feature number 103, metabat_SRR16554746.22
2025-11-26 17:54:39.066469 INFO::Fitting model to feature number 104, maxbin_SRR13022253.002
2025-11-26 17:54:39.090636 INFO::Fitting model to feature number 105, maxbin_ERR6232518.013
2025-11-26 17:54:39.172195 INFO::Fitting model to feature number 106, metabat_ERR12405939.30
2025-11-26 17:54:39.19644 INFO::Fitting model to feature number 107, metabat_ERR12405970.10
2025-11-26 17:54:39.22123 INFO::Fitting model to feature number 108, semibin_SRR20881988.7
2025-11-26 17:54:39.246091 INFO::Fitting model to feature number 109, semibin_SRR5930531.50
2025-11-26 17:54:39.28635 INFO::Fitting model to feature number 110, metabat_ERR6275666.49
2025-11-26 17:54:39.311873 INFO::Fitting model to feature number 111, metabat_SRR16554744.3
2025-11-26 17:54:39.336323 INFO::Fitting model to feature number 112, semibin_SRR16168903.11
2025-11-26 17:54:39.360858 INFO::Fitting model to feature number 113, semibin_SRR11413690.7
2025-11-26 17:54:39.384877 INFO::Fitting model to feature number 114, semibin_SRR13022392.1
2025-11-26 17:54:39.408926 INFO::Fitting model to feature number 115, metabat_SRR5930536.13
2025-11-26 17:54:39.43301 INFO::Fitting model to feature number 116, semibin_SRR13022424.5
2025-11-26 17:54:39.457023 INFO::Fitting model to feature number 117, maxbin_ERR12405918.001
2025-11-26 17:54:39.480924 INFO::Fitting model to feature number 118, semibin_ERR12405947.71
2025-11-26 17:54:39.532094 INFO::Fitting model to feature number 119, semibin_ERR6279646.10
2025-11-26 17:54:39.556135 INFO::Fitting model to feature number 120, metabat_ERR12405918.3
2025-11-26 17:54:39.581447 INFO::Fitting model to feature number 121, semibin_SRR23364196.21
2025-11-26 17:54:39.607272 INFO::Fitting model to feature number 122, semibin_SRR16554695.47
2025-11-26 17:54:39.632349 INFO::Fitting model to feature number 123, semibin_SRR16554716.24
2025-11-26 17:54:39.657864 INFO::Fitting model to feature number 124, semibin_SRR6000910.14
2025-11-26 17:54:39.682177 INFO::Fitting model to feature number 125, semibin_SRR11413649.182
2025-11-26 17:54:39.717376 INFO::Fitting model to feature number 126, metabat_SRR16554626.7
2025-11-26 17:54:39.742522 INFO::Fitting model to feature number 127, semibin_SRR25825508.4_sub
2025-11-26 17:54:39.767411 INFO::Fitting model to feature number 128, semibin_SRR13068844.35
2025-11-26 17:54:39.791735 INFO::Fitting model to feature number 129, semibin_SRR16554766.35_sub
2025-11-26 17:54:39.815716 INFO::Fitting model to feature number 130, semibin_ERR6279614.29
2025-11-26 17:54:39.839819 INFO::Fitting model to feature number 131, semibin_SRR11413683.102
2025-11-26 17:54:39.863955 INFO::Fitting model to feature number 132, maxbin_ERR6279658.017_sub
2025-11-26 17:54:39.888288 INFO::Fitting model to feature number 133, semibin_ERR6230326.3
2025-11-26 17:54:39.912069 INFO::Fitting model to feature number 134, maxbin_SRR5930501.087_sub
2025-11-26 17:54:39.936365 INFO::Fitting model to feature number 135, maxbin_SRR16168913.015
2025-11-26 17:54:39.960455 INFO::Fitting model to feature number 136, maxbin_SRR16554789.001
2025-11-26 17:54:39.984672 INFO::Fitting model to feature number 137, maxbin_ERR2162209.017_sub
2025-11-26 17:54:40.008664 INFO::Fitting model to feature number 138, maxbin_SRR16554656.002
2025-11-26 17:54:40.048286 INFO::Fitting model to feature number 139, semibin_SRR16168920.5_sub
2025-11-26 17:54:40.072468 INFO::Fitting model to feature number 140, semibin_SRR16554739.16
2025-11-26 17:54:40.096308 INFO::Fitting model to feature number 141, metabat_SRR16168982.24
2025-11-26 17:54:40.120142 INFO::Fitting model to feature number 142, metabat_SRR16554643.9
2025-11-26 17:54:40.144745 INFO::Fitting model to feature number 143, metabat_SRR13022323.1
2025-11-26 17:54:40.168862 INFO::Fitting model to feature number 144, semibin_SRR16554673.15
2025-11-26 17:54:40.196441 INFO::Fitting model to feature number 145, semibin_SRR11413649.145_sub
2025-11-26 17:54:40.228375 INFO::Fitting model to feature number 146, semibin_ERR6267712.45
2025-11-26 17:54:40.252938 INFO::Fitting model to feature number 147, maxbin_SRR16554647.003
2025-11-26 17:54:40.277307 INFO::Fitting model to feature number 148, semibin_ERR2162202.11
2025-11-26 17:54:40.301883 INFO::Fitting model to feature number 149, semibin_SRR16168909.12
2025-11-26 17:54:40.32562 INFO::Fitting model to feature number 150, semibin_SRR11413684.67
2025-11-26 17:54:40.349477 INFO::Fitting model to feature number 151, maxbin_ERR2162223.012
2025-11-26 17:54:40.374597 INFO::Fitting model to feature number 152, maxbin_SRR25825521.012_sub
2025-11-26 17:54:40.398804 INFO::Fitting model to feature number 153, metabat_SRR23364233.36
2025-11-26 17:54:40.425616 INFO::Fitting model to feature number 154, semibin_SRR25825499.11
2025-11-26 17:54:40.45115 INFO::Fitting model to feature number 155, semibin_SRR16554653.1
2025-11-26 17:54:40.475145 INFO::Fitting model to feature number 156, semibin_SRR23364199.62
2025-11-26 17:54:40.498444 INFO::Fitting model to feature number 157, maxbin_SRR5930508.026
2025-11-26 17:54:40.52678 INFO::Fitting model to feature number 158, semibin_ERR6279671.24
2025-11-26 17:54:40.552123 INFO::Fitting model to feature number 159, semibin_SRR16554730.5
2025-11-26 17:54:40.577673 INFO::Fitting model to feature number 160, maxbin_SRR5930522.022
2025-11-26 17:54:40.619304 INFO::Fitting model to feature number 161, semibin_SRR16554790.42
2025-11-26 17:54:40.697234 INFO::Fitting model to feature number 162, metabat_ERR6279652.5
2025-11-26 17:54:40.721056 INFO::Fitting model to feature number 163, semibin_ERR6243877.10
2025-11-26 17:54:40.746368 INFO::Fitting model to feature number 164, metabat_SRR16168941.17
2025-11-26 17:54:40.773373 INFO::Fitting model to feature number 165, semibin_SRR16168929.15_sub
2025-11-26 17:54:40.825027 INFO::Fitting model to feature number 166, maxbin_SRR23364240.011
2025-11-26 17:54:40.852017 INFO::Fitting model to feature number 167, metabat_SRR6000947.37_sub
2025-11-26 17:54:40.878477 INFO::Fitting model to feature number 168, metabat_ERR6235716.8_sub
2025-11-26 17:54:40.903472 INFO::Fitting model to feature number 169, metabat_SRR16554633.8
2025-11-26 17:54:40.929844 INFO::Fitting model to feature number 170, metabat_ERR6279615.15
2025-11-26 17:54:40.95613 INFO::Fitting model to feature number 171, metabat_SRR16554713.7
2025-11-26 17:54:40.982878 INFO::Fitting model to feature number 172, semibin_SRR13068836.17_sub
2025-11-26 17:54:41.009314 INFO::Fitting model to feature number 173, semibin_SRR20881980.15_sub
2025-11-26 17:54:41.034615 INFO::Fitting model to feature number 174, semibin_ERR6279661.5
2025-11-26 17:54:41.069179 INFO::Fitting model to feature number 175, semibin_ERR6264281.7
2025-11-26 17:54:41.123397 INFO::Fitting model to feature number 176, maxbin_SRR5930521.014
2025-11-26 17:54:41.152044 INFO::Fitting model to feature number 177, metabat_SRR13022372.10_sub
2025-11-26 17:54:41.177973 INFO::Fitting model to feature number 178, semibin_SRR20881981.34
2025-11-26 17:54:41.205576 INFO::Fitting model to feature number 179, semibin_ERR6279683.8
2025-11-26 17:54:41.231265 INFO::Fitting model to feature number 180, semibin_ERR6279655.40
2025-11-26 17:54:41.256529 INFO::Fitting model to feature number 181, semibin_SRR11413688.2
2025-11-26 17:54:41.284099 INFO::Fitting model to feature number 182, semibin_ERR6233695.43_sub
2025-11-26 17:54:41.310415 INFO::Fitting model to feature number 183, maxbin_SRR5930515.007
2025-11-26 17:54:41.337132 INFO::Fitting model to feature number 184, semibin_ERR6273965.5
2025-11-26 17:54:41.361865 INFO::Fitting model to feature number 185, semibin_SRR16554693.19
2025-11-26 17:54:41.389229 INFO::Fitting model to feature number 186, semibin_SRR25825516.1
2025-11-26 17:54:41.416336 INFO::Fitting model to feature number 187, maxbin_SRR13068818.010
2025-11-26 17:54:41.441441 INFO::Fitting model to feature number 188, maxbin_SRR16168926.008
2025-11-26 17:54:41.477126 INFO::Fitting model to feature number 189, semibin_SRR16554672.14
2025-11-26 17:54:41.503978 INFO::Fitting model to feature number 190, semibin_ERR12405970.61
2025-11-26 17:54:41.531132 INFO::Fitting model to feature number 191, semibin_SRR5930531.21
2025-11-26 17:54:41.557201 INFO::Fitting model to feature number 192, maxbin_SRR16554787.017_sub
2025-11-26 17:54:41.583967 INFO::Fitting model to feature number 193, metabat_SRR6000907.39
2025-11-26 17:54:41.631738 INFO::Fitting model to feature number 194, semibin_SRR5930528.37
2025-11-26 17:54:41.658182 INFO::Fitting model to feature number 195, metabat_SRR23364184.15
2025-11-26 17:54:41.683079 INFO::Fitting model to feature number 196, semibin_SRR25825502.47_sub
2025-11-26 17:54:41.709424 INFO::Fitting model to feature number 197, maxbin_ERR12405958.009_sub
2025-11-26 17:54:41.735713 INFO::Fitting model to feature number 198, semibin_SRR16168913.31
2025-11-26 17:54:41.760743 INFO::Fitting model to feature number 199, semibin_ERR6232458.16
2025-11-26 17:54:41.787063 INFO::Fitting model to feature number 200, semibin_SRR11413652.32
2025-11-26 17:54:41.813653 INFO::Fitting model to feature number 201, semibin_SRR5930519.26
2025-11-26 17:54:41.838518 INFO::Fitting model to feature number 202, maxbin_SRR16554738.006_sub
2025-11-26 17:54:41.874286 INFO::Fitting model to feature number 203, semibin_SRR11413688.65_sub
2025-11-26 17:54:41.900564 INFO::Fitting model to feature number 204, semibin_SRR5930536.88
2025-11-26 17:54:41.927704 INFO::Fitting model to feature number 205, maxbin_ERR12406009.001
2025-11-26 17:54:41.953894 INFO::Fitting model to feature number 206, semibin_SRR16554765.35
2025-11-26 17:54:41.979331 INFO::Fitting model to feature number 207, semibin_SRR13068830.5
2025-11-26 17:54:42.00445 INFO::Fitting model to feature number 208, metabat_SRR5930502.31
2025-11-26 17:54:42.031013 INFO::Fitting model to feature number 209, metabat_ERR2162222.11_sub
2025-11-26 17:54:42.059065 INFO::Fitting model to feature number 210, semibin_SRR11413653.50
2025-11-26 17:54:42.085685 INFO::Fitting model to feature number 211, maxbin_SRR16554790.013_sub
2025-11-26 17:54:42.111683 INFO::Fitting model to feature number 212, maxbin_SRR16554733.009
2025-11-26 17:54:42.13773 INFO::Fitting model to feature number 213, metabat_SRR11413686.6
2025-11-26 17:54:42.163861 INFO::Fitting model to feature number 214, maxbin_SRR8387707.004_sub
2025-11-26 17:54:42.196586 INFO::Fitting model to feature number 215, metabat_SRR23364211.18
2025-11-26 17:54:42.224477 INFO::Fitting model to feature number 216, metabat_SRR16554669.41_sub
2025-11-26 17:54:42.250332 INFO::Fitting model to feature number 217, maxbin_SRR5930518.019_sub
2025-11-26 17:54:42.282157 INFO::Fitting model to feature number 218, metabat_SRR11413686.5
2025-11-26 17:54:42.310106 INFO::Fitting model to feature number 219, semibin_ERR12405961.23
2025-11-26 17:54:42.337245 INFO::Fitting model to feature number 220, semibin_SRR11413611.29
2025-11-26 17:54:42.365487 INFO::Fitting model to feature number 221, semibin_SRR11413606.8
2025-11-26 17:54:42.41544 INFO::Fitting model to feature number 222, maxbin_SRR16554701.001
2025-11-26 17:54:42.441957 INFO::Fitting model to feature number 223, semibin_SRR13068817.76
2025-11-26 17:54:42.468126 INFO::Fitting model to feature number 224, semibin_ERR6229432.91
2025-11-26 17:54:42.493952 INFO::Fitting model to feature number 225, metabat_SRR6000874.13_sub
2025-11-26 17:54:42.519287 INFO::Fitting model to feature number 226, semibin_SRR20881986.74
2025-11-26 17:54:42.545868 INFO::Fitting model to feature number 227, metabat_SRR5930494.72_sub
2025-11-26 17:54:42.572557 INFO::Fitting model to feature number 228, semibin_SRR23364193.36
2025-11-26 17:54:42.599756 INFO::Fitting model to feature number 229, metabat_SRR5930514.58
2025-11-26 17:54:42.630291 INFO::Fitting model to feature number 230, semibin_SRR16554673.13
2025-11-26 17:54:42.65721 INFO::Fitting model to feature number 231, semibin_SRR16554786.37
2025-11-26 17:54:42.691318 INFO::Fitting model to feature number 232, semibin_ERR2162202.9
2025-11-26 17:54:42.717927 INFO::Fitting model to feature number 233, semibin_SRR5930501.2
2025-11-26 17:54:42.744738 INFO::Fitting model to feature number 234, semibin_ERR2162208.7
2025-11-26 17:54:42.77135 INFO::Fitting model to feature number 235, metabat_SRR16554665.10
2025-11-26 17:54:42.797845 INFO::Fitting model to feature number 236, semibin_ERR2162200.40
2025-11-26 17:54:42.823796 INFO::Fitting model to feature number 237, metabat_SRR13068853.24
2025-11-26 17:54:42.849636 INFO::Fitting model to feature number 238, metabat_SRR11413656.75
2025-11-26 17:54:42.876104 INFO::Fitting model to feature number 239, maxbin_SRR13022357.002
2025-11-26 17:54:42.900774 INFO::Fitting model to feature number 240, semibin_SRR25825502.21
2025-11-26 17:54:42.927923 INFO::Fitting model to feature number 241, semibin_ERR6279669.74
2025-11-26 17:54:42.95427 INFO::Fitting model to feature number 242, metabat_SRR11413618.29_sub
2025-11-26 17:54:42.985079 INFO::Fitting model to feature number 243, semibin_SRR5930523.22
2025-11-26 17:54:43.02116 INFO::Fitting model to feature number 244, semibin_SRR16554776.8
2025-11-26 17:54:43.04932 INFO::Fitting model to feature number 245, metabat_SRR13068851.17
2025-11-26 17:54:43.076007 INFO::Fitting model to feature number 246, metabat_ERR12405966.8
2025-11-26 17:54:43.102355 INFO::Fitting model to feature number 247, maxbin_ERR2162223.001
2025-11-26 17:54:43.128127 INFO::Fitting model to feature number 248, metabat_ERR6279627.10
2025-11-26 17:54:43.155059 INFO::Fitting model to feature number 249, semibin_SRR11413679.4
2025-11-26 17:54:43.201015 INFO::Fitting model to feature number 250, semibin_SRR5930506.72
2025-11-26 17:54:43.226936 INFO::Fitting model to feature number 251, metabat_ERR2162214.7
2025-11-26 17:54:43.252926 INFO::Fitting model to feature number 252, semibin_SRR11413606.34
2025-11-26 17:54:43.279437 INFO::Fitting model to feature number 253, metabat_SRR11413647.31
2025-11-26 17:54:43.317239 INFO::Fitting model to feature number 254, semibin_SRR6000892.71
2025-11-26 17:54:43.343613 INFO::Fitting model to feature number 255, metabat_SRR13022401.12
2025-11-26 17:54:43.370796 INFO::Fitting model to feature number 256, metabat_ERR2162213.1
2025-11-26 17:54:43.39673 INFO::Fitting model to feature number 257, metabat_SRR16168896.4
2025-11-26 17:54:43.423121 INFO::Fitting model to feature number 258, metabat_ERR12405997.59
2025-11-26 17:54:43.448135 INFO::Fitting model to feature number 259, semibin_ERR2162223.3
2025-11-26 17:54:43.473531 INFO::Fitting model to feature number 260, semibin_SRR6000944.44
2025-11-26 17:54:43.49816 INFO::Fitting model to feature number 261, semibin_SRR5930533.32_sub
2025-11-26 17:54:43.52385 INFO::Fitting model to feature number 262, maxbin_SRR11413646.009
2025-11-26 17:54:43.549659 INFO::Fitting model to feature number 263, metabat_ERR12405954.8
2025-11-26 17:54:43.575 INFO::Fitting model to feature number 264, metabat_SRR13068832.4
2025-11-26 17:54:43.602619 INFO::Fitting model to feature number 265, semibin_SRR20881980.56
2025-11-26 17:54:43.631543 INFO::Fitting model to feature number 266, maxbin_SRR5930507.045
2025-11-26 17:54:43.671524 INFO::Fitting model to feature number 267, semibin_SRR5930495.29
2025-11-26 17:54:43.699665 INFO::Fitting model to feature number 268, maxbin_ERR2162223.003
2025-11-26 17:54:43.732929 INFO::Fitting model to feature number 269, maxbin_ERR6282070.040_sub
2025-11-26 17:54:43.760512 INFO::Fitting model to feature number 270, semibin_ERR6233693.7
2025-11-26 17:54:43.78664 INFO::Fitting model to feature number 271, metabat_SRR11413613.2
2025-11-26 17:54:43.812928 INFO::Fitting model to feature number 272, semibin_SRR16168945.59_sub
2025-11-26 17:54:43.839085 INFO::Fitting model to feature number 273, semibin_ERR12405923.28
2025-11-26 17:54:43.866058 INFO::Fitting model to feature number 274, semibin_SRR16554648.6
2025-11-26 17:54:43.892418 INFO::Fitting model to feature number 275, semibin_SRR6000901.29
2025-11-26 17:54:43.916939 INFO::Fitting model to feature number 276, maxbin_SRR16554769.012
2025-11-26 17:54:43.94379 INFO::Fitting model to feature number 277, metabat_SRR16554687.19
2025-11-26 17:54:43.991666 INFO::Fitting model to feature number 278, semibin_SRR23364183.27
2025-11-26 17:54:44.017696 INFO::Fitting model to feature number 279, metabat_ERR12405985.26
2025-11-26 17:54:44.049305 INFO::Fitting model to feature number 280, metabat_SRR16554763.7
2025-11-26 17:54:44.077237 INFO::Fitting model to feature number 281, semibin_ERR6281434.136
2025-11-26 17:54:44.104614 INFO::Fitting model to feature number 282, maxbin_ERR12406005.005
2025-11-26 17:54:44.13184 INFO::Fitting model to feature number 283, semibin_SRR11413689.18
2025-11-26 17:54:44.158735 INFO::Fitting model to feature number 284, semibin_SRR5930498.73
2025-11-26 17:54:44.185725 INFO::Fitting model to feature number 285, semibin_ERR6279657.86
2025-11-26 17:54:44.21194 INFO::Fitting model to feature number 286, maxbin_SRR5930497.004
2025-11-26 17:54:44.237325 INFO::Fitting model to feature number 287, metabat_SRR5930527.86
2025-11-26 17:54:44.264359 INFO::Fitting model to feature number 288, semibin_SRR11413657.160_sub
2025-11-26 17:54:44.289354 INFO::Fitting model to feature number 289, semibin_SRR6000896.44
2025-11-26 17:54:44.316137 INFO::Fitting model to feature number 290, metabat_SRR20881987.29
2025-11-26 17:54:44.348416 INFO::Fitting model to feature number 291, semibin_SRR11413687.181
2025-11-26 17:54:44.383349 INFO::Fitting model to feature number 292, metabat_ERR6281586.4
2025-11-26 17:54:44.410021 INFO::Fitting model to feature number 293, maxbin_SRR13022429.005
2025-11-26 17:54:44.437719 INFO::Fitting model to feature number 294, metabat_ERR6275676.3
2025-11-26 17:54:44.464221 INFO::Fitting model to feature number 295, metabat_SRR5930529.3
2025-11-26 17:54:44.48871 INFO::Fitting model to feature number 296, metabat_SRR6000949.51_sub
2025-11-26 17:54:44.515421 INFO::Fitting model to feature number 297, semibin_SRR11413656.101
2025-11-26 17:54:44.541725 INFO::Fitting model to feature number 298, metabat_ERR2162211.9
2025-11-26 17:54:44.568607 INFO::Fitting model to feature number 299, semibin_SRR11413689.110
2025-11-26 17:54:44.593878 INFO::Fitting model to feature number 300, metabat_SRR16554771.5
2025-11-26 17:54:44.61841 INFO::Fitting model to feature number 301, semibin_ERR2162218.39
2025-11-26 17:54:44.644709 INFO::Fitting model to feature number 302, semibin_SRR16168913.74
2025-11-26 17:54:44.671167 INFO::Fitting model to feature number 303, semibin_SRR16554766.13
2025-11-26 17:54:44.703778 INFO::Fitting model to feature number 304, maxbin_SRR6000869.050
2025-11-26 17:54:44.731569 INFO::Fitting model to feature number 305, metabat_SRR13068834.30
2025-11-26 17:54:44.784348 INFO::Fitting model to feature number 306, semibin_SRR11413691.40_sub
2025-11-26 17:54:44.811464 INFO::Fitting model to feature number 307, semibin_ERR6264280.63
2025-11-26 17:54:44.837086 INFO::Fitting model to feature number 308, semibin_SRR11413683.31
2025-11-26 17:54:44.864888 INFO::Fitting model to feature number 309, metabat_SRR13068828.29
2025-11-26 17:54:44.891446 INFO::Fitting model to feature number 310, metabat_SRR16554651.15
2025-11-26 17:54:44.918339 INFO::Fitting model to feature number 311, semibin_SRR11413617.49
2025-11-26 17:54:44.943931 INFO::Fitting model to feature number 312, metabat_ERR12405917.12
2025-11-26 17:54:44.969792 INFO::Fitting model to feature number 313, metabat_ERR12405923.25
2025-11-26 17:54:44.995238 INFO::Fitting model to feature number 314, semibin_SRR8387677.66
2025-11-26 17:54:45.021992 INFO::Fitting model to feature number 315, semibin_SRR16554633.6
2025-11-26 17:54:45.046218 INFO::Fitting model to feature number 316, semibin_SRR11413657.102
2025-11-26 17:54:45.072892 INFO::Fitting model to feature number 317, maxbin_SRR16554652.022_sub
2025-11-26 17:54:45.106163 INFO::Fitting model to feature number 318, metabat_SRR16554747.15
2025-11-26 17:54:45.136468 INFO::Fitting model to feature number 319, metabat_SRR11413685.32
2025-11-26 17:54:45.162458 INFO::Fitting model to feature number 320, semibin_SRR5930519.63
2025-11-26 17:54:45.1896 INFO::Fitting model to feature number 321, metabat_SRR8387676.2
2025-11-26 17:54:45.217118 INFO::Fitting model to feature number 322, semibin_SRR13022464.9
2025-11-26 17:54:45.244581 INFO::Fitting model to feature number 323, semibin_ERR6281341.24
2025-11-26 17:54:45.273868 INFO::Fitting model to feature number 324, semibin_SRR11413690.11
2025-11-26 17:54:45.305107 INFO::Fitting model to feature number 325, maxbin_SRR23364240.009_sub
2025-11-26 17:54:45.331168 INFO::Fitting model to feature number 326, maxbin_SRR5930504.027
2025-11-26 17:54:45.357477 INFO::Fitting model to feature number 327, maxbin_SRR8387683.015_sub
2025-11-26 17:54:45.393543 INFO::Fitting model to feature number 328, semibin_SRR5930501.108
2025-11-26 17:54:45.422683 INFO::Fitting model to feature number 329, metabat_SRR13068838.21
2025-11-26 17:54:45.449691 INFO::Fitting model to feature number 330, maxbin_ERR6279649.002
2025-11-26 17:54:45.477314 INFO::Fitting model to feature number 331, maxbin_ERR12405952.002
2025-11-26 17:54:45.503796 INFO::Fitting model to feature number 332, semibin_ERR12405916.16
2025-11-26 17:54:45.529345 INFO::Fitting model to feature number 333, metabat_SRR11413612.18
2025-11-26 17:54:45.575581 INFO::Fitting model to feature number 334, maxbin_SRR23364191.039_sub
2025-11-26 17:54:45.602224 INFO::Fitting model to feature number 335, semibin_SRR16554627.102
2025-11-26 17:54:45.627173 INFO::Fitting model to feature number 336, semibin_SRR25825502.37
2025-11-26 17:54:45.652944 INFO::Fitting model to feature number 337, maxbin_ERR6275667.027
2025-11-26 17:54:45.678292 INFO::Fitting model to feature number 338, maxbin_ERR2162214.002
2025-11-26 17:54:45.705499 INFO::Fitting model to feature number 339, maxbin_SRR5930506.040
2025-11-26 17:54:45.738516 INFO::Fitting model to feature number 340, semibin_ERR12405971.54
2025-11-26 17:54:45.765816 INFO::Fitting model to feature number 341, metabat_SRR16168975.22
2025-11-26 17:54:45.794753 INFO::Fitting model to feature number 342, metabat_SRR16554654.18
2025-11-26 17:54:45.820895 INFO::Fitting model to feature number 343, semibin_ERR12405939.27
2025-11-26 17:54:45.847605 INFO::Fitting model to feature number 344, semibin_SRR13068839.17
2025-11-26 17:54:45.874022 INFO::Fitting model to feature number 345, semibin_SRR5930503.31
2025-11-26 17:54:45.899789 INFO::Fitting model to feature number 346, metabat_SRR11413687.86
2025-11-26 17:54:45.925971 INFO::Fitting model to feature number 347, metabat_SRR25825515.43_sub
2025-11-26 17:54:45.951965 INFO::Fitting model to feature number 348, metabat_SRR16554786.38
2025-11-26 17:54:45.978935 INFO::Fitting model to feature number 349, maxbin_ERR6279660.001
2025-11-26 17:54:46.006004 INFO::Fitting model to feature number 350, maxbin_SRR16168900.001
2025-11-26 17:54:46.030838 INFO::Fitting model to feature number 351, maxbin_SRR16554686.012
2025-11-26 17:54:46.057106 INFO::Fitting model to feature number 352, metabat_SRR5930529.8
2025-11-26 17:54:46.089135 INFO::Fitting model to feature number 353, metabat_SRR25825504.22_sub
2025-11-26 17:54:46.119551 INFO::Fitting model to feature number 354, maxbin_SRR8387677.002_sub
2025-11-26 17:54:46.146894 INFO::Fitting model to feature number 355, semibin_SRR16168940.103
2025-11-26 17:54:46.173886 INFO::Fitting model to feature number 356, maxbin_ERR12405924.017
2025-11-26 17:54:46.200499 INFO::Fitting model to feature number 357, metabat_SRR11413686.33
2025-11-26 17:54:46.226763 INFO::Fitting model to feature number 358, semibin_ERR6279673.25_sub
2025-11-26 17:54:46.253312 INFO::Fitting model to feature number 359, semibin_ERR6232458.12
2025-11-26 17:54:46.279257 INFO::Fitting model to feature number 360, maxbin_SRR16554687.002
2025-11-26 17:54:46.305804 INFO::Fitting model to feature number 361, semibin_SRR5930498.118
2025-11-26 17:54:46.353704 INFO::Fitting model to feature number 362, semibin_SRR16554638.14
2025-11-26 17:54:46.380557 INFO::Fitting model to feature number 363, semibin_SRR25825518.7
2025-11-26 17:54:46.407362 INFO::Fitting model to feature number 364, metabat_SRR5930494.25_sub
2025-11-26 17:54:46.433375 INFO::Fitting model to feature number 365, semibin_SRR16554780.22
2025-11-26 17:54:46.459421 INFO::Fitting model to feature number 366, semibin_SRR16554784.78
2025-11-26 17:54:46.493248 INFO::Fitting model to feature number 367, metabat_SRR16554765.17
2025-11-26 17:54:46.52055 INFO::Fitting model to feature number 368, maxbin_SRR11413612.015_sub
2025-11-26 17:54:46.549217 INFO::Fitting model to feature number 369, semibin_SRR11413681.23
2025-11-26 17:54:46.576187 INFO::Fitting model to feature number 370, metabat_SRR5930530.79
2025-11-26 17:54:46.602358 INFO::Fitting model to feature number 371, semibin_SRR16554681.27
2025-11-26 17:54:46.629054 INFO::Fitting model to feature number 372, semibin_SRR5930493.36_sub
2025-11-26 17:54:46.65595 INFO::Fitting model to feature number 373, semibin_SRR11413620.97
2025-11-26 17:54:46.682861 INFO::Fitting model to feature number 374, semibin_SRR6000893.60_sub
2025-11-26 17:54:46.70934 INFO::Fitting model to feature number 375, metabat_SRR11413689.14
2025-11-26 17:54:46.736385 INFO::Fitting model to feature number 376, metabat_SRR11413689.40
2025-11-26 17:54:46.761729 INFO::Fitting model to feature number 377, maxbin_SRR8387710.024
2025-11-26 17:54:46.786605 INFO::Fitting model to feature number 378, metabat_ERR6281433.28
2025-11-26 17:54:46.814078 INFO::Fitting model to feature number 379, maxbin_SRR5930533.002
2025-11-26 17:54:46.850559 INFO::Fitting model to feature number 380, semibin_SRR5930494.234
2025-11-26 17:54:46.87595 INFO::Fitting model to feature number 381, semibin_SRR13068839.7
2025-11-26 17:54:46.901964 INFO::Fitting model to feature number 382, semibin_SRR16554736.21
2025-11-26 17:54:46.92815 INFO::Fitting model to feature number 383, semibin_ERR2162216.32
2025-11-26 17:54:46.95482 INFO::Fitting model to feature number 384, semibin_ERR12405964.2
2025-11-26 17:54:46.981027 INFO::Fitting model to feature number 385, metabat_ERR6233692.1_sub
2025-11-26 17:54:47.006025 INFO::Fitting model to feature number 386, metabat_ERR6281658.13
2025-11-26 17:54:47.03108 INFO::Fitting model to feature number 387, semibin_SRR5930516.87
2025-11-26 17:54:47.058118 INFO::Fitting model to feature number 388, metabat_ERR12406002.11
2025-11-26 17:54:47.082963 INFO::Fitting model to feature number 389, semibin_SRR23364206.58
2025-11-26 17:54:47.132343 INFO::Fitting model to feature number 390, semibin_SRR11413691.52
2025-11-26 17:54:47.159153 INFO::Fitting model to feature number 391, semibin_SRR16554744.40_sub
2025-11-26 17:54:47.186736 INFO::Fitting model to feature number 392, semibin_ERR6275666.93
2025-11-26 17:54:47.218943 INFO::Fitting model to feature number 393, maxbin_SRR16554659.005
2025-11-26 17:54:47.246443 INFO::Fitting model to feature number 394, metabat_SRR16554654.55
2025-11-26 17:54:47.273119 INFO::Fitting model to feature number 395, maxbin_SRR11413607.019
2025-11-26 17:54:47.303117 INFO::Fitting model to feature number 396, semibin_SRR16554744.30
2025-11-26 17:54:47.325429 INFO::Fitting model to feature number 397, semibin_SRR13022415.6
2025-11-26 17:54:47.352534 INFO::Fitting model to feature number 398, maxbin_ERR12405991.007
2025-11-26 17:54:47.376661 INFO::Fitting model to feature number 399, semibin_SRR23364171.72
2025-11-26 17:54:47.401541 INFO::Fitting model to feature number 400, semibin_ERR6279619.6
2025-11-26 17:54:47.428316 INFO::Fitting model to feature number 401, semibin_SRR16554692.65
2025-11-26 17:54:47.455766 INFO::Fitting model to feature number 402, maxbin_SRR16554751.004
2025-11-26 17:54:47.483721 INFO::Fitting model to feature number 403, metabat_SRR25825507.13_sub
2025-11-26 17:54:47.511761 INFO::Fitting model to feature number 404, metabat_SRR6000940.44
2025-11-26 17:54:47.537389 INFO::Fitting model to feature number 405, maxbin_SRR16554673.003
2025-11-26 17:54:47.564084 INFO::Fitting model to feature number 406, metabat_SRR5930506.102
2025-11-26 17:54:47.590446 INFO::Fitting model to feature number 407, semibin_SRR8387707.23
2025-11-26 17:54:47.6261 INFO::Fitting model to feature number 408, semibin_SRR25825517.45
2025-11-26 17:54:47.651548 INFO::Fitting model to feature number 409, semibin_ERR6275663.33
2025-11-26 17:54:47.683495 INFO::Fitting model to feature number 410, semibin_ERR6275679.24
2025-11-26 17:54:47.708458 INFO::Fitting model to feature number 411, semibin_SRR16554704.8_sub
2025-11-26 17:54:47.734154 INFO::Fitting model to feature number 412, semibin_SRR20881983.27
2025-11-26 17:54:47.761607 INFO::Fitting model to feature number 413, semibin_ERR12405986.41
2025-11-26 17:54:47.788209 INFO::Fitting model to feature number 414, semibin_ERR12405984.5
2025-11-26 17:54:47.814799 INFO::Fitting model to feature number 415, metabat_SRR16554651.26
2025-11-26 17:54:47.844022 INFO::Fitting model to feature number 416, metabat_ERR12405920.1
2025-11-26 17:54:47.869362 INFO::Fitting model to feature number 417, maxbin_SRR16554656.025
2025-11-26 17:54:47.922139 INFO::Fitting model to feature number 418, semibin_SRR20881977.45
2025-11-26 17:54:47.954021 INFO::Fitting model to feature number 419, semibin_SRR5930494.42
2025-11-26 17:54:47.980963 INFO::Fitting model to feature number 420, maxbin_ERR6233693.010_sub
2025-11-26 17:54:48.007728 INFO::Fitting model to feature number 421, semibin_SRR20881981.24
2025-11-26 17:54:48.037237 INFO::Fitting model to feature number 422, semibin_SRR5930494.37
2025-11-26 17:54:48.065581 INFO::Fitting model to feature number 423, metabat_ERR12405956.11
2025-11-26 17:54:48.092081 INFO::Fitting model to feature number 424, metabat_ERR12406009.18
2025-11-26 17:54:48.119021 INFO::Fitting model to feature number 425, metabat_SRR16554765.3
2025-11-26 17:54:48.146496 INFO::Fitting model to feature number 426, metabat_SRR20881975.42
2025-11-26 17:54:48.173133 INFO::Fitting model to feature number 427, semibin_SRR6000901.30
2025-11-26 17:54:48.198973 INFO::Fitting model to feature number 428, metabat_SRR5930527.85
2025-11-26 17:54:48.232977 INFO::Fitting model to feature number 429, semibin_SRR25825516.46
2025-11-26 17:54:48.268662 INFO::Fitting model to feature number 430, semibin_ERR12405918.0
2025-11-26 17:54:48.296785 INFO::Fitting model to feature number 431, semibin_ERR12405967.4
2025-11-26 17:54:48.324959 INFO::Fitting model to feature number 432, semibin_SRR23364176.2
2025-11-26 17:54:48.352847 INFO::Fitting model to feature number 433, metabat_SRR16554711.16
2025-11-26 17:54:48.379496 INFO::Fitting model to feature number 434, maxbin_ERR6275668.007
2025-11-26 17:54:48.405626 INFO::Fitting model to feature number 435, semibin_ERR12405998.5_sub
2025-11-26 17:54:48.43293 INFO::Fitting model to feature number 436, metabat_SRR5930528.37
2025-11-26 17:54:48.457954 INFO::Fitting model to feature number 437, maxbin_SRR11413647.002
2025-11-26 17:54:48.485092 INFO::Fitting model to feature number 438, semibin_ERR6275668.86
2025-11-26 17:54:48.509476 INFO::Fitting model to feature number 439, semibin_ERR12406007.1
2025-11-26 17:54:48.54015 INFO::Fitting model to feature number 440, maxbin_SRR25825507.025_sub
2025-11-26 17:54:48.569806 INFO::Fitting model to feature number 441, semibin_ERR6279661.58
2025-11-26 17:54:48.599268 INFO::Fitting model to feature number 442, metabat_ERR6232523.3
2025-11-26 17:54:48.626126 INFO::Fitting model to feature number 443, semibin_SRR23364186.11
2025-11-26 17:54:48.652246 INFO::Fitting model to feature number 444, maxbin_SRR16554641.006
2025-11-26 17:54:48.679657 INFO::Fitting model to feature number 445, maxbin_SRR13022427.016_sub
2025-11-26 17:54:48.728273 INFO::Fitting model to feature number 446, metabat_ERR12405926.24
2025-11-26 17:54:48.755414 INFO::Fitting model to feature number 447, semibin_ERR6275664.8
2025-11-26 17:54:48.782115 INFO::Fitting model to feature number 448, semibin_SRR5930510.9
2025-11-26 17:54:48.80964 INFO::Fitting model to feature number 449, semibin_ERR6275668.101
2025-11-26 17:54:48.835012 INFO::Fitting model to feature number 450, semibin_SRR16554678.23
2025-11-26 17:54:48.871044 INFO::Fitting model to feature number 451, metabat_ERR12405949.23
2025-11-26 17:54:48.896075 INFO::Fitting model to feature number 452, maxbin_SRR16554706.002
2025-11-26 17:54:48.922014 INFO::Fitting model to feature number 453, semibin_SRR6000911.2
2025-11-26 17:54:48.948812 INFO::Fitting model to feature number 454, metabat_SRR23364171.43_sub
2025-11-26 17:54:48.976342 INFO::Fitting model to feature number 455, metabat_SRR13068829.5_sub
2025-11-26 17:54:49.003386 INFO::Fitting model to feature number 456, maxbin_ERR6232528.007
2025-11-26 17:54:49.030824 INFO::Fitting model to feature number 457, semibin_SRR13022452.10
2025-11-26 17:54:49.057836 INFO::Fitting model to feature number 458, semibin_SRR5930518.30
2025-11-26 17:54:49.084447 INFO::Fitting model to feature number 459, metabat_SRR11413620.24
2025-11-26 17:54:49.11088 INFO::Fitting model to feature number 460, semibin_ERR6275672.14
2025-11-26 17:54:49.138083 INFO::Fitting model to feature number 461, semibin_ERR6279669.46_sub
2025-11-26 17:54:49.16285 INFO::Fitting model to feature number 462, semibin_SRR13068839.29
2025-11-26 17:54:49.191213 INFO::Fitting model to feature number 463, semibin_ERR6232521.7
2025-11-26 17:54:49.227805 INFO::Fitting model to feature number 464, maxbin_SRR25825515.010
2025-11-26 17:54:49.256186 INFO::Fitting model to feature number 465, metabat_SRR16554736.34_sub
2025-11-26 17:54:49.28218 INFO::Fitting model to feature number 466, metabat_SRR6000947.61
2025-11-26 17:54:49.307907 INFO::Fitting model to feature number 467, maxbin_SRR16554777.008
2025-11-26 17:54:49.334679 INFO::Fitting model to feature number 468, metabat_ERR12405971.2
2025-11-26 17:54:49.36117 INFO::Fitting model to feature number 469, semibin_ERR12405973.6
2025-11-26 17:54:49.387378 INFO::Fitting model to feature number 470, metabat_SRR13068829.36
2025-11-26 17:54:49.413138 INFO::Fitting model to feature number 471, semibin_SRR16554725.23
2025-11-26 17:54:49.439521 INFO::Fitting model to feature number 472, maxbin_SRR16554634.001
2025-11-26 17:54:49.473156 INFO::Fitting model to feature number 473, maxbin_SRR16554656.001
2025-11-26 17:54:49.529796 INFO::Fitting model to feature number 474, semibin_SRR11413681.96
2025-11-26 17:54:49.557199 INFO::Fitting model to feature number 475, metabat_SRR11413619.66
2025-11-26 17:54:49.583874 INFO::Fitting model to feature number 476, semibin_ERR12406013.35
2025-11-26 17:54:49.609942 INFO::Fitting model to feature number 477, maxbin_ERR6281433.007
2025-11-26 17:54:49.636232 INFO::Fitting model to feature number 478, semibin_SRR23364212.64
2025-11-26 17:54:49.661617 INFO::Fitting model to feature number 479, maxbin_SRR16554654.005
2025-11-26 17:54:49.686671 INFO::Fitting model to feature number 480, semibin_ERR12405969.55
2025-11-26 17:54:49.713448 INFO::Fitting model to feature number 481, metabat_ERR6280948.5
2025-11-26 17:54:49.739223 INFO::Fitting model to feature number 482, metabat_ERR6230326.9
2025-11-26 17:54:49.765615 INFO::Fitting model to feature number 483, maxbin_SRR5930508.014
2025-11-26 17:54:49.791937 INFO::Fitting model to feature number 484, maxbin_SRR25825517.011_sub
2025-11-26 17:54:49.825008 INFO::Fitting model to feature number 485, metabat_ERR6279672.14
2025-11-26 17:54:49.851215 INFO::Fitting model to feature number 486, metabat_SRR6000940.58
2025-11-26 17:54:49.878317 INFO::Fitting model to feature number 487, maxbin_SRR8387707.009
2025-11-26 17:54:49.905738 INFO::Fitting model to feature number 488, maxbin_ERR2162217.004
2025-11-26 17:54:49.931303 INFO::Fitting model to feature number 489, metabat_SRR5930526.41
2025-11-26 17:54:49.959038 INFO::Fitting model to feature number 490, metabat_SRR11413619.35
2025-11-26 17:54:49.985969 INFO::Fitting model to feature number 491, semibin_SRR16168900.4
2025-11-26 17:54:50.014915 INFO::Fitting model to feature number 492, metabat_SRR13022316.9
2025-11-26 17:54:50.041238 INFO::Fitting model to feature number 493, metabat_SRR5930536.81_sub
2025-11-26 17:54:50.066295 INFO::Fitting model to feature number 494, metabat_ERR12406000.21
2025-11-26 17:54:50.09152 INFO::Fitting model to feature number 495, maxbin_SRR8387707.003
2025-11-26 17:54:50.116711 INFO::Fitting model to feature number 496, metabat_SRR13068834.42
2025-11-26 17:54:50.14143 INFO::Fitting model to feature number 497, metabat_SRR16554644.2
2025-11-26 17:54:50.171045 INFO::Fitting model to feature number 498, semibin_SRR6000932.49_sub
2025-11-26 17:54:50.199002 INFO::Fitting model to feature number 499, metabat_SRR11413685.13
2025-11-26 17:54:50.224319 INFO::Fitting model to feature number 500, semibin_ERR12405915.28
2025-11-26 17:54:50.249078 INFO::Fitting model to feature number 501, metabat_SRR20881985.11
2025-11-26 17:54:50.294295 INFO::Fitting model to feature number 502, metabat_SRR16168938.30
2025-11-26 17:54:50.319374 INFO::Fitting model to feature number 503, semibin_SRR11413607.11
2025-11-26 17:54:50.344622 INFO::Fitting model to feature number 504, maxbin_SRR11413653.011
2025-11-26 17:54:50.369994 INFO::Fitting model to feature number 505, semibin_SRR25825504.166
2025-11-26 17:54:50.395068 INFO::Fitting model to feature number 506, semibin_SRR5930501.30_sub
2025-11-26 17:54:50.420342 INFO::Fitting model to feature number 507, metabat_ERR12405933.44
2025-11-26 17:54:50.445068 INFO::Fitting model to feature number 508, maxbin_SRR5930517.002
2025-11-26 17:54:50.469757 INFO::Fitting model to feature number 509, metabat_ERR6264281.57_sub
2025-11-26 17:54:50.50487 INFO::Fitting model to feature number 510, maxbin_ERR6279677.001
2025-11-26 17:54:50.531159 INFO::Fitting model to feature number 511, semibin_SRR25825502.18
2025-11-26 17:54:50.55681 INFO::Fitting model to feature number 512, metabat_ERR6232524.33_sub
2025-11-26 17:54:50.582338 INFO::Fitting model to feature number 513, semibin_SRR5930503.42
2025-11-26 17:54:50.607722 INFO::Fitting model to feature number 514, metabat_ERR12406012.5
2025-11-26 17:54:50.634032 INFO::Fitting model to feature number 515, maxbin_SRR16554772.002
2025-11-26 17:54:50.659986 INFO::Fitting model to feature number 516, semibin_ERR12406012.51
2025-11-26 17:54:50.68512 INFO::Fitting model to feature number 517, semibin_SRR5930509.30
2025-11-26 17:54:50.709791 INFO::Fitting model to feature number 518, metabat_ERR12405976.3_sub
2025-11-26 17:54:50.735006 INFO::Fitting model to feature number 519, maxbin_SRR16554767.018
2025-11-26 17:54:50.760055 INFO::Fitting model to feature number 520, semibin_SRR16554784.38
2025-11-26 17:54:50.786337 INFO::Fitting model to feature number 521, metabat_SRR5930522.13_sub
2025-11-26 17:54:50.811095 INFO::Fitting model to feature number 522, metabat_SRR23364191.39_sub
2025-11-26 17:54:50.843745 INFO::Fitting model to feature number 523, metabat_ERR6281341.9
2025-11-26 17:54:50.869885 INFO::Fitting model to feature number 524, metabat_SRR23364212.36
2025-11-26 17:54:50.901214 INFO::Fitting model to feature number 525, semibin_SRR16554669.51_sub
2025-11-26 17:54:50.927005 INFO::Fitting model to feature number 526, semibin_ERR2162221.24_sub
2025-11-26 17:54:50.95317 INFO::Fitting model to feature number 527, maxbin_ERR6267712.014_sub
2025-11-26 17:54:50.978866 INFO::Fitting model to feature number 528, metabat_ERR6233695.21_sub
2025-11-26 17:54:51.004431 INFO::Fitting model to feature number 529, semibin_SRR13068825.10
2025-11-26 17:54:51.050905 INFO::Fitting model to feature number 530, semibin_SRR13022261.21
2025-11-26 17:54:51.076573 INFO::Fitting model to feature number 531, metabat_SRR13022461.7
2025-11-26 17:54:51.102453 INFO::Fitting model to feature number 532, metabat_SRR16554779.24
2025-11-26 17:54:51.127861 INFO::Fitting model to feature number 533, semibin_SRR5930498.24
2025-11-26 17:54:51.152344 INFO::Fitting model to feature number 534, metabat_SRR16554703.42
2025-11-26 17:54:51.177085 INFO::Fitting model to feature number 535, maxbin_ERR6264280.016_sub
2025-11-26 17:54:51.210454 INFO::Fitting model to feature number 536, metabat_ERR12405981.6
2025-11-26 17:54:51.237564 INFO::Fitting model to feature number 537, semibin_SRR5930502.40
2025-11-26 17:54:51.261715 INFO::Fitting model to feature number 538, metabat_SRR23364239.1
2025-11-26 17:54:51.287232 INFO::Fitting model to feature number 539, semibin_SRR16554789.32
2025-11-26 17:54:51.311508 INFO::Fitting model to feature number 540, semibin_SRR5930501.70
2025-11-26 17:54:51.336045 INFO::Fitting model to feature number 541, metabat_SRR16554638.10
2025-11-26 17:54:51.360959 INFO::Fitting model to feature number 542, metabat_SRR6000905.24
2025-11-26 17:54:51.385868 INFO::Fitting model to feature number 543, maxbin_SRR6000895.005
2025-11-26 17:54:51.411036 INFO::Fitting model to feature number 544, semibin_SRR23364199.26
2025-11-26 17:54:51.436167 INFO::Fitting model to feature number 545, semibin_ERR6279650.30
2025-11-26 17:54:51.461541 INFO::Fitting model to feature number 546, semibin_SRR8387712.32
2025-11-26 17:54:51.486865 INFO::Fitting model to feature number 547, semibin_SRR11413613.11
2025-11-26 17:54:51.515085 INFO::Fitting model to feature number 548, semibin_SRR16554762.1
2025-11-26 17:54:51.54534 INFO::Fitting model to feature number 549, semibin_SRR5930498.111
2025-11-26 17:54:51.571251 INFO::Fitting model to feature number 550, metabat_ERR12405979.25
2025-11-26 17:54:51.596093 INFO::Fitting model to feature number 551, metabat_ERR6275652.12_sub
2025-11-26 17:54:51.620867 INFO::Fitting model to feature number 552, semibin_SRR25825507.51_sub
2025-11-26 17:54:51.645214 INFO::Fitting model to feature number 553, semibin_SRR16554736.23
2025-11-26 17:54:51.669315 INFO::Fitting model to feature number 554, semibin_SRR25825495.1_sub
2025-11-26 17:54:51.694556 INFO::Fitting model to feature number 555, maxbin_SRR16554722.014
2025-11-26 17:54:51.720286 INFO::Fitting model to feature number 556, maxbin_SRR16554753.014
2025-11-26 17:54:51.745437 INFO::Fitting model to feature number 557, semibin_SRR5930504.118_sub
2025-11-26 17:54:51.804675 INFO::Fitting model to feature number 558, metabat_SRR20881986.45
2025-11-26 17:54:51.830022 INFO::Fitting model to feature number 559, maxbin_SRR13022461.002
2025-11-26 17:54:51.862581 INFO::Fitting model to feature number 560, semibin_SRR5930531.66
2025-11-26 17:54:51.889446 INFO::Fitting model to feature number 561, metabat_SRR11413652.31
2025-11-26 17:54:51.915558 INFO::Fitting model to feature number 562, metabat_SRR16554785.19
2025-11-26 17:54:51.940465 INFO::Fitting model to feature number 563, metabat_ERR12405955.34
2025-11-26 17:54:51.965205 INFO::Fitting model to feature number 564, maxbin_SRR5930505.015_sub
2025-11-26 17:54:51.989454 INFO::Fitting model to feature number 565, metabat_SRR8387710.29
2025-11-26 17:54:52.013677 INFO::Fitting model to feature number 566, metabat_SRR6000895.57
2025-11-26 17:54:52.037393 INFO::Fitting model to feature number 567, metabat_SRR11413613.3
2025-11-26 17:54:52.062277 INFO::Fitting model to feature number 568, metabat_ERR12405965.20
2025-11-26 17:54:52.086745 INFO::Fitting model to feature number 569, semibin_ERR12405995.13
2025-11-26 17:54:52.111129 INFO::Fitting model to feature number 570, semibin_SRR23364198.20
2025-11-26 17:54:52.135428 INFO::Fitting model to feature number 571, maxbin_ERR12405931.013
2025-11-26 17:54:52.159543 INFO::Fitting model to feature number 572, metabat_SRR5930532.34_sub
2025-11-26 17:54:52.184764 INFO::Fitting model to feature number 573, maxbin_ERR6233695.024_sub
2025-11-26 17:54:52.21471 INFO::Fitting model to feature number 574, semibin_SRR20881985.46_sub
2025-11-26 17:54:52.24082 INFO::Fitting model to feature number 575, maxbin_SRR11413681.013
2025-11-26 17:54:52.264768 INFO::Fitting model to feature number 576, semibin_SRR23364229.5
2025-11-26 17:54:52.289864 INFO::Fitting model to feature number 577, semibin_SRR5930527.64
2025-11-26 17:54:52.314236 INFO::Fitting model to feature number 578, semibin_SRR5930529.122
2025-11-26 17:54:52.339234 INFO::Fitting model to feature number 579, metabat_ERR6275679.20
2025-11-26 17:54:52.364531 INFO::Fitting model to feature number 580, metabat_ERR6281944.25
2025-11-26 17:54:52.388714 INFO::Fitting model to feature number 581, maxbin_SRR8387679.008
2025-11-26 17:54:52.414 INFO::Fitting model to feature number 582, semibin_SRR13068849.26
2025-11-26 17:54:52.438995 INFO::Fitting model to feature number 583, semibin_ERR6275674.65
2025-11-26 17:54:52.464138 INFO::Fitting model to feature number 584, metabat_ERR12405922.10_sub
2025-11-26 17:54:52.489071 INFO::Fitting model to feature number 585, metabat_ERR6281941.15
2025-11-26 17:54:52.540359 INFO::Fitting model to feature number 586, metabat_ERR12405947.12_sub
2025-11-26 17:54:52.566535 INFO::Fitting model to feature number 587, maxbin_SRR6000920.039
2025-11-26 17:54:52.595406 INFO::Fitting model to feature number 588, metabat_SRR13068828.25
2025-11-26 17:54:52.622864 INFO::Fitting model to feature number 589, metabat_SRR16554754.14_sub
2025-11-26 17:54:52.648096 INFO::Fitting model to feature number 590, metabat_SRR13068843.21
2025-11-26 17:54:52.673607 INFO::Fitting model to feature number 591, metabat_SRR16554763.38
2025-11-26 17:54:52.698872 INFO::Fitting model to feature number 592, semibin_SRR13068840.28
2025-11-26 17:54:52.724042 INFO::Fitting model to feature number 593, semibin_SRR8387712.8_sub
2025-11-26 17:54:52.749315 INFO::Fitting model to feature number 594, semibin_SRR16554652.24
2025-11-26 17:54:52.775297 INFO::Fitting model to feature number 595, maxbin_SRR5930507.021
2025-11-26 17:54:52.80079 INFO::Fitting model to feature number 596, metabat_SRR13068849.40
2025-11-26 17:54:52.826469 INFO::Fitting model to feature number 597, semibin_SRR5930507.17_sub
2025-11-26 17:54:52.852056 INFO::Fitting model to feature number 598, metabat_SRR5930519.59
2025-11-26 17:54:52.88381 INFO::Fitting model to feature number 599, metabat_SRR11413689.27
2025-11-26 17:54:52.91545 INFO::Fitting model to feature number 600, metabat_SRR20881983.26_sub
2025-11-26 17:54:52.944799 INFO::Fitting model to feature number 601, metabat_SRR6000890.18
2025-11-26 17:54:52.970542 INFO::Fitting model to feature number 602, semibin_ERR12405997.136
2025-11-26 17:54:52.99621 INFO::Fitting model to feature number 603, semibin_SRR23364199.41
2025-11-26 17:54:53.022379 INFO::Fitting model to feature number 604, metabat_SRR16168984.49
2025-11-26 17:54:53.047236 INFO::Fitting model to feature number 605, metabat_ERR12405967.40_sub
2025-11-26 17:54:53.072127 INFO::Fitting model to feature number 606, metabat_SRR16554671.17_sub
2025-11-26 17:54:53.096684 INFO::Fitting model to feature number 607, semibin_SRR16554763.40_sub
2025-11-26 17:54:53.120592 INFO::Fitting model to feature number 608, metabat_ERR12405924.12
2025-11-26 17:54:53.144291 INFO::Fitting model to feature number 609, semibin_SRR5930528.277
2025-11-26 17:54:53.168528 INFO::Fitting model to feature number 610, metabat_ERR12405976.51
2025-11-26 17:54:53.193163 INFO::Fitting model to feature number 611, maxbin_SRR16168969.015
2025-11-26 17:54:53.217532 INFO::Fitting model to feature number 612, metabat_SRR16554773.16
2025-11-26 17:54:53.246888 INFO::Fitting model to feature number 613, metabat_SRR6000893.6
2025-11-26 17:54:53.296624 INFO::Fitting model to feature number 614, maxbin_SRR13022456.004
2025-11-26 17:54:53.321291 INFO::Fitting model to feature number 615, maxbin_ERR2162201.001
2025-11-26 17:54:53.346066 INFO::Fitting model to feature number 616, semibin_SRR16554692.37
2025-11-26 17:54:53.369788 INFO::Fitting model to feature number 617, maxbin_SRR16168926.011
2025-11-26 17:54:53.394553 INFO::Fitting model to feature number 618, metabat_SRR16554660.22
2025-11-26 17:54:53.419201 INFO::Fitting model to feature number 619, maxbin_ERR6282137.011_sub
2025-11-26 17:54:53.444379 INFO::Fitting model to feature number 620, maxbin_SRR16554667.020
2025-11-26 17:54:53.469475 INFO::Fitting model to feature number 621, semibin_ERR2162202.30
2025-11-26 17:54:53.494234 INFO::Fitting model to feature number 622, metabat_SRR11413684.1
2025-11-26 17:54:53.519543 INFO::Fitting model to feature number 623, maxbin_SRR5930508.009
2025-11-26 17:54:53.544873 INFO::Fitting model to feature number 624, maxbin_SRR16554666.010_sub
2025-11-26 17:54:53.573432 INFO::Fitting model to feature number 625, metabat_SRR16554625.19
2025-11-26 17:54:53.603336 INFO::Fitting model to feature number 626, metabat_SRR16554702.8
2025-11-26 17:54:53.62898 INFO::Fitting model to feature number 627, semibin_SRR13022319.17
2025-11-26 17:54:53.655181 INFO::Fitting model to feature number 628, maxbin_SRR16554654.015
2025-11-26 17:54:53.680276 INFO::Fitting model to feature number 629, metabat_ERR2162221.27
2025-11-26 17:54:53.706132 INFO::Fitting model to feature number 630, metabat_SRR6000877.22
2025-11-26 17:54:53.733447 INFO::Fitting model to feature number 631, semibin_ERR6279654.38
2025-11-26 17:54:53.758311 INFO::Fitting model to feature number 632, metabat_SRR8387681.33_sub
2025-11-26 17:54:53.783522 INFO::Fitting model to feature number 633, semibin_SRR16554736.59
2025-11-26 17:54:53.810685 INFO::Fitting model to feature number 634, metabat_SRR20881986.23
2025-11-26 17:54:53.8357 INFO::Fitting model to feature number 635, semibin_SRR20881984.28
2025-11-26 17:54:53.860297 INFO::Fitting model to feature number 636, semibin_SRR20881984.48
2025-11-26 17:54:53.896722 INFO::Fitting model to feature number 637, semibin_ERR12405985.19
2025-11-26 17:54:53.923232 INFO::Fitting model to feature number 638, semibin_ERR12405959.88
2025-11-26 17:54:53.947672 INFO::Fitting model to feature number 639, maxbin_SRR8387683.016_sub
2025-11-26 17:54:53.973858 INFO::Fitting model to feature number 640, maxbin_SRR11413645.020_sub
2025-11-26 17:54:53.999777 INFO::Fitting model to feature number 641, maxbin_SRR23364183.008
2025-11-26 17:54:54.046379 INFO::Fitting model to feature number 642, semibin_SRR5930520.142
2025-11-26 17:54:54.072394 INFO::Fitting model to feature number 643, metabat_ERR6279648.28_sub
2025-11-26 17:54:54.096672 INFO::Fitting model to feature number 644, semibin_SRR16554627.34
2025-11-26 17:54:54.121093 INFO::Fitting model to feature number 645, semibin_SRR16168930.38
2025-11-26 17:54:54.14624 INFO::Fitting model to feature number 646, semibin_SRR16554693.10
2025-11-26 17:54:54.171594 INFO::Fitting model to feature number 647, semibin_ERR12405963.13
2025-11-26 17:54:54.199814 INFO::Fitting model to feature number 648, metabat_SRR16554780.25
2025-11-26 17:54:54.229834 INFO::Fitting model to feature number 649, metabat_ERR12405966.18
2025-11-26 17:54:54.257725 INFO::Fitting model to feature number 650, semibin_SRR5930522.30_sub
2025-11-26 17:54:54.283319 INFO::Fitting model to feature number 651, metabat_SRR16554697.2
2025-11-26 17:54:54.30902 INFO::Fitting model to feature number 652, metabat_SRR16554652.18
2025-11-26 17:54:54.333938 INFO::Fitting model to feature number 653, semibin_SRR16554656.6
2025-11-26 17:54:54.359959 INFO::Fitting model to feature number 654, maxbin_SRR11413608.019_sub
2025-11-26 17:54:54.384381 INFO::Fitting model to feature number 655, maxbin_ERR2162203.009_sub
2025-11-26 17:54:54.409005 INFO::Fitting model to feature number 656, semibin_SRR23364171.89
2025-11-26 17:54:54.43414 INFO::Fitting model to feature number 657, metabat_SRR11413657.18
2025-11-26 17:54:54.459996 INFO::Fitting model to feature number 658, metabat_SRR5930497.69
2025-11-26 17:54:54.485099 INFO::Fitting model to feature number 659, semibin_SRR20881984.27
2025-11-26 17:54:54.51052 INFO::Fitting model to feature number 660, semibin_SRR5930532.101_sub
2025-11-26 17:54:54.538977 INFO::Fitting model to feature number 661, semibin_ERR6275667.19
2025-11-26 17:54:54.566603 INFO::Fitting model to feature number 662, semibin_SRR11413679.3
2025-11-26 17:54:54.593494 INFO::Fitting model to feature number 663, maxbin_SRR11413615.014
2025-11-26 17:54:54.618248 INFO::Fitting model to feature number 664, semibin_SRR6000900.6
2025-11-26 17:54:54.643033 INFO::Fitting model to feature number 665, semibin_SRR13068817.20
2025-11-26 17:54:54.667794 INFO::Fitting model to feature number 666, semibin_SRR23364237.9
2025-11-26 17:54:54.692614 INFO::Fitting model to feature number 667, semibin_ERR12405928.36_sub
2025-11-26 17:54:54.717973 INFO::Fitting model to feature number 668, semibin_ERR6281340.57
2025-11-26 17:54:54.742247 INFO::Fitting model to feature number 669, metabat_SRR5930533.11
2025-11-26 17:54:54.789246 INFO::Fitting model to feature number 670, maxbin_SRR16168909.004_sub
2025-11-26 17:54:54.814433 INFO::Fitting model to feature number 671, semibin_SRR5930516.27_sub
2025-11-26 17:54:54.839119 INFO::Fitting model to feature number 672, metabat_SRR11413611.7
2025-11-26 17:54:54.86337 INFO::Fitting model to feature number 673, metabat_ERR6275669.37
2025-11-26 17:54:54.891952 INFO::Fitting model to feature number 674, semibin_ERR2162215.9
2025-11-26 17:54:54.919092 INFO::Fitting model to feature number 675, maxbin_SRR11413646.006_sub
2025-11-26 17:54:54.946028 INFO::Fitting model to feature number 676, maxbin_SRR23364206.033_sub
2025-11-26 17:54:54.971064 INFO::Fitting model to feature number 677, maxbin_SRR11413688.023_sub
2025-11-26 17:54:54.995761 INFO::Fitting model to feature number 678, semibin_ERR12405972.8
2025-11-26 17:54:55.020537 INFO::Fitting model to feature number 679, metabat_SRR5930494.40_sub
2025-11-26 17:54:55.045308 INFO::Fitting model to feature number 680, metabat_SRR16554706.13
2025-11-26 17:54:55.069845 INFO::Fitting model to feature number 681, maxbin_SRR23364202.021
2025-11-26 17:54:55.094388 INFO::Fitting model to feature number 682, metabat_SRR5930527.48
2025-11-26 17:54:55.118964 INFO::Fitting model to feature number 683, semibin_SRR20881977.110
2025-11-26 17:54:55.144014 INFO::Fitting model to feature number 684, semibin_SRR16554696.25
2025-11-26 17:54:55.169209 INFO::Fitting model to feature number 685, metabat_SRR16168902.18
2025-11-26 17:54:55.193987 INFO::Fitting model to feature number 686, metabat_ERR6239139.44
2025-11-26 17:54:55.218828 INFO::Fitting model to feature number 687, maxbin_SRR8387683.026_sub
2025-11-26 17:54:55.245936 INFO::Fitting model to feature number 688, metabat_SRR11413649.18
2025-11-26 17:54:55.275313 INFO::Fitting model to feature number 689, semibin_SRR16554666.90
2025-11-26 17:54:55.303661 INFO::Fitting model to feature number 690, maxbin_SRR16554651.021_sub
2025-11-26 17:54:55.328182 INFO::Fitting model to feature number 691, metabat_SRR16554626.8
2025-11-26 17:54:55.352509 INFO::Fitting model to feature number 692, semibin_SRR5930504.156_sub
2025-11-26 17:54:55.377744 INFO::Fitting model to feature number 693, semibin_ERR12405910.22
2025-11-26 17:54:55.403053 INFO::Fitting model to feature number 694, metabat_SRR11413607.10
2025-11-26 17:54:55.427896 INFO::Fitting model to feature number 695, metabat_SRR16554760.38
2025-11-26 17:54:55.452921 INFO::Fitting model to feature number 696, maxbin_SRR16168929.017
2025-11-26 17:54:55.477512 INFO::Fitting model to feature number 697, metabat_SRR25825515.13
2025-11-26 17:54:55.524079 INFO::Fitting model to feature number 698, semibin_SRR5930505.112
2025-11-26 17:54:55.549506 INFO::Fitting model to feature number 699, metabat_SRR11413618.6_sub
2025-11-26 17:54:55.577365 INFO::Fitting model to feature number 700, semibin_SRR5930521.13
2025-11-26 17:54:55.60891 INFO::Fitting model to feature number 701, semibin_ERR12405959.9
2025-11-26 17:54:55.637062 INFO::Fitting model to feature number 702, semibin_SRR6000902.21
2025-11-26 17:54:55.662633 INFO::Fitting model to feature number 703, semibin_ERR6275661.83
2025-11-26 17:54:55.687094 INFO::Fitting model to feature number 704, semibin_SRR5930519.20
2025-11-26 17:54:55.711751 INFO::Fitting model to feature number 705, maxbin_ERR12405985.002_sub
2025-11-26 17:54:55.737789 INFO::Fitting model to feature number 706, metabat_SRR5930506.22
2025-11-26 17:54:55.762898 INFO::Fitting model to feature number 707, semibin_ERR12405947.51
2025-11-26 17:54:55.787823 INFO::Fitting model to feature number 708, semibin_SRR5930505.26
2025-11-26 17:54:55.812306 INFO::Fitting model to feature number 709, semibin_SRR11413652.34
2025-11-26 17:54:55.836419 INFO::Fitting model to feature number 710, semibin_SRR5930529.25
2025-11-26 17:54:55.861594 INFO::Fitting model to feature number 711, semibin_SRR16554712.24
2025-11-26 17:54:55.886497 INFO::Fitting model to feature number 712, metabat_SRR11413610.43_sub
2025-11-26 17:54:55.918064 INFO::Fitting model to feature number 713, semibin_SRR11413656.47
2025-11-26 17:54:55.948318 INFO::Fitting model to feature number 714, semibin_SRR13068830.16
2025-11-26 17:54:55.972783 INFO::Fitting model to feature number 715, maxbin_ERR6233695.025_sub
2025-11-26 17:54:55.997787 INFO::Fitting model to feature number 716, semibin_SRR5930494.170
2025-11-26 17:54:56.022308 INFO::Fitting model to feature number 717, maxbin_SRR16554735.011
2025-11-26 17:54:56.046203 INFO::Fitting model to feature number 718, semibin_SRR16554702.69
2025-11-26 17:54:56.069937 INFO::Fitting model to feature number 719, semibin_SRR8387681.3
2025-11-26 17:54:56.094753 INFO::Fitting model to feature number 720, metabat_SRR13022394.10
2025-11-26 17:54:56.119836 INFO::Fitting model to feature number 721, semibin_SRR16554632.68
2025-11-26 17:54:56.143958 INFO::Fitting model to feature number 722, semibin_SRR16554652.37
2025-11-26 17:54:56.168016 INFO::Fitting model to feature number 723, metabat_SRR11413614.19
2025-11-26 17:54:56.192054 INFO::Fitting model to feature number 724, semibin_SRR23364207.32
2025-11-26 17:54:56.216554 INFO::Fitting model to feature number 725, semibin_SRR23364192.60
2025-11-26 17:54:56.270966 INFO::Fitting model to feature number 726, maxbin_ERR12405964.003
2025-11-26 17:54:56.298554 INFO::Fitting model to feature number 727, metabat_SRR6000949.15_sub
2025-11-26 17:54:56.327301 INFO::Fitting model to feature number 728, metabat_ERR2162221.41
2025-11-26 17:54:56.358674 INFO::Fitting model to feature number 729, maxbin_ERR12405970.007
2025-11-26 17:54:56.38478 INFO::Fitting model to feature number 730, metabat_SRR5930503.2
2025-11-26 17:54:56.409292 INFO::Fitting model to feature number 731, metabat_SRR25825512.35_sub
2025-11-26 17:54:56.435512 INFO::Fitting model to feature number 732, metabat_SRR16554625.18
2025-11-26 17:54:56.46 INFO::Fitting model to feature number 733, semibin_SRR6000921.66
2025-11-26 17:54:56.485355 INFO::Fitting model to feature number 734, metabat_ERR12405979.29_sub
2025-11-26 17:54:56.51356 INFO::Fitting model to feature number 735, metabat_SRR20881979.25
2025-11-26 17:54:56.539409 INFO::Fitting model to feature number 736, metabat_ERR12405912.60_sub
2025-11-26 17:54:56.56622 INFO::Fitting model to feature number 737, metabat_SRR5930511.14
2025-11-26 17:54:56.594609 INFO::Fitting model to feature number 738, metabat_SRR25825512.4
2025-11-26 17:54:56.623352 INFO::Fitting model to feature number 739, metabat_SRR11413656.7
2025-11-26 17:54:56.651044 INFO::Fitting model to feature number 740, semibin_ERR6264281.17
2025-11-26 17:54:56.676011 INFO::Fitting model to feature number 741, semibin_SRR25825511.42
2025-11-26 17:54:56.703322 INFO::Fitting model to feature number 742, semibin_SRR25825497.63
2025-11-26 17:54:56.727676 INFO::Fitting model to feature number 743, metabat_ERR6281000.20
2025-11-26 17:54:56.753292 INFO::Fitting model to feature number 744, metabat_SRR16554694.1
2025-11-26 17:54:56.777931 INFO::Fitting model to feature number 745, semibin_ERR6279648.9_sub
2025-11-26 17:54:56.803097 INFO::Fitting model to feature number 746, metabat_ERR12405972.12
2025-11-26 17:54:56.827793 INFO::Fitting model to feature number 747, metabat_SRR16554696.40
2025-11-26 17:54:56.851696 INFO::Fitting model to feature number 748, semibin_ERR6279664.27
2025-11-26 17:54:56.875974 INFO::Fitting model to feature number 749, semibin_ERR2162212.41
2025-11-26 17:54:56.900602 INFO::Fitting model to feature number 750, metabat_SRR20881983.15_sub
2025-11-26 17:54:56.935911 INFO::Fitting model to feature number 751, metabat_SRR8387677.1_sub
2025-11-26 17:54:56.963303 INFO::Fitting model to feature number 752, metabat_ERR12405915.37
2025-11-26 17:54:56.987807 INFO::Fitting model to feature number 753, semibin_SRR6000896.39
2025-11-26 17:54:57.030712 INFO::Fitting model to feature number 754, metabat_SRR5930498.104
2025-11-26 17:54:57.058894 INFO::Fitting model to feature number 755, maxbin_SRR6000949.071
2025-11-26 17:54:57.083281 INFO::Fitting model to feature number 756, maxbin_SRR16554721.036
2025-11-26 17:54:57.107825 INFO::Fitting model to feature number 757, maxbin_ERR12406001.019
2025-11-26 17:54:57.132575 INFO::Fitting model to feature number 758, metabat_SRR5930508.66
2025-11-26 17:54:57.157235 INFO::Fitting model to feature number 759, metabat_SRR25825496.40
2025-11-26 17:54:57.182271 INFO::Fitting model to feature number 760, maxbin_ERR2162220.003
2025-11-26 17:54:57.20621 INFO::Fitting model to feature number 761, metabat_ERR2162206.17
2025-11-26 17:54:57.232634 INFO::Fitting model to feature number 762, metabat_ERR12405944.28_sub
2025-11-26 17:54:57.261506 INFO::Fitting model to feature number 763, semibin_SRR13068826.50
2025-11-26 17:54:57.288641 INFO::Fitting model to feature number 764, maxbin_ERR12405967.017
2025-11-26 17:54:57.311655 INFO::Fitting model to feature number 765, semibin_ERR12405955.92
2025-11-26 17:54:57.336541 INFO::Fitting model to feature number 766, semibin_SRR5930511.23
2025-11-26 17:54:57.361027 INFO::Fitting model to feature number 767, metabat_SRR25825494.29
2025-11-26 17:54:57.385818 INFO::Fitting model to feature number 768, maxbin_SRR16554715.022_sub
2025-11-26 17:54:57.409676 INFO::Fitting model to feature number 769, semibin_SRR5930503.199
2025-11-26 17:54:57.433765 INFO::Fitting model to feature number 770, maxbin_ERR2162201.005
2025-11-26 17:54:57.458124 INFO::Fitting model to feature number 771, maxbin_ERR12405926.036
2025-11-26 17:54:57.482629 INFO::Fitting model to feature number 772, metabat_ERR12405911.26
2025-11-26 17:54:57.507118 INFO::Fitting model to feature number 773, semibin_SRR6000920.16
2025-11-26 17:54:57.537927 INFO::Fitting model to feature number 774, metabat_SRR16554733.8
2025-11-26 17:54:57.572704 INFO::Fitting model to feature number 775, metabat_SRR11413608.104_sub
2025-11-26 17:54:57.59833 INFO::Fitting model to feature number 776, maxbin_SRR16554789.004
2025-11-26 17:54:57.623596 INFO::Fitting model to feature number 777, metabat_SRR13022375.2
2025-11-26 17:54:57.649884 INFO::Fitting model to feature number 778, metabat_SRR13068837.8
2025-11-26 17:54:57.67361 INFO::Fitting model to feature number 779, semibin_ERR12406004.40
2025-11-26 17:54:57.698262 INFO::Fitting model to feature number 780, metabat_SRR16554707.26
2025-11-26 17:54:57.726596 INFO::Fitting model to feature number 781, maxbin_SRR5930494.015_sub
2025-11-26 17:54:57.768234 INFO::Fitting model to feature number 782, metabat_ERR12405920.11_sub
2025-11-26 17:54:57.797373 INFO::Fitting model to feature number 783, semibin_SRR5930527.97
2025-11-26 17:54:57.822332 INFO::Fitting model to feature number 784, metabat_ERR12406003.18
2025-11-26 17:54:57.847029 INFO::Fitting model to feature number 785, semibin_SRR23364193.49_sub
2025-11-26 17:54:57.87939 INFO::Fitting model to feature number 786, metabat_SRR5930506.44_sub
2025-11-26 17:54:57.906255 INFO::Fitting model to feature number 787, semibin_SRR23364199.59
2025-11-26 17:54:57.931894 INFO::Fitting model to feature number 788, metabat_ERR2162221.34
2025-11-26 17:54:57.956465 INFO::Fitting model to feature number 789, metabat_ERR2162207.6
2025-11-26 17:54:57.98112 INFO::Fitting model to feature number 790, semibin_SRR23364227.47
2025-11-26 17:54:58.005786 INFO::Fitting model to feature number 791, metabat_SRR16554726.23
2025-11-26 17:54:58.030214 INFO::Fitting model to feature number 792, metabat_SRR11413645.3
2025-11-26 17:54:58.055528 INFO::Fitting model to feature number 793, semibin_ERR12405974.73
2025-11-26 17:54:58.080467 INFO::Fitting model to feature number 794, maxbin_SRR20881976.003
2025-11-26 17:54:58.105195 INFO::Fitting model to feature number 795, metabat_ERR6282383.6_sub
2025-11-26 17:54:58.129991 INFO::Fitting model to feature number 796, semibin_SRR13068840.58
2025-11-26 17:54:58.154052 INFO::Fitting model to feature number 797, metabat_SRR16554627.12
2025-11-26 17:54:58.178856 INFO::Fitting model to feature number 798, semibin_SRR13022432.11
2025-11-26 17:54:58.209698 INFO::Fitting model to feature number 799, semibin_SRR5930532.139
2025-11-26 17:54:58.234281 INFO::Fitting model to feature number 800, semibin_SRR23364230.133
2025-11-26 17:54:58.26029 INFO::Fitting model to feature number 801, metabat_SRR11413657.82
2025-11-26 17:54:58.285414 INFO::Fitting model to feature number 802, metabat_SRR25825502.19_sub
2025-11-26 17:54:58.30938 INFO::Fitting model to feature number 803, semibin_ERR2162224.69
2025-11-26 17:54:58.335471 INFO::Fitting model to feature number 804, metabat_SRR16554660.12
2025-11-26 17:54:58.35932 INFO::Fitting model to feature number 805, metabat_SRR16554703.48_sub
2025-11-26 17:54:58.384675 INFO::Fitting model to feature number 806, metabat_SRR8387712.29
2025-11-26 17:54:58.409604 INFO::Fitting model to feature number 807, metabat_ERR12406003.42
2025-11-26 17:54:58.435011 INFO::Fitting model to feature number 808, semibin_SRR16554660.75
2025-11-26 17:54:58.461309 INFO::Fitting model to feature number 809, semibin_SRR13022392.16
2025-11-26 17:54:58.489986 INFO::Fitting model to feature number 810, semibin_ERR6279678.42
2025-11-26 17:54:58.554085 INFO::Fitting model to feature number 811, semibin_SRR5930529.60
2025-11-26 17:54:58.578473 INFO::Fitting model to feature number 812, metabat_SRR23364187.17_sub
2025-11-26 17:54:58.602423 INFO::Fitting model to feature number 813, semibin_SRR11413678.27
2025-11-26 17:54:58.626965 INFO::Fitting model to feature number 814, semibin_SRR13068850.87
2025-11-26 17:54:58.65378 INFO::Fitting model to feature number 815, metabat_SRR5930528.60
2025-11-26 17:54:58.678565 INFO::Fitting model to feature number 816, metabat_SRR16168976.16
2025-11-26 17:54:58.703161 INFO::Fitting model to feature number 817, metabat_SRR25825510.42_sub
2025-11-26 17:54:58.727116 INFO::Fitting model to feature number 818, metabat_SRR25825496.19
2025-11-26 17:54:58.75109 INFO::Fitting model to feature number 819, metabat_ERR12405912.7
2025-11-26 17:54:58.775496 INFO::Fitting model to feature number 820, semibin_SRR16554703.88
2025-11-26 17:54:58.799819 INFO::Fitting model to feature number 821, semibin_SRR8387659.60
2025-11-26 17:54:58.829231 INFO::Fitting model to feature number 822, semibin_ERR2162215.11
2025-11-26 17:54:58.855241 INFO::Fitting model to feature number 823, semibin_SRR16554757.33
2025-11-26 17:54:58.881145 INFO::Fitting model to feature number 824, semibin_ERR12405979.55
2025-11-26 17:54:58.904752 INFO::Fitting model to feature number 825, semibin_SRR11413619.16
2025-11-26 17:54:58.928618 INFO::Fitting model to feature number 826, metabat_SRR5930531.61
2025-11-26 17:54:58.953042 INFO::Fitting model to feature number 827, metabat_SRR16168938.24_sub
2025-11-26 17:54:58.977318 INFO::Fitting model to feature number 828, metabat_SRR16554712.21
2025-11-26 17:54:59.001042 INFO::Fitting model to feature number 829, metabat_ERR12405916.32
2025-11-26 17:54:59.024786 INFO::Fitting model to feature number 830, metabat_SRR11413607.56
2025-11-26 17:54:59.049052 INFO::Fitting model to feature number 831, metabat_ERR2162202.27
2025-11-26 17:54:59.072998 INFO::Fitting model to feature number 832, maxbin_SRR13068829.001
2025-11-26 17:54:59.096977 INFO::Fitting model to feature number 833, metabat_ERR2162200.21
2025-11-26 17:54:59.120604 INFO::Fitting model to feature number 834, semibin_SRR16554712.0
2025-11-26 17:54:59.144734 INFO::Fitting model to feature number 835, semibin_ERR2162206.16
2025-11-26 17:54:59.174749 INFO::Fitting model to feature number 836, semibin_SRR11413648.175
2025-11-26 17:54:59.20106 INFO::Fitting model to feature number 837, semibin_SRR16554745.4
2025-11-26 17:54:59.225008 INFO::Fitting model to feature number 838, semibin_SRR5930499.20
2025-11-26 17:54:59.27097 INFO::Fitting model to feature number 839, maxbin_ERR6279657.062_sub
2025-11-26 17:54:59.294204 INFO::Fitting model to feature number 840, semibin_ERR2162202.34
2025-11-26 17:54:59.31853 INFO::Fitting model to feature number 841, semibin_SRR13022375.5
2025-11-26 17:54:59.342583 INFO::Fitting model to feature number 842, semibin_SRR11413649.66
2025-11-26 17:54:59.366516 INFO::Fitting model to feature number 843, metabat_SRR5930503.9_sub
2025-11-26 17:54:59.390356 INFO::Fitting model to feature number 844, metabat_SRR6000877.26
2025-11-26 17:54:59.41369 INFO::Fitting model to feature number 845, metabat_SRR25825502.66
2025-11-26 17:54:59.438099 INFO::Fitting model to feature number 846, semibin_ERR6275673.140
2025-11-26 17:54:59.462116 INFO::Fitting model to feature number 847, maxbin_ERR6254869.013
2025-11-26 17:54:59.489386 INFO::Fitting model to feature number 848, metabat_ERR6275663.46
2025-11-26 17:54:59.51788 INFO::Fitting model to feature number 849, maxbin_SRR5930533.038
2025-11-26 17:54:59.542305 INFO::Fitting model to feature number 850, maxbin_SRR16168909.008
2025-11-26 17:54:59.566 INFO::Fitting model to feature number 851, maxbin_ERR2162221.009
2025-11-26 17:54:59.589291 INFO::Fitting model to feature number 852, semibin_ERR2162212.116
2025-11-26 17:54:59.613269 INFO::Fitting model to feature number 853, semibin_ERR6279669.86
2025-11-26 17:54:59.637874 INFO::Fitting model to feature number 854, semibin_SRR11413609.20
2025-11-26 17:54:59.661748 INFO::Fitting model to feature number 855, metabat_ERR2162221.49
2025-11-26 17:54:59.685276 INFO::Fitting model to feature number 856, semibin_ERR2162216.86
2025-11-26 17:54:59.709249 INFO::Fitting model to feature number 857, metabat_SRR11413618.74
2025-11-26 17:54:59.733623 INFO::Fitting model to feature number 858, semibin_SRR11413608.70
2025-11-26 17:54:59.75755 INFO::Fitting model to feature number 859, metabat_SRR16554702.30
2025-11-26 17:54:59.781186 INFO::Fitting model to feature number 860, semibin_SRR13068829.32
2025-11-26 17:54:59.807595 INFO::Fitting model to feature number 861, semibin_ERR6275663.49
2025-11-26 17:54:59.833836 INFO::Fitting model to feature number 862, metabat_SRR16554664.18
2025-11-26 17:54:59.858927 INFO::Fitting model to feature number 863, metabat_ERR2162221.56
2025-11-26 17:54:59.883778 INFO::Fitting model to feature number 864, metabat_ERR2162212.52
2025-11-26 17:54:59.908309 INFO::Fitting model to feature number 865, semibin_ERR2162209.4
2025-11-26 17:54:59.932375 INFO::Fitting model to feature number 866, semibin_SRR16554736.70
2025-11-26 17:54:59.97825 INFO::Fitting model to feature number 867, maxbin_SRR16168896.029
2025-11-26 17:55:00.002669 INFO::Fitting model to feature number 868, semibin_SRR23364233.61
2025-11-26 17:55:00.026899 INFO::Fitting model to feature number 869, semibin_SRR5930498.20
2025-11-26 17:55:00.05036 INFO::Fitting model to feature number 870, maxbin_SRR5930503.009
2025-11-26 17:55:00.074983 INFO::Fitting model to feature number 871, metabat_SRR11413685.29
2025-11-26 17:55:00.099448 INFO::Fitting model to feature number 872, metabat_ERR2162205.19
2025-11-26 17:55:00.124089 INFO::Fitting model to feature number 873, semibin_SRR20881974.85
2025-11-26 17:55:00.153953 INFO::Fitting model to feature number 874, semibin_ERR2162221.54
2025-11-26 17:55:00.179096 INFO::Fitting model to feature number 875, semibin_SRR23364235.6
2025-11-26 17:55:00.206541 INFO::Fitting model to feature number 876, semibin_SRR16554736.14
2025-11-26 17:55:00.231317 INFO::Fitting model to feature number 877, semibin_SRR16554703.41
2025-11-26 17:55:00.255502 INFO::Fitting model to feature number 878, semibin_ERR2162221.14
2025-11-26 17:55:00.280438 INFO::Fitting model to feature number 879, semibin_ERR6271721.5_sub
2025-11-26 17:55:00.305467 INFO::Fitting model to feature number 880, metabat_ERR6279670.47
2025-11-26 17:55:00.329705 INFO::Fitting model to feature number 881, metabat_SRR16554703.27
2025-11-26 17:55:00.354277 INFO::Fitting model to feature number 882, semibin_ERR2162221.26
2025-11-26 17:55:00.378987 INFO::Fitting model to feature number 883, metabat_SRR13068834.6
2025-11-26 17:55:00.403298 INFO::Fitting model to feature number 884, semibin_SRR23364192.96
2025-11-26 17:55:00.428348 INFO::Fitting model to feature number 885, semibin_ERR12405967.93
2025-11-26 17:55:00.452722 INFO::Fitting model to feature number 886, semibin_SRR13068829.205
2025-11-26 17:55:00.476624 INFO::Fitting model to feature number 887, maxbin_SRR23364183.002
2025-11-26 17:55:00.510077 INFO::Fitting model to feature number 888, semibin_SRR16554759.10_sub
2025-11-26 17:55:00.537093 INFO::Fitting model to feature number 889, semibin_ERR12406009.9_sub
2025-11-26 17:55:00.560858 INFO::Fitting model to feature number 890, maxbin_SRR8387659.002
2025-11-26 17:55:00.586471 INFO::Fitting model to feature number 891, semibin_ERR6280907.75
2025-11-26 17:55:00.610909 INFO::Fitting model to feature number 892, metabat_SRR5930532.5
2025-11-26 17:55:00.635002 INFO::Fitting model to feature number 893, semibin_SRR11413690.63
2025-11-26 17:55:00.658628 INFO::Fitting model to feature number 894, maxbin_SRR23364229.004
2025-11-26 17:55:00.705423 INFO::Fitting model to feature number 895, semibin_SRR11413606.50
2025-11-26 17:55:00.729925 INFO::Fitting model to feature number 896, maxbin_ERR6232523.003
2025-11-26 17:55:00.754511 INFO::Fitting model to feature number 897, semibin_ERR6267712.18
2025-11-26 17:55:00.779167 INFO::Fitting model to feature number 898, semibin_SRR5930495.44
2025-11-26 17:55:00.804024 INFO::Fitting model to feature number 899, maxbin_SRR16554752.002
2025-11-26 17:55:00.842173 INFO::Fitting model to feature number 900, metabat_SRR5930498.82
2025-11-26 17:55:00.869925 INFO::Fitting model to feature number 901, semibin_SRR25825510.41_sub
2025-11-26 17:55:00.894664 INFO::Fitting model to feature number 902, semibin_ERR6279674.8
2025-11-26 17:55:00.920099 INFO::Fitting model to feature number 903, maxbin_ERR6281505.022
2025-11-26 17:55:00.944237 INFO::Fitting model to feature number 904, maxbin_ERR6279662.030
2025-11-26 17:55:00.96836 INFO::Fitting model to feature number 905, metabat_SRR16168920.1
2025-11-26 17:55:00.993124 INFO::Fitting model to feature number 906, maxbin_SRR11413648.001
2025-11-26 17:55:01.018064 INFO::Fitting model to feature number 907, metabat_ERR6279625.46
2025-11-26 17:55:01.043471 INFO::Fitting model to feature number 908, maxbin_ERR6280910.001
2025-11-26 17:55:01.068429 INFO::Fitting model to feature number 909, semibin_SRR6000903.13
2025-11-26 17:55:01.092707 INFO::Fitting model to feature number 910, maxbin_SRR23364204.024
2025-11-26 17:55:01.118186 INFO::Fitting model to feature number 911, metabat_SRR5930506.9_sub
2025-11-26 17:55:01.142853 INFO::Fitting model to feature number 912, metabat_ERR6243878.23_sub
2025-11-26 17:55:01.178618 INFO::Fitting model to feature number 913, metabat_SRR16168986.5
2025-11-26 17:55:01.203458 INFO::Fitting model to feature number 914, maxbin_ERR6279614.017_sub
2025-11-26 17:55:01.23032 INFO::Fitting model to feature number 915, maxbin_ERR6279679.012
2025-11-26 17:55:01.255205 INFO::Fitting model to feature number 916, semibin_ERR6279668.12
2025-11-26 17:55:01.279831 INFO::Fitting model to feature number 917, metabat_ERR6279677.48_sub
2025-11-26 17:55:01.30365 INFO::Fitting model to feature number 918, semibin_SRR16554652.75
2025-11-26 17:55:01.328615 INFO::Fitting model to feature number 919, maxbin_SRR25825517.033_sub
2025-11-26 17:55:01.353945 INFO::Fitting model to feature number 920, metabat_ERR12405950.7
2025-11-26 17:55:01.37851 INFO::Fitting model to feature number 921, metabat_SRR13068843.53_sub
2025-11-26 17:55:01.403281 INFO::Fitting model to feature number 922, maxbin_ERR6280910.023_sub
2025-11-26 17:55:01.45184 INFO::Fitting model to feature number 923, semibin_SRR11413645.40
2025-11-26 17:55:01.475914 INFO::Fitting model to feature number 924, semibin_SRR11413614.4
2025-11-26 17:55:01.50385 INFO::Fitting model to feature number 925, metabat_ERR6232458.6
2025-11-26 17:55:01.532705 INFO::Fitting model to feature number 926, semibin_SRR11413686.11
2025-11-26 17:55:01.558266 INFO::Fitting model to feature number 927, metabat_ERR6279658.3
2025-11-26 17:55:01.582655 INFO::Fitting model to feature number 928, maxbin_SRR16168920.025
2025-11-26 17:55:01.608026 INFO::Fitting model to feature number 929, metabat_SRR25825508.34_sub
2025-11-26 17:55:01.632957 INFO::Fitting model to feature number 930, semibin_ERR6279661.80
2025-11-26 17:55:01.657435 INFO::Fitting model to feature number 931, metabat_ERR12405928.49
2025-11-26 17:55:01.682897 INFO::Fitting model to feature number 932, maxbin_SRR5930498.027
2025-11-26 17:55:01.706725 INFO::Fitting model to feature number 933, semibin_SRR13022297.24
2025-11-26 17:55:01.731264 INFO::Fitting model to feature number 934, semibin_SRR5930517.113
2025-11-26 17:55:01.755875 INFO::Fitting model to feature number 935, maxbin_SRR13068814.028
2025-11-26 17:55:01.784594 INFO::Fitting model to feature number 936, maxbin_ERR6279659.009_sub
2025-11-26 17:55:01.811591 INFO::Fitting model to feature number 937, maxbin_SRR16554720.002
2025-11-26 17:55:01.837881 INFO::Fitting model to feature number 938, semibin_SRR6000900.14
2025-11-26 17:55:01.862211 INFO::Fitting model to feature number 939, metabat_ERR6279665.25
2025-11-26 17:55:01.886217 INFO::Fitting model to feature number 940, metabat_SRR16168974.17
2025-11-26 17:55:01.910631 INFO::Fitting model to feature number 941, semibin_ERR12405961.27
2025-11-26 17:55:01.934846 INFO::Fitting model to feature number 942, maxbin_ERR6281000.059
2025-11-26 17:55:01.95806 INFO::Fitting model to feature number 943, semibin_SRR5930520.79_sub
2025-11-26 17:55:01.981925 INFO::Fitting model to feature number 944, metabat_SRR6000874.22_sub
2025-11-26 17:55:02.008239 INFO::Fitting model to feature number 945, maxbin_ERR6230326.003
2025-11-26 17:55:02.032228 INFO::Fitting model to feature number 946, maxbin_ERR6279673.036
2025-11-26 17:55:02.055892 INFO::Fitting model to feature number 947, metabat_ERR6279668.3
2025-11-26 17:55:02.079596 INFO::Fitting model to feature number 948, metabat_ERR6281500.12
2025-11-26 17:55:02.107022 INFO::Fitting model to feature number 949, metabat_SRR5930516.91
2025-11-26 17:55:02.151625 INFO::Fitting model to feature number 950, maxbin_SRR16554636.003
2025-11-26 17:55:02.183977 INFO::Fitting model to feature number 951, metabat_SRR16554652.48
2025-11-26 17:55:02.209108 INFO::Fitting model to feature number 952, metabat_ERR6275663.38
2025-11-26 17:55:02.234057 INFO::Fitting model to feature number 953, semibin_SRR11413614.13
2025-11-26 17:55:02.258864 INFO::Fitting model to feature number 954, semibin_ERR6281434.39
2025-11-26 17:55:02.283133 INFO::Fitting model to feature number 955, semibin_SRR5930532.36
2025-11-26 17:55:02.307993 INFO::Fitting model to feature number 956, metabat_SRR16168976.38
2025-11-26 17:55:02.334445 INFO::Fitting model to feature number 957, semibin_SRR6000891.14
2025-11-26 17:55:02.358561 INFO::Fitting model to feature number 958, semibin_SRR20881976.80
2025-11-26 17:55:02.382941 INFO::Fitting model to feature number 959, semibin_ERR6281448.54
2025-11-26 17:55:02.409848 INFO::Fitting model to feature number 960, maxbin_SRR11413653.009
2025-11-26 17:55:02.434829 INFO::Fitting model to feature number 961, maxbin_SRR11413690.006
2025-11-26 17:55:02.467195 INFO::Fitting model to feature number 962, metabat_SRR13068843.68
2025-11-26 17:55:02.493623 INFO::Fitting model to feature number 963, semibin_ERR6243879.12_sub
2025-11-26 17:55:02.5201 INFO::Fitting model to feature number 964, semibin_ERR6275676.56
2025-11-26 17:55:02.544817 INFO::Fitting model to feature number 965, maxbin_SRR5930515.026_sub
2025-11-26 17:55:02.569799 INFO::Fitting model to feature number 966, maxbin_SRR16168974.016_sub
2025-11-26 17:55:02.593502 INFO::Fitting model to feature number 967, maxbin_SRR5930495.007_sub
2025-11-26 17:55:02.617992 INFO::Fitting model to feature number 968, metabat_ERR6271721.58
2025-11-26 17:55:02.642776 INFO::Fitting model to feature number 969, maxbin_SRR11413687.011
2025-11-26 17:55:02.666982 INFO::Fitting model to feature number 970, metabat_SRR23364171.31
2025-11-26 17:55:02.691255 INFO::Fitting model to feature number 971, metabat_ERR6232523.10
2025-11-26 17:55:02.714934 INFO::Fitting model to feature number 972, metabat_SRR23364216.19_sub
2025-11-26 17:55:02.740243 INFO::Fitting model to feature number 973, metabat_ERR6279626.27
2025-11-26 17:55:02.765264 INFO::Fitting model to feature number 974, semibin_ERR6280910.39
2025-11-26 17:55:02.795259 INFO::Fitting model to feature number 975, maxbin_ERR6231548.005
2025-11-26 17:55:02.822637 INFO::Fitting model to feature number 976, maxbin_SRR16554788.028_sub
2025-11-26 17:55:02.847529 INFO::Fitting model to feature number 977, metabat_ERR6279664.11
2025-11-26 17:55:02.891556 INFO::Fitting model to feature number 978, semibin_SRR5930507.86
2025-11-26 17:55:02.917131 INFO::Fitting model to feature number 979, metabat_SRR16554728.6
2025-11-26 17:55:02.944802 INFO::Fitting model to feature number 980, semibin_SRR16168985.16
2025-11-26 17:55:02.968875 INFO::Fitting model to feature number 981, metabat_SRR25825497.15
2025-11-26 17:55:02.992981 INFO::Fitting model to feature number 982, semibin_ERR2162203.14
2025-11-26 17:55:03.017479 INFO::Fitting model to feature number 983, semibin_SRR11413647.21
2025-11-26 17:55:03.041707 INFO::Fitting model to feature number 984, metabat_SRR16554734.17
2025-11-26 17:55:03.065787 INFO::Fitting model to feature number 985, maxbin_SRR5930510.007_sub
2025-11-26 17:55:03.089226 INFO::Fitting model to feature number 986, semibin_SRR5930528.71
2025-11-26 17:55:03.116563 INFO::Fitting model to feature number 987, metabat_ERR12405979.31
2025-11-26 17:55:03.144062 INFO::Fitting model to feature number 988, maxbin_SRR11413617.028_sub
2025-11-26 17:55:03.169668 INFO::Fitting model to feature number 989, semibin_SRR25825497.40_sub
2025-11-26 17:55:03.195276 INFO::Fitting model to feature number 990, semibin_ERR6275681.3
2025-11-26 17:55:03.220162 INFO::Fitting model to feature number 991, semibin_SRR13022404.15
2025-11-26 17:55:03.244524 INFO::Fitting model to feature number 992, semibin_SRR13068818.12_sub
2025-11-26 17:55:03.268052 INFO::Fitting model to feature number 993, semibin_SRR6000905.76
2025-11-26 17:55:03.292927 INFO::Fitting model to feature number 994, metabat_SRR25825510.56
2025-11-26 17:55:03.31697 INFO::Fitting model to feature number 995, metabat_SRR5930516.94
2025-11-26 17:55:03.341028 INFO::Fitting model to feature number 996, metabat_SRR16554788.7
2025-11-26 17:55:03.365029 INFO::Fitting model to feature number 997, semibin_ERR6279669.82
2025-11-26 17:55:03.389501 INFO::Fitting model to feature number 998, maxbin_SRR16168918.042_sub
2025-11-26 17:55:03.413646 INFO::Fitting model to feature number 999, metabat_ERR6254870.48
2025-11-26 17:55:03.441758 INFO::Fitting model to feature number 1000, metabat_ERR6279654.11
2025-11-26 17:55:03.468859 INFO::Fitting model to feature number 1001, metabat_ERR6279619.19_sub
2025-11-26 17:55:03.495938 INFO::Fitting model to feature number 1002, metabat_ERR6275652.18
2025-11-26 17:55:03.51998 INFO::Fitting model to feature number 1003, semibin_ERR12405920.42
2025-11-26 17:55:03.542809 INFO::Fitting model to feature number 1004, metabat_SRR6000906.41
2025-11-26 17:55:03.566913 INFO::Fitting model to feature number 1005, semibin_SRR6000908.42_sub
2025-11-26 17:55:03.610496 INFO::Fitting model to feature number 1006, semibin_SRR25825513.40
2025-11-26 17:55:03.635067 INFO::Fitting model to feature number 1007, metabat_SRR25825505.1
2025-11-26 17:55:03.658989 INFO::Fitting model to feature number 1008, semibin_ERR6254871.56
2025-11-26 17:55:03.683673 INFO::Fitting model to feature number 1009, semibin_SRR16554773.62
2025-11-26 17:55:03.707604 INFO::Fitting model to feature number 1010, metabat_ERR6281000.13
2025-11-26 17:55:03.732472 INFO::Fitting model to feature number 1011, metabat_ERR6279661.17
2025-11-26 17:55:03.767283 INFO::Fitting model to feature number 1012, semibin_ERR6279673.83
2025-11-26 17:55:03.790998 INFO::Fitting model to feature number 1013, maxbin_SRR13068813.004
2025-11-26 17:55:03.817852 INFO::Fitting model to feature number 1014, metabat_ERR6279652.12
2025-11-26 17:55:03.842254 INFO::Fitting model to feature number 1015, semibin_SRR5930498.70
2025-11-26 17:55:03.866141 INFO::Fitting model to feature number 1016, semibin_SRR16554756.28
2025-11-26 17:55:03.890213 INFO::Fitting model to feature number 1017, maxbin_SRR16554767.001
2025-11-26 17:55:03.914115 INFO::Fitting model to feature number 1018, maxbin_SRR5930494.018
2025-11-26 17:55:03.93791 INFO::Fitting model to feature number 1019, metabat_SRR5930534.8_sub
2025-11-26 17:55:03.961844 INFO::Fitting model to feature number 1020, semibin_SRR16554643.19
2025-11-26 17:55:03.985763 INFO::Fitting model to feature number 1021, metabat_SRR20881981.18
2025-11-26 17:55:04.009959 INFO::Fitting model to feature number 1022, metabat_SRR16554653.16
2025-11-26 17:55:04.034155 INFO::Fitting model to feature number 1023, metabat_ERR6275678.16
2025-11-26 17:55:04.061694 INFO::Fitting model to feature number 1024, metabat_ERR6275677.54
2025-11-26 17:55:04.089148 INFO::Fitting model to feature number 1025, metabat_SRR5930509.43
2025-11-26 17:55:04.117866 INFO::Fitting model to feature number 1026, semibin_SRR20881980.162
2025-11-26 17:55:04.142786 INFO::Fitting model to feature number 1027, semibin_SRR5930536.9
2025-11-26 17:55:04.166325 INFO::Fitting model to feature number 1028, maxbin_SRR16554689.002
2025-11-26 17:55:04.191288 INFO::Fitting model to feature number 1029, maxbin_ERR12405962.006
2025-11-26 17:55:04.216534 INFO::Fitting model to feature number 1030, maxbin_ERR6232522.003
2025-11-26 17:55:04.24073 INFO::Fitting model to feature number 1031, semibin_SRR11413613.34
2025-11-26 17:55:04.264059 INFO::Fitting model to feature number 1032, semibin_ERR6231475.19
2025-11-26 17:55:04.289244 INFO::Fitting model to feature number 1033, semibin_ERR6273965.44_sub
2025-11-26 17:55:04.335091 INFO::Fitting model to feature number 1034, metabat_ERR6279683.9
2025-11-26 17:55:04.359487 INFO::Fitting model to feature number 1035, maxbin_SRR16168941.009_sub
2025-11-26 17:55:04.391407 INFO::Fitting model to feature number 1036, maxbin_ERR12405975.009_sub
2025-11-26 17:55:04.419541 INFO::Fitting model to feature number 1037, metabat_SRR23364213.66
2025-11-26 17:55:04.442765 INFO::Fitting model to feature number 1038, metabat_SRR16168984.8_sub
2025-11-26 17:55:04.467918 INFO::Fitting model to feature number 1039, maxbin_ERR6232529.012
2025-11-26 17:55:04.49295 INFO::Fitting model to feature number 1040, semibin_ERR6279627.38
2025-11-26 17:55:04.517793 INFO::Fitting model to feature number 1041, metabat_SRR5930528.116
2025-11-26 17:55:04.541849 INFO::Fitting model to feature number 1042, semibin_ERR12405921.38
2025-11-26 17:55:04.567054 INFO::Fitting model to feature number 1043, metabat_ERR12405974.29
2025-11-26 17:55:04.591855 INFO::Fitting model to feature number 1044, semibin_ERR6279619.56
2025-11-26 17:55:04.617182 INFO::Fitting model to feature number 1045, metabat_SRR11413680.4
2025-11-26 17:55:04.642358 INFO::Fitting model to feature number 1046, semibin_SRR25825495.18
2025-11-26 17:55:04.667215 INFO::Fitting model to feature number 1047, semibin_SRR16554649.27
2025-11-26 17:55:04.698383 INFO::Fitting model to feature number 1048, semibin_ERR6279676.4
2025-11-26 17:55:04.723925 INFO::Fitting model to feature number 1049, semibin_SRR5930514.44
2025-11-26 17:55:04.748572 INFO::Fitting model to feature number 1050, semibin_ERR6232425.9
2025-11-26 17:55:04.773096 INFO::Fitting model to feature number 1051, semibin_ERR6279650.29
2025-11-26 17:55:04.797109 INFO::Fitting model to feature number 1052, metabat_ERR6281432.38
2025-11-26 17:55:04.820201 INFO::Fitting model to feature number 1053, metabat_SRR16554627.10
2025-11-26 17:55:04.844319 INFO::Fitting model to feature number 1054, maxbin_ERR6281500.022
2025-11-26 17:55:04.868474 INFO::Fitting model to feature number 1055, metabat_SRR13068841.11
2025-11-26 17:55:04.892123 INFO::Fitting model to feature number 1056, semibin_SRR5930518.8
2025-11-26 17:55:04.915124 INFO::Fitting model to feature number 1057, semibin_ERR6279620.35
2025-11-26 17:55:04.939152 INFO::Fitting model to feature number 1058, semibin_ERR12405915.41_sub
2025-11-26 17:55:04.96296 INFO::Fitting model to feature number 1059, maxbin_SRR5930512.005_sub
2025-11-26 17:55:04.989542 INFO::Fitting model to feature number 1060, maxbin_SRR16554760.002
2025-11-26 17:55:05.018311 INFO::Fitting model to feature number 1061, maxbin_ERR6279660.002
2025-11-26 17:55:05.069326 INFO::Fitting model to feature number 1062, semibin_SRR13068843.60_sub
2025-11-26 17:55:05.094032 INFO::Fitting model to feature number 1063, metabat_ERR6281342.23
2025-11-26 17:55:05.120331 INFO::Fitting model to feature number 1064, maxbin_ERR6279660.006
2025-11-26 17:55:05.145918 INFO::Fitting model to feature number 1065, maxbin_ERR6232382.008
2025-11-26 17:55:05.170472 INFO::Fitting model to feature number 1066, semibin_ERR12406002.2
2025-11-26 17:55:05.195538 INFO::Fitting model to feature number 1067, semibin_ERR6279626.75
2025-11-26 17:55:05.220112 INFO::Fitting model to feature number 1068, metabat_ERR6279625.36
2025-11-26 17:55:05.243666 INFO::Fitting model to feature number 1069, metabat_SRR16168976.72
2025-11-26 17:55:05.266998 INFO::Fitting model to feature number 1070, metabat_SRR6000940.3
2025-11-26 17:55:05.291139 INFO::Fitting model to feature number 1071, semibin_SRR5930501.110_sub
2025-11-26 17:55:05.320374 INFO::Fitting model to feature number 1072, metabat_ERR6279677.5
2025-11-26 17:55:05.344684 INFO::Fitting model to feature number 1073, semibin_ERR6248618.17_sub
2025-11-26 17:55:05.374203 INFO::Fitting model to feature number 1074, maxbin_SRR11413615.001
2025-11-26 17:55:05.399437 INFO::Fitting model to feature number 1075, semibin_SRR25825500.28
2025-11-26 17:55:05.424089 INFO::Fitting model to feature number 1076, semibin_SRR16554652.103
2025-11-26 17:55:05.449234 INFO::Fitting model to feature number 1077, semibin_SRR11413657.19
2025-11-26 17:55:05.473944 INFO::Fitting model to feature number 1078, metabat_SRR25825503.11
2025-11-26 17:55:05.498008 INFO::Fitting model to feature number 1079, semibin_SRR16554673.8
2025-11-26 17:55:05.522038 INFO::Fitting model to feature number 1080, maxbin_SRR16554751.003
2025-11-26 17:55:05.546443 INFO::Fitting model to feature number 1081, maxbin_ERR12405942.013
2025-11-26 17:55:05.570923 INFO::Fitting model to feature number 1082, metabat_ERR6279655.17_sub
2025-11-26 17:55:05.595383 INFO::Fitting model to feature number 1083, maxbin_ERR6279654.010
2025-11-26 17:55:05.620476 INFO::Fitting model to feature number 1084, metabat_ERR6279654.3_sub
2025-11-26 17:55:05.653167 INFO::Fitting model to feature number 1085, semibin_SRR5930529.2
2025-11-26 17:55:05.678955 INFO::Fitting model to feature number 1086, semibin_ERR12405928.45
2025-11-26 17:55:05.702502 INFO::Fitting model to feature number 1087, maxbin_SRR20881977.005
2025-11-26 17:55:05.727016 INFO::Fitting model to feature number 1088, metabat_ERR6248618.9
2025-11-26 17:55:05.751026 INFO::Fitting model to feature number 1089, maxbin_ERR6279615.003
2025-11-26 17:55:05.796175 INFO::Fitting model to feature number 1090, maxbin_ERR12405949.018
2025-11-26 17:55:05.820497 INFO::Fitting model to feature number 1091, maxbin_SRR5930501.009
2025-11-26 17:55:05.843945 INFO::Fitting model to feature number 1092, semibin_ERR12405937.35
2025-11-26 17:55:05.868353 INFO::Fitting model to feature number 1093, metabat_ERR6232518.15
2025-11-26 17:55:05.892733 INFO::Fitting model to feature number 1094, semibin_SRR16554767.32
2025-11-26 17:55:05.916918 INFO::Fitting model to feature number 1095, metabat_SRR16554704.3
2025-11-26 17:55:05.940356 INFO::Fitting model to feature number 1096, metabat_SRR23364174.22
2025-11-26 17:55:05.970837 INFO::Fitting model to feature number 1097, metabat_ERR12405992.29
2025-11-26 17:55:05.999582 INFO::Fitting model to feature number 1098, maxbin_SRR5930514.003
2025-11-26 17:55:06.023884 INFO::Fitting model to feature number 1099, maxbin_ERR6281499.005
2025-11-26 17:55:06.048352 INFO::Fitting model to feature number 1100, metabat_SRR5930498.86
2025-11-26 17:55:06.07383 INFO::Fitting model to feature number 1101, metabat_ERR12405949.35
2025-11-26 17:55:06.098617 INFO::Fitting model to feature number 1102, semibin_SRR11413614.58
2025-11-26 17:55:06.122302 INFO::Fitting model to feature number 1103, metabat_SRR5930523.19
2025-11-26 17:55:06.147851 INFO::Fitting model to feature number 1104, maxbin_ERR6267711.006
2025-11-26 17:55:06.172975 INFO::Fitting model to feature number 1105, semibin_ERR6281500.39
2025-11-26 17:55:06.197297 INFO::Fitting model to feature number 1106, semibin_SRR25825500.25
2025-11-26 17:55:06.220998 INFO::Fitting model to feature number 1107, metabat_ERR6279675.42
2025-11-26 17:55:06.245235 INFO::Fitting model to feature number 1108, maxbin_SRR5930506.016_sub
2025-11-26 17:55:06.278043 INFO::Fitting model to feature number 1109, semibin_ERR6279621.6
2025-11-26 17:55:06.305813 INFO::Fitting model to feature number 1110, metabat_SRR23364223.20
2025-11-26 17:55:06.330444 INFO::Fitting model to feature number 1111, metabat_ERR6254870.14
2025-11-26 17:55:06.355018 INFO::Fitting model to feature number 1112, semibin_SRR11413618.78
2025-11-26 17:55:06.379155 INFO::Fitting model to feature number 1113, maxbin_SRR16168942.005
2025-11-26 17:55:06.403325 INFO::Fitting model to feature number 1114, semibin_SRR16168982.36
2025-11-26 17:55:06.428159 INFO::Fitting model to feature number 1115, semibin_ERR12405969.59
2025-11-26 17:55:06.45346 INFO::Fitting model to feature number 1116, semibin_SRR5930514.18
2025-11-26 17:55:06.4781 INFO::Fitting model to feature number 1117, semibin_ERR6275661.76
2025-11-26 17:55:06.526808 INFO::Fitting model to feature number 1118, maxbin_SRR16554639.004
2025-11-26 17:55:06.552033 INFO::Fitting model to feature number 1119, metabat_ERR6281505.18
2025-11-26 17:55:06.576138 INFO::Fitting model to feature number 1120, semibin_SRR5930528.176
2025-11-26 17:55:06.609349 INFO::Fitting model to feature number 1121, semibin_ERR12405970.54
2025-11-26 17:55:06.636164 INFO::Fitting model to feature number 1122, metabat_ERR12405940.8
2025-11-26 17:55:06.66143 INFO::Fitting model to feature number 1123, semibin_SRR5930529.29
2025-11-26 17:55:06.686858 INFO::Fitting model to feature number 1124, metabat_SRR25825496.23
2025-11-26 17:55:06.711253 INFO::Fitting model to feature number 1125, semibin_SRR5930533.29
2025-11-26 17:55:06.735621 INFO::Fitting model to feature number 1126, metabat_ERR6279682.1
2025-11-26 17:55:06.760728 INFO::Fitting model to feature number 1127, semibin_SRR16554721.63
2025-11-26 17:55:06.785847 INFO::Fitting model to feature number 1128, metabat_SRR16168974.3
2025-11-26 17:55:06.809101 INFO::Fitting model to feature number 1129, semibin_ERR12406004.33
2025-11-26 17:55:06.833838 INFO::Fitting model to feature number 1130, maxbin_SRR13022436.003
2025-11-26 17:55:06.858352 INFO::Fitting model to feature number 1131, semibin_ERR6232527.15
2025-11-26 17:55:06.883042 INFO::Fitting model to feature number 1132, semibin_SRR23364174.31
2025-11-26 17:55:06.908042 INFO::Fitting model to feature number 1133, maxbin_ERR12405949.005
2025-11-26 17:55:06.940557 INFO::Fitting model to feature number 1134, semibin_ERR12405929.26
2025-11-26 17:55:06.969846 INFO::Fitting model to feature number 1135, maxbin_ERR12405929.007
2025-11-26 17:55:06.994767 INFO::Fitting model to feature number 1136, semibin_ERR12405968.41
2025-11-26 17:55:07.020813 INFO::Fitting model to feature number 1137, semibin_ERR6275680.2_sub
2025-11-26 17:55:07.046245 INFO::Fitting model to feature number 1138, metabat_SRR16168940.8
2025-11-26 17:55:07.070018 INFO::Fitting model to feature number 1139, metabat_SRR5930534.33
2025-11-26 17:55:07.095943 INFO::Fitting model to feature number 1140, semibin_ERR6232382.57
2025-11-26 17:55:07.120399 INFO::Fitting model to feature number 1141, maxbin_SRR16554647.011_sub
2025-11-26 17:55:07.144717 INFO::Fitting model to feature number 1142, semibin_SRR16554750.10
2025-11-26 17:55:07.168747 INFO::Fitting model to feature number 1143, maxbin_SRR16554636.001
2025-11-26 17:55:07.193311 INFO::Fitting model to feature number 1144, semibin_ERR6281505.10
2025-11-26 17:55:07.218551 INFO::Fitting model to feature number 1145, maxbin_ERR6232688.006
2025-11-26 17:55:07.301758 INFO::Fitting model to feature number 1146, maxbin_SRR16554718.005
2025-11-26 17:55:07.325774 INFO::Fitting model to feature number 1147, metabat_SRR16554756.5
2025-11-26 17:55:07.350283 INFO::Fitting model to feature number 1148, semibin_ERR6232522.29
2025-11-26 17:55:07.374196 INFO::Fitting model to feature number 1149, semibin_SRR11413656.22
2025-11-26 17:55:07.399279 INFO::Fitting model to feature number 1150, semibin_SRR23364225.25
2025-11-26 17:55:07.42355 INFO::Fitting model to feature number 1151, metabat_ERR12405955.69
2025-11-26 17:55:07.4472 INFO::Fitting model to feature number 1152, semibin_SRR16554723.44
2025-11-26 17:55:07.471092 INFO::Fitting model to feature number 1153, maxbin_ERR12405924.002
2025-11-26 17:55:07.495831 INFO::Fitting model to feature number 1154, semibin_ERR6281751.6
2025-11-26 17:55:07.520696 INFO::Fitting model to feature number 1155, maxbin_SRR11413649.022
2025-11-26 17:55:07.544185 INFO::Fitting model to feature number 1156, metabat_SRR16554766.13
2025-11-26 17:55:07.570696 INFO::Fitting model to feature number 1157, semibin_ERR12405971.1
2025-11-26 17:55:07.597003 INFO::Fitting model to feature number 1158, metabat_SRR23364240.2
2025-11-26 17:55:07.632544 INFO::Fitting model to feature number 1159, semibin_ERR6281677.29
2025-11-26 17:55:07.666605 INFO::Fitting model to feature number 1160, metabat_SRR16554786.23
2025-11-26 17:55:07.690439 INFO::Fitting model to feature number 1161, semibin_SRR11413654.21
2025-11-26 17:55:07.717563 INFO::Fitting model to feature number 1162, maxbin_SRR11413614.007_sub
2025-11-26 17:55:07.744535 INFO::Fitting model to feature number 1163, metabat_SRR25825495.14
2025-11-26 17:55:07.770422 INFO::Fitting model to feature number 1164, semibin_SRR11413683.194
2025-11-26 17:55:07.795594 INFO::Fitting model to feature number 1165, metabat_SRR25825510.12_sub
2025-11-26 17:55:07.824205 INFO::Fitting model to feature number 1166, semibin_SRR16554769.96
2025-11-26 17:55:07.850762 INFO::Fitting model to feature number 1167, semibin_SRR11413692.4
2025-11-26 17:55:07.875556 INFO::Fitting model to feature number 1168, maxbin_SRR23364203.002
2025-11-26 17:55:07.900326 INFO::Fitting model to feature number 1169, maxbin_SRR16168984.014_sub
2025-11-26 17:55:07.927082 INFO::Fitting model to feature number 1170, maxbin_ERR6275659.013_sub
2025-11-26 17:55:07.957531 INFO::Fitting model to feature number 1171, metabat_ERR6281434.55
2025-11-26 17:55:07.9835 INFO::Fitting model to feature number 1172, semibin_ERR6279674.62
2025-11-26 17:55:08.010443 INFO::Fitting model to feature number 1173, metabat_SRR11413654.23
2025-11-26 17:55:08.05641 INFO::Fitting model to feature number 1174, semibin_SRR11413613.2
2025-11-26 17:55:08.080943 INFO::Fitting model to feature number 1175, semibin_ERR6267712.36
2025-11-26 17:55:08.105162 INFO::Fitting model to feature number 1176, metabat_SRR13068816.1
2025-11-26 17:55:08.128556 INFO::Fitting model to feature number 1177, maxbin_ERR6235717.003
2025-11-26 17:55:08.152981 INFO::Fitting model to feature number 1178, maxbin_SRR16554719.004
2025-11-26 17:55:08.177227 INFO::Fitting model to feature number 1179, maxbin_SRR8387676.006
2025-11-26 17:55:08.200916 INFO::Fitting model to feature number 1180, metabat_SRR23364191.23_sub
2025-11-26 17:55:08.224352 INFO::Fitting model to feature number 1181, semibin_ERR6275666.3
2025-11-26 17:55:08.248695 INFO::Fitting model to feature number 1182, metabat_SRR8387710.43
2025-11-26 17:55:08.279934 INFO::Fitting model to feature number 1183, metabat_ERR6281997.20
2025-11-26 17:55:08.304701 INFO::Fitting model to feature number 1184, metabat_SRR23364237.27
2025-11-26 17:55:08.330848 INFO::Fitting model to feature number 1185, semibin_SRR13068827.60
2025-11-26 17:55:08.355275 INFO::Fitting model to feature number 1186, metabat_SRR5930501.14
2025-11-26 17:55:08.378948 INFO::Fitting model to feature number 1187, semibin_ERR6275676.34
2025-11-26 17:55:08.404253 INFO::Fitting model to feature number 1188, maxbin_SRR13068845.006_sub
2025-11-26 17:55:08.429608 INFO::Fitting model to feature number 1189, semibin_ERR12405949.11_sub
2025-11-26 17:55:08.453058 INFO::Fitting model to feature number 1190, semibin_SRR5930494.69
2025-11-26 17:55:08.477529 INFO::Fitting model to feature number 1191, semibin_ERR12405958.10
2025-11-26 17:55:08.502353 INFO::Fitting model to feature number 1192, metabat_SRR16554636.2
2025-11-26 17:55:08.526403 INFO::Fitting model to feature number 1193, maxbin_SRR16168975.004
2025-11-26 17:55:08.550522 INFO::Fitting model to feature number 1194, semibin_SRR25825499.74
2025-11-26 17:55:08.574714 INFO::Fitting model to feature number 1195, metabat_ERR6232458.5
2025-11-26 17:55:08.606413 INFO::Fitting model to feature number 1196, maxbin_SRR25825518.002
2025-11-26 17:55:08.630329 INFO::Fitting model to feature number 1197, maxbin_ERR6279662.004_sub
2025-11-26 17:55:08.657422 INFO::Fitting model to feature number 1198, metabat_ERR6281518.58_sub
2025-11-26 17:55:08.682357 INFO::Fitting model to feature number 1199, semibin_ERR6232686.62
2025-11-26 17:55:08.706378 INFO::Fitting model to feature number 1200, maxbin_ERR6275678.004
2025-11-26 17:55:08.731219 INFO::Fitting model to feature number 1201, metabat_SRR13022427.3_sub
2025-11-26 17:55:08.776299 INFO::Fitting model to feature number 1202, metabat_ERR12405942.51
2025-11-26 17:55:08.801159 INFO::Fitting model to feature number 1203, semibin_SRR11413654.79
2025-11-26 17:55:08.82543 INFO::Fitting model to feature number 1204, semibin_SRR16554679.4
2025-11-26 17:55:08.849698 INFO::Fitting model to feature number 1205, semibin_ERR12405974.119
2025-11-26 17:55:08.874217 INFO::Fitting model to feature number 1206, semibin_ERR6230340.7
2025-11-26 17:55:08.898613 INFO::Fitting model to feature number 1207, semibin_SRR20881980.70_sub
2025-11-26 17:55:08.928349 INFO::Fitting model to feature number 1208, maxbin_ERR6279625.013_sub
2025-11-26 17:55:08.956068 INFO::Fitting model to feature number 1209, semibin_ERR12405998.4
2025-11-26 17:55:08.983429 INFO::Fitting model to feature number 1210, semibin_SRR11413614.10
2025-11-26 17:55:09.007019 INFO::Fitting model to feature number 1211, metabat_SRR20881977.30
2025-11-26 17:55:09.031729 INFO::Fitting model to feature number 1212, maxbin_ERR12405988.009
2025-11-26 17:55:09.055851 INFO::Fitting model to feature number 1213, maxbin_SRR5930509.003
2025-11-26 17:55:09.079252 INFO::Fitting model to feature number 1214, maxbin_SRR16554632.002
2025-11-26 17:55:09.103894 INFO::Fitting model to feature number 1215, semibin_SRR25825500.32
2025-11-26 17:55:09.128312 INFO::Fitting model to feature number 1216, semibin_SRR5930495.35
2025-11-26 17:55:09.153136 INFO::Fitting model to feature number 1217, semibin_ERR6279671.89
2025-11-26 17:55:09.177264 INFO::Fitting model to feature number 1218, semibin_ERR6230278.15
2025-11-26 17:55:09.202013 INFO::Fitting model to feature number 1219, metabat_ERR6279652.15_sub
2025-11-26 17:55:09.22666 INFO::Fitting model to feature number 1220, metabat_SRR16554778.4
2025-11-26 17:55:09.253423 INFO::Fitting model to feature number 1221, semibin_ERR6279669.45
2025-11-26 17:55:09.282044 INFO::Fitting model to feature number 1222, maxbin_SRR6000903.002
2025-11-26 17:55:09.307666 INFO::Fitting model to feature number 1223, maxbin_ERR6267711.002_sub
2025-11-26 17:55:09.332139 INFO::Fitting model to feature number 1224, metabat_SRR16168930.22_sub
2025-11-26 17:55:09.356966 INFO::Fitting model to feature number 1225, metabat_ERR12405940.22
2025-11-26 17:55:09.380857 INFO::Fitting model to feature number 1226, maxbin_SRR23364231.030_sub
2025-11-26 17:55:09.404754 INFO::Fitting model to feature number 1227, semibin_ERR6281751.11_sub
2025-11-26 17:55:09.428685 INFO::Fitting model to feature number 1228, metabat_SRR16554721.12_sub
2025-11-26 17:55:09.452514 INFO::Fitting model to feature number 1229, metabat_ERR12405957.24
2025-11-26 17:55:09.496593 INFO::Fitting model to feature number 1230, semibin_ERR6232524.56
2025-11-26 17:55:09.520928 INFO::Fitting model to feature number 1231, metabat_SRR16554643.13
2025-11-26 17:55:09.547733 INFO::Fitting model to feature number 1232, semibin_ERR6279677.13
2025-11-26 17:55:09.573315 INFO::Fitting model to feature number 1233, maxbin_SRR16554744.003
2025-11-26 17:55:09.604197 INFO::Fitting model to feature number 1234, metabat_ERR12405957.9
2025-11-26 17:55:09.628014 INFO::Fitting model to feature number 1235, metabat_SRR16168942.34
2025-11-26 17:55:09.656893 INFO::Fitting model to feature number 1236, semibin_SRR6000905.32
2025-11-26 17:55:09.681545 INFO::Fitting model to feature number 1237, semibin_ERR6279657.164
2025-11-26 17:55:09.70503 INFO::Fitting model to feature number 1238, metabat_ERR6279616.33
2025-11-26 17:55:09.729736 INFO::Fitting model to feature number 1239, semibin_ERR6279646.22_sub
2025-11-26 17:55:09.754065 INFO::Fitting model to feature number 1240, semibin_SRR6000947.67
2025-11-26 17:55:09.777234 INFO::Fitting model to feature number 1241, semibin_SRR16554752.21
2025-11-26 17:55:09.801706 INFO::Fitting model to feature number 1242, maxbin_ERR6271721.001
2025-11-26 17:55:09.825585 INFO::Fitting model to feature number 1243, semibin_ERR12406004.36
2025-11-26 17:55:09.84886 INFO::Fitting model to feature number 1244, metabat_ERR6281431.41
2025-11-26 17:55:09.873184 INFO::Fitting model to feature number 1245, semibin_ERR6275680.140
2025-11-26 17:55:09.897305 INFO::Fitting model to feature number 1246, semibin_SRR8387676.49
2025-11-26 17:55:09.927374 INFO::Fitting model to feature number 1247, semibin_SRR13068852.73_sub
2025-11-26 17:55:09.954892 INFO::Fitting model to feature number 1248, metabat_SRR11413608.45
2025-11-26 17:55:09.983251 INFO::Fitting model to feature number 1249, semibin_SRR5930520.95
2025-11-26 17:55:10.006158 INFO::Fitting model to feature number 1250, metabat_SRR23364206.9
2025-11-26 17:55:10.03175 INFO::Fitting model to feature number 1251, metabat_SRR5930499.62
2025-11-26 17:55:10.056 INFO::Fitting model to feature number 1252, metabat_ERR6275672.30
2025-11-26 17:55:10.078972 INFO::Fitting model to feature number 1253, semibin_ERR6230340.24
2025-11-26 17:55:10.103152 INFO::Fitting model to feature number 1254, semibin_SRR5930532.57
2025-11-26 17:55:10.126926 INFO::Fitting model to feature number 1255, semibin_ERR6279627.7
2025-11-26 17:55:10.150059 INFO::Fitting model to feature number 1256, metabat_SRR23364192.31_sub
2025-11-26 17:55:10.174735 INFO::Fitting model to feature number 1257, semibin_SRR25825510.23_sub
2025-11-26 17:55:10.219825 INFO::Fitting model to feature number 1258, maxbin_ERR12405965.008
2025-11-26 17:55:10.245249 INFO::Fitting model to feature number 1259, semibin_ERR6279672.17
2025-11-26 17:55:10.275897 INFO::Fitting model to feature number 1260, maxbin_ERR6257997.018
2025-11-26 17:55:10.300012 INFO::Fitting model to feature number 1261, semibin_ERR6233693.34_sub
2025-11-26 17:55:10.324748 INFO::Fitting model to feature number 1262, metabat_ERR6232688.30
2025-11-26 17:55:10.348799 INFO::Fitting model to feature number 1263, maxbin_SRR23364192.011_sub
2025-11-26 17:55:10.372954 INFO::Fitting model to feature number 1264, maxbin_ERR6279676.023_sub
2025-11-26 17:55:10.397677 INFO::Fitting model to feature number 1265, semibin_SRR13068839.82
2025-11-26 17:55:10.422015 INFO::Fitting model to feature number 1266, metabat_ERR6275671.44
2025-11-26 17:55:10.446221 INFO::Fitting model to feature number 1267, semibin_ERR6236131.31
2025-11-26 17:55:10.471041 INFO::Fitting model to feature number 1268, metabat_SRR11413681.65_sub
2025-11-26 17:55:10.495504 INFO::Fitting model to feature number 1269, semibin_ERR6232521.9
2025-11-26 17:55:10.519584 INFO::Fitting model to feature number 1270, semibin_ERR12405983.41
2025-11-26 17:55:10.552307 INFO::Fitting model to feature number 1271, semibin_SRR20881979.39
2025-11-26 17:55:10.579066 INFO::Fitting model to feature number 1272, metabat_SRR13068822.8
2025-11-26 17:55:10.60437 INFO::Fitting model to feature number 1273, semibin_SRR5930533.15
2025-11-26 17:55:10.629765 INFO::Fitting model to feature number 1274, metabat_SRR16554704.2
2025-11-26 17:55:10.654743 INFO::Fitting model to feature number 1275, maxbin_ERR6279682.007
2025-11-26 17:55:10.678957 INFO::Fitting model to feature number 1276, semibin_ERR12406000.0
2025-11-26 17:55:10.704085 INFO::Fitting model to feature number 1277, metabat_SRR23364213.41_sub
2025-11-26 17:55:10.728939 INFO::Fitting model to feature number 1278, metabat_SRR5930495.2
2025-11-26 17:55:10.752623 INFO::Fitting model to feature number 1279, semibin_SRR20881987.25
2025-11-26 17:55:10.777378 INFO::Fitting model to feature number 1280, metabat_SRR23364240.7
2025-11-26 17:55:10.801737 INFO::Fitting model to feature number 1281, metabat_SRR5930498.97
2025-11-26 17:55:10.825438 INFO::Fitting model to feature number 1282, metabat_SRR16554763.26
2025-11-26 17:55:10.858226 INFO::Fitting model to feature number 1283, metabat_ERR6232458.9
2025-11-26 17:55:10.88412 INFO::Fitting model to feature number 1284, maxbin_SRR23364175.021_sub
2025-11-26 17:55:10.911604 INFO::Fitting model to feature number 1285, semibin_ERR6281997.36
2025-11-26 17:55:10.958969 INFO::Fitting model to feature number 1286, semibin_ERR6230340.23
2025-11-26 17:55:10.984248 INFO::Fitting model to feature number 1287, semibin_SRR11413609.1
2025-11-26 17:55:11.00953 INFO::Fitting model to feature number 1288, semibin_SRR6000894.27
2025-11-26 17:55:11.035019 INFO::Fitting model to feature number 1289, maxbin_SRR5930519.002
2025-11-26 17:55:11.058752 INFO::Fitting model to feature number 1290, metabat_ERR6275676.46_sub
2025-11-26 17:55:11.08345 INFO::Fitting model to feature number 1291, metabat_ERR6279680.23_sub
2025-11-26 17:55:11.107404 INFO::Fitting model to feature number 1292, semibin_SRR25825500.94
2025-11-26 17:55:11.131446 INFO::Fitting model to feature number 1293, semibin_ERR6279665.27
2025-11-26 17:55:11.165298 INFO::Fitting model to feature number 1294, maxbin_SRR5930517.004
2025-11-26 17:55:11.191229 INFO::Fitting model to feature number 1295, semibin_SRR25825496.70
2025-11-26 17:55:11.214622 INFO::Fitting model to feature number 1296, semibin_SRR5930517.103
2025-11-26 17:55:11.239808 INFO::Fitting model to feature number 1297, semibin_SRR16168929.20_sub
2025-11-26 17:55:11.263079 INFO::Fitting model to feature number 1298, metabat_SRR25825513.9
2025-11-26 17:55:11.287842 INFO::Fitting model to feature number 1299, semibin_ERR12405992.43
2025-11-26 17:55:11.31242 INFO::Fitting model to feature number 1300, maxbin_SRR5930501.001
2025-11-26 17:55:11.336271 INFO::Fitting model to feature number 1301, maxbin_ERR6275673.039_sub
2025-11-26 17:55:11.360351 INFO::Fitting model to feature number 1302, semibin_SRR11413692.31
2025-11-26 17:55:11.384763 INFO::Fitting model to feature number 1303, maxbin_SRR11413679.012
2025-11-26 17:55:11.408409 INFO::Fitting model to feature number 1304, semibin_SRR13022424.6
2025-11-26 17:55:11.432065 INFO::Fitting model to feature number 1305, semibin_SRR13068825.144
2025-11-26 17:55:11.45639 INFO::Fitting model to feature number 1306, metabat_SRR23364171.30
2025-11-26 17:55:11.485425 INFO::Fitting model to feature number 1307, semibin_ERR6231475.95
2025-11-26 17:55:11.51857 INFO::Fitting model to feature number 1308, metabat_ERR6279658.4
2025-11-26 17:55:11.544659 INFO::Fitting model to feature number 1309, maxbin_SRR8387681.017
2025-11-26 17:55:11.568352 INFO::Fitting model to feature number 1310, semibin_SRR11413687.171
2025-11-26 17:55:11.591876 INFO::Fitting model to feature number 1311, semibin_ERR12405976.23
2025-11-26 17:55:11.6165 INFO::Fitting model to feature number 1312, semibin_SRR13068826.42
2025-11-26 17:55:11.640205 INFO::Fitting model to feature number 1313, maxbin_SRR16554726.001
2025-11-26 17:55:11.687678 INFO::Fitting model to feature number 1314, semibin_ERR6233692.26
2025-11-26 17:55:11.713755 INFO::Fitting model to feature number 1315, metabat_SRR16168929.12
2025-11-26 17:55:11.738024 INFO::Fitting model to feature number 1316, semibin_SRR20881983.19
2025-11-26 17:55:11.76295 INFO::Fitting model to feature number 1317, metabat_ERR6275664.11
2025-11-26 17:55:11.788429 INFO::Fitting model to feature number 1318, semibin_SRR20881976.18_sub
2025-11-26 17:55:11.821173 INFO::Fitting model to feature number 1319, metabat_SRR23364184.7
2025-11-26 17:55:11.84701 INFO::Fitting model to feature number 1320, semibin_SRR5930536.61_sub
2025-11-26 17:55:11.873811 INFO::Fitting model to feature number 1321, metabat_ERR6281432.14
2025-11-26 17:55:11.896972 INFO::Fitting model to feature number 1322, metabat_ERR6264280.47
2025-11-26 17:55:11.921848 INFO::Fitting model to feature number 1323, maxbin_SRR11413687.021
2025-11-26 17:55:11.94594 INFO::Fitting model to feature number 1324, semibin_ERR6279646.18
2025-11-26 17:55:11.969738 INFO::Fitting model to feature number 1325, semibin_ERR6239139.3
2025-11-26 17:55:11.993958 INFO::Fitting model to feature number 1326, maxbin_SRR16554645.006
2025-11-26 17:55:12.018295 INFO::Fitting model to feature number 1327, metabat_ERR6279672.10
2025-11-26 17:55:12.042595 INFO::Fitting model to feature number 1328, metabat_ERR6281432.36
2025-11-26 17:55:12.068036 INFO::Fitting model to feature number 1329, metabat_ERR6279667.15
2025-11-26 17:55:12.092326 INFO::Fitting model to feature number 1330, metabat_ERR12405949.18
2025-11-26 17:55:12.118541 INFO::Fitting model to feature number 1331, semibin_ERR6279620.6
2025-11-26 17:55:12.150502 INFO::Fitting model to feature number 1332, semibin_SRR23364187.43_sub
2025-11-26 17:55:12.181448 INFO::Fitting model to feature number 1333, semibin_ERR12405973.28
2025-11-26 17:55:12.207168 INFO::Fitting model to feature number 1334, semibin_SRR5930536.76
2025-11-26 17:55:12.230303 INFO::Fitting model to feature number 1335, semibin_SRR25825498.35
2025-11-26 17:55:12.254725 INFO::Fitting model to feature number 1336, metabat_SRR11413618.48
2025-11-26 17:55:12.278644 INFO::Fitting model to feature number 1337, metabat_ERR6275675.18
2025-11-26 17:55:12.302006 INFO::Fitting model to feature number 1338, metabat_ERR6279619.32
2025-11-26 17:55:12.325684 INFO::Fitting model to feature number 1339, semibin_SRR6000900.19
2025-11-26 17:55:12.348937 INFO::Fitting model to feature number 1340, semibin_ERR6281658.59
2025-11-26 17:55:12.372564 INFO::Fitting model to feature number 1341, semibin_SRR25825503.23
2025-11-26 17:55:12.421605 INFO::Fitting model to feature number 1342, metabat_ERR6279683.21
2025-11-26 17:55:12.454126 INFO::Fitting model to feature number 1343, maxbin_ERR6275675.041_sub
2025-11-26 17:55:12.479942 INFO::Fitting model to feature number 1344, semibin_ERR6279614.25
2025-11-26 17:55:12.502994 INFO::Fitting model to feature number 1345, maxbin_SRR16554744.022
2025-11-26 17:55:12.52806 INFO::Fitting model to feature number 1346, maxbin_SRR16554786.001
2025-11-26 17:55:12.552077 INFO::Fitting model to feature number 1347, semibin_SRR16168918.53
2025-11-26 17:55:12.575384 INFO::Fitting model to feature number 1348, semibin_ERR6279678.48
2025-11-26 17:55:12.599914 INFO::Fitting model to feature number 1349, semibin_SRR16168896.113
2025-11-26 17:55:12.623976 INFO::Fitting model to feature number 1350, metabat_ERR6275652.5
2025-11-26 17:55:12.647269 INFO::Fitting model to feature number 1351, metabat_SRR16168943.6
2025-11-26 17:55:12.671839 INFO::Fitting model to feature number 1352, metabat_SRR6000940.18
2025-11-26 17:55:12.69606 INFO::Fitting model to feature number 1353, semibin_SRR6000909.33
2025-11-26 17:55:12.719638 INFO::Fitting model to feature number 1354, maxbin_ERR6281505.009
2025-11-26 17:55:12.744888 INFO::Fitting model to feature number 1355, maxbin_ERR12405996.027
2025-11-26 17:55:12.774712 INFO::Fitting model to feature number 1356, maxbin_SRR25825512.008
2025-11-26 17:55:12.798354 INFO::Fitting model to feature number 1357, metabat_SRR6000893.52
2025-11-26 17:55:12.824928 INFO::Fitting model to feature number 1358, metabat_SRR13022393.14
2025-11-26 17:55:12.848731 INFO::Fitting model to feature number 1359, semibin_ERR6275684.8
2025-11-26 17:55:12.872392 INFO::Fitting model to feature number 1360, metabat_ERR12405991.26
2025-11-26 17:55:12.897128 INFO::Fitting model to feature number 1361, maxbin_ERR6279677.002
2025-11-26 17:55:12.920951 INFO::Fitting model to feature number 1362, semibin_SRR13068851.47
2025-11-26 17:55:12.94518 INFO::Fitting model to feature number 1363, maxbin_ERR6275666.011_sub
2025-11-26 17:55:12.970096 INFO::Fitting model to feature number 1364, metabat_SRR5930534.16
2025-11-26 17:55:12.993837 INFO::Fitting model to feature number 1365, semibin_SRR11413655.121
2025-11-26 17:55:13.017763 INFO::Fitting model to feature number 1366, semibin_ERR12405947.46
2025-11-26 17:55:13.041754 INFO::Fitting model to feature number 1367, metabat_ERR6232522.25
2025-11-26 17:55:13.067912 INFO::Fitting model to feature number 1368, semibin_ERR6232425.34
2025-11-26 17:55:13.097483 INFO::Fitting model to feature number 1369, semibin_SRR6000899.37
2025-11-26 17:55:13.147912 INFO::Fitting model to feature number 1370, semibin_SRR5930534.11
2025-11-26 17:55:13.172972 INFO::Fitting model to feature number 1371, semibin_ERR6232525.11
2025-11-26 17:55:13.197283 INFO::Fitting model to feature number 1372, metabat_SRR13022409.1
2025-11-26 17:55:13.221561 INFO::Fitting model to feature number 1373, semibin_SRR11413609.0
2025-11-26 17:55:13.246266 INFO::Fitting model to feature number 1374, semibin_SRR25825494.13
2025-11-26 17:55:13.270628 INFO::Fitting model to feature number 1375, semibin_ERR6275679.36
2025-11-26 17:55:13.294724 INFO::Fitting model to feature number 1376, semibin_ERR12405918.19
2025-11-26 17:55:13.319418 INFO::Fitting model to feature number 1377, metabat_SRR11413679.36
2025-11-26 17:55:13.34398 INFO::Fitting model to feature number 1378, semibin_ERR12405998.20
2025-11-26 17:55:13.367885 INFO::Fitting model to feature number 1379, semibin_ERR12405940.4
2025-11-26 17:55:13.40144 INFO::Fitting model to feature number 1380, maxbin_ERR6271719.005_sub
2025-11-26 17:55:13.429403 INFO::Fitting model to feature number 1381, semibin_ERR6279654.47
2025-11-26 17:55:13.455281 INFO::Fitting model to feature number 1382, metabat_ERR6281448.20
2025-11-26 17:55:13.481039 INFO::Fitting model to feature number 1383, semibin_SRR8387683.51
2025-11-26 17:55:13.505447 INFO::Fitting model to feature number 1384, maxbin_SRR11413618.048
2025-11-26 17:55:13.530854 INFO::Fitting model to feature number 1385, metabat_ERR6232686.11
2025-11-26 17:55:13.555662 INFO::Fitting model to feature number 1386, metabat_SRR13068850.8
2025-11-26 17:55:13.57986 INFO::Fitting model to feature number 1387, metabat_SRR16168985.46
2025-11-26 17:55:13.605241 INFO::Fitting model to feature number 1388, semibin_SRR16554775.18
2025-11-26 17:55:13.630422 INFO::Fitting model to feature number 1389, semibin_SRR16554636.21_sub
2025-11-26 17:55:13.654435 INFO::Fitting model to feature number 1390, metabat_ERR6281751.26_sub
2025-11-26 17:55:13.679523 INFO::Fitting model to feature number 1391, semibin_ERR6282383.17
2025-11-26 17:55:13.71437 INFO::Fitting model to feature number 1392, semibin_SRR11413646.21
2025-11-26 17:55:13.738837 INFO::Fitting model to feature number 1393, semibin_SRR5930498.62_sub
2025-11-26 17:55:13.764702 INFO::Fitting model to feature number 1394, metabat_SRR5930501.50
2025-11-26 17:55:13.788369 INFO::Fitting model to feature number 1395, maxbin_SRR23364240.007
2025-11-26 17:55:13.813069 INFO::Fitting model to feature number 1396, maxbin_ERR12406010.010
2025-11-26 17:55:13.837453 INFO::Fitting model to feature number 1397, maxbin_SRR11413655.007
2025-11-26 17:55:13.883997 INFO::Fitting model to feature number 1398, maxbin_SRR16554774.005
2025-11-26 17:55:13.908436 INFO::Fitting model to feature number 1399, semibin_SRR5930523.43
2025-11-26 17:55:13.932268 INFO::Fitting model to feature number 1400, metabat_SRR11413614.28
2025-11-26 17:55:13.956937 INFO::Fitting model to feature number 1401, semibin_SRR13068834.14_sub
2025-11-26 17:55:13.981368 INFO::Fitting model to feature number 1402, semibin_SRR25825509.16
2025-11-26 17:55:14.004476 INFO::Fitting model to feature number 1403, metabat_ERR6275665.22_sub
2025-11-26 17:55:14.038201 INFO::Fitting model to feature number 1404, metabat_ERR6239138.15
2025-11-26 17:55:14.0643 INFO::Fitting model to feature number 1405, semibin_ERR6279619.36
2025-11-26 17:55:14.088459 INFO::Fitting model to feature number 1406, metabat_SRR11413685.37
2025-11-26 17:55:14.112662 INFO::Fitting model to feature number 1407, metabat_ERR6275673.39
2025-11-26 17:55:14.136352 INFO::Fitting model to feature number 1408, semibin_ERR6275666.11
2025-11-26 17:55:14.160663 INFO::Fitting model to feature number 1409, maxbin_ERR2162222.008
2025-11-26 17:55:14.185014 INFO::Fitting model to feature number 1410, metabat_SRR16554705.23
2025-11-26 17:55:14.208729 INFO::Fitting model to feature number 1411, maxbin_SRR13068846.008
2025-11-26 17:55:14.23342 INFO::Fitting model to feature number 1412, semibin_SRR16168974.22
2025-11-26 17:55:14.257308 INFO::Fitting model to feature number 1413, semibin_ERR6282070.31
2025-11-26 17:55:14.28126 INFO::Fitting model to feature number 1414, semibin_SRR16554762.18
2025-11-26 17:55:14.306003 INFO::Fitting model to feature number 1415, semibin_ERR6239138.20
2025-11-26 17:55:14.330446 INFO::Fitting model to feature number 1416, maxbin_SRR11413655.004
2025-11-26 17:55:14.36101 INFO::Fitting model to feature number 1417, maxbin_SRR20881981.003
2025-11-26 17:55:14.386708 INFO::Fitting model to feature number 1418, metabat_SRR20881977.25_sub
2025-11-26 17:55:14.410799 INFO::Fitting model to feature number 1419, semibin_ERR12405982.7
2025-11-26 17:55:14.435034 INFO::Fitting model to feature number 1420, semibin_SRR20881984.71
2025-11-26 17:55:14.45851 INFO::Fitting model to feature number 1421, metabat_SRR20881980.15_sub
2025-11-26 17:55:14.483031 INFO::Fitting model to feature number 1422, metabat_ERR6275675.41
2025-11-26 17:55:14.507138 INFO::Fitting model to feature number 1423, metabat_SRR5930526.60_sub
2025-11-26 17:55:14.530722 INFO::Fitting model to feature number 1424, semibin_ERR12405952.12
2025-11-26 17:55:14.571633 INFO::Fitting model to feature number 1425, metabat_ERR12405967.50
2025-11-26 17:55:14.599564 INFO::Fitting model to feature number 1426, metabat_SRR25825516.7
2025-11-26 17:55:14.623926 INFO::Fitting model to feature number 1427, maxbin_SRR16554762.009
2025-11-26 17:55:14.651442 INFO::Fitting model to feature number 1428, semibin_ERR6232521.17
2025-11-26 17:55:14.680915 INFO::Fitting model to feature number 1429, semibin_SRR11413684.68
2025-11-26 17:55:14.708044 INFO::Fitting model to feature number 1430, maxbin_SRR16554718.002
2025-11-26 17:55:14.731295 INFO::Fitting model to feature number 1431, metabat_SRR20881974.5
2025-11-26 17:55:14.755287 INFO::Fitting model to feature number 1432, maxbin_SRR25825495.015_sub
2025-11-26 17:55:14.778755 INFO::Fitting model to feature number 1433, metabat_SRR8387681.3
2025-11-26 17:55:14.802859 INFO::Fitting model to feature number 1434, metabat_SRR11413689.19
2025-11-26 17:55:14.829999 INFO::Fitting model to feature number 1435, metabat_ERR6279664.50
2025-11-26 17:55:14.854466 INFO::Fitting model to feature number 1436, metabat_SRR16554652.36_sub
2025-11-26 17:55:14.878129 INFO::Fitting model to feature number 1437, metabat_SRR16554749.32
2025-11-26 17:55:14.902622 INFO::Fitting model to feature number 1438, semibin_SRR8387707.12
2025-11-26 17:55:14.926156 INFO::Fitting model to feature number 1439, metabat_ERR6279683.18
2025-11-26 17:55:14.950451 INFO::Fitting model to feature number 1440, maxbin_ERR12405986.012
2025-11-26 17:55:14.982268 INFO::Fitting model to feature number 1441, metabat_SRR20881976.34_sub
2025-11-26 17:55:15.006014 INFO::Fitting model to feature number 1442, semibin_ERR6279677.59_sub
2025-11-26 17:55:15.03408 INFO::Fitting model to feature number 1443, semibin_SRR5930513.29
2025-11-26 17:55:15.057272 INFO::Fitting model to feature number 1444, maxbin_SRR5930517.014_sub
2025-11-26 17:55:15.081443 INFO::Fitting model to feature number 1445, metabat_SRR5930515.8
2025-11-26 17:55:15.104983 INFO::Fitting model to feature number 1446, maxbin_SRR5930517.016_sub
2025-11-26 17:55:15.127626 INFO::Fitting model to feature number 1447, semibin_SRR8387691.37
2025-11-26 17:55:15.151437 INFO::Fitting model to feature number 1448, semibin_SRR6000946.20_sub
2025-11-26 17:55:15.175043 INFO::Fitting model to feature number 1449, semibin_ERR12405952.2
2025-11-26 17:55:15.199021 INFO::Fitting model to feature number 1450, semibin_SRR16554625.29
2025-11-26 17:55:15.224461 INFO::Fitting model to feature number 1451, semibin_ERR6232529.40
2025-11-26 17:55:15.25121 INFO::Fitting model to feature number 1452, maxbin_SRR13068822.004
2025-11-26 17:55:15.304471 INFO::Fitting model to feature number 1453, metabat_SRR25825506.38
2025-11-26 17:55:15.330881 INFO::Fitting model to feature number 1454, semibin_ERR6231475.0
2025-11-26 17:55:15.358639 INFO::Fitting model to feature number 1455, semibin_SRR5930510.20_sub
2025-11-26 17:55:15.382741 INFO::Fitting model to feature number 1456, semibin_ERR12405997.60
2025-11-26 17:55:15.406206 INFO::Fitting model to feature number 1457, semibin_ERR6232688.10
2025-11-26 17:55:15.431088 INFO::Fitting model to feature number 1458, metabat_SRR16554724.5
2025-11-26 17:55:15.454682 INFO::Fitting model to feature number 1459, maxbin_ERR6275670.004
2025-11-26 17:55:15.478822 INFO::Fitting model to feature number 1460, maxbin_ERR6279629.009
2025-11-26 17:55:15.502858 INFO::Fitting model to feature number 1461, metabat_SRR16554636.19
2025-11-26 17:55:15.525746 INFO::Fitting model to feature number 1462, maxbin_SRR11413686.007
2025-11-26 17:55:15.55108 INFO::Fitting model to feature number 1463, maxbin_SRR16554667.012
2025-11-26 17:55:15.578546 INFO::Fitting model to feature number 1464, semibin_ERR12405937.0_sub
2025-11-26 17:55:15.605925 INFO::Fitting model to feature number 1465, semibin_ERR6232523.16
2025-11-26 17:55:15.634801 INFO::Fitting model to feature number 1466, maxbin_SRR20881977.008
2025-11-26 17:55:15.66094 INFO::Fitting model to feature number 1467, metabat_ERR6275684.9
2025-11-26 17:55:15.685149 INFO::Fitting model to feature number 1468, maxbin_SRR16554749.005
2025-11-26 17:55:15.710166 INFO::Fitting model to feature number 1469, semibin_ERR6232425.16
2025-11-26 17:55:15.734071 INFO::Fitting model to feature number 1470, semibin_SRR16554638.21
2025-11-26 17:55:15.758369 INFO::Fitting model to feature number 1471, metabat_SRR13068824.46
2025-11-26 17:55:15.783235 INFO::Fitting model to feature number 1472, metabat_ERR12405967.21
2025-11-26 17:55:15.807175 INFO::Fitting model to feature number 1473, metabat_ERR6243879.8
2025-11-26 17:55:15.831676 INFO::Fitting model to feature number 1474, semibin_SRR16554647.24
2025-11-26 17:55:15.855716 INFO::Fitting model to feature number 1475, metabat_SRR20881980.9_sub
2025-11-26 17:55:15.879405 INFO::Fitting model to feature number 1476, semibin_SRR25825504.54
2025-11-26 17:55:15.904106 INFO::Fitting model to feature number 1477, semibin_SRR23364172.8_sub
2025-11-26 17:55:15.933564 INFO::Fitting model to feature number 1478, maxbin_ERR12405998.016_sub
2025-11-26 17:55:15.957296 INFO::Fitting model to feature number 1479, metabat_ERR12405961.20_sub
2025-11-26 17:55:15.986218 INFO::Fitting model to feature number 1480, semibin_SRR5930510.47_sub
2025-11-26 17:55:16.032057 INFO::Fitting model to feature number 1481, metabat_ERR6281341.65
2025-11-26 17:55:16.057442 INFO::Fitting model to feature number 1482, metabat_ERR6232524.1_sub
2025-11-26 17:55:16.080736 INFO::Fitting model to feature number 1483, metabat_SRR25825516.25_sub
2025-11-26 17:55:16.105503 INFO::Fitting model to feature number 1484, metabat_ERR6279658.9
2025-11-26 17:55:16.130405 INFO::Fitting model to feature number 1485, semibin_SRR5930517.80
2025-11-26 17:55:16.154263 INFO::Fitting model to feature number 1486, metabat_ERR6279647.52
2025-11-26 17:55:16.179639 INFO::Fitting model to feature number 1487, semibin_SRR5930518.165_sub
2025-11-26 17:55:16.20448 INFO::Fitting model to feature number 1488, semibin_SRR11413652.29
2025-11-26 17:55:16.228058 INFO::Fitting model to feature number 1489, maxbin_SRR8387676.033_sub
2025-11-26 17:55:16.258868 INFO::Fitting model to feature number 1490, metabat_SRR16554749.2
2025-11-26 17:55:16.284817 INFO::Fitting model to feature number 1491, semibin_SRR11413612.43_sub
2025-11-26 17:55:16.309571 INFO::Fitting model to feature number 1492, maxbin_SRR16554766.008
2025-11-26 17:55:16.333552 INFO::Fitting model to feature number 1493, metabat_SRR20881976.14
2025-11-26 17:55:16.356992 INFO::Fitting model to feature number 1494, semibin_SRR16554644.20
2025-11-26 17:55:16.381519 INFO::Fitting model to feature number 1495, metabat_SRR25825502.64
2025-11-26 17:55:16.405945 INFO::Fitting model to feature number 1496, metabat_SRR5930515.56
2025-11-26 17:55:16.429646 INFO::Fitting model to feature number 1497, semibin_SRR5930517.13
2025-11-26 17:55:16.454196 INFO::Fitting model to feature number 1498, metabat_ERR12405913.30
2025-11-26 17:55:16.478928 INFO::Fitting model to feature number 1499, metabat_ERR6279655.36
2025-11-26 17:55:16.50284 INFO::Fitting model to feature number 1500, metabat_SRR16554665.11
2025-11-26 17:55:16.527293 INFO::Fitting model to feature number 1501, maxbin_SRR25825495.001
2025-11-26 17:55:16.55452 INFO::Fitting model to feature number 1502, semibin_SRR11413652.75
2025-11-26 17:55:16.583572 INFO::Fitting model to feature number 1503, metabat_SRR13022331.11
2025-11-26 17:55:16.612468 INFO::Fitting model to feature number 1504, metabat_SRR16168926.8
2025-11-26 17:55:16.636515 INFO::Fitting model to feature number 1505, semibin_ERR6235716.2
2025-11-26 17:55:16.661966 INFO::Fitting model to feature number 1506, metabat_SRR16554638.9
2025-11-26 17:55:16.686548 INFO::Fitting model to feature number 1507, semibin_ERR6279648.5
2025-11-26 17:55:16.710804 INFO::Fitting model to feature number 1508, semibin_SRR5930498.69
2025-11-26 17:55:16.756445 INFO::Fitting model to feature number 1509, maxbin_ERR6279620.003
2025-11-26 17:55:16.781551 INFO::Fitting model to feature number 1510, metabat_SRR16554627.25
2025-11-26 17:55:16.806178 INFO::Fitting model to feature number 1511, maxbin_SRR5930534.011
2025-11-26 17:55:16.829541 INFO::Fitting model to feature number 1512, metabat_SRR25825500.3
2025-11-26 17:55:16.85447 INFO::Fitting model to feature number 1513, semibin_SRR23364178.13
2025-11-26 17:55:16.884651 INFO::Fitting model to feature number 1514, metabat_SRR5930530.66
2025-11-26 17:55:16.909558 INFO::Fitting model to feature number 1515, semibin_SRR5930504.41
2025-11-26 17:55:16.937806 INFO::Fitting model to feature number 1516, maxbin_SRR13068838.005
2025-11-26 17:55:16.962569 INFO::Fitting model to feature number 1517, maxbin_SRR23364177.015
2025-11-26 17:55:16.988588 INFO::Fitting model to feature number 1518, metabat_SRR16554780.7_sub
2025-11-26 17:55:17.013984 INFO::Fitting model to feature number 1519, metabat_SRR20881979.28
2025-11-26 17:55:17.038062 INFO::Fitting model to feature number 1520, semibin_ERR6279672.11_sub
2025-11-26 17:55:17.062733 INFO::Fitting model to feature number 1521, metabat_SRR5930528.57_sub
2025-11-26 17:55:17.087002 INFO::Fitting model to feature number 1522, semibin_ERR6275675.86
2025-11-26 17:55:17.111027 INFO::Fitting model to feature number 1523, metabat_ERR6279654.19
2025-11-26 17:55:17.136072 INFO::Fitting model to feature number 1524, maxbin_SRR11413607.012
2025-11-26 17:55:17.160262 INFO::Fitting model to feature number 1525, maxbin_SRR13068823.001
2025-11-26 17:55:17.1841 INFO::Fitting model to feature number 1526, semibin_ERR12405998.55
2025-11-26 17:55:17.219759 INFO::Fitting model to feature number 1527, semibin_ERR6233695.19
2025-11-26 17:55:17.24437 INFO::Fitting model to feature number 1528, semibin_ERR6280948.9
2025-11-26 17:55:17.271982 INFO::Fitting model to feature number 1529, semibin_SRR16168986.51
2025-11-26 17:55:17.29599 INFO::Fitting model to feature number 1530, semibin_ERR6279656.46
2025-11-26 17:55:17.319805 INFO::Fitting model to feature number 1531, semibin_ERR6279654.8
2025-11-26 17:55:17.344118 INFO::Fitting model to feature number 1532, semibin_SRR5930507.158
2025-11-26 17:55:17.366658 INFO::Fitting model to feature number 1533, maxbin_SRR11413615.008
2025-11-26 17:55:17.390503 INFO::Fitting model to feature number 1534, semibin_SRR11413608.52
2025-11-26 17:55:17.414126 INFO::Fitting model to feature number 1535, semibin_ERR6239138.5
2025-11-26 17:55:17.440718 INFO::Fitting model to feature number 1536, metabat_ERR12405922.1
2025-11-26 17:55:17.490656 INFO::Fitting model to feature number 1537, maxbin_ERR6275668.004
2025-11-26 17:55:17.518569 INFO::Fitting model to feature number 1538, metabat_SRR16554650.26
2025-11-26 17:55:17.546671 INFO::Fitting model to feature number 1539, metabat_SRR11413610.67
2025-11-26 17:55:17.570506 INFO::Fitting model to feature number 1540, semibin_ERR6275659.47
2025-11-26 17:55:17.594997 INFO::Fitting model to feature number 1541, metabat_SRR5930532.1_sub
2025-11-26 17:55:17.619491 INFO::Fitting model to feature number 1542, semibin_ERR6271719.38
2025-11-26 17:55:17.643206 INFO::Fitting model to feature number 1543, maxbin_ERR6231475.003
2025-11-26 17:55:17.66798 INFO::Fitting model to feature number 1544, maxbin_ERR6279682.017
2025-11-26 17:55:17.694203 INFO::Fitting model to feature number 1545, metabat_SRR13068840.4
2025-11-26 17:55:17.720136 INFO::Fitting model to feature number 1546, semibin_SRR8387712.33
2025-11-26 17:55:17.74507 INFO::Fitting model to feature number 1547, maxbin_ERR6279679.046
2025-11-26 17:55:17.769379 INFO::Fitting model to feature number 1548, maxbin_ERR6279678.007
2025-11-26 17:55:17.793086 INFO::Fitting model to feature number 1549, semibin_SRR5930502.38
2025-11-26 17:55:17.837055 INFO::Fitting model to feature number 1550, maxbin_ERR12405913.017
2025-11-26 17:55:17.864703 INFO::Fitting model to feature number 1551, semibin_SRR25825505.11
2025-11-26 17:55:17.888051 INFO::Fitting model to feature number 1552, metabat_ERR6279674.8_sub
2025-11-26 17:55:17.912539 INFO::Fitting model to feature number 1553, metabat_ERR6275681.15_sub
2025-11-26 17:55:17.936927 INFO::Fitting model to feature number 1554, semibin_SRR11413613.43
2025-11-26 17:55:17.961488 INFO::Fitting model to feature number 1555, semibin_ERR6275680.98
2025-11-26 17:55:17.992352 INFO::Fitting model to feature number 1556, semibin_SRR16168900.48
2025-11-26 17:55:18.017445 INFO::Fitting model to feature number 1557, semibin_SRR6000903.16
2025-11-26 17:55:18.04074 INFO::Fitting model to feature number 1558, metabat_SRR13068828.35
2025-11-26 17:55:18.064902 INFO::Fitting model to feature number 1559, metabat_SRR25825493.23
2025-11-26 17:55:18.089402 INFO::Fitting model to feature number 1560, maxbin_ERR12406003.005
2025-11-26 17:55:18.112217 INFO::Fitting model to feature number 1561, semibin_SRR11413611.89
2025-11-26 17:55:18.144663 INFO::Fitting model to feature number 1562, metabat_SRR13068834.12
2025-11-26 17:55:18.175277 INFO::Fitting model to feature number 1563, semibin_ERR6279670.187
2025-11-26 17:55:18.200978 INFO::Fitting model to feature number 1564, maxbin_ERR6279654.009_sub
2025-11-26 17:55:18.250586 INFO::Fitting model to feature number 1565, metabat_SRR6000908.20
2025-11-26 17:55:18.277721 INFO::Fitting model to feature number 1566, maxbin_SRR20881977.021
2025-11-26 17:55:18.304428 INFO::Fitting model to feature number 1567, semibin_SRR20881978.16
2025-11-26 17:55:18.327708 INFO::Fitting model to feature number 1568, semibin_ERR6275670.117
2025-11-26 17:55:18.352789 INFO::Fitting model to feature number 1569, maxbin_ERR12405948.006
2025-11-26 17:55:18.376867 INFO::Fitting model to feature number 1570, semibin_ERR12405968.34
2025-11-26 17:55:18.400522 INFO::Fitting model to feature number 1571, semibin_SRR11413683.123
2025-11-26 17:55:18.435224 INFO::Fitting model to feature number 1572, semibin_SRR5930493.130
2025-11-26 17:55:18.459701 INFO::Fitting model to feature number 1573, maxbin_SRR13068842.001
2025-11-26 17:55:18.486155 INFO::Fitting model to feature number 1574, maxbin_SRR16554660.011
2025-11-26 17:55:18.510236 INFO::Fitting model to feature number 1575, maxbin_SRR5930531.010
2025-11-26 17:55:18.534078 INFO::Fitting model to feature number 1576, metabat_ERR6280899.76
2025-11-26 17:55:18.558865 INFO::Fitting model to feature number 1577, metabat_SRR13068815.24
2025-11-26 17:55:18.582806 INFO::Fitting model to feature number 1578, semibin_ERR12405966.12
2025-11-26 17:55:18.607291 INFO::Fitting model to feature number 1579, semibin_SRR13068827.108
2025-11-26 17:55:18.63166 INFO::Fitting model to feature number 1580, maxbin_ERR6275682.008
2025-11-26 17:55:18.655237 INFO::Fitting model to feature number 1581, maxbin_SRR13068823.022_sub
2025-11-26 17:55:18.682087 INFO::Fitting model to feature number 1582, metabat_SRR16554778.1_sub
2025-11-26 17:55:18.706168 INFO::Fitting model to feature number 1583, metabat_ERR6281499.44
2025-11-26 17:55:18.733312 INFO::Fitting model to feature number 1584, maxbin_ERR6232527.031_sub
2025-11-26 17:55:18.765902 INFO::Fitting model to feature number 1585, metabat_SRR16554681.16
2025-11-26 17:55:18.789222 INFO::Fitting model to feature number 1586, metabat_ERR6279671.45
2025-11-26 17:55:18.814497 INFO::Fitting model to feature number 1587, semibin_SRR23364206.22
2025-11-26 17:55:18.838393 INFO::Fitting model to feature number 1588, semibin_ERR12405928.63
2025-11-26 17:55:18.862126 INFO::Fitting model to feature number 1589, semibin_SRR16554681.22
2025-11-26 17:55:18.886999 INFO::Fitting model to feature number 1590, metabat_SRR13022432.6
2025-11-26 17:55:18.910429 INFO::Fitting model to feature number 1591, metabat_ERR6239139.34_sub
2025-11-26 17:55:18.935591 INFO::Fitting model to feature number 1592, semibin_SRR11413681.27
2025-11-26 17:55:18.984121 INFO::Fitting model to feature number 1593, semibin_ERR12406001.48
2025-11-26 17:55:19.017659 INFO::Fitting model to feature number 1594, metabat_SRR16554631.3
2025-11-26 17:55:19.044005 INFO::Fitting model to feature number 1595, maxbin_SRR6000892.009
2025-11-26 17:55:19.070179 INFO::Fitting model to feature number 1596, metabat_ERR6254870.29
2025-11-26 17:55:19.09519 INFO::Fitting model to feature number 1597, maxbin_SRR13068847.003
2025-11-26 17:55:19.119126 INFO::Fitting model to feature number 1598, metabat_SRR25825501.63
2025-11-26 17:55:19.144455 INFO::Fitting model to feature number 1599, metabat_SRR23364202.16
2025-11-26 17:55:19.169283 INFO::Fitting model to feature number 1600, metabat_SRR11413649.53_sub
2025-11-26 17:55:19.193496 INFO::Fitting model to feature number 1601, semibin_ERR6279622.112
2025-11-26 17:55:19.218409 INFO::Fitting model to feature number 1602, semibin_ERR6232525.9
2025-11-26 17:55:19.241113 INFO::Fitting model to feature number 1603, semibin_SRR25825504.31
2025-11-26 17:55:19.265922 INFO::Fitting model to feature number 1604, metabat_SRR25825502.47
2025-11-26 17:55:19.290112 INFO::Fitting model to feature number 1605, semibin_SRR16554630.22
2025-11-26 17:55:19.313246 INFO::Fitting model to feature number 1606, metabat_ERR6275663.3_sub
2025-11-26 17:55:19.344605 INFO::Fitting model to feature number 1607, semibin_SRR16554750.26
2025-11-26 17:55:19.371722 INFO::Fitting model to feature number 1608, semibin_ERR12405973.32
2025-11-26 17:55:19.400195 INFO::Fitting model to feature number 1609, semibin_SRR13068816.17_sub
2025-11-26 17:55:19.42561 INFO::Fitting model to feature number 1610, metabat_ERR6275671.17_sub
2025-11-26 17:55:19.448851 INFO::Fitting model to feature number 1611, semibin_ERR12405979.43_sub
2025-11-26 17:55:19.473298 INFO::Fitting model to feature number 1612, metabat_ERR6243879.13
2025-11-26 17:55:19.497277 INFO::Fitting model to feature number 1613, semibin_SRR13068829.41
2025-11-26 17:55:19.521038 INFO::Fitting model to feature number 1614, metabat_SRR16554757.15_sub
2025-11-26 17:55:19.545606 INFO::Fitting model to feature number 1615, semibin_SRR8387681.97
2025-11-26 17:55:19.568531 INFO::Fitting model to feature number 1616, semibin_SRR13068822.60
2025-11-26 17:55:19.59294 INFO::Fitting model to feature number 1617, semibin_ERR6279649.25
2025-11-26 17:55:19.617214 INFO::Fitting model to feature number 1618, semibin_ERR12405916.52
2025-11-26 17:55:19.644451 INFO::Fitting model to feature number 1619, metabat_SRR8387683.37
2025-11-26 17:55:19.675392 INFO::Fitting model to feature number 1620, maxbin_ERR6281448.004_sub
2025-11-26 17:55:19.726859 INFO::Fitting model to feature number 1621, semibin_ERR6279675.31
2025-11-26 17:55:19.751888 INFO::Fitting model to feature number 1622, semibin_ERR6279669.146
2025-11-26 17:55:19.77629 INFO::Fitting model to feature number 1623, maxbin_SRR16554769.014_sub
2025-11-26 17:55:19.801197 INFO::Fitting model to feature number 1624, semibin_SRR16554732.21_sub
2025-11-26 17:55:19.825081 INFO::Fitting model to feature number 1625, maxbin_SRR5930493.011
2025-11-26 17:55:19.850017 INFO::Fitting model to feature number 1626, semibin_ERR6231616.45
2025-11-26 17:55:19.874645 INFO::Fitting model to feature number 1627, metabat_SRR13068852.52
2025-11-26 17:55:19.898673 INFO::Fitting model to feature number 1628, metabat_SRR5930519.9
2025-11-26 17:55:19.923183 INFO::Fitting model to feature number 1629, semibin_SRR6000907.58
2025-11-26 17:55:19.947334 INFO::Fitting model to feature number 1630, semibin_SRR13068813.2
2025-11-26 17:55:19.971333 INFO::Fitting model to feature number 1631, semibin_SRR16554714.52
2025-11-26 17:55:20.00276 INFO::Fitting model to feature number 1632, semibin_SRR11413610.13
2025-11-26 17:55:20.026633 INFO::Fitting model to feature number 1633, semibin_SRR25825513.29
2025-11-26 17:55:20.055505 INFO::Fitting model to feature number 1634, metabat_SRR5930527.17
2025-11-26 17:55:20.080376 INFO::Fitting model to feature number 1635, semibin_SRR5930508.186
2025-11-26 17:55:20.104576 INFO::Fitting model to feature number 1636, metabat_SRR13068843.54
2025-11-26 17:55:20.129456 INFO::Fitting model to feature number 1637, semibin_SRR16168929.7
2025-11-26 17:55:20.153021 INFO::Fitting model to feature number 1638, semibin_SRR16554678.8
2025-11-26 17:55:20.177457 INFO::Fitting model to feature number 1639, metabat_ERR12405984.6
2025-11-26 17:55:20.201358 INFO::Fitting model to feature number 1640, maxbin_ERR6232688.004
2025-11-26 17:55:20.225219 INFO::Fitting model to feature number 1641, metabat_ERR6281341.18_sub
2025-11-26 17:55:20.250023 INFO::Fitting model to feature number 1642, metabat_ERR6243878.31
2025-11-26 17:55:20.273079 INFO::Fitting model to feature number 1643, metabat_SRR5930536.61_sub
2025-11-26 17:55:20.297653 INFO::Fitting model to feature number 1644, maxbin_SRR20881983.026_sub
2025-11-26 17:55:20.323581 INFO::Fitting model to feature number 1645, maxbin_SRR11413691.019
2025-11-26 17:55:20.356419 INFO::Fitting model to feature number 1646, semibin_SRR8387683.9
2025-11-26 17:55:20.387852 INFO::Fitting model to feature number 1647, maxbin_SRR16168976.016_sub
2025-11-26 17:55:20.411213 INFO::Fitting model to feature number 1648, maxbin_SRR25825518.003
2025-11-26 17:55:20.457893 INFO::Fitting model to feature number 1649, semibin_ERR6281343.49
2025-11-26 17:55:20.482486 INFO::Fitting model to feature number 1650, semibin_SRR11413612.49
2025-11-26 17:55:20.506841 INFO::Fitting model to feature number 1651, maxbin_SRR16168943.001
2025-11-26 17:55:20.530557 INFO::Fitting model to feature number 1652, maxbin_SRR6000909.031
2025-11-26 17:55:20.55547 INFO::Fitting model to feature number 1653, semibin_SRR20881979.2
2025-11-26 17:55:20.579476 INFO::Fitting model to feature number 1654, semibin_SRR11413654.34
2025-11-26 17:55:20.603278 INFO::Fitting model to feature number 1655, metabat_SRR16554728.7
2025-11-26 17:55:20.628078 INFO::Fitting model to feature number 1656, metabat_SRR23364206.11
2025-11-26 17:55:20.656771 INFO::Fitting model to feature number 1657, semibin_SRR5930527.102_sub
2025-11-26 17:55:20.689793 INFO::Fitting model to feature number 1658, semibin_SRR5930518.29
2025-11-26 17:55:20.717685 INFO::Fitting model to feature number 1659, semibin_ERR6233694.18
2025-11-26 17:55:20.741426 INFO::Fitting model to feature number 1660, maxbin_SRR16554776.005_sub
2025-11-26 17:55:20.76671 INFO::Fitting model to feature number 1661, semibin_ERR12405920.23
2025-11-26 17:55:20.790149 INFO::Fitting model to feature number 1662, semibin_ERR6281505.66
2025-11-26 17:55:20.815664 INFO::Fitting model to feature number 1663, maxbin_ERR6275652.002_sub
2025-11-26 17:55:20.839763 INFO::Fitting model to feature number 1664, semibin_ERR6279629.17
2025-11-26 17:55:20.863528 INFO::Fitting model to feature number 1665, maxbin_SRR16554787.013
2025-11-26 17:55:20.88845 INFO::Fitting model to feature number 1666, metabat_ERR6232526.9
2025-11-26 17:55:20.912181 INFO::Fitting model to feature number 1667, semibin_ERR6279659.15
2025-11-26 17:55:20.936971 INFO::Fitting model to feature number 1668, metabat_SRR11413689.56
2025-11-26 17:55:20.969765 INFO::Fitting model to feature number 1669, semibin_SRR16554756.21
2025-11-26 17:55:20.996775 INFO::Fitting model to feature number 1670, maxbin_ERR6235718.012
2025-11-26 17:55:21.024024 INFO::Fitting model to feature number 1671, metabat_SRR5930503.76
2025-11-26 17:55:21.047278 INFO::Fitting model to feature number 1672, metabat_SRR20881986.9_sub
2025-11-26 17:55:21.072801 INFO::Fitting model to feature number 1673, semibin_ERR6279655.59
2025-11-26 17:55:21.097414 INFO::Fitting model to feature number 1674, metabat_ERR6275659.2
2025-11-26 17:55:21.121308 INFO::Fitting model to feature number 1675, maxbin_SRR6000912.014
2025-11-26 17:55:21.165739 INFO::Fitting model to feature number 1676, metabat_SRR5930511.29_sub
2025-11-26 17:55:21.191187 INFO::Fitting model to feature number 1677, maxbin_SRR13068835.009
2025-11-26 17:55:21.21496 INFO::Fitting model to feature number 1678, metabat_ERR6243880.58
2025-11-26 17:55:21.238724 INFO::Fitting model to feature number 1679, metabat_ERR6279629.20
2025-11-26 17:55:21.262617 INFO::Fitting model to feature number 1680, metabat_ERR6271721.70
2025-11-26 17:55:21.291939 INFO::Fitting model to feature number 1681, metabat_ERR6281000.76_sub
2025-11-26 17:55:21.318152 INFO::Fitting model to feature number 1682, metabat_SRR16554771.7_sub
2025-11-26 17:55:21.343228 INFO::Fitting model to feature number 1683, maxbin_SRR16554763.011
2025-11-26 17:55:21.37099 INFO::Fitting model to feature number 1684, semibin_ERR12405983.42
2025-11-26 17:55:21.398773 INFO::Fitting model to feature number 1685, semibin_ERR12405992.1
2025-11-26 17:55:21.421822 INFO::Fitting model to feature number 1686, semibin_ERR6281342.9
2025-11-26 17:55:21.446157 INFO::Fitting model to feature number 1687, maxbin_SRR16554785.015
2025-11-26 17:55:21.469105 INFO::Fitting model to feature number 1688, metabat_ERR6275666.56
2025-11-26 17:55:21.493697 INFO::Fitting model to feature number 1689, metabat_SRR11413611.38
2025-11-26 17:55:21.517166 INFO::Fitting model to feature number 1690, semibin_SRR11413683.16
2025-11-26 17:55:21.540801 INFO::Fitting model to feature number 1691, maxbin_SRR16168938.002
2025-11-26 17:55:21.568084 INFO::Fitting model to feature number 1692, metabat_SRR25825500.41_sub
2025-11-26 17:55:21.59364 INFO::Fitting model to feature number 1693, semibin_SRR5930526.142
2025-11-26 17:55:21.617301 INFO::Fitting model to feature number 1694, semibin_ERR6230245.17
2025-11-26 17:55:21.641176 INFO::Fitting model to feature number 1695, semibin_SRR11413645.160
2025-11-26 17:55:21.664276 INFO::Fitting model to feature number 1696, metabat_SRR13068845.7_sub
2025-11-26 17:55:21.698439 INFO::Fitting model to feature number 1697, semibin_ERR6267712.33
2025-11-26 17:55:21.722421 INFO::Fitting model to feature number 1698, maxbin_SRR16554790.012
2025-11-26 17:55:21.747844 INFO::Fitting model to feature number 1699, semibin_SRR13068843.42_sub
2025-11-26 17:55:21.771221 INFO::Fitting model to feature number 1700, maxbin_ERR6279657.031_sub
2025-11-26 17:55:21.795694 INFO::Fitting model to feature number 1701, semibin_ERR6271720.41
2025-11-26 17:55:21.817807 INFO::Fitting model to feature number 1702, semibin_SRR5930507.83_sub
2025-11-26 17:55:21.8428 INFO::Fitting model to feature number 1703, semibin_SRR5930532.79
2025-11-26 17:55:21.888039 INFO::Fitting model to feature number 1704, metabat_SRR11413684.26
2025-11-26 17:55:21.91322 INFO::Fitting model to feature number 1705, metabat_SRR25825505.39
2025-11-26 17:55:21.936779 INFO::Fitting model to feature number 1706, maxbin_SRR16554754.006
2025-11-26 17:55:21.961251 INFO::Fitting model to feature number 1707, semibin_ERR6279645.60
2025-11-26 17:55:21.99325 INFO::Fitting model to feature number 1708, semibin_SRR5930528.15
2025-11-26 17:55:22.02011 INFO::Fitting model to feature number 1709, semibin_ERR12405945.16
2025-11-26 17:55:22.04663 INFO::Fitting model to feature number 1710, metabat_ERR12405997.40_sub
2025-11-26 17:55:22.07023 INFO::Fitting model to feature number 1711, semibin_SRR5930520.41
2025-11-26 17:55:22.095719 INFO::Fitting model to feature number 1712, semibin_SRR13068835.130
2025-11-26 17:55:22.119204 INFO::Fitting model to feature number 1713, maxbin_SRR5930530.008
2025-11-26 17:55:22.144544 INFO::Fitting model to feature number 1714, semibin_SRR11413647.44
2025-11-26 17:55:22.168602 INFO::Fitting model to feature number 1715, semibin_SRR13022436.17
2025-11-26 17:55:22.193098 INFO::Fitting model to feature number 1716, maxbin_ERR6279682.002
2025-11-26 17:55:22.218211 INFO::Fitting model to feature number 1717, metabat_ERR6279676.12
2025-11-26 17:55:22.241594 INFO::Fitting model to feature number 1718, semibin_SRR5930516.11_sub
2025-11-26 17:55:22.266614 INFO::Fitting model to feature number 1719, metabat_ERR6279653.9
2025-11-26 17:55:22.290885 INFO::Fitting model to feature number 1720, semibin_ERR6279624.16
2025-11-26 17:55:22.314583 INFO::Fitting model to feature number 1721, semibin_SRR25825512.45
2025-11-26 17:55:22.345353 INFO::Fitting model to feature number 1722, semibin_SRR5930532.161
2025-11-26 17:55:22.372093 INFO::Fitting model to feature number 1723, maxbin_SRR23364204.002_sub
2025-11-26 17:55:22.398416 INFO::Fitting model to feature number 1724, semibin_SRR6000908.30
2025-11-26 17:55:22.421193 INFO::Fitting model to feature number 1725, maxbin_SRR16554764.017
2025-11-26 17:55:22.446306 INFO::Fitting model to feature number 1726, metabat_ERR6279664.26
2025-11-26 17:55:22.469782 INFO::Fitting model to feature number 1727, metabat_ERR6281751.28_sub
2025-11-26 17:55:22.494706 INFO::Fitting model to feature number 1728, metabat_SRR13022254.6
2025-11-26 17:55:22.519009 INFO::Fitting model to feature number 1729, metabat_SRR16554757.24
2025-11-26 17:55:22.542408 INFO::Fitting model to feature number 1730, semibin_SRR13068847.101
2025-11-26 17:55:22.56782 INFO::Fitting model to feature number 1731, metabat_SRR5930511.52
2025-11-26 17:55:22.619397 INFO::Fitting model to feature number 1732, semibin_ERR6232523.5
2025-11-26 17:55:22.64434 INFO::Fitting model to feature number 1733, semibin_ERR12405920.20
2025-11-26 17:55:22.675081 INFO::Fitting model to feature number 1734, semibin_SRR16554754.27
2025-11-26 17:55:22.704224 INFO::Fitting model to feature number 1735, semibin_SRR23364221.0
2025-11-26 17:55:22.726756 INFO::Fitting model to feature number 1736, metabat_SRR25825516.47
2025-11-26 17:55:22.75082 INFO::Fitting model to feature number 1737, maxbin_ERR6282070.005
2025-11-26 17:55:22.773807 INFO::Fitting model to feature number 1738, metabat_SRR16554768.12
2025-11-26 17:55:22.797404 INFO::Fitting model to feature number 1739, semibin_SRR5930506.83
2025-11-26 17:55:22.820899 INFO::Fitting model to feature number 1740, maxbin_ERR6271721.008
2025-11-26 17:55:22.844728 INFO::Fitting model to feature number 1741, maxbin_SRR11413691.014
2025-11-26 17:55:22.868692 INFO::Fitting model to feature number 1742, semibin_SRR16168942.58
2025-11-26 17:55:22.893272 INFO::Fitting model to feature number 1743, metabat_ERR6279666.8
2025-11-26 17:55:22.919608 INFO::Fitting model to feature number 1744, metabat_ERR6279657.34
2025-11-26 17:55:22.948802 INFO::Fitting model to feature number 1745, maxbin_SRR20881988.013
2025-11-26 17:55:22.974096 INFO::Fitting model to feature number 1746, semibin_ERR6279654.27
2025-11-26 17:55:23.000607 INFO::Fitting model to feature number 1747, semibin_SRR16554766.42
2025-11-26 17:55:23.024166 INFO::Fitting model to feature number 1748, metabat_ERR6279646.21
2025-11-26 17:55:23.048962 INFO::Fitting model to feature number 1749, metabat_SRR23364240.26_sub
2025-11-26 17:55:23.072164 INFO::Fitting model to feature number 1750, semibin_ERR6279664.20
2025-11-26 17:55:23.09617 INFO::Fitting model to feature number 1751, maxbin_SRR5930519.003
2025-11-26 17:55:23.124087 INFO::Fitting model to feature number 1752, semibin_SRR13068825.28
2025-11-26 17:55:23.149754 INFO::Fitting model to feature number 1753, semibin_ERR6279622.41
2025-11-26 17:55:23.173727 INFO::Fitting model to feature number 1754, maxbin_SRR5930493.033_sub
2025-11-26 17:55:23.196568 INFO::Fitting model to feature number 1755, semibin_ERR6232686.46
2025-11-26 17:55:23.221211 INFO::Fitting model to feature number 1756, semibin_SRR20881987.31
2025-11-26 17:55:23.244891 INFO::Fitting model to feature number 1757, metabat_ERR6279681.38
2025-11-26 17:55:23.26973 INFO::Fitting model to feature number 1758, metabat_SRR25825499.38
2025-11-26 17:55:23.300857 INFO::Fitting model to feature number 1759, semibin_ERR12405995.2
2025-11-26 17:55:23.347266 INFO::Fitting model to feature number 1760, semibin_ERR6275676.59
2025-11-26 17:55:23.370584 INFO::Fitting model to feature number 1761, semibin_SRR16554664.19
2025-11-26 17:55:23.3953 INFO::Fitting model to feature number 1762, semibin_ERR12405959.85
2025-11-26 17:55:23.418687 INFO::Fitting model to feature number 1763, metabat_ERR6230245.18
2025-11-26 17:55:23.443291 INFO::Fitting model to feature number 1764, semibin_SRR25825505.21
2025-11-26 17:55:23.468108 INFO::Fitting model to feature number 1765, maxbin_ERR12405911.018
2025-11-26 17:55:23.491989 INFO::Fitting model to feature number 1766, maxbin_SRR5930529.023_sub
2025-11-26 17:55:23.516262 INFO::Fitting model to feature number 1767, maxbin_SRR11413686.009_sub
2025-11-26 17:55:23.539769 INFO::Fitting model to feature number 1768, maxbin_SRR11413610.003
2025-11-26 17:55:23.574223 INFO::Fitting model to feature number 1769, semibin_SRR11413692.10_sub
2025-11-26 17:55:23.59958 INFO::Fitting model to feature number 1770, semibin_SRR11413617.99
2025-11-26 17:55:23.624607 INFO::Fitting model to feature number 1771, semibin_SRR5930493.92
2025-11-26 17:55:23.648106 INFO::Fitting model to feature number 1772, semibin_SRR11413606.56
2025-11-26 17:55:23.672585 INFO::Fitting model to feature number 1773, semibin_SRR6000920.93
2025-11-26 17:55:23.696486 INFO::Fitting model to feature number 1774, semibin_ERR6280907.101_sub
2025-11-26 17:55:23.72032 INFO::Fitting model to feature number 1775, metabat_SRR6000902.41_sub
2025-11-26 17:55:23.744568 INFO::Fitting model to feature number 1776, metabat_ERR6281751.21
2025-11-26 17:55:23.768331 INFO::Fitting model to feature number 1777, semibin_ERR12405910.1
2025-11-26 17:55:23.792772 INFO::Fitting model to feature number 1778, maxbin_SRR23364202.013_sub
2025-11-26 17:55:23.817101 INFO::Fitting model to feature number 1779, semibin_ERR6279646.13
2025-11-26 17:55:23.841207 INFO::Fitting model to feature number 1780, maxbin_SRR11413685.021
2025-11-26 17:55:23.866297 INFO::Fitting model to feature number 1781, maxbin_SRR16554767.011
2025-11-26 17:55:23.893647 INFO::Fitting model to feature number 1782, maxbin_SRR5930514.007
2025-11-26 17:55:23.922518 INFO::Fitting model to feature number 1783, semibin_SRR16168941.28
2025-11-26 17:55:23.948632 INFO::Fitting model to feature number 1784, metabat_SRR13068848.27
2025-11-26 17:55:23.974119 INFO::Fitting model to feature number 1785, semibin_SRR25825517.26
2025-11-26 17:55:23.998106 INFO::Fitting model to feature number 1786, semibin_ERR6248618.3
2025-11-26 17:55:24.021591 INFO::Fitting model to feature number 1787, metabat_ERR6275684.14_sub
2025-11-26 17:55:24.0685 INFO::Fitting model to feature number 1788, maxbin_SRR16554672.011_sub
2025-11-26 17:55:24.093346 INFO::Fitting model to feature number 1789, semibin_SRR11413657.198
2025-11-26 17:55:24.116771 INFO::Fitting model to feature number 1790, metabat_ERR6275682.8
2025-11-26 17:55:24.141624 INFO::Fitting model to feature number 1791, semibin_SRR23364175.38
2025-11-26 17:55:24.165423 INFO::Fitting model to feature number 1792, metabat_ERR6232526.6
2025-11-26 17:55:24.189164 INFO::Fitting model to feature number 1793, semibin_ERR6279622.35
2025-11-26 17:55:24.219626 INFO::Fitting model to feature number 1794, maxbin_SRR11413610.006
2025-11-26 17:55:24.244116 INFO::Fitting model to feature number 1795, semibin_SRR16168985.72
2025-11-26 17:55:24.271079 INFO::Fitting model to feature number 1796, maxbin_ERR6279645.022_sub
2025-11-26 17:55:24.294283 INFO::Fitting model to feature number 1797, semibin_SRR8387683.30
2025-11-26 17:55:24.319349 INFO::Fitting model to feature number 1798, metabat_ERR6275676.44
2025-11-26 17:55:24.342359 INFO::Fitting model to feature number 1799, metabat_SRR16168974.10
2025-11-26 17:55:24.367444 INFO::Fitting model to feature number 1800, maxbin_SRR5930505.044_sub
2025-11-26 17:55:24.392749 INFO::Fitting model to feature number 1801, semibin_ERR6275677.28
2025-11-26 17:55:24.416025 INFO::Fitting model to feature number 1802, semibin_SRR16554786.15
2025-11-26 17:55:24.440574 INFO::Fitting model to feature number 1803, maxbin_SRR25825517.009_sub
2025-11-26 17:55:24.463692 INFO::Fitting model to feature number 1804, semibin_ERR6275683.32
2025-11-26 17:55:24.488084 INFO::Fitting model to feature number 1805, semibin_SRR25825513.19
2025-11-26 17:55:24.515277 INFO::Fitting model to feature number 1806, semibin_ERR12405947.70
2025-11-26 17:55:24.542571 INFO::Fitting model to feature number 1807, semibin_SRR16554774.25
2025-11-26 17:55:24.57023 INFO::Fitting model to feature number 1808, metabat_ERR6280907.75
2025-11-26 17:55:24.593235 INFO::Fitting model to feature number 1809, metabat_ERR6243879.9
2025-11-26 17:55:24.618064 INFO::Fitting model to feature number 1810, metabat_SRR11413687.66
2025-11-26 17:55:24.641686 INFO::Fitting model to feature number 1811, metabat_SRR5930514.5
2025-11-26 17:55:24.668839 INFO::Fitting model to feature number 1812, metabat_SRR25825512.9
2025-11-26 17:55:24.692729 INFO::Fitting model to feature number 1813, metabat_SRR6000895.38
2025-11-26 17:55:24.715902 INFO::Fitting model to feature number 1814, semibin_SRR13068829.111
2025-11-26 17:55:24.740045 INFO::Fitting model to feature number 1815, metabat_ERR6281518.30
2025-11-26 17:55:24.785916 INFO::Fitting model to feature number 1816, metabat_ERR6271721.73
2025-11-26 17:55:24.812481 INFO::Fitting model to feature number 1817, semibin_ERR6232526.0_sub
2025-11-26 17:55:24.841653 INFO::Fitting model to feature number 1818, semibin_SRR11413618.30
2025-11-26 17:55:24.871145 INFO::Fitting model to feature number 1819, metabat_SRR16554653.5
2025-11-26 17:55:24.896629 INFO::Fitting model to feature number 1820, maxbin_SRR11413619.022_sub
2025-11-26 17:55:24.921978 INFO::Fitting model to feature number 1821, semibin_ERR6279667.1
2025-11-26 17:55:24.945147 INFO::Fitting model to feature number 1822, metabat_SRR5930528.91
2025-11-26 17:55:24.969705 INFO::Fitting model to feature number 1823, metabat_SRR16168920.14
2025-11-26 17:55:24.99615 INFO::Fitting model to feature number 1824, semibin_SRR11413610.57_sub
2025-11-26 17:55:25.020613 INFO::Fitting model to feature number 1825, maxbin_SRR16554740.006
2025-11-26 17:55:25.043676 INFO::Fitting model to feature number 1826, semibin_ERR6232382.15
2025-11-26 17:55:25.06776 INFO::Fitting model to feature number 1827, metabat_ERR6281433.22
2025-11-26 17:55:25.091014 INFO::Fitting model to feature number 1828, metabat_ERR6279645.3
2025-11-26 17:55:25.114255 INFO::Fitting model to feature number 1829, semibin_SRR25825494.37
2025-11-26 17:55:25.146681 INFO::Fitting model to feature number 1830, metabat_SRR25825521.14
2025-11-26 17:55:25.176019 INFO::Fitting model to feature number 1831, metabat_ERR6239139.39
2025-11-26 17:55:25.200419 INFO::Fitting model to feature number 1832, semibin_SRR11413678.34
2025-11-26 17:55:25.223901 INFO::Fitting model to feature number 1833, semibin_ERR6275674.90
2025-11-26 17:55:25.2472 INFO::Fitting model to feature number 1834, semibin_ERR12405934.44_sub
2025-11-26 17:55:25.270005 INFO::Fitting model to feature number 1835, metabat_SRR16554760.5
2025-11-26 17:55:25.293171 INFO::Fitting model to feature number 1836, metabat_SRR5930532.23_sub
2025-11-26 17:55:25.317717 INFO::Fitting model to feature number 1837, semibin_ERR6281941.44
2025-11-26 17:55:25.340395 INFO::Fitting model to feature number 1838, semibin_SRR13068835.5
2025-11-26 17:55:25.364474 INFO::Fitting model to feature number 1839, semibin_SRR6000903.20
2025-11-26 17:55:25.387709 INFO::Fitting model to feature number 1840, semibin_SRR11413649.35
2025-11-26 17:55:25.410859 INFO::Fitting model to feature number 1841, semibin_ERR6229432.26
2025-11-26 17:55:25.43465 INFO::Fitting model to feature number 1842, metabat_ERR12405998.59
2025-11-26 17:55:25.460863 INFO::Fitting model to feature number 1843, metabat_SRR11413613.27
2025-11-26 17:55:25.51016 INFO::Fitting model to feature number 1844, semibin_ERR6264281.82
2025-11-26 17:55:25.538373 INFO::Fitting model to feature number 1845, semibin_ERR6281658.88
2025-11-26 17:55:25.562137 INFO::Fitting model to feature number 1846, semibin_ERR6279654.35
2025-11-26 17:55:25.586415 INFO::Fitting model to feature number 1847, semibin_ERR6281434.93
2025-11-26 17:55:25.610385 INFO::Fitting model to feature number 1848, semibin_SRR5930499.22_sub
2025-11-26 17:55:25.633474 INFO::Fitting model to feature number 1849, maxbin_SRR11413612.039_sub
2025-11-26 17:55:25.657526 INFO::Fitting model to feature number 1850, semibin_SRR13022319.12
2025-11-26 17:55:25.680649 INFO::Fitting model to feature number 1851, semibin_SRR11413608.95
2025-11-26 17:55:25.704558 INFO::Fitting model to feature number 1852, semibin_SRR11413687.106_sub
2025-11-26 17:55:25.728123 INFO::Fitting model to feature number 1853, maxbin_SRR13022272.005
2025-11-26 17:55:25.753014 INFO::Fitting model to feature number 1854, semibin_SRR13068851.36
2025-11-26 17:55:25.78048 INFO::Fitting model to feature number 1855, semibin_SRR20881988.10
2025-11-26 17:55:25.806377 INFO::Fitting model to feature number 1856, metabat_SRR5930534.34
2025-11-26 17:55:25.832385 INFO::Fitting model to feature number 1857, semibin_ERR6232528.31
2025-11-26 17:55:25.855622 INFO::Fitting model to feature number 1858, maxbin_SRR5930519.014
2025-11-26 17:55:25.880452 INFO::Fitting model to feature number 1859, semibin_ERR6279644.33_sub
2025-11-26 17:55:25.903287 INFO::Fitting model to feature number 1860, semibin_SRR11413678.104
2025-11-26 17:55:25.927198 INFO::Fitting model to feature number 1861, semibin_SRR5930504.132
2025-11-26 17:55:25.950291 INFO::Fitting model to feature number 1862, semibin_SRR25825511.32_sub
2025-11-26 17:55:25.974408 INFO::Fitting model to feature number 1863, metabat_ERR6281677.10_sub
2025-11-26 17:55:25.997995 INFO::Fitting model to feature number 1864, semibin_SRR8387683.84
2025-11-26 17:55:26.021601 INFO::Fitting model to feature number 1865, metabat_ERR6282298.15
2025-11-26 17:55:26.045826 INFO::Fitting model to feature number 1866, maxbin_SRR16554628.012
2025-11-26 17:55:26.06903 INFO::Fitting model to feature number 1867, semibin_SRR25825500.21
2025-11-26 17:55:26.099277 INFO::Fitting model to feature number 1868, metabat_ERR12406006.41
2025-11-26 17:55:26.122862 INFO::Fitting model to feature number 1869, metabat_SRR5930512.20
2025-11-26 17:55:26.151411 INFO::Fitting model to feature number 1870, semibin_SRR5930533.64
2025-11-26 17:55:26.174818 INFO::Fitting model to feature number 1871, maxbin_SRR25825514.001_sub
2025-11-26 17:55:26.221653 INFO::Fitting model to feature number 1872, metabat_ERR12405982.7
2025-11-26 17:55:26.246155 INFO::Fitting model to feature number 1873, metabat_ERR12406002.23
2025-11-26 17:55:26.27057 INFO::Fitting model to feature number 1874, maxbin_SRR13068847.041_sub
2025-11-26 17:55:26.293949 INFO::Fitting model to feature number 1875, semibin_ERR12405912.39_sub
2025-11-26 17:55:26.318598 INFO::Fitting model to feature number 1876, maxbin_SRR16554633.004_sub
2025-11-26 17:55:26.342578 INFO::Fitting model to feature number 1877, maxbin_SRR11413613.018
2025-11-26 17:55:26.366966 INFO::Fitting model to feature number 1878, metabat_SRR16554632.45
2025-11-26 17:55:26.394637 INFO::Fitting model to feature number 1879, semibin_ERR6275675.25
2025-11-26 17:55:26.421492 INFO::Fitting model to feature number 1880, semibin_SRR5930503.63
2025-11-26 17:55:26.447367 INFO::Fitting model to feature number 1881, metabat_SRR16554652.40
2025-11-26 17:55:26.47151 INFO::Fitting model to feature number 1882, maxbin_SRR16554628.020
2025-11-26 17:55:26.495988 INFO::Fitting model to feature number 1883, semibin_ERR6279626.23
2025-11-26 17:55:26.519134 INFO::Fitting model to feature number 1884, metabat_ERR6243878.17
2025-11-26 17:55:26.543678 INFO::Fitting model to feature number 1885, metabat_SRR25825517.39
2025-11-26 17:55:26.566163 INFO::Fitting model to feature number 1886, semibin_ERR6281344.94_sub
2025-11-26 17:55:26.590667 INFO::Fitting model to feature number 1887, metabat_ERR12406002.26
2025-11-26 17:55:26.613781 INFO::Fitting model to feature number 1888, semibin_ERR6279654.44_sub
2025-11-26 17:55:26.637321 INFO::Fitting model to feature number 1889, maxbin_ERR12405998.001_sub
2025-11-26 17:55:26.661023 INFO::Fitting model to feature number 1890, maxbin_ERR6279649.011
2025-11-26 17:55:26.684051 INFO::Fitting model to feature number 1891, maxbin_SRR23364192.019
2025-11-26 17:55:26.714481 INFO::Fitting model to feature number 1892, maxbin_ERR6275673.009_sub
2025-11-26 17:55:26.738774 INFO::Fitting model to feature number 1893, semibin_ERR6275678.4
2025-11-26 17:55:26.763937 INFO::Fitting model to feature number 1894, metabat_SRR13068843.58_sub
2025-11-26 17:55:26.786797 INFO::Fitting model to feature number 1895, maxbin_ERR6275652.031_sub
2025-11-26 17:55:26.810694 INFO::Fitting model to feature number 1896, maxbin_ERR6275667.036
2025-11-26 17:55:26.833868 INFO::Fitting model to feature number 1897, metabat_SRR20881983.56
2025-11-26 17:55:26.857913 INFO::Fitting model to feature number 1898, semibin_SRR23364178.53_sub
2025-11-26 17:55:26.881202 INFO::Fitting model to feature number 1899, semibin_SRR25825519.39
2025-11-26 17:55:26.926591 INFO::Fitting model to feature number 1900, metabat_SRR16554775.6_sub
2025-11-26 17:55:26.949902 INFO::Fitting model to feature number 1901, semibin_ERR6279656.41
2025-11-26 17:55:26.974272 INFO::Fitting model to feature number 1902, metabat_ERR6275668.25_sub
2025-11-26 17:55:26.997285 INFO::Fitting model to feature number 1903, metabat_SRR16554769.19
2025-11-26 17:55:27.028093 INFO::Fitting model to feature number 1904, semibin_SRR13022450.11
2025-11-26 17:55:27.051213 INFO::Fitting model to feature number 1905, semibin_SRR20881988.34
2025-11-26 17:55:27.078238 INFO::Fitting model to feature number 1906, metabat_SRR25825503.64
2025-11-26 17:55:27.10079 INFO::Fitting model to feature number 1907, maxbin_ERR12405968.007_sub
2025-11-26 17:55:27.124934 INFO::Fitting model to feature number 1908, semibin_SRR16168940.33
2025-11-26 17:55:27.147869 INFO::Fitting model to feature number 1909, maxbin_SRR5930494.003
2025-11-26 17:55:27.171742 INFO::Fitting model to feature number 1910, semibin_ERR12405974.45
2025-11-26 17:55:27.195126 INFO::Fitting model to feature number 1911, semibin_SRR5930504.107
2025-11-26 17:55:27.218415 INFO::Fitting model to feature number 1912, maxbin_SRR11413652.007
2025-11-26 17:55:27.242356 INFO::Fitting model to feature number 1913, metabat_SRR11413655.33
2025-11-26 17:55:27.265368 INFO::Fitting model to feature number 1914, semibin_SRR20881986.23
2025-11-26 17:55:27.289672 INFO::Fitting model to feature number 1915, metabat_SRR16554763.9
2025-11-26 17:55:27.312033 INFO::Fitting model to feature number 1916, metabat_ERR6279676.21
2025-11-26 17:55:27.342681 INFO::Fitting model to feature number 1917, metabat_ERR6279657.74
2025-11-26 17:55:27.370087 INFO::Fitting model to feature number 1918, metabat_ERR6279654.2
2025-11-26 17:55:27.394836 INFO::Fitting model to feature number 1919, maxbin_ERR12405972.019
2025-11-26 17:55:27.417686 INFO::Fitting model to feature number 1920, semibin_SRR16554632.31_sub
2025-11-26 17:55:27.441902 INFO::Fitting model to feature number 1921, maxbin_SRR6000909.001_sub
2025-11-26 17:55:27.464546 INFO::Fitting model to feature number 1922, semibin_ERR6279615.16
2025-11-26 17:55:27.488054 INFO::Fitting model to feature number 1923, metabat_SRR5930501.64
2025-11-26 17:55:27.511619 INFO::Fitting model to feature number 1924, metabat_SRR5930514.24_sub
2025-11-26 17:55:27.534755 INFO::Fitting model to feature number 1925, metabat_SRR16554785.21
2025-11-26 17:55:27.558516 INFO::Fitting model to feature number 1926, semibin_SRR11413678.73
2025-11-26 17:55:27.581377 INFO::Fitting model to feature number 1927, semibin_ERR12405952.9
2025-11-26 17:55:27.626883 INFO::Fitting model to feature number 1928, semibin_SRR23364231.4
2025-11-26 17:55:27.657286 INFO::Fitting model to feature number 1929, maxbin_SRR5930499.004
2025-11-26 17:55:27.68104 INFO::Fitting model to feature number 1930, semibin_ERR6281942.101
2025-11-26 17:55:27.708108 INFO::Fitting model to feature number 1931, semibin_SRR16554628.46_sub
2025-11-26 17:55:27.731074 INFO::Fitting model to feature number 1932, metabat_ERR6279626.59
2025-11-26 17:55:27.753953 INFO::Fitting model to feature number 1933, maxbin_ERR6280910.013
2025-11-26 17:55:27.777253 INFO::Fitting model to feature number 1934, maxbin_ERR6257997.012
2025-11-26 17:55:27.800376 INFO::Fitting model to feature number 1935, semibin_SRR5930532.72
2025-11-26 17:55:27.823739 INFO::Fitting model to feature number 1936, semibin_SRR6000901.54
2025-11-26 17:55:27.846085 INFO::Fitting model to feature number 1937, metabat_ERR6279644.24_sub
2025-11-26 17:55:27.870177 INFO::Fitting model to feature number 1938, semibin_SRR5930529.59
2025-11-26 17:55:27.892762 INFO::Fitting model to feature number 1939, maxbin_SRR16554777.015
2025-11-26 17:55:27.916354 INFO::Fitting model to feature number 1940, maxbin_ERR6275676.002_sub
2025-11-26 17:55:27.943713 INFO::Fitting model to feature number 1941, metabat_SRR6000932.51
2025-11-26 17:55:27.969172 INFO::Fitting model to feature number 1942, metabat_SRR11413645.47
2025-11-26 17:55:27.99678 INFO::Fitting model to feature number 1943, semibin_SRR11413606.65
2025-11-26 17:55:28.020264 INFO::Fitting model to feature number 1944, maxbin_SRR16554681.010
2025-11-26 17:55:28.045095 INFO::Fitting model to feature number 1945, semibin_SRR5930504.145
2025-11-26 17:55:28.067693 INFO::Fitting model to feature number 1946, metabat_SRR25825506.48
2025-11-26 17:55:28.091866 INFO::Fitting model to feature number 1947, metabat_ERR6281518.38
2025-11-26 17:55:28.115281 INFO::Fitting model to feature number 1948, metabat_SRR5930532.8_sub
2025-11-26 17:55:28.139005 INFO::Fitting model to feature number 1949, maxbin_ERR12405999.007
2025-11-26 17:55:28.16265 INFO::Fitting model to feature number 1950, metabat_SRR20881974.56
2025-11-26 17:55:28.186063 INFO::Fitting model to feature number 1951, metabat_ERR6275668.37
2025-11-26 17:55:28.209835 INFO::Fitting model to feature number 1952, metabat_ERR6279657.79
2025-11-26 17:55:28.232856 INFO::Fitting model to feature number 1953, metabat_ERR6280948.10
2025-11-26 17:55:28.266467 INFO::Fitting model to feature number 1954, metabat_ERR6232458.8
2025-11-26 17:55:28.31458 INFO::Fitting model to feature number 1955, semibin_SRR13068825.75
2025-11-26 17:55:28.339903 INFO::Fitting model to feature number 1956, metabat_SRR25825517.32
2025-11-26 17:55:28.363258 INFO::Fitting model to feature number 1957, maxbin_SRR25825521.011
2025-11-26 17:55:28.387385 INFO::Fitting model to feature number 1958, maxbin_SRR8387710.003
2025-11-26 17:55:28.411057 INFO::Fitting model to feature number 1959, maxbin_ERR12405994.023
2025-11-26 17:55:28.435298 INFO::Fitting model to feature number 1960, metabat_SRR11413689.9
2025-11-26 17:55:28.458734 INFO::Fitting model to feature number 1961, semibin_SRR16168943.41
2025-11-26 17:55:28.483312 INFO::Fitting model to feature number 1962, metabat_SRR16554658.17
2025-11-26 17:55:28.506911 INFO::Fitting model to feature number 1963, maxbin_ERR6275682.011
2025-11-26 17:55:28.530392 INFO::Fitting model to feature number 1964, metabat_ERR12405939.20
2025-11-26 17:55:28.558383 INFO::Fitting model to feature number 1965, semibin_SRR25825515.31
2025-11-26 17:55:28.584189 INFO::Fitting model to feature number 1966, maxbin_SRR8387712.001
2025-11-26 17:55:28.610015 INFO::Fitting model to feature number 1967, metabat_SRR16554727.13_sub
2025-11-26 17:55:28.633414 INFO::Fitting model to feature number 1968, semibin_ERR6275668.126
2025-11-26 17:55:28.657117 INFO::Fitting model to feature number 1969, metabat_SRR16554657.23
2025-11-26 17:55:28.681281 INFO::Fitting model to feature number 1970, metabat_SRR16554727.4
2025-11-26 17:55:28.705409 INFO::Fitting model to feature number 1971, semibin_ERR6279661.82
2025-11-26 17:55:28.729434 INFO::Fitting model to feature number 1972, metabat_SRR23364197.91
2025-11-26 17:55:28.753596 INFO::Fitting model to feature number 1973, semibin_ERR6275674.45_sub
2025-11-26 17:55:28.776675 INFO::Fitting model to feature number 1974, semibin_ERR6230326.4
2025-11-26 17:55:28.801126 INFO::Fitting model to feature number 1975, metabat_SRR6000932.13
2025-11-26 17:55:28.824565 INFO::Fitting model to feature number 1976, metabat_SRR16554767.15
2025-11-26 17:55:28.84791 INFO::Fitting model to feature number 1977, semibin_SRR5930512.37
2025-11-26 17:55:28.885927 INFO::Fitting model to feature number 1978, metabat_SRR5930501.19_sub
2025-11-26 17:55:28.910639 INFO::Fitting model to feature number 1979, semibin_ERR6235716.28_sub
2025-11-26 17:55:28.935424 INFO::Fitting model to feature number 1980, maxbin_ERR6279674.007_sub
2025-11-26 17:55:28.958673 INFO::Fitting model to feature number 1981, semibin_SRR6000892.94
2025-11-26 17:55:28.982862 INFO::Fitting model to feature number 1982, maxbin_SRR6000908.002
2025-11-26 17:55:29.027095 INFO::Fitting model to feature number 1983, semibin_ERR6231616.37
2025-11-26 17:55:29.052079 INFO::Fitting model to feature number 1984, maxbin_SRR5930534.026_sub
2025-11-26 17:55:29.076257 INFO::Fitting model to feature number 1985, semibin_ERR12406004.1
2025-11-26 17:55:29.100566 INFO::Fitting model to feature number 1986, maxbin_SRR16554671.015_sub
2025-11-26 17:55:29.124402 INFO::Fitting model to feature number 1987, metabat_SRR11413678.18
2025-11-26 17:55:29.148984 INFO::Fitting model to feature number 1988, semibin_SRR11413649.100
2025-11-26 17:55:29.171883 INFO::Fitting model to feature number 1989, metabat_SRR20881981.21_sub
2025-11-26 17:55:29.208213 INFO::Fitting model to feature number 1990, metabat_SRR5930504.26
2025-11-26 17:55:29.233452 INFO::Fitting model to feature number 1991, maxbin_SRR11413691.013
2025-11-26 17:55:29.256924 INFO::Fitting model to feature number 1992, semibin_SRR23364187.70
2025-11-26 17:55:29.280665 INFO::Fitting model to feature number 1993, metabat_ERR6279677.10
2025-11-26 17:55:29.303766 INFO::Fitting model to feature number 1994, semibin_ERR6275661.92
2025-11-26 17:55:29.327107 INFO::Fitting model to feature number 1995, maxbin_SRR11413620.008
2025-11-26 17:55:29.350615 INFO::Fitting model to feature number 1996, metabat_SRR23364201.31
2025-11-26 17:55:29.374507 INFO::Fitting model to feature number 1997, semibin_ERR6279625.36
2025-11-26 17:55:29.397896 INFO::Fitting model to feature number 1998, metabat_ERR12405952.30
2025-11-26 17:55:29.422051 INFO::Fitting model to feature number 1999, metabat_SRR13068834.43_sub
2025-11-26 17:55:29.445002 INFO::Fitting model to feature number 2000, semibin_SRR16554734.17
2025-11-26 17:55:29.47698 INFO::Fitting model to feature number 2001, semibin_SRR5930527.100
2025-11-26 17:55:29.502822 INFO::Fitting model to feature number 2002, semibin_SRR23364199.39
2025-11-26 17:55:29.527677 INFO::Fitting model to feature number 2003, metabat_ERR6271721.74_sub
2025-11-26 17:55:29.551177 INFO::Fitting model to feature number 2004, semibin_ERR12406006.72
2025-11-26 17:55:29.575591 INFO::Fitting model to feature number 2005, metabat_ERR6232526.13
2025-11-26 17:55:29.598706 INFO::Fitting model to feature number 2006, semibin_SRR6000931.54
2025-11-26 17:55:29.622542 INFO::Fitting model to feature number 2007, metabat_SRR16168938.20_sub
2025-11-26 17:55:29.646069 INFO::Fitting model to feature number 2008, metabat_ERR6279622.67
2025-11-26 17:55:29.669495 INFO::Fitting model to feature number 2009, metabat_SRR25825498.29
2025-11-26 17:55:29.693641 INFO::Fitting model to feature number 2010, semibin_SRR5930517.10
2025-11-26 17:55:29.738084 INFO::Fitting model to feature number 2011, semibin_SRR13068815.96
2025-11-26 17:55:29.762001 INFO::Fitting model to feature number 2012, maxbin_ERR12405955.019
2025-11-26 17:55:29.801692 INFO::Fitting model to feature number 2013, maxbin_ERR6275671.007_sub
2025-11-26 17:55:29.826217 INFO::Fitting model to feature number 2014, semibin_SRR5930506.177_sub
2025-11-26 17:55:29.85469 INFO::Fitting model to feature number 2015, semibin_SRR11413610.21
2025-11-26 17:55:29.880208 INFO::Fitting model to feature number 2016, metabat_SRR13068840.32_sub
2025-11-26 17:55:29.903479 INFO::Fitting model to feature number 2017, semibin_ERR6281997.48_sub
2025-11-26 17:55:29.927339 INFO::Fitting model to feature number 2018, semibin_ERR6279666.26
2025-11-26 17:55:29.950243 INFO::Fitting model to feature number 2019, maxbin_SRR16554772.010
2025-11-26 17:55:29.973877 INFO::Fitting model to feature number 2020, semibin_SRR11413692.14
2025-11-26 17:55:29.996975 INFO::Fitting model to feature number 2021, metabat_SRR20881987.26
2025-11-26 17:55:30.021038 INFO::Fitting model to feature number 2022, maxbin_SRR11413617.006
2025-11-26 17:55:30.043655 INFO::Fitting model to feature number 2023, semibin_SRR25825500.44
2025-11-26 17:55:30.067713 INFO::Fitting model to feature number 2024, semibin_SRR13068834.35
2025-11-26 17:55:30.094229 INFO::Fitting model to feature number 2025, metabat_SRR25825515.33
2025-11-26 17:55:30.124208 INFO::Fitting model to feature number 2026, metabat_SRR16554744.18
2025-11-26 17:55:30.148993 INFO::Fitting model to feature number 2027, maxbin_SRR16168986.030_sub
2025-11-26 17:55:30.173703 INFO::Fitting model to feature number 2028, semibin_SRR16554644.4
2025-11-26 17:55:30.196495 INFO::Fitting model to feature number 2029, maxbin_SRR25825516.012
2025-11-26 17:55:30.22088 INFO::Fitting model to feature number 2030, metabat_ERR6275674.73
2025-11-26 17:55:30.243909 INFO::Fitting model to feature number 2031, maxbin_SRR23364230.017
2025-11-26 17:55:30.267842 INFO::Fitting model to feature number 2032, semibin_ERR6275675.85
2025-11-26 17:55:30.291594 INFO::Fitting model to feature number 2033, maxbin_ERR6280910.012
2025-11-26 17:55:30.314559 INFO::Fitting model to feature number 2034, metabat_ERR6279679.3
2025-11-26 17:55:30.339147 INFO::Fitting model to feature number 2035, metabat_ERR12406012.50_sub
2025-11-26 17:55:30.362514 INFO::Fitting model to feature number 2036, maxbin_SRR11413614.004
2025-11-26 17:55:30.387429 INFO::Fitting model to feature number 2037, metabat_SRR6000921.8
2025-11-26 17:55:30.410602 INFO::Fitting model to feature number 2038, metabat_SRR16554704.6
2025-11-26 17:55:30.465177 INFO::Fitting model to feature number 2039, metabat_SRR11413610.30
2025-11-26 17:55:30.493607 INFO::Fitting model to feature number 2040, maxbin_SRR13022258.012_sub
2025-11-26 17:55:30.51796 INFO::Fitting model to feature number 2041, semibin_ERR12406004.23
2025-11-26 17:55:30.541309 INFO::Fitting model to feature number 2042, maxbin_ERR12406000.009_sub
2025-11-26 17:55:30.565296 INFO::Fitting model to feature number 2043, metabat_ERR6279651.12
2025-11-26 17:55:30.588505 INFO::Fitting model to feature number 2044, metabat_SRR16554652.47
2025-11-26 17:55:30.612167 INFO::Fitting model to feature number 2045, metabat_SRR5930498.113
2025-11-26 17:55:30.634965 INFO::Fitting model to feature number 2046, metabat_ERR6282137.16
2025-11-26 17:55:30.659023 INFO::Fitting model to feature number 2047, metabat_ERR12405928.39
2025-11-26 17:55:30.681661 INFO::Fitting model to feature number 2048, maxbin_SRR16554643.001
2025-11-26 17:55:30.705581 INFO::Fitting model to feature number 2049, metabat_SRR11413614.4
2025-11-26 17:55:30.728632 INFO::Fitting model to feature number 2050, metabat_ERR6275672.27
2025-11-26 17:55:30.758869 INFO::Fitting model to feature number 2051, maxbin_SRR5930530.047
2025-11-26 17:55:30.787845 INFO::Fitting model to feature number 2052, semibin_ERR6275652.38
2025-11-26 17:55:30.811823 INFO::Fitting model to feature number 2053, maxbin_SRR16554723.009
2025-11-26 17:55:30.835697 INFO::Fitting model to feature number 2054, maxbin_SRR20881983.049_sub
2025-11-26 17:55:30.859501 INFO::Fitting model to feature number 2055, semibin_SRR16554636.22
2025-11-26 17:55:30.883042 INFO::Fitting model to feature number 2056, semibin_SRR6000893.52
2025-11-26 17:55:30.905675 INFO::Fitting model to feature number 2057, metabat_SRR25825496.4_sub
2025-11-26 17:55:30.929027 INFO::Fitting model to feature number 2058, semibin_ERR6279624.28
2025-11-26 17:55:30.952169 INFO::Fitting model to feature number 2059, metabat_ERR6275652.11
2025-11-26 17:55:30.976109 INFO::Fitting model to feature number 2060, semibin_ERR6233692.8_sub
2025-11-26 17:55:30.999314 INFO::Fitting model to feature number 2061, maxbin_ERR12406013.003
2025-11-26 17:55:31.023187 INFO::Fitting model to feature number 2062, metabat_ERR6281518.82_sub
2025-11-26 17:55:31.050211 INFO::Fitting model to feature number 2063, metabat_SRR16168984.63
2025-11-26 17:55:31.077165 INFO::Fitting model to feature number 2064, semibin_ERR6275680.83
2025-11-26 17:55:31.105232 INFO::Fitting model to feature number 2065, semibin_ERR12405992.13
2025-11-26 17:55:31.129133 INFO::Fitting model to feature number 2066, semibin_SRR13068829.28_sub
2025-11-26 17:55:31.178883 INFO::Fitting model to feature number 2067, semibin_ERR6233695.130
2025-11-26 17:55:31.20314 INFO::Fitting model to feature number 2068, metabat_ERR12405949.30_sub
2025-11-26 17:55:31.227104 INFO::Fitting model to feature number 2069, metabat_ERR12405959.36
2025-11-26 17:55:31.251362 INFO::Fitting model to feature number 2070, semibin_SRR11413652.68
2025-11-26 17:55:31.274876 INFO::Fitting model to feature number 2071, semibin_SRR5930515.39_sub
2025-11-26 17:55:31.299462 INFO::Fitting model to feature number 2072, metabat_ERR6275652.42_sub
2025-11-26 17:55:31.321806 INFO::Fitting model to feature number 2073, semibin_SRR16168918.72
2025-11-26 17:55:31.345425 INFO::Fitting model to feature number 2074, metabat_ERR12405955.18
2025-11-26 17:55:31.373239 INFO::Fitting model to feature number 2075, maxbin_SRR5930532.015
2025-11-26 17:55:31.398491 INFO::Fitting model to feature number 2076, metabat_SRR11413681.52
2025-11-26 17:55:31.422864 INFO::Fitting model to feature number 2077, semibin_SRR16554667.24
2025-11-26 17:55:31.448091 INFO::Fitting model to feature number 2078, semibin_SRR25825501.29
2025-11-26 17:55:31.470586 INFO::Fitting model to feature number 2079, metabat_ERR6279681.37
2025-11-26 17:55:31.495234 INFO::Fitting model to feature number 2080, metabat_ERR12405998.10
2025-11-26 17:55:31.518149 INFO::Fitting model to feature number 2081, metabat_SRR16554766.12
2025-11-26 17:55:31.542691 INFO::Fitting model to feature number 2082, semibin_ERR6281677.14
2025-11-26 17:55:31.566233 INFO::Fitting model to feature number 2083, semibin_SRR11413687.8
2025-11-26 17:55:31.590094 INFO::Fitting model to feature number 2084, metabat_SRR6000895.39
2025-11-26 17:55:31.613513 INFO::Fitting model to feature number 2085, metabat_SRR11413647.22
2025-11-26 17:55:31.636419 INFO::Fitting model to feature number 2086, metabat_ERR12405920.28
2025-11-26 17:55:31.660301 INFO::Fitting model to feature number 2087, metabat_ERR6279624.6_sub
2025-11-26 17:55:31.683004 INFO::Fitting model to feature number 2088, maxbin_ERR6281942.014
2025-11-26 17:55:31.719103 INFO::Fitting model to feature number 2089, semibin_SRR11413647.24_sub
2025-11-26 17:55:31.743203 INFO::Fitting model to feature number 2090, metabat_SRR16554777.35
2025-11-26 17:55:31.769935 INFO::Fitting model to feature number 2091, semibin_ERR6275683.2
2025-11-26 17:55:31.792979 INFO::Fitting model to feature number 2092, metabat_ERR12405998.47
2025-11-26 17:55:31.817033 INFO::Fitting model to feature number 2093, semibin_SRR6000949.57
2025-11-26 17:55:31.839975 INFO::Fitting model to feature number 2094, semibin_ERR6275652.61
2025-11-26 17:55:31.88514 INFO::Fitting model to feature number 2095, maxbin_SRR5930506.009
2025-11-26 17:55:31.90916 INFO::Fitting model to feature number 2096, semibin_ERR12405971.25
2025-11-26 17:55:31.933322 INFO::Fitting model to feature number 2097, semibin_SRR5930497.45
2025-11-26 17:55:31.956431 INFO::Fitting model to feature number 2098, maxbin_ERR6279649.012
2025-11-26 17:55:31.980369 INFO::Fitting model to feature number 2099, semibin_SRR11413613.5
2025-11-26 17:55:32.003527 INFO::Fitting model to feature number 2100, maxbin_SRR16554777.012
2025-11-26 17:55:32.039788 INFO::Fitting model to feature number 2101, semibin_SRR11413608.7
2025-11-26 17:55:32.062922 INFO::Fitting model to feature number 2102, semibin_ERR6279628.40
2025-11-26 17:55:32.089164 INFO::Fitting model to feature number 2103, semibin_SRR16168940.0
2025-11-26 17:55:32.112243 INFO::Fitting model to feature number 2104, semibin_SRR23364197.17_sub
2025-11-26 17:55:32.136902 INFO::Fitting model to feature number 2105, metabat_ERR12405972.5
2025-11-26 17:55:32.159981 INFO::Fitting model to feature number 2106, metabat_ERR6279625.1
2025-11-26 17:55:32.184484 INFO::Fitting model to feature number 2107, metabat_ERR6279663.11
2025-11-26 17:55:32.207151 INFO::Fitting model to feature number 2108, semibin_ERR6279656.6
2025-11-26 17:55:32.231423 INFO::Fitting model to feature number 2109, semibin_SRR16554650.49
2025-11-26 17:55:32.255587 INFO::Fitting model to feature number 2110, maxbin_SRR25825499.078
2025-11-26 17:55:32.27877 INFO::Fitting model to feature number 2111, semibin_SRR11413619.40
2025-11-26 17:55:32.302365 INFO::Fitting model to feature number 2112, metabat_SRR5930522.11
2025-11-26 17:55:32.325418 INFO::Fitting model to feature number 2113, semibin_SRR6000890.9
2025-11-26 17:55:32.35366 INFO::Fitting model to feature number 2114, semibin_SRR16554674.4
2025-11-26 17:55:32.378567 INFO::Fitting model to feature number 2115, semibin_SRR13068843.38
2025-11-26 17:55:32.40411 INFO::Fitting model to feature number 2116, semibin_ERR6279622.2
2025-11-26 17:55:32.427782 INFO::Fitting model to feature number 2117, semibin_SRR23364202.9
2025-11-26 17:55:32.4516 INFO::Fitting model to feature number 2118, maxbin_ERR6232521.007
2025-11-26 17:55:32.474695 INFO::Fitting model to feature number 2119, semibin_SRR11413690.24
2025-11-26 17:55:32.498461 INFO::Fitting model to feature number 2120, semibin_ERR6232528.6
2025-11-26 17:55:32.520957 INFO::Fitting model to feature number 2121, metabat_SRR16554753.15
2025-11-26 17:55:32.544806 INFO::Fitting model to feature number 2122, semibin_ERR6233695.63_sub
2025-11-26 17:55:32.589889 INFO::Fitting model to feature number 2123, semibin_ERR12405947.16
2025-11-26 17:55:32.613029 INFO::Fitting model to feature number 2124, metabat_SRR16554632.31
2025-11-26 17:55:32.638654 INFO::Fitting model to feature number 2125, semibin_SRR25825510.79
2025-11-26 17:55:32.661452 INFO::Fitting model to feature number 2126, metabat_ERR6231475.10_sub
2025-11-26 17:55:32.692713 INFO::Fitting model to feature number 2127, metabat_ERR6279619.6
2025-11-26 17:55:32.717202 INFO::Fitting model to feature number 2128, maxbin_SRR5930504.019
2025-11-26 17:55:32.741442 INFO::Fitting model to feature number 2129, metabat_ERR6279644.22
2025-11-26 17:55:32.764122 INFO::Fitting model to feature number 2130, semibin_SRR16554760.16
2025-11-26 17:55:32.788363 INFO::Fitting model to feature number 2131, semibin_ERR6229432.28_sub
2025-11-26 17:55:32.810971 INFO::Fitting model to feature number 2132, semibin_SRR11413689.105
2025-11-26 17:55:32.834878 INFO::Fitting model to feature number 2133, metabat_SRR20881978.32
2025-11-26 17:55:32.85812 INFO::Fitting model to feature number 2134, metabat_SRR20881981.3
2025-11-26 17:55:32.881915 INFO::Fitting model to feature number 2135, metabat_SRR16554654.44
2025-11-26 17:55:32.90556 INFO::Fitting model to feature number 2136, maxbin_SRR5930512.016
2025-11-26 17:55:32.928507 INFO::Fitting model to feature number 2137, semibin_SRR25825500.13
2025-11-26 17:55:32.952146 INFO::Fitting model to feature number 2138, maxbin_SRR13022252.009_sub
2025-11-26 17:55:32.974699 INFO::Fitting model to feature number 2139, metabat_SRR20881983.38
2025-11-26 17:55:33.0044 INFO::Fitting model to feature number 2140, metabat_ERR12405959.31
2025-11-26 17:55:33.028338 INFO::Fitting model to feature number 2141, semibin_SRR13022391.11
2025-11-26 17:55:33.054543 INFO::Fitting model to feature number 2142, semibin_ERR6281518.50_sub
2025-11-26 17:55:33.076988 INFO::Fitting model to feature number 2143, maxbin_ERR12406011.031
2025-11-26 17:55:33.101252 INFO::Fitting model to feature number 2144, semibin_SRR11413656.102
2025-11-26 17:55:33.123894 INFO::Fitting model to feature number 2145, semibin_SRR23364171.81
2025-11-26 17:55:33.148033 INFO::Fitting model to feature number 2146, metabat_SRR5930520.43
2025-11-26 17:55:33.170432 INFO::Fitting model to feature number 2147, metabat_ERR12405914.16
2025-11-26 17:55:33.194172 INFO::Fitting model to feature number 2148, semibin_SRR25825501.45
2025-11-26 17:55:33.216468 INFO::Fitting model to feature number 2149, metabat_SRR13068828.46_sub
2025-11-26 17:55:33.259089 INFO::Fitting model to feature number 2150, semibin_ERR6281518.116
2025-11-26 17:55:33.28487 INFO::Fitting model to feature number 2151, semibin_ERR6281344.40
2025-11-26 17:55:33.308093 INFO::Fitting model to feature number 2152, maxbin_SRR25825514.018_sub
2025-11-26 17:55:33.341568 INFO::Fitting model to feature number 2153, semibin_ERR6235717.60
2025-11-26 17:55:33.366707 INFO::Fitting model to feature number 2154, semibin_SRR6000944.13
2025-11-26 17:55:33.391465 INFO::Fitting model to feature number 2155, metabat_ERR6279664.17
2025-11-26 17:55:33.413988 INFO::Fitting model to feature number 2156, semibin_SRR5930503.47
2025-11-26 17:55:33.437843 INFO::Fitting model to feature number 2157, metabat_SRR23364187.35_sub
2025-11-26 17:55:33.460622 INFO::Fitting model to feature number 2158, semibin_ERR6279679.10
2025-11-26 17:55:33.484532 INFO::Fitting model to feature number 2159, semibin_SRR25825503.35
2025-11-26 17:55:33.507704 INFO::Fitting model to feature number 2160, metabat_SRR16554775.14
2025-11-26 17:55:33.531902 INFO::Fitting model to feature number 2161, semibin_ERR6235718.4
2025-11-26 17:55:33.555121 INFO::Fitting model to feature number 2162, semibin_SRR16554721.45
2025-11-26 17:55:33.579637 INFO::Fitting model to feature number 2163, maxbin_SRR11413619.006
2025-11-26 17:55:33.603735 INFO::Fitting model to feature number 2164, semibin_SRR11413648.87_sub
2025-11-26 17:55:33.627439 INFO::Fitting model to feature number 2165, metabat_ERR6275674.56
2025-11-26 17:55:33.658464 INFO::Fitting model to feature number 2166, semibin_SRR11413615.76
2025-11-26 17:55:33.681916 INFO::Fitting model to feature number 2167, semibin_ERR6254870.66_sub
2025-11-26 17:55:33.708261 INFO::Fitting model to feature number 2168, semibin_ERR12405976.64
2025-11-26 17:55:33.730752 INFO::Fitting model to feature number 2169, semibin_ERR6280899.69
2025-11-26 17:55:33.754853 INFO::Fitting model to feature number 2170, semibin_SRR23364230.99
2025-11-26 17:55:33.777546 INFO::Fitting model to feature number 2171, semibin_ERR6279626.34
2025-11-26 17:55:33.801589 INFO::Fitting model to feature number 2172, semibin_ERR12405910.62
2025-11-26 17:55:33.823966 INFO::Fitting model to feature number 2173, maxbin_SRR16168940.014_sub
2025-11-26 17:55:33.847725 INFO::Fitting model to feature number 2174, maxbin_ERR12405915.008
2025-11-26 17:55:33.87049 INFO::Fitting model to feature number 2175, metabat_SRR5930528.27
2025-11-26 17:55:33.894505 INFO::Fitting model to feature number 2176, metabat_SRR13068823.20_sub
2025-11-26 17:55:33.917605 INFO::Fitting model to feature number 2177, metabat_ERR6281340.41
2025-11-26 17:55:33.961911 INFO::Fitting model to feature number 2178, semibin_ERR12405970.2_sub
2025-11-26 17:55:33.994924 INFO::Fitting model to feature number 2179, maxbin_ERR12405944.004
2025-11-26 17:55:34.020209 INFO::Fitting model to feature number 2180, semibin_SRR16554634.69
2025-11-26 17:55:34.044475 INFO::Fitting model to feature number 2181, metabat_ERR12405998.25
2025-11-26 17:55:34.068171 INFO::Fitting model to feature number 2182, semibin_ERR6279657.165
2025-11-26 17:55:34.091348 INFO::Fitting model to feature number 2183, semibin_ERR12406013.48
2025-11-26 17:55:34.114672 INFO::Fitting model to feature number 2184, semibin_SRR5930501.12
2025-11-26 17:55:34.137902 INFO::Fitting model to feature number 2185, metabat_ERR12406003.1
2025-11-26 17:55:34.160146 INFO::Fitting model to feature number 2186, metabat_ERR6230245.23
2025-11-26 17:55:34.184164 INFO::Fitting model to feature number 2187, metabat_ERR6279676.50
2025-11-26 17:55:34.207282 INFO::Fitting model to feature number 2188, metabat_SRR11413618.24
2025-11-26 17:55:34.235155 INFO::Fitting model to feature number 2189, semibin_ERR6281340.6
2025-11-26 17:55:34.259436 INFO::Fitting model to feature number 2190, semibin_ERR6275667.43
2025-11-26 17:55:34.282474 INFO::Fitting model to feature number 2191, maxbin_SRR16168896.006
2025-11-26 17:55:34.318421 INFO::Fitting model to feature number 2192, semibin_ERR12405943.41
2025-11-26 17:55:34.34173 INFO::Fitting model to feature number 2193, semibin_ERR12405933.78
2025-11-26 17:55:34.368202 INFO::Fitting model to feature number 2194, semibin_ERR12405976.91
2025-11-26 17:55:34.391931 INFO::Fitting model to feature number 2195, semibin_ERR6281000.139
2025-11-26 17:55:34.416491 INFO::Fitting model to feature number 2196, maxbin_SRR6000947.039
2025-11-26 17:55:34.439723 INFO::Fitting model to feature number 2197, semibin_ERR6279667.91
2025-11-26 17:55:34.464246 INFO::Fitting model to feature number 2198, metabat_ERR6232524.56
2025-11-26 17:55:34.487286 INFO::Fitting model to feature number 2199, semibin_ERR6271720.17
2025-11-26 17:55:34.511488 INFO::Fitting model to feature number 2200, maxbin_ERR6275673.018
2025-11-26 17:55:34.534329 INFO::Fitting model to feature number 2201, metabat_ERR6281433.6_sub
2025-11-26 17:55:34.558239 INFO::Fitting model to feature number 2202, maxbin_SRR16554744.010
2025-11-26 17:55:34.581029 INFO::Fitting model to feature number 2203, maxbin_SRR16554743.001_sub
2025-11-26 17:55:34.605049 INFO::Fitting model to feature number 2204, metabat_SRR11413652.11
2025-11-26 17:55:34.62784 INFO::Fitting model to feature number 2205, maxbin_ERR12405976.034_sub
2025-11-26 17:55:34.683987 INFO::Fitting model to feature number 2206, metabat_ERR12406011.21
2025-11-26 17:55:34.709218 INFO::Fitting model to feature number 2207, metabat_ERR6232522.16_sub
2025-11-26 17:55:34.732958 INFO::Fitting model to feature number 2208, metabat_SRR11413690.35_sub
2025-11-26 17:55:34.757332 INFO::Fitting model to feature number 2209, maxbin_ERR6275673.006
2025-11-26 17:55:34.780396 INFO::Fitting model to feature number 2210, metabat_ERR12405965.3
2025-11-26 17:55:34.804309 INFO::Fitting model to feature number 2211, maxbin_SRR5930502.001
2025-11-26 17:55:34.827925 INFO::Fitting model to feature number 2212, maxbin_ERR12405972.021
2025-11-26 17:55:34.851242 INFO::Fitting model to feature number 2213, semibin_ERR6275680.30
2025-11-26 17:55:34.874758 INFO::Fitting model to feature number 2214, metabat_SRR13068851.25
2025-11-26 17:55:34.897672 INFO::Fitting model to feature number 2215, metabat_ERR6281942.41_sub
2025-11-26 17:55:34.921343 INFO::Fitting model to feature number 2216, semibin_ERR6279659.23
2025-11-26 17:55:34.944411 INFO::Fitting model to feature number 2217, metabat_ERR12405920.6_sub
2025-11-26 17:55:34.979491 INFO::Fitting model to feature number 2218, maxbin_SRR20881988.009
2025-11-26 17:55:35.003399 INFO::Fitting model to feature number 2219, metabat_SRR16554789.32
2025-11-26 17:55:35.033427 INFO::Fitting model to feature number 2220, semibin_ERR12405942.29
2025-11-26 17:55:35.056481 INFO::Fitting model to feature number 2221, maxbin_SRR5930517.025_sub
2025-11-26 17:55:35.08092 INFO::Fitting model to feature number 2222, metabat_ERR6281505.29
2025-11-26 17:55:35.103552 INFO::Fitting model to feature number 2223, semibin_SRR16168913.75
2025-11-26 17:55:35.127788 INFO::Fitting model to feature number 2224, maxbin_ERR12406008.002_sub
2025-11-26 17:55:35.150462 INFO::Fitting model to feature number 2225, semibin_SRR13068846.36
2025-11-26 17:55:35.177324 INFO::Fitting model to feature number 2226, maxbin_ERR6231475.011
2025-11-26 17:55:35.200044 INFO::Fitting model to feature number 2227, metabat_ERR12405943.44_sub
2025-11-26 17:55:35.223897 INFO::Fitting model to feature number 2228, semibin_SRR25825505.38
2025-11-26 17:55:35.246849 INFO::Fitting model to feature number 2229, metabat_SRR6000873.2
2025-11-26 17:55:35.270452 INFO::Fitting model to feature number 2230, semibin_SRR25825510.24
2025-11-26 17:55:35.298121 INFO::Fitting model to feature number 2231, semibin_SRR16554718.17_sub
2025-11-26 17:55:35.330068 INFO::Fitting model to feature number 2232, semibin_SRR6000877.55
2025-11-26 17:55:35.354772 INFO::Fitting model to feature number 2233, semibin_SRR5930497.86_sub
2025-11-26 17:55:35.40433 INFO::Fitting model to feature number 2234, metabat_ERR12406012.1_sub
2025-11-26 17:55:35.428019 INFO::Fitting model to feature number 2235, metabat_ERR6281342.22
2025-11-26 17:55:35.45277 INFO::Fitting model to feature number 2236, semibin_SRR5930520.180
2025-11-26 17:55:35.475931 INFO::Fitting model to feature number 2237, maxbin_SRR16168984.062
2025-11-26 17:55:35.50007 INFO::Fitting model to feature number 2238, maxbin_SRR25825500.013_sub
2025-11-26 17:55:35.523355 INFO::Fitting model to feature number 2239, semibin_SRR6000947.34_sub
2025-11-26 17:55:35.547357 INFO::Fitting model to feature number 2240, semibin_SRR11413608.121
2025-11-26 17:55:35.570429 INFO::Fitting model to feature number 2241, semibin_ERR12405974.32
2025-11-26 17:55:35.595232 INFO::Fitting model to feature number 2242, maxbin_ERR6279619.020
2025-11-26 17:55:35.617829 INFO::Fitting model to feature number 2243, semibin_ERR6279647.53
2025-11-26 17:55:35.642262 INFO::Fitting model to feature number 2244, maxbin_SRR11413681.015_sub
2025-11-26 17:55:35.664488 INFO::Fitting model to feature number 2245, semibin_ERR6279628.83_sub
2025-11-26 17:55:35.694537 INFO::Fitting model to feature number 2246, metabat_SRR23364213.3_sub
2025-11-26 17:55:35.719501 INFO::Fitting model to feature number 2247, metabat_SRR23364189.40
2025-11-26 17:55:35.747002 INFO::Fitting model to feature number 2248, semibin_SRR11413618.113_sub
2025-11-26 17:55:35.769632 INFO::Fitting model to feature number 2249, metabat_SRR13068853.29
2025-11-26 17:55:35.794044 INFO::Fitting model to feature number 2250, metabat_SRR16554636.10
2025-11-26 17:55:35.816626 INFO::Fitting model to feature number 2251, metabat_ERR6275677.50
2025-11-26 17:55:35.840324 INFO::Fitting model to feature number 2252, semibin_SRR13068841.58
2025-11-26 17:55:35.863475 INFO::Fitting model to feature number 2253, maxbin_SRR6000946.001
2025-11-26 17:55:35.887338 INFO::Fitting model to feature number 2254, semibin_ERR12405997.28
2025-11-26 17:55:35.910288 INFO::Fitting model to feature number 2255, metabat_SRR6000949.29
2025-11-26 17:55:35.933919 INFO::Fitting model to feature number 2256, metabat_ERR6229432.22_sub
2025-11-26 17:55:35.957744 INFO::Fitting model to feature number 2257, metabat_ERR6239139.41
2025-11-26 17:55:35.986795 INFO::Fitting model to feature number 2258, semibin_ERR6279650.34
2025-11-26 17:55:36.010982 INFO::Fitting model to feature number 2259, metabat_SRR23364178.39_sub
2025-11-26 17:55:36.036807 INFO::Fitting model to feature number 2260, semibin_ERR6267711.1
2025-11-26 17:55:36.059328 INFO::Fitting model to feature number 2261, metabat_ERR6236131.13
2025-11-26 17:55:36.105014 INFO::Fitting model to feature number 2262, semibin_SRR13022423.21
2025-11-26 17:55:36.128312 INFO::Fitting model to feature number 2263, metabat_ERR6257997.12
2025-11-26 17:55:36.151167 INFO::Fitting model to feature number 2264, metabat_SRR5930493.50_sub
2025-11-26 17:55:36.174219 INFO::Fitting model to feature number 2265, semibin_SRR20881980.25
2025-11-26 17:55:36.197796 INFO::Fitting model to feature number 2266, maxbin_SRR16554636.007
2025-11-26 17:55:36.222077 INFO::Fitting model to feature number 2267, semibin_SRR16168930.147
2025-11-26 17:55:36.24504 INFO::Fitting model to feature number 2268, metabat_SRR11413679.3
2025-11-26 17:55:36.269402 INFO::Fitting model to feature number 2269, semibin_SRR23364171.26
2025-11-26 17:55:36.29695 INFO::Fitting model to feature number 2270, semibin_ERR6279651.16
2025-11-26 17:55:36.324776 INFO::Fitting model to feature number 2271, semibin_SRR11413649.46
2025-11-26 17:55:36.348634 INFO::Fitting model to feature number 2272, semibin_SRR23364191.73
2025-11-26 17:55:36.37656 INFO::Fitting model to feature number 2273, semibin_ERR6279622.17
2025-11-26 17:55:36.399721 INFO::Fitting model to feature number 2274, maxbin_SRR13022453.007_sub
2025-11-26 17:55:36.424817 INFO::Fitting model to feature number 2275, maxbin_SRR16168969.005
2025-11-26 17:55:36.447603 INFO::Fitting model to feature number 2276, semibin_SRR5930530.132
2025-11-26 17:55:36.472682 INFO::Fitting model to feature number 2277, semibin_SRR11413690.9
2025-11-26 17:55:36.495455 INFO::Fitting model to feature number 2278, metabat_ERR6275675.32_sub
2025-11-26 17:55:36.519949 INFO::Fitting model to feature number 2279, metabat_SRR8387677.42
2025-11-26 17:55:36.542741 INFO::Fitting model to feature number 2280, semibin_ERR6275663.75_sub
2025-11-26 17:55:36.56672 INFO::Fitting model to feature number 2281, metabat_SRR13022456.4
2025-11-26 17:55:36.58941 INFO::Fitting model to feature number 2282, maxbin_ERR6279659.004_sub
2025-11-26 17:55:36.613303 INFO::Fitting model to feature number 2283, semibin_SRR5930517.66
2025-11-26 17:55:36.635591 INFO::Fitting model to feature number 2284, semibin_SRR11413649.38_sub
2025-11-26 17:55:36.666423 INFO::Fitting model to feature number 2285, semibin_SRR11413691.23
2025-11-26 17:55:36.690674 INFO::Fitting model to feature number 2286, semibin_ERR6280899.148
2025-11-26 17:55:36.715877 INFO::Fitting model to feature number 2287, semibin_SRR11413618.43_sub
2025-11-26 17:55:36.738245 INFO::Fitting model to feature number 2288, semibin_ERR6267712.70
2025-11-26 17:55:36.778715 INFO::Fitting model to feature number 2289, metabat_SRR16554779.19
2025-11-26 17:55:36.806107 INFO::Fitting model to feature number 2290, semibin_SRR23364231.16
2025-11-26 17:55:36.829294 INFO::Fitting model to feature number 2291, semibin_SRR6000932.54
2025-11-26 17:55:36.852652 INFO::Fitting model to feature number 2292, maxbin_SRR16554760.005
2025-11-26 17:55:36.875301 INFO::Fitting model to feature number 2293, metabat_SRR16554656.29
2025-11-26 17:55:36.899111 INFO::Fitting model to feature number 2294, semibin_ERR6281751.22
2025-11-26 17:55:36.922684 INFO::Fitting model to feature number 2295, metabat_ERR6275678.3
2025-11-26 17:55:36.946619 INFO::Fitting model to feature number 2296, semibin_SRR5930506.126
2025-11-26 17:55:36.969786 INFO::Fitting model to feature number 2297, semibin_SRR13068823.83
2025-11-26 17:55:36.998976 INFO::Fitting model to feature number 2298, metabat_SRR16554757.37
2025-11-26 17:55:37.023783 INFO::Fitting model to feature number 2299, semibin_ERR12405934.0
2025-11-26 17:55:37.049869 INFO::Fitting model to feature number 2300, semibin_ERR6275668.170
2025-11-26 17:55:37.072598 INFO::Fitting model to feature number 2301, metabat_SRR13068834.35
2025-11-26 17:55:37.097268 INFO::Fitting model to feature number 2302, metabat_SRR5930494.44
2025-11-26 17:55:37.119802 INFO::Fitting model to feature number 2303, semibin_ERR12405946.2
2025-11-26 17:55:37.144219 INFO::Fitting model to feature number 2304, metabat_ERR6279648.17_sub
2025-11-26 17:55:37.167293 INFO::Fitting model to feature number 2305, metabat_ERR6231475.22_sub
2025-11-26 17:55:37.191495 INFO::Fitting model to feature number 2306, metabat_ERR6279616.16
2025-11-26 17:55:37.214336 INFO::Fitting model to feature number 2307, semibin_ERR6232688.40_sub
2025-11-26 17:55:37.238799 INFO::Fitting model to feature number 2308, maxbin_SRR16554660.004
2025-11-26 17:55:37.261472 INFO::Fitting model to feature number 2309, semibin_SRR16168984.61
2025-11-26 17:55:37.286105 INFO::Fitting model to feature number 2310, semibin_ERR6275680.27
2025-11-26 17:55:37.311072 INFO::Fitting model to feature number 2311, semibin_SRR11413656.61
2025-11-26 17:55:37.341149 INFO::Fitting model to feature number 2312, maxbin_SRR5930508.015
2025-11-26 17:55:37.365185 INFO::Fitting model to feature number 2313, metabat_ERR6279628.28
2025-11-26 17:55:37.391599 INFO::Fitting model to feature number 2314, maxbin_ERR6281342.028
2025-11-26 17:55:37.414888 INFO::Fitting model to feature number 2315, metabat_SRR16554777.11
2025-11-26 17:55:37.438708 INFO::Fitting model to feature number 2316, maxbin_SRR16554777.024_sub
2025-11-26 17:55:37.507321 INFO::Fitting model to feature number 2317, semibin_ERR12405939.57_sub
2025-11-26 17:55:37.534447 INFO::Fitting model to feature number 2318, maxbin_SRR20881987.014_sub
2025-11-26 17:55:37.558505 INFO::Fitting model to feature number 2319, semibin_SRR11413649.8
2025-11-26 17:55:37.58282 INFO::Fitting model to feature number 2320, semibin_SRR25825504.106
2025-11-26 17:55:37.61292 INFO::Fitting model to feature number 2321, semibin_SRR6000909.45
2025-11-26 17:55:37.642184 INFO::Fitting model to feature number 2322, semibin_SRR23364196.25
2025-11-26 17:55:37.669149 INFO::Fitting model to feature number 2323, maxbin_ERR6279677.010
2025-11-26 17:55:37.691566 INFO::Fitting model to feature number 2324, semibin_SRR5930531.137
2025-11-26 17:55:37.714949 INFO::Fitting model to feature number 2325, maxbin_ERR6243878.014_sub
2025-11-26 17:55:37.738212 INFO::Fitting model to feature number 2326, maxbin_ERR12406007.007
2025-11-26 17:55:37.761574 INFO::Fitting model to feature number 2327, metabat_ERR6275663.73
2025-11-26 17:55:37.785228 INFO::Fitting model to feature number 2328, metabat_SRR13068843.23
2025-11-26 17:55:37.809103 INFO::Fitting model to feature number 2329, metabat_SRR6000894.44
2025-11-26 17:55:37.831992 INFO::Fitting model to feature number 2330, metabat_SRR11413691.28
2025-11-26 17:55:37.855476 INFO::Fitting model to feature number 2331, metabat_ERR12405995.34
2025-11-26 17:55:37.878341 INFO::Fitting model to feature number 2332, semibin_ERR6254871.7
2025-11-26 17:55:37.906599 INFO::Fitting model to feature number 2333, semibin_SRR16554790.12
2025-11-26 17:55:37.932201 INFO::Fitting model to feature number 2334, metabat_SRR16554687.21
2025-11-26 17:55:37.958751 INFO::Fitting model to feature number 2335, semibin_SRR16554715.19
2025-11-26 17:55:37.983714 INFO::Fitting model to feature number 2336, semibin_ERR6282137.82
2025-11-26 17:55:38.00828 INFO::Fitting model to feature number 2337, semibin_SRR6000946.68
2025-11-26 17:55:38.033188 INFO::Fitting model to feature number 2338, semibin_SRR11413683.84
2025-11-26 17:55:38.058666 INFO::Fitting model to feature number 2339, maxbin_SRR11413687.043
2025-11-26 17:55:38.08524 INFO::Fitting model to feature number 2340, semibin_SRR5930526.3
2025-11-26 17:55:38.111577 INFO::Fitting model to feature number 2341, semibin_SRR25825499.84
2025-11-26 17:55:38.135315 INFO::Fitting model to feature number 2342, semibin_ERR6233693.3_sub
2025-11-26 17:55:38.160593 INFO::Fitting model to feature number 2343, semibin_SRR23364176.76
2025-11-26 17:55:38.184254 INFO::Fitting model to feature number 2344, maxbin_SRR6000949.021_sub
2025-11-26 17:55:38.229356 INFO::Fitting model to feature number 2345, semibin_ERR6243877.15_sub
2025-11-26 17:55:38.267551 INFO::Fitting model to feature number 2346, metabat_SRR13022456.2
2025-11-26 17:55:38.298099 INFO::Fitting model to feature number 2347, semibin_SRR16168938.32
2025-11-26 17:55:38.322141 INFO::Fitting model to feature number 2348, metabat_ERR6279629.12_sub
2025-11-26 17:55:38.344993 INFO::Fitting model to feature number 2349, metabat_ERR6232425.9
2025-11-26 17:55:38.369281 INFO::Fitting model to feature number 2350, semibin_SRR16168896.8
2025-11-26 17:55:38.393084 INFO::Fitting model to feature number 2351, semibin_ERR6279628.63
2025-11-26 17:55:38.416505 INFO::Fitting model to feature number 2352, metabat_SRR25825521.35
2025-11-26 17:55:38.440073 INFO::Fitting model to feature number 2353, semibin_ERR12405932.31
2025-11-26 17:55:38.463257 INFO::Fitting model to feature number 2354, maxbin_SRR16168986.013_sub
2025-11-26 17:55:38.48707 INFO::Fitting model to feature number 2355, metabat_ERR12405960.21
2025-11-26 17:55:38.510431 INFO::Fitting model to feature number 2356, semibin_ERR12405916.3
2025-11-26 17:55:38.539891 INFO::Fitting model to feature number 2357, semibin_ERR6279666.67
2025-11-26 17:55:38.565652 INFO::Fitting model to feature number 2358, semibin_ERR6279626.59
2025-11-26 17:55:38.591121 INFO::Fitting model to feature number 2359, metabat_ERR6275652.45
2025-11-26 17:55:38.615766 INFO::Fitting model to feature number 2360, semibin_SRR6000899.149
2025-11-26 17:55:38.63804 INFO::Fitting model to feature number 2361, semibin_ERR6264280.93
2025-11-26 17:55:38.662572 INFO::Fitting model to feature number 2362, maxbin_ERR6233695.008
2025-11-26 17:55:38.685163 INFO::Fitting model to feature number 2363, semibin_SRR5930527.76
2025-11-26 17:55:38.708622 INFO::Fitting model to feature number 2364, metabat_ERR6254871.61
2025-11-26 17:55:38.73113 INFO::Fitting model to feature number 2365, semibin_ERR12405995.25
2025-11-26 17:55:38.754732 INFO::Fitting model to feature number 2366, semibin_ERR6279671.28_sub
2025-11-26 17:55:38.776852 INFO::Fitting model to feature number 2367, metabat_SRR11413610.65_sub
2025-11-26 17:55:38.800732 INFO::Fitting model to feature number 2368, semibin_SRR16554634.8_sub
2025-11-26 17:55:38.822944 INFO::Fitting model to feature number 2369, metabat_SRR25825516.12
2025-11-26 17:55:38.846359 INFO::Fitting model to feature number 2370, semibin_SRR23364240.28_sub
2025-11-26 17:55:38.87084 INFO::Fitting model to feature number 2371, metabat_SRR23364176.34
2025-11-26 17:55:38.899135 INFO::Fitting model to feature number 2372, metabat_SRR16168940.14
2025-11-26 17:55:38.945057 INFO::Fitting model to feature number 2373, semibin_SRR5930527.83_sub
2025-11-26 17:55:38.970081 INFO::Fitting model to feature number 2374, metabat_ERR6279680.20_sub
2025-11-26 17:55:38.994135 INFO::Fitting model to feature number 2375, maxbin_ERR6254871.004
2025-11-26 17:55:39.017582 INFO::Fitting model to feature number 2376, semibin_ERR6230340.39
2025-11-26 17:55:39.041579 INFO::Fitting model to feature number 2377, maxbin_ERR6279649.018
2025-11-26 17:55:39.064848 INFO::Fitting model to feature number 2378, metabat_ERR6232529.10
2025-11-26 17:55:39.088323 INFO::Fitting model to feature number 2379, maxbin_SRR11413618.087_sub
2025-11-26 17:55:39.111857 INFO::Fitting model to feature number 2380, metabat_SRR16554758.22
2025-11-26 17:55:39.135479 INFO::Fitting model to feature number 2381, semibin_ERR6279676.80_sub
2025-11-26 17:55:39.158622 INFO::Fitting model to feature number 2382, semibin_SRR13022263.2
2025-11-26 17:55:39.187849 INFO::Fitting model to feature number 2383, semibin_ERR6279669.31_sub
2025-11-26 17:55:39.215564 INFO::Fitting model to feature number 2384, maxbin_SRR5930533.003
2025-11-26 17:55:39.240327 INFO::Fitting model to feature number 2385, metabat_ERR6279646.8_sub
2025-11-26 17:55:39.264662 INFO::Fitting model to feature number 2386, metabat_ERR12405932.24
2025-11-26 17:55:39.287201 INFO::Fitting model to feature number 2387, semibin_ERR6275666.59
2025-11-26 17:55:39.311871 INFO::Fitting model to feature number 2388, maxbin_SRR13068819.002
2025-11-26 17:55:39.333809 INFO::Fitting model to feature number 2389, semibin_SRR13068819.18
2025-11-26 17:55:39.357362 INFO::Fitting model to feature number 2390, maxbin_ERR6275680.033
2025-11-26 17:55:39.3798 INFO::Fitting model to feature number 2391, semibin_SRR16554628.84
2025-11-26 17:55:39.404279 INFO::Fitting model to feature number 2392, metabat_SRR6000949.42_sub
2025-11-26 17:55:39.426493 INFO::Fitting model to feature number 2393, semibin_ERR6267711.46
2025-11-26 17:55:39.455734 INFO::Fitting model to feature number 2394, semibin_ERR6279666.83
2025-11-26 17:55:39.478988 INFO::Fitting model to feature number 2395, metabat_SRR11413618.80
2025-11-26 17:55:39.505158 INFO::Fitting model to feature number 2396, metabat_ERR12406013.34
2025-11-26 17:55:39.528129 INFO::Fitting model to feature number 2397, semibin_SRR11413614.5_sub
2025-11-26 17:55:39.552211 INFO::Fitting model to feature number 2398, maxbin_SRR5930511.004
2025-11-26 17:55:39.574545 INFO::Fitting model to feature number 2399, semibin_SRR5930498.210
2025-11-26 17:55:39.597827 INFO::Fitting model to feature number 2400, maxbin_SRR16554769.015_sub
2025-11-26 17:55:39.642436 INFO::Fitting model to feature number 2401, semibin_SRR16554651.34_sub
2025-11-26 17:55:39.665962 INFO::Fitting model to feature number 2402, semibin_ERR12405970.21
2025-11-26 17:55:39.689591 INFO::Fitting model to feature number 2403, metabat_ERR12405928.43
2025-11-26 17:55:39.712927 INFO::Fitting model to feature number 2404, metabat_ERR6279670.21
2025-11-26 17:55:39.74121 INFO::Fitting model to feature number 2405, maxbin_ERR6233694.003_sub
2025-11-26 17:55:39.766303 INFO::Fitting model to feature number 2406, metabat_ERR6281518.47
2025-11-26 17:55:39.789731 INFO::Fitting model to feature number 2407, semibin_SRR11413606.86
2025-11-26 17:55:39.815852 INFO::Fitting model to feature number 2408, semibin_ERR6275666.75
2025-11-26 17:55:39.837851 INFO::Fitting model to feature number 2409, maxbin_SRR5930508.022
2025-11-26 17:55:39.861845 INFO::Fitting model to feature number 2410, metabat_SRR13068815.50
2025-11-26 17:55:39.884206 INFO::Fitting model to feature number 2411, metabat_ERR12405931.15
2025-11-26 17:55:39.908016 INFO::Fitting model to feature number 2412, maxbin_SRR16554647.016
2025-11-26 17:55:39.931596 INFO::Fitting model to feature number 2413, semibin_ERR6281341.23_sub
2025-11-26 17:55:39.955253 INFO::Fitting model to feature number 2414, semibin_ERR6275668.67
2025-11-26 17:55:39.978296 INFO::Fitting model to feature number 2415, metabat_SRR11413683.6_sub
2025-11-26 17:55:40.002751 INFO::Fitting model to feature number 2416, maxbin_SRR5930529.037
2025-11-26 17:55:40.025378 INFO::Fitting model to feature number 2417, maxbin_SRR16168918.066
2025-11-26 17:55:40.058995 INFO::Fitting model to feature number 2418, semibin_SRR16168940.27
2025-11-26 17:55:40.085949 INFO::Fitting model to feature number 2419, semibin_SRR13068843.62_sub
2025-11-26 17:55:40.115093 INFO::Fitting model to feature number 2420, metabat_ERR12405955.28
2025-11-26 17:55:40.137219 INFO::Fitting model to feature number 2421, metabat_SRR16168945.34
2025-11-26 17:55:40.161921 INFO::Fitting model to feature number 2422, semibin_ERR6279626.1
2025-11-26 17:55:40.184207 INFO::Fitting model to feature number 2423, maxbin_ERR6281586.033
2025-11-26 17:55:40.208904 INFO::Fitting model to feature number 2424, semibin_SRR6000901.38
2025-11-26 17:55:40.231438 INFO::Fitting model to feature number 2425, metabat_ERR12405984.37
2025-11-26 17:55:40.256304 INFO::Fitting model to feature number 2426, semibin_ERR12405961.52
2025-11-26 17:55:40.278511 INFO::Fitting model to feature number 2427, semibin_ERR6279666.66
2025-11-26 17:55:40.303139 INFO::Fitting model to feature number 2428, semibin_SRR11413619.8_sub
2025-11-26 17:55:40.348445 INFO::Fitting model to feature number 2429, metabat_ERR6279657.98_sub
2025-11-26 17:55:40.371542 INFO::Fitting model to feature number 2430, metabat_SRR16554725.6
2025-11-26 17:55:40.402605 INFO::Fitting model to feature number 2431, metabat_ERR12405961.39_sub
2025-11-26 17:55:40.425958 INFO::Fitting model to feature number 2432, semibin_SRR25825512.2_sub
2025-11-26 17:55:40.453612 INFO::Fitting model to feature number 2433, semibin_ERR12405955.23_sub
2025-11-26 17:55:40.476258 INFO::Fitting model to feature number 2434, semibin_ERR12405994.32
2025-11-26 17:55:40.500183 INFO::Fitting model to feature number 2435, semibin_ERR6281658.16
2025-11-26 17:55:40.522612 INFO::Fitting model to feature number 2436, semibin_ERR6279628.51
2025-11-26 17:55:40.546386 INFO::Fitting model to feature number 2437, maxbin_SRR5930507.019
2025-11-26 17:55:40.568817 INFO::Fitting model to feature number 2438, metabat_ERR6232523.20_sub
2025-11-26 17:55:40.592515 INFO::Fitting model to feature number 2439, metabat_ERR6275673.75
2025-11-26 17:55:40.615281 INFO::Fitting model to feature number 2440, metabat_ERR6230245.15
2025-11-26 17:55:40.638755 INFO::Fitting model to feature number 2441, metabat_SRR11413690.18
2025-11-26 17:55:40.661578 INFO::Fitting model to feature number 2442, metabat_ERR6233695.27
2025-11-26 17:55:40.689033 INFO::Fitting model to feature number 2443, maxbin_SRR11413645.052
2025-11-26 17:55:40.715338 INFO::Fitting model to feature number 2444, semibin_SRR20881974.45_sub
2025-11-26 17:55:40.740225 INFO::Fitting model to feature number 2445, metabat_SRR16554760.8_sub
2025-11-26 17:55:40.7646 INFO::Fitting model to feature number 2446, semibin_ERR6279669.43
2025-11-26 17:55:40.787385 INFO::Fitting model to feature number 2447, metabat_SRR13068847.11
2025-11-26 17:55:40.811304 INFO::Fitting model to feature number 2448, semibin_SRR16554684.32
2025-11-26 17:55:40.834315 INFO::Fitting model to feature number 2449, metabat_ERR6232524.62
2025-11-26 17:55:40.857952 INFO::Fitting model to feature number 2450, maxbin_SRR5930503.014
2025-11-26 17:55:40.880667 INFO::Fitting model to feature number 2451, semibin_SRR23364194.77
2025-11-26 17:55:40.904462 INFO::Fitting model to feature number 2452, maxbin_SRR16168926.001_sub
2025-11-26 17:55:40.927061 INFO::Fitting model to feature number 2453, metabat_SRR25825499.18
2025-11-26 17:55:40.950719 INFO::Fitting model to feature number 2454, semibin_ERR6235718.14
2025-11-26 17:55:40.973365 INFO::Fitting model to feature number 2455, semibin_ERR6275674.52
2025-11-26 17:55:40.997255 INFO::Fitting model to feature number 2456, metabat_ERR6235717.12
2025-11-26 17:55:41.049008 INFO::Fitting model to feature number 2457, semibin_ERR6232425.8
2025-11-26 17:55:41.073086 INFO::Fitting model to feature number 2458, metabat_SRR11413679.7
2025-11-26 17:55:41.101023 INFO::Fitting model to feature number 2459, maxbin_ERR6281448.001
2025-11-26 17:55:41.12423 INFO::Fitting model to feature number 2460, metabat_SRR6000932.38
2025-11-26 17:55:41.148927 INFO::Fitting model to feature number 2461, maxbin_ERR6229432.012
2025-11-26 17:55:41.171421 INFO::Fitting model to feature number 2462, semibin_ERR6282137.80
2025-11-26 17:55:41.19571 INFO::Fitting model to feature number 2463, maxbin_SRR16554633.011
2025-11-26 17:55:41.219021 INFO::Fitting model to feature number 2464, metabat_SRR16554632.20
2025-11-26 17:55:41.243456 INFO::Fitting model to feature number 2465, metabat_SRR16554769.2
2025-11-26 17:55:41.266124 INFO::Fitting model to feature number 2466, maxbin_SRR13022364.001
2025-11-26 17:55:41.289871 INFO::Fitting model to feature number 2467, maxbin_SRR13068818.027_sub
2025-11-26 17:55:41.312929 INFO::Fitting model to feature number 2468, semibin_ERR12405928.58
2025-11-26 17:55:41.336251 INFO::Fitting model to feature number 2469, semibin_SRR8387683.34_sub
2025-11-26 17:55:41.359488 INFO::Fitting model to feature number 2470, metabat_ERR12405935.40
2025-11-26 17:55:41.386755 INFO::Fitting model to feature number 2471, semibin_ERR6281448.108_sub
2025-11-26 17:55:41.41187 INFO::Fitting model to feature number 2472, maxbin_ERR6281434.009_sub
2025-11-26 17:55:41.434683 INFO::Fitting model to feature number 2473, semibin_SRR5930520.204
2025-11-26 17:55:41.461814 INFO::Fitting model to feature number 2474, metabat_SRR16554651.36
2025-11-26 17:55:41.48402 INFO::Fitting model to feature number 2475, metabat_ERR12406003.35
2025-11-26 17:55:41.507987 INFO::Fitting model to feature number 2476, metabat_ERR12405911.15
2025-11-26 17:55:41.530494 INFO::Fitting model to feature number 2477, semibin_ERR6232688.3_sub
2025-11-26 17:55:41.554147 INFO::Fitting model to feature number 2478, maxbin_SRR5930520.011
2025-11-26 17:55:41.576117 INFO::Fitting model to feature number 2479, maxbin_SRR11413615.013
2025-11-26 17:55:41.599721 INFO::Fitting model to feature number 2480, maxbin_SRR16554740.019
2025-11-26 17:55:41.62202 INFO::Fitting model to feature number 2481, maxbin_SRR16168940.020_sub
2025-11-26 17:55:41.645741 INFO::Fitting model to feature number 2482, semibin_SRR6000893.3
2025-11-26 17:55:41.66803 INFO::Fitting model to feature number 2483, metabat_SRR25825506.41
2025-11-26 17:55:41.721951 INFO::Fitting model to feature number 2484, metabat_ERR6279622.15
2025-11-26 17:55:41.750075 INFO::Fitting model to feature number 2485, maxbin_SRR11413618.020
2025-11-26 17:55:41.773597 INFO::Fitting model to feature number 2486, metabat_SRR11413653.56
2025-11-26 17:55:41.796125 INFO::Fitting model to feature number 2487, metabat_SRR16554660.42
2025-11-26 17:55:41.82061 INFO::Fitting model to feature number 2488, semibin_SRR16554639.10
2025-11-26 17:55:41.84265 INFO::Fitting model to feature number 2489, semibin_SRR16168940.32
2025-11-26 17:55:41.866648 INFO::Fitting model to feature number 2490, semibin_SRR23364194.25
2025-11-26 17:55:41.889516 INFO::Fitting model to feature number 2491, metabat_ERR6233695.65_sub
2025-11-26 17:55:41.913816 INFO::Fitting model to feature number 2492, semibin_ERR6275669.54
2025-11-26 17:55:41.936271 INFO::Fitting model to feature number 2493, metabat_ERR6279672.6
2025-11-26 17:55:41.960102 INFO::Fitting model to feature number 2494, metabat_ERR6281500.32
2025-11-26 17:55:41.982864 INFO::Fitting model to feature number 2495, maxbin_SRR5930507.005
2025-11-26 17:55:42.007071 INFO::Fitting model to feature number 2496, metabat_SRR20881978.1_sub
2025-11-26 17:55:42.029353 INFO::Fitting model to feature number 2497, metabat_SRR16554669.42
2025-11-26 17:55:42.059386 INFO::Fitting model to feature number 2498, metabat_SRR16554641.12
2025-11-26 17:55:42.083144 INFO::Fitting model to feature number 2499, semibin_SRR11413652.9_sub
2025-11-26 17:55:42.110886 INFO::Fitting model to feature number 2500, semibin_ERR6279676.74
2025-11-26 17:55:42.133615 INFO::Fitting model to feature number 2501, semibin_SRR16554660.115
2025-11-26 17:55:42.157262 INFO::Fitting model to feature number 2502, maxbin_SRR23364170.010_sub
2025-11-26 17:55:42.180947 INFO::Fitting model to feature number 2503, semibin_SRR16168985.93
2025-11-26 17:55:42.203383 INFO::Fitting model to feature number 2504, semibin_SRR16554671.39
2025-11-26 17:55:42.227509 INFO::Fitting model to feature number 2505, maxbin_SRR5930501.008
2025-11-26 17:55:42.249665 INFO::Fitting model to feature number 2506, semibin_SRR11413657.56
2025-11-26 17:55:42.273602 INFO::Fitting model to feature number 2507, maxbin_ERR12405934.015_sub
2025-11-26 17:55:42.296201 INFO::Fitting model to feature number 2508, metabat_ERR6279626.16
2025-11-26 17:55:42.320627 INFO::Fitting model to feature number 2509, metabat_ERR6275668.55
2025-11-26 17:55:42.342854 INFO::Fitting model to feature number 2510, metabat_SRR11413611.60
2025-11-26 17:55:42.373457 INFO::Fitting model to feature number 2511, semibin_SRR16554627.71
2025-11-26 17:55:42.42276 INFO::Fitting model to feature number 2512, maxbin_ERR6232527.010
2025-11-26 17:55:42.447179 INFO::Fitting model to feature number 2513, maxbin_SRR11413618.028
2025-11-26 17:55:42.471192 INFO::Fitting model to feature number 2514, metabat_SRR13068815.13_sub
2025-11-26 17:55:42.494251 INFO::Fitting model to feature number 2515, semibin_ERR6281518.42
2025-11-26 17:55:42.517916 INFO::Fitting model to feature number 2516, metabat_ERR6280907.89
2025-11-26 17:55:42.54131 INFO::Fitting model to feature number 2517, semibin_SRR5930497.77
2025-11-26 17:55:42.565117 INFO::Fitting model to feature number 2518, semibin_SRR11413678.51
2025-11-26 17:55:42.587844 INFO::Fitting model to feature number 2519, semibin_SRR16554777.37
2025-11-26 17:55:42.61129 INFO::Fitting model to feature number 2520, metabat_ERR6275667.18
2025-11-26 17:55:42.635483 INFO::Fitting model to feature number 2521, metabat_ERR6232526.19
2025-11-26 17:55:42.663158 INFO::Fitting model to feature number 2522, metabat_SRR25825514.34
2025-11-26 17:55:42.689314 INFO::Fitting model to feature number 2523, metabat_SRR16554757.25
2025-11-26 17:55:42.713938 INFO::Fitting model to feature number 2524, semibin_SRR16554766.58
2025-11-26 17:55:42.739523 INFO::Fitting model to feature number 2525, metabat_ERR12406004.31
2025-11-26 17:55:42.762725 INFO::Fitting model to feature number 2526, maxbin_ERR6279681.003
2025-11-26 17:55:42.787199 INFO::Fitting model to feature number 2527, semibin_ERR6279669.69
2025-11-26 17:55:42.810041 INFO::Fitting model to feature number 2528, semibin_SRR25825501.28
2025-11-26 17:55:42.834586 INFO::Fitting model to feature number 2529, maxbin_SRR25825518.017_sub
2025-11-26 17:55:42.857244 INFO::Fitting model to feature number 2530, maxbin_SRR16554626.019
2025-11-26 17:55:42.88115 INFO::Fitting model to feature number 2531, metabat_SRR20881983.76
2025-11-26 17:55:42.904245 INFO::Fitting model to feature number 2532, metabat_SRR11413618.92
2025-11-26 17:55:42.928312 INFO::Fitting model to feature number 2533, semibin_ERR6229432.4
2025-11-26 17:55:42.951186 INFO::Fitting model to feature number 2534, semibin_ERR6275665.68
2025-11-26 17:55:42.980874 INFO::Fitting model to feature number 2535, semibin_SRR16554650.13
2025-11-26 17:55:43.004544 INFO::Fitting model to feature number 2536, metabat_ERR6279624.22
2025-11-26 17:55:43.031922 INFO::Fitting model to feature number 2537, metabat_SRR13068826.29
2025-11-26 17:55:43.054183 INFO::Fitting model to feature number 2538, semibin_SRR5930512.42
2025-11-26 17:55:43.078482 INFO::Fitting model to feature number 2539, metabat_ERR6232527.17
2025-11-26 17:55:43.121156 INFO::Fitting model to feature number 2540, semibin_SRR5930528.78
2025-11-26 17:55:43.147125 INFO::Fitting model to feature number 2541, semibin_ERR6232521.2
2025-11-26 17:55:43.170703 INFO::Fitting model to feature number 2542, semibin_SRR20881987.22
2025-11-26 17:55:43.195184 INFO::Fitting model to feature number 2543, maxbin_ERR6275677.011
2025-11-26 17:55:43.219306 INFO::Fitting model to feature number 2544, metabat_SRR6000920.15
2025-11-26 17:55:43.243005 INFO::Fitting model to feature number 2545, metabat_SRR25825494.21
2025-11-26 17:55:43.266496 INFO::Fitting model to feature number 2546, maxbin_SRR11413614.027_sub
2025-11-26 17:55:43.29657 INFO::Fitting model to feature number 2547, metabat_ERR6279666.61
2025-11-26 17:55:43.319374 INFO::Fitting model to feature number 2548, metabat_SRR5930508.52
2025-11-26 17:55:43.346076 INFO::Fitting model to feature number 2549, metabat_SRR6000920.5_sub
2025-11-26 17:55:43.36939 INFO::Fitting model to feature number 2550, semibin_ERR6281500.169
2025-11-26 17:55:43.393678 INFO::Fitting model to feature number 2551, semibin_SRR6000908.41
2025-11-26 17:55:43.416977 INFO::Fitting model to feature number 2552, metabat_ERR6279625.50
2025-11-26 17:55:43.441283 INFO::Fitting model to feature number 2553, maxbin_ERR6275678.010
2025-11-26 17:55:43.464135 INFO::Fitting model to feature number 2554, metabat_SRR16554769.49
2025-11-26 17:55:43.488168 INFO::Fitting model to feature number 2555, semibin_SRR13068843.26
2025-11-26 17:55:43.510679 INFO::Fitting model to feature number 2556, semibin_SRR6000947.58_sub
2025-11-26 17:55:43.534544 INFO::Fitting model to feature number 2557, metabat_ERR6280899.67
2025-11-26 17:55:43.557614 INFO::Fitting model to feature number 2558, maxbin_SRR11413648.031
2025-11-26 17:55:43.585774 INFO::Fitting model to feature number 2559, semibin_ERR6280899.10
2025-11-26 17:55:43.612565 INFO::Fitting model to feature number 2560, metabat_ERR6239138.19
2025-11-26 17:55:43.635067 INFO::Fitting model to feature number 2561, semibin_ERR6275680.4
2025-11-26 17:55:43.659466 INFO::Fitting model to feature number 2562, maxbin_SRR25825515.021_sub
2025-11-26 17:55:43.682349 INFO::Fitting model to feature number 2563, semibin_ERR6235717.13
2025-11-26 17:55:43.706228 INFO::Fitting model to feature number 2564, semibin_ERR12405955.68
2025-11-26 17:55:43.729111 INFO::Fitting model to feature number 2565, maxbin_SRR5930505.002
2025-11-26 17:55:43.753012 INFO::Fitting model to feature number 2566, metabat_ERR6281997.12
2025-11-26 17:55:43.775793 INFO::Fitting model to feature number 2567, metabat_SRR16168986.30_sub
2025-11-26 17:55:43.821078 INFO::Fitting model to feature number 2568, semibin_ERR6282137.10
2025-11-26 17:55:43.847552 INFO::Fitting model to feature number 2569, semibin_ERR6279618.75_sub
2025-11-26 17:55:43.874344 INFO::Fitting model to feature number 2570, metabat_ERR6279620.12
2025-11-26 17:55:43.899709 INFO::Fitting model to feature number 2571, semibin_SRR5930495.18
2025-11-26 17:55:43.924067 INFO::Fitting model to feature number 2572, semibin_ERR6279644.71
2025-11-26 17:55:43.946812 INFO::Fitting model to feature number 2573, metabat_SRR11413654.79
2025-11-26 17:55:43.971011 INFO::Fitting model to feature number 2574, metabat_SRR13068843.10_sub
2025-11-26 17:55:43.993769 INFO::Fitting model to feature number 2575, metabat_SRR6000947.59
2025-11-26 17:55:44.017602 INFO::Fitting model to feature number 2576, semibin_SRR16554649.13
2025-11-26 17:55:44.040294 INFO::Fitting model to feature number 2577, metabat_ERR6279662.20
2025-11-26 17:55:44.064171 INFO::Fitting model to feature number 2578, metabat_ERR6281518.61_sub
2025-11-26 17:55:44.086843 INFO::Fitting model to feature number 2579, semibin_ERR12405943.65
2025-11-26 17:55:44.110929 INFO::Fitting model to feature number 2580, metabat_ERR6275669.24
2025-11-26 17:55:44.133666 INFO::Fitting model to feature number 2581, metabat_SRR13068823.23
2025-11-26 17:55:44.161899 INFO::Fitting model to feature number 2582, metabat_SRR11413692.14
2025-11-26 17:55:44.187299 INFO::Fitting model to feature number 2583, metabat_SRR23364198.6
2025-11-26 17:55:44.212863 INFO::Fitting model to feature number 2584, semibin_ERR12405966.20
2025-11-26 17:55:44.236858 INFO::Fitting model to feature number 2585, metabat_SRR20881981.60
2025-11-26 17:55:44.259446 INFO::Fitting model to feature number 2586, metabat_ERR12405985.42
2025-11-26 17:55:44.283727 INFO::Fitting model to feature number 2587, semibin_SRR16554715.26
2025-11-26 17:55:44.306551 INFO::Fitting model to feature number 2588, semibin_ERR6275659.65
2025-11-26 17:55:44.33065 INFO::Fitting model to feature number 2589, semibin_SRR11413646.12
2025-11-26 17:55:44.353863 INFO::Fitting model to feature number 2590, metabat_SRR5930531.8_sub
2025-11-26 17:55:44.377767 INFO::Fitting model to feature number 2591, semibin_SRR5930527.114
2025-11-26 17:55:44.400323 INFO::Fitting model to feature number 2592, semibin_ERR6279619.31
2025-11-26 17:55:44.424393 INFO::Fitting model to feature number 2593, semibin_SRR5930517.9
2025-11-26 17:55:44.447057 INFO::Fitting model to feature number 2594, semibin_SRR25825500.66
2025-11-26 17:55:44.476724 INFO::Fitting model to feature number 2595, metabat_ERR6275666.22_sub
2025-11-26 17:55:44.522195 INFO::Fitting model to feature number 2596, semibin_ERR6271721.28_sub
2025-11-26 17:55:44.548888 INFO::Fitting model to feature number 2597, semibin_ERR6232527.9_sub
2025-11-26 17:55:44.57195 INFO::Fitting model to feature number 2598, maxbin_ERR6279626.022
2025-11-26 17:55:44.596526 INFO::Fitting model to feature number 2599, semibin_ERR6280907.143_sub
2025-11-26 17:55:44.619003 INFO::Fitting model to feature number 2600, metabat_ERR6232529.28
2025-11-26 17:55:44.64237 INFO::Fitting model to feature number 2601, maxbin_ERR6232686.025
2025-11-26 17:55:44.664827 INFO::Fitting model to feature number 2602, maxbin_SRR25825520.007
2025-11-26 17:55:44.687891 INFO::Fitting model to feature number 2603, semibin_SRR16554760.12
2025-11-26 17:55:44.710774 INFO::Fitting model to feature number 2604, semibin_SRR16168940.67
2025-11-26 17:55:44.734531 INFO::Fitting model to feature number 2605, semibin_SRR16554651.7
2025-11-26 17:55:44.757362 INFO::Fitting model to feature number 2606, metabat_SRR5930520.89
2025-11-26 17:55:44.78533 INFO::Fitting model to feature number 2607, semibin_ERR6279669.75_sub
2025-11-26 17:55:44.810824 INFO::Fitting model to feature number 2608, semibin_ERR6279672.47
2025-11-26 17:55:44.837195 INFO::Fitting model to feature number 2609, semibin_SRR25825521.35
2025-11-26 17:55:44.862849 INFO::Fitting model to feature number 2610, semibin_SRR16554660.121
2025-11-26 17:55:44.886767 INFO::Fitting model to feature number 2611, metabat_SRR25825503.7
2025-11-26 17:55:44.911699 INFO::Fitting model to feature number 2612, semibin_ERR6275663.61
2025-11-26 17:55:44.9348 INFO::Fitting model to feature number 2613, semibin_SRR5930522.7_sub
2025-11-26 17:55:44.958938 INFO::Fitting model to feature number 2614, metabat_SRR16554763.17
2025-11-26 17:55:44.982011 INFO::Fitting model to feature number 2615, maxbin_ERR12405990.012
2025-11-26 17:55:45.00609 INFO::Fitting model to feature number 2616, semibin_SRR5930504.70
2025-11-26 17:55:45.028821 INFO::Fitting model to feature number 2617, semibin_SRR11413654.127
2025-11-26 17:55:45.053165 INFO::Fitting model to feature number 2618, semibin_SRR11413608.100
2025-11-26 17:55:45.07559 INFO::Fitting model to feature number 2619, metabat_ERR6236131.53_sub
2025-11-26 17:55:45.105094 INFO::Fitting model to feature number 2620, semibin_SRR16554681.35
2025-11-26 17:55:45.128472 INFO::Fitting model to feature number 2621, metabat_ERR6275652.28
2025-11-26 17:55:45.155936 INFO::Fitting model to feature number 2622, maxbin_SRR16168943.020_sub
2025-11-26 17:55:45.179103 INFO::Fitting model to feature number 2623, semibin_SRR11413656.55
2025-11-26 17:55:45.225065 INFO::Fitting model to feature number 2624, semibin_ERR6233694.0
2025-11-26 17:55:45.248419 INFO::Fitting model to feature number 2625, semibin_SRR5930495.0_sub
2025-11-26 17:55:45.272651 INFO::Fitting model to feature number 2626, maxbin_SRR5930519.005
2025-11-26 17:55:45.295658 INFO::Fitting model to feature number 2627, metabat_ERR6279669.21
2025-11-26 17:55:45.320066 INFO::Fitting model to feature number 2628, metabat_SRR16554726.7
2025-11-26 17:55:45.342832 INFO::Fitting model to feature number 2629, maxbin_ERR12405920.014
2025-11-26 17:55:45.36671 INFO::Fitting model to feature number 2630, semibin_ERR6232518.35
2025-11-26 17:55:45.389525 INFO::Fitting model to feature number 2631, semibin_ERR6231616.10
2025-11-26 17:55:45.42668 INFO::Fitting model to feature number 2632, metabat_ERR6279664.5
2025-11-26 17:55:45.454383 INFO::Fitting model to feature number 2633, semibin_SRR13068831.57
2025-11-26 17:55:45.479478 INFO::Fitting model to feature number 2634, maxbin_SRR11413687.052
2025-11-26 17:55:45.502912 INFO::Fitting model to feature number 2635, metabat_ERR12405929.15
2025-11-26 17:55:45.527824 INFO::Fitting model to feature number 2636, maxbin_SRR25825511.012
2025-11-26 17:55:45.550834 INFO::Fitting model to feature number 2637, semibin_ERR6236131.18_sub
2025-11-26 17:55:45.575191 INFO::Fitting model to feature number 2638, metabat_SRR11413606.21
2025-11-26 17:55:45.597504 INFO::Fitting model to feature number 2639, metabat_SRR11413620.38
2025-11-26 17:55:45.6219 INFO::Fitting model to feature number 2640, metabat_ERR6243880.19
2025-11-26 17:55:45.644761 INFO::Fitting model to feature number 2641, metabat_ERR6282070.17
2025-11-26 17:55:45.668823 INFO::Fitting model to feature number 2642, semibin_SRR5930511.18_sub
2025-11-26 17:55:45.691861 INFO::Fitting model to feature number 2643, semibin_SRR5930515.71
2025-11-26 17:55:45.720431 INFO::Fitting model to feature number 2644, metabat_ERR6279662.31
2025-11-26 17:55:45.747277 INFO::Fitting model to feature number 2645, semibin_ERR12406002.26_sub
2025-11-26 17:55:45.77101 INFO::Fitting model to feature number 2646, metabat_ERR6275671.32
2025-11-26 17:55:45.797283 INFO::Fitting model to feature number 2647, semibin_SRR16168986.17
2025-11-26 17:55:45.821012 INFO::Fitting model to feature number 2648, semibin_ERR6279662.30_sub
2025-11-26 17:55:45.84533 INFO::Fitting model to feature number 2649, maxbin_SRR13068832.004
2025-11-26 17:55:45.868745 INFO::Fitting model to feature number 2650, maxbin_ERR6279654.008
2025-11-26 17:55:45.911982 INFO::Fitting model to feature number 2651, semibin_SRR5930498.39
2025-11-26 17:55:45.93779 INFO::Fitting model to feature number 2652, metabat_ERR12405963.36_sub
2025-11-26 17:55:45.961101 INFO::Fitting model to feature number 2653, metabat_ERR6282383.84
2025-11-26 17:55:45.985564 INFO::Fitting model to feature number 2654, semibin_SRR23364208.18
2025-11-26 17:55:46.008824 INFO::Fitting model to feature number 2655, maxbin_ERR6281448.022
2025-11-26 17:55:46.036838 INFO::Fitting model to feature number 2656, semibin_ERR6232458.31
2025-11-26 17:55:46.062823 INFO::Fitting model to feature number 2657, semibin_SRR23364193.23
2025-11-26 17:55:46.085614 INFO::Fitting model to feature number 2658, semibin_ERR6281942.19
2025-11-26 17:55:46.111858 INFO::Fitting model to feature number 2659, metabat_SRR11413692.37
2025-11-26 17:55:46.134709 INFO::Fitting model to feature number 2660, metabat_SRR6000892.60
2025-11-26 17:55:46.159017 INFO::Fitting model to feature number 2661, semibin_ERR6279672.73
2025-11-26 17:55:46.181942 INFO::Fitting model to feature number 2662, metabat_ERR12405987.26
2025-11-26 17:55:46.205918 INFO::Fitting model to feature number 2663, metabat_ERR6275659.49
2025-11-26 17:55:46.2292 INFO::Fitting model to feature number 2664, semibin_SRR16168982.59
2025-11-26 17:55:46.25334 INFO::Fitting model to feature number 2665, semibin_SRR5930494.87
2025-11-26 17:55:46.277402 INFO::Fitting model to feature number 2666, semibin_SRR6000931.41
2025-11-26 17:55:46.301345 INFO::Fitting model to feature number 2667, metabat_ERR6282383.21
2025-11-26 17:55:46.325508 INFO::Fitting model to feature number 2668, metabat_SRR11413654.13
2025-11-26 17:55:46.34847 INFO::Fitting model to feature number 2669, semibin_SRR11413656.97
2025-11-26 17:55:46.382454 INFO::Fitting model to feature number 2670, metabat_ERR6279667.32_sub
2025-11-26 17:55:46.40683 INFO::Fitting model to feature number 2671, semibin_ERR6280899.23
2025-11-26 17:55:46.431655 INFO::Fitting model to feature number 2672, semibin_SRR6000895.32_sub
2025-11-26 17:55:46.45424 INFO::Fitting model to feature number 2673, metabat_ERR6281000.30
2025-11-26 17:55:46.478581 INFO::Fitting model to feature number 2674, semibin_SRR16554647.36
2025-11-26 17:55:46.501465 INFO::Fitting model to feature number 2675, metabat_ERR6279629.17_sub
2025-11-26 17:55:46.524786 INFO::Fitting model to feature number 2676, metabat_SRR13022269.5
2025-11-26 17:55:46.547625 INFO::Fitting model to feature number 2677, metabat_SRR5930499.54
2025-11-26 17:55:46.570357 INFO::Fitting model to feature number 2678, semibin_SRR11413647.85
2025-11-26 17:55:46.614333 INFO::Fitting model to feature number 2679, metabat_ERR6279645.26
2025-11-26 17:55:46.639557 INFO::Fitting model to feature number 2680, metabat_SRR6000946.13_sub
2025-11-26 17:55:46.662591 INFO::Fitting model to feature number 2681, metabat_ERR6275652.69
2025-11-26 17:55:46.699911 INFO::Fitting model to feature number 2682, maxbin_SRR11413619.035_sub
2025-11-26 17:55:46.723359 INFO::Fitting model to feature number 2683, metabat_ERR12405942.50
2025-11-26 17:55:46.752305 INFO::Fitting model to feature number 2684, metabat_ERR6279624.53
2025-11-26 17:55:46.775153 INFO::Fitting model to feature number 2685, metabat_ERR12405928.45
2025-11-26 17:55:46.800033 INFO::Fitting model to feature number 2686, metabat_SRR25825510.14_sub
2025-11-26 17:55:46.822511 INFO::Fitting model to feature number 2687, semibin_SRR11413615.16
2025-11-26 17:55:46.846911 INFO::Fitting model to feature number 2688, maxbin_SRR11413684.018
2025-11-26 17:55:46.869398 INFO::Fitting model to feature number 2689, maxbin_SRR5930514.013_sub
2025-11-26 17:55:46.893581 INFO::Fitting model to feature number 2690, maxbin_ERR6279647.003_sub
2025-11-26 17:55:46.916931 INFO::Fitting model to feature number 2691, metabat_ERR12405946.17
2025-11-26 17:55:46.941071 INFO::Fitting model to feature number 2692, metabat_SRR13068829.1
2025-11-26 17:55:46.964683 INFO::Fitting model to feature number 2693, semibin_SRR6000905.23
2025-11-26 17:55:46.992021 INFO::Fitting model to feature number 2694, semibin_SRR5930536.78
2025-11-26 17:55:47.017801 INFO::Fitting model to feature number 2695, metabat_ERR6279622.22
2025-11-26 17:55:47.04078 INFO::Fitting model to feature number 2696, metabat_SRR5930501.36
2025-11-26 17:55:47.067762 INFO::Fitting model to feature number 2697, metabat_ERR6232382.25
2025-11-26 17:55:47.090333 INFO::Fitting model to feature number 2698, metabat_SRR5930514.54
2025-11-26 17:55:47.114687 INFO::Fitting model to feature number 2699, semibin_ERR6236131.71
2025-11-26 17:55:47.137331 INFO::Fitting model to feature number 2700, semibin_SRR11413611.51_sub
2025-11-26 17:55:47.161038 INFO::Fitting model to feature number 2701, maxbin_SRR11413678.037
2025-11-26 17:55:47.184203 INFO::Fitting model to feature number 2702, metabat_SRR6000932.55
2025-11-26 17:55:47.206372 INFO::Fitting model to feature number 2703, semibin_ERR6281941.108
2025-11-26 17:55:47.230183 INFO::Fitting model to feature number 2704, semibin_ERR12405928.62
2025-11-26 17:55:47.252613 INFO::Fitting model to feature number 2705, maxbin_SRR16554679.010
2025-11-26 17:55:47.276546 INFO::Fitting model to feature number 2706, maxbin_SRR16554666.026
2025-11-26 17:55:47.329528 INFO::Fitting model to feature number 2707, maxbin_SRR13068839.007_sub
2025-11-26 17:55:47.354401 INFO::Fitting model to feature number 2708, metabat_ERR6275682.31
2025-11-26 17:55:47.380724 INFO::Fitting model to feature number 2709, metabat_SRR11413648.66
2025-11-26 17:55:47.405722 INFO::Fitting model to feature number 2710, metabat_ERR6279624.45
2025-11-26 17:55:47.428373 INFO::Fitting model to feature number 2711, semibin_ERR6279655.12
2025-11-26 17:55:47.452773 INFO::Fitting model to feature number 2712, maxbin_SRR13068843.042_sub
2025-11-26 17:55:47.475027 INFO::Fitting model to feature number 2713, semibin_SRR5930516.46
2025-11-26 17:55:47.499307 INFO::Fitting model to feature number 2714, metabat_SRR16554634.5
2025-11-26 17:55:47.522293 INFO::Fitting model to feature number 2715, metabat_SRR11413613.46
2025-11-26 17:55:47.546445 INFO::Fitting model to feature number 2716, semibin_ERR6275659.4
2025-11-26 17:55:47.569392 INFO::Fitting model to feature number 2717, semibin_SRR16168929.43
2025-11-26 17:55:47.593233 INFO::Fitting model to feature number 2718, metabat_SRR23364216.24
2025-11-26 17:55:47.616548 INFO::Fitting model to feature number 2719, metabat_SRR11413610.48
2025-11-26 17:55:47.644996 INFO::Fitting model to feature number 2720, metabat_ERR6279677.13
2025-11-26 17:55:47.670448 INFO::Fitting model to feature number 2721, maxbin_ERR6279657.038
2025-11-26 17:55:47.696243 INFO::Fitting model to feature number 2722, metabat_SRR16168942.31
2025-11-26 17:55:47.719744 INFO::Fitting model to feature number 2723, semibin_ERR6279661.41
2025-11-26 17:55:47.743037 INFO::Fitting model to feature number 2724, metabat_ERR6230340.28
2025-11-26 17:55:47.767349 INFO::Fitting model to feature number 2725, semibin_ERR6254869.21
2025-11-26 17:55:47.790184 INFO::Fitting model to feature number 2726, metabat_SRR20881980.24_sub
2025-11-26 17:55:47.815036 INFO::Fitting model to feature number 2727, maxbin_SRR16554627.030_sub
2025-11-26 17:55:47.838136 INFO::Fitting model to feature number 2728, metabat_SRR25825519.12_sub
2025-11-26 17:55:47.862576 INFO::Fitting model to feature number 2729, metabat_SRR5930515.44_sub
2025-11-26 17:55:47.885732 INFO::Fitting model to feature number 2730, semibin_SRR5930528.83_sub
2025-11-26 17:55:47.909777 INFO::Fitting model to feature number 2731, metabat_SRR23364199.7
2025-11-26 17:55:47.93263 INFO::Fitting model to feature number 2732, semibin_SRR20881977.6
2025-11-26 17:55:47.961592 INFO::Fitting model to feature number 2733, maxbin_ERR6281341.003
2025-11-26 17:55:47.986542 INFO::Fitting model to feature number 2734, semibin_ERR6282137.102
2025-11-26 17:55:48.03755 INFO::Fitting model to feature number 2735, maxbin_SRR25825514.020
2025-11-26 17:55:48.061275 INFO::Fitting model to feature number 2736, metabat_ERR6229432.61
2025-11-26 17:55:48.086859 INFO::Fitting model to feature number 2737, maxbin_SRR25825517.026
2025-11-26 17:55:48.109668 INFO::Fitting model to feature number 2738, maxbin_SRR13068846.017_sub
2025-11-26 17:55:48.133705 INFO::Fitting model to feature number 2739, metabat_ERR6281000.35
2025-11-26 17:55:48.156446 INFO::Fitting model to feature number 2740, maxbin_SRR5930517.009
2025-11-26 17:55:48.179514 INFO::Fitting model to feature number 2741, semibin_SRR16168940.58
2025-11-26 17:55:48.20207 INFO::Fitting model to feature number 2742, semibin_ERR12405963.29
2025-11-26 17:55:48.225271 INFO::Fitting model to feature number 2743, semibin_SRR13068830.47
2025-11-26 17:55:48.248528 INFO::Fitting model to feature number 2744, semibin_SRR16168976.4
2025-11-26 17:55:48.276195 INFO::Fitting model to feature number 2745, semibin_ERR6275677.18
2025-11-26 17:55:48.305721 INFO::Fitting model to feature number 2746, metabat_SRR11413649.70
2025-11-26 17:55:48.330546 INFO::Fitting model to feature number 2747, metabat_SRR6000909.37
2025-11-26 17:55:48.35636 INFO::Fitting model to feature number 2748, semibin_ERR6254871.70_sub
2025-11-26 17:55:48.379462 INFO::Fitting model to feature number 2749, semibin_ERR6275675.39_sub
2025-11-26 17:55:48.403931 INFO::Fitting model to feature number 2750, semibin_ERR6267711.11
2025-11-26 17:55:48.426169 INFO::Fitting model to feature number 2751, metabat_ERR6232382.23
2025-11-26 17:55:48.450987 INFO::Fitting model to feature number 2752, maxbin_SRR5930509.015_sub
2025-11-26 17:55:48.473612 INFO::Fitting model to feature number 2753, metabat_ERR6239139.1
2025-11-26 17:55:48.497647 INFO::Fitting model to feature number 2754, semibin_SRR16168943.33
2025-11-26 17:55:48.520126 INFO::Fitting model to feature number 2755, maxbin_SRR6000891.002
2025-11-26 17:55:48.543697 INFO::Fitting model to feature number 2756, metabat_ERR6281518.75
2025-11-26 17:55:48.566493 INFO::Fitting model to feature number 2757, metabat_ERR6280907.74
2025-11-26 17:55:48.59367 INFO::Fitting model to feature number 2758, semibin_ERR6281997.9
2025-11-26 17:55:48.621108 INFO::Fitting model to feature number 2759, metabat_SRR5930494.32
2025-11-26 17:55:48.643847 INFO::Fitting model to feature number 2760, semibin_ERR6279624.74
2025-11-26 17:55:48.670563 INFO::Fitting model to feature number 2761, metabat_SRR11413617.26_sub
2025-11-26 17:55:48.711668 INFO::Fitting model to feature number 2762, metabat_SRR5930526.94
2025-11-26 17:55:48.739513 INFO::Fitting model to feature number 2763, semibin_SRR5930536.22
2025-11-26 17:55:48.764225 INFO::Fitting model to feature number 2764, maxbin_ERR6232525.008_sub
2025-11-26 17:55:48.78864 INFO::Fitting model to feature number 2765, metabat_ERR6281518.71
2025-11-26 17:55:48.814569 INFO::Fitting model to feature number 2766, metabat_SRR16554638.16_sub
2025-11-26 17:55:48.838841 INFO::Fitting model to feature number 2767, semibin_SRR5930520.61
2025-11-26 17:55:48.862104 INFO::Fitting model to feature number 2768, semibin_SRR25825501.10
2025-11-26 17:55:48.886843 INFO::Fitting model to feature number 2769, metabat_SRR25825519.52
2025-11-26 17:55:48.915549 INFO::Fitting model to feature number 2770, maxbin_SRR5930503.016
2025-11-26 17:55:48.941733 INFO::Fitting model to feature number 2771, semibin_SRR16554654.4_sub
2025-11-26 17:55:48.965225 INFO::Fitting model to feature number 2772, semibin_ERR6275663.97
2025-11-26 17:55:48.991891 INFO::Fitting model to feature number 2773, semibin_SRR11413657.92
2025-11-26 17:55:49.016197 INFO::Fitting model to feature number 2774, metabat_SRR23364199.53_sub
2025-11-26 17:55:49.041117 INFO::Fitting model to feature number 2775, semibin_ERR12405957.24
2025-11-26 17:55:49.064217 INFO::Fitting model to feature number 2776, metabat_SRR8387676.9
2025-11-26 17:55:49.088454 INFO::Fitting model to feature number 2777, maxbin_ERR6275663.053
2025-11-26 17:55:49.11164 INFO::Fitting model to feature number 2778, semibin_ERR12405997.23
2025-11-26 17:55:49.135501 INFO::Fitting model to feature number 2779, semibin_SRR11413689.52
2025-11-26 17:55:49.159426 INFO::Fitting model to feature number 2780, metabat_ERR12405965.8
2025-11-26 17:55:49.183072 INFO::Fitting model to feature number 2781, metabat_SRR16554660.26
2025-11-26 17:55:49.206841 INFO::Fitting model to feature number 2782, semibin_SRR11413613.8
2025-11-26 17:55:49.234154 INFO::Fitting model to feature number 2783, maxbin_SRR5930528.078
2025-11-26 17:55:49.259858 INFO::Fitting model to feature number 2784, semibin_SRR11413689.16
2025-11-26 17:55:49.283934 INFO::Fitting model to feature number 2785, semibin_ERR6279657.67
2025-11-26 17:55:49.310674 INFO::Fitting model to feature number 2786, maxbin_SRR5930498.005
2025-11-26 17:55:49.33273 INFO::Fitting model to feature number 2787, semibin_ERR6279628.5
2025-11-26 17:55:49.356336 INFO::Fitting model to feature number 2788, maxbin_ERR6233695.013
2025-11-26 17:55:49.379494 INFO::Fitting model to feature number 2789, maxbin_SRR5930518.004
2025-11-26 17:55:49.423782 INFO::Fitting model to feature number 2790, semibin_SRR11413685.32
2025-11-26 17:55:49.449322 INFO::Fitting model to feature number 2791, metabat_SRR16168942.20
2025-11-26 17:55:49.473183 INFO::Fitting model to feature number 2792, metabat_ERR6271719.16
2025-11-26 17:55:49.498487 INFO::Fitting model to feature number 2793, maxbin_ERR6281518.024_sub
2025-11-26 17:55:49.527744 INFO::Fitting model to feature number 2794, metabat_SRR13068825.48
2025-11-26 17:55:49.552428 INFO::Fitting model to feature number 2795, metabat_SRR25825498.33
2025-11-26 17:55:49.577178 INFO::Fitting model to feature number 2796, metabat_SRR23364187.36
2025-11-26 17:55:49.600296 INFO::Fitting model to feature number 2797, metabat_SRR6000894.40
2025-11-26 17:55:49.624124 INFO::Fitting model to feature number 2798, metabat_SRR5930528.76_sub
2025-11-26 17:55:49.647091 INFO::Fitting model to feature number 2799, metabat_ERR6232525.20
2025-11-26 17:55:49.670622 INFO::Fitting model to feature number 2800, metabat_ERR6279678.21
2025-11-26 17:55:49.693789 INFO::Fitting model to feature number 2801, semibin_SRR16168952.25
2025-11-26 17:55:49.717142 INFO::Fitting model to feature number 2802, metabat_ERR12405919.8
2025-11-26 17:55:49.741027 INFO::Fitting model to feature number 2803, metabat_ERR6279662.37_sub
2025-11-26 17:55:49.764468 INFO::Fitting model to feature number 2804, maxbin_ERR6271721.019
2025-11-26 17:55:49.789106 INFO::Fitting model to feature number 2805, semibin_SRR25825506.42
2025-11-26 17:55:49.812177 INFO::Fitting model to feature number 2806, metabat_SRR16168920.6
2025-11-26 17:55:49.844106 INFO::Fitting model to feature number 2807, semibin_ERR6279678.45
2025-11-26 17:55:49.867898 INFO::Fitting model to feature number 2808, semibin_SRR25825500.86
2025-11-26 17:55:49.896061 INFO::Fitting model to feature number 2809, semibin_SRR25825500.114
2025-11-26 17:55:49.918855 INFO::Fitting model to feature number 2810, semibin_SRR25825510.189
2025-11-26 17:55:49.942263 INFO::Fitting model to feature number 2811, metabat_ERR6232525.13
2025-11-26 17:55:49.966286 INFO::Fitting model to feature number 2812, metabat_ERR6232382.11
2025-11-26 17:55:49.988862 INFO::Fitting model to feature number 2813, maxbin_ERR12406009.012
2025-11-26 17:55:50.01314 INFO::Fitting model to feature number 2814, metabat_ERR6279628.58
2025-11-26 17:55:50.03631 INFO::Fitting model to feature number 2815, metabat_SRR25825511.66_sub
2025-11-26 17:55:50.060091 INFO::Fitting model to feature number 2816, semibin_ERR12405912.18
2025-11-26 17:55:50.08307 INFO::Fitting model to feature number 2817, metabat_SRR16168896.21
2025-11-26 17:55:50.128088 INFO::Fitting model to feature number 2818, maxbin_ERR6235716.012
2025-11-26 17:55:50.156661 INFO::Fitting model to feature number 2819, semibin_ERR6281997.61
2025-11-26 17:55:50.182827 INFO::Fitting model to feature number 2820, maxbin_SRR5930505.021_sub
2025-11-26 17:55:50.208937 INFO::Fitting model to feature number 2821, semibin_SRR16168940.30
2025-11-26 17:55:50.235179 INFO::Fitting model to feature number 2822, semibin_SRR5930522.26
2025-11-26 17:55:50.257382 INFO::Fitting model to feature number 2823, metabat_ERR6279622.65
2025-11-26 17:55:50.282374 INFO::Fitting model to feature number 2824, maxbin_SRR25825504.004_sub
2025-11-26 17:55:50.304622 INFO::Fitting model to feature number 2825, semibin_SRR11413610.61
2025-11-26 17:55:50.329955 INFO::Fitting model to feature number 2826, semibin_SRR16554649.29
2025-11-26 17:55:50.352679 INFO::Fitting model to feature number 2827, maxbin_ERR6275652.027
2025-11-26 17:55:50.376994 INFO::Fitting model to feature number 2828, metabat_SRR6000921.30
2025-11-26 17:55:50.399558 INFO::Fitting model to feature number 2829, metabat_SRR16554650.19
2025-11-26 17:55:50.424716 INFO::Fitting model to feature number 2830, metabat_ERR6232524.25
2025-11-26 17:55:50.44752 INFO::Fitting model to feature number 2831, maxbin_SRR25825506.019
2025-11-26 17:55:50.475885 INFO::Fitting model to feature number 2832, semibin_SRR11413649.107
2025-11-26 17:55:50.502311 INFO::Fitting model to feature number 2833, semibin_SRR5930507.107
2025-11-26 17:55:50.525857 INFO::Fitting model to feature number 2834, maxbin_SRR16168918.021
2025-11-26 17:55:50.55487 INFO::Fitting model to feature number 2835, metabat_SRR5930522.5
2025-11-26 17:55:50.578056 INFO::Fitting model to feature number 2836, metabat_ERR6279681.9
2025-11-26 17:55:50.603377 INFO::Fitting model to feature number 2837, metabat_ERR6232524.19_sub
2025-11-26 17:55:50.627246 INFO::Fitting model to feature number 2838, maxbin_SRR5930504.041
2025-11-26 17:55:50.651314 INFO::Fitting model to feature number 2839, maxbin_ERR12405998.015
2025-11-26 17:55:50.674158 INFO::Fitting model to feature number 2840, maxbin_SRR16554643.017
2025-11-26 17:55:50.697398 INFO::Fitting model to feature number 2841, maxbin_ERR12405997.011
2025-11-26 17:55:50.720754 INFO::Fitting model to feature number 2842, maxbin_SRR5930528.038
2025-11-26 17:55:50.743233 INFO::Fitting model to feature number 2843, metabat_ERR6232688.27_sub
2025-11-26 17:55:50.767072 INFO::Fitting model to feature number 2844, metabat_ERR6254870.36
2025-11-26 17:55:50.789893 INFO::Fitting model to feature number 2845, maxbin_ERR6232527.009
2025-11-26 17:55:50.849659 INFO::Fitting model to feature number 2846, semibin_ERR6279669.21
2025-11-26 17:55:50.876454 INFO::Fitting model to feature number 2847, metabat_SRR23364231.5_sub
2025-11-26 17:55:50.89953 INFO::Fitting model to feature number 2848, metabat_SRR25825512.11
2025-11-26 17:55:50.923186 INFO::Fitting model to feature number 2849, semibin_SRR5930495.69
2025-11-26 17:55:50.946525 INFO::Fitting model to feature number 2850, semibin_ERR6280907.83
2025-11-26 17:55:50.969065 INFO::Fitting model to feature number 2851, semibin_SRR11413657.4_sub
2025-11-26 17:55:50.993083 INFO::Fitting model to feature number 2852, metabat_ERR6264281.18_sub
2025-11-26 17:55:51.01565 INFO::Fitting model to feature number 2853, semibin_ERR6279676.66
2025-11-26 17:55:51.039544 INFO::Fitting model to feature number 2854, maxbin_SRR16554769.019
2025-11-26 17:55:51.06215 INFO::Fitting model to feature number 2855, semibin_ERR6279664.18_sub
2025-11-26 17:55:51.085851 INFO::Fitting model to feature number 2856, semibin_SRR5930504.31_sub
2025-11-26 17:55:51.10863 INFO::Fitting model to feature number 2857, semibin_ERR6273965.108
2025-11-26 17:55:51.13888 INFO::Fitting model to feature number 2858, metabat_ERR6279622.55
2025-11-26 17:55:51.163637 INFO::Fitting model to feature number 2859, metabat_ERR6281504.33
2025-11-26 17:55:51.18785 INFO::Fitting model to feature number 2860, semibin_ERR12405984.16
2025-11-26 17:55:51.213516 INFO::Fitting model to feature number 2861, metabat_ERR6230278.16
2025-11-26 17:55:51.236024 INFO::Fitting model to feature number 2862, semibin_SRR16554769.30_sub
2025-11-26 17:55:51.260371 INFO::Fitting model to feature number 2863, semibin_SRR23364216.26
2025-11-26 17:55:51.282672 INFO::Fitting model to feature number 2864, metabat_ERR12406000.18
2025-11-26 17:55:51.305642 INFO::Fitting model to feature number 2865, semibin_ERR6275671.43
2025-11-26 17:55:51.328521 INFO::Fitting model to feature number 2866, semibin_ERR6279620.0
2025-11-26 17:55:51.350777 INFO::Fitting model to feature number 2867, metabat_SRR5930494.22
2025-11-26 17:55:51.374165 INFO::Fitting model to feature number 2868, metabat_ERR6279626.45_sub
2025-11-26 17:55:51.396524 INFO::Fitting model to feature number 2869, metabat_ERR6275680.25_sub
2025-11-26 17:55:51.420247 INFO::Fitting model to feature number 2870, semibin_SRR11413657.20
2025-11-26 17:55:51.442634 INFO::Fitting model to feature number 2871, metabat_ERR12405955.3
2025-11-26 17:55:51.471479 INFO::Fitting model to feature number 2872, semibin_SRR16168925.11
2025-11-26 17:55:51.511527 INFO::Fitting model to feature number 2873, metabat_SRR5930509.4
2025-11-26 17:55:51.543775 INFO::Fitting model to feature number 2874, semibin_SRR23364199.80
2025-11-26 17:55:51.567439 INFO::Fitting model to feature number 2875, maxbin_SRR16554652.018
2025-11-26 17:55:51.591761 INFO::Fitting model to feature number 2876, maxbin_ERR6282383.014
2025-11-26 17:55:51.615525 INFO::Fitting model to feature number 2877, metabat_SRR13068848.31
2025-11-26 17:55:51.638733 INFO::Fitting model to feature number 2878, metabat_ERR6280907.57
2025-11-26 17:55:51.66184 INFO::Fitting model to feature number 2879, semibin_SRR25825514.45
2025-11-26 17:55:51.684594 INFO::Fitting model to feature number 2880, metabat_SRR16554636.13
2025-11-26 17:55:51.708928 INFO::Fitting model to feature number 2881, semibin_ERR6233692.51_sub
2025-11-26 17:55:51.7319 INFO::Fitting model to feature number 2882, semibin_SRR5930519.9
2025-11-26 17:55:51.755809 INFO::Fitting model to feature number 2883, metabat_SRR23364192.64
2025-11-26 17:55:51.778175 INFO::Fitting model to feature number 2884, semibin_ERR6281941.55
2025-11-26 17:55:51.808109 INFO::Fitting model to feature number 2885, metabat_ERR6279671.9
2025-11-26 17:55:51.831741 INFO::Fitting model to feature number 2886, metabat_ERR6281518.6_sub
2025-11-26 17:55:51.857289 INFO::Fitting model to feature number 2887, metabat_SRR13022423.1
2025-11-26 17:55:51.882237 INFO::Fitting model to feature number 2888, semibin_SRR5930494.35
2025-11-26 17:55:51.904913 INFO::Fitting model to feature number 2889, semibin_ERR6279663.35
2025-11-26 17:55:51.928649 INFO::Fitting model to feature number 2890, semibin_ERR6275674.5
2025-11-26 17:55:51.951183 INFO::Fitting model to feature number 2891, metabat_ERR6279672.31
2025-11-26 17:55:51.974905 INFO::Fitting model to feature number 2892, maxbin_SRR25825520.016
2025-11-26 17:55:51.997729 INFO::Fitting model to feature number 2893, maxbin_SRR16168943.002
2025-11-26 17:55:52.021504 INFO::Fitting model to feature number 2894, maxbin_SRR11413608.008
2025-11-26 17:55:52.043803 INFO::Fitting model to feature number 2895, maxbin_SRR5930499.010
2025-11-26 17:55:52.067102 INFO::Fitting model to feature number 2896, semibin_SRR5930495.36
2025-11-26 17:55:52.090666 INFO::Fitting model to feature number 2897, semibin_ERR6281341.88
2025-11-26 17:55:52.116195 INFO::Fitting model to feature number 2898, maxbin_SRR11413679.051_sub
2025-11-26 17:55:52.144292 INFO::Fitting model to feature number 2899, maxbin_ERR6279628.059
2025-11-26 17:55:52.170111 INFO::Fitting model to feature number 2900, maxbin_ERR6279625.025_sub
2025-11-26 17:55:52.220914 INFO::Fitting model to feature number 2901, semibin_ERR6279682.58
2025-11-26 17:55:52.246812 INFO::Fitting model to feature number 2902, metabat_ERR6275670.41
2025-11-26 17:55:52.269381 INFO::Fitting model to feature number 2903, semibin_ERR12405965.36
2025-11-26 17:55:52.293063 INFO::Fitting model to feature number 2904, metabat_ERR6275661.6
2025-11-26 17:55:52.316853 INFO::Fitting model to feature number 2905, metabat_SRR16554650.17
2025-11-26 17:55:52.338861 INFO::Fitting model to feature number 2906, metabat_ERR12405920.23
2025-11-26 17:55:52.362433 INFO::Fitting model to feature number 2907, metabat_SRR16554660.15
2025-11-26 17:55:52.385451 INFO::Fitting model to feature number 2908, semibin_ERR6281518.139
2025-11-26 17:55:52.409404 INFO::Fitting model to feature number 2909, metabat_SRR6000905.63
2025-11-26 17:55:52.434596 INFO::Fitting model to feature number 2910, maxbin_ERR12405998.009
2025-11-26 17:55:52.468233 INFO::Fitting model to feature number 2911, semibin_SRR11413681.26
2025-11-26 17:55:52.490575 INFO::Fitting model to feature number 2912, semibin_SRR11413613.4
2025-11-26 17:55:52.52038 INFO::Fitting model to feature number 2913, metabat_SRR16554649.1
2025-11-26 17:55:52.544675 INFO::Fitting model to feature number 2914, semibin_SRR5930507.41
2025-11-26 17:55:52.568802 INFO::Fitting model to feature number 2915, semibin_SRR5930513.14
2025-11-26 17:55:52.591938 INFO::Fitting model to feature number 2916, metabat_SRR16168938.13
2025-11-26 17:55:52.615336 INFO::Fitting model to feature number 2917, semibin_ERR6264281.90
2025-11-26 17:55:52.639724 INFO::Fitting model to feature number 2918, semibin_ERR6279624.2
2025-11-26 17:55:52.66498 INFO::Fitting model to feature number 2919, semibin_SRR16168900.29
2025-11-26 17:55:52.6947 INFO::Fitting model to feature number 2920, semibin_SRR13022461.32
2025-11-26 17:55:52.718377 INFO::Fitting model to feature number 2921, semibin_ERR6279624.49
2025-11-26 17:55:52.746582 INFO::Fitting model to feature number 2922, semibin_SRR20881987.45
2025-11-26 17:55:52.769075 INFO::Fitting model to feature number 2923, metabat_SRR16554669.9
2025-11-26 17:55:52.794014 INFO::Fitting model to feature number 2924, semibin_SRR16554634.50_sub
2025-11-26 17:55:52.817477 INFO::Fitting model to feature number 2925, metabat_ERR6230340.24
2025-11-26 17:55:52.839947 INFO::Fitting model to feature number 2926, semibin_SRR11413683.37
2025-11-26 17:55:52.863911 INFO::Fitting model to feature number 2927, metabat_ERR6279675.25
2025-11-26 17:55:52.886768 INFO::Fitting model to feature number 2928, metabat_SRR5930499.39
2025-11-26 17:55:52.932133 INFO::Fitting model to feature number 2929, semibin_ERR6275683.94
2025-11-26 17:55:52.957016 INFO::Fitting model to feature number 2930, semibin_ERR6281658.34
2025-11-26 17:55:52.980117 INFO::Fitting model to feature number 2931, semibin_SRR5930498.22
2025-11-26 17:55:53.007277 INFO::Fitting model to feature number 2932, semibin_ERR6279666.16
2025-11-26 17:55:53.034319 INFO::Fitting model to feature number 2933, maxbin_ERR6275663.003
2025-11-26 17:55:53.05918 INFO::Fitting model to feature number 2934, metabat_ERR6236131.12_sub
2025-11-26 17:55:53.084643 INFO::Fitting model to feature number 2935, metabat_SRR11413645.9
2025-11-26 17:55:53.107193 INFO::Fitting model to feature number 2936, semibin_SRR23364171.14_sub
2025-11-26 17:55:53.131372 INFO::Fitting model to feature number 2937, maxbin_ERR6279627.021_sub
2025-11-26 17:55:53.153807 INFO::Fitting model to feature number 2938, metabat_SRR16168976.37
2025-11-26 17:55:53.177756 INFO::Fitting model to feature number 2939, semibin_ERR6280899.75
2025-11-26 17:55:53.200781 INFO::Fitting model to feature number 2940, maxbin_SRR11413610.020
2025-11-26 17:55:53.223381 INFO::Fitting model to feature number 2941, metabat_ERR6279626.64
2025-11-26 17:55:53.248272 INFO::Fitting model to feature number 2942, maxbin_SRR16168985.013
2025-11-26 17:55:53.271333 INFO::Fitting model to feature number 2943, maxbin_SRR5930501.068_sub
2025-11-26 17:55:53.295557 INFO::Fitting model to feature number 2944, semibin_SRR25825510.110
2025-11-26 17:55:53.317593 INFO::Fitting model to feature number 2945, metabat_SRR5930506.18
2025-11-26 17:55:53.344758 INFO::Fitting model to feature number 2946, metabat_ERR6279648.10
2025-11-26 17:55:53.369854 INFO::Fitting model to feature number 2947, maxbin_SRR16168918.052_sub
2025-11-26 17:55:53.395202 INFO::Fitting model to feature number 2948, metabat_SRR25825512.24_sub
2025-11-26 17:55:53.420608 INFO::Fitting model to feature number 2949, maxbin_SRR13068851.002
2025-11-26 17:55:53.442604 INFO::Fitting model to feature number 2950, maxbin_SRR16554633.015_sub
2025-11-26 17:55:53.467315 INFO::Fitting model to feature number 2951, metabat_ERR6275671.21
2025-11-26 17:55:53.489712 INFO::Fitting model to feature number 2952, metabat_ERR6279653.8
2025-11-26 17:55:53.513982 INFO::Fitting model to feature number 2953, metabat_SRR20881981.63
2025-11-26 17:55:53.537524 INFO::Fitting model to feature number 2954, semibin_ERR6279667.6_sub
2025-11-26 17:55:53.560467 INFO::Fitting model to feature number 2955, semibin_SRR23364222.14_sub
2025-11-26 17:55:53.584456 INFO::Fitting model to feature number 2956, metabat_SRR16168913.14
2025-11-26 17:55:53.630294 INFO::Fitting model to feature number 2957, semibin_ERR6279647.36
2025-11-26 17:55:53.653512 INFO::Fitting model to feature number 2958, metabat_SRR11413649.13
2025-11-26 17:55:53.682745 INFO::Fitting model to feature number 2959, semibin_SRR11413656.24
2025-11-26 17:55:53.707799 INFO::Fitting model to feature number 2960, metabat_SRR5930529.63_sub
2025-11-26 17:55:53.732388 INFO::Fitting model to feature number 2961, metabat_ERR6279622.42
2025-11-26 17:55:53.75758 INFO::Fitting model to feature number 2962, semibin_ERR6279680.44
2025-11-26 17:55:53.779897 INFO::Fitting model to feature number 2963, metabat_ERR6279627.24
2025-11-26 17:55:53.803545 INFO::Fitting model to feature number 2964, semibin_ERR6279672.85_sub
2025-11-26 17:55:53.826414 INFO::Fitting model to feature number 2965, semibin_SRR13068843.2
2025-11-26 17:55:53.848735 INFO::Fitting model to feature number 2966, metabat_SRR23364176.32
2025-11-26 17:55:53.872492 INFO::Fitting model to feature number 2967, metabat_ERR6232525.2
2025-11-26 17:55:53.895287 INFO::Fitting model to feature number 2968, semibin_ERR6275682.18
2025-11-26 17:55:53.919721 INFO::Fitting model to feature number 2969, metabat_ERR6281000.16
2025-11-26 17:55:53.942198 INFO::Fitting model to feature number 2970, semibin_SRR6000940.80
2025-11-26 17:55:53.966494 INFO::Fitting model to feature number 2971, metabat_ERR6279628.17
2025-11-26 17:55:53.98912 INFO::Fitting model to feature number 2972, metabat_ERR6281499.18_sub
2025-11-26 17:55:54.018182 INFO::Fitting model to feature number 2973, metabat_SRR20881981.9
2025-11-26 17:55:54.047928 INFO::Fitting model to feature number 2974, metabat_ERR6275652.54
2025-11-26 17:55:54.074227 INFO::Fitting model to feature number 2975, metabat_SRR16168913.43
2025-11-26 17:55:54.099352 INFO::Fitting model to feature number 2976, metabat_SRR16168982.26
2025-11-26 17:55:54.121468 INFO::Fitting model to feature number 2977, maxbin_SRR23364176.009
2025-11-26 17:55:54.147427 INFO::Fitting model to feature number 2978, metabat_ERR6230340.13
2025-11-26 17:55:54.168997 INFO::Fitting model to feature number 2979, semibin_SRR5930506.146
2025-11-26 17:55:54.191732 INFO::Fitting model to feature number 2980, semibin_SRR16554652.51
2025-11-26 17:55:54.214935 INFO::Fitting model to feature number 2981, metabat_SRR11413683.27
2025-11-26 17:55:54.237003 INFO::Fitting model to feature number 2982, semibin_SRR6000899.35
2025-11-26 17:55:54.260497 INFO::Fitting model to feature number 2983, semibin_ERR6280899.56
2025-11-26 17:55:54.282728 INFO::Fitting model to feature number 2984, semibin_SRR25825504.123_sub
2025-11-26 17:55:54.328688 INFO::Fitting model to feature number 2985, metabat_SRR16168926.39
2025-11-26 17:55:54.356096 INFO::Fitting model to feature number 2986, semibin_SRR5930501.71
2025-11-26 17:55:54.383801 INFO::Fitting model to feature number 2987, semibin_ERR6281504.76
2025-11-26 17:55:54.410353 INFO::Fitting model to feature number 2988, semibin_ERR6279673.45
2025-11-26 17:55:54.436364 INFO::Fitting model to feature number 2989, semibin_ERR6275674.36_sub
2025-11-26 17:55:54.458698 INFO::Fitting model to feature number 2990, semibin_SRR5930498.76
2025-11-26 17:55:54.483677 INFO::Fitting model to feature number 2991, maxbin_ERR6279664.002_sub
2025-11-26 17:55:54.506259 INFO::Fitting model to feature number 2992, metabat_SRR6000931.60_sub
2025-11-26 17:55:54.530092 INFO::Fitting model to feature number 2993, semibin_SRR16168976.65
2025-11-26 17:55:54.553626 INFO::Fitting model to feature number 2994, metabat_ERR6281343.50_sub
2025-11-26 17:55:54.576226 INFO::Fitting model to feature number 2995, semibin_SRR6000909.0
2025-11-26 17:55:54.600795 INFO::Fitting model to feature number 2996, metabat_SRR11413657.66_sub
2025-11-26 17:55:54.623158 INFO::Fitting model to feature number 2997, maxbin_SRR23364193.009
2025-11-26 17:55:54.648005 INFO::Fitting model to feature number 2998, semibin_SRR23364235.52
2025-11-26 17:55:54.670994 INFO::Fitting model to feature number 2999, metabat_SRR23364194.60_sub
2025-11-26 17:55:54.698954 INFO::Fitting model to feature number 3000, semibin_SRR16168918.151
2025-11-26 17:55:54.723655 INFO::Fitting model to feature number 3001, semibin_SRR16554777.34
2025-11-26 17:55:54.747768 INFO::Fitting model to feature number 3002, maxbin_ERR6271721.021_sub
2025-11-26 17:55:54.77278 INFO::Fitting model to feature number 3003, maxbin_SRR5930493.014
2025-11-26 17:55:54.795607 INFO::Fitting model to feature number 3004, semibin_ERR6279655.13
2025-11-26 17:55:54.818747 INFO::Fitting model to feature number 3005, metabat_ERR6279677.29_sub
2025-11-26 17:55:54.842037 INFO::Fitting model to feature number 3006, metabat_SRR16168976.44
2025-11-26 17:55:54.864045 INFO::Fitting model to feature number 3007, semibin_SRR5930510.39
2025-11-26 17:55:54.888124 INFO::Fitting model to feature number 3008, metabat_ERR6275667.22
2025-11-26 17:55:54.911077 INFO::Fitting model to feature number 3009, semibin_SRR20881978.50
2025-11-26 17:55:54.934814 INFO::Fitting model to feature number 3010, semibin_SRR25825501.41
2025-11-26 17:55:54.956924 INFO::Fitting model to feature number 3011, metabat_SRR25825498.30
2025-11-26 17:55:54.996738 INFO::Fitting model to feature number 3012, metabat_SRR25825516.32
2025-11-26 17:55:55.02975 INFO::Fitting model to feature number 3013, metabat_ERR6281504.76
2025-11-26 17:55:55.057272 INFO::Fitting model to feature number 3014, maxbin_SRR5930520.048_sub
2025-11-26 17:55:55.080333 INFO::Fitting model to feature number 3015, metabat_ERR6279678.25
2025-11-26 17:55:55.107216 INFO::Fitting model to feature number 3016, metabat_SRR16554659.15
2025-11-26 17:55:55.130982 INFO::Fitting model to feature number 3017, metabat_ERR6275663.2
2025-11-26 17:55:55.154289 INFO::Fitting model to feature number 3018, semibin_ERR6281518.131
2025-11-26 17:55:55.177145 INFO::Fitting model to feature number 3019, semibin_SRR16168930.105
2025-11-26 17:55:55.199507 INFO::Fitting model to feature number 3020, semibin_SRR20881974.54
2025-11-26 17:55:55.223848 INFO::Fitting model to feature number 3021, maxbin_ERR12405967.002_sub
2025-11-26 17:55:55.247037 INFO::Fitting model to feature number 3022, semibin_SRR6000940.38_sub
2025-11-26 17:55:55.27179 INFO::Fitting model to feature number 3023, semibin_SRR16168902.6
2025-11-26 17:55:55.294667 INFO::Fitting model to feature number 3024, semibin_ERR6275675.42
2025-11-26 17:55:55.319049 INFO::Fitting model to feature number 3025, metabat_ERR6281000.56_sub
2025-11-26 17:55:55.342129 INFO::Fitting model to feature number 3026, semibin_ERR6275666.53
2025-11-26 17:55:55.365315 INFO::Fitting model to feature number 3027, metabat_ERR6243877.9
2025-11-26 17:55:55.398211 INFO::Fitting model to feature number 3028, metabat_SRR16168984.26
2025-11-26 17:55:55.421833 INFO::Fitting model to feature number 3029, metabat_ERR12405965.31_sub
2025-11-26 17:55:55.451981 INFO::Fitting model to feature number 3030, metabat_SRR25825501.22
2025-11-26 17:55:55.474826 INFO::Fitting model to feature number 3031, semibin_SRR6000946.37
2025-11-26 17:55:55.50011 INFO::Fitting model to feature number 3032, metabat_SRR25825514.3
2025-11-26 17:55:55.522982 INFO::Fitting model to feature number 3033, metabat_SRR5930498.62
2025-11-26 17:55:55.546193 INFO::Fitting model to feature number 3034, semibin_SRR23364189.47
2025-11-26 17:55:55.569775 INFO::Fitting model to feature number 3035, semibin_ERR6279670.33
2025-11-26 17:55:55.591947 INFO::Fitting model to feature number 3036, metabat_ERR6254870.9
2025-11-26 17:55:55.615485 INFO::Fitting model to feature number 3037, semibin_SRR11413646.13
2025-11-26 17:55:55.63807 INFO::Fitting model to feature number 3038, maxbin_SRR11413681.026
2025-11-26 17:55:55.661776 INFO::Fitting model to feature number 3039, semibin_SRR5930505.151
2025-11-26 17:55:55.708731 INFO::Fitting model to feature number 3040, metabat_SRR5930528.90
2025-11-26 17:55:55.737903 INFO::Fitting model to feature number 3041, metabat_ERR12405943.50_sub
2025-11-26 17:55:55.761533 INFO::Fitting model to feature number 3042, semibin_SRR5930521.95
2025-11-26 17:55:55.788061 INFO::Fitting model to feature number 3043, semibin_ERR6275673.30
2025-11-26 17:55:55.81183 INFO::Fitting model to feature number 3044, semibin_SRR25825502.26
2025-11-26 17:55:55.835052 INFO::Fitting model to feature number 3045, semibin_ERR6279671.38
2025-11-26 17:55:55.859005 INFO::Fitting model to feature number 3046, maxbin_SRR13068844.013_sub
2025-11-26 17:55:55.881816 INFO::Fitting model to feature number 3047, maxbin_ERR6279672.016
2025-11-26 17:55:55.905505 INFO::Fitting model to feature number 3048, semibin_ERR6279618.34
2025-11-26 17:55:55.92801 INFO::Fitting model to feature number 3049, metabat_SRR25825512.34
2025-11-26 17:55:55.951285 INFO::Fitting model to feature number 3050, semibin_ERR6279655.27
2025-11-26 17:55:55.973648 INFO::Fitting model to feature number 3051, maxbin_SRR11413611.022
2025-11-26 17:55:55.9969 INFO::Fitting model to feature number 3052, metabat_SRR25825504.2
2025-11-26 17:55:56.020374 INFO::Fitting model to feature number 3053, maxbin_SRR13022303.020_sub
2025-11-26 17:55:56.042398 INFO::Fitting model to feature number 3054, metabat_SRR16554744.1
2025-11-26 17:55:56.072875 INFO::Fitting model to feature number 3055, metabat_ERR6281341.34
2025-11-26 17:55:56.096287 INFO::Fitting model to feature number 3056, maxbin_ERR6281504.023_sub
2025-11-26 17:55:56.122558 INFO::Fitting model to feature number 3057, maxbin_ERR6233693.019_sub
2025-11-26 17:55:56.145206 INFO::Fitting model to feature number 3058, metabat_ERR6231616.20_sub
2025-11-26 17:55:56.168104 INFO::Fitting model to feature number 3059, semibin_SRR5930519.68
2025-11-26 17:55:56.192019 INFO::Fitting model to feature number 3060, metabat_SRR13068821.3
2025-11-26 17:55:56.215024 INFO::Fitting model to feature number 3061, metabat_SRR11413646.20
2025-11-26 17:55:56.238454 INFO::Fitting model to feature number 3062, metabat_ERR6275667.5
2025-11-26 17:55:56.260588 INFO::Fitting model to feature number 3063, metabat_SRR11413657.28
2025-11-26 17:55:56.283884 INFO::Fitting model to feature number 3064, metabat_ERR6281751.13_sub
2025-11-26 17:55:56.306661 INFO::Fitting model to feature number 3065, metabat_ERR12405953.12
2025-11-26 17:55:56.32803 INFO::Fitting model to feature number 3066, semibin_ERR6254871.3
2025-11-26 17:55:56.352372 INFO::Fitting model to feature number 3067, semibin_SRR5930493.200
2025-11-26 17:55:56.402999 INFO::Fitting model to feature number 3068, semibin_ERR6281341.53
2025-11-26 17:55:56.428591 INFO::Fitting model to feature number 3069, semibin_ERR6279622.25_sub
2025-11-26 17:55:56.454727 INFO::Fitting model to feature number 3070, semibin_ERR6275675.80
2025-11-26 17:55:56.478718 INFO::Fitting model to feature number 3071, maxbin_SRR6000891.017
2025-11-26 17:55:56.501032 INFO::Fitting model to feature number 3072, metabat_ERR6275661.57
2025-11-26 17:55:56.525143 INFO::Fitting model to feature number 3073, semibin_SRR25825494.0
2025-11-26 17:55:56.54687 INFO::Fitting model to feature number 3074, semibin_SRR5930516.224
2025-11-26 17:55:56.569977 INFO::Fitting model to feature number 3075, metabat_SRR16168984.25
2025-11-26 17:55:56.592692 INFO::Fitting model to feature number 3076, metabat_ERR6254871.53_sub
2025-11-26 17:55:56.615754 INFO::Fitting model to feature number 3077, semibin_ERR6275661.3
2025-11-26 17:55:56.639144 INFO::Fitting model to feature number 3078, metabat_ERR6279657.59
2025-11-26 17:55:56.661587 INFO::Fitting model to feature number 3079, metabat_SRR23364232.30
2025-11-26 17:55:56.692077 INFO::Fitting model to feature number 3080, semibin_SRR13068823.89
2025-11-26 17:55:56.71524 INFO::Fitting model to feature number 3081, metabat_ERR6264280.8
2025-11-26 17:55:56.741139 INFO::Fitting model to feature number 3082, semibin_SRR5930514.24
2025-11-26 17:55:56.764853 INFO::Fitting model to feature number 3083, semibin_SRR16554788.35
2025-11-26 17:55:56.787021 INFO::Fitting model to feature number 3084, metabat_SRR13068846.48
2025-11-26 17:55:56.810863 INFO::Fitting model to feature number 3085, metabat_SRR5930497.49
2025-11-26 17:55:56.833097 INFO::Fitting model to feature number 3086, semibin_ERR6279666.39
2025-11-26 17:55:56.856206 INFO::Fitting model to feature number 3087, semibin_SRR23364223.17
2025-11-26 17:55:56.878841 INFO::Fitting model to feature number 3088, semibin_ERR6280899.116
2025-11-26 17:55:56.900763 INFO::Fitting model to feature number 3089, semibin_SRR6000892.68
2025-11-26 17:55:56.924444 INFO::Fitting model to feature number 3090, semibin_SRR5930515.84
2025-11-26 17:55:56.946875 INFO::Fitting model to feature number 3091, maxbin_ERR6279670.003
2025-11-26 17:55:56.977372 INFO::Fitting model to feature number 3092, maxbin_SRR16168896.007
2025-11-26 17:55:57.000608 INFO::Fitting model to feature number 3093, metabat_ERR6279662.34
2025-11-26 17:55:57.024306 INFO::Fitting model to feature number 3094, metabat_ERR12405947.20
2025-11-26 17:55:57.049773 INFO::Fitting model to feature number 3095, semibin_SRR16554686.7
2025-11-26 17:55:57.095609 INFO::Fitting model to feature number 3096, maxbin_SRR13068848.026
2025-11-26 17:55:57.119207 INFO::Fitting model to feature number 3097, maxbin_ERR6279661.005_sub
2025-11-26 17:55:57.142691 INFO::Fitting model to feature number 3098, maxbin_SRR16554786.015
2025-11-26 17:55:57.166399 INFO::Fitting model to feature number 3099, semibin_ERR6281341.3
2025-11-26 17:55:57.189315 INFO::Fitting model to feature number 3100, metabat_ERR6279662.35
2025-11-26 17:55:57.213408 INFO::Fitting model to feature number 3101, semibin_ERR6275668.136
2025-11-26 17:55:57.236392 INFO::Fitting model to feature number 3102, metabat_ERR6281432.10
2025-11-26 17:55:57.266645 INFO::Fitting model to feature number 3103, maxbin_SRR20881983.029
2025-11-26 17:55:57.290676 INFO::Fitting model to feature number 3104, maxbin_SRR16554627.021_sub
2025-11-26 17:55:57.316025 INFO::Fitting model to feature number 3105, metabat_SRR25825515.25_sub
2025-11-26 17:55:57.34058 INFO::Fitting model to feature number 3106, maxbin_SRR5930493.007_sub
2025-11-26 17:55:57.363127 INFO::Fitting model to feature number 3107, semibin_ERR6281434.69
2025-11-26 17:55:57.386808 INFO::Fitting model to feature number 3108, metabat_SRR11413619.62
2025-11-26 17:55:57.409454 INFO::Fitting model to feature number 3109, metabat_ERR6281500.37
2025-11-26 17:55:57.433228 INFO::Fitting model to feature number 3110, metabat_SRR16168942.19
2025-11-26 17:55:57.455202 INFO::Fitting model to feature number 3111, maxbin_SRR5930536.008
2025-11-26 17:55:57.47681 INFO::Fitting model to feature number 3112, metabat_SRR13068842.58_sub
2025-11-26 17:55:57.500631 INFO::Fitting model to feature number 3113, metabat_SRR25825520.1
2025-11-26 17:55:57.522921 INFO::Fitting model to feature number 3114, metabat_ERR6279667.38
2025-11-26 17:55:57.556542 INFO::Fitting model to feature number 3115, metabat_ERR6239139.52
2025-11-26 17:55:57.58027 INFO::Fitting model to feature number 3116, semibin_ERR6279624.11
2025-11-26 17:55:57.605452 INFO::Fitting model to feature number 3117, metabat_SRR5930527.53_sub
2025-11-26 17:55:57.629604 INFO::Fitting model to feature number 3118, metabat_ERR6279678.10
2025-11-26 17:55:57.651339 INFO::Fitting model to feature number 3119, metabat_SRR23364171.10
2025-11-26 17:55:57.675287 INFO::Fitting model to feature number 3120, semibin_SRR5930529.84
2025-11-26 17:55:57.697265 INFO::Fitting model to feature number 3121, semibin_SRR5930530.103
2025-11-26 17:55:57.719918 INFO::Fitting model to feature number 3122, semibin_ERR6279669.6_sub
2025-11-26 17:55:57.742878 INFO::Fitting model to feature number 3123, semibin_SRR20881975.40
2025-11-26 17:55:57.787867 INFO::Fitting model to feature number 3124, semibin_ERR6279666.15_sub
2025-11-26 17:55:57.810457 INFO::Fitting model to feature number 3125, metabat_ERR6275663.65
2025-11-26 17:55:57.834218 INFO::Fitting model to feature number 3126, maxbin_SRR6000869.021_sub
2025-11-26 17:55:57.85695 INFO::Fitting model to feature number 3127, metabat_SRR5930514.57
2025-11-26 17:55:57.892955 INFO::Fitting model to feature number 3128, semibin_ERR6279618.55
2025-11-26 17:55:57.919478 INFO::Fitting model to feature number 3129, semibin_SRR5930494.150
2025-11-26 17:55:57.941752 INFO::Fitting model to feature number 3130, metabat_SRR20881981.42_sub
2025-11-26 17:55:57.965597 INFO::Fitting model to feature number 3131, metabat_SRR25825516.24
2025-11-26 17:55:57.988217 INFO::Fitting model to feature number 3132, maxbin_ERR6279625.039_sub
2025-11-26 17:55:58.011751 INFO::Fitting model to feature number 3133, semibin_ERR6275665.2_sub
2025-11-26 17:55:58.035349 INFO::Fitting model to feature number 3134, metabat_SRR5930528.105
2025-11-26 17:55:58.05777 INFO::Fitting model to feature number 3135, semibin_SRR25825505.24
2025-11-26 17:55:58.081983 INFO::Fitting model to feature number 3136, maxbin_ERR6279663.020_sub
2025-11-26 17:55:58.104602 INFO::Fitting model to feature number 3137, semibin_ERR6279682.55
2025-11-26 17:55:58.133275 INFO::Fitting model to feature number 3138, maxbin_ERR6281000.031_sub
2025-11-26 17:55:58.157736 INFO::Fitting model to feature number 3139, semibin_SRR13022285.12
2025-11-26 17:55:58.182002 INFO::Fitting model to feature number 3140, semibin_SRR25825510.66
2025-11-26 17:55:58.206285 INFO::Fitting model to feature number 3141, metabat_SRR16554766.44
2025-11-26 17:55:58.229164 INFO::Fitting model to feature number 3142, metabat_SRR11413652.38
2025-11-26 17:55:58.252448 INFO::Fitting model to feature number 3143, semibin_SRR25825508.10
2025-11-26 17:55:58.275244 INFO::Fitting model to feature number 3144, metabat_ERR6236131.56_sub
2025-11-26 17:55:58.297769 INFO::Fitting model to feature number 3145, semibin_SRR23364230.9
2025-11-26 17:55:58.322041 INFO::Fitting model to feature number 3146, metabat_ERR6279676.65
2025-11-26 17:55:58.34434 INFO::Fitting model to feature number 3147, maxbin_ERR6279624.026_sub
2025-11-26 17:55:58.367441 INFO::Fitting model to feature number 3148, semibin_ERR6279657.142
2025-11-26 17:55:58.389949 INFO::Fitting model to feature number 3149, maxbin_ERR6243880.020_sub
2025-11-26 17:55:58.412637 INFO::Fitting model to feature number 3150, metabat_SRR25825514.49_sub
2025-11-26 17:55:58.454145 INFO::Fitting model to feature number 3151, semibin_SRR11413683.27
2025-11-26 17:55:58.491272 INFO::Fitting model to feature number 3152, metabat_ERR6275663.31
2025-11-26 17:55:58.514846 INFO::Fitting model to feature number 3153, semibin_ERR6231616.29
2025-11-26 17:55:58.538678 INFO::Fitting model to feature number 3154, metabat_SRR11413618.19
2025-11-26 17:55:58.563154 INFO::Fitting model to feature number 3155, maxbin_SRR13068830.012_sub
2025-11-26 17:55:58.586017 INFO::Fitting model to feature number 3156, metabat_ERR6275682.30_sub
2025-11-26 17:55:58.610142 INFO::Fitting model to feature number 3157, metabat_SRR16168929.17
2025-11-26 17:55:58.633341 INFO::Fitting model to feature number 3158, metabat_ERR6279655.6
2025-11-26 17:55:58.656685 INFO::Fitting model to feature number 3159, semibin_SRR5930527.26
2025-11-26 17:55:58.679456 INFO::Fitting model to feature number 3160, metabat_ERR6233692.20
2025-11-26 17:55:58.705484 INFO::Fitting model to feature number 3161, maxbin_SRR5930503.012_sub
2025-11-26 17:55:58.731923 INFO::Fitting model to feature number 3162, semibin_ERR6243880.7_sub
2025-11-26 17:55:58.755093 INFO::Fitting model to feature number 3163, semibin_ERR6279657.97
2025-11-26 17:55:58.781684 INFO::Fitting model to feature number 3164, maxbin_ERR6254871.011
2025-11-26 17:55:58.804506 INFO::Fitting model to feature number 3165, metabat_ERR6281504.22_sub
2025-11-26 17:55:58.827627 INFO::Fitting model to feature number 3166, semibin_SRR5930503.7
2025-11-26 17:55:58.851676 INFO::Fitting model to feature number 3167, metabat_ERR6279667.16
2025-11-26 17:55:58.874207 INFO::Fitting model to feature number 3168, semibin_SRR6000942.8
2025-11-26 17:55:58.898691 INFO::Fitting model to feature number 3169, metabat_ERR6279676.51
2025-11-26 17:55:58.92109 INFO::Fitting model to feature number 3170, metabat_ERR6279619.12
2025-11-26 17:55:58.944763 INFO::Fitting model to feature number 3171, semibin_ERR6232382.10_sub
2025-11-26 17:55:58.967899 INFO::Fitting model to feature number 3172, metabat_ERR6280907.72
2025-11-26 17:55:58.995257 INFO::Fitting model to feature number 3173, semibin_ERR6281433.33
2025-11-26 17:55:59.022846 INFO::Fitting model to feature number 3174, semibin_ERR6279644.93
2025-11-26 17:55:59.045219 INFO::Fitting model to feature number 3175, maxbin_ERR6281504.041_sub
2025-11-26 17:55:59.069307 INFO::Fitting model to feature number 3176, metabat_ERR6281434.25
2025-11-26 17:55:59.092003 INFO::Fitting model to feature number 3177, metabat_SRR5930534.18
2025-11-26 17:55:59.114153 INFO::Fitting model to feature number 3178, semibin_ERR6275666.14
2025-11-26 17:55:59.158569 INFO::Fitting model to feature number 3179, metabat_ERR6232688.9
2025-11-26 17:55:59.18456 INFO::Fitting model to feature number 3180, metabat_SRR16554769.37
2025-11-26 17:55:59.207463 INFO::Fitting model to feature number 3181, metabat_ERR12405912.30_sub
2025-11-26 17:55:59.233654 INFO::Fitting model to feature number 3182, metabat_SRR16554660.33
2025-11-26 17:55:59.261263 INFO::Fitting model to feature number 3183, maxbin_ERR6279654.035
2025-11-26 17:55:59.284511 INFO::Fitting model to feature number 3184, semibin_SRR16168982.52
2025-11-26 17:55:59.310901 INFO::Fitting model to feature number 3185, maxbin_SRR13068841.017
2025-11-26 17:55:59.333676 INFO::Fitting model to feature number 3186, metabat_ERR6279624.9_sub
2025-11-26 17:55:59.355467 INFO::Fitting model to feature number 3187, metabat_SRR5930506.103
2025-11-26 17:55:59.379373 INFO::Fitting model to feature number 3188, maxbin_SRR5930501.007
2025-11-26 17:55:59.401852 INFO::Fitting model to feature number 3189, metabat_SRR13068841.35_sub
2025-11-26 17:55:59.425679 INFO::Fitting model to feature number 3190, maxbin_ERR6279623.016_sub
2025-11-26 17:55:59.448554 INFO::Fitting model to feature number 3191, semibin_ERR6232524.5
2025-11-26 17:55:59.471895 INFO::Fitting model to feature number 3192, semibin_ERR6275652.71
2025-11-26 17:55:59.49525 INFO::Fitting model to feature number 3193, maxbin_ERR6279623.024
2025-11-26 17:55:59.518233 INFO::Fitting model to feature number 3194, maxbin_ERR6281518.058_sub
2025-11-26 17:55:59.548132 INFO::Fitting model to feature number 3195, semibin_SRR5930528.150
2025-11-26 17:55:59.571433 INFO::Fitting model to feature number 3196, metabat_ERR6275671.40_sub
2025-11-26 17:55:59.595947 INFO::Fitting model to feature number 3197, maxbin_SRR5930516.008
2025-11-26 17:55:59.620544 INFO::Fitting model to feature number 3198, semibin_ERR6279671.60
2025-11-26 17:55:59.642751 INFO::Fitting model to feature number 3199, maxbin_SRR5930534.025_sub
2025-11-26 17:55:59.666299 INFO::Fitting model to feature number 3200, semibin_ERR6275661.85
2025-11-26 17:55:59.688781 INFO::Fitting model to feature number 3201, maxbin_SRR5930506.023
2025-11-26 17:55:59.71044 INFO::Fitting model to feature number 3202, semibin_SRR5930517.29
2025-11-26 17:55:59.734487 INFO::Fitting model to feature number 3203, metabat_ERR6275663.30_sub
2025-11-26 17:55:59.756599 INFO::Fitting model to feature number 3204, semibin_SRR16168926.64
2025-11-26 17:55:59.780211 INFO::Fitting model to feature number 3205, maxbin_SRR5930514.050
2025-11-26 17:55:59.80257 INFO::Fitting model to feature number 3206, metabat_ERR6275672.17
2025-11-26 17:55:59.848608 INFO::Fitting model to feature number 3207, metabat_SRR13068851.15
2025-11-26 17:55:59.871638 INFO::Fitting model to feature number 3208, metabat_SRR13022366.10
2025-11-26 17:55:59.902343 INFO::Fitting model to feature number 3209, semibin_SRR5930526.99
2025-11-26 17:55:59.925754 INFO::Fitting model to feature number 3210, metabat_ERR6229432.47
2025-11-26 17:55:59.951497 INFO::Fitting model to feature number 3211, semibin_ERR6279675.38
2025-11-26 17:55:59.976261 INFO::Fitting model to feature number 3212, metabat_SRR5930493.1
2025-11-26 17:55:59.999163 INFO::Fitting model to feature number 3213, maxbin_SRR6000899.055
2025-11-26 17:56:00.02358 INFO::Fitting model to feature number 3214, maxbin_ERR6281343.023_sub
2025-11-26 17:56:00.045756 INFO::Fitting model to feature number 3215, metabat_SRR11413648.69
2025-11-26 17:56:00.069726 INFO::Fitting model to feature number 3216, semibin_ERR6281340.14
2025-11-26 17:56:00.092541 INFO::Fitting model to feature number 3217, semibin_SRR5930504.144
2025-11-26 17:56:00.114483 INFO::Fitting model to feature number 3218, semibin_ERR6279659.16
2025-11-26 17:56:00.138908 INFO::Fitting model to feature number 3219, metabat_SRR16554656.36
2025-11-26 17:56:00.161222 INFO::Fitting model to feature number 3220, semibin_ERR6279678.59_sub
2025-11-26 17:56:00.185411 INFO::Fitting model to feature number 3221, maxbin_SRR6000905.014
2025-11-26 17:56:00.207122 INFO::Fitting model to feature number 3222, semibin_ERR6281941.53_sub
2025-11-26 17:56:00.234064 INFO::Fitting model to feature number 3223, semibin_SRR16168986.33_sub
2025-11-26 17:56:00.259704 INFO::Fitting model to feature number 3224, semibin_SRR5930493.116
2025-11-26 17:56:00.283504 INFO::Fitting model to feature number 3225, semibin_ERR6279644.44
2025-11-26 17:56:00.307909 INFO::Fitting model to feature number 3226, metabat_ERR6279666.49_sub
2025-11-26 17:56:00.329946 INFO::Fitting model to feature number 3227, semibin_SRR23364187.35
2025-11-26 17:56:00.351685 INFO::Fitting model to feature number 3228, semibin_SRR5930507.55
2025-11-26 17:56:00.375164 INFO::Fitting model to feature number 3229, maxbin_SRR16168920.008
2025-11-26 17:56:00.397954 INFO::Fitting model to feature number 3230, semibin_SRR5930528.70_sub
2025-11-26 17:56:00.421981 INFO::Fitting model to feature number 3231, metabat_ERR6233694.2_sub
2025-11-26 17:56:00.44419 INFO::Fitting model to feature number 3232, maxbin_SRR23364177.003_sub
2025-11-26 17:56:00.465204 INFO::Fitting model to feature number 3233, semibin_SRR13068844.65
2025-11-26 17:56:00.486077 INFO::Fitting model to feature number 3234, maxbin_ERR6279657.025
2025-11-26 17:56:00.539281 INFO::Fitting model to feature number 3235, maxbin_SRR5930528.018
2025-11-26 17:56:00.562841 INFO::Fitting model to feature number 3236, semibin_SRR16168913.2
2025-11-26 17:56:00.590903 INFO::Fitting model to feature number 3237, metabat_SRR13068815.27
2025-11-26 17:56:00.613826 INFO::Fitting model to feature number 3238, metabat_SRR6000947.6
2025-11-26 17:56:00.637823 INFO::Fitting model to feature number 3239, metabat_ERR6279667.43
2025-11-26 17:56:00.660866 INFO::Fitting model to feature number 3240, semibin_ERR6243880.36
2025-11-26 17:56:00.684021 INFO::Fitting model to feature number 3241, semibin_SRR11413657.63_sub
2025-11-26 17:56:00.707748 INFO::Fitting model to feature number 3242, semibin_SRR13068829.56
2025-11-26 17:56:00.729791 INFO::Fitting model to feature number 3243, maxbin_SRR16554769.027_sub
2025-11-26 17:56:00.753559 INFO::Fitting model to feature number 3244, maxbin_SRR11413656.029
2025-11-26 17:56:00.776842 INFO::Fitting model to feature number 3245, semibin_SRR23364231.47
2025-11-26 17:56:00.808991 INFO::Fitting model to feature number 3246, semibin_SRR25825506.7
2025-11-26 17:56:00.839285 INFO::Fitting model to feature number 3247, semibin_SRR23364174.50
2025-11-26 17:56:00.866722 INFO::Fitting model to feature number 3248, semibin_ERR6281341.48
2025-11-26 17:56:00.894356 INFO::Fitting model to feature number 3249, semibin_ERR6279669.8
2025-11-26 17:56:00.916782 INFO::Fitting model to feature number 3250, metabat_SRR13022266.9
2025-11-26 17:56:00.939908 INFO::Fitting model to feature number 3251, metabat_ERR6231616.29_sub
2025-11-26 17:56:00.96278 INFO::Fitting model to feature number 3252, metabat_ERR6282070.7
2025-11-26 17:56:00.984791 INFO::Fitting model to feature number 3253, semibin_SRR16554769.38
2025-11-26 17:56:01.008621 INFO::Fitting model to feature number 3254, maxbin_SRR11413684.040_sub
2025-11-26 17:56:01.031234 INFO::Fitting model to feature number 3255, maxbin_SRR5930517.019
2025-11-26 17:56:01.054236 INFO::Fitting model to feature number 3256, semibin_ERR6275673.5
2025-11-26 17:56:01.076784 INFO::Fitting model to feature number 3257, maxbin_ERR6281941.015
2025-11-26 17:56:01.104393 INFO::Fitting model to feature number 3258, metabat_ERR6275668.9_sub
2025-11-26 17:56:01.130497 INFO::Fitting model to feature number 3259, metabat_SRR16168918.75
2025-11-26 17:56:01.15229 INFO::Fitting model to feature number 3260, metabat_SRR5930494.116
2025-11-26 17:56:01.175769 INFO::Fitting model to feature number 3261, semibin_SRR5930501.104
2025-11-26 17:56:01.213774 INFO::Fitting model to feature number 3262, semibin_ERR6275668.28
2025-11-26 17:56:01.244128 INFO::Fitting model to feature number 3263, semibin_ERR6271721.73
2025-11-26 17:56:01.26702 INFO::Fitting model to feature number 3264, metabat_ERR6279664.6_sub
2025-11-26 17:56:01.291481 INFO::Fitting model to feature number 3265, maxbin_SRR16554666.041
2025-11-26 17:56:01.314817 INFO::Fitting model to feature number 3266, metabat_ERR6279661.32
2025-11-26 17:56:01.336541 INFO::Fitting model to feature number 3267, metabat_SRR16168943.48
2025-11-26 17:56:01.367346 INFO::Fitting model to feature number 3268, metabat_ERR6281518.41_sub
2025-11-26 17:56:01.389934 INFO::Fitting model to feature number 3269, maxbin_SRR5930518.011
2025-11-26 17:56:01.414721 INFO::Fitting model to feature number 3270, semibin_ERR6275677.1
2025-11-26 17:56:01.438769 INFO::Fitting model to feature number 3271, semibin_SRR13068831.26
2025-11-26 17:56:01.460574 INFO::Fitting model to feature number 3272, semibin_SRR25825520.17
2025-11-26 17:56:01.484244 INFO::Fitting model to feature number 3273, semibin_ERR6282137.60
2025-11-26 17:56:01.506938 INFO::Fitting model to feature number 3274, metabat_SRR25825506.40
2025-11-26 17:56:01.530001 INFO::Fitting model to feature number 3275, metabat_ERR6279626.65
2025-11-26 17:56:01.553823 INFO::Fitting model to feature number 3276, semibin_SRR5930499.76
2025-11-26 17:56:01.576606 INFO::Fitting model to feature number 3277, semibin_SRR5930498.294
2025-11-26 17:56:01.600349 INFO::Fitting model to feature number 3278, semibin_SRR5930511.38
2025-11-26 17:56:01.622208 INFO::Fitting model to feature number 3279, maxbin_ERR12405965.033_sub
2025-11-26 17:56:01.645635 INFO::Fitting model to feature number 3280, metabat_SRR11413657.12
2025-11-26 17:56:01.668551 INFO::Fitting model to feature number 3281, semibin_SRR23364201.31
2025-11-26 17:56:01.694877 INFO::Fitting model to feature number 3282, semibin_SRR6000921.3
2025-11-26 17:56:01.721123 INFO::Fitting model to feature number 3283, maxbin_SRR6000906.038
2025-11-26 17:56:01.744169 INFO::Fitting model to feature number 3284, semibin_SRR5930503.28_sub
2025-11-26 17:56:01.765918 INFO::Fitting model to feature number 3285, semibin_SRR13068851.37
2025-11-26 17:56:01.789926 INFO::Fitting model to feature number 3286, metabat_ERR6254871.18
2025-11-26 17:56:01.812502 INFO::Fitting model to feature number 3287, maxbin_SRR13068835.016
2025-11-26 17:56:01.835898 INFO::Fitting model to feature number 3288, metabat_ERR6275666.46
2025-11-26 17:56:01.858885 INFO::Fitting model to feature number 3289, semibin_SRR13068817.24
2025-11-26 17:56:01.90345 INFO::Fitting model to feature number 3290, semibin_ERR6264281.30
2025-11-26 17:56:01.927808 INFO::Fitting model to feature number 3291, metabat_ERR6264281.90
2025-11-26 17:56:01.962399 INFO::Fitting model to feature number 3292, metabat_ERR6279666.36_sub
2025-11-26 17:56:01.986033 INFO::Fitting model to feature number 3293, metabat_SRR5930528.52_sub
2025-11-26 17:56:02.011923 INFO::Fitting model to feature number 3294, semibin_ERR6279679.17
2025-11-26 17:56:02.036608 INFO::Fitting model to feature number 3295, semibin_ERR6275668.52_sub
2025-11-26 17:56:02.058839 INFO::Fitting model to feature number 3296, metabat_ERR6279666.25
2025-11-26 17:56:02.082588 INFO::Fitting model to feature number 3297, semibin_SRR6000894.13_sub
2025-11-26 17:56:02.104517 INFO::Fitting model to feature number 3298, semibin_SRR23364230.104
2025-11-26 17:56:02.127897 INFO::Fitting model to feature number 3299, metabat_SRR25825499.32_sub
2025-11-26 17:56:02.150835 INFO::Fitting model to feature number 3300, semibin_ERR6281751.29
2025-11-26 17:56:02.172731 INFO::Fitting model to feature number 3301, metabat_SRR20881986.22
2025-11-26 17:56:02.19693 INFO::Fitting model to feature number 3302, semibin_ERR6282137.95
2025-11-26 17:56:02.219005 INFO::Fitting model to feature number 3303, metabat_SRR23364192.7
2025-11-26 17:56:02.243033 INFO::Fitting model to feature number 3304, metabat_SRR20881976.26_sub
2025-11-26 17:56:02.265519 INFO::Fitting model to feature number 3305, semibin_SRR13068851.27_sub
2025-11-26 17:56:02.290303 INFO::Fitting model to feature number 3306, maxbin_SRR5930494.013
2025-11-26 17:56:02.318403 INFO::Fitting model to feature number 3307, metabat_ERR6281341.52
2025-11-26 17:56:02.340928 INFO::Fitting model to feature number 3308, semibin_SRR23364231.57_sub
2025-11-26 17:56:02.366729 INFO::Fitting model to feature number 3309, metabat_SRR25825511.75
2025-11-26 17:56:02.389564 INFO::Fitting model to feature number 3310, metabat_ERR6279681.66
2025-11-26 17:56:02.412103 INFO::Fitting model to feature number 3311, maxbin_SRR5930503.005
2025-11-26 17:56:02.436274 INFO::Fitting model to feature number 3312, maxbin_ERR6279681.028_sub
2025-11-26 17:56:02.458829 INFO::Fitting model to feature number 3313, maxbin_SRR5930503.019
2025-11-26 17:56:02.482426 INFO::Fitting model to feature number 3314, metabat_ERR6281343.20_sub
2025-11-26 17:56:02.504885 INFO::Fitting model to feature number 3315, metabat_ERR6264281.62
2025-11-26 17:56:02.527209 INFO::Fitting model to feature number 3316, semibin_ERR6279674.51
2025-11-26 17:56:02.551255 INFO::Fitting model to feature number 3317, maxbin_SRR5930510.035_sub
2025-11-26 17:56:02.599406 INFO::Fitting model to feature number 3318, metabat_SRR23364231.73
2025-11-26 17:56:02.626234 INFO::Fitting model to feature number 3319, semibin_SRR16554743.1
2025-11-26 17:56:02.650992 INFO::Fitting model to feature number 3320, maxbin_SRR5930498.016_sub
2025-11-26 17:56:02.675732 INFO::Fitting model to feature number 3321, metabat_SRR23364231.86
2025-11-26 17:56:02.698409 INFO::Fitting model to feature number 3322, semibin_SRR6000947.23
2025-11-26 17:56:02.722082 INFO::Fitting model to feature number 3323, semibin_ERR6279622.34
2025-11-26 17:56:02.745183 INFO::Fitting model to feature number 3324, semibin_SRR23364233.3
2025-11-26 17:56:02.767573 INFO::Fitting model to feature number 3325, maxbin_SRR5930497.013
2025-11-26 17:56:02.791247 INFO::Fitting model to feature number 3326, maxbin_SRR16168945.044
2025-11-26 17:56:02.813827 INFO::Fitting model to feature number 3327, metabat_SRR5930506.121
2025-11-26 17:56:02.837226 INFO::Fitting model to feature number 3328, semibin_SRR5930533.25
2025-11-26 17:56:02.860029 INFO::Fitting model to feature number 3329, semibin_ERR6282383.15
2025-11-26 17:56:02.882255 INFO::Fitting model to feature number 3330, semibin_SRR13068830.72
2025-11-26 17:56:02.906141 INFO::Fitting model to feature number 3331, metabat_ERR6233695.53
2025-11-26 17:56:02.928784 INFO::Fitting model to feature number 3332, metabat_ERR6279666.4
2025-11-26 17:56:02.961612 INFO::Fitting model to feature number 3333, semibin_SRR13022440.10
2025-11-26 17:56:02.985607 INFO::Fitting model to feature number 3334, metabat_ERR6279678.40
2025-11-26 17:56:03.009975 INFO::Fitting model to feature number 3335, semibin_ERR6279661.18
2025-11-26 17:56:03.034641 INFO::Fitting model to feature number 3336, maxbin_SRR16168896.020_sub
2025-11-26 17:56:03.056717 INFO::Fitting model to feature number 3337, maxbin_ERR6275668.045
2025-11-26 17:56:03.080176 INFO::Fitting model to feature number 3338, metabat_SRR5930528.64
2025-11-26 17:56:03.102985 INFO::Fitting model to feature number 3339, semibin_ERR6279672.16
2025-11-26 17:56:03.124853 INFO::Fitting model to feature number 3340, metabat_ERR6281000.55
2025-11-26 17:56:03.148455 INFO::Fitting model to feature number 3341, semibin_SRR25825499.3_sub
2025-11-26 17:56:03.170487 INFO::Fitting model to feature number 3342, maxbin_SRR5930494.035_sub
2025-11-26 17:56:03.193884 INFO::Fitting model to feature number 3343, metabat_SRR11413608.94
2025-11-26 17:56:03.216746 INFO::Fitting model to feature number 3344, maxbin_SRR5930504.022
2025-11-26 17:56:03.238734 INFO::Fitting model to feature number 3345, metabat_SRR20881981.57
2025-11-26 17:56:03.29392 INFO::Fitting model to feature number 3346, maxbin_SRR6000892.035
2025-11-26 17:56:03.319667 INFO::Fitting model to feature number 3347, metabat_ERR6279628.16
2025-11-26 17:56:03.34457 INFO::Fitting model to feature number 3348, maxbin_SRR25825502.045
2025-11-26 17:56:03.367772 INFO::Fitting model to feature number 3349, semibin_SRR11413649.101
2025-11-26 17:56:03.392127 INFO::Fitting model to feature number 3350, metabat_SRR16168896.62
2025-11-26 17:56:03.414583 INFO::Fitting model to feature number 3351, semibin_ERR6279667.9_sub
2025-11-26 17:56:03.43843 INFO::Fitting model to feature number 3352, metabat_ERR6282383.27_sub
2025-11-26 17:56:03.461591 INFO::Fitting model to feature number 3353, semibin_ERR6279625.26
2025-11-26 17:56:03.483859 INFO::Fitting model to feature number 3354, semibin_SRR5930528.6
2025-11-26 17:56:03.507435 INFO::Fitting model to feature number 3355, metabat_SRR5930533.29
2025-11-26 17:56:03.529606 INFO::Fitting model to feature number 3356, semibin_SRR23364202.113
2025-11-26 17:56:03.556914 INFO::Fitting model to feature number 3357, semibin_ERR6280899.58
2025-11-26 17:56:03.587766 INFO::Fitting model to feature number 3358, metabat_ERR6279666.13
2025-11-26 17:56:03.610651 INFO::Fitting model to feature number 3359, metabat_SRR6000910.18
2025-11-26 17:56:03.639083 INFO::Fitting model to feature number 3360, metabat_ERR6279667.44_sub
2025-11-26 17:56:03.661203 INFO::Fitting model to feature number 3361, maxbin_SRR5930504.047_sub
2025-11-26 17:56:03.684742 INFO::Fitting model to feature number 3362, metabat_ERR6279624.38
2025-11-26 17:56:03.707933 INFO::Fitting model to feature number 3363, semibin_SRR5930526.86
2025-11-26 17:56:03.729825 INFO::Fitting model to feature number 3364, metabat_ERR6279681.11
2025-11-26 17:56:03.753535 INFO::Fitting model to feature number 3365, metabat_SRR5930502.50
2025-11-26 17:56:03.775927 INFO::Fitting model to feature number 3366, maxbin_SRR5930503.013_sub
2025-11-26 17:56:03.797878 INFO::Fitting model to feature number 3367, maxbin_SRR5930526.008
2025-11-26 17:56:03.821724 INFO::Fitting model to feature number 3368, semibin_SRR5930501.25
2025-11-26 17:56:03.843745 INFO::Fitting model to feature number 3369, semibin_ERR6282137.18
2025-11-26 17:56:03.872164 INFO::Fitting model to feature number 3370, metabat_SRR6000949.9
2025-11-26 17:56:03.895911 INFO::Fitting model to feature number 3371, metabat_ERR6264281.32
2025-11-26 17:56:03.919897 INFO::Fitting model to feature number 3372, semibin_SRR6000949.18_sub
2025-11-26 17:56:03.961346 INFO::Fitting model to feature number 3373, metabat_SRR5930526.103
2025-11-26 17:56:03.989436 INFO::Fitting model to feature number 3374, semibin_ERR6264281.52
2025-11-26 17:56:04.012787 INFO::Fitting model to feature number 3375, metabat_SRR5930510.19_sub
2025-11-26 17:56:04.03464 INFO::Fitting model to feature number 3376, metabat_SRR6000940.4
2025-11-26 17:56:04.05865 INFO::Fitting model to feature number 3377, metabat_SRR5930528.33
2025-11-26 17:56:04.081446 INFO::Fitting model to feature number 3378, metabat_ERR6281448.37
2025-11-26 17:56:04.10425 INFO::Fitting model to feature number 3379, semibin_SRR23364187.33
2025-11-26 17:56:04.12722 INFO::Fitting model to feature number 3380, semibin_ERR6281343.7
2025-11-26 17:56:04.149486 INFO::Fitting model to feature number 3381, semibin_SRR5930528.184
2025-11-26 17:56:04.179184 INFO::Fitting model to feature number 3382, metabat_SRR13068825.15
2025-11-26 17:56:04.20251 INFO::Fitting model to feature number 3383, semibin_SRR16168896.24_sub
2025-11-26 17:56:04.228457 INFO::Fitting model to feature number 3384, metabat_ERR6254871.26_sub
2025-11-26 17:56:04.253706 INFO::Fitting model to feature number 3385, metabat_ERR6229432.3
2025-11-26 17:56:04.275789 INFO::Fitting model to feature number 3386, maxbin_SRR5930501.063
2025-11-26 17:56:04.300458 INFO::Fitting model to feature number 3387, metabat_SRR5930514.13_sub
2025-11-26 17:56:04.323065 INFO::Fitting model to feature number 3388, metabat_SRR23364174.33
2025-11-26 17:56:04.345107 INFO::Fitting model to feature number 3389, maxbin_SRR5930516.039_sub
2025-11-26 17:56:04.369635 INFO::Fitting model to feature number 3390, maxbin_ERR6281448.039
2025-11-26 17:56:04.391969 INFO::Fitting model to feature number 3391, maxbin_ERR6275666.055
2025-11-26 17:56:04.416543 INFO::Fitting model to feature number 3392, semibin_SRR23364227.44
2025-11-26 17:56:04.438866 INFO::Fitting model to feature number 3393, maxbin_SRR13068836.049
2025-11-26 17:56:04.462358 INFO::Fitting model to feature number 3394, maxbin_ERR6281942.013
2025-11-26 17:56:04.485554 INFO::Fitting model to feature number 3395, maxbin_ERR6282137.024
2025-11-26 17:56:04.507303 INFO::Fitting model to feature number 3396, maxbin_ERR6279626.048_sub
2025-11-26 17:56:04.541833 INFO::Fitting model to feature number 3397, metabat_SRR5930506.46
2025-11-26 17:56:04.564827 INFO::Fitting model to feature number 3398, metabat_ERR6279663.18
2025-11-26 17:56:04.591244 INFO::Fitting model to feature number 3399, semibin_SRR5930494.257
2025-11-26 17:56:04.613726 INFO::Fitting model to feature number 3400, metabat_SRR16554766.36
2025-11-26 17:56:04.658794 INFO::Fitting model to feature number 3401, maxbin_ERR6229432.023
2025-11-26 17:56:04.682168 INFO::Fitting model to feature number 3402, semibin_SRR13068829.87
2025-11-26 17:56:04.70544 INFO::Fitting model to feature number 3403, metabat_ERR6279656.17
2025-11-26 17:56:04.728867 INFO::Fitting model to feature number 3404, semibin_SRR5930501.87
2025-11-26 17:56:04.750819 INFO::Fitting model to feature number 3405, semibin_ERR6279655.20
2025-11-26 17:56:04.774917 INFO::Fitting model to feature number 3406, semibin_ERR6279672.70_sub
2025-11-26 17:56:04.797102 INFO::Fitting model to feature number 3407, metabat_ERR6279624.54_sub
2025-11-26 17:56:04.82424 INFO::Fitting model to feature number 3408, maxbin_ERR6281448.013_sub
2025-11-26 17:56:04.849902 INFO::Fitting model to feature number 3409, metabat_ERR6279628.63_sub
2025-11-26 17:56:04.873783 INFO::Fitting model to feature number 3410, semibin_ERR6279655.39
2025-11-26 17:56:04.89873 INFO::Fitting model to feature number 3411, semibin_SRR5930520.106
2025-11-26 17:56:04.920935 INFO::Fitting model to feature number 3412, metabat_ERR6271721.32
2025-11-26 17:56:04.94364 INFO::Fitting model to feature number 3413, semibin_ERR6279624.33
2025-11-26 17:56:04.967446 INFO::Fitting model to feature number 3414, maxbin_SRR13068840.010
2025-11-26 17:56:04.989696 INFO::Fitting model to feature number 3415, maxbin_SRR5930520.005
2025-11-26 17:56:05.013078 INFO::Fitting model to feature number 3416, semibin_ERR6281434.15
2025-11-26 17:56:05.035331 INFO::Fitting model to feature number 3417, semibin_SRR5930494.98
2025-11-26 17:56:05.057508 INFO::Fitting model to feature number 3418, metabat_SRR13068816.46
2025-11-26 17:56:05.081207 INFO::Fitting model to feature number 3419, semibin_SRR5930530.129_sub
2025-11-26 17:56:05.104243 INFO::Fitting model to feature number 3420, maxbin_ERR6280899.041
2025-11-26 17:56:05.1389 INFO::Fitting model to feature number 3421, semibin_ERR6279670.47
2025-11-26 17:56:05.162737 INFO::Fitting model to feature number 3422, metabat_ERR6281344.12
2025-11-26 17:56:05.189263 INFO::Fitting model to feature number 3423, metabat_SRR25825494.2
2025-11-26 17:56:05.21437 INFO::Fitting model to feature number 3424, metabat_SRR25825516.20
2025-11-26 17:56:05.235868 INFO::Fitting model to feature number 3425, maxbin_SRR16554657.029_sub
2025-11-26 17:56:05.259925 INFO::Fitting model to feature number 3426, semibin_SRR5930498.139
2025-11-26 17:56:05.282362 INFO::Fitting model to feature number 3427, metabat_SRR13068841.46
2025-11-26 17:56:05.304321 INFO::Fitting model to feature number 3428, metabat_SRR20881975.20
2025-11-26 17:56:05.348908 INFO::Fitting model to feature number 3429, metabat_ERR6279679.47_sub
2025-11-26 17:56:05.372671 INFO::Fitting model to feature number 3430, semibin_SRR23364230.42_sub
2025-11-26 17:56:05.395508 INFO::Fitting model to feature number 3431, semibin_SRR5930528.96_sub
2025-11-26 17:56:05.417391 INFO::Fitting model to feature number 3432, maxbin_ERR6279628.046_sub
2025-11-26 17:56:05.441393 INFO::Fitting model to feature number 3433, semibin_SRR5930503.75
2025-11-26 17:56:05.463185 INFO::Fitting model to feature number 3434, metabat_ERR6279672.58_sub
2025-11-26 17:56:05.489419 INFO::Fitting model to feature number 3435, maxbin_SRR13068822.002
2025-11-26 17:56:05.515132 INFO::Fitting model to feature number 3436, maxbin_SRR13022455.008
2025-11-26 17:56:05.538747 INFO::Fitting model to feature number 3437, maxbin_SRR13068815.034
2025-11-26 17:56:05.564083 INFO::Fitting model to feature number 3438, semibin_ERR6281000.14
2025-11-26 17:56:05.586323 INFO::Fitting model to feature number 3439, semibin_SRR5930510.14_sub
2025-11-26 17:56:05.60802 INFO::Fitting model to feature number 3440, semibin_ERR6280899.37_sub
2025-11-26 17:56:05.632517 INFO::Fitting model to feature number 3441, maxbin_ERR6281518.036_sub
2025-11-26 17:56:05.653863 INFO::Fitting model to feature number 3442, semibin_ERR6279670.74
2025-11-26 17:56:05.677313 INFO::Fitting model to feature number 3443, maxbin_SRR16554651.012_sub
2025-11-26 17:56:05.700122 INFO::Fitting model to feature number 3444, maxbin_ERR6281434.014
2025-11-26 17:56:05.722203 INFO::Fitting model to feature number 3445, metabat_SRR13068843.1
2025-11-26 17:56:05.746345 INFO::Fitting model to feature number 3446, metabat_SRR16554766.26
2025-11-26 17:56:05.768667 INFO::Fitting model to feature number 3447, metabat_SRR6000892.59
2025-11-26 17:56:05.801373 INFO::Fitting model to feature number 3448, maxbin_SRR5930526.025
2025-11-26 17:56:05.824574 INFO::Fitting model to feature number 3449, maxbin_SRR13068833.023
2025-11-26 17:56:05.847029 INFO::Fitting model to feature number 3450, metabat_SRR23364197.77_sub
2025-11-26 17:56:05.873329 INFO::Fitting model to feature number 3451, maxbin_ERR6279661.029_sub
2025-11-26 17:56:05.895351 INFO::Fitting model to feature number 3452, metabat_ERR6273965.36
2025-11-26 17:56:05.91874 INFO::Fitting model to feature number 3453, maxbin_SRR5930506.066
2025-11-26 17:56:05.941306 INFO::Fitting model to feature number 3454, metabat_SRR13022359.15
2025-11-26 17:56:05.962751 INFO::Fitting model to feature number 3455, metabat_ERR6279622.50_sub
2025-11-26 17:56:05.986507 INFO::Fitting model to feature number 3456, semibin_SRR16168913.53
2025-11-26 17:56:06.030737 INFO::Fitting model to feature number 3457, semibin_SRR23364171.10_sub
2025-11-26 17:56:06.054367 INFO::Fitting model to feature number 3458, maxbin_ERR6275663.072_sub
2025-11-26 17:56:06.076258 INFO::Fitting model to feature number 3459, semibin_SRR5930532.10
2025-11-26 17:56:06.107087 INFO::Fitting model to feature number 3460, metabat_SRR5930501.45
2025-11-26 17:56:06.129808 INFO::Fitting model to feature number 3461, metabat_SRR13068847.1
2025-11-26 17:56:06.153476 INFO::Fitting model to feature number 3462, metabat_SRR23364187.55
2025-11-26 17:56:06.179676 INFO::Fitting model to feature number 3463, maxbin_ERR6279669.016
2025-11-26 17:56:06.2011 INFO::Fitting model to feature number 3464, metabat_SRR23364213.78_sub
2025-11-26 17:56:06.224695 INFO::Fitting model to feature number 3465, maxbin_SRR13022287.006_sub
2025-11-26 17:56:06.247107 INFO::Fitting model to feature number 3466, maxbin_SRR16168985.035
2025-11-26 17:56:06.268651 INFO::Fitting model to feature number 3467, semibin_SRR5930504.110
2025-11-26 17:56:06.29264 INFO::Fitting model to feature number 3468, metabat_SRR16554652.33
2025-11-26 17:56:06.314769 INFO::Fitting model to feature number 3469, maxbin_ERR6282298.014_sub
2025-11-26 17:56:06.337438 INFO::Fitting model to feature number 3470, metabat_SRR5930498.54
2025-11-26 17:56:06.360862 INFO::Fitting model to feature number 3471, semibin_SRR5930497.42
2025-11-26 17:56:06.383572 INFO::Fitting model to feature number 3472, metabat_ERR6280899.36
2025-11-26 17:56:06.414575 INFO::Fitting model to feature number 3473, maxbin_ERR6282298.026_sub
2025-11-26 17:56:06.437605 INFO::Fitting model to feature number 3474, semibin_ERR6280899.71
2025-11-26 17:56:06.462981 INFO::Fitting model to feature number 3475, metabat_ERR6232524.57
2025-11-26 17:56:06.488933 INFO::Fitting model to feature number 3476, metabat_ERR6273965.30_sub
2025-11-26 17:56:06.511516 INFO::Fitting model to feature number 3477, metabat_SRR5930503.100
2025-11-26 17:56:06.535671 INFO::Fitting model to feature number 3478, metabat_SRR5930504.14_sub
2025-11-26 17:56:06.558671 INFO::Fitting model to feature number 3479, maxbin_ERR6264280.027_sub
2025-11-26 17:56:06.58173 INFO::Fitting model to feature number 3480, maxbin_SRR13068829.013
2025-11-26 17:56:06.605339 INFO::Fitting model to feature number 3481, metabat_ERR6271721.36
2025-11-26 17:56:06.627152 INFO::Fitting model to feature number 3482, semibin_SRR5930494.52
2025-11-26 17:56:06.650421 INFO::Fitting model to feature number 3483, semibin_SRR13068815.3
2025-11-26 17:56:07.174938 INFO::Fitting model to feature number 3484, metabat_ERR6281518.98
2025-11-26 17:56:07.196649 INFO::Fitting model to feature number 3485, maxbin_ERR6279681.050
2025-11-26 17:56:07.217848 INFO::Fitting model to feature number 3486, semibin_ERR6281343.34
2025-11-26 17:56:07.240554 INFO::Fitting model to feature number 3487, semibin_SRR13068816.46
2025-11-26 17:56:07.263433 INFO::Fitting model to feature number 3488, metabat_SRR5930499.34
2025-11-26 17:56:07.285288 INFO::Fitting model to feature number 3489, semibin_SRR5930518.15
2025-11-26 17:56:07.308527 INFO::Fitting model to feature number 3490, semibin_SRR5930498.100_sub
2025-11-26 17:56:07.329967 INFO::Fitting model to feature number 3491, semibin_SRR13068830.15
2025-11-26 17:56:07.352413 INFO::Fitting model to feature number 3492, maxbin_ERR6275674.053_sub
2025-11-26 17:56:07.384187 INFO::Fitting model to feature number 3493, metabat_ERR6279664.52_sub
2025-11-26 17:56:07.407417 INFO::Fitting model to feature number 3494, metabat_SRR13068827.9
2025-11-26 17:56:07.433242 INFO::Fitting model to feature number 3495, metabat_SRR13068852.6
2025-11-26 17:56:07.456109 INFO::Fitting model to feature number 3496, semibin_SRR13068838.31
2025-11-26 17:56:07.478632 INFO::Fitting model to feature number 3497, semibin_ERR6281000.29
2025-11-26 17:56:07.502975 INFO::Fitting model to feature number 3498, metabat_SRR23364216.13
2025-11-26 17:56:07.525377 INFO::Fitting model to feature number 3499, metabat_SRR5930499.2
2025-11-26 17:56:07.5485 INFO::Fitting model to feature number 3500, semibin_SRR13068815.43
2025-11-26 17:56:07.573644 INFO::Fitting model to feature number 3501, metabat_SRR16168918.66
2025-11-26 17:56:07.601781 INFO::Fitting model to feature number 3502, metabat_ERR6281432.29
2025-11-26 17:56:07.630529 INFO::Fitting model to feature number 3503, maxbin_ERR6280899.036_sub
2025-11-26 17:56:07.653826 INFO::Fitting model to feature number 3504, maxbin_SRR5930516.050
2025-11-26 17:56:07.678831 INFO::Fitting model to feature number 3505, semibin_SRR5930505.85
2025-11-26 17:56:07.702456 INFO::Fitting model to feature number 3506, metabat_SRR5930503.67
2025-11-26 17:56:07.725692 INFO::Fitting model to feature number 3507, semibin_SRR5930505.71
2025-11-26 17:56:07.750891 INFO::Fitting model to feature number 3508, semibin_SRR5930502.3
2025-11-26 17:56:07.77435 INFO::Fitting model to feature number 3509, maxbin_SRR5930520.046
2025-11-26 17:56:07.798445 INFO::Fitting model to feature number 3510, metabat_SRR5930502.18
2025-11-26 17:56:07.82248 INFO::Fitting model to feature number 3511, metabat_SRR5930502.48
2025-11-26 17:56:07.872515 INFO::Fitting model to feature number 3512, metabat_SRR13068829.18
2025-11-26 17:56:07.896408 INFO::Fitting model to feature number 3513, maxbin_SRR5930531.045_sub
2025-11-26 17:56:07.918472 INFO::Fitting model to feature number 3514, maxbin_SRR23364189.018
2025-11-26 17:56:07.942548 INFO::Fitting model to feature number 3515, metabat_ERR6279657.2
2025-11-26 17:56:07.964973 INFO::Fitting model to feature number 3516, semibin_SRR23364175.28
2025-11-26 17:56:08.149362 INFO::Counting total values for each feature
2025-11-26 17:56:08.250896 INFO::Writing filtered data to file results/8.Maaslin2_melanoma_without_metadata_full/features/filtered_data.tsv
2025-11-26 17:56:08.716953 INFO::Writing filtered, normalized data to file results/8.Maaslin2_melanoma_without_metadata_full/features/filtered_data_norm.tsv
2025-11-26 17:56:09.186375 INFO::Writing filtered, normalized, transformed data to file results/8.Maaslin2_melanoma_without_metadata_full/features/filtered_data_norm_transformed.tsv
2025-11-26 17:56:10.057467 INFO::Writing residuals to file results/8.Maaslin2_melanoma_without_metadata_full/fits/residuals.rds
2025-11-26 17:56:10.491237 INFO::Writing fitted values to file results/8.Maaslin2_melanoma_without_metadata_full/fits/fitted.rds
2025-11-26 17:56:10.778066 INFO::Writing extracted random effects to file results/8.Maaslin2_melanoma_without_metadata_full/fits/ranef.rds
2025-11-26 17:56:10.78646 INFO::Writing all results to file (ordered by increasing q-values): results/8.Maaslin2_melanoma_without_metadata_full/all_results.tsv
2025-11-26 17:56:10.797626 INFO::Writing the significant results (those which are less than or equal to the threshold of 0.250000 ) to file (ordered by increasing q-values): results/8.Maaslin2_melanoma_without_metadata_full/significant_results.tsv
2025-11-26 17:56:10.798398 INFO::Writing association plots (one for each significant association) to output folder: results/8.Maaslin2_melanoma_without_metadata_full
