feature	metadata	value	coef	stderr	N	N.not.0	pval	qval
maxbin_ERR12405975.009_sub	cancer_type	Other	0.256677554782857	0.049810884467813	624	17	3.44803672793947e-07	0.00257844186515313
metabat_SRR8387683.37	cancer_type	Other	0.243523835052365	0.0580373837218819	624	24	3.11329695774816e-05	0.116406173250204
maxbin_SRR13068842.057_sub	response	R	-0.549345397552036	0.152436099265953	624	110	0.000338757038569339	0.47157748875622
metabat_SRR6000874.30	response	R	-0.468741644566613	0.132614161991789	624	85	0.000438760193515797	0.47157748875622
semibin_SRR6000900.32	response	R	-0.635970754683485	0.183862388778281	624	278	0.000579747722197812	0.47157748875622
maxbin_ERR12405964.003	cancer_type	Other	0.147860626313791	0.0430374775056487	624	14	0.000630619803097379	0.47157748875622
metabat_ERR6282383.6_sub	cancer_type	Other	0.204584344655418	0.0569683408707962	624	22	0.000355186809285903	0.47157748875622
maxbin_SRR13068823.001	cancer_type	Other	0.153691439136785	0.0425822645712609	624	6	0.000331790983889951	0.47157748875622
maxbin_SRR11413648.031	cancer_type	Other	0.0837324776695236	0.024156668810305	624	11	0.000564236177389286	0.47157748875622
metabat_SRR11413657.85	cancer_type	Other	0.0809370229125347	0.0235125848734973	624	5	0.000615579723719907	0.47157748875622
metabat_ERR12405946.17	cancer_type	Other	0.117337712412904	0.0345137031141897	624	6	0.000717714999357924	0.487915705927142
maxbin_SRR16554728.024	response	R	-0.525886776818775	0.156527873997915	624	99	0.000828197869081532	0.516105305415975
semibin_SRR20881979.2	cancer_type	Other	0.107615510229187	0.0328098169106645	624	11	0.00109621675108565	0.630577604970652
semibin_ERR6279672.24	response	R	-0.599760217589258	0.185375886064445	624	118	0.00127937544751007	0.637811306432022
semibin_ERR12405918.19	cancer_type	Other	0.144311500973141	0.0445172537944297	624	11	0.00125178142583664	0.637811306432022
maxbin_SRR11413649.010	response	R	-0.537827627877552	0.1714811028275	624	119	0.0017914174149588	0.74423441272566
semibin_ERR12405937.0_sub	cancer_type	Other	0.134662759839695	0.0428086212096764	624	11	0.00173614702824928	0.74423441272566
maxbin_ERR12405934.015_sub	cancer_type	Other	0.0832310932828679	0.0264658399539148	624	8	0.00174107578290922	0.74423441272566
metabat_SRR16554674.5	cancer_type	Other	0.838142885408483	1.00861228752149	624	420	0.423572280941007	0.779372340902734
maxbin_SRR13022355.014	cancer_type	Other	0.629527048213243	0.939482546412525	624	409	0.516996823371891	0.779372340902734
metabat_ERR12405975.5_sub	response	R	-0.316536503353444	0.288653558003984	624	440	0.273245045045175	0.779372340902734
metabat_ERR12405975.5_sub	cancer_type	Other	0.612011136829002	0.846610653425587	624	440	0.485300446395599	0.779372340902734
semibin_SRR13022325.6	response	R	-0.269837456470057	0.255861260261069	624	425	0.292009792119371	0.779372340902734
semibin_SRR23364195.41	response	R	-0.354711087051189	0.270493326403887	624	374	0.190226516724091	0.779372340902734
semibin_SRR5930502.51	response	R	-0.22584754995676	0.262400556200567	624	306	0.389737942038644	0.779372340902734
semibin_SRR5930502.51	cancer_type	Other	0.547859658340569	0.63837697049492	624	306	0.414834132302211	0.779372340902734
maxbin_ERR2162217.001	response	R	-0.242890770061756	0.318816571574007	624	227	0.446438580457379	0.779372340902734
maxbin_SRR13022336.003_sub	response	R	-0.267415649167902	0.232283885955557	624	362	0.250074692940251	0.779372340902734
semibin_SRR5930533.9	cancer_type	Other	0.354966596418135	0.483280951507031	624	195	0.475914551600718	0.779372340902734
metabat_SRR13022417.2	response	R	-0.192529608721155	0.218187618191889	624	216	0.377901073181061	0.779372340902734
semibin_SRR5930511.52	cancer_type	Other	0.76163759467504	0.455531741305815	624	283	0.12209825191309	0.779372340902734
semibin_ERR6281504.148	response	R	0.333310833910755	0.208753099203826	624	176	0.110850478169588	0.779372340902734
semibin_ERR6281504.148	cancer_type	Other	-0.710410384682865	0.748769112657445	624	176	0.362763062906093	0.779372340902734
semibin_ERR6279672.24	cancer_type	Other	0.31955836152665	0.30250141684918	624	118	0.316801746908273	0.779372340902734
maxbin_SRR16554665.003	cancer_type	Other	0.45852238269702	0.53131608548735	624	171	0.40450962966005	0.779372340902734
semibin_SRR11413686.80	response	R	0.273542878595728	0.189625503225086	624	133	0.149653510043578	0.779372340902734
semibin_SRR11413686.80	cancer_type	Other	0.608385947281778	0.209823690336804	624	133	0.00386953194961329	0.779372340902734
maxbin_ERR12405962.011_sub	cancer_type	Other	0.352555320333797	0.476443557630076	624	163	0.473120758025805	0.779372340902734
metabat_ERR6279614.12_sub	response	R	0.332054530378092	0.206857561047882	624	152	0.108954567379027	0.779372340902734
metabat_ERR6279614.12_sub	cancer_type	Other	-0.721771600178769	0.743527032214608	624	152	0.352253863993336	0.779372340902734
semibin_ERR6232382.49_sub	response	R	0.287979850987773	0.167520062922341	624	157	0.0861023783345629	0.779372340902734
semibin_ERR6232382.49_sub	cancer_type	Other	-0.605895816407438	0.617254212558951	624	157	0.347193552533429	0.779372340902734
semibin_ERR6279675.47	response	R	0.255419637057618	0.183540203047792	624	231	0.164538026579746	0.779372340902734
maxbin_SRR16554775.001	cancer_type	Other	-0.365059946407485	0.595654433578299	624	168	0.553698059009319	0.779372340902734
semibin_SRR11413653.97_sub	response	R	-0.146913254139931	0.241689132638587	624	311	0.543503347730146	0.779372340902734
semibin_SRR11413653.97_sub	cancer_type	Other	0.857620606534848	0.270414670143384	624	311	0.0109759319244154	0.779372340902734
semibin_SRR16554655.39	response	R	0.151389763392567	0.205315393149709	624	297	0.461187775957985	0.779372340902734
semibin_SRR16554655.39	cancer_type	Other	0.964867113060672	0.549828708184675	624	297	0.107340044005552	0.779372340902734
metabat_ERR12405990.2	response	R	-0.227871780089108	0.20825990152232	624	116	0.274304584801974	0.779372340902734
metabat_ERR12405990.2	cancer_type	Other	0.535046359426594	0.371494111916568	624	116	0.196946590060492	0.779372340902734
metabat_ERR6232687.8_sub	response	R	0.200615889427006	0.189377180984059	624	210	0.289858146614594	0.779372340902734
metabat_SRR25825493.27	response	R	0.241691351543157	0.186275468016796	624	212	0.194947430205785	0.779372340902734
maxbin_ERR6281499.002	response	R	0.272605025450237	0.163863337427933	624	128	0.0966979999069472	0.779372340902734
maxbin_ERR6281499.002	cancer_type	Other	-0.600869710078201	0.584514071035798	624	128	0.325577708542666	0.779372340902734
maxbin_ERR6279667.001	response	R	-0.203480579354962	0.130253371859667	624	57	0.118752600477687	0.779372340902734
semibin_SRR11413691.62	response	R	0.142268192056499	0.240358882003067	624	117	0.554133897985372	0.779372340902734
semibin_SRR11413691.62	cancer_type	Other	0.932056828521297	0.337943615410994	624	117	0.0228794601818743	0.779372340902734
semibin_SRR6000945.4	response	R	-0.124196912326582	0.195273769399104	624	234	0.525002541953265	0.779372340902734
semibin_SRR6000945.4	cancer_type	Other	0.386690652061432	0.546856171311882	624	234	0.495259087680821	0.779372340902734
maxbin_SRR16554671.002	response	R	-0.309327329601721	0.155437315565101	624	66	0.0470241481916332	0.779372340902734
maxbin_SRR16554671.002	cancer_type	Other	0.200797009166434	0.240527624402473	624	66	0.429727763021163	0.779372340902734
metabat_SRR11413649.62	response	R	0.26455509514209	0.147534405354156	624	120	0.0734314604946722	0.779372340902734
metabat_SRR11413649.62	cancer_type	Other	0.157882582652339	0.235455236023259	624	120	0.523709548713137	0.779372340902734
metabat_SRR5930494.64	response	R	0.185331692412346	0.180481110284799	624	205	0.304882429704549	0.779372340902734
metabat_ERR12405981.15	response	R	-0.132236295958282	0.151903747052718	624	137	0.384350679429125	0.779372340902734
metabat_ERR12405981.15	cancer_type	Other	0.327628383830027	0.420235775886347	624	137	0.455498132045818	0.779372340902734
maxbin_SRR13068842.057_sub	cancer_type	Other	0.170482459937141	0.260989042212371	624	110	0.527281856506248	0.779372340902734
metabat_SRR16554646.5	response	R	-0.383603153514785	0.185851552895555	624	137	0.0394298261403178	0.779372340902734
metabat_SRR16554646.5	cancer_type	Other	0.22156047846109	0.352784856234364	624	137	0.543423540252342	0.779372340902734
metabat_SRR20881978.24	response	R	-0.233389360430652	0.219484123331	624	231	0.288036364691271	0.779372340902734
metabat_SRR20881978.24	cancer_type	Other	0.739707315499211	0.587836838870287	624	231	0.23545005328244	0.779372340902734
semibin_SRR5930502.48	response	R	-0.211495181612826	0.202378686249785	624	230	0.296410274697699	0.779372340902734
semibin_SRR5930507.29	response	R	-0.233603686105994	0.17279965711606	624	164	0.176910794279686	0.779372340902734
semibin_SRR16554630.20	response	R	-0.406294756428306	0.20774088878112	624	232	0.0509398093005796	0.779372340902734
semibin_SRR16554630.20	cancer_type	Other	-0.833495798847641	0.407314173402315	624	232	0.0792872970779766	0.779372340902734
metabat_ERR6271719.4	response	R	0.203765462212346	0.1360196771443	624	109	0.134626491614649	0.779372340902734
metabat_SRR23364235.43	response	R	-0.2994218181984	0.150584596134373	624	76	0.0472064331916258	0.779372340902734
maxbin_SRR5930501.002	response	R	0.195113704592121	0.145184329241912	624	108	0.179470441223613	0.779372340902734
semibin_SRR13022289.13	response	R	-0.0854863405220773	0.115645485311145	624	46	0.460058586623	0.779372340902734
semibin_SRR13022289.13	cancer_type	Other	-0.10692550233943	0.127963602395678	624	46	0.40370522764257	0.779372340902734
maxbin_ERR12406000.010	response	R	0.201310769412656	0.150271072065086	624	114	0.180849145914146	0.779372340902734
metabat_SRR6000877.7	response	R	-0.449254032908788	0.203955931522112	624	229	0.0279830888082037	0.779372340902734
metabat_SRR6000877.7	cancer_type	Other	-0.903213767685871	0.435780947382061	624	229	0.0752173071622024	0.779372340902734
metabat_ERR12405930.6	response	R	0.159750315343186	0.120594800906633	624	91	0.18576238387628	0.779372340902734
metabat_ERR12405930.6	cancer_type	Other	0.136191235976968	0.206148571095932	624	91	0.538849544779509	0.779372340902734
semibin_ERR6281499.45	cancer_type	Other	-0.134519016389316	0.129823477838175	624	45	0.300526781221552	0.779372340902734
metabat_ERR12405933.43	response	R	-0.156966862259301	0.202474730974824	624	337	0.438494068567922	0.779372340902734
semibin_ERR2162223.6	response	R	-0.131787618986107	0.168049150475002	624	177	0.433211083685634	0.779372340902734
semibin_ERR2162223.6	cancer_type	Other	0.383660587687288	0.453025666962429	624	177	0.418446463817111	0.779372340902734
metabat_SRR6000874.30	cancer_type	Other	0.151604702897169	0.184141016456147	624	85	0.431548585995673	0.779372340902734
metabat_SRR16554713.13	response	R	-0.114255938586798	0.192740561446348	624	243	0.553533956011885	0.779372340902734
semibin_SRR5930499.112	cancer_type	Other	0.654734594871991	0.971021881427564	624	251	0.517000359038064	0.779372340902734
maxbin_ERR6257997.027	response	R	0.128176717485032	0.128446631015508	624	141	0.318720740652419	0.779372340902734
maxbin_SRR16554755.007_sub	cancer_type	Other	-0.38709231595546	0.409597431586705	624	129	0.367246985040203	0.779372340902734
semibin_SRR5930534.80	response	R	0.198143776571827	0.138661992414345	624	81	0.153516203559455	0.779372340902734
metabat_ERR6282298.17	response	R	-0.0672680127646106	0.0851322313424153	624	38	0.429736441721754	0.779372340902734
metabat_ERR6282298.17	cancer_type	Other	-0.0641462293773301	0.0942001927117839	624	38	0.49615287115514	0.779372340902734
semibin_SRR8387683.16	cancer_type	Other	0.72976287599658	0.474579255200001	624	234	0.158795282873149	0.779372340902734
maxbin_SRR11413620.019	cancer_type	Other	0.371194747972776	0.578821724908042	624	200	0.538017483323347	0.779372340902734
semibin_SRR25825514.3_sub	response	R	-0.240299333215875	0.177917112017638	624	188	0.177309500175886	0.779372340902734
semibin_SRR11413656.25	response	R	-0.0969270708220364	0.082852009963662	624	40	0.242497272178712	0.779372340902734
metabat_ERR12405985.2	response	R	0.103477175721935	0.161507174598462	624	228	0.521956940537255	0.779372340902734
metabat_ERR12405985.2	cancer_type	Other	-0.636809623784621	0.472242091137315	624	228	0.202531917590978	0.779372340902734
semibin_SRR16554738.0	response	R	0.144428545031193	0.163972592173474	624	232	0.378763393617152	0.779372340902734
semibin_SRR16554738.0	cancer_type	Other	-0.708547360391293	0.468342786558991	624	232	0.156137252806294	0.779372340902734
maxbin_SRR11413655.009_sub	response	R	-0.232132429786418	0.156327732023482	624	125	0.13807881085382	0.779372340902734
semibin_SRR20881975.0	response	R	0.214750707861077	0.188000041211991	624	88	0.253773413210602	0.779372340902734
semibin_SRR20881975.0	cancer_type	Other	0.229865326551977	0.324608816363165	624	88	0.495060485104832	0.779372340902734
metabat_ERR6275681.8	response	R	0.135232890345706	0.145399037381342	624	222	0.352692260920505	0.779372340902734
metabat_ERR6275681.8	cancer_type	Other	-0.684019182121564	0.433157360564188	624	222	0.140570348837356	0.779372340902734
maxbin_SRR16554759.001	response	R	-0.154351620509049	0.158775522210002	624	117	0.331360702294101	0.779372340902734
metabat_SRR16554662.30_sub	response	R	0.161798220855312	0.161054568963499	624	220	0.315474063153978	0.779372340902734
metabat_SRR16554662.30_sub	cancer_type	Other	-0.762818925860079	0.457833411137767	624	220	0.12148669642413	0.779372340902734
metabat_SRR16554786.10	response	R	-0.202636649672608	0.153944561133498	624	110	0.188564148382259	0.779372340902734
metabat_SRR16554786.10	cancer_type	Other	-0.330248974748842	0.505573747479613	624	110	0.530579821138396	0.779372340902734
metabat_ERR6243880.3	response	R	0.110787266679091	0.166016368760022	624	216	0.504812109855784	0.779372340902734
metabat_ERR6243880.3	cancer_type	Other	-0.824157242356907	0.488367179824622	624	216	0.117777501426926	0.779372340902734
semibin_ERR6264280.18	cancer_type	Other	-0.737202733719575	0.494388321940902	624	216	0.162522959962568	0.779372340902734
metabat_ERR6281505.14	cancer_type	Other	-0.776508891168886	0.503461413958408	624	212	0.149828782309095	0.779372340902734
semibin_SRR16554671.9	cancer_type	Other	-0.770646894519543	0.454242504687588	624	213	0.116158472715644	0.779372340902734
maxbin_SRR16554707.013	response	R	0.121991563735249	0.181086360810923	624	160	0.500774921853992	0.779372340902734
maxbin_SRR16554707.013	cancer_type	Other	-0.203572420678947	0.329866892231105	624	160	0.549550024486537	0.779372340902734
metabat_SRR16554771.26	response	R	-0.183144657172424	0.181332559237122	624	284	0.312893955471549	0.779372340902734
metabat_SRR16554771.26	cancer_type	Other	0.329626481814536	0.529925330973641	624	284	0.547238523277048	0.779372340902734
maxbin_ERR2162206.004	response	R	-0.327266190426655	0.124311822559193	624	60	0.00868366177817521	0.779372340902734
maxbin_ERR2162206.004	cancer_type	Other	0.203501305967938	0.190953606869757	624	60	0.310040310464425	0.779372340902734
semibin_SRR16554665.28	response	R	-0.271969386453708	0.120463763029633	624	60	0.0243118070360981	0.779372340902734
semibin_SRR16554665.28	cancer_type	Other	0.141342779200615	0.186860514694068	624	60	0.471409016505993	0.779372340902734
maxbin_ERR6279655.020	cancer_type	Other	-0.681124014966862	0.419918790452401	624	211	0.131152362045225	0.779372340902734
metabat_SRR5930523.5	response	R	-0.16473255315493	0.185156553771261	624	166	0.373975906941255	0.779372340902734
metabat_SRR5930523.5	cancer_type	Other	0.713658383662502	0.42002402086288	624	166	0.124725837477826	0.779372340902734
semibin_SRR11413608.137	cancer_type	Other	-0.706668859577934	0.478478228292627	624	209	0.165877371003147	0.779372340902734
metabat_ERR6279651.8	response	R	-0.308868940910156	0.1301080134374	624	70	0.0179024367993029	0.779372340902734
maxbin_ERR6232518.013	cancer_type	Other	-0.816957426832883	0.711792186188883	624	176	0.280561949942542	0.779372340902734
metabat_ERR12405939.30	cancer_type	Other	-0.704636649224625	0.452269420181292	624	189	0.146174589875768	0.779372340902734
metabat_ERR12405970.10	cancer_type	Other	-0.612977882332529	0.46993199485168	624	183	0.218380468976304	0.779372340902734
semibin_SRR20881988.7	response	R	-0.197230062076876	0.157771804350644	624	80	0.211735327540095	0.779372340902734
semibin_SRR5930531.50	cancer_type	Other	-0.0992920215764567	0.084054081371778	624	31	0.237940792305114	0.779372340902734
metabat_ERR6275666.49	response	R	0.265133412464767	0.15472101817035	624	95	0.087099839684313	0.779372340902734
metabat_ERR6275666.49	cancer_type	Other	0.613181278291789	0.180792984034671	624	95	0.0122109249381725	0.779372340902734
metabat_SRR16554744.3	response	R	0.227843091314252	0.146874172755235	624	163	0.121345852246807	0.779372340902734
semibin_SRR16168903.11	response	R	-0.100452324504907	0.132257858318371	624	100	0.447832156108979	0.779372340902734
semibin_SRR16168903.11	cancer_type	Other	-0.463538507303742	0.379145507347925	624	100	0.251953261644367	0.779372340902734
semibin_SRR13022392.1	cancer_type	Other	-0.11575914551762	0.0877861509422101	624	32	0.187772479541419	0.779372340902734
metabat_SRR5930536.13	response	R	-0.245566150145163	0.168782189930693	624	192	0.146196272257308	0.779372340902734
maxbin_ERR12405918.001	response	R	0.0697709267643652	0.0557652478627969	624	21	0.211350948751066	0.779372340902734
maxbin_ERR12405918.001	cancer_type	Other	0.161936680988924	0.13339834825902	624	21	0.259007079969459	0.779372340902734
semibin_ERR12405947.71	response	R	0.212082526368036	0.161344216845992	624	171	0.189173419712183	0.779372340902734
semibin_ERR6279646.10	response	R	0.0850798691432169	0.141307573947834	624	169	0.547336819573967	0.779372340902734
semibin_ERR6279646.10	cancer_type	Other	-1.08802139812813	0.88100969002215	624	169	0.248044095418529	0.779372340902734
metabat_ERR12405918.3	response	R	0.0887380594889845	0.130029890300221	624	123	0.495213688339835	0.779372340902734
semibin_SRR23364196.21	response	R	0.270472710550904	0.152256066896358	624	92	0.0761527469952638	0.779372340902734
semibin_SRR23364196.21	cancer_type	Other	0.605750624828386	0.191532962886793	624	92	0.0145869423771549	0.779372340902734
semibin_SRR16554695.47	cancer_type	Other	-0.267926682648991	0.156703127278511	624	27	0.124693145088643	0.779372340902734
semibin_SRR16554716.24	response	R	0.186857097912052	0.190529969726573	624	174	0.327111730631703	0.779372340902734
semibin_SRR6000910.14	cancer_type	Other	-1.10470299920309	0.854696923106813	624	171	0.228374810992193	0.779372340902734
semibin_SRR11413649.182	response	R	0.169079154774013	0.109323100062789	624	41	0.122469465743922	0.779372340902734
semibin_SRR11413649.182	cancer_type	Other	-0.107212420945652	0.16435501610936	624	41	0.536349120453629	0.779372340902734
semibin_SRR25825508.4_sub	response	R	-0.116822993693303	0.125388059818882	624	93	0.351858211532464	0.779372340902734
semibin_SRR25825508.4_sub	cancer_type	Other	0.173714954761647	0.244709962812282	624	93	0.494245002361347	0.779372340902734
semibin_SRR13068844.35	cancer_type	Other	-0.591736665942883	0.39439430230394	624	188	0.162402448604409	0.779372340902734
semibin_SRR16554766.35_sub	cancer_type	Other	-1.03243689013138	0.831421075404778	624	169	0.245676854755925	0.779372340902734
semibin_SRR11413683.102	response	R	0.115169627093023	0.135735967889204	624	75	0.396496107626772	0.779372340902734
semibin_SRR11413683.102	cancer_type	Other	0.341973773556861	0.150194046737185	624	75	0.0231327411507004	0.779372340902734
maxbin_ERR6279658.017_sub	cancer_type	Other	-0.5804363375481	0.408828922851129	624	148	0.18389012726253	0.779372340902734
semibin_ERR6230326.3	cancer_type	Other	-0.932169663081002	0.840979693479956	624	165	0.296341959011903	0.779372340902734
maxbin_SRR5930501.087_sub	cancer_type	Other	-0.451220363873173	0.386783936673205	624	163	0.267750136020447	0.779372340902734
maxbin_SRR16168913.015	response	R	0.235442867669744	0.144376891791701	624	140	0.103451861914265	0.779372340902734
maxbin_SRR16554789.001	cancer_type	Other	0.071619842455031	0.116090251935129	624	37	0.547578566824422	0.779372340902734
maxbin_ERR2162209.017_sub	response	R	0.137459145703988	0.146390967587834	624	154	0.34810735857445	0.779372340902734
maxbin_ERR2162209.017_sub	cancer_type	Other	-1.00372081367852	0.896973262399767	624	154	0.292177108853934	0.779372340902734
maxbin_SRR16554656.002	cancer_type	Other	0.186620954666352	0.142221933438275	624	35	0.231139148282879	0.779372340902734
semibin_SRR16168920.5_sub	response	R	0.10903892582069	0.142149387574005	624	155	0.443333518986607	0.779372340902734
semibin_SRR16168920.5_sub	cancer_type	Other	-0.970566599574604	0.924615889266346	624	155	0.321193438029602	0.779372340902734
semibin_SRR16554739.16	response	R	-0.125143031502419	0.183724392115258	624	149	0.496033879422199	0.779372340902734
metabat_SRR16168982.24	response	R	-0.322513693051761	0.17379328082832	624	178	0.0639675926200636	0.779372340902734
metabat_SRR16554643.9	cancer_type	Other	0.13925650110799	0.154518835666546	624	23	0.391414369121865	0.779372340902734
metabat_SRR13022323.1	response	R	0.195112394471721	0.152378136682002	624	161	0.200866755655815	0.779372340902734
semibin_SRR16554673.15	cancer_type	Other	-0.13988753010512	0.228430742389017	624	56	0.552833213448874	0.779372340902734
semibin_SRR11413649.145_sub	response	R	-0.100344968693626	0.0907087819978991	624	31	0.269054738196757	0.779372340902734
semibin_SRR11413649.145_sub	cancer_type	Other	0.104787125892126	0.140661826752722	624	31	0.496353992431271	0.779372340902734
semibin_ERR6267712.45	response	R	0.462137361487291	0.16701014060167	624	174	0.00582419120077526	0.779372340902734
maxbin_SRR16554647.003	response	R	-0.134284839685513	0.113198762714816	624	65	0.235968108180493	0.779372340902734
maxbin_SRR16554647.003	cancer_type	Other	-0.147996757972763	0.244363748762375	624	65	0.558175892387539	0.779372340902734
semibin_ERR2162202.11	response	R	0.212943616019644	0.156684524204524	624	159	0.174621517653263	0.779372340902734
semibin_SRR16168909.12	response	R	0.0840533337104552	0.121617402595518	624	144	0.489745985247341	0.779372340902734
semibin_SRR16168909.12	cancer_type	Other	-0.820173007081201	0.81171199248685	624	144	0.338630511170278	0.779372340902734
semibin_SRR11413684.67	cancer_type	Other	-0.149652308995962	0.177307978789678	624	53	0.429238175556799	0.779372340902734
maxbin_ERR2162223.012	response	R	-0.306634323708028	0.169670691662537	624	174	0.071212276285505	0.779372340902734
maxbin_SRR25825521.012_sub	response	R	0.31371815259989	0.139256935737781	624	141	0.024620058895398	0.779372340902734
metabat_SRR23364233.36	response	R	0.224532597520627	0.144543338514719	624	162	0.120839634109343	0.779372340902734
semibin_SRR25825499.11	response	R	0.200152236913974	0.13039131188294	624	154	0.125296726095683	0.779372340902734
semibin_SRR25825499.11	cancer_type	Other	-0.884132732294474	0.853998647685236	624	154	0.327496827332848	0.779372340902734
semibin_SRR16554653.1	response	R	-0.104079605293508	0.123779172284179	624	76	0.400756131653991	0.779372340902734
semibin_SRR16554653.1	cancer_type	Other	0.170948566853763	0.22023827068886	624	76	0.453724815207639	0.779372340902734
semibin_SRR23364199.62	response	R	0.145394332398784	0.136041785500617	624	152	0.285604058406415	0.779372340902734
semibin_SRR23364199.62	cancer_type	Other	-0.934579809003119	0.910692275055763	624	152	0.33155826561119	0.779372340902734
maxbin_SRR5930508.026	response	R	0.188830749064162	0.143500198205188	624	152	0.188696635009165	0.779372340902734
semibin_ERR6279671.24	response	R	0.21118779134692	0.133258815247066	624	150	0.113528838497946	0.779372340902734
semibin_ERR6279671.24	cancer_type	Other	-0.887223883609843	0.919474284298667	624	150	0.359761572679498	0.779372340902734
semibin_SRR16554730.5	response	R	0.138516113350478	0.134210362916093	624	155	0.30244060136472	0.779372340902734
semibin_SRR16554730.5	cancer_type	Other	-0.995232405707732	0.877653780247482	624	155	0.286037757276029	0.779372340902734
maxbin_SRR5930522.022	response	R	0.138398401254097	0.128240375607987	624	146	0.280918202846463	0.779372340902734
maxbin_SRR5930522.022	cancer_type	Other	-0.824043865407262	0.87786560252565	624	146	0.372355586371531	0.779372340902734
semibin_SRR16554790.42	cancer_type	Other	-0.359992555668722	0.233253738794011	624	67	0.148236139128996	0.779372340902734
metabat_ERR6279652.5	response	R	0.193851806713645	0.11283125471551	624	141	0.0862891831514323	0.779372340902734
metabat_ERR6279652.5	cancer_type	Other	-0.708263506354334	0.798722563477739	624	141	0.398275720784351	0.779372340902734
semibin_ERR6243877.10	response	R	0.187624041143051	0.130909868722532	624	145	0.152301708180619	0.779372340902734
semibin_ERR6243877.10	cancer_type	Other	-0.791297532631358	0.879551928621588	624	145	0.391729937402075	0.779372340902734
metabat_SRR16168941.17	response	R	0.112348043223428	0.103101784797658	624	138	0.276281955437496	0.779372340902734
metabat_SRR16168941.17	cancer_type	Other	-0.707992708639384	0.728502633018621	624	138	0.356475021729852	0.779372340902734
semibin_SRR16168929.15_sub	response	R	0.225841410248083	0.13118076040897	624	146	0.0856456591759655	0.779372340902734
semibin_SRR16168929.15_sub	cancer_type	Other	-0.83084258156298	0.902893528585155	624	146	0.381427627748636	0.779372340902734
maxbin_SRR23364240.011	response	R	0.201804968314234	0.122160599755051	624	142	0.0990539916246543	0.779372340902734
maxbin_SRR23364240.011	cancer_type	Other	-0.716085391265819	0.87791319234351	624	142	0.435765830697183	0.779372340902734
metabat_SRR6000947.37_sub	response	R	0.138615691651497	0.12545140376298	624	143	0.269621100653017	0.779372340902734
metabat_SRR6000947.37_sub	cancer_type	Other	-0.745180779944943	0.854216347345166	624	143	0.405714625519543	0.779372340902734
metabat_ERR6235716.8_sub	response	R	0.205706529623971	0.119747269673071	624	143	0.0863310096127162	0.779372340902734
metabat_ERR6235716.8_sub	cancer_type	Other	-0.732221399289038	0.828132628480567	624	143	0.399574304826751	0.779372340902734
metabat_SRR16554633.8	cancer_type	Other	-0.297787783228187	0.281590545749465	624	100	0.31564858425226	0.779372340902734
metabat_ERR6279615.15	response	R	0.18809039913811	0.120347740352192	624	141	0.118594318927045	0.779372340902734
metabat_ERR6279615.15	cancer_type	Other	-0.741296576644204	0.829695016718379	624	141	0.3948287795015	0.779372340902734
metabat_SRR16554713.7	response	R	0.241166578984775	0.149284644856759	624	144	0.106714716401983	0.779372340902734
semibin_SRR13068836.17_sub	response	R	0.16615676235345	0.128007276784813	624	148	0.194766587635157	0.779372340902734
semibin_SRR13068836.17_sub	cancer_type	Other	-0.820785941172735	0.871632655487782	624	148	0.370894057535155	0.779372340902734
semibin_SRR20881980.15_sub	response	R	-0.0766512954112695	0.129494764957012	624	167	0.554116852018398	0.779372340902734
semibin_SRR20881980.15_sub	cancer_type	Other	-0.601540244079094	0.384107984768146	624	167	0.146848769471493	0.779372340902734
semibin_ERR6279661.5	response	R	0.172044783609893	0.124935126650452	624	149	0.168992350110765	0.779372340902734
semibin_ERR6279661.5	cancer_type	Other	-0.811522892847692	0.861900001832852	624	149	0.370953991692212	0.779372340902734
semibin_ERR6264281.7	response	R	0.141719194624048	0.125862345647598	624	150	0.260612231714059	0.779372340902734
semibin_ERR6264281.7	cancer_type	Other	-0.783240101594236	0.87359363155851	624	150	0.393245800003901	0.779372340902734
maxbin_SRR5930521.014	response	R	0.179330295954519	0.127815036163082	624	141	0.161109634073092	0.779372340902734
maxbin_SRR5930521.014	cancer_type	Other	-0.780826087347845	0.894947780394292	624	141	0.405590444068931	0.779372340902734
metabat_SRR13022372.10_sub	response	R	0.333932375682571	0.146077903290744	624	156	0.0225912337477198	0.779372340902734
metabat_SRR13022372.10_sub	cancer_type	Other	-0.290839639553581	0.302318777922925	624	156	0.359226364076614	0.779372340902734
semibin_SRR20881981.34	response	R	0.175137198273653	0.129626318514309	624	147	0.177164170430289	0.779372340902734
semibin_SRR20881981.34	cancer_type	Other	-0.80687282935242	0.906145272677004	624	147	0.396421346499599	0.779372340902734
semibin_ERR6279683.8	cancer_type	Other	-0.386791829271707	0.521527755498217	624	106	0.477247497589419	0.779372340902734
semibin_ERR6279655.40	response	R	0.185973704961085	0.128272796789933	624	141	0.147617430312011	0.779372340902734
semibin_ERR6279655.40	cancer_type	Other	-0.831406581092807	0.882100722979675	624	141	0.370424956476529	0.779372340902734
semibin_SRR11413688.2	response	R	0.134974792308656	0.131317058650423	624	140	0.304423853309415	0.779372340902734
semibin_SRR11413688.2	cancer_type	Other	-0.736875370895515	0.933933551632967	624	140	0.450358572089323	0.779372340902734
semibin_ERR6233695.43_sub	response	R	-0.111511687992843	0.131913075993396	624	194	0.398247719155264	0.779372340902734
semibin_ERR6233695.43_sub	cancer_type	Other	-0.319890243620744	0.443888926857707	624	194	0.487504413536863	0.779372340902734
semibin_ERR6273965.5	response	R	0.154366573115871	0.135424018397314	624	136	0.254783253861935	0.779372340902734
semibin_ERR6273965.5	cancer_type	Other	-0.77481526468422	0.95911645753521	624	136	0.440008575896312	0.779372340902734
semibin_SRR16554693.19	cancer_type	Other	-0.289839173861896	0.276949800761901	624	48	0.320923687200263	0.779372340902734
semibin_SRR25825516.1	response	R	0.0977524001076611	0.114771525057575	624	139	0.394706004850476	0.779372340902734
semibin_SRR25825516.1	cancer_type	Other	-0.717893539255345	0.782208496889481	624	139	0.382662861662946	0.779372340902734
maxbin_SRR13068818.010	response	R	0.263290146000803	0.138672272933365	624	134	0.0580743337525048	0.779372340902734
maxbin_SRR16168926.008	response	R	0.0732390764581453	0.100323136854124	624	117	0.465649765341805	0.779372340902734
maxbin_SRR16168926.008	cancer_type	Other	-0.595373054652799	0.792343287338295	624	117	0.471577645053213	0.779372340902734
semibin_SRR16554672.14	cancer_type	Other	-0.178836535929219	0.222232735711326	624	70	0.436902709693603	0.779372340902734
metabat_SRR6000907.39	cancer_type	Other	0.340146322855422	0.328129528277217	624	189	0.323984667304719	0.779372340902734
semibin_SRR5930528.37	response	R	0.0813129620364775	0.11586778285361	624	130	0.483086713240157	0.779372340902734
semibin_SRR5930528.37	cancer_type	Other	-0.678213833125582	0.852111573739554	624	130	0.446543293448747	0.779372340902734
metabat_SRR23364184.15	response	R	0.13179631031744	0.109159686303877	624	134	0.22775470690789	0.779372340902734
metabat_SRR23364184.15	cancer_type	Other	-0.677229440817349	0.747912892719002	624	134	0.388794587244397	0.779372340902734
semibin_SRR25825502.47_sub	response	R	0.121783145715792	0.133744654709212	624	127	0.362878862843098	0.779372340902734
semibin_SRR25825502.47_sub	cancer_type	Other	0.244717270881314	0.291847142496954	624	127	0.427022809319053	0.779372340902734
maxbin_ERR12405958.009_sub	response	R	0.0988200068453191	0.119424814711975	624	90	0.408292146154882	0.779372340902734
semibin_SRR16168913.31	response	R	0.189420108505361	0.121556392316539	624	135	0.119680709177164	0.779372340902734
semibin_SRR16168913.31	cancer_type	Other	-0.711371200486245	0.874300008986017	624	135	0.436841343259138	0.779372340902734
semibin_ERR6232458.16	response	R	0.341253031048325	0.134509196997615	624	154	0.0114254569802558	0.779372340902734
semibin_ERR6232458.16	cancer_type	Other	-0.358255246931947	0.471104161401425	624	154	0.465072793264028	0.779372340902734
semibin_SRR11413652.32	response	R	0.0440946657524901	0.0669879291684214	624	26	0.510624934917578	0.779372340902734
semibin_SRR11413652.32	cancer_type	Other	0.263096632650189	0.245333631803808	624	26	0.310978818045777	0.779372340902734
semibin_SRR5930519.26	response	R	0.133068736070084	0.118045463385033	624	133	0.260070747473918	0.779372340902734
semibin_SRR5930519.26	cancer_type	Other	-0.776647932476915	0.831165343324425	624	133	0.374372251081293	0.779372340902734
semibin_SRR11413688.65_sub	cancer_type	Other	0.284452369444516	0.275172940076594	624	80	0.336593364853133	0.779372340902734
semibin_SRR5930536.88	response	R	0.293956418331794	0.150594317778006	624	141	0.051390537459223	0.779372340902734
maxbin_ERR12406009.001	response	R	0.197019571357415	0.0924728416277251	624	84	0.0335171434199079	0.779372340902734
maxbin_ERR12406009.001	cancer_type	Other	0.244423408059219	0.159184122523263	624	84	0.180092140874531	0.779372340902734
semibin_SRR13068830.5	response	R	0.149393173160275	0.128348515585193	624	136	0.24489110028487	0.779372340902734
semibin_SRR13068830.5	cancer_type	Other	-0.753427407349007	0.917117294737967	624	136	0.43253807741688	0.779372340902734
semibin_SRR11413653.50	response	R	-0.0569541945768187	0.091370766573152	624	27	0.533296492744979	0.779372340902734
semibin_SRR11413653.50	cancer_type	Other	0.169945390865112	0.192255154293399	624	27	0.402444079440105	0.779372340902734
maxbin_SRR16554733.009	response	R	0.163303457934299	0.117386952299839	624	118	0.164678755849229	0.779372340902734
metabat_SRR11413686.6	response	R	0.234174906958285	0.102811310715428	624	77	0.0230848055999495	0.779372340902734
metabat_SRR11413686.6	cancer_type	Other	0.337578676720271	0.316686383386917	624	77	0.313265691371602	0.779372340902734
maxbin_SRR8387707.004_sub	response	R	0.22257228318039	0.124587030526213	624	145	0.0745138622376155	0.779372340902734
metabat_SRR23364211.18	response	R	-0.0672910834658939	0.0773863270735101	624	29	0.384884644445957	0.779372340902734
metabat_SRR23364211.18	cancer_type	Other	0.188768236114972	0.177940626417997	624	29	0.319056368533275	0.779372340902734
metabat_SRR16554669.41_sub	response	R	0.221512660734552	0.128627828468158	624	141	0.085549781878363	0.779372340902734
metabat_SRR16554669.41_sub	cancer_type	Other	-0.33041284554768	0.467265708446542	624	141	0.4965277386606	0.779372340902734
maxbin_SRR5930518.019_sub	response	R	-0.114616562968631	0.185701360921496	624	119	0.537323564895356	0.779372340902734
metabat_SRR11413686.5	cancer_type	Other	0.277525548314862	0.175454387499893	624	89	0.175933293508863	0.779372340902734
semibin_ERR12405961.23	cancer_type	Other	-0.0754315085670826	0.0814516189069242	624	14	0.43527051645978	0.779372340902734
semibin_SRR11413606.8	response	R	0.1232053999216	0.110415184080298	624	120	0.264929000538801	0.779372340902734
semibin_SRR11413606.8	cancer_type	Other	-0.563295519607416	0.805827937066381	624	120	0.502138449141726	0.779372340902734
maxbin_SRR16554701.001	cancer_type	Other	-0.131069909310455	0.0847107569349832	624	13	0.206753746286987	0.779372340902734
semibin_SRR13068817.76	response	R	0.142995366437507	0.105138610251751	624	76	0.174303436118774	0.779372340902734
semibin_ERR6229432.91	response	R	-0.0810731890280628	0.0851454509437711	624	25	0.341379854069066	0.779372340902734
semibin_ERR6229432.91	cancer_type	Other	0.101064271443403	0.136442650304485	624	25	0.487350507350349	0.779372340902734
metabat_SRR6000874.13_sub	response	R	-0.144964773722557	0.120798010899379	624	87	0.230578629526396	0.779372340902734
metabat_SRR6000874.13_sub	cancer_type	Other	-0.311909185217233	0.48555699439896	624	87	0.53716824020608	0.779372340902734
semibin_SRR20881986.74	response	R	0.230320728586773	0.124900761804292	624	137	0.0656593652325735	0.779372340902734
metabat_SRR5930494.72_sub	cancer_type	Other	-0.196842133095083	0.114202401093994	624	38	0.11467153613415	0.779372340902734
semibin_SRR23364193.36	response	R	0.25923961118455	0.123118168932046	624	140	0.0356423493849843	0.779372340902734
metabat_SRR5930514.58	cancer_type	Other	0.193906787563253	0.205987182844875	624	63	0.370181194130948	0.779372340902734
semibin_SRR16554673.13	response	R	-0.105654905100423	0.0913572384646041	624	57	0.247920510157974	0.779372340902734
semibin_SRR16554786.37	cancer_type	Other	-0.416596145753134	0.302227853923556	624	95	0.196779219009751	0.779372340902734
semibin_ERR2162202.9	cancer_type	Other	0.154007619889018	0.19999843955687	624	75	0.463430943335672	0.779372340902734
semibin_SRR5930501.2	response	R	0.240873547770333	0.119350912844625	624	138	0.0440046041781407	0.779372340902734
semibin_ERR2162208.7	response	R	0.227390008631082	0.103773440274144	624	74	0.0288091208810138	0.779372340902734
semibin_ERR2162208.7	cancer_type	Other	0.325410112873176	0.302410180699159	624	74	0.308933638565358	0.779372340902734
semibin_ERR2162200.40	response	R	-0.0161027302383357	0.0272602182712101	624	8	0.55493356095381	0.779372340902734
semibin_ERR2162200.40	cancer_type	Other	-0.0456194152731953	0.0516511496425949	624	8	0.418919525913838	0.779372340902734
metabat_SRR13068853.24	response	R	0.292649024846256	0.126756866039223	624	130	0.0212884269292216	0.779372340902734
metabat_SRR13068853.24	cancer_type	Other	-0.318118184781862	0.508748116541096	624	130	0.546644905307255	0.779372340902734
metabat_SRR11413656.75	cancer_type	Other	0.165935974089002	0.192048144181689	624	23	0.412202287423676	0.779372340902734
maxbin_SRR13022357.002	response	R	-0.0625069607381024	0.0803490494329462	624	33	0.436899043303396	0.779372340902734
semibin_SRR25825502.21	response	R	0.0655038318122623	0.105916600942289	624	86	0.536508418361903	0.779372340902734
semibin_SRR25825502.21	cancer_type	Other	-0.445117698076508	0.315750401331661	624	86	0.184481470014841	0.779372340902734
semibin_ERR6279669.74	response	R	0.24588704241032	0.126402703030975	624	138	0.0521985658479362	0.779372340902734
metabat_SRR11413618.29_sub	cancer_type	Other	0.132532774896215	0.165543005392899	624	22	0.447883418954478	0.779372340902734
semibin_SRR5930523.22	response	R	0.169948165352738	0.122127634278995	624	122	0.164559127767446	0.779372340902734
semibin_SRR5930523.22	cancer_type	Other	-0.444967729211698	0.64925883452654	624	122	0.509876429573474	0.779372340902734
semibin_SRR16554776.8	response	R	-0.150116375065303	0.128229552559789	624	81	0.242176248376028	0.779372340902734
semibin_SRR16554776.8	cancer_type	Other	0.236684497035858	0.321053672093883	624	81	0.479650912567831	0.779372340902734
metabat_SRR13068851.17	response	R	0.131796106075888	0.0984854697692807	624	67	0.181311963499213	0.779372340902734
metabat_ERR12405966.8	response	R	0.10179948098791	0.0786504514857221	624	34	0.196037498989603	0.779372340902734
maxbin_ERR2162223.001	response	R	-0.0168350964010082	0.0253813532197905	624	7	0.507393541900231	0.779372340902734
maxbin_ERR2162223.001	cancer_type	Other	-0.0388951590171768	0.044461675273991	624	7	0.431364884756092	0.779372340902734
metabat_ERR6279627.10	response	R	0.218569273091445	0.1161381129015	624	101	0.0603149638945587	0.779372340902734
semibin_SRR5930506.72	cancer_type	Other	-0.138028217985056	0.0850758619831216	624	13	0.18724975350316	0.779372340902734
metabat_ERR2162214.7	response	R	-0.143630591622689	0.123335371235855	624	87	0.244648925468457	0.779372340902734
metabat_ERR2162214.7	cancer_type	Other	0.282615274543221	0.314727000242859	624	87	0.392727764271881	0.779372340902734
semibin_SRR11413606.34	cancer_type	Other	0.141423569357368	0.16861440189548	624	22	0.426451282910911	0.779372340902734
metabat_SRR11413647.31	response	R	0.15664685129051	0.112549719275631	624	122	0.164485613489417	0.779372340902734
semibin_SRR6000892.71	response	R	0.140165939589515	0.127615785014777	624	121	0.272485178094804	0.779372340902734
semibin_SRR6000892.71	cancer_type	Other	-0.450949493731968	0.664678896764338	624	121	0.514075582286079	0.779372340902734
metabat_SRR13022401.12	cancer_type	Other	-0.229137356400257	0.353878753038425	624	88	0.533768869877173	0.779372340902734
metabat_ERR2162213.1	response	R	-0.152362707640018	0.123944693016812	624	86	0.219434680272678	0.779372340902734
metabat_ERR2162213.1	cancer_type	Other	0.306811261476008	0.32820940895153	624	86	0.374768593181278	0.779372340902734
metabat_SRR16168896.4	response	R	-0.195137343942844	0.141335605172808	624	109	0.167880260180696	0.779372340902734
metabat_SRR16168896.4	cancer_type	Other	0.341873229270309	0.174853951327286	624	109	0.0930046501147848	0.779372340902734
metabat_ERR12405997.59	response	R	-0.13326342873931	0.123738350120044	624	83	0.281910290725203	0.779372340902734
metabat_ERR12405997.59	cancer_type	Other	0.270286863734939	0.321788573862016	624	83	0.422678721184568	0.779372340902734
semibin_ERR2162223.3	response	R	0.0691512079204122	0.0805712849077561	624	40	0.391079442345173	0.779372340902734
semibin_ERR2162223.3	cancer_type	Other	-0.171864325556679	0.149184831656446	624	40	0.277757411757783	0.779372340902734
semibin_SRR6000944.44	response	R	-0.0990671546809049	0.12475103687643	624	83	0.427430749003902	0.779372340902734
semibin_SRR6000944.44	cancer_type	Other	0.318372498527004	0.311022381725085	624	83	0.334034304852795	0.779372340902734
semibin_SRR5930533.32_sub	response	R	0.214000006267971	0.151496249604487	624	68	0.158281908765824	0.779372340902734
semibin_SRR5930533.32_sub	cancer_type	Other	-0.285577884617861	0.314223214180224	624	68	0.388369043077495	0.779372340902734
maxbin_SRR11413646.009	response	R	0.08295017047412	0.0956237143550233	624	72	0.386022776348709	0.779372340902734
maxbin_SRR11413646.009	cancer_type	Other	0.152935101932876	0.178530488975723	624	72	0.421269147024117	0.779372340902734
metabat_ERR12405954.8	response	R	-0.15763399995442	0.124056974362839	624	81	0.20432828895155	0.779372340902734
metabat_ERR12405954.8	cancer_type	Other	0.265702769003157	0.327504822654754	624	81	0.43811516821232	0.779372340902734
metabat_SRR13068832.4	response	R	0.240449226769413	0.108437479652542	624	117	0.0269606713608421	0.779372340902734
metabat_SRR13068832.4	cancer_type	Other	-0.306541990900909	0.454079259682114	624	117	0.516071550604964	0.779372340902734
semibin_SRR20881980.56	response	R	0.20535646956186	0.110135469732586	624	112	0.0627165658993061	0.779372340902734
maxbin_SRR5930507.045	cancer_type	Other	0.23252640017316	0.183248601200979	624	56	0.236490091211075	0.779372340902734
semibin_SRR5930495.29	response	R	-0.162928091218566	0.121557021993083	624	68	0.180627530798907	0.779372340902734
maxbin_ERR6282070.040_sub	response	R	0.232473264239714	0.107368106189948	624	89	0.0307553966672359	0.779372340902734
semibin_ERR6233693.7	response	R	0.250157075318835	0.11906890581787	624	115	0.0360524565768778	0.779372340902734
metabat_SRR11413613.2	response	R	-0.161127293498148	0.123788540651382	624	80	0.193526297935027	0.779372340902734
metabat_SRR11413613.2	cancer_type	Other	0.260965522504542	0.311986523524972	624	80	0.424959925248199	0.779372340902734
semibin_SRR16168945.59_sub	response	R	0.227185836705915	0.117172785587537	624	112	0.0529713426343249	0.779372340902734
semibin_ERR12405923.28	response	R	-0.181163428856829	0.12222786469025	624	78	0.138802596627042	0.779372340902734
semibin_ERR12405923.28	cancer_type	Other	0.252589860453379	0.324148352764826	624	78	0.455822622636766	0.779372340902734
semibin_SRR16554648.6	cancer_type	Other	-0.171741356727129	0.170073927748685	624	47	0.335582850262854	0.779372340902734
semibin_SRR6000901.29	response	R	-0.141736491022955	0.12059600465655	624	78	0.240327177315863	0.779372340902734
semibin_SRR6000901.29	cancer_type	Other	0.224443493596651	0.318273495943242	624	78	0.498603939957911	0.779372340902734
maxbin_SRR16554769.012	cancer_type	Other	-0.0522580771051428	0.0786481599919685	624	20	0.518768305851286	0.779372340902734
metabat_SRR16554687.19	response	R	0.0995406920636936	0.110478264401503	624	89	0.367945353198777	0.779372340902734
semibin_SRR23364183.27	response	R	0.150000027816132	0.107310490413158	624	111	0.162673050265887	0.779372340902734
metabat_ERR12405985.26	response	R	-0.144444988723213	0.12255131088615	624	77	0.238991453858732	0.779372340902734
metabat_ERR12405985.26	cancer_type	Other	0.215680855285676	0.326150897167429	624	77	0.524805055021208	0.779372340902734
metabat_SRR16554763.7	cancer_type	Other	-0.034214613590373	0.0295781102784823	624	9	0.247817432283167	0.779372340902734
semibin_ERR6281434.136	response	R	-0.0404027245188302	0.0208264344160886	624	5	0.0528371345142036	0.779372340902734
semibin_ERR6281434.136	cancer_type	Other	-0.0282561167174207	0.0231606463466714	624	5	0.247232466501775	0.779372340902734
maxbin_ERR12406005.005	response	R	0.0340087433629742	0.0513625345947732	624	24	0.508133425743375	0.779372340902734
semibin_SRR11413689.18	response	R	0.129874709577218	0.124891233604114	624	114	0.29879458606868	0.779372340902734
semibin_SRR5930498.73	response	R	0.0771801915586649	0.124857568267007	624	120	0.536706969127486	0.779372340902734
semibin_SRR5930498.73	cancer_type	Other	-0.63939664641021	0.349293073387326	624	120	0.098222107264255	0.779372340902734
semibin_ERR6279657.86	cancer_type	Other	-0.0348084242702121	0.0303061927284762	624	10	0.251180441112799	0.779372340902734
metabat_SRR5930527.86	response	R	0.0738598462471079	0.115608177702066	624	89	0.523136849832962	0.779372340902734
metabat_SRR5930527.86	cancer_type	Other	0.276110895334051	0.289539697440058	624	89	0.363261016583435	0.779372340902734
semibin_SRR11413657.160_sub	response	R	0.0524535541358115	0.058795403854067	624	37	0.372666027369712	0.779372340902734
semibin_SRR11413657.160_sub	cancer_type	Other	0.14131053783315	0.139373369796802	624	37	0.335824356214381	0.779372340902734
semibin_SRR6000896.44	response	R	-0.14859689116659	0.121657678740025	624	73	0.222386369795696	0.779372340902734
semibin_SRR6000896.44	cancer_type	Other	0.194698762814195	0.288736044776331	624	73	0.516830341871752	0.779372340902734
metabat_SRR20881987.29	response	R	0.135466794434886	0.116230742120378	624	107	0.244270090406386	0.779372340902734
semibin_SRR11413687.181	cancer_type	Other	0.144137280709832	0.0890927951774078	624	23	0.161209850721542	0.779372340902734
metabat_ERR6281586.4	response	R	-0.138236973554649	0.121846835040164	624	76	0.257018417507381	0.779372340902734
maxbin_SRR13022429.005	response	R	-0.0895626188069665	0.0535138401690266	624	33	0.0947061028046762	0.779372340902734
maxbin_SRR13022429.005	cancer_type	Other	-0.198164643145219	0.100025454541989	624	33	0.0745373429074416	0.779372340902734
metabat_ERR6275676.3	response	R	0.131127701077954	0.0910707733337055	624	62	0.150420308475385	0.779372340902734
metabat_SRR5930529.3	response	R	0.115141807259148	0.100400755730598	624	67	0.251896819817794	0.779372340902734
metabat_SRR6000949.51_sub	response	R	0.181278384092365	0.110960893611065	624	110	0.102830554780845	0.779372340902734
metabat_SRR6000949.51_sub	cancer_type	Other	-0.291079963874399	0.444135817716126	624	110	0.528032967094062	0.779372340902734
semibin_SRR11413656.101	response	R	0.0600109627719333	0.065158611276936	624	40	0.357410420171071	0.779372340902734
semibin_SRR11413656.101	cancer_type	Other	0.174991827106281	0.167791156344838	624	40	0.322559177641018	0.779372340902734
metabat_ERR2162211.9	response	R	-0.174467720530843	0.114539935525903	624	39	0.128216655499029	0.779372340902734
metabat_ERR2162211.9	cancer_type	Other	-0.242527470412813	0.198421217857197	624	39	0.253274001510379	0.779372340902734
semibin_SRR11413689.110	response	R	0.0766101305389464	0.0939123883972044	624	70	0.414949213214525	0.779372340902734
semibin_SRR11413689.110	cancer_type	Other	0.119518191650295	0.10391557868909	624	70	0.250526042510758	0.779372340902734
metabat_SRR16554771.5	response	R	0.143991444552001	0.11763200589068	624	103	0.221390416299626	0.779372340902734
semibin_SRR16168913.74	response	R	0.104660230911646	0.090936959876019	624	59	0.250214818882467	0.779372340902734
semibin_SRR16554766.13	response	R	0.0744504723343019	0.121658939652823	624	114	0.540789181122766	0.779372340902734
semibin_SRR16554766.13	cancer_type	Other	-0.616906455975927	0.35392796651378	624	114	0.11508623147625	0.779372340902734
metabat_SRR13068834.30	response	R	0.152705747428892	0.109770856697092	624	102	0.164688702176903	0.779372340902734
metabat_SRR13068834.30	cancer_type	Other	-0.350308731589904	0.475089599742266	624	102	0.479085034908296	0.779372340902734
semibin_SRR11413691.40_sub	response	R	-0.104956332580555	0.0868555034551578	624	49	0.227352754256079	0.779372340902734
semibin_SRR11413691.40_sub	cancer_type	Other	0.253512415805887	0.150618801629938	624	49	0.144269139321203	0.779372340902734
semibin_ERR6264280.63	response	R	0.0656585498889918	0.0625968957214419	624	42	0.294628432801896	0.779372340902734
semibin_ERR6264280.63	cancer_type	Other	0.142249984808267	0.149141658923254	624	42	0.363542416120632	0.779372340902734
semibin_SRR11413683.31	response	R	-0.153895423201921	0.107961741785397	624	52	0.154526137436666	0.779372340902734
semibin_SRR11413683.31	cancer_type	Other	-0.163632361675356	0.206742181670005	624	52	0.447042582363245	0.779372340902734
metabat_SRR16554651.15	cancer_type	Other	0.110666389128658	0.107045506518755	624	40	0.326832937689897	0.779372340902734
metabat_ERR12405917.12	response	R	-0.192626558240351	0.114051644350125	624	66	0.0917351351467037	0.779372340902734
metabat_ERR12405923.25	response	R	-0.0658026110374623	0.0782779131343806	624	40	0.400880269502224	0.779372340902734
semibin_SRR8387677.66	response	R	-0.0977160865540114	0.090989843836172	624	49	0.283277210728296	0.779372340902734
semibin_SRR8387677.66	cancer_type	Other	0.171984842379553	0.250558784419824	624	49	0.515327897544864	0.779372340902734
semibin_SRR11413657.102	response	R	0.156478555381721	0.121407994333866	624	104	0.197930442402563	0.779372340902734
maxbin_SRR16554652.022_sub	response	R	0.196503399618281	0.0883701475181504	624	63	0.0265335705197803	0.779372340902734
maxbin_SRR16554652.022_sub	cancer_type	Other	0.274084233963076	0.24848545018785	624	63	0.29763218020966	0.779372340902734
metabat_SRR11413685.32	response	R	0.0949546801203157	0.101544560554712	624	95	0.35010159062133	0.779372340902734
semibin_ERR6281341.24	response	R	0.0599343987254317	0.0652760347230079	624	40	0.358887696603112	0.779372340902734
semibin_ERR6281341.24	cancer_type	Other	0.114687537825749	0.141728055836259	624	40	0.438206776267169	0.779372340902734
semibin_SRR11413690.11	response	R	-0.175757541019512	0.0957773528056638	624	59	0.0669758519336495	0.779372340902734
semibin_SRR11413690.11	cancer_type	Other	0.14131017049855	0.227723749521945	624	59	0.55088616509063	0.779372340902734
maxbin_SRR23364240.009_sub	response	R	0.132745707416976	0.0822507765295927	624	91	0.10705929802133	0.779372340902734
maxbin_SRR5930504.027	response	R	-0.126627190177807	0.122853132685761	624	82	0.303074408279502	0.779372340902734
maxbin_SRR5930504.027	cancer_type	Other	0.32343256095029	0.281541753431038	624	82	0.282096561008318	0.779372340902734
maxbin_SRR8387683.015_sub	cancer_type	Other	0.162870655696733	0.134096078196389	624	34	0.258341794404198	0.779372340902734
semibin_SRR5930501.108	cancer_type	Other	-0.0838177699846221	0.0597679035496161	624	18	0.161299206854639	0.779372340902734
metabat_SRR13068838.21	response	R	-0.12479736443862	0.162819184890098	624	100	0.443683218388787	0.779372340902734
metabat_SRR13068838.21	cancer_type	Other	-0.476731340687484	0.319952543629757	624	100	0.168894176019986	0.779372340902734
maxbin_ERR6279649.002	response	R	0.0603745281174802	0.0565735393499753	624	22	0.286302303733541	0.779372340902734
maxbin_ERR6279649.002	cancer_type	Other	0.13785774626894	0.0906163292915134	624	22	0.162443940881928	0.779372340902734
maxbin_ERR12405952.002	response	R	0.0544569379116971	0.0304362363374876	624	7	0.0740676006979186	0.779372340902734
maxbin_ERR12405952.002	cancer_type	Other	0.0395508203610963	0.0336781884276098	624	7	0.240695022941313	0.779372340902734
semibin_ERR12405916.16	response	R	0.176752425833133	0.127932211562881	624	112	0.167590634911895	0.779372340902734
metabat_SRR11413612.18	response	R	0.0557424753448056	0.0771988551417737	624	63	0.470529755043954	0.779372340902734
metabat_SRR11413612.18	cancer_type	Other	0.344723581300393	0.29987161743352	624	63	0.278910759431351	0.779372340902734
maxbin_SRR23364191.039_sub	response	R	0.0801750743327112	0.0986736948239974	624	63	0.416800530858434	0.779372340902734
semibin_SRR16554627.102	cancer_type	Other	0.13561993179272	0.219894769138434	624	65	0.555656173539819	0.779372340902734
maxbin_ERR6275667.027	response	R	0.176217698933792	0.101593733520513	624	86	0.0833249372469481	0.779372340902734
maxbin_ERR2162214.002	response	R	-0.0403200606793698	0.0344630617159376	624	9	0.242470443869592	0.779372340902734
maxbin_ERR2162214.002	cancer_type	Other	-0.0376369061717092	0.0488190012264027	624	9	0.461518554361855	0.779372340902734
semibin_ERR12405971.54	response	R	-0.0250616256323348	0.0405481275775372	624	9	0.536755076892369	0.779372340902734
semibin_ERR12405971.54	cancer_type	Other	0.124488941667349	0.0448671598485749	624	9	0.00569302075928645	0.779372340902734
metabat_SRR16168975.22	response	R	0.110971803912259	0.0870690827848642	624	75	0.202959915799061	0.779372340902734
metabat_SRR16168975.22	cancer_type	Other	-0.498488882488875	0.587643729544106	624	75	0.418009177798375	0.779372340902734
semibin_ERR12405939.27	response	R	-0.0610270535471303	0.0367423451011643	624	6	0.0972290311214198	0.779372340902734
semibin_ERR12405939.27	cancer_type	Other	0.104630984198235	0.0406559999031543	624	6	0.0102963925579767	0.779372340902734
semibin_SRR13068839.17	response	R	0.0371857768953236	0.0589197175254923	624	39	0.528190441370605	0.779372340902734
semibin_SRR13068839.17	cancer_type	Other	0.107804713418066	0.119574739295385	624	39	0.390298758808617	0.779372340902734
semibin_SRR5930503.31	response	R	-0.0719327431489076	0.0636733331289851	624	41	0.259032429648797	0.779372340902734
semibin_SRR5930503.31	cancer_type	Other	-0.118332926386364	0.118235760576852	624	41	0.339694348652657	0.779372340902734
metabat_SRR11413687.86	cancer_type	Other	0.158478885246831	0.112434242744542	624	75	0.233291855854162	0.779372340902734
metabat_SRR25825515.43_sub	cancer_type	Other	0.076309832273101	0.119810831651329	624	35	0.53979544397733	0.779372340902734
metabat_SRR16554786.38	response	R	0.0399603851023652	0.0682203436524727	624	25	0.558253244678346	0.779372340902734
metabat_SRR16554786.38	cancer_type	Other	-0.092344339821562	0.124502110096804	624	25	0.489406629012395	0.779372340902734
maxbin_ERR6279660.001	response	R	-0.0622012066234843	0.0806956980227377	624	46	0.44111159932431	0.779372340902734
maxbin_ERR6279660.001	cancer_type	Other	-0.143151646026636	0.145052593391507	624	46	0.350990755925168	0.779372340902734
maxbin_SRR16168900.001	response	R	-0.077968343629284	0.105303205433924	624	38	0.459328068350617	0.779372340902734
metabat_SRR25825504.22_sub	response	R	0.159405867239923	0.0877663235141487	624	50	0.0698146779034204	0.779372340902734
maxbin_SRR8387677.002_sub	cancer_type	Other	-0.069882176311401	0.0938558468774246	624	16	0.486423190366501	0.779372340902734
maxbin_ERR12405924.017	response	R	-0.0716719596897462	0.0731288593084706	624	40	0.327430447511556	0.779372340902734
metabat_SRR11413686.33	response	R	0.0582634896529889	0.0878325785444917	624	34	0.507355843301634	0.779372340902734
semibin_ERR6279673.25_sub	response	R	-0.096660307158379	0.0880619160285338	624	73	0.272788438720036	0.779372340902734
semibin_ERR6279673.25_sub	cancer_type	Other	-0.24920970319328	0.227120172387738	624	73	0.295488620676918	0.779372340902734
semibin_ERR6232458.12	cancer_type	Other	-0.278087096994608	0.230626101644507	624	76	0.25311192635464	0.779372340902734
semibin_SRR5930498.118	response	R	0.0649301609559525	0.107916073751018	624	81	0.547611637707744	0.779372340902734
semibin_SRR25825518.7	cancer_type	Other	-0.0591419093231777	0.0851191907340102	624	49	0.487432456415068	0.779372340902734
metabat_SRR5930494.25_sub	response	R	0.12590612698285	0.104334217933155	624	53	0.227986997873615	0.779372340902734
semibin_SRR16554780.22	response	R	-0.126644059157719	0.0883096224462421	624	47	0.152051035553488	0.779372340902734
maxbin_SRR11413612.015_sub	response	R	-0.157701638790874	0.100030628712498	624	53	0.115412519738876	0.779372340902734
semibin_SRR16554681.27	cancer_type	Other	0.0631281931609713	0.0709626393304033	624	37	0.374026478593858	0.779372340902734
semibin_SRR5930493.36_sub	response	R	-0.0999350766768066	0.0855761509202257	624	51	0.243339544377437	0.779372340902734
semibin_SRR11413620.97	response	R	0.117611850770897	0.081342607175284	624	26	0.14871809546607	0.779372340902734
semibin_SRR6000893.60_sub	response	R	0.0693728768123238	0.0962552767703597	624	63	0.471354462828386	0.779372340902734
semibin_SRR6000893.60_sub	cancer_type	Other	-0.136657328186783	0.163351615169876	624	63	0.429180114130397	0.779372340902734
metabat_SRR11413689.14	response	R	-0.0529824072589154	0.0830019534606979	624	35	0.523496313527523	0.779372340902734
metabat_SRR11413689.14	cancer_type	Other	0.383072127352496	0.125321157547783	624	35	0.0396076930404867	0.779372340902734
metabat_SRR11413689.40	cancer_type	Other	-0.220767345810232	0.24169464396322	624	54	0.384165302381709	0.779372340902734
maxbin_SRR8387710.024	response	R	0.0603425705677398	0.0902436656139434	624	49	0.503961664551311	0.779372340902734
maxbin_SRR8387710.024	cancer_type	Other	0.178447149174859	0.102706819965969	624	49	0.155731718178034	0.779372340902734
metabat_ERR6281433.28	response	R	0.223580508570293	0.0954907887331651	624	61	0.0195286434688949	0.779372340902734
metabat_ERR6281433.28	cancer_type	Other	0.231829783333532	0.201485789052059	624	61	0.31139469533701	0.779372340902734
maxbin_SRR5930533.002	response	R	0.0429988297028479	0.0569348056183478	624	27	0.450400354384421	0.779372340902734
maxbin_SRR5930533.002	cancer_type	Other	0.152740231563236	0.187826500425421	624	27	0.440209144759013	0.779372340902734
semibin_SRR5930494.234	response	R	0.0561938104278625	0.086864053901384	624	37	0.517925473305557	0.779372340902734
semibin_SRR5930494.234	cancer_type	Other	-0.227887044573924	0.119998973861195	624	37	0.112586266222595	0.779372340902734
semibin_SRR13068839.7	cancer_type	Other	-0.29991722536137	0.351669656487457	624	104	0.415002544259264	0.779372340902734
semibin_SRR16554736.21	response	R	0.0353806401518818	0.0536356614579634	624	30	0.50972494085364	0.779372340902734
semibin_SRR16554736.21	cancer_type	Other	0.116154855926384	0.117883965856712	624	30	0.349570008384213	0.779372340902734
semibin_ERR2162216.32	response	R	0.106685061648658	0.119047599252638	624	85	0.370519490509552	0.779372340902734
semibin_ERR2162216.32	cancer_type	Other	-0.324362761149463	0.341508728919529	624	85	0.367659856468014	0.779372340902734
semibin_ERR12405964.2	cancer_type	Other	0.264935566266637	0.238743264075363	624	48	0.300029477526508	0.779372340902734
metabat_ERR6233692.1_sub	response	R	0.0841061139162206	0.0715752153716049	624	50	0.240417932965881	0.779372340902734
metabat_ERR6281658.13	response	R	-0.104526954981548	0.117981737557681	624	112	0.375986499949544	0.779372340902734
semibin_SRR5930516.87	cancer_type	Other	0.0509160572451091	0.0609542211547282	624	11	0.442375051157565	0.779372340902734
metabat_ERR12406002.11	response	R	0.0933038582967246	0.080520600305062	624	49	0.247001616556955	0.779372340902734
semibin_SRR23364206.58	response	R	0.103619724192399	0.106131672455969	624	69	0.329281953030197	0.779372340902734
semibin_SRR11413691.52	response	R	0.127518297801625	0.093043486902896	624	82	0.171023833174524	0.779372340902734
semibin_SRR11413691.52	cancer_type	Other	0.378736808940298	0.390519569073997	624	82	0.357631345410542	0.779372340902734
semibin_ERR6275666.93	response	R	0.198680619011934	0.129250385373971	624	38	0.124759740109043	0.779372340902734
maxbin_SRR16554659.005	response	R	0.0944552238227376	0.0632775726392935	624	17	0.13602033024664	0.779372340902734
metabat_SRR16554654.55	response	R	0.0672027396337001	0.0659880461191266	624	17	0.308882528402005	0.779372340902734
metabat_SRR16554654.55	cancer_type	Other	-0.0780543865361427	0.0824818351525184	624	17	0.380370212108837	0.779372340902734
maxbin_SRR11413607.019	response	R	-0.115930275812495	0.0838790200400578	624	38	0.167434516837516	0.779372340902734
maxbin_SRR11413607.019	cancer_type	Other	0.104382616096719	0.17044144227903	624	38	0.558613019124304	0.779372340902734
semibin_SRR16554744.30	cancer_type	Other	0.0628968056473774	0.0752363925021091	624	17	0.424302565641581	0.779372340902734
maxbin_ERR12405991.007	cancer_type	Other	-0.174279403444059	0.238946529251359	624	39	0.483148356471949	0.779372340902734
semibin_SRR23364171.72	response	R	0.108018682506418	0.0951727661136315	624	75	0.256828310047626	0.779372340902734
semibin_SRR23364171.72	cancer_type	Other	-0.272536706590957	0.40708901912976	624	75	0.519730692945816	0.779372340902734
semibin_ERR6279619.6	cancer_type	Other	0.0774559019344578	0.107636169072081	624	39	0.508419925138063	0.779372340902734
semibin_SRR16554692.65	response	R	-0.0547085426430785	0.0594509289816531	624	18	0.357810241406057	0.779372340902734
semibin_SRR16554692.65	cancer_type	Other	-0.113110689855033	0.0800062721330638	624	18	0.181708875708151	0.779372340902734
maxbin_SRR16554751.004	response	R	-0.041173096021831	0.0386577659086612	624	10	0.287259715019328	0.779372340902734
maxbin_SRR16554751.004	cancer_type	Other	0.0521850656932173	0.0427754440472252	624	10	0.222936622719963	0.779372340902734
metabat_SRR25825507.13_sub	cancer_type	Other	-0.28301198959185	0.306178259133437	624	85	0.377500005592708	0.779372340902734
metabat_SRR6000940.44	response	R	0.0746270568400076	0.0762694400927097	624	52	0.328226274049771	0.779372340902734
maxbin_SRR16554673.003	cancer_type	Other	0.0609502790975709	0.0488067604478033	624	12	0.240465755463187	0.779372340902734
semibin_SRR25825517.45	response	R	-0.0605588468765087	0.0742441933919879	624	45	0.415001349285278	0.779372340902734
semibin_ERR6275663.33	cancer_type	Other	-0.0546292688363882	0.0806986545430974	624	36	0.498687287881771	0.779372340902734
semibin_ERR6275679.24	cancer_type	Other	-0.185533299446732	0.151335241660468	624	40	0.244839824303514	0.779372340902734
semibin_SRR16554704.8_sub	response	R	-0.0380235272450446	0.0649760857113882	624	25	0.558633013266818	0.779372340902734
semibin_SRR20881983.27	response	R	0.0865881009100191	0.0645044673244267	624	37	0.179974642772286	0.779372340902734
semibin_SRR20881983.27	cancer_type	Other	-0.170704971893135	0.240265183009441	624	37	0.494423470944195	0.779372340902734
metabat_ERR12405920.1	response	R	-0.0607597170153651	0.06322547029784	624	27	0.336936692599881	0.779372340902734
semibin_SRR20881977.45	response	R	0.0364577487092138	0.0544753432257447	624	38	0.503585866109152	0.779372340902734
semibin_SRR5930494.42	response	R	0.0416907456975872	0.0699591836076791	624	31	0.551441385432795	0.779372340902734
semibin_SRR5930494.42	cancer_type	Other	0.180199866843199	0.234665384027545	624	31	0.464780883819963	0.779372340902734
maxbin_ERR6233693.010_sub	response	R	0.0643076533071222	0.0852014318091231	624	69	0.450674100133306	0.779372340902734
maxbin_ERR6233693.010_sub	cancer_type	Other	-0.296381044542149	0.277947623318758	624	69	0.313746433877321	0.779372340902734
semibin_SRR20881981.24	response	R	0.0708950405355909	0.0656579699963008	624	23	0.28066732522117	0.779372340902734
semibin_SRR20881981.24	cancer_type	Other	-0.0890599177165193	0.130849033915627	624	23	0.516679571778832	0.779372340902734
semibin_SRR5930494.37	cancer_type	Other	-0.0945094970112851	0.0907827608326938	624	27	0.321400970638829	0.779372340902734
metabat_ERR12405956.11	cancer_type	Other	-0.271624107199821	0.18773616084895	624	52	0.177883693702346	0.779372340902734
metabat_ERR12406009.18	cancer_type	Other	0.246175765046839	0.0726424630591267	624	21	0.0413194558535214	0.779372340902734
metabat_SRR16554765.3	response	R	0.117709737624172	0.0751887214261868	624	30	0.117972111574677	0.779372340902734
metabat_SRR20881975.42	response	R	-0.0718660201897538	0.0863365790911783	624	43	0.405510489225355	0.779372340902734
semibin_SRR6000901.30	response	R	0.0570384485208621	0.0724213985994624	624	38	0.431239519954534	0.779372340902734
metabat_SRR5930527.85	response	R	-0.0853917289623247	0.118994969887876	624	63	0.47327012774911	0.779372340902734
semibin_ERR12405967.4	cancer_type	Other	0.101172773726405	0.104229721658021	624	38	0.388495184615214	0.779372340902734
semibin_SRR23364176.2	cancer_type	Other	0.0841528229488178	0.106606288233746	624	38	0.479318152034867	0.779372340902734
maxbin_ERR6275668.007	response	R	0.0357445348740216	0.0538483366577819	624	21	0.507065298009566	0.779372340902734
maxbin_ERR6275668.007	cancer_type	Other	-0.112100175679421	0.124084003445118	624	21	0.393509836205214	0.779372340902734
metabat_SRR5930528.37	response	R	-0.19449006121062	0.0921855217466972	624	57	0.0352782616291512	0.779372340902734
maxbin_SRR11413647.002	cancer_type	Other	0.381380496131445	0.274690218673093	624	20	0.198688971675445	0.779372340902734
semibin_ERR12406007.1	response	R	0.144291173699976	0.0984090484615118	624	78	0.143093672464378	0.779372340902734
semibin_ERR12406007.1	cancer_type	Other	0.366044233251339	0.337307806777383	624	78	0.306776567901933	0.779372340902734
maxbin_SRR25825507.025_sub	response	R	0.084757221691225	0.0804764713550761	624	44	0.292663237248655	0.779372340902734
semibin_ERR6279661.58	cancer_type	Other	-0.194808122581942	0.0923375439994089	624	26	0.0352803288130725	0.779372340902734
metabat_ERR6232523.3	cancer_type	Other	-0.148119523051338	0.154967764057387	624	34	0.359896786151761	0.779372340902734
semibin_SRR23364186.11	cancer_type	Other	0.0715448062018943	0.110835634971491	624	41	0.536751451699445	0.779372340902734
maxbin_SRR16554641.006	cancer_type	Other	-0.117034727960567	0.127913727807994	624	39	0.389081251996972	0.779372340902734
maxbin_SRR13022427.016_sub	response	R	0.0629200571475002	0.0726552024274011	624	45	0.386821486307677	0.779372340902734
metabat_ERR12405926.24	response	R	-0.212470193642172	0.0984740526979279	624	75	0.0313413659430736	0.779372340902734
metabat_ERR12405926.24	cancer_type	Other	-0.186064436325312	0.277186528783992	624	75	0.515339721491366	0.779372340902734
semibin_ERR6275664.8	response	R	-0.0548218912884553	0.060385121783661	624	34	0.364300453086704	0.779372340902734
semibin_ERR6275664.8	cancer_type	Other	0.0829368570552573	0.0748526278117349	624	34	0.315325041748787	0.779372340902734
semibin_SRR5930510.9	cancer_type	Other	-0.275251573363327	0.308929662304138	624	67	0.395728205795892	0.779372340902734
semibin_SRR16554678.23	response	R	-0.0662927882423754	0.0347068281042821	624	7	0.0565833849188687	0.779372340902734
semibin_SRR16554678.23	cancer_type	Other	0.0333081884216525	0.0384036673805498	624	7	0.386102856618455	0.779372340902734
metabat_ERR12405949.23	response	R	-0.163467023820221	0.0753541369411492	624	32	0.0304407638339863	0.779372340902734
metabat_ERR12405949.23	cancer_type	Other	0.225405122164592	0.0851584741691552	624	32	0.0497273785149133	0.779372340902734
metabat_SRR23364171.43_sub	response	R	-0.0982403837945401	0.0959684298057483	624	36	0.306388985884999	0.779372340902734
metabat_SRR13068829.5_sub	cancer_type	Other	-0.203729819320263	0.093210676055674	624	27	0.0292109204032252	0.779372340902734
maxbin_ERR6232528.007	response	R	0.0382618059910755	0.0478072287245006	624	34	0.423825423347744	0.779372340902734
maxbin_ERR6232528.007	cancer_type	Other	-0.137464200076992	0.182679843498772	624	34	0.469914683087713	0.779372340902734
semibin_SRR13022452.10	response	R	0.0811066458051667	0.0852028650775632	624	46	0.341505917226032	0.779372340902734
semibin_SRR13022452.10	cancer_type	Other	0.151982355718482	0.143704617977156	624	46	0.319362220422225	0.779372340902734
metabat_SRR11413620.24	response	R	0.222388773036446	0.109939585426009	624	81	0.0435234867649959	0.779372340902734
metabat_SRR11413620.24	cancer_type	Other	0.408662888788205	0.46918876630718	624	81	0.40642969267134	0.779372340902734
semibin_ERR6275672.14	response	R	-0.143989679196649	0.0734174658711285	624	17	0.0502968231755508	0.779372340902734
semibin_SRR13068839.29	cancer_type	Other	-0.0943482159981897	0.0498086787543465	624	25	0.0586612172817164	0.779372340902734
metabat_SRR16554736.34_sub	response	R	0.0854982574416005	0.0815754446283306	624	43	0.295005728626415	0.779372340902734
metabat_SRR6000947.61	cancer_type	Other	0.14397817273068	0.135726100637742	624	47	0.31836245177645	0.779372340902734
maxbin_SRR16554777.008	cancer_type	Other	-0.0784232691602007	0.0965937836958776	624	29	0.434498291985785	0.779372340902734
metabat_ERR12405971.2	response	R	-0.057175133338986	0.0719558813827467	624	35	0.427158604659045	0.779372340902734
semibin_ERR12405973.6	response	R	0.0859219932078371	0.0693467903410321	624	35	0.215806539245695	0.779372340902734
metabat_SRR13068829.36	response	R	-0.0844276226459169	0.0901127130188734	624	61	0.349168797075791	0.779372340902734
metabat_SRR13068829.36	cancer_type	Other	-0.215594542263858	0.185332291581301	624	61	0.277121166602685	0.779372340902734
semibin_SRR16554725.23	response	R	-0.0653123423287404	0.0350752345567638	624	8	0.0630661421406824	0.779372340902734
semibin_SRR16554725.23	cancer_type	Other	0.0527000271154222	0.0388113150866278	624	8	0.175003769816402	0.779372340902734
maxbin_SRR16554656.001	cancer_type	Other	-0.0959834538724297	0.118433077080732	624	21	0.440161174883262	0.779372340902734
semibin_SRR11413681.96	response	R	-0.0539563393526361	0.086270765796336	624	48	0.531918631934137	0.779372340902734
semibin_SRR11413681.96	cancer_type	Other	0.150339046503373	0.136565994953015	624	48	0.324749853337364	0.779372340902734
metabat_SRR11413619.66	cancer_type	Other	0.239085165870337	0.147002421921623	624	50	0.16234671649509	0.779372340902734
semibin_ERR12406013.35	response	R	-0.086950369621074	0.0730250346007024	624	36	0.234230769883356	0.779372340902734
maxbin_ERR6281433.007	cancer_type	Other	-0.0512574729332796	0.0568651678379184	624	31	0.389931659789877	0.779372340902734
semibin_SRR23364212.64	response	R	-0.115663162115449	0.0755029472230384	624	19	0.126055715282337	0.779372340902734
maxbin_SRR16554654.005	response	R	0.0497458503464416	0.0658518662944842	624	25	0.450283130262033	0.779372340902734
maxbin_SRR16554654.005	cancer_type	Other	0.0816306694410022	0.0728661565373584	624	25	0.263026526924208	0.779372340902734
semibin_ERR12405969.55	cancer_type	Other	0.0648780851653404	0.0436084118794293	624	13	0.137326411249245	0.779372340902734
metabat_ERR6280948.5	response	R	0.0618685464766273	0.0477486601894751	624	31	0.195560359948825	0.779372340902734
metabat_ERR6230326.9	response	R	-0.0483673229886926	0.0773842109377795	624	39	0.532182271753803	0.779372340902734
maxbin_SRR5930508.014	response	R	-0.0517490742305535	0.0615097675637488	624	25	0.40049548697442	0.779372340902734
maxbin_SRR25825517.011_sub	cancer_type	Other	0.0414133845819386	0.0337037344738376	624	13	0.219631862119512	0.779372340902734
metabat_SRR6000940.58	cancer_type	Other	0.137169771171696	0.141013664286729	624	31	0.373434024656274	0.779372340902734
maxbin_ERR2162217.004	response	R	-0.111523358320904	0.0774769272874362	624	27	0.150530265432153	0.779372340902734
maxbin_ERR2162217.004	cancer_type	Other	-0.133586939969633	0.111282962105719	624	27	0.253412337706558	0.779372340902734
metabat_SRR5930526.41	response	R	0.0995376323512441	0.0880387875999069	624	69	0.258655281006161	0.779372340902734
metabat_SRR11413619.35	response	R	0.10632800069738	0.0773437610267416	624	51	0.169707253765552	0.779372340902734
metabat_SRR11413619.35	cancer_type	Other	0.261564068637939	0.165512581825681	624	51	0.16457984889322	0.779372340902734
semibin_SRR16168900.4	cancer_type	Other	-0.0707261407316458	0.0681354668060029	624	16	0.319472649658524	0.779372340902734
metabat_SRR13022316.9	response	R	0.0469639065790279	0.0378715967646112	624	13	0.215413220121439	0.779372340902734
metabat_SRR13022316.9	cancer_type	Other	-0.060611345951982	0.0652879221611364	624	13	0.388809729377287	0.779372340902734
metabat_SRR5930536.81_sub	response	R	-0.0935898143351163	0.0835270353049653	624	38	0.262950044475856	0.779372340902734
metabat_ERR12406000.21	cancer_type	Other	-0.0440801444462045	0.0672072302656805	624	17	0.524005035543069	0.779372340902734
maxbin_SRR8387707.003	response	R	-0.0173562490155238	0.0230791278099564	624	5	0.452320381918497	0.779372340902734
maxbin_SRR8387707.003	cancer_type	Other	0.123310872278031	0.085545972861221	624	5	0.198063808497877	0.779372340902734
metabat_SRR13068834.42	cancer_type	Other	-0.150734466562942	0.241927594927647	624	34	0.547864430776528	0.779372340902734
metabat_SRR16554644.2	cancer_type	Other	-0.050916603525077	0.0529742438909882	624	9	0.360070361034338	0.779372340902734
semibin_SRR6000932.49_sub	response	R	-0.0589076884118068	0.0671276340735487	624	33	0.380530522119375	0.779372340902734
semibin_SRR6000932.49_sub	cancer_type	Other	-0.0675044498928397	0.0778806964099365	624	33	0.414768346648625	0.779372340902734
semibin_ERR12405915.28	response	R	0.0609271662743248	0.0512424805932791	624	17	0.234896486244902	0.779372340902734
metabat_SRR20881985.11	response	R	0.0839494718463397	0.0840366182562482	624	32	0.318203042214814	0.779372340902734
metabat_SRR20881985.11	cancer_type	Other	-0.14461662812367	0.100399132082802	624	32	0.181676821490002	0.779372340902734
metabat_SRR16168938.30	cancer_type	Other	-0.223793883424626	0.179128284050431	624	44	0.246059933810212	0.779372340902734
semibin_SRR11413607.11	response	R	-0.212561914915151	0.1009199300244	624	67	0.0355854271850319	0.779372340902734
semibin_SRR11413607.11	cancer_type	Other	-0.182001820335267	0.270349259079774	624	67	0.514180897341271	0.779372340902734
maxbin_SRR11413653.011	response	R	-0.0817772048717167	0.0636265554434533	624	34	0.199178168610146	0.779372340902734
maxbin_SRR11413653.011	cancer_type	Other	0.266589806747393	0.130449434552874	624	34	0.0756936358386145	0.779372340902734
semibin_SRR25825504.166	response	R	0.0416709561817083	0.0269685285050584	624	5	0.122817001561612	0.779372340902734
semibin_SRR25825504.166	cancer_type	Other	-0.0295254877620147	0.0352123570110464	624	5	0.445277295055821	0.779372340902734
semibin_SRR5930501.30_sub	cancer_type	Other	-0.0776935932275915	0.0504602255900457	624	20	0.167941773294058	0.779372340902734
metabat_ERR12405933.44	cancer_type	Other	0.124912708476379	0.128756003138309	624	36	0.357535882187962	0.779372340902734
maxbin_SRR5930517.002	cancer_type	Other	-0.0473595543309213	0.0694537165807295	624	15	0.515045042239222	0.779372340902734
metabat_ERR6264281.57_sub	response	R	-0.0608464344458672	0.0700394202706854	624	33	0.385323141020047	0.779372340902734
metabat_ERR6264281.57_sub	cancer_type	Other	-0.0595235957258971	0.0905297235073818	624	33	0.534993771540355	0.779372340902734
maxbin_ERR6279677.001	response	R	0.0749473315867321	0.0496473664296931	624	12	0.13165655550183	0.779372340902734
maxbin_ERR6279677.001	cancer_type	Other	-0.0483679323822708	0.0685051710345862	624	12	0.496871663609906	0.779372340902734
semibin_SRR25825502.18	response	R	-0.0942609011288448	0.0652328184237483	624	30	0.148966343930029	0.779372340902734
semibin_SRR25825502.18	cancer_type	Other	-0.0971456446202309	0.0780696654152042	624	30	0.244608847669007	0.779372340902734
metabat_ERR6232524.33_sub	response	R	-0.0845641914873423	0.0829939259459017	624	46	0.308638600436876	0.779372340902734
metabat_ERR6232524.33_sub	cancer_type	Other	0.0757057481636347	0.115309472914911	624	46	0.539628794211126	0.779372340902734
semibin_SRR5930503.42	response	R	0.033551450455037	0.0324182869575605	624	12	0.301093123591472	0.779372340902734
semibin_SRR5930503.42	cancer_type	Other	-0.0519780403986814	0.0595054117261561	624	12	0.414166508898826	0.779372340902734
metabat_ERR12406012.5	response	R	0.181215631091407	0.0824989178734779	624	68	0.0284227536917996	0.779372340902734
semibin_ERR12406012.51	cancer_type	Other	0.038862311267209	0.0631770624899827	624	18	0.538692072469878	0.779372340902734
metabat_ERR12405976.3_sub	cancer_type	Other	-0.109801048841134	0.126740243255511	624	33	0.404846694549789	0.779372340902734
maxbin_SRR16554767.018	response	R	-0.0588452902299971	0.0740580727561399	624	48	0.427160021819206	0.779372340902734
maxbin_SRR16554767.018	cancer_type	Other	-0.178087393631386	0.157683319403928	624	48	0.285078827697064	0.779372340902734
semibin_SRR16554784.38	response	R	0.0481381692407171	0.047107396252042	624	29	0.30723843189965	0.779372340902734
semibin_SRR16554784.38	cancer_type	Other	-0.112968797177365	0.176710405190679	624	29	0.537606536542963	0.779372340902734
metabat_SRR5930522.13_sub	response	R	-0.0722568204616043	0.0633892243296013	624	29	0.254771095041833	0.779372340902734
metabat_SRR5930522.13_sub	cancer_type	Other	-0.102078020994714	0.10593771448348	624	29	0.365647108096723	0.779372340902734
metabat_SRR23364191.39_sub	response	R	-0.0386239534021107	0.0542756146699876	624	30	0.476963462261433	0.779372340902734
metabat_SRR23364191.39_sub	cancer_type	Other	0.0588405528438547	0.0600568466354297	624	30	0.327592237566036	0.779372340902734
metabat_ERR6281341.9	response	R	0.193054844255302	0.0963723112089153	624	36	0.0455881707491383	0.779372340902734
metabat_ERR6281341.9	cancer_type	Other	-0.101112975074067	0.146196791103912	624	36	0.514099714696379	0.779372340902734
semibin_ERR2162221.24_sub	response	R	-0.0812926856835981	0.0637157472262632	624	34	0.202481266992013	0.779372340902734
maxbin_ERR6267712.014_sub	response	R	0.053591359154326	0.0424865706820163	624	25	0.207651492803392	0.779372340902734
metabat_ERR6233695.21_sub	response	R	0.090918115675575	0.0648474376311541	624	34	0.16140574947494	0.779372340902734
metabat_ERR6233695.21_sub	cancer_type	Other	-0.133281888059733	0.10296004454682	624	34	0.229255742267534	0.779372340902734
semibin_SRR13068825.10	response	R	-0.0534119693098755	0.0654582639560514	624	32	0.414830988528744	0.779372340902734
semibin_SRR13022261.21	cancer_type	Other	0.121009839235677	0.0683853116899618	624	29	0.0772962257248421	0.779372340902734
metabat_SRR13022461.7	response	R	-0.0437049589365747	0.0659656942378929	624	30	0.507871027548693	0.779372340902734
metabat_SRR16554779.24	response	R	-0.108137453340335	0.0718089236611904	624	50	0.132600039697724	0.779372340902734
metabat_SRR16554779.24	cancer_type	Other	0.114864967909709	0.132530322541011	624	50	0.419566909158884	0.779372340902734
semibin_SRR5930498.24	response	R	0.0637056022433191	0.0690498134905592	624	31	0.356572323948293	0.779372340902734
metabat_SRR16554703.42	cancer_type	Other	-0.0611457673323791	0.0704065715369383	624	12	0.413696594221103	0.779372340902734
maxbin_ERR6264280.016_sub	cancer_type	Other	-0.135010462015414	0.215482981834873	624	34	0.54566595433623	0.779372340902734
metabat_ERR12405981.6	response	R	-0.0640761281739638	0.0695996756923511	624	35	0.357597651717284	0.779372340902734
semibin_SRR5930502.40	response	R	0.0760573380245467	0.0835797599571539	624	45	0.36318059911311	0.779372340902734
metabat_SRR23364239.1	cancer_type	Other	0.162065426993012	0.0528648341249379	624	27	0.00226623314214438	0.779372340902734
metabat_SRR16554638.10	cancer_type	Other	-0.0410446080418265	0.0429705440703541	624	4	0.39806092655014	0.779372340902734
metabat_SRR6000905.24	cancer_type	Other	-0.252795643427474	0.157928479251376	624	59	0.142404107471686	0.779372340902734
maxbin_SRR6000895.005	response	R	-0.043704078141375	0.027931237720541	624	4	0.118162364550171	0.779372340902734
maxbin_SRR6000895.005	cancer_type	Other	-0.0474675388583839	0.0429534462964549	624	4	0.306569284955367	0.779372340902734
semibin_SRR23364199.26	response	R	-0.195543795115494	0.0804510046881482	624	61	0.0153572781485504	0.779372340902734
semibin_SRR23364199.26	cancer_type	Other	-0.305091815467814	0.219537202611295	624	61	0.190682369018048	0.779372340902734
semibin_ERR6279650.30	cancer_type	Other	-0.0251965433195116	0.0293881780683075	624	3	0.391571163261194	0.779372340902734
semibin_SRR11413613.11	response	R	-0.154692550645663	0.0807985117648675	624	60	0.05601111154399	0.779372340902734
semibin_SRR11413613.11	cancer_type	Other	-0.211903662129775	0.212171699203499	624	60	0.338562582623039	0.779372340902734
metabat_ERR12405979.25	response	R	0.018500380201766	0.028726760460492	624	10	0.519806376211234	0.779372340902734
metabat_ERR6275652.12_sub	response	R	0.150256579628802	0.0727520458247725	624	46	0.0393113543945892	0.779372340902734
semibin_SRR16554736.23	cancer_type	Other	-0.154613551106434	0.0729280669573068	624	26	0.0343949849816019	0.779372340902734
semibin_SRR25825495.1_sub	response	R	-0.0576133371976125	0.0690019995819984	624	31	0.404067517584006	0.779372340902734
maxbin_SRR16554722.014	response	R	0.0435080817452178	0.0412330936201162	624	27	0.291760407907334	0.779372340902734
maxbin_SRR16554753.014	cancer_type	Other	0.11150037720611	0.0723598968216609	624	28	0.158570095704901	0.779372340902734
semibin_SRR5930504.118_sub	cancer_type	Other	-0.431978566266662	0.272880550193625	624	52	0.149225518853305	0.779372340902734
metabat_SRR20881986.45	cancer_type	Other	0.199982587543868	0.23544345565785	624	24	0.419028219082799	0.779372340902734
semibin_SRR5930531.66	response	R	0.0396440900058372	0.0429735942934858	624	27	0.356618571573622	0.779372340902734
metabat_SRR16554785.19	response	R	0.0548714093133592	0.0419362819095149	624	26	0.19121064602791	0.779372340902734
metabat_ERR12405955.34	response	R	0.0174281735118334	0.0282238270820197	624	10	0.537133296745492	0.779372340902734
maxbin_SRR5930505.015_sub	cancer_type	Other	-0.22058712644848	0.244043145949697	624	45	0.389168539393608	0.779372340902734
metabat_SRR8387710.29	response	R	0.0197494499687726	0.0293466213236497	624	10	0.501216895284262	0.779372340902734
metabat_SRR6000895.57	response	R	-0.124605621079148	0.0750992722880307	624	39	0.0975779636125041	0.779372340902734
metabat_SRR11413613.3	response	R	-0.0826455773638799	0.0812019859819002	624	36	0.309179921386759	0.779372340902734
semibin_SRR23364198.20	response	R	0.0446665287277285	0.0604312620668191	624	17	0.4601088603969	0.779372340902734
semibin_SRR23364198.20	cancer_type	Other	-0.131308675889355	0.15456828623337	624	17	0.419053202103535	0.779372340902734
semibin_SRR20881985.46_sub	response	R	0.146517390831773	0.0802182999018631	624	62	0.068262536967712	0.779372340902734
maxbin_SRR11413681.013	cancer_type	Other	0.220407559030615	0.174664072813952	624	39	0.237887390654891	0.779372340902734
semibin_SRR23364229.5	response	R	0.092627542268591	0.0774215557068775	624	64	0.23200032220046	0.779372340902734
semibin_SRR23364229.5	cancer_type	Other	-0.239737400228608	0.392387138943192	624	64	0.556027716586445	0.779372340902734
semibin_SRR5930527.64	response	R	-0.0366187988578941	0.0494573453484495	624	17	0.459330041341507	0.779372340902734
semibin_SRR5930527.64	cancer_type	Other	0.033872779299975	0.054725353598432	624	17	0.536170001573674	0.779372340902734
semibin_SRR5930529.122	response	R	0.0635452711164628	0.0362808064260229	624	13	0.0803578192851572	0.779372340902734
semibin_SRR5930529.122	cancer_type	Other	-0.0606199686987096	0.087668887752487	624	13	0.50776556124814	0.779372340902734
metabat_ERR6275679.20	response	R	0.031408649892454	0.0528530106989094	624	24	0.552552101589831	0.779372340902734
metabat_ERR6281944.25	response	R	-0.0624710404159304	0.0604240482850946	624	18	0.301596342360976	0.779372340902734
maxbin_SRR8387679.008	response	R	0.0579635650934434	0.0392105474411928	624	18	0.139849769000884	0.779372340902734
maxbin_SRR8387679.008	cancer_type	Other	0.159960561729024	0.141030718602371	624	18	0.294311254136735	0.779372340902734
semibin_SRR13068849.26	response	R	-0.0766619371111693	0.0660670565047733	624	34	0.246348137117507	0.779372340902734
semibin_ERR6275674.65	cancer_type	Other	-0.191449178568481	0.164524865341088	624	49	0.263757058250232	0.779372340902734
metabat_ERR12405922.10_sub	cancer_type	Other	-0.10028625541144	0.119338676832458	624	37	0.424748911079798	0.779372340902734
metabat_ERR6281941.15	response	R	-0.0878993531920418	0.0789989735749723	624	40	0.266283078266311	0.779372340902734
metabat_ERR6281941.15	cancer_type	Other	0.106401384822631	0.137901703489139	624	40	0.458371963827213	0.779372340902734
maxbin_SRR6000920.039	response	R	0.0405888820565144	0.0509813554342722	624	29	0.426251241605765	0.779372340902734
metabat_SRR16554754.14_sub	response	R	-0.018529592399677	0.0181476399315227	624	2	0.3076297920427	0.779372340902734
metabat_SRR16554754.14_sub	cancer_type	Other	-0.0148194704667137	0.020080657488438	624	2	0.460794888630375	0.779372340902734
semibin_SRR16554652.24	response	R	0.017171859103317	0.023888779813469	624	7	0.472520423657549	0.779372340902734
semibin_SRR16554652.24	cancer_type	Other	-0.0209606807078369	0.0265202717594306	624	7	0.451114495554192	0.779372340902734
maxbin_SRR5930507.021	response	R	0.0309609047218948	0.0426134868203476	624	26	0.467777402175363	0.779372340902734
semibin_SRR5930507.17_sub	response	R	-0.131735086940548	0.0718047309672779	624	31	0.0670411004045746	0.779372340902734
metabat_SRR5930519.59	response	R	-0.134505745677234	0.073687701737625	624	40	0.0684287340003546	0.779372340902734
metabat_SRR11413689.27	cancer_type	Other	0.33080683815817	0.245575033365844	624	40	0.210165373300093	0.779372340902734
metabat_SRR6000890.18	cancer_type	Other	-0.071198959558692	0.0931377994918167	624	15	0.466699005787436	0.779372340902734
semibin_ERR12405997.136	cancer_type	Other	0.0867200042704547	0.0374247327432516	624	8	0.0208180060477293	0.779372340902734
semibin_SRR23364199.41	response	R	0.037296435223801	0.0489125329696382	624	31	0.446046602391095	0.779372340902734
metabat_SRR16168984.49	response	R	0.0441050770130737	0.0240434611017612	624	9	0.0670744320398044	0.779372340902734
metabat_SRR16168984.49	cancer_type	Other	-0.0445817388488147	0.0266044790971636	624	9	0.0942958238920865	0.779372340902734
metabat_ERR12405967.40_sub	response	R	-0.0720269194884018	0.0752132500302984	624	52	0.338622883361302	0.779372340902734
metabat_SRR16554671.17_sub	response	R	0.0498184169151095	0.0548186610589297	624	22	0.363815791304566	0.779372340902734
metabat_SRR16554671.17_sub	cancer_type	Other	-0.0608533380933439	0.0606577362595256	624	22	0.316143210942928	0.779372340902734
semibin_SRR16554763.40_sub	response	R	0.109509026861596	0.0574654670093218	624	24	0.0571572214259061	0.779372340902734
semibin_SRR16554763.40_sub	cancer_type	Other	0.0538066870807921	0.0635864699091205	624	24	0.397768741242806	0.779372340902734
metabat_ERR12405924.12	cancer_type	Other	0.255797394502569	0.165325363176594	624	40	0.167340742482299	0.779372340902734
semibin_SRR5930528.277	response	R	0.0436689587304716	0.0643522683011592	624	36	0.497651193532835	0.779372340902734
semibin_SRR5930528.277	cancer_type	Other	-0.169259874114988	0.233933784701699	624	36	0.487477777250548	0.779372340902734
metabat_ERR12405976.51	response	R	0.0241891907117248	0.0193754966867328	624	5	0.212339569843302	0.779372340902734
metabat_ERR12405976.51	cancer_type	Other	0.0180868833945311	0.0214393008734332	624	5	0.399199837639389	0.779372340902734
maxbin_SRR16168969.015	response	R	0.0329266806227119	0.0439012211897611	624	26	0.453529281927419	0.779372340902734
maxbin_SRR16168969.015	cancer_type	Other	-0.0462819805524158	0.054426915324883	624	26	0.420916578201802	0.779372340902734
metabat_SRR16554773.16	response	R	-0.0671434116710089	0.0539972805022003	624	25	0.214170139131365	0.779372340902734
metabat_SRR6000893.6	response	R	0.0295838425438285	0.0196989330551478	624	7	0.133657969087039	0.779372340902734
metabat_SRR6000893.6	cancer_type	Other	-0.0338453990371602	0.0283461921898596	624	7	0.274269938626595	0.779372340902734
maxbin_ERR2162201.001	response	R	0.038732486461254	0.022882461014049	624	4	0.0910236304958449	0.779372340902734
semibin_SRR16554692.37	response	R	-0.0696223860231767	0.0612455380827845	624	28	0.256071702015537	0.779372340902734
maxbin_SRR16168926.011	response	R	0.0523211307177989	0.0481276651661478	624	26	0.27740464414302	0.779372340902734
maxbin_ERR6282137.011_sub	cancer_type	Other	-0.0862293502484405	0.0609354262016971	624	22	0.15754221557971	0.779372340902734
maxbin_SRR16554667.020	response	R	-0.0389506309343017	0.0503051142835989	624	21	0.439055360926842	0.779372340902734
semibin_ERR2162202.30	response	R	-0.0600871072319113	0.0442415309933916	624	17	0.174908339254386	0.779372340902734
metabat_SRR11413684.1	response	R	-0.0550178945880324	0.0645337552560001	624	25	0.394241149546075	0.779372340902734
metabat_SRR11413684.1	cancer_type	Other	0.157168591565034	0.0935991000194196	624	25	0.147615181715207	0.779372340902734
maxbin_SRR5930508.009	response	R	0.0293740893645254	0.0457693142274947	624	25	0.52125186558102	0.779372340902734
metabat_SRR16554625.19	cancer_type	Other	-0.0645166182720645	0.0707147097175198	624	17	0.390587848046803	0.779372340902734
metabat_SRR16554702.8	response	R	0.0631265015555962	0.0404522809484883	624	16	0.119151899430979	0.779372340902734
semibin_SRR13022319.17	response	R	-0.131625545697614	0.0819436290163449	624	53	0.108719164409789	0.779372340902734
metabat_ERR2162221.27	cancer_type	Other	-0.147308916077086	0.152970421249007	624	32	0.3622076757602	0.779372340902734
metabat_SRR8387681.33_sub	response	R	0.0495636527201341	0.0511713407798791	624	23	0.333133860126511	0.779372340902734
metabat_SRR8387681.33_sub	cancer_type	Other	0.0955771688418464	0.146796647258652	624	23	0.537809327117597	0.779372340902734
metabat_SRR20881986.23	response	R	-0.0617965220472768	0.06873656741453	624	23	0.368984596244167	0.779372340902734
semibin_SRR20881984.28	cancer_type	Other	0.549352522925786	0.265676377515032	624	45	0.0762992485143983	0.779372340902734
semibin_SRR20881984.48	response	R	0.0264104135270096	0.0365233693565881	624	9	0.469885009409674	0.779372340902734
semibin_ERR12405985.19	response	R	0.0834794994808674	0.049935534035354	624	26	0.0950825529213842	0.779372340902734
semibin_ERR12405959.88	cancer_type	Other	0.0904293107059801	0.0358077507537109	624	7	0.0118039931976741	0.779372340902734
maxbin_SRR8387683.016_sub	response	R	0.0510837344649758	0.0458199997059358	624	17	0.26533673909373	0.779372340902734
maxbin_SRR8387683.016_sub	cancer_type	Other	0.0789512553777622	0.128185762376009	624	17	0.557206565858673	0.779372340902734
maxbin_SRR11413645.020_sub	response	R	0.0389668269403643	0.0407608186296394	624	10	0.339452802810123	0.779372340902734
maxbin_SRR11413645.020_sub	cancer_type	Other	0.103724308692344	0.116359244467745	624	10	0.39629518882428	0.779372340902734
maxbin_SRR23364183.008	response	R	0.0673690598626083	0.0423471086513665	624	19	0.112146347207231	0.779372340902734
metabat_ERR6279648.28_sub	cancer_type	Other	-0.0526052953375902	0.064639344443284	624	22	0.416055543835696	0.779372340902734
semibin_SRR16554627.34	response	R	0.0501113224237073	0.0477058699879442	624	18	0.293933419386711	0.779372340902734
semibin_SRR16554693.10	cancer_type	Other	-0.115683088815099	0.136981303231811	624	27	0.419832942253634	0.779372340902734
semibin_ERR12405963.13	response	R	0.0669599876401481	0.0460436429638295	624	24	0.146380365616069	0.779372340902734
metabat_ERR12405966.18	cancer_type	Other	0.258699935593776	0.183333589579934	624	41	0.201647334639225	0.779372340902734
semibin_SRR5930522.30_sub	cancer_type	Other	-0.126586445567196	0.167189635029975	624	19	0.467033595810434	0.779372340902734
metabat_SRR16554652.18	response	R	0.0422943651938597	0.0571539758773851	624	32	0.459577580719153	0.779372340902734
semibin_SRR16554656.6	response	R	-0.0793978783500996	0.0580640303645069	624	23	0.17199105261937	0.779372340902734
maxbin_ERR2162203.009_sub	response	R	0.0388031307585167	0.045270481404907	624	16	0.391699548456477	0.779372340902734
maxbin_ERR2162203.009_sub	cancer_type	Other	-0.0920819270482817	0.111439776230166	624	16	0.431868016404078	0.779372340902734
semibin_SRR23364171.89	response	R	-0.114954512256279	0.0626991273552221	624	40	0.067217403593445	0.779372340902734
semibin_SRR23364171.89	cancer_type	Other	0.0597266957402999	0.0947446697251796	624	40	0.552813904470709	0.779372340902734
metabat_SRR11413657.18	response	R	0.100580685818941	0.0650937124930172	624	31	0.122821640414778	0.779372340902734
metabat_SRR11413657.18	cancer_type	Other	0.296877610360168	0.237175330534034	624	31	0.254587458980563	0.779372340902734
metabat_SRR5930497.69	response	R	0.0796623991347001	0.0478911635145053	624	18	0.0967371824647996	0.779372340902734
semibin_SRR20881984.27	cancer_type	Other	0.128412897689626	0.134309098694509	624	22	0.369934374214304	0.779372340902734
semibin_SRR5930532.101_sub	cancer_type	Other	-0.0901360949611795	0.0766641868033918	624	17	0.280331840739654	0.779372340902734
semibin_ERR6275667.19	response	R	-0.0242342110850758	0.0334912849052167	624	8	0.46958532920915	0.779372340902734
semibin_ERR6275667.19	cancer_type	Other	0.0626696961198001	0.0370586491448488	624	8	0.0913204134919768	0.779372340902734
semibin_SRR11413679.3	response	R	-0.0486488984932152	0.0466400882445281	624	22	0.297324760299312	0.779372340902734
maxbin_SRR11413615.014	response	R	-0.0389298883374403	0.0393586338689498	624	19	0.323000012897733	0.779372340902734
maxbin_SRR11413615.014	cancer_type	Other	0.250650703896718	0.168566080227388	624	19	0.169596060636828	0.779372340902734
semibin_SRR6000900.6	cancer_type	Other	-0.194394895623725	0.100676466352796	624	19	0.0820763016467486	0.779372340902734
semibin_SRR13068817.20	response	R	-0.108303505431817	0.0617014243214761	624	24	0.0797053293174357	0.779372340902734
semibin_ERR6281340.57	response	R	-0.0671915420688372	0.0375205999167724	624	13	0.0738143917411907	0.779372340902734
metabat_SRR5930533.11	response	R	0.0475820860447734	0.051681972864142	624	29	0.357583073018405	0.779372340902734
maxbin_SRR16168909.004_sub	cancer_type	Other	-0.0957142235881811	0.0911770316894527	624	15	0.324005631626879	0.779372340902734
semibin_SRR5930516.27_sub	cancer_type	Other	-0.0989837960075095	0.0529481232182796	624	15	0.0620308211826822	0.779372340902734
metabat_SRR11413611.7	response	R	-0.0389723205432628	0.0515604278222835	624	16	0.450021682879952	0.779372340902734
metabat_SRR11413611.7	cancer_type	Other	0.0645625238629682	0.104673166410976	624	16	0.552218304369909	0.779372340902734
metabat_ERR6275669.37	response	R	0.0441874903454427	0.0289212127746294	624	8	0.127057097888156	0.779372340902734
metabat_ERR6275669.37	cancer_type	Other	-0.026265551971631	0.0320017903192352	624	8	0.412102158064722	0.779372340902734
semibin_ERR2162215.9	response	R	-0.0365638916231748	0.0356649165519854	624	12	0.305665106265517	0.779372340902734
semibin_ERR2162215.9	cancer_type	Other	0.0236374132240948	0.0394638077643438	624	12	0.54941509885168	0.779372340902734
maxbin_SRR11413646.006_sub	response	R	-0.0816940112034347	0.0447903071546904	624	24	0.0686448061070016	0.779372340902734
maxbin_SRR11413646.006_sub	cancer_type	Other	0.183311037942862	0.0699359420536068	624	24	0.0772561377657695	0.779372340902734
maxbin_SRR23364206.033_sub	response	R	0.0441388896366872	0.0454152352384813	624	20	0.331481018652032	0.779372340902734
maxbin_SRR11413688.023_sub	response	R	-0.0804052876783777	0.0689509378509891	624	29	0.244012688993191	0.779372340902734
maxbin_SRR11413688.023_sub	cancer_type	Other	0.0679519991847137	0.0992346674893408	624	29	0.508681286901704	0.779372340902734
semibin_ERR12405972.8	cancer_type	Other	0.12808512035857	0.0992714457309885	624	20	0.246646779063734	0.779372340902734
metabat_SRR5930494.40_sub	cancer_type	Other	-0.0966925298728058	0.133155709801355	624	34	0.485525171970062	0.779372340902734
maxbin_SRR23364202.021	response	R	0.0279493578258814	0.0287314657264836	624	7	0.331042550760957	0.779372340902734
maxbin_SRR23364202.021	cancer_type	Other	-0.0491538987416973	0.0588477599037738	624	7	0.431433142515733	0.779372340902734
metabat_SRR5930527.48	response	R	-0.0584058391761659	0.0694151868327437	624	40	0.400449294094586	0.779372340902734
semibin_SRR20881977.110	cancer_type	Other	0.0439657060045323	0.0435419248287999	624	4	0.377295458963558	0.779372340902734
semibin_SRR16554696.25	cancer_type	Other	-0.0142392564913671	0.014436859184389	624	3	0.405621351359321	0.779372340902734
metabat_SRR16168902.18	response	R	0.029868136191304	0.0506327680547007	624	14	0.55547540215307	0.779372340902734
metabat_SRR16168902.18	cancer_type	Other	-0.0866905432241029	0.141439293709208	624	14	0.557625624417484	0.779372340902734
metabat_ERR6239139.44	response	R	0.0504030081334519	0.0382710070941157	624	11	0.188323589031535	0.779372340902734
metabat_ERR6239139.44	cancer_type	Other	-0.0790710881900128	0.0423474891553039	624	11	0.0623450607575538	0.779372340902734
maxbin_SRR8387683.026_sub	cancer_type	Other	0.190484314411189	0.149567172843403	624	23	0.242125963525969	0.779372340902734
metabat_SRR11413649.18	response	R	0.110894652950439	0.0510672812917679	624	23	0.030271425214289	0.779372340902734
metabat_SRR11413649.18	cancer_type	Other	0.0901124752717702	0.0565676223007421	624	23	0.167420145503733	0.779372340902734
semibin_SRR16554666.90	response	R	0.0486947431959786	0.0454681947813064	624	14	0.284603099260643	0.779372340902734
semibin_SRR16554666.90	cancer_type	Other	-0.0636806519148158	0.0616546142566325	624	14	0.334193127697458	0.779372340902734
maxbin_SRR16554651.021_sub	cancer_type	Other	0.444312436105883	0.228363734745287	624	37	0.093237930234675	0.779372340902734
metabat_SRR16554626.8	response	R	0.0922605391581332	0.0501359723052511	624	20	0.0662149449936938	0.779372340902734
metabat_SRR16554626.8	cancer_type	Other	0.073085024296826	0.0554762653166155	624	20	0.188186852491123	0.779372340902734
semibin_SRR5930504.156_sub	response	R	0.0443780246888245	0.0529114761040359	624	24	0.401948015332361	0.779372340902734
semibin_SRR5930504.156_sub	cancer_type	Other	-0.163881002099528	0.0867341830516555	624	24	0.0893999830367866	0.779372340902734
semibin_ERR12405910.22	response	R	-0.0660288753168022	0.0443771823254416	624	12	0.137284606528575	0.779372340902734
metabat_SRR16554760.38	response	R	0.146535839119901	0.0622704425931348	624	29	0.0189228277799128	0.779372340902734
metabat_SRR16554760.38	cancer_type	Other	0.0714908305694909	0.0929873822273993	624	29	0.459970681763399	0.779372340902734
maxbin_SRR16168929.017	response	R	0.0404766182279702	0.0374799446529803	624	22	0.280586217347554	0.779372340902734
metabat_SRR25825515.13	response	R	-0.105698212340951	0.0385186865375322	624	20	0.00624371487879972	0.779372340902734
semibin_SRR5930505.112	response	R	-0.0604715498609177	0.0666325657473032	624	28	0.364475134995037	0.779372340902734
semibin_SRR5930505.112	cancer_type	Other	-0.0869008313413886	0.139127285348698	624	28	0.548805453129773	0.779372340902734
semibin_SRR5930521.13	response	R	-0.089299419867083	0.054075134460536	624	17	0.0991660606903843	0.779372340902734
semibin_SRR5930521.13	cancer_type	Other	-0.0959432274066634	0.151508198445816	624	17	0.541455590874549	0.779372340902734
semibin_ERR12405959.9	cancer_type	Other	-0.047533281343474	0.0744897797084512	624	23	0.538926379130299	0.779372340902734
semibin_SRR6000902.21	response	R	0.0628322553929874	0.0549899061589129	624	22	0.25363914180131	0.779372340902734
semibin_ERR6275661.83	cancer_type	Other	-0.0671699575316366	0.0811163681166365	624	16	0.428900136129682	0.779372340902734
semibin_SRR5930519.20	response	R	-0.0865170715590158	0.0857913603242731	624	40	0.313628212375258	0.779372340902734
maxbin_ERR12405985.002_sub	response	R	0.0664983836705902	0.0524823285183536	624	22	0.205608575960766	0.779372340902734
metabat_SRR5930506.22	cancer_type	Other	-0.073525778210706	0.0744056648796024	624	20	0.352599766376169	0.779372340902734
semibin_ERR12405947.51	response	R	-0.0742291633800459	0.0329628159091562	624	10	0.0246767952826227	0.779372340902734
semibin_ERR12405947.51	cancer_type	Other	0.0887867760852077	0.0364738896420599	624	10	0.0152032041561195	0.779372340902734
semibin_SRR5930505.26	cancer_type	Other	-0.0669375223431611	0.0609410068443293	624	15	0.296934547040361	0.779372340902734
semibin_SRR11413652.34	cancer_type	Other	0.0819945696820507	0.0659220856626805	624	27	0.21403868972037	0.779372340902734
semibin_SRR5930529.25	response	R	-0.0642664309472788	0.0467713893704177	624	15	0.169923442878047	0.779372340902734
semibin_SRR11413656.47	cancer_type	Other	0.110425154011109	0.0657709366788374	624	27	0.126308378535977	0.779372340902734
semibin_SRR13068830.16	response	R	-0.084184843324358	0.0534638232683795	624	17	0.115857773732817	0.779372340902734
maxbin_ERR6233695.025_sub	response	R	0.0439292972685341	0.0300894760768201	624	10	0.144807979303662	0.779372340902734
maxbin_ERR6233695.025_sub	cancer_type	Other	-0.0600369302587635	0.0332944925833381	624	10	0.0718399884395609	0.779372340902734
maxbin_SRR16554735.011	response	R	-0.00354637950122633	0.00323713952340922	624	1	0.273711770006283	0.779372340902734
maxbin_SRR16554735.011	cancer_type	Other	-0.00520420773665566	0.00796581281340931	624	1	0.535704557329441	0.779372340902734
semibin_SRR16554702.69	response	R	0.0416748856398382	0.034274394838452	624	8	0.22447937255697	0.779372340902734
semibin_SRR8387681.3	response	R	0.0332223670648882	0.0507298303810939	624	21	0.512784419056483	0.779372340902734
semibin_SRR8387681.3	cancer_type	Other	0.0991967731656677	0.153951953770632	624	21	0.540917498349653	0.779372340902734
semibin_SRR16554632.68	response	R	-0.0522812447388786	0.0308001747451408	624	8	0.090115788005117	0.779372340902734
semibin_SRR16554632.68	cancer_type	Other	0.034938438687581	0.0340808921697243	624	8	0.305685872387523	0.779372340902734
semibin_SRR16554652.37	response	R	0.0370714210846912	0.0393902084270879	624	12	0.34700273775608	0.779372340902734
metabat_SRR11413614.19	response	R	0.0460914498910708	0.0439290702554626	624	16	0.294483243754028	0.779372340902734
metabat_SRR11413614.19	cancer_type	Other	0.117203058257587	0.0844184115856226	624	16	0.204991309200248	0.779372340902734
semibin_SRR23364192.60	response	R	-0.0393683922352056	0.027679930472818	624	7	0.155449355202279	0.779372340902734
semibin_SRR23364192.60	cancer_type	Other	0.0745369754134918	0.0306282913494965	624	7	0.0152305512193332	0.779372340902734
maxbin_ERR12405964.003	response	R	-0.0332344020333316	0.0388945753286824	624	14	0.393171935515683	0.779372340902734
metabat_SRR6000949.15_sub	cancer_type	Other	0.117817388789596	0.13044378549897	624	32	0.401790880304612	0.779372340902734
metabat_ERR2162221.41	response	R	0.0588370519226227	0.0325167899371756	624	9	0.0708666712312984	0.779372340902734
metabat_ERR2162221.41	cancer_type	Other	0.100428844025813	0.0359803546805946	624	9	0.00541251574667218	0.779372340902734
metabat_SRR5930503.2	cancer_type	Other	0.133250710093068	0.130452260395313	624	13	0.332875830464713	0.779372340902734
metabat_SRR25825512.35_sub	response	R	0.0326401244646571	0.033704814466766	624	10	0.333215983150412	0.779372340902734
metabat_SRR25825512.35_sub	cancer_type	Other	-0.0694687274100536	0.0372949230628518	624	10	0.0629784427697968	0.779372340902734
metabat_SRR16554625.18	response	R	0.0113413739587671	0.0184752381886688	624	2	0.53952676940004	0.779372340902734
metabat_SRR16554625.18	cancer_type	Other	-0.0142683252901518	0.0204431502654813	624	2	0.485468837144062	0.779372340902734
semibin_SRR6000921.66	response	R	-0.0576676608151706	0.0365271702951232	624	15	0.114900452104243	0.779372340902734
semibin_SRR6000921.66	cancer_type	Other	0.0610328414409853	0.0709390897075993	624	15	0.413848724678843	0.779372340902734
metabat_ERR12405979.29_sub	response	R	-0.0344814928035354	0.0290569022310801	624	9	0.235804274394081	0.779372340902734
metabat_ERR12405979.29_sub	cancer_type	Other	0.0849197563671666	0.0321519329003124	624	9	0.00846915620612578	0.779372340902734
metabat_SRR20881979.25	response	R	0.0467882322775009	0.0512778891513611	624	24	0.361889272372008	0.779372340902734
metabat_ERR12405912.60_sub	response	R	0.0407389278499919	0.0292334010857193	624	8	0.163945847967573	0.779372340902734
metabat_SRR5930511.14	cancer_type	Other	-0.128948996170872	0.0830058976528863	624	19	0.161127627555345	0.779372340902734
metabat_SRR11413656.7	response	R	0.0437016665816842	0.0543695326169331	624	20	0.421826045683247	0.779372340902734
metabat_SRR11413656.7	cancer_type	Other	0.070038108246892	0.0601607683647425	624	20	0.244797159413511	0.779372340902734
semibin_SRR25825511.42	response	R	-0.0190589934379121	0.0249642892967079	624	4	0.445484976059058	0.779372340902734
semibin_SRR25825497.63	response	R	-0.0453958912376295	0.0285180956718873	624	8	0.1119324003781	0.779372340902734
metabat_SRR16554694.1	cancer_type	Other	-0.163535587052434	0.147656428388165	624	23	0.296963773457371	0.779372340902734
semibin_ERR6279648.9_sub	response	R	0.071365041847018	0.064897612198991	624	38	0.271910789304026	0.779372340902734
semibin_ERR6279648.9_sub	cancer_type	Other	0.196817471036403	0.174893301105829	624	38	0.296419033387122	0.779372340902734
metabat_ERR12405972.12	response	R	-0.0340293818331811	0.0249381999070243	624	8	0.172891918344766	0.779372340902734
metabat_ERR12405972.12	cancer_type	Other	0.0558981853859234	0.0336131826236855	624	8	0.19327580675615	0.779372340902734
semibin_ERR6279664.27	response	R	0.0259714762389838	0.0305964818575357	624	19	0.396298420927516	0.779372340902734
semibin_ERR2162212.41	response	R	0.0393943116464423	0.0298983953611997	624	10	0.188121390200451	0.779372340902734
metabat_SRR20881983.15_sub	response	R	0.0636694255989775	0.0642064782256856	624	37	0.321764229831146	0.779372340902734
metabat_SRR20881983.15_sub	cancer_type	Other	0.199429908832739	0.179761528173488	624	37	0.303123262350584	0.779372340902734
metabat_SRR8387677.1_sub	response	R	-0.0560500365133745	0.0252365725615094	624	5	0.0267171147721283	0.779372340902734
metabat_SRR8387677.1_sub	cancer_type	Other	0.211345671339742	0.154999748720544	624	5	0.209883476961259	0.779372340902734
metabat_ERR12405915.37	response	R	0.0350713279910233	0.0442804932337181	624	20	0.428647609184485	0.779372340902734
metabat_ERR12405915.37	cancer_type	Other	0.0936230336957558	0.0489970828934548	624	20	0.0564920184558022	0.779372340902734
semibin_SRR6000896.39	response	R	-0.0556246966806039	0.0405618318076372	624	14	0.170759432157795	0.779372340902734
semibin_SRR6000896.39	cancer_type	Other	-0.0952395590678389	0.0448823238011229	624	14	0.0342343852699493	0.779372340902734
metabat_SRR5930498.104	response	R	-0.0361943364305495	0.0551703315922351	624	23	0.512036811469933	0.779372340902734
metabat_SRR5930498.104	cancer_type	Other	-0.152487220783297	0.0963054677986842	624	23	0.155508202126209	0.779372340902734
maxbin_SRR6000949.071	cancer_type	Other	0.0822588040180786	0.0490919145018834	624	16	0.190246449965611	0.779372340902734
maxbin_SRR16554721.036	cancer_type	Other	-0.0299796937321937	0.0495795831193789	624	14	0.54561369400724	0.779372340902734
maxbin_ERR12406001.019	cancer_type	Other	0.0277275813780429	0.0288337197343321	624	6	0.336606091160108	0.779372340902734
metabat_SRR25825496.40	cancer_type	Other	-0.0280117209401549	0.0363762112409275	624	11	0.441559484351948	0.779372340902734
maxbin_ERR2162220.003	response	R	0.00317839469631955	0.00323738361732423	624	1	0.326593075283157	0.779372340902734
maxbin_ERR2162220.003	cancer_type	Other	-0.00538757712471658	0.00809394242194043	624	1	0.527867113623618	0.779372340902734
metabat_ERR2162206.17	response	R	0.0329900945483125	0.0326495489970992	624	10	0.312682771035735	0.779372340902734
metabat_ERR2162206.17	cancer_type	Other	-0.0428001881583117	0.0595258000473542	624	10	0.500180987441907	0.779372340902734
metabat_ERR12405944.28_sub	response	R	0.0483440908767526	0.0312645096296471	624	5	0.122543266047951	0.779372340902734
metabat_ERR12405944.28_sub	cancer_type	Other	0.0499575541802621	0.0345946862394154	624	5	0.149220297919436	0.779372340902734
semibin_SRR13068826.50	cancer_type	Other	-0.0353035402147465	0.0298553663092233	624	5	0.265613641186958	0.779372340902734
maxbin_ERR12405967.017	response	R	0.0697680695176753	0.0371479310879395	624	20	0.0608351169512051	0.779372340902734
maxbin_ERR12405967.017	cancer_type	Other	0.0747221170033388	0.0491267279852866	624	20	0.173215458131048	0.779372340902734
semibin_ERR12405955.92	cancer_type	Other	0.0495295108778929	0.0287402371583109	624	4	0.0853228698385076	0.779372340902734
semibin_SRR5930511.23	response	R	0.0373068373914338	0.0512376365695083	624	26	0.466818569390323	0.779372340902734
metabat_SRR25825494.29	response	R	-0.036124933645262	0.0428189962545003	624	17	0.399180898003104	0.779372340902734
maxbin_SRR16554715.022_sub	cancer_type	Other	-0.0529647503340223	0.0557148338192124	624	11	0.361136325571806	0.779372340902734
semibin_SRR5930503.199	response	R	0.0723429365930548	0.0405022078277481	624	19	0.0745631122364172	0.779372340902734
semibin_SRR5930503.199	cancer_type	Other	-0.0940326344672524	0.0720309557759973	624	19	0.222687909552201	0.779372340902734
maxbin_ERR12405926.036	cancer_type	Other	0.0430324508885109	0.0488130054394254	624	12	0.418890316393571	0.779372340902734
metabat_ERR12405911.26	response	R	0.0313787344450717	0.0391938862054776	624	10	0.423668008823099	0.779372340902734
semibin_SRR6000920.16	response	R	-0.0430610950681011	0.0483164142521297	624	17	0.373151527030242	0.779372340902734
semibin_SRR6000920.16	cancer_type	Other	0.0906839702325441	0.10895982847812	624	17	0.43846792511076	0.779372340902734
metabat_SRR16554733.8	response	R	0.0135189067963686	0.011651362349081	624	2	0.246380431746877	0.779372340902734
metabat_SRR11413608.104_sub	response	R	0.0399364183061547	0.0342763963960902	624	21	0.244414202455502	0.779372340902734
metabat_SRR13022375.2	response	R	0.0372627925966407	0.0310957158135872	624	9	0.231247628340447	0.779372340902734
metabat_SRR13068837.8	response	R	0.0383814233240481	0.0268117996170028	624	5	0.152786488785751	0.779372340902734
metabat_SRR13068837.8	cancer_type	Other	-0.035537091016954	0.0296676904980057	624	5	0.231437019405274	0.779372340902734
semibin_ERR12406004.40	response	R	0.0199317331043058	0.0126904162604526	624	7	0.116782975463548	0.779372340902734
metabat_SRR16554707.26	response	R	0.0787811956752758	0.0299793041591506	624	13	0.0088052455395823	0.779372340902734
metabat_SRR16554707.26	cancer_type	Other	-0.0742518095998459	0.0636652379393506	624	13	0.275543398090779	0.779372340902734
maxbin_SRR5930494.015_sub	cancer_type	Other	0.0437623840812588	0.0594836976588305	624	6	0.519427171558059	0.779372340902734
metabat_ERR12405920.11_sub	response	R	-0.0907229971356204	0.0448032640916207	624	20	0.0433030066966393	0.779372340902734
metabat_ERR12405920.11_sub	cancer_type	Other	0.148768092653534	0.0495755373140896	624	20	0.00280038144801904	0.779372340902734
semibin_SRR5930527.97	response	R	0.0357517687513439	0.0475620786840571	624	13	0.452526868601092	0.779372340902734
semibin_SRR5930527.97	cancer_type	Other	0.204765158872663	0.16985338835086	624	13	0.25808887629233	0.779372340902734
metabat_ERR12406003.18	response	R	-0.0222451576677813	0.0345429821429107	624	11	0.519823017206729	0.779372340902734
semibin_SRR23364193.49_sub	response	R	-0.0465062831167038	0.0253998380634466	624	6	0.0675843526861476	0.779372340902734
semibin_SRR23364193.49_sub	cancer_type	Other	0.0318776842282097	0.028105332172031	624	6	0.257139100722486	0.779372340902734
metabat_SRR5930506.44_sub	response	R	0.0641012617227355	0.0464423603281489	624	19	0.168013168708472	0.779372340902734
metabat_SRR5930506.44_sub	cancer_type	Other	-0.0676369613355669	0.0602612787690025	624	19	0.298668265597782	0.779372340902734
metabat_ERR2162221.34	response	R	0.00317839469666971	0.0032373836173045	624	1	0.326593075226955	0.779372340902734
metabat_ERR2162221.34	cancer_type	Other	-0.00538757712622148	0.00809394242859574	624	1	0.527867113861714	0.779372340902734
metabat_ERR2162207.6	response	R	-0.0167999962522107	0.0208059196445099	624	6	0.41970954719537	0.779372340902734
metabat_ERR2162207.6	cancer_type	Other	-0.0371203863049571	0.0321581472472919	624	6	0.301301994670854	0.779372340902734
metabat_SRR16554726.23	response	R	-0.0551421002863954	0.0409177669517926	624	15	0.178270943593744	0.779372340902734
metabat_SRR16554726.23	cancer_type	Other	-0.103264985640057	0.0482704289410085	624	15	0.0750209966349675	0.779372340902734
semibin_ERR12405974.73	response	R	-0.02932339075733	0.0365603920440763	624	11	0.422828816100093	0.779372340902734
maxbin_SRR20881976.003	response	R	-0.0233770293679423	0.0303406777922217	624	9	0.441308232181086	0.779372340902734
maxbin_SRR20881976.003	cancer_type	Other	0.0604272924213064	0.0965265686737554	624	9	0.551560862100894	0.779372340902734
metabat_ERR6282383.6_sub	response	R	-0.08951290936808	0.0514844166937623	624	22	0.082593558464291	0.779372340902734
semibin_SRR13068840.58	response	R	0.027550597198767	0.0186373125504395	624	4	0.139850020864408	0.779372340902734
semibin_SRR13068840.58	cancer_type	Other	-0.021613338608462	0.0212626443132194	624	4	0.33272260091812	0.779372340902734
semibin_SRR13022432.11	response	R	-0.0227828587348077	0.0248122061594753	624	6	0.358864512251561	0.779372340902734
semibin_SRR13022432.11	cancer_type	Other	0.0503594058316917	0.0274551079534852	624	6	0.0670958660208849	0.779372340902734
semibin_SRR5930532.139	response	R	0.0392255248777137	0.0267688124023919	624	7	0.143333128462687	0.779372340902734
semibin_SRR5930532.139	cancer_type	Other	-0.0611713262723398	0.0459678779713166	624	7	0.229781231213129	0.779372340902734
semibin_SRR23364230.133	cancer_type	Other	-0.0167499869759642	0.0241193743667026	624	2	0.506295947488247	0.779372340902734
metabat_SRR25825502.19_sub	response	R	-0.0498805380430248	0.0517558864251673	624	17	0.335538641889789	0.779372340902734
semibin_ERR2162224.69	response	R	-0.00354637950135315	0.0032371395234073	624	1	0.273711769988831	0.779372340902734
semibin_ERR2162224.69	cancer_type	Other	-0.00520420773710557	0.00796581281407078	624	1	0.535704557318238	0.779372340902734
metabat_SRR16554660.12	response	R	0.0258532090166644	0.0332168041157897	624	5	0.43667976731113	0.779372340902734
metabat_SRR16554703.48_sub	response	R	-0.020159335571916	0.0313599350407424	624	5	0.520567920116624	0.779372340902734
metabat_SRR16554703.48_sub	cancer_type	Other	-0.0468680177744942	0.0389735321276463	624	5	0.269996019116717	0.779372340902734
metabat_SRR8387712.29	response	R	0.0879115449715291	0.0687801552744601	624	19	0.201674310543324	0.779372340902734
metabat_SRR8387712.29	cancer_type	Other	0.268590148400225	0.0941341985939992	624	19	0.0306584174319212	0.779372340902734
metabat_ERR12406003.42	response	R	0.0228187412691435	0.0173540270935843	624	6	0.189032165719464	0.779372340902734
semibin_SRR16554660.75	response	R	0.0355196942876815	0.0317103408374874	624	7	0.26309151717483	0.779372340902734
semibin_SRR16554660.75	cancer_type	Other	0.0205582065577445	0.0350880056912051	624	7	0.558152832486621	0.779372340902734
semibin_SRR13022392.16	cancer_type	Other	-0.0681171438050752	0.0546041968661917	624	17	0.26156823322119	0.779372340902734
semibin_ERR6279678.42	response	R	-0.0596699075499838	0.0246264587616031	624	6	0.0156778403424012	0.779372340902734
semibin_ERR6279678.42	cancer_type	Other	0.0245439039665827	0.027249575449528	624	6	0.368092886923994	0.779372340902734
semibin_SRR5930529.60	cancer_type	Other	0.0663982170183649	0.105091343648692	624	9	0.547009163136469	0.779372340902734
metabat_SRR23364187.17_sub	response	R	-0.0350552753936475	0.0210951087626025	624	5	0.09706925924255	0.779372340902734
metabat_SRR23364187.17_sub	cancer_type	Other	0.0877092024197073	0.0676657710918831	624	5	0.247178051354551	0.779372340902734
semibin_SRR11413678.27	response	R	-0.0364789610458272	0.0468836512688392	624	20	0.436821668198309	0.779372340902734
semibin_SRR11413678.27	cancer_type	Other	-0.047738216460026	0.0730690894891853	624	20	0.527472614546845	0.779372340902734
semibin_SRR13068850.87	response	R	0.0131278269902282	0.0105496529081373	624	6	0.21382787407837	0.779372340902734
semibin_SRR13068850.87	cancer_type	Other	-0.0175191536482694	0.0150655867702473	624	6	0.26995782957563	0.779372340902734
metabat_SRR5930528.60	response	R	-0.0305423469580907	0.0295609802112632	624	13	0.301914459230348	0.779372340902734
metabat_SRR16168976.16	response	R	-0.0287565323880944	0.041212995081973	624	17	0.485592846224563	0.779372340902734
metabat_SRR16168976.16	cancer_type	Other	-0.181760864174974	0.0964922917965852	624	17	0.0886943344364668	0.779372340902734
metabat_SRR25825510.42_sub	response	R	0.0493043137556424	0.0394915195848009	624	14	0.212331563701968	0.779372340902734
metabat_SRR25825496.19	cancer_type	Other	-0.063909600878964	0.088413049121037	624	12	0.490590807821107	0.779372340902734
semibin_SRR16554703.88	cancer_type	Other	-0.00478301243147197	0.00564789611338096	624	2	0.455855523164859	0.779372340902734
semibin_SRR8387659.60	response	R	-0.0581147928616945	0.027952385778663	624	7	0.0380213387318941	0.779372340902734
semibin_SRR8387659.60	cancer_type	Other	0.0728712401704986	0.0309297675578755	624	7	0.0187815891529274	0.779372340902734
semibin_ERR2162215.11	response	R	-0.0466763490256296	0.0260246898679886	624	7	0.0733788879288779	0.779372340902734
semibin_ERR2162215.11	cancer_type	Other	0.0738861870133704	0.0989782094411886	624	7	0.480085110826331	0.779372340902734
semibin_SRR16554757.33	response	R	-0.0183869782127324	0.0126061623353956	624	2	0.145191061441128	0.779372340902734
semibin_SRR16554757.33	cancer_type	Other	-0.0109649619695505	0.0139813352069894	624	2	0.450021697692118	0.779372340902734
semibin_ERR12405979.55	response	R	0.0538145848009715	0.0269113615255767	624	7	0.0459705719273176	0.779372340902734
semibin_SRR11413619.16	response	R	-0.0263124104193525	0.0247269510751261	624	9	0.287693407313067	0.779372340902734
semibin_SRR11413619.16	cancer_type	Other	0.0998196612819125	0.0855846604960226	624	9	0.285073295550416	0.779372340902734
metabat_SRR5930531.61	cancer_type	Other	-0.141021205433534	0.110189432225309	624	20	0.230138869079591	0.779372340902734
metabat_SRR16168938.24_sub	response	R	0.0338346518031447	0.0219006354917348	624	5	0.122876084608888	0.779372340902734
metabat_SRR16168938.24_sub	cancer_type	Other	-0.0237882904069261	0.0348417161147431	624	5	0.526200588816702	0.779372340902734
metabat_SRR16554712.21	cancer_type	Other	-0.014989450675046	0.0207979326126522	624	2	0.499515971942942	0.779372340902734
metabat_ERR12405916.32	response	R	-0.0147997555504314	0.0211996308907174	624	5	0.485368145878155	0.779372340902734
metabat_SRR11413607.56	cancer_type	Other	0.0490698425093583	0.0566146330045107	624	4	0.413622849569398	0.779372340902734
maxbin_SRR13068829.001	cancer_type	Other	-0.0282842877922741	0.0302569612745878	624	3	0.38099091519317	0.779372340902734
metabat_ERR2162200.21	response	R	-0.0342197340872042	0.0280963104839403	624	8	0.223712113712223	0.779372340902734
semibin_SRR16554712.0	response	R	0.0271297650363317	0.0191456932439829	624	4	0.15698128450017	0.779372340902734
semibin_ERR2162206.16	response	R	0.00317839469672545	0.0032373836173104	624	1	0.326593075219361	0.779372340902734
semibin_ERR2162206.16	cancer_type	Other	-0.00538757712542897	0.0080939424266052	624	1	0.52786711376756	0.779372340902734
semibin_SRR11413648.175	response	R	0.00624944403681478	0.0103055519544389	624	4	0.544460852298893	0.779372340902734
semibin_SRR16554745.4	response	R	-0.00354637950109434	0.00323713952340355	624	1	0.273711770023286	0.779372340902734
semibin_SRR16554745.4	cancer_type	Other	-0.00520420773672464	0.00796581281535707	624	1	0.535704557379098	0.779372340902734
semibin_SRR5930499.20	cancer_type	Other	-0.0279151476880803	0.0246326351721756	624	5	0.328881962347496	0.779372340902734
maxbin_ERR6279657.062_sub	cancer_type	Other	0.0332814791560996	0.0384144247973498	624	18	0.429714979339215	0.779372340902734
semibin_SRR13022375.5	response	R	0.0468276854075462	0.035381011585424	624	10	0.186147586431375	0.779372340902734
semibin_SRR13022375.5	cancer_type	Other	0.0839162011428925	0.0610740148455713	624	10	0.245380036549262	0.779372340902734
semibin_SRR11413649.66	response	R	0.044164675738827	0.0272467003595457	624	12	0.10554533238963	0.779372340902734
metabat_SRR6000877.26	response	R	-0.0248692377549212	0.0183154996073946	624	4	0.175013338863294	0.779372340902734
metabat_SRR6000877.26	cancer_type	Other	-0.035017357219309	0.0397943859686427	624	4	0.402413205826891	0.779372340902734
semibin_ERR6275673.140	response	R	-0.0171989332253857	0.021636649441169	624	4	0.426976423595838	0.779372340902734
maxbin_ERR6254869.013	response	R	0.033657077671487	0.0347583516837003	624	9	0.333263404113435	0.779372340902734
maxbin_ERR6254869.013	cancer_type	Other	-0.0649778515153566	0.0384606790556094	624	9	0.0916328826370269	0.779372340902734
metabat_ERR6275663.46	response	R	0.011041685647221	0.0177229215272395	624	4	0.533502283030672	0.779372340902734
metabat_ERR6275663.46	cancer_type	Other	-0.0195569881170371	0.0230985917574271	624	4	0.412707778973789	0.779372340902734
maxbin_SRR5930533.038	response	R	0.0295910669255124	0.0245343013612966	624	10	0.2282346045508	0.779372340902734
maxbin_SRR5930533.038	cancer_type	Other	-0.0346916016698001	0.0475699910622411	624	10	0.484559315797021	0.779372340902734
maxbin_SRR16168909.008	cancer_type	Other	-0.014289032071525	0.0160316377649859	624	2	0.403699454131997	0.779372340902734
maxbin_ERR2162221.009	response	R	0.00317839469630569	0.00323738361731402	624	1	0.326593075283727	0.779372340902734
maxbin_ERR2162221.009	cancer_type	Other	-0.00538757712636325	0.00809394242538275	624	1	0.527867113613741	0.779372340902734
semibin_ERR2162212.116	response	R	0.012735167576833	0.0169626798364533	624	2	0.453073362004508	0.779372340902734
semibin_ERR6279669.86	response	R	0.0438299628233516	0.0350598984675178	624	15	0.211718668421134	0.779372340902734
semibin_SRR11413609.20	response	R	-0.012599276596571	0.0210606154705503	624	9	0.549899455391438	0.779372340902734
semibin_SRR11413609.20	cancer_type	Other	0.0574550008448808	0.0509798940283668	624	9	0.28891396531405	0.779372340902734
metabat_ERR2162221.49	response	R	0.0301751580713126	0.0294964602584615	624	6	0.306701713301499	0.779372340902734
semibin_ERR2162216.86	response	R	0.0399071139743277	0.0259461180277296	624	4	0.124540104217654	0.779372340902734
semibin_ERR2162216.86	cancer_type	Other	-0.0324186899251899	0.0386561118771038	624	4	0.453276780098526	0.779372340902734
metabat_SRR11413618.74	response	R	-0.0185016937328215	0.0191679063521055	624	5	0.334800312459972	0.779372340902734
metabat_SRR11413618.74	cancer_type	Other	0.063790482788482	0.0500575012389627	624	5	0.234008631511119	0.779372340902734
semibin_SRR11413608.70	cancer_type	Other	0.0105446471784005	0.0143397119339158	624	3	0.501522349520256	0.779372340902734
metabat_SRR16554702.30	response	R	0.00317839469656099	0.0032373836173059	624	1	0.326593075243687	0.779372340902734
metabat_SRR16554702.30	cancer_type	Other	-0.00538757712717679	0.00809394242812317	624	1	0.527867113746362	0.779372340902734
semibin_SRR13068829.32	cancer_type	Other	-0.0726149462883338	0.0485993272878112	624	12	0.176855619388987	0.779372340902734
semibin_ERR6275663.49	cancer_type	Other	-0.0197962349066637	0.0209259980135587	624	3	0.344510658543216	0.779372340902734
metabat_SRR16554664.18	response	R	0.0201919372098311	0.0206565771311014	624	3	0.328699125999009	0.779372340902734
metabat_SRR16554664.18	cancer_type	Other	-0.0212298716171668	0.0228568371324498	624	3	0.353343618096648	0.779372340902734
metabat_ERR2162221.56	response	R	0.0155467830404218	0.0198484861522627	624	4	0.433765482460972	0.779372340902734
metabat_ERR2162212.52	response	R	0.0113876201613478	0.00985654555999139	624	2	0.248398847964023	0.779372340902734
metabat_ERR2162212.52	cancer_type	Other	-0.0161533642593993	0.0224020673584519	624	2	0.498486625094828	0.779372340902734
semibin_ERR2162209.4	response	R	-0.0246688236347896	0.0192458417600702	624	4	0.200404332935367	0.779372340902734
semibin_SRR16554736.70	response	R	0.00317839469642368	0.00323738361731178	624	1	0.326593075265461	0.779372340902734
semibin_SRR16554736.70	cancer_type	Other	-0.00538757712634065	0.00809394242613802	624	1	0.527867113677104	0.779372340902734
maxbin_SRR16168896.029	cancer_type	Other	-0.0169278823280195	0.0174284072177192	624	3	0.384984578083743	0.779372340902734
semibin_SRR5930498.20	cancer_type	Other	0.0271949691604928	0.0327387815965875	624	6	0.477173157617008	0.779372340902734
maxbin_SRR5930503.009	response	R	0.0124957541239448	0.0118450466324153	624	2	0.29186536364853	0.779372340902734
maxbin_SRR5930503.009	cancer_type	Other	-0.0154174577363386	0.019275779760348	624	2	0.451740124415975	0.779372340902734
metabat_ERR2162205.19	cancer_type	Other	-0.0306572072893695	0.0290595844283735	624	5	0.380527686166218	0.779372340902734
semibin_SRR20881974.85	response	R	0.0101160863242325	0.0106320083055422	624	2	0.341737703145021	0.779372340902734
semibin_SRR20881974.85	cancer_type	Other	0.0439127176879819	0.0367927660427931	624	2	0.272141805933347	0.779372340902734
semibin_ERR2162221.54	response	R	0.00317839469666615	0.00323738361731028	624	1	0.32659307522837	0.779372340902734
semibin_ERR2162221.54	cancer_type	Other	-0.00538757712568592	0.00809394242664549	624	1	0.527867113802121	0.779372340902734
semibin_SRR16554736.14	response	R	0.00886920961329841	0.0134555538032574	624	2	0.510045708507854	0.779372340902734
semibin_SRR16554736.14	cancer_type	Other	-0.0221719389757274	0.0318422621595707	624	2	0.511335310334471	0.779372340902734
semibin_SRR16554703.41	cancer_type	Other	-0.0317910642698802	0.0415058212876262	624	3	0.480168485191295	0.779372340902734
semibin_ERR2162221.14	response	R	0.0124306510265374	0.0105957396205026	624	2	0.241177574276944	0.779372340902734
semibin_ERR6271721.5_sub	response	R	-0.0270357639184415	0.01493069789017	624	3	0.070662704031352	0.779372340902734
semibin_ERR6271721.5_sub	cancer_type	Other	-0.0199626817666974	0.0248846537246109	624	3	0.489074429250576	0.779372340902734
metabat_ERR6279670.47	cancer_type	Other	-0.0140780322533363	0.0197873412336383	624	2	0.505223497740087	0.779372340902734
metabat_SRR16554703.27	response	R	0.00317839469671013	0.00323738361730804	624	1	0.326593075221339	0.779372340902734
metabat_SRR16554703.27	cancer_type	Other	-0.00538757712547026	0.00809394242739956	624	1	0.527867113870883	0.779372340902734
semibin_ERR2162221.26	response	R	0.0031783946963919	0.00323738361731151	624	1	0.326593075270262	0.779372340902734
semibin_ERR2162221.26	cancer_type	Other	-0.00538757712632777	0.00809394242623024	624	1	0.527867113660848	0.779372340902734
metabat_SRR13068834.6	response	R	0.00887139426334441	0.00680908027557496	624	2	0.193100755018886	0.779372340902734
semibin_SRR23364192.96	response	R	0.00317839469667978	0.00323738361730083	624	1	0.326593075224858	0.779372340902734
semibin_SRR23364192.96	cancer_type	Other	-0.0053875771271591	0.00809394242983383	624	1	0.527867113823238	0.779372340902734
semibin_ERR12405967.93	response	R	-0.0666282580802763	0.113208003775951	624	36	0.556379076532238	0.779372340902734
semibin_ERR12405967.93	cancer_type	Other	0.330574133812011	0.210820027539366	624	36	0.148784658715871	0.779372340902734
semibin_SRR13068829.205	response	R	0.129331016456636	0.137579581200474	624	70	0.34756112524722	0.779372340902734
maxbin_SRR23364183.002	response	R	0.155277379104798	0.104460908461997	624	63	0.137665700412337	0.779372340902734
semibin_SRR16554759.10_sub	response	R	0.0970380119900195	0.100784544009585	624	43	0.336009513482746	0.779372340902734
semibin_SRR16554759.10_sub	cancer_type	Other	0.167825564999906	0.1590759962331	624	43	0.31217388041431	0.779372340902734
semibin_ERR12406009.9_sub	cancer_type	Other	0.399002425534277	0.213804184582659	624	53	0.0950532874177316	0.779372340902734
maxbin_SRR8387659.002	response	R	-0.366516725749359	0.139385811731285	624	58	0.0087626166496109	0.779372340902734
maxbin_SRR8387659.002	cancer_type	Other	0.220303555653801	0.218000214990465	624	58	0.346180137078594	0.779372340902734
semibin_ERR6280907.75	cancer_type	Other	-0.336513190681758	0.435635491958879	624	83	0.457895147615778	0.779372340902734
metabat_SRR5930532.5	response	R	-0.119674224174589	0.0912800284472306	624	29	0.190320361375401	0.779372340902734
metabat_SRR5930532.5	cancer_type	Other	-0.330729073288454	0.194496714993226	624	29	0.118921508230195	0.779372340902734
semibin_SRR11413690.63	response	R	-0.113488571584948	0.0907130832823627	624	31	0.211382028611563	0.779372340902734
maxbin_SRR23364229.004	response	R	-0.118085348538423	0.0959202056198555	624	31	0.218760260295915	0.779372340902734
semibin_SRR11413606.50	response	R	0.177364120670243	0.0948125450574171	624	42	0.0618616085846881	0.779372340902734
semibin_SRR11413606.50	cancer_type	Other	0.214493784276378	0.250330135336278	624	42	0.415528469356842	0.779372340902734
semibin_ERR6267712.18	response	R	0.219525162641235	0.140672862547585	624	162	0.11914802520861	0.779372340902734
semibin_ERR6267712.18	cancer_type	Other	-0.541739499302883	0.619408740845423	624	162	0.404566162477364	0.779372340902734
semibin_SRR5930495.44	response	R	-0.0859558095243211	0.0520690376048182	624	15	0.0992857101007621	0.779372340902734
maxbin_SRR16554752.002	response	R	0.0751217354299494	0.0805940193581184	624	34	0.351647934820471	0.779372340902734
maxbin_SRR16554752.002	cancer_type	Other	-0.172663028136364	0.19189340595136	624	34	0.393497608417219	0.779372340902734
metabat_SRR5930498.82	response	R	-0.191906534215106	0.178148771759119	624	151	0.281798511637164	0.779372340902734
metabat_SRR5930498.82	cancer_type	Other	0.449827648054292	0.404041644425809	624	151	0.296587438397641	0.779372340902734
semibin_SRR25825510.41_sub	response	R	0.158595117837411	0.125809099626435	624	150	0.207932126592405	0.779372340902734
semibin_SRR25825510.41_sub	cancer_type	Other	-0.767164871104838	0.86155891779119	624	150	0.396372023229955	0.779372340902734
semibin_ERR6279674.8	response	R	0.145740883093216	0.1243178929543	624	144	0.241522333124038	0.779372340902734
semibin_ERR6279674.8	cancer_type	Other	-0.720831936992312	0.881676935516008	624	144	0.434687379813621	0.779372340902734
maxbin_ERR6281505.022	response	R	0.0902669556026646	0.113229962762325	624	137	0.42564344152	0.779372340902734
maxbin_ERR6281505.022	cancer_type	Other	-0.650415216675207	0.800368163522495	624	137	0.437394328187944	0.779372340902734
maxbin_ERR6279662.030	response	R	0.11058612787897	0.110604572401689	624	144	0.317785701517097	0.779372340902734
maxbin_ERR6279662.030	cancer_type	Other	-0.611157649512855	0.746048744718747	624	144	0.433804934826749	0.779372340902734
metabat_SRR16168920.1	response	R	-0.133688556954482	0.12284237722351	624	60	0.276888203035561	0.779372340902734
maxbin_SRR11413648.001	response	R	0.0657953871808164	0.0351391830640853	624	13	0.0616193231462209	0.779372340902734
maxbin_SRR11413648.001	cancer_type	Other	0.102997028384283	0.0832648504490948	624	13	0.248331594120686	0.779372340902734
metabat_ERR6279625.46	cancer_type	Other	-0.604371920303784	0.568614811361856	624	120	0.310261756253903	0.779372340902734
maxbin_ERR6280910.001	cancer_type	Other	-0.0353813996252657	0.0491492679143462	624	4	0.484327470619925	0.779372340902734
semibin_SRR6000903.13	response	R	0.188133826878853	0.1248989852199	624	131	0.132508433554557	0.779372340902734
semibin_SRR6000903.13	cancer_type	Other	-0.679174034366736	0.86051172918217	624	131	0.450277402448924	0.779372340902734
maxbin_SRR23364204.024	response	R	0.162195271583146	0.117790609789626	624	132	0.169021266565075	0.779372340902734
maxbin_SRR23364204.024	cancer_type	Other	-0.615722079055449	0.848714009202747	624	132	0.486596294581409	0.779372340902734
metabat_SRR5930506.9_sub	response	R	0.131580069078192	0.118871170752393	624	134	0.268765669918623	0.779372340902734
metabat_SRR5930506.9_sub	cancer_type	Other	-0.744765395250219	0.847201798739918	624	134	0.402135320273717	0.779372340902734
metabat_ERR6243878.23_sub	response	R	0.16945037310866	0.0982180223013296	624	128	0.0849869624965285	0.779372340902734
metabat_ERR6243878.23_sub	cancer_type	Other	-0.525205774990546	0.685763642739722	624	128	0.463371707144183	0.779372340902734
metabat_SRR16168986.5	response	R	0.10433431231277	0.108011568775445	624	124	0.334447722848336	0.779372340902734
metabat_SRR16168986.5	cancer_type	Other	-0.619773329571826	0.803060217174934	624	124	0.459993914533532	0.779372340902734
maxbin_ERR6279614.017_sub	response	R	0.0879097446226528	0.0944837015588294	624	120	0.352518820671089	0.779372340902734
maxbin_ERR6279614.017_sub	cancer_type	Other	-0.486942589040004	0.698351536015655	624	120	0.503256573715276	0.779372340902734
maxbin_ERR6279679.012	response	R	0.144790733177302	0.0980367048300265	624	124	0.140215102347308	0.779372340902734
maxbin_ERR6279679.012	cancer_type	Other	-0.528690037298217	0.678785231582958	624	124	0.45599674089371	0.779372340902734
semibin_ERR6279668.12	response	R	-0.103595741574661	0.0572868423834356	624	13	0.0710327061335727	0.779372340902734
semibin_ERR6279668.12	cancer_type	Other	-0.106266735103287	0.0633888188677204	624	13	0.0941578613423178	0.779372340902734
metabat_ERR6279677.48_sub	response	R	0.189850144222436	0.119657801320845	624	126	0.113116983261155	0.779372340902734
metabat_ERR6279677.48_sub	cancer_type	Other	-0.607166569096461	0.861099331555713	624	126	0.498585461158253	0.779372340902734
semibin_SRR16554652.75	cancer_type	Other	-0.112456092377538	0.0982492329182451	624	19	0.276089309660805	0.779372340902734
maxbin_SRR25825517.033_sub	response	R	0.108049346918229	0.111020179571818	624	124	0.330817620883414	0.779372340902734
maxbin_SRR25825517.033_sub	cancer_type	Other	-0.632982828751983	0.768948659427262	624	124	0.431629029301197	0.779372340902734
metabat_ERR12405950.7	response	R	0.169324810493672	0.106006857404642	624	61	0.110710308756943	0.779372340902734
metabat_ERR12405950.7	cancer_type	Other	-0.250440760055314	0.340015448501727	624	61	0.475923616326986	0.779372340902734
metabat_SRR13068843.53_sub	response	R	0.231937385843385	0.140557160172308	624	135	0.0994278541549682	0.779372340902734
metabat_SRR13068843.53_sub	cancer_type	Other	-0.461472316656814	0.635160714428527	624	135	0.486088323289729	0.779372340902734
maxbin_ERR6280910.023_sub	response	R	0.113027790196234	0.116458821785566	624	113	0.332160815835613	0.779372340902734
maxbin_ERR6280910.023_sub	cancer_type	Other	-0.526119994262259	0.773032138413662	624	113	0.513278605109028	0.779372340902734
semibin_SRR11413645.40	response	R	0.0196151555370365	0.0325913434954275	624	10	0.547493319167596	0.779372340902734
semibin_SRR11413645.40	cancer_type	Other	0.112641858456718	0.0807253245406016	624	10	0.196933369254946	0.779372340902734
semibin_SRR11413614.4	response	R	0.0513880541152205	0.0343476235857355	624	10	0.135133288529408	0.779372340902734
semibin_SRR11413614.4	cancer_type	Other	0.116705290318361	0.0869902110959287	624	10	0.213007453703278	0.779372340902734
metabat_ERR6232458.6	response	R	0.0927647154085796	0.113743565494108	624	63	0.415065708525272	0.779372340902734
metabat_ERR6232458.6	cancer_type	Other	-0.319471033357402	0.317266732803704	624	63	0.333645226477038	0.779372340902734
semibin_SRR11413686.11	cancer_type	Other	0.0702437684049028	0.0523034523701986	624	10	0.220675728862722	0.779372340902734
metabat_ERR6279658.3	cancer_type	Other	-0.106087372124517	0.080935329853893	624	10	0.219963433328154	0.779372340902734
maxbin_SRR16168920.025	response	R	-0.0956019730935248	0.121686798734529	624	82	0.432381448634741	0.779372340902734
metabat_SRR25825508.34_sub	response	R	0.140401396137546	0.111622998082713	624	113	0.208936575237027	0.779372340902734
metabat_SRR25825508.34_sub	cancer_type	Other	-0.580191331160712	0.766302884053472	624	113	0.468282980645769	0.779372340902734
semibin_ERR6279661.80	response	R	0.101168405124712	0.0875581503960092	624	50	0.248354553184174	0.779372340902734
semibin_ERR6279661.80	cancer_type	Other	0.339655535249983	0.200824001641054	624	50	0.119437499924799	0.779372340902734
metabat_ERR12405928.49	response	R	0.0915338999363946	0.0805620421395648	624	24	0.256314749816961	0.779372340902734
metabat_ERR12405928.49	cancer_type	Other	0.0898470234537806	0.141962238728686	624	24	0.543872370244218	0.779372340902734
maxbin_SRR5930498.027	cancer_type	Other	-0.523641593897939	0.744580113582275	624	102	0.499591451816781	0.779372340902734
semibin_SRR13022297.24	response	R	0.0755531061428658	0.0395204724539562	624	10	0.056369615460389	0.779372340902734
maxbin_SRR13068814.028	response	R	-0.100845369381053	0.107428969307666	624	69	0.348244969782433	0.779372340902734
maxbin_ERR6279659.009_sub	response	R	0.0702520265363347	0.0675515435871446	624	38	0.298755981200889	0.779372340902734
maxbin_ERR6279659.009_sub	cancer_type	Other	0.243351330600851	0.145070393083339	624	38	0.120499048895971	0.779372340902734
semibin_SRR6000900.14	response	R	0.0892301175574614	0.123231314576412	624	63	0.469286239019936	0.779372340902734
semibin_ERR12405961.27	response	R	-0.0792519466475645	0.038542388720452	624	8	0.0401778902668265	0.779372340902734
semibin_ERR12405961.27	cancer_type	Other	0.05390453313779	0.0426477773199179	624	8	0.206723257604496	0.779372340902734
maxbin_ERR6281000.059	response	R	0.201339427441448	0.121294198015791	624	49	0.0974378832105723	0.779372340902734
semibin_SRR5930520.79_sub	response	R	0.0869311291478664	0.0857582734408804	624	40	0.311132581966094	0.779372340902734
semibin_SRR5930520.79_sub	cancer_type	Other	0.293842179800928	0.18669837789327	624	40	0.144259632073022	0.779372340902734
metabat_SRR6000874.22_sub	cancer_type	Other	-0.249752386202061	0.244413942983058	624	51	0.32622234927787	0.779372340902734
maxbin_ERR6230326.003	response	R	-0.0340526070638888	0.0255622596889687	624	2	0.183301586480935	0.779372340902734
maxbin_ERR6230326.003	cancer_type	Other	-0.020325556913806	0.0282850543311179	624	2	0.4726595062018	0.779372340902734
metabat_ERR6279668.3	response	R	-0.0409530907394566	0.0313231446127664	624	2	0.191547616612531	0.779372340902734
metabat_ERR6279668.3	cancer_type	Other	-0.0244443655975321	0.0346595667978407	624	2	0.48090644207405	0.779372340902734
metabat_ERR6281500.12	cancer_type	Other	-0.259153104959403	0.227658829487953	624	44	0.275982316120961	0.779372340902734
maxbin_SRR16554636.003	response	R	-0.0654506332492379	0.0367842173200959	624	4	0.0756781738490234	0.779372340902734
maxbin_SRR16554636.003	cancer_type	Other	-0.035850979317359	0.0491261580968519	624	4	0.479224600210323	0.779372340902734
metabat_ERR6275663.38	response	R	0.106489383122413	0.077820952859911	624	26	0.171685176685881	0.779372340902734
semibin_SRR11413614.13	cancer_type	Other	0.132877488420384	0.213851294825924	624	33	0.551571934110987	0.779372340902734
semibin_ERR6281434.39	response	R	0.0827682611686365	0.0907414000517517	624	49	0.362053729273796	0.779372340902734
semibin_ERR6281434.39	cancer_type	Other	-0.223982370527146	0.246742173916016	624	49	0.381227109220861	0.779372340902734
semibin_SRR5930532.36	response	R	-0.13563390561835	0.0830997060281266	624	28	0.103148014198648	0.779372340902734
metabat_SRR16168976.38	cancer_type	Other	-0.247116693905755	0.238367034422889	624	47	0.319212124828908	0.779372340902734
semibin_SRR20881976.80	response	R	0.107659638234986	0.0922574012133854	624	51	0.24368065380245	0.779372340902734
semibin_SRR20881976.80	cancer_type	Other	-0.232231495956567	0.248558523350471	624	51	0.368109507335186	0.779372340902734
semibin_ERR6281448.54	response	R	0.0868558250988381	0.0901953969535862	624	48	0.335936645595723	0.779372340902734
semibin_ERR6281448.54	cancer_type	Other	-0.223679836044501	0.2410036214402	624	48	0.370851369122853	0.779372340902734
maxbin_SRR11413653.009	response	R	0.197965326549228	0.107294476575405	624	62	0.0655039863770385	0.779372340902734
maxbin_SRR11413690.006	response	R	0.0206972462257569	0.0291474426610805	624	4	0.477917300251061	0.779372340902734
maxbin_SRR11413690.006	cancer_type	Other	0.0384761958363589	0.0387285556076252	624	4	0.372516925543217	0.779372340902734
semibin_ERR6243879.12_sub	response	R	0.0293102936289015	0.0319636011363611	624	2	0.359504002230863	0.779372340902734
semibin_ERR6243879.12_sub	cancer_type	Other	-0.023054461185734	0.0353682423135038	624	2	0.514745087406182	0.779372340902734
semibin_ERR6275676.56	response	R	0.0901354152827453	0.0802946452408064	624	28	0.262059197237692	0.779372340902734
maxbin_SRR5930515.026_sub	response	R	-0.121723935528337	0.0527865678271905	624	11	0.021441506971683	0.779372340902734
maxbin_SRR16168974.016_sub	response	R	0.0765001121523318	0.0678397228495088	624	71	0.259905127757206	0.779372340902734
maxbin_SRR5930495.007_sub	cancer_type	Other	-0.424192113042925	0.512038268234274	624	77	0.428177000522734	0.779372340902734
metabat_ERR6271721.58	response	R	0.0747826886253794	0.0880233788629696	624	46	0.395888661964441	0.779372340902734
metabat_ERR6271721.58	cancer_type	Other	-0.244638998456438	0.245218318102056	624	46	0.337522455679911	0.779372340902734
maxbin_SRR11413687.011	cancer_type	Other	0.0913852935906205	0.0645117956850735	624	9	0.19175573624045	0.779372340902734
metabat_SRR23364171.31	response	R	0.112976150949463	0.078273846057794	624	25	0.149427753484214	0.779372340902734
metabat_ERR6232523.10	cancer_type	Other	-0.177351914940477	0.115162493629915	624	26	0.148357537384761	0.779372340902734
metabat_SRR23364216.19_sub	response	R	-0.16558166481281	0.110768485431332	624	60	0.135467889240036	0.779372340902734
metabat_ERR6279626.27	response	R	0.0763330626144455	0.0820987154548727	624	24	0.352850601029646	0.779372340902734
semibin_ERR6280910.39	response	R	0.102826082957055	0.0708219007568476	624	36	0.147036236686258	0.779372340902734
semibin_ERR6280910.39	cancer_type	Other	0.193010817129371	0.159726784574749	624	36	0.251693408361353	0.779372340902734
metabat_ERR6279664.11	response	R	0.061961289929483	0.0858751096524406	624	43	0.470857192296211	0.779372340902734
metabat_ERR6279664.11	cancer_type	Other	-0.241203036737708	0.225747146230927	624	43	0.305212343086937	0.779372340902734
semibin_SRR5930507.86	response	R	0.206965589507724	0.111987514660836	624	51	0.0650642636590166	0.779372340902734
metabat_SRR16554728.6	cancer_type	Other	0.172163645316553	0.164949203327761	624	17	0.354071333588654	0.779372340902734
metabat_SRR25825497.15	cancer_type	Other	-0.0591064050402957	0.0751339783687313	624	10	0.453502759579984	0.779372340902734
semibin_ERR2162203.14	response	R	0.101714409790309	0.0770204339800002	624	24	0.18711603653571	0.779372340902734
semibin_SRR11413647.21	response	R	-0.0580370730632346	0.0354230062066708	624	5	0.101844689696637	0.779372340902734
metabat_SRR16554734.17	response	R	0.0325937615177871	0.0298532595945021	624	3	0.275344818326313	0.779372340902734
metabat_SRR16554734.17	cancer_type	Other	-0.0256371232347311	0.0330331152200859	624	3	0.437983230275993	0.779372340902734
semibin_SRR5930528.71	response	R	0.0712265177850999	0.0881541484389861	624	48	0.419414386836403	0.779372340902734
semibin_SRR5930528.71	cancer_type	Other	-0.214459558097145	0.239928092363377	624	48	0.388493327278378	0.779372340902734
metabat_ERR12405979.31	response	R	0.0266826361239494	0.0455170862522661	624	8	0.557947365851221	0.779372340902734
maxbin_SRR11413617.028_sub	response	R	0.0768132721559202	0.0672456316620221	624	38	0.253780569261618	0.779372340902734
maxbin_SRR11413617.028_sub	cancer_type	Other	0.325321058174489	0.193433523877396	624	38	0.122883589467579	0.779372340902734
semibin_SRR25825497.40_sub	response	R	-0.0358047474011705	0.0616393411761394	624	23	0.561535504747672	0.779372340902734
semibin_SRR25825497.40_sub	cancer_type	Other	-0.177958694883827	0.102194379872895	624	23	0.10706856052395	0.779372340902734
semibin_ERR6275681.3	response	R	-0.0432847708562126	0.0672368158341998	624	33	0.519965445236401	0.779372340902734
semibin_ERR6275681.3	cancer_type	Other	-0.103936173383786	0.157505705476738	624	33	0.523011617892374	0.779372340902734
semibin_SRR13022404.15	cancer_type	Other	-0.0794096978427487	0.08116404584339	624	21	0.328264851029814	0.779372340902734
semibin_SRR13068818.12_sub	response	R	0.0562795767862598	0.0883567138609679	624	79	0.52438955515339	0.779372340902734
semibin_SRR13068818.12_sub	cancer_type	Other	-0.411554878045043	0.63059740147518	624	79	0.530171395844739	0.779372340902734
metabat_SRR25825510.56	response	R	0.0822404862941525	0.0880978335677424	624	44	0.350918932416705	0.779372340902734
metabat_SRR25825510.56	cancer_type	Other	-0.212673646944427	0.224830124354009	624	44	0.361787681777519	0.779372340902734
semibin_ERR6279669.82	response	R	-0.0803919591641879	0.047377522040223	624	11	0.0902286836390662	0.779372340902734
metabat_ERR6254870.48	response	R	-0.00386539788214428	0.00324851725981453	624	1	0.2345419545854	0.779372340902734
metabat_ERR6254870.48	cancer_type	Other	-0.00230720556872233	0.00359453695829093	624	1	0.521198035201021	0.779372340902734
maxbin_SRR11413646.007	response	R	-0.00391848149934695	0.00324645635647832	624	1	0.227891209739614	0.779372340902734
maxbin_SRR11413646.007	cancer_type	Other	0.00700454270771818	0.00476514214417187	624	1	0.190806924026807	0.779372340902734
metabat_ERR6279654.11	cancer_type	Other	-0.278089802214855	0.235689551282729	624	48	0.261365474930157	0.779372340902734
metabat_ERR6279619.19_sub	response	R	0.121711776731952	0.0821956659525837	624	81	0.139184435848774	0.779372340902734
metabat_ERR6279619.19_sub	cancer_type	Other	-0.459195470748725	0.431139512997321	624	81	0.313692413318253	0.779372340902734
metabat_ERR6275652.18	response	R	0.0968286158976228	0.0409841747933689	624	15	0.018455992863627	0.779372340902734
metabat_ERR6275652.18	cancer_type	Other	0.133649967891458	0.0839234607234434	624	15	0.183866850652467	0.779372340902734
semibin_ERR12405920.42	response	R	-0.0160310924371236	0.0254109152199574	624	8	0.52835484896796	0.779372340902734
semibin_ERR12405920.42	cancer_type	Other	0.0478946779275555	0.0281175892251067	624	8	0.0889990440094428	0.779372340902734
metabat_SRR6000906.41	response	R	0.0318587595575731	0.033501450870341	624	5	0.341993581317898	0.779372340902734
metabat_SRR6000906.41	cancer_type	Other	-0.0407263831448243	0.0446230646873785	624	5	0.430573683006783	0.779372340902734
semibin_SRR6000908.42_sub	response	R	-0.0359229849768373	0.0387439040650626	624	11	0.354187890216435	0.779372340902734
semibin_SRR6000908.42_sub	cancer_type	Other	-0.0842152592820407	0.0729528352139704	624	11	0.281416248170907	0.779372340902734
semibin_SRR25825513.40	response	R	0.0324030620791313	0.025955098188615	624	9	0.212347004196315	0.779372340902734
metabat_SRR25825505.1	response	R	0.0238645851120443	0.0232837781048717	624	8	0.30578901465322	0.779372340902734
semibin_ERR6254871.56	cancer_type	Other	-0.0292797267290219	0.031231006172846	624	3	0.348855049308061	0.779372340902734
semibin_SRR16554773.62	response	R	-0.0600853754945972	0.0379407161207209	624	8	0.113779127494002	0.779372340902734
metabat_ERR6279661.17	response	R	0.171496164512242	0.124231536664105	624	72	0.167945634311661	0.779372340902734
semibin_ERR6279673.83	response	R	-0.0513525473265635	0.0583930593526966	624	20	0.379508907174898	0.779372340902734
semibin_ERR6279673.83	cancer_type	Other	-0.146050211300942	0.0990696384000069	624	20	0.164653955114942	0.779372340902734
maxbin_SRR13068813.004	response	R	-0.0495234596175355	0.0653905736838889	624	29	0.449128386132741	0.779372340902734
metabat_ERR6279652.12	cancer_type	Other	-0.168021372680324	0.185675042376924	624	37	0.382329563898432	0.779372340902734
semibin_SRR5930498.70	response	R	0.0396468582329636	0.0641811395230155	624	38	0.536977880993851	0.779372340902734
semibin_SRR5930498.70	cancer_type	Other	-0.124038299364796	0.160032524868762	624	38	0.452405616902104	0.779372340902734
semibin_SRR16554756.28	response	R	0.119557887751283	0.0566442421783412	624	18	0.0352000439137152	0.779372340902734
semibin_SRR16554756.28	cancer_type	Other	-0.0930809435658704	0.0710522669256279	624	18	0.220914872586788	0.779372340902734
maxbin_SRR16554767.001	cancer_type	Other	-0.0410094139489428	0.0515223945925836	624	8	0.462595511150052	0.779372340902734
semibin_SRR16554643.19	response	R	0.0227608074430378	0.0239880864236866	624	2	0.343072115920382	0.779372340902734
metabat_SRR20881981.18	response	R	-0.121678685558354	0.0923013836433291	624	45	0.187902180009217	0.779372340902734
metabat_ERR6275678.16	cancer_type	Other	-0.257280773504155	0.250721813498493	624	45	0.328485335015269	0.779372340902734
metabat_ERR6275677.54	response	R	0.061669656942705	0.0975009613024691	624	66	0.527292184476248	0.779372340902734
metabat_ERR6275677.54	cancer_type	Other	-0.298950427964833	0.272641563950506	624	66	0.2991666849717	0.779372340902734
metabat_SRR5930509.43	response	R	-0.166797185354754	0.0798218987179853	624	53	0.037063552654891	0.779372340902734
semibin_SRR5930536.9	response	R	-0.0711670440586822	0.10804745134578	624	69	0.510356804608494	0.779372340902734
semibin_SRR5930536.9	cancer_type	Other	-0.380879826964655	0.323620371725956	624	69	0.269490095354885	0.779372340902734
maxbin_SRR16554689.002	response	R	0.0431164736170584	0.0373089253326878	624	10	0.248264245179404	0.779372340902734
maxbin_SRR16554689.002	cancer_type	Other	-0.0737172358907186	0.0632187724288604	624	10	0.276548710331417	0.779372340902734
maxbin_ERR12405962.006	response	R	0.0618925799503572	0.0629654822419568	624	35	0.326010242857743	0.779372340902734
maxbin_ERR12405962.006	cancer_type	Other	0.109500392662311	0.134180017944769	624	35	0.435116973978171	0.779372340902734
maxbin_ERR6232522.003	response	R	-0.0281869936736076	0.0459087924676891	624	23	0.539456460370134	0.779372340902734
semibin_SRR11413613.34	response	R	0.102117617565809	0.0749958730862472	624	29	0.173804308561593	0.779372340902734
semibin_ERR6231475.19	response	R	-0.00386539788215722	0.00324851725981454	624	1	0.234541954583844	0.779372340902734
semibin_ERR6231475.19	cancer_type	Other	-0.00230720556876845	0.00359453695829094	624	1	0.521198035192701	0.779372340902734
semibin_ERR6273965.44_sub	cancer_type	Other	-0.255445670175602	0.24819426077683	624	48	0.327418370351689	0.779372340902734
maxbin_SRR16168941.009_sub	response	R	0.0923019055782322	0.0850789883896257	624	70	0.278392876792361	0.779372340902734
maxbin_SRR16168941.009_sub	cancer_type	Other	-0.299555555592858	0.373713209546153	624	70	0.443152518584247	0.779372340902734
metabat_SRR23364213.66	response	R	0.10459200491686	0.104005631521683	624	78	0.314981718798378	0.779372340902734
metabat_SRR23364213.66	cancer_type	Other	0.254713655184209	0.15845216586693	624	78	0.154664853894119	0.779372340902734
metabat_SRR16168984.8_sub	response	R	0.049809450226468	0.0799548829590184	624	63	0.533536177350894	0.779372340902734
maxbin_ERR6232529.012	response	R	0.00271740377425188	0.00325038974549855	624	1	0.403462970518004	0.779372340902734
maxbin_ERR6232529.012	cancer_type	Other	-0.00213741563399286	0.00359660889402553	624	1	0.552537030769397	0.779372340902734
semibin_ERR6279627.38	response	R	0.0507675964629109	0.0735771431095747	624	32	0.490457686408336	0.779372340902734
semibin_ERR12405921.38	response	R	0.0195016604535979	0.0228754908373379	624	3	0.394257918708379	0.779372340902734
semibin_ERR12405921.38	cancer_type	Other	0.0354693525477797	0.0253121010840962	624	3	0.161629769225422	0.779372340902734
metabat_ERR12405974.29	response	R	-0.121471757093684	0.0514221757196888	624	15	0.0184721400806609	0.779372340902734
metabat_ERR12405974.29	cancer_type	Other	0.106991422315049	0.0568994702253398	624	15	0.060526985778728	0.779372340902734
semibin_ERR6279619.56	response	R	0.0318069740797344	0.0389761011775074	624	13	0.414776718224468	0.779372340902734
semibin_ERR6279619.56	cancer_type	Other	-0.0603862986076419	0.0665777427590146	624	13	0.388619709989081	0.779372340902734
metabat_SRR11413680.4	response	R	-0.0743819677711895	0.0379135565577857	624	7	0.0502224873585105	0.779372340902734
metabat_SRR11413680.4	cancer_type	Other	0.124255353158155	0.0712764600994064	624	7	0.118892898987177	0.779372340902734
semibin_SRR25825495.18	cancer_type	Other	-0.0542658233696844	0.0723362511083702	624	8	0.474714463091148	0.779372340902734
semibin_SRR16554649.27	response	R	0.00271740377425658	0.00325038974549854	624	1	0.40346297051719	0.779372340902734
semibin_SRR16554649.27	cancer_type	Other	-0.00213741563398266	0.00359660889402552	624	1	0.552537030771287	0.779372340902734
semibin_SRR5930514.44	cancer_type	Other	0.120537926367191	0.129368826055421	624	24	0.37680080774636	0.779372340902734
semibin_ERR6232425.9	cancer_type	Other	-0.0665053093718919	0.0765572557531129	624	19	0.403273647768907	0.779372340902734
semibin_ERR6279650.29	response	R	0.0572538054415097	0.0489115725244864	624	11	0.242226558682234	0.779372340902734
metabat_ERR6281432.38	response	R	-0.0256623543353979	0.0438727966637983	624	18	0.558809754256888	0.779372340902734
metabat_ERR6281432.38	cancer_type	Other	-0.10393262818562	0.068162565126477	624	18	0.150970213651581	0.779372340902734
maxbin_ERR6281500.022	cancer_type	Other	-0.271150932001627	0.289339348040502	624	67	0.371009336346236	0.779372340902734
metabat_SRR13068841.11	response	R	0.0883650524260274	0.0658352819040424	624	38	0.180019796766434	0.779372340902734
semibin_SRR5930518.8	response	R	0.0830198479681219	0.103218890074109	624	67	0.421528527681232	0.779372340902734
semibin_SRR5930518.8	cancer_type	Other	-0.234867527986338	0.317082261062055	624	67	0.476914159452376	0.779372340902734
semibin_ERR6279620.35	response	R	-0.0392173396826531	0.0377300489010834	624	6	0.29901457627539	0.779372340902734
semibin_ERR6279620.35	cancer_type	Other	-0.0390857805228	0.054354295298817	624	6	0.484386670921169	0.779372340902734
semibin_ERR12405915.41_sub	response	R	0.104195602419752	0.0946107764388041	624	62	0.271190765820485	0.779372340902734
semibin_ERR12405915.41_sub	cancer_type	Other	0.300363944045731	0.120070537202404	624	62	0.040399631021868	0.779372340902734
maxbin_SRR5930512.005_sub	response	R	0.0809905564706428	0.0506598508958359	624	11	0.110395901763729	0.779372340902734
maxbin_SRR5930512.005_sub	cancer_type	Other	0.143057796428265	0.118642021720362	624	11	0.288115183730566	0.779372340902734
maxbin_SRR16554760.002	response	R	0.00271740377423537	0.00325038974549853	624	1	0.403462970520854	0.779372340902734
maxbin_SRR16554760.002	cancer_type	Other	-0.00213741563399512	0.00359660889402551	624	1	0.552537030768973	0.779372340902734
maxbin_ERR6279660.002	response	R	-0.0586938193999894	0.0365834457066784	624	7	0.109138593511776	0.779372340902734
maxbin_ERR6279660.002	cancer_type	Other	-0.042406041874033	0.0534364421276034	624	7	0.441223315288228	0.779372340902734
metabat_ERR6281342.23	response	R	-0.0850009557042412	0.0843389329660765	624	45	0.313921078040187	0.779372340902734
metabat_ERR6281342.23	cancer_type	Other	-0.27743508760415	0.238830827144265	624	45	0.270546340288668	0.779372340902734
maxbin_ERR6279660.006	cancer_type	Other	-0.0609348472339685	0.0882960975317536	624	16	0.515861316765572	0.779372340902734
maxbin_ERR6232382.008	response	R	-0.0221066117363381	0.0211120566541842	624	2	0.295456962710273	0.779372340902734
maxbin_ERR6232382.008	cancer_type	Other	-0.0169545466437296	0.023360832601311	624	2	0.468254380539382	0.779372340902734
semibin_ERR12406002.2	cancer_type	Other	0.072920680463103	0.0314562630845767	624	4	0.020764524567865	0.779372340902734
metabat_ERR6279625.36	response	R	0.056259077363693	0.0946321530624548	624	66	0.552393585909596	0.779372340902734
metabat_ERR6279625.36	cancer_type	Other	-0.338015484732463	0.271382996973712	624	66	0.242187152023872	0.779372340902734
metabat_SRR16168976.72	response	R	-0.0313763078715456	0.039395399065091	624	13	0.426078500227872	0.779372340902734
semibin_SRR5930501.110_sub	response	R	-0.0620042995660724	0.0359896764731934	624	10	0.0854160937749714	0.779372340902734
semibin_SRR5930501.110_sub	cancer_type	Other	-0.0797780338582658	0.0600931328752063	624	10	0.233063440231648	0.779372340902734
semibin_ERR6248618.17_sub	response	R	0.0659259404879241	0.0424733320790369	624	4	0.121130982273287	0.779372340902734
semibin_ERR6248618.17_sub	cancer_type	Other	-0.0399296924454029	0.0576186082524265	624	4	0.500142207075124	0.779372340902734
maxbin_SRR11413615.001	response	R	0.0587527954275843	0.0870692371722482	624	36	0.500065123929105	0.779372340902734
semibin_SRR25825500.28	response	R	-0.0278951555940999	0.0204759606841291	624	3	0.173588312904739	0.779372340902734
semibin_SRR25825500.28	cancer_type	Other	-0.0395499860974211	0.057030926757061	624	3	0.506464023957585	0.779372340902734
semibin_SRR11413657.19	response	R	0.0179112162305247	0.0278239236067635	624	11	0.519986179374468	0.779372340902734
semibin_SRR11413657.19	cancer_type	Other	0.0900644679648031	0.0679124574038652	624	11	0.218525986292916	0.779372340902734
metabat_SRR25825503.11	response	R	-0.0186777995569159	0.0264811460093891	624	8	0.480873403687683	0.779372340902734
maxbin_SRR16554751.003	cancer_type	Other	-0.106932541250253	0.0678582019760912	624	24	0.162470632738308	0.779372340902734
maxbin_ERR12405942.013	cancer_type	Other	0.120295667650468	0.0868216557582656	624	14	0.230106184120118	0.779372340902734
metabat_ERR6279655.17_sub	response	R	0.0436210889415965	0.0650335652095548	624	31	0.502631402141736	0.779372340902734
metabat_ERR6279655.17_sub	cancer_type	Other	-0.144832875301663	0.154513290720206	624	31	0.365519518811222	0.779372340902734
maxbin_ERR6279654.010	response	R	-0.0486024278321469	0.0688448359892459	624	31	0.480471433406035	0.779372340902734
maxbin_ERR6279654.010	cancer_type	Other	-0.143111225711516	0.145491726702113	624	31	0.342515503131203	0.779372340902734
metabat_ERR6279654.3_sub	response	R	-0.0348982781533278	0.0369056175530451	624	15	0.344716061594817	0.779372340902734
metabat_ERR6279654.3_sub	cancer_type	Other	-0.0468786250037961	0.0697147427144673	624	15	0.523180042965279	0.779372340902734
semibin_SRR5930529.2	response	R	0.136101154745851	0.0665024059960223	624	66	0.0411271930717207	0.779372340902734
maxbin_SRR20881977.005	response	R	0.0439415154062514	0.0665189919003635	624	32	0.509123193367478	0.779372340902734
maxbin_SRR20881977.005	cancer_type	Other	-0.112393208604351	0.149206880715126	624	32	0.46569758059237	0.779372340902734
metabat_ERR6248618.9	response	R	0.0786222103596731	0.0541843750928743	624	10	0.147281419302955	0.779372340902734
metabat_ERR6248618.9	cancer_type	Other	-0.0599214930841473	0.083384492907589	624	10	0.484157220343936	0.779372340902734
maxbin_ERR6279615.003	response	R	0.0652057237910878	0.0417392146033958	624	4	0.118746807359186	0.779372340902734
maxbin_ERR6279615.003	cancer_type	Other	-0.0393654604992611	0.0567876742698262	624	4	0.500002045730908	0.779372340902734
maxbin_ERR12405949.018	cancer_type	Other	0.0874215974338168	0.11580145172639	624	37	0.47207302743169	0.779372340902734
maxbin_SRR5930501.009	response	R	-0.0417943971157982	0.0471629950794363	624	6	0.3758705820163	0.779372340902734
maxbin_SRR5930501.009	cancer_type	Other	-0.0432402065508835	0.0553436013685121	624	6	0.452864769345011	0.779372340902734
semibin_ERR12405937.35	cancer_type	Other	0.0611911957617988	0.0258003119903629	624	4	0.0180093065465003	0.779372340902734
metabat_ERR6232518.15	response	R	-0.00386539788210606	0.00324851725981453	624	1	0.234541954590021	0.779372340902734
metabat_ERR6232518.15	cancer_type	Other	-0.00230720556875431	0.00359453695829092	624	1	0.521198035195247	0.779372340902734
semibin_SRR16554767.32	response	R	0.12195230589257	0.0932837962029773	624	39	0.191586673291537	0.779372340902734
semibin_SRR16554767.32	cancer_type	Other	-0.201743138129288	0.195348944564812	624	39	0.334134442870889	0.779372340902734
metabat_SRR16554704.3	response	R	-0.0641765244328818	0.0450269412189419	624	5	0.154575542520645	0.779372340902734
metabat_SRR16554704.3	cancer_type	Other	-0.0682397522180999	0.0697826298702478	624	5	0.36116204846189	0.779372340902734
metabat_SRR23364174.22	cancer_type	Other	-0.215408687903637	0.0989773325382297	624	47	0.0665231833475913	0.779372340902734
metabat_ERR12405992.29	cancer_type	Other	0.0840696733175334	0.0470131783786561	624	9	0.196424782140402	0.779372340902734
maxbin_SRR5930514.003	response	R	0.050326936100199	0.0362825275096339	624	14	0.165914314223281	0.779372340902734
maxbin_SRR5930514.003	cancer_type	Other	0.0405212131757575	0.0537086537999807	624	14	0.488301322145545	0.779372340902734
maxbin_ERR6281499.005	response	R	0.0699683065837287	0.0396730836599215	624	20	0.0782876021958232	0.779372340902734
maxbin_ERR6281499.005	cancer_type	Other	-0.0601037715516837	0.07805919290027	624	20	0.454260774465597	0.779372340902734
metabat_SRR5930498.86	response	R	0.105805825337022	0.0912509467946733	624	65	0.246700740880902	0.779372340902734
metabat_SRR5930498.86	cancer_type	Other	-0.339061174385976	0.356993827742031	624	65	0.366700182727864	0.779372340902734
metabat_ERR12405949.35	response	R	-0.0276426572715997	0.0325271761154827	624	4	0.395745629714263	0.779372340902734
metabat_ERR12405949.35	cancer_type	Other	0.063203873910352	0.0359918471550974	624	4	0.0795709420590572	0.779372340902734
semibin_SRR11413614.58	cancer_type	Other	0.0384357341256278	0.0522217330023486	624	4	0.490361654901126	0.779372340902734
metabat_SRR5930523.19	response	R	0.125758884759634	0.0745252348718956	624	44	0.0920171275051564	0.779372340902734
maxbin_ERR6267711.006	response	R	0.0515179563346787	0.037617432957297	624	18	0.171330812890276	0.779372340902734
maxbin_ERR6267711.006	cancer_type	Other	-0.0545073539583749	0.0700363496275149	624	18	0.449417032766028	0.779372340902734
semibin_ERR6281500.39	response	R	-0.00386539788199335	0.00324851725981452	624	1	0.234541954603648	0.779372340902734
semibin_ERR6281500.39	cancer_type	Other	-0.00230720556865891	0.00359453695829092	624	1	0.521198035212471	0.779372340902734
semibin_SRR25825500.25	response	R	-0.028537008470651	0.0422808679150866	624	13	0.499967104892971	0.779372340902734
metabat_ERR6279675.42	response	R	-0.0698208979278319	0.0696304904162747	624	34	0.316380354185747	0.779372340902734
maxbin_SRR5930506.016_sub	cancer_type	Other	-0.559328046861622	0.303274127820405	624	90	0.0942419513759467	0.779372340902734
semibin_ERR6279621.6	cancer_type	Other	-0.323920002880427	0.273966674338791	624	62	0.265300053803768	0.779372340902734
metabat_SRR23364223.20	cancer_type	Other	-0.0974862210995551	0.0854080035156281	624	14	0.273812109911207	0.779372340902734
metabat_ERR6254870.14	cancer_type	Other	-0.146021686409661	0.120391423098646	624	24	0.248740695976584	0.779372340902734
semibin_SRR11413618.78	response	R	0.0513432638803206	0.0789322532919057	624	47	0.51562800834964	0.779372340902734
maxbin_SRR16168942.005	cancer_type	Other	-0.0348191872268179	0.0472136754331582	624	4	0.487985072581273	0.779372340902734
semibin_SRR16168982.36	response	R	-0.041049564610935	0.0531367110211631	624	24	0.440096423456548	0.779372340902734
semibin_SRR16168982.36	cancer_type	Other	-0.126282541070542	0.114810059120019	624	24	0.29421930484984	0.779372340902734
semibin_ERR12405969.59	response	R	-0.0645549438372611	0.0421468999268307	624	5	0.126114293158218	0.779372340902734
semibin_SRR5930514.18	response	R	0.028047152937034	0.0424801252602709	624	9	0.509344346891357	0.779372340902734
semibin_SRR5930514.18	cancer_type	Other	-0.0389409464334806	0.0546620601278029	624	9	0.501010917509805	0.779372340902734
maxbin_SRR16554639.004	response	R	-0.0498646410332619	0.0319547348047047	624	6	0.119159398224002	0.779372340902734
maxbin_SRR16554639.004	cancer_type	Other	0.0517259750540212	0.0359630501011568	624	6	0.189676246374369	0.779372340902734
metabat_ERR6281505.18	response	R	-0.00386539788210181	0.00324851725981454	624	1	0.234541954590537	0.779372340902734
metabat_ERR6281505.18	cancer_type	Other	-0.00230720556869467	0.00359453695829094	624	1	0.521198035206017	0.779372340902734
semibin_SRR5930528.176	response	R	-0.0141581749302769	0.00903201405632875	624	2	0.11750142854549	0.779372340902734
semibin_SRR5930528.176	cancer_type	Other	0.0499324868325412	0.0390162266472057	624	2	0.241266640341251	0.779372340902734
semibin_ERR12405970.54	response	R	0.0334956080954601	0.0419554735529778	624	14	0.424967428764964	0.779372340902734
semibin_ERR12405970.54	cancer_type	Other	0.121960286320015	0.0576996377774399	624	14	0.10556537871654	0.779372340902734
semibin_SRR5930529.29	response	R	0.067683161886452	0.0985237739278083	624	56	0.49235800673263	0.779372340902734
semibin_SRR5930529.29	cancer_type	Other	-0.324832532004458	0.303188235931413	624	56	0.311721149644445	0.779372340902734
metabat_SRR25825496.23	cancer_type	Other	-0.11978503412066	0.141030108565424	624	31	0.410987867517465	0.779372340902734
semibin_SRR5930533.29	response	R	0.0808103840152808	0.0920837049090253	624	52	0.380516110515109	0.779372340902734
semibin_SRR5930533.29	cancer_type	Other	-0.29585224513165	0.297809492578918	624	52	0.345843388640803	0.779372340902734
metabat_ERR6279682.1	response	R	0.0535459822275655	0.0654990938514572	624	30	0.413952657023856	0.779372340902734
metabat_ERR6279682.1	cancer_type	Other	-0.104744435035101	0.147361443881264	624	30	0.490530008474008	0.779372340902734
metabat_SRR16168974.3	response	R	0.0388074745158371	0.064968538332368	624	29	0.550507016891269	0.779372340902734
metabat_SRR16168974.3	cancer_type	Other	-0.105794912395472	0.144781478261281	624	29	0.479005498557142	0.779372340902734
semibin_ERR12406004.33	response	R	0.0700828590121663	0.0538400559567782	624	9	0.193506329677466	0.779372340902734
maxbin_SRR13022436.003	response	R	0.0776513350945097	0.0571364568424513	624	24	0.174623918973804	0.779372340902734
semibin_ERR6232527.15	response	R	0.127726992103888	0.0991940898405843	624	40	0.198350697130767	0.779372340902734
semibin_ERR6232527.15	cancer_type	Other	-0.305530173468623	0.275871679490643	624	40	0.293289956463589	0.779372340902734
semibin_SRR23364174.31	response	R	0.0613923381699268	0.0915903540635699	624	60	0.502922020643043	0.779372340902734
maxbin_ERR12405949.005	response	R	-0.0695532011556562	0.0448321731507723	624	18	0.121312381858588	0.779372340902734
maxbin_ERR12405949.005	cancer_type	Other	0.168330961453205	0.0716408584889447	624	18	0.0479879627738313	0.779372340902734
semibin_ERR12405929.26	cancer_type	Other	0.0621575497219459	0.0253177925663064	624	4	0.0143578965705394	0.779372340902734
semibin_ERR12405993.20	response	R	-0.00369560794730999	0.00324289095445247	624	1	0.25489114331702	0.779372340902734
semibin_ERR12405993.20	cancer_type	Other	0.00575263255137692	0.0035883113602888	624	1	0.109408088704118	0.779372340902734
maxbin_ERR12405929.007	response	R	0.024738092844093	0.0315495000723779	624	9	0.433277995887078	0.779372340902734
maxbin_ERR12405929.007	cancer_type	Other	0.0869178698525149	0.0349100327797672	624	9	0.0130431528810366	0.779372340902734
semibin_ERR6275680.2_sub	response	R	-0.0507307746042632	0.064812349814121	624	25	0.434082594610141	0.779372340902734
semibin_ERR6275680.2_sub	cancer_type	Other	-0.149746161073203	0.141858024771791	624	25	0.311218840544681	0.779372340902734
metabat_SRR16168940.8	response	R	-0.00446185316323668	0.00324339856991032	624	1	0.169420173429229	0.779372340902734
metabat_SRR16168940.8	cancer_type	Other	-0.00433937523388563	0.00696179973761676	624	1	0.554031864889095	0.779372340902734
metabat_SRR5930534.33	response	R	0.0585063210163411	0.0805287906502437	624	39	0.467790105936283	0.779372340902734
metabat_SRR5930534.33	cancer_type	Other	-0.147233440519228	0.175098295098021	624	39	0.42085647707379	0.779372340902734
semibin_ERR6232382.57	response	R	-0.010378881097843	0.016359559040967	624	3	0.526038874889452	0.779372340902734
semibin_ERR6232382.57	cancer_type	Other	-0.0150209952217177	0.0206530769707361	624	3	0.480309189176583	0.779372340902734
maxbin_SRR16554647.011_sub	response	R	0.0724236497865188	0.055352479053611	624	28	0.191222336142258	0.779372340902734
maxbin_SRR16554647.011_sub	cancer_type	Other	0.0813467545055938	0.0637378672202492	624	28	0.253506830164353	0.779372340902734
maxbin_SRR16554636.001	response	R	-0.0370793665661669	0.0275384897127904	624	2	0.1786482998178	0.779372340902734
maxbin_SRR16554636.001	cancer_type	Other	-0.0208777870501705	0.0322098707066211	624	2	0.52993691452893	0.779372340902734
semibin_ERR6281505.10	response	R	-0.0630678729835624	0.044299265538238	624	17	0.155042119940769	0.779372340902734
semibin_ERR6281505.10	cancer_type	Other	-0.0826982630170677	0.0822951678335615	624	17	0.333522356108317	0.779372340902734
maxbin_ERR6232688.006	response	R	0.0148413268403431	0.0158710766752639	624	3	0.350091713489081	0.779372340902734
maxbin_ERR6232688.006	cancer_type	Other	-0.0140843158081091	0.0202107862963968	624	3	0.498226804861324	0.779372340902734
maxbin_SRR16554718.005	cancer_type	Other	-0.0539981293147549	0.0419385671548506	624	12	0.229798130515932	0.779372340902734
metabat_SRR16554756.5	response	R	0.0193540499227986	0.0211230369641338	624	4	0.359890290124373	0.779372340902734
metabat_SRR16554756.5	cancer_type	Other	-0.0194856720226097	0.0281531594432676	624	4	0.501714612392039	0.779372340902734
semibin_ERR6232522.29	response	R	-0.00386539788208194	0.00324851725981452	624	1	0.23454195459294	0.779372340902734
semibin_ERR6232522.29	cancer_type	Other	-0.00230720556874545	0.00359453695829091	624	1	0.521198035196849	0.779372340902734
semibin_SRR11413656.22	response	R	0.0534461338174343	0.0393118613662927	624	14	0.174468284547938	0.779372340902734
semibin_SRR11413656.22	cancer_type	Other	0.104305689815033	0.0675485373728105	624	14	0.1628492340728	0.779372340902734
metabat_ERR12405955.69	response	R	0.0131134195569263	0.0193583972597222	624	2	0.498403125003047	0.779372340902734
metabat_ERR12405955.69	cancer_type	Other	0.0325209841287539	0.0214203800805177	624	2	0.12946627017329	0.779372340902734
semibin_SRR16554723.44	cancer_type	Other	-0.0401652091826296	0.0497362506010277	624	9	0.436484911540705	0.779372340902734
maxbin_ERR12405924.002	cancer_type	Other	0.205891675581205	0.0718165541078554	624	16	0.0310362235700127	0.779372340902734
semibin_ERR6281751.6	response	R	-0.0245155113671559	0.0344540633692967	624	8	0.477015742437619	0.779372340902734
maxbin_SRR11413649.022	response	R	0.0796870781121589	0.056717506992818	624	15	0.160526821204161	0.779372340902734
metabat_SRR16554766.13	response	R	0.0657624891641388	0.0934859637750848	624	58	0.482042026287106	0.779372340902734
metabat_SRR16554766.13	cancer_type	Other	-0.179647574350579	0.275887963008764	624	58	0.530828836648617	0.779372340902734
semibin_ERR12405971.1	cancer_type	Other	0.0876745749184506	0.0694052207045712	624	31	0.252507820907513	0.779372340902734
metabat_SRR23364240.2	response	R	0.054284514289272	0.0923159688695825	624	59	0.556727578890907	0.779372340902734
metabat_SRR23364240.2	cancer_type	Other	-0.170909484978327	0.275903538673749	624	59	0.550392305500989	0.779372340902734
semibin_ERR6281677.29	response	R	-0.0272920426773818	0.0404168342739905	624	12	0.499759249350863	0.779372340902734
metabat_SRR16554786.23	response	R	0.180300603916373	0.10134028980812	624	74	0.07570687914618	0.779372340902734
metabat_SRR16554786.23	cancer_type	Other	-0.30354145538594	0.364169356988934	624	74	0.426257091517496	0.779372340902734
semibin_SRR11413654.21	response	R	0.0799661154237558	0.0937939629685467	624	58	0.394225349388659	0.779372340902734
semibin_SRR11413654.21	cancer_type	Other	0.311499943771436	0.155552522704426	624	58	0.0836584449817884	0.779372340902734
maxbin_SRR11413614.007_sub	cancer_type	Other	0.0584241244429332	0.0270833865140954	624	3	0.0313734842201772	0.779372340902734
metabat_SRR25825495.14	response	R	0.094777825703713	0.0775016871859328	624	37	0.221831229321983	0.779372340902734
semibin_SRR11413683.194	response	R	-0.0370495241337713	0.0530183892278262	624	19	0.484936006264929	0.779372340902734
semibin_SRR11413683.194	cancer_type	Other	0.138835647946552	0.119621158748918	624	19	0.27592555976642	0.779372340902734
metabat_SRR25825510.12_sub	cancer_type	Other	0.344718517454422	0.171884342425173	624	58	0.0830787721984786	0.779372340902734
semibin_SRR16554769.96	cancer_type	Other	-0.0338633312759337	0.024797253768735	624	6	0.172556409635762	0.779372340902734
semibin_SRR11413692.4	response	R	0.0299183683481619	0.0313471243444932	624	3	0.340242270769026	0.779372340902734
semibin_SRR11413692.4	cancer_type	Other	0.051892426395568	0.0455234075533445	624	3	0.302117697819112	0.779372340902734
maxbin_SRR16168984.014_sub	response	R	0.0495715800877109	0.0782371226370455	624	58	0.526571981579734	0.779372340902734
metabat_ERR6281434.55	response	R	0.0521858138194394	0.0638152784240882	624	21	0.41380584608498	0.779372340902734
semibin_ERR6279674.62	response	R	0.0465781234836717	0.0358602398727002	624	18	0.19446749635733	0.779372340902734
semibin_ERR6279674.62	cancer_type	Other	-0.0512513562259705	0.0669740427844883	624	18	0.45688821273845	0.779372340902734
metabat_SRR11413654.23	response	R	0.059682599400761	0.0496889829888623	624	10	0.230161253021762	0.779372340902734
metabat_SRR11413654.23	cancer_type	Other	0.0730224213959382	0.0549816643989609	624	10	0.184625338603001	0.779372340902734
semibin_SRR11413613.2	response	R	0.0157062094410231	0.0203843114263939	624	6	0.441293674340233	0.779372340902734
semibin_SRR11413613.2	cancer_type	Other	0.0540739788656685	0.0318093713508231	624	6	0.13820146455797	0.779372340902734
semibin_ERR6267712.36	cancer_type	Other	-0.326388345489585	0.30779671664894	624	61	0.314629939495206	0.779372340902734
metabat_SRR13068816.1	response	R	0.0352735006434326	0.0272960935267352	624	11	0.196749664312747	0.779372340902734
metabat_SRR13068816.1	cancer_type	Other	-0.018897840475088	0.0302035695523493	624	11	0.531753183067071	0.779372340902734
maxbin_ERR6235717.003	response	R	-0.00386539788204231	0.00324851725981453	624	1	0.234541954597731	0.779372340902734
maxbin_ERR6235717.003	cancer_type	Other	-0.00230720556871054	0.00359453695829092	624	1	0.521198035203149	0.779372340902734
maxbin_SRR8387676.006	response	R	-0.0431622792412903	0.0642536025564025	624	16	0.501994068935269	0.779372340902734
metabat_SRR23364191.23_sub	cancer_type	Other	-0.153602408866884	0.212223964666475	624	50	0.486991881848458	0.779372340902734
metabat_SRR8387710.43	response	R	0.158013109673482	0.079787846295425	624	47	0.048100117876728	0.779372340902734
metabat_ERR6281997.20	cancer_type	Other	-0.0695350237721024	0.0577592534514494	624	8	0.253090882048236	0.779372340902734
metabat_SRR23364237.27	response	R	0.0212990027781346	0.0205579914703331	624	9	0.300585142464137	0.779372340902734
metabat_SRR23364237.27	cancer_type	Other	0.029376636262711	0.0302597517298796	624	9	0.385942103670148	0.779372340902734
semibin_SRR13068827.60	response	R	0.0840969718269734	0.0892944683751428	624	55	0.346664598720997	0.779372340902734
semibin_SRR13068827.60	cancer_type	Other	0.242447732711553	0.139995215689971	624	55	0.128102272381707	0.779372340902734
metabat_SRR5930501.14	cancer_type	Other	-0.0235094440243629	0.0311258596108858	624	6	0.464400653712008	0.779372340902734
semibin_ERR6275676.34	cancer_type	Other	-0.0843939950516007	0.0967277796660626	624	14	0.397903214528011	0.779372340902734
maxbin_SRR13068845.006_sub	response	R	0.0364983197887668	0.0343600247913407	624	17	0.288543289213887	0.779372340902734
maxbin_SRR13068845.006_sub	cancer_type	Other	-0.045588321033433	0.0625761916830505	624	17	0.47839334632254	0.779372340902734
semibin_ERR12405949.11_sub	response	R	-0.0211638598265127	0.0340731352782526	624	7	0.534741750767121	0.779372340902734
semibin_ERR12405949.11_sub	cancer_type	Other	0.0964134091475005	0.0377024760057818	624	7	0.0107878360933807	0.779372340902734
semibin_SRR5930494.69	response	R	-0.114360422840752	0.0726455446850477	624	42	0.11595007655069	0.779372340902734
semibin_ERR12405958.10	cancer_type	Other	0.0848983407983033	0.0363039306944845	624	7	0.0196753802669616	0.779372340902734
metabat_SRR16554636.2	response	R	-0.0310527402055376	0.0449232302390774	624	15	0.489672954163138	0.779372340902734
metabat_SRR16554636.2	cancer_type	Other	-0.0328748750261049	0.0497082817991232	624	15	0.508629274363884	0.779372340902734
maxbin_SRR16168975.004	cancer_type	Other	-0.12111456141026	0.169602350321271	624	29	0.493846104134946	0.779372340902734
semibin_SRR25825499.74	response	R	0.100458102827071	0.0516081399968877	624	10	0.0520393781215604	0.779372340902734
semibin_SRR25825499.74	cancer_type	Other	-0.105699667442106	0.111017608342419	624	10	0.366953786144834	0.779372340902734
metabat_ERR6232458.5	cancer_type	Other	-0.0608486774553466	0.0549516691475122	624	8	0.288805459180197	0.779372340902734
maxbin_SRR25825518.002	response	R	-0.0891240619371067	0.0376517085367617	624	6	0.0182370013643892	0.779372340902734
maxbin_ERR6279662.004_sub	response	R	0.00271740377424897	0.00325038974549855	624	1	0.403462970518508	0.779372340902734
maxbin_ERR6279662.004_sub	cancer_type	Other	-0.00213741563405979	0.00359660889402553	624	1	0.552537030756958	0.779372340902734
metabat_ERR6281518.58_sub	cancer_type	Other	-0.180350981644893	0.261553110426953	624	49	0.507327082456707	0.779372340902734
semibin_ERR6232686.62	response	R	-0.00386539788198177	0.00324851725981453	624	1	0.234541954605046	0.779372340902734
semibin_ERR6232686.62	cancer_type	Other	-0.00230720556867692	0.00359453695829093	624	1	0.521198035209219	0.779372340902734
maxbin_ERR6275678.004	response	R	0.00271740377432387	0.00325038974549854	624	1	0.403462970505551	0.779372340902734
maxbin_ERR6275678.004	cancer_type	Other	-0.00213741563398368	0.00359660889402552	624	1	0.5525370307711	0.779372340902734
metabat_SRR13022427.3_sub	response	R	0.0472367404898864	0.0378344566748131	624	14	0.212314431715507	0.779372340902734
metabat_SRR13022427.3_sub	cancer_type	Other	0.0591886247564785	0.0663912363360492	624	14	0.421446339615612	0.779372340902734
semibin_ERR12406003.88	response	R	0.00288719370899765	0.00324421195298838	624	1	0.373836158737528	0.779372340902734
semibin_ERR12406003.88	cancer_type	Other	0.00592242248602351	0.00358977306656259	624	1	0.0994886788572812	0.779372340902734
metabat_ERR12405942.51	response	R	0.0674259548828741	0.0356034843383607	624	10	0.0587210025216776	0.779372340902734
metabat_ERR12405942.51	cancer_type	Other	0.111824730680365	0.0412963551001317	624	10	0.0643738541636178	0.779372340902734
semibin_SRR11413654.79	response	R	0.0431156888442364	0.0606527707222082	624	27	0.477437847098403	0.779372340902734
semibin_SRR11413654.79	cancer_type	Other	0.194794410372902	0.0856191307126803	624	27	0.0704114890506843	0.779372340902734
semibin_SRR16554679.4	response	R	-0.0463328727534489	0.0603971182154668	624	27	0.443291531257102	0.779372340902734
semibin_SRR16554679.4	cancer_type	Other	-0.0620554007849594	0.0668303894473248	624	27	0.353482783162846	0.779372340902734
semibin_ERR12405974.119	response	R	-0.04560856026141	0.02958840973155	624	4	0.123720752337335	0.779372340902734
semibin_ERR6230340.7	response	R	0.0027174037742691	0.00325038974549855	624	1	0.403462970515027	0.779372340902734
semibin_ERR6230340.7	cancer_type	Other	-0.00213741563402722	0.00359660889402553	624	1	0.552537030763011	0.779372340902734
semibin_SRR20881980.70_sub	response	R	-0.0412305397702098	0.0538357785462265	624	19	0.444052032166553	0.779372340902734
semibin_SRR20881980.70_sub	cancer_type	Other	0.0747382294635566	0.059570160841265	624	19	0.210086810662214	0.779372340902734
maxbin_SRR11413683.001	response	R	0.0151486894394096	0.0176174497517029	624	3	0.390194061141142	0.779372340902734
maxbin_SRR11413683.001	cancer_type	Other	0.0614218933537326	0.0393307102029424	624	3	0.152775683762154	0.779372340902734
maxbin_ERR6279625.013_sub	cancer_type	Other	-0.0442125329179286	0.0671025358280999	624	17	0.528097938794462	0.779372340902734
semibin_ERR12405998.4	cancer_type	Other	0.0517391222605822	0.0276994052575014	624	10	0.0622497791439318	0.779372340902734
semibin_SRR11413614.10	cancer_type	Other	0.0522253899138064	0.0271449221384921	624	6	0.0548179568461972	0.779372340902734
maxbin_ERR12405988.009	response	R	-0.0461232613824009	0.0388669804629914	624	16	0.235801832180829	0.779372340902734
maxbin_SRR5930509.003	response	R	-0.0171494146062508	0.0165574271324389	624	2	0.30072047911708	0.779372340902734
maxbin_SRR5930509.003	cancer_type	Other	-0.0175778709346465	0.0257586923936372	624	2	0.522583384900891	0.779372340902734
maxbin_SRR16554632.002	response	R	-0.0363054602002431	0.0341156090711192	624	12	0.287656646322912	0.779372340902734
semibin_SRR5930495.35	response	R	0.0342040980751322	0.0462380038777475	624	13	0.459737441476278	0.779372340902734
semibin_SRR5930495.35	cancer_type	Other	-0.0894433877951808	0.0704018078472023	624	13	0.224603054052888	0.779372340902734
semibin_ERR6279671.89	response	R	0.0227192179864463	0.0349961416668172	624	6	0.516454354352269	0.779372340902734
semibin_ERR6279671.89	cancer_type	Other	-0.0369215706970451	0.0521618793711417	624	6	0.490819651414849	0.779372340902734
semibin_ERR6230278.15	response	R	0.0027174037741316	0.00325038974549854	624	1	0.403462970538802	0.779372340902734
semibin_ERR6230278.15	cancer_type	Other	-0.00213741563409212	0.00359660889402552	624	1	0.55253703075095	0.779372340902734
metabat_ERR6279652.15_sub	response	R	0.0913420974728777	0.0688326879014263	624	32	0.18499135905089	0.779372340902734
metabat_SRR16554778.4	response	R	0.0395137142183819	0.0571519768536911	624	18	0.489585360036252	0.779372340902734
metabat_SRR16554778.4	cancer_type	Other	-0.126343866335504	0.0632395879748871	624	18	0.046167488126371	0.779372340902734
semibin_ERR6279669.45	response	R	0.0725811988012016	0.0897505887365768	624	94	0.419000181915678	0.779372340902734
semibin_ERR6279669.45	cancer_type	Other	-0.400455224978853	0.299917848272017	624	94	0.209954900540868	0.779372340902734
maxbin_SRR6000903.002	response	R	0.0034405964573914	0.00325219504293023	624	1	0.290498455690952	0.779372340902734
maxbin_SRR6000903.002	cancer_type	Other	-0.00338830240760109	0.00553967065488711	624	1	0.56156241132119	0.779372340902734
maxbin_ERR6267711.002_sub	response	R	0.00271740377421441	0.00325038974549854	624	1	0.403462970524481	0.779372340902734
maxbin_ERR6267711.002_sub	cancer_type	Other	-0.00213741563406709	0.00359660889402552	624	1	0.552537030755601	0.779372340902734
metabat_SRR16168930.22_sub	response	R	-0.118910353292383	0.0884308995298693	624	33	0.179223754416894	0.779372340902734
metabat_SRR16168930.22_sub	cancer_type	Other	-0.120572288322165	0.11619890408233	624	33	0.32303081597181	0.779372340902734
metabat_ERR12405940.22	cancer_type	Other	-0.0695122424512064	0.113477643131525	624	27	0.551575381257008	0.779372340902734
maxbin_SRR23364231.030_sub	response	R	0.0635433199562127	0.0805699150702294	624	61	0.430606366765845	0.779372340902734
semibin_ERR6281751.11_sub	response	R	-0.111284184013233	0.0669399030928571	624	11	0.096927373277752	0.779372340902734
metabat_SRR16554721.12_sub	response	R	-0.041205508316105	0.0523142565670744	624	24	0.431199926357236	0.779372340902734
metabat_ERR12405957.24	response	R	0.0303564741233447	0.0229894979094606	624	3	0.187171384387044	0.779372340902734
semibin_ERR6232524.56	response	R	0.00271740377433915	0.00325038974549855	624	1	0.40346297050291	0.779372340902734
semibin_ERR6232524.56	cancer_type	Other	-0.00213741563396863	0.00359660889402553	624	1	0.552537030773897	0.779372340902734
semibin_ERR6279677.13	response	R	0.0683482338458886	0.0423536068708753	624	12	0.107089197426108	0.779372340902734
semibin_ERR6279677.13	cancer_type	Other	-0.0628244227112096	0.0678109174774768	624	12	0.372206114259409	0.779372340902734
maxbin_SRR16554744.003	response	R	0.0636311649366507	0.0558593419034702	624	31	0.255087867696248	0.779372340902734
metabat_ERR12405957.9	cancer_type	Other	0.144004524466498	0.0591304527716526	624	10	0.0446567972234931	0.779372340902734
metabat_SRR16168942.34	response	R	-0.04711424064087	0.0707636590197432	624	39	0.505789213219447	0.779372340902734
metabat_SRR16168942.34	cancer_type	Other	-0.116884737448757	0.193669682685758	624	39	0.560321501724659	0.779372340902734
semibin_SRR6000905.32	cancer_type	Other	-0.195534787963826	0.236535235105835	624	51	0.429473340193791	0.779372340902734
semibin_ERR6279657.164	cancer_type	Other	-0.0287952664735369	0.0403745095902728	624	6	0.487775896685935	0.779372340902734
metabat_ERR6279616.33	response	R	0.0027174037742911	0.00325038974549855	624	1	0.403462970511218	0.779372340902734
metabat_ERR6279616.33	cancer_type	Other	-0.0021374156339772	0.00359660889402552	624	1	0.552537030772305	0.779372340902734
semibin_ERR6279646.22_sub	cancer_type	Other	-0.0469189001334429	0.0413153981632247	624	8	0.281208089018759	0.779372340902734
semibin_SRR16554752.21	response	R	0.0178809660183352	0.0295248050471948	624	6	0.544985185566559	0.779372340902734
semibin_SRR16554752.21	cancer_type	Other	-0.0429002880878999	0.0429417169718143	624	6	0.350499036900293	0.779372340902734
maxbin_ERR6271721.001	response	R	-0.0579022687745769	0.0274501958052374	624	7	0.0353145604244951	0.779372340902734
semibin_ERR12406004.36	response	R	0.0374569585225133	0.0297606580987012	624	6	0.208646900209945	0.779372340902734
metabat_ERR6281431.41	response	R	0.0332690551650849	0.0417553567633676	624	5	0.425894368921796	0.779372340902734
metabat_ERR6281431.41	cancer_type	Other	-0.0418376969562794	0.0592895012181682	624	5	0.492313756051329	0.779372340902734
semibin_ERR6275680.140	response	R	-0.0214455425618773	0.0275853153841161	624	4	0.437203852492369	0.779372340902734
semibin_ERR6275680.140	cancer_type	Other	-0.0270731360341353	0.0374415557397491	624	4	0.482316115408707	0.779372340902734
semibin_SRR8387676.49	response	R	-0.0644956664473312	0.0471502994814587	624	14	0.171852495355116	0.779372340902734
semibin_SRR8387676.49	cancer_type	Other	0.206517866689933	0.187527092304617	624	14	0.306704187179328	0.779372340902734
semibin_SRR13068852.73_sub	cancer_type	Other	0.0935875023511416	0.143870540022266	624	29	0.539681012111444	0.779372340902734
metabat_SRR11413608.45	response	R	0.0177699448240332	0.0265409317741859	624	6	0.503406771912588	0.779372340902734
semibin_SRR5930520.95	response	R	-0.0434707061959961	0.0207903184329921	624	7	0.0369419231099124	0.779372340902734
metabat_SRR23364206.9	response	R	0.0303311964755199	0.0404270780222041	624	10	0.453377665686267	0.779372340902734
metabat_SRR5930499.62	response	R	0.0730747098097359	0.0590859537312949	624	24	0.216648020684851	0.779372340902734
metabat_SRR5930499.62	cancer_type	Other	-0.152644225710211	0.14427235442283	624	24	0.317781812292571	0.779372340902734
metabat_ERR6275672.30	response	R	0.0398233075530538	0.0358502433699376	624	14	0.267074058163315	0.779372340902734
metabat_ERR6275672.30	cancer_type	Other	0.0782738557275581	0.0396688748898082	624	14	0.0489179887463718	0.779372340902734
semibin_ERR6230340.24	response	R	0.0642880541258555	0.0613394500474067	624	24	0.295014121253065	0.779372340902734
semibin_ERR6230340.24	cancer_type	Other	-0.0864662382133634	0.119837354336761	624	24	0.483651096201879	0.779372340902734
semibin_SRR5930532.57	cancer_type	Other	-0.11740434582291	0.093559297660057	624	18	0.231204204887604	0.779372340902734
semibin_ERR6279627.7	cancer_type	Other	-0.0743844593106098	0.0911634384550583	624	15	0.428965455365012	0.779372340902734
metabat_SRR23364192.31_sub	cancer_type	Other	-0.0994923669169224	0.123763611833279	624	21	0.435274899501472	0.779372340902734
semibin_SRR25825510.23_sub	response	R	0.0197213160549629	0.0186004431680112	624	8	0.289440234995064	0.779372340902734
semibin_SRR25825510.23_sub	cancer_type	Other	-0.0336682850827768	0.0482843396571323	624	8	0.50497430443989	0.779372340902734
maxbin_ERR12405965.008	cancer_type	Other	0.207535276105408	0.122720133742743	624	12	0.138539177989251	0.779372340902734
semibin_ERR6279672.17	cancer_type	Other	-0.192628508871983	0.254504975640263	624	52	0.467859284859342	0.779372340902734
maxbin_ERR6257997.018	response	R	0.0345303604167956	0.0429153223660012	624	20	0.421349219394366	0.779372340902734
maxbin_ERR6257997.018	cancer_type	Other	0.0466256935311227	0.0675358275062709	624	20	0.503255999372829	0.779372340902734
semibin_ERR6233693.34_sub	response	R	0.00271740377423001	0.00325038974549854	624	1	0.403462970521783	0.779372340902734
semibin_ERR6233693.34_sub	cancer_type	Other	-0.00213741563403647	0.00359660889402552	624	1	0.552537030761289	0.779372340902734
metabat_ERR6232688.30	cancer_type	Other	-0.109580357770527	0.13135189517286	624	23	0.418551313098038	0.779372340902734
maxbin_SRR23364192.011_sub	response	R	-0.0367441574144287	0.0254263869901371	624	8	0.148928841940524	0.779372340902734
maxbin_SRR23364192.011_sub	cancer_type	Other	0.0273134306144307	0.0281347089893786	624	8	0.332021330139424	0.779372340902734
maxbin_ERR6279676.023_sub	response	R	0.026404281875185	0.0317437961663886	624	16	0.405845286994557	0.779372340902734
maxbin_ERR6279676.023_sub	cancer_type	Other	-0.0436133659935986	0.0573777182706572	624	16	0.459830558927243	0.779372340902734
semibin_SRR13068839.82	response	R	0.119507744594771	0.0772975434400535	624	49	0.122600019483585	0.779372340902734
semibin_SRR13068839.82	cancer_type	Other	-0.175157878360239	0.256417594629289	624	49	0.511619884528758	0.779372340902734
metabat_ERR6275671.44	response	R	-0.025818555751589	0.037797581964147	624	18	0.494814748599183	0.779372340902734
metabat_ERR6275671.44	cancer_type	Other	-0.049729762322267	0.0734788466213496	624	18	0.509683803238196	0.779372340902734
semibin_ERR6236131.31	response	R	0.016362513503765	0.0221011508591276	624	7	0.459369479842423	0.779372340902734
metabat_SRR11413681.65_sub	response	R	0.0450186414035233	0.0437518166890983	624	22	0.303903448314723	0.779372340902734
metabat_SRR11413681.65_sub	cancer_type	Other	0.124777829054675	0.116603806245759	624	22	0.313040400522136	0.779372340902734
semibin_ERR6232521.9	cancer_type	Other	-0.0928440993378864	0.0875153483676119	624	21	0.309125561455647	0.779372340902734
semibin_ERR12405983.41	response	R	0.0490956902049446	0.0355517750226318	624	11	0.167788040692429	0.779372340902734
semibin_SRR20881979.39	cancer_type	Other	0.479208630495235	0.326838564377419	624	20	0.178776399590842	0.779372340902734
metabat_SRR13068822.8	response	R	-0.132022050116697	0.0731809701548069	624	20	0.0717080745162394	0.779372340902734
semibin_SRR5930533.15	response	R	0.138151623987674	0.0706765768473333	624	31	0.0510678203412247	0.779372340902734
metabat_SRR16554704.2	cancer_type	Other	0.0546490845366001	0.0828106359875583	624	9	0.541099545957881	0.779372340902734
maxbin_ERR6279682.007	response	R	-0.00386539788213992	0.00324851725981452	624	1	0.23454195458593	0.779372340902734
maxbin_ERR6279682.007	cancer_type	Other	-0.00230720556879914	0.00359453695829091	624	1	0.521198035187156	0.779372340902734
metabat_SRR23364213.41_sub	response	R	0.0338316887037215	0.0259732575288055	624	7	0.193208515039015	0.779372340902734
metabat_SRR23364213.41_sub	cancer_type	Other	-0.0277436028095604	0.0393717411027799	624	7	0.492637475060551	0.779372340902734
metabat_SRR5930495.2	response	R	0.0131446890144497	0.0123161871079608	624	4	0.286267447526013	0.779372340902734
metabat_SRR5930495.2	cancer_type	Other	-0.0166595802687649	0.0143768811966009	624	4	0.289835644509248	0.779372340902734
semibin_SRR20881987.25	response	R	0.109946604263223	0.0685303789260647	624	56	0.109152149793056	0.779372340902734
metabat_SRR23364240.7	response	R	0.0511126436882516	0.0395888377102372	624	21	0.19715591645003	0.779372340902734
metabat_SRR23364240.7	cancer_type	Other	-0.0719762500166302	0.102491939528737	624	21	0.500606836022833	0.779372340902734
metabat_SRR5930498.97	response	R	0.0495815397744687	0.0649082503847799	624	24	0.445234733008007	0.779372340902734
metabat_SRR16554763.26	response	R	0.00271740377417503	0.00325038974549856	624	1	0.403462970531293	0.779372340902734
metabat_SRR16554763.26	cancer_type	Other	-0.00213741563409009	0.00359660889402554	624	1	0.552537030751328	0.779372340902734
maxbin_SRR23364175.021_sub	cancer_type	Other	-0.21060421091266	0.173822550209483	624	43	0.254764226425071	0.779372340902734
semibin_ERR6230340.23	cancer_type	Other	-0.0262176972366746	0.0369803523607327	624	5	0.490342712478173	0.779372340902734
semibin_SRR11413609.1	response	R	0.0336320279591781	0.031784620960745	624	12	0.290414779964002	0.779372340902734
semibin_SRR11413609.1	cancer_type	Other	0.147359812564942	0.124907597530146	624	12	0.267223737828666	0.779372340902734
semibin_SRR6000894.27	cancer_type	Other	-0.0542586841816736	0.0725150356397524	624	20	0.545209205090165	0.779372340902734
maxbin_SRR5930519.002	cancer_type	Other	-0.0656888674758975	0.0669878096243988	624	10	0.358999914884731	0.779372340902734
metabat_ERR6275676.46_sub	response	R	-0.0141871896800347	0.022271327311411	624	4	0.52434952713669	0.779372340902734
metabat_ERR6275676.46_sub	cancer_type	Other	-0.0217078754920868	0.0300678709861045	624	4	0.482990904698252	0.779372340902734
metabat_ERR6279680.23_sub	response	R	0.0314891042120705	0.0238945492861205	624	3	0.18804531602249	0.779372340902734
metabat_ERR6279680.23_sub	cancer_type	Other	-0.0207478674450628	0.0301691773528858	624	3	0.50380767345319	0.779372340902734
semibin_SRR25825500.94	response	R	-0.151432759765875	0.0624642245345886	624	36	0.0156234380633062	0.779372340902734
semibin_SRR25825500.94	cancer_type	Other	-0.144737105167633	0.172107995032715	624	36	0.423427328003723	0.779372340902734
semibin_SRR25825496.70	response	R	-0.057903254949398	0.0266499629921151	624	4	0.0301801189766206	0.779372340902734
semibin_SRR25825496.70	cancer_type	Other	-0.0345731840870488	0.0331761773881492	624	4	0.350503309713017	0.779372340902734
semibin_SRR16168929.20_sub	response	R	0.142652367831196	0.0698968549392801	624	58	0.0416882453094122	0.779372340902734
metabat_SRR25825513.9	cancer_type	Other	-0.116828362573171	0.0935464052358939	624	22	0.233605292931573	0.779372340902734
semibin_ERR12405992.43	response	R	0.0628245813573224	0.0427417352837635	624	8	0.142104753134644	0.779372340902734
semibin_ERR12405992.43	cancer_type	Other	0.130395284141926	0.0472944223013754	624	8	0.00600314770079175	0.779372340902734
maxbin_SRR5930501.001	response	R	-0.0149716285431769	0.0257584047852604	624	7	0.561295255069528	0.779372340902734
maxbin_ERR6275673.039_sub	response	R	0.0517328890998385	0.0603205595037794	624	20	0.391426139246082	0.779372340902734
semibin_SRR11413692.31	cancer_type	Other	0.0386415501670529	0.0255980794388633	624	4	0.22472462659483	0.779372340902734
maxbin_SRR11413679.012	response	R	0.0184237484333009	0.018732883297295	624	2	0.325746188451005	0.779372340902734
maxbin_SRR11413679.012	cancer_type	Other	0.0363432604849827	0.0268545357165847	624	2	0.228169063832905	0.779372340902734
semibin_SRR13022424.6	cancer_type	Other	0.38092631797594	0.200468802581113	624	47	0.0818742840005873	0.779372340902734
semibin_SRR13068825.144	response	R	0.0206599436575197	0.0299880314802491	624	5	0.491118800007444	0.779372340902734
semibin_SRR13068825.144	cancer_type	Other	-0.0331146904073334	0.0416903610103984	624	5	0.440675266552145	0.779372340902734
metabat_SRR23364171.30	cancer_type	Other	-0.162639670067289	0.246112906722377	624	48	0.524836408535926	0.779372340902734
semibin_ERR6231475.95	cancer_type	Other	-0.0336917643796285	0.0475263904961168	624	8	0.49002020202388	0.779372340902734
metabat_ERR6279658.4	response	R	0.00271740377416245	0.00325038974549855	624	1	0.403462970533468	0.779372340902734
metabat_ERR6279658.4	cancer_type	Other	-0.00213741563404828	0.00359660889402553	624	1	0.552537030759096	0.779372340902734
maxbin_SRR8387681.017	response	R	0.0130645646354951	0.012594655207031	624	2	0.299995035323378	0.779372340902734
semibin_SRR11413687.171	response	R	0.0471953820076937	0.046282724372414	624	14	0.308258845897587	0.779372340902734
semibin_SRR11413687.171	cancer_type	Other	0.162137029574221	0.0742126113094526	624	14	0.0725906874864818	0.779372340902734
semibin_ERR12405976.23	response	R	0.0794933429538785	0.0447103253981546	624	11	0.0758990393320319	0.779372340902734
semibin_ERR12405976.23	cancer_type	Other	0.0385035343224615	0.049472699144611	624	11	0.436701319909917	0.779372340902734
semibin_SRR13068826.42	response	R	0.0678330801691205	0.049007637516416	624	12	0.166815405347833	0.779372340902734
maxbin_SRR16554726.001	response	R	-0.0273135252661287	0.0222247352551815	624	4	0.219549588393928	0.779372340902734
metabat_SRR16168929.12	response	R	0.0489214452073436	0.0593096430644902	624	26	0.409774605380432	0.779372340902734
metabat_SRR16168929.12	cancer_type	Other	-0.112997154495921	0.10918264032464	624	26	0.320506878370058	0.779372340902734
semibin_SRR20881983.19	response	R	0.0555561503115135	0.0776190445112599	624	52	0.47441406541577	0.779372340902734
metabat_ERR6275664.11	response	R	0.0447072422061545	0.0647202556773666	624	26	0.489964172644741	0.779372340902734
metabat_ERR6275664.11	cancer_type	Other	-0.0951488471439064	0.130578322960799	624	26	0.479530605110679	0.779372340902734
semibin_SRR20881976.18_sub	response	R	0.115073625693135	0.0742250078385914	624	59	0.121576707652634	0.779372340902734
metabat_SRR23364184.7	response	R	0.0690114875153451	0.06529971378393	624	32	0.290995018847881	0.779372340902734
semibin_SRR5930536.61_sub	cancer_type	Other	-0.11802802711928	0.161898829888954	624	31	0.487146323184018	0.779372340902734
metabat_ERR6264280.47	cancer_type	Other	-0.118080418652696	0.128152290332956	624	30	0.37327264492225	0.779372340902734
semibin_ERR6279646.18	cancer_type	Other	-0.0865029816170134	0.116863751889218	624	23	0.473106930979233	0.779372340902734
maxbin_SRR16554645.006	response	R	0.0397664798394559	0.0284740313883591	624	7	0.163036544933934	0.779372340902734
maxbin_SRR16554645.006	cancer_type	Other	-0.0393804456235195	0.0315069768731462	624	7	0.211808350477939	0.779372340902734
metabat_ERR6279672.10	response	R	-0.0576758001121497	0.0437859378804956	624	16	0.188250126364592	0.779372340902734
metabat_ERR6279672.10	cancer_type	Other	-0.0790761801891614	0.082100023545114	624	16	0.352963882097653	0.779372340902734
metabat_ERR6281432.36	response	R	-0.0309568579157637	0.0475913126042044	624	13	0.515627443285209	0.779372340902734
metabat_ERR6279667.15	cancer_type	Other	-0.0681383950252152	0.092311246827993	624	13	0.474719446254989	0.779372340902734
metabat_ERR12405949.18	response	R	-0.127669915172607	0.0629238551142863	624	26	0.0428895306958207	0.779372340902734
semibin_ERR6279620.6	response	R	-0.0498890593651591	0.0403465648421696	624	15	0.21673534362367	0.779372340902734
semibin_ERR6279620.6	cancer_type	Other	-0.0739087282874568	0.0728444754034706	624	15	0.329050193155387	0.779372340902734
semibin_SRR23364187.43_sub	cancer_type	Other	-0.175637814650733	0.106180053913611	624	33	0.128204375056988	0.779372340902734
semibin_ERR12405973.28	cancer_type	Other	0.0343944746253993	0.0314508628490313	624	5	0.27455710532764	0.779372340902734
semibin_SRR5930536.76	response	R	-0.0309648133520465	0.0249391325540561	624	7	0.214847249990393	0.779372340902734
semibin_SRR25825498.35	response	R	0.064385303915771	0.066023923775302	624	28	0.329850361039103	0.779372340902734
semibin_SRR25825498.35	cancer_type	Other	-0.131111210769983	0.137038921480103	624	28	0.36028448765796	0.779372340902734
metabat_SRR11413618.48	response	R	-0.0698544251207944	0.105410180831023	624	44	0.507774067206387	0.779372340902734
metabat_SRR11413618.48	cancer_type	Other	0.385354477817043	0.180601607710562	624	44	0.0525526168802916	0.779372340902734
metabat_ERR6275675.18	response	R	0.0770155203620524	0.0648930219383303	624	41	0.235760299209517	0.779372340902734
metabat_ERR6275675.18	cancer_type	Other	-0.129496776930448	0.196459574004782	624	41	0.525768957384204	0.779372340902734
metabat_ERR6279619.32	response	R	0.0690034320214277	0.0505379767681561	624	18	0.172638651678658	0.779372340902734
semibin_SRR6000900.19	response	R	-0.10137297483171	0.0552486395896216	624	12	0.0670060589604702	0.779372340902734
semibin_SRR6000900.19	cancer_type	Other	0.15460130937739	0.0611335144673138	624	12	0.0116881204805519	0.779372340902734
semibin_ERR6281658.59	response	R	-0.0038653978821212	0.00324851725981454	624	1	0.234541954588192	0.779372340902734
semibin_ERR6281658.59	cancer_type	Other	-0.00230720556869152	0.00359453695829095	624	1	0.521198035206585	0.779372340902734
metabat_ERR6279683.21	response	R	-0.0151906893081056	0.0154018345644265	624	2	0.324376008009892	0.779372340902734
metabat_ERR6279683.21	cancer_type	Other	-0.0127818694553838	0.0170913807534717	624	2	0.469508205295245	0.779372340902734
maxbin_ERR6275675.041_sub	response	R	0.0538996766875725	0.052812268157661	624	13	0.307847131075185	0.779372340902734
maxbin_ERR6275675.041_sub	cancer_type	Other	-0.0599672616082537	0.0749780888917356	624	13	0.467527000614696	0.779372340902734
semibin_ERR6279614.25	response	R	0.0814673112229841	0.0403999477266935	624	17	0.0441757059273223	0.779372340902734
semibin_ERR6279614.25	cancer_type	Other	-0.10757628994301	0.0755972777232012	624	17	0.191541392220156	0.779372340902734
maxbin_SRR16554786.001	cancer_type	Other	-0.0340565403063304	0.0314031831850643	624	6	0.305724348674365	0.779372340902734
semibin_ERR6279678.48	response	R	0.0557955951351046	0.0397716498721522	624	15	0.161146926056342	0.779372340902734
semibin_ERR6279678.48	cancer_type	Other	-0.0586977482305028	0.063359518791356	624	15	0.384399792307594	0.779372340902734
semibin_SRR16168896.113	cancer_type	Other	0.090970876382155	0.143675148644417	624	17	0.547713872516171	0.779372340902734
metabat_ERR6275652.5	response	R	0.0140280496154181	0.0184276511872785	624	4	0.446796726949061	0.779372340902734
metabat_ERR6275652.5	cancer_type	Other	-0.0192832505609139	0.0203904944777631	624	4	0.344670438248947	0.779372340902734
metabat_SRR16168943.6	response	R	-0.0246260396109754	0.0384999256588233	624	10	0.522644244124032	0.779372340902734
metabat_SRR6000940.18	response	R	0.0598544747569012	0.0575172905424656	624	9	0.298450545469757	0.779372340902734
metabat_SRR6000940.18	cancer_type	Other	0.0801488345107939	0.114626907875799	624	9	0.504615067940709	0.779372340902734
semibin_SRR6000909.33	response	R	0.0427635529368799	0.0598603664889935	624	32	0.475257178422789	0.779372340902734
maxbin_ERR12405996.027	response	R	-0.0463823101070341	0.030382272649895	624	5	0.127363641334853	0.779372340902734
maxbin_ERR12405996.027	cancer_type	Other	0.0689261982209029	0.0336184767333373	624	5	0.0407595870245367	0.779372340902734
maxbin_SRR25825512.008	response	R	-0.038942318956188	0.0558817867013172	624	30	0.486145201360681	0.779372340902734
metabat_SRR6000893.52	response	R	0.061582661175532	0.0549103823903999	624	32	0.262507134723551	0.779372340902734
metabat_SRR13022393.14	response	R	0.0509533970403831	0.0696280476348818	624	32	0.464573171148645	0.779372340902734
metabat_SRR13022393.14	cancer_type	Other	0.171524079768607	0.252526211338464	624	32	0.516911345556309	0.779372340902734
semibin_ERR6275684.8	response	R	0.00271740377409524	0.00325038974549855	624	1	0.403462970545094	0.779372340902734
semibin_ERR6275684.8	cancer_type	Other	-0.00213741563411412	0.00359660889402552	624	1	0.552537030746863	0.779372340902734
metabat_ERR12405991.26	response	R	0.0326097016001713	0.0378640127216105	624	10	0.389443668293349	0.779372340902734
metabat_ERR12405991.26	cancer_type	Other	0.0313052224606875	0.0479669862046707	624	10	0.532357729276706	0.779372340902734
maxbin_ERR6279677.002	response	R	0.00271740377428985	0.00325038974549855	624	1	0.403462970511438	0.779372340902734
maxbin_ERR6279677.002	cancer_type	Other	-0.00213741563396532	0.00359660889402553	624	1	0.552537030774513	0.779372340902734
semibin_SRR13068851.47	response	R	0.0108925772292964	0.0162091988958996	624	7	0.501833848887456	0.779372340902734
semibin_SRR13068851.47	cancer_type	Other	-0.0169994350303555	0.0263286889924758	624	7	0.55091360330516	0.779372340902734
metabat_SRR5930534.16	response	R	0.0822176765563352	0.0587315374681054	624	35	0.162046519077505	0.779372340902734
metabat_SRR5930534.16	cancer_type	Other	-0.138556199520874	0.126884377807893	624	35	0.303159164383566	0.779372340902734
semibin_SRR11413655.121	cancer_type	Other	0.145868430020962	0.164658844508051	624	22	0.398311889208027	0.779372340902734
semibin_ERR12405947.46	cancer_type	Other	0.0671151176410968	0.0386525332358433	624	10	0.141311439041383	0.779372340902734
metabat_ERR6232522.25	response	R	-0.014733133055226	0.0215148740560346	624	4	0.493733873770805	0.779372340902734
metabat_ERR6232522.25	cancer_type	Other	-0.0211441130933733	0.0247664945645009	624	4	0.409995608939771	0.779372340902734
semibin_ERR6232425.34	response	R	-0.00386539788205845	0.00324851725981454	624	1	0.234541954595779	0.779372340902734
semibin_ERR6232425.34	cancer_type	Other	-0.00230720556869539	0.00359453695829094	624	1	0.521198035205886	0.779372340902734
semibin_SRR6000899.37	response	R	0.0907673480888977	0.0747365320635035	624	54	0.225024453467715	0.779372340902734
semibin_SRR6000899.37	cancer_type	Other	-0.21287312585127	0.351025729740268	624	54	0.559073919155857	0.779372340902734
semibin_SRR5930534.11	response	R	0.136752533449201	0.0676300047443287	624	56	0.0436027469109997	0.779372340902734
semibin_ERR6232525.11	response	R	-0.0038653978821994	0.00324851725981453	624	1	0.234541954578735	0.779372340902734
semibin_ERR6232525.11	cancer_type	Other	-0.00230720556878236	0.00359453695829093	624	1	0.521198035190186	0.779372340902734
metabat_SRR13022409.1	cancer_type	Other	-0.110604984518352	0.162054523790394	624	32	0.513019930012423	0.779372340902734
semibin_SRR25825494.13	response	R	-0.0228378403688767	0.0328152157572321	624	11	0.486719947116077	0.779372340902734
semibin_SRR25825494.13	cancer_type	Other	-0.060484214758528	0.0854656909362044	624	11	0.497499838028478	0.779372340902734
semibin_ERR6275679.36	response	R	-0.00386539788211673	0.00324851725981454	624	1	0.234541954588732	0.779372340902734
semibin_ERR6275679.36	cancer_type	Other	-0.00230720556876374	0.00359453695829093	624	1	0.521198035193545	0.779372340902734
semibin_ERR12405918.19	response	R	-0.0676314793362386	0.0402319044118294	624	11	0.0932577903562803	0.779372340902734
metabat_SRR11413679.36	response	R	0.0311102167677748	0.0341384571584138	624	12	0.362493383530956	0.779372340902734
metabat_SRR11413679.36	cancer_type	Other	0.0697046451287551	0.0377747557240794	624	12	0.0654740917663071	0.779372340902734
semibin_ERR12405998.20	response	R	0.061702212623097	0.0770633956387187	624	27	0.423629946592394	0.779372340902734
semibin_ERR12405998.20	cancer_type	Other	0.144978590840566	0.133551658917321	624	27	0.303899379719002	0.779372340902734
semibin_ERR12405940.4	response	R	-0.0734963833139725	0.0407266928719014	624	11	0.0716259160487469	0.779372340902734
semibin_ERR12405940.4	cancer_type	Other	0.0682340687772315	0.0453580046044142	624	11	0.238967896491933	0.779372340902734
maxbin_ERR6271719.005_sub	response	R	0.0578138468532333	0.0463479576712367	624	18	0.212725776512922	0.779372340902734
maxbin_ERR6271719.005_sub	cancer_type	Other	-0.0479684705631602	0.051284765776522	624	18	0.349978907160464	0.779372340902734
semibin_ERR6279654.47	response	R	-0.00386539788199303	0.00324851725981453	624	1	0.234541954603691	0.779372340902734
semibin_ERR6279654.47	cancer_type	Other	-0.00230720556871476	0.00359453695829093	624	1	0.521198035202387	0.779372340902734
metabat_ERR6281448.20	response	R	0.00271740377424882	0.00325038974549855	624	1	0.403462970518531	0.779372340902734
metabat_ERR6281448.20	cancer_type	Other	-0.00213741563399569	0.00359660889402553	624	1	0.552537030768868	0.779372340902734
semibin_SRR8387683.51	cancer_type	Other	0.0806164120241597	0.120689208727042	624	11	0.527908975178736	0.779372340902734
maxbin_SRR11413618.048	response	R	-0.0177063414594811	0.0207016989764678	624	7	0.392710185575222	0.779372340902734
maxbin_SRR11413618.048	cancer_type	Other	0.0479365621562059	0.0229067651851034	624	7	0.0367828885493223	0.779372340902734
metabat_ERR6232686.11	response	R	-0.0654165027135581	0.0805462034066134	624	20	0.41701069043445	0.779372340902734
metabat_ERR6232686.11	cancer_type	Other	-0.108546596612077	0.112282326546442	624	20	0.354566639108889	0.779372340902734
metabat_SRR13068850.8	response	R	0.0622370812112318	0.0339549167708057	624	13	0.0672913747101929	0.779372340902734
metabat_SRR16168985.46	response	R	-0.0281857548725388	0.0316170091003453	624	10	0.373019981049084	0.779372340902734
semibin_SRR16554775.18	response	R	0.0619602595813212	0.0307408818346292	624	11	0.0442800089711207	0.779372340902734
semibin_SRR16554775.18	cancer_type	Other	-0.0571079516586703	0.0356216078404505	624	11	0.187405508664408	0.779372340902734
semibin_SRR16554636.21_sub	response	R	-0.00387343531380535	0.00324868163476986	624	1	0.233597028131286	0.779372340902734
semibin_SRR16554636.21_sub	cancer_type	Other	-0.00229814803898171	0.00361594294591732	624	1	0.538199437193659	0.779372340902734
metabat_ERR6281751.26_sub	response	R	-0.0316392034931754	0.0395966906868847	624	18	0.424574791233549	0.779372340902734
metabat_ERR6281751.26_sub	cancer_type	Other	-0.0775110956995762	0.0757262069985604	624	18	0.324684705148026	0.779372340902734
semibin_SRR11413646.21	response	R	-0.0397772011040365	0.0290336771187297	624	7	0.17117268552031	0.779372340902734
semibin_SRR5930498.62_sub	response	R	0.13746617045761	0.0713566743377988	624	56	0.054507815645983	0.779372340902734
metabat_SRR5930501.50	response	R	0.0227248627930204	0.0337661267404893	624	15	0.501193386468841	0.779372340902734
metabat_SRR5930501.50	cancer_type	Other	0.0640554578729179	0.0734984396406825	624	15	0.415407873288636	0.779372340902734
maxbin_ERR12405928.007_sub	response	R	-0.0160713635011294	0.0169359166145824	624	2	0.343014418751349	0.779372340902734
maxbin_ERR12405928.007_sub	cancer_type	Other	0.0354335651403132	0.018739866014172	624	2	0.0591146707898511	0.779372340902734
maxbin_ERR12406010.010	response	R	-0.0178411199302708	0.0240202505723675	624	3	0.457911932125701	0.779372340902734
maxbin_ERR12406010.010	cancer_type	Other	0.0340955557162638	0.0265787962704909	624	3	0.200037094419097	0.779372340902734
maxbin_SRR11413655.007	cancer_type	Other	0.159267432041609	0.113853644601863	624	15	0.194978522300476	0.779372340902734
maxbin_SRR16554774.005	response	R	0.0198898167496009	0.0208131478343363	624	3	0.339627453866319	0.779372340902734
semibin_SRR5930523.43	response	R	0.14076048157897	0.0725633070421839	624	54	0.0528583451659869	0.779372340902734
metabat_ERR12405940.14	cancer_type	Other	0.137268559148586	0.0754132693022422	624	14	0.0979264027753614	0.779372340902734
metabat_SRR11413614.28	cancer_type	Other	0.188191056047025	0.119084510210143	624	29	0.150567084374585	0.779372340902734
semibin_SRR13068834.14_sub	response	R	0.122920462777429	0.0711312918595827	624	55	0.0844771353013499	0.779372340902734
semibin_SRR25825509.16	response	R	-0.108674971719654	0.0502089142693307	624	32	0.0308124939217486	0.779372340902734
semibin_SRR25825509.16	cancer_type	Other	-0.123246232616511	0.157848412195728	624	32	0.455077275343217	0.779372340902734
metabat_ERR6275665.22_sub	response	R	0.0793988784241551	0.0386527337032832	624	12	0.0403792032204105	0.779372340902734
metabat_ERR6239138.15	response	R	0.0428846892257174	0.0303245666054726	624	7	0.157807472709214	0.779372340902734
metabat_ERR6239138.15	cancer_type	Other	-0.0331313746671186	0.0469794380118544	624	7	0.492229081846581	0.779372340902734
semibin_ERR6279619.36	response	R	0.0501283152469797	0.0633368398621694	624	27	0.428980368191282	0.779372340902734
semibin_ERR6279619.36	cancer_type	Other	-0.106044832144612	0.126789562998231	624	27	0.41948368331713	0.779372340902734
metabat_SRR11413685.37	response	R	-0.0337669684706868	0.0515779229602996	624	16	0.512917351809199	0.779372340902734
metabat_SRR11413685.37	cancer_type	Other	-0.0586921155494896	0.0718722607810551	624	16	0.434509507146224	0.779372340902734
metabat_ERR6275673.39	cancer_type	Other	-0.0607910828924143	0.0800805756893409	624	8	0.460293244651658	0.779372340902734
semibin_ERR6275666.11	cancer_type	Other	-0.0174641023538586	0.0232227754272544	624	6	0.467501660235325	0.779372340902734
maxbin_ERR2162222.008	cancer_type	Other	-0.0542171428203002	0.0417581331533666	624	15	0.194645180102721	0.779372340902734
metabat_SRR16554705.23	response	R	0.00271740377431871	0.00325038974549854	624	1	0.403462970506447	0.779372340902734
metabat_SRR16554705.23	cancer_type	Other	-0.00213741563401586	0.00359660889402552	624	1	0.552537030765121	0.779372340902734
maxbin_SRR13068846.008	response	R	-0.076462941782429	0.0477727228702712	624	24	0.109983772820694	0.779372340902734
maxbin_SRR13068846.008	cancer_type	Other	-0.0714600748435101	0.0791430108799078	624	24	0.387286427973444	0.779372340902734
semibin_SRR16168974.22	response	R	-0.0695417978562077	0.0562879751621892	624	25	0.217125070915891	0.779372340902734
semibin_SRR16168974.22	cancer_type	Other	-0.0797845628082691	0.108924190412015	624	25	0.483064825739629	0.779372340902734
semibin_ERR6282070.31	cancer_type	Other	-0.0590450357917019	0.0614205942993738	624	18	0.352791250401734	0.779372340902734
semibin_SRR16554762.18	response	R	0.0191521451189166	0.0201548352716902	624	4	0.342355536673042	0.779372340902734
semibin_SRR16554762.18	cancer_type	Other	0.0244603310548996	0.027213021747972	624	4	0.402134413782204	0.779372340902734
semibin_ERR6239138.20	response	R	0.0145573667947569	0.0168367485681461	624	3	0.387582720324089	0.779372340902734
semibin_ERR6239138.20	cancer_type	Other	-0.0144520716103229	0.0207860918539216	624	3	0.499418332590386	0.779372340902734
maxbin_SRR11413655.004	response	R	-0.0226067582107246	0.034735731982335	624	7	0.515403722896291	0.779372340902734
maxbin_SRR11413655.004	cancer_type	Other	0.117988831575794	0.0947324730179561	624	7	0.24437335176788	0.779372340902734
maxbin_SRR20881981.003	response	R	0.0442486465120145	0.0611588320344689	624	25	0.469644320732668	0.779372340902734
maxbin_SRR20881981.003	cancer_type	Other	0.14235955384017	0.0746513978660813	624	25	0.108968706319323	0.779372340902734
metabat_SRR20881977.25_sub	response	R	0.0802180303824129	0.0692469196456135	624	55	0.247137549986306	0.779372340902734
metabat_SRR20881980.15_sub	response	R	0.0495168544127715	0.044402547267926	624	23	0.265209628421673	0.779372340902734
metabat_ERR6275675.41	response	R	-0.0356718194977355	0.0542684239273645	624	18	0.511217551649094	0.779372340902734
metabat_ERR6275675.41	cancer_type	Other	-0.076464326219529	0.0600488899622619	624	18	0.203363973560286	0.779372340902734
metabat_SRR5930526.60_sub	response	R	0.121209902349301	0.0671927619713743	624	54	0.0717353266814032	0.779372340902734
semibin_ERR12405952.12	response	R	0.0216363835046303	0.036205033643719	624	10	0.550320005973706	0.779372340902734
semibin_ERR12405952.12	cancer_type	Other	0.0347189194255918	0.0400614560736379	624	10	0.386473200597103	0.779372340902734
metabat_ERR12405967.50	response	R	0.0206871923401725	0.0322353367876969	624	11	0.521269000060156	0.779372340902734
metabat_ERR12405967.50	cancer_type	Other	0.0489669145528262	0.0356689222125134	624	11	0.170304678078142	0.779372340902734
metabat_SRR25825516.7	cancer_type	Other	-0.0489632909997297	0.0468266397924485	624	10	0.314379244002002	0.779372340902734
maxbin_SRR16554762.009	response	R	0.0182378153152773	0.0284011272939742	624	6	0.52101226636716	0.779372340902734
maxbin_SRR16554762.009	cancer_type	Other	-0.0419015539644012	0.0420943320130444	624	6	0.352494502502885	0.779372340902734
semibin_ERR6232521.17	response	R	0.0320587492816762	0.0204509116853704	624	4	0.117486406932317	0.779372340902734
semibin_SRR11413684.68	cancer_type	Other	0.0281632957908941	0.0201769361332453	624	2	0.216604494691033	0.779372340902734
maxbin_SRR16554718.002	response	R	-0.0154336748163228	0.0155948388402779	624	2	0.322723062366106	0.779372340902734
maxbin_SRR16554718.002	cancer_type	Other	-0.012971557649937	0.0172559417379148	624	2	0.452507004826623	0.779372340902734
metabat_SRR20881974.5	response	R	-0.034400377224901	0.0394489756991264	624	13	0.383534795890788	0.779372340902734
metabat_SRR20881974.5	cancer_type	Other	0.081147999613457	0.0962116283984566	624	13	0.426501236105497	0.779372340902734
metabat_SRR11413689.19	response	R	0.0527031709041297	0.0429106088905734	624	13	0.21983403169494	0.779372340902734
metabat_SRR11413689.19	cancer_type	Other	0.138955836086601	0.0726520711774524	624	13	0.109659676366264	0.779372340902734
metabat_ERR6279664.50	response	R	-0.0402090148616637	0.0570632468908818	624	17	0.481299125906206	0.779372340902734
metabat_ERR6279664.50	cancer_type	Other	-0.0740148566849865	0.0781410743179561	624	17	0.362089267690249	0.779372340902734
metabat_SRR16554652.36_sub	cancer_type	Other	-0.0747693451034975	0.0601296971330216	624	15	0.239576265187381	0.779372340902734
metabat_SRR16554749.32	response	R	-0.0433024510724956	0.0510492085863898	624	12	0.396626025325126	0.779372340902734
metabat_SRR16554749.32	cancer_type	Other	-0.0694289209589042	0.056486776051717	624	12	0.219493041140804	0.779372340902734
semibin_SRR8387707.12	response	R	-0.114562676811187	0.0485408413924642	624	10	0.0185773909383611	0.779372340902734
semibin_SRR8387707.12	cancer_type	Other	0.169575680119596	0.0680269048575787	624	10	0.044027968288072	0.779372340902734
metabat_ERR6279683.18	cancer_type	Other	-0.234535650394486	0.214574305307723	624	31	0.294889647135774	0.779372340902734
metabat_SRR20881976.34_sub	response	R	0.0771716338374679	0.0697888590612755	624	41	0.269250011146502	0.779372340902734
semibin_ERR6279677.59_sub	cancer_type	Other	-0.0755808125715543	0.110330061299942	624	26	0.507879555377176	0.779372340902734
semibin_SRR5930513.29	response	R	0.00272085532134555	0.00325333993211308	624	1	0.403292843509875	0.779372340902734
semibin_SRR5930513.29	cancer_type	Other	-0.00324967593705599	0.00523786732826611	624	1	0.557217301713798	0.779372340902734
maxbin_SRR5930517.014_sub	response	R	-0.0170514188636656	0.0139719408251687	624	6	0.222774989569457	0.779372340902734
maxbin_SRR5930517.014_sub	cancer_type	Other	-0.0203652593931187	0.0211174649884838	624	6	0.354185721876815	0.779372340902734
metabat_SRR5930515.8	response	R	-0.166314528006678	0.089447210795406	624	52	0.0634510736000946	0.779372340902734
maxbin_SRR5930517.016_sub	response	R	-0.0704924454704843	0.0741126579914773	624	16	0.341897558900303	0.779372340902734
maxbin_SRR5930517.016_sub	cancer_type	Other	-0.120391710032557	0.0998704199749092	624	16	0.255485777319307	0.779372340902734
semibin_SRR8387691.37	cancer_type	Other	0.118737240114379	0.11920275003938	624	4	0.356270536154749	0.779372340902734
semibin_SRR6000946.20_sub	response	R	0.0240804015911622	0.0344835996036642	624	16	0.485241939300777	0.779372340902734
semibin_SRR6000946.20_sub	cancer_type	Other	-0.0402552208229442	0.0533297950476114	624	16	0.465165269352305	0.779372340902734
semibin_ERR12405952.2	response	R	0.0739891252984226	0.0517010695152935	624	22	0.152906109531374	0.779372340902734
semibin_SRR16554625.29	response	R	0.00271740377431232	0.00325038974549856	624	1	0.403462970507551	0.779372340902734
semibin_SRR16554625.29	cancer_type	Other	-0.00213741563403526	0.00359660889402554	624	1	0.552537030761515	0.779372340902734
semibin_ERR6232529.40	response	R	0.0192205550780031	0.0199706829553401	624	2	0.33620537712295	0.779372340902734
semibin_ERR6232529.40	cancer_type	Other	-0.0150160806805216	0.022200437809479	624	2	0.511716063770429	0.779372340902734
metabat_SRR25825506.38	response	R	0.0154214501052078	0.023649830929979	624	4	0.514595140471106	0.779372340902734
metabat_SRR25825506.38	cancer_type	Other	-0.0418093032843202	0.0542233916718489	624	4	0.464445644446695	0.779372340902734
semibin_ERR6231475.0	cancer_type	Other	-0.164733627435933	0.170500775297436	624	48	0.352619450022957	0.779372340902734
semibin_SRR5930510.20_sub	response	R	0.108465128193298	0.0634962297368924	624	48	0.0881024800193949	0.779372340902734
semibin_ERR12405997.60	response	R	0.0273006679283544	0.0304139265702974	624	6	0.369728758064076	0.779372340902734
semibin_ERR12405997.60	cancer_type	Other	0.0519236836201164	0.0349367028501741	624	6	0.177759191571433	0.779372340902734
semibin_ERR6232688.10	cancer_type	Other	-0.125386591690376	0.1219247656632	624	29	0.323277695967797	0.779372340902734
metabat_SRR16554724.5	response	R	-0.0810404502407225	0.0433512676770926	624	10	0.0620393295214385	0.779372340902734
maxbin_ERR6275670.004	response	R	0.0595316968891614	0.0357450262398148	624	13	0.0963280754957245	0.779372340902734
maxbin_ERR6275670.004	cancer_type	Other	-0.0418370575434853	0.0427935884317722	624	13	0.349562749181124	0.779372340902734
maxbin_ERR6279629.009	response	R	-0.00386539788211527	0.00324851725981453	624	1	0.234541954588912	0.779372340902734
maxbin_ERR6279629.009	cancer_type	Other	-0.00230720556876554	0.00359453695829092	624	1	0.521198035193222	0.779372340902734
metabat_SRR16554636.19	response	R	-0.0718276075673763	0.0368964526889792	624	8	0.0520170637086922	0.779372340902734
metabat_SRR16554636.19	cancer_type	Other	0.0359254250017449	0.0408265224448709	624	8	0.379225108986351	0.779372340902734
maxbin_SRR11413686.007	cancer_type	Other	0.331064178531984	0.155329367464807	624	17	0.0606709723549304	0.779372340902734
maxbin_SRR16554667.012	response	R	-0.0191356745161839	0.0256885576201942	624	6	0.456608397836539	0.779372340902734
semibin_ERR12405937.0_sub	response	R	-0.0837790980018931	0.0386877493491168	624	11	0.0307278702766659	0.779372340902734
semibin_ERR6232523.16	cancer_type	Other	-0.0962403982012875	0.0983986310323367	624	22	0.344869268508801	0.779372340902734
maxbin_SRR20881977.008	response	R	0.0310249948210036	0.0327043751745102	624	5	0.343169453272915	0.779372340902734
maxbin_SRR20881977.008	cancer_type	Other	0.0732495178534599	0.0730537493323631	624	5	0.36917617909187	0.779372340902734
metabat_ERR6275684.9	cancer_type	Other	-0.0882359611297356	0.100280791165717	624	21	0.394138748866225	0.779372340902734
maxbin_SRR16554749.005	response	R	0.044925655854014	0.029609297994634	624	8	0.129704854499344	0.779372340902734
semibin_ERR6232425.16	response	R	-0.0229963167906968	0.0288806613091244	624	6	0.42618942377086	0.779372340902734
semibin_ERR6232425.16	cancer_type	Other	-0.0333872792950171	0.0412759000938484	624	6	0.43259141005348	0.779372340902734
semibin_SRR16554638.21	response	R	0.00271740377428993	0.00325038974549854	624	1	0.403462970511421	0.779372340902734
semibin_SRR16554638.21	cancer_type	Other	-0.00213741563396166	0.00359660889402552	624	1	0.552537030775192	0.779372340902734
metabat_ERR12405967.21	response	R	0.0336248755254124	0.0526580669977611	624	25	0.523350327866145	0.779372340902734
metabat_ERR6243879.8	response	R	0.00877844861321529	0.00780863370302765	624	2	0.261364704026916	0.779372340902734
metabat_ERR6243879.8	cancer_type	Other	-0.00629590482382763	0.00922850617357204	624	2	0.507653620245769	0.779372340902734
semibin_SRR16554647.24	cancer_type	Other	-0.194010141296593	0.081886396753249	624	30	0.0181286030047399	0.779372340902734
metabat_SRR20881980.9_sub	response	R	0.0668647540369757	0.0310865261732349	624	12	0.0318689501038764	0.779372340902734
semibin_SRR25825504.54	response	R	0.0446177348652225	0.0602087567929939	624	27	0.458943053761907	0.779372340902734
semibin_SRR25825504.54	cancer_type	Other	-0.105354602524127	0.12035309553485	624	27	0.399403147512734	0.779372340902734
semibin_SRR23364172.8_sub	response	R	-0.0146483384136357	0.0204684907642399	624	6	0.474474582920703	0.779372340902734
semibin_SRR23364172.8_sub	cancer_type	Other	0.0385499281737205	0.0226487165214254	624	6	0.0892408500462511	0.779372340902734
maxbin_ERR12405998.016_sub	cancer_type	Other	0.0323782098983837	0.0237246586246014	624	3	0.172826155654759	0.779372340902734
metabat_ERR12405961.20_sub	response	R	-0.0286074828182443	0.0300513937392297	624	5	0.341491712194964	0.779372340902734
metabat_ERR12405961.20_sub	cancer_type	Other	0.0620448331804172	0.0332523538600441	624	5	0.0625296777161993	0.779372340902734
semibin_SRR5930510.47_sub	response	R	-0.0398514082432366	0.0444218145678249	624	33	0.370009592870917	0.779372340902734
metabat_ERR6232524.1_sub	response	R	0.00271740377423623	0.00325038974549855	624	1	0.403462970520713	0.779372340902734
metabat_ERR6232524.1_sub	cancer_type	Other	-0.00213741563402532	0.00359660889402553	624	1	0.552537030763364	0.779372340902734
metabat_SRR25825516.25_sub	response	R	-0.0479447961184854	0.0341894251544192	624	6	0.161317909984404	0.779372340902734
metabat_SRR25825516.25_sub	cancer_type	Other	-0.052377736831247	0.0453253174008517	624	6	0.276487802070854	0.779372340902734
metabat_ERR6279658.9	response	R	0.00271740377407705	0.00325038974549855	624	1	0.403462970548242	0.779372340902734
metabat_ERR6279658.9	cancer_type	Other	-0.00213741563412558	0.00359660889402553	624	1	0.552537030744736	0.779372340902734
semibin_SRR5930517.80	cancer_type	Other	-0.0310631088393771	0.025471208390768	624	6	0.260051576131348	0.779372340902734
metabat_ERR6279647.52	cancer_type	Other	-0.0533882748298284	0.0760504548664534	624	16	0.494318555081471	0.779372340902734
semibin_SRR5930518.165_sub	response	R	-0.0669244509615297	0.0385315492749794	624	13	0.0829052503112524	0.779372340902734
semibin_SRR11413652.29	response	R	-0.0560602999174351	0.0474978137039538	624	15	0.238346841574083	0.779372340902734
maxbin_SRR8387676.033_sub	response	R	-0.0474488975785008	0.0543713747375171	624	29	0.383174399226902	0.779372340902734
metabat_SRR16554749.2	response	R	0.0504632294783534	0.0307443452001388	624	5	0.101227443618292	0.779372340902734
metabat_SRR16554749.2	cancer_type	Other	-0.0252872318216842	0.0353824492237172	624	5	0.49993139498555	0.779372340902734
semibin_SRR11413612.43_sub	cancer_type	Other	0.19769074638148	0.106861016635601	624	24	0.127583298947565	0.779372340902734
metabat_SRR20881976.14	response	R	0.0371451755709841	0.02737137462811	624	9	0.175248666540876	0.779372340902734
metabat_SRR20881976.14	cancer_type	Other	-0.0272443322555363	0.041243636673288	624	9	0.520547545376262	0.779372340902734
semibin_SRR16554644.20	response	R	0.00271740377417633	0.00325038974549855	624	1	0.403462970531071	0.779372340902734
semibin_SRR16554644.20	cancer_type	Other	-0.00213741563409921	0.00359660889402553	624	1	0.552537030749636	0.779372340902734
metabat_SRR25825502.64	cancer_type	Other	-0.103407997683294	0.110676544979365	624	24	0.371280889334995	0.779372340902734
metabat_SRR5930515.56	response	R	-0.0834732286664501	0.0788874036966744	624	36	0.290407051848867	0.779372340902734
metabat_SRR5930515.56	cancer_type	Other	0.117482281116908	0.141367070924952	624	36	0.43339515546258	0.779372340902734
semibin_SRR5930517.13	cancer_type	Other	-0.0967648061616126	0.07098713965573	624	14	0.206170713689657	0.779372340902734
metabat_ERR6279655.36	cancer_type	Other	-0.241263499825662	0.21063024167577	624	56	0.273990894047883	0.779372340902734
metabat_SRR16554665.11	cancer_type	Other	-0.0979193365129207	0.0694187562781285	624	15	0.187354924827839	0.779372340902734
maxbin_SRR25825495.001	cancer_type	Other	0.0789457074353637	0.0609139812984132	624	25	0.195450229207802	0.779372340902734
semibin_SRR11413652.75	response	R	0.033508772602407	0.0244931415900378	624	4	0.171779380946468	0.779372340902734
semibin_SRR11413652.75	cancer_type	Other	0.0283694261725871	0.0438539382622473	624	4	0.536599727178993	0.779372340902734
metabat_SRR13022331.11	response	R	-0.100912665079967	0.0849938047563935	624	47	0.235567748864008	0.779372340902734
semibin_ERR6235716.2	response	R	-0.0385293019167401	0.0326589273775327	624	8	0.238553402777068	0.779372340902734
semibin_ERR6279648.5	response	R	0.00271740377423476	0.00325038974549855	624	1	0.403462970520965	0.779372340902734
semibin_ERR6279648.5	cancer_type	Other	-0.00213741563402444	0.00359660889402553	624	1	0.552537030763528	0.779372340902734
semibin_SRR5930498.69	response	R	-0.100318000059646	0.0482933106645885	624	19	0.0381875635838666	0.779372340902734
maxbin_ERR6279620.003	response	R	0.0280470798065016	0.0402836761889802	624	10	0.48653991996216	0.779372340902734
metabat_SRR16554627.25	cancer_type	Other	-0.0804993666955039	0.107822219598433	624	22	0.493237696558882	0.779372340902734
metabat_SRR25825500.3	response	R	-0.00364767562992266	0.00324756291917733	624	1	0.261785255220066	0.779372340902734
metabat_SRR25825500.3	cancer_type	Other	-0.00402464976355506	0.00634505212009227	624	1	0.548465649043363	0.779372340902734
semibin_SRR23364178.13	cancer_type	Other	-0.0900081420783643	0.0582156262176536	624	13	0.160425772855072	0.779372340902734
metabat_SRR5930530.66	response	R	0.0904124924171999	0.0687236673646018	624	41	0.188797987943602	0.779372340902734
semibin_SRR5930504.41	response	R	0.0663986392213366	0.0679489646636485	624	47	0.328863035448907	0.779372340902734
maxbin_SRR13068838.005	response	R	0.0365931790430146	0.0567950618777789	624	24	0.519617497041893	0.779372340902734
maxbin_SRR13068838.005	cancer_type	Other	-0.0877487207804743	0.106890184827269	624	24	0.428307017808904	0.779372340902734
metabat_SRR16554780.7_sub	cancer_type	Other	-0.0582129067828185	0.0430333200831914	624	15	0.206077139363902	0.779372340902734
metabat_SRR20881979.28	cancer_type	Other	0.106335213768776	0.0996246444673185	624	28	0.354790328502468	0.779372340902734
semibin_ERR6279672.11_sub	cancer_type	Other	-0.0996666675493624	0.0894980799053686	624	20	0.2847909821978	0.779372340902734
metabat_SRR5930528.57_sub	response	R	-0.0269939328113966	0.0453087822604792	624	17	0.551541455206935	0.779372340902734
metabat_SRR5930528.57_sub	cancer_type	Other	-0.10840250426864	0.0924429503395207	624	17	0.271113601536494	0.779372340902734
semibin_ERR6275675.86	response	R	0.00271740377433679	0.00325038974549855	624	1	0.403462970503318	0.779372340902734
semibin_ERR6275675.86	cancer_type	Other	-0.0021374156340099	0.00359660889402553	624	1	0.552537030766228	0.779372340902734
metabat_ERR6279654.19	response	R	-0.0463392799319986	0.0478131203742456	624	23	0.332835772354552	0.779372340902734
metabat_ERR6279654.19	cancer_type	Other	0.251760264880094	0.0995061311655316	624	23	0.0389149886010945	0.779372340902734
maxbin_SRR13068823.001	response	R	0.0434835293917677	0.038483182403416	624	6	0.258939477797104	0.779372340902734
semibin_ERR12405998.55	response	R	0.0317549835666863	0.0353226600234623	624	9	0.369003378995335	0.779372340902734
semibin_ERR12405998.55	cancer_type	Other	0.0571505031392819	0.0704351956351427	624	9	0.488043862042613	0.779372340902734
semibin_ERR6233695.19	cancer_type	Other	-0.0298096328753077	0.0429104875970409	624	9	0.507985043278671	0.779372340902734
semibin_ERR6280948.9	response	R	0.00271740377407098	0.00325038974549855	624	1	0.403462970549286	0.779372340902734
semibin_ERR6280948.9	cancer_type	Other	-0.0021374156341294	0.00359660889402553	624	1	0.552537030744021	0.779372340902734
semibin_SRR16168986.51	response	R	0.0620417994941124	0.0316050875632298	624	12	0.0500891407742146	0.779372340902734
semibin_SRR16168986.51	cancer_type	Other	0.0776409786075255	0.0643945904841335	624	12	0.281251629489188	0.779372340902734
semibin_ERR6279656.46	response	R	0.0221898547581491	0.0317503161707292	624	11	0.484884869928836	0.779372340902734
semibin_ERR6279656.46	cancer_type	Other	-0.0329645434398576	0.0535963497011877	624	11	0.548437874988503	0.779372340902734
semibin_ERR6279654.8	response	R	-0.0783442663215609	0.050546797971544	624	12	0.121666543999084	0.779372340902734
semibin_ERR6279654.8	cancer_type	Other	-0.0644670046206078	0.0924344704079966	624	12	0.496976829519841	0.779372340902734
semibin_SRR5930507.158	response	R	-0.0565307118685855	0.0518721819589623	624	18	0.276222446720793	0.779372340902734
maxbin_SRR11413615.008	response	R	-0.0555715242383653	0.0292559830096798	624	11	0.0579641297950352	0.779372340902734
maxbin_SRR11413615.008	cancer_type	Other	0.10884338470322	0.069069020321136	624	11	0.149548727630162	0.779372340902734
semibin_SRR11413608.52	response	R	0.0468345312153782	0.043865685969817	624	12	0.286079594874352	0.779372340902734
semibin_SRR11413608.52	cancer_type	Other	0.115134123680407	0.0485380919380718	624	12	0.0179941804297913	0.779372340902734
semibin_ERR6239138.5	cancer_type	Other	-0.100956413570631	0.104324875626116	624	24	0.34993717060838	0.779372340902734
metabat_ERR12405922.1	cancer_type	Other	-0.0233302070536466	0.0382944058766962	624	13	0.542592975118811	0.779372340902734
maxbin_ERR6275668.004	response	R	-0.0287891181759108	0.0258089680466013	624	4	0.265081806548677	0.779372340902734
maxbin_ERR6275668.004	cancer_type	Other	-0.0263454019630415	0.031191082573017	624	4	0.414403237844316	0.779372340902734
metabat_SRR16554650.26	cancer_type	Other	-0.0508926329862781	0.0545441723040712	624	15	0.35115495380972	0.779372340902734
semibin_ERR6275659.47	response	R	-0.0210683016151166	0.026854932692802	624	3	0.433032684247688	0.779372340902734
semibin_ERR6275659.47	cancer_type	Other	-0.0273394839091721	0.0297154179449253	624	3	0.357907153506526	0.779372340902734
metabat_SRR5930532.1_sub	cancer_type	Other	-0.0783671081999543	0.0945283702568739	624	25	0.425944758189734	0.779372340902734
maxbin_ERR6231475.003	response	R	-0.0038653978820616	0.00324851725981453	624	1	0.2345419545954	0.779372340902734
maxbin_ERR6231475.003	cancer_type	Other	-0.00230720556870279	0.00359453695829093	624	1	0.52119803520455	0.779372340902734
maxbin_ERR6279682.017	response	R	-0.0487106686411685	0.0338561767734198	624	14	0.150725055241206	0.779372340902734
metabat_SRR13068840.4	response	R	0.0587779348254029	0.0605592893760609	624	25	0.332133084068123	0.779372340902734
metabat_SRR13068840.4	cancer_type	Other	-0.0849616861219488	0.120927201543951	624	25	0.495347841366098	0.779372340902734
semibin_SRR8387712.33	cancer_type	Other	0.0495259385447298	0.0382244439547103	624	5	0.301731867516006	0.779372340902734
maxbin_ERR6279679.046	response	R	0.0451563077434809	0.0390318434100051	624	36	0.247759387106114	0.779372340902734
maxbin_ERR6279678.007	response	R	0.0396797382258169	0.0464642210881873	624	15	0.39344271242632	0.779372340902734
maxbin_ERR6279678.007	cancer_type	Other	-0.0306026695932297	0.0514134131302802	624	15	0.55190834760181	0.779372340902734
maxbin_ERR12405913.017	cancer_type	Other	-0.0520924870917526	0.0821432674833534	624	12	0.542858770636828	0.779372340902734
semibin_SRR25825505.11	response	R	-0.0412743517153906	0.0394456355935528	624	7	0.295801759610437	0.779372340902734
semibin_SRR25825505.11	cancer_type	Other	-0.0685669261200751	0.0680776051879396	624	7	0.358959486296776	0.779372340902734
metabat_ERR6279674.8_sub	response	R	0.078926426930342	0.0557735174662286	624	38	0.157537280621265	0.779372340902734
metabat_ERR6279674.8_sub	cancer_type	Other	-0.200729480304104	0.189648468923482	624	38	0.315612950901181	0.779372340902734
metabat_ERR6275681.15_sub	response	R	0.00271740377407595	0.00325038974549856	624	1	0.403462970548429	0.779372340902734
metabat_ERR6275681.15_sub	cancer_type	Other	-0.00213741563410638	0.00359660889402554	624	1	0.552537030748302	0.779372340902734
semibin_SRR11413613.43	response	R	0.16673872771321	0.0653012672997099	624	44	0.0109089862748307	0.779372340902734
semibin_ERR6275680.98	cancer_type	Other	-0.00985982391753854	0.0137467644200841	624	3	0.486167847950922	0.779372340902734
semibin_SRR16168900.48	response	R	-0.0871483129608582	0.0479035404477023	624	15	0.0693597954372471	0.779372340902734
semibin_SRR6000903.16	response	R	0.0342464906170489	0.0363273140243021	624	14	0.346191146729414	0.779372340902734
metabat_SRR13068828.35	response	R	0.158453009874712	0.0653246025052023	624	46	0.0155693905843619	0.779372340902734
metabat_SRR25825493.23	response	R	-0.0402988427568547	0.0328838386181225	624	10	0.220854911118675	0.779372340902734
metabat_SRR25825493.23	cancer_type	Other	0.0659224833707902	0.0363864999904801	624	10	0.07051098507675	0.779372340902734
maxbin_ERR12406003.005	response	R	0.0560318948329148	0.0334026991088969	624	8	0.0939548728350891	0.779372340902734
maxbin_ERR12406003.005	cancer_type	Other	0.0443142493466588	0.0517049216275034	624	8	0.427585009180985	0.779372340902734
semibin_SRR11413611.89	response	R	0.0467019596025346	0.0321827718615661	624	12	0.14724366293071	0.779372340902734
semibin_SRR11413611.89	cancer_type	Other	0.0958903232258574	0.0563617990356329	624	12	0.153797759393066	0.779372340902734
metabat_SRR13068834.12	response	R	0.00999799444473908	0.0154899439329487	624	7	0.518873710602068	0.779372340902734
maxbin_ERR6279654.009_sub	response	R	-0.0926740824070719	0.0539479689589316	624	16	0.0863242037909201	0.779372340902734
maxbin_ERR6279654.009_sub	cancer_type	Other	-0.061765219424512	0.0806601622659125	624	16	0.459494297986792	0.779372340902734
semibin_SRR20881978.16	response	R	-0.064519263340391	0.0615196982923054	624	29	0.294702262952987	0.779372340902734
semibin_SRR20881978.16	cancer_type	Other	0.390241684328003	0.262994111039451	624	29	0.175055398891007	0.779372340902734
semibin_ERR6275670.117	response	R	0.0589173012977824	0.0401142752395405	624	8	0.142410621281309	0.779372340902734
semibin_ERR6275670.117	cancer_type	Other	-0.0717311191596759	0.0443870952102669	624	8	0.106594524082302	0.779372340902734
maxbin_ERR12405948.006	response	R	0.0372656223531783	0.0283923857922993	624	6	0.189829047877919	0.779372340902734
maxbin_ERR12405948.006	cancer_type	Other	0.0209313185949214	0.0314166346988414	624	6	0.505499033107621	0.779372340902734
semibin_ERR12405968.34	response	R	0.0286252233887755	0.0246104905883336	624	11	0.245224249183862	0.779372340902734
semibin_SRR11413683.123	cancer_type	Other	0.118608705920019	0.0973958041340267	624	16	0.258184125449132	0.779372340902734
semibin_SRR5930493.130	cancer_type	Other	-0.0990554010509634	0.134757994763703	624	7	0.479710985140818	0.779372340902734
maxbin_SRR13068842.001	response	R	-0.0615794024469318	0.0494630712490783	624	10	0.213617107309183	0.779372340902734
maxbin_SRR13068842.001	cancer_type	Other	0.0744568508951745	0.0547316894002098	624	10	0.174197762700973	0.779372340902734
maxbin_SRR16554660.011	response	R	0.0237253976711811	0.0200016172276341	624	3	0.236007230782535	0.779372340902734
maxbin_SRR16554660.011	cancer_type	Other	-0.0186615755770717	0.0221321133920723	624	3	0.399446869921956	0.779372340902734
maxbin_SRR5930531.010	response	R	-0.0135326438125034	0.019972461666478	624	6	0.498299803755261	0.779372340902734
maxbin_SRR5930531.010	cancer_type	Other	0.0144978556302498	0.0220998522914736	624	6	0.512056840358633	0.779372340902734
semibin_ERR12405966.12	cancer_type	Other	0.103913792781152	0.0481866469143056	624	11	0.0314289947352978	0.779372340902734
semibin_SRR11413648.37	response	R	0.0146168554806811	0.0167536953586097	624	3	0.383297891673246	0.779372340902734
semibin_SRR11413648.37	cancer_type	Other	0.0598540489583258	0.0384019469992128	624	3	0.153258874841293	0.779372340902734
semibin_SRR13068827.108	response	R	0.0393749776884715	0.0468569362045944	624	12	0.401050531131565	0.779372340902734
maxbin_ERR6275682.008	cancer_type	Other	-0.0240274922363618	0.0337398448592787	624	5	0.488532602877421	0.779372340902734
semibin_SRR11413688.26	response	R	-0.0155404060970645	0.014989048199979	624	2	0.300240056608692	0.779372340902734
semibin_SRR11413688.26	cancer_type	Other	0.040608981765871	0.0263385295232114	624	2	0.161789197301121	0.779372340902734
metabat_SRR16554778.1_sub	cancer_type	Other	-0.0194406152823307	0.0167375885752249	624	4	0.245887140656512	0.779372340902734
metabat_ERR6281499.44	response	R	0.00271740377423625	0.00325038974549855	624	1	0.403462970520704	0.779372340902734
metabat_ERR6281499.44	cancer_type	Other	-0.0021374156340244	0.00359660889402552	624	1	0.552537030763534	0.779372340902734
maxbin_ERR6232527.031_sub	cancer_type	Other	-0.091915715505512	0.0803933939648695	624	17	0.275581809726309	0.779372340902734
metabat_SRR16554681.16	response	R	0.0287123422204561	0.047189508717885	624	24	0.543113143573846	0.779372340902734
metabat_SRR16554681.16	cancer_type	Other	0.077294323941727	0.0522159556387008	624	24	0.13930521940271	0.779372340902734
metabat_ERR6279671.45	response	R	0.00271740377423474	0.00325038974549855	624	1	0.403462970520967	0.779372340902734
metabat_ERR6279671.45	cancer_type	Other	-0.00213741563402535	0.00359660889402553	624	1	0.552537030763356	0.779372340902734
semibin_SRR23364206.22	response	R	0.0258388469335914	0.0287294841694734	624	7	0.368796783257858	0.779372340902734
semibin_SRR23364206.22	cancer_type	Other	-0.0325312802287888	0.04232917728091	624	7	0.455383801378191	0.779372340902734
semibin_ERR12405928.63	response	R	-0.0423985862469548	0.0267691681605365	624	6	0.113734920422743	0.779372340902734
semibin_SRR16554681.22	response	R	0.0153839735647941	0.0152920764189132	624	2	0.314802841606244	0.779372340902734
metabat_SRR13022432.6	cancer_type	Other	-0.175331401070876	0.0658061527718125	624	27	0.00791378836760525	0.779372340902734
metabat_ERR6239139.34_sub	response	R	0.0304012696763437	0.0499685670224827	624	22	0.543139563472806	0.779372340902734
metabat_ERR6239139.34_sub	cancer_type	Other	-0.0980497917733344	0.100047807838787	624	22	0.343965208048334	0.779372340902734
semibin_SRR11413681.27	response	R	0.0499961801215381	0.0478562836269964	624	30	0.296564227991679	0.779372340902734
semibin_ERR12406001.48	cancer_type	Other	0.0243676607308283	0.0303862193207825	624	5	0.422899449181708	0.779372340902734
maxbin_SRR6000892.009	response	R	0.0277766920782768	0.0297134497288621	624	6	0.350246975573307	0.779372340902734
metabat_ERR6254870.29	response	R	-0.00386539788205994	0.00324851725981454	624	1	0.234541954595607	0.779372340902734
metabat_ERR6254870.29	cancer_type	Other	-0.00230720556869545	0.00359453695829096	624	1	0.521198035205884	0.779372340902734
maxbin_SRR13068847.003	cancer_type	Other	-0.015353899796081	0.016520691189939	624	4	0.371983474589819	0.779372340902734
semibin_ERR12405992.57	response	R	0.00288719370879132	0.00324421195298838	624	1	0.373836158771661	0.779372340902734
semibin_ERR12405992.57	cancer_type	Other	0.00592242248595775	0.0035897730665626	624	1	0.0994886788610365	0.779372340902734
metabat_SRR25825501.63	response	R	0.0554161840820245	0.0601989514020573	624	24	0.35764263192082	0.779372340902734
metabat_SRR25825501.63	cancer_type	Other	-0.105461521887144	0.1142794224186	624	24	0.375993382020866	0.779372340902734
metabat_SRR23364202.16	response	R	0.0405169970964035	0.0387126719317639	624	10	0.295687729626688	0.779372340902734
metabat_SRR23364202.16	cancer_type	Other	0.0507885904544484	0.0613082687558525	624	10	0.451273191267444	0.779372340902734
metabat_SRR11413649.53_sub	response	R	-0.0640202031443366	0.0398025890164839	624	13	0.108249381096924	0.779372340902734
semibin_ERR6279622.112	response	R	0.0165639938664765	0.0174360735587162	624	3	0.342490557160543	0.779372340902734
semibin_ERR6279622.112	cancer_type	Other	-0.0153415917158928	0.0220469919815249	624	3	0.498886694253616	0.779372340902734
semibin_ERR6232525.9	response	R	0.0579798313684661	0.0434158214620131	624	15	0.182217104884897	0.779372340902734
semibin_ERR6232525.9	cancer_type	Other	-0.108584333814551	0.0719781922735781	624	15	0.172341610368502	0.779372340902734
semibin_SRR25825504.31	response	R	0.0030507264809025	0.0032483868564579	624	1	0.348018606476884	0.779372340902734
semibin_SRR25825504.31	cancer_type	Other	-0.00415001399263309	0.00645576552464952	624	1	0.542520353480778	0.779372340902734
metabat_SRR25825502.47	cancer_type	Other	0.0825931162504208	0.0461908471657476	624	10	0.0742498890327383	0.779372340902734
semibin_SRR16554630.22	response	R	0.0297909917101188	0.0317763569548946	624	11	0.348855699256837	0.779372340902734
metabat_ERR6275663.3_sub	cancer_type	Other	-0.0775941356513391	0.0449197642326342	624	12	0.125509073607288	0.779372340902734
semibin_SRR16554750.26	response	R	-0.0212537008935768	0.0310701131619091	624	7	0.494195303135073	0.779372340902734
semibin_SRR16554750.26	cancer_type	Other	-0.0516697127277869	0.0424516133306827	624	7	0.252860668059316	0.779372340902734
semibin_ERR12405973.32	cancer_type	Other	0.0574683382314619	0.0395010668251115	624	6	0.146214579089642	0.779372340902734
semibin_SRR13068816.17_sub	response	R	-0.0783333263023405	0.0338883263643516	624	10	0.0211326578205928	0.779372340902734
semibin_SRR13068816.17_sub	cancer_type	Other	0.101380371752086	0.0379019739777791	624	10	0.0270289217367042	0.779372340902734
metabat_ERR6275671.17_sub	response	R	-0.0889676275089597	0.0421627319528737	624	26	0.0352494209816883	0.779372340902734
metabat_ERR6275671.17_sub	cancer_type	Other	-0.0612874171391762	0.0859534236654997	624	26	0.494989044338938	0.779372340902734
semibin_ERR12405979.43_sub	response	R	0.13197940847841	0.0577669052254735	624	26	0.0226694938631793	0.779372340902734
semibin_ERR12405979.43_sub	cancer_type	Other	0.148098197128435	0.0659767934699811	624	26	0.0604935465999101	0.779372340902734
metabat_ERR6243879.13	response	R	0.0317447438384255	0.024639843306554	624	3	0.198104905465039	0.779372340902734
metabat_ERR6243879.13	cancer_type	Other	-0.0211667433617591	0.0308120998136292	624	3	0.504335954229713	0.779372340902734
semibin_SRR13068829.41	cancer_type	Other	-0.0446093528995972	0.0697713098767461	624	12	0.54003101920671	0.779372340902734
metabat_SRR16554757.15_sub	response	R	-0.0406209209570173	0.0365185044589455	624	15	0.266423404051376	0.779372340902734
metabat_SRR16554757.15_sub	cancer_type	Other	-0.0772422663901058	0.0562515666760374	624	15	0.198692375355317	0.779372340902734
semibin_SRR8387681.97	cancer_type	Other	0.0108571656857176	0.013894031304957	624	2	0.469092371181285	0.779372340902734
semibin_SRR13068822.60	response	R	-0.0726470478389105	0.0347120490176496	624	11	0.036767941711319	0.779372340902734
semibin_SRR13068822.60	cancer_type	Other	0.115938923154023	0.0384094444057445	624	11	0.00264442221971783	0.779372340902734
semibin_ERR6279649.25	response	R	0.0544185415650784	0.0465655829194351	624	27	0.242996007508126	0.779372340902734
semibin_ERR6279649.25	cancer_type	Other	0.0785803311047243	0.0739172201932065	624	27	0.313408966164103	0.779372340902734
semibin_ERR12405916.52	response	R	-0.0842214812148645	0.0471275375538714	624	12	0.0744120557174922	0.779372340902734
semibin_ERR12405916.52	cancer_type	Other	0.0892086525303165	0.058020422885093	624	12	0.18145641568666	0.779372340902734
maxbin_ERR6281448.004_sub	cancer_type	Other	-0.0750318390461857	0.0829680300602167	624	15	0.38140570990492	0.779372340902734
semibin_ERR6279675.31	response	R	-0.00386539788200609	0.00324851725981453	624	1	0.234541954602114	0.779372340902734
semibin_ERR6279675.31	cancer_type	Other	-0.00230720556862444	0.00359453695829092	624	1	0.521198035218695	0.779372340902734
semibin_ERR6279669.146	cancer_type	Other	-0.255262465721421	0.225599873702581	624	50	0.279804438743796	0.779372340902734
maxbin_SRR16554769.014_sub	cancer_type	Other	0.0368293227444912	0.0211238904869541	624	6	0.0817426811698997	0.779372340902734
maxbin_ERR12406005.003	response	R	0.00288719370874064	0.00324421195298838	624	1	0.373836158780036	0.779372340902734
maxbin_ERR12406005.003	cancer_type	Other	0.00592242248589508	0.00358977306656259	624	1	0.0994886788646039	0.779372340902734
semibin_SRR16554732.21_sub	response	R	0.0189936562752845	0.0252379442383545	624	3	0.451986566464661	0.779372340902734
semibin_SRR16554732.21_sub	cancer_type	Other	-0.0208750129385289	0.0284270090200083	624	3	0.477451142550942	0.779372340902734
semibin_ERR6231616.45	response	R	0.0168606609783274	0.0172160464641437	624	2	0.327784833195831	0.779372340902734
semibin_ERR6231616.45	cancer_type	Other	-0.0132620116001318	0.0190498342294637	624	2	0.486579934390563	0.779372340902734
metabat_SRR13068852.52	response	R	0.0480854381281816	0.0472931574130071	624	17	0.309667181352734	0.779372340902734
metabat_SRR5930519.9	response	R	0.0247795782123106	0.0279768022713722	624	7	0.376112217882719	0.779372340902734
metabat_SRR5930519.9	cancer_type	Other	-0.0271208732254132	0.0402694259903197	624	7	0.514302983116169	0.779372340902734
semibin_SRR6000907.58	response	R	0.0596737761297359	0.0614645146217532	624	23	0.331993374069687	0.779372340902734
semibin_SRR13068813.2	response	R	-0.0707138992161465	0.0337681642654993	624	9	0.0366581048876429	0.779372340902734
semibin_SRR13068813.2	cancer_type	Other	0.0914761679675383	0.0380413361969007	624	9	0.0431056253459977	0.779372340902734
semibin_SRR16554714.52	cancer_type	Other	-0.0643438806525327	0.0377311421951378	624	11	0.0886338168963011	0.779372340902734
semibin_SRR25825513.29	cancer_type	Other	-0.0399341773672158	0.049941340920959	624	4	0.452750406981847	0.779372340902734
metabat_SRR5930527.17	response	R	0.0321220265531762	0.0382793473794723	624	14	0.401709397717855	0.779372340902734
metabat_SRR5930527.17	cancer_type	Other	0.084698871772121	0.0618114506326641	624	14	0.220557371105557	0.779372340902734
metabat_SRR13068843.54	response	R	0.0458666635031938	0.050314535726512	624	21	0.362333785550694	0.779372340902734
semibin_SRR16168929.7	response	R	0.0674968215011545	0.0422848371395135	624	11	0.110944440890404	0.779372340902734
semibin_SRR16168929.7	cancer_type	Other	-0.0881639298276372	0.0552804059476742	624	11	0.137663497897741	0.779372340902734
semibin_SRR16554678.8	response	R	-0.0171357842106934	0.0233455398632279	624	4	0.463222592638219	0.779372340902734
semibin_SRR16554678.8	cancer_type	Other	-0.0260731206856736	0.0271556279553929	624	4	0.357839966878135	0.779372340902734
metabat_ERR12405984.6	response	R	0.0399902560034241	0.0266744897015124	624	7	0.134331277866722	0.779372340902734
metabat_ERR12405984.6	cancer_type	Other	0.0714870510892614	0.0295157548527574	624	7	0.0157207857548982	0.779372340902734
maxbin_ERR6232688.004	response	R	0.00271740377423003	0.00325038974549854	624	1	0.403462970521783	0.779372340902734
maxbin_ERR6232688.004	cancer_type	Other	-0.00213741563403555	0.00359660889402552	624	1	0.552537030761463	0.779372340902734
metabat_ERR6281341.18_sub	response	R	0.0862686079918413	0.0805471178486859	624	43	0.284571725592631	0.779372340902734
metabat_ERR6281341.18_sub	cancer_type	Other	-0.169817355100371	0.196120045033084	624	43	0.402755445320623	0.779372340902734
metabat_ERR6243878.31	response	R	0.00271740377423003	0.00325038974549854	624	1	0.403462970521779	0.779372340902734
metabat_ERR6243878.31	cancer_type	Other	-0.00213741563403555	0.00359660889402552	624	1	0.552537030761459	0.779372340902734
metabat_SRR5930536.61_sub	response	R	0.128360484627836	0.0606918303686134	624	38	0.0348363533436049	0.779372340902734
maxbin_SRR11413691.019	response	R	0.0499114406779965	0.0528745262292617	624	32	0.345559303607315	0.779372340902734
maxbin_SRR11413691.019	cancer_type	Other	0.256880429609846	0.148207999614648	624	32	0.119139357067304	0.779372340902734
semibin_SRR8387683.9	response	R	0.0466917625824928	0.0461597255796842	624	14	0.312160738237816	0.779372340902734
semibin_SRR8387683.9	cancer_type	Other	0.052863890330517	0.0551988559690552	624	14	0.373255619498901	0.779372340902734
semibin_ERR12405918.22	response	R	0.00288719370883416	0.00324421195298838	624	1	0.373836158764575	0.779372340902734
semibin_ERR12405918.22	cancer_type	Other	0.00592242248586086	0.00358977306656259	624	1	0.0994886788665599	0.779372340902734
maxbin_SRR16168976.016_sub	cancer_type	Other	0.0612470912952923	0.0794494608688803	624	8	0.469001061339332	0.779372340902734
maxbin_SRR25825518.003	response	R	-0.00364767560890319	0.00324756291849304	624	1	0.261785257865766	0.779372340902734
maxbin_SRR25825518.003	cancer_type	Other	-0.00402464989781727	0.00634505258617347	624	1	0.548465665184007	0.779372340902734
semibin_SRR11413612.49	response	R	0.0290452569230159	0.0325878564003369	624	13	0.373118378334767	0.779372340902734
semibin_SRR11413612.49	cancer_type	Other	0.150786073238804	0.0568621295295237	624	13	0.0396324743602798	0.779372340902734
maxbin_SRR16168943.001	response	R	0.00227841090000915	0.00324765308687239	624	1	0.483219236578814	0.779372340902734
maxbin_SRR16168943.001	cancer_type	Other	-0.00436200144208164	0.00666531723456107	624	1	0.536029916223555	0.779372340902734
maxbin_SRR6000909.031	response	R	0.0170806993133793	0.0258867129524404	624	8	0.509610870407501	0.779372340902734
maxbin_SRR6000909.031	cancer_type	Other	-0.0344939975154328	0.0395120088056456	624	8	0.397726795959033	0.779372340902734
semibin_SRR11413654.34	cancer_type	Other	0.172264705973714	0.126320395158969	624	13	0.204606655558707	0.779372340902734
metabat_SRR23364206.11	cancer_type	Other	-0.0958716801032721	0.110840693211603	624	24	0.402259570912799	0.779372340902734
semibin_SRR5930527.102_sub	response	R	0.0349927119460852	0.0488839841330106	624	25	0.474367684110675	0.779372340902734
semibin_SRR5930518.29	response	R	0.131954629191148	0.0633150553535769	624	42	0.0375646033855048	0.779372340902734
semibin_ERR6233694.18	response	R	-0.019556335638348	0.0296270649467921	624	4	0.509445501329453	0.779372340902734
maxbin_SRR16554776.005_sub	response	R	0.0303577452766646	0.0256222251563966	624	6	0.23654248679494	0.779372340902734
maxbin_SRR16554776.005_sub	cancer_type	Other	-0.0349182448475457	0.0344669075819496	624	6	0.341069382764342	0.779372340902734
semibin_ERR6281505.66	response	R	-0.00386539788194627	0.00324851725981453	624	1	0.234541954609342	0.779372340902734
semibin_ERR6281505.66	cancer_type	Other	-0.00230720556869616	0.00359453695829093	624	1	0.521198035205745	0.779372340902734
maxbin_ERR6275652.002_sub	response	R	0.0111548541914874	0.0104739841152177	624	2	0.28728848545215	0.779372340902734
maxbin_ERR6275652.002_sub	cancer_type	Other	-0.00823967814600352	0.012112823935686	624	2	0.509036444940761	0.779372340902734
semibin_ERR6279629.17	response	R	0.061003948839837	0.0528686866234884	624	13	0.248994579183926	0.779372340902734
semibin_ERR6279629.17	cancer_type	Other	-0.0496709108824448	0.0585000579665322	624	13	0.39616699234391	0.779372340902734
maxbin_SRR16554787.013	cancer_type	Other	0.0830835316189913	0.0543304541100203	624	10	0.161884849448023	0.779372340902734
metabat_ERR6232526.9	response	R	-0.0383639248972428	0.027845090897117	624	7	0.168772876546345	0.779372340902734
metabat_ERR6232526.9	cancer_type	Other	0.025857816336596	0.0308110440337854	624	7	0.401658397758442	0.779372340902734
semibin_ERR6279659.15	response	R	-0.0405768102318218	0.0394898101621845	624	19	0.304573095225304	0.779372340902734
semibin_ERR6279659.15	cancer_type	Other	0.0585716365843701	0.0781000151734685	624	19	0.470172207870405	0.779372340902734
metabat_SRR11413689.56	cancer_type	Other	0.1127968915769	0.0642910767087034	624	10	0.115155999543716	0.779372340902734
semibin_SRR16554756.21	response	R	0.0191519313769945	0.0159814358110859	624	3	0.231223857155841	0.779372340902734
semibin_SRR16554756.21	cancer_type	Other	-0.0150642454886971	0.0176837175471194	624	3	0.394614103723382	0.779372340902734
maxbin_ERR6235718.012	cancer_type	Other	-0.0410744681404419	0.0386913666376981	624	13	0.288833353563354	0.779372340902734
metabat_SRR5930503.76	response	R	0.0241770524649212	0.0343521810681133	624	14	0.481821366069908	0.779372340902734
semibin_ERR6279655.59	response	R	0.00271740377429661	0.00325038974549855	624	1	0.403462970510263	0.779372340902734
semibin_ERR6279655.59	cancer_type	Other	-0.00213741563392852	0.00359660889402553	624	1	0.552537030781349	0.779372340902734
metabat_ERR6275659.2	cancer_type	Other	0.0710972655484964	0.0945347068361191	624	22	0.499402289355089	0.779372340902734
maxbin_SRR6000912.014	response	R	-0.0349953268774535	0.0410621285320222	624	13	0.394403077690852	0.779372340902734
metabat_SRR5930511.29_sub	response	R	0.088434555890833	0.0574372614587641	624	40	0.124155937996668	0.779372340902734
maxbin_SRR13068835.009	response	R	0.0565249292523227	0.0448989445642231	624	13	0.208526632198203	0.779372340902734
metabat_ERR6243880.58	response	R	0.080022818216685	0.0563293569230061	624	19	0.155928088570903	0.779372340902734
metabat_ERR6243880.58	cancer_type	Other	-0.068315655110499	0.0991917073254342	624	19	0.504102610628944	0.779372340902734
metabat_ERR6279629.20	response	R	-0.0165951221197358	0.0111986191136644	624	2	0.138878631375128	0.779372340902734
metabat_ERR6279629.20	cancer_type	Other	-0.00964221565589029	0.0126605408766369	624	2	0.461550042193598	0.779372340902734
metabat_ERR6271721.70	response	R	-0.0453331681391771	0.0449904581275368	624	11	0.31403165442173	0.779372340902734
metabat_ERR6271721.70	cancer_type	Other	-0.060661319849448	0.055952661681192	624	11	0.303267491692329	0.779372340902734
metabat_ERR6281000.76_sub	response	R	-0.0967427499739046	0.0506953546829323	624	17	0.0568117665030959	0.779372340902734
metabat_ERR6281000.76_sub	cancer_type	Other	-0.0756543104767761	0.0718318594465701	624	17	0.319949851618306	0.779372340902734
maxbin_SRR16554763.011	response	R	0.00271740377408162	0.00325038974549856	624	1	0.40346297054745	0.779372340902734
maxbin_SRR16554763.011	cancer_type	Other	-0.00213741563405037	0.00359660889402554	624	1	0.552537030758711	0.779372340902734
semibin_ERR12405983.42	cancer_type	Other	0.0323671242419798	0.0395790690861163	624	10	0.443928933142734	0.779372340902734
semibin_ERR12405992.1	response	R	0.0555503469678481	0.0553118917951186	624	10	0.315619849409036	0.779372340902734
semibin_ERR12405992.1	cancer_type	Other	0.115825309678591	0.0612035040570767	624	10	0.0588942714060155	0.779372340902734
semibin_ERR6281342.9	response	R	-0.00386539788201371	0.00324851725981453	624	1	0.234541954601189	0.779372340902734
semibin_ERR6281342.9	cancer_type	Other	-0.00230720556863104	0.00359453695829093	624	1	0.521198035217501	0.779372340902734
metabat_SRR11413611.38	response	R	-0.0691091555628603	0.0479508369793582	624	19	0.150021358961881	0.779372340902734
metabat_SRR11413611.38	cancer_type	Other	0.291615392336026	0.147778137752288	624	19	0.0786470179443346	0.779372340902734
semibin_SRR11413683.16	response	R	-0.0388999164513173	0.0516904510015678	624	26	0.452002664043529	0.779372340902734
maxbin_SRR16168938.002	response	R	0.00227841089562808	0.00324765308680579	624	1	0.483219237410786	0.779372340902734
maxbin_SRR16168938.002	cancer_type	Other	-0.00436200145348887	0.0066653172696966	624	1	0.536029917363539	0.779372340902734
semibin_SRR5930526.142	cancer_type	Other	0.048084452043675	0.0772494053211348	624	4	0.56162924098207	0.779372340902734
semibin_ERR6230245.17	response	R	0.0027174037742935	0.00325038974549855	624	1	0.403462970510803	0.779372340902734
semibin_ERR6230245.17	cancer_type	Other	-0.00213741563393409	0.00359660889402553	624	1	0.552537030780314	0.779372340902734
semibin_SRR11413645.160	cancer_type	Other	0.0568787946520514	0.0331239787695683	624	4	0.0864506122075849	0.779372340902734
metabat_SRR13068845.7_sub	response	R	0.0394260068125586	0.0457544571596007	624	22	0.389193590234782	0.779372340902734
semibin_ERR6267712.33	response	R	0.0668760294835905	0.0573572982027483	624	23	0.244080354546206	0.779372340902734
semibin_ERR6267712.33	cancer_type	Other	-0.0802620679444355	0.109116311819756	624	23	0.475944793356109	0.779372340902734
maxbin_SRR16554790.012	cancer_type	Other	-0.0851240983035997	0.083784398783449	624	11	0.334960751749049	0.779372340902734
semibin_SRR13068843.42_sub	response	R	0.0913513322209402	0.0619973340289119	624	42	0.141136680707081	0.779372340902734
maxbin_ERR6279657.031_sub	response	R	0.0208339707854588	0.0319569201184104	624	14	0.514681965890167	0.779372340902734
semibin_ERR6271720.41	response	R	0.0145985066365687	0.0144824571937875	624	2	0.31384212835499	0.779372340902734
semibin_ERR6271720.41	cancer_type	Other	-0.0111151850030428	0.0163898714402459	624	2	0.510478386529504	0.779372340902734
semibin_SRR5930507.83_sub	response	R	0.0496665362540488	0.0513677023681287	624	24	0.333983927081049	0.779372340902734
semibin_SRR5930532.79	response	R	-0.0667342772155067	0.0599499702199251	624	20	0.266073204141689	0.779372340902734
semibin_SRR5930532.79	cancer_type	Other	0.279970292300216	0.284997525409437	624	20	0.35446770287121	0.779372340902734
metabat_SRR11413684.26	cancer_type	Other	0.0472540285521313	0.0333368903641272	624	10	0.212593676421061	0.779372340902734
metabat_SRR25825505.39	cancer_type	Other	-0.0275074789186365	0.0424030530080701	624	4	0.536790905181862	0.779372340902734
maxbin_SRR16554754.006	response	R	-0.0397153322678948	0.0217755373034287	624	4	0.0686560276341888	0.779372340902734
semibin_ERR6279645.60	response	R	0.00271740377440691	0.00325038974549856	624	1	0.403462970491191	0.779372340902734
semibin_ERR6279645.60	cancer_type	Other	-0.00213741563394765	0.00359660889402554	624	1	0.552537030777794	0.779372340902734
semibin_SRR5930528.15	response	R	0.0209468757612095	0.034041481938998	624	14	0.538559770792186	0.779372340902734
semibin_SRR5930528.15	cancer_type	Other	0.0758980009414135	0.0541646356431228	624	14	0.212546447337525	0.779372340902734
semibin_ERR12405945.16	response	R	-0.0165811493230691	0.0283330617624857	624	11	0.558610744806371	0.779372340902734
semibin_ERR12405945.16	cancer_type	Other	-0.0416637679969373	0.0557218960196351	624	11	0.47492904362785	0.779372340902734
metabat_ERR12405997.40_sub	cancer_type	Other	0.0225411615619807	0.0306258796506998	624	4	0.461998395609055	0.779372340902734
maxbin_SRR5930530.008	response	R	0.0312846806350194	0.0306403009354255	624	13	0.307641670061543	0.779372340902734
maxbin_SRR5930530.008	cancer_type	Other	-0.107062044659819	0.137766792816212	624	13	0.455901846727466	0.779372340902734
semibin_SRR11413647.44	cancer_type	Other	0.0841101951553387	0.0670810145952475	624	11	0.24344687800957	0.779372340902734
semibin_SRR13022436.17	cancer_type	Other	0.0953688261156592	0.0426888076685716	624	12	0.0258351082652124	0.779372340902734
maxbin_ERR6279682.002	response	R	-0.0541696945536789	0.0302683807094168	624	3	0.0739993828431538	0.779372340902734
maxbin_ERR6279682.002	cancer_type	Other	-0.0303013306222022	0.0356050736698186	624	3	0.411471499970294	0.779372340902734
metabat_ERR6279676.12	response	R	-0.0398703899948146	0.0324463659608927	624	13	0.21960983921396	0.779372340902734
metabat_ERR6279676.12	cancer_type	Other	0.0453574080888479	0.0415182895428382	624	13	0.298944041143013	0.779372340902734
semibin_SRR5930516.11_sub	response	R	0.0536392389758681	0.054380798391405	624	22	0.324338945016642	0.779372340902734
semibin_SRR5930516.11_sub	cancer_type	Other	-0.0797332634252948	0.101212065166792	624	22	0.447372606514715	0.779372340902734
metabat_ERR6279653.9	response	R	-0.0038653978820506	0.00324851725981453	624	1	0.234541954596727	0.779372340902734
metabat_ERR6279653.9	cancer_type	Other	-0.00230720556867778	0.00359453695829092	624	1	0.521198035209062	0.779372340902734
semibin_ERR6279624.16	response	R	0.0892589061934813	0.0539566494997627	624	30	0.0985817893453927	0.779372340902734
semibin_SRR25825512.45	cancer_type	Other	-0.110773783862874	0.072603548433357	624	18	0.155721441248506	0.779372340902734
semibin_SRR5930532.161	response	R	0.0351754237611845	0.0415205740259478	624	13	0.397223721613649	0.779372340902734
semibin_SRR5930532.161	cancer_type	Other	0.0785238369208923	0.123086605656881	624	13	0.545363707492569	0.779372340902734
maxbin_SRR23364204.002_sub	response	R	0.0325675664250892	0.0345258486529704	624	22	0.34590809287812	0.779372340902734
maxbin_SRR23364204.002_sub	cancer_type	Other	-0.0971104215412109	0.161268414910759	624	22	0.561310427411532	0.779372340902734
semibin_SRR6000908.30	response	R	0.00344059646324206	0.00325219504293215	624	1	0.290498454871651	0.779372340902734
semibin_SRR6000908.30	cancer_type	Other	-0.00338830241374587	0.0055396706755282	624	1	0.561562412131214	0.779372340902734
maxbin_SRR16554764.017	response	R	-0.0350711961645917	0.0324842127128243	624	13	0.280726029081084	0.779372340902734
metabat_ERR6281751.28_sub	response	R	-0.0413612960224922	0.0485766721868789	624	23	0.394839986675429	0.779372340902734
metabat_ERR6281751.28_sub	cancer_type	Other	-0.0972367295087135	0.0994997130087891	624	23	0.345407469375778	0.779372340902734
metabat_SRR16554757.24	cancer_type	Other	-0.0302968922409869	0.0449333556359151	624	10	0.52284544843047	0.779372340902734
metabat_SRR5930511.52	cancer_type	Other	0.150041992924726	0.176472631702701	624	15	0.421140551510365	0.779372340902734
semibin_ERR6232523.5	cancer_type	Other	-0.0138034956781902	0.0194046290380751	624	4	0.489209385932175	0.779372340902734
semibin_ERR12405920.20	response	R	-0.0247318143157462	0.0276427506547655	624	13	0.371297115129128	0.779372340902734
semibin_ERR12405920.20	cancer_type	Other	0.115971621194916	0.0462186948101353	624	13	0.0478214948730589	0.779372340902734
semibin_SRR16554754.27	response	R	-0.0172887105428464	0.0117254424802925	624	2	0.140864201065331	0.779372340902734
semibin_SRR16554754.27	cancer_type	Other	-0.0103194057784022	0.0129743920000421	624	2	0.426703830681272	0.779372340902734
semibin_SRR23364221.0	response	R	0.0323352112578245	0.0297991191118973	624	9	0.27829677909784	0.779372340902734
semibin_SRR23364221.0	cancer_type	Other	-0.0292044200380599	0.038106666008708	624	9	0.464020675285874	0.779372340902734
metabat_SRR25825516.47	response	R	-0.00364767560904376	0.00324756291849817	624	1	0.261785257848153	0.779372340902734
metabat_SRR25825516.47	cancer_type	Other	-0.00402464989677624	0.00634505258268221	624	1	0.548465664920639	0.779372340902734
maxbin_ERR6282070.005	cancer_type	Other	-0.0048972518318217	0.00564763310460514	624	2	0.386203800260103	0.779372340902734
metabat_SRR16554768.12	response	R	-0.00387343530761726	0.00324868163464181	624	1	0.233597028867802	0.779372340902734
metabat_SRR16554768.12	cancer_type	Other	-0.00229814804616025	0.00361594292929593	624	1	0.538199489377013	0.779372340902734
semibin_SRR5930506.83	response	R	0.0410015897602704	0.0385023343306758	624	13	0.287330413533688	0.779372340902734
semibin_SRR5930506.83	cancer_type	Other	0.0820134778992279	0.0560294228572403	624	13	0.205089207683914	0.779372340902734
maxbin_ERR6271721.008	response	R	-0.00386539788207409	0.00324851725981452	624	1	0.234541954593891	0.779372340902734
maxbin_ERR6271721.008	cancer_type	Other	-0.00230720556872784	0.00359453695829092	624	1	0.521198035200026	0.779372340902734
maxbin_SRR11413691.014	response	R	-0.0288145470157164	0.0306901476837954	624	5	0.348155625191689	0.779372340902734
maxbin_SRR11413691.014	cancer_type	Other	0.0751504400921637	0.0751221100947458	624	5	0.343810346651692	0.779372340902734
semibin_SRR16168942.58	response	R	0.0594688881467156	0.0554511134479855	624	28	0.283932133125173	0.779372340902734
semibin_SRR16168942.58	cancer_type	Other	-0.0830715475262526	0.11091619534791	624	28	0.474942975257176	0.779372340902734
metabat_ERR6279666.8	response	R	-0.0404324486865226	0.0548499056013971	624	17	0.461312252010369	0.779372340902734
metabat_ERR6279666.8	cancer_type	Other	-0.084866522196877	0.0646930093510774	624	17	0.218018922090481	0.779372340902734
metabat_ERR6279657.34	response	R	0.0308572278003334	0.0210421467696174	624	6	0.143032850293463	0.779372340902734
metabat_ERR6279657.34	cancer_type	Other	0.0795039126963766	0.0308945507959531	624	6	0.0393322929014631	0.779372340902734
maxbin_SRR20881988.013	response	R	0.0265341691224864	0.0409906239739388	624	16	0.517662203461223	0.779372340902734
semibin_ERR6279654.27	cancer_type	Other	-0.0398219192076636	0.0562443931516161	624	9	0.490500913162546	0.779372340902734
semibin_ERR12406013.72	response	R	-0.0105010097620675	0.0121745152188519	624	2	0.388723243317142	0.779372340902734
semibin_ERR12406013.72	cancer_type	Other	0.0267626783209379	0.0134712982580665	624	2	0.0474008710460552	0.779372340902734
semibin_SRR16554766.42	response	R	0.0202173549783446	0.0157336577143003	624	3	0.199287742640772	0.779372340902734
semibin_SRR16554766.42	cancer_type	Other	0.0289961940419027	0.017731071568065	624	3	0.210077827859548	0.779372340902734
metabat_ERR6279646.21	response	R	-0.0470975640371198	0.0397598396406257	624	12	0.236648162766066	0.779372340902734
metabat_ERR6279646.21	cancer_type	Other	-0.0602638656447677	0.063593395703562	624	12	0.360434630156024	0.779372340902734
metabat_SRR23364240.26_sub	cancer_type	Other	-0.0568098945098044	0.0517096398835348	624	11	0.294550050648312	0.779372340902734
semibin_ERR6279664.20	response	R	0.0144996747981882	0.0143660928893979	624	2	0.31322599116235	0.779372340902734
semibin_ERR6279664.20	cancer_type	Other	-0.0110321422897332	0.0162662617832801	624	2	0.510444718827358	0.779372340902734
maxbin_SRR5930519.003	response	R	-0.0039421008953434	0.0032513730918124	624	1	0.225804396731513	0.779372340902734
maxbin_SRR5930519.003	cancer_type	Other	-0.00324515972448155	0.00529090139174772	624	1	0.561652243636332	0.779372340902734
semibin_SRR13068825.28	response	R	0.0362842363128742	0.0357925500367013	624	22	0.311106966365319	0.779372340902734
semibin_ERR6279622.41	cancer_type	Other	-0.0196774923153731	0.026273464448819	624	7	0.454171358327207	0.779372340902734
metabat_ERR12405910.29	response	R	-0.00369560794721271	0.00324289095445247	624	1	0.254891143329519	0.779372340902734
metabat_ERR12405910.29	cancer_type	Other	0.00575263255137943	0.00358831136028881	624	1	0.109408088703963	0.779372340902734
maxbin_SRR5930493.033_sub	response	R	-0.0583887474873607	0.0472985063472212	624	13	0.217494890092473	0.779372340902734
maxbin_SRR5930493.033_sub	cancer_type	Other	-0.0471212044130015	0.0595692104296069	624	13	0.450910793939279	0.779372340902734
semibin_ERR6232686.46	response	R	-0.020569846939798	0.0227222529986794	624	4	0.365672346863706	0.779372340902734
semibin_ERR6232686.46	cancer_type	Other	-0.0213759544913311	0.0292806216665767	624	4	0.478583569213777	0.779372340902734
maxbin_SRR20881979.002	response	R	-0.00460237665231844	0.00319639299890277	624	1	0.150415086189932	0.779372340902734
maxbin_SRR20881979.002	cancer_type	Other	0.0161552958344747	0.0116329984978211	624	1	0.207318090069693	0.779372340902734
semibin_SRR20881987.31	response	R	-0.0886621020450599	0.0615864250946078	624	19	0.150473985867895	0.779372340902734
semibin_SRR20881987.31	cancer_type	Other	-0.135125008982094	0.0681463767701276	624	19	0.0478227690121074	0.779372340902734
metabat_ERR6279681.38	response	R	-0.0320856967353091	0.0247117235696535	624	13	0.194632761094096	0.779372340902734
metabat_ERR6279681.38	cancer_type	Other	0.0251960046006674	0.0325821735022395	624	13	0.455153752818499	0.779372340902734
semibin_ERR12405995.2	cancer_type	Other	0.133341766206639	0.0391470250513898	624	14	0.0475387277128417	0.779372340902734
semibin_ERR6275676.59	response	R	-0.0083094235302171	0.0142495231434845	624	4	0.560013051678814	0.779372340902734
semibin_ERR6275676.59	cancer_type	Other	-0.0139611046400001	0.0193686738642092	624	4	0.48362616686415	0.779372340902734
semibin_SRR16554664.19	cancer_type	Other	0.0403233304277947	0.0341306007173019	624	7	0.267470057971319	0.779372340902734
semibin_ERR12405959.85	cancer_type	Other	0.0907479222168063	0.037769299511814	624	9	0.0165674041260611	0.779372340902734
metabat_ERR6230245.18	cancer_type	Other	-0.0307789198413261	0.0430905722520553	624	5	0.487168553980793	0.779372340902734
semibin_SRR25825505.21	response	R	0.0155249472040516	0.0257726783701018	624	4	0.54714170352677	0.779372340902734
semibin_SRR25825505.21	cancer_type	Other	-0.0454060432257752	0.0586995286337714	624	4	0.463215483669474	0.779372340902734
maxbin_ERR12405911.018	response	R	0.0388269305979399	0.0287987873229561	624	8	0.178085328175723	0.779372340902734
maxbin_SRR5930529.023_sub	response	R	0.0670795196210579	0.0438453745980298	624	23	0.126552908631323	0.779372340902734
maxbin_SRR11413686.009_sub	response	R	-0.05592210943159	0.0316226184061471	624	12	0.0774834152263806	0.779372340902734
maxbin_SRR11413686.009_sub	cancer_type	Other	0.125496230968407	0.0812520668774755	624	12	0.156379881423129	0.779372340902734
maxbin_SRR11413610.003	cancer_type	Other	0.0636568782716911	0.0704070010380519	624	6	0.390592391242478	0.779372340902734
semibin_SRR11413692.10_sub	response	R	-0.0470314332361646	0.0417370469114449	624	15	0.260243343306519	0.779372340902734
semibin_SRR11413617.99	cancer_type	Other	0.0591752287848146	0.048885852361127	624	6	0.269577023071391	0.779372340902734
semibin_SRR5930493.92	response	R	-0.14160827241687	0.0750683212318811	624	45	0.0597116037102536	0.779372340902734
semibin_SRR11413606.56	cancer_type	Other	0.14702057340784	0.149877282563952	624	25	0.351760957138964	0.779372340902734
semibin_ERR6280907.101_sub	response	R	0.00271740377424725	0.00325038974549855	624	1	0.403462970518803	0.779372340902734
semibin_ERR6280907.101_sub	cancer_type	Other	-0.00213741563399939	0.00359660889402553	624	1	0.552537030768181	0.779372340902734
metabat_SRR6000902.41_sub	cancer_type	Other	0.133822201903052	0.17665278874563	624	18	0.475278638495586	0.779372340902734
metabat_ERR6281751.21	response	R	-0.0758172280314752	0.0459184147891808	624	20	0.0992178025358085	0.779372340902734
metabat_ERR6281751.21	cancer_type	Other	-0.0556118770980621	0.0790382082874609	624	20	0.495820017592794	0.779372340902734
semibin_ERR12405910.1	cancer_type	Other	0.104382855914412	0.0445077474585691	624	11	0.0193269323239153	0.779372340902734
semibin_ERR6279646.13	response	R	-0.0547760993252105	0.0307296008093345	624	4	0.0751530677020091	0.779372340902734
semibin_ERR6279646.13	cancer_type	Other	-0.0364545375870021	0.0340028009667974	624	4	0.284089798141871	0.779372340902734
maxbin_SRR11413685.021	cancer_type	Other	0.126492806866337	0.076444485550031	624	15	0.143009252641589	0.779372340902734
maxbin_SRR16554767.011	response	R	0.0563441431731741	0.0364853845538722	624	9	0.123030238220454	0.779372340902734
maxbin_SRR16554767.011	cancer_type	Other	-0.0678593593323028	0.0443449045114136	624	9	0.195142425137715	0.779372340902734
semibin_SRR16168941.28	cancer_type	Other	-0.0588220298918291	0.0748423296858109	624	14	0.457374662853514	0.779372340902734
metabat_SRR13068848.27	response	R	0.0871138287702239	0.0832086262425433	624	60	0.295539017753205	0.779372340902734
metabat_SRR13068848.27	cancer_type	Other	-0.359412734498234	0.199892006136301	624	60	0.10053880555852	0.779372340902734
semibin_SRR25825517.26	cancer_type	Other	-0.0646737562028393	0.0700009309529335	624	6	0.387822677961431	0.779372340902734
semibin_ERR6248618.3	cancer_type	Other	-0.0725144859967784	0.0869666272275214	624	20	0.423207363433079	0.779372340902734
metabat_ERR6275684.14_sub	response	R	0.00271740377441292	0.00325038974549854	624	1	0.403462970490151	0.779372340902734
metabat_ERR6275684.14_sub	cancer_type	Other	-0.00213741563394659	0.00359660889402552	624	1	0.552537030777993	0.779372340902734
semibin_SRR11413657.198	response	R	0.0365168926022313	0.038909861095994	624	9	0.348352542788179	0.779372340902734
metabat_ERR6275682.8	response	R	-0.0313014702756767	0.0463490070694673	624	19	0.499709447302872	0.779372340902734
metabat_ERR6275682.8	cancer_type	Other	-0.0812056490807244	0.0908899611318218	624	19	0.387057590901499	0.779372340902734
semibin_SRR23364175.38	response	R	-0.0426772518650703	0.0526874570688542	624	15	0.418248089532825	0.779372340902734
semibin_SRR23364175.38	cancer_type	Other	-0.0589941007836136	0.0651098865107824	624	15	0.415111967384049	0.779372340902734
semibin_ERR6279622.35	response	R	0.0399799531312966	0.0383327627629138	624	9	0.297367656991845	0.779372340902734
semibin_ERR6279622.35	cancer_type	Other	-0.0495200748482292	0.0637263708993944	624	9	0.449890455041724	0.779372340902734
maxbin_SRR11413610.006	cancer_type	Other	0.0425028111862601	0.0615107111325713	624	8	0.509899803370162	0.779372340902734
semibin_SRR16168985.72	response	R	0.0899520069246209	0.0341329397233939	624	17	0.0086153901551221	0.779372340902734
semibin_SRR16168985.72	cancer_type	Other	-0.118156743894277	0.0715108169141377	624	17	0.137878561567088	0.779372340902734
maxbin_ERR6279645.022_sub	cancer_type	Other	-0.0653549828347148	0.0496885761517166	624	14	0.211581997616875	0.779372340902734
semibin_SRR8387683.30	response	R	0.0513272024387924	0.0560153838202143	624	23	0.35986471754805	0.779372340902734
semibin_SRR8387683.30	cancer_type	Other	0.156640693218471	0.15009052975953	624	23	0.333187639494086	0.779372340902734
metabat_ERR6275676.44	response	R	0.038042324167088	0.052330286381163	624	20	0.467520905242901	0.779372340902734
metabat_SRR16168974.10	response	R	-0.0404565308956246	0.0546237787749585	624	15	0.459191976228061	0.779372340902734
metabat_SRR16168974.10	cancer_type	Other	-0.0927956216358842	0.0970490850179965	624	15	0.369022838768427	0.779372340902734
maxbin_SRR5930505.044_sub	response	R	0.1327242865345	0.0594167056325735	624	36	0.0258552327827765	0.779372340902734
maxbin_SRR5930505.044_sub	cancer_type	Other	-0.190940919189731	0.209226118990248	624	36	0.384188844208137	0.779372340902734
semibin_SRR16554786.15	cancer_type	Other	-0.1510987936933	0.157570802046138	624	39	0.355421528760222	0.779372340902734
maxbin_SRR11413657.003	response	R	0.00274047097106157	0.00324799128600996	624	1	0.399138342741219	0.779372340902734
maxbin_SRR11413657.003	cancer_type	Other	0.00693748190444575	0.00461480526522918	624	1	0.186854708241569	0.779372340902734
maxbin_SRR25825517.009_sub	response	R	-0.0150791344273905	0.0247188341894011	624	5	0.542067692423465	0.779372340902734
maxbin_SRR25825517.009_sub	cancer_type	Other	-0.0463077640692543	0.0447924381004802	624	5	0.33734822285846	0.779372340902734
semibin_ERR6275683.32	response	R	-0.0335799764428987	0.0286208462140171	624	10	0.241137420500517	0.779372340902734
semibin_ERR6275683.32	cancer_type	Other	-0.0353617710121797	0.050393841391305	624	10	0.494353136720423	0.779372340902734
semibin_SRR25825513.19	cancer_type	Other	0.0492736637827395	0.038266685833979	624	8	0.198351424752091	0.779372340902734
semibin_ERR12405947.70	response	R	-0.0371764660158868	0.0226994527484622	624	7	0.101982623675798	0.779372340902734
semibin_ERR12405947.70	cancer_type	Other	0.104522934705372	0.0706142183361431	624	7	0.197184260192319	0.779372340902734
semibin_SRR16554774.25	response	R	0.0439737068698045	0.0347637873018919	624	12	0.206371492975583	0.779372340902734
semibin_SRR16554774.25	cancer_type	Other	0.0769575841974066	0.0637504318689119	624	12	0.263379758182457	0.779372340902734
metabat_ERR6280907.75	response	R	-0.0896614560120725	0.0631684248524393	624	24	0.15628356930247	0.779372340902734
metabat_ERR6280907.75	cancer_type	Other	-0.186261568868055	0.093944875610997	624	24	0.0732702142479996	0.779372340902734
metabat_ERR6243879.9	response	R	0.0227582323353036	0.0201064452274401	624	6	0.258118648120717	0.779372340902734
metabat_ERR6243879.9	cancer_type	Other	-0.0315174017212832	0.0222481072715656	624	6	0.157091702041654	0.779372340902734
metabat_SRR11413687.66	cancer_type	Other	0.229090073199064	0.149744407161869	624	11	0.159698572362514	0.779372340902734
metabat_SRR5930514.5	response	R	-0.0292418812440872	0.0498518859611559	624	14	0.557702325462809	0.779372340902734
metabat_SRR5930514.5	cancer_type	Other	-0.0919010066210181	0.0745474474597614	624	14	0.250568189613893	0.779372340902734
metabat_SRR25825512.9	cancer_type	Other	-0.0999609577727445	0.0547305899329534	624	18	0.0682672014727448	0.779372340902734
metabat_SRR6000895.38	cancer_type	Other	-0.0551752537187666	0.0579751373125949	624	7	0.3692123389319	0.779372340902734
metabat_ERR6281518.30	response	R	0.0689147532911995	0.0440431924700084	624	20	0.118160968388818	0.779372340902734
metabat_ERR6281518.30	cancer_type	Other	0.109468627193719	0.0859002641883272	624	20	0.231941277898646	0.779372340902734
metabat_ERR6271721.73	cancer_type	Other	-0.0229936461077561	0.0324353064072871	624	6	0.49028659291132	0.779372340902734
semibin_ERR6232526.0_sub	response	R	-0.0150667369167222	0.0252578953165009	624	3	0.551048533637387	0.779372340902734
semibin_ERR6232526.0_sub	cancer_type	Other	-0.0223672818091975	0.0306699089928604	624	3	0.479447107691315	0.779372340902734
semibin_SRR11413618.30	cancer_type	Other	0.196400193552055	0.0823058521761925	624	20	0.0458219259042842	0.779372340902734
metabat_SRR16554653.5	response	R	0.00271740377442046	0.00325038974549854	624	1	0.403462970488848	0.779372340902734
metabat_SRR16554653.5	cancer_type	Other	-0.00213741563394364	0.00359660889402551	624	1	0.552537030778539	0.779372340902734
maxbin_SRR11413619.022_sub	response	R	0.0624411151577617	0.041307747598966	624	17	0.131142594841312	0.779372340902734
semibin_ERR6279667.1	response	R	0.117488491170724	0.0601452525014445	624	40	0.0512207750712525	0.779372340902734
metabat_ERR12405976.69	response	R	0.00288719370884804	0.00324421195298838	624	1	0.373836158762276	0.779372340902734
metabat_ERR12405976.69	cancer_type	Other	0.00592242248588045	0.00358977306656259	624	1	0.0994886788654432	0.779372340902734
semibin_SRR11413610.57_sub	cancer_type	Other	0.124846647526251	0.0694288954448771	624	7	0.106627788259373	0.779372340902734
maxbin_SRR16554740.006	response	R	0.00271740377422844	0.00325038974549856	624	1	0.403462970522059	0.779372340902734
maxbin_SRR16554740.006	cancer_type	Other	-0.00213741563404017	0.00359660889402554	624	1	0.552537030760604	0.779372340902734
semibin_ERR6232382.15	response	R	-0.0277356668443347	0.0151133379883434	624	3	0.0669584114301383	0.779372340902734
semibin_ERR6232382.15	cancer_type	Other	-0.0141765610247139	0.0188965714650748	624	3	0.467239255954079	0.779372340902734
metabat_ERR6281433.22	cancer_type	Other	-0.0275558290283751	0.0335692793328588	624	6	0.425874614179104	0.779372340902734
metabat_ERR6279645.3	response	R	0.0192390808365063	0.0271243365511886	624	9	0.47840943121057	0.779372340902734
metabat_ERR6279645.3	cancer_type	Other	-0.0264651002580119	0.0418161730673508	624	9	0.537250508196623	0.779372340902734
semibin_SRR25825494.37	response	R	-0.0349229775221929	0.0427939851629586	624	21	0.414771808769481	0.779372340902734
semibin_SRR25825494.37	cancer_type	Other	0.0564154896884327	0.0473522376389008	624	21	0.233951453822677	0.779372340902734
metabat_SRR25825521.14	response	R	0.0347001915569318	0.0449261500652241	624	11	0.4401848127868	0.779372340902734
metabat_SRR25825521.14	cancer_type	Other	0.0746619575961809	0.0510243801978204	624	11	0.222716440255516	0.779372340902734
metabat_ERR6239139.39	cancer_type	Other	-0.0705497162896037	0.0644382251374819	624	13	0.296700163091468	0.779372340902734
semibin_ERR6275674.90	response	R	0.0266523574356283	0.0387116435484504	624	18	0.491405199858364	0.779372340902734
semibin_ERR6275674.90	cancer_type	Other	0.0564536026100485	0.0557993602533098	624	18	0.333896202546596	0.779372340902734
semibin_ERR12405934.44_sub	response	R	0.0156549278733399	0.0242945267949601	624	7	0.519566525051895	0.779372340902734
semibin_ERR12405934.44_sub	cancer_type	Other	0.0373496555685218	0.0440932544243961	624	7	0.46564725985144	0.779372340902734
metabat_SRR16554760.5	cancer_type	Other	-0.0593450377839305	0.044357428184575	624	6	0.181424376180016	0.779372340902734
metabat_SRR5930532.23_sub	cancer_type	Other	-0.205481627018483	0.180446140265775	624	43	0.27598504840656	0.779372340902734
semibin_ERR6281941.44	cancer_type	Other	-0.0227270183859838	0.0347593746572748	624	7	0.528004464222189	0.779372340902734
semibin_SRR6000903.20	response	R	-0.0355331103706151	0.0504649029817786	624	22	0.481625274175693	0.779372340902734
semibin_SRR6000903.20	cancer_type	Other	-0.143656240699281	0.0685103968699047	624	22	0.0594069279494201	0.779372340902734
semibin_SRR11413649.35	cancer_type	Other	0.11374340079663	0.0424840422624073	624	12	0.00761751036217004	0.779372340902734
metabat_ERR12405998.59	response	R	0.0829715568348249	0.0536467185027542	624	11	0.122462229358898	0.779372340902734
metabat_ERR12405998.59	cancer_type	Other	0.0902419750307643	0.0593609628413023	624	11	0.128963592307302	0.779372340902734
metabat_SRR11413613.27	cancer_type	Other	0.176063336781233	0.14571812555216	624	19	0.256947532520389	0.779372340902734
semibin_ERR6264281.82	cancer_type	Other	0.0491497989184966	0.0468837734127293	624	7	0.32000282925999	0.779372340902734
semibin_ERR6281658.88	response	R	-0.016531824339419	0.0112577784603415	624	2	0.142480177620252	0.779372340902734
semibin_ERR6279654.35	response	R	-0.0592609278488041	0.0323967467125548	624	10	0.0678490629836293	0.779372340902734
semibin_ERR6279654.35	cancer_type	Other	0.0794582121509554	0.081981885943102	624	10	0.381096473327801	0.779372340902734
semibin_ERR6281434.93	response	R	-0.00386539788201356	0.00324851725981452	624	1	0.234541954601206	0.779372340902734
semibin_ERR6281434.93	cancer_type	Other	-0.00230720556862371	0.00359453695829092	624	1	0.521198035218825	0.779372340902734
semibin_SRR5930499.22_sub	response	R	0.0986919825861302	0.0458308067374799	624	34	0.0316762379462731	0.779372340902734
maxbin_SRR11413612.039_sub	response	R	-0.04418502296759	0.0442142149338662	624	16	0.318022339192334	0.779372340902734
maxbin_SRR11413612.039_sub	cancer_type	Other	0.280438048370524	0.15058765168165	624	16	0.0934120091314807	0.779372340902734
semibin_SRR11413608.95	cancer_type	Other	0.0855636523107465	0.0401489155605693	624	12	0.0903967297751448	0.779372340902734
maxbin_SRR20881983.003	response	R	0.00215109286758004	0.00320130653845148	624	1	0.501873240054719	0.779372340902734
maxbin_SRR20881983.003	cancer_type	Other	0.0158823557246655	0.0114099513795115	624	1	0.20690921094067	0.779372340902734
maxbin_SRR13022272.005	cancer_type	Other	-0.0955381928932137	0.0750818089597567	624	19	0.225268908913661	0.779372340902734
semibin_SRR20881988.10	cancer_type	Other	0.0192467121423182	0.0296687812838387	624	12	0.51675962007963	0.779372340902734
metabat_SRR5930534.34	response	R	0.0600777302572561	0.0346167643958711	624	15	0.0831470096771755	0.779372340902734
metabat_SRR5930534.34	cancer_type	Other	-0.0970100840055624	0.0684554834176548	624	15	0.195736518799004	0.779372340902734
semibin_ERR6232528.31	response	R	0.00271740377429061	0.00325038974549854	624	1	0.403462970511305	0.779372340902734
semibin_ERR6232528.31	cancer_type	Other	-0.00213741563392959	0.00359660889402551	624	1	0.552537030781149	0.779372340902734
maxbin_SRR5930519.014	cancer_type	Other	-0.0291694853839603	0.0329426885911125	624	4	0.404774041210224	0.779372340902734
semibin_ERR6279644.33_sub	response	R	0.0449427897380908	0.0391294467676621	624	8	0.251176971651419	0.779372340902734
semibin_SRR11413678.104	cancer_type	Other	0.197078386343863	0.123790727983143	624	14	0.145284473236674	0.779372340902734
semibin_SRR5930504.132	cancer_type	Other	0.299323159392448	0.114450940513603	624	24	0.0350436765913098	0.779372340902734
metabat_ERR6281677.10_sub	response	R	-0.00386539788185407	0.00324851725981454	624	1	0.234541954620498	0.779372340902734
metabat_ERR6281677.10_sub	cancer_type	Other	-0.00230720556858022	0.00359453695829093	624	1	0.521198035226678	0.779372340902734
semibin_SRR8387683.84	response	R	0.0185860505536862	0.0139475688938109	624	3	0.183169779516606	0.779372340902734
semibin_SRR8387683.84	cancer_type	Other	0.0749531013827702	0.0572568452422977	624	3	0.233393960191422	0.779372340902734
metabat_ERR6282298.15	cancer_type	Other	0.065040673253706	0.0414225507744831	624	22	0.214313627005585	0.779372340902734
maxbin_SRR16554628.012	response	R	0.0443758632638424	0.0247411972333898	624	9	0.0733646824085611	0.779372340902734
maxbin_SRR16554628.012	cancer_type	Other	-0.0426923822916469	0.0311055630220771	624	9	0.207498360728482	0.779372340902734
semibin_SRR25825500.21	response	R	-0.0236577096152718	0.0184460322605367	624	3	0.200134026674217	0.779372340902734
semibin_SRR25825500.21	cancer_type	Other	-0.0284133071856819	0.0398328735277782	624	3	0.498655232723541	0.779372340902734
metabat_ERR12406006.41	response	R	-0.033497406639763	0.0504904027351663	624	18	0.507294315285224	0.779372340902734
metabat_ERR12406006.41	cancer_type	Other	-0.0551916309995258	0.0558684483273796	624	18	0.323593463572488	0.779372340902734
metabat_SRR5930512.20	response	R	0.0982538908340809	0.0555992055443827	624	35	0.0776950572984683	0.779372340902734
semibin_SRR5930533.64	cancer_type	Other	-0.0263116278901981	0.0251777933516012	624	4	0.296414270260934	0.779372340902734
maxbin_SRR25825514.001_sub	response	R	0.0030507264588582	0.0032483868570084	624	1	0.348018610039454	0.779372340902734
maxbin_SRR25825514.001_sub	cancer_type	Other	-0.00415001388508088	0.00645576518570655	624	1	0.542520343032889	0.779372340902734
metabat_ERR12405982.7	response	R	0.0220792141309298	0.0350255002631806	624	8	0.52868088791396	0.779372340902734
metabat_ERR12406002.23	cancer_type	Other	0.232572758526123	0.11706272968995	624	14	0.0796870544535371	0.779372340902734
maxbin_SRR13068847.041_sub	response	R	0.0444354785722898	0.0334301392002967	624	18	0.18427300409025	0.779372340902734
maxbin_ERR12405943.006	response	R	0.0168420086170243	0.0159897194497175	624	2	0.292612108335721	0.779372340902734
maxbin_ERR12405943.006	cancer_type	Other	0.0345475574552088	0.0176928835274203	624	2	0.0513129868683128	0.779372340902734
semibin_ERR12405912.39_sub	response	R	0.0318183896290563	0.0395965784450528	624	8	0.421956221505263	0.779372340902734
metabat_SRR11413657.61	response	R	0.00274047097038058	0.00324799128602084	624	1	0.399138342859835	0.779372340902734
metabat_SRR11413657.61	cancer_type	Other	0.00693748190647156	0.00461480526900064	624	1	0.186854704630991	0.779372340902734
maxbin_SRR16554633.004_sub	response	R	0.0067181577880401	0.00607951871343421	624	2	0.269567853000497	0.779372340902734
maxbin_SRR16554633.004_sub	cancer_type	Other	-0.00515369323437608	0.00758175027475184	624	2	0.509736892673995	0.779372340902734
maxbin_SRR11413613.018	response	R	0.0341454362451219	0.0427687988873125	624	10	0.42496114281412	0.779372340902734
maxbin_SRR11413613.018	cancer_type	Other	0.209610968101218	0.117663483017821	624	10	0.109304875869845	0.779372340902734
metabat_SRR16554632.45	response	R	-0.0586681504841287	0.0524128611807127	624	9	0.263425120984347	0.779372340902734
semibin_ERR6275675.25	response	R	0.0808469242520789	0.0465664519597795	624	21	0.0830310813216726	0.779372340902734
semibin_ERR6275675.25	cancer_type	Other	0.12536447293883	0.0515265332453438	624	21	0.0152551829205747	0.779372340902734
semibin_SRR5930503.63	response	R	0.0283273999526672	0.0210732762345405	624	3	0.179363895517648	0.779372340902734
semibin_SRR5930503.63	cancer_type	Other	-0.0366703161599558	0.0388296133347579	624	3	0.373327274382718	0.779372340902734
metabat_SRR16554652.40	response	R	-0.0800763066441625	0.0580936768253603	624	19	0.168577635029274	0.779372340902734
metabat_SRR16554652.40	cancer_type	Other	-0.141387536342	0.0731694943417052	624	19	0.0843933388076349	0.779372340902734
maxbin_SRR16554628.020	response	R	-0.0380491803687915	0.0344484355435335	624	11	0.269793993515691	0.779372340902734
maxbin_SRR16554628.020	cancer_type	Other	0.0570812042532396	0.0748086894930026	624	11	0.472818288332892	0.779372340902734
metabat_ERR6243878.17	cancer_type	Other	-0.0771141589273404	0.0856680211594872	624	18	0.383641527696852	0.779372340902734
metabat_SRR25825517.39	response	R	-0.00364767562890445	0.00324756291914574	624	1	0.261785255348438	0.779372340902734
metabat_SRR25825517.39	cancer_type	Other	-0.00402464976939286	0.0063450521416057	624	1	0.548465649783442	0.779372340902734
semibin_ERR6281344.94_sub	response	R	0.0219329262925547	0.0218256972486746	624	3	0.315330928224288	0.779372340902734
semibin_ERR6281344.94_sub	cancer_type	Other	-0.0190269987680842	0.0274177236442805	624	3	0.500072655945695	0.779372340902734
metabat_ERR12406002.26	response	R	0.0420281492833481	0.039081344331316	624	10	0.282612495743329	0.779372340902734
metabat_ERR12406002.26	cancer_type	Other	0.0736766263721231	0.0432441404318195	624	10	0.0889305846967493	0.779372340902734
semibin_ERR6279654.44_sub	cancer_type	Other	-0.040844013976295	0.0242989530596977	624	8	0.135136529512235	0.779372340902734
maxbin_ERR12405998.001_sub	cancer_type	Other	0.132042486966708	0.0584759022030841	624	12	0.0749695062376731	0.779372340902734
maxbin_ERR6279649.011	response	R	0.0260105198619403	0.0199359878782925	624	6	0.192477683054247	0.779372340902734
maxbin_ERR6279649.011	cancer_type	Other	-0.0213425626917341	0.0220594934541471	624	6	0.33367071669906	0.779372340902734
maxbin_SRR23364192.019	response	R	0.0367990767132784	0.0285707715942722	624	15	0.1982316376754	0.779372340902734
semibin_ERR6275678.4	response	R	-0.0188994265382553	0.0287218953755656	624	9	0.510772595949522	0.779372340902734
semibin_ERR6275678.4	cancer_type	Other	-0.034451425236267	0.0488241114860663	624	9	0.491967145785925	0.779372340902734
metabat_SRR13068843.58_sub	cancer_type	Other	-0.0770112002204128	0.0850218170789661	624	19	0.380789093964045	0.779372340902734
maxbin_ERR6275652.031_sub	response	R	0.018169984195911	0.0217137438945063	624	5	0.403030488175605	0.779372340902734
maxbin_ERR6275652.031_sub	cancer_type	Other	0.0319122654890609	0.024695297205209	624	5	0.231485391157821	0.779372340902734
maxbin_ERR6275667.036	response	R	0.00271740377422692	0.00325038974549856	624	1	0.403462970522321	0.779372340902734
maxbin_ERR6275667.036	cancer_type	Other	-0.00213741563404112	0.00359660889402554	624	1	0.552537030760428	0.779372340902734
metabat_SRR20881983.56	response	R	-0.0922933740544026	0.0577128804867596	624	20	0.110289985282718	0.779372340902734
metabat_SRR20881983.56	cancer_type	Other	-0.111045922365165	0.0776932890413694	624	20	0.192622675029593	0.779372340902734
semibin_SRR23364178.53_sub	response	R	0.0416924400194155	0.0274035161628794	624	10	0.128661985208655	0.779372340902734
semibin_SRR25825519.39	response	R	-0.00364767562963666	0.00324756291917447	624	1	0.261785255257002	0.779372340902734
semibin_SRR25825519.39	cancer_type	Other	-0.00402464976374831	0.00634505212203722	624	1	0.548465649353596	0.779372340902734
metabat_SRR16554775.6_sub	cancer_type	Other	-0.021600655407148	0.0267081713171648	624	4	0.433745235235877	0.779372340902734
semibin_ERR6279656.41	response	R	-0.00386539788210507	0.00324851725981453	624	1	0.234541954590147	0.779372340902734
semibin_ERR6279656.41	cancer_type	Other	-0.00230720556877811	0.00359453695829093	624	1	0.521198035190957	0.779372340902734
metabat_ERR6275668.25_sub	cancer_type	Other	-0.0782391833788896	0.0868797832321242	624	18	0.383422462326183	0.779372340902734
semibin_SRR13022450.11	cancer_type	Other	0.176669587051706	0.139364923616502	624	17	0.236131868822679	0.779372340902734
semibin_SRR20881988.34	cancer_type	Other	0.139490461298035	0.054409884814954	624	10	0.0318611385717809	0.779372340902734
metabat_SRR25825503.64	response	R	-0.0354449995921897	0.0241750358491908	624	4	0.143105095237271	0.779372340902734
metabat_SRR25825503.64	cancer_type	Other	-0.0438583819906395	0.0454649140071145	624	4	0.366729960661348	0.779372340902734
maxbin_ERR12405968.007_sub	response	R	0.0227897546525571	0.0254938652633585	624	7	0.371705254214565	0.779372340902734
semibin_SRR16168940.33	response	R	-0.00446185316232326	0.00324339856992569	624	1	0.16942017351845	0.779372340902734
semibin_SRR16168940.33	cancer_type	Other	-0.00433937523219548	0.00696179973072497	624	1	0.554031865111737	0.779372340902734
maxbin_SRR5930494.003	response	R	0.0195771708385325	0.0291733403300926	624	6	0.502429845321314	0.779372340902734
semibin_ERR12405974.45	response	R	0.035181889693362	0.0432253423662863	624	19	0.416005741936119	0.779372340902734
semibin_ERR12405974.45	cancer_type	Other	0.0971598974276293	0.108189665662389	624	19	0.406480724617437	0.779372340902734
maxbin_SRR11413652.007	cancer_type	Other	0.0569304038194372	0.0352069727501156	624	9	0.106381635330064	0.779372340902734
semibin_SRR20881986.23	response	R	-0.0697250792203281	0.0362904461784901	624	13	0.0551549348623562	0.779372340902734
semibin_SRR20881986.23	cancer_type	Other	0.201714725580329	0.121407969890696	624	13	0.138548678196261	0.779372340902734
metabat_SRR16554763.9	response	R	0.00271740377428126	0.00325038974549856	624	1	0.403462970512922	0.779372340902734
metabat_SRR16554763.9	cancer_type	Other	-0.00213741563394723	0.00359660889402554	624	1	0.552537030777873	0.779372340902734
metabat_ERR6279676.21	response	R	0.0381869122841925	0.0264694880019718	624	4	0.149615757672	0.779372340902734
metabat_ERR6279657.74	response	R	0.0764958514842751	0.0399089524256838	624	11	0.0557300830208287	0.779372340902734
metabat_ERR6279657.74	cancer_type	Other	-0.0504401446345097	0.046332182084843	624	11	0.318707053990643	0.779372340902734
metabat_ERR6279654.2	cancer_type	Other	-0.0776012342756579	0.0863878740685115	624	18	0.384559075908531	0.779372340902734
maxbin_ERR12405972.019	response	R	0.0684112963836625	0.0296103336908036	624	12	0.0211940454272983	0.779372340902734
semibin_SRR16554632.31_sub	response	R	0.0331138058989659	0.0433982109962855	624	13	0.445739831911862	0.779372340902734
maxbin_SRR6000909.001_sub	cancer_type	Other	-0.0133396023796058	0.0134962659822421	624	3	0.36851314094604	0.779372340902734
semibin_ERR6279615.16	response	R	0.0845790169195633	0.0378527112551211	624	13	0.0258101953566579	0.779372340902734
semibin_ERR6279615.16	cancer_type	Other	-0.0944456869958095	0.0646638417712333	624	13	0.187676109343897	0.779372340902734
metabat_SRR5930501.64	cancer_type	Other	-0.087295913491346	0.0778546683495038	624	18	0.281454946275612	0.779372340902734
metabat_SRR5930514.24_sub	response	R	0.0673887993370581	0.0432984089308996	624	17	0.120128162790677	0.779372340902734
metabat_SRR5930514.24_sub	cancer_type	Other	0.043016893458115	0.0553111204608028	624	17	0.453063532851659	0.779372340902734
metabat_SRR16554785.21	response	R	0.0427353544106659	0.0294972254402341	624	4	0.147900533783729	0.779372340902734
metabat_SRR16554785.21	cancer_type	Other	0.0463029261029901	0.0533212169135333	624	4	0.475184033005404	0.779372340902734
semibin_SRR11413678.73	cancer_type	Other	0.176003182604846	0.154495557798811	624	18	0.283261564293364	0.779372340902734
semibin_ERR12405952.9	response	R	0.0703824628670163	0.036445214146462	624	16	0.0539149203121813	0.779372340902734
semibin_ERR12405952.9	cancer_type	Other	0.102110403560043	0.0403272196896884	624	16	0.0115852432308647	0.779372340902734
semibin_SRR23364231.4	response	R	-0.0223732785913606	0.0327847149687463	624	13	0.495222944687479	0.779372340902734
semibin_SRR23364231.4	cancer_type	Other	-0.0287085830117547	0.0388009862504221	624	13	0.487724549326711	0.779372340902734
maxbin_SRR5930499.004	response	R	0.0172419921622736	0.0147140844561935	624	4	0.241725970309398	0.779372340902734
maxbin_SRR5930499.004	cancer_type	Other	-0.0256686549779693	0.0253661005389254	624	4	0.343267197081303	0.779372340902734
semibin_ERR6281942.101	response	R	-0.011265725953327	0.00705077632806885	624	2	0.11059785629813	0.779372340902734
semibin_ERR6281942.101	cancer_type	Other	-0.00626155590955135	0.00825589582285453	624	2	0.46305196970908	0.779372340902734
semibin_SRR16554628.46_sub	response	R	0.0480788260716519	0.0302917637758192	624	4	0.11297831865722	0.779372340902734
semibin_SRR16554628.46_sub	cancer_type	Other	0.0469275007811408	0.0335183271983653	624	4	0.16199624340138	0.779372340902734
maxbin_ERR6280910.013	cancer_type	Other	-0.0255140226342144	0.035588623407621	624	4	0.486012047312202	0.779372340902734
maxbin_ERR6257997.012	response	R	0.0179829407042276	0.0173739491726645	624	4	0.301049627875048	0.779372340902734
maxbin_ERR6257997.012	cancer_type	Other	-0.0193577459791658	0.019734642754757	624	4	0.355719401150882	0.779372340902734
semibin_SRR5930532.72	response	R	0.0760404458599434	0.0545700229705893	624	15	0.163986219755063	0.779372340902734
semibin_SRR5930532.72	cancer_type	Other	-0.109102630164232	0.158253654089655	624	15	0.508634521497602	0.779372340902734
semibin_SRR6000901.54	response	R	0.0192316822418231	0.0135846026106557	624	3	0.157367609101785	0.779372340902734
semibin_SRR6000901.54	cancer_type	Other	-0.0151534268877346	0.0182617477706178	624	3	0.452926905205054	0.779372340902734
metabat_ERR6279644.24_sub	response	R	0.0340840868533337	0.0262050103063163	624	8	0.193856835188373	0.779372340902734
metabat_ERR6279644.24_sub	cancer_type	Other	-0.0480244820828793	0.02921563363768	624	8	0.145266319373123	0.779372340902734
semibin_SRR5930529.59	response	R	0.0643708843391505	0.0634925528680427	624	21	0.311058051896282	0.779372340902734
semibin_SRR5930529.59	cancer_type	Other	0.126524794473079	0.148201321826038	624	21	0.415294687214806	0.779372340902734
maxbin_SRR16554777.015	cancer_type	Other	0.205187188349464	0.125919208052475	624	15	0.150728720130664	0.779372340902734
maxbin_ERR6275676.002_sub	cancer_type	Other	-0.0101725229309812	0.0141892354385224	624	3	0.486377822497059	0.779372340902734
metabat_SRR6000932.51	response	R	0.0312643913151412	0.0188427064924821	624	5	0.0975763954226364	0.779372340902734
metabat_SRR6000932.51	cancer_type	Other	-0.0365065719716673	0.0489636979080172	624	5	0.474376622292164	0.779372340902734
metabat_SRR11413645.47	response	R	0.0150197850162861	0.0227518474445937	624	12	0.509400126425381	0.779372340902734
metabat_SRR11413645.47	cancer_type	Other	0.123766759039922	0.0817104148973766	624	12	0.163196604332706	0.779372340902734
semibin_SRR11413606.65	cancer_type	Other	0.0313568423136431	0.0208994661578795	624	3	0.16976908536544	0.779372340902734
maxbin_SRR16554681.010	response	R	0.00271740377438758	0.00325038974549856	624	1	0.403462970494536	0.779372340902734
maxbin_SRR16554681.010	cancer_type	Other	-0.00213741563401317	0.00359660889402554	624	1	0.552537030765621	0.779372340902734
metabat_SRR25825506.48	response	R	0.0165196387369219	0.0146851039216049	624	2	0.261055777525071	0.779372340902734
metabat_ERR6281518.38	response	R	0.0172412328897742	0.0176113580206359	624	2	0.327970639154096	0.779372340902734
metabat_ERR6281518.38	cancer_type	Other	-0.0133422147118338	0.0197063608222249	624	2	0.511258117122433	0.779372340902734
metabat_SRR5930532.8_sub	response	R	0.0202528219840982	0.0207126978127249	624	4	0.328557281233203	0.779372340902734
metabat_SRR5930532.8_sub	cancer_type	Other	0.0242953585869545	0.026465199895023	624	4	0.405551542088694	0.779372340902734
maxbin_ERR12405999.007	response	R	-0.0236256133776781	0.022458896955513	624	8	0.29323212433675	0.779372340902734
maxbin_ERR12405999.007	cancer_type	Other	0.0897604744878926	0.038915123847269	624	8	0.0567789909666978	0.779372340902734
metabat_SRR20881974.56	cancer_type	Other	0.0870426615064495	0.108994596190454	624	9	0.453689433395569	0.779372340902734
metabat_ERR6275668.37	cancer_type	Other	-0.0076042846964276	0.010823507087522	624	2	0.495570507294224	0.779372340902734
metabat_ERR6279657.79	response	R	0.017347903939805	0.0223573068729026	624	6	0.438084626288415	0.779372340902734
metabat_ERR6279657.79	cancer_type	Other	0.156899598784292	0.112744111708108	624	6	0.204004978154827	0.779372340902734
metabat_ERR6280948.10	response	R	0.0248109342753366	0.020761661579999	624	3	0.232530232538427	0.779372340902734
metabat_ERR6280948.10	cancer_type	Other	-0.0172179060231595	0.0251580064267917	624	3	0.506136594726918	0.779372340902734
metabat_ERR6232458.8	response	R	0.00271740377423007	0.00325038974549855	624	1	0.403462970521773	0.779372340902734
metabat_ERR6232458.8	cancer_type	Other	-0.00213741563403372	0.00359660889402552	624	1	0.552537030761802	0.779372340902734
semibin_SRR13068825.75	cancer_type	Other	-0.0938700291608499	0.0525915717363879	624	18	0.0747676145955547	0.779372340902734
maxbin_SRR25825521.011	cancer_type	Other	-0.0519892960712826	0.0631281944870754	624	11	0.43709120169913	0.779372340902734
maxbin_SRR8387710.003	response	R	0.0739782470721391	0.0409860786300445	624	10	0.071567387925797	0.779372340902734
maxbin_SRR8387710.003	cancer_type	Other	0.0648126737943195	0.0917648759710304	624	10	0.517841124081814	0.779372340902734
semibin_SRR16168943.41	response	R	0.0302256017961831	0.0511904439416692	624	18	0.555101137166107	0.779372340902734
semibin_SRR16168943.41	cancer_type	Other	-0.0798161781834822	0.0850204195946778	624	18	0.370525351207488	0.779372340902734
metabat_SRR16554658.17	cancer_type	Other	0.0516843848456705	0.030075026969926	624	8	0.0862011344738322	0.779372340902734
maxbin_ERR6275682.011	response	R	-0.00386539788226716	0.00324851725981454	624	1	0.234541954570544	0.779372340902734
maxbin_ERR6275682.011	cancer_type	Other	-0.00230720556880334	0.00359453695829094	624	1	0.521198035186398	0.779372340902734
metabat_ERR12405939.20	response	R	-0.0170337102666134	0.0227332142638379	624	7	0.453967865639241	0.779372340902734
semibin_SRR23364187.82	response	R	-0.0114279543804115	0.00749685308486372	624	2	0.127926173631529	0.779372340902734
semibin_SRR23364187.82	cancer_type	Other	0.0177889059932254	0.00829538935125083	624	2	0.0323856666314643	0.779372340902734
semibin_SRR25825515.31	cancer_type	Other	-0.0299633435716138	0.0297309963169909	624	5	0.351881084442089	0.779372340902734
maxbin_SRR8387712.001	response	R	0.0121643135702558	0.0183506585250601	624	2	0.507655764757233	0.779372340902734
maxbin_SRR8387712.001	cancer_type	Other	0.110195943263133	0.08469508174456	624	2	0.233217878798303	0.779372340902734
metabat_SRR16554727.13_sub	response	R	0.00271740377418499	0.00325038974549854	624	1	0.403462970529571	0.779372340902734
metabat_SRR16554727.13_sub	cancer_type	Other	-0.00213741563411455	0.00359660889402551	624	1	0.55253703074678	0.779372340902734
semibin_ERR6275668.126	response	R	-0.0110041540994436	0.0120188504863575	624	4	0.360245449488059	0.779372340902734
semibin_ERR6275668.126	cancer_type	Other	-0.0077227758954397	0.0132990527105438	624	4	0.561652520075533	0.779372340902734
metabat_SRR16554657.23	response	R	0.0336079311926226	0.0321592932601368	624	7	0.29640846486322	0.779372340902734
metabat_SRR16554727.4	response	R	0.00876607584114666	0.00827671423101992	624	2	0.289955643296288	0.779372340902734
metabat_SRR16554727.4	cancer_type	Other	-0.00677710957230318	0.0100739739844756	624	2	0.514222492439851	0.779372340902734
semibin_ERR6279661.82	response	R	0.00271740377401191	0.00325038974549854	624	1	0.403462970559502	0.779372340902734
semibin_ERR6279661.82	cancer_type	Other	-0.00213741563416389	0.00359660889402552	624	1	0.552537030737613	0.779372340902734
metabat_SRR23364197.91	response	R	-0.116352312227404	0.0567477293532552	624	20	0.0407509330232422	0.779372340902734
metabat_SRR23364197.91	cancer_type	Other	-0.152014201649664	0.0788451422273544	624	20	0.0913882199525999	0.779372340902734
semibin_ERR6275674.45_sub	response	R	-0.0417828068643167	0.0336007356360865	624	10	0.214150973225358	0.779372340902734
semibin_ERR6275674.45_sub	cancer_type	Other	-0.0347954224168095	0.0442129510063497	624	10	0.457326006377198	0.779372340902734
semibin_ERR6230326.4	cancer_type	Other	-0.0605837353596619	0.0777018100701213	624	17	0.451628385573504	0.779372340902734
metabat_SRR6000932.13	response	R	0.0785634787723094	0.0409715411479836	624	14	0.0556327625240041	0.779372340902734
metabat_SRR16554767.15	response	R	0.0628483160771147	0.0299632825795463	624	7	0.0363520149348263	0.779372340902734
metabat_SRR16554767.15	cancer_type	Other	0.0224205133952768	0.0331548574348788	624	7	0.499142489728938	0.779372340902734
semibin_SRR5930512.37	cancer_type	Other	0.0858683719828219	0.0499743157951552	624	13	0.124371784603577	0.779372340902734
metabat_SRR5930501.19_sub	response	R	-0.0342649540600717	0.0232981992485638	624	3	0.141877883071543	0.779372340902734
metabat_SRR5930501.19_sub	cancer_type	Other	-0.0161533626080941	0.0259825176195638	624	3	0.549589752831507	0.779372340902734
semibin_ERR6235716.28_sub	response	R	0.042528540287852	0.0442148441735029	624	14	0.336493826119447	0.779372340902734
semibin_ERR6235716.28_sub	cancer_type	Other	-0.115844050050482	0.0820304091425113	624	14	0.19773309436686	0.779372340902734
maxbin_ERR6279674.007_sub	response	R	0.0027174037740664	0.00325038974549855	624	1	0.403462970550078	0.779372340902734
maxbin_ERR6279674.007_sub	cancer_type	Other	-0.00213741563406267	0.00359660889402553	624	1	0.552537030756423	0.779372340902734
semibin_SRR6000892.94	response	R	-0.0113305185725075	0.0144094609819854	624	6	0.431978168931154	0.779372340902734
semibin_SRR6000892.94	cancer_type	Other	-0.023192652802504	0.0177982708075847	624	6	0.229834745432011	0.779372340902734
maxbin_SRR6000908.002	cancer_type	Other	-0.0475463687880896	0.0365326533409242	624	8	0.244524672028873	0.779372340902734
semibin_ERR6231616.37	response	R	0.0163972871013786	0.0166089956371801	624	2	0.32390431932593	0.779372340902734
semibin_ERR6231616.37	cancer_type	Other	-0.0126298314333239	0.0186452347527147	624	2	0.511032842013181	0.779372340902734
metabat_SRR11413678.18	response	R	0.021777406717687	0.028583816232307	624	5	0.446421533539577	0.779372340902734
metabat_SRR11413678.18	cancer_type	Other	0.044632437337735	0.0501420988147261	624	5	0.40109817834538	0.779372340902734
semibin_SRR11413649.100	response	R	0.0550646839029541	0.0304942293295957	624	5	0.0714428938459584	0.779372340902734
semibin_SRR11413649.100	cancer_type	Other	0.0380934081907445	0.0337423586125841	624	5	0.259355192193519	0.779372340902734
metabat_SRR20881981.21_sub	response	R	0.0336149029504884	0.0274716090068862	624	8	0.221559705941337	0.779372340902734
metabat_SRR20881981.21_sub	cancer_type	Other	-0.0245426983915621	0.0359199110057284	624	8	0.515807731905348	0.779372340902734
metabat_SRR5930504.26	response	R	-0.0243950555633833	0.0377712687709027	624	11	0.518609647845978	0.779372340902734
metabat_SRR5930504.26	cancer_type	Other	0.133799318814406	0.145900320882282	624	11	0.388446915839013	0.779372340902734
maxbin_ERR12405933.003	response	R	-0.00369560794734588	0.00324289095445247	624	1	0.25489114331241	0.779372340902734
maxbin_ERR12405933.003	cancer_type	Other	0.00575263255137782	0.00358831136028881	624	1	0.109408088704056	0.779372340902734
maxbin_SRR11413691.013	response	R	-0.0371821036024687	0.0370041176084288	624	12	0.315379889123724	0.779372340902734
maxbin_SRR11413691.013	cancer_type	Other	0.0901479080794334	0.069728974063444	624	12	0.232805277987155	0.779372340902734
metabat_ERR6279677.10	response	R	-0.0362620773906381	0.0414100782167401	624	13	0.381545195467319	0.779372340902734
metabat_ERR6279677.10	cancer_type	Other	0.153148322641087	0.147053887889745	624	13	0.333455915991062	0.779372340902734
semibin_ERR6275661.92	cancer_type	Other	0.0223619175434633	0.0229651909899455	624	3	0.368132024325237	0.779372340902734
maxbin_SRR11413620.008	response	R	0.0221533435782467	0.0208755814706408	624	5	0.289007712919521	0.779372340902734
maxbin_SRR11413620.008	cancer_type	Other	0.0556351322296826	0.035718450865531	624	5	0.163545327388931	0.779372340902734
semibin_ERR6279625.36	response	R	-0.0262015078649943	0.0299341781635515	624	10	0.381747977338634	0.779372340902734
semibin_ERR6279625.36	cancer_type	Other	-0.0258886188332826	0.0369763752733415	624	10	0.502040607140239	0.779372340902734
metabat_ERR12405952.30	response	R	0.0186767296164981	0.0209477950068246	624	3	0.372960993276018	0.779372340902734
metabat_ERR12405952.30	cancer_type	Other	0.0439328518161581	0.0231790744282616	624	3	0.0585079061948337	0.779372340902734
metabat_SRR13068834.43_sub	response	R	0.0301547012061169	0.0485071405845171	624	22	0.534397144240283	0.779372340902734
metabat_SRR8387712.32_sub	response	R	0.00299436422322807	0.00316787441322307	624	1	0.344915122191884	0.779372340902734
metabat_SRR8387712.32_sub	cancer_type	Other	0.0202891363404996	0.0148794536657058	624	1	0.213446129136078	0.779372340902734
semibin_SRR23364199.39	cancer_type	Other	-0.0724482340238823	0.0790725934636765	624	16	0.375446516636394	0.779372340902734
metabat_ERR6271721.74_sub	response	R	-0.0486590695341506	0.0301445884861869	624	10	0.10699435864618	0.779372340902734
metabat_ERR6271721.74_sub	cancer_type	Other	-0.055417178194669	0.0333554753568576	624	10	0.0971354934706199	0.779372340902734
semibin_ERR12406006.72	response	R	-0.0185282417456009	0.0189291667405069	624	2	0.328050220550082	0.779372340902734
semibin_ERR12406006.72	cancer_type	Other	0.0309338391441969	0.0209454295595425	624	2	0.140215324633035	0.779372340902734
metabat_ERR6232526.13	response	R	-0.0220387657030273	0.0232465244581135	624	4	0.343475000811619	0.779372340902734
metabat_ERR6232526.13	cancer_type	Other	-0.024413473563117	0.0257226557944388	624	4	0.34293696040929	0.779372340902734
metabat_SRR11413619.57_sub	response	R	0.0177437981592489	0.0151764648173885	624	3	0.242786138052032	0.779372340902734
metabat_SRR11413619.57_sub	cancer_type	Other	0.0498408047737834	0.0318031545041688	624	3	0.152304207410531	0.779372340902734
semibin_SRR6000931.54	response	R	0.0181191797834697	0.010824220413826	624	4	0.0946459477652445	0.779372340902734
semibin_SRR6000931.54	cancer_type	Other	-0.0134714026818793	0.0141992083527525	624	4	0.376938441325141	0.779372340902734
metabat_SRR16168938.20_sub	response	R	0.0272816222742436	0.0272308033104414	624	10	0.316799809168454	0.779372340902734
metabat_SRR16168938.20_sub	cancer_type	Other	-0.0771520007920094	0.067679538504018	624	10	0.283084810106166	0.779372340902734
metabat_SRR25825498.29	response	R	0.00305072648099034	0.00324838685646122	624	1	0.348018606463489	0.779372340902734
metabat_SRR25825498.29	cancer_type	Other	-0.00415001399157583	0.00645576552260967	624	1	0.542520353988045	0.779372340902734
semibin_SRR5930517.10	response	R	-0.0238368956168026	0.0186978045723452	624	4	0.202839125397585	0.779372340902734
semibin_SRR5930517.10	cancer_type	Other	-0.015793898092707	0.0206894235735208	624	4	0.44552653933332	0.779372340902734
semibin_SRR13068815.96	cancer_type	Other	-0.0216546685012507	0.0312539843782211	624	6	0.501225026974125	0.779372340902734
maxbin_ERR12405955.019	response	R	0.0556880645963003	0.0505009651044535	624	15	0.270579324395384	0.779372340902734
semibin_SRR5930506.177_sub	cancer_type	Other	-0.0546037842093334	0.0350286964402369	624	10	0.231371416119034	0.779372340902734
semibin_SRR11413610.21	response	R	-0.034917151449724	0.043073127886083	624	20	0.417879364169794	0.779372340902734
semibin_SRR11413610.21	cancer_type	Other	-0.0828801516319047	0.0519388474260061	624	20	0.14401889280183	0.779372340902734
metabat_SRR13068840.32_sub	cancer_type	Other	-0.0725402048887413	0.0789050484352136	624	16	0.373890185179512	0.779372340902734
semibin_ERR6281997.48_sub	response	R	0.0226716825405891	0.0149418210939031	624	6	0.129692112884133	0.779372340902734
semibin_ERR6281997.48_sub	cancer_type	Other	-0.0122558951089719	0.0165333670258141	624	6	0.458802412079346	0.779372340902734
maxbin_SRR16554772.010	response	R	0.00271740377401833	0.00325038974549853	624	1	0.403462970558393	0.779372340902734
maxbin_SRR16554772.010	cancer_type	Other	-0.00213741563414358	0.00359660889402551	624	1	0.552537030741386	0.779372340902734
semibin_SRR11413692.14	response	R	0.0401160161501718	0.0346021666735878	624	10	0.246759195254544	0.779372340902734
semibin_SRR11413692.14	cancer_type	Other	-0.0339558760449318	0.0382878578124763	624	10	0.375498915187739	0.779372340902734
metabat_SRR20881987.26	response	R	-0.0255247504278351	0.0266402292874403	624	11	0.338371094102827	0.779372340902734
maxbin_SRR11413617.006	response	R	0.0241270601714001	0.025565359209989	624	2	0.345670058818214	0.779372340902734
maxbin_SRR11413617.006	cancer_type	Other	0.0512054171966508	0.0363364410367362	624	2	0.211864509932163	0.779372340902734
semibin_SRR25825500.44	response	R	-0.00841725081657576	0.0106679067908853	624	3	0.430401318767279	0.779372340902734
semibin_SRR25825500.44	cancer_type	Other	-0.0123045454158125	0.0129370640116081	624	3	0.411791643549893	0.779372340902734
semibin_SRR13068834.35	response	R	-0.0262807574330573	0.0389704288176915	624	11	0.500322682747522	0.779372340902734
metabat_SRR25825515.33	cancer_type	Other	-0.0131096522203161	0.0129049336232624	624	4	0.348704113105758	0.779372340902734
metabat_SRR16554744.18	cancer_type	Other	0.0700982401727916	0.0722348606434438	624	9	0.363606326171934	0.779372340902734
metabat_ERR12405961.1_sub	response	R	-0.00369560794757463	0.00324289095445247	624	1	0.254891143283032	0.779372340902734
metabat_ERR12405961.1_sub	cancer_type	Other	0.00575263255124188	0.00358831136028881	624	1	0.109408088712424	0.779372340902734
maxbin_SRR16168986.030_sub	response	R	0.0625878903795527	0.0371457092709087	624	27	0.0925104391720125	0.779372340902734
semibin_SRR16554644.4	response	R	0.0158533625890667	0.0228085997222928	624	7	0.487277282056895	0.779372340902734
semibin_SRR16554644.4	cancer_type	Other	-0.0398463016043192	0.0425679104847542	624	7	0.377055214962052	0.779372340902734
semibin_ERR12405928.73_sub	response	R	-0.00369560794760572	0.00324289095445248	624	1	0.25489114327904	0.779372340902734
semibin_ERR12405928.73_sub	cancer_type	Other	0.00575263255118613	0.00358831136028881	624	1	0.109408088715851	0.779372340902734
maxbin_SRR25825516.012	response	R	-0.0036476756092607	0.00324756291849862	624	1	0.261785257819866	0.779372340902734
maxbin_SRR25825516.012	cancer_type	Other	-0.00402464989718988	0.00634505258235876	624	1	0.54846566447512	0.779372340902734
metabat_ERR6275674.73	response	R	0.0136772765227232	0.0134959202348612	624	2	0.311245749913879	0.779372340902734
metabat_ERR6275674.73	cancer_type	Other	-0.0107580717110474	0.0149334543086665	624	2	0.471549358747936	0.779372340902734
maxbin_SRR23364230.017	cancer_type	Other	0.02902920910804	0.029291385579174	624	9	0.377650343826835	0.779372340902734
semibin_ERR6275675.85	response	R	0.0683658837353378	0.0499525430625844	624	19	0.171614022422296	0.779372340902734
maxbin_ERR6280910.012	response	R	-0.0352836599088597	0.039176044298219	624	9	0.368128564575138	0.779372340902734
maxbin_ERR6280910.012	cancer_type	Other	-0.0744593971750808	0.0519769416691051	624	9	0.228167321339623	0.779372340902734
metabat_ERR6279679.3	response	R	0.00271740377421909	0.00325038974549854	624	1	0.40346297052367	0.779372340902734
metabat_ERR6279679.3	cancer_type	Other	-0.00213741563405781	0.00359660889402552	624	1	0.552537030757324	0.779372340902734
metabat_ERR12406012.50_sub	response	R	0.0565119726666169	0.0390123743662262	624	10	0.147963731223191	0.779372340902734
metabat_ERR12406012.50_sub	cancer_type	Other	0.109759905704484	0.043167824048467	624	10	0.0112437068365016	0.779372340902734
maxbin_SRR11413614.004	cancer_type	Other	0.0247563253953268	0.0245815325444996	624	4	0.375332098837178	0.779372340902734
metabat_SRR6000921.8	response	R	-0.0456704646006942	0.0389372436424864	624	11	0.241281012568199	0.779372340902734
metabat_SRR6000921.8	cancer_type	Other	0.157499959303988	0.144228940190966	624	11	0.311698405206238	0.779372340902734
metabat_SRR16554704.6	response	R	-0.0170528254879435	0.027753190481891	624	6	0.539145964696061	0.779372340902734
metabat_SRR16554704.6	cancer_type	Other	-0.0181209595777473	0.0307093547359944	624	6	0.555352022563336	0.779372340902734
metabat_SRR11413610.30	cancer_type	Other	0.0322802021269648	0.0214943462548694	624	3	0.168824519672838	0.779372340902734
semibin_ERR12406004.23	response	R	0.0269277555909704	0.0222614325314847	624	6	0.226887058539722	0.779372340902734
semibin_ERR12406004.23	cancer_type	Other	0.0206436218889431	0.0246326356238878	624	6	0.402319551989075	0.779372340902734
maxbin_ERR12406000.009_sub	response	R	0.0122183027360273	0.0176484309347527	624	5	0.488997275943112	0.779372340902734
maxbin_ERR12406000.009_sub	cancer_type	Other	0.0314312740451357	0.0195282746487348	624	5	0.108009472527837	0.779372340902734
maxbin_ERR12405914.010_sub	response	R	0.0149814578147554	0.0139490321752606	624	2	0.283233483168073	0.779372340902734
maxbin_ERR12405914.010_sub	cancer_type	Other	0.0307310598384593	0.0154348300089457	624	2	0.0469163982172671	0.779372340902734
metabat_ERR6279651.12	response	R	0.107906716575304	0.044447886674028	624	14	0.0154775289395798	0.779372340902734
metabat_ERR6279651.12	cancer_type	Other	-0.115138335811984	0.077068498328914	624	14	0.176142048471546	0.779372340902734
metabat_SRR16554652.47	response	R	-0.040892656522373	0.0348160395592824	624	13	0.240636292891719	0.779372340902734
metabat_SRR16554652.47	cancer_type	Other	0.131016547373174	0.121929204427956	624	13	0.320706612796506	0.779372340902734
metabat_ERR6282137.16	response	R	0.0153600745840335	0.0182725538482846	624	4	0.400890511478661	0.779372340902734
metabat_ERR6282137.16	cancer_type	Other	-0.0120537448697873	0.0202188767603377	624	4	0.551283619985017	0.779372340902734
metabat_ERR12405928.39	response	R	-0.0307174684291982	0.0364851960859187	624	10	0.400159105267338	0.779372340902734
maxbin_SRR16554643.001	response	R	0.0132078448499676	0.0133113373861642	624	2	0.321475327534276	0.779372340902734
maxbin_SRR16554643.001	cancer_type	Other	-0.0103085750287488	0.0156107789457758	624	2	0.522144160571649	0.779372340902734
metabat_SRR11413614.4	response	R	0.0793643973467871	0.0456624995444855	624	18	0.0826983788307538	0.779372340902734
metabat_ERR6275672.27	cancer_type	Other	-0.011752896849711	0.0162388481987869	624	3	0.482416163689697	0.779372340902734
maxbin_SRR5930530.047	response	R	0.0456306736297162	0.0274505326345399	624	7	0.09696003689089	0.779372340902734
metabat_ERR12405998.13	response	R	0.00288719370888663	0.00324421195298838	624	1	0.37383615875589	0.779372340902734
metabat_ERR12405998.13	cancer_type	Other	0.00592242248593731	0.00358977306656259	624	1	0.0994886788621969	0.779372340902734
semibin_ERR6275652.38	response	R	0.0136326319197713	0.0198195723192977	624	4	0.491812695965786	0.779372340902734
semibin_ERR6275652.38	cancer_type	Other	-0.0186834351291063	0.0265148423622339	624	4	0.493245889167146	0.779372340902734
maxbin_SRR16554723.009	response	R	-0.00387343531196863	0.00324868163473328	624	1	0.233597028343271	0.779372340902734
maxbin_SRR16554723.009	cancer_type	Other	-0.0022981480410089	0.00361594294116907	624	1	0.538199402756273	0.779372340902734
semibin_SRR11413656.86	response	R	0.00836688041541048	0.011839955493441	624	3	0.48004047802165	0.779372340902734
semibin_SRR11413656.86	cancer_type	Other	0.0423503776120838	0.0271698335482352	624	3	0.153193124105736	0.779372340902734
semibin_SRR6000893.52	cancer_type	Other	-0.0240601502517601	0.0346330244213222	624	7	0.503250648231323	0.779372340902734
metabat_SRR25825496.4_sub	response	R	-0.0915563139235099	0.0618216217579343	624	24	0.139120651722299	0.779372340902734
metabat_SRR25825496.4_sub	cancer_type	Other	-0.0762263143436977	0.122816049522091	624	24	0.551930401951126	0.779372340902734
semibin_ERR6279624.28	response	R	0.0315828732684745	0.0315203368885511	624	3	0.31674158177053	0.779372340902734
semibin_ERR6279624.28	cancer_type	Other	-0.0301895871551362	0.0348777632445599	624	3	0.387053334225897	0.779372340902734
metabat_SRR11413607.17	response	R	-0.0147548063153702	0.0143591988569174	624	2	0.304561254977148	0.779372340902734
metabat_SRR11413607.17	cancer_type	Other	0.0391742337413964	0.0253828587528797	624	2	0.161217483818529	0.779372340902734
metabat_ERR6275652.11	response	R	0.0133578888896366	0.0131254563289464	624	2	0.309212814434388	0.779372340902734
metabat_ERR6275652.11	cancer_type	Other	-0.0105068524675668	0.014523529997044	624	2	0.469684122748171	0.779372340902734
semibin_ERR6233692.8_sub	response	R	0.0173816295289524	0.0134400645263399	624	3	0.196399598671327	0.779372340902734
semibin_ERR6233692.8_sub	cancer_type	Other	-0.011566455446818	0.0168339786726239	624	3	0.504246554490906	0.779372340902734
maxbin_ERR12406013.003	response	R	-0.00660418048208613	0.00799123110871829	624	3	0.408878513991277	0.779372340902734
maxbin_ERR12406013.003	cancer_type	Other	0.0161020066495847	0.00884242664118462	624	3	0.0690888178972467	0.779372340902734
metabat_SRR16168984.63	response	R	-0.0243285928871504	0.0253847259074204	624	4	0.338238237807052	0.779372340902734
metabat_SRR16168984.63	cancer_type	Other	-0.0317369776861143	0.0312424859031451	624	4	0.345666939143474	0.779372340902734
semibin_ERR6275680.83	response	R	-0.0517455891688344	0.0415732710366153	624	10	0.213717483980285	0.779372340902734
semibin_ERR6275680.83	cancer_type	Other	-0.0664650380202115	0.0664173260663072	624	10	0.338015389476541	0.779372340902734
semibin_ERR12405992.13	cancer_type	Other	-0.0447394068698274	0.0641147537466949	624	10	0.505584888837482	0.779372340902734
semibin_SRR13068829.28_sub	cancer_type	Other	-0.0780547078408295	0.0733273133630948	624	19	0.32356106966379	0.779372340902734
semibin_ERR6233695.130	response	R	-0.0657266236550785	0.0270305297137957	624	5	0.0153154896041196	0.779372340902734
semibin_ERR6233695.130	cancer_type	Other	-0.0281885868757099	0.0388186700809654	624	5	0.480432452843471	0.779372340902734
metabat_ERR12405949.30_sub	cancer_type	Other	0.0815729582509748	0.0526408093273272	624	7	0.17812202273916	0.779372340902734
metabat_ERR12405959.36	response	R	-0.0372722468967346	0.0634534934921919	624	18	0.55715214687454	0.779372340902734
semibin_SRR5930515.39_sub	response	R	-0.0116249687929266	0.0118704426427942	624	4	0.327803211872261	0.779372340902734
metabat_ERR6275652.42_sub	response	R	-0.00743422174702646	0.00918120577835489	624	2	0.418411291818245	0.779372340902734
metabat_ERR6275652.42_sub	cancer_type	Other	-0.0078121701956607	0.0105742011730241	624	2	0.474386622748135	0.779372340902734
semibin_SRR16168918.72	response	R	0.00227841089627101	0.003247653086817	624	1	0.4832192372889	0.779372340902734
semibin_SRR16168918.72	cancer_type	Other	-0.00436200145229628	0.00666531726378502	624	1	0.53602991719806	0.779372340902734
metabat_ERR12405955.18	response	R	0.0151403611366359	0.0161763439230893	624	5	0.349660881936071	0.779372340902734
maxbin_SRR5930532.015	response	R	0.0217179909442193	0.026926158364817	624	7	0.420219954958283	0.779372340902734
maxbin_SRR5930532.015	cancer_type	Other	-0.0406676905533675	0.0382225864168522	624	7	0.312476295507165	0.779372340902734
metabat_SRR11413681.52	cancer_type	Other	0.209722800404295	0.143315028808779	624	16	0.177302056795228	0.779372340902734
semibin_SRR16554667.24	response	R	-0.0136554982339659	0.0105401945904745	624	3	0.195608509164348	0.779372340902734
semibin_SRR25825501.29	response	R	0.0096226512027608	0.0121090778597082	624	3	0.427112910182329	0.779372340902734
metabat_ERR6279681.37	response	R	0.0532572819439483	0.0504190145189823	624	20	0.291244873819624	0.779372340902734
metabat_ERR6279681.37	cancer_type	Other	-0.0682880526355131	0.0826992933451165	624	20	0.427156621672003	0.779372340902734
metabat_ERR12405998.10	response	R	0.016087394503423	0.0153670619522246	624	2	0.295564476047404	0.779372340902734
metabat_ERR12405998.10	cancer_type	Other	0.0252880852905356	0.0170039029223971	624	2	0.137471395911645	0.779372340902734
metabat_SRR16554766.12	response	R	0.0367098113703564	0.0355936781573742	624	9	0.302776263509891	0.779372340902734
metabat_SRR16554766.12	cancer_type	Other	0.0565913665914857	0.0450387172528682	624	9	0.254903234242385	0.779372340902734
semibin_ERR6281677.14	response	R	-0.0166279605490442	0.0165778048012007	624	2	0.316239235861353	0.779372340902734
semibin_ERR6281677.14	cancer_type	Other	-0.0136844112234239	0.0183436094929834	624	2	0.455947120564778	0.779372340902734
semibin_SRR11413687.8	cancer_type	Other	0.122284554359399	0.079463621087415	624	11	0.157326667066596	0.779372340902734
metabat_SRR6000895.39	cancer_type	Other	-0.0171391284064162	0.0137850149463848	624	5	0.243510096204186	0.779372340902734
metabat_SRR11413647.22	response	R	-0.05816145778721	0.0381384359215415	624	12	0.127769737884993	0.779372340902734
metabat_SRR11413647.22	cancer_type	Other	0.165440935944134	0.125968539629855	624	12	0.22020291776218	0.779372340902734
metabat_ERR12405920.28	cancer_type	Other	-0.0517568534654959	0.0843464616077364	624	16	0.556108175039308	0.779372340902734
semibin_SRR11413647.24_sub	response	R	-0.0257570350661537	0.0349843458523555	624	11	0.461860262010224	0.779372340902734
semibin_SRR11413647.24_sub	cancer_type	Other	0.067997635366425	0.0734923886290949	624	11	0.380495319233064	0.779372340902734
metabat_SRR16554777.35	cancer_type	Other	-0.0190270512846162	0.0180330987288881	624	4	0.291781571384887	0.779372340902734
semibin_ERR6275683.2	response	R	-0.00386539788200705	0.00324851725981452	624	1	0.234541954601993	0.779372340902734
semibin_ERR6275683.2	cancer_type	Other	-0.00230720556859882	0.00359453695829092	624	1	0.521198035223317	0.779372340902734
metabat_ERR12405998.47	response	R	0.0413169926194661	0.0311859523865872	624	6	0.185705183598526	0.779372340902734
metabat_ERR12405998.47	cancer_type	Other	0.0300469495176121	0.0345077613777213	624	6	0.38423795757718	0.779372340902734
semibin_SRR6000949.57	response	R	-0.0325905911421865	0.0219627879125436	624	3	0.138346061700453	0.779372340902734
semibin_SRR6000949.57	cancer_type	Other	-0.0250845777936777	0.0268145626851824	624	3	0.397108649932695	0.779372340902734
semibin_ERR6275652.61	cancer_type	Other	-0.048021065201472	0.040149184516014	624	5	0.279729627961133	0.779372340902734
maxbin_SRR5930506.009	cancer_type	Other	-0.0475933272815762	0.0459726177429387	624	4	0.343456697396654	0.779372340902734
semibin_ERR12405971.25	response	R	0.0474838604119819	0.0317296302672269	624	12	0.135034738860496	0.779372340902734
semibin_SRR5930497.45	response	R	0.0278959485871053	0.0179159153037153	624	4	0.119968434565251	0.779372340902734
semibin_SRR5930497.45	cancer_type	Other	0.0124742017520544	0.0198242504349497	624	4	0.529423666172314	0.779372340902734
maxbin_ERR6279649.012	response	R	0.0390990844939195	0.0234926026849662	624	5	0.096555913548524	0.779372340902734
maxbin_ERR6279649.012	cancer_type	Other	-0.0301244355468906	0.0265508077980493	624	5	0.28043863071078	0.779372340902734
semibin_SRR11413613.5	cancer_type	Other	0.106106409162553	0.0681911863164337	624	10	0.153312108269678	0.779372340902734
maxbin_SRR16554777.012	response	R	0.0738026636309625	0.0363569338382222	624	13	0.0427876673191956	0.779372340902734
maxbin_SRR16554777.012	cancer_type	Other	0.0707540759118288	0.040229536098906	624	13	0.0791108683798704	0.779372340902734
semibin_ERR6279628.40	response	R	-0.0123409084901595	0.0132080005957928	624	2	0.350486029609074	0.779372340902734
semibin_SRR16168940.0	cancer_type	Other	-0.0666832160880345	0.0405746048644599	624	9	0.100791529904169	0.779372340902734
semibin_SRR23364197.17_sub	response	R	0.0214097764586142	0.0286484189136537	624	6	0.4551482386832	0.779372340902734
semibin_SRR23364197.17_sub	cancer_type	Other	-0.0403176442165377	0.0316999394941212	624	6	0.203901651050309	0.779372340902734
metabat_ERR12405972.5	response	R	0.0121140709107366	0.0110438780664343	624	2	0.273108646040451	0.779372340902734
metabat_ERR12405972.5	cancer_type	Other	0.0171377139043463	0.0122202299380497	624	2	0.161293974774939	0.779372340902734
metabat_ERR6279625.1	cancer_type	Other	-0.0683667188996573	0.0879763194933476	624	17	0.450112061123813	0.779372340902734
metabat_ERR6279663.11	response	R	0.0158796856756719	0.0159955650150109	624	2	0.321217142201211	0.779372340902734
metabat_ERR6279663.11	cancer_type	Other	-0.0121934163552442	0.0179952808628078	624	2	0.510884354588326	0.779372340902734
semibin_ERR6279656.6	response	R	0.0452798448362193	0.0328703790422101	624	13	0.168845525362746	0.779372340902734
semibin_ERR6279656.6	cancer_type	Other	-0.0740083914336968	0.0570388990822309	624	13	0.230985806654154	0.779372340902734
semibin_SRR16554650.49	response	R	-0.0038734353120786	0.00324868163473568	624	1	0.233597028319745	0.779372340902734
semibin_SRR16554650.49	cancer_type	Other	-0.00229814804086514	0.00361594294148326	624	1	0.538199338723053	0.779372340902734
maxbin_SRR25825499.078	cancer_type	Other	-0.0402836297777934	0.0343639041565341	624	5	0.241539866402686	0.779372340902734
semibin_SRR11413619.40	cancer_type	Other	0.04639991686318	0.0209348584358903	624	5	0.0270260876265912	0.779372340902734
metabat_SRR5930522.11	response	R	0.0380782650425922	0.0413622765366469	624	14	0.357616109978457	0.779372340902734
semibin_SRR6000890.9	response	R	-0.0317376736234609	0.0198113071786507	624	3	0.109666144851684	0.779372340902734
semibin_SRR6000890.9	cancer_type	Other	-0.0223559036453251	0.0273657899354375	624	3	0.456268584911868	0.779372340902734
semibin_SRR16554674.4	response	R	0.0215382636804769	0.0214029577648084	624	6	0.314652869890673	0.779372340902734
semibin_SRR16554674.4	cancer_type	Other	-0.0330913178748034	0.0334926508440884	624	6	0.356000494953393	0.779372340902734
semibin_SRR13068843.38	response	R	0.0795222199025804	0.0550991208603264	624	30	0.149454560514501	0.779372340902734
semibin_SRR13068843.38	cancer_type	Other	-0.103737392757435	0.144916857534492	624	30	0.493055900714836	0.779372340902734
metabat_ERR12406004.33	response	R	0.00288719370912337	0.00324421195298838	624	1	0.373836158716738	0.779372340902734
metabat_ERR12406004.33	cancer_type	Other	0.00592242248609727	0.0035897730665626	624	1	0.0994886788530793	0.779372340902734
semibin_SRR23364202.9	cancer_type	Other	0.0345825780520714	0.0254592325072445	624	3	0.210609509777608	0.779372340902734
maxbin_ERR6232521.007	response	R	0.0555544059597448	0.0319367863899987	624	5	0.0824413728827612	0.779372340902734
maxbin_ERR6232521.007	cancer_type	Other	-0.0315283405596735	0.0406787926161516	624	5	0.454723831242343	0.779372340902734
semibin_SRR11413690.24	cancer_type	Other	0.0914349280396358	0.0891112940694817	624	27	0.347656104066589	0.779372340902734
metabat_SRR16554753.15	response	R	0.0147746787062699	0.0174979697957578	624	4	0.398791357647189	0.779372340902734
semibin_ERR6233695.63_sub	cancer_type	Other	-0.0212486334945718	0.0299589642709091	624	5	0.490115047026041	0.779372340902734
semibin_ERR12405947.16	cancer_type	Other	0.0382315223073597	0.0389620861719585	624	12	0.326851908055388	0.779372340902734
metabat_SRR16554632.31	response	R	-0.0451928184121117	0.0353798228214828	624	12	0.201952050980708	0.779372340902734
metabat_SRR16554632.31	cancer_type	Other	-0.0602443131228284	0.0391483469343997	624	12	0.124344793180111	0.779372340902734
semibin_SRR25825510.79	response	R	-0.0466493511307946	0.0302570696808608	624	9	0.123645141765591	0.779372340902734
semibin_SRR25825510.79	cancer_type	Other	0.0662976821380795	0.0977249163164401	624	9	0.521830686942105	0.779372340902734
metabat_ERR6231475.10_sub	response	R	-0.00386539788223764	0.00324851725981454	624	1	0.234541954574112	0.779372340902734
metabat_ERR6231475.10_sub	cancer_type	Other	-0.0023072055687513	0.00359453695829094	624	1	0.521198035195793	0.779372340902734
metabat_ERR6279619.6	cancer_type	Other	-0.0132726172859194	0.0186600350246735	624	4	0.48923874716553	0.779372340902734
metabat_ERR6279644.22	cancer_type	Other	-0.0119366687004431	0.0166410436725159	624	4	0.485548423341399	0.779372340902734
semibin_SRR16554760.16	response	R	-0.0356824658807947	0.0458783592492461	624	20	0.43700526233159	0.779372340902734
semibin_SRR16554760.16	cancer_type	Other	-0.12038801368726	0.0775447012079919	624	20	0.152461719640927	0.779372340902734
semibin_ERR6229432.28_sub	response	R	-0.00791522533816758	0.0125132001303567	624	3	0.527262168029868	0.779372340902734
semibin_ERR6229432.28_sub	cancer_type	Other	-0.014011275312722	0.0139162548653204	624	3	0.354153618553926	0.779372340902734
semibin_SRR11413689.105	response	R	-0.0319414562452048	0.0549469052726069	624	16	0.561239155269434	0.779372340902734
metabat_SRR20881978.32	response	R	0.0467863661532862	0.0335289648858612	624	4	0.163393665597254	0.779372340902734
metabat_SRR20881978.32	cancer_type	Other	0.0391038037010109	0.0556391983517207	624	4	0.549309378267226	0.779372340902734
metabat_SRR20881981.3	response	R	0.0188371090524292	0.0173836115862648	624	4	0.278958647185988	0.779372340902734
metabat_SRR20881981.3	cancer_type	Other	0.0545017035599406	0.0368208752751314	624	4	0.233274326205835	0.779372340902734
metabat_SRR16554654.44	response	R	0.0246937646226636	0.0323794873142629	624	11	0.445970053056273	0.779372340902734
maxbin_SRR5930512.016	response	R	-0.0245223226052856	0.0281173939548519	624	6	0.383469706809151	0.779372340902734
maxbin_SRR5930512.016	cancer_type	Other	-0.0387927146500566	0.0368710466871022	624	6	0.32922125871705	0.779372340902734
semibin_SRR25825500.13	response	R	-0.0308592263790376	0.0201908375865108	624	7	0.126929235376607	0.779372340902734
metabat_SRR20881983.38	response	R	0.0267600861211773	0.0231851832946443	624	6	0.248870247712578	0.779372340902734
metabat_SRR20881983.38	cancer_type	Other	0.0532694701570304	0.071293454019192	624	6	0.477581409309528	0.779372340902734
metabat_ERR12405959.31	response	R	0.0379587293073377	0.0347517717461393	624	10	0.275132803044785	0.779372340902734
metabat_ERR12405959.31	cancer_type	Other	0.0253085396654222	0.0384533982481349	624	10	0.510678381845265	0.779372340902734
semibin_SRR13022391.11	cancer_type	Other	-0.016778205807849	0.0267776191278505	624	7	0.544350777120352	0.779372340902734
maxbin_ERR12406011.031	response	R	0.0533813403007072	0.0399489380602678	624	13	0.181962565408168	0.779372340902734
maxbin_ERR12406011.031	cancer_type	Other	0.0703826212447959	0.100278711509939	624	13	0.502494678019281	0.779372340902734
semibin_SRR11413656.102	response	R	0.0311130437372884	0.0268654098218351	624	5	0.247265744245046	0.779372340902734
semibin_SRR11413656.102	cancer_type	Other	0.0616991218426118	0.0392583720179915	624	5	0.16548276322646	0.779372340902734
semibin_SRR23364171.81	response	R	-0.0320668930789162	0.0411600889218462	624	20	0.436232151518829	0.779372340902734
metabat_ERR12405914.16	response	R	0.063372873178317	0.0407757818449431	624	14	0.120651131121321	0.779372340902734
metabat_ERR12405914.16	cancer_type	Other	0.0371111570288388	0.0451190629823603	624	14	0.411098920006533	0.779372340902734
semibin_SRR25825501.45	response	R	0.0229890469156979	0.0173308077107226	624	3	0.185168324453074	0.779372340902734
semibin_SRR25825501.45	cancer_type	Other	-0.0283966695849731	0.0398282533045667	624	3	0.497277890084241	0.779372340902734
metabat_SRR13068828.46_sub	response	R	-0.0576725243573296	0.0436805741093777	624	16	0.187215799690168	0.779372340902734
metabat_SRR13068828.46_sub	cancer_type	Other	-0.0872906301704565	0.119047219141039	624	16	0.483234165526268	0.779372340902734
metabat_SRR11413683.43	response	R	0.00274047097281745	0.00324799128596888	624	1	0.399138342433294	0.779372340902734
metabat_SRR11413683.43	cancer_type	Other	0.00693748189552106	0.00461480525102839	624	1	0.186854703964865	0.779372340902734
semibin_ERR6281518.116	cancer_type	Other	-0.0289701544699597	0.0393616140690688	624	10	0.476227396675599	0.779372340902734
maxbin_SRR25825514.018_sub	response	R	0.0294196717287948	0.0241129842831098	624	5	0.222899231430828	0.779372340902734
maxbin_SRR25825514.018_sub	cancer_type	Other	-0.0451689834337923	0.0424544777794058	624	5	0.325241246075028	0.779372340902734
semibin_ERR6235717.60	response	R	-0.00386539788207553	0.00324851725981453	624	1	0.234541954593717	0.779372340902734
semibin_ERR6235717.60	cancer_type	Other	-0.00230720556872513	0.00359453695829092	624	1	0.521198035200516	0.779372340902734
semibin_SRR6000944.13	response	R	-0.0419504635317471	0.030504054373386	624	10	0.169555519122445	0.779372340902734
semibin_SRR6000944.13	cancer_type	Other	-0.034972630851827	0.0359689937862222	624	10	0.372666582904407	0.779372340902734
metabat_ERR6279664.17	response	R	0.0864427124893079	0.0540889293361151	624	21	0.110516499994061	0.779372340902734
metabat_ERR6279664.17	cancer_type	Other	-0.109206428434379	0.108474087633564	624	21	0.33120721513456	0.779372340902734
semibin_SRR5930503.47	cancer_type	Other	-0.0268102656262444	0.0372092633021331	624	9	0.471471927412603	0.779372340902734
metabat_SRR23364187.35_sub	response	R	0.0791509945868649	0.0453942368624977	624	23	0.0817180598080251	0.779372340902734
metabat_SRR23364187.35_sub	cancer_type	Other	-0.0974431096269696	0.0974987309079134	624	23	0.334931660528319	0.779372340902734
semibin_ERR6279679.10	response	R	0.0117266593134179	0.0116523169879634	624	5	0.314625183912645	0.779372340902734
semibin_ERR6279679.10	cancer_type	Other	-0.0145568080169966	0.0159687506775284	624	5	0.378659266424595	0.779372340902734
semibin_SRR25825503.35	cancer_type	Other	-0.0230074935756423	0.0244972984213249	624	6	0.379683891758066	0.779372340902734
metabat_SRR16554775.14	response	R	0.00271740377440138	0.00325038974549855	624	1	0.403462970492152	0.779372340902734
metabat_SRR16554775.14	cancer_type	Other	-0.00213741563399725	0.00359660889402553	624	1	0.55253703076858	0.779372340902734
semibin_ERR6235718.4	response	R	-0.0324431318986318	0.0209004595531718	624	7	0.121109853345369	0.779372340902734
semibin_SRR16554721.45	response	R	-0.00387343530820635	0.00324868163465432	624	1	0.233597028794108	0.779372340902734
semibin_SRR16554721.45	cancer_type	Other	-0.00229814804545473	0.00361594293091985	624	1	0.538199456933493	0.779372340902734
maxbin_ERR12405939.004	response	R	-0.0036956079472134	0.00324289095445247	624	1	0.25489114332943	0.779372340902734
maxbin_ERR12405939.004	cancer_type	Other	0.00575263255134644	0.00358831136028881	624	1	0.109408088705993	0.779372340902734
maxbin_SRR11413619.006	response	R	0.0105279917409034	0.00990547547920933	624	2	0.288266418161192	0.779372340902734
maxbin_SRR11413619.006	cancer_type	Other	0.0175933223325314	0.0133283342594765	624	2	0.243189095405769	0.779372340902734
metabat_ERR6275674.56	response	R	0.00271740377404936	0.00325038974549854	624	1	0.403462970553025	0.779372340902734
metabat_ERR6275674.56	cancer_type	Other	-0.00213741563409058	0.00359660889402552	624	1	0.552537030751236	0.779372340902734
semibin_SRR11413615.76	cancer_type	Other	0.0518122474518282	0.0361962662524689	624	9	0.152811452880136	0.779372340902734
semibin_ERR6254870.66_sub	response	R	-0.0258141580380397	0.0233726684379669	624	3	0.269823056498201	0.779372340902734
semibin_ERR6254870.66_sub	cancer_type	Other	-0.0203676111402312	0.0273148424369369	624	3	0.470322001861063	0.779372340902734
semibin_ERR12405976.64	response	R	0.0246379693487245	0.0268938837826026	624	9	0.359961123685822	0.779372340902734
semibin_ERR12405976.64	cancer_type	Other	0.0276966751721786	0.0397726707593069	624	9	0.517329695871416	0.779372340902734
semibin_ERR6280899.69	response	R	0.00271740377406489	0.00325038974549855	624	1	0.403462970550338	0.779372340902734
semibin_ERR6280899.69	cancer_type	Other	-0.00213741563406362	0.00359660889402553	624	1	0.552537030756245	0.779372340902734
semibin_SRR23364230.99	response	R	-0.0310033323493181	0.0389664936528959	624	12	0.426544856178771	0.779372340902734
semibin_ERR6279626.34	response	R	-0.00386539788185424	0.00324851725981454	624	1	0.234541954620472	0.779372340902734
semibin_ERR6279626.34	cancer_type	Other	-0.00230720556858847	0.00359453695829093	624	1	0.521198035225187	0.779372340902734
semibin_ERR12405910.62	response	R	-0.0211944984820111	0.0286450285713742	624	5	0.459639405051624	0.779372340902734
semibin_ERR12405910.62	cancer_type	Other	0.0702046993625398	0.0316961880254818	624	5	0.0271273356899233	0.779372340902734
maxbin_SRR16168940.014_sub	response	R	-0.0305213194227282	0.0269693928156886	624	4	0.258196514043144	0.779372340902734
maxbin_SRR16168940.014_sub	cancer_type	Other	-0.0529946338927814	0.0474397530756964	624	4	0.300884349547554	0.779372340902734
maxbin_ERR12405915.008	response	R	0.0153702767969545	0.0252731064410406	624	4	0.543298881531647	0.779372340902734
maxbin_ERR12405915.008	cancer_type	Other	0.0737092225687097	0.027965101579398	624	4	0.00860469281878981	0.779372340902734
metabat_SRR13068823.20_sub	response	R	-0.0329442283204473	0.0193396623800899	624	8	0.0889849809810853	0.779372340902734
metabat_ERR6281340.41	response	R	-0.0692603060432457	0.0477136639174925	624	17	0.147123305292554	0.779372340902734
metabat_ERR6281340.41	cancer_type	Other	-0.0928804689863828	0.0688144216067181	624	17	0.211129825433314	0.779372340902734
semibin_ERR12405970.2_sub	cancer_type	Other	0.0294146547171354	0.0433450620606087	624	12	0.497633979223281	0.779372340902734
maxbin_ERR12405944.004	cancer_type	Other	0.0504239046086861	0.0258106354672687	624	3	0.0511960087584277	0.779372340902734
semibin_SRR16554634.69	response	R	-0.0278111581362136	0.0253549706961711	624	4	0.273122489664564	0.779372340902734
semibin_SRR16554634.69	cancer_type	Other	-0.0295135333846364	0.0280556857035058	624	4	0.293225849398034	0.779372340902734
metabat_ERR12405998.25	response	R	-0.0222255257792304	0.0340076873944232	624	10	0.513647432149502	0.779372340902734
metabat_ERR12405998.25	cancer_type	Other	0.0343691224774971	0.0376300568623847	624	10	0.361416999304489	0.779372340902734
semibin_ERR6279657.165	response	R	0.0165823621946017	0.0190871090803643	624	5	0.385307281774859	0.779372340902734
semibin_ERR6279657.165	cancer_type	Other	-0.0190111940186731	0.0269752223854912	624	5	0.492863784206599	0.779372340902734
semibin_ERR12406013.48	cancer_type	Other	0.0273444604176916	0.0356039940604826	624	6	0.442769226784596	0.779372340902734
semibin_SRR5930501.12	response	R	-0.0281933343139487	0.0427296080201898	624	14	0.509621717602885	0.779372340902734
semibin_SRR5930501.12	cancer_type	Other	-0.0726581267222538	0.0472810032878279	624	14	0.124868818929156	0.779372340902734
metabat_ERR12406003.1	cancer_type	Other	0.01321051879203	0.0193311706969511	624	4	0.494622182358261	0.779372340902734
metabat_ERR6230245.23	response	R	0.0100994922673392	0.0159624677277271	624	3	0.527161432095991	0.779372340902734
metabat_ERR6230245.23	cancer_type	Other	-0.0135716791706946	0.0194028736830463	624	3	0.497028548428487	0.779372340902734
metabat_ERR6279676.50	response	R	-0.0330115946896387	0.0426415789454654	624	19	0.439128229009036	0.779372340902734
metabat_ERR6279676.50	cancer_type	Other	-0.0769147921125875	0.0802199234438014	624	19	0.354425476488387	0.779372340902734
metabat_SRR11413618.24	response	R	-0.0239238223224211	0.0369605595338226	624	18	0.517691512692003	0.779372340902734
metabat_SRR11413618.24	cancer_type	Other	0.0985572932422773	0.108072688785226	624	18	0.384974181910402	0.779372340902734
semibin_ERR6281340.6	response	R	0.0808017608796958	0.0445519117387221	624	16	0.0702136017418205	0.779372340902734
semibin_ERR6281340.6	cancer_type	Other	-0.121890356469901	0.0812665795681759	624	16	0.172456274111977	0.779372340902734
semibin_ERR6275667.43	response	R	0.00737950124695657	0.00644526348260614	624	2	0.252671147197044	0.779372340902734
semibin_ERR6275667.43	cancer_type	Other	-0.00580445993599815	0.00713178842567498	624	2	0.416022448967295	0.779372340902734
maxbin_SRR16168896.006	response	R	-0.0244460962858515	0.0419595430561579	624	12	0.56036659684879	0.779372340902734
semibin_ERR12405943.41	response	R	0.0139796676713219	0.00942321350905901	624	3	0.138440117473711	0.779372340902734
semibin_ERR12405933.78	cancer_type	Other	0.0186639781460766	0.0307246425380754	624	6	0.54376802164991	0.779372340902734
semibin_ERR6281000.139	response	R	-0.00386539788188232	0.00324851725981453	624	1	0.234541954617076	0.779372340902734
semibin_ERR6281000.139	cancer_type	Other	-0.00230720556864323	0.00359453695829094	624	1	0.521198035215302	0.779372340902734
maxbin_SRR6000947.039	response	R	-0.0330416382424587	0.0312553414599105	624	10	0.290856096296437	0.779372340902734
maxbin_SRR6000947.039	cancer_type	Other	0.0873387512832656	0.0877113977329735	624	10	0.35005876986397	0.779372340902734
semibin_ERR6279667.91	response	R	0.0227152301332715	0.0241292271141388	624	2	0.346866484378406	0.779372340902734
semibin_ERR6279667.91	cancer_type	Other	-0.0178670127998184	0.026699380578855	624	2	0.503621690781502	0.779372340902734
metabat_ERR6232524.56	response	R	0.00271740377422063	0.00325038974549854	624	1	0.403462970523406	0.779372340902734
metabat_ERR6232524.56	cancer_type	Other	-0.00213741563405594	0.00359660889402552	624	1	0.552537030757673	0.779372340902734
semibin_ERR6271720.17	response	R	0.00271740377405537	0.00325038974549856	624	1	0.403462970551989	0.779372340902734
semibin_ERR6271720.17	cancer_type	Other	-0.00213741563408951	0.00359660889402554	624	1	0.552537030751437	0.779372340902734
semibin_SRR11413615.105	response	R	-0.00763236640796074	0.00471921466865928	624	2	0.106322238533547	0.779372340902734
semibin_SRR11413615.105	cancer_type	Other	0.0118806432033562	0.00522188745937984	624	2	0.0232361432693933	0.779372340902734
maxbin_ERR6275673.018	response	R	-0.00834779547313377	0.0136241051213447	624	4	0.540284164680143	0.779372340902734
maxbin_ERR6275673.018	cancer_type	Other	-0.016963717017423	0.0150752929615372	624	4	0.260910978944361	0.779372340902734
metabat_ERR6281433.6_sub	response	R	0.0677561072140531	0.029207542390709	624	12	0.0206743170696857	0.779372340902734
metabat_ERR6281433.6_sub	cancer_type	Other	-0.067812136712068	0.0458342515851317	624	12	0.185753463983117	0.779372340902734
maxbin_SRR16554744.010	cancer_type	Other	0.0760863763368853	0.125584001570995	624	18	0.560458836500213	0.779372340902734
maxbin_SRR16554743.001_sub	response	R	0.00271740377445136	0.00325038974549855	624	1	0.403462970483504	0.779372340902734
maxbin_SRR16554743.001_sub	cancer_type	Other	-0.00213741563389705	0.00359660889402553	624	1	0.552537030787197	0.779372340902734
metabat_SRR11413652.11	response	R	0.0241764476819197	0.0251866959635415	624	8	0.337484620885648	0.779372340902734
metabat_SRR11413652.11	cancer_type	Other	0.0886481262107962	0.0496841500242756	624	8	0.111978583083728	0.779372340902734
maxbin_ERR12405976.034_sub	response	R	0.0294880127057805	0.0238278923497239	624	5	0.216353717838402	0.779372340902734
maxbin_ERR12405976.034_sub	cancer_type	Other	0.017207204987513	0.0263659487818606	624	5	0.514236453436629	0.779372340902734
metabat_ERR12406011.21	response	R	0.0306137986034592	0.03318237988321	624	11	0.356578163183652	0.779372340902734
metabat_ERR6232522.16_sub	response	R	-0.0212483794651286	0.0149555895526013	624	2	0.155888967935114	0.779372340902734
metabat_ERR6232522.16_sub	cancer_type	Other	-0.0126509397109154	0.016582040985576	624	2	0.460961370093219	0.779372340902734
metabat_SRR11413690.35_sub	response	R	0.0503659851187641	0.0320098717224312	624	13	0.116127373120538	0.779372340902734
metabat_SRR11413690.35_sub	cancer_type	Other	0.211369724980214	0.106092055634233	624	13	0.0759491536435935	0.779372340902734
maxbin_ERR6275673.006	response	R	-0.00386539788227206	0.00324851725981454	624	1	0.234541954569957	0.779372340902734
maxbin_ERR6275673.006	cancer_type	Other	-0.0023072055688227	0.00359453695829094	624	1	0.521198035182905	0.779372340902734
metabat_ERR12405965.3	response	R	-0.0196195421481047	0.0259141196056766	624	3	0.449277982113687	0.779372340902734
metabat_ERR12405965.3	cancer_type	Other	0.0299919183428845	0.0286743930273882	624	3	0.29599207832653	0.779372340902734
maxbin_SRR5930502.001	cancer_type	Other	-0.0251761047129155	0.0263084972576211	624	5	0.376160422726797	0.779372340902734
maxbin_ERR12405972.021	response	R	0.0256209603362503	0.025266833583189	624	12	0.310973224817985	0.779372340902734
semibin_ERR6275680.30	response	R	0.0277011321784274	0.0344376602007148	624	12	0.421483177810836	0.779372340902734
metabat_SRR13068851.25	response	R	0.0264076049204037	0.0328248702512617	624	10	0.421417828874408	0.779372340902734
metabat_SRR13068851.25	cancer_type	Other	-0.106295689759711	0.092323367579334	624	10	0.277960368891205	0.779372340902734
metabat_ERR6281942.41_sub	response	R	-0.0554604972413701	0.0356160332366631	624	11	0.119944098007926	0.779372340902734
metabat_ERR6281942.41_sub	cancer_type	Other	0.174670053379134	0.140463392324868	624	11	0.253446376168155	0.779372340902734
semibin_ERR6279659.23	response	R	-0.0102523048536334	0.00866243308968745	624	3	0.23705026319908	0.779372340902734
semibin_ERR6279659.23	cancer_type	Other	-0.00820111668991355	0.0111688683721689	624	3	0.476133051375349	0.779372340902734
semibin_ERR12405981.28	response	R	0.0255599083005455	0.0207354139873631	624	3	0.218165621767857	0.779372340902734
semibin_ERR12405981.28	cancer_type	Other	0.0524303496477085	0.0229440713906796	624	3	0.0226410474625533	0.779372340902734
metabat_ERR12405920.6_sub	response	R	0.0509707523448819	0.0425756245758129	624	14	0.231692663441505	0.779372340902734
maxbin_SRR20881988.009	response	R	0.0186255394532398	0.0200413031093804	624	4	0.353065271217957	0.779372340902734
maxbin_SRR20881988.009	cancer_type	Other	0.0662162686344936	0.038938279406771	624	4	0.165522042669037	0.779372340902734
metabat_SRR16554789.32	response	R	-0.00387343531309939	0.00324868163475779	624	1	0.233597028217984	0.779372340902734
metabat_SRR16554789.32	cancer_type	Other	-0.00229814803953818	0.00361594294435363	624	1	0.538199447468975	0.779372340902734
semibin_ERR12405942.29	response	R	0.0495961230539478	0.0316421238003149	624	7	0.117529258044102	0.779372340902734
maxbin_SRR5930517.025_sub	response	R	-0.0962572107498325	0.0441192546776433	624	17	0.0295048961407414	0.779372340902734
maxbin_SRR5930517.025_sub	cancer_type	Other	-0.13625562162406	0.147430968397175	624	17	0.377911749630577	0.779372340902734
metabat_ERR6281505.29	cancer_type	Other	-0.0185201311753517	0.0258439396004101	624	4	0.486124788887543	0.779372340902734
semibin_SRR16168913.75	cancer_type	Other	-0.0339891854641903	0.0311207303717277	624	5	0.320014974380898	0.779372340902734
maxbin_ERR12406008.002_sub	response	R	-0.0232135103975199	0.0242766515580412	624	6	0.339339715846191	0.779372340902734
semibin_SRR13068846.36	response	R	0.0320936247478276	0.040271489913675	624	27	0.425795906218911	0.779372340902734
semibin_SRR13068846.36	cancer_type	Other	-0.0812201790990362	0.0953104614507579	624	27	0.409316534688414	0.779372340902734
maxbin_ERR6231475.011	response	R	-0.0095051586738712	0.0157822118789336	624	3	0.547214532130585	0.779372340902734
maxbin_ERR6231475.011	cancer_type	Other	-0.0140781515469212	0.0193142048277992	624	3	0.479611696298138	0.779372340902734
metabat_ERR12405943.44_sub	response	R	0.0424698931358144	0.065066234385911	624	13	0.51418017242532	0.779372340902734
metabat_ERR12405943.44_sub	cancer_type	Other	0.0656254367801002	0.0888765640535457	624	13	0.481023296975267	0.779372340902734
semibin_SRR25825505.38	response	R	0.0210318446937202	0.019696676741257	624	2	0.286032051757799	0.779372340902734
semibin_SRR25825505.38	cancer_type	Other	-0.0257487281569294	0.0380861370370181	624	2	0.523804952377949	0.779372340902734
metabat_SRR6000873.2	response	R	-0.0131708196140584	0.0179405414696066	624	2	0.463142317987073	0.779372340902734
metabat_SRR6000873.2	cancer_type	Other	-0.0224255243042703	0.0343155238974462	624	2	0.532519783638014	0.779372340902734
semibin_SRR25825510.24	cancer_type	Other	-0.0301165268710763	0.0287537429316073	624	5	0.316021269740479	0.779372340902734
semibin_SRR16554718.17_sub	response	R	-0.00387343531440413	0.0032486816347839	624	1	0.233597028026906	0.779372340902734
semibin_SRR16554718.17_sub	cancer_type	Other	-0.00229814803820418	0.00361594294774214	624	1	0.538199200175162	0.779372340902734
semibin_SRR6000877.55	cancer_type	Other	-0.0479181577421209	0.0434288747342979	624	8	0.302823603333835	0.779372340902734
semibin_SRR5930497.86_sub	response	R	0.0358971931035044	0.0547269053228373	624	13	0.512110065442934	0.779372340902734
metabat_ERR12406012.1_sub	response	R	0.0410760783381579	0.0413325563720989	624	9	0.320709859365765	0.779372340902734
metabat_ERR12406012.1_sub	cancer_type	Other	0.0576920376373513	0.0457351430137192	624	9	0.207624794692317	0.779372340902734
semibin_SRR11413657.118	response	R	0.00274047097264467	0.00324799128596892	624	1	0.399138342463018	0.779372340902734
semibin_SRR11413657.118	cancer_type	Other	0.00693748189547737	0.00461480525104214	624	1	0.186854703844109	0.779372340902734
metabat_ERR6281342.22	response	R	-0.0705105140466022	0.0406434480129991	624	8	0.0832625342666273	0.779372340902734
metabat_ERR6281342.22	cancer_type	Other	-0.0371008777422331	0.0449726334541447	624	8	0.409707864647059	0.779372340902734
semibin_ERR12405952.7	response	R	0.00288719370869014	0.00324421195298838	624	1	0.37383615878839	0.779372340902734
semibin_ERR12405952.7	cancer_type	Other	0.00592242248584158	0.00358977306656259	624	1	0.0994886788676591	0.779372340902734
semibin_SRR5930520.180	response	R	-0.0527987991653055	0.0279330604120123	624	9	0.0592031019524979	0.779372340902734
semibin_SRR5930520.180	cancer_type	Other	0.0657676222301086	0.0973673991449349	624	9	0.521573701650732	0.779372340902734
maxbin_SRR16168984.062	cancer_type	Other	-0.0314167650164101	0.0441369870046213	624	14	0.491886275336125	0.779372340902734
maxbin_SRR25825500.013_sub	response	R	-0.0137192760361112	0.0171880358963936	624	4	0.425067252776409	0.779372340902734
semibin_SRR6000947.34_sub	response	R	-0.00333537694699924	0.00325211469960961	624	1	0.305478472196948	0.779372340902734
semibin_SRR6000947.34_sub	cancer_type	Other	-0.00323242659169847	0.00513262636773664	624	1	0.553782988867366	0.779372340902734
semibin_SRR11413608.121	cancer_type	Other	0.0387348231668404	0.0257802531297069	624	4	0.166718239354649	0.779372340902734
semibin_ERR12405974.32	cancer_type	Other	0.016878304387159	0.0242899031978898	624	4	0.487397207917478	0.779372340902734
maxbin_ERR6279619.020	response	R	0.0254551982176266	0.0197826095450719	624	3	0.198662205117193	0.779372340902734
maxbin_ERR6279619.020	cancer_type	Other	-0.0200221767383276	0.0218897778444495	624	3	0.360713826658748	0.779372340902734
semibin_ERR6279647.53	cancer_type	Other	-0.0150263938034013	0.0127916221057922	624	6	0.267364483642443	0.779372340902734
maxbin_SRR11413681.015_sub	cancer_type	Other	0.0843677324339317	0.0635922980047884	624	11	0.223046514001385	0.779372340902734
semibin_ERR6279628.83_sub	response	R	-0.0129452309280253	0.0184181582713574	624	5	0.482411662799173	0.779372340902734
semibin_ERR6279628.83_sub	cancer_type	Other	-0.0256768870253291	0.020379990412557	624	5	0.208176278214954	0.779372340902734
metabat_SRR23364213.3_sub	response	R	-0.0192677864741876	0.0271327983970303	624	9	0.477890729995482	0.779372340902734
metabat_SRR23364213.3_sub	cancer_type	Other	-0.0327380651703462	0.0464285097206323	624	9	0.492264809903887	0.779372340902734
metabat_SRR23364189.40	response	R	0.00271740377422061	0.00325038974549856	624	1	0.403462970523413	0.779372340902734
metabat_SRR23364189.40	cancer_type	Other	-0.00213741563405686	0.00359660889402554	624	1	0.552537030757503	0.779372340902734
semibin_SRR11413618.113_sub	response	R	-0.0353184629622637	0.0263328912442476	624	10	0.180338250451237	0.779372340902734
semibin_SRR11413618.113_sub	cancer_type	Other	0.110167346457507	0.0688741474793519	624	10	0.143648870063644	0.779372340902734
metabat_ERR6275677.50	cancer_type	Other	-0.0250153552882056	0.0352590175360168	624	6	0.489886365799549	0.779372340902734
semibin_SRR13068841.58	response	R	0.0277424918623982	0.0209804081264361	624	6	0.186554235061162	0.779372340902734
semibin_SRR13068841.58	cancer_type	Other	-0.0379892646482669	0.0444790383494312	624	6	0.416351047198253	0.779372340902734
maxbin_SRR6000946.001	response	R	0.0139375088698043	0.0113066315221676	624	2	0.218160123389377	0.779372340902734
maxbin_SRR6000946.001	cancer_type	Other	-0.0123203249292695	0.0179781690435573	624	2	0.521106940040329	0.779372340902734
semibin_ERR12405997.28	cancer_type	Other	0.0130029194452378	0.0136500951339362	624	3	0.34116938089982	0.779372340902734
metabat_ERR6229432.22_sub	cancer_type	Other	-0.0727331314102867	0.0389254363549511	624	15	0.0621596116827724	0.779372340902734
metabat_ERR6239139.41	cancer_type	Other	-0.00970138926066235	0.0135165502428155	624	4	0.485298990204474	0.779372340902734
semibin_ERR6279650.34	response	R	0.00271740377406469	0.00325038974549854	624	1	0.403462970550372	0.779372340902734
semibin_ERR6279650.34	cancer_type	Other	-0.00213741563407278	0.00359660889402552	624	1	0.552537030754541	0.779372340902734
metabat_SRR23364178.39_sub	cancer_type	Other	-0.0581751238431765	0.0694609999217014	624	17	0.417027120855618	0.779372340902734
semibin_ERR6267711.1	response	R	0.07025464424664	0.0380998256437627	624	14	0.0656652634688149	0.779372340902734
semibin_ERR6267711.1	cancer_type	Other	-0.0950014383239376	0.076980414070638	624	14	0.250838824528742	0.779372340902734
metabat_ERR6236131.13	response	R	0.00271740377427391	0.00325038974549856	624	1	0.403462970514195	0.779372340902734
metabat_ERR6236131.13	cancer_type	Other	-0.00213741563394101	0.00359660889402554	624	1	0.552537030779031	0.779372340902734
semibin_SRR13022423.21	response	R	0.0432588616599033	0.0424967056086769	624	8	0.309106683424306	0.779372340902734
semibin_SRR13022423.21	cancer_type	Other	-0.056162754071702	0.0619093968972526	624	8	0.438218757393252	0.779372340902734
metabat_ERR6257997.12	response	R	0.0496313911329399	0.0426387483643863	624	15	0.244872112748243	0.779372340902734
metabat_ERR6257997.12	cancer_type	Other	-0.0422669227072229	0.0696736429157479	624	15	0.557164942057465	0.779372340902734
metabat_SRR5930493.50_sub	cancer_type	Other	-0.0174408584265458	0.0176971251613062	624	4	0.353753565944525	0.779372340902734
semibin_SRR20881980.25	response	R	0.0154526342819614	0.0189279245392661	624	2	0.414591660782129	0.779372340902734
semibin_SRR20881980.25	cancer_type	Other	0.0909351184351209	0.0660383528299803	624	2	0.21183373933128	0.779372340902734
maxbin_SRR16554636.007	response	R	-0.00387343530848707	0.00324868163466534	624	1	0.233597028777438	0.779372340902734
maxbin_SRR16554636.007	cancer_type	Other	-0.00229814804463928	0.00361594293235082	624	1	0.538199562323376	0.779372340902734
semibin_SRR16168930.147	cancer_type	Other	-0.0710752484535701	0.0760874331242997	624	9	0.373263258329839	0.779372340902734
metabat_SRR11413679.3	response	R	0.0154371473836471	0.015193124670561	624	4	0.309996737902293	0.779372340902734
metabat_SRR11413679.3	cancer_type	Other	0.0473302502605933	0.0343554144291946	624	4	0.201744427819447	0.779372340902734
semibin_SRR23364171.26	cancer_type	Other	-0.0651547329668772	0.0695670411282968	624	13	0.365390923240431	0.779372340902734
semibin_ERR6279651.16	response	R	0.00271740377418627	0.00325038974549856	624	1	0.40346297052935	0.779372340902734
semibin_ERR6279651.16	cancer_type	Other	-0.0021374156341246	0.00359660889402553	624	1	0.552537030744917	0.779372340902734
semibin_SRR11413649.46	cancer_type	Other	0.109195923547169	0.080037288882478	624	12	0.204749723665495	0.779372340902734
semibin_SRR23364191.73	response	R	0.00835363607696207	0.00734891215801304	624	2	0.256096088182896	0.779372340902734
semibin_SRR23364191.73	cancer_type	Other	-0.00595539611247062	0.00872429945259854	624	2	0.507375123523845	0.779372340902734
semibin_ERR12406015.22_sub	response	R	-0.00369560794739094	0.00324289095445247	624	1	0.254891143306624	0.779372340902734
semibin_ERR12406015.22_sub	cancer_type	Other	0.0057526325512979	0.00358831136028881	624	1	0.109408088708978	0.779372340902734
semibin_ERR6279622.17	cancer_type	Other	-0.101227194466837	0.118644554027818	624	31	0.408769818617091	0.779372340902734
maxbin_SRR13022453.007_sub	response	R	0.0383533001851108	0.0227958422268087	624	9	0.0929840355792412	0.779372340902734
maxbin_SRR16168969.005	response	R	0.00227841085379545	0.00324765308616884	624	1	0.483219245354827	0.779372340902734
maxbin_SRR16168969.005	cancer_type	Other	-0.00436200156356489	0.00666531760572578	624	1	0.536029927833168	0.779372340902734
semibin_SRR5930530.132	response	R	0.0413737156090097	0.0300094865044039	624	9	0.168489593104058	0.779372340902734
semibin_SRR11413690.9	response	R	-0.0126458587706004	0.0211354719192918	624	9	0.549842440453035	0.779372340902734
semibin_SRR11413690.9	cancer_type	Other	0.0535057332558024	0.0294915637382312	624	9	0.122864194750639	0.779372340902734
metabat_ERR6275675.32_sub	response	R	-0.0551712771088905	0.0500057862213287	624	26	0.270325278119569	0.779372340902734
metabat_SRR8387677.42	response	R	-0.0379905290992264	0.0317454455359187	624	12	0.231876072949899	0.779372340902734
metabat_SRR8387677.42	cancer_type	Other	0.076892102742552	0.102012663125197	624	12	0.479826720408565	0.779372340902734
semibin_ERR6275663.75_sub	response	R	0.0111193917816713	0.0103638172953603	624	2	0.283730469807323	0.779372340902734
metabat_SRR13022456.4	response	R	0.0183048491542674	0.0210364733447111	624	3	0.384556382437292	0.779372340902734
maxbin_ERR6279659.004_sub	response	R	-0.00386539788189142	0.00324851725981453	624	1	0.234541954615977	0.779372340902734
maxbin_ERR6279659.004_sub	cancer_type	Other	-0.00230720556864895	0.00359453695829093	624	1	0.521198035214269	0.779372340902734
semibin_SRR5930517.66	response	R	-0.0499878591712761	0.023274282589282	624	7	0.0321192191873344	0.779372340902734
semibin_SRR5930517.66	cancer_type	Other	0.0629715361934251	0.0510415746788522	624	7	0.264552647060389	0.779372340902734
semibin_SRR11413649.38_sub	response	R	0.0165888373550385	0.0244659929720356	624	13	0.49800142027889	0.779372340902734
semibin_SRR11413649.38_sub	cancer_type	Other	0.0220350160960961	0.0337206926279011	624	13	0.528206765187233	0.779372340902734
semibin_SRR11413691.23	cancer_type	Other	0.163413062942064	0.120700600978423	624	12	0.206592152763225	0.779372340902734
semibin_ERR6280899.148	response	R	0.0188320485413865	0.0193423681643262	624	2	0.330626082986685	0.779372340902734
semibin_SRR11413618.43_sub	response	R	-0.0875129302429436	0.0393613537712272	624	8	0.0265532503523619	0.779372340902734
semibin_ERR6267712.70	response	R	0.00271740377439238	0.00325038974549855	624	1	0.403462970493703	0.779372340902734
semibin_ERR6267712.70	cancer_type	Other	-0.00213741563399839	0.00359660889402552	624	1	0.552537030768366	0.779372340902734
metabat_SRR16554779.19	cancer_type	Other	0.0400194804782429	0.0318443211104079	624	10	0.209326571287339	0.779372340902734
semibin_SRR23364231.16	response	R	-0.0532003722890835	0.0477874736729745	624	17	0.266023112422142	0.779372340902734
semibin_SRR6000932.54	response	R	0.0691930967843386	0.0289690124096957	624	12	0.0172141181873629	0.779372340902734
semibin_SRR6000932.54	cancer_type	Other	-0.0777835498315337	0.0459731543255237	624	12	0.136940847841866	0.779372340902734
maxbin_SRR16554760.005	response	R	0.0110527909463069	0.0102881874370492	624	2	0.283097167262759	0.779372340902734
semibin_ERR6281751.22	response	R	-0.061090171715727	0.0618446360837475	624	25	0.323635741681776	0.779372340902734
semibin_ERR6281751.22	cancer_type	Other	-0.101781819591009	0.145843194449373	624	25	0.497341876913351	0.779372340902734
metabat_ERR6275678.3	response	R	0.0438948722224175	0.0269622422511939	624	5	0.10403123888713	0.779372340902734
metabat_SRR16554757.37	response	R	-0.0377163206523691	0.0266166561618565	624	3	0.156978703769423	0.779372340902734
semibin_ERR12405934.0	cancer_type	Other	0.076421482922539	0.045850741495654	624	13	0.0960694000741422	0.779372340902734
semibin_ERR6275668.170	response	R	-0.00386539788189134	0.00324851725981453	624	1	0.234541954615984	0.779372340902734
semibin_ERR6275668.170	cancer_type	Other	-0.00230720556864529	0.00359453695829093	624	1	0.521198035214932	0.779372340902734
metabat_SRR13068834.35	response	R	0.0183732414188307	0.0140235890093977	624	3	0.190623800698717	0.779372340902734
metabat_SRR13068834.35	cancer_type	Other	-0.0144517549545137	0.0155173283533794	624	3	0.35204475416374	0.779372340902734
metabat_SRR5930494.44	cancer_type	Other	-0.111051701076491	0.0922317883872375	624	13	0.259095544656053	0.779372340902734
semibin_ERR12405946.2	response	R	-0.0349267609141025	0.0272568884462414	624	7	0.200534245363825	0.779372340902734
semibin_ERR12405946.2	cancer_type	Other	0.0250685636241683	0.0301601884958498	624	7	0.406191075100795	0.779372340902734
metabat_ERR6279648.17_sub	response	R	0.0365415787145013	0.0270690279845436	624	18	0.177527107888712	0.779372340902734
metabat_ERR6279648.17_sub	cancer_type	Other	-0.0447932033800208	0.0538043321149989	624	18	0.4191089629985	0.779372340902734
metabat_ERR6231475.22_sub	response	R	0.0168714573625601	0.0288479043668884	624	9	0.558867514388547	0.779372340902734
metabat_ERR6231475.22_sub	cancer_type	Other	-0.0520336858770213	0.0343200769966397	624	9	0.169363167107798	0.779372340902734
maxbin_SRR8387676.013_sub	response	R	-0.00376087294654338	0.00316677336389633	624	1	0.2354497723817	0.779372340902734
maxbin_SRR8387676.013_sub	cancer_type	Other	0.0204728985372766	0.0147946830582788	624	1	0.20745367992601	0.779372340902734
metabat_ERR6279616.16	response	R	0.00271740377418635	0.00325038974549854	624	1	0.403462970529334	0.779372340902734
metabat_ERR6279616.16	cancer_type	Other	-0.00213741563412093	0.00359660889402551	624	1	0.552537030745594	0.779372340902734
semibin_ERR6232688.40_sub	response	R	0.028699680876547	0.0188743589066049	624	4	0.128878755407676	0.779372340902734
semibin_ERR6232688.40_sub	cancer_type	Other	-0.0175642990673298	0.0253692009828129	624	4	0.500590842834133	0.779372340902734
semibin_SRR16168984.61	response	R	0.00227841085356465	0.00324765308617107	624	1	0.483219245399443	0.779372340902734
semibin_SRR16168984.61	cancer_type	Other	-0.0043620015638592	0.00666531760455596	624	1	0.536029927741299	0.779372340902734
semibin_ERR6275680.27	response	R	-0.0062231537157464	0.00632554004649549	624	3	0.325590767479934	0.779372340902734
semibin_ERR6275680.27	cancer_type	Other	-0.00606884146691484	0.00832716696384433	624	3	0.479169302887587	0.779372340902734
semibin_SRR11413656.61	response	R	0.0771281516786044	0.039368487833361	624	15	0.0505460880462358	0.779372340902734
maxbin_SRR5930508.015	cancer_type	Other	-0.0321098838093573	0.0313345847126752	624	4	0.333256800755744	0.779372340902734
metabat_ERR6279628.28	response	R	-0.0038653978822786	0.00324851725981453	624	1	0.23454195456916	0.779372340902734
metabat_ERR6279628.28	cancer_type	Other	-0.00230720556884944	0.00359453695829093	624	1	0.521198035178077	0.779372340902734
metabat_SRR20881984.45	response	R	0.00215109286770529	0.00320130653845858	624	1	0.501873240030797	0.779372340902734
metabat_SRR20881984.45	cancer_type	Other	0.0158823557254246	0.0114099513772727	624	1	0.206909210929207	0.779372340902734
metabat_SRR16554777.11	cancer_type	Other	-0.0102499750887258	0.0149075348505761	624	3	0.504483176482667	0.779372340902734
maxbin_SRR16554777.024_sub	response	R	0.0117020548931836	0.018900093152464	624	2	0.536042445421521	0.779372340902734
maxbin_SRR16554777.024_sub	cancer_type	Other	-0.0145520244133566	0.0209132591635213	624	2	0.486797077117651	0.779372340902734
semibin_ERR12405939.57_sub	response	R	-0.0116436323428129	0.013019056046494	624	2	0.37147951779713	0.779372340902734
semibin_ERR12405939.57_sub	cancer_type	Other	0.0202171644542609	0.0144057963613392	624	2	0.160995966625158	0.779372340902734
semibin_SRR11413649.8	response	R	0.020229509546029	0.0215828756642755	624	3	0.348973703808844	0.779372340902734
semibin_SRR11413649.8	cancer_type	Other	0.0307654125243926	0.0271651837595512	624	3	0.318129517882158	0.779372340902734
semibin_SRR25825504.106	response	R	-0.0165686399150856	0.0232865943579088	624	5	0.477036012305893	0.779372340902734
semibin_SRR25825504.106	cancer_type	Other	-0.0301625956295073	0.0305920396181314	624	5	0.344409662086309	0.779372340902734
semibin_SRR6000909.45	response	R	0.0494135292197155	0.031225215273747	624	13	0.114048097195824	0.779372340902734
semibin_SRR6000909.45	cancer_type	Other	-0.0559409227640114	0.0451087060400657	624	13	0.26257930906504	0.779372340902734
semibin_SRR23364196.25	response	R	0.0356804425031149	0.0202678091054854	624	8	0.0788243042586398	0.779372340902734
maxbin_ERR6279677.010	response	R	0.0317113585080147	0.0235905380064553	624	8	0.179361782725416	0.779372340902734
maxbin_ERR6279677.010	cancer_type	Other	-0.0353099429909702	0.0342821693281669	624	8	0.323518548400605	0.779372340902734
semibin_SRR5930531.137	response	R	0.0151760824047584	0.0243500099942859	624	7	0.533351596077853	0.779372340902734
maxbin_ERR6243878.014_sub	cancer_type	Other	-0.01058162735287	0.0147263124620134	624	4	0.484848448175209	0.779372340902734
maxbin_ERR12406007.007	cancer_type	Other	-0.0624164018974716	0.0994657463388791	624	11	0.544952059847346	0.779372340902734
metabat_ERR6275663.73	cancer_type	Other	0.0388163689329875	0.0311119832808882	624	4	0.212635374417441	0.779372340902734
metabat_SRR13068843.23	cancer_type	Other	-0.0426708657546974	0.0439163754041027	624	5	0.360686887435967	0.779372340902734
metabat_SRR6000894.44	response	R	-0.0299554810395471	0.0311599324970911	624	7	0.33675231516197	0.779372340902734
metabat_SRR6000894.44	cancer_type	Other	-0.0533407251108268	0.0344789699485972	624	7	0.122360384566645	0.779372340902734
metabat_SRR11413691.28	response	R	-0.0263614746727316	0.0233609325222159	624	11	0.259568963522949	0.779372340902734
metabat_SRR11413691.28	cancer_type	Other	0.0533366442796002	0.0450194762732434	624	11	0.270109510266366	0.779372340902734
metabat_ERR12405995.34	response	R	-0.0284747692136022	0.0267857205272879	624	10	0.288169324284561	0.779372340902734
metabat_ERR12405995.34	cancer_type	Other	0.0968538522990832	0.0402357730036577	624	10	0.0542632522894655	0.779372340902734
semibin_ERR6254871.7	response	R	0.00271740377439253	0.00325038974549855	624	1	0.403462970493676	0.779372340902734
semibin_ERR6254871.7	cancer_type	Other	-0.00213741563399106	0.00359660889402553	624	1	0.552537030769728	0.779372340902734
maxbin_SRR11413608.006	response	R	0.00274047097277808	0.00324799128596424	624	1	0.399138342439422	0.779372340902734
maxbin_SRR11413608.006	cancer_type	Other	0.00693748189428146	0.00461480524941532	624	1	0.186854705255411	0.779372340902734
semibin_SRR16554790.12	response	R	-0.0196705834125224	0.0250780310907451	624	5	0.433120408978151	0.779372340902734
semibin_SRR16554790.12	cancer_type	Other	-0.0342183864028377	0.0290829891595571	624	5	0.27009146471717	0.779372340902734
metabat_SRR16554687.21	response	R	0.026161099330284	0.0200605534123523	624	6	0.192680413744575	0.779372340902734
semibin_SRR16554715.19	response	R	0.0301314440988524	0.0224760570165236	624	6	0.180540149961912	0.779372340902734
semibin_SRR16554715.19	cancer_type	Other	-0.035054972308724	0.0349895252924479	624	6	0.34928422794939	0.779372340902734
semibin_ERR12406006.56	response	R	-0.00369560794740649	0.00324289095445247	624	1	0.254891143304629	0.779372340902734
semibin_ERR12406006.56	cancer_type	Other	0.00575263255127003	0.0035883113602888	624	1	0.109408088710687	0.779372340902734
metabat_ERR12405992.35_sub	response	R	0.0181071997811836	0.0140346979527073	624	3	0.197470517474436	0.779372340902734
metabat_ERR12405992.35_sub	cancer_type	Other	0.037142809923079	0.0155296205790628	624	3	0.0170652297941598	0.779372340902734
semibin_ERR6282137.82	response	R	-0.0555184319389034	0.0389532576833599	624	9	0.154585115205732	0.779372340902734
semibin_ERR6282137.82	cancer_type	Other	-0.0754179986919403	0.0431024104814704	624	9	0.0806571608557985	0.779372340902734
semibin_SRR6000946.68	response	R	0.0334923066293257	0.0220067885508117	624	6	0.128541249258168	0.779372340902734
semibin_SRR11413683.84	response	R	0.0391915893989245	0.0363596315106786	624	12	0.281503781782202	0.779372340902734
semibin_SRR11413683.84	cancer_type	Other	0.0807958392800148	0.0873179365209755	624	12	0.378225932478887	0.779372340902734
semibin_SRR5930526.3	response	R	-0.0591286270886508	0.0387350328538923	624	13	0.12739714052887	0.779372340902734
semibin_SRR5930526.3	cancer_type	Other	-0.0749853309676575	0.0700599066296091	624	13	0.31047007908448	0.779372340902734
semibin_SRR25825499.84	response	R	0.0030507264588241	0.0032483868570157	624	1	0.34801861004593	0.779372340902734
semibin_SRR25825499.84	cancer_type	Other	-0.00415001388276655	0.0064557651812047	624	1	0.542520343275197	0.779372340902734
semibin_ERR6233693.3_sub	cancer_type	Other	-0.030497365297102	0.0346240239879646	624	7	0.393873823290424	0.779372340902734
semibin_SRR23364176.76	response	R	0.0730789333211614	0.0409636672565229	624	13	0.0749196555545395	0.779372340902734
semibin_SRR23364176.76	cancer_type	Other	0.258835007865713	0.209252218277314	624	13	0.253049890177255	0.779372340902734
maxbin_SRR6000949.021_sub	cancer_type	Other	-0.0797095912536448	0.0555917484604209	624	13	0.18994628566719	0.779372340902734
semibin_ERR6243877.15_sub	response	R	-0.0451745810744698	0.0413812943165786	624	10	0.275402977434739	0.779372340902734
metabat_SRR13022456.2	response	R	0.01479826142303	0.0104594255035858	624	3	0.157620898544558	0.779372340902734
metabat_SRR13022456.2	cancer_type	Other	0.0085064535645826	0.0115735237119462	624	3	0.462621504131995	0.779372340902734
metabat_ERR6279629.12_sub	response	R	-0.0473874252478155	0.0259176689847764	624	11	0.0679722794339816	0.779372340902734
metabat_ERR6279629.12_sub	cancer_type	Other	-0.0291318286220704	0.035121490048019	624	11	0.423921333829882	0.779372340902734
metabat_ERR6232425.9	response	R	-0.0267635098019187	0.0249863624724673	624	2	0.284529475022577	0.779372340902734
metabat_ERR6232425.9	cancer_type	Other	-0.0197341883462004	0.0276478147343028	624	2	0.475637410514456	0.779372340902734
semibin_SRR16168896.8	cancer_type	Other	-0.0163044772037104	0.0170312588717881	624	4	0.374045635088876	0.779372340902734
semibin_ERR6279628.63	response	R	-0.0467829001195156	0.0405858064779538	624	18	0.249480731083273	0.779372340902734
semibin_ERR6279628.63	cancer_type	Other	-0.0867241072296732	0.0743809650310607	624	18	0.265224812207103	0.779372340902734
metabat_SRR25825521.35	response	R	0.00729413257225664	0.0100453027934258	624	3	0.468036758088016	0.779372340902734
metabat_SRR25825521.35	cancer_type	Other	-0.0125813245511831	0.0155350713170889	624	3	0.46737210141666	0.779372340902734
semibin_ERR12405932.31	response	R	-0.057446154559617	0.0369943655236893	624	5	0.120973164693778	0.779372340902734
maxbin_SRR16168986.013_sub	response	R	-0.0507890847779763	0.0364769394389475	624	12	0.16431133635399	0.779372340902734
maxbin_SRR16168986.013_sub	cancer_type	Other	-0.0649673759037068	0.061116971865949	624	12	0.30907710135417	0.779372340902734
metabat_ERR12405960.21	response	R	0.0124008816526635	0.0113522766815683	624	2	0.275094285614877	0.779372340902734
metabat_ERR12405960.21	cancer_type	Other	0.0177260410342147	0.0125614780002651	624	2	0.158703249307768	0.779372340902734
semibin_ERR12405916.3	response	R	-0.0389408660111582	0.0269732299219667	624	8	0.149331681778216	0.779372340902734
semibin_ERR12405916.3	cancer_type	Other	0.0324673680069758	0.0298463157448404	624	8	0.277097346439048	0.779372340902734
semibin_ERR6279666.67	response	R	0.0177673016485157	0.0182373722803454	624	2	0.330325628392204	0.779372340902734
semibin_ERR6279666.67	cancer_type	Other	-0.0137867292636621	0.0203685585997659	624	2	0.511388800927415	0.779372340902734
semibin_ERR6279626.59	response	R	-0.0138347312442765	0.0142997382794108	624	2	0.333681495971301	0.779372340902734
semibin_ERR6279626.59	cancer_type	Other	-0.0119061979434883	0.0159443569006461	624	2	0.470107213533829	0.779372340902734
metabat_ERR6275652.45	cancer_type	Other	-0.0294030239779238	0.0413738910518339	624	7	0.489080041675454	0.779372340902734
semibin_SRR6000899.149	cancer_type	Other	-0.0360887422199565	0.0359719271733605	624	4	0.362295928591482	0.779372340902734
semibin_ERR6264280.93	response	R	0.00271740377422393	0.00325038974549856	624	1	0.403462970522837	0.779372340902734
semibin_ERR6264280.93	cancer_type	Other	-0.00213741563404121	0.00359660889402554	624	1	0.552537030760413	0.779372340902734
maxbin_ERR6233695.008	response	R	-0.0038653978820662	0.00324851725981453	624	1	0.234541954594841	0.779372340902734
maxbin_ERR6233695.008	cancer_type	Other	-0.00230720556870841	0.00359453695829093	624	1	0.521198035203537	0.779372340902734
semibin_SRR5930527.76	cancer_type	Other	0.0842412225806625	0.0700991384920256	624	3	0.270352029438792	0.779372340902734
semibin_ERR12405995.25	cancer_type	Other	0.0635963498615794	0.0412100631222399	624	7	0.221099656963584	0.779372340902734
metabat_SRR11413610.65_sub	response	R	-0.0422625038892028	0.0365772431117808	624	8	0.248360023244938	0.779372340902734
metabat_SRR11413610.65_sub	cancer_type	Other	0.0522951489359616	0.0446508134065296	624	8	0.280949391472358	0.779372340902734
semibin_SRR16554634.8_sub	response	R	-0.0658690127304798	0.0402746469987046	624	16	0.102452216387181	0.779372340902734
semibin_SRR16554634.8_sub	cancer_type	Other	-0.0900702721514589	0.0596985667317532	624	16	0.16238241260007	0.779372340902734
metabat_SRR11413608.70	response	R	0.018296748040747	0.019256018439807	624	2	0.342388753401951	0.779372340902734
metabat_SRR11413608.70	cancer_type	Other	0.0498035448380966	0.0320813207090118	624	2	0.162164071388767	0.779372340902734
metabat_SRR25825516.12	response	R	-0.0164807170297276	0.0174576776411625	624	4	0.345519326288822	0.779372340902734
metabat_SRR25825516.12	cancer_type	Other	-0.0229409383360478	0.0213457328295803	624	4	0.33079624776174	0.779372340902734
semibin_SRR23364240.28_sub	response	R	-0.0234120790593661	0.0206063279209817	624	4	0.256328488849756	0.779372340902734
semibin_SRR23364240.28_sub	cancer_type	Other	-0.0204295987934753	0.0281218400777175	624	4	0.480322510025364	0.779372340902734
metabat_SRR16168940.14	response	R	0.0201566537765917	0.0319348986804068	624	6	0.528155974529001	0.779372340902734
metabat_SRR16168940.14	cancer_type	Other	-0.0400347199870705	0.044938365781235	624	6	0.417312919713844	0.779372340902734
maxbin_SRR11413610.004	response	R	-0.0222768598457507	0.020441429969926	624	2	0.276228494146671	0.779372340902734
maxbin_SRR11413610.004	cancer_type	Other	0.052858497634698	0.0345394307511893	624	2	0.166091798972073	0.779372340902734
metabat_ERR6279680.20_sub	response	R	0.00271740377417998	0.00325038974549854	624	1	0.403462970530437	0.779372340902734
metabat_ERR6279680.20_sub	cancer_type	Other	-0.00213741563413941	0.00359660889402552	624	1	0.552537030742163	0.779372340902734
maxbin_ERR6254871.004	response	R	0.0303528096483461	0.0293079700500272	624	3	0.300768402518818	0.779372340902734
maxbin_ERR6254871.004	cancer_type	Other	-0.0292220617408338	0.0324297435080647	624	3	0.367890708049112	0.779372340902734
semibin_ERR6230340.39	response	R	0.0027174037740612	0.00325038974549856	624	1	0.403462970550981	0.779372340902734
semibin_ERR6230340.39	cancer_type	Other	-0.00213741563409668	0.00359660889402554	624	1	0.552537030750103	0.779372340902734
maxbin_ERR6279649.018	response	R	0.0189474839764628	0.0144427682306635	624	3	0.190039184616314	0.779372340902734
maxbin_ERR6279649.018	cancer_type	Other	-0.0125139316494358	0.0182002977123618	624	3	0.503912520026533	0.779372340902734
metabat_ERR6232529.10	cancer_type	Other	-0.00965064924468953	0.0138430688969985	624	2	0.498966062247451	0.779372340902734
maxbin_SRR11413618.087_sub	response	R	-0.0325172413920642	0.0217666056182494	624	8	0.135710863379808	0.779372340902734
maxbin_SRR11413618.087_sub	cancer_type	Other	0.0801692015730233	0.0596442132025352	624	8	0.21049853230089	0.779372340902734
metabat_SRR16554758.22	response	R	-0.0291129284261949	0.0241638394144401	624	5	0.228734115670553	0.779372340902734
semibin_ERR6279676.80_sub	response	R	0.00271740377427372	0.00325038974549855	624	1	0.403462970514225	0.779372340902734
semibin_ERR6279676.80_sub	cancer_type	Other	-0.00213741563395017	0.00359660889402553	624	1	0.552537030777327	0.779372340902734
semibin_SRR13022263.2	cancer_type	Other	0.0643283691794907	0.0433607091932137	624	16	0.170648519632372	0.779372340902734
semibin_ERR6279669.31_sub	response	R	0.0796747054127997	0.0527020133870665	624	23	0.13109492348693	0.779372340902734
semibin_ERR6279669.31_sub	cancer_type	Other	-0.0811800228656423	0.113248267929118	624	23	0.485605407128585	0.779372340902734
maxbin_SRR5930533.003	response	R	0.0136116242449311	0.0164105773322666	624	3	0.407177054271071	0.779372340902734
maxbin_SRR5930533.003	cancer_type	Other	-0.0173320566918943	0.0204194832921998	624	3	0.480852618841263	0.779372340902734
metabat_ERR6279646.8_sub	response	R	-0.00386539788189418	0.00324851725981453	624	1	0.234541954615643	0.779372340902734
metabat_ERR6279646.8_sub	cancer_type	Other	-0.00230720556863803	0.00359453695829093	624	1	0.521198035216241	0.779372340902734
metabat_ERR12405932.24	response	R	-0.0127984502973487	0.0217442983108223	624	8	0.556351166817344	0.779372340902734
metabat_ERR12405932.24	cancer_type	Other	0.047257075717619	0.0240604182336456	624	8	0.0499640797193799	0.779372340902734
semibin_ERR6275666.59	response	R	-0.00386539788190662	0.00324851725981453	624	1	0.234541954614138	0.779372340902734
semibin_ERR6275666.59	cancer_type	Other	-0.00230720556866034	0.00359453695829094	624	1	0.521198035212215	0.779372340902734
maxbin_SRR13068819.002	response	R	-0.036230194592031	0.0327257601078014	624	10	0.268686841529655	0.779372340902734
semibin_SRR13068819.18	response	R	-0.0144153152064125	0.0206798876521664	624	7	0.486020521542064	0.779372340902734
semibin_ERR12405955.60	response	R	0.0167886287606615	0.0159309909966497	624	2	0.292368519415813	0.779372340902734
semibin_ERR12405955.60	cancer_type	Other	0.0344380607972861	0.0176278995429831	624	2	0.0511958240413839	0.779372340902734
maxbin_ERR6275680.033	response	R	0.0184978208779447	0.0212212830182476	624	5	0.383728763362324	0.779372340902734
maxbin_ERR6275680.033	cancer_type	Other	-0.028737202606087	0.0234816933420873	624	5	0.221486886006938	0.779372340902734
semibin_SRR16554628.84	response	R	0.00271740377403594	0.00325038974549855	624	1	0.403462970555348	0.779372340902734
semibin_SRR16554628.84	cancer_type	Other	-0.00213741563415961	0.00359660889402553	624	1	0.552537030738409	0.779372340902734
metabat_SRR6000949.42_sub	cancer_type	Other	-0.0431978363745331	0.0388390356199327	624	6	0.299301426374555	0.779372340902734
semibin_ERR6267711.46	response	R	0.014087742415723	0.0138817250086168	624	2	0.310578246102466	0.779372340902734
semibin_ERR6267711.46	cancer_type	Other	-0.0106862750059123	0.0157514574168863	624	2	0.510299700092779	0.779372340902734
semibin_ERR6279666.83	response	R	0.0142552094099694	0.0140785126457319	624	2	0.311670464533389	0.779372340902734
semibin_ERR6279666.83	cancer_type	Other	-0.0108268360155793	0.0159606628049424	624	2	0.510359424740577	0.779372340902734
metabat_SRR11413618.80	response	R	-0.0250439841839698	0.0163703462565007	624	3	0.126566076176389	0.779372340902734
metabat_SRR11413618.80	cancer_type	Other	0.0327632390522402	0.0259132030909209	624	3	0.243879497469997	0.779372340902734
metabat_ERR12406013.34	response	R	-0.0218922539822781	0.0353269303389302	624	9	0.535680800860716	0.779372340902734
semibin_SRR11413614.5_sub	cancer_type	Other	0.108039463558821	0.0508881125726457	624	11	0.0617125120217245	0.779372340902734
maxbin_SRR5930511.004	response	R	0.00272085532127295	0.00325333993211276	624	1	0.403292843522372	0.779372340902734
maxbin_SRR5930511.004	cancer_type	Other	-0.00324967593705574	0.00523786732791502	624	1	0.557217301670151	0.779372340902734
semibin_SRR5930498.210	response	R	0.0274032712001325	0.0332791705894924	624	6	0.410577266492609	0.779372340902734
semibin_SRR5930498.210	cancer_type	Other	-0.0503786593142032	0.0392897138115093	624	6	0.22949068873102	0.779372340902734
maxbin_SRR16554769.015_sub	response	R	0.0242199810182677	0.0198117925213056	624	3	0.221981144820053	0.779372340902734
maxbin_SRR16554769.015_sub	cancer_type	Other	-0.0190505976979908	0.0219220692802754	624	3	0.385174892855756	0.779372340902734
semibin_SRR16554651.34_sub	response	R	0.0218979597015284	0.0330359904676698	624	8	0.507671976626323	0.779372340902734
semibin_ERR12405970.21	cancer_type	Other	0.0233132170289415	0.0340739977170158	624	7	0.555517360056596	0.779372340902734
maxbin_SRR11413649.001	response	R	0.00274047097262751	0.00324799128596804	624	1	0.399138342465894	0.779372340902734
maxbin_SRR11413649.001	cancer_type	Other	0.00693748189510069	0.00461480525073628	624	1	0.186854706489948	0.779372340902734
maxbin_ERR6233694.003_sub	response	R	-0.0038653978822603	0.00324851725981453	624	1	0.234541954571376	0.779372340902734
maxbin_ERR6233694.003_sub	cancer_type	Other	-0.00230720556883247	0.00359453695829093	624	1	0.521198035181139	0.779372340902734
metabat_ERR6281518.47	response	R	-0.0460638800887787	0.0396548624599305	624	15	0.245836247864335	0.779372340902734
metabat_ERR6281518.47	cancer_type	Other	-0.0802380068540338	0.0745444362578147	624	15	0.304981096578295	0.779372340902734
semibin_SRR11413606.86	cancer_type	Other	0.085040146682585	0.0561514496010994	624	10	0.165821682267695	0.779372340902734
semibin_ERR6275666.75	response	R	-0.0723095023057423	0.0492239370807678	624	20	0.142343109444498	0.779372340902734
semibin_ERR6275666.75	cancer_type	Other	-0.107809921959361	0.115756612301893	624	20	0.375697972520007	0.779372340902734
metabat_SRR13068815.50	response	R	-0.0155738350365193	0.0219370737324735	624	7	0.478012939188875	0.779372340902734
metabat_ERR12405931.15	response	R	0.0137067044050998	0.00946209699877131	624	3	0.147956680848253	0.779372340902734
metabat_ERR12405931.15	cancer_type	Other	0.0120748252330901	0.0104699635694591	624	3	0.249238166825558	0.779372340902734
maxbin_SRR16554647.016	response	R	0.0146535909483097	0.0226973213238444	624	8	0.518771221125083	0.779372340902734
maxbin_SRR16554647.016	cancer_type	Other	0.0830655310528698	0.0368355618547012	624	8	0.0556239239309538	0.779372340902734
semibin_ERR6275668.67	cancer_type	Other	-0.0287950718032517	0.0240760160369088	624	5	0.23215048063047	0.779372340902734
metabat_SRR11413683.6_sub	response	R	-0.0142636120007006	0.0199962442804597	624	5	0.475919721592502	0.779372340902734
metabat_SRR11413683.6_sub	cancer_type	Other	0.0666045483028931	0.0455756778364168	624	5	0.177226105940859	0.779372340902734
maxbin_SRR5930529.037	cancer_type	Other	0.0396397062658293	0.0304499515356893	624	8	0.193467901830409	0.779372340902734
maxbin_SRR11413678.048	response	R	0.0151238869147688	0.0137401094479177	624	2	0.271454891428497	0.779372340902734
maxbin_SRR11413678.048	cancer_type	Other	0.0908452867615695	0.0606275019707731	624	2	0.177504281070266	0.779372340902734
maxbin_SRR16168918.066	response	R	0.0218382932600589	0.0273619165445996	624	12	0.425102081026521	0.779372340902734
semibin_SRR16168940.27	response	R	-0.031162083746629	0.0309371736397114	624	7	0.314198685778186	0.779372340902734
maxbin_SRR11413691.015_sub	response	R	-0.0282909015128344	0.0198807663963601	624	2	0.155229989585391	0.779372340902734
maxbin_SRR11413691.015_sub	cancer_type	Other	0.0517253637059521	0.0338544604481514	624	2	0.166267886814218	0.779372340902734
semibin_SRR13068843.62_sub	response	R	0.0218298879035782	0.0164539813783729	624	6	0.185091770982767	0.779372340902734
metabat_ERR12405955.28	response	R	0.0889182897984282	0.0438106029178416	624	9	0.0428227355102489	0.779372340902734
metabat_SRR16168945.34	cancer_type	Other	-0.0354341933483395	0.0311249717070766	624	7	0.28405710741451	0.779372340902734
semibin_ERR6279626.1	response	R	-0.0529047656375792	0.0465744278590921	624	26	0.256429507182164	0.779372340902734
semibin_ERR6279626.1	cancer_type	Other	-0.06987730588922	0.107631213489015	624	26	0.52723558799036	0.779372340902734
maxbin_ERR6281586.033	response	R	0.0172455962650012	0.0223899906864009	624	6	0.441452307406063	0.779372340902734
maxbin_ERR6281586.033	cancer_type	Other	-0.0332556150860118	0.0247748873043244	624	6	0.179985535810036	0.779372340902734
metabat_ERR12406004.16	cancer_type	Other	0.0176493933607064	0.00804078915598123	624	2	0.0285342492882732	0.779372340902734
semibin_SRR6000901.38	response	R	0.033107492492966	0.0358233639430941	624	5	0.355747866620661	0.779372340902734
metabat_ERR12405984.37	cancer_type	Other	0.0103632558876116	0.0084851001860563	624	2	0.222417941785825	0.779372340902734
semibin_ERR12405961.52	cancer_type	Other	0.0219163996722348	0.0112055426422524	624	3	0.0509303846968699	0.779372340902734
semibin_ERR6279666.66	cancer_type	Other	-0.0165021673048494	0.0233741904289716	624	3	0.493002384383998	0.779372340902734
semibin_SRR11413619.8_sub	response	R	0.0187270172093051	0.023614915135675	624	11	0.428072537988611	0.779372340902734
semibin_SRR11413619.8_sub	cancer_type	Other	0.136808411037166	0.0642083438852271	624	11	0.0606770993199613	0.779372340902734
metabat_ERR6279657.98_sub	response	R	-0.0261556195347891	0.0378941046300268	624	15	0.490307904440415	0.779372340902734
metabat_ERR6279657.98_sub	cancer_type	Other	-0.0803785860175948	0.0642273885742754	624	15	0.234379085377519	0.779372340902734
metabat_SRR16554725.6	response	R	-0.00858066674372529	0.0135886753029015	624	3	0.527974596501639	0.779372340902734
metabat_SRR16554725.6	cancer_type	Other	-0.0135877163799987	0.0164765818299814	624	3	0.426042548537085	0.779372340902734
metabat_ERR12405961.39_sub	response	R	-0.0365670236958726	0.0237853698201896	624	7	0.124713120904842	0.779372340902734
metabat_ERR12405961.39_sub	cancer_type	Other	0.0698529621060255	0.0305177258450933	624	7	0.0678014494684431	0.779372340902734
semibin_SRR25825512.2_sub	response	R	0.00965744089370702	0.00851009930821222	624	2	0.256888083274118	0.779372340902734
semibin_SRR25825512.2_sub	cancer_type	Other	-0.0108359594274487	0.0147148735446705	624	2	0.495682605040561	0.779372340902734
semibin_ERR12405955.23_sub	response	R	0.0901593830744843	0.0373010217279244	624	10	0.0159357414536958	0.779372340902734
semibin_ERR12405955.23_sub	cancer_type	Other	0.116676017941911	0.0470545408060425	624	10	0.105055009197902	0.779372340902734
semibin_ERR12405994.32	cancer_type	Other	0.00665100208630966	0.00656107805878739	624	2	0.311118003146934	0.779372340902734
semibin_ERR6281658.16	cancer_type	Other	-0.0147540361289699	0.012511437308175	624	4	0.238752660957151	0.779372340902734
semibin_ERR6279628.51	response	R	0.0290181259902523	0.025441599970262	624	7	0.254485309629899	0.779372340902734
semibin_ERR6279628.51	cancer_type	Other	0.0375613985430187	0.0281515423982636	624	7	0.182608627554185	0.779372340902734
maxbin_SRR5930507.019	response	R	-0.0042638609546344	0.0065742383861971	624	2	0.516856619585545	0.779372340902734
maxbin_SRR5930507.019	cancer_type	Other	-0.00686567088354756	0.00856483720006302	624	2	0.466977714254563	0.779372340902734
metabat_ERR6232523.20_sub	response	R	0.00271740377418301	0.00325038974549856	624	1	0.403462970529914	0.779372340902734
metabat_ERR6232523.20_sub	cancer_type	Other	-0.00213741563413751	0.00359660889402555	624	1	0.552537030742521	0.779372340902734
metabat_ERR12405915.31	response	R	0.0100664735407535	0.00651671937579314	624	3	0.12292465914452	0.779372340902734
metabat_ERR12405915.31	cancer_type	Other	0.0206490853278032	0.0072108555287271	624	3	0.00432981247330806	0.779372340902734
metabat_ERR6230245.15	response	R	0.00271740377422067	0.00325038974549853	624	1	0.403462970523397	0.779372340902734
metabat_ERR6230245.15	cancer_type	Other	-0.00213741563405412	0.00359660889402552	624	1	0.55253703075801	0.779372340902734
metabat_SRR11413690.18	cancer_type	Other	0.065887861236476	0.024289938019348	624	7	0.00686162400326368	0.779372340902734
semibin_SRR11413657.184	response	R	0.00274047097212345	0.00324799128598237	624	1	0.399138342554606	0.779372340902734
semibin_SRR11413657.184	cancer_type	Other	0.00693748189843634	0.00461480525569417	624	1	0.186854705468335	0.779372340902734
metabat_ERR6233695.27	response	R	-0.0175685009288374	0.0223191003430207	624	7	0.431493942616735	0.779372340902734
metabat_ERR6233695.27	cancer_type	Other	-0.027567049558903	0.033309147470654	624	7	0.422083099152678	0.779372340902734
maxbin_SRR11413645.052	cancer_type	Other	0.193719500711114	0.0914022676143466	624	9	0.0625994089611572	0.779372340902734
semibin_SRR20881974.45_sub	cancer_type	Other	0.107040443083505	0.0869647875402615	624	4	0.258204971841789	0.779372340902734
metabat_SRR16554760.8_sub	cancer_type	Other	-0.0191378756177129	0.0177452346238808	624	4	0.308461057199507	0.779372340902734
semibin_ERR6279669.43	cancer_type	Other	-0.0596302620542026	0.0829423324321524	624	22	0.48685517659356	0.779372340902734
metabat_SRR13068847.11	response	R	-0.0254360843389667	0.0232969315207559	624	4	0.275335576935783	0.779372340902734
metabat_SRR13068847.11	cancer_type	Other	-0.0230199417767147	0.031702738421321	624	4	0.480546726983016	0.779372340902734
semibin_SRR16554684.32	response	R	0.0398597227351126	0.0263999953298385	624	4	0.131598439633346	0.779372340902734
semibin_SRR16554684.32	cancer_type	Other	0.0297808027800192	0.0309291624327057	624	4	0.395511591374225	0.779372340902734
metabat_ERR6232524.62	response	R	0.00271740377418005	0.00325038974549853	624	1	0.403462970530423	0.779372340902734
metabat_ERR6232524.62	cancer_type	Other	-0.00213741563413575	0.00359660889402551	624	1	0.552537030742841	0.779372340902734
maxbin_SRR5930503.014	response	R	0.0228540627355653	0.015516226013849	624	4	0.141281250404615	0.779372340902734
maxbin_SRR5930503.014	cancer_type	Other	0.0273495480194015	0.0303296500308393	624	4	0.392398427037668	0.779372340902734
semibin_SRR23364194.77	response	R	0.00829574515458946	0.0072227004550037	624	2	0.251177755737895	0.779372340902734
semibin_SRR23364194.77	cancer_type	Other	0.0106967232514194	0.010928648165174	624	2	0.368718463264517	0.779372340902734
maxbin_SRR16168926.001_sub	response	R	0.00227841085347012	0.00324765308616992	624	1	0.483219245417426	0.779372340902734
maxbin_SRR16168926.001_sub	cancer_type	Other	-0.00436200156434138	0.00666531760516438	624	1	0.536029927903594	0.779372340902734
metabat_SRR25825499.18	response	R	0.021603646468204	0.0232097901076364	624	7	0.352323267015863	0.779372340902734
metabat_SRR25825499.18	cancer_type	Other	-0.0796525417419413	0.108033676177728	624	7	0.479400678459891	0.779372340902734
semibin_ERR6235718.14	cancer_type	Other	-0.0193699684233715	0.0146336293939927	624	5	0.186102631417361	0.779372340902734
semibin_ERR6275674.52	response	R	0.0444015270536154	0.0399199973038418	624	14	0.266455611538835	0.779372340902734
maxbin_SRR11413692.010	response	R	0.00274047097601989	0.00324799128587626	624	1	0.399138341869256	0.779372340902734
maxbin_SRR11413692.010	cancer_type	Other	0.00693748187490498	0.00461480521898397	624	1	0.186854705373979	0.779372340902734
metabat_ERR6235717.12	cancer_type	Other	-0.0215619545455987	0.0297515820615564	624	3	0.48188203951015	0.779372340902734
semibin_ERR6232425.8	response	R	-0.00386539788202248	0.00324851725981452	624	1	0.234541954600127	0.779372340902734
semibin_ERR6232425.8	cancer_type	Other	-0.00230720556862119	0.00359453695829092	624	1	0.521198035219277	0.779372340902734
metabat_SRR11413679.7	response	R	0.0220156351854494	0.0161222004334641	624	3	0.172575348864546	0.779372340902734
metabat_SRR11413679.7	cancer_type	Other	0.010999741795053	0.0178394758814885	624	3	0.537727486516553	0.779372340902734
maxbin_ERR6281448.001	response	R	0.012620934627897	0.01890716718596	624	3	0.50468791355487	0.779372340902734
maxbin_ERR6281448.001	cancer_type	Other	-0.0157433193402997	0.0225905330301358	624	3	0.498707825562483	0.779372340902734
metabat_SRR6000932.38	cancer_type	Other	-0.0467924410631178	0.0490777248589652	624	4	0.367715680095551	0.779372340902734
maxbin_ERR6229432.012	cancer_type	Other	0.0204688167480021	0.0302928847273031	624	9	0.499484463127419	0.779372340902734
semibin_ERR6282137.80	cancer_type	Other	0.0743711140507223	0.0298855827633103	624	12	0.01308824547598	0.779372340902734
maxbin_SRR16554633.011	cancer_type	Other	-0.0564085287316259	0.0671558740636449	624	7	0.421874622191563	0.779372340902734
metabat_SRR16554632.20	response	R	-0.0151725043029112	0.0112613299232272	624	3	0.178371740316897	0.779372340902734
metabat_SRR16554769.2	cancer_type	Other	-0.034662585464257	0.035586052424625	624	11	0.355550743993166	0.779372340902734
maxbin_SRR13022364.001	cancer_type	Other	-0.00586113982780683	0.0068239588684881	624	2	0.39072373827932	0.779372340902734
semibin_ERR12405939.30	response	R	-0.00369560794734089	0.00324289095445247	624	1	0.254891143313048	0.779372340902734
semibin_ERR12405939.30	cancer_type	Other	0.00575263255140176	0.00358831136028881	624	1	0.109408088702584	0.779372340902734
semibin_ERR12405928.58	response	R	-0.010270469899741	0.0170700862190483	624	3	0.547616869919737	0.779372340902734
semibin_ERR12405928.58	cancer_type	Other	0.0218487762728109	0.0188883268544139	624	3	0.247825685243097	0.779372340902734
semibin_SRR8387683.34_sub	response	R	-0.0124971809819422	0.0168984199215066	624	6	0.459858195991961	0.779372340902734
semibin_SRR8387683.34_sub	cancer_type	Other	0.147419642457673	0.116460998292477	624	6	0.240294112275149	0.779372340902734
metabat_ERR12405935.40	response	R	0.0234828484933219	0.0269542572375908	624	6	0.383975563078592	0.779372340902734
semibin_ERR6281448.108_sub	response	R	0.00271740377442129	0.00325038974549856	624	1	0.403462970488706	0.779372340902734
semibin_ERR6281448.108_sub	cancer_type	Other	-0.00213741563390424	0.00359660889402553	624	1	0.552537030785863	0.779372340902734
maxbin_ERR6281434.009_sub	response	R	-0.024153228456554	0.0270900267069122	624	12	0.37295854200336	0.779372340902734
semibin_SRR5930520.204	response	R	-0.00770700484944804	0.0115112798779005	624	4	0.503417309421921	0.779372340902734
semibin_SRR5930520.204	cancer_type	Other	0.0498855809727083	0.0379210245179827	624	4	0.239808383812843	0.779372340902734
metabat_SRR16554651.36	cancer_type	Other	-0.0291172772458294	0.0380952083300496	624	9	0.464090152576309	0.779372340902734
metabat_ERR12406003.35	response	R	0.0354483285076421	0.0269749957606873	624	4	0.189293531889685	0.779372340902734
metabat_ERR12405911.15	response	R	0.0198268829749047	0.0144470669112213	624	3	0.170440270182361	0.779372340902734
semibin_ERR6232688.3_sub	cancer_type	Other	-0.0261473422855765	0.0368129938974834	624	6	0.489307421927737	0.779372340902734
maxbin_SRR5930520.011	response	R	-0.0145920950516747	0.00893609102125643	624	4	0.10298887092587	0.779372340902734
maxbin_SRR11413615.013	response	R	-0.0200674693399129	0.0199133220732856	624	7	0.313973912274587	0.779372340902734
maxbin_SRR11413615.013	cancer_type	Other	0.0915698800229909	0.0611887223377753	624	7	0.167320707675967	0.779372340902734
maxbin_SRR16554740.019	response	R	0.0183973460473615	0.0193341288756133	624	2	0.341697914391366	0.779372340902734
maxbin_SRR16554740.019	cancer_type	Other	-0.0144211233004297	0.0221426263502271	624	2	0.527950815163316	0.779372340902734
maxbin_SRR16168940.020_sub	response	R	-0.0044618531652811	0.00324339856987536	624	1	0.169420173229519	0.779372340902734
maxbin_SRR16168940.020_sub	cancer_type	Other	-0.0043393752372695	0.00696179975333342	624	1	0.55403186570123	0.779372340902734
semibin_SRR6000893.3	response	R	0.0169524054419762	0.0202493876595547	624	2	0.402812850103609	0.779372340902734
semibin_SRR6000893.3	cancer_type	Other	-0.021796209129852	0.0331953821953977	624	2	0.536147975493039	0.779372340902734
metabat_SRR25825506.41	response	R	0.0372830759103586	0.0241363757877671	624	7	0.122933018617428	0.779372340902734
metabat_SRR25825506.41	cancer_type	Other	-0.0469570348245241	0.0349462832740157	624	7	0.239115976758487	0.779372340902734
metabat_ERR6279622.15	response	R	0.021909941104461	0.0348446954442882	624	5	0.529719181283888	0.779372340902734
metabat_ERR6279622.15	cancer_type	Other	-0.0432402717474357	0.045577660002962	624	5	0.361841422926837	0.779372340902734
semibin_ERR12405987.20	response	R	0.00288719370874855	0.00324421195298838	624	1	0.373836158778735	0.779372340902734
semibin_ERR12405987.20	cancer_type	Other	0.00592242248591543	0.00358977306656259	624	1	0.0994886788634483	0.779372340902734
maxbin_SRR11413618.020	response	R	-0.018875360675001	0.0224467725476348	624	8	0.400731191544359	0.779372340902734
metabat_SRR11413653.56	cancer_type	Other	0.263116338273389	0.119885333750635	624	9	0.0542359036085728	0.779372340902734
metabat_SRR16554660.42	response	R	0.0289901887838222	0.0247989350641695	624	10	0.242853147344124	0.779372340902734
metabat_SRR16554660.42	cancer_type	Other	0.0313010405077812	0.0298865616679166	624	10	0.372124493698754	0.779372340902734
semibin_SRR16554639.10	cancer_type	Other	-0.0205480942715775	0.0215434733562531	624	3	0.340557658093479	0.779372340902734
semibin_SRR16168940.32	response	R	-0.0529695836468063	0.0347108784970163	624	9	0.127513366482699	0.779372340902734
semibin_SRR16168940.32	cancer_type	Other	-0.0631047491573574	0.038408149205707	624	9	0.100888265942003	0.779372340902734
semibin_SRR23364194.25	cancer_type	Other	-0.0119387745696479	0.0172314957773632	624	2	0.501668402147442	0.779372340902734
metabat_ERR6233695.65_sub	cancer_type	Other	-0.0316417245525414	0.0446067597824633	624	7	0.489787022245712	0.779372340902734
semibin_ERR6275669.54	response	R	0.0111097272203419	0.0104223171770366	624	2	0.286859256450534	0.779372340902734
semibin_ERR6275669.54	cancer_type	Other	-0.00820233695222224	0.012057343428227	624	2	0.509013351258682	0.779372340902734
metabat_ERR6279672.6	response	R	-0.00386539788201941	0.00324851725981452	624	1	0.234541954600493	0.779372340902734
metabat_ERR6279672.6	cancer_type	Other	-0.00230720556861745	0.00359453695829092	624	1	0.521198035219952	0.779372340902734
metabat_ERR6281500.32	cancer_type	Other	-0.0740015470546777	0.0807460309408822	624	18	0.378047090282579	0.779372340902734
maxbin_SRR5930507.005	response	R	-0.015828649194589	0.0197754798005887	624	4	0.423774964773338	0.779372340902734
maxbin_SRR5930507.005	cancer_type	Other	-0.0292262518193497	0.0385156635970509	624	4	0.470252001525168	0.779372340902734
metabat_SRR20881978.1_sub	cancer_type	Other	0.0843593218996698	0.061188943012483	624	3	0.212569945406909	0.779372340902734
metabat_SRR16554669.42	cancer_type	Other	-0.0190619666281427	0.0241414190163686	624	3	0.44636963815982	0.779372340902734
metabat_SRR16554641.12	response	R	0.0286775161296455	0.0270210378556488	624	10	0.288964668029629	0.779372340902734
metabat_SRR16554641.12	cancer_type	Other	-0.0358504229077004	0.0457364532282679	624	10	0.457148870538739	0.779372340902734
semibin_SRR11413652.9_sub	response	R	0.0226869906084904	0.0231770770820682	624	10	0.328034352949935	0.779372340902734
semibin_SRR11413652.9_sub	cancer_type	Other	0.129594119064401	0.058214203251423	624	10	0.0520201751474969	0.779372340902734
semibin_ERR6279676.74	response	R	-0.0263504626149633	0.0385687007403855	624	12	0.494729979747862	0.779372340902734
semibin_ERR6279676.74	cancer_type	Other	-0.0719628199374665	0.0702936886190945	624	12	0.340829114474483	0.779372340902734
semibin_SRR16554660.115	response	R	0.00271740377406692	0.00325038974549857	624	1	0.403462970549995	0.779372340902734
semibin_SRR16554660.115	cancer_type	Other	-0.00213741563410936	0.00359660889402555	624	1	0.552537030747751	0.779372340902734
maxbin_SRR23364170.010_sub	response	R	0.017964558269622	0.0193395113681503	624	6	0.353300439400478	0.779372340902734
semibin_SRR16168985.93	response	R	0.00227841089708847	0.00324765308682816	624	1	0.483219237133492	0.779372340902734
semibin_SRR16168985.93	cancer_type	Other	-0.00436200144955192	0.00666531725789346	624	1	0.53602991696258	0.779372340902734
metabat_ERR12405943.30	response	R	0.0145896868389031	0.0105768178564677	624	3	0.168267274686175	0.779372340902734
metabat_ERR12405943.30	cancer_type	Other	0.0299274306163666	0.0117034202515997	624	3	0.0107898118878304	0.779372340902734
semibin_SRR16554671.39	response	R	0.0027174037742331	0.00325038974549854	624	1	0.403462970521249	0.779372340902734
semibin_SRR16554671.39	cancer_type	Other	-0.00213741563403181	0.00359660889402552	624	1	0.552537030762157	0.779372340902734
maxbin_SRR5930501.008	cancer_type	Other	-0.0597338600088514	0.0636736156037848	624	8	0.37139273412944	0.779372340902734
maxbin_ERR12405934.015_sub	response	R	-0.0224339058435539	0.0239181677315843	624	8	0.348637744137341	0.779372340902734
metabat_ERR6279626.16	response	R	-0.0115736883098299	0.00999169948540773	624	3	0.247175472040684	0.779372340902734
metabat_ERR6279626.16	cancer_type	Other	-0.00920793086990502	0.0124723544651611	624	3	0.474055361326941	0.779372340902734
metabat_ERR6275668.55	cancer_type	Other	0.0378398304567065	0.0272614294918668	624	10	0.264821473918336	0.779372340902734
metabat_SRR11413611.60	response	R	-0.00834566949389632	0.00964979702852322	624	2	0.387453338503928	0.779372340902734
metabat_SRR11413611.60	cancer_type	Other	0.0173165534563245	0.0135195582718715	624	2	0.248770765939585	0.779372340902734
semibin_SRR16554627.71	response	R	-0.0238421730103079	0.0225543665468904	624	2	0.290877960226874	0.779372340902734
semibin_SRR16554627.71	cancer_type	Other	-0.0179904805266543	0.0249567718560519	624	2	0.471263430257014	0.779372340902734
maxbin_SRR11413618.028	response	R	-0.0146216640463236	0.0148809689793683	624	2	0.326200067425098	0.779372340902734
maxbin_SRR11413618.028	cancer_type	Other	0.0293361204110624	0.0212840510115021	624	2	0.218364811142602	0.779372340902734
metabat_SRR13068815.13_sub	response	R	0.0261479073498757	0.0291232913938274	624	10	0.369621531578855	0.779372340902734
semibin_ERR6281518.42	response	R	0.00271740377402634	0.00325038974549855	624	1	0.403462970557011	0.779372340902734
semibin_ERR6281518.42	cancer_type	Other	-0.00213741563418916	0.00359660889402553	624	1	0.552537030732921	0.779372340902734
metabat_ERR6280907.89	response	R	0.0225490947978266	0.0222125297361972	624	6	0.310429207771637	0.779372340902734
metabat_ERR6280907.89	cancer_type	Other	-0.0294766417836229	0.0305065242700776	624	6	0.35473930541351	0.779372340902734
semibin_SRR5930497.77	response	R	0.00272085532262542	0.00325333993205317	624	1	0.403292843280149	0.779372340902734
semibin_SRR5930497.77	cancer_type	Other	-0.00324967591329864	0.00523786726048989	624	1	0.55721729971501	0.779372340902734
semibin_SRR11413678.51	response	R	0.0970514443810439	0.0457544251237682	624	25	0.0343088569171763	0.779372340902734
metabat_ERR6275667.18	response	R	0.0116603511403446	0.018974140354347	624	3	0.539084230733701	0.779372340902734
metabat_ERR6275667.18	cancer_type	Other	-0.0176088807720801	0.0209951935916122	624	3	0.401954731666343	0.779372340902734
metabat_ERR6232526.19	response	R	-0.00386539788205392	0.00324851725981454	624	1	0.234541954596332	0.779372340902734
metabat_ERR6232526.19	cancer_type	Other	-0.0023072055686935	0.00359453695829099	624	1	0.521198035206242	0.779372340902734
metabat_ERR12405973.26	response	R	0.00288719370909347	0.00324421195298838	624	1	0.373836158721681	0.779372340902734
metabat_ERR12405973.26	cancer_type	Other	0.00592242248609833	0.00358977306656259	624	1	0.0994886788530155	0.779372340902734
metabat_SRR16554757.25	response	R	-0.0110732104097991	0.0120350063394352	624	2	0.357886402551025	0.779372340902734
metabat_SRR16554757.25	cancer_type	Other	-0.0103688533312675	0.0133169294236211	624	2	0.436499032919163	0.779372340902734
semibin_SRR16554766.58	response	R	0.00271740377418001	0.00325038974549856	624	1	0.403462970530432	0.779372340902734
semibin_SRR16554766.58	cancer_type	Other	-0.00213741563413758	0.00359660889402554	624	1	0.552537030742505	0.779372340902734
metabat_ERR12406004.31	response	R	0.0222092666066634	0.021497941715517	624	8	0.301965999369817	0.779372340902734
maxbin_ERR6279681.003	response	R	0.0135723259343658	0.0132772537440285	624	2	0.307074333910497	0.779372340902734
maxbin_ERR6279681.003	cancer_type	Other	-0.0102541306688609	0.0151083432549961	624	2	0.510108006163357	0.779372340902734
semibin_ERR6279669.69	response	R	0.00271740377422067	0.00325038974549853	624	1	0.403462970523397	0.779372340902734
semibin_ERR6279669.69	cancer_type	Other	-0.00213741563405412	0.00359660889402552	624	1	0.552537030758012	0.779372340902734
semibin_SRR25825501.28	response	R	0.0174883262171084	0.0265568251578269	624	8	0.510445077336252	0.779372340902734
semibin_SRR25825501.28	cancer_type	Other	-0.0187319076066791	0.0293855571295717	624	8	0.524064848242445	0.779372340902734
maxbin_SRR25825518.017_sub	response	R	-0.0179494446109823	0.0282958242983731	624	6	0.526086324932782	0.779372340902734
maxbin_SRR16554626.019	response	R	0.011910956796814	0.0112669523620129	624	2	0.290850224291045	0.779372340902734
metabat_SRR20881983.76	response	R	0.0272439876079245	0.0431879161214139	624	19	0.528387505284507	0.779372340902734
metabat_SRR11413618.92	response	R	-0.131441618921195	0.0533062218720168	624	13	0.0139413419549056	0.779372340902734
metabat_SRR11413618.92	cancer_type	Other	0.129471222615654	0.124545808323764	624	13	0.326685254479347	0.779372340902734
semibin_ERR6229432.4	response	R	-0.0237599293145148	0.033055347367944	624	10	0.472543368184858	0.779372340902734
semibin_ERR6229432.4	cancer_type	Other	0.0485171338932766	0.0406118247635888	624	10	0.359363560157315	0.779372340902734
semibin_ERR6275665.68	response	R	0.0027174037742331	0.00325038974549856	624	1	0.40346297052125	0.779372340902734
semibin_ERR6275665.68	cancer_type	Other	-0.00213741563403181	0.00359660889402555	624	1	0.552537030762158	0.779372340902734
metabat_ERR6279624.22	cancer_type	Other	-0.0790697555834793	0.0897484629192737	624	17	0.393569367590651	0.779372340902734
metabat_SRR13068826.29	cancer_type	Other	-0.0151921588744069	0.0211088126780535	624	3	0.48474812389978	0.779372340902734
semibin_SRR5930512.42	cancer_type	Other	0.0593601221507281	0.0850664434348965	624	10	0.510193830289251	0.779372340902734
metabat_ERR6232527.17	response	R	0.0350646355432638	0.0219685834110132	624	4	0.110969996908152	0.779372340902734
semibin_SRR5930528.78	response	R	0.0553283202267045	0.0389926645826436	624	11	0.156417826400399	0.779372340902734
semibin_SRR5930528.78	cancer_type	Other	-0.0489250961741873	0.0615413872021023	624	11	0.449585406961269	0.779372340902734
semibin_ERR6232521.2	cancer_type	Other	-0.01195439864189	0.017254663538185	624	2	0.501683965733259	0.779372340902734
semibin_SRR20881987.22	response	R	-0.024254146392426	0.0172912665052827	624	5	0.161216106095937	0.779372340902734
semibin_SRR20881987.22	cancer_type	Other	0.0511919821145609	0.0527671507524291	624	5	0.366600293768305	0.779372340902734
maxbin_ERR6275677.011	response	R	-0.0197995427214192	0.0290718298450499	624	6	0.496090362934781	0.779372340902734
metabat_SRR6000920.15	response	R	0.0150877322009361	0.010880780813914	624	3	0.166051484948291	0.779372340902734
metabat_SRR6000920.15	cancer_type	Other	-0.0116574455669141	0.0124877043853215	624	3	0.378618836456898	0.779372340902734
metabat_SRR25825494.21	response	R	-0.00917234896573367	0.0113709985550278	624	2	0.420180463632359	0.779372340902734
maxbin_SRR11413614.027_sub	response	R	0.0528221916730689	0.0275672164209808	624	9	0.0558098708765754	0.779372340902734
maxbin_SRR11413614.027_sub	cancer_type	Other	0.0492200132538156	0.0692967886523201	624	9	0.49507478760588	0.779372340902734
metabat_ERR6279666.61	response	R	0.0180047732483206	0.0228717090703519	624	6	0.43146129118367	0.779372340902734
metabat_ERR6279666.61	cancer_type	Other	-0.0323646336352843	0.0319879738744498	624	6	0.335299517948035	0.779372340902734
semibin_SRR11413654.84	response	R	0.00274047097660941	0.00324799128586029	624	1	0.399138341765587	0.779372340902734
semibin_SRR11413654.84	cancer_type	Other	0.0069374818713187	0.00461480521346562	624	1	0.186854705873249	0.779372340902734
metabat_SRR5930508.52	cancer_type	Other	-0.0189086303461538	0.0195078109828374	624	3	0.332780319716691	0.779372340902734
metabat_SRR6000920.5_sub	cancer_type	Other	0.215262348707092	0.252577826118363	624	17	0.418667053528011	0.779372340902734
semibin_ERR12405944.21	response	R	0.015259842269298	0.0142534488199596	624	2	0.284762091254055	0.779372340902734
semibin_ERR12405944.21	cancer_type	Other	0.0313021023532018	0.0157716719563861	624	2	0.047617021341128	0.779372340902734
semibin_ERR6281500.169	response	R	-0.00933718171259205	0.0106820888803839	624	2	0.382404508109917	0.779372340902734
semibin_ERR6281500.169	cancer_type	Other	-0.00901935830259967	0.0121594564137811	624	2	0.472783085295149	0.779372340902734
semibin_SRR6000908.41	response	R	0.0229184379285203	0.0197801215800246	624	5	0.247041004424601	0.779372340902734
maxbin_ERR6275678.010	cancer_type	Other	-0.022030899694096	0.0244108986342109	624	3	0.367139853745642	0.779372340902734
metabat_SRR16554769.49	response	R	0.00891108449595718	0.00791488753589802	624	2	0.260660998087194	0.779372340902734
semibin_SRR13068843.26	response	R	0.0650865382156167	0.0367600518653249	624	12	0.0771214340035395	0.779372340902734
semibin_SRR6000947.58_sub	response	R	-0.00333537694721788	0.00325211469960862	624	1	0.305478472165116	0.779372340902734
semibin_SRR6000947.58_sub	cancer_type	Other	-0.00323242659137332	0.0051326263669068	624	1	0.553782988806684	0.779372340902734
maxbin_SRR11413648.031	response	R	0.0200235782086754	0.0218312835506942	624	11	0.359395709122876	0.779372340902734
semibin_ERR6280899.10	response	R	0.102169712827035	0.0545410599510239	624	21	0.0615020153655792	0.779372340902734
semibin_ERR6280899.10	cancer_type	Other	-0.0807262325696093	0.113155055686423	624	21	0.487555923586266	0.779372340902734
metabat_ERR6239138.19	cancer_type	Other	-0.0163717588458616	0.0230128487482873	624	5	0.488872333488567	0.779372340902734
maxbin_SRR25825515.021_sub	response	R	-0.00364767560910522	0.00324756291849567	624	1	0.261785257839745	0.779372340902734
maxbin_SRR25825515.021_sub	cancer_type	Other	-0.00402464989735663	0.0063450525843834	624	1	0.54846566499403	0.779372340902734
semibin_ERR6235717.13	response	R	-0.0038653978822578	0.00324851725981453	624	1	0.234541954571675	0.779372340902734
semibin_ERR6235717.13	cancer_type	Other	-0.00230720556885621	0.00359453695829092	624	1	0.521198035176851	0.779372340902734
maxbin_ERR12406003.003_sub	response	R	0.0159315381715685	0.0149893789059609	624	2	0.288260788706246	0.779372340902734
maxbin_ERR12406003.003_sub	cancer_type	Other	0.0326799340178014	0.0165859905150632	624	2	0.0492439813030908	0.779372340902734
semibin_ERR12405955.68	response	R	0.0115799136756071	0.0104717435967651	624	2	0.26923057719735	0.779372340902734
semibin_ERR12405955.68	cancer_type	Other	0.0160420115935511	0.0115871538815428	624	2	0.166713307012219	0.779372340902734
maxbin_SRR5930505.002	response	R	0.00936820794089477	0.00877491454390128	624	2	0.28611135740174	0.779372340902734
maxbin_SRR5930505.002	cancer_type	Other	-0.00919036374853004	0.0122755610537351	624	2	0.492238509539565	0.779372340902734
metabat_ERR6281997.12	response	R	0.00824938512210242	0.00661828534448144	624	2	0.213074207777178	0.779372340902734
metabat_ERR6281997.12	cancer_type	Other	0.0339672632732612	0.0258153350278981	624	2	0.23272011985101	0.779372340902734
metabat_SRR16168986.30_sub	response	R	0.0396853473734448	0.0214376154708189	624	9	0.0646209498496108	0.779372340902734
metabat_SRR16168986.30_sub	cancer_type	Other	0.0499002105794045	0.0775035211640489	624	9	0.541561794476667	0.779372340902734
semibin_ERR6282137.10	cancer_type	Other	-0.00484396741823729	0.00554053675902185	624	2	0.382305049461295	0.779372340902734
semibin_ERR6279618.75_sub	response	R	0.00271740377418001	0.00325038974549854	624	1	0.403462970530429	0.779372340902734
semibin_ERR6279618.75_sub	cancer_type	Other	-0.00213741563413758	0.00359660889402552	624	1	0.552537030742501	0.779372340902734
metabat_ERR6279620.12	response	R	-0.00386539788210378	0.00324851725981451	624	1	0.234541954590297	0.779372340902734
metabat_ERR6279620.12	cancer_type	Other	-0.00230720556878814	0.00359453695829091	624	1	0.521198035189139	0.779372340902734
semibin_SRR5930495.18	response	R	-0.0258366234506646	0.0245407060773525	624	7	0.292840591533012	0.779372340902734
semibin_SRR5930495.18	cancer_type	Other	-0.0371523549638711	0.0612127798089418	624	7	0.559659240723097	0.779372340902734
semibin_ERR6279644.71	response	R	0.0111978428223407	0.0105232311282805	624	2	0.28769514931211	0.779372340902734
semibin_ERR6279644.71	cancer_type	Other	-0.00827526145087804	0.0121656941623639	624	2	0.509058314414663	0.779372340902734
metabat_SRR11413654.79	cancer_type	Other	0.117035124001615	0.0697154536693636	624	9	0.127488186160066	0.779372340902734
metabat_SRR13068843.10_sub	response	R	0.0256295905759723	0.0324889846861695	624	5	0.430488954984135	0.779372340902734
metabat_SRR6000947.59	response	R	-0.003335376947033	0.0032521146996094	624	1	0.305478472192018	0.779372340902734
metabat_SRR6000947.59	cancer_type	Other	-0.00323242659162013	0.00513262636757848	624	1	0.553782988332203	0.779372340902734
semibin_SRR16554649.13	response	R	0.014459589326632	0.0147564653942791	624	2	0.327527372180749	0.779372340902734
semibin_SRR16554649.13	cancer_type	Other	-0.0113019014131109	0.0171830762898905	624	2	0.52381831220509	0.779372340902734
metabat_ERR6279662.20	response	R	0.0338402072500475	0.0210685417118709	624	5	0.108739703110485	0.779372340902734
metabat_ERR6279662.20	cancer_type	Other	-0.020147614957515	0.0290276678400655	624	5	0.499401220065425	0.779372340902734
metabat_ERR12405917.24	response	R	-0.0161004235702183	0.0169609452672963	624	2	0.34285536100779	0.779372340902734
metabat_ERR12405917.24	cancer_type	Other	0.0354788004311383	0.0187675606237435	624	2	0.0591655153203276	0.779372340902734
metabat_ERR6281518.61_sub	cancer_type	Other	-0.0804367967099681	0.0563907695824313	624	18	0.178964834182201	0.779372340902734
metabat_ERR6275669.24	response	R	0.00271740377407916	0.00325038974549857	624	1	0.403462970547873	0.779372340902734
metabat_ERR6275669.24	cancer_type	Other	-0.00213741563409622	0.00359660889402555	624	1	0.552537030750188	0.779372340902734
metabat_SRR13068823.23	response	R	0.0362695534555134	0.0179606753981708	624	6	0.0438789374541098	0.779372340902734
metabat_SRR11413692.14	response	R	0.00932527374017381	0.0158901055379088	624	2	0.557511075736885	0.779372340902734
metabat_SRR11413692.14	cancer_type	Other	0.0301585176120666	0.0229459739095628	624	2	0.239566822080314	0.779372340902734
metabat_SRR23364198.6	response	R	0.0208154873515737	0.0331185800430057	624	10	0.529901538557652	0.779372340902734
metabat_SRR23364198.6	cancer_type	Other	0.157622874270556	0.132782289242451	624	10	0.275611447001442	0.779372340902734
semibin_ERR12405966.20	response	R	0.0299964909918891	0.021445051895676	624	6	0.16238887972633	0.779372340902734
semibin_ERR12405966.20	cancer_type	Other	0.0587059001153903	0.0255191524509039	624	6	0.0925392560503466	0.779372340902734
metabat_SRR20881981.60	response	R	-0.0136251907264362	0.0104238762139014	624	3	0.191659346005649	0.779372340902734
metabat_ERR12405985.42	response	R	0.0112460584388295	0.0101158044972938	624	2	0.266683826368291	0.779372340902734
metabat_ERR12405985.42	cancer_type	Other	0.0153571833618562	0.0111933015034817	624	2	0.170559580183662	0.779372340902734
semibin_SRR16554715.26	response	R	0.00271740377439023	0.00325038974549856	624	1	0.403462970494076	0.779372340902734
semibin_SRR16554715.26	cancer_type	Other	-0.00213741563395815	0.00359660889402553	624	1	0.552537030775844	0.779372340902734
semibin_ERR6275659.65	response	R	-0.0212261701362766	0.0149375204171753	624	2	0.155821591408917	0.779372340902734
semibin_ERR6275659.65	cancer_type	Other	-0.0126365408545397	0.0165632399410266	624	2	0.460962637088197	0.779372340902734
metabat_ERR12405979.23	response	R	0.00288719370886157	0.00324421195298838	624	1	0.373836158760039	0.779372340902734
metabat_ERR12405979.23	cancer_type	Other	0.00592242248588355	0.00358977306656259	624	1	0.0994886788652658	0.779372340902734
semibin_SRR11413646.12	response	R	-0.02032586113518	0.0185487305663472	624	7	0.273587695730517	0.779372340902734
semibin_SRR11413646.12	cancer_type	Other	0.0729929354794983	0.0279277349499339	624	7	0.046570235086229	0.779372340902734
metabat_SRR5930531.8_sub	response	R	0.0297417728798241	0.0462015464309498	624	20	0.519981872241636	0.779372340902734
metabat_SRR5930531.8_sub	cancer_type	Other	-0.110206531997472	0.0834463364754703	624	20	0.207973356106602	0.779372340902734
semibin_SRR5930527.114	cancer_type	Other	0.173102029825722	0.214003488067163	624	29	0.441007911216912	0.779372340902734
semibin_ERR6279619.31	cancer_type	Other	-0.00619166598382954	0.00874867354635758	624	2	0.492365950196706	0.779372340902734
semibin_SRR5930517.9	response	R	-0.0147832797619778	0.00966794225249701	624	2	0.126749094783343	0.779372340902734
semibin_SRR5930517.9	cancer_type	Other	-0.0101719675896176	0.0140112456920218	624	2	0.505407459689935	0.779372340902734
semibin_SRR25825500.66	response	R	-0.00532608283495205	0.0080463715568814	624	2	0.50826671812831	0.779372340902734
metabat_ERR6275666.22_sub	cancer_type	Other	-0.0278336252034634	0.0373585516398656	624	11	0.47699787795402	0.779372340902734
semibin_ERR6271721.28_sub	response	R	-0.0194934706022332	0.0153545124626645	624	3	0.204718273426311	0.779372340902734
semibin_ERR6271721.28_sub	cancer_type	Other	-0.0138199128239821	0.0185440886656618	624	3	0.470299196592281	0.779372340902734
semibin_ERR6232527.9_sub	response	R	0.00271740377422996	0.00325038974549854	624	1	0.403462970521794	0.779372340902734
semibin_ERR6232527.9_sub	cancer_type	Other	-0.00213741563403921	0.00359660889402551	624	1	0.552537030760779	0.779372340902734
maxbin_ERR6279626.022	cancer_type	Other	-0.0136047747820351	0.0186852010575888	624	3	0.480043352344225	0.779372340902734
semibin_ERR6280907.143_sub	cancer_type	Other	-0.00935965658832595	0.0132224738836162	624	3	0.491604542447326	0.779372340902734
metabat_ERR6232529.28	response	R	0.00271740377408526	0.00325038974549856	624	1	0.403462970546819	0.779372340902734
metabat_ERR6232529.28	cancer_type	Other	-0.00213741563409057	0.00359660889402554	624	1	0.55253703075124	0.779372340902734
maxbin_ERR6232686.025	response	R	-0.00386539788225481	0.00324851725981452	624	1	0.234541954572034	0.779372340902734
maxbin_ERR6232686.025	cancer_type	Other	-0.00230720556885614	0.00359453695829092	624	1	0.521198035176865	0.779372340902734
maxbin_SRR25825520.007	response	R	0.00305072648055316	0.00324838685646275	624	1	0.348018606532759	0.779372340902734
maxbin_SRR25825520.007	cancer_type	Other	-0.00415001399190982	0.00645576552166378	624	1	0.542520353450749	0.779372340902734
semibin_SRR16554760.12	cancer_type	Other	-0.00821365246097879	0.0119727435757301	624	3	0.505130717606656	0.779372340902734
semibin_SRR16168940.67	response	R	-0.064834579003399	0.0293142223338676	624	5	0.0273499999431765	0.779372340902734
semibin_SRR16168940.67	cancer_type	Other	-0.0424583128863064	0.032436661761391	624	5	0.191031848564062	0.779372340902734
semibin_SRR16554651.7	response	R	0.0120428916316834	0.0148109801955242	624	3	0.416469110974811	0.779372340902734
semibin_SRR16554651.7	cancer_type	Other	-0.0148201147805083	0.0163885894527666	624	3	0.366189819456327	0.779372340902734
metabat_SRR5930520.89	cancer_type	Other	-0.0389287718966199	0.0320364633735692	624	6	0.25144274254543	0.779372340902734
semibin_ERR6279669.75_sub	response	R	0.0187562142749559	0.0236302233906297	624	5	0.427651523282852	0.779372340902734
semibin_ERR6279669.75_sub	cancer_type	Other	-0.032938533593213	0.0312291645287353	624	5	0.316314823068764	0.779372340902734
semibin_ERR6279672.47	response	R	-0.121315160172931	0.0652447733063179	624	19	0.0634453291278803	0.779372340902734
semibin_ERR6279672.47	cancer_type	Other	-0.0861165319173217	0.117387170253119	624	19	0.47708379407709	0.779372340902734
semibin_SRR25825521.35	response	R	0.00860382192465645	0.00749680899375005	624	2	0.251549045013197	0.779372340902734
semibin_SRR25825521.35	cancer_type	Other	-0.00931442739882139	0.0123993372288913	624	2	0.491258259428906	0.779372340902734
maxbin_SRR13022456.002_sub	response	R	0.0167356045848391	0.0185059890687822	624	8	0.366172216525121	0.779372340902734
maxbin_SRR13022456.002_sub	cancer_type	Other	0.112508605824165	0.0771350124737105	624	8	0.177575134854841	0.779372340902734
semibin_SRR16554660.121	response	R	0.00271740377418305	0.00325038974549855	624	1	0.403462970529905	0.779372340902734
semibin_SRR16554660.121	cancer_type	Other	-0.00213741563413567	0.00359660889402553	624	1	0.552537030742859	0.779372340902734
metabat_SRR25825503.7	response	R	-0.0144157615088396	0.0177575759999808	624	3	0.417212915050054	0.779372340902734
semibin_ERR6275663.61	response	R	0.0160750986011792	0.0161008949023727	624	2	0.318475349001127	0.779372340902734
metabat_SRR16554763.17	response	R	0.00271740377421756	0.00325038974549856	624	1	0.403462970523938	0.779372340902734
metabat_SRR16554763.17	cancer_type	Other	-0.00213741563405968	0.00359660889402554	624	1	0.552537030756977	0.779372340902734
semibin_SRR5930504.70	cancer_type	Other	0.0583798697630404	0.0550225941055813	624	10	0.331042229150487	0.779372340902734
semibin_SRR11413654.127	response	R	0.0213388677431513	0.0119284542814798	624	5	0.0741195096202036	0.779372340902734
semibin_SRR11413654.127	cancer_type	Other	0.0253452336900471	0.015942542125223	624	5	0.184848322446577	0.779372340902734
semibin_SRR11413608.100	cancer_type	Other	0.0248453177228296	0.0227230323627524	624	3	0.307431221429384	0.779372340902734
metabat_ERR6236131.53_sub	response	R	0.00271740377426758	0.00325038974549855	624	1	0.403462970515292	0.779372340902734
metabat_ERR6236131.53_sub	cancer_type	Other	-0.00213741563395765	0.00359660889402553	624	1	0.552537030775939	0.779372340902734
semibin_SRR16554681.35	cancer_type	Other	-0.00866774537827268	0.0130265719019067	624	2	0.518872675899722	0.779372340902734
metabat_ERR6275652.28	response	R	0.00565183291708474	0.00462976506197013	624	2	0.222640135560137	0.779372340902734
metabat_ERR6275652.28	cancer_type	Other	0.00374785309649279	0.00512291002092624	624	2	0.46469681020002	0.779372340902734
maxbin_SRR16168943.020_sub	cancer_type	Other	-0.0800752676538727	0.0518326004825998	624	11	0.150230583950867	0.779372340902734
semibin_SRR11413656.55	response	R	0.0229200954834221	0.0178501304034869	624	7	0.199611440367328	0.779372340902734
semibin_SRR11413656.55	cancer_type	Other	0.0425218614987593	0.0398040544282851	624	7	0.313330798762209	0.779372340902734
semibin_ERR6233694.0	response	R	-0.0662318035284876	0.0297767417764732	624	5	0.0264883756464379	0.779372340902734
semibin_ERR6233694.0	cancer_type	Other	-0.0432922979773981	0.0329484470152174	624	5	0.189351399175138	0.779372340902734
semibin_SRR5930495.0_sub	cancer_type	Other	-0.0641171015218625	0.10259611607713	624	15	0.547419116689934	0.779372340902734
maxbin_SRR5930519.005	response	R	-0.00394210089518152	0.00325137309181234	624	1	0.225804396750536	0.779372340902734
maxbin_SRR5930519.005	cancer_type	Other	-0.00324515972446781	0.00529090139166478	624	1	0.56165224364426	0.779372340902734
metabat_ERR6279669.21	response	R	0.0521022042118537	0.029011875141564	624	7	0.0729978108063769	0.779372340902734
metabat_ERR6279669.21	cancer_type	Other	-0.0363466811866905	0.0436621326140858	624	7	0.419151559086185	0.779372340902734
metabat_SRR16554726.7	response	R	-0.00616632603932727	0.00816341967285975	624	2	0.450320553497132	0.779372340902734
maxbin_ERR12405920.014	cancer_type	Other	0.0850368844399738	0.0280750143306709	624	7	0.00255622318600528	0.779372340902734
metabat_ERR12405918.6_sub	cancer_type	Other	0.0513506951897874	0.0187844098449481	624	4	0.0608066517217894	0.779372340902734
semibin_ERR6232518.35	response	R	-0.00386539788207514	0.00324851725981454	624	1	0.234541954593762	0.779372340902734
semibin_ERR6232518.35	cancer_type	Other	-0.00230720556870681	0.00359453695829094	624	1	0.521198035203827	0.779372340902734
semibin_ERR6231616.10	response	R	0.0306056929499736	0.0192956581583014	624	4	0.113216216881347	0.779372340902734
semibin_ERR6231616.10	cancer_type	Other	-0.0183366302785632	0.0264336351555922	624	4	0.499672653395522	0.779372340902734
metabat_ERR6279664.5	response	R	0.00271740377423283	0.00325038974549855	624	1	0.403462970521295	0.779372340902734
metabat_ERR6279664.5	cancer_type	Other	-0.00213741563404464	0.00359660889402553	624	1	0.552537030759773	0.779372340902734
semibin_SRR13068831.57	response	R	-0.0376508178256124	0.0371618575369713	624	6	0.311379587349768	0.779372340902734
semibin_SRR13068831.57	cancer_type	Other	-0.0692466287071927	0.0592170902501015	624	6	0.287127767880727	0.779372340902734
metabat_ERR12405929.15	response	R	-0.0395760113747849	0.0221622074248639	624	4	0.0746287090282642	0.779372340902734
metabat_ERR12405929.15	cancer_type	Other	0.0520522829692322	0.0245228414364438	624	4	0.0341821069022935	0.779372340902734
semibin_ERR12405961.53	response	R	-0.00568743502067542	0.00818113338514417	624	2	0.487196822050378	0.779372340902734
semibin_ERR12405961.53	cancer_type	Other	0.0192698037690515	0.0090525565855505	624	2	0.0336754681750372	0.779372340902734
maxbin_SRR25825511.012	response	R	-0.0179628334877631	0.029495067340394	624	4	0.542741522611059	0.779372340902734
maxbin_SRR25825511.012	cancer_type	Other	-0.0751252899085027	0.106050122754732	624	4	0.496540028564265	0.779372340902734
semibin_ERR6236131.18_sub	response	R	0.00271740377403816	0.00325038974549855	624	1	0.403462970554966	0.779372340902734
semibin_ERR6236131.18_sub	cancer_type	Other	-0.00213741563419618	0.00359660889402553	624	1	0.552537030731614	0.779372340902734
metabat_SRR11413606.21	response	R	0.0192508996033422	0.0183265771961342	624	5	0.293927226501388	0.779372340902734
metabat_SRR11413620.38	response	R	0.023845140641097	0.0190130457552139	624	3	0.210261131318526	0.779372340902734
metabat_SRR11413620.38	cancer_type	Other	0.0587579587720789	0.0383726908225433	624	3	0.161443674333651	0.779372340902734
metabat_ERR6243880.19	cancer_type	Other	-0.0319698885219343	0.0295142645253538	624	4	0.304453764582954	0.779372340902734
metabat_ERR6282070.17	cancer_type	Other	-0.0223195485318774	0.0308996578296666	624	4	0.482942677344015	0.779372340902734
semibin_SRR5930511.18_sub	response	R	0.0209898734508201	0.0255865803916201	624	8	0.412335847035639	0.779372340902734
semibin_SRR5930511.18_sub	cancer_type	Other	-0.0740255927481618	0.0967551835533774	624	8	0.462508479991742	0.779372340902734
semibin_SRR5930515.71	cancer_type	Other	-0.0359735458686636	0.051492453425967	624	4	0.501171865615268	0.779372340902734
metabat_ERR6279662.31	response	R	0.00271740377442797	0.00325038974549855	624	1	0.403462970487549	0.779372340902734
metabat_ERR6279662.31	cancer_type	Other	-0.0021374156338711	0.00359660889402553	624	1	0.55253703079202	0.779372340902734
metabat_ERR6275671.32	response	R	-0.0408943243756458	0.0264469500444295	624	3	0.122548125097037	0.779372340902734
metabat_ERR6275671.32	cancer_type	Other	-0.0244641302611641	0.0327578056396618	624	3	0.469224399815363	0.779372340902734
semibin_SRR16168986.17	cancer_type	Other	-0.0260478610027124	0.0249398628602725	624	4	0.296694354856528	0.779372340902734
semibin_ERR6279662.30_sub	response	R	0.00271740377405647	0.00325038974549855	624	1	0.403462970551796	0.779372340902734
semibin_ERR6279662.30_sub	cancer_type	Other	-0.00213741563417923	0.00359660889402552	624	1	0.552537030734764	0.779372340902734
maxbin_SRR13068832.004	response	R	-0.0134248160856297	0.0184996861860467	624	7	0.46830975743056	0.779372340902734
maxbin_SRR13068832.004	cancer_type	Other	-0.0232776903504283	0.026438446411564	624	7	0.395050811292391	0.779372340902734
maxbin_ERR6279654.008	response	R	-0.00386539788205741	0.00324851725981452	624	1	0.234541954595903	0.779372340902734
maxbin_ERR6279654.008	cancer_type	Other	-0.00230720556871734	0.00359453695829091	624	1	0.52119803520192	0.779372340902734
semibin_SRR8387679.0	response	R	0.00299436422318321	0.00316787441317827	624	1	0.344915122192248	0.779372340902734
semibin_SRR8387679.0	cancer_type	Other	0.0202891363438384	0.014879453682098	624	1	0.213446129732821	0.779372340902734
semibin_SRR5930498.39	cancer_type	Other	-0.0359019165358633	0.027927200117239	624	10	0.199078037734526	0.779372340902734
metabat_ERR12405963.36_sub	response	R	0.0126591666710951	0.00875748928993381	624	3	0.1488172151519	0.779372340902734
semibin_SRR23364208.18	response	R	-0.0187643436307973	0.0197287810183722	624	4	0.341915916343609	0.779372340902734
semibin_SRR23364208.18	cancer_type	Other	-0.0254057004388724	0.0218302157078939	624	4	0.244957668952492	0.779372340902734
semibin_SRR11413611.58	response	R	-0.00391848149938479	0.00324645635648229	624	1	0.227891209735684	0.779372340902734
semibin_SRR11413611.58	cancer_type	Other	0.0070045427089612	0.00476514214587139	624	1	0.190806923583142	0.779372340902734
maxbin_ERR6281448.022	response	R	0.0262266103616955	0.0216358928961286	624	8	0.225907588565419	0.779372340902734
maxbin_ERR6281448.022	cancer_type	Other	-0.0372254385205742	0.0241512673247018	624	8	0.173223784778476	0.779372340902734
semibin_ERR6232458.31	cancer_type	Other	-0.0202071403835663	0.0246777683234031	624	3	0.42859436509861	0.779372340902734
semibin_SRR23364193.23	response	R	0.0516625052178934	0.024246404673867	624	10	0.0335037610795588	0.779372340902734
semibin_SRR23364193.23	cancer_type	Other	-0.0593478359530338	0.0417307886344464	624	10	0.202381062909772	0.779372340902734
semibin_ERR6281942.19	response	R	-0.0123752269866433	0.0202039153464703	624	6	0.540420517882608	0.779372340902734
semibin_ERR6281942.19	cancer_type	Other	-0.021999050969239	0.030892661711191	624	6	0.488266482752395	0.779372340902734
semibin_ERR12405928.10	response	R	-0.00369560794742853	0.00324289095445247	624	1	0.254891143301795	0.779372340902734
semibin_ERR12405928.10	cancer_type	Other	0.00575263255121817	0.0035883113602888	624	1	0.109408088713882	0.779372340902734
metabat_SRR11413692.37	cancer_type	Other	0.0496145294817602	0.0390688032748916	624	10	0.255899037720103	0.779372340902734
metabat_SRR6000892.60	response	R	-0.0159155031751593	0.0216544175124428	624	3	0.462630870969674	0.779372340902734
metabat_SRR6000892.60	cancer_type	Other	-0.032013052169832	0.0352627791812311	624	3	0.394025216279469	0.779372340902734
semibin_ERR6279672.73	response	R	-0.0115240141692307	0.0124320496092304	624	2	0.354308671946677	0.779372340902734
semibin_ERR6279672.73	cancer_type	Other	-0.010418765708568	0.0139950007283221	624	2	0.471325481175178	0.779372340902734
metabat_ERR12405987.26	cancer_type	Other	0.0277298529386832	0.0206733607469762	624	5	0.180302818515106	0.779372340902734
metabat_ERR6275659.49	response	R	-0.00386539788219316	0.00324851725981453	624	1	0.234541954579493	0.779372340902734
metabat_ERR6275659.49	cancer_type	Other	-0.00230720556877029	0.00359453695829092	624	1	0.521198035192363	0.779372340902734
semibin_ERR12406002.24	response	R	0.00288719370891404	0.00324421195298838	624	1	0.373836158751361	0.779372340902734
semibin_ERR12406002.24	cancer_type	Other	0.00592242248596	0.00358977306656259	624	1	0.0994886788609071	0.779372340902734
semibin_SRR16168982.59	response	R	-0.0171198103629877	0.0148911589181387	624	2	0.250726031186671	0.779372340902734
semibin_SRR16168982.59	cancer_type	Other	-0.0226547682752954	0.030648294361103	624	2	0.485857861901429	0.779372340902734
semibin_SRR5930494.87	cancer_type	Other	-0.0262597986331498	0.0375574789194729	624	9	0.516377840221487	0.779372340902734
semibin_SRR6000931.41	response	R	-0.00832259455196723	0.0140411639960222	624	5	0.553578805417352	0.779372340902734
semibin_SRR6000931.41	cancer_type	Other	0.029498634471161	0.0155367753607094	624	5	0.058076028732011	0.779372340902734
semibin_ERR12405935.39	cancer_type	Other	0.0249768688459172	0.0121778102617929	624	2	0.0406845625736168	0.779372340902734
metabat_ERR6282383.21	response	R	-0.00386539788207495	0.00324851725981455	624	1	0.234541954593785	0.779372340902734
metabat_ERR6282383.21	cancer_type	Other	-0.00230720556869764	0.00359453695829095	624	1	0.521198035205478	0.779372340902734
metabat_ERR12406000.9	response	R	-0.00502979581802319	0.00765478851783552	624	2	0.511373978746029	0.779372340902734
metabat_ERR12406000.9	cancer_type	Other	0.0182461138265199	0.00847014746562614	624	2	0.0316110822570434	0.779372340902734
metabat_SRR11413654.13	response	R	0.00854585332438172	0.0101513183710607	624	4	0.400198704315862	0.779372340902734
metabat_SRR11413654.13	cancer_type	Other	0.0319718948071474	0.0235391405857015	624	4	0.20710177993881	0.779372340902734
semibin_SRR11413656.97	response	R	0.0218967829772967	0.0242203342336467	624	6	0.366310955807007	0.779372340902734
semibin_SRR11413656.97	cancer_type	Other	0.052054025343365	0.0435368665237765	624	6	0.262843734838154	0.779372340902734
metabat_ERR6279667.32_sub	response	R	0.033567676701333	0.0304917701070641	624	7	0.271376974092718	0.779372340902734
metabat_ERR6279667.32_sub	cancer_type	Other	-0.0335531826374864	0.0474796963031485	624	7	0.491354616068096	0.779372340902734
semibin_ERR6280899.23	response	R	0.0125757764907731	0.0138858404676765	624	3	0.365470493441025	0.779372340902734
semibin_ERR6280899.23	cancer_type	Other	-0.0124635162476809	0.0178480807986099	624	3	0.497296167200133	0.779372340902734
semibin_SRR6000895.32_sub	response	R	-0.00333537694701144	0.00325211469961023	624	1	0.305478472195266	0.779372340902734
semibin_SRR6000895.32_sub	cancer_type	Other	-0.00323242659222541	0.00513262636829035	624	1	0.553782987920604	0.779372340902734
metabat_ERR6281000.30	response	R	-0.0328896069215931	0.0449412149794298	624	14	0.464544648946901	0.779372340902734
metabat_ERR6281000.30	cancer_type	Other	-0.0849826363831844	0.0781850172780586	624	14	0.297276139782176	0.779372340902734
semibin_SRR11413647.92	cancer_type	Other	0.0148665153459549	0.00949988771562008	624	2	0.152699933418267	0.779372340902734
semibin_SRR16554647.36	cancer_type	Other	0.0257491587759246	0.0186661292433764	624	4	0.220148283686954	0.779372340902734
metabat_ERR6279629.17_sub	cancer_type	Other	-0.0355307144525525	0.0488017652236349	624	10	0.486817886252955	0.779372340902734
metabat_SRR13022269.5	cancer_type	Other	0.0515776064767332	0.0227562355454808	624	7	0.0237623506724723	0.779372340902734
metabat_SRR5930499.54	cancer_type	Other	-0.0348099864040846	0.034353193420125	624	3	0.345531514359078	0.779372340902734
semibin_SRR11413647.85	cancer_type	Other	0.0120940658600227	0.0197734354856629	624	3	0.558982773539728	0.779372340902734
metabat_ERR6279645.26	response	R	0.00867429619465989	0.00769529121639485	624	2	0.260085484485957	0.779372340902734
metabat_ERR6279645.26	cancer_type	Other	-0.00621215492935816	0.00910445440224527	624	2	0.507585924592296	0.779372340902734
metabat_SRR11413654.36	response	R	0.00274047096994188	0.00324799128603332	624	1	0.399138342937082	0.779372340902734
metabat_SRR11413654.36	cancer_type	Other	0.00693748190916016	0.00461480527331848	624	1	0.186854703464079	0.779372340902734
metabat_SRR6000946.13_sub	response	R	0.00344059646371948	0.00325219504293235	624	1	0.290498454804815	0.779372340902734
metabat_SRR6000946.13_sub	cancer_type	Other	-0.00338830241481597	0.00553967067791725	624	1	0.561562412032742	0.779372340902734
semibin_ERR12405998.40	response	R	0.00288719370878447	0.00324421195298838	624	1	0.373836158772794	0.779372340902734
semibin_ERR12405998.40	cancer_type	Other	0.00592242248591636	0.00358977306656259	624	1	0.0994886788633955	0.779372340902734
metabat_ERR6275652.69	response	R	0.0178664510559793	0.0110571015600119	624	4	0.106639321601151	0.779372340902734
metabat_ERR6275652.69	cancer_type	Other	-0.0133318032076629	0.0138743878942868	624	4	0.36145965764904	0.779372340902734
metabat_ERR12405942.50	cancer_type	Other	0.00827293127575254	0.00735699922794725	624	2	0.261236258985326	0.779372340902734
metabat_ERR6279624.53	response	R	0.0177787522903252	0.0221190896235303	624	3	0.42183498589213	0.779372340902734
metabat_ERR6279624.53	cancer_type	Other	-0.0193317439915976	0.0244751308909679	624	3	0.4299153852115	0.779372340902734
maxbin_SRR11413655.010	response	R	-0.00391848149946201	0.00324645635648179	624	1	0.227891209726447	0.779372340902734
maxbin_SRR11413655.010	cancer_type	Other	0.00700454270870974	0.00476514214565591	624	1	0.190806922687103	0.779372340902734
metabat_SRR25825510.14_sub	response	R	0.0138029131920366	0.0119854231454456	624	2	0.249912480022178	0.779372340902734
semibin_SRR11413615.16	response	R	0.0205489650766355	0.0185384775710577	624	8	0.268097652297524	0.779372340902734
semibin_SRR11413615.16	cancer_type	Other	0.0614570080527847	0.040017812681524	624	8	0.163168788370549	0.779372340902734
maxbin_SRR11413684.018	cancer_type	Other	0.0182443248005754	0.0254087063443401	624	3	0.50416554962719	0.779372340902734
semibin_ERR12405937.46	response	R	-0.00369560794741178	0.00324289095445247	624	1	0.254891143303946	0.779372340902734
semibin_ERR12405937.46	cancer_type	Other	0.00575263255130286	0.0035883113602888	624	1	0.109408088708672	0.779372340902734
maxbin_SRR5930514.013_sub	response	R	0.0733133367108141	0.0358725817463288	624	9	0.0414046326378285	0.779372340902734
maxbin_SRR5930514.013_sub	cancer_type	Other	-0.0953387507237158	0.0899014880544931	624	9	0.315476592805807	0.779372340902734
maxbin_ERR6279647.003_sub	response	R	-0.0038653978820809	0.00324851725981452	624	1	0.234541954593063	0.779372340902734
maxbin_ERR6279647.003_sub	cancer_type	Other	-0.00230720556869597	0.00359453695829092	624	1	0.521198035205781	0.779372340902734
metabat_ERR12405946.17	response	R	-0.0267737604108753	0.0311913221556826	624	6	0.391018213483899	0.779372340902734
metabat_SRR13068829.1	cancer_type	Other	-0.0845996885761264	0.120692265872021	624	19	0.495120438169465	0.779372340902734
semibin_SRR6000905.23	cancer_type	Other	-0.0166705732875357	0.0160365842391924	624	4	0.366807041047687	0.779372340902734
metabat_ERR12405992.3	response	R	0.0028871937088719	0.00324421195298838	624	1	0.373836158758335	0.779372340902734
metabat_ERR12405992.3	cancer_type	Other	0.00592242248594792	0.0035897730665626	624	1	0.0994886788615968	0.779372340902734
semibin_ERR12405912.84	response	R	0.00288719370891578	0.00324421195298838	624	1	0.373836158751076	0.779372340902734
semibin_ERR12405912.84	cancer_type	Other	0.00592242248604246	0.00358977306656259	624	1	0.0994886788562043	0.779372340902734
metabat_ERR6279622.22	response	R	-0.027039356843568	0.0363737358909762	624	19	0.457535303981014	0.779372340902734
metabat_ERR6279622.22	cancer_type	Other	-0.0845157980431773	0.0611187992446974	624	19	0.191009080488917	0.779372340902734
metabat_SRR5930501.36	cancer_type	Other	0.0342892176927224	0.0348152508034598	624	13	0.354090718469567	0.779372340902734
semibin_ERR12405968.12	response	R	0.00288719370877817	0.00324421195298838	624	1	0.373836158773834	0.779372340902734
semibin_ERR12405968.12	cancer_type	Other	0.00592242248590154	0.00358977306656259	624	1	0.0994886788642394	0.779372340902734
metabat_ERR6232382.25	response	R	-0.0539256740524563	0.029738624596563	624	5	0.0702654674266569	0.779372340902734
metabat_ERR6232382.25	cancer_type	Other	-0.0333902814099986	0.0406458472565105	624	5	0.42611019079088	0.779372340902734
metabat_SRR5930514.54	response	R	0.00898170486642392	0.00833886651365674	624	2	0.281859889023211	0.779372340902734
metabat_SRR5930514.54	cancer_type	Other	-0.00869462816729595	0.0115062316839853	624	2	0.489525057301635	0.779372340902734
semibin_ERR6236131.71	response	R	0.0027174037742331	0.00325038974549856	624	1	0.403462970521251	0.779372340902734
semibin_ERR6236131.71	cancer_type	Other	-0.00213741563403181	0.00359660889402554	624	1	0.552537030762158	0.779372340902734
semibin_SRR11413611.51_sub	response	R	-0.0266792409917296	0.0318199375259795	624	8	0.402103963990985	0.779372340902734
semibin_SRR11413611.51_sub	cancer_type	Other	0.0977906178439512	0.0587571267243352	624	8	0.134729105346654	0.779372340902734
metabat_SRR6000932.55	response	R	0.00344059646775385	0.00325219504293378	624	1	0.290498454239873	0.779372340902734
metabat_SRR6000932.55	cancer_type	Other	-0.00338830241942158	0.00553967069312483	624	1	0.561562412777093	0.779372340902734
semibin_ERR6281941.108	cancer_type	Other	-0.0212646051526004	0.0294059888064857	624	4	0.482469236410984	0.779372340902734
semibin_ERR12405928.62	response	R	-0.0157364023841383	0.0206954931392455	624	4	0.447317125045461	0.779372340902734
semibin_ERR12405928.62	cancer_type	Other	0.0415842742917872	0.0228998983257122	624	4	0.0698654693126484	0.779372340902734
maxbin_SRR16554679.010	response	R	0.00271740377408499	0.00325038974549855	624	1	0.403462970546863	0.779372340902734
maxbin_SRR16554679.010	cancer_type	Other	-0.0021374156341034	0.00359660889402552	624	1	0.552537030748855	0.779372340902734
maxbin_ERR12406012.018	response	R	0.00288719370891159	0.00324421195298838	624	1	0.373836158751768	0.779372340902734
maxbin_ERR12406012.018	cancer_type	Other	0.00592242248598557	0.0035897730665626	624	1	0.0994886788594507	0.779372340902734
maxbin_SRR13068839.007_sub	response	R	-0.0194126054343943	0.0285124346491281	624	11	0.496222458405825	0.779372340902734
maxbin_SRR13068839.007_sub	cancer_type	Other	-0.0564268499588981	0.0384948984956918	624	11	0.170635506337291	0.779372340902734
metabat_ERR6275682.31	response	R	-0.0139459468309686	0.0091025429149071	624	2	0.126010325166189	0.779372340902734
metabat_ERR6275682.31	cancer_type	Other	-0.00794633111636566	0.0104513482327049	624	2	0.462145154409409	0.779372340902734
metabat_SRR11413648.66	response	R	0.0157547529532261	0.0121119206185625	624	3	0.193821963492942	0.779372340902734
metabat_SRR11413648.66	cancer_type	Other	0.0359759547273676	0.023888796897565	624	3	0.168077646854121	0.779372340902734
metabat_ERR6279624.45	cancer_type	Other	-0.0182504271772452	0.0254930623855889	624	4	0.486708036769468	0.779372340902734
semibin_ERR6279655.12	response	R	0.0113054383351842	0.01076409247935	624	2	0.293992510330461	0.779372340902734
semibin_ERR6279655.12	cancer_type	Other	-0.00889246599124992	0.0119106426547644	624	2	0.455588605314677	0.779372340902734
maxbin_SRR13068843.042_sub	response	R	0.0147142611440697	0.0131243539819547	624	8	0.262665494568103	0.779372340902734
maxbin_SRR13068843.042_sub	cancer_type	Other	-0.045382065155504	0.0623486506382729	624	8	0.484185507961515	0.779372340902734
metabat_ERR12405927.14	response	R	0.0028871937088752	0.00324421195298838	624	1	0.373836158757784	0.779372340902734
metabat_ERR12405927.14	cancer_type	Other	0.00592242248596266	0.00358977306656259	624	1	0.0994886788607555	0.779372340902734
semibin_SRR5930516.46	response	R	0.0174744683299206	0.0177775686026651	624	2	0.326014875923962	0.779372340902734
semibin_SRR5930516.46	cancer_type	Other	-0.0185279681453974	0.0274630919583316	624	2	0.527226558077734	0.779372340902734
metabat_SRR16554634.5	response	R	-0.0158493373168825	0.0105684446272889	624	2	0.134204226311004	0.779372340902734
metabat_SRR16554634.5	cancer_type	Other	-0.00946026267759215	0.0116941551379074	624	2	0.418840161081976	0.779372340902734
metabat_SRR11413613.46	response	R	0.0182609646084528	0.0257984390140405	624	9	0.479315724021142	0.779372340902734
metabat_SRR11413613.46	cancer_type	Other	0.0476971983064228	0.0363385728147445	624	9	0.251458494850699	0.779372340902734
semibin_ERR6275659.4	response	R	-0.0144868203298079	0.0148292723331166	624	2	0.328997057411517	0.779372340902734
semibin_ERR6275659.4	cancer_type	Other	-0.0123271002340882	0.0164957296932978	624	2	0.469810164603069	0.779372340902734
semibin_SRR16168929.43	response	R	0.00227841085368225	0.00324765308616967	624	1	0.483219245376669	0.779372340902734
semibin_SRR16168929.43	cancer_type	Other	-0.00436200156377476	0.00666531760528927	624	1	0.536029927874535	0.779372340902734
metabat_SRR23364216.24	cancer_type	Other	-0.0113719839147563	0.0117847589210781	624	3	0.334933544981066	0.779372340902734
metabat_ERR6279677.13	cancer_type	Other	-0.0570115393196075	0.0581790174586308	624	8	0.346164282963919	0.779372340902734
maxbin_ERR6279657.038	response	R	0.00271740377412744	0.00325038974549855	624	1	0.403462970539521	0.779372340902734
maxbin_ERR6279657.038	cancer_type	Other	-0.00213741563407666	0.00359660889402552	624	1	0.552537030753823	0.779372340902734
metabat_SRR16168942.31	cancer_type	Other	-0.043075878442022	0.0481945501827733	624	3	0.402253988319845	0.779372340902734
semibin_ERR6279661.41	cancer_type	Other	-0.0319515529253148	0.0310177430548701	624	7	0.332263779684722	0.779372340902734
metabat_ERR6230340.28	response	R	0.0322710315094467	0.0295187385717246	624	5	0.274713135289792	0.779372340902734
metabat_ERR6230340.28	cancer_type	Other	-0.0297512026089133	0.0423052551952602	624	5	0.493699050835175	0.779372340902734
semibin_ERR6254869.21	response	R	0.00271740377423191	0.00325038974549854	624	1	0.403462970521458	0.779372340902734
semibin_ERR6254869.21	cancer_type	Other	-0.00213741563408862	0.00359660889402552	624	1	0.552537030751602	0.779372340902734
metabat_SRR20881980.24_sub	response	R	0.0292376721308157	0.0278006398369589	624	3	0.293354678745689	0.779372340902734
maxbin_SRR16554627.030_sub	response	R	-0.0131143286970305	0.0182217543480092	624	6	0.471977058092275	0.779372340902734
metabat_SRR25825519.12_sub	response	R	-0.0441119620604196	0.0357931543868792	624	11	0.218261695909924	0.779372340902734
metabat_SRR25825519.12_sub	cancer_type	Other	0.105669786362631	0.0532159757547637	624	11	0.10645510251463	0.779372340902734
metabat_SRR5930515.44_sub	cancer_type	Other	-0.0789204220127176	0.0596704740105753	624	11	0.217563861491299	0.779372340902734
metabat_SRR23364199.7	response	R	0.0310138493295915	0.0261448402600581	624	9	0.235987840714545	0.779372340902734
metabat_SRR23364199.7	cancer_type	Other	0.0720777952083541	0.0821709034383919	624	9	0.405356546988938	0.779372340902734
maxbin_ERR6281341.003	response	R	0.0027174037740787	0.00325038974549855	624	1	0.403462970547953	0.779372340902734
maxbin_ERR6281341.003	cancer_type	Other	-0.00213741563411821	0.00359660889402553	624	1	0.552537030746103	0.779372340902734
semibin_ERR6282137.102	response	R	-0.0186417794203809	0.0232778272809334	624	3	0.423532641062641	0.779372340902734
semibin_ERR6282137.102	cancer_type	Other	-0.0218573397731035	0.0258501904525411	624	3	0.414879191700742	0.779372340902734
maxbin_SRR25825514.020	response	R	0.00305072648062122	0.00324838685646395	624	1	0.348018606522196	0.779372340902734
maxbin_SRR25825514.020	cancer_type	Other	-0.00415001399171219	0.00645576552093641	624	1	0.542520353888925	0.779372340902734
semibin_ERR12405915.19	response	R	0.00288719370879322	0.00324421195298838	624	1	0.373836158771344	0.779372340902734
semibin_ERR12405915.19	cancer_type	Other	0.0059224224859056	0.00358977306656259	624	1	0.0994886788640061	0.779372340902734
metabat_ERR6229432.61	response	R	-0.0195272391540046	0.0147025385310877	624	3	0.184616178727029	0.779372340902734
metabat_ERR6229432.61	cancer_type	Other	-0.0134797525717006	0.0181355297233341	624	3	0.471269196671028	0.779372340902734
maxbin_SRR25825517.026	response	R	-0.00364767562820726	0.00324756291912602	624	1	0.261785255436634	0.779372340902734
maxbin_SRR25825517.026	cancer_type	Other	-0.00402464977332388	0.0063450521550359	624	1	0.548465650056296	0.779372340902734
maxbin_SRR13068846.017_sub	response	R	0.0446562395539489	0.022375381850072	624	9	0.0463950724379336	0.779372340902734
maxbin_SRR13068846.017_sub	cancer_type	Other	-0.0460617550321126	0.0337884297487215	624	9	0.2264245247852	0.779372340902734
metabat_ERR6281000.35	response	R	-0.0334357103007984	0.0362262328391979	624	18	0.356381531470627	0.779372340902734
metabat_ERR6281000.35	cancer_type	Other	-0.0837754003413484	0.0606837224385791	624	18	0.191708700037075	0.779372340902734
semibin_ERR12405955.2	response	R	0.00288719370879322	0.00324421195298839	624	1	0.373836158771346	0.779372340902734
semibin_ERR12405955.2	cancer_type	Other	0.0059224224859056	0.0035897730665626	624	1	0.0994886788640073	0.779372340902734
maxbin_SRR5930517.009	response	R	-0.00394210089527815	0.00325137309181214	624	1	0.225804396739147	0.779372340902734
maxbin_SRR5930517.009	cancer_type	Other	-0.00324515972435653	0.00529090139138357	624	1	0.56165224368909	0.779372340902734
semibin_SRR16168940.58	response	R	-0.0252147998419095	0.0158272833072293	624	2	0.111642422821309	0.779372340902734
semibin_SRR16168940.58	cancer_type	Other	-0.0239639394604212	0.0330428483480232	624	2	0.493493706868776	0.779372340902734
semibin_ERR12405963.29	response	R	0.0109998816655345	0.0170218511336229	624	2	0.518374824829465	0.779372340902734
semibin_ERR12405963.29	cancer_type	Other	0.0281855409281663	0.018834953951215	624	2	0.135044826778646	0.779372340902734
semibin_SRR13068830.47	cancer_type	Other	-0.0110855938344159	0.0118338675879575	624	3	0.349241832023041	0.779372340902734
semibin_SRR16168976.4	cancer_type	Other	-0.0217950825416681	0.0194055031707327	624	4	0.261812366061389	0.779372340902734
semibin_ERR6275677.18	response	R	-0.00386539788192898	0.00324851725981452	624	1	0.234541954611438	0.779372340902734
semibin_ERR6275677.18	cancer_type	Other	-0.00230720556858581	0.00359453695829092	624	1	0.521198035225667	0.779372340902734
metabat_SRR11413649.70	response	R	0.00861664733186382	0.0119479514210937	624	4	0.471070384190111	0.779372340902734
metabat_SRR11413649.70	cancer_type	Other	0.0190725400072557	0.0144914987273977	624	4	0.237002619152713	0.779372340902734
metabat_SRR6000909.37	response	R	-0.0211173383890327	0.011483908290019	624	3	0.06641328374133	0.779372340902734
metabat_SRR6000909.37	cancer_type	Other	-0.0165656858126543	0.0168266861204385	624	3	0.369513294863607	0.779372340902734
semibin_ERR12405923.34	response	R	0.00848164544335738	0.00705332877161161	624	2	0.229627197439284	0.779372340902734
semibin_ERR12405923.34	cancer_type	Other	0.0173981702497131	0.00780462251568342	624	2	0.026156637979522	0.779372340902734
semibin_ERR6254871.70_sub	response	R	0.00271740377409589	0.00325038974549856	624	1	0.403462970544984	0.779372340902734
semibin_ERR6254871.70_sub	cancer_type	Other	-0.0021374156341544	0.00359660889402554	624	1	0.55253703073938	0.779372340902734
semibin_ERR6275675.39_sub	response	R	0.0435114090204052	0.0250432280173247	624	7	0.0828031769423289	0.779372340902734
metabat_SRR11413645.64	cancer_type	Other	0.0264920504999114	0.016933745913317	624	2	0.15478251555094	0.779372340902734
semibin_ERR6267711.11	response	R	0.0109035459859431	0.0177752130803235	624	3	0.539828479734761	0.779372340902734
semibin_ERR6267711.11	cancer_type	Other	-0.0150455432947579	0.0215072624428413	624	3	0.497012630668676	0.779372340902734
metabat_ERR6232382.23	response	R	-0.0219385529092336	0.0155180631820217	624	2	0.15793847656451	0.779372340902734
metabat_ERR6232382.23	cancer_type	Other	-0.0130948332426855	0.0171709911515894	624	2	0.446022632345909	0.779372340902734
maxbin_SRR5930509.015_sub	cancer_type	Other	-0.0134912404690306	0.0180813486632353	624	3	0.475702071923113	0.779372340902734
metabat_ERR6239139.1	response	R	0.0373469931551335	0.0301685866609162	624	6	0.216205519244306	0.779372340902734
metabat_ERR6239139.1	cancer_type	Other	-0.0354476835176721	0.0411829712171007	624	6	0.405357805894337	0.779372340902734
maxbin_SRR6000891.002	response	R	-0.00333537694665803	0.00325211469961162	624	1	0.30547847224668	0.779372340902734
maxbin_SRR6000891.002	cancer_type	Other	-0.00323242659256493	0.0051326263694402	624	1	0.553782988971041	0.779372340902734
metabat_ERR6281518.75	response	R	0.0519073072902446	0.0424031637695166	624	12	0.221364830069871	0.779372340902734
metabat_ERR6280907.74	cancer_type	Other	-0.0223585390614195	0.0336510236826842	624	10	0.527004053959381	0.779372340902734
semibin_ERR6281997.9	response	R	0.0178247874873514	0.0195904240866324	624	3	0.363242777071165	0.779372340902734
semibin_ERR6281997.9	cancer_type	Other	-0.0193679536817837	0.0216771215222124	624	3	0.371949279367296	0.779372340902734
metabat_SRR5930494.32	response	R	0.00979198176011528	0.013026559621415	624	4	0.452520834682268	0.779372340902734
metabat_SRR5930494.32	cancer_type	Other	-0.0145230126929087	0.0157792395758316	624	4	0.375350732832192	0.779372340902734
semibin_ERR6279624.74	response	R	0.00271740377423471	0.00325038974549856	624	1	0.403462970520974	0.779372340902734
semibin_ERR6279624.74	cancer_type	Other	-0.0021374156340977	0.00359660889402554	624	1	0.552537030749915	0.779372340902734
metabat_SRR11413617.26_sub	cancer_type	Other	0.0747621888613846	0.0526107682551252	624	6	0.18787925308113	0.779372340902734
semibin_SRR5930536.22	response	R	0.0211367575043579	0.0332995321439298	624	8	0.525828472089968	0.779372340902734
maxbin_ERR6232525.008_sub	response	R	-0.00386539788187406	0.00324851725981453	624	1	0.234541954618075	0.779372340902734
maxbin_ERR6232525.008_sub	cancer_type	Other	-0.00230720556853494	0.00359453695829093	624	1	0.521198035234849	0.779372340902734
metabat_SRR16554638.16_sub	response	R	0.016666035065111	0.0169874906058445	624	2	0.326936861696729	0.779372340902734
metabat_SRR16554638.16_sub	cancer_type	Other	-0.0131089256011612	0.0187969334707534	624	2	0.485815363800401	0.779372340902734
semibin_SRR5930520.61	cancer_type	Other	-0.0220950973639848	0.0230968679047525	624	3	0.339127595542418	0.779372340902734
semibin_SRR25825501.10	response	R	0.0151167442610243	0.0140202247971746	624	2	0.281358947304888	0.779372340902734
semibin_SRR25825501.10	cancer_type	Other	-0.0184512132537405	0.0264125428160092	624	2	0.511834038589877	0.779372340902734
maxbin_SRR5930503.016	response	R	0.0027208553214797	0.00325333993211298	624	1	0.403292843486692	0.779372340902734
maxbin_SRR5930503.016	cancer_type	Other	-0.0032496759369737	0.00523786732816517	624	1	0.557217301695429	0.779372340902734
semibin_ERR12405913.25	response	R	-0.00369560794753315	0.00324289095445247	624	1	0.254891143288365	0.779372340902734
semibin_ERR12405913.25	cancer_type	Other	0.0057526325512228	0.00358831136028881	624	1	0.109408088713599	0.779372340902734
metabat_ERR12405910.22_sub	response	R	-0.00369560794742845	0.00324289095445247	624	1	0.254891143301805	0.779372340902734
metabat_ERR12405910.22_sub	cancer_type	Other	0.00575263255122184	0.0035883113602888	624	1	0.109408088713656	0.779372340902734
semibin_ERR6275663.97	response	R	0.0203798244048391	0.0213568415622417	624	2	0.340328447546602	0.779372340902734
semibin_ERR6275663.97	cancer_type	Other	-0.0159980997887572	0.0236638505259183	624	2	0.511945779938057	0.779372340902734
semibin_SRR11413657.92	response	R	0.00909282484081619	0.0082861279523776	624	2	0.272913176847459	0.779372340902734
semibin_SRR11413657.92	cancer_type	Other	0.0137648003654153	0.0109057995945725	624	2	0.263357936469237	0.779372340902734
metabat_SRR23364199.53_sub	response	R	-0.0163161069840606	0.0274531781068673	624	6	0.55251128806232	0.779372340902734
metabat_SRR23364199.53_sub	cancer_type	Other	0.0572388833832705	0.0303773861842778	624	6	0.0599967091107783	0.779372340902734
semibin_ERR12405957.24	response	R	0.0215678219677514	0.0259150930301066	624	5	0.405588082124016	0.779372340902734
semibin_ERR12405957.24	cancer_type	Other	0.0228734910935766	0.0286754701372848	624	5	0.425368356034462	0.779372340902734
metabat_SRR8387676.9	cancer_type	Other	0.0569978512600042	0.056242666750444	624	3	0.348265624815202	0.779372340902734
maxbin_ERR6275663.053	response	R	0.00750132554529151	0.0103900086129026	624	3	0.470582560574424	0.779372340902734
maxbin_ERR6275663.053	cancer_type	Other	-0.0108827718643009	0.0120467709400448	624	3	0.385026800671344	0.779372340902734
metabat_SRR11413657.85	response	R	0.0187115702405679	0.0212492008485918	624	5	0.378887145468606	0.779372340902734
semibin_ERR12405997.23	response	R	0.0228793267801689	0.022883190400079	624	2	0.317781648146107	0.779372340902734
semibin_ERR12405997.23	cancer_type	Other	0.0392201925517585	0.025320620774965	624	2	0.121904925349395	0.779372340902734
semibin_SRR11413689.52	response	R	-0.0131489369350329	0.0134317710192177	624	2	0.327990000479516	0.779372340902734
semibin_SRR11413689.52	cancer_type	Other	0.0259929838989509	0.0192557335030886	624	2	0.225817361342281	0.779372340902734
semibin_SRR11413613.8	response	R	-0.0189961826329301	0.0255969786528303	624	7	0.458291608022905	0.779372340902734
semibin_SRR11413613.8	cancer_type	Other	0.0308455826569303	0.0283234714269104	624	7	0.2765557385176	0.779372340902734
maxbin_SRR5930528.078	cancer_type	Other	-0.014977638304315	0.0166427557678679	624	3	0.385835676075108	0.779372340902734
semibin_SRR11413689.16	response	R	-0.0263147921299984	0.0178951558017939	624	3	0.141933430833666	0.779372340902734
semibin_SRR11413689.16	cancer_type	Other	0.0399527438996424	0.0293400413056261	624	3	0.212093930501807	0.779372340902734
semibin_ERR6279657.67	response	R	0.0172934645179401	0.0105753899753215	624	4	0.102505819673661	0.779372340902734
maxbin_SRR5930498.005	response	R	-0.016090349325779	0.0238509130943485	624	6	0.500167806378353	0.779372340902734
maxbin_SRR5930498.005	cancer_type	Other	-0.0439682496137113	0.0569107509949733	624	6	0.459357161383389	0.779372340902734
semibin_ERR6279628.5	response	R	-0.0437604781944056	0.0483690226081385	624	13	0.365963977002097	0.779372340902734
semibin_ERR6279628.5	cancer_type	Other	-0.114042601806891	0.0535211068607004	624	13	0.0334981088353141	0.779372340902734
metabat_ERR12405994.10	response	R	-0.00369560794730942	0.00324289095445247	624	1	0.254891143317091	0.779372340902734
metabat_ERR12405994.10	cancer_type	Other	0.00575263255133297	0.00358831136028881	624	1	0.109408088706818	0.779372340902734
semibin_SRR8387677.38	response	R	-0.00376087294652348	0.00316677336386638	624	1	0.235449772379761	0.779372340902734
semibin_SRR8387677.38	cancer_type	Other	0.0204728985390287	0.0147946830691965	624	1	0.207453680197498	0.779372340902734
maxbin_ERR6233695.013	response	R	-0.00386539788224913	0.00324851725981454	624	1	0.234541954572724	0.779372340902734
maxbin_ERR6233695.013	cancer_type	Other	-0.00230720556887064	0.00359453695829094	624	1	0.521198035174248	0.779372340902734
maxbin_SRR5930518.004	response	R	-0.00394210089511439	0.00325137309181239	624	1	0.225804396758442	0.779372340902734
maxbin_SRR5930518.004	cancer_type	Other	-0.00324515972402621	0.00529090139172607	624	1	0.561652243687134	0.779372340902734
semibin_SRR11413685.32	response	R	-0.0218613215336913	0.0125979387298719	624	4	0.0831834990034582	0.779372340902734
semibin_SRR11413685.32	cancer_type	Other	0.0233565428863433	0.0174931171887851	624	4	0.244370176473886	0.779372340902734
metabat_SRR16168942.20	response	R	0.0317588142274268	0.0306292424304676	624	7	0.30019738651375	0.779372340902734
metabat_ERR6271719.16	response	R	0.00271740377410164	0.00325038974549855	624	1	0.403462970543987	0.779372340902734
metabat_ERR6271719.16	cancer_type	Other	-0.00213741563416524	0.00359660889402553	624	1	0.552537030737363	0.779372340902734
maxbin_ERR6281518.024_sub	response	R	0.00271740377405348	0.00325038974549855	624	1	0.403462970552314	0.779372340902734
maxbin_ERR6281518.024_sub	cancer_type	Other	-0.00213741563417931	0.00359660889402553	624	1	0.55253703073475	0.779372340902734
metabat_SRR25825498.33	response	R	0.0218507554852003	0.016469936800247	624	3	0.185093770302224	0.779372340902734
metabat_SRR25825498.33	cancer_type	Other	-0.0171870470019587	0.0182242518029853	624	3	0.346003374089675	0.779372340902734
metabat_SRR23364187.36	response	R	0.0103663624193328	0.00727356422318437	624	3	0.154598668402285	0.779372340902734
metabat_SRR23364187.36	cancer_type	Other	-0.00815382142102756	0.0080483166096004	624	3	0.311402694159531	0.779372340902734
metabat_SRR6000894.40	response	R	-0.0155114175044933	0.0169297583426814	624	3	0.359906529472688	0.779372340902734
metabat_SRR5930528.76_sub	response	R	-0.0287965015828136	0.0198438396084183	624	6	0.147241449829329	0.779372340902734
metabat_SRR5930528.76_sub	cancer_type	Other	-0.0321076515306227	0.0219575299011738	624	6	0.144175420750812	0.779372340902734
metabat_ERR6232525.20	cancer_type	Other	-0.0352969630758234	0.0403153393283015	624	6	0.39783230389778	0.779372340902734
metabat_ERR6279678.21	cancer_type	Other	-0.0194444566185694	0.0273326191976636	624	4	0.489207223860193	0.779372340902734
semibin_SRR11413657.127	response	R	0.00553861631869614	0.00484389567248029	624	2	0.253304514425634	0.779372340902734
semibin_SRR11413657.127	cancer_type	Other	0.0155532839103907	0.00991629802907839	624	2	0.152350109222487	0.779372340902734
semibin_SRR16168952.25	response	R	0.00760741687139014	0.00758759271367915	624	2	0.316438281094048	0.779372340902734
semibin_SRR16168952.25	cancer_type	Other	-0.00970414003093658	0.0127503738990758	624	2	0.488529334076377	0.779372340902734
metabat_ERR12405919.8	response	R	-0.0216355925445515	0.0195820994615	624	7	0.269646480197623	0.779372340902734
semibin_ERR12405952.30	response	R	0.00288719370905068	0.00324421195298839	624	1	0.373836158728764	0.779372340902734
semibin_ERR12405952.30	cancer_type	Other	0.0059224224860551	0.0035897730665626	624	1	0.0994886788554856	0.779372340902734
semibin_ERR12405980.54	response	R	0.00288719370891902	0.00324421195298838	624	1	0.37383615875054	0.779372340902734
semibin_ERR12405980.54	cancer_type	Other	0.0059224224859125	0.00358977306656259	624	1	0.0994886788636153	0.779372340902734
metabat_ERR6279662.37_sub	response	R	0.002717403774041	0.00325038974549855	624	1	0.403462970554472	0.779372340902734
metabat_ERR6279662.37_sub	cancer_type	Other	-0.00213741563420344	0.00359660889402553	624	1	0.552537030730266	0.779372340902734
maxbin_ERR6271721.019	response	R	-0.00386539788205691	0.00324851725981454	624	1	0.23454195459597	0.779372340902734
maxbin_ERR6271721.019	cancer_type	Other	-0.00230720556869353	0.00359453695829094	624	1	0.521198035206225	0.779372340902734
semibin_SRR25825506.42	response	R	0.023261566315053	0.0173788118658692	624	3	0.181223206809503	0.779372340902734
metabat_SRR16168920.6	cancer_type	Other	-0.0398408883363895	0.0603845083188894	624	8	0.52916535832315	0.779372340902734
semibin_ERR6279678.45	response	R	-0.031347349589797	0.0203290116852063	624	4	0.123583599710948	0.779372340902734
semibin_ERR6279678.45	cancer_type	Other	-0.0196645850234451	0.0267028072430316	624	4	0.474805391259372	0.779372340902734
semibin_SRR25825500.86	response	R	-0.0109301265095202	0.00690370433813471	624	2	0.113879110963118	0.779372340902734
semibin_SRR25825500.114	response	R	-0.00364767560925726	0.00324756291849447	624	1	0.261785257819697	0.779372340902734
semibin_SRR25825500.114	cancer_type	Other	-0.00402464989819995	0.00634505258519537	624	1	0.54846566465839	0.779372340902734
semibin_SRR25825510.189	response	R	0.00305072645967738	0.00324838685699581	624	1	0.348018609908222	0.779372340902734
semibin_SRR25825510.189	cancer_type	Other	-0.00415001388654989	0.0064557651934477	624	1	0.542520343404508	0.779372340902734
metabat_ERR6232525.13	response	R	-0.0201303441205779	0.0184475606449762	624	7	0.275599497565861	0.779372340902734
metabat_ERR6232525.13	cancer_type	Other	-0.0199727028932659	0.0279773582695661	624	7	0.487282082334559	0.779372340902734
metabat_ERR6232382.11	response	R	-0.00386539788207254	0.00324851725981453	624	1	0.234541954594075	0.779372340902734
metabat_ERR6232382.11	cancer_type	Other	-0.00230720556872506	0.00359453695829093	624	1	0.521198035200532	0.779372340902734
maxbin_ERR12406009.012	response	R	0.0200125985620447	0.0143793380848201	624	3	0.164493134036707	0.779372340902734
maxbin_ERR12406009.012	cancer_type	Other	0.0192661834278571	0.0159109704667529	624	3	0.226404249980432	0.779372340902734
metabat_ERR6279628.58	response	R	-0.00386539788212665	0.00324851725981454	624	1	0.234541954587536	0.779372340902734
metabat_ERR6279628.58	cancer_type	Other	-0.00230720556873744	0.00359453695829094	624	1	0.521198035198297	0.779372340902734
metabat_SRR25825511.66_sub	response	R	-0.00364767560890755	0.00324756291849241	624	1	0.261785257865092	0.779372340902734
metabat_SRR25825511.66_sub	cancer_type	Other	-0.00402464989770053	0.00634505258660452	624	1	0.548465664834763	0.779372340902734
semibin_ERR12405912.18	response	R	0.0070823888754302	0.00588075802560121	624	2	0.228919843123804	0.779372340902734
semibin_ERR12405912.18	cancer_type	Other	0.00681636042664514	0.00650715399523425	624	2	0.295268296623453	0.779372340902734
metabat_SRR16168896.21	response	R	-0.010016495209838	0.00841887464496202	624	3	0.234592840164048	0.779372340902734
maxbin_ERR6235716.012	response	R	-0.00386539788220537	0.00324851725981453	624	1	0.234541954578018	0.779372340902734
maxbin_ERR6235716.012	cancer_type	Other	-0.0023072055687816	0.00359453695829093	624	1	0.521198035190323	0.779372340902734
semibin_ERR6281997.61	cancer_type	Other	0.0296622205925155	0.0290198018761988	624	4	0.339350469090307	0.779372340902734
maxbin_SRR5930505.021_sub	response	R	0.0203928364782401	0.0180656876845001	624	5	0.259412893023998	0.779372340902734
maxbin_SRR5930505.021_sub	cancer_type	Other	-0.0352535629333465	0.0448879166653279	624	5	0.451785517386026	0.779372340902734
semibin_SRR16168940.30	response	R	-0.00446185316075197	0.0032433985699495	624	1	0.169420173671583	0.779372340902734
semibin_SRR16168940.30	cancer_type	Other	-0.00433937522917909	0.0069617997200165	624	1	0.554031864622216	0.779372340902734
semibin_SRR5930522.26	response	R	-0.0039421008951596	0.0032513730918124	624	1	0.225804396753121	0.779372340902734
semibin_SRR5930522.26	cancer_type	Other	-0.00324515972430667	0.00529090139174768	624	1	0.561652243687044	0.779372340902734
metabat_ERR6279622.65	response	R	0.0027174037742873	0.00325038974549855	624	1	0.403462970511874	0.779372340902734
metabat_ERR6279622.65	cancer_type	Other	-0.00213741563401576	0.00359660889402553	624	1	0.552537030765138	0.779372340902734
maxbin_SRR25825504.004_sub	response	R	0.00305072645911593	0.00324838685700435	624	1	0.348018609998157	0.779372340902734
maxbin_SRR25825504.004_sub	cancer_type	Other	-0.00415001388594732	0.00645576518818773	624	1	0.542520342997761	0.779372340902734
semibin_SRR11413610.61	response	R	-0.0744381118033049	0.0300183938527301	624	12	0.0134116697687913	0.779372340902734
semibin_SRR16554649.29	response	R	0.00271740377408449	0.00325038974549855	624	1	0.403462970546949	0.779372340902734
semibin_SRR16554649.29	cancer_type	Other	-0.00213741563412722	0.00359660889402552	624	1	0.552537030744426	0.779372340902734
metabat_ERR12405943.45	response	R	0.00288719370886471	0.00324421195298838	624	1	0.373836158759518	0.779372340902734
metabat_ERR12405943.45	cancer_type	Other	0.00592242248589095	0.00358977306656259	624	1	0.0994886788648402	0.779372340902734
semibin_ERR12406001.7	response	R	-0.00369560794757706	0.00324289095445247	624	1	0.254891143282721	0.779372340902734
semibin_ERR12406001.7	cancer_type	Other	0.00575263255112643	0.0035883113602888	624	1	0.109408088719529	0.779372340902734
metabat_SRR6000921.30	response	R	-0.00333537694707403	0.00325211469960957	624	1	0.3054784721861	0.779372340902734
metabat_SRR6000921.30	cancer_type	Other	-0.00323242659180402	0.00513262636771077	624	1	0.553782988546474	0.779372340902734
metabat_SRR16554650.19	response	R	-0.00387343530732455	0.00324868163463752	624	1	0.233597028916999	0.779372340902734
metabat_SRR16554650.19	cancer_type	Other	-0.00229814804634711	0.0036159429287391	624	1	0.538199582626629	0.779372340902734
maxbin_SRR25825506.019	response	R	0.0169691183636092	0.0223604617827162	624	5	0.448207547709723	0.779372340902734
semibin_SRR11413649.107	response	R	0.0162467475163294	0.0194964354308792	624	3	0.40498539162522	0.779372340902734
semibin_SRR11413649.107	cancer_type	Other	0.0530346679819963	0.0364146231218652	624	3	0.182193974135944	0.779372340902734
semibin_SRR5930507.107	response	R	-0.0172580351314283	0.0245732204993637	624	9	0.482749428367407	0.779372340902734
semibin_SRR5930507.107	cancer_type	Other	-0.0225240170367178	0.0338411471544439	624	9	0.539461438959046	0.779372340902734
maxbin_SRR16168918.021	response	R	0.00227841085335861	0.00324765308616755	624	1	0.483219245438501	0.779372340902734
maxbin_SRR16168918.021	cancer_type	Other	-0.00436200156459584	0.00666531760640717	624	1	0.536029927577176	0.779372340902734
metabat_SRR5930522.5	response	R	-0.0233199235722083	0.0256350232126028	624	7	0.363340088648603	0.779372340902734
metabat_SRR5930522.5	cancer_type	Other	-0.0568365076652342	0.0623218762635175	624	7	0.384752152741425	0.779372340902734
metabat_ERR6279681.9	response	R	0.00271740377423318	0.00325038974549855	624	1	0.403462970521237	0.779372340902734
metabat_ERR6279681.9	cancer_type	Other	-0.00213741563402814	0.00359660889402553	624	1	0.55253703076284	0.779372340902734
metabat_ERR6232524.19_sub	cancer_type	Other	-0.0472663440223616	0.0578958313231924	624	11	0.427907313576333	0.779372340902734
metabat_ERR12405933.25	response	R	-0.00369560794734403	0.00324289095445247	624	1	0.254891143312653	0.779372340902734
metabat_ERR12405933.25	cancer_type	Other	0.00575263255139436	0.00358831136028881	624	1	0.109408088703045	0.779372340902734
maxbin_ERR12405998.015	cancer_type	Other	0.00633281014653422	0.00873454699062394	624	3	0.46870661744421	0.779372340902734
metabat_ERR12406005.5	cancer_type	Other	0.0480808477311536	0.0192214387681263	624	3	0.0126260073832547	0.779372340902734
maxbin_SRR16554643.017	response	R	0.00271740377419253	0.00325038974549854	624	1	0.403462970528265	0.779372340902734
maxbin_SRR16554643.017	cancer_type	Other	-0.00213741563411161	0.00359660889402551	624	1	0.552537030747325	0.779372340902734
maxbin_ERR12405997.011	response	R	0.0287299870416931	0.027443145745031	624	6	0.295557067539042	0.779372340902734
maxbin_ERR12405997.011	cancer_type	Other	0.0612202421134864	0.0303662852134301	624	6	0.0442238610198385	0.779372340902734
metabat_ERR6232688.27_sub	response	R	0.0133031600321751	0.0130620421467094	624	2	0.308856280225185	0.779372340902734
metabat_ERR6232688.27_sub	cancer_type	Other	-0.0104638046445898	0.014453361177395	624	2	0.469356586418251	0.779372340902734
metabat_ERR6254870.36	cancer_type	Other	-0.0188403802912622	0.0263673528140689	624	5	0.487210194999237	0.779372340902734
metabat_ERR12406008.18	response	R	-0.00369560794721101	0.00324289095445247	624	1	0.254891143329733	0.779372340902734
metabat_ERR12406008.18	cancer_type	Other	0.00575263255146006	0.0035883113602888	624	1	0.109408088699003	0.779372340902734
maxbin_ERR6232527.009	response	R	0.0181726660941831	0.0255664961853471	624	5	0.477475656157408	0.779372340902734
maxbin_ERR6232527.009	cancer_type	Other	-0.0300494901493171	0.0317509305744753	624	5	0.363275517704344	0.779372340902734
metabat_SRR23364231.5_sub	response	R	-0.0105155297415696	0.00861593887434633	624	3	0.222749198243082	0.779372340902734
metabat_SRR23364231.5_sub	cancer_type	Other	-0.00822972678513871	0.0112207157768787	624	3	0.476558698445442	0.779372340902734
metabat_SRR25825512.11	cancer_type	Other	-0.0173768042440041	0.017353034207558	624	4	0.350341392099228	0.779372340902734
semibin_SRR5930495.69	response	R	0.0515538450335545	0.0327844240101747	624	8	0.116341611679232	0.779372340902734
semibin_ERR6280907.83	cancer_type	Other	-0.0198937324720828	0.0208669817036838	624	4	0.340778953100416	0.779372340902734
semibin_SRR11413657.4_sub	cancer_type	Other	0.0673325141783924	0.046656277992365	624	5	0.182789257742701	0.779372340902734
semibin_SRR8387677.31	response	R	-0.003760872946383	0.00316677336382405	624	1	0.235449772391002	0.779372340902734
semibin_SRR8387677.31	cancer_type	Other	0.0204728985434888	0.0147946830846272	624	1	0.20745368060591	0.779372340902734
metabat_ERR6264281.18_sub	response	R	0.018605010490117	0.0206438131632255	624	7	0.367811280916563	0.779372340902734
semibin_ERR6279676.66	cancer_type	Other	-0.00938205043415676	0.0134460250162665	624	2	0.498583522154777	0.779372340902734
maxbin_SRR16554769.019	response	R	0.00271740377418017	0.00325038974549856	624	1	0.403462970530407	0.779372340902734
maxbin_SRR16554769.019	cancer_type	Other	-0.00213741563413025	0.00359660889402554	624	1	0.552537030743866	0.779372340902734
semibin_ERR6279664.18_sub	response	R	0.0374471126651774	0.017334759165574	624	7	0.0311365843222592	0.779372340902734
semibin_ERR6279664.18_sub	cancer_type	Other	-0.0193739413368879	0.0275229266712105	624	7	0.492948802960259	0.779372340902734
semibin_SRR11413610.84	response	R	-0.0225945407402445	0.0152677255647188	624	2	0.139409969397534	0.779372340902734
semibin_SRR11413610.84	cancer_type	Other	0.0413592762748743	0.0269090673566148	624	2	0.162718008487445	0.779372340902734
semibin_ERR6273965.108	response	R	-0.00386539788213579	0.00324851725981453	624	1	0.234541954586422	0.779372340902734
semibin_ERR6273965.108	cancer_type	Other	-0.00230720556874501	0.00359453695829093	624	1	0.521198035196927	0.779372340902734
metabat_ERR6279622.55	response	R	0.00271740377423007	0.00325038974549855	624	1	0.403462970521777	0.779372340902734
metabat_ERR6279622.55	cancer_type	Other	-0.00213741563403372	0.00359660889402553	624	1	0.552537030761803	0.779372340902734
metabat_ERR6281504.33	response	R	-0.0117966955026988	0.0126215033327423	624	2	0.350331684813685	0.779372340902734
metabat_ERR6281504.33	cancer_type	Other	-0.0108006921448848	0.013965897845137	624	2	0.439602556647058	0.779372340902734
semibin_ERR12405984.16	cancer_type	Other	0.0177517904683766	0.012684505997192	624	2	0.16216656156528	0.779372340902734
metabat_SRR11413612.17	cancer_type	Other	0.0385201325724589	0.0247450774551518	624	2	0.159012811517419	0.779372340902734
metabat_ERR6230278.16	cancer_type	Other	-0.00986619030429324	0.0141618158397518	624	2	0.499261719634151	0.779372340902734
semibin_SRR11413613.3	response	R	0.0027404709758153	0.00324799128588687	624	1	0.399138341905955	0.779372340902734
semibin_SRR11413613.3	cancer_type	Other	0.00693748187729446	0.00461480522265558	624	1	0.186854705126996	0.779372340902734
semibin_SRR16554769.30_sub	response	R	0.00808428456476981	0.00717036060139598	624	2	0.259986126559311	0.779372340902734
semibin_SRR16554769.30_sub	cancer_type	Other	0.0110169198175797	0.00920978720461237	624	2	0.287362422716146	0.779372340902734
semibin_SRR23364216.26	response	R	-0.0151583861945789	0.0195853607346416	624	5	0.439245954910716	0.779372340902734
semibin_SRR23364216.26	cancer_type	Other	0.0177653523119601	0.0216715188412294	624	5	0.41266986910843	0.779372340902734
metabat_ERR12406000.18	response	R	-0.0217163339728481	0.0259528013285313	624	5	0.403052552932756	0.779372340902734
metabat_ERR12406000.18	cancer_type	Other	0.0459137095525019	0.0314794290734098	624	5	0.274485665267335	0.779372340902734
semibin_ERR6275671.43	response	R	-0.00386539788213575	0.00324851725981454	624	1	0.234541954586428	0.779372340902734
semibin_ERR6275671.43	cancer_type	Other	-0.00230720556874317	0.00359453695829094	624	1	0.521198035197259	0.779372340902734
semibin_ERR6279620.0	response	R	-0.00386539788195881	0.00324851725981453	624	1	0.234541954607832	0.779372340902734
semibin_ERR6279620.0	cancer_type	Other	-0.00230720556858109	0.00359453695829093	624	1	0.521198035226522	0.779372340902734
metabat_SRR5930494.22	cancer_type	Other	-0.0117428958656766	0.0202209613334566	624	4	0.561633886713959	0.779372340902734
metabat_ERR6279626.45_sub	response	R	-0.0227365206591309	0.0216352799576134	624	2	0.293713186758543	0.779372340902734
metabat_ERR6279626.45_sub	cancer_type	Other	-0.0173305310621253	0.0239397876602486	624	2	0.469386439255079	0.779372340902734
metabat_ERR6275680.25_sub	cancer_type	Other	-0.00443299686116421	0.00618029216136265	624	2	0.486547454814369	0.779372340902734
maxbin_SRR11413653.015	response	R	-0.00391848149935876	0.00324645635648113	624	1	0.227891209738612	0.779372340902734
maxbin_SRR11413653.015	cancer_type	Other	0.00700454270861508	0.00476514214537615	624	1	0.190806923549868	0.779372340902734
metabat_ERR12405955.3	response	R	0.0147796991216347	0.0109127494277877	624	3	0.176116827355625	0.779372340902734
metabat_ERR12405955.3	cancer_type	Other	0.0226056450674756	0.0120751339757359	624	3	0.0616649873638973	0.779372340902734
semibin_SRR16168925.11	response	R	0.0129451131279682	0.0169550001457156	624	4	0.445457490263936	0.779372340902734
semibin_SRR16168925.11	cancer_type	Other	-0.0214123005869212	0.0222796808995185	624	4	0.384305453274194	0.779372340902734
metabat_SRR5930509.4	cancer_type	Other	-0.00665948378754149	0.00815613575915729	624	2	0.414527394921844	0.779372340902734
maxbin_SRR11413615.034_sub	cancer_type	Other	0.0600992225844723	0.0396651863573792	624	5	0.162701880144808	0.779372340902734
semibin_SRR23364199.80	response	R	-0.0336026356916567	0.0204447775810626	624	5	0.100769057843618	0.779372340902734
semibin_SRR23364199.80	cancer_type	Other	0.0158789967247854	0.0226224775002005	624	5	0.482996795100597	0.779372340902734
maxbin_SRR16554652.018	response	R	0.0131641673178219	0.00980083851256073	624	3	0.179709702590652	0.779372340902734
maxbin_SRR16554652.018	cancer_type	Other	-0.0105587499739236	0.0118845196290434	624	3	0.392316695163851	0.779372340902734
maxbin_ERR6282383.014	response	R	-0.0291463704857007	0.016515895322871	624	5	0.0780979753092258	0.779372340902734
maxbin_ERR6282383.014	cancer_type	Other	-0.0255029537490433	0.0304599051565093	624	5	0.429039201678916	0.779372340902734
metabat_SRR13068848.31	cancer_type	Other	-0.0287082419326106	0.0261451844016159	624	4	0.316494005420595	0.779372340902734
metabat_ERR6280907.57	response	R	-0.0317816004748699	0.0341109546450202	624	11	0.351848423511113	0.779372340902734
metabat_ERR6280907.57	cancer_type	Other	-0.0727841559606447	0.0419585566633737	624	11	0.11800805457456	0.779372340902734
semibin_SRR25825514.45	response	R	0.00305072648058352	0.00324838685646445	624	1	0.348018606528202	0.779372340902734
semibin_SRR25825514.45	cancer_type	Other	-0.00415001399139612	0.00645576552061983	624	1	0.542520353595157	0.779372340902734
metabat_SRR11413648.15	response	R	0.00274047096988276	0.00324799128604132	624	1	0.399138342948423	0.779372340902734
metabat_SRR11413648.15	cancer_type	Other	0.00693748191134238	0.00461480527607977	624	1	0.18685470505183	0.779372340902734
metabat_SRR16554636.13	response	R	-0.0131101259384402	0.00837491845738464	624	2	0.118000246835903	0.779372340902734
maxbin_ERR12405979.016	response	R	0.00288719370881747	0.00324421195298838	624	1	0.373836158767331	0.779372340902734
maxbin_ERR12405979.016	cancer_type	Other	0.00592242248592087	0.00358977306656259	624	1	0.0994886788631344	0.779372340902734
semibin_ERR6233692.51_sub	response	R	0.00271740377430856	0.00325038974549853	624	1	0.403462970508198	0.779372340902734
semibin_ERR6233692.51_sub	cancer_type	Other	-0.00213741563400056	0.00359660889402551	624	1	0.552537030767963	0.779372340902734
semibin_SRR20881979.96_sub	response	R	-0.0046023766524796	0.00319639299889642	624	1	0.150415086174772	0.779372340902734
semibin_SRR20881979.96_sub	cancer_type	Other	0.0161552958351744	0.0116329984998384	624	1	0.207318089796709	0.779372340902734
semibin_SRR5930519.9	response	R	-0.0203671257677789	0.0194646103102034	624	2	0.295798912635421	0.779372340902734
semibin_SRR5930519.9	cancer_type	Other	-0.0203062407335946	0.0304973713306194	624	2	0.532379662349345	0.779372340902734
metabat_SRR23364192.64	cancer_type	Other	-0.0385111117983993	0.0402574836609914	624	6	0.357462799519194	0.779372340902734
metabat_SRR11413656.25	response	R	0.0129796809718809	0.0105970640599826	624	3	0.221101736078249	0.779372340902734
metabat_SRR11413656.25	cancer_type	Other	0.0364245753131561	0.0233047581453059	624	3	0.152697823337792	0.779372340902734
semibin_ERR6281941.55	response	R	-0.00386539788214791	0.00324851725981452	624	1	0.23454195458496	0.779372340902734
semibin_ERR6281941.55	cancer_type	Other	-0.00230720556875264	0.00359453695829092	624	1	0.521198035195549	0.779372340902734
metabat_ERR6279671.9	response	R	0.0383754927280259	0.0242521339752616	624	4	0.114077881526654	0.779372340902734
metabat_ERR6279671.9	cancer_type	Other	0.0593701374961287	0.0386809871560787	624	4	0.217963965332516	0.779372340902734
metabat_SRR13022423.1	cancer_type	Other	-0.0367955385415037	0.0469777029462851	624	6	0.452561149197764	0.779372340902734
semibin_SRR5930494.35	response	R	0.0180631299875501	0.0137816687384223	624	3	0.190457238195832	0.779372340902734
semibin_SRR5930494.35	cancer_type	Other	-0.0167524484796986	0.0191138539227852	624	3	0.420760894413828	0.779372340902734
semibin_ERR6279663.35	response	R	0.0120531204592245	0.0115082284700095	624	2	0.295347862415958	0.779372340902734
semibin_ERR6279663.35	cancer_type	Other	-0.00898528374283096	0.013221024170896	624	2	0.509471120886684	0.779372340902734
semibin_ERR6275674.5	response	R	0.0126732448436577	0.0193716489754312	624	3	0.513214782735087	0.779372340902734
semibin_ERR6275674.5	cancer_type	Other	-0.0176324871664263	0.021435043318564	624	3	0.411050699681467	0.779372340902734
metabat_ERR6279672.31	response	R	-0.00911056806937694	0.0105020869681167	624	2	0.386003953292865	0.779372340902734
metabat_ERR6279672.31	cancer_type	Other	-0.00887498470230675	0.0119699706863981	624	2	0.472955491975254	0.779372340902734
maxbin_SRR25825520.016	response	R	0.00305072648068187	0.00324838685646214	624	1	0.348018606512345	0.779372340902734
maxbin_SRR25825520.016	cancer_type	Other	-0.00415001399191437	0.00645576552204786	624	1	0.542520353831908	0.779372340902734
maxbin_SRR16168943.002	cancer_type	Other	-0.0242072133390599	0.0220620506028034	624	4	0.272964760302136	0.779372340902734
maxbin_SRR11413608.008	response	R	0.0119308395020662	0.0112076316600833	624	2	0.287504408037845	0.779372340902734
maxbin_SRR11413608.008	cancer_type	Other	0.0208040443763844	0.0152881941596595	624	2	0.228745144961071	0.779372340902734
maxbin_SRR5930499.010	cancer_type	Other	-0.0153067274613731	0.0231435342163584	624	2	0.525915514666833	0.779372340902734
semibin_SRR5930495.36	response	R	0.00272085532267006	0.00325333993205181	624	1	0.403292843272238	0.779372340902734
semibin_SRR5930495.36	cancer_type	Other	-0.00324967591281258	0.00523786725895628	624	1	0.557217299633117	0.779372340902734
semibin_ERR6281341.88	response	R	0.0027174037743159	0.00325038974549855	624	1	0.403462970506931	0.779372340902734
semibin_ERR6281341.88	cancer_type	Other	-0.00213741563393626	0.00359660889402553	624	1	0.552537030779912	0.779372340902734
maxbin_SRR11413679.051_sub	response	R	0.0182016702215671	0.0229253309392249	624	7	0.42752541674133	0.779372340902734
maxbin_SRR11413679.051_sub	cancer_type	Other	0.0650750657097375	0.0449992879671445	624	7	0.19121385538118	0.779372340902734
semibin_SRR11413610.34	response	R	-0.00391848149937875	0.00324645635648162	624	1	0.227891209736311	0.779372340902734
semibin_SRR11413610.34	cancer_type	Other	0.00700454270889338	0.00476514214557971	624	1	0.190806922686157	0.779372340902734
maxbin_ERR6279628.059	cancer_type	Other	-0.0041114078814186	0.00569508837453447	624	2	0.483814382130637	0.779372340902734
maxbin_ERR6279625.025_sub	cancer_type	Other	-0.0162456356702482	0.0225979724260459	624	4	0.484766733462531	0.779372340902734
semibin_ERR6279682.58	response	R	-0.00386539788200525	0.00324851725981453	624	1	0.234541954602206	0.779372340902734
semibin_ERR6279682.58	cancer_type	Other	-0.00230720556865555	0.00359453695829093	624	1	0.521198035213078	0.779372340902734
metabat_ERR12406010.8_sub	response	R	-0.00673358813350742	0.00903120928362296	624	2	0.45619664733618	0.779372340902734
metabat_ERR12406010.8_sub	cancer_type	Other	0.0208982596373646	0.00999317933434538	624	2	0.0369112182565528	0.779372340902734
metabat_ERR6275670.41	response	R	0.0146858097257255	0.0171261267464559	624	3	0.391494391397001	0.779372340902734
metabat_ERR6275670.41	cancer_type	Other	-0.0168989425597823	0.0189503366055765	624	3	0.372872904615663	0.779372340902734
semibin_ERR12405965.36	response	R	-0.0106015119294469	0.0121357030909075	624	2	0.382684504081244	0.779372340902734
semibin_ERR12405965.36	cancer_type	Other	0.0185949859399548	0.0134283520099269	624	2	0.166624503959431	0.779372340902734
metabat_ERR6275661.6	response	R	-0.00386539788201626	0.00324851725981453	624	1	0.234541954600881	0.779372340902734
metabat_ERR6275661.6	cancer_type	Other	-0.00230720556861005	0.00359453695829094	624	1	0.521198035221291	0.779372340902734
metabat_SRR16554650.17	response	R	-0.00771815200985063	0.00898283559579959	624	2	0.390556359059185	0.779372340902734
metabat_SRR16554650.17	cancer_type	Other	-0.00742266592752757	0.0111797362774826	624	2	0.519596115267454	0.779372340902734
metabat_ERR12405920.23	cancer_type	Other	0.0141687091280959	0.0184782504903351	624	3	0.443505132445504	0.779372340902734
metabat_SRR16554660.15	response	R	0.00271740377418133	0.00325038974549857	624	1	0.403462970530207	0.779372340902734
metabat_SRR16554660.15	cancer_type	Other	-0.00213741563407527	0.00359660889402555	624	1	0.552537030754084	0.779372340902734
semibin_ERR6281518.139	response	R	0.0027174037740499	0.00325038974549855	624	1	0.403462970552934	0.779372340902734
semibin_ERR6281518.139	cancer_type	Other	-0.00213741563420687	0.00359660889402552	624	1	0.552537030729629	0.779372340902734
maxbin_ERR12405998.009	response	R	0.00619810579663113	0.00511645976345186	624	2	0.226200928794859	0.779372340902734
maxbin_ERR12405998.009	cancer_type	Other	0.00331817378156272	0.00566144559022174	624	2	0.558021211252788	0.779372340902734
semibin_SRR11413681.26	response	R	0.0102179110431387	0.00931758704602471	624	2	0.273230379316018	0.779372340902734
semibin_SRR11413681.26	cancer_type	Other	0.0156109934862883	0.0137361792993942	624	2	0.302584352557476	0.779372340902734
semibin_SRR11413613.4	response	R	0.0131080431843618	0.011794016367859	624	5	0.266820112736419	0.779372340902734
semibin_SRR11413613.4	cancer_type	Other	0.0396957805255676	0.0187775069001894	624	5	0.078042551281963	0.779372340902734
metabat_SRR16554649.1	response	R	0.0132647552838308	0.0130175547791593	624	2	0.308604630716953	0.779372340902734
metabat_SRR16554649.1	cancer_type	Other	-0.01043359680027	0.01440413518472	624	2	0.469125329676312	0.779372340902734
semibin_SRR5930507.41	response	R	-0.00555193845127548	0.0076986219189315	624	2	0.471083872460213	0.779372340902734
semibin_SRR5930507.41	cancer_type	Other	-0.00788348690876837	0.0102932125851508	624	2	0.494186102219466	0.779372340902734
semibin_SRR5930513.14	response	R	0.00272085532156684	0.00325333993211278	624	1	0.40329284347161	0.779372340902734
semibin_SRR5930513.14	cancer_type	Other	-0.00324967593677272	0.00523786732793083	624	1	0.55721730172981	0.779372340902734
metabat_SRR16168938.13	response	R	0.0105878172274377	0.0149526710719247	624	4	0.479156916940773	0.779372340902734
metabat_SRR16168938.13	cancer_type	Other	-0.0191100366721982	0.0198011580319097	624	4	0.38159852030387	0.779372340902734
semibin_ERR6264281.90	cancer_type	Other	-0.00465804803478137	0.0064177607807105	624	2	0.481582866005739	0.779372340902734
semibin_ERR6279624.2	response	R	0.0119711580283725	0.0192010755274699	624	2	0.533210174054457	0.779372340902734
semibin_ERR6279624.2	cancer_type	Other	-0.0146912616937281	0.0213173940120235	624	2	0.503984509758437	0.779372340902734
semibin_SRR16168900.29	response	R	-0.0388468015448126	0.0197880085670254	624	4	0.0500753667187533	0.779372340902734
semibin_SRR16168900.29	cancer_type	Other	-0.0393289969778335	0.0407016671752795	624	4	0.363895668260638	0.779372340902734
semibin_SRR13022461.32	response	R	-0.0196707480632627	0.0197894954509702	624	5	0.320612134801842	0.779372340902734
semibin_ERR6279624.49	response	R	0.0156794977838118	0.0252951526303152	624	8	0.535576518568346	0.779372340902734
semibin_ERR6279624.49	cancer_type	Other	-0.0372535548956925	0.0334777043075298	624	8	0.287234260457384	0.779372340902734
semibin_SRR20881987.45	cancer_type	Other	0.0668450685811356	0.0405147221742909	624	4	0.202479875001502	0.779372340902734
metabat_SRR16554669.9	response	R	-0.00387343531260157	0.00324868163474527	624	1	0.233597028250267	0.779372340902734
metabat_SRR16554669.9	cancer_type	Other	-0.0022981480403131	0.00361594294272679	624	1	0.538199279506662	0.779372340902734
semibin_SRR16554634.50_sub	response	R	-0.00387343530850985	0.00324868163466443	624	1	0.233597028757758	0.779372340902734
semibin_SRR16554634.50_sub	cancer_type	Other	-0.00229814804472291	0.00361594293223305	624	1	0.538199448479614	0.779372340902734
semibin_SRR11413610.60	response	R	-0.00391848149928694	0.00324645635647803	624	1	0.227891209746666	0.779372340902734
semibin_SRR11413610.60	cancer_type	Other	0.00700454270754375	0.00476514214404773	624	1	0.190806924061758	0.779372340902734
metabat_ERR6230340.24	response	R	0.00271740377409363	0.00325038974549856	624	1	0.403462970545376	0.779372340902734
metabat_ERR6230340.24	cancer_type	Other	-0.00213741563411966	0.00359660889402554	624	1	0.552537030745837	0.779372340902734
semibin_SRR11413683.37	cancer_type	Other	0.0641464195157379	0.0438792827588588	624	4	0.177090776885835	0.779372340902734
metabat_ERR6279675.25	cancer_type	Other	-0.0153561006694108	0.0215052011381534	624	4	0.487686963691369	0.779372340902734
metabat_SRR5930499.39	cancer_type	Other	-0.0170880606669965	0.0172483396581211	624	3	0.362291643946249	0.779372340902734
semibin_ERR6275683.94	response	R	-0.0105532515591122	0.00652568426692739	624	2	0.106347244209468	0.779372340902734
semibin_ERR6275683.94	cancer_type	Other	-0.00582353506011979	0.00768439423991602	624	2	0.463344550670673	0.779372340902734
semibin_ERR6281658.34	response	R	-0.00995075471424742	0.0158449375753326	624	3	0.530230069386931	0.779372340902734
semibin_SRR5930498.22	response	R	-0.0151245372111359	0.0149908871828298	624	4	0.313408146047346	0.779372340902734
semibin_ERR6279666.16	response	R	-0.0577766553106603	0.0453411961198012	624	14	0.203046599349561	0.779372340902734
semibin_ERR6279666.16	cancer_type	Other	-0.0946649822141812	0.0706377478159193	624	14	0.202160568352635	0.779372340902734
maxbin_ERR6275663.003	response	R	0.00271740377437585	0.00325038974549854	624	1	0.403462970496561	0.779372340902734
maxbin_ERR6275663.003	cancer_type	Other	-0.00213741563393105	0.00359660889402552	624	1	0.552537030780878	0.779372340902734
metabat_ERR6236131.12_sub	response	R	0.00271740377423641	0.00325038974549855	624	1	0.403462970520678	0.779372340902734
metabat_ERR6236131.12_sub	cancer_type	Other	-0.00213741563401707	0.00359660889402553	624	1	0.552537030764895	0.779372340902734
metabat_SRR11413645.9	cancer_type	Other	0.0600390646410487	0.0356549454257823	624	6	0.12696008019545	0.779372340902734
semibin_ERR12405950.25	response	R	-0.00369560794749699	0.00324289095445247	624	1	0.254891143293003	0.779372340902734
semibin_ERR12405950.25	cancer_type	Other	0.00575263255123472	0.00358831136028881	624	1	0.109408088712865	0.779372340902734
semibin_SRR23364171.14_sub	response	R	0.0263070769652874	0.026340922686642	624	10	0.318323750318108	0.779372340902734
maxbin_ERR6279627.021_sub	response	R	-0.0137746560975916	0.010457908023045	624	3	0.188274260176415	0.779372340902734
maxbin_ERR6279627.021_sub	cancer_type	Other	-0.00992970509363563	0.0134864482408419	624	3	0.474990584453179	0.779372340902734
metabat_SRR16168976.37	response	R	-0.00446185316751328	0.00324339856984109	624	1	0.169420173011967	0.779372340902734
metabat_SRR16168976.37	cancer_type	Other	-0.00433937524195979	0.00696179976873725	624	1	0.554031865997531	0.779372340902734
semibin_ERR6280899.75	cancer_type	Other	-0.0144298602551672	0.0238729301101656	624	4	0.557671219479867	0.779372340902734
semibin_SRR11413692.5	response	R	0.0027404709786381	0.00324799128581188	624	1	0.399138341409694	0.779372340902734
semibin_SRR11413692.5	cancer_type	Other	0.00693748186090015	0.00461480519672229	624	1	0.186854703441453	0.779372340902734
maxbin_SRR11413610.020	response	R	-0.0139393818964068	0.0143317245900381	624	2	0.331119450111958	0.779372340902734
maxbin_SRR11413610.020	cancer_type	Other	0.0281046613379919	0.0204597610029467	624	2	0.219881733932905	0.779372340902734
metabat_ERR6279626.64	response	R	-0.00386539788212481	0.00324851725981453	624	1	0.234541954587756	0.779372340902734
metabat_ERR6279626.64	cancer_type	Other	-0.00230720556879234	0.00359453695829092	624	1	0.521198035188384	0.779372340902734
maxbin_SRR16168985.013	response	R	0.0186329673278137	0.0139218125416047	624	3	0.181255571731288	0.779372340902734
maxbin_SRR16168985.013	cancer_type	Other	-0.0146560463524295	0.0154047110434788	624	3	0.341771355836437	0.779372340902734
maxbin_SRR5930501.068_sub	cancer_type	Other	-0.013845733972123	0.0144215545341101	624	3	0.385535031385577	0.779372340902734
semibin_SRR25825510.110	response	R	0.00305072648071041	0.00324838685646124	624	1	0.348018606507708	0.779372340902734
semibin_SRR25825510.110	cancer_type	Other	-0.00415001399228907	0.00645576552259506	624	1	0.542520353926028	0.779372340902734
metabat_ERR6279648.10	response	R	0.0027174037741893	0.00325038974549855	624	1	0.403462970528826	0.779372340902734
metabat_ERR6279648.10	cancer_type	Other	-0.00213741563412269	0.00359660889402553	624	1	0.55253703074527	0.779372340902734
maxbin_SRR16168918.052_sub	response	R	-0.0168531301036943	0.0200071505643726	624	9	0.399914817641449	0.779372340902734
maxbin_SRR16168918.052_sub	cancer_type	Other	-0.0590945663297788	0.0522195600040676	624	9	0.287342606988449	0.779372340902734
metabat_SRR25825512.24_sub	cancer_type	Other	-0.0133385879773943	0.0149431208684771	624	3	0.445871484635391	0.779372340902734
maxbin_SRR13068851.002	cancer_type	Other	0.0581022415380324	0.0555270552909817	624	3	0.336614592146609	0.779372340902734
metabat_ERR12405917.17	response	R	-0.00369560794742837	0.00324289095445247	624	1	0.254891143301812	0.779372340902734
metabat_ERR12405917.17	cancer_type	Other	0.0057526325512255	0.0035883113602888	624	1	0.109408088713427	0.779372340902734
semibin_SRR11413619.196_sub	response	R	0.00274047097324149	0.00324799128595289	624	1	0.399138342358097	0.779372340902734
semibin_SRR11413619.196_sub	cancer_type	Other	0.00693748189182892	0.00461480524549281	624	1	0.1868547063494	0.779372340902734
maxbin_SRR16554633.015_sub	response	R	0.0129876466563336	0.00960543382212733	624	3	0.176832161960262	0.779372340902734
maxbin_SRR16554633.015_sub	cancer_type	Other	-0.0104249482036432	0.0116755869750691	624	3	0.390056496804347	0.779372340902734
metabat_ERR6275671.21	response	R	-0.014441133370694	0.0147921417952715	624	2	0.329311996343888	0.779372340902734
metabat_ERR6275671.21	cancer_type	Other	-0.0122976003315797	0.0164570802873214	624	2	0.469830076854228	0.779372340902734
metabat_ERR6279653.8	response	R	-0.0142132672791506	0.0113558304731727	624	3	0.211176958880753	0.779372340902734
metabat_ERR6279653.8	cancer_type	Other	-0.0122431123120823	0.0125654103282296	624	3	0.330261977190132	0.779372340902734
maxbin_ERR12405976.001	response	R	0.00288719370903913	0.00324421195298838	624	1	0.373836158730673	0.779372340902734
maxbin_ERR12405976.001	cancer_type	Other	0.00592242248607495	0.00358977306656259	624	1	0.0994886788543535	0.779372340902734
metabat_SRR20881981.63	response	R	0.00698992643660987	0.00675177993236039	624	2	0.300948813490573	0.779372340902734
metabat_SRR20881981.63	cancer_type	Other	0.0264673697595705	0.0198505919752128	624	2	0.231075158023559	0.779372340902734
semibin_ERR6279667.6_sub	response	R	0.0027174037740843	0.00325038974549855	624	1	0.403462970546984	0.779372340902734
semibin_ERR6279667.6_sub	cancer_type	Other	-0.00213741563413638	0.00359660889402553	624	1	0.552537030742726	0.779372340902734
semibin_SRR23364222.14_sub	response	R	0.0306185608486413	0.0219930437108007	624	6	0.164362309203505	0.779372340902734
semibin_SRR23364222.14_sub	cancer_type	Other	-0.0334078222352126	0.024335659047197	624	6	0.170312241999291	0.779372340902734
metabat_SRR16168913.14	response	R	-0.0151119698696046	0.00998057211805463	624	2	0.130499456228788	0.779372340902734
metabat_SRR16168913.14	cancer_type	Other	-0.00902013766780018	0.0110436646857415	624	2	0.414372904530235	0.779372340902734
semibin_ERR6279647.36	cancer_type	Other	-0.0104291298837664	0.0146162359627742	624	4	0.487858717024705	0.779372340902734
metabat_SRR11413649.13	cancer_type	Other	0.0166035900763498	0.0190859133659713	624	3	0.442204979811801	0.779372340902734
semibin_SRR11413656.24	response	R	0.0228660093943135	0.016708103152377	624	3	0.171632503771334	0.779372340902734
semibin_SRR11413656.24	cancer_type	Other	0.0190655492541825	0.031282812209042	624	3	0.561603700293857	0.779372340902734
metabat_SRR5930529.63_sub	cancer_type	Other	0.0340585638580521	0.0159013043646655	624	6	0.0325921074541851	0.779372340902734
metabat_ERR6279622.42	response	R	0.00271740377409029	0.00325038974549855	624	1	0.403462970545948	0.779372340902734
metabat_ERR6279622.42	cancer_type	Other	-0.00213741563413623	0.00359660889402552	624	1	0.552537030742754	0.779372340902734
semibin_ERR6279680.44	response	R	0.00271740377416483	0.00325038974549855	624	1	0.403462970533056	0.779372340902734
semibin_ERR6279680.44	cancer_type	Other	-0.00213741563400609	0.00359660889402553	624	1	0.552537030766936	0.779372340902734
metabat_ERR6279627.24	response	R	-0.00386539788209449	0.00324851725981452	624	1	0.234541954591415	0.779372340902734
metabat_ERR6279627.24	cancer_type	Other	-0.00230720556877324	0.00359453695829092	624	1	0.521198035191828	0.779372340902734
semibin_ERR6279672.85_sub	response	R	-0.00386539788203569	0.00324851725981453	624	1	0.234541954598533	0.779372340902734
semibin_ERR6279672.85_sub	cancer_type	Other	-0.00230720556868015	0.00359453695829093	624	1	0.521198035208637	0.779372340902734
semibin_SRR13068843.2	response	R	-0.0182524679447372	0.0253705404460333	624	4	0.472143266968182	0.779372340902734
metabat_SRR23364176.32	response	R	0.0394600881955886	0.0302154402098903	624	9	0.192050470944069	0.779372340902734
metabat_ERR6232525.2	response	R	-0.00386539788224031	0.00324851725981453	624	1	0.234541954573791	0.779372340902734
metabat_ERR6232525.2	cancer_type	Other	-0.00230720556887774	0.00359453695829093	624	1	0.521198035172967	0.779372340902734
semibin_ERR6275682.18	response	R	-0.00386539788201626	0.00324851725981453	624	1	0.234541954600884	0.779372340902734
semibin_ERR6275682.18	cancer_type	Other	-0.00230720556861005	0.00359453695829092	624	1	0.521198035221293	0.779372340902734
metabat_ERR6281000.16	response	R	-0.0107126111049329	0.00664211077865851	624	2	0.107290482813693	0.779372340902734
metabat_ERR6281000.16	cancer_type	Other	-0.00592099479858343	0.00781160309961417	624	2	0.463277913998938	0.779372340902734
semibin_SRR6000940.80	response	R	-0.00729907734363941	0.00992392907292421	624	2	0.462311893937723	0.779372340902734
semibin_SRR6000940.80	cancer_type	Other	-0.0102964337432462	0.013951673036035	624	2	0.503970636314505	0.779372340902734
metabat_ERR6279628.17	cancer_type	Other	-0.0111366255598948	0.0121082141569183	624	3	0.376890042847857	0.779372340902734
metabat_ERR6281499.18_sub	response	R	0.0120459101630929	0.0114998867437595	624	2	0.295286720459613	0.779372340902734
metabat_ERR6281499.18_sub	cancer_type	Other	-0.00897928288889955	0.0132121024283346	624	2	0.509467821048397	0.779372340902734
metabat_SRR20881981.9	response	R	0.0133194433849446	0.0189142543644485	624	4	0.481573680461931	0.779372340902734
metabat_SRR20881981.9	cancer_type	Other	0.068089368994958	0.0534473089771627	624	4	0.251305016683789	0.779372340902734
metabat_ERR6275652.54	response	R	0.00900726851172634	0.00805896100075713	624	2	0.264140869262624	0.779372340902734
metabat_ERR6275652.54	cancer_type	Other	-0.00648045386982242	0.00950194747262991	624	2	0.507800742840572	0.779372340902734
metabat_SRR16168982.26	cancer_type	Other	-0.0842989914510471	0.0581322703660023	624	12	0.173354305310943	0.779372340902734
maxbin_SRR23364176.009	cancer_type	Other	0.0217037589096057	0.019286549076884	624	2	0.301271858908826	0.779372340902734
metabat_ERR6230340.13	response	R	0.0262351976036356	0.0176173504139055	624	4	0.136951421726333	0.779372340902734
metabat_ERR6230340.13	cancer_type	Other	-0.0162271252679345	0.0234603302058143	624	4	0.501048678107286	0.779372340902734
semibin_SRR5930506.146	cancer_type	Other	-0.0396276812384554	0.034154251173437	624	6	0.282308818297986	0.779372340902734
semibin_SRR16554652.51	response	R	0.00271740377419867	0.00325038974549855	624	1	0.403462970527206	0.779372340902734
semibin_SRR16554652.51	cancer_type	Other	-0.00213741563410413	0.00359660889402552	624	1	0.55253703074872	0.779372340902734
metabat_SRR11413683.27	response	R	0.0512953161050658	0.0280333717477422	624	6	0.067761930183628	0.779372340902734
metabat_SRR11413683.27	cancer_type	Other	0.0876612350246979	0.073286808804185	624	6	0.261315989748525	0.779372340902734
semibin_SRR6000899.35	response	R	-0.00452926925518681	0.00716114635318868	624	2	0.527308423661522	0.779372340902734
semibin_SRR6000899.35	cancer_type	Other	-0.00748381174329577	0.00939386875513489	624	2	0.472053456999573	0.779372340902734
semibin_ERR6280899.56	cancer_type	Other	-0.0105374389652575	0.0102855389820541	624	3	0.306002470056322	0.779372340902734
maxbin_ERR12406003.027	response	R	0.0028871937087657	0.00324421195298838	624	1	0.373836158775896	0.779372340902734
maxbin_ERR12406003.027	cancer_type	Other	0.00592242248587741	0.00358977306656259	624	1	0.0994886788656173	0.779372340902734
maxbin_ERR12406003.020	response	R	0.00288719370892989	0.00324421195298838	624	1	0.373836158748735	0.779372340902734
maxbin_ERR12406003.020	cancer_type	Other	0.00592242248600253	0.00358977306656259	624	1	0.0994886788584783	0.779372340902734
maxbin_SRR11413657.029	response	R	0.00274047097018107	0.00324799128602667	624	1	0.399138342895036	0.779372340902734
maxbin_SRR11413657.029	cancer_type	Other	0.00693748190762202	0.00461480527101189	624	1	0.186854708232048	0.779372340902734
semibin_SRR25825504.123_sub	cancer_type	Other	-0.0110399978570461	0.012832919433363	624	2	0.420818078363407	0.779372340902734
metabat_SRR16168926.39	cancer_type	Other	-0.01883789351015	0.0236545402274943	624	3	0.475869576883597	0.779372340902734
maxbin_SRR11413678.043	response	R	0.0138133298980238	0.0104610968367154	624	3	0.187173490130059	0.779372340902734
maxbin_SRR11413678.043	cancer_type	Other	0.0385766302216327	0.0248422853768605	624	3	0.154426162953159	0.779372340902734
maxbin_SRR11413612.006	response	R	0.0126279885419967	0.0113936674097508	624	2	0.268146678739986	0.779372340902734
maxbin_SRR11413612.006	cancer_type	Other	0.0259034518759588	0.0126072775113326	624	2	0.0403313993238519	0.779372340902734
semibin_SRR5930501.71	cancer_type	Other	-0.00798277666399898	0.0102022254058882	624	2	0.434245798853426	0.779372340902734
semibin_ERR6281504.76	response	R	-0.0078726654341981	0.00470336589476924	624	2	0.0946676635750718	0.779372340902734
semibin_ERR6281504.76	cancer_type	Other	-0.0042555583363858	0.00562897708224027	624	2	0.464257245702157	0.779372340902734
semibin_ERR6279673.45	response	R	-0.0112129895818688	0.00987728538198116	624	3	0.256716970798771	0.779372340902734
semibin_ERR6275674.36_sub	response	R	0.0366708722818192	0.0227792293085753	624	6	0.107941371238295	0.779372340902734
semibin_SRR5930498.76	response	R	0.0492453807386548	0.0378080718501338	624	10	0.193225031570054	0.779372340902734
maxbin_ERR6279664.002_sub	response	R	0.00271740377414956	0.00325038974549854	624	1	0.4034629705357	0.779372340902734
maxbin_ERR6279664.002_sub	cancer_type	Other	-0.00213741563402114	0.00359660889402552	624	1	0.552537030764138	0.779372340902734
maxbin_SRR11413690.011	response	R	0.0027404709758876	0.003247991285887	624	1	0.399138341893539	0.779372340902734
maxbin_SRR11413690.011	cancer_type	Other	0.00693748187751707	0.00461480522270494	624	1	0.186854705010433	0.779372340902734
metabat_SRR6000931.60_sub	response	R	0.0167870424265201	0.0172330330264351	624	5	0.330376260723849	0.779372340902734
metabat_SRR6000931.60_sub	cancer_type	Other	-0.0261432224673579	0.0285420768104963	624	5	0.392297145500024	0.779372340902734
maxbin_SRR11413679.007	response	R	0.002740470971447	0.00324799128599834	624	1	0.399138342673278	0.779372340902734
maxbin_SRR11413679.007	cancer_type	Other	0.00693748190168829	0.00461480526121193	624	1	0.186854708018184	0.779372340902734
semibin_SRR16168976.65	response	R	-0.0157978834038502	0.00945739164810733	624	2	0.095339224596996	0.779372340902734
semibin_SRR16168976.65	cancer_type	Other	-0.0125566765456134	0.01843993155726	624	2	0.523477739842774	0.779372340902734
semibin_SRR6000909.0	cancer_type	Other	-0.00496915551934552	0.00574147081729233	624	2	0.387106999924618	0.779372340902734
metabat_SRR11413657.66_sub	cancer_type	Other	0.0396290310369946	0.02310203410856	624	5	0.140050501217515	0.779372340902734
maxbin_SRR23364193.009	response	R	0.0153942391357074	0.0140837893484319	624	5	0.274797641214501	0.779372340902734
maxbin_SRR23364193.009	cancer_type	Other	-0.0245035575475547	0.0291196210150207	624	5	0.423411857107076	0.779372340902734
semibin_ERR12405979.21	response	R	0.00288719370895216	0.00324421195298838	624	1	0.373836158745053	0.779372340902734
semibin_ERR12405979.21	cancer_type	Other	0.00592242248606538	0.00358977306656259	624	1	0.0994886788548949	0.779372340902734
metabat_SRR20881985.70	response	R	0.00215109286768467	0.00320130653845966	624	1	0.50187324003505	0.779372340902734
metabat_SRR20881985.70	cancer_type	Other	0.0158823557255357	0.0114099513769381	624	1	0.206909211414339	0.779372340902734
metabat_SRR23364194.60_sub	response	R	-0.0300670702132	0.0187906557640156	624	8	0.110086671774649	0.779372340902734
metabat_SRR23364194.60_sub	cancer_type	Other	-0.0446253330788437	0.0588576360804778	624	8	0.46646631526574	0.779372340902734
semibin_SRR16168918.151	cancer_type	Other	-0.0477399175912814	0.0454247995440086	624	5	0.330455435443715	0.779372340902734
semibin_SRR16554777.34	response	R	0.00271740377410085	0.00325038974549856	624	1	0.40346297054412	0.779372340902734
semibin_SRR16554777.34	cancer_type	Other	-0.00213741563406086	0.00359660889402554	624	1	0.55253703075676	0.779372340902734
semibin_SRR11413654.116	response	R	0.00274047096925426	0.00324799128605512	624	1	0.399138343058518	0.779372340902734
semibin_SRR11413654.116	cancer_type	Other	0.00693748191412018	0.00461480528085483	624	1	0.186854706508613	0.779372340902734
maxbin_ERR6271721.021_sub	cancer_type	Other	-0.00819029713467703	0.011359231395907	624	3	0.483886163278509	0.779372340902734
maxbin_SRR5930493.014	response	R	-0.0172908013313491	0.0200244308792428	624	4	0.388204305550651	0.779372340902734
maxbin_SRR5930493.014	cancer_type	Other	-0.0367562682264473	0.0394424151267401	624	4	0.377642184652308	0.779372340902734
semibin_ERR12405960.30	response	R	0.0148775386533907	0.0138354913199759	624	2	0.282650443000838	0.779372340902734
semibin_ERR12405960.30	cancer_type	Other	0.0305178932689454	0.0153091952137591	624	2	0.046650798617035	0.779372340902734
semibin_ERR6279655.13	cancer_type	Other	0.0128538236261743	0.0197615678968366	624	6	0.515645036380804	0.779372340902734
metabat_ERR6279677.29_sub	response	R	0.041109462746215	0.0231655571610941	624	13	0.0764547877219818	0.779372340902734
metabat_ERR6279677.29_sub	cancer_type	Other	-0.0355879706544659	0.0419352115186494	624	13	0.410262353876672	0.779372340902734
metabat_ERR12405995.18	response	R	-0.00369560794735018	0.00324289095445247	624	1	0.254891143311859	0.779372340902734
metabat_ERR12405995.18	cancer_type	Other	0.00575263255138687	0.00358831136028881	624	1	0.109408088703504	0.779372340902734
metabat_SRR16168976.44	cancer_type	Other	-0.0190710437141559	0.0165768759863645	624	4	0.250396999801064	0.779372340902734
semibin_SRR5930510.39	response	R	-0.0467667880990368	0.023429666890512	624	6	0.0463666329914878	0.779372340902734
metabat_ERR6275667.22	response	R	0.00271740377421441	0.00325038974549853	624	1	0.403462970524484	0.779372340902734
metabat_ERR6275667.22	cancer_type	Other	-0.00213741563406709	0.0035966088940255	624	1	0.5525370307556	0.779372340902734
semibin_SRR20881978.50	response	R	0.00881507335477191	0.00888733055497436	624	2	0.321651522061861	0.779372340902734
semibin_SRR20881978.50	cancer_type	Other	0.0355906411481463	0.0297352114976301	624	2	0.271528949020161	0.779372340902734
semibin_SRR25825501.41	response	R	0.0273801239049545	0.0255469961121417	624	5	0.284247257168384	0.779372340902734
semibin_SRR25825501.41	cancer_type	Other	-0.0344316235853802	0.0344083179938628	624	5	0.34750532488567	0.779372340902734
metabat_SRR25825498.30	response	R	0.0030507264810248	0.00324838685645912	624	1	0.348018606457748	0.779372340902734
metabat_SRR25825498.30	cancer_type	Other	-0.00415001399169217	0.00645576552390823	624	1	0.542520354061987	0.779372340902734
semibin_ERR12405928.72	response	R	-0.00369560794756213	0.00324289095445247	624	1	0.254891143284636	0.779372340902734
semibin_ERR12405928.72	cancer_type	Other	0.00575263255112498	0.00358831136028881	624	1	0.109408088719614	0.779372340902734
metabat_SRR11413645.53	cancer_type	Other	0.0169838883983929	0.0108482626384014	624	2	0.152731067829415	0.779372340902734
metabat_SRR25825516.32	cancer_type	Other	-0.0187335448352763	0.0233439432869164	624	3	0.463217143929526	0.779372340902734
metabat_ERR6281504.76	response	R	-0.0134804829990228	0.0227820846979691	624	4	0.554257567695804	0.779372340902734
metabat_ERR6281504.76	cancer_type	Other	-0.0223996225432631	0.0310843548705724	624	4	0.483723454763219	0.779372340902734
metabat_ERR6279678.25	response	R	-0.00386539788206639	0.00324851725981453	624	1	0.23454195459482	0.779372340902734
metabat_ERR6279678.25	cancer_type	Other	-0.00230720556871757	0.00359453695829092	624	1	0.521198035201882	0.779372340902734
metabat_SRR16554659.15	response	R	-0.00387343531286066	0.00324868163475541	624	1	0.233597028253524	0.779372340902734
metabat_SRR16554659.15	cancer_type	Other	-0.00229814803960791	0.00361594294404238	624	1	0.538199498505759	0.779372340902734
metabat_ERR6275663.2	cancer_type	Other	-0.00418578739488631	0.00579339220122106	624	2	0.483472894289159	0.779372340902734
semibin_ERR6281518.131	cancer_type	Other	-0.00535468554145662	0.00733813931638793	624	2	0.47938591076829	0.779372340902734
semibin_SRR16168930.105	response	R	0.0124325005069902	0.0137458225648996	624	2	0.366104320539482	0.779372340902734
semibin_SRR16168930.105	cancer_type	Other	-0.0186383215927893	0.0265650504666081	624	2	0.510991103838018	0.779372340902734
maxbin_ERR12405967.002_sub	response	R	0.0138097750920788	0.0128770895645839	624	2	0.283943585821949	0.779372340902734
maxbin_ERR12405967.002_sub	cancer_type	Other	0.0206160660996592	0.0142487081499336	624	2	0.148437162036783	0.779372340902734
semibin_SRR6000940.38_sub	cancer_type	Other	-0.00560936899084566	0.00649390512553725	624	2	0.388036874190006	0.779372340902734
maxbin_SRR8387712.022	cancer_type	Other	0.0594900177277003	0.0410756278739438	624	2	0.191682362638169	0.779372340902734
semibin_SRR16168902.6	response	R	0.00227841090078375	0.00324765308688705	624	1	0.483219236432093	0.779372340902734
semibin_SRR16168902.6	cancer_type	Other	-0.00436200144026877	0.00666531722682326	624	1	0.536029915968115	0.779372340902734
semibin_ERR6275675.42	response	R	0.010280524538849	0.009478936446617	624	2	0.278536410608313	0.779372340902734
semibin_ERR6275675.42	cancer_type	Other	-0.00751861344927728	0.0110418992197108	624	2	0.508567051554989	0.779372340902734
metabat_ERR6281000.56_sub	response	R	-0.0169210948856542	0.0206545247952974	624	6	0.41296186789412	0.779372340902734
metabat_ERR6281000.56_sub	cancer_type	Other	-0.0292669386956759	0.0288061712699544	624	6	0.331209498013423	0.779372340902734
semibin_ERR6275666.53	response	R	-0.00386539788206589	0.00324851725981454	624	1	0.23454195459488	0.779372340902734
semibin_ERR6275666.53	cancer_type	Other	-0.00230720556869375	0.00359453695829094	624	1	0.521198035206181	0.779372340902734
metabat_ERR6243877.9	response	R	-0.0209764684360723	0.015034813890292	624	3	0.163457402466625	0.779372340902734
metabat_ERR6243877.9	cancer_type	Other	-0.0139711912573181	0.0188246409522613	624	3	0.471797661271142	0.779372340902734
metabat_SRR16168984.26	response	R	0.00227841085390646	0.00324765308617549	624	1	0.483219245334422	0.779372340902734
metabat_SRR16168984.26	cancer_type	Other	-0.00436200156302701	0.00666531760221649	624	1	0.536029927383822	0.779372340902734
metabat_ERR12405965.31_sub	response	R	-0.0214367060702471	0.0191044653782442	624	6	0.262262811418833	0.779372340902734
metabat_ERR12405965.31_sub	cancer_type	Other	0.015263371966259	0.021139400341191	624	6	0.470545181377268	0.779372340902734
metabat_SRR25825501.22	response	R	0.00980574482924918	0.0154767423232226	624	5	0.526590135849258	0.779372340902734
metabat_SRR25825501.22	cancer_type	Other	-0.0342542540386163	0.0455095904826124	624	5	0.471584030660938	0.779372340902734
semibin_SRR6000946.37	response	R	0.0034405964648044	0.00325219504293277	624	1	0.290498454652894	0.779372340902734
semibin_SRR6000946.37	cancer_type	Other	-0.00338830241607904	0.00553967068218732	624	1	0.561562412308947	0.779372340902734
semibin_SRR23364189.47	response	R	-0.0121084867726425	0.0130187434740537	624	2	0.352690516628884	0.779372340902734
semibin_ERR6279670.33	cancer_type	Other	-0.0180106372367489	0.0250543909869496	624	4	0.484960315136479	0.779372340902734
metabat_ERR6254870.9	response	R	-0.00386539788197049	0.00324851725981452	624	1	0.234541954606414	0.779372340902734
metabat_ERR6254870.9	cancer_type	Other	-0.0023072055687096	0.00359453695829092	624	1	0.521198035203317	0.779372340902734
semibin_SRR11413646.13	cancer_type	Other	0.0470369514701481	0.024073696331114	624	4	0.0932273925496063	0.779372340902734
maxbin_SRR11413681.026	cancer_type	Other	0.0562087020055482	0.0208273571665822	624	4	0.00714849077165766	0.779372340902734
semibin_ERR12406012.38	response	R	0.002887193708728	0.00324421195298838	624	1	0.373836158782135	0.779372340902734
semibin_ERR12406012.38	cancer_type	Other	0.00592242248579218	0.0035897730665626	624	1	0.099488678870477	0.779372340902734
semibin_SRR5930505.151	response	R	0.00908767088868604	0.00815116549383234	624	2	0.265329482859934	0.779372340902734
semibin_SRR5930505.151	cancer_type	Other	-0.00828397809689032	0.0111599934609786	624	2	0.499901448721491	0.779372340902734
maxbin_SRR11413689.008	response	R	-0.00391848149972615	0.00324645635648421	624	1	0.22789120969552	0.779372340902734
maxbin_SRR11413689.008	cancer_type	Other	0.00700454270936354	0.00476514214669236	624	1	0.190806924664144	0.779372340902734
metabat_SRR5930528.90	response	R	-0.0219013450093167	0.0127496729662805	624	4	0.0863360748844611	0.779372340902734
metabat_ERR12405943.50_sub	response	R	0.0192139243294578	0.0153000483255503	624	3	0.209657836433493	0.779372340902734
metabat_ERR12405943.50_sub	cancer_type	Other	0.0208772458121506	0.0169297512591845	624	3	0.217979270511304	0.779372340902734
semibin_SRR5930521.95	response	R	-0.00394210089529021	0.00325137309181231	624	1	0.225804396737755	0.779372340902734
semibin_SRR5930521.95	cancer_type	Other	-0.00324515972448963	0.00529090139161644	624	1	0.561652243701449	0.779372340902734
semibin_ERR6275673.30	response	R	-0.0101784003257321	0.0151101983503787	624	4	0.500809095514607	0.779372340902734
semibin_SRR25825502.26	response	R	-0.00364767560918526	0.00324756291849687	624	1	0.261785257829487	0.779372340902734
semibin_SRR25825502.26	cancer_type	Other	-0.00402464989751726	0.00634505258354931	624	1	0.548465664467896	0.779372340902734
semibin_SRR11413615.80	response	R	-0.0039184814993648	0.00324645635648002	624	1	0.22789120973772	0.779372340902734
semibin_SRR11413615.80	cancer_type	Other	0.00700454270827045	0.00476514214490498	624	1	0.190806922727965	0.779372340902734
semibin_ERR6279671.38	cancer_type	Other	-0.00856525657270541	0.0122398339773252	624	2	0.497312114155243	0.779372340902734
maxbin_ERR6279672.016	response	R	-0.00386539788217408	0.00324851725981453	624	1	0.234541954581792	0.779372340902734
maxbin_ERR6279672.016	cancer_type	Other	-0.0023072055687167	0.00359453695829093	624	1	0.52119803520204	0.779372340902734
semibin_ERR6279618.34	response	R	0.00271740377423556	0.00325038974549855	624	1	0.403462970520826	0.779372340902734
semibin_ERR6279618.34	cancer_type	Other	-0.00213741563405739	0.00359660889402553	624	1	0.552537030757407	0.779372340902734
metabat_SRR25825512.34	response	R	0.0177796975029285	0.0163039725363828	624	2	0.275910340344986	0.779372340902734
metabat_SRR25825512.34	cancer_type	Other	-0.0212946290310661	0.0311924210918297	624	2	0.520387507578607	0.779372340902734
semibin_ERR6279655.27	response	R	0.033985775613329	0.0173411657444183	624	6	0.050463165487234	0.779372340902734
maxbin_SRR11413611.022	response	R	-0.00754870224574527	0.0128711873107591	624	6	0.55776652651152	0.779372340902734
maxbin_SRR11413611.022	cancer_type	Other	0.0537529316650855	0.032720471209673	624	6	0.134594175188618	0.779372340902734
metabat_SRR25825504.2	response	R	0.00305072646133084	0.00324838685695164	624	1	0.348018609640579	0.779372340902734
metabat_SRR25825504.2	cancer_type	Other	-0.0041500138957883	0.00645576522064642	624	1	0.542520344331022	0.779372340902734
maxbin_SRR13022303.020_sub	response	R	0.0281716297719236	0.0171805789284092	624	4	0.101566311123576	0.779372340902734
metabat_SRR11413607.57	response	R	-0.00391848149932621	0.00324645635648102	624	1	0.227891209742462	0.779372340902734
metabat_SRR11413607.57	cancer_type	Other	0.00700454270846944	0.00476514214532391	624	1	0.190806923804519	0.779372340902734
metabat_SRR16554744.1	response	R	0.0027174037743411	0.00325038974549855	624	1	0.403462970502573	0.779372340902734
metabat_SRR16554744.1	cancer_type	Other	-0.00213741563401803	0.00359660889402552	624	1	0.552537030764716	0.779372340902734
metabat_ERR6281341.34	cancer_type	Other	-0.041219630806256	0.0402205399345261	624	8	0.336713245098224	0.779372340902734
maxbin_ERR6281504.023_sub	response	R	-0.0112526454804146	0.00704103626028948	624	2	0.110519382427345	0.779372340902734
maxbin_ERR6281504.023_sub	cancer_type	Other	-0.0062534644161894	0.00824534321238876	624	2	0.463057198146321	0.779372340902734
maxbin_ERR6233693.019_sub	response	R	0.00757886077462283	0.0106970513586949	624	3	0.478901191871142	0.779372340902734
maxbin_ERR6233693.019_sub	cancer_type	Other	-0.00945783998292443	0.0134964501042938	624	3	0.495962187968079	0.779372340902734
metabat_ERR6231616.20_sub	response	R	0.00271740377423318	0.00325038974549855	624	1	0.403462970521236	0.779372340902734
metabat_ERR6231616.20_sub	cancer_type	Other	-0.00213741563402814	0.00359660889402553	624	1	0.552537030762839	0.779372340902734
semibin_SRR5930519.68	response	R	-0.00394210089528479	0.00325137309181221	624	1	0.225804396738381	0.779372340902734
semibin_SRR5930519.68	cancer_type	Other	-0.00324515972448424	0.00529090139149164	624	1	0.561652243625265	0.779372340902734
metabat_SRR13068821.3	response	R	0.0121258630866998	0.0117033760391944	624	2	0.300558965454452	0.779372340902734
metabat_SRR13068821.3	cancer_type	Other	-0.00953778366869752	0.012949975125594	624	2	0.461698632469582	0.779372340902734
metabat_SRR11413646.20	response	R	-0.019259590797026	0.0216682618530425	624	7	0.374433955130459	0.779372340902734
metabat_SRR11413646.20	cancer_type	Other	0.0264487421786084	0.0347414585782036	624	7	0.464592795212876	0.779372340902734
metabat_ERR6275667.5	response	R	0.00271740377436698	0.00325038974549854	624	1	0.403462970498099	0.779372340902734
metabat_ERR6275667.5	cancer_type	Other	-0.00213741563392578	0.00359660889402552	624	1	0.552537030781859	0.779372340902734
semibin_SRR11413657.81	response	R	0.00274047097443928	0.00324799128592502	624	1	0.399138342148096	0.779372340902734
semibin_SRR11413657.81	cancer_type	Other	0.00693748188583072	0.00461480523585786	624	1	0.186854703959601	0.779372340902734
metabat_SRR11413657.28	response	R	0.0107905355431577	0.0137776215074082	624	3	0.433813176292115	0.779372340902734
metabat_SRR11413657.28	cancer_type	Other	0.0204466521958646	0.0190756775870385	624	3	0.331426246902336	0.779372340902734
metabat_ERR6281751.13_sub	response	R	-0.0338003347807488	0.0222326485536812	624	3	0.128945214460344	0.779372340902734
metabat_ERR6281751.13_sub	cancer_type	Other	-0.0206433033273022	0.0276980824128602	624	3	0.470051339938803	0.779372340902734
metabat_ERR12405953.12	response	R	-0.019158701068813	0.0149431876527602	624	5	0.200285045052582	0.779372340902734
metabat_ERR12405953.12	cancer_type	Other	0.0149643470321195	0.0165348791453211	624	5	0.365807343469176	0.779372340902734
semibin_ERR6254871.3	response	R	0.00271740377411601	0.00325038974549855	624	1	0.403462970541501	0.779372340902734
semibin_ERR6254871.3	cancer_type	Other	-0.00213741563405131	0.00359660889402553	624	1	0.552537030758533	0.779372340902734
semibin_SRR5930493.200	response	R	-0.00394210089036605	0.00325137309174791	624	1	0.225804397307567	0.779372340902734
semibin_SRR5930493.200	cancer_type	Other	-0.00324515970153586	0.00529090130314239	624	1	0.561652240179676	0.779372340902734
semibin_SRR11413692.20	response	R	0.00274047097215718	0.00324799128598023	624	1	0.399138342548496	0.779372340902734
semibin_SRR11413692.20	cancer_type	Other	0.00693748189775862	0.00461480525495273	624	1	0.186854704917412	0.779372340902734
semibin_ERR6281341.53	cancer_type	Other	-0.0112905398369834	0.0157217136254362	624	3	0.485550042575886	0.779372340902734
semibin_ERR6279622.25_sub	cancer_type	Other	-0.0066739932744744	0.00923855987735997	624	3	0.482923293926067	0.779372340902734
maxbin_SRR11413690.015	response	R	0.0118142852127386	0.00868824473883273	624	3	0.174387985881043	0.779372340902734
maxbin_SRR11413690.015	cancer_type	Other	0.0329041198818661	0.0212545414984035	624	3	0.155378241754828	0.779372340902734
semibin_ERR6275675.80	response	R	0.002717403774227	0.00325038974549856	624	1	0.403462970522307	0.779372340902734
semibin_ERR6275675.80	cancer_type	Other	-0.00213741563403747	0.00359660889402554	624	1	0.552537030761109	0.779372340902734
maxbin_SRR6000891.017	response	R	-0.00333537694671145	0.00325211469961087	624	1	0.305478472238829	0.779372340902734
maxbin_SRR6000891.017	cancer_type	Other	-0.00323242659213382	0.00513262636881601	624	1	0.553782988446951	0.779372340902734
metabat_ERR6275661.57	response	R	-0.00742473645702596	0.00925875751291371	624	2	0.422908883118845	0.779372340902734
semibin_SRR25825494.0	response	R	-0.00364767560930516	0.00324756291849809	624	1	0.26178525781399	0.779372340902734
semibin_SRR25825494.0	cancer_type	Other	-0.00402464989698258	0.00634505258273176	624	1	0.548465664594597	0.779372340902734
semibin_SRR5930516.224	response	R	0.00702657145317985	0.00573298693863488	624	2	0.220805217453275	0.779372340902734
semibin_SRR5930516.224	cancer_type	Other	0.0246485798964298	0.0215400046830439	624	2	0.292912307364988	0.779372340902734
metabat_SRR16168984.25	response	R	0.00227841089822918	0.00324765308684452	624	1	0.483219236916727	0.779372340902734
metabat_SRR16168984.25	cancer_type	Other	-0.00436200144718796	0.00666531724926862	624	1	0.536029916948897	0.779372340902734
metabat_ERR6254871.53_sub	response	R	0.00271740377405869	0.00325038974549854	624	1	0.403462970551411	0.779372340902734
metabat_ERR6254871.53_sub	cancer_type	Other	-0.0021374156342158	0.00359660889402552	624	1	0.552537030727966	0.779372340902734
semibin_ERR6275661.3	response	R	-0.0234585016244657	0.0234090223598702	624	6	0.316679586051223	0.779372340902734
semibin_ERR6275661.3	cancer_type	Other	-0.0294102701264495	0.0311627183158108	624	6	0.364186911630759	0.779372340902734
metabat_ERR6279657.59	response	R	0.00271740377423745	0.00325038974549854	624	1	0.403462970520496	0.779372340902734
metabat_ERR6279657.59	cancer_type	Other	-0.00213741563396759	0.00359660889402552	624	1	0.55253703077409	0.779372340902734
semibin_SRR20881981.27	response	R	0.00215109286751783	0.00320130653846245	624	1	0.50187324006858	0.779372340902734
semibin_SRR20881981.27	cancer_type	Other	0.0158823557221052	0.011409951376055	624	1	0.206909211053349	0.779372340902734
metabat_SRR23364232.30	response	R	0.00681811957916446	0.00576286589425244	624	2	0.237218358572949	0.779372340902734
metabat_SRR23364232.30	cancer_type	Other	-0.0047570443006679	0.0069543288678656	624	2	0.506381776588757	0.779372340902734
metabat_SRR11413618.42	response	R	-0.00391848149968346	0.00324645635648242	624	1	0.227891209700296	0.779372340902734
metabat_SRR11413618.42	cancer_type	Other	0.00700454270852808	0.00476514214593532	624	1	0.19080692203293	0.779372340902734
semibin_SRR13068823.89	response	R	0.00953139083859613	0.0141114848070155	624	5	0.499651513779095	0.779372340902734
metabat_ERR6264280.8	response	R	0.00271740377406802	0.00325038974549855	624	1	0.403462970549801	0.779372340902734
metabat_ERR6264280.8	cancer_type	Other	-0.00213741563419908	0.00359660889402552	624	1	0.552537030731077	0.779372340902734
semibin_SRR5930514.24	response	R	0.0027208553214185	0.00325333993211296	624	1	0.403292843497259	0.779372340902734
semibin_SRR5930514.24	cancer_type	Other	-0.00324967593706744	0.005237867328139	624	1	0.557217301626984	0.779372340902734
semibin_SRR16554788.35	response	R	-0.00387343530856288	0.00324868163466247	624	1	0.233597028759065	0.779372340902734
semibin_SRR16554788.35	cancer_type	Other	-0.00229814804493907	0.00361594293197851	624	1	0.538199505655273	0.779372340902734
metabat_SRR13068846.48	response	R	-0.0149083075004409	0.0166128393800036	624	5	0.36985582369451	0.779372340902734
metabat_SRR5930497.49	cancer_type	Other	-0.0262389340307149	0.0290022338943604	624	5	0.388595073853094	0.779372340902734
semibin_ERR6279666.39	cancer_type	Other	-0.0349578694535851	0.0327695051979662	624	7	0.310713524107203	0.779372340902734
semibin_SRR23364223.17	response	R	0.00271740377434724	0.00325038974549854	624	1	0.403462970501512	0.779372340902734
semibin_SRR23364223.17	cancer_type	Other	-0.00213741563401055	0.00359660889402552	624	1	0.552537030766109	0.779372340902734
semibin_ERR6280899.116	cancer_type	Other	-0.0109615996275807	0.0154091877850048	624	3	0.489527368003723	0.779372340902734
semibin_SRR6000892.68	response	R	-0.00333537694665361	0.00325211469961158	624	1	0.305478472247322	0.779372340902734
semibin_SRR6000892.68	cancer_type	Other	-0.00323242659231067	0.00513262636941897	624	1	0.553782988603367	0.779372340902734
semibin_SRR11413608.76	response	R	0.00620395950594622	0.00492356071834487	624	2	0.208122662914922	0.779372340902734
semibin_SRR11413608.76	cancer_type	Other	0.012726014595677	0.00544799967277702	624	2	0.0198134680689014	0.779372340902734
semibin_SRR5930515.84	response	R	-0.00850675606011742	0.00499557964112601	624	2	0.0890984414694843	0.779372340902734
semibin_SRR5930515.84	cancer_type	Other	-0.00518446986099361	0.00600058444010769	624	2	0.42617938696445	0.779372340902734
metabat_SRR11413657.46	response	R	0.00274047097363488	0.00324799128594138	624	1	0.399138342288793	0.779372340902734
metabat_SRR11413657.46	cancer_type	Other	0.0069374818892705	0.00461480524151157	624	1	0.186854705009934	0.779372340902734
maxbin_ERR6279670.003	response	R	-0.0136400599702835	0.0141418363670299	624	2	0.335163014151679	0.779372340902734
maxbin_ERR6279670.003	cancer_type	Other	-0.0117806435827398	0.0157798275913932	624	2	0.470199365756222	0.779372340902734
maxbin_SRR16168896.007	response	R	-0.0044618531572897	0.00324339857000908	624	1	0.16942017400987	0.779372340902734
maxbin_SRR16168896.007	cancer_type	Other	-0.00433937522278764	0.00696179969325016	624	1	0.554031863689168	0.779372340902734
metabat_ERR6279662.34	response	R	0.00271740377420954	0.00325038974549855	624	1	0.403462970525328	0.779372340902734
metabat_ERR6279662.34	cancer_type	Other	-0.0021374156340141	0.00359660889402553	624	1	0.552537030765451	0.779372340902734
metabat_ERR12405947.20	cancer_type	Other	0.0364048604554271	0.0208085115702043	624	4	0.0806955174057312	0.779372340902734
semibin_SRR16554686.7	response	R	-0.0438914113762631	0.0229284949056505	624	4	0.056044658491775	0.779372340902734
semibin_SRR16554686.7	cancer_type	Other	-0.0313231083711577	0.036003145522495	624	4	0.416260698934889	0.779372340902734
maxbin_SRR13068848.026	cancer_type	Other	-0.0284131664064532	0.0245410215937505	624	5	0.295129481862262	0.779372340902734
maxbin_ERR6279661.005_sub	response	R	0.00271740377407248	0.00325038974549856	624	1	0.403462970549028	0.779372340902734
maxbin_ERR6279661.005_sub	cancer_type	Other	-0.00213741563412936	0.00359660889402553	624	1	0.552537030744029	0.779372340902734
maxbin_SRR16554786.015	cancer_type	Other	-0.00413065602621748	0.00612757068612444	624	2	0.513018740813389	0.779372340902734
metabat_ERR6279662.35	response	R	0.00271740377406168	0.00325038974549854	624	1	0.403462970550893	0.779372340902734
metabat_ERR6279662.35	cancer_type	Other	-0.00213741563421573	0.00359660889402552	624	1	0.552537030727983	0.779372340902734
semibin_ERR6275668.136	response	R	-0.00641859370916048	0.00839264205242073	624	2	0.444689103677761	0.779372340902734
semibin_ERR6275668.136	cancer_type	Other	-0.00717399047262864	0.00973520442579698	624	2	0.475411785354978	0.779372340902734
metabat_SRR11413689.39	response	R	-0.00391848149928226	0.003246456356481	624	1	0.227891209747649	0.779372340902734
metabat_SRR11413689.39	cancer_type	Other	0.00700454270861563	0.00476514214532482	624	1	0.190806921408189	0.779372340902734
metabat_ERR12405973.8	response	R	0.00288719370890075	0.00324421195298838	624	1	0.373836158753562	0.779372340902734
metabat_ERR12405973.8	cancer_type	Other	0.00592242248589738	0.00358977306656259	624	1	0.0994886788644784	0.779372340902734
metabat_ERR6281432.10	response	R	-0.0171344550769237	0.00997693368499931	624	5	0.0864034047984332	0.779372340902734
maxbin_SRR16554627.021_sub	cancer_type	Other	-0.00593107898306558	0.00881047117638492	624	2	0.513785443802744	0.779372340902734
semibin_ERR12406012.20	response	R	0.00288719370877145	0.00324421195298838	624	1	0.373836158774942	0.779372340902734
semibin_ERR12406012.20	cancer_type	Other	0.00592242248586657	0.00358977306656259	624	1	0.0994886788662328	0.779372340902734
semibin_ERR12405955.104	response	R	0.00288719370878236	0.00324421195298838	624	1	0.373836158773137	0.779372340902734
semibin_ERR12405955.104	cancer_type	Other	0.00592242248595843	0.0035897730665626	624	1	0.0994886788609952	0.779372340902734
metabat_SRR25825515.25_sub	response	R	-0.00364767560926679	0.00324756291849549	624	1	0.261785257818603	0.779372340902734
metabat_SRR25825515.25_sub	cancer_type	Other	-0.00402464989779667	0.00634505258450359	624	1	0.548465664709567	0.779372340902734
metabat_SRR20881987.24	response	R	-0.0046023765942799	0.00319639300392331	624	1	0.150415091966748	0.779372340902734
metabat_SRR20881987.24	cancer_type	Other	0.0161552953080625	0.0116329969036312	624	1	0.207318037593126	0.779372340902734
maxbin_SRR5930493.007_sub	response	R	-0.00394210089528481	0.00325137309181188	624	1	0.225804396738321	0.779372340902734
maxbin_SRR5930493.007_sub	cancer_type	Other	-0.00324515972434801	0.00529090139103732	624	1	0.561652243546089	0.779372340902734
metabat_SRR11413649.84	response	R	0.00274047097216308	0.00324799128597916	624	1	0.399138342547318	0.779372340902734
metabat_SRR11413649.84	cancer_type	Other	0.0069374818975342	0.00461480525458159	624	1	0.186854704930638	0.779372340902734
semibin_ERR6281434.69	response	R	-0.0155235728995983	0.0103453398786768	624	2	0.133985190896684	0.779372340902734
semibin_ERR6281434.69	cancer_type	Other	-0.00895395830128497	0.0117639206860538	624	2	0.46176076436756	0.779372340902734
metabat_SRR11413619.62	response	R	0.00596867907925833	0.00505598022014733	624	2	0.238246438665141	0.779372340902734
metabat_SRR11413619.62	cancer_type	Other	0.00533510365872085	0.00751956868007283	624	2	0.505905052430928	0.779372340902734
metabat_ERR6281500.37	response	R	-0.00386539788209753	0.00324851725981454	624	1	0.234541954591054	0.779372340902734
metabat_ERR6281500.37	cancer_type	Other	-0.00230720556877515	0.00359453695829094	624	1	0.521198035191486	0.779372340902734
metabat_SRR16168942.19	response	R	-0.020885455977364	0.0270042372173956	624	9	0.439571753949442	0.779372340902734
metabat_SRR16168942.19	cancer_type	Other	-0.0441304133711821	0.0427471588494841	624	9	0.329447718456036	0.779372340902734
maxbin_SRR5930536.008	response	R	0.00272085532155928	0.00325333993211287	624	1	0.403292843472924	0.779372340902734
maxbin_SRR5930536.008	cancer_type	Other	-0.00324967593695092	0.0052378673280328	624	1	0.5572173016752	0.779372340902734
metabat_SRR13068842.58_sub	response	R	0.0218421739854041	0.0167951770741515	624	6	0.19391137179185	0.779372340902734
metabat_SRR13068842.58_sub	cancer_type	Other	-0.0313206828204197	0.0262031094030754	624	6	0.281899326211624	0.779372340902734
semibin_SRR13068835.82	response	R	-0.00905262439218937	0.00568947685129178	624	2	0.112092101686202	0.779372340902734
semibin_SRR13068835.82	cancer_type	Other	0.0140914356976141	0.00629549827802873	624	2	0.025552788165822	0.779372340902734
semibin_ERR12405943.66	response	R	0.0122686676007657	0.0110072270491821	624	2	0.265452564863565	0.779372340902734
semibin_ERR12405943.66	cancer_type	Other	0.0251663865328021	0.0121796749938905	624	2	0.0392179342469166	0.779372340902734
metabat_SRR25825520.1	response	R	0.00853592891588671	0.00743248985130676	624	2	0.251220306526371	0.779372340902734
metabat_SRR25825520.1	cancer_type	Other	-0.00921489748761648	0.012248345036931	624	2	0.490977435952464	0.779372340902734
maxbin_ERR12405977.012	response	R	-0.00369560794754997	0.00324289095445247	624	1	0.254891143286199	0.779372340902734
maxbin_ERR12405977.012	cancer_type	Other	0.00575263255113445	0.00358831136028881	624	1	0.109408088719029	0.779372340902734
metabat_ERR6279667.38	response	R	0.0129902691793003	0.0125970229739291	624	2	0.302841664873896	0.779372340902734
metabat_ERR6279667.38	cancer_type	Other	-0.00976703156675619	0.0143836432202578	624	2	0.509877598703663	0.779372340902734
metabat_ERR6239139.52	response	R	0.00271740377419423	0.00325038974549856	624	1	0.403462970527974	0.779372340902734
metabat_ERR6239139.52	cancer_type	Other	-0.00213741563403098	0.00359660889402554	624	1	0.552537030762311	0.779372340902734
metabat_ERR12405943.42	response	R	0.00288719370906754	0.00324421195298837	624	1	0.373836158725973	0.779372340902734
metabat_ERR12405943.42	cancer_type	Other	0.00592242248614528	0.00358977306656259	624	1	0.099488678850342	0.779372340902734
semibin_ERR6279624.11	cancer_type	Other	-0.0090265368873712	0.0118620801873926	624	2	0.446971397764015	0.779372340902734
metabat_SRR5930527.53_sub	cancer_type	Other	-0.0489746623913019	0.0625214412502603	624	7	0.452544242817915	0.779372340902734
metabat_ERR6279678.10	cancer_type	Other	-0.0495833845861491	0.0529060398255682	624	10	0.365135207065049	0.779372340902734
metabat_SRR11413684.18	response	R	0.00274047097170053	0.00324799128599114	624	1	0.399138342628581	0.779372340902734
metabat_SRR11413684.18	cancer_type	Other	0.00693748190018946	0.00461480525872733	624	1	0.186854705776513	0.779372340902734
metabat_SRR23364171.10	response	R	-0.0106100489958974	0.0151786296985134	624	7	0.484808094631877	0.779372340902734
metabat_SRR23364171.10	cancer_type	Other	0.076327398059454	0.0516669083802292	624	7	0.172347878811269	0.779372340902734
semibin_SRR5930529.84	response	R	-0.0110321101898396	0.00903247645924842	624	3	0.222406467769418	0.779372340902734
semibin_SRR5930529.84	cancer_type	Other	-0.0105304565028345	0.0114315447854353	624	3	0.391229381938817	0.779372340902734
semibin_SRR5930530.103	cancer_type	Other	-0.0399359255092544	0.0381647142764658	624	8	0.334704188044183	0.779372340902734
semibin_ERR6279669.6_sub	response	R	0.00271740377410237	0.00325038974549856	624	1	0.403462970543861	0.779372340902734
semibin_ERR6279669.6_sub	cancer_type	Other	-0.00213741563413042	0.00359660889402554	624	1	0.552537030743835	0.779372340902734
semibin_ERR6279666.15_sub	response	R	-0.00465366723269124	0.00705391092954237	624	2	0.509673274040007	0.779372340902734
semibin_ERR6279666.15_sub	cancer_type	Other	-0.00608066427184988	0.00829576233969082	624	2	0.47756650339432	0.779372340902734
metabat_ERR6275663.65	response	R	0.00271740377423484	0.00325038974549856	624	1	0.403462970520951	0.779372340902734
metabat_ERR6275663.65	cancer_type	Other	-0.00213741563394935	0.00359660889402555	624	1	0.552537030777482	0.779372340902734
maxbin_SRR6000869.021_sub	response	R	-0.00333537694722618	0.00325211469960921	624	1	0.30547847216401	0.779372340902734
maxbin_SRR6000869.021_sub	cancer_type	Other	-0.00323242659187781	0.00513262636740267	624	1	0.553782988889529	0.779372340902734
metabat_SRR5930514.57	response	R	0.018667502735089	0.019588158683498	624	2	0.340961279216993	0.779372340902734
metabat_SRR5930514.57	cancer_type	Other	-0.0228299483732172	0.0311793823874092	624	2	0.489925817042444	0.779372340902734
semibin_ERR6279618.55	response	R	0.0512757446381182	0.0250112186514419	624	9	0.0407731613799181	0.779372340902734
metabat_ERR12405992.23	response	R	0.00288719370902814	0.00324421195298838	624	1	0.373836158732487	0.779372340902734
metabat_ERR12405992.23	cancer_type	Other	0.00592242248597942	0.00358977306656259	624	1	0.099488678859796	0.779372340902734
semibin_SRR5930494.150	response	R	0.0181535700368316	0.0188525604646492	624	2	0.335960953875708	0.779372340902734
semibin_SRR5930494.150	cancer_type	Other	-0.0234306066501637	0.0357938139275568	624	2	0.531311364505023	0.779372340902734
metabat_SRR20881981.42_sub	cancer_type	Other	0.0344408888136678	0.0255461877305942	624	2	0.223502260863422	0.779372340902734
metabat_SRR25825516.24	response	R	-0.00364767562943911	0.00324756291916158	624	1	0.261785255280929	0.779372340902734
metabat_SRR25825516.24	cancer_type	Other	-0.00402464976665484	0.00634505213082263	624	1	0.548465649488657	0.779372340902734
maxbin_ERR6279625.039_sub	response	R	-0.00917100210956145	0.013362043687857	624	3	0.492750330930713	0.779372340902734
maxbin_ERR6279625.039_sub	cancer_type	Other	-0.0148345011325954	0.0147853177412522	624	3	0.316094136262342	0.779372340902734
semibin_ERR6275665.2_sub	response	R	0.00271740377406039	0.00325038974549855	624	1	0.40346297055112	0.779372340902734
semibin_ERR6275665.2_sub	cancer_type	Other	-0.00213741563413517	0.00359660889402553	624	1	0.552537030742954	0.779372340902734
semibin_SRR25825505.24	response	R	0.0113633431941883	0.00989652443512256	624	2	0.251321975568966	0.779372340902734
maxbin_ERR6279663.020_sub	response	R	0.00271740377418517	0.00325038974549855	624	1	0.40346297052954	0.779372340902734
maxbin_ERR6279663.020_sub	cancer_type	Other	-0.00213741563403488	0.00359660889402553	624	1	0.552537030761588	0.779372340902734
semibin_ERR6279682.55	response	R	-0.00386539788191871	0.00324851725981453	624	1	0.23454195461268	0.779372340902734
semibin_ERR6279682.55	cancer_type	Other	-0.00230720556866614	0.00359453695829093	624	1	0.521198035211166	0.779372340902734
maxbin_ERR6281000.031_sub	response	R	-0.0252263654433378	0.0131235742600557	624	3	0.0550394329174751	0.779372340902734
maxbin_ERR6281000.031_sub	cancer_type	Other	0.0382463452144445	0.0318329210981619	624	3	0.304225818564627	0.779372340902734
semibin_SRR13022285.12	response	R	-0.0160690377944193	0.0176452843851151	624	7	0.362822910993454	0.779372340902734
semibin_SRR13022285.12	cancer_type	Other	-0.0326455970935947	0.0371599790901714	624	7	0.403891263420663	0.779372340902734
semibin_SRR25825510.66	cancer_type	Other	-0.0115978840349278	0.016269626317694	624	2	0.508193912122082	0.779372340902734
maxbin_SRR11413683.028	response	R	0.002740470970856	0.00324799128601814	624	1	0.399138342777735	0.779372340902734
maxbin_SRR11413683.028	cancer_type	Other	0.00693748190620383	0.00461480526806431	624	1	0.186854704905835	0.779372340902734
metabat_SRR16554766.44	response	R	0.00662661233628329	0.00552237458029839	624	2	0.230613600396122	0.779372340902734
metabat_SRR11413683.15	response	R	0.0147021429798587	0.0157226207877045	624	3	0.350106922078	0.779372340902734
metabat_SRR11413683.15	cancer_type	Other	0.0452894636518332	0.019054274939124	624	3	0.105112128915626	0.779372340902734
metabat_SRR11413652.38	response	R	0.00696823242327158	0.00581493676549208	624	2	0.231247102551362	0.779372340902734
metabat_SRR11413652.38	cancer_type	Other	0.00760200296872493	0.00712205827007648	624	2	0.334859355472824	0.779372340902734
semibin_SRR25825508.10	response	R	-0.00364767560905474	0.00324756291849418	624	1	0.261785257846127	0.779372340902734
semibin_SRR25825508.10	cancer_type	Other	-0.0040246498979331	0.00634505258540524	624	1	0.548465665183228	0.779372340902734
metabat_ERR12405953.24	response	R	-0.00369560794738969	0.00324289095445247	624	1	0.254891143306785	0.779372340902734
metabat_ERR12405953.24	cancer_type	Other	0.00575263255121551	0.00358831136028881	624	1	0.109408088714043	0.779372340902734
metabat_ERR6236131.56_sub	response	R	0.00271740377424672	0.00325038974549854	624	1	0.403462970518892	0.779372340902734
metabat_ERR6236131.56_sub	cancer_type	Other	-0.00213741563409556	0.00359660889402552	624	1	0.552537030750309	0.779372340902734
semibin_SRR23364230.9	response	R	0.0145895511263862	0.0137266988215424	624	2	0.288258842345799	0.779372340902734
semibin_SRR23364230.9	cancer_type	Other	0.0222155996203128	0.0151888145523289	624	2	0.144074838307077	0.779372340902734
metabat_ERR6279676.65	cancer_type	Other	-0.0183778528186321	0.0255363933948751	624	3	0.484800824900263	0.779372340902734
maxbin_ERR6279624.026_sub	cancer_type	Other	-0.0160031571973012	0.017877568045738	624	4	0.387778548188986	0.779372340902734
metabat_ERR12405979.19	response	R	0.00288719370891584	0.00324421195298838	624	1	0.373836158751063	0.779372340902734
metabat_ERR12405979.19	cancer_type	Other	0.00592242248590326	0.00358977306656259	624	1	0.0994886788641421	0.779372340902734
semibin_ERR6279657.142	response	R	0.00271740377406062	0.00325038974549855	624	1	0.40346297055108	0.779372340902734
semibin_ERR6279657.142	cancer_type	Other	-0.00213741563412417	0.00359660889402553	624	1	0.552537030744996	0.779372340902734
maxbin_ERR6243880.020_sub	response	R	0.00271740377436414	0.00325038974549855	624	1	0.403462970498588	0.779372340902734
maxbin_ERR6243880.020_sub	cancer_type	Other	-0.00213741563391853	0.00359660889402553	624	1	0.552537030783208	0.779372340902734
metabat_SRR25825514.49_sub	response	R	0.00305072646092976	0.0032483868569654	624	1	0.34801860970596	0.779372340902734
metabat_SRR25825514.49_sub	cancer_type	Other	-0.00415001389245739	0.00645576521216891	624	1	0.542520343917976	0.779372340902734
metabat_ERR12405923.2	response	R	0.00288719370903724	0.00324421195298839	624	1	0.373836158730992	0.779372340902734
metabat_ERR12405923.2	cancer_type	Other	0.00592242248598515	0.0035897730665626	624	1	0.099488678859477	0.779372340902734
semibin_SRR11413683.27	cancer_type	Other	0.0146897278584534	0.0239112839681967	624	4	0.559069774811875	0.779372340902734
metabat_ERR6275663.31	response	R	0.00271740377428108	0.00325038974549854	624	1	0.403462970512951	0.779372340902734
metabat_ERR6275663.31	cancer_type	Other	-0.00213741563402691	0.00359660889402552	624	1	0.552537030763068	0.779372340902734
semibin_ERR6231616.29	response	R	0.00271740377409498	0.00325038974549855	624	1	0.403462970545138	0.779372340902734
semibin_ERR6231616.29	cancer_type	Other	-0.00213741563405552	0.00359660889402553	624	1	0.552537030757753	0.779372340902734
metabat_SRR11413618.19	response	R	-0.0160718906879436	0.021152660030521	624	4	0.447660307800344	0.779372340902734
metabat_SRR11413618.19	cancer_type	Other	0.0682027591536765	0.0299590082254663	624	4	0.073700998021498	0.779372340902734
maxbin_SRR13068830.012_sub	response	R	0.00271740377424247	0.00325038974549855	624	1	0.403462970519631	0.779372340902734
maxbin_SRR13068830.012_sub	cancer_type	Other	-0.00213741563401325	0.00359660889402552	624	1	0.552537030765606	0.779372340902734
metabat_ERR6275682.30_sub	response	R	-0.0038653978820122	0.00324851725981453	624	1	0.234541954601373	0.779372340902734
metabat_ERR6275682.30_sub	cancer_type	Other	-0.00230720556870152	0.00359453695829093	624	1	0.52119803520478	0.779372340902734
metabat_SRR16168929.17	response	R	0.00227841085341238	0.00324765308616671	624	1	0.483219245428075	0.779372340902734
metabat_SRR16168929.17	cancer_type	Other	-0.00436200156434926	0.00666531760685537	624	1	0.536029927817766	0.779372340902734
metabat_ERR6279655.6	response	R	0.00271740377422677	0.00325038974549856	624	1	0.403462970522346	0.779372340902734
metabat_ERR6279655.6	cancer_type	Other	-0.00213741563404846	0.00359660889402554	624	1	0.552537030759063	0.779372340902734
semibin_SRR5930527.26	response	R	0.0176358999876779	0.0133639360810198	624	3	0.187433648697834	0.779372340902734
semibin_SRR5930527.26	cancer_type	Other	0.0248320659717935	0.0147874117049346	624	3	0.0936023288251769	0.779372340902734
metabat_ERR12405911.29	response	R	0.0114650470918176	0.0101478342778073	624	2	0.258995713988203	0.779372340902734
metabat_ERR12405911.29	cancer_type	Other	0.0235179414840607	0.0112287429743477	624	2	0.0366253919136266	0.779372340902734
metabat_ERR6233692.20	response	R	0.00271740377440252	0.00325038974549855	624	1	0.40346297049195	0.779372340902734
metabat_ERR6233692.20	cancer_type	Other	-0.00213741563394318	0.00359660889402552	624	1	0.552537030778624	0.779372340902734
maxbin_SRR5930503.012_sub	response	R	0.00272085532305127	0.00325333993204869	624	1	0.403292843205931	0.779372340902734
maxbin_SRR5930503.012_sub	cancer_type	Other	-0.00324967591114291	0.00523786725541611	624	1	0.557217299625462	0.779372340902734
semibin_ERR6243880.7_sub	cancer_type	Other	-0.0167610863834512	0.0236765880263827	624	4	0.491253982731284	0.779372340902734
semibin_ERR6279657.97	cancer_type	Other	-0.00904454262107899	0.0118909572479055	624	2	0.447170622495432	0.779372340902734
semibin_SRR11413648.57	response	R	0.00274047097173078	0.00324799128599043	624	1	0.399138342623304	0.779372340902734
semibin_SRR11413648.57	cancer_type	Other	0.00693748189989194	0.00461480525847793	624	1	0.186854705826472	0.779372340902734
maxbin_ERR6254871.011	response	R	0.00271740377421673	0.00325038974549855	624	1	0.403462970524083	0.779372340902734
maxbin_ERR6254871.011	cancer_type	Other	-0.00213741563395713	0.00359660889402552	624	1	0.552537030776034	0.779372340902734
metabat_ERR6281504.22_sub	cancer_type	Other	-0.0317252725605195	0.0235634838560847	624	6	0.178673006339667	0.779372340902734
semibin_ERR12405976.10	response	R	0.0028871937089186	0.00324421195298838	624	1	0.373836158750608	0.779372340902734
semibin_ERR12405976.10	cancer_type	Other	0.00592242248589234	0.0035897730665626	624	1	0.0994886788647663	0.779372340902734
semibin_SRR5930503.7	response	R	-0.00886834485165823	0.0102630850684087	624	2	0.387865894627977	0.779372340902734
semibin_SRR5930503.7	cancer_type	Other	-0.00905279784378826	0.011356269840655	624	2	0.425661064155872	0.779372340902734
metabat_ERR6279667.16	response	R	0.0130613556827364	0.0169902693351753	624	4	0.442331330177391	0.779372340902734
metabat_ERR6279667.16	cancer_type	Other	-0.0161821125566045	0.0229856370114383	624	4	0.493553236795133	0.779372340902734
semibin_SRR6000942.8	response	R	-0.00333537694627306	0.00325211469961206	624	1	0.30547847230253	0.779372340902734
semibin_SRR6000942.8	cancer_type	Other	-0.00323242659231059	0.00513262636980942	624	1	0.553782989132896	0.779372340902734
metabat_ERR6279676.51	response	R	0.00675468885995777	0.00570079465204657	624	2	0.236524029783901	0.779372340902734
metabat_ERR6279676.51	cancer_type	Other	-0.00470904005819215	0.00688362881328654	624	2	0.50634540377691	0.779372340902734
metabat_ERR6279619.12	response	R	0.0027174037743743	0.00325038974549856	624	1	0.403462970496831	0.779372340902734
metabat_ERR6279619.12	cancer_type	Other	-0.00213741563400435	0.00359660889402554	624	1	0.552537030767259	0.779372340902734
semibin_ERR6232382.10_sub	response	R	-0.00386539788192894	0.00324851725981453	624	1	0.23454195461144	0.779372340902734
semibin_ERR6232382.10_sub	cancer_type	Other	-0.00230720556858398	0.00359453695829092	624	1	0.521198035225999	0.779372340902734
metabat_ERR6280907.72	response	R	0.00271740377425873	0.00325038974549856	624	1	0.403462970516817	0.779372340902734
metabat_ERR6280907.72	cancer_type	Other	-0.00213741563409342	0.00359660889402553	624	1	0.552537030750708	0.779372340902734
semibin_ERR6281433.33	response	R	0.0027174037742614	0.00325038974549854	624	1	0.403462970516358	0.779372340902734
semibin_ERR6281433.33	cancer_type	Other	-0.00213741563396697	0.00359660889402552	624	1	0.552537030774204	0.779372340902734
semibin_ERR6279644.93	response	R	0.00271740377423944	0.00325038974549856	624	1	0.403462970520155	0.779372340902734
semibin_ERR6279644.93	cancer_type	Other	-0.00213741563401516	0.00359660889402553	624	1	0.552537030765252	0.779372340902734
metabat_ERR6281434.25	response	R	-0.00982661513926466	0.00600362079302376	624	2	0.102184232185084	0.779372340902734
metabat_ERR6281434.25	cancer_type	Other	-0.00538365081859418	0.0071097446278711	624	2	0.463650536903554	0.779372340902734
metabat_ERR12406003.28_sub	response	R	0.00288719370902704	0.00324421195298837	624	1	0.373836158732671	0.779372340902734
metabat_ERR12406003.28_sub	cancer_type	Other	0.00592242248606914	0.00358977306656259	624	1	0.0994886788546836	0.779372340902734
metabat_SRR5930534.18	response	R	0.00272085532147651	0.00325333993211326	624	1	0.403292843487286	0.779372340902734
metabat_SRR5930534.18	cancer_type	Other	-0.00324967593716837	0.00523786732847838	624	1	0.557217301687291	0.779372340902734
semibin_ERR6275666.14	response	R	-0.00386539788187829	0.00324851725981454	624	1	0.234541954617565	0.779372340902734
semibin_ERR6275666.14	cancer_type	Other	-0.00230720556859366	0.00359453695829094	624	1	0.521198035224251	0.779372340902734
metabat_ERR6232688.9	response	R	0.00271740377406763	0.00325038974549855	624	1	0.403462970549867	0.779372340902734
metabat_ERR6232688.9	cancer_type	Other	-0.0021374156342174	0.00359660889402553	624	1	0.55253703072767	0.779372340902734
metabat_SRR16554769.37	cancer_type	Other	0.0242710800898169	0.0228853414593282	624	4	0.289306132689527	0.779372340902734
metabat_ERR12405912.30_sub	response	R	0.0204655175557776	0.020202074673785	624	2	0.311435404264981	0.779372340902734
metabat_ERR12405912.30_sub	cancer_type	Other	0.0342688108760565	0.0223539228026818	624	2	0.125782397141793	0.779372340902734
metabat_SRR16554660.33	response	R	0.0139109932932585	0.013767413471968	624	2	0.312683347709839	0.779372340902734
metabat_SRR16554660.33	cancer_type	Other	-0.0109419052234213	0.0152338659724059	624	2	0.472865964032132	0.779372340902734
maxbin_ERR12405911.011	response	R	0.00288719370874874	0.00324421195298838	624	1	0.373836158778704	0.779372340902734
maxbin_ERR12405911.011	cancer_type	Other	0.00592242248592459	0.0035897730665626	624	1	0.0994886788629267	0.779372340902734
maxbin_ERR6279654.035	response	R	-0.0268994194917335	0.0153615743785147	624	4	0.0804260228534597	0.779372340902734
maxbin_ERR6279654.035	cancer_type	Other	-0.017633218224843	0.0193254434485991	624	4	0.379062277762266	0.779372340902734
semibin_SRR16168982.52	response	R	-0.0150117126319275	0.00893527658383068	624	2	0.0934508722212303	0.779372340902734
semibin_SRR16168982.52	cancer_type	Other	-0.0117847111625107	0.0172019885868952	624	2	0.521780126567494	0.779372340902734
maxbin_SRR13068841.017	response	R	0.0128445155144544	0.0147931881546771	624	6	0.38558379740394	0.779372340902734
maxbin_SRR13068841.017	cancer_type	Other	-0.0424817539646792	0.0558168676639467	624	6	0.465920879885954	0.779372340902734
metabat_ERR6279624.9_sub	response	R	0.00717530409165141	0.00611845413884318	624	2	0.241354272938578	0.779372340902734
metabat_ERR6279624.9_sub	cancer_type	Other	-0.00503001009106277	0.00735671758904831	624	2	0.506599170179278	0.779372340902734
metabat_SRR5930506.103	response	R	0.0324828725960327	0.0199172996857003	624	4	0.10342185148212	0.779372340902734
metabat_SRR5930506.103	cancer_type	Other	-0.0391292757366921	0.0425009125492912	624	4	0.381036656901929	0.779372340902734
maxbin_SRR5930501.007	response	R	-0.00394210089052659	0.00325137309175035	624	1	0.225804397289053	0.779372340902734
maxbin_SRR5930501.007	cancer_type	Other	-0.00324515970216217	0.00529090130649323	624	1	0.561652240322533	0.779372340902734
metabat_SRR13068841.35_sub	response	R	-0.00810559180156292	0.0122973279593123	624	4	0.510054231400229	0.779372340902734
metabat_SRR13068841.35_sub	cancer_type	Other	-0.0135194570667393	0.0161308114168115	624	4	0.419485119229713	0.779372340902734
maxbin_ERR6279623.016_sub	response	R	0.0158097447981081	0.0129516352379282	624	3	0.222673967023897	0.779372340902734
maxbin_ERR6279623.016_sub	cancer_type	Other	-0.0124043579454423	0.0143738389731335	624	3	0.405564265697819	0.779372340902734
semibin_ERR6232524.5	response	R	0.00858045866952858	0.00759351399561839	624	2	0.258925451115771	0.779372340902734
semibin_ERR6232524.5	cancer_type	Other	-0.00613684272367621	0.00899292189750484	624	2	0.507524573602941	0.779372340902734
semibin_ERR6275652.71	response	R	0.00271740377422996	0.00325038974549855	624	1	0.403462970521797	0.779372340902734
semibin_ERR6275652.71	cancer_type	Other	-0.00213741563403921	0.00359660889402553	624	1	0.55253703076078	0.779372340902734
maxbin_ERR6279623.024	response	R	-0.0260326729194902	0.0275764372149223	624	9	0.34552721544694	0.779372340902734
maxbin_ERR6279623.024	cancer_type	Other	-0.0325486978541998	0.0461163253769005	624	9	0.491899592961287	0.779372340902734
maxbin_ERR6281518.058_sub	response	R	-0.00734533254546859	0.0125325641444098	624	3	0.558021449871158	0.779372340902734
maxbin_ERR6281518.058_sub	cancer_type	Other	0.0165933745666602	0.0138674851928614	624	3	0.231932005667037	0.779372340902734
semibin_SRR5930528.150	response	R	-0.0039421008951336	0.00325137309181204	624	1	0.225804396756125	0.779372340902734
semibin_SRR5930528.150	cancer_type	Other	-0.00324515972415801	0.00529090139125283	624	1	0.561652243648037	0.779372340902734
metabat_ERR6275671.40_sub	response	R	-0.00386539788222574	0.00324851725981454	624	1	0.234541954575552	0.779372340902734
metabat_ERR6275671.40_sub	cancer_type	Other	-0.00230720556875465	0.00359453695829093	624	1	0.521198035195187	0.779372340902734
maxbin_SRR5930516.008	response	R	0.00272085532143175	0.003253339932113	624	1	0.403292843494972	0.779372340902734
maxbin_SRR5930516.008	cancer_type	Other	-0.00324967593697713	0.00523786732818321	624	1	0.557217301589073	0.779372340902734
semibin_ERR6279671.60	response	R	0.00271740377403617	0.00325038974549855	624	1	0.403462970555309	0.779372340902734
semibin_ERR6279671.60	cancer_type	Other	-0.00213741563414861	0.00359660889402552	624	1	0.552537030740454	0.779372340902734
maxbin_SRR5930534.025_sub	response	R	0.00272085532125105	0.00325333993211288	624	1	0.403292843526174	0.779372340902734
maxbin_SRR5930534.025_sub	cancer_type	Other	-0.00324967593721358	0.00523786732804699	624	1	0.557217301681686	0.779372340902734
semibin_ERR6275661.85	cancer_type	Other	0.0178660504956758	0.013498396674203	624	2	0.239767252232452	0.779372340902734
maxbin_SRR5930506.023	response	R	0.0164193685551479	0.0114046586617638	624	3	0.150454276183927	0.779372340902734
maxbin_SRR5930506.023	cancer_type	Other	-0.0117256201995392	0.0182856484675898	624	3	0.543730500370591	0.779372340902734
semibin_SRR5930517.29	response	R	-0.00652269873668017	0.00843476557817952	624	2	0.439633510302727	0.779372340902734
semibin_SRR5930517.29	cancer_type	Other	-0.00873063802643123	0.011678263784023	624	2	0.498586901418781	0.779372340902734
metabat_ERR6275663.30_sub	response	R	0.0151848368157182	0.0117131219549062	624	3	0.195321814793682	0.779372340902734
metabat_ERR6275663.30_sub	cancer_type	Other	-0.0100917799756329	0.0146859884305901	624	3	0.504190019907409	0.779372340902734
semibin_SRR16168926.64	response	R	-0.0130499077164341	0.0223264493116954	624	4	0.559093971443723	0.779372340902734
semibin_SRR16168926.64	cancer_type	Other	-0.0347810278656105	0.03086799523101	624	4	0.320543831204866	0.779372340902734
metabat_SRR8387676.31	response	R	-0.00376087294634754	0.00316677336379781	624	1	0.23544977239154	0.779372340902734
metabat_SRR8387676.31	cancer_type	Other	0.0204728985469857	0.0147946830941961	624	1	0.207453680975492	0.779372340902734
maxbin_SRR5930514.050	response	R	0.00272085532290116	0.00325333993205319	624	1	0.403292843232521	0.779372340902734
maxbin_SRR5930514.050	cancer_type	Other	-0.00324967591291206	0.00523786726051067	624	1	0.557217299780242	0.779372340902734
metabat_ERR6275672.17	response	R	-0.00386539788190994	0.00324851725981453	624	1	0.234541954613731	0.779372340902734
metabat_ERR6275672.17	cancer_type	Other	-0.00230720556853404	0.00359453695829093	624	1	0.521198035235015	0.779372340902734
semibin_ERR12405963.23	response	R	0.00288719370903042	0.00324421195298838	624	1	0.373836158732117	0.779372340902734
semibin_ERR12405963.23	cancer_type	Other	0.00592242248608755	0.00358977306656259	624	1	0.099488678853636	0.779372340902734
metabat_SRR13068851.15	response	R	0.0121157293679198	0.0116917320586734	624	2	0.300482006228204	0.779372340902734
metabat_SRR13068851.15	cancer_type	Other	-0.00952981283591585	0.0129370908725711	624	2	0.461627280042185	0.779372340902734
metabat_SRR13022366.10	response	R	-0.0153746252994753	0.0185696808988071	624	6	0.408021209137424	0.779372340902734
metabat_SRR13022366.10	cancer_type	Other	-0.028487065503475	0.0205476526537655	624	6	0.166125300398747	0.779372340902734
semibin_SRR5930526.99	response	R	-0.00394210089509911	0.0032513730918121	624	1	0.225804396760184	0.779372340902734
semibin_SRR5930526.99	cancer_type	Other	-0.00324515972431079	0.00529090139133156	624	1	0.561652243769252	0.779372340902734
metabat_SRR11413657.73	response	R	0.00652630747410944	0.00580584100103877	624	2	0.26140810906246	0.779372340902734
metabat_SRR11413657.73	cancer_type	Other	0.0183163676375299	0.0116732843332152	624	2	0.152503860620615	0.779372340902734
metabat_ERR6229432.47	response	R	-0.012778422434843	0.0119875913332568	624	3	0.286851094787192	0.779372340902734
metabat_ERR6229432.47	cancer_type	Other	-0.0128230740378054	0.0132644639513904	624	3	0.334058413530539	0.779372340902734
semibin_ERR6279675.38	response	R	-0.00386539788210684	0.00324851725981453	624	1	0.234541954589931	0.779372340902734
semibin_ERR6279675.38	cancer_type	Other	-0.00230720556864901	0.00359453695829092	624	1	0.521198035214257	0.779372340902734
maxbin_SRR11413657.011	response	R	0.00274047097091233	0.00324799128601206	624	1	0.399138342767164	0.779372340902734
maxbin_SRR11413657.011	cancer_type	Other	0.00693748190467841	0.00461480526596103	624	1	0.186854706478503	0.779372340902734
metabat_SRR5930493.1	response	R	-0.0039421008952873	0.00325137309181197	624	1	0.225804396738045	0.779372340902734
metabat_SRR5930493.1	cancer_type	Other	-0.00324515972419368	0.00529090139114601	624	1	0.561652243720739	0.779372340902734
maxbin_SRR6000899.055	response	R	-0.0143590615619301	0.0125132018429931	624	2	0.251611938658114	0.779372340902734
maxbin_SRR6000899.055	cancer_type	Other	-0.0165935596562891	0.0250479947205814	624	2	0.526177086271252	0.779372340902734
maxbin_ERR6281343.023_sub	response	R	-0.0259589394884404	0.018826137748883	624	4	0.168430811490086	0.779372340902734
maxbin_ERR6281343.023_sub	cancer_type	Other	-0.0232001746979161	0.0216588895919397	624	4	0.308417901975387	0.779372340902734
metabat_SRR11413648.69	cancer_type	Other	0.0186409949260302	0.0265477336864625	624	4	0.503814917304143	0.779372340902734
semibin_ERR6281340.14	response	R	-0.0111539191131997	0.0167197550400172	624	3	0.504950035992173	0.779372340902734
semibin_ERR6281340.14	cancer_type	Other	-0.0153288358109398	0.0210528037810405	624	3	0.479855531600607	0.779372340902734
semibin_SRR5930504.144	response	R	0.00272085532154431	0.00325333993211317	624	1	0.403292843475555	0.779372340902734
semibin_SRR5930504.144	cancer_type	Other	-0.00324967593683372	0.00523786732837059	624	1	0.557217301691031	0.779372340902734
semibin_ERR6279659.16	response	R	-0.00386539788190691	0.00324851725981453	624	1	0.234541954614107	0.779372340902734
semibin_ERR6279659.16	cancer_type	Other	-0.00230720556853213	0.00359453695829092	624	1	0.521198035235359	0.779372340902734
metabat_SRR16554656.36	response	R	-0.00387343531413273	0.00324868163477656	624	1	0.233597028090274	0.779372340902734
metabat_SRR16554656.36	cancer_type	Other	-0.00229814803862951	0.00361594294678977	624	1	0.538199413854829	0.779372340902734
semibin_ERR6279678.59_sub	cancer_type	Other	-0.0118293353424999	0.0164688515884303	624	3	0.485484283310724	0.779372340902734
maxbin_SRR6000905.014	response	R	-0.0033353769465901	0.00325211469961065	624	1	0.305478472256377	0.779372340902734
maxbin_SRR6000905.014	cancer_type	Other	-0.00323242659192755	0.00513262636862582	624	1	0.55378298845088	0.779372340902734
semibin_ERR6281941.53_sub	response	R	-0.00386539788201945	0.00324851725981454	624	1	0.234541954600495	0.779372340902734
semibin_ERR6281941.53_sub	cancer_type	Other	-0.00230720556861928	0.00359453695829094	624	1	0.521198035219624	0.779372340902734
maxbin_ERR12406006.012	response	R	-0.00369560794740338	0.00324289095445247	624	1	0.254891143305025	0.779372340902734
maxbin_ERR12406006.012	cancer_type	Other	0.0057526325512756	0.00358831136028881	624	1	0.109408088710345	0.779372340902734
semibin_SRR16168986.33_sub	response	R	0.00227841090178945	0.00324765308690066	624	1	0.483219236240888	0.779372340902734
semibin_SRR16168986.33_sub	cancer_type	Other	-0.004362001437726	0.00666531721964749	624	1	0.536029915813663	0.779372340902734
semibin_SRR5930493.116	response	R	-0.00995216595962323	0.0163984838720585	624	3	0.544142086062748	0.779372340902734
semibin_SRR5930493.116	cancer_type	Other	-0.0216246744961809	0.0285537382519816	624	3	0.474073135804355	0.779372340902734
semibin_ERR6279644.44	response	R	0.00271740377406452	0.00325038974549856	624	1	0.403462970550406	0.779372340902734
semibin_ERR6279644.44	cancer_type	Other	-0.00213741563422299	0.00359660889402555	624	1	0.552537030726637	0.779372340902734
maxbin_ERR12405931.009	response	R	0.00288719370877721	0.00324421195298838	624	1	0.373836158773995	0.779372340902734
maxbin_ERR12405931.009	cancer_type	Other	0.00592242248585573	0.00358977306656259	624	1	0.0994886788668526	0.779372340902734
metabat_ERR6279666.49_sub	response	R	0.00745944621704726	0.00652801648634745	624	2	0.253611043493592	0.779372340902734
metabat_ERR6279666.49_sub	cancer_type	Other	-0.00586734187881956	0.00722335596451413	624	2	0.416945873767362	0.779372340902734
semibin_SRR23364187.35	response	R	0.0183384066834356	0.019811118495154	624	8	0.354981460108771	0.779372340902734
semibin_SRR5930507.55	response	R	-0.025815435223037	0.0113984447009519	624	4	0.0238684810516221	0.779372340902734
semibin_SRR5930507.55	cancer_type	Other	-0.0145344502414936	0.0138351237219658	624	4	0.3171045951073	0.779372340902734
metabat_ERR12405976.45	response	R	0.00288719370890852	0.00324421195298838	624	1	0.373836158752271	0.779372340902734
metabat_ERR12405976.45	cancer_type	Other	0.00592242248598183	0.00358977306656259	624	1	0.0994886788596576	0.779372340902734
metabat_ERR12405971.14	response	R	0.00288719370882435	0.00324421195298838	624	1	0.373836158766198	0.779372340902734
metabat_ERR12405971.14	cancer_type	Other	0.00592242248596318	0.0035897730665626	624	1	0.0994886788607269	0.779372340902734
maxbin_SRR16168920.008	response	R	0.00227841089417038	0.00324765308678266	624	1	0.483219237687484	0.779372340902734
maxbin_SRR16168920.008	cancer_type	Other	-0.00436200145748125	0.00666531728189711	624	1	0.536029917587337	0.779372340902734
semibin_SRR5930528.70_sub	response	R	-0.0114489728139244	0.0179555545521865	624	4	0.523950745237096	0.779372340902734
metabat_ERR6233694.2_sub	response	R	-0.00386539788214415	0.00324851725981453	624	1	0.234541954585416	0.779372340902734
metabat_ERR6233694.2_sub	cancer_type	Other	-0.00230720556871591	0.00359453695829093	624	1	0.521198035202181	0.779372340902734
maxbin_SRR23364177.003_sub	response	R	0.0137988535998654	0.0139596565282109	624	5	0.323302398892238	0.779372340902734
maxbin_SRR23364177.003_sub	cancer_type	Other	-0.0288351553447015	0.0271991253423329	624	5	0.319278033740372	0.779372340902734
semibin_SRR13068844.65	response	R	-0.0141513939080678	0.00926328182130542	624	2	0.127101185823077	0.779372340902734
semibin_SRR13068844.65	cancer_type	Other	-0.00807707085899887	0.0106216532303258	624	2	0.462089373120962	0.779372340902734
maxbin_ERR6279657.025	cancer_type	Other	-0.0132630934054682	0.013784389480125	624	3	0.362018530962536	0.779372340902734
maxbin_SRR5930528.018	response	R	-0.00394210089499415	0.0032513730918123	624	1	0.225804396772566	0.779372340902734
maxbin_SRR5930528.018	cancer_type	Other	-0.0032451597238072	0.00529090139160175	624	1	0.561652243782349	0.779372340902734
metabat_ERR12405959.26	response	R	0.00288719370884965	0.00324421195298837	624	1	0.373836158762009	0.779372340902734
metabat_ERR12405959.26	cancer_type	Other	0.00592242248602794	0.00358977306656258	624	1	0.0994886788570341	0.779372340902734
semibin_SRR16168913.2	response	R	-0.0263559518401771	0.0166380126097702	624	2	0.113685359479871	0.779372340902734
semibin_SRR16168913.2	cancer_type	Other	-0.0250764890018759	0.0348000011017931	624	2	0.496150163873228	0.779372340902734
semibin_SRR11413611.84	response	R	-0.00391848149946757	0.00324645635647832	624	1	0.22789120972531	0.779372340902734
semibin_SRR11413611.84	cancer_type	Other	0.00700454270757833	0.00476514214417604	624	1	0.190806922460438	0.779372340902734
metabat_SRR13068815.27	response	R	0.00271740377417416	0.00325038974549855	624	1	0.403462970531442	0.779372340902734
metabat_SRR13068815.27	cancer_type	Other	-0.00213741563398937	0.00359660889402552	624	1	0.552537030770043	0.779372340902734
metabat_SRR6000947.6	response	R	-0.00333537694667522	0.00325211469961083	624	1	0.305478472244076	0.779372340902734
metabat_SRR6000947.6	cancer_type	Other	-0.00323242659191648	0.00513262636879258	624	1	0.553782988512096	0.779372340902734
metabat_ERR6279667.43	response	R	0.0152291320664231	0.0161842442488934	624	3	0.347079067039174	0.779372340902734
metabat_ERR6279667.43	cancer_type	Other	-0.0143489218784025	0.0205959309037727	624	3	0.498342093671261	0.779372340902734
semibin_ERR6243880.36	response	R	0.00271740377443583	0.00325038974549855	624	1	0.403462970486192	0.779372340902734
semibin_ERR6243880.36	cancer_type	Other	-0.00213741563392401	0.00359660889402553	624	1	0.552537030782189	0.779372340902734
metabat_SRR11413657.58	response	R	0.00274047097358007	0.00324799128594747	624	1	0.399138342299077	0.779372340902734
metabat_SRR11413657.58	cancer_type	Other	0.00693748189092948	0.00461480524362284	624	1	0.18685470401293	0.779372340902734
semibin_SRR11413657.63_sub	response	R	0.0243813372245025	0.0164829890386056	624	4	0.139599575097854	0.779372340902734
semibin_SRR11413657.63_sub	cancer_type	Other	0.0288305458875949	0.0237310246672884	624	4	0.270512453340125	0.779372340902734
semibin_SRR13068829.56	response	R	0.0106341211540102	0.00747315207949302	624	3	0.15524687254721	0.779372340902734
semibin_SRR13068829.56	cancer_type	Other	-0.00810206489682586	0.00877026642837007	624	3	0.377485481027635	0.779372340902734
metabat_SRR11413615.38	response	R	-0.00391848149962996	0.0032464563564823	624	1	0.227891209706622	0.779372340902734
metabat_SRR11413615.38	cancer_type	Other	0.00700454270863948	0.00476514214587128	624	1	0.190806923061105	0.779372340902734
maxbin_SRR16554769.027_sub	response	R	0.00271740377409876	0.00325038974549854	624	1	0.403462970544484	0.779372340902734
maxbin_SRR16554769.027_sub	cancer_type	Other	-0.00213741563415982	0.00359660889402552	624	1	0.552537030738372	0.779372340902734
maxbin_SRR11413656.029	response	R	0.0158674681527638	0.0157481670679165	624	2	0.314051609648446	0.779372340902734
maxbin_SRR11413656.029	cancer_type	Other	0.0309624227873396	0.0219125401839351	624	2	0.212287840779055	0.779372340902734
semibin_SRR23364231.47	cancer_type	Other	0.028788235557595	0.0140036535261176	624	3	0.040222586826847	0.779372340902734
semibin_SRR25825506.7	response	R	0.00305072646009106	0.00324838685698478	624	1	0.348018609841286	0.779372340902734
semibin_SRR25825506.7	cancer_type	Other	-0.00415001388914727	0.00645576520023534	624	1	0.542520343739089	0.779372340902734
semibin_SRR23364174.50	response	R	-0.00386539788221966	0.00324851725981454	624	1	0.234541954576294	0.779372340902734
semibin_SRR23364174.50	cancer_type	Other	-0.00230720556889186	0.00359453695829094	624	1	0.521198035170421	0.779372340902734
maxbin_ERR12405938.012	response	R	0.00288719370902121	0.00324421195298838	624	1	0.373836158733638	0.779372340902734
maxbin_ERR12405938.012	cancer_type	Other	0.00592242248607632	0.00358977306656259	624	1	0.0994886788542722	0.779372340902734
metabat_ERR12405980.6_sub	response	R	0.00288719370869016	0.00324421195298839	624	1	0.373836158788387	0.779372340902734
metabat_ERR12405980.6_sub	cancer_type	Other	0.00592242248584249	0.0035897730665626	624	1	0.0994886788676072	0.779372340902734
semibin_ERR6281341.48	response	R	0.00271740377426132	0.00325038974549855	624	1	0.403462970516369	0.779372340902734
semibin_ERR6281341.48	cancer_type	Other	-0.00213741563397064	0.00359660889402552	624	1	0.552537030773523	0.779372340902734
semibin_ERR6279669.8	response	R	-0.0142419632655589	0.016705900047607	624	6	0.394259303140507	0.779372340902734
semibin_ERR6279669.8	cancer_type	Other	-0.0182207461791173	0.0255713909381197	624	6	0.488028763773692	0.779372340902734
metabat_SRR13022266.9	response	R	0.0178041119608549	0.0200140409210834	624	5	0.3740353464801	0.779372340902734
metabat_SRR13022266.9	cancer_type	Other	0.039673879585627	0.0221458604100779	624	5	0.0737030165793863	0.779372340902734
metabat_ERR6231616.29_sub	cancer_type	Other	-0.0150906173387893	0.0209888651144725	624	3	0.485185302645716	0.779372340902734
metabat_ERR6282070.7	response	R	0.00271740377438956	0.00325038974549854	624	1	0.403462970494192	0.779372340902734
metabat_ERR6282070.7	cancer_type	Other	-0.00213741563384828	0.00359660889402552	624	1	0.552537030796258	0.779372340902734
semibin_SRR16554769.38	response	R	0.00271740377423007	0.00325038974549854	624	1	0.403462970521772	0.779372340902734
semibin_SRR16554769.38	cancer_type	Other	-0.00213741563403372	0.00359660889402552	624	1	0.552537030761802	0.779372340902734
maxbin_SRR11413684.040_sub	response	R	0.0130101475161836	0.012442911831794	624	2	0.296159608486149	0.779372340902734
maxbin_SRR11413684.040_sub	cancer_type	Other	0.0236042466485501	0.0171027940155553	624	2	0.222532755573663	0.779372340902734
maxbin_SRR5930517.019	response	R	-0.00394210089120365	0.00325137309176058	624	1	0.225804397210882	0.779372340902734
maxbin_SRR5930517.019	cancer_type	Other	-0.00324515970581149	0.00529090132055918	624	1	0.56165224085603	0.779372340902734
semibin_ERR6275673.5	response	R	-0.0038653978821881	0.00324851725981453	624	1	0.234541954580101	0.779372340902734
semibin_ERR6275673.5	cancer_type	Other	-0.00230720556881412	0.00359453695829093	624	1	0.521198035184449	0.779372340902734
maxbin_ERR6281941.015	response	R	-0.00386539788193486	0.00324851725981453	624	1	0.234541954610722	0.779372340902734
maxbin_ERR6281941.015	cancer_type	Other	-0.00230720556858047	0.00359453695829092	624	1	0.521198035226629	0.779372340902734
metabat_ERR6275668.9_sub	response	R	-0.0186496078371505	0.0257184656964998	624	4	0.468637356494346	0.779372340902734
metabat_SRR16168918.75	cancer_type	Other	-0.00830447920339409	0.00852943998940114	624	3	0.353921727599712	0.779372340902734
metabat_SRR5930494.116	response	R	0.00272085532154579	0.00325333993211307	624	1	0.40329284347529	0.779372340902734
metabat_SRR5930494.116	cancer_type	Other	-0.00324967593678887	0.00523786732826245	624	1	0.557217301841925	0.779372340902734
metabat_ERR12405976.15	response	R	0.00288719370897014	0.00324421195298838	624	1	0.373836158742084	0.779372340902734
metabat_ERR12405976.15	cancer_type	Other	0.00592242248592481	0.00358977306656259	624	1	0.0994886788629123	0.779372340902734
semibin_SRR5930501.104	response	R	-0.00857389565445516	0.0051083867335116	624	2	0.0937729287742016	0.779372340902734
semibin_SRR5930501.104	cancer_type	Other	-0.00511764646309553	0.0056525126518487	624	2	0.365617613855062	0.779372340902734
semibin_ERR6275668.28	response	R	-0.00386539788193478	0.00324851725981452	624	1	0.234541954610737	0.779372340902734
semibin_ERR6275668.28	cancer_type	Other	-0.00230720556857681	0.00359453695829092	624	1	0.521198035227293	0.779372340902734
semibin_ERR6271721.73	response	R	-0.00386539788199851	0.00324851725981454	624	1	0.234541954603028	0.779372340902734
semibin_ERR6271721.73	cancer_type	Other	-0.00230720556876161	0.00359453695829093	624	1	0.52119803519393	0.779372340902734
metabat_ERR6279664.6_sub	response	R	0.00271740377435842	0.00325038974549855	624	1	0.403462970499577	0.779372340902734
metabat_ERR6279664.6_sub	cancer_type	Other	-0.00213741563390586	0.00359660889402553	624	1	0.552537030785561	0.779372340902734
metabat_SRR20881986.19	response	R	-0.00460237665238938	0.00319639299890485	624	1	0.150415086183913	0.779372340902734
metabat_SRR20881986.19	cancer_type	Other	0.0161552958331008	0.011632998497162	624	1	0.207318089894435	0.779372340902734
metabat_SRR8387710.39	response	R	0.00299436422278574	0.00316787441327704	624	1	0.34491512227131	0.779372340902734
metabat_SRR8387710.39	cancer_type	Other	0.0202891363288885	0.0148794536459553	624	1	0.213446128707973	0.779372340902734
maxbin_SRR16554666.041	response	R	-0.00387343531251658	0.00324868163474714	624	1	0.233597028302492	0.779372340902734
maxbin_SRR16554666.041	cancer_type	Other	-0.00229814804012936	0.00361594294296986	624	1	0.53819956059781	0.779372340902734
metabat_ERR6279661.32	response	R	0.00701023469745384	0.00595289516949652	624	2	0.239401293589226	0.779372340902734
metabat_ERR6279661.32	cancer_type	Other	-0.00490332376864506	0.00716989595752702	624	2	0.506496691478492	0.779372340902734
metabat_SRR16168943.48	response	R	0.00227841085367386	0.00324765308616998	624	1	0.483219245378313	0.779372340902734
metabat_SRR16168943.48	cancer_type	Other	-0.00436200156371261	0.0066653176051281	624	1	0.536029927803509	0.779372340902734
metabat_ERR6281518.41_sub	response	R	0.00271740377430702	0.00325038974549855	624	1	0.40346297050847	0.779372340902734
metabat_ERR6281518.41_sub	cancer_type	Other	-0.00213741563407386	0.00359660889402553	624	1	0.552537030754345	0.779372340902734
maxbin_SRR5930518.011	response	R	-0.00394210089094921	0.00325137309175389	624	1	0.22580439723986	0.779372340902734
maxbin_SRR5930518.011	cancer_type	Other	-0.00324515970389399	0.00529090131135565	624	1	0.561652240413747	0.779372340902734
semibin_ERR6275677.1	response	R	-0.00386539788228094	0.00324851725981452	624	1	0.234541954568875	0.779372340902734
semibin_ERR6275677.1	cancer_type	Other	-0.00230720556881835	0.00359453695829092	624	1	0.521198035183688	0.779372340902734
semibin_SRR25825520.17	response	R	0.00305072648091143	0.00324838685646258	624	1	0.34801860647617	0.779372340902734
semibin_SRR25825520.17	cancer_type	Other	-0.00415001399146754	0.00645576552178346	624	1	0.542520354200543	0.779372340902734
semibin_ERR6282137.60	response	R	-0.0038653978818452	0.00324851725981453	624	1	0.234541954621563	0.779372340902734
semibin_ERR6282137.60	cancer_type	Other	-0.00230720556858549	0.00359453695829092	624	1	0.521198035225724	0.779372340902734
metabat_SRR25825506.40	response	R	0.0105063821163749	0.0125946590634166	624	3	0.404492747536474	0.779372340902734
metabat_SRR25825506.40	cancer_type	Other	-0.0136115496448428	0.0139361942263806	624	3	0.329095569262071	0.779372340902734
metabat_ERR6279626.65	cancer_type	Other	-0.0182196426270614	0.0251617846670405	624	3	0.482292660691356	0.779372340902734
semibin_SRR5930499.76	response	R	0.00272085532127634	0.00325333993211319	624	1	0.403292843521848	0.779372340902734
semibin_SRR5930499.76	cancer_type	Other	-0.00324967593749364	0.00523786732840059	624	1	0.557217301613608	0.779372340902734
metabat_SRR11413656.44_sub	response	R	0.00274047097493592	0.003247991285914	624	1	0.399138342061124	0.779372340902734
metabat_SRR11413656.44_sub	cancer_type	Other	0.00693748188347821	0.0046148052320391	624	1	0.186854706290943	0.779372340902734
semibin_SRR5930498.294	response	R	0.00272085532276093	0.00325333993204835	624	1	0.403292843256036	0.779372340902734
semibin_SRR5930498.294	cancer_type	Other	-0.00324967591151101	0.0052378672550345	624	1	0.557217299643677	0.779372340902734
semibin_SRR5930511.38	response	R	0.00272085532127281	0.00325333993211289	624	1	0.403292843522414	0.779372340902734
semibin_SRR5930511.38	cancer_type	Other	-0.00324967593743619	0.00523786732805827	624	1	0.557217301689815	0.779372340902734
maxbin_ERR12405965.033_sub	response	R	-0.0128078445778304	0.00848626603808584	624	2	0.131745084062019	0.779372340902734
maxbin_ERR12405965.033_sub	cancer_type	Other	0.0116127260593627	0.00939019080770723	624	2	0.216670831067479	0.779372340902734
metabat_ERR12406000.1	response	R	-0.00369560794739405	0.00324289095445246	624	1	0.254891143306227	0.779372340902734
metabat_ERR12406000.1	cancer_type	Other	0.00575263255129233	0.0035883113602888	624	1	0.109408088709321	0.779372340902734
metabat_SRR11413657.12	response	R	0.0107872605304373	0.00995267970890308	624	2	0.278850320659013	0.779372340902734
metabat_SRR11413657.12	cancer_type	Other	0.0170552432392522	0.0146035651317303	624	2	0.290664285992003	0.779372340902734
semibin_SRR23364201.31	response	R	0.00819214238330467	0.011133677392403	624	3	0.46213190006013	0.779372340902734
semibin_SRR23364201.31	cancer_type	Other	-0.0137055785350647	0.0154127798613792	624	3	0.413197936836954	0.779372340902734
semibin_SRR6000921.3	response	R	-0.00333537693943147	0.00325211469964102	624	1	0.305478473298056	0.779372340902734
semibin_SRR6000921.3	cancer_type	Other	-0.00323242660008943	0.00513262639432458	624	1	0.553782989471542	0.779372340902734
maxbin_SRR6000906.038	response	R	0.0139364442336323	0.00970398967222815	624	3	0.151465428224533	0.779372340902734
maxbin_SRR6000906.038	cancer_type	Other	-0.0116168950543469	0.0120575333247316	624	3	0.397613546308513	0.779372340902734
semibin_SRR5930503.28_sub	response	R	0.0102847256309228	0.00978667960184845	624	2	0.29371779374032	0.779372340902734
metabat_ERR6254871.18	response	R	0.00271740377446631	0.00325038974549856	624	1	0.403462970480919	0.779372340902734
metabat_ERR6254871.18	cancer_type	Other	-0.00213741563389758	0.00359660889402553	624	1	0.552537030787097	0.779372340902734
semibin_SRR11413686.33	response	R	-0.00391848149943532	0.00324645635647938	624	1	0.227891209729278	0.779372340902734
semibin_SRR11413686.33	cancer_type	Other	0.00700454270802418	0.0047651421446232	624	1	0.190806923000726	0.779372340902734
semibin_SRR11413653.2	response	R	-0.00391848149969419	0.00324645635648343	624	1	0.227891209699167	0.779372340902734
semibin_SRR11413653.2	cancer_type	Other	0.007004542709107	0.00476514214635512	624	1	0.19080692275975	0.779372340902734
metabat_ERR12405999.13	response	R	-0.00369560794751934	0.00324289095445247	624	1	0.254891143290135	0.779372340902734
metabat_ERR12405999.13	cancer_type	Other	0.00575263255116821	0.00358831136028881	624	1	0.109408088716954	0.779372340902734
maxbin_SRR13068835.016	response	R	-0.00909515455823736	0.0104440604844014	624	2	0.384175477644958	0.779372340902734
maxbin_SRR13068835.016	cancer_type	Other	-0.0091881775987012	0.0115565220693795	624	2	0.426879888687653	0.779372340902734
metabat_ERR6275666.46	response	R	-0.00386539788194907	0.00324851725981453	624	1	0.234541954609009	0.779372340902734
metabat_ERR6275666.46	cancer_type	Other	-0.00230720556868707	0.00359453695829092	624	1	0.521198035207387	0.779372340902734
semibin_SRR13068817.24	response	R	-0.0164380776543577	0.00913335271429891	624	5	0.0723806497823562	0.779372340902734
semibin_SRR13068817.24	cancer_type	Other	-0.0200037195616766	0.0200005963939604	624	5	0.344380135005367	0.779372340902734
semibin_SRR20881975.83	response	R	-0.00460237659556589	0.00319639300380397	624	1	0.150415091837718	0.779372340902734
semibin_SRR20881975.83	cancer_type	Other	0.016155295320007	0.0116329969415222	624	1	0.207318038846613	0.779372340902734
semibin_ERR6264281.30	response	R	0.00271740377411582	0.00325038974549855	624	1	0.403462970541536	0.779372340902734
semibin_ERR6264281.30	cancer_type	Other	-0.00213741563406047	0.00359660889402553	624	1	0.55253703075683	0.779372340902734
metabat_ERR6264281.90	response	R	0.00271740377422999	0.00325038974549855	624	1	0.403462970521787	0.779372340902734
metabat_ERR6264281.90	cancer_type	Other	-0.00213741563403738	0.00359660889402553	624	1	0.552537030761122	0.779372340902734
metabat_ERR6279666.36_sub	response	R	0.0027174037744351	0.00325038974549854	624	1	0.403462970486316	0.779372340902734
metabat_ERR6279666.36_sub	cancer_type	Other	-0.00213741563395883	0.00359660889402552	624	1	0.552537030775716	0.779372340902734
metabat_SRR5930528.52_sub	response	R	-0.0390742182523984	0.0202080036839426	624	4	0.053617361947127	0.779372340902734
metabat_SRR5930528.52_sub	cancer_type	Other	-0.0308339013575361	0.028085219884122	624	4	0.317486666816834	0.779372340902734
semibin_ERR6279679.17	response	R	0.00271740377399372	0.00325038974549855	624	1	0.40346297056265	0.779372340902734
semibin_ERR6279679.17	cancer_type	Other	-0.00213741563417535	0.00359660889402553	624	1	0.552537030735484	0.779372340902734
semibin_ERR6275668.52_sub	response	R	-0.014870825233614	0.0118315051544696	624	3	0.209269319157145	0.779372340902734
semibin_ERR6275668.52_sub	cancer_type	Other	-0.010917280197234	0.0147464183053744	624	3	0.472880940955686	0.779372340902734
metabat_ERR6279666.25	cancer_type	Other	-0.0194475298848089	0.0274911051847209	624	4	0.491529776091159	0.779372340902734
semibin_SRR6000894.13_sub	response	R	-0.00333537694700752	0.00325211469960957	624	1	0.305478472195738	0.779372340902734
semibin_SRR6000894.13_sub	cancer_type	Other	-0.00323242659169926	0.00513262636771589	624	1	0.553782988310966	0.779372340902734
semibin_SRR23364230.104	response	R	-0.00386539788209438	0.00324851725981453	624	1	0.234541954591437	0.779372340902734
semibin_SRR23364230.104	cancer_type	Other	-0.00230720556876775	0.00359453695829092	624	1	0.521198035192823	0.779372340902734
metabat_SRR25825499.32_sub	response	R	0.00305072645881574	0.00324838685701219	624	1	0.348018610046708	0.779372340902734
metabat_SRR25825499.32_sub	cancer_type	Other	-0.00415001388375722	0.00645576518335574	624	1	0.542520343077386	0.779372340902734
semibin_ERR6281751.29	response	R	-0.00386539788202252	0.00324851725981452	624	1	0.234541954600123	0.779372340902734
semibin_ERR6281751.29	cancer_type	Other	-0.00230720556862303	0.00359453695829092	624	1	0.521198035218946	0.779372340902734
metabat_SRR20881986.22	response	R	-0.0196346418363859	0.0160326568362312	624	2	0.221170841040279	0.779372340902734
metabat_SRR20881986.22	cancer_type	Other	0.0776249216116935	0.0566056467005638	624	2	0.213182205620845	0.779372340902734
semibin_ERR6282137.95	response	R	-0.00386539788196807	0.00324851725981452	624	1	0.234541954606704	0.779372340902734
semibin_ERR6282137.95	cancer_type	Other	-0.00230720556873702	0.00359453695829091	624	1	0.521198035198371	0.779372340902734
metabat_SRR23364192.7	cancer_type	Other	-0.0149416664584246	0.0161361904549898	624	3	0.354820044938632	0.779372340902734
semibin_ERR12405955.19	response	R	0.00288719370898488	0.00324421195298838	624	1	0.373836158739646	0.779372340902734
semibin_ERR12405955.19	cancer_type	Other	0.0059224224859142	0.0035897730665626	624	1	0.0994886788635196	0.779372340902734
semibin_SRR11413611.77	response	R	-0.00391848149891288	0.00324645635647449	624	1	0.227891209790518	0.779372340902734
semibin_SRR11413611.77	cancer_type	Other	0.00700454270672402	0.00476514214252868	624	1	0.190806923613482	0.779372340902734
metabat_SRR20881976.26_sub	cancer_type	Other	0.0178268610497854	0.0163690634803773	624	2	0.316331233609723	0.779372340902734
semibin_SRR13068851.27_sub	response	R	0.00732905331119092	0.00904659688521292	624	4	0.418167585574321	0.779372340902734
semibin_SRR13068851.27_sub	cancer_type	Other	-0.0088732893214304	0.0125905007954074	624	4	0.492945428135086	0.779372340902734
semibin_SRR11413690.41	response	R	0.00274047097194961	0.00324799128598008	624	1	0.399138342584181	0.779372340902734
semibin_SRR11413690.41	cancer_type	Other	0.00693748189758789	0.00461480525489552	624	1	0.186854706275964	0.779372340902734
maxbin_SRR5930494.013	response	R	0.00272085532142401	0.00325333993211318	624	1	0.40329284349634	0.779372340902734
maxbin_SRR5930494.013	cancer_type	Other	-0.00324967593709638	0.00523786732839046	624	1	0.557217301534982	0.779372340902734
metabat_ERR6281341.52	cancer_type	Other	-0.00964711881860953	0.0138378489875533	624	2	0.498961134537951	0.779372340902734
semibin_SRR23364231.57_sub	cancer_type	Other	0.0034275964804592	0.0052954319826082	624	2	0.517693690195587	0.779372340902734
metabat_SRR25825511.75	response	R	-0.00364767562874467	0.00324756291913867	624	1	0.261785255368268	0.779372340902734
metabat_SRR25825511.75	cancer_type	Other	-0.00402464977111207	0.00634505214641632	624	1	0.54846564970981	0.779372340902734
metabat_ERR6279681.66	response	R	0.0138098126999898	0.0105077066875496	624	3	0.18924634901908	0.779372340902734
metabat_ERR6279681.66	cancer_type	Other	-0.009112154525035	0.013251596044883	624	3	0.503870888901805	0.779372340902734
maxbin_SRR5930503.005	response	R	0.00272085532152866	0.0032533399321129	624	1	0.403292843478219	0.779372340902734
maxbin_SRR5930503.005	cancer_type	Other	-0.00324967593707182	0.00523786732807042	624	1	0.557217301569055	0.779372340902734
maxbin_ERR6279681.028_sub	response	R	0.00271740377435933	0.00325038974549855	624	1	0.403462970499419	0.779372340902734
maxbin_ERR6279681.028_sub	cancer_type	Other	-0.00213741563400474	0.00359660889402553	624	1	0.552537030767187	0.779372340902734
maxbin_SRR5930503.019	response	R	0.00272085532152729	0.00325333993211291	624	1	0.403292843478459	0.779372340902734
maxbin_SRR5930503.019	cancer_type	Other	-0.00324967593711383	0.0052378673280741	624	1	0.557217301665642	0.779372340902734
metabat_ERR6281343.20_sub	response	R	0.00271740377420189	0.00325038974549854	624	1	0.403462970526648	0.779372340902734
metabat_ERR6281343.20_sub	cancer_type	Other	-0.00213741563409306	0.00359660889402552	624	1	0.552537030750778	0.779372340902734
metabat_SRR20881979.6	response	R	-0.00460237659588306	0.00319639300380684	624	1	0.150415091810025	0.779372340902734
metabat_SRR20881979.6	cancer_type	Other	0.0161552953177054	0.0116329969406137	624	1	0.20731803896364	0.779372340902734
metabat_ERR6264281.62	response	R	0.00271740377407638	0.00325038974549855	624	1	0.403462970548353	0.779372340902734
metabat_ERR6264281.62	cancer_type	Other	-0.00213741563422817	0.00359660889402553	624	1	0.552537030725671	0.779372340902734
semibin_ERR6279674.51	response	R	0.00271740377410077	0.00325038974549854	624	1	0.403462970544134	0.779372340902734
semibin_ERR6279674.51	cancer_type	Other	-0.00213741563406453	0.00359660889402552	624	1	0.552537030756077	0.779372340902734
maxbin_SRR5930510.035_sub	response	R	-0.0127707991465364	0.00814002856468521	624	2	0.117183335235067	0.779372340902734
maxbin_SRR5930510.035_sub	cancer_type	Other	-0.0110220053821622	0.0131098420703619	624	2	0.430296140731037	0.779372340902734
metabat_SRR23364231.73	cancer_type	Other	0.0247246845476112	0.0218948259632406	624	5	0.293067526441845	0.779372340902734
semibin_SRR16554743.1	response	R	0.00271740377412007	0.00325038974549854	624	1	0.403462970540796	0.779372340902734
semibin_SRR16554743.1	cancer_type	Other	-0.00213741563414279	0.00359660889402552	624	1	0.552537030741534	0.779372340902734
maxbin_SRR5930498.016_sub	response	R	0.00272085532282168	0.00325333993204484	624	1	0.403292843245036	0.779372340902734
maxbin_SRR5930498.016_sub	cancer_type	Other	-0.00324967591023394	0.00523786725106315	624	1	0.557217299387976	0.779372340902734
metabat_SRR23364231.86	response	R	-0.0142377279281557	0.00997378041397644	624	2	0.153934041833888	0.779372340902734
semibin_SRR6000947.23	response	R	-0.00333537694678885	0.00325211469961095	624	1	0.305478472227625	0.779372340902734
semibin_SRR6000947.23	cancer_type	Other	-0.00323242659201223	0.0051326263688795	624	1	0.55378298931434	0.779372340902734
maxbin_SRR23364230.029	cancer_type	Other	0.0204647138703964	0.00959816150684457	624	2	0.0333863198832221	0.779372340902734
maxbin_SRR23364171.020	response	R	-0.0135305649538295	0.00919505450921015	624	2	0.141661258839588	0.779372340902734
maxbin_SRR23364171.020	cancer_type	Other	0.0210618576152115	0.0101744767299597	624	2	0.0388588188275565	0.779372340902734
semibin_ERR6279622.34	response	R	0.00271740377434323	0.00325038974549854	624	1	0.403462970502205	0.779372340902734
semibin_ERR6279622.34	cancer_type	Other	-0.00213741563391726	0.00359660889402553	624	1	0.552537030783444	0.779372340902734
semibin_SRR23364233.3	response	R	-0.00574986606742475	0.00611340011832794	624	3	0.34731058089888	0.779372340902734
semibin_SRR23364233.3	cancer_type	Other	-0.0148103512697673	0.0157455688509765	624	3	0.372707160804465	0.779372340902734
maxbin_SRR5930497.013	response	R	0.00272085532129092	0.00325333993211285	624	1	0.403292843519281	0.779372340902734
maxbin_SRR5930497.013	cancer_type	Other	-0.00324967593706814	0.00523786732801621	624	1	0.557217301633507	0.779372340902734
maxbin_SRR11413647.034	response	R	-0.00616202338136356	0.00767856935060785	624	2	0.422573113562605	0.779372340902734
maxbin_SRR11413647.034	cancer_type	Other	0.0233612368519097	0.0149706009256597	624	2	0.154620828886563	0.779372340902734
maxbin_SRR16168945.044	cancer_type	Other	-0.00681226450367184	0.0088286484039828	624	2	0.509436850406857	0.779372340902734
metabat_SRR5930506.121	response	R	0.00272085532143489	0.00325333993211296	624	1	0.403292843494429	0.779372340902734
metabat_SRR5930506.121	cancer_type	Other	-0.00324967593700156	0.005237867328132	624	1	0.557217301719557	0.779372340902734
semibin_SRR5930533.25	response	R	0.00272085532157043	0.0032533399321129	624	1	0.403292843471004	0.779372340902734
semibin_SRR5930533.25	cancer_type	Other	-0.0032496759366021	0.00523786732806676	624	1	0.55721730173053	0.779372340902734
semibin_ERR6282383.15	response	R	-0.0038653978818398	0.00324851725981453	624	1	0.234541954622216	0.779372340902734
semibin_ERR6282383.15	cancer_type	Other	-0.00230720556861282	0.00359453695829092	624	1	0.521198035220793	0.779372340902734
semibin_SRR13068830.72	response	R	0.00271740377412918	0.00325038974549856	624	1	0.403462970539225	0.779372340902734
semibin_SRR13068830.72	cancer_type	Other	-0.00213741563399419	0.00359660889402554	624	1	0.552537030769149	0.779372340902734
metabat_ERR6233695.53	cancer_type	Other	-0.0326399739492862	0.0410913515888532	624	5	0.450015467555568	0.779372340902734
metabat_ERR6279666.4	response	R	0.00271740377437445	0.00325038974549856	624	1	0.403462970496805	0.779372340902734
metabat_ERR6279666.4	cancer_type	Other	-0.00213741563399702	0.00359660889402554	624	1	0.55253703076862	0.779372340902734
semibin_SRR8387681.35_sub	response	R	0.00299436422261866	0.0031678744133385	624	1	0.344915122307565	0.779372340902734
semibin_SRR8387681.35_sub	cancer_type	Other	0.0202891363253372	0.0148794536234655	624	1	0.21344612813633	0.779372340902734
semibin_SRR13022440.10	response	R	0.00881280362184121	0.00784610450600707	624	2	0.261784612042302	0.779372340902734
semibin_SRR13022440.10	cancer_type	Other	-0.00632356552530464	0.00926948293881735	624	2	0.507675851328833	0.779372340902734
metabat_ERR6279678.40	response	R	-0.00386539788206609	0.00324851725981454	624	1	0.234541954594851	0.779372340902734
metabat_ERR6279678.40	cancer_type	Other	-0.00230720556870291	0.00359453695829094	624	1	0.521198035204528	0.779372340902734
semibin_ERR6279661.18	cancer_type	Other	-0.0050566023943163	0.00694447878872728	624	2	0.480259389014186	0.779372340902734
maxbin_SRR16168896.020_sub	response	R	-0.0121567958835341	0.0112584636939416	624	2	0.280654569966422	0.779372340902734
maxbin_SRR16168896.020_sub	cancer_type	Other	-0.0153717388199122	0.0222791364553954	624	2	0.517047446181673	0.779372340902734
maxbin_ERR6275668.045	cancer_type	Other	-0.0347251794759511	0.027913297738431	624	7	0.261484819021433	0.779372340902734
metabat_SRR5930528.64	response	R	-0.00394210089514734	0.00325137309181222	624	1	0.225804396754545	0.779372340902734
metabat_SRR5930528.64	cancer_type	Other	-0.00324515972425132	0.00529090139150103	624	1	0.561652243764642	0.779372340902734
semibin_SRR11413681.32	response	R	0.00274047097565617	0.00324799128589284	624	1	0.39913834193421	0.779372340902734
semibin_SRR11413681.32	cancer_type	Other	0.00693748187862128	0.00461480522471811	624	1	0.18685470686792	0.779372340902734
semibin_ERR6279672.16	response	R	-0.00709950273832173	0.00886556544514872	624	2	0.423556448389828	0.779372340902734
semibin_ERR6279672.16	cancer_type	Other	-0.00799699906238289	0.00980989174444266	624	2	0.415271809326523	0.779372340902734
metabat_ERR6281000.55	response	R	-0.0106517195388768	0.0065975496324348	624	2	0.106929276401659	0.779372340902734
metabat_ERR6281000.55	cancer_type	Other	-0.00588371764541878	0.00776295109999927	624	2	0.46330331040756	0.779372340902734
semibin_SRR25825499.3_sub	response	R	0.00305072646143168	0.00324838685694951	624	1	0.348018609624333	0.779372340902734
semibin_SRR25825499.3_sub	cancer_type	Other	-0.00415001389590113	0.00645576522196109	624	1	0.542520344302804	0.779372340902734
maxbin_SRR5930494.035_sub	response	R	0.00272085532287452	0.00325333993205349	624	1	0.403292843237153	0.779372340902734
maxbin_SRR5930494.035_sub	cancer_type	Other	-0.0032496759130064	0.00523786726085579	624	1	0.557217299740662	0.779372340902734
metabat_SRR11413608.94	cancer_type	Other	0.00906432493103635	0.0127208512339921	624	3	0.498678741307715	0.779372340902734
semibin_ERR12405974.62	response	R	-0.0036956079472529	0.00324289095445247	624	1	0.254891143324357	0.779372340902734
semibin_ERR12405974.62	cancer_type	Other	0.00575263255131795	0.00358831136028881	624	1	0.109408088707746	0.779372340902734
maxbin_SRR5930504.022	response	R	0.00272085532277571	0.00325333993205347	624	1	0.40329284325423	0.779372340902734
maxbin_SRR5930504.022	cancer_type	Other	-0.00324967591324118	0.00523786726083255	624	1	0.557217299712955	0.779372340902734
metabat_SRR20881981.57	response	R	0.0254802891358755	0.0172048140657631	624	4	0.139117683314888	0.779372340902734
metabat_SRR20881981.57	cancer_type	Other	0.0636790462657902	0.0410234889457372	624	4	0.192196029316364	0.779372340902734
maxbin_SRR6000892.035	response	R	-0.00333537694701202	0.00325211469960955	624	1	0.305478472195087	0.779372340902734
maxbin_SRR6000892.035	cancer_type	Other	-0.00323242659172148	0.00513262636770182	624	1	0.553782988450513	0.779372340902734
metabat_ERR6279628.16	response	R	-0.00386539788180878	0.00324851725981453	624	1	0.234541954625963	0.779372340902734
metabat_ERR6279628.16	cancer_type	Other	-0.00230720556856074	0.00359453695829093	624	1	0.521198035230193	0.779372340902734
maxbin_SRR25825502.045	response	R	-0.003647675629251	0.00324756291915988	624	1	0.261785255305235	0.779372340902734
maxbin_SRR25825502.045	cancer_type	Other	-0.00402464976628699	0.00634505213198597	624	1	0.548465649873582	0.779372340902734
semibin_SRR11413649.101	response	R	0.0128365234004206	0.0122435603458772	624	2	0.29484920172138	0.779372340902734
semibin_SRR11413649.101	cancer_type	Other	0.0231547817468671	0.0168107527084094	624	2	0.223411449110869	0.779372340902734
metabat_SRR16168896.62	response	R	-0.00446185316381742	0.00324339856989999	624	1	0.169420173372451	0.779372340902734
metabat_SRR16168896.62	cancer_type	Other	-0.00433937523475615	0.00696179974226991	624	1	0.554031865416107	0.779372340902734
semibin_SRR20881985.101	response	R	0.00215109289706615	0.00320130654123523	624	1	0.501873234566847	0.779372340902734
semibin_SRR20881985.101	cancer_type	Other	0.0158823554193967	0.0114099505023046	624	1	0.20690918283045	0.779372340902734
semibin_ERR6279667.9_sub	response	R	0.00271740377435562	0.00325038974549854	624	1	0.40346297050006	0.779372340902734
semibin_ERR6279667.9_sub	cancer_type	Other	-0.00213741563389677	0.00359660889402552	624	1	0.552537030787247	0.779372340902734
metabat_ERR6282383.27_sub	cancer_type	Other	-0.0313684184253805	0.0250974164909975	624	5	0.249344591935786	0.779372340902734
semibin_ERR6279625.26	response	R	-0.00386539788229222	0.00324851725981454	624	1	0.234541954567518	0.779372340902734
semibin_ERR6279625.26	cancer_type	Other	-0.00230720556878567	0.00359453695829093	624	1	0.521198035189588	0.779372340902734
semibin_SRR5930528.6	response	R	-0.0269876520030888	0.01740282397387	624	3	0.121469949999951	0.779372340902734
semibin_SRR5930528.6	cancer_type	Other	-0.0293582869313923	0.0443449164434004	624	3	0.523786005958482	0.779372340902734
metabat_SRR5930533.29	response	R	0.00272085532156355	0.00325333993211326	624	1	0.403292843472246	0.779372340902734
metabat_SRR5930533.29	cancer_type	Other	-0.00324967593664715	0.00523786732847121	624	1	0.557217301819953	0.779372340902734
semibin_SRR23364202.113	response	R	-0.00386539788203181	0.00324851725981454	624	1	0.234541954599002	0.779372340902734
semibin_SRR23364202.113	cancer_type	Other	-0.00230720556863792	0.00359453695829093	624	1	0.52119803521626	0.779372340902734
metabat_ERR12405938.21	response	R	0.00288719370878588	0.00324421195298837	624	1	0.373836158772556	0.779372340902734
metabat_ERR12405938.21	cancer_type	Other	0.0059224224858413	0.00358977306656258	624	1	0.0994886788676755	0.779372340902734
metabat_ERR6279666.13	cancer_type	Other	-0.00693694179808101	0.00984211638931974	624	2	0.494167812582931	0.779372340902734
metabat_SRR6000910.18	response	R	-0.00333537693956126	0.00325211469964085	624	1	0.305478473279225	0.779372340902734
metabat_SRR6000910.18	cancer_type	Other	-0.00323242660016456	0.00513262639417791	624	1	0.5537829895378	0.779372340902734
metabat_ERR6279667.44_sub	response	R	0.00271740377434637	0.00325038974549855	624	1	0.403462970501664	0.779372340902734
metabat_ERR6279667.44_sub	cancer_type	Other	-0.00213741563390983	0.00359660889402553	624	1	0.552537030784823	0.779372340902734
semibin_SRR11413691.13	response	R	-0.00391848149972378	0.00324645635648183	624	1	0.22789120969544	0.779372340902734
semibin_SRR11413691.13	cancer_type	Other	0.00700454270854908	0.00476514214567827	624	1	0.190806922626554	0.779372340902734
maxbin_SRR5930504.047_sub	cancer_type	Other	-0.0380809644087347	0.0551899275878387	624	4	0.506358258873356	0.779372340902734
metabat_ERR6279624.38	response	R	0.0219813798443432	0.0165413073462839	624	3	0.184377179591987	0.779372340902734
metabat_ERR6279624.38	cancer_type	Other	-0.0144201131842911	0.0209596525139405	624	3	0.503614407108546	0.779372340902734
semibin_SRR5930526.86	response	R	-0.0208949930043344	0.0138111086539383	624	3	0.130811169178993	0.779372340902734
semibin_SRR5930526.86	cancer_type	Other	-0.0175455261010877	0.0208599843336291	624	3	0.434350783015198	0.779372340902734
metabat_ERR6279681.11	response	R	0.00271740377435263	0.00325038974549856	624	1	0.403462970500579	0.779372340902734
metabat_ERR6279681.11	cancer_type	Other	-0.00213741563389685	0.00359660889402553	624	1	0.552537030787235	0.779372340902734
semibin_SRR11413607.29	response	R	-0.00391848149935553	0.00324645635647917	624	1	0.227891209738689	0.779372340902734
semibin_SRR11413607.29	cancer_type	Other	0.00700454270786289	0.00476514214454589	624	1	0.190806922218063	0.779372340902734
metabat_ERR12405991.8	response	R	-0.00369560794738461	0.00324289095445247	624	1	0.254891143307442	0.779372340902734
metabat_ERR12405991.8	cancer_type	Other	0.00575263255131455	0.00358831136028881	624	1	0.109408088707955	0.779372340902734
metabat_SRR5930502.50	response	R	-0.0129270002439239	0.0183044347418809	624	4	0.480316468015715	0.779372340902734
metabat_SRR5930502.50	cancer_type	Other	-0.0391478862804338	0.0568304470611972	624	4	0.507041263956397	0.779372340902734
maxbin_SRR5930503.013_sub	response	R	0.00272085532142441	0.00325333993211334	624	1	0.403292843496293	0.779372340902734
maxbin_SRR5930503.013_sub	cancer_type	Other	-0.00324967593712122	0.005237867328567	624	1	0.557217301637821	0.779372340902734
maxbin_SRR5930526.008	response	R	-0.00394210089503565	0.00325137309181244	624	1	0.225804396767711	0.779372340902734
maxbin_SRR5930526.008	cancer_type	Other	-0.00324515972437165	0.00529090139179642	624	1	0.56165224373478	0.779372340902734
maxbin_SRR11413679.019_sub	response	R	0.00274047097479931	0.00324799128590903	624	1	0.399138342083873	0.779372340902734
maxbin_SRR11413679.019_sub	cancer_type	Other	0.00693748188195914	0.00461480523032502	624	1	0.18685470432551	0.779372340902734
semibin_SRR5930501.25	response	R	-0.0133189516786218	0.0142538614438892	624	3	0.350455775938702	0.779372340902734
semibin_SRR5930501.25	cancer_type	Other	-0.020767760947738	0.0222040717132909	624	3	0.388133791517058	0.779372340902734
maxbin_SRR11413646.028_sub	response	R	-0.00680116227911767	0.00815211318547894	624	2	0.404442986687792	0.779372340902734
maxbin_SRR11413646.028_sub	cancer_type	Other	0.02454486317888	0.015739877668108	624	2	0.155062530819611	0.779372340902734
semibin_ERR6282137.18	cancer_type	Other	-0.0114522639628291	0.0146409261977047	624	3	0.462457982331108	0.779372340902734
metabat_SRR6000949.9	response	R	-0.00333537694170015	0.00325211469963089	624	1	0.305478472967854	0.779372340902734
metabat_SRR6000949.9	cancer_type	Other	-0.0032324265972614	0.0051326263857343	624	1	0.553782989735428	0.779372340902734
metabat_ERR6264281.32	response	R	0.00271740377423936	0.00325038974549855	624	1	0.403462970520168	0.779372340902734
metabat_ERR6264281.32	cancer_type	Other	-0.00213741563401882	0.00359660889402553	624	1	0.552537030764568	0.779372340902734
semibin_SRR6000949.18_sub	response	R	-0.0101348118629172	0.00617737457669731	624	2	0.101379741651219	0.779372340902734
semibin_SRR6000949.18_sub	cancer_type	Other	-0.00604933698443848	0.00683536501277909	624	2	0.376496094054226	0.779372340902734
metabat_SRR5930526.103	response	R	-0.00394210089525795	0.00325137309181204	624	1	0.225804396741506	0.779372340902734
metabat_SRR5930526.103	cancer_type	Other	-0.00324515972404898	0.00529090139125092	624	1	0.561652243670619	0.779372340902734
semibin_ERR6264281.52	cancer_type	Other	-0.0137584126282744	0.0191352227914827	624	3	0.485108915768669	0.779372340902734
metabat_SRR11413606.28	response	R	0.00274047097432956	0.00324799128592059	624	1	0.399138342166331	0.779372340902734
metabat_SRR11413606.28	cancer_type	Other	0.0069374818843959	0.00461480523431872	624	1	0.186854706532434	0.779372340902734
metabat_SRR5930510.19_sub	response	R	-0.00394210089063057	0.00325137309175488	624	1	0.225804397277477	0.779372340902734
metabat_SRR5930510.19_sub	cancer_type	Other	-0.0032451597036144	0.0052909013127324	624	1	0.561652240586929	0.779372340902734
metabat_SRR6000940.4	response	R	-0.00333537694714143	0.00325211469961013	624	1	0.305478472176421	0.779372340902734
metabat_SRR6000940.4	cancer_type	Other	-0.00323242659214512	0.00513262636818732	624	1	0.553782988825714	0.779372340902734
metabat_SRR5930528.33	response	R	-0.0206497180249755	0.0143015111796839	624	2	0.149276357606805	0.779372340902734
metabat_SRR5930528.33	cancer_type	Other	-0.0150491822494996	0.0219885207851418	624	2	0.523151862994786	0.779372340902734
metabat_ERR6281448.37	response	R	0.00271740377398578	0.00325038974549855	624	1	0.403462970564018	0.779372340902734
metabat_ERR6281448.37	cancer_type	Other	-0.00213741563412611	0.00359660889402553	624	1	0.552537030744636	0.779372340902734
maxbin_SRR11413653.043_sub	response	R	-0.00391848149925923	0.00324645635647597	624	1	0.227891209749676	0.779372340902734
maxbin_SRR11413653.043_sub	cancer_type	Other	0.00700454270679003	0.00476514214317463	624	1	0.190806921944905	0.779372340902734
semibin_SRR23364187.33	response	R	0.022724086401202	0.0171179767160489	624	3	0.184831669035261	0.779372340902734
semibin_SRR23364187.33	cancer_type	Other	0.018890248781111	0.01894131846494	624	3	0.319005511108455	0.779372340902734
semibin_ERR6281343.7	response	R	0.007712482556256	0.00666992147342186	624	2	0.248001058915696	0.779372340902734
semibin_ERR6281343.7	cancer_type	Other	-0.00544779680010249	0.00797357581397378	624	2	0.506948462046296	0.779372340902734
semibin_SRR5930528.184	response	R	-0.00394210089539744	0.00325137309181228	624	1	0.22580439672514	0.779372340902734
semibin_SRR5930528.184	cancer_type	Other	-0.00324515972449313	0.00529090139157291	624	1	0.561652243669456	0.779372340902734
metabat_SRR13068825.15	response	R	0.00271740377423637	0.00325038974549855	624	1	0.403462970520687	0.779372340902734
metabat_SRR13068825.15	cancer_type	Other	-0.0021374156340189	0.00359660889402552	624	1	0.552537030764556	0.779372340902734
semibin_SRR16168896.24_sub	response	R	-0.0157192858682143	0.00940492935540973	624	2	0.0951493052416619	0.779372340902734
semibin_SRR16168896.24_sub	cancer_type	Other	-0.0124795380265624	0.01831630482975	624	2	0.523315859999349	0.779372340902734
metabat_ERR6254871.26_sub	response	R	0.00271740377426124	0.00325038974549854	624	1	0.403462970516382	0.779372340902734
metabat_ERR6254871.26_sub	cancer_type	Other	-0.0021374156339743	0.00359660889402552	624	1	0.552537030772842	0.779372340902734
metabat_SRR20881988.20	response	R	0.00215109289864844	0.00320130654135833	624	1	0.501873234268828	0.779372340902734
metabat_SRR20881988.20	cancer_type	Other	0.0158823554076716	0.011409950463514	624	1	0.206909181248674	0.779372340902734
metabat_ERR6229432.3	response	R	-0.00386539788233249	0.00324851725981454	624	1	0.23454195456265	0.779372340902734
metabat_ERR6229432.3	cancer_type	Other	-0.00230720556885081	0.00359453695829094	624	1	0.521198035177829	0.779372340902734
maxbin_SRR5930501.063	response	R	-0.00878761180010473	0.00491517756581145	624	2	0.074287330079062	0.779372340902734
maxbin_SRR5930501.063	cancer_type	Other	-0.00773208083243285	0.00867655789195599	624	2	0.404613774766784	0.779372340902734
metabat_SRR5930514.13_sub	response	R	0.00272085532270338	0.00325333993205019	624	1	0.403292843266247	0.779372340902734
metabat_SRR5930514.13_sub	cancer_type	Other	-0.00324967591246814	0.00523786725711919	624	1	0.557217299568851	0.779372340902734
metabat_SRR23364174.33	cancer_type	Other	0.0146517296065694	0.0155835319128486	624	3	0.378498053375906	0.779372340902734
maxbin_SRR5930516.039_sub	response	R	0.00272085532171528	0.00325333993211269	624	1	0.403292843445952	0.779372340902734
maxbin_SRR5930516.039_sub	cancer_type	Other	-0.00324967593653762	0.00523786732783312	624	1	0.557217301708383	0.779372340902734
maxbin_SRR11413687.030_sub	response	R	0.00274047097576081	0.003247991285888	624	1	0.399138341915509	0.779372340902734
maxbin_SRR11413687.030_sub	cancer_type	Other	0.00693748187773625	0.00461480522304705	624	1	0.186854705735765	0.779372340902734
maxbin_ERR6281448.039	response	R	0.00271740377395461	0.00325038974549855	624	1	0.403462970569413	0.779372340902734
maxbin_ERR6281448.039	cancer_type	Other	-0.00213741563418552	0.00359660889402553	624	1	0.552537030733597	0.779372340902734
maxbin_ERR6275666.055	response	R	-0.00386539788177527	0.00324851725981452	624	1	0.234541954630016	0.779372340902734
maxbin_ERR6275666.055	cancer_type	Other	-0.0023072055685324	0.00359453695829091	624	1	0.52119803523531	0.779372340902734
metabat_SRR11413614.20	response	R	0.00274047096922659	0.00324799128605575	624	1	0.39913834306335	0.779372340902734
metabat_SRR11413614.20	cancer_type	Other	0.00693748191425559	0.00461480528107088	624	1	0.186854705860849	0.779372340902734
semibin_SRR23364227.44	cancer_type	Other	-0.011693648976395	0.0124331509646745	624	3	0.347315691618974	0.779372340902734
maxbin_SRR13068836.049	response	R	-0.00387343531482966	0.00324868163479243	624	1	0.233597028017787	0.779372340902734
maxbin_SRR13068836.049	cancer_type	Other	-0.00229814803775969	0.00361594294884932	624	1	0.538199478734496	0.779372340902734
semibin_SRR11413608.29	response	R	0.00274047097348872	0.0032479912859458	624	1	0.399138342314536	0.779372340902734
semibin_SRR11413608.29	cancer_type	Other	0.00693748189024652	0.00461480524304142	624	1	0.186854704975371	0.779372340902734
maxbin_ERR6281942.013	response	R	-0.00386539788180967	0.00324851725981452	624	1	0.23454195462586	0.779372340902734
maxbin_ERR6281942.013	cancer_type	Other	-0.00230720556860289	0.00359453695829092	624	1	0.521198035222583	0.779372340902734
maxbin_ERR6282137.024	response	R	-0.00898944913439876	0.0103596732740277	624	2	0.385874711088763	0.779372340902734
maxbin_ERR6282137.024	cancer_type	Other	-0.00912508341030061	0.0114631462544353	624	2	0.426314977170324	0.779372340902734
maxbin_ERR6279626.048_sub	response	R	-0.0174390125612374	0.011874572487462	624	2	0.14244918192416	0.779372340902734
maxbin_ERR6279626.048_sub	cancer_type	Other	-0.0101858257511021	0.0133688489716818	624	2	0.461408817400451	0.779372340902734
metabat_SRR5930506.46	response	R	0.00272085532274043	0.00325333993205349	624	1	0.403292843260319	0.779372340902734
metabat_SRR5930506.46	cancer_type	Other	-0.00324967591346119	0.00523786726086179	624	1	0.557217299646615	0.779372340902734
metabat_ERR6279663.18	response	R	0.00271740377434042	0.00325038974549854	624	1	0.403462970502691	0.779372340902734
metabat_ERR6279663.18	cancer_type	Other	-0.00213741563390815	0.00359660889402552	624	1	0.552537030785133	0.779372340902734
semibin_SRR5930494.257	response	R	0.0027208553225412	0.0032533399320518	624	1	0.403292843294492	0.779372340902734
semibin_SRR5930494.257	cancer_type	Other	-0.00324967591292167	0.00523786725894677	624	1	0.557217299596275	0.779372340902734
metabat_SRR16554766.36	response	R	0.00271740377397066	0.00325038974549852	624	1	0.403462970566634	0.779372340902734
metabat_SRR16554766.36	cancer_type	Other	-0.00213741563413382	0.0035966088940255	624	1	0.5525370307432	0.779372340902734
maxbin_ERR6229432.023	response	R	-0.00386539788217974	0.00324851725981453	624	1	0.234541954581112	0.779372340902734
maxbin_ERR6229432.023	cancer_type	Other	-0.00230720556884321	0.00359453695829092	624	1	0.521198035179198	0.779372340902734
semibin_SRR13068829.87	cancer_type	Other	0.0144042194895123	0.0147079527250695	624	3	0.359774786558614	0.779372340902734
maxbin_SRR13068834.015_sub	response	R	0.00299436422536187	0.00316787441262734	624	1	0.34491512175758	0.779372340902734
maxbin_SRR13068834.015_sub	cancer_type	Other	0.0202891364056983	0.0148794538836965	624	1	0.213446135037344	0.779372340902734
metabat_ERR6279656.17	response	R	-0.00386539788220612	0.00324851725981453	624	1	0.234541954577922	0.779372340902734
metabat_ERR6279656.17	cancer_type	Other	-0.00230720556867538	0.00359453695829093	624	1	0.521198035209499	0.779372340902734
semibin_SRR5930501.87	response	R	-0.00394210089540912	0.00325137309181223	624	1	0.225804396723759	0.779372340902734
semibin_SRR5930501.87	cancer_type	Other	-0.00324515972443814	0.00529090139150041	624	1	0.561652243623628	0.779372340902734
semibin_ERR6279655.20	response	R	0.00271740377437917	0.00325038974549854	624	1	0.403462970495986	0.779372340902734
semibin_ERR6279655.20	cancer_type	Other	-0.00213741563405735	0.00359660889402552	624	1	0.55253703075741	0.779372340902734
metabat_SRR23364171.73	response	R	0.00288719370863651	0.00324421195298838	624	1	0.373836158797264	0.779372340902734
metabat_SRR23364171.73	cancer_type	Other	0.0059224224858521	0.00358977306656259	624	1	0.0994886788670603	0.779372340902734
semibin_ERR6279672.70_sub	response	R	-0.00809984325732027	0.0138294246036182	624	4	0.558292624555396	0.779372340902734
semibin_ERR6279672.70_sub	cancer_type	Other	-0.0135806454274589	0.0188452279346884	624	4	0.483710473430034	0.779372340902734
metabat_ERR6279624.54_sub	response	R	0.00271740377411964	0.00325038974549856	624	1	0.403462970540874	0.779372340902734
metabat_ERR6279624.54_sub	cancer_type	Other	-0.00213741563416295	0.00359660889402554	624	1	0.552537030737791	0.779372340902734
maxbin_ERR6281448.013_sub	response	R	0.00271740377397035	0.00325038974549856	624	1	0.403462970566694	0.779372340902734
maxbin_ERR6281448.013_sub	cancer_type	Other	-0.00213741563414848	0.00359660889402554	624	1	0.552537030740479	0.779372340902734
metabat_ERR6279628.63_sub	response	R	-0.0038653978823225	0.00324851725981453	624	1	0.234541954563852	0.779372340902734
metabat_ERR6279628.63_sub	cancer_type	Other	-0.00230720556880294	0.00359453695829092	624	1	0.521198035186472	0.779372340902734
semibin_ERR6279655.39	response	R	0.00271740377404984	0.00325038974549856	624	1	0.403462970552947	0.779372340902734
semibin_ERR6279655.39	cancer_type	Other	-0.00213741563406767	0.00359660889402554	624	1	0.552537030755496	0.779372340902734
semibin_SRR5930520.106	cancer_type	Other	-0.00585136263837537	0.00696134386481839	624	2	0.400923185883911	0.779372340902734
metabat_ERR6271721.32	response	R	-0.0038653978822434	0.00324851725981452	624	1	0.234541954573413	0.779372340902734
metabat_ERR6271721.32	cancer_type	Other	-0.00230720556874045	0.00359453695829091	624	1	0.521198035197751	0.779372340902734
semibin_ERR6279624.33	response	R	0.0210192924593477	0.0174267381788509	624	3	0.228219802384183	0.779372340902734
semibin_ERR6279624.33	cancer_type	Other	-0.016093365108923	0.0198395291980007	624	3	0.432885728095923	0.779372340902734
maxbin_SRR13068840.010	response	R	0.00271740377442258	0.00325038974549854	624	1	0.40346297048848	0.779372340902734
maxbin_SRR13068840.010	cancer_type	Other	-0.00213741563398479	0.00359660889402552	624	1	0.552537030770892	0.779372340902734
maxbin_SRR5930520.005	response	R	-0.00394210089542902	0.0032513730918121	624	1	0.225804396721397	0.779372340902734
maxbin_SRR5930520.005	cancer_type	Other	-0.00324515972453512	0.0052909013913323	624	1	0.561652243692138	0.779372340902734
semibin_ERR6281434.15	cancer_type	Other	-0.00712613366708263	0.0101201399395415	624	2	0.494583896611469	0.779372340902734
semibin_SRR5930494.98	cancer_type	Other	0.0120939348198645	0.0138617997726491	624	2	0.420760448266999	0.779372340902734
metabat_SRR13068816.46	response	R	-0.00623704313234427	0.00855939202416176	624	2	0.466473225382153	0.779372340902734
metabat_SRR13068816.46	cancer_type	Other	-0.0129174572407252	0.0156040331826423	624	2	0.438500803130977	0.779372340902734
semibin_SRR5930530.129_sub	cancer_type	Other	-0.0154149565863749	0.0195969633549944	624	2	0.459243063670643	0.779372340902734
maxbin_ERR6280899.041	response	R	0.00271740377442865	0.00325038974549856	624	1	0.403462970487433	0.779372340902734
maxbin_ERR6280899.041	cancer_type	Other	-0.00213741563398097	0.00359660889402553	624	1	0.552537030771604	0.779372340902734
semibin_ERR6279670.47	response	R	-0.00386539788205676	0.00324851725981453	624	1	0.234541954595987	0.779372340902734
semibin_ERR6279670.47	cancer_type	Other	-0.00230720556868619	0.00359453695829092	624	1	0.521198035207547	0.779372340902734
semibin_SRR11413649.21	response	R	0.00274047097160163	0.00324799128599165	624	1	0.39913834264567	0.779372340902734
semibin_SRR11413649.21	cancer_type	Other	0.00693748190002329	0.00461480525889869	624	1	0.186854705226637	0.779372340902734
semibin_SRR11413611.10	response	R	-0.00391848149949249	0.00324645635647764	624	1	0.227891209722242	0.779372340902734
semibin_SRR11413611.10	cancer_type	Other	0.00700454270736903	0.00476514214389134	624	1	0.19080692164581	0.779372340902734
metabat_ERR6281344.12	response	R	0.0126226329433605	0.0121688701761015	624	2	0.300006324454439	0.779372340902734
metabat_ERR6281344.12	cancer_type	Other	-0.00945995864769095	0.0139268792807903	624	2	0.509723301321607	0.779372340902734
metabat_SRR25825494.2	response	R	-0.00364767560937162	0.00324756291849866	624	1	0.261785257805408	0.779372340902734
metabat_SRR25825494.2	cancer_type	Other	-0.00402464989677221	0.00634505258234895	624	1	0.548465665000368	0.779372340902734
metabat_SRR25825516.20	response	R	-0.0036476756093736	0.00324756291849541	624	1	0.261785257804642	0.779372340902734
metabat_SRR25825516.20	cancer_type	Other	-0.00402464989785202	0.0063450525845595	624	1	0.548465664736135	0.779372340902734
metabat_SRR23364197.35	response	R	-0.00772659113408658	0.00984938260762799	624	2	0.433060778374595	0.779372340902734
metabat_SRR23364197.35	cancer_type	Other	0.0224439813325074	0.0108985013678173	624	2	0.0398757259095731	0.779372340902734
maxbin_SRR16554657.029_sub	response	R	0.00271740377393028	0.00325038974549854	624	1	0.403462970573619	0.779372340902734
maxbin_SRR16554657.029_sub	cancer_type	Other	-0.00213741563420446	0.00359660889402551	624	1	0.552537030730075	0.779372340902734
metabat_SRR11413648.43	response	R	0.00274047096882456	0.00324799128606191	624	1	0.399138343133389	0.779372340902734
metabat_SRR11413648.43	cancer_type	Other	0.00693748191566835	0.00461480528320338	624	1	0.186854706335531	0.779372340902734
semibin_SRR5930498.139	response	R	0.0088516142028966	0.00810678894614165	624	2	0.275311433208883	0.779372340902734
semibin_SRR5930498.139	cancer_type	Other	-0.0118645970481282	0.0175726050256209	624	2	0.516825208626648	0.779372340902734
metabat_SRR13068841.46	response	R	0.00896709960639629	0.00789421926531465	624	2	0.25643537418981	0.779372340902734
metabat_SRR13068841.46	cancer_type	Other	0.0130005975633038	0.0103339932717904	624	2	0.263531350537338	0.779372340902734
metabat_SRR20881975.20	response	R	-0.0149615014848028	0.00826503989047635	624	2	0.0707507790676373	0.779372340902734
metabat_SRR20881975.20	cancer_type	Other	0.0340788461068161	0.0277421109116644	624	2	0.260202497169024	0.779372340902734
metabat_ERR6279679.47_sub	response	R	0.00271740377408824	0.00325038974549854	624	1	0.403462970546302	0.779372340902734
metabat_ERR6279679.47_sub	cancer_type	Other	-0.00213741563423336	0.00359660889402552	624	1	0.552537030724706	0.779372340902734
semibin_SRR23364230.42_sub	response	R	0.0160186475078871	0.00995627478522005	624	4	0.108147984176283	0.779372340902734
semibin_SRR23364230.42_sub	cancer_type	Other	0.0355682890827234	0.0236766070115469	624	4	0.166800590411526	0.779372340902734
semibin_SRR11413618.88_sub	response	R	-0.00391848149912834	0.00324645635647922	624	1	0.227891209765633	0.779372340902734
semibin_SRR11413618.88_sub	cancer_type	Other	0.00700454270808481	0.0047651421445614	624	1	0.190806922637301	0.779372340902734
semibin_SRR5930528.96_sub	response	R	-0.0133559691482258	0.00858527933108474	624	2	0.12029315996101	0.779372340902734
semibin_SRR5930528.96_sub	cancer_type	Other	-0.0114960761472958	0.0138132221964428	624	2	0.434773114068289	0.779372340902734
maxbin_SRR11413678.054_sub	response	R	0.0027404709743741	0.00324799128591572	624	1	0.399138342157953	0.779372340902734
maxbin_SRR11413678.054_sub	cancer_type	Other	0.00693748188343821	0.00461480523263774	624	1	0.186854704090423	0.779372340902734
maxbin_ERR6279628.046_sub	response	R	-0.00386539788205372	0.00324851725981451	624	1	0.234541954596349	0.779372340902734
maxbin_ERR6279628.046_sub	cancer_type	Other	-0.00230720556868428	0.00359453695829091	624	1	0.521198035207889	0.779372340902734
metabat_SRR23364187.7	response	R	0.00288719370876361	0.00324421195298838	624	1	0.373836158776241	0.779372340902734
metabat_SRR23364187.7	cancer_type	Other	0.00592242248577845	0.00358977306656259	624	1	0.0994886788712556	0.779372340902734
semibin_SRR5930503.75	response	R	0.00761221559668963	0.00670626384685984	624	2	0.256775580855007	0.779372340902734
metabat_ERR6279672.58_sub	response	R	-0.00932106398462328	0.00565048207137068	624	2	0.0995308509240866	0.779372340902734
metabat_ERR6279672.58_sub	cancer_type	Other	-0.00508284289858223	0.00671616085622634	624	2	0.463856678888658	0.779372340902734
maxbin_SRR13068822.002	response	R	0.00305072645922669	0.00324838685700451	624	1	0.348018609980705	0.779372340902734
maxbin_SRR13068822.002	cancer_type	Other	-0.00415001388533069	0.00645576518809096	624	1	0.542520343292262	0.779372340902734
maxbin_SRR13022455.008	response	R	0.00305072645782597	0.00324838685703426	624	1	0.348018610206272	0.779372340902734
maxbin_SRR13022455.008	cancer_type	Other	-0.00415001387976561	0.00645576516977265	624	1	0.542520342583354	0.779372340902734
maxbin_SRR13068815.034	response	R	0.00824977950563308	0.00681157503322623	624	2	0.226302204327467	0.779372340902734
maxbin_SRR13068815.034	cancer_type	Other	-0.00802783071772861	0.0108002391935236	624	2	0.500855391615875	0.779372340902734
semibin_ERR6281000.14	response	R	-0.00817998254440122	0.00976628819454555	624	2	0.402593680003496	0.779372340902734
semibin_ERR6281000.14	cancer_type	Other	-0.00828375216952724	0.0111937146467724	624	2	0.473713616871118	0.779372340902734
semibin_SRR5930510.14_sub	response	R	-0.00394210089542317	0.00325137309181195	624	1	0.225804396722061	0.779372340902734
semibin_SRR5930510.14_sub	cancer_type	Other	-0.00324515972441259	0.00529090139112328	624	1	0.561652243591367	0.779372340902734
semibin_ERR6280899.37_sub	response	R	0.0170625006611738	0.0122172803658235	624	3	0.163037400733981	0.779372340902734
semibin_ERR6280899.37_sub	cancer_type	Other	-0.0109073107040713	0.0158163766974786	624	3	0.502479209411672	0.779372340902734
semibin_SRR11413649.56	response	R	0.00274047097284657	0.00324799128596591	624	1	0.399138342427888	0.779372340902734
semibin_SRR11413649.56	cancer_type	Other	0.00693748189499069	0.00461480525000301	624	1	0.186854704285642	0.779372340902734
maxbin_ERR6281518.036_sub	cancer_type	Other	-0.00727666989217847	0.0103414727817613	624	2	0.494904160514855	0.779372340902734
semibin_ERR6279670.74	response	R	-0.00386539788216761	0.00324851725981453	624	1	0.234541954582579	0.779372340902734
semibin_ERR6279670.74	cancer_type	Other	-0.00230720556883557	0.00359453695829093	624	1	0.521198035180579	0.779372340902734
maxbin_SRR16554651.012_sub	response	R	0.0142880953458639	0.0142061274154896	624	2	0.314918000000646	0.779372340902734
maxbin_SRR16554651.012_sub	cancer_type	Other	-0.01123852062815	0.0157193100559615	624	2	0.47490862771955	0.779372340902734
maxbin_ERR6281434.014	response	R	-0.0108614899595129	0.0118997034483053	624	2	0.361727949905666	0.779372340902734
maxbin_ERR6281434.014	cancer_type	Other	-0.0099937594815206	0.0134377432731932	624	2	0.471731385463	0.779372340902734
metabat_SRR13068843.1	response	R	-0.00394210089496864	0.00325137309181238	624	1	0.225804396775578	0.779372340902734
metabat_SRR13068843.1	cancer_type	Other	-0.00324515972425012	0.0052909013917217	624	1	0.561652243657475	0.779372340902734
metabat_SRR16554766.26	response	R	0.00271740377410041	0.00325038974549858	624	1	0.403462970544203	0.779372340902734
metabat_SRR16554766.26	cancer_type	Other	-0.00213741563422389	0.00359660889402557	624	1	0.552537030726469	0.779372340902734
metabat_SRR6000892.59	response	R	-0.016102217678702	0.0118460941169515	624	2	0.174551155302563	0.779372340902734
metabat_SRR6000892.59	cancer_type	Other	-0.0122325046360463	0.0167101675878598	624	2	0.506807914743355	0.779372340902734
maxbin_SRR5930526.025	response	R	-0.0039421008952745	0.00325137309181228	624	1	0.225804396739597	0.779372340902734
maxbin_SRR5930526.025	cancer_type	Other	-0.00324515972469306	0.00529090139157537	624	1	0.561652243611782	0.779372340902734
maxbin_SRR13068833.023	response	R	0.0152710242132029	0.00954513028299813	624	4	0.11013690505609	0.779372340902734
maxbin_SRR13068833.023	cancer_type	Other	0.00830750965164801	0.0120943983349977	624	4	0.519357577958017	0.779372340902734
metabat_SRR23364197.77_sub	response	R	0.0104653365630662	0.0161746514859878	624	4	0.517859157896402	0.779372340902734
metabat_SRR23364197.77_sub	cancer_type	Other	-0.0225800313195913	0.0205529986591666	624	4	0.340633424340333	0.779372340902734
maxbin_ERR6279661.029_sub	response	R	0.00271740377423932	0.00325038974549854	624	1	0.403462970520173	0.779372340902734
maxbin_ERR6279661.029_sub	cancer_type	Other	-0.00213741563402066	0.00359660889402552	624	1	0.552537030764229	0.779372340902734
metabat_ERR6273965.36	response	R	-0.00386539788236829	0.00324851725981453	624	1	0.234541954558315	0.779372340902734
metabat_ERR6273965.36	cancer_type	Other	-0.00230720556884624	0.00359453695829093	624	1	0.521198035178652	0.779372340902734
maxbin_SRR5930506.066	response	R	0.00272085532265437	0.00325333993205702	624	1	0.403292843275703	0.779372340902734
maxbin_SRR5930506.066	cancer_type	Other	-0.00324967591489148	0.00523786726484247	624	1	0.557217299772012	0.779372340902734
metabat_SRR13022359.15	response	R	-0.0143971222318491	0.00832285511981604	624	2	0.0841581016940346	0.779372340902734
metabat_SRR13022359.15	cancer_type	Other	-0.0133899478066819	0.016639011930422	624	2	0.449640288692271	0.779372340902734
maxbin_SRR20881987.022	response	R	-0.00460237665212172	0.00319639299891156	624	1	0.1504150862085	0.779372340902734
maxbin_SRR20881987.022	cancer_type	Other	0.0161552958360564	0.0116329984950302	624	1	0.207318089704604	0.779372340902734
metabat_ERR6279622.50_sub	response	R	0.00271740377392184	0.00325038974549855	624	1	0.40346297057508	0.779372340902734
metabat_ERR6279622.50_sub	cancer_type	Other	-0.00213741563417904	0.00359660889402553	624	1	0.5525370307348	0.779372340902734
semibin_SRR16168913.53	response	R	-0.00446185316198692	0.00324339856993113	624	1	0.169420173551291	0.779372340902734
semibin_SRR16168913.53	cancer_type	Other	-0.00433937523150986	0.00696179972827803	624	1	0.554031864928724	0.779372340902734
semibin_SRR23364171.10_sub	response	R	-0.0125845654907986	0.00992780417000728	624	3	0.205414188627612	0.779372340902734
semibin_SRR23364171.10_sub	cancer_type	Other	0.0109580879543722	0.0138440088644744	624	3	0.464397541721622	0.779372340902734
maxbin_ERR6275663.072_sub	response	R	0.0027174037741254	0.00325038974549857	624	1	0.403462970539881	0.779372340902734
maxbin_ERR6275663.072_sub	cancer_type	Other	-0.00213741563417379	0.00359660889402555	624	1	0.552537030735779	0.779372340902734
semibin_SRR5930532.10	cancer_type	Other	-0.016054726543923	0.0166733532916926	624	3	0.363238970051894	0.779372340902734
metabat_SRR5930501.45	response	R	-0.00394210089045388	0.00325137309174934	624	1	0.225804397297452	0.779372340902734
metabat_SRR5930501.45	cancer_type	Other	-0.00324515970174615	0.00529090130511724	624	1	0.561652240212425	0.779372340902734
metabat_SRR13068847.1	response	R	-0.0121721267802724	0.00967703955970283	624	3	0.208925135906093	0.779372340902734
metabat_SRR13068847.1	cancer_type	Other	0.01043326377266	0.0134424242234031	624	3	0.473050534989732	0.779372340902734
metabat_SRR23364187.55	response	R	0.00271740377425813	0.00325038974549853	624	1	0.403462970516918	0.779372340902734
metabat_SRR23364187.55	cancer_type	Other	-0.00213741563397988	0.00359660889402551	624	1	0.552537030771804	0.779372340902734
maxbin_ERR6279669.016	response	R	0.0027174037743691	0.00325038974549856	624	1	0.403462970497732	0.779372340902734
maxbin_ERR6279669.016	cancer_type	Other	-0.00213741563382499	0.00359660889402554	624	1	0.552537030800589	0.779372340902734
metabat_SRR23364213.78_sub	response	R	-0.008875051244891	0.00501297062577172	624	2	0.0771495185054484	0.779372340902734
metabat_SRR23364213.78_sub	cancer_type	Other	-0.00768727020340239	0.0117981436372056	624	2	0.530677391630397	0.779372340902734
maxbin_SRR13022287.006_sub	response	R	-0.00394210089514284	0.00325137309181207	624	1	0.225804396755046	0.779372340902734
maxbin_SRR13022287.006_sub	cancer_type	Other	-0.00324515972423278	0.00529090139128842	624	1	0.561652243734238	0.779372340902734
maxbin_SRR16168985.035	response	R	0.00227841085358192	0.00324765308617235	624	1	0.483219245396294	0.779372340902734
maxbin_SRR16168985.035	cancer_type	Other	-0.0043620015636355	0.00666531760387993	624	1	0.53602992766311	0.779372340902734
semibin_SRR5930504.110	response	R	0.00272085532166851	0.00325333993211312	624	1	0.403292843454093	0.779372340902734
semibin_SRR5930504.110	cancer_type	Other	-0.00324967593690682	0.00523786732831422	624	1	0.557217301764949	0.779372340902734
metabat_SRR16554652.33	response	R	0.00271740377390664	0.00325038974549854	624	1	0.403462970577707	0.779372340902734
metabat_SRR16554652.33	cancer_type	Other	-0.00213741563419042	0.00359660889402552	624	1	0.552537030732682	0.779372340902734
maxbin_ERR6282298.014_sub	response	R	0.002717403774091	0.00325038974549854	624	1	0.403462970545825	0.779372340902734
maxbin_ERR6282298.014_sub	cancer_type	Other	-0.00213741563424427	0.00359660889402551	624	1	0.552537030722676	0.779372340902734
metabat_SRR5930498.54	cancer_type	Other	-0.00782724066879396	0.00861338656147778	624	2	0.396190805756744	0.779372340902734
semibin_SRR5930497.42	response	R	0.00272085532279113	0.00325333993205134	624	1	0.403292843251255	0.779372340902734
semibin_SRR5930497.42	cancer_type	Other	-0.00324967591261281	0.00523786725841752	624	1	0.557217299625747	0.779372340902734
metabat_ERR6280899.36	cancer_type	Other	-0.00443866234901966	0.00612770896875552	624	2	0.482408408079518	0.779372340902734
maxbin_ERR6282298.026_sub	response	R	0.00271740377456249	0.00325038974549855	624	1	0.403462970464289	0.779372340902734
maxbin_ERR6282298.026_sub	cancer_type	Other	-0.00213741563387678	0.00359660889402553	624	1	0.552537030790963	0.779372340902734
semibin_ERR6280899.71	response	R	0.00271740377425813	0.00325038974549854	624	1	0.40346297051692	0.779372340902734
semibin_ERR6280899.71	cancer_type	Other	-0.00213741563397988	0.00359660889402552	624	1	0.552537030771806	0.779372340902734
semibin_SRR20881977.25_sub	response	R	0.00215109286752671	0.00320130653845756	624	1	0.501873240066174	0.779372340902734
semibin_SRR20881977.25_sub	cancer_type	Other	0.0158823557250326	0.0114099513775974	624	1	0.206909211180646	0.779372340902734
metabat_ERR6232524.57	response	R	0.00271740377425813	0.00325038974549854	624	1	0.403462970516921	0.779372340902734
metabat_ERR6232524.57	cancer_type	Other	-0.00213741563397988	0.00359660889402552	624	1	0.552537030771805	0.779372340902734
metabat_ERR6273965.30_sub	response	R	-0.00386539788180737	0.00324851725981453	624	1	0.234541954626139	0.779372340902734
metabat_ERR6273965.30_sub	cancer_type	Other	-0.00230720556863579	0.00359453695829093	624	1	0.521198035216642	0.779372340902734
metabat_SRR5930503.100	response	R	0.0027208553213264	0.00325333993211287	624	1	0.403292843513156	0.779372340902734
metabat_SRR5930503.100	cancer_type	Other	-0.00324967593733403	0.00523786732802906	624	1	0.557217301684399	0.779372340902734
metabat_SRR5930504.14_sub	response	R	0.00272085532178659	0.00325333993211279	624	1	0.403292843433648	0.779372340902734
metabat_SRR5930504.14_sub	cancer_type	Other	-0.00324967593653116	0.00523786732794698	624	1	0.557217301755434	0.779372340902734
maxbin_ERR6264280.027_sub	response	R	0.00271740377387271	0.00325038974549855	624	1	0.403462970583579	0.779372340902734
maxbin_ERR6264280.027_sub	cancer_type	Other	-0.00213741563423892	0.00359660889402552	624	1	0.552537030723675	0.779372340902734
maxbin_SRR13068829.013	response	R	-0.00386539788216808	0.00324851725981453	624	1	0.234541954582522	0.779372340902734
maxbin_SRR13068829.013	cancer_type	Other	-0.00230720556885756	0.00359453695829092	624	1	0.521198035176607	0.779372340902734
metabat_ERR6271721.36	response	R	-0.00386539788239539	0.00324851725981453	624	1	0.234541954555038	0.779372340902734
metabat_ERR6271721.36	cancer_type	Other	-0.00230720556885427	0.00359453695829092	624	1	0.521198035177202	0.779372340902734
semibin_SRR5930494.52	response	R	0.00272085532167694	0.00325333993211314	624	1	0.403292843452639	0.779372340902734
semibin_SRR5930494.52	cancer_type	Other	-0.0032496759369929	0.00523786732834146	624	1	0.557217301829796	0.779372340902734
metabat_SRR23364230.26_sub	response	R	0.00288719370853867	0.00324421195298838	624	1	0.373836158813442	0.779372340902734
metabat_SRR23364230.26_sub	cancer_type	Other	0.0059224224857525	0.00358977306656259	624	1	0.0994886788727375	0.779372340902734
semibin_SRR13068815.3	response	R	-0.00386539788170277	0.00324851725981454	624	1	0.234541954638787	0.779372340902734
semibin_SRR13068815.3	cancer_type	Other	-0.00230720556849939	0.00359453695829093	624	1	0.521198035241268	0.779372340902734
metabat_ERR6281518.98	response	R	0.00271740377413127	0.00325038974549856	624	1	0.403462970538864	0.779372340902734
metabat_ERR6281518.98	cancer_type	Other	-0.00213741563417913	0.00359660889402554	624	1	0.552537030734783	0.779372340902734
maxbin_ERR6279681.050	response	R	0.00271740377426136	0.00325038974549856	624	1	0.403462970516364	0.779372340902734
maxbin_ERR6279681.050	cancer_type	Other	-0.0021374156339688	0.00359660889402553	624	1	0.552537030773865	0.779372340902734
semibin_ERR6281343.34	response	R	0.0027174037742394	0.00325038974549854	624	1	0.403462970520159	0.779372340902734
semibin_ERR6281343.34	cancer_type	Other	-0.00213741563401699	0.00359660889402552	624	1	0.552537030764907	0.779372340902734
semibin_SRR13068816.46	response	R	0.00271740377423003	0.00325038974549855	624	1	0.403462970521782	0.779372340902734
semibin_SRR13068816.46	cancer_type	Other	-0.00213741563403555	0.00359660889402552	624	1	0.552537030761463	0.779372340902734
metabat_SRR5930499.34	response	R	0.00272085532118843	0.00325333993211315	624	1	0.403292843537029	0.779372340902734
metabat_SRR5930499.34	cancer_type	Other	-0.00324967593709315	0.00523786732835947	624	1	0.557217301535257	0.779372340902734
semibin_SRR5930518.15	response	R	-0.00394210089486332	0.00325137309181211	624	1	0.225804396787915	0.779372340902734
semibin_SRR5930518.15	cancer_type	Other	-0.00324515972398884	0.00529090139134166	624	1	0.561652243669348	0.779372340902734
semibin_SRR5930498.100_sub	response	R	0.00272085532293322	0.0032533399320476	624	1	0.403292843226173	0.779372340902734
semibin_SRR5930498.100_sub	cancer_type	Other	-0.00324967591074148	0.00523786725418224	624	1	0.557217299534475	0.779372340902734
semibin_SRR13068830.15	response	R	-0.00386539788231202	0.00324851725981453	624	1	0.23454195456512	0.779372340902734
semibin_SRR13068830.15	cancer_type	Other	-0.00230720556873123	0.00359453695829093	624	1	0.521198035199416	0.779372340902734
maxbin_ERR6275674.053_sub	response	R	0.0162037746522564	0.0163795290522449	624	2	0.322917791749751	0.779372340902734
maxbin_ERR6275674.053_sub	cancer_type	Other	-0.0124666238354805	0.0184021595075075	624	2	0.510978245824541	0.779372340902734
metabat_ERR6279664.52_sub	response	R	0.00271740377386365	0.00325038974549855	624	1	0.403462970585147	0.779372340902734
metabat_ERR6279664.52_sub	cancer_type	Other	-0.00213741563424281	0.00359660889402553	624	1	0.55253703072295	0.779372340902734
metabat_SRR13068827.9	response	R	-0.00386539788195496	0.00324851725981454	624	1	0.234541954608288	0.779372340902734
metabat_SRR13068827.9	cancer_type	Other	-0.00230720556854069	0.00359453695829094	624	1	0.521198035233811	0.779372340902734
semibin_SRR13068824.63	response	R	0.00274047097552916	0.00324799128589333	624	1	0.399138341956086	0.779372340902734
semibin_SRR13068824.63	cancer_type	Other	0.00693748187874684	0.00461480522489536	624	1	0.186854703665995	0.779372340902734
metabat_SRR13068852.6	response	R	0.00936343180053308	0.00845189062236966	624	2	0.268356489751888	0.779372340902734
metabat_SRR13068852.6	cancer_type	Other	-0.00676908472617069	0.00992981139595218	624	2	0.508024505723871	0.779372340902734
semibin_SRR13068838.31	response	R	-0.00386539788231478	0.00324851725981453	624	1	0.234541954564789	0.779372340902734
semibin_SRR13068838.31	cancer_type	Other	-0.00230720556872031	0.00359453695829093	624	1	0.521198035201386	0.779372340902734
semibin_ERR6281000.29	response	R	-0.00386539788193292	0.00324851725981452	624	1	0.234541954610956	0.779372340902734
semibin_ERR6281000.29	cancer_type	Other	-0.00230720556848884	0.00359453695829092	624	1	0.521198035243173	0.779372340902734
metabat_SRR23364216.13	response	R	-0.0122534955153445	0.0143225412347383	624	3	0.392587277597664	0.779372340902734
metabat_SRR23364216.13	cancer_type	Other	-0.0156397762083433	0.0165330718573152	624	3	0.418730013208389	0.779372340902734
metabat_SRR5930499.2	response	R	0.00272085532116149	0.00325333993211279	624	1	0.403292843541628	0.779372340902734
metabat_SRR5930499.2	cancer_type	Other	-0.00324967593697725	0.0052378673279397	624	1	0.557217301668703	0.779372340902734
semibin_SRR13068815.43	response	R	-0.00386539788232683	0.00324851725981454	624	1	0.234541954563333	0.779372340902734
semibin_SRR13068815.43	cancer_type	Other	-0.00230720556872429	0.00359453695829093	624	1	0.52119803520067	0.779372340902734
metabat_SRR16168918.66	response	R	0.00227841090037971	0.00324765308688474	624	1	0.483219236509342	0.779372340902734
metabat_SRR16168918.66	cancer_type	Other	-0.00436200144115986	0.00666531722804055	624	1	0.536029915918242	0.779372340902734
metabat_ERR6281432.29	response	R	-0.00386539788178404	0.00324851725981453	624	1	0.234541954628955	0.779372340902734
metabat_ERR6281432.29	cancer_type	Other	-0.0023072055686645	0.00359453695829093	624	1	0.521198035211461	0.779372340902734
maxbin_ERR6280899.036_sub	response	R	0.00271740377450909	0.00325038974549855	624	1	0.403462970473523	0.779372340902734
maxbin_ERR6280899.036_sub	cancer_type	Other	-0.00213741563399722	0.00359660889402552	624	1	0.552537030768586	0.779372340902734
maxbin_SRR5930516.050	response	R	0.00272085532170964	0.00325333993211284	624	1	0.403292843446953	0.779372340902734
maxbin_SRR5930516.050	cancer_type	Other	-0.00324967593686712	0.00523786732799782	624	1	0.557217301734106	0.779372340902734
semibin_SRR5930505.85	response	R	0.00272085532255417	0.00325333993204942	624	1	0.403292843291906	0.779372340902734
semibin_SRR5930505.85	cancer_type	Other	-0.00324967591187469	0.00523786725624281	624	1	0.557217299623024	0.779372340902734
metabat_SRR5930503.67	response	R	0.00272085532112029	0.00325333993211277	624	1	0.40329284354874	0.779372340902734
metabat_SRR5930503.67	cancer_type	Other	-0.0032496759371295	0.00523786732792236	624	1	0.557217301728823	0.779372340902734
semibin_SRR5930505.71	response	R	0.00272085532112187	0.00325333993211287	624	1	0.403292843548483	0.779372340902734
semibin_SRR5930505.71	cancer_type	Other	-0.00324967593718878	0.00523786732803104	624	1	0.55721730157356	0.779372340902734
semibin_SRR5930502.3	response	R	0.00272085532143197	0.00325333993211268	624	1	0.403292843494887	0.779372340902734
semibin_SRR5930502.3	cancer_type	Other	-0.00324967593686435	0.00523786732781465	624	1	0.557217301694303	0.779372340902734
maxbin_SRR5930520.046	response	R	-0.00394210089523879	0.00325137309181217	624	1	0.225804396743765	0.779372340902734
maxbin_SRR5930520.046	cancer_type	Other	-0.00324515972455441	0.00529090139142465	624	1	0.561652243644723	0.779372340902734
metabat_SRR5930502.18	response	R	0.00272085532131504	0.00325333993211317	624	1	0.40329284351516	0.779372340902734
metabat_SRR5930502.18	cancer_type	Other	-0.00324967593760746	0.0052378673283715	624	1	0.557217301743325	0.779372340902734
metabat_SRR5930502.48	response	R	0.00272085532284722	0.00325333993205007	624	1	0.403292843241381	0.779372340902734
metabat_SRR5930502.48	cancer_type	Other	-0.00324967591193599	0.0052378672569767	624	1	0.557217299569145	0.779372340902734
metabat_SRR13068829.18	response	R	0.00271740377391487	0.00325038974549855	624	1	0.403462970576287	0.779372340902734
metabat_SRR13068829.18	cancer_type	Other	-0.00213741563408397	0.00359660889402553	624	1	0.552537030752467	0.779372340902734
maxbin_SRR5930531.045_sub	response	R	0.00272085532101449	0.00325333993211296	624	1	0.403292843567044	0.779372340902734
maxbin_SRR5930531.045_sub	cancer_type	Other	-0.00324967593746589	0.00523786732813385	624	1	0.55721730162916	0.779372340902734
maxbin_SRR23364189.018	cancer_type	Other	-0.00469022080900612	0.00538350279089208	624	2	0.383970158227124	0.779372340902734
metabat_ERR6279657.2	response	R	0.00271740377457046	0.00325038974549855	624	1	0.403462970462905	0.779372340902734
metabat_ERR6279657.2	cancer_type	Other	-0.0021374156339242	0.00359660889402553	624	1	0.55253703078215	0.779372340902734
semibin_SRR23364175.28	response	R	-0.00394210089551973	0.00325137309181213	624	1	0.225804396710736	0.779372340902734
semibin_SRR23364175.28	cancer_type	Other	-0.00324515972484145	0.00529090139136723	624	1	0.561652243594342	0.779372340902734
maxbin_SRR16554777.008	response	R	-0.0389609168010697	0.0671347236438376	624	29	0.561896540156811	0.779566294488429
semibin_SRR16554777.37	response	R	0.0143945827361014	0.0248168501527783	624	4	0.562103002711494	0.779708079071889
semibin_SRR11413620.97	cancer_type	Other	0.153932598728717	0.25681070018992	624	26	0.563003421446839	0.780716502547161
semibin_SRR20881987.45	response	R	-0.0112068808515043	0.0193674263766626	624	4	0.563038793559353	0.780716502547161
maxbin_ERR6279626.022	response	R	-0.00879479410724765	0.0152062150748038	624	3	0.563225593949814	0.780830736291567
semibin_ERR12405974.73	cancer_type	Other	0.0233876556487318	0.0404546658987248	624	11	0.563392611499479	0.780860731265508
maxbin_SRR16554744.003	cancer_type	Other	-0.049048272576751	0.0807810592892625	624	31	0.563456071932158	0.780860731265508
semibin_SRR16554706.23	cancer_type	Other	0.433196170189064	0.727373570219882	624	416	0.564004974738585	0.781115023376976
semibin_SRR11413652.34	response	R	0.0343654605243948	0.0595762501715964	624	27	0.564262288297109	0.781115023376976
metabat_SRR25825502.19_sub	cancer_type	Other	-0.0330713884622136	0.0572687265250957	624	17	0.56382638656331	0.781115023376976
maxbin_ERR6281500.022	response	R	0.0570057549716491	0.0989124113507611	624	67	0.564605100484417	0.781115023376976
semibin_SRR23364174.31	cancer_type	Other	-0.164809188898377	0.275955486081206	624	60	0.564508833547547	0.781115023376976
maxbin_SRR25825512.008	cancer_type	Other	-0.0607145281778025	0.102054560370272	624	30	0.564422481936531	0.781115023376976
semibin_SRR5930502.38	response	R	-0.0286267528758334	0.0496436669373284	624	28	0.564388660387329	0.781115023376976
maxbin_ERR12405972.019	cancer_type	Other	-0.026950170945997	0.0438808860773855	624	12	0.564284588266137	0.781115023376976
metabat_SRR20881978.1_sub	response	R	0.0104931509398924	0.0182058302551307	624	3	0.564581544011296	0.781115023376976
semibin_SRR5930510.39	cancer_type	Other	-0.0371856113279129	0.0623398476322696	624	6	0.564684115589186	0.781115023376976
semibin_ERR6279661.58	response	R	0.0480394040100718	0.0834488861546116	624	26	0.565043690790948	0.781467860132182
metabat_ERR6230326.9	cancer_type	Other	-0.0930947855571011	0.155198731558341	624	39	0.565247997132107	0.78160586585686
semibin_SRR11413608.7	cancer_type	Other	-0.0398839738201731	0.0673344845463451	624	15	0.56564242212702	0.782006661613211
semibin_SRR16554648.6	response	R	-0.0479101144882002	0.083393012625738	624	47	0.565831001916324	0.782122778619273
semibin_ERR12405979.55	cancer_type	Other	0.0290146011978161	0.0392710148336983	624	7	0.566393669578346	0.782627326708029
semibin_ERR6232521.9	response	R	-0.0249470396472382	0.0434874576998674	624	21	0.566405334600676	0.782627326708029
semibin_SRR13068829.28_sub	response	R	0.0226507879091152	0.0395215658268093	624	19	0.566767747663859	0.782983413454709
metabat_SRR11413607.10	cancer_type	Other	-0.0834830825817673	0.139431684707008	624	38	0.567399940228925	0.783711997235298
metabat_SRR16554660.22	response	R	0.0193759670182158	0.0338770971003729	624	9	0.567563592074537	0.783793267134512
semibin_SRR16554671.9	response	R	0.0913057695826642	0.159824623728515	624	213	0.568012534761865	0.784268414872457
maxbin_SRR13022364.001	response	R	-0.00352117149922652	0.00616706641822595	624	2	0.568230755680373	0.784424882956955
semibin_ERR6281499.45	response	R	-0.0669612324466752	0.117326324191414	624	45	0.568391564192583	0.784502051870087
semibin_ERR6275668.86	cancer_type	Other	0.0633939215346317	0.101608845459446	624	37	0.569764094837613	0.784817720719586
metabat_SRR16554763.38	response	R	0.0295717228911019	0.0519359371078615	624	15	0.569298595354282	0.784817720719586
semibin_SRR16554712.24	cancer_type	Other	0.0384277253206151	0.0643927278976192	624	16	0.569981521303747	0.784817720719586
semibin_SRR16554652.37	cancer_type	Other	-0.0420935555920155	0.0709223502880893	624	12	0.569558316241198	0.784817720719586
metabat_SRR16554657.23	cancer_type	Other	0.034348931764957	0.0545047173868875	624	7	0.569979278201723	0.784817720719586
semibin_SRR16554734.17	cancer_type	Other	-0.0179474451728227	0.0315228016409079	624	7	0.569325847978278	0.784817720719586
maxbin_SRR5930530.047	cancer_type	Other	-0.031173747298383	0.0524561550848355	624	7	0.569616536544857	0.784817720719586
metabat_SRR6000949.29	cancer_type	Other	-0.0296326922072154	0.0489298678736486	624	13	0.570089577286546	0.784817720719586
metabat_ERR6275678.3	cancer_type	Other	-0.0180304274875344	0.0307242505069322	624	5	0.568963593847462	0.784817720719586
semibin_SRR23364194.25	response	R	0.00871852458950825	0.015339338260853	624	2	0.569985319687956	0.784817720719586
semibin_ERR6232521.2	response	R	0.00873703051873318	0.0153611907873623	624	2	0.569716575723049	0.784817720719586
metabat_SRR5930526.94	response	R	0.0191986498651548	0.0337632047604957	624	12	0.569816683153774	0.784817720719586
semibin_ERR6281341.3	cancer_type	Other	-0.0172213693150338	0.027995265765112	624	5	0.569680960916756	0.784817720719586
semibin_SRR23364227.44	response	R	-0.00639014086206835	0.0112363027481093	624	3	0.569761998342123	0.784817720719586
metabat_ERR6281500.12	response	R	0.0499276374299504	0.0879132026988255	624	44	0.570295401720836	0.784956564341691
semibin_SRR11413652.68	response	R	0.0162692307219118	0.0286690932998959	624	11	0.570592908922111	0.785221526116958
semibin_ERR6232521.7	cancer_type	Other	0.0492750966409762	0.0847046352593114	624	22	0.570929086243024	0.785539596490401
semibin_SRR23364235.6	cancer_type	Other	-0.0167287194062677	0.0280393626687678	624	4	0.571485817469384	0.786160953465058
semibin_ERR12405916.16	cancer_type	Other	-0.197862847446152	0.336791710442726	624	112	0.57170642057756	0.786319774338605
semibin_ERR6230326.3	response	R	0.0743094629318419	0.131391979384572	624	165	0.571902841993311	0.786399582998648
semibin_ERR6279647.53	response	R	0.00544867685226443	0.00963606244045331	624	6	0.57197477025002	0.786399582998648
semibin_SRR6000910.14	response	R	0.0804268011367565	0.14230163219614	624	171	0.572154369863841	0.786432892939897
metabat_ERR6281341.65	cancer_type	Other	-0.06011727284646	0.100655191239957	624	20	0.572209330099756	0.786432892939897
metabat_SRR6000920.5_sub	response	R	0.0242787777588552	0.0430182098246496	624	17	0.572699632633906	0.786962119227553
maxbin_SRR11413687.052	cancer_type	Other	0.0164129737932072	0.0274825979880438	624	5	0.573217279817301	0.787528719175782
semibin_SRR16168930.38	cancer_type	Other	-0.0897771581502158	0.15337610272755	624	44	0.573349155844724	0.787565207091633
metabat_ERR6275679.20	cancer_type	Other	-0.0511742989059445	0.081740156965009	624	24	0.573954158950567	0.78811056160314
metabat_SRR13068843.68	cancer_type	Other	-0.381324100970753	0.654359523684644	624	92	0.574348415931398	0.78811056160314
semibin_ERR12405937.35	response	R	-0.013115053022764	0.0233167052618492	624	4	0.573995728170512	0.78811056160314
semibin_SRR5930517.103	response	R	-0.0442682798211044	0.0787921307063702	624	35	0.574432266220444	0.78811056160314
semibin_SRR11413608.95	response	R	0.0203334280302423	0.0361928042199963	624	12	0.574451147328203	0.78811056160314
metabat_SRR16554658.17	response	R	0.0152770335443613	0.0271799247955555	624	8	0.574270807643158	0.78811056160314
semibin_SRR5930527.83_sub	cancer_type	Other	0.0347664776091852	0.0591956970973468	624	9	0.574483908972816	0.78811056160314
semibin_ERR6279661.41	response	R	0.0118705028516663	0.0211497510620915	624	7	0.574823163531944	0.788431331051335
metabat_ERR12405956.11	response	R	-0.055402563174969	0.0987787698793704	624	52	0.575084983881035	0.788501193520788
semibin_SRR11413684.68	response	R	0.00811923548286146	0.0144748269142126	624	2	0.575054128710596	0.788501193520788
metabat_ERR12405982.7	cancer_type	Other	0.0217152090304094	0.0387562832853224	624	8	0.575475778950138	0.788892369383893
semibin_ERR12405929.26	response	R	-0.0128153677864321	0.0228806344423163	624	4	0.575615465978737	0.788939232879215
semibin_SRR25825500.32	response	R	-0.0108695056732146	0.0194211094061511	624	3	0.57590307522537	0.789044191376936
semibin_ERR6281941.108	response	R	-0.0125392523283474	0.0224006749552219	624	4	0.575837671060478	0.789044191376936
semibin_SRR16168900.48	cancer_type	Other	0.084181018326782	0.142847678509617	624	15	0.576214437080991	0.7893261697182
semibin_ERR6281518.131	response	R	-0.00345399577531179	0.00617835675079138	624	2	0.576331306676352	0.789341668740982
maxbin_SRR23364191.039_sub	cancer_type	Other	0.0920825344040692	0.158345586074711	624	63	0.576701451834695	0.789703984035863
maxbin_SRR16554656.002	response	R	-0.053610833105065	0.0962533335963908	624	35	0.57774443554513	0.790870072517163
metabat_ERR12406009.18	response	R	-0.0326109052820339	0.0585598228482364	624	21	0.577810558212529	0.790870072517163
metabat_ERR6279676.21	cancer_type	Other	0.0163032926164873	0.0292889171521773	624	4	0.577976055938258	0.790870072517163
maxbin_SRR13068819.002	cancer_type	Other	0.0236842005325906	0.0413012599150071	624	10	0.577963818668085	0.790870072517163
metabat_SRR23364216.19_sub	cancer_type	Other	-0.242047886279648	0.419165711581878	624	60	0.578253199134013	0.790959835947348
metabat_SRR6000895.39	response	R	-0.00664477376116755	0.0119439154117955	624	5	0.578185621456238	0.790959835947348
maxbin_SRR16554755.007_sub	response	R	-0.0759540393152113	0.136817594746518	624	129	0.578994393457926	0.791188434486286
maxbin_SRR8387707.004_sub	cancer_type	Other	-0.282791991308843	0.492063462464132	624	145	0.579143333986537	0.791188434486286
metabat_ERR6281586.4	cancer_type	Other	0.179908172537801	0.312417861912761	624	76	0.57877210314544	0.791188434486286
semibin_SRR16554693.10	response	R	-0.0411800993226909	0.0742190446625054	624	27	0.579200193047536	0.791188434486286
maxbin_SRR16554789.004	response	R	-0.0184211749959604	0.033224915842189	624	5	0.579478343899624	0.791188434486286
metabat_ERR6279652.15_sub	cancer_type	Other	-0.0803887836982874	0.141249990783758	624	32	0.579353834207078	0.791188434486286
metabat_SRR11413689.56	response	R	0.0212203164801997	0.0382301082653379	624	10	0.579047906864729	0.791188434486286
metabat_SRR11413653.56	response	R	-0.0207463641284423	0.0374091050290198	624	9	0.579382622651379	0.791188434486286
metabat_SRR13068829.1	response	R	-0.0312403114825988	0.0563050309683146	624	19	0.579203743666977	0.791188434486286
semibin_ERR6279669.21	cancer_type	Other	-0.0180344543783043	0.0305779514537091	624	10	0.579067654194757	0.791188434486286
maxbin_ERR6279657.062_sub	response	R	0.0157898443416993	0.0284893676980576	624	18	0.579617320310617	0.791233720570061
semibin_SRR11413683.27	response	R	0.0107316331023879	0.0193760789545247	624	4	0.579874930697494	0.791440907420307
semibin_SRR5930501.70	cancer_type	Other	-0.143146464558634	0.25001281653472	624	32	0.580269760752546	0.791726605558245
maxbin_SRR8387676.006	cancer_type	Other	0.0814871306003262	0.139949038507317	624	16	0.580296004956505	0.791726605558245
metabat_ERR6282298.15	response	R	0.0200526710287701	0.0362574836567215	624	22	0.580422033738148	0.791754098557802
semibin_ERR12405915.28	cancer_type	Other	-0.0678806580045245	0.118028790894394	624	17	0.580907595541789	0.791983044569097
semibin_ERR2162212.116	cancer_type	Other	-0.0239990193630081	0.0413189126482862	624	2	0.580852068899631	0.791983044569097
semibin_ERR6275676.34	response	R	-0.0299127350187037	0.0541266449562475	624	14	0.580706460913827	0.791983044569097
maxbin_SRR23364240.009_sub	cancer_type	Other	-0.206753115439676	0.362002537343026	624	91	0.581548222814078	0.79221669663799
metabat_SRR25825513.9	response	R	-0.0268125980604247	0.0486433645533984	624	22	0.581689607681539	0.79221669663799
maxbin_SRR16554749.005	cancer_type	Other	-0.0247886262685411	0.0432131214061411	624	8	0.581714613698744	0.79221669663799
metabat_SRR13068834.12	cancer_type	Other	-0.0146574282810634	0.024485250124828	624	7	0.581303930873071	0.79221669663799
semibin_ERR6279654.44_sub	response	R	0.012106483446611	0.0219572277278077	624	8	0.58158193567132	0.79221669663799
maxbin_SRR6000949.021_sub	response	R	0.0157637074965465	0.0285624974814977	624	13	0.581213975782092	0.79221669663799
metabat_SRR25825517.32	cancer_type	Other	-0.0343408389450808	0.0604212121395848	624	9	0.581833615461334	0.792234482232312
semibin_SRR16554784.78	response	R	0.0303296864065662	0.0550916170642222	624	20	0.582152662028614	0.79251933077707
metabat_SRR11413685.29	cancer_type	Other	0.00545261485708499	0.00930722405354909	624	2	0.582360754562717	0.79251933077707
metabat_SRR5930503.76	cancer_type	Other	0.0209187340852478	0.0380112446914581	624	14	0.582290839939091	0.79251933077707
metabat_SRR13068834.42	response	R	0.0324577805687677	0.0590693251018581	624	34	0.582871238988781	0.792925436630544
metabat_SRR20881983.26_sub	cancer_type	Other	0.11717299898997	0.205402534903694	624	26	0.582821225380312	0.792925436630544
maxbin_ERR6281433.007	response	R	-0.0279693477404856	0.0509361264699922	624	31	0.58313082055797	0.793134280853493
semibin_SRR5930529.25	cancer_type	Other	-0.0785456843208762	0.138378356408535	624	15	0.583286229308708	0.793201386210314
semibin_SRR5930518.30	response	R	0.0523275872579064	0.0954208825784331	624	68	0.583624693520252	0.793228909150208
metabat_ERR2162205.19	response	R	-0.00977977516480338	0.0178303495764319	624	5	0.583552422667576	0.793228909150208
maxbin_SRR5930504.019	response	R	0.0229248594059097	0.0418020761143496	624	13	0.583604504715557	0.793228909150208
metabat_ERR12405959.36	cancer_type	Other	-0.038477541838245	0.0702123181895542	624	18	0.583877178243246	0.793427864601671
semibin_SRR23364237.9	response	R	-0.0304469483132844	0.0556051675284792	624	21	0.584193494011629	0.793713471696759
semibin_ERR12405912.39_sub	cancer_type	Other	0.0239795179737744	0.043814255322976	624	8	0.584369647483219	0.793808578361401
maxbin_SRR16554673.003	response	R	-0.0211442897164883	0.0386646550078367	624	12	0.584669430798633	0.793927365809365
semibin_SRR5930498.22	cancer_type	Other	0.00907260818609448	0.0165876594478455	624	4	0.58461006847209	0.793927365809365
metabat_ERR6279651.8	cancer_type	Other	0.119031388636474	0.212209595520466	624	70	0.585430763388014	0.794528357280502
metabat_SRR16554651.36	response	R	0.0158498913427272	0.0290344906218893	624	9	0.585332023940884	0.794528357280502
maxbin_ERR6275668.045	response	R	-0.0110573787420974	0.0202512655021279	624	7	0.585256116569103	0.794528357280502
maxbin_SRR23364177.015	cancer_type	Other	-0.0243596985643152	0.0432783683905159	624	23	0.585538986133395	0.794531035802128
maxbin_ERR6282137.011_sub	response	R	-0.0300146891237687	0.0550696198278861	624	22	0.58592739019793	0.794769639742449
maxbin_SRR16554633.011	response	R	0.0143074040519939	0.0262488694571727	624	7	0.585903602727044	0.794769639742449
maxbin_ERR12405972.021	cancer_type	Other	0.046467324469652	0.0824067222799393	624	12	0.586352388243958	0.795201878724759
maxbin_SRR16168974.016_sub	cancer_type	Other	-0.318519996848491	0.56544995050613	624	71	0.58695350995197	0.795660951343046
maxbin_SRR5930514.007	cancer_type	Other	-0.0193439054812931	0.0343221935492873	624	3	0.587070533871653	0.795660951343046
semibin_ERR6279666.26	cancer_type	Other	-0.0284349736531641	0.0509837944523211	624	13	0.586849187820067	0.795660951343046
semibin_SRR16168940.27	cancer_type	Other	-0.0406248823321961	0.0713827384494494	624	7	0.58711649231224	0.795660951343046
maxbin_SRR11413687.043	cancer_type	Other	0.02151781924445	0.038312320305703	624	6	0.587255310789226	0.795704876622908
maxbin_SRR16554706.002	response	R	0.0164613012114658	0.0303251886172552	624	9	0.587445280467344	0.795818081038913
maxbin_ERR6264280.016_sub	response	R	0.0300002286600441	0.055413521594127	624	34	0.588435941799045	0.796438728103757
metabat_SRR16554627.12	cancer_type	Other	-0.0123035624747403	0.0217898573987494	624	6	0.588413838452779	0.796438728103757
semibin_ERR6281997.36	cancer_type	Other	-0.0334320706265878	0.0600872803581576	624	23	0.588060023111888	0.796438728103757
semibin_ERR12406001.48	response	R	-0.0148676068819501	0.0274611609421328	624	5	0.588422707845123	0.796438728103757
metabat_ERR6232524.25	cancer_type	Other	-0.0185982211272827	0.0327721160106207	624	9	0.588405089864873	0.796438728103757
semibin_SRR23364206.58	cancer_type	Other	-0.159361935383165	0.284923487480494	624	69	0.588656618241965	0.796449102806841
metabat_SRR13022375.2	cancer_type	Other	-0.0264586790397099	0.0471953827010433	624	9	0.588656142837714	0.796449102806841
semibin_ERR6281343.49	cancer_type	Other	-0.0846850734902109	0.15027585925207	624	34	0.588802487058206	0.796474869995605
metabat_ERR12406011.21	cancer_type	Other	-0.0198538390764226	0.0367168407352274	624	11	0.588888680958238	0.796474869995605
metabat_ERR12405928.45	response	R	-0.0104046937096631	0.0192564215947423	624	4	0.589202092908245	0.796754656558382
metabat_ERR12405920.28	response	R	-0.0204664545694686	0.0378950045621377	624	16	0.58933372325256	0.796788570327725
metabat_SRR23364171.31	cancer_type	Other	0.0826266370424498	0.147435781211677	624	25	0.589469810455223	0.796828496490266
maxbin_SRR13022355.014	response	R	-0.132783041083983	0.246334435148125	624	409	0.590056972629681	0.797041480250942
metabat_SRR16554665.10	cancer_type	Other	0.178482957334988	0.320510386633212	624	168	0.589917507731101	0.797041480250942
maxbin_ERR6233695.024_sub	cancer_type	Other	-0.122818604634364	0.220297151210837	624	31	0.590045392207582	0.797041480250942
metabat_SRR25825510.42_sub	cancer_type	Other	0.0761509942315937	0.134478160844075	624	14	0.589815738440704	0.797041480250942
metabat_ERR6280899.76	response	R	0.0239862377088763	0.044510974247662	624	12	0.590160293681394	0.797041480250942
semibin_SRR23364199.59	cancer_type	Other	-0.0122732066869383	0.0220983468200076	624	7	0.590396859935478	0.797216995051915
metabat_SRR16554627.12	response	R	-0.0093590553036815	0.0173874768766942	624	6	0.590588219976983	0.79733141523522
semibin_ERR6281518.116	response	R	0.0144657411935464	0.0268927384556373	624	10	0.590835406182067	0.797521149355505
semibin_ERR6232425.9	response	R	-0.0272219098647918	0.0506430525786106	624	19	0.591097621559762	0.797731098001065
maxbin_ERR6233695.024_sub	response	R	-0.0287515136747906	0.0535301109485925	624	31	0.591386436106407	0.797832900812504
semibin_ERR6279666.39	response	R	-0.012700001175728	0.0236413310443886	624	7	0.591325698284009	0.797832900812504
metabat_ERR6280948.5	cancer_type	Other	-0.10593800903121	0.190948360392035	624	31	0.591800787442144	0.797960023168474
maxbin_ERR6279673.036	cancer_type	Other	-0.363812013179268	0.654197297094888	624	97	0.591670879488935	0.797960023168474
semibin_ERR6232523.16	response	R	0.0266912547745446	0.0497453410421305	624	22	0.59176528489588	0.797960023168474
semibin_SRR11413656.47	response	R	0.0233986260778239	0.0436489390466923	624	27	0.592106357035633	0.798228112116903
semibin_SRR16554750.10	response	R	-0.0124298180048497	0.0232140629963814	624	4	0.592535823925476	0.798519173060859
metabat_ERR6279666.25	response	R	0.0108955574290361	0.0203471285029343	624	4	0.592507305368206	0.798519173060859
metabat_SRR16554651.15	response	R	0.0316158507528498	0.0590776670934171	624	40	0.592732615771442	0.798640450583576
semibin_SRR11413649.66	cancer_type	Other	0.0406867687586795	0.0734301377348272	624	12	0.593424953801165	0.798895183076325
metabat_ERR6279665.25	cancer_type	Other	-0.0891351303852929	0.162410484284729	624	36	0.593399523776752	0.798895183076325
metabat_SRR16554638.9	response	R	-0.0308846194318429	0.0579043707426119	624	25	0.593966547335564	0.798895183076325
semibin_ERR6233694.18	cancer_type	Other	-0.0204924132606036	0.0373672219709929	624	4	0.593093295550248	0.798895183076325
metabat_SRR11413655.33	response	R	0.0127310941171951	0.0238570819326146	624	10	0.59378231493657	0.798895183076325
maxbin_SRR16554777.015	response	R	-0.0229895576413423	0.0431048008677667	624	15	0.593989999719761	0.798895183076325
semibin_SRR5930512.37	response	R	-0.0124737012679703	0.0233644404999518	624	13	0.593619077836119	0.798895183076325
metabat_SRR5930526.94	cancer_type	Other	0.0508389215266734	0.0905915922732185	624	12	0.593949910481436	0.798895183076325
metabat_SRR13068848.31	response	R	0.0107510525708634	0.0201461998031659	624	4	0.593774235736774	0.798895183076325
metabat_SRR5930527.53_sub	response	R	-0.0122191154839807	0.0228997595259008	624	7	0.593816085393649	0.798895183076325
metabat_SRR6000877.22	cancer_type	Other	0.0477600915646476	0.086509699976649	624	37	0.594151721643273	0.7989689937868
metabat_SRR16554625.19	response	R	-0.0306248652684725	0.0575341728964192	624	17	0.594716285910368	0.799116962308702
maxbin_SRR5930494.018	cancer_type	Other	-0.123709629579782	0.224479858036336	624	54	0.594771011411336	0.799116962308702
semibin_ERR6230326.4	response	R	0.0255440360784194	0.0479687895580922	624	17	0.594560775567158	0.799116962308702
maxbin_SRR13022252.009_sub	cancer_type	Other	-0.0170617919651268	0.0305273404974821	624	8	0.594796070100326	0.799116962308702
metabat_SRR13022269.5	response	R	-0.0109495557349512	0.0205656597207579	624	7	0.59462600919415	0.799116962308702
maxbin_SRR20881977.021	response	R	0.0280259455494043	0.0526911728386378	624	19	0.594992960811728	0.799237894907509
maxbin_SRR16554667.012	cancer_type	Other	-0.0177307721218268	0.0322985959360596	624	6	0.595114881231554	0.799258096596544
maxbin_ERR6279655.020	response	R	0.0757412801251585	0.142515375826223	624	211	0.595290709796933	0.799350678373401
semibin_SRR11413657.4_sub	response	R	0.0112701383575369	0.0212276416331771	624	5	0.595665732147356	0.799710654398192
semibin_ERR6275668.101	response	R	-0.0382599378272485	0.0721867583929584	624	36	0.596292195246265	0.800408012215324
metabat_SRR16554746.22	response	R	0.0946138542319157	0.179190205760923	624	152	0.597683177910172	0.801373560082166
semibin_SRR16554627.102	response	R	-0.0443592857996875	0.0838951538445397	624	65	0.597171112049566	0.801373560082166
maxbin_ERR12405924.017	cancer_type	Other	0.0900650539309795	0.162870023131543	624	40	0.597356276855507	0.801373560082166
semibin_SRR11413647.21	cancer_type	Other	0.0331617409445242	0.0600304550840774	624	5	0.59778902567374	0.801373560082166
maxbin_SRR13068822.004	cancer_type	Other	-0.0110267903914736	0.0188253196499122	624	7	0.597487599703401	0.801373560082166
semibin_SRR5930517.13	response	R	-0.0172873693020322	0.032720007111002	624	14	0.597450735828082	0.801373560082166
metabat_SRR16554728.7	cancer_type	Other	0.0263704674873378	0.0475744723667563	624	10	0.598083155766056	0.801373560082166
semibin_SRR25825512.45	response	R	-0.0234502010910218	0.0444519998124472	624	18	0.598007189753507	0.801373560082166
metabat_SRR23364176.34	response	R	-0.0302846335798509	0.0573921810100679	624	19	0.597910813819973	0.801373560082166
semibin_SRR6000940.38_sub	response	R	-0.00309936493250685	0.0058687845273779	624	2	0.597611514591865	0.801373560082166
semibin_SRR11413613.34	cancer_type	Other	0.0698104135752973	0.129041744277225	624	29	0.598438693648609	0.801562699463425
metabat_SRR5930526.60_sub	cancer_type	Other	-0.211283996302577	0.387120181013813	624	54	0.598332804927475	0.801562699463425
semibin_ERR6275674.52	cancer_type	Other	-0.0351468075008962	0.0647997888070281	624	14	0.598708934397411	0.801781055054412
semibin_SRR5930495.29	cancer_type	Other	0.201598978178382	0.369007995787382	624	68	0.599006768964816	0.801892699305208
maxbin_ERR12405990.012	response	R	0.00367174154029973	0.00697887823599824	624	3	0.59899126444966	0.801892699305208
semibin_SRR23364202.9	response	R	0.00711745399930133	0.0135329416154072	624	3	0.599120862989868	0.801901881768074
metabat_SRR11413610.48	cancer_type	Other	0.0106113989194825	0.0193579943088945	624	3	0.599382715442512	0.802108794931838
metabat_ERR6281518.82_sub	response	R	0.0170981232560709	0.0325550055747527	624	10	0.59962669166584	0.802182057445263
semibin_SRR5930527.76	response	R	-0.00932576438605647	0.0177574678746339	624	3	0.599652006033568	0.802182057445263
semibin_SRR5930532.101_sub	response	R	0.0245509918314392	0.0467721519509349	624	17	0.599835763013842	0.80228435625425
maxbin_SRR25825506.019	cancer_type	Other	-0.0285290206510843	0.0521839401037676	624	5	0.600133734369276	0.802539353650474
semibin_SRR11413684.67	response	R	0.0603221261216894	0.115347895246328	624	53	0.60118999047533	0.802681891327005
semibin_SRR11413689.18	cancer_type	Other	-0.361347435219576	0.666784296573117	624	114	0.600619245952154	0.802681891327005
semibin_SRR5930510.9	response	R	0.0490634094423167	0.0938337447525798	624	67	0.601248489177393	0.802681891327005
semibin_SRR25825495.1_sub	cancer_type	Other	-0.10113982301795	0.187014345443263	624	31	0.601157702890314	0.802681891327005
semibin_SRR20881984.48	cancer_type	Other	-0.0281747551326949	0.0514239410532758	624	9	0.600933951641067	0.802681891327005
semibin_ERR2162203.14	cancer_type	Other	0.0771055874277928	0.142017491102355	624	24	0.601313714257005	0.802681891327005
metabat_ERR12405957.24	cancer_type	Other	0.0133167534808495	0.0254382517557644	624	3	0.600817788416978	0.802681891327005
metabat_ERR6279670.21	cancer_type	Other	0.0213794220555329	0.0398667959470757	624	9	0.600993791465795	0.802681891327005
metabat_SRR5930528.105	cancer_type	Other	-0.00912980317694203	0.0174219658942397	624	3	0.600437849346468	0.802681891327005
semibin_SRR13068851.37	cancer_type	Other	0.00868107528392462	0.0158677103971529	624	3	0.600639046788818	0.802681891327005
maxbin_SRR16168943.002	response	R	0.0104192470313894	0.0199382988690105	624	4	0.601456746634811	0.80272952906213
semibin_SRR11413681.23	cancer_type	Other	0.178142482114048	0.329914788094067	624	51	0.601711486745522	0.802926213041222
maxbin_SRR16554759.001	cancer_type	Other	-0.0916120453064155	0.175687686722766	624	117	0.602240422309476	0.803488649068735
semibin_SRR13022325.6	cancer_type	Other	0.423315781456421	0.788905662244322	624	425	0.602643622716415	0.803531242885574
semibin_SRR23364193.36	cancer_type	Other	-0.26063087243559	0.48437894016441	624	140	0.603053512553159	0.803531242885574
semibin_SRR25825502.37	cancer_type	Other	0.075226083070252	0.139708992527529	624	37	0.603022147336913	0.803531242885574
metabat_SRR5930532.34_sub	cancer_type	Other	0.0586073821341899	0.107557858543156	624	34	0.602951120148475	0.803531242885574
semibin_SRR13068830.16	cancer_type	Other	-0.0823106048343199	0.153104337195291	624	17	0.602941267974183	0.803531242885574
metabat_ERR6254870.14	response	R	-0.0303054161183599	0.0581762977001648	624	24	0.60260572824376	0.803531242885574
semibin_SRR5930503.47	response	R	0.0175012907435987	0.0336274005426931	624	9	0.602937327719904	0.803531242885574
maxbin_SRR5930504.047_sub	response	R	-0.00936246853494291	0.0179988792170243	624	4	0.603131969285467	0.803531242885574
semibin_ERR2162217.22	response	R	-0.0978651573555579	0.188523672738852	624	137	0.60386706075907	0.80372860002099
metabat_ERR12405997.40_sub	response	R	0.0143840688033612	0.0276777509305689	624	4	0.60345934505217	0.80372860002099
semibin_SRR13068829.111	response	R	0.033260059423003	0.0640948553902737	624	44	0.604002384334941	0.80372860002099
semibin_ERR6279666.26	response	R	-0.0187780456452162	0.0361439716010456	624	13	0.603573239864984	0.80372860002099
maxbin_SRR16554744.010	response	R	0.0283798387592426	0.0547182450438164	624	18	0.604187258509727	0.80372860002099
metabat_SRR16168896.21	cancer_type	Other	0.00483077413392871	0.0093156211398003	624	3	0.604247417667559	0.80372860002099
metabat_SRR16168976.44	response	R	-0.00778155254538636	0.0149811417660632	624	4	0.603650734021456	0.80372860002099
maxbin_SRR5930520.048_sub	response	R	0.0173974903886079	0.0335099489870218	624	10	0.60382452704585	0.80372860002099
maxbin_SRR8387712.022	response	R	0.00500819559845715	0.00965704862873631	624	2	0.604223364669756	0.80372860002099
metabat_ERR2162221.56	cancer_type	Other	-0.0200756309107466	0.035592045920234	624	4	0.604504559041913	0.803927635161911
metabat_SRR23364192.31_sub	response	R	0.0297677122764873	0.057464364247946	624	21	0.604628735508367	0.803949801588117
semibin_SRR16554773.62	cancer_type	Other	-0.0217196478048605	0.0419820168441223	624	8	0.605091902151265	0.804422621206606
metabat_ERR2162222.11_sub	response	R	-0.0753243555399812	0.145771698066813	624	121	0.605530323308266	0.804862381389835
maxbin_SRR13068835.009	cancer_type	Other	-0.034808662940165	0.0652356927832839	624	13	0.605855132048886	0.805151000082028
maxbin_SRR6000908.002	response	R	0.0141359851991174	0.0274121707876049	624	8	0.606260088073094	0.805259847000105
semibin_ERR12405935.39	response	R	0.0056762486230844	0.0110055418211613	624	2	0.606203685501581	0.805259847000105
semibin_ERR12405984.16	response	R	0.00591340585929263	0.0114634616759348	624	2	0.606144053482921	0.805259847000105
maxbin_SRR11413612.015_sub	cancer_type	Other	0.106479233200098	0.200184710020984	624	53	0.606715603320664	0.805578707676123
maxbin_SRR25825499.078	response	R	0.0159955386974278	0.031055943244548	624	5	0.606697420349111	0.805578707676123
metabat_SRR5930506.22	response	R	-0.020337946494506	0.0395202779579946	624	20	0.607001376913266	0.805815071286598
metabat_SRR25825512.4	cancer_type	Other	-0.0393846649655669	0.0665755902739534	624	20	0.60762894245311	0.80601543453
metabat_SRR16554728.7	response	R	0.0190142459622787	0.036999601081894	624	10	0.607502496897796	0.80601543453
semibin_ERR12405947.16	response	R	0.0180971782496146	0.035211492015975	624	12	0.607465172182035	0.80601543453
semibin_SRR16168896.8	response	R	-0.0060173577083657	0.0117187950025792	624	4	0.607799015153072	0.80601543453
semibin_SRR5930522.7_sub	response	R	0.0103014990830851	0.0200604558609763	624	6	0.607768706568439	0.80601543453
metabat_SRR11413612.17	response	R	0.007287191428468	0.0141897284086176	624	2	0.60774653049296	0.80601543453
metabat_SRR16554771.5	cancer_type	Other	-0.365847653702307	0.688925242281066	624	103	0.60794741712811	0.806069288170923
metabat_ERR6275668.25_sub	response	R	-0.0228658094991447	0.0445754115291856	624	18	0.608155411628842	0.806202121638092
semibin_SRR16554712.0	cancer_type	Other	-0.0235147218340324	0.0435581767343696	624	4	0.608448632192802	0.806304956855888
semibin_SRR23364225.25	cancer_type	Other	-0.0395694350932373	0.0747212676472188	624	17	0.608399218521827	0.806304956855888
semibin_ERR6271719.38	response	R	0.0158311742582634	0.0309050522297323	624	12	0.608657062988065	0.806343815908502
metabat_SRR13068843.54	cancer_type	Other	-0.0481782154626938	0.0916715830809313	624	21	0.608693613373027	0.806343815908502
semibin_ERR2162218.39	cancer_type	Other	-0.0818202996383982	0.152052908429119	624	47	0.609268546970434	0.806676734108517
metabat_ERR12405913.30	cancer_type	Other	-0.0591559184075991	0.112795353478933	624	25	0.609106856216392	0.806676734108517
metabat_ERR6282383.84	cancer_type	Other	0.0082068703292416	0.0152405217573656	624	3	0.609254216217868	0.806676734108517
maxbin_SRR16168984.014_sub	cancer_type	Other	-0.119685212104688	0.226781310028823	624	58	0.609518655221514	0.806865021020797
semibin_SRR16554638.14	response	R	-0.0415974437602642	0.0814841296002593	624	40	0.609884383788612	0.807019236477498
semibin_SRR5930493.36_sub	cancer_type	Other	0.0908674665995889	0.171332048361049	624	51	0.610134672271739	0.807019236477498
metabat_ERR12405966.18	response	R	-0.0382435712731541	0.0750235685831806	624	41	0.610405657761658	0.807019236477498
semibin_SRR25825495.18	response	R	0.0146482620805426	0.0287315205459613	624	8	0.610350761557805	0.807019236477498
metabat_ERR6279626.59	response	R	0.0203065315530245	0.0398376464092125	624	8	0.610420373814204	0.807019236477498
metabat_SRR5930528.27	cancer_type	Other	-0.0833812507276592	0.157740652797953	624	16	0.61049850504857	0.807019236477498
metabat_ERR6275666.22_sub	response	R	-0.014321167452371	0.0280668338017353	624	11	0.610056394768768	0.807019236477498
metabat_SRR5930506.18	response	R	0.0146987541033823	0.0288208046330762	624	9	0.610229184899988	0.807019236477498
semibin_SRR16554707.35_sub	cancer_type	Other	0.276257171153131	0.521999341290047	624	227	0.611077303536247	0.807071013042045
metabat_SRR11413689.40	response	R	0.0492925563240439	0.0967987314181131	624	54	0.610774454206729	0.807071013042045
metabat_SRR23364174.22	response	R	-0.0353184839086822	0.0694092733184632	624	47	0.611042654522949	0.807071013042045
metabat_SRR25825516.7	response	R	0.0153156876911108	0.0300825776129263	624	10	0.610847933203751	0.807071013042045
metabat_SRR11413649.53_sub	cancer_type	Other	0.061760156269614	0.117405951222027	624	13	0.610878493839551	0.807071013042045
semibin_SRR6000901.38	cancer_type	Other	0.0348959125557827	0.0628472012761449	624	5	0.611218677561025	0.807115181140975
metabat_ERR12405923.25	cancer_type	Other	0.0849395570270681	0.160324341327052	624	40	0.611674388646372	0.80737648325817
metabat_ERR6279652.12	response	R	0.0363557822666541	0.0715878487929008	624	37	0.611740459232521	0.80737648325817
metabat_SRR16554643.13	cancer_type	Other	-0.0596140933164563	0.114103288254777	624	13	0.611655376034432	0.80737648325817
semibin_ERR12405939.29	cancer_type	Other	0.362376717477632	0.69405677886014	624	398	0.612694687322234	0.807638087748223
maxbin_SRR16554775.001	response	R	0.0990054087076642	0.195431393987542	624	168	0.61261689831028	0.807638087748223
semibin_SRR16554673.13	cancer_type	Other	0.0940162022070714	0.178705301717786	624	57	0.612401680190258	0.807638087748223
semibin_SRR5930519.63	response	R	-0.0512974983338517	0.101255233847756	624	55	0.612604281944286	0.807638087748223
maxbin_SRR6000920.039	cancer_type	Other	-0.114375590206365	0.218162710972114	624	29	0.612084203184952	0.807638087748223
metabat_SRR5930503.9_sub	cancer_type	Other	0.0300192014969168	0.0571164602514884	624	9	0.612662138290949	0.807638087748223
semibin_ERR6279661.18	response	R	-0.00295152226127888	0.00582363854128678	624	2	0.612463227454653	0.807638087748223
semibin_SRR5930531.21	response	R	0.0445960289978653	0.088116486429998	624	25	0.612963930712367	0.807834364197586
semibin_ERR12405995.13	response	R	0.0261076369063677	0.0515995249212564	624	20	0.613059643864843	0.807834364197586
semibin_SRR5930531.137	cancer_type	Other	0.0294440496218267	0.0547952890948743	624	7	0.613199990011233	0.807876942442565
maxbin_ERR6275667.027	cancer_type	Other	-0.233559797088558	0.446516524425225	624	86	0.613318844547889	0.807891195971308
maxbin_ERR6257997.027	cancer_type	Other	-0.294657196303086	0.566280522867488	624	141	0.613590549368616	0.808106750295616
metabat_SRR6000874.22_sub	response	R	0.0462563113276267	0.0916709238038175	624	51	0.614025822942408	0.808156162092964
semibin_SRR5930514.44	response	R	0.0360420336787004	0.0714353123425166	624	24	0.614060352101127	0.808156162092964
maxbin_SRR16554786.001	response	R	0.0117660196847521	0.0233037988830433	624	6	0.613810570968736	0.808156162092964
metabat_ERR6282070.17	response	R	-0.011879318413327	0.02353299864391	624	4	0.613882819786811	0.808156162092964
semibin_ERR12405959.85	response	R	-0.0172023866201326	0.0341335261756688	624	9	0.614458865943049	0.808406689039211
semibin_ERR12405971.25	cancer_type	Other	0.0218290867849559	0.0378886469266782	624	12	0.614466919029002	0.808406689039211
semibin_ERR2162218.39	response	R	0.047412133779815	0.0942312032285436	624	47	0.61503946320733	0.809017608771225
metabat_SRR16554706.13	response	R	0.0295609192966866	0.0588509231071141	624	16	0.615634143746642	0.809072828430981
semibin_ERR12405983.42	response	R	0.0129306586973313	0.0257280847217575	624	10	0.615431374247816	0.809072828430981
semibin_SRR5930527.100	cancer_type	Other	0.0567301037163911	0.108018487237672	624	10	0.615730605322374	0.809072828430981
metabat_ERR6230278.16	response	R	0.00625662079689832	0.0124507476327637	624	2	0.615487818975495	0.809072828430981
semibin_SRR13022461.32	cancer_type	Other	0.024802725295888	0.0464576178435042	624	5	0.615323379481388	0.809072828430981
semibin_SRR13068843.2	cancer_type	Other	0.0141047433131295	0.0280729138838832	624	4	0.615541461181103	0.809072828430981
maxbin_SRR6000869.050	cancer_type	Other	0.158723847848599	0.307822088087407	624	139	0.6171662265794	0.809609369200739
semibin_SRR8387712.8_sub	response	R	0.0327462808748269	0.0654574745579598	624	37	0.617065069134511	0.809609369200739
semibin_SRR23364199.41	cancer_type	Other	-0.120410362269498	0.232541444535271	624	31	0.616478539433103	0.809609369200739
metabat_ERR12405912.7	cancer_type	Other	0.0150674330424368	0.0301032850224543	624	4	0.616883113641669	0.809609369200739
semibin_SRR11413646.21	cancer_type	Other	0.01772615288676	0.0341374903835994	624	7	0.617087080441888	0.809609369200739
metabat_ERR12405940.14	response	R	-0.0179352096119954	0.0358672779482125	624	14	0.617221585158253	0.809609369200739
semibin_SRR13068827.108	cancer_type	Other	-0.0401839101274088	0.0784714299018964	624	12	0.617155868501248	0.809609369200739
semibin_SRR25825510.24	response	R	-0.0105731417187401	0.0211062322568393	624	5	0.616584891264619	0.809609369200739
semibin_ERR6279673.45	cancer_type	Other	0.00547638957350536	0.0109293762395294	624	3	0.616498965783754	0.809609369200739
maxbin_SRR11413681.026	response	R	0.00942606125006982	0.0188224603104744	624	4	0.616697812757976	0.809609369200739
metabat_SRR13022456.4	cancer_type	Other	-0.017377038803342	0.031196498797798	624	3	0.617467361657252	0.809789710710792
maxbin_SRR16554641.006	response	R	0.0446527435212539	0.0894981575451508	624	39	0.618010120123406	0.81035940352145
semibin_SRR16168903.5	cancer_type	Other	-0.229115867018084	0.444563986018608	624	122	0.618323723286751	0.810486380848085
semibin_SRR16554702.69	cancer_type	Other	-0.0407315550827012	0.0775526461120454	624	8	0.61824647707377	0.810486380848085
metabat_ERR6275652.12_sub	cancer_type	Other	0.115899254297587	0.219338360987803	624	46	0.618616293380146	0.81072776759494
metabat_SRR11413610.43_sub	response	R	-0.0238084694418742	0.0478550654037163	624	22	0.619004363460115	0.810952107560395
metabat_SRR6000905.63	response	R	-0.0114897884077181	0.0230911833910163	624	8	0.618955756573776	0.810952107560395
metabat_ERR6279683.9	response	R	0.0426803324743813	0.085908998799837	624	40	0.619499879923471	0.81145911754558
maxbin_SRR13068847.003	response	R	-0.00677141095994293	0.0136356408797164	624	4	0.619649862044486	0.811513427034793
semibin_SRR11413653.25	cancer_type	Other	0.225153973653948	0.443253130032616	624	158	0.620116044051892	0.811705201296111
maxbin_ERR6279658.017_sub	response	R	0.0626427343114244	0.126302548911612	624	148	0.620089592801518	0.811705201296111
maxbin_SRR16554706.002	cancer_type	Other	-0.0189460258992923	0.036630553326589	624	9	0.621706951350746	0.811705201296111
metabat_ERR12406012.5	cancer_type	Other	-0.168648736194799	0.330120614161152	624	68	0.621552918359558	0.811705201296111
metabat_SRR13068843.21	cancer_type	Other	-0.0535747165212184	0.105092252544683	624	28	0.620520200809815	0.811705201296111
metabat_ERR6279683.9	cancer_type	Other	-0.0677912797890568	0.133062425260627	624	40	0.620645501932786	0.811705201296111
semibin_SRR11413609.0	cancer_type	Other	-0.022293103327215	0.043318826827158	624	6	0.621967210942326	0.811705201296111
semibin_ERR6279670.187	cancer_type	Other	-0.0247977044224681	0.0491467403269601	624	8	0.621865142321814	0.811705201296111
maxbin_ERR6279645.022_sub	response	R	0.0163996676051694	0.0330863638108361	624	14	0.620308025953153	0.811705201296111
maxbin_SRR11413652.007	response	R	-0.0156966541111142	0.0318178558105435	624	9	0.621954925124537	0.811705201296111
maxbin_SRR11413614.004	response	R	-0.0104680300587228	0.0211722590707634	624	4	0.621184849541369	0.811705201296111
semibin_ERR12405934.0	response	R	-0.0204910847781313	0.0414370270363683	624	13	0.621119904227753	0.811705201296111
maxbin_ERR6243878.014_sub	response	R	-0.0052648041734011	0.0106387490714854	624	4	0.620866669796253	0.811705201296111
metabat_ERR6232529.10	response	R	0.00599954763719628	0.0121517834251245	624	2	0.62168088963647	0.811705201296111
metabat_SRR13068815.50	cancer_type	Other	-0.0154525236713913	0.0305252887606565	624	7	0.62166547499604	0.811705201296111
semibin_ERR12405994.32	response	R	-0.00292845420168357	0.00592949121521766	624	2	0.621565911157631	0.811705201296111
semibin_ERR6275680.4	cancer_type	Other	-0.0530338153161332	0.104604542147426	624	17	0.620179275704082	0.811705201296111
maxbin_SRR16554666.026	response	R	-0.00498896340952369	0.010074135154385	624	3	0.620616497252966	0.811705201296111
metabat_SRR16554769.37	response	R	0.0102231384180613	0.0206823375555789	624	4	0.621273941663189	0.811705201296111
metabat_ERR6281341.52	response	R	0.00599533484195896	0.0121468893942769	624	2	0.621785299754505	0.811705201296111
metabat_SRR6000908.20	response	R	0.0150378372085685	0.0305673932820901	624	16	0.622925366624393	0.812530244482332
maxbin_ERR12406007.007	response	R	-0.0115256430957165	0.0234256254228878	624	11	0.622887812045187	0.812530244482332
maxbin_SRR16554627.030_sub	cancer_type	Other	0.0213178379856247	0.0406394253717712	624	6	0.622757397312899	0.812530244482332
semibin_ERR6275668.101	cancer_type	Other	-0.0392420572610691	0.0798758172390075	624	36	0.623396111195117	0.812955847412767
semibin_SRR20881975.40	response	R	-0.00636127750938407	0.012950868297641	624	4	0.623469080624796	0.812955847412767
metabat_SRR16554779.30	cancer_type	Other	0.378853230829661	0.7518390123006	624	379	0.62472829023413	0.814046007740692
semibin_ERR6279664.27	cancer_type	Other	0.0220833289095554	0.0439771611069852	624	19	0.624826700011636	0.814046007740692
semibin_ERR6275652.61	response	R	0.0173463602317013	0.0354560960894941	624	5	0.624849436270603	0.814046007740692
metabat_ERR6279624.22	response	R	-0.0227077060171411	0.04637477170668	624	17	0.62455000038273	0.814046007740692
semibin_ERR6279622.25_sub	response	R	-0.0034619762952679	0.00706823099979743	624	3	0.624453005063127	0.814046007740692
semibin_ERR6281344.40	cancer_type	Other	-0.022374692794256	0.0457896257207783	624	18	0.625268324204017	0.814449839470064
semibin_SRR13068843.26	cancer_type	Other	0.0323088236690905	0.0628459448986526	624	12	0.625904978848655	0.814995199691841
metabat_SRR16554766.44	cancer_type	Other	0.00298112538778504	0.00611059690892399	624	2	0.625820092603482	0.814995199691841
maxbin_SRR16554687.002	cancer_type	Other	-0.0191783090766349	0.0380886989815404	624	6	0.626146444496298	0.815025781017114
semibin_SRR23364178.53_sub	cancer_type	Other	-0.026248418370787	0.0509770936568712	624	10	0.62610132710419	0.815025781017114
maxbin_SRR16554787.017_sub	response	R	-0.0642485287267324	0.131984463272088	624	102	0.626580142623037	0.815448365216684
maxbin_ERR6235718.012	response	R	0.0170047627932341	0.0349668326649047	624	13	0.62691809785337	0.815604303365954
metabat_SRR5930493.50_sub	response	R	-0.00644255392528406	0.013245793179862	624	4	0.626866263446224	0.815604303365954
semibin_ERR12405998.5_sub	cancer_type	Other	-0.0337910065725541	0.0678980583527982	624	18	0.627362770552435	0.815657471523971
semibin_SRR16554789.32	cancer_type	Other	-0.0640836273575471	0.128223203090812	624	29	0.627291045633679	0.815657471523971
semibin_SRR16168985.16	cancer_type	Other	-0.352134908979709	0.700371123937115	624	106	0.627166808837211	0.815657471523971
semibin_SRR13068851.37	response	R	0.00640577974951361	0.0131904175537962	624	3	0.627395262932052	0.815657471523971
maxbin_ERR6281448.004_sub	response	R	0.0223726267328621	0.0461201963586441	624	15	0.627780810304094	0.816016843291155
maxbin_SRR13022253.002	cancer_type	Other	0.134366252306494	0.264392669814363	624	51	0.628001754443465	0.816020350951908
metabat_SRR23364184.7	cancer_type	Other	-0.0679797353210535	0.136194570996006	624	32	0.627898488223789	0.816020350951908
maxbin_SRR11413687.021	response	R	0.0279793360549226	0.0577555360962981	624	28	0.628241501702521	0.816097464224305
semibin_SRR13068819.18	cancer_type	Other	-0.0143584328319075	0.0289343473282383	624	7	0.628279366346527	0.816097464224305
maxbin_ERR12405985.002_sub	cancer_type	Other	0.0439216572876583	0.080886662255174	624	22	0.628722849139857	0.81638990551621
semibin_SRR11413606.56	response	R	-0.0214032959548075	0.0442361890273796	624	25	0.628670413081153	0.81638990551621
maxbin_SRR5930494.003	cancer_type	Other	-0.021060842054922	0.0415037880484749	624	6	0.628952739655398	0.816546629712337
semibin_ERR6282070.31	response	R	0.0173169546318907	0.0358368072252684	624	18	0.62911198025262	0.816611593183318
semibin_SRR5930536.22	cancer_type	Other	0.0390946208660856	0.0771405436597725	624	8	0.629297963925589	0.816711241623665
semibin_ERR6264280.18	response	R	0.0810444924627407	0.167881391315586	624	216	0.629445253420319	0.816760646378127
semibin_SRR5930502.48	cancer_type	Other	-0.295693299954732	0.594343477255187	624	230	0.629712695894516	0.816965916013045
semibin_ERR6279676.66	response	R	0.00567882756865504	0.0117797124046492	624	2	0.629915697078582	0.817087525195774
semibin_SRR25825514.3_sub	cancer_type	Other	-0.234337757864078	0.473048997012796	624	188	0.63079711847054	0.817835921155942
maxbin_SRR11413619.022_sub	cancer_type	Other	0.0307720699631562	0.0621316879085561	624	17	0.630663082616296	0.817835921155942
metabat_SRR23364216.24	response	R	-0.00512078559093298	0.0106503266490484	624	3	0.630820753306696	0.817835921155942
maxbin_SRR5930495.007_sub	response	R	0.0465696641666596	0.0968914325375689	624	77	0.630945330267903	0.817855638714401
semibin_SRR5930517.103	cancer_type	Other	-0.150653763484713	0.30289165363927	624	35	0.631282788284496	0.818117291969057
semibin_SRR20881988.10	response	R	0.0128712847608729	0.0268127854008871	624	12	0.631365992505139	0.818117291969057
semibin_ERR6239139.3	cancer_type	Other	-0.0356272299609344	0.0712913651368682	624	15	0.631579955119258	0.818252755436904
maxbin_SRR25825518.017_sub	cancer_type	Other	-0.0233941298140998	0.0465345476534399	624	6	0.631741510194713	0.81832028637382
maxbin_SRR13068822.004	response	R	0.00657893024024556	0.0137404592279973	624	7	0.632250313190412	0.818837520269813
metabat_SRR5930514.58	response	R	0.0592139220844991	0.12373101895187	624	63	0.63241319618397	0.818895180248923
metabat_SRR25825506.48	cancer_type	Other	-0.0142906399520811	0.0284295531473258	624	2	0.632513848772102	0.818895180248923
maxbin_SRR25825495.015_sub	cancer_type	Other	-0.0281324894795094	0.0567538224470363	624	5	0.633084927152484	0.819492657996585
semibin_SRR16554766.35_sub	response	R	0.065885507121688	0.138076055228921	624	169	0.633412320685513	0.819503433304249
semibin_SRR6000911.2	cancer_type	Other	0.0515348182855342	0.0974459485366601	624	37	0.633422017183546	0.819503433304249
semibin_ERR12405933.78	response	R	-0.013251753886069	0.0277670066394381	624	6	0.633353306213088	0.819503433304249
semibin_SRR6000900.14	cancer_type	Other	-0.144633730267882	0.293079555313137	624	63	0.634058173047015	0.819900919599789
metabat_SRR5930534.8_sub	cancer_type	Other	-0.280545589459905	0.569375194157128	624	73	0.634019511853677	0.819900919599789
metabat_SRR16554650.26	response	R	-0.0234771995646114	0.0492936050479	624	15	0.634047615112728	0.819900919599789
semibin_SRR16554744.40_sub	cancer_type	Other	0.0383178918061878	0.0770810255921396	624	17	0.634184290238959	0.81992222033315
maxbin_SRR11413620.019	response	R	-0.0952803729754069	0.200456284463132	624	200	0.634728885130472	0.820342655203191
semibin_SRR11413609.0	response	R	0.00919377573561513	0.019338898000545	624	6	0.634667155805665	0.820342655203191
metabat_SRR16554765.17	cancer_type	Other	-0.0651090161133859	0.128287123166065	624	60	0.634899286386371	0.820343398420724
maxbin_SRR16554634.001	cancer_type	Other	-0.0183821957738265	0.0376180580406327	624	9	0.634948862003096	0.820343398420724
semibin_ERR6243880.7_sub	response	R	0.00833684149206922	0.0175733018397351	624	4	0.635378943778319	0.820757253683585
metabat_SRR5930509.43	cancer_type	Other	0.182544778220398	0.371044002787672	624	53	0.635704029594977	0.821035359811958
maxbin_SRR16554659.005	cancer_type	Other	-0.0564703544519221	0.111110326469118	624	17	0.636131351173969	0.821445388374881
semibin_ERR12405939.29	response	R	-0.102132391955425	0.216185212759259	624	398	0.636786912333253	0.821649844934539
metabat_ERR2162222.11_sub	cancer_type	Other	-0.169588425741941	0.34867840535875	624	121	0.636839061412221	0.821649844934539
metabat_SRR16554660.22	cancer_type	Other	0.0177191693653868	0.0374855565870853	624	9	0.636598129959261	0.821649844934539
metabat_SRR16554760.8_sub	response	R	0.0068641569655648	0.0145313603518293	624	4	0.636830270703319	0.821649844934539
metabat_SRR25825514.3	cancer_type	Other	-0.0142350775476854	0.0274853114315667	624	6	0.636716819689902	0.821649844934539
metabat_ERR12405911.15	cancer_type	Other	0.00754594150078278	0.0159859135100461	624	3	0.637066250394579	0.821801176548329
semibin_SRR16554633.6	response	R	0.0499924811641101	0.106091493163627	624	80	0.637653139574808	0.822416381121147
maxbin_SRR16168900.001	cancer_type	Other	-0.0594986364536628	0.121092450391429	624	38	0.638164779505498	0.822934337151598
semibin_SRR6000900.32	cancer_type	Other	0.308553148603064	0.632388644306003	624	278	0.63841276800782	0.822967390408648
semibin_ERR6279622.41	response	R	0.0111593853480572	0.0237443108048311	624	7	0.638533274946084	0.822967390408648
semibin_SRR11413678.34	response	R	0.0219139923883458	0.046656184504251	624	21	0.638740670491012	0.822967390408648
semibin_SRR16168940.0	response	R	0.017225238548768	0.0366687853656183	624	9	0.638697051814417	0.822967390408648
metabat_SRR5930494.44	response	R	-0.0183307202777174	0.0390237149753156	624	13	0.638711274454755	0.822967390408648
metabat_ERR12405933.44	response	R	0.0364549276521653	0.0776949921839925	624	36	0.639087354764149	0.82327222031461
metabat_SRR25825500.41_sub	cancer_type	Other	-0.0580261895372912	0.119399214408684	624	35	0.639295041647128	0.823397919641271
metabat_SRR25825515.43_sub	response	R	0.0253575555491248	0.0541909296744516	624	35	0.639999217919317	0.823525393574604
metabat_ERR6279670.47	response	R	0.00419226240553041	0.00894946035966201	624	2	0.63963668070832	0.823525393574604
metabat_ERR6279665.25	response	R	0.033066102848015	0.0706428383879047	624	36	0.639895942293427	0.823525393574604
semibin_SRR16554673.8	cancer_type	Other	-0.016662562141283	0.0346526706722155	624	3	0.639505084620221	0.823525393574604
semibin_SRR13022424.6	response	R	-0.0491762870978122	0.105075914815806	624	47	0.639943676864672	0.823525393574604
maxbin_ERR6275666.011_sub	response	R	-0.0177654230463444	0.0379846502512557	624	24	0.640164898749555	0.823525393574604
semibin_SRR5930530.129_sub	response	R	0.00574166146873181	0.0122763744399522	624	2	0.640163197794481	0.823525393574604
maxbin_SRR16168926.011	cancer_type	Other	-0.108144461852183	0.224140955127651	624	26	0.640390218671782	0.823673556110696
metabat_SRR5930506.102	cancer_type	Other	-0.0390269291794634	0.0793421217409196	624	44	0.640800777405328	0.823806044336107
semibin_SRR6000920.93	cancer_type	Other	-0.0336804584211347	0.0652602444213005	624	18	0.640703884966533	0.823806044336107
semibin_SRR6000946.68	cancer_type	Other	-0.0174956231990759	0.0356127492652559	624	6	0.64082371755859	0.823806044336107
metabat_SRR13068828.25	cancer_type	Other	-0.11097292308651	0.23043686683918	624	31	0.641063969921661	0.823831649265197
semibin_SRR16554652.103	cancer_type	Other	0.119268443287283	0.245711143434751	624	21	0.641060047723733	0.823831649265197
maxbin_SRR16554666.010_sub	response	R	0.0161973803756282	0.0347496771685149	624	15	0.641296144836342	0.823988414275974
metabat_SRR13068843.21	response	R	0.0337397194419373	0.0724196244695679	624	28	0.641456335005513	0.824052649574167
semibin_SRR20881975.40	cancer_type	Other	0.00933814736724255	0.0190217158662995	624	4	0.641923256708758	0.824510840547594
metabat_ERR12406003.35	cancer_type	Other	0.0147120338219338	0.0307589947936944	624	4	0.642134891250889	0.824641029842718
semibin_SRR13068839.7	response	R	-0.0515348343934454	0.110954528009473	624	104	0.642476360177452	0.824769432707732
semibin_ERR12405970.2_sub	response	R	0.0181834111212056	0.0391725509754024	624	12	0.642676047658191	0.824769432707732
metabat_ERR6235717.12	response	R	-0.0110589951766628	0.0238200496644257	624	3	0.642615540397552	0.824769432707732
metabat_SRR6000905.63	cancer_type	Other	-0.0139663576650785	0.0273598693282346	624	8	0.642465902375409	0.824769432707732
semibin_SRR23364230.133	response	R	-0.00308860288745285	0.00665654298296479	624	2	0.64281546977017	0.824806809015328
maxbin_SRR13068848.026	response	R	-0.00929933057696905	0.0200530346674566	624	5	0.642999688822615	0.824901642308375
maxbin_SRR25825517.011_sub	response	R	-0.0141187807984843	0.0304593232532862	624	13	0.643147622480624	0.824949900670687
metabat_ERR12405920.1	cancer_type	Other	0.0417099533259564	0.0723866402594985	624	27	0.643463954505495	0.825214105949595
semibin_SRR6000947.67	cancer_type	Other	0.0751185905922551	0.155782351461255	624	20	0.644343474516588	0.826200360499836
metabat_ERR6275673.39	response	R	0.0230346537359415	0.0499071970416091	624	8	0.644565888148085	0.826343855918289
semibin_ERR6267712.45	cancer_type	Other	-0.18165889536274	0.382147420619438	624	174	0.644742387610796	0.826428449529231
metabat_SRR16554711.16	cancer_type	Other	0.0822905660354649	0.172758029579045	624	69	0.644896704381229	0.826484585323536
semibin_ERR6275672.14	cancer_type	Other	-0.0374273316462128	0.0812376149951259	624	17	0.645164882131003	0.826544969774823
semibin_SRR5930529.2	cancer_type	Other	-0.203350676312807	0.426889071972577	624	66	0.645131137274864	0.826544969774823
semibin_SRR23364231.16	cancer_type	Other	-0.0243438899266844	0.0528776135456546	624	17	0.64540337115038	0.826708874522532
semibin_SRR16554739.16	cancer_type	Other	-0.197005877990565	0.417832447215482	624	149	0.646864721489827	0.827657281485337
semibin_SRR23364207.32	cancer_type	Other	0.0704106170266898	0.148576038430271	624	16	0.646727131207481	0.827657281485337
maxbin_SRR23364229.004	cancer_type	Other	-0.10475603072456	0.22289434295159	624	31	0.646601323216564	0.827657281485337
maxbin_SRR11413610.006	response	R	-0.0154692273359036	0.0337490807097048	624	8	0.646854232641259	0.827657281485337
semibin_ERR6264281.82	response	R	-0.0173412644149243	0.0378037021428602	624	7	0.6465971499941	0.827657281485337
maxbin_ERR6275673.009_sub	response	R	0.0178240373840067	0.0388867701081922	624	21	0.646857701901271	0.827657281485337
metabat_ERR6279654.2	response	R	-0.0204222861569032	0.0445638309003036	624	18	0.646918535742417	0.827657281485337
metabat_ERR6271721.73	response	R	0.0102354418986316	0.0223543391873528	624	6	0.647204152437085	0.827881055751714
semibin_SRR16554736.59	cancer_type	Other	-0.0844728590374134	0.17898181386732	624	24	0.647580988707348	0.827980662466866
metabat_SRR13068815.24	cancer_type	Other	-0.0525629471591042	0.112445186884887	624	22	0.647591572243326	0.827980662466866
semibin_SRR23364171.81	cancer_type	Other	0.0490448935005287	0.103453646007974	624	20	0.647614187586079	0.827980662466866
maxbin_SRR16554774.005	cancer_type	Other	0.0105228223831361	0.0230300851512689	624	3	0.647890956821095	0.828192918821906
metabat_ERR6282383.84	response	R	-0.00621661469483246	0.0136457398471682	624	3	0.64885831119796	0.82928772024241
metabat_ERR12405913.30	response	R	0.0274778129847715	0.0603365659740788	624	25	0.648974260413454	0.829294176242619
metabat_SRR13068849.40	cancer_type	Other	-0.104199453106113	0.222000268438491	624	30	0.649436971370261	0.829318591514141
metabat_ERR12405949.18	cancer_type	Other	0.0452059739669596	0.0914364184328446	624	26	0.649327789038891	0.829318591514141
metabat_ERR6279664.26	response	R	0.0380377053447868	0.0836201123097622	624	36	0.649349541946121	0.829318591514141
semibin_ERR6280899.75	response	R	0.00928180210918087	0.0204034621014871	624	4	0.649331264691409	0.829318591514141
semibin_SRR11413690.7	cancer_type	Other	-0.146562696232237	0.314516622920658	624	96	0.649815152805564	0.82965984508793
maxbin_SRR16554660.004	response	R	0.00754165416018993	0.0166224865826604	624	3	0.650202301178838	0.830012428852058
metabat_SRR16554654.18	cancer_type	Other	-0.199911414720338	0.424437892237977	624	136	0.650868762264983	0.830296247734142
metabat_ERR6275663.38	cancer_type	Other	0.0691741758835265	0.147662701950431	624	26	0.650558223890009	0.830296247734142
metabat_ERR6232458.5	response	R	-0.0189722723498371	0.0418742637695333	624	8	0.650651686976211	0.830296247734142
semibin_ERR6235718.4	cancer_type	Other	-0.0127934107534588	0.026567520883056	624	7	0.650758556907849	0.830296247734142
semibin_ERR12405995.25	response	R	-0.0141188046408334	0.0312107450215505	624	7	0.65116144278749	0.830527932656465
metabat_SRR16168920.14	response	R	-0.0136362059850178	0.0301852998933241	624	9	0.651606903844251	0.830820031431858
semibin_SRR5930504.145	cancer_type	Other	-0.0581951528843756	0.12482320690688	624	30	0.65161266172076	0.830820031431858
semibin_ERR6279683.8	response	R	-0.059332967000915	0.131617296056309	624	106	0.652293206663194	0.830837778815766
semibin_SRR16554692.37	cancer_type	Other	0.0405801556883742	0.0858512609502809	624	28	0.652242050162668	0.830837778815766
semibin_SRR5930498.62_sub	cancer_type	Other	-0.18382168153876	0.394428352081493	624	56	0.652122718001966	0.830837778815766
metabat_SRR16554631.3	response	R	0.0209569999603786	0.0464486449169675	624	10	0.6520129838729	0.830837778815766
maxbin_ERR6281942.014	response	R	0.0287579861276124	0.0637348993928446	624	16	0.651993900124392	0.830837778815766
semibin_ERR6281658.16	response	R	-0.00509893154668712	0.011307053039738	624	4	0.652181983925552	0.830837778815766
metabat_SRR13068841.11	cancer_type	Other	-0.0825170832611453	0.176199393359798	624	38	0.6526055890604	0.830924169076509
semibin_SRR16168918.53	cancer_type	Other	0.0620535768300648	0.129579838901799	624	26	0.652574451700137	0.830924169076509
maxbin_SRR23364202.013_sub	cancer_type	Other	-0.0585142829417783	0.125907517626489	624	18	0.652694379400296	0.830924169076509
maxbin_SRR25825509.002	cancer_type	Other	0.233456288029924	0.506953428499169	624	174	0.653082806339639	0.831124899981086
semibin_SRR5930536.88	cancer_type	Other	0.140192160606135	0.300910998759494	624	141	0.653058616929173	0.831124899981086
semibin_SRR16554652.75	response	R	-0.0326307185493353	0.0725838270919284	624	19	0.653185482373475	0.831124899981086
semibin_SRR5930518.30	cancer_type	Other	-0.142860553514587	0.307342369958604	624	68	0.653492403741427	0.831373969918066
metabat_ERR12405933.43	cancer_type	Other	-0.314940434102698	0.681938709793262	624	337	0.6541407564297	0.831396476759143
semibin_ERR6275668.86	response	R	-0.0294321007682894	0.0655877707740052	624	37	0.653773216893843	0.831396476759143
semibin_SRR13068829.111	cancer_type	Other	-0.0703492745245306	0.152108885016863	624	44	0.654213230406225	0.831396476759143
maxbin_SRR11413687.043	response	R	0.0121282493127839	0.0270637632196389	624	6	0.654211452633486	0.831396476759143
metabat_ERR12405928.43	response	R	-0.0157976592474848	0.0352602996736113	624	11	0.654288347917566	0.831396476759143
metabat_ERR12405963.36_sub	cancer_type	Other	0.00446978615191347	0.00969538503386769	624	3	0.654158767573581	0.831396476759143
semibin_SRR25825510.66	response	R	0.00415847037339402	0.00926495590049995	624	2	0.653704635206319	0.831396476759143
semibin_SRR8387707.23	response	R	-0.0533990738015192	0.119423456186377	624	109	0.654931230883747	0.831693890977271
metabat_SRR16554644.2	response	R	0.0159941228504505	0.0357739665928014	624	9	0.654967280551638	0.831693890977271
metabat_ERR6281000.13	cancer_type	Other	-0.096812185277865	0.211165206500808	624	49	0.654696433925926	0.831693890977271
semibin_ERR6282383.17	response	R	-0.00687952890622419	0.0153834688375458	624	3	0.654884640723612	0.831693890977271
semibin_SRR5930501.108	response	R	0.0240646330597851	0.0540144860149589	624	18	0.65609795188282	0.831717322288478
semibin_ERR6279669.46_sub	response	R	0.0288083889014764	0.0646530598289794	624	28	0.65605430888714	0.831717322288478
semibin_SRR16554703.41	response	R	0.00909528410541884	0.0203555659818038	624	3	0.655160740040321	0.831717322288478
semibin_SRR11413686.11	response	R	-0.0131488039517087	0.0294679793765267	624	10	0.655603635811994	0.831717322288478
semibin_ERR6279627.7	response	R	0.024041402917423	0.0539056451095036	624	15	0.655759599899693	0.831717322288478
metabat_ERR6279683.18	response	R	-0.0407999393423928	0.0915606616651607	624	31	0.65603780585458	0.831717322288478
semibin_SRR5930502.38	cancer_type	Other	0.0375464960067201	0.0776192753680756	624	28	0.655757607898092	0.831717322288478
semibin_SRR16554636.22	response	R	-0.0117218840413116	0.0262907055441905	624	4	0.655856649552189	0.831717322288478
semibin_SRR11413687.8	response	R	0.0104627302054852	0.0234506389416513	624	11	0.65563863334752	0.831717322288478
semibin_SRR5930527.114	response	R	0.0223465017184627	0.0501199207969566	624	29	0.655855048164828	0.831717322288478
semibin_SRR25825516.46	cancer_type	Other	0.0338237851807997	0.0760490013867448	624	31	0.656645975846579	0.832059417493733
metabat_ERR6279675.42	cancer_type	Other	-0.0718995087272073	0.15642707128215	624	34	0.656694030683314	0.832059417493733
metabat_SRR16554758.22	cancer_type	Other	-0.0118898722681171	0.0267376796496907	624	5	0.65670161567906	0.832059417493733
metabat_SRR13022401.12	response	R	0.0528360945669354	0.119228083744694	624	88	0.657811545170035	0.833183390037521
semibin_ERR6230340.23	response	R	0.0115235697023012	0.0259991796671383	624	5	0.65775516100488	0.833183390037521
semibin_SRR11413654.34	response	R	-0.0143092420443176	0.0323185171569278	624	13	0.65809729485248	0.833404161034183
metabat_ERR6239139.41	response	R	-0.00430081212747511	0.00971989329867033	624	4	0.658299555941657	0.833519146517391
metabat_SRR25825502.66	cancer_type	Other	-0.0102997611306499	0.0217898123298673	624	7	0.658645406574251	0.833804730588981
maxbin_SRR5930520.011	cancer_type	Other	-0.00785318082834084	0.0171076207603558	624	4	0.65874810755813	0.833804730588981
maxbin_SRR13022253.002	response	R	0.0404656187003719	0.0920095717612615	624	51	0.660237724300722	0.833942892577864
metabat_SRR11413618.29_sub	response	R	-0.0381501052474601	0.0864250425382535	624	22	0.659059654968777	0.833942892577864
maxbin_ERR2162223.003	response	R	-0.0225634375212842	0.0513040243014898	624	11	0.660237133428197	0.833942892577864
maxbin_SRR16554772.002	response	R	0.0137624707952952	0.0312286860920618	624	6	0.659584532555921	0.833942892577864
metabat_SRR20881983.26_sub	response	R	0.0255915571660127	0.0581695038424461	624	26	0.660129202541536	0.833942892577864
metabat_SRR16554773.16	cancer_type	Other	-0.0667479393169366	0.146871608781491	624	25	0.659692293642647	0.833942892577864
metabat_SRR16554712.21	response	R	0.00410915163262709	0.00933319814339681	624	2	0.659893362838856	0.833942892577864
semibin_ERR6279669.86	cancer_type	Other	-0.035774654474006	0.0774553136645086	624	15	0.659251055021824	0.833942892577864
semibin_SRR5930495.44	cancer_type	Other	0.0541708877457945	0.117351466746676	624	15	0.660307016174583	0.833942892577864
semibin_ERR12405966.12	response	R	0.0192076051657982	0.0435480719798016	624	11	0.65931821096045	0.833942892577864
semibin_ERR6281343.49	response	R	0.0233596740275882	0.053112505013302	624	34	0.660225144988673	0.833942892577864
semibin_SRR20881977.6	response	R	0.0105619076979124	0.0239647344252272	624	9	0.659564102300726	0.833942892577864
semibin_ERR6279671.38	response	R	0.00470051805268976	0.0106520446798222	624	2	0.659165499354434	0.833942892577864
maxbin_SRR5930499.010	response	R	0.00495650949789162	0.0112776728291765	624	2	0.660454124917702	0.833987832849473
metabat_SRR25825517.32	response	R	-0.0177770213179131	0.040470884345663	624	9	0.6606299658724	0.834069033394193
metabat_SRR8387710.43	cancer_type	Other	0.101559077078721	0.223963373701771	624	47	0.660828515065193	0.834154426410266
maxbin_SRR16554754.006	cancer_type	Other	-0.0124551542451295	0.0277149894340275	624	4	0.661032245374062	0.834154426410266
metabat_ERR6229432.22_sub	response	R	0.0154375025666504	0.0351783702079371	624	15	0.660933682254514	0.834154426410266
maxbin_SRR5930510.007_sub	response	R	-0.039383257989472	0.0900075380697216	624	96	0.661862881558447	0.835061688593566
semibin_ERR6279657.97	response	R	0.00470011686581285	0.0107463020421701	624	2	0.66199464236431	0.835087033670767
semibin_SRR11413606.34	response	R	-0.0364079075655214	0.0833197400002545	624	22	0.662287938942449	0.835306817694194
semibin_SRR23364235.52	response	R	0.0147571783931193	0.0337830460786923	624	8	0.662392274528827	0.835306817694194
semibin_ERR6279624.11	response	R	0.00467722527255144	0.0107202047643907	624	2	0.662770726042464	0.835643144384682
metabat_SRR13068824.46	cancer_type	Other	-0.0219995883900214	0.0504421355944669	624	12	0.662890250517199	0.835652948983077
maxbin_SRR5930501.002	cancer_type	Other	0.113315411547096	0.245118483714458	624	108	0.663232213017996	0.835746637122836
metabat_SRR16554626.7	response	R	0.0629676861832463	0.144848832702489	624	127	0.663922351131615	0.835746637122836
semibin_SRR20881986.74	cancer_type	Other	-0.216302719215742	0.482341676543751	624	137	0.664082176756338	0.835746637122836
metabat_SRR16554765.3	cancer_type	Other	-0.0896395775699082	0.198680124374835	624	30	0.663589986552062	0.835746637122836
semibin_ERR6279650.30	response	R	0.0115424813116517	0.0265591937980215	624	3	0.664007710369693	0.835746637122836
maxbin_ERR6279673.036	response	R	0.0382913274334124	0.0880273067175604	624	97	0.663720107672329	0.835746637122836
maxbin_ERR12405998.016_sub	response	R	0.00931823146347063	0.0214408598157437	624	3	0.664002624354351	0.835746637122836
metabat_ERR6279647.52	response	R	-0.0163166033688443	0.037483728101314	624	16	0.663497249234402	0.835746637122836
semibin_SRR20881974.54	cancer_type	Other	0.0290663175079157	0.0642307692079555	624	5	0.663836295852575	0.835746637122836
metabat_SRR5930528.105	response	R	-0.00686098747432877	0.0157448810692565	624	3	0.66316238353399	0.835746637122836
semibin_SRR25825497.63	cancer_type	Other	-0.0236138066020237	0.05143813589901	624	8	0.664480345836562	0.836003609521659
semibin_ERR12405997.28	response	R	0.00535266468350314	0.012336100631383	624	3	0.664509956538746	0.836003609521659
metabat_ERR6279670.21	response	R	-0.0126287176171219	0.0291202583513487	624	9	0.66467550207413	0.836071220270874
maxbin_SRR16168920.025	cancer_type	Other	-0.23103136291843	0.515941835750051	624	82	0.665055597268863	0.836181090366056
semibin_SRR5930517.113	cancer_type	Other	-0.328050633743471	0.733520998091864	624	127	0.665166284155806	0.836181090366056
metabat_SRR16554653.16	response	R	0.0180823949551325	0.0417666876584434	624	9	0.665210123908487	0.836181090366056
metabat_SRR6000940.3	cancer_type	Other	-0.129114105953722	0.287999098150059	624	54	0.664978056312962	0.836181090366056
maxbin_SRR5930528.038	response	R	-0.0112631558392106	0.0260278610125466	624	6	0.665358362452155	0.836226862927263
semibin_SRR16168943.33	response	R	0.0121506988124323	0.0281175938593716	624	7	0.665791049527115	0.836630056858304
maxbin_ERR6232527.010	cancer_type	Other	0.00941392976544846	0.0218083830137284	624	5	0.666134261724954	0.836920700466937
maxbin_ERR2162222.008	response	R	-0.0162829728881129	0.0377383840701536	624	15	0.666276556062302	0.836958858765983
semibin_ERR6279650.29	cancer_type	Other	-0.0286929832678674	0.0646037277263987	624	11	0.666520273380441	0.837124387695488
semibin_ERR6279627.38	cancer_type	Other	-0.0701796537359002	0.158955124430731	624	32	0.666962861206011	0.837258397867811
maxbin_SRR23364203.002	cancer_type	Other	-0.0290857121541443	0.0675329918260481	624	21	0.666844008242688	0.837258397867811
maxbin_SRR5930528.078	response	R	-0.00613498266844467	0.0142497945543822	624	3	0.666959030132141	0.837258397867811
semibin_SRR13068844.35	response	R	-0.0569915576402929	0.132425339256134	624	188	0.667078471057267	0.837262975254489
metabat_SRR13068853.29	cancer_type	Other	0.0155495086773112	0.0347624592701638	624	4	0.667235171818755	0.837319116439109
semibin_SRR13068826.42	cancer_type	Other	-0.0312440827851359	0.0707080860680477	624	12	0.667430499983012	0.837423704508886
metabat_SRR16554777.11	response	R	0.00478842142746509	0.0111554772524173	624	3	0.667894765977581	0.837865636634851
metabat_ERR6275672.27	response	R	-0.00554537365080581	0.0129345029380177	624	3	0.668270713427729	0.838196644584462
metabat_SRR16554769.2	response	R	0.0118630021872216	0.0276876088806174	624	11	0.668465996079961	0.838300975798414
maxbin_ERR12405965.008	response	R	0.0175334535745059	0.041076804946122	624	12	0.669641066378061	0.839211646451339
semibin_SRR11413690.24	response	R	0.0203823144293697	0.0477409908791783	624	27	0.669574483657239	0.839211646451339
semibin_ERR6275668.67	response	R	-0.00929010745487067	0.0217583946280125	624	5	0.669551652506947	0.839211646451339
maxbin_SRR16168918.066	cancer_type	Other	-0.0165752153034925	0.0377899379128471	624	12	0.669582624695504	0.839211646451339
semibin_SRR13068829.87	response	R	-0.00446859173102277	0.010475562029327	624	3	0.669838456325357	0.839318360657007
metabat_SRR25825503.7	cancer_type	Other	-0.0171527193095334	0.038631965977744	624	3	0.670021768769683	0.839407402724023
metabat_SRR16168982.26	response	R	-0.0166365607511049	0.039044222394367	624	12	0.670186106588839	0.839472647415635
metabat_SRR11413686.5	response	R	-0.0480446870706268	0.112975646932105	624	89	0.67079028370211	0.83957037514953
metabat_SRR11413685.29	response	R	-0.0022853039430558	0.00537152119422124	624	2	0.670657381404449	0.83957037514953
metabat_ERR12405940.8	response	R	0.0178199161194834	0.0419229255485341	624	17	0.670937759012248	0.83957037514953
maxbin_SRR16554719.004	cancer_type	Other	-0.00783413443663296	0.0184052555920786	624	3	0.670512851398916	0.83957037514953
metabat_SRR23364178.39_sub	response	R	0.0178455158841843	0.0419760607042724	624	17	0.670885136610752	0.83957037514953
semibin_ERR6275673.30	cancer_type	Other	-0.00710812049810034	0.0167196791870036	624	4	0.670885550565366	0.83957037514953
semibin_SRR11413655.121	response	R	-0.025313630492515	0.0595933960546888	624	22	0.67115048343997	0.839696054067943
maxbin_SRR23364203.002	response	R	0.0258839550260747	0.0610320862184539	624	21	0.671636801433593	0.840163934613651
metabat_SRR25825500.41_sub	response	R	0.024049318228946	0.0567744560276937	624	35	0.672008815664609	0.840488697698602
semibin_ERR6264281.90	response	R	-0.00226707953594987	0.00535555810519325	624	2	0.672213563776226	0.84060418560512
metabat_SRR6000932.13	cancer_type	Other	0.0303880109518345	0.0609322271402477	624	14	0.672962007750501	0.841258758602181
semibin_SRR11413683.37	response	R	-0.00780675817489473	0.0184846772555921	624	4	0.672925854995272	0.841258758602181
metabat_SRR16554704.2	response	R	-0.0154096565535587	0.036530818612405	624	9	0.673298521092117	0.841510576459655
semibin_SRR13068834.14_sub	cancer_type	Other	-0.164783122609565	0.378430973375242	624	55	0.673388511571887	0.841510576459655
semibin_ERR12405918.0	cancer_type	Other	0.114490391324996	0.263852640882066	624	48	0.674321522591194	0.841551459602295
semibin_SRR5930531.66	cancer_type	Other	-0.0940998347917338	0.216669564080393	624	27	0.673836124480259	0.841551459602295
semibin_SRR25825513.40	cancer_type	Other	-0.0285677069254	0.0654998768170529	624	9	0.674248055023298	0.841551459602295
metabat_ERR12405992.29	response	R	0.0150018935865769	0.035642352905591	624	9	0.673974355636259	0.841551459602295
metabat_ERR12405940.22	response	R	0.026287997945795	0.062407510418595	624	27	0.673731941367645	0.841551459602295
maxbin_ERR12405998.001_sub	response	R	0.0177023907464014	0.04207677084251	624	12	0.674108062542531	0.841551459602295
semibin_SRR5930512.42	response	R	0.0146578318192594	0.034812475038817	624	10	0.673864137916818	0.841551459602295
metabat_SRR23364192.7	response	R	0.00613655990909425	0.014582877797315	624	3	0.67404246525003	0.841551459602295
metabat_SRR20881980.24_sub	cancer_type	Other	0.0145586906424401	0.0321427238478356	624	3	0.674970312918292	0.842220590689636
metabat_ERR6279626.65	response	R	-0.00849030922166145	0.0202555789391507	624	3	0.675245155683524	0.842422968668901
metabat_SRR5930512.20	cancer_type	Other	-0.151161448500141	0.349826074322175	624	35	0.675618040272983	0.842664646952491
semibin_ERR6275661.85	response	R	0.00415517838135252	0.00992671413206097	624	2	0.675664244868566	0.842664646952491
metabat_SRR25825494.21	cancer_type	Other	-0.00925496164339177	0.0210681235630905	624	2	0.67661210830532	0.843706077356543
semibin_SRR16168945.59_sub	cancer_type	Other	-0.21702301563709	0.505074035209159	624	112	0.677251875416457	0.844112537532203
semibin_SRR6000894.27	response	R	0.0222694828100982	0.0534834723975831	624	20	0.677276708370315	0.844112537532203
metabat_SRR5930501.64	response	R	-0.0181235875600552	0.0435112479025154	624	18	0.677168715282111	0.844112537532203
semibin_SRR11413608.100	response	R	0.00514251937835615	0.0123551726591729	624	3	0.677389935726236	0.844112971064955
maxbin_SRR16554686.012	response	R	-0.032513201404763	0.0781883770016795	624	34	0.677677627081027	0.844190120824908
semibin_SRR5930499.20	response	R	-0.00638985006264041	0.0153628452714994	624	5	0.677605843771872	0.844190120824908
semibin_SRR25825511.42	cancer_type	Other	-0.0176812526787325	0.0396383383896839	624	4	0.678057967225304	0.844382594323202
semibin_ERR6279676.4	cancer_type	Other	-0.220421923073782	0.513951964203043	624	82	0.677974967418946	0.844382594323202
maxbin_SRR13068844.013_sub	cancer_type	Other	0.0124054780868961	0.0286652434675924	624	5	0.678579847928978	0.844891792010139
semibin_ERR12405947.46	response	R	-0.0132115630078561	0.0319118721086962	624	10	0.679016814338893	0.845073118409417
metabat_SRR6000902.41_sub	response	R	-0.0240086561537551	0.0580007505626102	624	18	0.679064505017676	0.845073118409417
semibin_ERR12405974.32	response	R	-0.00909201445768821	0.0219516924413781	624	4	0.6788832206731	0.845073118409417
metabat_SRR16554694.1	response	R	-0.0226784606251006	0.0548422006149655	624	23	0.679367614324782	0.845309653896959
metabat_SRR16554778.1_sub	response	R	0.00624551253985442	0.015126383733204	624	4	0.679830695104065	0.845745123604758
semibin_SRR16554630.22	cancer_type	Other	-0.0277957437058271	0.0645685073664013	624	11	0.679999182135326	0.845783852368619
maxbin_SRR5930529.023_sub	cancer_type	Other	-0.0750988186073472	0.176420261426121	624	23	0.680088032133259	0.845783852368619
semibin_SRR16554780.22	cancer_type	Other	0.0862534157545142	0.201255174196107	624	47	0.68074686338903	0.846462428404251
semibin_ERR6233695.63_sub	response	R	0.00856312998750714	0.0208164859988919	624	5	0.680948475699378	0.846572352664995
semibin_SRR16554669.51_sub	cancer_type	Other	-0.0810296063663484	0.191219281993954	624	28	0.681195291241458	0.846597704487888
maxbin_SRR16554654.015	response	R	0.0171093739422626	0.0416214249411261	624	26	0.681163650734823	0.846597704487888
maxbin_SRR16168918.042_sub	cancer_type	Other	-0.238880990611647	0.563855093318888	624	93	0.681730653464005	0.847122270954441
maxbin_SRR16168942.005	response	R	-0.0115684405200224	0.028265766607609	624	4	0.682479792247462	0.847630607278943
semibin_SRR5930510.47_sub	cancer_type	Other	-0.0797573313277795	0.18871259775924	624	33	0.682332125166782	0.847630607278943
maxbin_ERR6279657.031_sub	cancer_type	Other	-0.0195299643178939	0.0455082212238231	624	14	0.682369177168511	0.847630607278943
semibin_ERR6279666.66	response	R	0.0077397202664092	0.0189205772295486	624	3	0.682634303786247	0.84768172097535
metabat_ERR6281000.20	cancer_type	Other	0.0425203682480903	0.096650831280112	624	30	0.682975394834089	0.847964469960039
semibin_ERR2162202.9	response	R	-0.0486776793755598	0.119316109306716	624	75	0.683434558982195	0.848252884990682
metabat_SRR13068843.68	response	R	0.0365932950543975	0.0896642323450169	624	92	0.683331971783758	0.848252884990682
metabat_SRR13022394.10	cancer_type	Other	0.0202924676725332	0.0498582514807983	624	19	0.684145885138949	0.848853978607775
metabat_SRR20881986.9_sub	response	R	0.0193377908343575	0.0475093758251943	624	22	0.68412618152193	0.848853978607775
semibin_ERR6279622.2	response	R	0.0184322382775844	0.0453389730249087	624	15	0.684483797781391	0.848859382749216
metabat_ERR6232527.17	cancer_type	Other	-0.0121994149214057	0.0293441513146958	624	4	0.684490783361563	0.848859382749216
semibin_SRR16554681.35	response	R	0.00440765093336934	0.0108408630776675	624	2	0.684458797364733	0.848859382749216
semibin_SRR11413652.68	cancer_type	Other	-0.0488109161377565	0.116791745722706	624	11	0.685173932552485	0.849565688547087
semibin_SRR16554762.1	response	R	-0.0261301670034228	0.0646008049936327	624	28	0.685994591169238	0.849709839189502
maxbin_ERR6281000.059	cancer_type	Other	-0.153322387231382	0.365616873622492	624	49	0.686085585587886	0.849709839189502
semibin_ERR6281751.6	cancer_type	Other	-0.0216981453171948	0.0524775224102865	624	8	0.685753173768305	0.849709839189502
metabat_ERR6232458.9	response	R	-0.02457035407058	0.060715015013692	624	11	0.685850109726033	0.849709839189502
metabat_SRR13068828.35	cancer_type	Other	-0.148156554782985	0.354487605574193	624	46	0.685697513774694	0.849709839189502
semibin_SRR16554664.19	response	R	-0.0104627858077528	0.025872260384379	624	7	0.686056890422347	0.849709839189502
metabat_ERR6279644.22	response	R	-0.00483598923270692	0.0119508801907684	624	4	0.685870235766101	0.849709839189502
semibin_SRR5930536.61_sub	response	R	-0.0257521437149924	0.063716306787716	624	31	0.686228378531091	0.849745953743252
semibin_SRR8387683.16	response	R	-0.0948769194691705	0.235117243530257	624	234	0.686697214622677	0.849763655626077
maxbin_SRR16554789.004	cancer_type	Other	0.0148375889086503	0.036763907462715	624	5	0.686652300593687	0.849763655626077
maxbin_SRR11413686.007	response	R	-0.019309385257216	0.0478171739806057	624	17	0.686487358674925	0.849763655626077
semibin_ERR6281658.34	cancer_type	Other	-0.00748359342767716	0.0180792455319557	624	3	0.686379416260836	0.849763655626077
maxbin_ERR12405991.007	response	R	-0.0262174865322496	0.0650154368959669	624	39	0.686904159947395	0.849879104580844
metabat_SRR20881987.29	cancer_type	Other	-0.287855604308337	0.692924768009326	624	107	0.687374827640063	0.850039517296575
maxbin_SRR5930510.007_sub	cancer_type	Other	-0.229473478464924	0.551639156254446	624	96	0.687185957543139	0.850039517296575
maxbin_SRR23364192.019	cancer_type	Other	-0.0536134186823136	0.129124613263024	624	15	0.687302667624795	0.850039517296575
semibin_SRR20881980.56	cancer_type	Other	-0.196114299031396	0.473141777689855	624	112	0.687963748722474	0.850553168379962
semibin_ERR2162221.24_sub	cancer_type	Other	-0.0578598864353004	0.138647272027289	624	34	0.688017667227921	0.850553168379962
semibin_ERR6279614.29	cancer_type	Other	-0.173340381712256	0.418047683149423	624	114	0.688478613845062	0.850565140778764
metabat_SRR5930529.3	cancer_type	Other	0.0702760850443734	0.168685162676149	624	67	0.688226201576084	0.850565140778764
semibin_SRR8387712.32	cancer_type	Other	0.0697888147616942	0.166087635186449	624	27	0.688389228178853	0.850565140778764
semibin_ERR6280907.75	response	R	0.062698695388358	0.156315368404453	624	83	0.688482321093054	0.850565140778764
maxbin_SRR23364230.029	response	R	0.00347656336085997	0.00867421692397813	624	2	0.688710563161346	0.850706572732168
semibin_SRR11413610.57_sub	response	R	-0.0115106952012157	0.028732516781003	624	7	0.688841381786677	0.850727638811027
semibin_ERR12405912.11	cancer_type	Other	-0.0356912529094107	0.0892772918589188	624	34	0.689456217414616	0.851236363488788
semibin_ERR12405955.92	response	R	-0.0103828562550203	0.025973625405239	624	4	0.689480964649851	0.851236363488788
semibin_SRR23364207.32	response	R	0.0223532926870956	0.0559628310336784	624	16	0.689713579992135	0.851242474200559
semibin_ERR12405968.41	cancer_type	Other	-0.0596268359925876	0.145981821554439	624	38	0.689666274859257	0.851242474200559
semibin_ERR6281997.36	response	R	0.0176501165482941	0.0442201478244906	624	23	0.68992599841965	0.851364128082862
semibin_SRR16554765.8	cancer_type	Other	-0.221148212918178	0.538430253674485	624	126	0.690780184015937	0.85191343211283
semibin_SRR16168940.103	cancer_type	Other	-0.0356119764893302	0.0895165233753541	624	29	0.690895364753961	0.85191343211283
maxbin_ERR6231548.005	cancer_type	Other	-0.0436925212270437	0.107501462087689	624	24	0.690926435298705	0.85191343211283
semibin_SRR13068835.130	response	R	-0.0156846038449876	0.0394057891732621	624	11	0.690746408340122	0.85191343211283
semibin_ERR6281997.61	response	R	0.0080822541078554	0.0203192004043028	624	4	0.690940754983192	0.85191343211283
semibin_ERR6280907.143_sub	response	R	0.00409269167549462	0.0102943975608909	624	3	0.691087752207162	0.851954205572891
maxbin_SRR5930514.007	response	R	0.00630499327245121	0.0158692961242867	624	3	0.691277330660471	0.852047449922367
maxbin_SRR20881983.049_sub	cancer_type	Other	-0.012282389077203	0.0302256049901793	624	6	0.691673132209118	0.852261814471632
semibin_ERR12405943.65	response	R	0.00707991566289007	0.0178442322283363	624	6	0.691679185882366	0.852261814471632
maxbin_SRR13022461.002	cancer_type	Other	-0.0131648465171779	0.032255871798638	624	9	0.692118004874285	0.852468714486311
semibin_SRR16554656.6	cancer_type	Other	-0.0654252342588115	0.160179295989086	624	23	0.691971314048116	0.852468714486311
semibin_ERR6239138.5	response	R	0.0201798578522014	0.0509701546098072	624	24	0.692303677382205	0.852468714486311
semibin_SRR11413649.35	response	R	0.0151950220762496	0.0383944152355408	624	12	0.692417086358633	0.852468714486311
maxbin_SRR5930534.026_sub	response	R	0.0180223087820264	0.0455155435222511	624	19	0.692271021877433	0.852468714486311
semibin_SRR5930531.50	response	R	-0.03001741803846	0.0759628116951959	624	31	0.692860960142196	0.852616195365263
metabat_ERR12405912.60_sub	cancer_type	Other	-0.0151295690685007	0.0371585392211527	624	8	0.692878927418388	0.852616195365263
metabat_SRR16168976.38	response	R	0.0368531075525206	0.0932149923399295	624	47	0.692716330219848	0.852616195365263
semibin_SRR11413614.10	response	R	-0.00968438147981993	0.0245318796569392	624	6	0.69315024879698	0.852809733547848
metabat_ERR12405922.1	response	R	0.0136464216681459	0.0346080844037109	624	13	0.69348525220786	0.853081545650662
metabat_SRR25825505.1	cancer_type	Other	-0.0199920223064639	0.0485757472718697	624	8	0.693639312348712	0.85313072002363
maxbin_SRR5930494.018	response	R	0.0290263098566892	0.0736832253459919	624	54	0.693766065135566	0.853146297497741
maxbin_SRR11413649.010	cancer_type	Other	0.0746232093719954	0.189746617445131	624	119	0.694248990098968	0.853358301574134
semibin_ERR12405986.41	response	R	-0.0181476889481371	0.0461438357078359	624	27	0.694244085898102	0.853358301574134
semibin_SRR20881974.45_sub	response	R	0.00971930043175728	0.0247161318955161	624	4	0.694280811283369	0.853358301574134
semibin_SRR11413657.102	cancer_type	Other	-0.266270856399965	0.657379891386378	624	104	0.694629237767965	0.853408022712041
semibin_SRR6000901.30	cancer_type	Other	-0.119812353304494	0.295661960944318	624	38	0.694967824186667	0.853408022712041
maxbin_SRR16554718.005	response	R	-0.0136247139141081	0.0347168731433536	624	12	0.694859234231397	0.853408022712041
semibin_SRR5930498.69	cancer_type	Other	0.020962347701464	0.0534373303689942	624	19	0.69498660225944	0.853408022712041
metabat_SRR23364240.26_sub	response	R	-0.0127092922269061	0.0323388105660962	624	11	0.694451181786426	0.853408022712041
metabat_SRR25825515.33	response	R	-0.00393595311574909	0.0100342076349551	624	4	0.695005998705046	0.853408022712041
semibin_SRR5930498.20	response	R	0.0105637104649903	0.0269590002139568	624	6	0.695309873215488	0.853500858815729
maxbin_ERR6279682.017	cancer_type	Other	0.0185162629186091	0.0460611888725115	624	14	0.695247345832454	0.853500858815729
semibin_ERR6279669.46_sub	cancer_type	Other	0.0864415957651639	0.212690395717739	624	28	0.695953185911729	0.853545299389586
maxbin_SRR5930507.021	cancer_type	Other	-0.0874424760075178	0.216729191215205	624	26	0.695604754265498	0.853545299389586
semibin_ERR6279669.146	response	R	-0.0326797045349922	0.0835524293375505	624	50	0.695837182222	0.853545299389586
semibin_ERR6248618.3	response	R	-0.0175623531931724	0.0449319843205715	624	20	0.696030922128603	0.853545299389586
semibin_ERR6279626.23	response	R	-0.0140364975828659	0.0358830635993653	624	8	0.695803420044266	0.853545299389586
semibin_SRR5930528.83_sub	response	R	0.0137892753624219	0.0352525963773322	624	9	0.69581589682883	0.853545299389586
maxbin_SRR16168929.017	cancer_type	Other	-0.068230266478073	0.169553914509029	624	22	0.696273147277602	0.853562392679001
metabat_SRR11413606.21	cancer_type	Other	0.016987627096661	0.0421463396216952	624	5	0.696209835164673	0.853562392679001
metabat_SRR11413645.3	cancer_type	Other	0.0164877273332403	0.0409740459041877	624	15	0.69654102063409	0.853610906637451
maxbin_ERR12405988.009	cancer_type	Other	0.0300514997803572	0.0739910052378376	624	16	0.696481689620814	0.853610906637451
semibin_ERR6232458.31	response	R	0.00832037459560501	0.021333303831582	624	3	0.696657313111976	0.853613532271237
maxbin_ERR12406000.010	cancer_type	Other	0.0956103083980168	0.234392795502152	624	114	0.697734120435316	0.85363145961367
maxbin_SRR5930515.007	response	R	0.0559509797720338	0.144034932112709	624	121	0.697813467854823	0.85363145961367
metabat_SRR20881979.25	cancer_type	Other	0.0295054587082101	0.073023043962599	624	24	0.697137914071171	0.85363145961367
maxbin_ERR12405949.018	response	R	0.0296582496429721	0.0763179072679467	624	37	0.697694571921995	0.85363145961367
metabat_SRR25825510.12_sub	response	R	0.0355243647032762	0.0912004501922619	624	58	0.697025391690943	0.85363145961367
semibin_ERR12405973.28	response	R	-0.0110582933818704	0.0284233190496156	624	5	0.697367292400979	0.85363145961367
semibin_SRR5930510.20_sub	cancer_type	Other	-0.142780418274337	0.356025380809348	624	48	0.697629757151303	0.85363145961367
semibin_SRR11413678.34	cancer_type	Other	0.0346141518045695	0.0865091163204588	624	21	0.697153239540534	0.85363145961367
metabat_SRR16554632.20	cancer_type	Other	-0.0048571756545759	0.0124608439392619	624	3	0.696821730448201	0.85363145961367
maxbin_SRR11413678.037	cancer_type	Other	0.0127267640560261	0.0312723029964765	624	6	0.697379443365954	0.85363145961367
maxbin_SRR11413655.009_sub	cancer_type	Other	-0.193814595918733	0.485679574014733	624	125	0.698846495307314	0.853780783869665
maxbin_SRR16554722.014	cancer_type	Other	-0.0742779392191517	0.185866941299972	624	27	0.698285801170409	0.853780783869665
metabat_SRR16554706.13	cancer_type	Other	0.0612220687253938	0.153358292948589	624	16	0.699020045179051	0.853780783869665
metabat_SRR16554788.7	cancer_type	Other	-0.0476734332884984	0.11691970870998	624	17	0.698157342573298	0.853780783869665
semibin_SRR11413652.29	cancer_type	Other	0.0549975740336531	0.137831042642261	624	15	0.698688524266575	0.853780783869665
metabat_ERR12405955.18	cancer_type	Other	-0.00920342303168904	0.0218756059363637	624	5	0.698939161092524	0.853780783869665
metabat_SRR6000932.38	response	R	0.010031281483932	0.0259326789939796	624	4	0.699021958026453	0.853780783869665
maxbin_ERR6275677.011	cancer_type	Other	0.0179609410478016	0.0431735063668161	624	6	0.699077258576352	0.853780783869665
metabat_ERR12405987.26	response	R	-0.00724213947005359	0.018683287996253	624	5	0.698425200380195	0.853780783869665
maxbin_ERR6279625.025_sub	response	R	-0.00647989212845287	0.0167084792375198	624	4	0.698281868064789	0.853780783869665
semibin_SRR11413657.56	response	R	-0.00627144838945512	0.0162233041724709	624	4	0.699206731050003	0.853799466817754
metabat_SRR6000907.1_sub	response	R	0.0659806842071594	0.170779034297358	624	128	0.699369524628475	0.85385882533416
maxbin_SRR16554660.004	cancer_type	Other	-0.00797647804689941	0.0202130891784477	624	3	0.700314458861584	0.854872922521535
metabat_SRR16554626.7	cancer_type	Other	-0.149580872022575	0.377814802828402	624	127	0.70123561706781	0.854880982137771
semibin_ERR2162202.30	cancer_type	Other	-0.0478709088936384	0.120985351508499	624	17	0.701191849219991	0.854880982137771
maxbin_ERR2162201.005	cancer_type	Other	0.0221803066262687	0.0547028106916477	624	7	0.700974047762928	0.854880982137771
maxbin_SRR25825518.002	cancer_type	Other	0.0356632476185454	0.0873783113054231	624	6	0.701191402422053	0.854880982137771
semibin_SRR23364230.99	cancer_type	Other	-0.016557734561257	0.0431170562961208	624	12	0.701096404396065	0.854880982137771
metabat_ERR6280899.67	cancer_type	Other	-0.0302227823920884	0.0767806648310443	624	25	0.701179039845935	0.854880982137771
semibin_ERR6279655.27	cancer_type	Other	-0.0088762419342596	0.0224873870922349	624	6	0.701147158400716	0.854880982137771
metabat_SRR23364174.33	response	R	-0.00434706397249806	0.0113061704142732	624	3	0.700750172830558	0.854880982137771
maxbin_SRR11413655.005	cancer_type	Other	0.248723324982395	0.630882913242463	624	374	0.701605696105031	0.855152651896731
maxbin_SRR16554726.001	cancer_type	Other	-0.0112248320858326	0.0285651308654663	624	4	0.701687171976242	0.855152651896731
metabat_SRR23364176.32	cancer_type	Other	0.0127980540768719	0.0334338739365915	624	9	0.702008644363939	0.855405025672728
metabat_SRR11413613.3	cancer_type	Other	-0.0343613142038372	0.0898513125693618	624	36	0.7022776053826	0.855432730926486
metabat_ERR6281000.13	response	R	0.0334330650552075	0.0874891679711493	624	49	0.702488954348696	0.855432730926486
semibin_SRR20881984.71	response	R	0.0251156715458016	0.0656522106519715	624	27	0.702179676753503	0.855432730926486
metabat_ERR6239139.39	response	R	-0.0183627681306403	0.0480439949226152	624	13	0.702438527765213	0.855432730926486
semibin_SRR25825503.23	response	R	-0.00792455738238274	0.0207487377063524	624	4	0.702644731133146	0.855483116153315
metabat_ERR12405957.9	response	R	-0.0159412753558117	0.0417783490620105	624	10	0.702912643841005	0.855669990337463
metabat_ERR6232524.19_sub	response	R	-0.0129906594013304	0.0340613300146208	624	11	0.703044142541309	0.85569077114647
semibin_SRR25825513.29	response	R	0.0094018050273347	0.0246750692213114	624	4	0.703315573322788	0.855881831945941
maxbin_SRR13022461.002	response	R	0.010480887610593	0.0276519784461025	624	9	0.704796761214634	0.856569182571597
metabat_SRR16554652.48	cancer_type	Other	-0.269725980932943	0.689666194007346	624	116	0.704721947188237	0.856569182571597
maxbin_SRR6000892.009	cancer_type	Other	0.0131672800379346	0.0335021704947673	624	6	0.704592741409901	0.856569182571597
metabat_ERR6275668.37	response	R	0.00354164163813565	0.00933456524473599	624	2	0.704512397280069	0.856569182571597
semibin_SRR11413647.85	response	R	-0.00429375682890962	0.0113017792677099	624	3	0.704135692907501	0.856569182571597
maxbin_SRR11413619.035_sub	cancer_type	Other	0.0247424076562849	0.0632501215350359	624	7	0.704365566789325	0.856569182571597
maxbin_ERR6279624.026_sub	response	R	-0.00555987671357614	0.0146346796265768	624	4	0.70414163423209	0.856569182571597
metabat_SRR23364231.86	cancer_type	Other	-0.0072257446709237	0.0180689096678928	624	2	0.704457970245329	0.856569182571597
metabat_SRR13068828.29	response	R	0.0534829018590447	0.141292840972854	624	105	0.705170028898963	0.856589298056146
metabat_SRR16554785.19	cancer_type	Other	-0.0718026749265186	0.184190317223948	624	26	0.705271504163104	0.856589298056146
semibin_SRR5930505.26	response	R	0.0131668556264281	0.0347912688711561	624	15	0.705223539167367	0.856589298056146
metabat_SRR16554733.8	cancer_type	Other	-0.0111298954843357	0.0281299803523581	624	2	0.704986585875562	0.856589298056146
semibin_SRR5930501.2	cancer_type	Other	-0.193478559256503	0.496403148032255	624	138	0.705574080078379	0.856817630858415
maxbin_SRR16554790.013_sub	cancer_type	Other	-0.128138834103789	0.330568511391308	624	113	0.706538937870389	0.856845666381065
semibin_SRR5930501.70	response	R	0.0198144835185839	0.0527339834671182	624	32	0.707236831367681	0.856845666381065
metabat_ERR12405947.12_sub	response	R	0.0296206265566911	0.078798540549841	624	30	0.707117252537189	0.856845666381065
semibin_SRR5930522.30_sub	response	R	0.0190572140579367	0.0507240510697428	624	19	0.707266407849437	0.856845666381065
semibin_ERR6264281.17	response	R	0.0139725440895206	0.0370455722506855	624	19	0.706175080206648	0.856845666381065
metabat_SRR25825495.14	cancer_type	Other	0.105611653514483	0.269884468462324	624	37	0.706684868889932	0.856845666381065
metabat_ERR6279619.32	cancer_type	Other	-0.0333017784659018	0.0665864663888962	624	18	0.707430481978697	0.856845666381065
semibin_ERR6271719.38	cancer_type	Other	-0.0251137080504614	0.0641012752942437	624	12	0.706781436383829	0.856845666381065
semibin_ERR12405995.2	response	R	0.0127094727653877	0.0338260068358412	624	14	0.707247123074535	0.856845666381065
semibin_ERR6275677.28	cancer_type	Other	-0.0402962492778343	0.10367319248106	624	26	0.706939818879727	0.856845666381065
semibin_SRR11413613.5	response	R	0.00831421197687954	0.0220621932786777	624	10	0.706412174736932	0.856845666381065
semibin_SRR16554650.13	cancer_type	Other	-0.00910050484768315	0.0236568004523983	624	3	0.707369534395311	0.856845666381065
semibin_SRR5930528.83_sub	cancer_type	Other	-0.0233086650640725	0.057522876880639	624	9	0.706189484842976	0.856845666381065
metabat_ERR12406005.5	response	R	0.00655736516706046	0.0173711318929977	624	3	0.705941181195324	0.856845666381065
semibin_SRR25825504.123_sub	response	R	0.00266505317007561	0.00706307982687793	624	2	0.706063492801493	0.856845666381065
metabat_SRR5930498.62	cancer_type	Other	-0.00716202878756906	0.0190188409706743	624	5	0.706617757535848	0.856845666381065
metabat_SRR16554669.42	response	R	-0.00733320660614279	0.0195527614490377	624	3	0.707753808908357	0.857098458788128
semibin_SRR16554784.78	cancer_type	Other	-0.0359124414081538	0.0924562297928856	624	20	0.708456749431708	0.85739433116205
semibin_SRR5930504.41	cancer_type	Other	-0.134338205079835	0.348058037571019	624	47	0.708435824712274	0.85739433116205
semibin_SRR23364171.26	response	R	0.0150544982651796	0.0402297407206547	624	13	0.708373474390169	0.85739433116205
maxbin_SRR13068851.002	response	R	-0.00644772360471424	0.0172236797430743	624	3	0.708271512288036	0.85739433116205
semibin_SRR13022308.4	cancer_type	Other	-0.208967032138837	0.543908550755707	624	148	0.709278541570979	0.858129974130213
metabat_ERR12405976.3_sub	response	R	0.0245765470716912	0.0658932220683195	624	33	0.709294112075267	0.858129974130213
metabat_SRR5930523.19	cancer_type	Other	-0.0705182168626397	0.184695454855251	624	44	0.709580789857375	0.858327887004772
semibin_SRR13068823.83	response	R	0.00833674360240477	0.0223837039624523	624	10	0.7096872593408	0.858327887004772
maxbin_SRR16554769.012	response	R	-0.0172140626338299	0.0462602184987532	624	20	0.709935117617458	0.858488811375056
maxbin_SRR13022456.004	response	R	0.00920726323855279	0.0247566929018579	624	9	0.71008714984404	0.858533824823561
metabat_SRR6000877.22	response	R	0.0201373770877138	0.0541976963621411	624	37	0.710351615473644	0.858704117322866
maxbin_SRR16554720.002	response	R	0.0083570904695148	0.0225075925645657	624	4	0.710540031341411	0.858704117322866
maxbin_ERR12405955.019	cancer_type	Other	-0.0279378278984226	0.0734447144946677	624	15	0.710572489702313	0.858704117322866
semibin_SRR16554786.37	response	R	0.0489070808126162	0.13190454199586	624	95	0.710930844753408	0.858850297338967
semibin_SRR13068825.10	cancer_type	Other	-0.0343043459991073	0.0887012342838032	624	32	0.711038003587262	0.858850297338967
semibin_ERR6281340.57	cancer_type	Other	0.0290910504617032	0.072123138824821	624	13	0.71087190556188	0.858850297338967
metabat_SRR25825493.27	cancer_type	Other	-0.31570219368156	0.830716027817151	624	212	0.711528174301709	0.859026103879267
metabat_SRR16554643.9	response	R	0.0268403601896957	0.0724972502027784	624	23	0.711340598745522	0.859026103879267
semibin_SRR25825500.32	cancer_type	Other	-0.0130769637135923	0.0331231715719972	624	3	0.711446549137593	0.859026103879267
metabat_ERR12405966.8	cancer_type	Other	-0.114206600211587	0.30076319684331	624	34	0.712395297953127	0.859365603377337
metabat_SRR11413619.66	response	R	-0.032337233377058	0.0876592952446277	624	50	0.712330388511028	0.859365603377337
maxbin_SRR13068829.001	response	R	-0.00497791767261752	0.013490570146859	624	3	0.712259515999448	0.859365603377337
semibin_ERR12406009.9_sub	response	R	0.043061328670651	0.116670342244626	624	53	0.712189839889979	0.859365603377337
semibin_ERR6279646.18	response	R	0.0228204467663383	0.0618992748238184	624	23	0.712498895552218	0.859365603377337
metabat_ERR6280899.36	response	R	-0.00188249380117724	0.00510183968922492	624	2	0.71226624391985	0.859365603377337
semibin_SRR11413618.30	response	R	0.024106054005184	0.0654287650291241	624	20	0.712677084120666	0.859441902121325
semibin_SRR13068843.60_sub	cancer_type	Other	-0.18092979940403	0.477180591717074	624	73	0.713261516498794	0.859730757636683
semibin_SRR5930520.41	cancer_type	Other	-0.0232828210337637	0.0619087837963703	624	14	0.713173989331543	0.859730757636683
semibin_SRR11413646.13	response	R	-0.0053849849366834	0.0146410770918744	624	4	0.713147865756551	0.859730757636683
metabat_SRR5930529.8	cancer_type	Other	0.0736472667253872	0.194449466260657	624	67	0.713902822953627	0.859980960036343
metabat_SRR13068834.6	cancer_type	Other	-0.00556015949584673	0.0143878456469689	624	2	0.713929098676868	0.859980960036343
semibin_SRR20881988.34	response	R	0.00865571442276277	0.0235831475300623	624	10	0.713722268385932	0.859980960036343
metabat_ERR6275677.50	response	R	0.00876296957437446	0.0238918574304711	624	6	0.713910807909793	0.859980960036343
maxbin_SRR13022456.004	cancer_type	Other	-0.0110152895025658	0.0291938785714112	624	9	0.714261887642973	0.860188732758645
metabat_SRR6000893.52	cancer_type	Other	-0.0753277316855991	0.19958674644629	624	32	0.714331643545224	0.860188732758645
metabat_SRR11413608.104_sub	cancer_type	Other	-0.0228804071177309	0.060233199058746	624	21	0.714911815487835	0.860333208274547
semibin_SRR16554643.19	cancer_type	Other	-0.00970947333403865	0.0265432061190715	624	2	0.714639775458937	0.860333208274547
metabat_SRR5930520.89	response	R	0.00958322553857802	0.0262189637049469	624	6	0.714857493408465	0.860333208274547
maxbin_SRR16554786.015	response	R	-0.00173749757136206	0.0047545334602423	624	2	0.714907514652209	0.860333208274547
metabat_SRR16554721.12_sub	cancer_type	Other	0.0211369106029408	0.0578865721300182	624	24	0.715128550982948	0.860455559815042
semibin_ERR6275666.3	response	R	0.0231113406916182	0.0633384761658272	624	24	0.715320535924803	0.860548096468094
semibin_SRR16168913.44_sub	cancer_type	Other	-0.196887409896619	0.525259845520174	624	133	0.715952100236263	0.860632928245068
semibin_ERR12405986.41	cancer_type	Other	0.0225271483053401	0.0601485979974254	624	27	0.715913349346535	0.860632928245068
maxbin_ERR6280910.001	response	R	-0.0135306508034989	0.0371699850124933	624	4	0.715966494599167	0.860632928245068
metabat_SRR11413684.26	response	R	0.0108027105928159	0.0296497743386811	624	10	0.715726362672498	0.860632928245068
metabat_SRR25825505.39	response	R	0.00706471212434002	0.0194049740096173	624	4	0.715932122338251	0.860632928245068
semibin_ERR12405963.13	cancer_type	Other	0.0583689140375639	0.15543812250294	624	24	0.716412487738973	0.860947624712721
semibin_SRR5930501.71	response	R	0.0033502405126069	0.00922013202370964	624	2	0.716458554237398	0.860947624712721
maxbin_SRR16554788.028_sub	cancer_type	Other	0.0596906759816488	0.158415366250767	624	31	0.716758998751948	0.861096843387866
semibin_ERR6282137.10	response	R	-0.00181704243031421	0.00500718993827706	624	2	0.716813031571205	0.861096843387866
semibin_ERR6279624.16	cancer_type	Other	-0.0676653567337888	0.181114050443181	624	30	0.717179346249333	0.861398514496067
semibin_ERR6279670.187	response	R	0.0111094117109189	0.0307423084688153	624	8	0.717944248074412	0.862178751742485
metabat_SRR11413655.33	cancer_type	Other	0.0222127758496745	0.0594609376509293	624	10	0.718106836675698	0.862235537036107
metabat_SRR5930498.62	response	R	0.00620072927619126	0.0171880366989685	624	5	0.71840271703967	0.862452322687855
metabat_SRR16554632.45	cancer_type	Other	-0.0209032928673968	0.0579956797319279	624	9	0.718649314152916	0.862609883023356
semibin_ERR12405997.136	response	R	-0.0121831702854571	0.0338221283216972	624	8	0.71881033246932	0.862643463886737
semibin_SRR20881980.162	response	R	0.0349397483481341	0.0970322731728751	624	57	0.718908005742464	0.862643463886737
semibin_ERR12405998.4	response	R	0.00898729764717218	0.025032986754537	624	10	0.719703511524906	0.86324835866609
metabat_ERR6275665.22_sub	cancer_type	Other	-0.0314629679484388	0.0843587670325525	624	12	0.719686014397331	0.86324835866609
semibin_SRR5930507.83_sub	cancer_type	Other	0.107353891361015	0.28960165245618	624	24	0.719758426889954	0.86324835866609
semibin_SRR25825511.32_sub	response	R	-0.0327258901045074	0.0912229967989654	624	31	0.719907088720555	0.863288199078305
semibin_SRR16554777.37	cancer_type	Other	-0.00984293817392619	0.0274602466072853	624	4	0.720133497571678	0.863421243360752
metabat_SRR5930522.11	cancer_type	Other	-0.0371653758636309	0.100421341775633	624	14	0.720510133228626	0.86373433412691
semibin_SRR16554695.47	response	R	-0.0345175391891535	0.0965908781931878	624	27	0.720945115436451	0.86385670815968
maxbin_SRR5930508.009	cancer_type	Other	-0.0878202875417038	0.238592679649148	624	25	0.720958774488441	0.86385670815968
metabat_SRR20881986.9_sub	cancer_type	Other	0.0449091183898147	0.120544975186978	624	22	0.720837441953202	0.86385670815968
metabat_SRR5930516.94	cancer_type	Other	-0.19011956932312	0.516718921324015	624	92	0.721398040748483	0.863899034013839
metabat_SRR5930528.116	cancer_type	Other	-0.097614198563633	0.264840788865638	624	27	0.721456200510354	0.863899034013839
metabat_SRR16168926.8	response	R	0.0174198799718423	0.0488285992519451	624	17	0.721395907075291	0.863899034013839
metabat_SRR16168926.39	response	R	0.00525385648079125	0.0147140222137131	624	3	0.721164790671645	0.863899034013839
semibin_SRR13068840.28	cancer_type	Other	0.0782600374007899	0.211816636891471	624	21	0.721726674677458	0.863962210609454
semibin_SRR6000905.76	response	R	-0.0199076444375362	0.055922369626972	624	11	0.721971095760696	0.863962210609454
metabat_SRR5930498.113	cancer_type	Other	-0.0419042592868845	0.114069304655912	624	30	0.721929661389112	0.863962210609454
semibin_SRR16554654.4_sub	response	R	0.00662203262971586	0.0186014374997194	624	6	0.721964655093642	0.863962210609454
semibin_SRR23364187.43_sub	response	R	0.024954211843309	0.0702078595872656	624	33	0.722385748294696	0.864320100119638
metabat_SRR16554652.18	cancer_type	Other	-0.0764220112579127	0.209058841324571	624	32	0.722822104977848	0.864422115359584
semibin_SRR5930532.36	cancer_type	Other	-0.0560807509127339	0.154742345568395	624	28	0.722784723953364	0.864422115359584
semibin_SRR16554639.10	response	R	-0.00690591759035955	0.0194696412489851	624	3	0.72293339254598	0.864422115359584
metabat_ERR6279678.10	response	R	-0.0116131674958471	0.032700598432621	624	10	0.722608122094669	0.864422115359584
metabat_SRR16554654.18	response	R	-0.0456514902524768	0.129036327594553	624	136	0.72361903110568	0.864485615360036
semibin_ERR6233692.26	response	R	0.0134620601694147	0.0380578724143456	624	12	0.723664445692299	0.864485615360036
metabat_ERR6275666.56	cancer_type	Other	-0.0227430551231449	0.0628552923223832	624	10	0.723168444724629	0.864485615360036
metabat_ERR6279624.6_sub	cancer_type	Other	0.0122044581500953	0.0344920320970904	624	8	0.723583291912069	0.864485615360036
maxbin_SRR5930504.019	cancer_type	Other	-0.0269648299123906	0.072921935335077	624	13	0.723258723258569	0.864485615360036
maxbin_ERR6281518.036_sub	response	R	0.00314385739882711	0.00888835109767709	624	2	0.723680121978313	0.864485615360036
semibin_ERR6279657.67	cancer_type	Other	-0.00462769775887237	0.0123993067266666	624	4	0.72395603486706	0.864677084928267
semibin_SRR5930507.17_sub	cancer_type	Other	-0.0718273076109443	0.197798364318549	624	31	0.7242511028764	0.864891368142721
metabat_SRR16554753.15	cancer_type	Other	-0.00756608006179337	0.0209790717089683	624	4	0.724811356822495	0.865422214005847
semibin_ERR12405983.41	cancer_type	Other	0.0196158200456088	0.051892316287146	624	11	0.725056659817283	0.865576900081999
semibin_SRR11413690.7	response	R	-0.0505422902467176	0.143904266979237	624	96	0.725541377873269	0.865583036476428
semibin_SRR5930506.72	response	R	0.0228872557446349	0.0651541482830786	624	13	0.725499190627189	0.865583036476428
semibin_ERR6279626.75	cancer_type	Other	-0.00648319938857881	0.0180446882098878	624	4	0.725484093703049	0.865583036476428
metabat_SRR13068815.13_sub	cancer_type	Other	0.0113106458696116	0.0322253935840764	624	10	0.725718264390305	0.865583036476428
maxbin_ERR12405998.015	response	R	-0.00277018651959212	0.00789373624056265	624	3	0.725756303651672	0.865583036476428
metabat_ERR6281518.6_sub	cancer_type	Other	-0.0100371678696202	0.0271383124221339	624	7	0.725667387669182	0.865583036476428
semibin_ERR12405972.8	response	R	0.0147381064334024	0.0420304824326839	624	20	0.725968292534104	0.865697798049758
maxbin_SRR13068814.028	cancer_type	Other	-0.156593755469276	0.432646826905627	624	69	0.726129598864878	0.865752095075185
maxbin_SRR11413681.015_sub	response	R	0.0120669299402872	0.0344651642293379	624	11	0.726367673904247	0.865897890236882
semibin_ERR6279644.33_sub	cancer_type	Other	-0.0209855716796372	0.0588251473712032	624	8	0.726718686000334	0.866178248949713
metabat_ERR12405956.16	cancer_type	Other	-0.252309448173361	0.700965175312189	624	213	0.726959150053569	0.866301013428577
semibin_ERR2162221.14	cancer_type	Other	-0.00925205338784691	0.0253832833416452	624	2	0.727100162421728	0.866301013428577
metabat_SRR5930497.49	response	R	-0.00431941242173152	0.0123747110363416	624	5	0.727169224564212	0.866301013428577
semibin_SRR11413692.31	response	R	0.00754252782514456	0.021645076972987	624	4	0.727611242293254	0.866689530084255
maxbin_SRR8387683.015_sub	response	R	0.0208163371628616	0.0598193412977552	624	34	0.727968345918968	0.866976794200039
semibin_ERR6279646.22_sub	response	R	-0.0117089796433891	0.03369842349562	624	8	0.728361020647662	0.867030199363772
maxbin_ERR12405990.012	cancer_type	Other	0.00268529696703924	0.00772224179228776	624	3	0.728156726608441	0.867030199363772
metabat_ERR6280907.74	response	R	0.00892287237800883	0.0256703879215941	624	10	0.728263225768663	0.867030199363772
semibin_SRR5930536.78	response	R	-0.0119878751782466	0.0345348127765083	624	11	0.728615543362509	0.867195135009524
maxbin_SRR13022427.016_sub	cancer_type	Other	-0.0702543248086778	0.195950224489191	624	45	0.728968695336347	0.867477387607448
metabat_SRR16554627.10	cancer_type	Other	-0.0205471000164194	0.0575351008280467	624	19	0.730035979899856	0.868483015714238
semibin_ERR12406004.33	cancer_type	Other	0.0205664328957695	0.0595748938653139	624	9	0.730046033268213	0.868483015714238
metabat_SRR16554713.7	cancer_type	Other	-0.0782296259906042	0.2206241362164	624	144	0.730485453059941	0.868830147968408
maxbin_SRR23364183.002	cancer_type	Other	-0.0981535040806849	0.278830760878273	624	63	0.730802571639647	0.868830147968408
semibin_SRR11413618.78	cancer_type	Other	0.0604158545852641	0.169871077234009	624	47	0.730745053353798	0.868830147968408
metabat_SRR5930511.52	response	R	-0.0158414626192869	0.0460083814438904	624	15	0.73072586107305	0.868830147968408
metabat_ERR12405965.8	cancer_type	Other	0.00897478731262795	0.0261273798712828	624	4	0.731337672200362	0.869328105661151
metabat_ERR6275663.73	response	R	-0.00965129952729969	0.0281170609310081	624	4	0.731523396410465	0.86941067361053
semibin_SRR11413690.63	cancer_type	Other	-0.0887878070630195	0.250859076862327	624	31	0.731874429467544	0.869413341311881
semibin_SRR23364187.70	response	R	0.011914211122421	0.0347472584295991	624	11	0.731803335896512	0.869413341311881
maxbin_SRR16168984.062	response	R	0.00988152697896238	0.0288143172449588	624	14	0.731761130207367	0.869413341311881
semibin_SRR13068823.89	cancer_type	Other	0.00603345475915387	0.0172070508972281	624	5	0.732317830697798	0.869801896117874
maxbin_SRR25825509.002	response	R	-0.0781619194798755	0.228690831751654	624	174	0.732632359610363	0.869945188183143
metabat_SRR5930494.64	cancer_type	Other	-0.280663727292914	0.800515774641595	624	205	0.732829012755506	0.869945188183143
maxbin_ERR12405994.023	cancer_type	Other	-0.018164138805522	0.0447162905727156	624	16	0.732903809247633	0.869945188183143
semibin_SRR23364231.47	response	R	-0.0043226362591104	0.0126556245513428	624	3	0.732798709544255	0.869945188183143
semibin_ERR6281434.15	response	R	0.00296049451628865	0.00868392245255956	624	2	0.733281918056431	0.870255861486429
metabat_ERR6232687.8_sub	cancer_type	Other	-0.299672127982707	0.857398080484408	624	210	0.73367698893866	0.870586563516868
semibin_ERR12405974.119	cancer_type	Other	0.0111209409100871	0.0327400545574395	624	4	0.734216992384709	0.871038069149235
semibin_ERR6279665.27	cancer_type	Other	-0.0780463976286955	0.224185871691391	624	67	0.734290450376675	0.871038069149235
metabat_ERR12405967.21	cancer_type	Other	-0.0304391523738405	0.0866076185149076	624	25	0.734618335963143	0.871288805128054
metabat_SRR16554697.2	cancer_type	Other	-0.0161260013431542	0.0460279739221561	624	6	0.734791696335311	0.871356217125826
metabat_SRR16168938.30	response	R	-0.0317721766668829	0.0938727621178395	624	44	0.735131000580174	0.871620361873877
metabat_ERR6281505.14	response	R	0.0562740020725551	0.166350831694391	624	212	0.735263296138238	0.871639018472058
metabat_SRR5930526.41	cancer_type	Other	-0.0546336308942961	0.154862448508731	624	69	0.735567956701011	0.871801196100769
semibin_SRR20881976.18_sub	cancer_type	Other	-0.142929738689211	0.410748980840617	624	59	0.735749846027274	0.871801196100769
metabat_ERR6281518.82_sub	cancer_type	Other	0.0170177055350647	0.0492988237422458	624	10	0.735745467311765	0.871801196100769
semibin_SRR16554762.1	cancer_type	Other	-0.0552005711640237	0.158821949391855	624	28	0.735877881324686	0.871814764978771
semibin_ERR6264281.17	cancer_type	Other	0.0271524359317716	0.0749442390588388	624	19	0.736156379188323	0.871868451626589
maxbin_SRR16554672.011_sub	cancer_type	Other	-0.0353012788442761	0.101621460461142	624	14	0.736062365715793	0.871868451626589
semibin_SRR16554736.59	response	R	0.0139736320753005	0.0414769669613404	624	24	0.736306484076945	0.871908137439018
metabat_ERR6281343.50_sub	cancer_type	Other	0.010544800065802	0.029707868950572	624	5	0.736562275343462	0.87207294094655
semibin_SRR23364235.6	response	R	0.00457971707997038	0.0136335857926821	624	4	0.737049089707005	0.8723404150312
metabat_ERR6275663.3_sub	response	R	0.0109107214109935	0.0324920893866526	624	12	0.737138149583064	0.8723404150312
maxbin_SRR11413678.037	response	R	-0.00767669523706259	0.022845526064802	624	6	0.736964873236767	0.8723404150312
semibin_ERR12405984.5	cancer_type	Other	0.0462105783334214	0.127990971535314	624	47	0.737872884645111	0.872469230343367
semibin_SRR5930509.30	cancer_type	Other	-0.0903104552276597	0.261419243035047	624	59	0.737941887277351	0.872469230343367
semibin_SRR20881980.162	cancer_type	Other	-0.121096808121805	0.350468606140308	624	57	0.737747067809697	0.872469230343367
semibin_SRR16554750.10	cancer_type	Other	0.00975169492759884	0.027957613029779	624	4	0.737576314056909	0.872469230343367
semibin_ERR12405971.1	response	R	-0.0193264221250114	0.057738408365388	624	31	0.737947028874271	0.872469230343367
semibin_SRR16168918.151	response	R	0.00798415845631241	0.023807396101127	624	5	0.737463368735205	0.872469230343367
semibin_SRR16168918.53	response	R	-0.0300396444822944	0.0899846907987981	624	26	0.738620284569668	0.873127171674356
semibin_SRR13022263.2	response	R	0.0115816150557125	0.0347640641295097	624	16	0.739134534702872	0.873596973369381
semibin_ERR12405918.0	response	R	-0.031819044907234	0.0956683034918228	624	48	0.739550897224162	0.873743996850955
metabat_SRR8387681.3	response	R	0.0171049895591612	0.0514172588751352	624	32	0.739496556476485	0.873743996850955
semibin_SRR13068829.41	response	R	0.0103986715885659	0.0312723624100414	624	12	0.739609454408471	0.873743996850955
metabat_SRR16554660.12	cancer_type	Other	-0.0132890996580215	0.0387607772871162	624	5	0.739956261518711	0.874015625278301
metabat_SRR25825499.38	response	R	0.00826647672166498	0.0249716964129667	624	5	0.740732231603913	0.874794003148146
metabat_SRR16554633.8	response	R	0.0438699678232176	0.132616450732837	624	100	0.740904749631139	0.874800396739746
metabat_ERR6232526.6	response	R	0.0206428930376108	0.0624483040065486	624	16	0.74108859499148	0.874800396739746
metabat_ERR12405920.6_sub	cancer_type	Other	-0.0240109807516945	0.0692296322927105	624	14	0.741048296344228	0.874800396739746
maxbin_SRR16554767.001	response	R	0.00957000274556138	0.0289778780184419	624	8	0.741320933923678	0.874936544173179
semibin_SRR5930536.76	cancer_type	Other	0.0152996583106276	0.0446797901633341	624	7	0.741770242357249	0.875093989295415
semibin_SRR5930508.186	response	R	0.00615860362689031	0.0186844862187139	624	6	0.741805402265798	0.875093989295415
maxbin_SRR5930508.015	response	R	0.00871275555203331	0.0264264330603547	624	4	0.741739397813118	0.875093989295415
semibin_SRR11413683.123	response	R	0.0144212594492465	0.0438389152887894	624	16	0.742296911151428	0.87526425071536
semibin_ERR6279667.1	cancer_type	Other	-0.0493071240118887	0.145666854696586	624	40	0.742389559694959	0.87526425071536
maxbin_ERR12405944.004	response	R	0.00767564289793441	0.0233260349733806	624	3	0.742221999827457	0.87526425071536
maxbin_ERR6279657.025	response	R	0.0040846192924377	0.0124227888914121	624	3	0.742417911512106	0.87526425071536
maxbin_SRR16554656.025	cancer_type	Other	-0.0199477968306773	0.0591395798352944	624	16	0.743028941898852	0.875846536494264
metabat_ERR12405916.32	cancer_type	Other	-0.0106511269529626	0.0300130225067586	624	5	0.743324275343706	0.875918520488533
maxbin_SRR25825495.001	response	R	0.0180403445260748	0.0550502392680464	624	25	0.743243716960204	0.875918520488533
maxbin_SRR5930497.004	response	R	0.0277236974359879	0.0846741391144138	624	65	0.743463563867204	0.875944624326289
metabat_SRR25825514.34	response	R	0.00238357600476083	0.00728494811872682	624	2	0.743633008157725	0.87600624369935
maxbin_ERR6271721.021_sub	response	R	-0.0029080050753112	0.00889498154311025	624	3	0.743833848419996	0.876104822568079
maxbin_SRR16554785.015	response	R	0.0159171202987531	0.048717733356156	624	26	0.743989772152772	0.876150474985579
metabat_SRR6000947.61	response	R	0.0244945642353128	0.0751427663398211	624	47	0.744554092079127	0.876538964195168
maxbin_SRR16554632.002	cancer_type	Other	-0.0123090692135556	0.0377494739454592	624	12	0.744479275640467	0.876538964195168
semibin_ERR6279626.23	cancer_type	Other	-0.0168777015444681	0.0506320158263757	624	8	0.744870785107905	0.876773765313539
semibin_SRR5930518.29	cancer_type	Other	-0.11814894688505	0.352724134578683	624	42	0.74528262570702	0.877120471362463
maxbin_SRR11413655.007	response	R	-0.0131320863915306	0.0404379361894389	624	15	0.745482751986629	0.877217941676791
semibin_SRR20881988.7	cancer_type	Other	0.105818389719045	0.318515708286632	624	80	0.746235670262255	0.877827645465022
metabat_ERR6279666.13	response	R	0.00272945510209502	0.00842758764824842	624	2	0.746144724417136	0.877827645465022
semibin_ERR2162209.4	cancer_type	Other	-0.0212525547368839	0.0636460643066499	624	4	0.746873017452868	0.877886894767769
semibin_SRR23364225.25	response	R	-0.0183287989466889	0.056755641486735	624	17	0.746847842344533	0.877886894767769
semibin_SRR16554647.24	response	R	0.0239269304634159	0.0740037941697581	624	30	0.746561510596952	0.877886894767769
metabat_ERR6279626.59	cancer_type	Other	-0.0180867077093896	0.0548085268345846	624	8	0.746703545717302	0.877886894767769
metabat_SRR25825512.11	response	R	0.00445878222084152	0.0138074581927225	624	4	0.746860661556569	0.877886894767769
maxbin_SRR5930519.002	response	R	-0.0124061593242903	0.0385013338879564	624	10	0.747389374237167	0.878355766233778
semibin_SRR25825509.21	response	R	0.0586916156848299	0.182522910555636	624	146	0.747896374259877	0.878675426035406
maxbin_ERR12406005.005	cancer_type	Other	0.0216708849968421	0.0651421290592295	624	24	0.74782344889021	0.878675426035406
metabat_SRR16168926.8	cancer_type	Other	0.0173387736180666	0.0540296358599967	624	17	0.748384833716931	0.879111182302107
maxbin_SRR11413687.021	cancer_type	Other	0.0307089881630946	0.0916341106152265	624	28	0.748602449027656	0.879228697004682
semibin_SRR6000877.55	response	R	-0.00848410390439357	0.0264765989053296	624	8	0.748744253317894	0.879257149232288
metabat_SRR11413610.48	response	R	-0.00348441339677159	0.0108885642639418	624	3	0.749070901413243	0.879502622196299
semibin_ERR6267712.36	response	R	0.0338110223416504	0.105790520910221	624	61	0.749376999617756	0.879585811197862
metabat_SRR20881980.9_sub	cancer_type	Other	-0.025272181299898	0.0762397478792193	624	12	0.74927396117672	0.879585811197862
metabat_SRR5930498.97	cancer_type	Other	0.0474705224990103	0.144207907663007	624	24	0.749541364426455	0.879640665910394
metabat_ERR12405928.45	cancer_type	Other	0.0166683556162649	0.0215323384342596	624	4	0.74996697986974	0.880002051697147
metabat_ERR12405970.10	response	R	0.0487743646428402	0.153205676996148	624	183	0.750320460861777	0.880268197342657
metabat_SRR5930502.31	response	R	-0.0364248754815807	0.114577687214791	624	77	0.750664655583595	0.880268197342657
semibin_SRR11413611.29	response	R	-0.0190640353698117	0.0599138012680625	624	20	0.7504471975696	0.880268197342657
metabat_ERR6281518.58_sub	response	R	0.0279881339475769	0.0880255035534402	624	49	0.750626746126351	0.880268197342657
semibin_SRR5930504.31_sub	cancer_type	Other	-0.0243305603963542	0.0745050456857434	624	8	0.75095183076999	0.880466884681403
maxbin_ERR6281504.041_sub	cancer_type	Other	-0.00667199906070963	0.0202794891319868	624	5	0.75110917723734	0.880513313588466
maxbin_SRR5930519.014	response	R	0.00647968717615646	0.0204542992520405	624	4	0.751510558771106	0.88084576151886
metabat_ERR6232523.10	response	R	-0.019892556803921	0.0629208715272203	624	26	0.751993413722202	0.881273585302401
semibin_SRR16168930.147	response	R	0.00893892002377789	0.0283124451991737	624	9	0.752318528052725	0.881516445123516
semibin_ERR6279654.38	cancer_type	Other	-0.0265717469785315	0.0823301912028226	624	24	0.752521907004993	0.881616609836023
semibin_ERR12405959.9	response	R	-0.0183566321990092	0.0583354399364771	624	23	0.753115331760704	0.882173629527968
semibin_SRR6000905.60_sub	response	R	-0.0718294576820418	0.22923261478301	624	205	0.754122450808791	0.882247760817919
semibin_SRR13022392.1	response	R	-0.02486256505237	0.0793356223117103	624	32	0.754093684041051	0.882247760817919
metabat_SRR8387676.2	cancer_type	Other	0.0957790401327156	0.296252407834278	624	57	0.753808163455567	0.882247760817919
metabat_SRR16554736.34_sub	cancer_type	Other	0.0457898901944412	0.14077185824508	624	43	0.753422788027329	0.882247760817919
metabat_SRR20881977.30	response	R	-0.0267027633328131	0.0851910672550266	624	34	0.754048476536958	0.882247760817919
semibin_ERR12405982.7	cancer_type	Other	-0.0296558929445124	0.0912727095983445	624	8	0.753654397246559	0.882247760817919
maxbin_ERR6275678.010	response	R	0.00693299008054536	0.0220610405348345	624	3	0.753426111263473	0.882247760817919
semibin_SRR11413647.92	response	R	-0.00144348841516387	0.00459622136419638	624	2	0.753581204009997	0.882247760817919
metabat_SRR6000895.38	response	R	-0.00819733992251495	0.0261801883654501	624	7	0.754300679410165	0.882318235668577
semibin_ERR6232458.12	response	R	-0.028446659829682	0.0909189711817534	624	76	0.754477782611828	0.882387372282022
semibin_SRR16168929.20_sub	cancer_type	Other	-0.115545299072265	0.358612534381663	624	58	0.754687248194385	0.882494330257641
semibin_SRR25825502.37	response	R	0.0200850516696501	0.0643582818187661	624	37	0.755083248146207	0.882557871200936
semibin_ERR12405973.6	cancer_type	Other	0.0386375995609712	0.118028344035419	624	35	0.755331689714628	0.882557871200936
semibin_ERR6279654.38	response	R	-0.0167578035839445	0.0537105079254013	624	24	0.755143513512152	0.882557871200936
semibin_ERR6275676.56	cancer_type	Other	0.0502306719756426	0.156462887765227	624	28	0.754939289684449	0.882557871200936
metabat_SRR16554728.6	response	R	-0.0197273862692179	0.0632516293918394	624	17	0.755231796520218	0.882557871200936
metabat_SRR6000907.1_sub	cancer_type	Other	-0.148548453855456	0.464605008183654	624	128	0.755754797059519	0.882914290331367
maxbin_SRR16554666.010_sub	cancer_type	Other	0.0228358526264756	0.0700424243355436	624	15	0.756154583422152	0.88310541540385
semibin_ERR12406002.2	response	R	-0.00883555419175663	0.0284281994441087	624	4	0.756055094644913	0.88310541540385
metabat_ERR6279626.27	cancer_type	Other	0.0471904388704459	0.147718220399307	624	24	0.756442250566489	0.883303427504092
maxbin_SRR5930515.007	cancer_type	Other	-0.112356545020622	0.353097670891064	624	121	0.756982464051175	0.883796232033518
semibin_ERR6280899.148	cancer_type	Other	-0.00661924773725489	0.021402643626868	624	2	0.757218034298272	0.883933259519587
metabat_SRR23364206.9	cancer_type	Other	-0.0159212914810788	0.0498279192912694	624	10	0.757401125050595	0.884008992216068
maxbin_SRR5930498.027	response	R	0.0294207048147553	0.0955592803936275	624	102	0.758278947461361	0.884185004394526
semibin_ERR6279626.75	response	R	-0.00455632175474074	0.0147937475415457	624	4	0.758193698405431	0.884185004394526
semibin_SRR6000920.93	response	R	0.0149895847485658	0.0486737641394541	624	18	0.758216413622264	0.884185004394526
semibin_SRR11413606.65	response	R	0.00335967208595912	0.0109170643257737	624	3	0.758379595906191	0.884185004394526
semibin_SRR6000893.52	response	R	0.00780505246222097	0.0253586234099753	624	7	0.75834783260883	0.884185004394526
metabat_SRR11413645.64	response	R	0.0027761027928625	0.00900545691850308	624	2	0.757981093328662	0.884185004394526
semibin_SRR23364235.52	cancer_type	Other	-0.0188194729056275	0.0574418562746075	624	8	0.757990244725375	0.884185004394526
semibin_SRR5930502.40	cancer_type	Other	0.103789928189666	0.32746218427378	624	45	0.758657154468481	0.884370725037459
metabat_SRR13068834.43_sub	cancer_type	Other	0.0306960301941538	0.0967733180821334	624	22	0.758924116596601	0.88454403739236
metabat_SRR6000907.39	response	R	-0.0441679974815899	0.143938079982236	624	189	0.759057465911218	0.884561591099281
semibin_SRR8387683.51	response	R	0.011080092844893	0.0361564252549141	624	11	0.759366849410745	0.884665175759509
semibin_ERR6275666.11	response	R	-0.00622878926848092	0.0203271841637748	624	6	0.759382958438124	0.884665175759509
semibin_ERR6279675.47	cancer_type	Other	-0.255304123609603	0.813133257380516	624	231	0.759718244708768	0.88491791805797
semibin_SRR6000907.58	cancer_type	Other	0.030412134239819	0.0961690046674446	624	23	0.759920057731474	0.885015136538851
maxbin_SRR16554654.015	cancer_type	Other	0.0639185545955321	0.203147124956483	624	26	0.760077430288538	0.885060576720288
maxbin_SRR5930497.004	cancer_type	Other	0.0384740016125544	0.120386546427802	624	65	0.761703686899122	0.886711806033922
maxbin_SRR16554656.001	response	R	0.0140423499273733	0.0462924090039446	624	21	0.761732634656581	0.886711806033922
metabat_SRR13022352.3	response	R	0.0707121747484272	0.233319793168171	624	383	0.761938775963306	0.886806595717055
metabat_SRR5930527.85	cancer_type	Other	-0.0894201489532445	0.282397310813721	624	63	0.762146015391362	0.886806595717055
semibin_SRR20881984.27	response	R	0.0140819747717498	0.0465109817589347	624	22	0.76216983025856	0.886806595717055
semibin_SRR13022424.5	cancer_type	Other	-0.0986973808944796	0.317084641305983	624	79	0.762347227667129	0.886875010655693
semibin_SRR11413618.43_sub	cancer_type	Other	-0.0131651635972311	0.0435539754118832	624	8	0.76254564548836	0.886967854559334
metabat_SRR5930511.29_sub	cancer_type	Other	-0.105136001706011	0.338142592157557	624	40	0.762878323520266	0.887216812330412
metabat_ERR12405984.37	response	R	0.00231147934887263	0.00766830184958373	624	2	0.763185229552901	0.887435724863411
metabat_SRR5930502.31	cancer_type	Other	-0.155486401871676	0.501144838593934	624	77	0.763513485464997	0.887645455621668
metabat_ERR12405912.7	response	R	0.00818571212440155	0.027205462652707	624	4	0.763602997594837	0.887645455621668
maxbin_SRR5930520.048_sub	cancer_type	Other	0.0161948973890737	0.0521300968482194	624	10	0.763768225487877	0.887699532203659
semibin_ERR6233693.7	cancer_type	Other	-0.155906060042815	0.504374027459282	624	115	0.764064608943052	0.887825923667745
metabat_ERR12405947.20	response	R	-0.00564565237963085	0.0188054288413823	624	4	0.764114421600108	0.887825923667745
metabat_SRR16168982.24	cancer_type	Other	0.14602808057691	0.474658421962166	624	178	0.764783089195302	0.888260581370488
metabat_SRR5930530.79	cancer_type	Other	0.0928479232510844	0.3016976174886	624	49	0.765083750507575	0.888260581370488
metabat_SRR5930516.91	cancer_type	Other	0.0673362242869989	0.217604095078209	624	32	0.765201212247751	0.888260581370488
metabat_SRR11413681.52	response	R	0.0122642670019595	0.0409653952329718	624	16	0.764750262234347	0.888260581370488
metabat_ERR6243880.19	response	R	0.00780655441863925	0.0261021171818146	624	4	0.764981444220408	0.888260581370488
semibin_SRR16168986.17	response	R	0.00673468534756851	0.0225390852560658	624	4	0.765192385568703	0.888260581370488
metabat_SRR13068829.5_sub	response	R	0.0251380217889586	0.0842379681943253	624	27	0.765484919255786	0.888451998478157
metabat_SRR25825504.22_sub	cancer_type	Other	-0.0594446053403944	0.192263885818001	624	50	0.766079002005962	0.889003534605925
metabat_ERR6279655.36	response	R	0.0220479299709862	0.0741211853141064	624	56	0.766216860813693	0.889025552391745
metabat_ERR6275663.2	response	R	-0.0014303894210436	0.00481396605523097	624	2	0.766464390312109	0.889174792236107
maxbin_ERR2162201.001	cancer_type	Other	-0.021925438722828	0.0714043895397791	624	4	0.766714509228692	0.889326989299234
maxbin_SRR11413687.011	response	R	0.0081892073382468	0.0276478383336973	624	9	0.767178928531609	0.889589708103484
metabat_ERR12405919.8	cancer_type	Other	0.00757655524298856	0.0249894523572087	624	7	0.767140557306363	0.889589708103484
semibin_SRR8387691.37	response	R	0.010016029847968	0.0338398444580331	624	4	0.767342989089021	0.889641995722124
semibin_SRR6000903.16	cancer_type	Other	0.0226665043386265	0.073255103007046	624	14	0.767769483885634	0.889998480932688
semibin_ERR6279622.2	cancer_type	Other	-0.0237395172341665	0.0783550829567791	624	15	0.768015106658991	0.890145221264094
maxbin_SRR5930506.040	response	R	-0.0305820820588771	0.103740450254421	624	44	0.768249737879778	0.890279178655661
metabat_SRR5930508.66	response	R	-0.0132463511093992	0.0451504534605708	624	17	0.769328607749181	0.891231773701001
semibin_SRR16554721.63	response	R	-0.0203138978585371	0.0692716388056127	624	20	0.769429303425202	0.891231773701001
semibin_SRR5930494.87	response	R	0.00789191307064467	0.026909645853068	624	9	0.769410563903419	0.891231773701001
semibin_SRR11413688.65_sub	response	R	0.0433850842003632	0.14869962180808	624	80	0.770565110773022	0.891718647223872
metabat_ERR6279672.14	cancer_type	Other	0.0668377804089385	0.220947004415494	624	21	0.770475768653125	0.891718647223872
metabat_SRR5930534.8_sub	response	R	-0.0265503752547656	0.0909493123126599	624	73	0.770442729171511	0.891718647223872
semibin_SRR6000899.149	response	R	-0.00875542535203202	0.0299424284782164	624	4	0.770072493837837	0.891718647223872
metabat_ERR12405955.28	cancer_type	Other	0.0205631206674361	0.0670664646108473	624	9	0.770359390990282	0.891718647223872
maxbin_ERR6275652.027	cancer_type	Other	-0.00762648905061964	0.0261215092790734	624	4	0.770413157733956	0.891718647223872
semibin_ERR12405964.2	response	R	-0.025312491554738	0.0872437739364931	624	48	0.7718102176348	0.891745033491997
semibin_SRR13022261.21	response	R	-0.0179933243496059	0.0618023595028668	624	29	0.771039168788653	0.891745033491997
metabat_SRR5930494.40_sub	response	R	0.0189604294837427	0.0654042226146466	624	34	0.771992576699369	0.891745033491997
metabat_SRR5930511.14	response	R	0.0134214733705072	0.0462435283841527	624	19	0.771733642196349	0.891745033491997
semibin_ERR12406004.40	cancer_type	Other	-0.00490499240541446	0.0164309093557602	624	7	0.771292128899421	0.891745033491997
semibin_SRR13068843.60_sub	response	R	-0.0262783037240317	0.0905062526789199	624	73	0.771648142212936	0.891745033491997
maxbin_SRR5930506.016_sub	response	R	0.0286200891372005	0.0986685461842693	624	90	0.771865490783445	0.891745033491997
semibin_ERR6279665.27	response	R	0.0231843819690099	0.0795140584916152	624	67	0.770708726170745	0.891745033491997
metabat_SRR25825502.64	response	R	0.0169304643646652	0.0584470309695111	624	24	0.772163946945201	0.891745033491997
maxbin_SRR6000912.014	cancer_type	Other	-0.028971981983538	0.0970595357697324	624	13	0.77178083100227	0.891745033491997
semibin_SRR11413619.40	response	R	-0.0055102290743833	0.0189196132213643	624	5	0.770961751975172	0.891745033491997
metabat_ERR12406004.16	response	R	0.00210408855299843	0.0072667613822933	624	2	0.772257399959103	0.891745033491997
metabat_ERR6275673.75	response	R	-0.0100238732135147	0.0346034191562066	624	12	0.772158749437348	0.891745033491997
metabat_SRR8387676.9	response	R	-0.00476705072291581	0.0164420777165348	624	3	0.771967754602525	0.891745033491997
semibin_SRR11413614.13	response	R	0.0272656053326288	0.0942324508736987	624	33	0.772414874097377	0.89175285799398
semibin_SRR20881979.39	response	R	-0.0213071239325835	0.0736834078385809	624	20	0.772547941258242	0.89175285799398
metabat_SRR11413689.9	response	R	-0.0125890467681714	0.0435732011203467	624	18	0.772741176758624	0.89175285799398
metabat_SRR5930515.44_sub	response	R	-0.00744832045124953	0.0257711790982457	624	11	0.772664719625705	0.89175285799398
metabat_ERR6281518.71	cancer_type	Other	0.00461458640076522	0.0160158416320331	624	3	0.77334613965419	0.892313289975935
semibin_ERR12406013.35	cancer_type	Other	0.0278505904962724	0.0933723009945409	624	36	0.77445533908666	0.892496020529013
semibin_SRR20881985.46_sub	cancer_type	Other	-0.105595341932929	0.356921806605058	624	62	0.773978369803833	0.892496020529013
maxbin_ERR12405986.012	response	R	0.0123289547283939	0.042950814142306	624	16	0.774171150393099	0.892496020529013
maxbin_SRR13068823.022_sub	response	R	0.0155871374420051	0.0542230989356332	624	36	0.773854154619038	0.892496020529013
semibin_ERR6275677.28	response	R	0.0165768682224624	0.0577812424623767	624	26	0.774292149005349	0.892496020529013
metabat_ERR12406002.23	response	R	0.0110776334939769	0.0386421085538128	624	14	0.774459304254181	0.892496020529013
metabat_ERR6254871.61	cancer_type	Other	0.0130026895178749	0.043521790146002	624	9	0.77423745119741	0.892496020529013
semibin_SRR6000908.41	cancer_type	Other	0.00888367421929625	0.0288965219581521	624	5	0.774308009090364	0.892496020529013
semibin_SRR5930493.92	cancer_type	Other	-0.0663070825465881	0.225038026173839	624	45	0.775143294950422	0.893146619358899
metabat_SRR25825497.15	response	R	0.00797238234885206	0.0280541558234233	624	10	0.776368968071617	0.893457547436066
semibin_SRR8387712.33	response	R	0.00533202762553214	0.0187090623575247	624	5	0.775741758849762	0.893457547436066
semibin_SRR11413692.10_sub	cancer_type	Other	0.0364165737826737	0.124564862620087	624	15	0.776274649806716	0.893457547436066
maxbin_SRR5930506.009	response	R	0.009022051560381	0.0317402597060881	624	4	0.776316528191847	0.893457547436066
metabat_ERR6281518.75	cancer_type	Other	0.0243322943934166	0.0824747499172992	624	12	0.776129713024164	0.893457547436066
semibin_SRR11413657.20	response	R	0.00467278143005814	0.0164349992535897	624	6	0.77626111048258	0.893457547436066
metabat_SRR16168913.43	cancer_type	Other	0.0115088563643282	0.0387495566326252	624	6	0.776017931072096	0.893457547436066
metabat_ERR6281432.10	cancer_type	Other	0.00314204573696539	0.0110396387006407	624	5	0.776034073149512	0.893457547436066
semibin_SRR11413687.106_sub	response	R	0.0180295083003527	0.0636776174917227	624	29	0.77716595158425	0.894237111239732
metabat_SRR5930536.61_sub	cancer_type	Other	-0.100124615398016	0.343664594916565	624	38	0.777345107039369	0.894305647760062
metabat_SRR23364235.43	cancer_type	Other	0.076668243678117	0.262296392880025	624	76	0.77764187233726	0.894371873475551
metabat_ERR6279661.17	cancer_type	Other	-0.103027576951467	0.354795772720143	624	72	0.777634877043477	0.894371873475551
semibin_SRR13068823.83	cancer_type	Other	-0.00935864964862607	0.0321802974422244	624	10	0.777766956937137	0.894378179913258
semibin_SRR13068834.35	cancer_type	Other	0.0188724434024486	0.065229501281157	624	11	0.778139413733556	0.894668901583568
semibin_ERR6275675.85	cancer_type	Other	-0.0240363233262258	0.0835804128614386	624	19	0.778347394356705	0.894770455803142
semibin_SRR23364186.11	response	R	0.0190548308856602	0.0677361099097145	624	41	0.778566516839757	0.894884785264018
metabat_SRR6000905.24	response	R	-0.0242229554598491	0.0861616257421964	624	59	0.778701344558547	0.894902206025637
semibin_SRR13022404.15	response	R	-0.0205855731998592	0.0733509786818251	624	21	0.779076295822999	0.89519553475175
metabat_ERR12405911.26	cancer_type	Other	-0.0220549473506902	0.0756310023526729	624	10	0.779526226011442	0.89533388493085
metabat_ERR6281432.14	response	R	-0.00893629378181577	0.0319130985186872	624	13	0.77955588724054	0.89533388493085
maxbin_ERR12405986.012	cancer_type	Other	0.0133094666019303	0.0475257714444214	624	16	0.779534431831643	0.89533388493085
semibin_ERR6280899.58	response	R	0.00546011380518536	0.0195161119032101	624	4	0.77974354627551	0.895411891745741
semibin_ERR12406000.0	cancer_type	Other	0.00764322474106204	0.0273432972391927	624	5	0.779932515145491	0.895491378513432
semibin_SRR5930498.39	response	R	-0.00704178979349338	0.025238853474546	624	10	0.780333162063588	0.895676344729318
metabat_SRR16168913.43	response	R	-0.00532885473611259	0.0190914251774947	624	6	0.780243530117323	0.895676344729318
maxbin_SRR16168913.015	cancer_type	Other	0.110049688891296	0.384887359212227	624	140	0.780676213281323	0.895932584855392
maxbin_ERR2162223.003	cancer_type	Other	-0.0209295389909226	0.0678845261058412	624	11	0.781385358714338	0.896424091060144
maxbin_SRR16554656.025	response	R	-0.0136509609237576	0.0493039368804911	624	16	0.781969562992936	0.896424091060144
maxbin_SRR25825507.025_sub	cancer_type	Other	0.0509989071764498	0.178030935937474	624	44	0.781684296243098	0.896424091060144
semibin_SRR5930529.60	response	R	-0.00746697470063868	0.0269595523846096	624	9	0.78189677706588	0.896424091060144
semibin_SRR11413614.58	response	R	0.00990091314637718	0.0356481347857593	624	4	0.781304505694322	0.896424091060144
semibin_SRR5930520.41	response	R	0.0100153183070652	0.0361516636745529	624	14	0.781844525267117	0.896424091060144
semibin_SRR11413647.44	response	R	-0.00806479889532574	0.0291409718483623	624	11	0.78206348891099	0.896424091060144
metabat_SRR16554660.26	response	R	0.00543593675775662	0.0195973391983858	624	3	0.781580000362867	0.896424091060144
semibin_SRR20881977.110	response	R	0.00569658889213437	0.0206135771958743	624	4	0.782370526353392	0.896638589436118
semibin_SRR25825507.51_sub	response	R	0.0100991256420993	0.0365900215223707	624	19	0.782634853628126	0.896804081432903
metabat_SRR16554656.29	cancer_type	Other	0.00510326837497546	0.0180605387621339	624	4	0.782869786674012	0.896935845679219
semibin_SRR11413617.49	cancer_type	Other	0.0849495496103198	0.299806695312411	624	56	0.783114721343266	0.896989417693939
semibin_SRR16168913.75	response	R	0.00691146151643694	0.0251026648337046	624	5	0.783156446660033	0.896989417693939
metabat_SRR13068845.7_sub	cancer_type	Other	0.0302006052423816	0.106051166773523	624	22	0.783522643270068	0.897134026393136
metabat_SRR16168942.31	response	R	0.00676058539044919	0.024585588851132	624	3	0.783421881887091	0.897134026393136
maxbin_ERR6232518.013	response	R	0.0313481594100892	0.114549527064526	624	176	0.784434471800474	0.897490970031203
metabat_SRR5930527.48	cancer_type	Other	-0.0433323899327113	0.152629783549507	624	40	0.784219291001305	0.897490970031203
semibin_SRR11413648.175	cancer_type	Other	0.004529145016427	0.0156410300823473	624	4	0.784187490216454	0.897490970031203
metabat_ERR12406013.34	cancer_type	Other	0.0130730887790699	0.0452216442824254	624	9	0.784418553168517	0.897490970031203
maxbin_ERR6279628.059	response	R	-0.00129529796478578	0.00473042029646584	624	2	0.784311917277847	0.897490970031203
semibin_SRR5930534.11	cancer_type	Other	-0.108089990302503	0.383824782179458	624	56	0.784595673698999	0.897538082900583
semibin_SRR6000891.14	response	R	0.0227221161738147	0.0832107274800033	624	44	0.784892462265715	0.89774026197966
semibin_ERR6279670.33	response	R	-0.00520017802543121	0.0190658264849808	624	4	0.785137256560144	0.89788291857421
semibin_SRR16554703.88	response	R	-0.00125849337807446	0.00462743638134385	624	2	0.785741395156616	0.898436414828926
semibin_ERR6233695.19	response	R	0.00819872674088853	0.030230577729728	624	9	0.786322525759293	0.898688651631972
semibin_SRR5930526.142	response	R	-0.00860425858614206	0.0317202670990782	624	4	0.786286160403634	0.898688651631972
metabat_ERR6264281.18_sub	cancer_type	Other	-0.00751069983235944	0.0269865104677927	624	7	0.786122705250859	0.898688651631972
metabat_SRR13022352.3	cancer_type	Other	0.19802720145357	0.715064352002831	624	383	0.787152344470399	0.898768480228648
semibin_SRR11413617.49	response	R	0.032181575661662	0.119198956436316	624	56	0.787264106922498	0.898768480228648
semibin_SRR6000902.21	cancer_type	Other	0.0287785894539341	0.0917219497973366	624	22	0.787524126665663	0.898768480228648
maxbin_ERR2162201.005	response	R	0.00856782301685097	0.0317853848610041	624	7	0.78759425661117	0.898768480228648
metabat_SRR16168984.8_sub	cancer_type	Other	-0.143545214719025	0.516619437187469	624	63	0.787275307611478	0.898768480228648
maxbin_SRR25825495.015_sub	response	R	-0.005971688565706	0.0221068703816259	624	5	0.787151798492541	0.898768480228648
semibin_SRR13068847.101	cancer_type	Other	-0.0185202441071656	0.0664364863877106	624	13	0.787432697746681	0.898768480228648
metabat_SRR16554775.6_sub	response	R	0.00539255973218311	0.0199610858823174	624	4	0.787131943217309	0.898768480228648
metabat_SRR16554656.29	response	R	0.00392148313150696	0.014509483673315	624	4	0.787042297022036	0.898768480228648
semibin_SRR23364231.57_sub	response	R	-0.00129253578217503	0.00478567960026086	624	2	0.787185312863329	0.898768480228648
metabat_ERR6281944.25	cancer_type	Other	0.0263247757782913	0.0930434525005454	624	18	0.788204475229061	0.898916130206332
maxbin_ERR6275666.011_sub	cancer_type	Other	-0.0477578847566352	0.172717469022433	624	24	0.788117384713982	0.898916130206332
maxbin_SRR16168896.006	cancer_type	Other	0.0124823051303417	0.0464289139337897	624	12	0.788136203798948	0.898916130206332
semibin_SRR5930506.126	response	R	-0.0140572158896767	0.0522140669204701	624	27	0.78784862510487	0.898916130206332
semibin_ERR12405942.29	cancer_type	Other	-0.0131493381189573	0.0468725456458153	624	7	0.788532825461598	0.899153471912448
metabat_ERR6281341.65	response	R	-0.0175064698706367	0.0653375428540449	624	20	0.788835368542071	0.899361318182285
semibin_SRR16554716.24	cancer_type	Other	-0.0745865954300324	0.271516223579673	624	174	0.789284504573113	0.899564693035426
semibin_SRR16168930.38	response	R	0.0179935021903797	0.0673313009852658	624	44	0.7893746343539	0.899564693035426
maxbin_ERR6275673.009_sub	cancer_type	Other	0.0452132035626837	0.164208273680858	624	21	0.789136901703052	0.899564693035426
metabat_SRR5930529.8	response	R	0.0251717646968098	0.0943982458500089	624	67	0.789823417326911	0.899938978328606
metabat_ERR6282383.27_sub	response	R	-0.00576687012133909	0.0216596753587331	624	5	0.790136162065081	0.900158168787732
maxbin_ERR6275671.007_sub	cancer_type	Other	-0.00822729428925995	0.0303027461680575	624	6	0.790478067890857	0.900410509015663
metabat_SRR20881975.42	cancer_type	Other	0.103943367656064	0.380180294173416	624	43	0.791207415727296	0.900829636846638
semibin_SRR6000905.76	cancer_type	Other	-0.016404734016611	0.061879007664818	624	11	0.791012819748435	0.900829636846638
maxbin_SRR16554764.017	cancer_type	Other	-0.0315142339306889	0.11558532316325	624	13	0.79114795663925	0.900829636846638
metabat_ERR6233692.1_sub	cancer_type	Other	-0.0504825933775612	0.185408963947913	624	50	0.792176521824412	0.90127097424141
metabat_SRR8387710.29	cancer_type	Other	0.00921294753788791	0.0337582477048479	624	10	0.792487457770509	0.90127097424141
semibin_SRR23364227.47	cancer_type	Other	-0.019140404726738	0.0709579369546779	624	17	0.792430622790557	0.90127097424141
metabat_ERR6281434.55	cancer_type	Other	-0.0313414373477296	0.11628889741713	624	21	0.792462317682383	0.90127097424141
maxbin_SRR23364240.007	cancer_type	Other	-0.0475179930985409	0.175642132793559	624	31	0.7925592306247	0.90127097424141
semibin_SRR11413610.13	cancer_type	Other	-0.020174747807678	0.0733498075347391	624	12	0.792558775299865	0.90127097424141
semibin_SRR5930508.186	cancer_type	Other	0.00545671712625904	0.0206746865995346	624	6	0.791919663636766	0.90127097424141
metabat_SRR16554757.24	response	R	-0.0100852483200956	0.0383054509483196	624	10	0.792418771572855	0.90127097424141
semibin_ERR12405928.45	response	R	0.0061001289142133	0.0232102111800341	624	10	0.792776702332261	0.901376219832778
maxbin_SRR5930529.037	response	R	0.00722832371146149	0.0275187581243383	624	8	0.792892855584382	0.901376219832778
metabat_ERR6230245.18	response	R	-0.00783669348871903	0.0299494409153548	624	5	0.793667241375816	0.90211941495795
metabat_SRR20881986.23	cancer_type	Other	0.0465790667815148	0.171646621732806	624	23	0.793938043827746	0.902152969418612
semibin_ERR6275661.83	response	R	-0.00866025414373754	0.0331333742372663	624	16	0.793889860124739	0.902152969418612
semibin_SRR13068839.29	response	R	0.0117418013909905	0.0450139627160724	624	25	0.794296215995224	0.902422835492599
metabat_SRR23364233.36	cancer_type	Other	0.0529944700626766	0.197246569263445	624	162	0.794541822523092	0.90242721702401
semibin_SRR23364233.61	response	R	-0.00448617029307775	0.017234387537471	624	3	0.794716487564903	0.90242721702401
metabat_SRR5930515.8	cancer_type	Other	-0.0633590604757064	0.236709654842905	624	52	0.794902837169014	0.90242721702401
metabat_SRR5930532.1_sub	response	R	-0.0132488257124563	0.0509452026976226	624	25	0.79490346062278	0.90242721702401
semibin_SRR5930515.39_sub	cancer_type	Other	0.00622900721355179	0.022292928179105	624	4	0.794426305487936	0.90242721702401
semibin_ERR2162212.41	cancer_type	Other	-0.00858996374795969	0.0330830586769184	624	10	0.795221042115023	0.902650721453574
metabat_SRR25825514.34	cancer_type	Other	-0.00342205093717584	0.0125002539001718	624	2	0.795343494529153	0.902652701789195
semibin_ERR12405973.32	response	R	0.00924921279793335	0.0356985889563571	624	6	0.795650246952669	0.902863815889539
semibin_SRR16554765.35	cancer_type	Other	-0.047440302679861	0.178516508260981	624	76	0.795984019704562	0.903023854354493
semibin_SRR16554714.52	response	R	0.00881786966367374	0.0340990419838942	624	11	0.796032795922014	0.903023854354493
metabat_ERR6281518.6_sub	response	R	0.00585666958002965	0.0226692109870544	624	7	0.796220239639005	0.903099492191791
semibin_SRR5930532.10	response	R	-0.00234876204036271	0.00910496732584914	624	3	0.796519470033808	0.903301880029241
metabat_SRR20881979.28	response	R	-0.0129502786657227	0.0503083229230753	624	28	0.796941368136021	0.903643298092671
maxbin_ERR6232522.003	cancer_type	Other	-0.0424021589495619	0.160920617972398	624	23	0.797829133096372	0.904135218852217
semibin_ERR6279672.17	response	R	0.0219243050168242	0.0855650297776478	624	52	0.797858827120324	0.904135218852217
semibin_ERR6236131.31	cancer_type	Other	0.0062704643767255	0.0244552813576349	624	7	0.797722794216554	0.904135218852217
semibin_SRR25825500.66	cancer_type	Other	0.00497643839450155	0.0185552465224302	624	2	0.797743074923123	0.904135218852217
metabat_ERR6279627.10	cancer_type	Other	0.0409966753226255	0.139137378293049	624	101	0.798405527130842	0.904207969700588
semibin_ERR12405998.5_sub	response	R	0.0121114394860679	0.047385487048624	624	18	0.798349158660021	0.904207969700588
semibin_SRR11413657.198	cancer_type	Other	0.0109947357444643	0.0430543914547346	624	9	0.798523045980938	0.904207969700588
metabat_SRR11413610.30	response	R	-0.00280294217605456	0.0109763192488205	624	3	0.798527605229029	0.904207969700588
maxbin_SRR13068818.027_sub	response	R	0.00926095837657842	0.0361856030344528	624	12	0.798090131601355	0.904207969700588
maxbin_ERR12405968.007_sub	cancer_type	Other	-0.0125512541178928	0.0475588584814514	624	7	0.798754952232569	0.904328468250591
metabat_SRR16554631.3	cancer_type	Other	0.0197939570727498	0.0701069848316578	624	10	0.799203778718903	0.904562714887234
metabat_ERR6281518.71	response	R	-0.00368382591317812	0.0144741140724988	624	3	0.799184813072526	0.904562714887234
maxbin_SRR11413687.052	response	R	0.00442260100836321	0.0174001407253794	624	5	0.799448071484204	0.904702281864237
metabat_SRR23364212.36	response	R	-0.01677462777795	0.0662013178593208	624	30	0.800052346467838	0.905108460167819
semibin_SRR13068825.28	cancer_type	Other	-0.0401189958341217	0.154000930649872	624	22	0.800053164098191	0.905108460167819
metabat_ERR12405928.43	cancer_type	Other	-0.0140135570921611	0.0518164306409231	624	11	0.800170102991368	0.905108460167819
semibin_SRR23364237.9	cancer_type	Other	-0.0237270519373124	0.0911194513396637	624	21	0.800620463148236	0.905480917033047
semibin_SRR16554636.22	cancer_type	Other	-0.00836128299331089	0.0323793759459111	624	4	0.800995597489804	0.905768195679533
maxbin_SRR5930494.015_sub	response	R	-0.00687580955026631	0.0273354406550013	624	6	0.801484490562178	0.906065625982942
semibin_SRR5930532.57	response	R	0.0149825462887619	0.0595697360782127	624	18	0.801500951574908	0.906065625982942
metabat_ERR6281658.13	cancer_type	Other	-0.114012632223197	0.438328770918168	624	112	0.801847776654222	0.906320688304153
semibin_ERR6275663.61	cancer_type	Other	-0.00445072646067385	0.0178159009662892	624	2	0.802810987072721	0.90727226255551
semibin_SRR5930523.43	cancer_type	Other	-0.106745702473124	0.416545166100677	624	54	0.803475510164687	0.90788604790141
semibin_ERR6254871.56	response	R	-0.00700054470047332	0.0282246263624738	624	3	0.804193443891381	0.908311757710329
maxbin_SRR23364177.015	response	R	0.00895909872684947	0.0360806647475548	624	23	0.803978861247683	0.908311757710329
metabat_SRR23364201.31	response	R	0.00697989392628923	0.0281447090522621	624	13	0.804216655228682	0.908311757710329
semibin_ERR6279677.59_sub	response	R	-0.0143351158201579	0.0579385244995307	624	26	0.804665454425843	0.908567989488892
metabat_ERR6275675.32_sub	cancer_type	Other	0.0200364513296689	0.0789289400717853	624	26	0.804686519709137	0.908567989488892
maxbin_SRR25825515.010	cancer_type	Other	0.0373547872487892	0.146453364050283	624	36	0.805176406373229	0.908631134874927
metabat_SRR6000949.15_sub	response	R	0.0146031716268284	0.0591960029343229	624	32	0.8052284743001	0.908631134874927
maxbin_ERR6281342.028	response	R	0.00524243933516111	0.0212249618124132	624	8	0.804994713692151	0.908631134874927
metabat_SRR25825512.24_sub	response	R	-0.00282981200159962	0.0114683976303169	624	3	0.805184913880623	0.908631134874927
maxbin_ERR12405970.007	response	R	-0.00920616394313087	0.0373698451451884	624	8	0.80549115765776	0.908790415957261
metabat_ERR12405917.12	cancer_type	Other	0.0790281116802426	0.31294684271025	624	66	0.806124857016842	0.909093904504893
semibin_SRR13022464.9	response	R	0.025773744578939	0.104864087963062	624	83	0.80593211175994	0.909093904504893
metabat_ERR12405981.6	cancer_type	Other	-0.0395660794365653	0.155815807759128	624	35	0.806107413395423	0.909093904504893
metabat_SRR16554760.5	response	R	-0.00982801752443167	0.0400874640407335	624	6	0.80641016361621	0.909128799976667
semibin_SRR13022391.11	response	R	0.0045698284960184	0.0186491130497713	624	7	0.806504413582566	0.909128799976667
metabat_ERR6279625.50	response	R	-0.0129057184600249	0.0526717219403539	624	16	0.806520521402141	0.909128799976667
semibin_SRR5930498.118	cancer_type	Other	0.0508580068917428	0.200715289923295	624	81	0.807203601646692	0.909244130110731
semibin_ERR12405995.13	cancer_type	Other	-0.0139564109941384	0.0570957099887163	624	20	0.806971679868085	0.909244130110731
maxbin_SRR16554651.021_sub	response	R	0.0193358877413435	0.0790611989645907	624	37	0.80687188172972	0.909244130110731
semibin_SRR5930527.102_sub	cancer_type	Other	0.0720495538574299	0.286687756532492	624	25	0.807322360587847	0.909244130110731
semibin_ERR6279619.31	response	R	0.00181139728836208	0.0074253605554261	624	2	0.807352370143789	0.909244130110731
metabat_ERR6281341.34	response	R	-0.00592850036249279	0.024290210002715	624	8	0.8072575804349	0.909244130110731
metabat_SRR5930531.61	response	R	-0.00958094583099724	0.0393044415207496	624	20	0.807495738404819	0.90926865408692
metabat_SRR11413685.13	response	R	-0.0219168580194377	0.0902510823504455	624	50	0.808207106015767	0.90993266166605
metabat_ERR6271719.4	cancer_type	Other	0.0541703869387902	0.210734976464136	624	109	0.808969501336325	0.910193192307048
semibin_SRR13068817.76	cancer_type	Other	0.0417731343228959	0.159987418209358	624	76	0.808763536832086	0.910193192307048
metabat_SRR20881986.45	response	R	-0.0143553822842405	0.0592546516624949	624	24	0.808654947000353	0.910193192307048
maxbin_SRR11413649.022	cancer_type	Other	-0.0267562440682108	0.106701308250494	624	15	0.809047091370012	0.910193192307048
semibin_ERR6281341.3	response	R	0.00471284228808662	0.0194776144486612	624	5	0.808889671389851	0.910193192307048
metabat_ERR12406003.1	response	R	0.00421911454985773	0.0174703007341797	624	4	0.809245699445676	0.91027968418393
maxbin_ERR12405913.017	response	R	0.0102203506910537	0.0423546763538235	624	12	0.80939924462413	0.910315468686907
semibin_SRR23364195.41	cancer_type	Other	0.0901095845650475	0.355551583146479	624	374	0.810134895894562	0.910466274256153
semibin_ERR6279669.74	cancer_type	Other	-0.132737788723635	0.536122487401113	624	138	0.810142095333036	0.910466274256153
semibin_SRR11413683.16	cancer_type	Other	0.025916122481223	0.104913351318686	624	26	0.809997554258105	0.910466274256153
metabat_SRR11413617.26_sub	response	R	0.00471223300051748	0.0195676567655366	624	6	0.809776467977754	0.910466274256153
metabat_ERR12405965.8	response	R	0.0056819080660482	0.0236122887176957	624	4	0.809918590211033	0.910466274256153
semibin_SRR13068843.62_sub	cancer_type	Other	0.0129971164046091	0.0525730649507523	624	6	0.810970251982117	0.911260036712588
semibin_ERR6275666.3	cancer_type	Other	-0.0279187745407255	0.114446968352615	624	24	0.811174982538753	0.911353142942427
maxbin_SRR16554789.001	response	R	0.0177261888471696	0.0742384601036593	624	37	0.811359885000718	0.911423947729514
semibin_ERR12405984.5	response	R	0.0176851207605483	0.0743132716787448	624	47	0.811974600895035	0.911801398903894
metabat_ERR6279677.5	cancer_type	Other	-0.0267200157695545	0.109772222092809	624	23	0.811834098549218	0.911801398903894
metabat_SRR13068853.29	response	R	0.00383581129759206	0.0161257632193776	624	4	0.812061689850219	0.911801398903894
semibin_ERR12405943.41	cancer_type	Other	-0.00360129961433519	0.0143361383104	624	3	0.812277311940195	0.911906581397504
metabat_SRR16554747.15	response	R	0.0278245077256113	0.117736603375518	624	56	0.813256012639873	0.912731271577513
metabat_SRR13068843.23	response	R	0.00457587672671196	0.0193574655186004	624	5	0.813209596188962	0.912731271577513
semibin_ERR12405985.19	cancer_type	Other	0.0406391443964749	0.167791993449517	624	26	0.814350711695092	0.913685614712062
semibin_ERR6279676.4	response	R	-0.0237533783681404	0.101070802389335	624	82	0.814273742353056	0.913685614712062
semibin_SRR16554744.30	response	R	0.0132666452987879	0.0568401203282906	624	17	0.815525680157786	0.913880203007954
metabat_SRR16554711.16	response	R	-0.0220607786460519	0.0942625802169487	624	69	0.815034657941667	0.913880203007954
metabat_SRR5930532.34_sub	response	R	0.0147848288520675	0.0634648213451252	624	34	0.815868445477547	0.913880203007954
maxbin_ERR6279625.013_sub	response	R	-0.00848088061264232	0.0363754770820921	624	17	0.815723093053449	0.913880203007954
semibin_SRR13068852.73_sub	response	R	-0.0213201843640473	0.0910863651718912	624	29	0.815011225735455	0.913880203007954
maxbin_ERR6281505.009	response	R	0.0097932367616137	0.0420004330680655	624	18	0.815706314726711	0.913880203007954
metabat_SRR5930528.91	response	R	-0.00453436260952276	0.0194598485703571	624	7	0.815829776840146	0.913880203007954
semibin_SRR11413657.56	cancer_type	Other	0.00419298272392984	0.0179513488060923	624	4	0.815392067013088	0.913880203007954
semibin_SRR16554650.13	response	R	-0.00430649771707404	0.0183641098596604	624	3	0.814669457714812	0.913880203007954
maxbin_SRR16554666.026	cancer_type	Other	-0.00260472356432851	0.0111471937007108	624	3	0.815321054325067	0.913880203007954
metabat_ERR6279628.17	response	R	0.00242013005985287	0.0103671501403325	624	3	0.815495244182668	0.913880203007954
semibin_SRR5930493.130	response	R	-0.00915138830987153	0.039397772342383	624	7	0.816396202301509	0.914334401798815
maxbin_SRR16554719.004	response	R	0.00384174688078046	0.0166335166826587	624	3	0.817418686759894	0.915257700932107
semibin_SRR16554681.22	cancer_type	Other	-0.00390711145826496	0.0169209302153841	624	2	0.817465389746663	0.915257700932107
metabat_SRR16168920.6	response	R	0.00580342393349289	0.0251623234610901	624	8	0.817671178328283	0.915351058613608
metabat_SRR13068826.29	response	R	-0.00385585533675961	0.0167361649291333	624	3	0.817864275772345	0.915430183239874
metabat_SRR25825502.47	response	R	0.00958939099629594	0.0417443932290879	624	10	0.818387434038662	0.915878663834348
metabat_SRR5930516.94	response	R	-0.0194846922378276	0.084935715083305	624	92	0.818630502450166	0.916013601275227
semibin_SRR23364212.64	cancer_type	Other	-0.0191458883113791	0.0835452338857501	624	19	0.818813850496853	0.916081683724635
semibin_SRR25825500.13	cancer_type	Other	-0.0105165370020043	0.044084876527829	624	7	0.818945965628009	0.916092435447458
metabat_ERR6279625.1	response	R	0.0100577916421996	0.0442622429859635	624	17	0.820318277551762	0.917490290088555
semibin_SRR13022308.4	response	R	0.0390064451740507	0.172346201338596	624	148	0.821022772591601	0.918047745657111
metabat_SRR5930509.4	response	R	0.00166787186212635	0.00737100441432394	624	2	0.821062225589029	0.918047745657111
semibin_SRR16554790.42	response	R	0.0274465425247479	0.121966184839917	624	67	0.822026848985932	0.918820011731901
metabat_ERR6279625.46	response	R	-0.0393581734320345	0.175239218510377	624	120	0.822367255753091	0.918820011731901
semibin_ERR12405928.63	cancer_type	Other	0.00666161190878728	0.0296205181010018	624	6	0.822132171130892	0.918820011731901
maxbin_SRR20881988.013	cancer_type	Other	-0.0101941999036948	0.0453567892775	624	16	0.822243213042337	0.918820011731901
metabat_ERR6279619.6	response	R	0.00309972961399662	0.0137992558807893	624	4	0.822340946796988	0.918820011731901
semibin_SRR16554704.8_sub	cancer_type	Other	0.0568792661419259	0.245522082108569	624	25	0.822648494657292	0.918859662889802
semibin_SRR23364187.35	cancer_type	Other	-0.00678082684381041	0.0290407271188783	624	8	0.822602220041842	0.918859662889802
metabat_ERR12405939.20	cancer_type	Other	-0.0099928721665753	0.0431969618298286	624	7	0.822980099221632	0.91903192899936
maxbin_SRR5930534.026_sub	cancer_type	Other	-0.0165195522774422	0.070821562147236	624	19	0.82304851945824	0.91903192899936
semibin_SRR16168913.44_sub	response	R	-0.0392262999473488	0.176091749420257	624	133	0.823795539119474	0.919307587458472
semibin_SRR13068829.32	response	R	-0.00665799667605087	0.0299263626240176	624	12	0.82401393381348	0.919307587458472
semibin_ERR12405982.7	response	R	0.00935083496153174	0.041938242369832	624	8	0.823634822037384	0.919307587458472
metabat_ERR6280899.76	cancer_type	Other	0.0191515571198871	0.0833401851941073	624	12	0.82367593180254	0.919307587458472
metabat_SRR5930520.43	cancer_type	Other	0.0121046167323581	0.0529146829923288	624	17	0.823654107478103	0.919307587458472
semibin_SRR5930527.83_sub	response	R	0.00596005902639527	0.0267921981511864	624	9	0.824032997958564	0.919307587458472
semibin_SRR25825505.24	cancer_type	Other	-0.00440009494702195	0.0190210326186903	624	2	0.824460901538675	0.91953476807923
metabat_ERR6279676.65	response	R	-0.00451215197322157	0.020336257292848	624	3	0.824482564853067	0.91953476807923
semibin_SRR6000909.33	cancer_type	Other	0.0374640480824773	0.163201808506368	624	32	0.824847305521395	0.919804376780345
maxbin_SRR16554687.002	response	R	-0.00728619601790335	0.0329688189958035	624	6	0.825163316852614	0.920019574090331
semibin_SRR6000947.67	response	R	0.00960485688598318	0.0435445766160932	624	20	0.825496468707612	0.920253815294502
metabat_SRR23364201.31	cancer_type	Other	-0.0171832360971282	0.0755641239092875	624	13	0.825665611718356	0.920305178779231
semibin_ERR6232523.5	response	R	0.00316084831133775	0.0143715959147825	624	4	0.8259924431005	0.920417327154388
maxbin_SRR25825500.013_sub	cancer_type	Other	-0.00616213960576439	0.0259288784350799	624	4	0.826012394026892	0.920417327154388
semibin_ERR6275674.65	response	R	0.0176736329371613	0.0806065284162809	624	49	0.826521101324277	0.920760975596127
semibin_SRR5930494.170	cancer_type	Other	0.0190135884820129	0.0836330806538264	624	12	0.826567053915058	0.920760975596127
maxbin_SRR5930504.041	response	R	-0.00754189642368046	0.0345876082211937	624	9	0.827460378680783	0.921618813192567
semibin_SRR25825517.45	cancer_type	Other	-0.0336046782813989	0.146229823420827	624	45	0.827712021816585	0.921624553178145
metabat_SRR11413607.10	response	R	-0.0135959203754738	0.0624130054485437	624	38	0.827627126142677	0.921624553178145
metabat_SRR16554747.15	cancer_type	Other	0.0648131438783922	0.290142936023797	624	56	0.828072420923047	0.921888575802076
semibin_ERR6279628.40	cancer_type	Other	-0.00316703305435195	0.0146148665651284	624	2	0.828513771458833	0.922105370288607
metabat_ERR6279678.21	response	R	0.00441017254464283	0.0203367360466153	624	4	0.8283907566853	0.922105370288607
metabat_ERR2162202.27	response	R	-0.00462580188716525	0.0214011219272923	624	12	0.828943775487439	0.922309411262471
maxbin_SRR13068844.013_sub	response	R	-0.0038789784911684	0.0179334284929554	624	5	0.828825916700502	0.922309411262471
semibin_ERR12405928.36_sub	cancer_type	Other	0.00657560756836074	0.0297267313018172	624	8	0.829601350584478	0.922492029690814
metabat_ERR2162221.49	cancer_type	Other	0.0070421143422154	0.0326383109763292	624	6	0.829243948592585	0.922492029690814
metabat_ERR12405920.23	response	R	-0.00359971803296488	0.0166994848976516	624	3	0.829402586598767	0.922492029690814
metabat_SRR11413648.69	response	R	-0.00293853065639253	0.013646669568639	624	4	0.829581168680937	0.922492029690814
semibin_SRR11413608.137	response	R	0.0367891698807298	0.171648304619819	624	209	0.830361330477351	0.92283855477687
maxbin_SRR16554733.009	cancer_type	Other	0.0683414179981757	0.3103524077849	624	118	0.830359259722307	0.92283855477687
semibin_ERR6275663.33	response	R	0.0155955587640677	0.072930387187257	624	36	0.830740687391017	0.92283855477687
maxbin_SRR16554787.013	response	R	0.00567167186762541	0.0265284982735454	624	10	0.830776832142002	0.92283855477687
metabat_SRR16554779.19	response	R	-0.00615686757409183	0.0287789019711239	624	10	0.830666528118817	0.92283855477687
metabat_SRR11413654.79	response	R	0.00559786969397306	0.0261409791007679	624	9	0.830507303212053	0.92283855477687
maxbin_SRR5930509.015_sub	response	R	-0.00183953346975136	0.00859959307511077	624	3	0.83068804978536	0.92283855477687
maxbin_ERR6275671.007_sub	response	R	-0.00517206220587473	0.0243142830652182	624	6	0.831617634180365	0.923635328739161
metabat_SRR16168974.17	cancer_type	Other	-0.0632446196537423	0.289783882113873	624	70	0.832275106445281	0.92396028900208
maxbin_SRR5930501.001	cancer_type	Other	-0.00676942533199004	0.0309911090260639	624	7	0.832090704523547	0.92396028900208
metabat_SRR8387683.37	response	R	0.0111125018441316	0.052450550633552	624	24	0.832280891510834	0.92396028900208
metabat_ERR6232526.6	cancer_type	Other	-0.0249030867146968	0.115648684470353	624	16	0.832681560433359	0.924267880201968
maxbin_ERR12405942.013	response	R	0.0122630017927001	0.0580773164790751	624	14	0.832839900225816	0.924306437205202
maxbin_ERR6279667.001	cancer_type	Other	-0.0456667900571494	0.211709638596971	624	57	0.833596790902043	0.924734728136104
metabat_ERR6280899.67	response	R	-0.0088414690876255	0.0420391432495281	624	25	0.83349069817425	0.924734728136104
semibin_SRR23364189.47	cancer_type	Other	-0.00302830356320009	0.0144054504948718	624	2	0.83356547860453	0.924734728136104
metabat_ERR6281000.20	response	R	-0.0136261271444766	0.0651803824960555	624	30	0.834475858332795	0.92557259991288
metabat_SRR5930494.72_sub	response	R	0.0151120629370935	0.0725057262118731	624	38	0.834964880790811	0.925972700609572
metabat_SRR16554769.19	response	R	0.0102170526649105	0.0490560034697384	624	13	0.835084232804354	0.925972700609572
metabat_ERR12405971.2	cancer_type	Other	-0.034124581818996	0.158680185863718	624	35	0.835230182391883	0.925997228158118
semibin_ERR6279672.11_sub	response	R	-0.00982024737969812	0.0474220270572434	624	20	0.836013730142418	0.926596927454516
semibin_SRR5930495.69	cancer_type	Other	-0.0126300948332978	0.0585459392256644	624	8	0.836018918097837	0.926596927454516
metabat_SRR16554665.11	response	R	-0.0105697732728914	0.0511219415639765	624	15	0.83626821368613	0.926735877585193
metabat_SRR16168985.46	cancer_type	Other	-0.00719243605831695	0.0349847326125337	624	10	0.837180241525887	0.927471680908235
semibin_ERR6280899.116	response	R	0.00246724964906809	0.0119991440703047	624	3	0.83715618989135	0.927471680908235
maxbin_SRR16554738.006_sub	response	R	-0.0144191018442091	0.0702190451038929	624	43	0.837370219064145	0.927491296660447
metabat_ERR6279672.14	response	R	-0.0126271674154899	0.0618354054999934	624	21	0.838260045271392	0.927491296660447
metabat_ERR12405955.34	cancer_type	Other	0.00689360553745095	0.0327314391852704	624	10	0.838276398181504	0.927491296660447
metabat_ERR6281432.14	cancer_type	Other	-0.0146184431875134	0.0691601375748284	624	13	0.838241303944007	0.927491296660447
semibin_ERR6232688.10	response	R	0.0127940364701701	0.0624805850783203	624	29	0.837820361202267	0.927491296660447
metabat_ERR6243878.17	response	R	0.0090482124580203	0.0441101042403169	624	18	0.837539449864093	0.927491296660447
metabat_SRR16554654.44	cancer_type	Other	-0.00734211984725442	0.0358284271047017	624	11	0.837698320043351	0.927491296660447
maxbin_SRR11413684.018	response	R	0.00341533117736505	0.0167306709030316	624	3	0.838314211571003	0.927491296660447
semibin_ERR6264281.52	response	R	-0.00307839858138736	0.0150721410825073	624	3	0.838229653972871	0.927491296660447
metabat_SRR11413686.33	cancer_type	Other	0.0541852689929638	0.258907991887855	624	34	0.83857536183545	0.927505776631488
metabat_SRR5930506.18	cancer_type	Other	-0.0101663944034211	0.0479233478512689	624	9	0.838507114206964	0.927505776631488
maxbin_SRR5930517.002	response	R	0.00814166479842002	0.0401957464642242	624	15	0.839552797513802	0.92776919235321
maxbin_ERR6279679.046	cancer_type	Other	-0.0416074249658133	0.1995092399346	624	36	0.839421490214181	0.92776919235321
semibin_SRR13022319.12	response	R	0.00516051010583429	0.0253795272713361	624	5	0.838941017787826	0.92776919235321
semibin_SRR11413678.104	response	R	0.00641527042894144	0.0316733627346171	624	14	0.839557919852123	0.92776919235321
metabat_SRR5930508.52	response	R	-0.00357181804813231	0.0176299371558215	624	3	0.839514368187797	0.92776919235321
semibin_SRR5930504.31_sub	response	R	-0.0048825122003403	0.0240565436299467	624	8	0.839233331895065	0.92776919235321
maxbin_SRR23364175.021_sub	response	R	0.0128043130177799	0.0633406194255852	624	43	0.839865903519754	0.927972403445733
metabat_SRR13068852.52	cancer_type	Other	0.0183365325913919	0.0846093951746265	624	17	0.840307286985989	0.928322926884506
semibin_SRR8387712.8_sub	cancer_type	Other	-0.0469412063348697	0.227132447277682	624	37	0.840805345577031	0.928598785146217
metabat_SRR11413649.13	response	R	0.00335297415799348	0.0166762186441808	624	3	0.840715772401709	0.928598785146217
semibin_SRR5930530.103	response	R	0.00448017307411268	0.0223410963169444	624	8	0.841127798244511	0.928817731138874
maxbin_SRR11413655.005	response	R	-0.0399282665315954	0.200245592583049	624	374	0.842018299405757	0.929614784229868
maxbin_SRR5930505.015_sub	response	R	-0.0156278526143819	0.0785813172511697	624	45	0.842426132093771	0.929614784229868
semibin_ERR12405920.23	cancer_type	Other	-0.0156297052881075	0.0767270621816983	624	19	0.842248730584172	0.929614784229868
metabat_ERR6275666.56	response	R	-0.00733998185334916	0.0369422784714302	624	10	0.842571959343125	0.929614784229868
semibin_SRR13068843.42_sub	cancer_type	Other	-0.0719512449329248	0.351562094917164	624	42	0.842343687289893	0.929614784229868
maxbin_SRR20881983.029	response	R	-0.00559725336263032	0.0281753506085129	624	8	0.842595481079172	0.929614784229868
maxbin_SRR16168986.030_sub	cancer_type	Other	-0.0385019885809592	0.188633711250265	624	27	0.842734625243326	0.929631144353089
metabat_SRR16168974.17	response	R	0.0164670654695204	0.08320240326714	624	70	0.843176320299237	0.929981198111754
metabat_SRR5930519.59	cancer_type	Other	0.0280668992898072	0.137345193782963	624	40	0.843469531434106	0.93016740245749
semibin_SRR23364176.2	response	R	-0.0132145551062719	0.0671314712725036	624	38	0.844012566867604	0.930629014307865
metabat_SRR5930533.11	cancer_type	Other	-0.0399681842000999	0.198404148540528	624	29	0.84466917540617	0.930804022058258
maxbin_SRR16554715.022_sub	response	R	-0.00751643824075347	0.0383403821650598	624	11	0.84463916331184	0.930804022058258
metabat_ERR6279625.50	cancer_type	Other	-0.018536921316518	0.092381496725543	624	16	0.844460016116478	0.930804022058258
semibin_SRR5930515.71	response	R	0.00326616452905213	0.0166236318677685	624	4	0.844301374532556	0.930804022058258
metabat_SRR5930528.37	cancer_type	Other	-0.038484963981136	0.191429521618958	624	57	0.844873888376024	0.93089243219035
maxbin_SRR16554665.003	response	R	-0.0442104778752997	0.226578216119106	624	171	0.845361101323501	0.93115485575153
metabat_ERR6281518.61_sub	response	R	-0.0068010845745665	0.034827436614695	624	18	0.845238020954874	0.93115485575153
semibin_SRR13068851.36	response	R	0.0100260755038152	0.0514871023195125	624	24	0.84566817004042	0.931355902144663
metabat_ERR12405942.50	response	R	0.00129244160145723	0.00664879489340182	624	2	0.845936168921943	0.931513867059092
metabat_ERR2162202.27	cancer_type	Other	0.00918801471949541	0.0457973615330026	624	12	0.846193409695832	0.93152279077071
metabat_SRR11413614.4	cancer_type	Other	-0.0284299544526113	0.14252441980952	624	18	0.846158924997864	0.93152279077071
maxbin_SRR16554790.012	response	R	0.00636895131321621	0.0329479165810189	624	11	0.846784643337066	0.931923617879097
maxbin_SRR5930501.008	response	R	0.004628902831543	0.0239497770908054	624	8	0.846806764307096	0.931923617879097
semibin_SRR11413608.70	response	R	0.00231891383191899	0.0120535650586841	624	3	0.847504782068704	0.932554555666534
semibin_SRR13068851.36	cancer_type	Other	-0.0197301804794427	0.0994162398471256	624	24	0.848025108332062	0.932715364039883
semibin_ERR6281518.50_sub	response	R	-0.00545686159261663	0.0284347299350091	624	8	0.847876744644245	0.932715364039883
metabat_SRR16554660.26	cancer_type	Other	0.00428188616389284	0.0217822547009818	624	3	0.847958040554803	0.932715364039883
metabat_SRR5930528.91	cancer_type	Other	0.00890113058657818	0.0445221617452208	624	7	0.848307267324004	0.932888491918957
metabat_SRR16554763.7	response	R	0.00510976732359527	0.0267308426279284	624	9	0.84846566776319	0.932925490888565
metabat_ERR6231616.29_sub	response	R	-0.00317960007874556	0.0166682320745486	624	3	0.848777594659317	0.933131263284677
metabat_SRR5930498.54	response	R	-0.000966991176117931	0.005078511215125	624	2	0.849051346091856	0.933295011917522
maxbin_SRR16554772.002	cancer_type	Other	0.00681745812075174	0.0349840677180025	624	6	0.84960676680062	0.933636326732142
metabat_ERR12405967.40_sub	cancer_type	Other	0.0503564843088261	0.256201811558713	624	52	0.849736405421096	0.933636326732142
semibin_SRR13068829.205	cancer_type	Other	-0.0697391855691252	0.360193286014629	624	70	0.849726109180913	0.933636326732142
metabat_SRR6000940.44	cancer_type	Other	-0.0354993543874073	0.181942342296516	624	52	0.850454631188178	0.93415943316624
semibin_ERR12405976.91	response	R	-0.00539114994951347	0.0285840165243273	624	9	0.850462345680096	0.93415943316624
metabat_SRR5930503.2	response	R	-0.00845969408503504	0.0449707156399662	624	13	0.850847825534564	0.934182399315471
metabat_ERR12406003.42	cancer_type	Other	-0.00398211264497317	0.0205266760776723	624	6	0.850722638319684	0.934182399315471
metabat_SRR23364191.23_sub	response	R	0.0134077895633226	0.0712791180078726	624	50	0.850858026442588	0.934182399315471
semibin_SRR13022436.17	response	R	0.00723305410611826	0.0385794693784962	624	12	0.851341983269513	0.934576534188112
metabat_SRR20881976.34_sub	cancer_type	Other	0.0414813728419743	0.21500464202497	624	41	0.851689396812884	0.934799669238865
semibin_SRR5930518.165_sub	cancer_type	Other	0.00796889027757407	0.0426357832979558	624	13	0.851795258918644	0.934799669238865
metabat_SRR16554643.13	response	R	0.014646405519759	0.078463050689121	624	13	0.851983306919313	0.934868843601265
metabat_ERR6275684.9	response	R	0.00931124411970605	0.0500134855889401	624	21	0.852368617645133	0.934923706980688
metabat_ERR6281505.29	response	R	-0.0035701273042603	0.0191814449988858	624	4	0.852408375794909	0.934923706980688
metabat_SRR16554687.21	cancer_type	Other	0.00413852122416921	0.0221973272349449	624	6	0.852158794782028	0.934923706980688
semibin_SRR25825516.46	response	R	-0.0127317497130198	0.0687283220239753	624	31	0.853095401251551	0.935402846123034
semibin_SRR16168976.4	response	R	0.0032490550289583	0.0175374777661164	624	4	0.853082833200448	0.935402846123034
semibin_SRR5930494.69	cancer_type	Other	0.0593481228361176	0.312198897364702	624	42	0.853411663268391	0.935612434822024
maxbin_SRR13022336.003_sub	cancer_type	Other	0.0703478711233144	0.36646689703379	624	362	0.853921016319231	0.935806607931204
semibin_SRR16168903.5	response	R	-0.029472246454556	0.159912344972131	624	122	0.853836625112939	0.935806607931204
semibin_SRR11413679.3	cancer_type	Other	0.0306529222748354	0.162080159225448	624	22	0.853969093310475	0.935806607931204
semibin_SRR5930530.132	cancer_type	Other	-0.0149295646102214	0.0789580547188317	624	9	0.854089341953794	0.935806607931204
semibin_SRR5930511.52	response	R	-0.0379845591289448	0.206692991445371	624	283	0.854251739172886	0.935847422434053
semibin_ERR6273965.44_sub	response	R	-0.0157503047117658	0.0859363840622392	624	48	0.854639521767786	0.936135102355281
metabat_SRR16554724.5	cancer_type	Other	-0.0113796188779282	0.0610118080464937	624	10	0.855022596278491	0.936417541735582
semibin_SRR16554693.19	response	R	-0.0274231707422028	0.150245333981291	624	48	0.855232188788969	0.936509929384085
metabat_ERR12405939.30	response	R	-0.0280840170682996	0.154481206744449	624	189	0.855802675164322	0.936797117893411
metabat_SRR13022394.10	response	R	-0.00819419888661748	0.0450587634398828	624	19	0.855755211615565	0.936797117893411
semibin_SRR11413687.106_sub	cancer_type	Other	0.0127824312426742	0.0704603150247625	624	29	0.856102453307438	0.936797117893411
metabat_SRR11413692.37	response	R	-0.00526252045273643	0.028965929938349	624	10	0.855893587437615	0.936797117893411
semibin_SRR25825506.42	cancer_type	Other	0.00641387212405413	0.0340566989119683	624	3	0.856120821567741	0.936797117893411
maxbin_SRR11413647.002	response	R	-0.0148424329253856	0.082042685928304	624	20	0.856496851977435	0.936892714178798
metabat_SRR16554769.19	cancer_type	Other	0.0119129532826626	0.0625833759190281	624	13	0.856421716388477	0.936892714178798
maxbin_SRR5930502.001	response	R	-0.00295425602197623	0.0163544107044791	624	5	0.856709331312467	0.936892714178798
semibin_SRR5930506.126	cancer_type	Other	0.0356937153890002	0.191089228466675	624	27	0.856660510988815	0.936892714178798
semibin_ERR12405961.23	response	R	-0.0121238004755404	0.0674916462072435	624	14	0.857499183914929	0.937619373785033
maxbin_ERR12405924.002	response	R	0.00805960742008343	0.0450353280642437	624	16	0.858026014140246	0.938058265166778
maxbin_ERR12405962.011_sub	response	R	-0.0399434168482361	0.224218102049344	624	163	0.85866696793206	0.938115615475571
semibin_SRR11413656.25	cancer_type	Other	-0.0163273163376076	0.0916770908276087	624	40	0.858705721841439	0.938115615475571
metabat_ERR12406003.18	cancer_type	Other	-0.00682420309648977	0.0382223691707783	624	11	0.858357523390761	0.938115615475571
maxbin_SRR16168909.008	response	R	0.00139644044184125	0.00782539583257318	624	2	0.858428008259208	0.938115615475571
semibin_SRR11413610.61	cancer_type	Other	0.00830807041112098	0.0456155801789565	624	12	0.858578051668265	0.938115615475571
maxbin_ERR6280910.013	response	R	-0.00473316660062279	0.026698914338645	624	4	0.859346840779928	0.938678889183801
metabat_SRR16554665.10	response	R	-0.0250565115831588	0.141642814382366	624	168	0.859645301421064	0.938791172876935
maxbin_SRR8387707.009	cancer_type	Other	0.0322524234105691	0.176205060938221	624	59	0.860076211425273	0.938791172876935
maxbin_SRR5930517.004	cancer_type	Other	0.0185819735264198	0.101746772522282	624	9	0.860179288226961	0.938791172876935
metabat_SRR11413614.28	response	R	0.0105308919526405	0.0597703980354043	624	29	0.860202877313822	0.938791172876935
semibin_SRR13022319.12	cancer_type	Other	0.00951865735795788	0.0515774532702957	624	5	0.860010319423884	0.938791172876935
metabat_SRR11413608.94	response	R	0.00178621211635698	0.0101148467300594	624	3	0.859885795947908	0.938791172876935
semibin_SRR8387681.97	response	R	-0.000961277858878446	0.0054687472945624	624	2	0.860527150989392	0.938922605547559
semibin_ERR6279678.59_sub	response	R	-0.0022636587361281	0.0128824826747494	624	3	0.860574423431796	0.938922605547559
semibin_SRR11413653.25	response	R	-0.0415368953465413	0.23760103588295	624	158	0.861279774316309	0.939334145566188
maxbin_SRR25825521.011	response	R	-0.00665309492677314	0.0380708046550869	624	11	0.861328461640459	0.939334145566188
metabat_ERR6281500.32	response	R	0.0080964428152764	0.0463147266407051	624	18	0.861283102326801	0.939334145566188
semibin_SRR23364199.59	response	R	0.00284699144115588	0.0163110019366749	624	7	0.861494739277923	0.939378486485901
metabat_SRR16554777.35	response	R	0.00283994626676086	0.0162971846300296	624	4	0.861717980861148	0.939484919212665
semibin_SRR5930504.145	response	R	0.00827244198696449	0.0475661760234554	624	30	0.861989670372846	0.939507178989672
semibin_ERR6281341.23_sub	response	R	0.00480410562594074	0.0276043781877735	624	8	0.861895545728449	0.939507178989672
semibin_SRR16554744.40_sub	response	R	0.00882080173198401	0.0508828668951132	624	17	0.862428885159265	0.939848907493585
semibin_SRR11413606.86	response	R	0.00425761255149964	0.0245888534295156	624	10	0.862588406058439	0.939885778887514
semibin_SRR6000905.32	response	R	0.0142500098456893	0.0826566676475822	624	51	0.863179559079217	0.94039288210874
metabat_SRR16554696.40	cancer_type	Other	0.0081740548682136	0.0461840652653135	624	13	0.863630375002425	0.940650214655432
maxbin_SRR23364189.018	response	R	-0.000835751001533314	0.0048652724780406	624	2	0.863667340709307	0.940650214655432
metabat_SRR25825503.11	cancer_type	Other	-0.00613479449115081	0.0348301751625645	624	8	0.86417275396562	0.940926594955577
semibin_ERR6281341.53	response	R	-0.00210209189601071	0.0122737184424371	624	3	0.86406914244836	0.940926594955577
metabat_SRR25825494.29	cancer_type	Other	0.00810038111734777	0.0473799128167506	624	17	0.864305742634813	0.940934392695171
metabat_SRR16554696.40	response	R	0.0064914817362812	0.03802118264778	624	13	0.864489291831779	0.94099722333596
metabat_SRR16554763.38	cancer_type	Other	-0.0133201231488221	0.0763611872036411	624	15	0.865200629017756	0.941513334571458
maxbin_SRR5930501.068_sub	response	R	-0.00192170332432842	0.0113167933980491	624	3	0.865215249421645	0.941513334571458
semibin_SRR16554769.96	response	R	-0.00380137941729061	0.0224102040953941	624	6	0.865358598108701	0.941532314368816
maxbin_ERR6232523.003	cancer_type	Other	-0.0393952405809596	0.226023612682863	624	85	0.866065024854556	0.942026800852708
maxbin_SRR20881977.021	cancer_type	Other	0.0234374933850869	0.133517091319628	624	19	0.866031749729902	0.942026800852708
metabat_SRR11413687.66	response	R	0.00732917294551246	0.0435694856753768	624	11	0.8664669728066	0.942326937557847
semibin_SRR11413678.73	response	R	-0.00878712717704585	0.0525331665354473	624	18	0.867213820940738	0.943002028936286
maxbin_ERR6275659.013_sub	cancer_type	Other	0.0195439984703582	0.114624392856359	624	23	0.86738157775112	0.943047315850956
metabat_SRR5930497.69	cancer_type	Other	0.018027210813878	0.103977046947459	624	18	0.867879796142455	0.943369973746542
semibin_ERR6275661.76	cancer_type	Other	-0.0171131848216093	0.100760236481075	624	18	0.867930652497487	0.943369973746542
semibin_SRR25825517.26	response	R	-0.00587320128161983	0.0353854329141845	624	6	0.868228381027749	0.943556435594464
maxbin_SRR25825515.010	response	R	0.0124202693431573	0.0749776128132296	624	36	0.868483953203126	0.943697036043734
maxbin_SRR16554738.006_sub	cancer_type	Other	-0.023059841624085	0.136297575634898	624	43	0.868730196135741	0.943741315737465
semibin_ERR12405952.2	cancer_type	Other	0.00945537031428937	0.0572080707265796	624	22	0.868777108523229	0.943741315737465
semibin_ERR12405928.36_sub	response	R	0.0039583100124718	0.0240796056858672	624	8	0.869482240033279	0.94437010762075
semibin_SRR5930522.7_sub	cancer_type	Other	-0.00731377580775786	0.0432683888838023	624	6	0.869660043278528	0.944426053389026
semibin_SRR13022415.6	response	R	0.0119968536589661	0.073835456322145	624	44	0.870980042856572	0.944834550230371
semibin_SRR5930520.142	response	R	0.0098405862271946	0.0603725126597527	624	35	0.870573207095785	0.944834550230371
metabat_SRR5930503.9_sub	response	R	0.00398453439790338	0.0246152554219948	624	9	0.871459010575124	0.944834550230371
semibin_SRR5930517.113	response	R	-0.0214147492022441	0.131172022505413	624	127	0.870369855064853	0.944834550230371
maxbin_SRR8387676.033_sub	cancer_type	Other	0.0190472602049586	0.114208466325028	624	29	0.871313991062669	0.944834550230371
semibin_SRR11413612.43_sub	response	R	-0.0140770940196496	0.0863766698021049	624	24	0.870592764090611	0.944834550230371
metabat_ERR6281433.22	response	R	0.00383008962643877	0.02367851310424	624	6	0.871552383991589	0.944834550230371
metabat_ERR6279622.67	cancer_type	Other	-0.00956160734796834	0.0578594532180203	624	11	0.87136883903515	0.944834550230371
semibin_SRR16554760.12	response	R	-0.00138944737574721	0.0085334695439563	624	3	0.870710607429162	0.944834550230371
metabat_SRR6000894.40	cancer_type	Other	-0.00432397652648551	0.0252999750491056	624	3	0.871173874421322	0.944834550230371
metabat_SRR5930494.22	response	R	-0.00297209057288192	0.0182744377548446	624	4	0.870857554552464	0.944834550230371
maxbin_SRR13022303.020_sub	cancer_type	Other	0.00513408864973695	0.0298278985046867	624	4	0.870722633695348	0.944834550230371
metabat_SRR16554652.36_sub	response	R	-0.00722149507492333	0.0448309270249546	624	15	0.872080588725217	0.945270132263686
semibin_SRR6000911.2	response	R	-0.0104692126866899	0.0655743871043504	624	37	0.873205664998321	0.945802745379935
semibin_SRR5930519.20	cancer_type	Other	-0.0334136952426458	0.202892385855254	624	40	0.873317449229385	0.945802745379935
semibin_SRR16554723.44	response	R	0.00571989478820637	0.0358070998594599	624	9	0.873136381815034	0.945802745379935
semibin_SRR5930504.132	response	R	-0.0104784234643639	0.0656793809770941	624	24	0.873296100985881	0.945802745379935
metabat_SRR6000949.29	response	R	-0.00488922846781352	0.0306544451669121	624	13	0.873330831351758	0.945802745379935
semibin_SRR16168943.33	cancer_type	Other	-0.01020481953435	0.0609646680285904	624	7	0.872704357657347	0.945802745379935
maxbin_SRR16554744.022	response	R	0.00820301907736746	0.0516473483034382	624	31	0.873856422976589	0.945831745558067
metabat_SRR23364206.11	response	R	0.0080808320286473	0.050880911654868	624	24	0.873863537050105	0.945831745558067
semibin_ERR6281341.23_sub	cancer_type	Other	0.00629869344826187	0.0371541108909152	624	8	0.873681003356305	0.945831745558067
semibin_ERR6282137.18	response	R	0.00116950566200265	0.00736047630558365	624	3	0.87380729577866	0.945831745558067
semibin_SRR16554669.51_sub	response	R	0.00674303834851149	0.0426012426274854	624	28	0.874286051507429	0.946152111891832
metabat_SRR13022423.1	response	R	0.00273680936151556	0.0173333323146422	624	6	0.874592795155116	0.946347116505565
metabat_SRR23364212.36	cancer_type	Other	0.0139756673929485	0.0867396905571661	624	30	0.875487995840932	0.947178708463324
semibin_ERR6233692.26	cancer_type	Other	-0.00819623752249257	0.051189262969156	624	12	0.875643128541341	0.947209506036764
semibin_SRR16554706.23	response	R	-0.0372224203118003	0.239209490356905	624	416	0.876394486246164	0.947290536619909
semibin_ERR12405970.61	cancer_type	Other	-0.0494473604498329	0.311722847490073	624	84	0.877250388878085	0.947290536619909
semibin_SRR11413679.4	response	R	0.0195262739157502	0.12555112663894	624	94	0.876458520325921	0.947290536619909
metabat_SRR16554651.26	response	R	0.0113605980437962	0.0736920407134003	624	41	0.87753129427319	0.947290536619909
metabat_SRR13022461.7	cancer_type	Other	-0.0150177249044212	0.0924617132040541	624	30	0.876180960098559	0.947290536619909
metabat_ERR12405924.12	response	R	0.0120645734577036	0.0783145015505766	624	40	0.87761819172275	0.947290536619909
semibin_SRR16554712.24	response	R	0.00787962662711355	0.0510357882207611	624	16	0.877349321241136	0.947290536619909
metabat_SRR11413657.82	response	R	0.00439181546846043	0.0283930934769916	624	9	0.877124639616812	0.947290536619909
metabat_SRR23364223.20	response	R	-0.00801860128060458	0.0514631027034267	624	14	0.876231352380905	0.947290536619909
metabat_ERR6232458.9	cancer_type	Other	0.0119747344556463	0.0753362287286222	624	11	0.877502944526503	0.947290536619909
metabat_SRR23364171.30	response	R	0.012683438459794	0.082254578473306	624	48	0.877504539328875	0.947290536619909
metabat_SRR13068850.8	cancer_type	Other	-0.0104344647854254	0.064783339637712	624	13	0.876697212171253	0.947290536619909
metabat_ERR6275676.44	cancer_type	Other	-0.0143587264628625	0.090204244569098	624	20	0.875985710863574	0.947290536619909
semibin_SRR16554651.34_sub	cancer_type	Other	0.00781516864325367	0.0477387945747497	624	8	0.876512187833792	0.947290536619909
metabat_SRR20881976.26_sub	response	R	-0.000869574890339356	0.0056378988487759	624	2	0.877473096601324	0.947290536619909
semibin_ERR6239139.3	response	R	0.00528935295852808	0.034487343953785	624	15	0.87815572759187	0.947614526547379
semibin_ERR6281658.88	cancer_type	Other	-0.00190913755482231	0.0124569141880624	624	2	0.8782436064189	0.947614526547379
semibin_ERR12406013.48	response	R	0.00492912983486748	0.0321766587924593	624	6	0.878298513439407	0.947614526547379
semibin_SRR5930531.21	cancer_type	Other	0.0217419732800848	0.138089059390221	624	25	0.879053836311546	0.947913824510491
semibin_SRR13022464.9	cancer_type	Other	0.0239345230056237	0.148373617954712	624	83	0.879038027783424	0.947913824510491
semibin_SRR16554789.32	response	R	0.0116272010212791	0.0763969821841119	624	29	0.879082959745956	0.947913824510491
maxbin_SRR20881987.014_sub	cancer_type	Other	0.00949774943522339	0.0597785730663177	624	11	0.878834407541518	0.947913824510491
semibin_ERR6275679.24	response	R	-0.0113107048267889	0.0747473609574402	624	40	0.879773164160759	0.948521297807692
semibin_SRR5930528.70_sub	cancer_type	Other	-0.00549292005198447	0.0351191895618724	624	4	0.879985359666423	0.948613308286797
metabat_ERR12406000.21	response	R	-0.00690206263551288	0.0458514773395027	624	17	0.880394709442212	0.948917791468558
metabat_ERR12405918.3	cancer_type	Other	0.0462362600968908	0.299464025175055	624	123	0.880946398920321	0.949052030721142
maxbin_SRR6000869.050	response	R	-0.0202252097674068	0.134779542548892	624	139	0.880764984052537	0.949052030721142
metabat_SRR13068828.25	response	R	0.00709360636301224	0.0473760351164971	624	31	0.881026905224147	0.949052030721142
metabat_ERR6239138.19	response	R	0.00241264721174012	0.0160964814270046	624	5	0.880902768637167	0.949052030721142
maxbin_SRR8387681.017	cancer_type	Other	-0.00208274477651775	0.0139361899592274	624	2	0.881248147084817	0.949153628676402
semibin_SRR16554672.14	response	R	0.0179141239865033	0.120233700863546	624	70	0.881606587997428	0.949402947155064
metabat_SRR20881981.42_sub	response	R	0.00120109705368015	0.00807362272714013	624	2	0.881785457884319	0.949458841477169
semibin_SRR5930498.24	cancer_type	Other	-0.0201588456150518	0.131489206618706	624	31	0.882387412887706	0.949833463879987
semibin_SRR5930520.95	cancer_type	Other	0.00340736556288403	0.0230048240489552	624	7	0.882299883741965	0.949833463879987
metabat_SRR13068828.29	cancer_type	Other	-0.0450295583355008	0.29525229908478	624	105	0.882770531317118	0.950109100919604
semibin_SRR23364183.27	cancer_type	Other	-0.0650930739143322	0.433346475184746	624	111	0.883800752927366	0.950820906187256
metabat_SRR11413618.6_sub	cancer_type	Other	0.0138918456929846	0.0924691330133212	624	14	0.883813334970262	0.950820906187256
maxbin_SRR5930504.041	cancer_type	Other	0.00755970852200781	0.0493107607584736	624	9	0.883777991981708	0.950820906187256
semibin_ERR2162217.22	cancer_type	Other	-0.0651903070890198	0.438082126283624	624	137	0.884555165123801	0.951163295469774
metabat_ERR12406002.11	cancer_type	Other	0.027068472327012	0.18127660907316	624	49	0.885401486681447	0.951163295469774
metabat_SRR11413610.43_sub	cancer_type	Other	-0.00978911452077844	0.0658528983697279	624	22	0.884436412173112	0.951163295469774
metabat_SRR20881981.18	cancer_type	Other	0.0498498409494561	0.333357000291415	624	45	0.884827633948131	0.951163295469774
semibin_ERR12405958.10	response	R	0.00471992405303736	0.0328092176624098	624	7	0.885657933452265	0.951163295469774
semibin_ERR6279657.164	response	R	-0.00401353533689551	0.0278970721099568	624	6	0.885650293256262	0.951163295469774
semibin_SRR20881987.25	cancer_type	Other	-0.0608427377698944	0.41018426316863	624	56	0.885389456889131	0.951163295469774
semibin_SRR16168941.28	response	R	-0.00587963765573958	0.0406978590936566	624	14	0.885175878389877	0.951163295469774
metabat_ERR6275668.55	response	R	-0.00347925369092742	0.0241070092298386	624	10	0.88529105546015	0.951163295469774
semibin_ERR12406002.26_sub	cancer_type	Other	0.00687489856838431	0.0456768842910842	624	11	0.885552562915	0.951163295469774
semibin_SRR6000905.23	response	R	-0.00188558735836767	0.0130809213858661	624	4	0.885430849052479	0.951163295469774
maxbin_ERR6275652.027	response	R	0.00340906675962525	0.0236069832443235	624	4	0.885224164627875	0.951163295469774
semibin_SRR5930507.29	cancer_type	Other	-0.0825224795245409	0.56016116693853	624	164	0.886035279887566	0.951348327467257
metabat_SRR11413685.13	cancer_type	Other	-0.0209576581151011	0.142428102420378	624	50	0.886427104322803	0.951348327467257
metabat_SRR8387681.3	cancer_type	Other	-0.0282842095304292	0.192793664233374	624	32	0.88659354026736	0.951348327467257
metabat_SRR16554771.7_sub	response	R	-0.00614338257548984	0.0430583434525725	624	21	0.886592580009739	0.951348327467257
semibin_SRR5930506.146	response	R	0.00291948221873725	0.020386662465651	624	6	0.886174340201381	0.951348327467257
semibin_SRR20881974.54	response	R	0.00290506788914205	0.0203336330451965	624	5	0.886439533622907	0.951348327467257
semibin_SRR16168940.103	response	R	0.0115178896619375	0.0808994244871227	624	29	0.88683160661764	0.951467253125784
semibin_SRR16168938.32	response	R	-0.00373541127218068	0.0263042181753215	624	7	0.887119750422866	0.951639864246478
metabat_ERR6233695.53	response	R	-0.00234871075518537	0.0165778758985176	624	5	0.887380943902008	0.951783519578201
metabat_SRR16554779.30	response	R	-0.0338571884330809	0.240129976008068	624	379	0.88791968650388	0.951785696569159
semibin_ERR12405910.22	cancer_type	Other	-0.0120320223874864	0.0822869360842695	624	12	0.888021492764943	0.951785696569159
metabat_SRR5930516.91	response	R	0.0135840801111537	0.0967628292597693	624	32	0.888401198455834	0.951785696569159
metabat_ERR12405979.31	cancer_type	Other	-0.00758980264026351	0.0523996031332625	624	8	0.888014582032216	0.951785696569159
semibin_ERR6275661.92	response	R	-0.00250186962326487	0.0178147629920669	624	3	0.888359646324765	0.951785696569159
metabat_ERR12405949.30_sub	response	R	0.0054549280552615	0.0388311900269095	624	7	0.888328016053981	0.951785696569159
semibin_ERR6275674.36_sub	cancer_type	Other	-0.0035567832076056	0.0252055861435481	624	6	0.887828086041164	0.951785696569159
maxbin_SRR16554627.021_sub	response	R	0.000991139257838129	0.00704929569656074	624	2	0.888230713597681	0.951785696569159
metabat_SRR5930520.43	response	R	0.0055806581491017	0.039908051097143	624	17	0.888833489030768	0.951983987291283
metabat_SRR11413645.9	response	R	0.00208983568048643	0.0149456956263971	624	6	0.888840893189053	0.951983987291283
semibin_ERR6275663.49	response	R	0.00262154451528202	0.0189116057268782	624	3	0.889794636180834	0.952385901573778
semibin_SRR5930497.86_sub	cancer_type	Other	-0.0134511714849721	0.0923468978488172	624	13	0.889852941200319	0.952385901573778
metabat_SRR5930499.54	response	R	-0.00285887251741957	0.0205993920174385	624	3	0.889665583014153	0.952385901573778
semibin_ERR6275675.39_sub	cancer_type	Other	-0.0038570802126092	0.027710737380635	624	7	0.88934449082494	0.952385901573778
semibin_ERR6280899.56	response	R	0.0012879906322712	0.00929542561320177	624	3	0.889841373714006	0.952385901573778
maxbin_ERR2162223.012	cancer_type	Other	0.0661086609174443	0.466839428172731	624	174	0.890320991933981	0.952750483354652
semibin_SRR13022424.5	response	R	-0.0174107428608418	0.126812677716567	624	79	0.890842304842556	0.952899264141415
maxbin_SRR16554667.020	cancer_type	Other	-0.00764585649554995	0.0556634236549412	624	21	0.890791782400431	0.952899264141415
metabat_SRR16554780.25	cancer_type	Other	-0.0110331738235351	0.0780849462302952	624	18	0.890738443262521	0.952899264141415
metabat_SRR13022409.1	response	R	-0.0119895459718419	0.0875506715448062	624	32	0.891119392567126	0.953059327462381
metabat_ERR6275668.9_sub	cancer_type	Other	0.00417163418869836	0.0298442616881792	624	4	0.891312145544626	0.95312916121589
maxbin_ERR6282070.040_sub	cancer_type	Other	-0.0190640410131393	0.131690630194693	624	89	0.891964971224413	0.953690885732937
metabat_SRR16554674.5	response	R	-0.0390004032440162	0.28825748265091	624	420	0.892421116984538	0.953797246121036
metabat_SRR13022417.2	cancer_type	Other	-0.076709324687512	0.556727312084969	624	216	0.893101459870081	0.953797246121036
metabat_SRR16554713.13	cancer_type	Other	0.0700104036499499	0.509239168780632	624	243	0.893212371568015	0.953797246121036
semibin_SRR11413691.42	response	R	0.0213353612577571	0.15845888804013	624	92	0.892938056836786	0.953797246121036
metabat_SRR16554703.42	response	R	0.00762840971381063	0.0564654038008092	624	12	0.892577681008589	0.953797246121036
metabat_SRR5930528.27	response	R	0.00707931752132206	0.0522899058998246	624	16	0.892350922155062	0.953797246121036
maxbin_ERR12406008.002_sub	cancer_type	Other	-0.00627457124730817	0.0451194071788732	624	6	0.892989885047144	0.953797246121036
maxbin_SRR23364170.010_sub	cancer_type	Other	-0.0060930542690846	0.0437791355121936	624	6	0.892752697830012	0.953797246121036
metabat_SRR16554769.49	cancer_type	Other	0.00123284088682009	0.00880512821100037	624	2	0.892671357737559	0.953797246121036
semibin_ERR6275680.4	response	R	0.00689143289015456	0.0515591637834831	624	17	0.893714227069389	0.954196886068659
metabat_SRR16168942.20	cancer_type	Other	0.00585138786478611	0.0414511857702662	624	7	0.894156341285938	0.954396391683734
semibin_ERR6279669.21	response	R	0.00307017615289733	0.0230562084916972	624	10	0.894109736206319	0.954396391683734
metabat_SRR20881977.25_sub	cancer_type	Other	-0.0548855683251899	0.40208369995822	624	55	0.894437242607826	0.95446887871324
maxbin_ERR6281434.009_sub	cancer_type	Other	-0.00462168637638156	0.0337866616426809	624	12	0.894479526881838	0.95446887871324
metabat_SRR16554638.9	cancer_type	Other	0.0158644077218814	0.115611674766585	624	25	0.895126187142486	0.955022631966259
semibin_SRR13068840.28	response	R	-0.00703466729907807	0.0534888761647802	624	21	0.8954098565046	0.955189002416747
metabat_SRR5930536.81_sub	cancer_type	Other	-0.0475669066903247	0.352238780080603	624	38	0.895747297125411	0.955412678348855
semibin_SRR5930509.30	response	R	0.0108157843050067	0.0826577792408657	624	59	0.895936528631202	0.955478231760429
semibin_SRR5930507.158	cancer_type	Other	-0.0169847328338972	0.125765195876106	624	18	0.896728338417834	0.955803014425379
maxbin_SRR11413685.021	response	R	0.00556173890597789	0.0427411909302366	624	15	0.896508905974605	0.955803014425379
metabat_SRR16554636.10	response	R	-0.00141961368725826	0.0109057276432515	624	4	0.89647305897142	0.955803014425379
semibin_SRR5930503.75	cancer_type	Other	0.00141356148813314	0.0104379464156713	624	2	0.896752333405784	0.955803014425379
metabat_SRR5930506.102	response	R	0.00918670913938942	0.0709732532836701	624	44	0.897052497254618	0.955850466581652
metabat_SRR11413645.53	response	R	-0.000686252667822319	0.00530087720345494	624	2	0.897035471314002	0.955850466581652
maxbin_ERR12405970.007	cancer_type	Other	0.00555255971203005	0.041749568658623	624	8	0.898291200771824	0.956897663728162
metabat_SRR20881981.60	cancer_type	Other	-0.00168630822755792	0.0128325219874392	624	3	0.898191064806299	0.956897663728162
semibin_ERR6232521.7	response	R	0.00661946316030199	0.0519064907366684	624	22	0.898564832815784	0.957052815809206
semibin_SRR6000905.60_sub	cancer_type	Other	0.0831357079387942	0.638412534344952	624	205	0.899122692366296	0.957408161530822
metabat_ERR6232525.20	response	R	-0.00375208747291568	0.0295949415775501	624	6	0.899154522389805	0.957408161530822
semibin_SRR16554736.23	response	R	0.00830750550779803	0.0659078170525647	624	26	0.899735242785782	0.957550601748625
maxbin_SRR11413607.012	cancer_type	Other	0.0126714515821757	0.0980429832671541	624	15	0.899971865957534	0.957550601748625
semibin_SRR11413645.160	response	R	0.00378077776443408	0.0299353763767766	624	4	0.89953692944547	0.957550601748625
semibin_ERR12406004.1	cancer_type	Other	0.00472387713804312	0.0375981452378699	624	10	0.900056589956016	0.957550601748625
maxbin_SRR13022258.012_sub	response	R	0.0031585327111774	0.0250935423454289	624	9	0.899875388916209	0.957550601748625
semibin_SRR5930498.76	cancer_type	Other	-0.00851113484036709	0.0653250025316277	624	10	0.900046965514593	0.957550601748625
semibin_SRR5930507.86	cancer_type	Other	-0.0405966300924002	0.314298302333049	624	51	0.900468402326187	0.957716215701213
maxbin_SRR16554751.003	response	R	-0.00647149370906522	0.0517025398868427	624	24	0.900431331291757	0.957716215701213
semibin_ERR2162202.11	cancer_type	Other	-0.0288193234501603	0.225064225281443	624	159	0.900744461002276	0.957873589217153
metabat_SRR16554726.7	cancer_type	Other	0.00122202658236987	0.00947095414407529	624	2	0.900968920222884	0.957976053665111
semibin_ERR12405961.52	response	R	-0.00125767113203195	0.010126867271453	624	3	0.901203816472114	0.958089584813544
semibin_SRR5930516.87	response	R	-0.00634917426697967	0.0514148760809254	624	11	0.901760080930766	0.958303979661501
maxbin_SRR13068818.027_sub	cancer_type	Other	0.00494297191656293	0.0400399557898027	624	12	0.901789931115002	0.958303979661501
maxbin_ERR6232527.010	response	R	-0.00243723787361208	0.0197090499974791	624	5	0.901623824038546	0.958303979661501
metabat_SRR25825519.52	cancer_type	Other	-0.00612520122025319	0.0480593247807884	624	5	0.902067563271172	0.958462807351779
semibin_ERR6279619.6	response	R	-0.00843482195000543	0.0688169688706551	624	39	0.902488141001409	0.958644743052818
maxbin_ERR12405975.009_sub	response	R	-0.00551715546459066	0.0450159561016876	624	17	0.902495184687328	0.958644743052818
metabat_SRR11413647.31	cancer_type	Other	-0.0573976998086735	0.457725055703642	624	122	0.902838452378177	0.958658842759262
metabat_SRR13068843.58_sub	response	R	-0.00530892392447882	0.0434953009437003	624	19	0.902893050221113	0.958658842759262
semibin_SRR25825501.29	cancer_type	Other	-0.00317759974193668	0.0248996275304986	624	3	0.902669770803217	0.958658842759262
semibin_SRR16554638.14	cancer_type	Other	-0.0169572210829914	0.137216977727884	624	40	0.903900810901215	0.959220324285248
metabat_SRR16554780.25	response	R	0.0062509675888664	0.0516571325258874	624	18	0.903723229079245	0.959220324285248
metabat_SRR16554697.2	response	R	0.00431607379246002	0.0357944311345901	624	6	0.904063231554216	0.959220324285248
semibin_ERR2162202.34	response	R	0.00342463493375884	0.0282775260915696	624	5	0.903644741682364	0.959220324285248
metabat_ERR6279622.67	response	R	0.00482212791797503	0.0399745217784309	624	11	0.904023123548875	0.959220324285248
metabat_ERR6279648.28_sub	response	R	0.00700748799474535	0.0584169890374263	624	22	0.904556534000828	0.959367142402116
semibin_ERR6281518.50_sub	cancer_type	Other	-0.00377305487369399	0.0314634891785205	624	8	0.904586483160915	0.959367142402116
metabat_SRR13068843.10_sub	cancer_type	Other	0.00431664117608147	0.0359495877200455	624	5	0.90446269524354	0.959367142402116
metabat_SRR11413610.67	response	R	-0.00557633036871468	0.046584479976269	624	7	0.90475668293195	0.959411581815815
semibin_SRR25825511.32_sub	cancer_type	Other	-0.022053940408151	0.178549418424949	624	31	0.905016377007305	0.959472383003242
semibin_ERR6279669.43	response	R	0.00535750344290888	0.0449051440194948	624	22	0.905070632482598	0.959472383003242
semibin_SRR16554765.35	response	R	0.0143711649463289	0.122811591724619	624	76	0.906883667542123	0.95997632241064
metabat_SRR11413685.32	cancer_type	Other	0.0461220268074539	0.384353441198473	624	95	0.906961806168264	0.95997632241064
maxbin_SRR5930508.014	cancer_type	Other	0.0136698835826886	0.107396264198804	624	25	0.906477521221977	0.95997632241064
metabat_SRR5930508.66	cancer_type	Other	-0.0187301398689227	0.156298355788894	624	17	0.907063856897769	0.95997632241064
maxbin_ERR6231548.005	response	R	0.00687119618443804	0.0587657812385851	624	24	0.906957197109992	0.95997632241064
semibin_SRR20881983.19	cancer_type	Other	-0.0285026080064238	0.23515099465129	624	52	0.906269280928548	0.95997632241064
maxbin_SRR16554766.008	response	R	0.00549547430588533	0.0464343935733757	624	25	0.905829230681939	0.95997632241064
maxbin_ERR6232527.031_sub	response	R	-0.00507610696318898	0.0430245274716126	624	17	0.906120313840895	0.95997632241064
maxbin_SRR6000909.001_sub	response	R	-0.00141316860792309	0.0120104591338563	624	3	0.906374252744883	0.95997632241064
semibin_SRR11413649.46	response	R	0.00254736282107804	0.0215120194492793	624	12	0.905776847579863	0.95997632241064
metabat_ERR6275652.45	response	R	-0.00314919983546618	0.026980675339448	624	7	0.907119235460673	0.95997632241064
semibin_SRR5930504.70	response	R	-0.00233062229424913	0.0199881431745798	624	10	0.907214852965498	0.95997632241064
semibin_SRR5930520.61	response	R	-0.00245644447727437	0.0208735019021529	624	3	0.906357338949566	0.95997632241064
semibin_ERR12405970.61	response	R	-0.0150256095096436	0.129267398477435	624	84	0.907502680550686	0.960145026196665
maxbin_SRR11413645.052	response	R	-0.00439598308617686	0.0379155646905854	624	9	0.907736595110313	0.960256649912989
semibin_SRR5930498.111	response	R	0.00754099772025458	0.0652510904927899	624	40	0.908031889785138	0.960319807379745
metabat_SRR11413607.56	response	R	-0.00324983835988343	0.028166481848745	624	4	0.908181556270334	0.960319807379745
metabat_ERR6254871.61	response	R	0.00382660012023105	0.0331273523081416	624	9	0.90807691794109	0.960319807379745
metabat_SRR16554771.7_sub	cancer_type	Other	0.00693639739477806	0.059311514560934	624	21	0.908836958848665	0.960647813358999
metabat_SRR13022254.6	cancer_type	Other	0.00648509725982297	0.0533556261915195	624	7	0.908932624618643	0.960647813358999
metabat_SRR23364176.34	cancer_type	Other	0.00726117488201265	0.0635053777640665	624	19	0.909005606756924	0.960647813358999
maxbin_SRR11413619.035_sub	response	R	0.00280203342723792	0.0244515852091458	624	7	0.908803204240737	0.960647813358999
semibin_ERR6232528.6	cancer_type	Other	-0.00498008715319457	0.0414793779431818	624	7	0.909351818938368	0.960752949316766
metabat_SRR16554636.13	cancer_type	Other	0.00116664446107997	0.00989123222338571	624	2	0.90936204536829	0.960752949316766
semibin_SRR5930494.98	response	R	-0.000581261725231457	0.00511401161773606	624	2	0.909543879586577	0.960809313681088
maxbin_SRR5930508.026	cancer_type	Other	0.0230118966154905	0.198093225197469	624	152	0.910189385729912	0.960948217773299
metabat_ERR6279664.26	cancer_type	Other	0.0186650339946137	0.161980097516433	624	36	0.910146700585755	0.960948217773299
metabat_SRR25825499.38	cancer_type	Other	-0.00360360533241983	0.0289475476106862	624	5	0.909933765505549	0.960948217773299
metabat_ERR12406004.31	cancer_type	Other	-0.00314249729315699	0.0270571922777074	624	8	0.91014239578461	0.960948217773299
maxbin_ERR6282070.005	response	R	-0.000572542071159482	0.00510397690447806	624	2	0.91072036245524	0.96113055332463
maxbin_SRR13022258.012_sub	cancer_type	Other	-0.00433486873201835	0.0362937389375715	624	9	0.910747673289426	0.96113055332463
semibin_ERR12405943.65	cancer_type	Other	0.0022151705255375	0.0197449319511212	624	6	0.910709549206245	0.96113055332463
semibin_SRR16554647.36	response	R	-0.00176192692019152	0.0157383809968467	624	4	0.910898683568695	0.96115427624195
metabat_SRR11413657.66_sub	response	R	-0.00196343810474793	0.017603768320083	624	5	0.911228196362091	0.961366316647251
semibin_SRR11413681.27	cancer_type	Other	0.0179923584756115	0.159253146568957	624	30	0.912417819258472	0.962485604798258
metabat_SRR25825496.23	response	R	-0.00714304714965864	0.0656461470441318	624	31	0.913387292743768	0.963297046590115
maxbin_ERR6275682.008	response	R	0.00261337547118289	0.0240334759618013	624	5	0.913444685393221	0.963297046590115
metabat_ERR6279654.11	response	R	-0.00997276894987837	0.092773717618734	624	48	0.914430619006065	0.963981497291345
semibin_ERR12406004.1	response	R	-0.00365043810600558	0.0339788476678526	624	10	0.914480441533137	0.963981497291345
semibin_ERR6279618.55	cancer_type	Other	0.00445630574424923	0.0399461385563501	624	9	0.914391682764912	0.963981497291345
semibin_ERR6275680.98	response	R	-0.00116166246210114	0.0108633124298036	624	3	0.914875575795196	0.964262093840237
semibin_ERR6279614.29	response	R	-0.015430060012641	0.144991010597621	624	114	0.915283066413397	0.96455563284095
metabat_SRR13068825.48	cancer_type	Other	-0.00138218050309766	0.0131370936112907	624	4	0.916241525814579	0.965429636471949
semibin_SRR16168913.74	cancer_type	Other	0.0140865400922055	0.12339359604707	624	59	0.916859098346634	0.965944257176124
semibin_SRR11413614.5_sub	response	R	0.0024296944384705	0.0236518625683951	624	11	0.918212537209744	0.967233885512673
maxbin_ERR6281942.014	cancer_type	Other	-0.0109221252144283	0.10414127097093	624	16	0.918424837711056	0.967321258648349
metabat_SRR16168943.6	cancer_type	Other	-0.00502103466565854	0.0478688234674169	624	10	0.919027376566018	0.967547053633772
semibin_ERR6235718.14	response	R	-0.0013462625834339	0.0132249572647811	624	5	0.918950570018198	0.967547053633772
semibin_SRR5930520.106	response	R	0.00064046688494359	0.00629122636900601	624	2	0.918945758759957	0.967547053633772
metabat_ERR12405965.20	cancer_type	Other	0.0034245844832017	0.0328561532029584	624	10	0.919359795284557	0.967628780545918
maxbin_ERR12406001.019	response	R	0.00263906954967114	0.0260581090995843	624	6	0.919363798579667	0.967628780545918
maxbin_SRR5930508.022	response	R	0.00316580615601952	0.0314908012303813	624	8	0.919955118665783	0.968114885643502
semibin_SRR23364187.70	cancer_type	Other	0.00724733952211867	0.0701618015741367	624	11	0.92010880449612	0.968140374281974
semibin_ERR12405947.71	cancer_type	Other	0.022313687331656	0.218208556893613	624	171	0.920875973464464	0.968266384922281
semibin_SRR25825507.51_sub	cancer_type	Other	0.0112732687908908	0.10883162632595	624	19	0.920703231185658	0.968266384922281
metabat_SRR13068822.8	cancer_type	Other	-0.00805684267899405	0.0809759286549264	624	20	0.920775968722349	0.968266384922281
semibin_SRR5930495.0_sub	response	R	0.0040343431648065	0.040402829609647	624	15	0.920493394848493	0.968266384922281
metabat_ERR6232524.25	response	R	0.00246208263499094	0.0247622482580579	624	9	0.920829926957541	0.968266384922281
metabat_SRR16554687.19	cancer_type	Other	0.0156693377268658	0.135616864128377	624	89	0.921345989339156	0.96835211641296
semibin_SRR5930504.118_sub	response	R	0.00899276317016434	0.0907627726853589	624	52	0.921107050387133	0.96835211641296
maxbin_SRR16554766.008	cancer_type	Other	0.00841372464299482	0.0818776288800261	624	25	0.921332858676454	0.96835211641296
semibin_ERR6281941.44	response	R	0.0028602524334256	0.0290671280824689	624	7	0.921645247182263	0.968530516923688
semibin_SRR13068831.26	cancer_type	Other	-0.00114918067592174	0.0105357425809906	624	3	0.921885453865638	0.9686468208525
semibin_SRR11413610.13	response	R	-0.00436740763031077	0.0450132724939392	624	12	0.922737940468397	0.96913403354251
maxbin_SRR20881983.026_sub	response	R	-0.00618433643876664	0.0635808818879184	624	31	0.92254561475206	0.96913403354251
metabat_SRR5930501.36	response	R	-0.00283540489512007	0.0291920824832204	624	13	0.92265522906155	0.96913403354251
maxbin_SRR5930501.087_sub	response	R	0.0125790411441239	0.13035171277799	624	163	0.923154152031361	0.969435015993613
semibin_ERR12405969.59	cancer_type	Other	-0.00445811087002414	0.0466362273454664	624	5	0.9238744252401	0.97005517438156
semibin_SRR11413681.23	response	R	0.0107772573872576	0.112934271588583	624	51	0.924004675239595	0.97005572952993
semibin_SRR5930494.170	response	R	0.00230574126322132	0.0244813102079272	624	12	0.924993900723068	0.970821668716787
maxbin_SRR16554626.019	cancer_type	Other	-0.00117535683042937	0.0124670652588347	624	2	0.92491957342491	0.970821668716787
metabat_SRR5930536.13	cancer_type	Other	0.0436902021383797	0.453941566870264	624	192	0.925186687937112	0.970887742407202
semibin_ERR12405969.55	response	R	0.00363834495185061	0.0394105500394639	624	13	0.92647431826619	0.971431855467025
maxbin_SRR23364206.033_sub	cancer_type	Other	0.00854474982379059	0.0883593989115548	624	20	0.926874336554858	0.971431855467025
metabat_ERR6279677.5	response	R	-0.0059944429534529	0.0651989415988985	624	23	0.926774724295348	0.971431855467025
maxbin_SRR16168976.016_sub	response	R	0.00215406621660259	0.0234555850312261	624	8	0.926858335480606	0.971431855467025
semibin_SRR13068835.5	cancer_type	Other	-0.0194565368152975	0.203604622283548	624	33	0.926196623108142	0.971431855467025
semibin_SRR16554734.17	response	R	0.00261848299950289	0.0284883328218408	624	7	0.92679583195747	0.971431855467025
semibin_SRR23364199.39	response	R	0.0039085912645246	0.0424944472627506	624	16	0.926744494264696	0.971431855467025
maxbin_ERR6281342.028	cancer_type	Other	0.00459532837136068	0.0480207971728884	624	8	0.926652441699236	0.971431855467025
semibin_SRR6000909.0	response	R	-0.000481127304578431	0.00518878154908819	624	2	0.926152317947487	0.971431855467025
semibin_ERR6281677.29	cancer_type	Other	0.00403893215155408	0.0447218816818826	624	12	0.92806823522232	0.972546841787066
metabat_SRR16554744.3	cancer_type	Other	0.0356175849515706	0.388589262743159	624	163	0.928689876822483	0.97273455212614
maxbin_SRR13068818.010	cancer_type	Other	0.018488152823724	0.199724089271516	624	134	0.928767678815277	0.97273455212614
metabat_SRR11413687.86	response	R	-0.00890956872600863	0.0994948877620299	624	75	0.928675591991122	0.97273455212614
metabat_ERR6275673.75	cancer_type	Other	0.00344142396853346	0.0382892437047782	624	12	0.928411829849521	0.97273455212614
metabat_SRR20881977.30	cancer_type	Other	-0.0295917109892097	0.322126927089568	624	34	0.928981890473265	0.972822654664483
semibin_ERR12405959.88	response	R	-0.00287788822528905	0.0323608013238716	624	7	0.929165178032929	0.972878353588664
metabat_ERR6275680.25_sub	response	R	-0.00045459790252271	0.00513881875696367	624	2	0.929536885234339	0.973131293263669
metabat_SRR16554652.48	response	R	-0.0104940887344814	0.119576376682362	624	116	0.930095630331239	0.973171277965161
semibin_ERR12406000.0	response	R	0.00217736295351831	0.0247111586422496	624	5	0.929815635753449	0.973171277965161
maxbin_ERR6275676.002_sub	response	R	-0.000988503295123255	0.011238594810786	624	3	0.929939955072925	0.973171277965161
semibin_ERR6280899.58	cancer_type	Other	-0.00189694798373253	0.0215948938877534	624	4	0.930030231074587	0.973171277965161
semibin_SRR5930533.9	response	R	-0.0185464199101891	0.214099655970565	624	195	0.930997421680213	0.973464962686357
semibin_SRR16554696.25	response	R	-0.000914568574635104	0.010505291565174	624	3	0.930653706321401	0.973464962686357
maxbin_SRR11413607.012	response	R	-0.00345519338434774	0.0398315487451483	624	15	0.930902151297529	0.973464962686357
maxbin_SRR5930493.011	response	R	0.00410026383840034	0.0473539146749092	624	12	0.931027201542234	0.973464962686357
maxbin_SRR5930508.022	cancer_type	Other	0.00447593353741565	0.0496955365995345	624	8	0.930789901319055	0.973464962686357
metabat_SRR11413690.18	response	R	0.00188073785727162	0.02195172391083	624	7	0.931751525055972	0.974086104343431
metabat_SRR5930494.25_sub	cancer_type	Other	-0.0232455451739155	0.263547900551036	624	53	0.931934849208951	0.974141571482323
semibin_SRR25825518.7	response	R	-0.00648811241554243	0.0769253907942425	624	49	0.932810967368373	0.974376367367048
metabat_SRR6000940.58	response	R	-0.00842588755895331	0.0997888512885306	624	31	0.932736130102767	0.974376367367048
metabat_SRR25825502.66	response	R	-0.00165135995511388	0.0194947795118897	624	7	0.93252126490624	0.974376367367048
semibin_ERR12405910.1	response	R	-0.00339546674341907	0.0402233131811705	624	11	0.932753375656043	0.974376367367048
metabat_ERR6254870.36	response	R	-0.00162290725748967	0.019097959545394	624	5	0.932306261037798	0.974376367367048
semibin_ERR6279654.27	response	R	0.00284371972078508	0.0339314292150767	624	9	0.933236225309589	0.974684426377808
metabat_SRR13068815.24	response	R	-0.00516716416652983	0.0619231652407893	624	22	0.933524785369165	0.974849650187211
semibin_SRR5930498.111	cancer_type	Other	-0.0203552946143074	0.238355650918611	624	40	0.933785783733701	0.974849935887284
metabat_SRR13068849.40	response	R	0.00391872937245206	0.0471240799963042	624	30	0.93375324244743	0.974849935887284
semibin_ERR6279621.6	response	R	0.00792670650526854	0.0970084119144195	624	62	0.934902568619183	0.975642373619246
semibin_SRR13068835.5	response	R	0.00665529878674655	0.0812644872586259	624	33	0.934755304608075	0.975642373619246
semibin_SRR20881977.6	cancer_type	Other	0.00324145191686808	0.0370539902757663	624	9	0.934936246236363	0.975642373619246
maxbin_SRR16554720.002	cancer_type	Other	-0.0020067819101248	0.0249050156870967	624	4	0.935803984592148	0.976106015845714
maxbin_SRR16554788.028_sub	response	R	-0.00570748096458084	0.0708471547387277	624	31	0.935817514764589	0.976106015845714
maxbin_ERR6279620.003	cancer_type	Other	0.00475483231702977	0.0569826854290871	624	10	0.936163726350021	0.976106015845714
metabat_SRR20881987.26	cancer_type	Other	-0.00361343028479597	0.0437013118046167	624	11	0.936101920767865	0.976106015845714
metabat_SRR13068823.20_sub	cancer_type	Other	0.00189508052952623	0.0230848972332702	624	8	0.936099388449708	0.976106015845714
maxbin_SRR11413615.034_sub	response	R	0.00105309798205502	0.0131123915240527	624	5	0.936014207414631	0.976106015845714
metabat_SRR11413657.82	cancer_type	Other	0.00249692872384174	0.0314174177634144	624	9	0.93667967381182	0.97650782110202
semibin_SRR8387707.23	cancer_type	Other	-0.0363007079822752	0.446100243462306	624	109	0.937316448009271	0.977026630368997
semibin_SRR23364178.13	response	R	-0.00262884786845591	0.033479395701287	624	13	0.937438629700127	0.977026630368997
semibin_SRR13068826.50	response	R	-0.00198482950934196	0.0254925219947866	624	5	0.937965161963273	0.977371502432912
maxbin_SRR16554769.014_sub	response	R	0.0014816495550829	0.0190904485438729	624	6	0.938161626700113	0.977371502432912
metabat_ERR6233695.65_sub	response	R	0.00219907933022791	0.0283314738250026	624	7	0.938155610016637	0.977371502432912
semibin_SRR11413691.42	cancer_type	Other	-0.0332956862463483	0.424851477282018	624	92	0.939126584762069	0.977573338599983
metabat_ERR6232523.3	response	R	0.00581144142579104	0.0759596361949751	624	34	0.939040431858682	0.977573338599983
semibin_SRR8387712.32	response	R	0.00405722298903697	0.0530481655909423	624	27	0.939060621158218	0.977573338599983
maxbin_SRR16168896.029	response	R	-0.00111224941319072	0.0144531209209086	624	3	0.938683799069148	0.977573338599983
metabat_ERR6279658.3	response	R	0.00475186895153258	0.0622117743265729	624	10	0.939139725127344	0.977573338599983
maxbin_SRR5930493.011	cancer_type	Other	0.00669949166900408	0.0849239981970781	624	12	0.938894605257502	0.977573338599983
metabat_ERR6281997.20	response	R	0.00337622802253278	0.0443078621002435	624	8	0.939285126239691	0.977588611554684
semibin_ERR6243877.15_sub	cancer_type	Other	-0.00550728125320369	0.070987585020286	624	10	0.939508815216889	0.977685349316991
maxbin_SRR11413608.019_sub	response	R	0.00425925036639622	0.0564245705800534	624	18	0.939852554982349	0.977770924618532
metabat_ERR6281432.36	cancer_type	Other	-0.00579769065026668	0.0749863155899831	624	13	0.939778260078259	0.977770924618532
semibin_SRR5930494.37	response	R	-0.00400044870611913	0.0531752975945131	624	27	0.940054880311819	0.977845374178855
semibin_SRR6000891.14	cancer_type	Other	0.0100183040869336	0.127157286360615	624	44	0.940520060592097	0.977852891608582
semibin_SRR16168938.32	cancer_type	Other	-0.00411685001419685	0.0523433751535066	624	7	0.940434889125226	0.977852891608582
maxbin_ERR6281504.041_sub	response	R	0.00131992170764666	0.01761551077963	624	5	0.940295047199876	0.977852891608582
metabat_SRR16168918.75	response	R	0.000545073139588815	0.00731006933522963	624	3	0.940585163057038	0.977852891608582
maxbin_ERR12405958.009_sub	cancer_type	Other	-0.0235077029568049	0.309294050876994	624	90	0.941199858907328	0.978228420848472
metabat_SRR13022254.6	response	R	0.00270256023945192	0.0367804616931737	624	7	0.941449340033168	0.978228420848472
metabat_ERR6279624.45	response	R	-0.00143211920560088	0.019426076780198	624	4	0.941255778500823	0.978228420848472
metabat_ERR6281504.22_sub	response	R	0.00156418720928068	0.0212952001595909	624	6	0.941469636914476	0.978228420848472
metabat_SRR13068840.32_sub	response	R	0.00310905073896822	0.042494307945174	624	16	0.941699228105594	0.97833104025752
metabat_SRR16554638.10	response	R	-0.00234981477473061	0.0322267336045502	624	4	0.941897287459978	0.978400877292084
maxbin_SRR8387683.026_sub	response	R	-0.0030272214834	0.0418359704716162	624	23	0.942339526455471	0.978596763503018
maxbin_SRR5930515.026_sub	cancer_type	Other	0.00535782448224605	0.0725743507441434	624	11	0.942347592134961	0.978596763503018
maxbin_ERR12405994.023	response	R	-0.00286540679533493	0.0397848202581314	624	16	0.942607742199257	0.978731004743966
semibin_ERR12405976.91	cancer_type	Other	0.00226800119828697	0.0316286772073235	624	9	0.942858081004252	0.978855022872386
semibin_SRR16554652.103	response	R	-0.00442978190437863	0.0622871838894782	624	21	0.943326468289002	0.979205348398828
semibin_SRR6000900.6	response	R	0.00421536275964935	0.0596414242233759	624	19	0.943676435813352	0.979404570281363
maxbin_SRR11413653.009	cancer_type	Other	0.013659294471068	0.190425626240018	624	62	0.943908989674924	0.979404570281363
metabat_SRR5930528.90	cancer_type	Other	-0.00132259047576829	0.0169423028410083	624	4	0.943911304896734	0.979404570281363
semibin_ERR6282383.17	cancer_type	Other	0.00119327624332087	0.0170220574067174	624	3	0.944135230968012	0.979501006822807
semibin_ERR6229432.26	response	R	0.00297489499334195	0.0426722219426629	624	15	0.944442925957143	0.979684311320227
maxbin_SRR16554672.011_sub	response	R	-0.00204410212840243	0.0294010911540243	624	14	0.944594532507853	0.979705674631585
semibin_ERR6279657.86	response	R	0.00188739013662896	0.027388837922682	624	10	0.945082705590035	0.979722373363703
semibin_SRR16554627.34	cancer_type	Other	0.00739768311664744	0.102895282501114	624	18	0.944923251211405	0.979722373363703
metabat_SRR16168920.1	cancer_type	Other	0.0181094662156518	0.256825793736705	624	60	0.945134688612697	0.979722373363703
metabat_SRR16554757.37	cancer_type	Other	-0.00204005788448276	0.0294517611045039	624	3	0.944798776157415	0.979722373363703
semibin_SRR16554633.6	cancer_type	Other	-0.00990765703724949	0.123177559514749	624	80	0.945546716422351	0.98001363068695
metabat_SRR11413652.31	response	R	0.00597259276233791	0.0880901386271642	624	48	0.945965934573268	0.980285488607948
metabat_SRR13068846.48	cancer_type	Other	-0.00147150011265117	0.0212251535514353	624	5	0.946071191666697	0.980285488607948
maxbin_ERR6267712.014_sub	cancer_type	Other	-0.00840192062486503	0.122222678211145	624	25	0.946772862602495	0.98047621737465
maxbin_ERR6281505.009	cancer_type	Other	0.00523631983005077	0.0733052193779522	624	18	0.946671141249918	0.98047621737465
semibin_ERR6232521.17	cancer_type	Other	0.00167774460026052	0.0246060275077765	624	4	0.946779722607963	0.98047621737465
metabat_SRR16554744.18	response	R	0.0025952999934051	0.0387971766649716	624	9	0.946687592389132	0.98047621737465
maxbin_SRR16554701.001	response	R	0.00411091083617015	0.0629633016023097	624	13	0.947963750047286	0.980617553745034
maxbin_SRR13022357.002	cancer_type	Other	0.00587946751725516	0.0889075244644873	624	33	0.947295494464017	0.980617553745034
semibin_ERR6275661.76	response	R	0.0036875315506225	0.0568923048119737	624	18	0.948341362605538	0.980617553745034
maxbin_SRR23364240.007	response	R	0.00257719067978307	0.0395411984303879	624	31	0.948053982789025	0.980617553745034
metabat_SRR20881980.15_sub	cancer_type	Other	-0.0161999099818395	0.238872197733112	624	23	0.947408700539521	0.980617553745034
metabat_SRR16554780.7_sub	response	R	-0.00210511591691301	0.0324892156543229	624	15	0.94835867192887	0.980617553745034
metabat_SRR11413610.67	cancer_type	Other	0.00448253328815231	0.0676208646564494	624	7	0.948257441614581	0.980617553745034
maxbin_SRR20881983.026_sub	cancer_type	Other	0.00930325645289387	0.136619826956575	624	31	0.947346833878205	0.980617553745034
maxbin_SRR16554671.015_sub	response	R	0.00182432697450409	0.0280376292248976	624	9	0.948141522437125	0.980617553745034
semibin_SRR11413656.61	cancer_type	Other	-0.00689047260696692	0.103073947801995	624	15	0.948154685756676	0.980617553745034
semibin_ERR6279671.28_sub	response	R	-0.00174433405315323	0.0268183904489085	624	7	0.948161141030972	0.980617553745034
maxbin_SRR16554787.017_sub	cancer_type	Other	-0.0182028809958787	0.277175083012799	624	102	0.949032347563061	0.980907241890335
semibin_SRR5930504.107	response	R	-0.00273982272395415	0.0428078781267962	624	15	0.948988622329811	0.980907241890335
metabat_SRR20881983.76	cancer_type	Other	-0.00510975531432433	0.0778944872624123	624	19	0.948817773087762	0.980907241890335
metabat_ERR12405956.16	response	R	0.0163216619929878	0.256489101501503	624	213	0.949281509271735	0.981029177215869
maxbin_SRR25825521.012_sub	cancer_type	Other	-0.0143443689894212	0.220218733263223	624	141	0.949892957609922	0.98147813971474
semibin_ERR12406004.36	cancer_type	Other	0.00279497508815866	0.041745214388226	624	6	0.949978440125072	0.98147813971474
semibin_ERR6231475.0	response	R	0.00377001532569138	0.0602831045107118	624	48	0.950154203790935	0.981524124319466
metabat_SRR11413652.31	cancer_type	Other	-0.0100031509934142	0.159470110784411	624	48	0.951439642984365	0.982309215827293
semibin_SRR5930517.80	response	R	0.00127692078681088	0.0208745272616329	624	6	0.951242591948492	0.982309215827293
maxbin_SRR5930534.011	response	R	-0.00379563850519496	0.0621356798940076	624	33	0.951310253292811	0.982309215827293
semibin_ERR6279622.17	response	R	-0.00311792025804566	0.0508586934899402	624	31	0.951135630373003	0.982309215827293
maxbin_SRR6000949.071	response	R	0.00223845381186279	0.0371669345773444	624	16	0.951994319762382	0.982610562206086
semibin_ERR12405928.45	cancer_type	Other	0.00169430557884644	0.0263973408355877	624	10	0.951953025163853	0.982610562206086
semibin_ERR12405912.11	response	R	0.00478546773346226	0.0806832220334411	624	34	0.952722837734169	0.982955488490082
semibin_SRR5930501.30_sub	response	R	0.00271250059940124	0.0454809041250782	624	20	0.952461332361449	0.982955488490082
semibin_SRR16554786.15	response	R	0.00375138818254116	0.0631510582885429	624	39	0.952649957684116	0.982955488490082
metabat_SRR16554746.22	cancer_type	Other	-0.0279791027653418	0.461231173165804	624	152	0.952886938046291	0.982989174052996
semibin_ERR12406002.26_sub	response	R	-0.00206637230322748	0.035063582849966	624	11	0.953025178346306	0.982996177058438
metabat_ERR12405947.12_sub	cancer_type	Other	-0.0072444520681556	0.121241590644852	624	30	0.953466013870268	0.983179654126015
semibin_SRR13068831.26	response	R	-0.000474038400236142	0.00811963562956948	624	3	0.953463518561177	0.983179654126015
metabat_SRR11413656.75	response	R	0.00517415056272355	0.0891823966589768	624	23	0.95375328805838	0.9832047267853
semibin_SRR11413648.87_sub	cancer_type	Other	0.00135636354172248	0.0222015219602819	624	6	0.953741287569716	0.9832047267853
maxbin_SRR16554790.013_sub	response	R	0.0079791042718737	0.140523933245364	624	113	0.954737876513649	0.983718300196855
metabat_SRR25825507.13_sub	response	R	0.00660420133724185	0.117094192657843	624	85	0.955040767508581	0.983718300196855
metabat_SRR16168976.72	cancer_type	Other	-0.00568031354498391	0.0967415986872352	624	13	0.954731230657227	0.983718300196855
maxbin_ERR6271721.001	cancer_type	Other	-0.00189372253525084	0.0328252892889963	624	7	0.95502254516663	0.983718300196855
semibin_SRR5930533.15	cancer_type	Other	0.00960063921917392	0.164184147432554	624	31	0.954706706434066	0.983718300196855
maxbin_SRR13068847.041_sub	cancer_type	Other	-0.00715526137097167	0.123485107521693	624	18	0.955007521865178	0.983718300196855
maxbin_SRR16168975.004	response	R	0.00434109522789713	0.0777615483292874	624	29	0.955498625631684	0.984054361998861
metabat_SRR25825510.14_sub	cancer_type	Other	-0.00148001068739303	0.0255902379476992	624	2	0.95570507560927	0.984131445250086
semibin_SRR13068825.75	response	R	-0.00261546569518612	0.0475289670098873	624	18	0.956133156786147	0.984436699221645
semibin_SRR16554667.24	cancer_type	Other	0.000702284985367601	0.0125621809197754	624	3	0.956423718272829	0.984600298078775
metabat_SRR6000890.18	response	R	0.00227706254341949	0.0419163839651811	624	15	0.95669459868077	0.984697200155883
metabat_ERR2162221.27	response	R	0.00340051424863792	0.0628838014255432	624	32	0.956891942158108	0.984697200155883
maxbin_SRR13022272.005	response	R	0.00232335089044672	0.0429853885633891	624	19	0.956912884933511	0.984697200155883
metabat_SRR5930529.63_sub	response	R	-0.000773940339432503	0.0143706024674568	624	6	0.957067369937657	0.984720664886324
semibin_SRR11413679.4	cancer_type	Other	-0.0161257756085118	0.295463707376477	624	94	0.957536776961224	0.984810218205874
semibin_SRR5930519.63	cancer_type	Other	-0.0099514419559612	0.185442594610913	624	55	0.958076268714594	0.984810218205874
metabat_SRR5930530.79	response	R	-0.00605258577395936	0.114392045615481	624	49	0.957819992979899	0.984810218205874
metabat_ERR12405979.25	cancer_type	Other	0.00184049272022137	0.0337747498064259	624	10	0.957789244864614	0.984810218205874
semibin_SRR23364233.61	cancer_type	Other	0.00125895746373816	0.0224125915946841	624	3	0.958058383501269	0.984810218205874
metabat_SRR13068823.23	cancer_type	Other	-0.00290156718268455	0.0530698085886794	624	6	0.957652295072817	0.984810218205874
semibin_SRR5930503.28_sub	cancer_type	Other	0.000933577250126604	0.0169305935568598	624	2	0.957889677497116	0.984810218205874
metabat_SRR13022331.11	cancer_type	Other	0.0123599773445976	0.230549986138998	624	47	0.958416218666686	0.985024255523568
metabat_SRR5930532.23_sub	response	R	-0.00360848140884416	0.0695047792339663	624	43	0.958611554467184	0.985089625437076
maxbin_SRR5930517.004	response	R	-0.00226750929745056	0.0439604374391684	624	9	0.958879454238702	0.985229535421409
maxbin_ERR2162217.001	cancer_type	Other	-0.0366780607721322	0.703060548728499	624	227	0.959419569047375	0.985325018906919
metabat_ERR6232688.30	response	R	-0.00314528415431866	0.0614419691119978	624	23	0.959189693068394	0.985325018906919
metabat_SRR6000908.20	cancer_type	Other	0.00555700325220956	0.106439239024258	624	16	0.959631199879525	0.985325018906919
semibin_SRR13068815.96	response	R	0.00123299708290648	0.0241572496975381	624	6	0.959309722958399	0.985325018906919
semibin_ERR6232528.6	response	R	0.00143893630998427	0.0283634375807107	624	7	0.95955534926679	0.985325018906919
maxbin_SRR5930518.019_sub	cancer_type	Other	-0.0218905187597777	0.426852785893944	624	119	0.960091299976106	0.985662100661906
maxbin_SRR23364230.017	response	R	-0.00119918688433213	0.024076823356944	624	9	0.960292571632835	0.985733404347335
metabat_SRR25825512.9	response	R	0.00244689742400889	0.0494620776194675	624	18	0.960560514886607	0.985873116980792
metabat_SRR11413645.3	response	R	0.00148750148969975	0.0307977387355306	624	15	0.961493471533528	0.986235199849076
metabat_ERR6275678.16	response	R	-0.00431348110129455	0.0884184486286201	624	45	0.961106516244663	0.986235199849076
semibin_ERR6275663.75_sub	cancer_type	Other	-0.000552739221385962	0.011467731681153	624	2	0.961572725608399	0.986235199849076
metabat_SRR25825519.52	response	R	0.00104187194571377	0.0214983722665755	624	5	0.96136301004404	0.986235199849076
metabat_SRR13068825.48	response	R	-0.000574830618726541	0.0118724708393784	624	4	0.961399397816533	0.986235199849076
maxbin_SRR13022436.003	cancer_type	Other	0.00299966209650596	0.063222414831101	624	24	0.962172878049976	0.98630963427796
semibin_SRR25825513.19	response	R	0.00164634235122679	0.0345830327661135	624	8	0.962045959138337	0.98630963427796
semibin_SRR25825503.35	response	R	-0.000608797681548946	0.0128198059499127	624	6	0.962138902508833	0.98630963427796
semibin_SRR23364171.14_sub	cancer_type	Other	-0.00350249650848049	0.071447829158463	624	10	0.962021540177499	0.98630963427796
metabat_SRR6000895.57	cancer_type	Other	-0.00621147022407648	0.128345225998185	624	39	0.962835052237143	0.98662979266432
semibin_SRR25825500.25	cancer_type	Other	-0.00547249567875133	0.113915477506449	624	13	0.962879832291982	0.98662979266432
semibin_SRR20881979.2	response	R	-0.0013798389926791	0.0296514565749032	624	11	0.962898571613012	0.98662979266432
semibin_ERR6275680.30	cancer_type	Other	0.00210837052958505	0.0444474269352629	624	12	0.963012952214078	0.98662979266432
semibin_SRR11413687.181	response	R	-0.0024279113448127	0.0531435936275585	624	23	0.963575313130951	0.987002236576153
maxbin_SRR13022252.009_sub	response	R	0.00110147298549342	0.0242409531219722	624	8	0.963772443364411	0.987002236576153
maxbin_ERR12405920.014	response	R	0.00115626752323725	0.0253724386982205	624	7	0.963666202076077	0.987002236576153
semibin_ERR2162202.34	cancer_type	Other	-0.00280404175585087	0.0610262873413064	624	5	0.964641139356453	0.987756598672814
metabat_SRR13068824.46	response	R	0.00200569974955109	0.0455864413141105	624	12	0.964920359877767	0.987809172228852
maxbin_SRR16554760.005	cancer_type	Other	-0.000500353312965254	0.0113840460180939	624	2	0.964956673325991	0.987809172228852
maxbin_ERR6275673.039_sub	cancer_type	Other	-0.00446426960215128	0.100304437059715	624	20	0.965173190600099	0.987822251660758
metabat_SRR13022432.6	response	R	-0.00259322678330895	0.0594714772894882	624	27	0.965233644408285	0.987822251660758
maxbin_SRR23364231.030_sub	cancer_type	Other	-0.0113342436874536	0.255276298947283	624	61	0.965593340308787	0.988055144886304
semibin_SRR16554673.15	response	R	-0.00536788470752486	0.125498670068866	624	56	0.96589668125498	0.988230316380454
metabat_SRR25825516.32	response	R	0.000594121671983847	0.0139833717480914	624	3	0.966123553605569	0.988327213934671
semibin_SRR11413689.105	cancer_type	Other	0.00396209053774826	0.0921425866615193	624	16	0.966925476903004	0.989012271410295
semibin_SRR5930527.100	response	R	-0.00126107987879182	0.0306605958121695	624	10	0.967205375927577	0.989163266026589
maxbin_SRR16554686.012	cancer_type	Other	-0.00827750741712921	0.195376915269169	624	34	0.967520284701535	0.989200038634007
maxbin_SRR8387707.009	response	R	0.00308411888933746	0.0759877056601843	624	59	0.967638176331607	0.989200038634007
metabat_ERR6275659.2	response	R	0.00201291476393768	0.0495434851905933	624	22	0.967604534849065	0.989200038634007
metabat_SRR25825512.4	response	R	0.0021632925462065	0.0537020627191042	624	20	0.967880428155001	0.989312444196705
semibin_ERR12405920.23	response	R	0.0019493201689623	0.0490340856745429	624	19	0.968301718841913	0.989337375802682
maxbin_SRR16168943.020_sub	response	R	-0.00151979204846188	0.0381123611965345	624	11	0.968204326505272	0.989337375802682
semibin_ERR6280907.83	response	R	0.000755875528272371	0.0188582704841296	624	4	0.968040705178656	0.989337375802682
semibin_SRR16168896.113	response	R	0.00238018211293332	0.0607892119242646	624	17	0.968779699491526	0.989690518141753
metabat_SRR16554765.17	response	R	0.00415699934938618	0.107428317413237	624	60	0.969145634988001	0.989929116027902
metabat_ERR12405940.8	cancer_type	Other	0.00214756431923316	0.0548034738427927	624	17	0.969562681012114	0.990219848212044
semibin_SRR5930534.80	cancer_type	Other	0.0106398469181541	0.274765073676569	624	81	0.970185792667678	0.990315227623382
metabat_SRR23364239.1	response	R	-0.00180462692201668	0.0477759244333227	624	27	0.969881029186053	0.990315227623382
semibin_SRR23364227.47	response	R	0.00168348386043185	0.0449871266058196	624	17	0.970160992292174	0.990315227623382
semibin_SRR5930533.64	response	R	0.000852356505184336	0.0227541119247828	624	4	0.970130710433364	0.990315227623382
maxbin_SRR11413614.007_sub	response	R	-0.000910130965020625	0.0244762676155926	624	3	0.970350068817411	0.990319510017585
metabat_ERR12405928.39	cancer_type	Other	0.00149587380380268	0.0403714603532117	624	10	0.970454850148283	0.990319510017585
metabat_SRR11413689.9	cancer_type	Other	0.002971019697654	0.0790301297653617	624	18	0.970692766493988	0.990427139833817
semibin_SRR13022297.24	cancer_type	Other	0.00186617470685485	0.0504797748294542	624	10	0.971134235616149	0.990607258755635
maxbin_SRR23364202.013_sub	response	R	-0.00103652847986978	0.0285895046650735	624	18	0.971090355674687	0.990607258755635
maxbin_SRR16554728.024	cancer_type	Other	0.0072408444074763	0.197073539589781	624	99	0.971453740330614	0.990662903340015
semibin_ERR12405967.4	response	R	-0.00236687360741289	0.0659512123984621	624	38	0.971383003807235	0.990662903340015
semibin_ERR12405968.34	cancer_type	Other	-0.00114706935196297	0.0315698540232248	624	11	0.971817290164981	0.990876895853274
metabat_ERR6279629.17_sub	response	R	-0.00117988867150617	0.0335159930033356	624	10	0.971928594688923	0.990876895853274
semibin_ERR12406012.51	response	R	0.00199516456973227	0.0570954702384449	624	18	0.972135338423146	0.990952570982591
semibin_SRR16554765.8	response	R	-0.00573445725934419	0.1674063369473	624	126	0.972685119741994	0.99137785544918
semibin_SRR20881977.45	cancer_type	Other	-0.00802225597039136	0.236174922074065	624	38	0.973631163334529	0.991401091713577
metabat_ERR2162200.21	cancer_type	Other	0.00134230543743632	0.0358933603342191	624	8	0.972946631439494	0.991401091713577
semibin_ERR6275673.140	cancer_type	Other	0.000796676981828194	0.0239413030159819	624	4	0.973464978856802	0.991401091713577
metabat_SRR16554627.25	response	R	-0.00231028660907041	0.0688598544632323	624	22	0.97324633519046	0.991401091713577
semibin_SRR13068847.101	response	R	0.000869018966601812	0.0262846569054359	624	13	0.973635947786107	0.991401091713577
metabat_ERR6279677.13	response	R	0.00129720747543545	0.0387563450274927	624	8	0.973309877731506	0.991401091713577
metabat_SRR25825514.3	response	R	0.000638292484353524	0.0189517207585718	624	6	0.973143238772436	0.991401091713577
semibin_ERR6279647.36	response	R	0.000350394830618908	0.0107023697135158	624	4	0.973892513176063	0.991527326552838
maxbin_SRR11413608.019_sub	cancer_type	Other	-0.00322102138928302	0.0967078740709128	624	18	0.974190727395164	0.991695924239182
semibin_ERR6232688.3_sub	response	R	0.000762619433629248	0.0240429797414242	624	6	0.974706331788502	0.992085742359387
semibin_SRR16554681.27	response	R	-0.00195675012506557	0.0641315867222059	624	37	0.975668934879618	0.992795250378253
maxbin_ERR12405926.036	response	R	-0.00127074563299729	0.0414546344165835	624	12	0.97555548735886	0.992795250378253
maxbin_ERR6279660.006	response	R	0.00169820848101567	0.0565454611180449	624	16	0.976050689522144	0.992932429956191
semibin_ERR6229432.26	cancer_type	Other	-0.001416962418481	0.0472175046636669	624	15	0.976069308987425	0.992932429956191
semibin_SRR5930511.23	cancer_type	Other	-0.00311273470956157	0.104402126414351	624	26	0.976902345910169	0.993156655898359
maxbin_SRR11413615.001	cancer_type	Other	0.00461582616059665	0.155618172098529	624	36	0.976835212045923	0.993156655898359
maxbin_ERR12405911.018	cancer_type	Other	0.00100551980056391	0.032520509326008	624	8	0.976548011149653	0.993156655898359
metabat_SRR23364192.64	response	R	-0.000845973536588791	0.0292726160910233	624	6	0.976953779190737	0.993156655898359
metabat_ERR6279675.25	response	R	0.000466811250879547	0.0161326892498995	624	4	0.976925152482264	0.993156655898359
semibin_SRR23364196.25	cancer_type	Other	-0.00116550198898889	0.0390869502879488	624	8	0.977256067777571	0.993328921413711
maxbin_SRR16554744.022	cancer_type	Other	-0.002637096656651	0.0908994575382893	624	31	0.97753418659203	0.993461701662321
maxbin_SRR23364176.009	response	R	-0.000150594303395031	0.00537382842135917	624	2	0.977652402050417	0.993461701662321
semibin_ERR6279669.82	cancer_type	Other	0.00195460999261275	0.0710534899230183	624	11	0.978472561174852	0.994160028867601
maxbin_SRR16168945.044	response	R	0.000160869724411794	0.00601486881477562	624	2	0.978671466704322	0.994227038176188
metabat_SRR13068851.17	cancer_type	Other	0.00375820748942352	0.152966080858879	624	67	0.981572745978472	0.994256203197043
maxbin_SRR5930507.045	response	R	-0.00287301083751303	0.122352721345983	624	56	0.981273838051122	0.994256203197043
metabat_ERR6275676.3	cancer_type	Other	0.0031223168429899	0.113521991958738	624	62	0.979903293655487	0.994256203197043
metabat_SRR8387676.2	response	R	0.00315059565414223	0.121685168643858	624	57	0.979352329125744	0.994256203197043
maxbin_SRR5930506.040	cancer_type	Other	0.00563254629081451	0.205678877618729	624	44	0.979117208231935	0.994256203197043
maxbin_ERR12405931.013	response	R	0.00155189057351956	0.0641347603485636	624	21	0.980702975667711	0.994256203197043
maxbin_ERR12405931.013	cancer_type	Other	-0.00287435874463387	0.120631862426483	624	21	0.981529880851864	0.994256203197043
semibin_SRR5930520.142	cancer_type	Other	0.00257222292056326	0.108758708177141	624	35	0.981858311578788	0.994256203197043
maxbin_SRR16168909.004_sub	response	R	0.00103329692027539	0.0405693869398421	624	15	0.979688384464825	0.994256203197043
semibin_SRR13022392.16	response	R	0.000942176669768748	0.0388311780456534	624	17	0.980650311891359	0.994256203197043
metabat_SRR16554627.10	response	R	-0.00118798941413009	0.0480260222936181	624	19	0.980273223589677	0.994256203197043
semibin_ERR12405968.41	response	R	0.0019701572703689	0.0762407122003034	624	38	0.979392243403441	0.994256203197043
metabat_SRR5930501.14	response	R	-0.00062283458910668	0.0242235351595419	624	6	0.979495358642284	0.994256203197043
metabat_ERR6279667.15	response	R	-0.00138018187145433	0.0604578050128154	624	13	0.981794134668202	0.994256203197043
semibin_SRR13068835.130	cancer_type	Other	0.000990378472464071	0.043603143903874	624	11	0.981886131473048	0.994256203197043
maxbin_SRR11413610.003	response	R	-0.000866894870992907	0.0346531984355939	624	6	0.98005000485696	0.994256203197043
metabat_SRR16168920.14	cancer_type	Other	0.000807328570144531	0.0334005231881833	624	9	0.980723866673723	0.994256203197043
semibin_SRR5930499.22_sub	cancer_type	Other	0.00607098490790408	0.237414698091727	624	34	0.98015823144218	0.994256203197043
semibin_ERR12405970.21	response	R	-0.000652352568077923	0.0270973354668306	624	7	0.980801067812385	0.994256203197043
semibin_ERR6282137.80	response	R	-0.000634394375817463	0.0270087169926858	624	12	0.981268153173414	0.994256203197043
semibin_SRR11413657.20	cancer_type	Other	-0.000595390677256761	0.0215518406709666	624	6	0.978968489911436	0.994256203197043
metabat_ERR6275661.57	cancer_type	Other	-0.000232634102983063	0.010244965135239	624	2	0.981891155470736	0.994256203197043
maxbin_SRR20881983.029	cancer_type	Other	0.00129376262633597	0.0531576045176308	624	8	0.981381870626873	0.994256203197043
metabat_SRR23364231.73	response	R	-0.000277872616241856	0.0115232296060314	624	5	0.980769324880711	0.994256203197043
maxbin_SRR16554671.015_sub	cancer_type	Other	0.00068791448131794	0.0310240908116665	624	9	0.982316632624121	0.994552366472134
semibin_SRR16554707.35_sub	response	R	0.00467519111095482	0.214955402308431	624	227	0.982654721264865	0.994759984515861
semibin_SRR13022415.6	cancer_type	Other	-0.0022058461307337	0.107687772735598	624	44	0.98408848527313	0.995693346361151
metabat_ERR6264280.47	response	R	0.00111794477838828	0.0553342746117958	624	30	0.983887554571382	0.995693346361151
metabat_SRR5930498.113	response	R	0.00096864594718634	0.0486136955850374	624	30	0.984109323743684	0.995693346361151
semibin_SRR11413615.76	response	R	-0.000655436974514361	0.0327119172862517	624	9	0.984020578322664	0.995693346361151
metabat_ERR12405922.10_sub	response	R	0.00135740949923473	0.0720555524172384	624	37	0.984976091827797	0.996070110209313
maxbin_SRR23364183.008	cancer_type	Other	-0.00157881705077434	0.0794420035137801	624	19	0.985014504546385	0.996070110209313
maxbin_ERR6229432.012	response	R	-0.000524345147391853	0.0273768109851359	624	9	0.984725288156925	0.996070110209313
metabat_ERR12405918.6_sub	response	R	-0.000299249508848513	0.0158277558053385	624	4	0.984921723821768	0.996070110209313
semibin_SRR16554721.63	cancer_type	Other	-0.00182817470748885	0.0965692546877478	624	20	0.98536565318498	0.996290475191628
semibin_SRR11413611.29	cancer_type	Other	-0.00156955096440313	0.0858795380366274	624	20	0.986121572285891	0.996397982795571
maxbin_SRR16554634.001	response	R	-0.000548867295222294	0.0312809539260672	624	9	0.986006390532467	0.996397982795571
maxbin_ERR6232523.003	response	R	0.00182297802098861	0.107997576139887	624	85	0.986537933219899	0.996397982795571
metabat_SRR11413608.45	cancer_type	Other	0.000633044780609521	0.0354507424657472	624	6	0.986036350319551	0.996397982795571
semibin_SRR25825503.23	cancer_type	Other	-0.00088832388248373	0.0510413141536934	624	4	0.98653006276398	0.996397982795571
semibin_SRR20881984.71	cancer_type	Other	0.0018239844546227	0.10062177220343	624	27	0.985948116475894	0.996397982795571
semibin_SRR11413608.121	response	R	-0.000193745675882032	0.011219166887775	624	4	0.986227442675663	0.996397982795571
maxbin_SRR13022453.007_sub	cancer_type	Other	-0.00117031925861866	0.0671753411724084	624	9	0.986516541941638	0.996397982795571
maxbin_SRR13068823.022_sub	cancer_type	Other	-0.00250219455862868	0.148869241467367	624	36	0.986934559202159	0.99666396133879
maxbin_SRR8387677.002_sub	response	R	0.000802656092467828	0.0511819370146444	624	16	0.987492798670584	0.996823859133184
semibin_SRR11413613.43	cancer_type	Other	-0.00532906034624364	0.330111399577383	624	44	0.987466006095906	0.996823859133184
semibin_SRR25825515.31	response	R	0.000346776526041482	0.0220824792578305	624	5	0.987475836328731	0.996823859133184
metabat_SRR11413618.6_sub	response	R	-0.000748212118570794	0.0499353092584213	624	14	0.988050054936674	0.996848126122024
metabat_SRR5930528.116	response	R	-0.00102959084572839	0.0684851536643809	624	27	0.98801010709721	0.996848126122024
maxbin_SRR5930528.038	cancer_type	Other	0.000579986402084121	0.0355721963217529	624	6	0.987735981100961	0.996848126122024
semibin_ERR6279655.13	response	R	-0.000269711321770389	0.017859266753622	624	6	0.987955625704207	0.996848126122024
metabat_SRR16554702.8	cancer_type	Other	-0.0022153964530899	0.14850957140772	624	16	0.988442086378393	0.997098483902529
metabat_ERR6279624.6_sub	response	R	0.000446942319546609	0.0311717372483909	624	8	0.988564878263352	0.997098483902529
metabat_SRR11413689.27	response	R	-0.00096409305407899	0.0719739867248223	624	40	0.989316975783676	0.99732726213513
metabat_SRR25825496.19	response	R	-0.000511320555669983	0.0381596626870216	624	12	0.989313378775949	0.99732726213513
metabat_SRR16554788.7	response	R	-0.000840148366320237	0.0627692940028574	624	17	0.989325171238084	0.99732726213513
maxbin_SRR20881983.049_sub	response	R	-0.000304193683735549	0.0223896136148372	624	6	0.989164344184869	0.99732726213513
metabat_SRR16554651.26	cancer_type	Other	0.00126768881024304	0.094853899151024	624	41	0.989623015389674	0.997493046109177
metabat_SRR6000940.3	response	R	-0.00121683952003562	0.0957184636559344	624	54	0.989861121860092	0.997598580764119
semibin_SRR13068849.26	cancer_type	Other	0.00231193656434946	0.182847377213321	624	34	0.990174316082182	0.997779751470497
semibin_SRR5930516.27_sub	response	R	-0.000535578135764445	0.0478511958967724	624	15	0.991073397713369	0.998150522780611
semibin_SRR11413617.99	response	R	-0.000345741792706932	0.029602811518611	624	6	0.990685184813802	0.998150522780611
semibin_ERR6281344.40	response	R	-0.000449172839460607	0.04138179442871	624	18	0.991343130876116	0.998150522780611
metabat_SRR16554636.10	cancer_type	Other	0.00016178103151534	0.0142323866630976	624	4	0.991123115767161	0.998150522780611
semibin_ERR6279671.28_sub	cancer_type	Other	-0.000481206493244276	0.0416925550036633	624	7	0.991300483498387	0.998150522780611
metabat_ERR6281343.50_sub	response	R	-0.000209415578622089	0.018521951536258	624	5	0.990982666071338	0.998150522780611
metabat_SRR13022323.1	cancer_type	Other	0.00211078549928012	0.19775556925685	624	161	0.991763219468099	0.998237358987871
maxbin_SRR16554721.036	response	R	0.000467634265552244	0.04480692043692	624	14	0.991676259001703	0.998237358987871
metabat_SRR16554653.16	cancer_type	Other	-0.000615906864254044	0.0588826035427321	624	9	0.99182984451456	0.998237358987871
metabat_SRR23364171.43_sub	cancer_type	Other	0.00201789439630004	0.21915835975493	624	36	0.992884611610941	0.998391248408101
semibin_SRR16168900.4	response	R	0.00040140105032386	0.0460686182336133	624	16	0.993050829855504	0.998391248408101
maxbin_ERR6275659.013_sub	response	R	0.000681935640884657	0.0718944120821416	624	23	0.992435034854573	0.998391248408101
semibin_ERR6235716.2	cancer_type	Other	-0.00040778033133167	0.0442535090319756	624	8	0.992945926306459	0.998391248408101
metabat_SRR11413613.27	response	R	0.000282033999346422	0.0310593914111291	624	19	0.992757877504663	0.998391248408101
metabat_SRR20881974.56	response	R	-0.000355550481066745	0.0393942198642434	624	9	0.992801752886946	0.998391248408101
semibin_ERR12405992.13	response	R	-0.000508706315444397	0.0563599329513813	624	10	0.992801283713526	0.998391248408101
semibin_ERR6233693.3_sub	response	R	-0.000205485656970934	0.0234498085687432	624	7	0.993011213346293	0.998391248408101
semibin_SRR16554632.31_sub	cancer_type	Other	0.00061178244677932	0.0713944281072905	624	13	0.993467772118101	0.998426752453406
maxbin_SRR20881987.014_sub	response	R	0.000218114579017014	0.0261011954067231	624	11	0.993335250385105	0.998426752453406
metabat_SRR16168945.34	response	R	-0.000185021149635577	0.0231299614824326	624	7	0.993620204835283	0.998426752453406
metabat_ERR12405935.40	cancer_type	Other	-0.000239041317009606	0.0298253221623124	624	6	0.993607828811766	0.998426752453406
semibin_ERR6275666.93	cancer_type	Other	-0.00166809545890397	0.257014970400068	624	38	0.994917615331988	0.99852287309792
maxbin_SRR16554753.014	response	R	0.000399512142176609	0.06030944353009	624	28	0.99471669038393	0.99852287309792
maxbin_SRR11413681.013	response	R	-0.000420940383193216	0.0653271586886368	624	39	0.994860886307441	0.99852287309792
semibin_SRR13022319.17	cancer_type	Other	0.00138122820670277	0.192714978494961	624	53	0.994441623564049	0.99852287309792
metabat_SRR25825496.40	response	R	0.000227250728524216	0.0328745402909968	624	11	0.994486754189162	0.99852287309792
maxbin_SRR16168918.042_sub	response	R	-0.000645931931696422	0.0933075321846189	624	93	0.99447884923362	0.99852287309792
semibin_ERR6231475.95	response	R	0.000195471723083753	0.0296515579629853	624	8	0.994742267570723	0.99852287309792
semibin_SRR25825500.86	cancer_type	Other	8.41498944030998e-05	0.0126429423238509	624	2	0.994906339650112	0.99852287309792
metabat_SRR5930499.39	response	R	-8.80524358680159e-05	0.0121526754515801	624	3	0.994221294402787	0.99852287309792
semibin_SRR11413608.7	response	R	0.000245870723697922	0.039852118700487	624	15	0.995079402196167	0.998551230491537
semibin_SRR5930499.112	response	R	-0.000961730947061061	0.18670332587418	624	251	0.99589169407205	0.998575640507909
semibin_SRR13068817.20	cancer_type	Other	0.000798958509550242	0.148495525671376	624	24	0.99581975249415	0.998575640507909
metabat_SRR5930528.60	cancer_type	Other	0.00036251144799956	0.0663658989466276	624	13	0.995784430505987	0.998575640507909
semibin_SRR13022450.11	response	R	-0.000244955862643422	0.0477078265943765	624	17	0.995904938072744	0.998575640507909
semibin_SRR11413648.87_sub	response	R	9.77838569860739e-05	0.0178395459799943	624	6	0.995628349530233	0.998575640507909
semibin_SRR16554654.4_sub	cancer_type	Other	-0.00019478718120423	0.0324307064423267	624	6	0.995370052963278	0.998575640507909
metabat_SRR25825515.13	cancer_type	Other	-0.000240737367973464	0.0552276727446557	624	20	0.996638671530554	0.99917736770418
metabat_SRR6000949.42_sub	response	R	8.65592995393862e-05	0.0218956816397052	624	6	0.996847033565263	0.99925229450416
metabat_ERR12405965.20	response	R	-9.08603492972151e-05	0.0282486035515855	624	10	0.997434682396812	0.999284583724091
semibin_SRR20881984.28	response	R	-0.000261976228655407	0.0934319200242512	624	45	0.997763700231574	0.999284583724091
maxbin_SRR13068813.004	cancer_type	Other	-0.000388551144716945	0.125156931560989	624	29	0.997572113733521	0.999284583724091
semibin_SRR16554673.8	response	R	-7.57174968984409e-05	0.0276337895428024	624	3	0.997814654542362	0.999284583724091
semibin_ERR6281751.11_sub	cancer_type	Other	-0.000235355079148071	0.0740700868757045	624	11	0.997465774748619	0.999284583724091
semibin_SRR5930506.177_sub	response	R	-8.26126438014806e-05	0.0262867692729383	624	10	0.997493471735085	0.999284583724091
semibin_SRR11413678.51	cancer_type	Other	-0.000216571017030268	0.0570401015087463	624	25	0.997180145550421	0.999284583724091
semibin_SRR25825509.21	cancer_type	Other	0.00104325326510991	0.429949441282598	624	146	0.998107105849378	0.999373412724941
maxbin_SRR5930534.011	cancer_type	Other	-0.000417729155311776	0.177076872783342	624	33	0.998170636486037	0.999373412724941
semibin_SRR5930504.107	cancer_type	Other	0.000142933123904923	0.0783042113973828	624	15	0.998598318874644	0.999667768212127
maxbin_SRR11413618.020	cancer_type	Other	-4.6966703440091e-05	0.0327368871584546	624	8	0.998890681305186	0.999826598152882
semibin_SRR16168985.16	response	R	1.53736231815161e-05	0.119015106146224	624	106	0.999896976288931	0.999896976288931
metabat_SRR5930530.66	cancer_type	Other	-0.0001491552485162	0.18138130622841	624	41	0.999363107946457	0.999896976288931
maxbin_SRR16554785.015	cancer_type	Other	-8.53386666369294e-05	0.181064012561536	624	26	0.999633967995474	0.999896976288931
semibin_SRR11413691.23	response	R	2.52644406661428e-05	0.0371371730882165	624	12	0.999457418721019	0.999896976288931
semibin_ERR12405932.31	cancer_type	Other	6.07715272487951e-05	0.0527223883959453	624	5	0.999132185324168	0.999896976288931
semibin_SRR5930536.78	cancer_type	Other	-2.01110251876858e-05	0.0544817856584596	624	11	0.999720736323499	0.999896976288931
semibin_SRR13068830.47	response	R	-1.56920168507051e-06	0.0106947079848965	624	3	0.999882975967774	0.999896976288931
