2025-11-26 17:51:40.104574 INFO::Writing function arguments to log file
2025-11-26 17:51:40.105728 DEBUG::Function arguments
2025-11-26 17:51:40.1061 DEBUG::Output folder: results/7.Maaslin2_all_without_metadata_full
2025-11-26 17:51:40.106392 DEBUG::Min Abundance: 0.000000
2025-11-26 17:51:40.106684 DEBUG::Min Prevalence: 0.000000
2025-11-26 17:51:40.106946 DEBUG::Normalization: TSS
2025-11-26 17:51:40.10719 DEBUG::Transform: LOG
2025-11-26 17:51:40.107408 DEBUG::Analysis method: LM
2025-11-26 17:51:40.107633 DEBUG::Max significance: 0.250000
2025-11-26 17:51:40.107869 DEBUG::Random effects: dataset
2025-11-26 17:51:40.10807 DEBUG::Fixed effects: response,cancer_type
2025-11-26 17:51:40.108287 DEBUG::Correction method: BH
2025-11-26 17:51:40.108491 DEBUG::Standardize: TRUE
2025-11-26 17:51:40.108685 DEBUG::Cores: 1
2025-11-26 17:51:40.108857 INFO::Verifying options selected are valid
2025-11-26 17:51:40.109757 INFO::Determining format of input files
2025-11-26 17:51:40.111235 INFO::Input format is data samples as rows and metadata samples as columns
2025-11-26 17:51:40.113853 DEBUG::Transformed metadata so samples are rows
2025-11-26 17:51:40.116661 DEBUG::A total of 624 samples were found in both the data and metadata
2025-11-26 17:51:40.116861 DEBUG::Reordering data/metadata to use same sample ordering
2025-11-26 17:51:40.132612 INFO::Formula for random effects: expr ~ (1 | dataset)
2025-11-26 17:51:40.133407 INFO::Formula for fixed effects: expr ~  response + cancer_type
2025-11-26 17:51:40.134123 INFO::Filter data based on min abundance and min prevalence
2025-11-26 17:51:40.13459 INFO::Total samples in data: 624
2025-11-26 17:51:40.13501 INFO::Min samples required with min abundance for a feature not to be filtered: 0.000000
2025-11-26 17:51:40.163843 INFO::Total filtered features: 0
2025-11-26 17:51:40.164834 INFO::Filtered feature names from abundance and prevalence filtering:
2025-11-26 17:51:40.214384 INFO::Total filtered features with variance filtering: 0
2025-11-26 17:51:40.215368 INFO::Filtered feature names from variance filtering:
2025-11-26 17:51:40.215883 INFO::Running selected normalization method: TSS
2025-11-26 17:51:40.328596 INFO::Applying z-score to standardize continuous metadata
2025-11-26 17:51:40.333687 INFO::Running selected transform method: LOG
2025-11-26 17:51:40.46708 INFO::Running selected analysis method: LM
2025-11-26 17:51:40.468431 INFO::Fitting model to feature number 1, metabat_SRR16554674.5
2025-11-26 17:51:40.493494 INFO::Fitting model to feature number 2, maxbin_SRR13022355.014
2025-11-26 17:51:40.520233 INFO::Fitting model to feature number 3, metabat_ERR12405975.5_sub
2025-11-26 17:51:40.54875 INFO::Fitting model to feature number 4, semibin_SRR13022325.6
2025-11-26 17:51:40.577172 INFO::Fitting model to feature number 5, semibin_SRR16554706.23
2025-11-26 17:51:40.607469 INFO::Fitting model to feature number 6, semibin_SRR23364195.41
2025-11-26 17:51:40.637448 INFO::Fitting model to feature number 7, semibin_SRR5930502.51
2025-11-26 17:51:40.67672 INFO::Fitting model to feature number 8, metabat_SRR13022352.3
2025-11-26 17:51:40.705362 INFO::Fitting model to feature number 9, semibin_ERR12405939.29
2025-11-26 17:51:40.737105 INFO::Fitting model to feature number 10, metabat_SRR16554779.30
2025-11-26 17:51:40.766854 INFO::Fitting model to feature number 11, maxbin_SRR11413655.005
2025-11-26 17:51:40.823177 INFO::Fitting model to feature number 12, maxbin_ERR2162217.001
2025-11-26 17:51:40.853606 INFO::Fitting model to feature number 13, maxbin_SRR13022336.003_sub
2025-11-26 17:51:40.88362 INFO::Fitting model to feature number 14, maxbin_SRR25825509.002
2025-11-26 17:51:40.911294 INFO::Fitting model to feature number 15, semibin_SRR5930533.9
2025-11-26 17:51:40.940198 INFO::Fitting model to feature number 16, metabat_SRR13022417.2
2025-11-26 17:51:40.973671 INFO::Fitting model to feature number 17, semibin_SRR5930511.52
2025-11-26 17:51:41.003108 INFO::Fitting model to feature number 18, semibin_ERR6281504.148
2025-11-26 17:51:41.067313 INFO::Fitting model to feature number 19, semibin_ERR6279672.24
2025-11-26 17:51:41.096195 INFO::Fitting model to feature number 20, semibin_SRR11413653.25
2025-11-26 17:51:41.123526 INFO::Fitting model to feature number 21, maxbin_SRR16554665.003
2025-11-26 17:51:41.15233 INFO::Fitting model to feature number 22, semibin_SRR11413686.80
2025-11-26 17:51:41.180462 INFO::Fitting model to feature number 23, maxbin_ERR12405962.011_sub
2025-11-26 17:51:41.211703 INFO::Fitting model to feature number 24, metabat_ERR6279614.12_sub
2025-11-26 17:51:41.242172 INFO::Fitting model to feature number 25, semibin_ERR6232382.49_sub
2025-11-26 17:51:41.272475 INFO::Fitting model to feature number 26, semibin_ERR6279675.47
2025-11-26 17:51:41.313198 INFO::Fitting model to feature number 27, maxbin_SRR16554775.001
2025-11-26 17:51:41.340586 INFO::Fitting model to feature number 28, semibin_SRR11413653.97_sub
2025-11-26 17:51:41.370363 INFO::Fitting model to feature number 29, semibin_SRR16554655.39
2025-11-26 17:51:41.399502 INFO::Fitting model to feature number 30, metabat_ERR12405990.2
2025-11-26 17:51:41.42735 INFO::Fitting model to feature number 31, metabat_ERR6232687.8_sub
2025-11-26 17:51:41.457044 INFO::Fitting model to feature number 32, metabat_SRR25825493.27
2025-11-26 17:51:41.486431 INFO::Fitting model to feature number 33, maxbin_ERR6281499.002
2025-11-26 17:51:41.5148 INFO::Fitting model to feature number 34, maxbin_ERR6279667.001
2025-11-26 17:51:41.54222 INFO::Fitting model to feature number 35, semibin_SRR11413691.62
2025-11-26 17:51:41.570513 INFO::Fitting model to feature number 36, semibin_SRR6000945.4
2025-11-26 17:51:41.604977 INFO::Fitting model to feature number 37, maxbin_SRR16554671.002
2025-11-26 17:51:41.632534 INFO::Fitting model to feature number 38, metabat_SRR11413649.62
2025-11-26 17:51:41.662285 INFO::Fitting model to feature number 39, metabat_SRR5930494.64
2025-11-26 17:51:41.689704 INFO::Fitting model to feature number 40, metabat_ERR12405981.15
2025-11-26 17:51:41.720421 INFO::Fitting model to feature number 41, maxbin_SRR11413649.010
2025-11-26 17:51:41.747396 INFO::Fitting model to feature number 42, maxbin_SRR13068842.057_sub
2025-11-26 17:51:41.774673 INFO::Fitting model to feature number 43, metabat_SRR16554646.5
2025-11-26 17:51:41.803441 INFO::Fitting model to feature number 44, metabat_SRR20881978.24
2025-11-26 17:51:41.875168 INFO::Fitting model to feature number 45, semibin_SRR5930502.48
2025-11-26 17:51:41.906988 INFO::Fitting model to feature number 46, semibin_SRR6000905.60_sub
2025-11-26 17:51:41.940259 INFO::Fitting model to feature number 47, semibin_SRR5930507.29
2025-11-26 17:51:41.967806 INFO::Fitting model to feature number 48, semibin_SRR16554630.20
2025-11-26 17:51:41.996194 INFO::Fitting model to feature number 49, metabat_ERR6271719.4
2025-11-26 17:51:42.024133 INFO::Fitting model to feature number 50, semibin_SRR25825509.21
2025-11-26 17:51:42.052394 INFO::Fitting model to feature number 51, metabat_SRR23364235.43
2025-11-26 17:51:42.07949 INFO::Fitting model to feature number 52, maxbin_SRR5930501.002
2025-11-26 17:51:42.108118 INFO::Fitting model to feature number 53, semibin_SRR13022289.13
2025-11-26 17:51:42.13611 INFO::Fitting model to feature number 54, metabat_ERR12405956.16
2025-11-26 17:51:42.162758 INFO::Fitting model to feature number 55, maxbin_ERR12406000.010
2025-11-26 17:51:42.196224 INFO::Fitting model to feature number 56, metabat_SRR6000877.7
2025-11-26 17:51:42.22417 INFO::Fitting model to feature number 57, semibin_SRR13022308.4
2025-11-26 17:51:42.253714 INFO::Fitting model to feature number 58, metabat_ERR12405930.6
2025-11-26 17:51:42.292685 INFO::Fitting model to feature number 59, semibin_ERR6281499.45
2025-11-26 17:51:42.323708 INFO::Fitting model to feature number 60, semibin_SRR16554707.35_sub
2025-11-26 17:51:42.354372 INFO::Fitting model to feature number 61, semibin_ERR2162217.22
2025-11-26 17:51:42.385698 INFO::Fitting model to feature number 62, metabat_ERR12405933.43
2025-11-26 17:51:42.416288 INFO::Fitting model to feature number 63, semibin_ERR2162223.6
2025-11-26 17:51:42.444973 INFO::Fitting model to feature number 64, metabat_SRR6000874.30
2025-11-26 17:51:42.475556 INFO::Fitting model to feature number 65, metabat_SRR16554713.13
2025-11-26 17:51:42.505925 INFO::Fitting model to feature number 66, semibin_SRR5930499.112
2025-11-26 17:51:42.536618 INFO::Fitting model to feature number 67, maxbin_ERR6257997.027
2025-11-26 17:51:42.575154 INFO::Fitting model to feature number 68, semibin_SRR16168913.44_sub
2025-11-26 17:51:42.606401 INFO::Fitting model to feature number 69, semibin_SRR6000900.32
2025-11-26 17:51:42.63735 INFO::Fitting model to feature number 70, semibin_SRR16168903.5
2025-11-26 17:51:42.668192 INFO::Fitting model to feature number 71, semibin_SRR16554765.8
2025-11-26 17:51:42.71975 INFO::Fitting model to feature number 72, maxbin_SRR16554755.007_sub
2025-11-26 17:51:42.752341 INFO::Fitting model to feature number 73, semibin_SRR5930534.80
2025-11-26 17:51:42.781178 INFO::Fitting model to feature number 74, metabat_SRR6000907.1_sub
2025-11-26 17:51:42.809807 INFO::Fitting model to feature number 75, metabat_ERR6282298.17
2025-11-26 17:51:42.838273 INFO::Fitting model to feature number 76, maxbin_SRR16554728.024
2025-11-26 17:51:42.86723 INFO::Fitting model to feature number 77, semibin_SRR8387683.16
2025-11-26 17:51:42.894434 INFO::Fitting model to feature number 78, maxbin_SRR11413620.019
2025-11-26 17:51:42.926602 INFO::Fitting model to feature number 79, semibin_SRR25825514.3_sub
2025-11-26 17:51:42.957637 INFO::Fitting model to feature number 80, semibin_SRR11413656.25
2025-11-26 17:51:42.9868 INFO::Fitting model to feature number 81, metabat_ERR12405985.2
2025-11-26 17:51:43.017752 INFO::Fitting model to feature number 82, semibin_SRR16554738.0
2025-11-26 17:51:43.045952 INFO::Fitting model to feature number 83, semibin_SRR11413691.42
2025-11-26 17:51:43.074088 INFO::Fitting model to feature number 84, maxbin_SRR11413655.009_sub
2025-11-26 17:51:43.102512 INFO::Fitting model to feature number 85, semibin_SRR20881975.0
2025-11-26 17:51:43.12971 INFO::Fitting model to feature number 86, metabat_ERR6275681.8
2025-11-26 17:51:43.159209 INFO::Fitting model to feature number 87, maxbin_SRR16554759.001
2025-11-26 17:51:43.186706 INFO::Fitting model to feature number 88, metabat_SRR16554662.30_sub
2025-11-26 17:51:43.215254 INFO::Fitting model to feature number 89, metabat_SRR16554786.10
2025-11-26 17:51:43.243654 INFO::Fitting model to feature number 90, metabat_ERR6243880.3
2025-11-26 17:51:43.27818 INFO::Fitting model to feature number 91, semibin_ERR6264280.18
2025-11-26 17:51:43.308855 INFO::Fitting model to feature number 92, metabat_ERR6281505.14
2025-11-26 17:51:43.343527 INFO::Fitting model to feature number 93, semibin_SRR16554671.9
2025-11-26 17:51:43.374056 INFO::Fitting model to feature number 94, maxbin_SRR16554707.013
2025-11-26 17:51:43.403334 INFO::Fitting model to feature number 95, metabat_SRR16554771.26
2025-11-26 17:51:43.430694 INFO::Fitting model to feature number 96, maxbin_ERR2162206.004
2025-11-26 17:51:43.458568 INFO::Fitting model to feature number 97, semibin_SRR16554665.28
2025-11-26 17:51:43.48723 INFO::Fitting model to feature number 98, maxbin_ERR6279655.020
2025-11-26 17:51:43.537192 INFO::Fitting model to feature number 99, metabat_SRR5930523.5
2025-11-26 17:51:43.575271 INFO::Fitting model to feature number 100, semibin_SRR11413608.137
2025-11-26 17:51:43.609135 INFO::Fitting model to feature number 101, semibin_ERR12405912.11
2025-11-26 17:51:43.637934 INFO::Fitting model to feature number 102, metabat_ERR6279651.8
2025-11-26 17:51:43.667123 INFO::Fitting model to feature number 103, metabat_SRR16554746.22
2025-11-26 17:51:43.695706 INFO::Fitting model to feature number 104, maxbin_SRR13022253.002
2025-11-26 17:51:43.726686 INFO::Fitting model to feature number 105, maxbin_ERR6232518.013
2025-11-26 17:51:43.756729 INFO::Fitting model to feature number 106, metabat_ERR12405939.30
2025-11-26 17:51:43.787635 INFO::Fitting model to feature number 107, metabat_ERR12405970.10
2025-11-26 17:51:43.826093 INFO::Fitting model to feature number 108, semibin_SRR20881988.7
2025-11-26 17:51:43.859165 INFO::Fitting model to feature number 109, semibin_SRR5930531.50
2025-11-26 17:51:43.890996 INFO::Fitting model to feature number 110, metabat_ERR6275666.49
2025-11-26 17:51:43.919944 INFO::Fitting model to feature number 111, metabat_SRR16554744.3
2025-11-26 17:51:43.949804 INFO::Fitting model to feature number 112, semibin_SRR16168903.11
2025-11-26 17:51:43.979928 INFO::Fitting model to feature number 113, semibin_SRR11413690.7
2025-11-26 17:51:44.007909 INFO::Fitting model to feature number 114, semibin_SRR13022392.1
2025-11-26 17:51:44.037897 INFO::Fitting model to feature number 115, metabat_SRR5930536.13
2025-11-26 17:51:44.067845 INFO::Fitting model to feature number 116, semibin_SRR13022424.5
2025-11-26 17:51:44.102568 INFO::Fitting model to feature number 117, maxbin_ERR12405918.001
2025-11-26 17:51:44.133251 INFO::Fitting model to feature number 118, semibin_ERR12405947.71
2025-11-26 17:51:44.16162 INFO::Fitting model to feature number 119, semibin_ERR6279646.10
2025-11-26 17:51:44.194599 INFO::Fitting model to feature number 120, metabat_ERR12405918.3
2025-11-26 17:51:44.221113 INFO::Fitting model to feature number 121, semibin_SRR23364196.21
2025-11-26 17:51:44.250236 INFO::Fitting model to feature number 122, semibin_SRR16554695.47
2025-11-26 17:51:44.278142 INFO::Fitting model to feature number 123, semibin_SRR16554716.24
2025-11-26 17:51:44.306596 INFO::Fitting model to feature number 124, semibin_SRR6000910.14
2025-11-26 17:51:44.331538 INFO::Fitting model to feature number 125, semibin_SRR11413649.182
2025-11-26 17:51:44.383303 INFO::Fitting model to feature number 126, metabat_SRR16554626.7
2025-11-26 17:51:44.42233 INFO::Fitting model to feature number 127, semibin_SRR25825508.4_sub
2025-11-26 17:51:44.452833 INFO::Fitting model to feature number 128, semibin_SRR13068844.35
2025-11-26 17:51:44.483385 INFO::Fitting model to feature number 129, semibin_SRR16554766.35_sub
2025-11-26 17:51:44.511965 INFO::Fitting model to feature number 130, semibin_ERR6279614.29
2025-11-26 17:51:44.540989 INFO::Fitting model to feature number 131, semibin_SRR11413683.102
2025-11-26 17:51:44.569736 INFO::Fitting model to feature number 132, maxbin_ERR6279658.017_sub
2025-11-26 17:51:44.599463 INFO::Fitting model to feature number 133, semibin_ERR6230326.3
2025-11-26 17:51:44.627529 INFO::Fitting model to feature number 134, maxbin_SRR5930501.087_sub
2025-11-26 17:51:44.658027 INFO::Fitting model to feature number 135, maxbin_SRR16168913.015
2025-11-26 17:51:44.687735 INFO::Fitting model to feature number 136, maxbin_SRR16554789.001
2025-11-26 17:51:44.716542 INFO::Fitting model to feature number 137, maxbin_ERR2162209.017_sub
2025-11-26 17:51:44.748806 INFO::Fitting model to feature number 138, maxbin_SRR16554656.002
2025-11-26 17:51:44.785626 INFO::Fitting model to feature number 139, semibin_SRR16168920.5_sub
2025-11-26 17:51:44.819924 INFO::Fitting model to feature number 140, semibin_SRR16554739.16
2025-11-26 17:51:44.849749 INFO::Fitting model to feature number 141, metabat_SRR16168982.24
2025-11-26 17:51:44.879069 INFO::Fitting model to feature number 142, metabat_SRR16554643.9
2025-11-26 17:51:44.909662 INFO::Fitting model to feature number 143, metabat_SRR13022323.1
2025-11-26 17:51:44.938662 INFO::Fitting model to feature number 144, semibin_SRR16554673.15
2025-11-26 17:51:44.968151 INFO::Fitting model to feature number 145, semibin_SRR11413649.145_sub
2025-11-26 17:51:44.995051 INFO::Fitting model to feature number 146, semibin_ERR6267712.45
2025-11-26 17:51:45.024826 INFO::Fitting model to feature number 147, maxbin_SRR16554647.003
2025-11-26 17:51:45.062905 INFO::Fitting model to feature number 148, semibin_ERR2162202.11
2025-11-26 17:51:45.091556 INFO::Fitting model to feature number 149, semibin_SRR16168909.12
2025-11-26 17:51:45.121579 INFO::Fitting model to feature number 150, semibin_SRR11413684.67
2025-11-26 17:51:45.150951 INFO::Fitting model to feature number 151, maxbin_ERR2162223.012
2025-11-26 17:51:45.178589 INFO::Fitting model to feature number 152, maxbin_SRR25825521.012_sub
2025-11-26 17:51:45.231701 INFO::Fitting model to feature number 153, metabat_SRR23364233.36
2025-11-26 17:51:45.259272 INFO::Fitting model to feature number 154, semibin_SRR25825499.11
2025-11-26 17:51:45.287467 INFO::Fitting model to feature number 155, semibin_SRR16554653.1
2025-11-26 17:51:45.317547 INFO::Fitting model to feature number 156, semibin_SRR23364199.62
2025-11-26 17:51:45.345712 INFO::Fitting model to feature number 157, maxbin_SRR5930508.026
2025-11-26 17:51:45.374314 INFO::Fitting model to feature number 158, semibin_ERR6279671.24
2025-11-26 17:51:45.408322 INFO::Fitting model to feature number 159, semibin_SRR16554730.5
2025-11-26 17:51:45.439463 INFO::Fitting model to feature number 160, maxbin_SRR5930522.022
2025-11-26 17:51:45.47585 INFO::Fitting model to feature number 161, semibin_SRR16554790.42
2025-11-26 17:51:45.508163 INFO::Fitting model to feature number 162, metabat_ERR6279652.5
2025-11-26 17:51:45.538516 INFO::Fitting model to feature number 163, semibin_ERR6243877.10
2025-11-26 17:51:45.56761 INFO::Fitting model to feature number 164, metabat_SRR16168941.17
2025-11-26 17:51:45.595946 INFO::Fitting model to feature number 165, semibin_SRR16168929.15_sub
2025-11-26 17:51:45.628856 INFO::Fitting model to feature number 166, maxbin_SRR23364240.011
2025-11-26 17:51:45.659527 INFO::Fitting model to feature number 167, metabat_SRR6000947.37_sub
2025-11-26 17:51:45.687375 INFO::Fitting model to feature number 168, metabat_ERR6235716.8_sub
2025-11-26 17:51:45.714436 INFO::Fitting model to feature number 169, metabat_SRR16554633.8
2025-11-26 17:51:45.75111 INFO::Fitting model to feature number 170, metabat_ERR6279615.15
2025-11-26 17:51:45.779948 INFO::Fitting model to feature number 171, metabat_SRR16554713.7
2025-11-26 17:51:45.806124 INFO::Fitting model to feature number 172, semibin_SRR13068836.17_sub
2025-11-26 17:51:45.834109 INFO::Fitting model to feature number 173, semibin_SRR20881980.15_sub
2025-11-26 17:51:45.861544 INFO::Fitting model to feature number 174, semibin_ERR6279661.5
2025-11-26 17:51:45.889863 INFO::Fitting model to feature number 175, semibin_ERR6264281.7
2025-11-26 17:51:45.917575 INFO::Fitting model to feature number 176, maxbin_SRR5930521.014
2025-11-26 17:51:45.945333 INFO::Fitting model to feature number 177, metabat_SRR13022372.10_sub
2025-11-26 17:51:45.972616 INFO::Fitting model to feature number 178, semibin_SRR20881981.34
2025-11-26 17:51:45.999166 INFO::Fitting model to feature number 179, semibin_ERR6279683.8
2025-11-26 17:51:46.055491 INFO::Fitting model to feature number 180, semibin_ERR6279655.40
2025-11-26 17:51:46.089092 INFO::Fitting model to feature number 181, semibin_SRR11413688.2
2025-11-26 17:51:46.11877 INFO::Fitting model to feature number 182, semibin_ERR6233695.43_sub
2025-11-26 17:51:46.145489 INFO::Fitting model to feature number 183, maxbin_SRR5930515.007
2025-11-26 17:51:46.172042 INFO::Fitting model to feature number 184, semibin_ERR6273965.5
2025-11-26 17:51:46.200165 INFO::Fitting model to feature number 185, semibin_SRR16554693.19
2025-11-26 17:51:46.227024 INFO::Fitting model to feature number 186, semibin_SRR25825516.1
2025-11-26 17:51:46.253535 INFO::Fitting model to feature number 187, maxbin_SRR13068818.010
2025-11-26 17:51:46.280022 INFO::Fitting model to feature number 188, maxbin_SRR16168926.008
2025-11-26 17:51:46.306406 INFO::Fitting model to feature number 189, semibin_SRR16554672.14
2025-11-26 17:51:46.342767 INFO::Fitting model to feature number 190, semibin_ERR12405970.61
2025-11-26 17:51:46.374027 INFO::Fitting model to feature number 191, semibin_SRR5930531.21
2025-11-26 17:51:46.402206 INFO::Fitting model to feature number 192, maxbin_SRR16554787.017_sub
2025-11-26 17:51:46.430314 INFO::Fitting model to feature number 193, metabat_SRR6000907.39
2025-11-26 17:51:46.458263 INFO::Fitting model to feature number 194, semibin_SRR5930528.37
2025-11-26 17:51:46.487638 INFO::Fitting model to feature number 195, metabat_SRR23364184.15
2025-11-26 17:51:46.514823 INFO::Fitting model to feature number 196, semibin_SRR25825502.47_sub
2025-11-26 17:51:46.542258 INFO::Fitting model to feature number 197, maxbin_ERR12405958.009_sub
2025-11-26 17:51:46.569667 INFO::Fitting model to feature number 198, semibin_SRR16168913.31
2025-11-26 17:51:46.597445 INFO::Fitting model to feature number 199, semibin_ERR6232458.16
2025-11-26 17:51:46.633178 INFO::Fitting model to feature number 200, semibin_SRR11413652.32
2025-11-26 17:51:46.664327 INFO::Fitting model to feature number 201, semibin_SRR5930519.26
2025-11-26 17:51:46.692144 INFO::Fitting model to feature number 202, maxbin_SRR16554738.006_sub
2025-11-26 17:51:46.719234 INFO::Fitting model to feature number 203, semibin_SRR11413688.65_sub
2025-11-26 17:51:46.745903 INFO::Fitting model to feature number 204, semibin_SRR5930536.88
2025-11-26 17:51:46.772282 INFO::Fitting model to feature number 205, maxbin_ERR12406009.001
2025-11-26 17:51:46.79845 INFO::Fitting model to feature number 206, semibin_SRR16554765.35
2025-11-26 17:51:46.843451 INFO::Fitting model to feature number 207, semibin_SRR13068830.5
2025-11-26 17:51:46.869731 INFO::Fitting model to feature number 208, metabat_SRR5930502.31
2025-11-26 17:51:46.895873 INFO::Fitting model to feature number 209, metabat_ERR2162222.11_sub
2025-11-26 17:51:46.927861 INFO::Fitting model to feature number 210, semibin_SRR11413653.50
2025-11-26 17:51:46.957325 INFO::Fitting model to feature number 211, maxbin_SRR16554790.013_sub
2025-11-26 17:51:46.984211 INFO::Fitting model to feature number 212, maxbin_SRR16554733.009
2025-11-26 17:51:47.01019 INFO::Fitting model to feature number 213, metabat_SRR11413686.6
2025-11-26 17:51:47.037301 INFO::Fitting model to feature number 214, maxbin_SRR8387707.004_sub
2025-11-26 17:51:47.064362 INFO::Fitting model to feature number 215, metabat_SRR23364211.18
2025-11-26 17:51:47.091411 INFO::Fitting model to feature number 216, metabat_SRR16554669.41_sub
2025-11-26 17:51:47.117605 INFO::Fitting model to feature number 217, maxbin_SRR5930518.019_sub
2025-11-26 17:51:47.144504 INFO::Fitting model to feature number 218, metabat_SRR11413686.5
2025-11-26 17:51:47.170999 INFO::Fitting model to feature number 219, semibin_ERR12405961.23
2025-11-26 17:51:47.20242 INFO::Fitting model to feature number 220, semibin_SRR11413611.29
2025-11-26 17:51:47.23554 INFO::Fitting model to feature number 221, semibin_SRR11413606.8
2025-11-26 17:51:47.262895 INFO::Fitting model to feature number 222, maxbin_SRR16554701.001
2025-11-26 17:51:47.289608 INFO::Fitting model to feature number 223, semibin_SRR13068817.76
2025-11-26 17:51:47.316022 INFO::Fitting model to feature number 224, semibin_ERR6229432.91
2025-11-26 17:51:47.342722 INFO::Fitting model to feature number 225, metabat_SRR6000874.13_sub
2025-11-26 17:51:47.368385 INFO::Fitting model to feature number 226, semibin_SRR20881986.74
2025-11-26 17:51:47.395449 INFO::Fitting model to feature number 227, metabat_SRR5930494.72_sub
2025-11-26 17:51:47.422662 INFO::Fitting model to feature number 228, semibin_SRR23364193.36
2025-11-26 17:51:47.461457 INFO::Fitting model to feature number 229, metabat_SRR5930514.58
2025-11-26 17:51:47.497947 INFO::Fitting model to feature number 230, semibin_SRR16554673.13
2025-11-26 17:51:47.527459 INFO::Fitting model to feature number 231, semibin_SRR16554786.37
2025-11-26 17:51:47.556782 INFO::Fitting model to feature number 232, semibin_ERR2162202.9
2025-11-26 17:51:47.587842 INFO::Fitting model to feature number 233, semibin_SRR5930501.2
2025-11-26 17:51:47.635746 INFO::Fitting model to feature number 234, semibin_ERR2162208.7
2025-11-26 17:51:47.662554 INFO::Fitting model to feature number 235, metabat_SRR16554665.10
2025-11-26 17:51:47.689715 INFO::Fitting model to feature number 236, semibin_ERR2162200.40
2025-11-26 17:51:47.72506 INFO::Fitting model to feature number 237, metabat_SRR13068853.24
2025-11-26 17:51:47.758531 INFO::Fitting model to feature number 238, metabat_SRR11413656.75
2025-11-26 17:51:47.785934 INFO::Fitting model to feature number 239, maxbin_SRR13022357.002
2025-11-26 17:51:47.812728 INFO::Fitting model to feature number 240, semibin_SRR25825502.21
2025-11-26 17:51:47.839985 INFO::Fitting model to feature number 241, semibin_ERR6279669.74
2025-11-26 17:51:47.86724 INFO::Fitting model to feature number 242, metabat_SRR11413618.29_sub
2025-11-26 17:51:47.89385 INFO::Fitting model to feature number 243, semibin_SRR5930523.22
2025-11-26 17:51:47.922446 INFO::Fitting model to feature number 244, semibin_SRR16554776.8
2025-11-26 17:51:47.95001 INFO::Fitting model to feature number 245, metabat_SRR13068851.17
2025-11-26 17:51:47.977122 INFO::Fitting model to feature number 246, metabat_ERR12405966.8
2025-11-26 17:51:48.003951 INFO::Fitting model to feature number 247, maxbin_ERR2162223.001
2025-11-26 17:51:48.0402 INFO::Fitting model to feature number 248, metabat_ERR6279627.10
2025-11-26 17:51:48.069693 INFO::Fitting model to feature number 249, semibin_SRR11413679.4
2025-11-26 17:51:48.096833 INFO::Fitting model to feature number 250, semibin_SRR5930506.72
2025-11-26 17:51:48.12323 INFO::Fitting model to feature number 251, metabat_ERR2162214.7
2025-11-26 17:51:48.149943 INFO::Fitting model to feature number 252, semibin_SRR11413606.34
2025-11-26 17:51:48.17642 INFO::Fitting model to feature number 253, metabat_SRR11413647.31
2025-11-26 17:51:48.20328 INFO::Fitting model to feature number 254, semibin_SRR6000892.71
2025-11-26 17:51:48.229924 INFO::Fitting model to feature number 255, metabat_SRR13022401.12
2025-11-26 17:51:48.256404 INFO::Fitting model to feature number 256, metabat_ERR2162213.1
2025-11-26 17:51:48.282653 INFO::Fitting model to feature number 257, metabat_SRR16168896.4
2025-11-26 17:51:48.311981 INFO::Fitting model to feature number 258, metabat_ERR12405997.59
2025-11-26 17:51:48.340536 INFO::Fitting model to feature number 259, semibin_ERR2162223.3
2025-11-26 17:51:48.36947 INFO::Fitting model to feature number 260, semibin_SRR6000944.44
2025-11-26 17:51:48.415763 INFO::Fitting model to feature number 261, semibin_SRR5930533.32_sub
2025-11-26 17:51:48.442265 INFO::Fitting model to feature number 262, maxbin_SRR11413646.009
2025-11-26 17:51:48.469483 INFO::Fitting model to feature number 263, metabat_ERR12405954.8
2025-11-26 17:51:48.496807 INFO::Fitting model to feature number 264, metabat_SRR13068832.4
2025-11-26 17:51:48.523195 INFO::Fitting model to feature number 265, semibin_SRR20881980.56
2025-11-26 17:51:48.550342 INFO::Fitting model to feature number 266, maxbin_SRR5930507.045
2025-11-26 17:51:48.57641 INFO::Fitting model to feature number 267, semibin_SRR5930495.29
2025-11-26 17:51:48.607305 INFO::Fitting model to feature number 268, maxbin_ERR2162223.003
2025-11-26 17:51:48.639763 INFO::Fitting model to feature number 269, maxbin_ERR6282070.040_sub
2025-11-26 17:51:48.665957 INFO::Fitting model to feature number 270, semibin_ERR6233693.7
2025-11-26 17:51:48.691566 INFO::Fitting model to feature number 271, metabat_SRR11413613.2
2025-11-26 17:51:48.718143 INFO::Fitting model to feature number 272, semibin_SRR16168945.59_sub
2025-11-26 17:51:48.744387 INFO::Fitting model to feature number 273, semibin_ERR12405923.28
2025-11-26 17:51:48.771075 INFO::Fitting model to feature number 274, semibin_SRR16554648.6
2025-11-26 17:51:48.797468 INFO::Fitting model to feature number 275, semibin_SRR6000901.29
2025-11-26 17:51:48.823614 INFO::Fitting model to feature number 276, maxbin_SRR16554769.012
2025-11-26 17:51:48.854887 INFO::Fitting model to feature number 277, metabat_SRR16554687.19
2025-11-26 17:51:48.886512 INFO::Fitting model to feature number 278, semibin_SRR23364183.27
2025-11-26 17:51:48.914142 INFO::Fitting model to feature number 279, metabat_ERR12405985.26
2025-11-26 17:51:48.940585 INFO::Fitting model to feature number 280, metabat_SRR16554763.7
2025-11-26 17:51:48.966513 INFO::Fitting model to feature number 281, semibin_ERR6281434.136
2025-11-26 17:51:48.992438 INFO::Fitting model to feature number 282, maxbin_ERR12406005.005
2025-11-26 17:51:49.018666 INFO::Fitting model to feature number 283, semibin_SRR11413689.18
2025-11-26 17:51:49.044601 INFO::Fitting model to feature number 284, semibin_SRR5930498.73
2025-11-26 17:51:49.07154 INFO::Fitting model to feature number 285, semibin_ERR6279657.86
2025-11-26 17:51:49.097634 INFO::Fitting model to feature number 286, maxbin_SRR5930497.004
2025-11-26 17:51:49.123507 INFO::Fitting model to feature number 287, metabat_SRR5930527.86
2025-11-26 17:51:49.178077 INFO::Fitting model to feature number 288, semibin_SRR11413657.160_sub
2025-11-26 17:51:49.207012 INFO::Fitting model to feature number 289, semibin_SRR6000896.44
2025-11-26 17:51:49.233479 INFO::Fitting model to feature number 290, metabat_SRR20881987.29
2025-11-26 17:51:49.259168 INFO::Fitting model to feature number 291, semibin_SRR11413687.181
2025-11-26 17:51:49.284871 INFO::Fitting model to feature number 292, metabat_ERR6281586.4
2025-11-26 17:51:49.311208 INFO::Fitting model to feature number 293, maxbin_SRR13022429.005
2025-11-26 17:51:49.337883 INFO::Fitting model to feature number 294, metabat_ERR6275676.3
2025-11-26 17:51:49.363972 INFO::Fitting model to feature number 295, metabat_SRR5930529.3
2025-11-26 17:51:49.390031 INFO::Fitting model to feature number 296, metabat_SRR6000949.51_sub
2025-11-26 17:51:49.415458 INFO::Fitting model to feature number 297, semibin_SRR11413656.101
2025-11-26 17:51:49.44517 INFO::Fitting model to feature number 298, metabat_ERR2162211.9
2025-11-26 17:51:49.474281 INFO::Fitting model to feature number 299, semibin_SRR11413689.110
2025-11-26 17:51:49.500717 INFO::Fitting model to feature number 300, metabat_SRR16554771.5
2025-11-26 17:51:49.526715 INFO::Fitting model to feature number 301, semibin_ERR2162218.39
2025-11-26 17:51:49.552283 INFO::Fitting model to feature number 302, semibin_SRR16168913.74
2025-11-26 17:51:49.57841 INFO::Fitting model to feature number 303, semibin_SRR16554766.13
2025-11-26 17:51:49.604651 INFO::Fitting model to feature number 304, maxbin_SRR6000869.050
2025-11-26 17:51:49.631397 INFO::Fitting model to feature number 305, metabat_SRR13068834.30
2025-11-26 17:51:49.657358 INFO::Fitting model to feature number 306, semibin_SRR11413691.40_sub
2025-11-26 17:51:49.694577 INFO::Fitting model to feature number 307, semibin_ERR6264280.63
2025-11-26 17:51:49.726639 INFO::Fitting model to feature number 308, semibin_SRR11413683.31
2025-11-26 17:51:49.755238 INFO::Fitting model to feature number 309, metabat_SRR13068828.29
2025-11-26 17:51:49.781921 INFO::Fitting model to feature number 310, metabat_SRR16554651.15
2025-11-26 17:51:49.808485 INFO::Fitting model to feature number 311, semibin_SRR11413617.49
2025-11-26 17:51:49.834692 INFO::Fitting model to feature number 312, metabat_ERR12405917.12
2025-11-26 17:51:49.861178 INFO::Fitting model to feature number 313, metabat_ERR12405923.25
2025-11-26 17:51:49.887798 INFO::Fitting model to feature number 314, semibin_SRR8387677.66
2025-11-26 17:51:49.933641 INFO::Fitting model to feature number 315, semibin_SRR16554633.6
2025-11-26 17:51:49.960283 INFO::Fitting model to feature number 316, semibin_SRR11413657.102
2025-11-26 17:51:49.992988 INFO::Fitting model to feature number 317, maxbin_SRR16554652.022_sub
2025-11-26 17:51:50.020586 INFO::Fitting model to feature number 318, metabat_SRR16554747.15
2025-11-26 17:51:50.047709 INFO::Fitting model to feature number 319, metabat_SRR11413685.32
2025-11-26 17:51:50.074159 INFO::Fitting model to feature number 320, semibin_SRR5930519.63
2025-11-26 17:51:50.1008 INFO::Fitting model to feature number 321, metabat_SRR8387676.2
2025-11-26 17:51:50.126982 INFO::Fitting model to feature number 322, semibin_SRR13022464.9
2025-11-26 17:51:50.152884 INFO::Fitting model to feature number 323, semibin_ERR6281341.24
2025-11-26 17:51:50.178875 INFO::Fitting model to feature number 324, semibin_SRR11413690.11
2025-11-26 17:51:50.204801 INFO::Fitting model to feature number 325, maxbin_SRR23364240.009_sub
2025-11-26 17:51:50.230681 INFO::Fitting model to feature number 326, maxbin_SRR5930504.027
2025-11-26 17:51:50.257218 INFO::Fitting model to feature number 327, maxbin_SRR8387683.015_sub
2025-11-26 17:51:50.296022 INFO::Fitting model to feature number 328, semibin_SRR5930501.108
2025-11-26 17:51:50.324745 INFO::Fitting model to feature number 329, metabat_SRR13068838.21
2025-11-26 17:51:50.352062 INFO::Fitting model to feature number 330, maxbin_ERR6279649.002
2025-11-26 17:51:50.378243 INFO::Fitting model to feature number 331, maxbin_ERR12405952.002
2025-11-26 17:51:50.404036 INFO::Fitting model to feature number 332, semibin_ERR12405916.16
2025-11-26 17:51:50.43052 INFO::Fitting model to feature number 333, metabat_SRR11413612.18
2025-11-26 17:51:50.45689 INFO::Fitting model to feature number 334, maxbin_SRR23364191.039_sub
2025-11-26 17:51:50.483341 INFO::Fitting model to feature number 335, semibin_SRR16554627.102
2025-11-26 17:51:50.509414 INFO::Fitting model to feature number 336, semibin_SRR25825502.37
2025-11-26 17:51:50.535168 INFO::Fitting model to feature number 337, maxbin_ERR6275667.027
2025-11-26 17:51:50.565885 INFO::Fitting model to feature number 338, maxbin_ERR2162214.002
2025-11-26 17:51:50.592071 INFO::Fitting model to feature number 339, maxbin_SRR5930506.040
2025-11-26 17:51:50.620701 INFO::Fitting model to feature number 340, semibin_ERR12405971.54
2025-11-26 17:51:50.647627 INFO::Fitting model to feature number 341, metabat_SRR16168975.22
2025-11-26 17:51:50.694839 INFO::Fitting model to feature number 342, metabat_SRR16554654.18
2025-11-26 17:51:50.722041 INFO::Fitting model to feature number 343, semibin_ERR12405939.27
2025-11-26 17:51:50.748476 INFO::Fitting model to feature number 344, semibin_SRR13068839.17
2025-11-26 17:51:50.774845 INFO::Fitting model to feature number 345, semibin_SRR5930503.31
2025-11-26 17:51:50.801689 INFO::Fitting model to feature number 346, metabat_SRR11413687.86
2025-11-26 17:51:50.82808 INFO::Fitting model to feature number 347, metabat_SRR25825515.43_sub
2025-11-26 17:51:50.858566 INFO::Fitting model to feature number 348, metabat_SRR16554786.38
2025-11-26 17:51:50.886086 INFO::Fitting model to feature number 349, maxbin_ERR6279660.001
2025-11-26 17:51:50.914481 INFO::Fitting model to feature number 350, maxbin_SRR16168900.001
2025-11-26 17:51:50.941013 INFO::Fitting model to feature number 351, maxbin_SRR16554686.012
2025-11-26 17:51:50.966553 INFO::Fitting model to feature number 352, metabat_SRR5930529.8
2025-11-26 17:51:50.993442 INFO::Fitting model to feature number 353, metabat_SRR25825504.22_sub
2025-11-26 17:51:51.019442 INFO::Fitting model to feature number 354, maxbin_SRR8387677.002_sub
2025-11-26 17:51:51.045883 INFO::Fitting model to feature number 355, semibin_SRR16168940.103
2025-11-26 17:51:51.071932 INFO::Fitting model to feature number 356, maxbin_ERR12405924.017
2025-11-26 17:51:51.097843 INFO::Fitting model to feature number 357, metabat_SRR11413686.33
2025-11-26 17:51:51.123749 INFO::Fitting model to feature number 358, semibin_ERR6279673.25_sub
2025-11-26 17:51:51.149803 INFO::Fitting model to feature number 359, semibin_ERR6232458.12
2025-11-26 17:51:51.184288 INFO::Fitting model to feature number 360, maxbin_SRR16554687.002
2025-11-26 17:51:51.213432 INFO::Fitting model to feature number 361, semibin_SRR5930498.118
2025-11-26 17:51:51.240362 INFO::Fitting model to feature number 362, semibin_SRR16554638.14
2025-11-26 17:51:51.26642 INFO::Fitting model to feature number 363, semibin_SRR25825518.7
2025-11-26 17:51:51.291831 INFO::Fitting model to feature number 364, metabat_SRR5930494.25_sub
2025-11-26 17:51:51.317881 INFO::Fitting model to feature number 365, semibin_SRR16554780.22
2025-11-26 17:51:51.343603 INFO::Fitting model to feature number 366, semibin_SRR16554784.78
2025-11-26 17:51:51.369166 INFO::Fitting model to feature number 367, metabat_SRR16554765.17
2025-11-26 17:51:51.394834 INFO::Fitting model to feature number 368, maxbin_SRR11413612.015_sub
2025-11-26 17:51:51.443324 INFO::Fitting model to feature number 369, semibin_SRR11413681.23
2025-11-26 17:51:51.472717 INFO::Fitting model to feature number 370, metabat_SRR5930530.79
2025-11-26 17:51:51.505646 INFO::Fitting model to feature number 371, semibin_SRR16554681.27
2025-11-26 17:51:51.534451 INFO::Fitting model to feature number 372, semibin_SRR5930493.36_sub
2025-11-26 17:51:51.560828 INFO::Fitting model to feature number 373, semibin_SRR11413620.97
2025-11-26 17:51:51.586829 INFO::Fitting model to feature number 374, semibin_SRR6000893.60_sub
2025-11-26 17:51:51.614137 INFO::Fitting model to feature number 375, metabat_SRR11413689.14
2025-11-26 17:51:51.641925 INFO::Fitting model to feature number 376, metabat_SRR11413689.40
2025-11-26 17:51:51.668939 INFO::Fitting model to feature number 377, maxbin_SRR8387710.024
2025-11-26 17:51:51.695672 INFO::Fitting model to feature number 378, metabat_ERR6281433.28
2025-11-26 17:51:51.722887 INFO::Fitting model to feature number 379, maxbin_SRR5930533.002
2025-11-26 17:51:51.759951 INFO::Fitting model to feature number 380, semibin_SRR5930494.234
2025-11-26 17:51:51.788153 INFO::Fitting model to feature number 381, semibin_SRR13068839.7
2025-11-26 17:51:51.815441 INFO::Fitting model to feature number 382, semibin_SRR16554736.21
2025-11-26 17:51:51.842253 INFO::Fitting model to feature number 383, semibin_ERR2162216.32
2025-11-26 17:51:51.868543 INFO::Fitting model to feature number 384, semibin_ERR12405964.2
2025-11-26 17:51:51.895289 INFO::Fitting model to feature number 385, metabat_ERR6233692.1_sub
2025-11-26 17:51:51.925055 INFO::Fitting model to feature number 386, metabat_ERR6281658.13
2025-11-26 17:51:51.955722 INFO::Fitting model to feature number 387, semibin_SRR5930516.87
2025-11-26 17:51:51.982734 INFO::Fitting model to feature number 388, metabat_ERR12406002.11
2025-11-26 17:51:52.008038 INFO::Fitting model to feature number 389, semibin_SRR23364206.58
2025-11-26 17:51:52.040948 INFO::Fitting model to feature number 390, semibin_SRR11413691.52
2025-11-26 17:51:52.071369 INFO::Fitting model to feature number 391, semibin_SRR16554744.40_sub
2025-11-26 17:51:52.101919 INFO::Fitting model to feature number 392, semibin_ERR6275666.93
2025-11-26 17:51:52.130085 INFO::Fitting model to feature number 393, maxbin_SRR16554659.005
2025-11-26 17:51:52.155646 INFO::Fitting model to feature number 394, metabat_SRR16554654.55
2025-11-26 17:51:52.180949 INFO::Fitting model to feature number 395, maxbin_SRR11413607.019
2025-11-26 17:51:52.227811 INFO::Fitting model to feature number 396, semibin_SRR16554744.30
2025-11-26 17:51:52.253833 INFO::Fitting model to feature number 397, semibin_SRR13022415.6
2025-11-26 17:51:52.279373 INFO::Fitting model to feature number 398, maxbin_ERR12405991.007
2025-11-26 17:51:52.304299 INFO::Fitting model to feature number 399, semibin_SRR23364171.72
2025-11-26 17:51:52.330535 INFO::Fitting model to feature number 400, semibin_ERR6279619.6
2025-11-26 17:51:52.36826 INFO::Fitting model to feature number 401, semibin_SRR16554692.65
2025-11-26 17:51:52.400285 INFO::Fitting model to feature number 402, maxbin_SRR16554751.004
2025-11-26 17:51:52.42882 INFO::Fitting model to feature number 403, metabat_SRR25825507.13_sub
2025-11-26 17:51:52.455682 INFO::Fitting model to feature number 404, metabat_SRR6000940.44
2025-11-26 17:51:52.482445 INFO::Fitting model to feature number 405, maxbin_SRR16554673.003
2025-11-26 17:51:52.509151 INFO::Fitting model to feature number 406, metabat_SRR5930506.102
2025-11-26 17:51:52.535833 INFO::Fitting model to feature number 407, semibin_SRR8387707.23
2025-11-26 17:51:52.561726 INFO::Fitting model to feature number 408, semibin_SRR25825517.45
2025-11-26 17:51:52.58793 INFO::Fitting model to feature number 409, semibin_ERR6275663.33
2025-11-26 17:51:52.625256 INFO::Fitting model to feature number 410, semibin_ERR6275679.24
2025-11-26 17:51:52.656676 INFO::Fitting model to feature number 411, semibin_SRR16554704.8_sub
2025-11-26 17:51:52.683327 INFO::Fitting model to feature number 412, semibin_SRR20881983.27
2025-11-26 17:51:52.709608 INFO::Fitting model to feature number 413, semibin_ERR12405986.41
2025-11-26 17:51:52.73583 INFO::Fitting model to feature number 414, semibin_ERR12405984.5
2025-11-26 17:51:52.761741 INFO::Fitting model to feature number 415, metabat_SRR16554651.26
2025-11-26 17:51:52.787419 INFO::Fitting model to feature number 416, metabat_ERR12405920.1
2025-11-26 17:51:52.812999 INFO::Fitting model to feature number 417, maxbin_SRR16554656.025
2025-11-26 17:51:52.838762 INFO::Fitting model to feature number 418, semibin_SRR20881977.45
2025-11-26 17:51:52.865071 INFO::Fitting model to feature number 419, semibin_SRR5930494.42
2025-11-26 17:51:52.896563 INFO::Fitting model to feature number 420, maxbin_ERR6233693.010_sub
2025-11-26 17:51:52.92636 INFO::Fitting model to feature number 421, semibin_SRR20881981.24
2025-11-26 17:51:52.952845 INFO::Fitting model to feature number 422, semibin_SRR5930494.37
2025-11-26 17:51:53.000376 INFO::Fitting model to feature number 423, metabat_ERR12405956.11
2025-11-26 17:51:53.026904 INFO::Fitting model to feature number 424, metabat_ERR12406009.18
2025-11-26 17:51:53.053668 INFO::Fitting model to feature number 425, metabat_SRR16554765.3
2025-11-26 17:51:53.080283 INFO::Fitting model to feature number 426, metabat_SRR20881975.42
2025-11-26 17:51:53.10721 INFO::Fitting model to feature number 427, semibin_SRR6000901.30
2025-11-26 17:51:53.133889 INFO::Fitting model to feature number 428, metabat_SRR5930527.85
2025-11-26 17:51:53.170042 INFO::Fitting model to feature number 429, semibin_SRR25825516.46
2025-11-26 17:51:53.198959 INFO::Fitting model to feature number 430, semibin_ERR12405918.0
2025-11-26 17:51:53.224824 INFO::Fitting model to feature number 431, semibin_ERR12405967.4
2025-11-26 17:51:53.250975 INFO::Fitting model to feature number 432, semibin_SRR23364176.2
2025-11-26 17:51:53.277479 INFO::Fitting model to feature number 433, metabat_SRR16554711.16
2025-11-26 17:51:53.303678 INFO::Fitting model to feature number 434, maxbin_ERR6275668.007
2025-11-26 17:51:53.329682 INFO::Fitting model to feature number 435, semibin_ERR12405998.5_sub
2025-11-26 17:51:53.355366 INFO::Fitting model to feature number 436, metabat_SRR5930528.37
2025-11-26 17:51:53.381621 INFO::Fitting model to feature number 437, maxbin_SRR11413647.002
2025-11-26 17:51:53.407818 INFO::Fitting model to feature number 438, semibin_ERR6275668.86
2025-11-26 17:51:53.440233 INFO::Fitting model to feature number 439, semibin_ERR12406007.1
2025-11-26 17:51:53.46609 INFO::Fitting model to feature number 440, maxbin_SRR25825507.025_sub
2025-11-26 17:51:53.496151 INFO::Fitting model to feature number 441, semibin_ERR6279661.58
2025-11-26 17:51:53.5225 INFO::Fitting model to feature number 442, metabat_ERR6232523.3
2025-11-26 17:51:53.548579 INFO::Fitting model to feature number 443, semibin_SRR23364186.11
2025-11-26 17:51:53.57387 INFO::Fitting model to feature number 444, maxbin_SRR16554641.006
2025-11-26 17:51:53.599633 INFO::Fitting model to feature number 445, maxbin_SRR13022427.016_sub
2025-11-26 17:51:53.625165 INFO::Fitting model to feature number 446, metabat_ERR12405926.24
2025-11-26 17:51:53.651311 INFO::Fitting model to feature number 447, semibin_ERR6275664.8
2025-11-26 17:51:53.676843 INFO::Fitting model to feature number 448, semibin_SRR5930510.9
2025-11-26 17:51:53.708651 INFO::Fitting model to feature number 449, semibin_ERR6275668.101
2025-11-26 17:51:53.765521 INFO::Fitting model to feature number 450, semibin_SRR16554678.23
2025-11-26 17:51:53.791299 INFO::Fitting model to feature number 451, metabat_ERR12405949.23
2025-11-26 17:51:53.816758 INFO::Fitting model to feature number 452, maxbin_SRR16554706.002
2025-11-26 17:51:53.843081 INFO::Fitting model to feature number 453, semibin_SRR6000911.2
2025-11-26 17:51:53.869016 INFO::Fitting model to feature number 454, metabat_SRR23364171.43_sub
2025-11-26 17:51:53.89554 INFO::Fitting model to feature number 455, metabat_SRR13068829.5_sub
2025-11-26 17:51:53.922596 INFO::Fitting model to feature number 456, maxbin_ERR6232528.007
2025-11-26 17:51:53.95003 INFO::Fitting model to feature number 457, semibin_SRR13022452.10
2025-11-26 17:51:53.977999 INFO::Fitting model to feature number 458, semibin_SRR5930518.30
2025-11-26 17:51:54.018396 INFO::Fitting model to feature number 459, metabat_SRR11413620.24
2025-11-26 17:51:54.04496 INFO::Fitting model to feature number 460, semibin_ERR6275672.14
2025-11-26 17:51:54.071325 INFO::Fitting model to feature number 461, semibin_ERR6279669.46_sub
2025-11-26 17:51:54.097337 INFO::Fitting model to feature number 462, semibin_SRR13068839.29
2025-11-26 17:51:54.123492 INFO::Fitting model to feature number 463, semibin_ERR6232521.7
2025-11-26 17:51:54.149743 INFO::Fitting model to feature number 464, maxbin_SRR25825515.010
2025-11-26 17:51:54.176089 INFO::Fitting model to feature number 465, metabat_SRR16554736.34_sub
2025-11-26 17:51:54.202637 INFO::Fitting model to feature number 466, metabat_SRR6000947.61
2025-11-26 17:51:54.228436 INFO::Fitting model to feature number 467, maxbin_SRR16554777.008
2025-11-26 17:51:54.256906 INFO::Fitting model to feature number 468, metabat_ERR12405971.2
2025-11-26 17:51:54.290426 INFO::Fitting model to feature number 469, semibin_ERR12405973.6
2025-11-26 17:51:54.316601 INFO::Fitting model to feature number 470, metabat_SRR13068829.36
2025-11-26 17:51:54.346171 INFO::Fitting model to feature number 471, semibin_SRR16554725.23
2025-11-26 17:51:54.371602 INFO::Fitting model to feature number 472, maxbin_SRR16554634.001
2025-11-26 17:51:54.396703 INFO::Fitting model to feature number 473, maxbin_SRR16554656.001
2025-11-26 17:51:54.422053 INFO::Fitting model to feature number 474, semibin_SRR11413681.96
2025-11-26 17:51:54.447682 INFO::Fitting model to feature number 475, metabat_SRR11413619.66
2025-11-26 17:51:54.473357 INFO::Fitting model to feature number 476, semibin_ERR12406013.35
2025-11-26 17:51:54.518004 INFO::Fitting model to feature number 477, maxbin_ERR6281433.007
2025-11-26 17:51:54.544132 INFO::Fitting model to feature number 478, semibin_SRR23364212.64
2025-11-26 17:51:54.569645 INFO::Fitting model to feature number 479, maxbin_SRR16554654.005
2025-11-26 17:51:54.59562 INFO::Fitting model to feature number 480, semibin_ERR12405969.55
2025-11-26 17:51:54.632673 INFO::Fitting model to feature number 481, metabat_ERR6280948.5
2025-11-26 17:51:54.661259 INFO::Fitting model to feature number 482, metabat_ERR6230326.9
2025-11-26 17:51:54.687304 INFO::Fitting model to feature number 483, maxbin_SRR5930508.014
2025-11-26 17:51:54.71203 INFO::Fitting model to feature number 484, maxbin_SRR25825517.011_sub
2025-11-26 17:51:54.738337 INFO::Fitting model to feature number 485, metabat_ERR6279672.14
2025-11-26 17:51:54.763968 INFO::Fitting model to feature number 486, metabat_SRR6000940.58
2025-11-26 17:51:54.789898 INFO::Fitting model to feature number 487, maxbin_SRR8387707.009
2025-11-26 17:51:54.815594 INFO::Fitting model to feature number 488, maxbin_ERR2162217.004
2025-11-26 17:51:54.840774 INFO::Fitting model to feature number 489, metabat_SRR5930526.41
2025-11-26 17:51:54.86684 INFO::Fitting model to feature number 490, metabat_SRR11413619.35
2025-11-26 17:51:54.89854 INFO::Fitting model to feature number 491, semibin_SRR16168900.4
2025-11-26 17:51:54.925725 INFO::Fitting model to feature number 492, metabat_SRR13022316.9
2025-11-26 17:51:54.952054 INFO::Fitting model to feature number 493, metabat_SRR5930536.81_sub
2025-11-26 17:51:54.978679 INFO::Fitting model to feature number 494, metabat_ERR12406000.21
2025-11-26 17:51:55.005247 INFO::Fitting model to feature number 495, maxbin_SRR8387707.003
2025-11-26 17:51:55.030714 INFO::Fitting model to feature number 496, metabat_SRR13068834.42
2025-11-26 17:51:55.056062 INFO::Fitting model to feature number 497, metabat_SRR16554644.2
2025-11-26 17:51:55.082081 INFO::Fitting model to feature number 498, semibin_SRR6000932.49_sub
2025-11-26 17:51:55.107859 INFO::Fitting model to feature number 499, metabat_SRR11413685.13
2025-11-26 17:51:55.133485 INFO::Fitting model to feature number 500, semibin_ERR12405915.28
2025-11-26 17:51:55.162324 INFO::Fitting model to feature number 501, metabat_SRR20881985.11
2025-11-26 17:51:55.191879 INFO::Fitting model to feature number 502, metabat_SRR16168938.30
2025-11-26 17:51:55.22048 INFO::Fitting model to feature number 503, semibin_SRR11413607.11
2025-11-26 17:51:55.271022 INFO::Fitting model to feature number 504, maxbin_SRR11413653.011
2025-11-26 17:51:55.295741 INFO::Fitting model to feature number 505, semibin_SRR25825504.166
2025-11-26 17:51:55.321798 INFO::Fitting model to feature number 506, semibin_SRR5930501.30_sub
2025-11-26 17:51:55.347058 INFO::Fitting model to feature number 507, metabat_ERR12405933.44
2025-11-26 17:51:55.372638 INFO::Fitting model to feature number 508, maxbin_SRR5930517.002
2025-11-26 17:51:55.398605 INFO::Fitting model to feature number 509, metabat_ERR6264281.57_sub
2025-11-26 17:51:55.424078 INFO::Fitting model to feature number 510, maxbin_ERR6279677.001
2025-11-26 17:51:55.449616 INFO::Fitting model to feature number 511, semibin_SRR25825502.18
2025-11-26 17:51:55.476429 INFO::Fitting model to feature number 512, metabat_ERR6232524.33_sub
2025-11-26 17:51:55.517161 INFO::Fitting model to feature number 513, semibin_SRR5930503.42
2025-11-26 17:51:55.545851 INFO::Fitting model to feature number 514, metabat_ERR12406012.5
2025-11-26 17:51:55.573461 INFO::Fitting model to feature number 515, maxbin_SRR16554772.002
2025-11-26 17:51:55.600157 INFO::Fitting model to feature number 516, semibin_ERR12406012.51
2025-11-26 17:51:55.626795 INFO::Fitting model to feature number 517, semibin_SRR5930509.30
2025-11-26 17:51:55.653712 INFO::Fitting model to feature number 518, metabat_ERR12405976.3_sub
2025-11-26 17:51:55.680627 INFO::Fitting model to feature number 519, maxbin_SRR16554767.018
2025-11-26 17:51:55.707043 INFO::Fitting model to feature number 520, semibin_SRR16554784.38
2025-11-26 17:51:55.733756 INFO::Fitting model to feature number 521, metabat_SRR5930522.13_sub
2025-11-26 17:51:55.760685 INFO::Fitting model to feature number 522, metabat_SRR23364191.39_sub
2025-11-26 17:51:55.788326 INFO::Fitting model to feature number 523, metabat_ERR6281341.9
2025-11-26 17:51:55.821808 INFO::Fitting model to feature number 524, metabat_SRR23364212.36
2025-11-26 17:51:55.850434 INFO::Fitting model to feature number 525, semibin_SRR16554669.51_sub
2025-11-26 17:51:55.876508 INFO::Fitting model to feature number 526, semibin_ERR2162221.24_sub
2025-11-26 17:51:55.902504 INFO::Fitting model to feature number 527, maxbin_ERR6267712.014_sub
2025-11-26 17:51:55.928545 INFO::Fitting model to feature number 528, metabat_ERR6233695.21_sub
2025-11-26 17:51:55.954521 INFO::Fitting model to feature number 529, semibin_SRR13068825.10
2025-11-26 17:51:55.980744 INFO::Fitting model to feature number 530, semibin_SRR13022261.21
2025-11-26 17:51:56.028919 INFO::Fitting model to feature number 531, metabat_SRR13022461.7
2025-11-26 17:51:56.053693 INFO::Fitting model to feature number 532, metabat_SRR16554779.24
2025-11-26 17:51:56.08019 INFO::Fitting model to feature number 533, semibin_SRR5930498.24
2025-11-26 17:51:56.106952 INFO::Fitting model to feature number 534, metabat_SRR16554703.42
2025-11-26 17:51:56.140892 INFO::Fitting model to feature number 535, maxbin_ERR6264280.016_sub
2025-11-26 17:51:56.171828 INFO::Fitting model to feature number 536, metabat_ERR12405981.6
2025-11-26 17:51:56.198315 INFO::Fitting model to feature number 537, semibin_SRR5930502.40
2025-11-26 17:51:56.224898 INFO::Fitting model to feature number 538, metabat_SRR23364239.1
2025-11-26 17:51:56.251029 INFO::Fitting model to feature number 539, semibin_SRR16554789.32
2025-11-26 17:51:56.277372 INFO::Fitting model to feature number 540, semibin_SRR5930501.70
2025-11-26 17:51:56.303898 INFO::Fitting model to feature number 541, metabat_SRR16554638.10
2025-11-26 17:51:56.331033 INFO::Fitting model to feature number 542, metabat_SRR6000905.24
2025-11-26 17:51:56.357952 INFO::Fitting model to feature number 543, maxbin_SRR6000895.005
2025-11-26 17:51:56.385032 INFO::Fitting model to feature number 544, semibin_SRR23364199.26
2025-11-26 17:51:56.410948 INFO::Fitting model to feature number 545, semibin_ERR6279650.30
2025-11-26 17:51:56.440582 INFO::Fitting model to feature number 546, semibin_SRR8387712.32
2025-11-26 17:51:56.470151 INFO::Fitting model to feature number 547, semibin_SRR11413613.11
2025-11-26 17:51:56.49971 INFO::Fitting model to feature number 548, semibin_SRR16554762.1
2025-11-26 17:51:56.527117 INFO::Fitting model to feature number 549, semibin_SRR5930498.111
2025-11-26 17:51:56.553968 INFO::Fitting model to feature number 550, metabat_ERR12405979.25
2025-11-26 17:51:56.580561 INFO::Fitting model to feature number 551, metabat_ERR6275652.12_sub
2025-11-26 17:51:56.606529 INFO::Fitting model to feature number 552, semibin_SRR25825507.51_sub
2025-11-26 17:51:56.632185 INFO::Fitting model to feature number 553, semibin_SRR16554736.23
2025-11-26 17:51:56.657639 INFO::Fitting model to feature number 554, semibin_SRR25825495.1_sub
2025-11-26 17:51:56.68331 INFO::Fitting model to feature number 555, maxbin_SRR16554722.014
2025-11-26 17:51:56.708932 INFO::Fitting model to feature number 556, maxbin_SRR16554753.014
2025-11-26 17:51:56.735439 INFO::Fitting model to feature number 557, semibin_SRR5930504.118_sub
2025-11-26 17:51:56.797419 INFO::Fitting model to feature number 558, metabat_SRR20881986.45
2025-11-26 17:51:56.823256 INFO::Fitting model to feature number 559, maxbin_SRR13022461.002
2025-11-26 17:51:56.848955 INFO::Fitting model to feature number 560, semibin_SRR5930531.66
2025-11-26 17:51:56.875242 INFO::Fitting model to feature number 561, metabat_SRR11413652.31
2025-11-26 17:51:56.902155 INFO::Fitting model to feature number 562, metabat_SRR16554785.19
2025-11-26 17:51:56.92917 INFO::Fitting model to feature number 563, metabat_ERR12405955.34
2025-11-26 17:51:56.955757 INFO::Fitting model to feature number 564, maxbin_SRR5930505.015_sub
2025-11-26 17:51:56.981758 INFO::Fitting model to feature number 565, metabat_SRR8387710.29
2025-11-26 17:51:57.007808 INFO::Fitting model to feature number 566, metabat_SRR6000895.57
2025-11-26 17:51:57.033775 INFO::Fitting model to feature number 567, metabat_SRR11413613.3
2025-11-26 17:51:57.065344 INFO::Fitting model to feature number 568, metabat_ERR12405965.20
2025-11-26 17:51:57.095559 INFO::Fitting model to feature number 569, semibin_ERR12405995.13
2025-11-26 17:51:57.122662 INFO::Fitting model to feature number 570, semibin_SRR23364198.20
2025-11-26 17:51:57.150139 INFO::Fitting model to feature number 571, maxbin_ERR12405931.013
2025-11-26 17:51:57.176737 INFO::Fitting model to feature number 572, metabat_SRR5930532.34_sub
2025-11-26 17:51:57.202984 INFO::Fitting model to feature number 573, maxbin_ERR6233695.024_sub
2025-11-26 17:51:57.229445 INFO::Fitting model to feature number 574, semibin_SRR20881985.46_sub
2025-11-26 17:51:57.25571 INFO::Fitting model to feature number 575, maxbin_SRR11413681.013
2025-11-26 17:51:57.281911 INFO::Fitting model to feature number 576, semibin_SRR23364229.5
2025-11-26 17:51:57.30757 INFO::Fitting model to feature number 577, semibin_SRR5930527.64
2025-11-26 17:51:57.333582 INFO::Fitting model to feature number 578, semibin_SRR5930529.122
2025-11-26 17:51:57.359151 INFO::Fitting model to feature number 579, metabat_ERR6275679.20
2025-11-26 17:51:57.392994 INFO::Fitting model to feature number 580, metabat_ERR6281944.25
2025-11-26 17:51:57.420287 INFO::Fitting model to feature number 581, maxbin_SRR8387679.008
2025-11-26 17:51:57.445502 INFO::Fitting model to feature number 582, semibin_SRR13068849.26
2025-11-26 17:51:57.470871 INFO::Fitting model to feature number 583, semibin_ERR6275674.65
2025-11-26 17:51:57.497313 INFO::Fitting model to feature number 584, metabat_ERR12405922.10_sub
2025-11-26 17:51:57.545041 INFO::Fitting model to feature number 585, metabat_ERR6281941.15
2025-11-26 17:51:57.571365 INFO::Fitting model to feature number 586, metabat_ERR12405947.12_sub
2025-11-26 17:51:57.597362 INFO::Fitting model to feature number 587, maxbin_SRR6000920.039
2025-11-26 17:51:57.623342 INFO::Fitting model to feature number 588, metabat_SRR13068828.25
2025-11-26 17:51:57.649534 INFO::Fitting model to feature number 589, metabat_SRR16554754.14_sub
2025-11-26 17:51:57.681251 INFO::Fitting model to feature number 590, metabat_SRR13068843.21
2025-11-26 17:51:57.713338 INFO::Fitting model to feature number 591, metabat_SRR16554763.38
2025-11-26 17:51:57.741308 INFO::Fitting model to feature number 592, semibin_SRR13068840.28
2025-11-26 17:51:57.767593 INFO::Fitting model to feature number 593, semibin_SRR8387712.8_sub
2025-11-26 17:51:57.793796 INFO::Fitting model to feature number 594, semibin_SRR16554652.24
2025-11-26 17:51:57.820153 INFO::Fitting model to feature number 595, maxbin_SRR5930507.021
2025-11-26 17:51:57.845942 INFO::Fitting model to feature number 596, metabat_SRR13068849.40
2025-11-26 17:51:57.871927 INFO::Fitting model to feature number 597, semibin_SRR5930507.17_sub
2025-11-26 17:51:57.898252 INFO::Fitting model to feature number 598, metabat_SRR5930519.59
2025-11-26 17:51:57.923913 INFO::Fitting model to feature number 599, metabat_SRR11413689.27
2025-11-26 17:51:57.950263 INFO::Fitting model to feature number 600, metabat_SRR20881983.26_sub
2025-11-26 17:51:57.976862 INFO::Fitting model to feature number 601, metabat_SRR6000890.18
2025-11-26 17:51:58.015105 INFO::Fitting model to feature number 602, semibin_ERR12405997.136
2025-11-26 17:51:58.044075 INFO::Fitting model to feature number 603, semibin_SRR23364199.41
2025-11-26 17:51:58.070665 INFO::Fitting model to feature number 604, metabat_SRR16168984.49
2025-11-26 17:51:58.096675 INFO::Fitting model to feature number 605, metabat_ERR12405967.40_sub
2025-11-26 17:51:58.123099 INFO::Fitting model to feature number 606, metabat_SRR16554671.17_sub
2025-11-26 17:51:58.148695 INFO::Fitting model to feature number 607, semibin_SRR16554763.40_sub
2025-11-26 17:51:58.174372 INFO::Fitting model to feature number 608, metabat_ERR12405924.12
2025-11-26 17:51:58.200343 INFO::Fitting model to feature number 609, semibin_SRR5930528.277
2025-11-26 17:51:58.226216 INFO::Fitting model to feature number 610, metabat_ERR12405976.51
2025-11-26 17:51:58.269709 INFO::Fitting model to feature number 611, maxbin_SRR16168969.015
2025-11-26 17:51:58.306576 INFO::Fitting model to feature number 612, metabat_SRR16554773.16
2025-11-26 17:51:58.333926 INFO::Fitting model to feature number 613, metabat_SRR6000893.6
2025-11-26 17:51:58.361331 INFO::Fitting model to feature number 614, maxbin_SRR13022456.004
2025-11-26 17:51:58.38786 INFO::Fitting model to feature number 615, maxbin_ERR2162201.001
2025-11-26 17:51:58.414247 INFO::Fitting model to feature number 616, semibin_SRR16554692.37
2025-11-26 17:51:58.440717 INFO::Fitting model to feature number 617, maxbin_SRR16168926.011
2025-11-26 17:51:58.467233 INFO::Fitting model to feature number 618, metabat_SRR16554660.22
2025-11-26 17:51:58.494207 INFO::Fitting model to feature number 619, maxbin_ERR6282137.011_sub
2025-11-26 17:51:58.521008 INFO::Fitting model to feature number 620, maxbin_SRR16554667.020
2025-11-26 17:51:58.547423 INFO::Fitting model to feature number 621, semibin_ERR2162202.30
2025-11-26 17:51:58.574491 INFO::Fitting model to feature number 622, metabat_SRR11413684.1
2025-11-26 17:51:58.60096 INFO::Fitting model to feature number 623, maxbin_SRR5930508.009
2025-11-26 17:51:58.634417 INFO::Fitting model to feature number 624, maxbin_SRR16554666.010_sub
2025-11-26 17:51:58.663553 INFO::Fitting model to feature number 625, metabat_SRR16554625.19
2025-11-26 17:51:58.690022 INFO::Fitting model to feature number 626, metabat_SRR16554702.8
2025-11-26 17:51:58.717723 INFO::Fitting model to feature number 627, semibin_SRR13022319.17
2025-11-26 17:51:58.743613 INFO::Fitting model to feature number 628, maxbin_SRR16554654.015
2025-11-26 17:51:58.770151 INFO::Fitting model to feature number 629, metabat_ERR2162221.27
2025-11-26 17:51:58.797246 INFO::Fitting model to feature number 630, metabat_SRR6000877.22
2025-11-26 17:51:58.824122 INFO::Fitting model to feature number 631, semibin_ERR6279654.38
2025-11-26 17:51:58.849963 INFO::Fitting model to feature number 632, metabat_SRR8387681.33_sub
2025-11-26 17:51:58.876037 INFO::Fitting model to feature number 633, semibin_SRR16554736.59
2025-11-26 17:51:58.902385 INFO::Fitting model to feature number 634, metabat_SRR20881986.23
2025-11-26 17:51:58.931651 INFO::Fitting model to feature number 635, semibin_SRR20881984.28
2025-11-26 17:51:58.960376 INFO::Fitting model to feature number 636, semibin_SRR20881984.48
2025-11-26 17:51:58.988421 INFO::Fitting model to feature number 637, semibin_ERR12405985.19
2025-11-26 17:51:59.03371 INFO::Fitting model to feature number 638, semibin_ERR12405959.88
2025-11-26 17:51:59.064977 INFO::Fitting model to feature number 639, maxbin_SRR8387683.016_sub
2025-11-26 17:51:59.092785 INFO::Fitting model to feature number 640, maxbin_SRR11413645.020_sub
2025-11-26 17:51:59.121444 INFO::Fitting model to feature number 641, maxbin_SRR23364183.008
2025-11-26 17:51:59.14975 INFO::Fitting model to feature number 642, semibin_SRR5930520.142
2025-11-26 17:51:59.178099 INFO::Fitting model to feature number 643, metabat_ERR6279648.28_sub
2025-11-26 17:51:59.205905 INFO::Fitting model to feature number 644, semibin_SRR16554627.34
2025-11-26 17:51:59.243845 INFO::Fitting model to feature number 645, semibin_SRR16168930.38
2025-11-26 17:51:59.278633 INFO::Fitting model to feature number 646, semibin_SRR16554693.10
2025-11-26 17:51:59.306781 INFO::Fitting model to feature number 647, semibin_ERR12405963.13
2025-11-26 17:51:59.332873 INFO::Fitting model to feature number 648, metabat_SRR16554780.25
2025-11-26 17:51:59.35983 INFO::Fitting model to feature number 649, metabat_ERR12405966.18
2025-11-26 17:51:59.386614 INFO::Fitting model to feature number 650, semibin_SRR5930522.30_sub
2025-11-26 17:51:59.413393 INFO::Fitting model to feature number 651, metabat_SRR16554697.2
2025-11-26 17:51:59.44006 INFO::Fitting model to feature number 652, metabat_SRR16554652.18
2025-11-26 17:51:59.466635 INFO::Fitting model to feature number 653, semibin_SRR16554656.6
2025-11-26 17:51:59.492926 INFO::Fitting model to feature number 654, maxbin_SRR11413608.019_sub
2025-11-26 17:51:59.518759 INFO::Fitting model to feature number 655, maxbin_ERR2162203.009_sub
2025-11-26 17:51:59.545704 INFO::Fitting model to feature number 656, semibin_SRR23364171.89
2025-11-26 17:51:59.584187 INFO::Fitting model to feature number 657, metabat_SRR11413657.18
2025-11-26 17:51:59.614196 INFO::Fitting model to feature number 658, metabat_SRR5930497.69
2025-11-26 17:51:59.641226 INFO::Fitting model to feature number 659, semibin_SRR20881984.27
2025-11-26 17:51:59.668532 INFO::Fitting model to feature number 660, semibin_SRR5930532.101_sub
2025-11-26 17:51:59.694656 INFO::Fitting model to feature number 661, semibin_ERR6275667.19
2025-11-26 17:51:59.72182 INFO::Fitting model to feature number 662, semibin_SRR11413679.3
2025-11-26 17:51:59.749729 INFO::Fitting model to feature number 663, maxbin_SRR11413615.014
2025-11-26 17:51:59.776215 INFO::Fitting model to feature number 664, semibin_SRR6000900.6
2025-11-26 17:51:59.823513 INFO::Fitting model to feature number 665, semibin_SRR13068817.20
2025-11-26 17:51:59.850352 INFO::Fitting model to feature number 666, semibin_SRR23364237.9
2025-11-26 17:51:59.891365 INFO::Fitting model to feature number 667, semibin_ERR12405928.36_sub
2025-11-26 17:51:59.920286 INFO::Fitting model to feature number 668, semibin_ERR6281340.57
2025-11-26 17:51:59.946893 INFO::Fitting model to feature number 669, metabat_SRR5930533.11
2025-11-26 17:51:59.972387 INFO::Fitting model to feature number 670, maxbin_SRR16168909.004_sub
2025-11-26 17:51:59.998217 INFO::Fitting model to feature number 671, semibin_SRR5930516.27_sub
2025-11-26 17:52:00.023968 INFO::Fitting model to feature number 672, metabat_SRR11413611.7
2025-11-26 17:52:00.049777 INFO::Fitting model to feature number 673, metabat_ERR6275669.37
2025-11-26 17:52:00.075924 INFO::Fitting model to feature number 674, semibin_ERR2162215.9
2025-11-26 17:52:00.102096 INFO::Fitting model to feature number 675, maxbin_SRR11413646.006_sub
2025-11-26 17:52:00.128251 INFO::Fitting model to feature number 676, maxbin_SRR23364206.033_sub
2025-11-26 17:52:00.154321 INFO::Fitting model to feature number 677, maxbin_SRR11413688.023_sub
2025-11-26 17:52:00.186545 INFO::Fitting model to feature number 678, semibin_ERR12405972.8
2025-11-26 17:52:00.215899 INFO::Fitting model to feature number 679, metabat_SRR5930494.40_sub
2025-11-26 17:52:00.242244 INFO::Fitting model to feature number 680, metabat_SRR16554706.13
2025-11-26 17:52:00.268431 INFO::Fitting model to feature number 681, maxbin_SRR23364202.021
2025-11-26 17:52:00.294286 INFO::Fitting model to feature number 682, metabat_SRR5930527.48
2025-11-26 17:52:00.320942 INFO::Fitting model to feature number 683, semibin_SRR20881977.110
2025-11-26 17:52:00.347439 INFO::Fitting model to feature number 684, semibin_SRR16554696.25
2025-11-26 17:52:00.37378 INFO::Fitting model to feature number 685, metabat_SRR16168902.18
2025-11-26 17:52:00.400342 INFO::Fitting model to feature number 686, metabat_ERR6239139.44
2025-11-26 17:52:00.426201 INFO::Fitting model to feature number 687, maxbin_SRR8387683.026_sub
2025-11-26 17:52:00.452032 INFO::Fitting model to feature number 688, metabat_SRR11413649.18
2025-11-26 17:52:00.478322 INFO::Fitting model to feature number 689, semibin_SRR16554666.90
2025-11-26 17:52:00.513072 INFO::Fitting model to feature number 690, maxbin_SRR16554651.021_sub
2025-11-26 17:52:00.544943 INFO::Fitting model to feature number 691, metabat_SRR16554626.8
2025-11-26 17:52:00.596202 INFO::Fitting model to feature number 692, semibin_SRR5930504.156_sub
2025-11-26 17:52:00.62639 INFO::Fitting model to feature number 693, semibin_ERR12405910.22
2025-11-26 17:52:00.652561 INFO::Fitting model to feature number 694, metabat_SRR11413607.10
2025-11-26 17:52:00.678419 INFO::Fitting model to feature number 695, metabat_SRR16554760.38
2025-11-26 17:52:00.704214 INFO::Fitting model to feature number 696, maxbin_SRR16168929.017
2025-11-26 17:52:00.731952 INFO::Fitting model to feature number 697, metabat_SRR25825515.13
2025-11-26 17:52:00.759293 INFO::Fitting model to feature number 698, semibin_SRR5930505.112
2025-11-26 17:52:00.786104 INFO::Fitting model to feature number 699, metabat_SRR11413618.6_sub
2025-11-26 17:52:00.815535 INFO::Fitting model to feature number 700, semibin_SRR5930521.13
2025-11-26 17:52:00.847742 INFO::Fitting model to feature number 701, semibin_ERR12405959.9
2025-11-26 17:52:00.876604 INFO::Fitting model to feature number 702, semibin_SRR6000902.21
2025-11-26 17:52:00.903316 INFO::Fitting model to feature number 703, semibin_ERR6275661.83
2025-11-26 17:52:00.930772 INFO::Fitting model to feature number 704, semibin_SRR5930519.20
2025-11-26 17:52:00.957379 INFO::Fitting model to feature number 705, maxbin_ERR12405985.002_sub
2025-11-26 17:52:00.983821 INFO::Fitting model to feature number 706, metabat_SRR5930506.22
2025-11-26 17:52:01.010719 INFO::Fitting model to feature number 707, semibin_ERR12405947.51
2025-11-26 17:52:01.038186 INFO::Fitting model to feature number 708, semibin_SRR5930505.26
2025-11-26 17:52:01.064819 INFO::Fitting model to feature number 709, semibin_SRR11413652.34
2025-11-26 17:52:01.091614 INFO::Fitting model to feature number 710, semibin_SRR5930529.25
2025-11-26 17:52:01.117876 INFO::Fitting model to feature number 711, semibin_SRR16554712.24
2025-11-26 17:52:01.144251 INFO::Fitting model to feature number 712, metabat_SRR11413610.43_sub
2025-11-26 17:52:01.175653 INFO::Fitting model to feature number 713, semibin_SRR11413656.47
2025-11-26 17:52:01.204256 INFO::Fitting model to feature number 714, semibin_SRR13068830.16
2025-11-26 17:52:01.230479 INFO::Fitting model to feature number 715, maxbin_ERR6233695.025_sub
2025-11-26 17:52:01.256375 INFO::Fitting model to feature number 716, semibin_SRR5930494.170
2025-11-26 17:52:01.282182 INFO::Fitting model to feature number 717, maxbin_SRR16554735.011
2025-11-26 17:52:01.307914 INFO::Fitting model to feature number 718, semibin_SRR16554702.69
2025-11-26 17:52:01.353526 INFO::Fitting model to feature number 719, semibin_SRR8387681.3
2025-11-26 17:52:01.37958 INFO::Fitting model to feature number 720, metabat_SRR13022394.10
2025-11-26 17:52:01.40601 INFO::Fitting model to feature number 721, semibin_SRR16554632.68
2025-11-26 17:52:01.433538 INFO::Fitting model to feature number 722, semibin_SRR16554652.37
2025-11-26 17:52:01.46185 INFO::Fitting model to feature number 723, metabat_SRR11413614.19
2025-11-26 17:52:01.49433 INFO::Fitting model to feature number 724, semibin_SRR23364207.32
2025-11-26 17:52:01.520843 INFO::Fitting model to feature number 725, semibin_SRR23364192.60
2025-11-26 17:52:01.548561 INFO::Fitting model to feature number 726, maxbin_ERR12405964.003
2025-11-26 17:52:01.574849 INFO::Fitting model to feature number 727, metabat_SRR6000949.15_sub
2025-11-26 17:52:01.600817 INFO::Fitting model to feature number 728, metabat_ERR2162221.41
2025-11-26 17:52:01.627169 INFO::Fitting model to feature number 729, maxbin_ERR12405970.007
2025-11-26 17:52:01.653976 INFO::Fitting model to feature number 730, metabat_SRR5930503.2
2025-11-26 17:52:01.679939 INFO::Fitting model to feature number 731, metabat_SRR25825512.35_sub
2025-11-26 17:52:01.706848 INFO::Fitting model to feature number 732, metabat_SRR16554625.18
2025-11-26 17:52:01.733538 INFO::Fitting model to feature number 733, semibin_SRR6000921.66
2025-11-26 17:52:01.759784 INFO::Fitting model to feature number 734, metabat_ERR12405979.29_sub
2025-11-26 17:52:01.785917 INFO::Fitting model to feature number 735, metabat_SRR20881979.25
2025-11-26 17:52:01.819153 INFO::Fitting model to feature number 736, metabat_ERR12405912.60_sub
2025-11-26 17:52:01.847596 INFO::Fitting model to feature number 737, metabat_SRR5930511.14
2025-11-26 17:52:01.874383 INFO::Fitting model to feature number 738, metabat_SRR25825512.4
2025-11-26 17:52:01.90069 INFO::Fitting model to feature number 739, metabat_SRR11413656.7
2025-11-26 17:52:01.926628 INFO::Fitting model to feature number 740, semibin_ERR6264281.17
2025-11-26 17:52:01.952203 INFO::Fitting model to feature number 741, semibin_SRR25825511.42
2025-11-26 17:52:01.977963 INFO::Fitting model to feature number 742, semibin_SRR25825497.63
2025-11-26 17:52:02.003162 INFO::Fitting model to feature number 743, metabat_ERR6281000.20
2025-11-26 17:52:02.028997 INFO::Fitting model to feature number 744, metabat_SRR16554694.1
2025-11-26 17:52:02.055172 INFO::Fitting model to feature number 745, semibin_ERR6279648.9_sub
2025-11-26 17:52:02.102334 INFO::Fitting model to feature number 746, metabat_ERR12405972.12
2025-11-26 17:52:02.133365 INFO::Fitting model to feature number 747, metabat_SRR16554696.40
2025-11-26 17:52:02.159611 INFO::Fitting model to feature number 748, semibin_ERR6279664.27
2025-11-26 17:52:02.186267 INFO::Fitting model to feature number 749, semibin_ERR2162212.41
2025-11-26 17:52:02.212413 INFO::Fitting model to feature number 750, metabat_SRR20881983.15_sub
2025-11-26 17:52:02.237994 INFO::Fitting model to feature number 751, metabat_SRR8387677.1_sub
2025-11-26 17:52:02.263602 INFO::Fitting model to feature number 752, metabat_ERR12405915.37
2025-11-26 17:52:02.289606 INFO::Fitting model to feature number 753, semibin_SRR6000896.39
2025-11-26 17:52:02.315399 INFO::Fitting model to feature number 754, metabat_SRR5930498.104
2025-11-26 17:52:02.341398 INFO::Fitting model to feature number 755, maxbin_SRR6000949.071
2025-11-26 17:52:02.36748 INFO::Fitting model to feature number 756, maxbin_SRR16554721.036
2025-11-26 17:52:02.393928 INFO::Fitting model to feature number 757, maxbin_ERR12406001.019
2025-11-26 17:52:02.420761 INFO::Fitting model to feature number 758, metabat_SRR5930508.66
2025-11-26 17:52:02.452411 INFO::Fitting model to feature number 759, metabat_SRR25825496.40
2025-11-26 17:52:02.481801 INFO::Fitting model to feature number 760, maxbin_ERR2162220.003
2025-11-26 17:52:02.508937 INFO::Fitting model to feature number 761, metabat_ERR2162206.17
2025-11-26 17:52:02.534716 INFO::Fitting model to feature number 762, metabat_ERR12405944.28_sub
2025-11-26 17:52:02.560861 INFO::Fitting model to feature number 763, semibin_SRR13068826.50
2025-11-26 17:52:02.586841 INFO::Fitting model to feature number 764, maxbin_ERR12405967.017
2025-11-26 17:52:02.613212 INFO::Fitting model to feature number 765, semibin_ERR12405955.92
2025-11-26 17:52:02.639979 INFO::Fitting model to feature number 766, semibin_SRR5930511.23
2025-11-26 17:52:02.665857 INFO::Fitting model to feature number 767, metabat_SRR25825494.29
2025-11-26 17:52:02.69198 INFO::Fitting model to feature number 768, maxbin_SRR16554715.022_sub
2025-11-26 17:52:02.718125 INFO::Fitting model to feature number 769, semibin_SRR5930503.199
2025-11-26 17:52:02.744263 INFO::Fitting model to feature number 770, maxbin_ERR2162201.005
2025-11-26 17:52:02.7725 INFO::Fitting model to feature number 771, maxbin_ERR12405926.036
2025-11-26 17:52:02.80384 INFO::Fitting model to feature number 772, metabat_ERR12405911.26
2025-11-26 17:52:02.853058 INFO::Fitting model to feature number 773, semibin_SRR6000920.16
2025-11-26 17:52:02.879464 INFO::Fitting model to feature number 774, metabat_SRR16554733.8
2025-11-26 17:52:02.90527 INFO::Fitting model to feature number 775, metabat_SRR11413608.104_sub
2025-11-26 17:52:02.93128 INFO::Fitting model to feature number 776, maxbin_SRR16554789.004
2025-11-26 17:52:02.9579 INFO::Fitting model to feature number 777, metabat_SRR13022375.2
2025-11-26 17:52:02.983881 INFO::Fitting model to feature number 778, metabat_SRR13068837.8
2025-11-26 17:52:03.010476 INFO::Fitting model to feature number 779, semibin_ERR12406004.40
2025-11-26 17:52:03.035746 INFO::Fitting model to feature number 780, metabat_SRR16554707.26
2025-11-26 17:52:03.061558 INFO::Fitting model to feature number 781, maxbin_SRR5930494.015_sub
2025-11-26 17:52:03.087971 INFO::Fitting model to feature number 782, metabat_ERR12405920.11_sub
2025-11-26 17:52:03.118148 INFO::Fitting model to feature number 783, semibin_SRR5930527.97
2025-11-26 17:52:03.145302 INFO::Fitting model to feature number 784, metabat_ERR12406003.18
2025-11-26 17:52:03.171669 INFO::Fitting model to feature number 785, semibin_SRR23364193.49_sub
2025-11-26 17:52:03.198649 INFO::Fitting model to feature number 786, metabat_SRR5930506.44_sub
2025-11-26 17:52:03.224791 INFO::Fitting model to feature number 787, semibin_SRR23364199.59
2025-11-26 17:52:03.250811 INFO::Fitting model to feature number 788, metabat_ERR2162221.34
2025-11-26 17:52:03.277645 INFO::Fitting model to feature number 789, metabat_ERR2162207.6
2025-11-26 17:52:03.303511 INFO::Fitting model to feature number 790, semibin_SRR23364227.47
2025-11-26 17:52:03.329787 INFO::Fitting model to feature number 791, metabat_SRR16554726.23
2025-11-26 17:52:03.356215 INFO::Fitting model to feature number 792, metabat_SRR11413645.3
2025-11-26 17:52:03.382254 INFO::Fitting model to feature number 793, semibin_ERR12405974.73
2025-11-26 17:52:03.408343 INFO::Fitting model to feature number 794, maxbin_SRR20881976.003
2025-11-26 17:52:03.441095 INFO::Fitting model to feature number 795, metabat_ERR6282383.6_sub
2025-11-26 17:52:03.466843 INFO::Fitting model to feature number 796, semibin_SRR13068840.58
2025-11-26 17:52:03.49435 INFO::Fitting model to feature number 797, metabat_SRR16554627.12
2025-11-26 17:52:03.519828 INFO::Fitting model to feature number 798, semibin_SRR13022432.11
2025-11-26 17:52:03.545738 INFO::Fitting model to feature number 799, semibin_SRR5930532.139
2025-11-26 17:52:03.592052 INFO::Fitting model to feature number 800, semibin_SRR23364230.133
2025-11-26 17:52:03.617776 INFO::Fitting model to feature number 801, metabat_SRR11413657.82
2025-11-26 17:52:03.643456 INFO::Fitting model to feature number 802, metabat_SRR25825502.19_sub
2025-11-26 17:52:03.669217 INFO::Fitting model to feature number 803, semibin_ERR2162224.69
2025-11-26 17:52:03.695109 INFO::Fitting model to feature number 804, metabat_SRR16554660.12
2025-11-26 17:52:03.720918 INFO::Fitting model to feature number 805, metabat_SRR16554703.48_sub
2025-11-26 17:52:03.74692 INFO::Fitting model to feature number 806, metabat_SRR8387712.29
2025-11-26 17:52:03.779685 INFO::Fitting model to feature number 807, metabat_ERR12406003.42
2025-11-26 17:52:03.807486 INFO::Fitting model to feature number 808, semibin_SRR16554660.75
2025-11-26 17:52:03.834152 INFO::Fitting model to feature number 809, semibin_SRR13022392.16
2025-11-26 17:52:03.860866 INFO::Fitting model to feature number 810, semibin_ERR6279678.42
2025-11-26 17:52:03.887572 INFO::Fitting model to feature number 811, semibin_SRR5930529.60
2025-11-26 17:52:03.913955 INFO::Fitting model to feature number 812, metabat_SRR23364187.17_sub
2025-11-26 17:52:03.940296 INFO::Fitting model to feature number 813, semibin_SRR11413678.27
2025-11-26 17:52:03.966892 INFO::Fitting model to feature number 814, semibin_SRR13068850.87
2025-11-26 17:52:03.992872 INFO::Fitting model to feature number 815, metabat_SRR5930528.60
2025-11-26 17:52:04.018444 INFO::Fitting model to feature number 816, metabat_SRR16168976.16
2025-11-26 17:52:04.0449 INFO::Fitting model to feature number 817, metabat_SRR25825510.42_sub
2025-11-26 17:52:04.070683 INFO::Fitting model to feature number 818, metabat_SRR25825496.19
2025-11-26 17:52:04.102183 INFO::Fitting model to feature number 819, metabat_ERR12405912.7
2025-11-26 17:52:04.136144 INFO::Fitting model to feature number 820, semibin_SRR16554703.88
2025-11-26 17:52:04.161999 INFO::Fitting model to feature number 821, semibin_SRR8387659.60
2025-11-26 17:52:04.187595 INFO::Fitting model to feature number 822, semibin_ERR2162215.11
2025-11-26 17:52:04.213257 INFO::Fitting model to feature number 823, semibin_SRR16554757.33
2025-11-26 17:52:04.238702 INFO::Fitting model to feature number 824, semibin_ERR12405979.55
2025-11-26 17:52:04.263751 INFO::Fitting model to feature number 825, semibin_SRR11413619.16
2025-11-26 17:52:04.289081 INFO::Fitting model to feature number 826, metabat_SRR5930531.61
2025-11-26 17:52:04.33511 INFO::Fitting model to feature number 827, metabat_SRR16168938.24_sub
2025-11-26 17:52:04.360727 INFO::Fitting model to feature number 828, metabat_SRR16554712.21
2025-11-26 17:52:04.386312 INFO::Fitting model to feature number 829, metabat_ERR12405916.32
2025-11-26 17:52:04.411198 INFO::Fitting model to feature number 830, metabat_SRR11413607.56
2025-11-26 17:52:04.446699 INFO::Fitting model to feature number 831, metabat_ERR2162202.27
2025-11-26 17:52:04.474389 INFO::Fitting model to feature number 832, maxbin_SRR13068829.001
2025-11-26 17:52:04.499226 INFO::Fitting model to feature number 833, metabat_ERR2162200.21
2025-11-26 17:52:04.524963 INFO::Fitting model to feature number 834, semibin_SRR16554712.0
2025-11-26 17:52:04.550291 INFO::Fitting model to feature number 835, semibin_ERR2162206.16
2025-11-26 17:52:04.575868 INFO::Fitting model to feature number 836, semibin_SRR11413648.175
2025-11-26 17:52:04.601718 INFO::Fitting model to feature number 837, semibin_SRR16554745.4
2025-11-26 17:52:04.6268 INFO::Fitting model to feature number 838, semibin_SRR5930499.20
2025-11-26 17:52:04.651525 INFO::Fitting model to feature number 839, maxbin_ERR6279657.062_sub
2025-11-26 17:52:04.677213 INFO::Fitting model to feature number 840, semibin_ERR2162202.34
2025-11-26 17:52:04.702414 INFO::Fitting model to feature number 841, semibin_SRR13022375.5
2025-11-26 17:52:04.728044 INFO::Fitting model to feature number 842, semibin_SRR11413649.66
2025-11-26 17:52:04.757745 INFO::Fitting model to feature number 843, metabat_SRR5930503.9_sub
2025-11-26 17:52:04.786419 INFO::Fitting model to feature number 844, metabat_SRR6000877.26
2025-11-26 17:52:04.81253 INFO::Fitting model to feature number 845, metabat_SRR25825502.66
2025-11-26 17:52:04.837478 INFO::Fitting model to feature number 846, semibin_ERR6275673.140
2025-11-26 17:52:04.862883 INFO::Fitting model to feature number 847, maxbin_ERR6254869.013
2025-11-26 17:52:04.888668 INFO::Fitting model to feature number 848, metabat_ERR6275663.46
2025-11-26 17:52:04.914197 INFO::Fitting model to feature number 849, maxbin_SRR5930533.038
2025-11-26 17:52:04.939762 INFO::Fitting model to feature number 850, maxbin_SRR16168909.008
2025-11-26 17:52:04.964791 INFO::Fitting model to feature number 851, maxbin_ERR2162221.009
2025-11-26 17:52:04.98989 INFO::Fitting model to feature number 852, semibin_ERR2162212.116
2025-11-26 17:52:05.01583 INFO::Fitting model to feature number 853, semibin_ERR6279669.86
2025-11-26 17:52:05.075387 INFO::Fitting model to feature number 854, semibin_SRR11413609.20
2025-11-26 17:52:05.100822 INFO::Fitting model to feature number 855, metabat_ERR2162221.49
2025-11-26 17:52:05.127853 INFO::Fitting model to feature number 856, semibin_ERR2162216.86
2025-11-26 17:52:05.153856 INFO::Fitting model to feature number 857, metabat_SRR11413618.74
2025-11-26 17:52:05.180218 INFO::Fitting model to feature number 858, semibin_SRR11413608.70
2025-11-26 17:52:05.206164 INFO::Fitting model to feature number 859, metabat_SRR16554702.30
2025-11-26 17:52:05.230711 INFO::Fitting model to feature number 860, semibin_SRR13068829.32
2025-11-26 17:52:05.256408 INFO::Fitting model to feature number 861, semibin_ERR6275663.49
2025-11-26 17:52:05.281911 INFO::Fitting model to feature number 862, metabat_SRR16554664.18
2025-11-26 17:52:05.307518 INFO::Fitting model to feature number 863, metabat_ERR2162221.56
2025-11-26 17:52:05.335994 INFO::Fitting model to feature number 864, metabat_ERR2162212.52
2025-11-26 17:52:05.364015 INFO::Fitting model to feature number 865, semibin_ERR2162209.4
2025-11-26 17:52:05.392522 INFO::Fitting model to feature number 866, semibin_SRR16554736.70
2025-11-26 17:52:05.418786 INFO::Fitting model to feature number 867, maxbin_SRR16168896.029
2025-11-26 17:52:05.444019 INFO::Fitting model to feature number 868, semibin_SRR23364233.61
2025-11-26 17:52:05.469428 INFO::Fitting model to feature number 869, semibin_SRR5930498.20
2025-11-26 17:52:05.494907 INFO::Fitting model to feature number 870, maxbin_SRR5930503.009
2025-11-26 17:52:05.520863 INFO::Fitting model to feature number 871, metabat_SRR11413685.29
2025-11-26 17:52:05.546606 INFO::Fitting model to feature number 872, metabat_ERR2162205.19
2025-11-26 17:52:05.573063 INFO::Fitting model to feature number 873, semibin_SRR20881974.85
2025-11-26 17:52:05.598706 INFO::Fitting model to feature number 874, semibin_ERR2162221.54
2025-11-26 17:52:05.627877 INFO::Fitting model to feature number 875, semibin_SRR23364235.6
2025-11-26 17:52:05.659618 INFO::Fitting model to feature number 876, semibin_SRR16554736.14
2025-11-26 17:52:05.686359 INFO::Fitting model to feature number 877, semibin_SRR16554703.41
2025-11-26 17:52:05.718088 INFO::Fitting model to feature number 878, semibin_ERR2162221.14
2025-11-26 17:52:05.749913 INFO::Fitting model to feature number 879, semibin_ERR6271721.5_sub
2025-11-26 17:52:05.781254 INFO::Fitting model to feature number 880, metabat_ERR6279670.47
2025-11-26 17:52:05.82847 INFO::Fitting model to feature number 881, metabat_SRR16554703.27
2025-11-26 17:52:05.854562 INFO::Fitting model to feature number 882, semibin_ERR2162221.26
2025-11-26 17:52:05.880139 INFO::Fitting model to feature number 883, metabat_SRR13068834.6
2025-11-26 17:52:05.906246 INFO::Fitting model to feature number 884, semibin_SRR23364192.96
2025-11-26 17:52:05.933305 INFO::Fitting model to feature number 885, semibin_ERR12405967.93
2025-11-26 17:52:05.970908 INFO::Fitting model to feature number 886, semibin_SRR13068829.205
2025-11-26 17:52:05.998077 INFO::Fitting model to feature number 887, maxbin_SRR23364183.002
2025-11-26 17:52:06.024876 INFO::Fitting model to feature number 888, semibin_SRR16554759.10_sub
2025-11-26 17:52:06.050908 INFO::Fitting model to feature number 889, semibin_ERR12406009.9_sub
2025-11-26 17:52:06.07639 INFO::Fitting model to feature number 890, maxbin_SRR8387659.002
2025-11-26 17:52:06.101477 INFO::Fitting model to feature number 891, semibin_ERR6280907.75
2025-11-26 17:52:06.127454 INFO::Fitting model to feature number 892, metabat_SRR5930532.5
2025-11-26 17:52:06.153206 INFO::Fitting model to feature number 893, semibin_SRR11413690.63
2025-11-26 17:52:06.179409 INFO::Fitting model to feature number 894, maxbin_SRR23364229.004
2025-11-26 17:52:06.205328 INFO::Fitting model to feature number 895, semibin_SRR11413606.50
2025-11-26 17:52:06.230845 INFO::Fitting model to feature number 896, maxbin_ERR6232523.003
2025-11-26 17:52:06.256473 INFO::Fitting model to feature number 897, semibin_ERR6267712.18
2025-11-26 17:52:06.287012 INFO::Fitting model to feature number 898, semibin_SRR5930495.44
2025-11-26 17:52:06.318228 INFO::Fitting model to feature number 899, maxbin_SRR16554752.002
2025-11-26 17:52:06.348401 INFO::Fitting model to feature number 900, metabat_SRR5930498.82
2025-11-26 17:52:06.374888 INFO::Fitting model to feature number 901, semibin_SRR25825510.41_sub
2025-11-26 17:52:06.399553 INFO::Fitting model to feature number 902, semibin_ERR6279674.8
2025-11-26 17:52:06.425375 INFO::Fitting model to feature number 903, maxbin_ERR6281505.022
2025-11-26 17:52:06.451603 INFO::Fitting model to feature number 904, maxbin_ERR6279662.030
2025-11-26 17:52:06.47797 INFO::Fitting model to feature number 905, metabat_SRR16168920.1
2025-11-26 17:52:06.50385 INFO::Fitting model to feature number 906, maxbin_SRR11413648.001
2025-11-26 17:52:06.529495 INFO::Fitting model to feature number 907, metabat_ERR6279625.46
2025-11-26 17:52:06.577173 INFO::Fitting model to feature number 908, maxbin_ERR6280910.001
2025-11-26 17:52:06.607271 INFO::Fitting model to feature number 909, semibin_SRR6000903.13
2025-11-26 17:52:06.637337 INFO::Fitting model to feature number 910, maxbin_SRR23364204.024
2025-11-26 17:52:06.663983 INFO::Fitting model to feature number 911, metabat_SRR5930506.9_sub
2025-11-26 17:52:06.690199 INFO::Fitting model to feature number 912, metabat_ERR6243878.23_sub
2025-11-26 17:52:06.716146 INFO::Fitting model to feature number 913, metabat_SRR16168986.5
2025-11-26 17:52:06.741319 INFO::Fitting model to feature number 914, maxbin_ERR6279614.017_sub
2025-11-26 17:52:06.766971 INFO::Fitting model to feature number 915, maxbin_ERR6279679.012
2025-11-26 17:52:06.79311 INFO::Fitting model to feature number 916, semibin_ERR6279668.12
2025-11-26 17:52:06.819055 INFO::Fitting model to feature number 917, metabat_ERR6279677.48_sub
2025-11-26 17:52:06.845125 INFO::Fitting model to feature number 918, semibin_SRR16554652.75
2025-11-26 17:52:06.871136 INFO::Fitting model to feature number 919, maxbin_SRR25825517.033_sub
2025-11-26 17:52:06.896716 INFO::Fitting model to feature number 920, metabat_ERR12405950.7
2025-11-26 17:52:06.926313 INFO::Fitting model to feature number 921, metabat_SRR13068843.53_sub
2025-11-26 17:52:06.9562 INFO::Fitting model to feature number 922, maxbin_ERR6280910.023_sub
2025-11-26 17:52:06.982404 INFO::Fitting model to feature number 923, semibin_SRR11413645.40
2025-11-26 17:52:07.008062 INFO::Fitting model to feature number 924, semibin_SRR11413614.4
2025-11-26 17:52:07.03345 INFO::Fitting model to feature number 925, metabat_ERR6232458.6
2025-11-26 17:52:07.058983 INFO::Fitting model to feature number 926, semibin_SRR11413686.11
2025-11-26 17:52:07.084472 INFO::Fitting model to feature number 927, metabat_ERR6279658.3
2025-11-26 17:52:07.110677 INFO::Fitting model to feature number 928, maxbin_SRR16168920.025
2025-11-26 17:52:07.137717 INFO::Fitting model to feature number 929, metabat_SRR25825508.34_sub
2025-11-26 17:52:07.164991 INFO::Fitting model to feature number 930, semibin_ERR6279661.80
2025-11-26 17:52:07.190768 INFO::Fitting model to feature number 931, metabat_ERR12405928.49
2025-11-26 17:52:07.222262 INFO::Fitting model to feature number 932, maxbin_SRR5930498.027
2025-11-26 17:52:07.247341 INFO::Fitting model to feature number 933, semibin_SRR13022297.24
2025-11-26 17:52:07.275171 INFO::Fitting model to feature number 934, semibin_SRR5930517.113
2025-11-26 17:52:07.322337 INFO::Fitting model to feature number 935, maxbin_SRR13068814.028
2025-11-26 17:52:07.347651 INFO::Fitting model to feature number 936, maxbin_ERR6279659.009_sub
2025-11-26 17:52:07.374344 INFO::Fitting model to feature number 937, maxbin_SRR16554720.002
2025-11-26 17:52:07.400546 INFO::Fitting model to feature number 938, semibin_SRR6000900.14
2025-11-26 17:52:07.426537 INFO::Fitting model to feature number 939, metabat_ERR6279665.25
2025-11-26 17:52:07.452343 INFO::Fitting model to feature number 940, metabat_SRR16168974.17
2025-11-26 17:52:07.479008 INFO::Fitting model to feature number 941, semibin_ERR12405961.27
2025-11-26 17:52:07.50813 INFO::Fitting model to feature number 942, maxbin_ERR6281000.059
2025-11-26 17:52:07.537891 INFO::Fitting model to feature number 943, semibin_SRR5930520.79_sub
2025-11-26 17:52:07.566819 INFO::Fitting model to feature number 944, metabat_SRR6000874.22_sub
2025-11-26 17:52:07.593293 INFO::Fitting model to feature number 945, maxbin_ERR6230326.003
2025-11-26 17:52:07.619466 INFO::Fitting model to feature number 946, maxbin_ERR6279673.036
2025-11-26 17:52:07.646158 INFO::Fitting model to feature number 947, metabat_ERR6279668.3
2025-11-26 17:52:07.672842 INFO::Fitting model to feature number 948, metabat_ERR6281500.12
2025-11-26 17:52:07.699435 INFO::Fitting model to feature number 949, metabat_SRR5930516.91
2025-11-26 17:52:07.725584 INFO::Fitting model to feature number 950, maxbin_SRR16554636.003
2025-11-26 17:52:07.751714 INFO::Fitting model to feature number 951, metabat_SRR16554652.48
2025-11-26 17:52:07.778092 INFO::Fitting model to feature number 952, metabat_ERR6275663.38
2025-11-26 17:52:07.804311 INFO::Fitting model to feature number 953, semibin_SRR11413614.13
2025-11-26 17:52:07.834323 INFO::Fitting model to feature number 954, semibin_ERR6281434.39
2025-11-26 17:52:07.863396 INFO::Fitting model to feature number 955, semibin_SRR5930532.36
2025-11-26 17:52:07.894187 INFO::Fitting model to feature number 956, metabat_SRR16168976.38
2025-11-26 17:52:07.920811 INFO::Fitting model to feature number 957, semibin_SRR6000891.14
2025-11-26 17:52:07.946327 INFO::Fitting model to feature number 958, semibin_SRR20881976.80
2025-11-26 17:52:07.971868 INFO::Fitting model to feature number 959, semibin_ERR6281448.54
2025-11-26 17:52:07.998266 INFO::Fitting model to feature number 960, maxbin_SRR11413653.009
2025-11-26 17:52:08.045204 INFO::Fitting model to feature number 961, maxbin_SRR11413690.006
2025-11-26 17:52:08.071146 INFO::Fitting model to feature number 962, metabat_SRR13068843.68
2025-11-26 17:52:08.096764 INFO::Fitting model to feature number 963, semibin_ERR6243879.12_sub
2025-11-26 17:52:08.123414 INFO::Fitting model to feature number 964, semibin_ERR6275676.56
2025-11-26 17:52:08.157475 INFO::Fitting model to feature number 965, maxbin_SRR5930515.026_sub
2025-11-26 17:52:08.185975 INFO::Fitting model to feature number 966, maxbin_SRR16168974.016_sub
2025-11-26 17:52:08.212389 INFO::Fitting model to feature number 967, maxbin_SRR5930495.007_sub
2025-11-26 17:52:08.239266 INFO::Fitting model to feature number 968, metabat_ERR6271721.58
2025-11-26 17:52:08.26629 INFO::Fitting model to feature number 969, maxbin_SRR11413687.011
2025-11-26 17:52:08.291514 INFO::Fitting model to feature number 970, metabat_SRR23364171.31
2025-11-26 17:52:08.317595 INFO::Fitting model to feature number 971, metabat_ERR6232523.10
2025-11-26 17:52:08.34365 INFO::Fitting model to feature number 972, metabat_SRR23364216.19_sub
2025-11-26 17:52:08.369122 INFO::Fitting model to feature number 973, metabat_ERR6279626.27
2025-11-26 17:52:08.395054 INFO::Fitting model to feature number 974, semibin_ERR6280910.39
2025-11-26 17:52:08.420878 INFO::Fitting model to feature number 975, maxbin_ERR6231548.005
2025-11-26 17:52:08.450285 INFO::Fitting model to feature number 976, maxbin_SRR16554788.028_sub
2025-11-26 17:52:08.482673 INFO::Fitting model to feature number 977, metabat_ERR6279664.11
2025-11-26 17:52:08.512895 INFO::Fitting model to feature number 978, semibin_SRR5930507.86
2025-11-26 17:52:08.538592 INFO::Fitting model to feature number 979, metabat_SRR16554728.6
2025-11-26 17:52:08.564824 INFO::Fitting model to feature number 980, semibin_SRR16168985.16
2025-11-26 17:52:08.591424 INFO::Fitting model to feature number 981, metabat_SRR25825497.15
2025-11-26 17:52:08.617291 INFO::Fitting model to feature number 982, semibin_ERR2162203.14
2025-11-26 17:52:08.642943 INFO::Fitting model to feature number 983, semibin_SRR11413647.21
2025-11-26 17:52:08.66823 INFO::Fitting model to feature number 984, metabat_SRR16554734.17
2025-11-26 17:52:08.694124 INFO::Fitting model to feature number 985, maxbin_SRR5930510.007_sub
2025-11-26 17:52:08.72033 INFO::Fitting model to feature number 986, semibin_SRR5930528.71
2025-11-26 17:52:08.746913 INFO::Fitting model to feature number 987, metabat_ERR12405979.31
2025-11-26 17:52:08.805844 INFO::Fitting model to feature number 988, maxbin_SRR11413617.028_sub
2025-11-26 17:52:08.835145 INFO::Fitting model to feature number 989, semibin_SRR25825497.40_sub
2025-11-26 17:52:08.862139 INFO::Fitting model to feature number 990, semibin_ERR6275681.3
2025-11-26 17:52:08.888792 INFO::Fitting model to feature number 991, semibin_SRR13022404.15
2025-11-26 17:52:08.915729 INFO::Fitting model to feature number 992, semibin_SRR13068818.12_sub
2025-11-26 17:52:08.941703 INFO::Fitting model to feature number 993, semibin_SRR6000905.76
2025-11-26 17:52:08.968448 INFO::Fitting model to feature number 994, metabat_SRR25825510.56
2025-11-26 17:52:08.995544 INFO::Fitting model to feature number 995, metabat_SRR5930516.94
2025-11-26 17:52:09.021801 INFO::Fitting model to feature number 996, metabat_SRR16554788.7
2025-11-26 17:52:09.047257 INFO::Fitting model to feature number 997, semibin_ERR6279669.82
2025-11-26 17:52:09.072416 INFO::Fitting model to feature number 998, maxbin_SRR16168918.042_sub
2025-11-26 17:52:09.100199 INFO::Fitting model to feature number 999, metabat_ERR6254870.48
2025-11-26 17:52:09.130122 INFO::Fitting model to feature number 1000, maxbin_SRR11413646.007
2025-11-26 17:52:09.159246 INFO::Fitting model to feature number 1001, metabat_ERR6279654.11
2025-11-26 17:52:09.18625 INFO::Fitting model to feature number 1002, metabat_ERR6279619.19_sub
2025-11-26 17:52:09.21424 INFO::Fitting model to feature number 1003, metabat_ERR6275652.18
2025-11-26 17:52:09.241191 INFO::Fitting model to feature number 1004, semibin_ERR12405920.42
2025-11-26 17:52:09.267808 INFO::Fitting model to feature number 1005, metabat_SRR6000906.41
2025-11-26 17:52:09.293965 INFO::Fitting model to feature number 1006, semibin_SRR6000908.42_sub
2025-11-26 17:52:09.321064 INFO::Fitting model to feature number 1007, semibin_SRR25825513.40
2025-11-26 17:52:09.34816 INFO::Fitting model to feature number 1008, metabat_SRR25825505.1
2025-11-26 17:52:09.374443 INFO::Fitting model to feature number 1009, semibin_ERR6254871.56
2025-11-26 17:52:09.401078 INFO::Fitting model to feature number 1010, semibin_SRR16554773.62
2025-11-26 17:52:09.433929 INFO::Fitting model to feature number 1011, metabat_ERR6281000.13
2025-11-26 17:52:09.461788 INFO::Fitting model to feature number 1012, metabat_ERR6279661.17
2025-11-26 17:52:09.490328 INFO::Fitting model to feature number 1013, semibin_ERR6279673.83
2025-11-26 17:52:09.516728 INFO::Fitting model to feature number 1014, maxbin_SRR13068813.004
2025-11-26 17:52:09.564697 INFO::Fitting model to feature number 1015, metabat_ERR6279652.12
2025-11-26 17:52:09.591531 INFO::Fitting model to feature number 1016, semibin_SRR5930498.70
2025-11-26 17:52:09.61829 INFO::Fitting model to feature number 1017, semibin_SRR16554756.28
2025-11-26 17:52:09.644571 INFO::Fitting model to feature number 1018, maxbin_SRR16554767.001
2025-11-26 17:52:09.670393 INFO::Fitting model to feature number 1019, maxbin_SRR5930494.018
2025-11-26 17:52:09.696208 INFO::Fitting model to feature number 1020, metabat_SRR5930534.8_sub
2025-11-26 17:52:09.725686 INFO::Fitting model to feature number 1021, semibin_SRR16554643.19
2025-11-26 17:52:09.758058 INFO::Fitting model to feature number 1022, metabat_SRR20881981.18
2025-11-26 17:52:09.784622 INFO::Fitting model to feature number 1023, metabat_SRR16554653.16
2025-11-26 17:52:09.811794 INFO::Fitting model to feature number 1024, metabat_ERR6275678.16
2025-11-26 17:52:09.838085 INFO::Fitting model to feature number 1025, metabat_ERR6275677.54
2025-11-26 17:52:09.864129 INFO::Fitting model to feature number 1026, metabat_SRR5930509.43
2025-11-26 17:52:09.890534 INFO::Fitting model to feature number 1027, semibin_SRR20881980.162
2025-11-26 17:52:09.916528 INFO::Fitting model to feature number 1028, semibin_SRR5930536.9
2025-11-26 17:52:09.942939 INFO::Fitting model to feature number 1029, maxbin_SRR16554689.002
2025-11-26 17:52:09.969019 INFO::Fitting model to feature number 1030, maxbin_ERR12405962.006
2025-11-26 17:52:09.995721 INFO::Fitting model to feature number 1031, maxbin_ERR6232522.003
2025-11-26 17:52:10.025128 INFO::Fitting model to feature number 1032, semibin_SRR11413613.34
2025-11-26 17:52:10.053649 INFO::Fitting model to feature number 1033, semibin_ERR6231475.19
2025-11-26 17:52:10.082605 INFO::Fitting model to feature number 1034, semibin_ERR6273965.44_sub
2025-11-26 17:52:10.108121 INFO::Fitting model to feature number 1035, metabat_ERR6279683.9
2025-11-26 17:52:10.133086 INFO::Fitting model to feature number 1036, maxbin_SRR16168941.009_sub
2025-11-26 17:52:10.158952 INFO::Fitting model to feature number 1037, maxbin_ERR12405975.009_sub
2025-11-26 17:52:10.184765 INFO::Fitting model to feature number 1038, metabat_SRR23364213.66
2025-11-26 17:52:10.210855 INFO::Fitting model to feature number 1039, metabat_SRR16168984.8_sub
2025-11-26 17:52:10.236638 INFO::Fitting model to feature number 1040, maxbin_ERR6232529.012
2025-11-26 17:52:10.262439 INFO::Fitting model to feature number 1041, semibin_ERR6279627.38
2025-11-26 17:52:10.309128 INFO::Fitting model to feature number 1042, metabat_SRR5930528.116
2025-11-26 17:52:10.335492 INFO::Fitting model to feature number 1043, semibin_ERR12405921.38
2025-11-26 17:52:10.367516 INFO::Fitting model to feature number 1044, metabat_ERR12405974.29
2025-11-26 17:52:10.396073 INFO::Fitting model to feature number 1045, semibin_ERR6279619.56
2025-11-26 17:52:10.421951 INFO::Fitting model to feature number 1046, metabat_SRR11413680.4
2025-11-26 17:52:10.448324 INFO::Fitting model to feature number 1047, semibin_SRR25825495.18
2025-11-26 17:52:10.474172 INFO::Fitting model to feature number 1048, semibin_SRR16554649.27
2025-11-26 17:52:10.499528 INFO::Fitting model to feature number 1049, semibin_ERR6279676.4
2025-11-26 17:52:10.524703 INFO::Fitting model to feature number 1050, semibin_SRR5930514.44
2025-11-26 17:52:10.550751 INFO::Fitting model to feature number 1051, semibin_ERR6232425.9
2025-11-26 17:52:10.5765 INFO::Fitting model to feature number 1052, semibin_ERR6279650.29
2025-11-26 17:52:10.602133 INFO::Fitting model to feature number 1053, metabat_ERR6281432.38
2025-11-26 17:52:10.627628 INFO::Fitting model to feature number 1054, metabat_SRR16554627.10
2025-11-26 17:52:10.654234 INFO::Fitting model to feature number 1055, maxbin_ERR6281500.022
2025-11-26 17:52:10.700867 INFO::Fitting model to feature number 1056, metabat_SRR13068841.11
2025-11-26 17:52:10.730094 INFO::Fitting model to feature number 1057, semibin_SRR5930518.8
2025-11-26 17:52:10.757579 INFO::Fitting model to feature number 1058, semibin_ERR6279620.35
2025-11-26 17:52:10.786314 INFO::Fitting model to feature number 1059, semibin_ERR12405915.41_sub
2025-11-26 17:52:10.812911 INFO::Fitting model to feature number 1060, maxbin_SRR5930512.005_sub
2025-11-26 17:52:10.838075 INFO::Fitting model to feature number 1061, maxbin_SRR16554760.002
2025-11-26 17:52:10.863611 INFO::Fitting model to feature number 1062, maxbin_ERR6279660.002
2025-11-26 17:52:10.88892 INFO::Fitting model to feature number 1063, semibin_SRR13068843.60_sub
2025-11-26 17:52:10.914219 INFO::Fitting model to feature number 1064, metabat_ERR6281342.23
2025-11-26 17:52:10.940449 INFO::Fitting model to feature number 1065, maxbin_ERR6279660.006
2025-11-26 17:52:10.970797 INFO::Fitting model to feature number 1066, maxbin_ERR6232382.008
2025-11-26 17:52:10.999083 INFO::Fitting model to feature number 1067, semibin_ERR12406002.2
2025-11-26 17:52:11.024871 INFO::Fitting model to feature number 1068, semibin_ERR6279626.75
2025-11-26 17:52:11.525916 INFO::Fitting model to feature number 1069, metabat_ERR6279625.36
2025-11-26 17:52:11.548974 INFO::Fitting model to feature number 1070, metabat_SRR16168976.72
2025-11-26 17:52:11.574356 INFO::Fitting model to feature number 1071, metabat_SRR6000940.3
2025-11-26 17:52:11.60011 INFO::Fitting model to feature number 1072, semibin_SRR5930501.110_sub
2025-11-26 17:52:11.625435 INFO::Fitting model to feature number 1073, metabat_ERR6279677.5
2025-11-26 17:52:11.652094 INFO::Fitting model to feature number 1074, semibin_ERR6248618.17_sub
2025-11-26 17:52:11.677632 INFO::Fitting model to feature number 1075, maxbin_SRR11413615.001
2025-11-26 17:52:11.715706 INFO::Fitting model to feature number 1076, semibin_SRR25825500.28
2025-11-26 17:52:11.742504 INFO::Fitting model to feature number 1077, semibin_SRR16554652.103
2025-11-26 17:52:11.768775 INFO::Fitting model to feature number 1078, semibin_SRR11413657.19
2025-11-26 17:52:11.794741 INFO::Fitting model to feature number 1079, metabat_SRR25825503.11
2025-11-26 17:52:11.819948 INFO::Fitting model to feature number 1080, semibin_SRR16554673.8
2025-11-26 17:52:11.845538 INFO::Fitting model to feature number 1081, maxbin_SRR16554751.003
2025-11-26 17:52:11.87202 INFO::Fitting model to feature number 1082, maxbin_ERR12405942.013
2025-11-26 17:52:11.897727 INFO::Fitting model to feature number 1083, metabat_ERR6279655.17_sub
2025-11-26 17:52:11.924453 INFO::Fitting model to feature number 1084, maxbin_ERR6279654.010
2025-11-26 17:52:11.952351 INFO::Fitting model to feature number 1085, metabat_ERR6279654.3_sub
2025-11-26 17:52:11.97859 INFO::Fitting model to feature number 1086, semibin_SRR5930529.2
2025-11-26 17:52:12.006417 INFO::Fitting model to feature number 1087, semibin_ERR12405928.45
2025-11-26 17:52:12.045207 INFO::Fitting model to feature number 1088, maxbin_SRR20881977.005
2025-11-26 17:52:12.085706 INFO::Fitting model to feature number 1089, metabat_ERR6248618.9
2025-11-26 17:52:12.113918 INFO::Fitting model to feature number 1090, maxbin_ERR6279615.003
2025-11-26 17:52:12.141921 INFO::Fitting model to feature number 1091, maxbin_ERR12405949.018
2025-11-26 17:52:12.168942 INFO::Fitting model to feature number 1092, maxbin_SRR5930501.009
2025-11-26 17:52:12.195668 INFO::Fitting model to feature number 1093, semibin_ERR12405937.35
2025-11-26 17:52:12.223795 INFO::Fitting model to feature number 1094, metabat_ERR6232518.15
2025-11-26 17:52:12.251591 INFO::Fitting model to feature number 1095, semibin_SRR16554767.32
2025-11-26 17:52:12.297164 INFO::Fitting model to feature number 1096, metabat_SRR16554704.3
2025-11-26 17:52:12.324064 INFO::Fitting model to feature number 1097, metabat_SRR23364174.22
2025-11-26 17:52:12.355635 INFO::Fitting model to feature number 1098, metabat_ERR12405992.29
2025-11-26 17:52:12.381536 INFO::Fitting model to feature number 1099, maxbin_SRR5930514.003
2025-11-26 17:52:12.409009 INFO::Fitting model to feature number 1100, maxbin_ERR6281499.005
2025-11-26 17:52:12.435821 INFO::Fitting model to feature number 1101, metabat_SRR5930498.86
2025-11-26 17:52:12.461281 INFO::Fitting model to feature number 1102, metabat_ERR12405949.35
2025-11-26 17:52:12.486531 INFO::Fitting model to feature number 1103, semibin_SRR11413614.58
2025-11-26 17:52:12.512368 INFO::Fitting model to feature number 1104, metabat_SRR5930523.19
2025-11-26 17:52:12.538144 INFO::Fitting model to feature number 1105, maxbin_ERR6267711.006
2025-11-26 17:52:12.563504 INFO::Fitting model to feature number 1106, semibin_ERR6281500.39
2025-11-26 17:52:12.589113 INFO::Fitting model to feature number 1107, semibin_SRR25825500.25
2025-11-26 17:52:12.615234 INFO::Fitting model to feature number 1108, metabat_ERR6279675.42
2025-11-26 17:52:12.641312 INFO::Fitting model to feature number 1109, maxbin_SRR5930506.016_sub
2025-11-26 17:52:12.673192 INFO::Fitting model to feature number 1110, semibin_ERR6279621.6
2025-11-26 17:52:12.700787 INFO::Fitting model to feature number 1111, metabat_SRR23364223.20
2025-11-26 17:52:12.728044 INFO::Fitting model to feature number 1112, metabat_ERR6254870.14
2025-11-26 17:52:12.754221 INFO::Fitting model to feature number 1113, semibin_SRR11413618.78
2025-11-26 17:52:12.779387 INFO::Fitting model to feature number 1114, maxbin_SRR16168942.005
2025-11-26 17:52:12.805413 INFO::Fitting model to feature number 1115, semibin_SRR16168982.36
2025-11-26 17:52:12.831769 INFO::Fitting model to feature number 1116, semibin_ERR12405969.59
2025-11-26 17:52:12.857783 INFO::Fitting model to feature number 1117, semibin_SRR5930514.18
2025-11-26 17:52:12.883316 INFO::Fitting model to feature number 1118, semibin_ERR6275661.76
2025-11-26 17:52:12.909079 INFO::Fitting model to feature number 1119, maxbin_SRR16554639.004
2025-11-26 17:52:12.934751 INFO::Fitting model to feature number 1120, metabat_ERR6281505.18
2025-11-26 17:52:12.960778 INFO::Fitting model to feature number 1121, semibin_SRR5930528.176
2025-11-26 17:52:12.987799 INFO::Fitting model to feature number 1122, semibin_ERR12405970.54
2025-11-26 17:52:13.042397 INFO::Fitting model to feature number 1123, metabat_ERR12405940.8
2025-11-26 17:52:13.068193 INFO::Fitting model to feature number 1124, semibin_SRR5930529.29
2025-11-26 17:52:13.093573 INFO::Fitting model to feature number 1125, metabat_SRR25825496.23
2025-11-26 17:52:13.119748 INFO::Fitting model to feature number 1126, semibin_SRR5930533.29
2025-11-26 17:52:13.145077 INFO::Fitting model to feature number 1127, metabat_ERR6279682.1
2025-11-26 17:52:13.170814 INFO::Fitting model to feature number 1128, semibin_SRR16554721.63
2025-11-26 17:52:13.196607 INFO::Fitting model to feature number 1129, metabat_SRR16168974.3
2025-11-26 17:52:13.223268 INFO::Fitting model to feature number 1130, semibin_ERR12406004.33
2025-11-26 17:52:13.24956 INFO::Fitting model to feature number 1131, maxbin_SRR13022436.003
2025-11-26 17:52:13.27456 INFO::Fitting model to feature number 1132, semibin_ERR6232527.15
2025-11-26 17:52:13.302308 INFO::Fitting model to feature number 1133, semibin_SRR23364174.31
2025-11-26 17:52:13.332229 INFO::Fitting model to feature number 1134, maxbin_ERR12405949.005
2025-11-26 17:52:13.361818 INFO::Fitting model to feature number 1135, semibin_ERR12405929.26
2025-11-26 17:52:13.387792 INFO::Fitting model to feature number 1136, semibin_ERR12405993.20
2025-11-26 17:52:13.41475 INFO::Fitting model to feature number 1137, maxbin_ERR12405929.007
2025-11-26 17:52:13.441601 INFO::Fitting model to feature number 1138, semibin_ERR12405968.41
2025-11-26 17:52:13.468197 INFO::Fitting model to feature number 1139, semibin_ERR6275680.2_sub
2025-11-26 17:52:13.493789 INFO::Fitting model to feature number 1140, metabat_SRR16168940.8
2025-11-26 17:52:13.520656 INFO::Fitting model to feature number 1141, metabat_SRR5930534.33
2025-11-26 17:52:13.547693 INFO::Fitting model to feature number 1142, semibin_ERR6232382.57
2025-11-26 17:52:13.573726 INFO::Fitting model to feature number 1143, maxbin_SRR16554647.011_sub
2025-11-26 17:52:13.598983 INFO::Fitting model to feature number 1144, semibin_SRR16554750.10
2025-11-26 17:52:13.627276 INFO::Fitting model to feature number 1145, maxbin_SRR16554636.001
2025-11-26 17:52:13.66532 INFO::Fitting model to feature number 1146, semibin_ERR6281505.10
2025-11-26 17:52:13.693195 INFO::Fitting model to feature number 1147, maxbin_ERR6232688.006
2025-11-26 17:52:13.718559 INFO::Fitting model to feature number 1148, maxbin_SRR16554718.005
2025-11-26 17:52:13.745324 INFO::Fitting model to feature number 1149, metabat_SRR16554756.5
2025-11-26 17:52:13.790124 INFO::Fitting model to feature number 1150, semibin_ERR6232522.29
2025-11-26 17:52:13.816332 INFO::Fitting model to feature number 1151, semibin_SRR11413656.22
2025-11-26 17:52:13.842318 INFO::Fitting model to feature number 1152, semibin_SRR23364225.25
2025-11-26 17:52:13.868442 INFO::Fitting model to feature number 1153, metabat_ERR12405955.69
2025-11-26 17:52:13.900219 INFO::Fitting model to feature number 1154, semibin_SRR16554723.44
2025-11-26 17:52:13.927796 INFO::Fitting model to feature number 1155, maxbin_ERR12405924.002
2025-11-26 17:52:13.95618 INFO::Fitting model to feature number 1156, semibin_ERR6281751.6
2025-11-26 17:52:13.981593 INFO::Fitting model to feature number 1157, maxbin_SRR11413649.022
2025-11-26 17:52:14.007576 INFO::Fitting model to feature number 1158, metabat_SRR16554766.13
2025-11-26 17:52:14.033945 INFO::Fitting model to feature number 1159, semibin_ERR12405971.1
2025-11-26 17:52:14.060124 INFO::Fitting model to feature number 1160, metabat_SRR23364240.2
2025-11-26 17:52:14.086171 INFO::Fitting model to feature number 1161, semibin_ERR6281677.29
2025-11-26 17:52:14.112703 INFO::Fitting model to feature number 1162, metabat_SRR16554786.23
2025-11-26 17:52:14.139226 INFO::Fitting model to feature number 1163, semibin_SRR11413654.21
2025-11-26 17:52:14.165126 INFO::Fitting model to feature number 1164, maxbin_SRR11413614.007_sub
2025-11-26 17:52:14.191221 INFO::Fitting model to feature number 1165, metabat_SRR25825495.14
2025-11-26 17:52:14.217945 INFO::Fitting model to feature number 1166, semibin_SRR11413683.194
2025-11-26 17:52:14.252062 INFO::Fitting model to feature number 1167, metabat_SRR25825510.12_sub
2025-11-26 17:52:14.281197 INFO::Fitting model to feature number 1168, semibin_SRR16554769.96
2025-11-26 17:52:14.306428 INFO::Fitting model to feature number 1169, semibin_SRR11413692.4
2025-11-26 17:52:14.333061 INFO::Fitting model to feature number 1170, maxbin_SRR23364203.002
2025-11-26 17:52:14.359455 INFO::Fitting model to feature number 1171, maxbin_SRR16168984.014_sub
2025-11-26 17:52:14.384742 INFO::Fitting model to feature number 1172, maxbin_ERR6275659.013_sub
2025-11-26 17:52:14.410212 INFO::Fitting model to feature number 1173, metabat_ERR6281434.55
2025-11-26 17:52:14.436595 INFO::Fitting model to feature number 1174, semibin_ERR6279674.62
2025-11-26 17:52:14.462712 INFO::Fitting model to feature number 1175, metabat_SRR11413654.23
2025-11-26 17:52:14.487974 INFO::Fitting model to feature number 1176, semibin_SRR11413613.2
2025-11-26 17:52:14.542895 INFO::Fitting model to feature number 1177, semibin_ERR6267712.36
2025-11-26 17:52:14.57227 INFO::Fitting model to feature number 1178, metabat_SRR13068816.1
2025-11-26 17:52:14.598625 INFO::Fitting model to feature number 1179, maxbin_ERR6235717.003
2025-11-26 17:52:14.625256 INFO::Fitting model to feature number 1180, maxbin_SRR16554719.004
2025-11-26 17:52:14.651597 INFO::Fitting model to feature number 1181, maxbin_SRR8387676.006
2025-11-26 17:52:14.676821 INFO::Fitting model to feature number 1182, metabat_SRR23364191.23_sub
2025-11-26 17:52:14.702808 INFO::Fitting model to feature number 1183, semibin_ERR6275666.3
2025-11-26 17:52:14.729428 INFO::Fitting model to feature number 1184, metabat_SRR8387710.43
2025-11-26 17:52:14.755433 INFO::Fitting model to feature number 1185, metabat_ERR6281997.20
2025-11-26 17:52:14.780386 INFO::Fitting model to feature number 1186, metabat_SRR23364237.27
2025-11-26 17:52:14.805866 INFO::Fitting model to feature number 1187, semibin_SRR13068827.60
2025-11-26 17:52:14.839874 INFO::Fitting model to feature number 1188, metabat_SRR5930501.14
2025-11-26 17:52:14.867426 INFO::Fitting model to feature number 1189, semibin_ERR6275676.34
2025-11-26 17:52:14.893057 INFO::Fitting model to feature number 1190, maxbin_SRR13068845.006_sub
2025-11-26 17:52:14.920139 INFO::Fitting model to feature number 1191, semibin_ERR12405949.11_sub
2025-11-26 17:52:14.946668 INFO::Fitting model to feature number 1192, semibin_SRR5930494.69
2025-11-26 17:52:14.972243 INFO::Fitting model to feature number 1193, semibin_ERR12405958.10
2025-11-26 17:52:14.998337 INFO::Fitting model to feature number 1194, metabat_SRR16554636.2
2025-11-26 17:52:15.024143 INFO::Fitting model to feature number 1195, maxbin_SRR16168975.004
2025-11-26 17:52:15.05004 INFO::Fitting model to feature number 1196, semibin_SRR25825499.74
2025-11-26 17:52:15.075292 INFO::Fitting model to feature number 1197, metabat_ERR6232458.5
2025-11-26 17:52:15.100415 INFO::Fitting model to feature number 1198, maxbin_SRR25825518.002
2025-11-26 17:52:15.132769 INFO::Fitting model to feature number 1199, maxbin_ERR6279662.004_sub
2025-11-26 17:52:15.161209 INFO::Fitting model to feature number 1200, metabat_ERR6281518.58_sub
2025-11-26 17:52:15.185977 INFO::Fitting model to feature number 1201, semibin_ERR6232686.62
2025-11-26 17:52:15.211984 INFO::Fitting model to feature number 1202, maxbin_ERR6275678.004
2025-11-26 17:52:15.238114 INFO::Fitting model to feature number 1203, metabat_SRR13022427.3_sub
2025-11-26 17:52:15.282196 INFO::Fitting model to feature number 1204, semibin_ERR12406003.88
2025-11-26 17:52:15.308167 INFO::Fitting model to feature number 1205, metabat_ERR12405942.51
2025-11-26 17:52:15.333724 INFO::Fitting model to feature number 1206, semibin_SRR11413654.79
2025-11-26 17:52:15.35848 INFO::Fitting model to feature number 1207, semibin_SRR16554679.4
2025-11-26 17:52:15.384741 INFO::Fitting model to feature number 1208, semibin_ERR12405974.119
2025-11-26 17:52:15.420173 INFO::Fitting model to feature number 1209, semibin_ERR6230340.7
2025-11-26 17:52:15.447014 INFO::Fitting model to feature number 1210, semibin_SRR20881980.70_sub
2025-11-26 17:52:15.4742 INFO::Fitting model to feature number 1211, maxbin_SRR11413683.001
2025-11-26 17:52:15.500083 INFO::Fitting model to feature number 1212, maxbin_ERR6279625.013_sub
2025-11-26 17:52:15.525581 INFO::Fitting model to feature number 1213, semibin_ERR12405998.4
2025-11-26 17:52:15.551659 INFO::Fitting model to feature number 1214, semibin_SRR11413614.10
2025-11-26 17:52:15.577621 INFO::Fitting model to feature number 1215, metabat_SRR20881977.30
2025-11-26 17:52:15.602855 INFO::Fitting model to feature number 1216, maxbin_ERR12405988.009
2025-11-26 17:52:15.628116 INFO::Fitting model to feature number 1217, maxbin_SRR5930509.003
2025-11-26 17:52:15.653729 INFO::Fitting model to feature number 1218, maxbin_SRR16554632.002
2025-11-26 17:52:15.680007 INFO::Fitting model to feature number 1219, semibin_SRR25825500.32
2025-11-26 17:52:15.708904 INFO::Fitting model to feature number 1220, semibin_SRR5930495.35
2025-11-26 17:52:15.735965 INFO::Fitting model to feature number 1221, semibin_ERR6279671.89
2025-11-26 17:52:15.764101 INFO::Fitting model to feature number 1222, semibin_ERR6230278.15
2025-11-26 17:52:15.790782 INFO::Fitting model to feature number 1223, metabat_ERR6279652.15_sub
2025-11-26 17:52:15.816059 INFO::Fitting model to feature number 1224, metabat_SRR16554778.4
2025-11-26 17:52:15.842693 INFO::Fitting model to feature number 1225, semibin_ERR6279669.45
2025-11-26 17:52:15.869236 INFO::Fitting model to feature number 1226, maxbin_SRR6000903.002
2025-11-26 17:52:15.894437 INFO::Fitting model to feature number 1227, maxbin_ERR6267711.002_sub
2025-11-26 17:52:15.919811 INFO::Fitting model to feature number 1228, metabat_SRR16168930.22_sub
2025-11-26 17:52:15.945719 INFO::Fitting model to feature number 1229, metabat_ERR12405940.22
2025-11-26 17:52:15.971887 INFO::Fitting model to feature number 1230, maxbin_SRR23364231.030_sub
2025-11-26 17:52:16.023225 INFO::Fitting model to feature number 1231, semibin_ERR6281751.11_sub
2025-11-26 17:52:16.050371 INFO::Fitting model to feature number 1232, metabat_SRR16554721.12_sub
2025-11-26 17:52:16.075681 INFO::Fitting model to feature number 1233, metabat_ERR12405957.24
2025-11-26 17:52:16.101963 INFO::Fitting model to feature number 1234, semibin_ERR6232524.56
2025-11-26 17:52:16.128368 INFO::Fitting model to feature number 1235, metabat_SRR16554643.13
2025-11-26 17:52:16.1538 INFO::Fitting model to feature number 1236, semibin_ERR6279677.13
2025-11-26 17:52:16.179743 INFO::Fitting model to feature number 1237, maxbin_SRR16554744.003
2025-11-26 17:52:16.20536 INFO::Fitting model to feature number 1238, metabat_ERR12405957.9
2025-11-26 17:52:16.230886 INFO::Fitting model to feature number 1239, metabat_SRR16168942.34
2025-11-26 17:52:16.256176 INFO::Fitting model to feature number 1240, semibin_SRR6000905.32
2025-11-26 17:52:16.281433 INFO::Fitting model to feature number 1241, semibin_ERR6279657.164
2025-11-26 17:52:16.3141 INFO::Fitting model to feature number 1242, metabat_ERR6279616.33
2025-11-26 17:52:16.345179 INFO::Fitting model to feature number 1243, semibin_ERR6279646.22_sub
2025-11-26 17:52:16.371602 INFO::Fitting model to feature number 1244, semibin_SRR6000947.67
2025-11-26 17:52:16.398077 INFO::Fitting model to feature number 1245, semibin_SRR16554752.21
2025-11-26 17:52:16.425143 INFO::Fitting model to feature number 1246, maxbin_ERR6271721.001
2025-11-26 17:52:16.45149 INFO::Fitting model to feature number 1247, semibin_ERR12406004.36
2025-11-26 17:52:16.477038 INFO::Fitting model to feature number 1248, metabat_ERR6281431.41
2025-11-26 17:52:16.502972 INFO::Fitting model to feature number 1249, semibin_ERR6275680.140
2025-11-26 17:52:16.529257 INFO::Fitting model to feature number 1250, semibin_SRR8387676.49
2025-11-26 17:52:16.555145 INFO::Fitting model to feature number 1251, semibin_SRR13068852.73_sub
2025-11-26 17:52:16.580369 INFO::Fitting model to feature number 1252, metabat_SRR11413608.45
2025-11-26 17:52:16.61356 INFO::Fitting model to feature number 1253, semibin_SRR5930520.95
2025-11-26 17:52:16.643511 INFO::Fitting model to feature number 1254, metabat_SRR23364206.9
2025-11-26 17:52:16.668826 INFO::Fitting model to feature number 1255, metabat_SRR5930499.62
2025-11-26 17:52:16.694897 INFO::Fitting model to feature number 1256, metabat_ERR6275672.30
2025-11-26 17:52:16.720592 INFO::Fitting model to feature number 1257, semibin_ERR6230340.24
2025-11-26 17:52:16.764349 INFO::Fitting model to feature number 1258, semibin_SRR5930532.57
2025-11-26 17:52:16.789815 INFO::Fitting model to feature number 1259, semibin_ERR6279627.7
2025-11-26 17:52:16.81496 INFO::Fitting model to feature number 1260, metabat_SRR23364192.31_sub
2025-11-26 17:52:16.841059 INFO::Fitting model to feature number 1261, semibin_SRR25825510.23_sub
2025-11-26 17:52:16.866673 INFO::Fitting model to feature number 1262, maxbin_ERR12405965.008
2025-11-26 17:52:16.902479 INFO::Fitting model to feature number 1263, semibin_ERR6279672.17
2025-11-26 17:52:16.927782 INFO::Fitting model to feature number 1264, maxbin_ERR6257997.018
2025-11-26 17:52:16.95692 INFO::Fitting model to feature number 1265, semibin_ERR6233693.34_sub
2025-11-26 17:52:16.983359 INFO::Fitting model to feature number 1266, metabat_ERR6232688.30
2025-11-26 17:52:17.008251 INFO::Fitting model to feature number 1267, maxbin_SRR23364192.011_sub
2025-11-26 17:52:17.034141 INFO::Fitting model to feature number 1268, maxbin_ERR6279676.023_sub
2025-11-26 17:52:17.060156 INFO::Fitting model to feature number 1269, semibin_SRR13068839.82
2025-11-26 17:52:17.085907 INFO::Fitting model to feature number 1270, metabat_ERR6275671.44
2025-11-26 17:52:17.111476 INFO::Fitting model to feature number 1271, semibin_ERR6236131.31
2025-11-26 17:52:17.137422 INFO::Fitting model to feature number 1272, metabat_SRR11413681.65_sub
2025-11-26 17:52:17.163665 INFO::Fitting model to feature number 1273, semibin_ERR6232521.9
2025-11-26 17:52:17.196231 INFO::Fitting model to feature number 1274, semibin_ERR12405983.41
2025-11-26 17:52:17.225051 INFO::Fitting model to feature number 1275, semibin_SRR20881979.39
2025-11-26 17:52:17.253558 INFO::Fitting model to feature number 1276, metabat_SRR13068822.8
2025-11-26 17:52:17.278711 INFO::Fitting model to feature number 1277, semibin_SRR5930533.15
2025-11-26 17:52:17.305177 INFO::Fitting model to feature number 1278, metabat_SRR16554704.2
2025-11-26 17:52:17.330123 INFO::Fitting model to feature number 1279, maxbin_ERR6279682.007
2025-11-26 17:52:17.355289 INFO::Fitting model to feature number 1280, semibin_ERR12406000.0
2025-11-26 17:52:17.380662 INFO::Fitting model to feature number 1281, metabat_SRR23364213.41_sub
2025-11-26 17:52:17.406724 INFO::Fitting model to feature number 1282, metabat_SRR5930495.2
2025-11-26 17:52:17.435512 INFO::Fitting model to feature number 1283, semibin_SRR20881987.25
2025-11-26 17:52:17.463205 INFO::Fitting model to feature number 1284, metabat_SRR23364240.7
2025-11-26 17:52:17.52163 INFO::Fitting model to feature number 1285, metabat_SRR5930498.97
2025-11-26 17:52:17.548763 INFO::Fitting model to feature number 1286, metabat_SRR16554763.26
2025-11-26 17:52:17.581015 INFO::Fitting model to feature number 1287, metabat_ERR6232458.9
2025-11-26 17:52:17.608826 INFO::Fitting model to feature number 1288, maxbin_SRR23364175.021_sub
2025-11-26 17:52:17.636103 INFO::Fitting model to feature number 1289, semibin_ERR6281997.36
2025-11-26 17:52:17.663025 INFO::Fitting model to feature number 1290, semibin_ERR6230340.23
2025-11-26 17:52:17.690457 INFO::Fitting model to feature number 1291, semibin_SRR11413609.1
2025-11-26 17:52:17.718041 INFO::Fitting model to feature number 1292, semibin_SRR6000894.27
2025-11-26 17:52:17.746636 INFO::Fitting model to feature number 1293, maxbin_SRR5930519.002
2025-11-26 17:52:17.77337 INFO::Fitting model to feature number 1294, metabat_ERR6275676.46_sub
2025-11-26 17:52:17.800375 INFO::Fitting model to feature number 1295, metabat_ERR6279680.23_sub
2025-11-26 17:52:17.834534 INFO::Fitting model to feature number 1296, semibin_SRR25825500.94
2025-11-26 17:52:17.863605 INFO::Fitting model to feature number 1297, semibin_ERR6279665.27
2025-11-26 17:52:17.892851 INFO::Fitting model to feature number 1298, maxbin_SRR5930517.004
2025-11-26 17:52:17.920506 INFO::Fitting model to feature number 1299, semibin_SRR25825496.70
2025-11-26 17:52:17.947211 INFO::Fitting model to feature number 1300, semibin_SRR5930517.103
2025-11-26 17:52:17.973715 INFO::Fitting model to feature number 1301, semibin_SRR16168929.20_sub
2025-11-26 17:52:18.000842 INFO::Fitting model to feature number 1302, metabat_SRR25825513.9
2025-11-26 17:52:18.028903 INFO::Fitting model to feature number 1303, semibin_ERR12405992.43
2025-11-26 17:52:18.056547 INFO::Fitting model to feature number 1304, maxbin_SRR5930501.001
2025-11-26 17:52:18.083773 INFO::Fitting model to feature number 1305, maxbin_ERR6275673.039_sub
2025-11-26 17:52:18.11209 INFO::Fitting model to feature number 1306, semibin_SRR11413692.31
2025-11-26 17:52:18.149863 INFO::Fitting model to feature number 1307, maxbin_SRR11413679.012
2025-11-26 17:52:18.179748 INFO::Fitting model to feature number 1308, semibin_SRR13022424.6
2025-11-26 17:52:18.206994 INFO::Fitting model to feature number 1309, semibin_SRR13068825.144
2025-11-26 17:52:18.234733 INFO::Fitting model to feature number 1310, metabat_SRR23364171.30
2025-11-26 17:52:18.263097 INFO::Fitting model to feature number 1311, semibin_ERR6231475.95
2025-11-26 17:52:18.311021 INFO::Fitting model to feature number 1312, metabat_ERR6279658.4
2025-11-26 17:52:18.337625 INFO::Fitting model to feature number 1313, maxbin_SRR8387681.017
2025-11-26 17:52:18.362805 INFO::Fitting model to feature number 1314, semibin_SRR11413687.171
2025-11-26 17:52:18.388823 INFO::Fitting model to feature number 1315, semibin_ERR12405976.23
2025-11-26 17:52:18.414806 INFO::Fitting model to feature number 1316, semibin_SRR13068826.42
2025-11-26 17:52:18.448138 INFO::Fitting model to feature number 1317, maxbin_SRR16554726.001
2025-11-26 17:52:18.481408 INFO::Fitting model to feature number 1318, semibin_ERR6233692.26
2025-11-26 17:52:18.507989 INFO::Fitting model to feature number 1319, metabat_SRR16168929.12
2025-11-26 17:52:18.535904 INFO::Fitting model to feature number 1320, semibin_SRR20881983.19
2025-11-26 17:52:18.563831 INFO::Fitting model to feature number 1321, metabat_ERR6275664.11
2025-11-26 17:52:18.589934 INFO::Fitting model to feature number 1322, semibin_SRR20881976.18_sub
2025-11-26 17:52:18.615575 INFO::Fitting model to feature number 1323, metabat_SRR23364184.7
2025-11-26 17:52:18.641362 INFO::Fitting model to feature number 1324, semibin_SRR5930536.61_sub
2025-11-26 17:52:18.666642 INFO::Fitting model to feature number 1325, metabat_ERR6281432.14
2025-11-26 17:52:18.692816 INFO::Fitting model to feature number 1326, metabat_ERR6264280.47
2025-11-26 17:52:18.719829 INFO::Fitting model to feature number 1327, maxbin_SRR11413687.021
2025-11-26 17:52:18.749377 INFO::Fitting model to feature number 1328, semibin_ERR6279646.18
2025-11-26 17:52:18.781698 INFO::Fitting model to feature number 1329, semibin_ERR6239139.3
2025-11-26 17:52:18.811875 INFO::Fitting model to feature number 1330, maxbin_SRR16554645.006
2025-11-26 17:52:18.838449 INFO::Fitting model to feature number 1331, metabat_ERR6279672.10
2025-11-26 17:52:18.865303 INFO::Fitting model to feature number 1332, metabat_ERR6281432.36
2025-11-26 17:52:18.892463 INFO::Fitting model to feature number 1333, metabat_ERR6279667.15
2025-11-26 17:52:18.918313 INFO::Fitting model to feature number 1334, metabat_ERR12405949.18
2025-11-26 17:52:18.944014 INFO::Fitting model to feature number 1335, semibin_ERR6279620.6
2025-11-26 17:52:18.970393 INFO::Fitting model to feature number 1336, semibin_SRR23364187.43_sub
2025-11-26 17:52:18.996767 INFO::Fitting model to feature number 1337, semibin_ERR12405973.28
2025-11-26 17:52:19.02237 INFO::Fitting model to feature number 1338, semibin_SRR5930536.76
2025-11-26 17:52:19.077596 INFO::Fitting model to feature number 1339, semibin_SRR25825498.35
2025-11-26 17:52:19.106767 INFO::Fitting model to feature number 1340, metabat_SRR11413618.48
2025-11-26 17:52:19.136452 INFO::Fitting model to feature number 1341, metabat_ERR6275675.18
2025-11-26 17:52:19.164421 INFO::Fitting model to feature number 1342, metabat_ERR6279619.32
2025-11-26 17:52:19.191942 INFO::Fitting model to feature number 1343, semibin_SRR6000900.19
2025-11-26 17:52:19.21799 INFO::Fitting model to feature number 1344, semibin_ERR6281658.59
2025-11-26 17:52:19.2447 INFO::Fitting model to feature number 1345, semibin_SRR25825503.23
2025-11-26 17:52:19.272062 INFO::Fitting model to feature number 1346, metabat_ERR6279683.21
2025-11-26 17:52:19.298277 INFO::Fitting model to feature number 1347, maxbin_ERR6275675.041_sub
2025-11-26 17:52:19.323979 INFO::Fitting model to feature number 1348, semibin_ERR6279614.25
2025-11-26 17:52:19.35074 INFO::Fitting model to feature number 1349, maxbin_SRR16554744.022
2025-11-26 17:52:19.391662 INFO::Fitting model to feature number 1350, maxbin_SRR16554786.001
2025-11-26 17:52:19.418107 INFO::Fitting model to feature number 1351, semibin_SRR16168918.53
2025-11-26 17:52:19.445676 INFO::Fitting model to feature number 1352, semibin_ERR6279678.48
2025-11-26 17:52:19.471159 INFO::Fitting model to feature number 1353, semibin_SRR16168896.113
2025-11-26 17:52:19.496532 INFO::Fitting model to feature number 1354, metabat_ERR6275652.5
2025-11-26 17:52:19.522192 INFO::Fitting model to feature number 1355, metabat_SRR16168943.6
2025-11-26 17:52:19.547411 INFO::Fitting model to feature number 1356, metabat_SRR6000940.18
2025-11-26 17:52:19.572163 INFO::Fitting model to feature number 1357, semibin_SRR6000909.33
2025-11-26 17:52:19.598062 INFO::Fitting model to feature number 1358, maxbin_ERR6281505.009
2025-11-26 17:52:19.623676 INFO::Fitting model to feature number 1359, maxbin_ERR12405996.027
2025-11-26 17:52:19.648469 INFO::Fitting model to feature number 1360, maxbin_SRR25825512.008
2025-11-26 17:52:19.673991 INFO::Fitting model to feature number 1361, metabat_SRR6000893.52
2025-11-26 17:52:19.705076 INFO::Fitting model to feature number 1362, metabat_SRR13022393.14
2025-11-26 17:52:19.732573 INFO::Fitting model to feature number 1363, semibin_ERR6275684.8
2025-11-26 17:52:19.764355 INFO::Fitting model to feature number 1364, metabat_ERR12405991.26
2025-11-26 17:52:19.80706 INFO::Fitting model to feature number 1365, maxbin_ERR6279677.002
2025-11-26 17:52:19.835992 INFO::Fitting model to feature number 1366, semibin_SRR13068851.47
2025-11-26 17:52:19.861168 INFO::Fitting model to feature number 1367, maxbin_ERR6275666.011_sub
2025-11-26 17:52:19.887902 INFO::Fitting model to feature number 1368, metabat_SRR5930534.16
2025-11-26 17:52:19.91428 INFO::Fitting model to feature number 1369, semibin_SRR11413655.121
2025-11-26 17:52:19.939643 INFO::Fitting model to feature number 1370, semibin_ERR12405947.46
2025-11-26 17:52:19.966202 INFO::Fitting model to feature number 1371, metabat_ERR6232522.25
2025-11-26 17:52:19.992371 INFO::Fitting model to feature number 1372, semibin_ERR6232425.34
2025-11-26 17:52:20.026027 INFO::Fitting model to feature number 1373, semibin_SRR6000899.37
2025-11-26 17:52:20.05266 INFO::Fitting model to feature number 1374, semibin_SRR5930534.11
2025-11-26 17:52:20.081459 INFO::Fitting model to feature number 1375, semibin_ERR6232525.11
2025-11-26 17:52:20.107932 INFO::Fitting model to feature number 1376, metabat_SRR13022409.1
2025-11-26 17:52:20.132466 INFO::Fitting model to feature number 1377, semibin_SRR11413609.0
2025-11-26 17:52:20.158323 INFO::Fitting model to feature number 1378, semibin_SRR25825494.13
2025-11-26 17:52:20.184054 INFO::Fitting model to feature number 1379, semibin_ERR6275679.36
2025-11-26 17:52:20.209976 INFO::Fitting model to feature number 1380, semibin_ERR12405918.19
2025-11-26 17:52:20.23529 INFO::Fitting model to feature number 1381, metabat_SRR11413679.36
2025-11-26 17:52:20.261279 INFO::Fitting model to feature number 1382, semibin_ERR12405998.20
2025-11-26 17:52:20.286407 INFO::Fitting model to feature number 1383, semibin_ERR12405940.4
2025-11-26 17:52:20.31173 INFO::Fitting model to feature number 1384, maxbin_ERR6271719.005_sub
2025-11-26 17:52:20.346517 INFO::Fitting model to feature number 1385, semibin_ERR6279654.47
2025-11-26 17:52:20.373122 INFO::Fitting model to feature number 1386, metabat_ERR6281448.20
2025-11-26 17:52:20.400203 INFO::Fitting model to feature number 1387, semibin_SRR8387683.51
2025-11-26 17:52:20.426669 INFO::Fitting model to feature number 1388, maxbin_SRR11413618.048
2025-11-26 17:52:20.452185 INFO::Fitting model to feature number 1389, metabat_ERR6232686.11
2025-11-26 17:52:20.478209 INFO::Fitting model to feature number 1390, metabat_SRR13068850.8
2025-11-26 17:52:20.504222 INFO::Fitting model to feature number 1391, metabat_SRR16168985.46
2025-11-26 17:52:20.5482 INFO::Fitting model to feature number 1392, semibin_SRR16554775.18
2025-11-26 17:52:20.574334 INFO::Fitting model to feature number 1393, semibin_SRR16554636.21_sub
2025-11-26 17:52:20.599295 INFO::Fitting model to feature number 1394, metabat_ERR6281751.26_sub
2025-11-26 17:52:20.625469 INFO::Fitting model to feature number 1395, semibin_ERR6282383.17
2025-11-26 17:52:20.658559 INFO::Fitting model to feature number 1396, semibin_SRR11413646.21
2025-11-26 17:52:20.683571 INFO::Fitting model to feature number 1397, semibin_SRR5930498.62_sub
2025-11-26 17:52:20.712811 INFO::Fitting model to feature number 1398, metabat_SRR5930501.50
2025-11-26 17:52:20.738221 INFO::Fitting model to feature number 1399, maxbin_ERR12405928.007_sub
2025-11-26 17:52:20.764581 INFO::Fitting model to feature number 1400, maxbin_SRR23364240.007
2025-11-26 17:52:20.790839 INFO::Fitting model to feature number 1401, maxbin_ERR12406010.010
2025-11-26 17:52:20.815993 INFO::Fitting model to feature number 1402, maxbin_SRR11413655.007
2025-11-26 17:52:20.842323 INFO::Fitting model to feature number 1403, maxbin_SRR16554774.005
2025-11-26 17:52:20.868038 INFO::Fitting model to feature number 1404, semibin_SRR5930523.43
2025-11-26 17:52:20.892852 INFO::Fitting model to feature number 1405, metabat_ERR12405940.14
2025-11-26 17:52:20.919118 INFO::Fitting model to feature number 1406, metabat_SRR11413614.28
2025-11-26 17:52:20.945732 INFO::Fitting model to feature number 1407, semibin_SRR13068834.14_sub
2025-11-26 17:52:20.978453 INFO::Fitting model to feature number 1408, semibin_SRR25825509.16
2025-11-26 17:52:21.005159 INFO::Fitting model to feature number 1409, metabat_ERR6275665.22_sub
2025-11-26 17:52:21.034189 INFO::Fitting model to feature number 1410, metabat_ERR6239138.15
2025-11-26 17:52:21.061094 INFO::Fitting model to feature number 1411, semibin_ERR6279619.36
2025-11-26 17:52:21.086572 INFO::Fitting model to feature number 1412, metabat_SRR11413685.37
2025-11-26 17:52:21.113632 INFO::Fitting model to feature number 1413, metabat_ERR6275673.39
2025-11-26 17:52:21.139876 INFO::Fitting model to feature number 1414, semibin_ERR6275666.11
2025-11-26 17:52:21.166096 INFO::Fitting model to feature number 1415, maxbin_ERR2162222.008
2025-11-26 17:52:21.192528 INFO::Fitting model to feature number 1416, metabat_SRR16554705.23
2025-11-26 17:52:21.218445 INFO::Fitting model to feature number 1417, maxbin_SRR13068846.008
2025-11-26 17:52:21.244136 INFO::Fitting model to feature number 1418, semibin_SRR16168974.22
2025-11-26 17:52:21.295675 INFO::Fitting model to feature number 1419, semibin_ERR6282070.31
2025-11-26 17:52:21.322206 INFO::Fitting model to feature number 1420, semibin_SRR16554762.18
2025-11-26 17:52:21.348601 INFO::Fitting model to feature number 1421, semibin_ERR6239138.20
2025-11-26 17:52:21.374107 INFO::Fitting model to feature number 1422, maxbin_SRR11413655.004
2025-11-26 17:52:21.39939 INFO::Fitting model to feature number 1423, maxbin_SRR20881981.003
2025-11-26 17:52:21.425277 INFO::Fitting model to feature number 1424, metabat_SRR20881977.25_sub
2025-11-26 17:52:21.451188 INFO::Fitting model to feature number 1425, semibin_ERR12405982.7
2025-11-26 17:52:21.476876 INFO::Fitting model to feature number 1426, semibin_SRR20881984.71
2025-11-26 17:52:21.50288 INFO::Fitting model to feature number 1427, metabat_SRR20881980.15_sub
2025-11-26 17:52:21.529252 INFO::Fitting model to feature number 1428, metabat_ERR6275675.41
2025-11-26 17:52:21.555023 INFO::Fitting model to feature number 1429, metabat_SRR5930526.60_sub
2025-11-26 17:52:21.587807 INFO::Fitting model to feature number 1430, semibin_ERR12405952.12
2025-11-26 17:52:21.617206 INFO::Fitting model to feature number 1431, metabat_ERR12405967.50
2025-11-26 17:52:21.643927 INFO::Fitting model to feature number 1432, metabat_SRR25825516.7
2025-11-26 17:52:21.670594 INFO::Fitting model to feature number 1433, maxbin_SRR16554762.009
2025-11-26 17:52:21.696558 INFO::Fitting model to feature number 1434, semibin_ERR6232521.17
2025-11-26 17:52:21.721939 INFO::Fitting model to feature number 1435, semibin_SRR11413684.68
2025-11-26 17:52:21.747874 INFO::Fitting model to feature number 1436, maxbin_SRR16554718.002
2025-11-26 17:52:21.775125 INFO::Fitting model to feature number 1437, metabat_SRR20881974.5
2025-11-26 17:52:21.803943 INFO::Fitting model to feature number 1438, maxbin_SRR25825495.015_sub
2025-11-26 17:52:21.830879 INFO::Fitting model to feature number 1439, metabat_SRR8387681.3
2025-11-26 17:52:21.857419 INFO::Fitting model to feature number 1440, metabat_SRR11413689.19
2025-11-26 17:52:21.888541 INFO::Fitting model to feature number 1441, metabat_ERR6279664.50
2025-11-26 17:52:21.915961 INFO::Fitting model to feature number 1442, metabat_SRR16554652.36_sub
2025-11-26 17:52:21.944558 INFO::Fitting model to feature number 1443, metabat_SRR16554749.32
2025-11-26 17:52:21.969801 INFO::Fitting model to feature number 1444, semibin_SRR8387707.12
2025-11-26 17:52:21.995313 INFO::Fitting model to feature number 1445, metabat_ERR6279683.18
2025-11-26 17:52:22.039264 INFO::Fitting model to feature number 1446, maxbin_ERR12405986.012
2025-11-26 17:52:22.065741 INFO::Fitting model to feature number 1447, metabat_SRR20881976.34_sub
2025-11-26 17:52:22.091772 INFO::Fitting model to feature number 1448, semibin_ERR6279677.59_sub
2025-11-26 17:52:22.117254 INFO::Fitting model to feature number 1449, semibin_SRR5930513.29
2025-11-26 17:52:22.144041 INFO::Fitting model to feature number 1450, maxbin_SRR5930517.014_sub
2025-11-26 17:52:22.170029 INFO::Fitting model to feature number 1451, metabat_SRR5930515.8
2025-11-26 17:52:22.201733 INFO::Fitting model to feature number 1452, maxbin_SRR5930517.016_sub
2025-11-26 17:52:22.22835 INFO::Fitting model to feature number 1453, semibin_SRR8387691.37
2025-11-26 17:52:22.25644 INFO::Fitting model to feature number 1454, semibin_SRR6000946.20_sub
2025-11-26 17:52:22.281996 INFO::Fitting model to feature number 1455, semibin_ERR12405952.2
2025-11-26 17:52:22.308112 INFO::Fitting model to feature number 1456, semibin_SRR16554625.29
2025-11-26 17:52:22.334112 INFO::Fitting model to feature number 1457, semibin_ERR6232529.40
2025-11-26 17:52:22.3589 INFO::Fitting model to feature number 1458, maxbin_SRR13068822.004
2025-11-26 17:52:22.384392 INFO::Fitting model to feature number 1459, metabat_SRR25825506.38
2025-11-26 17:52:22.410327 INFO::Fitting model to feature number 1460, semibin_ERR6231475.0
2025-11-26 17:52:22.435884 INFO::Fitting model to feature number 1461, semibin_SRR5930510.20_sub
2025-11-26 17:52:22.461775 INFO::Fitting model to feature number 1462, semibin_ERR12405997.60
2025-11-26 17:52:22.498751 INFO::Fitting model to feature number 1463, semibin_ERR6232688.10
2025-11-26 17:52:22.52687 INFO::Fitting model to feature number 1464, metabat_SRR16554724.5
2025-11-26 17:52:22.55247 INFO::Fitting model to feature number 1465, maxbin_ERR6275670.004
2025-11-26 17:52:22.579462 INFO::Fitting model to feature number 1466, maxbin_ERR6279629.009
2025-11-26 17:52:22.605033 INFO::Fitting model to feature number 1467, metabat_SRR16554636.19
2025-11-26 17:52:22.630804 INFO::Fitting model to feature number 1468, maxbin_SRR11413686.007
2025-11-26 17:52:22.65675 INFO::Fitting model to feature number 1469, maxbin_SRR16554667.012
2025-11-26 17:52:22.682904 INFO::Fitting model to feature number 1470, semibin_ERR12405937.0_sub
2025-11-26 17:52:22.707841 INFO::Fitting model to feature number 1471, semibin_ERR6232523.16
2025-11-26 17:52:22.734292 INFO::Fitting model to feature number 1472, maxbin_SRR20881977.008
2025-11-26 17:52:22.778581 INFO::Fitting model to feature number 1473, metabat_ERR6275684.9
2025-11-26 17:52:22.816389 INFO::Fitting model to feature number 1474, maxbin_SRR16554749.005
2025-11-26 17:52:22.844423 INFO::Fitting model to feature number 1475, semibin_ERR6232425.16
2025-11-26 17:52:22.870641 INFO::Fitting model to feature number 1476, semibin_SRR16554638.21
2025-11-26 17:52:22.89697 INFO::Fitting model to feature number 1477, metabat_SRR13068824.46
2025-11-26 17:52:22.922485 INFO::Fitting model to feature number 1478, metabat_ERR12405967.21
2025-11-26 17:52:22.947704 INFO::Fitting model to feature number 1479, metabat_ERR6243879.8
2025-11-26 17:52:22.973692 INFO::Fitting model to feature number 1480, semibin_SRR16554647.24
2025-11-26 17:52:22.999818 INFO::Fitting model to feature number 1481, metabat_SRR20881980.9_sub
2025-11-26 17:52:23.024768 INFO::Fitting model to feature number 1482, semibin_SRR25825504.54
2025-11-26 17:52:23.051342 INFO::Fitting model to feature number 1483, semibin_SRR23364172.8_sub
2025-11-26 17:52:23.076765 INFO::Fitting model to feature number 1484, maxbin_ERR12405998.016_sub
2025-11-26 17:52:23.101287 INFO::Fitting model to feature number 1485, metabat_ERR12405961.20_sub
2025-11-26 17:52:23.137726 INFO::Fitting model to feature number 1486, semibin_SRR5930510.47_sub
2025-11-26 17:52:23.167203 INFO::Fitting model to feature number 1487, metabat_ERR6281341.65
2025-11-26 17:52:23.191974 INFO::Fitting model to feature number 1488, metabat_ERR6232524.1_sub
2025-11-26 17:52:23.223597 INFO::Fitting model to feature number 1489, metabat_SRR25825516.25_sub
2025-11-26 17:52:23.249176 INFO::Fitting model to feature number 1490, metabat_ERR6279658.9
2025-11-26 17:52:23.273979 INFO::Fitting model to feature number 1491, semibin_SRR5930517.80
2025-11-26 17:52:23.301203 INFO::Fitting model to feature number 1492, metabat_ERR6279647.52
2025-11-26 17:52:23.329731 INFO::Fitting model to feature number 1493, semibin_SRR5930518.165_sub
2025-11-26 17:52:23.357605 INFO::Fitting model to feature number 1494, semibin_SRR11413652.29
2025-11-26 17:52:23.384947 INFO::Fitting model to feature number 1495, maxbin_SRR8387676.033_sub
2025-11-26 17:52:23.411418 INFO::Fitting model to feature number 1496, metabat_SRR16554749.2
2025-11-26 17:52:23.454283 INFO::Fitting model to feature number 1497, semibin_SRR11413612.43_sub
2025-11-26 17:52:23.483904 INFO::Fitting model to feature number 1498, maxbin_SRR16554766.008
2025-11-26 17:52:23.510402 INFO::Fitting model to feature number 1499, metabat_SRR20881976.14
2025-11-26 17:52:23.553965 INFO::Fitting model to feature number 1500, semibin_SRR16554644.20
2025-11-26 17:52:23.580148 INFO::Fitting model to feature number 1501, metabat_SRR25825502.64
2025-11-26 17:52:23.605512 INFO::Fitting model to feature number 1502, metabat_SRR5930515.56
2025-11-26 17:52:23.630672 INFO::Fitting model to feature number 1503, semibin_SRR5930517.13
2025-11-26 17:52:23.657036 INFO::Fitting model to feature number 1504, metabat_ERR12405913.30
2025-11-26 17:52:23.683326 INFO::Fitting model to feature number 1505, metabat_ERR6279655.36
2025-11-26 17:52:23.708297 INFO::Fitting model to feature number 1506, metabat_SRR16554665.11
2025-11-26 17:52:23.734436 INFO::Fitting model to feature number 1507, maxbin_SRR25825495.001
2025-11-26 17:52:23.771274 INFO::Fitting model to feature number 1508, semibin_SRR11413652.75
2025-11-26 17:52:23.796647 INFO::Fitting model to feature number 1509, metabat_SRR13022331.11
2025-11-26 17:52:23.824539 INFO::Fitting model to feature number 1510, metabat_SRR16168926.8
2025-11-26 17:52:23.850457 INFO::Fitting model to feature number 1511, semibin_ERR6235716.2
2025-11-26 17:52:23.87465 INFO::Fitting model to feature number 1512, metabat_SRR16554638.9
2025-11-26 17:52:23.900634 INFO::Fitting model to feature number 1513, semibin_ERR6279648.5
2025-11-26 17:52:23.925826 INFO::Fitting model to feature number 1514, semibin_SRR5930498.69
2025-11-26 17:52:23.952037 INFO::Fitting model to feature number 1515, maxbin_ERR6279620.003
2025-11-26 17:52:23.977936 INFO::Fitting model to feature number 1516, metabat_SRR16554627.25
2025-11-26 17:52:24.003203 INFO::Fitting model to feature number 1517, maxbin_SRR5930534.011
2025-11-26 17:52:24.028559 INFO::Fitting model to feature number 1518, metabat_SRR25825500.3
2025-11-26 17:52:24.054574 INFO::Fitting model to feature number 1519, semibin_SRR23364178.13
2025-11-26 17:52:24.090895 INFO::Fitting model to feature number 1520, metabat_SRR5930530.66
2025-11-26 17:52:24.116634 INFO::Fitting model to feature number 1521, semibin_SRR5930504.41
2025-11-26 17:52:24.142986 INFO::Fitting model to feature number 1522, maxbin_SRR13068838.005
2025-11-26 17:52:24.167896 INFO::Fitting model to feature number 1523, maxbin_SRR23364177.015
2025-11-26 17:52:24.193265 INFO::Fitting model to feature number 1524, metabat_SRR16554780.7_sub
2025-11-26 17:52:24.219458 INFO::Fitting model to feature number 1525, metabat_SRR20881979.28
2025-11-26 17:52:24.245375 INFO::Fitting model to feature number 1526, semibin_ERR6279672.11_sub
2025-11-26 17:52:24.289993 INFO::Fitting model to feature number 1527, metabat_SRR5930528.57_sub
2025-11-26 17:52:24.31543 INFO::Fitting model to feature number 1528, semibin_ERR6275675.86
2025-11-26 17:52:24.353859 INFO::Fitting model to feature number 1529, metabat_ERR6279654.19
2025-11-26 17:52:24.38244 INFO::Fitting model to feature number 1530, maxbin_SRR11413607.012
2025-11-26 17:52:24.407862 INFO::Fitting model to feature number 1531, maxbin_SRR13068823.001
2025-11-26 17:52:24.434939 INFO::Fitting model to feature number 1532, semibin_ERR12405998.55
2025-11-26 17:52:24.461168 INFO::Fitting model to feature number 1533, semibin_ERR6233695.19
2025-11-26 17:52:24.486885 INFO::Fitting model to feature number 1534, semibin_ERR6280948.9
2025-11-26 17:52:24.514569 INFO::Fitting model to feature number 1535, semibin_SRR16168986.51
2025-11-26 17:52:24.54097 INFO::Fitting model to feature number 1536, semibin_ERR6279656.46
2025-11-26 17:52:24.567019 INFO::Fitting model to feature number 1537, semibin_ERR6279654.8
2025-11-26 17:52:24.592953 INFO::Fitting model to feature number 1538, semibin_SRR5930507.158
2025-11-26 17:52:24.618878 INFO::Fitting model to feature number 1539, maxbin_SRR11413615.008
2025-11-26 17:52:24.647828 INFO::Fitting model to feature number 1540, semibin_SRR11413608.52
2025-11-26 17:52:24.678538 INFO::Fitting model to feature number 1541, semibin_ERR6239138.5
2025-11-26 17:52:24.707863 INFO::Fitting model to feature number 1542, metabat_ERR12405922.1
2025-11-26 17:52:24.734687 INFO::Fitting model to feature number 1543, maxbin_ERR6275668.004
2025-11-26 17:52:24.766027 INFO::Fitting model to feature number 1544, metabat_SRR16554650.26
2025-11-26 17:52:24.79668 INFO::Fitting model to feature number 1545, metabat_SRR11413610.67
2025-11-26 17:52:24.822554 INFO::Fitting model to feature number 1546, semibin_ERR6275659.47
2025-11-26 17:52:24.847894 INFO::Fitting model to feature number 1547, metabat_SRR5930532.1_sub
2025-11-26 17:52:24.873664 INFO::Fitting model to feature number 1548, semibin_ERR6271719.38
2025-11-26 17:52:24.898714 INFO::Fitting model to feature number 1549, maxbin_ERR6231475.003
2025-11-26 17:52:24.923639 INFO::Fitting model to feature number 1550, maxbin_ERR6279682.017
2025-11-26 17:52:24.948876 INFO::Fitting model to feature number 1551, metabat_SRR13068840.4
2025-11-26 17:52:24.980922 INFO::Fitting model to feature number 1552, semibin_SRR8387712.33
2025-11-26 17:52:25.010232 INFO::Fitting model to feature number 1553, maxbin_ERR6279679.046
2025-11-26 17:52:25.055721 INFO::Fitting model to feature number 1554, maxbin_ERR6279678.007
2025-11-26 17:52:25.081892 INFO::Fitting model to feature number 1555, semibin_SRR5930502.38
2025-11-26 17:52:25.107112 INFO::Fitting model to feature number 1556, maxbin_ERR12405913.017
2025-11-26 17:52:25.135889 INFO::Fitting model to feature number 1557, semibin_SRR25825505.11
2025-11-26 17:52:25.163512 INFO::Fitting model to feature number 1558, metabat_ERR6279674.8_sub
2025-11-26 17:52:25.190186 INFO::Fitting model to feature number 1559, metabat_ERR6275681.15_sub
2025-11-26 17:52:25.215211 INFO::Fitting model to feature number 1560, semibin_SRR11413613.43
2025-11-26 17:52:25.241608 INFO::Fitting model to feature number 1561, semibin_ERR6275680.98
2025-11-26 17:52:25.267528 INFO::Fitting model to feature number 1562, semibin_SRR16168900.48
2025-11-26 17:52:25.29304 INFO::Fitting model to feature number 1563, semibin_SRR6000903.16
2025-11-26 17:52:25.324681 INFO::Fitting model to feature number 1564, metabat_SRR13068828.35
2025-11-26 17:52:25.356148 INFO::Fitting model to feature number 1565, metabat_SRR25825493.23
2025-11-26 17:52:25.384157 INFO::Fitting model to feature number 1566, maxbin_ERR12406003.005
2025-11-26 17:52:25.410667 INFO::Fitting model to feature number 1567, semibin_SRR11413611.89
2025-11-26 17:52:25.435684 INFO::Fitting model to feature number 1568, metabat_SRR13068834.12
2025-11-26 17:52:25.461393 INFO::Fitting model to feature number 1569, semibin_ERR6279670.187
2025-11-26 17:52:25.487443 INFO::Fitting model to feature number 1570, maxbin_ERR6279654.009_sub
2025-11-26 17:52:25.512829 INFO::Fitting model to feature number 1571, metabat_SRR6000908.20
2025-11-26 17:52:25.537646 INFO::Fitting model to feature number 1572, maxbin_SRR20881977.021
2025-11-26 17:52:25.563221 INFO::Fitting model to feature number 1573, semibin_SRR20881978.16
2025-11-26 17:52:25.588314 INFO::Fitting model to feature number 1574, semibin_ERR6275670.117
2025-11-26 17:52:25.612985 INFO::Fitting model to feature number 1575, maxbin_ERR12405948.006
2025-11-26 17:52:25.645306 INFO::Fitting model to feature number 1576, semibin_ERR12405968.34
2025-11-26 17:52:25.672857 INFO::Fitting model to feature number 1577, semibin_SRR11413683.123
2025-11-26 17:52:25.700753 INFO::Fitting model to feature number 1578, semibin_SRR5930493.130
2025-11-26 17:52:25.727257 INFO::Fitting model to feature number 1579, maxbin_SRR13068842.001
2025-11-26 17:52:25.75204 INFO::Fitting model to feature number 1580, maxbin_SRR16554660.011
2025-11-26 17:52:25.795549 INFO::Fitting model to feature number 1581, maxbin_SRR5930531.010
2025-11-26 17:52:25.82175 INFO::Fitting model to feature number 1582, metabat_ERR6280899.76
2025-11-26 17:52:25.847408 INFO::Fitting model to feature number 1583, metabat_SRR13068815.24
2025-11-26 17:52:25.871768 INFO::Fitting model to feature number 1584, semibin_ERR12405966.12
2025-11-26 17:52:25.895365 INFO::Fitting model to feature number 1585, semibin_SRR11413648.37
2025-11-26 17:52:25.921485 INFO::Fitting model to feature number 1586, semibin_SRR13068827.108
2025-11-26 17:52:25.951925 INFO::Fitting model to feature number 1587, maxbin_ERR6275682.008
2025-11-26 17:52:25.977184 INFO::Fitting model to feature number 1588, maxbin_SRR13068823.022_sub
2025-11-26 17:52:26.005657 INFO::Fitting model to feature number 1589, semibin_SRR11413688.26
2025-11-26 17:52:26.030223 INFO::Fitting model to feature number 1590, metabat_SRR16554778.1_sub
2025-11-26 17:52:26.056198 INFO::Fitting model to feature number 1591, metabat_ERR6281499.44
2025-11-26 17:52:26.081298 INFO::Fitting model to feature number 1592, maxbin_ERR6232527.031_sub
2025-11-26 17:52:26.106189 INFO::Fitting model to feature number 1593, metabat_SRR16554681.16
2025-11-26 17:52:26.131364 INFO::Fitting model to feature number 1594, metabat_ERR6279671.45
2025-11-26 17:52:26.156573 INFO::Fitting model to feature number 1595, semibin_SRR23364206.22
2025-11-26 17:52:26.182073 INFO::Fitting model to feature number 1596, semibin_ERR12405928.63
2025-11-26 17:52:26.208845 INFO::Fitting model to feature number 1597, semibin_SRR16554681.22
2025-11-26 17:52:26.237988 INFO::Fitting model to feature number 1598, metabat_SRR13022432.6
2025-11-26 17:52:26.268627 INFO::Fitting model to feature number 1599, metabat_ERR6239139.34_sub
2025-11-26 17:52:26.301827 INFO::Fitting model to feature number 1600, semibin_SRR11413681.27
2025-11-26 17:52:26.330268 INFO::Fitting model to feature number 1601, semibin_ERR12406001.48
2025-11-26 17:52:26.35542 INFO::Fitting model to feature number 1602, metabat_SRR16554631.3
2025-11-26 17:52:26.380696 INFO::Fitting model to feature number 1603, maxbin_SRR6000892.009
2025-11-26 17:52:26.404885 INFO::Fitting model to feature number 1604, metabat_ERR6254870.29
2025-11-26 17:52:26.430157 INFO::Fitting model to feature number 1605, maxbin_SRR13068847.003
2025-11-26 17:52:26.455308 INFO::Fitting model to feature number 1606, semibin_ERR12405992.57
2025-11-26 17:52:26.479656 INFO::Fitting model to feature number 1607, metabat_SRR25825501.63
2025-11-26 17:52:26.52582 INFO::Fitting model to feature number 1608, metabat_SRR23364202.16
2025-11-26 17:52:26.555247 INFO::Fitting model to feature number 1609, metabat_SRR11413649.53_sub
2025-11-26 17:52:26.584304 INFO::Fitting model to feature number 1610, semibin_ERR6279622.112
2025-11-26 17:52:26.609503 INFO::Fitting model to feature number 1611, semibin_ERR6232525.9
2025-11-26 17:52:26.63643 INFO::Fitting model to feature number 1612, semibin_SRR25825504.31
2025-11-26 17:52:26.66276 INFO::Fitting model to feature number 1613, metabat_SRR25825502.47
2025-11-26 17:52:26.687869 INFO::Fitting model to feature number 1614, semibin_SRR16554630.22
2025-11-26 17:52:26.713904 INFO::Fitting model to feature number 1615, metabat_ERR6275663.3_sub
2025-11-26 17:52:26.740011 INFO::Fitting model to feature number 1616, semibin_SRR16554750.26
2025-11-26 17:52:26.765174 INFO::Fitting model to feature number 1617, semibin_ERR12405973.32
2025-11-26 17:52:26.7915 INFO::Fitting model to feature number 1618, semibin_SRR13068816.17_sub
2025-11-26 17:52:26.817089 INFO::Fitting model to feature number 1619, metabat_ERR6275671.17_sub
2025-11-26 17:52:26.844447 INFO::Fitting model to feature number 1620, semibin_ERR12405979.43_sub
2025-11-26 17:52:26.874372 INFO::Fitting model to feature number 1621, metabat_ERR6243879.13
2025-11-26 17:52:26.899312 INFO::Fitting model to feature number 1622, semibin_SRR13068829.41
2025-11-26 17:52:26.928271 INFO::Fitting model to feature number 1623, metabat_SRR16554757.15_sub
2025-11-26 17:52:26.954317 INFO::Fitting model to feature number 1624, semibin_SRR8387681.97
2025-11-26 17:52:26.979145 INFO::Fitting model to feature number 1625, semibin_SRR13068822.60
2025-11-26 17:52:27.00536 INFO::Fitting model to feature number 1626, semibin_ERR6279649.25
2025-11-26 17:52:27.029937 INFO::Fitting model to feature number 1627, semibin_ERR12405916.52
2025-11-26 17:52:27.055744 INFO::Fitting model to feature number 1628, metabat_SRR8387683.37
2025-11-26 17:52:27.081073 INFO::Fitting model to feature number 1629, maxbin_ERR6281448.004_sub
2025-11-26 17:52:27.105989 INFO::Fitting model to feature number 1630, semibin_ERR6279675.31
2025-11-26 17:52:27.131757 INFO::Fitting model to feature number 1631, semibin_ERR6279669.146
2025-11-26 17:52:27.162137 INFO::Fitting model to feature number 1632, maxbin_SRR16554769.014_sub
2025-11-26 17:52:27.18918 INFO::Fitting model to feature number 1633, maxbin_ERR12406005.003
2025-11-26 17:52:27.218416 INFO::Fitting model to feature number 1634, semibin_SRR16554732.21_sub
2025-11-26 17:52:27.270303 INFO::Fitting model to feature number 1635, maxbin_SRR5930493.011
2025-11-26 17:52:27.296536 INFO::Fitting model to feature number 1636, semibin_ERR6231616.45
2025-11-26 17:52:27.321839 INFO::Fitting model to feature number 1637, metabat_SRR13068852.52
2025-11-26 17:52:27.347726 INFO::Fitting model to feature number 1638, metabat_SRR5930519.9
2025-11-26 17:52:27.373865 INFO::Fitting model to feature number 1639, semibin_SRR6000907.58
2025-11-26 17:52:27.398689 INFO::Fitting model to feature number 1640, semibin_SRR13068813.2
2025-11-26 17:52:27.424665 INFO::Fitting model to feature number 1641, semibin_SRR16554714.52
2025-11-26 17:52:27.45692 INFO::Fitting model to feature number 1642, semibin_SRR11413610.13
2025-11-26 17:52:27.482969 INFO::Fitting model to feature number 1643, semibin_SRR25825513.29
2025-11-26 17:52:27.513406 INFO::Fitting model to feature number 1644, metabat_SRR5930527.17
2025-11-26 17:52:27.541261 INFO::Fitting model to feature number 1645, semibin_SRR5930508.186
2025-11-26 17:52:27.567108 INFO::Fitting model to feature number 1646, metabat_SRR13068843.54
2025-11-26 17:52:27.593062 INFO::Fitting model to feature number 1647, semibin_SRR16168929.7
2025-11-26 17:52:27.61802 INFO::Fitting model to feature number 1648, semibin_SRR16554678.8
2025-11-26 17:52:27.643781 INFO::Fitting model to feature number 1649, metabat_ERR12405984.6
2025-11-26 17:52:27.669412 INFO::Fitting model to feature number 1650, maxbin_ERR6232688.004
2025-11-26 17:52:27.694732 INFO::Fitting model to feature number 1651, metabat_ERR6281341.18_sub
2025-11-26 17:52:27.720886 INFO::Fitting model to feature number 1652, metabat_ERR6243878.31
2025-11-26 17:52:27.75051 INFO::Fitting model to feature number 1653, metabat_SRR5930536.61_sub
2025-11-26 17:52:27.778291 INFO::Fitting model to feature number 1654, maxbin_SRR20881983.026_sub
2025-11-26 17:52:27.808244 INFO::Fitting model to feature number 1655, maxbin_SRR11413691.019
2025-11-26 17:52:27.832906 INFO::Fitting model to feature number 1656, semibin_SRR8387683.9
2025-11-26 17:52:27.858531 INFO::Fitting model to feature number 1657, semibin_ERR12405918.22
2025-11-26 17:52:27.88399 INFO::Fitting model to feature number 1658, maxbin_SRR16168976.016_sub
2025-11-26 17:52:27.908614 INFO::Fitting model to feature number 1659, maxbin_SRR25825518.003
2025-11-26 17:52:27.933934 INFO::Fitting model to feature number 1660, semibin_ERR6281343.49
2025-11-26 17:52:27.958719 INFO::Fitting model to feature number 1661, semibin_SRR11413612.49
2025-11-26 17:52:28.003419 INFO::Fitting model to feature number 1662, maxbin_SRR16168943.001
2025-11-26 17:52:28.027542 INFO::Fitting model to feature number 1663, maxbin_SRR6000909.031
2025-11-26 17:52:28.060401 INFO::Fitting model to feature number 1664, semibin_SRR20881979.2
2025-11-26 17:52:28.087661 INFO::Fitting model to feature number 1665, semibin_SRR11413654.34
2025-11-26 17:52:28.1139 INFO::Fitting model to feature number 1666, metabat_SRR16554728.7
2025-11-26 17:52:28.139777 INFO::Fitting model to feature number 1667, metabat_SRR23364206.11
2025-11-26 17:52:28.164919 INFO::Fitting model to feature number 1668, semibin_SRR5930527.102_sub
2025-11-26 17:52:28.190955 INFO::Fitting model to feature number 1669, semibin_SRR5930518.29
2025-11-26 17:52:28.217297 INFO::Fitting model to feature number 1670, semibin_ERR6233694.18
2025-11-26 17:52:28.243097 INFO::Fitting model to feature number 1671, maxbin_SRR16554776.005_sub
2025-11-26 17:52:28.268791 INFO::Fitting model to feature number 1672, semibin_ERR12405920.23
2025-11-26 17:52:28.29435 INFO::Fitting model to feature number 1673, semibin_ERR6281505.66
2025-11-26 17:52:28.319228 INFO::Fitting model to feature number 1674, maxbin_ERR6275652.002_sub
2025-11-26 17:52:28.345176 INFO::Fitting model to feature number 1675, semibin_ERR6279629.17
2025-11-26 17:52:28.375154 INFO::Fitting model to feature number 1676, maxbin_SRR16554787.013
2025-11-26 17:52:28.401724 INFO::Fitting model to feature number 1677, metabat_ERR6232526.9
2025-11-26 17:52:28.429102 INFO::Fitting model to feature number 1678, semibin_ERR6279659.15
2025-11-26 17:52:28.45575 INFO::Fitting model to feature number 1679, metabat_SRR11413689.56
2025-11-26 17:52:28.481908 INFO::Fitting model to feature number 1680, semibin_SRR16554756.21
2025-11-26 17:52:28.506643 INFO::Fitting model to feature number 1681, maxbin_ERR6235718.012
2025-11-26 17:52:28.53259 INFO::Fitting model to feature number 1682, metabat_SRR5930503.76
2025-11-26 17:52:28.55752 INFO::Fitting model to feature number 1683, metabat_SRR20881986.9_sub
2025-11-26 17:52:28.581955 INFO::Fitting model to feature number 1684, semibin_ERR6279655.59
2025-11-26 17:52:28.607737 INFO::Fitting model to feature number 1685, metabat_ERR6275659.2
2025-11-26 17:52:28.632444 INFO::Fitting model to feature number 1686, maxbin_SRR6000912.014
2025-11-26 17:52:28.657371 INFO::Fitting model to feature number 1687, metabat_SRR5930511.29_sub
2025-11-26 17:52:28.693203 INFO::Fitting model to feature number 1688, maxbin_SRR13068835.009
2025-11-26 17:52:28.742014 INFO::Fitting model to feature number 1689, metabat_ERR6243880.58
2025-11-26 17:52:28.767178 INFO::Fitting model to feature number 1690, metabat_ERR6279629.20
2025-11-26 17:52:28.792862 INFO::Fitting model to feature number 1691, metabat_ERR6271721.70
2025-11-26 17:52:28.818421 INFO::Fitting model to feature number 1692, metabat_ERR6281000.76_sub
2025-11-26 17:52:28.84281 INFO::Fitting model to feature number 1693, metabat_SRR16554771.7_sub
2025-11-26 17:52:28.868706 INFO::Fitting model to feature number 1694, maxbin_SRR16554763.011
2025-11-26 17:52:28.89382 INFO::Fitting model to feature number 1695, semibin_ERR12405983.42
2025-11-26 17:52:28.91993 INFO::Fitting model to feature number 1696, semibin_ERR12405992.1
2025-11-26 17:52:28.946021 INFO::Fitting model to feature number 1697, semibin_ERR6281342.9
2025-11-26 17:52:28.975613 INFO::Fitting model to feature number 1698, maxbin_SRR16554785.015
2025-11-26 17:52:29.005635 INFO::Fitting model to feature number 1699, metabat_ERR6275666.56
2025-11-26 17:52:29.035467 INFO::Fitting model to feature number 1700, metabat_SRR11413611.38
2025-11-26 17:52:29.060057 INFO::Fitting model to feature number 1701, semibin_SRR11413683.16
2025-11-26 17:52:29.086499 INFO::Fitting model to feature number 1702, maxbin_SRR16168938.002
2025-11-26 17:52:29.111757 INFO::Fitting model to feature number 1703, metabat_SRR25825500.41_sub
2025-11-26 17:52:29.137232 INFO::Fitting model to feature number 1704, semibin_SRR5930526.142
2025-11-26 17:52:29.163062 INFO::Fitting model to feature number 1705, semibin_ERR6230245.17
2025-11-26 17:52:29.188509 INFO::Fitting model to feature number 1706, semibin_SRR11413645.160
2025-11-26 17:52:29.214436 INFO::Fitting model to feature number 1707, metabat_SRR13068845.7_sub
2025-11-26 17:52:29.240164 INFO::Fitting model to feature number 1708, semibin_ERR6267712.33
2025-11-26 17:52:29.267711 INFO::Fitting model to feature number 1709, maxbin_SRR16554790.012
2025-11-26 17:52:29.297065 INFO::Fitting model to feature number 1710, semibin_SRR13068843.42_sub
2025-11-26 17:52:29.323428 INFO::Fitting model to feature number 1711, maxbin_ERR6279657.031_sub
2025-11-26 17:52:29.349753 INFO::Fitting model to feature number 1712, semibin_ERR6271720.41
2025-11-26 17:52:29.375485 INFO::Fitting model to feature number 1713, semibin_SRR5930507.83_sub
2025-11-26 17:52:29.400753 INFO::Fitting model to feature number 1714, semibin_SRR5930532.79
2025-11-26 17:52:29.426801 INFO::Fitting model to feature number 1715, metabat_SRR11413684.26
2025-11-26 17:52:29.471473 INFO::Fitting model to feature number 1716, metabat_SRR25825505.39
2025-11-26 17:52:29.496735 INFO::Fitting model to feature number 1717, maxbin_SRR16554754.006
2025-11-26 17:52:29.521725 INFO::Fitting model to feature number 1718, semibin_ERR6279645.60
2025-11-26 17:52:29.547528 INFO::Fitting model to feature number 1719, semibin_SRR5930528.15
2025-11-26 17:52:29.575371 INFO::Fitting model to feature number 1720, semibin_ERR12405945.16
2025-11-26 17:52:29.604183 INFO::Fitting model to feature number 1721, metabat_ERR12405997.40_sub
2025-11-26 17:52:29.631971 INFO::Fitting model to feature number 1722, semibin_SRR5930520.41
2025-11-26 17:52:29.656639 INFO::Fitting model to feature number 1723, semibin_SRR13068835.130
2025-11-26 17:52:29.683076 INFO::Fitting model to feature number 1724, maxbin_SRR5930530.008
2025-11-26 17:52:29.708586 INFO::Fitting model to feature number 1725, semibin_SRR11413647.44
2025-11-26 17:52:29.733753 INFO::Fitting model to feature number 1726, semibin_SRR13022436.17
2025-11-26 17:52:29.759706 INFO::Fitting model to feature number 1727, maxbin_ERR6279682.002
2025-11-26 17:52:29.784521 INFO::Fitting model to feature number 1728, metabat_ERR6279676.12
2025-11-26 17:52:29.810074 INFO::Fitting model to feature number 1729, semibin_SRR5930516.11_sub
2025-11-26 17:52:29.835991 INFO::Fitting model to feature number 1730, metabat_ERR6279653.9
2025-11-26 17:52:29.861748 INFO::Fitting model to feature number 1731, semibin_ERR6279624.16
2025-11-26 17:52:29.892667 INFO::Fitting model to feature number 1732, semibin_SRR25825512.45
2025-11-26 17:52:29.921244 INFO::Fitting model to feature number 1733, semibin_SRR5930532.161
2025-11-26 17:52:29.946007 INFO::Fitting model to feature number 1734, maxbin_SRR23364204.002_sub
2025-11-26 17:52:29.972623 INFO::Fitting model to feature number 1735, semibin_SRR6000908.30
2025-11-26 17:52:29.997154 INFO::Fitting model to feature number 1736, maxbin_SRR16554764.017
2025-11-26 17:52:30.023321 INFO::Fitting model to feature number 1737, metabat_ERR6279664.26
2025-11-26 17:52:30.048622 INFO::Fitting model to feature number 1738, metabat_ERR6281751.28_sub
2025-11-26 17:52:30.074116 INFO::Fitting model to feature number 1739, metabat_SRR13022254.6
2025-11-26 17:52:30.099706 INFO::Fitting model to feature number 1740, metabat_SRR16554757.24
2025-11-26 17:52:30.124319 INFO::Fitting model to feature number 1741, semibin_SRR13068847.101
2025-11-26 17:52:30.149948 INFO::Fitting model to feature number 1742, metabat_SRR5930511.52
2025-11-26 17:52:30.202477 INFO::Fitting model to feature number 1743, semibin_ERR6232523.5
2025-11-26 17:52:30.230906 INFO::Fitting model to feature number 1744, semibin_ERR12405920.20
2025-11-26 17:52:30.255732 INFO::Fitting model to feature number 1745, semibin_SRR16554754.27
2025-11-26 17:52:30.282312 INFO::Fitting model to feature number 1746, semibin_SRR23364221.0
2025-11-26 17:52:30.307196 INFO::Fitting model to feature number 1747, metabat_SRR25825516.47
2025-11-26 17:52:30.33312 INFO::Fitting model to feature number 1748, maxbin_ERR6282070.005
2025-11-26 17:52:30.359281 INFO::Fitting model to feature number 1749, metabat_SRR16554768.12
2025-11-26 17:52:30.384806 INFO::Fitting model to feature number 1750, semibin_SRR5930506.83
2025-11-26 17:52:30.417847 INFO::Fitting model to feature number 1751, maxbin_ERR6271721.008
2025-11-26 17:52:30.444101 INFO::Fitting model to feature number 1752, maxbin_SRR11413691.014
2025-11-26 17:52:30.470144 INFO::Fitting model to feature number 1753, semibin_SRR16168942.58
2025-11-26 17:52:30.502272 INFO::Fitting model to feature number 1754, metabat_ERR6279666.8
2025-11-26 17:52:30.528119 INFO::Fitting model to feature number 1755, metabat_ERR6279657.34
2025-11-26 17:52:30.555464 INFO::Fitting model to feature number 1756, maxbin_SRR20881988.013
2025-11-26 17:52:30.582519 INFO::Fitting model to feature number 1757, semibin_ERR6279654.27
2025-11-26 17:52:30.607802 INFO::Fitting model to feature number 1758, semibin_ERR12406013.72
2025-11-26 17:52:30.634017 INFO::Fitting model to feature number 1759, semibin_SRR16554766.42
2025-11-26 17:52:30.659469 INFO::Fitting model to feature number 1760, metabat_ERR6279646.21
2025-11-26 17:52:30.684992 INFO::Fitting model to feature number 1761, metabat_SRR23364240.26_sub
2025-11-26 17:52:30.711315 INFO::Fitting model to feature number 1762, semibin_ERR6279664.20
2025-11-26 17:52:30.735956 INFO::Fitting model to feature number 1763, maxbin_SRR5930519.003
2025-11-26 17:52:30.76174 INFO::Fitting model to feature number 1764, semibin_SRR13068825.28
2025-11-26 17:52:30.798656 INFO::Fitting model to feature number 1765, semibin_ERR6279622.41
2025-11-26 17:52:30.823504 INFO::Fitting model to feature number 1766, metabat_ERR12405910.29
2025-11-26 17:52:30.852983 INFO::Fitting model to feature number 1767, maxbin_SRR5930493.033_sub
2025-11-26 17:52:30.881088 INFO::Fitting model to feature number 1768, semibin_ERR6232686.46
2025-11-26 17:52:30.924943 INFO::Fitting model to feature number 1769, maxbin_SRR20881979.002
2025-11-26 17:52:30.952821 INFO::Fitting model to feature number 1770, semibin_SRR20881987.31
2025-11-26 17:52:30.978585 INFO::Fitting model to feature number 1771, metabat_ERR6279681.38
2025-11-26 17:52:31.004392 INFO::Fitting model to feature number 1772, metabat_SRR25825499.38
2025-11-26 17:52:31.030412 INFO::Fitting model to feature number 1773, semibin_ERR12405995.2
2025-11-26 17:52:31.057491 INFO::Fitting model to feature number 1774, semibin_ERR6275676.59
2025-11-26 17:52:31.089716 INFO::Fitting model to feature number 1775, semibin_SRR16554664.19
2025-11-26 17:52:31.119916 INFO::Fitting model to feature number 1776, semibin_ERR12405959.85
2025-11-26 17:52:31.150043 INFO::Fitting model to feature number 1777, metabat_ERR6230245.18
2025-11-26 17:52:31.175801 INFO::Fitting model to feature number 1778, semibin_SRR25825505.21
2025-11-26 17:52:31.202 INFO::Fitting model to feature number 1779, maxbin_ERR12405911.018
2025-11-26 17:52:31.228376 INFO::Fitting model to feature number 1780, maxbin_SRR5930529.023_sub
2025-11-26 17:52:31.252971 INFO::Fitting model to feature number 1781, maxbin_SRR11413686.009_sub
2025-11-26 17:52:31.279294 INFO::Fitting model to feature number 1782, maxbin_SRR11413610.003
2025-11-26 17:52:31.304903 INFO::Fitting model to feature number 1783, semibin_SRR11413692.10_sub
2025-11-26 17:52:31.330558 INFO::Fitting model to feature number 1784, semibin_SRR11413617.99
2025-11-26 17:52:31.357489 INFO::Fitting model to feature number 1785, semibin_SRR5930493.92
2025-11-26 17:52:31.383149 INFO::Fitting model to feature number 1786, semibin_SRR11413606.56
2025-11-26 17:52:31.417682 INFO::Fitting model to feature number 1787, semibin_SRR6000920.93
2025-11-26 17:52:31.447502 INFO::Fitting model to feature number 1788, semibin_ERR6280907.101_sub
2025-11-26 17:52:31.474779 INFO::Fitting model to feature number 1789, metabat_SRR6000902.41_sub
2025-11-26 17:52:31.501457 INFO::Fitting model to feature number 1790, metabat_ERR6281751.21
2025-11-26 17:52:31.527449 INFO::Fitting model to feature number 1791, semibin_ERR12405910.1
2025-11-26 17:52:31.553505 INFO::Fitting model to feature number 1792, maxbin_SRR23364202.013_sub
2025-11-26 17:52:31.579517 INFO::Fitting model to feature number 1793, semibin_ERR6279646.13
2025-11-26 17:52:31.603576 INFO::Fitting model to feature number 1794, maxbin_SRR11413685.021
2025-11-26 17:52:31.628483 INFO::Fitting model to feature number 1795, maxbin_SRR16554767.011
2025-11-26 17:52:31.672179 INFO::Fitting model to feature number 1796, maxbin_SRR5930514.007
2025-11-26 17:52:31.710695 INFO::Fitting model to feature number 1797, semibin_SRR16168941.28
2025-11-26 17:52:31.736192 INFO::Fitting model to feature number 1798, metabat_SRR13068848.27
2025-11-26 17:52:31.764275 INFO::Fitting model to feature number 1799, semibin_SRR25825517.26
2025-11-26 17:52:31.789749 INFO::Fitting model to feature number 1800, semibin_ERR6248618.3
2025-11-26 17:52:31.815141 INFO::Fitting model to feature number 1801, metabat_ERR6275684.14_sub
2025-11-26 17:52:31.841075 INFO::Fitting model to feature number 1802, maxbin_SRR16554672.011_sub
2025-11-26 17:52:31.86559 INFO::Fitting model to feature number 1803, semibin_SRR11413657.198
2025-11-26 17:52:31.891443 INFO::Fitting model to feature number 1804, metabat_ERR6275682.8
2025-11-26 17:52:31.917132 INFO::Fitting model to feature number 1805, semibin_SRR23364175.38
2025-11-26 17:52:31.941639 INFO::Fitting model to feature number 1806, metabat_ERR6232526.6
2025-11-26 17:52:31.967736 INFO::Fitting model to feature number 1807, semibin_ERR6279622.35
2025-11-26 17:52:31.999652 INFO::Fitting model to feature number 1808, maxbin_SRR11413610.006
2025-11-26 17:52:32.030516 INFO::Fitting model to feature number 1809, semibin_SRR16168985.72
2025-11-26 17:52:32.056957 INFO::Fitting model to feature number 1810, maxbin_ERR6279645.022_sub
2025-11-26 17:52:32.082505 INFO::Fitting model to feature number 1811, semibin_SRR8387683.30
2025-11-26 17:52:32.108851 INFO::Fitting model to feature number 1812, metabat_ERR6275676.44
2025-11-26 17:52:32.134067 INFO::Fitting model to feature number 1813, metabat_SRR16168974.10
2025-11-26 17:52:32.158535 INFO::Fitting model to feature number 1814, maxbin_SRR5930505.044_sub
2025-11-26 17:52:32.183896 INFO::Fitting model to feature number 1815, semibin_ERR6275677.28
2025-11-26 17:52:32.209622 INFO::Fitting model to feature number 1816, semibin_SRR16554786.15
2025-11-26 17:52:32.234925 INFO::Fitting model to feature number 1817, maxbin_SRR11413657.003
2025-11-26 17:52:32.260144 INFO::Fitting model to feature number 1818, maxbin_SRR25825517.009_sub
2025-11-26 17:52:32.284206 INFO::Fitting model to feature number 1819, semibin_ERR6275683.32
2025-11-26 17:52:32.316134 INFO::Fitting model to feature number 1820, semibin_SRR25825513.19
2025-11-26 17:52:32.342173 INFO::Fitting model to feature number 1821, semibin_ERR12405947.70
2025-11-26 17:52:32.367549 INFO::Fitting model to feature number 1822, semibin_SRR16554774.25
2025-11-26 17:52:32.412666 INFO::Fitting model to feature number 1823, metabat_ERR6280907.75
2025-11-26 17:52:32.437077 INFO::Fitting model to feature number 1824, metabat_ERR6243879.9
2025-11-26 17:52:32.463144 INFO::Fitting model to feature number 1825, metabat_SRR11413687.66
2025-11-26 17:52:32.488018 INFO::Fitting model to feature number 1826, metabat_SRR5930514.5
2025-11-26 17:52:32.514009 INFO::Fitting model to feature number 1827, metabat_SRR25825512.9
2025-11-26 17:52:32.539822 INFO::Fitting model to feature number 1828, metabat_SRR6000895.38
2025-11-26 17:52:32.564846 INFO::Fitting model to feature number 1829, semibin_SRR13068829.111
2025-11-26 17:52:32.590417 INFO::Fitting model to feature number 1830, metabat_ERR6281518.30
2025-11-26 17:52:32.626665 INFO::Fitting model to feature number 1831, metabat_ERR6271721.73
2025-11-26 17:52:32.652824 INFO::Fitting model to feature number 1832, semibin_ERR6232526.0_sub
2025-11-26 17:52:32.681367 INFO::Fitting model to feature number 1833, semibin_SRR11413618.30
2025-11-26 17:52:32.707356 INFO::Fitting model to feature number 1834, metabat_SRR16554653.5
2025-11-26 17:52:32.732579 INFO::Fitting model to feature number 1835, maxbin_SRR11413619.022_sub
2025-11-26 17:52:32.760316 INFO::Fitting model to feature number 1836, semibin_ERR6279667.1
2025-11-26 17:52:32.786478 INFO::Fitting model to feature number 1837, metabat_ERR12405976.69
2025-11-26 17:52:32.813887 INFO::Fitting model to feature number 1838, metabat_SRR5930528.91
2025-11-26 17:52:32.841224 INFO::Fitting model to feature number 1839, metabat_SRR16168920.14
2025-11-26 17:52:32.867814 INFO::Fitting model to feature number 1840, semibin_SRR11413610.57_sub
2025-11-26 17:52:32.894184 INFO::Fitting model to feature number 1841, maxbin_SRR16554740.006
2025-11-26 17:52:32.932683 INFO::Fitting model to feature number 1842, semibin_ERR6232382.15
2025-11-26 17:52:32.958808 INFO::Fitting model to feature number 1843, metabat_ERR6281433.22
2025-11-26 17:52:32.987572 INFO::Fitting model to feature number 1844, metabat_ERR6279645.3
2025-11-26 17:52:33.013489 INFO::Fitting model to feature number 1845, semibin_SRR25825494.37
2025-11-26 17:52:33.039287 INFO::Fitting model to feature number 1846, metabat_SRR25825521.14
2025-11-26 17:52:33.065099 INFO::Fitting model to feature number 1847, metabat_ERR6239139.39
2025-11-26 17:52:33.090081 INFO::Fitting model to feature number 1848, semibin_SRR11413678.34
2025-11-26 17:52:33.116168 INFO::Fitting model to feature number 1849, semibin_ERR6275674.90
2025-11-26 17:52:33.162993 INFO::Fitting model to feature number 1850, semibin_ERR12405934.44_sub
2025-11-26 17:52:33.189446 INFO::Fitting model to feature number 1851, metabat_SRR16554760.5
2025-11-26 17:52:33.215271 INFO::Fitting model to feature number 1852, metabat_SRR5930532.23_sub
2025-11-26 17:52:33.249438 INFO::Fitting model to feature number 1853, semibin_ERR6281941.44
2025-11-26 17:52:33.278824 INFO::Fitting model to feature number 1854, semibin_SRR13068835.5
2025-11-26 17:52:33.304706 INFO::Fitting model to feature number 1855, semibin_SRR6000903.20
2025-11-26 17:52:33.329829 INFO::Fitting model to feature number 1856, semibin_SRR11413649.35
2025-11-26 17:52:33.355754 INFO::Fitting model to feature number 1857, semibin_ERR6229432.26
2025-11-26 17:52:33.383305 INFO::Fitting model to feature number 1858, metabat_ERR12405998.59
2025-11-26 17:52:33.409174 INFO::Fitting model to feature number 1859, metabat_SRR11413613.27
2025-11-26 17:52:33.435401 INFO::Fitting model to feature number 1860, semibin_ERR6264281.82
2025-11-26 17:52:33.462977 INFO::Fitting model to feature number 1861, semibin_ERR6281658.88
2025-11-26 17:52:33.488391 INFO::Fitting model to feature number 1862, semibin_ERR6279654.35
2025-11-26 17:52:33.515011 INFO::Fitting model to feature number 1863, semibin_ERR6281434.93
2025-11-26 17:52:33.55141 INFO::Fitting model to feature number 1864, semibin_SRR5930499.22_sub
2025-11-26 17:52:33.576905 INFO::Fitting model to feature number 1865, maxbin_SRR11413612.039_sub
2025-11-26 17:52:33.605595 INFO::Fitting model to feature number 1866, semibin_SRR13022319.12
2025-11-26 17:52:33.630109 INFO::Fitting model to feature number 1867, semibin_SRR11413608.95
2025-11-26 17:52:33.656295 INFO::Fitting model to feature number 1868, semibin_SRR11413687.106_sub
2025-11-26 17:52:33.681429 INFO::Fitting model to feature number 1869, maxbin_SRR20881983.003
2025-11-26 17:52:33.706117 INFO::Fitting model to feature number 1870, maxbin_SRR13022272.005
2025-11-26 17:52:33.731495 INFO::Fitting model to feature number 1871, semibin_SRR13068851.36
2025-11-26 17:52:33.755846 INFO::Fitting model to feature number 1872, semibin_SRR20881988.10
2025-11-26 17:52:33.781249 INFO::Fitting model to feature number 1873, metabat_SRR5930534.34
2025-11-26 17:52:33.806354 INFO::Fitting model to feature number 1874, semibin_ERR6232528.31
2025-11-26 17:52:33.833107 INFO::Fitting model to feature number 1875, maxbin_SRR5930519.014
2025-11-26 17:52:33.867506 INFO::Fitting model to feature number 1876, semibin_ERR6279644.33_sub
2025-11-26 17:52:33.918541 INFO::Fitting model to feature number 1877, semibin_SRR11413678.104
2025-11-26 17:52:33.943596 INFO::Fitting model to feature number 1878, semibin_SRR5930504.132
2025-11-26 17:52:33.970154 INFO::Fitting model to feature number 1879, semibin_SRR25825511.32_sub
2025-11-26 17:52:33.995878 INFO::Fitting model to feature number 1880, metabat_ERR6281677.10_sub
2025-11-26 17:52:34.020853 INFO::Fitting model to feature number 1881, semibin_SRR8387683.84
2025-11-26 17:52:34.046274 INFO::Fitting model to feature number 1882, metabat_ERR6282298.15
2025-11-26 17:52:34.070642 INFO::Fitting model to feature number 1883, maxbin_SRR16554628.012
2025-11-26 17:52:34.096304 INFO::Fitting model to feature number 1884, semibin_SRR25825500.21
2025-11-26 17:52:34.121193 INFO::Fitting model to feature number 1885, metabat_ERR12406006.41
2025-11-26 17:52:34.14599 INFO::Fitting model to feature number 1886, metabat_SRR5930512.20
2025-11-26 17:52:34.178248 INFO::Fitting model to feature number 1887, semibin_SRR5930533.64
2025-11-26 17:52:34.203541 INFO::Fitting model to feature number 1888, maxbin_SRR25825514.001_sub
2025-11-26 17:52:34.231823 INFO::Fitting model to feature number 1889, metabat_ERR12405982.7
2025-11-26 17:52:34.257231 INFO::Fitting model to feature number 1890, metabat_ERR12406002.23
2025-11-26 17:52:34.282455 INFO::Fitting model to feature number 1891, maxbin_SRR13068847.041_sub
2025-11-26 17:52:34.308216 INFO::Fitting model to feature number 1892, maxbin_ERR12405943.006
2025-11-26 17:52:34.332814 INFO::Fitting model to feature number 1893, semibin_ERR12405912.39_sub
2025-11-26 17:52:34.359055 INFO::Fitting model to feature number 1894, metabat_SRR11413657.61
2025-11-26 17:52:34.383085 INFO::Fitting model to feature number 1895, maxbin_SRR16554633.004_sub
2025-11-26 17:52:34.408661 INFO::Fitting model to feature number 1896, maxbin_SRR11413613.018
2025-11-26 17:52:34.437093 INFO::Fitting model to feature number 1897, metabat_SRR16554632.45
2025-11-26 17:52:34.465671 INFO::Fitting model to feature number 1898, semibin_ERR6275675.25
2025-11-26 17:52:34.495033 INFO::Fitting model to feature number 1899, semibin_SRR5930503.63
2025-11-26 17:52:34.519465 INFO::Fitting model to feature number 1900, metabat_SRR16554652.40
2025-11-26 17:52:34.546184 INFO::Fitting model to feature number 1901, maxbin_SRR16554628.020
2025-11-26 17:52:34.570636 INFO::Fitting model to feature number 1902, semibin_ERR6279626.23
2025-11-26 17:52:34.596689 INFO::Fitting model to feature number 1903, metabat_ERR6243878.17
2025-11-26 17:52:34.643464 INFO::Fitting model to feature number 1904, metabat_SRR25825517.39
2025-11-26 17:52:34.67024 INFO::Fitting model to feature number 1905, semibin_ERR6281344.94_sub
2025-11-26 17:52:34.694721 INFO::Fitting model to feature number 1906, metabat_ERR12406002.26
2025-11-26 17:52:34.720556 INFO::Fitting model to feature number 1907, semibin_ERR6279654.44_sub
2025-11-26 17:52:34.749423 INFO::Fitting model to feature number 1908, maxbin_ERR12405998.001_sub
2025-11-26 17:52:34.776302 INFO::Fitting model to feature number 1909, maxbin_ERR6279649.011
2025-11-26 17:52:34.803202 INFO::Fitting model to feature number 1910, maxbin_SRR23364192.019
2025-11-26 17:52:34.828544 INFO::Fitting model to feature number 1911, maxbin_ERR6275673.009_sub
2025-11-26 17:52:34.854437 INFO::Fitting model to feature number 1912, semibin_ERR6275678.4
2025-11-26 17:52:34.878979 INFO::Fitting model to feature number 1913, metabat_SRR13068843.58_sub
2025-11-26 17:52:34.905358 INFO::Fitting model to feature number 1914, maxbin_ERR6275652.031_sub
2025-11-26 17:52:34.929496 INFO::Fitting model to feature number 1915, maxbin_ERR6275667.036
2025-11-26 17:52:34.955265 INFO::Fitting model to feature number 1916, metabat_SRR20881983.56
2025-11-26 17:52:34.980422 INFO::Fitting model to feature number 1917, semibin_SRR23364178.53_sub
2025-11-26 17:52:35.005194 INFO::Fitting model to feature number 1918, semibin_SRR25825519.39
2025-11-26 17:52:35.030884 INFO::Fitting model to feature number 1919, metabat_SRR16554775.6_sub
2025-11-26 17:52:35.055678 INFO::Fitting model to feature number 1920, semibin_ERR6279656.41
2025-11-26 17:52:35.089139 INFO::Fitting model to feature number 1921, metabat_ERR6275668.25_sub
2025-11-26 17:52:35.116093 INFO::Fitting model to feature number 1922, metabat_SRR16554769.19
2025-11-26 17:52:35.141596 INFO::Fitting model to feature number 1923, semibin_SRR13022450.11
2025-11-26 17:52:35.16712 INFO::Fitting model to feature number 1924, semibin_SRR20881988.34
2025-11-26 17:52:35.191467 INFO::Fitting model to feature number 1925, metabat_SRR25825503.64
2025-11-26 17:52:35.216742 INFO::Fitting model to feature number 1926, maxbin_ERR12405968.007_sub
2025-11-26 17:52:35.241079 INFO::Fitting model to feature number 1927, semibin_SRR16168940.33
2025-11-26 17:52:35.266273 INFO::Fitting model to feature number 1928, maxbin_SRR5930494.003
2025-11-26 17:52:35.291698 INFO::Fitting model to feature number 1929, semibin_ERR12405974.45
2025-11-26 17:52:35.316501 INFO::Fitting model to feature number 1930, semibin_SRR5930504.107
2025-11-26 17:52:35.362432 INFO::Fitting model to feature number 1931, maxbin_SRR11413652.007
2025-11-26 17:52:35.39882 INFO::Fitting model to feature number 1932, metabat_SRR11413655.33
2025-11-26 17:52:35.426698 INFO::Fitting model to feature number 1933, semibin_SRR20881986.23
2025-11-26 17:52:35.454837 INFO::Fitting model to feature number 1934, metabat_SRR16554763.9
2025-11-26 17:52:35.481087 INFO::Fitting model to feature number 1935, metabat_ERR6279676.21
2025-11-26 17:52:35.506836 INFO::Fitting model to feature number 1936, metabat_ERR6279657.74
2025-11-26 17:52:35.53287 INFO::Fitting model to feature number 1937, metabat_ERR6279654.2
2025-11-26 17:52:35.557876 INFO::Fitting model to feature number 1938, maxbin_ERR12405972.019
2025-11-26 17:52:35.584259 INFO::Fitting model to feature number 1939, semibin_SRR16554632.31_sub
2025-11-26 17:52:35.609913 INFO::Fitting model to feature number 1940, maxbin_SRR6000909.001_sub
2025-11-26 17:52:35.634901 INFO::Fitting model to feature number 1941, semibin_ERR6279615.16
2025-11-26 17:52:35.661115 INFO::Fitting model to feature number 1942, metabat_SRR5930501.64
2025-11-26 17:52:35.685718 INFO::Fitting model to feature number 1943, metabat_SRR5930514.24_sub
2025-11-26 17:52:35.71766 INFO::Fitting model to feature number 1944, metabat_SRR16554785.21
2025-11-26 17:52:35.744299 INFO::Fitting model to feature number 1945, semibin_SRR11413678.73
2025-11-26 17:52:35.770261 INFO::Fitting model to feature number 1946, semibin_ERR12405952.9
2025-11-26 17:52:35.795897 INFO::Fitting model to feature number 1947, semibin_SRR23364231.4
2025-11-26 17:52:35.82074 INFO::Fitting model to feature number 1948, maxbin_SRR5930499.004
2025-11-26 17:52:35.845396 INFO::Fitting model to feature number 1949, semibin_ERR6281942.101
2025-11-26 17:52:35.869718 INFO::Fitting model to feature number 1950, semibin_SRR16554628.46_sub
2025-11-26 17:52:35.893853 INFO::Fitting model to feature number 1951, metabat_ERR6279626.59
2025-11-26 17:52:35.919716 INFO::Fitting model to feature number 1952, maxbin_ERR6280910.013
2025-11-26 17:52:35.944045 INFO::Fitting model to feature number 1953, maxbin_ERR6257997.012
2025-11-26 17:52:35.969241 INFO::Fitting model to feature number 1954, semibin_SRR5930532.72
2025-11-26 17:52:35.997502 INFO::Fitting model to feature number 1955, semibin_SRR6000901.54
2025-11-26 17:52:36.025041 INFO::Fitting model to feature number 1956, metabat_ERR6279644.24_sub
2025-11-26 17:52:36.052364 INFO::Fitting model to feature number 1957, semibin_SRR5930529.59
2025-11-26 17:52:36.096471 INFO::Fitting model to feature number 1958, maxbin_SRR16554777.015
2025-11-26 17:52:36.121087 INFO::Fitting model to feature number 1959, maxbin_ERR6275676.002_sub
2025-11-26 17:52:36.146175 INFO::Fitting model to feature number 1960, metabat_SRR6000932.51
2025-11-26 17:52:36.170464 INFO::Fitting model to feature number 1961, metabat_SRR11413645.47
2025-11-26 17:52:36.196237 INFO::Fitting model to feature number 1962, semibin_SRR11413606.65
2025-11-26 17:52:36.222 INFO::Fitting model to feature number 1963, maxbin_SRR16554681.010
2025-11-26 17:52:36.247123 INFO::Fitting model to feature number 1964, semibin_SRR5930504.145
2025-11-26 17:52:36.272933 INFO::Fitting model to feature number 1965, metabat_SRR25825506.48
2025-11-26 17:52:36.297716 INFO::Fitting model to feature number 1966, metabat_ERR6281518.38
2025-11-26 17:52:36.330715 INFO::Fitting model to feature number 1967, metabat_SRR5930532.8_sub
2025-11-26 17:52:36.357787 INFO::Fitting model to feature number 1968, maxbin_ERR12405999.007
2025-11-26 17:52:36.384421 INFO::Fitting model to feature number 1969, metabat_SRR20881974.56
2025-11-26 17:52:36.410302 INFO::Fitting model to feature number 1970, metabat_ERR6275668.37
2025-11-26 17:52:36.435382 INFO::Fitting model to feature number 1971, metabat_ERR6279657.79
2025-11-26 17:52:36.461868 INFO::Fitting model to feature number 1972, metabat_ERR6280948.10
2025-11-26 17:52:36.486686 INFO::Fitting model to feature number 1973, metabat_ERR6232458.8
2025-11-26 17:52:36.512812 INFO::Fitting model to feature number 1974, semibin_SRR13068825.75
2025-11-26 17:52:36.537818 INFO::Fitting model to feature number 1975, metabat_SRR25825517.32
2025-11-26 17:52:36.563332 INFO::Fitting model to feature number 1976, maxbin_SRR25825521.011
2025-11-26 17:52:36.589675 INFO::Fitting model to feature number 1977, maxbin_SRR8387710.003
2025-11-26 17:52:36.614212 INFO::Fitting model to feature number 1978, maxbin_ERR12405994.023
2025-11-26 17:52:36.646036 INFO::Fitting model to feature number 1979, metabat_SRR11413689.9
2025-11-26 17:52:36.673955 INFO::Fitting model to feature number 1980, semibin_SRR16168943.41
2025-11-26 17:52:36.702261 INFO::Fitting model to feature number 1981, metabat_SRR16554658.17
2025-11-26 17:52:36.727652 INFO::Fitting model to feature number 1982, maxbin_ERR6275682.011
2025-11-26 17:52:36.753141 INFO::Fitting model to feature number 1983, metabat_ERR12405939.20
2025-11-26 17:52:36.778647 INFO::Fitting model to feature number 1984, semibin_SRR23364187.82
2025-11-26 17:52:36.822613 INFO::Fitting model to feature number 1985, semibin_SRR25825515.31
2025-11-26 17:52:36.848068 INFO::Fitting model to feature number 1986, maxbin_SRR8387712.001
2025-11-26 17:52:36.877569 INFO::Fitting model to feature number 1987, metabat_SRR16554727.13_sub
2025-11-26 17:52:36.90539 INFO::Fitting model to feature number 1988, semibin_ERR6275668.126
2025-11-26 17:52:36.930223 INFO::Fitting model to feature number 1989, metabat_SRR16554657.23
2025-11-26 17:52:36.962603 INFO::Fitting model to feature number 1990, metabat_SRR16554727.4
2025-11-26 17:52:36.990317 INFO::Fitting model to feature number 1991, semibin_ERR6279661.82
2025-11-26 17:52:37.01708 INFO::Fitting model to feature number 1992, metabat_SRR23364197.91
2025-11-26 17:52:37.041728 INFO::Fitting model to feature number 1993, semibin_ERR6275674.45_sub
2025-11-26 17:52:37.067181 INFO::Fitting model to feature number 1994, semibin_ERR6230326.4
2025-11-26 17:52:37.093306 INFO::Fitting model to feature number 1995, metabat_SRR6000932.13
2025-11-26 17:52:37.117954 INFO::Fitting model to feature number 1996, metabat_SRR16554767.15
2025-11-26 17:52:37.143668 INFO::Fitting model to feature number 1997, semibin_SRR5930512.37
2025-11-26 17:52:37.168609 INFO::Fitting model to feature number 1998, metabat_SRR5930501.19_sub
2025-11-26 17:52:37.194152 INFO::Fitting model to feature number 1999, semibin_ERR6235716.28_sub
2025-11-26 17:52:37.219365 INFO::Fitting model to feature number 2000, maxbin_ERR6279674.007_sub
2025-11-26 17:52:37.245393 INFO::Fitting model to feature number 2001, semibin_SRR6000892.94
2025-11-26 17:52:37.276705 INFO::Fitting model to feature number 2002, maxbin_SRR6000908.002
2025-11-26 17:52:37.3015 INFO::Fitting model to feature number 2003, semibin_ERR6231616.37
2025-11-26 17:52:37.329152 INFO::Fitting model to feature number 2004, maxbin_SRR5930534.026_sub
2025-11-26 17:52:37.353863 INFO::Fitting model to feature number 2005, semibin_ERR12406004.1
2025-11-26 17:52:37.379618 INFO::Fitting model to feature number 2006, maxbin_SRR16554671.015_sub
2025-11-26 17:52:37.405267 INFO::Fitting model to feature number 2007, metabat_SRR11413678.18
2025-11-26 17:52:37.430022 INFO::Fitting model to feature number 2008, semibin_SRR11413649.100
2025-11-26 17:52:37.456641 INFO::Fitting model to feature number 2009, metabat_SRR20881981.21_sub
2025-11-26 17:52:37.481237 INFO::Fitting model to feature number 2010, metabat_SRR5930504.26
2025-11-26 17:52:37.507656 INFO::Fitting model to feature number 2011, maxbin_ERR12405933.003
2025-11-26 17:52:37.554252 INFO::Fitting model to feature number 2012, maxbin_SRR11413691.013
2025-11-26 17:52:37.586449 INFO::Fitting model to feature number 2013, semibin_SRR23364187.70
2025-11-26 17:52:37.613672 INFO::Fitting model to feature number 2014, metabat_ERR6279677.10
2025-11-26 17:52:37.642773 INFO::Fitting model to feature number 2015, semibin_ERR6275661.92
2025-11-26 17:52:37.667735 INFO::Fitting model to feature number 2016, maxbin_SRR11413620.008
2025-11-26 17:52:37.693784 INFO::Fitting model to feature number 2017, metabat_SRR23364201.31
2025-11-26 17:52:37.718254 INFO::Fitting model to feature number 2018, semibin_ERR6279625.36
2025-11-26 17:52:37.744088 INFO::Fitting model to feature number 2019, metabat_ERR12405952.30
2025-11-26 17:52:37.768944 INFO::Fitting model to feature number 2020, metabat_SRR13068834.43_sub
2025-11-26 17:52:37.794955 INFO::Fitting model to feature number 2021, semibin_SRR16554734.17
2025-11-26 17:52:37.820695 INFO::Fitting model to feature number 2022, semibin_SRR5930527.100
2025-11-26 17:52:37.845527 INFO::Fitting model to feature number 2023, metabat_SRR8387712.32_sub
2025-11-26 17:52:37.871848 INFO::Fitting model to feature number 2024, semibin_SRR23364199.39
2025-11-26 17:52:37.8968 INFO::Fitting model to feature number 2025, metabat_ERR6271721.74_sub
2025-11-26 17:52:37.933427 INFO::Fitting model to feature number 2026, semibin_ERR12406006.72
2025-11-26 17:52:37.960591 INFO::Fitting model to feature number 2027, metabat_ERR6232526.13
2025-11-26 17:52:37.987365 INFO::Fitting model to feature number 2028, metabat_SRR11413619.57_sub
2025-11-26 17:52:38.013069 INFO::Fitting model to feature number 2029, semibin_SRR6000931.54
2025-11-26 17:52:38.03759 INFO::Fitting model to feature number 2030, metabat_SRR16168938.20_sub
2025-11-26 17:52:38.063879 INFO::Fitting model to feature number 2031, metabat_ERR6279622.67
2025-11-26 17:52:38.088456 INFO::Fitting model to feature number 2032, metabat_SRR25825498.29
2025-11-26 17:52:38.11445 INFO::Fitting model to feature number 2033, semibin_SRR5930517.10
2025-11-26 17:52:38.13962 INFO::Fitting model to feature number 2034, semibin_SRR13068815.96
2025-11-26 17:52:38.164456 INFO::Fitting model to feature number 2035, maxbin_ERR12405955.019
2025-11-26 17:52:38.190467 INFO::Fitting model to feature number 2036, maxbin_ERR6275671.007_sub
2025-11-26 17:52:38.215177 INFO::Fitting model to feature number 2037, semibin_SRR5930506.177_sub
2025-11-26 17:52:38.25044 INFO::Fitting model to feature number 2038, semibin_SRR11413610.21
2025-11-26 17:52:38.299582 INFO::Fitting model to feature number 2039, metabat_SRR13068840.32_sub
2025-11-26 17:52:38.325141 INFO::Fitting model to feature number 2040, semibin_ERR6281997.48_sub
2025-11-26 17:52:38.351306 INFO::Fitting model to feature number 2041, semibin_ERR6279666.26
2025-11-26 17:52:38.377295 INFO::Fitting model to feature number 2042, maxbin_SRR16554772.010
2025-11-26 17:52:38.40241 INFO::Fitting model to feature number 2043, semibin_SRR11413692.14
2025-11-26 17:52:38.428644 INFO::Fitting model to feature number 2044, metabat_SRR20881987.26
2025-11-26 17:52:38.453552 INFO::Fitting model to feature number 2045, maxbin_SRR11413617.006
2025-11-26 17:52:38.479451 INFO::Fitting model to feature number 2046, semibin_SRR25825500.44
2025-11-26 17:52:38.505145 INFO::Fitting model to feature number 2047, semibin_SRR13068834.35
2025-11-26 17:52:38.530338 INFO::Fitting model to feature number 2048, metabat_SRR25825515.33
2025-11-26 17:52:38.567061 INFO::Fitting model to feature number 2049, metabat_SRR16554744.18
2025-11-26 17:52:38.592562 INFO::Fitting model to feature number 2050, metabat_ERR12405961.1_sub
2025-11-26 17:52:38.622993 INFO::Fitting model to feature number 2051, maxbin_SRR16168986.030_sub
2025-11-26 17:52:38.649001 INFO::Fitting model to feature number 2052, semibin_SRR16554644.4
2025-11-26 17:52:38.67522 INFO::Fitting model to feature number 2053, semibin_ERR12405928.73_sub
2025-11-26 17:52:38.701242 INFO::Fitting model to feature number 2054, maxbin_SRR25825516.012
2025-11-26 17:52:38.726111 INFO::Fitting model to feature number 2055, metabat_ERR6275674.73
2025-11-26 17:52:38.752079 INFO::Fitting model to feature number 2056, maxbin_SRR23364230.017
2025-11-26 17:52:38.777522 INFO::Fitting model to feature number 2057, semibin_ERR6275675.85
2025-11-26 17:52:38.804282 INFO::Fitting model to feature number 2058, maxbin_ERR6280910.012
2025-11-26 17:52:38.829487 INFO::Fitting model to feature number 2059, metabat_ERR6279679.3
2025-11-26 17:52:38.854674 INFO::Fitting model to feature number 2060, metabat_ERR12406012.50_sub
2025-11-26 17:52:38.890493 INFO::Fitting model to feature number 2061, maxbin_SRR11413614.004
2025-11-26 17:52:38.915682 INFO::Fitting model to feature number 2062, metabat_SRR6000921.8
2025-11-26 17:52:38.944833 INFO::Fitting model to feature number 2063, metabat_SRR16554704.6
2025-11-26 17:52:38.97047 INFO::Fitting model to feature number 2064, metabat_SRR11413610.30
2025-11-26 17:52:39.012892 INFO::Fitting model to feature number 2065, maxbin_SRR13022258.012_sub
2025-11-26 17:52:39.041838 INFO::Fitting model to feature number 2066, semibin_ERR12406004.23
2025-11-26 17:52:39.067335 INFO::Fitting model to feature number 2067, maxbin_ERR12406000.009_sub
2025-11-26 17:52:39.092424 INFO::Fitting model to feature number 2068, maxbin_ERR12405914.010_sub
2025-11-26 17:52:39.118643 INFO::Fitting model to feature number 2069, metabat_ERR6279651.12
2025-11-26 17:52:39.143339 INFO::Fitting model to feature number 2070, metabat_SRR16554652.47
2025-11-26 17:52:39.169813 INFO::Fitting model to feature number 2071, metabat_SRR5930498.113
2025-11-26 17:52:39.199793 INFO::Fitting model to feature number 2072, metabat_ERR6282137.16
2025-11-26 17:52:39.231132 INFO::Fitting model to feature number 2073, metabat_ERR12405928.39
2025-11-26 17:52:39.258945 INFO::Fitting model to feature number 2074, maxbin_SRR16554643.001
2025-11-26 17:52:39.284594 INFO::Fitting model to feature number 2075, metabat_SRR11413614.4
2025-11-26 17:52:39.310467 INFO::Fitting model to feature number 2076, metabat_ERR6275672.27
2025-11-26 17:52:39.335119 INFO::Fitting model to feature number 2077, maxbin_SRR5930530.047
2025-11-26 17:52:39.361664 INFO::Fitting model to feature number 2078, metabat_ERR12405998.13
2025-11-26 17:52:39.386332 INFO::Fitting model to feature number 2079, semibin_ERR6275652.38
2025-11-26 17:52:39.412466 INFO::Fitting model to feature number 2080, maxbin_SRR16554723.009
2025-11-26 17:52:39.43794 INFO::Fitting model to feature number 2081, semibin_SRR11413656.86
2025-11-26 17:52:39.463017 INFO::Fitting model to feature number 2082, maxbin_SRR20881983.049_sub
2025-11-26 17:52:39.488794 INFO::Fitting model to feature number 2083, semibin_SRR16554636.22
2025-11-26 17:52:39.513157 INFO::Fitting model to feature number 2084, semibin_SRR6000893.52
2025-11-26 17:52:39.546356 INFO::Fitting model to feature number 2085, metabat_SRR25825496.4_sub
2025-11-26 17:52:39.570792 INFO::Fitting model to feature number 2086, semibin_ERR6279624.28
2025-11-26 17:52:39.599123 INFO::Fitting model to feature number 2087, metabat_SRR11413607.17
2025-11-26 17:52:39.623903 INFO::Fitting model to feature number 2088, metabat_ERR6275652.11
2025-11-26 17:52:39.650298 INFO::Fitting model to feature number 2089, semibin_ERR6233692.8_sub
2025-11-26 17:52:39.674559 INFO::Fitting model to feature number 2090, maxbin_ERR12406013.003
2025-11-26 17:52:39.701234 INFO::Fitting model to feature number 2091, metabat_ERR6281518.82_sub
2025-11-26 17:52:39.74634 INFO::Fitting model to feature number 2092, metabat_SRR16168984.63
2025-11-26 17:52:39.772271 INFO::Fitting model to feature number 2093, semibin_ERR6275680.83
2025-11-26 17:52:39.79747 INFO::Fitting model to feature number 2094, semibin_ERR12405992.13
2025-11-26 17:52:39.823258 INFO::Fitting model to feature number 2095, semibin_SRR13068829.28_sub
2025-11-26 17:52:39.851923 INFO::Fitting model to feature number 2096, semibin_ERR6233695.130
2025-11-26 17:52:39.883534 INFO::Fitting model to feature number 2097, metabat_ERR12405949.30_sub
2025-11-26 17:52:39.908011 INFO::Fitting model to feature number 2098, metabat_ERR12405959.36
2025-11-26 17:52:39.934008 INFO::Fitting model to feature number 2099, semibin_SRR11413652.68
2025-11-26 17:52:39.958528 INFO::Fitting model to feature number 2100, semibin_SRR5930515.39_sub
2025-11-26 17:52:39.984502 INFO::Fitting model to feature number 2101, metabat_ERR6275652.42_sub
2025-11-26 17:52:40.009332 INFO::Fitting model to feature number 2102, semibin_SRR16168918.72
2025-11-26 17:52:40.034986 INFO::Fitting model to feature number 2103, metabat_ERR12405955.18
2025-11-26 17:52:40.060723 INFO::Fitting model to feature number 2104, maxbin_SRR5930532.015
2025-11-26 17:52:40.085552 INFO::Fitting model to feature number 2105, metabat_SRR11413681.52
2025-11-26 17:52:40.116606 INFO::Fitting model to feature number 2106, semibin_SRR16554667.24
2025-11-26 17:52:40.141355 INFO::Fitting model to feature number 2107, semibin_SRR25825501.29
2025-11-26 17:52:40.171335 INFO::Fitting model to feature number 2108, metabat_ERR6279681.37
2025-11-26 17:52:40.195508 INFO::Fitting model to feature number 2109, metabat_ERR12405998.10
2025-11-26 17:52:40.222147 INFO::Fitting model to feature number 2110, metabat_SRR16554766.12
2025-11-26 17:52:40.24653 INFO::Fitting model to feature number 2111, semibin_ERR6281677.14
2025-11-26 17:52:40.273349 INFO::Fitting model to feature number 2112, semibin_SRR11413687.8
2025-11-26 17:52:40.299002 INFO::Fitting model to feature number 2113, metabat_SRR6000895.39
2025-11-26 17:52:40.324096 INFO::Fitting model to feature number 2114, metabat_SRR11413647.22
2025-11-26 17:52:40.350634 INFO::Fitting model to feature number 2115, metabat_ERR12405920.28
2025-11-26 17:52:40.375243 INFO::Fitting model to feature number 2116, metabat_ERR6279624.6_sub
2025-11-26 17:52:40.401803 INFO::Fitting model to feature number 2117, maxbin_ERR6281942.014
2025-11-26 17:52:40.437173 INFO::Fitting model to feature number 2118, semibin_SRR11413647.24_sub
2025-11-26 17:52:40.48505 INFO::Fitting model to feature number 2119, metabat_SRR16554777.35
2025-11-26 17:52:40.512548 INFO::Fitting model to feature number 2120, semibin_ERR6275683.2
2025-11-26 17:52:40.539239 INFO::Fitting model to feature number 2121, metabat_ERR12405998.47
2025-11-26 17:52:40.564835 INFO::Fitting model to feature number 2122, semibin_SRR6000949.57
2025-11-26 17:52:40.591603 INFO::Fitting model to feature number 2123, semibin_ERR6275652.61
2025-11-26 17:52:40.616984 INFO::Fitting model to feature number 2124, maxbin_SRR5930506.009
2025-11-26 17:52:40.643636 INFO::Fitting model to feature number 2125, semibin_ERR12405971.25
2025-11-26 17:52:40.672192 INFO::Fitting model to feature number 2126, semibin_SRR5930497.45
2025-11-26 17:52:40.705927 INFO::Fitting model to feature number 2127, maxbin_ERR6279649.012
2025-11-26 17:52:40.737173 INFO::Fitting model to feature number 2128, semibin_SRR11413613.5
2025-11-26 17:52:40.762418 INFO::Fitting model to feature number 2129, maxbin_SRR16554777.012
2025-11-26 17:52:40.78991 INFO::Fitting model to feature number 2130, semibin_SRR11413608.7
2025-11-26 17:52:40.815243 INFO::Fitting model to feature number 2131, semibin_ERR6279628.40
2025-11-26 17:52:40.842475 INFO::Fitting model to feature number 2132, semibin_SRR16168940.0
2025-11-26 17:52:40.867611 INFO::Fitting model to feature number 2133, semibin_SRR23364197.17_sub
2025-11-26 17:52:40.894056 INFO::Fitting model to feature number 2134, metabat_ERR12405972.5
2025-11-26 17:52:40.920074 INFO::Fitting model to feature number 2135, metabat_ERR6279625.1
2025-11-26 17:52:40.946085 INFO::Fitting model to feature number 2136, metabat_ERR6279663.11
2025-11-26 17:52:40.972588 INFO::Fitting model to feature number 2137, semibin_ERR6279656.6
2025-11-26 17:52:40.997139 INFO::Fitting model to feature number 2138, semibin_SRR16554650.49
2025-11-26 17:52:41.042675 INFO::Fitting model to feature number 2139, maxbin_SRR25825499.078
2025-11-26 17:52:41.071615 INFO::Fitting model to feature number 2140, semibin_SRR11413619.40
2025-11-26 17:52:41.096504 INFO::Fitting model to feature number 2141, metabat_SRR5930522.11
2025-11-26 17:52:41.122692 INFO::Fitting model to feature number 2142, semibin_SRR6000890.9
2025-11-26 17:52:41.147361 INFO::Fitting model to feature number 2143, semibin_SRR16554674.4
2025-11-26 17:52:41.172891 INFO::Fitting model to feature number 2144, semibin_SRR13068843.38
2025-11-26 17:52:41.197129 INFO::Fitting model to feature number 2145, semibin_ERR6279622.2
2025-11-26 17:52:41.24258 INFO::Fitting model to feature number 2146, metabat_ERR12406004.33
2025-11-26 17:52:41.269189 INFO::Fitting model to feature number 2147, semibin_SRR23364202.9
2025-11-26 17:52:41.297306 INFO::Fitting model to feature number 2148, maxbin_ERR6232521.007
2025-11-26 17:52:41.326981 INFO::Fitting model to feature number 2149, semibin_SRR11413690.24
2025-11-26 17:52:41.353902 INFO::Fitting model to feature number 2150, semibin_ERR6232528.6
2025-11-26 17:52:41.380125 INFO::Fitting model to feature number 2151, metabat_SRR16554753.15
2025-11-26 17:52:41.405888 INFO::Fitting model to feature number 2152, semibin_ERR6233695.63_sub
2025-11-26 17:52:41.431519 INFO::Fitting model to feature number 2153, semibin_ERR12405947.16
2025-11-26 17:52:41.458678 INFO::Fitting model to feature number 2154, metabat_SRR16554632.31
2025-11-26 17:52:41.4838 INFO::Fitting model to feature number 2155, semibin_SRR25825510.79
2025-11-26 17:52:41.510878 INFO::Fitting model to feature number 2156, metabat_ERR6231475.10_sub
2025-11-26 17:52:41.535549 INFO::Fitting model to feature number 2157, metabat_ERR6279619.6
2025-11-26 17:52:41.562137 INFO::Fitting model to feature number 2158, maxbin_SRR5930504.019
2025-11-26 17:52:41.59134 INFO::Fitting model to feature number 2159, metabat_ERR6279644.22
2025-11-26 17:52:41.622154 INFO::Fitting model to feature number 2160, semibin_SRR16554760.16
2025-11-26 17:52:41.650105 INFO::Fitting model to feature number 2161, semibin_ERR6229432.28_sub
2025-11-26 17:52:41.678104 INFO::Fitting model to feature number 2162, semibin_SRR11413689.105
2025-11-26 17:52:41.703733 INFO::Fitting model to feature number 2163, metabat_SRR20881978.32
2025-11-26 17:52:41.728384 INFO::Fitting model to feature number 2164, metabat_SRR20881981.3
2025-11-26 17:52:41.753849 INFO::Fitting model to feature number 2165, metabat_SRR16554654.44
2025-11-26 17:52:41.778913 INFO::Fitting model to feature number 2166, maxbin_SRR5930512.016
2025-11-26 17:52:41.806022 INFO::Fitting model to feature number 2167, semibin_SRR25825500.13
2025-11-26 17:52:41.830401 INFO::Fitting model to feature number 2168, maxbin_SRR13022252.009_sub
2025-11-26 17:52:41.856071 INFO::Fitting model to feature number 2169, metabat_SRR20881983.38
2025-11-26 17:52:41.880468 INFO::Fitting model to feature number 2170, metabat_ERR12405959.31
2025-11-26 17:52:41.906801 INFO::Fitting model to feature number 2171, semibin_SRR13022391.11
2025-11-26 17:52:41.939257 INFO::Fitting model to feature number 2172, semibin_ERR6281518.50_sub
2025-11-26 17:52:41.98594 INFO::Fitting model to feature number 2173, maxbin_ERR12406011.031
2025-11-26 17:52:42.016084 INFO::Fitting model to feature number 2174, semibin_SRR11413656.102
2025-11-26 17:52:42.041447 INFO::Fitting model to feature number 2175, semibin_SRR23364171.81
2025-11-26 17:52:42.06633 INFO::Fitting model to feature number 2176, metabat_SRR5930520.43
2025-11-26 17:52:42.092329 INFO::Fitting model to feature number 2177, metabat_ERR12405914.16
2025-11-26 17:52:42.117381 INFO::Fitting model to feature number 2178, semibin_SRR25825501.45
2025-11-26 17:52:42.143776 INFO::Fitting model to feature number 2179, metabat_SRR13068828.46_sub
2025-11-26 17:52:42.168844 INFO::Fitting model to feature number 2180, metabat_SRR11413683.43
2025-11-26 17:52:42.195493 INFO::Fitting model to feature number 2181, semibin_ERR6281518.116
2025-11-26 17:52:42.225552 INFO::Fitting model to feature number 2182, semibin_ERR6281344.40
2025-11-26 17:52:42.255825 INFO::Fitting model to feature number 2183, maxbin_SRR25825514.018_sub
2025-11-26 17:52:42.28588 INFO::Fitting model to feature number 2184, semibin_ERR6235717.60
2025-11-26 17:52:42.312038 INFO::Fitting model to feature number 2185, semibin_SRR6000944.13
2025-11-26 17:52:42.339855 INFO::Fitting model to feature number 2186, metabat_ERR6279664.17
2025-11-26 17:52:42.364803 INFO::Fitting model to feature number 2187, semibin_SRR5930503.47
2025-11-26 17:52:42.391687 INFO::Fitting model to feature number 2188, metabat_SRR23364187.35_sub
2025-11-26 17:52:42.417749 INFO::Fitting model to feature number 2189, semibin_ERR6279679.10
2025-11-26 17:52:42.444151 INFO::Fitting model to feature number 2190, semibin_SRR25825503.35
2025-11-26 17:52:42.471442 INFO::Fitting model to feature number 2191, metabat_SRR16554775.14
2025-11-26 17:52:42.496424 INFO::Fitting model to feature number 2192, semibin_ERR6235718.4
2025-11-26 17:52:42.523227 INFO::Fitting model to feature number 2193, semibin_SRR16554721.45
2025-11-26 17:52:42.547649 INFO::Fitting model to feature number 2194, maxbin_ERR12405939.004
2025-11-26 17:52:42.584605 INFO::Fitting model to feature number 2195, maxbin_SRR11413619.006
2025-11-26 17:52:42.612006 INFO::Fitting model to feature number 2196, semibin_SRR11413648.87_sub
2025-11-26 17:52:42.638751 INFO::Fitting model to feature number 2197, metabat_ERR6275674.56
2025-11-26 17:52:42.663635 INFO::Fitting model to feature number 2198, semibin_SRR11413615.76
2025-11-26 17:52:42.690828 INFO::Fitting model to feature number 2199, semibin_ERR6254870.66_sub
2025-11-26 17:52:42.765369 INFO::Fitting model to feature number 2200, semibin_ERR12405976.64
2025-11-26 17:52:42.790824 INFO::Fitting model to feature number 2201, semibin_ERR6280899.69
2025-11-26 17:52:42.81475 INFO::Fitting model to feature number 2202, semibin_SRR23364230.99
2025-11-26 17:52:42.840117 INFO::Fitting model to feature number 2203, semibin_ERR6279626.34
2025-11-26 17:52:42.865155 INFO::Fitting model to feature number 2204, semibin_ERR12405910.62
2025-11-26 17:52:42.890475 INFO::Fitting model to feature number 2205, maxbin_SRR16168940.014_sub
2025-11-26 17:52:42.923737 INFO::Fitting model to feature number 2206, maxbin_ERR12405915.008
2025-11-26 17:52:42.950633 INFO::Fitting model to feature number 2207, metabat_SRR5930528.27
2025-11-26 17:52:42.979344 INFO::Fitting model to feature number 2208, metabat_SRR13068823.20_sub
2025-11-26 17:52:43.004282 INFO::Fitting model to feature number 2209, metabat_ERR6281340.41
2025-11-26 17:52:43.03125 INFO::Fitting model to feature number 2210, semibin_ERR12405970.2_sub
2025-11-26 17:52:43.05616 INFO::Fitting model to feature number 2211, maxbin_ERR12405944.004
2025-11-26 17:52:43.083607 INFO::Fitting model to feature number 2212, semibin_SRR16554634.69
2025-11-26 17:52:43.108264 INFO::Fitting model to feature number 2213, metabat_ERR12405998.25
2025-11-26 17:52:43.134445 INFO::Fitting model to feature number 2214, semibin_ERR6279657.165
2025-11-26 17:52:43.159658 INFO::Fitting model to feature number 2215, semibin_ERR12406013.48
2025-11-26 17:52:43.18655 INFO::Fitting model to feature number 2216, semibin_SRR5930501.12
2025-11-26 17:52:43.225206 INFO::Fitting model to feature number 2217, metabat_ERR12406003.1
2025-11-26 17:52:43.251726 INFO::Fitting model to feature number 2218, metabat_ERR6230245.23
2025-11-26 17:52:43.281183 INFO::Fitting model to feature number 2219, metabat_ERR6279676.50
2025-11-26 17:52:43.307289 INFO::Fitting model to feature number 2220, metabat_SRR11413618.24
2025-11-26 17:52:43.334293 INFO::Fitting model to feature number 2221, semibin_ERR6281340.6
2025-11-26 17:52:43.362346 INFO::Fitting model to feature number 2222, semibin_ERR6275667.43
2025-11-26 17:52:43.38875 INFO::Fitting model to feature number 2223, maxbin_SRR16168896.006
2025-11-26 17:52:43.41578 INFO::Fitting model to feature number 2224, semibin_ERR12405943.41
2025-11-26 17:52:43.441549 INFO::Fitting model to feature number 2225, semibin_ERR12405933.78
2025-11-26 17:52:43.468751 INFO::Fitting model to feature number 2226, semibin_ERR12405976.91
2025-11-26 17:52:43.522675 INFO::Fitting model to feature number 2227, semibin_ERR6281000.139
2025-11-26 17:52:43.548661 INFO::Fitting model to feature number 2228, maxbin_SRR6000947.039
2025-11-26 17:52:43.578704 INFO::Fitting model to feature number 2229, semibin_ERR6279667.91
2025-11-26 17:52:43.604915 INFO::Fitting model to feature number 2230, metabat_ERR6232524.56
2025-11-26 17:52:43.632254 INFO::Fitting model to feature number 2231, semibin_ERR6271720.17
2025-11-26 17:52:43.65861 INFO::Fitting model to feature number 2232, semibin_SRR11413615.105
2025-11-26 17:52:43.684296 INFO::Fitting model to feature number 2233, maxbin_ERR6275673.018
2025-11-26 17:52:43.711051 INFO::Fitting model to feature number 2234, metabat_ERR6281433.6_sub
2025-11-26 17:52:43.736309 INFO::Fitting model to feature number 2235, maxbin_SRR16554744.010
2025-11-26 17:52:43.763286 INFO::Fitting model to feature number 2236, maxbin_SRR16554743.001_sub
2025-11-26 17:52:43.793203 INFO::Fitting model to feature number 2237, metabat_SRR11413652.11
2025-11-26 17:52:43.826349 INFO::Fitting model to feature number 2238, maxbin_ERR12405976.034_sub
2025-11-26 17:52:43.857741 INFO::Fitting model to feature number 2239, metabat_ERR12406011.21
2025-11-26 17:52:43.884825 INFO::Fitting model to feature number 2240, metabat_ERR6232522.16_sub
2025-11-26 17:52:43.914221 INFO::Fitting model to feature number 2241, metabat_SRR11413690.35_sub
2025-11-26 17:52:43.93987 INFO::Fitting model to feature number 2242, maxbin_ERR6275673.006
2025-11-26 17:52:43.966994 INFO::Fitting model to feature number 2243, metabat_ERR12405965.3
2025-11-26 17:52:43.991978 INFO::Fitting model to feature number 2244, maxbin_SRR5930502.001
2025-11-26 17:52:44.018174 INFO::Fitting model to feature number 2245, maxbin_ERR12405972.021
2025-11-26 17:52:44.043872 INFO::Fitting model to feature number 2246, semibin_ERR6275680.30
2025-11-26 17:52:44.068937 INFO::Fitting model to feature number 2247, metabat_SRR13068851.25
2025-11-26 17:52:44.104382 INFO::Fitting model to feature number 2248, metabat_ERR6281942.41_sub
2025-11-26 17:52:44.130627 INFO::Fitting model to feature number 2249, semibin_ERR6279659.23
2025-11-26 17:52:44.158259 INFO::Fitting model to feature number 2250, semibin_ERR12405981.28
2025-11-26 17:52:44.183142 INFO::Fitting model to feature number 2251, metabat_ERR12405920.6_sub
2025-11-26 17:52:44.209057 INFO::Fitting model to feature number 2252, maxbin_SRR20881988.009
2025-11-26 17:52:44.233387 INFO::Fitting model to feature number 2253, metabat_SRR16554789.32
2025-11-26 17:52:44.279727 INFO::Fitting model to feature number 2254, semibin_ERR12405942.29
2025-11-26 17:52:44.30563 INFO::Fitting model to feature number 2255, maxbin_SRR5930517.025_sub
2025-11-26 17:52:44.330025 INFO::Fitting model to feature number 2256, metabat_ERR6281505.29
2025-11-26 17:52:44.355882 INFO::Fitting model to feature number 2257, semibin_SRR16168913.75
2025-11-26 17:52:44.380358 INFO::Fitting model to feature number 2258, maxbin_ERR12406008.002_sub
2025-11-26 17:52:44.412329 INFO::Fitting model to feature number 2259, semibin_SRR13068846.36
2025-11-26 17:52:44.438378 INFO::Fitting model to feature number 2260, maxbin_ERR6231475.011
2025-11-26 17:52:44.465261 INFO::Fitting model to feature number 2261, metabat_ERR12405943.44_sub
2025-11-26 17:52:44.489331 INFO::Fitting model to feature number 2262, semibin_SRR25825505.38
2025-11-26 17:52:44.515247 INFO::Fitting model to feature number 2263, metabat_SRR6000873.2
2025-11-26 17:52:44.540235 INFO::Fitting model to feature number 2264, semibin_SRR25825510.24
2025-11-26 17:52:44.566624 INFO::Fitting model to feature number 2265, semibin_SRR16554718.17_sub
2025-11-26 17:52:44.592517 INFO::Fitting model to feature number 2266, semibin_SRR6000877.55
2025-11-26 17:52:44.618163 INFO::Fitting model to feature number 2267, semibin_SRR5930497.86_sub
2025-11-26 17:52:44.644635 INFO::Fitting model to feature number 2268, metabat_ERR12406012.1_sub
2025-11-26 17:52:44.670632 INFO::Fitting model to feature number 2269, semibin_SRR11413657.118
2025-11-26 17:52:44.696715 INFO::Fitting model to feature number 2270, metabat_ERR6281342.22
2025-11-26 17:52:44.721492 INFO::Fitting model to feature number 2271, semibin_ERR12405952.7
2025-11-26 17:52:44.754835 INFO::Fitting model to feature number 2272, semibin_SRR5930520.180
2025-11-26 17:52:44.779958 INFO::Fitting model to feature number 2273, maxbin_SRR16168984.062
2025-11-26 17:52:44.810466 INFO::Fitting model to feature number 2274, maxbin_SRR25825500.013_sub
2025-11-26 17:52:44.836089 INFO::Fitting model to feature number 2275, semibin_SRR6000947.34_sub
2025-11-26 17:52:44.862429 INFO::Fitting model to feature number 2276, semibin_SRR11413608.121
2025-11-26 17:52:44.888321 INFO::Fitting model to feature number 2277, semibin_ERR12405974.32
2025-11-26 17:52:44.91509 INFO::Fitting model to feature number 2278, maxbin_ERR6279619.020
2025-11-26 17:52:44.942224 INFO::Fitting model to feature number 2279, semibin_ERR6279647.53
2025-11-26 17:52:44.996032 INFO::Fitting model to feature number 2280, maxbin_SRR11413681.015_sub
2025-11-26 17:52:45.036016 INFO::Fitting model to feature number 2281, semibin_ERR6279628.83_sub
2025-11-26 17:52:45.067394 INFO::Fitting model to feature number 2282, metabat_SRR23364213.3_sub
2025-11-26 17:52:45.100439 INFO::Fitting model to feature number 2283, metabat_SRR23364189.40
2025-11-26 17:52:45.125921 INFO::Fitting model to feature number 2284, semibin_SRR11413618.113_sub
2025-11-26 17:52:45.152858 INFO::Fitting model to feature number 2285, metabat_SRR13068853.29
2025-11-26 17:52:45.177698 INFO::Fitting model to feature number 2286, metabat_SRR16554636.10
2025-11-26 17:52:45.203897 INFO::Fitting model to feature number 2287, metabat_ERR6275677.50
2025-11-26 17:52:45.229227 INFO::Fitting model to feature number 2288, semibin_SRR13068841.58
2025-11-26 17:52:45.256955 INFO::Fitting model to feature number 2289, maxbin_SRR6000946.001
2025-11-26 17:52:45.282293 INFO::Fitting model to feature number 2290, semibin_ERR12405997.28
2025-11-26 17:52:45.309 INFO::Fitting model to feature number 2291, metabat_SRR6000949.29
2025-11-26 17:52:45.333662 INFO::Fitting model to feature number 2292, metabat_ERR6229432.22_sub
2025-11-26 17:52:45.369576 INFO::Fitting model to feature number 2293, metabat_ERR6239139.41
2025-11-26 17:52:45.398549 INFO::Fitting model to feature number 2294, semibin_ERR6279650.34
2025-11-26 17:52:45.426347 INFO::Fitting model to feature number 2295, metabat_SRR23364178.39_sub
2025-11-26 17:52:45.453292 INFO::Fitting model to feature number 2296, semibin_ERR6267711.1
2025-11-26 17:52:45.478747 INFO::Fitting model to feature number 2297, metabat_ERR6236131.13
2025-11-26 17:52:45.504205 INFO::Fitting model to feature number 2298, semibin_SRR13022423.21
2025-11-26 17:52:45.529061 INFO::Fitting model to feature number 2299, metabat_ERR6257997.12
2025-11-26 17:52:45.554981 INFO::Fitting model to feature number 2300, metabat_SRR5930493.50_sub
2025-11-26 17:52:45.579149 INFO::Fitting model to feature number 2301, semibin_SRR20881980.25
2025-11-26 17:52:45.60487 INFO::Fitting model to feature number 2302, maxbin_SRR16554636.007
2025-11-26 17:52:45.629464 INFO::Fitting model to feature number 2303, semibin_SRR16168930.147
2025-11-26 17:52:45.656028 INFO::Fitting model to feature number 2304, metabat_SRR11413679.3
2025-11-26 17:52:45.684263 INFO::Fitting model to feature number 2305, semibin_SRR23364171.26
2025-11-26 17:52:45.717858 INFO::Fitting model to feature number 2306, semibin_ERR6279651.16
2025-11-26 17:52:45.766691 INFO::Fitting model to feature number 2307, semibin_SRR11413649.46
2025-11-26 17:52:45.793251 INFO::Fitting model to feature number 2308, semibin_SRR23364191.73
2025-11-26 17:52:45.818276 INFO::Fitting model to feature number 2309, semibin_ERR12406015.22_sub
2025-11-26 17:52:45.844179 INFO::Fitting model to feature number 2310, semibin_ERR6279622.17
2025-11-26 17:52:45.869183 INFO::Fitting model to feature number 2311, maxbin_SRR13022453.007_sub
2025-11-26 17:52:45.892651 INFO::Fitting model to feature number 2312, maxbin_SRR16168969.005
2025-11-26 17:52:45.916477 INFO::Fitting model to feature number 2313, semibin_SRR5930530.132
2025-11-26 17:52:45.941894 INFO::Fitting model to feature number 2314, semibin_SRR11413690.9
2025-11-26 17:52:45.972219 INFO::Fitting model to feature number 2315, metabat_ERR6275675.32_sub
2025-11-26 17:52:46.001248 INFO::Fitting model to feature number 2316, metabat_SRR8387677.42
2025-11-26 17:52:46.03396 INFO::Fitting model to feature number 2317, semibin_ERR6275663.75_sub
2025-11-26 17:52:46.058999 INFO::Fitting model to feature number 2318, metabat_SRR13022456.4
2025-11-26 17:52:46.085953 INFO::Fitting model to feature number 2319, maxbin_ERR6279659.004_sub
2025-11-26 17:52:46.111118 INFO::Fitting model to feature number 2320, semibin_SRR5930517.66
2025-11-26 17:52:46.1374 INFO::Fitting model to feature number 2321, semibin_SRR11413649.38_sub
2025-11-26 17:52:46.162229 INFO::Fitting model to feature number 2322, semibin_SRR11413691.23
2025-11-26 17:52:46.188701 INFO::Fitting model to feature number 2323, semibin_ERR6280899.148
2025-11-26 17:52:46.214273 INFO::Fitting model to feature number 2324, semibin_SRR11413618.43_sub
2025-11-26 17:52:46.239461 INFO::Fitting model to feature number 2325, semibin_ERR6267712.70
2025-11-26 17:52:46.273636 INFO::Fitting model to feature number 2326, metabat_SRR16554779.19
2025-11-26 17:52:46.300686 INFO::Fitting model to feature number 2327, semibin_SRR23364231.16
2025-11-26 17:52:46.32985 INFO::Fitting model to feature number 2328, semibin_SRR6000932.54
2025-11-26 17:52:46.354921 INFO::Fitting model to feature number 2329, maxbin_SRR16554760.005
2025-11-26 17:52:46.38138 INFO::Fitting model to feature number 2330, metabat_SRR16554656.29
2025-11-26 17:52:46.405832 INFO::Fitting model to feature number 2331, semibin_ERR6281751.22
2025-11-26 17:52:46.431831 INFO::Fitting model to feature number 2332, metabat_ERR6275678.3
2025-11-26 17:52:46.456173 INFO::Fitting model to feature number 2333, semibin_SRR5930506.126
2025-11-26 17:52:46.500216 INFO::Fitting model to feature number 2334, semibin_SRR13068823.83
2025-11-26 17:52:46.526631 INFO::Fitting model to feature number 2335, metabat_SRR16554757.37
2025-11-26 17:52:46.55122 INFO::Fitting model to feature number 2336, semibin_ERR12405934.0
2025-11-26 17:52:46.58375 INFO::Fitting model to feature number 2337, semibin_ERR6275668.170
2025-11-26 17:52:46.61289 INFO::Fitting model to feature number 2338, metabat_SRR13068834.35
2025-11-26 17:52:46.64081 INFO::Fitting model to feature number 2339, metabat_SRR5930494.44
2025-11-26 17:52:46.667159 INFO::Fitting model to feature number 2340, semibin_ERR12405946.2
2025-11-26 17:52:46.692873 INFO::Fitting model to feature number 2341, metabat_ERR6279648.17_sub
2025-11-26 17:52:46.718933 INFO::Fitting model to feature number 2342, metabat_ERR6231475.22_sub
2025-11-26 17:52:46.744004 INFO::Fitting model to feature number 2343, maxbin_SRR8387676.013_sub
2025-11-26 17:52:46.770385 INFO::Fitting model to feature number 2344, metabat_ERR6279616.16
2025-11-26 17:52:46.795219 INFO::Fitting model to feature number 2345, semibin_ERR6232688.40_sub
2025-11-26 17:52:46.821032 INFO::Fitting model to feature number 2346, maxbin_SRR16554660.004
2025-11-26 17:52:46.84586 INFO::Fitting model to feature number 2347, semibin_SRR16168984.61
2025-11-26 17:52:46.878114 INFO::Fitting model to feature number 2348, semibin_ERR6275680.27
2025-11-26 17:52:46.903205 INFO::Fitting model to feature number 2349, semibin_SRR11413656.61
2025-11-26 17:52:46.931666 INFO::Fitting model to feature number 2350, maxbin_SRR5930508.015
2025-11-26 17:52:46.957191 INFO::Fitting model to feature number 2351, metabat_ERR6279628.28
2025-11-26 17:52:46.983219 INFO::Fitting model to feature number 2352, maxbin_ERR6281342.028
2025-11-26 17:52:47.008419 INFO::Fitting model to feature number 2353, metabat_SRR20881984.45
2025-11-26 17:52:47.033841 INFO::Fitting model to feature number 2354, metabat_SRR16554777.11
2025-11-26 17:52:47.058837 INFO::Fitting model to feature number 2355, maxbin_SRR16554777.024_sub
2025-11-26 17:52:47.083983 INFO::Fitting model to feature number 2356, semibin_ERR12405939.57_sub
2025-11-26 17:52:47.109809 INFO::Fitting model to feature number 2357, maxbin_SRR20881987.014_sub
2025-11-26 17:52:47.134607 INFO::Fitting model to feature number 2358, semibin_SRR11413649.8
2025-11-26 17:52:47.166685 INFO::Fitting model to feature number 2359, semibin_SRR25825504.106
2025-11-26 17:52:47.192949 INFO::Fitting model to feature number 2360, semibin_SRR6000909.45
2025-11-26 17:52:47.242016 INFO::Fitting model to feature number 2361, semibin_SRR23364196.25
2025-11-26 17:52:47.267946 INFO::Fitting model to feature number 2362, maxbin_ERR6279677.010
2025-11-26 17:52:47.292313 INFO::Fitting model to feature number 2363, semibin_SRR5930531.137
2025-11-26 17:52:47.317401 INFO::Fitting model to feature number 2364, maxbin_ERR6243878.014_sub
2025-11-26 17:52:47.34175 INFO::Fitting model to feature number 2365, maxbin_ERR12406007.007
2025-11-26 17:52:47.367456 INFO::Fitting model to feature number 2366, metabat_ERR6275663.73
2025-11-26 17:52:47.391794 INFO::Fitting model to feature number 2367, metabat_SRR13068843.23
2025-11-26 17:52:47.4172 INFO::Fitting model to feature number 2368, metabat_SRR6000894.44
2025-11-26 17:52:47.441803 INFO::Fitting model to feature number 2369, metabat_SRR11413691.28
2025-11-26 17:52:47.47558 INFO::Fitting model to feature number 2370, metabat_ERR12405995.34
2025-11-26 17:52:47.501838 INFO::Fitting model to feature number 2371, semibin_ERR6254871.7
2025-11-26 17:52:47.528216 INFO::Fitting model to feature number 2372, maxbin_SRR11413608.006
2025-11-26 17:52:47.551912 INFO::Fitting model to feature number 2373, semibin_SRR16554790.12
2025-11-26 17:52:47.578088 INFO::Fitting model to feature number 2374, metabat_SRR16554687.21
2025-11-26 17:52:47.602514 INFO::Fitting model to feature number 2375, semibin_SRR16554715.19
2025-11-26 17:52:47.62848 INFO::Fitting model to feature number 2376, semibin_ERR12406006.56
2025-11-26 17:52:47.653718 INFO::Fitting model to feature number 2377, metabat_ERR12405992.35_sub
2025-11-26 17:52:47.678841 INFO::Fitting model to feature number 2378, semibin_ERR6282137.82
2025-11-26 17:52:47.704095 INFO::Fitting model to feature number 2379, semibin_SRR6000946.68
2025-11-26 17:52:47.728497 INFO::Fitting model to feature number 2380, semibin_SRR11413683.84
2025-11-26 17:52:47.759009 INFO::Fitting model to feature number 2381, maxbin_SRR11413687.043
2025-11-26 17:52:47.784557 INFO::Fitting model to feature number 2382, semibin_SRR5930526.3
2025-11-26 17:52:47.812114 INFO::Fitting model to feature number 2383, semibin_SRR25825499.84
2025-11-26 17:52:47.836197 INFO::Fitting model to feature number 2384, semibin_ERR6233693.3_sub
2025-11-26 17:52:47.861749 INFO::Fitting model to feature number 2385, semibin_SRR23364176.76
2025-11-26 17:52:47.886187 INFO::Fitting model to feature number 2386, maxbin_SRR6000949.021_sub
2025-11-26 17:52:47.911667 INFO::Fitting model to feature number 2387, semibin_ERR6243877.15_sub
2025-11-26 17:52:47.956374 INFO::Fitting model to feature number 2388, metabat_SRR13022456.2
2025-11-26 17:52:47.981734 INFO::Fitting model to feature number 2389, semibin_SRR16168938.32
2025-11-26 17:52:48.007616 INFO::Fitting model to feature number 2390, metabat_ERR6279629.12_sub
2025-11-26 17:52:48.0317 INFO::Fitting model to feature number 2391, metabat_ERR6232425.9
2025-11-26 17:52:48.070645 INFO::Fitting model to feature number 2392, semibin_SRR16168896.8
2025-11-26 17:52:48.096557 INFO::Fitting model to feature number 2393, semibin_ERR6279628.63
2025-11-26 17:52:48.123106 INFO::Fitting model to feature number 2394, metabat_SRR25825521.35
2025-11-26 17:52:48.148597 INFO::Fitting model to feature number 2395, semibin_ERR12405932.31
2025-11-26 17:52:48.175513 INFO::Fitting model to feature number 2396, maxbin_SRR16168986.013_sub
2025-11-26 17:52:48.201303 INFO::Fitting model to feature number 2397, metabat_ERR12405960.21
2025-11-26 17:52:48.228044 INFO::Fitting model to feature number 2398, semibin_ERR12405916.3
2025-11-26 17:52:48.254165 INFO::Fitting model to feature number 2399, semibin_ERR6279666.67
2025-11-26 17:52:48.279782 INFO::Fitting model to feature number 2400, semibin_ERR6279626.59
2025-11-26 17:52:48.305444 INFO::Fitting model to feature number 2401, metabat_ERR6275652.45
2025-11-26 17:52:48.330635 INFO::Fitting model to feature number 2402, semibin_SRR6000899.149
2025-11-26 17:52:48.359503 INFO::Fitting model to feature number 2403, semibin_ERR6264280.93
2025-11-26 17:52:48.387626 INFO::Fitting model to feature number 2404, maxbin_ERR6233695.008
2025-11-26 17:52:48.415086 INFO::Fitting model to feature number 2405, semibin_SRR5930527.76
2025-11-26 17:52:48.43958 INFO::Fitting model to feature number 2406, metabat_ERR6254871.61
2025-11-26 17:52:48.464225 INFO::Fitting model to feature number 2407, semibin_ERR12405995.25
2025-11-26 17:52:48.489172 INFO::Fitting model to feature number 2408, semibin_ERR6279671.28_sub
2025-11-26 17:52:48.51401 INFO::Fitting model to feature number 2409, metabat_SRR11413610.65_sub
2025-11-26 17:52:48.538619 INFO::Fitting model to feature number 2410, semibin_SRR16554634.8_sub
2025-11-26 17:52:48.564231 INFO::Fitting model to feature number 2411, metabat_SRR11413608.70
2025-11-26 17:52:48.590274 INFO::Fitting model to feature number 2412, metabat_SRR25825516.12
2025-11-26 17:52:48.615843 INFO::Fitting model to feature number 2413, semibin_SRR23364240.28_sub
2025-11-26 17:52:48.640581 INFO::Fitting model to feature number 2414, metabat_SRR23364176.34
2025-11-26 17:52:48.69935 INFO::Fitting model to feature number 2415, metabat_SRR16168940.14
2025-11-26 17:52:48.728459 INFO::Fitting model to feature number 2416, semibin_SRR5930527.83_sub
2025-11-26 17:52:48.752587 INFO::Fitting model to feature number 2417, maxbin_SRR11413610.004
2025-11-26 17:52:48.778446 INFO::Fitting model to feature number 2418, metabat_ERR6279680.20_sub
2025-11-26 17:52:48.802502 INFO::Fitting model to feature number 2419, maxbin_ERR6254871.004
2025-11-26 17:52:48.828342 INFO::Fitting model to feature number 2420, semibin_ERR6230340.39
2025-11-26 17:52:48.852301 INFO::Fitting model to feature number 2421, maxbin_ERR6279649.018
2025-11-26 17:52:48.878125 INFO::Fitting model to feature number 2422, metabat_ERR6232529.10
2025-11-26 17:52:48.902422 INFO::Fitting model to feature number 2423, maxbin_SRR11413618.087_sub
2025-11-26 17:52:48.927498 INFO::Fitting model to feature number 2424, metabat_SRR16554758.22
2025-11-26 17:52:48.955441 INFO::Fitting model to feature number 2425, semibin_ERR6279676.80_sub
2025-11-26 17:52:48.983719 INFO::Fitting model to feature number 2426, semibin_SRR13022263.2
2025-11-26 17:52:49.013421 INFO::Fitting model to feature number 2427, semibin_ERR6279669.31_sub
2025-11-26 17:52:49.037862 INFO::Fitting model to feature number 2428, maxbin_SRR5930533.003
2025-11-26 17:52:49.063877 INFO::Fitting model to feature number 2429, metabat_ERR6279646.8_sub
2025-11-26 17:52:49.087752 INFO::Fitting model to feature number 2430, metabat_ERR12405932.24
2025-11-26 17:52:49.1135 INFO::Fitting model to feature number 2431, semibin_ERR6275666.59
2025-11-26 17:52:49.137433 INFO::Fitting model to feature number 2432, maxbin_SRR13068819.002
2025-11-26 17:52:49.163923 INFO::Fitting model to feature number 2433, semibin_SRR13068819.18
2025-11-26 17:52:49.188779 INFO::Fitting model to feature number 2434, semibin_ERR12405955.60
2025-11-26 17:52:49.215614 INFO::Fitting model to feature number 2435, maxbin_ERR6275680.033
2025-11-26 17:52:49.239975 INFO::Fitting model to feature number 2436, semibin_SRR16554628.84
2025-11-26 17:52:49.276687 INFO::Fitting model to feature number 2437, metabat_SRR6000949.42_sub
2025-11-26 17:52:49.304707 INFO::Fitting model to feature number 2438, semibin_ERR6267711.46
2025-11-26 17:52:49.330705 INFO::Fitting model to feature number 2439, semibin_ERR6279666.83
2025-11-26 17:52:49.354924 INFO::Fitting model to feature number 2440, metabat_SRR11413618.80
2025-11-26 17:52:49.380428 INFO::Fitting model to feature number 2441, metabat_ERR12406013.34
2025-11-26 17:52:49.426802 INFO::Fitting model to feature number 2442, semibin_SRR11413614.5_sub
2025-11-26 17:52:49.453018 INFO::Fitting model to feature number 2443, maxbin_SRR5930511.004
2025-11-26 17:52:49.478619 INFO::Fitting model to feature number 2444, semibin_SRR5930498.210
2025-11-26 17:52:49.51201 INFO::Fitting model to feature number 2445, maxbin_SRR16554769.015_sub
2025-11-26 17:52:49.540007 INFO::Fitting model to feature number 2446, semibin_SRR16554651.34_sub
2025-11-26 17:52:49.56798 INFO::Fitting model to feature number 2447, semibin_ERR12405970.21
2025-11-26 17:52:49.593143 INFO::Fitting model to feature number 2448, maxbin_SRR11413649.001
2025-11-26 17:52:49.619722 INFO::Fitting model to feature number 2449, metabat_ERR12405928.43
2025-11-26 17:52:49.643689 INFO::Fitting model to feature number 2450, metabat_ERR6279670.21
2025-11-26 17:52:49.669504 INFO::Fitting model to feature number 2451, maxbin_ERR6233694.003_sub
2025-11-26 17:52:49.693802 INFO::Fitting model to feature number 2452, metabat_ERR6281518.47
2025-11-26 17:52:49.719576 INFO::Fitting model to feature number 2453, semibin_SRR11413606.86
2025-11-26 17:52:49.743732 INFO::Fitting model to feature number 2454, semibin_ERR6275666.75
2025-11-26 17:52:49.769119 INFO::Fitting model to feature number 2455, maxbin_SRR5930508.022
2025-11-26 17:52:49.793207 INFO::Fitting model to feature number 2456, metabat_SRR13068815.50
2025-11-26 17:52:49.826689 INFO::Fitting model to feature number 2457, metabat_ERR12405931.15
2025-11-26 17:52:49.854548 INFO::Fitting model to feature number 2458, maxbin_SRR16554647.016
2025-11-26 17:52:49.883089 INFO::Fitting model to feature number 2459, semibin_ERR6281341.23_sub
2025-11-26 17:52:49.908224 INFO::Fitting model to feature number 2460, semibin_ERR6275668.67
2025-11-26 17:52:49.934147 INFO::Fitting model to feature number 2461, metabat_SRR11413683.6_sub
2025-11-26 17:52:49.959097 INFO::Fitting model to feature number 2462, maxbin_SRR5930529.037
2025-11-26 17:52:49.984381 INFO::Fitting model to feature number 2463, maxbin_SRR11413678.048
2025-11-26 17:52:50.00942 INFO::Fitting model to feature number 2464, maxbin_SRR16168918.066
2025-11-26 17:52:50.033906 INFO::Fitting model to feature number 2465, semibin_SRR16168940.27
2025-11-26 17:52:50.060238 INFO::Fitting model to feature number 2466, maxbin_SRR11413691.015_sub
2025-11-26 17:52:50.084691 INFO::Fitting model to feature number 2467, semibin_SRR13068843.62_sub
2025-11-26 17:52:50.123198 INFO::Fitting model to feature number 2468, metabat_ERR12405955.28
2025-11-26 17:52:50.167764 INFO::Fitting model to feature number 2469, metabat_SRR16168945.34
2025-11-26 17:52:50.193124 INFO::Fitting model to feature number 2470, semibin_ERR6279626.1
2025-11-26 17:52:50.218188 INFO::Fitting model to feature number 2471, maxbin_ERR6281586.033
2025-11-26 17:52:50.243843 INFO::Fitting model to feature number 2472, metabat_ERR12406004.16
2025-11-26 17:52:50.268311 INFO::Fitting model to feature number 2473, semibin_SRR6000901.38
2025-11-26 17:52:50.293435 INFO::Fitting model to feature number 2474, metabat_ERR12405984.37
2025-11-26 17:52:50.31762 INFO::Fitting model to feature number 2475, semibin_ERR12405961.52
2025-11-26 17:52:50.34359 INFO::Fitting model to feature number 2476, semibin_ERR6279666.66
2025-11-26 17:52:50.367965 INFO::Fitting model to feature number 2477, semibin_SRR11413619.8_sub
2025-11-26 17:52:50.393082 INFO::Fitting model to feature number 2478, metabat_ERR6279657.98_sub
2025-11-26 17:52:50.423012 INFO::Fitting model to feature number 2479, metabat_SRR16554725.6
2025-11-26 17:52:50.449438 INFO::Fitting model to feature number 2480, metabat_ERR12405961.39_sub
2025-11-26 17:52:50.476923 INFO::Fitting model to feature number 2481, semibin_SRR25825512.2_sub
2025-11-26 17:52:50.501419 INFO::Fitting model to feature number 2482, semibin_ERR12405955.23_sub
2025-11-26 17:52:50.527269 INFO::Fitting model to feature number 2483, semibin_ERR12405994.32
2025-11-26 17:52:50.551713 INFO::Fitting model to feature number 2484, semibin_ERR6281658.16
2025-11-26 17:52:50.577524 INFO::Fitting model to feature number 2485, semibin_ERR6279628.51
2025-11-26 17:52:50.602218 INFO::Fitting model to feature number 2486, maxbin_SRR5930507.019
2025-11-26 17:52:50.627486 INFO::Fitting model to feature number 2487, metabat_ERR6232523.20_sub
2025-11-26 17:52:50.651796 INFO::Fitting model to feature number 2488, metabat_ERR6275673.75
2025-11-26 17:52:50.677211 INFO::Fitting model to feature number 2489, metabat_ERR12405915.31
2025-11-26 17:52:50.70053 INFO::Fitting model to feature number 2490, metabat_ERR6230245.15
2025-11-26 17:52:50.737144 INFO::Fitting model to feature number 2491, metabat_SRR11413690.18
2025-11-26 17:52:50.762655 INFO::Fitting model to feature number 2492, semibin_SRR11413657.184
2025-11-26 17:52:50.789184 INFO::Fitting model to feature number 2493, metabat_ERR6233695.27
2025-11-26 17:52:50.812752 INFO::Fitting model to feature number 2494, maxbin_SRR11413645.052
2025-11-26 17:52:50.838545 INFO::Fitting model to feature number 2495, semibin_SRR20881974.45_sub
2025-11-26 17:52:50.882125 INFO::Fitting model to feature number 2496, metabat_SRR16554760.8_sub
2025-11-26 17:52:50.906299 INFO::Fitting model to feature number 2497, semibin_ERR6279669.43
2025-11-26 17:52:50.931934 INFO::Fitting model to feature number 2498, metabat_SRR13068847.11
2025-11-26 17:52:50.955976 INFO::Fitting model to feature number 2499, semibin_SRR16554684.32
2025-11-26 17:52:50.981452 INFO::Fitting model to feature number 2500, metabat_ERR6232524.62
2025-11-26 17:52:51.005161 INFO::Fitting model to feature number 2501, maxbin_SRR5930503.014
2025-11-26 17:52:51.038066 INFO::Fitting model to feature number 2502, semibin_SRR23364194.77
2025-11-26 17:52:51.063011 INFO::Fitting model to feature number 2503, maxbin_SRR16168926.001_sub
2025-11-26 17:52:51.090567 INFO::Fitting model to feature number 2504, metabat_SRR25825499.18
2025-11-26 17:52:51.114596 INFO::Fitting model to feature number 2505, semibin_ERR6235718.14
2025-11-26 17:52:51.140406 INFO::Fitting model to feature number 2506, semibin_ERR6275674.52
2025-11-26 17:52:51.164461 INFO::Fitting model to feature number 2507, maxbin_SRR11413692.010
2025-11-26 17:52:51.190122 INFO::Fitting model to feature number 2508, metabat_ERR6235717.12
2025-11-26 17:52:51.214234 INFO::Fitting model to feature number 2509, semibin_ERR6232425.8
2025-11-26 17:52:51.240567 INFO::Fitting model to feature number 2510, metabat_SRR11413679.7
2025-11-26 17:52:51.265123 INFO::Fitting model to feature number 2511, maxbin_ERR6281448.001
2025-11-26 17:52:51.291103 INFO::Fitting model to feature number 2512, metabat_SRR6000932.38
2025-11-26 17:52:51.3143 INFO::Fitting model to feature number 2513, maxbin_ERR6229432.012
2025-11-26 17:52:51.345741 INFO::Fitting model to feature number 2514, semibin_ERR6282137.80
2025-11-26 17:52:51.370424 INFO::Fitting model to feature number 2515, maxbin_SRR16554633.011
2025-11-26 17:52:51.398961 INFO::Fitting model to feature number 2516, metabat_SRR16554632.20
2025-11-26 17:52:51.423254 INFO::Fitting model to feature number 2517, metabat_SRR16554769.2
2025-11-26 17:52:51.44868 INFO::Fitting model to feature number 2518, maxbin_SRR13022364.001
2025-11-26 17:52:51.472777 INFO::Fitting model to feature number 2519, maxbin_SRR13068818.027_sub
2025-11-26 17:52:51.498152 INFO::Fitting model to feature number 2520, semibin_ERR12405939.30
2025-11-26 17:52:51.52254 INFO::Fitting model to feature number 2521, semibin_ERR12405928.58
2025-11-26 17:52:51.567864 INFO::Fitting model to feature number 2522, semibin_SRR8387683.34_sub
2025-11-26 17:52:51.594672 INFO::Fitting model to feature number 2523, metabat_ERR12405935.40
2025-11-26 17:52:51.619529 INFO::Fitting model to feature number 2524, semibin_ERR6281448.108_sub
2025-11-26 17:52:51.648699 INFO::Fitting model to feature number 2525, maxbin_ERR6281434.009_sub
2025-11-26 17:52:51.675773 INFO::Fitting model to feature number 2526, semibin_SRR5930520.204
2025-11-26 17:52:51.702755 INFO::Fitting model to feature number 2527, metabat_SRR16554651.36
2025-11-26 17:52:51.72733 INFO::Fitting model to feature number 2528, metabat_ERR12406003.35
2025-11-26 17:52:51.751456 INFO::Fitting model to feature number 2529, metabat_ERR12405911.15
2025-11-26 17:52:51.777981 INFO::Fitting model to feature number 2530, semibin_ERR6232688.3_sub
2025-11-26 17:52:51.802753 INFO::Fitting model to feature number 2531, maxbin_SRR5930520.011
2025-11-26 17:52:51.828426 INFO::Fitting model to feature number 2532, maxbin_SRR11413615.013
2025-11-26 17:52:51.852592 INFO::Fitting model to feature number 2533, maxbin_SRR16554740.019
2025-11-26 17:52:51.878421 INFO::Fitting model to feature number 2534, maxbin_SRR16168940.020_sub
2025-11-26 17:52:51.903701 INFO::Fitting model to feature number 2535, semibin_SRR6000893.3
2025-11-26 17:52:51.929264 INFO::Fitting model to feature number 2536, metabat_SRR25825506.41
2025-11-26 17:52:51.957089 INFO::Fitting model to feature number 2537, metabat_ERR6279622.15
2025-11-26 17:52:51.989825 INFO::Fitting model to feature number 2538, semibin_ERR12405987.20
2025-11-26 17:52:52.015469 INFO::Fitting model to feature number 2539, maxbin_SRR11413618.020
2025-11-26 17:52:52.041539 INFO::Fitting model to feature number 2540, metabat_SRR11413653.56
2025-11-26 17:52:52.065449 INFO::Fitting model to feature number 2541, metabat_SRR16554660.42
2025-11-26 17:52:52.091472 INFO::Fitting model to feature number 2542, semibin_SRR16554639.10
2025-11-26 17:52:52.115513 INFO::Fitting model to feature number 2543, semibin_SRR16168940.32
2025-11-26 17:52:52.141118 INFO::Fitting model to feature number 2544, semibin_SRR23364194.25
2025-11-26 17:52:52.164671 INFO::Fitting model to feature number 2545, metabat_ERR6233695.65_sub
2025-11-26 17:52:52.188832 INFO::Fitting model to feature number 2546, semibin_ERR6275669.54
2025-11-26 17:52:52.213961 INFO::Fitting model to feature number 2547, metabat_ERR6279672.6
2025-11-26 17:52:52.23926 INFO::Fitting model to feature number 2548, metabat_ERR6281500.32
2025-11-26 17:52:52.283678 INFO::Fitting model to feature number 2549, maxbin_SRR5930507.005
2025-11-26 17:52:52.318199 INFO::Fitting model to feature number 2550, metabat_SRR20881978.1_sub
2025-11-26 17:52:52.344711 INFO::Fitting model to feature number 2551, metabat_SRR16554669.42
2025-11-26 17:52:52.370389 INFO::Fitting model to feature number 2552, metabat_SRR16554641.12
2025-11-26 17:52:52.39472 INFO::Fitting model to feature number 2553, semibin_SRR11413652.9_sub
2025-11-26 17:52:52.420669 INFO::Fitting model to feature number 2554, semibin_ERR6279676.74
2025-11-26 17:52:52.445019 INFO::Fitting model to feature number 2555, semibin_SRR16554660.115
2025-11-26 17:52:52.470986 INFO::Fitting model to feature number 2556, maxbin_SRR23364170.010_sub
2025-11-26 17:52:52.495601 INFO::Fitting model to feature number 2557, semibin_SRR16168985.93
2025-11-26 17:52:52.520919 INFO::Fitting model to feature number 2558, metabat_ERR12405943.30
2025-11-26 17:52:52.545956 INFO::Fitting model to feature number 2559, semibin_SRR16554671.39
2025-11-26 17:52:52.571078 INFO::Fitting model to feature number 2560, maxbin_SRR5930501.008
2025-11-26 17:52:52.597587 INFO::Fitting model to feature number 2561, semibin_SRR11413657.56
2025-11-26 17:52:52.626696 INFO::Fitting model to feature number 2562, maxbin_ERR12405934.015_sub
2025-11-26 17:52:52.651107 INFO::Fitting model to feature number 2563, metabat_ERR6279626.16
2025-11-26 17:52:52.680283 INFO::Fitting model to feature number 2564, metabat_ERR6275668.55
2025-11-26 17:52:52.704402 INFO::Fitting model to feature number 2565, metabat_SRR11413611.60
2025-11-26 17:52:52.730203 INFO::Fitting model to feature number 2566, semibin_SRR16554627.71
2025-11-26 17:52:52.754473 INFO::Fitting model to feature number 2567, maxbin_ERR6232527.010
2025-11-26 17:52:52.780236 INFO::Fitting model to feature number 2568, maxbin_SRR11413618.028
2025-11-26 17:52:52.804283 INFO::Fitting model to feature number 2569, metabat_SRR13068815.13_sub
2025-11-26 17:52:52.829804 INFO::Fitting model to feature number 2570, semibin_ERR6281518.42
2025-11-26 17:52:52.853923 INFO::Fitting model to feature number 2571, metabat_ERR6280907.89
2025-11-26 17:52:52.879235 INFO::Fitting model to feature number 2572, semibin_SRR5930497.77
2025-11-26 17:52:52.903034 INFO::Fitting model to feature number 2573, semibin_SRR11413678.51
2025-11-26 17:52:52.934337 INFO::Fitting model to feature number 2574, semibin_SRR16554777.37
2025-11-26 17:52:52.959327 INFO::Fitting model to feature number 2575, metabat_ERR6275667.18
2025-11-26 17:52:53.00666 INFO::Fitting model to feature number 2576, metabat_ERR6232526.19
2025-11-26 17:52:53.03215 INFO::Fitting model to feature number 2577, metabat_ERR12405973.26
2025-11-26 17:52:53.05666 INFO::Fitting model to feature number 2578, metabat_SRR25825514.34
2025-11-26 17:52:53.081913 INFO::Fitting model to feature number 2579, metabat_SRR16554757.25
2025-11-26 17:52:53.106832 INFO::Fitting model to feature number 2580, semibin_SRR16554766.58
2025-11-26 17:52:53.131977 INFO::Fitting model to feature number 2581, metabat_ERR12406004.31
2025-11-26 17:52:53.156435 INFO::Fitting model to feature number 2582, maxbin_ERR6279681.003
2025-11-26 17:52:53.181577 INFO::Fitting model to feature number 2583, semibin_ERR6279669.69
2025-11-26 17:52:53.206315 INFO::Fitting model to feature number 2584, semibin_SRR25825501.28
2025-11-26 17:52:53.236658 INFO::Fitting model to feature number 2585, maxbin_SRR25825518.017_sub
2025-11-26 17:52:53.263299 INFO::Fitting model to feature number 2586, maxbin_SRR16554626.019
2025-11-26 17:52:53.289814 INFO::Fitting model to feature number 2587, metabat_SRR20881983.76
2025-11-26 17:52:53.316421 INFO::Fitting model to feature number 2588, metabat_SRR11413618.92
2025-11-26 17:52:53.340868 INFO::Fitting model to feature number 2589, semibin_ERR6229432.4
2025-11-26 17:52:53.36629 INFO::Fitting model to feature number 2590, semibin_ERR6275665.68
2025-11-26 17:52:53.391226 INFO::Fitting model to feature number 2591, semibin_SRR16554650.13
2025-11-26 17:52:53.416814 INFO::Fitting model to feature number 2592, metabat_ERR6279624.22
2025-11-26 17:52:53.441222 INFO::Fitting model to feature number 2593, metabat_SRR13068826.29
2025-11-26 17:52:53.466639 INFO::Fitting model to feature number 2594, semibin_SRR5930512.42
2025-11-26 17:52:53.490587 INFO::Fitting model to feature number 2595, metabat_ERR6232527.17
2025-11-26 17:52:53.516006 INFO::Fitting model to feature number 2596, semibin_SRR5930528.78
2025-11-26 17:52:53.539497 INFO::Fitting model to feature number 2597, semibin_ERR6232521.2
2025-11-26 17:52:53.570746 INFO::Fitting model to feature number 2598, semibin_SRR20881987.22
2025-11-26 17:52:53.594523 INFO::Fitting model to feature number 2599, maxbin_ERR6275677.011
2025-11-26 17:52:53.621284 INFO::Fitting model to feature number 2600, metabat_SRR6000920.15
2025-11-26 17:52:53.645455 INFO::Fitting model to feature number 2601, metabat_SRR25825494.21
2025-11-26 17:52:53.670277 INFO::Fitting model to feature number 2602, maxbin_SRR11413614.027_sub
2025-11-26 17:52:53.714734 INFO::Fitting model to feature number 2603, metabat_ERR6279666.61
2025-11-26 17:52:53.740655 INFO::Fitting model to feature number 2604, semibin_SRR11413654.84
2025-11-26 17:52:53.764147 INFO::Fitting model to feature number 2605, metabat_SRR5930508.52
2025-11-26 17:52:53.79058 INFO::Fitting model to feature number 2606, metabat_SRR6000920.5_sub
2025-11-26 17:52:53.815092 INFO::Fitting model to feature number 2607, semibin_ERR12405944.21
2025-11-26 17:52:53.840245 INFO::Fitting model to feature number 2608, semibin_ERR6281500.169
2025-11-26 17:52:53.867027 INFO::Fitting model to feature number 2609, semibin_SRR6000908.41
2025-11-26 17:52:53.895784 INFO::Fitting model to feature number 2610, metabat_ERR6279625.50
2025-11-26 17:52:53.921398 INFO::Fitting model to feature number 2611, maxbin_ERR6275678.010
2025-11-26 17:52:53.949761 INFO::Fitting model to feature number 2612, metabat_SRR16554769.49
2025-11-26 17:52:53.973527 INFO::Fitting model to feature number 2613, semibin_SRR13068843.26
2025-11-26 17:52:53.99923 INFO::Fitting model to feature number 2614, semibin_SRR6000947.58_sub
2025-11-26 17:52:54.022752 INFO::Fitting model to feature number 2615, metabat_ERR6280899.67
2025-11-26 17:52:54.048495 INFO::Fitting model to feature number 2616, maxbin_SRR11413648.031
2025-11-26 17:52:54.072095 INFO::Fitting model to feature number 2617, semibin_ERR6280899.10
2025-11-26 17:52:54.09829 INFO::Fitting model to feature number 2618, metabat_ERR6239138.19
2025-11-26 17:52:54.121889 INFO::Fitting model to feature number 2619, semibin_ERR6275680.4
2025-11-26 17:52:54.147455 INFO::Fitting model to feature number 2620, maxbin_SRR25825515.021_sub
2025-11-26 17:52:54.174771 INFO::Fitting model to feature number 2621, semibin_ERR6235717.13
2025-11-26 17:52:54.203039 INFO::Fitting model to feature number 2622, maxbin_ERR12406003.003_sub
2025-11-26 17:52:54.22773 INFO::Fitting model to feature number 2623, semibin_ERR12405955.68
2025-11-26 17:52:54.256003 INFO::Fitting model to feature number 2624, maxbin_SRR5930505.002
2025-11-26 17:52:54.279169 INFO::Fitting model to feature number 2625, metabat_ERR6281997.12
2025-11-26 17:52:54.30502 INFO::Fitting model to feature number 2626, metabat_SRR16168986.30_sub
2025-11-26 17:52:54.328081 INFO::Fitting model to feature number 2627, semibin_ERR6282137.10
2025-11-26 17:52:54.353477 INFO::Fitting model to feature number 2628, semibin_ERR6279618.75_sub
2025-11-26 17:52:54.37787 INFO::Fitting model to feature number 2629, metabat_ERR6279620.12
2025-11-26 17:52:54.424004 INFO::Fitting model to feature number 2630, semibin_SRR5930495.18
2025-11-26 17:52:54.459285 INFO::Fitting model to feature number 2631, semibin_ERR6279644.71
2025-11-26 17:52:54.484249 INFO::Fitting model to feature number 2632, metabat_SRR11413654.79
2025-11-26 17:52:54.511705 INFO::Fitting model to feature number 2633, metabat_SRR13068843.10_sub
2025-11-26 17:52:54.536052 INFO::Fitting model to feature number 2634, metabat_SRR6000947.59
2025-11-26 17:52:54.5608 INFO::Fitting model to feature number 2635, semibin_SRR16554649.13
2025-11-26 17:52:54.58499 INFO::Fitting model to feature number 2636, metabat_ERR6279662.20
2025-11-26 17:52:54.609566 INFO::Fitting model to feature number 2637, metabat_ERR12405917.24
2025-11-26 17:52:54.634188 INFO::Fitting model to feature number 2638, metabat_ERR6281518.61_sub
2025-11-26 17:52:54.659267 INFO::Fitting model to feature number 2639, semibin_ERR12405943.65
2025-11-26 17:52:54.683959 INFO::Fitting model to feature number 2640, metabat_ERR6275669.24
2025-11-26 17:52:54.709204 INFO::Fitting model to feature number 2641, metabat_SRR13068823.23
2025-11-26 17:52:54.733534 INFO::Fitting model to feature number 2642, metabat_SRR11413692.14
2025-11-26 17:52:54.764524 INFO::Fitting model to feature number 2643, metabat_SRR23364198.6
2025-11-26 17:52:54.789318 INFO::Fitting model to feature number 2644, semibin_ERR12405966.20
2025-11-26 17:52:54.817043 INFO::Fitting model to feature number 2645, metabat_SRR20881981.60
2025-11-26 17:52:54.841682 INFO::Fitting model to feature number 2646, metabat_ERR12405985.42
2025-11-26 17:52:54.866708 INFO::Fitting model to feature number 2647, semibin_SRR16554715.26
2025-11-26 17:52:54.891767 INFO::Fitting model to feature number 2648, semibin_ERR6275659.65
2025-11-26 17:52:54.919427 INFO::Fitting model to feature number 2649, metabat_ERR12405979.23
2025-11-26 17:52:54.944459 INFO::Fitting model to feature number 2650, semibin_SRR11413646.12
2025-11-26 17:52:54.969449 INFO::Fitting model to feature number 2651, metabat_SRR5930531.8_sub
2025-11-26 17:52:54.995507 INFO::Fitting model to feature number 2652, semibin_SRR5930527.114
2025-11-26 17:52:55.02101 INFO::Fitting model to feature number 2653, semibin_ERR6279619.31
2025-11-26 17:52:55.046394 INFO::Fitting model to feature number 2654, semibin_SRR5930517.9
2025-11-26 17:52:55.07547 INFO::Fitting model to feature number 2655, semibin_SRR25825500.66
2025-11-26 17:52:55.102331 INFO::Fitting model to feature number 2656, metabat_ERR6275666.22_sub
2025-11-26 17:52:55.152263 INFO::Fitting model to feature number 2657, semibin_ERR6271721.28_sub
2025-11-26 17:52:55.176735 INFO::Fitting model to feature number 2658, semibin_ERR6232527.9_sub
2025-11-26 17:52:55.202659 INFO::Fitting model to feature number 2659, maxbin_ERR6279626.022
2025-11-26 17:52:55.227192 INFO::Fitting model to feature number 2660, semibin_ERR6280907.143_sub
2025-11-26 17:52:55.253411 INFO::Fitting model to feature number 2661, metabat_ERR6232529.28
2025-11-26 17:52:55.277878 INFO::Fitting model to feature number 2662, maxbin_ERR6232686.025
2025-11-26 17:52:55.304016 INFO::Fitting model to feature number 2663, maxbin_SRR25825520.007
2025-11-26 17:52:55.327597 INFO::Fitting model to feature number 2664, semibin_SRR16554760.12
2025-11-26 17:52:55.352985 INFO::Fitting model to feature number 2665, semibin_SRR16168940.67
2025-11-26 17:52:55.377143 INFO::Fitting model to feature number 2666, semibin_SRR16554651.7
2025-11-26 17:52:55.410388 INFO::Fitting model to feature number 2667, metabat_SRR5930520.89
2025-11-26 17:52:55.434885 INFO::Fitting model to feature number 2668, semibin_ERR6279669.75_sub
2025-11-26 17:52:55.463181 INFO::Fitting model to feature number 2669, semibin_ERR6279672.47
2025-11-26 17:52:55.487722 INFO::Fitting model to feature number 2670, semibin_SRR25825521.35
2025-11-26 17:52:55.513619 INFO::Fitting model to feature number 2671, maxbin_SRR13022456.002_sub
2025-11-26 17:52:55.53819 INFO::Fitting model to feature number 2672, semibin_SRR16554660.121
2025-11-26 17:52:55.563889 INFO::Fitting model to feature number 2673, metabat_SRR25825503.7
2025-11-26 17:52:55.588287 INFO::Fitting model to feature number 2674, semibin_ERR6275663.61
2025-11-26 17:52:55.613817 INFO::Fitting model to feature number 2675, semibin_SRR5930522.7_sub
2025-11-26 17:52:55.637912 INFO::Fitting model to feature number 2676, metabat_SRR16554763.17
2025-11-26 17:52:55.663397 INFO::Fitting model to feature number 2677, maxbin_ERR12405990.012
2025-11-26 17:52:55.68791 INFO::Fitting model to feature number 2678, semibin_SRR5930504.70
2025-11-26 17:52:55.718657 INFO::Fitting model to feature number 2679, semibin_SRR11413654.127
2025-11-26 17:52:55.744063 INFO::Fitting model to feature number 2680, semibin_SRR11413608.100
2025-11-26 17:52:55.770744 INFO::Fitting model to feature number 2681, metabat_ERR6236131.53_sub
2025-11-26 17:52:55.794635 INFO::Fitting model to feature number 2682, semibin_SRR16554681.35
2025-11-26 17:52:55.83865 INFO::Fitting model to feature number 2683, metabat_ERR6275652.28
2025-11-26 17:52:55.863204 INFO::Fitting model to feature number 2684, maxbin_SRR16168943.020_sub
2025-11-26 17:52:55.889058 INFO::Fitting model to feature number 2685, semibin_SRR11413656.55
2025-11-26 17:52:55.913361 INFO::Fitting model to feature number 2686, semibin_ERR6233694.0
2025-11-26 17:52:55.938767 INFO::Fitting model to feature number 2687, semibin_SRR5930495.0_sub
2025-11-26 17:52:55.963859 INFO::Fitting model to feature number 2688, maxbin_SRR5930519.005
2025-11-26 17:52:55.988712 INFO::Fitting model to feature number 2689, metabat_ERR6279669.21
2025-11-26 17:52:56.016846 INFO::Fitting model to feature number 2690, metabat_SRR16554726.7
2025-11-26 17:52:56.044599 INFO::Fitting model to feature number 2691, maxbin_ERR12405920.014
2025-11-26 17:52:56.071657 INFO::Fitting model to feature number 2692, metabat_ERR12405918.6_sub
2025-11-26 17:52:56.097901 INFO::Fitting model to feature number 2693, semibin_ERR6232518.35
2025-11-26 17:52:56.121737 INFO::Fitting model to feature number 2694, semibin_ERR6231616.10
2025-11-26 17:52:56.147426 INFO::Fitting model to feature number 2695, metabat_ERR6279664.5
2025-11-26 17:52:56.172097 INFO::Fitting model to feature number 2696, semibin_SRR13068831.57
2025-11-26 17:52:56.197666 INFO::Fitting model to feature number 2697, maxbin_SRR11413687.052
2025-11-26 17:52:56.222367 INFO::Fitting model to feature number 2698, metabat_ERR12405929.15
2025-11-26 17:52:56.248181 INFO::Fitting model to feature number 2699, semibin_ERR12405961.53
2025-11-26 17:52:56.272596 INFO::Fitting model to feature number 2700, maxbin_SRR25825511.012
2025-11-26 17:52:56.298189 INFO::Fitting model to feature number 2701, semibin_ERR6236131.18_sub
2025-11-26 17:52:56.322311 INFO::Fitting model to feature number 2702, metabat_SRR11413606.21
2025-11-26 17:52:56.353592 INFO::Fitting model to feature number 2703, metabat_SRR11413620.38
2025-11-26 17:52:56.378505 INFO::Fitting model to feature number 2704, metabat_ERR6243880.19
2025-11-26 17:52:56.406573 INFO::Fitting model to feature number 2705, metabat_ERR6282070.17
2025-11-26 17:52:56.430712 INFO::Fitting model to feature number 2706, semibin_SRR5930511.18_sub
2025-11-26 17:52:56.456082 INFO::Fitting model to feature number 2707, semibin_SRR5930515.71
2025-11-26 17:52:56.479683 INFO::Fitting model to feature number 2708, metabat_ERR6279662.31
2025-11-26 17:52:56.505414 INFO::Fitting model to feature number 2709, semibin_ERR12406002.26_sub
2025-11-26 17:52:56.548209 INFO::Fitting model to feature number 2710, metabat_ERR6275671.32
2025-11-26 17:52:56.573112 INFO::Fitting model to feature number 2711, semibin_SRR16168986.17
2025-11-26 17:52:56.598351 INFO::Fitting model to feature number 2712, semibin_ERR6279662.30_sub
2025-11-26 17:52:56.623372 INFO::Fitting model to feature number 2713, maxbin_SRR13068832.004
2025-11-26 17:52:56.652159 INFO::Fitting model to feature number 2714, maxbin_ERR6279654.008
2025-11-26 17:52:56.680303 INFO::Fitting model to feature number 2715, semibin_SRR8387679.0
2025-11-26 17:52:56.710786 INFO::Fitting model to feature number 2716, semibin_SRR5930498.39
2025-11-26 17:52:56.735828 INFO::Fitting model to feature number 2717, metabat_ERR12405963.36_sub
2025-11-26 17:52:56.761275 INFO::Fitting model to feature number 2718, metabat_ERR6282383.84
2025-11-26 17:52:56.78657 INFO::Fitting model to feature number 2719, semibin_SRR23364208.18
2025-11-26 17:52:56.810789 INFO::Fitting model to feature number 2720, semibin_SRR11413611.58
2025-11-26 17:52:56.836396 INFO::Fitting model to feature number 2721, maxbin_ERR6281448.022
2025-11-26 17:52:56.8607 INFO::Fitting model to feature number 2722, semibin_ERR6232458.31
2025-11-26 17:52:56.886638 INFO::Fitting model to feature number 2723, semibin_SRR23364193.23
2025-11-26 17:52:56.911111 INFO::Fitting model to feature number 2724, semibin_ERR6281942.19
2025-11-26 17:52:56.93729 INFO::Fitting model to feature number 2725, semibin_ERR12405928.10
2025-11-26 17:52:56.967313 INFO::Fitting model to feature number 2726, metabat_SRR11413692.37
2025-11-26 17:52:56.995643 INFO::Fitting model to feature number 2727, metabat_SRR6000892.60
2025-11-26 17:52:57.019856 INFO::Fitting model to feature number 2728, semibin_ERR6279672.73
2025-11-26 17:52:57.045786 INFO::Fitting model to feature number 2729, metabat_ERR12405987.26
2025-11-26 17:52:57.069923 INFO::Fitting model to feature number 2730, metabat_ERR6275659.49
2025-11-26 17:52:57.09547 INFO::Fitting model to feature number 2731, semibin_ERR12406002.24
2025-11-26 17:52:57.120037 INFO::Fitting model to feature number 2732, semibin_SRR16168982.59
2025-11-26 17:52:57.145348 INFO::Fitting model to feature number 2733, semibin_SRR5930494.87
2025-11-26 17:52:57.169386 INFO::Fitting model to feature number 2734, semibin_SRR6000931.41
2025-11-26 17:52:57.200754 INFO::Fitting model to feature number 2735, semibin_ERR12405935.39
2025-11-26 17:52:57.225868 INFO::Fitting model to feature number 2736, metabat_ERR6282383.21
2025-11-26 17:52:57.273453 INFO::Fitting model to feature number 2737, metabat_ERR12406000.9
2025-11-26 17:52:57.298814 INFO::Fitting model to feature number 2738, metabat_SRR11413654.13
2025-11-26 17:52:57.324389 INFO::Fitting model to feature number 2739, semibin_SRR11413656.97
2025-11-26 17:52:57.351535 INFO::Fitting model to feature number 2740, metabat_ERR6279667.32_sub
2025-11-26 17:52:57.381999 INFO::Fitting model to feature number 2741, semibin_ERR6280899.23
2025-11-26 17:52:57.408027 INFO::Fitting model to feature number 2742, semibin_SRR6000895.32_sub
2025-11-26 17:52:57.431754 INFO::Fitting model to feature number 2743, metabat_ERR6281000.30
2025-11-26 17:52:57.457642 INFO::Fitting model to feature number 2744, semibin_SRR11413647.92
2025-11-26 17:52:57.481478 INFO::Fitting model to feature number 2745, semibin_SRR16554647.36
2025-11-26 17:52:57.511666 INFO::Fitting model to feature number 2746, metabat_ERR6279629.17_sub
2025-11-26 17:52:57.536463 INFO::Fitting model to feature number 2747, metabat_SRR13022269.5
2025-11-26 17:52:57.56333 INFO::Fitting model to feature number 2748, metabat_SRR5930499.54
2025-11-26 17:52:57.588778 INFO::Fitting model to feature number 2749, semibin_SRR11413647.85
2025-11-26 17:52:57.613063 INFO::Fitting model to feature number 2750, metabat_ERR6279645.26
2025-11-26 17:52:57.638794 INFO::Fitting model to feature number 2751, metabat_SRR11413654.36
2025-11-26 17:52:57.662289 INFO::Fitting model to feature number 2752, metabat_SRR6000946.13_sub
2025-11-26 17:52:57.688052 INFO::Fitting model to feature number 2753, semibin_ERR12405998.40
2025-11-26 17:52:57.712257 INFO::Fitting model to feature number 2754, metabat_ERR6275652.69
2025-11-26 17:52:57.7376 INFO::Fitting model to feature number 2755, maxbin_SRR11413619.035_sub
2025-11-26 17:52:57.761699 INFO::Fitting model to feature number 2756, metabat_ERR12405942.50
2025-11-26 17:52:57.787139 INFO::Fitting model to feature number 2757, metabat_ERR6279624.53
2025-11-26 17:52:57.811143 INFO::Fitting model to feature number 2758, maxbin_SRR11413655.010
2025-11-26 17:52:57.841655 INFO::Fitting model to feature number 2759, metabat_ERR12405928.45
2025-11-26 17:52:57.866457 INFO::Fitting model to feature number 2760, metabat_SRR25825510.14_sub
2025-11-26 17:52:57.893427 INFO::Fitting model to feature number 2761, semibin_SRR11413615.16
2025-11-26 17:52:57.917754 INFO::Fitting model to feature number 2762, maxbin_SRR11413684.018
2025-11-26 17:52:57.942549 INFO::Fitting model to feature number 2763, semibin_ERR12405937.46
2025-11-26 17:52:57.992915 INFO::Fitting model to feature number 2764, maxbin_SRR5930514.013_sub
2025-11-26 17:52:58.017737 INFO::Fitting model to feature number 2765, maxbin_ERR6279647.003_sub
2025-11-26 17:52:58.042265 INFO::Fitting model to feature number 2766, metabat_ERR12405946.17
2025-11-26 17:52:58.067611 INFO::Fitting model to feature number 2767, metabat_SRR13068829.1
2025-11-26 17:52:58.092849 INFO::Fitting model to feature number 2768, semibin_SRR6000905.23
2025-11-26 17:52:58.117008 INFO::Fitting model to feature number 2769, metabat_ERR12405992.3
2025-11-26 17:52:58.144757 INFO::Fitting model to feature number 2770, semibin_SRR5930536.78
2025-11-26 17:52:58.172962 INFO::Fitting model to feature number 2771, semibin_ERR12405912.84
2025-11-26 17:52:58.197241 INFO::Fitting model to feature number 2772, metabat_ERR6279622.22
2025-11-26 17:52:58.225352 INFO::Fitting model to feature number 2773, metabat_SRR5930501.36
2025-11-26 17:52:58.249611 INFO::Fitting model to feature number 2774, semibin_ERR12405968.12
2025-11-26 17:52:58.275126 INFO::Fitting model to feature number 2775, metabat_ERR6232382.25
2025-11-26 17:52:58.298792 INFO::Fitting model to feature number 2776, metabat_SRR5930514.54
2025-11-26 17:52:58.324189 INFO::Fitting model to feature number 2777, semibin_ERR6236131.71
2025-11-26 17:52:58.34805 INFO::Fitting model to feature number 2778, semibin_SRR11413611.51_sub
2025-11-26 17:52:58.373637 INFO::Fitting model to feature number 2779, maxbin_SRR11413678.037
2025-11-26 17:52:58.397635 INFO::Fitting model to feature number 2780, metabat_SRR6000932.55
2025-11-26 17:52:58.42313 INFO::Fitting model to feature number 2781, semibin_ERR6281941.108
2025-11-26 17:52:58.447335 INFO::Fitting model to feature number 2782, semibin_ERR12405928.62
2025-11-26 17:52:58.476732 INFO::Fitting model to feature number 2783, maxbin_SRR16554679.010
2025-11-26 17:52:58.503735 INFO::Fitting model to feature number 2784, maxbin_ERR12406012.018
2025-11-26 17:52:58.531477 INFO::Fitting model to feature number 2785, maxbin_SRR16554666.026
2025-11-26 17:52:58.556369 INFO::Fitting model to feature number 2786, maxbin_SRR13068839.007_sub
2025-11-26 17:52:58.580211 INFO::Fitting model to feature number 2787, metabat_ERR6275682.31
2025-11-26 17:52:58.605678 INFO::Fitting model to feature number 2788, metabat_SRR11413648.66
2025-11-26 17:52:58.629156 INFO::Fitting model to feature number 2789, metabat_ERR6279624.45
2025-11-26 17:52:58.655236 INFO::Fitting model to feature number 2790, semibin_ERR6279655.12
2025-11-26 17:52:58.7013 INFO::Fitting model to feature number 2791, maxbin_SRR13068843.042_sub
2025-11-26 17:52:58.725558 INFO::Fitting model to feature number 2792, metabat_ERR12405927.14
2025-11-26 17:52:58.766713 INFO::Fitting model to feature number 2793, semibin_SRR5930516.46
2025-11-26 17:52:58.793548 INFO::Fitting model to feature number 2794, metabat_SRR16554634.5
2025-11-26 17:52:58.821293 INFO::Fitting model to feature number 2795, metabat_SRR11413613.46
2025-11-26 17:52:58.844786 INFO::Fitting model to feature number 2796, semibin_ERR6275659.4
2025-11-26 17:52:58.869854 INFO::Fitting model to feature number 2797, semibin_SRR16168929.43
2025-11-26 17:52:58.893481 INFO::Fitting model to feature number 2798, metabat_SRR23364216.24
2025-11-26 17:52:58.918639 INFO::Fitting model to feature number 2799, metabat_SRR11413610.48
2025-11-26 17:52:58.943436 INFO::Fitting model to feature number 2800, metabat_ERR6279677.13
2025-11-26 17:52:58.968691 INFO::Fitting model to feature number 2801, maxbin_ERR6279657.038
2025-11-26 17:52:58.993509 INFO::Fitting model to feature number 2802, metabat_SRR16168942.31
2025-11-26 17:52:59.01838 INFO::Fitting model to feature number 2803, semibin_ERR6279661.41
2025-11-26 17:52:59.042955 INFO::Fitting model to feature number 2804, metabat_ERR6230340.28
2025-11-26 17:52:59.079292 INFO::Fitting model to feature number 2805, semibin_ERR6254869.21
2025-11-26 17:52:59.105009 INFO::Fitting model to feature number 2806, metabat_SRR20881980.24_sub
2025-11-26 17:52:59.132325 INFO::Fitting model to feature number 2807, maxbin_SRR16554627.030_sub
2025-11-26 17:52:59.158114 INFO::Fitting model to feature number 2808, metabat_SRR25825519.12_sub
2025-11-26 17:52:59.181741 INFO::Fitting model to feature number 2809, metabat_SRR5930515.44_sub
2025-11-26 17:52:59.207282 INFO::Fitting model to feature number 2810, semibin_SRR5930528.83_sub
2025-11-26 17:52:59.230689 INFO::Fitting model to feature number 2811, metabat_SRR23364199.7
2025-11-26 17:52:59.256063 INFO::Fitting model to feature number 2812, semibin_SRR20881977.6
2025-11-26 17:52:59.280222 INFO::Fitting model to feature number 2813, maxbin_ERR6281341.003
2025-11-26 17:52:59.305619 INFO::Fitting model to feature number 2814, semibin_ERR6282137.102
2025-11-26 17:52:59.329247 INFO::Fitting model to feature number 2815, maxbin_SRR25825514.020
2025-11-26 17:52:59.354481 INFO::Fitting model to feature number 2816, semibin_ERR12405915.19
2025-11-26 17:52:59.408915 INFO::Fitting model to feature number 2817, metabat_ERR6229432.61
2025-11-26 17:52:59.435926 INFO::Fitting model to feature number 2818, maxbin_SRR25825517.026
2025-11-26 17:52:59.463509 INFO::Fitting model to feature number 2819, maxbin_SRR13068846.017_sub
2025-11-26 17:52:59.488836 INFO::Fitting model to feature number 2820, metabat_ERR6281000.35
2025-11-26 17:52:59.514345 INFO::Fitting model to feature number 2821, semibin_ERR12405955.2
2025-11-26 17:52:59.538198 INFO::Fitting model to feature number 2822, maxbin_SRR5930517.009
2025-11-26 17:52:59.562174 INFO::Fitting model to feature number 2823, semibin_SRR16168940.58
2025-11-26 17:52:59.587688 INFO::Fitting model to feature number 2824, semibin_ERR12405963.29
2025-11-26 17:52:59.612079 INFO::Fitting model to feature number 2825, semibin_SRR13068830.47
2025-11-26 17:52:59.637251 INFO::Fitting model to feature number 2826, semibin_SRR16168976.4
2025-11-26 17:52:59.660931 INFO::Fitting model to feature number 2827, semibin_ERR6275677.18
2025-11-26 17:52:59.686472 INFO::Fitting model to feature number 2828, metabat_SRR11413649.70
2025-11-26 17:52:59.711054 INFO::Fitting model to feature number 2829, metabat_SRR6000909.37
2025-11-26 17:52:59.744105 INFO::Fitting model to feature number 2830, semibin_ERR12405923.34
2025-11-26 17:52:59.768426 INFO::Fitting model to feature number 2831, semibin_ERR6254871.70_sub
2025-11-26 17:52:59.796989 INFO::Fitting model to feature number 2832, semibin_ERR6275675.39_sub
2025-11-26 17:52:59.82065 INFO::Fitting model to feature number 2833, metabat_SRR11413645.64
2025-11-26 17:52:59.845963 INFO::Fitting model to feature number 2834, semibin_ERR6267711.11
2025-11-26 17:52:59.869385 INFO::Fitting model to feature number 2835, metabat_ERR6232382.23
2025-11-26 17:52:59.895475 INFO::Fitting model to feature number 2836, maxbin_SRR5930509.015_sub
2025-11-26 17:52:59.919095 INFO::Fitting model to feature number 2837, metabat_ERR6239139.1
2025-11-26 17:52:59.943919 INFO::Fitting model to feature number 2838, semibin_SRR16168943.33
2025-11-26 17:52:59.967036 INFO::Fitting model to feature number 2839, maxbin_SRR6000891.002
2025-11-26 17:52:59.991487 INFO::Fitting model to feature number 2840, metabat_ERR6281518.75
2025-11-26 17:53:00.015024 INFO::Fitting model to feature number 2841, metabat_ERR6280907.74
2025-11-26 17:53:00.043262 INFO::Fitting model to feature number 2842, semibin_ERR6281997.9
2025-11-26 17:53:00.071826 INFO::Fitting model to feature number 2843, metabat_SRR5930494.32
2025-11-26 17:53:00.121698 INFO::Fitting model to feature number 2844, semibin_ERR6279624.74
2025-11-26 17:53:00.145921 INFO::Fitting model to feature number 2845, metabat_SRR11413617.26_sub
2025-11-26 17:53:00.171753 INFO::Fitting model to feature number 2846, metabat_SRR5930526.94
2025-11-26 17:53:00.195248 INFO::Fitting model to feature number 2847, semibin_SRR5930536.22
2025-11-26 17:53:00.220335 INFO::Fitting model to feature number 2848, maxbin_ERR6232525.008_sub
2025-11-26 17:53:00.24443 INFO::Fitting model to feature number 2849, metabat_ERR6281518.71
2025-11-26 17:53:00.269434 INFO::Fitting model to feature number 2850, metabat_SRR16554638.16_sub
2025-11-26 17:53:00.294481 INFO::Fitting model to feature number 2851, semibin_SRR5930520.61
2025-11-26 17:53:00.323166 INFO::Fitting model to feature number 2852, semibin_SRR25825501.10
2025-11-26 17:53:00.350441 INFO::Fitting model to feature number 2853, metabat_SRR25825519.52
2025-11-26 17:53:00.374855 INFO::Fitting model to feature number 2854, maxbin_SRR5930503.016
2025-11-26 17:53:00.404007 INFO::Fitting model to feature number 2855, semibin_ERR12405913.25
2025-11-26 17:53:00.42803 INFO::Fitting model to feature number 2856, semibin_SRR16554654.4_sub
2025-11-26 17:53:00.453698 INFO::Fitting model to feature number 2857, metabat_ERR12405910.22_sub
2025-11-26 17:53:00.477923 INFO::Fitting model to feature number 2858, semibin_ERR6275663.97
2025-11-26 17:53:00.503796 INFO::Fitting model to feature number 2859, semibin_SRR11413657.92
2025-11-26 17:53:00.52792 INFO::Fitting model to feature number 2860, metabat_SRR23364199.53_sub
2025-11-26 17:53:00.553262 INFO::Fitting model to feature number 2861, semibin_ERR12405957.24
2025-11-26 17:53:00.577686 INFO::Fitting model to feature number 2862, metabat_SRR8387676.9
2025-11-26 17:53:00.602693 INFO::Fitting model to feature number 2863, maxbin_ERR6275663.053
2025-11-26 17:53:00.627518 INFO::Fitting model to feature number 2864, metabat_SRR11413657.85
2025-11-26 17:53:00.657868 INFO::Fitting model to feature number 2865, semibin_ERR12405997.23
2025-11-26 17:53:00.689396 INFO::Fitting model to feature number 2866, semibin_SRR11413689.52
2025-11-26 17:53:00.718833 INFO::Fitting model to feature number 2867, metabat_ERR12405965.8
2025-11-26 17:53:00.748215 INFO::Fitting model to feature number 2868, metabat_SRR16554660.26
2025-11-26 17:53:00.771938 INFO::Fitting model to feature number 2869, semibin_SRR11413613.8
2025-11-26 17:53:00.797559 INFO::Fitting model to feature number 2870, maxbin_SRR5930528.078
2025-11-26 17:53:00.843403 INFO::Fitting model to feature number 2871, semibin_SRR11413689.16
2025-11-26 17:53:00.867575 INFO::Fitting model to feature number 2872, semibin_ERR6279657.67
2025-11-26 17:53:00.893506 INFO::Fitting model to feature number 2873, maxbin_SRR5930498.005
2025-11-26 17:53:00.917654 INFO::Fitting model to feature number 2874, semibin_ERR6279628.5
2025-11-26 17:53:00.95551 INFO::Fitting model to feature number 2875, metabat_ERR12405994.10
2025-11-26 17:53:00.98034 INFO::Fitting model to feature number 2876, semibin_SRR8387677.38
2025-11-26 17:53:01.008353 INFO::Fitting model to feature number 2877, maxbin_ERR6233695.013
2025-11-26 17:53:01.032178 INFO::Fitting model to feature number 2878, maxbin_SRR5930518.004
2025-11-26 17:53:01.057504 INFO::Fitting model to feature number 2879, semibin_SRR11413685.32
2025-11-26 17:53:01.08113 INFO::Fitting model to feature number 2880, metabat_SRR16168942.20
2025-11-26 17:53:01.105858 INFO::Fitting model to feature number 2881, metabat_ERR6271719.16
2025-11-26 17:53:01.130417 INFO::Fitting model to feature number 2882, maxbin_ERR6281518.024_sub
2025-11-26 17:53:01.155176 INFO::Fitting model to feature number 2883, metabat_SRR13068825.48
2025-11-26 17:53:01.176834 WARNING::Fitting problem for feature 2883 a warning was issued
2025-11-26 17:53:01.201621 INFO::Fitting model to feature number 2884, metabat_SRR25825498.33
2025-11-26 17:53:01.227508 INFO::Fitting model to feature number 2885, metabat_SRR23364187.36
2025-11-26 17:53:01.251876 INFO::Fitting model to feature number 2886, metabat_SRR6000894.40
2025-11-26 17:53:01.283545 INFO::Fitting model to feature number 2887, metabat_SRR5930528.76_sub
2025-11-26 17:53:01.312889 INFO::Fitting model to feature number 2888, metabat_ERR6232525.20
2025-11-26 17:53:01.33816 INFO::Fitting model to feature number 2889, metabat_ERR6279678.21
2025-11-26 17:53:01.363824 INFO::Fitting model to feature number 2890, semibin_SRR11413657.127
2025-11-26 17:53:01.389369 INFO::Fitting model to feature number 2891, semibin_SRR16168952.25
2025-11-26 17:53:01.415042 INFO::Fitting model to feature number 2892, metabat_ERR12405919.8
2025-11-26 17:53:01.440708 INFO::Fitting model to feature number 2893, semibin_ERR12405952.30
2025-11-26 17:53:01.466464 INFO::Fitting model to feature number 2894, semibin_ERR12405980.54
2025-11-26 17:53:01.49145 INFO::Fitting model to feature number 2895, metabat_ERR6279662.37_sub
2025-11-26 17:53:01.517171 INFO::Fitting model to feature number 2896, maxbin_ERR6271721.019
2025-11-26 17:53:01.564866 INFO::Fitting model to feature number 2897, semibin_SRR25825506.42
2025-11-26 17:53:01.597833 INFO::Fitting model to feature number 2898, metabat_SRR16168920.6
2025-11-26 17:53:01.626729 INFO::Fitting model to feature number 2899, semibin_ERR6279678.45
2025-11-26 17:53:01.659054 INFO::Fitting model to feature number 2900, semibin_SRR25825500.86
2025-11-26 17:53:01.685318 INFO::Fitting model to feature number 2901, semibin_SRR25825500.114
2025-11-26 17:53:01.710994 INFO::Fitting model to feature number 2902, semibin_SRR25825510.189
2025-11-26 17:53:01.736617 INFO::Fitting model to feature number 2903, metabat_ERR6232525.13
2025-11-26 17:53:01.762311 INFO::Fitting model to feature number 2904, metabat_ERR6232382.11
2025-11-26 17:53:01.787543 INFO::Fitting model to feature number 2905, maxbin_ERR12406009.012
2025-11-26 17:53:01.8134 INFO::Fitting model to feature number 2906, metabat_ERR6279628.58
2025-11-26 17:53:01.839149 INFO::Fitting model to feature number 2907, metabat_SRR25825511.66_sub
2025-11-26 17:53:01.864642 INFO::Fitting model to feature number 2908, semibin_ERR12405912.18
2025-11-26 17:53:01.890277 INFO::Fitting model to feature number 2909, metabat_SRR16168896.21
2025-11-26 17:53:01.915711 INFO::Fitting model to feature number 2910, maxbin_ERR6235716.012
2025-11-26 17:53:01.944567 INFO::Fitting model to feature number 2911, semibin_ERR6281997.61
2025-11-26 17:53:01.975039 INFO::Fitting model to feature number 2912, maxbin_SRR5930505.021_sub
2025-11-26 17:53:01.999592 INFO::Fitting model to feature number 2913, semibin_SRR16168940.30
2025-11-26 17:53:02.025576 INFO::Fitting model to feature number 2914, semibin_SRR5930522.26
2025-11-26 17:53:02.051239 INFO::Fitting model to feature number 2915, metabat_ERR6279622.65
2025-11-26 17:53:02.077138 INFO::Fitting model to feature number 2916, maxbin_SRR25825504.004_sub
2025-11-26 17:53:02.102439 INFO::Fitting model to feature number 2917, semibin_SRR11413610.61
2025-11-26 17:53:02.127128 INFO::Fitting model to feature number 2918, semibin_SRR16554649.29
2025-11-26 17:53:02.15291 INFO::Fitting model to feature number 2919, maxbin_ERR6275652.027
2025-11-26 17:53:02.178434 INFO::Fitting model to feature number 2920, metabat_ERR12405943.45
2025-11-26 17:53:02.204084 INFO::Fitting model to feature number 2921, semibin_ERR12406001.7
2025-11-26 17:53:02.229372 INFO::Fitting model to feature number 2922, metabat_SRR6000921.30
2025-11-26 17:53:02.253803 INFO::Fitting model to feature number 2923, metabat_SRR16554650.19
2025-11-26 17:53:02.31245 INFO::Fitting model to feature number 2924, metabat_ERR6232524.25
2025-11-26 17:53:02.340978 INFO::Fitting model to feature number 2925, maxbin_SRR25825506.019
2025-11-26 17:53:02.367155 INFO::Fitting model to feature number 2926, semibin_SRR11413649.107
2025-11-26 17:53:02.393593 INFO::Fitting model to feature number 2927, semibin_SRR5930507.107
2025-11-26 17:53:02.419699 INFO::Fitting model to feature number 2928, maxbin_SRR16168918.021
2025-11-26 17:53:02.44489 INFO::Fitting model to feature number 2929, metabat_SRR5930522.5
2025-11-26 17:53:02.470419 INFO::Fitting model to feature number 2930, metabat_ERR6279681.9
2025-11-26 17:53:02.496775 INFO::Fitting model to feature number 2931, metabat_ERR6232524.19_sub
2025-11-26 17:53:02.523038 INFO::Fitting model to feature number 2932, metabat_ERR12405933.25
2025-11-26 17:53:02.549079 INFO::Fitting model to feature number 2933, maxbin_SRR5930504.041
2025-11-26 17:53:02.574996 INFO::Fitting model to feature number 2934, maxbin_ERR12405998.015
2025-11-26 17:53:02.601173 INFO::Fitting model to feature number 2935, metabat_ERR12406005.5
2025-11-26 17:53:02.633087 INFO::Fitting model to feature number 2936, maxbin_SRR16554643.017
2025-11-26 17:53:02.67002 INFO::Fitting model to feature number 2937, maxbin_ERR12405997.011
2025-11-26 17:53:02.696168 INFO::Fitting model to feature number 2938, maxbin_SRR5930528.038
2025-11-26 17:53:02.723073 INFO::Fitting model to feature number 2939, metabat_ERR6232688.27_sub
2025-11-26 17:53:02.74907 INFO::Fitting model to feature number 2940, metabat_ERR6254870.36
2025-11-26 17:53:02.77526 INFO::Fitting model to feature number 2941, metabat_ERR12406008.18
2025-11-26 17:53:02.80258 INFO::Fitting model to feature number 2942, maxbin_ERR6232527.009
2025-11-26 17:53:02.827896 INFO::Fitting model to feature number 2943, semibin_ERR6279669.21
2025-11-26 17:53:02.853238 INFO::Fitting model to feature number 2944, metabat_SRR23364231.5_sub
2025-11-26 17:53:02.879196 INFO::Fitting model to feature number 2945, metabat_SRR25825512.11
2025-11-26 17:53:02.904845 INFO::Fitting model to feature number 2946, semibin_SRR5930495.69
2025-11-26 17:53:02.930119 INFO::Fitting model to feature number 2947, semibin_ERR6280907.83
2025-11-26 17:53:02.955248 INFO::Fitting model to feature number 2948, semibin_SRR11413657.4_sub
2025-11-26 17:53:02.981107 INFO::Fitting model to feature number 2949, semibin_SRR8387677.31
2025-11-26 17:53:03.017791 INFO::Fitting model to feature number 2950, metabat_ERR6264281.18_sub
2025-11-26 17:53:03.06775 INFO::Fitting model to feature number 2951, semibin_ERR6279676.66
2025-11-26 17:53:03.093865 INFO::Fitting model to feature number 2952, maxbin_SRR16554769.019
2025-11-26 17:53:03.12049 INFO::Fitting model to feature number 2953, semibin_ERR6279664.18_sub
2025-11-26 17:53:03.147222 INFO::Fitting model to feature number 2954, semibin_SRR11413610.84
2025-11-26 17:53:03.173842 INFO::Fitting model to feature number 2955, semibin_SRR5930504.31_sub
2025-11-26 17:53:03.200107 INFO::Fitting model to feature number 2956, semibin_ERR6273965.108
2025-11-26 17:53:03.225785 INFO::Fitting model to feature number 2957, metabat_ERR6279622.55
2025-11-26 17:53:03.252252 INFO::Fitting model to feature number 2958, metabat_ERR6281504.33
2025-11-26 17:53:03.278868 INFO::Fitting model to feature number 2959, semibin_ERR12405984.16
2025-11-26 17:53:03.306249 INFO::Fitting model to feature number 2960, metabat_SRR11413612.17
2025-11-26 17:53:03.331995 INFO::Fitting model to feature number 2961, metabat_ERR6230278.16
2025-11-26 17:53:03.363883 INFO::Fitting model to feature number 2962, semibin_SRR11413613.3
2025-11-26 17:53:03.389581 INFO::Fitting model to feature number 2963, semibin_SRR16554769.30_sub
2025-11-26 17:53:03.416674 INFO::Fitting model to feature number 2964, semibin_SRR23364216.26
2025-11-26 17:53:03.443459 INFO::Fitting model to feature number 2965, metabat_ERR12406000.18
2025-11-26 17:53:03.469094 INFO::Fitting model to feature number 2966, semibin_ERR6275671.43
2025-11-26 17:53:03.494198 INFO::Fitting model to feature number 2967, semibin_ERR6279620.0
2025-11-26 17:53:03.519786 INFO::Fitting model to feature number 2968, metabat_SRR5930494.22
2025-11-26 17:53:03.545596 INFO::Fitting model to feature number 2969, metabat_ERR6279626.45_sub
2025-11-26 17:53:03.571469 INFO::Fitting model to feature number 2970, metabat_ERR6275680.25_sub
2025-11-26 17:53:03.596726 INFO::Fitting model to feature number 2971, semibin_SRR11413657.20
2025-11-26 17:53:03.621181 INFO::Fitting model to feature number 2972, maxbin_SRR11413653.015
2025-11-26 17:53:03.646581 INFO::Fitting model to feature number 2973, metabat_ERR12405955.3
2025-11-26 17:53:03.672836 INFO::Fitting model to feature number 2974, semibin_SRR16168925.11
2025-11-26 17:53:03.698354 INFO::Fitting model to feature number 2975, metabat_SRR5930509.4
2025-11-26 17:53:03.732936 INFO::Fitting model to feature number 2976, maxbin_SRR11413615.034_sub
2025-11-26 17:53:03.759243 INFO::Fitting model to feature number 2977, semibin_SRR23364199.80
2025-11-26 17:53:03.813084 INFO::Fitting model to feature number 2978, maxbin_SRR16554652.018
2025-11-26 17:53:03.838782 INFO::Fitting model to feature number 2979, maxbin_ERR6282383.014
2025-11-26 17:53:03.865528 INFO::Fitting model to feature number 2980, metabat_SRR13068848.31
2025-11-26 17:53:03.891498 INFO::Fitting model to feature number 2981, metabat_ERR6280907.57
2025-11-26 17:53:03.917581 INFO::Fitting model to feature number 2982, semibin_SRR25825514.45
2025-11-26 17:53:03.942678 INFO::Fitting model to feature number 2983, metabat_SRR11413648.15
2025-11-26 17:53:03.968115 INFO::Fitting model to feature number 2984, metabat_SRR16554636.13
2025-11-26 17:53:03.994945 INFO::Fitting model to feature number 2985, maxbin_ERR12405979.016
2025-11-26 17:53:04.021245 INFO::Fitting model to feature number 2986, semibin_ERR6233692.51_sub
2025-11-26 17:53:04.047484 INFO::Fitting model to feature number 2987, semibin_SRR20881979.96_sub
2025-11-26 17:53:04.083874 INFO::Fitting model to feature number 2988, semibin_SRR5930519.9
2025-11-26 17:53:04.110096 INFO::Fitting model to feature number 2989, metabat_SRR23364192.64
2025-11-26 17:53:04.136917 INFO::Fitting model to feature number 2990, metabat_SRR11413656.25
2025-11-26 17:53:04.163086 INFO::Fitting model to feature number 2991, semibin_ERR6281941.55
2025-11-26 17:53:04.18937 INFO::Fitting model to feature number 2992, metabat_ERR6279671.9
2025-11-26 17:53:04.215071 INFO::Fitting model to feature number 2993, metabat_ERR6281518.6_sub
2025-11-26 17:53:04.240395 INFO::Fitting model to feature number 2994, metabat_SRR13022423.1
2025-11-26 17:53:04.266168 INFO::Fitting model to feature number 2995, semibin_SRR5930494.35
2025-11-26 17:53:04.291991 INFO::Fitting model to feature number 2996, semibin_ERR6279663.35
2025-11-26 17:53:04.317409 INFO::Fitting model to feature number 2997, semibin_ERR6275674.5
2025-11-26 17:53:04.342932 INFO::Fitting model to feature number 2998, metabat_ERR6279672.31
2025-11-26 17:53:04.368134 INFO::Fitting model to feature number 2999, maxbin_SRR25825520.016
2025-11-26 17:53:04.393399 INFO::Fitting model to feature number 3000, maxbin_SRR16168943.002
2025-11-26 17:53:04.425396 INFO::Fitting model to feature number 3001, maxbin_SRR11413608.008
2025-11-26 17:53:04.452961 INFO::Fitting model to feature number 3002, maxbin_SRR5930499.010
2025-11-26 17:53:04.478636 INFO::Fitting model to feature number 3003, semibin_SRR5930495.36
2025-11-26 17:53:04.522265 INFO::Fitting model to feature number 3004, semibin_ERR6281341.88
2025-11-26 17:53:04.552337 INFO::Fitting model to feature number 3005, maxbin_SRR11413679.051_sub
2025-11-26 17:53:04.578496 INFO::Fitting model to feature number 3006, semibin_SRR11413610.34
2025-11-26 17:53:04.603913 INFO::Fitting model to feature number 3007, maxbin_ERR6279628.059
2025-11-26 17:53:04.630074 INFO::Fitting model to feature number 3008, maxbin_ERR6279625.025_sub
2025-11-26 17:53:04.656124 INFO::Fitting model to feature number 3009, semibin_ERR6279682.58
2025-11-26 17:53:04.682212 INFO::Fitting model to feature number 3010, metabat_ERR12406010.8_sub
2025-11-26 17:53:04.707579 INFO::Fitting model to feature number 3011, metabat_ERR6275670.41
2025-11-26 17:53:04.733397 INFO::Fitting model to feature number 3012, semibin_ERR12405965.36
2025-11-26 17:53:04.769902 INFO::Fitting model to feature number 3013, metabat_ERR6275661.6
2025-11-26 17:53:04.798435 INFO::Fitting model to feature number 3014, metabat_SRR16554650.17
2025-11-26 17:53:04.824858 INFO::Fitting model to feature number 3015, metabat_ERR12405920.23
2025-11-26 17:53:04.849735 INFO::Fitting model to feature number 3016, metabat_SRR16554660.15
2025-11-26 17:53:04.875631 INFO::Fitting model to feature number 3017, semibin_ERR6281518.139
2025-11-26 17:53:04.901676 INFO::Fitting model to feature number 3018, metabat_SRR6000905.63
2025-11-26 17:53:04.92775 INFO::Fitting model to feature number 3019, maxbin_ERR12405998.009
2025-11-26 17:53:04.953682 INFO::Fitting model to feature number 3020, semibin_SRR11413681.26
2025-11-26 17:53:04.978838 INFO::Fitting model to feature number 3021, semibin_SRR11413613.4
2025-11-26 17:53:05.004128 INFO::Fitting model to feature number 3022, metabat_SRR16554649.1
2025-11-26 17:53:05.030649 INFO::Fitting model to feature number 3023, semibin_SRR5930507.41
2025-11-26 17:53:05.057681 INFO::Fitting model to feature number 3024, semibin_SRR5930513.14
2025-11-26 17:53:05.089999 INFO::Fitting model to feature number 3025, metabat_SRR16168938.13
2025-11-26 17:53:05.116459 INFO::Fitting model to feature number 3026, semibin_ERR6264281.90
2025-11-26 17:53:05.145406 INFO::Fitting model to feature number 3027, semibin_ERR6279624.2
2025-11-26 17:53:05.171479 INFO::Fitting model to feature number 3028, semibin_SRR16168900.29
2025-11-26 17:53:05.197371 INFO::Fitting model to feature number 3029, semibin_SRR13022461.32
2025-11-26 17:53:05.22212 INFO::Fitting model to feature number 3030, semibin_ERR6279624.49
2025-11-26 17:53:05.269433 INFO::Fitting model to feature number 3031, semibin_SRR20881987.45
2025-11-26 17:53:05.295114 INFO::Fitting model to feature number 3032, metabat_SRR16554669.9
2025-11-26 17:53:05.32041 INFO::Fitting model to feature number 3033, semibin_SRR16554634.50_sub
2025-11-26 17:53:05.346067 INFO::Fitting model to feature number 3034, semibin_SRR11413610.60
2025-11-26 17:53:05.37205 INFO::Fitting model to feature number 3035, metabat_ERR6230340.24
2025-11-26 17:53:05.397849 INFO::Fitting model to feature number 3036, semibin_SRR11413683.37
2025-11-26 17:53:05.43346 INFO::Fitting model to feature number 3037, metabat_ERR6279675.25
2025-11-26 17:53:05.461763 INFO::Fitting model to feature number 3038, metabat_SRR5930499.39
2025-11-26 17:53:05.490233 INFO::Fitting model to feature number 3039, semibin_ERR6275683.94
2025-11-26 17:53:05.51657 INFO::Fitting model to feature number 3040, semibin_ERR6281658.34
2025-11-26 17:53:05.542781 INFO::Fitting model to feature number 3041, semibin_SRR5930498.22
2025-11-26 17:53:05.568177 INFO::Fitting model to feature number 3042, semibin_ERR6279666.16
2025-11-26 17:53:05.59438 INFO::Fitting model to feature number 3043, maxbin_ERR6275663.003
2025-11-26 17:53:05.620589 INFO::Fitting model to feature number 3044, metabat_ERR6236131.12_sub
2025-11-26 17:53:05.646809 INFO::Fitting model to feature number 3045, metabat_SRR11413645.9
2025-11-26 17:53:05.672826 INFO::Fitting model to feature number 3046, semibin_ERR12405950.25
2025-11-26 17:53:05.698476 INFO::Fitting model to feature number 3047, semibin_SRR23364171.14_sub
2025-11-26 17:53:05.724547 INFO::Fitting model to feature number 3048, maxbin_ERR6279627.021_sub
2025-11-26 17:53:05.750274 INFO::Fitting model to feature number 3049, metabat_SRR16168976.37
2025-11-26 17:53:05.784122 INFO::Fitting model to feature number 3050, semibin_ERR6280899.75
2025-11-26 17:53:05.811809 INFO::Fitting model to feature number 3051, semibin_SRR11413692.5
2025-11-26 17:53:05.838387 INFO::Fitting model to feature number 3052, maxbin_SRR11413610.020
2025-11-26 17:53:05.864415 INFO::Fitting model to feature number 3053, metabat_ERR6279626.64
2025-11-26 17:53:05.890526 INFO::Fitting model to feature number 3054, maxbin_SRR16168985.013
2025-11-26 17:53:05.916204 INFO::Fitting model to feature number 3055, maxbin_SRR5930501.068_sub
2025-11-26 17:53:05.942664 INFO::Fitting model to feature number 3056, semibin_SRR25825510.110
2025-11-26 17:53:05.968534 INFO::Fitting model to feature number 3057, metabat_SRR5930506.18
2025-11-26 17:53:06.016339 INFO::Fitting model to feature number 3058, metabat_ERR6279648.10
2025-11-26 17:53:06.043035 INFO::Fitting model to feature number 3059, maxbin_SRR16168918.052_sub
2025-11-26 17:53:06.069218 INFO::Fitting model to feature number 3060, metabat_SRR25825512.24_sub
2025-11-26 17:53:06.102312 INFO::Fitting model to feature number 3061, maxbin_SRR13068851.002
2025-11-26 17:53:06.128324 INFO::Fitting model to feature number 3062, metabat_ERR12405917.17
2025-11-26 17:53:06.156604 INFO::Fitting model to feature number 3063, semibin_SRR11413619.196_sub
2025-11-26 17:53:06.182496 INFO::Fitting model to feature number 3064, maxbin_SRR16554633.015_sub
2025-11-26 17:53:06.207721 INFO::Fitting model to feature number 3065, metabat_ERR6275671.21
2025-11-26 17:53:06.234064 INFO::Fitting model to feature number 3066, metabat_ERR6279653.8
2025-11-26 17:53:06.2603 INFO::Fitting model to feature number 3067, maxbin_ERR12405976.001
2025-11-26 17:53:06.28623 INFO::Fitting model to feature number 3068, metabat_SRR20881981.63
2025-11-26 17:53:06.310645 INFO::Fitting model to feature number 3069, semibin_ERR6279667.6_sub
2025-11-26 17:53:06.336823 INFO::Fitting model to feature number 3070, semibin_SRR23364222.14_sub
2025-11-26 17:53:06.362709 INFO::Fitting model to feature number 3071, metabat_SRR16168913.14
2025-11-26 17:53:06.389352 INFO::Fitting model to feature number 3072, semibin_ERR6279647.36
2025-11-26 17:53:06.415214 INFO::Fitting model to feature number 3073, metabat_SRR11413649.13
2025-11-26 17:53:06.444762 INFO::Fitting model to feature number 3074, semibin_SRR11413656.24
2025-11-26 17:53:06.473074 INFO::Fitting model to feature number 3075, metabat_SRR5930529.63_sub
2025-11-26 17:53:06.501659 INFO::Fitting model to feature number 3076, metabat_ERR6279622.42
2025-11-26 17:53:06.529395 INFO::Fitting model to feature number 3077, semibin_ERR6279680.44
2025-11-26 17:53:06.554704 INFO::Fitting model to feature number 3078, metabat_ERR6279627.24
2025-11-26 17:53:06.581157 INFO::Fitting model to feature number 3079, semibin_ERR6279672.85_sub
2025-11-26 17:53:06.607035 INFO::Fitting model to feature number 3080, semibin_SRR13068843.2
2025-11-26 17:53:06.632523 INFO::Fitting model to feature number 3081, metabat_SRR23364176.32
2025-11-26 17:53:06.65767 INFO::Fitting model to feature number 3082, metabat_ERR6232525.2
2025-11-26 17:53:06.683038 INFO::Fitting model to feature number 3083, semibin_ERR6275682.18
2025-11-26 17:53:06.709272 INFO::Fitting model to feature number 3084, metabat_ERR6281000.16
2025-11-26 17:53:06.757605 INFO::Fitting model to feature number 3085, semibin_SRR6000940.80
2025-11-26 17:53:06.783504 INFO::Fitting model to feature number 3086, metabat_ERR6279628.17
2025-11-26 17:53:06.819359 INFO::Fitting model to feature number 3087, metabat_ERR6281499.18_sub
2025-11-26 17:53:06.846021 INFO::Fitting model to feature number 3088, metabat_SRR20881981.9
2025-11-26 17:53:06.8733 INFO::Fitting model to feature number 3089, metabat_ERR6275652.54
2025-11-26 17:53:06.89949 INFO::Fitting model to feature number 3090, metabat_SRR16168913.43
2025-11-26 17:53:06.925248 INFO::Fitting model to feature number 3091, metabat_SRR16168982.26
2025-11-26 17:53:06.951322 INFO::Fitting model to feature number 3092, maxbin_SRR23364176.009
2025-11-26 17:53:06.977199 INFO::Fitting model to feature number 3093, metabat_ERR6230340.13
2025-11-26 17:53:07.003583 INFO::Fitting model to feature number 3094, semibin_SRR5930506.146
2025-11-26 17:53:07.029391 INFO::Fitting model to feature number 3095, semibin_SRR16554652.51
2025-11-26 17:53:07.055245 INFO::Fitting model to feature number 3096, metabat_SRR11413683.27
2025-11-26 17:53:07.081028 INFO::Fitting model to feature number 3097, semibin_SRR6000899.35
2025-11-26 17:53:07.106475 INFO::Fitting model to feature number 3098, semibin_ERR6280899.56
2025-11-26 17:53:07.133839 INFO::Fitting model to feature number 3099, maxbin_ERR12406003.027
2025-11-26 17:53:07.165341 INFO::Fitting model to feature number 3100, maxbin_ERR12406003.020
2025-11-26 17:53:07.19127 INFO::Fitting model to feature number 3101, maxbin_SRR11413657.029
2025-11-26 17:53:07.217164 INFO::Fitting model to feature number 3102, semibin_SRR25825504.123_sub
2025-11-26 17:53:07.24264 INFO::Fitting model to feature number 3103, metabat_SRR16168926.39
2025-11-26 17:53:07.2676 INFO::Fitting model to feature number 3104, maxbin_SRR11413678.043
2025-11-26 17:53:07.29404 INFO::Fitting model to feature number 3105, maxbin_SRR11413612.006
2025-11-26 17:53:07.320808 INFO::Fitting model to feature number 3106, semibin_SRR5930501.71
2025-11-26 17:53:07.348852 INFO::Fitting model to feature number 3107, semibin_ERR6281504.76
2025-11-26 17:53:07.374574 INFO::Fitting model to feature number 3108, semibin_ERR6279673.45
2025-11-26 17:53:07.400305 INFO::Fitting model to feature number 3109, semibin_ERR6275674.36_sub
2025-11-26 17:53:07.428519 INFO::Fitting model to feature number 3110, semibin_SRR5930498.76
2025-11-26 17:53:07.460703 INFO::Fitting model to feature number 3111, maxbin_ERR6279664.002_sub
2025-11-26 17:53:07.51456 INFO::Fitting model to feature number 3112, maxbin_SRR11413690.011
2025-11-26 17:53:07.541206 INFO::Fitting model to feature number 3113, metabat_SRR6000931.60_sub
2025-11-26 17:53:07.568166 INFO::Fitting model to feature number 3114, maxbin_SRR11413679.007
2025-11-26 17:53:07.596593 INFO::Fitting model to feature number 3115, semibin_SRR16168976.65
2025-11-26 17:53:07.623499 INFO::Fitting model to feature number 3116, metabat_ERR6281343.50_sub
2025-11-26 17:53:07.65216 INFO::Fitting model to feature number 3117, semibin_SRR6000909.0
2025-11-26 17:53:07.680039 INFO::Fitting model to feature number 3118, metabat_SRR11413657.66_sub
2025-11-26 17:53:07.707927 INFO::Fitting model to feature number 3119, maxbin_SRR23364193.009
2025-11-26 17:53:07.734848 INFO::Fitting model to feature number 3120, semibin_SRR23364235.52
2025-11-26 17:53:07.761927 INFO::Fitting model to feature number 3121, semibin_ERR12405979.21
2025-11-26 17:53:07.790055 INFO::Fitting model to feature number 3122, metabat_SRR20881985.70
2025-11-26 17:53:07.821348 INFO::Fitting model to feature number 3123, metabat_SRR23364194.60_sub
2025-11-26 17:53:07.852754 INFO::Fitting model to feature number 3124, semibin_SRR16168918.151
2025-11-26 17:53:07.879758 INFO::Fitting model to feature number 3125, semibin_SRR16554777.34
2025-11-26 17:53:07.90852 INFO::Fitting model to feature number 3126, semibin_SRR11413654.116
2025-11-26 17:53:07.935896 INFO::Fitting model to feature number 3127, maxbin_ERR6271721.021_sub
2025-11-26 17:53:07.962674 INFO::Fitting model to feature number 3128, maxbin_SRR5930493.014
2025-11-26 17:53:07.988405 INFO::Fitting model to feature number 3129, semibin_ERR12405960.30
2025-11-26 17:53:08.01542 INFO::Fitting model to feature number 3130, semibin_ERR6279655.13
2025-11-26 17:53:08.042324 INFO::Fitting model to feature number 3131, metabat_ERR6279677.29_sub
2025-11-26 17:53:08.070696 INFO::Fitting model to feature number 3132, metabat_ERR12405995.18
2025-11-26 17:53:08.09839 INFO::Fitting model to feature number 3133, metabat_SRR16168976.44
2025-11-26 17:53:08.125153 INFO::Fitting model to feature number 3134, semibin_SRR5930510.39
2025-11-26 17:53:08.151409 INFO::Fitting model to feature number 3135, metabat_ERR6275667.22
2025-11-26 17:53:08.179588 INFO::Fitting model to feature number 3136, semibin_SRR20881978.50
2025-11-26 17:53:08.211723 INFO::Fitting model to feature number 3137, semibin_SRR25825501.41
2025-11-26 17:53:08.259303 INFO::Fitting model to feature number 3138, metabat_SRR25825498.30
2025-11-26 17:53:08.291214 INFO::Fitting model to feature number 3139, semibin_ERR12405928.72
2025-11-26 17:53:08.318323 INFO::Fitting model to feature number 3140, metabat_SRR11413645.53
2025-11-26 17:53:08.344846 INFO::Fitting model to feature number 3141, metabat_SRR25825516.32
2025-11-26 17:53:08.372541 INFO::Fitting model to feature number 3142, metabat_ERR6281504.76
2025-11-26 17:53:08.399136 INFO::Fitting model to feature number 3143, maxbin_SRR5930520.048_sub
2025-11-26 17:53:08.426583 INFO::Fitting model to feature number 3144, metabat_ERR6279678.25
2025-11-26 17:53:08.453941 INFO::Fitting model to feature number 3145, metabat_SRR16554659.15
2025-11-26 17:53:08.481472 INFO::Fitting model to feature number 3146, metabat_ERR6275663.2
2025-11-26 17:53:08.513607 INFO::Fitting model to feature number 3147, semibin_ERR6281518.131
2025-11-26 17:53:08.542084 INFO::Fitting model to feature number 3148, semibin_SRR16168930.105
2025-11-26 17:53:08.568356 INFO::Fitting model to feature number 3149, semibin_SRR20881974.54
2025-11-26 17:53:08.593719 INFO::Fitting model to feature number 3150, maxbin_ERR12405967.002_sub
2025-11-26 17:53:08.619916 INFO::Fitting model to feature number 3151, semibin_SRR6000940.38_sub
2025-11-26 17:53:08.647449 INFO::Fitting model to feature number 3152, maxbin_SRR8387712.022
2025-11-26 17:53:08.674122 INFO::Fitting model to feature number 3153, semibin_SRR16168902.6
2025-11-26 17:53:08.699036 INFO::Fitting model to feature number 3154, semibin_ERR6275675.42
2025-11-26 17:53:08.7254 INFO::Fitting model to feature number 3155, metabat_ERR6281000.56_sub
2025-11-26 17:53:08.750671 INFO::Fitting model to feature number 3156, semibin_ERR6275666.53
2025-11-26 17:53:08.776309 INFO::Fitting model to feature number 3157, metabat_ERR6243877.9
2025-11-26 17:53:08.806694 INFO::Fitting model to feature number 3158, metabat_SRR16168984.26
2025-11-26 17:53:08.83983 INFO::Fitting model to feature number 3159, metabat_ERR12405965.31_sub
2025-11-26 17:53:08.869639 INFO::Fitting model to feature number 3160, metabat_SRR25825501.22
2025-11-26 17:53:08.894991 INFO::Fitting model to feature number 3161, semibin_SRR6000946.37
2025-11-26 17:53:08.919356 INFO::Fitting model to feature number 3162, metabat_SRR25825514.3
2025-11-26 17:53:08.945106 INFO::Fitting model to feature number 3163, metabat_SRR5930498.62
2025-11-26 17:53:08.971007 INFO::Fitting model to feature number 3164, semibin_SRR23364189.47
2025-11-26 17:53:09.018299 INFO::Fitting model to feature number 3165, semibin_ERR6279670.33
2025-11-26 17:53:09.044861 INFO::Fitting model to feature number 3166, metabat_ERR6254870.9
2025-11-26 17:53:09.07109 INFO::Fitting model to feature number 3167, semibin_SRR11413646.13
2025-11-26 17:53:09.096597 INFO::Fitting model to feature number 3168, maxbin_SRR11413681.026
2025-11-26 17:53:09.12999 INFO::Fitting model to feature number 3169, semibin_ERR12406012.38
2025-11-26 17:53:09.156876 INFO::Fitting model to feature number 3170, semibin_SRR5930505.151
2025-11-26 17:53:09.185941 INFO::Fitting model to feature number 3171, maxbin_SRR11413689.008
2025-11-26 17:53:09.211864 INFO::Fitting model to feature number 3172, metabat_SRR5930528.90
2025-11-26 17:53:09.237056 INFO::Fitting model to feature number 3173, metabat_ERR12405943.50_sub
2025-11-26 17:53:09.2629 INFO::Fitting model to feature number 3174, semibin_SRR5930521.95
2025-11-26 17:53:09.288665 INFO::Fitting model to feature number 3175, semibin_ERR6275673.30
2025-11-26 17:53:09.313919 INFO::Fitting model to feature number 3176, semibin_SRR25825502.26
2025-11-26 17:53:09.339003 INFO::Fitting model to feature number 3177, semibin_SRR11413615.80
2025-11-26 17:53:09.364891 INFO::Fitting model to feature number 3178, semibin_ERR6279671.38
2025-11-26 17:53:09.39099 INFO::Fitting model to feature number 3179, maxbin_SRR13068844.013_sub
2025-11-26 17:53:09.417072 INFO::Fitting model to feature number 3180, maxbin_ERR6279672.016
2025-11-26 17:53:09.442404 INFO::Fitting model to feature number 3181, semibin_ERR6279618.34
2025-11-26 17:53:09.468201 INFO::Fitting model to feature number 3182, metabat_SRR25825512.34
2025-11-26 17:53:09.493301 INFO::Fitting model to feature number 3183, semibin_ERR6279655.27
2025-11-26 17:53:09.521975 INFO::Fitting model to feature number 3184, maxbin_SRR11413611.022
2025-11-26 17:53:09.550061 INFO::Fitting model to feature number 3185, metabat_SRR25825504.2
2025-11-26 17:53:09.577489 INFO::Fitting model to feature number 3186, maxbin_SRR13022303.020_sub
2025-11-26 17:53:09.603362 INFO::Fitting model to feature number 3187, metabat_SRR11413607.57
2025-11-26 17:53:09.628695 INFO::Fitting model to feature number 3188, metabat_SRR16554744.1
2025-11-26 17:53:09.654653 INFO::Fitting model to feature number 3189, metabat_ERR6281341.34
2025-11-26 17:53:09.680659 INFO::Fitting model to feature number 3190, maxbin_ERR6281504.023_sub
2025-11-26 17:53:09.706152 INFO::Fitting model to feature number 3191, maxbin_ERR6233693.019_sub
2025-11-26 17:53:09.755217 INFO::Fitting model to feature number 3192, metabat_ERR6231616.20_sub
2025-11-26 17:53:09.782242 INFO::Fitting model to feature number 3193, semibin_SRR5930519.68
2025-11-26 17:53:09.807894 INFO::Fitting model to feature number 3194, metabat_SRR13068821.3
2025-11-26 17:53:09.833337 INFO::Fitting model to feature number 3195, metabat_SRR11413646.20
2025-11-26 17:53:09.865523 INFO::Fitting model to feature number 3196, metabat_ERR6275667.5
2025-11-26 17:53:09.892556 INFO::Fitting model to feature number 3197, semibin_SRR11413657.81
2025-11-26 17:53:09.918544 INFO::Fitting model to feature number 3198, metabat_SRR11413657.28
2025-11-26 17:53:09.944933 INFO::Fitting model to feature number 3199, metabat_ERR6281751.13_sub
2025-11-26 17:53:09.97075 INFO::Fitting model to feature number 3200, metabat_ERR12405953.12
2025-11-26 17:53:09.996079 INFO::Fitting model to feature number 3201, semibin_ERR6254871.3
2025-11-26 17:53:10.021969 INFO::Fitting model to feature number 3202, semibin_SRR5930493.200
2025-11-26 17:53:10.047609 INFO::Fitting model to feature number 3203, semibin_SRR11413692.20
2025-11-26 17:53:10.073648 INFO::Fitting model to feature number 3204, semibin_ERR6281341.53
2025-11-26 17:53:10.099691 INFO::Fitting model to feature number 3205, semibin_ERR6279622.25_sub
2025-11-26 17:53:10.12501 INFO::Fitting model to feature number 3206, maxbin_SRR11413690.015
2025-11-26 17:53:10.151254 INFO::Fitting model to feature number 3207, semibin_ERR6275675.80
2025-11-26 17:53:10.182939 INFO::Fitting model to feature number 3208, maxbin_SRR6000891.017
2025-11-26 17:53:10.212665 INFO::Fitting model to feature number 3209, metabat_ERR6275661.57
2025-11-26 17:53:10.23835 INFO::Fitting model to feature number 3210, semibin_SRR25825494.0
2025-11-26 17:53:10.265022 INFO::Fitting model to feature number 3211, semibin_SRR5930516.224
2025-11-26 17:53:10.291276 INFO::Fitting model to feature number 3212, metabat_SRR16168984.25
2025-11-26 17:53:10.315894 INFO::Fitting model to feature number 3213, metabat_ERR6254871.53_sub
2025-11-26 17:53:10.3425 INFO::Fitting model to feature number 3214, semibin_ERR6275661.3
2025-11-26 17:53:10.369094 INFO::Fitting model to feature number 3215, metabat_ERR6279657.59
2025-11-26 17:53:10.394938 INFO::Fitting model to feature number 3216, semibin_SRR20881981.27
2025-11-26 17:53:10.41998 INFO::Fitting model to feature number 3217, metabat_SRR23364232.30
2025-11-26 17:53:10.446247 INFO::Fitting model to feature number 3218, metabat_SRR11413618.42
2025-11-26 17:53:10.500198 INFO::Fitting model to feature number 3219, semibin_SRR13068823.89
2025-11-26 17:53:10.529347 INFO::Fitting model to feature number 3220, metabat_ERR6264280.8
2025-11-26 17:53:10.557909 INFO::Fitting model to feature number 3221, semibin_SRR5930514.24
2025-11-26 17:53:10.584296 INFO::Fitting model to feature number 3222, semibin_SRR16554788.35
2025-11-26 17:53:10.610012 INFO::Fitting model to feature number 3223, metabat_SRR13068846.48
2025-11-26 17:53:10.635103 INFO::Fitting model to feature number 3224, metabat_SRR5930497.49
2025-11-26 17:53:10.660878 INFO::Fitting model to feature number 3225, semibin_ERR6279666.39
2025-11-26 17:53:10.686946 INFO::Fitting model to feature number 3226, semibin_SRR23364223.17
2025-11-26 17:53:10.71243 INFO::Fitting model to feature number 3227, semibin_ERR6280899.116
2025-11-26 17:53:10.737727 INFO::Fitting model to feature number 3228, semibin_SRR6000892.68
2025-11-26 17:53:10.763623 INFO::Fitting model to feature number 3229, semibin_SRR11413608.76
2025-11-26 17:53:10.789772 INFO::Fitting model to feature number 3230, semibin_SRR5930515.84
2025-11-26 17:53:10.822824 INFO::Fitting model to feature number 3231, metabat_SRR11413657.46
2025-11-26 17:53:10.849174 INFO::Fitting model to feature number 3232, maxbin_ERR6279670.003
2025-11-26 17:53:10.876441 INFO::Fitting model to feature number 3233, maxbin_SRR16168896.007
2025-11-26 17:53:10.901985 INFO::Fitting model to feature number 3234, metabat_ERR6279662.34
2025-11-26 17:53:10.927279 INFO::Fitting model to feature number 3235, metabat_ERR12405947.20
2025-11-26 17:53:10.953734 INFO::Fitting model to feature number 3236, semibin_SRR16554686.7
2025-11-26 17:53:10.979862 INFO::Fitting model to feature number 3237, maxbin_SRR13068848.026
2025-11-26 17:53:11.005245 INFO::Fitting model to feature number 3238, maxbin_ERR6279661.005_sub
2025-11-26 17:53:11.030374 INFO::Fitting model to feature number 3239, maxbin_SRR16554786.015
2025-11-26 17:53:11.056385 INFO::Fitting model to feature number 3240, semibin_ERR6281341.3
2025-11-26 17:53:11.085578 INFO::Fitting model to feature number 3241, metabat_ERR6279662.35
2025-11-26 17:53:11.113747 INFO::Fitting model to feature number 3242, semibin_ERR6275668.136
2025-11-26 17:53:11.139396 INFO::Fitting model to feature number 3243, metabat_SRR11413689.39
2025-11-26 17:53:11.166414 INFO::Fitting model to feature number 3244, metabat_ERR12405973.8
2025-11-26 17:53:11.219555 INFO::Fitting model to feature number 3245, metabat_ERR6281432.10
2025-11-26 17:53:11.252466 INFO::Fitting model to feature number 3246, maxbin_SRR20881983.029
2025-11-26 17:53:11.278901 INFO::Fitting model to feature number 3247, maxbin_SRR16554627.021_sub
2025-11-26 17:53:11.306035 INFO::Fitting model to feature number 3248, semibin_ERR12406012.20
2025-11-26 17:53:11.332293 INFO::Fitting model to feature number 3249, semibin_ERR12405955.104
2025-11-26 17:53:11.35786 INFO::Fitting model to feature number 3250, metabat_SRR25825515.25_sub
2025-11-26 17:53:11.3836 INFO::Fitting model to feature number 3251, metabat_SRR20881987.24
2025-11-26 17:53:11.409706 INFO::Fitting model to feature number 3252, maxbin_SRR5930493.007_sub
2025-11-26 17:53:11.435829 INFO::Fitting model to feature number 3253, metabat_SRR11413649.84
2025-11-26 17:53:11.461328 INFO::Fitting model to feature number 3254, semibin_ERR6281434.69
2025-11-26 17:53:11.487882 INFO::Fitting model to feature number 3255, metabat_SRR11413619.62
2025-11-26 17:53:11.521131 INFO::Fitting model to feature number 3256, metabat_ERR6281500.37
2025-11-26 17:53:11.549674 INFO::Fitting model to feature number 3257, metabat_SRR16168942.19
2025-11-26 17:53:11.57614 INFO::Fitting model to feature number 3258, maxbin_SRR5930536.008
2025-11-26 17:53:11.602094 INFO::Fitting model to feature number 3259, metabat_SRR13068842.58_sub
2025-11-26 17:53:11.628024 INFO::Fitting model to feature number 3260, semibin_SRR13068835.82
2025-11-26 17:53:11.653093 INFO::Fitting model to feature number 3261, semibin_ERR12405943.66
2025-11-26 17:53:11.679197 INFO::Fitting model to feature number 3262, metabat_SRR25825520.1
2025-11-26 17:53:11.704944 INFO::Fitting model to feature number 3263, maxbin_ERR12405977.012
2025-11-26 17:53:11.730443 INFO::Fitting model to feature number 3264, metabat_ERR6279667.38
2025-11-26 17:53:11.755211 INFO::Fitting model to feature number 3265, metabat_ERR6239139.52
2025-11-26 17:53:11.781103 INFO::Fitting model to feature number 3266, metabat_ERR12405943.42
2025-11-26 17:53:11.807274 INFO::Fitting model to feature number 3267, semibin_ERR6279624.11
2025-11-26 17:53:11.832614 INFO::Fitting model to feature number 3268, metabat_SRR5930527.53_sub
2025-11-26 17:53:11.860753 INFO::Fitting model to feature number 3269, metabat_ERR6279678.10
2025-11-26 17:53:11.892194 INFO::Fitting model to feature number 3270, metabat_SRR11413684.18
2025-11-26 17:53:11.921604 INFO::Fitting model to feature number 3271, metabat_SRR23364171.10
2025-11-26 17:53:11.969118 INFO::Fitting model to feature number 3272, semibin_SRR5930529.84
2025-11-26 17:53:11.99587 INFO::Fitting model to feature number 3273, semibin_SRR5930530.103
2025-11-26 17:53:12.021382 INFO::Fitting model to feature number 3274, semibin_ERR6279669.6_sub
2025-11-26 17:53:12.047448 INFO::Fitting model to feature number 3275, semibin_SRR20881975.40
2025-11-26 17:53:12.073222 INFO::Fitting model to feature number 3276, semibin_ERR6279666.15_sub
2025-11-26 17:53:12.099271 INFO::Fitting model to feature number 3277, metabat_ERR6275663.65
2025-11-26 17:53:12.12502 INFO::Fitting model to feature number 3278, maxbin_SRR6000869.021_sub
2025-11-26 17:53:12.150708 INFO::Fitting model to feature number 3279, metabat_SRR5930514.57
2025-11-26 17:53:12.176934 INFO::Fitting model to feature number 3280, semibin_ERR6279618.55
2025-11-26 17:53:12.206422 INFO::Fitting model to feature number 3281, metabat_ERR12405992.23
2025-11-26 17:53:12.235513 INFO::Fitting model to feature number 3282, semibin_SRR5930494.150
2025-11-26 17:53:12.26242 INFO::Fitting model to feature number 3283, metabat_SRR20881981.42_sub
2025-11-26 17:53:12.288257 INFO::Fitting model to feature number 3284, metabat_SRR25825516.24
2025-11-26 17:53:12.313876 INFO::Fitting model to feature number 3285, maxbin_ERR6279625.039_sub
2025-11-26 17:53:12.339984 INFO::Fitting model to feature number 3286, semibin_ERR6275665.2_sub
2025-11-26 17:53:12.366552 INFO::Fitting model to feature number 3287, metabat_SRR5930528.105
2025-11-26 17:53:12.392077 INFO::Fitting model to feature number 3288, semibin_SRR25825505.24
2025-11-26 17:53:12.417761 INFO::Fitting model to feature number 3289, maxbin_ERR6279663.020_sub
2025-11-26 17:53:12.443802 INFO::Fitting model to feature number 3290, semibin_ERR6279682.55
2025-11-26 17:53:12.471009 INFO::Fitting model to feature number 3291, maxbin_ERR6281000.031_sub
2025-11-26 17:53:12.500508 INFO::Fitting model to feature number 3292, semibin_SRR13022285.12
2025-11-26 17:53:12.52897 INFO::Fitting model to feature number 3293, semibin_SRR25825510.66
2025-11-26 17:53:12.557181 INFO::Fitting model to feature number 3294, maxbin_SRR11413683.028
2025-11-26 17:53:12.588816 INFO::Fitting model to feature number 3295, metabat_SRR16554766.44
2025-11-26 17:53:12.614963 INFO::Fitting model to feature number 3296, metabat_SRR11413683.15
2025-11-26 17:53:12.641356 INFO::Fitting model to feature number 3297, metabat_SRR11413652.38
2025-11-26 17:53:12.666863 INFO::Fitting model to feature number 3298, semibin_SRR25825508.10
2025-11-26 17:53:12.716585 INFO::Fitting model to feature number 3299, metabat_ERR12405953.24
2025-11-26 17:53:12.744117 INFO::Fitting model to feature number 3300, metabat_ERR6236131.56_sub
2025-11-26 17:53:12.77076 INFO::Fitting model to feature number 3301, semibin_SRR23364230.9
2025-11-26 17:53:12.796623 INFO::Fitting model to feature number 3302, metabat_ERR6279676.65
2025-11-26 17:53:12.822731 INFO::Fitting model to feature number 3303, maxbin_ERR6279624.026_sub
2025-11-26 17:53:12.848637 INFO::Fitting model to feature number 3304, metabat_ERR12405979.19
2025-11-26 17:53:12.878588 INFO::Fitting model to feature number 3305, semibin_ERR6279657.142
2025-11-26 17:53:12.906723 INFO::Fitting model to feature number 3306, maxbin_ERR6243880.020_sub
2025-11-26 17:53:12.934926 INFO::Fitting model to feature number 3307, metabat_SRR25825514.49_sub
2025-11-26 17:53:12.960672 INFO::Fitting model to feature number 3308, metabat_ERR12405923.2
2025-11-26 17:53:12.985251 INFO::Fitting model to feature number 3309, semibin_SRR11413683.27
2025-11-26 17:53:13.011036 INFO::Fitting model to feature number 3310, metabat_ERR6275663.31
2025-11-26 17:53:13.036765 INFO::Fitting model to feature number 3311, semibin_ERR6231616.29
2025-11-26 17:53:13.062218 INFO::Fitting model to feature number 3312, metabat_SRR11413618.19
2025-11-26 17:53:13.088029 INFO::Fitting model to feature number 3313, maxbin_SRR13068830.012_sub
2025-11-26 17:53:13.114229 INFO::Fitting model to feature number 3314, metabat_ERR6275682.30_sub
2025-11-26 17:53:13.140042 INFO::Fitting model to feature number 3315, metabat_SRR16168929.17
2025-11-26 17:53:13.16486 INFO::Fitting model to feature number 3316, metabat_ERR6279655.6
2025-11-26 17:53:13.190209 INFO::Fitting model to feature number 3317, semibin_SRR5930527.26
2025-11-26 17:53:13.221159 INFO::Fitting model to feature number 3318, metabat_ERR12405911.29
2025-11-26 17:53:13.250195 INFO::Fitting model to feature number 3319, metabat_ERR6233692.20
2025-11-26 17:53:13.275758 INFO::Fitting model to feature number 3320, maxbin_SRR5930503.012_sub
2025-11-26 17:53:13.301708 INFO::Fitting model to feature number 3321, semibin_ERR6243880.7_sub
2025-11-26 17:53:13.326658 INFO::Fitting model to feature number 3322, semibin_ERR6279657.97
2025-11-26 17:53:13.351787 INFO::Fitting model to feature number 3323, semibin_SRR11413648.57
2025-11-26 17:53:13.377162 INFO::Fitting model to feature number 3324, maxbin_ERR6254871.011
2025-11-26 17:53:13.402696 INFO::Fitting model to feature number 3325, metabat_ERR6281504.22_sub
2025-11-26 17:53:13.477415 INFO::Fitting model to feature number 3326, semibin_ERR12405976.10
2025-11-26 17:53:13.502129 INFO::Fitting model to feature number 3327, semibin_SRR5930503.7
2025-11-26 17:53:13.527879 INFO::Fitting model to feature number 3328, metabat_ERR6279667.16
2025-11-26 17:53:13.553502 INFO::Fitting model to feature number 3329, semibin_SRR6000942.8
2025-11-26 17:53:13.58088 INFO::Fitting model to feature number 3330, metabat_ERR6279676.51
2025-11-26 17:53:13.610684 INFO::Fitting model to feature number 3331, metabat_ERR6279619.12
2025-11-26 17:53:13.636386 INFO::Fitting model to feature number 3332, semibin_ERR6232382.10_sub
2025-11-26 17:53:13.662554 INFO::Fitting model to feature number 3333, metabat_ERR6280907.72
2025-11-26 17:53:13.688177 INFO::Fitting model to feature number 3334, semibin_ERR6281433.33
2025-11-26 17:53:13.713428 INFO::Fitting model to feature number 3335, semibin_ERR6279644.93
2025-11-26 17:53:13.739116 INFO::Fitting model to feature number 3336, maxbin_ERR6281504.041_sub
2025-11-26 17:53:13.76505 INFO::Fitting model to feature number 3337, metabat_ERR6281434.25
2025-11-26 17:53:13.789795 INFO::Fitting model to feature number 3338, metabat_ERR12406003.28_sub
2025-11-26 17:53:13.815486 INFO::Fitting model to feature number 3339, metabat_SRR5930534.18
2025-11-26 17:53:13.841404 INFO::Fitting model to feature number 3340, semibin_ERR6275666.14
2025-11-26 17:53:13.867158 INFO::Fitting model to feature number 3341, metabat_ERR6232688.9
2025-11-26 17:53:13.89623 INFO::Fitting model to feature number 3342, metabat_SRR16554769.37
2025-11-26 17:53:13.925578 INFO::Fitting model to feature number 3343, metabat_ERR12405912.30_sub
2025-11-26 17:53:13.95396 INFO::Fitting model to feature number 3344, metabat_SRR16554660.33
2025-11-26 17:53:13.98061 INFO::Fitting model to feature number 3345, maxbin_ERR12405911.011
2025-11-26 17:53:14.007838 INFO::Fitting model to feature number 3346, maxbin_ERR6279654.035
2025-11-26 17:53:14.034313 INFO::Fitting model to feature number 3347, semibin_SRR16168982.52
2025-11-26 17:53:14.06003 INFO::Fitting model to feature number 3348, maxbin_SRR13068841.017
2025-11-26 17:53:14.086335 INFO::Fitting model to feature number 3349, metabat_ERR6279624.9_sub
2025-11-26 17:53:14.112828 INFO::Fitting model to feature number 3350, metabat_SRR5930506.103
2025-11-26 17:53:14.139304 INFO::Fitting model to feature number 3351, maxbin_SRR5930501.007
2025-11-26 17:53:14.165751 INFO::Fitting model to feature number 3352, metabat_SRR13068841.35_sub
2025-11-26 17:53:14.213383 INFO::Fitting model to feature number 3353, maxbin_ERR6279623.016_sub
2025-11-26 17:53:14.250104 INFO::Fitting model to feature number 3354, semibin_ERR6232524.5
2025-11-26 17:53:14.282881 INFO::Fitting model to feature number 3355, semibin_ERR6275652.71
2025-11-26 17:53:14.309406 INFO::Fitting model to feature number 3356, maxbin_ERR6279623.024
2025-11-26 17:53:14.335092 INFO::Fitting model to feature number 3357, maxbin_ERR6281518.058_sub
2025-11-26 17:53:14.360987 INFO::Fitting model to feature number 3358, semibin_SRR5930528.150
2025-11-26 17:53:14.386276 INFO::Fitting model to feature number 3359, metabat_ERR6275671.40_sub
2025-11-26 17:53:14.412184 INFO::Fitting model to feature number 3360, maxbin_SRR5930516.008
2025-11-26 17:53:14.437882 INFO::Fitting model to feature number 3361, semibin_ERR6279671.60
2025-11-26 17:53:14.463885 INFO::Fitting model to feature number 3362, maxbin_SRR5930534.025_sub
2025-11-26 17:53:14.489125 INFO::Fitting model to feature number 3363, semibin_ERR6275661.85
2025-11-26 17:53:14.515037 INFO::Fitting model to feature number 3364, maxbin_SRR5930506.023
2025-11-26 17:53:14.545986 INFO::Fitting model to feature number 3365, semibin_SRR5930517.29
2025-11-26 17:53:14.577459 INFO::Fitting model to feature number 3366, metabat_ERR6275663.30_sub
2025-11-26 17:53:14.605327 INFO::Fitting model to feature number 3367, semibin_SRR16168926.64
2025-11-26 17:53:14.63189 INFO::Fitting model to feature number 3368, metabat_SRR8387676.31
2025-11-26 17:53:14.657081 INFO::Fitting model to feature number 3369, maxbin_SRR5930514.050
2025-11-26 17:53:14.683223 INFO::Fitting model to feature number 3370, metabat_ERR6275672.17
2025-11-26 17:53:14.710342 INFO::Fitting model to feature number 3371, semibin_ERR12405963.23
2025-11-26 17:53:14.736451 INFO::Fitting model to feature number 3372, metabat_SRR13068851.15
2025-11-26 17:53:14.761719 INFO::Fitting model to feature number 3373, metabat_SRR13022366.10
2025-11-26 17:53:14.788479 INFO::Fitting model to feature number 3374, semibin_SRR5930526.99
2025-11-26 17:53:14.815797 INFO::Fitting model to feature number 3375, metabat_SRR11413657.73
2025-11-26 17:53:14.841828 INFO::Fitting model to feature number 3376, metabat_ERR6229432.47
2025-11-26 17:53:14.866847 INFO::Fitting model to feature number 3377, semibin_ERR6279675.38
2025-11-26 17:53:14.905772 INFO::Fitting model to feature number 3378, maxbin_SRR11413657.011
2025-11-26 17:53:14.957314 INFO::Fitting model to feature number 3379, metabat_SRR5930493.1
2025-11-26 17:53:14.984506 INFO::Fitting model to feature number 3380, maxbin_SRR6000899.055
2025-11-26 17:53:15.009635 INFO::Fitting model to feature number 3381, maxbin_ERR6281343.023_sub
2025-11-26 17:53:15.035891 INFO::Fitting model to feature number 3382, metabat_SRR11413648.69
2025-11-26 17:53:15.063158 INFO::Fitting model to feature number 3383, semibin_ERR6281340.14
2025-11-26 17:53:15.087606 INFO::Fitting model to feature number 3384, semibin_SRR5930504.144
2025-11-26 17:53:15.113941 INFO::Fitting model to feature number 3385, semibin_ERR6279659.16
2025-11-26 17:53:15.142065 INFO::Fitting model to feature number 3386, metabat_SRR16554656.36
2025-11-26 17:53:15.168508 INFO::Fitting model to feature number 3387, semibin_ERR6279678.59_sub
2025-11-26 17:53:15.193811 INFO::Fitting model to feature number 3388, maxbin_SRR6000905.014
2025-11-26 17:53:15.220292 INFO::Fitting model to feature number 3389, semibin_ERR6281941.53_sub
2025-11-26 17:53:15.249566 INFO::Fitting model to feature number 3390, maxbin_ERR12406006.012
2025-11-26 17:53:15.277229 INFO::Fitting model to feature number 3391, semibin_SRR16168986.33_sub
2025-11-26 17:53:15.30549 INFO::Fitting model to feature number 3392, semibin_SRR5930493.116
2025-11-26 17:53:15.331125 INFO::Fitting model to feature number 3393, semibin_ERR6279644.44
2025-11-26 17:53:15.356921 INFO::Fitting model to feature number 3394, maxbin_ERR12405931.009
2025-11-26 17:53:15.382574 INFO::Fitting model to feature number 3395, metabat_ERR6279666.49_sub
2025-11-26 17:53:15.408578 INFO::Fitting model to feature number 3396, semibin_SRR23364187.35
2025-11-26 17:53:15.433807 INFO::Fitting model to feature number 3397, semibin_SRR5930507.55
2025-11-26 17:53:15.459007 INFO::Fitting model to feature number 3398, metabat_ERR12405976.45
2025-11-26 17:53:15.48474 INFO::Fitting model to feature number 3399, metabat_ERR12405971.14
2025-11-26 17:53:15.510156 INFO::Fitting model to feature number 3400, maxbin_SRR16168920.008
2025-11-26 17:53:15.545365 INFO::Fitting model to feature number 3401, semibin_SRR5930528.70_sub
2025-11-26 17:53:15.570958 INFO::Fitting model to feature number 3402, metabat_ERR6233694.2_sub
2025-11-26 17:53:15.598809 INFO::Fitting model to feature number 3403, maxbin_SRR23364177.003_sub
2025-11-26 17:53:15.624333 INFO::Fitting model to feature number 3404, semibin_SRR13068844.65
2025-11-26 17:53:15.649682 INFO::Fitting model to feature number 3405, maxbin_ERR6279657.025
2025-11-26 17:53:15.696871 INFO::Fitting model to feature number 3406, maxbin_SRR5930528.018
2025-11-26 17:53:15.726404 INFO::Fitting model to feature number 3407, metabat_ERR12405959.26
2025-11-26 17:53:15.75313 INFO::Fitting model to feature number 3408, semibin_SRR16168913.2
2025-11-26 17:53:15.77896 INFO::Fitting model to feature number 3409, semibin_SRR11413611.84
2025-11-26 17:53:15.804464 INFO::Fitting model to feature number 3410, metabat_SRR13068815.27
2025-11-26 17:53:15.830576 INFO::Fitting model to feature number 3411, metabat_SRR6000947.6
2025-11-26 17:53:15.856649 INFO::Fitting model to feature number 3412, metabat_ERR6279667.43
2025-11-26 17:53:15.881463 INFO::Fitting model to feature number 3413, semibin_ERR6243880.36
2025-11-26 17:53:15.909735 INFO::Fitting model to feature number 3414, metabat_SRR11413657.58
2025-11-26 17:53:15.938713 INFO::Fitting model to feature number 3415, semibin_SRR11413657.63_sub
2025-11-26 17:53:15.96472 INFO::Fitting model to feature number 3416, semibin_SRR13068829.56
2025-11-26 17:53:15.989949 INFO::Fitting model to feature number 3417, metabat_SRR11413615.38
2025-11-26 17:53:16.015725 INFO::Fitting model to feature number 3418, maxbin_SRR16554769.027_sub
2025-11-26 17:53:16.041605 INFO::Fitting model to feature number 3419, maxbin_SRR11413656.029
2025-11-26 17:53:16.066764 INFO::Fitting model to feature number 3420, semibin_SRR23364231.47
2025-11-26 17:53:16.093176 INFO::Fitting model to feature number 3421, semibin_SRR25825506.7
2025-11-26 17:53:16.118903 INFO::Fitting model to feature number 3422, semibin_SRR23364174.50
2025-11-26 17:53:16.144042 INFO::Fitting model to feature number 3423, maxbin_ERR12405938.012
2025-11-26 17:53:16.169725 INFO::Fitting model to feature number 3424, metabat_ERR12405980.6_sub
2025-11-26 17:53:16.200978 INFO::Fitting model to feature number 3425, semibin_ERR6281341.48
2025-11-26 17:53:16.230057 INFO::Fitting model to feature number 3426, semibin_ERR6279669.8
2025-11-26 17:53:16.255942 INFO::Fitting model to feature number 3427, metabat_SRR13022266.9
2025-11-26 17:53:16.282568 INFO::Fitting model to feature number 3428, metabat_ERR6231616.29_sub
2025-11-26 17:53:16.308175 INFO::Fitting model to feature number 3429, metabat_ERR6282070.7
2025-11-26 17:53:16.333842 INFO::Fitting model to feature number 3430, semibin_SRR16554769.38
2025-11-26 17:53:16.360168 INFO::Fitting model to feature number 3431, maxbin_SRR11413684.040_sub
2025-11-26 17:53:16.385617 INFO::Fitting model to feature number 3432, maxbin_SRR5930517.019
2025-11-26 17:53:16.433576 INFO::Fitting model to feature number 3433, semibin_ERR6275673.5
2025-11-26 17:53:16.459615 INFO::Fitting model to feature number 3434, maxbin_ERR6281941.015
2025-11-26 17:53:16.484882 INFO::Fitting model to feature number 3435, metabat_ERR6275668.9_sub
2025-11-26 17:53:16.511289 INFO::Fitting model to feature number 3436, metabat_SRR16168918.75
2025-11-26 17:53:16.542843 INFO::Fitting model to feature number 3437, metabat_SRR5930494.116
2025-11-26 17:53:16.569354 INFO::Fitting model to feature number 3438, metabat_ERR12405976.15
2025-11-26 17:53:16.596264 INFO::Fitting model to feature number 3439, semibin_SRR5930501.104
2025-11-26 17:53:16.622582 INFO::Fitting model to feature number 3440, semibin_ERR6275668.28
2025-11-26 17:53:16.647638 INFO::Fitting model to feature number 3441, semibin_ERR6271721.73
2025-11-26 17:53:16.673606 INFO::Fitting model to feature number 3442, metabat_ERR6279664.6_sub
2025-11-26 17:53:16.699483 INFO::Fitting model to feature number 3443, metabat_SRR20881986.19
2025-11-26 17:53:16.725227 INFO::Fitting model to feature number 3444, metabat_SRR8387710.39
2025-11-26 17:53:16.750577 INFO::Fitting model to feature number 3445, maxbin_SRR16554666.041
2025-11-26 17:53:16.77695 INFO::Fitting model to feature number 3446, metabat_ERR6279661.32
2025-11-26 17:53:16.803825 INFO::Fitting model to feature number 3447, metabat_SRR16168943.48
2025-11-26 17:53:16.829035 INFO::Fitting model to feature number 3448, metabat_ERR6281518.41_sub
2025-11-26 17:53:16.858489 INFO::Fitting model to feature number 3449, maxbin_SRR5930518.011
2025-11-26 17:53:16.892925 INFO::Fitting model to feature number 3450, semibin_ERR6275677.1
2025-11-26 17:53:16.923138 INFO::Fitting model to feature number 3451, semibin_SRR13068831.26
2025-11-26 17:53:16.948578 INFO::Fitting model to feature number 3452, semibin_SRR25825520.17
2025-11-26 17:53:16.977297 INFO::Fitting model to feature number 3453, semibin_ERR6282137.60
2025-11-26 17:53:17.005393 INFO::Fitting model to feature number 3454, metabat_SRR25825506.40
2025-11-26 17:53:17.031727 INFO::Fitting model to feature number 3455, metabat_ERR6279626.65
2025-11-26 17:53:17.05882 INFO::Fitting model to feature number 3456, semibin_SRR5930499.76
2025-11-26 17:53:17.085035 INFO::Fitting model to feature number 3457, metabat_SRR11413656.44_sub
2025-11-26 17:53:17.109997 INFO::Fitting model to feature number 3458, semibin_SRR5930498.294
2025-11-26 17:53:17.135432 INFO::Fitting model to feature number 3459, semibin_SRR5930511.38
2025-11-26 17:53:17.183523 INFO::Fitting model to feature number 3460, maxbin_ERR12405965.033_sub
2025-11-26 17:53:17.211517 INFO::Fitting model to feature number 3461, metabat_ERR12406000.1
2025-11-26 17:53:17.241688 INFO::Fitting model to feature number 3462, metabat_SRR11413657.12
2025-11-26 17:53:17.268489 INFO::Fitting model to feature number 3463, semibin_SRR23364201.31
2025-11-26 17:53:17.295219 INFO::Fitting model to feature number 3464, semibin_SRR6000921.3
2025-11-26 17:53:17.321337 INFO::Fitting model to feature number 3465, maxbin_SRR6000906.038
2025-11-26 17:53:17.34607 INFO::Fitting model to feature number 3466, semibin_SRR5930503.28_sub
2025-11-26 17:53:17.371891 INFO::Fitting model to feature number 3467, semibin_SRR13068851.37
2025-11-26 17:53:17.397802 INFO::Fitting model to feature number 3468, metabat_ERR6254871.18
2025-11-26 17:53:17.423694 INFO::Fitting model to feature number 3469, semibin_SRR11413686.33
2025-11-26 17:53:17.448533 INFO::Fitting model to feature number 3470, semibin_SRR11413653.2
2025-11-26 17:53:17.474627 INFO::Fitting model to feature number 3471, metabat_ERR12405999.13
2025-11-26 17:53:17.500477 INFO::Fitting model to feature number 3472, maxbin_SRR13068835.016
2025-11-26 17:53:17.526319 INFO::Fitting model to feature number 3473, metabat_ERR6275666.46
2025-11-26 17:53:17.552543 INFO::Fitting model to feature number 3474, semibin_SRR13068817.24
2025-11-26 17:53:17.584087 INFO::Fitting model to feature number 3475, semibin_SRR20881975.83
2025-11-26 17:53:17.609121 INFO::Fitting model to feature number 3476, semibin_ERR6264281.30
2025-11-26 17:53:17.636874 INFO::Fitting model to feature number 3477, metabat_ERR6264281.90
2025-11-26 17:53:17.663249 INFO::Fitting model to feature number 3478, metabat_ERR6279666.36_sub
2025-11-26 17:53:17.687999 INFO::Fitting model to feature number 3479, metabat_SRR5930528.52_sub
2025-11-26 17:53:17.71375 INFO::Fitting model to feature number 3480, semibin_ERR6279679.17
2025-11-26 17:53:17.739293 INFO::Fitting model to feature number 3481, semibin_ERR6275668.52_sub
2025-11-26 17:53:17.764207 INFO::Fitting model to feature number 3482, metabat_ERR6279666.25
2025-11-26 17:53:17.789844 INFO::Fitting model to feature number 3483, semibin_SRR6000894.13_sub
2025-11-26 17:53:17.815485 INFO::Fitting model to feature number 3484, semibin_SRR23364230.104
2025-11-26 17:53:17.840259 INFO::Fitting model to feature number 3485, metabat_SRR25825499.32_sub
2025-11-26 17:53:17.865808 INFO::Fitting model to feature number 3486, semibin_ERR6281751.29
2025-11-26 17:53:17.921619 INFO::Fitting model to feature number 3487, metabat_SRR20881986.22
2025-11-26 17:53:17.952286 INFO::Fitting model to feature number 3488, semibin_ERR6282137.95
2025-11-26 17:53:17.978402 INFO::Fitting model to feature number 3489, metabat_SRR23364192.7
2025-11-26 17:53:18.008718 INFO::Fitting model to feature number 3490, semibin_ERR12405955.19
2025-11-26 17:53:18.034677 INFO::Fitting model to feature number 3491, semibin_SRR11413611.77
2025-11-26 17:53:18.060211 INFO::Fitting model to feature number 3492, metabat_SRR20881976.26_sub
2025-11-26 17:53:18.085315 INFO::Fitting model to feature number 3493, semibin_SRR13068851.27_sub
2025-11-26 17:53:18.110937 INFO::Fitting model to feature number 3494, semibin_SRR11413690.41
2025-11-26 17:53:18.13665 INFO::Fitting model to feature number 3495, maxbin_SRR5930494.013
2025-11-26 17:53:18.16178 INFO::Fitting model to feature number 3496, metabat_ERR6281341.52
2025-11-26 17:53:18.193946 INFO::Fitting model to feature number 3497, semibin_SRR23364231.57_sub
2025-11-26 17:53:18.226335 INFO::Fitting model to feature number 3498, metabat_SRR25825511.75
2025-11-26 17:53:18.252249 INFO::Fitting model to feature number 3499, metabat_ERR6279681.66
2025-11-26 17:53:18.277252 INFO::Fitting model to feature number 3500, maxbin_SRR5930503.005
2025-11-26 17:53:18.303274 INFO::Fitting model to feature number 3501, maxbin_ERR6279681.028_sub
2025-11-26 17:53:18.32865 INFO::Fitting model to feature number 3502, maxbin_SRR5930503.019
2025-11-26 17:53:18.353517 INFO::Fitting model to feature number 3503, metabat_ERR6281343.20_sub
2025-11-26 17:53:18.37952 INFO::Fitting model to feature number 3504, metabat_SRR20881979.6
2025-11-26 17:53:18.405562 INFO::Fitting model to feature number 3505, metabat_ERR6264281.62
2025-11-26 17:53:18.430605 INFO::Fitting model to feature number 3506, semibin_ERR6279674.51
2025-11-26 17:53:18.456517 INFO::Fitting model to feature number 3507, maxbin_SRR5930510.035_sub
2025-11-26 17:53:18.486997 INFO::Fitting model to feature number 3508, metabat_SRR23364231.73
2025-11-26 17:53:18.513803 INFO::Fitting model to feature number 3509, semibin_SRR16554743.1
2025-11-26 17:53:18.540704 INFO::Fitting model to feature number 3510, maxbin_SRR5930498.016_sub
2025-11-26 17:53:18.566247 INFO::Fitting model to feature number 3511, metabat_SRR23364231.86
2025-11-26 17:53:18.59172 INFO::Fitting model to feature number 3512, semibin_SRR6000947.23
2025-11-26 17:53:18.637785 INFO::Fitting model to feature number 3513, maxbin_SRR23364230.029
2025-11-26 17:53:18.664755 INFO::Fitting model to feature number 3514, maxbin_SRR23364171.020
2025-11-26 17:53:18.690873 INFO::Fitting model to feature number 3515, semibin_ERR6279622.34
2025-11-26 17:53:18.717207 INFO::Fitting model to feature number 3516, semibin_SRR23364233.3
2025-11-26 17:53:18.742403 INFO::Fitting model to feature number 3517, maxbin_SRR5930497.013
2025-11-26 17:53:18.768289 INFO::Fitting model to feature number 3518, maxbin_SRR11413647.034
2025-11-26 17:53:18.794126 INFO::Fitting model to feature number 3519, maxbin_SRR16168945.044
2025-11-26 17:53:18.821149 INFO::Fitting model to feature number 3520, metabat_SRR5930506.121
2025-11-26 17:53:18.851078 INFO::Fitting model to feature number 3521, semibin_SRR5930533.25
2025-11-26 17:53:18.880447 INFO::Fitting model to feature number 3522, semibin_ERR6282383.15
2025-11-26 17:53:18.904799 INFO::Fitting model to feature number 3523, semibin_SRR13068830.72
2025-11-26 17:53:18.931286 INFO::Fitting model to feature number 3524, metabat_ERR6233695.53
2025-11-26 17:53:18.95662 INFO::Fitting model to feature number 3525, metabat_ERR6279666.4
2025-11-26 17:53:18.981654 INFO::Fitting model to feature number 3526, semibin_SRR8387681.35_sub
2025-11-26 17:53:19.007859 INFO::Fitting model to feature number 3527, semibin_SRR13022440.10
2025-11-26 17:53:19.03376 INFO::Fitting model to feature number 3528, metabat_ERR6279678.40
2025-11-26 17:53:19.059026 INFO::Fitting model to feature number 3529, semibin_ERR6279661.18
2025-11-26 17:53:19.084857 INFO::Fitting model to feature number 3530, maxbin_SRR16168896.020_sub
2025-11-26 17:53:19.110506 INFO::Fitting model to feature number 3531, maxbin_ERR6275668.045
2025-11-26 17:53:19.135127 INFO::Fitting model to feature number 3532, metabat_SRR5930528.64
2025-11-26 17:53:19.165997 INFO::Fitting model to feature number 3533, semibin_SRR11413681.32
2025-11-26 17:53:19.192737 INFO::Fitting model to feature number 3534, semibin_ERR6279672.16
2025-11-26 17:53:19.219383 INFO::Fitting model to feature number 3535, metabat_ERR6281000.55
2025-11-26 17:53:19.245012 INFO::Fitting model to feature number 3536, semibin_SRR25825499.3_sub
2025-11-26 17:53:19.269933 INFO::Fitting model to feature number 3537, maxbin_SRR5930494.035_sub
2025-11-26 17:53:19.295993 INFO::Fitting model to feature number 3538, metabat_SRR11413608.94
2025-11-26 17:53:19.321026 INFO::Fitting model to feature number 3539, semibin_ERR12405974.62
2025-11-26 17:53:19.368523 INFO::Fitting model to feature number 3540, maxbin_SRR5930504.022
2025-11-26 17:53:19.395154 INFO::Fitting model to feature number 3541, metabat_SRR20881981.57
2025-11-26 17:53:19.420603 INFO::Fitting model to feature number 3542, maxbin_SRR6000892.035
2025-11-26 17:53:19.446778 INFO::Fitting model to feature number 3543, metabat_ERR6279628.16
2025-11-26 17:53:19.472982 INFO::Fitting model to feature number 3544, maxbin_SRR25825502.045
2025-11-26 17:53:19.510022 INFO::Fitting model to feature number 3545, semibin_SRR11413649.101
2025-11-26 17:53:19.537532 INFO::Fitting model to feature number 3546, metabat_SRR16168896.62
2025-11-26 17:53:19.565564 INFO::Fitting model to feature number 3547, semibin_SRR20881985.101
2025-11-26 17:53:19.59162 INFO::Fitting model to feature number 3548, semibin_ERR6279667.9_sub
2025-11-26 17:53:19.61714 INFO::Fitting model to feature number 3549, metabat_ERR6282383.27_sub
2025-11-26 17:53:19.642738 INFO::Fitting model to feature number 3550, semibin_ERR6279625.26
2025-11-26 17:53:19.668777 INFO::Fitting model to feature number 3551, semibin_SRR5930528.6
2025-11-26 17:53:19.693929 INFO::Fitting model to feature number 3552, metabat_SRR5930533.29
2025-11-26 17:53:19.719634 INFO::Fitting model to feature number 3553, semibin_SRR23364202.113
2025-11-26 17:53:19.746318 INFO::Fitting model to feature number 3554, semibin_ERR6280899.58
2025-11-26 17:53:19.771832 INFO::Fitting model to feature number 3555, metabat_ERR12405938.21
2025-11-26 17:53:19.797621 INFO::Fitting model to feature number 3556, metabat_ERR6279666.13
2025-11-26 17:53:19.826603 INFO::Fitting model to feature number 3557, metabat_SRR6000910.18
2025-11-26 17:53:19.854049 INFO::Fitting model to feature number 3558, metabat_ERR6279667.44_sub
2025-11-26 17:53:19.882021 INFO::Fitting model to feature number 3559, semibin_SRR11413691.13
2025-11-26 17:53:19.907517 INFO::Fitting model to feature number 3560, maxbin_SRR5930504.047_sub
2025-11-26 17:53:19.933677 INFO::Fitting model to feature number 3561, metabat_ERR6279624.38
2025-11-26 17:53:19.958345 INFO::Fitting model to feature number 3562, semibin_SRR5930526.86
2025-11-26 17:53:19.984015 INFO::Fitting model to feature number 3563, metabat_ERR6279681.11
2025-11-26 17:53:20.009963 INFO::Fitting model to feature number 3564, semibin_SRR11413607.29
2025-11-26 17:53:20.034946 INFO::Fitting model to feature number 3565, metabat_ERR12405991.8
2025-11-26 17:53:20.060622 INFO::Fitting model to feature number 3566, metabat_SRR5930502.50
2025-11-26 17:53:20.108713 INFO::Fitting model to feature number 3567, maxbin_SRR5930503.013_sub
2025-11-26 17:53:20.134745 INFO::Fitting model to feature number 3568, maxbin_SRR5930526.008
2025-11-26 17:53:20.16013 INFO::Fitting model to feature number 3569, maxbin_SRR11413679.019_sub
2025-11-26 17:53:20.185484 INFO::Fitting model to feature number 3570, semibin_SRR5930501.25
2025-11-26 17:53:20.217608 INFO::Fitting model to feature number 3571, maxbin_SRR11413646.028_sub
2025-11-26 17:53:20.24536 INFO::Fitting model to feature number 3572, semibin_ERR6282137.18
2025-11-26 17:53:20.272315 INFO::Fitting model to feature number 3573, metabat_SRR6000949.9
2025-11-26 17:53:20.2985 INFO::Fitting model to feature number 3574, metabat_ERR6264281.32
2025-11-26 17:53:20.323485 INFO::Fitting model to feature number 3575, semibin_SRR6000949.18_sub
2025-11-26 17:53:20.349594 INFO::Fitting model to feature number 3576, metabat_SRR5930526.103
2025-11-26 17:53:20.374744 INFO::Fitting model to feature number 3577, semibin_ERR6264281.52
2025-11-26 17:53:20.399972 INFO::Fitting model to feature number 3578, metabat_SRR11413606.28
2025-11-26 17:53:20.42549 INFO::Fitting model to feature number 3579, metabat_SRR5930510.19_sub
2025-11-26 17:53:20.451094 INFO::Fitting model to feature number 3580, metabat_SRR6000940.4
2025-11-26 17:53:20.476815 INFO::Fitting model to feature number 3581, metabat_SRR5930528.33
2025-11-26 17:53:20.502609 INFO::Fitting model to feature number 3582, metabat_ERR6281448.37
2025-11-26 17:53:20.533458 INFO::Fitting model to feature number 3583, maxbin_SRR11413653.043_sub
2025-11-26 17:53:20.55888 INFO::Fitting model to feature number 3584, semibin_SRR23364187.33
2025-11-26 17:53:20.587161 INFO::Fitting model to feature number 3585, semibin_ERR6281343.7
2025-11-26 17:53:20.612572 INFO::Fitting model to feature number 3586, semibin_SRR5930528.184
2025-11-26 17:53:20.63758 INFO::Fitting model to feature number 3587, metabat_SRR13068825.15
2025-11-26 17:53:20.663547 INFO::Fitting model to feature number 3588, semibin_SRR16168896.24_sub
2025-11-26 17:53:20.688588 INFO::Fitting model to feature number 3589, metabat_ERR6254871.26_sub
2025-11-26 17:53:20.714222 INFO::Fitting model to feature number 3590, metabat_SRR20881988.20
2025-11-26 17:53:20.739775 INFO::Fitting model to feature number 3591, metabat_ERR6229432.3
2025-11-26 17:53:20.765137 INFO::Fitting model to feature number 3592, maxbin_SRR5930501.063
2025-11-26 17:53:20.790179 INFO::Fitting model to feature number 3593, metabat_SRR5930514.13_sub
2025-11-26 17:53:20.840441 INFO::Fitting model to feature number 3594, metabat_SRR23364174.33
2025-11-26 17:53:20.869869 INFO::Fitting model to feature number 3595, maxbin_SRR5930516.039_sub
2025-11-26 17:53:20.898128 INFO::Fitting model to feature number 3596, maxbin_SRR11413687.030_sub
2025-11-26 17:53:20.924631 INFO::Fitting model to feature number 3597, maxbin_ERR6281448.039
2025-11-26 17:53:20.950851 INFO::Fitting model to feature number 3598, maxbin_ERR6275666.055
2025-11-26 17:53:20.976095 INFO::Fitting model to feature number 3599, metabat_SRR11413614.20
2025-11-26 17:53:21.001686 INFO::Fitting model to feature number 3600, semibin_SRR23364227.44
2025-11-26 17:53:21.027559 INFO::Fitting model to feature number 3601, maxbin_SRR13068836.049
2025-11-26 17:53:21.053249 INFO::Fitting model to feature number 3602, semibin_SRR11413608.29
2025-11-26 17:53:21.078408 INFO::Fitting model to feature number 3603, maxbin_ERR6281942.013
2025-11-26 17:53:21.104176 INFO::Fitting model to feature number 3604, maxbin_ERR6282137.024
2025-11-26 17:53:21.12976 INFO::Fitting model to feature number 3605, maxbin_ERR6279626.048_sub
2025-11-26 17:53:21.154499 INFO::Fitting model to feature number 3606, metabat_SRR5930506.46
2025-11-26 17:53:21.185745 INFO::Fitting model to feature number 3607, metabat_ERR6279663.18
2025-11-26 17:53:21.211462 INFO::Fitting model to feature number 3608, semibin_SRR5930494.257
2025-11-26 17:53:21.239811 INFO::Fitting model to feature number 3609, metabat_SRR16554766.36
2025-11-26 17:53:21.266464 INFO::Fitting model to feature number 3610, maxbin_ERR6229432.023
2025-11-26 17:53:21.291737 INFO::Fitting model to feature number 3611, semibin_SRR13068829.87
2025-11-26 17:53:21.317899 INFO::Fitting model to feature number 3612, maxbin_SRR13068834.015_sub
2025-11-26 17:53:21.343911 INFO::Fitting model to feature number 3613, metabat_ERR6279656.17
2025-11-26 17:53:21.369182 INFO::Fitting model to feature number 3614, semibin_SRR5930501.87
2025-11-26 17:53:21.395144 INFO::Fitting model to feature number 3615, semibin_ERR6279655.20
2025-11-26 17:53:21.421436 INFO::Fitting model to feature number 3616, metabat_SRR23364171.73
2025-11-26 17:53:21.446487 INFO::Fitting model to feature number 3617, semibin_ERR6279672.70_sub
2025-11-26 17:53:21.472638 INFO::Fitting model to feature number 3618, metabat_ERR6279624.54_sub
2025-11-26 17:53:21.503786 INFO::Fitting model to feature number 3619, maxbin_ERR6281448.013_sub
2025-11-26 17:53:21.554266 INFO::Fitting model to feature number 3620, metabat_ERR6279628.63_sub
2025-11-26 17:53:21.581152 INFO::Fitting model to feature number 3621, semibin_ERR6279655.39
2025-11-26 17:53:21.60727 INFO::Fitting model to feature number 3622, semibin_SRR5930520.106
2025-11-26 17:53:21.63356 INFO::Fitting model to feature number 3623, metabat_ERR6271721.32
2025-11-26 17:53:21.658791 INFO::Fitting model to feature number 3624, semibin_ERR6279624.33
2025-11-26 17:53:21.684652 INFO::Fitting model to feature number 3625, maxbin_SRR13068840.010
2025-11-26 17:53:21.711056 INFO::Fitting model to feature number 3626, maxbin_SRR5930520.005
2025-11-26 17:53:21.736952 INFO::Fitting model to feature number 3627, semibin_ERR6281434.15
2025-11-26 17:53:21.762043 INFO::Fitting model to feature number 3628, semibin_SRR5930494.98
2025-11-26 17:53:21.788229 INFO::Fitting model to feature number 3629, metabat_SRR13068816.46
2025-11-26 17:53:21.814349 INFO::Fitting model to feature number 3630, semibin_SRR5930530.129_sub
2025-11-26 17:53:21.839013 INFO::Fitting model to feature number 3631, maxbin_ERR6280899.041
2025-11-26 17:53:21.8709 INFO::Fitting model to feature number 3632, semibin_ERR6279670.47
2025-11-26 17:53:21.898312 INFO::Fitting model to feature number 3633, semibin_SRR11413649.21
2025-11-26 17:53:21.925822 INFO::Fitting model to feature number 3634, semibin_SRR11413611.10
2025-11-26 17:53:21.952514 INFO::Fitting model to feature number 3635, metabat_ERR6281344.12
2025-11-26 17:53:21.976839 INFO::Fitting model to feature number 3636, metabat_SRR25825494.2
2025-11-26 17:53:22.003185 INFO::Fitting model to feature number 3637, metabat_SRR25825516.20
2025-11-26 17:53:22.028787 INFO::Fitting model to feature number 3638, metabat_SRR23364197.35
2025-11-26 17:53:22.053321 INFO::Fitting model to feature number 3639, maxbin_SRR16554657.029_sub
2025-11-26 17:53:22.079486 INFO::Fitting model to feature number 3640, metabat_SRR11413648.43
2025-11-26 17:53:22.105737 INFO::Fitting model to feature number 3641, semibin_SRR5930498.139
2025-11-26 17:53:22.130066 INFO::Fitting model to feature number 3642, metabat_SRR13068841.46
2025-11-26 17:53:22.155936 INFO::Fitting model to feature number 3643, metabat_SRR20881975.20
2025-11-26 17:53:22.193737 INFO::Fitting model to feature number 3644, metabat_ERR6279679.47_sub
2025-11-26 17:53:22.220185 INFO::Fitting model to feature number 3645, semibin_SRR23364230.42_sub
2025-11-26 17:53:22.250312 INFO::Fitting model to feature number 3646, semibin_SRR11413618.88_sub
2025-11-26 17:53:22.297556 INFO::Fitting model to feature number 3647, semibin_SRR5930528.96_sub
2025-11-26 17:53:22.324853 INFO::Fitting model to feature number 3648, maxbin_SRR11413678.054_sub
2025-11-26 17:53:22.351467 INFO::Fitting model to feature number 3649, maxbin_ERR6279628.046_sub
2025-11-26 17:53:22.376243 INFO::Fitting model to feature number 3650, metabat_SRR23364187.7
2025-11-26 17:53:22.403239 INFO::Fitting model to feature number 3651, semibin_SRR5930503.75
2025-11-26 17:53:22.428495 INFO::Fitting model to feature number 3652, metabat_ERR6279672.58_sub
2025-11-26 17:53:22.453782 INFO::Fitting model to feature number 3653, maxbin_SRR13068822.002
2025-11-26 17:53:22.479958 INFO::Fitting model to feature number 3654, maxbin_SRR13022455.008
2025-11-26 17:53:22.50664 INFO::Fitting model to feature number 3655, maxbin_SRR13068815.034
2025-11-26 17:53:22.535372 INFO::Fitting model to feature number 3656, semibin_ERR6281000.14
2025-11-26 17:53:22.574768 INFO::Fitting model to feature number 3657, semibin_SRR5930510.14_sub
2025-11-26 17:53:22.604862 INFO::Fitting model to feature number 3658, semibin_ERR6280899.37_sub
2025-11-26 17:53:22.630464 INFO::Fitting model to feature number 3659, semibin_SRR11413649.56
2025-11-26 17:53:22.657197 INFO::Fitting model to feature number 3660, maxbin_ERR6281518.036_sub
2025-11-26 17:53:22.683288 INFO::Fitting model to feature number 3661, semibin_ERR6279670.74
2025-11-26 17:53:22.708668 INFO::Fitting model to feature number 3662, maxbin_SRR16554651.012_sub
2025-11-26 17:53:22.734493 INFO::Fitting model to feature number 3663, maxbin_ERR6281434.014
2025-11-26 17:53:22.759957 INFO::Fitting model to feature number 3664, metabat_SRR13068843.1
2025-11-26 17:53:22.78571 INFO::Fitting model to feature number 3665, metabat_SRR16554766.26
2025-11-26 17:53:22.811675 INFO::Fitting model to feature number 3666, metabat_SRR6000892.59
2025-11-26 17:53:22.837677 INFO::Fitting model to feature number 3667, maxbin_SRR5930526.025
2025-11-26 17:53:22.862899 INFO::Fitting model to feature number 3668, maxbin_SRR13068833.023
2025-11-26 17:53:22.897688 INFO::Fitting model to feature number 3669, metabat_SRR23364197.77_sub
2025-11-26 17:53:22.922926 INFO::Fitting model to feature number 3670, maxbin_ERR6279661.029_sub
2025-11-26 17:53:22.950382 INFO::Fitting model to feature number 3671, metabat_ERR6273965.36
2025-11-26 17:53:22.975758 INFO::Fitting model to feature number 3672, maxbin_SRR5930506.066
2025-11-26 17:53:23.0003 INFO::Fitting model to feature number 3673, metabat_SRR13022359.15
2025-11-26 17:53:23.047979 INFO::Fitting model to feature number 3674, maxbin_SRR20881987.022
2025-11-26 17:53:23.074134 INFO::Fitting model to feature number 3675, metabat_ERR6279622.50_sub
2025-11-26 17:53:23.099389 INFO::Fitting model to feature number 3676, semibin_SRR16168913.53
2025-11-26 17:53:23.124431 INFO::Fitting model to feature number 3677, semibin_SRR23364171.10_sub
2025-11-26 17:53:23.14999 INFO::Fitting model to feature number 3678, maxbin_ERR6275663.072_sub
2025-11-26 17:53:23.175247 INFO::Fitting model to feature number 3679, semibin_SRR5930532.10
2025-11-26 17:53:23.199511 INFO::Fitting model to feature number 3680, metabat_SRR5930501.45
2025-11-26 17:53:23.237646 INFO::Fitting model to feature number 3681, metabat_SRR13068847.1
2025-11-26 17:53:23.268314 INFO::Fitting model to feature number 3682, metabat_SRR23364187.55
2025-11-26 17:53:23.292467 INFO::Fitting model to feature number 3683, maxbin_ERR6279669.016
2025-11-26 17:53:23.317445 INFO::Fitting model to feature number 3684, metabat_SRR23364213.78_sub
2025-11-26 17:53:23.343265 INFO::Fitting model to feature number 3685, maxbin_SRR13022287.006_sub
2025-11-26 17:53:23.367106 INFO::Fitting model to feature number 3686, maxbin_SRR16168985.035
2025-11-26 17:53:23.392715 INFO::Fitting model to feature number 3687, semibin_SRR5930504.110
2025-11-26 17:53:23.417431 INFO::Fitting model to feature number 3688, metabat_SRR16554652.33
2025-11-26 17:53:23.442321 INFO::Fitting model to feature number 3689, maxbin_ERR6282298.014_sub
2025-11-26 17:53:23.467463 INFO::Fitting model to feature number 3690, metabat_SRR5930498.54
2025-11-26 17:53:23.492368 INFO::Fitting model to feature number 3691, semibin_SRR5930497.42
2025-11-26 17:53:23.517009 INFO::Fitting model to feature number 3692, metabat_ERR6280899.36
2025-11-26 17:53:23.548581 INFO::Fitting model to feature number 3693, maxbin_ERR6282298.026_sub
2025-11-26 17:53:23.575587 INFO::Fitting model to feature number 3694, semibin_ERR6280899.71
2025-11-26 17:53:23.604652 INFO::Fitting model to feature number 3695, semibin_SRR20881977.25_sub
2025-11-26 17:53:23.630399 INFO::Fitting model to feature number 3696, metabat_ERR6232524.57
2025-11-26 17:53:23.655143 INFO::Fitting model to feature number 3697, metabat_ERR6273965.30_sub
2025-11-26 17:53:23.680544 INFO::Fitting model to feature number 3698, metabat_SRR5930503.100
2025-11-26 17:53:23.705178 INFO::Fitting model to feature number 3699, metabat_SRR5930504.14_sub
2025-11-26 17:53:23.730604 INFO::Fitting model to feature number 3700, maxbin_ERR6264280.027_sub
2025-11-26 17:53:23.778369 INFO::Fitting model to feature number 3701, maxbin_SRR13068829.013
2025-11-26 17:53:23.804837 INFO::Fitting model to feature number 3702, metabat_ERR6271721.36
2025-11-26 17:53:23.830544 INFO::Fitting model to feature number 3703, semibin_SRR5930494.52
2025-11-26 17:53:23.855721 INFO::Fitting model to feature number 3704, metabat_SRR23364230.26_sub
2025-11-26 17:53:23.887069 INFO::Fitting model to feature number 3705, semibin_SRR13068815.3
2025-11-26 17:53:23.913002 INFO::Fitting model to feature number 3706, metabat_ERR6281518.98
2025-11-26 17:53:23.940975 INFO::Fitting model to feature number 3707, maxbin_ERR6279681.050
2025-11-26 17:53:23.966997 INFO::Fitting model to feature number 3708, semibin_ERR6281343.34
2025-11-26 17:53:23.991615 INFO::Fitting model to feature number 3709, semibin_SRR13068816.46
2025-11-26 17:53:24.017537 INFO::Fitting model to feature number 3710, metabat_SRR5930499.34
2025-11-26 17:53:24.043016 INFO::Fitting model to feature number 3711, semibin_SRR5930518.15
2025-11-26 17:53:24.06792 INFO::Fitting model to feature number 3712, semibin_SRR5930498.100_sub
2025-11-26 17:53:24.093731 INFO::Fitting model to feature number 3713, semibin_SRR13068830.15
2025-11-26 17:53:24.119425 INFO::Fitting model to feature number 3714, maxbin_ERR6275674.053_sub
2025-11-26 17:53:24.144433 INFO::Fitting model to feature number 3715, metabat_ERR6279664.52_sub
2025-11-26 17:53:24.170234 INFO::Fitting model to feature number 3716, metabat_SRR13068827.9
2025-11-26 17:53:24.196952 INFO::Fitting model to feature number 3717, semibin_SRR13068824.63
2025-11-26 17:53:24.226188 INFO::Fitting model to feature number 3718, metabat_SRR13068852.6
2025-11-26 17:53:24.252288 INFO::Fitting model to feature number 3719, semibin_SRR13068838.31
2025-11-26 17:53:24.278469 INFO::Fitting model to feature number 3720, semibin_ERR6281000.29
2025-11-26 17:53:24.304412 INFO::Fitting model to feature number 3721, metabat_SRR23364216.13
2025-11-26 17:53:24.328253 INFO::Fitting model to feature number 3722, metabat_SRR5930499.2
2025-11-26 17:53:24.353925 INFO::Fitting model to feature number 3723, semibin_SRR13068815.43
2025-11-26 17:53:24.379291 INFO::Fitting model to feature number 3724, metabat_SRR16168918.66
2025-11-26 17:53:24.404337 INFO::Fitting model to feature number 3725, metabat_ERR6281432.29
2025-11-26 17:53:24.429867 INFO::Fitting model to feature number 3726, maxbin_ERR6280899.036_sub
2025-11-26 17:53:24.475946 INFO::Fitting model to feature number 3727, maxbin_SRR5930516.050
2025-11-26 17:53:24.502776 INFO::Fitting model to feature number 3728, semibin_SRR5930505.85
2025-11-26 17:53:24.528031 INFO::Fitting model to feature number 3729, metabat_SRR5930503.67
2025-11-26 17:53:24.55994 INFO::Fitting model to feature number 3730, semibin_SRR5930505.71
2025-11-26 17:53:24.586651 INFO::Fitting model to feature number 3731, semibin_SRR5930502.3
2025-11-26 17:53:24.612662 INFO::Fitting model to feature number 3732, maxbin_SRR5930520.046
2025-11-26 17:53:24.638752 INFO::Fitting model to feature number 3733, metabat_SRR5930502.18
2025-11-26 17:53:24.66327 INFO::Fitting model to feature number 3734, metabat_SRR5930502.48
2025-11-26 17:53:24.689212 INFO::Fitting model to feature number 3735, metabat_SRR13068829.18
2025-11-26 17:53:24.714718 INFO::Fitting model to feature number 3736, maxbin_SRR5930531.045_sub
2025-11-26 17:53:24.739139 INFO::Fitting model to feature number 3737, maxbin_SRR23364189.018
2025-11-26 17:53:24.764804 INFO::Fitting model to feature number 3738, metabat_ERR6279657.2
2025-11-26 17:53:24.790291 INFO::Fitting model to feature number 3739, semibin_SRR23364175.28
2025-11-26 17:53:25.05166 INFO::Counting total values for each feature
2025-11-26 17:53:25.262818 INFO::Writing filtered data to file results/7.Maaslin2_all_without_metadata_full/features/filtered_data.tsv
2025-11-26 17:53:25.947789 INFO::Writing filtered, normalized data to file results/7.Maaslin2_all_without_metadata_full/features/filtered_data_norm.tsv
2025-11-26 17:53:26.627095 INFO::Writing filtered, normalized, transformed data to file results/7.Maaslin2_all_without_metadata_full/features/filtered_data_norm_transformed.tsv
2025-11-26 17:53:27.924052 INFO::Writing residuals to file results/7.Maaslin2_all_without_metadata_full/fits/residuals.rds
2025-11-26 17:53:28.572975 INFO::Writing fitted values to file results/7.Maaslin2_all_without_metadata_full/fits/fitted.rds
2025-11-26 17:53:28.976706 INFO::Writing extracted random effects to file results/7.Maaslin2_all_without_metadata_full/fits/ranef.rds
2025-11-26 17:53:28.988439 INFO::Writing all results to file (ordered by increasing q-values): results/7.Maaslin2_all_without_metadata_full/all_results.tsv
2025-11-26 17:53:29.010352 INFO::Writing the significant results (those which are less than or equal to the threshold of 0.250000 ) to file (ordered by increasing q-values): results/7.Maaslin2_all_without_metadata_full/significant_results.tsv
2025-11-26 17:53:29.011406 INFO::Writing association plots (one for each significant association) to output folder: results/7.Maaslin2_all_without_metadata_full
2025-11-26 17:53:29.029226 INFO::Plotting associations from most to least significant, grouped by metadata
2025-11-26 17:53:29.03006 INFO::Plotting data for metadata number 1, cancer_type
2025-11-26 17:53:29.031011 INFO::Creating boxplot for categorical data, cancer_type vs maxbin_ERR12405975.009_sub
2025-11-26 17:53:29.178818 INFO::Creating boxplot for categorical data, cancer_type vs metabat_SRR8387683.37
