2025-11-26 17:56:49.728628 INFO::Writing function arguments to log file
2025-11-26 17:56:49.729236 DEBUG::Function arguments
2025-11-26 17:56:49.729394 DEBUG::Output folder: results/9.Maaslin2_other_cancer_types_without_metadata_full
2025-11-26 17:56:49.729521 DEBUG::Min Abundance: 0.000000
2025-11-26 17:56:49.729646 DEBUG::Min Prevalence: 0.000000
2025-11-26 17:56:49.729763 DEBUG::Normalization: TSS
2025-11-26 17:56:49.729867 DEBUG::Transform: LOG
2025-11-26 17:56:49.729964 DEBUG::Analysis method: LM
2025-11-26 17:56:49.730065 DEBUG::Max significance: 0.250000
2025-11-26 17:56:49.730172 DEBUG::Random effects: dataset
2025-11-26 17:56:49.73027 DEBUG::Fixed effects: response
2025-11-26 17:56:49.730365 DEBUG::Correction method: BH
2025-11-26 17:56:49.730458 DEBUG::Standardize: TRUE
2025-11-26 17:56:49.730548 DEBUG::Cores: 1
2025-11-26 17:56:49.730635 INFO::Verifying options selected are valid
2025-11-26 17:56:49.731118 INFO::Determining format of input files
2025-11-26 17:56:49.731872 INFO::Input format is data samples as rows and metadata samples as columns
2025-11-26 17:56:49.73314 DEBUG::Transformed metadata so samples are rows
2025-11-26 17:56:49.735034 DEBUG::A total of 171 samples were found in both the data and metadata
2025-11-26 17:56:49.735187 DEBUG::Reordering data/metadata to use same sample ordering
2025-11-26 17:56:49.743693 INFO::Formula for random effects: expr ~ (1 | dataset)
2025-11-26 17:56:49.744363 INFO::Formula for fixed effects: expr ~  response
2025-11-26 17:56:49.744978 INFO::Filter data based on min abundance and min prevalence
2025-11-26 17:56:49.745429 INFO::Total samples in data: 171
2025-11-26 17:56:49.745863 INFO::Min samples required with min abundance for a feature not to be filtered: 0.000000
2025-11-26 17:56:49.759701 INFO::Total filtered features: 0
2025-11-26 17:56:49.760514 INFO::Filtered feature names from abundance and prevalence filtering:
2025-11-26 17:56:49.807083 INFO::Total filtered features with variance filtering: 0
2025-11-26 17:56:49.808012 INFO::Filtered feature names from variance filtering:
2025-11-26 17:56:49.808576 INFO::Running selected normalization method: TSS
2025-11-26 17:56:49.826324 INFO::Applying z-score to standardize continuous metadata
2025-11-26 17:56:49.829217 INFO::Running selected transform method: LOG
2025-11-26 17:56:49.86104 INFO::Running selected analysis method: LM
2025-11-26 17:56:49.862324 INFO::Fitting model to feature number 1, metabat_SRR16554674.5
2025-11-26 17:56:49.886865 INFO::Fitting model to feature number 2, maxbin_SRR13022355.014
2025-11-26 17:56:49.911262 INFO::Fitting model to feature number 3, metabat_ERR12405975.5_sub
2025-11-26 17:56:49.934372 INFO::Fitting model to feature number 4, semibin_SRR13022325.6
2025-11-26 17:56:49.95907 INFO::Fitting model to feature number 5, semibin_SRR16554706.23
2025-11-26 17:56:49.982453 INFO::Fitting model to feature number 6, semibin_SRR23364195.41
2025-11-26 17:56:50.004765 INFO::Fitting model to feature number 7, semibin_SRR5930502.51
2025-11-26 17:56:50.029804 INFO::Fitting model to feature number 8, metabat_SRR13022352.3
2025-11-26 17:56:50.052691 INFO::Fitting model to feature number 9, semibin_ERR12405939.29
2025-11-26 17:56:50.076051 INFO::Fitting model to feature number 10, metabat_SRR16554779.30
2025-11-26 17:56:50.099851 INFO::Fitting model to feature number 11, maxbin_SRR11413655.005
2025-11-26 17:56:50.122692 INFO::Fitting model to feature number 12, maxbin_ERR2162217.001
2025-11-26 17:56:50.146985 INFO::Fitting model to feature number 13, maxbin_SRR13022336.003_sub
2025-11-26 17:56:50.186793 INFO::Fitting model to feature number 14, maxbin_SRR25825509.002
2025-11-26 17:56:50.215511 INFO::Fitting model to feature number 15, semibin_SRR5930533.9
2025-11-26 17:56:50.240424 INFO::Fitting model to feature number 16, metabat_SRR13022417.2
2025-11-26 17:56:50.265451 INFO::Fitting model to feature number 17, semibin_SRR5930511.52
2025-11-26 17:56:50.290334 INFO::Fitting model to feature number 18, semibin_ERR6281504.148
2025-11-26 17:56:50.317184 INFO::Fitting model to feature number 19, semibin_ERR6279672.24
2025-11-26 17:56:50.341946 INFO::Fitting model to feature number 20, semibin_SRR11413653.25
2025-11-26 17:56:50.396356 INFO::Fitting model to feature number 21, maxbin_SRR16554665.003
2025-11-26 17:56:50.421711 INFO::Fitting model to feature number 22, semibin_SRR11413686.80
2025-11-26 17:56:50.445979 INFO::Fitting model to feature number 23, maxbin_ERR12405962.011_sub
2025-11-26 17:56:50.470276 INFO::Fitting model to feature number 24, metabat_ERR6279614.12_sub
2025-11-26 17:56:50.49421 INFO::Fitting model to feature number 25, semibin_ERR6232382.49_sub
2025-11-26 17:56:50.529117 INFO::Fitting model to feature number 26, semibin_ERR6279675.47
2025-11-26 17:56:50.585839 INFO::Fitting model to feature number 27, maxbin_SRR16554775.001
2025-11-26 17:56:50.610565 INFO::Fitting model to feature number 28, semibin_SRR11413653.97_sub
2025-11-26 17:56:50.635787 INFO::Fitting model to feature number 29, semibin_SRR16554655.39
2025-11-26 17:56:50.659734 INFO::Fitting model to feature number 30, metabat_ERR12405990.2
2025-11-26 17:56:50.685373 INFO::Fitting model to feature number 31, metabat_ERR6232687.8_sub
2025-11-26 17:56:50.710625 INFO::Fitting model to feature number 32, metabat_SRR25825493.27
2025-11-26 17:56:50.735865 INFO::Fitting model to feature number 33, maxbin_ERR6281499.002
2025-11-26 17:56:50.760211 INFO::Fitting model to feature number 34, maxbin_ERR6279667.001
2025-11-26 17:56:50.785434 INFO::Fitting model to feature number 35, semibin_SRR11413691.62
2025-11-26 17:56:50.808608 INFO::Fitting model to feature number 36, semibin_SRR6000945.4
2025-11-26 17:56:50.833675 INFO::Fitting model to feature number 37, maxbin_SRR16554671.002
2025-11-26 17:56:50.859908 INFO::Fitting model to feature number 38, metabat_SRR11413649.62
2025-11-26 17:56:50.884153 INFO::Fitting model to feature number 39, metabat_SRR5930494.64
2025-11-26 17:56:50.909996 INFO::Fitting model to feature number 40, metabat_ERR12405981.15
2025-11-26 17:56:50.934356 INFO::Fitting model to feature number 41, maxbin_SRR11413649.010
2025-11-26 17:56:50.969799 INFO::Fitting model to feature number 42, maxbin_SRR13068842.057_sub
2025-11-26 17:56:50.995719 INFO::Fitting model to feature number 43, metabat_SRR16554646.5
2025-11-26 17:56:51.021233 INFO::Fitting model to feature number 44, metabat_SRR20881978.24
2025-11-26 17:56:51.048879 INFO::Fitting model to feature number 45, semibin_SRR5930502.48
2025-11-26 17:56:51.073931 INFO::Fitting model to feature number 46, semibin_SRR6000905.60_sub
2025-11-26 17:56:51.099385 INFO::Fitting model to feature number 47, semibin_SRR5930507.29
2025-11-26 17:56:51.124795 INFO::Fitting model to feature number 48, semibin_SRR16554630.20
2025-11-26 17:56:51.14855 INFO::Fitting model to feature number 49, metabat_ERR6271719.4
2025-11-26 17:56:51.173845 INFO::Fitting model to feature number 50, semibin_SRR25825509.21
2025-11-26 17:56:51.198951 INFO::Fitting model to feature number 51, metabat_SRR23364235.43
2025-11-26 17:56:51.22438 INFO::Fitting model to feature number 52, maxbin_SRR5930501.002
2025-11-26 17:56:51.249108 INFO::Fitting model to feature number 53, semibin_SRR13022289.13
2025-11-26 17:56:51.27506 INFO::Fitting model to feature number 54, metabat_ERR12405956.16
2025-11-26 17:56:51.321544 INFO::Fitting model to feature number 55, maxbin_ERR12406000.010
2025-11-26 17:56:51.346384 INFO::Fitting model to feature number 56, metabat_SRR6000877.7
2025-11-26 17:56:51.372089 INFO::Fitting model to feature number 57, semibin_SRR13022308.4
2025-11-26 17:56:51.398722 INFO::Fitting model to feature number 58, metabat_ERR12405930.6
2025-11-26 17:56:51.429107 INFO::Fitting model to feature number 59, semibin_ERR6281499.45
2025-11-26 17:56:51.455541 INFO::Fitting model to feature number 60, semibin_SRR16554707.35_sub
2025-11-26 17:56:51.481658 INFO::Fitting model to feature number 61, semibin_ERR2162217.22
2025-11-26 17:56:51.509596 INFO::Fitting model to feature number 62, metabat_ERR12405933.43
2025-11-26 17:56:51.535362 INFO::Fitting model to feature number 63, semibin_ERR2162223.6
2025-11-26 17:56:51.560353 INFO::Fitting model to feature number 64, metabat_SRR6000874.30
2025-11-26 17:56:51.586225 INFO::Fitting model to feature number 65, metabat_SRR16554713.13
2025-11-26 17:56:51.61077 INFO::Fitting model to feature number 66, semibin_SRR5930499.112
2025-11-26 17:56:51.635949 INFO::Fitting model to feature number 67, maxbin_ERR6257997.027
2025-11-26 17:56:51.661034 INFO::Fitting model to feature number 68, semibin_SRR16168913.44_sub
2025-11-26 17:56:51.685501 INFO::Fitting model to feature number 69, semibin_SRR6000900.32
2025-11-26 17:56:51.711408 INFO::Fitting model to feature number 70, semibin_SRR16168903.5
2025-11-26 17:56:51.737248 INFO::Fitting model to feature number 71, semibin_SRR16554765.8
2025-11-26 17:56:51.762149 INFO::Fitting model to feature number 72, maxbin_SRR16554755.007_sub
2025-11-26 17:56:51.787959 INFO::Fitting model to feature number 73, semibin_SRR5930534.80
2025-11-26 17:56:51.81259 INFO::Fitting model to feature number 74, metabat_SRR6000907.1_sub
2025-11-26 17:56:51.847819 INFO::Fitting model to feature number 75, metabat_ERR6282298.17
2025-11-26 17:56:51.8729 INFO::Fitting model to feature number 76, maxbin_SRR16554728.024
2025-11-26 17:56:51.89919 INFO::Fitting model to feature number 77, semibin_SRR8387683.16
2025-11-26 17:56:51.924496 INFO::Fitting model to feature number 78, maxbin_SRR11413620.019
2025-11-26 17:56:51.949898 INFO::Fitting model to feature number 79, semibin_SRR25825514.3_sub
2025-11-26 17:56:51.975349 INFO::Fitting model to feature number 80, semibin_SRR11413656.25
2025-11-26 17:56:52.00053 INFO::Fitting model to feature number 81, metabat_ERR12405985.2
2025-11-26 17:56:52.026364 INFO::Fitting model to feature number 82, semibin_SRR16554738.0
2025-11-26 17:56:52.072574 INFO::Fitting model to feature number 83, semibin_SRR11413691.42
2025-11-26 17:56:52.098439 INFO::Fitting model to feature number 84, maxbin_SRR11413655.009_sub
2025-11-26 17:56:52.122399 INFO::Fitting model to feature number 85, semibin_SRR20881975.0
2025-11-26 17:56:52.146796 INFO::Fitting model to feature number 86, metabat_ERR6275681.8
2025-11-26 17:56:52.17117 INFO::Fitting model to feature number 87, maxbin_SRR16554759.001
2025-11-26 17:56:52.195829 INFO::Fitting model to feature number 88, metabat_SRR16554662.30_sub
2025-11-26 17:56:52.220674 INFO::Fitting model to feature number 89, metabat_SRR16554786.10
2025-11-26 17:56:52.24923 INFO::Fitting model to feature number 90, metabat_ERR6243880.3
2025-11-26 17:56:52.277889 INFO::Fitting model to feature number 91, semibin_ERR6264280.18
2025-11-26 17:56:52.306249 INFO::Fitting model to feature number 92, metabat_ERR6281505.14
2025-11-26 17:56:52.329982 INFO::Fitting model to feature number 93, semibin_SRR16554671.9
2025-11-26 17:56:52.354549 INFO::Fitting model to feature number 94, maxbin_SRR16554707.013
2025-11-26 17:56:52.378847 INFO::Fitting model to feature number 95, metabat_SRR16554771.26
2025-11-26 17:56:52.405151 INFO::Fitting model to feature number 96, maxbin_ERR2162206.004
2025-11-26 17:56:52.42961 INFO::Fitting model to feature number 97, semibin_SRR16554665.28
2025-11-26 17:56:52.453978 INFO::Fitting model to feature number 98, maxbin_ERR6279655.020
2025-11-26 17:56:52.478924 INFO::Fitting model to feature number 99, metabat_SRR5930523.5
2025-11-26 17:56:52.503006 INFO::Fitting model to feature number 100, semibin_SRR11413608.137
2025-11-26 17:56:52.527158 INFO::Fitting model to feature number 101, semibin_ERR12405912.11
2025-11-26 17:56:52.550388 INFO::Fitting model to feature number 102, metabat_ERR6279651.8
2025-11-26 17:56:52.57375 INFO::Fitting model to feature number 103, metabat_SRR16554746.22
2025-11-26 17:56:52.60352 INFO::Fitting model to feature number 104, maxbin_SRR13022253.002
2025-11-26 17:56:52.627836 INFO::Fitting model to feature number 105, maxbin_ERR6232518.013
2025-11-26 17:56:52.653856 INFO::Fitting model to feature number 106, metabat_ERR12405939.30
2025-11-26 17:56:52.680441 INFO::Fitting model to feature number 107, metabat_ERR12405970.10
2025-11-26 17:56:52.706066 INFO::Fitting model to feature number 108, semibin_SRR20881988.7
2025-11-26 17:56:52.731025 INFO::Fitting model to feature number 109, semibin_SRR5930531.50
2025-11-26 17:56:52.755142 INFO::Fitting model to feature number 110, metabat_ERR6275666.49
2025-11-26 17:56:52.802295 INFO::Fitting model to feature number 111, metabat_SRR16554744.3
2025-11-26 17:56:52.826336 INFO::Fitting model to feature number 112, semibin_SRR16168903.11
2025-11-26 17:56:52.85148 INFO::Fitting model to feature number 113, semibin_SRR11413690.7
2025-11-26 17:56:52.875842 INFO::Fitting model to feature number 114, semibin_SRR13022392.1
2025-11-26 17:56:52.899986 INFO::Fitting model to feature number 115, metabat_SRR5930536.13
2025-11-26 17:56:52.926007 INFO::Fitting model to feature number 116, semibin_SRR13022424.5
2025-11-26 17:56:52.951861 INFO::Fitting model to feature number 117, maxbin_ERR12405918.001
2025-11-26 17:56:52.976863 INFO::Fitting model to feature number 118, semibin_ERR12405947.71
2025-11-26 17:56:53.008327 INFO::Fitting model to feature number 119, semibin_ERR6279646.10
2025-11-26 17:56:53.034558 INFO::Fitting model to feature number 120, metabat_ERR12405918.3
2025-11-26 17:56:53.057284 INFO::Fitting model to feature number 121, semibin_SRR23364196.21
2025-11-26 17:56:53.080682 INFO::Fitting model to feature number 122, semibin_SRR16554695.47
2025-11-26 17:56:53.105936 INFO::Fitting model to feature number 123, semibin_SRR16554716.24
2025-11-26 17:56:53.130909 INFO::Fitting model to feature number 124, semibin_SRR6000910.14
2025-11-26 17:56:53.15571 INFO::Fitting model to feature number 125, semibin_SRR11413649.182
2025-11-26 17:56:53.180373 INFO::Fitting model to feature number 126, metabat_SRR16554626.7
2025-11-26 17:56:53.206092 INFO::Fitting model to feature number 127, semibin_SRR25825508.4_sub
2025-11-26 17:56:53.231501 INFO::Fitting model to feature number 128, semibin_SRR13068844.35
2025-11-26 17:56:53.257231 INFO::Fitting model to feature number 129, semibin_SRR16554766.35_sub
2025-11-26 17:56:53.282402 INFO::Fitting model to feature number 130, semibin_ERR6279614.29
2025-11-26 17:56:53.306571 INFO::Fitting model to feature number 131, semibin_SRR11413683.102
2025-11-26 17:56:53.330744 INFO::Fitting model to feature number 132, maxbin_ERR6279658.017_sub
2025-11-26 17:56:53.355634 INFO::Fitting model to feature number 133, semibin_ERR6230326.3
2025-11-26 17:56:53.382414 INFO::Fitting model to feature number 134, maxbin_SRR5930501.087_sub
2025-11-26 17:56:53.416106 INFO::Fitting model to feature number 135, maxbin_SRR16168913.015
2025-11-26 17:56:53.442102 INFO::Fitting model to feature number 136, maxbin_SRR16554789.001
2025-11-26 17:56:53.470258 INFO::Fitting model to feature number 137, maxbin_ERR2162209.017_sub
2025-11-26 17:56:53.495654 INFO::Fitting model to feature number 138, maxbin_SRR16554656.002
2025-11-26 17:56:53.54289 INFO::Fitting model to feature number 139, semibin_SRR16168920.5_sub
2025-11-26 17:56:53.56817 INFO::Fitting model to feature number 140, semibin_SRR16554739.16
2025-11-26 17:56:53.592593 INFO::Fitting model to feature number 141, metabat_SRR16168982.24
2025-11-26 17:56:53.618212 INFO::Fitting model to feature number 142, metabat_SRR16554643.9
2025-11-26 17:56:53.642597 INFO::Fitting model to feature number 143, metabat_SRR13022323.1
2025-11-26 17:56:53.667853 INFO::Fitting model to feature number 144, semibin_SRR16554673.15
2025-11-26 17:56:53.69156 INFO::Fitting model to feature number 145, semibin_SRR11413649.145_sub
2025-11-26 17:56:53.717173 INFO::Fitting model to feature number 146, semibin_ERR6267712.45
2025-11-26 17:56:53.743713 INFO::Fitting model to feature number 147, maxbin_SRR16554647.003
2025-11-26 17:56:53.767868 INFO::Fitting model to feature number 148, semibin_ERR2162202.11
2025-11-26 17:56:53.798008 INFO::Fitting model to feature number 149, semibin_SRR16168909.12
2025-11-26 17:56:53.825835 INFO::Fitting model to feature number 150, semibin_SRR11413684.67
2025-11-26 17:56:53.855002 INFO::Fitting model to feature number 151, maxbin_ERR2162223.012
2025-11-26 17:56:53.87979 INFO::Fitting model to feature number 152, maxbin_SRR25825521.012_sub
2025-11-26 17:56:53.905243 INFO::Fitting model to feature number 153, metabat_SRR23364233.36
2025-11-26 17:56:53.930524 INFO::Fitting model to feature number 154, semibin_SRR25825499.11
2025-11-26 17:56:53.955556 INFO::Fitting model to feature number 155, semibin_SRR16554653.1
2025-11-26 17:56:53.980064 INFO::Fitting model to feature number 156, semibin_SRR23364199.62
2025-11-26 17:56:54.004409 INFO::Fitting model to feature number 157, maxbin_SRR5930508.026
2025-11-26 17:56:54.029497 INFO::Fitting model to feature number 158, semibin_ERR6279671.24
2025-11-26 17:56:54.053186 INFO::Fitting model to feature number 159, semibin_SRR16554730.5
2025-11-26 17:56:54.078748 INFO::Fitting model to feature number 160, maxbin_SRR5930522.022
2025-11-26 17:56:54.104427 INFO::Fitting model to feature number 161, semibin_SRR16554790.42
2025-11-26 17:56:54.128247 INFO::Fitting model to feature number 162, metabat_ERR6279652.5
2025-11-26 17:56:54.155643 INFO::Fitting model to feature number 163, semibin_ERR6243877.10
2025-11-26 17:56:54.182845 INFO::Fitting model to feature number 164, metabat_SRR16168941.17
2025-11-26 17:56:54.20853 INFO::Fitting model to feature number 165, semibin_SRR16168929.15_sub
2025-11-26 17:56:54.234685 INFO::Fitting model to feature number 166, maxbin_SRR23364240.011
2025-11-26 17:56:54.285494 INFO::Fitting model to feature number 167, metabat_SRR6000947.37_sub
2025-11-26 17:56:54.309903 INFO::Fitting model to feature number 168, metabat_ERR6235716.8_sub
2025-11-26 17:56:54.333352 INFO::Fitting model to feature number 169, metabat_SRR16554633.8
2025-11-26 17:56:54.359037 INFO::Fitting model to feature number 170, metabat_ERR6279615.15
2025-11-26 17:56:54.384106 INFO::Fitting model to feature number 171, metabat_SRR16554713.7
2025-11-26 17:56:54.40877 INFO::Fitting model to feature number 172, semibin_SRR13068836.17_sub
2025-11-26 17:56:54.433167 INFO::Fitting model to feature number 173, semibin_SRR20881980.15_sub
2025-11-26 17:56:54.457144 INFO::Fitting model to feature number 174, semibin_ERR6279661.5
2025-11-26 17:56:54.482527 INFO::Fitting model to feature number 175, semibin_ERR6264281.7
2025-11-26 17:56:54.507789 INFO::Fitting model to feature number 176, maxbin_SRR5930521.014
2025-11-26 17:56:54.532177 INFO::Fitting model to feature number 177, metabat_SRR13022372.10_sub
2025-11-26 17:56:54.611352 INFO::Fitting model to feature number 178, semibin_SRR20881981.34
2025-11-26 17:56:54.633564 INFO::Fitting model to feature number 179, semibin_ERR6279683.8
2025-11-26 17:56:54.658288 INFO::Fitting model to feature number 180, semibin_ERR6279655.40
2025-11-26 17:56:54.684668 INFO::Fitting model to feature number 181, semibin_SRR11413688.2
2025-11-26 17:56:54.709874 INFO::Fitting model to feature number 182, semibin_ERR6233695.43_sub
2025-11-26 17:56:54.736617 INFO::Fitting model to feature number 183, maxbin_SRR5930515.007
2025-11-26 17:56:54.763943 INFO::Fitting model to feature number 184, semibin_ERR6273965.5
2025-11-26 17:56:54.7896 INFO::Fitting model to feature number 185, semibin_SRR16554693.19
2025-11-26 17:56:54.81461 INFO::Fitting model to feature number 186, semibin_SRR25825516.1
2025-11-26 17:56:54.838614 INFO::Fitting model to feature number 187, maxbin_SRR13068818.010
2025-11-26 17:56:54.862457 INFO::Fitting model to feature number 188, maxbin_SRR16168926.008
2025-11-26 17:56:54.887968 INFO::Fitting model to feature number 189, semibin_SRR16554672.14
2025-11-26 17:56:54.914032 INFO::Fitting model to feature number 190, semibin_ERR12405970.61
2025-11-26 17:56:54.939797 INFO::Fitting model to feature number 191, semibin_SRR5930531.21
2025-11-26 17:56:54.963866 INFO::Fitting model to feature number 192, maxbin_SRR16554787.017_sub
2025-11-26 17:56:54.995458 INFO::Fitting model to feature number 193, metabat_SRR6000907.39
2025-11-26 17:56:55.046603 INFO::Fitting model to feature number 194, semibin_SRR5930528.37
2025-11-26 17:56:55.07231 INFO::Fitting model to feature number 195, metabat_SRR23364184.15
2025-11-26 17:56:55.0961 INFO::Fitting model to feature number 196, semibin_SRR25825502.47_sub
2025-11-26 17:56:55.120264 INFO::Fitting model to feature number 197, maxbin_ERR12405958.009_sub
2025-11-26 17:56:55.145652 INFO::Fitting model to feature number 198, semibin_SRR16168913.31
2025-11-26 17:56:55.170491 INFO::Fitting model to feature number 199, semibin_ERR6232458.16
2025-11-26 17:56:55.196375 INFO::Fitting model to feature number 200, semibin_SRR11413652.32
2025-11-26 17:56:55.221279 INFO::Fitting model to feature number 201, semibin_SRR5930519.26
2025-11-26 17:56:55.245345 INFO::Fitting model to feature number 202, maxbin_SRR16554738.006_sub
2025-11-26 17:56:55.27169 INFO::Fitting model to feature number 203, semibin_SRR11413688.65_sub
2025-11-26 17:56:55.296259 INFO::Fitting model to feature number 204, semibin_SRR5930536.88
2025-11-26 17:56:55.320085 INFO::Fitting model to feature number 205, maxbin_ERR12406009.001
2025-11-26 17:56:55.345127 INFO::Fitting model to feature number 206, semibin_SRR16554765.35
2025-11-26 17:56:55.36987 INFO::Fitting model to feature number 207, semibin_SRR13068830.5
2025-11-26 17:56:55.401713 INFO::Fitting model to feature number 208, metabat_SRR5930502.31
2025-11-26 17:56:55.426972 INFO::Fitting model to feature number 209, metabat_ERR2162222.11_sub
2025-11-26 17:56:55.454325 INFO::Fitting model to feature number 210, semibin_SRR11413653.50
2025-11-26 17:56:55.47821 INFO::Fitting model to feature number 211, maxbin_SRR16554790.013_sub
2025-11-26 17:56:55.50262 INFO::Fitting model to feature number 212, maxbin_SRR16554733.009
2025-11-26 17:56:55.526072 INFO::Fitting model to feature number 213, metabat_SRR11413686.6
2025-11-26 17:56:55.550515 INFO::Fitting model to feature number 214, maxbin_SRR8387707.004_sub
2025-11-26 17:56:55.575545 INFO::Fitting model to feature number 215, metabat_SRR23364211.18
2025-11-26 17:56:55.599661 INFO::Fitting model to feature number 216, metabat_SRR16554669.41_sub
2025-11-26 17:56:55.623392 INFO::Fitting model to feature number 217, maxbin_SRR5930518.019_sub
2025-11-26 17:56:55.647008 INFO::Fitting model to feature number 218, metabat_SRR11413686.5
2025-11-26 17:56:55.670441 INFO::Fitting model to feature number 219, semibin_ERR12405961.23
2025-11-26 17:56:55.694021 INFO::Fitting model to feature number 220, semibin_SRR11413611.29
2025-11-26 17:56:55.718535 INFO::Fitting model to feature number 221, semibin_SRR11413606.8
2025-11-26 17:56:55.76438 INFO::Fitting model to feature number 222, maxbin_SRR16554701.001
2025-11-26 17:56:55.790195 INFO::Fitting model to feature number 223, semibin_SRR13068817.76
2025-11-26 17:56:55.825331 INFO::Fitting model to feature number 224, semibin_ERR6229432.91
2025-11-26 17:56:55.85269 INFO::Fitting model to feature number 225, metabat_SRR6000874.13_sub
2025-11-26 17:56:55.876343 INFO::Fitting model to feature number 226, semibin_SRR20881986.74
2025-11-26 17:56:55.899905 INFO::Fitting model to feature number 227, metabat_SRR5930494.72_sub
2025-11-26 17:56:55.924119 INFO::Fitting model to feature number 228, semibin_SRR23364193.36
2025-11-26 17:56:55.949419 INFO::Fitting model to feature number 229, metabat_SRR5930514.58
2025-11-26 17:56:55.971627 INFO::Fitting model to feature number 230, semibin_SRR16554673.13
2025-11-26 17:56:55.997077 INFO::Fitting model to feature number 231, semibin_SRR16554786.37
2025-11-26 17:56:56.018962 INFO::Fitting model to feature number 232, semibin_ERR2162202.9
2025-11-26 17:56:56.042229 INFO::Fitting model to feature number 233, semibin_SRR5930501.2
2025-11-26 17:56:56.066106 INFO::Fitting model to feature number 234, semibin_ERR2162208.7
2025-11-26 17:56:56.088887 INFO::Fitting model to feature number 235, metabat_SRR16554665.10
2025-11-26 17:56:56.11354 INFO::Fitting model to feature number 236, semibin_ERR2162200.40
2025-11-26 17:56:56.137607 INFO::Fitting model to feature number 237, metabat_SRR13068853.24
2025-11-26 17:56:56.164603 INFO::Fitting model to feature number 238, metabat_SRR11413656.75
2025-11-26 17:56:56.192665 INFO::Fitting model to feature number 239, maxbin_SRR13022357.002
2025-11-26 17:56:56.224952 INFO::Fitting model to feature number 240, semibin_SRR25825502.21
2025-11-26 17:56:56.249754 INFO::Fitting model to feature number 241, semibin_ERR6279669.74
2025-11-26 17:56:56.276076 INFO::Fitting model to feature number 242, metabat_SRR11413618.29_sub
2025-11-26 17:56:56.299935 INFO::Fitting model to feature number 243, semibin_SRR5930523.22
2025-11-26 17:56:56.323379 INFO::Fitting model to feature number 244, semibin_SRR16554776.8
2025-11-26 17:56:56.348075 INFO::Fitting model to feature number 245, metabat_SRR13068851.17
2025-11-26 17:56:56.371087 INFO::Fitting model to feature number 246, metabat_ERR12405966.8
2025-11-26 17:56:56.395994 INFO::Fitting model to feature number 247, maxbin_ERR2162223.001
2025-11-26 17:56:56.4212 INFO::Fitting model to feature number 248, metabat_ERR6279627.10
2025-11-26 17:56:56.445467 INFO::Fitting model to feature number 249, semibin_SRR11413679.4
2025-11-26 17:56:56.486052 INFO::Fitting model to feature number 250, semibin_SRR5930506.72
2025-11-26 17:56:56.509317 INFO::Fitting model to feature number 251, metabat_ERR2162214.7
2025-11-26 17:56:56.532789 INFO::Fitting model to feature number 252, semibin_SRR11413606.34
2025-11-26 17:56:56.564818 INFO::Fitting model to feature number 253, metabat_SRR11413647.31
2025-11-26 17:56:56.591026 INFO::Fitting model to feature number 254, semibin_SRR6000892.71
2025-11-26 17:56:56.616194 INFO::Fitting model to feature number 255, metabat_SRR13022401.12
2025-11-26 17:56:56.640369 INFO::Fitting model to feature number 256, metabat_ERR2162213.1
2025-11-26 17:56:56.664761 INFO::Fitting model to feature number 257, metabat_SRR16168896.4
2025-11-26 17:56:56.69535 INFO::Fitting model to feature number 258, metabat_ERR12405997.59
2025-11-26 17:56:56.721886 INFO::Fitting model to feature number 259, semibin_ERR2162223.3
2025-11-26 17:56:56.747284 INFO::Fitting model to feature number 260, semibin_SRR6000944.44
2025-11-26 17:56:56.771418 INFO::Fitting model to feature number 261, semibin_SRR5930533.32_sub
2025-11-26 17:56:56.794724 INFO::Fitting model to feature number 262, maxbin_SRR11413646.009
2025-11-26 17:56:56.819128 INFO::Fitting model to feature number 263, metabat_ERR12405954.8
2025-11-26 17:56:56.841837 INFO::Fitting model to feature number 264, metabat_SRR13068832.4
2025-11-26 17:56:56.864395 INFO::Fitting model to feature number 265, semibin_SRR20881980.56
2025-11-26 17:56:56.88771 INFO::Fitting model to feature number 266, maxbin_SRR5930507.045
2025-11-26 17:56:56.911643 INFO::Fitting model to feature number 267, semibin_SRR5930495.29
2025-11-26 17:56:56.935482 INFO::Fitting model to feature number 268, maxbin_ERR2162223.003
2025-11-26 17:56:56.965546 INFO::Fitting model to feature number 269, maxbin_ERR6282070.040_sub
2025-11-26 17:56:56.991138 INFO::Fitting model to feature number 270, semibin_ERR6233693.7
2025-11-26 17:56:57.015934 INFO::Fitting model to feature number 271, metabat_SRR11413613.2
2025-11-26 17:56:57.03862 INFO::Fitting model to feature number 272, semibin_SRR16168945.59_sub
2025-11-26 17:56:57.064595 INFO::Fitting model to feature number 273, semibin_ERR12405923.28
2025-11-26 17:56:57.090421 INFO::Fitting model to feature number 274, semibin_SRR16554648.6
2025-11-26 17:56:57.115424 INFO::Fitting model to feature number 275, semibin_SRR6000901.29
2025-11-26 17:56:57.139367 INFO::Fitting model to feature number 276, maxbin_SRR16554769.012
2025-11-26 17:56:57.163658 INFO::Fitting model to feature number 277, metabat_SRR16554687.19
2025-11-26 17:56:57.209431 INFO::Fitting model to feature number 278, semibin_SRR23364183.27
2025-11-26 17:56:57.232259 INFO::Fitting model to feature number 279, metabat_ERR12405985.26
2025-11-26 17:56:57.257505 INFO::Fitting model to feature number 280, metabat_SRR16554763.7
2025-11-26 17:56:57.285605 INFO::Fitting model to feature number 281, maxbin_ERR12406005.005
2025-11-26 17:56:57.311552 INFO::Fitting model to feature number 282, semibin_SRR11413689.18
2025-11-26 17:56:57.340577 INFO::Fitting model to feature number 283, semibin_SRR5930498.73
2025-11-26 17:56:57.368291 INFO::Fitting model to feature number 284, semibin_ERR6279657.86
2025-11-26 17:56:57.396191 INFO::Fitting model to feature number 285, maxbin_SRR5930497.004
2025-11-26 17:56:57.419985 INFO::Fitting model to feature number 286, metabat_SRR5930527.86
2025-11-26 17:56:57.443771 INFO::Fitting model to feature number 287, semibin_SRR11413657.160_sub
2025-11-26 17:56:57.468646 INFO::Fitting model to feature number 288, semibin_SRR6000896.44
2025-11-26 17:56:57.491388 INFO::Fitting model to feature number 289, metabat_SRR20881987.29
2025-11-26 17:56:57.515612 INFO::Fitting model to feature number 290, semibin_SRR11413687.181
2025-11-26 17:56:57.53961 INFO::Fitting model to feature number 291, metabat_ERR6281586.4
2025-11-26 17:56:57.563655 INFO::Fitting model to feature number 292, maxbin_SRR13022429.005
2025-11-26 17:56:57.587607 INFO::Fitting model to feature number 293, metabat_ERR6275676.3
2025-11-26 17:56:57.611575 INFO::Fitting model to feature number 294, metabat_SRR5930529.3
2025-11-26 17:56:57.635167 INFO::Fitting model to feature number 295, metabat_SRR6000949.51_sub
2025-11-26 17:56:57.65858 INFO::Fitting model to feature number 296, semibin_SRR11413656.101
2025-11-26 17:56:57.682305 INFO::Fitting model to feature number 297, metabat_ERR2162211.9
2025-11-26 17:56:57.705822 INFO::Fitting model to feature number 298, semibin_SRR11413689.110
2025-11-26 17:56:57.737915 INFO::Fitting model to feature number 299, metabat_SRR16554771.5
2025-11-26 17:56:57.76317 INFO::Fitting model to feature number 300, semibin_ERR2162218.39
2025-11-26 17:56:57.78843 INFO::Fitting model to feature number 301, semibin_SRR16168913.74
2025-11-26 17:56:57.814504 INFO::Fitting model to feature number 302, semibin_SRR16554766.13
2025-11-26 17:56:57.838115 INFO::Fitting model to feature number 303, maxbin_SRR6000869.050
2025-11-26 17:56:57.862216 INFO::Fitting model to feature number 304, metabat_SRR13068834.30
2025-11-26 17:56:57.886602 INFO::Fitting model to feature number 305, semibin_SRR11413691.40_sub
2025-11-26 17:56:57.930456 INFO::Fitting model to feature number 306, semibin_ERR6264280.63
2025-11-26 17:56:57.956922 INFO::Fitting model to feature number 307, semibin_SRR11413683.31
2025-11-26 17:56:57.980495 INFO::Fitting model to feature number 308, metabat_SRR13068828.29
2025-11-26 17:56:58.006338 INFO::Fitting model to feature number 309, metabat_SRR16554651.15
2025-11-26 17:56:58.030541 INFO::Fitting model to feature number 310, semibin_SRR11413617.49
2025-11-26 17:56:58.053992 INFO::Fitting model to feature number 311, metabat_ERR12405917.12
2025-11-26 17:56:58.082026 INFO::Fitting model to feature number 312, metabat_ERR12405923.25
2025-11-26 17:56:58.113515 INFO::Fitting model to feature number 313, semibin_SRR8387677.66
2025-11-26 17:56:58.141998 INFO::Fitting model to feature number 314, semibin_SRR16554633.6
2025-11-26 17:56:58.166218 INFO::Fitting model to feature number 315, semibin_SRR11413657.102
2025-11-26 17:56:58.191667 INFO::Fitting model to feature number 316, maxbin_SRR16554652.022_sub
2025-11-26 17:56:58.217785 INFO::Fitting model to feature number 317, metabat_SRR16554747.15
2025-11-26 17:56:58.241394 INFO::Fitting model to feature number 318, metabat_SRR11413685.32
2025-11-26 17:56:58.265744 INFO::Fitting model to feature number 319, semibin_SRR5930519.63
2025-11-26 17:56:58.292464 INFO::Fitting model to feature number 320, metabat_SRR8387676.2
2025-11-26 17:56:58.316333 INFO::Fitting model to feature number 321, semibin_SRR13022464.9
2025-11-26 17:56:58.341439 INFO::Fitting model to feature number 322, semibin_ERR6281341.24
2025-11-26 17:56:58.366585 INFO::Fitting model to feature number 323, semibin_SRR11413690.11
2025-11-26 17:56:58.393558 INFO::Fitting model to feature number 324, maxbin_SRR23364240.009_sub
2025-11-26 17:56:58.420151 INFO::Fitting model to feature number 325, maxbin_SRR5930504.027
2025-11-26 17:56:58.454766 INFO::Fitting model to feature number 326, maxbin_SRR8387683.015_sub
2025-11-26 17:56:58.484205 INFO::Fitting model to feature number 327, semibin_SRR5930501.108
2025-11-26 17:56:58.51006 INFO::Fitting model to feature number 328, metabat_SRR13068838.21
2025-11-26 17:56:58.536847 INFO::Fitting model to feature number 329, maxbin_ERR6279649.002
2025-11-26 17:56:58.571868 INFO::Fitting model to feature number 330, maxbin_ERR12405952.002
2025-11-26 17:56:58.598111 INFO::Fitting model to feature number 331, semibin_ERR12405916.16
2025-11-26 17:56:58.624364 INFO::Fitting model to feature number 332, metabat_SRR11413612.18
2025-11-26 17:56:58.650172 INFO::Fitting model to feature number 333, maxbin_SRR23364191.039_sub
2025-11-26 17:56:58.699385 INFO::Fitting model to feature number 334, semibin_SRR16554627.102
2025-11-26 17:56:58.724517 INFO::Fitting model to feature number 335, semibin_SRR25825502.37
2025-11-26 17:56:58.751166 INFO::Fitting model to feature number 336, maxbin_ERR6275667.027
2025-11-26 17:56:58.776668 INFO::Fitting model to feature number 337, maxbin_ERR2162214.002
2025-11-26 17:56:58.801164 INFO::Fitting model to feature number 338, maxbin_SRR5930506.040
2025-11-26 17:56:58.828657 INFO::Fitting model to feature number 339, semibin_ERR12405971.54
2025-11-26 17:56:58.862325 INFO::Fitting model to feature number 340, metabat_SRR16168975.22
2025-11-26 17:56:58.888272 INFO::Fitting model to feature number 341, metabat_SRR16554654.18
2025-11-26 17:56:58.914971 INFO::Fitting model to feature number 342, semibin_ERR12405939.27
2025-11-26 17:56:58.940246 INFO::Fitting model to feature number 343, semibin_SRR13068839.17
2025-11-26 17:56:58.965082 INFO::Fitting model to feature number 344, semibin_SRR5930503.31
2025-11-26 17:56:58.989465 INFO::Fitting model to feature number 345, metabat_SRR11413687.86
2025-11-26 17:56:59.0129 INFO::Fitting model to feature number 346, metabat_SRR25825515.43_sub
2025-11-26 17:56:59.038721 INFO::Fitting model to feature number 347, metabat_SRR16554786.38
2025-11-26 17:56:59.062525 INFO::Fitting model to feature number 348, maxbin_ERR6279660.001
2025-11-26 17:56:59.088436 INFO::Fitting model to feature number 349, maxbin_SRR16168900.001
2025-11-26 17:56:59.112982 INFO::Fitting model to feature number 350, maxbin_SRR16554686.012
2025-11-26 17:56:59.138733 INFO::Fitting model to feature number 351, metabat_SRR5930529.8
2025-11-26 17:56:59.162986 INFO::Fitting model to feature number 352, metabat_SRR25825504.22_sub
2025-11-26 17:56:59.187995 INFO::Fitting model to feature number 353, maxbin_SRR8387677.002_sub
2025-11-26 17:56:59.222389 INFO::Fitting model to feature number 354, semibin_SRR16168940.103
2025-11-26 17:56:59.247638 INFO::Fitting model to feature number 355, maxbin_ERR12405924.017
2025-11-26 17:56:59.27275 INFO::Fitting model to feature number 356, metabat_SRR11413686.33
2025-11-26 17:56:59.298404 INFO::Fitting model to feature number 357, semibin_ERR6279673.25_sub
2025-11-26 17:56:59.322262 INFO::Fitting model to feature number 358, semibin_ERR6232458.12
2025-11-26 17:56:59.348388 INFO::Fitting model to feature number 359, maxbin_SRR16554687.002
2025-11-26 17:56:59.37384 INFO::Fitting model to feature number 360, semibin_SRR5930498.118
2025-11-26 17:56:59.399304 INFO::Fitting model to feature number 361, semibin_SRR16554638.14
2025-11-26 17:56:59.497564 INFO::Fitting model to feature number 362, semibin_SRR25825518.7
2025-11-26 17:56:59.519602 INFO::Fitting model to feature number 363, metabat_SRR5930494.25_sub
2025-11-26 17:56:59.54424 INFO::Fitting model to feature number 364, semibin_SRR16554780.22
2025-11-26 17:56:59.571229 INFO::Fitting model to feature number 365, semibin_SRR16554784.78
2025-11-26 17:56:59.595995 INFO::Fitting model to feature number 366, metabat_SRR16554765.17
2025-11-26 17:56:59.630219 INFO::Fitting model to feature number 367, maxbin_SRR11413612.015_sub
2025-11-26 17:56:59.656613 INFO::Fitting model to feature number 368, semibin_SRR11413681.23
2025-11-26 17:56:59.681827 INFO::Fitting model to feature number 369, metabat_SRR5930530.79
2025-11-26 17:56:59.707576 INFO::Fitting model to feature number 370, semibin_SRR16554681.27
2025-11-26 17:56:59.733752 INFO::Fitting model to feature number 371, semibin_SRR5930493.36_sub
2025-11-26 17:56:59.759237 INFO::Fitting model to feature number 372, semibin_SRR11413620.97
2025-11-26 17:56:59.784502 INFO::Fitting model to feature number 373, semibin_SRR6000893.60_sub
2025-11-26 17:56:59.809621 INFO::Fitting model to feature number 374, metabat_SRR11413689.14
2025-11-26 17:56:59.834946 INFO::Fitting model to feature number 375, metabat_SRR11413689.40
2025-11-26 17:56:59.859461 INFO::Fitting model to feature number 376, maxbin_SRR8387710.024
2025-11-26 17:56:59.88293 INFO::Fitting model to feature number 377, metabat_ERR6281433.28
2025-11-26 17:56:59.908441 INFO::Fitting model to feature number 378, maxbin_SRR5930533.002
2025-11-26 17:56:59.934631 INFO::Fitting model to feature number 379, semibin_SRR5930494.234
2025-11-26 17:56:59.958935 INFO::Fitting model to feature number 380, semibin_SRR13068839.7
2025-11-26 17:56:59.991878 INFO::Fitting model to feature number 381, semibin_SRR16554736.21
2025-11-26 17:57:00.017009 INFO::Fitting model to feature number 382, semibin_ERR2162216.32
2025-11-26 17:57:00.042739 INFO::Fitting model to feature number 383, semibin_ERR12405964.2
2025-11-26 17:57:00.068017 INFO::Fitting model to feature number 384, metabat_ERR6233692.1_sub
2025-11-26 17:57:00.092635 INFO::Fitting model to feature number 385, metabat_ERR6281658.13
2025-11-26 17:57:00.116391 INFO::Fitting model to feature number 386, semibin_SRR5930516.87
2025-11-26 17:57:00.141614 INFO::Fitting model to feature number 387, metabat_ERR12406002.11
2025-11-26 17:57:00.166604 INFO::Fitting model to feature number 388, semibin_SRR23364206.58
2025-11-26 17:57:00.212421 INFO::Fitting model to feature number 389, semibin_SRR11413691.52
2025-11-26 17:57:00.23569 INFO::Fitting model to feature number 390, semibin_SRR16554744.40_sub
2025-11-26 17:57:00.261246 INFO::Fitting model to feature number 391, semibin_ERR6275666.93
2025-11-26 17:57:00.2869 INFO::Fitting model to feature number 392, maxbin_SRR16554659.005
2025-11-26 17:57:00.310762 INFO::Fitting model to feature number 393, metabat_SRR16554654.55
2025-11-26 17:57:00.345762 INFO::Fitting model to feature number 394, maxbin_SRR11413607.019
2025-11-26 17:57:00.369985 INFO::Fitting model to feature number 395, semibin_SRR16554744.30
2025-11-26 17:57:00.394633 INFO::Fitting model to feature number 396, semibin_SRR13022415.6
2025-11-26 17:57:00.422702 INFO::Fitting model to feature number 397, maxbin_ERR12405991.007
2025-11-26 17:57:00.447487 INFO::Fitting model to feature number 398, semibin_SRR23364171.72
2025-11-26 17:57:00.472834 INFO::Fitting model to feature number 399, semibin_ERR6279619.6
2025-11-26 17:57:00.496961 INFO::Fitting model to feature number 400, semibin_SRR16554692.65
2025-11-26 17:57:00.523111 INFO::Fitting model to feature number 401, maxbin_SRR16554751.004
2025-11-26 17:57:00.548255 INFO::Fitting model to feature number 402, metabat_SRR25825507.13_sub
2025-11-26 17:57:00.572511 INFO::Fitting model to feature number 403, metabat_SRR6000940.44
2025-11-26 17:57:00.5964 INFO::Fitting model to feature number 404, maxbin_SRR16554673.003
2025-11-26 17:57:00.621919 INFO::Fitting model to feature number 405, metabat_SRR5930506.102
2025-11-26 17:57:00.647394 INFO::Fitting model to feature number 406, semibin_SRR8387707.23
2025-11-26 17:57:00.672007 INFO::Fitting model to feature number 407, semibin_SRR25825517.45
2025-11-26 17:57:00.700574 INFO::Fitting model to feature number 408, semibin_ERR6275663.33
2025-11-26 17:57:00.726178 INFO::Fitting model to feature number 409, semibin_ERR6275679.24
2025-11-26 17:57:00.750891 INFO::Fitting model to feature number 410, semibin_SRR16554704.8_sub
2025-11-26 17:57:00.775427 INFO::Fitting model to feature number 411, semibin_SRR20881983.27
2025-11-26 17:57:00.800306 INFO::Fitting model to feature number 412, semibin_ERR12405986.41
2025-11-26 17:57:00.825499 INFO::Fitting model to feature number 413, semibin_ERR12405984.5
2025-11-26 17:57:00.848912 INFO::Fitting model to feature number 414, metabat_SRR16554651.26
2025-11-26 17:57:00.873738 INFO::Fitting model to feature number 415, metabat_ERR12405920.1
2025-11-26 17:57:00.899239 INFO::Fitting model to feature number 416, maxbin_SRR16554656.025
2025-11-26 17:57:00.948623 INFO::Fitting model to feature number 417, semibin_SRR20881977.45
2025-11-26 17:57:00.980062 INFO::Fitting model to feature number 418, semibin_SRR5930494.42
2025-11-26 17:57:01.007183 INFO::Fitting model to feature number 419, maxbin_ERR6233693.010_sub
2025-11-26 17:57:01.032089 INFO::Fitting model to feature number 420, semibin_SRR20881981.24
2025-11-26 17:57:01.06035 INFO::Fitting model to feature number 421, semibin_SRR5930494.37
2025-11-26 17:57:01.088227 INFO::Fitting model to feature number 422, metabat_ERR12405956.11
2025-11-26 17:57:01.113223 INFO::Fitting model to feature number 423, metabat_ERR12406009.18
2025-11-26 17:57:01.138601 INFO::Fitting model to feature number 424, metabat_SRR16554765.3
2025-11-26 17:57:01.163637 INFO::Fitting model to feature number 425, metabat_SRR20881975.42
2025-11-26 17:57:01.189396 INFO::Fitting model to feature number 426, semibin_SRR6000901.30
2025-11-26 17:57:01.214353 INFO::Fitting model to feature number 427, metabat_SRR5930527.85
2025-11-26 17:57:01.239745 INFO::Fitting model to feature number 428, semibin_SRR25825516.46
2025-11-26 17:57:01.26361 INFO::Fitting model to feature number 429, semibin_ERR12405918.0
2025-11-26 17:57:01.289033 INFO::Fitting model to feature number 430, semibin_ERR12405967.4
2025-11-26 17:57:01.314699 INFO::Fitting model to feature number 431, semibin_SRR23364176.2
2025-11-26 17:57:01.340444 INFO::Fitting model to feature number 432, metabat_SRR16554711.16
2025-11-26 17:57:01.364897 INFO::Fitting model to feature number 433, maxbin_ERR6275668.007
2025-11-26 17:57:01.396533 INFO::Fitting model to feature number 434, semibin_ERR12405998.5_sub
2025-11-26 17:57:01.422432 INFO::Fitting model to feature number 435, metabat_SRR5930528.37
2025-11-26 17:57:01.447699 INFO::Fitting model to feature number 436, maxbin_SRR11413647.002
2025-11-26 17:57:01.476217 INFO::Fitting model to feature number 437, semibin_ERR6275668.86
2025-11-26 17:57:01.501667 INFO::Fitting model to feature number 438, semibin_ERR12406007.1
2025-11-26 17:57:01.527841 INFO::Fitting model to feature number 439, maxbin_SRR25825507.025_sub
2025-11-26 17:57:01.553045 INFO::Fitting model to feature number 440, semibin_ERR6279661.58
2025-11-26 17:57:01.577969 INFO::Fitting model to feature number 441, metabat_ERR6232523.3
2025-11-26 17:57:01.602783 INFO::Fitting model to feature number 442, semibin_SRR23364186.11
2025-11-26 17:57:01.626125 INFO::Fitting model to feature number 443, maxbin_SRR16554641.006
2025-11-26 17:57:01.651221 INFO::Fitting model to feature number 444, maxbin_SRR13022427.016_sub
2025-11-26 17:57:01.697136 INFO::Fitting model to feature number 445, metabat_ERR12405926.24
2025-11-26 17:57:01.722515 INFO::Fitting model to feature number 446, semibin_ERR6275664.8
2025-11-26 17:57:01.747502 INFO::Fitting model to feature number 447, semibin_SRR5930510.9
2025-11-26 17:57:01.782614 INFO::Fitting model to feature number 448, semibin_ERR6275668.101
2025-11-26 17:57:01.811962 INFO::Fitting model to feature number 449, semibin_SRR16554678.23
2025-11-26 17:57:01.839195 INFO::Fitting model to feature number 450, metabat_ERR12405949.23
2025-11-26 17:57:01.86441 INFO::Fitting model to feature number 451, maxbin_SRR16554706.002
2025-11-26 17:57:01.888813 INFO::Fitting model to feature number 452, semibin_SRR6000911.2
2025-11-26 17:57:01.912879 INFO::Fitting model to feature number 453, metabat_SRR23364171.43_sub
2025-11-26 17:57:01.938038 INFO::Fitting model to feature number 454, metabat_SRR13068829.5_sub
2025-11-26 17:57:01.962755 INFO::Fitting model to feature number 455, maxbin_ERR6232528.007
2025-11-26 17:57:01.986902 INFO::Fitting model to feature number 456, semibin_SRR13022452.10
2025-11-26 17:57:02.010112 INFO::Fitting model to feature number 457, semibin_SRR5930518.30
2025-11-26 17:57:02.034815 INFO::Fitting model to feature number 458, metabat_SRR11413620.24
2025-11-26 17:57:02.06021 INFO::Fitting model to feature number 459, semibin_ERR6275672.14
2025-11-26 17:57:02.085253 INFO::Fitting model to feature number 460, semibin_ERR6279669.46_sub
2025-11-26 17:57:02.109011 INFO::Fitting model to feature number 461, semibin_SRR13068839.29
2025-11-26 17:57:02.139968 INFO::Fitting model to feature number 462, semibin_ERR6232521.7
2025-11-26 17:57:02.165959 INFO::Fitting model to feature number 463, maxbin_SRR25825515.010
2025-11-26 17:57:02.190893 INFO::Fitting model to feature number 464, metabat_SRR16554736.34_sub
2025-11-26 17:57:02.217468 INFO::Fitting model to feature number 465, metabat_SRR6000947.61
2025-11-26 17:57:02.242616 INFO::Fitting model to feature number 466, maxbin_SRR16554777.008
2025-11-26 17:57:02.267191 INFO::Fitting model to feature number 467, metabat_ERR12405971.2
2025-11-26 17:57:02.291332 INFO::Fitting model to feature number 468, semibin_ERR12405973.6
2025-11-26 17:57:02.315517 INFO::Fitting model to feature number 469, metabat_SRR13068829.36
2025-11-26 17:57:02.340181 INFO::Fitting model to feature number 470, semibin_SRR16554725.23
2025-11-26 17:57:02.3651 INFO::Fitting model to feature number 471, maxbin_SRR16554634.001
2025-11-26 17:57:02.3898 INFO::Fitting model to feature number 472, maxbin_SRR16554656.001
2025-11-26 17:57:02.434446 INFO::Fitting model to feature number 473, semibin_SRR11413681.96
2025-11-26 17:57:02.464247 INFO::Fitting model to feature number 474, metabat_SRR11413619.66
2025-11-26 17:57:02.491728 INFO::Fitting model to feature number 475, semibin_ERR12406013.35
2025-11-26 17:57:02.51771 INFO::Fitting model to feature number 476, maxbin_ERR6281433.007
2025-11-26 17:57:02.542424 INFO::Fitting model to feature number 477, semibin_SRR23364212.64
2025-11-26 17:57:02.567632 INFO::Fitting model to feature number 478, maxbin_SRR16554654.005
2025-11-26 17:57:02.59315 INFO::Fitting model to feature number 479, semibin_ERR12405969.55
2025-11-26 17:57:02.618403 INFO::Fitting model to feature number 480, metabat_ERR6280948.5
2025-11-26 17:57:02.642699 INFO::Fitting model to feature number 481, metabat_ERR6230326.9
2025-11-26 17:57:02.667592 INFO::Fitting model to feature number 482, maxbin_SRR5930508.014
2025-11-26 17:57:02.692528 INFO::Fitting model to feature number 483, maxbin_SRR25825517.011_sub
2025-11-26 17:57:02.717576 INFO::Fitting model to feature number 484, metabat_ERR6279672.14
2025-11-26 17:57:02.741495 INFO::Fitting model to feature number 485, metabat_SRR6000940.58
2025-11-26 17:57:02.765792 INFO::Fitting model to feature number 486, maxbin_SRR8387707.009
2025-11-26 17:57:02.789171 INFO::Fitting model to feature number 487, maxbin_ERR2162217.004
2025-11-26 17:57:02.814038 INFO::Fitting model to feature number 488, metabat_SRR5930526.41
2025-11-26 17:57:02.839819 INFO::Fitting model to feature number 489, metabat_SRR11413619.35
2025-11-26 17:57:02.875178 INFO::Fitting model to feature number 490, semibin_SRR16168900.4
2025-11-26 17:57:02.899045 INFO::Fitting model to feature number 491, metabat_SRR13022316.9
2025-11-26 17:57:02.924212 INFO::Fitting model to feature number 492, metabat_SRR5930536.81_sub
2025-11-26 17:57:02.950238 INFO::Fitting model to feature number 493, metabat_ERR12406000.21
2025-11-26 17:57:02.975501 INFO::Fitting model to feature number 494, maxbin_SRR8387707.003
2025-11-26 17:57:03.000415 INFO::Fitting model to feature number 495, metabat_SRR13068834.42
2025-11-26 17:57:03.025427 INFO::Fitting model to feature number 496, metabat_SRR16554644.2
2025-11-26 17:57:03.050918 INFO::Fitting model to feature number 497, semibin_SRR6000932.49_sub
2025-11-26 17:57:03.076023 INFO::Fitting model to feature number 498, metabat_SRR11413685.13
2025-11-26 17:57:03.100924 INFO::Fitting model to feature number 499, semibin_ERR12405915.28
2025-11-26 17:57:03.12556 INFO::Fitting model to feature number 500, metabat_SRR20881985.11
2025-11-26 17:57:03.18919 INFO::Fitting model to feature number 501, metabat_SRR16168938.30
2025-11-26 17:57:03.216238 INFO::Fitting model to feature number 502, semibin_SRR11413607.11
2025-11-26 17:57:03.239219 INFO::Fitting model to feature number 503, maxbin_SRR11413653.011
2025-11-26 17:57:03.264256 INFO::Fitting model to feature number 504, semibin_SRR25825504.166
2025-11-26 17:57:03.289896 INFO::Fitting model to feature number 505, semibin_SRR5930501.30_sub
2025-11-26 17:57:03.315065 INFO::Fitting model to feature number 506, metabat_ERR12405933.44
2025-11-26 17:57:03.339434 INFO::Fitting model to feature number 507, maxbin_SRR5930517.002
2025-11-26 17:57:03.364212 INFO::Fitting model to feature number 508, metabat_ERR6264281.57_sub
2025-11-26 17:57:03.387661 INFO::Fitting model to feature number 509, maxbin_ERR6279677.001
2025-11-26 17:57:03.413568 INFO::Fitting model to feature number 510, semibin_SRR25825502.18
2025-11-26 17:57:03.43926 INFO::Fitting model to feature number 511, metabat_ERR6232524.33_sub
2025-11-26 17:57:03.470386 INFO::Fitting model to feature number 512, semibin_SRR5930503.42
2025-11-26 17:57:03.496435 INFO::Fitting model to feature number 513, metabat_ERR12406012.5
2025-11-26 17:57:03.521953 INFO::Fitting model to feature number 514, maxbin_SRR16554772.002
2025-11-26 17:57:03.550205 INFO::Fitting model to feature number 515, semibin_ERR12406012.51
2025-11-26 17:57:03.574317 INFO::Fitting model to feature number 516, semibin_SRR5930509.30
2025-11-26 17:57:03.599153 INFO::Fitting model to feature number 517, metabat_ERR12405976.3_sub
2025-11-26 17:57:03.623818 INFO::Fitting model to feature number 518, maxbin_SRR16554767.018
2025-11-26 17:57:03.6471 INFO::Fitting model to feature number 519, semibin_SRR16554784.38
2025-11-26 17:57:03.672363 INFO::Fitting model to feature number 520, metabat_SRR5930522.13_sub
2025-11-26 17:57:03.697635 INFO::Fitting model to feature number 521, metabat_SRR23364191.39_sub
2025-11-26 17:57:03.722305 INFO::Fitting model to feature number 522, metabat_ERR6281341.9
2025-11-26 17:57:03.746943 INFO::Fitting model to feature number 523, metabat_SRR23364212.36
2025-11-26 17:57:03.770611 INFO::Fitting model to feature number 524, semibin_SRR16554669.51_sub
2025-11-26 17:57:03.804581 INFO::Fitting model to feature number 525, semibin_ERR2162221.24_sub
2025-11-26 17:57:03.833096 INFO::Fitting model to feature number 526, maxbin_ERR6267712.014_sub
2025-11-26 17:57:03.856019 INFO::Fitting model to feature number 527, metabat_ERR6233695.21_sub
2025-11-26 17:57:03.899772 INFO::Fitting model to feature number 528, semibin_SRR13068825.10
2025-11-26 17:57:03.931792 INFO::Fitting model to feature number 529, semibin_SRR13022261.21
2025-11-26 17:57:03.95762 INFO::Fitting model to feature number 530, metabat_SRR13022461.7
2025-11-26 17:57:03.983227 INFO::Fitting model to feature number 531, metabat_SRR16554779.24
2025-11-26 17:57:04.008808 INFO::Fitting model to feature number 532, semibin_SRR5930498.24
2025-11-26 17:57:04.034075 INFO::Fitting model to feature number 533, metabat_SRR16554703.42
2025-11-26 17:57:04.065252 INFO::Fitting model to feature number 534, maxbin_ERR6264280.016_sub
2025-11-26 17:57:04.090945 INFO::Fitting model to feature number 535, metabat_ERR12405981.6
2025-11-26 17:57:04.116575 INFO::Fitting model to feature number 536, semibin_SRR5930502.40
2025-11-26 17:57:04.147281 INFO::Fitting model to feature number 537, metabat_SRR23364239.1
2025-11-26 17:57:04.175769 INFO::Fitting model to feature number 538, semibin_SRR16554789.32
2025-11-26 17:57:04.201187 INFO::Fitting model to feature number 539, semibin_SRR5930501.70
2025-11-26 17:57:04.224667 INFO::Fitting model to feature number 540, metabat_SRR6000905.24
2025-11-26 17:57:04.248992 INFO::Fitting model to feature number 541, semibin_SRR23364199.26
2025-11-26 17:57:04.274372 INFO::Fitting model to feature number 542, semibin_SRR8387712.32
2025-11-26 17:57:04.299376 INFO::Fitting model to feature number 543, semibin_SRR11413613.11
2025-11-26 17:57:04.32272 INFO::Fitting model to feature number 544, semibin_SRR16554762.1
2025-11-26 17:57:04.346506 INFO::Fitting model to feature number 545, semibin_SRR5930498.111
2025-11-26 17:57:04.371272 INFO::Fitting model to feature number 546, metabat_ERR12405979.25
2025-11-26 17:57:04.396524 INFO::Fitting model to feature number 547, metabat_ERR6275652.12_sub
2025-11-26 17:57:04.428369 INFO::Fitting model to feature number 548, semibin_SRR25825507.51_sub
2025-11-26 17:57:04.459309 INFO::Fitting model to feature number 549, semibin_SRR16554736.23
2025-11-26 17:57:04.48723 INFO::Fitting model to feature number 550, semibin_SRR25825495.1_sub
2025-11-26 17:57:04.512581 INFO::Fitting model to feature number 551, maxbin_SRR16554722.014
2025-11-26 17:57:04.537912 INFO::Fitting model to feature number 552, maxbin_SRR16554753.014
2025-11-26 17:57:04.562273 INFO::Fitting model to feature number 553, semibin_SRR5930504.118_sub
2025-11-26 17:57:04.587732 INFO::Fitting model to feature number 554, metabat_SRR20881986.45
2025-11-26 17:57:04.612295 INFO::Fitting model to feature number 555, maxbin_SRR13022461.002
2025-11-26 17:57:04.658716 INFO::Fitting model to feature number 556, semibin_SRR5930531.66
2025-11-26 17:57:04.685969 INFO::Fitting model to feature number 557, metabat_SRR11413652.31
2025-11-26 17:57:04.714038 INFO::Fitting model to feature number 558, metabat_SRR16554785.19
2025-11-26 17:57:04.740602 INFO::Fitting model to feature number 559, metabat_ERR12405955.34
2025-11-26 17:57:04.765335 INFO::Fitting model to feature number 560, maxbin_SRR5930505.015_sub
2025-11-26 17:57:04.791006 INFO::Fitting model to feature number 561, metabat_SRR8387710.29
2025-11-26 17:57:04.816791 INFO::Fitting model to feature number 562, metabat_SRR6000895.57
2025-11-26 17:57:04.841285 INFO::Fitting model to feature number 563, metabat_SRR11413613.3
2025-11-26 17:57:04.865492 INFO::Fitting model to feature number 564, metabat_ERR12405965.20
2025-11-26 17:57:04.888644 INFO::Fitting model to feature number 565, semibin_ERR12405995.13
2025-11-26 17:57:04.913942 INFO::Fitting model to feature number 566, semibin_SRR23364198.20
2025-11-26 17:57:04.939563 INFO::Fitting model to feature number 567, maxbin_ERR12405931.013
2025-11-26 17:57:04.963536 INFO::Fitting model to feature number 568, metabat_SRR5930532.34_sub
2025-11-26 17:57:04.987842 INFO::Fitting model to feature number 569, maxbin_ERR6233695.024_sub
2025-11-26 17:57:05.012342 INFO::Fitting model to feature number 570, semibin_SRR20881985.46_sub
2025-11-26 17:57:05.035306 INFO::Fitting model to feature number 571, maxbin_SRR11413681.013
2025-11-26 17:57:05.060546 INFO::Fitting model to feature number 572, semibin_SRR23364229.5
2025-11-26 17:57:05.084982 INFO::Fitting model to feature number 573, semibin_SRR5930527.64
2025-11-26 17:57:05.12003 INFO::Fitting model to feature number 574, semibin_SRR5930529.122
2025-11-26 17:57:05.143667 INFO::Fitting model to feature number 575, metabat_ERR6275679.20
2025-11-26 17:57:05.169538 INFO::Fitting model to feature number 576, metabat_ERR6281944.25
2025-11-26 17:57:05.196902 INFO::Fitting model to feature number 577, maxbin_SRR8387679.008
2025-11-26 17:57:05.222203 INFO::Fitting model to feature number 578, semibin_SRR13068849.26
2025-11-26 17:57:05.246776 INFO::Fitting model to feature number 579, semibin_ERR6275674.65
2025-11-26 17:57:05.272067 INFO::Fitting model to feature number 580, metabat_ERR12405922.10_sub
2025-11-26 17:57:05.296869 INFO::Fitting model to feature number 581, metabat_ERR6281941.15
2025-11-26 17:57:05.319716 INFO::Fitting model to feature number 582, metabat_ERR12405947.12_sub
2025-11-26 17:57:05.344678 INFO::Fitting model to feature number 583, maxbin_SRR6000920.039
2025-11-26 17:57:05.391505 INFO::Fitting model to feature number 584, metabat_SRR13068828.25
2025-11-26 17:57:05.415711 INFO::Fitting model to feature number 585, metabat_SRR13068843.21
2025-11-26 17:57:05.444465 INFO::Fitting model to feature number 586, metabat_SRR16554763.38
2025-11-26 17:57:05.475256 INFO::Fitting model to feature number 587, semibin_SRR13068840.28
2025-11-26 17:57:05.500236 INFO::Fitting model to feature number 588, semibin_SRR8387712.8_sub
2025-11-26 17:57:05.52418 INFO::Fitting model to feature number 589, semibin_SRR16554652.24
2025-11-26 17:57:05.5515 INFO::Fitting model to feature number 590, maxbin_SRR5930507.021
2025-11-26 17:57:05.575996 INFO::Fitting model to feature number 591, metabat_SRR13068849.40
2025-11-26 17:57:05.601507 INFO::Fitting model to feature number 592, semibin_SRR5930507.17_sub
2025-11-26 17:57:05.625249 INFO::Fitting model to feature number 593, metabat_SRR5930519.59
2025-11-26 17:57:05.650257 INFO::Fitting model to feature number 594, metabat_SRR11413689.27
2025-11-26 17:57:05.674201 INFO::Fitting model to feature number 595, metabat_SRR20881983.26_sub
2025-11-26 17:57:05.699027 INFO::Fitting model to feature number 596, metabat_SRR6000890.18
2025-11-26 17:57:05.721512 INFO::Fitting model to feature number 597, semibin_ERR12405997.136
2025-11-26 17:57:05.746873 INFO::Fitting model to feature number 598, semibin_SRR23364199.41
2025-11-26 17:57:05.770616 INFO::Fitting model to feature number 599, metabat_ERR12405967.40_sub
2025-11-26 17:57:05.79681 INFO::Fitting model to feature number 600, metabat_SRR16554671.17_sub
2025-11-26 17:57:05.822264 INFO::Fitting model to feature number 601, semibin_SRR16554763.40_sub
2025-11-26 17:57:05.846932 INFO::Fitting model to feature number 602, metabat_ERR12405924.12
2025-11-26 17:57:05.874163 INFO::Fitting model to feature number 603, semibin_SRR5930528.277
2025-11-26 17:57:05.902866 INFO::Fitting model to feature number 604, metabat_ERR12405976.51
2025-11-26 17:57:05.928574 INFO::Fitting model to feature number 605, maxbin_SRR16168969.015
2025-11-26 17:57:05.955623 INFO::Fitting model to feature number 606, metabat_SRR16554773.16
2025-11-26 17:57:05.979213 INFO::Fitting model to feature number 607, maxbin_SRR13022456.004
2025-11-26 17:57:06.004338 INFO::Fitting model to feature number 608, maxbin_ERR2162201.001
2025-11-26 17:57:06.028501 INFO::Fitting model to feature number 609, semibin_SRR16554692.37
2025-11-26 17:57:06.053666 INFO::Fitting model to feature number 610, maxbin_SRR16168926.011
2025-11-26 17:57:06.076921 INFO::Fitting model to feature number 611, metabat_SRR16554660.22
2025-11-26 17:57:06.125587 INFO::Fitting model to feature number 612, maxbin_ERR6282137.011_sub
2025-11-26 17:57:06.151321 INFO::Fitting model to feature number 613, maxbin_SRR16554667.020
2025-11-26 17:57:06.175823 INFO::Fitting model to feature number 614, semibin_ERR2162202.30
2025-11-26 17:57:06.205298 INFO::Fitting model to feature number 615, metabat_SRR11413684.1
2025-11-26 17:57:06.232139 INFO::Fitting model to feature number 616, maxbin_SRR5930508.009
2025-11-26 17:57:06.256028 INFO::Fitting model to feature number 617, maxbin_SRR16554666.010_sub
2025-11-26 17:57:06.284094 INFO::Fitting model to feature number 618, metabat_SRR16554625.19
2025-11-26 17:57:06.309103 INFO::Fitting model to feature number 619, metabat_SRR16554702.8
2025-11-26 17:57:06.334017 INFO::Fitting model to feature number 620, semibin_SRR13022319.17
2025-11-26 17:57:06.358405 INFO::Fitting model to feature number 621, maxbin_SRR16554654.015
2025-11-26 17:57:06.383378 INFO::Fitting model to feature number 622, metabat_ERR2162221.27
2025-11-26 17:57:06.407916 INFO::Fitting model to feature number 623, metabat_SRR6000877.22
2025-11-26 17:57:06.432709 INFO::Fitting model to feature number 624, semibin_ERR6279654.38
2025-11-26 17:57:06.4563 INFO::Fitting model to feature number 625, metabat_SRR8387681.33_sub
2025-11-26 17:57:06.480272 INFO::Fitting model to feature number 626, semibin_SRR16554736.59
2025-11-26 17:57:06.504444 INFO::Fitting model to feature number 627, metabat_SRR20881986.23
2025-11-26 17:57:06.529933 INFO::Fitting model to feature number 628, semibin_SRR20881984.28
2025-11-26 17:57:06.555432 INFO::Fitting model to feature number 629, semibin_SRR20881984.48
2025-11-26 17:57:06.583855 INFO::Fitting model to feature number 630, semibin_ERR12405985.19
2025-11-26 17:57:06.611456 INFO::Fitting model to feature number 631, semibin_ERR12405959.88
2025-11-26 17:57:06.635547 INFO::Fitting model to feature number 632, maxbin_SRR8387683.016_sub
2025-11-26 17:57:06.659902 INFO::Fitting model to feature number 633, maxbin_SRR11413645.020_sub
2025-11-26 17:57:06.683358 INFO::Fitting model to feature number 634, maxbin_SRR23364183.008
2025-11-26 17:57:06.709018 INFO::Fitting model to feature number 635, semibin_SRR5930520.142
2025-11-26 17:57:06.733364 INFO::Fitting model to feature number 636, metabat_ERR6279648.28_sub
2025-11-26 17:57:06.758522 INFO::Fitting model to feature number 637, semibin_SRR16554627.34
2025-11-26 17:57:06.783529 INFO::Fitting model to feature number 638, semibin_SRR16168930.38
2025-11-26 17:57:06.816771 INFO::Fitting model to feature number 639, semibin_SRR16554693.10
2025-11-26 17:57:06.863599 INFO::Fitting model to feature number 640, semibin_ERR12405963.13
2025-11-26 17:57:06.888462 INFO::Fitting model to feature number 641, metabat_SRR16554780.25
2025-11-26 17:57:06.912049 INFO::Fitting model to feature number 642, metabat_ERR12405966.18
2025-11-26 17:57:06.93728 INFO::Fitting model to feature number 643, semibin_SRR5930522.30_sub
2025-11-26 17:57:06.960996 INFO::Fitting model to feature number 644, metabat_SRR16554697.2
2025-11-26 17:57:06.985322 INFO::Fitting model to feature number 645, metabat_SRR16554652.18
2025-11-26 17:57:07.008137 INFO::Fitting model to feature number 646, semibin_SRR16554656.6
2025-11-26 17:57:07.033264 INFO::Fitting model to feature number 647, maxbin_SRR11413608.019_sub
2025-11-26 17:57:07.057042 INFO::Fitting model to feature number 648, maxbin_ERR2162203.009_sub
2025-11-26 17:57:07.081585 INFO::Fitting model to feature number 649, semibin_SRR23364171.89
2025-11-26 17:57:07.105289 INFO::Fitting model to feature number 650, metabat_SRR11413657.18
2025-11-26 17:57:07.134403 INFO::Fitting model to feature number 651, metabat_SRR5930497.69
2025-11-26 17:57:07.163567 INFO::Fitting model to feature number 652, semibin_SRR20881984.27
2025-11-26 17:57:07.186508 INFO::Fitting model to feature number 653, semibin_SRR5930532.101_sub
2025-11-26 17:57:07.211631 INFO::Fitting model to feature number 654, semibin_ERR6275667.19
2025-11-26 17:57:07.236356 INFO::Fitting model to feature number 655, semibin_SRR11413679.3
2025-11-26 17:57:07.260583 INFO::Fitting model to feature number 656, maxbin_SRR11413615.014
2025-11-26 17:57:07.285105 INFO::Fitting model to feature number 657, semibin_SRR6000900.6
2025-11-26 17:57:07.310745 INFO::Fitting model to feature number 658, semibin_SRR13068817.20
2025-11-26 17:57:07.33518 INFO::Fitting model to feature number 659, semibin_SRR23364237.9
2025-11-26 17:57:07.359122 INFO::Fitting model to feature number 660, semibin_ERR12405928.36_sub
2025-11-26 17:57:07.385641 INFO::Fitting model to feature number 661, semibin_ERR6281340.57
2025-11-26 17:57:07.41818 INFO::Fitting model to feature number 662, metabat_SRR5930533.11
2025-11-26 17:57:07.442538 INFO::Fitting model to feature number 663, maxbin_SRR16168909.004_sub
2025-11-26 17:57:07.467712 INFO::Fitting model to feature number 664, semibin_SRR5930516.27_sub
2025-11-26 17:57:07.492905 INFO::Fitting model to feature number 665, metabat_SRR11413611.7
2025-11-26 17:57:07.517932 INFO::Fitting model to feature number 666, metabat_ERR6275669.37
2025-11-26 17:57:07.542134 INFO::Fitting model to feature number 667, semibin_ERR2162215.9
2025-11-26 17:57:07.589714 INFO::Fitting model to feature number 668, maxbin_SRR11413646.006_sub
2025-11-26 17:57:07.614167 INFO::Fitting model to feature number 669, maxbin_SRR23364206.033_sub
2025-11-26 17:57:07.639131 INFO::Fitting model to feature number 670, maxbin_SRR11413688.023_sub
2025-11-26 17:57:07.663971 INFO::Fitting model to feature number 671, semibin_ERR12405972.8
2025-11-26 17:57:07.688949 INFO::Fitting model to feature number 672, metabat_SRR5930494.40_sub
2025-11-26 17:57:07.717596 INFO::Fitting model to feature number 673, metabat_SRR16554706.13
2025-11-26 17:57:07.744038 INFO::Fitting model to feature number 674, maxbin_SRR23364202.021
2025-11-26 17:57:07.769244 INFO::Fitting model to feature number 675, metabat_SRR5930527.48
2025-11-26 17:57:07.795191 INFO::Fitting model to feature number 676, semibin_SRR20881977.110
2025-11-26 17:57:07.818978 INFO::Fitting model to feature number 677, metabat_SRR16168902.18
2025-11-26 17:57:07.842669 INFO::Fitting model to feature number 678, maxbin_SRR8387683.026_sub
2025-11-26 17:57:07.866083 INFO::Fitting model to feature number 679, metabat_SRR11413649.18
2025-11-26 17:57:07.890949 INFO::Fitting model to feature number 680, semibin_SRR16554666.90
2025-11-26 17:57:07.915738 INFO::Fitting model to feature number 681, maxbin_SRR16554651.021_sub
2025-11-26 17:57:07.941389 INFO::Fitting model to feature number 682, metabat_SRR16554626.8
2025-11-26 17:57:07.965123 INFO::Fitting model to feature number 683, semibin_SRR5930504.156_sub
2025-11-26 17:57:07.990986 INFO::Fitting model to feature number 684, semibin_ERR12405910.22
2025-11-26 17:57:08.020101 INFO::Fitting model to feature number 685, metabat_SRR11413607.10
2025-11-26 17:57:08.046816 INFO::Fitting model to feature number 686, metabat_SRR16554760.38
2025-11-26 17:57:08.071379 INFO::Fitting model to feature number 687, maxbin_SRR16168929.017
2025-11-26 17:57:08.096503 INFO::Fitting model to feature number 688, metabat_SRR25825515.13
2025-11-26 17:57:08.121593 INFO::Fitting model to feature number 689, semibin_SRR5930505.112
2025-11-26 17:57:08.145468 INFO::Fitting model to feature number 690, metabat_SRR11413618.6_sub
2025-11-26 17:57:08.16977 INFO::Fitting model to feature number 691, semibin_SRR5930521.13
2025-11-26 17:57:08.195404 INFO::Fitting model to feature number 692, semibin_ERR12405959.9
2025-11-26 17:57:08.220263 INFO::Fitting model to feature number 693, semibin_SRR6000902.21
2025-11-26 17:57:08.243326 INFO::Fitting model to feature number 694, semibin_ERR6275661.83
2025-11-26 17:57:08.268464 INFO::Fitting model to feature number 695, semibin_SRR5930519.20
2025-11-26 17:57:08.331772 INFO::Fitting model to feature number 696, maxbin_ERR12405985.002_sub
2025-11-26 17:57:08.358038 INFO::Fitting model to feature number 697, metabat_SRR5930506.22
2025-11-26 17:57:08.383217 INFO::Fitting model to feature number 698, semibin_ERR12405947.51
2025-11-26 17:57:08.410331 INFO::Fitting model to feature number 699, semibin_SRR5930505.26
2025-11-26 17:57:08.436964 INFO::Fitting model to feature number 700, semibin_SRR11413652.34
2025-11-26 17:57:08.462943 INFO::Fitting model to feature number 701, semibin_SRR5930529.25
2025-11-26 17:57:08.488664 INFO::Fitting model to feature number 702, semibin_SRR16554712.24
2025-11-26 17:57:08.514412 INFO::Fitting model to feature number 703, metabat_SRR11413610.43_sub
2025-11-26 17:57:08.539764 INFO::Fitting model to feature number 704, semibin_SRR11413656.47
2025-11-26 17:57:08.564487 INFO::Fitting model to feature number 705, semibin_SRR13068830.16
2025-11-26 17:57:08.602229 INFO::Fitting model to feature number 706, semibin_SRR5930494.170
2025-11-26 17:57:08.628159 INFO::Fitting model to feature number 707, semibin_SRR16554702.69
2025-11-26 17:57:08.656064 INFO::Fitting model to feature number 708, semibin_SRR8387681.3
2025-11-26 17:57:08.678871 INFO::Fitting model to feature number 709, metabat_SRR13022394.10
2025-11-26 17:57:08.703113 INFO::Fitting model to feature number 710, semibin_SRR16554632.68
2025-11-26 17:57:08.727938 INFO::Fitting model to feature number 711, semibin_SRR16554652.37
2025-11-26 17:57:08.752463 INFO::Fitting model to feature number 712, metabat_SRR11413614.19
2025-11-26 17:57:08.776608 INFO::Fitting model to feature number 713, semibin_SRR23364207.32
2025-11-26 17:57:08.800506 INFO::Fitting model to feature number 714, semibin_SRR23364192.60
2025-11-26 17:57:08.824154 INFO::Fitting model to feature number 715, maxbin_ERR12405964.003
2025-11-26 17:57:08.848209 INFO::Fitting model to feature number 716, metabat_SRR6000949.15_sub
2025-11-26 17:57:08.876458 INFO::Fitting model to feature number 717, metabat_ERR2162221.41
2025-11-26 17:57:08.906782 INFO::Fitting model to feature number 718, maxbin_ERR12405970.007
2025-11-26 17:57:08.930547 INFO::Fitting model to feature number 719, metabat_SRR5930503.2
2025-11-26 17:57:08.956982 INFO::Fitting model to feature number 720, semibin_SRR6000921.66
2025-11-26 17:57:08.981472 INFO::Fitting model to feature number 721, metabat_ERR12405979.29_sub
2025-11-26 17:57:09.005621 INFO::Fitting model to feature number 722, metabat_SRR20881979.25
2025-11-26 17:57:09.028945 INFO::Fitting model to feature number 723, metabat_ERR12405912.60_sub
2025-11-26 17:57:09.076981 INFO::Fitting model to feature number 724, metabat_SRR25825512.4
2025-11-26 17:57:09.101575 INFO::Fitting model to feature number 725, metabat_SRR11413656.7
2025-11-26 17:57:09.127169 INFO::Fitting model to feature number 726, semibin_ERR6264281.17
2025-11-26 17:57:09.152635 INFO::Fitting model to feature number 727, semibin_SRR25825511.42
2025-11-26 17:57:09.18385 INFO::Fitting model to feature number 728, semibin_SRR25825497.63
2025-11-26 17:57:09.209661 INFO::Fitting model to feature number 729, metabat_ERR6281000.20
2025-11-26 17:57:09.237073 INFO::Fitting model to feature number 730, metabat_SRR16554694.1
2025-11-26 17:57:09.261157 INFO::Fitting model to feature number 731, semibin_ERR6279648.9_sub
2025-11-26 17:57:09.28601 INFO::Fitting model to feature number 732, metabat_ERR12405972.12
2025-11-26 17:57:09.311521 INFO::Fitting model to feature number 733, metabat_SRR16554696.40
2025-11-26 17:57:09.335534 INFO::Fitting model to feature number 734, semibin_ERR6279664.27
2025-11-26 17:57:09.361408 INFO::Fitting model to feature number 735, semibin_ERR2162212.41
2025-11-26 17:57:09.38642 INFO::Fitting model to feature number 736, metabat_SRR20881983.15_sub
2025-11-26 17:57:09.411572 INFO::Fitting model to feature number 737, metabat_SRR8387677.1_sub
2025-11-26 17:57:09.446205 INFO::Fitting model to feature number 738, metabat_ERR12405915.37
2025-11-26 17:57:09.474869 INFO::Fitting model to feature number 739, metabat_SRR5930498.104
2025-11-26 17:57:09.498949 INFO::Fitting model to feature number 740, maxbin_SRR6000949.071
2025-11-26 17:57:09.525367 INFO::Fitting model to feature number 741, maxbin_SRR16554721.036
2025-11-26 17:57:09.551346 INFO::Fitting model to feature number 742, maxbin_ERR12406001.019
2025-11-26 17:57:09.576938 INFO::Fitting model to feature number 743, metabat_SRR5930508.66
2025-11-26 17:57:09.600935 INFO::Fitting model to feature number 744, metabat_SRR25825496.40
2025-11-26 17:57:09.62676 INFO::Fitting model to feature number 745, metabat_ERR2162206.17
2025-11-26 17:57:09.651361 INFO::Fitting model to feature number 746, metabat_ERR12405944.28_sub
2025-11-26 17:57:09.675998 INFO::Fitting model to feature number 747, maxbin_ERR12405967.017
2025-11-26 17:57:09.700485 INFO::Fitting model to feature number 748, semibin_ERR12405955.92
2025-11-26 17:57:09.728528 INFO::Fitting model to feature number 749, semibin_SRR5930511.23
2025-11-26 17:57:09.755315 INFO::Fitting model to feature number 750, metabat_SRR25825494.29
2025-11-26 17:57:09.780988 INFO::Fitting model to feature number 751, maxbin_SRR16554715.022_sub
2025-11-26 17:57:09.832189 INFO::Fitting model to feature number 752, semibin_SRR5930503.199
2025-11-26 17:57:09.856952 INFO::Fitting model to feature number 753, maxbin_ERR2162201.005
2025-11-26 17:57:09.881909 INFO::Fitting model to feature number 754, maxbin_ERR12405926.036
2025-11-26 17:57:09.907348 INFO::Fitting model to feature number 755, metabat_ERR12405911.26
2025-11-26 17:57:09.931163 INFO::Fitting model to feature number 756, semibin_SRR6000920.16
2025-11-26 17:57:09.955916 INFO::Fitting model to feature number 757, metabat_SRR16554733.8
2025-11-26 17:57:09.981334 INFO::Fitting model to feature number 758, metabat_SRR11413608.104_sub
2025-11-26 17:57:10.006669 INFO::Fitting model to feature number 759, maxbin_SRR16554789.004
2025-11-26 17:57:10.031087 INFO::Fitting model to feature number 760, metabat_SRR13022375.2
2025-11-26 17:57:10.062182 INFO::Fitting model to feature number 761, semibin_ERR12406004.40
2025-11-26 17:57:10.087573 INFO::Fitting model to feature number 762, metabat_SRR16554707.26
2025-11-26 17:57:10.111559 INFO::Fitting model to feature number 763, maxbin_SRR5930494.015_sub
2025-11-26 17:57:10.136799 INFO::Fitting model to feature number 764, metabat_ERR12405920.11_sub
2025-11-26 17:57:10.161257 INFO::Fitting model to feature number 765, semibin_SRR5930527.97
2025-11-26 17:57:10.185159 INFO::Fitting model to feature number 766, metabat_ERR12406003.18
2025-11-26 17:57:10.209497 INFO::Fitting model to feature number 767, semibin_SRR23364193.49_sub
2025-11-26 17:57:10.234866 INFO::Fitting model to feature number 768, metabat_SRR5930506.44_sub
2025-11-26 17:57:10.25877 INFO::Fitting model to feature number 769, semibin_SRR23364199.59
2025-11-26 17:57:10.283198 INFO::Fitting model to feature number 770, semibin_SRR23364227.47
2025-11-26 17:57:10.307892 INFO::Fitting model to feature number 771, metabat_SRR11413645.3
2025-11-26 17:57:10.332214 INFO::Fitting model to feature number 772, semibin_ERR12405974.73
2025-11-26 17:57:10.35602 INFO::Fitting model to feature number 773, maxbin_SRR20881976.003
2025-11-26 17:57:10.380109 INFO::Fitting model to feature number 774, metabat_ERR6282383.6_sub
2025-11-26 17:57:10.410966 INFO::Fitting model to feature number 775, metabat_SRR16554627.12
2025-11-26 17:57:10.435769 INFO::Fitting model to feature number 776, semibin_SRR13022432.11
2025-11-26 17:57:10.461464 INFO::Fitting model to feature number 777, metabat_SRR11413657.82
2025-11-26 17:57:10.486262 INFO::Fitting model to feature number 778, metabat_SRR25825502.19_sub
2025-11-26 17:57:10.530312 INFO::Fitting model to feature number 779, metabat_SRR16554660.12
2025-11-26 17:57:10.560671 INFO::Fitting model to feature number 780, metabat_SRR8387712.29
2025-11-26 17:57:10.584066 INFO::Fitting model to feature number 781, metabat_ERR12406003.42
2025-11-26 17:57:10.608301 INFO::Fitting model to feature number 782, semibin_SRR16554660.75
2025-11-26 17:57:10.631607 INFO::Fitting model to feature number 783, semibin_SRR13022392.16
2025-11-26 17:57:10.656749 INFO::Fitting model to feature number 784, semibin_ERR6279678.42
2025-11-26 17:57:10.681 INFO::Fitting model to feature number 785, semibin_SRR5930529.60
2025-11-26 17:57:10.705769 INFO::Fitting model to feature number 786, metabat_SRR23364187.17_sub
2025-11-26 17:57:10.731 INFO::Fitting model to feature number 787, semibin_SRR11413678.27
2025-11-26 17:57:10.758319 INFO::Fitting model to feature number 788, metabat_SRR5930528.60
2025-11-26 17:57:10.787858 INFO::Fitting model to feature number 789, metabat_SRR25825510.42_sub
2025-11-26 17:57:10.813053 INFO::Fitting model to feature number 790, metabat_SRR25825496.19
2025-11-26 17:57:10.840967 INFO::Fitting model to feature number 791, metabat_ERR12405912.7
2025-11-26 17:57:10.86432 INFO::Fitting model to feature number 792, semibin_SRR8387659.60
2025-11-26 17:57:10.889163 INFO::Fitting model to feature number 793, semibin_ERR2162215.11
2025-11-26 17:57:10.914523 INFO::Fitting model to feature number 794, semibin_ERR12405979.55
2025-11-26 17:57:10.939466 INFO::Fitting model to feature number 795, semibin_SRR11413619.16
2025-11-26 17:57:10.964823 INFO::Fitting model to feature number 796, metabat_SRR5930531.61
2025-11-26 17:57:10.990015 INFO::Fitting model to feature number 797, metabat_SRR16168938.24_sub
2025-11-26 17:57:11.013536 INFO::Fitting model to feature number 798, metabat_ERR12405916.32
2025-11-26 17:57:11.037198 INFO::Fitting model to feature number 799, metabat_SRR11413607.56
2025-11-26 17:57:11.061288 INFO::Fitting model to feature number 800, metabat_ERR2162202.27
2025-11-26 17:57:11.085629 INFO::Fitting model to feature number 801, metabat_ERR2162200.21
2025-11-26 17:57:11.116297 INFO::Fitting model to feature number 802, semibin_SRR16554712.0
2025-11-26 17:57:11.139745 INFO::Fitting model to feature number 803, semibin_SRR11413648.175
2025-11-26 17:57:11.164685 INFO::Fitting model to feature number 804, maxbin_ERR6279657.062_sub
2025-11-26 17:57:11.189291 INFO::Fitting model to feature number 805, semibin_ERR2162202.34
2025-11-26 17:57:11.213571 INFO::Fitting model to feature number 806, semibin_SRR13022375.5
2025-11-26 17:57:11.262936 INFO::Fitting model to feature number 807, semibin_SRR11413649.66
2025-11-26 17:57:11.288786 INFO::Fitting model to feature number 808, metabat_SRR5930503.9_sub
2025-11-26 17:57:11.312865 INFO::Fitting model to feature number 809, metabat_SRR25825502.66
2025-11-26 17:57:11.337892 INFO::Fitting model to feature number 810, semibin_ERR6275673.140
2025-11-26 17:57:11.362229 INFO::Fitting model to feature number 811, maxbin_SRR5930533.038
2025-11-26 17:57:11.3879 INFO::Fitting model to feature number 812, semibin_ERR2162212.116
2025-11-26 17:57:11.41327 INFO::Fitting model to feature number 813, semibin_ERR6279669.86
2025-11-26 17:57:11.438589 INFO::Fitting model to feature number 814, semibin_SRR11413609.20
2025-11-26 17:57:11.474569 INFO::Fitting model to feature number 815, metabat_ERR2162221.49
2025-11-26 17:57:11.506281 INFO::Fitting model to feature number 816, semibin_ERR2162216.86
2025-11-26 17:57:11.532166 INFO::Fitting model to feature number 817, metabat_SRR11413618.74
2025-11-26 17:57:11.557593 INFO::Fitting model to feature number 818, semibin_SRR11413608.70
2025-11-26 17:57:11.582054 INFO::Fitting model to feature number 819, metabat_ERR2162221.56
2025-11-26 17:57:11.606927 INFO::Fitting model to feature number 820, semibin_ERR2162209.4
2025-11-26 17:57:11.633343 INFO::Fitting model to feature number 821, semibin_SRR23364233.61
2025-11-26 17:57:11.657341 INFO::Fitting model to feature number 822, semibin_SRR5930498.20
2025-11-26 17:57:11.682358 INFO::Fitting model to feature number 823, metabat_SRR11413685.29
2025-11-26 17:57:11.706313 INFO::Fitting model to feature number 824, semibin_SRR20881974.85
2025-11-26 17:57:11.731611 INFO::Fitting model to feature number 825, semibin_SRR23364235.6
2025-11-26 17:57:11.767743 INFO::Fitting model to feature number 826, semibin_ERR2162221.14
2025-11-26 17:57:11.793929 INFO::Fitting model to feature number 827, metabat_SRR13068834.6
2025-11-26 17:57:11.818852 INFO::Fitting model to feature number 828, semibin_ERR12405967.93
2025-11-26 17:57:11.842826 INFO::Fitting model to feature number 829, semibin_SRR13068829.205
2025-11-26 17:57:11.866694 INFO::Fitting model to feature number 830, maxbin_SRR23364183.002
2025-11-26 17:57:11.891913 INFO::Fitting model to feature number 831, semibin_SRR16554759.10_sub
2025-11-26 17:57:11.917138 INFO::Fitting model to feature number 832, semibin_ERR12406009.9_sub
2025-11-26 17:57:11.941286 INFO::Fitting model to feature number 833, maxbin_SRR8387659.002
2025-11-26 17:57:11.965664 INFO::Fitting model to feature number 834, semibin_ERR6280907.75
2025-11-26 17:57:12.020869 INFO::Fitting model to feature number 835, metabat_SRR5930532.5
2025-11-26 17:57:12.047877 INFO::Fitting model to feature number 836, semibin_SRR11413690.63
2025-11-26 17:57:12.074175 INFO::Fitting model to feature number 837, maxbin_SRR23364229.004
2025-11-26 17:57:12.098686 INFO::Fitting model to feature number 838, semibin_SRR11413606.50
2025-11-26 17:57:12.123839 INFO::Fitting model to feature number 839, maxbin_ERR6232523.003
2025-11-26 17:57:12.148865 INFO::Fitting model to feature number 840, semibin_ERR6267712.18
2025-11-26 17:57:12.174823 INFO::Fitting model to feature number 841, semibin_SRR5930495.44
2025-11-26 17:57:12.19858 INFO::Fitting model to feature number 842, maxbin_SRR16554752.002
2025-11-26 17:57:12.223582 INFO::Fitting model to feature number 843, metabat_SRR5930498.82
2025-11-26 17:57:12.248865 INFO::Fitting model to feature number 844, semibin_SRR25825510.41_sub
2025-11-26 17:57:12.274267 INFO::Fitting model to feature number 845, semibin_ERR6279674.8
2025-11-26 17:57:12.305606 INFO::Fitting model to feature number 846, maxbin_ERR6281505.022
2025-11-26 17:57:12.331449 INFO::Fitting model to feature number 847, maxbin_ERR6279662.030
2025-11-26 17:57:12.355644 INFO::Fitting model to feature number 848, metabat_SRR16168920.1
2025-11-26 17:57:12.380127 INFO::Fitting model to feature number 849, maxbin_SRR11413648.001
2025-11-26 17:57:12.40547 INFO::Fitting model to feature number 850, metabat_ERR6279625.46
2025-11-26 17:57:12.430544 INFO::Fitting model to feature number 851, semibin_SRR6000903.13
2025-11-26 17:57:12.45548 INFO::Fitting model to feature number 852, maxbin_SRR23364204.024
2025-11-26 17:57:12.480215 INFO::Fitting model to feature number 853, metabat_SRR5930506.9_sub
2025-11-26 17:57:12.505477 INFO::Fitting model to feature number 854, metabat_ERR6243878.23_sub
2025-11-26 17:57:12.529649 INFO::Fitting model to feature number 855, metabat_SRR16168986.5
2025-11-26 17:57:12.557303 INFO::Fitting model to feature number 856, maxbin_ERR6279614.017_sub
2025-11-26 17:57:12.585833 INFO::Fitting model to feature number 857, maxbin_ERR6279679.012
2025-11-26 17:57:12.6092 INFO::Fitting model to feature number 858, semibin_ERR6279668.12
2025-11-26 17:57:12.633771 INFO::Fitting model to feature number 859, metabat_ERR6279677.48_sub
2025-11-26 17:57:12.659499 INFO::Fitting model to feature number 860, semibin_SRR16554652.75
2025-11-26 17:57:12.685057 INFO::Fitting model to feature number 861, maxbin_SRR25825517.033_sub
2025-11-26 17:57:12.708457 INFO::Fitting model to feature number 862, metabat_ERR12405950.7
2025-11-26 17:57:12.753381 INFO::Fitting model to feature number 863, metabat_SRR13068843.53_sub
2025-11-26 17:57:12.777618 INFO::Fitting model to feature number 864, maxbin_ERR6280910.023_sub
2025-11-26 17:57:12.800879 INFO::Fitting model to feature number 865, semibin_SRR11413645.40
2025-11-26 17:57:12.830548 INFO::Fitting model to feature number 866, semibin_SRR11413614.4
2025-11-26 17:57:12.855472 INFO::Fitting model to feature number 867, metabat_ERR6232458.6
2025-11-26 17:57:12.881145 INFO::Fitting model to feature number 868, semibin_SRR11413686.11
2025-11-26 17:57:12.907258 INFO::Fitting model to feature number 869, maxbin_SRR16168920.025
2025-11-26 17:57:12.932206 INFO::Fitting model to feature number 870, metabat_SRR25825508.34_sub
2025-11-26 17:57:12.957934 INFO::Fitting model to feature number 871, semibin_ERR6279661.80
2025-11-26 17:57:12.982387 INFO::Fitting model to feature number 872, metabat_ERR12405928.49
2025-11-26 17:57:13.007812 INFO::Fitting model to feature number 873, maxbin_SRR5930498.027
2025-11-26 17:57:13.032799 INFO::Fitting model to feature number 874, semibin_SRR13022297.24
2025-11-26 17:57:13.056667 INFO::Fitting model to feature number 875, semibin_SRR5930517.113
2025-11-26 17:57:13.080348 INFO::Fitting model to feature number 876, maxbin_SRR13068814.028
2025-11-26 17:57:13.105874 INFO::Fitting model to feature number 877, maxbin_ERR6279659.009_sub
2025-11-26 17:57:13.131893 INFO::Fitting model to feature number 878, maxbin_SRR16554720.002
2025-11-26 17:57:13.156773 INFO::Fitting model to feature number 879, semibin_SRR6000900.14
2025-11-26 17:57:13.187069 INFO::Fitting model to feature number 880, metabat_ERR6279665.25
2025-11-26 17:57:13.212656 INFO::Fitting model to feature number 881, metabat_SRR16168974.17
2025-11-26 17:57:13.238738 INFO::Fitting model to feature number 882, semibin_ERR12405961.27
2025-11-26 17:57:13.263341 INFO::Fitting model to feature number 883, maxbin_ERR6281000.059
2025-11-26 17:57:13.288728 INFO::Fitting model to feature number 884, semibin_SRR5930520.79_sub
2025-11-26 17:57:13.313252 INFO::Fitting model to feature number 885, metabat_SRR6000874.22_sub
2025-11-26 17:57:13.338983 INFO::Fitting model to feature number 886, maxbin_ERR6279673.036
2025-11-26 17:57:13.363763 INFO::Fitting model to feature number 887, metabat_SRR5930516.91
2025-11-26 17:57:13.387801 INFO::Fitting model to feature number 888, metabat_SRR16554652.48
2025-11-26 17:57:13.412454 INFO::Fitting model to feature number 889, metabat_ERR6275663.38
2025-11-26 17:57:13.435773 INFO::Fitting model to feature number 890, semibin_SRR11413614.13
2025-11-26 17:57:13.490463 INFO::Fitting model to feature number 891, semibin_ERR6281434.39
2025-11-26 17:57:13.515591 INFO::Fitting model to feature number 892, semibin_SRR5930532.36
2025-11-26 17:57:13.53989 INFO::Fitting model to feature number 893, metabat_SRR16168976.38
2025-11-26 17:57:13.56655 INFO::Fitting model to feature number 894, semibin_SRR6000891.14
2025-11-26 17:57:13.591973 INFO::Fitting model to feature number 895, semibin_SRR20881976.80
2025-11-26 17:57:13.617393 INFO::Fitting model to feature number 896, semibin_ERR6281448.54
2025-11-26 17:57:13.641406 INFO::Fitting model to feature number 897, maxbin_SRR11413653.009
2025-11-26 17:57:13.666296 INFO::Fitting model to feature number 898, maxbin_SRR11413690.006
2025-11-26 17:57:13.691815 INFO::Fitting model to feature number 899, metabat_SRR13068843.68
2025-11-26 17:57:13.715125 INFO::Fitting model to feature number 900, semibin_ERR6275676.56
2025-11-26 17:57:13.739474 INFO::Fitting model to feature number 901, maxbin_SRR5930515.026_sub
2025-11-26 17:57:13.762771 INFO::Fitting model to feature number 902, maxbin_SRR16168974.016_sub
2025-11-26 17:57:13.787518 INFO::Fitting model to feature number 903, maxbin_SRR5930495.007_sub
2025-11-26 17:57:13.816198 INFO::Fitting model to feature number 904, maxbin_SRR11413687.011
2025-11-26 17:57:13.843582 INFO::Fitting model to feature number 905, metabat_SRR23364171.31
2025-11-26 17:57:13.871185 INFO::Fitting model to feature number 906, metabat_SRR23364216.19_sub
2025-11-26 17:57:13.895069 INFO::Fitting model to feature number 907, metabat_ERR6279626.27
2025-11-26 17:57:13.919834 INFO::Fitting model to feature number 908, semibin_ERR6280910.39
2025-11-26 17:57:13.944764 INFO::Fitting model to feature number 909, maxbin_ERR6231548.005
2025-11-26 17:57:13.969882 INFO::Fitting model to feature number 910, maxbin_SRR16554788.028_sub
2025-11-26 17:57:13.993893 INFO::Fitting model to feature number 911, semibin_SRR5930507.86
2025-11-26 17:57:14.019173 INFO::Fitting model to feature number 912, metabat_SRR16554728.6
2025-11-26 17:57:14.046844 INFO::Fitting model to feature number 913, semibin_SRR16168985.16
2025-11-26 17:57:14.071328 INFO::Fitting model to feature number 914, metabat_SRR25825497.15
2025-11-26 17:57:14.096941 INFO::Fitting model to feature number 915, semibin_ERR2162203.14
2025-11-26 17:57:14.133939 INFO::Fitting model to feature number 916, semibin_SRR11413647.21
2025-11-26 17:57:14.157765 INFO::Fitting model to feature number 917, maxbin_SRR5930510.007_sub
2025-11-26 17:57:14.182506 INFO::Fitting model to feature number 918, semibin_SRR5930528.71
2025-11-26 17:57:14.231184 INFO::Fitting model to feature number 919, metabat_ERR12405979.31
2025-11-26 17:57:14.255346 INFO::Fitting model to feature number 920, maxbin_SRR11413617.028_sub
2025-11-26 17:57:14.279666 INFO::Fitting model to feature number 921, semibin_ERR6275681.3
2025-11-26 17:57:14.303791 INFO::Fitting model to feature number 922, semibin_SRR13022404.15
2025-11-26 17:57:14.328125 INFO::Fitting model to feature number 923, semibin_SRR13068818.12_sub
2025-11-26 17:57:14.353649 INFO::Fitting model to feature number 924, semibin_SRR6000905.76
2025-11-26 17:57:14.377947 INFO::Fitting model to feature number 925, metabat_SRR25825510.56
2025-11-26 17:57:14.406987 INFO::Fitting model to feature number 926, metabat_SRR5930516.94
2025-11-26 17:57:14.437439 INFO::Fitting model to feature number 927, metabat_SRR16554788.7
2025-11-26 17:57:14.467443 INFO::Fitting model to feature number 928, semibin_ERR6279669.82
2025-11-26 17:57:14.490293 INFO::Fitting model to feature number 929, maxbin_SRR16168918.042_sub
2025-11-26 17:57:14.515105 INFO::Fitting model to feature number 930, maxbin_SRR11413646.007
2025-11-26 17:57:14.539868 INFO::Fitting model to feature number 931, metabat_ERR6279654.11
2025-11-26 17:57:14.5639 INFO::Fitting model to feature number 932, metabat_ERR6279619.19_sub
2025-11-26 17:57:14.588115 INFO::Fitting model to feature number 933, metabat_ERR6275652.18
2025-11-26 17:57:14.612728 INFO::Fitting model to feature number 934, semibin_ERR12405920.42
2025-11-26 17:57:14.636972 INFO::Fitting model to feature number 935, semibin_SRR6000908.42_sub
2025-11-26 17:57:14.661789 INFO::Fitting model to feature number 936, semibin_SRR25825513.40
2025-11-26 17:57:14.689356 INFO::Fitting model to feature number 937, metabat_SRR25825505.1
2025-11-26 17:57:14.723019 INFO::Fitting model to feature number 938, semibin_SRR16554773.62
2025-11-26 17:57:14.74829 INFO::Fitting model to feature number 939, metabat_ERR6281000.13
2025-11-26 17:57:14.772113 INFO::Fitting model to feature number 940, metabat_ERR6279661.17
2025-11-26 17:57:14.79702 INFO::Fitting model to feature number 941, maxbin_SRR13068813.004
2025-11-26 17:57:14.819431 INFO::Fitting model to feature number 942, semibin_SRR5930498.70
2025-11-26 17:57:14.843013 INFO::Fitting model to feature number 943, semibin_SRR16554756.28
2025-11-26 17:57:14.867575 INFO::Fitting model to feature number 944, maxbin_SRR16554767.001
2025-11-26 17:57:14.889943 INFO::Fitting model to feature number 945, maxbin_SRR5930494.018
2025-11-26 17:57:14.936982 INFO::Fitting model to feature number 946, metabat_SRR5930534.8_sub
2025-11-26 17:57:14.966203 INFO::Fitting model to feature number 947, semibin_SRR16554643.19
2025-11-26 17:57:14.99689 INFO::Fitting model to feature number 948, metabat_SRR20881981.18
2025-11-26 17:57:15.021138 INFO::Fitting model to feature number 949, metabat_SRR16554653.16
2025-11-26 17:57:15.047141 INFO::Fitting model to feature number 950, metabat_ERR6275678.16
2025-11-26 17:57:15.072875 INFO::Fitting model to feature number 951, metabat_ERR6275677.54
2025-11-26 17:57:15.097726 INFO::Fitting model to feature number 952, metabat_SRR5930509.43
2025-11-26 17:57:15.121629 INFO::Fitting model to feature number 953, semibin_SRR20881980.162
2025-11-26 17:57:15.146016 INFO::Fitting model to feature number 954, semibin_SRR5930536.9
2025-11-26 17:57:15.171709 INFO::Fitting model to feature number 955, maxbin_ERR12405962.006
2025-11-26 17:57:15.194859 INFO::Fitting model to feature number 956, maxbin_ERR6232522.003
2025-11-26 17:57:15.219154 INFO::Fitting model to feature number 957, semibin_SRR11413613.34
2025-11-26 17:57:15.242371 INFO::Fitting model to feature number 958, semibin_ERR6273965.44_sub
2025-11-26 17:57:15.265542 INFO::Fitting model to feature number 959, metabat_ERR6279683.9
2025-11-26 17:57:15.289732 INFO::Fitting model to feature number 960, maxbin_SRR16168941.009_sub
2025-11-26 17:57:15.314132 INFO::Fitting model to feature number 961, maxbin_ERR12405975.009_sub
2025-11-26 17:57:15.346652 INFO::Fitting model to feature number 962, metabat_SRR23364213.66
2025-11-26 17:57:15.371952 INFO::Fitting model to feature number 963, metabat_SRR16168984.8_sub
2025-11-26 17:57:15.399024 INFO::Fitting model to feature number 964, semibin_ERR6279627.38
2025-11-26 17:57:15.424436 INFO::Fitting model to feature number 965, metabat_SRR5930528.116
2025-11-26 17:57:15.448831 INFO::Fitting model to feature number 966, semibin_ERR12405921.38
2025-11-26 17:57:15.474199 INFO::Fitting model to feature number 967, metabat_ERR12405974.29
2025-11-26 17:57:15.498306 INFO::Fitting model to feature number 968, semibin_ERR6279619.56
2025-11-26 17:57:15.523603 INFO::Fitting model to feature number 969, metabat_SRR11413680.4
2025-11-26 17:57:15.548801 INFO::Fitting model to feature number 970, semibin_SRR25825495.18
2025-11-26 17:57:15.572201 INFO::Fitting model to feature number 971, semibin_ERR6279676.4
2025-11-26 17:57:15.595009 INFO::Fitting model to feature number 972, semibin_SRR5930514.44
2025-11-26 17:57:15.619667 INFO::Fitting model to feature number 973, semibin_ERR6232425.9
2025-11-26 17:57:15.66684 INFO::Fitting model to feature number 974, semibin_ERR6279650.29
2025-11-26 17:57:15.696414 INFO::Fitting model to feature number 975, metabat_SRR16554627.10
2025-11-26 17:57:15.722082 INFO::Fitting model to feature number 976, maxbin_ERR6281500.022
2025-11-26 17:57:15.745653 INFO::Fitting model to feature number 977, metabat_SRR13068841.11
2025-11-26 17:57:15.769968 INFO::Fitting model to feature number 978, semibin_SRR5930518.8
2025-11-26 17:57:15.794791 INFO::Fitting model to feature number 979, semibin_ERR12405915.41_sub
2025-11-26 17:57:15.819119 INFO::Fitting model to feature number 980, maxbin_SRR5930512.005_sub
2025-11-26 17:57:15.843511 INFO::Fitting model to feature number 981, semibin_SRR13068843.60_sub
2025-11-26 17:57:15.868922 INFO::Fitting model to feature number 982, maxbin_ERR6279660.006
2025-11-26 17:57:15.892951 INFO::Fitting model to feature number 983, semibin_ERR12406002.2
2025-11-26 17:57:15.920665 INFO::Fitting model to feature number 984, semibin_ERR6279626.75
2025-11-26 17:57:15.951607 INFO::Fitting model to feature number 985, metabat_ERR6279625.36
2025-11-26 17:57:15.979505 INFO::Fitting model to feature number 986, metabat_SRR16168976.72
2025-11-26 17:57:16.003059 INFO::Fitting model to feature number 987, metabat_SRR6000940.3
2025-11-26 17:57:16.028055 INFO::Fitting model to feature number 988, metabat_ERR6279677.5
2025-11-26 17:57:16.053465 INFO::Fitting model to feature number 989, maxbin_SRR11413615.001
2025-11-26 17:57:16.077618 INFO::Fitting model to feature number 990, semibin_SRR16554652.103
2025-11-26 17:57:16.103207 INFO::Fitting model to feature number 991, semibin_SRR11413657.19
2025-11-26 17:57:16.127645 INFO::Fitting model to feature number 992, metabat_SRR25825503.11
2025-11-26 17:57:16.152238 INFO::Fitting model to feature number 993, semibin_SRR16554673.8
2025-11-26 17:57:16.180988 INFO::Fitting model to feature number 994, maxbin_SRR16554751.003
2025-11-26 17:57:16.207708 INFO::Fitting model to feature number 995, maxbin_ERR12405942.013
2025-11-26 17:57:16.235862 INFO::Fitting model to feature number 996, maxbin_ERR6279654.010
2025-11-26 17:57:16.261526 INFO::Fitting model to feature number 997, metabat_ERR6279654.3_sub
2025-11-26 17:57:16.285988 INFO::Fitting model to feature number 998, semibin_SRR5930529.2
2025-11-26 17:57:16.309395 INFO::Fitting model to feature number 999, semibin_ERR12405928.45
2025-11-26 17:57:16.33177 INFO::Fitting model to feature number 1000, maxbin_SRR20881977.005
2025-11-26 17:57:16.356213 INFO::Fitting model to feature number 1001, metabat_ERR6248618.9
2025-11-26 17:57:16.404031 INFO::Fitting model to feature number 1002, maxbin_ERR12405949.018
2025-11-26 17:57:16.429602 INFO::Fitting model to feature number 1003, maxbin_SRR5930501.009
2025-11-26 17:57:16.453404 INFO::Fitting model to feature number 1004, semibin_ERR12405937.35
2025-11-26 17:57:16.4779 INFO::Fitting model to feature number 1005, semibin_SRR16554767.32
2025-11-26 17:57:16.505625 INFO::Fitting model to feature number 1006, metabat_SRR23364174.22
2025-11-26 17:57:16.533739 INFO::Fitting model to feature number 1007, metabat_ERR12405992.29
2025-11-26 17:57:16.559114 INFO::Fitting model to feature number 1008, maxbin_SRR5930514.003
2025-11-26 17:57:16.587073 INFO::Fitting model to feature number 1009, maxbin_ERR6281499.005
2025-11-26 17:57:16.610913 INFO::Fitting model to feature number 1010, metabat_SRR5930498.86
2025-11-26 17:57:16.635428 INFO::Fitting model to feature number 1011, metabat_ERR12405949.35
2025-11-26 17:57:16.659902 INFO::Fitting model to feature number 1012, semibin_SRR11413614.58
2025-11-26 17:57:16.684872 INFO::Fitting model to feature number 1013, metabat_SRR5930523.19
2025-11-26 17:57:16.708171 INFO::Fitting model to feature number 1014, maxbin_ERR6267711.006
2025-11-26 17:57:16.733178 INFO::Fitting model to feature number 1015, semibin_SRR25825500.25
2025-11-26 17:57:16.757477 INFO::Fitting model to feature number 1016, metabat_ERR6279675.42
2025-11-26 17:57:16.78183 INFO::Fitting model to feature number 1017, maxbin_SRR5930506.016_sub
2025-11-26 17:57:16.809132 INFO::Fitting model to feature number 1018, semibin_ERR6279621.6
2025-11-26 17:57:16.837954 INFO::Fitting model to feature number 1019, semibin_SRR11413618.78
2025-11-26 17:57:16.862577 INFO::Fitting model to feature number 1020, maxbin_SRR16168942.005
2025-11-26 17:57:16.889839 INFO::Fitting model to feature number 1021, semibin_ERR12405969.59
2025-11-26 17:57:16.917832 INFO::Fitting model to feature number 1022, semibin_SRR5930514.18
2025-11-26 17:57:16.942744 INFO::Fitting model to feature number 1023, semibin_ERR6275661.76
2025-11-26 17:57:16.967987 INFO::Fitting model to feature number 1024, maxbin_SRR16554639.004
2025-11-26 17:57:16.996233 INFO::Fitting model to feature number 1025, semibin_SRR5930528.176
2025-11-26 17:57:17.021725 INFO::Fitting model to feature number 1026, semibin_ERR12405970.54
2025-11-26 17:57:17.045658 INFO::Fitting model to feature number 1027, metabat_ERR12405940.8
2025-11-26 17:57:17.076367 INFO::Fitting model to feature number 1028, semibin_SRR5930529.29
2025-11-26 17:57:17.10163 INFO::Fitting model to feature number 1029, metabat_SRR25825496.23
2025-11-26 17:57:17.153743 INFO::Fitting model to feature number 1030, semibin_SRR5930533.29
2025-11-26 17:57:17.179137 INFO::Fitting model to feature number 1031, metabat_ERR6279682.1
2025-11-26 17:57:17.206617 INFO::Fitting model to feature number 1032, semibin_SRR16554721.63
2025-11-26 17:57:17.231622 INFO::Fitting model to feature number 1033, metabat_SRR16168974.3
2025-11-26 17:57:17.256802 INFO::Fitting model to feature number 1034, semibin_ERR12406004.33
2025-11-26 17:57:17.280674 INFO::Fitting model to feature number 1035, maxbin_SRR13022436.003
2025-11-26 17:57:17.307281 INFO::Fitting model to feature number 1036, semibin_ERR6232527.15
2025-11-26 17:57:17.330687 INFO::Fitting model to feature number 1037, semibin_SRR23364174.31
2025-11-26 17:57:17.354876 INFO::Fitting model to feature number 1038, maxbin_ERR12405949.005
2025-11-26 17:57:17.379421 INFO::Fitting model to feature number 1039, semibin_ERR12405929.26
2025-11-26 17:57:17.405371 INFO::Fitting model to feature number 1040, semibin_ERR12405993.20
2025-11-26 17:57:17.43024 INFO::Fitting model to feature number 1041, maxbin_ERR12405929.007
2025-11-26 17:57:17.454324 INFO::Fitting model to feature number 1042, semibin_ERR12405968.41
2025-11-26 17:57:17.480278 INFO::Fitting model to feature number 1043, metabat_SRR5930534.33
2025-11-26 17:57:17.505197 INFO::Fitting model to feature number 1044, maxbin_SRR16554647.011_sub
2025-11-26 17:57:17.537393 INFO::Fitting model to feature number 1045, semibin_SRR16554750.10
2025-11-26 17:57:17.562618 INFO::Fitting model to feature number 1046, maxbin_SRR16554718.005
2025-11-26 17:57:17.587951 INFO::Fitting model to feature number 1047, semibin_SRR11413656.22
2025-11-26 17:57:17.615082 INFO::Fitting model to feature number 1048, semibin_SRR23364225.25
2025-11-26 17:57:17.639837 INFO::Fitting model to feature number 1049, metabat_ERR12405955.69
2025-11-26 17:57:17.664517 INFO::Fitting model to feature number 1050, semibin_SRR16554723.44
2025-11-26 17:57:17.689273 INFO::Fitting model to feature number 1051, maxbin_ERR12405924.002
2025-11-26 17:57:17.713534 INFO::Fitting model to feature number 1052, semibin_ERR6281751.6
2025-11-26 17:57:17.738614 INFO::Fitting model to feature number 1053, maxbin_SRR11413649.022
2025-11-26 17:57:17.761161 INFO::Fitting model to feature number 1054, metabat_SRR16554766.13
2025-11-26 17:57:17.785409 INFO::Fitting model to feature number 1055, semibin_ERR12405971.1
2025-11-26 17:57:17.808575 INFO::Fitting model to feature number 1056, metabat_SRR23364240.2
2025-11-26 17:57:17.831364 INFO::Fitting model to feature number 1057, semibin_ERR6281677.29
2025-11-26 17:57:17.890356 INFO::Fitting model to feature number 1058, metabat_SRR16554786.23
2025-11-26 17:57:17.913538 INFO::Fitting model to feature number 1059, semibin_SRR11413654.21
2025-11-26 17:57:17.941901 INFO::Fitting model to feature number 1060, maxbin_SRR11413614.007_sub
2025-11-26 17:57:17.965364 INFO::Fitting model to feature number 1061, metabat_SRR25825495.14
2025-11-26 17:57:17.988834 INFO::Fitting model to feature number 1062, semibin_SRR11413683.194
2025-11-26 17:57:18.013864 INFO::Fitting model to feature number 1063, metabat_SRR25825510.12_sub
2025-11-26 17:57:18.037507 INFO::Fitting model to feature number 1064, semibin_SRR11413692.4
2025-11-26 17:57:18.061411 INFO::Fitting model to feature number 1065, maxbin_SRR23364203.002
2025-11-26 17:57:18.086403 INFO::Fitting model to feature number 1066, maxbin_SRR16168984.014_sub
2025-11-26 17:57:18.109845 INFO::Fitting model to feature number 1067, maxbin_ERR6275659.013_sub
2025-11-26 17:57:18.137879 INFO::Fitting model to feature number 1068, metabat_ERR6281434.55
2025-11-26 17:57:18.162892 INFO::Fitting model to feature number 1069, semibin_ERR6279674.62
2025-11-26 17:57:18.186308 INFO::Fitting model to feature number 1070, metabat_SRR11413654.23
2025-11-26 17:57:18.210371 INFO::Fitting model to feature number 1071, semibin_SRR11413613.2
2025-11-26 17:57:18.235608 INFO::Fitting model to feature number 1072, semibin_ERR6267712.36
2025-11-26 17:57:18.259464 INFO::Fitting model to feature number 1073, metabat_SRR13068816.1
2025-11-26 17:57:18.284912 INFO::Fitting model to feature number 1074, maxbin_SRR16554719.004
2025-11-26 17:57:18.308475 INFO::Fitting model to feature number 1075, maxbin_SRR8387676.006
2025-11-26 17:57:18.332812 INFO::Fitting model to feature number 1076, metabat_SRR23364191.23_sub
2025-11-26 17:57:18.357845 INFO::Fitting model to feature number 1077, semibin_ERR6275666.3
2025-11-26 17:57:18.380441 INFO::Fitting model to feature number 1078, metabat_SRR8387710.43
2025-11-26 17:57:18.402838 INFO::Fitting model to feature number 1079, metabat_SRR23364237.27
2025-11-26 17:57:18.426857 INFO::Fitting model to feature number 1080, semibin_SRR13068827.60
2025-11-26 17:57:18.450512 INFO::Fitting model to feature number 1081, metabat_SRR5930501.14
2025-11-26 17:57:18.476377 INFO::Fitting model to feature number 1082, maxbin_SRR13068845.006_sub
2025-11-26 17:57:18.503217 INFO::Fitting model to feature number 1083, semibin_ERR12405949.11_sub
2025-11-26 17:57:18.526072 INFO::Fitting model to feature number 1084, semibin_SRR5930494.69
2025-11-26 17:57:18.606805 INFO::Fitting model to feature number 1085, semibin_ERR12405958.10
2025-11-26 17:57:18.633213 INFO::Fitting model to feature number 1086, metabat_SRR16554636.2
2025-11-26 17:57:18.656157 INFO::Fitting model to feature number 1087, maxbin_SRR16168975.004
2025-11-26 17:57:18.680598 INFO::Fitting model to feature number 1088, semibin_SRR25825499.74
2025-11-26 17:57:18.705273 INFO::Fitting model to feature number 1089, maxbin_SRR25825518.002
2025-11-26 17:57:18.728765 INFO::Fitting model to feature number 1090, metabat_ERR6281518.58_sub
2025-11-26 17:57:18.753019 INFO::Fitting model to feature number 1091, metabat_SRR13022427.3_sub
2025-11-26 17:57:18.780359 INFO::Fitting model to feature number 1092, semibin_ERR12406003.88
2025-11-26 17:57:18.805499 INFO::Fitting model to feature number 1093, metabat_ERR12405942.51
2025-11-26 17:57:18.833255 INFO::Fitting model to feature number 1094, semibin_SRR11413654.79
2025-11-26 17:57:18.869005 INFO::Fitting model to feature number 1095, semibin_SRR16554679.4
2025-11-26 17:57:18.895595 INFO::Fitting model to feature number 1096, semibin_ERR12405974.119
2025-11-26 17:57:18.924843 INFO::Fitting model to feature number 1097, semibin_SRR20881980.70_sub
2025-11-26 17:57:18.950008 INFO::Fitting model to feature number 1098, maxbin_SRR11413683.001
2025-11-26 17:57:18.973277 INFO::Fitting model to feature number 1099, maxbin_ERR6279625.013_sub
2025-11-26 17:57:18.997745 INFO::Fitting model to feature number 1100, semibin_ERR12405998.4
2025-11-26 17:57:19.023358 INFO::Fitting model to feature number 1101, semibin_SRR11413614.10
2025-11-26 17:57:19.048479 INFO::Fitting model to feature number 1102, metabat_SRR20881977.30
2025-11-26 17:57:19.072694 INFO::Fitting model to feature number 1103, maxbin_ERR12405988.009
2025-11-26 17:57:19.096677 INFO::Fitting model to feature number 1104, maxbin_SRR16554632.002
2025-11-26 17:57:19.123414 INFO::Fitting model to feature number 1105, semibin_SRR25825500.32
2025-11-26 17:57:19.158447 INFO::Fitting model to feature number 1106, metabat_ERR6279652.15_sub
2025-11-26 17:57:19.182454 INFO::Fitting model to feature number 1107, metabat_SRR16554778.4
2025-11-26 17:57:19.208744 INFO::Fitting model to feature number 1108, semibin_ERR6279669.45
2025-11-26 17:57:19.235091 INFO::Fitting model to feature number 1109, metabat_SRR16168930.22_sub
2025-11-26 17:57:19.260155 INFO::Fitting model to feature number 1110, metabat_ERR12405940.22
2025-11-26 17:57:19.285744 INFO::Fitting model to feature number 1111, maxbin_SRR23364231.030_sub
2025-11-26 17:57:19.311103 INFO::Fitting model to feature number 1112, semibin_ERR6281751.11_sub
2025-11-26 17:57:19.358331 INFO::Fitting model to feature number 1113, metabat_SRR16554721.12_sub
2025-11-26 17:57:19.384885 INFO::Fitting model to feature number 1114, metabat_ERR12405957.24
2025-11-26 17:57:19.411566 INFO::Fitting model to feature number 1115, metabat_SRR16554643.13
2025-11-26 17:57:19.441661 INFO::Fitting model to feature number 1116, semibin_ERR6279677.13
2025-11-26 17:57:19.47138 INFO::Fitting model to feature number 1117, maxbin_SRR16554744.003
2025-11-26 17:57:19.497123 INFO::Fitting model to feature number 1118, metabat_ERR12405957.9
2025-11-26 17:57:19.520589 INFO::Fitting model to feature number 1119, metabat_SRR16168942.34
2025-11-26 17:57:19.544353 INFO::Fitting model to feature number 1120, semibin_SRR6000905.32
2025-11-26 17:57:19.568214 INFO::Fitting model to feature number 1121, semibin_ERR6279646.22_sub
2025-11-26 17:57:19.591944 INFO::Fitting model to feature number 1122, semibin_SRR6000947.67
2025-11-26 17:57:19.617025 INFO::Fitting model to feature number 1123, maxbin_ERR6271721.001
2025-11-26 17:57:19.640528 INFO::Fitting model to feature number 1124, semibin_ERR12406004.36
2025-11-26 17:57:19.664967 INFO::Fitting model to feature number 1125, semibin_SRR8387676.49
2025-11-26 17:57:19.690244 INFO::Fitting model to feature number 1126, semibin_SRR13068852.73_sub
2025-11-26 17:57:19.721997 INFO::Fitting model to feature number 1127, metabat_SRR11413608.45
2025-11-26 17:57:19.752983 INFO::Fitting model to feature number 1128, semibin_SRR5930520.95
2025-11-26 17:57:19.781986 INFO::Fitting model to feature number 1129, metabat_SRR23364206.9
2025-11-26 17:57:19.804566 INFO::Fitting model to feature number 1130, metabat_SRR5930499.62
2025-11-26 17:57:19.82894 INFO::Fitting model to feature number 1131, metabat_ERR6275672.30
2025-11-26 17:57:19.853058 INFO::Fitting model to feature number 1132, semibin_ERR6230340.24
2025-11-26 17:57:19.876854 INFO::Fitting model to feature number 1133, semibin_SRR5930532.57
2025-11-26 17:57:19.900215 INFO::Fitting model to feature number 1134, semibin_ERR6279627.7
2025-11-26 17:57:19.923583 INFO::Fitting model to feature number 1135, semibin_SRR25825510.23_sub
2025-11-26 17:57:19.948464 INFO::Fitting model to feature number 1136, maxbin_ERR12405965.008
2025-11-26 17:57:19.972063 INFO::Fitting model to feature number 1137, semibin_ERR6279672.17
2025-11-26 17:57:19.996516 INFO::Fitting model to feature number 1138, maxbin_ERR6257997.018
2025-11-26 17:57:20.031131 INFO::Fitting model to feature number 1139, maxbin_SRR23364192.011_sub
2025-11-26 17:57:20.05489 INFO::Fitting model to feature number 1140, maxbin_ERR6279676.023_sub
2025-11-26 17:57:20.10754 INFO::Fitting model to feature number 1141, semibin_SRR13068839.82
2025-11-26 17:57:20.131991 INFO::Fitting model to feature number 1142, metabat_ERR6275671.44
2025-11-26 17:57:20.158643 INFO::Fitting model to feature number 1143, semibin_ERR6236131.31
2025-11-26 17:57:20.183532 INFO::Fitting model to feature number 1144, metabat_SRR11413681.65_sub
2025-11-26 17:57:20.207489 INFO::Fitting model to feature number 1145, semibin_ERR12405983.41
2025-11-26 17:57:20.233105 INFO::Fitting model to feature number 1146, semibin_SRR20881979.39
2025-11-26 17:57:20.257639 INFO::Fitting model to feature number 1147, metabat_SRR13068822.8
2025-11-26 17:57:20.285614 INFO::Fitting model to feature number 1148, semibin_SRR5930533.15
2025-11-26 17:57:20.321326 INFO::Fitting model to feature number 1149, metabat_SRR16554704.2
2025-11-26 17:57:20.344056 INFO::Fitting model to feature number 1150, semibin_ERR12406000.0
2025-11-26 17:57:20.368893 INFO::Fitting model to feature number 1151, semibin_SRR20881987.25
2025-11-26 17:57:20.393872 INFO::Fitting model to feature number 1152, metabat_SRR23364240.7
2025-11-26 17:57:20.417782 INFO::Fitting model to feature number 1153, metabat_SRR5930498.97
2025-11-26 17:57:20.443916 INFO::Fitting model to feature number 1154, metabat_ERR6232458.9
2025-11-26 17:57:20.469681 INFO::Fitting model to feature number 1155, maxbin_SRR23364175.021_sub
2025-11-26 17:57:20.493788 INFO::Fitting model to feature number 1156, semibin_ERR6281997.36
2025-11-26 17:57:20.518828 INFO::Fitting model to feature number 1157, semibin_SRR11413609.1
2025-11-26 17:57:20.549896 INFO::Fitting model to feature number 1158, semibin_SRR6000894.27
2025-11-26 17:57:20.575658 INFO::Fitting model to feature number 1159, maxbin_SRR5930519.002
2025-11-26 17:57:20.601444 INFO::Fitting model to feature number 1160, semibin_SRR25825500.94
2025-11-26 17:57:20.625692 INFO::Fitting model to feature number 1161, semibin_ERR6279665.27
2025-11-26 17:57:20.650289 INFO::Fitting model to feature number 1162, maxbin_SRR5930517.004
2025-11-26 17:57:20.675351 INFO::Fitting model to feature number 1163, semibin_SRR5930517.103
2025-11-26 17:57:20.699814 INFO::Fitting model to feature number 1164, semibin_SRR16168929.20_sub
2025-11-26 17:57:20.723258 INFO::Fitting model to feature number 1165, semibin_ERR12405992.43
2025-11-26 17:57:20.748295 INFO::Fitting model to feature number 1166, maxbin_SRR5930501.001
2025-11-26 17:57:20.771458 INFO::Fitting model to feature number 1167, maxbin_ERR6275673.039_sub
2025-11-26 17:57:20.795118 INFO::Fitting model to feature number 1168, semibin_SRR11413692.31
2025-11-26 17:57:20.843568 INFO::Fitting model to feature number 1169, maxbin_SRR11413679.012
2025-11-26 17:57:20.871518 INFO::Fitting model to feature number 1170, semibin_SRR13022424.6
2025-11-26 17:57:20.898437 INFO::Fitting model to feature number 1171, metabat_SRR23364171.30
2025-11-26 17:57:20.923838 INFO::Fitting model to feature number 1172, maxbin_SRR8387681.017
2025-11-26 17:57:20.949402 INFO::Fitting model to feature number 1173, semibin_SRR11413687.171
2025-11-26 17:57:20.97352 INFO::Fitting model to feature number 1174, semibin_ERR12405976.23
2025-11-26 17:57:20.99729 INFO::Fitting model to feature number 1175, semibin_SRR13068826.42
2025-11-26 17:57:21.022916 INFO::Fitting model to feature number 1176, maxbin_SRR16554726.001
2025-11-26 17:57:21.046292 INFO::Fitting model to feature number 1177, semibin_ERR6233692.26
2025-11-26 17:57:21.070611 INFO::Fitting model to feature number 1178, metabat_SRR16168929.12
2025-11-26 17:57:21.094763 INFO::Fitting model to feature number 1179, semibin_SRR20881983.19
2025-11-26 17:57:21.118985 INFO::Fitting model to feature number 1180, metabat_ERR6275664.11
2025-11-26 17:57:21.149964 INFO::Fitting model to feature number 1181, semibin_SRR20881976.18_sub
2025-11-26 17:57:21.179528 INFO::Fitting model to feature number 1182, metabat_SRR23364184.7
2025-11-26 17:57:21.210587 INFO::Fitting model to feature number 1183, semibin_SRR5930536.61_sub
2025-11-26 17:57:21.234963 INFO::Fitting model to feature number 1184, metabat_ERR6281432.14
2025-11-26 17:57:21.25923 INFO::Fitting model to feature number 1185, maxbin_SRR11413687.021
2025-11-26 17:57:21.284655 INFO::Fitting model to feature number 1186, semibin_ERR6279646.18
2025-11-26 17:57:21.308291 INFO::Fitting model to feature number 1187, semibin_ERR6239139.3
2025-11-26 17:57:21.334698 INFO::Fitting model to feature number 1188, metabat_ERR6281432.36
2025-11-26 17:57:21.35918 INFO::Fitting model to feature number 1189, metabat_ERR6279667.15
2025-11-26 17:57:21.384373 INFO::Fitting model to feature number 1190, metabat_ERR12405949.18
2025-11-26 17:57:21.410355 INFO::Fitting model to feature number 1191, semibin_SRR23364187.43_sub
2025-11-26 17:57:21.444475 INFO::Fitting model to feature number 1192, semibin_ERR12405973.28
2025-11-26 17:57:21.470333 INFO::Fitting model to feature number 1193, semibin_SRR5930536.76
2025-11-26 17:57:21.497316 INFO::Fitting model to feature number 1194, semibin_SRR25825498.35
2025-11-26 17:57:21.521107 INFO::Fitting model to feature number 1195, metabat_SRR11413618.48
2025-11-26 17:57:21.545616 INFO::Fitting model to feature number 1196, metabat_ERR6275675.18
2025-11-26 17:57:21.593264 INFO::Fitting model to feature number 1197, metabat_ERR6279619.32
2025-11-26 17:57:21.6189 INFO::Fitting model to feature number 1198, semibin_SRR6000900.19
2025-11-26 17:57:21.641503 INFO::Fitting model to feature number 1199, semibin_SRR25825503.23
2025-11-26 17:57:21.665969 INFO::Fitting model to feature number 1200, maxbin_ERR6275675.041_sub
2025-11-26 17:57:21.689863 INFO::Fitting model to feature number 1201, maxbin_SRR16554744.022
2025-11-26 17:57:21.712214 INFO::Fitting model to feature number 1202, semibin_SRR16168918.53
2025-11-26 17:57:21.736963 INFO::Fitting model to feature number 1203, semibin_ERR6279678.48
2025-11-26 17:57:21.765828 INFO::Fitting model to feature number 1204, semibin_SRR16168896.113
2025-11-26 17:57:21.793294 INFO::Fitting model to feature number 1205, metabat_SRR16168943.6
2025-11-26 17:57:21.816848 INFO::Fitting model to feature number 1206, metabat_SRR6000940.18
2025-11-26 17:57:21.841928 INFO::Fitting model to feature number 1207, semibin_SRR6000909.33
2025-11-26 17:57:21.866808 INFO::Fitting model to feature number 1208, maxbin_ERR6281505.009
2025-11-26 17:57:21.890472 INFO::Fitting model to feature number 1209, maxbin_ERR12405996.027
2025-11-26 17:57:21.915531 INFO::Fitting model to feature number 1210, maxbin_SRR25825512.008
2025-11-26 17:57:21.939614 INFO::Fitting model to feature number 1211, metabat_SRR6000893.52
2025-11-26 17:57:21.969221 INFO::Fitting model to feature number 1212, metabat_SRR13022393.14
2025-11-26 17:57:21.995737 INFO::Fitting model to feature number 1213, metabat_ERR12405991.26
2025-11-26 17:57:22.022465 INFO::Fitting model to feature number 1214, semibin_SRR13068851.47
2025-11-26 17:57:22.045887 INFO::Fitting model to feature number 1215, maxbin_ERR6275666.011_sub
2025-11-26 17:57:22.071025 INFO::Fitting model to feature number 1216, metabat_SRR5930534.16
2025-11-26 17:57:22.094168 INFO::Fitting model to feature number 1217, semibin_SRR11413655.121
2025-11-26 17:57:22.119285 INFO::Fitting model to feature number 1218, semibin_ERR12405947.46
2025-11-26 17:57:22.143576 INFO::Fitting model to feature number 1219, semibin_SRR6000899.37
2025-11-26 17:57:22.167786 INFO::Fitting model to feature number 1220, semibin_SRR5930534.11
2025-11-26 17:57:22.192667 INFO::Fitting model to feature number 1221, metabat_SRR13022409.1
2025-11-26 17:57:22.216586 INFO::Fitting model to feature number 1222, semibin_SRR11413609.0
2025-11-26 17:57:22.240012 INFO::Fitting model to feature number 1223, semibin_SRR25825494.13
2025-11-26 17:57:22.264141 INFO::Fitting model to feature number 1224, semibin_ERR12405918.19
2025-11-26 17:57:22.321524 INFO::Fitting model to feature number 1225, metabat_SRR11413679.36
2025-11-26 17:57:22.351198 INFO::Fitting model to feature number 1226, semibin_ERR12405998.20
2025-11-26 17:57:22.374118 INFO::Fitting model to feature number 1227, semibin_ERR12405940.4
2025-11-26 17:57:22.399248 INFO::Fitting model to feature number 1228, maxbin_ERR6271719.005_sub
2025-11-26 17:57:22.422895 INFO::Fitting model to feature number 1229, semibin_SRR8387683.51
2025-11-26 17:57:22.447335 INFO::Fitting model to feature number 1230, maxbin_SRR11413618.048
2025-11-26 17:57:22.472113 INFO::Fitting model to feature number 1231, metabat_ERR6232686.11
2025-11-26 17:57:22.495339 INFO::Fitting model to feature number 1232, metabat_SRR13068850.8
2025-11-26 17:57:22.519505 INFO::Fitting model to feature number 1233, metabat_SRR16168985.46
2025-11-26 17:57:22.543504 INFO::Fitting model to feature number 1234, semibin_ERR6282383.17
2025-11-26 17:57:22.56748 INFO::Fitting model to feature number 1235, semibin_SRR11413646.21
2025-11-26 17:57:22.589414 INFO::Fitting model to feature number 1236, semibin_SRR5930498.62_sub
2025-11-26 17:57:22.627162 INFO::Fitting model to feature number 1237, metabat_SRR5930501.50
2025-11-26 17:57:22.653587 INFO::Fitting model to feature number 1238, maxbin_ERR12405928.007_sub
2025-11-26 17:57:22.67917 INFO::Fitting model to feature number 1239, maxbin_SRR23364240.007
2025-11-26 17:57:22.70293 INFO::Fitting model to feature number 1240, maxbin_ERR12406010.010
2025-11-26 17:57:22.727034 INFO::Fitting model to feature number 1241, maxbin_SRR11413655.007
2025-11-26 17:57:22.752316 INFO::Fitting model to feature number 1242, maxbin_SRR16554774.005
2025-11-26 17:57:22.776356 INFO::Fitting model to feature number 1243, semibin_SRR5930523.43
2025-11-26 17:57:22.800129 INFO::Fitting model to feature number 1244, metabat_ERR12405940.14
2025-11-26 17:57:22.823299 INFO::Fitting model to feature number 1245, metabat_SRR11413614.28
2025-11-26 17:57:22.846218 INFO::Fitting model to feature number 1246, semibin_SRR13068834.14_sub
2025-11-26 17:57:22.870597 INFO::Fitting model to feature number 1247, semibin_SRR25825509.16
2025-11-26 17:57:22.898056 INFO::Fitting model to feature number 1248, metabat_ERR6275665.22_sub
2025-11-26 17:57:22.923373 INFO::Fitting model to feature number 1249, semibin_ERR6279619.36
2025-11-26 17:57:22.951333 INFO::Fitting model to feature number 1250, metabat_SRR11413685.37
2025-11-26 17:57:22.978056 INFO::Fitting model to feature number 1251, semibin_ERR6275666.11
2025-11-26 17:57:23.024763 INFO::Fitting model to feature number 1252, maxbin_ERR2162222.008
2025-11-26 17:57:23.050597 INFO::Fitting model to feature number 1253, maxbin_SRR13068846.008
2025-11-26 17:57:23.076149 INFO::Fitting model to feature number 1254, semibin_SRR16168974.22
2025-11-26 17:57:23.100661 INFO::Fitting model to feature number 1255, semibin_ERR6282070.31
2025-11-26 17:57:23.125015 INFO::Fitting model to feature number 1256, semibin_SRR16554762.18
2025-11-26 17:57:23.150229 INFO::Fitting model to feature number 1257, maxbin_SRR11413655.004
2025-11-26 17:57:23.173882 INFO::Fitting model to feature number 1258, maxbin_SRR20881981.003
2025-11-26 17:57:23.201689 INFO::Fitting model to feature number 1259, metabat_SRR20881977.25_sub
2025-11-26 17:57:23.230441 INFO::Fitting model to feature number 1260, semibin_ERR12405982.7
2025-11-26 17:57:23.255888 INFO::Fitting model to feature number 1261, semibin_SRR20881984.71
2025-11-26 17:57:23.282379 INFO::Fitting model to feature number 1262, metabat_SRR20881980.15_sub
2025-11-26 17:57:23.31282 INFO::Fitting model to feature number 1263, metabat_ERR6275675.41
2025-11-26 17:57:23.335582 INFO::Fitting model to feature number 1264, metabat_SRR5930526.60_sub
2025-11-26 17:57:23.361743 INFO::Fitting model to feature number 1265, semibin_ERR12405952.12
2025-11-26 17:57:23.387151 INFO::Fitting model to feature number 1266, metabat_ERR12405967.50
2025-11-26 17:57:23.412505 INFO::Fitting model to feature number 1267, semibin_ERR6232521.17
2025-11-26 17:57:23.438637 INFO::Fitting model to feature number 1268, semibin_SRR11413684.68
2025-11-26 17:57:23.463505 INFO::Fitting model to feature number 1269, metabat_SRR20881974.5
2025-11-26 17:57:23.486966 INFO::Fitting model to feature number 1270, maxbin_SRR25825495.015_sub
2025-11-26 17:57:23.511067 INFO::Fitting model to feature number 1271, metabat_SRR8387681.3
2025-11-26 17:57:23.535182 INFO::Fitting model to feature number 1272, metabat_SRR11413689.19
2025-11-26 17:57:23.565566 INFO::Fitting model to feature number 1273, metabat_ERR6279664.50
2025-11-26 17:57:23.59106 INFO::Fitting model to feature number 1274, metabat_SRR16554652.36_sub
2025-11-26 17:57:23.617916 INFO::Fitting model to feature number 1275, metabat_SRR16554749.32
2025-11-26 17:57:23.643178 INFO::Fitting model to feature number 1276, semibin_SRR8387707.12
2025-11-26 17:57:23.666261 INFO::Fitting model to feature number 1277, maxbin_ERR12405986.012
2025-11-26 17:57:23.689631 INFO::Fitting model to feature number 1278, metabat_SRR20881976.34_sub
2025-11-26 17:57:23.714228 INFO::Fitting model to feature number 1279, semibin_ERR6279677.59_sub
2025-11-26 17:57:23.760501 INFO::Fitting model to feature number 1280, metabat_SRR5930515.8
2025-11-26 17:57:23.785378 INFO::Fitting model to feature number 1281, maxbin_SRR5930517.016_sub
2025-11-26 17:57:23.810224 INFO::Fitting model to feature number 1282, semibin_SRR8387691.37
2025-11-26 17:57:23.834792 INFO::Fitting model to feature number 1283, semibin_SRR6000946.20_sub
2025-11-26 17:57:23.875197 INFO::Fitting model to feature number 1284, semibin_ERR12405952.2
2025-11-26 17:57:23.899902 INFO::Fitting model to feature number 1285, maxbin_SRR13068822.004
2025-11-26 17:57:23.925103 INFO::Fitting model to feature number 1286, semibin_SRR5930510.20_sub
2025-11-26 17:57:23.948534 INFO::Fitting model to feature number 1287, semibin_ERR12405997.60
2025-11-26 17:57:23.974798 INFO::Fitting model to feature number 1288, semibin_ERR6232688.10
2025-11-26 17:57:23.997959 INFO::Fitting model to feature number 1289, metabat_SRR16554724.5
2025-11-26 17:57:24.021457 INFO::Fitting model to feature number 1290, maxbin_ERR6275670.004
2025-11-26 17:57:24.044947 INFO::Fitting model to feature number 1291, metabat_SRR16554636.19
2025-11-26 17:57:24.067972 INFO::Fitting model to feature number 1292, maxbin_SRR11413686.007
2025-11-26 17:57:24.094481 INFO::Fitting model to feature number 1293, maxbin_SRR16554667.012
2025-11-26 17:57:24.121665 INFO::Fitting model to feature number 1294, semibin_ERR12405937.0_sub
2025-11-26 17:57:24.145949 INFO::Fitting model to feature number 1295, maxbin_SRR20881977.008
2025-11-26 17:57:24.170991 INFO::Fitting model to feature number 1296, maxbin_SRR16554749.005
2025-11-26 17:57:24.195625 INFO::Fitting model to feature number 1297, metabat_SRR13068824.46
2025-11-26 17:57:24.220337 INFO::Fitting model to feature number 1298, metabat_ERR12405967.21
2025-11-26 17:57:24.243712 INFO::Fitting model to feature number 1299, semibin_SRR16554647.24
2025-11-26 17:57:24.268265 INFO::Fitting model to feature number 1300, metabat_SRR20881980.9_sub
2025-11-26 17:57:24.29405 INFO::Fitting model to feature number 1301, semibin_SRR25825504.54
2025-11-26 17:57:24.318236 INFO::Fitting model to feature number 1302, semibin_SRR23364172.8_sub
2025-11-26 17:57:24.343122 INFO::Fitting model to feature number 1303, maxbin_ERR12405998.016_sub
2025-11-26 17:57:24.367671 INFO::Fitting model to feature number 1304, metabat_ERR12405961.20_sub
2025-11-26 17:57:24.39352 INFO::Fitting model to feature number 1305, semibin_SRR5930510.47_sub
2025-11-26 17:57:24.418066 INFO::Fitting model to feature number 1306, metabat_ERR6281341.65
2025-11-26 17:57:24.442095 INFO::Fitting model to feature number 1307, semibin_SRR5930518.165_sub
2025-11-26 17:57:24.500411 INFO::Fitting model to feature number 1308, semibin_SRR11413652.29
2025-11-26 17:57:24.524131 INFO::Fitting model to feature number 1309, maxbin_SRR8387676.033_sub
2025-11-26 17:57:24.549493 INFO::Fitting model to feature number 1310, metabat_SRR16554749.2
2025-11-26 17:57:24.57303 INFO::Fitting model to feature number 1311, semibin_SRR11413612.43_sub
2025-11-26 17:57:24.597754 INFO::Fitting model to feature number 1312, maxbin_SRR16554766.008
2025-11-26 17:57:24.621657 INFO::Fitting model to feature number 1313, metabat_SRR20881976.14
2025-11-26 17:57:24.645345 INFO::Fitting model to feature number 1314, metabat_SRR25825502.64
2025-11-26 17:57:24.670195 INFO::Fitting model to feature number 1315, metabat_SRR5930515.56
2025-11-26 17:57:24.692692 INFO::Fitting model to feature number 1316, metabat_ERR12405913.30
2025-11-26 17:57:24.717437 INFO::Fitting model to feature number 1317, metabat_SRR16554665.11
2025-11-26 17:57:24.740802 INFO::Fitting model to feature number 1318, maxbin_SRR25825495.001
2025-11-26 17:57:24.765488 INFO::Fitting model to feature number 1319, semibin_SRR11413652.75
2025-11-26 17:57:24.790151 INFO::Fitting model to feature number 1320, metabat_SRR13022331.11
2025-11-26 17:57:24.813953 INFO::Fitting model to feature number 1321, metabat_SRR16168926.8
2025-11-26 17:57:24.837599 INFO::Fitting model to feature number 1322, semibin_ERR6235716.2
2025-11-26 17:57:24.870197 INFO::Fitting model to feature number 1323, metabat_SRR16554638.9
2025-11-26 17:57:24.894012 INFO::Fitting model to feature number 1324, semibin_SRR5930498.69
2025-11-26 17:57:24.921487 INFO::Fitting model to feature number 1325, maxbin_ERR6279620.003
2025-11-26 17:57:24.945226 INFO::Fitting model to feature number 1326, metabat_SRR16554627.25
2025-11-26 17:57:24.969067 INFO::Fitting model to feature number 1327, maxbin_SRR5930534.011
2025-11-26 17:57:24.993217 INFO::Fitting model to feature number 1328, metabat_SRR5930530.66
2025-11-26 17:57:25.017857 INFO::Fitting model to feature number 1329, semibin_SRR5930504.41
2025-11-26 17:57:25.042006 INFO::Fitting model to feature number 1330, maxbin_SRR13068838.005
2025-11-26 17:57:25.067148 INFO::Fitting model to feature number 1331, maxbin_SRR23364177.015
2025-11-26 17:57:25.090892 INFO::Fitting model to feature number 1332, metabat_SRR16554780.7_sub
2025-11-26 17:57:25.114189 INFO::Fitting model to feature number 1333, metabat_SRR20881979.28
2025-11-26 17:57:25.142277 INFO::Fitting model to feature number 1334, metabat_ERR6279654.19
2025-11-26 17:57:25.168291 INFO::Fitting model to feature number 1335, maxbin_SRR11413607.012
2025-11-26 17:57:25.215507 INFO::Fitting model to feature number 1336, maxbin_SRR13068823.001
2025-11-26 17:57:25.241297 INFO::Fitting model to feature number 1337, semibin_ERR12405998.55
2025-11-26 17:57:25.266313 INFO::Fitting model to feature number 1338, semibin_ERR6233695.19
2025-11-26 17:57:25.290565 INFO::Fitting model to feature number 1339, semibin_SRR16168986.51
2025-11-26 17:57:25.314242 INFO::Fitting model to feature number 1340, semibin_ERR6279656.46
2025-11-26 17:57:25.33775 INFO::Fitting model to feature number 1341, semibin_SRR5930507.158
2025-11-26 17:57:25.361445 INFO::Fitting model to feature number 1342, maxbin_SRR11413615.008
2025-11-26 17:57:25.386136 INFO::Fitting model to feature number 1343, semibin_SRR11413608.52
2025-11-26 17:57:25.409703 INFO::Fitting model to feature number 1344, metabat_ERR12405922.1
2025-11-26 17:57:25.434966 INFO::Fitting model to feature number 1345, metabat_SRR16554650.26
2025-11-26 17:57:25.468008 INFO::Fitting model to feature number 1346, metabat_SRR11413610.67
2025-11-26 17:57:25.490202 INFO::Fitting model to feature number 1347, metabat_SRR5930532.1_sub
2025-11-26 17:57:25.518577 INFO::Fitting model to feature number 1348, semibin_ERR6271719.38
2025-11-26 17:57:25.540931 INFO::Fitting model to feature number 1349, maxbin_ERR6279682.017
2025-11-26 17:57:25.566595 INFO::Fitting model to feature number 1350, metabat_SRR13068840.4
2025-11-26 17:57:25.591373 INFO::Fitting model to feature number 1351, semibin_SRR8387712.33
2025-11-26 17:57:25.616687 INFO::Fitting model to feature number 1352, maxbin_ERR6279679.046
2025-11-26 17:57:25.641135 INFO::Fitting model to feature number 1353, maxbin_ERR6279678.007
2025-11-26 17:57:25.665748 INFO::Fitting model to feature number 1354, semibin_SRR5930502.38
2025-11-26 17:57:25.690928 INFO::Fitting model to feature number 1355, maxbin_ERR12405913.017
2025-11-26 17:57:25.729555 INFO::Fitting model to feature number 1356, semibin_SRR25825505.11
2025-11-26 17:57:25.752481 INFO::Fitting model to feature number 1357, metabat_ERR6279674.8_sub
2025-11-26 17:57:25.782041 INFO::Fitting model to feature number 1358, semibin_SRR11413613.43
2025-11-26 17:57:25.804492 INFO::Fitting model to feature number 1359, semibin_SRR16168900.48
2025-11-26 17:57:25.829499 INFO::Fitting model to feature number 1360, semibin_SRR6000903.16
2025-11-26 17:57:25.85437 INFO::Fitting model to feature number 1361, metabat_SRR13068828.35
2025-11-26 17:57:25.877817 INFO::Fitting model to feature number 1362, metabat_SRR25825493.23
2025-11-26 17:57:25.903329 INFO::Fitting model to feature number 1363, maxbin_ERR12406003.005
2025-11-26 17:57:25.953237 INFO::Fitting model to feature number 1364, semibin_SRR11413611.89
2025-11-26 17:57:25.989664 INFO::Fitting model to feature number 1365, metabat_SRR13068834.12
2025-11-26 17:57:26.013239 INFO::Fitting model to feature number 1366, semibin_ERR6279670.187
2025-11-26 17:57:26.03841 INFO::Fitting model to feature number 1367, maxbin_ERR6279654.009_sub
2025-11-26 17:57:26.063674 INFO::Fitting model to feature number 1368, metabat_SRR6000908.20
2025-11-26 17:57:26.088655 INFO::Fitting model to feature number 1369, maxbin_SRR20881977.021
2025-11-26 17:57:26.112084 INFO::Fitting model to feature number 1370, semibin_SRR20881978.16
2025-11-26 17:57:26.135292 INFO::Fitting model to feature number 1371, maxbin_ERR12405948.006
2025-11-26 17:57:26.158958 INFO::Fitting model to feature number 1372, semibin_ERR12405968.34
2025-11-26 17:57:26.183428 INFO::Fitting model to feature number 1373, semibin_SRR11413683.123
2025-11-26 17:57:26.20656 INFO::Fitting model to feature number 1374, maxbin_SRR13068842.001
2025-11-26 17:57:26.229292 INFO::Fitting model to feature number 1375, maxbin_SRR5930531.010
2025-11-26 17:57:26.254416 INFO::Fitting model to feature number 1376, metabat_ERR6280899.76
2025-11-26 17:57:26.277143 INFO::Fitting model to feature number 1377, metabat_SRR13068815.24
2025-11-26 17:57:26.300946 INFO::Fitting model to feature number 1378, semibin_ERR12405966.12
2025-11-26 17:57:26.326085 INFO::Fitting model to feature number 1379, semibin_SRR11413648.37
2025-11-26 17:57:26.354577 INFO::Fitting model to feature number 1380, semibin_SRR13068827.108
2025-11-26 17:57:26.379449 INFO::Fitting model to feature number 1381, maxbin_SRR13068823.022_sub
2025-11-26 17:57:26.405131 INFO::Fitting model to feature number 1382, semibin_SRR11413688.26
2025-11-26 17:57:26.430336 INFO::Fitting model to feature number 1383, metabat_SRR16554681.16
2025-11-26 17:57:26.454748 INFO::Fitting model to feature number 1384, semibin_ERR12405928.63
2025-11-26 17:57:26.478016 INFO::Fitting model to feature number 1385, semibin_SRR16554681.22
2025-11-26 17:57:26.502324 INFO::Fitting model to feature number 1386, metabat_SRR13022432.6
2025-11-26 17:57:26.525238 INFO::Fitting model to feature number 1387, semibin_SRR11413681.27
2025-11-26 17:57:26.550034 INFO::Fitting model to feature number 1388, semibin_ERR12406001.48
2025-11-26 17:57:26.573016 INFO::Fitting model to feature number 1389, metabat_SRR16554631.3
2025-11-26 17:57:26.596848 INFO::Fitting model to feature number 1390, maxbin_SRR6000892.009
2025-11-26 17:57:26.638392 INFO::Fitting model to feature number 1391, semibin_ERR12405992.57
2025-11-26 17:57:26.674867 INFO::Fitting model to feature number 1392, metabat_SRR25825501.63
2025-11-26 17:57:26.701748 INFO::Fitting model to feature number 1393, metabat_SRR23364202.16
2025-11-26 17:57:26.726505 INFO::Fitting model to feature number 1394, metabat_SRR11413649.53_sub
2025-11-26 17:57:26.750111 INFO::Fitting model to feature number 1395, metabat_SRR25825502.47
2025-11-26 17:57:26.774559 INFO::Fitting model to feature number 1396, semibin_SRR16554630.22
2025-11-26 17:57:26.799385 INFO::Fitting model to feature number 1397, semibin_ERR12405973.32
2025-11-26 17:57:26.822969 INFO::Fitting model to feature number 1398, semibin_SRR13068816.17_sub
2025-11-26 17:57:26.847675 INFO::Fitting model to feature number 1399, metabat_ERR6275671.17_sub
2025-11-26 17:57:26.870819 INFO::Fitting model to feature number 1400, semibin_ERR12405979.43_sub
2025-11-26 17:57:26.89508 INFO::Fitting model to feature number 1401, semibin_SRR13068829.41
2025-11-26 17:57:26.927028 INFO::Fitting model to feature number 1402, semibin_SRR8387681.97
2025-11-26 17:57:26.952603 INFO::Fitting model to feature number 1403, semibin_SRR13068822.60
2025-11-26 17:57:26.977883 INFO::Fitting model to feature number 1404, semibin_ERR6279649.25
2025-11-26 17:57:27.00404 INFO::Fitting model to feature number 1405, semibin_ERR12405916.52
2025-11-26 17:57:27.029082 INFO::Fitting model to feature number 1406, metabat_SRR8387683.37
2025-11-26 17:57:27.054488 INFO::Fitting model to feature number 1407, semibin_ERR6279669.146
2025-11-26 17:57:27.078602 INFO::Fitting model to feature number 1408, maxbin_SRR16554769.014_sub
2025-11-26 17:57:27.104445 INFO::Fitting model to feature number 1409, maxbin_ERR12406005.003
2025-11-26 17:57:27.128094 INFO::Fitting model to feature number 1410, maxbin_SRR5930493.011
2025-11-26 17:57:27.152611 INFO::Fitting model to feature number 1411, metabat_SRR13068852.52
2025-11-26 17:57:27.176086 INFO::Fitting model to feature number 1412, metabat_SRR5930519.9
2025-11-26 17:57:27.198587 INFO::Fitting model to feature number 1413, semibin_SRR6000907.58
2025-11-26 17:57:27.223164 INFO::Fitting model to feature number 1414, semibin_SRR13068813.2
2025-11-26 17:57:27.255064 INFO::Fitting model to feature number 1415, semibin_SRR11413610.13
2025-11-26 17:57:27.27899 INFO::Fitting model to feature number 1416, metabat_SRR5930527.17
2025-11-26 17:57:27.304392 INFO::Fitting model to feature number 1417, semibin_SRR5930508.186
2025-11-26 17:57:27.328737 INFO::Fitting model to feature number 1418, metabat_SRR13068843.54
2025-11-26 17:57:27.369877 INFO::Fitting model to feature number 1419, metabat_ERR12405984.6
2025-11-26 17:57:27.395011 INFO::Fitting model to feature number 1420, metabat_ERR6281341.18_sub
2025-11-26 17:57:27.418171 INFO::Fitting model to feature number 1421, metabat_SRR5930536.61_sub
2025-11-26 17:57:27.442735 INFO::Fitting model to feature number 1422, maxbin_SRR20881983.026_sub
2025-11-26 17:57:27.466482 INFO::Fitting model to feature number 1423, maxbin_SRR11413691.019
2025-11-26 17:57:27.490868 INFO::Fitting model to feature number 1424, semibin_SRR8387683.9
2025-11-26 17:57:27.515494 INFO::Fitting model to feature number 1425, semibin_ERR12405918.22
2025-11-26 17:57:27.538861 INFO::Fitting model to feature number 1426, maxbin_SRR16168976.016_sub
2025-11-26 17:57:27.563779 INFO::Fitting model to feature number 1427, semibin_ERR6281343.49
2025-11-26 17:57:27.597734 INFO::Fitting model to feature number 1428, semibin_SRR11413612.49
2025-11-26 17:57:27.620487 INFO::Fitting model to feature number 1429, semibin_SRR20881979.2
2025-11-26 17:57:27.644916 INFO::Fitting model to feature number 1430, semibin_SRR11413654.34
2025-11-26 17:57:27.669453 INFO::Fitting model to feature number 1431, metabat_SRR16554728.7
2025-11-26 17:57:27.694814 INFO::Fitting model to feature number 1432, semibin_SRR5930527.102_sub
2025-11-26 17:57:27.718718 INFO::Fitting model to feature number 1433, semibin_SRR5930518.29
2025-11-26 17:57:27.74273 INFO::Fitting model to feature number 1434, semibin_ERR6233694.18
2025-11-26 17:57:27.765887 INFO::Fitting model to feature number 1435, semibin_ERR12405920.23
2025-11-26 17:57:27.789621 INFO::Fitting model to feature number 1436, semibin_ERR6279629.17
2025-11-26 17:57:27.814781 INFO::Fitting model to feature number 1437, maxbin_SRR16554787.013
2025-11-26 17:57:27.838163 INFO::Fitting model to feature number 1438, metabat_ERR6232526.9
2025-11-26 17:57:27.862619 INFO::Fitting model to feature number 1439, semibin_ERR6279659.15
2025-11-26 17:57:27.885947 INFO::Fitting model to feature number 1440, metabat_SRR11413689.56
2025-11-26 17:57:27.907868 INFO::Fitting model to feature number 1441, maxbin_ERR6235718.012
2025-11-26 17:57:27.93984 INFO::Fitting model to feature number 1442, metabat_SRR5930503.76
2025-11-26 17:57:27.963182 INFO::Fitting model to feature number 1443, metabat_SRR20881986.9_sub
2025-11-26 17:57:27.98784 INFO::Fitting model to feature number 1444, metabat_ERR6275659.2
2025-11-26 17:57:28.012808 INFO::Fitting model to feature number 1445, maxbin_SRR6000912.014
2025-11-26 17:57:28.036907 INFO::Fitting model to feature number 1446, metabat_SRR5930511.29_sub
2025-11-26 17:57:28.083757 INFO::Fitting model to feature number 1447, maxbin_SRR13068835.009
2025-11-26 17:57:28.108409 INFO::Fitting model to feature number 1448, metabat_ERR6243880.58
2025-11-26 17:57:28.13205 INFO::Fitting model to feature number 1449, metabat_ERR6271721.70
2025-11-26 17:57:28.157045 INFO::Fitting model to feature number 1450, metabat_ERR6281000.76_sub
2025-11-26 17:57:28.180428 INFO::Fitting model to feature number 1451, metabat_SRR16554771.7_sub
2025-11-26 17:57:28.205642 INFO::Fitting model to feature number 1452, semibin_ERR12405983.42
2025-11-26 17:57:28.229534 INFO::Fitting model to feature number 1453, semibin_ERR12405992.1
2025-11-26 17:57:28.253169 INFO::Fitting model to feature number 1454, maxbin_SRR16554785.015
2025-11-26 17:57:28.284991 INFO::Fitting model to feature number 1455, metabat_ERR6275666.56
2025-11-26 17:57:28.306992 INFO::Fitting model to feature number 1456, metabat_SRR11413611.38
2025-11-26 17:57:28.331792 INFO::Fitting model to feature number 1457, semibin_SRR11413683.16
2025-11-26 17:57:28.354389 INFO::Fitting model to feature number 1458, metabat_SRR25825500.41_sub
2025-11-26 17:57:28.381575 INFO::Fitting model to feature number 1459, semibin_SRR5930526.142
2025-11-26 17:57:28.403974 INFO::Fitting model to feature number 1460, semibin_SRR11413645.160
2025-11-26 17:57:28.428488 INFO::Fitting model to feature number 1461, metabat_SRR13068845.7_sub
2025-11-26 17:57:28.452863 INFO::Fitting model to feature number 1462, semibin_ERR6267712.33
2025-11-26 17:57:28.476997 INFO::Fitting model to feature number 1463, semibin_SRR13068843.42_sub
2025-11-26 17:57:28.50166 INFO::Fitting model to feature number 1464, maxbin_ERR6279657.031_sub
2025-11-26 17:57:28.523901 INFO::Fitting model to feature number 1465, semibin_SRR5930507.83_sub
2025-11-26 17:57:28.548434 INFO::Fitting model to feature number 1466, semibin_SRR5930532.79
2025-11-26 17:57:28.570913 INFO::Fitting model to feature number 1467, metabat_SRR11413684.26
2025-11-26 17:57:28.595175 INFO::Fitting model to feature number 1468, metabat_SRR25825505.39
2025-11-26 17:57:28.624779 INFO::Fitting model to feature number 1469, maxbin_SRR16554754.006
2025-11-26 17:57:28.65047 INFO::Fitting model to feature number 1470, semibin_SRR5930528.15
2025-11-26 17:57:28.67645 INFO::Fitting model to feature number 1471, semibin_ERR12405945.16
2025-11-26 17:57:28.700634 INFO::Fitting model to feature number 1472, metabat_ERR12405997.40_sub
2025-11-26 17:57:28.724595 INFO::Fitting model to feature number 1473, semibin_SRR5930520.41
2025-11-26 17:57:28.747753 INFO::Fitting model to feature number 1474, semibin_SRR13068835.130
2025-11-26 17:57:28.794795 INFO::Fitting model to feature number 1475, semibin_SRR11413647.44
2025-11-26 17:57:28.819818 INFO::Fitting model to feature number 1476, semibin_SRR13022436.17
2025-11-26 17:57:28.843307 INFO::Fitting model to feature number 1477, metabat_ERR6279676.12
2025-11-26 17:57:28.86822 INFO::Fitting model to feature number 1478, semibin_SRR5930516.11_sub
2025-11-26 17:57:28.893235 INFO::Fitting model to feature number 1479, semibin_ERR6279624.16
2025-11-26 17:57:28.920823 INFO::Fitting model to feature number 1480, semibin_SRR5930532.161
2025-11-26 17:57:28.949082 INFO::Fitting model to feature number 1481, maxbin_SRR23364204.002_sub
2025-11-26 17:57:28.972576 INFO::Fitting model to feature number 1482, maxbin_SRR16554764.017
2025-11-26 17:57:28.999346 INFO::Fitting model to feature number 1483, metabat_ERR6279664.26
2025-11-26 17:57:29.024003 INFO::Fitting model to feature number 1484, metabat_SRR13022254.6
2025-11-26 17:57:29.047346 INFO::Fitting model to feature number 1485, metabat_SRR16554757.24
2025-11-26 17:57:29.070868 INFO::Fitting model to feature number 1486, semibin_SRR13068847.101
2025-11-26 17:57:29.093827 INFO::Fitting model to feature number 1487, metabat_SRR5930511.52
2025-11-26 17:57:29.116068 INFO::Fitting model to feature number 1488, semibin_ERR12405920.20
2025-11-26 17:57:29.141549 INFO::Fitting model to feature number 1489, semibin_SRR23364221.0
2025-11-26 17:57:29.165439 INFO::Fitting model to feature number 1490, semibin_SRR5930506.83
2025-11-26 17:57:29.189209 INFO::Fitting model to feature number 1491, maxbin_SRR11413691.014
2025-11-26 17:57:29.212754 INFO::Fitting model to feature number 1492, semibin_SRR16168942.58
2025-11-26 17:57:29.236344 INFO::Fitting model to feature number 1493, metabat_ERR6279666.8
2025-11-26 17:57:29.283079 INFO::Fitting model to feature number 1494, metabat_ERR6279657.34
2025-11-26 17:57:29.31297 INFO::Fitting model to feature number 1495, maxbin_SRR20881988.013
2025-11-26 17:57:29.335256 INFO::Fitting model to feature number 1496, semibin_ERR12406013.72
2025-11-26 17:57:29.360817 INFO::Fitting model to feature number 1497, semibin_SRR16554766.42
2025-11-26 17:57:29.386165 INFO::Fitting model to feature number 1498, semibin_SRR13068825.28
2025-11-26 17:57:29.411221 INFO::Fitting model to feature number 1499, semibin_ERR6279622.41
2025-11-26 17:57:29.435817 INFO::Fitting model to feature number 1500, metabat_ERR12405910.29
2025-11-26 17:57:29.458213 INFO::Fitting model to feature number 1501, maxbin_SRR5930493.033_sub
2025-11-26 17:57:29.499918 INFO::Fitting model to feature number 1502, maxbin_SRR20881979.002
2025-11-26 17:57:29.528507 INFO::Fitting model to feature number 1503, semibin_SRR20881987.31
2025-11-26 17:57:29.558689 INFO::Fitting model to feature number 1504, metabat_ERR6279681.38
2025-11-26 17:57:29.583901 INFO::Fitting model to feature number 1505, metabat_SRR25825499.38
2025-11-26 17:57:29.608093 INFO::Fitting model to feature number 1506, semibin_ERR12405995.2
2025-11-26 17:57:29.637388 INFO::Fitting model to feature number 1507, semibin_SRR16554664.19
2025-11-26 17:57:29.6617 INFO::Fitting model to feature number 1508, semibin_ERR12405959.85
2025-11-26 17:57:29.686787 INFO::Fitting model to feature number 1509, maxbin_ERR12405911.018
2025-11-26 17:57:29.710857 INFO::Fitting model to feature number 1510, maxbin_SRR5930529.023_sub
2025-11-26 17:57:29.735542 INFO::Fitting model to feature number 1511, maxbin_SRR11413686.009_sub
2025-11-26 17:57:29.760319 INFO::Fitting model to feature number 1512, maxbin_SRR11413610.003
2025-11-26 17:57:29.785223 INFO::Fitting model to feature number 1513, semibin_SRR11413692.10_sub
2025-11-26 17:57:29.807994 INFO::Fitting model to feature number 1514, semibin_SRR11413617.99
2025-11-26 17:57:29.832809 INFO::Fitting model to feature number 1515, semibin_SRR5930493.92
2025-11-26 17:57:29.856511 INFO::Fitting model to feature number 1516, semibin_SRR11413606.56
2025-11-26 17:57:29.878758 INFO::Fitting model to feature number 1517, semibin_SRR6000920.93
2025-11-26 17:57:29.916072 INFO::Fitting model to feature number 1518, metabat_SRR6000902.41_sub
2025-11-26 17:57:29.939368 INFO::Fitting model to feature number 1519, metabat_ERR6281751.21
2025-11-26 17:57:29.964313 INFO::Fitting model to feature number 1520, semibin_ERR12405910.1
2025-11-26 17:57:29.990051 INFO::Fitting model to feature number 1521, maxbin_SRR23364202.013_sub
2025-11-26 17:57:30.014282 INFO::Fitting model to feature number 1522, maxbin_SRR11413685.021
2025-11-26 17:57:30.038025 INFO::Fitting model to feature number 1523, maxbin_SRR5930514.007
2025-11-26 17:57:30.061342 INFO::Fitting model to feature number 1524, semibin_SRR16168941.28
2025-11-26 17:57:30.086333 INFO::Fitting model to feature number 1525, metabat_SRR13068848.27
2025-11-26 17:57:30.110756 INFO::Fitting model to feature number 1526, semibin_ERR6248618.3
2025-11-26 17:57:30.134645 INFO::Fitting model to feature number 1527, maxbin_SRR16554672.011_sub
2025-11-26 17:57:30.157783 INFO::Fitting model to feature number 1528, semibin_SRR11413657.198
2025-11-26 17:57:30.181923 INFO::Fitting model to feature number 1529, semibin_SRR23364175.38
2025-11-26 17:57:30.231021 INFO::Fitting model to feature number 1530, metabat_ERR6232526.6
2025-11-26 17:57:30.262224 INFO::Fitting model to feature number 1531, maxbin_SRR11413610.006
2025-11-26 17:57:30.285508 INFO::Fitting model to feature number 1532, semibin_SRR8387683.30
2025-11-26 17:57:30.314075 INFO::Fitting model to feature number 1533, metabat_ERR6275676.44
2025-11-26 17:57:30.336081 INFO::Fitting model to feature number 1534, metabat_SRR16168974.10
2025-11-26 17:57:30.360365 INFO::Fitting model to feature number 1535, maxbin_SRR5930505.044_sub
2025-11-26 17:57:30.385734 INFO::Fitting model to feature number 1536, semibin_ERR6275677.28
2025-11-26 17:57:30.409684 INFO::Fitting model to feature number 1537, maxbin_SRR11413657.003
2025-11-26 17:57:30.433083 INFO::Fitting model to feature number 1538, semibin_SRR25825513.19
2025-11-26 17:57:30.456431 INFO::Fitting model to feature number 1539, semibin_ERR12405947.70
2025-11-26 17:57:30.480871 INFO::Fitting model to feature number 1540, semibin_SRR16554774.25
2025-11-26 17:57:30.509052 INFO::Fitting model to feature number 1541, metabat_ERR6280907.75
2025-11-26 17:57:30.537662 INFO::Fitting model to feature number 1542, metabat_SRR11413687.66
2025-11-26 17:57:30.561063 INFO::Fitting model to feature number 1543, metabat_SRR5930514.5
2025-11-26 17:57:30.589184 INFO::Fitting model to feature number 1544, metabat_SRR25825512.9
2025-11-26 17:57:30.612079 INFO::Fitting model to feature number 1545, metabat_SRR6000895.38
2025-11-26 17:57:30.636659 INFO::Fitting model to feature number 1546, semibin_SRR13068829.111
2025-11-26 17:57:30.660005 INFO::Fitting model to feature number 1547, metabat_ERR6281518.30
2025-11-26 17:57:30.684083 INFO::Fitting model to feature number 1548, semibin_SRR11413618.30
2025-11-26 17:57:30.708032 INFO::Fitting model to feature number 1549, maxbin_SRR11413619.022_sub
2025-11-26 17:57:30.731842 INFO::Fitting model to feature number 1550, semibin_ERR6279667.1
2025-11-26 17:57:30.757291 INFO::Fitting model to feature number 1551, metabat_ERR12405976.69
2025-11-26 17:57:30.780431 INFO::Fitting model to feature number 1552, metabat_SRR5930528.91
2025-11-26 17:57:30.803416 INFO::Fitting model to feature number 1553, metabat_SRR16168920.14
2025-11-26 17:57:30.831734 INFO::Fitting model to feature number 1554, semibin_SRR11413610.57_sub
2025-11-26 17:57:30.856566 INFO::Fitting model to feature number 1555, metabat_ERR6279645.3
2025-11-26 17:57:30.88033 INFO::Fitting model to feature number 1556, semibin_SRR25825494.37
2025-11-26 17:57:30.905602 INFO::Fitting model to feature number 1557, metabat_SRR25825521.14
2025-11-26 17:57:30.952871 INFO::Fitting model to feature number 1558, metabat_ERR6239139.39
2025-11-26 17:57:30.977508 INFO::Fitting model to feature number 1559, semibin_SRR11413678.34
2025-11-26 17:57:31.002035 INFO::Fitting model to feature number 1560, semibin_ERR6275674.90
2025-11-26 17:57:31.02731 INFO::Fitting model to feature number 1561, semibin_ERR12405934.44_sub
2025-11-26 17:57:31.050117 INFO::Fitting model to feature number 1562, semibin_ERR6281941.44
2025-11-26 17:57:31.074958 INFO::Fitting model to feature number 1563, semibin_SRR13068835.5
2025-11-26 17:57:31.098326 INFO::Fitting model to feature number 1564, semibin_SRR11413649.35
2025-11-26 17:57:31.123015 INFO::Fitting model to feature number 1565, semibin_ERR6229432.26
2025-11-26 17:57:31.156386 INFO::Fitting model to feature number 1566, metabat_ERR12405998.59
2025-11-26 17:57:31.179747 INFO::Fitting model to feature number 1567, metabat_SRR11413613.27
2025-11-26 17:57:31.208024 INFO::Fitting model to feature number 1568, semibin_ERR6264281.82
2025-11-26 17:57:31.230893 INFO::Fitting model to feature number 1569, semibin_ERR6281658.88
2025-11-26 17:57:31.255751 INFO::Fitting model to feature number 1570, semibin_ERR6279654.35
2025-11-26 17:57:31.280043 INFO::Fitting model to feature number 1571, semibin_SRR5930499.22_sub
2025-11-26 17:57:31.303859 INFO::Fitting model to feature number 1572, maxbin_SRR11413612.039_sub
2025-11-26 17:57:31.328941 INFO::Fitting model to feature number 1573, semibin_SRR13022319.12
2025-11-26 17:57:31.352389 INFO::Fitting model to feature number 1574, semibin_SRR11413608.95
2025-11-26 17:57:31.376523 INFO::Fitting model to feature number 1575, semibin_SRR11413687.106_sub
2025-11-26 17:57:31.405679 INFO::Fitting model to feature number 1576, maxbin_SRR20881983.003
2025-11-26 17:57:31.432471 INFO::Fitting model to feature number 1577, semibin_SRR13068851.36
2025-11-26 17:57:31.455853 INFO::Fitting model to feature number 1578, semibin_SRR20881988.10
2025-11-26 17:57:31.479985 INFO::Fitting model to feature number 1579, maxbin_SRR5930519.014
2025-11-26 17:57:31.506043 INFO::Fitting model to feature number 1580, semibin_ERR6279644.33_sub
2025-11-26 17:57:31.530293 INFO::Fitting model to feature number 1581, semibin_SRR11413678.104
2025-11-26 17:57:31.555118 INFO::Fitting model to feature number 1582, semibin_SRR5930504.132
2025-11-26 17:57:31.578247 INFO::Fitting model to feature number 1583, semibin_SRR25825511.32_sub
2025-11-26 17:57:31.603319 INFO::Fitting model to feature number 1584, semibin_SRR8387683.84
2025-11-26 17:57:31.627094 INFO::Fitting model to feature number 1585, metabat_ERR6282298.15
2025-11-26 17:57:31.673368 INFO::Fitting model to feature number 1586, metabat_ERR12406006.41
2025-11-26 17:57:31.698319 INFO::Fitting model to feature number 1587, metabat_SRR5930512.20
2025-11-26 17:57:31.722228 INFO::Fitting model to feature number 1588, metabat_ERR12405982.7
2025-11-26 17:57:31.750954 INFO::Fitting model to feature number 1589, metabat_ERR12406002.23
2025-11-26 17:57:31.77946 INFO::Fitting model to feature number 1590, maxbin_SRR13068847.041_sub
2025-11-26 17:57:31.803263 INFO::Fitting model to feature number 1591, maxbin_ERR12405943.006
2025-11-26 17:57:31.831781 INFO::Fitting model to feature number 1592, semibin_ERR12405912.39_sub
2025-11-26 17:57:31.85582 INFO::Fitting model to feature number 1593, metabat_SRR11413657.61
2025-11-26 17:57:31.879916 INFO::Fitting model to feature number 1594, maxbin_SRR11413613.018
2025-11-26 17:57:31.910287 INFO::Fitting model to feature number 1595, metabat_SRR16554632.45
2025-11-26 17:57:31.934713 INFO::Fitting model to feature number 1596, semibin_ERR6275675.25
2025-11-26 17:57:31.959207 INFO::Fitting model to feature number 1597, metabat_SRR16554652.40
2025-11-26 17:57:31.982121 INFO::Fitting model to feature number 1598, maxbin_SRR16554628.020
2025-11-26 17:57:32.005954 INFO::Fitting model to feature number 1599, semibin_ERR6279626.23
2025-11-26 17:57:32.029946 INFO::Fitting model to feature number 1600, metabat_ERR12406002.26
2025-11-26 17:57:32.063565 INFO::Fitting model to feature number 1601, maxbin_ERR12405998.001_sub
2025-11-26 17:57:32.087346 INFO::Fitting model to feature number 1602, maxbin_ERR6279649.011
2025-11-26 17:57:32.110678 INFO::Fitting model to feature number 1603, maxbin_SRR23364192.019
2025-11-26 17:57:32.137945 INFO::Fitting model to feature number 1604, maxbin_ERR6275673.009_sub
2025-11-26 17:57:32.160614 INFO::Fitting model to feature number 1605, maxbin_ERR6275652.031_sub
2025-11-26 17:57:32.185471 INFO::Fitting model to feature number 1606, metabat_SRR20881983.56
2025-11-26 17:57:32.208642 INFO::Fitting model to feature number 1607, semibin_SRR23364178.53_sub
2025-11-26 17:57:32.232608 INFO::Fitting model to feature number 1608, metabat_SRR16554769.19
2025-11-26 17:57:32.255788 INFO::Fitting model to feature number 1609, semibin_SRR13022450.11
2025-11-26 17:57:32.277298 INFO::Fitting model to feature number 1610, semibin_SRR20881988.34
2025-11-26 17:57:32.302437 INFO::Fitting model to feature number 1611, maxbin_ERR12405968.007_sub
2025-11-26 17:57:32.324537 INFO::Fitting model to feature number 1612, maxbin_SRR5930494.003
2025-11-26 17:57:32.376306 INFO::Fitting model to feature number 1613, semibin_ERR12405974.45
2025-11-26 17:57:32.399638 INFO::Fitting model to feature number 1614, semibin_SRR5930504.107
2025-11-26 17:57:32.423177 INFO::Fitting model to feature number 1615, maxbin_SRR11413652.007
2025-11-26 17:57:32.449861 INFO::Fitting model to feature number 1616, metabat_SRR11413655.33
2025-11-26 17:57:32.472949 INFO::Fitting model to feature number 1617, semibin_SRR20881986.23
2025-11-26 17:57:32.49722 INFO::Fitting model to feature number 1618, metabat_ERR6279676.21
2025-11-26 17:57:32.521214 INFO::Fitting model to feature number 1619, metabat_ERR6279657.74
2025-11-26 17:57:32.544571 INFO::Fitting model to feature number 1620, maxbin_ERR12405972.019
2025-11-26 17:57:32.56773 INFO::Fitting model to feature number 1621, semibin_SRR16554632.31_sub
2025-11-26 17:57:32.591999 INFO::Fitting model to feature number 1622, metabat_SRR5930514.24_sub
2025-11-26 17:57:32.61588 INFO::Fitting model to feature number 1623, metabat_SRR16554785.21
2025-11-26 17:57:32.639748 INFO::Fitting model to feature number 1624, semibin_SRR11413678.73
2025-11-26 17:57:32.671219 INFO::Fitting model to feature number 1625, semibin_ERR12405952.9
2025-11-26 17:57:32.694881 INFO::Fitting model to feature number 1626, semibin_SRR23364231.4
2025-11-26 17:57:32.721369 INFO::Fitting model to feature number 1627, semibin_SRR16554628.46_sub
2025-11-26 17:57:32.746026 INFO::Fitting model to feature number 1628, metabat_ERR6279626.59
2025-11-26 17:57:32.771504 INFO::Fitting model to feature number 1629, semibin_SRR5930532.72
2025-11-26 17:57:32.796054 INFO::Fitting model to feature number 1630, semibin_SRR5930529.59
2025-11-26 17:57:32.822142 INFO::Fitting model to feature number 1631, maxbin_SRR16554777.015
2025-11-26 17:57:32.844619 INFO::Fitting model to feature number 1632, metabat_SRR11413645.47
2025-11-26 17:57:32.86913 INFO::Fitting model to feature number 1633, semibin_SRR11413606.65
2025-11-26 17:57:32.89225 INFO::Fitting model to feature number 1634, semibin_SRR5930504.145
2025-11-26 17:57:32.915932 INFO::Fitting model to feature number 1635, metabat_SRR25825506.48
2025-11-26 17:57:32.939448 INFO::Fitting model to feature number 1636, metabat_SRR5930532.8_sub
2025-11-26 17:57:32.972602 INFO::Fitting model to feature number 1637, maxbin_ERR12405999.007
2025-11-26 17:57:32.998415 INFO::Fitting model to feature number 1638, metabat_SRR20881974.56
2025-11-26 17:57:33.023012 INFO::Fitting model to feature number 1639, metabat_ERR6279657.79
2025-11-26 17:57:33.049845 INFO::Fitting model to feature number 1640, semibin_SRR13068825.75
2025-11-26 17:57:33.096932 INFO::Fitting model to feature number 1641, metabat_SRR25825517.32
2025-11-26 17:57:33.121487 INFO::Fitting model to feature number 1642, maxbin_SRR25825521.011
2025-11-26 17:57:33.145153 INFO::Fitting model to feature number 1643, maxbin_SRR8387710.003
2025-11-26 17:57:33.168903 INFO::Fitting model to feature number 1644, maxbin_ERR12405994.023
2025-11-26 17:57:33.192463 INFO::Fitting model to feature number 1645, metabat_SRR11413689.9
2025-11-26 17:57:33.21761 INFO::Fitting model to feature number 1646, semibin_SRR16168943.41
2025-11-26 17:57:33.244191 INFO::Fitting model to feature number 1647, metabat_SRR16554658.17
2025-11-26 17:57:33.273997 INFO::Fitting model to feature number 1648, metabat_ERR12405939.20
2025-11-26 17:57:33.30011 INFO::Fitting model to feature number 1649, semibin_SRR23364187.82
2025-11-26 17:57:33.325351 INFO::Fitting model to feature number 1650, maxbin_SRR8387712.001
2025-11-26 17:57:33.349901 INFO::Fitting model to feature number 1651, semibin_ERR6275668.126
2025-11-26 17:57:33.373254 INFO::Fitting model to feature number 1652, metabat_SRR16554657.23
2025-11-26 17:57:33.398311 INFO::Fitting model to feature number 1653, metabat_SRR23364197.91
2025-11-26 17:57:33.420362 INFO::Fitting model to feature number 1654, semibin_ERR6275674.45_sub
2025-11-26 17:57:33.44481 INFO::Fitting model to feature number 1655, semibin_ERR6230326.4
2025-11-26 17:57:33.468851 INFO::Fitting model to feature number 1656, metabat_SRR6000932.13
2025-11-26 17:57:33.494253 INFO::Fitting model to feature number 1657, metabat_SRR16554767.15
2025-11-26 17:57:33.524325 INFO::Fitting model to feature number 1658, semibin_SRR5930512.37
2025-11-26 17:57:33.548213 INFO::Fitting model to feature number 1659, metabat_SRR5930501.19_sub
2025-11-26 17:57:33.572222 INFO::Fitting model to feature number 1660, maxbin_SRR5930534.026_sub
2025-11-26 17:57:33.597088 INFO::Fitting model to feature number 1661, semibin_ERR12406004.1
2025-11-26 17:57:33.621661 INFO::Fitting model to feature number 1662, maxbin_SRR16554671.015_sub
2025-11-26 17:57:33.645027 INFO::Fitting model to feature number 1663, metabat_SRR11413678.18
2025-11-26 17:57:33.6703 INFO::Fitting model to feature number 1664, semibin_SRR11413649.100
2025-11-26 17:57:33.693179 INFO::Fitting model to feature number 1665, metabat_SRR20881981.21_sub
2025-11-26 17:57:33.718303 INFO::Fitting model to feature number 1666, metabat_SRR5930504.26
2025-11-26 17:57:33.741071 INFO::Fitting model to feature number 1667, maxbin_ERR12405933.003
2025-11-26 17:57:33.765844 INFO::Fitting model to feature number 1668, maxbin_SRR11413691.013
2025-11-26 17:57:33.822449 INFO::Fitting model to feature number 1669, semibin_SRR23364187.70
2025-11-26 17:57:33.853696 INFO::Fitting model to feature number 1670, metabat_ERR6279677.10
2025-11-26 17:57:33.876969 INFO::Fitting model to feature number 1671, semibin_ERR6275661.92
2025-11-26 17:57:33.905071 INFO::Fitting model to feature number 1672, maxbin_SRR11413620.008
2025-11-26 17:57:33.927732 INFO::Fitting model to feature number 1673, metabat_SRR23364201.31
2025-11-26 17:57:33.953133 INFO::Fitting model to feature number 1674, semibin_ERR6279625.36
2025-11-26 17:57:33.975648 INFO::Fitting model to feature number 1675, metabat_ERR12405952.30
2025-11-26 17:57:34.001501 INFO::Fitting model to feature number 1676, metabat_SRR13068834.43_sub
2025-11-26 17:57:34.024997 INFO::Fitting model to feature number 1677, semibin_SRR16554734.17
2025-11-26 17:57:34.050204 INFO::Fitting model to feature number 1678, semibin_SRR5930527.100
2025-11-26 17:57:34.074106 INFO::Fitting model to feature number 1679, metabat_SRR8387712.32_sub
2025-11-26 17:57:34.097732 INFO::Fitting model to feature number 1680, semibin_ERR12406006.72
2025-11-26 17:57:34.122866 INFO::Fitting model to feature number 1681, metabat_SRR11413619.57_sub
2025-11-26 17:57:34.152219 INFO::Fitting model to feature number 1682, metabat_ERR6279622.67
2025-11-26 17:57:34.181358 INFO::Fitting model to feature number 1683, semibin_SRR5930517.10
2025-11-26 17:57:34.207334 INFO::Fitting model to feature number 1684, semibin_SRR13068815.96
2025-11-26 17:57:34.23345 INFO::Fitting model to feature number 1685, maxbin_ERR12405955.019
2025-11-26 17:57:34.257409 INFO::Fitting model to feature number 1686, maxbin_ERR6275671.007_sub
2025-11-26 17:57:34.281128 INFO::Fitting model to feature number 1687, semibin_SRR11413610.21
2025-11-26 17:57:34.30558 INFO::Fitting model to feature number 1688, semibin_ERR6281997.48_sub
2025-11-26 17:57:34.328802 INFO::Fitting model to feature number 1689, semibin_ERR6279666.26
2025-11-26 17:57:34.34965 INFO::Fitting model to feature number 1690, semibin_SRR11413692.14
2025-11-26 17:57:34.373319 INFO::Fitting model to feature number 1691, metabat_SRR20881987.26
2025-11-26 17:57:34.396657 INFO::Fitting model to feature number 1692, maxbin_SRR11413617.006
2025-11-26 17:57:34.4365 INFO::Fitting model to feature number 1693, semibin_SRR13068834.35
2025-11-26 17:57:34.458721 INFO::Fitting model to feature number 1694, metabat_SRR16554744.18
2025-11-26 17:57:34.491375 INFO::Fitting model to feature number 1695, metabat_ERR12405961.1_sub
2025-11-26 17:57:34.514002 INFO::Fitting model to feature number 1696, maxbin_SRR16168986.030_sub
2025-11-26 17:57:34.565794 INFO::Fitting model to feature number 1697, semibin_ERR12405928.73_sub
2025-11-26 17:57:34.589367 INFO::Fitting model to feature number 1698, maxbin_SRR23364230.017
2025-11-26 17:57:34.616045 INFO::Fitting model to feature number 1699, semibin_ERR6275675.85
2025-11-26 17:57:34.637993 INFO::Fitting model to feature number 1700, metabat_ERR12406012.50_sub
2025-11-26 17:57:34.664999 INFO::Fitting model to feature number 1701, maxbin_SRR11413614.004
2025-11-26 17:57:34.693578 INFO::Fitting model to feature number 1702, metabat_SRR6000921.8
2025-11-26 17:57:34.724946 INFO::Fitting model to feature number 1703, metabat_SRR16554704.6
2025-11-26 17:57:34.750056 INFO::Fitting model to feature number 1704, metabat_SRR11413610.30
2025-11-26 17:57:34.774686 INFO::Fitting model to feature number 1705, maxbin_SRR13022258.012_sub
2025-11-26 17:57:34.798598 INFO::Fitting model to feature number 1706, semibin_ERR12406004.23
2025-11-26 17:57:34.821979 INFO::Fitting model to feature number 1707, maxbin_ERR12406000.009_sub
2025-11-26 17:57:34.84674 INFO::Fitting model to feature number 1708, maxbin_ERR12405914.010_sub
2025-11-26 17:57:34.869341 INFO::Fitting model to feature number 1709, metabat_SRR16554652.47
2025-11-26 17:57:34.894288 INFO::Fitting model to feature number 1710, metabat_SRR5930498.113
2025-11-26 17:57:34.916956 INFO::Fitting model to feature number 1711, metabat_ERR6282137.16
2025-11-26 17:57:34.941994 INFO::Fitting model to feature number 1712, metabat_ERR12405928.39
2025-11-26 17:57:34.964782 INFO::Fitting model to feature number 1713, metabat_SRR11413614.4
2025-11-26 17:57:34.98699 INFO::Fitting model to feature number 1714, maxbin_SRR5930530.047
2025-11-26 17:57:35.01103 INFO::Fitting model to feature number 1715, metabat_ERR12405998.13
2025-11-26 17:57:35.034175 INFO::Fitting model to feature number 1716, semibin_SRR11413656.86
2025-11-26 17:57:35.065472 INFO::Fitting model to feature number 1717, maxbin_SRR20881983.049_sub
2025-11-26 17:57:35.088233 INFO::Fitting model to feature number 1718, semibin_SRR16554636.22
2025-11-26 17:57:35.112718 INFO::Fitting model to feature number 1719, semibin_SRR6000893.52
2025-11-26 17:57:35.13786 INFO::Fitting model to feature number 1720, metabat_SRR25825496.4_sub
2025-11-26 17:57:35.162965 INFO::Fitting model to feature number 1721, metabat_SRR11413607.17
2025-11-26 17:57:35.185994 INFO::Fitting model to feature number 1722, maxbin_ERR12406013.003
2025-11-26 17:57:35.210412 INFO::Fitting model to feature number 1723, metabat_ERR6281518.82_sub
2025-11-26 17:57:35.255204 INFO::Fitting model to feature number 1724, semibin_ERR12405992.13
2025-11-26 17:57:35.280964 INFO::Fitting model to feature number 1725, semibin_SRR13068829.28_sub
2025-11-26 17:57:35.306115 INFO::Fitting model to feature number 1726, metabat_ERR12405949.30_sub
2025-11-26 17:57:35.335054 INFO::Fitting model to feature number 1727, metabat_ERR12405959.36
2025-11-26 17:57:35.359905 INFO::Fitting model to feature number 1728, semibin_SRR11413652.68
2025-11-26 17:57:35.384379 INFO::Fitting model to feature number 1729, semibin_SRR5930515.39_sub
2025-11-26 17:57:35.413611 INFO::Fitting model to feature number 1730, metabat_ERR12405955.18
2025-11-26 17:57:35.4394 INFO::Fitting model to feature number 1731, metabat_SRR11413681.52
2025-11-26 17:57:35.464149 INFO::Fitting model to feature number 1732, semibin_SRR16554667.24
2025-11-26 17:57:35.488718 INFO::Fitting model to feature number 1733, semibin_SRR25825501.29
2025-11-26 17:57:35.513649 INFO::Fitting model to feature number 1734, metabat_ERR6279681.37
2025-11-26 17:57:35.541333 INFO::Fitting model to feature number 1735, metabat_ERR12405998.10
2025-11-26 17:57:35.566411 INFO::Fitting model to feature number 1736, metabat_SRR16554766.12
2025-11-26 17:57:35.589231 INFO::Fitting model to feature number 1737, semibin_SRR11413687.8
2025-11-26 17:57:35.613898 INFO::Fitting model to feature number 1738, metabat_SRR11413647.22
2025-11-26 17:57:35.637908 INFO::Fitting model to feature number 1739, metabat_ERR12405920.28
2025-11-26 17:57:35.662831 INFO::Fitting model to feature number 1740, metabat_ERR6279624.6_sub
2025-11-26 17:57:35.686713 INFO::Fitting model to feature number 1741, maxbin_ERR6281942.014
2025-11-26 17:57:35.709895 INFO::Fitting model to feature number 1742, semibin_SRR11413647.24_sub
2025-11-26 17:57:35.742635 INFO::Fitting model to feature number 1743, metabat_ERR12405998.47
2025-11-26 17:57:35.764754 INFO::Fitting model to feature number 1744, semibin_ERR12405971.25
2025-11-26 17:57:35.793594 INFO::Fitting model to feature number 1745, semibin_SRR5930497.45
2025-11-26 17:57:35.815478 INFO::Fitting model to feature number 1746, semibin_SRR11413613.5
2025-11-26 17:57:35.84027 INFO::Fitting model to feature number 1747, maxbin_SRR16554777.012
2025-11-26 17:57:35.86286 INFO::Fitting model to feature number 1748, semibin_SRR11413608.7
2025-11-26 17:57:35.887204 INFO::Fitting model to feature number 1749, semibin_ERR6279628.40
2025-11-26 17:57:35.910222 INFO::Fitting model to feature number 1750, metabat_ERR12405972.5
2025-11-26 17:57:35.934284 INFO::Fitting model to feature number 1751, semibin_SRR11413619.40
2025-11-26 17:57:35.983145 INFO::Fitting model to feature number 1752, metabat_SRR5930522.11
2025-11-26 17:57:36.013405 INFO::Fitting model to feature number 1753, semibin_SRR13068843.38
2025-11-26 17:57:36.040175 INFO::Fitting model to feature number 1754, semibin_ERR6279622.2
2025-11-26 17:57:36.066335 INFO::Fitting model to feature number 1755, metabat_ERR12406004.33
2025-11-26 17:57:36.092374 INFO::Fitting model to feature number 1756, semibin_SRR23364202.9
2025-11-26 17:57:36.118801 INFO::Fitting model to feature number 1757, maxbin_ERR6232521.007
2025-11-26 17:57:36.141661 INFO::Fitting model to feature number 1758, semibin_SRR11413690.24
2025-11-26 17:57:36.166362 INFO::Fitting model to feature number 1759, semibin_ERR6232528.6
2025-11-26 17:57:36.190209 INFO::Fitting model to feature number 1760, metabat_SRR16554753.15
2025-11-26 17:57:36.213914 INFO::Fitting model to feature number 1761, semibin_ERR12405947.16
2025-11-26 17:57:36.237174 INFO::Fitting model to feature number 1762, metabat_SRR16554632.31
2025-11-26 17:57:36.260987 INFO::Fitting model to feature number 1763, semibin_SRR25825510.79
2025-11-26 17:57:36.28574 INFO::Fitting model to feature number 1764, maxbin_SRR5930504.019
2025-11-26 17:57:36.308237 INFO::Fitting model to feature number 1765, semibin_SRR11413689.105
2025-11-26 17:57:36.332639 INFO::Fitting model to feature number 1766, metabat_SRR20881978.32
2025-11-26 17:57:36.361024 INFO::Fitting model to feature number 1767, metabat_SRR20881981.3
2025-11-26 17:57:36.393437 INFO::Fitting model to feature number 1768, metabat_SRR16554654.44
2025-11-26 17:57:36.418789 INFO::Fitting model to feature number 1769, semibin_SRR25825500.13
2025-11-26 17:57:36.443335 INFO::Fitting model to feature number 1770, maxbin_SRR13022252.009_sub
2025-11-26 17:57:36.468887 INFO::Fitting model to feature number 1771, metabat_SRR20881983.38
2025-11-26 17:57:36.493396 INFO::Fitting model to feature number 1772, metabat_ERR12405959.31
2025-11-26 17:57:36.516941 INFO::Fitting model to feature number 1773, semibin_SRR13022391.11
2025-11-26 17:57:36.542564 INFO::Fitting model to feature number 1774, semibin_ERR6281518.50_sub
2025-11-26 17:57:36.565382 INFO::Fitting model to feature number 1775, maxbin_ERR12406011.031
2025-11-26 17:57:36.588452 INFO::Fitting model to feature number 1776, semibin_SRR11413656.102
2025-11-26 17:57:36.61172 INFO::Fitting model to feature number 1777, semibin_SRR23364171.81
2025-11-26 17:57:36.636102 INFO::Fitting model to feature number 1778, metabat_SRR5930520.43
2025-11-26 17:57:36.65942 INFO::Fitting model to feature number 1779, metabat_ERR12405914.16
2025-11-26 17:57:36.707699 INFO::Fitting model to feature number 1780, metabat_SRR13068828.46_sub
2025-11-26 17:57:36.736769 INFO::Fitting model to feature number 1781, metabat_SRR11413683.43
2025-11-26 17:57:36.763438 INFO::Fitting model to feature number 1782, semibin_ERR6281518.116
2025-11-26 17:57:36.787727 INFO::Fitting model to feature number 1783, semibin_ERR6281344.40
2025-11-26 17:57:36.814162 INFO::Fitting model to feature number 1784, semibin_SRR6000944.13
2025-11-26 17:57:36.837684 INFO::Fitting model to feature number 1785, semibin_SRR5930503.47
2025-11-26 17:57:36.862292 INFO::Fitting model to feature number 1786, semibin_ERR6235718.4
2025-11-26 17:57:36.886448 INFO::Fitting model to feature number 1787, maxbin_ERR12405939.004
2025-11-26 17:57:36.91008 INFO::Fitting model to feature number 1788, maxbin_SRR11413619.006
2025-11-26 17:57:36.935694 INFO::Fitting model to feature number 1789, semibin_SRR11413648.87_sub
2025-11-26 17:57:36.957719 INFO::Fitting model to feature number 1790, semibin_SRR11413615.76
2025-11-26 17:57:36.983091 INFO::Fitting model to feature number 1791, semibin_ERR12405976.64
2025-11-26 17:57:37.008801 INFO::Fitting model to feature number 1792, semibin_SRR23364230.99
2025-11-26 17:57:37.039701 INFO::Fitting model to feature number 1793, semibin_ERR12405910.62
2025-11-26 17:57:37.062114 INFO::Fitting model to feature number 1794, maxbin_ERR12405915.008
2025-11-26 17:57:37.08928 INFO::Fitting model to feature number 1795, metabat_SRR5930528.27
2025-11-26 17:57:37.111359 INFO::Fitting model to feature number 1796, metabat_SRR13068823.20_sub
2025-11-26 17:57:37.13646 INFO::Fitting model to feature number 1797, metabat_ERR6281340.41
2025-11-26 17:57:37.158244 INFO::Fitting model to feature number 1798, semibin_ERR12405970.2_sub
2025-11-26 17:57:37.183148 INFO::Fitting model to feature number 1799, maxbin_ERR12405944.004
2025-11-26 17:57:37.206062 INFO::Fitting model to feature number 1800, metabat_ERR12405998.25
2025-11-26 17:57:37.230957 INFO::Fitting model to feature number 1801, semibin_ERR12406013.48
2025-11-26 17:57:37.254339 INFO::Fitting model to feature number 1802, semibin_SRR5930501.12
2025-11-26 17:57:37.278636 INFO::Fitting model to feature number 1803, metabat_ERR12406003.1
2025-11-26 17:57:37.305661 INFO::Fitting model to feature number 1804, metabat_SRR11413618.24
2025-11-26 17:57:37.332575 INFO::Fitting model to feature number 1805, maxbin_SRR16168896.006
2025-11-26 17:57:37.357971 INFO::Fitting model to feature number 1806, semibin_ERR12405943.41
2025-11-26 17:57:37.383447 INFO::Fitting model to feature number 1807, semibin_ERR12405933.78
2025-11-26 17:57:37.432837 INFO::Fitting model to feature number 1808, semibin_ERR12405976.91
2025-11-26 17:57:37.457156 INFO::Fitting model to feature number 1809, maxbin_SRR6000947.039
2025-11-26 17:57:37.482019 INFO::Fitting model to feature number 1810, semibin_SRR11413615.105
2025-11-26 17:57:37.506539 INFO::Fitting model to feature number 1811, maxbin_SRR16554744.010
2025-11-26 17:57:37.529993 INFO::Fitting model to feature number 1812, metabat_SRR11413652.11
2025-11-26 17:57:37.554828 INFO::Fitting model to feature number 1813, maxbin_ERR12405976.034_sub
2025-11-26 17:57:37.577733 INFO::Fitting model to feature number 1814, metabat_ERR12406011.21
2025-11-26 17:57:37.603133 INFO::Fitting model to feature number 1815, metabat_SRR11413690.35_sub
2025-11-26 17:57:37.625869 INFO::Fitting model to feature number 1816, metabat_ERR12405965.3
2025-11-26 17:57:37.649921 INFO::Fitting model to feature number 1817, maxbin_ERR12405972.021
2025-11-26 17:57:37.683523 INFO::Fitting model to feature number 1818, semibin_ERR6275680.30
2025-11-26 17:57:37.709623 INFO::Fitting model to feature number 1819, metabat_ERR6281942.41_sub
2025-11-26 17:57:37.732626 INFO::Fitting model to feature number 1820, semibin_ERR12405981.28
2025-11-26 17:57:37.757314 INFO::Fitting model to feature number 1821, metabat_ERR12405920.6_sub
2025-11-26 17:57:37.780764 INFO::Fitting model to feature number 1822, maxbin_SRR20881988.009
2025-11-26 17:57:37.804814 INFO::Fitting model to feature number 1823, semibin_ERR12405942.29
2025-11-26 17:57:37.829494 INFO::Fitting model to feature number 1824, maxbin_SRR5930517.025_sub
2025-11-26 17:57:37.852021 INFO::Fitting model to feature number 1825, maxbin_ERR12406008.002_sub
2025-11-26 17:57:37.875851 INFO::Fitting model to feature number 1826, metabat_ERR12405943.44_sub
2025-11-26 17:57:37.899774 INFO::Fitting model to feature number 1827, semibin_SRR5930497.86_sub
2025-11-26 17:57:37.9313 INFO::Fitting model to feature number 1828, metabat_ERR12406012.1_sub
2025-11-26 17:57:37.954579 INFO::Fitting model to feature number 1829, semibin_SRR11413657.118
2025-11-26 17:57:37.981926 INFO::Fitting model to feature number 1830, metabat_ERR6281342.22
2025-11-26 17:57:38.005058 INFO::Fitting model to feature number 1831, semibin_ERR12405952.7
2025-11-26 17:57:38.029969 INFO::Fitting model to feature number 1832, semibin_SRR5930520.180
2025-11-26 17:57:38.052135 INFO::Fitting model to feature number 1833, maxbin_SRR16168984.062
2025-11-26 17:57:38.076233 INFO::Fitting model to feature number 1834, maxbin_SRR25825500.013_sub
2025-11-26 17:57:38.100267 INFO::Fitting model to feature number 1835, semibin_SRR11413608.121
2025-11-26 17:57:38.149106 INFO::Fitting model to feature number 1836, semibin_ERR12405974.32
2025-11-26 17:57:38.173818 INFO::Fitting model to feature number 1837, maxbin_SRR11413681.015_sub
2025-11-26 17:57:38.208282 INFO::Fitting model to feature number 1838, semibin_SRR11413618.113_sub
2025-11-26 17:57:38.23269 INFO::Fitting model to feature number 1839, metabat_SRR13068853.29
2025-11-26 17:57:38.257412 INFO::Fitting model to feature number 1840, metabat_SRR16554636.10
2025-11-26 17:57:38.282354 INFO::Fitting model to feature number 1841, semibin_ERR12405997.28
2025-11-26 17:57:38.307191 INFO::Fitting model to feature number 1842, metabat_SRR6000949.29
2025-11-26 17:57:38.330901 INFO::Fitting model to feature number 1843, metabat_ERR6229432.22_sub
2025-11-26 17:57:38.35419 INFO::Fitting model to feature number 1844, metabat_SRR23364178.39_sub
2025-11-26 17:57:38.37781 INFO::Fitting model to feature number 1845, semibin_SRR13022423.21
2025-11-26 17:57:38.402846 INFO::Fitting model to feature number 1846, metabat_ERR6257997.12
2025-11-26 17:57:38.425288 INFO::Fitting model to feature number 1847, semibin_SRR20881980.25
2025-11-26 17:57:38.450062 INFO::Fitting model to feature number 1848, semibin_SRR16168930.147
2025-11-26 17:57:38.472285 INFO::Fitting model to feature number 1849, metabat_SRR11413679.3
2025-11-26 17:57:38.497379 INFO::Fitting model to feature number 1850, semibin_SRR11413649.46
2025-11-26 17:57:38.521333 INFO::Fitting model to feature number 1851, semibin_ERR12406015.22_sub
2025-11-26 17:57:38.5461 INFO::Fitting model to feature number 1852, semibin_ERR6279622.17
2025-11-26 17:57:38.573434 INFO::Fitting model to feature number 1853, maxbin_SRR13022453.007_sub
2025-11-26 17:57:38.601364 INFO::Fitting model to feature number 1854, semibin_SRR5930530.132
2025-11-26 17:57:38.624297 INFO::Fitting model to feature number 1855, semibin_SRR11413690.9
2025-11-26 17:57:38.648752 INFO::Fitting model to feature number 1856, metabat_ERR6275675.32_sub
2025-11-26 17:57:38.67201 INFO::Fitting model to feature number 1857, metabat_SRR8387677.42
2025-11-26 17:57:38.69614 INFO::Fitting model to feature number 1858, semibin_ERR6275663.75_sub
2025-11-26 17:57:38.719881 INFO::Fitting model to feature number 1859, metabat_SRR13022456.4
2025-11-26 17:57:38.742825 INFO::Fitting model to feature number 1860, semibin_SRR5930517.66
2025-11-26 17:57:38.768317 INFO::Fitting model to feature number 1861, semibin_SRR11413649.38_sub
2025-11-26 17:57:38.796563 INFO::Fitting model to feature number 1862, semibin_SRR11413691.23
2025-11-26 17:57:38.84472 INFO::Fitting model to feature number 1863, semibin_ERR6280899.148
2025-11-26 17:57:38.868772 INFO::Fitting model to feature number 1864, semibin_SRR11413618.43_sub
2025-11-26 17:57:38.893468 INFO::Fitting model to feature number 1865, metabat_SRR16554779.19
2025-11-26 17:57:38.917063 INFO::Fitting model to feature number 1866, semibin_SRR23364231.16
2025-11-26 17:57:38.94216 INFO::Fitting model to feature number 1867, maxbin_SRR16554760.005
2025-11-26 17:57:38.964731 INFO::Fitting model to feature number 1868, metabat_SRR16554656.29
2025-11-26 17:57:38.989428 INFO::Fitting model to feature number 1869, metabat_ERR6275678.3
2025-11-26 17:57:39.012791 INFO::Fitting model to feature number 1870, semibin_SRR5930506.126
2025-11-26 17:57:39.036448 INFO::Fitting model to feature number 1871, semibin_SRR13068823.83
2025-11-26 17:57:39.06019 INFO::Fitting model to feature number 1872, metabat_SRR16554757.37
2025-11-26 17:57:39.083844 INFO::Fitting model to feature number 1873, semibin_ERR12405934.0
2025-11-26 17:57:39.105068 INFO::Fitting model to feature number 1874, semibin_ERR12405946.2
2025-11-26 17:57:39.131933 INFO::Fitting model to feature number 1875, maxbin_SRR8387676.013_sub
2025-11-26 17:57:39.158197 INFO::Fitting model to feature number 1876, maxbin_SRR16554660.004
2025-11-26 17:57:39.182036 INFO::Fitting model to feature number 1877, semibin_SRR11413656.61
2025-11-26 17:57:39.205806 INFO::Fitting model to feature number 1878, maxbin_ERR6281342.028
2025-11-26 17:57:39.231748 INFO::Fitting model to feature number 1879, metabat_SRR20881984.45
2025-11-26 17:57:39.255831 INFO::Fitting model to feature number 1880, semibin_ERR12405939.57_sub
2025-11-26 17:57:39.27965 INFO::Fitting model to feature number 1881, maxbin_SRR20881987.014_sub
2025-11-26 17:57:39.304241 INFO::Fitting model to feature number 1882, semibin_SRR11413649.8
2025-11-26 17:57:39.329242 INFO::Fitting model to feature number 1883, semibin_SRR6000909.45
2025-11-26 17:57:39.352039 INFO::Fitting model to feature number 1884, semibin_SRR23364196.25
2025-11-26 17:57:39.375801 INFO::Fitting model to feature number 1885, semibin_SRR5930531.137
2025-11-26 17:57:39.399707 INFO::Fitting model to feature number 1886, maxbin_ERR12406007.007
2025-11-26 17:57:39.423384 INFO::Fitting model to feature number 1887, metabat_ERR6275663.73
2025-11-26 17:57:39.446987 INFO::Fitting model to feature number 1888, metabat_SRR11413691.28
2025-11-26 17:57:39.471412 INFO::Fitting model to feature number 1889, metabat_ERR12405995.34
2025-11-26 17:57:39.497895 INFO::Fitting model to feature number 1890, maxbin_SRR11413608.006
2025-11-26 17:57:39.548527 INFO::Fitting model to feature number 1891, metabat_SRR16554687.21
2025-11-26 17:57:39.5729 INFO::Fitting model to feature number 1892, semibin_ERR12406006.56
2025-11-26 17:57:39.596723 INFO::Fitting model to feature number 1893, metabat_ERR12405992.35_sub
2025-11-26 17:57:39.621825 INFO::Fitting model to feature number 1894, semibin_SRR6000946.68
2025-11-26 17:57:39.645155 INFO::Fitting model to feature number 1895, semibin_SRR11413683.84
2025-11-26 17:57:39.670545 INFO::Fitting model to feature number 1896, maxbin_SRR11413687.043
2025-11-26 17:57:39.6927 INFO::Fitting model to feature number 1897, semibin_SRR23364176.76
2025-11-26 17:57:39.717556 INFO::Fitting model to feature number 1898, semibin_ERR6243877.15_sub
2025-11-26 17:57:39.7428 INFO::Fitting model to feature number 1899, metabat_SRR13022456.2
2025-11-26 17:57:39.772695 INFO::Fitting model to feature number 1900, semibin_SRR16168938.32
2025-11-26 17:57:39.799544 INFO::Fitting model to feature number 1901, metabat_ERR6279629.12_sub
2025-11-26 17:57:39.824978 INFO::Fitting model to feature number 1902, semibin_ERR12405932.31
2025-11-26 17:57:39.849017 INFO::Fitting model to feature number 1903, metabat_ERR12405960.21
2025-11-26 17:57:39.873804 INFO::Fitting model to feature number 1904, semibin_ERR12405916.3
2025-11-26 17:57:39.897396 INFO::Fitting model to feature number 1905, semibin_SRR5930527.76
2025-11-26 17:57:39.921094 INFO::Fitting model to feature number 1906, metabat_ERR6254871.61
2025-11-26 17:57:39.94487 INFO::Fitting model to feature number 1907, semibin_ERR12405995.25
2025-11-26 17:57:39.968368 INFO::Fitting model to feature number 1908, semibin_ERR6279671.28_sub
2025-11-26 17:57:39.992012 INFO::Fitting model to feature number 1909, metabat_SRR11413610.65_sub
2025-11-26 17:57:40.015475 INFO::Fitting model to feature number 1910, metabat_SRR11413608.70
2025-11-26 17:57:40.045347 INFO::Fitting model to feature number 1911, metabat_SRR23364176.34
2025-11-26 17:57:40.07005 INFO::Fitting model to feature number 1912, metabat_SRR16168940.14
2025-11-26 17:57:40.098333 INFO::Fitting model to feature number 1913, semibin_SRR5930527.83_sub
2025-11-26 17:57:40.120657 INFO::Fitting model to feature number 1914, maxbin_SRR11413610.004
2025-11-26 17:57:40.145453 INFO::Fitting model to feature number 1915, maxbin_SRR11413618.087_sub
2025-11-26 17:57:40.168762 INFO::Fitting model to feature number 1916, metabat_SRR16554758.22
2025-11-26 17:57:40.192153 INFO::Fitting model to feature number 1917, semibin_SRR13022263.2
2025-11-26 17:57:40.21585 INFO::Fitting model to feature number 1918, semibin_ERR6279669.31_sub
2025-11-26 17:57:40.264215 INFO::Fitting model to feature number 1919, metabat_ERR12405932.24
2025-11-26 17:57:40.288016 INFO::Fitting model to feature number 1920, maxbin_SRR13068819.002
2025-11-26 17:57:40.312751 INFO::Fitting model to feature number 1921, semibin_SRR13068819.18
2025-11-26 17:57:40.335529 INFO::Fitting model to feature number 1922, semibin_ERR12405955.60
2025-11-26 17:57:40.358024 INFO::Fitting model to feature number 1923, metabat_SRR11413618.80
2025-11-26 17:57:40.382134 INFO::Fitting model to feature number 1924, metabat_ERR12406013.34
2025-11-26 17:57:40.405984 INFO::Fitting model to feature number 1925, semibin_SRR11413614.5_sub
2025-11-26 17:57:40.437733 INFO::Fitting model to feature number 1926, semibin_SRR16554651.34_sub
2025-11-26 17:57:40.460988 INFO::Fitting model to feature number 1927, semibin_ERR12405970.21
2025-11-26 17:57:40.488019 INFO::Fitting model to feature number 1928, maxbin_SRR11413649.001
2025-11-26 17:57:40.510578 INFO::Fitting model to feature number 1929, metabat_ERR12405928.43
2025-11-26 17:57:40.533751 INFO::Fitting model to feature number 1930, metabat_ERR6279670.21
2025-11-26 17:57:40.557013 INFO::Fitting model to feature number 1931, semibin_SRR11413606.86
2025-11-26 17:57:40.580758 INFO::Fitting model to feature number 1932, semibin_ERR6275666.75
2025-11-26 17:57:40.604643 INFO::Fitting model to feature number 1933, maxbin_SRR5930508.022
2025-11-26 17:57:40.629527 INFO::Fitting model to feature number 1934, metabat_SRR13068815.50
2025-11-26 17:57:40.651892 INFO::Fitting model to feature number 1935, metabat_ERR12405931.15
2025-11-26 17:57:40.675537 INFO::Fitting model to feature number 1936, maxbin_SRR16554647.016
2025-11-26 17:57:40.699606 INFO::Fitting model to feature number 1937, semibin_ERR6281341.23_sub
2025-11-26 17:57:40.736072 INFO::Fitting model to feature number 1938, metabat_SRR11413683.6_sub
2025-11-26 17:57:40.758411 INFO::Fitting model to feature number 1939, maxbin_SRR5930529.037
2025-11-26 17:57:40.786432 INFO::Fitting model to feature number 1940, maxbin_SRR11413678.048
2025-11-26 17:57:40.808129 INFO::Fitting model to feature number 1941, maxbin_SRR16168918.066
2025-11-26 17:57:40.832654 INFO::Fitting model to feature number 1942, semibin_SRR16168940.27
2025-11-26 17:57:40.854854 INFO::Fitting model to feature number 1943, maxbin_SRR11413691.015_sub
2025-11-26 17:57:40.879599 INFO::Fitting model to feature number 1944, semibin_SRR13068843.62_sub
2025-11-26 17:57:40.90168 INFO::Fitting model to feature number 1945, metabat_ERR12405955.28
2025-11-26 17:57:40.924795 INFO::Fitting model to feature number 1946, semibin_ERR6279626.1
2025-11-26 17:57:40.970495 INFO::Fitting model to feature number 1947, metabat_ERR12406004.16
2025-11-26 17:57:40.993458 INFO::Fitting model to feature number 1948, semibin_SRR6000901.38
2025-11-26 17:57:41.033834 INFO::Fitting model to feature number 1949, metabat_ERR12405984.37
2025-11-26 17:57:41.058352 INFO::Fitting model to feature number 1950, semibin_ERR12405961.52
2025-11-26 17:57:41.084279 INFO::Fitting model to feature number 1951, semibin_SRR11413619.8_sub
2025-11-26 17:57:41.109172 INFO::Fitting model to feature number 1952, metabat_ERR12405961.39_sub
2025-11-26 17:57:41.133136 INFO::Fitting model to feature number 1953, semibin_ERR12405955.23_sub
2025-11-26 17:57:41.156114 INFO::Fitting model to feature number 1954, semibin_ERR12405994.32
2025-11-26 17:57:41.179744 INFO::Fitting model to feature number 1955, semibin_ERR6279628.51
2025-11-26 17:57:41.201478 INFO::Fitting model to feature number 1956, metabat_ERR6275673.75
2025-11-26 17:57:41.226413 INFO::Fitting model to feature number 1957, metabat_ERR12405915.31
2025-11-26 17:57:41.247572 INFO::Fitting model to feature number 1958, metabat_SRR11413690.18
2025-11-26 17:57:41.2715 INFO::Fitting model to feature number 1959, semibin_SRR11413657.184
2025-11-26 17:57:41.294856 INFO::Fitting model to feature number 1960, maxbin_SRR11413645.052
2025-11-26 17:57:41.326638 INFO::Fitting model to feature number 1961, semibin_SRR20881974.45_sub
2025-11-26 17:57:41.352968 INFO::Fitting model to feature number 1962, semibin_ERR6279669.43
2025-11-26 17:57:41.379074 INFO::Fitting model to feature number 1963, semibin_SRR16554684.32
2025-11-26 17:57:41.401537 INFO::Fitting model to feature number 1964, maxbin_SRR5930503.014
2025-11-26 17:57:41.427167 INFO::Fitting model to feature number 1965, semibin_SRR23364194.77
2025-11-26 17:57:41.450137 INFO::Fitting model to feature number 1966, semibin_ERR6275674.52
2025-11-26 17:57:41.475804 INFO::Fitting model to feature number 1967, maxbin_SRR11413692.010
2025-11-26 17:57:41.498804 INFO::Fitting model to feature number 1968, metabat_SRR11413679.7
2025-11-26 17:57:41.524547 INFO::Fitting model to feature number 1969, maxbin_ERR6229432.012
2025-11-26 17:57:41.549939 INFO::Fitting model to feature number 1970, semibin_ERR6282137.80
2025-11-26 17:57:41.57354 INFO::Fitting model to feature number 1971, metabat_SRR16554632.20
2025-11-26 17:57:41.598193 INFO::Fitting model to feature number 1972, metabat_SRR16554769.2
2025-11-26 17:57:41.621485 INFO::Fitting model to feature number 1973, maxbin_SRR13068818.027_sub
2025-11-26 17:57:41.681494 INFO::Fitting model to feature number 1974, semibin_ERR12405939.30
2025-11-26 17:57:41.712439 INFO::Fitting model to feature number 1975, semibin_ERR12405928.58
2025-11-26 17:57:41.734809 INFO::Fitting model to feature number 1976, semibin_SRR8387683.34_sub
2025-11-26 17:57:41.760886 INFO::Fitting model to feature number 1977, metabat_ERR12405935.40
2025-11-26 17:57:41.784471 INFO::Fitting model to feature number 1978, maxbin_ERR6281434.009_sub
2025-11-26 17:57:41.809705 INFO::Fitting model to feature number 1979, semibin_SRR5930520.204
2025-11-26 17:57:41.833975 INFO::Fitting model to feature number 1980, metabat_SRR16554651.36
2025-11-26 17:57:41.861177 INFO::Fitting model to feature number 1981, metabat_ERR12406003.35
2025-11-26 17:57:41.885541 INFO::Fitting model to feature number 1982, metabat_ERR12405911.15
2025-11-26 17:57:41.909636 INFO::Fitting model to feature number 1983, maxbin_SRR5930520.011
2025-11-26 17:57:41.946968 INFO::Fitting model to feature number 1984, maxbin_SRR11413615.013
2025-11-26 17:57:41.96961 INFO::Fitting model to feature number 1985, semibin_ERR12405987.20
2025-11-26 17:57:41.994184 INFO::Fitting model to feature number 1986, maxbin_SRR11413618.020
2025-11-26 17:57:42.017673 INFO::Fitting model to feature number 1987, metabat_SRR11413653.56
2025-11-26 17:57:42.042253 INFO::Fitting model to feature number 1988, metabat_SRR16554660.42
2025-11-26 17:57:42.066409 INFO::Fitting model to feature number 1989, metabat_ERR6281500.32
2025-11-26 17:57:42.089948 INFO::Fitting model to feature number 1990, metabat_SRR20881978.1_sub
2025-11-26 17:57:42.11323 INFO::Fitting model to feature number 1991, metabat_SRR16554641.12
2025-11-26 17:57:42.136739 INFO::Fitting model to feature number 1992, semibin_SRR11413652.9_sub
2025-11-26 17:57:42.159569 INFO::Fitting model to feature number 1993, semibin_ERR6279676.74
2025-11-26 17:57:42.182587 INFO::Fitting model to feature number 1994, maxbin_SRR23364170.010_sub
2025-11-26 17:57:42.205499 INFO::Fitting model to feature number 1995, metabat_ERR12405943.30
2025-11-26 17:57:42.228681 INFO::Fitting model to feature number 1996, semibin_SRR11413657.56
2025-11-26 17:57:42.251577 INFO::Fitting model to feature number 1997, maxbin_ERR12405934.015_sub
2025-11-26 17:57:42.290064 INFO::Fitting model to feature number 1998, metabat_ERR6275668.55
2025-11-26 17:57:42.312042 INFO::Fitting model to feature number 1999, metabat_SRR11413611.60
2025-11-26 17:57:42.33576 INFO::Fitting model to feature number 2000, maxbin_ERR6232527.010
2025-11-26 17:57:42.361331 INFO::Fitting model to feature number 2001, maxbin_SRR11413618.028
2025-11-26 17:57:42.409448 INFO::Fitting model to feature number 2002, metabat_SRR13068815.13_sub
2025-11-26 17:57:42.432626 INFO::Fitting model to feature number 2003, semibin_SRR11413678.51
2025-11-26 17:57:42.457921 INFO::Fitting model to feature number 2004, semibin_SRR16554777.37
2025-11-26 17:57:42.481202 INFO::Fitting model to feature number 2005, metabat_ERR12405973.26
2025-11-26 17:57:42.507827 INFO::Fitting model to feature number 2006, metabat_SRR25825514.34
2025-11-26 17:57:42.531126 INFO::Fitting model to feature number 2007, metabat_ERR12406004.31
2025-11-26 17:57:42.553374 INFO::Fitting model to feature number 2008, semibin_SRR25825501.28
2025-11-26 17:57:42.581394 INFO::Fitting model to feature number 2009, maxbin_SRR25825518.017_sub
2025-11-26 17:57:42.607316 INFO::Fitting model to feature number 2010, maxbin_SRR16554626.019
2025-11-26 17:57:42.631254 INFO::Fitting model to feature number 2011, metabat_SRR20881983.76
2025-11-26 17:57:42.656303 INFO::Fitting model to feature number 2012, metabat_SRR11413618.92
2025-11-26 17:57:42.678086 INFO::Fitting model to feature number 2013, semibin_ERR6229432.4
2025-11-26 17:57:42.703332 INFO::Fitting model to feature number 2014, semibin_SRR16554650.13
2025-11-26 17:57:42.726142 INFO::Fitting model to feature number 2015, semibin_SRR5930512.42
2025-11-26 17:57:42.751312 INFO::Fitting model to feature number 2016, metabat_ERR6232527.17
2025-11-26 17:57:42.773784 INFO::Fitting model to feature number 2017, semibin_SRR5930528.78
2025-11-26 17:57:42.797927 INFO::Fitting model to feature number 2018, semibin_SRR20881987.22
2025-11-26 17:57:42.820715 INFO::Fitting model to feature number 2019, maxbin_ERR6275677.011
2025-11-26 17:57:42.845249 INFO::Fitting model to feature number 2020, metabat_SRR25825494.21
2025-11-26 17:57:42.874254 INFO::Fitting model to feature number 2021, maxbin_SRR11413614.027_sub
2025-11-26 17:57:42.898375 INFO::Fitting model to feature number 2022, semibin_SRR11413654.84
2025-11-26 17:57:42.92065 INFO::Fitting model to feature number 2023, metabat_SRR6000920.5_sub
2025-11-26 17:57:42.94753 INFO::Fitting model to feature number 2024, semibin_ERR12405944.21
2025-11-26 17:57:42.969518 INFO::Fitting model to feature number 2025, semibin_SRR6000908.41
2025-11-26 17:57:42.994268 INFO::Fitting model to feature number 2026, metabat_ERR6279625.50
2025-11-26 17:57:43.016958 INFO::Fitting model to feature number 2027, metabat_SRR16554769.49
2025-11-26 17:57:43.040348 INFO::Fitting model to feature number 2028, semibin_SRR13068843.26
2025-11-26 17:57:43.063389 INFO::Fitting model to feature number 2029, metabat_ERR6280899.67
2025-11-26 17:57:43.111108 INFO::Fitting model to feature number 2030, maxbin_SRR11413648.031
2025-11-26 17:57:43.136239 INFO::Fitting model to feature number 2031, semibin_ERR6280899.10
2025-11-26 17:57:43.15931 INFO::Fitting model to feature number 2032, semibin_ERR6275680.4
2025-11-26 17:57:43.184419 INFO::Fitting model to feature number 2033, maxbin_ERR12406003.003_sub
2025-11-26 17:57:43.208473 INFO::Fitting model to feature number 2034, semibin_ERR12405955.68
2025-11-26 17:57:43.244496 INFO::Fitting model to feature number 2035, metabat_ERR6281997.12
2025-11-26 17:57:43.270277 INFO::Fitting model to feature number 2036, metabat_SRR16168986.30_sub
2025-11-26 17:57:43.297522 INFO::Fitting model to feature number 2037, semibin_SRR5930495.18
2025-11-26 17:57:43.32035 INFO::Fitting model to feature number 2038, metabat_SRR11413654.79
2025-11-26 17:57:43.344458 INFO::Fitting model to feature number 2039, metabat_SRR13068843.10_sub
2025-11-26 17:57:43.367861 INFO::Fitting model to feature number 2040, metabat_ERR12405917.24
2025-11-26 17:57:43.391427 INFO::Fitting model to feature number 2041, semibin_ERR12405943.65
2025-11-26 17:57:43.414811 INFO::Fitting model to feature number 2042, metabat_SRR13068823.23
2025-11-26 17:57:43.437869 INFO::Fitting model to feature number 2043, metabat_SRR11413692.14
2025-11-26 17:57:43.460565 INFO::Fitting model to feature number 2044, metabat_SRR23364198.6
2025-11-26 17:57:43.484402 INFO::Fitting model to feature number 2045, semibin_ERR12405966.20
2025-11-26 17:57:43.511708 INFO::Fitting model to feature number 2046, metabat_SRR20881981.60
2025-11-26 17:57:43.540089 INFO::Fitting model to feature number 2047, metabat_ERR12405985.42
2025-11-26 17:57:43.564673 INFO::Fitting model to feature number 2048, metabat_ERR12405979.23
2025-11-26 17:57:43.5896 INFO::Fitting model to feature number 2049, semibin_SRR11413646.12
2025-11-26 17:57:43.61218 INFO::Fitting model to feature number 2050, semibin_SRR5930527.114
2025-11-26 17:57:43.637243 INFO::Fitting model to feature number 2051, semibin_SRR25825500.66
2025-11-26 17:57:43.659359 INFO::Fitting model to feature number 2052, metabat_ERR6275666.22_sub
2025-11-26 17:57:43.683902 INFO::Fitting model to feature number 2053, semibin_ERR6279672.47
2025-11-26 17:57:43.705701 INFO::Fitting model to feature number 2054, maxbin_SRR13022456.002_sub
2025-11-26 17:57:43.728776 INFO::Fitting model to feature number 2055, metabat_SRR25825503.7
2025-11-26 17:57:43.75044 INFO::Fitting model to feature number 2056, semibin_ERR6275663.61
2025-11-26 17:57:43.794486 INFO::Fitting model to feature number 2057, semibin_SRR5930522.7_sub
2025-11-26 17:57:43.820623 INFO::Fitting model to feature number 2058, maxbin_ERR12405990.012
2025-11-26 17:57:43.849845 INFO::Fitting model to feature number 2059, semibin_SRR5930504.70
2025-11-26 17:57:43.879885 INFO::Fitting model to feature number 2060, semibin_SRR11413654.127
2025-11-26 17:57:43.903542 INFO::Fitting model to feature number 2061, semibin_SRR11413608.100
2025-11-26 17:57:43.926843 INFO::Fitting model to feature number 2062, metabat_ERR6275652.28
2025-11-26 17:57:43.958265 INFO::Fitting model to feature number 2063, semibin_SRR11413656.55
2025-11-26 17:57:43.982506 INFO::Fitting model to feature number 2064, semibin_SRR5930495.0_sub
2025-11-26 17:57:44.006381 INFO::Fitting model to feature number 2065, metabat_SRR16554726.7
2025-11-26 17:57:44.030146 INFO::Fitting model to feature number 2066, maxbin_ERR12405920.014
2025-11-26 17:57:44.054183 INFO::Fitting model to feature number 2067, metabat_ERR12405918.6_sub
2025-11-26 17:57:44.077369 INFO::Fitting model to feature number 2068, maxbin_SRR11413687.052
2025-11-26 17:57:44.09994 INFO::Fitting model to feature number 2069, metabat_ERR12405929.15
2025-11-26 17:57:44.12211 INFO::Fitting model to feature number 2070, semibin_ERR12405961.53
2025-11-26 17:57:44.146805 INFO::Fitting model to feature number 2071, metabat_SRR11413606.21
2025-11-26 17:57:44.170408 INFO::Fitting model to feature number 2072, metabat_SRR11413620.38
2025-11-26 17:57:44.201991 INFO::Fitting model to feature number 2073, semibin_ERR12406002.26_sub
2025-11-26 17:57:44.224947 INFO::Fitting model to feature number 2074, semibin_SRR8387679.0
2025-11-26 17:57:44.25017 INFO::Fitting model to feature number 2075, semibin_SRR5930498.39
2025-11-26 17:57:44.275671 INFO::Fitting model to feature number 2076, metabat_ERR12405963.36_sub
2025-11-26 17:57:44.299776 INFO::Fitting model to feature number 2077, metabat_ERR6282383.84
2025-11-26 17:57:44.323136 INFO::Fitting model to feature number 2078, semibin_SRR11413611.58
2025-11-26 17:57:44.345375 INFO::Fitting model to feature number 2079, semibin_ERR12405928.10
2025-11-26 17:57:44.368467 INFO::Fitting model to feature number 2080, metabat_SRR11413692.37
2025-11-26 17:57:44.391511 INFO::Fitting model to feature number 2081, metabat_ERR12405987.26
2025-11-26 17:57:44.415729 INFO::Fitting model to feature number 2082, semibin_ERR12406002.24
2025-11-26 17:57:44.451463 INFO::Fitting model to feature number 2083, semibin_SRR5930494.87
2025-11-26 17:57:44.475824 INFO::Fitting model to feature number 2084, semibin_SRR6000931.41
2025-11-26 17:57:44.528025 INFO::Fitting model to feature number 2085, semibin_ERR12405935.39
2025-11-26 17:57:44.552246 INFO::Fitting model to feature number 2086, metabat_ERR12406000.9
2025-11-26 17:57:44.575961 INFO::Fitting model to feature number 2087, metabat_SRR11413654.13
2025-11-26 17:57:44.59924 INFO::Fitting model to feature number 2088, semibin_SRR11413656.97
2025-11-26 17:57:44.622736 INFO::Fitting model to feature number 2089, semibin_SRR11413647.92
2025-11-26 17:57:44.645269 INFO::Fitting model to feature number 2090, semibin_SRR16554647.36
2025-11-26 17:57:44.667359 INFO::Fitting model to feature number 2091, metabat_ERR6279629.17_sub
2025-11-26 17:57:44.690765 INFO::Fitting model to feature number 2092, metabat_SRR13022269.5
2025-11-26 17:57:44.714531 INFO::Fitting model to feature number 2093, semibin_SRR11413647.85
2025-11-26 17:57:44.737142 INFO::Fitting model to feature number 2094, metabat_SRR11413654.36
2025-11-26 17:57:44.761676 INFO::Fitting model to feature number 2095, semibin_ERR12405998.40
2025-11-26 17:57:44.791312 INFO::Fitting model to feature number 2096, maxbin_SRR11413619.035_sub
2025-11-26 17:57:44.816794 INFO::Fitting model to feature number 2097, metabat_ERR12405942.50
2025-11-26 17:57:44.839242 INFO::Fitting model to feature number 2098, maxbin_SRR11413655.010
2025-11-26 17:57:44.866344 INFO::Fitting model to feature number 2099, metabat_ERR12405928.45
2025-11-26 17:57:44.888538 INFO::Fitting model to feature number 2100, metabat_SRR25825510.14_sub
2025-11-26 17:57:44.914481 INFO::Fitting model to feature number 2101, semibin_SRR11413615.16
2025-11-26 17:57:44.936411 INFO::Fitting model to feature number 2102, maxbin_SRR11413684.018
2025-11-26 17:57:44.960747 INFO::Fitting model to feature number 2103, semibin_ERR12405937.46
2025-11-26 17:57:44.983037 INFO::Fitting model to feature number 2104, metabat_ERR12405946.17
2025-11-26 17:57:45.006706 INFO::Fitting model to feature number 2105, metabat_ERR12405992.3
2025-11-26 17:57:45.029702 INFO::Fitting model to feature number 2106, semibin_SRR5930536.78
2025-11-26 17:57:45.066117 INFO::Fitting model to feature number 2107, semibin_ERR12405912.84
2025-11-26 17:57:45.087964 INFO::Fitting model to feature number 2108, metabat_SRR5930501.36
2025-11-26 17:57:45.11413 INFO::Fitting model to feature number 2109, semibin_ERR12405968.12
2025-11-26 17:57:45.136704 INFO::Fitting model to feature number 2110, semibin_SRR11413611.51_sub
2025-11-26 17:57:45.159247 INFO::Fitting model to feature number 2111, maxbin_SRR11413678.037
2025-11-26 17:57:45.18257 INFO::Fitting model to feature number 2112, semibin_ERR12405928.62
2025-11-26 17:57:45.229914 INFO::Fitting model to feature number 2113, maxbin_ERR12406012.018
2025-11-26 17:57:45.252748 INFO::Fitting model to feature number 2114, maxbin_SRR16554666.026
2025-11-26 17:57:45.277646 INFO::Fitting model to feature number 2115, metabat_SRR11413648.66
2025-11-26 17:57:45.298985 INFO::Fitting model to feature number 2116, metabat_ERR12405927.14
2025-11-26 17:57:45.323831 INFO::Fitting model to feature number 2117, metabat_SRR11413613.46
2025-11-26 17:57:45.352358 INFO::Fitting model to feature number 2118, metabat_SRR11413610.48
2025-11-26 17:57:45.377467 INFO::Fitting model to feature number 2119, metabat_SRR20881980.24_sub
2025-11-26 17:57:45.399687 INFO::Fitting model to feature number 2120, maxbin_SRR16554627.030_sub
2025-11-26 17:57:45.424748 INFO::Fitting model to feature number 2121, metabat_SRR25825519.12_sub
2025-11-26 17:57:45.448316 INFO::Fitting model to feature number 2122, semibin_SRR5930528.83_sub
2025-11-26 17:57:45.472064 INFO::Fitting model to feature number 2123, metabat_SRR23364199.7
2025-11-26 17:57:45.494847 INFO::Fitting model to feature number 2124, semibin_SRR20881977.6
2025-11-26 17:57:45.51908 INFO::Fitting model to feature number 2125, semibin_ERR12405915.19
2025-11-26 17:57:45.543594 INFO::Fitting model to feature number 2126, semibin_ERR12405955.2
2025-11-26 17:57:45.569625 INFO::Fitting model to feature number 2127, semibin_ERR12405963.29
2025-11-26 17:57:45.592011 INFO::Fitting model to feature number 2128, metabat_SRR11413649.70
2025-11-26 17:57:45.615331 INFO::Fitting model to feature number 2129, semibin_ERR12405923.34
2025-11-26 17:57:45.639135 INFO::Fitting model to feature number 2130, semibin_ERR6275675.39_sub
2025-11-26 17:57:45.663307 INFO::Fitting model to feature number 2131, metabat_SRR11413645.64
2025-11-26 17:57:45.686319 INFO::Fitting model to feature number 2132, semibin_SRR16168943.33
2025-11-26 17:57:45.718087 INFO::Fitting model to feature number 2133, metabat_ERR6281518.75
2025-11-26 17:57:45.74157 INFO::Fitting model to feature number 2134, metabat_ERR6280907.74
2025-11-26 17:57:45.771433 INFO::Fitting model to feature number 2135, metabat_SRR11413617.26_sub
2025-11-26 17:57:45.794395 INFO::Fitting model to feature number 2136, metabat_SRR5930526.94
2025-11-26 17:57:45.824678 INFO::Fitting model to feature number 2137, semibin_SRR5930536.22
2025-11-26 17:57:45.848243 INFO::Fitting model to feature number 2138, metabat_ERR6281518.71
2025-11-26 17:57:45.872942 INFO::Fitting model to feature number 2139, metabat_SRR25825519.52
2025-11-26 17:57:45.919824 INFO::Fitting model to feature number 2140, semibin_ERR12405913.25
2025-11-26 17:57:45.943663 INFO::Fitting model to feature number 2141, semibin_SRR16554654.4_sub
2025-11-26 17:57:45.97858 INFO::Fitting model to feature number 2142, metabat_ERR12405910.22_sub
2025-11-26 17:57:46.003499 INFO::Fitting model to feature number 2143, semibin_SRR11413657.92
2025-11-26 17:57:46.029181 INFO::Fitting model to feature number 2144, metabat_SRR23364199.53_sub
2025-11-26 17:57:46.052128 INFO::Fitting model to feature number 2145, semibin_ERR12405957.24
2025-11-26 17:57:46.076035 INFO::Fitting model to feature number 2146, metabat_SRR8387676.9
2025-11-26 17:57:46.099594 INFO::Fitting model to feature number 2147, metabat_SRR11413657.85
2025-11-26 17:57:46.125263 INFO::Fitting model to feature number 2148, semibin_ERR12405997.23
2025-11-26 17:57:46.147558 INFO::Fitting model to feature number 2149, semibin_SRR11413689.52
2025-11-26 17:57:46.172248 INFO::Fitting model to feature number 2150, metabat_ERR12405965.8
2025-11-26 17:57:46.195588 INFO::Fitting model to feature number 2151, metabat_SRR16554660.26
2025-11-26 17:57:46.220487 INFO::Fitting model to feature number 2152, semibin_SRR11413613.8
2025-11-26 17:57:46.243481 INFO::Fitting model to feature number 2153, semibin_SRR11413689.16
2025-11-26 17:57:46.275244 INFO::Fitting model to feature number 2154, semibin_ERR6279657.67
2025-11-26 17:57:46.298385 INFO::Fitting model to feature number 2155, metabat_ERR12405994.10
2025-11-26 17:57:46.326091 INFO::Fitting model to feature number 2156, semibin_SRR8387677.38
2025-11-26 17:57:46.350246 INFO::Fitting model to feature number 2157, semibin_SRR11413685.32
2025-11-26 17:57:46.373558 INFO::Fitting model to feature number 2158, metabat_SRR16168942.20
2025-11-26 17:57:46.397592 INFO::Fitting model to feature number 2159, metabat_SRR13068825.48
2025-11-26 17:57:46.422045 INFO::Fitting model to feature number 2160, metabat_SRR6000894.40
2025-11-26 17:57:46.445857 INFO::Fitting model to feature number 2161, semibin_SRR11413657.127
2025-11-26 17:57:46.469523 INFO::Fitting model to feature number 2162, metabat_ERR12405919.8
2025-11-26 17:57:46.493427 INFO::Fitting model to feature number 2163, semibin_ERR12405952.30
2025-11-26 17:57:46.516927 INFO::Fitting model to feature number 2164, semibin_ERR12405980.54
2025-11-26 17:57:46.541408 INFO::Fitting model to feature number 2165, semibin_SRR25825506.42
2025-11-26 17:57:46.571318 INFO::Fitting model to feature number 2166, metabat_SRR16168920.6
2025-11-26 17:57:46.596041 INFO::Fitting model to feature number 2167, semibin_SRR25825500.86
2025-11-26 17:57:46.648589 INFO::Fitting model to feature number 2168, maxbin_ERR12406009.012
2025-11-26 17:57:46.672194 INFO::Fitting model to feature number 2169, semibin_ERR12405912.18
2025-11-26 17:57:46.697102 INFO::Fitting model to feature number 2170, metabat_SRR16168896.21
2025-11-26 17:57:46.720861 INFO::Fitting model to feature number 2171, semibin_ERR6281997.61
2025-11-26 17:57:46.744848 INFO::Fitting model to feature number 2172, semibin_SRR11413610.61
2025-11-26 17:57:46.768284 INFO::Fitting model to feature number 2173, maxbin_ERR6275652.027
2025-11-26 17:57:46.792654 INFO::Fitting model to feature number 2174, metabat_ERR12405943.45
2025-11-26 17:57:46.817343 INFO::Fitting model to feature number 2175, semibin_ERR12406001.7
2025-11-26 17:57:46.847714 INFO::Fitting model to feature number 2176, metabat_ERR6232524.25
2025-11-26 17:57:46.869695 INFO::Fitting model to feature number 2177, maxbin_SRR25825506.019
2025-11-26 17:57:46.898613 INFO::Fitting model to feature number 2178, semibin_SRR11413649.107
2025-11-26 17:57:46.92418 INFO::Fitting model to feature number 2179, semibin_SRR5930507.107
2025-11-26 17:57:46.94845 INFO::Fitting model to feature number 2180, metabat_ERR12405933.25
2025-11-26 17:57:46.972186 INFO::Fitting model to feature number 2181, maxbin_SRR5930504.041
2025-11-26 17:57:46.997732 INFO::Fitting model to feature number 2182, maxbin_ERR12405998.015
2025-11-26 17:57:47.021231 INFO::Fitting model to feature number 2183, metabat_ERR12406005.5
2025-11-26 17:57:47.048091 INFO::Fitting model to feature number 2184, maxbin_ERR12405997.011
2025-11-26 17:57:47.070743 INFO::Fitting model to feature number 2185, maxbin_SRR5930528.038
2025-11-26 17:57:47.095376 INFO::Fitting model to feature number 2186, metabat_ERR12406008.18
2025-11-26 17:57:47.118681 INFO::Fitting model to feature number 2187, semibin_ERR6279669.21
2025-11-26 17:57:47.150045 INFO::Fitting model to feature number 2188, semibin_SRR5930495.69
2025-11-26 17:57:47.173132 INFO::Fitting model to feature number 2189, semibin_SRR11413657.4_sub
2025-11-26 17:57:47.198996 INFO::Fitting model to feature number 2190, semibin_SRR8387677.31
2025-11-26 17:57:47.222548 INFO::Fitting model to feature number 2191, metabat_ERR6264281.18_sub
2025-11-26 17:57:47.245343 INFO::Fitting model to feature number 2192, semibin_SRR11413610.84
2025-11-26 17:57:47.268368 INFO::Fitting model to feature number 2193, semibin_SRR5930504.31_sub
2025-11-26 17:57:47.291592 INFO::Fitting model to feature number 2194, semibin_ERR12405984.16
2025-11-26 17:57:47.315598 INFO::Fitting model to feature number 2195, metabat_SRR11413612.17
2025-11-26 17:57:47.360409 INFO::Fitting model to feature number 2196, semibin_SRR11413613.3
2025-11-26 17:57:47.384096 INFO::Fitting model to feature number 2197, semibin_SRR16554769.30_sub
2025-11-26 17:57:47.413811 INFO::Fitting model to feature number 2198, semibin_SRR23364216.26
2025-11-26 17:57:47.436036 INFO::Fitting model to feature number 2199, metabat_ERR12406000.18
2025-11-26 17:57:47.46557 INFO::Fitting model to feature number 2200, metabat_SRR5930494.22
2025-11-26 17:57:47.487968 INFO::Fitting model to feature number 2201, semibin_SRR11413657.20
2025-11-26 17:57:47.510879 INFO::Fitting model to feature number 2202, maxbin_SRR11413653.015
2025-11-26 17:57:47.534482 INFO::Fitting model to feature number 2203, metabat_ERR12405955.3
2025-11-26 17:57:47.557581 INFO::Fitting model to feature number 2204, maxbin_SRR11413615.034_sub
2025-11-26 17:57:47.581475 INFO::Fitting model to feature number 2205, semibin_SRR23364199.80
2025-11-26 17:57:47.604059 INFO::Fitting model to feature number 2206, metabat_SRR11413648.15
2025-11-26 17:57:47.628459 INFO::Fitting model to feature number 2207, metabat_SRR16554636.13
2025-11-26 17:57:47.651394 INFO::Fitting model to feature number 2208, maxbin_ERR12405979.016
2025-11-26 17:57:47.675714 INFO::Fitting model to feature number 2209, semibin_SRR20881979.96_sub
2025-11-26 17:57:47.702989 INFO::Fitting model to feature number 2210, metabat_SRR11413656.25
2025-11-26 17:57:47.731217 INFO::Fitting model to feature number 2211, metabat_ERR6279671.9
2025-11-26 17:57:47.754758 INFO::Fitting model to feature number 2212, metabat_ERR6281518.6_sub
2025-11-26 17:57:47.781317 INFO::Fitting model to feature number 2213, maxbin_SRR11413608.008
2025-11-26 17:57:47.803354 INFO::Fitting model to feature number 2214, maxbin_SRR11413679.051_sub
2025-11-26 17:57:47.827197 INFO::Fitting model to feature number 2215, semibin_SRR11413610.34
2025-11-26 17:57:47.850497 INFO::Fitting model to feature number 2216, metabat_ERR12406010.8_sub
2025-11-26 17:57:47.874888 INFO::Fitting model to feature number 2217, semibin_ERR12405965.36
2025-11-26 17:57:47.896714 INFO::Fitting model to feature number 2218, metabat_ERR12405920.23
2025-11-26 17:57:47.921539 INFO::Fitting model to feature number 2219, metabat_SRR6000905.63
2025-11-26 17:57:47.94304 INFO::Fitting model to feature number 2220, maxbin_ERR12405998.009
2025-11-26 17:57:47.977402 INFO::Fitting model to feature number 2221, semibin_SRR11413681.26
2025-11-26 17:57:47.999696 INFO::Fitting model to feature number 2222, semibin_SRR11413613.4
2025-11-26 17:57:48.049031 INFO::Fitting model to feature number 2223, semibin_SRR13022461.32
2025-11-26 17:57:48.074103 INFO::Fitting model to feature number 2224, semibin_SRR20881987.45
2025-11-26 17:57:48.097906 INFO::Fitting model to feature number 2225, semibin_SRR11413610.60
2025-11-26 17:57:48.12298 INFO::Fitting model to feature number 2226, semibin_SRR11413683.37
2025-11-26 17:57:48.146661 INFO::Fitting model to feature number 2227, semibin_ERR6281658.34
2025-11-26 17:57:48.170543 INFO::Fitting model to feature number 2228, semibin_SRR5930498.22
2025-11-26 17:57:48.194055 INFO::Fitting model to feature number 2229, metabat_SRR11413645.9
2025-11-26 17:57:48.226387 INFO::Fitting model to feature number 2230, semibin_ERR12405950.25
2025-11-26 17:57:48.249732 INFO::Fitting model to feature number 2231, semibin_SRR23364171.14_sub
2025-11-26 17:57:48.273969 INFO::Fitting model to feature number 2232, semibin_ERR6280899.75
2025-11-26 17:57:48.300027 INFO::Fitting model to feature number 2233, semibin_SRR11413692.5
2025-11-26 17:57:48.323079 INFO::Fitting model to feature number 2234, maxbin_SRR11413610.020
2025-11-26 17:57:48.348167 INFO::Fitting model to feature number 2235, metabat_SRR5930506.18
2025-11-26 17:57:48.370334 INFO::Fitting model to feature number 2236, maxbin_SRR13068851.002
2025-11-26 17:57:48.394955 INFO::Fitting model to feature number 2237, metabat_ERR12405917.17
2025-11-26 17:57:48.41793 INFO::Fitting model to feature number 2238, semibin_SRR11413619.196_sub
2025-11-26 17:57:48.442495 INFO::Fitting model to feature number 2239, maxbin_ERR12405976.001
2025-11-26 17:57:48.466238 INFO::Fitting model to feature number 2240, metabat_SRR20881981.63
2025-11-26 17:57:48.499738 INFO::Fitting model to feature number 2241, metabat_SRR11413649.13
2025-11-26 17:57:48.522529 INFO::Fitting model to feature number 2242, semibin_SRR11413656.24
2025-11-26 17:57:48.551805 INFO::Fitting model to feature number 2243, metabat_SRR5930529.63_sub
2025-11-26 17:57:48.57547 INFO::Fitting model to feature number 2244, semibin_SRR13068843.2
2025-11-26 17:57:48.6011 INFO::Fitting model to feature number 2245, metabat_SRR23364176.32
2025-11-26 17:57:48.623982 INFO::Fitting model to feature number 2246, metabat_SRR20881981.9
2025-11-26 17:57:48.648948 INFO::Fitting model to feature number 2247, metabat_SRR16168913.43
2025-11-26 17:57:48.671683 INFO::Fitting model to feature number 2248, maxbin_SRR23364176.009
2025-11-26 17:57:48.696004 INFO::Fitting model to feature number 2249, metabat_SRR11413683.27
2025-11-26 17:57:48.71824 INFO::Fitting model to feature number 2250, maxbin_ERR12406003.027
2025-11-26 17:57:48.812213 INFO::Fitting model to feature number 2251, maxbin_ERR12406003.020
2025-11-26 17:57:48.836761 INFO::Fitting model to feature number 2252, maxbin_SRR11413657.029
2025-11-26 17:57:48.858123 INFO::Fitting model to feature number 2253, maxbin_SRR11413678.043
2025-11-26 17:57:48.881545 INFO::Fitting model to feature number 2254, maxbin_SRR11413612.006
2025-11-26 17:57:48.90588 INFO::Fitting model to feature number 2255, semibin_ERR6279673.45
2025-11-26 17:57:48.931088 INFO::Fitting model to feature number 2256, semibin_ERR6275674.36_sub
2025-11-26 17:57:48.953364 INFO::Fitting model to feature number 2257, semibin_SRR5930498.76
2025-11-26 17:57:48.977494 INFO::Fitting model to feature number 2258, maxbin_SRR11413690.011
2025-11-26 17:57:49.000607 INFO::Fitting model to feature number 2259, maxbin_SRR11413679.007
2025-11-26 17:57:49.024567 INFO::Fitting model to feature number 2260, metabat_ERR6281343.50_sub
2025-11-26 17:57:49.047908 INFO::Fitting model to feature number 2261, metabat_SRR11413657.66_sub
2025-11-26 17:57:49.071491 INFO::Fitting model to feature number 2262, semibin_SRR23364235.52
2025-11-26 17:57:49.09441 INFO::Fitting model to feature number 2263, semibin_ERR12405979.21
2025-11-26 17:57:49.115668 INFO::Fitting model to feature number 2264, metabat_SRR20881985.70
2025-11-26 17:57:49.146855 INFO::Fitting model to feature number 2265, semibin_SRR11413654.116
2025-11-26 17:57:49.177186 INFO::Fitting model to feature number 2266, semibin_ERR12405960.30
2025-11-26 17:57:49.206436 INFO::Fitting model to feature number 2267, semibin_ERR6279655.13
2025-11-26 17:57:49.231904 INFO::Fitting model to feature number 2268, metabat_ERR12405995.18
2025-11-26 17:57:49.256476 INFO::Fitting model to feature number 2269, semibin_SRR5930510.39
2025-11-26 17:57:49.281754 INFO::Fitting model to feature number 2270, semibin_SRR20881978.50
2025-11-26 17:57:49.306499 INFO::Fitting model to feature number 2271, semibin_ERR12405928.72
2025-11-26 17:57:49.331279 INFO::Fitting model to feature number 2272, metabat_SRR11413645.53
2025-11-26 17:57:49.354797 INFO::Fitting model to feature number 2273, maxbin_SRR5930520.048_sub
2025-11-26 17:57:49.379585 INFO::Fitting model to feature number 2274, semibin_SRR20881974.54
2025-11-26 17:57:49.408952 INFO::Fitting model to feature number 2275, maxbin_ERR12405967.002_sub
2025-11-26 17:57:49.437217 INFO::Fitting model to feature number 2276, maxbin_SRR8387712.022
2025-11-26 17:57:49.462885 INFO::Fitting model to feature number 2277, metabat_ERR12405965.31_sub
2025-11-26 17:57:49.492835 INFO::Fitting model to feature number 2278, metabat_SRR25825514.3
2025-11-26 17:57:49.539868 INFO::Fitting model to feature number 2279, metabat_SRR5930498.62
2025-11-26 17:57:49.562021 INFO::Fitting model to feature number 2280, semibin_SRR23364189.47
2025-11-26 17:57:49.586988 INFO::Fitting model to feature number 2281, semibin_SRR11413646.13
2025-11-26 17:57:49.609097 INFO::Fitting model to feature number 2282, maxbin_SRR11413681.026
2025-11-26 17:57:49.634475 INFO::Fitting model to feature number 2283, semibin_ERR12406012.38
2025-11-26 17:57:49.656444 INFO::Fitting model to feature number 2284, maxbin_SRR11413689.008
2025-11-26 17:57:49.690075 INFO::Fitting model to feature number 2285, metabat_SRR5930528.90
2025-11-26 17:57:49.717395 INFO::Fitting model to feature number 2286, metabat_ERR12405943.50_sub
2025-11-26 17:57:49.747334 INFO::Fitting model to feature number 2287, semibin_ERR6275673.30
2025-11-26 17:57:49.769088 INFO::Fitting model to feature number 2288, semibin_SRR11413615.80
2025-11-26 17:57:49.792219 INFO::Fitting model to feature number 2289, maxbin_SRR13068844.013_sub
2025-11-26 17:57:49.815578 INFO::Fitting model to feature number 2290, semibin_ERR6279655.27
2025-11-26 17:57:49.838513 INFO::Fitting model to feature number 2291, maxbin_SRR11413611.022
2025-11-26 17:57:49.862743 INFO::Fitting model to feature number 2292, maxbin_SRR13022303.020_sub
2025-11-26 17:57:49.884556 INFO::Fitting model to feature number 2293, metabat_SRR11413607.57
2025-11-26 17:57:49.909146 INFO::Fitting model to feature number 2294, metabat_SRR11413646.20
2025-11-26 17:57:49.931242 INFO::Fitting model to feature number 2295, semibin_SRR11413657.81
2025-11-26 17:57:49.955884 INFO::Fitting model to feature number 2296, metabat_SRR11413657.28
2025-11-26 17:57:49.977499 INFO::Fitting model to feature number 2297, metabat_ERR12405953.12
2025-11-26 17:57:50.013382 INFO::Fitting model to feature number 2298, semibin_SRR11413692.20
2025-11-26 17:57:50.035955 INFO::Fitting model to feature number 2299, maxbin_SRR11413690.015
2025-11-26 17:57:50.070477 INFO::Fitting model to feature number 2300, metabat_ERR6275661.57
2025-11-26 17:57:50.092206 INFO::Fitting model to feature number 2301, semibin_SRR5930516.224
2025-11-26 17:57:50.116365 INFO::Fitting model to feature number 2302, semibin_SRR20881981.27
2025-11-26 17:57:50.138618 INFO::Fitting model to feature number 2303, metabat_SRR11413618.42
2025-11-26 17:57:50.162912 INFO::Fitting model to feature number 2304, semibin_SRR13068823.89
2025-11-26 17:57:50.185285 INFO::Fitting model to feature number 2305, metabat_SRR13068846.48
2025-11-26 17:57:50.210975 INFO::Fitting model to feature number 2306, semibin_SRR11413608.76
2025-11-26 17:57:50.2702 INFO::Fitting model to feature number 2307, metabat_SRR11413657.46
2025-11-26 17:57:50.294209 INFO::Fitting model to feature number 2308, metabat_ERR12405947.20
2025-11-26 17:57:50.322361 INFO::Fitting model to feature number 2309, semibin_ERR6281341.3
2025-11-26 17:57:50.346214 INFO::Fitting model to feature number 2310, metabat_SRR11413689.39
2025-11-26 17:57:50.367052 INFO::Fitting model to feature number 2311, metabat_ERR12405973.8
2025-11-26 17:57:50.387754 INFO::Fitting model to feature number 2312, metabat_ERR6281432.10
2025-11-26 17:57:50.414291 INFO::Fitting model to feature number 2313, maxbin_SRR20881983.029
2025-11-26 17:57:50.435862 INFO::Fitting model to feature number 2314, semibin_ERR12406012.20
2025-11-26 17:57:50.461949 INFO::Fitting model to feature number 2315, semibin_ERR12405955.104
2025-11-26 17:57:50.488488 INFO::Fitting model to feature number 2316, metabat_SRR20881987.24
2025-11-26 17:57:50.515677 INFO::Fitting model to feature number 2317, metabat_SRR11413649.84
2025-11-26 17:57:50.537133 INFO::Fitting model to feature number 2318, metabat_SRR11413619.62
2025-11-26 17:57:50.561506 INFO::Fitting model to feature number 2319, semibin_SRR13068835.82
2025-11-26 17:57:50.589056 INFO::Fitting model to feature number 2320, semibin_ERR12405943.66
2025-11-26 17:57:50.618994 INFO::Fitting model to feature number 2321, maxbin_ERR12405977.012
2025-11-26 17:57:50.641435 INFO::Fitting model to feature number 2322, metabat_ERR12405943.42
2025-11-26 17:57:50.671414 INFO::Fitting model to feature number 2323, metabat_SRR11413684.18
2025-11-26 17:57:50.694783 INFO::Fitting model to feature number 2324, metabat_SRR23364171.10
2025-11-26 17:57:50.719877 INFO::Fitting model to feature number 2325, semibin_SRR20881975.40
2025-11-26 17:57:50.744084 INFO::Fitting model to feature number 2326, semibin_ERR6279618.55
2025-11-26 17:57:50.76887 INFO::Fitting model to feature number 2327, metabat_ERR12405992.23
2025-11-26 17:57:50.792298 INFO::Fitting model to feature number 2328, metabat_SRR20881981.42_sub
2025-11-26 17:57:50.8181 INFO::Fitting model to feature number 2329, metabat_SRR5930528.105
2025-11-26 17:57:50.840581 INFO::Fitting model to feature number 2330, semibin_SRR25825505.24
2025-11-26 17:57:50.869538 INFO::Fitting model to feature number 2331, maxbin_ERR6281000.031_sub
2025-11-26 17:57:50.89475 INFO::Fitting model to feature number 2332, maxbin_SRR11413683.028
2025-11-26 17:57:50.917531 INFO::Fitting model to feature number 2333, metabat_SRR16554766.44
2025-11-26 17:57:50.962418 INFO::Fitting model to feature number 2334, metabat_SRR11413683.15
2025-11-26 17:57:50.990381 INFO::Fitting model to feature number 2335, metabat_SRR11413652.38
2025-11-26 17:57:51.013536 INFO::Fitting model to feature number 2336, metabat_ERR12405953.24
2025-11-26 17:57:51.037592 INFO::Fitting model to feature number 2337, semibin_SRR23364230.9
2025-11-26 17:57:51.060671 INFO::Fitting model to feature number 2338, metabat_ERR12405979.19
2025-11-26 17:57:51.083793 INFO::Fitting model to feature number 2339, metabat_ERR12405923.2
2025-11-26 17:57:51.107324 INFO::Fitting model to feature number 2340, semibin_SRR11413683.27
2025-11-26 17:57:51.13023 INFO::Fitting model to feature number 2341, metabat_SRR11413618.19
2025-11-26 17:57:51.152433 INFO::Fitting model to feature number 2342, semibin_SRR5930527.26
2025-11-26 17:57:51.175084 INFO::Fitting model to feature number 2343, metabat_ERR12405911.29
2025-11-26 17:57:51.199112 INFO::Fitting model to feature number 2344, semibin_SRR11413648.57
2025-11-26 17:57:51.222382 INFO::Fitting model to feature number 2345, semibin_ERR12405976.10
2025-11-26 17:57:51.246749 INFO::Fitting model to feature number 2346, maxbin_ERR6281504.041_sub
2025-11-26 17:57:51.274039 INFO::Fitting model to feature number 2347, metabat_ERR12406003.28_sub
2025-11-26 17:57:51.301592 INFO::Fitting model to feature number 2348, metabat_SRR16554769.37
2025-11-26 17:57:51.325171 INFO::Fitting model to feature number 2349, metabat_ERR12405912.30_sub
2025-11-26 17:57:51.354937 INFO::Fitting model to feature number 2350, maxbin_ERR12405911.011
2025-11-26 17:57:51.377034 INFO::Fitting model to feature number 2351, maxbin_ERR6281518.058_sub
2025-11-26 17:57:51.401525 INFO::Fitting model to feature number 2352, semibin_ERR6275661.85
2025-11-26 17:57:51.424675 INFO::Fitting model to feature number 2353, maxbin_SRR5930506.023
2025-11-26 17:57:51.449369 INFO::Fitting model to feature number 2354, metabat_SRR8387676.31
2025-11-26 17:57:51.471275 INFO::Fitting model to feature number 2355, semibin_ERR12405963.23
2025-11-26 17:57:51.49549 INFO::Fitting model to feature number 2356, metabat_SRR11413657.73
2025-11-26 17:57:51.518518 INFO::Fitting model to feature number 2357, maxbin_SRR11413657.011
2025-11-26 17:57:51.548119 INFO::Fitting model to feature number 2358, metabat_SRR11413648.69
2025-11-26 17:57:51.572671 INFO::Fitting model to feature number 2359, maxbin_ERR12406006.012
2025-11-26 17:57:51.595709 INFO::Fitting model to feature number 2360, maxbin_ERR12405931.009
2025-11-26 17:57:51.622316 INFO::Fitting model to feature number 2361, semibin_SRR23364187.35
2025-11-26 17:57:51.667868 INFO::Fitting model to feature number 2362, metabat_ERR12405976.45
2025-11-26 17:57:51.6915 INFO::Fitting model to feature number 2363, metabat_ERR12405971.14
2025-11-26 17:57:51.716268 INFO::Fitting model to feature number 2364, semibin_SRR5930528.70_sub
2025-11-26 17:57:51.739102 INFO::Fitting model to feature number 2365, metabat_ERR12405959.26
2025-11-26 17:57:51.762859 INFO::Fitting model to feature number 2366, semibin_SRR11413611.84
2025-11-26 17:57:51.785982 INFO::Fitting model to feature number 2367, metabat_SRR11413657.58
2025-11-26 17:57:51.809446 INFO::Fitting model to feature number 2368, semibin_SRR11413657.63_sub
2025-11-26 17:57:51.833061 INFO::Fitting model to feature number 2369, metabat_SRR11413615.38
2025-11-26 17:57:51.862539 INFO::Fitting model to feature number 2370, maxbin_SRR11413656.029
2025-11-26 17:57:51.887541 INFO::Fitting model to feature number 2371, semibin_SRR23364231.47
2025-11-26 17:57:51.910528 INFO::Fitting model to feature number 2372, maxbin_ERR12405938.012
2025-11-26 17:57:51.937988 INFO::Fitting model to feature number 2373, metabat_ERR12405980.6_sub
2025-11-26 17:57:51.95997 INFO::Fitting model to feature number 2374, metabat_SRR13022266.9
2025-11-26 17:57:51.984789 INFO::Fitting model to feature number 2375, maxbin_SRR11413684.040_sub
2025-11-26 17:57:52.007863 INFO::Fitting model to feature number 2376, metabat_ERR6275668.9_sub
2025-11-26 17:57:52.033129 INFO::Fitting model to feature number 2377, metabat_ERR12405976.15
2025-11-26 17:57:52.055228 INFO::Fitting model to feature number 2378, metabat_SRR20881986.19
2025-11-26 17:57:52.078617 INFO::Fitting model to feature number 2379, metabat_SRR8387710.39
2025-11-26 17:57:52.101962 INFO::Fitting model to feature number 2380, semibin_SRR13068831.26
2025-11-26 17:57:52.125701 INFO::Fitting model to feature number 2381, metabat_SRR11413656.44_sub
2025-11-26 17:57:52.149111 INFO::Fitting model to feature number 2382, maxbin_ERR12405965.033_sub
2025-11-26 17:57:52.180662 INFO::Fitting model to feature number 2383, metabat_ERR12406000.1
2025-11-26 17:57:52.203982 INFO::Fitting model to feature number 2384, metabat_SRR11413657.12
2025-11-26 17:57:52.230579 INFO::Fitting model to feature number 2385, semibin_SRR5930503.28_sub
2025-11-26 17:57:52.255075 INFO::Fitting model to feature number 2386, semibin_SRR13068851.37
2025-11-26 17:57:52.276724 INFO::Fitting model to feature number 2387, semibin_SRR11413686.33
2025-11-26 17:57:52.301967 INFO::Fitting model to feature number 2388, semibin_SRR11413653.2
2025-11-26 17:57:52.323381 INFO::Fitting model to feature number 2389, metabat_ERR12405999.13
2025-11-26 17:57:52.365837 INFO::Fitting model to feature number 2390, semibin_SRR20881975.83
2025-11-26 17:57:52.390145 INFO::Fitting model to feature number 2391, metabat_SRR20881986.22
2025-11-26 17:57:52.411477 INFO::Fitting model to feature number 2392, semibin_ERR12405955.19
2025-11-26 17:57:52.436655 INFO::Fitting model to feature number 2393, semibin_SRR11413611.77
2025-11-26 17:57:52.458314 INFO::Fitting model to feature number 2394, metabat_SRR20881976.26_sub
2025-11-26 17:57:52.489728 INFO::Fitting model to feature number 2395, semibin_SRR11413690.41
2025-11-26 17:57:52.512781 INFO::Fitting model to feature number 2396, semibin_SRR23364231.57_sub
2025-11-26 17:57:52.539568 INFO::Fitting model to feature number 2397, metabat_SRR20881979.6
2025-11-26 17:57:52.563584 INFO::Fitting model to feature number 2398, metabat_SRR23364231.73
2025-11-26 17:57:52.586942 INFO::Fitting model to feature number 2399, metabat_SRR23364231.86
2025-11-26 17:57:52.610948 INFO::Fitting model to feature number 2400, maxbin_SRR23364230.029
2025-11-26 17:57:52.634284 INFO::Fitting model to feature number 2401, maxbin_SRR23364171.020
2025-11-26 17:57:52.658904 INFO::Fitting model to feature number 2402, maxbin_SRR11413647.034
2025-11-26 17:57:52.682206 INFO::Fitting model to feature number 2403, semibin_SRR8387681.35_sub
2025-11-26 17:57:52.707427 INFO::Fitting model to feature number 2404, semibin_SRR11413681.32
2025-11-26 17:57:52.729464 INFO::Fitting model to feature number 2405, metabat_SRR11413608.94
2025-11-26 17:57:52.754423 INFO::Fitting model to feature number 2406, semibin_ERR12405974.62
2025-11-26 17:57:52.776139 INFO::Fitting model to feature number 2407, metabat_SRR20881981.57
2025-11-26 17:57:52.80703 INFO::Fitting model to feature number 2408, semibin_SRR11413649.101
2025-11-26 17:57:52.829758 INFO::Fitting model to feature number 2409, semibin_SRR20881985.101
2025-11-26 17:57:52.855847 INFO::Fitting model to feature number 2410, semibin_ERR6280899.58
2025-11-26 17:57:52.882865 INFO::Fitting model to feature number 2411, metabat_ERR12405938.21
2025-11-26 17:57:52.907095 INFO::Fitting model to feature number 2412, semibin_SRR11413691.13
2025-11-26 17:57:52.930007 INFO::Fitting model to feature number 2413, semibin_SRR11413607.29
2025-11-26 17:57:52.953542 INFO::Fitting model to feature number 2414, metabat_ERR12405991.8
2025-11-26 17:57:52.977319 INFO::Fitting model to feature number 2415, maxbin_SRR11413679.019_sub
2025-11-26 17:57:52.998534 INFO::Fitting model to feature number 2416, maxbin_SRR11413646.028_sub
2025-11-26 17:57:53.041692 INFO::Fitting model to feature number 2417, metabat_SRR11413606.28
2025-11-26 17:57:53.082656 INFO::Fitting model to feature number 2418, maxbin_SRR11413653.043_sub
2025-11-26 17:57:53.108657 INFO::Fitting model to feature number 2419, semibin_SRR23364187.33
2025-11-26 17:57:53.133846 INFO::Fitting model to feature number 2420, metabat_SRR20881988.20
2025-11-26 17:57:53.15592 INFO::Fitting model to feature number 2421, metabat_SRR23364174.33
2025-11-26 17:57:53.179399 INFO::Fitting model to feature number 2422, maxbin_SRR11413687.030_sub
2025-11-26 17:57:53.203327 INFO::Fitting model to feature number 2423, metabat_SRR11413614.20
2025-11-26 17:57:53.228296 INFO::Fitting model to feature number 2424, semibin_SRR11413608.29
2025-11-26 17:57:53.25048 INFO::Fitting model to feature number 2425, semibin_SRR13068829.87
2025-11-26 17:57:53.273542 INFO::Fitting model to feature number 2426, maxbin_SRR13068834.015_sub
2025-11-26 17:57:53.297596 INFO::Fitting model to feature number 2427, metabat_SRR23364171.73
2025-11-26 17:57:53.330855 INFO::Fitting model to feature number 2428, semibin_SRR5930494.98
2025-11-26 17:57:53.35961 INFO::Fitting model to feature number 2429, semibin_SRR11413649.21
2025-11-26 17:57:53.382999 INFO::Fitting model to feature number 2430, semibin_SRR11413611.10
2025-11-26 17:57:53.411885 INFO::Fitting model to feature number 2431, metabat_SRR23364197.35
2025-11-26 17:57:53.434398 INFO::Fitting model to feature number 2432, metabat_SRR11413648.43
2025-11-26 17:57:53.458273 INFO::Fitting model to feature number 2433, metabat_SRR13068841.46
2025-11-26 17:57:53.481402 INFO::Fitting model to feature number 2434, metabat_SRR20881975.20
2025-11-26 17:57:53.505871 INFO::Fitting model to feature number 2435, semibin_SRR23364230.42_sub
2025-11-26 17:57:53.529681 INFO::Fitting model to feature number 2436, semibin_SRR11413618.88_sub
2025-11-26 17:57:53.553449 INFO::Fitting model to feature number 2437, maxbin_SRR11413678.054_sub
2025-11-26 17:57:53.577271 INFO::Fitting model to feature number 2438, metabat_SRR23364187.7
2025-11-26 17:57:53.599785 INFO::Fitting model to feature number 2439, semibin_SRR5930503.75
2025-11-26 17:57:53.621996 INFO::Fitting model to feature number 2440, semibin_SRR11413649.56
2025-11-26 17:57:53.651873 INFO::Fitting model to feature number 2441, maxbin_SRR13068833.023
2025-11-26 17:57:53.680532 INFO::Fitting model to feature number 2442, maxbin_SRR20881987.022
2025-11-26 17:57:53.705771 INFO::Fitting model to feature number 2443, semibin_SRR23364171.10_sub
2025-11-26 17:57:53.732534 INFO::Fitting model to feature number 2444, metabat_SRR13068847.1
2025-11-26 17:57:53.779346 INFO::Fitting model to feature number 2445, semibin_SRR20881977.25_sub
2025-11-26 17:57:53.80429 INFO::Fitting model to feature number 2446, metabat_SRR23364230.26_sub
2025-11-26 17:57:53.830302 INFO::Fitting model to feature number 2447, semibin_SRR13068824.63
2025-11-26 17:57:53.973227 INFO::Counting total values for each feature
2025-11-26 17:57:54.029921 INFO::Writing filtered data to file results/9.Maaslin2_other_cancer_types_without_metadata_full/features/filtered_data.tsv
2025-11-26 17:57:54.164587 INFO::Writing filtered, normalized data to file results/9.Maaslin2_other_cancer_types_without_metadata_full/features/filtered_data_norm.tsv
2025-11-26 17:57:54.294068 INFO::Writing filtered, normalized, transformed data to file results/9.Maaslin2_other_cancer_types_without_metadata_full/features/filtered_data_norm_transformed.tsv
2025-11-26 17:57:54.529995 INFO::Writing residuals to file results/9.Maaslin2_other_cancer_types_without_metadata_full/fits/residuals.rds
2025-11-26 17:57:54.649082 INFO::Writing fitted values to file results/9.Maaslin2_other_cancer_types_without_metadata_full/fits/fitted.rds
2025-11-26 17:57:54.732366 INFO::Writing extracted random effects to file results/9.Maaslin2_other_cancer_types_without_metadata_full/fits/ranef.rds
2025-11-26 17:57:54.737717 INFO::Writing all results to file (ordered by increasing q-values): results/9.Maaslin2_other_cancer_types_without_metadata_full/all_results.tsv
2025-11-26 17:57:54.746449 INFO::Writing the significant results (those which are less than or equal to the threshold of 0.250000 ) to file (ordered by increasing q-values): results/9.Maaslin2_other_cancer_types_without_metadata_full/significant_results.tsv
2025-11-26 17:57:54.747292 INFO::Writing association plots (one for each significant association) to output folder: results/9.Maaslin2_other_cancer_types_without_metadata_full
