2025-11-26 18:18:34.898852 INFO::Writing function arguments to log file
2025-11-26 18:18:34.899476 DEBUG::Function arguments
2025-11-26 18:18:34.899652 DEBUG::Output folder: results/12.Maaslin2_other_cancer_types_with_metadata_full
2025-11-26 18:18:34.899789 DEBUG::Min Abundance: 0.000000
2025-11-26 18:18:34.899903 DEBUG::Min Prevalence: 0.000000
2025-11-26 18:18:34.900006 DEBUG::Normalization: TSS
2025-11-26 18:18:34.90011 DEBUG::Transform: LOG
2025-11-26 18:18:34.900206 DEBUG::Analysis method: LM
2025-11-26 18:18:34.900303 DEBUG::Max significance: 0.250000
2025-11-26 18:18:34.900402 DEBUG::Random effects: dataset
2025-11-26 18:18:34.900498 DEBUG::Fixed effects: age,gender,response
2025-11-26 18:18:34.900592 DEBUG::Correction method: BH
2025-11-26 18:18:34.900688 DEBUG::Standardize: TRUE
2025-11-26 18:18:34.900784 DEBUG::Cores: 1
2025-11-26 18:18:34.900874 INFO::Verifying options selected are valid
2025-11-26 18:18:34.901354 INFO::Determining format of input files
2025-11-26 18:18:34.902071 INFO::Input format is data samples as rows and metadata samples as columns
2025-11-26 18:18:34.903349 DEBUG::Transformed metadata so samples are rows
2025-11-26 18:18:34.905128 DEBUG::A total of 131 samples were found in both the data and metadata
2025-11-26 18:18:34.905285 DEBUG::Reordering data/metadata to use same sample ordering
2025-11-26 18:18:34.912722 INFO::Formula for random effects: expr ~ (1 | dataset)
2025-11-26 18:18:34.913376 INFO::Formula for fixed effects: expr ~  age + gender + response
2025-11-26 18:18:34.914106 INFO::Filter data based on min abundance and min prevalence
2025-11-26 18:18:34.914585 INFO::Total samples in data: 131
2025-11-26 18:18:34.915025 INFO::Min samples required with min abundance for a feature not to be filtered: 0.000000
2025-11-26 18:18:34.926691 INFO::Total filtered features: 0
2025-11-26 18:18:34.927497 INFO::Filtered feature names from abundance and prevalence filtering:
2025-11-26 18:18:34.944203 INFO::Total filtered features with variance filtering: 0
2025-11-26 18:18:34.945012 INFO::Filtered feature names from variance filtering:
2025-11-26 18:18:34.945501 INFO::Running selected normalization method: TSS
2025-11-26 18:18:34.981795 INFO::Applying z-score to standardize continuous metadata
2025-11-26 18:18:34.985323 INFO::Running selected transform method: LOG
2025-11-26 18:18:35.008357 INFO::Running selected analysis method: LM
2025-11-26 18:18:35.009643 INFO::Fitting model to feature number 1, metabat_SRR16554674.5
2025-11-26 18:18:35.034745 INFO::Fitting model to feature number 2, maxbin_SRR13022355.014
2025-11-26 18:18:35.061975 INFO::Fitting model to feature number 3, metabat_ERR12405975.5_sub
2025-11-26 18:18:35.116853 INFO::Fitting model to feature number 4, semibin_SRR13022325.6
2025-11-26 18:18:35.142964 INFO::Fitting model to feature number 5, semibin_SRR16554706.23
2025-11-26 18:18:35.170012 INFO::Fitting model to feature number 6, semibin_SRR23364195.41
2025-11-26 18:18:35.198342 INFO::Fitting model to feature number 7, semibin_SRR5930502.51
2025-11-26 18:18:35.224475 INFO::Fitting model to feature number 8, metabat_SRR13022352.3
2025-11-26 18:18:35.252487 INFO::Fitting model to feature number 9, semibin_ERR12405939.29
2025-11-26 18:18:35.27939 INFO::Fitting model to feature number 10, metabat_SRR16554779.30
2025-11-26 18:18:35.305869 INFO::Fitting model to feature number 11, maxbin_SRR11413655.005
2025-11-26 18:18:35.332477 INFO::Fitting model to feature number 12, maxbin_ERR2162217.001
2025-11-26 18:18:35.358316 INFO::Fitting model to feature number 13, maxbin_SRR13022336.003_sub
2025-11-26 18:18:35.385737 INFO::Fitting model to feature number 14, maxbin_SRR25825509.002
2025-11-26 18:18:35.411272 INFO::Fitting model to feature number 15, semibin_SRR5930533.9
2025-11-26 18:18:35.438484 INFO::Fitting model to feature number 16, metabat_SRR13022417.2
2025-11-26 18:18:35.466111 INFO::Fitting model to feature number 17, semibin_SRR5930511.52
2025-11-26 18:18:35.492601 INFO::Fitting model to feature number 18, semibin_ERR6281504.148
2025-11-26 18:18:35.520309 INFO::Fitting model to feature number 19, semibin_ERR6279672.24
2025-11-26 18:18:35.547213 INFO::Fitting model to feature number 20, semibin_SRR11413653.25
2025-11-26 18:18:35.572755 INFO::Fitting model to feature number 21, maxbin_SRR16554665.003
2025-11-26 18:18:35.599337 INFO::Fitting model to feature number 22, semibin_SRR11413686.80
2025-11-26 18:18:35.625384 INFO::Fitting model to feature number 23, maxbin_ERR12405962.011_sub
2025-11-26 18:18:35.652549 INFO::Fitting model to feature number 24, metabat_ERR6279614.12_sub
2025-11-26 18:18:35.679072 INFO::Fitting model to feature number 25, semibin_ERR6232382.49_sub
2025-11-26 18:18:35.729941 INFO::Fitting model to feature number 26, semibin_ERR6279675.47
2025-11-26 18:18:35.764989 INFO::Fitting model to feature number 27, maxbin_SRR16554775.001
2025-11-26 18:18:35.794825 INFO::Fitting model to feature number 28, semibin_SRR11413653.97_sub
2025-11-26 18:18:35.82066 INFO::Fitting model to feature number 29, semibin_SRR16554655.39
2025-11-26 18:18:35.847247 INFO::Fitting model to feature number 30, metabat_ERR12405990.2
2025-11-26 18:18:35.87232 INFO::Fitting model to feature number 31, metabat_ERR6232687.8_sub
2025-11-26 18:18:35.898693 INFO::Fitting model to feature number 32, metabat_SRR25825493.27
2025-11-26 18:18:35.926143 INFO::Fitting model to feature number 33, maxbin_ERR6281499.002
2025-11-26 18:18:35.952836 INFO::Fitting model to feature number 34, maxbin_ERR6279667.001
2025-11-26 18:18:35.97994 INFO::Fitting model to feature number 35, semibin_SRR11413691.62
2025-11-26 18:18:36.006013 INFO::Fitting model to feature number 36, semibin_SRR6000945.4
2025-11-26 18:18:36.033412 INFO::Fitting model to feature number 37, maxbin_SRR16554671.002
2025-11-26 18:18:36.058539 INFO::Fitting model to feature number 38, metabat_SRR11413649.62
2025-11-26 18:18:36.087678 INFO::Fitting model to feature number 39, metabat_SRR5930494.64
2025-11-26 18:18:36.115289 INFO::Fitting model to feature number 40, metabat_ERR12405981.15
2025-11-26 18:18:36.142675 INFO::Fitting model to feature number 41, maxbin_SRR11413649.010
2025-11-26 18:18:36.168494 INFO::Fitting model to feature number 42, maxbin_SRR13068842.057_sub
2025-11-26 18:18:36.197093 INFO::Fitting model to feature number 43, metabat_SRR16554646.5
2025-11-26 18:18:36.2235 INFO::Fitting model to feature number 44, metabat_SRR20881978.24
2025-11-26 18:18:36.249018 INFO::Fitting model to feature number 45, semibin_SRR5930502.48
2025-11-26 18:18:36.273887 INFO::Fitting model to feature number 46, semibin_SRR6000905.60_sub
2025-11-26 18:18:36.300986 INFO::Fitting model to feature number 47, semibin_SRR5930507.29
2025-11-26 18:18:36.325624 INFO::Fitting model to feature number 48, semibin_SRR16554630.20
2025-11-26 18:18:36.350614 INFO::Fitting model to feature number 49, metabat_ERR6271719.4
2025-11-26 18:18:36.375767 INFO::Fitting model to feature number 50, semibin_SRR25825509.21
2025-11-26 18:18:36.400691 INFO::Fitting model to feature number 51, metabat_SRR23364235.43
2025-11-26 18:18:36.426198 INFO::Fitting model to feature number 52, maxbin_SRR5930501.002
2025-11-26 18:18:36.480134 INFO::Fitting model to feature number 53, semibin_SRR13022289.13
2025-11-26 18:18:36.504663 INFO::Fitting model to feature number 54, metabat_ERR12405956.16
2025-11-26 18:18:36.549131 INFO::Fitting model to feature number 55, maxbin_ERR12406000.010
2025-11-26 18:18:36.578866 INFO::Fitting model to feature number 56, metabat_SRR6000877.7
2025-11-26 18:18:36.605398 INFO::Fitting model to feature number 57, semibin_SRR13022308.4
2025-11-26 18:18:36.630699 INFO::Fitting model to feature number 58, metabat_ERR12405930.6
2025-11-26 18:18:36.655967 INFO::Fitting model to feature number 59, semibin_ERR6281499.45
2025-11-26 18:18:36.681057 INFO::Fitting model to feature number 60, semibin_SRR16554707.35_sub
2025-11-26 18:18:36.70742 INFO::Fitting model to feature number 61, semibin_ERR2162217.22
2025-11-26 18:18:36.735391 INFO::Fitting model to feature number 62, metabat_ERR12405933.43
2025-11-26 18:18:36.761863 INFO::Fitting model to feature number 63, semibin_ERR2162223.6
2025-11-26 18:18:36.788392 INFO::Fitting model to feature number 64, metabat_SRR6000874.30
2025-11-26 18:18:36.814101 INFO::Fitting model to feature number 65, metabat_SRR16554713.13
2025-11-26 18:18:36.840711 INFO::Fitting model to feature number 66, semibin_SRR5930499.112
2025-11-26 18:18:36.865465 INFO::Fitting model to feature number 67, maxbin_ERR6257997.027
2025-11-26 18:18:36.892369 INFO::Fitting model to feature number 68, semibin_SRR16168913.44_sub
2025-11-26 18:18:36.919762 INFO::Fitting model to feature number 69, semibin_SRR6000900.32
2025-11-26 18:18:36.944797 INFO::Fitting model to feature number 70, semibin_SRR16168903.5
2025-11-26 18:18:36.968838 INFO::Fitting model to feature number 71, semibin_SRR16554765.8
2025-11-26 18:18:36.994073 INFO::Fitting model to feature number 72, maxbin_SRR16554755.007_sub
2025-11-26 18:18:37.020412 INFO::Fitting model to feature number 73, semibin_SRR5930534.80
2025-11-26 18:18:37.044591 INFO::Fitting model to feature number 74, metabat_SRR6000907.1_sub
2025-11-26 18:18:37.069058 INFO::Fitting model to feature number 75, metabat_ERR6282298.17
2025-11-26 18:18:37.093932 INFO::Fitting model to feature number 76, maxbin_SRR16554728.024
2025-11-26 18:18:37.119275 INFO::Fitting model to feature number 77, semibin_SRR8387683.16
2025-11-26 18:18:37.143878 INFO::Fitting model to feature number 78, maxbin_SRR11413620.019
2025-11-26 18:18:37.196407 INFO::Fitting model to feature number 79, semibin_SRR25825514.3_sub
2025-11-26 18:18:37.222028 INFO::Fitting model to feature number 80, semibin_SRR11413656.25
2025-11-26 18:18:37.247677 INFO::Fitting model to feature number 81, metabat_ERR12405985.2
2025-11-26 18:18:37.272276 INFO::Fitting model to feature number 82, semibin_SRR16554738.0
2025-11-26 18:18:37.298724 INFO::Fitting model to feature number 83, semibin_SRR11413691.42
2025-11-26 18:18:37.323825 INFO::Fitting model to feature number 84, maxbin_SRR11413655.009_sub
2025-11-26 18:18:37.349132 INFO::Fitting model to feature number 85, semibin_SRR20881975.0
2025-11-26 18:18:37.373946 INFO::Fitting model to feature number 86, metabat_ERR6275681.8
2025-11-26 18:18:37.400042 INFO::Fitting model to feature number 87, maxbin_SRR16554759.001
2025-11-26 18:18:37.4251 INFO::Fitting model to feature number 88, metabat_SRR16554662.30_sub
2025-11-26 18:18:37.450837 INFO::Fitting model to feature number 89, metabat_SRR16554786.10
2025-11-26 18:18:37.475515 INFO::Fitting model to feature number 90, metabat_ERR6243880.3
2025-11-26 18:18:37.50066 INFO::Fitting model to feature number 91, semibin_ERR6264280.18
2025-11-26 18:18:37.525854 INFO::Fitting model to feature number 92, metabat_ERR6281505.14
2025-11-26 18:18:37.551067 INFO::Fitting model to feature number 93, semibin_SRR16554671.9
2025-11-26 18:18:37.574929 INFO::Fitting model to feature number 94, maxbin_SRR16554707.013
2025-11-26 18:18:37.600405 INFO::Fitting model to feature number 95, metabat_SRR16554771.26
2025-11-26 18:18:37.625628 INFO::Fitting model to feature number 96, maxbin_ERR2162206.004
2025-11-26 18:18:37.652129 INFO::Fitting model to feature number 97, semibin_SRR16554665.28
2025-11-26 18:18:37.677259 INFO::Fitting model to feature number 98, maxbin_ERR6279655.020
2025-11-26 18:18:37.704963 INFO::Fitting model to feature number 99, metabat_SRR5930523.5
2025-11-26 18:18:37.730314 INFO::Fitting model to feature number 100, semibin_SRR11413608.137
2025-11-26 18:18:37.756562 INFO::Fitting model to feature number 101, semibin_ERR12405912.11
2025-11-26 18:18:37.782339 INFO::Fitting model to feature number 102, metabat_ERR6279651.8
2025-11-26 18:18:37.807395 INFO::Fitting model to feature number 103, metabat_SRR16554746.22
2025-11-26 18:18:37.832826 INFO::Fitting model to feature number 104, maxbin_SRR13022253.002
2025-11-26 18:18:37.885079 INFO::Fitting model to feature number 105, maxbin_ERR6232518.013
2025-11-26 18:18:37.912527 INFO::Fitting model to feature number 106, metabat_ERR12405939.30
2025-11-26 18:18:37.93915 INFO::Fitting model to feature number 107, metabat_ERR12405970.10
2025-11-26 18:18:37.966361 INFO::Fitting model to feature number 108, semibin_SRR20881988.7
2025-11-26 18:18:37.992667 INFO::Fitting model to feature number 109, semibin_SRR5930531.50
2025-11-26 18:18:38.019165 INFO::Fitting model to feature number 110, metabat_ERR6275666.49
2025-11-26 18:18:38.045932 INFO::Fitting model to feature number 111, metabat_SRR16554744.3
2025-11-26 18:18:38.071907 INFO::Fitting model to feature number 112, semibin_SRR16168903.11
2025-11-26 18:18:38.097998 INFO::Fitting model to feature number 113, semibin_SRR11413690.7
2025-11-26 18:18:38.123495 INFO::Fitting model to feature number 114, semibin_SRR13022392.1
2025-11-26 18:18:38.149676 INFO::Fitting model to feature number 115, metabat_SRR5930536.13
2025-11-26 18:18:38.174888 INFO::Fitting model to feature number 116, semibin_SRR13022424.5
2025-11-26 18:18:38.201851 INFO::Fitting model to feature number 117, maxbin_ERR12405918.001
2025-11-26 18:18:38.227978 INFO::Fitting model to feature number 118, semibin_ERR12405947.71
2025-11-26 18:18:38.255974 INFO::Fitting model to feature number 119, semibin_ERR6279646.10
2025-11-26 18:18:38.281795 INFO::Fitting model to feature number 120, metabat_ERR12405918.3
2025-11-26 18:18:38.308071 INFO::Fitting model to feature number 121, semibin_SRR23364196.21
2025-11-26 18:18:38.33437 INFO::Fitting model to feature number 122, semibin_SRR16554695.47
2025-11-26 18:18:38.360652 INFO::Fitting model to feature number 123, semibin_SRR16554716.24
2025-11-26 18:18:38.386446 INFO::Fitting model to feature number 124, semibin_SRR6000910.14
2025-11-26 18:18:38.412445 INFO::Fitting model to feature number 125, semibin_SRR11413649.182
2025-11-26 18:18:38.438611 INFO::Fitting model to feature number 126, metabat_SRR16554626.7
2025-11-26 18:18:38.464815 INFO::Fitting model to feature number 127, semibin_SRR25825508.4_sub
2025-11-26 18:18:38.489625 INFO::Fitting model to feature number 128, semibin_SRR13068844.35
2025-11-26 18:18:38.515473 INFO::Fitting model to feature number 129, semibin_SRR16554766.35_sub
2025-11-26 18:18:38.540092 INFO::Fitting model to feature number 130, semibin_ERR6279614.29
2025-11-26 18:18:38.592757 INFO::Fitting model to feature number 131, semibin_SRR11413683.102
2025-11-26 18:18:38.617851 INFO::Fitting model to feature number 132, maxbin_ERR6279658.017_sub
2025-11-26 18:18:38.643623 INFO::Fitting model to feature number 133, semibin_ERR6230326.3
2025-11-26 18:18:38.669679 INFO::Fitting model to feature number 134, maxbin_SRR5930501.087_sub
2025-11-26 18:18:38.695794 INFO::Fitting model to feature number 135, maxbin_SRR16168913.015
2025-11-26 18:18:38.72195 INFO::Fitting model to feature number 136, maxbin_SRR16554789.001
2025-11-26 18:18:38.747723 INFO::Fitting model to feature number 137, maxbin_ERR2162209.017_sub
2025-11-26 18:18:38.773287 INFO::Fitting model to feature number 138, maxbin_SRR16554656.002
2025-11-26 18:18:38.799569 INFO::Fitting model to feature number 139, semibin_SRR16168920.5_sub
2025-11-26 18:18:38.824341 INFO::Fitting model to feature number 140, semibin_SRR16554739.16
2025-11-26 18:18:38.849658 INFO::Fitting model to feature number 141, metabat_SRR16168982.24
2025-11-26 18:18:38.875515 INFO::Fitting model to feature number 142, metabat_SRR16554643.9
2025-11-26 18:18:38.90156 INFO::Fitting model to feature number 143, metabat_SRR13022323.1
2025-11-26 18:18:38.927143 INFO::Fitting model to feature number 144, semibin_SRR16554673.15
2025-11-26 18:18:38.952706 INFO::Fitting model to feature number 145, semibin_SRR11413649.145_sub
2025-11-26 18:18:38.978144 INFO::Fitting model to feature number 146, semibin_ERR6267712.45
2025-11-26 18:18:39.003537 INFO::Fitting model to feature number 147, maxbin_SRR16554647.003
2025-11-26 18:18:39.064949 INFO::Fitting model to feature number 148, semibin_ERR2162202.11
2025-11-26 18:18:39.139095 INFO::Fitting model to feature number 149, semibin_SRR16168909.12
2025-11-26 18:18:39.162496 INFO::Fitting model to feature number 150, semibin_SRR11413684.67
2025-11-26 18:18:39.188477 INFO::Fitting model to feature number 151, maxbin_ERR2162223.012
2025-11-26 18:18:39.21544 INFO::Fitting model to feature number 152, maxbin_SRR25825521.012_sub
2025-11-26 18:18:39.242395 INFO::Fitting model to feature number 153, metabat_SRR23364233.36
2025-11-26 18:18:39.268319 INFO::Fitting model to feature number 154, semibin_SRR25825499.11
2025-11-26 18:18:39.293606 INFO::Fitting model to feature number 155, semibin_SRR16554653.1
2025-11-26 18:18:39.31871 INFO::Fitting model to feature number 156, semibin_SRR23364199.62
2025-11-26 18:18:39.370388 INFO::Fitting model to feature number 157, maxbin_SRR5930508.026
2025-11-26 18:18:39.395923 INFO::Fitting model to feature number 158, semibin_ERR6279671.24
2025-11-26 18:18:39.422635 INFO::Fitting model to feature number 159, semibin_SRR16554730.5
2025-11-26 18:18:39.44854 INFO::Fitting model to feature number 160, maxbin_SRR5930522.022
2025-11-26 18:18:39.473535 INFO::Fitting model to feature number 161, semibin_SRR16554790.42
2025-11-26 18:18:39.498818 INFO::Fitting model to feature number 162, metabat_ERR6279652.5
2025-11-26 18:18:39.525218 INFO::Fitting model to feature number 163, semibin_ERR6243877.10
2025-11-26 18:18:39.550826 INFO::Fitting model to feature number 164, metabat_SRR16168941.17
2025-11-26 18:18:39.576396 INFO::Fitting model to feature number 165, semibin_SRR16168929.15_sub
2025-11-26 18:18:39.601274 INFO::Fitting model to feature number 166, maxbin_SRR23364240.011
2025-11-26 18:18:39.626252 INFO::Fitting model to feature number 167, metabat_SRR6000947.37_sub
2025-11-26 18:18:39.651388 INFO::Fitting model to feature number 168, metabat_ERR6235716.8_sub
2025-11-26 18:18:39.676663 INFO::Fitting model to feature number 169, metabat_SRR16554633.8
2025-11-26 18:18:39.701427 INFO::Fitting model to feature number 170, metabat_ERR6279615.15
2025-11-26 18:18:39.727589 INFO::Fitting model to feature number 171, metabat_SRR16554713.7
2025-11-26 18:18:39.753461 INFO::Fitting model to feature number 172, semibin_SRR13068836.17_sub
2025-11-26 18:18:39.778061 INFO::Fitting model to feature number 173, semibin_SRR20881980.15_sub
2025-11-26 18:18:39.803853 INFO::Fitting model to feature number 174, semibin_ERR6279661.5
2025-11-26 18:18:39.829007 INFO::Fitting model to feature number 175, semibin_ERR6264281.7
2025-11-26 18:18:39.853405 INFO::Fitting model to feature number 176, maxbin_SRR5930521.014
2025-11-26 18:18:39.878391 INFO::Fitting model to feature number 177, metabat_SRR13022372.10_sub
2025-11-26 18:18:39.908752 INFO::Fitting model to feature number 178, semibin_SRR20881981.34
2025-11-26 18:18:39.933422 INFO::Fitting model to feature number 179, semibin_ERR6279683.8
2025-11-26 18:18:39.962291 INFO::Fitting model to feature number 180, semibin_ERR6279655.40
2025-11-26 18:18:39.990097 INFO::Fitting model to feature number 181, semibin_SRR11413688.2
2025-11-26 18:18:40.014658 INFO::Fitting model to feature number 182, semibin_ERR6233695.43_sub
2025-11-26 18:18:40.066937 INFO::Fitting model to feature number 183, maxbin_SRR5930515.007
2025-11-26 18:18:40.093622 INFO::Fitting model to feature number 184, semibin_ERR6273965.5
2025-11-26 18:18:40.1196 INFO::Fitting model to feature number 185, semibin_SRR16554693.19
2025-11-26 18:18:40.145808 INFO::Fitting model to feature number 186, semibin_SRR25825516.1
2025-11-26 18:18:40.173847 INFO::Fitting model to feature number 187, maxbin_SRR13068818.010
2025-11-26 18:18:40.200093 INFO::Fitting model to feature number 188, maxbin_SRR16168926.008
2025-11-26 18:18:40.225763 INFO::Fitting model to feature number 189, semibin_SRR16554672.14
2025-11-26 18:18:40.250286 INFO::Fitting model to feature number 190, semibin_ERR12405970.61
2025-11-26 18:18:40.277138 INFO::Fitting model to feature number 191, semibin_SRR5930531.21
2025-11-26 18:18:40.302429 INFO::Fitting model to feature number 192, maxbin_SRR16554787.017_sub
2025-11-26 18:18:40.327921 INFO::Fitting model to feature number 193, metabat_SRR6000907.39
2025-11-26 18:18:40.351987 INFO::Fitting model to feature number 194, semibin_SRR5930528.37
2025-11-26 18:18:40.37702 INFO::Fitting model to feature number 195, metabat_SRR23364184.15
2025-11-26 18:18:40.40223 INFO::Fitting model to feature number 196, semibin_SRR25825502.47_sub
2025-11-26 18:18:40.428483 INFO::Fitting model to feature number 197, maxbin_ERR12405958.009_sub
2025-11-26 18:18:40.453575 INFO::Fitting model to feature number 198, semibin_SRR16168913.31
2025-11-26 18:18:40.479245 INFO::Fitting model to feature number 199, semibin_ERR6232458.16
2025-11-26 18:18:40.506213 INFO::Fitting model to feature number 200, semibin_SRR11413652.32
2025-11-26 18:18:40.534023 INFO::Fitting model to feature number 201, semibin_SRR5930519.26
2025-11-26 18:18:40.558948 INFO::Fitting model to feature number 202, maxbin_SRR16554738.006_sub
2025-11-26 18:18:40.583774 INFO::Fitting model to feature number 203, semibin_SRR11413688.65_sub
2025-11-26 18:18:40.607903 INFO::Fitting model to feature number 204, semibin_SRR5930536.88
2025-11-26 18:18:40.634783 INFO::Fitting model to feature number 205, maxbin_ERR12406009.001
2025-11-26 18:18:40.661095 INFO::Fitting model to feature number 206, semibin_SRR16554765.35
2025-11-26 18:18:40.68749 INFO::Fitting model to feature number 207, semibin_SRR13068830.5
2025-11-26 18:18:40.713803 INFO::Fitting model to feature number 208, metabat_SRR5930502.31
2025-11-26 18:18:40.765518 INFO::Fitting model to feature number 209, metabat_ERR2162222.11_sub
2025-11-26 18:18:40.791182 INFO::Fitting model to feature number 210, semibin_SRR11413653.50
2025-11-26 18:18:40.815366 INFO::Fitting model to feature number 211, maxbin_SRR16554790.013_sub
2025-11-26 18:18:40.842394 INFO::Fitting model to feature number 212, maxbin_SRR16554733.009
2025-11-26 18:18:40.870891 INFO::Fitting model to feature number 213, metabat_SRR11413686.6
2025-11-26 18:18:40.897828 INFO::Fitting model to feature number 214, maxbin_SRR8387707.004_sub
2025-11-26 18:18:40.924125 INFO::Fitting model to feature number 215, metabat_SRR23364211.18
2025-11-26 18:18:40.95193 INFO::Fitting model to feature number 216, metabat_SRR16554669.41_sub
2025-11-26 18:18:40.977001 INFO::Fitting model to feature number 217, maxbin_SRR5930518.019_sub
2025-11-26 18:18:41.001199 INFO::Fitting model to feature number 218, metabat_SRR11413686.5
2025-11-26 18:18:41.026093 INFO::Fitting model to feature number 219, semibin_ERR12405961.23
2025-11-26 18:18:41.050913 INFO::Fitting model to feature number 220, semibin_SRR11413611.29
2025-11-26 18:18:41.077761 INFO::Fitting model to feature number 221, semibin_SRR11413606.8
2025-11-26 18:18:41.10403 INFO::Fitting model to feature number 222, maxbin_SRR16554701.001
2025-11-26 18:18:41.13133 INFO::Fitting model to feature number 223, semibin_SRR13068817.76
2025-11-26 18:18:41.156972 INFO::Fitting model to feature number 224, semibin_ERR6229432.91
2025-11-26 18:18:41.184224 INFO::Fitting model to feature number 225, metabat_SRR6000874.13_sub
2025-11-26 18:18:41.210966 INFO::Fitting model to feature number 226, semibin_SRR20881986.74
2025-11-26 18:18:41.238409 INFO::Fitting model to feature number 227, metabat_SRR5930494.72_sub
2025-11-26 18:18:41.2677 INFO::Fitting model to feature number 228, semibin_SRR23364193.36
2025-11-26 18:18:41.293442 INFO::Fitting model to feature number 229, metabat_SRR5930514.58
2025-11-26 18:18:41.319775 INFO::Fitting model to feature number 230, semibin_SRR16554673.13
2025-11-26 18:18:41.348511 INFO::Fitting model to feature number 231, semibin_SRR16554786.37
2025-11-26 18:18:41.377093 INFO::Fitting model to feature number 232, semibin_ERR2162202.9
2025-11-26 18:18:41.405765 INFO::Fitting model to feature number 233, semibin_SRR5930501.2
2025-11-26 18:18:41.431309 INFO::Fitting model to feature number 234, semibin_ERR2162208.7
2025-11-26 18:18:41.484491 INFO::Fitting model to feature number 235, metabat_SRR16554665.10
2025-11-26 18:18:41.50934 INFO::Fitting model to feature number 236, semibin_ERR2162200.40
2025-11-26 18:18:41.58745 INFO::Fitting model to feature number 237, metabat_SRR13068853.24
2025-11-26 18:18:41.611294 INFO::Fitting model to feature number 238, metabat_SRR11413656.75
2025-11-26 18:18:41.637321 INFO::Fitting model to feature number 239, maxbin_SRR13022357.002
2025-11-26 18:18:41.66582 INFO::Fitting model to feature number 240, semibin_SRR25825502.21
2025-11-26 18:18:41.693585 INFO::Fitting model to feature number 241, semibin_ERR6279669.74
2025-11-26 18:18:41.720855 INFO::Fitting model to feature number 242, metabat_SRR11413618.29_sub
2025-11-26 18:18:41.747249 INFO::Fitting model to feature number 243, semibin_SRR5930523.22
2025-11-26 18:18:41.774252 INFO::Fitting model to feature number 244, semibin_SRR16554776.8
2025-11-26 18:18:41.828572 INFO::Fitting model to feature number 245, metabat_SRR13068851.17
2025-11-26 18:18:41.855587 INFO::Fitting model to feature number 246, metabat_ERR12405966.8
2025-11-26 18:18:41.883003 INFO::Fitting model to feature number 247, maxbin_ERR2162223.001
2025-11-26 18:18:41.907854 INFO::Fitting model to feature number 248, metabat_ERR6279627.10
2025-11-26 18:18:41.96347 INFO::Fitting model to feature number 249, semibin_SRR11413679.4
2025-11-26 18:18:41.988555 INFO::Fitting model to feature number 250, semibin_SRR5930506.72
2025-11-26 18:18:42.015568 INFO::Fitting model to feature number 251, metabat_ERR2162214.7
2025-11-26 18:18:42.04065 INFO::Fitting model to feature number 252, semibin_SRR11413606.34
2025-11-26 18:18:42.067483 INFO::Fitting model to feature number 253, metabat_SRR11413647.31
2025-11-26 18:18:42.092659 INFO::Fitting model to feature number 254, semibin_SRR6000892.71
2025-11-26 18:18:42.119754 INFO::Fitting model to feature number 255, metabat_SRR13022401.12
2025-11-26 18:18:42.145783 INFO::Fitting model to feature number 256, metabat_ERR2162213.1
2025-11-26 18:18:42.170304 INFO::Fitting model to feature number 257, metabat_SRR16168896.4
2025-11-26 18:18:42.197578 INFO::Fitting model to feature number 258, metabat_ERR12405997.59
2025-11-26 18:18:42.22323 INFO::Fitting model to feature number 259, semibin_ERR2162223.3
2025-11-26 18:18:42.248633 INFO::Fitting model to feature number 260, semibin_SRR6000944.44
2025-11-26 18:18:42.303548 INFO::Fitting model to feature number 261, semibin_SRR5930533.32_sub
2025-11-26 18:18:42.328277 INFO::Fitting model to feature number 262, maxbin_SRR11413646.009
2025-11-26 18:18:42.353604 INFO::Fitting model to feature number 263, metabat_ERR12405954.8
2025-11-26 18:18:42.378648 INFO::Fitting model to feature number 264, metabat_SRR13068832.4
2025-11-26 18:18:42.403478 INFO::Fitting model to feature number 265, semibin_SRR20881980.56
2025-11-26 18:18:42.427347 INFO::Fitting model to feature number 266, maxbin_SRR5930507.045
2025-11-26 18:18:42.453453 INFO::Fitting model to feature number 267, semibin_SRR5930495.29
2025-11-26 18:18:42.478601 INFO::Fitting model to feature number 268, maxbin_ERR2162223.003
2025-11-26 18:18:42.503811 INFO::Fitting model to feature number 269, maxbin_ERR6282070.040_sub
2025-11-26 18:18:42.529661 INFO::Fitting model to feature number 270, semibin_ERR6233693.7
2025-11-26 18:18:42.554706 INFO::Fitting model to feature number 271, metabat_SRR11413613.2
2025-11-26 18:18:42.580962 INFO::Fitting model to feature number 272, semibin_SRR16168945.59_sub
2025-11-26 18:18:42.605849 INFO::Fitting model to feature number 273, semibin_ERR12405923.28
2025-11-26 18:18:42.63034 INFO::Fitting model to feature number 274, semibin_SRR16554648.6
2025-11-26 18:18:42.65451 INFO::Fitting model to feature number 275, semibin_SRR6000901.29
2025-11-26 18:18:42.681438 INFO::Fitting model to feature number 276, maxbin_SRR16554769.012
2025-11-26 18:18:42.707075 INFO::Fitting model to feature number 277, metabat_SRR16554687.19
2025-11-26 18:18:42.732978 INFO::Fitting model to feature number 278, semibin_SRR23364183.27
2025-11-26 18:18:42.757254 INFO::Fitting model to feature number 279, metabat_ERR12405985.26
2025-11-26 18:18:42.783422 INFO::Fitting model to feature number 280, metabat_SRR16554763.7
2025-11-26 18:18:42.808582 INFO::Fitting model to feature number 281, maxbin_ERR12406005.005
2025-11-26 18:18:42.835325 INFO::Fitting model to feature number 282, semibin_SRR11413689.18
2025-11-26 18:18:42.860085 INFO::Fitting model to feature number 283, semibin_SRR5930498.73
2025-11-26 18:18:42.886836 INFO::Fitting model to feature number 284, semibin_ERR6279657.86
2025-11-26 18:18:42.911448 INFO::Fitting model to feature number 285, maxbin_SRR5930497.004
2025-11-26 18:18:42.936239 INFO::Fitting model to feature number 286, metabat_SRR5930527.86
2025-11-26 18:18:42.990544 INFO::Fitting model to feature number 287, semibin_SRR11413657.160_sub
2025-11-26 18:18:43.016149 INFO::Fitting model to feature number 288, semibin_SRR6000896.44
2025-11-26 18:18:43.042129 INFO::Fitting model to feature number 289, metabat_SRR20881987.29
2025-11-26 18:18:43.068577 INFO::Fitting model to feature number 290, semibin_SRR11413687.181
2025-11-26 18:18:43.093708 INFO::Fitting model to feature number 291, metabat_ERR6281586.4
2025-11-26 18:18:43.119124 INFO::Fitting model to feature number 292, maxbin_SRR13022429.005
2025-11-26 18:18:43.145654 INFO::Fitting model to feature number 293, metabat_ERR6275676.3
2025-11-26 18:18:43.171261 INFO::Fitting model to feature number 294, metabat_SRR5930529.3
2025-11-26 18:18:43.197661 INFO::Fitting model to feature number 295, metabat_SRR6000949.51_sub
2025-11-26 18:18:43.223363 INFO::Fitting model to feature number 296, semibin_SRR11413656.101
2025-11-26 18:18:43.249848 INFO::Fitting model to feature number 297, metabat_ERR2162211.9
2025-11-26 18:18:43.276946 INFO::Fitting model to feature number 298, semibin_SRR11413689.110
2025-11-26 18:18:43.304549 INFO::Fitting model to feature number 299, metabat_SRR16554771.5
2025-11-26 18:18:43.329257 INFO::Fitting model to feature number 300, semibin_ERR2162218.39
2025-11-26 18:18:43.353932 INFO::Fitting model to feature number 301, semibin_SRR16168913.74
2025-11-26 18:18:43.378758 INFO::Fitting model to feature number 302, semibin_SRR16554766.13
2025-11-26 18:18:43.403898 INFO::Fitting model to feature number 303, maxbin_SRR6000869.050
2025-11-26 18:18:43.429993 INFO::Fitting model to feature number 304, metabat_SRR13068834.30
2025-11-26 18:18:43.45718 INFO::Fitting model to feature number 305, semibin_SRR11413691.40_sub
2025-11-26 18:18:43.484265 INFO::Fitting model to feature number 306, semibin_ERR6264280.63
2025-11-26 18:18:43.510939 INFO::Fitting model to feature number 307, semibin_SRR11413683.31
2025-11-26 18:18:43.537631 INFO::Fitting model to feature number 308, metabat_SRR13068828.29
2025-11-26 18:18:43.564057 INFO::Fitting model to feature number 309, metabat_SRR16554651.15
2025-11-26 18:18:43.589909 INFO::Fitting model to feature number 310, semibin_SRR11413617.49
2025-11-26 18:18:43.614263 INFO::Fitting model to feature number 311, metabat_ERR12405917.12
2025-11-26 18:18:43.639712 INFO::Fitting model to feature number 312, metabat_ERR12405923.25
2025-11-26 18:18:43.743437 INFO::Fitting model to feature number 313, semibin_SRR8387677.66
2025-11-26 18:18:43.767587 INFO::Fitting model to feature number 314, semibin_SRR16554633.6
2025-11-26 18:18:43.804302 INFO::Fitting model to feature number 315, semibin_SRR11413657.102
2025-11-26 18:18:43.830178 INFO::Fitting model to feature number 316, maxbin_SRR16554652.022_sub
2025-11-26 18:18:43.86433 INFO::Fitting model to feature number 317, metabat_SRR16554747.15
2025-11-26 18:18:43.896022 INFO::Fitting model to feature number 318, metabat_SRR11413685.32
2025-11-26 18:18:43.921794 INFO::Fitting model to feature number 319, semibin_SRR5930519.63
2025-11-26 18:18:43.94968 INFO::Fitting model to feature number 320, metabat_SRR8387676.2
2025-11-26 18:18:43.97417 INFO::Fitting model to feature number 321, semibin_SRR13022464.9
2025-11-26 18:18:44.001456 INFO::Fitting model to feature number 322, semibin_ERR6281341.24
2025-11-26 18:18:44.02639 INFO::Fitting model to feature number 323, semibin_SRR11413690.11
2025-11-26 18:18:44.051925 INFO::Fitting model to feature number 324, maxbin_SRR23364240.009_sub
2025-11-26 18:18:44.079912 INFO::Fitting model to feature number 325, maxbin_SRR5930504.027
2025-11-26 18:18:44.133045 INFO::Fitting model to feature number 326, maxbin_SRR8387683.015_sub
2025-11-26 18:18:44.159845 INFO::Fitting model to feature number 327, semibin_SRR5930501.108
2025-11-26 18:18:44.186903 INFO::Fitting model to feature number 328, metabat_SRR13068838.21
2025-11-26 18:18:44.214184 INFO::Fitting model to feature number 329, maxbin_ERR6279649.002
2025-11-26 18:18:44.239983 INFO::Fitting model to feature number 330, maxbin_ERR12405952.002
2025-11-26 18:18:44.265939 INFO::Fitting model to feature number 331, semibin_ERR12405916.16
2025-11-26 18:18:44.290746 INFO::Fitting model to feature number 332, metabat_SRR11413612.18
2025-11-26 18:18:44.315371 INFO::Fitting model to feature number 333, maxbin_SRR23364191.039_sub
2025-11-26 18:18:44.340783 INFO::Fitting model to feature number 334, semibin_SRR16554627.102
2025-11-26 18:18:44.367435 INFO::Fitting model to feature number 335, semibin_SRR25825502.37
2025-11-26 18:18:44.392442 INFO::Fitting model to feature number 336, maxbin_ERR6275667.027
2025-11-26 18:18:44.4169 INFO::Fitting model to feature number 337, maxbin_ERR2162214.002
2025-11-26 18:18:44.44207 INFO::Fitting model to feature number 338, maxbin_SRR5930506.040
2025-11-26 18:18:44.495691 INFO::Fitting model to feature number 339, semibin_ERR12405971.54
2025-11-26 18:18:44.519893 INFO::Fitting model to feature number 340, metabat_SRR16168975.22
2025-11-26 18:18:44.545135 INFO::Fitting model to feature number 341, metabat_SRR16554654.18
2025-11-26 18:18:44.570112 INFO::Fitting model to feature number 342, semibin_ERR12405939.27
2025-11-26 18:18:44.595184 INFO::Fitting model to feature number 343, semibin_SRR13068839.17
2025-11-26 18:18:44.620345 INFO::Fitting model to feature number 344, semibin_SRR5930503.31
2025-11-26 18:18:44.648165 INFO::Fitting model to feature number 345, metabat_SRR11413687.86
2025-11-26 18:18:44.673359 INFO::Fitting model to feature number 346, metabat_SRR25825515.43_sub
2025-11-26 18:18:44.700838 INFO::Fitting model to feature number 347, metabat_SRR16554786.38
2025-11-26 18:18:44.726216 INFO::Fitting model to feature number 348, maxbin_ERR6279660.001
2025-11-26 18:18:44.75176 INFO::Fitting model to feature number 349, maxbin_SRR16168900.001
2025-11-26 18:18:44.777816 INFO::Fitting model to feature number 350, maxbin_SRR16554686.012
2025-11-26 18:18:44.804206 INFO::Fitting model to feature number 351, metabat_SRR5930529.8
2025-11-26 18:18:44.829812 INFO::Fitting model to feature number 352, metabat_SRR25825504.22_sub
2025-11-26 18:18:44.855834 INFO::Fitting model to feature number 353, maxbin_SRR8387677.002_sub
2025-11-26 18:18:44.88239 INFO::Fitting model to feature number 354, semibin_SRR16168940.103
2025-11-26 18:18:44.908134 INFO::Fitting model to feature number 355, maxbin_ERR12405924.017
2025-11-26 18:18:44.934481 INFO::Fitting model to feature number 356, metabat_SRR11413686.33
2025-11-26 18:18:44.958653 INFO::Fitting model to feature number 357, semibin_ERR6279673.25_sub
2025-11-26 18:18:44.984409 INFO::Fitting model to feature number 358, semibin_ERR6232458.12
2025-11-26 18:18:45.010546 INFO::Fitting model to feature number 359, maxbin_SRR16554687.002
2025-11-26 18:18:45.03515 INFO::Fitting model to feature number 360, semibin_SRR5930498.118
2025-11-26 18:18:45.059498 INFO::Fitting model to feature number 361, semibin_SRR16554638.14
2025-11-26 18:18:45.085822 INFO::Fitting model to feature number 362, semibin_SRR25825518.7
2025-11-26 18:18:45.112083 INFO::Fitting model to feature number 363, metabat_SRR5930494.25_sub
2025-11-26 18:18:45.138329 INFO::Fitting model to feature number 364, semibin_SRR16554780.22
2025-11-26 18:18:45.192923 INFO::Fitting model to feature number 365, semibin_SRR16554784.78
2025-11-26 18:18:45.2235 INFO::Fitting model to feature number 366, metabat_SRR16554765.17
2025-11-26 18:18:45.250835 INFO::Fitting model to feature number 367, maxbin_SRR11413612.015_sub
2025-11-26 18:18:45.277972 INFO::Fitting model to feature number 368, semibin_SRR11413681.23
2025-11-26 18:18:45.305241 INFO::Fitting model to feature number 369, metabat_SRR5930530.79
2025-11-26 18:18:45.332902 INFO::Fitting model to feature number 370, semibin_SRR16554681.27
2025-11-26 18:18:45.358844 INFO::Fitting model to feature number 371, semibin_SRR5930493.36_sub
2025-11-26 18:18:45.385114 INFO::Fitting model to feature number 372, semibin_SRR6000893.60_sub
2025-11-26 18:18:45.408752 INFO::Fitting model to feature number 373, metabat_SRR11413689.14
2025-11-26 18:18:45.43299 INFO::Fitting model to feature number 374, metabat_SRR11413689.40
2025-11-26 18:18:45.460292 INFO::Fitting model to feature number 375, maxbin_SRR8387710.024
2025-11-26 18:18:45.486311 INFO::Fitting model to feature number 376, metabat_ERR6281433.28
2025-11-26 18:18:45.564022 INFO::Fitting model to feature number 377, maxbin_SRR5930533.002
2025-11-26 18:18:45.586721 INFO::Fitting model to feature number 378, semibin_SRR5930494.234
2025-11-26 18:18:45.614225 INFO::Fitting model to feature number 379, semibin_SRR13068839.7
2025-11-26 18:18:45.640779 INFO::Fitting model to feature number 380, semibin_SRR16554736.21
2025-11-26 18:18:45.667549 INFO::Fitting model to feature number 381, semibin_ERR2162216.32
2025-11-26 18:18:45.694542 INFO::Fitting model to feature number 382, semibin_ERR12405964.2
2025-11-26 18:18:45.721378 INFO::Fitting model to feature number 383, metabat_ERR6233692.1_sub
2025-11-26 18:18:45.750749 INFO::Fitting model to feature number 384, metabat_ERR6281658.13
2025-11-26 18:18:45.776416 INFO::Fitting model to feature number 385, semibin_SRR5930516.87
2025-11-26 18:18:45.802597 INFO::Fitting model to feature number 386, metabat_ERR12406002.11
2025-11-26 18:18:45.828262 INFO::Fitting model to feature number 387, semibin_SRR23364206.58
2025-11-26 18:18:45.854828 INFO::Fitting model to feature number 388, semibin_SRR11413691.52
2025-11-26 18:18:45.88083 INFO::Fitting model to feature number 389, semibin_SRR16554744.40_sub
2025-11-26 18:18:45.933131 INFO::Fitting model to feature number 390, semibin_ERR6275666.93
2025-11-26 18:18:45.986116 INFO::Fitting model to feature number 391, maxbin_SRR16554659.005
2025-11-26 18:18:46.011148 INFO::Fitting model to feature number 392, metabat_SRR16554654.55
2025-11-26 18:18:46.036115 INFO::Fitting model to feature number 393, maxbin_SRR11413607.019
2025-11-26 18:18:46.086647 INFO::Fitting model to feature number 394, semibin_SRR16554744.30
2025-11-26 18:18:46.111699 INFO::Fitting model to feature number 395, semibin_SRR13022415.6
2025-11-26 18:18:46.136082 INFO::Fitting model to feature number 396, maxbin_ERR12405991.007
2025-11-26 18:18:46.162102 INFO::Fitting model to feature number 397, semibin_SRR23364171.72
2025-11-26 18:18:46.187685 INFO::Fitting model to feature number 398, semibin_ERR6279619.6
2025-11-26 18:18:46.214357 INFO::Fitting model to feature number 399, semibin_SRR16554692.65
2025-11-26 18:18:46.239491 INFO::Fitting model to feature number 400, maxbin_SRR16554751.004
2025-11-26 18:18:46.265535 INFO::Fitting model to feature number 401, metabat_SRR25825507.13_sub
2025-11-26 18:18:46.290425 INFO::Fitting model to feature number 402, metabat_SRR6000940.44
2025-11-26 18:18:46.315977 INFO::Fitting model to feature number 403, maxbin_SRR16554673.003
2025-11-26 18:18:46.34337 INFO::Fitting model to feature number 404, metabat_SRR5930506.102
2025-11-26 18:18:46.368845 INFO::Fitting model to feature number 405, semibin_SRR8387707.23
2025-11-26 18:18:46.393291 INFO::Fitting model to feature number 406, semibin_SRR25825517.45
2025-11-26 18:18:46.418308 INFO::Fitting model to feature number 407, semibin_ERR6275663.33
2025-11-26 18:18:46.442329 INFO::Fitting model to feature number 408, semibin_ERR6275679.24
2025-11-26 18:18:46.467033 INFO::Fitting model to feature number 409, semibin_SRR16554704.8_sub
2025-11-26 18:18:46.491162 INFO::Fitting model to feature number 410, semibin_SRR20881983.27
2025-11-26 18:18:46.516583 INFO::Fitting model to feature number 411, semibin_ERR12405986.41
2025-11-26 18:18:46.541055 INFO::Fitting model to feature number 412, semibin_ERR12405984.5
2025-11-26 18:18:46.565717 INFO::Fitting model to feature number 413, metabat_SRR16554651.26
2025-11-26 18:18:46.590619 INFO::Fitting model to feature number 414, metabat_ERR12405920.1
2025-11-26 18:18:46.616431 INFO::Fitting model to feature number 415, maxbin_SRR16554656.025
2025-11-26 18:18:46.640975 INFO::Fitting model to feature number 416, semibin_SRR20881977.45
2025-11-26 18:18:46.690628 INFO::Fitting model to feature number 417, semibin_SRR5930494.42
2025-11-26 18:18:46.717505 INFO::Fitting model to feature number 418, maxbin_ERR6233693.010_sub
2025-11-26 18:18:46.745398 INFO::Fitting model to feature number 419, semibin_SRR20881981.24
2025-11-26 18:18:46.770732 INFO::Fitting model to feature number 420, semibin_SRR5930494.37
2025-11-26 18:18:46.797203 INFO::Fitting model to feature number 421, metabat_ERR12405956.11
2025-11-26 18:18:46.822574 INFO::Fitting model to feature number 422, metabat_ERR12406009.18
2025-11-26 18:18:46.846944 INFO::Fitting model to feature number 423, metabat_SRR16554765.3
2025-11-26 18:18:46.871144 INFO::Fitting model to feature number 424, metabat_SRR20881975.42
2025-11-26 18:18:46.896366 INFO::Fitting model to feature number 425, semibin_SRR6000901.30
2025-11-26 18:18:46.926866 INFO::Fitting model to feature number 426, metabat_SRR5930527.85
2025-11-26 18:18:46.95566 INFO::Fitting model to feature number 427, semibin_SRR25825516.46
2025-11-26 18:18:46.983197 INFO::Fitting model to feature number 428, semibin_ERR12405918.0
2025-11-26 18:18:47.008334 INFO::Fitting model to feature number 429, semibin_ERR12405967.4
2025-11-26 18:18:47.033184 INFO::Fitting model to feature number 430, semibin_SRR23364176.2
2025-11-26 18:18:47.059381 INFO::Fitting model to feature number 431, metabat_SRR16554711.16
2025-11-26 18:18:47.084962 INFO::Fitting model to feature number 432, maxbin_ERR6275668.007
2025-11-26 18:18:47.110634 INFO::Fitting model to feature number 433, semibin_ERR12405998.5_sub
2025-11-26 18:18:47.134782 INFO::Fitting model to feature number 434, metabat_SRR5930528.37
2025-11-26 18:18:47.160123 INFO::Fitting model to feature number 435, maxbin_SRR11413647.002
2025-11-26 18:18:47.184034 INFO::Fitting model to feature number 436, semibin_ERR6275668.86
2025-11-26 18:18:47.210036 INFO::Fitting model to feature number 437, semibin_ERR12406007.1
2025-11-26 18:18:47.23665 INFO::Fitting model to feature number 438, maxbin_SRR25825507.025_sub
2025-11-26 18:18:47.260958 INFO::Fitting model to feature number 439, semibin_ERR6279661.58
2025-11-26 18:18:47.286565 INFO::Fitting model to feature number 440, metabat_ERR6232523.3
2025-11-26 18:18:47.312103 INFO::Fitting model to feature number 441, semibin_SRR23364186.11
2025-11-26 18:18:47.336452 INFO::Fitting model to feature number 442, maxbin_SRR16554641.006
2025-11-26 18:18:47.386421 INFO::Fitting model to feature number 443, maxbin_SRR13022427.016_sub
2025-11-26 18:18:47.411788 INFO::Fitting model to feature number 444, metabat_ERR12405926.24
2025-11-26 18:18:47.436893 INFO::Fitting model to feature number 445, semibin_ERR6275664.8
2025-11-26 18:18:47.461624 INFO::Fitting model to feature number 446, semibin_SRR5930510.9
2025-11-26 18:18:47.486895 INFO::Fitting model to feature number 447, semibin_ERR6275668.101
2025-11-26 18:18:47.51119 INFO::Fitting model to feature number 448, semibin_SRR16554678.23
2025-11-26 18:18:47.535601 INFO::Fitting model to feature number 449, metabat_ERR12405949.23
2025-11-26 18:18:47.559883 INFO::Fitting model to feature number 450, maxbin_SRR16554706.002
2025-11-26 18:18:47.583464 INFO::Fitting model to feature number 451, semibin_SRR6000911.2
2025-11-26 18:18:47.608172 INFO::Fitting model to feature number 452, metabat_SRR23364171.43_sub
2025-11-26 18:18:47.63256 INFO::Fitting model to feature number 453, metabat_SRR13068829.5_sub
2025-11-26 18:18:47.657213 INFO::Fitting model to feature number 454, maxbin_ERR6232528.007
2025-11-26 18:18:47.681744 INFO::Fitting model to feature number 455, semibin_SRR13022452.10
2025-11-26 18:18:47.707206 INFO::Fitting model to feature number 456, semibin_SRR5930518.30
2025-11-26 18:18:47.733648 INFO::Fitting model to feature number 457, metabat_SRR11413620.24
2025-11-26 18:18:47.759024 INFO::Fitting model to feature number 458, semibin_ERR6275672.14
2025-11-26 18:18:47.785164 INFO::Fitting model to feature number 459, semibin_ERR6279669.46_sub
2025-11-26 18:18:47.810552 INFO::Fitting model to feature number 460, semibin_SRR13068839.29
2025-11-26 18:18:47.836511 INFO::Fitting model to feature number 461, semibin_ERR6232521.7
2025-11-26 18:18:47.863321 INFO::Fitting model to feature number 462, maxbin_SRR25825515.010
2025-11-26 18:18:47.888605 INFO::Fitting model to feature number 463, metabat_SRR16554736.34_sub
2025-11-26 18:18:47.912898 INFO::Fitting model to feature number 464, metabat_SRR6000947.61
2025-11-26 18:18:47.938702 INFO::Fitting model to feature number 465, maxbin_SRR16554777.008
2025-11-26 18:18:47.962975 INFO::Fitting model to feature number 466, metabat_ERR12405971.2
2025-11-26 18:18:47.987476 INFO::Fitting model to feature number 467, semibin_ERR12405973.6
2025-11-26 18:18:48.013414 INFO::Fitting model to feature number 468, metabat_SRR13068829.36
2025-11-26 18:18:48.064931 INFO::Fitting model to feature number 469, semibin_SRR16554725.23
2025-11-26 18:18:48.090113 INFO::Fitting model to feature number 470, maxbin_SRR16554634.001
2025-11-26 18:18:48.114849 INFO::Fitting model to feature number 471, maxbin_SRR16554656.001
2025-11-26 18:18:48.138884 INFO::Fitting model to feature number 472, semibin_SRR11413681.96
2025-11-26 18:18:48.163543 INFO::Fitting model to feature number 473, metabat_SRR11413619.66
2025-11-26 18:18:48.188543 INFO::Fitting model to feature number 474, semibin_ERR12406013.35
2025-11-26 18:18:48.21385 INFO::Fitting model to feature number 475, maxbin_ERR6281433.007
2025-11-26 18:18:48.238172 INFO::Fitting model to feature number 476, semibin_SRR23364212.64
2025-11-26 18:18:48.263431 INFO::Fitting model to feature number 477, maxbin_SRR16554654.005
2025-11-26 18:18:48.288239 INFO::Fitting model to feature number 478, semibin_ERR12405969.55
2025-11-26 18:18:48.313069 INFO::Fitting model to feature number 479, metabat_ERR6280948.5
2025-11-26 18:18:48.337719 INFO::Fitting model to feature number 480, metabat_ERR6230326.9
2025-11-26 18:18:48.363158 INFO::Fitting model to feature number 481, maxbin_SRR5930508.014
2025-11-26 18:18:48.387494 INFO::Fitting model to feature number 482, maxbin_SRR25825517.011_sub
2025-11-26 18:18:48.411797 INFO::Fitting model to feature number 483, metabat_ERR6279672.14
2025-11-26 18:18:48.437474 INFO::Fitting model to feature number 484, metabat_SRR6000940.58
2025-11-26 18:18:48.462227 INFO::Fitting model to feature number 485, maxbin_SRR8387707.009
2025-11-26 18:18:48.486585 INFO::Fitting model to feature number 486, maxbin_ERR2162217.004
2025-11-26 18:18:48.510838 INFO::Fitting model to feature number 487, metabat_SRR5930526.41
2025-11-26 18:18:48.535511 INFO::Fitting model to feature number 488, metabat_SRR11413619.35
2025-11-26 18:18:48.559109 INFO::Fitting model to feature number 489, semibin_SRR16168900.4
2025-11-26 18:18:48.583821 INFO::Fitting model to feature number 490, metabat_SRR13022316.9
2025-11-26 18:18:48.607497 INFO::Fitting model to feature number 491, metabat_SRR5930536.81_sub
2025-11-26 18:18:48.632079 INFO::Fitting model to feature number 492, metabat_ERR12406000.21
2025-11-26 18:18:48.65632 INFO::Fitting model to feature number 493, maxbin_SRR8387707.003
2025-11-26 18:18:48.680947 INFO::Fitting model to feature number 494, metabat_SRR13068834.42
2025-11-26 18:18:48.762911 INFO::Fitting model to feature number 495, metabat_SRR16554644.2
2025-11-26 18:18:48.786899 INFO::Fitting model to feature number 496, semibin_SRR6000932.49_sub
2025-11-26 18:18:48.811474 INFO::Fitting model to feature number 497, metabat_SRR11413685.13
2025-11-26 18:18:48.836652 INFO::Fitting model to feature number 498, semibin_ERR12405915.28
2025-11-26 18:18:48.861547 INFO::Fitting model to feature number 499, metabat_SRR20881985.11
2025-11-26 18:18:48.887232 INFO::Fitting model to feature number 500, metabat_SRR16168938.30
2025-11-26 18:18:48.911547 INFO::Fitting model to feature number 501, semibin_SRR11413607.11
2025-11-26 18:18:48.936013 INFO::Fitting model to feature number 502, maxbin_SRR11413653.011
2025-11-26 18:18:48.959864 INFO::Fitting model to feature number 503, semibin_SRR25825504.166
2025-11-26 18:18:48.984352 INFO::Fitting model to feature number 504, semibin_SRR5930501.30_sub
2025-11-26 18:18:49.009336 INFO::Fitting model to feature number 505, metabat_ERR12405933.44
2025-11-26 18:18:49.033807 INFO::Fitting model to feature number 506, maxbin_SRR5930517.002
2025-11-26 18:18:49.059345 INFO::Fitting model to feature number 507, metabat_ERR6264281.57_sub
2025-11-26 18:18:49.084684 INFO::Fitting model to feature number 508, semibin_SRR25825502.18
2025-11-26 18:18:49.109314 INFO::Fitting model to feature number 509, metabat_ERR6232524.33_sub
2025-11-26 18:18:49.133465 INFO::Fitting model to feature number 510, semibin_SRR5930503.42
2025-11-26 18:18:49.159251 INFO::Fitting model to feature number 511, metabat_ERR12406012.5
2025-11-26 18:18:49.185627 INFO::Fitting model to feature number 512, maxbin_SRR16554772.002
2025-11-26 18:18:49.21239 INFO::Fitting model to feature number 513, semibin_ERR12406012.51
2025-11-26 18:18:49.240678 INFO::Fitting model to feature number 514, semibin_SRR5930509.30
2025-11-26 18:18:49.265493 INFO::Fitting model to feature number 515, metabat_ERR12405976.3_sub
2025-11-26 18:18:49.291059 INFO::Fitting model to feature number 516, maxbin_SRR16554767.018
2025-11-26 18:18:49.315934 INFO::Fitting model to feature number 517, semibin_SRR16554784.38
2025-11-26 18:18:49.340932 INFO::Fitting model to feature number 518, metabat_SRR5930522.13_sub
2025-11-26 18:18:49.366001 INFO::Fitting model to feature number 519, metabat_SRR23364191.39_sub
2025-11-26 18:18:49.390978 INFO::Fitting model to feature number 520, metabat_ERR6281341.9
2025-11-26 18:18:49.439985 INFO::Fitting model to feature number 521, metabat_SRR23364212.36
2025-11-26 18:18:49.467337 INFO::Fitting model to feature number 522, semibin_SRR16554669.51_sub
2025-11-26 18:18:49.491912 INFO::Fitting model to feature number 523, semibin_ERR2162221.24_sub
2025-11-26 18:18:49.516655 INFO::Fitting model to feature number 524, maxbin_ERR6267712.014_sub
2025-11-26 18:18:49.541433 INFO::Fitting model to feature number 525, metabat_ERR6233695.21_sub
2025-11-26 18:18:49.565668 INFO::Fitting model to feature number 526, semibin_SRR13068825.10
2025-11-26 18:18:49.58951 INFO::Fitting model to feature number 527, semibin_SRR13022261.21
2025-11-26 18:18:49.612913 INFO::Fitting model to feature number 528, metabat_SRR13022461.7
2025-11-26 18:18:49.636797 INFO::Fitting model to feature number 529, metabat_SRR16554779.24
2025-11-26 18:18:49.661196 INFO::Fitting model to feature number 530, semibin_SRR5930498.24
2025-11-26 18:18:49.684702 INFO::Fitting model to feature number 531, maxbin_ERR6264280.016_sub
2025-11-26 18:18:49.708903 INFO::Fitting model to feature number 532, metabat_ERR12405981.6
2025-11-26 18:18:49.733618 INFO::Fitting model to feature number 533, semibin_SRR5930502.40
2025-11-26 18:18:49.757848 INFO::Fitting model to feature number 534, metabat_SRR23364239.1
2025-11-26 18:18:49.782446 INFO::Fitting model to feature number 535, semibin_SRR16554789.32
2025-11-26 18:18:49.806644 INFO::Fitting model to feature number 536, semibin_SRR5930501.70
2025-11-26 18:18:49.830929 INFO::Fitting model to feature number 537, metabat_SRR6000905.24
2025-11-26 18:18:49.855092 INFO::Fitting model to feature number 538, semibin_SRR23364199.26
2025-11-26 18:18:49.879184 INFO::Fitting model to feature number 539, semibin_SRR8387712.32
2025-11-26 18:18:49.904628 INFO::Fitting model to feature number 540, semibin_SRR11413613.11
2025-11-26 18:18:49.928663 INFO::Fitting model to feature number 541, semibin_SRR16554762.1
2025-11-26 18:18:49.952859 INFO::Fitting model to feature number 542, semibin_SRR5930498.111
2025-11-26 18:18:49.976912 INFO::Fitting model to feature number 543, metabat_ERR12405979.25
2025-11-26 18:18:50.000406 INFO::Fitting model to feature number 544, metabat_ERR6275652.12_sub
2025-11-26 18:18:50.023358 INFO::Fitting model to feature number 545, semibin_SRR25825507.51_sub
2025-11-26 18:18:50.047941 INFO::Fitting model to feature number 546, semibin_SRR16554736.23
2025-11-26 18:18:50.094933 INFO::Fitting model to feature number 547, semibin_SRR25825495.1_sub
2025-11-26 18:18:50.121078 INFO::Fitting model to feature number 548, maxbin_SRR16554722.014
2025-11-26 18:18:50.146007 INFO::Fitting model to feature number 549, maxbin_SRR16554753.014
2025-11-26 18:18:50.178799 INFO::Fitting model to feature number 550, semibin_SRR5930504.118_sub
2025-11-26 18:18:50.203238 INFO::Fitting model to feature number 551, metabat_SRR20881986.45
2025-11-26 18:18:50.229151 INFO::Fitting model to feature number 552, maxbin_SRR13022461.002
2025-11-26 18:18:50.257649 INFO::Fitting model to feature number 553, semibin_SRR5930531.66
2025-11-26 18:18:50.283817 INFO::Fitting model to feature number 554, metabat_SRR11413652.31
2025-11-26 18:18:50.307695 INFO::Fitting model to feature number 555, metabat_SRR16554785.19
2025-11-26 18:18:50.332065 INFO::Fitting model to feature number 556, metabat_ERR12405955.34
2025-11-26 18:18:50.356956 INFO::Fitting model to feature number 557, maxbin_SRR5930505.015_sub
2025-11-26 18:18:50.38168 INFO::Fitting model to feature number 558, metabat_SRR8387710.29
2025-11-26 18:18:50.406207 INFO::Fitting model to feature number 559, metabat_SRR6000895.57
2025-11-26 18:18:50.431011 INFO::Fitting model to feature number 560, metabat_SRR11413613.3
2025-11-26 18:18:50.455782 INFO::Fitting model to feature number 561, metabat_ERR12405965.20
2025-11-26 18:18:50.482 INFO::Fitting model to feature number 562, semibin_ERR12405995.13
2025-11-26 18:18:50.505805 INFO::Fitting model to feature number 563, semibin_SRR23364198.20
2025-11-26 18:18:50.529517 INFO::Fitting model to feature number 564, maxbin_ERR12405931.013
2025-11-26 18:18:50.554101 INFO::Fitting model to feature number 565, metabat_SRR5930532.34_sub
2025-11-26 18:18:50.578655 INFO::Fitting model to feature number 566, maxbin_ERR6233695.024_sub
2025-11-26 18:18:50.603044 INFO::Fitting model to feature number 567, semibin_SRR20881985.46_sub
2025-11-26 18:18:50.627437 INFO::Fitting model to feature number 568, maxbin_SRR11413681.013
2025-11-26 18:18:50.651267 INFO::Fitting model to feature number 569, semibin_SRR23364229.5
2025-11-26 18:18:50.675723 INFO::Fitting model to feature number 570, semibin_SRR5930527.64
2025-11-26 18:18:50.700004 INFO::Fitting model to feature number 571, semibin_SRR5930529.122
2025-11-26 18:18:50.723614 INFO::Fitting model to feature number 572, metabat_ERR6275679.20
2025-11-26 18:18:50.7713 INFO::Fitting model to feature number 573, metabat_ERR6281944.25
2025-11-26 18:18:50.799324 INFO::Fitting model to feature number 574, maxbin_SRR8387679.008
2025-11-26 18:18:50.823994 INFO::Fitting model to feature number 575, semibin_SRR13068849.26
2025-11-26 18:18:50.848523 INFO::Fitting model to feature number 576, semibin_ERR6275674.65
2025-11-26 18:18:50.873521 INFO::Fitting model to feature number 577, metabat_ERR12405922.10_sub
2025-11-26 18:18:50.898344 INFO::Fitting model to feature number 578, metabat_ERR6281941.15
2025-11-26 18:18:50.922457 INFO::Fitting model to feature number 579, metabat_ERR12405947.12_sub
2025-11-26 18:18:50.947421 INFO::Fitting model to feature number 580, maxbin_SRR6000920.039
2025-11-26 18:18:50.971931 INFO::Fitting model to feature number 581, metabat_SRR13068828.25
2025-11-26 18:18:50.996575 INFO::Fitting model to feature number 582, metabat_SRR13068843.21
2025-11-26 18:18:51.020843 INFO::Fitting model to feature number 583, metabat_SRR16554763.38
2025-11-26 18:18:51.044981 INFO::Fitting model to feature number 584, semibin_SRR13068840.28
2025-11-26 18:18:51.06999 INFO::Fitting model to feature number 585, semibin_SRR8387712.8_sub
2025-11-26 18:18:51.095008 INFO::Fitting model to feature number 586, semibin_SRR16554652.24
2025-11-26 18:18:51.119536 INFO::Fitting model to feature number 587, maxbin_SRR5930507.021
2025-11-26 18:18:51.14363 INFO::Fitting model to feature number 588, metabat_SRR13068849.40
2025-11-26 18:18:51.168108 INFO::Fitting model to feature number 589, semibin_SRR5930507.17_sub
2025-11-26 18:18:51.192515 INFO::Fitting model to feature number 590, metabat_SRR5930519.59
2025-11-26 18:18:51.217136 INFO::Fitting model to feature number 591, metabat_SRR11413689.27
2025-11-26 18:18:51.242702 INFO::Fitting model to feature number 592, metabat_SRR20881983.26_sub
2025-11-26 18:18:51.266611 INFO::Fitting model to feature number 593, metabat_SRR6000890.18
2025-11-26 18:18:51.29187 INFO::Fitting model to feature number 594, semibin_ERR12405997.136
2025-11-26 18:18:51.316715 INFO::Fitting model to feature number 595, semibin_SRR23364199.41
2025-11-26 18:18:51.34068 INFO::Fitting model to feature number 596, metabat_ERR12405967.40_sub
2025-11-26 18:18:51.364573 INFO::Fitting model to feature number 597, metabat_SRR16554671.17_sub
2025-11-26 18:18:51.388857 INFO::Fitting model to feature number 598, semibin_SRR16554763.40_sub
2025-11-26 18:18:51.412764 INFO::Fitting model to feature number 599, metabat_ERR12405924.12
2025-11-26 18:18:51.46295 INFO::Fitting model to feature number 600, semibin_SRR5930528.277
2025-11-26 18:18:51.487817 INFO::Fitting model to feature number 601, metabat_ERR12405976.51
2025-11-26 18:18:51.512602 INFO::Fitting model to feature number 602, maxbin_SRR16168969.015
2025-11-26 18:18:51.53691 INFO::Fitting model to feature number 603, metabat_SRR16554773.16
2025-11-26 18:18:51.561055 INFO::Fitting model to feature number 604, maxbin_SRR13022456.004
2025-11-26 18:18:51.584911 INFO::Fitting model to feature number 605, maxbin_ERR2162201.001
2025-11-26 18:18:51.60929 INFO::Fitting model to feature number 606, semibin_SRR16554692.37
2025-11-26 18:18:51.633969 INFO::Fitting model to feature number 607, maxbin_SRR16168926.011
2025-11-26 18:18:51.658024 INFO::Fitting model to feature number 608, metabat_SRR16554660.22
2025-11-26 18:18:51.681921 INFO::Fitting model to feature number 609, maxbin_ERR6282137.011_sub
2025-11-26 18:18:51.707107 INFO::Fitting model to feature number 610, maxbin_SRR16554667.020
2025-11-26 18:18:51.731716 INFO::Fitting model to feature number 611, semibin_ERR2162202.30
2025-11-26 18:18:51.756454 INFO::Fitting model to feature number 612, metabat_SRR11413684.1
2025-11-26 18:18:51.780987 INFO::Fitting model to feature number 613, maxbin_SRR5930508.009
2025-11-26 18:18:51.805329 INFO::Fitting model to feature number 614, maxbin_SRR16554666.010_sub
2025-11-26 18:18:51.829593 INFO::Fitting model to feature number 615, metabat_SRR16554625.19
2025-11-26 18:18:51.853487 INFO::Fitting model to feature number 616, metabat_SRR16554702.8
2025-11-26 18:18:51.878556 INFO::Fitting model to feature number 617, semibin_SRR13022319.17
2025-11-26 18:18:51.903295 INFO::Fitting model to feature number 618, maxbin_SRR16554654.015
2025-11-26 18:18:51.927313 INFO::Fitting model to feature number 619, metabat_ERR2162221.27
2025-11-26 18:18:52.003355 INFO::Fitting model to feature number 620, metabat_SRR6000877.22
2025-11-26 18:18:52.02734 INFO::Fitting model to feature number 621, semibin_ERR6279654.38
2025-11-26 18:18:52.05142 INFO::Fitting model to feature number 622, metabat_SRR8387681.33_sub
2025-11-26 18:18:52.075979 INFO::Fitting model to feature number 623, semibin_SRR16554736.59
2025-11-26 18:18:52.100114 INFO::Fitting model to feature number 624, metabat_SRR20881986.23
2025-11-26 18:18:52.144032 INFO::Fitting model to feature number 625, semibin_SRR20881984.28
2025-11-26 18:18:52.176363 INFO::Fitting model to feature number 626, semibin_SRR20881984.48
2025-11-26 18:18:52.201129 INFO::Fitting model to feature number 627, semibin_ERR12405985.19
2025-11-26 18:18:52.22565 INFO::Fitting model to feature number 628, semibin_ERR12405959.88
2025-11-26 18:18:52.249971 INFO::Fitting model to feature number 629, maxbin_SRR8387683.016_sub
2025-11-26 18:18:52.274582 INFO::Fitting model to feature number 630, maxbin_SRR23364183.008
2025-11-26 18:18:52.298928 INFO::Fitting model to feature number 631, semibin_SRR5930520.142
2025-11-26 18:18:52.322868 INFO::Fitting model to feature number 632, metabat_ERR6279648.28_sub
2025-11-26 18:18:52.347145 INFO::Fitting model to feature number 633, semibin_SRR16554627.34
2025-11-26 18:18:52.371058 INFO::Fitting model to feature number 634, semibin_SRR16168930.38
2025-11-26 18:18:52.39504 INFO::Fitting model to feature number 635, semibin_SRR16554693.10
2025-11-26 18:18:52.419694 INFO::Fitting model to feature number 636, semibin_ERR12405963.13
2025-11-26 18:18:52.444402 INFO::Fitting model to feature number 637, metabat_SRR16554780.25
2025-11-26 18:18:52.468574 INFO::Fitting model to feature number 638, metabat_ERR12405966.18
2025-11-26 18:18:52.492848 INFO::Fitting model to feature number 639, semibin_SRR5930522.30_sub
2025-11-26 18:18:52.516942 INFO::Fitting model to feature number 640, metabat_SRR16554652.18
2025-11-26 18:18:52.541241 INFO::Fitting model to feature number 641, semibin_SRR16554656.6
2025-11-26 18:18:52.565636 INFO::Fitting model to feature number 642, maxbin_ERR2162203.009_sub
2025-11-26 18:18:52.589717 INFO::Fitting model to feature number 643, semibin_SRR23364171.89
2025-11-26 18:18:52.614014 INFO::Fitting model to feature number 644, metabat_SRR11413657.18
2025-11-26 18:18:52.637326 INFO::Fitting model to feature number 645, metabat_SRR5930497.69
2025-11-26 18:18:52.661473 INFO::Fitting model to feature number 646, semibin_SRR20881984.27
2025-11-26 18:18:52.68513 INFO::Fitting model to feature number 647, semibin_SRR5930532.101_sub
2025-11-26 18:18:52.709661 INFO::Fitting model to feature number 648, semibin_ERR6275667.19
2025-11-26 18:18:52.733232 INFO::Fitting model to feature number 649, maxbin_SRR11413615.014
2025-11-26 18:18:52.757135 INFO::Fitting model to feature number 650, semibin_SRR6000900.6
2025-11-26 18:18:52.781464 INFO::Fitting model to feature number 651, semibin_SRR13068817.20
2025-11-26 18:18:52.831573 INFO::Fitting model to feature number 652, semibin_SRR23364237.9
2025-11-26 18:18:52.857576 INFO::Fitting model to feature number 653, semibin_ERR12405928.36_sub
2025-11-26 18:18:52.883153 INFO::Fitting model to feature number 654, semibin_ERR6281340.57
2025-11-26 18:18:52.910139 INFO::Fitting model to feature number 655, metabat_SRR5930533.11
2025-11-26 18:18:52.942034 INFO::Fitting model to feature number 656, maxbin_SRR16168909.004_sub
2025-11-26 18:18:52.967258 INFO::Fitting model to feature number 657, semibin_SRR5930516.27_sub
2025-11-26 18:18:52.995879 INFO::Fitting model to feature number 658, metabat_ERR6275669.37
2025-11-26 18:18:53.021601 INFO::Fitting model to feature number 659, semibin_ERR2162215.9
2025-11-26 18:18:53.046153 INFO::Fitting model to feature number 660, maxbin_SRR11413646.006_sub
2025-11-26 18:18:53.071844 INFO::Fitting model to feature number 661, maxbin_SRR23364206.033_sub
2025-11-26 18:18:53.096463 INFO::Fitting model to feature number 662, maxbin_SRR11413688.023_sub
2025-11-26 18:18:53.12128 INFO::Fitting model to feature number 663, semibin_ERR12405972.8
2025-11-26 18:18:53.145239 INFO::Fitting model to feature number 664, metabat_SRR5930494.40_sub
2025-11-26 18:18:53.171017 INFO::Fitting model to feature number 665, maxbin_SRR23364202.021
2025-11-26 18:18:53.196386 INFO::Fitting model to feature number 666, metabat_SRR5930527.48
2025-11-26 18:18:53.220957 INFO::Fitting model to feature number 667, semibin_SRR20881977.110
2025-11-26 18:18:53.246964 INFO::Fitting model to feature number 668, metabat_SRR16168902.18
2025-11-26 18:18:53.272011 INFO::Fitting model to feature number 669, maxbin_SRR8387683.026_sub
2025-11-26 18:18:53.296573 INFO::Fitting model to feature number 670, metabat_SRR11413649.18
2025-11-26 18:18:53.320798 INFO::Fitting model to feature number 671, semibin_SRR16554666.90
2025-11-26 18:18:53.345813 INFO::Fitting model to feature number 672, maxbin_SRR16554651.021_sub
2025-11-26 18:18:53.369709 INFO::Fitting model to feature number 673, metabat_SRR16554626.8
2025-11-26 18:18:53.394713 INFO::Fitting model to feature number 674, semibin_SRR5930504.156_sub
2025-11-26 18:18:53.419215 INFO::Fitting model to feature number 675, semibin_ERR12405910.22
2025-11-26 18:18:53.444584 INFO::Fitting model to feature number 676, metabat_SRR11413607.10
2025-11-26 18:18:53.468667 INFO::Fitting model to feature number 677, metabat_SRR16554760.38
2025-11-26 18:18:53.518651 INFO::Fitting model to feature number 678, maxbin_SRR16168929.017
2025-11-26 18:18:53.545201 INFO::Fitting model to feature number 679, metabat_SRR25825515.13
2025-11-26 18:18:53.570315 INFO::Fitting model to feature number 680, semibin_SRR5930505.112
2025-11-26 18:18:53.594557 INFO::Fitting model to feature number 681, semibin_ERR12405959.9
2025-11-26 18:18:53.618392 INFO::Fitting model to feature number 682, semibin_SRR6000902.21
2025-11-26 18:18:53.643983 INFO::Fitting model to feature number 683, semibin_ERR6275661.83
2025-11-26 18:18:53.667822 INFO::Fitting model to feature number 684, semibin_SRR5930519.20
2025-11-26 18:18:53.691878 INFO::Fitting model to feature number 685, maxbin_ERR12405985.002_sub
2025-11-26 18:18:53.716463 INFO::Fitting model to feature number 686, metabat_SRR5930506.22
2025-11-26 18:18:53.741145 INFO::Fitting model to feature number 687, semibin_ERR12405947.51
2025-11-26 18:18:53.765167 INFO::Fitting model to feature number 688, semibin_SRR5930505.26
2025-11-26 18:18:53.790052 INFO::Fitting model to feature number 689, semibin_SRR11413652.34
2025-11-26 18:18:53.814073 INFO::Fitting model to feature number 690, semibin_SRR16554712.24
2025-11-26 18:18:53.839533 INFO::Fitting model to feature number 691, metabat_SRR11413610.43_sub
2025-11-26 18:18:53.863711 INFO::Fitting model to feature number 692, semibin_SRR11413656.47
2025-11-26 18:18:53.888614 INFO::Fitting model to feature number 693, semibin_SRR5930494.170
2025-11-26 18:18:53.913131 INFO::Fitting model to feature number 694, semibin_SRR16554702.69
2025-11-26 18:18:53.937195 INFO::Fitting model to feature number 695, semibin_SRR8387681.3
2025-11-26 18:18:53.961205 INFO::Fitting model to feature number 696, metabat_SRR13022394.10
2025-11-26 18:18:53.985201 INFO::Fitting model to feature number 697, semibin_SRR16554632.68
2025-11-26 18:18:54.00933 INFO::Fitting model to feature number 698, semibin_SRR16554652.37
2025-11-26 18:18:54.033883 INFO::Fitting model to feature number 699, metabat_SRR11413614.19
2025-11-26 18:18:54.057861 INFO::Fitting model to feature number 700, semibin_SRR23364192.60
2025-11-26 18:18:54.08217 INFO::Fitting model to feature number 701, maxbin_ERR12405964.003
2025-11-26 18:18:54.105797 INFO::Fitting model to feature number 702, metabat_SRR6000949.15_sub
2025-11-26 18:18:54.129727 INFO::Fitting model to feature number 703, metabat_ERR2162221.41
2025-11-26 18:18:54.178769 INFO::Fitting model to feature number 704, maxbin_ERR12405970.007
2025-11-26 18:18:54.205089 INFO::Fitting model to feature number 705, semibin_SRR6000921.66
2025-11-26 18:18:54.230087 INFO::Fitting model to feature number 706, metabat_ERR12405979.29_sub
2025-11-26 18:18:54.254827 INFO::Fitting model to feature number 707, metabat_SRR20881979.25
2025-11-26 18:18:54.278966 INFO::Fitting model to feature number 708, metabat_ERR12405912.60_sub
2025-11-26 18:18:54.303899 INFO::Fitting model to feature number 709, metabat_SRR25825512.4
2025-11-26 18:18:54.328093 INFO::Fitting model to feature number 710, metabat_SRR11413656.7
2025-11-26 18:18:54.352826 INFO::Fitting model to feature number 711, semibin_ERR6264281.17
2025-11-26 18:18:54.376856 INFO::Fitting model to feature number 712, semibin_SRR25825511.42
2025-11-26 18:18:54.401005 INFO::Fitting model to feature number 713, semibin_SRR25825497.63
2025-11-26 18:18:54.425592 INFO::Fitting model to feature number 714, metabat_ERR6281000.20
2025-11-26 18:18:54.450764 INFO::Fitting model to feature number 715, metabat_SRR16554694.1
2025-11-26 18:18:54.475006 INFO::Fitting model to feature number 716, semibin_ERR6279648.9_sub
2025-11-26 18:18:54.499332 INFO::Fitting model to feature number 717, metabat_ERR12405972.12
2025-11-26 18:18:54.524256 INFO::Fitting model to feature number 718, metabat_SRR16554696.40
2025-11-26 18:18:54.548407 INFO::Fitting model to feature number 719, semibin_ERR6279664.27
2025-11-26 18:18:54.573083 INFO::Fitting model to feature number 720, semibin_ERR2162212.41
2025-11-26 18:18:54.597602 INFO::Fitting model to feature number 721, metabat_SRR20881983.15_sub
2025-11-26 18:18:54.621637 INFO::Fitting model to feature number 722, metabat_SRR8387677.1_sub
2025-11-26 18:18:54.645836 INFO::Fitting model to feature number 723, metabat_ERR12405915.37
2025-11-26 18:18:54.669656 INFO::Fitting model to feature number 724, metabat_SRR5930498.104
2025-11-26 18:18:54.694329 INFO::Fitting model to feature number 725, maxbin_SRR6000949.071
2025-11-26 18:18:54.718782 INFO::Fitting model to feature number 726, maxbin_SRR16554721.036
2025-11-26 18:18:54.744002 INFO::Fitting model to feature number 727, maxbin_ERR12406001.019
2025-11-26 18:18:54.768794 INFO::Fitting model to feature number 728, metabat_SRR5930508.66
2025-11-26 18:18:54.793319 INFO::Fitting model to feature number 729, metabat_SRR25825496.40
2025-11-26 18:18:54.843182 INFO::Fitting model to feature number 730, metabat_ERR2162206.17
2025-11-26 18:18:54.869916 INFO::Fitting model to feature number 731, metabat_ERR12405944.28_sub
2025-11-26 18:18:54.894784 INFO::Fitting model to feature number 732, maxbin_ERR12405967.017
2025-11-26 18:18:54.919507 INFO::Fitting model to feature number 733, semibin_ERR12405955.92
2025-11-26 18:18:54.945032 INFO::Fitting model to feature number 734, semibin_SRR5930511.23
2025-11-26 18:18:54.969543 INFO::Fitting model to feature number 735, metabat_SRR25825494.29
2025-11-26 18:18:54.994055 INFO::Fitting model to feature number 736, maxbin_SRR16554715.022_sub
2025-11-26 18:18:55.018849 INFO::Fitting model to feature number 737, semibin_SRR5930503.199
2025-11-26 18:18:55.043414 INFO::Fitting model to feature number 738, maxbin_ERR2162201.005
2025-11-26 18:18:55.067581 INFO::Fitting model to feature number 739, maxbin_ERR12405926.036
2025-11-26 18:18:55.091259 INFO::Fitting model to feature number 740, metabat_ERR12405911.26
2025-11-26 18:18:55.11566 INFO::Fitting model to feature number 741, semibin_SRR6000920.16
2025-11-26 18:18:55.140523 INFO::Fitting model to feature number 742, metabat_SRR11413608.104_sub
2025-11-26 18:18:55.165659 INFO::Fitting model to feature number 743, maxbin_SRR16554789.004
2025-11-26 18:18:55.190223 INFO::Fitting model to feature number 744, metabat_SRR13022375.2
2025-11-26 18:18:55.214209 INFO::Fitting model to feature number 745, semibin_ERR12406004.40
2025-11-26 18:18:55.239082 INFO::Fitting model to feature number 746, metabat_SRR16554707.26
2025-11-26 18:18:55.265226 INFO::Fitting model to feature number 747, maxbin_SRR5930494.015_sub
2025-11-26 18:18:55.290137 INFO::Fitting model to feature number 748, metabat_ERR12405920.11_sub
2025-11-26 18:18:55.313934 INFO::Fitting model to feature number 749, semibin_SRR5930527.97
2025-11-26 18:18:55.338793 INFO::Fitting model to feature number 750, metabat_ERR12406003.18
2025-11-26 18:18:55.363588 INFO::Fitting model to feature number 751, semibin_SRR23364193.49_sub
2025-11-26 18:18:55.38844 INFO::Fitting model to feature number 752, metabat_SRR5930506.44_sub
2025-11-26 18:18:55.413214 INFO::Fitting model to feature number 753, semibin_SRR23364199.59
2025-11-26 18:18:55.437287 INFO::Fitting model to feature number 754, semibin_SRR23364227.47
2025-11-26 18:18:55.460983 INFO::Fitting model to feature number 755, metabat_SRR11413645.3
2025-11-26 18:18:55.509771 INFO::Fitting model to feature number 756, semibin_ERR12405974.73
2025-11-26 18:18:55.536275 INFO::Fitting model to feature number 757, maxbin_SRR20881976.003
2025-11-26 18:18:55.562535 INFO::Fitting model to feature number 758, metabat_ERR6282383.6_sub
2025-11-26 18:18:55.587803 INFO::Fitting model to feature number 759, metabat_SRR16554627.12
2025-11-26 18:18:55.61306 INFO::Fitting model to feature number 760, semibin_SRR13022432.11
2025-11-26 18:18:55.637263 INFO::Fitting model to feature number 761, metabat_SRR11413657.82
2025-11-26 18:18:55.66082 INFO::Fitting model to feature number 762, metabat_SRR25825502.19_sub
2025-11-26 18:18:55.685779 INFO::Fitting model to feature number 763, metabat_SRR16554660.12
2025-11-26 18:18:55.710442 INFO::Fitting model to feature number 764, metabat_SRR8387712.29
2025-11-26 18:18:55.735341 INFO::Fitting model to feature number 765, metabat_ERR12406003.42
2025-11-26 18:18:55.760554 INFO::Fitting model to feature number 766, semibin_SRR16554660.75
2025-11-26 18:18:55.785936 INFO::Fitting model to feature number 767, semibin_SRR13022392.16
2025-11-26 18:18:55.81003 INFO::Fitting model to feature number 768, semibin_ERR6279678.42
2025-11-26 18:18:55.834454 INFO::Fitting model to feature number 769, semibin_SRR5930529.60
2025-11-26 18:18:55.859124 INFO::Fitting model to feature number 770, metabat_SRR23364187.17_sub
2025-11-26 18:18:55.884084 INFO::Fitting model to feature number 771, semibin_SRR11413678.27
2025-11-26 18:18:55.908101 INFO::Fitting model to feature number 772, metabat_SRR5930528.60
2025-11-26 18:18:55.93146 INFO::Fitting model to feature number 773, metabat_SRR25825510.42_sub
2025-11-26 18:18:55.955644 INFO::Fitting model to feature number 774, metabat_SRR25825496.19
2025-11-26 18:18:55.980115 INFO::Fitting model to feature number 775, metabat_ERR12405912.7
2025-11-26 18:18:56.004337 INFO::Fitting model to feature number 776, semibin_SRR8387659.60
2025-11-26 18:18:56.028522 INFO::Fitting model to feature number 777, semibin_ERR2162215.11
2025-11-26 18:18:56.052488 INFO::Fitting model to feature number 778, semibin_ERR12405979.55
2025-11-26 18:18:56.076294 INFO::Fitting model to feature number 779, semibin_SRR11413619.16
2025-11-26 18:18:56.100002 INFO::Fitting model to feature number 780, metabat_SRR5930531.61
2025-11-26 18:18:56.127489 INFO::Fitting model to feature number 781, metabat_SRR16168938.24_sub
2025-11-26 18:18:56.180932 INFO::Fitting model to feature number 782, metabat_ERR12405916.32
2025-11-26 18:18:56.212209 INFO::Fitting model to feature number 783, metabat_ERR2162200.21
2025-11-26 18:18:56.239923 INFO::Fitting model to feature number 784, semibin_SRR16554712.0
2025-11-26 18:18:56.264585 INFO::Fitting model to feature number 785, maxbin_ERR6279657.062_sub
2025-11-26 18:18:56.290173 INFO::Fitting model to feature number 786, semibin_SRR13022375.5
2025-11-26 18:18:56.313213 INFO::Fitting model to feature number 787, semibin_ERR2162212.116
2025-11-26 18:18:56.340531 INFO::Fitting model to feature number 788, semibin_ERR6279669.86
2025-11-26 18:18:56.367016 INFO::Fitting model to feature number 789, metabat_ERR2162221.49
2025-11-26 18:18:56.39151 INFO::Fitting model to feature number 790, metabat_ERR2162221.56
2025-11-26 18:18:56.418447 INFO::Fitting model to feature number 791, semibin_SRR23364233.61
2025-11-26 18:18:56.443909 INFO::Fitting model to feature number 792, semibin_SRR5930498.20
2025-11-26 18:18:56.471036 INFO::Fitting model to feature number 793, semibin_SRR20881974.85
2025-11-26 18:18:56.497189 INFO::Fitting model to feature number 794, semibin_SRR23364235.6
2025-11-26 18:18:56.52317 INFO::Fitting model to feature number 795, metabat_SRR13068834.6
2025-11-26 18:18:56.548715 INFO::Fitting model to feature number 796, semibin_ERR12405967.93
2025-11-26 18:18:56.573514 INFO::Fitting model to feature number 797, semibin_SRR13068829.205
2025-11-26 18:18:56.599935 INFO::Fitting model to feature number 798, maxbin_SRR23364183.002
2025-11-26 18:18:56.62518 INFO::Fitting model to feature number 799, semibin_SRR16554759.10_sub
2025-11-26 18:18:56.649587 INFO::Fitting model to feature number 800, semibin_ERR12406009.9_sub
2025-11-26 18:18:56.675004 INFO::Fitting model to feature number 801, maxbin_SRR8387659.002
2025-11-26 18:18:56.69947 INFO::Fitting model to feature number 802, semibin_ERR6280907.75
2025-11-26 18:18:56.724316 INFO::Fitting model to feature number 803, metabat_SRR5930532.5
2025-11-26 18:18:56.749056 INFO::Fitting model to feature number 804, semibin_SRR11413690.63
2025-11-26 18:18:56.772876 INFO::Fitting model to feature number 805, maxbin_SRR23364229.004
2025-11-26 18:18:56.797609 INFO::Fitting model to feature number 806, semibin_SRR11413606.50
2025-11-26 18:18:56.822151 INFO::Fitting model to feature number 807, maxbin_ERR6232523.003
2025-11-26 18:18:56.871213 INFO::Fitting model to feature number 808, semibin_ERR6267712.18
2025-11-26 18:18:56.899226 INFO::Fitting model to feature number 809, semibin_SRR5930495.44
2025-11-26 18:18:56.924413 INFO::Fitting model to feature number 810, maxbin_SRR16554752.002
2025-11-26 18:18:56.948708 INFO::Fitting model to feature number 811, metabat_SRR5930498.82
2025-11-26 18:18:56.973985 INFO::Fitting model to feature number 812, semibin_SRR25825510.41_sub
2025-11-26 18:18:56.99823 INFO::Fitting model to feature number 813, semibin_ERR6279674.8
2025-11-26 18:18:57.022856 INFO::Fitting model to feature number 814, maxbin_ERR6281505.022
2025-11-26 18:18:57.047889 INFO::Fitting model to feature number 815, maxbin_ERR6279662.030
2025-11-26 18:18:57.071981 INFO::Fitting model to feature number 816, metabat_SRR16168920.1
2025-11-26 18:18:57.095738 INFO::Fitting model to feature number 817, maxbin_SRR11413648.001
2025-11-26 18:18:57.120405 INFO::Fitting model to feature number 818, metabat_ERR6279625.46
2025-11-26 18:18:57.145445 INFO::Fitting model to feature number 819, semibin_SRR6000903.13
2025-11-26 18:18:57.169991 INFO::Fitting model to feature number 820, maxbin_SRR23364204.024
2025-11-26 18:18:57.193872 INFO::Fitting model to feature number 821, metabat_SRR5930506.9_sub
2025-11-26 18:18:57.218826 INFO::Fitting model to feature number 822, metabat_ERR6243878.23_sub
2025-11-26 18:18:57.244998 INFO::Fitting model to feature number 823, metabat_SRR16168986.5
2025-11-26 18:18:57.269965 INFO::Fitting model to feature number 824, maxbin_ERR6279614.017_sub
2025-11-26 18:18:57.294433 INFO::Fitting model to feature number 825, maxbin_ERR6279679.012
2025-11-26 18:18:57.319163 INFO::Fitting model to feature number 826, semibin_ERR6279668.12
2025-11-26 18:18:57.343674 INFO::Fitting model to feature number 827, metabat_ERR6279677.48_sub
2025-11-26 18:18:57.367759 INFO::Fitting model to feature number 828, semibin_SRR16554652.75
2025-11-26 18:18:57.391364 INFO::Fitting model to feature number 829, maxbin_SRR25825517.033_sub
2025-11-26 18:18:57.416017 INFO::Fitting model to feature number 830, metabat_ERR12405950.7
2025-11-26 18:18:57.440114 INFO::Fitting model to feature number 831, metabat_SRR13068843.53_sub
2025-11-26 18:18:57.464638 INFO::Fitting model to feature number 832, maxbin_ERR6280910.023_sub
2025-11-26 18:18:57.488476 INFO::Fitting model to feature number 833, semibin_SRR11413645.40
2025-11-26 18:18:57.53772 INFO::Fitting model to feature number 834, semibin_SRR11413614.4
2025-11-26 18:18:57.56457 INFO::Fitting model to feature number 835, metabat_ERR6232458.6
2025-11-26 18:18:57.588657 INFO::Fitting model to feature number 836, semibin_SRR11413686.11
2025-11-26 18:18:57.613556 INFO::Fitting model to feature number 837, maxbin_SRR16168920.025
2025-11-26 18:18:57.63755 INFO::Fitting model to feature number 838, metabat_SRR25825508.34_sub
2025-11-26 18:18:57.662462 INFO::Fitting model to feature number 839, semibin_ERR6279661.80
2025-11-26 18:18:57.686144 INFO::Fitting model to feature number 840, metabat_ERR12405928.49
2025-11-26 18:18:57.710635 INFO::Fitting model to feature number 841, maxbin_SRR5930498.027
2025-11-26 18:18:57.735629 INFO::Fitting model to feature number 842, semibin_SRR13022297.24
2025-11-26 18:18:57.760589 INFO::Fitting model to feature number 843, semibin_SRR5930517.113
2025-11-26 18:18:57.784899 INFO::Fitting model to feature number 844, maxbin_SRR13068814.028
2025-11-26 18:18:57.808226 INFO::Fitting model to feature number 845, maxbin_ERR6279659.009_sub
2025-11-26 18:18:57.83319 INFO::Fitting model to feature number 846, maxbin_SRR16554720.002
2025-11-26 18:18:57.857638 INFO::Fitting model to feature number 847, semibin_SRR6000900.14
2025-11-26 18:18:57.882384 INFO::Fitting model to feature number 848, metabat_ERR6279665.25
2025-11-26 18:18:57.906069 INFO::Fitting model to feature number 849, metabat_SRR16168974.17
2025-11-26 18:18:57.930457 INFO::Fitting model to feature number 850, semibin_ERR12405961.27
2025-11-26 18:18:57.954388 INFO::Fitting model to feature number 851, maxbin_ERR6281000.059
2025-11-26 18:18:57.978466 INFO::Fitting model to feature number 852, semibin_SRR5930520.79_sub
2025-11-26 18:18:58.002982 INFO::Fitting model to feature number 853, metabat_SRR6000874.22_sub
2025-11-26 18:18:58.027228 INFO::Fitting model to feature number 854, maxbin_ERR6279673.036
2025-11-26 18:18:58.051085 INFO::Fitting model to feature number 855, metabat_SRR5930516.91
2025-11-26 18:18:58.076149 INFO::Fitting model to feature number 856, metabat_SRR16554652.48
2025-11-26 18:18:58.100288 INFO::Fitting model to feature number 857, metabat_ERR6275663.38
2025-11-26 18:18:58.125 INFO::Fitting model to feature number 858, semibin_SRR11413614.13
2025-11-26 18:18:58.150181 INFO::Fitting model to feature number 859, semibin_ERR6281434.39
2025-11-26 18:18:58.198095 INFO::Fitting model to feature number 860, semibin_SRR5930532.36
2025-11-26 18:18:58.225077 INFO::Fitting model to feature number 861, metabat_SRR16168976.38
2025-11-26 18:18:58.249868 INFO::Fitting model to feature number 862, semibin_SRR6000891.14
2025-11-26 18:18:58.274098 INFO::Fitting model to feature number 863, semibin_SRR20881976.80
2025-11-26 18:18:58.297926 INFO::Fitting model to feature number 864, semibin_ERR6281448.54
2025-11-26 18:18:58.322835 INFO::Fitting model to feature number 865, maxbin_SRR11413653.009
2025-11-26 18:18:58.347875 INFO::Fitting model to feature number 866, metabat_SRR13068843.68
2025-11-26 18:18:58.372086 INFO::Fitting model to feature number 867, semibin_ERR6275676.56
2025-11-26 18:18:58.396449 INFO::Fitting model to feature number 868, maxbin_SRR5930515.026_sub
2025-11-26 18:18:58.42149 INFO::Fitting model to feature number 869, maxbin_SRR16168974.016_sub
2025-11-26 18:18:58.446372 INFO::Fitting model to feature number 870, maxbin_SRR5930495.007_sub
2025-11-26 18:18:58.470433 INFO::Fitting model to feature number 871, maxbin_SRR11413687.011
2025-11-26 18:18:58.494884 INFO::Fitting model to feature number 872, metabat_SRR23364171.31
2025-11-26 18:18:58.519751 INFO::Fitting model to feature number 873, metabat_SRR23364216.19_sub
2025-11-26 18:18:58.543967 INFO::Fitting model to feature number 874, metabat_ERR6279626.27
2025-11-26 18:18:58.568133 INFO::Fitting model to feature number 875, semibin_ERR6280910.39
2025-11-26 18:18:58.592183 INFO::Fitting model to feature number 876, maxbin_ERR6231548.005
2025-11-26 18:18:58.615877 INFO::Fitting model to feature number 877, maxbin_SRR16554788.028_sub
2025-11-26 18:18:58.640693 INFO::Fitting model to feature number 878, semibin_SRR5930507.86
2025-11-26 18:18:58.665153 INFO::Fitting model to feature number 879, metabat_SRR16554728.6
2025-11-26 18:18:58.69415 INFO::Fitting model to feature number 880, semibin_SRR16168985.16
2025-11-26 18:18:58.720311 INFO::Fitting model to feature number 881, metabat_SRR25825497.15
2025-11-26 18:18:58.747965 INFO::Fitting model to feature number 882, semibin_ERR2162203.14
2025-11-26 18:18:58.773438 INFO::Fitting model to feature number 883, maxbin_SRR5930510.007_sub
2025-11-26 18:18:58.797701 INFO::Fitting model to feature number 884, semibin_SRR5930528.71
2025-11-26 18:18:58.821741 INFO::Fitting model to feature number 885, metabat_ERR12405979.31
2025-11-26 18:18:58.868616 INFO::Fitting model to feature number 886, maxbin_SRR11413617.028_sub
2025-11-26 18:18:58.89806 INFO::Fitting model to feature number 887, semibin_ERR6275681.3
2025-11-26 18:18:58.92252 INFO::Fitting model to feature number 888, semibin_SRR13022404.15
2025-11-26 18:18:58.9472 INFO::Fitting model to feature number 889, semibin_SRR13068818.12_sub
2025-11-26 18:18:58.971706 INFO::Fitting model to feature number 890, semibin_SRR6000905.76
2025-11-26 18:18:58.996609 INFO::Fitting model to feature number 891, metabat_SRR25825510.56
2025-11-26 18:18:59.021059 INFO::Fitting model to feature number 892, metabat_SRR5930516.94
2025-11-26 18:18:59.044814 INFO::Fitting model to feature number 893, metabat_SRR16554788.7
2025-11-26 18:18:59.069674 INFO::Fitting model to feature number 894, semibin_ERR6279669.82
2025-11-26 18:18:59.093924 INFO::Fitting model to feature number 895, maxbin_SRR16168918.042_sub
2025-11-26 18:18:59.119626 INFO::Fitting model to feature number 896, metabat_ERR6279654.11
2025-11-26 18:18:59.143417 INFO::Fitting model to feature number 897, metabat_ERR6279619.19_sub
2025-11-26 18:18:59.16843 INFO::Fitting model to feature number 898, metabat_ERR6275652.18
2025-11-26 18:18:59.192503 INFO::Fitting model to feature number 899, semibin_ERR12405920.42
2025-11-26 18:18:59.218126 INFO::Fitting model to feature number 900, semibin_SRR6000908.42_sub
2025-11-26 18:18:59.243974 INFO::Fitting model to feature number 901, semibin_SRR25825513.40
2025-11-26 18:18:59.268717 INFO::Fitting model to feature number 902, metabat_SRR25825505.1
2025-11-26 18:18:59.29319 INFO::Fitting model to feature number 903, semibin_SRR16554773.62
2025-11-26 18:18:59.31663 INFO::Fitting model to feature number 904, metabat_ERR6281000.13
2025-11-26 18:18:59.341604 INFO::Fitting model to feature number 905, metabat_ERR6279661.17
2025-11-26 18:18:59.365876 INFO::Fitting model to feature number 906, maxbin_SRR13068813.004
2025-11-26 18:18:59.390936 INFO::Fitting model to feature number 907, semibin_SRR5930498.70
2025-11-26 18:18:59.416013 INFO::Fitting model to feature number 908, semibin_SRR16554756.28
2025-11-26 18:18:59.440898 INFO::Fitting model to feature number 909, maxbin_SRR16554767.001
2025-11-26 18:18:59.465893 INFO::Fitting model to feature number 910, maxbin_SRR5930494.018
2025-11-26 18:18:59.489722 INFO::Fitting model to feature number 911, metabat_SRR5930534.8_sub
2025-11-26 18:18:59.538749 INFO::Fitting model to feature number 912, semibin_SRR16554643.19
2025-11-26 18:18:59.567968 INFO::Fitting model to feature number 913, metabat_SRR20881981.18
2025-11-26 18:18:59.591745 INFO::Fitting model to feature number 914, metabat_SRR16554653.16
2025-11-26 18:18:59.617196 INFO::Fitting model to feature number 915, metabat_ERR6275678.16
2025-11-26 18:18:59.64159 INFO::Fitting model to feature number 916, metabat_ERR6275677.54
2025-11-26 18:18:59.665894 INFO::Fitting model to feature number 917, metabat_SRR5930509.43
2025-11-26 18:18:59.689684 INFO::Fitting model to feature number 918, semibin_SRR20881980.162
2025-11-26 18:18:59.71484 INFO::Fitting model to feature number 919, semibin_SRR5930536.9
2025-11-26 18:18:59.738773 INFO::Fitting model to feature number 920, maxbin_ERR12405962.006
2025-11-26 18:18:59.763184 INFO::Fitting model to feature number 921, maxbin_ERR6232522.003
2025-11-26 18:18:59.787346 INFO::Fitting model to feature number 922, semibin_SRR11413613.34
2025-11-26 18:18:59.811793 INFO::Fitting model to feature number 923, semibin_ERR6273965.44_sub
2025-11-26 18:18:59.835718 INFO::Fitting model to feature number 924, metabat_ERR6279683.9
2025-11-26 18:18:59.860126 INFO::Fitting model to feature number 925, maxbin_SRR16168941.009_sub
2025-11-26 18:18:59.884516 INFO::Fitting model to feature number 926, maxbin_ERR12405975.009_sub
2025-11-26 18:18:59.909501 INFO::Fitting model to feature number 927, metabat_SRR23364213.66
2025-11-26 18:18:59.934419 INFO::Fitting model to feature number 928, metabat_SRR16168984.8_sub
2025-11-26 18:18:59.958221 INFO::Fitting model to feature number 929, semibin_ERR6279627.38
2025-11-26 18:18:59.982426 INFO::Fitting model to feature number 930, metabat_SRR5930528.116
2025-11-26 18:19:00.007129 INFO::Fitting model to feature number 931, semibin_ERR12405921.38
2025-11-26 18:19:00.031691 INFO::Fitting model to feature number 932, metabat_ERR12405974.29
2025-11-26 18:19:00.055887 INFO::Fitting model to feature number 933, semibin_ERR6279619.56
2025-11-26 18:19:00.07967 INFO::Fitting model to feature number 934, metabat_SRR11413680.4
2025-11-26 18:19:00.1044 INFO::Fitting model to feature number 935, semibin_SRR25825495.18
2025-11-26 18:19:00.128779 INFO::Fitting model to feature number 936, semibin_ERR6279676.4
2025-11-26 18:19:00.152605 INFO::Fitting model to feature number 937, semibin_SRR5930514.44
2025-11-26 18:19:00.200457 INFO::Fitting model to feature number 938, semibin_ERR6232425.9
2025-11-26 18:19:00.227572 INFO::Fitting model to feature number 939, semibin_ERR6279650.29
2025-11-26 18:19:00.254113 INFO::Fitting model to feature number 940, metabat_SRR16554627.10
2025-11-26 18:19:00.278564 INFO::Fitting model to feature number 941, maxbin_ERR6281500.022
2025-11-26 18:19:00.302997 INFO::Fitting model to feature number 942, metabat_SRR13068841.11
2025-11-26 18:19:00.327567 INFO::Fitting model to feature number 943, semibin_SRR5930518.8
2025-11-26 18:19:00.351657 INFO::Fitting model to feature number 944, semibin_ERR12405915.41_sub
2025-11-26 18:19:00.376012 INFO::Fitting model to feature number 945, maxbin_SRR5930512.005_sub
2025-11-26 18:19:00.400491 INFO::Fitting model to feature number 946, semibin_SRR13068843.60_sub
2025-11-26 18:19:00.424725 INFO::Fitting model to feature number 947, maxbin_ERR6279660.006
2025-11-26 18:19:00.449092 INFO::Fitting model to feature number 948, semibin_ERR12406002.2
2025-11-26 18:19:00.472582 INFO::Fitting model to feature number 949, semibin_ERR6279626.75
2025-11-26 18:19:00.497406 INFO::Fitting model to feature number 950, metabat_ERR6279625.36
2025-11-26 18:19:00.521644 INFO::Fitting model to feature number 951, metabat_SRR16168976.72
2025-11-26 18:19:00.545887 INFO::Fitting model to feature number 952, metabat_SRR6000940.3
2025-11-26 18:19:00.570801 INFO::Fitting model to feature number 953, metabat_ERR6279677.5
2025-11-26 18:19:00.595318 INFO::Fitting model to feature number 954, maxbin_SRR11413615.001
2025-11-26 18:19:00.619115 INFO::Fitting model to feature number 955, semibin_SRR16554652.103
2025-11-26 18:19:00.642909 INFO::Fitting model to feature number 956, semibin_SRR11413657.19
2025-11-26 18:19:00.667093 INFO::Fitting model to feature number 957, metabat_SRR25825503.11
2025-11-26 18:19:00.691412 INFO::Fitting model to feature number 958, maxbin_SRR16554751.003
2025-11-26 18:19:00.716036 INFO::Fitting model to feature number 959, maxbin_ERR12405942.013
2025-11-26 18:19:00.739572 INFO::Fitting model to feature number 960, maxbin_ERR6279654.010
2025-11-26 18:19:00.763978 INFO::Fitting model to feature number 961, metabat_ERR6279654.3_sub
2025-11-26 18:19:00.788446 INFO::Fitting model to feature number 962, semibin_SRR5930529.2
2025-11-26 18:19:00.81298 INFO::Fitting model to feature number 963, semibin_ERR12405928.45
2025-11-26 18:19:00.859631 INFO::Fitting model to feature number 964, maxbin_SRR20881977.005
2025-11-26 18:19:00.887788 INFO::Fitting model to feature number 965, metabat_ERR6248618.9
2025-11-26 18:19:00.912928 INFO::Fitting model to feature number 966, maxbin_ERR12405949.018
2025-11-26 18:19:00.937078 INFO::Fitting model to feature number 967, maxbin_SRR5930501.009
2025-11-26 18:19:00.961562 INFO::Fitting model to feature number 968, semibin_ERR12405937.35
2025-11-26 18:19:00.986922 INFO::Fitting model to feature number 969, semibin_SRR16554767.32
2025-11-26 18:19:01.012253 INFO::Fitting model to feature number 970, metabat_SRR23364174.22
2025-11-26 18:19:01.036564 INFO::Fitting model to feature number 971, metabat_ERR12405992.29
2025-11-26 18:19:01.060963 INFO::Fitting model to feature number 972, maxbin_SRR5930514.003
2025-11-26 18:19:01.08526 INFO::Fitting model to feature number 973, maxbin_ERR6281499.005
2025-11-26 18:19:01.109797 INFO::Fitting model to feature number 974, metabat_SRR5930498.86
2025-11-26 18:19:01.133628 INFO::Fitting model to feature number 975, metabat_ERR12405949.35
2025-11-26 18:19:01.157683 INFO::Fitting model to feature number 976, metabat_SRR5930523.19
2025-11-26 18:19:01.181648 INFO::Fitting model to feature number 977, maxbin_ERR6267711.006
2025-11-26 18:19:01.206165 INFO::Fitting model to feature number 978, semibin_SRR25825500.25
2025-11-26 18:19:01.230351 INFO::Fitting model to feature number 979, metabat_ERR6279675.42
2025-11-26 18:19:01.264037 INFO::Fitting model to feature number 980, maxbin_SRR5930506.016_sub
2025-11-26 18:19:01.288957 INFO::Fitting model to feature number 981, semibin_ERR6279621.6
2025-11-26 18:19:01.313423 INFO::Fitting model to feature number 982, semibin_SRR11413618.78
2025-11-26 18:19:01.338929 INFO::Fitting model to feature number 983, maxbin_SRR16168942.005
2025-11-26 18:19:01.365405 INFO::Fitting model to feature number 984, semibin_ERR12405969.59
2025-11-26 18:19:01.390024 INFO::Fitting model to feature number 985, semibin_SRR5930514.18
2025-11-26 18:19:01.414642 INFO::Fitting model to feature number 986, maxbin_SRR16554639.004
2025-11-26 18:19:01.439368 INFO::Fitting model to feature number 987, semibin_SRR5930528.176
2025-11-26 18:19:01.464118 INFO::Fitting model to feature number 988, semibin_ERR12405970.54
2025-11-26 18:19:01.48952 INFO::Fitting model to feature number 989, metabat_ERR12405940.8
2025-11-26 18:19:01.538383 INFO::Fitting model to feature number 990, semibin_SRR5930529.29
2025-11-26 18:19:01.566673 INFO::Fitting model to feature number 991, metabat_SRR25825496.23
2025-11-26 18:19:01.591462 INFO::Fitting model to feature number 992, semibin_SRR5930533.29
2025-11-26 18:19:01.615314 INFO::Fitting model to feature number 993, metabat_ERR6279682.1
2025-11-26 18:19:01.640321 INFO::Fitting model to feature number 994, semibin_SRR16554721.63
2025-11-26 18:19:01.664142 INFO::Fitting model to feature number 995, metabat_SRR16168974.3
2025-11-26 18:19:01.688172 INFO::Fitting model to feature number 996, semibin_ERR12406004.33
2025-11-26 18:19:01.71234 INFO::Fitting model to feature number 997, maxbin_SRR13022436.003
2025-11-26 18:19:01.737865 INFO::Fitting model to feature number 998, semibin_ERR6232527.15
2025-11-26 18:19:01.762502 INFO::Fitting model to feature number 999, semibin_SRR23364174.31
2025-11-26 18:19:01.786383 INFO::Fitting model to feature number 1000, maxbin_ERR12405949.005
2025-11-26 18:19:01.811403 INFO::Fitting model to feature number 1001, semibin_ERR12405929.26
2025-11-26 18:19:01.836141 INFO::Fitting model to feature number 1002, semibin_ERR12405993.20
2025-11-26 18:19:01.860565 INFO::Fitting model to feature number 1003, maxbin_ERR12405929.007
2025-11-26 18:19:01.884845 INFO::Fitting model to feature number 1004, semibin_ERR12405968.41
2025-11-26 18:19:01.909437 INFO::Fitting model to feature number 1005, metabat_SRR5930534.33
2025-11-26 18:19:01.933863 INFO::Fitting model to feature number 1006, maxbin_SRR16554647.011_sub
2025-11-26 18:19:01.957538 INFO::Fitting model to feature number 1007, maxbin_SRR16554718.005
2025-11-26 18:19:01.981286 INFO::Fitting model to feature number 1008, semibin_SRR11413656.22
2025-11-26 18:19:02.005785 INFO::Fitting model to feature number 1009, semibin_SRR23364225.25
2025-11-26 18:19:02.029562 INFO::Fitting model to feature number 1010, metabat_ERR12405955.69
2025-11-26 18:19:02.053569 INFO::Fitting model to feature number 1011, semibin_SRR16554723.44
2025-11-26 18:19:02.078511 INFO::Fitting model to feature number 1012, maxbin_ERR12405924.002
2025-11-26 18:19:02.102499 INFO::Fitting model to feature number 1013, metabat_SRR16554766.13
2025-11-26 18:19:02.126293 INFO::Fitting model to feature number 1014, semibin_ERR12405971.1
2025-11-26 18:19:02.150671 INFO::Fitting model to feature number 1015, metabat_SRR23364240.2
2025-11-26 18:19:02.196444 INFO::Fitting model to feature number 1016, semibin_ERR6281677.29
2025-11-26 18:19:02.223662 INFO::Fitting model to feature number 1017, metabat_SRR16554786.23
2025-11-26 18:19:02.248601 INFO::Fitting model to feature number 1018, semibin_SRR11413654.21
2025-11-26 18:19:02.272707 INFO::Fitting model to feature number 1019, maxbin_SRR11413614.007_sub
2025-11-26 18:19:02.297043 INFO::Fitting model to feature number 1020, metabat_SRR25825495.14
2025-11-26 18:19:02.321558 INFO::Fitting model to feature number 1021, semibin_SRR11413683.194
2025-11-26 18:19:02.345316 INFO::Fitting model to feature number 1022, metabat_SRR25825510.12_sub
2025-11-26 18:19:02.36971 INFO::Fitting model to feature number 1023, maxbin_SRR23364203.002
2025-11-26 18:19:02.393938 INFO::Fitting model to feature number 1024, maxbin_SRR16168984.014_sub
2025-11-26 18:19:02.418237 INFO::Fitting model to feature number 1025, maxbin_ERR6275659.013_sub
2025-11-26 18:19:02.441789 INFO::Fitting model to feature number 1026, metabat_ERR6281434.55
2025-11-26 18:19:02.465785 INFO::Fitting model to feature number 1027, semibin_ERR6279674.62
2025-11-26 18:19:02.489759 INFO::Fitting model to feature number 1028, metabat_SRR11413654.23
2025-11-26 18:19:02.513721 INFO::Fitting model to feature number 1029, semibin_SRR11413613.2
2025-11-26 18:19:02.537957 INFO::Fitting model to feature number 1030, semibin_ERR6267712.36
2025-11-26 18:19:02.56241 INFO::Fitting model to feature number 1031, metabat_SRR13068816.1
2025-11-26 18:19:02.586508 INFO::Fitting model to feature number 1032, maxbin_SRR16554719.004
2025-11-26 18:19:02.610486 INFO::Fitting model to feature number 1033, maxbin_SRR8387676.006
2025-11-26 18:19:02.638561 INFO::Fitting model to feature number 1034, metabat_SRR23364191.23_sub
2025-11-26 18:19:02.665696 INFO::Fitting model to feature number 1035, semibin_ERR6275666.3
2025-11-26 18:19:02.689739 INFO::Fitting model to feature number 1036, metabat_SRR8387710.43
2025-11-26 18:19:02.714356 INFO::Fitting model to feature number 1037, metabat_SRR23364237.27
2025-11-26 18:19:02.742609 INFO::Fitting model to feature number 1038, semibin_SRR13068827.60
2025-11-26 18:19:02.766809 INFO::Fitting model to feature number 1039, metabat_SRR5930501.14
2025-11-26 18:19:02.790832 INFO::Fitting model to feature number 1040, maxbin_SRR13068845.006_sub
2025-11-26 18:19:02.815205 INFO::Fitting model to feature number 1041, semibin_ERR12405949.11_sub
2025-11-26 18:19:03.343927 INFO::Fitting model to feature number 1042, semibin_SRR5930494.69
2025-11-26 18:19:03.365299 INFO::Fitting model to feature number 1043, semibin_ERR12405958.10
2025-11-26 18:19:03.388725 INFO::Fitting model to feature number 1044, metabat_SRR16554636.2
2025-11-26 18:19:03.412416 INFO::Fitting model to feature number 1045, maxbin_SRR16168975.004
2025-11-26 18:19:03.436738 INFO::Fitting model to feature number 1046, semibin_SRR25825499.74
2025-11-26 18:19:03.461349 INFO::Fitting model to feature number 1047, maxbin_SRR25825518.002
2025-11-26 18:19:03.484978 INFO::Fitting model to feature number 1048, metabat_ERR6281518.58_sub
2025-11-26 18:19:03.508597 INFO::Fitting model to feature number 1049, metabat_SRR13022427.3_sub
2025-11-26 18:19:03.532904 INFO::Fitting model to feature number 1050, semibin_ERR12406003.88
2025-11-26 18:19:03.557111 INFO::Fitting model to feature number 1051, metabat_ERR12405942.51
2025-11-26 18:19:03.581092 INFO::Fitting model to feature number 1052, semibin_SRR11413654.79
2025-11-26 18:19:03.605407 INFO::Fitting model to feature number 1053, semibin_SRR16554679.4
2025-11-26 18:19:03.629914 INFO::Fitting model to feature number 1054, semibin_ERR12405974.119
2025-11-26 18:19:03.653961 INFO::Fitting model to feature number 1055, semibin_SRR20881980.70_sub
2025-11-26 18:19:03.677664 INFO::Fitting model to feature number 1056, maxbin_ERR6279625.013_sub
2025-11-26 18:19:03.702442 INFO::Fitting model to feature number 1057, semibin_ERR12405998.4
2025-11-26 18:19:03.72699 INFO::Fitting model to feature number 1058, semibin_SRR11413614.10
2025-11-26 18:19:03.750957 INFO::Fitting model to feature number 1059, metabat_SRR20881977.30
2025-11-26 18:19:03.774781 INFO::Fitting model to feature number 1060, maxbin_ERR12405988.009
2025-11-26 18:19:03.799076 INFO::Fitting model to feature number 1061, maxbin_SRR16554632.002
2025-11-26 18:19:03.823004 INFO::Fitting model to feature number 1062, semibin_SRR25825500.32
2025-11-26 18:19:03.846641 INFO::Fitting model to feature number 1063, metabat_ERR6279652.15_sub
2025-11-26 18:19:03.871165 INFO::Fitting model to feature number 1064, metabat_SRR16554778.4
2025-11-26 18:19:03.895289 INFO::Fitting model to feature number 1065, semibin_ERR6279669.45
2025-11-26 18:19:03.919215 INFO::Fitting model to feature number 1066, metabat_SRR16168930.22_sub
2025-11-26 18:19:03.943297 INFO::Fitting model to feature number 1067, metabat_ERR12405940.22
2025-11-26 18:19:03.968133 INFO::Fitting model to feature number 1068, maxbin_SRR23364231.030_sub
2025-11-26 18:19:04.011899 INFO::Fitting model to feature number 1069, semibin_ERR6281751.11_sub
2025-11-26 18:19:04.036629 INFO::Fitting model to feature number 1070, metabat_SRR16554721.12_sub
2025-11-26 18:19:04.060309 INFO::Fitting model to feature number 1071, metabat_ERR12405957.24
2025-11-26 18:19:04.083908 INFO::Fitting model to feature number 1072, metabat_SRR16554643.13
2025-11-26 18:19:04.108287 INFO::Fitting model to feature number 1073, semibin_ERR6279677.13
2025-11-26 18:19:04.132016 INFO::Fitting model to feature number 1074, maxbin_SRR16554744.003
2025-11-26 18:19:04.164896 INFO::Fitting model to feature number 1075, metabat_ERR12405957.9
2025-11-26 18:19:04.191347 INFO::Fitting model to feature number 1076, metabat_SRR16168942.34
2025-11-26 18:19:04.217993 INFO::Fitting model to feature number 1077, semibin_SRR6000905.32
2025-11-26 18:19:04.242411 INFO::Fitting model to feature number 1078, semibin_ERR6279646.22_sub
2025-11-26 18:19:04.266839 INFO::Fitting model to feature number 1079, semibin_SRR6000947.67
2025-11-26 18:19:04.291908 INFO::Fitting model to feature number 1080, maxbin_ERR6271721.001
2025-11-26 18:19:04.314974 INFO::Fitting model to feature number 1081, semibin_ERR12406004.36
2025-11-26 18:19:04.338445 INFO::Fitting model to feature number 1082, semibin_SRR8387676.49
2025-11-26 18:19:04.362563 INFO::Fitting model to feature number 1083, semibin_SRR13068852.73_sub
2025-11-26 18:19:04.387138 INFO::Fitting model to feature number 1084, metabat_SRR11413608.45
2025-11-26 18:19:04.411073 INFO::Fitting model to feature number 1085, semibin_SRR5930520.95
2025-11-26 18:19:04.435872 INFO::Fitting model to feature number 1086, metabat_SRR23364206.9
2025-11-26 18:19:04.460188 INFO::Fitting model to feature number 1087, metabat_SRR5930499.62
2025-11-26 18:19:04.484909 INFO::Fitting model to feature number 1088, metabat_ERR6275672.30
2025-11-26 18:19:04.509156 INFO::Fitting model to feature number 1089, semibin_ERR6230340.24
2025-11-26 18:19:04.533755 INFO::Fitting model to feature number 1090, semibin_ERR6279627.7
2025-11-26 18:19:04.557604 INFO::Fitting model to feature number 1091, semibin_SRR25825510.23_sub
2025-11-26 18:19:04.581385 INFO::Fitting model to feature number 1092, maxbin_ERR12405965.008
2025-11-26 18:19:04.605625 INFO::Fitting model to feature number 1093, semibin_ERR6279672.17
2025-11-26 18:19:04.637531 INFO::Fitting model to feature number 1094, maxbin_ERR6257997.018
2025-11-26 18:19:04.678267 INFO::Fitting model to feature number 1095, maxbin_SRR23364192.011_sub
2025-11-26 18:19:04.705157 INFO::Fitting model to feature number 1096, maxbin_ERR6279676.023_sub
2025-11-26 18:19:04.731014 INFO::Fitting model to feature number 1097, semibin_SRR13068839.82
2025-11-26 18:19:04.75508 INFO::Fitting model to feature number 1098, semibin_ERR6236131.31
2025-11-26 18:19:04.779063 INFO::Fitting model to feature number 1099, metabat_SRR11413681.65_sub
2025-11-26 18:19:04.803651 INFO::Fitting model to feature number 1100, semibin_ERR12405983.41
2025-11-26 18:19:04.828885 INFO::Fitting model to feature number 1101, semibin_SRR20881979.39
2025-11-26 18:19:04.852131 INFO::Fitting model to feature number 1102, metabat_SRR13068822.8
2025-11-26 18:19:04.876298 INFO::Fitting model to feature number 1103, semibin_SRR5930533.15
2025-11-26 18:19:04.900328 INFO::Fitting model to feature number 1104, metabat_SRR16554704.2
2025-11-26 18:19:04.924221 INFO::Fitting model to feature number 1105, semibin_ERR12406000.0
2025-11-26 18:19:04.948868 INFO::Fitting model to feature number 1106, semibin_SRR20881987.25
2025-11-26 18:19:04.972476 INFO::Fitting model to feature number 1107, metabat_SRR23364240.7
2025-11-26 18:19:04.995868 INFO::Fitting model to feature number 1108, metabat_SRR5930498.97
2025-11-26 18:19:05.021152 INFO::Fitting model to feature number 1109, metabat_ERR6232458.9
2025-11-26 18:19:05.045488 INFO::Fitting model to feature number 1110, maxbin_SRR23364175.021_sub
2025-11-26 18:19:05.069625 INFO::Fitting model to feature number 1111, semibin_ERR6281997.36
2025-11-26 18:19:05.093723 INFO::Fitting model to feature number 1112, semibin_SRR6000894.27
2025-11-26 18:19:05.117652 INFO::Fitting model to feature number 1113, maxbin_SRR5930519.002
2025-11-26 18:19:05.142366 INFO::Fitting model to feature number 1114, semibin_SRR25825500.94
2025-11-26 18:19:05.165805 INFO::Fitting model to feature number 1115, semibin_ERR6279665.27
2025-11-26 18:19:05.190037 INFO::Fitting model to feature number 1116, maxbin_SRR5930517.004
2025-11-26 18:19:05.213797 INFO::Fitting model to feature number 1117, semibin_SRR5930517.103
2025-11-26 18:19:05.237411 INFO::Fitting model to feature number 1118, semibin_SRR16168929.20_sub
2025-11-26 18:19:05.26245 INFO::Fitting model to feature number 1119, semibin_ERR12405992.43
2025-11-26 18:19:05.286827 INFO::Fitting model to feature number 1120, maxbin_SRR5930501.001
2025-11-26 18:19:05.310942 INFO::Fitting model to feature number 1121, maxbin_ERR6275673.039_sub
2025-11-26 18:19:05.355054 INFO::Fitting model to feature number 1122, semibin_SRR11413692.31
2025-11-26 18:19:05.38384 INFO::Fitting model to feature number 1123, semibin_SRR13022424.6
2025-11-26 18:19:05.412285 INFO::Fitting model to feature number 1124, metabat_SRR23364171.30
2025-11-26 18:19:05.43519 INFO::Fitting model to feature number 1125, maxbin_SRR8387681.017
2025-11-26 18:19:05.459474 INFO::Fitting model to feature number 1126, semibin_SRR11413687.171
2025-11-26 18:19:05.483888 INFO::Fitting model to feature number 1127, semibin_ERR12405976.23
2025-11-26 18:19:05.50792 INFO::Fitting model to feature number 1128, semibin_SRR13068826.42
2025-11-26 18:19:05.531462 INFO::Fitting model to feature number 1129, maxbin_SRR16554726.001
2025-11-26 18:19:05.555628 INFO::Fitting model to feature number 1130, semibin_ERR6233692.26
2025-11-26 18:19:05.579159 INFO::Fitting model to feature number 1131, metabat_SRR16168929.12
2025-11-26 18:19:05.603655 INFO::Fitting model to feature number 1132, semibin_SRR20881983.19
2025-11-26 18:19:05.627423 INFO::Fitting model to feature number 1133, metabat_ERR6275664.11
2025-11-26 18:19:05.651388 INFO::Fitting model to feature number 1134, semibin_SRR20881976.18_sub
2025-11-26 18:19:05.675261 INFO::Fitting model to feature number 1135, metabat_SRR23364184.7
2025-11-26 18:19:05.699694 INFO::Fitting model to feature number 1136, semibin_SRR5930536.61_sub
2025-11-26 18:19:05.72313 INFO::Fitting model to feature number 1137, metabat_ERR6281432.14
2025-11-26 18:19:05.747409 INFO::Fitting model to feature number 1138, maxbin_SRR11413687.021
2025-11-26 18:19:05.77169 INFO::Fitting model to feature number 1139, semibin_ERR6279646.18
2025-11-26 18:19:05.79583 INFO::Fitting model to feature number 1140, semibin_ERR6239139.3
2025-11-26 18:19:05.818991 INFO::Fitting model to feature number 1141, metabat_ERR6279667.15
2025-11-26 18:19:05.843862 INFO::Fitting model to feature number 1142, metabat_ERR12405949.18
2025-11-26 18:19:05.867959 INFO::Fitting model to feature number 1143, semibin_SRR23364187.43_sub
2025-11-26 18:19:05.890392 INFO::Fitting model to feature number 1144, semibin_ERR12405973.28
2025-11-26 18:19:05.913983 INFO::Fitting model to feature number 1145, semibin_SRR5930536.76
2025-11-26 18:19:05.938261 INFO::Fitting model to feature number 1146, semibin_SRR25825498.35
2025-11-26 18:19:05.962622 INFO::Fitting model to feature number 1147, metabat_SRR11413618.48
2025-11-26 18:19:05.986815 INFO::Fitting model to feature number 1148, metabat_ERR6275675.18
2025-11-26 18:19:06.029756 INFO::Fitting model to feature number 1149, metabat_ERR6279619.32
2025-11-26 18:19:06.053144 INFO::Fitting model to feature number 1150, semibin_SRR6000900.19
2025-11-26 18:19:06.076739 INFO::Fitting model to feature number 1151, maxbin_SRR16554744.022
2025-11-26 18:19:06.101127 INFO::Fitting model to feature number 1152, semibin_SRR16168918.53
2025-11-26 18:19:06.124886 INFO::Fitting model to feature number 1153, semibin_ERR6279678.48
2025-11-26 18:19:06.148341 INFO::Fitting model to feature number 1154, semibin_SRR16168896.113
2025-11-26 18:19:06.172636 INFO::Fitting model to feature number 1155, metabat_SRR16168943.6
2025-11-26 18:19:06.196735 INFO::Fitting model to feature number 1156, metabat_SRR6000940.18
2025-11-26 18:19:06.219785 INFO::Fitting model to feature number 1157, semibin_SRR6000909.33
2025-11-26 18:19:06.244813 INFO::Fitting model to feature number 1158, maxbin_ERR6281505.009
2025-11-26 18:19:06.269528 INFO::Fitting model to feature number 1159, maxbin_ERR12405996.027
2025-11-26 18:19:06.293653 INFO::Fitting model to feature number 1160, maxbin_SRR25825512.008
2025-11-26 18:19:06.317552 INFO::Fitting model to feature number 1161, metabat_SRR6000893.52
2025-11-26 18:19:06.352699 INFO::Fitting model to feature number 1162, metabat_SRR13022393.14
2025-11-26 18:19:06.376288 INFO::Fitting model to feature number 1163, metabat_ERR12405991.26
2025-11-26 18:19:06.401078 INFO::Fitting model to feature number 1164, semibin_SRR13068851.47
2025-11-26 18:19:06.42755 INFO::Fitting model to feature number 1165, maxbin_ERR6275666.011_sub
2025-11-26 18:19:06.450863 INFO::Fitting model to feature number 1166, metabat_SRR5930534.16
2025-11-26 18:19:06.475433 INFO::Fitting model to feature number 1167, semibin_SRR11413655.121
2025-11-26 18:19:06.499887 INFO::Fitting model to feature number 1168, semibin_ERR12405947.46
2025-11-26 18:19:06.523943 INFO::Fitting model to feature number 1169, semibin_SRR6000899.37
2025-11-26 18:19:06.547621 INFO::Fitting model to feature number 1170, semibin_SRR5930534.11
2025-11-26 18:19:06.571234 INFO::Fitting model to feature number 1171, metabat_SRR13022409.1
2025-11-26 18:19:06.594487 INFO::Fitting model to feature number 1172, semibin_SRR25825494.13
2025-11-26 18:19:06.618627 INFO::Fitting model to feature number 1173, semibin_ERR12405918.19
2025-11-26 18:19:06.642969 INFO::Fitting model to feature number 1174, metabat_SRR11413679.36
2025-11-26 18:19:06.685737 INFO::Fitting model to feature number 1175, semibin_ERR12405998.20
2025-11-26 18:19:06.709206 INFO::Fitting model to feature number 1176, semibin_ERR12405940.4
2025-11-26 18:19:06.733272 INFO::Fitting model to feature number 1177, maxbin_ERR6271719.005_sub
2025-11-26 18:19:06.756585 INFO::Fitting model to feature number 1178, semibin_SRR8387683.51
2025-11-26 18:19:06.780368 INFO::Fitting model to feature number 1179, maxbin_SRR11413618.048
2025-11-26 18:19:06.805505 INFO::Fitting model to feature number 1180, metabat_ERR6232686.11
2025-11-26 18:19:06.831413 INFO::Fitting model to feature number 1181, metabat_SRR13068850.8
2025-11-26 18:19:06.856897 INFO::Fitting model to feature number 1182, metabat_SRR16168985.46
2025-11-26 18:19:06.881037 INFO::Fitting model to feature number 1183, semibin_SRR11413646.21
2025-11-26 18:19:06.90485 INFO::Fitting model to feature number 1184, semibin_SRR5930498.62_sub
2025-11-26 18:19:06.928584 INFO::Fitting model to feature number 1185, metabat_SRR5930501.50
2025-11-26 18:19:06.953178 INFO::Fitting model to feature number 1186, maxbin_ERR12405928.007_sub
2025-11-26 18:19:06.977143 INFO::Fitting model to feature number 1187, maxbin_SRR23364240.007
2025-11-26 18:19:07.001152 INFO::Fitting model to feature number 1188, maxbin_ERR12406010.010
2025-11-26 18:19:07.025261 INFO::Fitting model to feature number 1189, maxbin_SRR11413655.007
2025-11-26 18:19:07.049561 INFO::Fitting model to feature number 1190, maxbin_SRR16554774.005
2025-11-26 18:19:07.074026 INFO::Fitting model to feature number 1191, semibin_SRR5930523.43
2025-11-26 18:19:07.097601 INFO::Fitting model to feature number 1192, metabat_ERR12405940.14
2025-11-26 18:19:07.123409 INFO::Fitting model to feature number 1193, metabat_SRR11413614.28
2025-11-26 18:19:07.159092 INFO::Fitting model to feature number 1194, semibin_SRR13068834.14_sub
2025-11-26 18:19:07.183327 INFO::Fitting model to feature number 1195, semibin_SRR25825509.16
2025-11-26 18:19:07.207472 INFO::Fitting model to feature number 1196, metabat_ERR6275665.22_sub
2025-11-26 18:19:07.23673 INFO::Fitting model to feature number 1197, semibin_ERR6279619.36
2025-11-26 18:19:07.263205 INFO::Fitting model to feature number 1198, semibin_ERR6275666.11
2025-11-26 18:19:07.287759 INFO::Fitting model to feature number 1199, maxbin_ERR2162222.008
2025-11-26 18:19:07.31341 INFO::Fitting model to feature number 1200, maxbin_SRR13068846.008
2025-11-26 18:19:07.33818 INFO::Fitting model to feature number 1201, semibin_SRR16168974.22
2025-11-26 18:19:07.381856 INFO::Fitting model to feature number 1202, maxbin_SRR11413655.004
2025-11-26 18:19:07.406307 INFO::Fitting model to feature number 1203, maxbin_SRR20881981.003
2025-11-26 18:19:07.430094 INFO::Fitting model to feature number 1204, metabat_SRR20881977.25_sub
2025-11-26 18:19:07.455239 INFO::Fitting model to feature number 1205, semibin_ERR12405982.7
2025-11-26 18:19:07.48009 INFO::Fitting model to feature number 1206, semibin_SRR20881984.71
2025-11-26 18:19:07.503922 INFO::Fitting model to feature number 1207, metabat_SRR20881980.15_sub
2025-11-26 18:19:07.528202 INFO::Fitting model to feature number 1208, metabat_ERR6275675.41
2025-11-26 18:19:07.552761 INFO::Fitting model to feature number 1209, metabat_SRR5930526.60_sub
2025-11-26 18:19:07.578495 INFO::Fitting model to feature number 1210, semibin_ERR12405952.12
2025-11-26 18:19:07.603933 INFO::Fitting model to feature number 1211, metabat_ERR12405967.50
2025-11-26 18:19:07.62956 INFO::Fitting model to feature number 1212, semibin_ERR6232521.17
2025-11-26 18:19:07.652715 INFO::Fitting model to feature number 1213, metabat_SRR20881974.5
2025-11-26 18:19:07.677574 INFO::Fitting model to feature number 1214, maxbin_SRR25825495.015_sub
2025-11-26 18:19:07.701701 INFO::Fitting model to feature number 1215, metabat_SRR8387681.3
2025-11-26 18:19:07.72509 INFO::Fitting model to feature number 1216, metabat_SRR11413689.19
2025-11-26 18:19:07.749104 INFO::Fitting model to feature number 1217, metabat_ERR6279664.50
2025-11-26 18:19:07.773074 INFO::Fitting model to feature number 1218, metabat_SRR16554652.36_sub
2025-11-26 18:19:07.797278 INFO::Fitting model to feature number 1219, semibin_SRR8387707.12
2025-11-26 18:19:07.821503 INFO::Fitting model to feature number 1220, maxbin_ERR12405986.012
2025-11-26 18:19:07.845724 INFO::Fitting model to feature number 1221, metabat_SRR20881976.34_sub
2025-11-26 18:19:07.871121 INFO::Fitting model to feature number 1222, semibin_ERR6279677.59_sub
2025-11-26 18:19:07.894339 INFO::Fitting model to feature number 1223, metabat_SRR5930515.8
2025-11-26 18:19:07.931724 INFO::Fitting model to feature number 1224, maxbin_SRR5930517.016_sub
2025-11-26 18:19:07.965799 INFO::Fitting model to feature number 1225, semibin_SRR8387691.37
2025-11-26 18:19:07.989366 INFO::Fitting model to feature number 1226, semibin_ERR12405952.2
2025-11-26 18:19:08.014319 INFO::Fitting model to feature number 1227, maxbin_SRR13068822.004
2025-11-26 18:19:08.058442 INFO::Fitting model to feature number 1228, semibin_SRR5930510.20_sub
2025-11-26 18:19:08.083021 INFO::Fitting model to feature number 1229, semibin_ERR12405997.60
2025-11-26 18:19:08.108241 INFO::Fitting model to feature number 1230, semibin_ERR6232688.10
2025-11-26 18:19:08.13157 INFO::Fitting model to feature number 1231, metabat_SRR16554724.5
2025-11-26 18:19:08.156308 INFO::Fitting model to feature number 1232, maxbin_ERR6275670.004
2025-11-26 18:19:08.181539 INFO::Fitting model to feature number 1233, metabat_SRR16554636.19
2025-11-26 18:19:08.204429 INFO::Fitting model to feature number 1234, maxbin_SRR11413686.007
2025-11-26 18:19:08.229255 INFO::Fitting model to feature number 1235, maxbin_SRR16554667.012
2025-11-26 18:19:08.252846 INFO::Fitting model to feature number 1236, semibin_ERR12405937.0_sub
2025-11-26 18:19:08.278233 INFO::Fitting model to feature number 1237, maxbin_SRR20881977.008
2025-11-26 18:19:08.301829 INFO::Fitting model to feature number 1238, maxbin_SRR16554749.005
2025-11-26 18:19:08.325786 INFO::Fitting model to feature number 1239, metabat_SRR13068824.46
2025-11-26 18:19:08.350193 INFO::Fitting model to feature number 1240, metabat_ERR12405967.21
2025-11-26 18:19:08.37478 INFO::Fitting model to feature number 1241, semibin_SRR16554647.24
2025-11-26 18:19:08.399275 INFO::Fitting model to feature number 1242, metabat_SRR20881980.9_sub
2025-11-26 18:19:08.423934 INFO::Fitting model to feature number 1243, semibin_SRR25825504.54
2025-11-26 18:19:08.449645 INFO::Fitting model to feature number 1244, semibin_SRR23364172.8_sub
2025-11-26 18:19:08.474034 INFO::Fitting model to feature number 1245, maxbin_ERR12405998.016_sub
2025-11-26 18:19:08.497807 INFO::Fitting model to feature number 1246, metabat_ERR12405961.20_sub
2025-11-26 18:19:08.522719 INFO::Fitting model to feature number 1247, semibin_SRR5930510.47_sub
2025-11-26 18:19:08.547869 INFO::Fitting model to feature number 1248, metabat_ERR6281341.65
2025-11-26 18:19:08.571285 INFO::Fitting model to feature number 1249, semibin_SRR5930518.165_sub
2025-11-26 18:19:08.596893 INFO::Fitting model to feature number 1250, maxbin_SRR8387676.033_sub
2025-11-26 18:19:08.62232 INFO::Fitting model to feature number 1251, metabat_SRR16554749.2
2025-11-26 18:19:08.646101 INFO::Fitting model to feature number 1252, semibin_SRR11413612.43_sub
2025-11-26 18:19:08.670007 INFO::Fitting model to feature number 1253, maxbin_SRR16554766.008
2025-11-26 18:19:08.694151 INFO::Fitting model to feature number 1254, metabat_SRR20881976.14
2025-11-26 18:19:08.73639 INFO::Fitting model to feature number 1255, metabat_SRR25825502.64
2025-11-26 18:19:08.759937 INFO::Fitting model to feature number 1256, metabat_SRR5930515.56
2025-11-26 18:19:08.783581 INFO::Fitting model to feature number 1257, metabat_ERR12405913.30
2025-11-26 18:19:08.807611 INFO::Fitting model to feature number 1258, maxbin_SRR25825495.001
2025-11-26 18:19:08.830988 INFO::Fitting model to feature number 1259, metabat_SRR13022331.11
2025-11-26 18:19:08.854836 INFO::Fitting model to feature number 1260, metabat_SRR16168926.8
2025-11-26 18:19:08.879031 INFO::Fitting model to feature number 1261, semibin_ERR6235716.2
2025-11-26 18:19:08.902034 INFO::Fitting model to feature number 1262, metabat_SRR16554638.9
2025-11-26 18:19:08.925904 INFO::Fitting model to feature number 1263, semibin_SRR5930498.69
2025-11-26 18:19:08.949898 INFO::Fitting model to feature number 1264, metabat_SRR16554627.25
2025-11-26 18:19:08.973378 INFO::Fitting model to feature number 1265, maxbin_SRR5930534.011
2025-11-26 18:19:09.001688 INFO::Fitting model to feature number 1266, metabat_SRR5930530.66
2025-11-26 18:19:09.032247 INFO::Fitting model to feature number 1267, semibin_SRR5930504.41
2025-11-26 18:19:09.056115 INFO::Fitting model to feature number 1268, maxbin_SRR13068838.005
2025-11-26 18:19:09.083832 INFO::Fitting model to feature number 1269, maxbin_SRR23364177.015
2025-11-26 18:19:09.113115 INFO::Fitting model to feature number 1270, metabat_SRR16554780.7_sub
2025-11-26 18:19:09.136959 INFO::Fitting model to feature number 1271, metabat_SRR20881979.28
2025-11-26 18:19:09.160684 INFO::Fitting model to feature number 1272, metabat_ERR6279654.19
2025-11-26 18:19:09.185152 INFO::Fitting model to feature number 1273, maxbin_SRR11413607.012
2025-11-26 18:19:09.209028 INFO::Fitting model to feature number 1274, maxbin_SRR13068823.001
2025-11-26 18:19:09.233045 INFO::Fitting model to feature number 1275, semibin_ERR12405998.55
2025-11-26 18:19:09.257652 INFO::Fitting model to feature number 1276, semibin_ERR6233695.19
2025-11-26 18:19:09.281533 INFO::Fitting model to feature number 1277, semibin_SRR16168986.51
2025-11-26 18:19:09.305518 INFO::Fitting model to feature number 1278, semibin_ERR6279656.46
2025-11-26 18:19:09.328516 INFO::Fitting model to feature number 1279, semibin_SRR5930507.158
2025-11-26 18:19:09.353607 INFO::Fitting model to feature number 1280, maxbin_SRR11413615.008
2025-11-26 18:19:09.395867 INFO::Fitting model to feature number 1281, semibin_SRR11413608.52
2025-11-26 18:19:09.419495 INFO::Fitting model to feature number 1282, metabat_ERR12405922.1
2025-11-26 18:19:09.443144 INFO::Fitting model to feature number 1283, metabat_SRR16554650.26
2025-11-26 18:19:09.467685 INFO::Fitting model to feature number 1284, metabat_SRR5930532.1_sub
2025-11-26 18:19:09.491406 INFO::Fitting model to feature number 1285, semibin_ERR6271719.38
2025-11-26 18:19:09.515073 INFO::Fitting model to feature number 1286, maxbin_ERR6279682.017
2025-11-26 18:19:09.539416 INFO::Fitting model to feature number 1287, metabat_SRR13068840.4
2025-11-26 18:19:09.562892 INFO::Fitting model to feature number 1288, semibin_SRR8387712.33
2025-11-26 18:19:09.586808 INFO::Fitting model to feature number 1289, maxbin_ERR6279679.046
2025-11-26 18:19:09.610565 INFO::Fitting model to feature number 1290, maxbin_ERR6279678.007
2025-11-26 18:19:09.63442 INFO::Fitting model to feature number 1291, semibin_SRR5930502.38
2025-11-26 18:19:09.659177 INFO::Fitting model to feature number 1292, maxbin_ERR12405913.017
2025-11-26 18:19:09.683522 INFO::Fitting model to feature number 1293, semibin_SRR25825505.11
2025-11-26 18:19:09.707147 INFO::Fitting model to feature number 1294, metabat_ERR6279674.8_sub
2025-11-26 18:19:09.731496 INFO::Fitting model to feature number 1295, semibin_SRR11413613.43
2025-11-26 18:19:09.755655 INFO::Fitting model to feature number 1296, semibin_SRR16168900.48
2025-11-26 18:19:09.780216 INFO::Fitting model to feature number 1297, semibin_SRR6000903.16
2025-11-26 18:19:09.803448 INFO::Fitting model to feature number 1298, metabat_SRR13068828.35
2025-11-26 18:19:09.828394 INFO::Fitting model to feature number 1299, metabat_SRR25825493.23
2025-11-26 18:19:09.852365 INFO::Fitting model to feature number 1300, maxbin_ERR12406003.005
2025-11-26 18:19:09.875521 INFO::Fitting model to feature number 1301, semibin_SRR11413611.89
2025-11-26 18:19:09.899361 INFO::Fitting model to feature number 1302, metabat_SRR13068834.12
2025-11-26 18:19:09.9235 INFO::Fitting model to feature number 1303, semibin_ERR6279670.187
2025-11-26 18:19:09.946872 INFO::Fitting model to feature number 1304, maxbin_ERR6279654.009_sub
2025-11-26 18:19:09.971895 INFO::Fitting model to feature number 1305, metabat_SRR6000908.20
2025-11-26 18:19:09.996109 INFO::Fitting model to feature number 1306, maxbin_SRR20881977.021
2025-11-26 18:19:10.019226 INFO::Fitting model to feature number 1307, semibin_SRR20881978.16
2025-11-26 18:19:10.062554 INFO::Fitting model to feature number 1308, maxbin_ERR12405948.006
2025-11-26 18:19:10.085459 INFO::Fitting model to feature number 1309, semibin_ERR12405968.34
2025-11-26 18:19:10.109418 INFO::Fitting model to feature number 1310, semibin_SRR11413683.123
2025-11-26 18:19:10.132991 INFO::Fitting model to feature number 1311, maxbin_SRR13068842.001
2025-11-26 18:19:10.164863 INFO::Fitting model to feature number 1312, maxbin_SRR5930531.010
2025-11-26 18:19:10.196676 INFO::Fitting model to feature number 1313, metabat_ERR6280899.76
2025-11-26 18:19:10.224648 INFO::Fitting model to feature number 1314, metabat_SRR13068815.24
2025-11-26 18:19:10.250093 INFO::Fitting model to feature number 1315, semibin_ERR12405966.12
2025-11-26 18:19:10.275164 INFO::Fitting model to feature number 1316, semibin_SRR13068827.108
2025-11-26 18:19:10.298123 INFO::Fitting model to feature number 1317, maxbin_SRR13068823.022_sub
2025-11-26 18:19:10.322668 INFO::Fitting model to feature number 1318, metabat_SRR16554681.16
2025-11-26 18:19:10.346995 INFO::Fitting model to feature number 1319, semibin_ERR12405928.63
2025-11-26 18:19:10.370482 INFO::Fitting model to feature number 1320, semibin_SRR16554681.22
2025-11-26 18:19:10.395232 INFO::Fitting model to feature number 1321, metabat_SRR13022432.6
2025-11-26 18:19:10.419647 INFO::Fitting model to feature number 1322, semibin_SRR11413681.27
2025-11-26 18:19:10.443482 INFO::Fitting model to feature number 1323, semibin_ERR12406001.48
2025-11-26 18:19:10.468147 INFO::Fitting model to feature number 1324, metabat_SRR16554631.3
2025-11-26 18:19:10.492205 INFO::Fitting model to feature number 1325, maxbin_SRR6000892.009
2025-11-26 18:19:10.516167 INFO::Fitting model to feature number 1326, semibin_ERR12405992.57
2025-11-26 18:19:10.540826 INFO::Fitting model to feature number 1327, metabat_SRR25825501.63
2025-11-26 18:19:10.565087 INFO::Fitting model to feature number 1328, metabat_SRR23364202.16
2025-11-26 18:19:10.589287 INFO::Fitting model to feature number 1329, metabat_SRR25825502.47
2025-11-26 18:19:10.61355 INFO::Fitting model to feature number 1330, semibin_SRR16554630.22
2025-11-26 18:19:10.638326 INFO::Fitting model to feature number 1331, semibin_ERR12405973.32
2025-11-26 18:19:10.66255 INFO::Fitting model to feature number 1332, semibin_SRR13068816.17_sub
2025-11-26 18:19:10.687004 INFO::Fitting model to feature number 1333, metabat_ERR6275671.17_sub
2025-11-26 18:19:10.729824 INFO::Fitting model to feature number 1334, semibin_ERR12405979.43_sub
2025-11-26 18:19:10.754039 INFO::Fitting model to feature number 1335, semibin_SRR13068829.41
2025-11-26 18:19:10.778238 INFO::Fitting model to feature number 1336, semibin_SRR8387681.97
2025-11-26 18:19:10.802183 INFO::Fitting model to feature number 1337, semibin_SRR13068822.60
2025-11-26 18:19:10.825462 INFO::Fitting model to feature number 1338, semibin_ERR6279649.25
2025-11-26 18:19:10.849488 INFO::Fitting model to feature number 1339, semibin_ERR12405916.52
2025-11-26 18:19:10.873526 INFO::Fitting model to feature number 1340, metabat_SRR8387683.37
2025-11-26 18:19:10.896674 INFO::Fitting model to feature number 1341, semibin_ERR6279669.146
2025-11-26 18:19:10.921233 INFO::Fitting model to feature number 1342, maxbin_SRR16554769.014_sub
2025-11-26 18:19:10.945757 INFO::Fitting model to feature number 1343, maxbin_ERR12406005.003
2025-11-26 18:19:10.968749 INFO::Fitting model to feature number 1344, maxbin_SRR5930493.011
2025-11-26 18:19:10.992956 INFO::Fitting model to feature number 1345, metabat_SRR13068852.52
2025-11-26 18:19:11.016545 INFO::Fitting model to feature number 1346, semibin_SRR6000907.58
2025-11-26 18:19:11.039395 INFO::Fitting model to feature number 1347, semibin_SRR13068813.2
2025-11-26 18:19:11.064196 INFO::Fitting model to feature number 1348, semibin_SRR11413610.13
2025-11-26 18:19:11.087932 INFO::Fitting model to feature number 1349, metabat_SRR5930527.17
2025-11-26 18:19:11.111075 INFO::Fitting model to feature number 1350, semibin_SRR5930508.186
2025-11-26 18:19:11.135755 INFO::Fitting model to feature number 1351, metabat_SRR13068843.54
2025-11-26 18:19:11.158986 INFO::Fitting model to feature number 1352, metabat_ERR12405984.6
2025-11-26 18:19:11.188018 INFO::Fitting model to feature number 1353, metabat_ERR6281341.18_sub
2025-11-26 18:19:11.216176 INFO::Fitting model to feature number 1354, metabat_SRR5930536.61_sub
2025-11-26 18:19:11.240318 INFO::Fitting model to feature number 1355, maxbin_SRR20881983.026_sub
2025-11-26 18:19:11.265083 INFO::Fitting model to feature number 1356, maxbin_SRR11413691.019
2025-11-26 18:19:11.304091 INFO::Fitting model to feature number 1357, semibin_SRR8387683.9
2025-11-26 18:19:11.326909 INFO::Fitting model to feature number 1358, semibin_ERR12405918.22
2025-11-26 18:19:11.351161 INFO::Fitting model to feature number 1359, maxbin_SRR16168976.016_sub
2025-11-26 18:19:11.390472 INFO::Fitting model to feature number 1360, semibin_ERR6281343.49
2025-11-26 18:19:11.417625 INFO::Fitting model to feature number 1361, semibin_SRR11413612.49
2025-11-26 18:19:11.441209 INFO::Fitting model to feature number 1362, semibin_SRR20881979.2
2025-11-26 18:19:11.464711 INFO::Fitting model to feature number 1363, metabat_SRR16554728.7
2025-11-26 18:19:11.489052 INFO::Fitting model to feature number 1364, semibin_SRR5930527.102_sub
2025-11-26 18:19:11.513113 INFO::Fitting model to feature number 1365, semibin_SRR5930518.29
2025-11-26 18:19:11.536621 INFO::Fitting model to feature number 1366, semibin_ERR12405920.23
2025-11-26 18:19:11.560928 INFO::Fitting model to feature number 1367, semibin_ERR6279629.17
2025-11-26 18:19:11.583747 INFO::Fitting model to feature number 1368, maxbin_SRR16554787.013
2025-11-26 18:19:11.608559 INFO::Fitting model to feature number 1369, metabat_ERR6232526.9
2025-11-26 18:19:11.632828 INFO::Fitting model to feature number 1370, semibin_ERR6279659.15
2025-11-26 18:19:11.655868 INFO::Fitting model to feature number 1371, metabat_SRR11413689.56
2025-11-26 18:19:11.680797 INFO::Fitting model to feature number 1372, maxbin_ERR6235718.012
2025-11-26 18:19:11.704028 INFO::Fitting model to feature number 1373, metabat_SRR5930503.76
2025-11-26 18:19:11.728263 INFO::Fitting model to feature number 1374, metabat_SRR20881986.9_sub
2025-11-26 18:19:11.752162 INFO::Fitting model to feature number 1375, metabat_ERR6275659.2
2025-11-26 18:19:11.775601 INFO::Fitting model to feature number 1376, metabat_SRR5930511.29_sub
2025-11-26 18:19:11.79912 INFO::Fitting model to feature number 1377, maxbin_SRR13068835.009
2025-11-26 18:19:11.823448 INFO::Fitting model to feature number 1378, metabat_ERR6243880.58
2025-11-26 18:19:11.846616 INFO::Fitting model to feature number 1379, metabat_ERR6271721.70
2025-11-26 18:19:11.869877 INFO::Fitting model to feature number 1380, metabat_ERR6281000.76_sub
2025-11-26 18:19:11.894258 INFO::Fitting model to feature number 1381, metabat_SRR16554771.7_sub
2025-11-26 18:19:11.917204 INFO::Fitting model to feature number 1382, semibin_ERR12405983.42
2025-11-26 18:19:11.941661 INFO::Fitting model to feature number 1383, semibin_ERR12405992.1
2025-11-26 18:19:11.965688 INFO::Fitting model to feature number 1384, maxbin_SRR16554785.015
2025-11-26 18:19:11.988261 INFO::Fitting model to feature number 1385, metabat_ERR6275666.56
2025-11-26 18:19:12.013388 INFO::Fitting model to feature number 1386, metabat_SRR11413611.38
2025-11-26 18:19:12.055509 INFO::Fitting model to feature number 1387, semibin_SRR11413683.16
2025-11-26 18:19:12.079654 INFO::Fitting model to feature number 1388, metabat_SRR25825500.41_sub
2025-11-26 18:19:12.114252 INFO::Fitting model to feature number 1389, semibin_SRR5930526.142
2025-11-26 18:19:12.139906 INFO::Fitting model to feature number 1390, semibin_SRR11413645.160
2025-11-26 18:19:12.167732 INFO::Fitting model to feature number 1391, metabat_SRR13068845.7_sub
2025-11-26 18:19:12.192555 INFO::Fitting model to feature number 1392, semibin_ERR6267712.33
2025-11-26 18:19:12.216837 INFO::Fitting model to feature number 1393, semibin_SRR13068843.42_sub
2025-11-26 18:19:12.240799 INFO::Fitting model to feature number 1394, maxbin_ERR6279657.031_sub
2025-11-26 18:19:12.265845 INFO::Fitting model to feature number 1395, semibin_SRR5930507.83_sub
2025-11-26 18:19:12.290992 INFO::Fitting model to feature number 1396, semibin_SRR5930532.79
2025-11-26 18:19:12.314764 INFO::Fitting model to feature number 1397, metabat_SRR11413684.26
2025-11-26 18:19:12.339285 INFO::Fitting model to feature number 1398, metabat_SRR25825505.39
2025-11-26 18:19:12.36361 INFO::Fitting model to feature number 1399, maxbin_SRR16554754.006
2025-11-26 18:19:12.387425 INFO::Fitting model to feature number 1400, semibin_SRR5930528.15
2025-11-26 18:19:12.412177 INFO::Fitting model to feature number 1401, semibin_ERR12405945.16
2025-11-26 18:19:12.437045 INFO::Fitting model to feature number 1402, metabat_ERR12405997.40_sub
2025-11-26 18:19:12.460299 INFO::Fitting model to feature number 1403, semibin_SRR13068835.130
2025-11-26 18:19:12.485286 INFO::Fitting model to feature number 1404, semibin_SRR11413647.44
2025-11-26 18:19:12.514155 INFO::Fitting model to feature number 1405, semibin_SRR13022436.17
2025-11-26 18:19:12.538697 INFO::Fitting model to feature number 1406, metabat_ERR6279676.12
2025-11-26 18:19:12.563321 INFO::Fitting model to feature number 1407, semibin_SRR5930516.11_sub
2025-11-26 18:19:12.58724 INFO::Fitting model to feature number 1408, semibin_ERR6279624.16
2025-11-26 18:19:12.612188 INFO::Fitting model to feature number 1409, semibin_SRR5930532.161
2025-11-26 18:19:12.636055 INFO::Fitting model to feature number 1410, maxbin_SRR23364204.002_sub
2025-11-26 18:19:12.659819 INFO::Fitting model to feature number 1411, maxbin_SRR16554764.017
2025-11-26 18:19:12.683832 INFO::Fitting model to feature number 1412, metabat_ERR6279664.26
2025-11-26 18:19:12.726015 INFO::Fitting model to feature number 1413, metabat_SRR13022254.6
2025-11-26 18:19:12.750567 INFO::Fitting model to feature number 1414, metabat_SRR16554757.24
2025-11-26 18:19:12.774052 INFO::Fitting model to feature number 1415, semibin_SRR13068847.101
2025-11-26 18:19:12.798614 INFO::Fitting model to feature number 1416, metabat_SRR5930511.52
2025-11-26 18:19:12.822614 INFO::Fitting model to feature number 1417, semibin_ERR12405920.20
2025-11-26 18:19:12.845951 INFO::Fitting model to feature number 1418, semibin_SRR23364221.0
2025-11-26 18:19:12.870307 INFO::Fitting model to feature number 1419, semibin_SRR5930506.83
2025-11-26 18:19:12.894205 INFO::Fitting model to feature number 1420, semibin_SRR16168942.58
2025-11-26 18:19:12.917265 INFO::Fitting model to feature number 1421, metabat_ERR6279666.8
2025-11-26 18:19:12.941764 INFO::Fitting model to feature number 1422, metabat_ERR6279657.34
2025-11-26 18:19:12.965907 INFO::Fitting model to feature number 1423, maxbin_SRR20881988.013
2025-11-26 18:19:12.989107 INFO::Fitting model to feature number 1424, semibin_ERR12406013.72
2025-11-26 18:19:13.013456 INFO::Fitting model to feature number 1425, semibin_SRR16554766.42
2025-11-26 18:19:13.036951 INFO::Fitting model to feature number 1426, semibin_SRR13068825.28
2025-11-26 18:19:13.060775 INFO::Fitting model to feature number 1427, semibin_ERR6279622.41
2025-11-26 18:19:13.084863 INFO::Fitting model to feature number 1428, metabat_ERR12405910.29
2025-11-26 18:19:13.107984 INFO::Fitting model to feature number 1429, maxbin_SRR5930493.033_sub
2025-11-26 18:19:13.131786 INFO::Fitting model to feature number 1430, maxbin_SRR20881979.002
2025-11-26 18:19:13.156338 INFO::Fitting model to feature number 1431, semibin_SRR20881987.31
2025-11-26 18:19:13.179682 INFO::Fitting model to feature number 1432, metabat_ERR6279681.38
2025-11-26 18:19:13.204198 INFO::Fitting model to feature number 1433, metabat_SRR25825499.38
2025-11-26 18:19:13.228301 INFO::Fitting model to feature number 1434, semibin_ERR12405995.2
2025-11-26 18:19:13.251845 INFO::Fitting model to feature number 1435, semibin_SRR16554664.19
2025-11-26 18:19:13.277536 INFO::Fitting model to feature number 1436, semibin_ERR12405959.85
2025-11-26 18:19:13.301383 INFO::Fitting model to feature number 1437, maxbin_ERR12405911.018
2025-11-26 18:19:13.325339 INFO::Fitting model to feature number 1438, maxbin_SRR5930529.023_sub
2025-11-26 18:19:13.350114 INFO::Fitting model to feature number 1439, maxbin_SRR11413686.009_sub
2025-11-26 18:19:13.401882 INFO::Fitting model to feature number 1440, semibin_SRR11413617.99
2025-11-26 18:19:13.425453 INFO::Fitting model to feature number 1441, semibin_SRR5930493.92
2025-11-26 18:19:13.450097 INFO::Fitting model to feature number 1442, semibin_SRR11413606.56
2025-11-26 18:19:13.476535 INFO::Fitting model to feature number 1443, semibin_SRR6000920.93
2025-11-26 18:19:13.500103 INFO::Fitting model to feature number 1444, metabat_SRR6000902.41_sub
2025-11-26 18:19:13.52384 INFO::Fitting model to feature number 1445, metabat_ERR6281751.21
2025-11-26 18:19:13.547495 INFO::Fitting model to feature number 1446, semibin_ERR12405910.1
2025-11-26 18:19:13.571841 INFO::Fitting model to feature number 1447, maxbin_SRR23364202.013_sub
2025-11-26 18:19:13.596727 INFO::Fitting model to feature number 1448, maxbin_SRR11413685.021
2025-11-26 18:19:13.620635 INFO::Fitting model to feature number 1449, maxbin_SRR5930514.007
2025-11-26 18:19:13.644486 INFO::Fitting model to feature number 1450, semibin_SRR16168941.28
2025-11-26 18:19:13.667885 INFO::Fitting model to feature number 1451, metabat_SRR13068848.27
2025-11-26 18:19:13.692364 INFO::Fitting model to feature number 1452, semibin_ERR6248618.3
2025-11-26 18:19:13.715569 INFO::Fitting model to feature number 1453, maxbin_SRR16554672.011_sub
2025-11-26 18:19:13.739314 INFO::Fitting model to feature number 1454, semibin_SRR11413657.198
2025-11-26 18:19:13.762958 INFO::Fitting model to feature number 1455, semibin_SRR23364175.38
2025-11-26 18:19:13.787597 INFO::Fitting model to feature number 1456, metabat_ERR6232526.6
2025-11-26 18:19:13.811548 INFO::Fitting model to feature number 1457, semibin_SRR8387683.30
2025-11-26 18:19:13.835167 INFO::Fitting model to feature number 1458, metabat_ERR6275676.44
2025-11-26 18:19:13.859576 INFO::Fitting model to feature number 1459, metabat_SRR16168974.10
2025-11-26 18:19:13.882867 INFO::Fitting model to feature number 1460, maxbin_SRR5930505.044_sub
2025-11-26 18:19:13.906776 INFO::Fitting model to feature number 1461, semibin_ERR6275677.28
2025-11-26 18:19:13.930314 INFO::Fitting model to feature number 1462, semibin_SRR25825513.19
2025-11-26 18:19:13.953412 INFO::Fitting model to feature number 1463, semibin_ERR12405947.70
2025-11-26 18:19:13.977271 INFO::Fitting model to feature number 1464, semibin_SRR16554774.25
2025-11-26 18:19:14.000977 INFO::Fitting model to feature number 1465, metabat_ERR6280907.75
2025-11-26 18:19:14.042905 INFO::Fitting model to feature number 1466, metabat_SRR11413687.66
2025-11-26 18:19:14.066149 INFO::Fitting model to feature number 1467, metabat_SRR5930514.5
2025-11-26 18:19:14.090169 INFO::Fitting model to feature number 1468, metabat_SRR25825512.9
2025-11-26 18:19:14.114014 INFO::Fitting model to feature number 1469, metabat_SRR6000895.38
2025-11-26 18:19:14.137831 INFO::Fitting model to feature number 1470, semibin_SRR13068829.111
2025-11-26 18:19:14.162194 INFO::Fitting model to feature number 1471, metabat_ERR6281518.30
2025-11-26 18:19:14.184958 INFO::Fitting model to feature number 1472, semibin_SRR11413618.30
2025-11-26 18:19:14.208979 INFO::Fitting model to feature number 1473, maxbin_SRR11413619.022_sub
2025-11-26 18:19:14.234044 INFO::Fitting model to feature number 1474, semibin_ERR6279667.1
2025-11-26 18:19:14.258344 INFO::Fitting model to feature number 1475, metabat_ERR12405976.69
2025-11-26 18:19:14.284322 INFO::Fitting model to feature number 1476, metabat_SRR5930528.91
2025-11-26 18:19:14.307584 INFO::Fitting model to feature number 1477, metabat_SRR16168920.14
2025-11-26 18:19:14.331128 INFO::Fitting model to feature number 1478, semibin_SRR11413610.57_sub
2025-11-26 18:19:14.355089 INFO::Fitting model to feature number 1479, semibin_SRR25825494.37
2025-11-26 18:19:14.37839 INFO::Fitting model to feature number 1480, metabat_SRR25825521.14
2025-11-26 18:19:14.402743 INFO::Fitting model to feature number 1481, metabat_ERR6239139.39
2025-11-26 18:19:14.426742 INFO::Fitting model to feature number 1482, semibin_SRR11413678.34
2025-11-26 18:19:14.451494 INFO::Fitting model to feature number 1483, semibin_ERR6275674.90
2025-11-26 18:19:14.482693 INFO::Fitting model to feature number 1484, semibin_ERR12405934.44_sub
2025-11-26 18:19:14.508507 INFO::Fitting model to feature number 1485, semibin_SRR13068835.5
2025-11-26 18:19:14.537559 INFO::Fitting model to feature number 1486, semibin_SRR11413649.35
2025-11-26 18:19:14.560785 INFO::Fitting model to feature number 1487, semibin_ERR6229432.26
2025-11-26 18:19:14.584495 INFO::Fitting model to feature number 1488, metabat_ERR12405998.59
2025-11-26 18:19:14.608677 INFO::Fitting model to feature number 1489, metabat_SRR11413613.27
2025-11-26 18:19:14.632535 INFO::Fitting model to feature number 1490, semibin_ERR6264281.82
2025-11-26 18:19:14.656805 INFO::Fitting model to feature number 1491, semibin_ERR6281658.88
2025-11-26 18:19:14.680486 INFO::Fitting model to feature number 1492, semibin_ERR6279654.35
2025-11-26 18:19:14.722193 INFO::Fitting model to feature number 1493, semibin_SRR5930499.22_sub
2025-11-26 18:19:14.74628 INFO::Fitting model to feature number 1494, maxbin_SRR11413612.039_sub
2025-11-26 18:19:14.769534 INFO::Fitting model to feature number 1495, semibin_SRR13022319.12
2025-11-26 18:19:14.793347 INFO::Fitting model to feature number 1496, semibin_SRR11413608.95
2025-11-26 18:19:14.817531 INFO::Fitting model to feature number 1497, semibin_SRR11413687.106_sub
2025-11-26 18:19:14.841089 INFO::Fitting model to feature number 1498, maxbin_SRR20881983.003
2025-11-26 18:19:14.865255 INFO::Fitting model to feature number 1499, semibin_SRR13068851.36
2025-11-26 18:19:14.889149 INFO::Fitting model to feature number 1500, semibin_SRR20881988.10
2025-11-26 18:19:14.912679 INFO::Fitting model to feature number 1501, semibin_ERR6279644.33_sub
2025-11-26 18:19:14.936993 INFO::Fitting model to feature number 1502, semibin_SRR11413678.104
2025-11-26 18:19:14.960972 INFO::Fitting model to feature number 1503, semibin_SRR5930504.132
2025-11-26 18:19:14.984531 INFO::Fitting model to feature number 1504, semibin_SRR25825511.32_sub
2025-11-26 18:19:15.00864 INFO::Fitting model to feature number 1505, semibin_SRR8387683.84
2025-11-26 18:19:15.031953 INFO::Fitting model to feature number 1506, metabat_ERR6282298.15
2025-11-26 18:19:15.055983 INFO::Fitting model to feature number 1507, metabat_ERR12406006.41
2025-11-26 18:19:15.080147 INFO::Fitting model to feature number 1508, metabat_SRR5930512.20
2025-11-26 18:19:15.104713 INFO::Fitting model to feature number 1509, metabat_ERR12405982.7
2025-11-26 18:19:15.12997 INFO::Fitting model to feature number 1510, metabat_ERR12406002.23
2025-11-26 18:19:15.154899 INFO::Fitting model to feature number 1511, maxbin_SRR13068847.041_sub
2025-11-26 18:19:15.178156 INFO::Fitting model to feature number 1512, maxbin_ERR12405943.006
2025-11-26 18:19:15.203572 INFO::Fitting model to feature number 1513, semibin_ERR12405912.39_sub
2025-11-26 18:19:15.227788 INFO::Fitting model to feature number 1514, maxbin_SRR11413613.018
2025-11-26 18:19:15.252015 INFO::Fitting model to feature number 1515, metabat_SRR16554632.45
2025-11-26 18:19:15.276867 INFO::Fitting model to feature number 1516, semibin_ERR6275675.25
2025-11-26 18:19:15.301214 INFO::Fitting model to feature number 1517, maxbin_SRR16554628.020
2025-11-26 18:19:15.324773 INFO::Fitting model to feature number 1518, metabat_ERR12406002.26
2025-11-26 18:19:15.367503 INFO::Fitting model to feature number 1519, maxbin_ERR12405998.001_sub
2025-11-26 18:19:15.391748 INFO::Fitting model to feature number 1520, maxbin_ERR6279649.011
2025-11-26 18:19:15.415514 INFO::Fitting model to feature number 1521, maxbin_SRR23364192.019
2025-11-26 18:19:15.439538 INFO::Fitting model to feature number 1522, maxbin_ERR6275673.009_sub
2025-11-26 18:19:15.463649 INFO::Fitting model to feature number 1523, maxbin_ERR6275652.031_sub
2025-11-26 18:19:15.486279 INFO::Fitting model to feature number 1524, metabat_SRR20881983.56
2025-11-26 18:19:15.510381 INFO::Fitting model to feature number 1525, semibin_SRR23364178.53_sub
2025-11-26 18:19:15.533559 INFO::Fitting model to feature number 1526, metabat_SRR16554769.19
2025-11-26 18:19:15.557311 INFO::Fitting model to feature number 1527, semibin_SRR13022450.11
2025-11-26 18:19:15.581658 INFO::Fitting model to feature number 1528, semibin_SRR20881988.34
2025-11-26 18:19:15.604764 INFO::Fitting model to feature number 1529, maxbin_ERR12405968.007_sub
2025-11-26 18:19:15.629102 INFO::Fitting model to feature number 1530, maxbin_SRR5930494.003
2025-11-26 18:19:15.653012 INFO::Fitting model to feature number 1531, semibin_ERR12405974.45
2025-11-26 18:19:15.675864 INFO::Fitting model to feature number 1532, semibin_SRR5930504.107
2025-11-26 18:19:15.700107 INFO::Fitting model to feature number 1533, maxbin_SRR11413652.007
2025-11-26 18:19:15.728506 INFO::Fitting model to feature number 1534, metabat_SRR11413655.33
2025-11-26 18:19:15.760943 INFO::Fitting model to feature number 1535, semibin_SRR20881986.23
2025-11-26 18:19:15.789302 INFO::Fitting model to feature number 1536, metabat_ERR6279676.21
2025-11-26 18:19:15.812971 INFO::Fitting model to feature number 1537, metabat_ERR6279657.74
2025-11-26 18:19:15.842499 INFO::Fitting model to feature number 1538, maxbin_ERR12405972.019
2025-11-26 18:19:15.866911 INFO::Fitting model to feature number 1539, semibin_SRR16554632.31_sub
2025-11-26 18:19:15.890032 INFO::Fitting model to feature number 1540, metabat_SRR5930514.24_sub
2025-11-26 18:19:15.912433 INFO::Fitting model to feature number 1541, metabat_SRR16554785.21
2025-11-26 18:19:15.9363 INFO::Fitting model to feature number 1542, semibin_SRR11413678.73
2025-11-26 18:19:15.960213 INFO::Fitting model to feature number 1543, semibin_ERR12405952.9
2025-11-26 18:19:15.984581 INFO::Fitting model to feature number 1544, semibin_SRR23364231.4
2025-11-26 18:19:16.024275 INFO::Fitting model to feature number 1545, semibin_SRR16554628.46_sub
2025-11-26 18:19:16.050356 INFO::Fitting model to feature number 1546, metabat_ERR6279626.59
2025-11-26 18:19:16.074003 INFO::Fitting model to feature number 1547, semibin_SRR5930532.72
2025-11-26 18:19:16.097862 INFO::Fitting model to feature number 1548, semibin_SRR5930529.59
2025-11-26 18:19:16.120895 INFO::Fitting model to feature number 1549, maxbin_SRR16554777.015
2025-11-26 18:19:16.145527 INFO::Fitting model to feature number 1550, metabat_SRR11413645.47
2025-11-26 18:19:16.168154 INFO::Fitting model to feature number 1551, semibin_SRR5930504.145
2025-11-26 18:19:16.192555 INFO::Fitting model to feature number 1552, metabat_SRR25825506.48
2025-11-26 18:19:16.216101 INFO::Fitting model to feature number 1553, maxbin_ERR12405999.007
2025-11-26 18:19:16.238967 INFO::Fitting model to feature number 1554, metabat_SRR20881974.56
2025-11-26 18:19:16.26339 INFO::Fitting model to feature number 1555, metabat_ERR6279657.79
2025-11-26 18:19:16.287464 INFO::Fitting model to feature number 1556, semibin_SRR13068825.75
2025-11-26 18:19:16.311044 INFO::Fitting model to feature number 1557, metabat_SRR25825517.32
2025-11-26 18:19:16.334569 INFO::Fitting model to feature number 1558, maxbin_SRR8387710.003
2025-11-26 18:19:16.357372 INFO::Fitting model to feature number 1559, maxbin_ERR12405994.023
2025-11-26 18:19:16.381501 INFO::Fitting model to feature number 1560, metabat_SRR11413689.9
2025-11-26 18:19:16.404995 INFO::Fitting model to feature number 1561, semibin_SRR16168943.41
2025-11-26 18:19:16.428471 INFO::Fitting model to feature number 1562, metabat_SRR16554658.17
2025-11-26 18:19:16.453077 INFO::Fitting model to feature number 1563, metabat_ERR12405939.20
2025-11-26 18:19:16.476474 INFO::Fitting model to feature number 1564, semibin_SRR23364187.82
2025-11-26 18:19:16.500414 INFO::Fitting model to feature number 1565, maxbin_SRR8387712.001
2025-11-26 18:19:16.52403 INFO::Fitting model to feature number 1566, semibin_ERR6275668.126
2025-11-26 18:19:16.547418 INFO::Fitting model to feature number 1567, metabat_SRR16554657.23
2025-11-26 18:19:16.571328 INFO::Fitting model to feature number 1568, semibin_ERR6275674.45_sub
2025-11-26 18:19:16.594949 INFO::Fitting model to feature number 1569, semibin_ERR6230326.4
2025-11-26 18:19:16.618674 INFO::Fitting model to feature number 1570, metabat_SRR6000932.13
2025-11-26 18:19:16.642422 INFO::Fitting model to feature number 1571, metabat_SRR16554767.15
2025-11-26 18:19:16.685262 INFO::Fitting model to feature number 1572, semibin_SRR5930512.37
2025-11-26 18:19:16.708174 INFO::Fitting model to feature number 1573, metabat_SRR5930501.19_sub
2025-11-26 18:19:16.731956 INFO::Fitting model to feature number 1574, maxbin_SRR5930534.026_sub
2025-11-26 18:19:16.754989 INFO::Fitting model to feature number 1575, semibin_ERR12406004.1
2025-11-26 18:19:16.778767 INFO::Fitting model to feature number 1576, maxbin_SRR16554671.015_sub
2025-11-26 18:19:16.802667 INFO::Fitting model to feature number 1577, semibin_SRR11413649.100
2025-11-26 18:19:16.825844 INFO::Fitting model to feature number 1578, metabat_SRR20881981.21_sub
2025-11-26 18:19:16.849525 INFO::Fitting model to feature number 1579, metabat_SRR5930504.26
2025-11-26 18:19:16.872992 INFO::Fitting model to feature number 1580, maxbin_ERR12405933.003
2025-11-26 18:19:16.896769 INFO::Fitting model to feature number 1581, maxbin_SRR11413691.013
2025-11-26 18:19:16.931684 INFO::Fitting model to feature number 1582, semibin_SRR23364187.70
2025-11-26 18:19:16.954769 INFO::Fitting model to feature number 1583, metabat_ERR6279677.10
2025-11-26 18:19:16.979609 INFO::Fitting model to feature number 1584, maxbin_SRR11413620.008
2025-11-26 18:19:17.005148 INFO::Fitting model to feature number 1585, metabat_SRR23364201.31
2025-11-26 18:19:17.031297 INFO::Fitting model to feature number 1586, semibin_ERR6279625.36
2025-11-26 18:19:17.05433 INFO::Fitting model to feature number 1587, metabat_ERR12405952.30
2025-11-26 18:19:17.078331 INFO::Fitting model to feature number 1588, metabat_SRR13068834.43_sub
2025-11-26 18:19:17.102792 INFO::Fitting model to feature number 1589, semibin_SRR16554734.17
2025-11-26 18:19:17.125624 INFO::Fitting model to feature number 1590, semibin_SRR5930527.100
2025-11-26 18:19:17.149827 INFO::Fitting model to feature number 1591, metabat_SRR8387712.32_sub
2025-11-26 18:19:17.173293 INFO::Fitting model to feature number 1592, semibin_ERR12406006.72
2025-11-26 18:19:17.197826 INFO::Fitting model to feature number 1593, metabat_ERR6279622.67
2025-11-26 18:19:17.22137 INFO::Fitting model to feature number 1594, semibin_SRR5930517.10
2025-11-26 18:19:17.244833 INFO::Fitting model to feature number 1595, semibin_SRR13068815.96
2025-11-26 18:19:17.269635 INFO::Fitting model to feature number 1596, maxbin_ERR12405955.019
2025-11-26 18:19:17.294147 INFO::Fitting model to feature number 1597, maxbin_ERR6275671.007_sub
2025-11-26 18:19:17.363131 INFO::Fitting model to feature number 1598, semibin_ERR6281997.48_sub
2025-11-26 18:19:17.387494 INFO::Fitting model to feature number 1599, semibin_ERR6279666.26
2025-11-26 18:19:17.41232 INFO::Fitting model to feature number 1600, metabat_SRR20881987.26
2025-11-26 18:19:17.435807 INFO::Fitting model to feature number 1601, metabat_SRR16554744.18
2025-11-26 18:19:17.459748 INFO::Fitting model to feature number 1602, metabat_ERR12405961.1_sub
2025-11-26 18:19:17.483673 INFO::Fitting model to feature number 1603, maxbin_SRR16168986.030_sub
2025-11-26 18:19:17.506737 INFO::Fitting model to feature number 1604, semibin_ERR12405928.73_sub
2025-11-26 18:19:17.530648 INFO::Fitting model to feature number 1605, maxbin_SRR23364230.017
2025-11-26 18:19:17.554449 INFO::Fitting model to feature number 1606, semibin_ERR6275675.85
2025-11-26 18:19:17.578019 INFO::Fitting model to feature number 1607, metabat_ERR12406012.50_sub
2025-11-26 18:19:17.60232 INFO::Fitting model to feature number 1608, maxbin_SRR11413614.004
2025-11-26 18:19:17.626399 INFO::Fitting model to feature number 1609, metabat_SRR6000921.8
2025-11-26 18:19:17.64972 INFO::Fitting model to feature number 1610, metabat_SRR16554704.6
2025-11-26 18:19:17.673975 INFO::Fitting model to feature number 1611, maxbin_SRR13022258.012_sub
2025-11-26 18:19:17.696574 INFO::Fitting model to feature number 1612, semibin_ERR12406004.23
2025-11-26 18:19:17.721177 INFO::Fitting model to feature number 1613, maxbin_ERR12406000.009_sub
2025-11-26 18:19:17.746332 INFO::Fitting model to feature number 1614, maxbin_ERR12405914.010_sub
2025-11-26 18:19:17.771322 INFO::Fitting model to feature number 1615, metabat_SRR16554652.47
2025-11-26 18:19:17.797344 INFO::Fitting model to feature number 1616, metabat_SRR5930498.113
2025-11-26 18:19:17.821876 INFO::Fitting model to feature number 1617, metabat_ERR6282137.16
2025-11-26 18:19:17.846926 INFO::Fitting model to feature number 1618, metabat_ERR12405928.39
2025-11-26 18:19:17.872319 INFO::Fitting model to feature number 1619, metabat_SRR11413614.4
2025-11-26 18:19:17.896688 INFO::Fitting model to feature number 1620, maxbin_SRR5930530.047
2025-11-26 18:19:17.922004 INFO::Fitting model to feature number 1621, metabat_ERR12405998.13
2025-11-26 18:19:17.946912 INFO::Fitting model to feature number 1622, maxbin_SRR20881983.049_sub
2025-11-26 18:19:17.971588 INFO::Fitting model to feature number 1623, metabat_SRR25825496.4_sub
2025-11-26 18:19:17.99673 INFO::Fitting model to feature number 1624, maxbin_ERR12406013.003
2025-11-26 18:19:18.042843 INFO::Fitting model to feature number 1625, metabat_ERR6281518.82_sub
2025-11-26 18:19:18.0703 INFO::Fitting model to feature number 1626, semibin_ERR12405992.13
2025-11-26 18:19:18.094421 INFO::Fitting model to feature number 1627, semibin_SRR13068829.28_sub
2025-11-26 18:19:18.122631 INFO::Fitting model to feature number 1628, metabat_ERR12405949.30_sub
2025-11-26 18:19:18.147402 INFO::Fitting model to feature number 1629, metabat_ERR12405959.36
2025-11-26 18:19:18.171568 INFO::Fitting model to feature number 1630, semibin_SRR5930515.39_sub
2025-11-26 18:19:18.195063 INFO::Fitting model to feature number 1631, metabat_ERR12405955.18
2025-11-26 18:19:18.219211 INFO::Fitting model to feature number 1632, metabat_SRR11413681.52
2025-11-26 18:19:18.243165 INFO::Fitting model to feature number 1633, semibin_SRR16554667.24
2025-11-26 18:19:18.266526 INFO::Fitting model to feature number 1634, semibin_SRR25825501.29
2025-11-26 18:19:18.290903 INFO::Fitting model to feature number 1635, metabat_ERR6279681.37
2025-11-26 18:19:18.31514 INFO::Fitting model to feature number 1636, metabat_ERR12405998.10
2025-11-26 18:19:18.338208 INFO::Fitting model to feature number 1637, metabat_SRR16554766.12
2025-11-26 18:19:18.362098 INFO::Fitting model to feature number 1638, semibin_SRR11413687.8
2025-11-26 18:19:18.386259 INFO::Fitting model to feature number 1639, metabat_ERR12405920.28
2025-11-26 18:19:18.410333 INFO::Fitting model to feature number 1640, metabat_ERR6279624.6_sub
2025-11-26 18:19:18.434568 INFO::Fitting model to feature number 1641, semibin_SRR11413647.24_sub
2025-11-26 18:19:18.458121 INFO::Fitting model to feature number 1642, metabat_ERR12405998.47
2025-11-26 18:19:18.481864 INFO::Fitting model to feature number 1643, semibin_ERR12405971.25
2025-11-26 18:19:18.505654 INFO::Fitting model to feature number 1644, semibin_SRR5930497.45
2025-11-26 18:19:18.528599 INFO::Fitting model to feature number 1645, semibin_SRR11413613.5
2025-11-26 18:19:18.552194 INFO::Fitting model to feature number 1646, maxbin_SRR16554777.012
2025-11-26 18:19:18.575123 INFO::Fitting model to feature number 1647, semibin_ERR6279628.40
2025-11-26 18:19:18.599463 INFO::Fitting model to feature number 1648, metabat_ERR12405972.5
2025-11-26 18:19:18.622991 INFO::Fitting model to feature number 1649, semibin_SRR11413619.40
2025-11-26 18:19:18.646479 INFO::Fitting model to feature number 1650, metabat_SRR5930522.11
2025-11-26 18:19:18.689495 INFO::Fitting model to feature number 1651, semibin_SRR13068843.38
2025-11-26 18:19:18.714264 INFO::Fitting model to feature number 1652, semibin_ERR6279622.2
2025-11-26 18:19:18.737762 INFO::Fitting model to feature number 1653, metabat_ERR12406004.33
2025-11-26 18:19:18.761797 INFO::Fitting model to feature number 1654, maxbin_ERR6232521.007
2025-11-26 18:19:18.785678 INFO::Fitting model to feature number 1655, semibin_SRR11413690.24
2025-11-26 18:19:18.809127 INFO::Fitting model to feature number 1656, semibin_ERR6232528.6
2025-11-26 18:19:18.833672 INFO::Fitting model to feature number 1657, metabat_SRR16554753.15
2025-11-26 18:19:18.85714 INFO::Fitting model to feature number 1658, semibin_ERR12405947.16
2025-11-26 18:19:18.880598 INFO::Fitting model to feature number 1659, metabat_SRR16554632.31
2025-11-26 18:19:18.904575 INFO::Fitting model to feature number 1660, semibin_SRR25825510.79
2025-11-26 18:19:18.927833 INFO::Fitting model to feature number 1661, maxbin_SRR5930504.019
2025-11-26 18:19:18.952127 INFO::Fitting model to feature number 1662, semibin_SRR11413689.105
2025-11-26 18:19:18.975891 INFO::Fitting model to feature number 1663, metabat_SRR20881978.32
2025-11-26 18:19:18.998854 INFO::Fitting model to feature number 1664, metabat_SRR20881981.3
2025-11-26 18:19:19.023017 INFO::Fitting model to feature number 1665, metabat_SRR16554654.44
2025-11-26 18:19:19.045848 INFO::Fitting model to feature number 1666, semibin_SRR25825500.13
2025-11-26 18:19:19.070465 INFO::Fitting model to feature number 1667, maxbin_SRR13022252.009_sub
2025-11-26 18:19:19.093345 INFO::Fitting model to feature number 1668, metabat_SRR20881983.38
2025-11-26 18:19:19.116533 INFO::Fitting model to feature number 1669, metabat_ERR12405959.31
2025-11-26 18:19:19.140503 INFO::Fitting model to feature number 1670, semibin_SRR13022391.11
2025-11-26 18:19:19.163187 INFO::Fitting model to feature number 1671, semibin_ERR6281518.50_sub
2025-11-26 18:19:19.187067 INFO::Fitting model to feature number 1672, maxbin_ERR12406011.031
2025-11-26 18:19:19.211328 INFO::Fitting model to feature number 1673, semibin_SRR11413656.102
2025-11-26 18:19:19.235109 INFO::Fitting model to feature number 1674, semibin_SRR23364171.81
2025-11-26 18:19:19.258771 INFO::Fitting model to feature number 1675, metabat_SRR5930520.43
2025-11-26 18:19:19.283085 INFO::Fitting model to feature number 1676, metabat_ERR12405914.16
2025-11-26 18:19:19.308415 INFO::Fitting model to feature number 1677, metabat_SRR13068828.46_sub
2025-11-26 18:19:19.359103 INFO::Fitting model to feature number 1678, semibin_ERR6281518.116
2025-11-26 18:19:19.383383 INFO::Fitting model to feature number 1679, semibin_ERR6281344.40
2025-11-26 18:19:19.409661 INFO::Fitting model to feature number 1680, semibin_SRR6000944.13
2025-11-26 18:19:19.432477 INFO::Fitting model to feature number 1681, semibin_SRR5930503.47
2025-11-26 18:19:19.456601 INFO::Fitting model to feature number 1682, semibin_ERR6235718.4
2025-11-26 18:19:19.48035 INFO::Fitting model to feature number 1683, maxbin_ERR12405939.004
2025-11-26 18:19:19.50458 INFO::Fitting model to feature number 1684, semibin_SRR11413615.76
2025-11-26 18:19:19.529647 INFO::Fitting model to feature number 1685, semibin_ERR12405976.64
2025-11-26 18:19:19.553089 INFO::Fitting model to feature number 1686, semibin_SRR23364230.99
2025-11-26 18:19:19.576918 INFO::Fitting model to feature number 1687, semibin_ERR12405910.62
2025-11-26 18:19:19.601679 INFO::Fitting model to feature number 1688, maxbin_ERR12405915.008
2025-11-26 18:19:19.626129 INFO::Fitting model to feature number 1689, metabat_SRR5930528.27
2025-11-26 18:19:19.648857 INFO::Fitting model to feature number 1690, metabat_SRR13068823.20_sub
2025-11-26 18:19:19.672608 INFO::Fitting model to feature number 1691, metabat_ERR6281340.41
2025-11-26 18:19:19.696031 INFO::Fitting model to feature number 1692, semibin_ERR12405970.2_sub
2025-11-26 18:19:19.720206 INFO::Fitting model to feature number 1693, maxbin_ERR12405944.004
2025-11-26 18:19:19.743478 INFO::Fitting model to feature number 1694, metabat_ERR12405998.25
2025-11-26 18:19:19.768627 INFO::Fitting model to feature number 1695, semibin_ERR12406013.48
2025-11-26 18:19:19.792741 INFO::Fitting model to feature number 1696, semibin_SRR5930501.12
2025-11-26 18:19:19.816339 INFO::Fitting model to feature number 1697, metabat_ERR12406003.1
2025-11-26 18:19:19.840511 INFO::Fitting model to feature number 1698, metabat_SRR11413618.24
2025-11-26 18:19:19.864044 INFO::Fitting model to feature number 1699, maxbin_SRR16168896.006
2025-11-26 18:19:19.888512 INFO::Fitting model to feature number 1700, semibin_ERR12405943.41
2025-11-26 18:19:19.911601 INFO::Fitting model to feature number 1701, semibin_ERR12405933.78
2025-11-26 18:19:19.93513 INFO::Fitting model to feature number 1702, semibin_ERR12405976.91
2025-11-26 18:19:19.959647 INFO::Fitting model to feature number 1703, maxbin_SRR6000947.039
2025-11-26 18:19:20.003014 INFO::Fitting model to feature number 1704, semibin_SRR11413615.105
2025-11-26 18:19:20.027284 INFO::Fitting model to feature number 1705, maxbin_SRR16554744.010
2025-11-26 18:19:20.050882 INFO::Fitting model to feature number 1706, metabat_SRR11413652.11
2025-11-26 18:19:20.075266 INFO::Fitting model to feature number 1707, maxbin_ERR12405976.034_sub
2025-11-26 18:19:20.098286 INFO::Fitting model to feature number 1708, metabat_ERR12406011.21
2025-11-26 18:19:20.125825 INFO::Fitting model to feature number 1709, metabat_SRR11413690.35_sub
2025-11-26 18:19:20.150121 INFO::Fitting model to feature number 1710, metabat_ERR12405965.3
2025-11-26 18:19:20.173924 INFO::Fitting model to feature number 1711, maxbin_ERR12405972.021
2025-11-26 18:19:20.199066 INFO::Fitting model to feature number 1712, semibin_ERR6275680.30
2025-11-26 18:19:20.222563 INFO::Fitting model to feature number 1713, metabat_ERR6281942.41_sub
2025-11-26 18:19:20.246829 INFO::Fitting model to feature number 1714, semibin_ERR12405981.28
2025-11-26 18:19:20.272972 INFO::Fitting model to feature number 1715, metabat_ERR12405920.6_sub
2025-11-26 18:19:20.296665 INFO::Fitting model to feature number 1716, maxbin_SRR20881988.009
2025-11-26 18:19:20.321751 INFO::Fitting model to feature number 1717, semibin_ERR12405942.29
2025-11-26 18:19:20.34604 INFO::Fitting model to feature number 1718, maxbin_ERR12406008.002_sub
2025-11-26 18:19:20.36966 INFO::Fitting model to feature number 1719, metabat_ERR12405943.44_sub
2025-11-26 18:19:20.399367 INFO::Fitting model to feature number 1720, semibin_SRR5930497.86_sub
2025-11-26 18:19:20.423629 INFO::Fitting model to feature number 1721, metabat_ERR12406012.1_sub
2025-11-26 18:19:20.448073 INFO::Fitting model to feature number 1722, metabat_ERR6281342.22
2025-11-26 18:19:20.475432 INFO::Fitting model to feature number 1723, semibin_ERR12405952.7
2025-11-26 18:19:20.501013 INFO::Fitting model to feature number 1724, semibin_SRR5930520.180
2025-11-26 18:19:20.524171 INFO::Fitting model to feature number 1725, maxbin_SRR16168984.062
2025-11-26 18:19:20.548533 INFO::Fitting model to feature number 1726, maxbin_SRR25825500.013_sub
2025-11-26 18:19:20.571795 INFO::Fitting model to feature number 1727, semibin_ERR12405974.32
2025-11-26 18:19:20.596241 INFO::Fitting model to feature number 1728, maxbin_SRR11413681.015_sub
2025-11-26 18:19:20.626097 INFO::Fitting model to feature number 1729, semibin_SRR11413618.113_sub
2025-11-26 18:19:20.648913 INFO::Fitting model to feature number 1730, metabat_SRR16554636.10
2025-11-26 18:19:20.692976 INFO::Fitting model to feature number 1731, semibin_ERR12405997.28
2025-11-26 18:19:20.71682 INFO::Fitting model to feature number 1732, metabat_SRR6000949.29
2025-11-26 18:19:20.739921 INFO::Fitting model to feature number 1733, metabat_ERR6229432.22_sub
2025-11-26 18:19:20.763914 INFO::Fitting model to feature number 1734, metabat_SRR23364178.39_sub
2025-11-26 18:19:20.78665 INFO::Fitting model to feature number 1735, semibin_SRR13022423.21
2025-11-26 18:19:20.811164 INFO::Fitting model to feature number 1736, metabat_ERR6257997.12
2025-11-26 18:19:20.834873 INFO::Fitting model to feature number 1737, semibin_SRR20881980.25
2025-11-26 18:19:20.858178 INFO::Fitting model to feature number 1738, semibin_SRR16168930.147
2025-11-26 18:19:20.882731 INFO::Fitting model to feature number 1739, semibin_SRR11413649.46
2025-11-26 18:19:20.90569 INFO::Fitting model to feature number 1740, semibin_ERR12406015.22_sub
2025-11-26 18:19:20.930337 INFO::Fitting model to feature number 1741, semibin_ERR6279622.17
2025-11-26 18:19:20.953602 INFO::Fitting model to feature number 1742, maxbin_SRR13022453.007_sub
2025-11-26 18:19:20.977451 INFO::Fitting model to feature number 1743, semibin_SRR5930530.132
2025-11-26 18:19:21.001287 INFO::Fitting model to feature number 1744, semibin_SRR11413690.9
2025-11-26 18:19:21.02467 INFO::Fitting model to feature number 1745, metabat_ERR6275675.32_sub
2025-11-26 18:19:21.049102 INFO::Fitting model to feature number 1746, metabat_SRR8387677.42
2025-11-26 18:19:21.071984 INFO::Fitting model to feature number 1747, semibin_ERR6275663.75_sub
2025-11-26 18:19:21.095774 INFO::Fitting model to feature number 1748, semibin_SRR5930517.66
2025-11-26 18:19:21.118807 INFO::Fitting model to feature number 1749, semibin_SRR11413649.38_sub
2025-11-26 18:19:21.142606 INFO::Fitting model to feature number 1750, semibin_SRR11413691.23
2025-11-26 18:19:21.166307 INFO::Fitting model to feature number 1751, metabat_SRR16554779.19
2025-11-26 18:19:21.189437 INFO::Fitting model to feature number 1752, semibin_SRR23364231.16
2025-11-26 18:19:21.213843 INFO::Fitting model to feature number 1753, maxbin_SRR16554760.005
2025-11-26 18:19:21.236641 INFO::Fitting model to feature number 1754, metabat_SRR16554656.29
2025-11-26 18:19:21.260473 INFO::Fitting model to feature number 1755, metabat_ERR6275678.3
2025-11-26 18:19:21.286124 INFO::Fitting model to feature number 1756, semibin_SRR5930506.126
2025-11-26 18:19:21.327714 INFO::Fitting model to feature number 1757, semibin_SRR13068823.83
2025-11-26 18:19:21.351184 INFO::Fitting model to feature number 1758, metabat_SRR16554757.37
2025-11-26 18:19:21.375257 INFO::Fitting model to feature number 1759, semibin_ERR12405934.0
2025-11-26 18:19:21.397928 INFO::Fitting model to feature number 1760, semibin_ERR12405946.2
2025-11-26 18:19:21.422245 INFO::Fitting model to feature number 1761, maxbin_SRR8387676.013_sub
2025-11-26 18:19:21.445681 INFO::Fitting model to feature number 1762, maxbin_SRR16554660.004
2025-11-26 18:19:21.469733 INFO::Fitting model to feature number 1763, semibin_SRR11413656.61
2025-11-26 18:19:21.493316 INFO::Fitting model to feature number 1764, maxbin_ERR6281342.028
2025-11-26 18:19:21.516357 INFO::Fitting model to feature number 1765, metabat_SRR20881984.45
2025-11-26 18:19:21.54043 INFO::Fitting model to feature number 1766, semibin_ERR12405939.57_sub
2025-11-26 18:19:21.564207 INFO::Fitting model to feature number 1767, maxbin_SRR20881987.014_sub
2025-11-26 18:19:21.588439 INFO::Fitting model to feature number 1768, semibin_SRR6000909.45
2025-11-26 18:19:21.611801 INFO::Fitting model to feature number 1769, semibin_SRR23364196.25
2025-11-26 18:19:21.635338 INFO::Fitting model to feature number 1770, semibin_SRR5930531.137
2025-11-26 18:19:21.658984 INFO::Fitting model to feature number 1771, maxbin_ERR12406007.007
2025-11-26 18:19:21.68253 INFO::Fitting model to feature number 1772, metabat_ERR6275663.73
2025-11-26 18:19:21.706964 INFO::Fitting model to feature number 1773, metabat_SRR11413691.28
2025-11-26 18:19:21.730421 INFO::Fitting model to feature number 1774, metabat_ERR12405995.34
2025-11-26 18:19:21.754943 INFO::Fitting model to feature number 1775, semibin_ERR12406006.56
2025-11-26 18:19:21.778345 INFO::Fitting model to feature number 1776, metabat_ERR12405992.35_sub
2025-11-26 18:19:21.801623 INFO::Fitting model to feature number 1777, semibin_SRR6000946.68
2025-11-26 18:19:21.82998 INFO::Fitting model to feature number 1778, semibin_SRR23364176.76
2025-11-26 18:19:21.854934 INFO::Fitting model to feature number 1779, semibin_ERR6243877.15_sub
2025-11-26 18:19:21.879357 INFO::Fitting model to feature number 1780, metabat_SRR13022456.2
2025-11-26 18:19:21.902638 INFO::Fitting model to feature number 1781, semibin_SRR16168938.32
2025-11-26 18:19:21.929132 INFO::Fitting model to feature number 1782, metabat_ERR6279629.12_sub
2025-11-26 18:19:21.95396 INFO::Fitting model to feature number 1783, semibin_ERR12405932.31
2025-11-26 18:19:21.998284 INFO::Fitting model to feature number 1784, metabat_ERR12405960.21
2025-11-26 18:19:22.023561 INFO::Fitting model to feature number 1785, semibin_ERR12405916.3
2025-11-26 18:19:22.046311 INFO::Fitting model to feature number 1786, semibin_SRR5930527.76
2025-11-26 18:19:22.070598 INFO::Fitting model to feature number 1787, metabat_ERR6254871.61
2025-11-26 18:19:22.094139 INFO::Fitting model to feature number 1788, semibin_ERR12405995.25
2025-11-26 18:19:22.118256 INFO::Fitting model to feature number 1789, semibin_ERR6279671.28_sub
2025-11-26 18:19:22.141629 INFO::Fitting model to feature number 1790, metabat_SRR11413610.65_sub
2025-11-26 18:19:22.165032 INFO::Fitting model to feature number 1791, metabat_SRR23364176.34
2025-11-26 18:19:22.189425 INFO::Fitting model to feature number 1792, metabat_SRR16168940.14
2025-11-26 18:19:22.212584 INFO::Fitting model to feature number 1793, semibin_SRR5930527.83_sub
2025-11-26 18:19:22.236488 INFO::Fitting model to feature number 1794, metabat_SRR16554758.22
2025-11-26 18:19:22.259308 INFO::Fitting model to feature number 1795, semibin_SRR13022263.2
2025-11-26 18:19:22.284227 INFO::Fitting model to feature number 1796, semibin_ERR6279669.31_sub
2025-11-26 18:19:22.307767 INFO::Fitting model to feature number 1797, metabat_ERR12405932.24
2025-11-26 18:19:22.330009 INFO::Fitting model to feature number 1798, maxbin_SRR13068819.002
2025-11-26 18:19:22.354129 INFO::Fitting model to feature number 1799, semibin_ERR12405955.60
2025-11-26 18:19:22.377991 INFO::Fitting model to feature number 1800, metabat_ERR12406013.34
2025-11-26 18:19:22.402586 INFO::Fitting model to feature number 1801, semibin_SRR11413614.5_sub
2025-11-26 18:19:22.425789 INFO::Fitting model to feature number 1802, semibin_SRR16554651.34_sub
2025-11-26 18:19:22.450024 INFO::Fitting model to feature number 1803, semibin_ERR12405970.21
2025-11-26 18:19:22.47278 INFO::Fitting model to feature number 1804, metabat_ERR12405928.43
2025-11-26 18:19:22.496634 INFO::Fitting model to feature number 1805, metabat_ERR6279670.21
2025-11-26 18:19:22.520522 INFO::Fitting model to feature number 1806, semibin_SRR11413606.86
2025-11-26 18:19:22.543698 INFO::Fitting model to feature number 1807, semibin_ERR6275666.75
2025-11-26 18:19:22.567572 INFO::Fitting model to feature number 1808, metabat_ERR12405931.15
2025-11-26 18:19:22.591293 INFO::Fitting model to feature number 1809, maxbin_SRR16554647.016
2025-11-26 18:19:22.634176 INFO::Fitting model to feature number 1810, semibin_ERR6281341.23_sub
2025-11-26 18:19:22.659163 INFO::Fitting model to feature number 1811, maxbin_SRR5930529.037
2025-11-26 18:19:22.682794 INFO::Fitting model to feature number 1812, maxbin_SRR11413678.048
2025-11-26 18:19:22.706383 INFO::Fitting model to feature number 1813, maxbin_SRR16168918.066
2025-11-26 18:19:22.729981 INFO::Fitting model to feature number 1814, semibin_SRR16168940.27
2025-11-26 18:19:22.753969 INFO::Fitting model to feature number 1815, semibin_SRR13068843.62_sub
2025-11-26 18:19:22.777894 INFO::Fitting model to feature number 1816, metabat_ERR12405955.28
2025-11-26 18:19:22.801774 INFO::Fitting model to feature number 1817, semibin_ERR6279626.1
2025-11-26 18:19:22.825943 INFO::Fitting model to feature number 1818, metabat_ERR12406004.16
2025-11-26 18:19:22.849599 INFO::Fitting model to feature number 1819, semibin_SRR6000901.38
2025-11-26 18:19:22.873099 INFO::Fitting model to feature number 1820, metabat_ERR12405984.37
2025-11-26 18:19:22.897165 INFO::Fitting model to feature number 1821, semibin_ERR12405961.52
2025-11-26 18:19:22.920193 INFO::Fitting model to feature number 1822, semibin_SRR11413619.8_sub
2025-11-26 18:19:22.945045 INFO::Fitting model to feature number 1823, metabat_ERR12405961.39_sub
2025-11-26 18:19:22.968461 INFO::Fitting model to feature number 1824, semibin_ERR12405955.23_sub
2025-11-26 18:19:22.992871 INFO::Fitting model to feature number 1825, semibin_ERR12405994.32
2025-11-26 18:19:23.017036 INFO::Fitting model to feature number 1826, semibin_ERR6279628.51
2025-11-26 18:19:23.041014 INFO::Fitting model to feature number 1827, metabat_ERR6275673.75
2025-11-26 18:19:23.064969 INFO::Fitting model to feature number 1828, metabat_ERR12405915.31
2025-11-26 18:19:23.088185 INFO::Fitting model to feature number 1829, metabat_SRR11413690.18
2025-11-26 18:19:23.112649 INFO::Fitting model to feature number 1830, maxbin_SRR11413645.052
2025-11-26 18:19:23.135672 INFO::Fitting model to feature number 1831, semibin_SRR20881974.45_sub
2025-11-26 18:19:23.159503 INFO::Fitting model to feature number 1832, semibin_ERR6279669.43
2025-11-26 18:19:23.187184 INFO::Fitting model to feature number 1833, semibin_SRR16554684.32
2025-11-26 18:19:23.21577 INFO::Fitting model to feature number 1834, semibin_ERR6275674.52
2025-11-26 18:19:23.238722 INFO::Fitting model to feature number 1835, maxbin_ERR6229432.012
2025-11-26 18:19:23.280961 INFO::Fitting model to feature number 1836, semibin_ERR6282137.80
2025-11-26 18:19:23.310522 INFO::Fitting model to feature number 1837, metabat_SRR16554632.20
2025-11-26 18:19:23.332806 INFO::Fitting model to feature number 1838, metabat_SRR16554769.2
2025-11-26 18:19:23.354486 INFO::Fitting model to feature number 1839, maxbin_SRR13068818.027_sub
2025-11-26 18:19:23.380425 INFO::Fitting model to feature number 1840, semibin_ERR12405939.30
2025-11-26 18:19:23.403157 INFO::Fitting model to feature number 1841, semibin_ERR12405928.58
2025-11-26 18:19:23.427672 INFO::Fitting model to feature number 1842, semibin_SRR8387683.34_sub
2025-11-26 18:19:23.45091 INFO::Fitting model to feature number 1843, metabat_ERR12405935.40
2025-11-26 18:19:23.47525 INFO::Fitting model to feature number 1844, maxbin_ERR6281434.009_sub
2025-11-26 18:19:23.499695 INFO::Fitting model to feature number 1845, semibin_SRR5930520.204
2025-11-26 18:19:23.523417 INFO::Fitting model to feature number 1846, metabat_ERR12406003.35
2025-11-26 18:19:23.547799 INFO::Fitting model to feature number 1847, metabat_ERR12405911.15
2025-11-26 18:19:23.570611 INFO::Fitting model to feature number 1848, maxbin_SRR5930520.011
2025-11-26 18:19:23.59579 INFO::Fitting model to feature number 1849, semibin_ERR12405987.20
2025-11-26 18:19:23.618413 INFO::Fitting model to feature number 1850, metabat_SRR11413653.56
2025-11-26 18:19:23.643122 INFO::Fitting model to feature number 1851, metabat_SRR16554660.42
2025-11-26 18:19:23.66589 INFO::Fitting model to feature number 1852, metabat_ERR6281500.32
2025-11-26 18:19:23.690491 INFO::Fitting model to feature number 1853, metabat_SRR20881978.1_sub
2025-11-26 18:19:23.713146 INFO::Fitting model to feature number 1854, metabat_SRR16554641.12
2025-11-26 18:19:23.737468 INFO::Fitting model to feature number 1855, semibin_SRR11413652.9_sub
2025-11-26 18:19:23.761467 INFO::Fitting model to feature number 1856, semibin_ERR6279676.74
2025-11-26 18:19:23.785042 INFO::Fitting model to feature number 1857, maxbin_SRR23364170.010_sub
2025-11-26 18:19:23.808459 INFO::Fitting model to feature number 1858, metabat_ERR12405943.30
2025-11-26 18:19:23.831511 INFO::Fitting model to feature number 1859, maxbin_ERR12405934.015_sub
2025-11-26 18:19:23.855326 INFO::Fitting model to feature number 1860, metabat_ERR6275668.55
2025-11-26 18:19:23.878132 INFO::Fitting model to feature number 1861, maxbin_ERR6232527.010
2025-11-26 18:19:23.9027 INFO::Fitting model to feature number 1862, metabat_SRR13068815.13_sub
2025-11-26 18:19:23.946002 INFO::Fitting model to feature number 1863, semibin_SRR11413678.51
2025-11-26 18:19:23.969005 INFO::Fitting model to feature number 1864, semibin_SRR16554777.37
2025-11-26 18:19:23.992853 INFO::Fitting model to feature number 1865, metabat_ERR12405973.26
2025-11-26 18:19:24.016245 INFO::Fitting model to feature number 1866, metabat_SRR25825514.34
2025-11-26 18:19:24.040038 INFO::Fitting model to feature number 1867, metabat_ERR12406004.31
2025-11-26 18:19:24.064181 INFO::Fitting model to feature number 1868, semibin_SRR25825501.28
2025-11-26 18:19:24.087091 INFO::Fitting model to feature number 1869, maxbin_SRR25825518.017_sub
2025-11-26 18:19:24.111294 INFO::Fitting model to feature number 1870, maxbin_SRR16554626.019
2025-11-26 18:19:24.134239 INFO::Fitting model to feature number 1871, metabat_SRR20881983.76
2025-11-26 18:19:24.158605 INFO::Fitting model to feature number 1872, metabat_SRR11413618.92
2025-11-26 18:19:24.18184 INFO::Fitting model to feature number 1873, semibin_ERR6229432.4
2025-11-26 18:19:24.20549 INFO::Fitting model to feature number 1874, semibin_SRR5930512.42
2025-11-26 18:19:24.229064 INFO::Fitting model to feature number 1875, metabat_ERR6232527.17
2025-11-26 18:19:24.252561 INFO::Fitting model to feature number 1876, semibin_SRR5930528.78
2025-11-26 18:19:24.285568 INFO::Fitting model to feature number 1877, semibin_SRR20881987.22
2025-11-26 18:19:24.309645 INFO::Fitting model to feature number 1878, maxbin_ERR6275677.011
2025-11-26 18:19:24.333758 INFO::Fitting model to feature number 1879, metabat_SRR25825494.21
2025-11-26 18:19:24.358229 INFO::Fitting model to feature number 1880, metabat_SRR6000920.5_sub
2025-11-26 18:19:24.384437 INFO::Fitting model to feature number 1881, semibin_ERR12405944.21
2025-11-26 18:19:24.407226 INFO::Fitting model to feature number 1882, semibin_SRR6000908.41
2025-11-26 18:19:24.4315 INFO::Fitting model to feature number 1883, metabat_ERR6279625.50
2025-11-26 18:19:24.454246 INFO::Fitting model to feature number 1884, metabat_SRR16554769.49
2025-11-26 18:19:24.479483 INFO::Fitting model to feature number 1885, semibin_SRR13068843.26
2025-11-26 18:19:24.501382 INFO::Fitting model to feature number 1886, metabat_ERR6280899.67
2025-11-26 18:19:24.527235 INFO::Fitting model to feature number 1887, maxbin_SRR11413648.031
2025-11-26 18:19:24.549718 INFO::Fitting model to feature number 1888, semibin_ERR6280899.10
2025-11-26 18:19:24.592278 INFO::Fitting model to feature number 1889, maxbin_ERR12406003.003_sub
2025-11-26 18:19:24.617301 INFO::Fitting model to feature number 1890, semibin_ERR12405955.68
2025-11-26 18:19:24.640404 INFO::Fitting model to feature number 1891, metabat_ERR6281997.12
2025-11-26 18:19:24.664886 INFO::Fitting model to feature number 1892, metabat_SRR16168986.30_sub
2025-11-26 18:19:24.687868 INFO::Fitting model to feature number 1893, semibin_SRR5930495.18
2025-11-26 18:19:24.712363 INFO::Fitting model to feature number 1894, metabat_SRR11413654.79
2025-11-26 18:19:24.737468 INFO::Fitting model to feature number 1895, metabat_SRR13068843.10_sub
2025-11-26 18:19:24.764214 INFO::Fitting model to feature number 1896, metabat_ERR12405917.24
2025-11-26 18:19:24.789212 INFO::Fitting model to feature number 1897, semibin_ERR12405943.65
2025-11-26 18:19:24.81252 INFO::Fitting model to feature number 1898, metabat_SRR13068823.23
2025-11-26 18:19:24.836756 INFO::Fitting model to feature number 1899, metabat_SRR23364198.6
2025-11-26 18:19:24.860859 INFO::Fitting model to feature number 1900, semibin_ERR12405966.20
2025-11-26 18:19:24.884971 INFO::Fitting model to feature number 1901, metabat_SRR20881981.60
2025-11-26 18:19:24.908028 INFO::Fitting model to feature number 1902, metabat_ERR12405985.42
2025-11-26 18:19:24.931339 INFO::Fitting model to feature number 1903, metabat_ERR12405979.23
2025-11-26 18:19:24.955759 INFO::Fitting model to feature number 1904, semibin_SRR11413646.12
2025-11-26 18:19:24.979721 INFO::Fitting model to feature number 1905, semibin_SRR5930527.114
2025-11-26 18:19:25.00523 INFO::Fitting model to feature number 1906, semibin_SRR25825500.66
2025-11-26 18:19:25.029403 INFO::Fitting model to feature number 1907, metabat_ERR6275666.22_sub
2025-11-26 18:19:25.0532 INFO::Fitting model to feature number 1908, semibin_ERR6279672.47
2025-11-26 18:19:25.077513 INFO::Fitting model to feature number 1909, metabat_SRR25825503.7
2025-11-26 18:19:25.101753 INFO::Fitting model to feature number 1910, semibin_ERR6275663.61
2025-11-26 18:19:25.125614 INFO::Fitting model to feature number 1911, semibin_SRR5930522.7_sub
2025-11-26 18:19:25.149781 INFO::Fitting model to feature number 1912, maxbin_ERR12405990.012
2025-11-26 18:19:25.174232 INFO::Fitting model to feature number 1913, semibin_SRR5930504.70
2025-11-26 18:19:25.197318 INFO::Fitting model to feature number 1914, semibin_SRR11413654.127
2025-11-26 18:19:25.221609 INFO::Fitting model to feature number 1915, metabat_ERR6275652.28
2025-11-26 18:19:25.265041 INFO::Fitting model to feature number 1916, semibin_SRR5930495.0_sub
2025-11-26 18:19:25.292505 INFO::Fitting model to feature number 1917, metabat_SRR16554726.7
2025-11-26 18:19:25.319008 INFO::Fitting model to feature number 1918, maxbin_ERR12405920.014
2025-11-26 18:19:25.350024 INFO::Fitting model to feature number 1919, metabat_ERR12405918.6_sub
2025-11-26 18:19:25.374841 INFO::Fitting model to feature number 1920, metabat_ERR12405929.15
2025-11-26 18:19:25.399192 INFO::Fitting model to feature number 1921, semibin_ERR12405961.53
2025-11-26 18:19:25.422882 INFO::Fitting model to feature number 1922, semibin_ERR12406002.26_sub
2025-11-26 18:19:25.447098 INFO::Fitting model to feature number 1923, semibin_SRR8387679.0
2025-11-26 18:19:25.470233 INFO::Fitting model to feature number 1924, semibin_SRR5930498.39
2025-11-26 18:19:25.495198 INFO::Fitting model to feature number 1925, metabat_ERR12405963.36_sub
2025-11-26 18:19:25.518238 INFO::Fitting model to feature number 1926, metabat_ERR6282383.84
2025-11-26 18:19:25.542603 INFO::Fitting model to feature number 1927, semibin_ERR12405928.10
2025-11-26 18:19:25.565666 INFO::Fitting model to feature number 1928, metabat_SRR11413692.37
2025-11-26 18:19:25.590055 INFO::Fitting model to feature number 1929, metabat_ERR12405987.26
2025-11-26 18:19:25.613724 INFO::Fitting model to feature number 1930, semibin_ERR12406002.24
2025-11-26 18:19:25.63817 INFO::Fitting model to feature number 1931, semibin_SRR5930494.87
2025-11-26 18:19:25.661378 INFO::Fitting model to feature number 1932, semibin_SRR6000931.41
2025-11-26 18:19:25.686115 INFO::Fitting model to feature number 1933, semibin_ERR12405935.39
2025-11-26 18:19:25.70969 INFO::Fitting model to feature number 1934, metabat_ERR12406000.9
2025-11-26 18:19:25.733366 INFO::Fitting model to feature number 1935, semibin_SRR16554647.36
2025-11-26 18:19:25.756999 INFO::Fitting model to feature number 1936, metabat_ERR6279629.17_sub
2025-11-26 18:19:25.780995 INFO::Fitting model to feature number 1937, metabat_SRR13022269.5
2025-11-26 18:19:25.804883 INFO::Fitting model to feature number 1938, semibin_ERR12405998.40
2025-11-26 18:19:25.827763 INFO::Fitting model to feature number 1939, metabat_ERR12405942.50
2025-11-26 18:19:25.851915 INFO::Fitting model to feature number 1940, metabat_ERR12405928.45
2025-11-26 18:19:25.875058 INFO::Fitting model to feature number 1941, metabat_SRR25825510.14_sub
2025-11-26 18:19:25.916122 INFO::Fitting model to feature number 1942, semibin_SRR11413615.16
2025-11-26 18:19:25.938042 INFO::Fitting model to feature number 1943, semibin_ERR12405937.46
2025-11-26 18:19:25.962586 INFO::Fitting model to feature number 1944, metabat_ERR12405946.17
2025-11-26 18:19:25.985162 INFO::Fitting model to feature number 1945, metabat_ERR12405992.3
2025-11-26 18:19:26.008901 INFO::Fitting model to feature number 1946, semibin_SRR5930536.78
2025-11-26 18:19:26.031866 INFO::Fitting model to feature number 1947, semibin_ERR12405912.84
2025-11-26 18:19:26.055657 INFO::Fitting model to feature number 1948, metabat_SRR5930501.36
2025-11-26 18:19:26.079434 INFO::Fitting model to feature number 1949, semibin_ERR12405968.12
2025-11-26 18:19:26.103906 INFO::Fitting model to feature number 1950, semibin_SRR11413611.51_sub
2025-11-26 18:19:26.131564 INFO::Fitting model to feature number 1951, semibin_ERR12405928.62
2025-11-26 18:19:26.155988 INFO::Fitting model to feature number 1952, maxbin_ERR12406012.018
2025-11-26 18:19:26.181865 INFO::Fitting model to feature number 1953, maxbin_SRR16554666.026
2025-11-26 18:19:26.205321 INFO::Fitting model to feature number 1954, metabat_ERR12405927.14
2025-11-26 18:19:26.230661 INFO::Fitting model to feature number 1955, metabat_SRR11413613.46
2025-11-26 18:19:26.255313 INFO::Fitting model to feature number 1956, metabat_SRR20881980.24_sub
2025-11-26 18:19:26.281776 INFO::Fitting model to feature number 1957, maxbin_SRR16554627.030_sub
2025-11-26 18:19:26.307022 INFO::Fitting model to feature number 1958, metabat_SRR25825519.12_sub
2025-11-26 18:19:26.330355 INFO::Fitting model to feature number 1959, semibin_SRR5930528.83_sub
2025-11-26 18:19:26.355169 INFO::Fitting model to feature number 1960, metabat_SRR23364199.7
2025-11-26 18:19:26.378898 INFO::Fitting model to feature number 1961, semibin_SRR20881977.6
2025-11-26 18:19:26.402392 INFO::Fitting model to feature number 1962, semibin_ERR12405915.19
2025-11-26 18:19:26.426327 INFO::Fitting model to feature number 1963, semibin_ERR12405955.2
2025-11-26 18:19:26.449516 INFO::Fitting model to feature number 1964, semibin_ERR12405963.29
2025-11-26 18:19:26.474344 INFO::Fitting model to feature number 1965, metabat_SRR11413649.70
2025-11-26 18:19:26.49683 INFO::Fitting model to feature number 1966, semibin_ERR12405923.34
2025-11-26 18:19:26.522982 INFO::Fitting model to feature number 1967, semibin_ERR6275675.39_sub
2025-11-26 18:19:26.569011 INFO::Fitting model to feature number 1968, semibin_SRR16168943.33
2025-11-26 18:19:26.596978 INFO::Fitting model to feature number 1969, metabat_ERR6281518.75
2025-11-26 18:19:26.624805 INFO::Fitting model to feature number 1970, metabat_ERR6280907.74
2025-11-26 18:19:26.648562 INFO::Fitting model to feature number 1971, metabat_SRR5930526.94
2025-11-26 18:19:26.674062 INFO::Fitting model to feature number 1972, semibin_SRR5930536.22
2025-11-26 18:19:26.696848 INFO::Fitting model to feature number 1973, metabat_ERR6281518.71
2025-11-26 18:19:26.721485 INFO::Fitting model to feature number 1974, metabat_SRR25825519.52
2025-11-26 18:19:26.74472 INFO::Fitting model to feature number 1975, semibin_ERR12405913.25
2025-11-26 18:19:26.769018 INFO::Fitting model to feature number 1976, metabat_ERR12405910.22_sub
2025-11-26 18:19:26.792283 INFO::Fitting model to feature number 1977, metabat_SRR23364199.53_sub
2025-11-26 18:19:26.816915 INFO::Fitting model to feature number 1978, semibin_ERR12405957.24
2025-11-26 18:19:26.840465 INFO::Fitting model to feature number 1979, metabat_SRR8387676.9
2025-11-26 18:19:26.86408 INFO::Fitting model to feature number 1980, metabat_SRR11413657.85
2025-11-26 18:19:26.888655 INFO::Fitting model to feature number 1981, semibin_ERR12405997.23
2025-11-26 18:19:26.912194 INFO::Fitting model to feature number 1982, metabat_ERR12405965.8
2025-11-26 18:19:26.93615 INFO::Fitting model to feature number 1983, metabat_SRR16554660.26
2025-11-26 18:19:26.960461 INFO::Fitting model to feature number 1984, semibin_SRR11413613.8
2025-11-26 18:19:26.984367 INFO::Fitting model to feature number 1985, semibin_ERR6279657.67
2025-11-26 18:19:27.008395 INFO::Fitting model to feature number 1986, metabat_ERR12405994.10
2025-11-26 18:19:27.032058 INFO::Fitting model to feature number 1987, semibin_SRR8387677.38
2025-11-26 18:19:27.055384 INFO::Fitting model to feature number 1988, semibin_SRR11413685.32
2025-11-26 18:19:27.07944 INFO::Fitting model to feature number 1989, metabat_SRR16168942.20
2025-11-26 18:19:27.103387 INFO::Fitting model to feature number 1990, metabat_SRR13068825.48
2025-11-26 18:19:27.127249 INFO::Fitting model to feature number 1991, metabat_ERR12405919.8
2025-11-26 18:19:27.150875 INFO::Fitting model to feature number 1992, semibin_ERR12405952.30
2025-11-26 18:19:27.175447 INFO::Fitting model to feature number 1993, semibin_ERR12405980.54
2025-11-26 18:19:27.19837 INFO::Fitting model to feature number 1994, metabat_SRR16168920.6
2025-11-26 18:19:27.241367 INFO::Fitting model to feature number 1995, maxbin_ERR12406009.012
2025-11-26 18:19:27.26553 INFO::Fitting model to feature number 1996, semibin_ERR12405912.18
2025-11-26 18:19:27.288688 INFO::Fitting model to feature number 1997, metabat_SRR16168896.21
2025-11-26 18:19:27.313206 INFO::Fitting model to feature number 1998, semibin_SRR11413610.61
2025-11-26 18:19:27.339139 INFO::Fitting model to feature number 1999, maxbin_ERR6275652.027
2025-11-26 18:19:27.363659 INFO::Fitting model to feature number 2000, metabat_ERR12405943.45
2025-11-26 18:19:27.38956 INFO::Fitting model to feature number 2001, semibin_ERR12406001.7
2025-11-26 18:19:27.412743 INFO::Fitting model to feature number 2002, metabat_ERR6232524.25
2025-11-26 18:19:27.444144 INFO::Fitting model to feature number 2003, maxbin_SRR25825506.019
2025-11-26 18:19:27.468606 INFO::Fitting model to feature number 2004, semibin_SRR5930507.107
2025-11-26 18:19:27.495578 INFO::Fitting model to feature number 2005, metabat_ERR12405933.25
2025-11-26 18:19:27.518516 INFO::Fitting model to feature number 2006, maxbin_SRR5930504.041
2025-11-26 18:19:27.543441 INFO::Fitting model to feature number 2007, maxbin_ERR12405998.015
2025-11-26 18:19:27.566433 INFO::Fitting model to feature number 2008, metabat_ERR12406005.5
2025-11-26 18:19:27.592846 INFO::Fitting model to feature number 2009, maxbin_ERR12405997.011
2025-11-26 18:19:27.615987 INFO::Fitting model to feature number 2010, maxbin_SRR5930528.038
2025-11-26 18:19:27.642202 INFO::Fitting model to feature number 2011, metabat_ERR12406008.18
2025-11-26 18:19:27.664893 INFO::Fitting model to feature number 2012, semibin_ERR6279669.21
2025-11-26 18:19:27.689143 INFO::Fitting model to feature number 2013, semibin_SRR5930495.69
2025-11-26 18:19:27.712221 INFO::Fitting model to feature number 2014, semibin_SRR8387677.31
2025-11-26 18:19:27.738566 INFO::Fitting model to feature number 2015, metabat_ERR6264281.18_sub
2025-11-26 18:19:27.761659 INFO::Fitting model to feature number 2016, semibin_ERR12405984.16
2025-11-26 18:19:27.787194 INFO::Fitting model to feature number 2017, semibin_SRR23364216.26
2025-11-26 18:19:27.810632 INFO::Fitting model to feature number 2018, metabat_ERR12406000.18
2025-11-26 18:19:27.834464 INFO::Fitting model to feature number 2019, metabat_ERR12405955.3
2025-11-26 18:19:27.857647 INFO::Fitting model to feature number 2020, semibin_SRR23364199.80
2025-11-26 18:19:27.899056 INFO::Fitting model to feature number 2021, metabat_SRR16554636.13
2025-11-26 18:19:27.922956 INFO::Fitting model to feature number 2022, maxbin_ERR12405979.016
2025-11-26 18:19:27.946601 INFO::Fitting model to feature number 2023, semibin_SRR20881979.96_sub
2025-11-26 18:19:27.969175 INFO::Fitting model to feature number 2024, metabat_ERR6279671.9
2025-11-26 18:19:27.99368 INFO::Fitting model to feature number 2025, metabat_ERR6281518.6_sub
2025-11-26 18:19:28.016032 INFO::Fitting model to feature number 2026, maxbin_SRR11413679.051_sub
2025-11-26 18:19:28.040333 INFO::Fitting model to feature number 2027, metabat_ERR12406010.8_sub
2025-11-26 18:19:28.063215 INFO::Fitting model to feature number 2028, semibin_ERR12405965.36
2025-11-26 18:19:28.087545 INFO::Fitting model to feature number 2029, metabat_ERR12405920.23
2025-11-26 18:19:28.11111 INFO::Fitting model to feature number 2030, metabat_SRR6000905.63
2025-11-26 18:19:28.135921 INFO::Fitting model to feature number 2031, maxbin_ERR12405998.009
2025-11-26 18:19:28.159804 INFO::Fitting model to feature number 2032, semibin_SRR11413613.4
2025-11-26 18:19:28.184161 INFO::Fitting model to feature number 2033, semibin_SRR13022461.32
2025-11-26 18:19:28.208577 INFO::Fitting model to feature number 2034, semibin_SRR20881987.45
2025-11-26 18:19:28.231835 INFO::Fitting model to feature number 2035, semibin_ERR6281658.34
2025-11-26 18:19:28.256261 INFO::Fitting model to feature number 2036, semibin_SRR5930498.22
2025-11-26 18:19:28.282674 INFO::Fitting model to feature number 2037, metabat_SRR11413645.9
2025-11-26 18:19:28.308041 INFO::Fitting model to feature number 2038, semibin_ERR12405950.25
2025-11-26 18:19:28.331568 INFO::Fitting model to feature number 2039, semibin_ERR6280899.75
2025-11-26 18:19:28.355875 INFO::Fitting model to feature number 2040, metabat_SRR5930506.18
2025-11-26 18:19:28.378918 INFO::Fitting model to feature number 2041, maxbin_SRR13068851.002
2025-11-26 18:19:28.402565 INFO::Fitting model to feature number 2042, metabat_ERR12405917.17
2025-11-26 18:19:28.42574 INFO::Fitting model to feature number 2043, maxbin_ERR12405976.001
2025-11-26 18:19:28.449375 INFO::Fitting model to feature number 2044, metabat_SRR20881981.63
2025-11-26 18:19:28.472957 INFO::Fitting model to feature number 2045, metabat_SRR5930529.63_sub
2025-11-26 18:19:28.496938 INFO::Fitting model to feature number 2046, semibin_SRR13068843.2
2025-11-26 18:19:28.521387 INFO::Fitting model to feature number 2047, metabat_SRR23364176.32
2025-11-26 18:19:28.564599 INFO::Fitting model to feature number 2048, metabat_SRR20881981.9
2025-11-26 18:19:28.587249 INFO::Fitting model to feature number 2049, metabat_SRR16168913.43
2025-11-26 18:19:28.612114 INFO::Fitting model to feature number 2050, maxbin_SRR23364176.009
2025-11-26 18:19:28.635255 INFO::Fitting model to feature number 2051, maxbin_ERR12406003.027
2025-11-26 18:19:28.659994 INFO::Fitting model to feature number 2052, maxbin_ERR12406003.020
2025-11-26 18:19:28.684152 INFO::Fitting model to feature number 2053, maxbin_SRR11413612.006
2025-11-26 18:19:28.708669 INFO::Fitting model to feature number 2054, semibin_ERR6279673.45
2025-11-26 18:19:28.733165 INFO::Fitting model to feature number 2055, semibin_ERR6275674.36_sub
2025-11-26 18:19:28.75698 INFO::Fitting model to feature number 2056, semibin_SRR5930498.76
2025-11-26 18:19:28.782707 INFO::Fitting model to feature number 2057, metabat_SRR11413657.66_sub
2025-11-26 18:19:28.807655 INFO::Fitting model to feature number 2058, semibin_SRR23364235.52
2025-11-26 18:19:28.833072 INFO::Fitting model to feature number 2059, semibin_ERR12405979.21
2025-11-26 18:19:28.855996 INFO::Fitting model to feature number 2060, metabat_SRR20881985.70
2025-11-26 18:19:28.880889 INFO::Fitting model to feature number 2061, semibin_ERR12405960.30
2025-11-26 18:19:28.90583 INFO::Fitting model to feature number 2062, semibin_ERR6279655.13
2025-11-26 18:19:28.929388 INFO::Fitting model to feature number 2063, metabat_ERR12405995.18
2025-11-26 18:19:28.954739 INFO::Fitting model to feature number 2064, semibin_SRR20881978.50
2025-11-26 18:19:28.977751 INFO::Fitting model to feature number 2065, semibin_ERR12405928.72
2025-11-26 18:19:29.002879 INFO::Fitting model to feature number 2066, maxbin_SRR5930520.048_sub
2025-11-26 18:19:29.025367 INFO::Fitting model to feature number 2067, semibin_SRR20881974.54
2025-11-26 18:19:29.059633 INFO::Fitting model to feature number 2068, maxbin_ERR12405967.002_sub
2025-11-26 18:19:29.089823 INFO::Fitting model to feature number 2069, maxbin_SRR8387712.022
2025-11-26 18:19:29.113646 INFO::Fitting model to feature number 2070, metabat_ERR12405965.31_sub
2025-11-26 18:19:29.141446 INFO::Fitting model to feature number 2071, metabat_SRR25825514.3
2025-11-26 18:19:29.165691 INFO::Fitting model to feature number 2072, metabat_SRR5930498.62
2025-11-26 18:19:29.193228 INFO::Fitting model to feature number 2073, semibin_SRR23364189.47
2025-11-26 18:19:29.237106 INFO::Fitting model to feature number 2074, semibin_SRR11413646.13
2025-11-26 18:19:29.262281 INFO::Fitting model to feature number 2075, maxbin_SRR11413681.026
2025-11-26 18:19:29.291114 INFO::Fitting model to feature number 2076, semibin_ERR12406012.38
2025-11-26 18:19:29.314604 INFO::Fitting model to feature number 2077, metabat_SRR5930528.90
2025-11-26 18:19:29.339964 INFO::Fitting model to feature number 2078, metabat_ERR12405943.50_sub
2025-11-26 18:19:29.362879 INFO::Fitting model to feature number 2079, semibin_ERR6275673.30
2025-11-26 18:19:29.386373 INFO::Fitting model to feature number 2080, semibin_ERR6279655.27
2025-11-26 18:19:29.410307 INFO::Fitting model to feature number 2081, maxbin_SRR11413611.022
2025-11-26 18:19:29.433697 INFO::Fitting model to feature number 2082, maxbin_SRR13022303.020_sub
2025-11-26 18:19:29.458163 INFO::Fitting model to feature number 2083, metabat_ERR12405953.12
2025-11-26 18:19:29.481089 INFO::Fitting model to feature number 2084, semibin_SRR5930516.224
2025-11-26 18:19:29.50536 INFO::Fitting model to feature number 2085, semibin_SRR20881981.27
2025-11-26 18:19:29.528152 INFO::Fitting model to feature number 2086, semibin_SRR13068823.89
2025-11-26 18:19:29.553045 INFO::Fitting model to feature number 2087, semibin_SRR11413608.76
2025-11-26 18:19:29.575516 INFO::Fitting model to feature number 2088, metabat_ERR12405947.20
2025-11-26 18:19:29.600351 INFO::Fitting model to feature number 2089, semibin_ERR6281341.3
2025-11-26 18:19:29.623001 INFO::Fitting model to feature number 2090, metabat_ERR12405973.8
2025-11-26 18:19:29.648255 INFO::Fitting model to feature number 2091, metabat_ERR6281432.10
2025-11-26 18:19:29.671183 INFO::Fitting model to feature number 2092, maxbin_SRR20881983.029
2025-11-26 18:19:29.694962 INFO::Fitting model to feature number 2093, semibin_ERR12406012.20
2025-11-26 18:19:29.718298 INFO::Fitting model to feature number 2094, semibin_ERR12405955.104
2025-11-26 18:19:29.741789 INFO::Fitting model to feature number 2095, metabat_SRR20881987.24
2025-11-26 18:19:29.765168 INFO::Fitting model to feature number 2096, semibin_SRR13068835.82
2025-11-26 18:19:29.789283 INFO::Fitting model to feature number 2097, semibin_ERR12405943.66
2025-11-26 18:19:29.813417 INFO::Fitting model to feature number 2098, maxbin_ERR12405977.012
2025-11-26 18:19:29.837386 INFO::Fitting model to feature number 2099, metabat_ERR12405943.42
2025-11-26 18:19:29.880313 INFO::Fitting model to feature number 2100, semibin_SRR20881975.40
2025-11-26 18:19:29.904181 INFO::Fitting model to feature number 2101, metabat_ERR12405992.23
2025-11-26 18:19:29.927951 INFO::Fitting model to feature number 2102, metabat_SRR20881981.42_sub
2025-11-26 18:19:29.951939 INFO::Fitting model to feature number 2103, maxbin_ERR6281000.031_sub
2025-11-26 18:19:29.975639 INFO::Fitting model to feature number 2104, metabat_SRR16554766.44
2025-11-26 18:19:29.999921 INFO::Fitting model to feature number 2105, metabat_SRR11413683.15
2025-11-26 18:19:30.023053 INFO::Fitting model to feature number 2106, metabat_ERR12405953.24
2025-11-26 18:19:30.047045 INFO::Fitting model to feature number 2107, semibin_SRR23364230.9
2025-11-26 18:19:30.069848 INFO::Fitting model to feature number 2108, metabat_ERR12405979.19
2025-11-26 18:19:30.094307 INFO::Fitting model to feature number 2109, metabat_ERR12405923.2
2025-11-26 18:19:30.116609 INFO::Fitting model to feature number 2110, metabat_SRR11413618.19
2025-11-26 18:19:30.14153 INFO::Fitting model to feature number 2111, semibin_SRR5930527.26
2025-11-26 18:19:30.164076 INFO::Fitting model to feature number 2112, metabat_ERR12405911.29
2025-11-26 18:19:30.188811 INFO::Fitting model to feature number 2113, semibin_ERR12405976.10
2025-11-26 18:19:30.211696 INFO::Fitting model to feature number 2114, maxbin_ERR6281504.041_sub
2025-11-26 18:19:30.242778 INFO::Fitting model to feature number 2115, metabat_ERR12406003.28_sub
2025-11-26 18:19:30.266029 INFO::Fitting model to feature number 2116, metabat_SRR16554769.37
2025-11-26 18:19:30.297602 INFO::Fitting model to feature number 2117, metabat_ERR12405912.30_sub
2025-11-26 18:19:30.321282 INFO::Fitting model to feature number 2118, maxbin_ERR12405911.011
2025-11-26 18:19:30.345966 INFO::Fitting model to feature number 2119, maxbin_ERR6281518.058_sub
2025-11-26 18:19:30.369077 INFO::Fitting model to feature number 2120, maxbin_SRR5930506.023
2025-11-26 18:19:30.394289 INFO::Fitting model to feature number 2121, metabat_SRR8387676.31
2025-11-26 18:19:30.416644 INFO::Fitting model to feature number 2122, semibin_ERR12405963.23
2025-11-26 18:19:30.441137 INFO::Fitting model to feature number 2123, maxbin_ERR12406006.012
2025-11-26 18:19:30.46426 INFO::Fitting model to feature number 2124, maxbin_ERR12405931.009
2025-11-26 18:19:30.487452 INFO::Fitting model to feature number 2125, semibin_SRR23364187.35
2025-11-26 18:19:30.51129 INFO::Fitting model to feature number 2126, metabat_ERR12405976.45
2025-11-26 18:19:30.553291 INFO::Fitting model to feature number 2127, metabat_ERR12405971.14
2025-11-26 18:19:30.576959 INFO::Fitting model to feature number 2128, semibin_SRR5930528.70_sub
2025-11-26 18:19:30.601748 INFO::Fitting model to feature number 2129, metabat_ERR12405959.26
2025-11-26 18:19:30.629355 INFO::Fitting model to feature number 2130, semibin_SRR23364231.47
2025-11-26 18:19:30.654845 INFO::Fitting model to feature number 2131, maxbin_ERR12405938.012
2025-11-26 18:19:30.679288 INFO::Fitting model to feature number 2132, metabat_ERR12405980.6_sub
2025-11-26 18:19:30.70513 INFO::Fitting model to feature number 2133, metabat_SRR13022266.9
2025-11-26 18:19:30.728534 INFO::Fitting model to feature number 2134, metabat_ERR6275668.9_sub
2025-11-26 18:19:30.753659 INFO::Fitting model to feature number 2135, metabat_ERR12405976.15
2025-11-26 18:19:30.776784 INFO::Fitting model to feature number 2136, metabat_SRR20881986.19
2025-11-26 18:19:30.801689 INFO::Fitting model to feature number 2137, metabat_SRR8387710.39
2025-11-26 18:19:30.825022 INFO::Fitting model to feature number 2138, maxbin_ERR12405965.033_sub
2025-11-26 18:19:30.848869 INFO::Fitting model to feature number 2139, metabat_ERR12406000.1
2025-11-26 18:19:30.871736 INFO::Fitting model to feature number 2140, semibin_SRR5930503.28_sub
2025-11-26 18:19:30.896319 INFO::Fitting model to feature number 2141, metabat_ERR12405999.13
2025-11-26 18:19:30.919276 INFO::Fitting model to feature number 2142, semibin_SRR20881975.83
2025-11-26 18:19:30.94469 INFO::Fitting model to feature number 2143, metabat_SRR20881986.22
2025-11-26 18:19:30.967577 INFO::Fitting model to feature number 2144, semibin_ERR12405955.19
2025-11-26 18:19:30.992649 INFO::Fitting model to feature number 2145, metabat_SRR20881976.26_sub
2025-11-26 18:19:31.015185 INFO::Fitting model to feature number 2146, semibin_SRR23364231.57_sub
2025-11-26 18:19:31.046335 INFO::Fitting model to feature number 2147, metabat_SRR20881979.6
2025-11-26 18:19:31.069359 INFO::Fitting model to feature number 2148, metabat_SRR23364231.73
2025-11-26 18:19:31.096324 INFO::Fitting model to feature number 2149, metabat_SRR23364231.86
2025-11-26 18:19:31.118973 INFO::Fitting model to feature number 2150, maxbin_SRR23364230.029
2025-11-26 18:19:31.146418 INFO::Fitting model to feature number 2151, maxbin_SRR23364171.020
2025-11-26 18:19:31.169698 INFO::Fitting model to feature number 2152, semibin_SRR8387681.35_sub
2025-11-26 18:19:31.219121 INFO::Fitting model to feature number 2153, semibin_ERR12405974.62
2025-11-26 18:19:31.24433 INFO::Fitting model to feature number 2154, metabat_SRR20881981.57
2025-11-26 18:19:31.267468 INFO::Fitting model to feature number 2155, semibin_SRR20881985.101
2025-11-26 18:19:31.293323 INFO::Fitting model to feature number 2156, metabat_ERR12405938.21
2025-11-26 18:19:31.317148 INFO::Fitting model to feature number 2157, metabat_ERR12405991.8
2025-11-26 18:19:31.342963 INFO::Fitting model to feature number 2158, semibin_SRR23364187.33
2025-11-26 18:19:31.366256 INFO::Fitting model to feature number 2159, metabat_SRR20881988.20
2025-11-26 18:19:31.390524 INFO::Fitting model to feature number 2160, maxbin_SRR13068834.015_sub
2025-11-26 18:19:31.413274 INFO::Fitting model to feature number 2161, metabat_SRR23364171.73
2025-11-26 18:19:31.437449 INFO::Fitting model to feature number 2162, semibin_SRR5930494.98
2025-11-26 18:19:31.460357 INFO::Fitting model to feature number 2163, metabat_SRR23364197.35
2025-11-26 18:19:31.484583 INFO::Fitting model to feature number 2164, metabat_SRR20881975.20
2025-11-26 18:19:31.508065 INFO::Fitting model to feature number 2165, metabat_SRR23364187.7
2025-11-26 18:19:31.532581 INFO::Fitting model to feature number 2166, maxbin_SRR20881987.022
2025-11-26 18:19:31.556183 INFO::Fitting model to feature number 2167, semibin_SRR20881977.25_sub
2025-11-26 18:19:31.579835 INFO::Fitting model to feature number 2168, metabat_SRR23364230.26_sub
2025-11-26 18:19:31.77719 INFO::Counting total values for each feature
2025-11-26 18:19:31.907608 INFO::Writing filtered data to file results/12.Maaslin2_other_cancer_types_with_metadata_full/features/filtered_data.tsv
2025-11-26 18:19:31.997112 INFO::Writing filtered, normalized data to file results/12.Maaslin2_other_cancer_types_with_metadata_full/features/filtered_data_norm.tsv
2025-11-26 18:19:32.088 INFO::Writing filtered, normalized, transformed data to file results/12.Maaslin2_other_cancer_types_with_metadata_full/features/filtered_data_norm_transformed.tsv
2025-11-26 18:19:32.24869 INFO::Writing residuals to file results/12.Maaslin2_other_cancer_types_with_metadata_full/fits/residuals.rds
2025-11-26 18:19:32.862253 INFO::Writing fitted values to file results/12.Maaslin2_other_cancer_types_with_metadata_full/fits/fitted.rds
2025-11-26 18:19:32.958622 INFO::Writing extracted random effects to file results/12.Maaslin2_other_cancer_types_with_metadata_full/fits/ranef.rds
2025-11-26 18:19:32.962106 INFO::Writing all results to file (ordered by increasing q-values): results/12.Maaslin2_other_cancer_types_with_metadata_full/all_results.tsv
2025-11-26 18:19:32.981306 INFO::Writing the significant results (those which are less than or equal to the threshold of 0.250000 ) to file (ordered by increasing q-values): results/12.Maaslin2_other_cancer_types_with_metadata_full/significant_results.tsv
2025-11-26 18:19:32.981987 INFO::Writing association plots (one for each significant association) to output folder: results/12.Maaslin2_other_cancer_types_with_metadata_full
