feature	metadata	value	coef	stderr	N	N.not.0	pval	qval
semibin_ERR6279672.24	response	R	-0.751584821367624	0.189951828651032	352	55	9.21682816838723e-05	0.0355807002633303
semibin_SRR11413653.25	gender	male	0.954409203580967	0.28056017619139	352	101	0.00074771576289296	0.0355807002633303
metabat_ERR12405990.2	cancer_type	Other	0.747484790271652	0.199087760926433	352	58	0.000203552556648973	0.0355807002633303
maxbin_SRR13068842.057_sub	cancer_type	Other	0.542791215349597	0.160850472019476	352	50	0.000823120947641457	0.0355807002633303
maxbin_SRR13068842.057_sub	response	R	-0.612939823231508	0.147378783447012	352	50	4.03403101703266e-05	0.0355807002633303
semibin_ERR6279646.10	gender	male	0.381952054251811	0.113588057638339	352	75	0.000859524770637862	0.0355807002633303
semibin_SRR6000910.14	gender	male	0.410716105027273	0.113284163372059	352	74	0.000332199568274453	0.0355807002633303
semibin_SRR16554766.35_sub	gender	male	0.399722179238225	0.114707040885289	352	75	0.000556729406543505	0.0355807002633303
semibin_ERR6230326.3	gender	male	0.334960628268819	0.0992566895825353	352	70	0.000823832111285544	0.0355807002633303
semibin_SRR16168920.5_sub	gender	male	0.383922564123716	0.111171422773818	352	71	0.000623017142276153	0.0355807002633303
semibin_SRR25825499.11	gender	male	0.311913697806204	0.0909313468481208	352	67	0.000676885989094992	0.0355807002633303
semibin_SRR23364199.62	gender	male	0.365510421108306	0.104429392912039	352	68	0.000526687542571926	0.0355807002633303
semibin_SRR16168929.15_sub	gender	male	0.348656782242641	0.101285001767914	352	67	0.000648238942076946	0.0355807002633303
metabat_SRR6000947.37_sub	gender	male	0.333518648082978	0.0994825141443098	352	66	0.000890375926343938	0.0355807002633303
metabat_ERR6235716.8_sub	gender	male	0.281287330494414	0.0839420031881149	352	65	0.000895255076891795	0.0355807002633303
metabat_ERR6279615.15	gender	male	0.307480817009724	0.0910942454061116	352	67	0.000821739912582224	0.0355807002633303
semibin_SRR13068836.17_sub	gender	male	0.335054238980163	0.0988188312466052	352	66	0.000778966824329898	0.0355807002633303
semibin_ERR6279661.5	gender	male	0.331315279666297	0.0973184509704631	352	66	0.000741743334994608	0.0355807002633303
semibin_ERR6264281.7	gender	male	0.323363124970255	0.0965428586336675	352	65	0.000900107000709248	0.0355807002633303
semibin_SRR20881981.34	gender	male	0.361611304061322	0.100260625629848	352	68	0.00035628580671356	0.0355807002633303
semibin_ERR6279655.40	gender	male	0.336526796113482	0.0998929564537127	352	64	0.000840837863883815	0.0355807002633303
semibin_SRR11413688.2	gender	male	0.344739159735587	0.0987408927036859	352	67	0.000543565705091852	0.0355807002633303
semibin_SRR25825516.1	gender	male	0.351076433715347	0.100742690510261	352	67	0.000556410820852696	0.0355807002633303
semibin_SRR5930519.26	gender	male	0.390282787854125	0.110556456121132	352	66	0.000472130501822144	0.0355807002633303
semibin_SRR11413688.65_sub	age	age	0.356164848129966	0.103889811832701	352	47	0.000680444536480687	0.0355807002633303
semibin_SRR13068830.5	gender	male	0.347599401430916	0.102986252527839	352	66	0.000822354715752098	0.0355807002633303
semibin_SRR5930498.73	gender	male	0.458332162649966	0.12938091594925	352	46	0.000451235872444517	0.0355807002633303
semibin_SRR25825510.41_sub	gender	male	0.300510906376718	0.0895297000340955	352	65	0.000877959215978531	0.0355807002633303
metabat_SRR5930506.9_sub	gender	male	0.32764155311953	0.096144072241183	352	64	0.000732930128086607	0.0355807002633303
metabat_ERR6243878.23_sub	gender	male	0.267841992961072	0.0781360467750352	352	61	0.000682498230265181	0.0355807002633303
metabat_SRR25825508.34_sub	gender	male	0.313733045545413	0.0858384201486548	352	57	0.000297640180059539	0.0355807002633303
maxbin_ERR6279673.036	gender	male	0.280246522110273	0.0792221286842959	352	55	0.000459702354469073	0.0355807002633303
metabat_SRR13068843.68	gender	male	0.307769609242538	0.0846473312914383	352	54	0.000319596355507149	0.0355807002633303
semibin_SRR13068818.12_sub	gender	male	0.315885948419692	0.0862652852857634	352	51	0.000290054282738756	0.0355807002633303
metabat_ERR12405930.6	age	age	0.259205620707811	0.0778169725439394	352	46	0.00095856034136713	0.0368087171084978
semibin_SRR16168909.12	gender	male	0.374356775730047	0.11496937181482	352	70	0.00124234593652193	0.0463809149634853
maxbin_ERR2162217.001	age	age	0.561245519440463	0.173078567541455	352	134	0.00129885490024371	0.0470242885098771
maxbin_SRR5930522.022	gender	male	0.298797551856653	0.0944771704344457	352	67	0.00170339671236384	0.0470242885098771
semibin_ERR6243877.10	gender	male	0.304674180193952	0.0949875300605156	352	64	0.00146531711113432	0.0470242885098771
maxbin_SRR5930521.014	gender	male	0.32120345795972	0.10015091593047	352	68	0.00146691472404749	0.0470242885098771
semibin_ERR6273965.5	gender	male	0.340524678838017	0.106818042846108	352	64	0.00156536117991078	0.0470242885098771
semibin_SRR5930528.37	gender	male	0.345320965408269	0.107777966545219	352	66	0.00148278684173358	0.0470242885098771
semibin_SRR11413606.8	gender	male	0.252416058411457	0.0800141484041655	352	63	0.00174941549515912	0.0470242885098771
semibin_ERR6279674.8	gender	male	0.303733028657521	0.0960167805478445	352	63	0.00169948416181303	0.0470242885098771
maxbin_SRR23364204.024	gender	male	0.290872374468354	0.0920630014653654	352	63	0.00172138957875276	0.0470242885098771
maxbin_ERR6279614.017_sub	gender	male	0.27884041500246	0.0880901283754852	352	63	0.00168780537020379	0.0470242885098771
maxbin_ERR6279679.012	gender	male	0.305836056631287	0.0966300988407931	352	61	0.0016899432364109	0.0470242885098771
maxbin_SRR25825517.033_sub	gender	male	0.271846992676267	0.0860070533801106	352	61	0.00171416739750203	0.0470242885098771
maxbin_SRR5930498.027	gender	male	0.261779800845603	0.0823075885087711	352	59	0.00160462723701635	0.0470242885098771
metabat_ERR6279619.19_sub	gender	male	0.206178552988302	0.0650881237421746	352	38	0.00167491981501914	0.0470242885098771
metabat_SRR13022417.2	age	age	0.393240060558115	0.125389342570147	352	130	0.00185808920753065	0.0480244595177152
semibin_ERR6279672.24	cancer_type	Other	0.651026262199836	0.207315059772266	352	55	0.0018328462774108	0.0480244595177152
metabat_SRR6000874.30	response	R	-0.469021823814665	0.150120247859648	352	39	0.00193236846539349	0.0480945040275713
metabat_SRR13068843.53_sub	gender	male	0.412100348466759	0.131830343401791	352	58	0.00192381748525626	0.0480945040275713
metabat_SRR16168975.22	gender	male	0.237243444689529	0.0761598546938297	352	48	0.0019943591266543	0.0487348848404251
maxbin_SRR16554728.024	response	R	-0.606172868943762	0.196204523510483	352	53	0.00216685940897649	0.0494845695159335
metabat_SRR23364184.15	gender	male	0.313398586694185	0.101454330414808	352	68	0.00217231369154768	0.0494845695159335
maxbin_ERR6281505.022	gender	male	0.261776116702784	0.0845010583012222	352	63	0.00211027302335743	0.0494845695159335
semibin_SRR6000903.13	gender	male	0.297846125556028	0.0961013538276275	352	63	0.00210068072419067	0.0494845695159335
maxbin_ERR2162209.017_sub	gender	male	0.369031159335611	0.120121933572611	352	73	0.00229576905844474	0.0514252269091621
maxbin_ERR6279662.030	gender	male	0.265104605031772	0.0864926548963462	352	62	0.00234935263023479	0.051762785820255
maxbin_SRR5930510.007_sub	gender	male	0.339036198751186	0.11171057214721	352	50	0.00259000792921061	0.0561446880138558
maxbin_ERR6232518.013	gender	male	0.284191262782573	0.093932901853028	352	76	0.00267042405478208	0.0569690465020177
semibin_ERR6279671.24	gender	male	0.305489500651759	0.101143173182374	352	68	0.00271464573718441	0.0570075604808726
semibin_SRR16554730.5	gender	male	0.317294881430708	0.105329670640499	352	75	0.00278501049400417	0.0575854477529478
metabat_SRR16168941.17	gender	male	0.282307099117688	0.0942199823350813	352	70	0.00293273036100708	0.0588296955999033
semibin_SRR16554766.13	gender	male	0.443424891441751	0.147964941346408	352	43	0.00292717261350206	0.0588296955999033
metabat_ERR6279677.48_sub	gender	male	0.27513969223608	0.0922988662167379	352	62	0.00307923987160878	0.0608602704035618
maxbin_SRR11413649.010	response	R	-0.651077163169056	0.22171243533438	352	67	0.0035400196845664	0.0686334205724012
semibin_SRR16554707.35_sub	gender	male	0.761820026183129	0.259957397636717	352	117	0.00360769849017175	0.0686334205724012
metabat_SRR16554786.10	gender	male	-0.774830317455644	0.264926796885725	352	81	0.00367679038780721	0.0686334205724012
maxbin_ERR6280910.023_sub	gender	male	0.262149134725487	0.0895434406287928	352	54	0.00364439304452689	0.0686334205724012
metabat_ERR6279652.5	gender	male	0.239760363668137	0.0826154987164257	352	65	0.00394669132672768	0.071680447880027
maxbin_SRR16168926.008	gender	male	0.251954143346222	0.086794856868171	352	68	0.00393751045749087	0.071680447880027
metabat_SRR16168986.5	gender	male	0.298406548196931	0.103324942986266	352	62	0.00412329174859254	0.0738893881347783
semibin_SRR6000905.60_sub	age	age	0.326190386241163	0.115336105637062	352	128	0.00495332544603233	0.0875956499929928
maxbin_ERR12406000.010	age	age	0.269478518153201	0.0955797200528563	352	57	0.00508743246072141	0.0876603747078151
semibin_SRR16168913.31	gender	male	0.251656284192072	0.089191340653188	352	64	0.00505865196888491	0.0876603747078151
semibin_ERR6267712.18	gender	male	0.368697723972559	0.131723797007436	352	65	0.00541642085988021	0.0921477169073291
maxbin_SRR11413649.010	age	age	0.312833322198732	0.112235661096064	352	67	0.00560765190710612	0.0933138024604519
semibin_SRR5930519.63	cancer_type	Other	-0.483753977997162	0.173616562612914	352	42	0.00562382291614331	0.0933138024604519
metabat_SRR6000874.30	cancer_type	Other	0.453102232881725	0.163842529861747	352	39	0.00598799270288703	0.0952485271054388
metabat_SRR5930523.5	cancer_type	Other	0.640543279970444	0.231861900061179	352	103	0.00603967422689304	0.0952485271054388
semibin_SRR25825508.4_sub	gender	male	0.562616596482533	0.203084845256388	352	60	0.00590120405070834	0.0952485271054388
maxbin_SRR23364240.011	gender	male	0.230087055748106	0.0831796075536019	352	65	0.0059803351471553	0.0952485271054388
semibin_SRR16168985.16	gender	male	0.321729417121873	0.116576479860599	352	51	0.00609477182371111	0.0952485271054388
metabat_SRR11413649.62	age	age	0.280864082407838	0.101984114659383	352	58	0.00619736679198894	0.0954789668812105
metabat_ERR6271719.4	age	age	0.26435885374827	0.096092781909683	352	54	0.00625159902198402	0.0954789668812105
semibin_ERR6267712.45	response	R	0.43326265420978	0.158291069581659	352	75	0.00651779224942198	0.0984259863283499
metabat_ERR6279614.12_sub	gender	male	0.573886242916196	0.210261556098145	352	43	0.00667107313131692	0.0996213587609994
semibin_ERR12405939.29	age	age	0.353419464362278	0.1298789542983	352	249	0.00683379560908569	0.100929904380343
maxbin_SRR5930504.027	age	age	-0.175525340018291	0.0648583267525469	352	48	0.0071401987090765	0.104308989836944
semibin_SRR5930529.2	response	R	0.185281926930827	0.0686656758617509	352	42	0.00731437784905856	0.105704557302524
metabat_ERR6275666.49	age	age	0.25583181938437	0.0953691884214259	352	53	0.00765798749744098	0.109492927622986
semibin_ERR6232382.49_sub	gender	male	0.405638470111629	0.151697559792436	352	43	0.00785271405113428	0.111095238786573
semibin_SRR25825509.21	age	age	0.370181296832166	0.1386566520346	352	94	0.00794751592172642	0.11126522290417
metabat_SRR5930534.8_sub	gender	male	0.238768305573935	0.0898967001949813	352	44	0.00827678331470716	0.114680379123365
maxbin_SRR5930501.002	age	age	0.263708691610141	0.0995014558640871	352	52	0.00841033803501305	0.115341778765893
metabat_ERR12405975.5_sub	age	age	0.380316248102907	0.143741358994946	352	269	0.00851998936999825	0.115665310235128
maxbin_SRR16554647.003	cancer_type	Other	-0.412474635337122	0.156177824905751	352	46	0.00863850512566796	0.116101508888977
semibin_SRR23364196.21	age	age	0.249436118554031	0.0947579422595172	352	52	0.00885853037906013	0.117879849796602
metabat_SRR16168896.4	cancer_type	Other	0.534804160209446	0.205295748330355	352	63	0.00958157344463036	0.126251320682188
metabat_SRR5930516.94	gender	male	0.247113709987707	0.0953846255476382	352	45	0.00998760939701101	0.130323757568765
semibin_ERR6279676.4	gender	male	0.267535637452116	0.103809327120292	352	38	0.010378961476121	0.134128117537563
maxbin_SRR11413620.019	gender	male	0.589462687135626	0.230651602172146	352	103	0.0110249443541698	0.139787973698152
semibin_SRR11413691.52	gender	male	0.325382186661987	0.127161684325192	352	43	0.0109283933143521	0.139787973698152
metabat_ERR12405956.16	age	age	0.333944023067734	0.131371124536071	352	138	0.0114566126267285	0.1415028455667
metabat_ERR12405930.6	gender	male	-0.405950311531557	0.159681123303514	352	46	0.0114513047771226	0.1415028455667
maxbin_SRR5930507.045	age	age	0.209990665667837	0.0826274626616299	352	38	0.0114760492312279	0.1415028455667
semibin_SRR11413686.80	gender	male	0.633810441274637	0.250314563745269	352	62	0.0117803847577984	0.143934882858919
semibin_SRR13022325.6	age	age	0.354731618764032	0.140316853919576	352	262	0.0119122064867854	0.144234283948105
maxbin_SRR23364240.009_sub	response	R	0.257487879782727	0.102065995084865	352	49	0.012095485774566	0.145145829294792
semibin_ERR6281504.148	age	age	-0.268415596292537	0.106895388153606	352	54	0.0124925045210665	0.14780949984646
semibin_SRR11413653.25	age	age	-0.342332753491335	0.136402199279483	352	101	0.0125374129334051	0.14780949984646
semibin_ERR6267712.18	age	age	-0.161998138080544	0.0646647299925158	352	65	0.0127002636904368	0.148427429564757
maxbin_ERR2162209.017_sub	age	age	-0.14753554734432	0.0590020771072022	352	73	0.0128673076329435	0.149083288436862
maxbin_SRR5930501.002	gender	male	-0.508376771029416	0.204072801383415	352	52	0.013203609414921	0.15167223122781
metabat_SRR6000949.51_sub	response	R	0.315633403751119	0.12761327086602	352	62	0.0138684787948647	0.157959622883882
semibin_SRR23364196.21	cancer_type	Other	0.503227298509519	0.204297088251889	352	52	0.0142545957645244	0.160993081575805
maxbin_SRR16554759.001	age	age	0.239009267854611	0.0972270385579994	352	61	0.0144492640720018	0.16183175760642
maxbin_SRR8387707.004_sub	response	R	0.344332207358492	0.140297988040452	352	75	0.0146123962673541	0.162306285812594
maxbin_SRR16168918.042_sub	gender	male	0.250242390501782	0.102145329909975	352	47	0.0147913878237145	0.162947747828461
semibin_SRR5930502.51	cancer_type	Other	0.897362393614535	0.370740179367183	352	171	0.0160136638147701	0.170264517937135
maxbin_SRR13022336.003_sub	age	age	0.309412757449325	0.127516945635389	352	205	0.0157568695504216	0.170264517937135
semibin_ERR6281504.148	gender	male	0.531160338302981	0.219134921315414	352	54	0.0158693853832983	0.170264517937135
metabat_ERR6271719.4	gender	male	-0.478827872135882	0.197255328319643	352	54	0.0157171199536851	0.170264517937135
semibin_SRR6000900.32	response	R	-0.666636844231618	0.27560352170671	352	162	0.0160889834657858	0.170264517937135
semibin_SRR11413653.97_sub	age	age	0.353481664735827	0.146463917110888	352	178	0.0163214531645358	0.171375258227626
maxbin_SRR16554728.024	age	age	0.238831662101703	0.0993230008638247	352	53	0.0167137062008617	0.174133497162467
semibin_ERR12405916.16	gender	male	0.415657565919253	0.173404875997048	352	74	0.0170566969819632	0.176047794586515
metabat_ERR12405956.11	gender	male	-0.41562877627111	0.173554931982165	352	39	0.0171594204544892	0.176047794586515
maxbin_SRR16168974.016_sub	gender	male	0.202979493033313	0.0850357545437552	352	52	0.0175296276147617	0.178483481168483
maxbin_ERR12406000.010	gender	male	-0.467422843930957	0.196204102334982	352	57	0.0177456645122741	0.179324609808244
semibin_SRR16554707.35_sub	cancer_type	Other	0.646531244281153	0.27194298206023	352	117	0.0179740934395413	0.180277474498086
maxbin_SRR16554728.024	cancer_type	Other	0.508379559385206	0.214139304728108	352	53	0.0181373037666045	0.180488691438702
metabat_SRR5930527.86	age	age	-0.195637980063055	0.0824971573955309	352	57	0.0182637366336782	0.180488691438702
semibin_SRR20881986.74	response	R	0.348500547725581	0.14847089374372	352	72	0.0194794244607511	0.18971265561775
metabat_SRR13068832.4	response	R	0.289579016672323	0.123352149634553	352	61	0.0194637128768579	0.18971265561775
semibin_SRR5930529.2	gender	male	0.167748154481726	0.0716086155561281	352	42	0.0197240711533947	0.190713321080305
semibin_ERR6232458.16	response	R	0.361665443039344	0.155095344827439	352	73	0.0202842614222239	0.194728909653349
metabat_SRR5930528.37	response	R	-0.338002728347405	0.145304533929575	352	42	0.0205857438653491	0.196221558546306
maxbin_SRR16554671.002	response	R	-0.539699218226588	0.23377236617917	352	41	0.0215510628711895	0.202716179289999
metabat_SRR13068853.24	response	R	0.320860996558916	0.13899464060017	352	63	0.021568760147671	0.202716179289999
metabat_SRR13022352.3	age	age	0.3287098764374	0.143262161898103	352	239	0.0223604966765522	0.208402686897462
semibin_SRR16168945.59_sub	response	R	0.318440860201009	0.138907757168091	352	61	0.0224839208334315	0.208402686897462
semibin_SRR6000900.32	gender	male	-0.655084061505134	0.287620723190757	352	162	0.0233650484841794	0.215086473717378
semibin_SRR20881987.25	gender	male	0.184076289037227	0.0817262825502662	352	38	0.024933478562988	0.22796323257589
maxbin_SRR16168974.016_sub	response	R	0.182944652714925	0.0815442734290872	352	52	0.0255035681451573	0.23159997018305
semibin_SRR5930501.2	response	R	0.328344812330793	0.146621386030646	352	75	0.0257697220329919	0.232446351760679
metabat_SRR13022372.10_sub	response	R	0.329424817083669	0.147476840819738	352	68	0.0261377070438864	0.234193855113222
metabat_SRR16168975.22	response	R	0.162868012633921	0.0730279868921153	352	48	0.0263807695857925	0.234806320021888
semibin_ERR6279675.47	age	age	-0.232511982574267	0.104404874155952	352	70	0.0265876446892851	0.2350907530421
semibin_SRR16554673.15	cancer_type	Other	-0.37162453451271	0.167167391428756	352	39	0.0268549321500623	0.2359021490829
semibin_SRR23364195.41	age	age	0.31295279983429	0.142543544583837	352	210	0.0287904461478978	0.241839747642342
metabat_ERR12405981.15	age	age	-0.245866026143386	0.111367038685434	352	104	0.0279183174006443	0.241839747642342
semibin_SRR16168903.5	cancer_type	Other	-0.472823638026982	0.214482972464506	352	92	0.0281463683700664	0.241839747642342
maxbin_ERR12406009.001	age	age	-0.150224118443189	0.0683412081385973	352	49	0.0285990359528693	0.241839747642342
semibin_SRR20881980.56	response	R	0.281372050949363	0.128147490773014	352	63	0.0287832360564696	0.241839747642342
semibin_ERR12405918.0	gender	male	-0.361256436082423	0.163655720620537	352	41	0.027943023560291	0.241839747642342
semibin_SRR5930510.9	gender	male	0.238768573391777	0.108452787435687	352	36	0.0283601144566555	0.241839747642342
semibin_ERR6232382.49_sub	age	age	-0.162019660895143	0.0740205269562746	352	43	0.0292739019689156	0.244373442523121
metabat_SRR20881978.24	age	age	0.272107122688525	0.124513783801177	352	150	0.029532952146478	0.244564862891483
semibin_ERR2162217.22	age	age	0.278883064798878	0.127854472645763	352	85	0.0298354497545585	0.244564862891483
semibin_SRR16168920.5_sub	age	age	-0.119123628185006	0.054612196919319	352	71	0.0298427362456869	0.244564862891483
metabat_SRR5930502.31	gender	male	-0.390538805401674	0.179341956081275	352	51	0.0301162596169231	0.245310623788756
metabat_SRR11413649.62	gender	male	-0.454948440326114	0.209470359113851	352	58	0.0305443351901581	0.24607605594009
maxbin_SRR13068818.010	age	age	-0.187563137755544	0.0863770810448743	352	81	0.0305764146889844	0.24607605594009
metabat_SRR5930528.37	gender	male	-0.329140814777041	0.151753086901	352	42	0.030767199110511	0.246137592884088
metabat_SRR16554652.48	gender	male	0.255600815737063	0.119628464050042	352	57	0.0333374256702327	0.265121302371554
metabat_SRR13068828.29	cancer_type	Other	0.38403891399824	0.180188493967405	352	44	0.0337653206258269	0.266944652477125
metabat_SRR16554646.5	age	age	0.285869769202462	0.134566481826874	352	86	0.0343453736982373	0.26994258625983
semibin_SRR16554706.23	age	age	0.323349937399265	0.153450897427124	352	259	0.0358184944955617	0.279884050011831
metabat_SRR13068843.53_sub	age	age	-0.135409587033808	0.0647155724475329	352	58	0.0371375918974677	0.28851400872946
semibin_SRR6000905.60_sub	cancer_type	Other	0.519621427032531	0.248663383671118	352	128	0.037376313317447	0.288699799417522
metabat_SRR5930526.41	gender	male	0.253977146865834	0.12186871953493	352	42	0.0378893007510847	0.290989829768331
metabat_ERR6279614.12_sub	age	age	-0.212561313190002	0.102591127077862	352	43	0.0390106462278011	0.297899480285027
semibin_SRR5930517.113	gender	male	0.244236740074507	0.118031960021812	352	60	0.0392734319263112	0.298211822084533
semibin_SRR16168909.12	age	age	-0.116672050760963	0.0564749707474064	352	70	0.0395878384284535	0.298910420493491
semibin_SRR5930536.88	response	R	0.281039314036476	0.136595598954611	352	64	0.0403905759639708	0.303267788243446
maxbin_SRR11413649.010	cancer_type	Other	0.497151177287695	0.241978859114036	352	67	0.0406735733580658	0.303696014406891
semibin_SRR13068839.7	gender	male	0.247387134411927	0.121105793289366	352	45	0.0418436096465639	0.308998963543857
semibin_SRR5930529.2	age	age	-0.0718430756112418	0.0351620429550007	352	42	0.0417954950267524	0.308998963543857
semibin_ERR12405964.2	age	age	0.160645327281345	0.0788340261241813	352	37	0.0423314331472243	0.310893148359942
metabat_SRR11413620.24	response	R	0.258125648945091	0.127115793968471	352	40	0.0430561363736566	0.314496996120622
metabat_SRR13068851.17	gender	male	0.300441046665629	0.14812676606641	352	36	0.0432961744334783	0.314540856424837
metabat_SRR5930526.41	response	R	0.236181312263924	0.116699952381077	352	42	0.0437540832146956	0.316158536777155
maxbin_SRR25825521.012_sub	age	age	-0.166715530463723	0.0829832300743387	352	85	0.0453105631730879	0.323922323960798
maxbin_SRR11413612.015_sub	response	R	-0.273010268181295	0.135829641550045	352	36	0.0452104989747472	0.323922323960798
maxbin_SRR5930521.014	age	age	-0.0979296446557539	0.0491997149314534	352	68	0.0473348460537894	0.336603349715836
metabat_SRR13022401.12	age	age	0.154485703360111	0.0779279984531584	352	69	0.0482222160649727	0.341108728375385
semibin_SRR13068818.12_sub	age	age	-0.0838795921734257	0.0423636973552966	352	51	0.0485030583908387	0.341299007734488
maxbin_ERR6275667.027	response	R	0.226359161022421	0.114996316712257	352	48	0.0498269369596806	0.348788558717764
metabat_ERR12405990.2	gender	male	0.371476013403612	0.190313189329864	352	58	0.0517518154934935	0.349896198308047
semibin_SRR8387683.16	cancer_type	Other	1.16167209048202	0.38479493883577	352	126	0.0518075472197182	0.349896198308047
semibin_SRR23364193.36	response	R	0.298818525692964	0.152713315595831	352	71	0.0511898886684052	0.349896198308047
metabat_SRR13068851.17	cancer_type	Other	0.302634784454511	0.154956292274208	352	36	0.0516191483509534	0.349896198308047
semibin_SRR6000944.44	gender	male	-0.413331140654897	0.21125227468685	352	59	0.0512064626418544	0.349896198308047
semibin_SRR5930495.29	gender	male	-0.406582039315183	0.207429488620834	352	61	0.0507876223642763	0.349896198308047
metabat_SRR13068834.30	response	R	0.247229226277039	0.1259161735816	352	56	0.0504021295949971	0.349896198308047
metabat_SRR16554779.30	age	age	0.287271144429984	0.147744378319599	352	238	0.0526574950441346	0.353858366696585
semibin_ERR6279683.8	gender	male	-0.285421461200422	0.147082549177428	352	44	0.0531334894908578	0.355280646147825
semibin_ERR12406007.1	cancer_type	Other	0.285613197836189	0.1482495412319	352	43	0.0548496016661197	0.364939923956757
semibin_ERR2162202.11	age	age	-0.196491200020678	0.102175701622861	352	100	0.0552928392130241	0.36506689134961
semibin_SRR13068830.5	age	age	-0.0971384181944267	0.050594301675968	352	66	0.0556940653141887	0.36506689134961
semibin_SRR5930534.11	response	R	0.153239559336177	0.0797624464057099	352	36	0.0555364666763779	0.36506689134961
metabat_SRR20881977.25_sub	gender	male	0.188456099701809	0.0982615127980623	352	38	0.0559551931681694	0.36506689134961
semibin_SRR5930502.51	age	age	0.327789785744667	0.171958282961156	352	171	0.0574480019449843	0.370837161662602
maxbin_SRR16554790.013_sub	gender	male	0.406026950944784	0.213014368504219	352	76	0.0574632773319826	0.370837161662602
metabat_SRR5930514.58	age	age	0.17952006605798	0.0942589346537816	352	44	0.0576673860025921	0.370837161662602
semibin_SRR5930519.63	gender	male	-0.314765792263073	0.165964605747719	352	42	0.0587131706077673	0.375764291889711
semibin_ERR6232458.16	gender	male	0.304457914486139	0.161789578589563	352	73	0.0607082211094992	0.386691228299369
semibin_SRR11413688.2	age	age	-0.0911107252442259	0.0485078900695089	352	67	0.0611932664648912	0.387942217588744
semibin_ERR6233693.7	response	R	0.252702256217737	0.134764380565164	352	60	0.0616228022585533	0.388831202983548
semibin_ERR12405947.71	age	age	-0.186021229819884	0.0994702735898838	352	104	0.0623090859118215	0.390561075740262
semibin_SRR5930528.37	age	age	-0.0989586932504962	0.0529479781902758	352	66	0.062478148276902	0.390561075740262
metabat_SRR6000874.30	gender	male	0.290396024303685	0.156621352617375	352	39	0.0645691989182683	0.392701940380908
metabat_ERR6275666.49	response	R	0.348924018125621	0.188389045647996	352	53	0.064854201185973	0.392701940380908
metabat_ERR6235716.8_sub	age	age	-0.0768725152584972	0.0412384479658939	352	65	0.063162509035406	0.392701940380908
semibin_SRR13068836.17_sub	age	age	-0.0899147934998801	0.0485465714528032	352	66	0.0648659455093465	0.392701940380908
semibin_SRR13068817.76	cancer_type	Other	0.295512828054762	0.158820434632504	352	40	0.0636361103897928	0.392701940380908
metabat_SRR16554711.16	age	age	0.128600341789487	0.0692410355511546	352	49	0.0641176702528494	0.392701940380908
semibin_SRR5930523.43	response	R	0.174375171528787	0.0939030409416136	352	36	0.0641735380697744	0.392701940380908
metabat_ERR12405933.43	gender	male	-0.536394023922396	0.294644742092302	352	229	0.0695502975190203	0.413071552487994
semibin_SRR25825514.3_sub	response	R	-0.432572616903873	0.237237275765976	352	136	0.0691092941040276	0.413071552487994
metabat_ERR12405918.3	gender	male	-0.303351262067814	0.166529582739913	352	75	0.0693756423277457	0.413071552487994
maxbin_SRR16554733.009	gender	male	0.314346994486722	0.172564498984013	352	81	0.0693831615543289	0.413071552487994
metabat_ERR2162214.7	gender	male	-0.387672172561101	0.213349023517796	352	65	0.070074638368499	0.413071552487994
semibin_SRR16168930.38	age	age	0.107966577703606	0.0593878814568732	352	37	0.0699277964089772	0.413071552487994
metabat_SRR5930536.13	gender	male	-0.470077984677892	0.260538732133239	352	137	0.0720593960253086	0.41565591527045
semibin_SRR23364196.21	response	R	0.338410090124758	0.187186620905188	352	52	0.0714916283965299	0.41565591527045
semibin_SRR6000910.14	age	age	-0.100500362959382	0.0556485949010332	352	74	0.0717978256355662	0.41565591527045
maxbin_SRR5930508.026	age	age	-0.178260723731341	0.0984713949009942	352	94	0.0711205475686375	0.41565591527045
metabat_SRR16554669.41_sub	response	R	0.276967422769842	0.15325578038044	352	71	0.0716025121864856	0.41565591527045
semibin_ERR2162223.6	age	age	0.215370582779788	0.120146587291635	352	118	0.073913702380043	0.420760773858537
semibin_SRR11413683.102	gender	male	0.349638233796071	0.194711443788485	352	42	0.0734175640142719	0.420760773858537
maxbin_ERR12406009.001	response	R	0.240892337057802	0.134603323678629	352	49	0.0743839692198908	0.420760773858537
metabat_SRR16554669.41_sub	gender	male	0.286042937147467	0.159874641481356	352	71	0.0744699690963571	0.420760773858537
semibin_SRR11413691.52	response	R	0.217768630322119	0.121734846489634	352	43	0.0745097203707826	0.420760773858537
metabat_ERR6232687.8_sub	age	age	-0.186237637286957	0.104452767558684	352	59	0.0754647584475979	0.42107995286011
semibin_SRR16554765.8	gender	male	-0.373840916484762	0.211691094915611	352	95	0.0782890708531379	0.42107995286011
semibin_ERR6279646.10	age	age	-0.0987462154225887	0.0557988282063005	352	75	0.0776686880441675	0.42107995286011
metabat_SRR13022323.1	age	age	-0.174650372388508	0.0984056368408336	352	97	0.0768101283560662	0.42107995286011
semibin_SRR16554730.5	age	age	-0.0918348168170883	0.0517396370174986	352	75	0.076794458659993	0.42107995286011
metabat_SRR16554713.7	age	age	-0.178386995066006	0.100756200729919	352	91	0.0775289145490887	0.42107995286011
semibin_SRR25825502.47_sub	response	R	0.327358277421843	0.184313350899537	352	58	0.0765967924636738	0.42107995286011
semibin_SRR5930519.26	age	age	-0.0965329872195585	0.0543100580346588	352	66	0.076381771239418	0.42107995286011
metabat_ERR12405997.59	gender	male	-0.373974892562845	0.211794270503969	352	61	0.0783258840885622	0.42107995286011
metabat_ERR12405956.11	cancer_type	Other	-0.54756683103204	0.224538159695373	352	39	0.0772589537465176	0.42107995286011
metabat_SRR13068843.68	age	age	-0.0737481094933309	0.0415744159952957	352	54	0.0769694122045926	0.42107995286011
semibin_SRR5930534.11	age	age	-0.0721331909748447	0.0408388095251323	352	36	0.0782349582458223	0.42107995286011
semibin_ERR6273965.5	age	age	-0.0921998301044455	0.0524758864302882	352	64	0.0798114175609256	0.427356753792367
maxbin_SRR13068842.057_sub	gender	male	0.269792041275976	0.153761166396122	352	50	0.0802073369565767	0.427427541283062
maxbin_SRR8387707.004_sub	gender	male	0.256570713994169	0.146343726767889	352	75	0.0804606904349812	0.427427541283062
semibin_SRR16554776.8	gender	male	-0.382938369824386	0.218843611882794	352	60	0.0810389119773971	0.42880432164418
maxbin_SRR11413655.009_sub	response	R	-0.377299597579149	0.216311325496909	352	84	0.0820050217980476	0.432057358190835
semibin_SRR5930498.62_sub	gender	male	0.155146055647378	0.0890298886678698	352	37	0.0822966396553972	0.432057358190835
metabat_SRR20881978.24	gender	male	0.445730611369392	0.256248637854384	352	150	0.0828455401700545	0.432492198446642
semibin_SRR16168929.15_sub	age	age	-0.0862001663429918	0.0497574257982276	352	67	0.0841002452782511	0.432492198446642
semibin_ERR6279655.40	age	age	-0.0849577254335162	0.0490736018363581	352	64	0.0843102351138543	0.432492198446642
metabat_SRR11413647.31	response	R	0.237717051805489	0.13720939089997	352	62	0.0840809966566192	0.432492198446642
semibin_ERR12406007.1	gender	male	0.245398284308343	0.141715607615666	352	43	0.0842291086244544	0.432492198446642
semibin_SRR23364229.5	gender	male	0.162896172872883	0.0938598206043055	352	42	0.0835474670784545	0.432492198446642
semibin_SRR6000945.4	age	age	0.239082260916454	0.138820748866517	352	152	0.0859176202234026	0.433461734116531
semibin_SRR16554716.24	age	age	-0.182577513272539	0.105903570192514	352	107	0.0855988956822239	0.433461734116531
semibin_SRR16554693.19	cancer_type	Other	-0.3182892580159	0.184746646729793	352	36	0.0858080451430317	0.433461734116531
metabat_SRR5930527.86	response	R	0.280492477224464	0.162966435941172	352	57	0.0861118177151143	0.433461734116531
semibin_SRR16168929.20_sub	gender	male	0.161624374918387	0.0936951377731321	352	36	0.0854297583513297	0.433461734116531
semibin_SRR11413653.97_sub	cancer_type	Other	0.958025556116822	0.402506294689021	352	178	0.0874614507567	0.436065229873288
metabat_ERR12405990.2	age	age	0.157472122864203	0.0923417299574219	352	58	0.0890298514918839	0.436065229873288
maxbin_SRR16554707.013	response	R	0.390829437365217	0.228258803376301	352	102	0.0877494181213697	0.436065229873288
semibin_SRR23364199.62	age	age	-0.0874749209249053	0.0513024106872504	352	68	0.0890846079677876	0.436065229873288
semibin_ERR6243877.10	age	age	-0.0798087448038145	0.0466637036628585	352	64	0.0881158277744017	0.436065229873288
semibin_SRR25825502.47_sub	gender	male	0.328676600144851	0.192476092844412	352	58	0.0886061598493603	0.436065229873288
semibin_SRR6000901.29	gender	male	-0.349004217950892	0.204360514724942	352	57	0.0885789360244347	0.436065229873288
metabat_SRR5930527.86	cancer_type	Other	-0.303127633589013	0.177862970037976	352	57	0.0892246564100849	0.436065229873288
semibin_SRR11413686.80	cancer_type	Other	0.724253066985787	0.298074875262631	352	62	0.0919377926706788	0.436954961330925
semibin_ERR2162217.22	cancer_type	Other	0.463290810757961	0.275652846174873	352	85	0.0937203187528646	0.436954961330925
semibin_ERR6230326.3	age	age	-0.0826364002553962	0.0487592498449977	352	70	0.0910242848423248	0.436954961330925
semibin_SRR16554739.16	age	age	-0.161399620483617	0.0965011611635034	352	94	0.0953242353736477	0.436954961330925
maxbin_ERR2162223.012	gender	male	-0.390427611079865	0.232535612954602	352	126	0.0940573623795561	0.436954961330925
maxbin_SRR5930522.022	age	age	-0.0777790253651358	0.046412836148165	352	67	0.0946873553188795	0.436954961330925
metabat_ERR6279652.5	age	age	-0.0690180124619808	0.0405870803105847	352	65	0.0899453262399702	0.436954961330925
metabat_ERR6279615.15	age	age	-0.0754484566202464	0.0447510284129535	352	67	0.0927132185183952	0.436954961330925
semibin_ERR6264281.7	age	age	-0.0804474712481806	0.0474295005389424	352	65	0.0907656459274235	0.436954961330925
semibin_SRR16168913.31	age	age	-0.0737002150553496	0.0438169596992726	352	64	0.0934790410460708	0.436954961330925
semibin_SRR20881986.74	gender	male	0.260506592482925	0.154872664324377	352	72	0.0934660507443767	0.436954961330925
semibin_SRR23364193.36	gender	male	0.266081080345353	0.15929542328218	352	71	0.0957605625146377	0.436954961330925
semibin_SRR16554673.13	age	age	0.128162853117774	0.075503950011067	352	37	0.0905174474110264	0.436954961330925
semibin_ERR6233693.7	age	age	-0.115176621518138	0.0689446190377822	352	60	0.0957147452851416	0.436954961330925
maxbin_SRR6000869.050	gender	male	-0.314596547274954	0.18590522230152	352	86	0.0914977438962479	0.436954961330925
metabat_SRR11413685.32	response	R	0.203308096781982	0.12089774100798	352	48	0.0935455318109023	0.436954961330925
semibin_ERR12405984.5	gender	male	-0.186362875130718	0.110846290199757	352	36	0.0936105262313073	0.436954961330925
metabat_SRR11413620.24	gender	male	0.221996624438207	0.132770721378299	352	40	0.0954204100807111	0.436954961330925
metabat_SRR6000905.24	gender	male	-0.194787986586047	0.116670302271244	352	39	0.0959090130897493	0.436954961330925
metabat_SRR5930526.60_sub	gender	male	0.137423849939516	0.081201113720872	352	38	0.0914819201036338	0.436954961330925
semibin_SRR25825499.11	age	age	-0.0742803604174326	0.0446709200035864	352	67	0.097259359721522	0.440123163184261
metabat_ERR6279627.10	age	age	-0.133979742093749	0.0805175767129234	352	57	0.0970191838154752	0.440123163184261
maxbin_ERR6282070.040_sub	age	age	-0.128992173054008	0.0777335034246265	352	47	0.0979357945734407	0.440219758885299
maxbin_ERR6279679.012	age	age	-0.0787988293250176	0.0474694350873886	352	61	0.0978304945397355	0.440219758885299
semibin_SRR20881988.7	cancer_type	Other	0.398348560483323	0.240698354356811	352	58	0.0988347080480066	0.441308463842262
metabat_SRR23364233.36	age	age	-0.165324422452011	0.0998229746043829	352	101	0.0985937377247888	0.441308463842262
metabat_SRR16554674.5	age	age	-0.265449833726546	0.160786624161808	352	273	0.0996545814342087	0.442241901320358
metabat_ERR12405918.3	response	R	0.26322567255225	0.15961720301288	352	75	0.100030906251033	0.442241901320358
semibin_SRR5930534.11	gender	male	0.137194707862084	0.0831831761451903	352	36	0.100002130866118	0.442241901320358
metabat_SRR25825493.27	age	age	-0.167102652329253	0.102347914493907	352	59	0.103442429427181	0.44472771383219
semibin_ERR6279671.24	age	age	-0.0815581784157307	0.0496886912977938	352	68	0.101634951144063	0.44472771383219
maxbin_SRR23364240.011	age	age	-0.0667210469446588	0.0408641687263696	352	65	0.103439351438289	0.44472771383219
metabat_SRR16554633.8	response	R	0.250124005710523	0.152669033103605	352	69	0.102256861405929	0.44472771383219
metabat_SRR13022372.10_sub	gender	male	0.25327837188328	0.154030218959113	352	68	0.101011286154505	0.44472771383219
semibin_SRR11413688.65_sub	gender	male	0.348333496293555	0.213339725162942	352	47	0.103430030011183	0.44472771383219
semibin_SRR13068817.76	gender	male	0.248137214810036	0.151820600648756	352	40	0.10307949206974	0.44472771383219
metabat_SRR13068851.17	response	R	0.231715319126407	0.141978258168041	352	36	0.103576517970005	0.44472771383219
metabat_SRR11413613.2	gender	male	-0.342727509663217	0.209029804087841	352	58	0.102000259097674	0.44472771383219
semibin_SRR13068834.14_sub	gender	male	0.146567653540092	0.0898876969027704	352	36	0.103902159332818	0.44472771383219
metabat_ERR12405985.26	gender	male	-0.339587801567927	0.209066954194884	352	58	0.105228081255563	0.448973146690404
semibin_SRR23364171.72	age	age	-0.0897718058705062	0.0553868792284231	352	42	0.105972429983961	0.450718183222924
semibin_SRR11413690.7	gender	male	0.348412016316661	0.215839535810302	352	67	0.107391642460172	0.452458832183296
metabat_SRR16168982.24	response	R	-0.386696494087476	0.239099899539405	352	131	0.106724942806287	0.452458832183296
maxbin_SRR16168926.008	age	age	-0.0688276552532054	0.0426334849861137	352	68	0.107359355153284	0.452458832183296
semibin_SRR16554766.35_sub	age	age	-0.090839034004584	0.0563451992493607	352	75	0.10784084939943	0.452931567477604
maxbin_SRR13022336.003_sub	gender	male	-0.418555249954597	0.262113097726506	352	205	0.111214298485053	0.459707216428886
metabat_ERR12405981.15	gender	male	0.363695515258493	0.228338624558597	352	104	0.11212710729321	0.459707216428886
metabat_SRR16554786.10	response	R	-0.404123582465166	0.25376790963292	352	81	0.112190451628478	0.459707216428886
metabat_SRR16168941.17	age	age	-0.0738314407388361	0.0462849081329565	352	70	0.11159957706118	0.459707216428886
metabat_SRR13068838.21	response	R	0.191448138516876	0.119911848190092	352	44	0.111272714495098	0.459707216428886
metabat_ERR12406012.5	response	R	0.146856516087493	0.0920856688082807	352	40	0.111682097349903	0.459707216428886
semibin_ERR6279674.8	age	age	-0.0755848128693314	0.0471700417897639	352	63	0.109990293788139	0.459707216428886
maxbin_SRR23364204.024	age	age	-0.0724381279738728	0.0452279081520536	352	63	0.110159678895659	0.459707216428886
semibin_ERR6279672.24	age	age	0.151593405724324	0.0961577506146718	352	55	0.115820114606614	0.460050518976584
maxbin_ERR6232518.013	age	age	-0.0724926022946089	0.0461439935621811	352	76	0.117102942044084	0.460050518976584
metabat_SRR5930536.13	age	age	-0.198658468790225	0.126574748416087	352	137	0.117445738174176	0.460050518976584
metabat_SRR6000947.37_sub	age	age	-0.0768755664717706	0.0488712569360988	352	66	0.116636006097054	0.460050518976584
metabat_SRR16554633.8	gender	male	-0.250921813047463	0.159280515509333	352	69	0.116087997940129	0.460050518976584
semibin_ERR6279661.5	age	age	-0.0753078473655779	0.0478096580119447	352	66	0.116141920300995	0.460050518976584
metabat_SRR23364184.15	age	age	-0.0791134486473716	0.0498356802851685	352	68	0.113324033196252	0.460050518976584
semibin_SRR11413606.8	age	age	-0.0617217162810661	0.0393049889006999	352	63	0.117261004210323	0.460050518976584
metabat_SRR6000874.13_sub	gender	male	-0.216693213584828	0.137191419471818	352	39	0.115146432686845	0.460050518976584
semibin_SRR5930501.2	gender	male	0.239841677859748	0.152938107084525	352	75	0.117751025690435	0.460050518976584
metabat_SRR13068853.24	age	age	-0.112795651984148	0.0711040827827593	352	63	0.113577464115376	0.460050518976584
semibin_SRR13068839.7	age	age	-0.0937516180748075	0.0593740826172902	352	45	0.115252439931627	0.460050518976584
maxbin_ERR6281505.022	age	age	-0.0653569801923333	0.0415128057032384	352	63	0.116321718324634	0.460050518976584
maxbin_ERR6279662.030	age	age	-0.0671978563689607	0.0424903001300452	352	62	0.114688773642695	0.460050518976584
maxbin_SRR25825517.033_sub	age	age	-0.0665285618564812	0.042249782027455	352	61	0.116259666882505	0.460050518976584
maxbin_SRR16168974.016_sub	age	age	-0.0662831619069169	0.0417657193733918	352	52	0.113428432240915	0.460050518976584
semibin_ERR6279672.24	gender	male	0.308498172651709	0.198177879131157	352	55	0.120459666625881	0.46086528547594
semibin_SRR16554655.39	cancer_type	Other	1.07646099375222	0.599952346861491	352	191	0.120821538224441	0.46086528547594
metabat_SRR5930494.64	age	age	-0.154116674528705	0.0989191718458772	352	55	0.120144714198686	0.46086528547594
maxbin_SRR16554707.013	gender	male	-0.372109082111542	0.238143775015904	352	102	0.119072427519673	0.46086528547594
metabat_ERR6275666.49	cancer_type	Other	0.521170818351069	0.206413076801427	352	53	0.121045718581106	0.46086528547594
semibin_ERR6267712.45	gender	male	0.257828898681491	0.165347568426912	352	75	0.119835622976424	0.46086528547594
maxbin_ERR2162223.012	response	R	-0.348547586150487	0.222642474512008	352	126	0.118380076828869	0.46086528547594
semibin_SRR25825516.1	age	age	-0.077018235541826	0.0494906443373111	352	67	0.120578803389579	0.46086528547594
semibin_SRR6000896.44	gender	male	-0.318358847485876	0.204826491343547	352	53	0.12102801328632	0.46086528547594
maxbin_ERR6279614.017_sub	age	age	-0.0671969821360947	0.0432765362440661	352	63	0.121409208887434	0.460943437131954
semibin_SRR11413691.62	cancer_type	Other	0.723809341737919	0.379421837763287	352	70	0.123039875636872	0.465818571425228
semibin_SRR16168930.38	gender	male	0.187835218617696	0.122396419612377	352	37	0.125781960411503	0.474862232564776
metabat_SRR6000874.30	age	age	0.116346429082292	0.0759941373474231	352	39	0.126682446140266	0.476922150175117
metabat_ERR12405954.8	gender	male	-0.324029978674527	0.211954818022443	352	60	0.127241503101824	0.477688771421373
semibin_SRR13022424.5	cancer_type	Other	-0.427533272157115	0.208505330133773	352	58	0.128329642055705	0.478759967295015
maxbin_SRR25825521.012_sub	response	R	0.249337368789245	0.163662893537689	352	85	0.128549935247123	0.478759967295015
semibin_SRR20881981.34	age	age	-0.0750323346656074	0.0492551364015172	352	68	0.128595497167783	0.478759967295015
maxbin_SRR16168920.025	gender	male	-0.168343456245712	0.110779939349646	352	38	0.129529781975896	0.479581341530589
metabat_SRR5930526.60_sub	age	age	-0.0605899953329954	0.0398530323712802	352	38	0.129345121857622	0.479581341530589
semibin_SRR11413689.110	gender	male	-0.1853379721708	0.122742130889437	352	41	0.131958949464934	0.48723304417822
semibin_SRR11413691.42	cancer_type	Other	-0.495623806583014	0.247914798609266	352	67	0.133772018829059	0.489376065592479
metabat_ERR6243878.23_sub	age	age	-0.0576901376390645	0.0383863636961864	352	61	0.133790354832951	0.489376065592479
maxbin_SRR5930498.027	age	age	-0.0607761697175887	0.0404318322394835	352	59	0.133713866240448	0.489376065592479
semibin_SRR16168929.20_sub	age	age	-0.0690702500823131	0.0459833181648595	352	36	0.133995827483655	0.489376065592479
maxbin_SRR11413655.005	age	age	0.183224967866536	0.122643980953762	352	230	0.136095317160138	0.493467394140088
metabat_ERR2162213.1	gender	male	-0.315650018094636	0.211941526437913	352	63	0.13731905164315	0.493467394140088
metabat_ERR6281586.4	gender	male	-0.307021740146627	0.206126696246492	352	56	0.137276919388204	0.493467394140088
semibin_SRR23364229.5	age	age	-0.0686042016683322	0.046059045840205	352	42	0.137275708086167	0.493467394140088
metabat_ERR6279677.48_sub	age	age	-0.0677839148676325	0.0453429123091829	352	62	0.13585580827396	0.493467394140088
semibin_SRR20881987.25	response	R	0.116997258707718	0.0783630566553126	352	38	0.136353848870426	0.493467394140088
metabat_SRR13068834.30	age	age	-0.0956138439280078	0.0644119458188084	352	56	0.13861313892754	0.495468241272909
metabat_SRR13068838.21	age	age	0.0904798875732527	0.06092326163932	352	44	0.138413666794051	0.495468241272909
maxbin_SRR16168913.015	gender	male	0.281140776245354	0.189718748196875	352	97	0.139279785849841	0.495896678328822
metabat_SRR16168986.5	age	age	-0.0751831059967421	0.0507581552856216	352	62	0.139470940779981	0.495896678328822
semibin_ERR12406007.1	response	R	0.200986349455984	0.135833216769731	352	43	0.139872511186945	0.496012282414919
metabat_SRR25825508.34_sub	age	age	-0.0621939180931785	0.0421670699313688	352	57	0.141146056887073	0.49921131699007
metabat_SRR13068853.24	gender	male	0.213237161218831	0.144980481312192	352	63	0.142263300645853	0.501254851639393
metabat_SRR11413647.31	age	age	-0.103078254005968	0.0701863394228495	352	62	0.142842714418071	0.501254851639393
semibin_SRR23364183.27	response	R	0.197177417454176	0.134209466184803	352	58	0.142701370925983	0.501254851639393
metabat_SRR6000907.1_sub	gender	male	-0.301406286934147	0.205652666090508	352	98	0.143660508931333	0.502811781259666
semibin_SRR13068817.76	response	R	0.212852320921681	0.145518767516144	352	40	0.144450812929159	0.504264656043611
semibin_ERR12405916.16	response	R	0.242300218541401	0.166039136980241	352	74	0.145389453587159	0.506226491246481
maxbin_SRR13068842.057_sub	age	age	0.108569584354948	0.0746063483843936	352	50	0.14650894174614	0.508806247304424
metabat_SRR6000905.24	cancer_type	Other	-0.295841373533585	0.169377241071198	352	39	0.149017274434858	0.516183548557859
metabat_SRR6000907.1_sub	cancer_type	Other	-0.310116333711767	0.215134478932753	352	98	0.150345329846761	0.516941373445628
metabat_SRR5930523.5	response	R	-0.306202694447445	0.212442800631581	352	103	0.150389938256875	0.516941373445628
semibin_ERR12405923.28	gender	male	-0.301250151055908	0.208607122435906	352	58	0.14962102290144	0.516941373445628
metabat_SRR16554674.5	gender	male	0.47343720122831	0.32967997673509	352	273	0.151895331782655	0.51945884456969
maxbin_SRR13068818.010	response	R	0.244821336535609	0.170370156927968	352	81	0.151620711686773	0.51945884456969
maxbin_ERR6279673.036	age	age	-0.055687390029023	0.0389143838603338	352	55	0.153333984056781	0.521723733094463
semibin_SRR13068834.14_sub	age	age	-0.063186301402096	0.0441166586974941	352	36	0.152978886079787	0.521723733094463
metabat_SRR16168982.24	gender	male	-0.356100338798118	0.24974079025956	352	131	0.154806116925772	0.52382151627039
semibin_SRR6000892.71	response	R	0.213011274843826	0.149500687998493	352	70	0.155119764490785	0.52382151627039
semibin_SRR25825510.41_sub	age	age	-0.0627057043976615	0.0439838686374416	352	65	0.154878642605667	0.52382151627039
semibin_SRR20881980.56	age	age	-0.0932900810920988	0.0655523925750922	352	63	0.155600105648691	0.524126671658748
semibin_SRR11413689.18	response	R	0.202966456250067	0.143241739654557	352	70	0.157405676970134	0.527564164209126
metabat_SRR5930528.37	cancer_type	Other	-0.394849003757305	0.200622302959077	352	42	0.157328354637925	0.527564164209126
semibin_SRR5930523.22	response	R	0.191329882925744	0.135407675412954	352	70	0.158565707409731	0.530130126265368
semibin_SRR11413689.110	age	age	0.0839617423579105	0.0595556237846746	352	41	0.159493280921818	0.531908113049438
metabat_ERR6279627.10	response	R	0.223068294627675	0.158392262259293	352	57	0.159931870687503	0.532050579712881
semibin_SRR13022464.9	gender	male	0.202059557633722	0.14385019233093	352	44	0.161021199410556	0.534351832117995
semibin_SRR5930507.29	response	R	-0.307564381843465	0.219289103961328	352	112	0.161648691948395	0.535112911277446
semibin_SRR5930501.2	age	age	-0.104801456950482	0.0749997125870183	352	75	0.163204024715677	0.53893417498248
metabat_SRR6000877.7	response	R	-0.27617685386294	0.198625897001333	352	126	0.165294764253613	0.544500399894256
metabat_SRR5930498.82	cancer_type	Other	1.0376586195958	0.250765713120416	352	74	0.167615521149489	0.547917178912287
semibin_SRR6000903.13	age	age	-0.0652953873875093	0.047210977074954	352	63	0.167547986178895	0.547917178912287
semibin_SRR13068834.14_sub	response	R	0.119084869700525	0.0861869044816033	352	36	0.16796270663085	0.547917178912287
metabat_SRR5930526.60_sub	response	R	0.107874900930744	0.0778578721290776	352	38	0.166789940843023	0.547917178912287
semibin_SRR13068818.12_sub	response	R	0.11369063287234	0.0827214838346573	352	51	0.170223161650064	0.55394655994597
semibin_SRR16168903.11	cancer_type	Other	-0.564471635056408	0.345864431818794	352	77	0.172590536077507	0.554932249971698
semibin_SRR25825508.4_sub	age	age	-0.135083599988243	0.0986524816766018	352	60	0.171796886323232	0.554932249971698
metabat_ERR12405917.12	gender	male	-0.2687220674781	0.196544453171287	352	50	0.17244553254868	0.554932249971698
maxbin_ERR6280910.023_sub	age	age	-0.0603404020208453	0.04398123585196	352	54	0.170972990782649	0.554932249971698
semibin_SRR16168929.20_sub	response	R	0.12309789787052	0.0898369425232768	352	36	0.171510262739478	0.554932249971698
semibin_SRR23364195.41	gender	male	-0.398266725592906	0.292844489113724	352	210	0.174720813361062	0.555792544650562
semibin_SRR11413686.80	response	R	0.326610118804751	0.239761733372895	352	62	0.174009933482686	0.555792544650562
maxbin_SRR16554775.001	gender	male	-0.312041393422096	0.228804439458603	352	126	0.173524560831051	0.555792544650562
metabat_SRR16168896.4	age	age	0.12943665504208	0.0952211450142009	352	63	0.174925778561896	0.555792544650562
metabat_SRR16168896.4	gender	male	-0.266889252379458	0.196247566594755	352	63	0.174724829595447	0.555792544650562
semibin_SRR11413691.62	gender	male	-0.372918392252571	0.27507917912781	352	70	0.176083912643956	0.556839479043474
metabat_SRR16554646.5	response	R	-0.360550202907561	0.26582515850002	352	86	0.175871774203239	0.556839479043474
semibin_SRR20881976.18_sub	age	age	-0.064652976635189	0.0477958494512296	352	40	0.177043066528538	0.558558407075951
semibin_SRR5930536.88	gender	male	0.192436719188006	0.14268463733253	352	64	0.178318880748419	0.561265985306498
semibin_SRR16554655.39	age	age	0.209497012777596	0.156319096340321	352	191	0.181061138121155	0.568565816903815
semibin_SRR16554672.14	gender	male	0.223191691223152	0.16688755873759	352	49	0.181975349669861	0.570104591972712
maxbin_SRR11413620.019	cancer_type	Other	0.533991895827607	0.299133066951553	352	103	0.183593542620718	0.573836561121499
metabat_SRR16168974.17	gender	male	-0.158692985198271	0.119242540000929	352	37	0.184126028615817	0.574165620556051
semibin_SRR20881987.25	age	age	-0.0533048262621503	0.0401159314799901	352	38	0.184805216263974	0.574949561710142
metabat_SRR13022352.3	response	R	0.372557993635909	0.281488615019454	352	239	0.186537406680611	0.576336263399404
semibin_SRR23364193.36	age	age	-0.103423732255973	0.0781087591302076	352	71	0.186346589375529	0.576336263399404
semibin_SRR5930495.29	response	R	-0.263231805568429	0.198582803979966	352	61	0.185862988641354	0.576336263399404
metabat_ERR6279619.19_sub	age	age	-0.0422327634722301	0.0319624984086961	352	38	0.187273542528902	0.577283580639552
metabat_SRR16554713.7	cancer_type	Other	-0.411377528921234	0.224605271580504	352	91	0.188782868930224	0.579332111072012
maxbin_SRR23364240.009_sub	gender	male	0.140183110294652	0.106460872996806	352	49	0.188800196911861	0.579332111072012
semibin_SRR20881980.15_sub	gender	male	0.177093752808313	0.1348817013164	352	58	0.190075021305535	0.581915327185966
maxbin_SRR16168913.015	response	R	0.237426848465114	0.181698172363353	352	97	0.192177621070388	0.587015278905913
metabat_SRR16168975.22	age	age	-0.0487985767253492	0.0373908436093463	352	48	0.192733852524873	0.587379360075804
semibin_SRR20881986.74	age	age	-0.0984858036188674	0.0759328206471413	352	72	0.195493324341929	0.594441239627948
metabat_SRR20881987.29	response	R	0.184694500216224	0.142547886832524	352	69	0.195962555328292	0.594522966955361
semibin_SRR5930507.29	gender	male	-0.294986269122663	0.229055957655689	352	112	0.198666959804862	0.597308737128004
metabat_SRR16554713.7	response	R	0.255759766718785	0.198989471899412	352	91	0.199547338519698	0.597308737128004
maxbin_SRR8387707.004_sub	age	age	-0.0925002006131553	0.0717616823588714	352	75	0.198264641826437	0.597308737128004
maxbin_SRR23364240.009_sub	age	age	-0.0672953352184791	0.0522143814294168	352	49	0.198322071283144	0.597308737128004
semibin_SRR16554627.102	response	R	-0.145666782648225	0.112905223480592	352	38	0.197857459444006	0.597308737128004
metabat_SRR23364213.66	response	R	0.185262296102793	0.14411927960187	352	48	0.199482225244028	0.597308737128004
maxbin_SRR16554755.007_sub	cancer_type	Other	-0.566274422374266	0.356612740336172	352	93	0.201004318443251	0.60033289775051
semibin_SRR16168903.11	age	age	0.118619391958441	0.0930741569467431	352	77	0.203353122075833	0.604660610774157
semibin_SRR6000900.14	age	age	-0.107135687297707	0.0840398402558436	352	38	0.203226846242165	0.604660610774157
semibin_SRR16554716.24	cancer_type	Other	-0.289928414818451	0.22832694030602	352	107	0.205008520673274	0.608237200408123
maxbin_SRR5930518.019_sub	age	age	-0.131873694062871	0.103996009159139	352	74	0.2056249042571	0.608722183527627
semibin_SRR16554630.20	age	age	0.130495597083399	0.10346453505861	352	131	0.208062797143433	0.612996945614845
maxbin_SRR5930497.004	gender	male	-0.152070636598164	0.120607936836506	352	47	0.208205878203559	0.612996945614845
semibin_ERR12405918.0	age	age	0.100485494034976	0.0797365302809647	352	41	0.208437205465762	0.612996945614845
semibin_SRR5930502.48	cancer_type	Other	-0.369715074365302	0.295460614135429	352	149	0.211661557652322	0.619767175347975
metabat_SRR23364233.36	response	R	0.246756571329412	0.197112880142719	352	101	0.21146645021539	0.619767175347975
semibin_SRR11413653.97_sub	gender	male	0.376629830531578	0.301640482671434	352	178	0.212651337569348	0.62131173411566
metabat_SRR16554771.5	response	R	0.175677287754258	0.140932671569894	352	67	0.213420083804792	0.622205190094666
semibin_SRR5930499.112	age	age	0.148618481181854	0.120225735674078	352	153	0.21724047485467	0.629675393516025
maxbin_SRR6000869.050	cancer_type	Other	0.381509990377564	0.231799974226876	352	86	0.216479384293019	0.629675393516025
metabat_SRR5930506.9_sub	age	age	-0.0583679255394706	0.047231807980693	352	64	0.217387933475771	0.629675393516025
semibin_SRR23364171.72	gender	male	0.138545512737719	0.112904156430112	352	42	0.22062523316213	0.637678093268608
semibin_ERR12405970.61	response	R	0.173412577972452	0.14163562629942	352	38	0.221651746781791	0.639270273980101
metabat_SRR16554771.26	age	age	0.130971285861411	0.107554387697282	352	192	0.224157427005403	0.645112595064799
metabat_SRR25825507.13_sub	gender	male	0.145586823517867	0.119912906198855	352	44	0.225541574354031	0.647709136606448
semibin_ERR12405964.2	cancer_type	Other	0.494198711072062	0.359624397555374	352	37	0.226821961734632	0.649997263478348
semibin_SRR5930511.52	cancer_type	Other	0.593095252657925	0.428553107276138	352	183	0.231357700421295	0.652243893189984
semibin_SRR6000900.32	age	age	0.169134703630616	0.140648345598153	352	162	0.229976933682595	0.652243893189984
semibin_SRR11413608.137	cancer_type	Other	-0.529063302747436	0.399076572837947	352	87	0.22877400737495	0.652243893189984
semibin_SRR16168903.11	response	R	-0.219806081447696	0.183077231258594	352	77	0.230720770547008	0.652243893189984
semibin_SRR11413683.102	age	age	-0.113260777194604	0.0944907628826679	352	42	0.231488346020552	0.652243893189984
metabat_SRR13022323.1	response	R	0.233697728143425	0.194256801600844	352	97	0.229783213267621	0.652243893189984
semibin_SRR16554790.42	cancer_type	Other	-0.326887241581609	0.2103576191681	352	52	0.230620293185073	0.652243893189984
metabat_SRR11413687.86	gender	male	0.175806290499527	0.146636386861131	352	40	0.231374516358835	0.652243893189984
metabat_SRR13068843.68	response	R	0.0971649107732486	0.0811716349549314	352	54	0.232123084851686	0.652664071214782
semibin_SRR16554653.1	cancer_type	Other	0.245588611123727	0.205549224455727	352	55	0.232984219711289	0.653717727123116
semibin_SRR16168913.44_sub	response	R	-0.245300833904494	0.205700699564027	352	94	0.233877650471085	0.654095578713082
metabat_SRR16554744.3	response	R	0.269251645269986	0.226118193524076	352	112	0.234563831067882	0.654095578713082
maxbin_SRR23364240.011	response	R	0.0949827229957785	0.0797674540314257	352	65	0.234578920342043	0.654095578713082
semibin_SRR16554671.9	cancer_type	Other	-0.463912642954245	0.355760614904555	352	91	0.23713882457646	0.654640528462797
semibin_SRR11413690.7	age	age	0.124181307691979	0.104988882609659	352	67	0.237696858548992	0.654640528462797
semibin_ERR2162202.11	cancer_type	Other	-0.345237439782468	0.221522682640324	352	100	0.237270465722575	0.654640528462797
metabat_SRR6000947.37_sub	response	R	0.113405876144561	0.0954009324364346	352	66	0.235370479176643	0.654640528462797
metabat_SRR6000907.39	gender	male	-0.241966294984366	0.204311733895064	352	118	0.237105391900663	0.654640528462797
semibin_SRR20881980.56	gender	male	0.158539308553583	0.133667316492119	352	63	0.23641483327478	0.654640528462797
semibin_SRR16554630.20	cancer_type	Other	-0.654801895594381	0.475335317944669	352	131	0.239608123004163	0.655872336695712
metabat_ERR6243880.3	cancer_type	Other	-0.499390328565721	0.385653060210325	352	90	0.239595490505699	0.655872336695712
metabat_ERR12405939.30	cancer_type	Other	-0.499980904121618	0.384266574150501	352	78	0.23863323770724	0.655872336695712
semibin_SRR20881985.46_sub	response	R	0.120368301940364	0.102676690276759	352	39	0.241888975963384	0.660769885558513
semibin_SRR23364183.27	age	age	-0.0803356914941725	0.0686519686033925	352	58	0.242733427649531	0.661731697283913
metabat_SRR16554662.30_sub	cancer_type	Other	-0.459285253297023	0.358399121929528	352	94	0.244066669849722	0.664019441858352
semibin_SRR11413683.102	cancer_type	Other	0.361135089701184	0.225066079493552	352	42	0.24466844574256	0.664311901167677
metabat_SRR6000877.7	cancer_type	Other	-0.690078662995897	0.516495754562891	352	126	0.245377349647832	0.664893463561868
maxbin_SRR16554775.001	cancer_type	Other	-0.612795835977007	0.450640459186215	352	126	0.246159465317683	0.665670666774579
metabat_SRR5930527.85	gender	male	-0.158126088591997	0.136493302769713	352	38	0.24746974405637	0.667211298436702
semibin_SRR20881976.18_sub	response	R	0.108113364378864	0.0933723107284074	352	40	0.247722052023746	0.667211298436702
semibin_SRR5930502.48	response	R	-0.310068977978793	0.27071493991335	352	149	0.252844928783017	0.676211958166583
metabat_ERR12405930.6	cancer_type	Other	0.42207549481898	0.324117004854455	352	46	0.253076350415023	0.676211958166583
maxbin_SRR16168913.015	age	age	0.105452053205939	0.0920850125551668	352	97	0.252937706532245	0.676211958166583
metabat_SRR16554687.19	cancer_type	Other	0.18709502902442	0.163116605954988	352	48	0.252171155471645	0.676211958166583
semibin_SRR16554673.13	gender	male	-0.177811151028419	0.155530766001554	352	37	0.25372136239296	0.676590299714559
semibin_SRR5930498.62_sub	age	age	-0.0496289112591792	0.0437000087338577	352	37	0.256884364709365	0.683668487464132
semibin_SRR5930507.29	cancer_type	Other	-0.564756686077892	0.387906946135527	352	112	0.258272188991591	0.685334164514513
semibin_ERR12405947.71	response	R	0.222141084726119	0.196495448822759	352	104	0.259039996706378	0.685334164514513
metabat_ERR6279652.5	response	R	0.0896586107150197	0.0792264995651764	352	65	0.258563716923513	0.685334164514513
maxbin_ERR6279655.020	cancer_type	Other	-0.454857726466213	0.369299614360336	352	87	0.260875790249912	0.687803543730988
semibin_SRR20881976.18_sub	gender	male	0.109641399842803	0.0973811686630858	352	40	0.260996880433634	0.687803543730988
semibin_SRR23364171.72	response	R	0.121501265797164	0.108247316313602	352	42	0.262460305895214	0.690306557970973
maxbin_ERR6279658.017_sub	response	R	0.166822432228827	0.14904585881935	352	53	0.263805348377386	0.691139158322042
semibin_ERR6243877.10	response	R	0.101961996539786	0.0910905624512529	352	64	0.263776952195414	0.691139158322042
maxbin_SRR16554733.009	age	age	0.0937327201174035	0.0840796293736425	352	81	0.265703872672476	0.694758764342038
metabat_SRR16168984.8_sub	response	R	0.112419160505667	0.101169154182408	352	45	0.267261534435966	0.697474761712502
semibin_SRR16554630.20	response	R	-0.225270791157633	0.203137887430566	352	131	0.268223344714804	0.698462117251614
semibin_ERR6273965.5	response	R	0.113207829447732	0.102435810371624	352	64	0.269867222220535	0.698462117251614
semibin_ERR2162202.9	cancer_type	Other	0.182355906712575	0.165136079536078	352	54	0.270238319174732	0.698462117251614
maxbin_SRR16168920.025	age	age	-0.0600851995260905	0.0543754280613478	352	38	0.269929327759592	0.698462117251614
metabat_SRR16168984.8_sub	age	age	-0.0572414165519348	0.051795479212331	352	45	0.269870333559294	0.698462117251614
maxbin_SRR16168926.008	response	R	0.0916756965325363	0.083232316289343	352	68	0.271477655856859	0.699534197265334
metabat_SRR16554687.19	response	R	0.164538300003106	0.149455122163029	352	48	0.271694085545018	0.699534197265334
maxbin_ERR12406000.010	cancer_type	Other	0.485281954227486	0.384244710936112	352	57	0.272519274287392	0.700317217289207
semibin_SRR16554716.24	response	R	0.229063534624487	0.209203903899053	352	107	0.27430691405482	0.702225699980339
maxbin_SRR5930515.007	gender	male	0.240726785495944	0.219684688109082	352	81	0.273934652437526	0.702225699980339
metabat_ERR12405967.40_sub	gender	male	-0.15199717878501	0.139562420406611	352	37	0.276880252995319	0.707465893584997
semibin_ERR2162223.6	gender	male	0.268002545222891	0.246773246500664	352	118	0.278226886103866	0.70821389190075
metabat_ERR2162222.11_sub	age	age	-0.083911682583197	0.0772302096660184	352	74	0.278005962422291	0.70821389190075
metabat_SRR13068832.4	gender	male	0.13898405348806	0.128661922484769	352	61	0.280801162540854	0.712069363122468
maxbin_ERR6282070.040_sub	response	R	0.165200902598094	0.152899569736114	352	47	0.280692726553371	0.712069363122468
semibin_SRR16554633.6	gender	male	0.175074776023523	0.16245222969585	352	44	0.281916255701519	0.713550748894239
metabat_ERR12405981.15	response	R	-0.234211644275523	0.218691879580756	352	104	0.284934119334115	0.716684352436987
semibin_ERR6264280.18	cancer_type	Other	-0.464450516913225	0.398813740269385	352	90	0.285287298031092	0.716684352436987
metabat_SRR16554744.3	age	age	0.122890940978627	0.114576200363983	352	112	0.284213491703449	0.716684352436987
semibin_SRR5930498.62_sub	response	R	0.0913996527082302	0.0853658008150738	352	37	0.285066122633801	0.716684352436987
semibin_SRR5930498.73	age	age	-0.067555111873159	0.0633797799149328	352	46	0.2872227318992	0.720200282971129
maxbin_SRR25825509.002	cancer_type	Other	-0.437628586052552	0.336085878082501	352	122	0.288683034467338	0.721431933141721
semibin_SRR20881975.0	age	age	-0.093411049591228	0.0881197034741901	352	58	0.28986104456587	0.721431933141721
metabat_SRR16554669.41_sub	age	age	-0.083122581156026	0.0783543177599632	352	71	0.289496889184327	0.721431933141721
semibin_ERR6233693.7	gender	male	0.1491608343312	0.14056617050879	352	60	0.289372402976106	0.721431933141721
metabat_SRR16554633.8	age	age	0.0817828661566855	0.0772843879209465	352	69	0.290697253193897	0.721508595482357
semibin_SRR16554672.14	cancer_type	Other	-0.184641069333244	0.174582069233032	352	49	0.290965519904343	0.721508595482357
semibin_SRR11413654.21	age	age	-0.0636319785469487	0.0603127842501326	352	36	0.292145329612486	0.723100042355767
metabat_SRR16554746.22	age	age	0.120403230449106	0.114323933155977	352	109	0.292993197574558	0.723865546948909
metabat_SRR13068832.4	age	age	-0.0661075189699479	0.0631079158920435	352	61	0.29558850119611	0.728937514876279
semibin_SRR11413657.102	response	R	0.141864279023	0.135706740031379	352	63	0.296586987773125	0.730060277595383
metabat_SRR11413649.62	cancer_type	Other	0.456666500393594	0.388222212846299	352	58	0.304047324246913	0.731018969209037
semibin_SRR16554765.8	cancer_type	Other	-0.539857930054016	0.449249646711151	352	95	0.301645272646977	0.731018969209037
metabat_ERR6275681.8	cancer_type	Other	-0.438055889500458	0.392637465904906	352	93	0.302452604032029	0.731018969209037
metabat_ERR6281505.14	cancer_type	Other	-0.449340729603619	0.399819438197581	352	88	0.301263612261002	0.731018969209037
metabat_SRR16554744.3	gender	male	0.244965374770459	0.236076470283739	352	112	0.300154918416081	0.731018969209037
semibin_SRR13022424.5	age	age	-0.0783457609719027	0.075983459809557	352	58	0.303218641339116	0.731018969209037
maxbin_ERR6279658.017_sub	gender	male	0.160592621243108	0.155569069571536	352	53	0.302661853207192	0.731018969209037
maxbin_ERR6279658.017_sub	cancer_type	Other	-0.463777675292893	0.408196212485479	352	53	0.303723318837358	0.731018969209037
maxbin_SRR16554647.003	response	R	-0.148163402940081	0.143097483936653	352	46	0.301202290553904	0.731018969209037
semibin_SRR16554693.19	age	age	0.0888171748535016	0.0856899735246191	352	36	0.300693317036462	0.731018969209037
semibin_SRR16168945.59_sub	age	age	-0.0737738695504057	0.071061398253694	352	61	0.29991803012593	0.731018969209037
semibin_SRR23364229.5	response	R	0.0936672768070536	0.0899932133876045	352	42	0.298690067264192	0.731018969209037
metabat_SRR23364213.66	cancer_type	Other	0.164086280312466	0.157293021484346	352	48	0.297587184505085	0.731018969209037
semibin_ERR2162202.11	response	R	0.20747175838907	0.201832016267338	352	100	0.304692909216705	0.731262982120091
metabat_ERR12405956.16	response	R	0.264856240002249	0.259512989624381	352	138	0.30815996018954	0.731808585614031
metabat_SRR16554626.7	age	age	0.11769446713029	0.115325070910086	352	94	0.308180893555907	0.731808585614031
maxbin_SRR5930508.026	cancer_type	Other	-0.291707064672764	0.234334691461324	352	94	0.308424067451072	0.731808585614031
semibin_ERR6279671.24	response	R	0.0991923038112357	0.0969939577838979	352	68	0.307188772929586	0.731808585614031
semibin_SRR20881980.15_sub	age	age	-0.0676781311139932	0.0660262886634412	352	58	0.306070501862647	0.731808585614031
metabat_SRR11413686.5	cancer_type	Other	0.301553049969407	0.238086010786171	352	41	0.308731747055919	0.731808585614031
semibin_SRR5930498.118	cancer_type	Other	0.266760137193607	0.193734865788188	352	46	0.307808298586491	0.731808585614031
metabat_SRR6000907.39	cancer_type	Other	0.412304682114233	0.253938461050874	352	118	0.310585028921441	0.734905420546508
semibin_SRR11413683.102	response	R	0.188869424598869	0.186527588489043	352	42	0.311978678964132	0.736905702157809
maxbin_SRR5930501.002	cancer_type	Other	0.491267152418575	0.435015476115764	352	52	0.31385096080188	0.739500045083563
metabat_SRR16554786.10	cancer_type	Other	-0.694531520990451	0.623505511263198	352	81	0.314294506039604	0.739500045083563
maxbin_ERR6281505.022	response	R	0.0815267792592153	0.0810345248386672	352	63	0.315090534667356	0.739500045083563
maxbin_ERR6279614.017_sub	response	R	0.0849567343204783	0.0844765209965933	352	63	0.315277921006608	0.739500045083563
metabat_SRR5930514.58	response	R	0.1859191030196	0.185623380012574	352	44	0.317239801185468	0.742805388141583
semibin_SRR13068844.35	gender	male	0.140632332528334	0.141010738316727	352	68	0.319312971664347	0.745570788466784
metabat_SRR13068838.21	cancer_type	Other	-0.229061199106528	0.210551266137626	352	44	0.319530337914336	0.745570788466784
maxbin_ERR2162223.012	age	age	-0.112460320253576	0.1132055020072	352	126	0.321198969344968	0.748165363604223
semibin_SRR16168913.44_sub	cancer_type	Other	-0.423374703717805	0.372195955665789	352	94	0.322303199867218	0.749438582390208
maxbin_ERR6275667.027	age	age	-0.0581699027762973	0.0588404614223014	352	48	0.323550770571949	0.751040130654058
semibin_SRR20881975.0	response	R	0.170142517040691	0.173567793290373	352	58	0.327638989976088	0.751445055508297
metabat_SRR5930536.13	response	R	-0.244533133281006	0.2494273873834	352	137	0.32758374592908	0.751445055508297
semibin_SRR23364199.62	response	R	0.0984075300214458	0.100145149951659	352	68	0.326474442119868	0.751445055508297
maxbin_SRR16554733.009	response	R	0.162095375632753	0.165244534789819	352	81	0.327309709521999	0.751445055508297
semibin_SRR11413679.4	age	age	-0.0846056471204004	0.0859940421700769	352	60	0.325872426306152	0.751445055508297
semibin_SRR13022464.9	cancer_type	Other	0.222988540925264	0.162818673300089	352	44	0.324898044336269	0.751445055508297
metabat_SRR20881977.25_sub	age	age	-0.0473923809214677	0.04822137454782	352	38	0.326392180560134	0.751445055508297
metabat_SRR13022323.1	cancer_type	Other	-0.267025215560519	0.234201049426252	352	97	0.330091457378197	0.754494759721593
semibin_ERR2162202.9	gender	male	-0.154077482749426	0.157857890528761	352	54	0.329718727438734	0.754494759721593
metabat_SRR6000877.7	age	age	0.0984209906723051	0.101254024546546	352	126	0.331717726653562	0.754993159956471
semibin_SRR20881981.34	response	R	0.0935771649458633	0.0961476197437969	352	68	0.331108813592094	0.754993159956471
metabat_SRR16554665.10	gender	male	-0.191891794172784	0.19752836272903	352	107	0.331994760070145	0.754993159956471
metabat_ERR6271719.4	cancer_type	Other	0.412904671467893	0.386673978556805	352	54	0.339753443714212	0.755911827454553
maxbin_SRR16554728.024	gender	male	0.195922777191296	0.204701353081896	352	53	0.339175457609901	0.755911827454553
semibin_SRR11413691.42	age	age	-0.0937809721389184	0.0983203572129072	352	67	0.340835243629062	0.755911827454553
metabat_SRR16554662.30_sub	response	R	0.187480032079029	0.196110342493111	352	94	0.339742909571824	0.755911827454553
semibin_SRR13022424.5	response	R	-0.145086576029102	0.149835598580716	352	58	0.333567053994152	0.755911827454553
metabat_SRR16554626.7	gender	male	-0.227480943098165	0.236428242585792	352	94	0.336647659294428	0.755911827454553
semibin_SRR16554730.5	response	R	0.0971790954062915	0.101006940015425	352	75	0.336677039739063	0.755911827454553
metabat_ERR6235716.8_sub	response	R	0.0769469905133272	0.0804984928952488	352	65	0.339807073758526	0.755911827454553
semibin_ERR6232458.16	age	age	-0.0767966681506533	0.0793044697489391	352	73	0.333533578201587	0.755911827454553
metabat_SRR11413647.31	gender	male	0.13712278043405	0.143120193946407	352	62	0.338690298525542	0.755911827454553
metabat_SRR16554711.16	response	R	-0.13222283238447	0.136780043590435	352	49	0.334376176589151	0.755911827454553
semibin_SRR20881985.46_sub	age	age	-0.0501889246065548	0.0525325407775292	352	39	0.340051567677061	0.755911827454553
semibin_ERR6279674.8	response	R	0.0879242293919863	0.0920778040020015	352	63	0.340307073636194	0.755911827454553
maxbin_SRR23364204.024	response	R	0.0846274346203249	0.088286296063137	352	63	0.338458781475841	0.755911827454553
maxbin_ERR6280910.023_sub	response	R	0.0821191471192473	0.0858673569110372	352	54	0.339571017418817	0.755911827454553
maxbin_SRR25825509.002	gender	male	0.255166552241505	0.272723137119244	352	122	0.350117184145837	0.756698624711064
semibin_SRR5930533.9	cancer_type	Other	-0.440789510948844	0.40537454478362	352	135	0.342997152488996	0.756698624711064
metabat_ERR12405956.16	cancer_type	Other	0.263900711205041	0.283234709229874	352	138	0.352119435125673	0.756698624711064
maxbin_SRR16554755.007_sub	response	R	-0.18730883518213	0.200659375861058	352	93	0.351230488782423	0.756698624711064
semibin_SRR16554738.0	cancer_type	Other	-0.357376298881685	0.353975995053643	352	101	0.348818178762605	0.756698624711064
metabat_ERR12405970.10	cancer_type	Other	-0.438730428236642	0.428840525343375	352	74	0.346999667657694	0.756698624711064
semibin_SRR20881988.7	response	R	-0.207208188388943	0.220539176524824	352	58	0.348100574867403	0.756698624711064
maxbin_SRR16554647.003	age	age	-0.0674543157777194	0.0724390613751162	352	46	0.352404211058588	0.756698624711064
semibin_SRR25825499.11	response	R	0.0811939352947557	0.0872007463382602	352	67	0.3524504010931	0.756698624711064
metabat_SRR16168941.17	response	R	0.0848645978076794	0.090353972606522	352	70	0.348266936747573	0.756698624711064
metabat_ERR6279615.15	response	R	0.0822734013260874	0.0873569871971606	352	67	0.346955943828311	0.756698624711064
semibin_ERR6233695.43_sub	age	age	-0.0715786045255522	0.075494296506114	352	70	0.343724424518046	0.756698624711064
semibin_ERR12405970.61	cancer_type	Other	0.29660856044689	0.281287962830467	352	38	0.346531609656852	0.756698624711064
maxbin_SRR16554787.017_sub	age	age	0.100500934195206	0.105756114395434	352	74	0.342619505959043	0.756698624711064
semibin_SRR16168913.31	response	R	0.0796418653287074	0.0855323830585493	352	64	0.352442157623737	0.756698624711064
semibin_SRR16168945.59_sub	gender	male	0.137741321485612	0.144889132867261	352	61	0.342443642830849	0.756698624711064
metabat_SRR13068834.30	gender	male	0.122328196194358	0.131339493068345	352	56	0.352308032595007	0.756698624711064
metabat_SRR11413687.86	cancer_type	Other	0.222861982909856	0.190574603206256	352	40	0.348837279372174	0.756698624711064
metabat_SRR25825507.13_sub	response	R	0.108466309667096	0.114901832346879	352	44	0.345836027900499	0.756698624711064
metabat_SRR16168984.8_sub	gender	male	0.09934025444138	0.105509387014148	352	45	0.347097258276628	0.756698624711064
semibin_SRR11413690.11	response	R	-0.11953876628243	0.12878158809518	352	42	0.353937038434297	0.757470349770214
maxbin_ERR6279673.036	response	R	0.0705221967684771	0.0759706030257453	352	55	0.353915139406168	0.757470349770214
maxbin_SRR11413655.005	gender	male	-0.233015390181742	0.251560664744495	352	230	0.354952029130387	0.758430694735216
semibin_SRR11413688.2	response	R	0.0876071205996036	0.0946900327725159	352	67	0.355514388157132	0.758430694735216
maxbin_ERR12405962.011_sub	gender	male	0.190184343899533	0.206471318279077	352	115	0.35762902697046	0.759066795627881
maxbin_ERR12406000.010	response	R	-0.173422228541131	0.187875469060552	352	57	0.356615281827793	0.759066795627881
semibin_SRR5930499.112	gender	male	-0.224622477588946	0.245064622918089	352	153	0.360005273702765	0.759066795627881
maxbin_ERR6279658.017_sub	age	age	-0.0696808384434337	0.0760100445776441	352	53	0.359920214717311	0.759066795627881
maxbin_SRR5930501.087_sub	cancer_type	Other	-0.401325799516367	0.4030516166532	352	68	0.357151724395604	0.759066795627881
semibin_SRR16554790.42	gender	male	0.172765039633245	0.188840790618371	352	52	0.360895597028435	0.759066795627881
maxbin_SRR16554787.017_sub	gender	male	-0.199387932424698	0.2177248998657	352	74	0.360419369053242	0.759066795627881
metabat_ERR2162222.11_sub	gender	male	0.14496867690745	0.158340956241782	352	74	0.360543947959827	0.759066795627881
maxbin_ERR6282070.040_sub	cancer_type	Other	-0.290060603592275	0.28940524143466	352	47	0.358592125310807	0.759066795627881
maxbin_SRR5930515.007	cancer_type	Other	-0.385287414005536	0.315792239417105	352	81	0.361792894740457	0.759765078954959
metabat_SRR16554779.30	gender	male	-0.27553983521008	0.303002901785276	352	238	0.363795971860727	0.761068826498033
metabat_SRR5930536.13	cancer_type	Other	-0.404244626917808	0.379080397401867	352	137	0.364112541248687	0.761068826498033
semibin_SRR5930517.113	age	age	0.0526629464648638	0.0579351146299536	352	60	0.363987308170811	0.761068826498033
metabat_ERR6279619.19_sub	response	R	0.0566018961926002	0.0624138537447127	352	38	0.365107799738983	0.761964103803095
semibin_SRR16554738.0	response	R	0.178537337978554	0.197918618880325	352	101	0.36764419451823	0.765120257233836
metabat_SRR16168986.5	response	R	0.0893625178244685	0.09908549434766	352	62	0.36775869506924	0.765120257233836
metabat_ERR12405990.2	response	R	-0.163595021067858	0.18241358969077	352	58	0.370428363458928	0.769483339240803
semibin_SRR13068844.35	age	age	-0.0615800992893852	0.0689805977944471	352	68	0.372628806089212	0.770481715975233
semibin_SRR16168909.12	response	R	0.0986184370825788	0.110251076076638	352	70	0.371688621338002	0.770481715975233
maxbin_SRR5930507.045	cancer_type	Other	0.264493990785867	0.248047674446931	352	38	0.372238848068876	0.770481715975233
maxbin_ERR6275667.027	gender	male	0.106928549686402	0.119943370307842	352	48	0.373291219587972	0.770665743665491
semibin_SRR25825509.21	cancer_type	Other	0.459868783346701	0.473347686538112	352	94	0.375354861974888	0.771845012450711
semibin_SRR16554653.1	response	R	-0.167268963574536	0.188333887109102	352	55	0.37507465208174	0.771845012450711
metabat_SRR6000949.51_sub	age	age	-0.0579052919933627	0.0652669409197259	352	62	0.375585296237177	0.771845012450711
semibin_SRR20881985.46_sub	gender	male	0.0944127376931279	0.107095515010872	352	39	0.378625025498032	0.77690386911352
metabat_SRR16554687.19	gender	male	0.136159469959753	0.155927422999285	352	48	0.383145214674229	0.780222982609339
metabat_SRR13068828.29	response	R	0.144275099046294	0.165097190568704	352	44	0.382788095589965	0.780222982609339
semibin_SRR16554627.102	age	age	0.0504767444932559	0.0575592410839119	352	38	0.381119196518789	0.780222982609339
metabat_SRR5930498.82	age	age	0.0861985623444319	0.0986762026257579	352	74	0.382973696432631	0.780222982609339
metabat_SRR5930498.82	gender	male	-0.178018719652257	0.203295063497237	352	74	0.381817430175337	0.780222982609339
maxbin_ERR6232523.003	response	R	-0.108922999835	0.125796463768091	352	51	0.387165182811969	0.78602719894152
metabat_SRR13068843.53_sub	response	R	0.109496126005695	0.126407026161554	352	58	0.386976768675538	0.78602719894152
metabat_SRR13022352.3	gender	male	-0.251388718418769	0.293942873230087	352	239	0.393020227743372	0.789281435252463
maxbin_SRR11413649.010	gender	male	0.19797697155452	0.231313910077129	352	67	0.392654713109169	0.789281435252463
semibin_SRR16168929.15_sub	response	R	0.0834933891166889	0.0971296788784418	352	67	0.390607270501961	0.789281435252463
metabat_SRR11413686.5	age	age	0.0686708756746414	0.0803441938604973	352	41	0.393303588890609	0.789281435252463
semibin_ERR6279669.74	gender	male	0.108821198721943	0.127623064393249	352	59	0.394435187128609	0.789281435252463
metabat_SRR13022401.12	gender	male	0.135827307902489	0.159421127699217	352	69	0.394808589460156	0.789281435252463
metabat_SRR11413685.32	age	age	-0.0527728542916505	0.0618193435233346	352	48	0.393883854406697	0.789281435252463
semibin_SRR5930498.118	gender	male	0.141872297512088	0.165958997206724	352	46	0.393217305127971	0.789281435252463
semibin_SRR11413691.52	cancer_type	Other	0.205228615448061	0.19922400099207	352	43	0.39522798059889	0.789281435252463
metabat_SRR5930527.85	age	age	-0.0573664424829731	0.066591249932207	352	38	0.389573537558518	0.789281435252463
metabat_SRR5930516.94	response	R	0.0780979922976255	0.0914634648154327	352	45	0.39377344072219	0.789281435252463
semibin_SRR6000910.14	response	R	0.0916371876780756	0.108635467986308	352	74	0.399521747529901	0.796672446113038
semibin_ERR6267712.45	cancer_type	Other	0.248262448471948	0.258668255449079	352	75	0.400813233134144	0.798063681973763
metabat_SRR5930502.31	age	age	-0.0737582483975065	0.087927070888777	352	51	0.4021302802268	0.799501622226063
semibin_SRR6000903.13	response	R	0.0771057796185266	0.0921587195104272	352	63	0.403365956314235	0.800773774425897
maxbin_SRR13068818.010	cancer_type	Other	-0.22217334674361	0.230054661025751	352	81	0.404304670653386	0.801453506427952
semibin_SRR16554672.14	age	age	0.0674744518005722	0.0809753960640586	352	49	0.405265070023073	0.802174159220928
maxbin_SRR5930508.026	gender	male	-0.168843166862471	0.202914549268572	352	94	0.405931038180997	0.802310757816559
maxbin_ERR2162223.012	cancer_type	Other	-0.394568364916049	0.42787510547907	352	126	0.407489810352958	0.802706795454146
semibin_ERR2162202.9	response	R	-0.125640778918557	0.15130545903707	352	54	0.406895837677947	0.802706795454146
metabat_ERR6279627.10	cancer_type	Other	-0.267216310202649	0.296226988134111	352	57	0.407923170606534	0.802706795454146
metabat_SRR23364184.15	response	R	0.0804786292052093	0.0972905429519451	352	68	0.408700712650305	0.803061049418144
maxbin_SRR16554707.013	cancer_type	Other	-0.205596045949833	0.249123621507429	352	102	0.409781218526072	0.803371684357748
maxbin_ERR2162209.017_sub	response	R	0.0949375026558609	0.115190967885393	352	73	0.410414170132002	0.803371684357748
maxbin_SRR5930508.026	response	R	0.160124576279589	0.194386747459436	352	94	0.410652044013224	0.803371684357748
semibin_SRR16554655.39	gender	male	0.263173440815993	0.321044549788932	352	191	0.412928699050089	0.80431778714735
semibin_SRR25825514.3_sub	cancer_type	Other	-0.37272950078414	0.38397474776814	352	136	0.415358488918426	0.80431778714735
semibin_SRR16554738.0	age	age	-0.0820474694006519	0.100571747754237	352	101	0.415168470495501	0.80431778714735
semibin_SRR11413606.8	response	R	0.0626804925314891	0.0767305968851238	352	63	0.414559294498001	0.80431778714735
metabat_ERR12405917.12	response	R	-0.154076297266026	0.188224537867935	352	50	0.413593056856056	0.80431778714735
semibin_SRR5930510.9	cancer_type	Other	-0.334599514378939	0.377264927134307	352	36	0.413482286801141	0.80431778714735
metabat_ERR6279677.48_sub	response	R	0.0724028414029018	0.0885122179133521	352	62	0.413927368772854	0.80431778714735
metabat_SRR23364213.66	age	age	-0.0594221455880808	0.0729563165837281	352	48	0.415923260466822	0.80431778714735
semibin_SRR13068827.60	cancer_type	Other	0.181172132217158	0.195089637401545	352	36	0.418217969970444	0.806828766200777
metabat_SRR20881977.25_sub	response	R	0.0763267488399358	0.0942143198620634	352	38	0.418422358662159	0.806828766200777
semibin_ERR12405939.29	cancer_type	Other	0.608025829183103	0.678201269243444	352	249	0.419651782225759	0.808040107896018
semibin_SRR13022308.4	gender	male	0.239025433798503	0.297156051038874	352	107	0.421734360480551	0.808461660979117
metabat_ERR12405985.2	response	R	0.162804468421678	0.202290034218964	352	99	0.421483376491446	0.808461660979117
semibin_SRR25825516.1	response	R	0.0776201599264073	0.0966095044106485	352	67	0.422276849707842	0.808461660979117
metabat_SRR16554711.16	gender	male	0.114956533720879	0.142703437701663	352	49	0.421046835417067	0.808461660979117
maxbin_SRR13022355.014	gender	male	0.24283834871184	0.302677433276163	352	272	0.422932060332356	0.808564280350906
metabat_SRR16554744.3	cancer_type	Other	-0.286433663766914	0.282818913185906	352	112	0.424290179963848	0.809716057587137
maxbin_ERR6279662.030	response	R	0.0662874293588155	0.0829441375382672	352	62	0.424739449850396	0.809716057587137
metabat_ERR12405933.43	age	age	-0.113947322032749	0.143128043374977	352	229	0.426510467287281	0.811940606280604
semibin_SRR16554706.23	cancer_type	Other	0.616900701074571	0.706369797349228	352	259	0.430136623173111	0.812240491881239
maxbin_SRR11413655.005	response	R	0.190775701418397	0.240915378736517	352	230	0.428976682195727	0.812240491881239
semibin_SRR16554673.15	age	age	-0.0614641078811058	0.0775362887460716	352	39	0.428486064776717	0.812240491881239
maxbin_SRR5930518.019_sub	gender	male	0.169120975118608	0.213318480788393	352	74	0.428433546125449	0.812240491881239
metabat_SRR6000949.51_sub	gender	male	0.105237561950784	0.133115126141253	352	62	0.429738393309343	0.812240491881239
maxbin_SRR16168918.042_sub	age	age	0.0395972090639504	0.050147162531455	352	47	0.430294070103751	0.812240491881239
maxbin_SRR11413655.009_sub	age	age	-0.0859168079796436	0.109516704411167	352	84	0.433309813173436	0.815642001267644
semibin_SRR11413654.21	cancer_type	Other	0.17322758594579	0.192098292376763	352	36	0.43307515190407	0.815642001267644
metabat_SRR5930534.8_sub	response	R	0.0674446402507707	0.086199754017114	352	44	0.434506904162458	0.816751439432649
metabat_ERR12406012.5	age	age	-0.0366929691170538	0.0470987613017691	352	40	0.436475875753748	0.819306671805917
maxbin_SRR16554665.003	cancer_type	Other	-0.322831021906051	0.378059590705856	352	121	0.438088424212192	0.819959163078172
semibin_SRR16168903.5	response	R	-0.152374856660876	0.196519408087845	352	92	0.438650327229699	0.819959163078172
maxbin_ERR6232518.013	response	R	0.0698447451506639	0.0900787059069569	352	76	0.438653748700302	0.819959163078172
semibin_SRR5930533.9	gender	male	0.249285184757844	0.322213462193098	352	135	0.43965587838449	0.820690972984382
semibin_SRR11413690.11	gender	male	-0.103852891057397	0.134517163401859	352	42	0.440618183971926	0.821188743483739
metabat_SRR16168975.22	cancer_type	Other	-0.405865898198929	0.486549206184002	352	48	0.441144548210759	0.821188743483739
metabat_SRR5930506.9_sub	response	R	0.0709540526968851	0.0921996377325561	352	64	0.442085997838832	0.821803016729448
semibin_SRR13068830.5	response	R	0.0754777610561072	0.0987614770255834	352	66	0.445249126759741	0.825399760503575
metabat_SRR16554665.10	cancer_type	Other	0.266998685454746	0.290251461368506	352	107	0.444919509603351	0.825399760503575
semibin_SRR25825510.41_sub	response	R	0.0654093729902653	0.085857071458496	352	65	0.446680090592395	0.825774472842062
semibin_SRR13068827.60	age	age	-0.0457935469110808	0.0600816787999428	352	36	0.446466102037598	0.825774472842062
semibin_SRR16554671.9	response	R	0.136817426201524	0.180181053017691	352	91	0.448170359729678	0.827391433347098
maxbin_SRR25825509.002	response	R	-0.19796759721838	0.261190250509679	352	122	0.448999216379582	0.827687618177561
metabat_SRR20881978.24	cancer_type	Other	0.372613904948469	0.382500332014565	352	150	0.449562471182752	0.827687618177561
semibin_SRR13022308.4	response	R	-0.214880110612675	0.284538892448818	352	107	0.450651607308247	0.828557811521593
semibin_SRR16554766.35_sub	response	R	0.082848554717525	0.109999230450964	352	75	0.451863168385749	0.829650407527932
semibin_ERR2162202.11	gender	male	-0.158059918553527	0.210579739031063	352	100	0.453407285980408	0.829851863422797
metabat_SRR6000874.13_sub	response	R	-0.0986804247209223	0.13154595097049	352	39	0.453673805935255	0.829851863422797
maxbin_SRR16168918.042_sub	response	R	0.073449295122393	0.0979444683548636	352	47	0.453825237809342	0.829851863422797
metabat_ERR6275681.8	response	R	0.142189726655505	0.189955257978113	352	93	0.454641212398275	0.83021438785772
metabat_ERR12405967.40_sub	response	R	-0.0997363771824136	0.133734833071328	352	37	0.456314211556734	0.832138806420963
metabat_ERR6271719.4	response	R	-0.139975817884831	0.188882384352927	352	54	0.459152147331835	0.836179520344154
metabat_ERR12405939.30	gender	male	0.140182636683853	0.189786683130325	352	78	0.460632125935546	0.836273397795303
semibin_SRR16554730.5	cancer_type	Other	-0.721834437061771	0.905331500513602	352	75	0.461070377802321	0.836273397795303
semibin_SRR13068836.17_sub	response	R	0.0699806546599304	0.0947648945551702	352	66	0.460737453519276	0.836273397795303
semibin_ERR2162216.32	gender	male	0.130478936334953	0.177134969230975	352	56	0.461863240134307	0.836582472696103
metabat_ERR12405975.5_sub	cancer_type	Other	0.581091108269092	0.727005139255702	352	269	0.466056232907885	0.840814821527399
semibin_SRR11413689.110	cancer_type	Other	0.0937397650540593	0.128401274216272	352	41	0.465850209909585	0.840814821527399
semibin_SRR16554633.6	cancer_type	Other	0.124003849926836	0.169942245104177	352	44	0.46607666818297	0.840814821527399
semibin_ERR6279676.4	age	age	0.0370958529379884	0.0509473883655602	352	38	0.467034883962125	0.841414053679753
semibin_SRR5930498.118	response	R	0.115366278588878	0.158976345646804	352	46	0.468523146814499	0.842965340453396
maxbin_SRR13022355.014	age	age	-0.106575678995447	0.147604783201544	352	272	0.470759826870524	0.84333259585278
semibin_SRR23364195.41	response	R	-0.201942189633557	0.280379408950648	352	210	0.471860618562539	0.84333259585278
metabat_SRR16554779.30	response	R	0.209732156034024	0.29018802870418	352	238	0.470326411286551	0.84333259585278
semibin_ERR6279646.10	response	R	0.0785337886549406	0.108927184646786	352	75	0.471417042461717	0.84333259585278
metabat_ERR12405918.3	age	age	0.0580287701714256	0.0808017027797146	352	75	0.473140208091305	0.84333259585278
metabat_SRR16168982.24	cancer_type	Other	-0.344329650819806	0.437008946229791	352	131	0.473010148162164	0.84333259585278
semibin_SRR16168909.12	cancer_type	Other	-0.769249111778853	0.990225119963245	352	70	0.472024134216442	0.84333259585278
maxbin_SRR25825521.012_sub	cancer_type	Other	-0.183317583789599	0.223377725343499	352	85	0.473747105557179	0.84333259585278
maxbin_SRR11413620.019	age	age	-0.0800052909834826	0.111978544336028	352	103	0.475418538468815	0.844052144707483
semibin_ERR6264280.18	response	R	0.138828828058191	0.194318568001885	352	90	0.475437445687284	0.844052144707483
semibin_ERR6279661.5	response	R	0.0665862767683577	0.0933261198159337	352	66	0.476035361375202	0.844052144707483
metabat_SRR16168896.4	response	R	-0.133518349709591	0.188101640336549	352	63	0.478292331038326	0.846936617806996
metabat_ERR12405985.2	cancer_type	Other	-0.289223840701805	0.385875692439291	352	99	0.479146050499948	0.847331962989381
semibin_SRR13022325.6	cancer_type	Other	0.536278386654532	0.705268232562095	352	262	0.486876513638538	0.847376912096438
semibin_SRR11413686.80	age	age	-0.0839880558441417	0.121484170909448	352	62	0.489809475156623	0.847376912096438
semibin_SRR25825509.21	response	R	0.187832716670605	0.272938876328755	352	94	0.491796410444023	0.847376912096438
semibin_SRR16554707.35_sub	age	age	-0.0872668066918412	0.126133747731992	352	117	0.489488350956517	0.847376912096438
semibin_ERR2162223.6	response	R	-0.161877628383954	0.236277168983738	352	118	0.493729720820797	0.847376912096438
metabat_SRR16554786.10	age	age	0.0900095929384439	0.12930464803804	352	81	0.486829229006757	0.847376912096438
semibin_ERR6279646.10	cancer_type	Other	-0.767625200993136	1.01094794706461	352	75	0.481597603161966	0.847376912096438
maxbin_SRR5930501.087_sub	response	R	0.113076325316712	0.163704511643884	352	68	0.490196857174359	0.847376912096438
maxbin_ERR2162209.017_sub	cancer_type	Other	-0.74436920530747	0.986842661896703	352	73	0.484372547581558	0.847376912096438
semibin_SRR16168920.5_sub	response	R	0.0730624260514917	0.106609869684001	352	71	0.493602700870863	0.847376912096438
metabat_SRR16168982.24	age	age	-0.084469814838679	0.121520566809138	352	131	0.487453568071373	0.847376912096438
metabat_SRR16168941.17	cancer_type	Other	-0.624380582302771	0.844729871205459	352	70	0.492707983544503	0.847376912096438
metabat_SRR16554633.8	cancer_type	Other	-0.114961812598067	0.16662429600188	352	69	0.490689138449044	0.847376912096438
semibin_SRR25825502.47_sub	cancer_type	Other	0.289269115913423	0.385934371609265	352	58	0.48396450082135	0.847376912096438
semibin_SRR5930519.26	cancer_type	Other	-0.727180152623514	0.990773448981396	352	66	0.495564176270685	0.847376912096438
semibin_SRR23364183.27	gender	male	0.0958740407018291	0.139990965292022	352	58	0.493896134408858	0.847376912096438
semibin_SRR6000896.44	cancer_type	Other	0.257691996696531	0.274202337625632	352	53	0.495305748093111	0.847376912096438
semibin_ERR2162216.32	cancer_type	Other	-0.331370383081353	0.443620229838814	352	56	0.483925754092696	0.847376912096438
metabat_ERR12405956.11	age	age	0.0587128003660702	0.0842578345659333	352	39	0.486381135975536	0.847376912096438
metabat_ERR6243878.23_sub	response	R	0.0529078687424453	0.074930780631782	352	61	0.480612655509414	0.847376912096438
maxbin_ERR6279679.012	response	R	0.0650038091203561	0.0926653744326018	352	61	0.483474182514634	0.847376912096438
maxbin_SRR5930498.027	response	R	0.0542076503893565	0.0789299969078023	352	59	0.492685576289663	0.847376912096438
semibin_SRR6000900.14	cancer_type	Other	-0.356500751728972	0.488921812291799	352	38	0.494794061909618	0.847376912096438
maxbin_SRR5930510.007_sub	age	age	0.0379909677251033	0.0548492404967409	352	50	0.489001276425664	0.847376912096438
metabat_ERR6279619.19_sub	cancer_type	Other	-0.34358887465706	0.462908355960294	352	38	0.490355640098756	0.847376912096438
semibin_SRR11413654.21	response	R	0.0817181761883933	0.118792221665094	352	36	0.491971124187864	0.847376912096438
semibin_SRR13022308.4	cancer_type	Other	-0.431222401032327	0.578102380282749	352	107	0.497239020668939	0.84808740789739
maxbin_SRR16554759.001	gender	male	-0.135770099436007	0.200381645498762	352	61	0.498503759106353	0.84808740789739
maxbin_SRR16168926.008	cancer_type	Other	-0.530125370557064	0.726651252472913	352	68	0.498069151477874	0.84808740789739
semibin_SRR5930528.37	response	R	0.0701573330819408	0.103356511333423	352	66	0.497729929780556	0.84808740789739
semibin_SRR16554765.35	response	R	0.0907679016857741	0.134267282527938	352	47	0.499476200444549	0.848667526419056
maxbin_SRR16554790.013_sub	cancer_type	Other	-0.299291682561894	0.269218507296717	352	76	0.500428312707792	0.849211682170798
metabat_SRR20881978.24	response	R	-0.164718769938709	0.245315605119328	352	150	0.502378102509097	0.849237591861907
maxbin_SRR16554707.013	age	age	0.0776830152282664	0.115549575102985	352	102	0.501845436039654	0.849237591861907
semibin_SRR16554766.13	cancer_type	Other	-0.420596424144744	0.584269324530693	352	43	0.502971073751546	0.849237591861907
semibin_ERR12405984.5	age	age	0.0361528887269906	0.0538476257028203	352	36	0.502418282913981	0.849237591861907
metabat_SRR13022417.2	cancer_type	Other	0.369672736103395	0.506710210890216	352	130	0.503905049592063	0.849747034694771
maxbin_SRR25825517.033_sub	response	R	0.0550817623141997	0.0824778552426922	352	61	0.504687762480116	0.850000442071774
metabat_ERR6243880.3	gender	male	0.133327012519134	0.200571335396912	352	90	0.506662787385471	0.850406565885202
semibin_SRR16554766.35_sub	cancer_type	Other	-0.696288385651089	0.976296148707105	352	75	0.507308622647009	0.850406565885202
metabat_SRR13068829.36	cancer_type	Other	-0.210555724806476	0.293438501683787	352	42	0.507459870416616	0.850406565885202
metabat_SRR5930526.41	age	age	0.0392948959903594	0.0591625030779492	352	42	0.507014392928889	0.850406565885202
metabat_ERR6279627.10	gender	male	-0.10912470279303	0.165436680124616	352	57	0.509939597762604	0.852771643004472
metabat_SRR16554652.48	age	age	0.0387166358015767	0.05872326169173	352	57	0.510140179297318	0.852771643004472
semibin_ERR12405947.71	cancer_type	Other	-0.140614156094721	0.214456823116492	352	104	0.512467199942052	0.852788188467602
semibin_SRR6000910.14	cancer_type	Other	-0.701913568122821	0.994881589310247	352	74	0.511712225795586	0.852788188467602
maxbin_SRR5930522.022	response	R	0.0593746660915779	0.0906010955530549	352	67	0.512688137114451	0.852788188467602
maxbin_SRR8387707.009	gender	male	0.0868298377646579	0.13206848551456	352	49	0.511320602017013	0.852788188467602
semibin_SRR11413653.97_sub	response	R	-0.185771162111563	0.288816253477703	352	178	0.520509314152801	0.854970019412578
semibin_SRR8387683.16	gender	male	0.164709148042104	0.256168567008063	352	126	0.52066773032517	0.854970019412578
metabat_SRR16554662.30_sub	age	age	-0.0635872598659211	0.0996713882333725	352	94	0.523914727693368	0.854970019412578
metabat_SRR16554771.26	response	R	-0.137697250793273	0.211509519835273	352	192	0.515465256570494	0.854970019412578
metabat_ERR12405970.10	age	age	-0.0596538701627345	0.0938001124386731	352	74	0.525216518319065	0.854970019412578
semibin_ERR6279614.29	response	R	-0.135952530367033	0.208904549109746	352	89	0.515617837004522	0.854970019412578
semibin_ERR6230326.3	response	R	0.0609884393198965	0.0951840440606636	352	70	0.522118966796036	0.854970019412578
maxbin_SRR5930501.087_sub	gender	male	0.109467080034926	0.170902393276547	352	68	0.522258076492707	0.854970019412578
semibin_SRR16168920.5_sub	cancer_type	Other	-0.689818171389041	0.996885521954441	352	71	0.519506517200903	0.854970019412578
semibin_SRR16554790.42	age	age	0.0583890081831922	0.0916345808915758	352	52	0.524420317230766	0.854970019412578
metabat_SRR16554713.7	gender	male	-0.131983320352655	0.207648069502345	352	91	0.525450324430647	0.854970019412578
maxbin_SRR16554787.017_sub	response	R	-0.134211333178795	0.208445585675354	352	74	0.520087846464792	0.854970019412578
metabat_SRR23364184.15	cancer_type	Other	-0.59680165852053	0.86781104044824	352	68	0.521944135538947	0.854970019412578
semibin_ERR12405923.28	response	R	-0.129159704201715	0.199781014858106	352	58	0.518381619839408	0.854970019412578
metabat_SRR11413620.24	cancer_type	Other	0.14937482391658	0.184536255009336	352	40	0.520861233295628	0.854970019412578
maxbin_SRR16168974.016_sub	cancer_type	Other	-0.458341669024353	0.671173172509253	352	52	0.524620835226682	0.854970019412578
semibin_SRR16168985.16	age	age	0.0364662816851175	0.0572365306338026	352	51	0.524473889518706	0.854970019412578
semibin_SRR13068827.60	response	R	0.0768091429070674	0.118318008807698	352	36	0.516655558683821	0.854970019412578
maxbin_SRR5930498.027	cancer_type	Other	-0.489229816172163	0.720973979707324	352	59	0.527168633980498	0.856728711088017
semibin_SRR5930499.112	cancer_type	Other	0.820977110337976	1.22129728013117	352	153	0.529500201824939	0.857742462331722
semibin_SRR16554671.9	gender	male	0.118577091952779	0.188179619354244	352	91	0.529027869924187	0.857742462331722
semibin_ERR6264281.7	response	R	0.0581528583378782	0.0925826112768602	352	65	0.530345227825641	0.857742462331722
semibin_SRR13068818.12_sub	cancer_type	Other	-0.423036581830345	0.62773218585745	352	51	0.529711452615021	0.857742462331722
maxbin_ERR12405962.011_sub	cancer_type	Other	-0.186179040602802	0.268616396234599	352	115	0.531823705101993	0.858298181668059
metabat_SRR23364233.36	cancer_type	Other	-0.162555334185091	0.227958602861364	352	101	0.533626948704441	0.858298181668059
metabat_SRR13022372.10_sub	cancer_type	Other	0.146769969351219	0.208623004475082	352	68	0.533474682326212	0.858298181668059
semibin_SRR5930519.26	response	R	0.0660210677205133	0.106020123624691	352	66	0.533881904668525	0.858298181668059
metabat_SRR5930529.8	gender	male	-0.094782385029488	0.152085845167395	352	47	0.533553817206067	0.858298181668059
metabat_SRR16554779.30	cancer_type	Other	0.435008680314817	0.648726852294497	352	238	0.540596135473672	0.860171669943394
semibin_SRR5930502.48	gender	male	0.173004660286421	0.282438516239337	352	149	0.540582276100535	0.860171669943394
metabat_SRR16554713.13	gender	male	0.146278335740906	0.239488158397882	352	168	0.541735359500397	0.860171669943394
metabat_ERR6281505.14	response	R	0.117178146684742	0.19153740752948	352	88	0.541087427028513	0.860171669943394
semibin_ERR6230326.3	cancer_type	Other	-0.580365026248556	0.891275608391597	352	70	0.543430492399879	0.860171669943394
maxbin_SRR5930521.014	response	R	0.0593374364267593	0.0960419424374655	352	68	0.53709940566046	0.860171669943394
semibin_ERR6279655.40	cancer_type	Other	-0.609601878305025	0.924560293248946	352	64	0.538552453715043	0.860171669943394
semibin_SRR11413606.8	cancer_type	Other	-0.453521300034026	0.697614002658932	352	63	0.544007380544557	0.860171669943394
maxbin_SRR5930504.027	response	R	-0.078008646246138	0.128122358220104	352	48	0.543015273579838	0.860171669943394
metabat_SRR25825507.13_sub	age	age	-0.0357949250686544	0.0586355502002592	352	44	0.541954204747669	0.860171669943394
semibin_ERR12405984.5	response	R	-0.0649461118267658	0.106119993629969	352	36	0.540935081867716	0.860171669943394
metabat_SRR16168986.5	cancer_type	Other	-0.611501772248509	0.933765087513127	352	62	0.541185491244045	0.860171669943394
semibin_SRR5930517.113	response	R	0.069376633983139	0.113174125619029	352	60	0.540277839212251	0.860171669943394
metabat_SRR5930534.8_sub	age	age	0.0269064499780194	0.0441343811646415	352	44	0.542497678165509	0.860171669943394
semibin_ERR6264280.18	gender	male	0.122856411585914	0.202931598386739	352	90	0.545305606489371	0.860200393335346
semibin_ERR6279671.24	cancer_type	Other	-0.617231499847734	0.951058915767503	352	68	0.544741354419963	0.860200393335346
maxbin_SRR5930501.002	response	R	-0.117909503423791	0.19544035663467	352	52	0.546704413204155	0.8613959335831
maxbin_ERR6232518.013	cancer_type	Other	-0.539493450090875	0.843799749112155	352	76	0.550439796788442	0.861890813427682
semibin_SRR16168929.15_sub	cancer_type	Other	-0.597416832038592	0.936883770783072	352	67	0.551507514544499	0.861890813427682
metabat_ERR6279615.15	cancer_type	Other	-0.540987736899629	0.841484536711056	352	67	0.548365340969421	0.861890813427682
semibin_SRR20881980.15_sub	cancer_type	Other	-0.281418584576628	0.444440701702383	352	58	0.550973398987712	0.861890813427682
maxbin_SRR5930521.014	cancer_type	Other	-0.587164189072043	0.91723353261303	352	68	0.550025823028475	0.861890813427682
semibin_SRR25825502.47_sub	age	age	-0.055974269320125	0.093786803516696	352	58	0.551013706684857	0.861890813427682
metabat_SRR5930506.9_sub	cancer_type	Other	-0.56725923322741	0.888096983479677	352	64	0.550817705127498	0.861890813427682
maxbin_SRR16554775.001	response	R	0.129907795806074	0.219094116734409	352	126	0.553615326358206	0.862177286935607
maxbin_SRR16554759.001	response	R	-0.114154434908639	0.192064120160465	352	61	0.552661433590984	0.862177286935607
metabat_ERR6243880.3	response	R	0.113885042928903	0.192051346210047	352	90	0.553573485923242	0.862177286935607
metabat_SRR16554713.13	response	R	-0.133477421992773	0.22938887592691	352	168	0.561024027686349	0.862263004535025
semibin_SRR6000900.32	cancer_type	Other	0.508568299199292	0.829926112459332	352	162	0.564471471903481	0.862263004535025
semibin_SRR25825508.4_sub	cancer_type	Other	0.191917625688223	0.291166027735588	352	60	0.557877735108205	0.862263004535025
semibin_SRR13068844.35	cancer_type	Other	-0.265245354174951	0.425557425552895	352	68	0.556081235568748	0.862263004535025
semibin_SRR25825499.11	cancer_type	Other	-0.51580195826941	0.838657843040051	352	67	0.565218531990593	0.862263004535025
semibin_SRR23364199.62	cancer_type	Other	-0.597375464486289	0.970281213944001	352	68	0.564841222925373	0.862263004535025
maxbin_SRR5930522.022	cancer_type	Other	-0.549885463146363	0.871287167885154	352	67	0.555439122722175	0.862263004535025
metabat_ERR6279652.5	cancer_type	Other	-0.485652869392103	0.785328456135006	352	65	0.563181912812483	0.862263004535025
semibin_SRR13068836.17_sub	cancer_type	Other	-0.583815963999793	0.925205876507415	352	66	0.555515341523006	0.862263004535025
semibin_SRR11413688.2	cancer_type	Other	-0.567113404045096	0.918002718529312	352	67	0.56355957965788	0.862263004535025
semibin_ERR6233695.43_sub	response	R	-0.0855925798286932	0.147699964383748	352	70	0.562629734589881	0.862263004535025
semibin_SRR5930528.37	cancer_type	Other	-0.626491801712282	1.01019600029993	352	66	0.562092230690353	0.862263004535025
semibin_SRR13068830.5	cancer_type	Other	-0.603436958390977	0.971086985349959	352	66	0.561344767730485	0.862263004535025
semibin_SRR5930523.22	age	age	0.0405186224122893	0.0693061105060784	352	70	0.559177691992008	0.862263004535025
semibin_SRR11413679.4	gender	male	0.103447170490994	0.176335990413936	352	60	0.557823917370879	0.862263004535025
semibin_SRR5930510.9	age	age	-0.0306505376086354	0.053108813992871	352	36	0.564229029579797	0.862263004535025
maxbin_ERR6279679.012	cancer_type	Other	-0.538249340585876	0.874882072304562	352	61	0.565057915867863	0.862263004535025
maxbin_SRR25825517.033_sub	cancer_type	Other	-0.469644490117208	0.762691719070921	352	61	0.56472565617086	0.862263004535025
semibin_SRR11413691.42	response	R	-0.110307882699453	0.194006592752385	352	67	0.5700105160405	0.866844805035385
semibin_ERR6279661.5	cancer_type	Other	-0.553403710917999	0.91410423181567	352	66	0.571114456393833	0.866844805035385
semibin_SRR25825516.1	cancer_type	Other	-0.562149873692438	0.926056039622701	352	67	0.570113174828282	0.866844805035385
semibin_SRR5930498.73	cancer_type	Other	-0.287652131564416	0.475994752841308	352	46	0.570409340717489	0.866844805035385
metabat_ERR12406012.5	gender	male	0.054412008283059	0.0960549025425704	352	40	0.571446798557553	0.866844805035385
semibin_SRR16554766.13	age	age	-0.0409338328947968	0.0725131505469603	352	43	0.572778880641063	0.866908576105393
metabat_ERR12405956.11	response	R	-0.0938170080008841	0.166189437060983	352	39	0.572766290646591	0.866908576105393
semibin_SRR11413689.18	age	age	0.0412773099149108	0.0733144045372621	352	70	0.573789338451554	0.867461047107861
metabat_ERR6235716.8_sub	cancer_type	Other	-0.472717622203396	0.792536404703613	352	65	0.576645601940017	0.867874231811179
semibin_ERR6264281.7	cancer_type	Other	-0.550874968424043	0.921768648652456	352	65	0.57591730525723	0.867874231811179
semibin_SRR16554673.13	response	R	-0.0832619914762225	0.148934515681067	352	37	0.576488154712462	0.867874231811179
metabat_ERR2162213.1	response	R	-0.113448609375835	0.202986841499022	352	63	0.576595437909471	0.867874231811179
maxbin_ERR2162217.001	cancer_type	Other	0.402826815205921	0.669040664852671	352	134	0.579964998448147	0.868119116474045
semibin_ERR6279675.47	cancer_type	Other	0.350669542515528	0.598237729248257	352	70	0.58068384353435	0.868119116474045
metabat_ERR12405939.30	age	age	-0.0513986386977196	0.0924858132325669	352	78	0.578742513517061	0.868119116474045
semibin_SRR16168913.31	cancer_type	Other	-0.494449525093897	0.836241771809503	352	64	0.579860695783429	0.868119116474045
metabat_ERR12405917.12	age	age	-0.0531140750985537	0.0958139588934205	352	50	0.579699230571025	0.868119116474045
metabat_ERR12405967.40_sub	age	age	0.0377886900994791	0.0682567170943221	352	37	0.580192297635765	0.868119116474045
semibin_SRR6000945.4	gender	male	0.154241071842199	0.286104878846527	352	152	0.590158911257903	0.86879601914683
metabat_SRR11413649.62	response	R	-0.10804431870016	0.200560664347369	352	58	0.590432889570506	0.86879601914683
metabat_ERR12405985.2	gender	male	0.116407235095205	0.211281083785365	352	99	0.582017519358657	0.86879601914683
semibin_ERR6243877.10	cancer_type	Other	-0.509377759589867	0.878367229263356	352	64	0.586929023859019	0.86879601914683
semibin_ERR6279655.40	response	R	0.0521339771577295	0.0957947542326179	352	64	0.586640506111057	0.86879601914683
semibin_ERR6273965.5	cancer_type	Other	-0.572351729612995	0.992764958740386	352	64	0.589055406976742	0.86879601914683
semibin_SRR11413688.65_sub	cancer_type	Other	0.233219502969608	0.403569672437941	352	47	0.585650615706732	0.86879601914683
metabat_SRR6000874.13_sub	age	age	-0.0368591938776546	0.0673422623255723	352	39	0.584499464046548	0.86879601914683
maxbin_SRR6000869.050	age	age	-0.0488342414545953	0.0902392036425986	352	86	0.588742785197732	0.86879601914683
semibin_SRR13022464.9	response	R	0.0741640061989901	0.137818207459177	352	44	0.590833007068603	0.86879601914683
semibin_ERR12405964.2	gender	male	-0.0870226115120112	0.161612432512195	352	37	0.590604371568142	0.86879601914683
metabat_SRR16554711.16	cancer_type	Other	0.0816360452517184	0.149282916168704	352	49	0.584830133162522	0.86879601914683
metabat_SRR13068829.36	response	R	-0.0706376775454997	0.130922610191122	352	42	0.589864002272511	0.86879601914683
semibin_SRR25825510.41_sub	cancer_type	Other	-0.495047773451901	0.851078412141912	352	65	0.585823152410299	0.86879601914683
metabat_SRR25825508.34_sub	response	R	0.0447487508525707	0.0823161806685862	352	57	0.587056687379913	0.86879601914683
metabat_SRR6000947.37_sub	cancer_type	Other	-0.518063962722965	0.909526884577883	352	66	0.593402909728471	0.871621323142148
semibin_SRR13022325.6	response	R	-0.131584728285226	0.275286470363627	352	262	0.632959476542184	0.874736948644206
semibin_SRR5930502.51	gender	male	-0.169535534430312	0.354400218374883	352	171	0.632685921732556	0.874736948644206
maxbin_ERR2162217.001	gender	male	-0.178189073424784	0.355438377574428	352	134	0.616464596741045	0.874736948644206
semibin_SRR5930511.52	gender	male	0.134070793144666	0.279301947671538	352	183	0.631515356309017	0.874736948644206
semibin_SRR11413691.62	age	age	0.0638995805340678	0.133592043049176	352	70	0.632725037747043	0.874736948644206
semibin_SRR5930507.29	age	age	-0.0535858019215791	0.111420608325459	352	112	0.630867816706954	0.874736948644206
semibin_SRR16554630.20	gender	male	-0.107259211580933	0.212090111485434	352	131	0.613374529669038	0.874736948644206
metabat_ERR12405930.6	response	R	-0.0769910662692156	0.152912562007709	352	46	0.614935726280216	0.874736948644206
semibin_SRR16554707.35_sub	response	R	0.122971831806049	0.24916697700543	352	117	0.621949076071287	0.874736948644206
metabat_SRR16554713.13	age	age	-0.0589952605064192	0.116230900489666	352	168	0.612080805025938	0.874736948644206
semibin_SRR16168903.5	age	age	-0.0496954459902834	0.0994824022914255	352	92	0.617715551895959	0.874736948644206
semibin_SRR16554738.0	gender	male	0.106778145600236	0.206731545662943	352	101	0.60583068546778	0.874736948644206
metabat_ERR6281505.14	gender	male	0.101255218730215	0.200021193306972	352	88	0.613023620798191	0.874736948644206
semibin_SRR16554671.9	age	age	-0.0444845278466141	0.0916370532552202	352	91	0.627668819305303	0.874736948644206
metabat_SRR16554771.26	cancer_type	Other	0.2167521819812	0.410653849745574	352	192	0.624442249788236	0.874736948644206
metabat_SRR5930523.5	gender	male	0.116457934677378	0.221642844740369	352	103	0.599619459510383	0.874736948644206
semibin_SRR11413608.137	gender	male	0.0965106653885314	0.200902519531231	352	87	0.631257464216962	0.874736948644206
metabat_ERR12405970.10	response	R	0.0946684914153538	0.184170823951588	352	74	0.607563068826625	0.874736948644206
semibin_SRR16168903.11	gender	male	0.0946344880405385	0.191216923903795	352	77	0.620981014174706	0.874736948644206
metabat_SRR16554626.7	cancer_type	Other	-0.280735504358003	0.5244085142933	352	94	0.618377634174813	0.874736948644206
semibin_ERR6279614.29	cancer_type	Other	-0.291589125223398	0.558899519736744	352	89	0.625792863428841	0.874736948644206
metabat_SRR13022323.1	gender	male	-0.103060568945604	0.202778996456311	352	97	0.611607681184775	0.874736948644206
maxbin_SRR23364240.011	cancer_type	Other	-0.434324268296844	0.789904971379316	352	65	0.605932330839041	0.874736948644206
semibin_SRR20881981.34	cancer_type	Other	-0.505790598575861	0.94301301297015	352	68	0.614550895378225	0.874736948644206
semibin_ERR6279683.8	age	age	-0.0376916404212378	0.0721970963680996	352	44	0.601960600744705	0.874736948644206
maxbin_SRR5930515.007	age	age	-0.0553434275321471	0.106718088398393	352	81	0.604375154205872	0.874736948644206
maxbin_ERR12405958.009_sub	gender	male	-0.0769677232623286	0.159707497327725	352	55	0.630163085810313	0.874736948644206
semibin_SRR16554765.35	gender	male	-0.0667152831413262	0.140241269479926	352	47	0.634574795333408	0.874736948644206
metabat_SRR5930514.58	cancer_type	Other	0.17044822722313	0.305951540864997	352	44	0.612792102362441	0.874736948644206
metabat_SRR16554665.10	age	age	-0.0481923171847276	0.0959698690325588	352	107	0.615873624417591	0.874736948644206
semibin_SRR5930523.22	cancer_type	Other	-0.436111829850721	0.777049212827851	352	70	0.597521338677382	0.874736948644206
semibin_SRR6000892.71	age	age	0.0402734754716428	0.0765208715252068	352	70	0.599013868192553	0.874736948644206
semibin_SRR6000892.71	cancer_type	Other	-0.455086655030946	0.864434950469891	352	70	0.619874544147116	0.874736948644206
metabat_ERR12405954.8	cancer_type	Other	0.256440921518351	0.448957691850322	352	60	0.597899687154509	0.874736948644206
semibin_SRR5930495.29	cancer_type	Other	-0.181166470919727	0.347086972613142	352	61	0.633139021429784	0.874736948644206
semibin_ERR12405923.28	cancer_type	Other	0.237669103187575	0.442495593650248	352	58	0.619179451928472	0.874736948644206
semibin_SRR11413689.18	cancer_type	Other	-0.445111205579074	0.815861631861607	352	70	0.607504084736654	0.874736948644206
metabat_SRR13068834.30	cancer_type	Other	-0.325620586369262	0.601670058501501	352	56	0.609769294833797	0.874736948644206
metabat_SRR11413685.32	gender	male	0.0604762117493133	0.126115498600237	352	48	0.631867182704155	0.874736948644206
semibin_SRR16554627.102	cancer_type	Other	0.157661980491822	0.295706079290295	352	38	0.615830274746903	0.874736948644206
maxbin_SRR11413612.015_sub	gender	male	0.0722062141075556	0.141711877567581	352	36	0.610705838782338	0.874736948644206
semibin_ERR2162216.32	response	R	0.0858259564210104	0.169693442086629	352	56	0.613340897018382	0.874736948644206
semibin_SRR8387707.23	age	age	-0.0448719408642203	0.0900584329397517	352	81	0.618621750589572	0.874736948644206
metabat_SRR5930527.85	response	R	-0.0667778481984262	0.130733915299	352	38	0.609823956445328	0.874736948644206
semibin_SRR23364229.5	cancer_type	Other	-0.262529272085184	0.506163939989035	352	42	0.625268552774896	0.874736948644206
metabat_ERR12405967.40_sub	cancer_type	Other	0.221685720317455	0.409691507758497	352	37	0.622817823908196	0.874736948644206
semibin_ERR6267712.18	response	R	0.0614946474530334	0.126305324838851	352	65	0.626659862544624	0.874736948644206
semibin_ERR6279674.8	cancer_type	Other	-0.508000690951513	0.899460840095394	352	63	0.596433995595279	0.874736948644206
maxbin_ERR6281505.022	cancer_type	Other	-0.442736557476737	0.792891535002568	352	63	0.60048293282588	0.874736948644206
maxbin_ERR6279662.030	cancer_type	Other	-0.437137531339959	0.796626656279736	352	62	0.606601789767419	0.874736948644206
semibin_SRR6000903.13	cancer_type	Other	-0.453329075481497	0.890194010541319	352	63	0.632090190545591	0.874736948644206
maxbin_SRR23364204.024	cancer_type	Other	-0.475187719788785	0.866359678125463	352	63	0.606777319287895	0.874736948644206
metabat_ERR6243878.23_sub	cancer_type	Other	-0.375515962562073	0.741606525034016	352	61	0.633976831533134	0.874736948644206
maxbin_ERR6279614.017_sub	cancer_type	Other	-0.453322507361436	0.835585067381844	352	63	0.610586852535656	0.874736948644206
metabat_ERR6279677.48_sub	cancer_type	Other	-0.448754946200258	0.854233472674639	352	62	0.62163368170906	0.874736948644206
metabat_SRR25825508.34_sub	cancer_type	Other	-0.418731981026011	0.763002287737055	352	57	0.606512418369328	0.874736948644206
semibin_SRR6000900.14	gender	male	-0.0820044988883636	0.171879296034501	352	38	0.633590690908404	0.874736948644206
maxbin_ERR6279673.036	cancer_type	Other	-0.347148969657113	0.670699646356506	352	55	0.626596070243703	0.874736948644206
metabat_SRR13068843.68	cancer_type	Other	-0.36836661364152	0.662830934505856	352	54	0.60205259854183	0.874736948644206
semibin_SRR11413654.21	gender	male	0.0624530509580844	0.124087876517989	352	36	0.615075589394082	0.874736948644206
semibin_SRR16168903.5	gender	male	-0.09716251181086	0.20502987404511	352	92	0.635873235023472	0.874935634446302
maxbin_SRR16554790.013_sub	age	age	-0.0488870843805466	0.103403845308463	352	76	0.636671912565836	0.874935634446302
metabat_ERR12405954.8	response	R	-0.096113090803522	0.202986526496071	352	60	0.636159802189491	0.874935634446302
semibin_SRR13068839.7	response	R	-0.0545488381553694	0.116098766953602	352	45	0.638761715222979	0.876016066591514
maxbin_ERR6280910.023_sub	cancer_type	Other	-0.361030765739562	0.722905642635713	352	54	0.638492718128934	0.876016066591514
metabat_ERR12405985.2	age	age	-0.0481346297265025	0.102850359067729	352	99	0.640073851658187	0.87602775624094
semibin_SRR5930536.88	cancer_type	Other	0.110479691519438	0.218155670708808	352	64	0.639531159726192	0.87602775624094
metabat_SRR13068838.21	gender	male	0.0580897927355692	0.125253354471642	352	44	0.643098085949793	0.87927144203105
maxbin_SRR13022336.003_sub	response	R	-0.115308983233957	0.250939857503207	352	205	0.646157965987769	0.880046515656569
maxbin_SRR25825509.002	age	age	-0.0596624518459532	0.13237501836122	352	122	0.652482565343155	0.880046515656569
maxbin_SRR16554671.002	gender	male	0.109175307552952	0.244193779773539	352	41	0.655093305834457	0.880046515656569
metabat_ERR12405933.43	cancer_type	Other	-0.296412452023872	0.421796547212141	352	229	0.645089160610629	0.880046515656569
maxbin_SRR11413655.009_sub	cancer_type	Other	-0.567082055629145	0.240891476772155	352	84	0.656863290876982	0.880046515656569
metabat_ERR6281505.14	age	age	-0.0435057544450941	0.0974600869352225	352	88	0.655589954335997	0.880046515656569
maxbin_ERR6279655.020	response	R	0.0810765238615574	0.177069961209093	352	87	0.647327314652869	0.880046515656569
maxbin_SRR5930501.087_sub	age	age	-0.0373281476893781	0.0834152502567305	352	68	0.654794880263122	0.880046515656569
semibin_SRR16554693.19	response	R	-0.0778306932420338	0.169273584958178	352	36	0.645953245470307	0.880046515656569
maxbin_ERR12406009.001	cancer_type	Other	-0.103914588216562	0.218001178537826	352	49	0.653268820475829	0.880046515656569
metabat_SRR6000874.13_sub	cancer_type	Other	-0.383382032986373	0.816000694292512	352	39	0.65807049719855	0.880046515656569
semibin_SRR5930523.22	gender	male	-0.0642584580361912	0.14122406853557	352	70	0.649389905524373	0.880046515656569
metabat_ERR2162213.1	cancer_type	Other	0.225647503091753	0.464405406677812	352	63	0.651410013705396	0.880046515656569
metabat_ERR12405997.59	cancer_type	Other	0.212177270397688	0.43909267782845	352	61	0.653837202759352	0.880046515656569
metabat_ERR6281586.4	response	R	-0.0878960210381563	0.1973815167782	352	56	0.656374793656225	0.880046515656569
metabat_SRR16554771.5	cancer_type	Other	-0.403228421841882	0.853406708313494	352	67	0.655542811606862	0.880046515656569
semibin_SRR11413690.11	cancer_type	Other	0.113145311560205	0.228168609841695	352	42	0.657960022577876	0.880046515656569
semibin_ERR12405916.16	cancer_type	Other	0.116653996765942	0.227674160597353	352	74	0.655437910901319	0.880046515656569
metabat_ERR6281658.13	gender	male	-0.0809093391701808	0.177604299549269	352	77	0.648996879775078	0.880046515656569
metabat_SRR16168974.17	response	R	0.0513160953515725	0.114301496728207	352	37	0.653748313882143	0.880046515656569
semibin_SRR5930523.43	age	age	-0.0213947987759275	0.0480678083175649	352	36	0.656530205211809	0.880046515656569
metabat_SRR5930526.60_sub	cancer_type	Other	-0.219675261468847	0.459390705769723	352	38	0.652165842167167	0.880046515656569
metabat_SRR13022417.2	response	R	-0.107689674049189	0.246459207398541	352	130	0.662422748550504	0.882693105652731
metabat_ERR12405970.10	gender	male	0.0839529575359569	0.192288980941807	352	74	0.662676594943159	0.882693105652731
maxbin_ERR12405958.009_sub	response	R	0.0669094824030066	0.15301994780603	352	55	0.662196994747831	0.882693105652731
semibin_SRR16554627.102	gender	male	-0.0517420165085885	0.117856036572719	352	38	0.660917752211958	0.882693105652731
metabat_ERR6243880.3	age	age	-0.0424038220657319	0.0976885000747501	352	90	0.664506095357036	0.884110915205485
metabat_SRR5930516.94	age	age	0.0202640493347939	0.0468333370450797	352	45	0.665515630680506	0.884110915205485
semibin_SRR13068827.60	gender	male	0.053442313890867	0.12359241963456	352	36	0.665714468889844	0.884110915205485
metabat_SRR13068832.4	cancer_type	Other	-0.276978381074792	0.61025073561349	352	61	0.667655980465242	0.884996940857706
semibin_SRR16168945.59_sub	cancer_type	Other	-0.305612986503559	0.67352270214074	352	61	0.667698584843537	0.884996940857706
metabat_SRR13022352.3	cancer_type	Other	0.273591338264763	0.602917567446351	352	239	0.677100062625973	0.886081314147996
maxbin_SRR16554665.003	gender	male	0.107721496132032	0.267162935258844	352	121	0.687045662610672	0.886081314147996
maxbin_SRR16554665.003	response	R	-0.10847093546251	0.255777164119578	352	121	0.671767792483658	0.886081314147996
maxbin_ERR12405962.011_sub	response	R	-0.0803412965182206	0.197705822554587	352	115	0.68472299572934	0.886081314147996
maxbin_SRR16554671.002	cancer_type	Other	0.165638656722121	0.381517453854122	352	41	0.684042231462836	0.886081314147996
metabat_SRR5930494.64	cancer_type	Other	0.253046066740862	0.597615607163067	352	55	0.687636019833601	0.886081314147996
semibin_SRR16554765.8	age	age	-0.043019778481678	0.103211147524443	352	95	0.677072701410412	0.886081314147996
semibin_SRR20881975.0	cancer_type	Other	0.12339150563975	0.279303926960157	352	58	0.676653527332825	0.886081314147996
semibin_ERR6264280.18	age	age	-0.0421897488845121	0.098860601181742	352	90	0.669818812621839	0.886081314147996
metabat_SRR16554626.7	response	R	0.0919378825048639	0.226444233148164	352	94	0.684989604680893	0.886081314147996
semibin_ERR6279683.8	cancer_type	Other	-0.392491603118447	0.873215156682756	352	44	0.671477067040443	0.886081314147996
semibin_ERR6279683.8	response	R	-0.0594730972608307	0.141029943290796	352	44	0.673504554150655	0.886081314147996
metabat_SRR5930502.31	cancer_type	Other	-0.327645873143893	0.768859337678453	352	51	0.686927787144701	0.886081314147996
metabat_SRR11413613.2	response	R	-0.0824476066957741	0.200170525957513	352	58	0.680678160361466	0.886081314147996
semibin_SRR6000901.29	cancer_type	Other	0.187513942853011	0.433428209718438	352	57	0.687217484039369	0.886081314147996
metabat_ERR12405985.26	cancer_type	Other	0.195214780101212	0.437616071373462	352	58	0.678663498436141	0.886081314147996
semibin_SRR6000896.44	age	age	-0.0419721830423096	0.0994568496213606	352	53	0.673277762975243	0.886081314147996
metabat_SRR20881987.29	age	age	0.0296367774692377	0.0729700979704663	352	69	0.684885189563499	0.886081314147996
metabat_ERR6281586.4	cancer_type	Other	0.180695739476076	0.40917111173797	352	56	0.682555377827339	0.886081314147996
metabat_SRR16554771.5	age	age	0.0298919823766685	0.0721435870766221	352	67	0.678883273558092	0.886081314147996
semibin_SRR16554633.6	response	R	0.0656352444860959	0.155709094448134	352	44	0.673632905517393	0.886081314147996
semibin_SRR11413657.102	cancer_type	Other	-0.344589783891238	0.794127727577545	352	63	0.681512442732584	0.886081314147996
metabat_SRR16554654.18	response	R	0.0744786156223437	0.184288780405971	352	101	0.686362296355168	0.886081314147996
metabat_SRR11413687.86	age	age	0.0287312513450275	0.0711908997020636	352	40	0.686770767930779	0.886081314147996
semibin_ERR12405918.0	response	R	-0.0630722953965041	0.156712851009594	352	41	0.687586681778022	0.886081314147996
semibin_ERR12406007.1	age	age	0.0277968912469835	0.0687617312035889	352	43	0.686278342743875	0.886081314147996
semibin_SRR5930510.9	response	R	-0.0421466318432418	0.103947884203508	352	36	0.685392406862238	0.886081314147996
maxbin_SRR16168920.025	response	R	-0.0450559256657506	0.106220548655534	352	38	0.671705694576648	0.886081314147996
semibin_SRR5930529.2	cancer_type	Other	-0.217087515037664	0.491900074963594	352	42	0.677118269260278	0.886081314147996
metabat_SRR5930494.64	gender	male	0.0810845773880947	0.202246045422109	352	55	0.68872808224052	0.886638450700439
metabat_ERR12405975.5_sub	response	R	-0.11237369961904	0.281990802278786	352	269	0.690507920950448	0.88714512974814
maxbin_ERR12405962.011_sub	age	age	-0.0394350040771634	0.100240824672898	352	115	0.694264293975563	0.88714512974814
semibin_ERR6232382.49_sub	response	R	0.0570136737848322	0.145300822188267	352	43	0.695016951242481	0.88714512974814
semibin_SRR16554673.15	response	R	-0.05995344385706	0.153166642730134	352	39	0.695722445501889	0.88714512974814
semibin_SRR16554672.14	response	R	-0.0627403144024917	0.159960319992787	352	49	0.695133332329445	0.88714512974814
metabat_SRR11413647.31	cancer_type	Other	-0.268314347504632	0.648886309516778	352	62	0.695070367382864	0.88714512974814
maxbin_ERR6282070.040_sub	gender	male	-0.0631064925307355	0.15969713227188	352	47	0.692965978998815	0.88714512974814
metabat_SRR20881987.29	cancer_type	Other	-0.356909960139939	0.861589497722633	352	69	0.695030270029626	0.88714512974814
semibin_SRR16168930.38	cancer_type	Other	-0.0501713040909719	0.128039623590169	352	37	0.695415482598708	0.88714512974814
semibin_SRR13068834.14_sub	cancer_type	Other	-0.21202026278989	0.50971759582376	352	36	0.694247635383196	0.88714512974814
semibin_ERR2162217.22	gender	male	0.101843325188583	0.263503753617379	352	85	0.699365752282586	0.888419254317387
metabat_SRR13068853.24	cancer_type	Other	-0.272810590880857	0.669184563901956	352	63	0.699139094534726	0.888419254317387
metabat_SRR13022401.12	cancer_type	Other	-0.183062144163123	0.440036799046367	352	69	0.69905931766027	0.888419254317387
semibin_SRR11413689.110	response	R	0.0455569290547976	0.117647299068846	352	41	0.69882103365733	0.888419254317387
semibin_SRR13068817.76	age	age	0.0281450386068339	0.0736647678305766	352	40	0.702643919979453	0.889515486837295
semibin_SRR6000892.71	gender	male	-0.0597020688572821	0.155921846565363	352	70	0.702033423145335	0.889515486837295
semibin_SRR23364171.72	cancer_type	Other	-0.225293198443723	0.555830170827016	352	42	0.701190241949435	0.889515486837295
maxbin_ERR6232523.003	gender	male	-0.0501345259553135	0.131325151380605	352	51	0.702876076652684	0.889515486837295
metabat_SRR25825493.27	cancer_type	Other	0.254400329228747	0.639895284172763	352	59	0.70564314975519	0.892177227912488
semibin_SRR5930502.51	response	R	-0.124439909512889	0.339689625551404	352	171	0.714339006934851	0.893188406585971
semibin_SRR16554765.8	response	R	-0.0750735459443714	0.202734686018944	352	95	0.711383276985418	0.893188406585971
semibin_SRR11413608.137	response	R	0.0709598214953521	0.192379216913845	352	87	0.712462326838318	0.893188406585971
metabat_ERR12405918.3	cancer_type	Other	-0.0638198430882747	0.174207588409639	352	75	0.714331926782436	0.893188406585971
maxbin_SRR5930507.045	response	R	0.0606216429450996	0.162822049841783	352	38	0.709883538416213	0.893188406585971
metabat_SRR16554687.19	age	age	0.028157573485653	0.0756574362410583	352	48	0.709992034272168	0.893188406585971
metabat_ERR12405985.26	response	R	-0.0734417922152443	0.200216395314949	352	58	0.713984212651651	0.893188406585971
metabat_SRR11413687.86	response	R	0.0514227333933169	0.140411510909225	352	40	0.71441781032732	0.893188406585971
metabat_SRR5930529.8	response	R	-0.0534086547439781	0.145604245988211	352	47	0.713987383793601	0.893188406585971
semibin_SRR8387707.23	gender	male	-0.0688421744259764	0.18411926087978	352	81	0.708711185581069	0.893188406585971
semibin_SRR20881976.18_sub	cancer_type	Other	-0.221413870413946	0.557844036350384	352	40	0.70729630066704	0.893188406585971
semibin_SRR5930498.62_sub	cancer_type	Other	-0.203251777803108	0.522850322583984	352	37	0.713071480868897	0.893188406585971
semibin_SRR16554706.23	response	R	0.109321322763389	0.301273948649954	352	259	0.716929407539216	0.895495468153072
metabat_SRR5930534.8_sub	cancer_type	Other	-0.21722158631417	0.571051554812073	352	44	0.718984519778209	0.897228592926567
semibin_SRR11413689.18	gender	male	-0.0535297561906168	0.149395216727798	352	70	0.720332339871686	0.8972443603221
metabat_SRR16554652.48	response	R	0.0411833306300074	0.114706354658965	352	57	0.719791825942924	0.8972443603221
semibin_SRR16168985.16	cancer_type	Other	-0.283684923636156	0.762154660628066	352	51	0.724704225496771	0.901854147284871
semibin_SRR16554655.39	response	R	0.102875983842313	0.307392981602923	352	191	0.738074904151615	0.902657565206834
metabat_ERR6232687.8_sub	cancer_type	Other	0.230772617859065	0.671830829457495	352	59	0.743810812208917	0.902657565206834
metabat_ERR6232687.8_sub	response	R	-0.0690451037032729	0.204560862062841	352	59	0.735924527157544	0.902657565206834
metabat_SRR16554646.5	cancer_type	Other	0.0968219659635165	0.290123864638585	352	86	0.738787675324035	0.902657565206834
metabat_SRR6000877.7	gender	male	-0.0676947109396483	0.207338201761943	352	126	0.744249634527191	0.902657565206834
semibin_SRR13022308.4	age	age	-0.0495708612451054	0.14474786896463	352	107	0.732209473893812	0.902657565206834
semibin_ERR2162217.22	response	R	0.0879693314045968	0.252566129355468	352	85	0.727824474749738	0.902657565206834
semibin_SRR5930499.112	response	R	-0.0789979519803832	0.234958480862185	352	153	0.736909964820119	0.902657565206834
metabat_ERR6275681.8	age	age	-0.0310860113615762	0.0966467425287544	352	93	0.747914771758148	0.902657565206834
maxbin_ERR6279655.020	age	age	-0.028807700624037	0.0900979265598833	352	87	0.749359629530564	0.902657565206834
semibin_SRR16554739.16	cancer_type	Other	-0.132215404347056	0.384571718045097	352	94	0.741269061480645	0.902657565206834
semibin_ERR6267712.45	age	age	0.0256619607422508	0.0803739534427179	352	75	0.749705005898674	0.902657565206834
metabat_SRR6000907.39	age	age	-0.0320188618732152	0.0991725577399074	352	118	0.746997033089425	0.902657565206834
maxbin_ERR12405958.009_sub	cancer_type	Other	-0.155627571391323	0.43409506137445	352	55	0.733156336724057	0.902657565206834
semibin_SRR16554765.35	age	age	0.022805493976994	0.068112988609255	352	47	0.73796459986083	0.902657565206834
metabat_SRR5930514.58	gender	male	-0.0624106091582308	0.193898158622913	352	44	0.747743127626577	0.902657565206834
semibin_ERR2162202.9	age	age	0.0244937525225034	0.0765941170456112	352	54	0.749322752541321	0.902657565206834
semibin_SRR16554776.8	cancer_type	Other	0.154694271123268	0.408182594801043	352	60	0.726992945704573	0.902657565206834
semibin_SRR16554776.8	response	R	-0.0684534953890757	0.209537251895568	352	60	0.744101169543388	0.902657565206834
metabat_SRR13068851.17	age	age	0.0242089557871825	0.0718724849272663	352	36	0.736447141724027	0.902657565206834
semibin_SRR11413679.4	response	R	0.05665737884883	0.16888268787212	352	60	0.737463883696478	0.902657565206834
metabat_ERR2162214.7	cancer_type	Other	0.155919282369844	0.414456894079058	352	65	0.72769427431951	0.902657565206834
metabat_ERR12405997.59	response	R	-0.0654599089726148	0.202824629738375	352	61	0.7470866564169	0.902657565206834
semibin_SRR6000944.44	age	age	-0.033060006225636	0.102934195615829	352	59	0.748270288780498	0.902657565206834
semibin_ERR6233693.7	cancer_type	Other	-0.24182933385136	0.661351549049427	352	60	0.728575051779849	0.902657565206834
maxbin_SRR5930497.004	cancer_type	Other	-0.0540044039610122	0.134637141798987	352	47	0.73105300797468	0.902657565206834
metabat_SRR11413685.32	cancer_type	Other	-0.175404776083043	0.519727276626117	352	48	0.748180572550006	0.902657565206834
metabat_SRR5930528.37	age	age	-0.0239735062797623	0.0736813018466407	352	42	0.745099580923054	0.902657565206834
metabat_SRR11413620.24	age	age	-0.0212833744527054	0.0644830262544921	352	40	0.741553398433081	0.902657565206834
metabat_ERR12406012.5	cancer_type	Other	-0.145039054590395	0.421880807946733	352	40	0.744262243143546	0.902657565206834
maxbin_ERR6232523.003	age	age	-0.0204255221287815	0.0641044519622627	352	51	0.750199777035739	0.902657565206834
semibin_SRR5930517.113	cancer_type	Other	-0.243170869772419	0.691189038956912	352	60	0.73883164446099	0.902657565206834
metabat_SRR16168974.17	cancer_type	Other	-0.153676585408496	0.457348639556898	352	37	0.749916180335625	0.902657565206834
maxbin_SRR16168918.042_sub	cancer_type	Other	-0.223626543894548	0.645479591328873	352	47	0.74279352694355	0.902657565206834
metabat_SRR16168984.8_sub	cancer_type	Other	-0.223838901594538	0.650099870213165	352	45	0.744034333138315	0.902657565206834
semibin_ERR6279676.4	cancer_type	Other	-0.195581175409169	0.581052855692679	352	38	0.749675673539631	0.902657565206834
semibin_ERR6279676.4	response	R	0.0332978352589566	0.0995347340377991	352	38	0.738180713361028	0.902657565206834
semibin_SRR5930502.48	age	age	0.0427853560001186	0.137041795621126	352	149	0.75507102188499	0.904508274321219
semibin_SRR8387683.16	age	age	-0.0389087208397322	0.124480819427938	352	126	0.754796948231234	0.904508274321219
semibin_SRR6000944.44	cancer_type	Other	0.142659067707315	0.422964407954279	352	59	0.754413287208706	0.904508274321219
semibin_SRR16168929.20_sub	cancer_type	Other	-0.17299914413262	0.523521113123675	352	36	0.754204255131499	0.904508274321219
semibin_SRR5930523.43	gender	male	0.0305720464522173	0.0979345717411265	352	36	0.755102889723518	0.904508274321219
semibin_ERR6279614.29	gender	male	0.0677943713384365	0.218056536600677	352	89	0.756063415572042	0.904852386935729
semibin_ERR6267712.18	cancer_type	Other	-0.26525071325779	0.813455149186876	352	65	0.757476751449874	0.905737325577074
semibin_SRR16554739.16	gender	male	0.0608919504666896	0.198113890817186	352	94	0.75875584740689	0.906273900284988
maxbin_SRR11413612.015_sub	age	age	0.0210870016738193	0.0687599213495568	352	36	0.759274115863762	0.906273900284988
semibin_ERR12405939.29	response	R	0.0775769368602512	0.25473109906714	352	249	0.760897468462576	0.906274453158972
metabat_SRR13068828.29	age	age	-0.0253343976049925	0.0835757917711527	352	44	0.761971824456577	0.906274453158972
metabat_SRR13068829.36	age	age	-0.0203260277885976	0.0666585339241792	352	42	0.760604094186516	0.906274453158972
metabat_SRR23364213.66	gender	male	0.0456910087099233	0.150360506536	352	48	0.761404193547739	0.906274453158972
semibin_SRR11413608.137	age	age	-0.0291598444680246	0.0978830877052367	352	87	0.765954093804963	0.906401925511939
metabat_ERR6275666.49	gender	male	-0.0585098298946833	0.196552084105234	352	53	0.766125437039853	0.906401925511939
semibin_SRR16554790.42	response	R	-0.054630771554909	0.180937161807427	352	52	0.762884613886083	0.906401925511939
semibin_SRR16554693.19	gender	male	0.0526223770578615	0.17660414378831	352	36	0.765905941131791	0.906401925511939
semibin_SRR6000900.14	response	R	-0.0494528934761633	0.164694250655039	352	38	0.764151759739827	0.906401925511939
metabat_SRR16168974.17	age	age	-0.0175993624825242	0.0584276634954214	352	37	0.763430804422378	0.906401925511939
semibin_SRR5930534.11	cancer_type	Other	-0.165909663647861	0.530600498826127	352	36	0.766922235079371	0.906546599777198
semibin_ERR12405939.29	gender	male	-0.0765552133909025	0.265893022459261	352	249	0.773584150037444	0.909984204844419
metabat_SRR13022417.2	gender	male	-0.0707102287376553	0.257382550987052	352	130	0.783689833768961	0.909984204844419
semibin_SRR5930511.52	response	R	-0.0746580907645811	0.267382591412991	352	183	0.780243967847151	0.909984204844419
semibin_SRR11413691.62	response	R	0.0760628349878844	0.26336650445766	352	70	0.772899511629031	0.909984204844419
semibin_SRR6000945.4	cancer_type	Other	0.0802720131626497	0.299296017896882	352	152	0.788702629199249	0.909984204844419
maxbin_SRR16554671.002	age	age	-0.0341462251846186	0.118699097019659	352	41	0.773770883838148	0.909984204844419
semibin_SRR16168913.44_sub	age	age	-0.0292512349060686	0.104536624101696	352	94	0.779783915607788	0.909984204844419
metabat_SRR6000907.1_sub	response	R	-0.0557560795461966	0.197116349019958	352	98	0.777453792154038	0.909984204844419
semibin_SRR25825514.3_sub	gender	male	-0.070457221086354	0.247813124526843	352	136	0.776338349947819	0.909984204844419
semibin_SRR20881975.0	gender	male	0.0510704575084387	0.181305200833258	352	58	0.778355294633949	0.909984204844419
maxbin_ERR6279655.020	gender	male	0.0534522997936148	0.18491322491063	352	87	0.772703656140222	0.909984204844419
metabat_SRR16554746.22	response	R	0.0636779846465621	0.224748546284313	352	109	0.777093787027338	0.909984204844419
semibin_SRR16554716.24	gender	male	-0.0581626900379225	0.218263684404111	352	107	0.790028603089841	0.909984204844419
metabat_SRR5930502.31	response	R	0.045811155951738	0.171927785743547	352	51	0.790048301168856	0.909984204844419
maxbin_SRR16554790.013_sub	response	R	-0.0567721475692436	0.203988700243979	352	76	0.780940397787818	0.909984204844419
metabat_SRR11413686.5	gender	male	-0.0444558209420187	0.165391048988191	352	41	0.788249502487835	0.909984204844419
semibin_ERR6279669.74	response	R	-0.0329821365991161	0.122374767532855	352	59	0.787693860802449	0.909984204844419
metabat_ERR2162213.1	age	age	-0.0296037206845001	0.103367837274237	352	63	0.774748823953051	0.909984204844419
metabat_SRR6000949.51_sub	cancer_type	Other	-0.169618684222067	0.57770196982465	352	62	0.779713136414869	0.909984204844419
semibin_SRR5930519.63	age	age	-0.0225103594086098	0.0805275706870887	352	42	0.780000016713458	0.909984204844419
metabat_SRR16554654.18	age	age	0.025264227482879	0.0938365645251515	352	101	0.787907724016978	0.909984204844419
metabat_SRR5930529.8	cancer_type	Other	-0.0766915108987585	0.263558621616153	352	47	0.787105633654277	0.909984204844419
metabat_ERR6281658.13	age	age	-0.0234899368001319	0.0868423918037515	352	77	0.78694501373844	0.909984204844419
metabat_SRR5930498.82	response	R	0.0527127193380771	0.19469746783408	352	74	0.786750991963482	0.909984204844419
metabat_SRR13068843.53_sub	cancer_type	Other	-0.247925824728401	0.806893558773244	352	58	0.770926130998237	0.909984204844419
maxbin_SRR16168920.025	cancer_type	Other	-0.184865994064367	0.64835253429261	352	38	0.786809144740428	0.909984204844419
metabat_SRR16554652.48	cancer_type	Other	-0.203431506234208	0.720754762802993	352	57	0.788681561249818	0.909984204844419
maxbin_SRR5930510.007_sub	cancer_type	Other	-0.214290422782554	0.740940183356498	352	50	0.783852514379092	0.909984204844419
metabat_SRR5930516.94	cancer_type	Other	-0.177495325144303	0.632908524720224	352	45	0.790142535009998	0.909984204844419
semibin_SRR5930523.43	cancer_type	Other	-0.16493870923058	0.56240172845437	352	36	0.780805166193075	0.909984204844419
maxbin_SRR11413655.005	cancer_type	Other	0.150780515403449	0.531463863797857	352	230	0.792876056881811	0.910124866237923
metabat_ERR6279614.12_sub	response	R	0.0528969085027048	0.201393274941936	352	43	0.792973376759381	0.910124866237923
metabat_SRR11413613.2	cancer_type	Other	0.120482218017542	0.42553617419554	352	58	0.790951096058531	0.910124866237923
metabat_SRR5930526.41	cancer_type	Other	0.0472284862992868	0.156181413629657	352	42	0.791641835614592	0.910124866237923
semibin_SRR23364195.41	cancer_type	Other	-0.148332169179886	0.530620610060176	352	210	0.796229648213636	0.912304047058079
maxbin_SRR5930510.007_sub	response	R	-0.0276986591408993	0.107118253903568	352	50	0.796114532262697	0.912304047058079
semibin_SRR23364183.27	cancer_type	Other	-0.171264944638329	0.635139113396847	352	58	0.797471747548064	0.91294891712487
metabat_SRR16554646.5	gender	male	-0.0698783471114231	0.277336978039939	352	86	0.801219691570803	0.914569255125184
semibin_SRR6000896.44	response	R	-0.049638847253752	0.196116862164596	352	53	0.800334617779526	0.914569255125184
semibin_SRR5930498.118	age	age	-0.0202523998497239	0.0805396447731333	352	46	0.801609064387996	0.914569255125184
semibin_ERR12405964.2	response	R	-0.0391981767595982	0.154788736728855	352	37	0.800236213968845	0.914569255125184
semibin_SRR23364196.21	gender	male	-0.0489337962320415	0.195292921348333	352	52	0.802297844922575	0.914578713804869
semibin_SRR13068844.35	response	R	-0.0337232767966372	0.135128237473219	352	68	0.803072641417626	0.914686127173974
semibin_SRR16554706.23	gender	male	0.077970410728497	0.314549806731669	352	259	0.804375924168675	0.915394785844792
metabat_SRR16554713.13	cancer_type	Other	-0.0900217404554952	0.286033095748416	352	168	0.80535290243694	0.915731219014592
metabat_SRR13068828.29	gender	male	-0.0417226240968369	0.172246886538411	352	44	0.80874837193659	0.918814718413167
maxbin_SRR5930507.045	gender	male	-0.0409289546747573	0.170075718891711	352	38	0.809967616543034	0.91942269985966
metabat_SRR5930494.64	response	R	-0.0458849185095225	0.193802954326413	352	55	0.812983339080745	0.921118876937671
semibin_ERR12405947.71	gender	male	0.0480330702825615	0.205004877200521	352	104	0.814888649314651	0.921118876937671
semibin_SRR16554739.16	response	R	-0.0445682035135174	0.189701322279921	352	94	0.814395207192483	0.921118876937671
metabat_SRR16554669.41_sub	cancer_type	Other	-0.157540101072223	0.638150955005626	352	71	0.813751026872593	0.921118876937671
semibin_SRR16554776.8	age	age	-0.025046590707202	0.106554572054454	352	60	0.814301776470389	0.921118876937671
maxbin_SRR11413612.015_sub	cancer_type	Other	-0.0345309063453128	0.14824563920638	352	36	0.815952836562893	0.921546733059267
semibin_ERR6281504.148	cancer_type	Other	0.118367977844513	0.488539900143193	352	54	0.816785832284787	0.921712979505251
maxbin_ERR2162217.001	response	R	-0.0763027755226032	0.34032813101906	352	134	0.822731482036415	0.922227783033313
metabat_ERR6275681.8	gender	male	0.0450240047154344	0.198372423268971	352	93	0.820583646507964	0.922227783033313
semibin_ERR6279614.29	age	age	0.0240706395647435	0.106517526334328	352	89	0.821351498413309	0.922227783033313
semibin_SRR16554653.1	gender	male	-0.0441374848956382	0.196489871041869	352	55	0.822399476452796	0.922227783033313
semibin_SRR6000944.44	response	R	0.0460523700778021	0.202292722968926	352	59	0.820051591383692	0.922227783033313
semibin_SRR6000901.29	response	R	-0.0440085617162943	0.195714029258352	352	57	0.822220197352252	0.922227783033313
semibin_SRR11413657.102	age	age	0.0156657159616802	0.0694626453373961	352	63	0.821703044459963	0.922227783033313
semibin_SRR20881985.46_sub	cancer_type	Other	-0.122287356989829	0.514849735944709	352	39	0.82128288759362	0.922227783033313
semibin_SRR16168930.38	response	R	0.0256842117671745	0.117315937720392	352	37	0.826831738913594	0.926051547583225
metabat_ERR2162214.7	response	R	-0.0443015773238748	0.204289781508558	352	65	0.828448296539694	0.927089517526518
semibin_SRR5930533.9	response	R	-0.0633395512025765	0.308565503650114	352	135	0.837480823331758	0.930447368062098
maxbin_SRR16554665.003	age	age	0.0270623734594409	0.129768384222451	352	121	0.834927038134447	0.930447368062098
metabat_SRR6000907.1_sub	age	age	-0.0208115583609856	0.0997845867857231	352	98	0.834910315335109	0.930447368062098
maxbin_SRR16168913.015	cancer_type	Other	-0.057754847727418	0.233019714474039	352	97	0.837316728913856	0.930447368062098
semibin_ERR6232458.16	cancer_type	Other	-0.141264437296402	0.664105551615966	352	73	0.839064144413142	0.930447368062098
metabat_ERR2162222.11_sub	response	R	0.031568760260657	0.151652505793743	352	74	0.83522269217456	0.930447368062098
maxbin_SRR5930518.019_sub	response	R	-0.0416955890623842	0.204290199639348	352	74	0.838395631328221	0.930447368062098
semibin_SRR5930495.29	age	age	-0.0211881938048572	0.100889430609915	352	61	0.833780093578146	0.930447368062098
maxbin_SRR23364240.009_sub	cancer_type	Other	-0.106253426119215	0.495483258788103	352	49	0.838046483841643	0.930447368062098
maxbin_ERR6275667.027	cancer_type	Other	-0.128527312909359	0.591514217835109	352	48	0.836106647000866	0.930447368062098
semibin_ERR12405918.0	cancer_type	Other	0.0707557740602123	0.325364881899744	352	41	0.836157826607152	0.930447368062098
maxbin_SRR13068818.010	gender	male	0.0355393414089882	0.177920652385918	352	81	0.841794469384475	0.93128692116825
semibin_SRR5930536.88	age	age	-0.0139324513283559	0.0693447724934782	352	64	0.840882370025029	0.93128692116825
semibin_SRR13068839.7	cancer_type	Other	-0.108257726585927	0.517029071480508	352	45	0.84190000685969	0.93128692116825
metabat_SRR16554654.18	cancer_type	Other	-0.0955306417105638	0.41662190142063	352	101	0.843221190632208	0.931981315961914
maxbin_SRR6000869.050	response	R	-0.035045639362585	0.178036251329924	352	86	0.844063752558853	0.932146001182497
metabat_SRR16554654.18	gender	male	0.0375531209250857	0.192422988221316	352	101	0.845385316490623	0.932838969920687
semibin_SRR11413690.7	cancer_type	Other	0.073941178058879	0.364485964292983	352	67	0.846541904603106	0.933348908766673
metabat_SRR23364233.36	gender	male	-0.0394608838217227	0.20571734561797	352	101	0.847994923618951	0.933419473664103
semibin_SRR8387707.23	response	R	0.0339177334285682	0.176434738708406	352	81	0.847668594060037	0.933419473664103
semibin_SRR20881980.15_sub	response	R	-0.0244666704679362	0.129270418966561	352	58	0.849994944660553	0.93485532375105
maxbin_SRR5930504.027	gender	male	0.0249941570443769	0.133670822764173	352	48	0.851783322251239	0.93605624293186
semibin_ERR6232382.49_sub	cancer_type	Other	0.0669116655750749	0.347870797805893	352	43	0.853970413236218	0.937693002769181
semibin_SRR8387683.16	response	R	0.0448186318749089	0.245238155200207	352	126	0.855096769164312	0.93816331245456
semibin_SRR16554653.1	age	age	0.0170490338366472	0.0953387133861131	352	55	0.858178749455868	0.940776704134329
semibin_SRR13022464.9	age	age	-0.0124095501270149	0.0698051560912976	352	44	0.859004742678573	0.94091473036675
semibin_SRR11413690.7	response	R	0.0363148390263432	0.206635714067493	352	67	0.860598355594438	0.941126273327034
maxbin_ERR12405958.009_sub	age	age	-0.0137801085721099	0.0780572520076472	352	55	0.859974000914255	0.941126273327034
metabat_SRR20881987.29	gender	male	-0.0259625227532055	0.148667250811164	352	69	0.861469574837734	0.94131309640806
semibin_SRR20881988.7	gender	male	0.039630263605556	0.230089842142638	352	58	0.86335066525786	0.94260218855123
metabat_ERR12405985.26	age	age	-0.0174361991545351	0.101917000296257	352	58	0.864258736733434	0.94282771280011
semibin_ERR6233695.43_sub	gender	male	0.0260515897868234	0.154087209734252	352	70	0.865840956769546	0.943356928080922
semibin_ERR12405970.61	age	age	0.0121339183348791	0.0720371654457701	352	38	0.86633552997027	0.943356928080922
metabat_ERR2162222.11_sub	cancer_type	Other	-0.0606998920674418	0.348847328743721	352	74	0.866849558169597	0.943356928080922
semibin_SRR13022325.6	gender	male	0.0475127219525511	0.287369160961848	352	262	0.868776262977868	0.943537953565444
maxbin_SRR5930518.019_sub	cancer_type	Other	0.0775449887822731	0.449160254702499	352	74	0.868127467698133	0.943537953565444
semibin_SRR16168985.16	response	R	0.0184328201226103	0.111783550027007	352	51	0.869122013775312	0.943537953565444
semibin_SRR13022424.5	gender	male	-0.0256001857841875	0.156488167279267	352	58	0.870147718000354	0.943889050034282
semibin_ERR2162223.6	cancer_type	Other	0.0786481921053974	0.457709528176334	352	118	0.874199098743907	0.944472338192775
metabat_SRR16554662.30_sub	gender	male	0.0326260604173217	0.204838052018925	352	94	0.873543307806548	0.944472338192775
semibin_ERR12405970.61	gender	male	0.0234763900745241	0.14792170492955	352	38	0.873991685677482	0.944472338192775
metabat_ERR12405917.12	cancer_type	Other	0.0703894603165395	0.412013258065244	352	50	0.872452222130734	0.944472338192775
semibin_ERR12405984.5	cancer_type	Other	-0.0282670264660367	0.159722170752477	352	36	0.872230914312789	0.944472338192775
semibin_SRR5930511.52	age	age	0.0209100859641735	0.135744665379189	352	183	0.877667967175944	0.94518088772794
semibin_SRR25825509.21	gender	male	-0.0445275720842715	0.285099693331959	352	94	0.875980264994141	0.94518088772794
metabat_ERR12405939.30	response	R	-0.0283061716671878	0.181741186262083	352	78	0.87632105911534	0.94518088772794
maxbin_ERR12406009.001	gender	male	-0.0217713567725198	0.140603838214753	352	49	0.877036160110504	0.94518088772794
maxbin_SRR5930497.004	response	R	-0.0176113683353822	0.11555878532301	352	47	0.878958642969006	0.945213627309905
semibin_ERR12405916.16	age	age	-0.0126955088958381	0.0841910314436678	352	74	0.880226098195564	0.945213627309905
metabat_SRR5930529.8	age	age	-0.0111313410873927	0.07399598936101	352	47	0.880511504011906	0.945213627309905
metabat_ERR6281658.13	response	R	0.0257326367391685	0.170181134270083	352	77	0.879901271002194	0.945213627309905
maxbin_SRR5930497.004	age	age	0.00862512742011735	0.0585249648181623	352	47	0.882921986433656	0.947044812264033
maxbin_SRR13022336.003_sub	cancer_type	Other	-0.0712065189784087	0.449878967666082	352	205	0.88375259831495	0.947179818289707
semibin_ERR6281504.148	response	R	0.0294723634848154	0.209883227337449	352	54	0.888407937808275	0.948387822410105
semibin_SRR11413653.25	cancer_type	Other	0.0663006908494863	0.448273424597888	352	101	0.888031938764809	0.948387822410105
metabat_SRR25825493.27	response	R	-0.0287678171798968	0.200474979592469	352	59	0.88598068548137	0.948387822410105
semibin_SRR20881988.7	age	age	0.0157942747926588	0.111641731946674	352	58	0.887578497761954	0.948387822410105
metabat_SRR11413613.2	age	age	-0.014430064942756	0.101869089314863	352	58	0.887436283652212	0.948387822410105
metabat_ERR6279614.12_sub	cancer_type	Other	0.0669628240813969	0.47961408740431	352	43	0.893635013920201	0.950946523126485
maxbin_SRR16554759.001	cancer_type	Other	-0.028321895128193	0.209620432895781	352	61	0.892602946018727	0.950946523126485
metabat_SRR5930527.85	cancer_type	Other	-0.0439371246484988	0.308287227444712	352	38	0.89346803641738	0.950946523126485
semibin_SRR20881987.25	cancer_type	Other	-0.0687932565407946	0.48378319590402	352	38	0.892436014958955	0.950946523126485
metabat_SRR25825507.13_sub	cancer_type	Other	0.0474589000289748	0.344189023299718	352	44	0.894858348658238	0.951494953003696
maxbin_SRR16554755.007_sub	age	age	-0.0132175444834548	0.101958926732604	352	93	0.8969296094665	0.952370707626162
semibin_SRR11413690.11	age	age	0.00846865781014199	0.0654347063133396	352	42	0.897099193344287	0.952370707626162
semibin_SRR20881980.56	cancer_type	Other	-0.0795118193470265	0.609789802548102	352	63	0.900878510601477	0.955628033345213
semibin_SRR16168913.44_sub	gender	male	0.0262086679139628	0.214857591807934	352	94	0.902984555553649	0.957106658252449
semibin_SRR6000905.60_sub	response	R	-0.0273850441234388	0.227837111779377	352	128	0.904397675785371	0.957849075063466
metabat_SRR16554674.5	cancer_type	Other	0.0862925282101375	0.720476810514663	352	273	0.908744690835428	0.960183069561961
semibin_SRR23364193.36	cancer_type	Other	-0.0843930392951181	0.701924190426957	352	71	0.908516463908714	0.960183069561961
metabat_SRR13022401.12	response	R	-0.0177917260656882	0.152749461806174	352	69	0.907343026134202	0.960183069561961
semibin_SRR16554673.13	cancer_type	Other	0.025731143496219	0.199226794724141	352	37	0.914418296784138	0.965418845937064
metabat_ERR6281586.4	age	age	0.0105346914325448	0.100427666859806	352	56	0.916517119417074	0.966875202901528
maxbin_SRR8387707.004_sub	cancer_type	Other	-0.0700201213923127	0.652131024748327	352	75	0.918287334030947	0.967744700786995
maxbin_ERR6232523.003	cancer_type	Other	-0.0333948974491333	0.312775453065834	352	51	0.918781427235272	0.967744700786995
semibin_SRR11413657.102	gender	male	-0.0142935614003681	0.141534599061345	352	63	0.919617608030761	0.96786692654138
semibin_ERR6279675.47	response	R	0.019770128762065	0.204626076502816	352	70	0.923087666573976	0.970758860622398
metabat_ERR12405981.15	cancer_type	Other	-0.0489488190220235	0.501211288864698	352	104	0.926750824024327	0.970813022204751
semibin_SRR16554673.15	gender	male	0.0150562291944015	0.159799674609411	352	39	0.924989256235712	0.970813022204751
semibin_SRR5930501.2	cancer_type	Other	-0.0669881784371365	0.690559977363652	352	75	0.926150680979243	0.970813022204751
semibin_SRR6000901.29	age	age	-0.00937941928974254	0.0996364452683155	352	57	0.92505511393676	0.970813022204751
semibin_SRR5930519.63	response	R	-0.0148072343827477	0.159075677322508	352	42	0.925891376252447	0.970813022204751
maxbin_SRR16554775.001	age	age	-0.00970809603589855	0.11146740974059	352	126	0.930647365970407	0.973411939270964
semibin_ERR6233695.43_sub	cancer_type	Other	0.0529559099087276	0.581722857291119	352	70	0.930680313960706	0.973411939270964
metabat_SRR6000905.24	age	age	0.00487946884169864	0.0566798002014398	352	39	0.931445925442997	0.973455150696258
maxbin_SRR13022355.014	response	R	-0.0241644282655329	0.289883126888164	352	272	0.93361422484275	0.974963106595692
metabat_SRR16554674.5	response	R	-0.025572895480974	0.315749158283595	352	273	0.935495895636622	0.975412322525694
semibin_SRR16554633.6	age	age	-0.00641262152922736	0.0788233331508847	352	44	0.935207050220058	0.975412322525694
metabat_SRR13022372.10_sub	age	age	0.00590022984662905	0.074796728303715	352	68	0.937170848556886	0.975644942262165
semibin_ERR6279669.74	cancer_type	Other	-0.0678501272728683	0.812818739601468	352	59	0.936693384127306	0.975644942262165
semibin_SRR11413679.4	cancer_type	Other	-0.0304928558134519	0.38282403358795	352	60	0.938878059381705	0.97591037262878
metabat_SRR16554771.5	gender	male	-0.0113761621575433	0.146982571651194	352	67	0.938352116057918	0.97591037262878
maxbin_SRR16554647.003	gender	male	-0.0110031271182092	0.149294461006056	352	46	0.941290896458047	0.977662260308822
semibin_ERR6279669.74	age	age	-0.00445125356654433	0.0626563596527512	352	59	0.943405399094538	0.979101819600818
semibin_ERR2162216.32	age	age	0.00604663880279071	0.0865086987264953	352	56	0.94431646856414	0.979291152585034
semibin_SRR11413653.25	response	R	-0.0171512802304157	0.268587785640986	352	101	0.949120715813835	0.980162679531744
semibin_SRR11413691.42	gender	male	-0.0130614528942649	0.202567782375535	352	67	0.948625633473648	0.980162679531744
metabat_SRR16554746.22	gender	male	-0.015349621134472	0.234717619382192	352	109	0.947896564987032	0.980162679531744
metabat_ERR2162214.7	age	age	-0.00658243615466949	0.103922999557735	352	65	0.949532595796377	0.980162679531744
semibin_ERR12405923.28	age	age	-0.00655877237388475	0.101707035308031	352	58	0.948619663556799	0.980162679531744
metabat_SRR20881977.25_sub	cancer_type	Other	-0.0373800706928153	0.53800311839244	352	38	0.947252389720294	0.980162679531744
metabat_ERR6232687.8_sub	gender	male	0.0129050570472744	0.213453258437735	352	59	0.951825689422962	0.980271054853993
semibin_SRR16554765.35	cancer_type	Other	0.0126795972564469	0.195715542227643	352	47	0.951597695081471	0.980271054853993
maxbin_SRR8387707.009	cancer_type	Other	0.00847847046210989	0.138157629340474	352	49	0.951101391860102	0.980271054853993
maxbin_SRR11413655.009_sub	gender	male	-0.0133602297689451	0.22570612239063	352	84	0.952833811026046	0.980557918850694
metabat_ERR12405956.16	gender	male	-0.014765638463981	0.270751454492335	352	138	0.956539697109281	0.982115624839476
metabat_ERR12405954.8	age	age	0.00570491765978041	0.103337671892476	352	60	0.956005672618886	0.982115624839476
metabat_SRR5930527.86	gender	male	-0.00952477105059068	0.170023857489247	352	57	0.955357954230872	0.982115624839476
semibin_SRR11413691.52	age	age	-0.00325114957593315	0.0618129006971545	352	43	0.958083629887327	0.982949922571426
metabat_ERR12405933.43	response	R	-0.0140447708610927	0.282083661296538	352	229	0.96031906665588	0.98374148291578
semibin_SRR25825508.4_sub	response	R	-0.00968215848626483	0.194426737559793	352	60	0.960311665679813	0.98374148291578
semibin_SRR25825514.3_sub	age	age	0.00569220813376175	0.120450182880776	352	136	0.962335012375057	0.984928518004228
semibin_SRR16554766.13	response	R	-0.00659461385084714	0.141837717495364	352	43	0.962943506441634	0.984928518004228
semibin_SRR20881986.74	cancer_type	Other	-0.0314349420061738	0.668491958094972	352	72	0.964128128668397	0.985390269908993
metabat_SRR11413686.5	response	R	-0.00671917880924621	0.158339223096905	352	41	0.966176109835311	0.986733048342445
maxbin_SRR16554755.007_sub	gender	male	-0.00824843232546175	0.209595602880345	352	93	0.968630868197275	0.987513257170492
maxbin_SRR11413620.019	response	R	0.00879322659101333	0.220861476716438	352	103	0.968264881676788	0.987513257170492
maxbin_SRR16554733.009	cancer_type	Other	0.0144653380458152	0.344071364490615	352	81	0.9691443349761	0.987513257170492
semibin_SRR5930533.9	age	age	-0.00561584772829223	0.156409506451489	352	135	0.971378985126466	0.989040421219674
maxbin_SRR13022355.014	cancer_type	Other	0.0216860943211133	0.656095373250132	352	272	0.974757407637821	0.989768965222487
semibin_ERR6279675.47	gender	male	0.00658407285469903	0.213558437302958	352	70	0.975422777825286	0.989768965222487
semibin_SRR6000905.60_sub	gender	male	0.00714457818665834	0.237703821650258	352	128	0.976039160833964	0.989768965222487
metabat_SRR5930523.5	age	age	-0.00313327044285651	0.107543170224189	352	103	0.976773669498965	0.989768965222487
metabat_SRR16554746.22	cancer_type	Other	0.0159151650246222	0.452999634723867	352	109	0.973717048312447	0.989768965222487
metabat_ERR12405997.59	age	age	-0.00285074758503654	0.103236113981924	352	61	0.977986001350791	0.989768965222487
semibin_SRR8387707.23	cancer_type	Other	-0.0178539076899959	0.547853145362561	352	81	0.975798897910645	0.989768965222487
metabat_SRR6000905.24	response	R	0.00314387321331083	0.111694830843577	352	39	0.977561116309624	0.989768965222487
semibin_SRR11413688.65_sub	response	R	-0.00537530812065028	0.204271925769519	352	47	0.979021687072604	0.990071593247238
maxbin_SRR5930515.007	response	R	0.00499922127774928	0.210318258179555	352	81	0.981049936427129	0.991207533152264
metabat_SRR6000907.39	response	R	-0.00433272377289376	0.195665832423314	352	118	0.982346243474045	0.991207533152264
maxbin_SRR5930504.027	cancer_type	Other	0.00307106088383895	0.139833843881346	352	48	0.982490720006622	0.991207533152264
metabat_ERR6281658.13	cancer_type	Other	-0.0114247446821084	0.507474998306348	352	77	0.98335198665309	0.991207533152264
maxbin_SRR8387707.009	age	age	-0.00129949461186963	0.0640808578123988	352	49	0.983832477102024	0.991207533152264
metabat_SRR13068829.36	gender	male	0.0024906374054703	0.136703560311757	352	42	0.985474501990748	0.992118150318775
metabat_ERR12405975.5_sub	gender	male	0.00506596690439419	0.294364350691815	352	269	0.986279212468882	0.992164608003841
maxbin_SRR16554787.017_sub	cancer_type	Other	-0.00548132992078257	0.308609577017206	352	74	0.987735301718109	0.992164608003841
metabat_SRR16554665.10	response	R	-0.00308061017816515	0.18910266344161	352	107	0.987011881583012	0.992164608003841
metabat_SRR25825493.27	gender	male	-0.00268913435475461	0.209198133943653	352	59	0.989751355691131	0.99270583734991
maxbin_SRR25825521.012_sub	gender	male	0.00219948493812704	0.1709211506264	352	85	0.989740166021473	0.99270583734991
semibin_SRR6000945.4	response	R	0.00296833315273306	0.274229117604558	352	152	0.991369861986766	0.992847313345911
metabat_SRR16554771.26	gender	male	0.00252121165813921	0.220904598867704	352	192	0.990900441170977	0.992847313345911
semibin_SRR5930498.73	response	R	0.000850779557459767	0.124014462515188	352	46	0.994530279414067	0.995037530461968
maxbin_SRR8387707.009	response	R	0.00078788166938491	0.126586531456724	352	49	0.995037530461968	0.995037530461968
