feature	metabat_SRR16554674.5	maxbin_SRR13022355.014	metabat_ERR12405975.5_sub	semibin_SRR13022325.6	semibin_SRR16554706.23	semibin_SRR23364195.41	semibin_SRR5930502.51	metabat_SRR13022352.3	semibin_ERR12405939.29	metabat_SRR16554779.30	maxbin_SRR11413655.005	maxbin_ERR2162217.001	maxbin_SRR13022336.003_sub	maxbin_SRR25825509.002	semibin_SRR5930533.9	metabat_SRR13022417.2	semibin_SRR5930511.52	semibin_ERR6281504.148	semibin_ERR6279672.24	semibin_SRR11413653.25	maxbin_SRR16554665.003	semibin_SRR11413686.80	maxbin_ERR12405962.011_sub	metabat_ERR6279614.12_sub	semibin_ERR6232382.49_sub	semibin_ERR6279675.47	maxbin_SRR16554775.001	semibin_SRR11413653.97_sub	semibin_SRR16554655.39	metabat_ERR12405990.2	metabat_ERR6232687.8_sub	metabat_SRR25825493.27	maxbin_ERR6281499.002	semibin_SRR11413691.62	semibin_SRR6000945.4	maxbin_SRR16554671.002	metabat_SRR11413649.62	metabat_SRR5930494.64	metabat_ERR12405981.15	maxbin_SRR11413649.010	maxbin_SRR13068842.057_sub	metabat_SRR16554646.5	metabat_SRR20881978.24	semibin_SRR5930502.48	semibin_SRR6000905.60_sub	semibin_SRR5930507.29	semibin_SRR16554630.20	metabat_ERR6271719.4	semibin_SRR25825509.21	metabat_SRR23364235.43	maxbin_SRR5930501.002	metabat_ERR12405956.16	maxbin_ERR12406000.010	metabat_SRR6000877.7	semibin_SRR13022308.4	metabat_ERR12405930.6	semibin_SRR16554707.35_sub	semibin_ERR2162217.22	metabat_ERR12405933.43	semibin_ERR2162223.6	metabat_SRR6000874.30	metabat_SRR16554713.13	semibin_SRR5930499.112	semibin_SRR16168913.44_sub	semibin_SRR6000900.32	semibin_SRR16168903.5	semibin_SRR16554765.8	maxbin_SRR16554755.007_sub	semibin_SRR5930534.80	metabat_SRR6000907.1_sub	maxbin_SRR16554728.024	semibin_SRR8387683.16	maxbin_SRR11413620.019	semibin_SRR25825514.3_sub	metabat_ERR12405985.2	semibin_SRR16554738.0	semibin_SRR11413691.42	maxbin_SRR11413655.009_sub	semibin_SRR20881975.0	metabat_ERR6275681.8	maxbin_SRR16554759.001	metabat_SRR16554662.30_sub	metabat_SRR16554786.10	metabat_ERR6243880.3	semibin_ERR6264280.18	metabat_ERR6281505.14	semibin_SRR16554671.9	maxbin_SRR16554707.013	metabat_SRR16554771.26	semibin_SRR16554665.28	maxbin_ERR6279655.020	metabat_SRR5930523.5	semibin_SRR11413608.137	metabat_ERR6279651.8	metabat_SRR16554746.22	metabat_ERR12405939.30	metabat_ERR12405970.10	semibin_SRR20881988.7	metabat_ERR6275666.49	metabat_SRR16554744.3	semibin_SRR16168903.11	semibin_SRR11413690.7	metabat_SRR5930536.13	semibin_ERR12405947.71	metabat_ERR12405918.3	semibin_SRR23364196.21	semibin_SRR16554716.24	metabat_SRR16554626.7	semibin_SRR25825508.4_sub	semibin_SRR13068844.35	semibin_ERR6279614.29	semibin_SRR11413683.102	maxbin_SRR5930501.087_sub	maxbin_SRR16168913.015	semibin_SRR16554739.16	metabat_SRR16168982.24	metabat_SRR13022323.1	semibin_ERR6267712.45	semibin_ERR2162202.11	maxbin_ERR2162223.012	maxbin_SRR25825521.012_sub	metabat_SRR23364233.36	semibin_SRR16554653.1	maxbin_SRR5930508.026	metabat_SRR16554633.8	metabat_SRR16554713.7	semibin_SRR20881980.15_sub	metabat_SRR13022372.10_sub	semibin_ERR6233695.43_sub	maxbin_SRR5930515.007	maxbin_SRR13068818.010	semibin_ERR12405970.61	maxbin_SRR16554787.017_sub	metabat_SRR6000907.39	semibin_SRR25825502.47_sub	maxbin_ERR12405958.009_sub	semibin_ERR6232458.16	semibin_SRR11413688.65_sub	semibin_SRR5930536.88	maxbin_ERR12406009.001	semibin_SRR16554765.35	metabat_SRR5930502.31	metabat_ERR2162222.11_sub	maxbin_SRR16554790.013_sub	maxbin_SRR16554733.009	maxbin_SRR8387707.004_sub	metabat_SRR16554669.41_sub	maxbin_SRR5930518.019_sub	metabat_SRR11413686.5	semibin_SRR13068817.76	semibin_SRR20881986.74	semibin_SRR23364193.36	metabat_SRR5930514.58	semibin_ERR2162202.9	semibin_SRR5930501.2	metabat_SRR16554665.10	metabat_SRR13068853.24	semibin_SRR16554776.8	metabat_SRR13068851.17	metabat_ERR6279627.10	semibin_SRR11413679.4	metabat_ERR2162214.7	metabat_SRR11413647.31	metabat_ERR2162213.1	metabat_SRR16168896.4	metabat_ERR12405997.59	semibin_SRR6000944.44	metabat_ERR12405954.8	metabat_SRR13068832.4	semibin_SRR20881980.56	maxbin_SRR5930507.045	semibin_SRR5930495.29	maxbin_ERR6282070.040_sub	semibin_ERR6233693.7	metabat_SRR11413613.2	semibin_SRR16168945.59_sub	semibin_ERR12405923.28	semibin_SRR6000901.29	metabat_SRR16554687.19	semibin_SRR23364183.27	metabat_ERR12405985.26	maxbin_SRR5930497.004	metabat_SRR5930527.86	semibin_SRR6000896.44	metabat_ERR6281586.4	metabat_SRR6000949.51_sub	semibin_SRR11413689.110	maxbin_SRR6000869.050	semibin_SRR11413691.40_sub	metabat_SRR13068828.29	metabat_ERR12405917.12	semibin_SRR8387677.66	semibin_SRR16554633.6	semibin_SRR13022464.9	semibin_SRR11413690.11	maxbin_SRR5930504.027	semibin_ERR12405916.16	metabat_SRR16554654.18	metabat_SRR11413687.86	metabat_SRR5930529.8	semibin_SRR5930498.118	semibin_SRR16554780.22	metabat_SRR11413689.14	maxbin_SRR8387710.024	semibin_ERR12405964.2	metabat_ERR6281658.13	semibin_SRR11413691.52	metabat_SRR25825507.13_sub	semibin_SRR8387707.23	semibin_ERR12405918.0	metabat_SRR16554711.16	semibin_ERR12406007.1	semibin_SRR13022452.10	metabat_SRR11413620.24	maxbin_SRR8387707.009	metabat_ERR6281941.15	metabat_ERR12405924.12	semibin_SRR20881984.28	metabat_ERR12405966.18	maxbin_SRR16554651.021_sub	semibin_ERR12405967.93	semibin_ERR12406009.9_sub	maxbin_SRR8387659.002	semibin_SRR11413606.50	maxbin_ERR6232523.003	semibin_ERR6267712.18	metabat_SRR5930498.82	maxbin_ERR12405962.006	metabat_SRR23364213.66	semibin_ERR12405915.41_sub	semibin_SRR11413654.21	metabat_SRR25825510.12_sub	semibin_SRR13068827.60	maxbin_SRR23364231.030_sub	semibin_SRR13022424.6	metabat_ERR12405940.14
SRR20881974	0.0101800726404973	0.0163977015324228	0	0	0	0.0873095153678584	0.0154458013330168	0	0	0	0	0	0.0435898812190236	0.016991683173142	0.00795389572807946	0	0	0	0	0	0.0261808217489712	0	0.019470853036974	0	0	0	0	0.0118531248885373	0.020994290806191	0	0	0	0	0	0.00367037924866853	0	0	0	0	0	0	0.0427526632284183	0.0138438250238666	0	0.0105556448205332	0	0	0	0.00463774542552981	0	0	0.0118165082059361	0	0	0	0	0	0.0043177245956863	0	0	0	0.0105700983479491	0.061375307915715	0	0.232637991506603	0	0	0	0	0	0	0	0	0	0	0	0	0	0	0	0	0	0.0457248338805346	0	0	0	0	0	0.00305735752445141	0	0	0.00853728837983742	0	0	0.00941093144593643	0	0	0	0	0.0143270332347977	0	0	0.0174200832393341	0	0	0	0	0.00644859772136405	0	0	0	0	0	0.0140715633778466	0	0.02173723047612	0	0	0	0.017307239877694	0	0	0	0	0	0	0	0	0	0	0	0	0.00593185083013365	0.00279278754073028	0	0.0122879184760381	0	0	0	0	0	0.103116470062456	0	0	0.0109618453458258	0	0	0	0	0	0	0	0	0.00598724094725297	0	0	0	0	0	0	0	0	0	0	0	0	0	0	0	0	0	0.00698136613414385	0	0	0	0	0	0	0	0	0	0	0	0	0	0	0	0	0	0	0	0	0	0	0	0	0	0	0	0	0	0	0	0	0	0	0	0	0	0	0	0	0	0	0	0	0	0.00559967201201601	0	0.00617677912619107	0	0	0	0	0.00957638057367604	0	0	0	0	0	0	0	0	0	0	0
SRR20881975	0.0570080749273046	0.0367786724408872	0.0615324978175764	0.069805270271365	0.0578151764225784	0.0337750684833995	0	0.0555414474094703	0.0478290109041153	0.0551532575232254	0.0452442852412611	0	0.0257352154191699	0.0299948550091902	0.0162710664511962	0	0	0	0	0	0.0270347267667631	0	0.0210742226393901	0	0	0	0.00961974003860855	0.0162007309390058	0.00336642444255694	0	0	0	0	0	0	0	0.0092654921399174	0	0.0191374222135576	0	0	0.00573181185417443	0	0.00862286959155652	0	0	0.0204427165000769	0.00913554323978557	0	0	0.00952292818376618	0	0.00875847139936109	0.0173244359646243	0	0.00869209296652888	0.00465122101022874	0	0	0	0	0.00395916651402022	0.0149622017808412	0	0	0	0	0	0	0	0	0.00213547863045803	0.00368359638002518	0	0	0	0	0	0.0143352848448308	0	0	0	0.0144648007656436	0	0	0	0	0.00847993522992758	0.00861083720418432	0	0	0	0	0	0	0	0	0	0	0	0	0	0.00391332692638403	0	0.0057848331297281	0	0	0	0	0	0	0	0	0	0	0.00334185887506935	0	0	0	0.00329689249937753	0	0	0	0	0.00594426229222609	0	0	0	0	0	0	0	0	0.0058666048932727	0	0.00270971814190419	0	0	0	0	0	0.00417881411098882	0	0	0	0	0	0	0	0	0	0	0	0	0	0.00479868426936755	0	0.00281586194890242	0	0	0	0.00308692953365083	0	0.00332035571291573	0	0.00300323956256766	0.00316792830430448	0.00323620420888341	0	0	0	0	0	0	0.00267612086002593	0	0.00299585146842899	0.00299248080128351	0	0	0.00284445494824913	0	0.00237605883321539	0.00285157070355757	0.00272284082399807	0	0	0.00395184703951298	0	0	0.00263077102937534	0.0189164818196955	0	0	0.00277598872934239	0	0	0.00141628340824103	0	0.00582365844526859	0	0.0184136896634313	0	0	0	0	0	0	0.00134432292080093	0	0	0	0	0	0	0	0	0	0	0	0	0	0	0	0.00510601453545789	0	0	0	0	0	0	0	0	0	0	0
SRR20881976	0.0603849429880803	0.0405927712924319	0.0190358356138021	0.0296987421600168	0.011913884523037	0	0	0.016631135318785	0.0102624487342633	0.0105503591287388	0.0102813155474708	0	0	0.0132624422904547	0.0120875788799035	0	0.0403168557775121	0	0	0	0.0168646520783205	0	0.0201538979079544	0	0	0	0	0.00912080402381785	0.0106483145483327	0	0	0	0	0	0	0	0	0	0	0	0	0	0	0	0.0087152658838866	0	0	0	0.0497226370961137	0	0	0.013194787350841	0	0	0	0	0	0.102977959691529	0	0	0	0.0485306492978258	0.0276548135848137	0	0.00437009009314286	0	0	0	0	0	0	0	0	0.0250939054194068	0	0	0	0	0.00762632863814651	0	0.00621692166716709	0	0.00230421356134417	0	0	0	0	0	0.0035286862116824	0	0	0.00618200190996319	0	0	0.0387886064291907	0	0	0	0	0	0	0.0443277255720769	0	0	0	0	0	0.0291457737187654	0.00307187329192704	0.00672648011356199	0.024587625449083	0	0	0	0	0	0	0	0	0	0	0	0	0	0	0	0.00549711170405364	0	0.00272490743150286	0	0	0	0.0261041872149229	0	0	0	0	0	0	0	0	0	0	0	0	0	0	0	0	0	0	0	0	0.026551693530359	0	0	0	0.00501011947381624	0	0	0	0.0106190999834498	0	0.00595108060989253	0	0.00554621951314247	0.00526321697278009	0.00529425196280189	0	0	0	0.0160467070614002	0	0	0.00485658485689881	0	0.00523020341202906	0.00512967816481748	0	0	0.00498848679882154	0.0130729001010305	0	0.00488706104091955	0.00468875467253364	0	0.011522687386101	0	0	0	0.00448058582098534	0	0	0	0.00449597419436158	0	0	0	0	0	0	0	0	0	0	0	0	0.00497924185367534	0	0.0110243420254123	0	0	0	0	0	0	0	0	0.00417484521101376	0	0	0	0	0	0	0	0	0	0.00484935569041241	0	0.00407172465109548	0.00410116345092086	0.00426548941746008	0	0	0
SRR20881977	0.0228073576202195	0.0160488405968003	0	0	0	0.0433342909966515	0.133056055247138	0	0	0	0	0	0.0307903237898603	0	0	0	0.0388611687355087	0	0	0	0	0	0	0	0	0.0202508525195042	0	0	0	0.0456355292512536	0.0166144490958565	0.018253783629828	0	0	0	0	0	0.0173006695346994	0	0.0104894892830953	0	0.00993078738698826	0.00636048366317418	0.00291930465799359	0	0	0.00974657908299128	0	0	0	0	0	0	0.00908529548173193	0.0388755779614586	0	0	0	0.00373671495710076	0	0	0	0.0352071397994136	0.015909143267517	0.01956435940599	0	0	0.0178347401258795	0	0	0.00774951862455886	0	0	0	0.0138637481969814	0.0129729858901488	0	0	0	0.0130032822297481	0	0.0126607411050406	0	0.0191469396016855	0.0119091093924277	0.0130421182254624	0.0127369424121366	0	0.00203476539719757	0	0.011988435676662	0	0.0112341908479425	0	0	0.0111146434169965	0.0119698085580991	0	0	0	0	0	0	0	0	0	0	0	0	0	0	0	0.0106340157536409	0	0	0	0	0	0	0	0	0	0	0	0	0	0	0	0	0	0	0	0	0.00341342870388243	0	0	0.00932010247402807	0	0	0	0	0.0219602316718519	0	0	0	0.0111157890912471	0.00969295042277864	0	0	0	0.0101231216207591	0.00922775518356641	0	0	0.0109039375990151	0.00296348988256355	0.00895232603417913	0	0	0	0	0	0.00793505574235815	0	0	0	0	0	0.0087839678349969	0.0103734814069419	0	0	0	0.0082967212701976	0	0.00778129830733635	0	0	0	0.00722662151727387	0	0	0	0	0	0.00792223447623679	0	0.00587858612236438	0	0	0	0	0	0	0	0	0	0	0	0	0	0	0	0	0	0	0	0.00321356531082913	0	0	0	0	0	0	0	0	0	0	0.0060268405034571	0	0	0	0	0	0	0.0585748241360187	0	0	0.00326615359189587	0	0.00300299688545184	0.00246684844897188	0.00290349034241572	0	0	0
SRR20881978	0	0	0.0111560317590586	0.00797238328252185	0.00814154686135921	0	0.407310937200025	0.0112056456792307	0.006083789616294	0.00822775371472087	0	0.0254078177591963	0	0	0	0.013496382129518	0	0	0	0	0	0	0	0	0	0	0	0.0131080934686029	0	0.143229183833764	0	0	0	0	0.0350944667523539	0	0	0	0	0	0	0	0.101844596615791	0	0.0794211121797802	0	0	0	0	0	0	0.0232983746877362	0	0	0	0	0	0	0	0.0282873768364732	0	0	0.0297022974180395	0	0.00685490957434884	0	0	0	0	0	0	0	0	0	0	0	0	0	0	0	0	0	0.0198930677848453	0	0	0	0	0	0	0	0	0	0	0	0	0	0	0	0	0	0	0	0	0	0	0	0	0	0	0	0	0	0	0	0	0	0	0	0	0	0	0	0	0	0	0	0	0	0	0	0	0	0	0	0	0	0	0	0	0	0	0	0	0	0	0	0	0	0	0	0	0	0	0	0	0	0	0	0	0	0	0	0	0	0	0	0	0	0	0	0	0.00235980039919622	0	0	0	0	0	0	0	0	0	0	0	0	0	0	0	0	0	0	0	0	0	0	0	0	0	0	0	0	0	0	0	0	0.00856038222565007	0	0	0	0	0	0	0	0	0	0	0	0	0.00252710441343605	0	0.00380139079675688	0	0	0	0	0	0	0	0	0	0	0	0	0	0	0.00301555501130155	0
SRR20881979	0.0199197449104141	0.0173224647920721	0.047494668430382	0.0525297023019995	0.0574080623627298	0.0419562467166539	0	0.0517907429045065	0.0415558239224241	0.051790054486634	0.0365404911222688	0.00419316108818314	0.0384757348345344	0.00944254735076859	0.00507024177792996	0.00968638833740659	0.0263443505817009	0	0.0035288185060238	0.0174146405352888	0.00653243234621909	0	0.0107921561076962	0	0	0.0121912053613692	0	0.0218805953117414	0.00631543860194457	0	0.00974715248722195	0.0104978269428001	0	0.102680732679116	0.00148477564047109	0	0.0151382039862768	0.00975403307443033	0.00800246999721306	0	0	0	0	0.00652249575494453	0	0	0.0171795633526801	0.0169805731298739	0	0	0.014849989415688	0	0.0130619873855011	0.016973306070968	0	0.0134028901683453	0	0	0.00491735688902215	0	0	0.0037836133816742	0.0145681410640025	0	0.0128218704266733	0	0	0	0	0	0	0.00926125628991234	0	0	0	0	0	0	0	0	0	0	0.0160486884870059	0	0	0	0	0.0013997864921883	0.00728853753402552	0	0	0.0030685595049834	0	0	0	0	0	0	0	0	0	0	0.00329791448132934	0.00391775044533951	0	0	0.0037082783854981	0	0	0	0	0	0	0	0	0.00293129029472161	0.00330450629339047	0	0.00350270923638612	0.00361841565190543	0	0.0033959276436532	0	0.00333919840484378	0	0.0031592497731206	0	0	0.00470130526333852	0	0	0	0	0	0.00234146743711483	0	0	0	0	0	0.0035454887209224	0.00282489722219183	0	0	0	0	0	0	0	0	0	0	0	0	0	0	0	0	0	0	0	0	0	0	0.00228440102340196	0	0	0	0	0	0	0	0	0	0	0	0	0	0	0	0	0.0107902135799449	0.00282639681598734	0	0	0	0.0111217424385346	0	0	0	0	0	0	0	0	0	0	0	0	0	0.00115239741830849	0	0	0	0	0	0	0	0	0	0	0	0	0	0	0	0	0	0	0	0	0	0	0	0	0	0	0	0.00156803303215757	0.000991727959279926	0	0	0	0	0.00206716563272062	0
SRR20881980	0.115673007226435	0.0599741125242138	0.0483098340904935	0.0394200483075905	0.033468988244594	0	0	0.0280892161477605	0.0291656219195893	0.0255638675777655	0.0338668714040062	0	0	0	0	0	0.00877853794038165	0	0.0115986516613954	0	0	0.0810288305691401	0	0	0	0.043821965258033	0.0162421919186715	0.00948888210652313	0.0207450064210863	0	0.0358011360309744	0.0364254925829527	0	0	0	0	0	0.036686373117409	0.0241509498188601	0	0.00737368834189827	0	0.00459247391139693	0.00576792805649369	0	0	0	0	0	0	0	0	0	0	0	0	0	0.00397603424903444	0	0	0.00373205228966	0.00333006670473095	0.0145005429028614	0	0	0	0	0	0	0.00589219948764422	0	0.00214355146307039	0	0	0	0	0	0	0	0	0	0	0	0	0	0	0	0	0.00224801514869847	0	0	0.00783459241653036	0	0	0	0	0	0	0	0	0	0	0	0	0	0	0	0	0.00783781005769888	0.0196520229826344	0	0	0	0	0	0.00168609867349593	0	0	0	0	0	0	0	0	0	0	0.0424740287967761	0	0	0	0	0	0	0	0	0	0.00947755666123219	0	0	0	0	0	0	0	0	0.0125907047504526	0.0113829212386697	0	0	0	0.0122995795150145	0.0103962465041696	0	0	0.0109392275085601	0	0	0	0	0	0	0	0	0	0	0	0	0	0	0.0461133318467822	0	0	0	0	0	0	0	0	0	0	0	0	0.0070610802710349	0	0	0.00839866135358397	0	0	0	0	0	0	0	0	0	0	0	0	0	0	0	0	0	0	0	0	0	0	0	0	0	0	0	0	0	0	0	0	0	0	0	0	0	0	0	0	0	0	0	0	0	0	0	0	0	0
SRR20881981	0	0	0	0	0	0	0	0	0	0	0	0	0	0	0	0	0	0	0	0	0	0.0377737516528707	0	0	0	0	0	0	0	0	0	0	0	0.0015360474086232	0.178482439362529	0	0.0595494495688377	0	0	0	0	0	0.123132549518571	0	0	0	0	0.0477818068138806	0	0.00766112844106345	0.0474091983560444	0	0.0500080086310856	0	0	0.0453042044569279	0.00911353356125367	0	0	0.104926921005806	0	0	0.00302613907238386	0	0.0042223113228517	0	0	0	0.161337052989041	0	0	0	0.00718568217806049	0	0	0	0	0	0	0	0	0	0.0105242415541731	0	0	0	0	0	0	0	0	0	0	0	0	0	0	0	0.0185347652578287	0	0	0	0	0	0	0.017813918390432	0	0	0	0	0	0	0	0	0.00258181439977802	0	0	0.00288808374159162	0	0	0	0	0	0	0	0	0	0.00328451457177159	0.00263876838566892	0	0	0	0	0.00233510013719001	0	0.00356821551528253	0	0	0.0030289862016831	0	0	0	0.00265946682701888	0	0	0.0028115989796248	0	0.00210974028386167	0	0	0.00227124201742547	0.00221992634007262	0	0	0.00246039825172502	0.00179729086766393	0	0	0	0	0	0	0	0	0	0	0	0	0	0.00236021301108997	0	0.00233628909208863	0	0	0	0	0	0	0	0	0	0	0	0	0	0.00233748759235847	0	0	0	0.00636539883378017	0	0	0	0	0	0	0	0	0	0	0	0	0	0	0	0	0	0	0	0	0	0	0	0	0	0	0	0	0.00235908628371337	0	0	0	0	0	0.00825435548438317	0.00400887363996409	0	0	0	0	0	0	0	0	0	0
SRR20881983	0.00249836816012989	0.0026036876453048	0.00228886456108334	0.00234831514794744	0.00202914407108079	0.00750321077928968	0.00953267341434069	0	0	0.00202538661734069	0	0.00150272826802734	0.00647960181046413	0	0	0	0.00286927852734227	0.0368053932578749	0	0	0	0	0	0.02668314363569	0.0269160402359663	0	0	0.00717325346323927	0.00423588207743581	0	0	0	0.0256658240584492	0	0	0	0.050852937913723	0	0	0	0	0	0	0	0	0	0	0.0566347931298926	0	0	0.0502688323683227	0	0.0443175758366576	0	0	0.0449952221379869	0.00734668846290643	0	0	0	0	0	0.00340228947381253	0	0.0130524641739747	0	0	0	0.0231186144247295	0	0	0	0.00573559242982745	0	0.0160194747506676	0.0159577772014827	0	0.00170270837939949	0	0.0155026612569493	0	0.0160432992471628	0.00180371703777979	0.0146583085910517	0.015173566541974	0.0158117249003256	0.025249126920185	0	0	0	0.0147051291268917	0	0.0146260628182396	0	0	0.0133488195331767	0.0134873559779095	0	0	0	0	0	0	0.0096125959134548	0	0	0.00976928130228256	0	0	0	0	0	0.0122048242369627	0	0.00327070956337609	0	0.00933804869509996	0	0.00955142484683304	0	0.00865215086366838	0.00995618051472013	0	0.00971257332661627	0	0.00920450654975381	0	0	0.00485620054327126	0	0.00859537102269918	0	0	0	0	0.00259212629174838	0.00967335375858556	0	0	0.00585834625517485	0	0.00289024571928707	0.00403791197937631	0	0	0.0111333834231095	0.011297862440762	0.00146104422216596	0	0	0.0114578260610088	0.0110692699135165	0	0	0.0111326479467122	0	0.0089862011406949	0.00141722055673608	0	0.0072822228147943	0.00129796535975781	0.00155167430428954	0.00837700780970114	0.00162370738914984	0	0.00149998031882714	0.002529039343813	0.00151972108670315	0.00900192599857786	0.0131623616494181	0	0.00137510001191348	0.00715269970982218	0.00787649668513437	0	0.00819257470505528	0.00157620411414839	0.00160517574367326	0	0.00867673650887962	0.00141165213636956	0	0	0.00148845443750006	0.0016102480561138	0.00954103991736323	0	0	0	0	0	0	0	0	0	0	0	0	0	0	0	0	0	0	0.00329146235677164	0	0	0	0	0	0.00159035537652289	0	0	0	0	0	0	0	0	0	0	0	0	0	0	0.0147468974102318	0	0	0.00594831314064847	0	0.00527707862635773	0.0047496126462177	0.00533744688859291	0	0	0
SRR20881984	0.0546390419126681	0.035777893565042	0.0225600218489758	0.0144927489938265	0.0152746351506538	0.0126506608341091	0.0166009252492711	0.0165133319254235	0.0122510043729373	0.0129664963432654	0.0135367279210698	0	0.012400775009917	0.00928954936324962	0.00370283362659078	0	0.0156640207204174	0	0	0.00765687290556435	0.00730075346291288	0.00487255354260798	0.00926820441645645	0	0	0.0038617237430388	0	0.0131293132431301	0.00700611268142749	0	0.00330562494394564	0.00334007226098351	0	0.00915893892260899	0	0	0.0707569654838033	0.00333560883477018	0.0166343005374244	0	0	0	0	0.0106176745396255	0.00681498197383364	0	0.00736044122923567	0.0455909904524231	0.00355529037811489	0	0.0524050832725903	0.00387448994381995	0.0462455312302901	0.00656486961847646	0	0.0433275902817217	0	0.0030577002610932	0	0	0	0.00630014800651963	0.0263215185153939	0	0.00465484317741633	0	0	0	0.0213403547799996	0	0	0.00613096719682141	0	0.00703926757483017	0	0	0	0	0.00317260864610685	0	0.00763536552565853	0	0.0134496880943131	0	0	0	0	0	0.00487195950005427	0	0	0	0	0	0.00479026286096032	0	0	0	0.0283073901909318	0.00697689185647098	0.00575757164332274	0	0	0	0	0.0277417325376981	0	0	0.00328416809120004	0.0111971233178779	0.00483317616310188	0	0	0.00599993212177516	0	0	0	0	0	0	0	0	0	0	0	0	0.00977431599253778	0	0.00347217161087854	0	0	0	0	0.00759415532742094	0	0	0	0	0	0	0	0	0	0	0.00491298499130097	0	0	0	0	0	0	0	0	0	0	0.00643492942843254	0	0	0	0	0	0	0	0	0.0170048312696895	0	0	0	0	0	0	0	0	0	0	0	0	0	0	0	0	0	0	0	0	0	0	0.00507075197898562	0	0	0	0	0	0	0	0	0	0	0	0	0.00232062196898083	0	0	0	0.0235878775113843	0	0	0	0	0	0	0	0	0	0	0	0	0.0236041991748228	0	0.0082862813077594	0	0	0	0	0	0.00494874859374851	0.0202612410383787	0	0	0.00163103928222299	0	0	0	0	0.00392852572568793	0
SRR20881985	0.0544875901530004	0.0396423333218788	0.0353969378871621	0.0276270370714833	0.0258651517616388	0.0286832935286395	0.0244827035375048	0.0244615766089293	0.0236037032556191	0.0197473772274748	0.024778189783672	0	0.027490831935935	0.0147560389397661	0.0184933935390405	0	0	0	0	0	0.0130260641324912	0	0.0180469777839564	0	0	0	0	0	0.0131562756988068	0	0	0	0	0	0	0	0	0	0	0	0	0.0191064533397187	0	0	0.0222037508299462	0	0	0	0	0	0.00464837037217184	0.0313303258265522	0.00401660031661025	0	0	0	0.0116292574818375	0.00887396638844418	0.00441874257573047	0	0	0	0.0105470093199443	0	0.00331115255499139	0	0	0	0	0	0	0	0.00788314962669142	0	0	0	0	0	0	0	0.0120632909904839	0	0	0	0	0	0	0.0102197061063046	0.00575140892229667	0	0	0	0	0	0	0	0	0	0.00487564453916192	0	0	0	0	0.00460019660366449	0.0091679858330379	0.00450585495278346	0.00484246181898182	0	0	0	0.0048793537552864	0	0	0	0	0	0.00488538266074934	0	0.00394623847670279	0	0.00731140914685606	0.00401233469433087	0	0.00429346965663895	0.00875098417700618	0.00435015104958584	0	0	0.00941824747063445	0	0.00524010585489271	0	0	0.0107977837915677	0	0	0.0153061724392309	0	0	0	0	0	0	0	0	0.0158058545437862	0.0156126924220041	0	0	0	0.0139232748677538	0.0145697664037825	0	0	0.0134976967985356	0.00884113741850408	0.0139138252249108	0.00612733686380847	0	0	0	0.0049420253052977	0.0128549488018608	0.00503053386150873	0	0.00481771502441344	0.00481994461892227	0.00468724935006885	0.0136071403542171	0.0120914469324418	0	0	0	0.0127305332135523	0.0048611369860569	0.0132889364565725	0.0046353483749681	0.00478540056389049	0	0.012924327808922	0.00446672334930466	0	0.00313557649823239	0.00480185494976113	0.00450280741528666	0.0106990871564366	0	0.00754679423016006	0	0.00416849518486122	0.00433204258643105	0	0	0	0.00417506596419045	0	0	0	0	0	0	0	0	0	0.00456417602572965	0	0	0.00934551414481066	0	0	0.00282389481380191	0.00221624471477099	0	0	0.0025900695404087	0	0	0	0	0	0	0	0	0	0	0.0113309434902009	0	0	0	0	0	0	0	0	0	0
SRR20881986	0.0286925337488466	0.0167378314159286	0	0	0	0	0.0318534561544538	0	0	0	0	0	0	0	0.00339018637544194	0	0.0052203572035558	0	0.0948840665765251	0	0.0078531098953519	0.003076457438724	0	0	0	0	0	0	0.0214796092439719	0	0	0	0	0	0.00441830580340956	0	0.106847920294313	0	0	0	0.0448151047143092	0.0194912965348374	0.00605503015284042	0.0071277981706505	0	0	0	0.074622963910611	0	0.0200793185449292	0.0767590784988308	0	0.0774629528044511	0	0	0.0674448213468874	0	0	0.00505167360560121	0.00370528860334536	0.0496581692783092	0.00423600191431296	0.0134294442078607	0	0.052505707861541	0	0	0	0.0323755527461977	0	0	0	0	0.00374870482265976	0	0	0	0	0	0	0	0	0	0	0	0	0	0	0	0.0190626941381517	0	0	0	0.0164196693005695	0	0	0	0	0	0	0	0	0.0013704789297947	0	0	0	0	0	0	0	0	0	0	0	0	0.00133245428035634	0	0	0	0.00542204834544208	0	0	0	0	0	0	0	0	0.0092472021407753	0	0	0	0	0	0	0	0	0	0	0	0	0.00171479330880974	0	0	0	0.00255610472922843	0	0	0	0	0.00891421425283066	0.00242714311429555	0	0	0.0023914555316648	0	0	0	0	0	0	0	0	0	0	0	0	0	0	0.00253815777291884	0	0.00166986506127033	0	0	0	0	0	0	0	0	0	0	0	0	0	0	0	0	0	0	0	0	0	0	0	0	0	0	0	0	0	0	0	0	0	0	0	0	0	0	0	0	0	0	0	0.00317802424606075	0	0.00117443692162691	0.00381856140943385	0	0	0	0.0193312591862928	0	0	0.00693395125684263	0.00747474420493783	0	0	0	0	0	0	0	0	0
SRR20881987	0.00531278800922785	0.00592417761699982	0.00929469955702217	0.00708666494410289	0.0071810944534293	0.0251583796928114	0.00652420291634846	0.00714572441033429	0.00647706457274271	0.00602008365934866	0.0071341437464561	0	0.0198572708932317	0	0	0	0	0.00248231009142782	0.180254569078658	0.0209374555913309	0	0	0	0	0	0	0	0	0.00536749662399005	0.0142635538267386	0	0	0	0.01369338018862	0	0	0	0	0	0.020502663381914	0.087052476294135	0	0	0	0	0	0.0151667569552273	0	0	0.0425744962106985	0	0	0	0.0132641454117086	0.0018283586931895	0	0.0320123512182601	0	0.00167403818137741	0	0.0872021872578476	0	0.015128660201166	0	0.00237400940784068	0	0	0	0	0	0.0243560024185187	0	0.0249367855691338	0	0.00739173836103055	0.00714936208673427	0	0	0	0.0070036582473935	0.00576643816111457	0.00720471343911208	0	0.00716116998993234	0.00798681787362278	0.00691387803014799	0.00699394206579924	0.00243643621069064	0	0.0352694806909484	0.00707777502365594	0	0.00889440224220183	0.032130543587537	0	0.00629807190661629	0.00639468707012266	0	0	0	0	0	0	0.0040677667351884	0	0	0.00592858374113687	0	0	0	0	0	0.00590713495064975	0	0.00436661413223113	0.00206955848294223	0.0038090450001248	0	0.00386347568038311	0	0	0.00407910871094267	0	0	0	0	0	0	0	0.00250675010306177	0	0	0	0.00383259354263362	0.00275766700146706	0	0	0	0	0	0	0.0020026252621096	0.00942663812099334	0.0024186037796978	0	0	0	0.00291846602445489	0	0	0	0	0	0	0	0.00338891985162624	0	0	0	0	0.00267607099606973	0	0	0	0	0	0	0	0	0	0	0	0	0	0	0	0	0	0	0	0	0	0	0	0	0	0	0.00271496967232416	0	0	0	0	0	0	0	0	0	0	0	0	0	0	0	0	0	0	0	0.00612462793511882	0	0	0	0	0	0	0	0	0	0	0	0	0	0	0.0392735800523989	0	0	0.0056060941639468	0	0	0	0	0	0	0	0	0	0
SRR20881988	0.118053027744292	0.0727263129704227	0	0	0	0.0240266057963207	0.0232160307895178	0	0	0	0	0	0.0176062284683637	0	0	0	0	0	0.0242448880460489	0	0	0	0	0	0	0	0	0	0	0.00704978568842693	0	0	0	0	0	0	0	0	0	0.22666810272446	0.0362047881336495	0	0	0	0.0113779015391626	0	0.0134837027817334	0	0	0.0413318552336885	0	0.0138138660560186	0	0.0115596522618181	0	0	0	0	0	0	0.0226332283877187	0	0.00177751540754191	0	0	0	0	0	0	0	0.0732032382855711	0.00147243217424415	0	0	0	0	0	0	0	0	0.0363898099829437	0	0	0	0	0	0	0	0	0.0404795863667342	0	0	0	0.0423054887284726	0	0	0	0.0503892124635426	0	0	0	0	0	0	0	0	0	0	0	0	0	0	0	0	0.00238652986168081	0	0	0	0	0	0	0	0.0145626506407498	0	0	0	0	0	0	0	0	0	0	0	0	0	0	0	0	0	0	0	0.00219107975924371	0	0	0	0	0.00182921415376492	0	0	0	0	0	0	0	0	0	0	0	0	0.00164934102053938	0	0	0	0	0	0	0	0	0	0	0.00141118665919833	0	0	0	0	0	0	0	0	0	0	0	0	0	0	0	0	0	0	0	0	0	0	0	0	0	0	0	0	0	0	0	0	0	0	0	0	0	0	0	0	0	0	0	0	0	0	0	0	0	0	0.0488291281591379	0	0	0	0	0	0.00466847151976408	0	0.00403406206340879	0.00409073243768586	0.00433434369413363	0	0	0
SRR8387659	0.0135677048947755	0.0145525204509153	0.0547230462535535	0.0517861328584643	0.0393662028363763	0	0	0.0377658203714607	0.0395036751095179	0.0348520297387639	0.0395761782963355	0	0	0.0444117368366587	0.0606453735251244	0	0.013988044910591	0	0	0	0.0463507037903062	0	0.039397191340452	0	0	0	0	0.0210765653888578	0.0243669894182622	0	0	0	0	0	0.00410373292177786	0.00477300632342407	0	0	0	0	0	0	0.00881893430220539	0	0	0.010038831518081	0	0	0	0.0168164498913056	0	0	0	0	0	0	0.00461729128912757	0	0	0.00411343271216274	0	0	0	0	0	0.00395055651255805	0.00488088774883411	0	0	0	0.0170588623326103	0	0.00341362172965897	0	0.00125308322912596	0.00135629294662196	0	0.0047447204576301	0	0.00131290267980412	0	0.00123844920793306	0	0	0	0	0	0	0	0.0171946133139613	0	0.00633252236410981	0	0	0	0	0	0	0	0	0	0	0.00275341232793733	0	0	0	0	0	0	0	0	0	0	0	0	0.00256587539752669	0	0	0	0.00231124568005074	0	0	0	0	0	0	0	0	0	0	0	0	0	0	0	0	0	0	0	0	0	0	0	0	0	0	0	0	0	0	0	0	0	0	0	0	0	0	0	0	0	0	0	0	0	0	0	0	0	0	0	0.00100651079543932	0	0	0	0	0	0	0	0	0	0	0	0	0	0	0	0	0	0	0	0	0	0	0	0.00183468526574986	0	0	0	0.00369219292129022	0	0	0	0	0	0	0	0.0010513527265235	0	0	0	0	0	0	0	0	0	0	0	0	0.201862586782079	0	0.0909740306020562	0	0	0	0	0	0	0	0	0	0	0	0	0
SRR8387676	0	0	0	0	0	0	0	0	0	0	0	0	0	0	0	0	0.680059913810777	0.0218313358553639	0	0	0	0.0794442519266096	0	0.0171985156733568	0.0172025981805691	0.0112448851517688	0	0	0	0	0.0106659667154394	0.0104166462674801	0.0149857705527918	0	0	0	0	0.0095458289610226	0	0.0394133696908796	0	0	0	0	0	0	0	0	0	0	0	0	0	0	0	0	0	0	0	0	0	0	0.00750262992466464	0	0.0109614827415069	0	0	0	0	0	0.0153602684701201	0	0	0	0.00224979360652578	0.00236666398531997	0	0	0	0	0	0	0	0	0	0	0	0	0	0	0	0	0	0	0	0	0	0	0	0	0	0	0.00817858457170415	0	0	0	0	0	0	0	0	0	0	0	0	0.00827165946276063	0	0	0	0.0120162845325219	0	0	0	0	0	0	0	0	0.00194837079236162	0	0	0	0	0	0	0	0	0	0	0	0	0	0	0	0	0	0	0	0	0	0	0	0	0	0.00284578385976666	0	0	0	0	0	0	0	0	0	0	0	0	0	0	0	0	0.00236967469557327	0	0	0	0	0	0	0	0	0	0	0	0	0	0	0	0	0	0	0	0	0	0	0	0	0	0	0	0	0	0	0	0	0	0	0	0	0	0.00287600753764201	0	0	0	0	0	0	0	0	0.0110437130334735	0	0	0	0	0	0	0	0	0	0	0	0	0	0	0	0	0
SRR8387677	0	0	0.0810249960021229	0.0693708651830102	0.0682560880895963	0	0	0.0593050931952246	0.0620933348919115	0.0605349307296757	0.0565879827692486	0	0	0	0	0	0	0	0	0.041978446419155	0	0	0	0	0	0.00558753478559318	0	0.0133957406854208	0	0	0.00528224551388093	0.00531079888531509	0	0	0.0102072293265189	0	0	0.00526625323625871	0	0	0	0	0.0226857822494306	0	0	0	0	0	0	0	0	0	0	0	0	0	0	0	0.0458440754926122	0.00873160759436638	0	0	0.0502892884882785	0	0.00671908705238365	0	0	0	0	0	0	0	0	0	0	0	0	0	0	0	0	0	0.00602107183169521	0	0	0	0	0	0	0	0	0	0	0	0	0	0	0	0	0	0	0	0.00589379717066503	0	0	0	0.00273698967096965	0	0	0.00270341050715525	0	0	0	0	0	0.00531804100605661	0.00329278919323947	0	0	0.00582878032023175	0	0	0	0	0	0	0.00239026435563701	0	0	0	0	0	0	0	0	0.0260594615554932	0	0	0	0	0	0.00460132716806905	0	0	0	0	0	0	0	0	0	0	0	0	0	0	0	0	0	0	0	0	0	0	0	0	0	0	0	0	0	0	0	0	0	0	0	0	0	0	0	0.0142184108940118	0	0	0	0	0.00876566565890509	0	0	0	0	0.133292526723974	0	0	0	0	0	0.0073732518776122	0	0.00430583517432702	0	0.0207022131939945	0	0	0	0.00756878683932479	0	0	0.00703210945546204	0	0	0	0	0	0.00260707850673792	0	0	0.00525677868647889	0.00225692256759781	0.00504268666709026	0	0	0	0	0.0382604203852674	0	0	0	0	0	0	0	0	0	0	0
SRR8387679	0.0531870383476021	0.0411901953799772	0.0865087790044852	0.0912937002054949	0.0786119887287397	0	0	0.0717212367193128	0.0701642407155381	0.0697348348784587	0.0615773762202886	0	0	0	0	0	0	0	0	0.0735658843976468	0	0	0	0	0	0	0.0314308787658982	0.00813694273400041	0	0	0	0	0	0	0	0	0	0	0.0221987008108446	0	0	0	0	0	0.00379732044371324	0.00984500820638696	0	0	0	0	0	0.00386785093637598	0	0	0	0	0.00129657180057866	0	0.00887741443359852	0	0	0	0.0135810264080845	0	0.00271233659159214	0.00950669836506872	0.0103812032737335	0	0	0.0105010114634282	0	0	0	0	0.00247584972087337	0.0024711814062822	0	0	0.0338877700819581	0.0022537824348504	0	0.00233984784383607	0.00394755328869805	0.00237936614156903	0.00229865610945708	0.00226691363471806	0.00232995373221021	0	0	0.00178418444889772	0.00215789658426864	0	0.00217095481143839	0	0	0.00204505819154901	0.00204128294008137	0	0	0	0	0	0.00224982853982501	0	0	0	0	0	0.0232078117876724	0	0	0	0.00177640744721912	0	0.00155885987418696	0.00179336087796847	0	0	0	0.00186922973794249	0	0	0	0	0	0	0	0	0	0.00585513281720194	0	0	0	0	0	0	0.0025305175188659	0	0	0	0.010883707533347	0	0.00148039695925385	0.00511320618826995	0	0.00265090620634092	0.00279341547540498	0.0012597447134177	0	0	0.00224081257319988	0.00241031000095675	0	0	0.00215783952276513	0	0.00235980844459403	0	0	0	0	0	0.00202663766952457	0	0.00287427543751443	0	0	0	0.00205782115059881	0	0	0.000980076983774016	0	0.00206648675202473	0	0.00203157141337933	0	0	0	0.00205506041562188	0	0	0	0	0	0	0	0	0	0	0	0	0	0	0	0	0	0.000976598791297743	0	0	0	0	0	0	0	0.00108156943431825	0	0	0.000911210465616646	0	0.00303487525680344	0	0	0	0.00333227849423786	0	0	0	0	0	0	0	0	0	0	0.00184175131532048	0	0	0	0	0	0	0	0	0	0
SRR8387681	0.0338063076663451	0.0285559531065105	0.0188984036976474	0.0180537614886398	0.0176154613117262	0.0148494804397974	0.00556199454591849	0.0175994606302864	0.0150944981664842	0.0161783493584502	0.0136665357616343	0.0252005989868086	0.0134788707954566	0.0342009237877696	0.0107897439331973	0.0209026980547118	0.00724739711469588	0	0	0	0.0128721329347805	0	0.0130909231473532	0	0	0.00131722283946958	0.00615454600411503	0	0.0132669971973661	0	0.00115586475897663	0.00122282733334368	0	0	0.00146199957004661	0	0.00332168015749681	0.00119523932125887	0.0125871235409919	0	0	0	0.00214296171270562	0	0.00214125509075755	0.00246793125110374	0.00947549062177063	0.0040316554423433	0.0074486185801525	0	0.00350519516470361	0.00134330989341346	0.00332808237757299	0.00877807674205289	0.00207872360454991	0.00322601876873354	0.00406193481655456	0.00298537417110216	0.00434028502803847	0	0	0.00408667171603542	0.00310384110794594	0.00262468472883675	0	0.00266176589116772	0.0027105298927019	0.00307255256860499	0	0.0025962025137022	0	0.00518214357514805	0.00355653763214576	0.00238844868867775	0	0	0	0.00207531897030646	0	0	0	0	0	0	0	0	0	0.0017671057422298	0	0	0	0.00699995971956111	0	0	0.00381056229428383	0	0	0	0.100388989463522	0	0	0	0	0.0146059777231148	0	0.0978169807487205	0.0143442800256446	0.00269071866883606	0	0.00129042977025323	0.00242776661483322	0	0	0	0	0	0.0146733914904522	0.00265215871940736	0.0137898388600405	0	0.0127372698078651	0.013716304631643	0	0.0131634617891418	0	0.0129160606632935	0	0.00291958838916395	0.00229428451911015	0	0.0131758789465735	0	0.0025364347080202	0	0	0	0.00217369601157506	0	0.00254070018963182	0.0094513621043361	0	0	0	0	0	0.00267053196421043	0.00226628416659771	0	0.00271506032436707	0.00934269053557462	0.00210463145636267	0.00222151002513394	0.00654757718228829	0.0025256546049584	0.00216603048335586	0	0.0020039616405132	0.00188391670348978	0.00857937217214181	0.0110876151912503	0	0.00204187790575975	0.00181824502945892	0.00225406311558237	0	0.0020883883563769	0.00199438458828352	0.00197908305054594	0.00206177483978314	0.0024881668298029	0.00304634746086479	0	0.0109721069306149	0.00194838866893403	0.001982295439348	0.00180008250003434	0.00192133452228714	0.00191765337874625	0.00301593158863072	0.00182636887665408	0.00208211849067332	0.00339316894198975	0	0.00194686978375733	0.0020871566002665	0.0019387645751509	0.00778976336329759	0	0	0	0.0020523778882776	0	0.00366590924539078	0.00304767606873579	0.00182001675376362	0	0	0.00341237918558738	0.00267934087685702	0	0	0	0	0	0.00304974991917247	0.00337106016896235	0	0.00127292025886418	0.00338766246076227	0	0	0	0	0	0	0	0	0.00269706457646705	0	0.00219067474825523	0	0.00170136507400851	0	0	0	0	0	0	0	0	0	0	0	0	0.00549882368444925	0
SRR8387683	0.150015077934795	0.109683354633346	0.00879204645265468	0.00930737361150001	0.00779525014305714	0	0	0.0124898799064973	0.00718296538496035	0.00758518321088589	0	0	0	0	0	0	0	0	0	0	0	0	0	0	0	0	0	0	0	0	0	0	0	0	0	0	0	0	0	0	0	0	0	0.0118108504064514	0	0	0	0	0	0	0	0.00399842500921421	0	0	0	0	0	0.0119032769357841	0.00493434280788241	0	0	0.00844048607185618	0.0397484916390546	0	0.00664219724997262	0	0	0	0	0	0	0.0474326478628109	0	0.00797050688007109	0	0	0.00580295502610272	0	0	0	0	0	0	0	0	0	0	0.0082959887788086	0.00465368004014527	0	0	0	0	0	0	0	0	0	0	0.0107317715123895	0	0	0	0	0.00674440598405863	0	0	0	0.0195978913035707	0	0	0	0	0.0105279989409408	0.00787172732138129	0	0	0.00626873571362573	0	0	0	0	0	0	0.00619256702434004	0	0	0.00730201530052633	0	0	0	0	0	0	0.0036957597030294	0	0.00739757529857801	0	0.0104877595011098	0	0	0	0.00625683153174149	0	0.0102332917455408	0.00742410041078481	0.00761274957089287	0.00494957510666538	0.0242249487043926	0.0239252716303032	0.00753441869561489	0.00845631542277755	0	0	0.00809702459092589	0	0.00659136219617126	0	0.0225039154692463	0	0.00501030082020251	0	0.00646869027677434	0	0	0	0	0	0.00726246556396611	0.00849692002180626	0	0	0	0.00695230118470871	0	0.00625718363196957	0	0	0.025818833714713	0.0060295341169723	0	0	0.00971301505443403	0	0	0.00681966388160959	0	0	0	0.00278712397147252	0	0.00605788140610035	0.023427893231559	0.024801027483354	0	0	0.011250769003104	0	0.0239140813577864	0	0	0	0	0	0	0	0.00867262006514487	0.0107538202265239	0	0	0	0.00788355828980014	0	0.00806315274602174	0	0	0.00373184074638342	0	0	0	0	0	0	0.0432831036785681	0	0	0.00639940068701812	0	0.00570889677681191	0	0.0054609597090821	0.00490180412220935	0.00496016556744583	0	0	0
SRR8387691	0.0420224337740282	0.0324768241707546	0.0549873929288321	0.0429117132575454	0.0390288296251799	0	0	0.0352558987815808	0.0389391570266545	0.0345498429413782	0.0373236461628933	0	0	0	0	0	0	0	0	0	0	0	0	0	0	0	0.0306472608904176	0	0.243347382608034	0	0	0	0	0.0105554190041543	0	0	0.00575645851108767	0	0.0155159747508413	0	0	0	0	0	0	0.0111341745408802	0	0.00564241882024634	0	0	0.00598722582878836	0	0.00591337199936314	0	0	0.00572648909905274	0	0	0	0	0	0	0	0	0.013011618418416	0.0102464232260281	0.0114675571442915	0	0	0.0131408788874879	0	0	0	0	0	0	0	0	0.0163575914581722	0	0	0	0	0	0	0	0	0	0	0	0	0.126586232171684	0	0	0	0	0	0	0	0.0097930334117655	0	0	0.00236901742361614	0	0	0	0	0	0.0536638996708135	0	0	0	0	0.0087617076606914	0	0.0021252786083526	0	0	0	0.00223843284986408	0	0	0	0	0	0	0	0	0	0	0	0	0	0	0	0	0	0	0	0	0.0102494171541851	0.0035224490320599	0	0	0.00869575797901383	0	0	0	0	0	0	0	0	0	0	0	0	0	0	0	0	0	0	0	0	0	0	0	0	0	0	0.00308030134013839	0	0	0	0	0	0	0	0	0	0	0	0	0	0	0	0	0	0	0	0	0	0	0	0	0	0.00238072620350581	0	0	0	0	0	0	0	0.00200134310407688	0	0	0.00258641953412489	0	0	0	0	0	0	0	0	0	0	0	0	0	0	0	0	0	0	0	0	0	0	0	0	0	0	0
SRR8387697	0.0803091550829127	0.0585247158981989	0.0472099637798889	0.0480539230000068	0.0438891305874074	0.0377937817816447	0.0111819391556314	0.0449169525317438	0.0397142801469567	0.0417478616239232	0.03507520707342	0	0.0272179470623984	0.0278677761698407	0.0157396548925063	0	0.00888056169842227	0	0	0	0.0189451390616173	0	0.0222510798207836	0	0	0	0	0	0	0	0	0	0	0.079059176077548	0.00809931211927557	0	0	0	0.0260963245610987	0	0	0	0.00798288582247978	0	0.00644719945494996	0	0.0116196623804159	0	0	0	0	0.00250176454555465	0	0.0107461821059143	0	0	0	0	0.0267437167084474	0.005431923904389	0	0	0.0117018829505745	0	0.00272013784560864	0	0	0	0	0	0	0.00745847158953178	0	0	0	0	0.00225604703289744	0	0	0	0.00371024314321751	0	0.00699454007357779	0	0	0	0	0	0.00549597730979295	0	0	0	0	0	0	0	0	0	0	0.0257056634965569	0	0	0.0032345033110345	0	0	0	0	0	0	0.0021058930079971	0	0.00968089124998314	0	0.0235977497776369	0	0.00370081346845947	0	0.00668521897424542	0	0.00294208036063119	0	0	0	0	0	0	0.00241560553286899	0.00692354225334338	0.00345590222214088	0	0	0	0	0.00236290075497961	0	0	0	0	0.00605925219118787	0	0	0	0	0	0.0226991565673386	0	0	0	0	0	0	0	0	0	0	0.00207903998101802	0	0	0	0	0	0	0	0	0.00139492714990638	0	0	0	0	0	0	0	0	0	0	0	0	0	0	0	0	0.0094405461634393	0	0	0	0	0.00987867852105202	0.00191451061438575	0	0	0	0.00263500247235702	0	0	0	0	0	0.00217132433253269	0	0	0	0.00218958647375797	0	0	0.00377408486960066	0.00268427661962241	0	0	0.00208653836206949	0	0	0	0	0	0	0	0	0.00197447975601116	0	0.00182331452326617	0	0	0	0	0	0	0	0	0	0	0	0	0	0	0	0
SRR8387707	0.119453411771029	0.0793405188440826	0	0	0	0	0	0	0	0	0	0	0	0	0	0	0.0104959207587303	0	0	0.0482722530141503	0	0	0	0	0	0	0	0	0.0227683841261033	0	0	0	0	0.0622700702228926	0	0	0	0	0	0	0	0	0	0	0	0	0	0	0.00544538219904889	0	0	0	0	0	0	0	0	0.00988659572498495	0.0381709164752076	0	0	0	0.0687460019120113	0	0.00335810575383357	0	0	0	0	0	0	0	0	0	0	0	0	0	0	0	0	0	0	0	0	0	0	0	0	0	0	0.00987376734475928	0	0	0	0	0	0.040357885617016	0	0	0	0.00506154399126209	0.00544835511014621	0	0	0	0	0	0	0	0	0.0139843443206396	0	0	0.0218347347661828	0.0053320951202079	0	0	0	0.00484395797025103	0	0	0.0150093401941797	0	0	0	0	0	0	0	0	0	0	0.00609427454209818	0	0	0.016417598984004	0	0	0	0	0	0.0170162059423834	0	0	0.0452781837788911	0.0169166737331936	0.0166314135593049	0	0	0.0153947493814721	0.0143301879027396	0	0	0.0140520933995007	0.00569984552254433	0.0138343746629972	0	0	0	0.0152225941593552	0	0.0121121571469048	0	0	0	0	0	0.0128721825174312	0.0152954339184593	0	0	0	0.0123383427630087	0	0.012320144119529	0	0	0	0.0121276411826457	0	0	0	0	0	0.0124331592506489	0	0.00470021166275416	0	0	0	0	0	0	0	0.00539293372754198	0	0.00609120490000599	0	0.0477310228611341	0	0	0	0	0	0.00517573791647241	0	0	0.0127005030819789	0	0.00802729462842302	0	0	0	0.0319510188282389	0	0	0	0.00188923068961909	0	0	0	0	0	0	0	0	0	0	0	0	0	0	0	0	0
SRR8387710	0.0287437703211482	0.0291268861863468	0.0594463242422227	0.0391813505473205	0.034520220851844	0.00623255236200243	0.114468728760026	0.0320244918501857	0.0304143650885902	0.0287224623500985	0.0299998204412022	0.00919342651338256	0.0271901204510711	0	0	0.00940362866536582	0.0213280960939127	0	0	0.00854117629299429	0	0	0	0	0	0	0	0.0147549181836018	0.0165189028902043	0.0397388927017501	0	0	0	0.0133184077918778	0	0	0	0	0.0166159697382313	0	0	0	0.00590400875593655	0.0142362717193012	0.0529849256918419	0	0	0	0	0	0	0.030339269504598	0	0	0	0	0	0	0.00179200083406081	0	0	0.00919564495684167	0.00713584630871357	0	0.0129097067192546	0	0	0	0	0	0	0.0103038514203323	0	0.00745630333211292	0	0	0	0	0	0	0.0175375963484204	0	0	0	0	0	0	0	0.00460376317503632	0	0	0.00821228313826734	0	0	0	0	0	0	0	0.0201281744456405	0.0073351716881124	0	0	0	0	0	0	0	0	0	0	0	0	0.0182228104531275	0	0	0	0	0	0	0	0	0	0	0	0	0	0	0	0	0	0	0	0.00649485100722175	0	0	0	0	0	0	0	0	0	0	0.0149538924909953	0	0	0	0	0	0	0	0	0	0	0.00259463070310002	0	0	0	0	0	0	0	0	0.0130262111162844	0	0	0	0	0	0	0	0	0	0	0	0	0	0	0	0	0	0	0	0	0	0	0	0	0	0	0	0	0	0	0	0	0	0	0	0	0	0	0.0298609433137637	0.0263307176614966	0	0	0	0	0.0015609860925909	0	0	0.00566776232417852	0	0	0	0	0.00499832086906015	0	0.00496656283236864	0	0	0	0	0	0	0.0517629807739626	0	0	0	0	0	0	0	0	0
SRR8387712	0	0	0.0153040949931417	0.0117184780257156	0.0100749273398703	0	0	0.0112540768954243	0.0110568073652691	0.0091679751387024	0.0104941413832797	0.0330989729632534	0	0.0208968889299876	0.0308922750703582	0.0213261105515075	0.0303241996281639	0	0	0	0.0253522883345179	0	0.0195333936532959	0	0	0	0	0	0.0175948310528489	0	0	0	0	0	0.00464549818004602	0	0.061151095019591	0	0	0	0	0	0.00575575345071108	0.00809948983029339	0	0	0	0.052590430813773	0	0	0.0511159990566848	0	0.057056075033656	0	0.00706976299289233	0.0491496241205075	0	0	0.00513060528495198	0.00451034371983308	0	0.00468295533919726	0	0.00756111752396338	0.00249543239548795	0	0	0.00730381189893129	0.150065290860927	0	0	0	0	0.00489913737913829	0	0	0	0	0	0	0	0	0	0	0	0	0	0	0.0066887759224414	0	0	0.00877260881077528	0	0	0	0	0	0	0	0	0	0	0	0.00370876449401382	0	0	0.00370591342085807	0	0	0	0	0	0	0	0	0	0.00520736780520883	0	0.00363377916042119	0	0.00486436422169952	0.0033543636235218	0	0.00331373195521036	0	0.00391616253059699	0	0	0.00928790594367848	0.00554671454290285	0.00461252178610989	0	0	0.00258201900665725	0	0	0.00880793820269428	0	0	0	0	0	0	0.00506946662945925	0	0.0088420102500711	0.00882080308278754	0	0	0	0.00920425937632347	0.00906426128268402	0	0	0.00903844695606393	0.00233998891816506	0.00774376783070544	0	0	0.00299476779929889	0	0	0.00749015232227864	0	0	0	0	0	0.00854389686747824	0.00938492709562498	0	0	0	0.00731525661859105	0	0.00774706439535122	0	0	0	0.00684132165969951	0	0	0	0	0	0.00800992935541335	0	0.00202014874471567	0	0.00231427451201767	0	0.0137644173976251	0	0	0	0	0	0.00324049736970582	0	0	0	0.0140721743449495	0	0	0	0.00346635928784459	0	0	0.00329699225043369	0	0	0	0	0	0	0	0	0	0	0	0	0	0	0	0	0	0	0	0	0	0	0	0	0	0	0
ERR12405909	0.0439164597756136	0.0430197137599281	0	0	0	0.0176351208403346	0.0961823669030934	0	0	0	0	0.0721738395352793	0.0197963552985194	0	0	0.0420000594590267	0	0	0	0	0	0	0	0	0	0	0	0	0.09047462770177	0.0371469285130923	0	0	0	0	0	0	0	0	0	0	0	0	0	0	0	0	0.00707754109946921	0	0	0	0	0	0	0.00459768452201318	0	0	0	0	0.00900717119168887	0	0	0.0168138357694151	0.00136777870256011	0	0.00151548180485324	0	0	0	0	0	0	0.00426171864348982	0	0.0178450237760724	0.00759261240952278	0.00716275432179852	0	0	0	0.00702445544954944	0	0.00651845913995229	0	0.00740109984734065	0.00649358642354143	0.00657878296256877	0.00634309408303737	0	0	0	0.0061474131926618	0.0348613428325516	0.00599833562926972	0	0.0313217347506301	0.00572422832187078	0.00604295475469614	0	0	0	0	0	0.00613698330172289	0.0108574817460433	0	0	0.0104721584131194	0.027240928885808	0	0	0.0205260623260241	0	0.00486342226250432	0	0.00421446746170657	0.00524166846779079	0.0105298562052867	0	0.0102017108729419	0.00461517468252773	0.0102193314427211	0.0106012467427873	0	0.00978477182247068	0	0.00994990303082658	0	0	0	0.0102792932141975	0.00996740587231282	0	0.0240372206146152	0.00646381267290874	0	0	0	0	0	0	0	0	0.00350608035414496	0.00852675196727056	0	0	0	0.00324063775414436	0	0	0	0	0	0.0229638344837258	0	0.00591272230900064	0	0	0	0.0088405264596127	0.0030402668542127	0	0	0	0	0	0	0	0	0	0	0	0.00822503313524674	0	0	0	0	0	0	0	0	0	0	0	0	0	0	0.00440652819689545	0.0148791314185434	0	0	0	0	0	0	0	0.0145964422329971	0	0	0	0	0	0.0076300918477164	0	0	0	0	0	0	0.00187042953437779	0	0	0	0	0	0	0	0	0	0	0	0.0161160619985853	0	0	0	0	0	0	0	0	0	0	0	0	0	0
ERR12405910	0.1603126718314	0.120068833723632	0.0201821040027627	0.0185145166837236	0.0238443352170434	0.0453747257455056	0	0.0188667671713002	0.0143405412648182	0.0150001443386815	0.0140872950168618	0.0171186199594685	0.0328444619098105	0	0	0.0265650089138437	0.0445248882308171	0.00664242139581382	0.00315904756700393	0	0	0	0	0.00452176431470958	0.00511282791827964	0.00459433870442262	0	0.0245418280393249	0	0.00490122377839785	0.00396913273096041	0.00397291097687481	0	0.0310775515800641	0	0	0	0.00346629861404834	0	0	0	0.0118868606315641	0.00269460155361735	0.0140869216227848	0.00967645716502843	0	0	0	0	0	0	0.00600854870487307	0	0	0	0	0	0	0.00468209728864072	0	0	0.00724996634005173	0.0446887742712941	0	0.0524989609465641	0	0	0	0	0	0	0.014438880968845	0	0	0	0	0	0	0	0	0	0	0	0	0	0	0	0	0.00523347188497626	0	0	0	0	0	0	0	0	0	0	0.00467945820428492	0	0	0	0	0	0	0	0	0	0	0	0	0	0.00394029759530869	0	0	0	0	0	0	0	0	0.0060630092878382	0	0	0	0	0	0.00290950352303715	0.00518713756174043	0	0.0245704071044497	0	0	0	0	0	0	0	0	0	0	0	0.00422420103946969	0.00337258843711503	0	0	0	0	0.00928194341899353	0	0	0	0	0	0	0	0	0.00815944075971952	0	0	0	0.00398039370506398	0	0.00247813747400638	0	0	0	0	0	0	0	0	0.00366867951573601	0	0.00354238864380409	0	0	0	0.003951286310111	0	0	0	0	0	0	0.0102435580576528	0	0	0	0	0	0	0	0	0	0	0	0	0.00735038226348253	0	0	0	0	0	0	0	0	0	0	0	0	0	0	0	0.0031104103705881	0	0.00692961365136252	0	0.00661753143220435	0	0	0	0	0	0.00262957488501733	0.0202592009660858	0	0	0	0	0	0	0.00583967356584539	0	0.00626138121927486
ERR12405911	0.103896940022112	0.0619451176128396	0.0316255941989133	0.0232609887065587	0.0245191311819302	0.0218023327063419	0	0.0200351951513469	0.0213059771166303	0.0175068291147424	0.0195753213493053	0.0166615647548117	0.0143130837550824	0	0	0.0213677313839724	0.0128273016177379	0	0	0	0	0.0566143500234911	0	0	0	0	0.0120763714926149	0	0	0.0700155497646314	0	0	0	0.0329147599631076	0	0	0	0	0.0269406279970058	0	0	0	0	0.0067310563640577	0.0174689533671565	0	0	0	0	0	0	0.022530736583826	0	0	0.00436465812105867	0	0.00400953529698498	0	0.00968621529733603	0	0	0.00360156211187231	0	0.00576691982860304	0	0	0	0.00800396489492262	0	0	0	0.0159198012924448	0.00316058957145623	0	0	0	0	0	0.00598535498963955	0	0.0081222270543398	0	0	0	0	0	0	0	0.0034838346628335	0	0	0	0	0	0	0	0	0	0	0.00324856103031772	0	0	0.00184672672884174	0.00352252597711569	0	0	0.00361172641952501	0	0	0	0	0	0	0.0028031630665674	0	0	0.00330621161188235	0	0.00315169971307129	0	0.00423292717090261	0.00346106232470187	0	0.00314494150467764	0	0.00316016820484177	0	0	0	0.00212405981566709	0.00416859040466319	0.0271923821947486	0	0	0	0	0	0	0	0	0	0	0	0.00183296865924722	0	0	0	0	0	0	0	0	0	0	0	0	0	0.00638139469253872	0	0	0	0.00678547489681111	0	0.00698267336666661	0.00198567554463022	0.00721014247830586	0.00668872665180182	0.00680294055390935	0	0	0	0	0	0	0.00662409792623618	0	0.00657454724956071	0.00741397888517525	0	0	0.00667866094075605	0	0	0.00629603478789783	0.00669850780211446	0	0	0	0	0	0.00679923357180657	0	0	0	0.00582096908581814	0	0	0	0	0	0	0	0	0	0	0	0.0021762781729993	0	0	0	0	0	0	0	0	0	0	0	0	0	0	0	0	0.086559936511194	0	0	0.00824846487640824	0.00394328827291165	0	0	0	0	0	0	0	0.00448108155597914
ERR12405912	0.0224934490572778	0.017666016147609	0.00992586088593267	0.00856656145509995	0.00803429189987846	0.0165871614148539	0.00920660598663369	0	0	0	0	0	0.0163535360267937	0	0	0	0.00997606537016404	0.0679762158257605	0	0.00608402519442756	0	0.270219217180602	0	0.0498482316051497	0.0488042662233971	0.00817550917538467	0	0.0552027917449436	0.0185176854781588	0	0.0100209809335173	0.00693044676349735	0.0462435091143797	0	0	0	0.0189197514210048	0.00610448641364907	0	0	0	0	0	0.0116311632182007	0.0142181477673091	0	0.00968508046183415	0.0145556068622595	0	0	0.01514644714715	0.00951348073805884	0.0147462192045371	0.00833232895423576	0.00650704535018793	0	0.00760829742136665	0	0	0	0	0.00504124181907079	0	0	0.00420478585312771	0	0	0	0	0	0	0.00621562384928772	0.00620525932896918	0	0	0	0	0	0	0	0	0	0	0	0	0	0	0	0.0106268587335867	0	0	0.0144414552721852	0	0	0	0	0	0	0	0	0	0	0	0.00394923460752848	0	0	0.00381748823585753	0	0	0.00602079440608541	0	0.0154857096984437	0	0	0	0	0.00381825246341826	0	0.0036883285573095	0	0.00381405463195813	0.00397485705313264	0	0	0	0	0.0046106142512131	0	0.00439557943827138	0	0	0	0	0	0.00328642710588508	0	0	0	0	0	0.009434514853444	0	0	0	0	0	0	0	0	0	0	0	0	0	0	0	0	0	0	0	0	0	0	0	0	0	0	0	0	0	0	0	0	0	0	0	0	0	0	0	0	0	0	0	0	0	0	0	0.0066441699200469	0	0	0	0	0	0	0	0.00456143957697915	0	0	0	0.00388428600365791	0	0.00907078603762369	0.00485141459679773	0	0	0	0	0	0	0	0	0.00502574812009286	0	0	0	0	0	0	0	0	0	0	0	0	0	0	0	0	0	0	0	0	0.0045883992567803	0.00454219388599194	0
ERR12405913	0	0	0.0220861067388588	0.0174170422817129	0.0182772002222951	0.00562201014949613	0	0.0209895577185483	0.015115784914802	0.0175787340318291	0	0.140075723559389	0	0	0	0.0980024224149025	0.0353952300219348	0	0	0	0	0.113463897403269	0	0	0	0.00710153407477777	0	0.0102194925104284	0.063419337278718	0	0.00602463001543884	0.00617432454006136	0	0	0	0	0	0.00566118391017483	0	0	0	0.00844907171045539	0	0.0138477699457282	0	0.0644770895926877	0	0	0.0386299031084714	0	0	0	0	0	0	0	0.0128838461573451	0.0244095178175104	0.00845701404448199	0	0	0	0.0271088136335483	0	0	0	0	0	0	0.0279428099625831	0	0.00583579276779868	0.00974870848621305	0	0	0	0	0.0326068141372371	0	0	0	0	0	0	0	0	0	0	0	0	0	0.0299031320445652	0	0	0	0	0	0	0	0	0	0.0205108603346002	0	0.00699186408410646	0	0	0.0067050345535431	0	0	0	0	0	0	0	0	0.00327571518798884	0	0	0.00631650452554674	0.00325740339880753	0	0.00664253636922344	0	0	0	0	0	0	0	0	0	0	0	0	0	0.00849417789493777	0.00781680111647452	0	0	0	0	0	0	0	0	0	0.00656461693670332	0	0	0	0	0	0	0	0	0	0	0	0	0	0	0	0	0	0	0	0	0	0	0	0	0	0	0	0	0	0	0	0	0	0	0	0	0	0	0	0	0	0	0	0	0	0	0	0	0	0.00636237241459464	0	0	0.00294438503845245	0	0	0	0	0	0	0	0	0	0	0	0	0	0	0	0	0	0	0	0	0	0	0	0	0	0.00719323294975935	0	0	0	0	0	0	0	0	0	0
ERR12405914	0.162064448198326	0.0885284348194997	0	0	0	0	0	0	0	0	0	0	0	0	0.0102634560958967	0	0	0	0	0	0	0.200701940766873	0	0	0	0	0	0	0	0	0	0	0	0	0	0	0	0	0	0	0	0	0	0	0	0	0	0	0	0	0	0	0	0	0	0	0.0153752782094966	0	0	0	0	0	0	0	0	0	0	0	0	0	0	0	0.0124034253313975	0	0.009554090139231	0.00887527276813131	0	0	0	0	0	0.00852347740314232	0	0	0.00828403922222128	0.00854513155729384	0	0	0	0	0	0	0	0	0	0	0	0	0	0	0	0	0	0	0	0	0	0	0	0	0	0.06481999557054	0	0	0	0	0	0.00631783340326729	0	0	0	0	0	0	0	0	0	0	0	0.016581649519176	0	0.00753234086388234	0	0	0.0447906868687148	0	0	0	0	0.0156547735345497	0	0	0	0.0136507754943214	0	0	0	0	0	0.11396110315941	0	0	0	0	0	0	0	0	0.110064589071602	0	0	0	0	0	0	0	0	0	0	0	0	0	0	0	0	0	0	0	0	0	0	0	0	0	0	0	0	0	0	0	0	0	0	0	0	0	0	0	0	0	0	0	0	0.00741354220237228	0	0	0	0	0	0	0	0	0.00803405687236775	0	0	0	0	0	0	0	0.0133094448603718	0	0	0	0.0360325846320391	0	0	0	0.00871762943587639	0	0	0	0	0	0	0
ERR12405915	0.0390689696169531	0.0293871691211916	0.0579394067868049	0.0480451370517574	0.0457685110100989	0.0390216360036289	0.0047862206350053	0.0431018233110944	0.0382802567273424	0.0408894845027359	0.0377641634164282	0.010295213793011	0.0312436015680517	0	0	0.0112482743668225	0.0219056944172303	0	0	0	0	0.0595480626569427	0	0	0	0	0.0157438563483362	0.0165966597288687	0.0252319777617398	0	0	0	0	0.01160225158154	0	0	0	0	0.0134100787978768	0.00244604245892585	0	0	0	0.015638783293149	0.0106559588209921	0	0	0	0	0	0	0	0	0	0	0	0	0	0.00782449368448393	0	0	0.00817188289102809	0.00570574863974178	0	0.0027246155417815	0	0	0	0.00243183250611475	0	0	0.0089885518234728	0	0.00740677509037097	0	0	0	0	0.00731093859860769	0.00415498175664202	0	0	0	0	0	0	0	0	0.00417722048327903	0	0	0.0190750289851599	0	0	0	0	0	0	0.0272461290367732	0	0.00679717032718235	0	0.00248308599401651	0	0	0.0247732811921316	0	0	0	0	0	0	0	0	0	0	0	0	0	0	0	0	0	0	0	0	0	0	0.00246923563109737	0	0	0	0	0	0	0.00615561611329066	0	0	0	0	0	0	0	0	0	0	0	0	0	0	0	0	0	0	0	0	0	0	0	0	0	0	0	0	0.0054167690192682	0	0	0	0	0	0	0	0	0	0	0	0	0	0	0	0	0	0	0	0	0	0.028073122038412	0	0	0	0	0	0	0	0	0	0	0.00466187223221396	0	0	0	0	0	0.00936346446191204	0.00579528265243136	0.00449421986173245	0	0	0.00422106961618227	0	0	0	0.0099219087303392	0	0.00434365115969313	0	0	0.00969710792458677	0.00275514084576269	0.00771832725202511	0	0.0039323428558014	0	0	0	0	0.047121210150031	0	0	0.018106130317199	0	0	0	0.00824592078199209	0.00303550649488298	0.00558113153383242
ERR12405916	0	0	0.0410207739068269	0.0321606330967631	0.0306479466443769	0	0	0.0247093612648414	0.0283119383297743	0.0262069114603208	0.0293507554243706	0	0	0	0	0	0	0.0234721057427257	0	0	0	0	0	0.0165489796759907	0.0183544141411609	0	0.0136976305877905	0	0	0	0	0	0.0153024779108887	0	0	0	0.0673948471408002	0	0	0	0	0.0111340694410708	0	0	0	0.0288380567919867	0	0.0433529204144373	0	0	0.0467924354209024	0	0.0501360909804055	0	0.0131053753042707	0.046550005396576	0.00298396505939766	0	0.00125546984287929	0	0	0	0	0.0125836320933523	0	0.0173523973719753	0.0154080081727996	0	0.0230588457903363	0.0149146390816355	0	0.00934189709214375	0.00224011496553297	0	0	0	0.0147797838303322	0.0193149775252675	0	0	0	0	0	0	0	0	0	0	0.0016683558261458	0	0	0	0	0	0	0	0	0	0	0	0	0	0.0044844322495887	0	0	0	0	0	0	0.00197270200931876	0	0	0	0	0	0.00378260439720841	0	0	0	0.00551724118989392	0	0	0	0	0	0	0	0	0	0	0	0.0106152204076908	0	0	0	0	0	0	0	0	0	0	0	0	0	0	0	0	0	0	0	0	0	0	0	0	0	0.0149698470312369	0	0	0	0.0127422234676175	0	0.0123112326911739	0	0.0136822933232222	0.0116838877218114	0.0124968392749613	0	0	0	0	0	0	0.0166943964378966	0	0.0126319226696307	0.0128629169586774	0	0	0.0130464469476909	0	0	0.0120754961878049	0.0122582562611177	0	0	0	0	0	0.0125680642152695	0	0	0	0.0125339367444004	0	0.0165077031279826	0	0	0.0063969587650675	0	0	0	0	0	0	0	0	0	0.0075028194320131	0.00212552015263448	0	0	0	0.00237513199129123	0.00217127891611264	0	0	0	0	0	0	0	0	0	0	0.00144289549686777	0	0.00287735222563291	0	0.00243377943519626	0.00261825387447269	0.00262853066843852	0	0	0
ERR12405917	0.0993793891156466	0.0708050328496653	0.024980115759406	0.0247111268376135	0.0196995159141743	0.0237712459223526	0.00869088920116362	0.0244572058380573	0.0156160737188525	0.0174032660196631	0.0147362172214937	0	0.019411198311195	0.0484792829588834	0.0609034176341423	0	0.0100261935011062	0	0.0087772518182073	0.0901344279712054	0.0413833884013558	0	0.0436140950213518	0	0	0.00203539168483642	0	0	0	0	0.00182855045559289	0	0	0	0	0	0	0	0.0241053015146277	0	0.00511945715051966	0	0	0.0249535900233198	0	0	0.00749243554223162	0	0	0	0	0	0	0.00724005194826644	0	0	0	0	0.00665040311363073	0	0.00336887361646612	0.0180616133236879	0.00975532958790069	0	0.00307941893623604	0	0	0	0	0	0	0.00302114749638354	0	0.0150395945065521	0	0	0	0	0.0110641485859944	0	0	0	0	0	0	0	0	0	0.00200117262485428	0	0	0	0	0	0.0126660212896439	0	0	0	0	0	0.0122873806274373	0	0.00507120677147566	0	0	0	0	0.0104284150868455	0	0.00176964462969557	0.0108417158001909	0	0	0	0.00302571576628406	0.00390835846822827	0	0	0	0.00377211137134405	0	0	0	0	0	0	0	0	0	0	0	0.00420068444039032	0.00920480936794821	0	0	0.00261591486025479	0	0	0	0	0	0.00420784216225173	0	0	0	0	0	0.00245013441122598	0	0.00249639489492078	0	0	0	0.00875547774240247	0	0	0	0.0038221008516856	0	0	0	0.00369166333942878	0	0.00384533845392284	0	0.00386228386249926	0.00362242710076103	0.00375695792662055	0	0	0	0	0	0	0.00370585774241709	0	0.0038265225377118	0	0	0	0.00378174736612513	0	0.00151857887593942	0	0	0	0.00405094862685643	0	0	0	0.0107020304979311	0	0	0	0	0	0	0	0	0	0	0	0	0	0	0	0.0029844243410191	0	0	0	0.00239693769587074	0.00295392567750858	0	0.00252318386692649	0	0.00182242838715858	0	0	0	0	0.0135822208807846	0	0	0	0.0101691724364993	0	0.00388360771515782	0	0	0	0	0	0	0	0	0
ERR12405918	0	0	0	0	0	0	0	0	0	0	0	0	0	0	0	0	0	0	0	0	0	0	0	0	0	0.0189984050902905	0	0	0	0	0.0160821987510467	0.0164163748149893	0	0	0	0	0	0.0150526727844906	0	0	0	0	0	0	0	0	0	0	0	0	0	0	0	0	0	0	0.0423716160195149	0	0	0	0	0	0	0	0	0	0	0	0	0	0	0	0.0347112181170696	0	0	0	0	0	0	0	0	0	0	0	0	0	0	0.0950013876521747	0	0.0184368117304566	0	0	0	0	0	0	0	0	0	0	0	0	0	0	0.572116088441189	0	0	0	0	0	0	0	0	0	0.0141979083839983	0	0	0	0	0	0	0	0	0	0	0	0	0	0	0.0153283320325179	0	0	0	0	0	0	0	0	0	0	0	0	0.0116327195704445	0.0127338331963301	0	0	0	0.011349277904636	0	0	0	0	0	0	0	0	0	0	0	0	0.0106363084135526	0	0	0	0	0	0	0	0	0	0	0	0	0	0	0	0	0	0	0	0	0	0	0	0	0	0	0	0	0	0	0	0	0	0	0	0	0	0	0	0	0	0	0	0	0	0	0	0	0.082852490027828	0	0	0	0	0	0	0	0	0	0	0	0	0	0	0.0120823570694703	0	0	0	0	0	0	0	0	0	0	0
ERR12405919	0.0349725815005406	0.02881903343228	0.0508138981784904	0.0373279407322149	0.0376663369294248	0.0817531248164544	0.00740009914984418	0.0290992449585767	0.0324999967883955	0.028837522774199	0.0331242513900636	0	0.0393041517509343	0.0309424041673432	0.0625996044265367	0	0.0121796769432525	0	0	0	0.0319804613862223	0	0.0281331948657269	0	0	0	0	0.00972573906429773	0.00532441714660721	0	0	0	0	0	0	0	0.0181805164665959	0	0	0	0	0	0	0.010370048702472	0.00496669649009085	0	0	0.0132721332059622	0	0	0.0135416845384444	0.00200496283440605	0.0143790915868234	0	0	0.0116878181138215	0	0.00801569337502937	0.00938222893641248	0	0	0.00407236126351646	0.00238226632630308	0	0.00772954660584349	0	0	0	0	0	0	0.00290739465652584	0	0	0	0	0	0	0.0124871515467745	0	0	0	0.0565016176127289	0	0	0	0	0	0.0023444645515037	0	0	0	0	0	0	0	0	0.0209710590181279	0	0.00443921186969278	0	0	0.00289590374923892	0	0	0	0	0	0	0.00200282011297769	0	0	0	0.00392620341136839	0.00414997609183112	0.00256535732458515	0	0	0	0.00293896568168984	0	0	0.0102912310664332	0	0	0	0	0	0.00162133797878991	0.00183012253621306	0	0	0	0.00281691299518525	0	0.0043717942742557	0	0	0	0	0	0.0025100291343611	0.00299310367508504	0.00147183990064103	0.0033059593739053	0	0	0.00225545415633524	0	0	0	0	0	0	0	0.00230435053075153	0	0	0	0	0	0	0	0.0012319554101973	0.00348991229198404	0	0	0	0	0	0	0	0	0	0	0	0	0	0	0	0	0	0.00647615339453736	0	0	0	0	0.00190208183480943	0.00638053850403926	0	0	0	0	0	0	0	0	0	0	0	0	0	0	0	0	0.00145025294483942	0	0	0	0	0.00262833830029295	0	0	0	0.00191477636634759	0	0	0	0	0	0.0694339677786722	0	0	0	0.00650744088761275	0	0.00219359219054059	0	0	0	0	0	0	0	0	0
ERR12405920	0.0223109034517219	0.0255435536821204	0.010812740530199	0	0	0	0	0	0	0	0	0.0502772099445621	0	0	0	0.0299077494177689	0	0.0388806440590128	0.212954599899095	0.0283342685345775	0	0	0	0.028748617586241	0.0262295086415064	0	0	0	0.0274819043690697	0	0	0	0.0267971442770049	0	0	0.00870223927016683	0	0	0	0	0.123992179021567	0	0	0	0	0	0	0	0	0.0284929337873539	0	0	0	0	0	0	0.00257560345295364	0	0	0	0.0638182992474186	0	0.00689974600043908	0	0.00550997476518082	0	0	0	0	0	0	0	0	0	0	0	0	0	0	0	0	0	0	0	0	0	0	0	0	0.0280410866861382	0	0	0	0	0	0	0	0.00726208137981087	0	0	0	0	0	0	0	0	0	0	0.00514171534800221	0	0	0.0630647354640986	0	0	0	0	0	0	0	0	0	0	0.0104009478945985	0	0	0	0	0	0	0	0	0	0	0	0	0	0	0	0	0	0	0	0	0	0	0	0	0	0.0104690648259296	0	0	0	0	0	0	0	0	0	0	0	0	0	0	0	0	0	0	0	0	0	0	0	0	0	0	0	0	0	0.0103060048984578	0	0	0	0.00330271334835773	0	0	0	0	0	0	0	0	0	0.0104926044901692	0.0105588787482939	0	0	0	0	0.0100636118162267	0	0	0	0	0	0	0	0	0.00305568290124678	0	0	0	0	0	0	0	0	0	0	0	0	0.0219058707342069	0	0.0274527734306858	0	0	0	0.00272220189905841	0	0	0	0	0	0	0	0	0.00749020619675997
ERR12405921	0.0600488277860908	0.0413170672265842	0.0349244235339565	0.0333355843625142	0.0227270416144292	0	0	0.025020982383293	0.0208994533488409	0.0192309772499511	0.0206414869804585	0.0188231038416722	0	0	0	0.0174978448838178	0.0147625397318424	0	0	0	0	0	0	0	0	0	0.0262082877591179	0.019046912261769	0.00700594491845961	0	0	0	0	0	0	0	0	0	0	0	0	0	0	0	0	0	0	0	0	0	0	0.00495058317357652	0	0	0.00533188167028533	0	0.0130017508444652	0	0.0043895878578279	0	0	0	0	0	0	0	0	0	0	0	0	0	0.00986149686389757	0	0.032009982854964	0.0378044174840727	0	0	0.0207694220847969	0.0325137359579384	0	0.0309113778047193	0	0.0286266577945828	0.0329152552322858	0.02949626992488	0.0294157061521091	0.0100119420908766	0.00261817301059694	0	0.0291019941975294	0	0.0290685339223773	0	0	0.0281654195426303	0.0283865830058049	0	0	0.00724980236000244	0	0	0	0.00561000788987607	0.00723386926861062	0	0.00659684449828562	0	0	0.00523786707878644	0	0	0.0225985988206861	0.00617597066052756	0	0	0.00505030063311356	0	0.00439884975659611	0	0.00552465193139659	0.00523459130882475	0	0.00504082522103646	0.00715112420645635	0.0048940933698367	0.00407670149338944	0	0	0.0146271120214177	0.00525094415280967	0	0	0.00618181854740409	0	0	0	0	0	0	0	0	0	0.0114676580822876	0.00528880732551169	0	0	0	0	0	0	0	0	0	0	0.00497745270975406	0	0	0	0	0	0	0	0	0	0	0	0	0	0	0	0	0	0	0	0	0	0	0	0	0	0	0	0	0	0	0	0.00396980855600665	0	0	0	0	0	0	0	0.0109928715819511	0	0	0	0	0	0	0	0	0	0	0.00493734244962798	0	0	0	0	0.00510137950729387	0	0.0042894572154965	0	0	0	0	0	0	0	0	0	0	0	0	0	0	0	0	0	0	0	0	0	0
ERR12405922	0.0164940822790452	0.0399955672862266	0.105635162768668	0.0707370410060275	0.0771684735334737	0	0	0.057226307939551	0.0704783753854939	0.0586604738162858	0.0653647866246161	0.0974898282705378	0	0	0	0.0594691157321578	0	0	0	0	0	0	0	0	0	0	0.0606478772561079	0	0	0	0	0	0	0	0.0214125663144319	0	0	0	0	0	0	0	0.0297759179088527	0	0	0	0	0	0	0	0	0	0	0	0.0208882200170503	0	0.00173498008099214	0	0	0.0177768566319318	0	0.0103416848934845	0.00530200418586639	0	0.00226990539032224	0	0.0287596686327217	0	0	0	0	0	0	0.00673450486180849	0	0	0	0	0	0	0	0	0	0	0	0	0	0	0	0	0	0	0	0	0.0121368899516962	0	0	0	0	0	0	0	0.0116221221996301	0	0	0	0	0.00793477169612774	0	0	0.00706443761441823	0	0	0	0	0.00900872699431998	0	0	0	0.0086037003326434	0	0	0	0	0	0	0	0	0	0	0	0	0.00713661536784029	0	0	0	0	0	0	0	0	0	0	0	0	0	0	0	0	0	0	0	0	0.00723716914879177	0	0	0	0	0	0	0	0	0	0	0	0	0	0	0	0	0	0.0022817915462686	0	0	0	0	0	0	0	0	0	0	0	0	0	0	0	0	0	0	0	0	0	0	0	0	0	0	0	0	0	0	0	0	0	0	0	0	0	0.00261037433260997	0	0	0	0	0	0	0	0	0	0	0	0	0	0	0	0	0	0	0	0	0	0	0	0	0	0
ERR12405923	0.0156122490314499	0	0.0612323765275205	0.0679622800907229	0.0746248284845735	0	0	0.0675019505741857	0.0507286942788823	0.0713692679480454	0.0447519491341522	0	0	0	0	0	0	0	0	0.0622535730671334	0	0	0	0	0	0	0	0	0	0	0	0	0	0	0.0887535328139357	0	0	0	0.0211896158115746	0	0	0	0.0689973662595927	0	0	0	0	0	0	0	0	0	0	0	0	0	0	0	0.00242094118500723	0.0625707345883903	0	0	0	0	0.00227202111113658	0	0	0	0	0	0	0	0	0	0	0	0	0	0	0	0	0	0	0	0	0	0	0.0075400325780165	0	0	0	0	0	0	0	0	0	0.049444494535558	0	0	0	0	0	0.00874276275802044	0.00512538155171619	0	0	0	0	0	0	0	0	0	0.00949282478298949	0	0	0	0	0	0	0	0.0249900838256675	0	0.00486800129539632	0	0	0	0.00237198165595267	0	0	0	0	0	0	0	0	0	0	0	0	0	0.00712058917836046	0	0	0	0	0.00751438148133884	0	0	0	0	0	0	0	0	0	0.00544271000080456	0	0	0.00814380771338855	0.00570037290835716	0	0.00565897835838191	0.00394176312455202	0.0060086409708005	0.00572694327649077	0.00605857176835932	0	0	0	0	0	0	0.00541941307130068	0	0.0142874719647511	0.00654668846656454	0	0	0.00532449529837145	0	0.00340459154088429	0.00544401309824312	0.00649035875816162	0	0	0	0	0.00421213618716388	0.0052811536819259	0	0	0	0.00513271946129839	0	0	0	0	0	0	0	0	0	0	0	0	0	0	0.00232325580088089	0	0	0	0	0	0	0	0	0	0	0	0	0	0	0	0	0	0	0	0	0	0	0	0	0	0
ERR12405924	0.165942210925976	0.115137350885244	0.0151392774246033	0.016711278965026	0	0	0	0	0.00709855410678817	0	0	0.0247913103472433	0	0.0351767895616506	0.0858188103287109	0.0311039291704861	0	0.0255177101248144	0	0	0.0291908555953984	0	0.0228793731559053	0.0201520176967837	0.0193149168512157	0	0	0	0.0258356500171904	0	0	0	0.0174531548418981	0	0.00926184371358765	0.0032081581609774	0	0	0.047871939879701	0	0	0	0.0135794550372921	0	0	0	0	0	0	0	0	0	0	0	0	0	0	0	0	0.00791443069093914	0	0	0	0	0	0	0	0	0	0	0	0	0	0	0	0	0	0	0	0	0	0	0	0	0	0	0	0	0	0	0	0.0133078480021259	0	0	0	0	0	0	0	0	0	0	0	0	0.00284402387219991	0	0	0	0	0	0	0	0	0	0	0	0	0.00859767131848812	0	0	0	0	0	0	0	0	0	0.00842341585317019	0	0	0	0	0	0	0.00867982559001842	0	0.00885684349746128	0	0.013057921387645	0.00462502716800497	0	0	0	0	0	0.00781395015324667	0.00797677575791424	0	0	0	0.00757024238408654	0.00710171551976187	0	0	0.00749171420053646	0	0.00839983904975383	0	0	0	0	0	0.0101481273863973	0	0	0	0	0	0.00814485313552613	0.00626619761476907	0	0	0	0.00950849241242268	0	0.010096549646518	0	0	0	0.00977403502428058	0	0	0	0	0	0	0	0	0	0	0	0.0170840794548028	0	0	0	0.00478797430230688	0.00411667951787106	0	0	0	0	0.0166208047292971	0	0	0	0	0.0048024686580162	0	0	0	0	0.00513691956768718	0	0.00437153764254147	0	0	0.0255360068434445	0	0	0	0	0	0	0	0	0.00975944282827438	0	0	0	0	0	0	0	0	0	0
ERR12405925	0	0	0.033465510933979	0.0267865839601966	0.0245098709960452	0.022394610162333	0	0.0232495422262616	0.0238743875556833	0.0201726822457619	0.0250848261220103	0.0665421448333825	0.0161453401092392	0	0	0.0387276852353116	0.008356753892289	0	0.171269701292719	0	0	0.0435457189926412	0	0	0	0	0.00439034366696338	0	0.00235125583845328	0	0	0	0	0.0188689723494346	0.00229649800627373	0.0225257045732437	0	0	0	0	0.0785596408526911	0	0	0	0	0	0.0138460951030368	0	0	0.0327385784255224	0	0.0137131765962952	0	0.011844484972175	0	0	0.0137013004527589	0	0.00277023425828575	0	0.0756399759827831	0.00250637583460353	0	0	0	0	0	0	0	0	0	0.0129755799805539	0.0100165921784299	0	0	0	0	0	0	0	0	0	0	0	0	0	0	0	0	0.0277399556445018	0	0	0	0.0246389787438787	0	0	0	0	0	0	0	0	0	0	0	0	0	0	0	0	0	0	0	0	0	0	0	0	0	0	0	0	0	0	0	0	0	0	0	0	0	0.0125263461047628	0	0	0	0.00893799301656327	0	0	0	0	0	0	0	0	0	0	0	0	0	0.012629614392242	0	0	0	0	0	0	0	0	0.0108793245003637	0	0	0	0	0	0	0	0	0	0	0	0	0	0	0	0	0	0	0	0	0	0	0	0	0	0	0	0	0	0	0	0	0	0	0	0	0	0	0	0	0	0	0	0	0	0	0	0	0	0	0	0	0	0	0	0	0	0	0	0	0	0	0	0.0299992194366133	0	0.00593996119280296	0	0	0	0	0	0	0	0	0	0.00383843933891342	0
ERR12405926	0.0247076225372998	0.0200666949231219	0.0174042060518524	0.00908437894601802	0.00947593102433495	0.0754786014834166	0.0473579355518932	0.00905252607651856	0.00818123450598869	0.00711074876471227	0.00867070329437549	0.0108374102261077	0.040875648977956	0	0	0.00930773212366477	0.0135247638925416	0.0121374309579225	0	0	0	0	0	0.00838814566887681	0.00920564644314463	0.00219737722974275	0	0	0.00815494172517726	0.0149449644085911	0.00226042322831097	0.00181343838978538	0.00818353938996517	0.0760182568274113	0.00244564410510814	0	0	0.00167862177213421	0	0	0	0.0105729092032298	0.00304119564027116	0.0105384797175065	0.0199937223560083	0	0.0128423143674268	0	0	0	0	0.0206342237126149	0	0	0.00512100555146931	0	0.0180563357580434	0	0.00339011032343298	0.00238355802972699	0	0.00483225757514233	0	0.004446404988259	0.00147960969980414	0	0	0.00414545333220765	0	0	0	0.00376154628748336	0.0131544785986488	0.00605083486505336	0	0	0	0	0	0	0	0	0	0	0	0	0	0.0114615480692862	0.00329680123573135	0	0	0.00397801982034436	0	0	0	0	0	0.0116122221787785	0	0	0	0	0.00276441735544492	0	0.00794849143197149	0	0	0	0.0102700140098795	0	0	0	0	0	0	0.00231197432660758	0	0	0	0.00279048301524031	0	0	0.0059636379169526	0	0.0080374717800785	0	0	0	0.00221262551301031	0	0	0.00772979534006184	0	0.00329048048977393	0.0118028799384248	0	0	0	0	0	0	0	0	0	0	0	0	0	0	0	0	0	0	0	0	0.0025214205238642	0	0.0178091237833996	0	0	0	0.021298494869022	0	0.0196961071151884	0	0.0200670584885943	0.0186928482249618	0.0201420487341653	0	0	0	0	0	0	0.017730358623562	0	0.0184445452965463	0.0180602717114666	0	0	0.0187343638557506	0	0	0.0172717387214182	0.0176686100387059	0	0.00521824631353015	0.00212000437502442	0	0	0.0169035183904273	0	0	0	0.0163529949030511	0.0035753563497783	0	0	0	0	0	0	0	0	0	0	0	0	0	0	0	0	0	0	0	0	0	0	0	0	0	0	0	0	0	0	0.00223055017598241	0	0.00818547451748195	0	0.00632897284765325	0.00605628910052693	0.00641173208601188	0	0	0
ERR12405927	0.0959843373666765	0.0668295754085009	0.0408985948048749	0.0266701140563713	0.0545588704419599	0.0365586063187312	0.00671464954773307	0.02590293035682	0.0205342312949139	0.0233968463044432	0.0205894353784116	0	0.0238617921489547	0.0230175011335354	0.0247395866695289	0	0.0523459937497767	0	0	0	0.0212748071723245	0.00177978792875847	0.0201229790469024	0	0	0	0	0.00703981659482142	0	0	0	0	0	0	0.00355924189719728	0.0598071532179497	0	0	0.0272021725752414	0	0	0	0	0	0	0	0	0	0.00557958537876538	0	0	0	0	0	0.0324593119718503	0	0.00480466102900605	0.00452876843799471	0.00355746224095212	0	0	0.0075908269320539	0	0.0309407307237291	0	0	0	0.0560752830155437	0	0	0	0.00417947566633674	0.00377814342840025	0.00847764519564738	0.00377415784494969	0.00361216442403901	0	0	0	0.00451458726294786	0	0.00335524841760461	0	0.00342214301731356	0.00334467414813992	0.00339588752071167	0.00330143073523968	0	0.00726320961224153	0	0.00319472491002843	0	0.00298634357755198	0	0.0130005731570164	0.0029609344428718	0.0029764500010514	0	0	0	0	0.00371522948636824	0.00309172515575816	0	0	0	0	0.00977633520418232	0	0	0.00818511385486154	0.00343859809825582	0.00346779859719319	0	0	0.00239954110371391	0	0	0	0.00241273495883746	0	0	0	0	0	0	0	0	0	0	0	0	0.0087472290615273	0.00432279505702318	0	0	0	0	0	0	0	0	0	0	0	0	0	0	0	0	0	0	0	0.00873689783154137	0	0.00327228280031573	0	0	0	0	0	0	0	0	0.00164219573256574	0	0	0	0	0	0	0	0	0	0	0	0	0	0	0	0	0.0196589171897694	0	0	0	0	0	0.00270720053668241	0	0	0	0	0	0	0	0	0	0.00261936809665752	0	0	0	0	0	0	0	0.00252895750963275	0	0	0.00281363321869892	0	0	0	0	0	0	0	0	0	0	0	0	0	0	0	0	0	0	0	0	0	0	0	0	0	0	0
ERR12405928	0.0518023094879719	0.0460783008397501	0.0248348738364643	0.0542201112854381	0.0139888434289198	0.0738479454789167	0	0	0.0140354001628038	0	0.0150821791776322	0	0.0481487972908407	0	0	0	0	0	0	0.0211435542496737	0	0	0	0	0	0	0	0	0.0151150187050408	0	0	0	0	0.0124326196025872	0	0	0	0	0	0	0	0	0	0	0	0	0	0	0	0	0	0	0	0	0	0	0.0297220556276151	0	0	0	0	0.0169432990905327	0	0	0	0	0.0120017852641554	0	0	0.0199992706881361	0	0	0.0228850577780645	0.0200182078395002	0	0	0	0	0	0	0	0	0	0	0	0	0	0.0199582369998906	0	0	0	0	0	0	0.030491607997747	0	0	0	0	0	0	0	0	0.0143906763873366	0.0138402622492727	0	0.0144466799932657	0.0223944929662823	0	0.00826756586672137	0.0170276968385653	0	0	0	0	0	0.0140868176287654	0	0.013668613246109	0	0.0149626069041407	0.0140429460814793	0	0.01321403182163	0.0145597326445928	0.0131877510534828	0	0	0	0	0.0130383723047166	0	0.0195100859829314	0	0	0	0	0	0	0.0156139737156163	0.0424573137258558	0	0	0	0	0	0	0	0.0317821540306353	0	0	0.0127136546683535	0	0.0190658079569299	0	0	0	0	0	0.0119588613781764	0	0	0	0	0	0	0	0	0	0	0	0	0.0122456693123717	0	0	0	0	0	0	0	0	0	0	0	0	0.01199489149672	0	0	0	0.00701338870010282	0	0	0	0	0	0	0	0	0	0	0	0	0	0.0149870979769845	0	0	0	0	0	0	0	0	0.0161936943278085	0	0	0	0	0	0	0	0	0	0	0	0	0	0	0	0	0	0	0	0	0.0137458233223262	0.00683986258714621	0
ERR12405929	0.0226789824195818	0.021948545687836	0.0400918311596977	0.0228818661218383	0.0237229832964925	0	0	0.0215377925806803	0.0197226091546316	0.0183856779599353	0.0198056049453981	0	0	0.0635621885679969	0.0436662207470385	0	0	0.00240600416827455	0.0432196831025027	0	0.0428820299756202	0	0.0442579483668045	0	0	0	0.0357470756859341	0.0173963900195811	0.0403199234175417	0	0	0	0	0.0295344652058758	0	0.110584561760973	0	0	0	0	0.025471739062973	0	0	0	0	0.0320148491798744	0	0	0	0	0	0	0	0	0	0	0	0	0	0	0.0132546507296424	0	0.00982359585709763	0	0	0	0.0464196660097775	0	0	0.0768944603195322	0	0	0	0	0	0	0	0	0	0	0	0	0	0	0	0	0	0	0.00289081770405171	0	0	0.0197491939056986	0	0	0	0	0	0	0	0	0	0	0	0.00586151607345631	0	0	0.00589679539483501	0	0	0	0	0	0	0	0	0	0.00607048191914678	0	0.0060470901518686	0	0.00569372217805373	0.00564261685488076	0	0.00572517675347564	0	0.00529174670589048	0	0	0	0	0.00541090703180068	0	0	0.00207994066825605	0	0	0	0	0	0	0.0176617201977985	0	0	0	0	0	0	0	0	0	0	0	0	0	0	0	0	0	0	0	0	0	0	0	0	0	0	0	0	0	0	0.00354828763003159	0	0	0	0	0	0	0	0	0	0	0	0	0	0	0	0	0	0	0	0.00379046746781784	0	0	0	0	0	0	0	0	0	0.00385889590985571	0	0	0	0	0	0	0	0.0065492779499498	0	0	0	0	0	0	0	0	0	0	0	0	0	0	0	0	0	0	0	0	0	0	0	0	0	0
ERR12405930	0.012646893266492	0.0249528037791748	0.0616727355646702	0.0518200108813954	0.0477522724090244	0	0.181032663122463	0.0427508124428579	0.0441816200938896	0.0430568423783187	0.0417246215507588	0.0546490624858648	0	0	0	0.036729994588917	0.0332810815136296	0	0	0	0	0	0	0	0	0	0	0	0	0	0	0	0	0	0.00838143795563485	0	0	0	0	0	0	0.0610439112117509	0.00684456429300846	0	0.0346571316763451	0	0	0	0	0	0	0.0306235853602937	0	0	0	0.0952979636922364	0	0	0.00427337918110155	0.00583660564152471	0	0	0	0	0	0	0.005579816895313	0	0	0.0064302014084505	0	0	0	0	0	0	0	0	0	0	0.0119511252525184	0	0	0	0	0	0	0	0	0	0	0	0	0	0	0	0	0	0	0	0	0	0	0	0	0	0	0	0	0	0	0	0	0	0.0136220840322847	0	0	0.00200634899870537	0	0	0	0	0	0	0	0	0	0	0	0	0	0	0	0	0	0	0	0	0	0	0	0	0.0107022503037047	0	0	0	0	0.0108744327754819	0	0	0	0	0	0	0	0	0	0	0	0	0.0107347669523795	0	0	0	0	0	0	0	0	0	0	0	0	0	0	0	0	0	0	0	0	0	0	0	0	0	0	0	0	0.00267843431698332	0	0	0	0	0	0	0.00221054597482673	0	0	0	0	0	0	0	0	0	0	0	0	0	0	0	0	0	0	0	0	0	0	0	0	0	0	0	0	0	0	0	0	0	0	0	0	0	0	0
ERR12405931	0	0	0	0	0	0	0.0912721892824069	0	0	0	0	0.0456633631599946	0	0	0	0.0267299592906659	0	0	0.171804896547925	0	0	0	0	0	0	0	0.021707881753175	0	0.00936721986890811	0	0	0	0	0	0.0138166346434925	0	0	0	0	0.0193000558181183	0.101241335652685	0	0.0135709004551442	0	0	0.0187506169625407	0	0	0.0131021510309069	0.025664728650441	0	0	0	0	0.0240466950229177	0	0	0.0656941923925952	0.0115597809496652	0.0103103596145547	0.0531765933902509	0.0121370040165686	0	0.0220747975913543	0.00235444781176195	0.0177349463495443	0	0.021033767612297	0	0.0232928784135959	0.0189676608271247	0	0	0.00634737491458563	0	0	0	0	0	0	0	0	0	0	0	0	0	0	0	0.0228594041843057	0	0	0	0.0199887668229416	0.0101337774832805	0	0	0	0	0	0	0	0.00915892528029297	0	0	0	0	0.00733223165578435	0	0	0.00641451849170157	0	0	0	0	0.00643779101422072	0	0	0	0.00652353238399468	0	0	0	0	0	0	0	0	0	0	0	0	0.00664561396586278	0	0	0	0	0	0	0	0	0	0	0	0	0	0	0	0	0	0	0	0	0.00662554192309437	0	0	0	0	0	0	0	0	0	0	0	0	0	0	0	0	0	0	0	0	0	0	0	0	0	0	0	0	0	0	0	0	0	0	0	0	0	0	0	0	0	0	0	0.00455467156644938	0	0	0	0	0	0	0	0.00335940378228349	0	0	0.00348279553805936	0.00234262257978165	0	0	0	0	0	0	0	0	0	0	0	0	0.0234179713047268	0	0	0	0	0	0	0	0	0	0	0	0	0
ERR12405932	0.0407417422206925	0.0256071431955749	0.07534025798218	0.0835714203618673	0.0691503747260246	0.0254441922732234	0.0520369767696137	0.0640652513698306	0.0577083825966922	0.070938451761621	0.0556410045729879	0	0.0261328623468193	0	0	0	0	0	0.00582524084640287	0	0	0.0871625563772842	0	0	0	0	0	0.0345155978073463	0	0	0	0	0	0	0.00914381162477789	0.0286260527073618	0	0	0	0	0.00313195917997185	0	0.007547673869311	0.00653475300595421	0	0	0	0	0.0511048745304637	0	0	0	0	0	0	0	0	0	0.00204073440643801	0.00747510692568724	0	0	0	0	0	0	0	0	0	0	0	0	0	0	0	0	0	0	0	0	0	0	0	0	0	0	0	0	0.00765464774774154	0	0	0	0	0	0	0	0	0	0.00955730558805485	0.00365829449775382	0	0	0.00269800877175988	0	0	0.0093882817375073	0	0	0	0	0	0	0	0	0.00915243273920979	0.00219104161193783	0	0	0	0	0	0	0	0	0	0	0	0	0	0.00713561753639438	0	0	0	0.00279592402121914	0	0	0	0	0	0	0	0	0.00673696616882055	0.00702274250937597	0	0	0	0.00720107886173833	0	0	0	0	0	0	0	0.00212900370713679	0	0	0	0	0.00644081014550544	0	0	0	0.00230754460444697	0	0	0	0	0	0	0	0	0	0	0	0	0	0	0	0	0	0	0	0	0	0	0	0	0	0	0	0	0	0	0	0	0	0	0	0.0102266479442958	0	0	0	0.00299145710726326	0	0	0	0	0	0	0	0	0	0	0	0	0	0	0	0	0	0	0	0.00871725574054864	0	0	0	0.00250851750116344	0	0	0	0	0	0	0
ERR12405933	0	0	0.0220543802583823	0.0170519536682477	0.0200141354666528	0.0128819056514849	0	0.0150950914158225	0.0152184436865861	0.0139892854641091	0.0138808206317808	0.0305697913694412	0.013730039674791	0.062755217674656	0.111046933900348	0.0184857240893286	0.0110294998258223	0	0	0.0163744547300345	0.0823922269073096	0	0.0551483271834481	0	0	0	0	0.0274273274773526	0.0129672680294879	0	0	0	0	0.0817835289015902	0	0	0	0	0	0.0101706419464922	0	0	0	0	0.0109157230464136	0	0.00890600184931351	0.00479036452191611	0	0	0	0.0127222311328783	0	0.00694589278003723	0	0	0	0	0.0339160275017593	0	0	0	0.00239987832687597	0	0.0286823025982261	0	0	0	0	0	0.00645254441792572	0.00554838806620992	0	0	0	0	0	0	0	0	0	0	0.0199476664184066	0	0	0	0	0	0.00370410361812117	0	0	0.00620281393832429	0	0	0.0250634149786965	0	0	0	0	0	0	0	0.00401074479196661	0	0	0	0	0	0.00467307023789024	0	0	0.0169999210510011	0	0	0	0.00349601840439109	0	0	0	0.00335344740676617	0	0	0	0	0	0	0	0	0	0	0	0	0	0.00830821131755949	0	0	0	0.0116139781965115	0	0	0	0	0	0	0	0	0	0	0	0	0	0	0.00193855490699726	0	0	0.00677377022617648	0	0	0	0	0	0	0	0	0	0	0	0	0	0	0	0.00912331696461173	0	0	0	0	0	0	0.00398039452339162	0	0	0	0	0	0	0	0	0.00547190568072096	0	0	0	0	0.00394999890743914	0.00384961003171153	0	0	0	0	0.00368233550590122	0.00984799911974313	0	0	0	0	0.00317583006041851	0	0	0	0	0.00224354545607962	0	0	0	0	0	0	0	0.00270027164769682	0.0110103733563443	0.00261864855319443	0.0274089660206555	0	0	0	0	0	0.0095047364845581	0	0	0	0	0	0	0	0	0
ERR12405934	0.118820711206713	0.0728580370307693	0	0	0	0.0105316775624922	0	0	0	0	0	0.0470206035204976	0.0111752138196983	0	0	0.0427212489312189	0.00644397059487764	0	0	0	0	0	0	0	0	0.00232835389802506	0.0143358234441953	0.0183248041470509	0.0170150222752313	0	0.00194733712978323	0.00193528809110074	0	0	0	0	0	0.00190424419236374	0.0323688386109649	0	0	0	0	0	0	0.0334215849978796	0.00744080391141281	0	0	0	0	0	0	0.00532627326354594	0	0	0	0	0.00452619114858352	0	0	0.0119716003139887	0.007062436420892	0	0.00603086937397816	0.0133460609784881	0.0170831529989435	0	0	0	0	0.00374246534367128	0	0.00625065061235208	0	0	0	0.0174568470571466	0	0	0	0	0.00188540823104739	0	0	0	0	0	0.00381230328149798	0	0	0.0588351039703304	0	0	0.0102835849074607	0	0	0	0	0.00447363061753007	0	0	0	0	0	0	0	0.00735871766327079	0	0	0.00625875443177102	0	0	0.00420634981206826	0	0	0	0.00175068810707218	0	0	0	0	0	0	0	0	0	0	0.00233315341777784	0.00436974385342116	0	0.010109295415126	0.00677650815478783	0	0.00281389731866032	0	0.00218049994665878	0	0	0	0	0	0	0.00351973593569117	0.00452522731909556	0	0	0	0.0188929497035099	0	0	0	0	0.0068208306043943	0	0	0	0.00978206124062015	0	0	0	0.0106586682503693	0	0.0112890707558981	0	0.0121621703759083	0.0104058707512248	0.0108688965312443	0	0	0	0	0	0	0.0102892150564636	0	0.0101881277356561	0.0108215918331804	0.00542689361406068	0	0.0105213688602735	0.00376202804746572	0	0.00924039179576325	0.010353351073951	0	0	0	0	0	0.0100441161361155	0	0.00502949391696777	0.00501254518461937	0.00872727023401537	0	0	0	0.00567356367024015	0	0	0	0	0	0	0	0	0	0	0	0.0044308053499331	0	0	0	0	0	0	0.00157266970344138	0	0.00165271667558514	0	0	0	0.115956393564229	0	0.00174013182478638	0.00391005860106306	0.00588403564988932	0	0	0	0	0	0	0	0
ERR12405935	0	0	0.0245055970579158	0.0135077008355875	0.0148717210256264	0	0	0.0127332897389879	0.0128724517808695	0.0107933711443222	0.0142030146425673	0.0309163185148298	0	0.126330686388028	0.077347894033881	0.0163212357621565	0	0.00196362928742033	0	0	0.0738133429531586	0	0.0703763307057613	0	0	0	0	0	0.0122107943427934	0.00216542332580392	0	0	0	0	0	0	0	0	0	0	0	0	0.0100380635345794	0	0.00774948306026699	0	0	0	0	0	0	0.0118581611863618	0	0	0	0	0.0110612612802796	0	0.00226303962034048	0	0	0	0	0	0	0	0	0	0	0	0	0.0261555985833224	0.00819147386457781	0	0.00337432116351704	0.00356886787720661	0	0	0	0.00326754686357747	0.00560634512972727	0.00322030299100655	0	0.00302117905308927	0.00333104763174529	0.00313616077053077	0.00316280371166003	0.00571491934310393	0.00603719332616501	0	0.00327933583318118	0.00581314196550832	0.00309726536559447	0	0	0.00305230482094766	0.0030513021714009	0.00520620166498399	0.00361591149690014	0	0	0	0	0	0.00404586577837468	0.00341068460331292	0	0	0	0	0	0	0.00277443581898543	0	0	0	0	0.0045830387730845	0	0	0	0	0	0	0.00392822809690116	0	0	0.00390011814952879	0	0	0	0.00200030094435794	0	0	0	0	0	0	0.00335859656032281	0	0.00876083300723421	0	0	0	0	0	0	0	0.00315663524541594	0.00257397749060232	0	0	0.0188301583060718	0	0	0	0	0.00334071367496705	0	0	0	0.00322505622730332	0	0.00348752399502592	0	0.00375330373964618	0.00333244003383809	0.00336363103747189	0	0	0.00669682592813418	0	0	0	0.00319592907050966	0	0.0031839200983744	0.00353128740277254	0.00313706841540837	0	0.0032941634319137	0.00882518733009001	0	0.00307105741986101	0.00311866753042928	0	0	0	0	0	0.00323076614018121	0	0.00294471382007695	0.00301312740972355	0.00271583198458723	0	0.00173432269561746	0	0	0	0.00229987315986617	0	0	0	0	0	0	0	0	0	0	0	0	0	0	0	0	0	0	0	0.18570059163414	0	0	0	0	0	0	0.00887819502774057	0	0.00179720269538568	0	0	0	0.00499969347345977	0	0
ERR12405936	0.337745428100323	0.171418839060146	0	0	0	0	0	0	0	0	0	0	0	0	0	0	0	0	0.0288021562578812	0	0	0	0	0	0	0	0	0	0	0	0	0	0	0	0	0.0064811132652653	0	0	0	0	0.0155801894292814	0.0578181801575378	0	0	0	0	0	0	0	0	0	0	0	0	0	0	0.0379740288058281	0	0	0	0.00954522961366676	0	0	0	0	0	0	0	0	0	0	0	0.0286983839035447	0	0	0	0	0	0	0	0	0	0	0	0	0	0	0	0	0	0	0	0	0	0	0	0	0	0	0	0	0	0	0.0298563489458817	0	0	0.0421875315283957	0	0	0	0	0	0	0	0	0	0.0277830706493276	0	0.0283669063786246	0	0.0275717294079724	0.0273239165012092	0	0.0268639669430617	0	0.0261280615942354	0	0	0	0	0.0270897025994432	0	0	0	0	0	0	0	0	0	0	0	0	0	0	0	0	0	0	0	0	0	0	0	0	0	0	0	0	0.021889590305762	0	0	0	0	0	0	0	0	0	0	0	0	0.0208756265526122	0	0	0	0	0	0	0	0	0	0	0	0	0	0	0	0	0	0	0	0	0	0	0	0	0	0	0	0	0	0	0	0	0	0	0	0	0	0	0	0	0	0	0	0	0	0	0	0	0	0	0	0	0	0	0	0	0	0	0	0	0	0	0
ERR12405937	0.0175948196324477	0.024011019926639	0.00878641787931639	0.0102509403210687	0.00450888038585424	0	0.00663012100577016	0.00675005821357118	0.00474600295389906	0	0	0.0537716992704062	0	0.0100952844189553	0.0102234273008283	0.0298444329779753	0	0	0.0882638338021008	0	0.011245203657142	0	0	0	0	0	0	0	0.00300378389787703	0	0	0	0	0	0.00535170628973116	0.196777703402647	0	0	0	0.015854022667241	0.0399292317349752	0	0.0052944134347027	0	0	0	0	0	0.0043183657553577	0.0220932004957017	0	0	0	0	0	0	0.00958052989669795	0	0	0.00452715413429191	0.0459422511111285	0	0	0	0	0	0	0	0	0	0.0147863647150157	0	0.00755918563796147	0.0182045693525016	0	0	0	0	0	0	0	0	0	0	0	0	0	0	0	0.0168729396966764	0	0	0	0.0161314459577928	0	0	0	0	0	0	0	0	0	0	0	0	0	0	0	0	0	0	0	0	0.0430179151429555	0	0	0	0	0	0	0	0	0	0	0	0	0	0	0	0	0	0	0	0	0	0	0	0	0	0	0	0.0313002767136073	0	0	0	0	0.034329018127428	0	0.00472748609677234	0	0	0	0	0	0	0	0.0047145517022509	0.00403677276231726	0	0.0299622480082825	0.0050778602911994	0	0.00546322318482566	0	0.00496769357600694	0.00914806976455525	0.00533709358671115	0	0	0	0	0	0	0.00448276121417632	0	0.00520271025516872	0.00513114353595127	0	0	0.00485534698320228	0	0.00253910772589254	0.00523378032056189	0.00467157038257925	0	0	0	0	0	0.00446198165569517	0.0148740442515613	0	0	0.00467680090672855	0	0.00361463423533199	0	0	0	0	0.0151149336591856	0	0	0	0	0.00466256934078587	0	0	0	0	0.00422099541839777	0	0.00371294458937248	0	0	0	0	0	0	0	0	0.0175134566422235	0	0	0	0	0	0	0	0	0	0	0	0	0
ERR12405938	0	0	0.0364553330540671	0.0334260439560965	0.0308447467566414	0	0.0416020320341436	0.0267259367912391	0.0254289053785131	0.0286157138562818	0.024830400588697	0	0	0	0	0	0.0467675358971962	0	0.00448606050360813	0	0	0	0	0	0	0	0.0100719611408315	0	0.00419699302437453	0	0	0	0	0	0.0079993411299634	0	0	0	0	0	0.00255204744191298	0	0.00864579594394488	0.0124852126525135	0	0.014407592398905	0	0	0	0.00385660183015978	0	0	0	0	0	0	0.00302338167577618	0.00423436766566695	0.00152395323442495	0.00975677911008061	0	0.0108126385200661	0	0	0	0.00509573433999464	0.00619298389220239	0	0	0.00691364083548118	0	0	0.00230196041096087	0.00653216158017679	0	0	0.00794528899577234	0.0082910396317846	0	0	0	0	0	0	0	0	0	0	0	0	0	0.0104419756876799	0	0	0	0	0	0	0	0	0.0058263474560831	0	0.00907893247732422	0	0	0	0	0	0	0.00186116341360813	0	0	0	0	0.00316264623421589	0.00925480665424332	0	0	0	0.00984551868836386	0	0	0	0	0	0	0.00151470200412677	0	0	0	0	0	0	0.00245771849333366	0	0	0.00777269033179905	0	0	0	0	0	0.00242969231203082	0	0	0.0067783741673252	0.00665765996914314	0.00233183259929484	0	0	0.00677558271086109	0.00634801263304718	0	0	0.00640864949765707	0.00211549927429767	0.00639008398183904	0.0267234592991365	0	0	0.00205711431882355	0.029843220203771	0.00635869296255887	0.0314814144664028	0	0.0298755253312842	0.026368418533549	0.0299634663807635	0.0055242119571317	0.00548272182910132	0	0.0018434653674328	0	0.00563115573677638	0.0267199883831814	0.00608983687359162	0.0267250144264265	0.0254678940832002	0	0.00604743529968533	0.0264352653310932	0	0.00295157925394923	0.0241265498565705	0.0253745566261895	0.00494790501373586	0	0.0017849311689212	0	0	0.0237733407192068	0	0	0	0.0254475368363338	0	0	0	0	0	0	0	0	0	0	0	0	0	0	0.0273820601543675	0	0	0	0	0	0	0	0	0	0	0	0	0	0	0	0	0	0	0.00113880389322888	0	0	0	0	0	0	0.000960362835835756
ERR12405939	0.0278148908119127	0.0224001221817822	0.0102786771954249	0.00877078486769082	0	0	0.083052526518543	0	0.0420111651896609	0	0	0.0205656622228048	0	0	0	0.0138498997361236	0.0812882183929216	0.00297850686235758	0	0	0	0	0	0	0	0	0	0	0	0.0545132259823305	0	0	0	0.0221712495646973	0	0.196111427931265	0	0	0	0.0951353443636869	0.0250111232328769	0.0656077283484119	0	0	0.021856897462674	0	0	0	0	0	0	0.00636120589444591	0	0	0	0	0	0	0.0086065331491788	0	0	0	0.0113460308350827	0	0.0125344915678683	0	0	0	0	0	0.0638301193883202	0.00646117257173401	0	0	0	0	0	0	0	0	0	0	0	0	0	0	0	0	0.00799541708342344	0	0	0	0	0.0275426910083184	0	0.017483037525886	0	0	0	0	0	0	0	0	0	0	0	0	0	0	0.00997280111057283	0	0	0	0	0	0	0	0	0	0	0	0	0	0	0	0	0	0	0	0	0	0	0	0	0	0	0	0	0	0	0	0	0	0	0	0	0	0	0	0	0	0	0	0	0	0	0	0	0	0	0	0	0	0.00694064207367543	0	0	0	0	0	0	0	0	0	0	0	0	0	0	0	0	0.00612890848656447	0	0	0	0	0	0	0	0	0	0	0	0	0	0	0.00310778576455675	0	0	0.00813811705322424	0	0	0	0	0	0	0	0	0	0	0	0	0	0	0	0	0	0	0.00515402276005159	0	0	0	0	0	0	0	0	0	0	0.00497957286193197	0	0	0	0	0	0
ERR12405940	0.271028052105317	0.158557813146963	0.0213813654667984	0.0252482638225646	0.0113366343843304	0	0	0	0	0	0	0	0	0	0	0	0.0440460557582708	0	0	0	0	0	0	0	0	0.0122228826369417	0	0.0147706293527235	0.0101706289951221	0	0.00988275646167852	0.0101562115086269	0	0	0.0107179471576504	0	0	0.00925158674779038	0.0592891642517515	0.0107372784832854	0	0	0.00948931581932246	0	0	0	0	0	0	0	0	0	0	0	0	0	0	0	0	0	0	0.0150754526895702	0	0	0	0	0	0	0	0	0.00726304420252981	0	0	0	0	0	0	0	0.0403753885760603	0	0	0	0	0	0	0	0	0	0	0	0	0	0	0	0.0134314862876232	0	0	0	0	0	0	0	0	0	0	0	0	0	0	0	0	0	0	0	0	0	0	0	0	0	0	0	0	0	0	0	0	0	0	0	0	0	0	0.0138933995322746	0	0	0	0	0	0	0	0	0	0	0	0	0	0	0	0	0	0	0	0	0	0.011906177494496	0	0	0	0	0	0	0	0.00544143150511964	0	0	0	0	0	0	0	0.0745153701008695	0	0	0	0	0	0	0	0	0	0	0	0	0	0	0	0.00899612244928477	0	0	0	0	0	0	0	0	0	0	0	0	0	0	0	0	0	0	0	0	0	0	0	0	0	0	0	0	0	0	0	0	0	0	0	0	0	0	0	0	0	0	0	0	0	0	0	0.120815541063035
ERR12405941	0.191569688012009	0.118204731612944	0.0254694096327432	0.0324355589705629	0.0175140559468926	0	0	0	0.0118860678677845	0.010016921984347	0	0	0	0	0	0	0	0	0.0186842652877183	0	0	0	0	0	0	0	0	0	0	0	0	0	0	0	0.013994168951715	0.152670874288764	0	0	0	0.0810825722082929	0.0232220723650603	0	0.0133773641918452	0.00801980235144558	0	0	0	0	0	0.0235808249766849	0	0	0	0	0	0	0	0	0	0.0123591293254312	0.0139502920287731	0	0	0	0	0	0	0	0	0	0.0553852261747231	0	0	0	0	0	0	0	0	0	0	0	0	0	0	0	0	0	0	0.0197875576335015	0	0	0	0.0296340204124536	0	0	0	0.0625500427881998	0	0	0	0	0	0	0	0	0	0	0	0	0	0	0	0	0	0	0	0	0	0	0	0	0.0315079933435032	0	0	0	0	0	0	0	0	0	0	0	0	0	0	0.00865110044448447	0	0	0	0	0	0	0	0	0	0	0	0	0	0	0	0	0	0	0	0	0	0	0	0	0	0	0	0	0	0	0	0	0	0	0	0	0	0	0	0	0	0	0	0	0	0	0	0	0	0	0	0	0	0	0	0	0	0	0	0	0	0	0	0	0	0	0	0	0	0	0	0	0	0	0	0	0	0	0	0	0	0	0	0	0.0183104211439735	0	0	0	0	0	0	0	0	0	0	0	0	0.00613583805614763
ERR12405942	0	0	0.0102767346928825	0.00994269803786711	0.00945188605309888	0	0.132946091634514	0.0112287085570848	0.00875956084969188	0.0103301919706863	0	0	0	0	0	0	0.0342816255916502	0	0	0	0	0	0	0	0	0.00227766550082964	0	0	0	0.0429274726928176	0.00207581343745654	0.00203889054692602	0	0	0	0	0	0	0	0	0	0	0	0	0	0	0	0	0	0	0	0	0	0	0	0	0	0	0.0110208613456126	0	0	0	0.00274360593682352	0	0.00430463006706148	0	0	0	0.0175906753283942	0	0	0.00932766390836547	0	0	0.0236301129748373	0.0222910718244762	0	0	0	0.0219488040141757	0	0.0209423614014821	0.0255140311708158	0.0217283947956197	0.0276445962000452	0.0213562963268536	0.0230902724639531	0	0.00470724446490793	0	0.020773579216752	0	0.0301375675949189	0	0	0.020157864675922	0.0199183716973137	0	0.0684605564416089	0	0	0	0.00249333504431147	0	0	0.066503076813644	0	0	0	0	0	0	0.0167983980780342	0	0	0.002402766325566	0	0.00217045342063621	0	0.00256235212753292	0	0	0	0	0	0	0	0	0	0	0	0.0303829536323991	0	0.00563919019347758	0	0	0	0	0.00284108406514817	0	0	0.00435912443338476	0	0	0	0	0	0	0	0	0	0	0.00623106116868163	0	0	0.0046334664233157	0	0.0026139823196731	0	0	0	0.00266526558270396	0	0.00298203506020357	0.0128096980957077	0.00326756768237203	0.00279174458077277	0.00287042922468582	0	0	0.0091679064760956	0	0	0	0.00278234544841468	0	0.00265453089230976	0.00258471775523425	0	0	0.00281547294404527	0	0	0	0.00266068115345332	0	0.0231233413931114	0.00363612457685383	0	0	0	0	0	0	0	0	0	0.00206458850548724	0	0	0	0	0	0	0	0.00337492682220792	0	0	0.00175995426532168	0	0	0	0	0	0	0	0	0.00379083549631477	0	0.00318283027280999	0	0.0421999705413423	0	0	0.00438625480306346	0	0.0050919525106149	0	0	0.0112553931950163	0	0	0	0	0	0.00262428726060753
ERR12405943	0.0247444335049418	0.0239721102884268	0.0765900128859661	0.0626899659064657	0.0631256370651147	0.0209927409613325	0.0168718456871676	0.0594282435556377	0.0543029465025528	0.0535082916938357	0.0520497903117614	0	0.0209938670070539	0	0	0	0.00988280401081026	0	0	0.00717009425366513	0	0	0	0	0	0	0	0.0174282875164348	0.00609158563710866	0	0	0	0	0.0378859738716631	0	0	0.0435795438683083	0	0.0104866866195284	0.0140613876834635	0	0	0	0.0128538122303594	0.00978745960164323	0	0.00578825480410652	0.0336664215975918	0	0	0.0352025397396103	0.00471965828951026	0.03438814598286	0	0	0.029134928335884	0	0	0	0	0	0.00871105180785147	0	0	0.00195476216147476	0	0	0	0	0	0.00931870166542406	0.0325729664538498	0	0.0106893544685507	0	0	0	0	0	0	0	0	0	0.00215546467141527	0	0	0	0	0.00328678867318643	0	0	0	0	0	0.00765476409931863	0	0	0	0.001444071047772	0	0.00751431598071748	0	0	0	0	0	0	0.00819039942405801	0	0	0.007061354157105	0	0	0	0	0	0	0	0	0	0	0	0	0	0	0	0	0	0	0	0	0	0.0063895318989624	0	0	0	0	0.00586741279137622	0	0.00213504896785068	0	0	0	0	0	0	0	0	0	0	0	0	0	0.00569907602614494	0	0	0	0	0	0	0	0	0	0	0.00520777586552804	0	0	0	0	0	0	0	0	0	0	0	0	0	0	0	0	0	0	0	0	0	0	0	0	0	0	0	0	0	0	0	0	0	0	0	0	0	0	0.00426998123932258	0	0	0	0	0	0	0	0	0	0	0	0	0	0	0	0	0	0	0	0	0.00756300305779342	0	0.00619598749975651	0.00295040786799042	0	0.00339007213206175	0	0	0	0	0.00328058979116521	0.00509964883852
ERR12405944	0.0909870044526221	0.0584249308819444	0.0254386668723154	0.0220811830232929	0.0320381492687381	0.00563300962871468	0	0.0261811798813713	0.0182719620136579	0.0208201993296973	0.0145312727122205	0	0.00859161888524148	0	0	0	0.00742648355796208	0	0.00338658090077726	0.0187877045266665	0	0	0	0	0	0.00550213295932075	0.0198623888592065	0	0	0.00299650382014254	0.00440166966333047	0.00459987426283015	0	0.0688406575584607	0.00380827040544963	0	0	0.00427394369002635	0	0	0	0	0	0.0540736475450112	0	0.018161329568485	0	0	0	0	0	0	0	0	0.0325382057780325	0	0	0	0.00302159606978019	0	0	0.0461043049529578	0.0113340268272879	0.0183633457050009	0.0274923311250519	0.0149886929483939	0.0559325039663786	0.0217916404498141	0.00665032234873615	0.0246724411223848	0	0.00383351393037046	0	0.0273582487316903	0	0	0	0.0152307124751069	0.00298988442916127	0	0	0	0	0	0	0	0	0	0.00531025259244114	0	0	0	0	0	0	0	0	0	0	0	0.0246868794148037	0	0	0.00494321422562456	0	0	0.00711319858169056	0	0	0	0	0	0	0	0	0	0.00464880759865356	0	0.00435627322080008	0	0	0.00438355918683618	0	0.00436154858214024	0	0.00416197684346157	0	0	0.00223348031829637	0	0	0	0	0.0166142197298312	0.00684495394844298	0	0	0	0	0	0	0	0	0	0	0	0	0	0	0	0	0	0	0	0	0.0136799687923423	0	0	0	0	0	0	0	0	0.00490058827554768	0	0	0	0	0	0	0	0	0	0	0	0	0	0	0	0	0	0	0	0	0	0	0.0103748405757265	0	0	0	0	0	0	0	0	0	0	0	0	0	0	0	0	0	0	0	0	0	0	0	0	0	0	0	0	0	0.00746348608238945	0	0.00703180646675557	0	0	0	0	0	0	0.00245048779779494	0	0	0.0107137369460733	0	0	0	0	0	0.00230458569271536
ERR12405945	0.182315660697946	0.107992801224531	0.0233109336151409	0.0184019860945631	0.0222999693721777	0.0513052739928525	0.0224356070227137	0	0.0150333516193423	0.0155122803124711	0.0136986260430672	0	0.0380101957364635	0.0493136708779053	0.0737298633533623	0	0	0.00194734874506481	0	0	0.0504258455425512	0	0.0340965950653663	0	0	0	0	0.00237960583333449	0.0195947196175648	0	0	0	0	0	0.00758391893887716	0	0	0	0.0416508456296543	0	0	0.00767953043713885	0.0103509145664106	0.00658693061988291	0	0	0.0207464231537784	0	0	0	0	0	0	0.0207652402858946	0	0	0.019413481290455	0	0.00304430911000813	0.00618539865232306	0	0	0	0	0	0	0	0	0	0	0	0.0035236502513802	0.0152746668283235	0	0.00418706511585855	0.0042097911652039	0	0	0	0.00385496877649458	0	0.00513835242311602	0	0.0037041404773184	0.00373135474878304	0.0037385218788638	0.00400564798836801	0	0.00297111505104976	0	0.00360433237284537	0.00772874875434245	0.00338351975976184	0	0	0	0	0.00979547935397651	0	0	0	0	0	0	0	0	0	0	0	0	0	0	0	0	0.00258561210394441	0	0	0	0	0	0	0	0.00567218603466198	0	0	0	0	0	0	0	0	0.00267687800250985	0	0.00215622656682906	0	0	0	0	0	0	0	0	0	0	0	0	0	0	0	0	0	0	0	0	0	0	0	0	0	0	0	0	0	0	0	0	0	0	0	0	0	0	0	0	0	0	0	0	0	0	0	0	0	0	0	0	0	0	0.0106654499256321	0	0	0	0	0	0	0	0	0	0	0	0	0	0.0115809649698951	0	0	0	0	0	0	0	0	0	0	0	0	0	0	0	0	0	0	0	0	0	0	0	0	0	0	0	0	0	0	0	0	0
ERR12405946	0.206078949830121	0.123035997302144	0.0486973165765462	0.0235430774412622	0.0325396678244826	0	0	0.022183501320715	0.0207823138200901	0.0174766491510378	0.0217795435190831	0	0	0	0	0	0	0.0155966353372008	0	0	0	0	0	0.0111394683053738	0.0117474508808188	0.00304002996861349	0.0089647377288929	0.0114292149369814	0	0	0.00310793746114375	0.00259445981357695	0.0104002513682305	0	0	0	0	0.00246781507420893	0.0514200770976089	0.0200442685596208	0	0.0230758908164045	0	0.00710790164043871	0	0	0	0	0	0	0	0	0	0	0.00958959302516684	0	0	0	0.00550996137200154	0.00509464389590206	0	0	0.00191322494281544	0.0137013777259454	0	0	0	0	0	0	0.00989477880741734	0	0	0.0064135706538348	0	0	0	0	0.0141780688470627	0	0	0	0	0	0	0	0	0	0.00462360330122794	0	0	0	0	0	0	0	0	0.0269263095875843	0	0	0	0	0	0	0	0	0	0	0	0	0	0	0	0	0	0	0	0	0	0	0	0	0.017126058043072	0	0	0	0	0	0	0	0	0	0	0.00611395830449515	0	0.00739198353042848	0	0.00271329505936804	0	0	0	0	0	0	0	0	0	0	0	0	0	0	0	0	0	0.00495305263348928	0	0.020293973518767	0	0	0	0.00912502462301768	0	0.00893827848734385	0	0.00935582354714727	0.00873441310968476	0.0093097996293034	0	0	0	0	0	0	0.0107537637072282	0	0.0093891747731255	0.00921121863736954	0	0	0.00848021881374852	0	0	0.00909819189528202	0.00862161465228763	0	0	0.00405021639585551	0	0	0.00886330847775075	0	0	0	0.00814511761748675	0	0	0	0	0.00236129139474701	0	0	0	0	0	0	0.0029244388340244	0	0	0	0	0.00306999671019613	0	0.00247240215326139	0	0	0	0	0	0	0	0.0124050975179647	0	0	0	0	0	0	0	0	0	0	0	0	0	0
ERR12405947	0	0	0.0714671616255565	0.0428509198213682	0.0432071464154274	0.0360199654738603	0.0358333486255392	0.0344124732842827	0.0385094175800534	0.0356803414942158	0.0372239439411367	0.0226508018157879	0.027977750331919	0.019677428032296	0.0100857379425843	0.0147464063009492	0.00978600515911056	0.0176880104434236	0	0	0.0128361629135961	0	0.0144643874034697	0.012696116775645	0.0120879043644846	0.00275535207821769	0	0.0128686040963466	0.0191314883661052	0.0106121450160025	0.00276232910536335	0.00244710122487097	0.0116364405573261	0	0.00249256468025512	0	0.00940444581103315	0.00212306298920125	0	0	0	0	0.00396264758997943	0	0.0153748029149166	0	0	0	0	0	0	0.00612880564188382	0.00791332672586182	0	0	0	0.0230478387211701	0.00408308894838862	0.0071496506690326	0	0	0	0	0	0.00289428883044584	0.00273958040222086	0	0	0.0259692184718595	0	0	0	0.0174619912883307	0	0.00752631005914948	0.00719886301634852	0	0	0	0.00699763320023674	0	0.00610633249874778	0	0.00675993102786106	0.00637140319556514	0.00611084121295612	0.00612829818667853	0	0.0017138112381997	0	0.00572711767638532	0.00698592751590347	0.00579801002366622	0	0.00351575149783584	0.00524645240291762	0.00571053200211807	0	0	0	0	0	0.0130035768833139	0.108001238096956	0	0	0	0	0	0	0	0	0.00482385919932759	0	0	0.0109997601031352	0	0	0	0.00976064834972291	0	0	0	0	0	0	0	0	0	0	0	0	0	0.00272896311656241	0	0	0	0.00298316487865426	0	0	0	0	0	0	0	0	0	0	0	0	0	0	0	0	0	0.00227898785163684	0	0	0	0	0	0	0	0	0	0	0	0	0	0	0	0	0	0	0	0	0	0	0	0	0	0	0	0	0	0	0	0.00203752755648605	0.00477160063502581	0	0	0	0	0	0	0	0	0.0018545469040945	0	0.00392581606733205	0	0	0	0	0	0	0	0	0	0	0	0	0	0	0	0	0	0	0	0	0	0	0	0	0	0	0.00207289172966537	0	0	0	0	0	0	0	0	0
ERR12405948	0.0390108510392101	0.0321876779269797	0.0163111138165562	0.01320756428867	0.0142122597547399	0.0317460386968052	0.151728255443706	0.0156547492388368	0.0109076608885038	0.0132201159822143	0.0117991175374102	0	0.0409392044910939	0	0	0	0.0124623726507077	0	0	0	0	0	0	0	0	0	0.0149969292887179	0.0204979717488034	0.00978422725875811	0	0	0	0	0	0.0108789924929394	0	0	0	0	0	0	0	0.00978399917247923	0.0125041186860913	0.0599283921784575	0.0132409970663972	0	0	0	0	0	0.0255238839451857	0	0	0.013552296847984	0	0	0	0.0141647321442021	0.00862573492945071	0	0.0051097168559766	0.00258943827378305	0.0134197035940003	0.00270678052207418	0.0157768563237246	0.0119364637993344	0.0131497365738319	0	0.0122740917846697	0	0	0	0.00633954715069931	0	0	0.0144458504862344	0.0117253896183506	0	0	0	0	0	0	0	0	0	0	0.00330871757990789	0	0	0.00607936213348549	0	0	0	0	0	0	0	0.0103791244280813	0	0.00517990275859645	0.00712572717755155	0.00615770910273584	0	0	0.00625311966376002	0	0	0	0	0	0	0.00506540503491481	0	0.00768958151275859	0.00554929722073657	0	0.00563544137493009	0.0063646444882031	0.00645872436932847	0.00565362293464514	0	0.00554981966730395	0	0.00602853775562194	0	0	0	0	0.00580678790984976	0	0	0.00571027160629911	0	0.0138535157061995	0	0	0	0	0	0.0021085651586983	0	0	0	0	0	0	0	0	0	0	0	0	0	0.00479621978248162	0	0.00442178721191887	0	0	0	0.00488508534071433	0	0.00539116202068435	0	0.00478697103086893	0.0102194661499479	0.00514281030415644	0	0	0	0.00741577627649667	0	0	0.00420594092670039	0	0.00496885754454161	0.00485214785033646	0	0	0.00448671218909545	0	0	0.00505812255115814	0.00438207351659036	0	0	0.00398715542898982	0.00637239155326086	0	0.00429786556125158	0	0	0	0	0	0	0	0	0	0	0	0	0	0	0	0	0	0	0.013499132696496	0.0224249226716814	0	0	0	0	0	0	0	0	0	0	0.00630270071795378	0	0	0	0.00555179766468262	0.0102501909288047	0	0	0	0	0	0	0	0	0
ERR12405949	0	0	0	0	0	0	0	0	0	0	0	0	0	0	0	0	0	0.0348739904003804	0.14448746769154	0	0	0	0	0.0233059913743923	0.0225593472105955	0	0	0	0	0	0	0	0.0235269031824458	0	0	0	0	0	0	0	0.081412622369052	0	0	0	0	0	0	0	0	0	0	0	0	0	0	0	0	0	0	0	0.0465709077248398	0	0	0	0.0108671890088622	0	0	0	0	0	0	0	0	0	0	0	0	0	0	0	0	0	0	0	0	0	0	0	0	0	0	0	0	0	0	0	0	0	0	0	0	0	0.0965289533451896	0	0	0	0	0	0	0	0	0	0	0	0.090414078606723	0.0901821334739918	0	0	0	0.076207775067406	0	0	0	0	0	0	0	0	0	0	0	0	0	0	0	0.0180733173622422	0	0	0	0	0	0	0.0603219901087099	0	0	0	0	0.054471228427853	0	0	0	0	0	0	0	0	0	0	0	0	0.0497258976470388	0	0	0	0	0	0	0	0	0	0	0.029686393636241	0	0	0	0	0	0	0	0	0	0	0	0	0	0	0	0	0	0	0	0	0	0	0	0.0254969417048693	0	0	0	0	0	0	0	0	0	0	0	0	0	0	0	0	0	0	0	0	0	0	0	0	0	0	0	0	0.0212868716576278	0	0	0	0	0	0	0	0	0	0	0
ERR12405950	0.0604366617437424	0.0672614937160495	0.00778507661714584	0.00591736537463775	0.00519560263307127	0.0151791706115011	0.0266400676505579	0.00737513904519765	0.0102105386214676	0.0050098897453718	0	0.169338594831169	0.0127256219387073	0	0	0.0988314746546748	0	0.00211539914855528	0.00897344755475381	0	0	0.0105578786096054	0	0	0	0.00256714731586451	0	0	0.0287003231121848	0	0.00220015252755133	0.00217138611193854	0	0	0	0.0384597563869545	0	0	0	0	0.0042447112384745	0.0345130456344767	0.00943970964956832	0.0591594894814918	0.00913500323880006	0	0	0	0	0	0	0.00439751335426258	0	0	0	0	0.0052038027287919	0	0	0	0.00447118495234529	0.0262385597493746	0	0	0	0	0	0	0	0	0	0.00647305696143802	0.00402557840243946	0.0271665042156929	0	0	0	0	0	0	0.00704629168251448	0	0	0	0	0	0	0	0.00360969866844267	0	0	0.0128527779356549	0	0	0.0200912897822149	0	0	0.00544695685741115	0	0	0.025022600813402	0	0	0	0	0	0	0.016191269425526	0	0	0.0184677623545632	0	0	0	0	0	0	0	0	0	0	0	0.00555259829398771	0	0	0	0	0	0	0	0	0	0.0136629411299161	0.00227697287652004	0	0	0	0	0	0	0	0	0	0	0	0	0	0	0	0	0	0	0	0.0125549127780935	0	0.00216597547953052	0	0.00315894686274082	0	0	0	0.00304917103536293	0	0.00297800671510938	0.0196431357262009	0.00357171123589199	0	0.00332562288065434	0	0	0	0	0	0	0.00339290198366744	0	0.00379825907521497	0.0041231441596759	0	0	0.00317017426590653	0	0	0	0.00471583819318094	0	0	0	0	0	0	0	0	0	0	0	0	0	0	0	0	0	0	0	0	0	0	0	0	0	0	0	0	0	0	0	0	0	0	0	0	0	0	0	0	0	0.0180106922307584	0	0	0	0	0	0	0	0	0
ERR12405952	0	0	0	0	0	0	0	0	0	0	0	0	0	0	0	0	0	0	0	0	0	0	0	0	0	0	0	0	0	0	0	0	0	0	0	0	0	0	0	0	0	0.243362105804302	0	0	0	0	0	0	0	0	0	0	0	0	0	0	0.0859057540101444	0	0.0129794538174854	0	0	0	0	0	0	0	0	0	0	0	0	0	0.0600502717521164	0	0.00591232597417908	0.00622928643056379	0	0	0	0.00678879417400271	0	0	0.0444529271513937	0	0	0	0	0	0	0	0	0	0	0	0	0	0	0	0	0	0	0	0	0	0	0	0	0	0	0	0	0	0	0	0.0120106106491102	0	0	0.0106939659884716	0	0.00500858706852157	0	0	0	0	0	0	0	0.00811101193056165	0	0	0	0	0	0	0.00921940436544182	0	0	0	0.00789967119688468	0.0106863238260822	0	0	0.0112354676216717	0	0	0	0	0.0107671394510903	0	0	0	0	0	0	0	0	0	0.02173950440074	0	0	0.00849798299427326	0.023614517315574	0	0.0238412797189256	0.0121590743511787	0.0265675679404137	0.0232117543432257	0.0247194778947501	0	0	0	0	0	0	0.0222662146067309	0	0.0219061200719904	0.0219736376431249	0	0	0.0229661890476901	0	0	0.0204233480081142	0.0218822648963617	0	0	0	0	0	0.0221300926174192	0	0	0	0.0201694037093054	0	0	0.00998339216280788	0	0	0	0	0	0	0	0.00938737257672432	0.00670418422433788	0	0.00974538249909585	0	0.0061285689342179	0.00698837429656751	0	0.00585789575301537	0	0	0.0248895686955307	0	0	0	0	0	0	0	0	0	0.030933730085862	0	0	0	0	0	0	0	0	0
ERR12405953	0.0420788409110851	0.049761940815855	0	0	0.0340916908592049	0.199357505376775	0	0	0	0	0	0	0.134010450316481	0	0	0	0.0725478373225684	0	0	0.0587926338356762	0	0	0	0	0	0	0	0.0433348752923386	0	0	0	0	0	0	0	0	0	0	0	0	0	0	0	0	0	0	0	0	0	0	0	0	0	0	0	0	0	0	0	0	0	0	0	0	0	0	0	0	0	0	0	0	0	0	0	0	0	0	0	0	0	0	0	0	0	0	0	0	0	0	0	0.0399605990554928	0	0	0	0	0	0	0	0	0	0	0	0	0	0	0	0	0.0290376972393334	0	0	0	0	0	0	0	0	0	0	0	0	0	0	0	0	0	0	0	0	0	0	0	0	0	0	0	0	0	0	0	0	0	0	0	0	0	0	0	0	0	0	0	0	0	0	0	0	0	0	0	0	0	0	0	0	0	0	0	0	0	0	0	0	0	0	0	0	0	0	0	0	0	0	0	0	0	0	0	0.107503324640991	0	0	0.0323493859536214	0	0	0	0	0	0	0	0	0	0.0304104703549698	0.126762748025608	0	0	0	0	0	0	0	0	0	0	0	0	0	0	0	0	0	0	0	0	0	0	0	0	0	0	0	0	0	0	0	0	0
ERR12405954	0.188664883679548	0.115198048986435	0.0471822763059442	0.0360068030868441	0.0256522814804144	0	0.0645259397027554	0.0309164106248757	0.0211319471102707	0.0191290080549424	0.0213667324491201	0	0	0	0	0	0	0	0	0	0	0	0	0	0	0	0	0	0	0.0227548982565609	0	0	0	0	0	0	0	0	0	0	0	0	0	0.0211847252292403	0.0243469460401094	0	0	0	0	0	0	0.0138145229685862	0	0	0	0	0	0	0.00554052327591591	0	0	0.0089095390049348	0	0	0	0	0	0	0	0	0	0.00490656012635221	0	0.0114161582811254	0	0	0	0	0.0798457767006119	0	0	0	0	0	0	0	0	0	0.0054354592149826	0	0	0	0	0	0	0	0	0.00888545274789716	0	0.00258333682926322	0.00933314221619893	0	0.00391646524388485	0	0	0	0	0	0	0	0	0	0	0	0.0104942240581524	0.00310657866340111	0	0	0	0.00292465074173136	0	0	0.0081102539547916	0.00821082375682951	0	0	0	0	0	0	0	0.00415666413091365	0	0.00679319212994372	0.00295719636487834	0	0	0	0	0	0	0	0.00833188682194957	0	0	0	0	0.00806613764451851	0	0	0	0	0	0	0	0.00531245529723906	0	0.00576329241422532	0	0	0.00727620011950711	0.00639942612210336	0	0.00668649332319052	0	0.00748280819744881	0.0064580051468498	0.0149783574082067	0	0	0	0	0	0	0.00586576140297337	0	0.00636538712074229	0.00614922367376425	0	0	0.00638257016472952	0	0	0.00585245419775867	0.00557583844393635	0	0	0.0045381267329048	0	0	0.00564330817235988	0	0	0	0.00540719805338427	0	0	0	0	0.00278401840062892	0	0	0	0	0	0	0	0	0	0	0	0	0	0	0.0028932786944725	0.00416200370099417	0	0	0	0	0	0	0	0	0	0	0	0	0.00603462357535587	0	0.00532515553980087	0.00547347921873928	0.00539108899476022	0	0	0
ERR12405955	0.0322108415374518	0.0402236027488039	0.0509930322354434	0.0340241567887279	0.0365156432631585	0.0622265203365776	0	0.0354319546935114	0.0291018042655466	0.0305002335977032	0.0287893375059481	0	0.0507062296373589	0	0	0	0.0268841709668241	0.0177359581205209	0	0	0	0.043884550233155	0	0.0134863794791053	0.013827090252053	0.00954359478960988	0	0.0129367487730209	0.0201619008220481	0	0	0	0	0.0129486745268447	0	0	0	0	0	0	0	0	0	0	0	0	0	0	0	0	0	0	0	0	0	0	0	0	0	0	0	0	0	0	0	0	0	0	0	0	0	0	0	0	0.0135534798465503	0.0149144174422021	0	0	0	0.012856227309416	0	0.0129079083165619	0	0	0.0137534476255932	0.0121572381385745	0.0121125130768574	0	0.0158764800251945	0	0.012363999445904	0	0	0	0	0	0	0	0	0	0	0	0	0	0	0	0	0	0	0.00888240756314948	0	0	0	0	0	0	0	0.0216788804813796	0	0	0	0	0	0	0	0	0	0.0197670752522452	0	0	0	0	0	0	0	0	0	0	0.0157042099309692	0.0123413196048799	0.0291624198717745	0	0	0	0	0	0	0	0.0231017092409432	0	0	0	0	0	0	0	0	0	0	0	0	0	0	0	0	0	0	0	0	0	0	0	0	0	0	0	0	0	0.0210077441883081	0	0	0	0	0	0	0	0	0	0	0	0	0	0.0212493968965253	0.0216394897299683	0	0	0	0	0.0216394660038089	0	0	0	0	0.0144750907334319	0	0	0	0	0	0	0	0	0.0150645046767224	0	0	0	0	0	0	0	0	0	0	0	0	0	0	0	0	0	0	0	0	0.0170175837179406	0.0146405663076863	0
ERR12405956	0.13357854067502	0.0775793662886964	0	0	0	0	0	0	0	0	0	0	0	0	0	0	0	0	0	0	0	0	0	0	0	0	0.0564268599047779	0	0	0	0	0	0	0	0	0	0	0	0	0	0	0.0292485207234359	0	0.0390538921728822	0	0.0570774202592626	0	0	0	0	0	0.0868640819707389	0	0	0.0452794655238526	0	0	0	0	0	0	0.0192286234144209	0.00098713957524586	0	0	0.0744300348541084	0.0501619067351346	0	0	0.0477281066768203	0	0	0	0.0231641374604112	0	0	0.0556063216997901	0.0489835476503467	0	0	0	0	0	0	0	0	0	0	0	0	0	0	0	0	0.0118606268683628	0	0	0	0	0	0.0185233645925003	0	0.00983775517811505	0	0	0	0	0.0118509596124335	0	0	0.0127577678206065	0	0	0	0	0.0077575792255495	0	0	0	0.00730974003258406	0	0	0	0	0	0	0	0	0	0	0	0	0	0.0163996788234479	0	0.00100907378989438	0	0	0	0	0	0	0	0	0	0	0	0	0	0	0	0	0	0	0	0.013145158493543	0	0	0	0	0	0	0	0	0	0	0	0	0	0	0	0	0	0	0	0	0	0	0	0	0	0	0	0	0	0	0	0.0109300282223586	0.0204861336858934	0	0	0	0	0	0	0	0	0	0	0	0	0	0.011384259815498	0	0	0	0	0	0	0.00134990825426821	0	0	0	0	0	0	0	0	0	0	0	0	0	0	0	0	0	0	0	0	0	0	0	0	0	0
ERR12405957	0	0	0.0683880314349717	0.0693736969225312	0.0702496138330517	0.0269859468664306	0	0.0767411009868166	0.0547984941206761	0.0675481488727888	0.0472415088624893	0.0334997375365798	0.0253208548480487	0	0	0.0294638029299006	0.0392588252724892	0	0	0	0	0	0	0	0	0	0.0400066111396016	0.02481376828018	0.033077419558597	0	0	0	0	0	0	0	0	0	0	0	0	0	0	0	0.0121211049582636	0	0.00631169318990949	0	0.055822284189219	0	0	0.00643212238273515	0	0.0053185637961136	0	0	0.00917394795231082	0.0198155524661991	0.00534024896183125	0.00277852540895001	0	0	0.00110350203473281	0	0.00126632886432706	0	0	0	0	0.00999207456967786	0	0	0.00709220301040694	0	0.00208921547306782	0.00193222496822885	0	0	0	0.0018470630890254	0.0194684414419505	0.00173406414455938	0	0.00193203276124572	0.00184163665156339	0.00186993151535478	0.00190881789856451	0	0.00270847314545208	0	0.00172706588737745	0.0125597131815259	0.00163171329830217	0	0	0	0.00210518111742951	0	0	0	0	0.0137184642817526	0	0	0	0	0	0	0	0	0	0	0	0	0.00313842001103543	0	0	0	0	0	0	0	0	0	0	0	0	0	0	0	0	0.0183638101298599	0	0	0.00143740046768493	0	0	0.0140076062585496	0	0	0	0	0.00254098896651382	0	0	0	0	0.00218866918541866	0	0	0	0	0	0	0	0	0	0	0	0	0.00205300200666028	0	0	0	0	0	0	0	0	0	0	0	0	0	0	0	0	0	0	0	0	0	0	0	0	0	0	0	0	0	0	0	0	0	0	0.00281315490473353	0.00192316282932963	0	0	0	0	0	0.00144276537104118	0	0	0	0	0	0	0	0	0	0	0	0	0	0	0	0	0	0	0	0	0.03033528629605	0	0	0.00134598146789335	0	0	0	0	0	0	0	0	0
ERR12405958	0	0	0	0	0	0	0	0	0	0	0	0.228007290890488	0	0	0	0.122545672436874	0	0	0	0	0	0	0	0	0	0	0	0	0	0	0	0	0	0	0	0	0	0	0	0.0629713047565797	0	0	0	0	0	0	0	0	0	0	0	0	0	0	0	0	0	0	0	0	0	0	0.00706175643121133	0	0.00220760719364362	0	0	0	0	0	0.0162087922084166	0	0	0	0	0	0	0	0	0	0	0	0	0	0	0	0	0	0	0	0	0	0	0	0	0	0	0	0	0.01681643451539	0	0	0.0176255132760052	0	0	0	0	0	0	0	0	0	0	0.0144533706058817	0	0.0139441140207847	0	0	0	0.0128761554296747	0	0	0	0	0	0	0	0	0	0	0	0	0	0.00480495471322565	0	0.0838870993241358	0	0	0	0	0	0	0	0	0.0110371821090636	0	0	0	0	0	0	0	0	0	0	0.00418998487774162	0	0	0	0	0	0	0	0	0	0	0	0	0	0	0	0	0	0	0	0	0	0	0	0	0	0	0	0	0	0	0	0.00362600410683593	0	0	0	0	0	0	0	0	0	0	0	0	0	0	0	0	0	0	0	0	0	0.0170315278817029	0	0	0	0	0	0	0	0.0027314434764216	0	0	0	0.357973791745924	0	0	0	0	0	0	0	0	0	0	0	0	0	0
ERR12405959	0.0830068862373839	0.0554650963655004	0.0330339915356838	0.0261000605755247	0.0241502978280677	0.0198342453798961	0.0329965814748557	0.0235480493633973	0.0224518276033628	0.0212926884343448	0.0211144465758567	0	0.0178692900949838	0	0	0	0.0103492344983235	0	0	0.0533346815795274	0	0.0419737435318647	0	0	0	0	0	0.0367067502195778	0.00597171799328914	0	0	0	0	0	0.00715810515355809	0	0	0	0.0225956599589091	0	0	0	0.0171124091330655	0.00724614977212083	0.0133723482154101	0	0.0129795047231797	0	0.0908862888222874	0	0	0.00361662970945034	0	0.0112369934214469	0	0	0	0.0271192181083898	0.0050039591766293	0	0	0	0	0	0	0	0.00518987370340564	0	0.0200574767002841	0	0	0.0124975887109506	0	0	0.0041645107254757	0.0038223927798806	0	0	0.00826551411665121	0.00357673956963712	0.00567724980420064	0.00348482662447976	0	0.00371004096377544	0.00353008060505105	0.00348785821436322	0.0035664702233377	0	0.00539628856740672	0	0.00340852772585077	0	0.0032119314222994	0	0	0	0	0	0	0.00389170981006461	0	0.0229304589503821	0	0	0	0	0	0	0.0101007295697855	0	0	0.0287591528715624	0	0.00351940646456197	0	0	0	0	0	0	0	0	0	0	0	0	0	0	0	0	0	0	0	0	0	0	0	0	0	0	0	0	0	0	0	0	0	0	0	0.0134818547193738	0	0	0.0142940767187888	0	0	0	0	0	0.0121486678394566	0	0	0	0	0	0	0	0	0	0	0	0.00586371749993892	0	0	0	0	0	0	0	0	0	0	0.00536032522387119	0	0	0	0	0	0	0	0	0	0	0	0	0	0	0.00550787441627645	0.00229766133822546	0	0.0030537790314957	0	0	0	0	0	0.00343856854076065	0.00313507796887177	0	0	0	0	0.00310285736119771	0	0.00313273461833702	0.0023803473141714	0	0	0	0.00199057371614275	0	0	0	0	0	0	0	0.00340805565392391	0.00517571855861129	0	0	0	0	0	0	0.00245242587126318	0
ERR12405960	0	0	0.0554136633752049	0.0331162544386824	0.0294863495440303	0.0534332374213553	0.00572976692461516	0.0273671929422714	0.0274854202262677	0.0243806186674053	0.028782874670872	0.0584907166514654	0.0290720015642011	0.019009546687264	0.0115952983760467	0.0301348125197216	0	0	0	0	0.0148315391554844	0	0.0312332025744723	0	0	0.00396912849832367	0	0.0330614690908078	0.0313468027094472	0	0.00313868948038657	0.00341407249725279	0	0	0	0	0	0.00314848696177737	0	0	0	0.0076012604077706	0	0	0	0	0	0	0	0	0	0	0	0	0	0	0.00851615628794499	0	0.00380461445726822	0	0	0.00538210451230431	0.00250303164498826	0	0	0	0	0	0	0	0	0.00642190020417082	0.00911023505230941	0	0	0	0	0	0.0038859221279951	0	0	0	0	0	0	0	0	0.00753633658780367	0	0	0	0.0125433543362457	0	0	0.004719200202983	0	0	0.0127183840577745	0.00245033086345685	0	0	0	0	0	0.00551645928420229	0.00242321394829251	0.00281125393621058	0	0.0065291206179093	0.00691640851152781	0	0	0	0	0	0	0	0.00689378137174732	0	0	0	0.00384041938532754	0.00656040720384921	0	0.00516875634226989	0	0.00536917279289175	0.00444781845500905	0.00823458049349677	0	0	0	0	0	0.00916685975973862	0.00981227549231465	0	0.00350101687345411	0.00383266934575607	0	0.00492324491361224	0	0	0	0	0	0	0	0.0229795230237403	0	0	0	0	0	0	0	0	0	0	0	0	0	0	0	0	0	0	0	0	0	0	0	0	0	0	0	0	0	0.00444762400355588	0	0	0	0	0	0	0	0	0	0.00584555939545583	0	0	0	0.00424030539319868	0.00431168655520473	0	0	0	0	0.00461030823272029	0	0	0	0	0	0	0	0	0.00210519026039965	0	0	0	0	0	0	0	0.00362185314309808	0	0	0	0	0.148842497983628	0	0	0.0230517889750372	0.0235128647660936	0	0	0	0.00323514127754142	0.00307080986176239	0	0	0	0.00534341268058398	0	0
ERR12405961	0.0256715516602401	0.0299035020668247	0.045415322066232	0.0348023108408682	0.0292184831446301	0.0421169641365881	0.0126297648666003	0.0315347458568194	0.0234244943336636	0.0237326176924322	0.0240249244411485	0.00843662340001611	0.0386856195907902	0.0204859232101602	0.0314860275282325	0.0110444808518723	0.0235347217256005	0	0	0	0.0238119044878289	0	0.0264820985934979	0	0	0	0	0.0455249193833363	0.0231871506707726	0	0	0	0	0.0223408351689804	0	0	0	0	0	0	0	0	0	0	0.0175348076319567	0	0	0	0	0	0	0	0	0.0083652235980168	0.01114869531544	0	0.0696537229461255	0	0	0	0	0	0	0	0	0	0	0	0	0	0	0.00746326093234927	0.0600580742199858	0	0	0	0	0	0	0	0.00968678930185611	0	0	0	0	0	0	0	0.00875215025590885	0	0	0	0	0	0.0073859873814834	0	0	0	0	0.0108570793382954	0	0	0	0.00538421695814921	0	0	0.00530720310739203	0.00734571466143389	0	0	0	0	0	0.00876724999235621	0	0	0.0050395039931414	0.0104801542643344	0	0	0.00676900055758441	0.00489920571925037	0	0.00466323729074365	0	0	0	0.00941165414173567	0	0	0.00581045946082621	0	0.00563108485917289	0	0	0	0	0	0.00821173213459141	0	0	0	0	0	0.00711568672205498	0	0	0	0	0	0	0	0	0	0	0	0	0	0	0	0	0.00471294455449755	0	0.00482508168590521	0	0.00515510265035512	0	0.00487509394917877	0	0	0	0	0	0	0	0	0.00473502920517497	0	0	0	0	0	0	0	0	0	0	0	0	0.0071394137563545	0	0	0	0	0	0	0	0	0	0	0	0	0.0303333761669244	0	0	0	0.00482621600096054	0	0	0	0	0.0051979493213506	0	0	0	0.00753947827314485	0	0	0	0	0	0	0	0	0	0	0.00355207461865643	0	0	0.0138713593161774	0	0	0	0	0	0
ERR12405962	0	0	0.0302646364976648	0.0247374196925781	0.0212233084679324	0.0235498379980604	0.0191559179454943	0.0213879093556929	0.0178692671720516	0.0189899790380974	0.0175492986537975	0.0120720028022205	0.0210856650768722	0	0	0.0100727087042705	0	0.0134228757440622	0	0.00809407519356401	0	0	0.129315915148538	0.00964599760290593	0.0100143303576808	0.00210751273905245	0	0.00866937961747081	0	0	0	0	0.00903551626076672	0.0558434268285666	0	0	0	0	0	0	0	0	0	0.0253791337465987	0.0121886242486453	0	0	0	0.00230792150111916	0	0	0.00364402393632203	0	0	0	0	0	0	0.0139480968740006	0	0	0.014351196153447	0	0	0.00305909609423891	0.00524535124957949	0	0	0	0	0	0.00540155541718639	0	0.0136302445620221	0.00681029037441609	0.00585035095615756	0	0	0	0.00640034294001681	0	0.00594686040188634	0	0.00584705586735695	0.00538855484715773	0.00569173326295136	0.00557163208017094	0.00649854953554036	0.00581353050854995	0	0.00551201915585708	0	0.00498925349701405	0	0.00843328175040552	0.00528162967341339	0.00544692078847679	0	0	0.00438234673534568	0.012367271657583	0	0.00243872668546955	0.00492865354031631	0.00449664311172327	0	0.00451157149224942	0.00752561663089642	0	0.00393578699243158	0.00886161487434232	0	0.0064519126169225	0.0048560758649325	0	0	0.00473142243868241	0.00662413367640327	0.00429460818550835	0	0.00589810862092127	0.00464856944616865	0	0.0040652980441941	0.0045452129027897	0.00426234052786023	0.00319044379050194	0.00587703739319206	0	0	0.00501724952578766	0	0	0	0.00688506717437436	0	0	0	0.0070757743067962	0.003894677641743	0.00779391000168926	0	0	0	0	0	0	0	0	0	0	0	0	0	0	0	0	0	0	0.00395637605141879	0	0	0	0	0.0142479761041018	0	0	0	0	0	0	0	0.00356541440094384	0	0	0	0	0	0	0	0	0	0.00408044568914444	0	0	0	0	0	0	0.00923397044742026	0	0	0	0	0	0	0	0	0	0	0	0	0.0319355062966423	0	0	0	0	0	0	0	0	0	0	0	0	0	0	0	0	0	0.0604848997830262	0	0	0	0	0	0.0030404325340003	0.0491919855612383	0	0.00395868893336843	0	0	0	0	0	0
ERR12405963	0.0538335887934699	0.0425971851120465	0.0415357544927664	0.0314469211520171	0.0298811454189274	0.0842113840102154	0.0137782578993322	0.0252173617492033	0.0279314941799083	0.0245108194726271	0.0288073131096251	0.0157575513044077	0.0517229355417195	0	0	0.0128111091600017	0.016471088567515	0.00528113194471876	0	0	0	0	0	0.00435322556502338	0.00387409661253906	0	0	0.0402359003292688	0.0259861118618271	0	0	0	0	0	0	0	0	0	0.0180579206607473	0	0	0	0	0.0147839961354368	0	0	0.0184092048664427	0	0.00719629459129486	0	0	0	0	0.0170068472970487	0	0	0.0100783242752116	0.00644669226759874	0.00156220034907592	0	0	0.00653988075794729	0	0	0	0	0	0	0	0	0	0.0154542115279404	0.00779023838506898	0.00760531683219929	0	0	0	0	0.00670717229601717	0	0	0	0	0	0	0	0	0.00192011795424777	0.00446297951849887	0	0	0.00986248990112921	0	0	0	0	0	0	0.0134065389319881	0.00324887366305213	0.00714590525204768	0.00539081076818182	0	0	0	0.0126813856389099	0	0	0	0.00188491948104213	0	0.0119633685750758	0	0.00287365128808546	0	0	0	0.00321126158024123	0	0	0	0	0	0	0	0	0	0.00348444645113912	0.00173241188250745	0.00700452400385203	0	0.00776091444665604	0	0.00338636493776542	0.00243583997949563	0	0.00666037550796074	0	0.0025924665173056	0	0	0	0	0.00558899834426405	0	0.00501748156134131	0.00569217538568631	0	0.00534517285315367	0.00356031061582602	0.00488321206593553	0.0049927025312041	0	0	0.00450417355974055	0.00267677820555546	0.00584753013230534	0	0.00275683437544035	0	0	0	0.00628091751206842	0	0.00277226129013425	0	0	0	0.0050711918041539	0.00394662962793844	0	0	0	0.00570528809509774	0	0.00526229671126567	0	0	0.00598054667688063	0.00724479586732418	0	0.0039466088379578	0	0	0	0.00374549697929724	0	0.00227316684686656	0	0.00246014313890295	0	0	0.00540394726138956	0.00555898588735519	0	0.00251380133934836	0.0037006076499586	0	0.00548434686669013	0	0	0	0	0.00596067849157855	0	0	0	0	0	0	0	0	0.00627107285036868	0.00210264148478658	0	0	0	0	0	0	0	0	0	0	0	0.00207896982102619	0.00870552642787035	0.0125917095516646	0	0	0	0	0	0.00308067655125105	0	0
ERR12405964	0.358824724545278	0.223101200355202	0.0275222814246319	0.0118493716860113	0.0140529175814366	0.0250338031466281	0	0	0.00978128847324629	0	0	0	0.0209861381188551	0	0	0	0.0194880149592846	0	0	0	0	0	0	0	0	0	0	0	0	0	0	0	0	0.00362555542126042	0	0	0	0	0.0884225825344648	0.057528890723151	0.0151415182724582	0	0	0	0	0	0	0	0	0	0	0	0	0	0	0	0	0	0.00279987851785257	0	0	0	0	0	0.00255014876826212	0	0	0	0	0	0.0381019593596668	0	0	0	0	0	0	0	0	0	0	0	0	0	0	0	0	0	0	0	0	0	0	0.0158370228744457	0	0	0	0	0	0	0	0	0	0	0	0	0	0	0	0	0	0	0	0	0	0	0	0	0	0	0	0	0	0	0	0	0	0	0	0	0	0	0	0	0	0	0	0.00993688856549469	0	0	0	0	0	0	0	0	0	0	0	0	0	0	0	0	0	0	0	0	0	0	0	0	0	0	0.00994902194160603	0	0	0	0	0	0	0	0	0	0	0	0	0	0	0	0	0	0	0	0	0	0	0	0	0	0	0	0	0	0	0	0	0	0	0	0	0	0	0	0.0362680602217045	0	0	0	0	0	0	0	0	0	0	0	0	0	0	0	0	0	0	0	0	0	0	0	0	0	0	0	0	0.00919873250905917	0	0
ERR12405965	0.0676728358321773	0.0486585569778486	0.0172790817659399	0.0101291339138173	0.00941995070435169	0.00549154232024729	0.0251662512712193	0.00863609463075748	0.00815303469348577	0.00661726451385246	0.00963386101864081	0.0111213467906315	0.0133387173423527	0	0	0.0127785120746034	0.0163986820979262	0	0.0138874714382413	0	0	0.00513549822700489	0	0	0	0	0	0.0280094155554964	0.00527630261471982	0.042600626347298	0	0	0	0	0	0	0	0	0	0.00620465837191385	0.00905867664141829	0	0	0	0.0147777335236761	0	0	0	0.0140178323328371	0	0	0.00714675094988295	0	0	0	0	0	0.0063926798228735	0	0	0	0.00676060217952875	0	0	0.00439775164276955	0	0	0	0	0	0.00463351019966902	0	0	0.00818462943133647	0	0	0	0	0	0	0.0147580600863369	0	0	0	0	0	0	0	0.0131446741417856	0	0	0	0	0	0.012094423503582	0	0	0	0.214763102266831	0	0	0	0	0	0	0.20637769457833	0	0.00877303225734498	0	0	0	0	0	0	0	0	0	0	0	0	0	0	0	0	0	0	0	0	0	0	0	0	0.00809444948661381	0.00613213100367749	0	0	0	0.00692995133617527	0	0	0	0	0	0	0	0	0	0	0	0	0	0	0.00580863827378005	0	0	0.00500168981623212	0	0	0	0	0	0	0	0	0.00366215985223272	0	0	0	0	0	0.00728306029390741	0	0	0	0	0	0	0	0	0	0	0	0	0	0	0	0	0.004132282425478	0	0	0	0	0	0	0	0	0	0	0	0	0	0	0	0	0	0	0	0	0	0	0	0	0	0	0	0.0047164342365846	0	0	0	0	0	0	0	0.0313492112145903	0	0	0	0	0	0	0	0	0	0	0	0
ERR12405966	0	0	0	0	0	0	0	0	0	0	0	0	0	0	0	0	0	0	0.032304345694202	0	0	0	0	0	0	0.107505683096201	0	0	0	0	0.0881272473122315	0.0910267985692738	0	0	0	0	0	0.0834070747673968	0	0	0.0184031217727939	0	0	0	0	0	0	0	0	0	0	0	0	0	0	0	0	0	0.187163197558891	0	0.0101437196064998	0	0.0406752212123791	0	0.0924738106431728	0	0	0	0	0	0	0	0	0	0	0	0	0	0	0	0	0	0.0152967458521479	0	0	0	0	0.00308530752151432	0	0	0	0	0	0	0	0	0	0	0	0	0	0	0.0328457295529996	0	0	0	0	0	0	0	0	0	0	0	0.021262363200498	0.0273240635939025	0	0	0	0.0260928431019481	0	0	0	0	0	0	0	0	0	0	0	0	0	0	0	0	0.00822588859021829	0	0	0	0	0	0.0156881344147713	0	0	0.00807608815012245	0.00710315278360822	0.0175677716917874	0	0	0.00897189548708816	0	0	0	0.00699314450662524	0	0	0	0	0	0.0174136264912496	0	0	0	0	0	0	0	0	0	0	0	0	0	0	0	0	0	0	0	0	0	0	0	0	0	0	0	0	0	0	0	0	0	0	0	0	0	0	0.0102177595475032	0	0	0	0	0	0	0	0	0	0.00592768532088796	0	0	0	0	0	0	0	0	0.0166775799600858	0	0	0	0	0	0	0	0	0	0	0	0	0	0	0	0	0
ERR12405967	0	0	0	0	0	0.0435404634569239	0.00640112925858799	0	0	0	0	0.00591293439775164	0.0315003355835148	0	0	0.00367225326558744	0.0162422791679585	0	0	0.0185019111479664	0	0.0544439322935681	0	0	0	0	0.00627936120120423	0.0256846804490199	0.00535322461200238	0.00933168913149047	0	0	0	0	0.00173340078057933	0	0.0324407681558863	0	0	0	0	0	0	0	0	0	0.0104535545730856	0.0267798213024367	0.0456719036289107	0	0.0257953250415033	0	0.0282832217417392	0.00940935334288275	0.00222523663509487	0.024691126204226	0	0.0134104567920166	0.00334051764916261	0	0	0.0151241888715235	0	0	0.00132493117109897	0	0	0	0.0918314313143857	0	0	0	0	0.007982947908045	0.0105115323265146	0.00924931347659565	0	0	0	0.00885726743218466	0	0.00886002091878149	0	0.0091842725145857	0.00909404462905525	0.00988577107698981	0.00931452543037208	0	0.00440939001034355	0	0.00885523915432881	0	0.00815959992115503	0	0.0134842295066614	0.0076915536451062	0.00821806817572561	0	0	0.00372841313601253	0	0.0111419349875859	0	0	0	0	0	0.00952172244475449	0	0	0.00798982031217342	0	0.00732544234030156	0.00349601903884514	0	0	0	0.0015603810934494	0	0	0	0	0	0	0	0	0	0	0	0	0	0.0237070866582183	0.00855448336961563	0	0	0	0	0	0	0	0	0	0	0	0.00304647011162916	0	0	0	0	0	0	0	0.0135548830445127	0.0084939954843254	0	0	0	0	0	0	0	0	0	0	0.00259042635657659	0	0	0	0	0	0.0199453160352451	0	0	0	0	0	0	0	0	0	0	0.00377055524591998	0	0	0	0	0	0	0	0	0	0	0	0	0	0	0	0.00357030163242986	0	0	0	0	0	0.00549424197524311	0	0.003483891490223	0	0.00433806547272837	0.00305697376537513	0	0	0	0.00989060002635596	0	0	0	0	0.00325717566098484	0	0.00240211388581697	0.137080822777037	0	0	0.00296681059114775	0	0	0.00289484576694024	0	0	0	0	0	0	0	0	0
ERR12405968	0.100326777737426	0.0630751994125845	0.100053316912755	0.0692198102921205	0.0642791356645325	0	0.0158795208107498	0.051690343852324	0.0602216030812121	0.0527098050236617	0.0595584388500702	0	0	0	0	0	0	0	0	0.0319741966670329	0	0	0	0	0	0	0	0.0327845814402336	0	0	0	0	0	0.0767869043858997	0.00707065076178172	0.00336615106528164	0	0	0.0296505421148357	0.0025746445543654	0	0	0.00656028939975829	0.00612865432569959	0	0.00626855836006843	0	0	0	0	0	0	0	0	0	0	0.00841953539017293	0	0.00433195519632915	0.00606553244290741	0	0	0	0	0	0	0	0	0	0	0	0.0080417233140566	0.00635283998806777	0	0	0	0	0	0	0	0	0	0	0	0	0	0	0.00709601477296192	0.00751371819940327	0	0	0.00787058154140957	0	0	0	0	0	0.0158832572777227	0	0	0	0	0	0	0.0050555779958298	0	0	0	0	0	0	0	0	0	0.0117287390035149	0	0	0	0	0	0	0	0.0112820343914854	0	0.00471464222041184	0	0	0	0	0	0	0.00210834252439669	0	0	0	0	0	0	0	0	0	0	0.00904299436028765	0	0	0	0	0.00993961742104122	0	0	0	0	0	0	0	0	0	0	0	0	0.0085951755083891	0	0	0	0	0	0	0	0	0	0	0	0	0	0	0	0	0	0	0	0	0	0	0	0	0	0	0	0	0.00189558007317137	0	0.00276835333672187	0	0	0	0	0.00224430063986132	0	0	0	0.00493272693391269	0.0027815397409166	0	0	0	0	0	0	0	0	0	0	0	0	0.00216220432035207	0	0	0	0	0	0	0	0	0	0	0	0	0.00623043360874437	0.00276345508553915	0	0	0	0	0	0	0
ERR12405969	0.0463410609591782	0.0380502204246891	0.0222846079537872	0.00878072178852369	0.0076849534516593	0	0.111381535531242	0	0.0079842850648974	0	0.00788027234092253	0.0108775375436613	0	0	0	0.0153432238285082	0.03242330170042	0	0.00517049620340208	0	0	0	0	0	0	0	0	0.0083416739646048	0.0125791790018402	0.0583053234603132	0	0	0	0	0.0118782451463625	0	0	0	0	0	0	0	0.0163523730028851	0.132243619370127	0.0255749688977148	0	0	0	0.0215750457585161	0	0	0.0141755817340793	0	0	0	0	0	0.0199064761695716	0	0.0112058174877662	0	0.0476278941328973	0.00525727943922458	0	0.0147013084839859	0	0	0	0	0	0	0.00487841194261932	0	0.0503066886323856	0	0	0	0	0	0	0.0350867136394533	0	0	0	0	0	0	0	0	0	0	0.00545734004565141	0	0	0	0	0	0.0251748876476003	0	0.00508530259814353	0.0497557619539058	0.0111971459302281	0.00466653352984446	0	0	0	0	0	0	0	0.0341960354144236	0	0	0.00433878057646852	0	0.00552536513237623	0	0	0	0.00455196298183488	0	0.0045050034862204	0.0272485865747883	0	0	0	0	0	0	0	0	0	0	0	0	0	0	0	0	0	0	0	0	0	0	0	0	0	0	0	0	0	0	0	0	0	0	0	0	0	0	0	0	0	0	0	0	0	0	0	0	0.00368833178669184	0	0	0	0	0	0	0	0	0	0	0	0	0	0	0	0	0	0	0	0	0	0	0	0	0	0	0	0	0	0	0	0	0	0	0	0	0	0.00708109095390939	0	0	0	0	0	0	0.0033290543326753	0	0	0	0	0	0	0	0	0	0	0	0	0	0	0	0	0	0	0
ERR12405970	0	0	0.0697066290390404	0.0509666014371172	0.0486500814304114	0	0	0.0400999594565529	0.0463570984146614	0.0404007751373971	0.0460093412111204	0	0	0.0341234695762354	0.0831681282997481	0	0	0	0	0	0.0324270064663929	0	0.0267371385693412	0	0	0	0	0	0	0	0	0	0	0	0	0.00673292467905269	0	0	0	0	0	0.0716511222970958	0	0	0	0	0	0	0.0164979249960329	0	0	0	0	0	0	0	0	0	0.00841668901398163	0	0	0	0.0019952102628668	0	0	0	0	0	0	0	0	0	0	0	0	0	0	0	0	0	0	0	0	0	0	0	0	0.00280458186160688	0	0	0	0	0	0	0	0	0.00902871481971238	0.0271971724847712	0	0	0	0	0.0021190873628552	0.00961823177510335	0	0	0.00985424730739707	0	0	0	0	0	0	0	0.00496044821377739	0	0.0100468614258606	0	0.00884254181717528	0	0.00844195287205829	0.00918111692373673	0.0206449290551337	0.00904196079825162	0	0.00850470849168906	0	0	0	0.00622604805806932	0.00805881134182316	0.0668766736025294	0	0.00392725622237889	0	0	0	0	0	0	0	0	0.00349331142986341	0.00508475909740451	0	0	0	0.00354141608437884	0.0117076586483243	0	0	0	0	0	0	0.00359867726948749	0	0	0	0.00691268731132529	0.00322620300400259	0	0	0	0	0	0	0	0	0	0	0.0028407073399358	0.00698871870801368	0	0	0	0	0	0.0132361136284051	0	0	0	0	0	0	0	0	0.00263594276572267	0	0	0	0	0.0121291034166597	0.0127116981035962	0	0	0	0	0.0120789012182246	0	0	0	0	0	0	0	0	0.00284248006482754	0	0	0	0	0	0	0	0	0.00796772629967854	0	0	0	0	0	0	0	0	0	0	0	0.011006897673219	0	0.00983183631716098	0.00924555031782144	0.00960416658097051	0	0	0
ERR12405971	0	0	0.0424419478932599	0.0383281076277004	0.0351555333129737	0.042305671309264	0	0.0321345696868857	0.0285780463329897	0.031558899386089	0.0281501852626638	0.0450553502969148	0.0280321070817162	0.0127324310946784	0.00405089864011293	0.0287766545198267	0.0257210290592433	0	0	0	0	0.0104059967378876	0.0107974281819334	0	0	0.00196203149209033	0.0291851283003289	0.00688423296556709	0.0170695980408731	0.00356085586715536	0	0	0	0	0	0	0	0	0	0	0	0.0205520356034054	0	0	0.00276855643486621	0.0151065701635423	0.0104258773179148	0	0	0	0	0.00287733623273644	0	0.0105037136849896	0.0240210412989622	0	0	0	0	0	0	0.00445059017170063	0	0.0275567193250895	0	0.0122388212394338	0.0138599591335767	0.0217777517423905	0	0.0138435960387162	0	0.00431266674140067	0	0.00477468073397029	0	0	0.0133691575696075	0.0144551419757075	0.0218504623191211	0	0	0	0	0	0	0	0	0.00259330049848434	0	0	0	0	0	0	0.00680809798910066	0	0	0	0	0	0	0	0	0	0	0	0	0.00579573934865218	0	0	0.00494928738640422	0	0	0	0	0	0	0	0	0	0	0	0	0	0	0	0	0	0	0	0	0	0.00566536040023111	0.00456682948994495	0.00286899755918227	0	0.00349050983930419	0.0213498859725164	0	0	0	0	0	0	0	0.003001987132006	0.00325234558845583	0	0	0.00525632055539656	0.00308814841079853	0.0032856022152052	0	0.00538937054565749	0.0028325031068142	0.00345667207684603	0.00304388749859516	0.0113293501342713	0.00461404948171791	0	0	0.0108577173721884	0	0.0115006693074557	0	0.0119216226279378	0.0105439477757061	0.0114107893506274	0	0	0	0	0	0	0.0103918316846836	0	0.0106946035827686	0.0105756303223369	0	0	0.0110046032514906	0	0	0.00986339452812238	0.00988691823529651	0	0	0.00288485944618974	0	0.00420494666003347	0.0108252562302664	0	0	0	0.00918679472875559	0	0	0	0	0	0	0	0	0	0	0	0	0	0	0	0	0	0	0	0	0	0	0	0	0	0	0	0	0	0	0.00357922767874307	0.00239756117052775	0	0	0	0	0	0	0	0	0
ERR12405972	0.0201635358358662	0.0439081563227637	0.0172850612051467	0.0134874283373677	0.00912433905532067	0	0.0309143873145155	0	0.0123663799033544	0	0.00849394045516963	0.130670931805233	0	0	0	0.0771613989798362	0.0164028354504692	0	0	0	0	0	0	0	0	0	0	0.0275613814434844	0.0515045705621097	0.0116441674385515	0	0	0	0	0	0	0	0	0	0	0	0	0	0	0	0	0	0	0.00842481331967954	0	0	0	0	0	0.0443388797182095	0	0	0.0082124332611489	0.00918134915963409	0	0	0	0	0.0173332795692144	0	0	0	0.0180850054460798	0	0	0	0.0250748369078988	0	0	0	0	0	0	0.0541079998218872	0	0	0	0	0	0	0	0	0	0	0	0	0.0257718082394429	0	0	0.00777273547720831	0	0	0	0.0877314200155232	0	0	0.00606522869246912	0	0	0	0.081250397422769	0	0.00633386397972664	0	0.00477281630074228	0	0.00318433512475102	0	0	0	0	0	0.00426993393464915	0	0	0	0	0	0	0	0	0.00393954734450444	0.00358361696963156	0	0.0224791228576605	0	0.0129635701365506	0	0	0.00367323548891153	0	0	0	0	0	0	0	0	0.018030373127342	0	0	0	0	0	0	0	0	0	0	0	0	0	0	0	0	0	0	0	0	0	0	0	0	0	0	0	0	0	0	0	0	0	0	0	0	0	0	0	0	0	0	0	0	0.0206542484085748	0.00389085058741184	0	0	0	0	0	0	0	0	0	0	0.00677308736090972	0	0	0	0	0	0.00428848290576137	0	0	0	0	0.003493621485409	0	0	0	0	0.00694700599130901	0	0	0	0	0	0	0	0	0	0.00668358683580168	0	0	0	0	0	0	0	0	0
ERR12405973	0.0473595374521727	0.0568371615533899	0.0370591412986736	0.0372248599244013	0.0301417610490261	0	0.0193307946723705	0.029005648217051	0.0276471635874791	0.0264538509390053	0.0245298398810733	0.107652638424918	0	0	0	0.0665742120144905	0	0	0.00980083300183076	0	0	0.141527715163672	0	0	0	0.00202819508393509	0	0.038450777924044	0	0.0244686329343166	0	0	0	0	0.0158309838493329	0	0.00927863064397183	0	0	0	0	0	0.0135950991365372	0.00591686227439484	0	0	0	0.00692846368654316	0	0	0.00733948233357335	0	0.00764942198713994	0	0.0184334880204812	0.00717320518322042	0	0	0.00541459915517042	0.0115643478452917	0	0.00494109568723201	0	0.0178817295223854	0	0	0	0.0202570965503115	0	0	0	0.0201109380276778	0	0	0	0	0	0	0	0	0	0	0	0	0	0	0	0	0	0	0	0	0	0	0	0	0	0.0156468709997831	0	0	0	0	0	0	0	0	0	0	0	0	0	0	0	0	0.00244419298641104	0	0	0	0	0	0	0	0.0136778029521964	0	0	0	0	0	0	0	0	0	0	0.00517585590530809	0	0	0.00320749780513437	0	0	0	0	0	0	0	0	0.00299286045307034	0.00295789309233411	0	0	0	0.0029510146079772	0.00300277384615368	0	0	0.00293829905347755	0.0040993542188662	0	0	0	0	0	0	0	0	0	0	0	0	0	0	0	0	0	0	0	0	0	0	0	0	0	0	0	0	0	0.00287873370867559	0	0.00360796775346907	0.00938175199497751	0	0	0	0	0	0	0	0.00477650262439623	0	0	0	0.00210311979573638	0	0.010640395261712	0	0	0	0	0.00242140740274923	0	0	0	0	0	0	0	0	0	0	0	0	0	0	0	0	0	0	0.00668749851245864	0	0	0	0	0	0	0	0	0
ERR12405974	0.0493930018927539	0.0285588384191715	0.0101971103613291	0.00799332566257852	0.00769626015527846	0	0	0.00925437688891603	0.0109322853998994	0.00707980204070106	0.00660322904046164	0	0	0.0112418783164995	0.0185194929288312	0	0.00617880606432809	0.00254472575355274	0	0.022288078716476	0.0126510837823546	0	0.0157080083044806	0	0	0	0	0	0	0	0	0	0	0	0	0	0	0	0.0118380395590964	0	0	0	0.0024708184178462	0	0	0	0	0	0	0	0	0	0	0	0.0106043189348123	0	0.0396395947179629	0	0.00331345392756243	0	0	0.00356859896128527	0	0.0048356089276796	0	0	0	0.00472975158123854	0	0	0	0	0.0315866347572751	0.00449499226006607	0.0031196968707922	0.00316073877420317	0.00319201918975134	0	0	0.00299862945361332	0	0.00289281190295236	0	0.00286740041754717	0.00293890963050765	0.00279726874753218	0.00271973390573155	0.00210458810860702	0.0025266305804795	0	0.00274105694474107	0	0.002623417033705	0	0.00570806230160104	0.0027957975379323	0.00268350880454341	0	0.00514877699985263	0	0	0	0.00183971329729396	0	0	0.00511074929181364	0	0.00459890421186564	0.00863385572696128	0	0.00376685145813308	0	0.00249537963043924	0	0.00648232374950906	0	0	0.00735626582469318	0	0	0	0	0	0	0	0	0	0.007161533400889	0	0	0	0	0.0041998877333179	0	0	0	0.00407366869650272	0.00215960990025061	0.00541983044230966	0	0	0	0.00562079023421786	0	0	0.00344012116838614	0.00354582241093701	0.00520001520342543	0.00749692957956444	0	0.00304288739023987	0.00329503609796805	0	0.00397944357623781	0.00294092453692872	0	0.00359275637599911	0	0	0	0.00462294374270255	0	0.00313790581282581	0	0.00359992552247816	0	0	0	0	0	0	0	0	0.0030325062489374	0	0	0	0	0.00849953992906328	0.00289731741714783	0	0	0	0	0	0	0	0	0.0102936099045548	0.00211183405862957	0	0.00315644888201102	0.008112727834571	0.00816387219566632	0	0.00253937627958347	0	0.00324772403548342	0.00755977473731005	0	0.00326700326909518	0.0028279607254598	0.0110643838386785	0	0.005622104229802	0.00263191437998948	0	0	0.0027624695934914	0	0.00217966853971287	0	0	0	0.00200128231026407	0.00225955462396306	0.00200442350755137	0	0	0	0.36536067241666	0.00194405854752713	0	0	0	0	0	0.00589290374746149	0.00306082431960485	0.00494441413282541	0.00265515503849626	0.00318678217140175	0.00296445509263689	0	0	0
ERR12405975	0	0	0.244603463188405	0.0572042008712916	0.0597494430021392	0	0	0	0.047449669116107	0.0442579052335462	0.0550101887056409	0	0	0	0	0	0	0	0.0142190390060881	0	0	0	0	0	0	0	0	0.0153433094012765	0	0	0	0	0	0	0.0669949078094935	0.018707208003214	0.00353386360139712	0	0	0.11472285575993	0.0163957139195448	0	0.0482994087324255	0	0	0	0	0	0	0.015356528948578	0	0	0.00288775030108513	0	0	0	0	0	0.00118922971138672	0.0434843299013193	0.0231344574621764	0	0	0	0	0	0	0	0	0	0.031657099686179	0	0	0	0	0	0	0	0	0	0	0	0	0	0	0	0	0	0	0.0116227999038323	0	0	0	0.0177977412430623	0	0	0	0	0	0	0	0	0.00130597965182061	0	0	0	0	0	0	0	0	0	0	0	0.00661217925344453	0	0	0	0	0	0	0	0	0	0	0	0	0	0	0	0	0	0	0.00142666336674614	0	0	0	0	0	0	0	0	0.00465788345445135	0	0	0	0	0.00500329342485159	0	0	0	0	0	0	0	0	0	0	0	0	0.0046340760279495	0	0	0	0	0	0	0	0	0	0	0	0	0	0	0	0	0	0	0	0	0	0	0	0	0	0	0	0.00348109976943836	0	0	0	0	0	0	0.00359987225831201	0	0	0	0	0	0	0.00536699096996322	0	0	0	0	0	0	0	0	0	0	0	0	0	0	0	0	0	0	0	0.0102908483149045	0	0	0	0	0	0	0	0	0	0	0	0	0
ERR12405976	0.0191775498099707	0.0165079749918546	0.0122677563430822	0.00759911821161937	0.00697508523026126	0.00927691878730771	0.0128324502739977	0	0	0	0	0	0.00928114297173043	0	0	0	0	0.0108697858013024	0	0	0	0	0	0.00757690614058743	0.00741824368327029	0	0	0.0195684431611182	0	0	0	0	0	0	0	0	0	0	0	0	0	0.00485113716850502	0	0.00538242962986685	0.00926640415587158	0.0101516412054819	0	0	0	0	0	0.0108054873114972	0	0	0	0	0	0	0.00797693083028965	0	0	0	0	0	0	0	0	0	0	0	0	0.0150027557208723	0	0	0.0230343459046744	0.0269666396923954	0	0	0	0.0232275520946119	0	0.0229570803631474	0	0.0212569677505998	0.022940392724307	0.0218573085153013	0.0213172308641162	0	0.00698274137305791	0	0.0224082338370648	0	0.0212663537345295	0	0	0.0208202871983268	0.0206788396509655	0	0.00846157358709997	0	0	0	0	0	0	0.00771780041008713	0	0	0	0.0154018509768522	0	0.00561669960317048	0.0167208975046094	0	0	0	0	0.00861254884107349	0	0	0	0	0	0	0	0	0.0125805518712034	0.00935650082759777	0.00467737326073165	0.00492218064777419	0	0	0	0	0.0101284708106814	0	0.0173971434461427	0	0.00677052446008313	0	0	0	0	0	0	0.0138880235569588	0.0159326999203976	0	0	0.0445633401998749	0.0137615020891663	0.0150459672895006	0	0	0.0133193287382094	0	0.0145374597640781	0	0.0369634784238175	0	0	0	0.0116940973466679	0	0.00749632348058976	0	0	0	0.0125364893000487	0.0115268189325213	0	0	0	0.0116849489002682	0	0.0117008196763855	0	0	0	0.0123506620422283	0	0	0	0	0	0.0109640998358203	0	0	0	0.0153348285527618	0	0	0	0	0	0	0	0.00571359530340335	0	0	0.037427961886892	0	0	0.0196896659910296	0	0.00654693211137403	0	0.0044280480459695	0.00462957951986968	0	0	0	0.0186461348100322	0	0	0	0	0	0	0	0	0	0	0	0	0	0	0.0174680333212295	0	0	0	0	0	0.00528290958221341	0	0
ERR12405977	0.0840684498872594	0.0510834006243768	0.0190484286388736	0.0149441778102839	0.0132889813278647	0.0503472698244675	0.00912317368942509	0.0140744695748363	0.0125051752944313	0.01278057782863	0.0105157096348975	0.00728693043800413	0.0338018553964623	0.0200890851062454	0.019984888029893	0.0134228252696356	0.0107070299417672	0.0082546177790208	0	0	0.0197498489205939	0	0.0178196116107605	0.00671719680080899	0.00653124238637248	0.00551890842651831	0.0179472388519229	0.00903096325313114	0.0313691203348667	0	0.00491494627284155	0.00456639540986846	0.00602857282163883	0.0799527455533867	0	0	0	0.0044232100076857	0.0196432633263708	0	0	0	0.00253324886968356	0	0	0.0164484269658868	0.011533680955478	0	0	0	0	0	0	0.0096113164203553	0.0089681725019762	0	0	0	0.0145355678989926	0	0	0.0090807462117099	0.006047678802886	0.00968069843713184	0.00270179548479885	0.0111367526857353	0.0131681416701314	0.00937086280115289	0	0.0121227192863884	0	0.0049839275210962	0	0.0110978343847268	0	0	0.00884449321907963	0.0131304501861157	0	0	0	0	0	0	0	0	0	0	0.00596559609391192	0	0	0.0222842807617858	0	0	0.0153857031143724	0	0	0.00549733654897529	0	0	0	0	0.00796642958028316	0	0	0	0	0.0135763621631731	0	0	0.0108101861368455	0.0129001584052727	0	0	0	0.00463663639923936	0	0	0	0.00477692278438143	0	0	0.00809328142014912	0	0	0	0	0	0	0	0	0.0132893368829958	0.0125179793832024	0	0	0.0100249757163116	0	0	0	0	0	0	0	0	0	0	0	0	0	0	0	0	0	0.0124683814636735	0	0	0	0	0	0	0	0	0	0	0	0	0	0	0	0	0	0.00240651399460108	0	0	0	0	0	0	0	0	0	0	0	0	0	0	0	0	0	0	0	0	0	0	0	0	0	0.00274583616843389	0	0	0	0	0.00224080932625895	0	0	0.00270338325168748	0	0	0.00243787169740303	0	0	0	0	0	0	0	0	0	0	0	0	0	0	0	0.00933498359931581	0.00163951053354302	0.00176070019771675	0	0	0	0	0	0	0	0	0
ERR12405978	0.140884920742522	0.0857643820211753	0.0111367963790394	0.00949893164636857	0.00669922011139514	0.00400120761033588	0.00258180164242869	0.00958604432006576	0.00705615340100289	0.00659862453382598	0.00734760052536863	0	0.010746209284236	0.0531032934409123	0.065389103806352	0	0	0.0119926355115619	0	0.0543291357186643	0.0420433492571438	0	0.0449207580688111	0.0084173924529463	0.00833176909870761	0.00209680090438742	0.0142091155933638	0.00363670848661092	0.0122315584662318	0	0	0	0.00827171523380781	0	0	0	0	0	0.030756706887896	0	0	0	0	0	0	0	0	0	0	0	0	0.00222002131612975	0	0	0	0	0.0798146861810701	0	0.00190581033356097	0	0	0	0	0	0	0	0	0	0	0	0	0.00368062796232038	0.0640364333915797	0	0	0	0	0	0.0114789960773927	0	0	0	0	0	0	0	0	0	0	0	0	0.00632119352237616	0	0	0	0	0	0.00507917819563727	0	0	0	0	0	0.00370140639329673	0	0	0.003311428025877	0	0	0	0	0	0	0	0	0	0.00334871329195258	0.00456957628603061	0.00312358322718013	0	0.00587600428543648	0.00318924705235543	0	0.00331028669303919	0	0.00341688839104036	0	0.00440353852591208	0	0	0.00434963586465066	0	0	0	0.00455063831438227	0	0	0	0.00477400837343839	0	0.00349742943950483	0	0	0	0	0	0	0	0	0	0	0	0	0	0	0	0	0.00312325878973955	0	0	0	0.00302734996989327	0	0.00321867319492335	0	0.00369400803522053	0.00305363162674114	0.00329148321817428	0	0	0	0	0	0	0.00312774103993083	0	0.00333085016880529	0.0033436207664242	0	0	0.00338038205419443	0	0	0.00304278398214528	0.00324652823505446	0	0	0	0.0151820153552369	0	0	0	0	0	0	0.0186674706910755	0.00346865569980834	0	0	0	0.00440721731444741	0	0.0173511274395662	0	0	0	0.00285867630633014	0	0	0	0.00207888318402651	0.00281990665294647	0	0.00269446998599072	0	0	0	0	0	0	0	0	0	0	0	0	0	0	0	0	0	0	0	0	0	0
ERR12405979	0.0315510238366449	0.0235650372776026	0	0	0	0.0669550668826982	0.00641822617314184	0	0	0	0	0	0.0398709503063523	0	0	0	0.011429212501838	0	0	0	0	0.0323296715840789	0	0	0	0	0	0	0.0140508651259188	0	0	0	0	0	0	0	0.124299213543217	0	0	0	0	0	0	0.0104321978642141	0	0	0	0.0921341867513615	0	0	0.0951558634147999	0	0.105156604642344	0	0	0.0983374958840983	0	0	0	0	0	0	0	0	0	0	0	0.00811907135886284	0	0	0	0	0	0	0	0	0	0	0	0	0	0	0	0	0	0	0	0	0.00607683694822324	0	0	0	0	0	0	0	0	0	0.0106942694312133	0.014463979984084	0.0145888215886162	0	0	0	0	0.0103860370573509	0	0	0.00827827324582657	0	0	0.0659508103533037	0	0.01869535709124	0	0	0	0.014969705443529	0	0	0	0	0	0	0	0	0	0.012893600790319	0	0	0	0	0	0	0	0	0	0.0226769384175219	0.00974728671247075	0	0	0	0	0	0.010499726774627	0	0	0	0	0	0	0	0	0	0	0	0	0	0	0	0	0	0	0	0	0	0	0	0	0	0	0	0	0	0	0	0	0	0	0	0	0	0	0	0	0	0	0	0	0	0	0	0	0	0	0	0	0	0	0	0	0	0	0	0	0	0	0	0	0	0	0	0	0	0	0.00593301846477347	0	0	0	0	0	0	0	0	0	0	0	0.0066122218061881	0	0	0	0	0	0.00772842874354047	0	0
ERR12405980	0	0	0.030139345041139	0.021895543937577	0.0210068864386269	0.00893504272992913	0	0.0187326676832755	0.0203193384890175	0.0176160288979186	0.019697029904901	0.0466205361619811	0.00967077382996065	0	0	0.0292119927477006	0	0	0	0.146128534273323	0	0.0171553236733717	0	0	0	0.00712468179203466	0.0146197283607603	0.00558708244405637	0.00520283211397731	0	0.00607324728182024	0.00624710509764435	0	0	0.0122661686592923	0	0	0.00551169038824506	0	0	0	0	0.0153835676095349	0	0.0043144505682399	0.0137634880107237	0	0	0.0093557940465267	0	0	0.00382642752358184	0	0	0.0129262605886228	0	0	0	0.00241368477886755	0.0122497116428971	0	0	0	0.0122869687205893	0	0.0149164841069785	0.0114102422908548	0.0116917323694717	0	0.0128983765374318	0	0	0	0	0	0	0.0463961180391198	0.0116846137247314	0	0	0	0	0	0	0	0	0	0	0.00396765474568008	0	0	0	0	0	0.00576404143075232	0	0	0	0	0	0	0	0.00319691560554143	0	0	0	0	0.00421018117971153	0.0525896075088676	0.00427667060523748	0.0101575039037297	0	0	0	0	0.00269292735372876	0	0	0	0.00258636335542775	0	0	0	0	0	0	0.00364726203766207	0	0.00258699784243606	0	0	0	0.00417471176557035	0.00478596341079989	0	0.00816877404777508	0.00674020723888942	0	0	0	0	0.00969598199116792	0	0	0	0.00585338586794315	0.00577179667676198	0	0	0	0.00535013098337448	0.00559676169509738	0	0	0.00551959069921758	0.00406765132534669	0.00600016117654062	0.00343695766745544	0	0	0	0.00366036103749924	0.00529147943569474	0.00387390003115147	0	0.00382180619730802	0.00403610588781849	0.00395204177356659	0.00515027836206145	0.00519814860017677	0	0	0	0.00540847508291012	0.00323181670979135	0.00534409838247693	0.00379641274242688	0.00414542665529732	0	0.00501071817240143	0.00381460696402737	0	0	0.00378807989156804	0.00363153744117414	0.00489390195222261	0	0.00339255395195976	0	0	0.00334434664562799	0	0	0	0.0035585849821527	0	0	0.00128953689923966	0	0	0	0	0	0	0	0	0	0	0	0	0.00250517387651474	0	0	0	0.00228851481986282	0	0	0	0	0	0	0.0478235419386691	0.00291000149591898	0	0.017387627818967	0	0.00133322163207589	0	0	0	0	0	0	0	0	0
ERR12405981	0	0	0.111335022574025	0.0461585356275446	0.0455135374120058	0.030043902996372	0.00382653191837938	0.0344079695795376	0.0389624516978336	0.032988080225977	0.0434760832676216	0	0.0214478586538243	0	0	0	0	0.00430597317475806	0	0	0	0	0	0.00305596023295808	0.00343954125043822	0.00195153346704954	0	0	0.0366836439122063	0	0	0	0	0	0.0197093205019621	0	0	0	0.0965636238429078	0	0	0	0.0170207302161289	0	0	0	0	0	0	0	0	0	0	0	0	0	0.0136590420738284	0	0.00925792623126733	0.015418716086385	0	0	0	0	0	0	0	0	0.00568045078001476	0	0	0.0299438374780297	0.0102690176241867	0	0	0	0	0	0	0	0	0	0	0	0	0	0	0.0177319321200185	0.00236124763583273	0	0	0.0170217694663314	0	0	0.0161447218124312	0	0	0	0	0	0	0	0.00281176269510051	0	0.0122461904441353	0	0	0	0	0	0	0	0	0	0	0.00212126787791039	0	0.00240434749796394	0	0	0	0	0	0	0.0120746866401104	0	0	0	0	0.00360811701834861	0	0.00200208203671728	0	0.00199674424395092	0	0	0	0	0	0	0	0	0	0.00289857023799677	0	0	0	0	0	0.00372583800100124	0	0	0	0	0	0	0	0	0.0032294589874132	0	0	0.00279707864828286	0	0.0028693191255013	0	0.00284315147583453	0.00273570643790525	0.00278264928188964	0	0	0	0	0	0	0	0	0	0	0	0	0	0	0	0	0	0	0.00424755282109224	0	0	0	0	0	0	0	0	0	0	0.00293977760715805	0	0	0.00411220779872582	0	0	0	0	0	0	0	0.00223153574459335	0	0	0	0	0	0	0	0	0	0	0	0.0380175243929888	0.0455621953018227	0	0.0969241964108299	0	0	0.00199599850783316	0.00963242464905943	0	0.00281065425597889	0	0	0	0	0	0
ERR12405982	0.0768434540721116	0.0519329137308917	0.0131259700095434	0	0	0.0187738958788361	0.116803339936323	0	0	0	0	0	0.0285347418784423	0	0	0	0.0279064525880201	0.0139177661633818	0	0.0608901642382279	0	0.0599359847410853	0	0.00939552080163792	0.00998328896340924	0.00475197874808449	0	0	0.0158225640109788	0	0.00424093655432867	0.00395113797206341	0	0	0	0	0.00755739665014088	0.0037071749851802	0	0	0	0	0	0	0	0.00956599443776202	0	0	0.0744804370732539	0	0	0	0	0	0	0	0.0194141121135404	0	0.00280053860796256	0	0	0.00531005432222899	0.00288916303760802	0	0	0	0	0	0	0	0	0.00783467775344411	0.0153787020044869	0	0	0	0	0	0	0	0	0	0	0	0	0	0	0.0297151112877196	0.00817242143940353	0	0	0.00754012270206719	0	0	0	0	0	0	0.00464265298250687	0	0	0	0	0.0067160860172408	0.0201074651756171	0.00462635835948693	0.00655097627628244	0	0	0.00548625007041021	0	0	0	0	0.00660036363533048	0	0.00650543260563889	0	0.00628563551052418	0	0.0086219816942557	0.00651419624706613	0	0.00572173738137951	0.0202624606672943	0.00593512350076487	0.00363166076532209	0	0.00584122216396597	0	0.00675944308031197	0	0	0.00546058745802278	0.0116479545981729	0	0	0	0	0	0	0	0.00557519746402717	0	0	0	0	0.00593896334671279	0	0	0	0	0.0161474921269786	0	0	0.00428617307711222	0	0	0	0.00498093454126653	0.0048203527369988	0	0	0	0	0	0	0	0	0	0.00693172855505076	0	0	0	0	0	0	0.00378431040304662	0	0	0	0	0	0	0	0	0	0.00369636497114086	0	0	0	0	0	0	0	0	0	0	0	0	0	0	0	0.0174756269916546	0	0	0	0	0	0	0	0	0.0181700984779501	0	0	0	0	0	0	0	0	0	0	0	0	0.00456627497532506	0.0104869039404873	0	0.00721650319492729	0	0.00590729386194484	0.00596117520991283	0.00615018215626092	0.00881081907744444	0	0
ERR12405983	0.107490259941891	0.0667951823390078	0.0176182857995948	0.0127419357334706	0.0106400343324719	0.00419045868359832	0.00781020595970048	0.0110197842231771	0.00924397296650314	0.00691176326949375	0.00916503270528865	0.0148395575275937	0.0112316108650299	0.0168210026218651	0.024376957800318	0.0187552020202353	0.0137177459355197	0	0	0.0992278926327376	0.0113872144847606	0	0.0134686022463499	0	0	0	0	0.00665512829259824	0.0306914348002489	0.0123081176309348	0	0	0	0.00497457228469634	0.0098649251017717	0	0	0	0.0215380151400814	0	0	0	0.00654262968736678	0.0619167791305686	0.00595805527115862	0.00824055876292599	0	0	0	0	0	0	0	0	0	0	0.00397882808242127	0	0.00236185409852023	0	0	0.025477605203218	0	0	0	0.00845245031280409	0.00921369605048759	0	0	0.00729857618406461	0	0.00179253277338095	0.0031485932346833	0.024616640098366	0	0	0	0	0.00574574469415212	0	0.00385301822455248	0	0	0	0	0	0	0	0	0	0	0.0133676525390517	0	0	0	0	0	0	0	0.00304765396359329	0.0240210607826813	0	0	0.00864820857646579	0	0	0.00853915279586261	0.0140097734234084	0	0	0.0165459058936878	0	0	0.00277844282768833	0.00305497328277508	0	0.00826768038563012	0.00934453595503478	0.00882629047693431	0	0.0086087488757232	0.00825114948085782	0	0.00732865583816441	0	0.00764220417945951	0	0.00853429091196522	0	0.00566518688127457	0.00850075785951704	0	0	0	0.00408220212188603	0	0	0	0.00674964591767911	0.0055424019730814	0.0111948440024023	0	0	0.00465904754257482	0.00252303193492042	0	0	0.00247557004644271	0	0	0	0	0	0	0	0	0	0	0	0.00672182976642662	0	0	0	0	0	0	0	0	0	0	0	0	0.00665669910214946	0	0	0	0	0	0	0	0	0	0	0	0	0	0	0	0	0.00194588437837713	0	0	0	0	0	0	0.0025133842355988	0	0	0	0	0	0	0	0	0	0	0	0	0	0.00340347525208108	0	0	0	0	0	0.00755583722124518	0	0	0	0	0.00691136442775051	0	0	0	0	0	0	0	0	0	0	0	0	0	0
ERR12405984	0.0116634405541526	0.0099302767199462	0.0173663900363499	0.0155001555209909	0.0148836324931713	0.0117690619395009	0.348670689671035	0.0130111802601857	0.0125177447947701	0.013120180397764	0.0114744593777749	0	0.0241412886040551	0	0	0	0.00662109380614986	0	0	0	0	0	0	0	0	0	0	0.0193404927036961	0.00859577501682245	0.108147637711296	0	0	0	0	0.00249249851655199	0	0.041860935010526	0	0	0	0	0.021401680338209	0	0	0.0587915721643577	0	0	0.0140616212279984	0.0310484039337096	0	0.0152044294115774	0.00524278922879866	0.0156408773533516	0	0	0	0	0.0275004735461368	0.0129230812773567	0	0	0	0	0	0	0	0	0	0	0	0	0.00445254581401385	0	0	0	0	0	0	0	0	0	0	0	0	0	0	0	0	0.00316569677427813	0	0	0	0	0	0	0	0	0	0.00251572714558457	0.00584070471136814	0	0.0200188249917736	0	0	0	0.00241550628640556	0	0	0	0	0	0	0	0.0051417230185539	0	0	0	0	0	0	0	0	0	0	0	0	0	0	0	0	0	0	0	0	0	0	0	0	0	0	0	0	0	0	0.00470171952945615	0	0	0	0	0	0	0	0.00351598560728243	0	0	0	0	0	0	0	0	0	0	0	0.00324849148212556	0	0	0	0	0	0.00447840815180381	0	0	0	0	0	0	0	0	0	0	0	0	0	0	0	0	0.00255307906685554	0.00608941453401494	0	0	0	0	0	0	0	0	0	0	0	0	0	0.00498569090001411	0	0	0	0	0	0	0	0	0	0	0	0.00295983016435389	0.00981305260007233	0	0	0	0	0	0.0031081598937819	0	0.0017811877043738	0	0	0.00306102851266414	0	0.00376168254614078	0	0.00315507142494728	0.003032296015782	0.00328231150811831	0	0	0
ERR12405985	0	0	0.0493412924299474	0.0257242739742226	0.0271320417198465	0.0291997951248185	0.00426911273946876	0.0213760327259019	0.0212781882329121	0.0211732329041707	0.023306470633288	0	0.017599043420237	0	0	0	0.0167647786870803	0	0	0	0	0.0625265536445341	0	0	0	0.00189758922067845	0.0464490738334768	0.00391122926675106	0	0.00560451278089636	0	0.00159176117242287	0	0	0	0	0	0	0	0	0	0	0	0	0	0.02732490957766	0.00622939722880695	0	0.0265507512859056	0	0	0	0	0	0.0136386341982579	0	0	0.0225568483164061	0	0	0	0.00640654650102051	0	0	0	0.0136005401061857	0.0181361643818032	0	0.00418032996161382	0.0214502240672999	0	0.00937444061727906	0	0.00720926879415561	0.00617554535526266	0.00238011953303739	0.0114292704556037	0.0185145025067238	0	0	0	0	0	0	0	0	0	0	0.0037130363459071	0	0	0	0	0	0.0107696347448357	0	0	0	0	0.00339409319623553	0	0.0172593248549721	0	0.00181847925511726	0	0	0.001832399952232	0.009470595897777	0	0	0.00759036075313344	0	0	0.0029848984842882	0	0	0	0	0.00172462726046869	0	0	0.00178709861508044	0	0	0	0	0	0	0	0	0	0	0.00839809709649433	0.00318808260081605	0	0	0.0179295476767654	0	0	0	0	0	0	0	0.00231504640286455	0.0113170051122898	0.0141822744686061	0	0	0.0104286345816595	0.0117914719194564	0.0130717155477564	0	0.00831568190447061	0.00987817155632513	0.0025544559279221	0.0140489144682064	0.00398758382827764	0.00847651304087767	0	0	0.0044046141820075	0.0112766324905034	0.00456680885474006	0	0.0049509752313018	0.00412075573245405	0.00469476281094475	0.00949748249446936	0.00893611365659999	0	0	0	0.00953370846269389	0.0042310025603142	0.0101202417051491	0.00422188946917062	0.00426529014370953	0	0.0107306709894568	0.0112288555736783	0.00546612932984164	0.00186627366193013	0.00408225611670148	0.00404530445210949	0.00850765890952374	0	0.00212728998271368	0	0.00170920763448769	0.00429686905125611	0.00442379045361701	0	0	0	0	0	0	0	0	0	0.00393735579951081	0	0	0	0	0.0023173321763749	0	0	0	0	0.00210980278166259	0	0.00190711519650878	0	0.00150370814236701	0	0	0	0	0	0	0	0.0383299691207853	0	0	0.00127390391543169	0	0.00243761180588854	0	0.0022187171944931	0.0020759330412572	0.00205374598583472	0	0	0
ERR12405986	0.260157956318279	0.14965706896658	0	0	0	0	0.14297910426867	0	0	0	0	0	0	0	0	0	0	0	0	0	0	0	0	0	0	0	0.0236848287503827	0	0	0.0460920337985087	0	0	0	0	0	0	0	0	0	0	0	0.0523740308719585	0	0	0	0.0158379224324885	0	0	0.0117335738976045	0	0	0	0	0	0	0	0	0.0127485856298525	0.00590996717997372	0	0	0	0	0.0220031016962376	0	0	0.02536396557754	0	0	0.0324218530271801	0	0.0165354288606826	0	0	0	0	0	0	0	0	0	0	0	0	0	0	0	0	0.030467872180887	0	0	0	0	0	0	0	0	0.0432919194869697	0	0	0	0.00924722296680989	0	0	0	0	0	0	0	0	0	0	0	0	0.00565949681995182	0	0	0	0	0	0	0	0.0269333738793661	0	0	0	0	0	0	0.00938305061375154	0	0	0	0	0.00559039741339648	0	0	0	0	0	0	0	0	0.00777959147560253	0	0	0	0.00440501214410192	0	0	0	0	0	0	0	0	0	0	0	0	0	0	0	0	0	0	0	0	0	0	0	0	0	0	0	0	0	0	0	0	0	0.0236417397087416	0	0	0	0	0	0	0	0	0	0	0	0	0	0	0	0	0	0	0	0	0	0	0	0	0	0	0	0.00312627693833968	0	0	0	0	0	0	0	0	0	0	0	0	0	0	0	0	0.0129746250961428	0	0	0	0	0	0	0	0	0
ERR12405987	0.0197818115074245	0.0386633552724593	0.0395647172997575	0.0277678594141411	0.0268926483925768	0.0339450238146946	0.00972397966609582	0.0223728875512208	0.0276639524795754	0.0218552138171926	0.0261620006790468	0.129701021346499	0.0232692771759341	0	0	0.0705701242522031	0.0536750382496506	0	0	0	0	0	0	0	0	0	0.017779808850703	0.003293621963425	0.00962628980746749	0.0146635982622602	0	0	0	0.0229712200210551	0.00382978942276464	0	0	0	0	0	0	0	0	0	0	0.0182764457125121	0	0	0.0171123507842617	0	0	0	0	0	0.0128204409968173	0	0	0.0628364145889282	0	0	0	0	0	0	0	0.0163988788540479	0.0124284941992699	0	0	0.0183943571824408	0	0.00323694461444998	0	0	0	0	0.0165900333346361	0.0126295801107828	0	0	0	0	0	0	0	0	0	0.00327697690241512	0.00483851634409679	0	0	0	0	0	0.00671301789586423	0	0	0	0	0	0	0	0	0	0	0	0	0.00516018820258583	0.027120800377008	0	0	0.0383147448367428	0	0	0.00825565584250584	0	0	0	0	0	0	0	0	0	0	0	0	0	0	0	0	0	0	0	0	0.00656869257298139	0	0	0	0	0	0	0.00629314499229163	0	0	0	0	0.00691086639617569	0	0	0	0	0	0	0	0	0	0	0	0	0.00629514288330935	0	0	0	0	0	0	0	0	0	0	0	0	0	0	0	0	0	0	0	0	0	0	0	0	0	0.0047891363571986	0	0	0	0	0	0	0	0	0	0	0	0	0	0	0	0	0	0	0	0	0	0	0	0	0	0	0	0	0	0	0	0	0	0	0.00760466896785262	0	0.0333612678046782	0	0	0	0	0	0	0	0	0	0	0	0
ERR12405988	0.0461145548711769	0.0333804892063612	0.0278232115492255	0.0250119927671275	0.0235751130950878	0.0166414715570366	0	0.0234041604175518	0.0195714356096827	0.0227208596353262	0.0180394233049519	0.00914647825293884	0.0106356934430782	0.0138450134948367	0.0103940369360156	0.0118177738288958	0.0170931284089243	0	0.0419725186858839	0	0.0133710950931587	0	0.010022057929919	0	0	0	0	0.0118984823289368	0.0129833504279149	0	0	0	0	0.00911291438292326	0	0	0	0	0.0139570687717714	0.00905002209318213	0.0192700920001183	0	0	0.0073945006092873	0	0	0	0	0	0.0103326568080687	0	0	0	0	0	0	0	0	0.0068865288133516	0	0.0216551009375155	0	0.00938285835230896	0	0.00321943919331167	0	0	0	0	0	0.0061173672249065	0.00440948832667388	0	0	0	0	0	0	0	0	0	0	0	0	0	0	0	0	0.00859688641600413	0	0	0.0064623195985946	0	0.00861756099862828	0	0	0	0	0.126422811306967	0	0	0	0	0	0	0.111975272257178	0	0	0	0.0254485452316979	0	0.0324128092229239	0	0	0	0	0	0	0	0	0	0	0	0	0	0	0.0209773112026945	0	0	0	0	0.0099958370894758	0	0	0	0.0104206203289346	0	0	0	0	0.00549786970213963	0	0	0	0	0	0	0	0.00857628627288697	0	0	0	0	0	0	0	0	0	0	0	0	0	0	0	0.00484737737833662	0	0	0	0	0	0	0	0	0	0	0	0	0	0.00775606339105445	0	0	0	0	0	0	0	0	0	0	0	0	0	0.00741449161224048	0.00710545653813635	0	0	0.00338591669089974	0.00233623708447121	0.00687649356570695	0	0	0	0	0	0	0	0	0	0	0	0	0	0	0	0	0	0	0.00331383528894143	0	0.00257803425945121	0	0	0.0092387209307186	0	0.0173540474285826	0	0	0	0	0.0121388178458849	0	0	0	0	0	0
ERR12405989	0.163812830636703	0.0868177296361148	0.0198074468151894	0.0104311042376701	0.010038723822854	0.0372853178370696	0	0	0.00996338221981061	0	0	0.0109112829979324	0.0203968700297712	0.0246213731300021	0.00906702300896681	0.0195857302622663	0.01737576832773	0	0	0	0.012985473846649	0	0.0144341590098834	0	0	0	0	0.010437364629384	0.0241036398644603	0	0	0	0	0	0.0346040435827523	0	0	0	0	0	0	0.0220332253965132	0.0267779023267694	0.0305506184825351	0.00736248094726375	0	0	0	0.0241734702607304	0	0	0.0074504737792329	0	0	0	0	0	0.0263482233614044	0.00308608291649755	0.0220383541708515	0	0.0149794227656646	0	0	0	0.0134227378566475	0	0	0	0	0	0	0	0.0128124490270681	0	0	0	0	0	0	0	0	0	0	0	0	0	0	0.00397835200043964	0	0	0.0109924340097828	0	0	0	0	0	0	0	0.00918344775574994	0.0125136698184212	0.0201153401459283	0	0	0	0	0	0	0	0	0	0	0	0.0079299058028709	0	0	0	0	0	0	0	0	0	0	0	0	0	0	0	0	0	0	0	0.00341923545472585	0	0	0	0	0	0	0	0	0	0	0.00646587148364673	0	0	0	0	0	0	0	0	0	0	0.00275741759266944	0	0.0074747909314822	0	0	0	0.00807580635450889	0	0.00781849053740522	0	0.00824163590235697	0.00818082402931296	0.00803533867288965	0	0	0	0	0	0	0.00685436996063619	0	0.00944861393437539	0.00823814313526356	0	0	0.00783972198802493	0	0	0.00900927406190939	0.00801426853330317	0	0	0	0	0	0.00736206603911231	0	0	0	0.00741270483381997	0	0	0	0	0	0	0	0	0	0	0	0	0	0	0.00316250048909148	0	0	0	0	0.0041062308901709	0	0	0	0	0	0.0121894947915523	0.0434653456641622	0	0	0	0	0	0	0	0	0	0	0	0	0	0
ERR12405990	0.130508371115828	0.0951122376088324	0	0	0	0	0	0	0	0	0	0.0357506250062202	0	0.0318675892423401	0.0415404659098217	0.0280017835574635	0	0	0	0.021612005958478	0.0407703851280898	0	0.0201427213748273	0	0	0	0.0237474902657342	0	0	0.0373374083436873	0	0	0	0	0.00474317767365805	0	0	0	0	0	0	0	0.0132939327717366	0	0	0	0	0	0.00920212268484173	0	0	0	0	0	0	0	0	0.00931483230106374	0.00599490238903609	0	0	0	0	0	0	0	0.0141195520197241	0	0	0.0119169158912631	0	0.00197567571098562	0	0	0.00278979636998466	0.00261065928660445	0	0	0	0.00265479973159984	0	0.00246365871624434	0	0.00271094591451615	0.00249080204572582	0.00244626631024027	0.00229484556059622	0	0.00398737072500021	0	0.00233493760110122	0	0.0022408601963149	0	0.00476310105792908	0	0	0	0	0.011495540650497	0	0.00723253236630717	0.00252976175904847	0.00773913279395103	0	0	0.00739232139717538	0.00501691858550311	0	0	0.0109907768981397	0.040397581144419	0	0.0100686388208306	0	0.00208902324909267	0.00709471168281805	0	0.00709121329257032	0.0019409359484948	0.00776888638257158	0.00720930127058212	0	0.00695932462692082	0	0.00639678834192248	0	0	0	0	0.0072634137845886	0	0.0048603522970521	0.00705509080842361	0	0	0	0	0	0	0	0	0	0	0.00718255490839751	0	0	0	0	0	0	0	0	0	0	0.00598450713467146	0	0.00192973188985887	0	0.00553712040937373	0	0.0021378833532798	0	0.00227497044884384	0	0.0023850705024055	0.00207922160466371	0.00225830484030091	0	0	0	0	0.00566350626529754	0	0.00196498669794464	0	0.00218501400881056	0.00219035090335433	0	0	0.00210183121989609	0	0.00761326350569053	0	0	0	0	0.00445744844143766	0	0	0	0	0	0	0	0.00407769272137468	0.00488514807912188	0	0	0.00406345058359997	0.00246153091352397	0	0	0	0	0	0.0027878373732154	0	0	0	0	0.00281523207871276	0	0.00297199049130173	0	0	0.00218198711238241	0	0	0	0	0	0	0.115456812918606	0	0	0	0	0.009186884732578	0	0.00403653043595284	0.00386197575341569	0.00393467610159115	0	0	0
ERR12405991	0.0210063170083793	0.0245757379524821	0.071355520941266	0.0669088796094391	0.0650145208437686	0.00889501169007705	0.0107166908963584	0.0560688492415911	0.0558286536538666	0.0527954699147685	0.049623622873165	0.0198876923730329	0.00967531475673397	0.0164023297326065	0.0100873444312604	0.0185434289143616	0.0207603088662756	0	0	0.022753215843444	0.00908570828908392	0.0854557194012698	0.00905425729549219	0	0	0	0	0	0.0023482781326991	0	0	0	0	0.0236376844975255	0	0	0	0	0.0103812263258368	0.00738652328085934	0	0	0	0.0046230210389122	0.0048296919731294	0	0.00519245244250321	0	0.00327042478283175	0	0	0.00347087665520728	0	0.00424967029208474	0	0	0	0.00234941675060865	0.00724863260804304	0	0	0.00482278575506388	0.00233000745805499	0	0	0	0	0	0	0	0.00477980746483612	0.00536828016732794	0	0.00322094120847473	0	0	0	0	0.0183388273233496	0	0	0	0	0	0	0	0	0.00846342146606973	0.00389553012402463	0	0	0	0	0	0.00343149831448359	0	0	0	0	0	0.00236055796354816	0.00355375401516555	0	0	0.00566252364175407	0	0	0.00259332174521177	0.00343161165208395	0	0.00257353427466408	0.00306658749216887	0	0	0	0	0	0	0	0	0	0	0	0	0.005927178257256	0	0	0	0.0014890887121336	0.00274403232128243	0	0	0.00233373494229475	0	0	0	0	0.0039750788578497	0	0	0.00390277295199212	0	0	0.0022016307737762	0	0	0	0	0.0114310504896378	0	0	0	0.00790147114847165	0.00219053875480123	0	0	0	0	0	0	0	0	0	0	0.00450746959672644	0	0	0	0	0	0.0116456983503462	0	0	0	0	0	0	0	0.0107341356102889	0	0	0	0	0	0	0	0	0	0	0.00801486892860141	0	0	0.0100911526452302	0.0105893147682254	0	0	0	0	0.0101081121576491	0	0	0	0	0	0	0	0	0.00349979182496108	0	0	0	0	0	0	0	0	0	0	0	0	0	0	0	0.0158864466870757	0	0	0.0077043072800536	0.00174664156610114	0	0	0	0	0	0	0	0
ERR12405992	0.0220158488984406	0.0180453594032835	0	0	0	0	0.133679753336114	0	0	0	0	0	0	0	0	0	0.0304573205025432	0	0	0	0	0	0	0	0	0	0.0366087727936217	0.0253224218592244	0	0	0	0	0	0	0	0	0	0	0	0	0	0	0	0	0.058957209883349	0	0	0	0.038862499559138	0	0	0.0831014302634858	0	0	0.0476221183660733	0	0	0.0878395598872167	0.015713476947633	0	0	0	0.00330302452875755	0.063532785694472	0.00452090646896589	0	0	0.0407197583333428	0	0.0289176000303184	0	0.00309147830499264	0	0	0.00529110286084769	0.00476837510805498	0	0	0	0.00467996295753214	0.0258329637062054	0.00526420093349676	0	0.00482961207177935	0.00468777550108204	0.00461676484262512	0.00449049383208728	0.0249516696826232	0.00308753376625164	0	0.00475537127517441	0	0.00428194915715499	0	0.00539400850325656	0	0	0	0	0	0	0.0346018323986835	0	0	0.035460408081606	0	0	0	0	0	0	0	0	0	0	0	0	0	0	0	0	0	0	0	0.0186872988876313	0	0	0	0	0	0	0	0	0	0	0	0.00588388849321687	0	0	0	0	0	0	0	0	0	0	0	0	0	0	0	0	0	0	0	0	0	0	0	0	0	0	0	0	0	0	0	0	0	0	0	0	0	0	0	0	0	0	0	0	0	0	0	0	0	0	0	0	0	0	0	0	0	0	0	0	0.00228357948956544	0	0	0	0	0	0.0123281905362005	0	0	0	0	0	0	0	0	0.0139489861898297	0	0.00568607793845206	0.0116988986693848	0	0.00467939558470832	0.00228474535852142	0.00321358911305615	0	0	0	0	0	0	0	0	0	0	0	0	0	0	0	0
ERR12405993	0.157103026225686	0.0912248198855535	0.0440750884363473	0.0259241498089542	0.024704154785292	0.0519862104868724	0.00792549482319967	0.023100466514969	0.0205944918664853	0.020660093449663	0.0257135437683506	0	0.0326421115509867	0	0	0	0.0298878782734354	0.00773281873374887	0	0	0	0.00174983929298564	0	0.00566261501498452	0.00581883137969891	0.00204305339849523	0.0113921827429254	0	0	0	0	0	0.00551376033364084	0	0.00682840665768834	0	0	0	0.0447505190537756	0	0	0	0.00959265712125654	0	0	0.00983277920757945	0.0120557310857447	0	0	0	0	0	0	0.0102924114784565	0.0233857621577163	0	0.0199000228437789	0.00372237015774137	0.00232364515208654	0.00613476752277977	0	0	0	0.0180049495728317	0	0.0135103297797105	0.0117057110281952	0.0162059989254359	0	0.00879880533819897	0	0.00621496021639122	0.0148055379447395	0	0	0	0.00879916748300895	0.00895926748506178	0	0	0	0	0	0	0	0	0	0	0.00321517536929633	0	0	0.010922342660686	0	0	0	0	0	0.019520735586883	0	0.00244361734558751	0	0	0.00210114942797192	0	0	0	0	0	0.00389361558278245	0	0.00255720193380954	0	0	0	0	0	0	0	0	0	0	0	0.0112856077474454	0	0	0	0	0	0	0.00345604306435374	0	0	0	0	0.00500683410628526	0	0	0	0	0	0	0	0	0.00298529720428795	0	0	0	0	0	0	0	0	0	0	0	0	0	0	0	0	0	0	0	0	0	0	0	0	0	0	0	0	0	0	0	0	0	0	0	0	0	0	0	0	0	0	0	0	0	0	0	0	0	0	0	0	0	0	0	0	0	0	0	0	0	0	0	0	0	0	0	0	0	0	0	0	0.00178663780491219	0	0	0	0.0795473111812461	0	0	0	0	0	0	0	0	0	0	0	0	0	0	0
ERR12405994	0.030825561812072	0.020753844719404	0.01449199949562	0.00937221813893485	0.0090652703815873	0.0296650779412277	0.0188168207523868	0.00793174441817901	0.00807452689431665	0.00748068979807991	0.00840024343669614	0.00906704798305397	0.0190289082908852	0	0	0.00732106685304833	0.0127949809434193	0	0.130931691826129	0	0	0	0	0	0	0	0	0.00944752187090403	0	0	0	0	0	0	0	0	0	0	0	0.0139446834957943	0.0561816211030859	0	0	0.00330861849379506	0	0.00692805723113993	0.00719144819929484	0	0.010280336583361	0.0345702234610501	0	0	0	0.00650303427950323	0	0	0.00898327996630612	0	0	0	0.0661034937412396	0	0	0	0	0	0	0	0	0	0.015988865434959	0.00484514864350254	0.00672217864920508	0	0	0	0	0	0.00353916430960399	0	0	0	0	0	0	0	0	0	0.0057706413772584	0.0655510086609885	0	0.0146233339883762	0	0.0240296468544738	0	0	0	0	0	0	0	0	0	0	0	0	0	0	0	0	0	0	0	0	0.0045978621532625	0	0	0	0	0	0	0	0	0	0	0	0	0	0	0	0	0	0	0	0	0	0	0	0	0	0	0	0.00354680519293082	0	0	0	0	0.00369245837762038	0.00813678270262257	0	0	0	0	0	0	0	0	0	0	0	0.00324317963431236	0	0	0	0	0	0	0	0	0	0	0	0	0	0	0	0	0	0.00660835596249381	0	0	0	0	0	0	0	0	0	0	0.00219759432670577	0	0	0.00653253233035237	0.00722149457252614	0	0	0.00489423491202227	0	0.00710343230592375	0	0.00694588120825341	0	0	0	0	0	0	0	0	0	0	0	0	0.00260945754030261	0	0	0	0	0	0	0.166351587835627	0	0.0315005620535446	0	0.013157291062629	0	0.013126487799989	0	0	0	0	0	0	0	0	0
ERR12405995	0.0513102969204703	0.0359975979386579	0.0307710943547096	0.0277396277917448	0.0316309440621369	0	0.0288360581352201	0.0265512449223806	0.0235902172502385	0.0242852450115237	0.0233745732246852	0	0	0	0	0	0	0	0	0	0	0.166065409887303	0	0	0	0	0	0	0	0.0678718551939269	0	0	0	0	0.00643930141632499	0	0	0	0	0	0	0	0.00495112247099512	0	0	0.00382080306140426	0	0	0	0	0	0	0	0	0	0	0	0	0.00995215529971957	0.00453579479285876	0	0.0123914389905162	0.00159735441600158	0	0.00214044598843406	0	0	0	0	0	0	0	0	0.0143973140749171	0.00978156431556799	0.00979619722445663	0	0	0	0.00964524580443206	0	0.00945575695343787	0	0.00907133406894986	0.0116329943657431	0.00914250537983023	0.00924077737544792	0.00841443616845513	0	0	0.00883196582045227	0	0.0113550225342732	0	0.0203760008991727	0.0089308936069346	0.00926430518007146	0	0	0	0	0	0	0.0037361697228602	0.0051744271152522	0	0.00337461063372998	0.0187396192347087	0	0	0.0148381538705125	0	0.00745035677546772	0	0	0	0.00360403459779643	0.007901954839575	0.00324394402943276	0	0.00410025716938392	0.00320543253533342	0	0.00315506002817098	0.00472997059318997	0.00314032341762934	0	0.00684886464779689	0	0	0.0033229307378397	0	0.0172641300464531	0	0.00263282609697563	0	0	0.00462430827227244	0.0110662851079554	0.00374345243359633	0	0	0	0	0	0	0	0	0.046233822707914	0.00355321267882502	0	0	0	0.0162946224190069	0	0	0	0	0.00301111348462734	0.00292418815550278	0	0	0.00298282518386052	0	0.00396897026178095	0	0	0	0	0	0	0	0	0	0	0	0	0	0.00683913916952454	0.00282845208029269	0	0	0	0	0	0	0	0	0	0	0	0	0	0.00643456487595158	0	0.00487357185711729	0	0	0.007049945860745	0	0	0	0	0	0	0	0	0	0	0	0	0	0	0	0	0	0.0022717243522951	0	0	0	0	0.00531615563524785	0	0	0	0	0	0	0	0.0063316844699813	0	0	0	0	0	0
ERR12405996	0	0	0	0	0	0	0.0206157438930089	0	0	0	0	0.0757969929215913	0	0.0202137529721842	0.0643871810431328	0.0418516232563785	0	0	0	0	0.018871288023006	0	0.0173978644006218	0	0	0	0	0.0193040988739127	0	0	0	0	0	0	0	0	0	0	0	0	0	0	0	0	0.0308216861328274	0	0	0	0.110748211351139	0	0	0.0497959978795411	0	0	0	0	0	0.0326093553606344	0	0	0	0.00626451569969097	0.00373196333790939	0	0.0022231747105438	0	0	0	0	0	0	0.0122415435105126	0	0.00661681637482854	0	0	0	0	0	0	0.0194705185170324	0	0.0130959027217305	0	0	0	0	0.00875932475240323	0.0181818869120752	0	0	0	0	0	0.00986695673261575	0	0	0	0	0.00770794874227575	0	0.0270525153323893	0.00441106670261483	0.0108832391903739	0.00621475519581605	0	0.00992214972352607	0.00905753663375845	0	0	0.00671301365089404	0	0	0.00720340040355046	0.0053357240588518	0.00361949546994991	0.00966097682232549	0	0.00961114703844134	0.00335533811392377	0.00922234555670879	0.0100778408805876	0	0.00894276976014445	0.00593920798965206	0.00865771787064917	0	0	0	0	0.00959145356553383	0	0.00795236752037957	0	0	0	0	0	0	0	0	0	0.00380323120150567	0	0.00659557188319022	0	0	0.00450287738097238	0	0	0	0	0.01714869433372	0.00804039656293681	0	0	0	0.0125096881889787	0	0	0.00365526418398153	0.00617608999461929	0	0.00575107538848897	0.00415229504043046	0.00602306406324558	0.00564166620646432	0.00606386965754908	0	0	0.0213198559260527	0	0	0	0.0069665199454762	0	0.00599710157334039	0.00589667631351642	0	0	0.00543477317208871	0	0	0.00591888096644817	0.00555821858661352	0	0	0	0	0	0.00574335793622249	0	0	0	0	0.00396494741985809	0	0.00328743602004649	0	0	0.0112145610416223	0	0	0.0146029178599834	0	0.0036151396846582	0	0	0.00318702535562997	0	0	0	0.0144445238580453	0	0	0	0	0	0	0	0	0	0	0	0	0	0.0025944976587118	0.00375543724729182	0	0.00243593574864365	0	0	0	0	0	0
ERR12405997	0.0140616030369316	0.0122177794904578	0.0142778217030838	0.00691481587930287	0.00675892656247867	0.0294327502833118	0	0.00679568193782376	0.00584306773921152	0.00545721435799241	0.00678528344020448	0	0.0247453562196037	0	0	0	0	0.00307058221276272	0	0	0	0.035192845936785	0	0	0.00301651977987419	0.0053810267795212	0.0138038623949572	0.00943006709074196	0.00937611285235538	0	0.00464089218485912	0.00453480790612428	0	0	0	0	0	0.00438116825348345	0	0	0	0	0	0.00318591233511895	0	0	0.0174974501615121	0	0	0	0	0	0	0.0152233802892719	0	0	0.00538562661871692	0	0	0	0	0	0	0	0	0	0	0	0	0	0	0.0116807048981917	0.00490521831411077	0	0.0154509949211149	0.0134988124050344	0	0	0.00362699586927474	0.0126751371648368	0	0.0117333817974191	0	0.0131142552039617	0.0118593026633644	0.0127686505096377	0.0128959285408146	0	0.00461509688205231	0	0.0116351818915538	0	0.010948771932174	0	0	0.0104111076372289	0.0106118558196518	0	0.0174721814041459	0	0	0	0	0.0206231597442813	0	0.0164674062156435	0.0217552028263821	0	0	0	0	0.0102896381876219	0.00944224484304251	0	0	0	0.0189619717326455	0.0104542083410865	0.0195696873450128	0	0.0183912854099849	0.0199292448081344	0	0.0187358127841305	0	0.0194639083376462	0	0.00963721714387346	0	0	0.0179825742769872	0	0	0	0.00634786876881794	0	0	0	0.0113107411107643	0.0342804469014169	0	0	0	0	0	0	0	0	0.00945940509757408	0	0	0	0	0	0	0	0	0.00518638129150096	0	0.016032602367555	0	0.00565185664901673	0	0.00590535709555549	0	0.0134517773903213	0.0051755382089961	0.00646315231609899	0	0	0	0	0.0154953950343698	0	0.00536113617596753	0	0.00563412228957312	0.00564410835267439	0.00865374126310667	0	0.00570168860139633	0	0	0.00519076736372299	0.00515756307366316	0	0.00693315478739914	0	0	0	0.00498434300278056	0	0.00816106180768001	0.0088316163881102	0	0	0	0	0.00810886002736869	0	0.0122327016791154	0	0	0.00819419521854116	0	0	0	0	0	0	0	0	0.00374124714099228	0	0	0	0	0	0	0	0	0.00439637719656241	0	0	0	0	0.0133539589919133	0	0.00854062686321375	0	0.0081617209575057	0.00796445749877263	0.00786027057597195	0.00961293512634653	0.0138011280881077	0
ERR12405998	0.0426095800762177	0.0312709761357943	0.00950944377117002	0	0.00883836073817492	0.219172473348976	0.0150639269659037	0	0	0	0	0	0.119807581184123	0	0	0	0.0257887037414337	0	0	0.0163951683462688	0	0	0	0	0	0	0	0.0116236416784147	0.009964594930312	0	0	0	0	0.0120801841322106	0	0	0	0	0	0.00648141427048268	0	0	0	0	0.0181515606394535	0	0.0334552742662331	0	0	0	0	0.00825909312211117	0	0.0320077833548849	0	0	0	0	0.00778742477730536	0	0	0	0.0071643737078086	0	0	0	0	0	0	0	0.00890104606867566	0.00781534009916722	0	0	0	0	0	0	0	0	0	0	0	0	0	0	0	0	0.010456676161988	0	0	0	0	0	0.0114761709837853	0	0	0.00843195405989926	0.00905930337982626	0.0217249594128953	0	0	0.00893322910176654	0	0	0.00865121629182925	0	0.0110269763512233	0	0.00464420398712539	0.0113338626322403	0	0	0.0181010604916323	0	0.0064604153718149	0	0	0	0.00672171885898138	0	0	0	0	0	0	0	0	0	0	0	0.0711657364871864	0.0116966221950528	0	0	0	0	0.00598397471229687	0	0	0	0	0	0	0.0142688409678758	0	0	0	0	0	0	0	0.0119446892455204	0.0119595561264722	0	0	0	0	0	0	0	0	0	0	0	0	0	0	0	0	0.0167736089867526	0	0	0	0	0	0	0	0	0	0	0	0	0	0	0	0	0	0	0	0	0	0	0	0	0	0	0.00440311713301738	0	0	0	0	0	0	0.0291388412472855	0.00650423133610826	0	0	0.00370123096848881	0	0.00827402619561261	0	0	0	0.0150158319582021	0	0	0	0	0	0	0	0	0	0	0	0	0	0	0	0	0	0	0	0	0
ERR12405999	0	0	0.0457599123350915	0.0316523567083368	0.0299005857075841	0.0311346042635338	0.0947442372622487	0.0252822746467556	0.0278949921369425	0.0246553674417721	0.027177974590406	0.0808891502005278	0.0324005996490062	0	0	0.0458962949629091	0.0296210150321852	0	0	0.0080368729001301	0	0.0569231569015295	0	0	0	0	0.0209054896349742	0.00232891166017899	0	0.0308217790028384	0	0	0	0.006373266267534	0.0129700006178396	0.043783183972595	0	0	0	0	0	0	0.0128256559629699	0	0.0318655606529448	0.0141906603855753	0	0	0	0	0	0.0118899667845926	0	0	0.0745445812764702	0	0	0	0	0.00977530305666923	0	0	0	0.0280203030109612	0	0	0.0130700320918022	0.0294566633910325	0	0.0134276416218166	0	0.00206347776316103	0	0	0	0	0	0	0	0	0	0	0	0	0	0	0	0	0.00336367688616813	0	0	0	0	0	0.00314151347691533	0	0	0	0	0	0	0	0	0	0	0	0	0.00244227722282361	0	0	0	0	0	0	0.002799542540882	0	0	0	0	0	0	0	0	0	0	0	0	0	0	0.00244357663700234	0	0	0	0	0	0	0	0.0122674436681275	0	0	0.00761052492682341	0	0	0.00194367582509043	0	0	0	0	0	0	0	0	0	0	0	0	0	0	0	0	0	0	0	0	0	0	0	0	0	0	0	0	0	0	0	0	0	0	0	0	0	0	0	0	0	0	0.00586095474416948	0	0.00311067694805691	0	0	0	0	0	0	0	0	0	0	0	0	0	0.00314859892864645	0	0	0	0	0	0	0	0	0	0	0	0	0	0	0	0	0	0	0.00158566630237973	0	0	0	0	0	0	0	0	0	0	0	0	0	0
ERR12406000	0.0187026861783104	0.0136116734881219	0.00740208737884954	0.00600254200391802	0.00535337779911265	0.0171209681680219	0.0033038279079753	0.00583861076068378	0.00529724819272335	0.00452671794379266	0.00531184115212654	0.00652118350623785	0.011877368266269	0	0.0103317486643057	0.00529761443419712	0.00404985345206712	0	0.0238166789387629	0.00680575805094378	0	0	0	0	0	0	0	0.0242523285477842	0.00573736199796716	0	0	0	0	0.00627384795372421	0	0	0	0	0	0.155778079172258	0.0408072683100988	0	0	0.00891046058591687	0.0086640910092615	0	0	0	0	0.0348748428819736	0	0.00625939429089157	0.00979137515209779	0	0	0	0	0	0.00248700274650469	0	0	0.00470888156888641	0	0	0	0	0	0	0	0	0.0915060016954683	0.00412034583374809	0	0.00535435022081805	0.00449107837026827	0.00455311252429653	0	0	0	0.00437424500402102	0	0.00419208674059239	0	0.00425225081561212	0.00566833423515425	0.00423504166675221	0.00430612715992885	0.0126240607113955	0.0052063231336662	0.0338997717752187	0.0042378565075033	0	0.005270438123369	0.060805170568824	0	0.00402082153804693	0.0062961068942553	0	0.0509756814394223	0	0	0.00415194567471366	0	0	0.00875304327882946	0.0480556107497337	0	0	0.00432979012273506	0.00398822608041399	0	0	0	0	0.00343736107795405	0	0	0	0	0	0	0	0	0.00649726765805067	0.00866417275716214	0	0.00333820231449855	0	0	0	0	0	0	0	0	0	0	0	0	0	0	0	0	0	0	0	0	0.00274659400818182	0	0	0	0	0.00919471876521332	0	0	0	0	0	0	0	0	0	0	0	0.00351840676857252	0	0	0	0	0	0.013497444282665	0	0	0	0	0	0	0	0	0	0	0	0	0	0	0	0	0	0	0	0	0	0	0	0	0	0	0.00527887427134276	0	0	0.00511423208297729	0	0	0	0	0.00370102804869439	0.00199028606996126	0.00208009938049326	0.0031322846791178	0	0	0	0	0	0	0	0	0	0	0	0	0	0.0335856116773559	0	0.00957936672242125	0	0.00261517928980686	0.0226443287769596	0	0	0	0	0	0	0	0
ERR12406001	0.025285737938291	0.0230646936169626	0.0356296615857936	0.0287781931394949	0.0282940305450002	0.0691208105344872	0	0.0266333983821406	0.0240391611700826	0.0238110887989309	0.0232040465955207	0	0.0517974381898909	0	0	0	0.0327743493307489	0	0	0	0	0.0965955283019159	0	0	0	0	0.019251222837921	0	0	0	0	0	0	0	0	0	0	0	0	0.00269870789988432	0	0	0	0	0	0.00740650751337141	0.023425335203131	0	0.00461943918828222	0	0	0	0	0.0221570260884643	0.00964122662811061	0	0.0188976730724377	0.00979864411617128	0	0	0	0	0	0.0138289719413554	0.00234382374662414	0.00598794077655376	0.00629678637590016	0.0099578888080166	0	0.00788189736263203	0	0	0.0159211219434088	0	0.0158015366352166	0.0154950043945813	0	0.00653611334598206	0	0.0141533944479721	0	0.0144236948325873	0	0.0132867040301524	0.0183677503137181	0.0138914184327057	0.0144347978584397	0	0	0	0.0130917785487952	0	0.0132769806400113	0	0	0.0124265944853858	0.0122647439826954	0	0	0	0	0	0	0.00620898735723345	0	0	0.00612782272944711	0	0	0	0	0	0.0104180319451762	0	0	0	0.00627567257414677	0	0.00597822557632045	0	0.00656711544571079	0.00705931425127062	0	0.00625544508351889	0	0.00589228685889501	0	0	0	0	0.00565485333799424	0	0	0	0	0	0	0	0	0.00456511973981441	0.00435336145102605	0	0	0	0	0	0	0	0	0.00770718169758096	0	0	0	0	0	0	0	0.00317162805654379	0.00642860908934783	0.00497145226925685	0	0.00328897835467122	0	0.00326457630750497	0	0.00338233400933958	0.00396330184960685	0.00325372660375561	0	0	0	0	0.0046621444715416	0	0.00283957503418896	0	0.00347000880246864	0.0034880463549267	0	0	0.00314768346116591	0	0	0.00441916122659706	0.00304532984745091	0	0	0	0	0.00160158272358009	0.00294421868049234	0	0	0	0.00285096687266779	0.00369565171725546	0	0	0	0	0	0	0	0	0	0	0	0	0	0.00126940441575979	0	0	0	0	0	0	0	0	0.00118533822397541	0	0	0	0	0	0	0	0	0	0	0	0	0	0	0	0	0
ERR12406002	0.0362198896542418	0.0230100809584545	0.0565456983654394	0.0528054903990317	0.0737115306692947	0.0298501018650467	0.0369009562524323	0.048980476918079	0.0399331805183201	0.0487812830656072	0.0374189142715849	0	0.0196378961134952	0	0.00322048219702868	0	0.00575685535010574	0	0	0	0	0	0	0	0	0	0	0	0.0047026747033104	0.0124798763518176	0	0	0	0.00639330724640973	0.0101714871319891	0.343063870235589	0	0	0	0	0	0	0.00869199810316447	0	0	0	0	0	0	0	0	0	0	0	0.0108015307299581	0	0.00879237343486299	0	0	0.00955477054940361	0	0.00518722843347283	0	0.00997255576060644	0	0	0	0.013829246781253	0	0	0	0	0.00653508197914191	0	0	0	0	0	0	0	0	0	0	0	0	0	0	0.00587661689152273	0	0	0	0	0	0	0.00452691780621022	0	0	0	0	0	0	0	0	0	0.00448731291905637	0	0	0	0	0	0	0	0	0	0	0	0	0	0	0	0	0	0	0	0.0045434545602344	0	0	0	0	0	0	0	0	0	0	0	0	0	0	0	0	0	0	0	0	0	0	0	0	0.00787585745157796	0	0	0	0	0	0	0	0	0.00741122945613957	0	0	0	0	0	0	0	0	0	0	0	0	0	0	0	0	0	0	0	0	0	0	0	0	0	0	0	0	0	0	0	0	0	0	0	0	0	0	0	0	0	0	0	0	0	0	0	0	0	0	0	0	0	0	0	0	0	0	0	0	0	0	0	0	0	0	0	0	0	0	0.00232977287611777	0	0	0	0	0	0
ERR12406003	0.0039527505190048	0.0112439742947373	0.0215547101415744	0.0127026930836545	0.0125643479629486	0.0546922882914673	0.0723816933812985	0.011576086204828	0.0104015880217623	0.00968668600511959	0.0117492751525242	0.0150334730227585	0.0415522362293857	0	0	0.00866828293240711	0	0.00836004386276091	0	0	0	0.0711990541127281	0	0.0055878124584306	0.00687415197342924	0.00783714160106809	0	0.0051914813185741	0.00709697933810396	0	0.00697025136701749	0.00661532278063534	0	0	0	0	0.0384709756220059	0.00623795761310861	0	0	0	0	0	0.0206936803387687	0.021825452364924	0	0	0.0471503728355827	0.0098280102499085	0	0.0383437901267736	0.00586505335086374	0.034894318924042	0	0	0.0365262778788439	0	0	0.00377935950639654	0	0	0.00737447376820982	0	0.00508750692477741	0	0	0	0	0	0	0	0.0127755618728322	0	0	0.00618422589073133	0.00574169704247633	0	0	0.0116884749098946	0.00520193187160388	0	0.00496429765023916	0	0.00533658539856515	0.00504194672871622	0.00543796372484183	0.00499571339068734	0.00428095438378252	0.00803519877119406	0	0.00520771635299145	0	0.00475214520462705	0	0	0.00459502490517957	0.00491834232257189	0	0.00720166520556199	0.00483093739250002	0	0	0	0	0	0.00651846380115716	0	0	0	0	0	0	0.00459136859649875	0.00413155686797164	0	0	0	0.00573204317196826	0	0	0	0	0	0	0	0	0	0.00481911681894338	0	0	0	0	0	0	0	0	0	0	0.00387748898548198	0	0	0	0	0	0	0	0	0	0	0	0	0	0.0282916992287348	0	0	0	0	0	0	0	0	0	0	0	0.00350732953572487	0	0	0	0	0	0.0348067146188201	0	0	0	0	0	0	0	0.00250924409660877	0	0	0	0	0	0	0	0	0	0.0172229774636125	0	0	0	0	0	0	0	0	0	0	0	0	0	0.0198083142215594	0	0	0	0	0	0	0	0	0	0	0	0	0	0	0	0	0	0	0	0	0.0195232971560662	0	0	0.00684938485727997	0.0218707561376637	0	0.00518030786248814	0	0	0	0	0	0
ERR12406004	0.107340741766494	0.0766270273894727	0	0	0	0	0	0	0	0	0	0	0	0	0	0	0	0	0	0.0683715049122686	0	0	0	0	0	0	0	0	0	0	0	0	0	0.225351220045715	0.0726420888132449	0	0	0	0	0	0	0	0.0548800293888629	0	0	0	0	0	0.00836180804348201	0	0	0	0	0	0.0801138332187002	0	0	0.00877522495993842	0	0.0496785830327491	0	0	0	0.0319188585744202	0	0	0	0.0326114113194468	0	0	0	0	0	0	0.00438872825463123	0.00534686124479076	0	0	0	0	0	0	0	0	0	0	0	0	0	0	0	0	0	0	0	0	0	0	0	0	0	0.00650941952032043	0	0.0049992684942092	0	0	0.00523911219881648	0	0.0140773697787897	0	0	0	0	0	0	0	0.00480523468820676	0	0.00469881275290302	0	0.00731329424659769	0.00486385198508421	0	0.0047862621958357	0	0	0	0	0	0	0	0	0	0	0	0	0	0	0	0	0	0	0	0	0	0	0	0	0	0	0	0	0.0302659388961656	0	0	0	0	0	0	0.00490532210910599	0	0	0	0	0	0	0	0	0	0	0.0119415984275465	0	0	0	0	0	0	0	0	0	0	0	0	0	0	0	0.0158329817740829	0	0	0	0	0	0	0	0	0	0	0	0	0	0	0	0	0	0	0	0	0	0	0	0	0	0	0	0	0	0	0	0	0	0	0.0267108897795517	0	0	0	0	0	0.0234951637497055	0	0	0	0	0	0	0	0.00314755843886163
ERR12406005	0.0512389602347084	0.0365457980432096	0.0378221146547816	0.0357320655387762	0.0349802413630979	0	0	0.0332159534877695	0.0303129103827117	0.0309300809520412	0.0261399090529248	0	0	0	0	0	0.0275483283841854	0	0	0	0	0	0	0	0	0	0	0.0190553866076224	0	0	0	0	0	0	0	0	0	0	0	0.146107369847644	0.0357586806644604	0.0109059065613549	0	0	0	0.0120998204480473	0	0	0	0	0	0	0	0	0.0112873653891252	0	0	0	0	0	0	0	0	0.0133341072391837	0	0.0157687133534898	0	0	0	0	0.091454508425452	0	0	0	0	0	0.0132825978449071	0	0	0	0	0	0	0	0	0	0	0	0.00440167452673578	0	0	0	0	0.0409203494044651	0	0	0	0	0	0	0	0	0	0	0	0	0	0	0	0	0	0.0728715375591671	0	0	0	0	0	0.00464005977703531	0	0	0	0	0	0	0	0	0	0	0	0	0	0	0	0	0.033061995677839	0	0	0.00654520350247799	0	0	0	0	0	0	0	0	0	0	0	0	0	0	0	0	0	0	0	0	0	0	0	0	0	0	0	0	0	0	0	0	0	0	0	0	0	0	0	0	0	0	0	0	0	0	0	0	0	0	0	0	0	0.0348574199946296	0	0	0	0	0	0	0	0	0.00485165191069799	0.0337380190240422	0	0	0	0	0.00833757347704699	0	0	0	0	0.00881292740023596	0	0.00707594659860101	0	0	0.0134773785588039	0	0	0	0	0.00757808047560003	0	0	0	0	0	0	0	0	0	0	0	0	0	0.00530936363712891
ERR12406006	0	0	0.0326433976047224	0.018721479751071	0.0174599356116295	0.0605800258565362	0.163573440646368	0	0.0154496720304783	0.0133166618398063	0.0142763371663044	0.0687731133173581	0.0587399964890656	0	0	0.0395219410359934	0	0	0	0	0	0	0	0	0	0.00302296417507683	0	0.0166786226386982	0	0	0	0	0	0	0	0	0	0	0	0	0	0.0106178714103053	0	0.012199291342773	0.058796412004163	0.0345203819163624	0.0136743007725636	0	0	0	0	0.0214564928529375	0	0.0116959956023702	0	0	0	0	0.02302322416741	0	0	0.0068122267348464	0.00453347458918868	0	0.00863598708542269	0	0	0	0	0	0	0.0249282794780954	0	0.00926928297027637	0	0	0	0.0239244270257127	0	0	0.00821675235884866	0	0	0	0	0	0	0.0204383638129476	0.00772949704543945	0	0	0	0	0	0	0	0	0	0	0	0	0	0.00536574709783609	0	0.0123394329733802	0	0	0	0	0	0	0	0	0	0	0.00455701407390646	0	0	0	0.00455904959531104	0	0	0	0	0.0119388553701485	0	0	0	0	0	0	0	0	0.0191179101870215	0	0	0	0	0	0	0	0	0	0	0	0	0	0	0	0	0	0	0.0183758344018139	0	0	0.0152537130978214	0	0	0	0	0	0	0	0	0	0	0	0	0	0	0.0266052969100934	0	0	0	0	0	0	0	0	0	0	0	0.00964013454673273	0	0	0	0	0.0126223520453252	0	0	0	0	0	0	0	0.00380665295346398	0	0.00584902110255793	0	0	0	0	0	0	0	0.00501938360610597	0	0	0.00458723171514834	0	0	0	0	0	0	0	0	0.0025256010553589	0	0	0	0	0	0	0	0.0044730755857624	0.00595940819280094	0	0	0	0	0	0	0	0.00417443615663954	0
ERR12406007	0.0277079863459346	0.0344761160800744	0.0201901067723948	0.0204052269797955	0.0123208533128186	0.0303680381645218	0.00567020682911671	0.0132918928169975	0.0117371807252521	0.00896838028399019	0.0112641364067675	0.0688454853208571	0.026032763915588	0.117335692303925	0.0712963598072785	0.042179520439099	0	0	0	0	0.0676688882861819	0	0.0673384813093958	0	0	0	0.030023016793906	0.00842239150269525	0	0	0	0	0	0	0.0108623076497527	0	0	0	0.0113968691326002	0.00138607438974793	0	0.00412303534935879	0.00981934958948412	0.0277711916254021	0	0.00972686940528987	0.00702066377144978	0	0.00273448977065525	0	0	0	0	0.00697793521645187	0.00823554729560828	0	0	0	0.00705190102503638	0.00674200922446548	0	0.0125934892946714	0.0046607521339967	0.00865786765398012	0.00123694648573004	0	0.0112235448347647	0.00797364421685108	0	0.010459913161164	0	0	0	0.0155921719002327	0.00157684223024221	0	0	0.00880142455137664	0	0	0	0	0	0	0	0	0	0	0.00310274186267635	0	0	0	0	0	0	0	0	0	0	0	0.0128387729525951	0	0.00287466272379605	0	0	0	0	0	0	0.00197095603924581	0	0	0	0	0	0.00242220910118008	0	0.00329522339025406	0	0.00227200355797816	0	0	0	0	0	0	0.00159459290462944	0.00342434759288629	0.0022591157782793	0	0	0	0	0.00900504668341431	0.00172177093540317	0	0	0	0.00291290658935079	0	0	0	0	0	0	0	0	0	0	0	0	0	0	0	0	0.00778681625686724	0	0	0	0	0	0	0	0	0	0	0	0	0	0	0	0	0	0	0	0	0	0	0	0	0	0.0252151926984518	0	0	0	0	0	0.00590183301489609	0	0	0	0	0	0	0	0	0	0	0	0	0	0	0	0	0	0	0	0.00139650994139869	0	0	0.00404967372449845	0.0126280941926165	0	0	0	0	0	0	0	0	0	0	0	0	0	0	0	0	0	0	0	0	0	0	0	0.00115996575467945
ERR12406008	0.0533145120946389	0.033007127005697	0.0307907152166058	0.0205290864294685	0.0195992810543338	0.0595450378127601	0.00536816335423909	0.0186307792009281	0.0185086526166285	0.0163039626687203	0.0189542830532982	0	0.0368267070102876	0	0	0	0.0222898154125691	0	0	0.0526893153824253	0	0	0	0	0	0.00886751820833501	0.010892621523059	0.024913272054069	0	0	0.00783814172372814	0.00759270042355985	0	0	0	0	0	0.00735102007929711	0	0	0	0	0	0.00295949835781118	0.00660147334399656	0.0148115726284153	0	0	0.00737664653432345	0	0	0	0	0	0	0	0.0151960231390818	0	0.00250267937455035	0	0	0.00379637906004101	0	0	0	0	0.00673458650056683	0	0	0.00650684985098528	0	0	0.0128355006088233	0	0	0	0	0.00722717175443712	0	0	0	0	0	0	0	0	0	0	0.00565316659411848	0	0	0	0	0	0.00306566375225203	0	0	0	0	0.00331794238101094	0	0	0	0.0169906080720775	0.00376858513870862	0	0.0162948087720548	0	0	0	0	0	0	0.00296586532065491	0	0	0.015856197747564	0.0108736746153462	0.0151610874861352	0	0.0147983516914785	0.0159967954588223	0	0.0141849987223482	0	0.0136877812507042	0	0.00987118221241284	0	0	0.0145198537836461	0	0	0	0.0359630228421233	0	0	0	0.0161548344395963	0.0377493178588941	0	0	0	0	0	0	0	0	0.0229782980560487	0	0	0	0	0	0	0	0	0.00578964676252395	0	0.0121940322591677	0	0.00629059671851682	0	0.00651846569680701	0	0.00642763740804549	0.00635653178469823	0.00672394773757886	0	0	0	0	0.0130697141245159	0	0.00591822771250725	0	0.00639340001950531	0.00605302032063418	0	0	0.0059068694546011	0	0.00299315001893396	0.00595669678737279	0.00565085811884157	0	0	0	0	0	0.00542853769169716	0	0	0	0.011010546847988	0.00978752928776697	0	0	0	0	0	0	0	0	0	0	0.00356848649678533	0	0	0	0	0.00318752149708774	0	0.00327961256065151	0	0.0035614382183722	0.00269614224785253	0	0	0	0	0.00252026828544443	0	0	0	0	0	0	0	0	0	0	0	0	0	0.00250399226842632
ERR12406009	0.0813323712234234	0.0507124157319774	0.0427813135921178	0.0229653586043426	0.0227323177973846	0	0	0.0226171134183643	0.0209580372890606	0.0183260238293882	0.0235674045311009	0	0	0	0	0	0	0	0	0	0	0	0	0	0	0.00375212065959799	0	0	0	0.0033809219656757	0.00321699771421855	0.00322289742482275	0	0	0.0179484064123451	0	0	0.00296553594285297	0	0	0	0	0.0138729747548145	0	0	0	0	0	0	0	0	0	0	0	0	0	0	0	0	0.0132312116103437	0	0.00768194299044856	0	0	0	0	0	0	0	0	0	0	0	0.00911348709382262	0	0	0	0	0.00398380271630291	0	0	0	0	0	0	0	0	0	0	0	0	0	0	0	0.0141284905048458	0	0	0.0230745242786374	0	0	0	0	0	0	0	0	0	0.0119536157267632	0	0	0.00921823273266755	0	0	0	0	0	0	0	0	0	0	0	0.0357994374839959	0	0	0	0	0	0	0	0	0	0.0110647310865371	0.00454010493702206	0	0	0	0	0	0.245127594221492	0	0	0	0	0	0	0	0	0	0	0	0	0	0.0101171055915816	0	0.00360112607638881	0	0	0	0	0	0	0	0	0	0	0	0	0	0	0	0.0220972974546307	0	0	0	0	0	0	0	0	0	0	0	0	0	0	0	0.00297357487483052	0	0	0	0	0	0	0	0	0	0	0	0	0	0	0	0	0	0	0	0	0	0	0	0	0	0	0	0	0	0	0	0	0	0.217941509728202	0	0	0	0	0	0	0	0	0	0	0	0	0	0
ERR12406010	0.10366003875136	0.0738109296210647	0.029548254533325	0.0211818327392015	0.0206984886203693	0.0341045865281208	0.00913655959347209	0.0224070179391106	0.0182125554770354	0.0168709381202718	0.017553115698832	0	0.0242614853185731	0.0149316044257856	0.00594595414863211	0	0.0580755214658485	0	0	0	0	0	0.0133276345311559	0	0	0	0	0	0.00651845651460074	0	0	0	0	0	0	0	0	0	0	0	0	0.0149268944537612	0.00538818504195203	0	0.00691098298984033	0.00683127138676635	0	0	0	0	0	0.00744557083581844	0	0.00877252644048843	0	0	0.00995736553061966	0.00698320821232567	0.00855848459561009	0	0	0.00633752778237857	0	0	0.00670024197309807	0	0	0	0	0	0	0.0102843559429365	0.00772507743035284	0.00739833630644755	0.00984474607447956	0.00924490738879819	0	0	0	0.00909704766241046	0	0.00856998416402888	0	0.00901287687263442	0.00872502939768127	0.00887292224707825	0.00850515272054006	0.0084229262521135	0.00832071905866837	0	0.00822978915887829	0	0.00802699755295598	0	0.0123773276753122	0.00752948329528623	0.00795107124490845	0.0033481816138203	0	0	0	0	0.00305520161641646	0	0.00612104429996045	0	0	0.00795431355716327	0	0	0.00661322497558653	0	0.01036637726975	0	0	0.00259624704598439	0	0	0	0	0	0	0	0	0.00575810278312982	0	0	0	0	0	0	0	0.00740867617218174	0.00551054256014313	0	0	0	0.0321888479817603	0	0.00678300905370574	0.0207807188436004	0	0	0	0	0	0	0	0	0	0	0	0	0.00711129418089409	0	0.00439600645428014	0	0	0	0	0	0	0	0	0	0	0	0	0	0	0	0	0	0	0	0	0	0	0	0	0	0	0	0	0	0	0	0.00371672813380567	0.0216461763078269	0.00397191417067487	0	0.0359949528739568	0	0	0	0.00236876982904201	0.00275064571866097	0.00533521308711827	0	0	0.00318431021820848	0.03584708651094	0	0	0	0.00624561436077642	0	0	0.00474540299156602	0	0	0	0	0	0	0	0	0	0	0	0	0	0	0	0	0	0.00246334344259814	0	0	0	0	0	0	0	0.00454207023152018	0
ERR12406011	0.0883661976915594	0.0557594631531628	0.0197400029883465	0.0125167456330061	0.0122061814205333	0.0693817366921737	0	0.0135291268243993	0.0105618843479999	0.00987742069669554	0.0096669099670139	0.0113534601814308	0.0403029963282242	0.0516038057706386	0.0727058028570584	0.0129068128382887	0.00757284259052569	0	0	0.0715573400017847	0.0483498110738301	0	0.039167832013561	0	0	0	0	0.0132327196397007	0.0129108339688886	0	0	0	0	0.00254863564556046	0.00824180413703177	0	0	0	0.0188216082904573	0	0	0	0.0115371337318809	0	0.00885240725592572	0	0.0157811684348102	0	0.00528651572763758	0	0	0.0123731696526373	0	0.0149380785156777	0	0	0	0	0.00267640083262243	0.00694306723095945	0	0.00284100443482898	0.00187213765559351	0	0	0	0	0	0	0	0	0.00246664434251658	0	0	0.00304235132608398	0	0.0126757741005467	0	0	0	0.00760051372100723	0	0	0	0	0	0	0	0.00624400078705987	0	0	0.00641356054067175	0	0	0	0	0	0	0.00211563710082651	0	0	0	0	0.00505234364727142	0	0.00198483635988061	0.00455805235651548	0	0	0	0	0	0	0	0	0	0.00500858520637596	0.00586138161376593	0.00392354993261758	0	0.00692959655210871	0.00447168740242191	0	0.00423746493028661	0	0.00431060988019428	0	0.00600852597746115	0	0	0.00550235469161988	0.00520425693521602	0	0.00177439989339199	0.00659761200237893	0	0	0	0.00523095506379236	0	0	0	0	0	0	0	0	0	0.0202841165410897	0	0	0	0	0	0	0	0	0	0	0.00305816664858837	0	0	0	0	0	0	0	0	0	0	0	0	0.00297133248131989	0	0	0	0	0	0.00562731467469016	0	0	0	0	0	0	0	0	0	0	0.00628283615934624	0	0.00239613097969283	0.0051599220005345	0.00516525190160218	0	0	0.00239399037529314	0	0.00557472302051789	0	0	0.00277869326708338	0	0	0	0	0	0	0	0	0	0	0	0	0	0.00417546336464597	0	0	0	0	0.00798019960759341	0	0	0.0100681423625019	0	0	0	0	0	0	0	0	0	0.00288596402704375	0	0
ERR12406012	0	0	0.0152013530641962	0.0160107831802861	0.0161152049843892	0.0405635698197056	0.0549306542075923	0.0287410394480754	0.0111674597306935	0.0153722847793827	0	0.0240727002691287	0.0407091975500805	0	0	0.0168664518386683	0	0	0	0	0	0	0	0	0	0	0	0.019647950372185	0.0221676360389847	0	0	0	0	0	0	0	0.0262033377861646	0	0	0	0	0.0127880465356971	0	0	0.0405834478260763	0	0.0160649017445886	0.0283512014234436	0.0193031857585153	0	0.0231212543940267	0.0418202718873716	0.0228188344867793	0.0162995575703172	0	0.0226352542513126	0	0.00845210338347578	0	0	0	0	0	0	0	0	0	0	0	0	0	0.00540182689305758	0	0	0	0	0	0	0	0	0.0128174114642465	0	0	0	0	0	0	0	0.00367858571986895	0	0	0.00881276817061842	0	0	0	0	0	0	0.0354563610505563	0	0	0	0	0	0	0.0320442477303789	0	0	0	0	0	0	0	0	0	0	0	0.0158824230834856	0	0	0	0	0.00492245124751742	0	0	0	0	0.0146172582967792	0	0.0070851468625612	0	0	0	0.00422900565657007	0.0561429017301801	0	0	0	0.0104852216776666	0	0	0	0	0.0057141932979645	0	0	0	0	0	0	0	0	0.0230323925561909	0	0	0.00350161323311881	0	0.00482034362983839	0	0	0	0.004692053238682	0	0.00469376952560381	0	0.00506349568131337	0.00465694271918109	0.00489303090185792	0	0	0.0331657968847589	0	0	0	0.00477920176206182	0	0.00524437235272554	0.00463934114242075	0	0	0.00464345730647894	0.0110701896197422	0	0.00471020348767646	0.00456472739217327	0	0.0113632279437565	0.00276572796813876	0	0	0.00441808563795395	0	0	0	0.00430925312238372	0	0	0	0	0	0.00563248294662883	0	0	0	0.00865983104817638	0	0	0	0	0	0	0	0	0	0	0	0	0	0	0	0	0	0	0	0	0	0.0173829746865494	0	0	0	0	0	0	0	0	0
ERR12406013	0.0178927774448352	0.0275141074068687	0.0252770895708555	0.0171087616607919	0.0184445087324098	0.0319609269749679	0	0.0184283854651478	0.0150449255841846	0.0154330547280314	0.0136856418630328	0.0544574022664669	0.0239628272258926	0	0	0.0325898774348087	0.0109595578788437	0	0	0	0	0.00494153606382599	0	0	0	0	0	0.0283392503639599	0	0	0	0	0	0.038635052618412	0.00752762237242048	0	0.052161188358088	0	0	0	0	0	0.00641517296039895	0	0.00898847701543541	0	0	0.0577638678631968	0	0	0.0467822069970439	0.00430299614826864	0.0463174366145351	0	0.0206393967811716	0.0454020269301871	0	0	0.00243582354472859	0.0053534149726828	0	0.008190943912029	0	0.0100037721389178	0	0.00657897450097139	0	0.0097716892566623	0	0	0	0.00400504516064633	0	0.00915573129764256	0.00369596679004589	0.00354823852875233	0	0	0	0.00382714197398284	0	0.00341102654029923	0	0.0034719875760076	0.00322009385463028	0.00332861908606695	0.00311247427692998	0.00285448455684454	0.00511848742900849	0	0.0036306873492793	0.00902536290182445	0.00300578187775663	0	0.0142871687445069	0	0	0	0.0186635817245575	0	0	0	0	0	0	0.0174958309771957	0	0.0117083897215158	0	0	0.00926839973786342	0	0.00409296345870551	0	0.00280851461773514	0	0	0	0	0	0	0	0	0	0	0	0	0	0	0	0	0	0.00970440915601146	0.00688765394864691	0	0	0	0	0	0	0	0	0	0	0	0	0	0	0	0	0	0	0.00721560199501939	0.00999781125349757	0	0.00554065503597749	0	0.0028726695583768	0	0	0	0.00291437804570381	0	0.00308159692928108	0.00508535003038066	0.00358703426469873	0	0.00298601066417802	0	0	0.0106484838245954	0	0	0	0.0029618902390618	0	0.00294730782862209	0.00288920988433448	0	0	0.00297278613143029	0	0	0	0.00294241076414418	0	0	0.00455936129821511	0	0.0038545494184828	0	0	0	0	0	0	0.00302909925935809	0.00198781256989185	0	0	0	0	0	0	0	0	0	0	0	0	0	0	0.00316881091947246	0	0	0	0	0	0	0	0	0	0	0.0221184351487489	0	0	0	0	0	0	0	0	0	0	0	0
ERR12406014	0.0485774102888029	0.0423372635038935	0.0421744654460051	0.0474016321940291	0.0434061764248726	0.0480343353110046	0	0.0390957065742409	0.0313139364551201	0.0351886695307587	0.030159663393127	0.0498912853485763	0.0309441045458558	0	0	0.0322901152003054	0.022923093889179	0	0	0	0	0	0	0	0	0	0	0	0.022116584518339	0	0	0	0	0	0.0184120936100594	0	0	0	0.0165359264774496	0	0	0.00394899421730745	0.0170351094702376	0.00479326536033942	0.0296657304040135	0	0.0101947217817233	0	0.0210833536974805	0	0	0.044159543915245	0	0	0	0	0	0.0140328930859391	0.00166646515859703	0.0148794486033979	0	0	0	0	0	0	0	0	0	0	0	0.0108925630216075	0	0	0	0	0	0	0	0	0	0	0	0	0	0	0	0.00566433315585581	0.00659897546837649	0	0	0	0	0	0	0	0	0.0133695189614097	0	0	0	0.0112377463697604	0	0.0101932662249752	0.00420034616997019	0	0.00859691004855955	0	0	0	0	0	0	0	0.00533597405990313	0	0.00885915324835459	0.00667545893199095	0.00790501588033649	0	0.0081782974516495	0.00772186001806826	0.00967547836911032	0.00846139587021277	0.00425195040411666	0.00770033999427736	0	0.00625660688690587	0	0	0.00849247213720715	0	0	0	0.0230067910998171	0	0	0	0.0131047945131586	0.00680664195939325	0	0	0.00341582245223804	0	0	0	0	0.00444274003691878	0.00535926108909846	0	0	0	0	0	0	0	0	0	0	0.00627745019152903	0.00334803017709481	0	0	0	0	0	0	0	0	0	0	0	0.0057072655669832	0	0	0	0	0	0	0	0	0	0.00369868833073503	0	0	0	0	0	0	0	0	0	0	0	0	0	0	0	0	0	0	0	0	0	0	0	0	0	0	0	0	0	0	0	0	0	0.00230286350448589	0	0	0	0	0	0	0	0	0	0	0	0	0	0	0	0	0	0	0
ERR12406015	0	0	0.124335480613669	0.0997504236445731	0.0876051600865207	0	0	0.0720547764646365	0.0800472989793987	0.069096419711217	0.0792581484118875	0.0174267648307761	0	0	0	0.0168520364270392	0	0	0	0	0	0	0	0	0	0.00228836510611805	0	0	0	0	0.00185971948295194	0.00190259138084181	0	0	0.0355078607469682	0	0	0.00175928977809298	0	0	0	0	0.0285663209083373	0	0	0.0388646206410366	0	0	0	0	0	0	0	0	0.0341450876491309	0	0	0	0	0.0237265329142387	0	0	0	0	0.00471266908556634	0.0472582686542487	0	0	0	0	0	0	0	0	0	0	0.0410680780255905	0.0358414671286385	0	0	0	0	0.018786603204838	0	0	0	0	0	0	0	0	0	0	0	0	0	0	0	0	0	0	0	0.00572280276474636	0	0	0	0	0	0	0	0	0	0	0	0	0.00484776800286939	0	0	0	0.00428724364423999	0	0	0	0	0	0	0	0	0	0	0	0	0	0.00312845829391088	0	0	0	0	0	0	0	0	0	0	0	0	0	0	0	0	0	0	0	0	0	0.00244959654687327	0	0	0	0	0	0	0	0	0	0	0	0	0	0	0	0	0	0	0	0	0	0	0	0	0	0	0	0	0	0	0	0.00205696904305345	0	0	0	0	0	0	0	0	0.00133706902554844	0	0	0	0	0	0	0	0	0	0	0	0	0.00191350896060654	0	0	0	0	0	0	0	0	0	0	0	0	0	0	0.011542599841835	0	0	0	0	0	0	0	0	0	0	0
