feature	metabat_SRR16554674.5	maxbin_SRR13022355.014	metabat_ERR12405975.5_sub	semibin_SRR13022325.6	semibin_SRR16554706.23	semibin_SRR23364195.41	semibin_SRR5930502.51	metabat_SRR13022352.3	semibin_ERR12405939.29	metabat_SRR16554779.30	maxbin_SRR11413655.005	maxbin_ERR2162217.001	maxbin_SRR13022336.003_sub	maxbin_SRR25825509.002	semibin_SRR5930533.9	metabat_SRR13022417.2	semibin_SRR5930511.52	semibin_ERR6281504.148	semibin_ERR6279672.24	semibin_SRR11413653.25	maxbin_SRR16554665.003	semibin_SRR11413686.80	maxbin_ERR12405962.011_sub	metabat_ERR6279614.12_sub	semibin_ERR6232382.49_sub	semibin_ERR6279675.47	maxbin_SRR16554775.001	semibin_SRR11413653.97_sub	semibin_SRR16554655.39	metabat_ERR12405990.2	metabat_ERR6232687.8_sub	metabat_SRR25825493.27	maxbin_ERR6279667.001	semibin_SRR11413691.62	semibin_SRR6000945.4	maxbin_SRR16554671.002	metabat_SRR11413649.62	metabat_SRR5930494.64	metabat_ERR12405981.15	maxbin_SRR11413649.010	maxbin_SRR13068842.057_sub	metabat_SRR16554646.5	metabat_SRR20881978.24	semibin_SRR5930502.48	semibin_SRR6000905.60_sub	semibin_SRR5930507.29	semibin_SRR16554630.20	metabat_ERR6271719.4	semibin_SRR25825509.21	metabat_SRR23364235.43	maxbin_SRR5930501.002	metabat_ERR12405956.16	maxbin_ERR12406000.010	metabat_SRR6000877.7	semibin_SRR13022308.4	metabat_ERR12405930.6	semibin_SRR16554707.35_sub	semibin_ERR2162217.22	metabat_ERR12405933.43	semibin_ERR2162223.6	metabat_SRR6000874.30	metabat_SRR16554713.13	semibin_SRR5930499.112	semibin_SRR16168913.44_sub	semibin_SRR6000900.32	semibin_SRR16168903.5	semibin_SRR16554765.8	maxbin_SRR16554755.007_sub	semibin_SRR5930534.80	metabat_SRR6000907.1_sub	maxbin_SRR16554728.024	semibin_SRR8387683.16	maxbin_SRR11413620.019	semibin_SRR25825514.3_sub	metabat_ERR12405985.2	semibin_SRR16554738.0	semibin_SRR11413691.42	maxbin_SRR11413655.009_sub	semibin_SRR20881975.0	metabat_ERR6275681.8	maxbin_SRR16554759.001	metabat_SRR16554662.30_sub	metabat_SRR16554786.10	metabat_ERR6243880.3	semibin_ERR6264280.18	metabat_ERR6281505.14	semibin_SRR16554671.9	maxbin_SRR16554707.013	metabat_SRR16554771.26	maxbin_ERR2162206.004	maxbin_ERR6279655.020	metabat_SRR5930523.5	semibin_SRR11413608.137	metabat_ERR6279651.8	metabat_SRR16554746.22	metabat_ERR12405939.30	metabat_ERR12405970.10	semibin_SRR20881988.7	metabat_ERR6275666.49	metabat_SRR16554744.3	semibin_SRR16168903.11	semibin_SRR11413690.7	metabat_SRR5930536.13	semibin_SRR13022424.5	semibin_ERR12405947.71	metabat_ERR12405918.3	semibin_SRR23364196.21	semibin_SRR16554716.24	metabat_SRR16554626.7	semibin_SRR25825508.4_sub	semibin_SRR13068844.35	semibin_ERR6279614.29	semibin_SRR11413683.102	maxbin_SRR5930501.087_sub	maxbin_SRR16168913.015	semibin_SRR16554739.16	metabat_SRR16168982.24	metabat_SRR13022323.1	semibin_ERR6267712.45	semibin_ERR2162202.11	maxbin_ERR2162223.012	maxbin_SRR25825521.012_sub	metabat_SRR23364233.36	semibin_SRR16554653.1	maxbin_SRR5930508.026	metabat_SRR16554633.8	metabat_SRR16554713.7	semibin_SRR20881980.15_sub	metabat_SRR13022372.10_sub	semibin_ERR6233695.43_sub	maxbin_SRR5930515.007	maxbin_SRR13068818.010	semibin_ERR12405970.61	maxbin_SRR16554787.017_sub	metabat_SRR6000907.39	semibin_SRR25825502.47_sub	maxbin_ERR12405958.009_sub	semibin_ERR6232458.16	semibin_SRR11413688.65_sub	semibin_SRR5930536.88	maxbin_ERR12406009.001	semibin_SRR16554765.35	metabat_ERR2162222.11_sub	maxbin_SRR16554790.013_sub	maxbin_SRR16554733.009	metabat_SRR11413686.6	maxbin_SRR8387707.004_sub	metabat_SRR16554669.41_sub	maxbin_SRR5930518.019_sub	metabat_SRR11413686.5	semibin_SRR13068817.76	semibin_SRR20881986.74	semibin_SRR23364193.36	metabat_SRR5930514.58	semibin_SRR16554673.13	semibin_ERR2162202.9	semibin_SRR5930501.2	semibin_ERR2162208.7	metabat_SRR16554665.10	metabat_SRR13068853.24	semibin_ERR6279669.74	semibin_SRR16554776.8	metabat_SRR13068851.17	metabat_ERR6279627.10	semibin_SRR11413679.4	metabat_ERR2162214.7	metabat_SRR11413647.31	metabat_ERR2162213.1	metabat_SRR16168896.4	metabat_ERR12405997.59	semibin_SRR6000944.44	maxbin_SRR11413646.009	metabat_ERR12405954.8	metabat_SRR13068832.4	semibin_SRR20881980.56	maxbin_SRR5930507.045	semibin_SRR5930495.29	maxbin_ERR6282070.040_sub	semibin_ERR6233693.7	metabat_SRR11413613.2	semibin_SRR16168945.59_sub	semibin_ERR12405923.28	semibin_SRR6000901.29	metabat_SRR16554687.19	semibin_SRR23364183.27	metabat_ERR12405985.26	semibin_SRR11413689.18	maxbin_SRR5930497.004	metabat_SRR5930527.86	semibin_SRR6000896.44	metabat_ERR6281586.4	metabat_SRR5930529.3	metabat_SRR6000949.51_sub	semibin_SRR11413689.110	maxbin_SRR6000869.050	semibin_SRR11413691.40_sub	metabat_SRR13068828.29	metabat_ERR12405917.12	semibin_SRR16554633.6	maxbin_SRR16554652.022_sub	metabat_SRR11413685.32	semibin_SRR13022464.9	semibin_SRR11413690.11	maxbin_SRR5930504.027	metabat_SRR13068838.21	semibin_ERR12405916.16	metabat_SRR11413612.18	maxbin_SRR23364191.039_sub	metabat_SRR16554654.18	metabat_SRR11413687.86	metabat_SRR5930529.8	semibin_SRR5930498.118	maxbin_SRR11413612.015_sub	metabat_SRR11413689.14	metabat_ERR6281658.13	semibin_SRR11413691.52	metabat_SRR25825507.13_sub	semibin_SRR8387707.23	semibin_ERR12405918.0	metabat_SRR16554711.16	semibin_ERR12406007.1	metabat_SRR11413620.24	metabat_SRR11413619.66	metabat_SRR5930526.41	metabat_SRR11413619.35	maxbin_SRR11413681.013	metabat_SRR11413689.27	metabat_ERR12405924.12	semibin_SRR20881984.28	semibin_ERR12406009.9_sub	semibin_SRR11413606.50	maxbin_ERR6232523.003	semibin_ERR6267712.18	metabat_SRR5930498.82	semibin_ERR6279661.80	maxbin_SRR11413617.028_sub	maxbin_ERR12405962.006	metabat_SRR23364213.66	semibin_ERR12405915.41_sub	semibin_SRR11413654.21	metabat_SRR25825510.12_sub	semibin_SRR13068827.60	maxbin_SRR23364231.030_sub	semibin_SRR13022424.6	metabat_SRR11413618.48	maxbin_SRR11413691.019
SRR11413606	0.042944284958611	0.0331819714360149	0.0702064610200958	0.0501205777943301	0.0548908878169659	0	0.0317679023424852	0.0407784898422107	0.045863841937873	0.0445304909119802	0.0498446146757802	0.0461688823890186	0	0	0	0.0323486085169195	0	0	0	0	0	0.0153852855698743	0	0	0	0	0	0	0	0	0	0	0.0143090044906201	0	0.00722312732158629	0	0	0	0.0165277185156617	0	0	0.00448775870060672	0.00591115490008717	0.00546418026751725	0	0.00150388405803746	0	0	0.00519231653390513	0	0	0	0	0	0	0	0.0174572070016537	0.00375351806869945	0.00158232033796347	0.00537353769065155	0	0.00353830958554421	0	0	0	0	0	0	0	0	0	0.00653114665630359	0.0198356365076658	0.00485099012738633	0.00383453325197436	0.00393731398542629	0	0	0	0.00378994183603868	0.00221081254412584	0.00381093929397518	0	0.00374778603437025	0.00465348326238034	0.00361226941901774	0.00365793699643677	0.00162144619922548	0.00631111945398542	0	0.00365180417540208	0	0.00522272229005223	0	0	0.00345287996199769	0.00350913067295888	0	0.00279938213569063	0.00374961755723042	0	0.00283808576466602	0	0	0	0.00345810426934366	0.00264508332927672	0	0	0.00372308179449036	0	0	0	0.00311967893508924	0.00686068132340825	0	0	0	0.00205086321747052	0	0	0	0	0	0	0	0	0	0.00200609671727252	0.00127029015845855	0.00499950418547877	0	0	0	0.00398174638047401	0	0	0.00184861593487809	0.00779641082885608	0.00278105580604844	0	0	0	0.00431306668136836	0.00279693182882707	0.0434565192490478	0	0	0	0.00305896542476084	0	0	0	0	0	0	0	0.0380770271135384	0.00361487650971761	0.00174417938403343	0.00593687600158901	0	0	0	0	0	0.00177594444798531	0	0	0	0	0.00214620390563965	0	0	0	0	0	0	0	0	0	0	0	0	0.00159127335887413	0	0.00114745697012776	0	0.00132591511765328	0	0	0.00180591791717517	0	0.00668219215482819	0.00311342422879607	0	0	0	0	0.0269125142516262	0.00177778099751776	0	0	0.00118003230125004	0.00411072243523684	0	0.00296961232917848	0	0	0	0	0.00377914468965142	0	0	0	0.00266438332159189	0	0	0	0.00176336984725239	0.00206056353861527	0.00266859068310011	0	0	0.00702622551924258	0	0	0	0	0	0.0114239420702863	0	0	0.00291690727184275	0	0	0	0.00190032301582689	0	0	0.0018655495692148	0.00177361674255019	0.00100565956726443	0.00230130025376216	0.00278646360947864	0
SRR11413607	0.0246731714788893	0.0262821764058932	0.0588997731990026	0.0423086863162259	0.041936279827178	0.048456274105349	0.00328653903283441	0.0361631587388285	0.0372473190570476	0.0357598584864685	0.0411458351290698	0.0159923951428333	0.0366926686588115	0	0	0.0125300484553788	0.016377373801716	0	0.0470858871010958	0	0	0	0.0095713210773861	0	0	0	0	0.0202923113791221	0.00851313394695167	0	0	0	0.00171161514688178	0	0.00357389593383504	0.00234829879512919	0	0	0.0104445631542511	0.0140745786778556	0.0237666090364285	0	0.00483097871673469	0	0.0135716089716406	0	0.0120419978968744	0	0.00141925463249702	0.0118599411886203	0	0.0168459118696537	0	0.0109767214720214	0	0	0.0236651827844079	0	0	0.00346768827495827	0.0248830487066322	0	0.00158785477449979	0	0	0	0	0	0	0	0.00868992286080186	0	0.0260535033362736	0	0.00509130234687067	0.00486032792548338	0	0	0	0.00488409846592922	0.00570784747119324	0.00473783690354597	0	0.00471216343155811	0.00597276781583158	0.00468976464316043	0.00498199238655321	0.00611521160060799	0.00692256704174992	0.0103496936100502	0.00463225302396191	0.00409433066226056	0.00642942236030894	0.0100334771989314	0.00278020813788523	0.00450283229578707	0.00436262767328231	0.00459342613245649	0	0.00842579737864704	0	0	0	0	0	0.0103288075237084	0	0	0	0.0108655222807859	0	0	0	0.00391243756758376	0.00516070738926685	0	0	0	0	0	0	0	0	0.00404855385214713	0	0.00496748334537531	0	0	0	0	0	0	0	0	0	0	0	0	0	0.00245883164949337	0	0	0	0	0.00400761837427991	0.00213719095600695	0	0	0	0.0060771920954629	0	0	0	0	0	0	0	0.00172283782138772	0	0	0	0	0	0	0	0	0	0	0	0	0	0	0	0	0	0	0	0	0	0	0	0	0	0	0	0	0	0	0.0012313448472634	0	0	0	0	0	0	0	0.00243143578434382	0	0	0	0	0.00456873137002492	0	0	0	0	0.00425762830545427	0	0	0.00464807377696201	0	0	0	0	0	0.00211175576481703	0	0	0	0	0.00152440805148721	0.00170973380748271	0.00905379923591407	0	0	0	0.00143739866605293	0.00133843731501678	0	0.00988112019332965	0	0	0	0	0	0	0	0	0	0	0	0	0	0	0	0.00221161395021922
SRR11413608	0.0457443168105922	0.0281514010287222	0.028278767959523	0.0266033396843875	0.0361880244667454	0.070255510677492	0.0246149275988341	0.0249674638220462	0.0199463651798996	0.0250542589324499	0.021865180875055	0	0.044688378663313	0	0	0	0.00920651403700996	0.0202509026699723	0	0	0	0.0192037500101597	0	0.0148459721782541	0.0145762950041483	0	0	0.0124990543228468	0.0056014521958992	0.012163030929115	0	0	0.00420756943105965	0	0.00408046056446721	0	0	0	0.0142746627635722	0	0	0	0.00325793919955556	0	0.00969062277855482	0	0.0157559925718643	0	0.00226776239703944	0	0	0.00233934983371271	0	0.0140777218967582	0	0	0.0116149798112432	0	0	0.00308982812411934	0	0	0.00238541004739225	0	0	0	0	0	0	0	0	0.00979069468800577	0.0129504611632457	0	0	0	0	0	0	0	0	0	0	0	0	0	0	0	0.00620312208757406	0	0	0	0.0104053197194246	0	0.00273167242936851	0	0	0	0.0116811623960416	0	0	0	0	0	0.00995362013723529	0	0.0111997221554663	0.0093645340248988	0	0.00366124521537521	0	0	0	0	0	0	0	0.00994096201534182	0.0134953046589594	0.00927841841351502	0	0.0109012438114168	0.00967373835084205	0	0.00835589494536667	0	0.00914514977466277	0	0.0128691745198564	0.00396787941098483	0.00205833609996932	0.00987069624888439	0	0	0	0.0128360265240864	0	0	0	0.0209083517806843	0.00937579263943488	0	0	0	0	0.0038904017774252	0	0	0	0	0.00257595165313633	0	0	0.0042368754597762	0	0	0	0.00325999101402556	0	0	0.00279780958824518	0	0	0.00684995384786482	0	0	0	0	0	0	0	0.0296315837259106	0	0	0	0.00649163734332595	0	0.00650796586504119	0	0	0	0	0	0	0	0	0	0	0	0	0	0.0245508471432935	0	0.0115161353646592	0	0	0	0	0	0.00250462970180025	0	0	0	0	0.00366572522426073	0	0	0.0218842909243218	0	0	0	0	0	0	0	0.0016714901875906	0	0	0	0.00277350092378714	0	0.00153918172251583	0	0.00175205022656251	0	0	0	0	0	0	0.0125517934175935	0	0	0	0.00687826359490724	0.00707309131787223	0.00586778647768772	0	0.00478344279752099	0	0	0	0.00237987102443043	0	0	0
SRR11413609	0.2009643139269	0.129078071780944	0	0	0	0	0	0	0	0	0	0	0	0.0704988155253337	0.132944285185847	0	0.0130932831289249	0.0042997183819609	0	0	0.0851545277293241	0	0.0573225413317324	0.00345065665501814	0.00313571322068727	0	0	0	0	0	0	0	0	0	0.0154816965086295	0.00758329867118905	0.0236547555743008	0	0	0	0	0	0.0118944734270283	0.0332271278599503	0	0	0	0.0247683243265794	0	0	0.0241925047843142	0	0.023204468110633	0	0	0.0224124728966856	0	0	0.00367652012280637	0.0109583039791531	0	0.0154012787364586	0.00126029896620831	0	0	0	0	0	0	0	0	0	0	0.0154599754840454	0	0	0	0	0	0	0	0	0	0	0	0	0	0	0	0	0	0	0	0	0	0	0	0	0	0	0.0146672463941529	0	0.00988981655368282	0	0	0	0	0	0	0	0	0	0	0	0	0	0.00826450913076301	0	0	0	0.00895621584673692	0	0	0	0	0	0	0	0	0	0	0	0	0	0.00372093407125004	0	0.00244049287599845	0	0	0	0	0	0	0	0	0	0	0	0	0	0	0	0	0	0	0	0	0	0.00314607706300409	0	0	0	0	0	0	0	0	0	0.00249818802229393	0	0	0	0	0	0	0	0	0	0	0	0	0	0	0	0	0	0	0	0	0	0	0	0	0	0.00263538332742244	0	0	0	0	0	0	0	0	0.00636599295761869	0	0	0	0	0	0	0.0025044065014276	0	0	0	0	0	0	0	0	0	0	0	0	0	0	0	0	0	0	0	0	0	0	0	0	0	0	0	0	0	0.00179331094099528	0	0	0	0	0
SRR11413610	0	0	0.0209764801890365	0.00914403849412371	0.00986745847147058	0.0855813076414202	0.0120172087594562	0.0077599683501525	0.00790807864092616	0.00739633708869971	0.00975598326844954	0.0211418123946169	0.05084956084999	0	0	0.0115938047884504	0.0169506647178871	0.0152819681303633	0	0	0	0.0597242735193432	0	0.0126472012588119	0.0119777900923968	0.00532413955172762	0	0.00443349745058229	0.0056317444006704	0.0227225789878749	0.00511277294905961	0.00453537473370613	0.00324270426149712	0	0	0	0	0.00447788973989077	0	0	0	0.00754774031013021	0	0.0094439043332544	0	0.00546942761293278	0.0173615442307276	0	0	0	0	0	0	0.0174261853558018	0	0	0	0	0	0	0	0	0.00175834508912943	0	0	0	0	0	0	0	0	0.0152751862739675	0	0	0	0	0	0.00449876801081533	0	0	0	0	0	0	0	0	0	0	0.0046596346565023	0	0	0	0	0	0	0	0	0	0.0172566688480212	0	0	0	0	0	0.00344191950420038	0	0.0163205076598749	0.00321474274066289	0	0.00328150791519704	0.00655595981832572	0	0	0	0	0	0	0.00341380830291575	0.00223127687873933	0.00320565069148708	0	0.00380830443039017	0.00312505747091112	0	0.00286860266388346	0	0.00306865952561289	0.00460038555899282	0	0.00179248617900851	0	0.00346503035199319	0	0	0.00273835586906263	0.00982216862692654	0	0.00884565065820084	0.00637446595430422	0.00335688531274682	0.00509820698946313	0	0	0	0	0.00980507586183182	0.00943098869397565	0.00870523464540977	0	0	0	0.0092029037947099	0.00932683267477018	0.0607923602955262	0.00203897687000048	0	0.011016482746511	0.00788200215500342	0.00235347151508616	0.0086988475666272	0.00482188647011174	0	0	0	0	0.00315197531179351	0.00826696835071009	0	0	0	0	0.0121426764354426	0	0.00947152838785349	0.00881613003158942	0.0283546847907186	0	0	0.00836861251709916	0.00326993643332385	0.00781405844911154	0	0	0	0.00779758788020893	0	0	0	0.00155772660167589	0	0	0.00992971251151147	0.00909065369136143	0	0	0.00840208182625676	0	0	0	0.00621444699774102	0.00752122680086249	0	0	0	0.00264820729056329	0	0.0112062513297955	0.00826183915283418	0	0	0	0.00263732808193211	0	0	0	0	0	0	0	0	0	0	0	0	0.00454443312581282	0	0.0027653425655673	0	0	0	0	0	0	0.00229997500975865	0.0142723969847809	0.0131475403207668	0	0	0.0115351297128534	0	0	0	0.00523292575759886	0.00479154663056491	0.00503033717556181	0
SRR11413611	0.0176375117250372	0.0184526180142429	0.0280570691908237	0.0156331288728549	0.0171082706685505	0.0435601815495232	0.0302216659965569	0.0151482872682088	0.013673348809229	0.0129097802859132	0.016842318832612	0	0.0456145975050136	0	0.00513872054374389	0	0.0308504876779837	0	0.00683418576824573	0	0.0107860071284678	0	0	0	0	0	0	0.0195559239908793	0.0305033506347205	0.012541046619225	0	0	0.0204207702777295	0.0197980290182021	0.00765162541765171	0.0114173745941752	0	0	0	0	0	0	0.00858263112694101	0	0.0250039009927688	0.00622034236167025	0	0	0.00300918741092462	0	0	0.0137588248233373	0	0	0	0	0.00866627063936759	0	0.00338072610029234	0.00740564109882972	0.0034715994803	0.00488284421042713	0.00570640391442204	0	0	0	0	0	0	0	0	0.0033154880094682	0.0105239324140871	0.00312866762103176	0.00684108541212734	0.00771318195042449	0	0.00452782526809254	0	0.00692038457674233	0	0.0067671688904389	0	0.00640934507736689	0.00850681067327978	0.00646968554856114	0.00671597663336747	0	0.0197860155516699	0	0.00679508453439164	0.0146659855793076	0.00820812226265397	0	0.00412453980972888	0.00720024316487208	0.00666062937955383	0	0.0189312610993466	0	0	0	0	0	0.00426073358148775	0	0.017954073082879	0.00376736477974824	0.00313985740946439	0.00253458758724362	0.00203766082809693	0	0.0187059539647292	0.00589796988840018	0	0	0	0.00396579751763246	0.0103406791570275	0.00379518470194657	0	0.00447113813578433	0.00372750999048657	0	0.00341912948147689	0	0	0	0.00923069688450139	0	0.00629788322650622	0.00418128697777697	0	0	0	0.00428719891461345	0	0	0.00409808770551264	0.0141534022825156	0.00680538482908215	0	0	0.00530326135050428	0	0.0251455657996303	0	0	0	0.0247126738118447	0	0	0	0	0	0	0	0.0207786951102276	0	0	0	0	0	0	0	0	0	0	0.00317328273808109	0	0	0.00729696449538324	0	0	0	0	0	0	0	0	0	0	0	0.00618199452698753	0	0	0	0	0.00188425336304013	0	0	0.00621924590681125	0	0	0	0	0	0	0	0.0147173996571926	0	0.00607660738718839	0	0	0.00772098828492159	0	0	0.00500044984317561	0	0.00661888134408297	0	0	0	0	0	0	0	0	0	0	0	0	0.00516549706646162	0	0	0	0.00238912559001611	0	0	0	0	0	0	0.00382094321033623	0	0	0	0	0.00272388740294951	0	0	0	0.00334259617886978	0	0	0
SRR11413612	0.133246130172725	0.0772707627480561	0.0315839847154493	0.0195011130277162	0.0205366410512434	0.0481251694582187	0.0757814015960244	0.0180373408690598	0.0180204694226829	0.0163201286373225	0.019499831901821	0.0152113149037444	0.0445247876677505	0	0	0.022422829855099	0	0	0	0	0	0	0	0	0	0.00649992422443286	0.0172495012426622	0	0	0	0.0057061379754719	0.00587287605609867	0	0	0.00275089167759058	0	0.00490412577904469	0.00574254932392801	0.030796703613596	0	0	0.0449825682722978	0.0032318039951702	0.00248012329463342	0	0.0156828902089992	0.0203263668871789	0.00577562927799088	0	0	0.00511195568383399	0	0	0.0201053727398812	0.012008581405522	0	0.00528968819918021	0	0	0.00279861580699151	0	0	0	0.0136496121603698	0	0.015368883205906	0.0150489204289507	0.0132061711277714	0	0.0134731916496856	0	0	0.00603868485762397	0	0	0	0.0142922324387186	0.0125534120653668	0	0	0	0	0	0	0	0	0	0	0.00915707854736158	0	0	0.00436793660236014	0	0	0	0	0	0	0	0.00344215801670861	0	0	0	0.0101670120001777	0	0.0018144923994876	0	0	0	0	0	0	0	0	0.00199491007734983	0	0	0	0	0	0	0	0	0	0	0	0	0	0	0.00210262031850817	0	0	0.00116190784035701	0	0.0013346574828949	0	0	0	0	0	0	0	0	0	0	0	0	0	0	0	0	0	0	0	0	0	0	0	0.0011459549968667	0	0	0	0	0	0	0	0.00130234437924393	0	0	0	0.00162556348371507	0	0	0	0	0	0	0	0	0	0	0	0	0	0	0	0	0	0	0	0	0	0	0	0.0017390825074256	0	0	0	0	0	0.00140234941513801	0	0	0	0	0	0.0202663210937035	0	0	0	0	0	0.014999300333952	0	0	0	0	0	0	0	0	0	0.00300758373013191	0.00107762738359592	0	0.011329330239433	0.00676884187319863	0	0	0	0	0	0	0	0.00462414783541705	0.00423021278327489	0	0.00171552538639482	0.00316017061889594	0.0017157682587212	0.00175256160559957	0.00156522116427667	0	0	0	0
SRR11413613	0.0641159695362484	0.0337858307461804	0.0383657253815448	0.0274306756630124	0.0265737539289743	0	0	0.0236021093781526	0.0241430122488417	0.0223209791536144	0.0264029800864864	0	0	0	0.00551953981141926	0	0.0223980457413893	0.0118298562352301	0.00784208192203118	0	0.00720607927885439	0.00153597970067535	0	0.00917182406995937	0.00836468434664674	0	0	0	0	0	0	0	0	0	0.00847187351377892	0	0.0422154022918906	0	0	0	0.00391219140623762	0.0258885537292695	0.00682558238100287	0.0212639807895444	0	0	0	0.0369910642050895	0	0	0.0347563554484869	0	0.0367550898789876	0	0.00633102814823017	0.0387684006606868	0.033069866441015	0	0	0.006602804015217	0.00399062207989195	0.0105884308994053	0	0.00799614576095788	0	0	0	0	0	0	0	0	0.0307099206821713	0.0120425488092196	0	0	0.0114758795325777	0	0	0	0	0	0	0	0	0	0	0	0	0.00558554917390942	0	0	0	0	0	0	0	0.0101913491864835	0	0	0.0100577136300141	0	0	0.00437549684448366	0	0	0	0	0	0	0.00991830257083834	0	0	0	0	0	0	0	0.00179559665491534	0	0	0	0	0.0106065038808518	0	0	0	0.00829417972853333	0	0	0	0	0	0	0.00164039290658521	0.00585655089103872	0	0.00252720352353695	0	0.00293722420501566	0	0	0	0	0	0	0	0	0	0	0	0	0	0	0	0	0	0	0	0.00262607433098729	0	0.00558584797883117	0	0	0	0.00480757581044956	0.00323084507798973	0.00491898803347721	0.00252889860579729	0.00526167399524385	0.0043406951464862	0	0.00485656914244825	0	0	0	0	0	0.00285889959876674	0.0124462484811887	0.00251623223224135	0.0047816442191483	0.00474778624525052	0	0.00325353509381173	0.00472316464450932	0	0	0	0.00467623614733595	0.00482176135080864	0	0	0	0	0	0	0.00449126740574896	0	0	0.00323088234430237	0	0.00478020609132529	0	0	0	0.00328774549978685	0	0	0	0	0	0	0	0	0.00433220808093683	0	0	0	0	0.00391471749388329	0.00505586696750868	0	0	0	0	0	0	0	0	0	0	0	0	0	0	0	0.0198460335074277	0	0.0176472152911442	0.0204422303730455	0.0169380197109907	0	0	0	0
SRR11413614	0.0143478404804149	0	0	0	0	0	0	0	0	0	0	0	0	0	0	0	0.0447295215178047	0	0	0	0	0	0	0	0	0	0.0161293204408147	0.0169901964399547	0.00794916522060401	0	0	0	0	0	0.0138326493089734	0	0	0	0	0	0	0	0.0190044665281726	0	0	0	0	0	0	0	0	0	0	0	0	0	0.0335287440894919	0	0	0.0136865821193896	0	0	0	0	0	0	0	0	0.107086350738635	0	0	0	0.0365722681204623	0	0	0	0	0	0	0	0	0	0	0	0	0	0	0	0	0	0	0	0	0	0	0	0	0	0	0.0193421401539435	0	0	0	0	0	0.0101520015167361	0	0	0	0	0.0379882102300693	0	0	0	0.0165512748706301	0	0	0	0	0	0	0	0	0	0	0	0	0.030991275363137	0	0	0	0	0	0	0	0	0	0	0	0	0	0	0	0	0.013793832985092	0.140704720638773	0	0	0	0	0	0	0	0	0	0	0	0.114318275442115	0	0	0	0	0	0	0	0	0	0	0	0	0	0	0	0	0	0	0	0	0	0	0	0	0	0	0	0	0	0	0.0127737193389171	0	0	0	0	0	0	0.0592579517555186	0	0	0	0.080433980520673	0	0	0	0	0	0.022533026621218	0	0	0	0	0	0	0	0	0	0.0410401939128547	0	0	0	0	0.0353060612651619	0.0335659077032986	0	0	0	0	0	0	0	0	0	0	0.00739032267714494	0	0	0	0	0	0	0	0	0	0	0	0	0
SRR11413615	0	0.0231654636546123	0.0743701482181618	0.0619956093592358	0.0611368908683246	0.050546758976594	0.0153564283061971	0.0506312614798229	0.0552638788055979	0.0551420809727191	0.0502740674858272	0.0782985563848732	0.0313866725787373	0.0148397929034501	0.0104450757723891	0.0479516675435645	0.0124854709757089	0	0	0.0183784575724578	0.0103614190826305	0	0.011290490291497	0	0	0	0	0.021026407953696	0.00433725577091048	0.0305799679703603	0	0	0	0.00992195741887742	0.00205873380072415	0	0	0	0	0	0	0	0.00247837422993425	0.00288553789155029	0	0.00382697705635009	0.0104380427289289	0	0	0	0	0	0	0.0105374405620745	0	0	0.00736791425704105	0	0	0	0	0	0	0	0	0	0	0	0	0	0	0.0161981450509913	0.006887455724255	0	0.00176498075069365	0.00182541431835289	0	0	0	0	0	0	0	0	0.00228272162919944	0	0	0	0.0061603649857144	0	0	0	0.00238799340412942	0	0	0	0	0	0.00258089688049243	0.00812351507540895	0	0	0	0	0	0	0.00249541109168825	0	0	0.00253160174460759	0	0	0	0	0.00507195000734553	0	0	0	0	0	0	0	0	0	0	0	0	0	0	0	0	0	0	0	0.00116285349056108	0.00933051206733109	0	0	0.00610268827656645	0	0.00280356299019076	0.00453617419411772	0	0	0.00472565890279964	0.00451585320676908	0	0	0	0.00246458179365741	0	0	0	0	0	0	0	0.00401125329956511	0	0	0.00321289950595722	0	0	0	0	0	0	0	0	0	0	0.00244773002822863	0	0	0	0	0	0	0	0	0	0	0	0.00229730896257893	0	0	0	0	0	0	0	0	0	0	0	0	0.00291904138843061	0	0.00218936642908619	0.00273566997287198	0	0.00228579456092551	0	0	0	0	0.00175829069016494	0	0	0.00246815214676005	0	0	0	0	0	0.00147982910020529	0	0	0	0	0.00122606397875382	0.00128062175450018	0	0	0	0.00225185195492309	0.00329161764861817	0	0	0	0.0129213067057698	0	0	0.0124682603670191	0.0020840512902009	0.00217805156216824	0	0	0	0.00176170219555198	0	0	0	0	0	0
SRR11413617	0.228100713844438	0.138339646596499	0	0	0	0	0	0	0	0	0	0	0	0	0	0	0	0	0	0.0623662892775845	0	0	0	0	0	0	0.0233746637611688	0	0	0	0	0	0	0	0	0	0	0	0	0	0	0	0	0.0165111300804444	0	0.0240236065002259	0	0	0	0	0	0	0	0	0.0102192542411302	0	0.00524682418253138	0	0	0	0	0.0070331913945097	0.00424952385830191	0.0152139388881103	0	0	0.0152407143717886	0	0	0.0132685846940627	0	0	0.00563286001774549	0.0080368626835377	0	0	0	0.0120518288036147	0.00361114174855349	0	0	0	0	0	0	0	0	0.00273454755938555	0	0	0	0	0	0	0	0	0	0	0	0	0.00676938336403277	0	0.00187398974226955	0	0.0293723022187345	0.00299546642464185	0	0.0276362370211022	0	0	0	0	0	0	0	0.00442471114637327	0.00158544427461757	0.0266258656566096	0	0.0266916281113258	0.00150818622770183	0.0255348803627848	0.0260653823783869	0	0.0255170947635708	0	0.0253432201174048	0	0	0	0.00903658053203209	0.0267384830653268	0	0	0	0	0	0	0	0	0.0190017520855443	0	0.00444441912973322	0.0076438901722219	0	0	0	0	0.00345244803321005	0	0	0	0	0	0	0	0	0	0	0	0	0	0	0.0204649491839374	0.00345086577194271	0	0	0	0	0	0	0	0	0	0	0	0	0.0206885659081189	0	0	0	0	0	0	0	0	0	0	0	0	0	0	0	0	0	0	0	0	0	0	0	0	0	0	0	0	0.0435786202254669	0	0	0	0	0	0	0	0	0.00246385597763024	0	0	0	0	0.00365616363477308	0.00218601687865039	0	0	0	0	0	0	0	0	0	0	0	0	0	0.00599427508822247	0	0	0	0	0	0	0	0	0	0
SRR11413618	0.020226114064101	0.0160800881428989	0.0137595075359459	0.0130064448735708	0.0147688452129654	0.0293554778019695	0	0.0115060860579438	0.00789544535272694	0.0110878859724008	0.00991861465621138	0.00386781010207818	0.0217049692180209	0.00642116701361889	0	0.00490655032757343	0.0146404102374633	0	0	0.0213632825096238	0	0.00457277483965865	0.0104725116228723	0	0	0	0	0.0392007160801949	0.00237284655380092	0	0	0	0	0	0.00499956965795691	0	0	0	0.00691516360657809	0	0	0	0.00416678266278854	0.00215258376437264	0.0134366082965524	0	0.00706696969170421	0	0	0	0	0.0104632390909539	0	0.00650077711963787	0	0	0	0	0.00302845085382554	0.00416632457823608	0	0.00182862157855873	0.00192688460285709	0	0.00156745747471472	0	0	0	0.0187051538859023	0	0	0	0	0.0020329087274263	0.00492454051773862	0.0048480379686324	0	0	0	0.0048416981866259	0.0252572384790511	0.0046508555860226	0	0.00467833188516901	0.00556105575706409	0.00452061763306181	0.00495429880732376	0	0.0205186767048114	0	0.00475331065010935	0.00208638809252573	0.00623686292548477	0	0.00208333579427231	0.00483885513730819	0.00431562841754387	0	0.116820530573569	0.0022231964109644	0	0	0	0	0.00277821491069399	0	0.109713797209757	0.00241110066659918	0.0017546523109725	0.00255368534873051	0.00535212541806268	0	0.0476953868489833	0.00406789232240122	0.00193786978297545	0	0	0.00268970600994488	0.00601525315489705	0.00240495055532144	0	0.00388135993645093	0.00251188841585051	0	0.00247490377444241	0	0.00253748596359867	0.00440679429286965	0.00544048727026863	0.00167986039143132	0	0.00286108102688133	0	0.00181759608854362	0.0022861974592312	0.0025768621920937	0	0	0.00375095014273887	0.00858266417016733	0.0054645062724485	0.00458994841190275	0	0	0.00209400027812628	0.0173614180710328	0	0	0	0.0104759688064608	0	0	0	0	0.00198547524913116	0	0	0.0136418240124513	0.00206919581221372	0.00152787624932968	0	0	0	0.00210720067166755	0	0	0.00194410454099787	0	0	0	0	0	0	0	0	0	0	0	0.00176682585396311	0	0.00164015335567004	0	0	0.00774638934699407	0.00190233933153136	0	0	0	0.00274231646581649	0	0	0	0	0	0.00169473314722167	0	0.00235700003988499	0	0.0078329826606789	0.00982326751917702	0.00222213783048262	0.00814835287342244	0	0.00459541318925686	0.00521084895711826	0	0	0	0	0.00857399299776258	0.00198575074672405	0	0	0	0	0.00317721630302689	0.00167302976130238	0	0	0	0.0022511959814967	0.00203490319249665	0.0153124043737036	0.00133193603944194	0	0	0	0	0.00139535891174255	0	0	0	0	0	0	0	0	0	0.00172445578224421	0	0	0	0.0021720453043625	0	0.00904216269982459	0
SRR11413619	0	0	0.0326292795499311	0.0250675640676419	0.0187438014439657	0.0133280321046075	0.032363216484977	0.0157871145307535	0.0145997492794222	0.0142742157985995	0.0177770825488006	0.0133172482026875	0.0159061756055844	0.025417945469796	0.0631026741557944	0.00881911059899736	0.0247887732699102	0	0.0144452019053753	0.0105989314448579	0.0298865319752971	0	0.0262461811761185	0	0	0	0	0	0.00209643551891308	0	0	0	0	0.00457697013695407	0	0.0237885054336499	0.00813130643480574	0	0	0	0	0	0.00195879101811768	0.002928183990466	0	0.00395510386428735	0	0.00914852050154074	0	0	0.00814900581644226	0	0	0	0	0	0.0252315004675658	0	0	0	0	0	0	0	0	0	0	0	0	0	0	0.00681541927993632	0.0244207984977745	0	0	0	0.00298810357303105	0.003801923775048	0	0	0.00362347522840775	0	0	0	0	0	0	0.00261042471595163	0	0.197468802032973	0	0	0	0.05343756451051	0	0	0	0	0	0.00185032369646299	0	0	0	0	0	0.00474116534586238	0	0	0	0	0	0	0	0	0	0.00382362972729892	0	0	0	0	0	0	0	0	0	0	0	0	0	0	0	0	0	0	0	0	0	0	0.00168465290657749	0	0	0.00171144119133667	0.00348264504833984	0	0	0.0218097654784583	0	0	0.00345716903426475	0	0	0	0	0	0	0	0	0.0168453772717237	0	0	0.00216044237385279	0	0	0	0.0031620814644623	0	0	0	0	0	0	0	0	0	0	0	0	0	0	0	0	0	0	0	0	0	0	0	0.00126506993761393	0	0	0	0	0	0	0	0.00129999511887108	0	0	0.0122613572086808	0	0	0	0.00120579457786398	0.00138349716649887	0.00334621308396914	0.00390555605622294	0	0	0	0	0	0	0.00440996423084872	0	0.00584593934742808	0	0	0	0.00694674489643989	0.00550175549488289	0.00530210064691297	0.0238162544150208	0.00209919238297132	0.0123977796975105	0.00234640648027316	0.00324175517652379	0	0	0	0	0	0	0	0	0	0	0.0100245048660777	0	0.00900478099224406	0.00875392109550271	0.00868305917950951	0	0	0	0
SRR11413620	0.0724876499568909	0.0574618944845195	0.0487840065844304	0.0466326422579697	0.0553407713570113	0.017983721396091	0	0.044015424179567	0.0360812587334055	0.0420844853592363	0.0368479075563941	0.0623032773053563	0.013307523145225	0.0119283194478997	0.00877602547977317	0.0448448209127047	0	0	0	0.0476297853348398	0.0102413499439824	0.00123731266584268	0.0098753643057779	0	0	0.00139775291017984	0	0.0114017285238072	0.00502500439123172	0	0.00131130380870208	0.00121725163407507	0	0	0.00473877527581468	0	0	0.00129068817575559	0	0	0	0	0.00420858863543472	0	0	0	0	0	0	0	0	0	0	0	0.00397889555562253	0	0	0	0	0.00316191189381674	0	0	0	0.00550886096387681	0	0.00659399279945497	0	0	0	0	0	0	0.0210462821109552	0	0.00410741060893206	0.00402281464835583	0.0140905002006263	0	0	0.00416685047053033	0	0.00407339364314727	0	0.00404312780613736	0.00514908147612133	0.00384308433012718	0.00391059362417976	0.00259254426314357	0	0	0.00376508220097987	0	0.00584557872411362	0	0	0.00363259707511119	0.00373186480582003	0.00416737978351289	0	0	0	0	0	0.00522414029580186	0.00299739377771	0.00367074003019811	0	0.00281750947468682	0	0	0	0	0	0.0034969561968476	0	0	0	0.00299905985026625	0.00286032665726188	0.00290382711393594	0	0.00331950960637184	0.00280137724362035	0.00245867534020048	0.00261112047463851	0.00221187990860524	0.00277646211815261	0	0.00273844591130718	0	0	0.00331321119224257	0	0	0.00105995567880252	0.00981642087671513	0	0	0	0.00439308068891068	0.00240302651183356	0	0	0	0	0	0	0	0	0.00365686265523643	0	0	0	0	0	0	0	0	0	0	0	0	0	0.00280975312723336	0	0.00131250525293307	0	0.00169777344640944	0	0	0.00138488550023899	0.00320619984351993	0	0	0	0	0	0.00224831791082744	0	0	0	0	0	0	0	0	0	0	0	0	0	0.00300280889459173	0	0	0	0	0.000911268330058277	0	0	0	0	0	0	0.0219406512882457	0	0	0.0334049468385799	0.00244537216485486	0	0	0	0	0.00131893032471409	0	0	0	0	0	0	0	0	0.00541619517224193	0	0	0.00173220643002658	0	0	0.00172506636032956	0	0	0.00524235633328597	0	0	0	0.00863315129947143	0.00934723105083521	0	0.00263763457781435	0	0.00285115687826916	0.00248815977114849	0.00253230632909852	0	0	0	0.00129466052544342
SRR11413645	0	0	0.0302471592848093	0.0264387366511589	0.0255737072098231	0.0325410952274755	0.0265954937454759	0.0238549960016927	0.0209169350179647	0.0246550445615572	0.0220186155216694	0.102991522780693	0.0266752859257707	0	0	0.0599473744994068	0.0169472015654914	0	0	0.0137269215724112	0	0	0	0	0	0	0	0.0176015911777462	0.00668048306429333	0	0	0	0	0	0.00417774108456478	0.00320164599564258	0	0	0	0	0	0	0.00500209869479103	0.00441390206487141	0	0	0	0	0	0	0	0	0	0	0	0	0.00602041765133498	0	0	0	0	0	0	0	0	0	0	0	0.0253385396556429	0.00732184689955675	0	0.00948667179197498	0.00779676428892241	0	0	0	0	0	0.022110733937191	0	0	0	0	0	0	0	0	0.00397230204540141	0.0313764197318063	0	0	0	0	0	0	0	0	0	0	0.0277952123422516	0	0	0	0	0	0.00550977381060941	0	0	0	0.0107965270441767	0	0	0	0	0.0222360423933551	0	0	0	0	0	0	0	0	0	0	0	0	0	0	0	0.0110115536716595	0	0	0	0	0.027987108918096	0	0	0.0188517300049044	0	0.0075009970488325	0	0	0.00961236758516711	0.0185004696105417	0.0144792204020378	0	0	0	0.0160841517306694	0	0	0	0	0	0	0	0.0121096467490797	0	0	0	0	0	0	0	0	0	0	0	0	0	0.0112710982805198	0	0	0	0	0	0	0	0	0	0	0	0.00976808506483502	0	0	0	0	0	0	0	0.0104980819607763	0	0	0	0	0	0	0.00931813625608084	0.00864327330770459	0	0.0096633573949601	0	0	0	0.00435446055808992	0.0223544450189883	0.00871407374911455	0	0.010297984491836	0	0	0	0.0310205005619922	0	0.00396069402751503	0	0	0	0	0.00328521688165304	0.00373999853569391	0.02156890469902	0	0	0	0	0.00721678438025378	0	0	0	0	0	0	0	0	0	0	0.0100860552790124	0	0	0	0.00413280059143286	0	0	0
SRR11413646	0	0	0	0	0	0	0	0	0	0	0	0	0	0	0	0	0	0	0	0	0	0	0	0	0	0.00593289574525659	0	0	0	0	0.00489899571139455	0.00486046581285747	0	0	0	0	0	0.0048974612701628	0	0	0	0	0	0	0	0	0	0	0	0	0	0	0	0	0	0	0.268753351968915	0	0	0	0	0	0	0	0	0	0	0	0	0	0	0	0.300393829521742	0	0	0	0	0	0	0	0	0	0	0	0	0	0	0.00960617752101904	0	0	0	0	0	0	0	0	0	0	0	0	0	0	0.00774228874932937	0	0	0.0189866469384726	0	0	0	0	0	0	0	0	0	0.0100729784745531	0.00684641622652308	0	0	0	0.00631328373719421	0	0	0	0	0	0	0	0	0	0	0	0	0	0	0	0	0	0	0	0	0	0.01493889317221	0	0	0	0	0	0.0254463364134042	0	0	0	0	0	0	0	0	0	0	0	0	0	0	0	0.0140614516418692	0	0.00598548762524299	0	0	0	0	0.105578253022585	0	0	0	0	0	0	0	0	0	0	0	0	0	0	0	0	0	0	0	0	0	0	0	0	0	0	0	0	0.0078409059210852	0	0	0.166624528685184	0	0	0	0	0	0	0	0	0	0	0	0	0	0	0	0	0	0	0	0	0	0	0	0	0	0	0	0.0102193518410009	0	0	0	0	0	0	0	0	0	0	0	0	0	0
SRR11413647	0.108922602416652	0.0643136412638922	0.0273543560526268	0.0147058517617725	0.0172652812320651	0.048557236468143	0	0.0179098385001486	0.0128111821841896	0.0114796411587066	0.0159681806275482	0	0.0339633725050016	0.0252616044780555	0.0300692170678822	0	0	0	0	0	0.0305223889423084	0	0.0175489605932915	0	0	0	0	0.0157654163671449	0.0286856029904777	0	0	0	0	0	0.00425616460260258	0	0	0	0	0	0	0.0103715019809478	0.00830011316154911	0	0	0.0113789594586607	0.0130400000623853	0	0	0	0	0	0	0.0122102697669656	0	0	0.0164975469726573	0	0.0025818676357346	0.00441424982959803	0	0	0.0611365745055787	0	0	0	0	0	0	0	0	0	0.0157439929887079	0	0	0	0	0.00524891072607822	0	0	0	0	0	0	0.00239683700345104	0	0	0	0.00833900825046263	0	0	0.0125998137641322	0.00254669170526466	0	0	0	0	0	0	0	0	0	0.00214615317633473	0	0.00787601505122872	0.0037703769510174	0	0.00745117115675023	0	0	0	0	0	0	0	0	0.00177259376830046	0.00709617113636707	0.0036218997944764	0.00815587887298489	0.00178932967718779	0.00743437865579417	0.00713076822608439	0	0.00677727281656249	0	0.00718423451163823	0	0.00328479112763309	0.00347418891606879	0.00912991917226583	0.00705075363599082	0	0	0.00368994115127418	0.00603270109320454	0	0	0	0.00546118832781765	0.00501503667457906	0	0	0.00733149415883907	0	0	0	0	0	0	0.00510341501252175	0	0	0	0	0	0	0	0.00328848741008079	0	0	0	0.00460010398970841	0.00607502530450083	0	0	0.00870524161994251	0	0	0	0.00335596621047073	0	0	0	0	0	0	0	0	0	0	0	0	0	0.00249967374517205	0	0	0	0.00611317306382091	0	0	0	0	0	0.00263509765381592	0	0	0	0	0	0.00291989496561426	0	0	0	0	0.00400788548693002	0.0794332997057866	0	0	0	0.00164760755673944	0	0	0	0	0.00826444347944402	0	0	0	0	0.00704727552560577	0.00695999873887093	0	0	0	0	0	0	0	0	0	0	0	0	0	0	0	0	0	0	0.00778301548102352	0	0	0	0	0.00471725997286904
SRR11413648	0.0436615633773409	0.035618941679646	0.0145804253248775	0.00841056177762138	0.00793081014904818	0.00680446823077215	0.0132068279556072	0.00940797051788551	0	0.00596225075062825	0.00856605104615889	0.010350152838266	0.013795590506227	0	0	0	0.0308334741679741	0	0	0.13982564566562	0	0.040876203536358	0	0	0	0	0	0.0182039080047064	0.033356157771644	0	0	0	0	0.0172389770017385	0.0377497115665954	0	0.0580048038004117	0	0	0	0	0.00703552936617843	0.0402086488844287	0	0.0136692549593686	0	0	0	0	0	0	0	0	0	0	0	0.0202972603946176	0	0	0.027942917880718	0	0	0.0167104149566505	0	0	0	0	0	0	0	0	0.024405232807508	0.0227050800680018	0	0	0	0	0	0	0	0.0220604222640384	0	0	0	0	0	0	0	0.0308970948162352	0	0	0	0	0	0.0128410914829587	0	0	0	0.00403669454405343	0	0	0	0	0	0	0	0.00376366328798374	0	0.0115236862133724	0	0.00610114098209513	0	0	0	0	0	0	0	0	0	0	0	0	0	0	0	0	0.00492096549731535	0	0	0.00454444201402767	0	0	0.0111610498751739	0	0	0	0	0	0.00458714420247838	0	0	0	0.00393493562484533	0	0.040670938496678	0	0	0	0	0	0	0	0.0110588730689961	0	0	0	0.0327252636273538	0	0	0	0	0	0	0	0	0	0	0	0	0	0	0	0	0	0	0	0	0	0	0	0	0	0	0	0	0	0	0.0109020865551966	0	0	0	0	0	0	0	0.00548701797720345	0	0	0.0242969327311504	0	0	0	0	0.0121526200378097	0	0	0	0	0	0	0	0	0	0	0	0	0	0	0	0	0	0.00823064050067747	0	0	0	0	0	0	0	0	0	0	0.00674446121375855	0	0	0	0	0	0	0	0	0	0	0	0
SRR11413649	0.0258062144456277	0.0200753456463113	0.0589332638075941	0.041575288122591	0.0413100141720983	0.0527929268517386	0.0086816327697665	0.0342854476913566	0.0353102316063514	0.0335519203674996	0.0385588125892297	0	0.0348613745781471	0	0	0	0.00519216118878218	0	0	0.0238713157306899	0	0.0217902763913524	0	0	0	0.00137432025460189	0.00748628002015988	0.0115755783596599	0.0102910198699757	0	0	0	0	0.00598032985233791	0	0	0.0567824548768535	0	0	0.0344657004166512	0	0	0	0.00582880261265683	0.00538193179669753	0	0.0137499739049257	0	0.00945325663936499	0	0	0	0.0155448123451524	0.0129871515905733	0	0	0.00176647415510018	0	0	0	0	0.00414289141664193	0	0	0	0	0	0	0	0	0	0	0.00240400909376894	0.00337534766131246	0	0	0	0	0.00693390477909305	0	0.00302634192074922	0	0	0	0	0	0	0	0.00651510456545758	0	0	0.00482807926098238	0	0	0.00360114747010849	0	0	0	0.00195799489367749	0.00659123757648521	0	0	0	0	0.0038956164670448	0.00278966060014416	0.00187599112818784	0.00379408662321837	0.00293877008996195	0	0	0	0	0	0.0167062580753112	0	0	0.00392398568681047	0.00534348555722122	0.0035973269754344	0	0.00507262369797506	0.00360139830914273	0	0.00362658155363112	0	0.00406547295809323	0	0.00495631125029865	0	0.0132738578311847	0.00414951093469303	0	0	0	0	0	0.00272423178192626	0	0.00726829304058002	0.00510448055845384	0	0	0.0112048849014528	0.00492688884449479	0.0151031739295191	0.00253620823235897	0.00262366406047807	0	0	0	0.00237901314893999	0.00236913023593984	0.0134330360105623	0	0	0.00222970230393585	0.0123880768614293	0	0.00277127361809462	0.00167832855657623	0	0	0.00280702450833499	0	0	0.00328223618540741	0	0	0	0	0	0	0.00267395750315632	0	0.020737992587283	0	0.00285521839203415	0.0030892986287324	0	0.00309429818693798	0	0	0	0.00305966991065213	0	0	0.00564143932734176	0.005054641632601	0	0	0	0	0.00559898025083007	0	0	0	0	0	0.00892686756444293	0.00533643164091209	0	0	0.0026301169037269	0	0	0.00358098480655782	0	0.00323965709400276	0	0	0.00276973789682158	0	0	0.00225865379695309	0.00316220236058419	0	0.00241151632383802	0	0	0.00197176687653596	0.00184505851271923	0	0	0.0063412493985959	0	0.00173885400716024	0.00132291119645326	0	0	0	0	0	0	0	0	0	0	0.00716264765327881	0	0	0	0	0	0	0.00241489173888705
SRR11413650	0.135596592076998	0.080696071829509	0.0308052414739987	0.0243956920179962	0.0218434973354823	0	0	0.0187903242621673	0.0192922006833255	0.0187917621957845	0.0238490104594628	0.0367473632520161	0	0.0128406937974558	0.0189175721131199	0.0380170314615748	0.0514180993296376	0	0.0029044020097566	0	0.01042683787502	0	0	0	0	0.0096232603989972	0	0.00153487654009209	0.0037321687322412	0	0.00856329232704695	0.00861556999282886	0	0	0.00328384936067686	0	0	0.00841288160113553	0.0408347473541558	0	0	0	0.0045298223818153	0	0.00581411971501948	0.00714352575010583	0	0	0.00595116670479276	0	0	0.00949096203267715	0	0	0.00692188290283996	0	0	0.00479746148079864	0.00561050500030318	0.00334614585761416	0	0.00355264085042485	0	0.00923870946631663	0.00102585360504748	0.0111725570198203	0.0093127319406288	0	0.00151343568120255	0.00790049299708697	0	0	0	0.00357316483439875	0	0	0.0280640326242651	0	0	0	0	0	0	0	0	0	0	0	0	0	0	0.00966196228897381	0	0	0.00525896243630994	0	0	0	0	0.00694478554819053	0	0.0036884695978396	0.00429543464161353	0.0091155252449011	0.012416962703573	0	0	0.0122512547686745	0.00442984123475875	0	0	0.00387823463015903	0	0	0.00496040594426453	0	0.00334875690103455	0.0116931517621347	0	0.0117986633196152	0.00343972350218733	0.0111539031609518	0.0121413253520098	0	0.0110509033942436	0	0.0110435681363195	0	0	0	0	0.0111017554894484	0	0.00426455968514574	0.000888991711824449	0	0.00440160364584037	0	0	0	0.0113681428860344	0	0	0	0.00375482330956716	0	0	0	0	0	0	0	0	0	0	0.00428991722325502	0	0	0.000827349031657484	0	0	0	0	0.00941385651304514	0	0	0	0	0	0	0.00121974147586544	0.00782510622219424	0	0	0	0	0	0.00953518284359788	0	0	0	0	0	0	0	0	0	0	0	0	0	0.00769649228629548	0	0	0	0	0	0	0	0	0	0	0	0	0	0	0	0.00654893134010204	0	0	0	0	0	0	0	0	0	0	0.00165090839216141	0	0	0	0	0	0	0	0	0	0	0	0	0.00374855405057305	0	0	0	0	0	0	0	0	0	0	0	0	0	0
SRR11413652	0	0	0	0	0	0	0	0	0	0	0	0	0	0	0	0	0	0	0.123648031487767	0	0	0	0	0	0	0.0289455337223464	0	0	0	0	0.0258333911288487	0.0262366216510324	0	0	0	0	0	0.0243247126913927	0	0	0.0669745218388817	0	0	0	0	0	0	0	0	0.0559837710153861	0	0	0	0	0	0	0	0	0	0	0.0661601256241992	0	0	0	0	0	0	0	0	0	0	0	0	0	0	0	0	0.00571187357399191	0	0	0	0	0	0	0	0	0	0	0	0.328605844971841	0	0	0	0.100438334838911	0	0	0	0	0	0	0	0	0	0	0	0	0	0	0	0	0	0	0	0	0	0	0	0	0	0	0	0	0	0	0	0	0	0	0	0	0	0	0	0	0	0	0	0.00953412423282217	0	0	0	0	0	0	0	0	0	0.00883518324095839	0	0	0	0.0081368102935142	0.00831280002352707	0	0	0	0.00836537138904625	0	0	0.00888666555687407	0	0	0	0	0	0	0.0107800507521157	0	0	0	0	0	0	0.00916317630186612	0	0	0	0	0.0104891477492503	0	0.00941431650241789	0	0	0	0.0105549695449704	0	0.00514179322127081	0	0	0	0	0	0	0	0	0	0	0	0	0	0.0105550695837722	0	0	0	0	0	0.013164232881717	0	0	0	0.00690775422990999	0	0	0	0	0	0	0	0	0	0	0	0	0	0	0	0	0	0	0	0	0.00889577195136983	0	0	0	0	0	0	0	0	0	0	0	0	0	0
SRR11413653	0.0682911336411457	0.0455143540287537	0.0333146193458215	0.0218168392379033	0.021479499267708	0.0717184831397784	0.075282584688835	0.0196451342083592	0.0186309915093095	0.0179690972088002	0.0210293206660894	0.0102748662568361	0.0768049721696568	0	0.00934695923794597	0.0129972580360489	0.0453601175452967	0	0	0.0344728261452389	0.011412972586444	0	0	0	0	0.00423139954179648	0.0129097121491499	0.0317983543520713	0.0139667768343431	0	0.00398363469218018	0.00383698262795234	0	0.0049465809620083	0.00299245610117652	0	0	0.00363539913929815	0	0.00279833144988874	0	0	0	0	0.0284992628729852	0.00612536865751154	0	0	0	0	0	0	0	0	0.00488382131252258	0	0.0112378054072603	0	0.00191812077473113	0	0	0.00271817988697973	0	0.00676232984525578	0	0.00642761529898663	0	0.00691118246299092	0	0	0	0.0122631345674254	0.01157487974916	0	0	0	0.0114495194882677	0.00470117711130282	0	0	0	0	0	0	0	0	0	0.00311461750344741	0.0227192090729307	0	0	0.00726390109786456	0	0	0	0	0	0	0	0	0	0	0	0.00452713341335067	0	0.00458410042073171	0	0	0	0.00769153292144596	0	0	0	0	0	0	0	0	0	0	0	0	0	0	0	0	0	0	0	0	0.00721745070016082	0	0	0	0.0017215870596991	0.00709605403961215	0	0	0.00216438227485682	0	0	0	0	0.00628368040400016	0	0	0	0	0	0	0.027583231480497	0	0	0	0	0	0	0	0	0	0	0	0.0254479392725968	0	0	0	0	0	0	0	0	0	0	0	0	0	0	0	0	0	0	0	0	0	0	0	0	0	0.00226600875181998	0	0	0	0	0	0	0.0184190801713691	0	0	0	0	0	0	0	0	0	0	0.00189091163660788	0	0	0	0	0	0	0.00946958311399828	0	0	0	0	0	0	0	0	0	0	0.00203926369747183	0.003664386682333	0.00436725246356845	0.0030248272366513	0	0	0	0	0	0.00621833929974049	0.00246820345075438	0.0028232696292755	0	0	0	0	0	0	0	0	0	0
SRR11413654	0.0531078277325836	0.0484097728414788	0.0329264940413862	0.0161028933342671	0.0150125507654823	0.0555226947605446	0.0229900061826901	0.0135711442047779	0.0130639321671627	0.0114023535218477	0.015707009980536	0.0498789577140855	0.0382730748276873	0	0.0075749288102921	0.0315428593754547	0.00878936241394633	0	0	0	0	0.0347029599710306	0	0	0	0.00898903178771241	0	0.0288295792634164	0.0372141982015154	0.00987184410349628	0.00800218029754725	0.00788730959374261	0	0	0	0	0	0.00752275766204592	0.0181059685285341	0	0	0	0	0.0279050074985998	0.0126478025703934	0	0	0	0	0	0	0.0051498968988248	0	0	0	0	0	0	0.0111357659200671	0	0	0.0242816876525842	0	0	0	0	0	0	0.0243188380649414	0	0	0.00732787721958045	0	0.0139607956311158	0	0	0	0	0	0	0	0	0	0	0	0	0	0	0.010842698537554	0	0	0.0153980489728832	0	0	0	0	0	0	0	0.00691976802081687	0.0128193696369607	0	0	0	0	0	0	0	0	0	0	0	0	0	0.00389395338870088	0	0	0	0.00292503842214212	0	0	0	0	0.00347329932979413	0	0	0	0	0	0	0	0	0	0	0.00560069286894617	0	0	0	0	0.00433144883526446	0	0	0	0	0.00364525688675467	0.0311565409010976	0	0	0	0.00236921977702886	0.00307438518480132	0	0	0	0.00256008764263245	0	0	0.0272958546017843	0.00484071419283138	0	0.00363353014199653	0	0	0	0	0	0	0	0	0	0	0	0	0	0	0	0	0	0	0	0	0	0	0	0	0	0	0	0	0	0	0	0	0	0.00410112977870172	0	0	0	0	0.019836364886465	0	0	0.00241916406621085	0.0018049213403062	0	0	0	0	0	0	0	0	0	0	0	0	0	0	0	0.00165916392963495	0	0	0	0	0	0	0	0	0	0	0	0	0.00319922144460909	0.00445161890541209	0.0320704324614861	0.0345870276331177	0	0	0.00610391255112561	0.0142038598079454	0	0	0	0.00422677692562854	0.00482713538799627	0
SRR11413655	0.274814348509675	0.14796632185976	0.0253545440970562	0.0187445060499832	0	0	0	0	0	0	0.0602235870395323	0	0	0.0462589263529424	0.0800134070895902	0	0	0	0	0	0.0554476539069268	0	0.0341075132162885	0	0	0.00361546795548955	0	0	0	0	0.00307816672365515	0.00328598866076232	0	0	0.00646622010446823	0	0	0.00302237191135533	0.067363395903665	0	0	0.0118788439626975	0.00587317084876134	0	0	0.0131293449070908	0	0	0	0	0	0	0	0	0	0	0.0123884445474275	0	0	0.00529799198843843	0	0	0	0	0	0	0	0	0	0	0	0	0.0106307973360655	0	0	0	0	0.0334410594956954	0	0	0	0	0	0	0	0	0	0	0	0	0	0	0	0	0	0	0	0	0	0	0	0	0.00168889444379076	0	0	0	0	0	0	0	0	0	0	0	0	0	0.00133601265129819	0	0	0	0.00134521252576991	0	0	0	0	0	0	0	0	0.00161344077421346	0	0	0	0	0.00131795609494676	0	0	0	0	0	0	0	0	0	0	0	0	0	0	0	0	0	0	0	0	0	0	0	0	0	0	0.002431019168803	0	0	0	0.00258983073175414	0	0.00276090464673851	0	0.00262845289651324	0.0025876537872454	0	0.00265361812611036	0	0	0	0	0	0	0.0023898829909018	0	0.00263033415562109	0.00256352652864147	0	0	0.0024006517343582	0	0	0	0.00245030845533132	0.00237087626182335	0	0	0	0	0	0	0	0	0	0	0	0.00524394662852846	0.00973073021676324	0	0	0	0	0	0	0	0	0	0	0	0.00180861216023489	0	0	0	0	0.00170818555994271	0.00148458005569534	0	0	0	0	0	0	0	0	0	0	0.00425138221491333	0	0.00616818891064955	0.00620747191107886	0	0	0	0	0	0	0	0	0	0.00323625390100653
SRR11413656	0.0315690529330094	0.0241531401893848	0.0281974709579675	0.0181620191368986	0.0181892013410729	0.0678600922725947	0.0298872371715022	0.0160309193448336	0.0162610136857829	0.0152223998946056	0.0185547686535813	0	0.05377666327016	0.0151918341440833	0.0243022721399716	0	0	0	0	0	0.020662039698163	0.0172939027874291	0.0191314577589125	0	0	0	0	0.0322724986799471	0.0273981819950285	0	0	0	0	0	0.00386399947622427	0	0	0	0	0	0	0.0126060058268237	0.00482350420727566	0	0.024247676537588	0	0.0191157353225957	0	0	0	0	0.0177655963448105	0	0.0174472562055689	0.005185741490082	0	0.00997497773212383	0	0.00375776492352797	0.00370901409795642	0	0.00458476994424891	0	0.00522963508573608	0	0	0	0.0080783962853449	0	0	0	0	0.0106833886848552	0.00488530411674338	0	0	0	0	0	0	0.00808964601343589	0	0	0	0	0	0	0	0.0151161491961338	0	0	0.0134746057644854	0	0	0.00713433829782368	0	0	0	0	0	0	0	0.0115874900967819	0	0.0110577964543504	0.00191974682439575	0	0.0112266062201376	0.00618191941096295	0	0.00176223591460956	0.00497183550053318	0	0	0	0	0.0090298626522908	0.0103106496195289	0	0.00991194864576105	0.0089330441880532	0.0101264884314727	0.0098122482796905	0	0.00926514572658847	0	0.0103237097253075	0	0	0.00111604735508557	0	0.00953660148224158	0.00190361950030177	0.005926204810594	0.00383302257411766	0.00282218478028376	0	0	0.00890181500648092	0.00305146185582818	0.00755545694124785	0	0	0	0	0	0	0	0	0.0228749082078496	0.00278622009272155	0	0	0	0.0205180650475255	0.00565647926956071	0	0	0.00346567235234291	0	0.00185300313200034	0	0.00205892575914321	0.00772579129124963	0	0	0	0	0	0	0	0	0	0	0	0	0	0.00778013813110051	0	0	0	0	0	0.00726838600160998	0	0	0	0	0	0	0	0	0	0	0.00266374613246682	0	0	0	0.00705227134723384	0	0	0.00683563194816046	0	0.00153884307131589	0	0	0	0	0	0.0075963468698652	0	0	0	0	0	0	0	0	0	0	0	0	0	0	0	0	0	0	0	0	0	0	0	0.0273687577408954	0	0	0	0	0	0	0	0	0	0	0	0
SRR11413657	0.0162759170724213	0.0161417114768392	0.0386494336069976	0.0281100545580591	0.0278193003544306	0.0132434115386146	0.00894412372593257	0.0238448165507898	0.0239381634063949	0.0218555955270587	0.0275611260236983	0	0.0159815307407731	0	0	0	0.0113034944222238	0	0	0	0	0	0	0	0	0	0	0.0108107266920802	0.00605615977199194	0	0	0	0	0.00975526223308995	0.0181506015811568	0	0.0131951180920582	0	0	0	0	0	0.0192179571729769	0.0100225600859487	0	0	0	0.0116626753128926	0.0126243698234818	0	0.0112510088080833	0	0.011616668367945	0	0	0.0119649740867918	0	0.0131263422958089	0	0.0151400580705623	0	0.0124335802454205	0	0	0.00307213088475781	0	0	0.00414414675427694	0	0	0	0	0	0.0125826049355606	0	0	0	0	0	0	0	0	0	0	0	0	0	0.00554531235952365	0.00408861435412866	0	0	0.00366990610605182	0	0	0.0196916685780891	0	0	0	0.0178557191303854	0	0	0.0143117029452747	0	0	0.00567520723129622	0.0088449117682557	0.0171579971575176	0.00564051765335762	0.0172997696287787	0	0.0180685777216314	0.0134946830144635	0	0	0	0	0	0.00550362853159811	0.00391396214251824	0.00532707651426254	0	0.00626255347006712	0.00552366667299748	0	0.00495535170474841	0	0.00506762163988549	0.0137740651881431	0.00402044565201521	0	0	0.00600020947622285	0	0.0147320556291032	0.0125176077996672	0.00710236850374902	0	0.00671147642289688	0	0.00594138477491478	0.010142800543989	0	0	0	0	0.0170925210097796	0.00712678564378589	0.00689810671878282	0	0	0	0.00657772047956696	0.00684453985210469	0.0197813011007774	0	0.0151236567688438	0.00693675007358349	0.0131245913891205	0.010922289853313	0.00660331366190976	0	0	0	0	0	0	0.00695050832861229	0	0	0	0	0.00761892485716612	0	0.00728250918761191	0.00624374940032709	0.0318167650815535	0	0	0.00701740461907087	0	0	0	0	0	0.00689277731251415	0	0.00511172165698983	0	0	0	0	0	0.00613352607267583	0	0.00860945106124516	0	0	0	0	0.00994925605466863	0	0	0	0.00971994871222773	0	0	0	0	0	0	0	0	0	0	0	0	0	0	0	0	0	0	0.00348299233046939	0	0.00492414006862653	0	0	0	0	0	0	0	0.00731756156528102	0	0	0	0	0	0	0	0	0	0	0	0	0.00456070060474124
SRR11413678	0.0191790423941066	0.0160255872025329	0.0212771805620226	0.00820426618521294	0.00949218871740483	0.0615749938144271	0.0126891535143912	0.00951148187434599	0.00668576362332677	0	0.00800455077486108	0	0.048326003027634	0.0199676071551221	0.0133681767624155	0	0	0	0.00088337502602209	0.0143421425404545	0.0161437732943278	0.118343069611485	0.0173914783743515	0	0	0	0	0.0286465230846015	0.00888135717945148	0	0	0	0	0.0268549684296364	0.00110829227152794	0	0	0	0	0	0	0	0	0.0058482867996454	0	0.00291087279974215	0.0236574757596182	0	0.00206097811895221	0	0	0	0	0.0229044578277262	0.00147528077751383	0	0	0.0026899082582553	0.00192429273862494	0	0	0.00278335670569258	0.066967307653932	0.0023111864358529	0.0196762417923532	0	0	0.00250655612192733	0	0	0	0.0262483055408667	0	0	0.00734933052595253	0.00735198383393292	0	0.00184544475037306	0	0.00725324548109315	0	0.00716924947545986	0	0.00715165628429564	0.00895345037769857	0.00677282920048613	0.00683569149216372	0	0.00545074931783651	0	0.00704325652071414	0.00426332073420228	0.00874032086217086	0	0	0.00656836184306928	0.0068788815981821	0	0.0173935412877096	0.0115153553641279	0	0	0.00724283022907179	0	0	0.00176175090692495	0.0168911623927337	0	0	0	0.0009085702363738	0	0.0200129720310155	0.00579915520496796	0.0100762218665987	0.00107183740326419	0.00626841489804926	0	0	0	0.00632870154016422	0	0	0	0	0	0	0	0	0	0.00173527594924628	0	0	0	0	0	0	0	0.00212564685900673	0	0	0	0	0.00139435963039206	0.00916860010736472	0.00210915862092861	0	0	0	0	0.0139432990776428	0	0	0	0	0	0	0.00171636349647653	0	0	0.00527650489925167	0	0.0125474695514927	0	0	0	0	0	0.00309869569161661	0	0	0	0	0	0	0	0.00102776745834265	0	0	0	0	0	0	0	0	0	0	0	0	0	0	0	0	0	0	0	0	0	0	0.00205357707713649	0	0	0	0.00125036130270204	0	0	0.00239606188302175	0	0.00330983929455695	0	0.0188354091361089	0	0	0	0.00230800607744514	0	0	0.00247342952369809	0	0.0106565091540325	0	0	0	0	0.000739263621863345	0.00406059357397914	0.00580090579953081	0	0.000967011931984055	0	0	0	0	0.0137993673732921	0	0	0	0.00144275449989085	0	0	0	0	0	0	0	0
SRR11413679	0.189466687317155	0.102375651377064	0.0358015904797213	0.0355820741753712	0.0476107967096082	0	0.00491935597749217	0.0355450812269278	0.0275389843199745	0.0329899954687689	0.0271910822188422	0	0	0.0151158595981804	0.0129179099714594	0	0	0.00171841708941209	0.00590902504146346	0	0.0160680248277142	0	0.0129817958458993	0	0	0	0.0128596572189577	0.00442816853579421	0	0	0	0	0	0	0.00431256432463665	0	0	0	0.0433813923438151	0	0.00298452090633931	0	0.00379181160777785	0.00485483109956235	0	0.01080758295083	0	0	0	0	0	0	0	0	0.0120276607056131	0	0.0179545317133642	0	0.0017540754889086	0.00357478293115699	0.00328084271005332	0	0.00740567068688521	0.0129299428597126	0.00257966773934863	0.0162762617963967	0.0135674343549758	0.0117680676366216	0	0.00942929467138495	0	0	0.0185048853440617	0	0	0	0.0108493057419062	0.0108068779119942	0	0	0.00228143631241728	0	0	0	0	0	0	0	0.00203144151585355	0	0	0	0	0	0	0	0	0	0	0.00457142578649806	0	0	0	0.0110207804480353	0	0	0	0	0	0.00672217381219191	0	0	0	0	0.00391482352387276	0.00258162342428241	0	0	0.00133314242470671	0	0	0	0	0	0	0	0	0	0	0	0.0101375429367006	0	0	0	0.00192589384672135	0	0	0	0.00488903064394935	0.00184826793617022	0	0	0	0.00868397384378624	0.00374218846460022	0	0	0	0	0	0	0	0	0	0	0	0	0	0.00166149463771765	0	0	0.00393368678388116	0	0	0.00765168968612027	0.00373294883387354	0	0.00371967890822392	0	0.00369210228474981	0.00342866136721259	0.00667271793712174	0.00356304145871253	0	0	0	0	0	0	0.00419697550840668	0	0.00362005022896216	0.00353377145511958	0	0	0.00347843384148206	0	0	0.00161544597874828	0.0032423111401356	0.00345421723419853	0.00459572040613524	0	0	0	0	0	0.00343351081279884	0	0	0	0	0.00348283210466254	0	0	0	0	0.00406656734547895	0	0	0.0011045183555017	0	0	0	0	0.00203008911847522	0	0	0	0	0.00176163243765226	0.00164029642222695	0	0	0	0.00226200942424731	0.00283458186624541	0.000955452935580676	0	0	0	0	0	0	0	0	0	0	0	0	0	0	0	0	0	0.00108965364139178
SRR11413680	0	0	0	0	0	0	0	0	0	0	0	0	0	0	0	0	0	0	0.210781682584468	0	0	0	0	0	0	0	0	0	0	0	0	0	0	0	0.0018657031156204	0	0	0	0	0.026025026808938	0.102973763471705	0.369613254179695	0.00301298993450838	0	0	0	0	0	0	0.0528333438495331	0	0	0	0	0	0	0	0	0	0	0.107630485483137	0	0	0	0	0	0	0	0	0	0.0299910433587615	0	0	0	0	0	0	0.00595739150201046	0	0	0	0	0	0	0	0	0	0	0	0.0446369452060491	0	0	0	0.0402977276300028	0	0	0	0	0	0	0	0	0	0	0	0	0	0	0	0	0	0	0	0	0	0	0	0	0	0	0	0	0	0	0	0	0	0	0	0	0	0	0	0	0	0	0	0	0	0	0	0	0	0	0	0	0	0	0	0	0	0	0	0	0	0	0	0	0	0	0	0	0	0	0	0	0	0	0	0	0	0	0	0	0	0	0	0	0	0	0	0	0	0	0	0	0	0	0	0	0	0	0	0	0	0	0	0	0	0	0	0	0	0	0	0	0	0	0	0	0	0	0	0	0	0	0	0	0	0	0	0	0	0	0	0	0	0	0	0	0	0	0	0	0.00209907496394888	0.00228156791162255	0	0	0	0	0	0	0	0	0	0
SRR11413681	0.0561837347077746	0.0321725197956153	0.0340493268690676	0.0224963181635461	0.0225869287349902	0.0832043268683501	0.0512795206515536	0.0217590946422426	0.0197226714767711	0.0187087586624973	0.0221644070342746	0	0.0793976135467177	0.0293022603856721	0.0700349454329063	0	0	0	0	0	0.0338332548518919	0.0174131511823231	0.0221855439495274	0	0	0.0191184878181259	0	0	0	0	0.0167685515501855	0.0170605332978272	0.0135996348922137	0	0.00411153275355518	0	0	0.017336245814073	0	0	0	0	0.00738506769637035	0.0126869469708625	0	0	0	0	0	0	0	0	0	0	0.00773557602040462	0	0.0104454853213287	0	0.00168285386191973	0.00426296272473912	0	0.0055967320378677	0.00299666235806652	0.00951001556626455	0.00116389094700356	0.00773329296859871	0	0	0	0	0	0	0.0096923802388666	0.00637668362080506	0	0	0.0234510118352217	0	0	0	0	0	0	0	0	0	0	0	0	0	0	0	0	0	0	0	0	0	0	0.00233307273981112	0	0	0.00465138554388164	0.00756291290664557	0	0	0	0	0	0	0	0	0	0	0.00196866287191858	0	0.00375421597510339	0	0	0	0.00372550858056561	0	0	0.00872849747850175	0	0	0	0	0	0	0.0034022953780826	0	0	0	0.00163931924596761	0	0	0	0	0	0	0	0	0.00287771220134718	0.00219943610968964	0	0	0	0	0	0	0	0	0	0	0	0	0	0.00147909889805802	0	0.00117632338753138	0	0	0	0	0	0.00155891771247403	0	0	0	0	0	0	0	0	0	0	0	0	0	0	0	0	0	0	0	0	0	0.00200076243745215	0	0	0	0	0	0	0	0	0	0	0	0	0	0	0	0	0.00237180226095576	0.00125286279329448	0	0	0	0.00560406335102592	0.00259311622917105	0.00145287668615083	0	0	0.00412202051480422	0	0	0	0	0.00375667678261587	0.00368352018147573	0	0	0.00515071134633701	0.0330869690873448	0.0114282348908751	0	0	0	0	0	0	0	0.020835940085567	0.0203941590733308	0	0	0	0	0	0	0	0	0	0
SRR11413683	0.071678668331013	0.0424644830848438	0.063536210808747	0.0543318431680751	0.0413135326309767	0	0	0.0372502142037701	0.0358477802272431	0.0348741065550458	0.0393464997433737	0	0	0	0	0	0.0176613726651456	0	0	0	0	0	0	0	0	0	0	0.0177209529169994	0.01427666866523	0	0	0	0	0.0722503478985581	0	0	0	0	0.022167164410468	0	0	0	0.00849261995678176	0	0	0	0	0	0	0	0	0	0	0	0.0140596935799505	0	0	0	0	0	0	0.00406055180826903	0	0.0217619613428467	0	0	0	0.0152874088730728	0	0	0	0	0	0	0	0	0	0	0	0	0	0	0	0	0	0	0	0.0117933054578996	0.0159743264374222	0	0	0.0074754256095074	0	0	0	0	0	0	0	0.00531498825024889	0	0	0	0	0	0.0183392184175565	0	0	0	0	0	0	0.0379702064729544	0	0.00476953580432071	0.0105195606200351	0	0	0	0	0	0	0	0	0	0.0109799559718279	0	0	0	0.00470557614261757	0.00910973098098849	0	0	0	0.0031090601965246	0.0034498685675499	0	0	0	0	0.00664565512591808	0	0.00817788517074538	0.00765051635710436	0.00532333888011876	0.00682763063474482	0	0	0.00900149077488592	0	0	0	0	0	0.00327205047259252	0	0	0.00456901645474883	0	0	0	0	0	0	0.00997210517919282	0	0.00669617613693682	0	0	0	0	0	0	0	0	0	0	0	0.00724576880250534	0	0.00650655369031438	0	0	0	0.00784540280872429	0	0.00349139874784739	0	0	0	0	0	0	0	0	0	0	0	0	0.00383809851435277	0.00786708473180828	0	0	0	0.00575297851276913	0.00572952016777602	0.0141019848972821	0	0	0	0	0.00962101364897613	0	0	0	0.00998310587195116	0	0	0	0.00756995636193043	0.00827981050738159	0.00954452961802163	0	0	0.0192370706262478	0	0.00288906081818569	0	0	0.0258106937436626	0	0	0	0	0	0	0	0	0	0	0	0	0	0	0	0.00465726294341127
SRR11413684	0.0455788052424055	0.030114557396785	0.0447877663146603	0.0190311332563752	0.0203645375490293	0.0648406961486816	0.0193669920831618	0	0.0168895410690492	0.0156646189170638	0.0196916512370561	0	0.0415231043563628	0	0	0	0	0	0	0	0	0.0655684741829942	0	0	0	0.00445556618388719	0	0.00582877844436286	0.0123522282809261	0.0420652512443158	0.00380920945514813	0.00394999155080849	0.00120491749543707	0	0.079364645793736	0	0	0.00373243210523006	0	0	0	0	0.0630658735626295	0.0103696608035702	0.012113879984827	0.00696993852396937	0	0	0	0	0	0.00837606601339734	0	0	0.00505609137915374	0	0.0164829854888689	0	0.00130263188005507	0.0567933900054619	0	0.00393960945825076	0.00139666101261531	0.00539615741959323	0	0	0	0.00608504864528853	0	0	0	0.0105772019628655	0.016571279309314	0	0.00253718499220749	0.0025481514722714	0	0.00980620238497212	0	0.00251902357456669	0	0.00236726686211679	0	0.00233399906445624	0.00288874728122748	0.00231983147278768	0.00240591038917726	0	0	0	0.00227637408563705	0	0.0031507634908979	0	0	0	0	0	0	0	0	0	0	0	0.00546543124557494	0.00150051116264787	0	0.00540441182197688	0	0	0	0	0	0	0	0	0	0.00496387660513855	0.00253123718820345	0.00499482415792368	0	0.00464972106843743	0.00497776182026944	0	0.00473329986720294	0	0.00479222318210016	0	0.00236827000949913	0.00182704006632556	0.0010992874706106	0.00479291837058556	0	0	0	0.00270645068721749	0	0.00508480400212554	0	0.00344202175112374	0.00376356105978373	0	0	0	0	0	0.00379671927340783	0.00414216530900275	0	0	0	0	0	0	0	0	0	0	0	0.00455063467347067	0.00175329730192532	0.00173686665347811	0	0.00392124466672877	0	0.00166338921121003	0.00523503067851466	0.00161161498130919	0	0.001646857963793	0	0	0	0.00390141819403756	0	0	0	0.00397301515114944	0.00432253412728027	0.00186306941256909	0.0043300051904847	0	0	0	0.00465298900447456	0	0.00348975236201518	0	0	0	0	0	0	0	0	0	0	0	0	0	0.00440212137293746	0	0	0.00272030797490735	0	0	0.00486225489645165	0	0	0	0	0	0.00399443112844748	0	0	0.00250069760027739	0	0	0	0	0.00208512468024497	0.00205962925221846	0	0	0.00199709028307641	0.00678111411919089	0.00944509161028923	0.00399805315245894	0	0	0	0	0	0	0	0	0	0.00237915197810923	0	0.00246457775604475	0.00265252466598922	0.00213474501010373	0	0	0	0
SRR11413685	0	0	0.090118607892736	0.0579507146510272	0.0588628553769916	0	0.0349744736622323	0.0443260782477086	0.0509719296386047	0.0502216820626921	0.0557441687915441	0	0	0.0343437277914683	0.0233036497947658	0	0	0	0	0	0.0265211370331928	0	0.0389555550439741	0	0	0.00247496985690141	0	0	0	0.0125237082301718	0.00209361891351817	0.00213610660160309	0	0	0.0135688377549591	0.0024376192356563	0	0.00206989076216281	0	0	0	0.0304320401407863	0.0107353830658793	0	0	0.0611598821684227	0	0	0.012437408123579	0	0	0	0	0	0	0	0.0198820507833588	0.0263259419206002	0.0135634859990801	0.0100324523679687	0	0.00252240397983515	0.000771039158766487	0	0.00231297320380904	0.0204089881625373	0.0270366215424491	0	0	0.0285530846230359	0	0	0.0211683428476907	0.00265339111678511	0	0	0	0.0343943136825932	0	0	0	0	0	0	0	0	0	0	0.00385646485770465	0	0	0	0	0	0.00367357990227545	0	0	0	0	0	0	0.0112610893984049	0.00116377095556263	0	0	0	0	0	0.00316128900532355	0	0	0.00337816709760079	0	0	0	0	0.000974728388216759	0	0	0	0.000890843471960143	0	0	0	0	0	0	0	0	0	0	0	0	0.00313286970431984	0	0	0.00170165437341088	0	0	0	0	0	0	0	0	0	0	0	0	0	0	0	0	0	0.00241292210985506	0.00300028883226455	0	0	0	0	0	0.00105106552396551	0	0	0	0.00119946627251629	0	0.00122105215947546	0.00158098702864529	0.00112843150967769	0.00243348221014859	0	0.00119545074725169	0	0	0	0	0	0	0.00104988563200226	0	0.00114558070052163	0.00115820317051382	0	0	0	0	0	0.00105256246528533	0.00116046927575464	0	0	0	0	0	0	0	0	0	0	0.0059457095996311	0	0	0.00333615349995286	0.000630963850196391	0	0	0	0	0	0	0	0.00351099966220817	0	0	0	0	0	0	0	0	0	0	0	0	0	0	0	0	0	0	0	0	0	0.00243519842157795	0.00216753594468864	0	0	0	0	0	0	0	0	0	0
SRR11413686	0.0629729099639545	0.0472829651383844	0.0245346410546074	0.0149432110437648	0.0160930937047991	0.0919243454926487	0.0536626124348312	0.0131165032531616	0.0140392108867938	0.012242279621399	0.0168292404794962	0.0481729068233701	0.0639730299062339	0	0	0.0345101553541826	0	0	0	0.0226901659678018	0	0.102780738359906	0	0	0	0	0	0	0.0108507573062433	0.0306167055544216	0	0	0	0	0.0088055992592713	0	0	0	0	0	0	0.00531158199754363	0.0078838407298566	0	0	0.00874070003895076	0	0	0	0	0	0	0	0	0	0	0	0	0	0.00656625533944746	0	0	0	0	0	0	0	0	0	0	0	0.00844419272235476	0	0	0	0	0	0	0	0	0	0	0	0	0	0	0	0	0	0	0	0	0	0	0	0	0	0	0.00563442366443481	0.00424662042115337	0	0	0	0	0	0	0.00537294643488773	0	0	0	0	0	0	0	0	0	0	0	0	0	0	0	0	0	0	0	0	0	0	0	0	0	0	0	0	0.0220416148282608	0	0	0	0.0053014966693341	0	0	0	0	0	0.0849858261513881	0	0	0	0.0747097755416817	0	0	0	0	0	0	0	0.0271637335427526	0	0	0.00474811411796962	0	0	0	0	0	0	0	0	0	0	0	0	0	0	0	0	0	0	0	0	0	0	0	0	0	0	0	0	0	0	0	0	0	0	0	0.0136589766830179	0	0	0	0	0	0	0	0	0	0	0	0	0	0	0	0.00719874073751979	0	0	0.00444542245316873	0	0	0	0	0.0040734618041395	0.00389277039118473	0	0.00553843412568157	0	0	0	0	0	0	0	0	0	0	0	0	0	0	0	0	0	0	0	0	0	0
SRR11413687	0.0394571951584271	0.0268731649464185	0	0	0	0.0575553314817145	0.0438217780956802	0	0	0	0	0	0.0700195762252679	0	0	0	0.0416155721602157	0	0	0	0	0.0311637319185761	0	0	0	0	0	0.0202944376850504	0.0431727160999517	0.0172557639502865	0	0	0	0	0.0278873597376312	0	0	0	0	0	0	0	0.0355392404318164	0	0	0.0151772813453775	0	0	0	0	0	0	0	0	0	0	0.0136476562214917	0	0	0.0198781495855898	0	0.00664343874001464	0	0	0	0	0	0.006974937656962	0	0	0	0	0.0160909741073429	0	0	0	0	0.00903788828616023	0	0	0	0	0	0	0	0	0	0.00923675673043336	0.0510372591166308	0	0	0.0156809574410441	0	0	0	0	0	0	0.0233247577161867	0	0	0	0	0	0	0.0169452703332686	0.0213114287858853	0	0	0	0.00809723383904325	0	0.0772153383526718	0	0	0	0	0	0	0	0	0	0	0	0	0.00784586282990129	0	0.00616463628962559	0	0.00435912458615674	0.0166450292613361	0	0	0	0	0.0216899186843962	0	0	0	0	0	0	0	0.0141096546994068	0	0	0	0	0	0.00741157463684968	0	0	0	0	0	0	0	0	0	0	0	0	0	0	0	0	0	0	0	0	0	0.00863231225579477	0	0	0	0	0	0	0	0	0	0	0	0.00618580796686996	0	0	0	0.00843705897916133	0	0	0	0.00666140233772922	0	0	0	0	0.00299227167410527	0	0	0	0	0	0	0	0	0	0.00400116092184117	0.00586019873537266	0	0.0272885862539637	0	0.00677887559495936	0	0	0	0.00366216066012368	0	0	0	0	0	0.0035142253874831	0	0.0158776368384945	0.0146205214586802	0.0141314058013013	0	0	0	0.0065785393351735	0	0	0	0.00303539380606396	0	0	0	0	0	0.00571146012870766	0.00702625072293798	0	0.00582373400442541	0	0	0
SRR11413688	0.134034630160446	0.0736993996887894	0.0284817518738849	0.0205902631350218	0.0182756017048522	0.0445822960442303	0	0.0180125671824341	0.0168680305079426	0.0147875623486471	0.0177020167443077	0	0.0318294923759053	0.0150422186187906	0.0159397062974246	0	0	0	0	0	0.0182479351875702	0	0.0127854782866092	0	0	0.00112714311027717	0.0231132548886214	0.0115035367783061	0.0125707528791396	0	0	0	0	0	0.0262622159956083	0	0	0	0	0	0	0	0.0357013598819698	0	0	0.0201102230149121	0	0	0	0	0	0	0	0	0.0169726473017045	0	0	0	0.00581629775260299	0.021173034097827	0	0	0	0.0184307321848313	0.00864825205423105	0.0241754329836371	0.0186742146218201	0.0165391662700833	0	0.0173358269803079	0	0	0	0	0	0	0.0489038359887108	0.0172827837755428	0	0	0	0	0	0	0	0	0	0	0	0	0	0.00614493172275641	0	0	0	0	0	0	0	0	0	0	0.00719503304583698	0.0251019958287404	0	0	0	0	0	0	0	0	0	0	0	0	0.00562243150520381	0	0	0	0.00563153305590027	0	0	0	0	0	0	0	0	0	0	0	0	0	0.00208454954669878	0	0.0117372741020216	0	0.0301466074937316	0	0	0	0	0	0	0	0	0	0	0	0	0	0	0	0	0	0	0	0.0019062358460883	0	0	0.00458750499620925	0	0	0	0.00475800264051101	0	0.00518383944719429	0	0.00476095834341666	0.00446005706048694	0	0.00485488437128957	0	0	0	0	0	0	0.00472454175028811	0	0.00454967437831554	0.00450495816938172	0	0	0.00426337993601906	0	0	0	0.00447156910545444	0.00430206686184236	0	0	0	0.00151822591604447	0	0	0.00402313583664597	0	0	0	0	0.00438548600895949	0	0.0011564650906132	0	0	0	0	0	0	0	0	0	0	0.00210881849531834	0	0	0	0	0.00174539031836041	0.00197049820703822	0	0	0	0	0	0	0	0	0	0.00688029020264307	0	0	0	0	0	0	0	0	0	0	0	0	0	0
SRR11413689	0.0199024458444989	0.0153001723137625	0.0172607158238332	0.015177328056543	0.0160700603523817	0.0651099325718041	0.0108373598401265	0.0167165873298763	0.0112690290322305	0.0140167140482429	0.0116349655812744	0	0.0468211285798401	0	0	0	0.0179508515365689	0	0	0	0	0	0	0	0	0.0755615725638719	0.0134916262515851	0.0140286322217414	0.00386090351369979	0.00734994859853896	0.0673495937323886	0.0691715552982013	0	0	0.00247697144526247	0	0.0167266539195474	0.0653306402620743	0	0.00951153268791142	0	0.080666386028031	0.00191431731757453	0	0	0.0131083767168291	0.0169140583393754	0	0	0	0.00629701317403758	0	0.00608385510535617	0.0161547745432461	0.00783227138184761	0	0	0	0.00385474164313643	0.00315506508261415	0	0.0011723437710583	0	0.00783299372734191	0.000951968404329774	0.00957989881394811	0.00850272469813937	0.00723839963789093	0	0.0082215580102742	0	0	0	0	0	0	0.00859220082192463	0.00987578288085895	0.0153090937884313	0	0	0	0	0	0	0	0	0	0	0	0	0	0	0	0	0	0	0	0	0	0	0	0.00406067458566533	0.00823670369502106	0	0	0	0	0	0.00104018471198334	0	0	0	0	0	0	0.00272360798931489	0	0	0	0.00304034980232363	0	0	0	0	0	0	0	0	0	0	0	0	0	0	0	0	0	0	0	0	0	0	0	0	0	0	0	0	0.00230439497434318	0	0	0	0	0	0	0	0	0	0	0	0	0	0	0	0	0	0	0	0	0	0	0	0	0	0	0	0	0	0	0	0	0	0	0	0	0.0048798843389051	0	0.00282668049563184	0	0	0	0	0.0169949929566883	0	0	0.000930643098023381	0	0	0	0	0	0	0	0	0	0	0	0	0	0	0	0	0.0609999228274172	0	0.00130460436046378	0	0	0	0	0.00110568938254868	0.00107608038958281	0	0	0	0.00770638127553882	0.0215754637145777	0	0	0	0	0	0	0	0	0	0	0	0	0	0	0	0	0.00132167732081492	0.00168731878910494	0
SRR11413690	0.0950155497722543	0.0619224085925258	0.0608125287239299	0.052466516025429	0.0615483637729824	0	0.0339640931332112	0.0517891433324447	0.0428337455671351	0.0474497655116016	0.0435649335612106	0	0	0	0	0	0	0	0	0.00309540043566256	0	0	0	0	0	0	0.0135186706033295	0.00981559762663183	0	0.0126494960788261	0	0	0	0	0.00713211547866073	0	0	0	0	0	0	0	0.00828385264504566	0	0	0.0188606476604198	0	0	0.00784766290063048	0	0	0	0	0	0	0	0	0.00908633724549603	0	0.0055426005725244	0	0	0	0	0	0.0103355300696891	0.0100057215088252	0	0	0.00943097583684137	0	0	0	0	0	0	0.00734826564609913	0.0113757835896283	0	0	0.00545080967293551	0	0	0	0	0	0	0	0	0	0	0	0	0	0.00511199642726054	0	0	0	0	0.00778221958063084	0	0.0444333291470277	0	0.00676352170664972	0	0	0	0	0	0	0	0	0	0	0.00683081271563672	0	0	0	0	0	0	0	0	0	0	0	0	0	0	0	0	0	0	0	0	0	0	0	0	0	0	0	0	0	0.00499507840219696	0	0	0	0	0	0	0	0	0	0	0	0	0	0	0	0	0.00709606809081483	0	0	0	0.00719381696522891	0	0.00795306169189316	0	0.00732941696546548	0.007418391964067	0	0.00755892713049144	0	0	0	0	0	0	0.00777838711738938	0	0.007148366469113	0.00720417540348635	0	0	0.00663854467847665	0	0	0.0271002061276019	0.00703253628740093	0.00658133358536205	0	0	0	0	0	0	0	0	0	0	0	0.0188784590833797	0	0	0.0103471302043642	0.00181830933643591	0	0	0	0	0.00258913491152308	0.00324506487597569	0	0	0.0186831698180921	0.004438858061824	0	0	0	0.0179001714864513	0.0178378636305809	0	0	0.00479952437904259	0	0.00264188582785881	0	0	0	0	0	0	0	0	0	0	0	0	0	0	0	0	0	0	0.00572372236430773
SRR11413691	0.376590412703091	0.18645665035913	0.00819091013708086	0	0	0	0	0	0	0	0	0	0	0	0	0	0	0	0.001402363145054	0	0	0	0	0	0	0.00167601724630857	0	0	0.00999648620693176	0	0.00153055102987961	0.00152309593871798	0	0.0145723633801776	0	0	0	0.00141674374345221	0.0852468855045749	0	0	0.00100225483215605	0	0	0	0	0	0	0	0.00412380948699052	0	0	0	0	0	0	0	0	0	0	0	0	0	0	0	0	0	0	0	0	0	0	0	0	0	0	0.0291609560786623	0	0	0	0	0	0	0	0	0	0	0	0	0	0	0.00406536937435793	0	0	0	0	0	0	0	0.00219239536066731	0	0	0	0.00879156328943138	0	0	0	0	0	0	0	0	0	0	0.00186084782224057	0.0112294971068064	0	0	0	0	0	0	0	0	0	0	0	0	0	0	0	0	0	0	0	0	0.00557677404149975	0	0	0.00143565009065751	0	0	0.0101405534402395	0	0.00155565119631573	0	0	0	0.00996620834719351	0	0	0	0	0	0	0	0	0	0	0	0	0	0	0	0.00977390173521831	0	0.00151341850651973	0	0	0	0	0	0	0	0	0	0	0	0	0	0	0	0	0	0	0	0	0	0.0505455638792572	0	0	0	0	0	0	0.0623158791821763	0	0	0	0	0.00204519277140543	0	0	0	0	0	0	0	0	0	0	0	0	0	0	0.0385050135168799	0	0	0	0	0	0	0	0	0	0	0	0	0	0	0	0.0126502789226882	0	0	0.0123784937343663	0.0141013447832661	0	0	0	0	0	0	0	0	0	0.0164669031066063
SRR11413692	0.0751190233730996	0.0495159225048121	0.0119573629362552	0.00783122537052386	0.0090372599776801	0	0	0	0	0	0.0066648175175122	0	0	0	0	0	0.0372892942267624	0	0.1036629668861	0	0	0.0117547077812382	0	0	0	0	0	0.00948573908799571	0.0196653163097917	0	0	0	0	0	0.00490800959240718	0	0.0850033573593572	0	0	0	0.055123889473163	0	0.00531565368049685	0	0	0	0	0.0805486647308877	0	0	0.0845473561593719	0	0.0799635283278237	0	0	0.076786146807422	0	0	0	0	0.038799158994971	0.00914805564315149	0	0	0	0	0	0	0	0	0	0	0	0	0	0	0	0	0	0	0	0	0	0	0	0	0	0.00819748495481645	0.0141672154945784	0	0	0.0081265800625911	0	0	0.00729859820701983	0	0	0	0	0	0	0	0	0	0	0.0085059011803453	0	0	0	0	0	0	0.0129729172806123	0	0	0	0	0	0	0	0	0	0	0	0	0	0	0	0	0	0	0	0	0	0	0	0	0	0.00734890879698479	0	0	0	0	0	0	0.0208651876574198	0	0	0	0	0	0	0	0	0	0	0	0.0162394691467418	0	0	0	0	0	0	0	0	0	0	0	0	0	0	0	0	0	0	0	0	0	0	0	0	0	0	0	0	0	0	0	0	0	0	0	0	0	0	0	0	0	0.0117013458246488	0	0	0	0	0	0	0.00720341755200593	0	0	0	0	0	0	0	0	0	0	0	0	0	0	0	0	0.00377758122888307	0	0	0	0	0	0	0	0	0	0	0.00559912680342121	0.005868809069108	0	0	0	0	0	0	0	0	0	0
SRR20881974	0.0106522303697784	0.0171582365300002	0	0	0	0.0913589818084739	0.0161621866420285	0	0	0	0	0	0.0456116054309052	0.0177797673869795	0.00832280206878365	0	0	0	0	0	0.0273951035899998	0	0.020373922600597	0	0	0	0	0.0124028797606188	0.0219680183054905	0	0	0	0	0	0.00384061358715034	0	0	0	0	0	0	0.0447355567797224	0.014485909733737	0	0.0110452218074139	0	0	0	0.00485284677366666	0	0	0.0123645647748403	0	0	0	0	0	0.00451798319036965	0	0	0	0.0110603456978935	0.0642219306307762	0	0.243427877757248	0	0	0	0	0	0	0	0	0	0	0	0	0	0	0	0	0	0.0478455784468263	0	0	0	0	0	0.00319915955645292	0	0	0.00893325281329406	0	0	0.00984741595629808	0	0	0	0	0.0149915294243992	0	0	0.0182280368990607	0	0	0	0	0	0.00674768745919699	0	0	0	0	0	0.0147242107259106	0	0.0227454159522861	0	0	0	0.0181099597962403	0	0	0	0	0	0	0	0	0	0	0	0	0.00620697354460706	0.00292231866198673	0	0.0128578393292703	0	0	0	0	0	0	0	0.0114702621508912	0	0	0	0	0	0	0	0	0	0.05803491199407	0.00626493268778811	0	0	0	0	0.00994683660219125	0	0	0	0	0	0	0	0	0	0	0	0	0	0	0	0.00730516598288602	0	0	0	0	0	0	0	0	0	0	0	0	0	0	0	0	0	0	0	0	0	0	0	0	0	0	0	0	0	0	0	0	0	0	0	0	0	0	0	0	0	0	0	0	0	0	0	0	0	0	0	0.00585938807842153	0	0	0.0100205387114492	0	0	0	0	0	0	0	0	0	0	0	0	0	0
SRR20881975	0.058546868784295	0.0377714229467141	0.0631934174288368	0.0716894931856821	0.0593757560147384	0.034686744030556	0	0.057040653235856	0.0491200383288974	0.0566419851109921	0.0464655443046825	0	0.0264298747537614	0.0308044929190533	0.0167102641812321	0	0	0	0	0	0.0277644632387832	0	0.021643069848837	0	0	0	0.00987940144440293	0.0166380301335407	0.00345729285477459	0	0	0	0	0	0	0	0.00951559148821286	0	0.0196539902221846	0	0	0.00588652812694588	0	0.00885562291245074	0	0	0.0209945177424558	0.00938213493465648	0	0	0.00977997638980412	0	0.00899488496012681	0.0177920668339737	0	0.00892671480349391	0.0047767693703018	0	0	0	0	0.00406603455189635	0.0153660699033268	0	0	0	0	0	0	0	0	0.0021931206645466	0.00378302607465077	0	0	0	0	0	0.0147222308745917	0	0	0	0.014855242761609	0	0	0	0	0.00870883038655458	0.00884326574014593	0	0	0	0	0	0	0	0	0	0	0	0	0	0.0040189576364614	0	0	0.00594098058243706	0	0	0	0	0	0	0	0	0	0	0.00343206419974385	0	0	0	0.00338588406647867	0	0	0	0	0.0061047131460969	0	0	0	0	0	0	0	0	0.00602495957517819	0	0.00278286037019824	0	0	0	0	0	0	0	0	0	0	0	0	0	0	0	0	0	0	0	0	0	0.00492821304024353	0	0.00466751308175294	0.00289186927022715	0	0	0	0.00317025366289746	0	0.0034099806122054	0	0.00308430468528655	0.00325343879769101	0	0.00332355764368973	0	0	0	0	0	0	0.00274835621168836	0	0.00307671716757692	0.00307325551749781	0	0	0.00292123406781129	0.0109693467331802	0	0.0024401947427521	0.00292854189556859	0.00279633726706993	0	0	0	0.00405851750603764	0	0	0.00270178227303359	0	0	0	0	0.00285091977041391	0	0	0	0	0	0.00145451252246981	0	0.00598085389261911	0	0	0	0	0	0	0.00138060963728764	0	0	0	0	0	0	0	0	0	0	0	0	0	0.00524383893684112	0	0	0	0	0	0	0	0	0	0	0	0	0	0
SRR20881976	0.0602436478115383	0.0404977879654255	0.0189912935206812	0.0296292498526812	0.011886007136164	0	0	0.0165922200017427	0.0102384355542567	0.010525672265062	0.0102572582208679	0	0	0.0132314094032467	0.0120592950643149	0	0.0402225180672682	0	0	0	0.0168251903536783	0	0.0201067396525682	0	0	0	0	0.00909946218674756	0.0106233984780422	0	0	0	0	0	0	0	0	0	0	0	0	0	0	0	0.00869487296852163	0	0	0	0.049606290728311	0	0	0.0131639127699287	0	0	0	0	0	0.102737000798889	0	0	0	0.0484170920711246	0.0275901038811302	0	0.00435986448687977	0	0	0	0	0	0	0	0	0.025035188003758	0	0	0	0	0.00760848373512976	0	0.00620237464598859	0	0.00229882191491991	0	0	0	0	0	0.00352042941261016	0	0	0.00616753659778389	0	0	0.0386978446809464	0	0	0	0	0	0	0.0442240027978143	0	0	0	0	0	0	0.029077575306392	0.00306468539279822	0.00671074077279056	0.0245300926816966	0	0	0	0	0	0	0	0	0	0	0	0	0	0	0	0.00548424897155344	0	0.00271853140036757	0	0	0	0.0260431058333979	0	0	0	0	0	0	0	0	0	0	0	0	0	0	0	0	0	0	0	0	0	0.0264895650254832	0	0	0	0	0.00413530018222069	0.00499839625805218	0	0	0	0.0105942522725366	0	0.00593715563217819	0	0.00553324187291508	0.0052509015322986	0	0.00528186390331677	0	0	0	0.0160091592523776	0	0	0.00484522089792509	0	0.00521796522022354	0.00511767519278446	0	0	0.00497681420151435	0	0.0130423107249992	0	0.00487562577049651	0.0046777834206547	0	0	0.0114957253643139	0	0	0	0.00447010166494809	0	0	0	0	0.00448545403095518	0	0	0	0	0	0	0	0	0	0	0	0	0	0.00496759088868396	0	0.0109985460856355	0	0	0	0	0	0	0.00236968370390439	0	0	0	0	0	0	0	0	0	0	0	0.00483800864701904	0	0.00406219719234603	0.00409156710810506	0.00425550856709483	0	0	0	0
SRR20881977	0.0227951606568902	0.0160402579664274	0	0	0	0.0433111165997315	0.132984899269597	0	0	0	0	0	0.0307738576802646	0	0	0	0.0388403864836629	0	0	0	0	0	0	0	0	0.0202400227289743	0	0	0	0.0456111241936375	0.0166055639882639	0.0182440218357061	0	0	0	0	0	0.017291417448798	0	0.0104838796934944	0	0.00992547658108048	0.0063570821912769	0.00291774346653715	0	0	0.0097413667883607	0	0	0	0	0	0	0.0090804368296394	0.0388547880038187	0	0	0	0.00373471662936536	0	0	0	0.0351883116563111	0.0159006353447551	0.0195538967395904	0	0	0.0178252024286624	0	0	0.00774537432182737	0	0	0	0.013856334114597	0.0129660481713736	0	0	0	0.0129963283090372	0	0.0126539703691425	0	0.0191367001638655	0.0119027406156074	0.0130351435359616	0.0127301309251544	0	0.00203367724137756	0	0.0119820244775762	0	0.0112281830053818	0	0	0.0111086995062448	0.0119634073204602	0	0	0	0	0	0	0	0	0	0	0	0	0	0	0	0	0.0106283288738913	0	0	0	0	0	0	0	0	0	0	0	0	0	0	0	0	0	0	0	0	0.00341160326380201	0	0	0.00931511825139281	0	0	0	0	0	0	0	0	0.0111098445678095	0.0096877668077879	0	0	0	0.0101177079579735	0.00922282034659581	0	0	0	0.010898106369933	0	0.00296190506164627	0.0089475384917479	0.0127655739527644	0	0	0	0	0	0.0079308122177238	0	0	0	0	0	0	0.00877927032749281	0.01036793385626	0	0	0	0.00829228433336471	0	0.00777713700940393	0	0	0	0.00722275685048043	0	0.00880884162863369	0	0	0	0	0	0.00791799780818423	0	0.00587544236057678	0	0	0	0	0	0.00693247156913559	0	0	0	0	0	0	0	0	0	0	0	0	0	0	0	0.00321184675408507	0	0	0	0	0	0	0	0	0	0	0	0	0	0	0	0.0585434993769692	0	0	0	0	0.00326440691188797	0	0.00300139093690226	0.00246552922293211	0.00290193760816991	0	0	0	0
SRR20881978	0	0	0.0111590317741804	0.00797452716942725	0.00814373623874954	0	0.407420468886315	0.0112086590362391	0.00608542563358411	0.0082299662743564	0	0.0254146502816502	0	0	0	0.0135000114980383	0	0	0	0	0	0	0	0	0	0	0	0.0131116184207967	0	0.143267700192149	0	0	0	0	0.0351039041520694	0	0	0	0	0	0	0	0.101871984071879	0	0.0794424696429604	0	0	0	0	0	0	0.0233046399510383	0	0	0	0	0	0	0	0.0282949837131924	0	0	0.0297102847869652	0	0.00685675295672941	0	0	0	0	0	0	0	0	0	0	0	0	0	0	0	0	0	0.0198984173128372	0	0	0	0	0	0	0	0	0	0	0	0	0	0	0	0	0	0	0	0	0	0	0	0	0	0	0	0	0	0	0	0	0	0	0	0	0	0	0	0	0	0	0	0	0	0	0	0	0	0	0	0	0	0	0	0	0	0	0	0	0	0	0	0	0	0	0	0	0	0	0	0.0120961830994123	0	0	0	0	0	0	0	0	0	0	0	0	0	0	0	0	0	0	0	0	0	0.00236043498298326	0	0	0	0	0	0	0	0	0	0	0	0	0	0	0	0	0	0	0	0	0	0	0	0	0	0	0	0	0	0	0	0	0	0	0	0	0	0	0	0	0	0	0	0	0	0	0	0	0	0	0	0.00252778398764473	0	0	0	0	0	0	0	0	0	0	0	0	0	0	0.00301636593680176	0	0
SRR20881979	0.0195795197633848	0.0170266006553927	0.0466834692597849	0.0516325057882148	0.0564275444622312	0.0412396426500773	0	0.050906167665281	0.0408460589948352	0.0509054910054441	0.0359163870476179	0.00412154275902478	0.0378185771952166	0.00928127058366165	0.00498364309094234	0.00952094681638821	0.0258943944908795	0	0.00346854701156185	0.0171172020558691	0.00642085974499118	0	0.0106078283005371	0	0	0.01198298208064	0	0.0215068792430616	0.00620757220924906	0	0.00958067312701948	0.0103185262172554	0	0.100926966878904	0.00145941597784205	0	0.0148796465750171	0.00958743619521318	0.00786578945518584	0	0	0	0	0.00641109286865235	0	0	0.0168861399432011	0.0166905484324827	0	0	0.0145963546500292	0	0.0128388913268561	0.0166834054934485	0	0.0131739715602682	0	0	0.00483336944449978	0	0	0.00371899004312888	0.0143193202102348	0	0.0126028755163105	0	0	0	0	0	0	0.00910307593684647	0	0	0	0	0	0	0	0	0	0	0.0157745801876941	0	0	0	0	0.00137587842673584	0.00716405081166564	0	0	0.00301614913961746	0	0	0	0	0	0	0	0	0	0	0.00324158678012903	0	0.00385083607332901	0	0	0.00364494175319655	0	0	0	0	0	0	0	0	0.00288122445924067	0.0032480660053956	0	0.0034428836828808	0.00355661385661542	0	0.00333792589779457	0	0.00328216558271894	0	0.00310529043662326	0	0	0.00462100793615675	0	0	0	0	0	0.00230147565475821	0	0	0	0	0	0.00348493250261782	0	0	0	0	0	0	0	0	0	0	0	0	0	0	0	0	0	0	0	0	0	0	0	0	0	0	0.00224538392365715	0	0	0	0	0	0	0	0	0	0	0	0	0	0	0	0	0	0	0.0106059189507604	0.00277812253955423	0	0	0	0	0.0109317853646167	0	0	0	0	0	0	0	0	0	0	0	0	0	0	0	0	0	0.00113271470736799	0	0	0	0	0	0	0	0	0	0	0	0	0	0.00413435500904606	0.00312522808611613	0	0	0	0	0	0	0	0.00700944505357644	0.00396217060286192	0	0.0015412513503985	0.000974789449661628	0	0	0	0	0.00203185886877915	0.0016252441797517	0
SRR20881980	0.112177330275809	0.0581616747929567	0.0468498947531497	0.0382287612686734	0.0324575442303618	0	0	0.0272403506448807	0.0282842270744167	0.0247913189529552	0.0328434032276748	0	0	0	0	0	0.00851324758894884	0	0.0112481365304823	0	0	0.0785801122194713	0	0	0	0.0424976508172077	0.0157513474487374	0.00920212491690454	0.0201180853914909	0	0.0347192137309452	0.0353247020191855	0	0	0	0	0	0.035577698656672	0.023421100041096	0	0.00715085301500634	0	0.00445368781442102	0.00559361934227062	0	0	0	0	0	0	0	0	0	0	0	0	0	0.0038558771647456	0	0	0.00361926842175244	0.00322943097559331	0.0140623316484598	0	0	0	0	0	0	0.00571413524922488	0	0.00207877262121605	0	0	0	0	0	0	0	0	0	0	0	0	0	0	0	0	0.00218007937933976	0	0	0.00759782841441183	0	0	0	0	0	0	0	0	0	0	0	0	0	0	0	0	0	0.0076009488173885	0.0190581322779595	0	0	0	0	0	0.00163514420787991	0	0	0	0	0	0	0	0	0	0	0.0411904494464573	0	0	0	0	0	0	0	0	0	0.00919114173035666	0	0	0	0	0	0	0	0	0.0122102094435212	0.0110389255532553	0	0	0	0.0119278821100282	0.0100820684591006	0	0	0	0.0106086403960069	0	0	0	0	0	0	0	0	0	0	0	0	0	0	0	0	0	0.0447197715415865	0	0	0	0	0	0	0	0	0	0	0	0	0	0.00684769206455678	0	0	0	0.00814485099960599	0	0	0	0	0	0	0	0	0	0	0	0	0	0	0	0	0	0	0	0	0	0	0	0	0	0	0	0	0	0	0	0	0	0	0	0	0	0	0	0	0	0.018996374110272	0.0112239602135636	0	0	0	0	0	0	0	0	0	0
SRR20881981	0	0	0	0	0	0	0	0	0	0	0	0	0	0	0	0	0	0	0	0	0	0.0370383876255547	0	0	0	0	0	0	0	0	0	0	0	0.00150614426267853	0.175007815856212	0	0.0583901651148651	0	0	0	0	0	0.120735455146273	0	0	0	0	0.0468516100408942	0	0.0075119847098297	0.0464862553729034	0	0.049034473066947	0	0	0.0444222406385084	0.00893611499811303	0	0	0.102884246401658	0	0	0.00296722742823645	0	0.00414011308404588	0	0	0	0.158196208888312	0	0	0	0.00704579424121929	0	0	0	0	0	0	0	0	0	0.010319359901833	0	0	0	0	0	0	0	0	0	0	0	0	0	0	0	0.0181739379894491	0	0	0	0	0	0	0	0.0174671242755596	0	0	0	0	0	0	0	0	0.00253155268756445	0	0	0.00283185970245037	0	0	0	0	0	0	0	0	0	0.00322057297853319	0.00258739791643219	0	0	0	0	0.00228964135785428	0	0.00349875094751169	0	0	0.00297001913078097	0	0	0.00260769340894799	0	0	0	0.00275686391470844	0	0.00206866871845327	0	0	0.00222702640198192	0.0021767097173558	0	0	0	0.00241250021967841	0	0.0017623019403567	0	0.00465538268511325	0	0	0	0	0	0	0	0	0	0	0	0	0	0.00231426534454341	0	0.00229080716666272	0	0	0	0	0	0	0	0	0	0.0171253709740705	0	0	0	0	0	0.00229198233501696	0	0	0	0.00624147983931816	0	0	0	0	0	0	0	0	0	0	0	0	0	0	0	0	0	0	0	0	0	0	0	0	0	0	0	0	0	0	0	0	0	0	0.0080936630504498	0.0039308305191225	0	0	0	0	0	0	0	0	0	0	0	0	0
SRR20881983	0.00253749741465099	0.00264446640569426	0.00232471258596784	0.00238509428345925	0.00206092437315332	0.00762072550309767	0.00968197342954619	0	0	0.00205710807045489	0	0.00152626388532109	0.00658108484746533	0	0	0	0.00291421695218294	0.0373818365633572	0	0	0	0	0	0.0271010530276708	0.0273375972370125	0	0	0.00728560042033982	0.00430222414445958	0	0	0	0	0	0	0	0.0516493928087728	0	0	0	0	0	0	0	0	0	0	0.0575218030071777	0	0	0.0510561390461811	0	0.0450116743815978	0	0	0.045699933928414	0.00746175174594851	0	0	0	0	0	0.00345557587607294	0	0.013256890887756	0	0	0	0.0234806964278694	0	0	0	0.00582542284777689	0	0.0162703705613078	0.0162077067097404	0	0.00172937607018102	0	0.0157454627734584	0	0.0162945681952781	0.00183196671858411	0.0148878859195101	0.015411213801769	0.0160593669484097	0.0256445768500481	0	0	0	0.0149354397550667	0	0.0148551351158256	0	0	0.0135578877423404	0.0136985939344679	0	0	0	0	0	0	0	0.00976314766884004	0	0	0.00992228705246208	0	0	0	0	0	0.0123959752776999	0	0.0033219351709596	0	0.00948430051256712	0	0.00970101854556619	0	0.00878766020080383	0.0101121134663306	0	0.00986469092073912	0	0.00934866684016825	0	0	0.00493225799152714	0	0.00872999107822897	0	0	0	0	0.00263272397908658	0.00982485709877891	0	0	0.00595009923431928	0	0.00410115345358988	0	0	0	0.0113077536382748	0.011474808713951	0.00148392698706349	0	0	0.0116372776724064	0.0112426359877088	0	0	0	0.0113070066429014	0	0	0.00912694234818524	0	0.00143941695867637	0	0.00739627644169639	0.00131829399575791	0.00157597651072786	0.00850820787698588	0.00164913777235426	0	0.00152347289794686	0.00256864896810985	0	0.00154352284424701	0.00914291348761159	0.0133685095692075	0	0.0013966367250436	0.0072647247555801	0.0079998577847696	0	0.00832088619490417	0.00160089050462678	0.00163031588563778	0	0.00881263090454422	0.0014337613261282	0.00922773108127465	0	0	0.00151176649913192	0.00163546764025488	0	0.00969047096811083	0	0	0	0	0	0	0	0.00745666980024074	0	0	0	0	0	0	0	0	0	0	0	0	0	0	0	0	0	0	0.00161526340300996	0	0	0	0	0	0	0	0	0	0	0	0	0.014977862210124	0	0	0	0	0.00604147517439756	0	0.00535972783554711	0.00482400072283362	0.00542104158097235	0	0	0	0
SRR20881984	0.0549801070806435	0.0360012245908325	0.0227008449192951	0.0145832149261887	0.0153699817347272	0.0127296281734208	0.0167045507368435	0.0166164106422132	0.0123274769961397	0.0130474351756197	0.0136212262252241	0	0.0124781825240997	0.00934753613613367	0.00372594727442627	0	0.0157617979081418	0	0	0.00770466826493167	0.00734632587082873	0.00490296875916933	0.00932605795095255	0	0	0.00388582920702551	0	0.0132112684032119	0.00704984589699823	0	0.0033262591550757	0.00336092149747933	0	0.00921611040535769	0	0	0.071198641169785	0.00335643020988414	0.016738134358596	0	0	0	0	0.0106839516708415	0.00685752212260436	0	0.00740638621722126	0.0458755763139701	0.00357748303866613	0	0.0527322037326763	0.00389867509636381	0.0465342028344222	0.00660584852807631	0	0.0435980476568898	0	0.00307678688883523	0	0	0	0.00633947448375816	0.0264858214171206	0	0.00468389941293272	0	0	0	0.021473564503906	0	0	0.00616923762184419	0	0.00708320774826276	0	0	0	0	0.00319241254937686	0	0.00768302663270584	0	0.0135336430826973	0	0	0	0	0	0.00490237100851211	0	0	0	0	0	0.00482016440663403	0	0	0	0.028484089204173	0.00702044267123044	0.00579351127679579	0	0	0	0	0	0.0279149006302686	0	0	0.00330466836540827	0.011267017456054	0.00486334558010149	0	0	0.00603738460603037	0	0	0	0	0	0	0	0	0	0	0	0	0.00983532875208008	0	0.00349384543150659	0	0	0	0	0.00764155919417464	0	0	0	0	0	0	0	0	0	0.00494365258708343	0	0	0	0	0	0	0	0	0	0.00823968372393378	0	0	0	0.0064750972317027	0	0.0135953979384368	0	0	0	0	0	0	0	0.0171109779997632	0	0	0	0	0	0	0	0	0	0	0	0	0	0	0	0	0	0	0	0	0	0	0	0	0	0.0051024043801796	0	0	0	0	0	0	0	0	0	0	0	0	0	0	0	0	0.00233510764248372	0	0	0	0	0	0	0	0	0	0	0	0	0	0	0	0	0.0237515401580222	0	0	0	0.00497963943134944	0.020387714771011	0	0	0	0	0.00164122047624273	0	0	0	0	0.00395304817775927	0.00399588915264614	0
SRR20881985	0.0501329795504754	0.0364741454004173	0.0325680390390477	0.0254191033344614	0.0237980266826827	0.0263909445044962	0.0225260627665783	0.0225066242875546	0.0217173115806129	0.0181691804673436	0.0227979339558702	0	0.0252937836193494	0.0135767464910095	0.0170154142899006	0	0	0	0	0	0.0119850300764568	0	0.0166046757738862	0	0	0	0	0	0.012104835224253	0	0	0	0	0	0	0	0	0	0	0	0	0.0175794787743881	0	0	0.0204292423866767	0	0	0	0	0	0.00427687581992088	0.0288264278079067	0.00369559639120811	0	0	0	0.0106998552493713	0.00816476511870439	0.00406559971850237	0	0	0	0.00970409961370486	0	0.00304652752786034	0	0	0	0	0	0	0	0.00725313374877704	0	0	0	0	0	0	0	0.0110992010995381	0	0	0	0	0	0	0.00940295424702359	0.00529176029033913	0	0	0	0	0	0	0	0	0	0.0044859863923296	0	0	0	0	0	0.00423255206574738	0.00843528673219233	0.00414575013449852	0.00445545561224652	0	0	0	0.00448939917046118	0	0	0	0	0	0.00449494624996013	0	0.00363085782098855	0	0.00672708637352555	0.00369167167451754	0	0.00395033852465238	0.00805161156073309	0.00400248997979143	0	0	0.00866554763242055	0	0.00482132021122606	0	0	0.00993483236261844	0	0	0.0140829137008504	0	0	0	0	0	0	0	0.0135069109383618	0.0145426615564459	0.0143649368181333	0	0	0	0.0128105363489325	0.0134053607275529	0	0	0	0.01241897018531	0.0122166594662884	0.00813455981738626	0.0128018419150243	0.00783253707821413	0.00563764433019743	0	0	0	0.00454706205344592	0.0118275901649617	0.00462849706692532	0	0.00443268656442199	0.00443473797127635	0	0.00431264761673519	0.0125196670875497	0.0111251068380455	0	0	0	0.0117131177846103	0.0044726382728569	0.0122268938258087	0.00426489453174704	0.00440295465328347	0	0.0118914244496579	0.00410974590176458	0.00553717187614328	0	0.0028849833883905	0.00441809401599068	0.00414294615409532	0	0.00984402349445537	0	0.00694365964341381	0	0.00383535192641283	0.00398582873251511	0	0.0113494823864386	0.0112936161434372	0	0.00384139757359264	0	0.0223850764192271	0	0	0	0	0	0	0	0	0	0	0	0.0085986271038025	0	0	0.00259821108908464	0.00203912396662206	0	0	0.00238033877828689	0	0	0	0	0	0	0	0	0.0104253823060764	0	0	0	0	0	0	0	0	0	0	0	0	0
SRR20881986	0.0293285063939447	0.0171088269861341	0	0	0	0	0.0325594909349088	0	0	0	0	0	0	0	0.00346533016774129	0	0.00533606690030699	0	0.0969871806244702	0	0.0080271747972567	0.00314464740033434	0	0	0	0	0	0	0.0219557067551271	0	0	0	0	0	0.00451623795723197	0	0.109216214258437	0	0	0	0.0458084356252349	0.0199233229122273	0.00618924045215236	0.00728578647157901	0	0	0	0.0762769887575872	0	0.0205243784841651	0.0784604505217934	0	0.0791799262660277	0	0	0.0689397420048399	0	0	0.00516364441491518	0.00378741666545894	0.0507588471599873	0.00432989328569437	0.0137271090718226	0	0.053669501697378	0	0	0	0.0330931598455478	0	0	0	0	0.00383179520926094	0	0	0	0	0	0	0	0	0	0	0	0	0	0	0	0.0177453103480077	0	0	0	0.0167836127782743	0	0	0	0	0	0	0	0	0.00140085572111128	0	0	0	0	0	0	0	0	0	0	0	0	0	0.0013619882518267	0	0	0	0.00554222854487251	0	0	0	0	0	0	0	0	0.00945216722530578	0	0	0	0	0	0	0	0	0	0	0	0	0	0	0	0	0.00261276102525389	0	0	0	0	0.00911179863024982	0.00248094096428474	0	0	0	0.00244446236310814	0	0	0	0.0082390241359174	0	0	0	0	0	0	0	0	0	0	0	0	0	0.00259441627300981	0	0.00170687777368077	0	0	0	0	0	0	0	0	0	0	0	0	0	0	0	0	0	0	0	0	0	0	0	0	0	0	0	0	0	0	0	0	0	0	0	0	0	0	0	0	0	0	0	0	0	0	0	0	0	0	0	0.00120046842383183	0	0	0	0.00708764292312752	0.00764042259657298	0	0	0	0	0	0	0	0	0	0	0	0
SRR20881987	0.00550989491554515	0.00614396736214546	0.00963953723389753	0.00734958350980007	0.00744751639784516	0.0260917672815111	0.00676625387919398	0.0074108341096994	0.00671736668111467	0.0062434315632749	0.00739882379780473	0	0.0205939848797245	0	0	0	0	0.00257440495043438	0.186942097434569	0.0217142449325572	0	0	0	0	0	0	0	0	0.00556663324536203	0.014792738308219	0	0	0	0.0142014109629173	0	0	0	0	0	0.0212633217299329	0.090282163655986	0	0	0	0	0	0.0157294506928879	0	0	0.0441540298230942	0	0	0	0.0137562513761294	0.00189619165114434	0	0.0332000243385905	0	0.00173614577656382	0	0.0904374289660885	0	0.0156899405315308	0	0.00246208626111148	0	0	0	0	0	0.0252596214371267	0	0.0258619519127734	0	0.00766597529239672	0.00741460674558585	0	0	0	0.00726349722603326	0.00598037569907639	0.00747201165888284	0	0.00742685272748486	0.0082831325316997	0.00717038612096783	0.0072534205695825	0.0025268291273842	0	0.0363276728934195	0.00734036376916951	0	0.00922438870250421	0.0333226016997433	0	0.00653173330381882	0.00663193293483057	0	0	0	0	0	0	0	0.00421868277313322	0	0	0.00614853695553745	0	0	0	0	0	0.00612629240494662	0	0.00452861754761125	0.00214634006528788	0.00395036234135767	0	0.0040068124251713	0	0	0.00423044554146355	0	0	0	0	0	0	0	0.0025997516978679	0	0	0	0.00397478454574687	0.00285997772991479	0	0	0	0	0	0	0.00977637077996156	0.00250833510490699	0	0	0	0	0.00302674247144906	0	0	0	0	0	0	0	0	0	0.00351465035443401	0	0.00595742852995467	0	0	0	0.00277535447476389	0	0	0	0	0	0	0	0	0	0	0	0	0	0	0	0	0	0	0	0	0	0	0	0	0	0	0	0	0	0.00281569631000058	0	0	0	0	0	0	0	0	0	0	0	0	0	0	0	0	0	0	0	0	0	0.00635185448030356	0	0	0	0	0	0	0	0	0	0	0	0	0	0	0	0.00581408286503175	0	0	0	0	0	0	0	0	0	0	0	0	0
SRR20881988	0.123401704311744	0.0760213536267676	0	0	0	0.0251151890023062	0.024267888943822	0	0	0	0	0	0.0184039210261007	0	0	0	0	0	0.0253433610547487	0	0	0	0	0	0	0	0	0	0	0.0073691931973891	0	0	0	0	0	0	0	0	0	0.236937846692884	0.0378451332024727	0	0	0	0.0118934047542187	0	0.0140946143906026	0	0	0.0432044944179759	0	0.0144397365067095	0	0.0120833901308256	0	0	0	0	0	0	0.0236586812764442	0	0.0018580500214376	0	0	0	0	0	0	0	0.0765198871912452	0.00153914425794098	0	0	0	0	0	0	0	0	0.038038537911984	0	0	0	0	0	0	0	0	0.045583770157489	0	0	0	0.04422224072171	0	0	0	0.0526722170175628	0	0	0	0	0	0	0	0	0	0	0	0	0	0	0	0	0	0.00249465734127705	0	0	0	0	0	0	0	0.0152224465793247	0	0	0	0	0	0	0	0	0	0	0	0	0	0	0	0	0	0	0.00229035190151412	0	0	0	0	0	0.00191209110379356	0	0	0	0	0	0	0	0	0	0	0	0	0	0	0	0.00172406838532501	0	0	0	0	0	0	0	0	0	0	0	0.00147512386742228	0	0	0	0	0	0	0	0	0	0	0	0	0	0	0	0	0	0	0	0	0	0	0	0	0	0	0	0.00246388370885745	0	0	0	0	0	0	0	0	0	0	0	0	0	0	0	0	0	0	0	0	0	0	0	0	0	0	0	0	0	0	0	0	0.00487998785865599	0	0.00421683495490071	0.00427607291688608	0.00453072156766271	0	0	0	0
SRR8387659	0.0196642304672762	0.0210915639930184	0.0793123525125944	0.0750557636266065	0.0570550502977204	0	0	0.0547355504361037	0.0572542944943536	0.0505124743168107	0.0573593763328997	0	0	0.0643677494005904	0.0878958240189396	0	0.0202734464702566	0	0	0	0.0671779736308977	0	0.0570999632060351	0	0	0	0	0.0305471295609258	0.0353160758898062	0	0	0	0	0	0.00594770822153288	0.00691771357746134	0	0	0	0	0	0	0.0127816427272907	0	0	0.0145496897319543	0	0	0	0.0243727696665461	0	0	0	0	0	0	0.00669202939982233	0	0	0.00596176652506262	0	0	0	0	0	0.00572570337720523	0.00707407054637052	0	0	0	0.0247241079474801	0	0.00494750180231028	0	0.00181614485303995	0.00196573092430579	0	0.00687671771351436	0	0.00190284363324516	0	0.00179493516668312	0	0	0	0	0	0	0	0	0	0.00917798405646233	0	0	0	0	0	0	0	0	0	0	0.00399063327275404	0	0	0	0	0	0	0	0	0	0	0	0	0	0.00371882831758137	0	0	0	0.00334978303784563	0	0	0	0	0	0	0	0	0	0	0	0	0	0	0	0	0	0	0	0	0	0	0	0	0	0	0	0	0	0	0	0	0	0	0	0	0	0	0	0	0	0	0	0	0	0	0	0	0	0	0	0	0	0	0	0.00145877732474426	0	0	0	0	0	0	0	0	0	0	0	0	0	0	0	0	0	0	0	0	0	0	0	0	0	0	0.00265908450842805	0	0	0	0	0	0	0.00535124644123517	0	0	0	0	0	0.00152376857228949	0	0	0	0	0	0	0	0	0	0	0	0	0	0	0	0	0	0	0	0	0	0	0	0	0	0	0	0	0
SRR8387676	0	0	0	0	0	0	0	0	0	0	0	0	0	0	0	0	0.673331849239581	0.0216153510070771	0	0	0	0.0786582828584176	0	0.0170283648945369	0.0170324070121135	0.0111336356693918	0	0	0	0	0.0105604446705161	0.0103135908347459	0	0	0	0	0	0.0094513888207775	0	0.0390234397878468	0	0	0	0	0	0	0	0	0	0	0	0	0	0	0	0	0	0	0	0	0	0	0.00742840384904716	0	0.0108530370557913	0	0	0	0	0	0.0152083040975712	0	0	0	0.00222753563138393	0.00234324977167763	0	0	0	0	0	0	0	0	0	0	0	0	0	0	0	0	0	0	0	0	0	0	0	0	0	0	0.00809767104631919	0	0	0	0	0	0	0	0	0	0	0	0	0	0.00818982511574766	0	0	0	0.0118974033330881	0	0	0	0	0	0	0	0	0.0019290948958804	0	0	0	0	0	0	0	0	0	0	0	0	0	0	0	0	0	0	0	0	0	0	0	0	0	0	0.00281762954986639	0	0	0	0	0	0	0	0	0	0	0	0	0	0	0	0	0	0	0	0.00234623069594799	0	0	0	0	0	0	0	0	0	0	0	0	0	0	0	0	0	0	0	0	0	0	0	0	0	0	0	0	0	0	0	0	0	0	0	0.0356653059480821	0	0	0	0	0	0.00284755421459276	0	0	0	0	0	0	0	0	0	0	0	0	0	0	0	0	0	0	0	0	0	0	0	0	0	0	0
SRR8387677	0	0	0.0965791008813103	0.0826877644839153	0.0813589872586479	0	0	0.0706896989951969	0.0740131903792477	0.0721556244400345	0.06745099372048	0	0	0	0	0	0	0	0	0.0500369122073147	0	0	0	0	0	0.00666015566013104	0	0.0159672774436574	0	0	0.00629626100014357	0.0063302956693976	0	0	0.0121666779325569	0	0	0.00627719873701482	0	0	0	0	0.0270406980628767	0	0	0	0	0	0	0	0	0	0	0	0	0	0	0	0.0546446135177272	0.0104077858972092	0	0	0.0599431595903011	0	0.00800892833423236	0	0	0	0	0	0	0	0	0	0	0	0	0	0	0	0	0	0.00717691740252194	0	0	0	0	0	0	0	0	0	0	0	0	0	0	0	0	0	0	0	0.00702521023888387	0	0	0	0	0.00326240067369774	0	0	0.00322237542705093	0	0	0	0	0	0.00633892803649665	0.00392489522204272	0	0	0.00694771231519603	0	0	0	0	0	0	0.00284911562760236	0	0	0	0	0	0	0	0	0.0310620116095367	0	0	0	0	0	0	0	0	0	0	0	0	0	0	0	0	0	0	0	0	0	0	0	0.00343891634467882	0	0	0	0	0	0	0	0	0	0	0	0	0	0	0	0	0	0	0	0	0	0	0	0	0	0.00544401748544556	0.0169478729757507	0	0	0	0	0	0.0104483819775943	0	0	0	0	0	0	0	0	0	0	0	0	0	0	0.0087886710527275	0	0.00513241234431814	0	0	0	0.00902174222489478	0	0	0.00838204062965569	0	0	0	0	0	0	0	0	0	0	0.00626590538873787	0	0	0.0456051488117725	0	0	0	0	0	0	0	0	0	0	0	0	0	0
SRR8387679	0.0531568761912557	0.041166836585211	0.0864597202225201	0.0912419279138881	0.0785674081849005	0	0	0.0716805638933295	0.0701244508557502	0.0696952885330005	0.0615424559369517	0	0	0	0	0	0	0	0	0.0735241654793559	0	0	0	0	0	0	0.0314130544404818	0.00813232830637765	0	0	0	0	0	0	0	0	0	0	0.0221861120165566	0	0	0	0	0	0.00379516699850405	0.00983942514167839	0	0	0	0	0	0.003865657493607	0	0	0	0	0.00129583651990543	0	0.00887238008744171	0	0	0	0.0135733246624226	0	0.00271079843637837	0.00950130715451568	0.0103753161349505	0	0	0.0104950563819009	0	0	0	0	0.00247444567641647	0.0024697800092078	0	0	0.0338685524633202	0.00225250432386167	0	0.00233852092549873	0.0039453146470444	0.00237801681256338	0.00229735255078726	0.00226562807707849	0.00232863242478393	0	0	0	0.00215667284976159	0	0.00216972367166303	0	0	0.00204389844724236	0.00204012533670471	0	0	0	0	0	0.0022485526710743	0	0	0	0	0	0	0.0231946507305927	0	0	0	0.0017754000536732	0	0.00155797585099808	0.00179234387019991	0	0	0	0.00186816970524741	0	0	0	0	0	0	0	0	0	0.00585181239484063	0	0	0	0	0	0	0.00252908247251979	0	0	0	0.0108775354264118	0.00147955743206966	0.00511030650952729	0	0	0.00264940288805249	0.00279183134068105	0.00125903031723804	0	0	0.00223954181736772	0.00240894312381242	0	0	0	0.00215661582061742	0	0	0.00235847020667998	0	0	0	0	0	0	0.00202548837142216	0	0.00287264544742996	0	0	0	0	0.00205665416846923	0	0	0.00097952118604332	0	0.0020653148556673	0	0.00203041931737055	0	0	0	0.00205389499909404	0	0	0	0	0	0	0	0	0	0	0	0	0	0	0	0	0	0	0	0	0	0	0	0.000976044966036064	0	0	0	0	0	0.00108095608062549	0	0	0.000910693721812475	0	0.00303315419120491	0	0	0	0	0	0	0	0	0	0	0	0	0.00184070686552877	0	0.002610975124398	0.00182819537755586	0	0	0	0	0	0	0	0	0	0.00124148690892016
SRR8387681	0.0332169492564617	0.0280581261541659	0.0185689405317048	0.0177390232963363	0.0173083641755791	0.0145906037157857	0.00546503014821746	0.0172926424401947	0.0148313499538729	0.0158963059496716	0.0134282817687823	0.0247612672179102	0.0132438884383936	0.03360468588273	0.0106016421626556	0.0205382932516382	0.00712105044349276	0	0	0	0.0126477280730274	0	0.012862704031377	0	0	0.00129425918529611	0.00604725142813414	0	0.0130357085145162	0	0.00113571412250032	0.00120150931246265	0	0	0.00143651196724902	0	0.00326377202523093	0.00117440225284076	0.0123676873580067	0	0	0	0.00210560263404177	0	0.00210392576429283	0.00242490685304739	0.00931030073647382	0.00396137003690511	0.00731876393747594	0	0.00344408774448518	0.00131989145355967	0.00327006263293343	0.00862504514210442	0.00204248441361974	0.00316977833838073	0.00399112153909871	0.00293332899090227	0.00426461916391003	0	0	0.00401542719066313	0.00304973064791096	0.00257892758690041	0	0.00261536229901612	0.00266327617888995	0.00301898757375288	0	0.00255094191321568	0	0.00509180126603284	0.00349453513887558	0.00234680994081033	0	0	0	0.00203913913367916	0	0	0	0	0	0	0	0	0	0.00173629910576966	0	0	0	0.00687792671997164	0	0	0.00374413129103183	0	0	0	0.0986388694627228	0	0	0	0	0	0.0143513460759486	0	0.0961116995685738	0.0140942106554467	0.00264381033173636	0	0.00126793320999682	0.00238544242238346	0	0	0	0	0	0.0144175845930601	0.00260592261278917	0.0135494352766822	0	0.0125152160670571	0.0134771829988707	0	0.0129339780790254	0	0.0126908899924943	0	0.00286869007789215	0.00225428737155567	0	0.0129461787633588	0	0.00249221606275892	0	0	0	0.0021358011300164	0	0.00249640718258324	0.00928659286079669	0	0	0	0	0.00510557245298273	0.002623975549724	0.00222677515999597	0	0.00266772762979127	0.00917981580543776	0.0020679406038521	0.00218278158342196	0.00643343074207872	0	0.00248162389339462	0.00212826923790933	0.00508416058022843	0	0.00196902580375821	0	0.00185107365645608	0.00842980466565527	0.0108943205160965	0	0.00200628106011805	0.00178654686206612	0.00221476716327998	0	0.00205198067609779	0.00195961571197654	0	0.00194458093185232	0.00202583112321092	0.0024447896570927	0.0029932393097704	0	0.0107808259555519	0.00191442165724227	0.00194773731784051	0.00176870096702725	0.00188783915597605	0.00188422218723134	0.0029633536891767	0.00179452908309754	0.00204582011538302	0	0.00333401451815104	0	0.00191292925137711	0.00205077039366709	0	0.00190496534400071	0.00765396141194364	0	0	0	0.00201659799238795	0.00360200003457237	0.0039631596424147	0.00170332101773605	0.00299454475550758	0.00178828769921717	0	0	0	0.00141799096512977	0	0.00335288986215738	0.00263263089319642	0	0	0	0	0.00331229117589722	0	0.00125072894867802	0.00332860403353614	0	0	0	0	0	0	0	0	0	0	0.00265004560871027	0.00167170451999162	0	0	0	0	0	0	0	0	0	0	0	0	0	0.00540296056875848	0.00530824763646058	0
SRR8387683	0.144287973275279	0.105495988536286	0.00845639372428315	0.00895204731022349	0.00749765196805368	0	0	0.0120130555072833	0.00690874231957468	0.00729560473178641	0	0	0	0	0	0	0	0	0	0	0	0	0	0	0	0	0	0	0	0	0	0	0	0	0	0	0	0	0	0	0	0	0	0.0113599492215383	0	0	0	0	0	0	0	0.00384577769658241	0	0	0	0	0	0.0114488471961811	0.00474596509228401	0	0	0.00811825481499732	0.0382310190302431	0	0.00638861901408171	0	0	0	0	0	0	0.0456218182960231	0	0.00766621795311802	0	0	0.00558141642327374	0	0	0	0	0	0	0	0	0	0	0.00797927397490695	0.00447601714779656	0	0	0	0	0	0	0	0	0	0	0.0103220661715691	0	0	0	0	0	0.0064869257396144	0	0	0	0.0188497053468886	0	0	0	0	0.010126072997095	0.00757120948783179	0	0	0.00602941506660126	0	0	0	0	0	0	0.00595615425871872	0	0	0.00702324728315624	0	0	0	0	0	0	0.00355466720148185	0	0.00711515910052076	0	0.0100873697727333	0	0	0.00601796534900472	0	0.00984261679709627	0	0.00714067156722682	0.00732211869472093	0.00476061586972568	0.0233001162241417	0.0230118798798176	0.00724677824631847	0.00813347985100137	0	0	0	0.00778790561501158	0	0	0.00633972468302302	0	0	0.0216447866342282	0	0.00481902326618603	0	0.00622173599234445	0	0	0	0	0	0	0.00698520743135997	0.00817253429392914	0	0	0	0.0066868841542512	0	0.00601830400715161	0	0	0.0248331517092344	0.00579934543586497	0	0	0	0.00934220263649576	0	0	0	0.00655931052693096	0	0	0	0.00268072032922925	0	0.0225334898266731	0	0	0.0238542021240895	0	0	0	0.010821249967632	0.0112585089867006	0	0	0.0230011168167703	0	0	0	0	0	0.00834152666127454	0.0103432731350263	0	0	0	0.00758258878702319	0.00775532689079535	0.0186749527602094	0	0	0	0	0.00358937078388756	0	0	0.041630690680032	0	0	0.00615509166157027	0	0	0	0.00549094902261758	0	0.00525247741366305	0.00471466863146526	0.00477080201996536	0	0	0	0.0140700089763038
SRR8387691	0.0421709788978279	0.0325916265140222	0.0551817678937368	0.0430634018958707	0.0391667926560601	0	0	0.0353805248771883	0.0390768030738178	0.0346719731998154	0.0374555815398335	0	0	0	0	0	0	0	0	0	0	0	0	0	0	0	0.0307555959094593	0	0.24420759140199	0	0	0	0	0.0105927313604819	0	0	0.00577680701938148	0	0.0155708221783518	0	0	0	0	0	0	0.0111735327404666	0	0.00566236420957552	0	0	0.00600839007659791	0	0.00593427518123125	0	0	0.0057467316684558	0	0	0	0	0	0	0	0	0.013057613195377	0.0102826433130131	0.0115080938182223	0	0	0.0131873305873508	0	0	0	0	0	0	0	0	0.0164154139170352	0	0	0	0	0	0	0	0	0	0	0	0	0.127033701912023	0	0	0	0	0	0	0	0.00982765081085161	0	0	0.00237739166458388	0	0	0	0	0	0	0.0538535962186869	0	0	0	0	0.00879267942582411	0	0.00213279125685088	0	0	0	0.00224634548735167	0	0	0	0	0	0	0	0	0	0	0	0	0	0	0	0	0	0	0	0	0.0102856478244083	0	0	0.00872649661858123	0	0	0	0	0	0	0	0	0	0	0	0	0	0	0	0	0	0	0	0	0	0	0	0	0	0	0	0	0	0	0	0.00309118989900606	0	0	0	0	0	0	0	0	0	0	0	0	0	0	0	0	0	0	0	0	0	0	0	0	0	0	0	0	0	0	0	0.00238914183384589	0	0	0	0	0	0.00200841765289429	0	0	0.00259556226993025	0	0	0	0	0	0	0	0	0	0	0	0	0	0	0	0	0	0	0	0	0	0	0	0	0	0	0	0
SRR8387697	0.0801380918241633	0.0584000547856696	0.0471094037597854	0.0479515652967588	0.0437956441387677	0.0377132787871186	0.0111581209626854	0.0448212767614628	0.0396296863771205	0.0416589362050487	0.0350004948041016	0	0.0271599712224564	0.0278084161553967	0.01570612849499	0	0.0088616455758197	0	0	0	0.0189047847928917	0	0.0222036837023597	0	0	0	0	0	0	0	0	0	0	0.078890775348143	0.00808206010456665	0	0	0	0.0260407378435421	0	0	0	0.00796588180268144	0	0.00643346653810589	0	0.0115949118110654	0	0	0	0	0.00249643563883978	0	0.0107232921013034	0	0	0	0	0.0266867510072581	0.00542035358462403	0	0	0.0116769572465379	0	0.00271434379082576	0	0	0	0	0	0	0.00744258460312185	0	0	0	0	0.00225124151904362	0	0	0	0.00370234010548569	0	0.00697964128878539	0	0	0	0	0	0.00548427055247922	0	0	0	0	0	0	0	0	0	0	0.025650908910215	0	0	0.00322761362733344	0	0	0	0	0	0	0	0.00210140733111314	0	0.00966027037801517	0	0.0235474851724129	0	0.0036929305164936	0	0.00667097906172229	0	0.00293581355514093	0	0	0	0	0	0	0.00241046014995618	0.0069087946981148	0.00344854094564098	0	0	0	0	0.00235786763636653	0	0	0	0	0.006046345625002	0	0	0	0	0.0226508060188953	0	0	0	0	0	0	0	0	0	0.00570097501889466	0	0	0	0.00207461150267261	0	0	0	0	0	0	0	0	0	0.00139195587242582	0	0	0	0	0	0	0	0	0	0	0	0	0	0	0	0	0	0.00682887311872058	0.00942043724074643	0	0	0	0	0	0.00985763635047751	0.00191043259333984	0	0	0	0	0	0	0	0	0	0	0	0	0	0.00216669928305058	0	0	0	0	0	0.0026785589513757	0	0	0.00208209391172815	0	0	0	0	0	0	0	0	0	0	0.00197027399714034	0	0	0	0	0	0	0	0	0	0	0	0	0	0	0	0	0
SRR8387707	0.122258258808103	0.0812034879790811	0	0	0	0	0	0	0	0	0	0	0	0	0	0	0.010742372089044	0	0	0.0494057182189712	0	0	0	0	0	0	0	0	0.0233030012107745	0	0	0	0	0.0637322136591791	0	0	0	0	0	0	0	0	0	0	0	0	0	0	0.00557324346228357	0	0	0	0	0	0	0	0	0.0101187396906937	0.0390671954545229	0	0	0	0.070360204611748	0	0.00343695635202221	0	0	0	0	0	0	0	0	0	0	0	0	0	0	0	0	0	0	0	0	0	0	0	0	0	0	0.0101056100914092	0	0	0	0	0	0.0413055161134343	0	0	0	0.00518039247333074	0.00557628617934757	0	0	0	0	0	0	0	0	0	0.0143127061995649	0	0	0.0223474291313434	0.00545729632608033	0	0	0	0.00495769738513363	0	0	0.0153617696706418	0	0	0	0	0	0	0	0	0	0	0.00623737223716679	0	0	0.0168030953309347	0	0	0	0	0.0174157579862481	0	0	0	0.0463413462096112	0.0173138886933543	0.0170219304173213	0	0	0.0157562285267633	0.0146666704232787	0	0	0	0.014382046072697	0	0.00583368175701145	0.0141592151527578	0	0	0	0	0.0155800309833974	0	0.0123965588025995	0	0	0	0	0	0	0.0131744300837367	0.0156545810693936	0	0	0	0.0126280554102084	0	0.0126094294502504	0	0	0	0.0124124064139899	0	0	0	0	0	0	0	0.0127250982532158	0	0.00481057581694981	0	0	0	0	0	0.0111541640113681	0	0	0.00551956346513226	0	0	0	0	0.00623423051779863	0	0.0488517796152833	0	0	0	0.00529726774927043	0	0	0.0129987194988286	0	0.00821578094472353	0	0	0	0	0	0	0	0	0	0	0	0	0	0	0	0	0	0	0	0	0	0	0	0	0	0
SRR8387710	0.0303194104745651	0.0307235275074558	0.0627049787055229	0.041329144956255	0.0364125072663011	0.00657420064439978	0.120743532772504	0.0337799705048005	0.0320815818224717	0.0302969344697328	0.0316443131836061	0.00969738030232983	0.0286805945635583	0	0	0.00991910505372503	0.0224972330660648	0	0	0.00900937584281996	0	0	0	0	0	0	0	0.0155637348868636	0.0174244155071434	0.0419172497611626	0	0	0.0156724168558204	0.0140484796600426	0	0	0	0	0.0175268032445878	0	0	0	0.00622764734468264	0.0150166579075175	0.0558893872677978	0	0	0	0	0	0	0.0320023697424123	0	0	0	0	0	0	0.00189023250087264	0	0	0.00969972035365573	0.00752701023213069	0	0.0136173749217356	0	0	0	0	0	0	0.0108686750969525	0	0.00786503366897792	0	0	0	0	0	0	0.0184989504328794	0	0	0	0	0	0	0	0.00485612652314142	0	0	0.0086624538333192	0	0	0	0	0	0	0	0.0212315356093705	0.00773726198158699	0	0	0	0	0	0	0	0	0	0	0	0	0	0.0192217257498076	0	0	0	0	0	0	0	0	0	0	0	0	0	0	0	0	0	0	0	0.00685087764962465	0	0	0	0	0	0	0	0	0	0.0157736163196871	0	0	0	0	0	0	0	0	0	0	0	0	0	0.00273685993306589	0	0	0	0	0	0	0	0	0	0.0137402657115022	0	0	0	0	0	0	0	0	0	0	0	0	0	0	0	0	0	0	0	0	0	0	0	0	0	0	0	0	0	0	0	0	0	0	0	0	0	0	0	0	0	0	0	0	0	0	0	0	0	0.00164655428141691	0	0	0	0	0	0	0	0	0	0.00527231258876013	0	0	0	0	0.0546004592973695	0	0	0	0	0	0	0	0	0	0	0	0
SRR8387712	0	0	0.0152659384771956	0.0116892612511299	0.0100498083030457	0	0	0.0112260179762454	0.0110292402829466	0.00914511733562874	0.0104679771525159	0.0330164498548801	0	0.0208447883336414	0.0308152537511058	0.0212729398101018	0.0302485946474588	0	0	0	0.0252890794355571	0	0.0194846925542274	0	0	0	0	0	0.0175509632219227	0	0	0	0	0	0.0046339159188627	0	0.0609986317257285	0	0	0	0	0	0.0057414030759635	0.00807929599896891	0	0	0	0.0524593111616236	0	0	0.0509885554911565	0	0.0569138215362866	0	0.00705213649982006	0.0490270831654662	0	0	0.00511781354375745	0.00449909842880832	0	0.00467127968897715	0	0.00754226597465562	0.00248921072697154	0	0	0.00728560186983031	0.149691144681995	0	0	0	0	0.00488692273896432	0	0	0	0	0	0	0	0	0	0	0	0	0	0	0.00667209931495437	0	0	0.00875073674397696	0	0	0	0	0	0	0	0	0	0	0	0	0.00369951771845344	0	0	0.00369667375365779	0	0	0	0	0	0	0	0	0	0.00519438467796177	0	0.00362471933999132	0	0.00485223627874854	0.00334600044823129	0	0.00330547008371472	0	0.00390639866555868	0	0	0.00926474912640799	0.00553288534869045	0.00460102174241815	0	0	0.00257558145844254	0	0	0.00878597805185658	0	0	0	0	0	0.00505682732054408	0	0.00574771716566705	0.00881996515003388	0.00879881085693967	0	0	0	0.00918131110856751	0.00904166206134307	0	0	0	0.00901591209558626	0.00522163999919668	0.00233415480484377	0.0077244608935198	0	0	0	0.00298730117645447	0	0	0.00747147770501755	0	0	0	0	0	0	0.00852259503047236	0.00936152838302301	0	0	0	0.00729701805525604	0	0.00772774923909601	0	0	0	0.00682426472172845	0	0.00850361722431322	0	0	0	0	0	0.00798995881829146	0	0.00201511206415234	0	0.00230850451043567	0	0	0.00428309857397669	0.00650433858752282	0	0	0	0	0	0	0	0.00323241808833596	0	0	0	0	0	0.0034577168824295	0	0	0.0032887721147488	0	0	0	0	0	0	0	0	0	0	0	0	0	0	0	0	0	0	0	0	0	0	0	0	0	0	0	0
ERR12405909	0.0409751376360995	0.0401384515369678	0	0	0	0.0164540016967217	0.0897405151088369	0	0	0	0	0.0673399682896574	0.0184704866283505	0	0	0.0391870889832886	0	0	0	0	0	0	0	0	0	0	0	0	0.0844150539819576	0.0346589983882881	0	0	0	0	0	0	0	0	0	0	0	0	0	0	0	0	0.00660352000497405	0	0	0	0	0	0	0.00428975279563556	0	0	0	0	0.00840391236399942	0	0	0.0156877225159466	0.00127617118682794	0	0.00141398181584181	0	0	0	0	0	0	0.00397628836376046	0	0.0166498463009094	0.0070840942117677	0.00668302603827452	0	0	0	0.00655398978730445	0	0.00608188277924788	0	0.00690540827864492	0.00605867592278618	0.00613816639015538	0.00591826286588588	0	0	0	0.00573568777998732	0.0325264907062536	0.00559659474494635	0	0.0292239492656268	0.0053408458821027	0.00563822548692535	0	0	0	0	0	0.00572595643508987	0	0.010130297642357	0	0	0.00977078149097258	0.0254164569761381	0	0	0.0191513212411312	0	0.0045376926466018	0	0.00393220184843274	0.0048906056637515	0.0098246149508514	0	0.00951844728100346	0.00430607154578123	0.00953488770620211	0.00989122407906778	0	0.00912943288717	0	0.00928350436799905	0	0	0	0.00959083351448683	0.00929983494980336	0	0.0224273183245082	0.00603089628079429	0	0	0	0	0	0	0	0.00327125924558447	0.00795566940579769	0	0	0	0	0.00302359476795851	0	0	0	0	0	0	0.0214258226512551	0	0	0.00551671541042274	0	0	0	0	0.00824842872829562	0.00283664378773565	0	0	0	0	0	0	0.0215346406969313	0	0	0	0	0	0.00767415831103399	0	0	0	0	0	0	0	0	0.00230876081589342	0	0	0	0	0.0232205994053922	0	0	0.00411139924045988	0.0138825957487351	0	0	0	0	0	0	0	0	0	0.0136188397824031	0	0.0199113917828886	0	0	0	0	0	0.00711906344987009	0	0	0	0	0.00174515678179309	0	0	0	0	0	0	0	0	0	0	0.0150366824174347	0	0	0	0	0	0	0	0	0	0	0	0	0	0	0	0
ERR12405910	0.161342474206836	0.120840121287939	0.0203117480190835	0.0186334485999791	0.023997504350629	0.0456661998992557	0	0.0189879618431116	0.014432660766607	0.015096500940411	0.0141777877377809	0.0172285850376938	0.0330554452619576	0	0	0.026735654870713	0.0448109032734354	0.00668509039542509	0.00317934037761866	0	0	0	0	0.00455081082475307	0.00514567125047098	0.00462385141141778	0	0.0246994776656689	0	0.00493270782661361	0.00399462929506896	0.00399843181134561	0	0.0312771848097662	0	0	0	0.00348856511678913	0	0	0	0.0119632183965182	0.00271191089697162	0.014177411945128	0.00973861593551433	0	0	0	0	0	0	0.00604714588910382	0	0	0	0	0	0	0.00471217373147448	0	0	0.00729653803319068	0.0449758420705776	0	0.0528361991328726	0	0	0	0	0	0	0.0145316321765349	0	0	0	0	0	0	0	0	0	0	0	0	0	0	0	0	0.00526709019922027	0	0	0	0	0	0	0	0	0	0	0.00470951769440179	0	0	0	0	0	0	0	0	0	0	0	0	0	0	0.00396560893082084	0	0	0	0	0	0	0	0	0.00610195631114945	0	0	0	0	0	0.00292819333467296	0.00522045823765313	0	0.0247282403144669	0	0	0	0	0	0	0	0	0	0	0.00425133608883959	0.00339425297270185	0	0	0	0	0	0.00934156794693849	0	0	0	0	0	0	0	0	0	0.0026001190940503	0	0.00821185465427069	0	0	0	0.00400596260642292	0	0.00249405631453367	0	0	0	0	0	0	0	0	0	0.00369224605502987	0	0.0035651439269544	0	0	0	0.00397666823395829	0	0	0	0	0	0	0	0	0.0103093597207415	0	0	0	0	0	0	0.00396826527176391	0	0	0	0	0	0.00309993782063633	0	0	0	0.00739759899955725	0	0	0	0	0	0	0	0	0	0	0	0	0	0	0	0	0	0.00697412749120752	0	0	0	0.00264646651580385	0.020389340231067	0	0	0	0	0	0	0	0	0.00587718594488055	0	0	0
ERR12405911	0.0956549034988119	0.0570310756622635	0.029116768603058	0.0214157185913202	0.0225740539286632	0.0200727762591494	0	0.0184458238940827	0.0196157960437086	0.01611803051355	0.0180224314039231	0.0153398200988549	0.0131776416617413	0	0	0.0196726514090542	0.0118097250807746	0	0	0	0	0.052123192338412	0	0	0	0	0.0111183654638533	0	0	0.0644612887995229	0	0	0.0820283197101538	0.0303036661838889	0	0	0	0	0.0248034559122003	0	0	0	0	0.00619708864199439	0.0160831594097474	0	0	0	0	0	0	0.0207433966123001	0	0	0.00401841431794158	0	0.00369146301928192	0	0.00891781788124079	0	0	0.00331585392392502	0	0.00530943605820351	0	0	0	0.00736901865895913	0	0	0	0.0146568999628379	0.00290986327790457	0	0	0	0	0	0.00551054298440603	0	0.00747789920389341	0	0	0	0	0	0	0	0.00320746567134923	0	0	0	0	0	0	0	0	0	0	0.00299085605215042	0	0	0.00170022781227664	0	0.00324308764378766	0	0	0.0033252119075908	0	0	0	0	0	0	0.00258079104704019	0	0	0.00304393327285625	0	0.00290167864276759	0	0.00389713344747222	0.0031864998391894	0	0.00289545655603835	0	0.00290947533786672	0	0	0	0.00195556035288525	0.00383790045018907	0.0250352387104751	0	0	0	0	0	0	0	0	0	0	0.00168756115607759	0	0	0	0	0	0	0	0	0	0	0	0	0	0	0	0	0	0.00587516526831984	0	0	0	0.00624719020896995	0	0.00642874512868296	0.00182815396258187	0.00663816935155403	0.00615811690192094	0	0.00626327033360038	0	0	0	0	0	0	0.00609861510614219	0	0.00605299523326928	0.00682583562762036	0	0	0.0061488496932955	0	0	0	0.00579657687640613	0.00616712212372115	0	0	0	0	0	0	0.00625985742254412	0	0	0	0	0.00535919764388632	0	0	0	0	0	0	0	0	0	0.00142624541238317	0	0	0.00200363628207447	0	0	0	0	0	0	0	0	0	0	0	0	0	0	0.0796932265000236	0	0	0.00759412271043062	0	0	0.00363047130293811	0	0	0	0	0	0	0	0	0
ERR12405912	0.0227262287400035	0.0178488378048567	0.0100285814043344	0.0086552148871499	0.00811743699312836	0.016758818245322	0.00930188309665322	0	0	0	0	0	0.0165227751202767	0	0	0	0.0100793054435652	0.0686796865079365	0	0.00614698741293161	0	0.273015655533898	0	0.0503640998256229	0.0493093306791955	0.00826011569469262	0	0.0557740731129205	0.0187093208711767	0	0.0101246858280563	0.00700216840985964	0	0	0	0	0.0191155477047057	0.00616766038074296	0	0	0	0	0	0.0117515315297375	0.0143652882044112	0	0.00978530919738011	0.0147062395881989	0	0	0.0153031943472951	0.00961193362637238	0.0148988245350533	0.00841855836642568	0.00657438530984646	0	0.00768703399285992	0	0	0	0	0.00509341250522028	0	0	0.00424830024322093	0	0	0	0	0	0	0.00627994795289206	0.00626947617246658	0	0	0	0	0	0	0	0	0	0	0	0	0	0	0	0.010736833722219	0	0	0.0145909066688028	0	0	0	0	0	0	0	0	0	0	0	0	0.00399010435483174	0	0	0.00385699456937219	0	0	0.00608310226327691	0	0.0156459678509932	0	0	0	0	0.00385776670575334	0	0.00372649824614523	0	0.00385352543187258	0.00401599196140536	0	0	0	0	0.00465832846879863	0	0.00444106830858339	0	0	0	0	0	0.00332043760632283	0	0	0	0	0	0.00953215054144645	0	0	0	0.0104617877069621	0	0	0	0	0	0	0	0	0	0	0	0.00932352176183001	0	0	0	0	0	0	0	0	0	0	0	0	0	0.00608750258656015	0	0	0	0	0	0	0	0	0	0	0	0	0	0	0	0	0	0	0	0.00499799619973099	0	0	0	0.00671292895126642	0	0	0	0.00715289725960866	0	0	0	0	0	0.00460864489683907	0	0.00447057020705233	0	0	0	0.00392448361235922	0	0.00916465757731215	0	0	0	0	0	0	0	0	0	0	0	0	0	0	0	0	0	0	0	0	0	0	0	0	0	0	0	0	0.00463588357634785	0.00458920003649235	0.00385839965940579	0
ERR12405913	0	0	0.0220861067388588	0.0174170422817129	0.0182772002222951	0.00562201014949613	0	0.0209895577185483	0.015115784914802	0.0175787340318291	0	0.140075723559389	0	0	0	0.0980024224149025	0.0353952300219348	0	0	0	0	0.113463897403269	0	0	0	0.00710153407477777	0	0.0102194925104284	0.063419337278718	0	0.00602463001543884	0.00617432454006136	0	0	0	0	0	0.00566118391017483	0	0	0	0.00844907171045539	0	0.0138477699457282	0	0.0644770895926877	0	0	0.0386299031084714	0	0	0	0	0	0	0	0.0128838461573451	0.0244095178175104	0.00845701404448199	0	0	0	0.0271088136335483	0	0	0	0	0	0	0.0279428099625831	0	0.00583579276779868	0.00974870848621305	0	0	0	0	0.0326068141372371	0	0	0	0	0	0	0	0	0	0	0	0	0	0.0299031320445652	0	0	0	0	0	0	0	0	0	0.0205108603346002	0	0	0.00699186408410646	0	0	0.0067050345535431	0	0	0	0	0	0	0	0	0.00327571518798884	0	0	0.00631650452554674	0.00325740339880753	0	0.00664253636922344	0	0	0	0	0	0	0	0	0	0	0	0	0	0.00849417789493777	0.00781680111647452	0	0	0	0	0	0	0	0	0	0.00656461693670332	0	0	0	0	0	0	0	0	0	0	0	0	0	0	0	0	0	0	0	0	0	0	0	0	0	0	0	0	0	0	0	0	0	0	0	0	0	0	0	0	0	0	0	0	0	0	0	0	0	0	0	0	0	0	0	0	0	0.00636237241459464	0	0	0	0	0.00294438503845245	0	0	0	0	0	0	0	0	0	0	0	0	0	0	0	0	0	0	0	0	0	0.00719323294975935	0	0	0	0	0	0	0	0	0	0	0	0	0
ERR12405914	0.166862932890602	0.0911496286965969	0	0	0	0	0	0	0	0	0	0	0	0	0.0105673416026412	0	0	0	0	0	0	0.206644423533368	0	0	0	0	0	0	0	0	0	0	0	0	0	0	0	0	0	0	0	0	0	0	0	0	0	0	0	0	0	0	0	0	0	0	0.0158305170848203	0	0	0	0	0	0	0	0	0	0	0	0	0	0	0	0.0127706721103559	0	0.00983697238633327	0.00913805625328865	0	0	0	0	0	0.00877584475636895	0	0	0.00852931717083962	0.00879814005747388	0	0	0	0	0	0	0	0	0	0	0	0	0	0	0	0	0	0	0	0	0	0	0	0	0	0	0.0667392182005275	0	0	0	0	0	0.00650489495323063	0	0	0	0	0	0	0	0	0	0	0	0.0170726072355352	0	0.00775536215407992	0	0	0.0461168717765427	0	0	0	0	0.0161182878463046	0	0	0.0140549544365595	0	0	0	0	0	0	0.1173353201151	0	0	0	0	0	0	0	0	0	0	0	0.113323436102479	0	0	0	0	0	0	0	0	0	0	0	0	0	0	0	0	0	0	0	0	0	0	0	0	0	0	0	0	0	0	0	0	0	0	0	0	0	0	0	0	0	0	0	0	0	0	0	0	0	0	0	0	0	0	0	0	0	0	0	0	0	0	0	0	0	0	0	0	0.0370994552980127	0	0	0	0	0	0.00897574533893863	0	0	0	0	0	0	0	0
ERR12405915	0.0407964438352585	0.0306865526857842	0.0605012565726944	0.050169501640473	0.0477922122634297	0.0407470173180907	0.00499784824717823	0.0450076142562326	0.0399728572032429	0.0426974546378792	0.0394339443018049	0.0107504271394017	0.0326250691809676	0	0	0.0117456282555895	0.0228742769703627	0	0	0	0	0.0621810407978678	0	0	0	0	0.0164399869656805	0.0173304979148435	0.0263476353152307	0	0	0	0	0.0121152569327921	0	0	0	0	0.0140030190677611	0.0025541967134686	0	0	0	0.0163302679985163	0.0111271228756131	0	0	0	0	0	0	0	0	0	0	0	0	0	0.00817046162896164	0	0	0.00853321100251061	0.00595803411765231	0	0.00284508718844553	0	0	0	0.00253935845314478	0	0	0.00938598978222084	0	0.00773427318245912	0	0	0	0	0.00763419918276265	0.00433869849994241	0	0	0	0	0	0	0	0	0.00436192053449079	0	0	0.0199184507878939	0	0	0	0	0	0	0.0284508443369491	0	0.00709771412479873	0	0.00259287816613045	0	0	0	0.0258686570103786	0	0	0	0	0	0	0	0	0	0	0	0	0	0	0	0	0	0	0	0	0	0	0.0025784153953313	0	0	0	0	0	0	0.0064277929389851	0	0	0	0	0	0	0	0	0	0	0	0	0	0	0	0	0	0	0	0	0	0	0	0	0	0	0	0	0	0	0	0.00565627696941493	0	0	0	0	0	0	0	0	0	0	0	0	0	0	0	0	0	0	0	0	0	0	0	0	0.0293144036750706	0	0	0	0	0	0	0	0	0	0	0	0	0	0	0.00486800165331568	0	0	0	0	0	0.00469293636279855	0	0	0.00440770850139267	0	0	0	0	0	0	0	0	0	0	0.0101258754118301	0.00410621539371412	0	0	0	0.0492047223713056	0	0	0	0	0.0189067112801192	0	0	0	0.0086105225541079	0.00316972450116317	0.00327378590254636	0
ERR12405916	0	0	0.0411041771581749	0.0322260219500249	0.0307102599104085	0	0	0.0247596002260297	0.0283695020343019	0.0262601952337704	0.0294104312471007	0	0	0	0	0	0	0.0235198291216013	0	0	0	0	0	0.0165826269863658	0.0183917322526972	0	0.0137254805481393	0	0	0	0	0	0	0	0	0	0.0675318740381574	0	0	0	0	0.0111567071805301	0	0	0	0.0288966901981841	0	0.0434410653754809	0	0	0.046887573588248	0	0.0502380274530606	0	0.0131320210938649	0.0466446506562964	0.00299003204361468	0	0.00125802245846629	0	0	0	0	0.0126092170770178	0	0.0173876781875639	0.0154393356650923	0	0.0231057289309522	0.014944963458131	0	0.00936089099491635	0.00224466955711487	0	0	0	0.0148098340197428	0.0193542486499172	0	0	0	0	0	0	0	0	0	0	0.00167174791964024	0	0	0	0	0	0	0	0	0	0	0	0	0	0.00449354997688743	0.0149642561997246	0	0	0	0	0	0	0.00197671289809164	0	0	0	0	0	0.0037902951713027	0	0	0	0.00552845881964301	0	0	0	0	0	0	0	0	0	0	0	0.01063680322565	0	0	0	0	0	0	0	0	0	0	0	0	0	0	0	0	0	0	0	0	0	0	0	0	0	0	0	0	0.0150002836562851	0	0	0	0.0127681308985455	0	0.0123362638336111	0	0.0137101120999144	0.0117076433493039	0	0.0125222477918623	0	0	0	0	0	0	0.0167283394089721	0	0.0126576058374768	0.0128890697830636	0	0	0.0130729729244179	0	0	0	0.0121000480318532	0.0122831796921177	0	0	0	0	0	0	0.0125936175463959	0	0	0	0	0.0125594206877079	0	0	0.0165412665150676	0	0	0	0	0.00640996503259813	0	0.00289179382740863	0	0	0	0	0	0.00751807413043318	0.00212984175056284	0	0	0	0	0	0	0	0	0	0	0	0	0	0.00144582918544389	0	0	0	0.00288320244512015	0	0.00243872778449899	0.00262357729636818	0.00263387498506486	0	0	0	0
ERR12405917	0.101367457507309	0.0722214759273668	0.0254798388811044	0.0252054688800169	0.0200936015014227	0.0242467858010862	0.00886474901525616	0.0249464682324805	0.0159284707142315	0.0177514155041113	0.0150310128318454	0	0.0197995161520491	0.0494491030690561	0.0621217805222637	0	0.0102267658588719	0	0.00895283930229956	0.0919375524303589	0.0422112563038733	0	0.0444865878442049	0	0	0.00207610936190492	0	0	0	0	0.00186513030777023	0	0	0	0	0	0	0	0.0245875241207353	0	0.00522187105177213	0	0	0.0254527825020151	0	0	0.00764232048729551	0	0	0	0	0	0	0.00738488800089698	0	0	0	0	0.00678344333796376	0	0.0034362673810284	0.0184229329380546	0.00995048335747548	0	0.00314102220735994	0	0	0	0	0	0	0.00308158505690347	0	0.0153404591297699	0	0	0	0	0.0112854850651196	0	0	0	0	0	0	0	0	0	0.00204120575523611	0	0	0	0	0	0.0129194029696698	0	0	0	0	0	0.0125331876630724	0	0.00517265543180325	0	0	0	0	0	0.0106370338215126	0	0.0018050460804801	0.0110586025478914	0	0	0	0.00308624471429464	0.00398654453883221	0	0	0	0.00384757184110478	0	0	0	0	0	0	0	0	0	0	0	0.00428471844415715	0.00938895007074931	0	0	0.00266824580830381	0	0	0	0	0	0	0	0	0	0	0	0.00249914894856244	0	0.00254633486565178	0	0	0	0	0.00893062963967688	0	0	0	0	0	0.00389856135280762	0	0	0	0.00376551445949592	0	0.00392226381946914	0	0.0039395482181669	0.00369489316122096	0	0.00383211525420313	0	0	0	0	0	0	0.00377999281918965	0	0.0039030714939381	0	0	0	0.00385740060238218	0	0	0.00154895779746799	0	0	0	0	0.00413198719021418	0	0	0	0.0109161228640533	0	0	0	0	0	0	0	0	0	0	0	0	0	0	0	0	0	0.00304412726083464	0	0	0	0.00244488804163509	0.00301301847655912	0.00257365974665194	0	0	0	0	0	0	0	0	0	0.0103726050644344	0	0.00396129865100306	0	0	0	0	0	0	0	0	0	0	0	0
ERR12405918	0	0	0	0	0	0	0	0	0	0	0	0	0	0	0	0	0	0	0	0	0	0	0	0	0	0.0191210331340155	0	0	0	0	0.0161860037053186	0.0165223367585866	0	0	0	0	0	0.015149832509616	0	0	0	0	0	0	0	0	0	0	0	0	0	0	0	0	0	0	0.0426451099447809	0	0	0	0	0	0	0	0	0	0	0	0	0	0	0	0.0349352668597286	0	0	0	0	0	0	0	0	0	0	0	0	0	0	0.0956145883005226	0	0	0	0	0	0	0	0	0	0	0	0	0	0	0	0	0	0.575808897199382	0	0	0	0	0	0	0	0	0	0.0142895509046121	0	0	0	0	0	0	0	0	0	0	0	0	0	0	0.015427271041439	0	0	0	0	0	0	0	0	0	0	0	0.0117078046966614	0.0128160256249348	0	0	0	0	0.0114225335142791	0	0	0	0	0	0	0	0	0	0	0	0	0	0	0	0.0107049620551089	0	0	0	0	0	0	0	0	0	0	0	0	0	0	0	0	0	0	0	0	0	0.0121011655013194	0	0	0	0	0	0	0	0	0	0	0	0	0	0	0	0	0	0	0	0	0	0	0	0	0	0	0	0	0	0	0	0.083387273801601	0	0	0	0	0	0	0	0	0	0	0	0	0.0121603444480936	0	0	0	0	0	0	0	0	0	0	0	0	0	0
ERR12405919	0.0377111629536309	0.0310757518976416	0.0547929581489042	0.0402509621903168	0.0406158570190179	0.088154928222104	0.00797957522548016	0.0313779058158331	0.0350449587160365	0.0310956890757421	0.0357180965285166	0	0.0423819234336707	0.0333653964238743	0.0675015621402003	0	0.0131334251640096	0	0	0	0.0344847403000401	0	0.0303362076937695	0	0	0	0	0.0104873279283817	0.00574135377011581	0	0	0	0	0	0	0	0.0196041695990435	0	0	0	0	0	0	0.0111820912176576	0.00535562125078321	0	0	0.014311427884287	0	0	0.0146020868458923	0.00216196451391761	0.0155050683332455	0	0	0.0126030505770902	0	0.00864337449745881	0.0101169187148467	0	0	0.00439125373722125	0.00256881333248946	0	0.00833482056811113	0	0	0	0	0	0	0.00313506263931551	0	0	0	0	0	0	0.0134649770363625	0	0	0	0.060926063147624	0	0	0	0	0	0.00252805143193106	0	0	0	0	0	0	0	0	0.0226132298506648	0	0.00478683114087787	0	0	0.00312267191896863	0	0	0	0	0	0	0	0.00215965400341246	0	0	0	0.00423365077104549	0.00447494631330823	0.00276624155126283	0	0	0	0.00316910588186409	0	0	0.011097101646149	0	0	0	0	0	0.00174829932757786	0.00197343307891573	0	0	0	0.00303749567317441	0	0.00471413430757632	0	0	0	0	0	0.00322748323358682	0.00158709457389846	0.00356483757613087	0	0	0	0.00243207094170865	0	0	0	0	0	0	0	0	0	0.00248479622146605	0	0.00133586883207255	0	0	0	0	0	0	0.00132842556174583	0.0037631952086481	0	0	0	0	0	0	0	0	0	0	0	0	0	0	0	0	0	0	0	0.00698327848547106	0	0	0	0	0	0.00205102726038485	0.00688017632481667	0	0	0	0	0	0	0	0	0	0	0	0	0	0	0	0	0	0	0.00156381721852524	0	0	0	0	0.00283415434854544	0	0	0	0	0	0	0	0	0	0	0	0.00701701599351743	0	0.00236536478012095	0	0	0	0	0	0	0	0	0	0	0	0
ERR12405920	0.0249365356030473	0.0285496164330981	0.0120852250461875	0	0	0	0	0	0	0	0	0.0561940236314228	0	0	0	0.0334274073560948	0	0.0434562664369448	0.238015908845082	0.0316687532455913	0	0	0	0.0321318644728554	0.0293162971864718	0	0	0	0.0307160796164871	0	0	0	0	0	0	0.00972635195416093	0	0	0	0	0.138584051217884	0	0	0	0	0	0	0	0	0.0318460908300323	0	0	0	0	0	0	0.00287871028364623	0	0	0	0.0713286799323384	0	0.00771173440664291	0	0.0061584095956105	0	0	0	0	0	0	0	0	0	0	0	0	0	0	0	0	0	0	0	0	0	0	0	0	0	0	0	0	0	0	0	0	0.00811671079442119	0	0	0	0	0	0	0	0	0	0	0	0.00574681200667812	0	0	0.0704864338909539	0	0	0	0	0	0	0	0	0	0	0.0116249710837719	0	0	0	0	0	0	0	0	0	0	0	0	0	0	0	0	0	0	0	0	0	0	0	0	0	0.0117011042751949	0	0	0	0	0	0	0	0	0	0	0	0	0	0	0	0	0	0	0	0	0	0	0	0	0	0	0	0	0	0	0	0	0	0.0115188548339909	0	0	0	0	0.00369138924276173	0	0	0	0	0	0	0	0	0	0.0117274141768385	0	0	0.0118014878422491	0	0	0	0	0	0	0	0.0112479360100148	0	0	0	0	0	0	0.00341528731113228	0	0	0	0	0	0.00714703144477788	0	0	0	0	0	0	0	0	0	0	0.0030425609936165	0	0	0	0	0	0	0	0	0	0	0	0
ERR12405921	0.0569913521066728	0.0392133470900286	0.0331461943909474	0.0316382533369919	0.0215698603743762	0	0	0.0237470017256759	0.0198353264926958	0.0182518033442985	0.0195904948669307	0.017864697419284	0	0	0	0.0166069159989929	0.0140108829908094	0	0	0	0	0	0	0	0	0	0.0248738536764388	0.0180771102996755	0.00664922677775189	0	0	0	0	0	0	0	0	0	0	0	0	0	0	0	0	0	0	0	0	0	0	0.00469851684338827	0	0	0.00506040095811383	0	0.0123397472973117	0	0.00416608544133134	0	0	0	0	0	0	0	0	0	0	0	0	0	0.009359384034461	0	0.030380146808434	0.035879549151191	0	0	0.0197119159645102	0.0308582505704045	0	0.0293374788738043	0	0.0271690887925409	0.0312393258916991	0.0279944233234755	0.0279179615754229	0.00950216911819439	0.00248486482458331	0	0.0276202227331725	0	0.0275884661378636	0	0	0.0267313351745064	0.0269412377699045	0	0	0.00688066785374271	0	0	0	0	0.0053243659661779	0.00686554601947653	0	0.00626095631598404	0	0	0.00497117325984194	0	0	0.0214479574371556	0.00586151189775824	0	0	0.00479315703966159	0	0.00417487575670195	0	0.00524335603370369	0.00496806428059638	0	0.00478416408233084	0.00678701404564482	0.00464490330230731	0.00386913015306808	0	0	0.0138823507843637	0.00498358449512595	0	0	0.00586706203074748	0	0	0	0	0	0	0	0	0.0108837651574935	0.00501951980788549	0	0	0	0	0	0	0	0	0	0	0	0	0	0.0047240182770331	0	0	0	0	0	0	0	0	0	0	0	0	0.0141323451373589	0	0	0	0	0	0	0	0	0	0	0	0	0	0	0	0	0	0	0	0.0134525800815078	0	0	0.00376767982911171	0	0	0	0	0	0	0	0	0.01043315312036	0	0	0.0029006266736151	0.0124692382097613	0	0	0	0	0	0	0	0.00468595029065911	0	0	0	0	0.00484163515673646	0.00407105310008224	0	0	0	0	0	0	0	0	0	0	0	0	0.00454459027702431	0	0	0	0	0	0	0	0	0	0	0.00341711195109883
ERR12405922	0.0164940822790452	0.0399955672862266	0.105635162768668	0.0707370410060275	0.0771684735334737	0	0	0.057226307939551	0.0704783753854939	0.0586604738162858	0.0653647866246161	0.0974898282705378	0	0	0	0.0594691157321578	0	0	0	0	0	0	0	0	0	0	0.0606478772561079	0	0	0	0	0	0	0	0.0214125663144319	0	0	0	0	0	0	0	0.0297759179088527	0	0	0	0	0	0	0	0	0	0	0	0.0208882200170503	0	0.00173498008099214	0	0	0.0177768566319318	0	0.0103416848934845	0.00530200418586639	0	0.00226990539032224	0	0.0287596686327217	0	0	0	0	0	0	0.00673450486180849	0	0	0	0	0	0	0	0	0	0	0	0	0	0	0	0	0	0	0	0	0.0121368899516962	0	0	0	0	0	0	0	0.0116221221996301	0	0	0	0	0	0.00793477169612774	0	0	0.00706443761441823	0	0	0	0	0.00900872699431998	0	0	0	0.0086037003326434	0	0	0	0	0	0	0	0	0	0	0	0	0.00713661536784029	0	0	0	0	0	0	0	0	0	0	0	0	0	0	0	0	0	0	0	0	0	0.00723716914879177	0	0	0	0	0	0	0	0	0	0	0	0	0	0	0	0	0	0	0	0	0.0022817915462686	0	0	0	0	0	0	0	0	0	0	0	0	0	0	0	0	0	0	0	0	0	0	0	0	0	0	0	0	0	0	0	0	0	0	0	0	0	0	0	0	0	0.00261037433260997	0	0	0	0	0	0	0	0	0	0	0	0	0	0	0	0	0	0	0	0	0	0	0	0	0	0	0
ERR12405923	0.0155083430487064	0	0.0608248497038069	0.0675099629717678	0.0741281693469223	0	0	0.0670526971387976	0.050391073810382	0.0708942759139772	0.044454106379716	0	0	0	0	0	0	0	0	0.0618392497575446	0	0	0	0	0	0	0	0	0	0	0	0	0	0	0.0881628412979079	0	0	0	0.0210485901431764	0	0	0	0.0685381602135275	0	0	0	0	0	0	0	0	0	0	0	0	0	0	0	0.00240482881884617	0.0621543004375326	0	0	0	0	0.00225689986973881	0	0	0	0	0	0	0	0	0	0	0	0	0	0	0	0	0	0	0	0	0	0	0.00748985053868581	0	0	0	0	0	0	0	0	0	0.0491154209481701	0	0	0	0	0	0	0.0086845760512599	0.00509127001493545	0	0	0	0	0	0	0	0	0	0.00942964610283255	0	0	0	0	0	0	0	0.0248237644687627	0	0.00483560273080925	0	0	0	0.00235619513573289	0	0	0	0	0	0	0	0	0	0	0	0	0.00707319870855692	0	0	0	0	0	0.00746437016067932	0	0	0	0	0	0	0	0	0	0	0	0	0.00540648651178115	0	0	0.00808960730049293	0.00566243456597906	0	0.00562131551387645	0.00391552905857128	0.005968650976805	0.00568882809730925	0	0.00601824946422842	0	0	0	0	0	0	0.00538334463299098	0	0.0141923829220112	0.00650311754366524	0	0	0.00528905857714852	0	0	0.00338193257424962	0.00540778093656661	0.00644716273279934	0	0	0	0	0	0.00418410267648293	0.0052460054171093	0	0	0	0	0.00509855908769055	0	0	0	0	0	0	0	0	0	0	0	0	0	0	0	0.00230779357140525	0	0	0	0	0	0	0.00292530663933605	0.00373010748672588	0	0	0	0	0	0	0	0	0	0	0	0	0	0	0	0	0	0	0
ERR12405924	0.168872139381064	0.117170252572643	0.0154065813219559	0.0170063386215615	0	0	0	0	0.00722388843583808	0	0	0.0252290336077687	0	0.0357978821463536	0.0873340545390951	0.0316531100367234	0	0.0259682589308487	0	0	0.0297062586261287	0	0.0232833386452767	0.020507828130716	0.0196559471663734	0	0	0	0.0262918124710873	0	0	0	0	0	0.00942537377198327	0.0032648024218428	0	0	0.0487171820761931	0	0	0	0.0138192182144629	0	0	0	0	0	0	0	0	0	0	0	0	0	0	0	0	0.00805417039645357	0	0	0	0	0	0	0	0	0	0	0	0	0	0	0	0	0	0	0	0	0	0	0	0	0	0	0	0	0	0	0	0.0135428155990975	0	0	0	0	0	0	0	0	0	0	0	0	0	0.00289423886224742	0	0	0	0	0	0	0	0	0	0	0	0	0.00874947453783159	0	0	0	0	0	0	0	0	0	0.00857214236259495	0	0	0	0	0	0	0.00883307935130972	0	0.00901322274322808	0	0.0132884762008206	0.00470668811870268	0	0	0	0	0	0.00795191574242913	0.00811761624776043	0	0	0	0.00770390499138389	0.00722710566772475	0	0	0	0.00762399028924866	0	0	0.00854814927963871	0	0	0	0	0	0	0.0103273059512083	0	0	0	0	0	0	0.00828866125300951	0.00637683559285959	0	0	0	0.00967637737869313	0	0.010274817538349	0	0	0	0.00994660849536351	0	0	0	0	0	0	0	0	0	0	0	0	0	0	0	0.0123193225437433	0	0	0.00487251229943421	0	0.0041893649207748	0.0100771561610927	0	0	0	0	0	0	0	0	0.00488726257209795	0	0	0	0	0.00522761865340433	0.00444872290155364	0	0.00444948385170951	0.0034937368146594	0	0	0.0259868787021623	0	0	0	0	0.00993175865490349	0	0	0	0	0	0	0	0	0	0	0	0	0.00406528420659315
ERR12405925	0	0	0.0341307437219074	0.0273190519676946	0.0249970821384846	0.0228397738110293	0	0.0237117003514952	0.024348966456483	0.0205736780553527	0.0255834663145585	0.0678648802492431	0.0164662797666109	0	0	0.0394975203670663	0.00852287078501374	0	0.17467422785451	0	0	0.0444113277713319	0	0	0	0	0.00447761562176184	0	0.0023979944787099	0	0	0	0	0.019244052804836	0.00234214816156941	0.022973474137643	0	0	0	0	0.0801212619797728	0	0	0	0	0	0.0141213299998082	0	0	0.0333893611325842	0	0.0139857693176944	0	0.0120799315420828	0	0	0.0139736570982742	0	0.00282530141869725	0	0.0771435595438149	0.00255619797499573	0	0	0	0	0	0	0	0	0	0.0132335106382534	0.0102157036025329	0	0	0	0	0	0	0	0	0	0	0	0	0	0	0	0	0.026958432465326	0	0	0	0.0251287563108143	0	0	0	0	0	0	0	0	0	0	0	0	0	0	0	0	0	0	0	0	0	0	0	0	0	0	0	0	0	0	0	0	0	0	0	0	0	0	0.0127753468195066	0	0	0	0.00911566387372193	0	0	0	0	0	0	0	0	0	0	0	0	0	0.0128806678905492	0	0	0	0	0	0	0	0	0	0	0	0.0110955854557824	0	0	0	0	0	0	0	0	0.00303602937923087	0	0	0	0	0	0	0	0	0	0	0	0	0	0	0	0	0	0	0	0.00279267926402572	0	0	0	0	0	0	0	0	0	0	0	0	0	0	0	0.00248247520131091	0	0	0	0	0	0	0	0	0	0	0	0	0	0	0	0	0	0	0	0	0	0	0	0.00605803669304767	0	0	0	0	0	0	0	0	0	0	0	0.00391474045105711	0.00373914713181552	0
ERR12405926	0.0247889386088101	0.0201327370846808	0.0174614856084651	0.00911427684521434	0.00950711757349151	0.0757270115984107	0.0475137968156835	0.0090823191436854	0.00820816003672832	0.00713415118451895	0.00869923973198965	0.0108730775843735	0.0410101761745854	0	0	0.00933836510787131	0.013569275689101	0.0121773768572997	0	0	0	0	0	0.00841575217176957	0.00923594344980073	0.00220460909042376	0	0	0.0081817807228787	0.014994150273914	0.00226786258175743	0.00181940665668603	0	0.0762684430199085	0.00245369304509172	0	0	0.0016841463396176	0	0	0	0.0106077060534546	0.00305120461955631	0.0105731632557152	0.0200595243551446	0	0.0128845801318435	0	0	0	0	0.0207021336868927	0	0	0.00513785946175547	0	0.0181157615602426	0	0.00340126762734079	0.00239140263617999	0	0.00484816117743928	0	0.00446103869837996	0.0014844792920919	0	0	0.00415909657040653	0	0	0	0.00377392603654422	0.0131977717370636	0.00607074896726375	0	0	0	0	0	0	0	0	0	0	0	0	0	0.0114992695481948	0.00330765144702283	0	0	0.00399111201258957	0	0	0	0	0	0.0116504395462188	0	0	0	0	0.00277351542058738	0	0	0.00797465097430323	0	0	0	0.0103038139917425	0	0	0	0	0	0	0.00231958334157405	0	0	0	0.0027996668659355	0	0	0.00598326504241091	0	0.0080639241685689	0	0	0	0.00221990755781935	0	0	0.00775523512447183	0	0.00330130989864991	0.0118417247859066	0	0	0	0	0	0	0	0	0	0	0	0	0	0	0	0	0	0	0	0	0	0	0.00252971885411903	0	0	0.0178677359781148	0	0	0	0.0213685910480135	0	0.0197609296229888	0	0.0201331018466954	0.0187543688743362	0	0.0202083388951372	0	0	0	0	0	0	0.0177887115916616	0	0.0185052487479627	0.018119710467412	0	0	0.0187960211385868	0	0	0	0.0173285823104304	0.0177267597840012	0	0	0.00523542025609579	0.00212698159135114	0	0	0.0169591501173624	0	0	0	0	0.016406814783978	0.00358712332299373	0.00227840715579805	0	0	0	0	0	0	0	0	0	0	0	0	0	0	0	0	0	0	0.00264093236571427	0	0	0	0	0	0	0	0	0	0.00223789121324099	0	0	0	0.00821241400266326	0	0.00634980233895252	0.0060762211533516	0.00643283394897032	0	0	0	0
ERR12405927	0.0959843373666765	0.0668295754085009	0.0408985948048749	0.0266701140563713	0.0545588704419599	0.0365586063187312	0.00671464954773307	0.02590293035682	0.0205342312949139	0.0233968463044432	0.0205894353784116	0	0.0238617921489547	0.0230175011335354	0.0247395866695289	0	0.0523459937497767	0	0	0	0.0212748071723245	0.00177978792875847	0.0201229790469024	0	0	0	0	0.00703981659482142	0	0	0	0	0	0	0.00355924189719728	0.0598071532179497	0	0	0.0272021725752414	0	0	0	0	0	0	0	0	0	0.00557958537876538	0	0	0	0	0	0.0324593119718503	0	0.00480466102900605	0.00452876843799471	0.00355746224095212	0	0	0.0075908269320539	0	0.0309407307237291	0	0	0	0.0560752830155437	0	0	0	0.00417947566633674	0.00377814342840025	0.00847764519564738	0.00377415784494969	0.00361216442403901	0	0	0	0.00451458726294786	0	0.00335524841760461	0	0.00342214301731356	0.00334467414813992	0.00339588752071167	0.00330143073523968	0	0.00726320961224153	0	0.00319472491002843	0	0.00298634357755198	0	0.0130005731570164	0.0029609344428718	0.0029764500010514	0	0	0	0	0.00371522948636824	0.00309172515575816	0	0	0	0	0	0.00977633520418232	0	0	0.00818511385486154	0.00343859809825582	0.00346779859719319	0	0	0.00239954110371391	0	0	0	0.00241273495883746	0	0	0	0	0	0	0	0	0	0	0	0	0.0087472290615273	0.00432279505702318	0	0	0	0	0	0	0	0	0	0	0	0	0	0	0	0	0	0	0	0	0.00873689783154137	0	0	0.00327228280031573	0	0	0	0	0	0	0	0	0	0.00164219573256574	0	0	0	0	0	0	0	0	0	0	0	0	0	0	0	0	0	0	0.0196589171897694	0	0	0	0	0	0	0.00270720053668241	0	0	0	0	0	0	0	0	0	0	0	0	0	0.00261936809665752	0	0	0	0	0	0.00252895750963275	0	0	0.00281363321869892	0	0	0	0	0	0	0	0	0	0	0	0	0	0	0	0	0	0	0	0	0	0	0	0	0	0	0	0
ERR12405928	0.0521053418127721	0.0463478489499469	0.0249801524857981	0.0545372872286761	0.0140706751423594	0.0742799400139363	0	0	0.0141175042230836	0	0.0151704066691171	0	0.0484304573581929	0	0	0	0	0	0	0.0212672394764937	0	0	0	0	0	0	0	0	0.01520343830067	0	0	0	0	0.0125053477426791	0	0	0	0	0	0	0	0	0	0	0	0	0	0	0	0	0	0	0	0	0	0	0.029895923235135	0	0	0	0	0.0170424137316354	0	0	0	0	0.0120719931163979	0	0	0.020116262103207	0	0	0.0230189304244816	0.0201353100328174	0	0	0	0	0	0	0	0	0	0	0	0	0	0.0200749883767457	0	0	0	0	0	0	0.0306699773204623	0	0	0	0	0	0	0	0	0	0.014474858736815	0.0139212247948947	0	0.0145311899517459	0.0225254959144785	0	0.00831592934182113	0.01712730518827	0	0	0	0	0	0.0141692224701186	0	0.0137485716821267	0	0.0150501349236451	0.014125094283754	0	0.0132913310544725	0.0146449039366717	0.0132648965495065	0	0	0	0	0.0131146439673155	0	0.0196242157731067	0	0	0	0	0	0	0.0157053120903177	0.0427056798433183	0	0	0	0	0	0	0	0.0319680727689745	0	0	0.0127880268028962	0	0	0.0191773388165864	0	0	0	0	0	0	0	0.0120288181349544	0	0	0	0	0	0	0	0	0	0	0	0	0	0.0123173038336342	0	0	0	0	0	0	0	0	0	0	0	0	0	0	0.0120650590219116	0	0	0	0.00705441550959311	0	0	0	0	0	0	0	0	0	0	0	0	0	0	0	0	0	0	0	0	0	0	0	0	0	0	0	0	0	0	0	0	0	0	0	0	0	0.0182692138468632	0	0	0	0	0	0	0	0.0138262334206178	0.0068798743063453	0.00724419529063752	0
ERR12405929	0.0228537994360284	0.022117732258975	0.0404008721112516	0.02305824703224	0.0239058478132675	0	0	0.0217038129324819	0.0198746374787058	0.0185274007809526	0.0199582730281814	0	0	0.0640521467133272	0.0440028142629762	0	0	0.00242455043558383	0.0435528345601813	0	0.0432125786925256	0	0.0445991031128329	0	0	0	0.0360226258408084	0.0175304870854856	0.0406307225788447	0	0	0	0	0.0297621265265698	0	0.111436983743338	0	0	0	0	0.0256680835613422	0	0	0	0	0.0322616301117553	0	0	0	0	0	0	0	0	0	0	0	0	0	0	0.0133568219140337	0	0.00989931934798198	0	0	0	0.0467774839826541	0	0	0.0774871879774861	0	0	0	0	0	0	0	0	0	0	0	0	0	0	0	0	0	0	0.00291310107271279	0	0	0.0199014271537318	0	0	0	0	0	0	0	0	0	0	0	0	0.00590669855708181	0	0	0.00594224982301215	0	0	0	0	0	0	0	0	0	0.0061172751798789	0	0.00609370310120538	0	0.00573761125143579	0.00568611199171151	0	0.00576930828901615	0	0.00533253722081748	0	0	0	0	0.00545261607350587	0	0	0.00209597353142793	0	0	0	0	0	0	0.0177978625155257	0	0	0	0	0	0	0	0	0	0	0	0	0	0	0	0	0	0	0	0	0	0	0	0	0	0	0	0	0	0	0	0	0	0	0.00357563899198869	0	0	0	0	0	0	0	0	0	0	0	0	0	0	0	0	0	0	0	0	0	0	0	0	0	0	0	0	0	0	0	0	0	0	0	0	0	0	0	0	0	0.0065997619271366	0	0	0	0	0	0	0	0	0	0	0	0	0	0	0	0	0	0	0	0	0	0	0	0	0	0	0
ERR12405930	0.012646893266492	0.0249528037791748	0.0616727355646702	0.0518200108813954	0.0477522724090244	0	0.181032663122463	0.0427508124428579	0.0441816200938896	0.0430568423783187	0.0417246215507588	0.0546490624858648	0	0	0	0.036729994588917	0.0332810815136296	0	0	0	0	0	0	0	0	0	0	0	0	0	0	0	0	0	0.00838143795563485	0	0	0	0	0	0	0.0610439112117509	0.00684456429300846	0	0.0346571316763451	0	0	0	0	0	0	0.0306235853602937	0	0	0	0.0952979636922364	0	0	0.00427337918110155	0.00583660564152471	0	0	0	0	0	0	0.005579816895313	0	0	0.0064302014084505	0	0	0	0	0	0	0	0	0	0	0.0119511252525184	0	0	0	0	0	0	0	0	0	0	0	0	0	0	0	0	0	0	0	0	0	0	0	0	0	0	0	0	0	0	0	0	0	0	0.0136220840322847	0	0	0.00200634899870537	0	0	0	0	0	0	0	0	0	0	0	0	0	0	0	0	0	0	0	0	0	0	0	0.0107022503037047	0	0	0	0	0	0.0108744327754819	0	0	0	0	0	0	0	0	0	0	0	0	0	0	0	0.0107347669523795	0	0	0	0	0	0	0	0	0	0	0	0	0	0	0	0	0	0	0	0	0	0	0	0	0	0	0	0	0	0	0	0.00267843431698332	0	0	0	0	0	0	0	0	0.00221054597482673	0	0	0	0	0	0	0	0	0	0	0	0	0	0	0	0	0	0	0	0	0	0	0	0	0	0	0	0	0	0	0	0	0	0	0	0	0	0	0	0
ERR12405931	0	0	0	0	0	0	0.0934727581989905	0	0	0	0	0.0467643050612087	0	0	0	0.0273744175645283	0	0	0.175947105889376	0	0	0	0	0	0	0	0.0222312579338768	0	0.00959306317386647	0	0	0	0	0	0.0141497531647782	0	0	0	0	0.0197653794096263	0.103682260298651	0	0.0138980943347523	0	0	0.0192026936047133	0	0	0.0134180433802159	0.026283504255198	0	0	0	0	0.0246264599001495	0	0	0.0672780768037811	0.011838486816593	0.0105589419819217	0.0544586789786914	0.012429626709081	0	0.022607020098575	0.00241121345648918	0.0181625352129311	0	0.0215408909274073	0	0.023854468801837	0.0194249703883901	0	0	0.00650040987571407	0	0	0	0	0	0	0	0	0	0	0	0	0	0	0	0.0232831602845775	0	0	0	0.0204706952098603	0.0103781024623635	0	0	0	0	0	0	0	0.0093797466108602	0	0	0	0	0	0.00750901147445382	0	0	0.00656917228185023	0	0	0	0	0.00659300590397779	0	0	0	0.00668081449482614	0	0	0	0	0	0	0	0	0	0	0	0	0.006805839458862	0	0	0	0	0	0	0	0	0	0	0	0	0	0	0	0	0	0	0	0	0	0.00678528347992688	0	0	0	0	0	0	0	0	0	0	0	0	0	0	0	0	0	0	0	0	0	0	0	0	0	0	0	0	0	0	0	0	0	0	0	0	0	0	0	0	0	0	0	0	0	0	0	0	0	0	0	0	0.00466448451991502	0	0	0	0	0	0.00344039887618524	0	0	0.00356676560237058	0.00239910311862798	0	0	0	0	0	0	0	0	0	0	0	0	0	0	0	0	0	0	0	0	0	0	0	0	0	0	0
ERR12405932	0.0365820844677328	0.0229927004663555	0.0676481547204204	0.0750389303973725	0.0620902472825035	0.0228463865366941	0.0467240961203819	0.057524305768823	0.0518164617313843	0.0636957649060915	0.0499601592423986	0	0.0234647446487802	0	0	0	0	0	0.00523049435474964	0	0	0.0782634179595263	0	0	0	0	0	0.0309916180707987	0	0	0	0	0.0724573332274732	0	0.00821024509464329	0.0257033848097594	0	0	0	0	0.00281219184615601	0	0.0067770700999085	0.00586756661373635	0	0	0	0	0.045887159823931	0	0	0	0	0	0	0	0	0	0.00183237913656543	0.00671191210919642	0	0	0	0	0	0	0	0	0	0	0	0	0	0	0	0	0	0	0	0	0	0	0	0	0	0	0	0	0.00687312213998546	0	0	0	0	0	0	0	0	0	0.0085815220766034	0.00328478928563594	0	0	0.00242254698506917	0	0	0	0.00842975525366544	0	0	0	0	0	0	0	0	0.00821798600897743	0.00196734024986094	0	0	0	0	0	0	0	0	0	0	0	0	0	0.00640708396886465	0	0	0	0.00251046526571105	0	0	0	0	0	0	0	0.00604913418059182	0.00630573327673377	0	0	0	0	0.00646586181199493	0	0	0	0	0	0	0	0	0	0.0019116363022649	0	0	0	0	0	0.00578321514841458	0	0	0	0.00207194849880686	0	0	0.00366524955217609	0	0	0	0	0	0	0	0	0	0	0	0	0	0	0	0	0	0	0	0.00301290052744335	0	0	0	0	0	0	0	0	0	0	0	0	0	0	0	0.00277911679616572	0	0	0	0.00918252579611052	0.0193363123139657	0	0	0	0	0	0	0	0	0	0	0	0.00353330290705131	0	0	0	0	0	0	0.00782723979009455	0	0	0	0	0	0.00225240242842976	0	0	0	0	0	0	0	0
ERR12405933	0	0	0.0230745962575191	0.0178407618662144	0.0209399715578398	0.0134778111401472	0	0.0157933769078849	0.0159224353448925	0.0146364173571738	0.0145229350382516	0.0319839227066174	0.0143651790884084	0.0656582181829865	0.116183866214607	0.0193408572307096	0.011539714669901	0	0	0.0171319224301924	0.0862036179829396	0	0.0576994397088976	0	0	0	0	0.0286960912321322	0.0135671223057716	0	0	0	0	0.0855667621493057	0	0	0	0	0	0.0106411267895818	0	0	0	0	0.0114206746779547	0	0.00931798556722182	0.00501196252057666	0	0	0	0.0133107502204435	0	0.00726720359718384	0	0	0	0	0.0354849527437782	0	0	0	0.00251089456203543	0	0.0300091203849863	0	0	0	0	0	0.00675103337899307	0.00580505155927796	0	0	0	0	0	0	0	0	0	0	0.0208704277105889	0	0	0	0	0	0.00387545215430284	0	0	0.00648975058970183	0	0	0.0262228262455152	0	0	0	0	0	0	0	0.004196278275895	0	0	0	0	0	0	0.00488924230738078	0	0	0.0177863222664105	0	0	0	0.00365774110381181	0	0	0	0.00350857489874575	0	0	0	0	0	0	0	0	0	0	0	0	0	0.00869254177758964	0	0	0	0.0121512304897471	0	0	0	0	0	0	0	0	0	0	0	0	0	0	0.00202823073139827	0	0	0	0	0.00708711880719568	0	0	0	0	0	0	0	0	0	0	0	0	0	0	0	0	0	0.00954535348631157	0	0	0	0	0	0	0.00416452403091189	0	0	0	0	0	0	0	0	0	0	0.00572503116671676	0	0	0	0.00413272234082199	0	0	0.00402768956506395	0	0	0	0	0	0	0	0.00385267706858839	0.0103035587928665	0	0	0	0	0	0	0	0.0023473298717951	0	0	0	0	0	0	0	0	0	0.00282518381048357	0	0	0	0	0.00994441713373164	0	0	0	0	0	0	0	0	0	0	0	0
ERR12405934	0.117458366831309	0.0720226798279403	0	0	0	0.0104109261249262	0	0	0	0	0	0.0464814866099551	0.0110470838873273	0	0	0.0422314264701296	0.00637008695114213	0	0	0	0	0	0	0	0	0.0023016580484151	0.0141714553955813	0.0181147002551741	0.0168199357481552	0	0.00192500984560162	0.00191309895573099	0.0113294400305334	0	0	0	0	0.00188241099225481	0.0319977121905611	0	0	0	0	0	0	0.0330383882649488	0.00735549102905211	0	0	0	0	0	0	0.00526520463040311	0	0	0	0	0.00447429589403867	0	0	0.0118343393753299	0.00698146172854305	0	0.00596172216145106	0.0131930410973311	0.0168872853158947	0	0	0	0	0.00369955593369289	0	0.00617898348784266	0	0	0	0.0172566947675411	0	0	0	0	0.00186379099552657	0	0	0	0	0	0.00376859314140426	0	0	0.0581605273569081	0	0	0.0101656779877378	0	0	0	0	0.00442233799819184	0	0	0	0	0	0	0	0	0.00727434594459544	0	0	0.00618699439254418	0	0	0.00415812171320189	0	0	0	0.00173061551138129	0	0	0	0	0	0	0	0	0	0	0.00230640253905155	0.00431964235259522	0	0.00999338681966125	0.00669881178623563	0	0.00278163444844091	0	0.00215549932338587	0	0	0	0	0	0.00347938024007046	0.0044733431153824	0	0	0	0	0.0186763317124041	0	0	0	0	0	0.00674262605474041	0	0	0	0	0	0.0096699045637608	0	0	0	0.0105364607951815	0	0.0111596353915443	0	0.0120227244473657	0.0102865617574885	0	0.0107442786939514	0	0	0	0	0	0	0.0101712435840062	0	0.010071315284564	0.0106975163700972	0.00536467131362211	0	0.010400735617611	0	0.00371889434039963	0	0.00913444565504725	0.0102346442470104	0	0	0	0	0	0	0.0099289548566974	0.00497182802118815	0	0	0.0049550736153166	0.00862720731236485	0	0	0	0	0	0	0.00560851316283157	0	0	0	0	0	0	0	0	0	0.00438000374568679	0	0	0	0	0	0	0	0	0.00155463818601406	0	0.114626890155606	0	0.00172018026263966	0.00386522764281885	0.00176987372668413	0	0.00581657196623611	0	0	0	0	0	0	0	0	0
ERR12405935	0	0	0.0298022151015627	0.0164272433305068	0.0180860816363168	0	0	0.0154854517053792	0.0156546921077382	0.013126240823836	0.0172728416478923	0.0375985442162389	0	0.153635689053653	0.0940657993438273	0.0198488932041745	0	0.00238804638242942	0	0	0.089767293523047	0	0.0855874084926371	0	0	0	0	0	0.014850024617022	0.00263345600554154	0	0	0	0	0	0	0	0	0	0	0	0	0.0122076816962945	0	0.00942444946524535	0	0	0	0	0	0	0.0144211736424843	0	0	0	0	0.0134520324965106	0	0.00275217099952111	0	0	0	0	0	0	0	0	0	0	0	0	0.0318088464952747	0.00996197177053148	0	0.00410364395118487	0.00434023981926252	0	0	0	0.00397379154862568	0.00681809560056238	0.00391633642728087	0	0.00367417401778496	0.00405101731658306	0.00381400778179569	0.00384640930462315	0.00695013694825479	0.00734206694457868	0	0.00398812857567812	0.00706958932127051	0.00376670555848586	0	0	0.00371202728154037	0.00371080792020861	0.006331465481754	0.00439745140525037	0	0	0	0	0	0	0.00492033562431505	0.00414786695265136	0	0	0	0	0	0	0.00337409991960082	0	0	0	0	0.00557361271433076	0	0	0	0	0	0	0.00477727183855879	0	0	0.00474308623205816	0	0	0	0.00243264421881767	0	0	0	0	0	0	0.00408452064618342	0	0.0106543916940039	0	0	0	0	0	0	0	0.00383890759154843	0.00313031470566565	0	0	0.022900092044595	0	0	0	0	0	0	0	0.00406277256982562	0	0	0	0.00392211702386092	0	0.00424131434243306	0	0.00456453948565611	0.00405271067123097	0.00341355497853358	0.0040906432707645	0	0	0.00814427195290507	0	0	0	0.00388669434919562	0	0.0038720897684593	0.00429453673436906	0.00381511160423323	0	0.00400616099846797	0	0.0107326555032035	0	0.0037348330505738	0.00379273356827231	0.00327482973988694	0	0	0	0	0	0.00392906107225101	0.00358118165703412	0	0	0.00366438209935347	0.00330282950434084	0	0	0.00210917766696966	0	0.00301025401131713	0	0	0	0.00279696570765665	0	0	0	0	0	0	0	0	0	0	0	0	0	0	0	0	0	0	0	0	0	0	0	0	0.0107971202376757	0	0.00218564849419537	0	0	0	0.00608032279261673	0	0	0
ERR12405936	0.337745428100323	0.171418839060146	0	0	0	0	0	0	0	0	0	0	0	0	0	0	0	0	0.0288021562578812	0	0	0	0	0	0	0	0	0	0	0	0	0	0	0	0	0.0064811132652653	0	0	0	0	0.0155801894292814	0.0578181801575378	0	0	0	0	0	0	0	0	0	0	0	0	0	0	0.0379740288058281	0	0	0	0.00954522961366676	0	0	0	0	0	0	0	0	0	0	0	0.0286983839035447	0	0	0	0	0	0	0	0	0	0	0	0	0	0	0	0	0	0	0	0	0	0	0	0	0	0	0	0	0	0	0	0.0298563489458817	0	0	0.0421875315283957	0	0	0	0	0	0	0	0	0	0.0277830706493276	0	0.0283669063786246	0	0.0275717294079724	0.0273239165012092	0	0.0268639669430617	0	0.0261280615942354	0	0	0	0	0.0270897025994432	0	0	0	0	0	0	0	0	0	0	0	0	0	0	0	0	0	0	0	0	0	0	0	0	0	0	0	0	0	0	0	0.021889590305762	0	0	0	0	0	0	0	0	0	0	0	0	0	0.0208756265526122	0	0	0	0	0	0	0	0	0	0	0	0	0	0	0	0	0	0	0	0	0	0	0	0	0	0	0	0	0	0	0	0	0	0	0	0	0	0	0	0	0	0	0	0	0	0	0	0	0	0	0	0	0	0	0	0	0	0	0	0	0	0	0	0	0	0	0	0
ERR12405937	0.0184332004236176	0.0251551281530041	0.00920508451683204	0.0107393904237776	0.00472372536773811	0	0.00694604161254463	0.00707169374401452	0.00497214665951836	0	0	0.0563338829539343	0	0.0105763176273118	0.0107105664274568	0.0312664992369525	0	0	0.0924695434575857	0	0.0117810297091213	0	0	0	0	0	0	0	0.00314691208977742	0	0	0	0	0	0.0056067113336601	0.20615402268921	0	0	0	0.0166094557063201	0.0418318315678853	0	0.00554668851435065	0	0	0	0	0	0.00452413284897777	0.0231459259738819	0	0	0	0	0	0	0.0100370354137996	0	0	0.00474286984744742	0.0481313670918144	0	0	0	0	0	0	0	0	0	0.0154909246029409	0	0.0079193755215831	0.0190720042893458	0	0	0	0	0	0	0	0	0	0	0	0	0	0	0	0.0197935183192729	0	0	0	0.0169000980217145	0	0	0	0	0	0	0	0	0	0	0	0	0	0	0	0	0	0	0	0	0	0.0450676885697614	0	0	0	0	0	0	0	0	0	0	0	0	0	0	0	0	0	0	0	0	0	0	0	0	0	0	0.0327917129035299	0	0	0	0	0	0.0359647717173474	0	0.00495274748716181	0	0	0	0	0	0	0	0	0	0	0.00493919677783074	0.00422912214770134	0	0.0313899280706623	0.00531981676573669	0	0.00572354193044017	0	0.00520440068398218	0.00958396886026079	0	0.0055914023456099	0	0	0	0	0	0	0.00469636163588433	0	0.00545061574275397	0.00537563891965752	0	0	0.00508670085497912	0	0	0.00266009442473735	0.00548316627492942	0.00489416742848078	0	0	0	0	0	0	0.00467459194604387	0	0	0	0	0.00489964718343017	0	0	0.00378686901655243	0	0	0	0	0	0	0	0	0	0.0048847374933712	0	0	0	0	0.00442212288388625	0.00388986378987782	0	0	0	0	0	0	0	0	0	0	0	0	0	0	0	0	0	0	0	0	0	0	0	0
ERR12405938	0	0	0.0358978652423869	0.0329148994398827	0.030373074931541	0	0.0409658619098677	0.0263172490012793	0.0250400515388359	0.0281781279656394	0.0244506989670222	0	0	0	0	0	0.0460523758997379	0	0.00441746054517948	0	0	0	0	0	0	0	0.00991794268410304	0	0.00413281342921173	0	0	0	0	0	0.00787701677242727	0	0	0	0	0	0.00251302203236213	0	0.00851358612603	0.01229429122641	0	0.0141872743183024	0	0	0	0.0037976274304583	0	0	0	0	0	0	0.00297714871545267	0.00416961654481097	0.00150064924009748	0.00960758035522416	0	0.0106472937699487	0	0	0	0.00501781136869144	0.00609828199569148	0	0	0.00680791879416606	0	0	0.00226675928329678	0.00643227304490427	0	0	0.00782379119288377	0.00816425467790062	0	0	0	0	0	0	0	0	0	0	0	0	0	0.0102822990409848	0	0	0	0	0	0	0	0	0.00573725209213144	0	0.00894009922038976	0.00556841882351273	0	0	0	0	0	0	0.00183270286727806	0	0	0	0	0.00311428366754582	0.00911328396384812	0	0	0	0.00969496294525985	0	0	0	0	0	0	0.00149153947780076	0	0	0	0	0	0	0.00242013554358601	0	0	0.00765383187386891	0	0	0	0	0.0023925379331575	0	0	0	0.00667472059740158	0.00655585233709092	0.00229617467197854	0	0	0.00667197182734289	0.00625094006740048	0	0	0	0.00631064968495516	0	0.00208314947380881	0.00629236806936814	0	0.0263148093945006	0	0	0.00202565732963654	0.029386863526524	0.00626145707540549	0.0310000068434041	0	0.0294186746503557	0.0259651978427501	0	0.0295052709225335	0.00543973679004345	0.00539888112092324	0	0.0018152754561579	0	0.00554504520635946	0.0263113915551124	0.00599671228108342	0.0263163407410887	0.0250784440358886	0	0.00595495910373909	0.0260310224321611	0	0	0.00290644428219463	0.0237576113824113	0.0249865338769863	0	0.00487224261953093	0	0.00175763635114344	0	0	0.0234098034499845	0	0	0.00552953818742444	0	0.0250583980880535	0	0	0	0	0	0	0	0	0	0	0	0	0	0	0	0.0269633390544693	0	0	0	0	0.00513952425049989	0	0	0	0	0	0	0	0	0	0	0	0	0	0.00112138952717852	0	0	0	0	0	0	0	0
ERR12405939	0.0267530758692774	0.0215450124274313	0.00988629553516862	0.00843596599336452	0	0	0.0798820516000065	0	0.0404074169219598	0	0	0.0197805817563371	0	0	0	0.0133211890324484	0.0781850947627244	0.00286480434543674	0	0	0	0	0	0	0	0	0	0	0	0.0524322198654738	0	0	0	0.0213248768701617	0	0.188625004705409	0	0	0	0.0915036159164606	0.0240563402513314	0.0631031969884375	0	0	0.0210225249503946	0	0	0	0	0	0	0.00611837109356259	0	0	0	0	0	0	0.0082779844748777	0	0	0	0.0109129036600829	0	0.012055995695456	0	0	0	0	0	0.0613934470671877	0.00621452160948489	0	0	0	0	0	0	0	0	0	0	0	0	0	0	0	0	0.00769019735816231	0.0237732295108567	0	0	0	0.0264912671120041	0	0.0168156342053707	0	0	0	0	0	0	0	0	0	0	0	0	0	0	0	0.00959209606625891	0	0	0	0	0	0	0	0	0	0	0	0	0	0	0	0	0	0	0	0	0	0	0	0	0	0	0	0	0	0	0	0	0	0.00749129041721934	0	0	0	0	0	0	0	0	0	0	0	0.00669599455231595	0	0	0	0	0	0	0	0	0	0	0.00667568768233353	0	0	0	0	0	0	0	0	0	0	0	0	0	0	0	0	0	0	0.00589494148460554	0	0	0	0	0	0	0	0	0	0	0	0.00517109127277911	0	0	0	0	0	0.0029891481115949	0	0	0	0	0.00782744985159972	0	0	0	0	0	0	0	0	0	0	0	0	0	0	0	0	0	0	0	0	0	0	0	0	0	0	0	0.00478948098242418	0	0	0	0	0	0	0
ERR12405940	0.308272114401363	0.180346469429951	0.0243195443794024	0.0287178231665885	0.0128944890564122	0	0	0	0	0	0	0	0	0	0	0	0.0500987651800938	0	0	0	0	0	0	0	0	0.0139025235406465	0	0.0168003758512553	0.0115682538422251	0	0.0112408225159347	0.0115518551373245	0	0	0.0121907832295053	0	0	0.0105229188866425	0.0674365471876503	0.012212771022213	0	0	0.0107933161498284	0	0	0	0	0	0	0	0	0	0	0	0	0	0	0	0	0	0	0.0171470873220373	0	0	0	0	0	0	0	0	0.00826111531965847	0	0	0	0	0	0	0	0.0459236832107778	0	0	0	0	0	0	0	0	0	0	0	0	0	0	0	0.0152772107731106	0	0	0	0	0	0	0	0	0	0	0	0	0	0	0	0	0	0	0	0	0	0	0	0	0	0	0	0	0	0	0	0	0	0	0	0	0	0	0	0.0158025990917461	0	0	0	0	0	0	0	0	0	0	0	0	0	0	0	0	0	0	0	0	0	0	0	0.0135422974933974	0	0	0	0	0	0	0	0	0.00618918072289284	0	0	0	0	0	0	0	0	0.0847551038276622	0	0	0	0	0	0	0	0	0	0	0	0	0	0	0	0	0	0.0102323492616807	0	0	0	0	0	0	0	0	0	0	0	0	0	0	0	0	0	0	0	0	0	0	0	0	0	0	0	0	0	0	0	0	0	0	0	0	0	0	0	0	0	0	0	0	0	0	0	0	0	0	0
ERR12405941	0.194600543251867	0.120074867926799	0.0258723653113924	0.0329487272326394	0.0177911486789875	0	0	0	0.0120741192837064	0.0101754013387719	0	0	0	0	0	0	0	0	0.0189798720924161	0	0	0	0	0	0	0	0	0	0	0	0	0	0	0	0.0142155729782858	0.155086305060269	0	0	0	0.082365392791178	0.0235894725547166	0	0.0135890096498354	0.00814668495083668	0	0	0	0	0	0.0239539010498489	0	0	0	0	0	0	0	0	0	0.0125546651237342	0.0141710018713987	0	0	0	0	0	0	0	0	0	0.0562614848600317	0	0	0	0	0	0	0	0	0	0	0	0	0	0	0	0	0	0	0.0291124843598358	0	0	0	0.0301028650766446	0	0	0	0.063539657204266	0	0	0	0	0	0	0	0	0	0	0	0	0	0	0	0	0	0	0	0	0	0	0	0	0	0.0320064864386978	0	0	0	0	0	0	0	0	0	0	0	0	0	0	0.0087879709138411	0	0	0	0	0	0	0	0	0	0	0	0	0	0	0	0	0	0	0	0	0	0	0	0	0	0	0	0	0	0	0	0	0	0	0	0	0	0	0	0	0	0	0	0	0	0	0	0	0	0	0	0	0	0	0	0	0	0	0	0	0	0	0	0	0	0	0	0	0	0	0	0	0	0	0	0	0	0	0	0	0	0	0	0	0	0	0	0	0	0	0	0	0	0	0	0	0	0	0	0	0	0	0	0	0	0	0
ERR12405942	0	0	0.0103822834991023	0.0100448160685318	0.00954896312273669	0	0.134311535200293	0.011344034759328	0.00884952728536674	0.0104362898182139	0	0	0	0	0	0	0.0346337203731744	0	0	0	0	0	0	0	0	0.00230105861953564	0	0	0	0.0433683659952299	0.0020971334030688	0.00205983129023332	0	0	0	0	0	0	0	0	0	0	0	0	0	0	0	0	0	0	0	0	0	0	0	0	0	0	0.0111340528206586	0	0	0	0.00277178456943626	0	0.00434884144143031	0	0	0	0.0177713431024487	0	0	0.00942346513509457	0	0	0.023872809735031	0.0225200157537248	0	0	0	0.0221742326285053	0	0.0211574531900131	0.0257760770066201	0.0219515596626994	0.0279285243362229	0.0215756394985847	0.0233274247079969	0	0.00475559095323364	0	0.0209869375015348	0	0.0304471001825623	0	0	0.0203648991684985	0.0201229464399068	0	0.0691636912622986	0	0	0	0.00251894323069536	0	0	0	0.0671861070345649	0	0	0	0	0	0	0.016970928645041	0	0	0.0024274443118007	0	0.0021927454009539	0	0.00258866916463258	0	0	0	0	0	0	0	0	0	0	0	0.030695006495606	0	0.00569710837573641	0	0	0	0	0.00287026386207863	0	0	0	0	0	0	0	0	0	0	0	0	0	0.0062950582540878	0	0	0	0	0.00468105516276027	0	0	0.00264082963271236	0	0	0	0.0026926396084933	0	0.00301266251630868	0.0129412620975471	0.00330112774579915	0.00282041762883495	0	0.0028999104156534	0	0	0.00926206688920396	0	0	0	0.00281092196122226	0	0.00268179466578743	0.00261126450200091	0	0	0.00284438969796264	0	0	0	0	0.00268800809414714	0	0	0.0233608332767489	0.00367346996133858	0	0	0	0	0	0	0	0	0	0	0	0	0	0.00208579318368529	0	0	0	0	0	0.00340958953442233	0	0	0.00177803015005138	0	0	0	0	0	0	0	0	0	0	0.0038297698634235	0.0426333919194611	0	0.00443130451701199	0	0.00514425020291551	0	0	0	0	0.0113709934659945	0	0	0	0	0	0	0
ERR12405943	0.0248348039101451	0.0240596600526965	0.0768697311707937	0.0629189191221463	0.0633561814176114	0.0210694096192197	0.0169334642136525	0.0596452844690849	0.0545012690577324	0.053703712049737	0.0522398840005211	0	0.0210705397774301	0	0	0	0.00991889750241611	0	0	0.00719628051987812	0	0	0	0	0	0	0	0.0174919382524496	0.00611383302710231	0	0	0	0	0.0380243391654017	0	0	0.0437387029388593	0	0.0105249855815498	0.0141127419932084	0	0	0	0.0129007562923212	0.00982320488107891	0	0.0058093943841241	0.0337893764496765	0	0	0.0353311047269567	0.00473689519380065	0.0345137366813111	0	0	0.0292413334907548	0	0	0	0	0	0.00874286588358959	0	0	0.00196190124787063	0	0	0	0	0	0.00935273497013905	0.0326919278427424	0	0.0107283936041402	0	0	0	0	0	0	0	0	0	0.00216333675366433	0	0	0	0	0.0032987925214117	0	0	0	0	0	0.00768272045294674	0	0	0	0.0014493450131551	0	0.00754175939662222	0	0	0	0	0	0	0	0.00822031199872179	0	0	0.00708714328807599	0	0	0	0	0	0	0	0	0	0	0	0	0	0	0	0	0	0	0	0	0	0.00641286743366574	0	0	0	0	0.00588884146830859	0	0.0021428464888695	0	0	0	0	0	0	0	0	0	0	0	0	0	0.00239187837458689	0.00571988991180793	0	0	0	0	0	0	0	0	0	0	0	0	0.00522679544886512	0	0	0	0	0	0	0	0	0	0	0	0	0	0	0	0	0	0	0	0	0	0	0	0	0	0	0	0	0	0	0	0	0	0	0	0	0	0	0	0	0	0	0	0	0	0	0	0	0	0	0	0	0	0	0	0	0	0	0	0	0	0	0.00759062428625073	0	0.00621861618110725	0	0	0.00296118320275378	0	0.00340245318706476	0	0	0	0	0.00329257100013791	0.00335982010184205	0
ERR12405944	0.0915095246701789	0.0587604536060832	0.0255847560619578	0.0222079908529017	0.0322221379693963	0.00566535887940606	0	0.0263315331751171	0.0183768942468268	0.0209397655814799	0.0146147229128799	0	0.00864095883874461	0	0	0	0.0074691323716881	0	0.00340602935937521	0.0188955985662134	0	0	0	0	0	0.00553373061140554	0.0199764545965098	0	0	0.00301371214387438	0.00442694757421382	0.00462629042319291	0	0.0692359957232964	0.00383014054275926	0	0	0.00429848809612229	0	0	0	0	0	0.0543841817168887	0	0.0182656264615889	0	0	0	0	0	0	0	0	0.0327250662034782	0	0	0	0.00303894849329659	0	0	0.0463690727799596	0.011399115882579	0.0184688027364811	0.0276502140988571	0.0150747700222288	0.0562537131799012	0.021916785494178	0.00668851382345707	0.0248141300303831	0	0.00385552903620843	0	0.0275153616970556	0	0	0	0.0153181794188085	0.00300705473905106	0	0	0	0	0	0	0	0	0	0.00534074831385297	0	0	0	0	0	0	0	0	0	0	0	0.0248286512390354	0	0	0	0.00497160211890825	0	0	0.00715404826228824	0	0	0	0	0	0	0	0	0	0.00467550477340331	0	0.00438129042896913	0	0	0.00440873309286549	0	0.00438659608565719	0	0.00418587824629151	0	0	0.00224630675025603	0	0	0	0	0.016709631879731	0.0068842631536182	0	0	0	0	0	0	0	0	0	0	0	0	0	0	0	0	0	0	0	0	0	0	0.0137585301243978	0	0	0	0	0	0	0	0	0	0.0049287313765026	0	0	0	0	0	0	0	0	0	0	0	0	0	0	0	0	0	0	0	0	0	0	0	0	0	0.010434421215702	0	0	0	0	0	0	0	0	0	0	0	0	0	0	0	0	0	0	0	0	0	0	0	0	0	0	0	0.00364720866553633	0	0	0	0	0	0.00750634739423243	0	0	0	0	0.00246456046042327	0	0	0	0	0.0107752638003047	0	0	0	0	0	0	0
ERR12405945	0.182315660697946	0.107992801224531	0.0233109336151409	0.0184019860945631	0.0222999693721777	0.0513052739928525	0.0224356070227137	0	0.0150333516193423	0.0155122803124711	0.0136986260430672	0	0.0380101957364635	0.0493136708779053	0.0737298633533623	0	0	0.00194734874506481	0	0	0.0504258455425512	0	0.0340965950653663	0	0	0	0	0.00237960583333449	0.0195947196175648	0	0	0	0	0	0.00758391893887716	0	0	0	0.0416508456296543	0	0	0.00767953043713885	0.0103509145664106	0.00658693061988291	0	0	0.0207464231537784	0	0	0	0	0	0	0.0207652402858946	0	0	0.019413481290455	0	0.00304430911000813	0.00618539865232306	0	0	0	0	0	0	0	0	0	0	0	0.0035236502513802	0.0152746668283235	0	0.00418706511585855	0.0042097911652039	0	0	0	0.00385496877649458	0	0.00513835242311602	0	0.0037041404773184	0.00373135474878304	0.0037385218788638	0.00400564798836801	0	0.00297111505104976	0	0.00360433237284537	0.00772874875434245	0.00338351975976184	0	0	0	0	0.00979547935397651	0	0	0	0	0	0	0	0	0	0	0	0	0	0	0	0	0	0.00258561210394441	0	0	0	0	0	0	0	0.00567218603466198	0	0	0	0	0	0	0	0	0.00267687800250985	0	0.00215622656682906	0	0	0	0	0	0	0	0	0	0	0	0	0	0	0	0	0	0	0	0	0	0	0	0	0	0	0	0	0	0	0	0	0	0	0	0	0	0	0	0	0	0	0	0	0	0	0	0	0	0	0	0	0	0	0	0	0	0	0	0	0.0106654499256321	0	0	0	0	0	0	0	0	0	0	0	0	0	0	0	0	0	0.0115809649698951	0	0	0	0	0	0	0	0	0	0	0	0	0	0	0	0	0	0	0	0	0	0	0	0	0	0	0	0	0	0	0	0
ERR12405946	0.208244747550763	0.124329050681606	0.0492091036238394	0.0237905046700073	0.0328816451999632	0	0	0.0224166400116674	0.0210007266562304	0.0176603209279319	0.0220084367939621	0	0	0	0	0	0	0.0157605490085914	0	0	0	0	0	0.0112565391419868	0.0118709113427534	0.00307197932579982	0.00905895311845787	0.0115493308812816	0	0	0.0031406004957467	0.00262172642744107	0	0	0	0	0	0.00249375070842627	0.0519604791418984	0.0202549248697104	0	0.0233184081223843	0	0.00718260251204203	0	0	0	0	0	0	0	0	0	0	0.00969037536481341	0	0	0	0.00556786860507965	0.00514818632780168	0	0	0.0019333320824512	0.0138453730863301	0	0	0	0	0	0	0.00999876851332871	0	0	0.00648097441688144	0	0	0	0	0.0143270740182234	0	0	0	0	0	0	0	0	0	0.00467219530686076	0	0	0	0	0	0	0	0	0.0272092930751174	0	0	0	0	0	0	0	0	0	0	0	0	0	0	0	0	0	0	0	0	0	0	0	0	0	0.0173060452640077	0	0	0	0	0	0	0	0	0	0	0.00617821327556759	0	0.00746966997581467	0	0.00274181057858945	0	0	0	0	0	0	0	0	0	0	0	0	0	0	0	0	0	0	0	0.00500510700446056	0	0	0.0205072541164503	0	0	0	0.00922092455625017	0	0.00903221580209777	0	0.00945414907398949	0.0088262078903729	0	0.00940764146532497	0	0	0	0	0	0	0.0108667809607839	0	0.00948785080645692	0.0093080244311956	0	0	0.00856934212591844	0	0	0	0.00919380982853044	0.00871222397156826	0	0	0	0.00409278236120753	0	0	0.00895645789118808	0	0	0	0	0.00823071916575188	0	0	0	0	0	0	0	0.0023861075126704	0	0	0	0	0.00295517338001324	0	0	0	0	0.00310226100445229	0.00249838599563081	0	0	0	0	0	0	0	0.0125354695523277	0	0	0	0	0	0	0	0	0	0	0	0	0	0	0	0
ERR12405947	0	0	0.0723085760728127	0.043355422619518	0.0437158432265465	0.0364440444305449	0.0362552304596753	0.0348176265256961	0.0389628059555013	0.0361004219078408	0.0376621978678846	0.0229174797061118	0.0283071447390223	0.0199090990802937	0.0102044817883326	0.0149200222530104	0.00990122011846407	0.0178962591998006	0	0	0.0129872887268672	0	0.0146346830225368	0.0128455937639022	0.0122302205994936	0.00278779205474896	0	0.0130201118539852	0.0193567318253753	0.0107370864846399	0.00279485122551563	0.00247591202801008	0	0	0.00252191074472701	0	0.00951516850371962	0.00214805874712583	0	0	0	0	0.00400930158960324	0	0.0155558172577571	0	0	0	0	0	0	0.0062009627766323	0.00800649381521517	0	0	0	0.0233191911022767	0.004131160957301	0.00723382666299858	0	0	0	0	0	0.00292836457070301	0.00277183469184728	0	0	0.0262749655465881	0	0	0	0.0176675790214051	0	0.00761492063041405	0.00728361840900718	0	0	0	0.00708001942542542	0	0.00617822504726	0	0.00683951868042656	0.00644641653842225	0.00618278684455136	0.00620044934693282	0	0.00173398869457115	0	0.00579454556136688	0.00706817592490231	0.00586627255555197	0	0.00355714399245793	0.00530822120341631	0.00577776461663375	0	0	0	0	0	0.0131566737351653	0	0.109272784356655	0	0	0	0	0	0	0	0	0.00488065262346146	0	0	0.0111292651353292	0	0	0	0.00987556477216422	0	0	0	0	0	0	0	0	0	0	0	0	0	0.00276109240419713	0	0	0	0.00301828699586661	0	0	0	0	0	0	0	0	0	0	0	0	0	0	0	0	0	0	0	0.0023058193818092	0	0	0	0	0	0	0	0	0	0	0	0	0	0	0	0	0	0	0	0	0	0	0	0	0	0	0	0	0	0	0	0	0	0	0	0.00206151626799655	0.00482777879600949	0	0	0	0	0	0	0	0	0	0	0	0	0.00187638130359669	0	0.00397203643317826	0	0	0	0	0	0	0	0	0	0	0	0	0	0	0	0	0	0	0	0	0	0	0.00209729679920033	0	0	0	0	0	0	0	0	0	0	0	0
ERR12405948	0.0380757394347057	0.0314161215433132	0.0159201274267202	0.012890971691878	0.0138715840537784	0.0309850686489437	0.148091245519108	0.0152794962697558	0.0106461982440569	0.0129032225144088	0.0115162861856652	0	0.0399578691913252	0	0	0	0.0121636427082714	0	0	0	0	0	0	0	0	0	0.0146374446264706	0.020006624066287	0.0095496939377194	0	0	0	0	0	0.0106182170457378	0	0	0	0	0	0	0	0.00954947131879436	0.012204388068174	0.0584918755818563	0.0129236030674929	0	0	0	0	0	0.0249120623767412	0	0	0.0132274408217082	0	0	0	0.0138251957062653	0.00841897130817517	0	0.0049872341261599	0.00252736801090854	0.0130980259011157	0.00264189750082212	0.0153986763805061	0.0116503401819777	0.0128345301392426	0	0.0119798750383839	0	0	0	0.00618758471076272	0	0	0.0140995754866699	0.0114443255654686	0	0	0	0	0	0	0	0	0	0	0.00322940579555616	0	0	0.00593363647184092	0	0	0	0	0	0	0	0.0101303310939513	0	0.00505573763400332	0.00695491956898226	0.0132679543948001	0.00601010542104885	0	0	0.00610322893832932	0	0	0	0	0	0	0.00494398448387626	0	0.00750525800494443	0.0054162775072538	0	0.00550035673858354	0.0062120804512514	0.00630390518576378	0.00551810247628947	0	0.00541678743048897	0	0.00588403038233217	0	0	0	0	0.00566759600260481	0	0	0.00557339324805579	0	0.0135214392978425	0	0	0	0	0	0	0	0	0	0	0	0	0	0	0	0	0	0	0	0	0	0.00468125175033477	0	0	0.00431579453489785	0	0	0	0.00476798715214868	0	0.00526193289512034	0	0.0046722246963967	0.00997449991275793	0	0.00501953430614379	0	0	0	0.0072380160311334	0	0	0.00410512220412332	0	0.00484975129007001	0.00473583919157227	0	0	0.00437916322458101	0.00383365549897364	0	0	0.00493687656526978	0.00427703279873891	0	0	0	0.00389158111540042	0.00621964181488908	0	0.00419484335451002	0	0	0	0	0	0	0	0	0	0	0	0	0	0	0	0	0	0	0	0	0.0131755510442385	0.021887384913294	0	0	0	0	0	0.00365559031712682	0.0052713727378787	0	0	0.00615162150732204	0	0	0.00541871801418008	0.0100044882017282	0	0	0	0	0	0	0	0	0	0	0	0
ERR12405949	0	0	0	0	0	0	0	0	0	0	0	0	0	0	0	0	0	0.0357142357675178	0.147968713282979	0	0	0	0	0.023867520211616	0.0231028865865523	0	0	0	0	0	0	0	0	0	0	0	0	0	0	0	0.0833741581149401	0	0	0	0	0	0	0	0	0	0	0	0	0	0	0	0	0	0	0	0.0476929757477397	0	0	0	0.0111290203941918	0	0	0	0	0	0	0	0	0	0	0	0	0	0	0	0	0	0	0	0	0	0	0	0	0	0	0	0	0	0	0	0	0	0	0	0	0	0.0988546982602893	0	0	0	0	0	0	0	0	0	0	0	0	0.0925924932303753	0.0923549596685321	0	0	0	0.078043906499602	0	0	0	0	0	0	0	0	0	0	0	0	0	0	0	0.0185087714358392	0	0	0	0	0	0.0617753733362514	0	0	0	0	0	0.0557836448391476	0	0	0	0	0	0	0	0	0	0	0	0	0	0	0	0.0509239812229355	0	0	0	0	0	0	0	0	0	0	0	0.0304016503199039	0	0	0	0	0	0	0	0	0	0	0	0	0	0	0	0	0	0	0	0	0	0	0	0	0	0	0.0261112587617282	0	0	0	0	0	0	0	0	0	0	0	0	0	0	0	0	0	0	0	0	0	0	0	0	0	0	0	0.0217997523198584	0	0	0	0	0	0	0	0	0	0	0	0	0	0
ERR12405950	0.0600953477638487	0.0668816367310434	0.00774111066324784	0.00588394725609464	0.00516626064492244	0.0150934467646933	0.026489618779755	0.00733348819971484	0.0101528749538659	0.00498159656440374	0	0.168382260909278	0.0126537544241027	0	0	0.0982733272822045	0	0.00210345250422343	0.00892277031663523	0	0	0.0104982533513018	0	0	0	0.00255264943921033	0	0	0.0285382390191357	0	0.00218772724141068	0.00215912328314608	0	0	0	0.0382425562283185	0	0	0	0	0.00422073937695035	0.0343181343898136	0.0093863992122183	0.0588253882882621	0.00908341362048202	0	0	0	0	0	0	0.00437267854801628	0	0	0	0	0.00517441443088299	0	0	0	0.00444593408826884	0.0260903783807095	0	0	0	0	0	0	0	0	0	0.00643650059366651	0.00400284408611113	0.0270130823123957	0	0	0	0	0	0	0.00700649799126383	0	0	0	0	0	0	0	0.00358931301868645	0	0	0.012780192311907	0	0	0.019977824910415	0	0	0.00541619535487822	0	0	0.0248812865312346	0	0	0	0	0	0	0	0.016099829785286	0	0	0.0183634662983764	0	0	0	0	0	0	0	0	0	0	0	0.0055212401850553	0	0	0	0	0	0	0	0	0	0.0135857801372412	0.00226411375008632	0	0	0	0	0	0	0	0	0	0	0	0	0	0	0	0	0	0	0	0	0.0124840093376342	0	0	0.00215374320709951	0	0	0.00314110681838883	0	0	0	0.00303195094624105	0	0.00296118852405188	0.0195322017891028	0.0035515401188617	0	0	0.00330684153919253	0	0	0	0	0	0	0.00337374068577271	0	0.00377680853701143	0.00409985884407093	0	0	0.00315227081517921	0	0	0	0	0.00468920565829552	0	0	0	0	0	0	0	0	0	0	0	0	0	0	0	0	0	0	0	0	0	0.00564746579387236	0	0	0	0	0	0	0	0	0	0	0	0	0	0	0	0	0	0	0	0	0.0179089774624613	0	0	0	0	0	0	0	0	0	0	0	0
ERR12405952	0	0	0	0	0	0	0	0	0	0	0	0	0	0	0	0	0	0	0	0	0	0	0	0	0	0	0	0	0	0	0	0	0	0	0	0	0	0	0	0	0	0.24232829296074	0	0	0	0	0	0	0	0	0	0	0	0	0	0	0.0855408226189648	0	0.0129243165313636	0	0	0	0	0	0	0	0	0	0	0	0	0	0.0597951755776666	0	0.00588721015548073	0.00620282415001745	0	0	0	0.00675995508015041	0	0	0.0442640891773338	0	0	0	0	0	0	0	0	0	0	0	0	0	0	0	0	0	0	0	0	0	0	0	0	0	0	0	0	0	0	0	0	0.0119595890510392	0	0	0.0106485375543653	0	0.00498731037212538	0	0	0	0	0	0	0	0.00807655599798995	0	0	0	0	0	0	0.00918023993344661	0	0	0	0.00786611304897063	0.0106409278562152	0	0.0111877388650014	0	0	0	0	0	0.0107214001729222	0	0	0	0	0	0	0	0	0	0	0	0	0.0216471540375317	0	0	0.00846188319173902	0.023514201815695	0	0.0237400009224633	0.0121074220728237	0.0264547077526362	0.0231131497980262	0	0.0246144684741203	0	0	0	0	0	0	0.0221716267555867	0	0.0218130619181411	0.0218802926716875	0	0	0.0228686276745803	0	0	0	0.0203365887346869	0.0217893080803393	0	0	0	0	0	0	0.0220360830184248	0	0	0	0	0.0200837232023392	0	0.00424804363088985	0	0	0	0.00994098227731599	0	0	0	0	0	0.00934749460843897	0.00667570455724337	0	0.00970398368903998	0	0.00610253450599043	0.00695868737764671	0.00583301115627136	0	0	0	0	0	0.0247838367217581	0	0	0	0	0	0.0308023222507911	0	0	0	0	0	0	0	0	0	0	0	0
ERR12405953	0.0434358522252459	0.0513667263859805	0	0	0.0351911225263596	0.205786636609995	0	0	0	0	0	0	0.138332187639985	0	0	0	0.074887451103106	0	0	0.0606886525371635	0	0	0	0	0	0	0	0.0447323927808481	0	0	0	0	0	0	0	0	0	0	0	0	0	0	0	0	0	0	0	0	0	0	0	0	0	0	0	0	0	0	0	0	0	0	0	0	0	0	0	0	0	0	0	0	0	0	0	0	0	0	0	0	0	0	0	0	0	0	0	0	0	0	0	0.0412492986457104	0	0	0	0	0	0	0	0	0	0	0	0	0	0	0	0	0	0.0299741413722461	0	0	0	0	0	0	0	0	0	0	0	0	0	0	0	0	0	0	0	0	0	0	0	0	0	0	0	0	0	0	0	0	0	0	0	0	0	0	0	0	0	0	0	0	0	0	0	0	0	0	0	0	0	0	0	0	0	0	0	0	0	0	0	0	0	0	0	0	0	0	0	0	0	0	0	0	0	0	0	0	0	0	0	0	0	0.110970226881858	0	0	0	0	0	0	0	0	0	0	0	0	0	0	0	0	0	0.130850752342275	0	0	0	0	0	0	0	0	0	0	0	0	0.0325345589492263	0	0	0	0	0	0	0	0	0	0	0	0	0	0	0	0	0	0	0
ERR12405954	0.185929697284685	0.113527954742306	0.0464982469428015	0.0354847911681187	0.0252803851850677	0	0.0635904689943297	0.0304681971361227	0.0208255847756077	0.0188516835123	0.021056966292548	0	0	0	0	0	0	0	0	0	0	0	0	0	0	0	0	0	0	0.0224250070393189	0	0	0.00509794941043222	0	0	0	0	0	0	0	0	0	0	0.0208775977389737	0.0239939739646145	0	0	0	0	0	0	0.0136142456592201	0	0	0	0	0	0	0.00546019903332686	0	0	0.00878037214889074	0	0	0	0	0	0	0	0	0	0.00483542682246735	0	0.0112506514830231	0	0	0	0	0.078688205255097	0	0	0	0	0	0	0	0	0	0.00535665814821965	0	0	0	0	0	0	0	0	0.00875663508456596	0	0.00254588466746743	0.0091978341338828	0	0.00385968593105192	0	0	0	0	0	0	0	0	0	0	0	0	0.0103420830857112	0.00306154075529129	0	0	0	0.00288225035029392	0	0	0.00799267480681559	0.0080917865889565	0	0	0	0	0	0	0	0.00409640251276215	0	0.00669470720615113	0.0029143241402947	0	0	0	0	0	0	0.00821109453122498	0	0	0	0	0	0.00794919807678285	0	0	0	0	0	0	0	0	0	0.00523543749101599	0	0	0.00567973855569283	0	0	0.00717071274323954	0.00630664985699913	0	0.00658955527510097	0	0.00737432550168758	0.00636437962698026	0	0.0147612073026793	0	0	0	0	0	0	0.00578072199091098	0	0.00627310433917141	0.00606007474152299	0	0	0.00629003827040793	0	0	0	0.00576760770812014	0.00549500221647117	0	0	0	0.00447233482581577	0	0	0.00556149379634023	0	0	0	0	0.00532880670539462	0	0	0	0.00785420779415388	0	0	0	0.00274365683941023	0	0.00849843198817872	0	0	0	0	0	0	0	0	0	0	0	0	0	0	0	0	0	0	0	0	0	0	0	0	0.00594713606851558	0	0.00524795361065047	0.00539412695349689	0.00531293118932032	0	0	0	0
ERR12405955	0.0320633592967392	0.0400394328612823	0.0507595528758287	0.0338683720081371	0.0363484508325214	0.0619416067418701	0	0.035269724095936	0.0289685572252024	0.0303605836358102	0.0286575211422225	0	0.0504740634470931	0	0	0	0.0267610776980785	0.0176547513367193	0	0	0	0.0436836181403525	0	0.0134246300379314	0.0137637808147464	0.00949989798825844	0	0.0128775158996928	0.0200695864903408	0	0	0	0	0.0128893870496374	0	0	0	0	0	0	0	0	0	0	0	0	0	0	0	0	0	0	0	0	0	0	0	0	0	0	0	0	0	0	0	0	0	0	0	0	0	0	0	0	0.0134914231761308	0.014846129511856	0	0	0	0.0127973631158649	0	0.0128488074936534	0	0	0.0136904753722608	0.0121015743733336	0.012057054092119	0	0.0158037871448789	0	0.0123073889925468	0	0	0	0	0	0	0	0	0	0	0	0	0	0	0	0	0	0	0	0.00884173810815207	0	0	0	0	0	0	0	0.0215796204274062	0	0	0	0	0	0	0	0	0	0.0196765686895046	0	0	0	0	0	0	0	0	0	0	0.0156323058155009	0.0122848129946269	0.029028895293651	0	0	0	0	0	0	0	0.0229959345489289	0	0	0	0	0	0	0	0	0	0	0	0	0	0	0	0	0	0	0	0	0	0	0	0	0	0	0	0	0	0	0	0	0	0.0209115570340046	0	0	0	0	0	0	0	0	0	0	0	0	0	0	0.0211521032985158	0	0	0.0215404100325458	0	0	0	0	0	0	0	0.0215403864150203	0	0	0	0	0	0	0	0	0	0	0	0	0.0179376488529305	0	0	0	0	0	0	0	0	0	0	0	0	0	0	0	0	0	0	0	0.0169396661206833	0.0145735322464417	0.0160453472310429	0
ERR12405956	0.126810668140975	0.0736487404586742	0	0	0	0	0	0	0	0	0	0	0	0	0	0	0	0	0	0	0	0	0	0	0	0	0.053567944143293	0	0	0	0	0	0	0	0	0	0	0	0	0	0	0.0277666190716789	0	0.0370751928784539	0	0.0541855432935857	0	0	0	0	0	0.0824630379737463	0	0	0.0429853421599758	0	0	0	0	0	0	0.0182543885439369	0.000937125293125281	0	0	0.0706589726307032	0.0476204102557413	0	0	0.0453099207867237	0	0	0	0.0219905063599295	0	0	0.0527889792176104	0.0465017537552523	0	0	0	0	0	0	0	0	0	0	0	0	0	0	0	0	0.0112596979286296	0	0	0	0	0	0.0175848622714674	0	0.00933931678576422	0.0506658666867061	0	0	0	0	0.0112505204726004	0	0	0.0121113844569877	0	0	0	0	0.00736453475069625	0	0	0	0.00693938571857868	0	0	0	0	0	0	0	0	0	0	0	0	0	0.0155687748824743	0	0.000957948191778539	0	0	0	0	0	0	0	0	0	0	0	0	0	0	0	0	0	0	0	0	0	0.0124791476457335	0	0	0	0	0	0	0	0	0	0	0	0	0	0	0	0	0	0	0	0	0	0	0	0	0	0	0	0	0	0	0	0	0	0	0	0.0103762488695627	0.0194481859676379	0	0	0	0	0	0	0	0	0	0	0	0	0	0	0	0	0	0.0108074664253591	0	0	0	0	0.00128151398261817	0	0	0	0	0	0	0	0	0	0	0	0	0	0	0	0	0	0	0	0	0	0	0	0	0	0	0
ERR12405957	0	0	0.0683880314349717	0.0693736969225312	0.0702496138330517	0.0269859468664306	0	0.0767411009868166	0.0547984941206761	0.0675481488727888	0.0472415088624893	0.0334997375365798	0.0253208548480487	0	0	0.0294638029299006	0.0392588252724892	0	0	0	0	0	0	0	0	0	0.0400066111396016	0.02481376828018	0.033077419558597	0	0	0	0	0	0	0	0	0	0	0	0	0	0	0	0.0121211049582636	0	0.00631169318990949	0	0.055822284189219	0	0	0.00643212238273515	0	0.0053185637961136	0	0	0.00917394795231082	0.0198155524661991	0.00534024896183125	0.00277852540895001	0	0	0.00110350203473281	0	0.00126632886432706	0	0	0	0	0.00999207456967786	0	0	0.00709220301040694	0	0.00208921547306782	0.00193222496822885	0	0	0	0.0018470630890254	0.0194684414419505	0.00173406414455938	0	0.00193203276124572	0.00184163665156339	0.00186993151535478	0.00190881789856451	0	0.00270847314545208	0	0.00172706588737745	0.0125597131815259	0.00163171329830217	0	0	0	0.00210518111742951	0	0	0	0	0.0137184642817526	0	0	0	0	0	0	0	0	0	0	0	0	0	0.00313842001103543	0	0	0	0	0	0	0	0	0	0	0	0	0	0	0	0	0.0183638101298599	0	0	0.00143740046768493	0	0	0.0140076062585496	0	0	0	0.00254098896651382	0	0	0	0	0	0.00218866918541866	0	0	0	0	0	0	0	0	0	0	0	0	0	0	0	0.00205300200666028	0	0	0	0	0	0	0	0	0	0	0	0	0	0	0	0	0	0	0	0	0	0	0	0	0	0	0	0	0	0	0	0	0	0	0	0	0	0	0.00281315490473353	0	0.00192316282932963	0	0	0	0	0	0	0	0.00144276537104118	0	0	0	0	0	0	0	0	0	0	0	0	0	0	0	0	0.03033528629605	0	0	0.00134598146789335	0	0	0	0	0	0	0	0	0	0	0	0
ERR12405958	0	0	0	0	0	0	0	0	0	0	0	0.228007290890488	0	0	0	0.122545672436874	0	0	0	0	0	0	0	0	0	0	0	0	0	0	0	0	0	0	0	0	0	0	0	0.0629713047565797	0	0	0	0	0	0	0	0	0	0	0	0	0	0	0	0	0	0	0	0	0	0	0.00706175643121133	0	0.00220760719364362	0	0	0	0	0	0.0162087922084166	0	0	0	0	0	0	0	0	0	0	0	0	0	0	0	0	0	0	0	0	0	0	0	0	0	0	0	0	0.01681643451539	0	0	0.0176255132760052	0	0	0	0	0	0	0	0	0	0	0	0.0144533706058817	0	0.0139441140207847	0	0	0	0.0128761554296747	0	0	0	0	0	0	0	0	0	0	0	0	0	0.00480495471322565	0	0.0838870993241358	0	0	0	0	0	0	0	0.0110371821090636	0	0	0	0	0	0	0	0	0	0	0	0	0	0.00418998487774162	0	0	0	0	0	0	0	0	0	0	0	0	0	0	0	0	0	0	0	0	0	0	0	0	0	0	0	0	0	0	0	0	0	0	0	0.00362600410683593	0	0	0	0	0	0	0	0	0	0	0	0	0	0	0	0	0	0	0	0	0	0	0	0.0170315278817029	0	0	0	0	0	0	0	0	0	0.0027314434764216	0.357973791745924	0	0	0	0	0	0	0	0	0	0	0	0	0	0	0	0
ERR12405959	0.0828346142684652	0.0553499844538233	0.0329654329976991	0.0260458926741847	0.0241001764520542	0.019793081511951	0.0329281005774756	0.0234991778900544	0.0224052312217567	0.0212484977228698	0.0210706257864122	0	0.0178322042828616	0	0	0	0.0103277557622253	0	0	0.0532239911172797	0	0.0418866314888898	0	0	0	0	0	0.0366305692613516	0.00595932432737582	0	0	0	0	0	0.00714324926720423	0	0	0	0.0225487650685381	0	0	0	0.0170768941469249	0.00723111115852011	0.0133445953281431	0	0.0129525671408223	0	0.0906976639908686	0	0	0.00360912377892893	0	0.0112136722360708	0	0	0	0.0270629350539248	0.00499357399126912	0	0	0	0	0	0	0	0.00517910267220748	0	0.0200158495394625	0	0	0.0124716512940499	0	0	0.00415586772614419	0.00381445980997871	0	0	0.00824835992070982	0.00356931642686064	0.00566546727571239	0.00347759423725079	0	0.00370234116812511	0.00352275429799582	0.0034806195353917	0.00355906839349786	0	0.00538508914409982	0	0.00340145368887549	0	0.00320526540005435	0	0	0	0	0	0	0.00388363298003484	0	0.0228828692202927	0	0	0	0	0	0	0	0.0100797665792508	0	0	0.0286994663068183	0	0.00351210231055068	0	0	0	0	0	0	0	0	0	0	0	0	0	0	0	0	0	0	0	0	0	0	0	0	0	0	0	0	0	0	0	0	0	0	0	0.0134538745629981	0	0	0.0142644108819909	0	0	0	0	0	0	0	0	0.0121234545707351	0	0	0	0	0	0	0	0	0	0	0	0	0.00585154797756931	0	0	0	0	0	0	0	0	0	0	0	0.00534920043866096	0	0	0	0	0	0	0	0	0	0	0	0	0	0	0	0	0	0.00549644340840157	0	0	0.00229289278635481	0	0.00304744123772647	0	0	0	0.00343143215726731	0.00312857144779993	0	0	0	0	0.00309641771057211	0.00312623296064012	0	0.00372298171220424	0	0	0	0	0	0	0	0	0	0.00340098259668373	0	0	0.00516497690491149	0	0	0	0	0	0	0.00244733612205537	0.00271426163811958	0
ERR12405960	0	0	0.0647735600748615	0.0387099059272484	0.0344668754463402	0.0624586212730913	0.00669757925213409	0.0319897730659643	0.0321279700667756	0.0284987378874882	0.0336445769520294	0.0683703570217422	0.0339825401375259	0.022220440579901	0.0135538549556151	0.0352248700085814	0	0	0	0	0.0173367276944967	0	0.0365087886283501	0	0	0.00463955218932614	0	0.0386458668111598	0.0366415769105015	0	0.00366884409423696	0.00399074193134264	0	0	0	0	0	0.00368029646375731	0	0	0	0.00888518584908617	0	0	0	0	0	0	0	0	0	0	0	0	0	0	0.0099546163766343	0	0.0044472501563544	0	0	0.00629119333974439	0.00292581758271684	0	0	0	0	0	0	0	0	0.00750662044942062	0.0106490407151265	0	0	0	0	0	0.00454229146879596	0	0	0	0	0	0	0	0	0.00880929577619128	0	0	0	0.0146620466172361	0	0	0.00551631816477226	0	0	0.0148666405294915	0.00286421513612522	0	0	0	0	0	0	0.00644824191511023	0.00283251791514292	0.0032861015610873	0	0.00763195141452063	0.00808465593025907	0	0	0	0	0	0	0	0.00805820685058047	0	0	0	0.00448910287854176	0.00766852260347441	0	0.00604180862725902	0	0.00627607732948227	0.00519909744906919	0.00962547974269935	0	0	0	0	0	0.0107152298761562	0.0114696624868322	0	0.00409237204261891	0.00448004378330803	0	0.00575482797475199	0	0	0	0	0	0	0	0.0268609838153369	0	0	0	0	0	0	0	0	0	0	0	0	0	0	0	0	0	0	0	0	0	0	0	0	0	0	0	0	0	0	0	0	0	0.00519887015290943	0	0	0	0	0	0	0	0	0	0	0	0.00683293017660609	0	0	0.00495653345028641	0	0	0.00503997157192991	0	0	0	0	0.00653703377982514	0	0	0.00538903330129511	0	0	0	0	0	0	0.00246077699064425	0	0	0	0	0	0	0	0	0	0	0	0	0	0.0269454561756283	0.0274844120690303	0	0	0	0	0	0.00378158752061966	0.00358949896007679	0	0	0	0.00624596608831049	0	0	0.00277045603244187
ERR12405961	0.0257114591837993	0.0299499883380494	0.0454859221241987	0.0348564125195738	0.0292639045246812	0.0421824367562712	0.0126493983755379	0.0315837679661906	0.0234609087106306	0.0237695110603212	0.0240622722123636	0.0084497384914431	0.0387457580388145	0.0205177694528011	0.0315349739028809	0.011061649969097	0.0235713074557564	0	0	0	0.0238489211104279	0	0.0265232661468856	0	0	0	0	0.0455956898150136	0.023223196086878	0	0	0	0	0.0223755649514898	0	0	0	0	0	0	0	0	0	0	0.017562066239381	0	0	0	0	0	0	0	0	0.00837822769540189	0.0111660264384997	0	0.0697620026335495	0	0	0	0	0	0	0	0	0	0	0	0	0	0	0.00747486289024525	0.0601514370616082	0	0	0	0	0	0	0	0.00970184782957557	0	0	0	0	0	0	0	0.00876575584731035	0	0	0	0	0	0.00739746921434399	0	0	0	0	0.0108739571318629	0	0	0	0	0.00539258695338554	0	0	0.00531545338130788	0.007357133888631	0	0	0	0	0	0.00878087905694297	0	0	0.00504733811734998	0.0104964461117748	0	0	0.00677952325807402	0.00490682174379965	0	0.00467048649229195	0	0	0	0.00942628496009693	0	0	0.00581949206823895	0	0.00563983862110577	0	0	0	0	0	0.00822449762294056	0	0	0	0	0.00712674836099519	0	0	0	0	0	0	0	0	0	0	0	0	0	0	0	0	0	0	0	0	0.00472027102811049	0	0.00483258248147862	0	0.00516311647761387	0	0	0.00488267249095159	0	0	0	0	0	0	0	0	0.00474239001032069	0	0	0	0	0	0	0	0	0	0	0	0	0	0	0.00715051227998298	0	0	0	0	0	0	0	0	0	0	0	0	0	0	0	0	0.0303805306957988	0	0.00483371855987514	0	0	0	0	0.00520602975558952	0	0	0.0059966560013702	0	0	0	0	0	0	0	0	0	0.00355759647037012	0	0	0	0	0.0138929229367187	0	0	0	0	0	0	0
ERR12405962	0	0	0.0292760596755474	0.0239293862060712	0.0205300613892283	0.0227805961797654	0.0185302009807867	0.0206892856843259	0.0172855779096388	0.0183696823716891	0.0169760609777098	0.0116776778227108	0.020396914039815	0	0	0.00974368950849228	0	0.012984425282324	0	0.00782968691540147	0	0	0.12509188567914	0.00933091667810551	0.00968721805678159	0.00203867205608885	0	0.0083861993535139	0	0	0	0	0.0369359009504523	0.0540193336353578	0	0	0	0	0	0	0	0	0	0.0245501390421938	0.0117904898971345	0	0	0	0.00223253458201809	0	0	0.00352499400503682	0	0	0	0	0	0	0.0134924903682575	0	0	0.0138824226432133	0	0	0.00295917249212898	0.00507401488908499	0	0	0	0	0	0.00522511673802944	0	0.0131850205179518	0.00658783618381127	0.00565925263065955	0	0	0	0.00619127944491779	0	0.00575260965124124	0	0.00565606517402612	0.00521254082409092	0.0055058160925316	0.00538963794532489	0.00628627817887917	0.00562363490164688	0	0.00533197224265632	0	0.00482628242127696	0	0.00815781348652996	0.00510910829921659	0.00526900027574197	0	0	0.00423919991746208	0.0119633018919307	0	0.00235906709078318	0.00485451008248217	0.00476766192706566	0.00434976286890501	0	0.00436420362252769	0.00727979672243595	0	0.00380722678990579	0.0085721553570611	0	0.00624116462819617	0.00469745495941175	0	0	0.00457687326513167	0.00640776018651831	0.0041543272965376	0	0.00570545031896468	0.00449672661763047	0	0.00393250743817445	0.00439674615587755	0.00412311364323734	0.0030862297919693	0.00568506737068493	0	0	0.0048533639759858	0	0	0	0.00666017044290914	0	0	0	0.00684464823730675	0.00376746025234719	0.0075393264456656	0	0	0	0	0	0	0	0	0	0	0	0	0	0	0	0	0	0	0	0	0	0.00382714331920624	0	0	0	0	0.0137825742169956	0	0	0.00962158266678968	0	0	0	0	0	0.00344895220460163	0	0	0	0	0	0	0	0	0	0	0.0039471602940759	0	0	0.00924830948703364	0	0	0	0	0.00893234815101036	0	0	0	0	0	0	0	0	0	0.00228523372209068	0.00800568151308819	0	0	0	0	0.00246527500546584	0.0308923514802981	0	0	0	0	0	0	0	0	0	0	0	0	0	0	0	0	0	0	0	0.00294111856627575	0.0162163711110281	0.0102811281876236	0.0475851578445557	0	0.0038293806522066	0	0	0	0	0	0	0
ERR12405963	0.0505705194880306	0.0400151992115617	0.0390181061508812	0.0295407973831673	0.0280699295848513	0.0791069949384314	0.0129431025355272	0.0236888365118525	0.0262384545116228	0.0230251205908539	0.0270611865502232	0.0148024230444739	0.0485878013785319	0	0	0.0120345765526548	0.0154727099578699	0.00496102139788341	0	0	0	0	0	0.00408935913814669	0.00363927210936166	0	0	0.0377970413513758	0.0244109896029461	0	0	0	0	0	0	0	0	0	0.0169633578060544	0	0	0	0	0.0138878789513057	0	0	0.0172933492698989	0	0.00676009837031021	0	0	0	0	0.0159759942062359	0	0	0.0094674366987048	0.00605593244401131	0.00146750913263904	0	0	0.00614347240693875	0	0	0	0	0	0	0	0	0	0.0145174699060869	0.00731804085326598	0.007144328135932	0	0	0	0	0.00630062373524053	0	0	0	0	0	0	0	0	0.00180373191906505	0.00419246046517162	0	0	0.00926468490999171	0	0	0	0	0	0	0.0125939149427352	0.00305194642552711	0.00671276333061659	0.00506405214882669	0	0	0	0	0.0119127160934423	0	0	0	0.00177066696621519	0	0.0112382209179736	0	0.00269946778067223	0	0	0	0.00301661416161152	0	0	0	0	0	0	0	0	0	0.00327324020396173	0.00162740346369525	0.00657995176580434	0	0.00729049435614006	0	0.00318110380372082	0.00228819396799624	0	0.00625666348782949	0	0.00243532674439443	0	0	0	0.00525022678260417	0	0.0209166574719002	0.00471335191959975	0.00534714985054191	0	0.00502118053051088	0.00334450593795284	0.00458722103577337	0.0046900748456663	0	0	0	0.00423115757067939	0.0184049799679176	0.00251452796373104	0.00549308792410406	0	0	0.00258973160870505	0	0	0	0.00590020595998789	0	0.00260422343634747	0	0	0.00269165540696636	0	0.00476380656960053	0.00370740860835772	0	0	0	0.00535946774614749	0	0.00494332784332484	0	0	0.00561804180346517	0.00680565978985525	0	0	0.00370738907854102	0	0	0	0.00242176874176621	0.00351846741465779	0	0.00213538110509465	0	0.00231102401562957	0	0.00507639238659748	0.0135711163605499	0.00546884818093449	0.00522203350084442	0	0.00236142977775938	0	0.00347629900725635	0	0.00202505957941084	0	0.0051519186499919	0	0	0	0	0	0	0	0	0	0	0	0.00197519196780058	0.00439947524097684	0	0.00220477784708463	0	0	0	0	0	0	0	0.00195295513833522	0.00817784962401736	0	0	0.0118284756328063	0	0	0	0	0	0.00289394441394288	0	0	0
ERR12405964	0.372328351624234	0.231497153042916	0.0285580256175418	0.0122952983053952	0.0145817700974708	0.0259758986014172	0	0	0.0101493870541392	0	0	0	0.0217759080638989	0	0	0	0.0202214061347471	0	0	0	0	0	0	0	0	0	0	0	0	0	0	0	0	0.00376199570815768	0	0	0	0	0.0917501837230861	0.0596938716552088	0.0157113380261544	0	0	0	0	0	0	0	0	0	0	0	0	0	0	0	0	0	0.00290524616056273	0	0	0	0	0	0.00264611834785592	0	0	0	0	0	0.0395358478711747	0	0	0	0	0	0	0	0	0	0	0	0	0	0	0	0	0	0	0	0	0	0	0.0164330165067362	0	0	0	0	0	0	0	0	0	0	0	0	0	0	0	0	0	0	0	0	0	0	0	0	0	0	0	0	0	0	0	0	0	0	0	0	0	0	0	0	0	0	0	0	0.0103108428343473	0	0	0	0	0	0	0	0	0	0	0	0	0	0	0	0	0	0	0	0	0	0	0	0	0	0	0	0	0	0.0103234328249978	0	0	0	0	0	0	0	0	0	0	0	0	0	0	0	0	0	0	0	0	0	0	0	0	0	0	0	0	0	0	0	0	0	0	0	0	0	0	0	0	0	0	0	0	0	0	0	0	0	0	0	0	0	0	0	0	0	0	0	0	0	0	0	0	0	0	0	0	0	0	0	0	0	0.00954490779995869	0	0	0
ERR12405965	0.047218328630711	0.0339512258622355	0.0120563790659581	0.00706754442910003	0.00657271595867841	0.00383169179742872	0.0175596058346717	0.00602578493048953	0.00568873266149652	0.00461715792768448	0.00672197063957653	0.00775985520805453	0.00930701264751642	0	0	0.00891613267170394	0.0114420853048139	0	0.00968990263459146	0	0	0.00358326409678625	0	0	0	0	0	0.0195434072207851	0.00368150954150586	0.0297243399069201	0	0	0.305546665644279	0	0	0	0	0	0	0.00432926438568157	0.00632063907702319	0	0	0	0.0103110778402792	0	0	0	0.00978086119257008	0	0	0.00498660401686556	0	0	0	0	0	0.00446045526237325	0	0	0	0.00471717095240605	0	0	0.00306850569731564	0	0	0	0	0	0.00323300486275313	0	0	0.00571077770655028	0	0	0	0	0	0	0.0102973508135017	0	0	0	0	0	0	0	0.00917162012996839	0	0	0	0	0	0.00843881383968233	0	0	0	0.149849708762529	0	0	0	0	0	0	0	0.14399883919176	0	0.00612133236506362	0	0	0	0	0	0	0	0	0	0	0	0	0	0	0	0	0	0	0	0	0	0	0	0	0.00564785517325533	0.00427865883522706	0	0	0	0.00483533334405902	0	0	0	0	0	0	0	0	0	0	0	0	0	0	0.00405294365952756	0	0	0	0	0.00348990005439425	0	0	0	0	0	0	0	0	0	0.00255525079264817	0	0	0	0	0	0	0.00508171307092597	0	0	0	0	0	0	0	0	0	0	0	0	0	0	0	0	0	0	0.00288327609094158	0	0	0	0	0	0	0	0	0	0	0	0	0	0	0	0	0	0	0	0	0	0	0	0	0	0	0	0	0	0	0	0	0	0	0	0.0218737302677104	0	0	0	0	0	0	0	0	0	0	0	0	0	0	0
ERR12405966	0	0	0	0	0	0	0	0	0	0	0	0	0	0	0	0	0	0	0.0326222015435259	0	0	0	0	0	0	0.108563476079571	0	0	0	0	0.0889943678324294	0.0919224489763231	0	0	0	0	0	0.0842277515531387	0	0	0.0185841977170856	0	0	0	0	0	0	0	0	0	0	0	0	0	0	0	0	0	0.189004773849753	0	0.0102435278688726	0	0.0410754415761433	0	0.0933836988018882	0	0	0	0	0	0	0	0	0	0	0	0	0	0	0	0	0	0.015447256875982	0	0	0	0	0.00311566514125873	0	0	0	0	0	0	0	0	0	0	0	0	0	0	0.0331689123025454	0	0	0	0	0	0	0	0	0	0	0	0	0.0214715724065195	0.0275929163830237	0	0	0	0.0263495814022361	0	0	0	0	0	0	0	0	0	0	0	0	0	0	0	0	0.00830682651816886	0	0	0	0	0.0158424964729265	0	0	0	0.00815555212944188	0.00717304364851797	0.0177406282803306	0	0	0.00906017368616048	0	0	0	0	0.0070619529544929	0	0	0	0	0	0	0	0.0175849663812625	0	0	0	0	0	0	0	0	0	0	0	0	0	0	0	0	0	0	0	0	0	0	0	0	0	0	0	0	0	0	0	0	0	0	0	0	0	0	0	0.0070022630247197	0	0	0	0	0	0.0103182963195494	0	0	0	0	0	0	0	0.00598601027413206	0	0	0	0	0	0	0	0	0	0	0	0	0	0	0	0	0	0	0	0	0	0	0	0	0	0	0
ERR12405967	0	0	0	0	0	0.0515191142376724	0.00757411573833074	0	0	0	0	0.00699646072943182	0.0372726714096114	0	0	0.00434518194062492	0.0192186249179934	0	0	0.0218923272369478	0	0.0644206088930455	0	0	0	0	0.00743003407358089	0.0303913160575406	0.00633418591417893	0.011041691342384	0	0	0	0	0.0020510409339737	0	0.0383854352454114	0	0	0	0	0	0	0	0	0	0.012369135040865	0.0316871379724666	0.0540411340094645	0	0.0305222359179957	0	0.0334660317376655	0.0111335872723126	0.00263300413700754	0.0292156961726144	0	0.015867880141671	0.00395265683265945	0	0	0.0178956481479585	0	0	0.00156772057395375	0	0	0	0.108659247625497	0	0	0	0	0.00944579760008403	0.012437737032323	0.0109442206119879	0	0	0	0.0104803333828495	0	0.0104835914370655	0	0.0108672611015492	0.0107604992443479	0.0116973070336468	0.0110213824478879	0	0.00521739663809702	0	0.0104779334295585	0	0.00965482053004743	0	0.0159551714705097	0.00910100626970698	0.00972400290541372	0	0	0.00441163292782824	0	0.0131836589663787	0	0	0	0	0	0	0.0112665476529903	0	0	0.00945392935030597	0	0.00866780623832481	0.00413665335504596	0	0	0	0.00184631594211798	0	0	0	0	0	0	0	0	0	0	0	0	0	0.0280513345246196	0.0101220651084598	0	0	0	0	0	0	0	0	0	0	0.00360472602359767	0	0	0	0	0	0	0	0	0.0160387720433759	0	0.0100504930114988	0	0	0	0	0	0	0	0	0	0	0	0	0.00306511370786809	0	0	0	0	0	0	0.0236002314569499	0	0	0	0	0	0	0	0	0	0	0	0.0044614974446974	0	0	0	0	0	0	0	0	0	0	0	0	0	0	0	0	0	0	0	0	0.00422454799651086	0	0	0	0	0	0.00412230347189634	0	0.00513300210690464	0.00361715443832475	0	0	0	0	0	0	0	0	0	0	0.00385404269149457	0	0.00351046915056599	0	0	0.00342531700230949	0	0	0	0	0	0	0	0	0	0	0	0
ERR12405968	0.0988852903563685	0.0621689398270442	0.0986157585956707	0.068225265412822	0.063355578016063	0	0.0156513650842114	0.050947660990719	0.0593563437470012	0.0519524746228144	0.0587027078082286	0	0	0	0	0	0	0	0	0.0315147938829068	0	0	0	0	0	0	0	0.0323135351103791	0	0	0	0	0	0.0756836360840669	0.00696906019863569	0.00331778646718764	0	0	0.0292245254195531	0.00253765226058777	0	0	0.00646603166917926	0.00604059829447252	0	0.0061784921984988	0	0	0	0	0	0	0	0	0	0	0.0082985641570385	0	0.00426971399919674	0.00597838334200906	0	0	0	0	0	0	0	0	0	0	0	0.00792618045560354	0.00626156287458723	0	0	0	0	0	0	0	0	0	0	0	0	0	0	0.00699405978166546	0.00740576167759004	0	0	0.00775749763470604	0	0	0	0	0	0.0156550478659159	0	0	0	0	0	0	0	0.00498293984229503	0	0	0	0	0	0	0	0	0	0.0115602213888704	0	0	0	0	0	0	0	0.0111199349941486	0	0.00464690260572283	0	0	0	0	0	0	0.00207805002211163	0	0	0	0	0	0	0	0	0	0.00891306531690261	0	0	0.00513806713670961	0	0	0.00979680576688377	0	0	0	0	0	0	0	0	0.00472516954211653	0	0	0	0	0	0	0.008471680691624	0	0	0	0	0	0	0	0	0	0	0	0	0	0	0	0	0	0	0	0	0	0	0	0	0	0	0	0	0	0	0	0.00186834452532579	0	0	0.00335048643395013	0	0	0	0	0	0.00221205470189124	0	0	0	0	0	0.00486185389493155	0	0	0	0	0	0	0	0	0	0	0	0	0.00875549010448447	0	0	0	0	0	0	0	0	0	0	0	0.00614091522065235	0.00272374997665636	0	0	0	0	0	0	0	0
ERR12405969	0.045086475918303	0.0370200921462522	0.02168129988958	0.00854300253963397	0.00747689978519778	0	0.108366118848609	0	0.00776812763567221	0	0.00766693083357868	0.0105830514960532	0	0	0	0.0149278388827254	0.0315455102030487	0	0.00503051608519968	0	0	0	0	0	0	0	0	0.00811584099584583	0.0122386246538052	0.056726831619543	0	0	0	0	0.0115566670822434	0	0	0	0	0	0	0	0.0159096675031059	0.128663406419045	0.0248825813533686	0	0	0	0.0209909475720573	0	0	0.0137918081988781	0	0	0	0	0	0.0193675509334644	0	0.0109024439632948	0	0.0463384708380755	0.00511494985065599	0	0.0143033020222532	0	0	0	0	0	0	0.00474633938062449	0	0.0489447427099615	0	0	0	0	0	0	0.0341368159643805	0	0	0	0	0	0	0	0	0	0	0.00530959424435708	0	0	0	0	0	0.0244933314468	0	0.00494762891446212	0.0484087311921435	0.0108940071696171	0.00454019712238839	0	0	0	0	0	0	0	0	0.033270250945959	0	0	0.00422131737872964	0	0.00537577769745412	0	0	0	0.00442872832674879	0	0.00438304015896983	0.0265108894139089	0	0	0	0	0	0	0	0	0	0	0	0	0	0	0	0	0	0	0	0	0	0	0	0	0	0	0	0	0	0	0	0	0	0	0	0	0	0	0	0	0	0	0	0	0	0	0	0	0	0	0	0	0.00358847809776908	0	0	0	0	0	0	0	0	0	0	0	0	0	0	0	0	0	0	0	0	0	0	0	0	0	0	0	0	0	0	0	0	0	0	0	0.016462245365079	0	0	0	0	0	0.00688938557211683	0	0	0	0	0	0	0.00613314362195001	0.00447747069523804	0.00323892731185214	0	0	0	0	0	0	0	0	0	0	0	0	0	0	0	0	0	0
ERR12405970	0	0	0.0697066290390404	0.0509666014371172	0.0486500814304114	0	0	0.0400999594565529	0.0463570984146614	0.0404007751373971	0.0460093412111204	0	0	0.0341234695762354	0.0831681282997481	0	0	0	0	0	0.0324270064663929	0	0.0267371385693412	0	0	0	0	0	0	0	0	0	0	0	0	0.00673292467905269	0	0	0	0	0	0.0716511222970958	0	0	0	0	0	0	0.0164979249960329	0	0	0	0	0	0	0	0	0	0.00841668901398163	0	0	0	0.0019952102628668	0	0	0	0	0	0	0	0	0	0	0	0	0	0	0	0	0	0	0	0	0	0	0	0	0.00280458186160688	0	0	0	0	0	0	0	0	0.00902871481971238	0.0271971724847712	0	0	0	0	0.0021190873628552	0	0.00961823177510335	0	0	0.00985424730739707	0	0	0	0	0	0	0	0.00496044821377739	0	0.0100468614258606	0	0.00884254181717528	0	0.00844195287205829	0.00918111692373673	0.0206449290551337	0.00904196079825162	0	0.00850470849168906	0	0	0	0.00622604805806932	0.00805881134182316	0.0668766736025294	0	0.00392725622237889	0	0	0	0	0	0	0	0.00349331142986341	0.00508475909740451	0	0	0	0	0.00354141608437884	0.0117076586483243	0	0	0	0	0	0	0	0	0.00359867726948749	0	0	0	0	0.00691268731132529	0.00322620300400259	0	0	0	0	0	0	0	0	0	0	0	0.0028407073399358	0.00698871870801368	0	0	0	0	0	0.0132361136284051	0	0	0	0	0	0	0	0	0	0	0.00263594276572267	0	0	0	0.0121291034166597	0	0	0.0127116981035962	0	0	0	0	0	0	0	0.0120789012182246	0	0	0	0	0	0	0.00284248006482754	0	0	0	0	0	0	0	0	0	0	0.00796772629967854	0	0	0	0	0	0	0	0	0	0.011006897673219	0	0.00983183631716098	0.00924555031782144	0.00960416658097051	0	0	0	0
ERR12405971	0	0	0.0424419478932599	0.0383281076277004	0.0351555333129737	0.042305671309264	0	0.0321345696868857	0.0285780463329897	0.031558899386089	0.0281501852626638	0.0450553502969148	0.0280321070817162	0.0127324310946784	0.00405089864011293	0.0287766545198267	0.0257210290592433	0	0	0	0	0.0104059967378876	0.0107974281819334	0	0	0.00196203149209033	0.0291851283003289	0.00688423296556709	0.0170695980408731	0.00356085586715536	0	0	0	0	0	0	0	0	0	0	0	0.0205520356034054	0	0	0.00276855643486621	0.0151065701635423	0.0104258773179148	0	0	0	0	0.00287733623273644	0	0.0105037136849896	0.0240210412989622	0	0	0	0	0	0	0.00445059017170063	0	0.0275567193250895	0	0.0122388212394338	0.0138599591335767	0.0217777517423905	0	0.0138435960387162	0	0.00431266674140067	0	0.00477468073397029	0	0	0.0133691575696075	0.0144551419757075	0.0218504623191211	0	0	0	0	0	0	0	0	0.00259330049848434	0	0	0	0	0	0	0.00680809798910066	0	0	0	0	0	0	0	0	0	0	0	0	0	0.00579573934865218	0	0	0.00494928738640422	0	0	0	0	0	0	0	0	0	0	0	0	0	0	0	0	0	0	0	0	0	0.00566536040023111	0.00456682948994495	0.00286899755918227	0	0.00349050983930419	0.0213498859725164	0	0	0	0	0	0	0	0.003001987132006	0.00325234558845583	0	0	0.00525632055539656	0.00308814841079853	0.0032856022152052	0	0	0.00538937054565749	0.0028325031068142	0	0.00345667207684603	0.00304388749859516	0	0.0113293501342713	0.00461404948171791	0	0	0.0108577173721884	0	0.0115006693074557	0	0.0119216226279378	0.0105439477757061	0	0.0114107893506274	0	0	0	0	0	0	0.0103918316846836	0	0.0106946035827686	0.0105756303223369	0	0	0.0110046032514906	0	0	0	0.00986339452812238	0.00988691823529651	0	0	0	0.00288485944618974	0	0.00420494666003347	0.0108252562302664	0	0	0	0	0.00918679472875559	0	0	0	0	0	0	0	0	0	0	0	0	0	0	0	0	0	0	0	0	0	0	0	0	0	0	0	0	0	0.00357922767874307	0.00239756117052775	0	0	0	0	0	0	0	0	0	0	0	0
ERR12405972	0.0191221827288805	0.0416405036957184	0.016392367962407	0.0127908652187414	0.00865310926200496	0	0.0293178025913507	0	0.0117277137368967	0	0.00805526782574871	0.123922384232239	0	0	0	0.0731763705988472	0.0155557050761755	0	0	0	0	0	0	0	0	0	0	0.026137963922241	0.0488445983719438	0.0110428001962631	0	0	0	0	0	0	0	0	0	0	0	0	0	0	0	0	0	0	0.00798971078619346	0	0	0	0	0	0.0420489822254943	0	0	0.00778829917266239	0.00870717505884474	0	0	0	0	0.0164380960716085	0	0	0	0.0171509987934555	0	0	0	0.0237798378792685	0	0	0	0	0	0	0.0513135725852177	0	0	0	0	0	0	0	0	0	0	0	0	0.0244408138741071	0	0	0.00737130973993403	0	0	0	0.0832004990720383	0	0	0.00575198776117141	0	0	0	0	0.07705419123707	0	0.00600674928177863	0	0.00452632247523925	0	0.0030198789845762	0	0	0	0	0	0.004049411650975	0	0	0	0	0	0	0	0	0.00373608799587077	0.00339853977404692	0	0.0213181804207443	0	0.0122940618643302	0	0	0.00348352991245881	0	0	0	0	0	0	0	0.0170991879805946	0	0.0167347478336807	0	0	0	0	0	0	0	0	0	0	0	0.0130476307644819	0	0	0	0	0	0	0	0	0	0	0	0	0	0	0	0	0	0	0	0	0	0	0	0	0	0	0	0	0	0	0	0	0	0	0	0	0	0.0195875522731447	0.00368990620042534	0	0	0.00933508513272829	0	0	0	0	0	0	0	0	0	0	0	0.00642328881245162	0	0	0	0.00406700265375983	0	0	0	0	0.00331319213918336	0	0	0	0.012527898246416	0	0	0.00658822535222933	0	0	0	0	0	0.00633841057435994	0	0	0	0	0	0	0	0	0	0	0	0
ERR12405973	0.0462365448724606	0.0554894349050709	0.0361803924145456	0.036342181508926	0.0294270375568109	0	0.0188724215516673	0.028317864309736	0.0269915921602839	0.0258265754226573	0.0239481866460562	0.105099971725846	0	0	0	0.0649955997620386	0	0	0.00956843498174519	0	0	0.138171800336317	0	0	0	0.00198010238387932	0	0.0375390304574125	0	0.0238884310425923	0	0	0	0	0.0154555984813846	0	0.00905861512178493	0	0	0	0	0	0.0132727312192787	0.00577656123289852	0	0	0	0.00676417548341934	0	0	0.00716544802827941	0	0.00746803837165763	0	0.0179963918962608	0.00700311365304777	0	0	0.00528620781098737	0.011290133241051	0	0.00482393208955092	0	0.0174577167332753	0	0	0	0.0197767588963493	0	0	0	0.0196340660945653	0	0	0	0	0	0	0	0	0	0	0	0	0	0	0	0	0	0	0	0	0	0	0	0	0	0.015275851328271	0	0	0	0	0	0	0	0	0	0	0	0	0	0	0	0	0	0.00238623611574067	0	0	0	0	0	0	0	0.0133534739564246	0	0	0	0	0	0	0	0	0	0	0.0050531256573366	0	0	0.0031314413985817	0	0	0	0	0	0	0	0	0.00292189354203777	0.00288775532974241	0	0	0	0.00288103994847536	0.00293157186806871	0	0	0	0.00286862590607059	0	0.00400215005224934	0	0	0	0	0	0	0	0	0	0	0	0	0.00549802858055187	0	0	0	0	0	0	0	0	0	0	0	0	0	0	0	0	0	0	0	0.0049115803861812	0.00281047297878407	0	0.00352241537620867	0.00915929125228764	0	0	0	0	0	0	0	0	0	0.00466324186863844	0	0.00444489526977514	0	0	0	0.00205325047580811	0	0.0103880894841023	0	0	0.00236399082539153	0	0	0	0	0	0	0.00268444395469111	0	0	0	0	0	0	0	0	0	0.00652892409196496	0.00340690335163994	0.00276621660913972	0	0	0	0	0	0	0	0	0	0
ERR12405974	0.0786751102681691	0.0454896377150294	0.0162423572439712	0.0127320825585417	0.0122589049696507	0	0	0.014740734401597	0.0174133728739083	0.0112769863115098	0.0105178821488173	0	0	0.0179065046115711	0.029498574544021	0	0.00984184458948544	0.00405333896687868	0	0.035501325764564	0.0201511423369189	0	0.0250203315872897	0	0	0	0	0	0	0	0	0	0	0	0	0	0	0	0.0188560936161179	0	0	0	0.00393561646442855	0	0	0	0	0	0	0	0	0	0	0	0.0168909750277313	0	0.0631395008586991	0	0.00527779934666646	0	0	0.00568420436141139	0	0.00770234751928992	0	0	0	0.00753373378688246	0	0	0	0	0.0503124304516825	0.00715979993447503	0.00496917550882537	0.00503454866195919	0.00508437333444681	0	0	0.00477633457931249	0	0.00460778423518408	0	0.00456730782476723	0.00468121050326958	0.00445559935068621	0.00433209881428362	0.00335227046684169	0.00402451626563955	0	0.00436606298696074	0	0.0041786815236353	0	0.00909202546488519	0.00445325595034481	0.00427439805261215	0	0.00820117390494229	0	0	0	0.0029303674808162	0	0	0	0.00814060188039295	0	0.00732531496601256	0.0137523439622687	0	0.00599998871248824	0	0.00397473852696836	0	0.0103252994603151	0	0	0.0117173486676582	0	0	0	0	0	0	0	0	0	0.0114071712269583	0	0	0	0	0.00668974587230323	0	0	0	0.0064886992410226	0.00343991133414736	0.00863291845693726	0	0	0.00895301509374777	0	0	0	0.00547955989486737	0.00564792497887721	0.00828278812480254	0.011941403412281	0	0.00484683035626274	0.0052484627054681	0	0.00377313673619444	0.00633861377460431	0.00468441992522781	0	0	0.00572268323885503	0	0	0	0	0.00736360607339443	0	0.00499817942572583	0	0.00573410253649142	0	0	0	0	0	0	0	0	0	0.0048302948673193	0	0	0	0	0.0135384004924362	0.00461496079486987	0	0	0	0	0	0	0	0	0	0	0.0163960655004686	0.00336381210017386	0	0.0129222710202223	0	0	0.0130037357641045	0	0.00404481811497089	0	0	0	0	0.0051731021970893	0.0120415056438925	0	0.00520381091638488	0	0.0176237844471867	0.00419221643000461	0	0	0.00440016989354688	0	0.00347186152164457	0	0	0.00754649225738872	0	0.00307610236474467	0	0	0.00319272436251438	0	0.00309657268708974	0	0	0	0	0	0	0.00938644816806031	0.00487540100071813	0.00787565671663703	0.00422923506221281	0.00507603160625979	0.00472190031706614	0	0	0	0
ERR12405975	0	0	0.239051459324932	0.0559057812164576	0.0583932514991075	0	0	0	0.0463726576019641	0.0432533403036678	0.0537615686892152	0	0	0	0	0	0	0	0.0138962955810048	0	0	0	0	0	0	0	0	0.0149950473122449	0	0	0	0	0	0	0.0654742589104842	0.018282592219959	0.0034536520454682	0	0	0.112118878980103	0.0160235643766105	0	0.0472031098477309	0	0	0	0	0	0	0.0150079668025615	0	0	0.00282220421020243	0	0	0	0	0	0.00116223660235175	0.0424973235667986	0.0226093520710462	0	0	0	0	0	0	0	0	0	0.0309385475550155	0	0	0	0	0	0	0	0	0	0	0	0	0	0	0	0	0	0	0.0170537525302061	0	0	0	0.0173937685157159	0	0	0	0	0	0	0	0	0.00127633655528383	0	0	0	0	0	0	0	0	0	0	0	0	0.00646209615861597	0	0	0	0	0	0	0	0	0	0	0	0	0	0	0	0	0	0	0.00139428099398329	0	0	0	0	0	0	0	0.0045521589213739	0	0	0	0	0	0.00488972878409478	0	0	0	0	0	0	0	0	0	0	0	0	0	0	0	0.00452889187529919	0	0	0	0	0	0	0.0101744663189862	0	0	0	0	0	0	0	0	0	0	0	0	0	0	0	0	0	0	0	0.00898809850154188	0	0	0	0.00340208584577134	0	0	0	0	0	0	0	0.00351816243938454	0	0	0	0.00789791271224653	0	0	0	0	0	0.00524517113057072	0	0	0	0	0	0	0	0	0	0	0	0	0	0	0	0	0	0	0	0	0	0	0	0	0	0	0	0	0	0	0	0
ERR12405976	0.0192096581246312	0.0165356137288517	0.0122882958272575	0.00761184115490978	0.00698676337650916	0.00929245081462375	0.0128539352058762	0	0	0	0	0	0.00929668207145373	0	0	0	0	0.0108879847112914	0	0	0	0	0	0.00758959189496826	0.0074306637945343	0	0	0.0196012059351253	0	0	0	0	0	0	0	0	0	0	0	0	0	0.00485925926127554	0	0.00539144124740436	0.00928191857890041	0.0101686377505764	0	0	0	0	0	0.0108235785687274	0	0	0	0	0	0	0.00799028633230436	0	0	0	0	0	0	0	0	0	0	0	0	0.01502787432081	0	0	0.0230729115209098	0.0270117890134067	0	0	0	0.0232664411893523	0	0.0229955166163336	0	0.0212925575634814	0.0229788010379512	0.0218939034581587	0.0213529215734643	0	0.00699443233772342	0	0.0224457511753148	0	0.0213019592620425	0	0	0.0208551458919196	0.0207134615237754	0	0.00847574050987947	0	0	0	0	0	0	0	0.00773072205891661	0	0	0	0.0154276377683047	0	0.00562610345089865	0.0167488927304753	0	0	0	0	0.00862696853654859	0	0	0	0	0	0	0	0	0.0126016150582156	0.00937216609639753	0.0046852044265442	0.00493042168620823	0	0	0	0	0.0101454285623776	0	0.0174262708874216	0	0.00678186011724138	0	0	0	0	0	0	0.013911275799023	0.0159593754940504	0	0	0.0446379510737165	0.0137845425006714	0.0150711582370873	0	0	0	0.013341628834021	0	0	0.0145617993349355	0	0	0.0370253651094441	0	0	0	0.011713676373238	0	0.00750887431818356	0	0	0	0	0.0125574787146076	0.0115461178905732	0	0	0	0.0117045126099078	0	0.0117204099579219	0	0	0	0.0123713403325755	0	0	0	0	0	0	0	0.0109824566525662	0	0	0	0.0153605031308657	0	0	0	0.0109677977989178	0	0	0	0.0110589861320864	0	0	0	0.00572316138028295	0	0	0.0374906262412685	0	0	0.00655789341552269	0	0.00443546177511638	0.00463733066625922	0	0	0	0	0	0	0.0146989354461213	0	0	0	0	0	0	0	0	0	0	0	0.0174972794509977	0	0	0	0	0	0.0052917545767445	0	0	0
ERR12405977	0.083949984523525	0.0510114162634914	0.0190215864759659	0.0149231191674472	0.013270255111207	0.050276322784992	0.00911031773584226	0.0140546364845415	0.0124875535809132	0.0127625680306233	0.0105008913841923	0.00727666203331719	0.0337542233882616	0.0200607764984693	0.0199567262518082	0.0134039104462977	0.0106919420913517	0.00824298575417685	0	0	0.0197220183487299	0	0.0177945010398637	0.00670773123836135	0.00652203886226829	0.00551113143651741	0.0179219484346323	0.00901823723822199	0.0313249164241787	0	0.00490802035831917	0.00455996065706986	0	0.0798400798494721	0	0	0	0.00441697702512045	0.0196155829499869	0	0	0	0.00252967913277061	0	0	0.016425248604849	0.011517428226762	0	0	0	0	0	0	0.00959777259865725	0.00895553496888377	0	0	0	0.0145150850503074	0	0	0.00906795004496252	0.00603915669417466	0.00966705684551101	0.00269798823980655	0.0111210592899429	0.0131495857351195	0.00935765781555207	0	0.0121056365121534	0	0.00497690440139547	0	0.0110821958308007	0	0	0.00883202996910119	0.0131119473641964	0	0	0	0	0	0	0	0	0	0	0.00595718965235024	0	0	0.0222528787860203	0	0	0.0153640222945381	0	0	0.00548958995706455	0	0	0	0	0.00795520365689384	0.00742923129482671	0	0	0	0	0.0135572309827599	0	0	0.0107949529235002	0.0128819800998589	0	0	0	0.00463010266609361	0	0	0	0.0047701913661628	0	0	0.00808187674302554	0	0	0	0	0	0	0	0	0.0132706101653063	0.0125003396267558	0	0	0.0100108489851033	0	0	0	0	0	0	0	0	0	0	0	0	0	0	0	0	0	0	0.0124508115983167	0	0	0	0	0	0	0	0	0	0	0	0	0	0	0	0	0	0	0	0	0.00240312284660103	0	0	0	0	0	0	0	0	0	0	0	0	0	0	0	0	0	0	0	0	0	0	0	0	0	0	0	0	0	0	0	0.00274196686335113	0	0	0	0	0.00223765168159855	0.00269957376928767	0	0	0.00243443636158135	0	0	0	0	0	0	0	0	0	0	0	0	0	0.00932182917302353	0.00163720021127631	0.00175821910059137	0	0	0	0	0	0	0	0	0	0	0	0
ERR12405978	0.142060000613713	0.0864797176188183	0.0112296851366551	0.00957815945383469	0.00675509634473573	0.00403458051141416	0.00260333569394703	0.0096659987088356	0.00711500671039794	0.00665366172890961	0.00740888470988895	0	0.0108358402692623	0.053546212462249	0.0659344951745205	0	0	0.0120926625727825	0	0.054782279131499	0.0423940205225223	0	0.0452954289585494	0.00848759945868718	0.00840126194512228	0.00211428970676354	0.0143276296659359	0.00366704120722775	0.0123335783138579	0	0	0	0	0	0	0	0	0	0.0310132395741311	0	0	0	0	0	0	0	0	0	0	0	0	0.00223853786387986	0	0	0	0	0.08048039710785	0	0.00192170613951005	0	0	0	0	0	0	0	0	0	0	0	0	0.00371132700242398	0.0645705425318961	0	0	0	0	0	0.0115747390224924	0	0	0	0	0	0	0	0	0	0	0	0	0.00637391674662826	0	0	0	0	0	0.0051215421337254	0	0	0	0	0	0	0.00373227874020894	0	0	0.00333904767741669	0	0	0	0	0	0	0	0	0	0.00337664392897906	0.00460768978380799	0.00314963612025701	0	0.00592501431661979	0.00321584762817098	0	0.00333789682505588	0	0.00344538765660588	0	0.00444026715135008	0	0	0.00438591490377439	0	0	0	0.00458859385608339	0	0	0	0.00481382697939678	0	0.00352660047437225	0	0	0	0	0	0	0	0	0	0	0	0	0	0	0	0	0	0	0	0.00314930897677874	0	0	0	0.00305260020954933	0	0.00324551920557775	0	0.00372481867459434	0.00307910107400139	0	0.00331893651591299	0	0	0	0	0	0	0.00315382861210641	0	0.00335863181475213	0.0033715089281864	0	0	0.00340857683109379	0	0	0	0.00306816295237827	0.00327360657644231	0	0	0	0	0.0153086440998466	0	0	0	0	0	0	0	0.01882317059806	0	0.00349758674133823	0	0	0	0	0	0.00444397662358339	0	0.0174958481129303	0	0.002882519688348	0	0	0	0.00209622253994362	0.00284342666863765	0.00271694377117212	0	0	0	0	0	0	0	0	0	0	0	0	0	0	0	0	0	0	0	0	0	0	0	0
ERR12405979	0.030502793636978	0.022782128175871	0	0	0	0.0647305963396647	0.00620499130197527	0	0	0	0	0	0.038546304411597	0	0	0	0.0110494959587278	0	0	0	0	0.031255572110312	0	0	0	0	0	0	0.013584048542321	0	0	0	0	0	0	0	0.120169579268733	0	0	0	0	0	0	0.0100856054713083	0	0	0	0.0890731819017388	0	0	0.0919944683924638	0	0.101662951655003	0	0	0.0950703964239022	0	0	0	0	0	0	0	0	0	0	0	0.00784932874018667	0	0	0	0	0	0	0	0	0	0	0	0	0	0	0	0	0	0	0	0	0.00587494416526444	0	0	0	0	0	0	0	0	0	0.0103389701471326	0.0139834383476162	0.014104132297837	0	0	0	0	0	0.0100409782803444	0	0	0.00800324140970302	0	0	0.063759704560263	0	0.0180742350003038	0	0	0	0.0144723619212626	0	0	0	0	0	0	0	0	0	0.0124652323861481	0	0	0	0	0	0	0	0	0	0.0219235349207509	0.00942344935144802	0	0	0	0	0.010150890846183	0.00963027091302637	0	0	0	0	0	0	0	0	0.00783759065950627	0	0	0.00884552562325987	0	0	0	0	0	0	0	0	0	0	0	0	0	0	0	0	0	0	0	0	0	0	0	0	0	0	0	0	0	0	0	0	0	0	0	0	0	0	0	0	0	0.00734470310252539	0	0	0	0	0	0	0	0	0	0	0	0	0	0	0	0	0	0	0	0	0	0	0	0.00530114740840428	0	0	0	0	0	0	0	0	0	0	0	0	0.0063925417533306	0	0	0	0	0	0.00747166457490693	0	0	0
ERR12405980	0	0	0.0295016747788208	0.0214322910955787	0.0205624352812602	0.00874600043210742	0	0.0183363330881073	0.0198894340605457	0.017243319479283	0.0192802919097918	0.0456341667009577	0.00946616537292372	0	0	0.0285939428513662	0	0	0	0.143036834017227	0	0.0167923615807309	0	0	0	0.00697394202973859	0.0143104128794152	0.00546887429046736	0.00509275369938705	0	0.00594475314294511	0.00611493257893477	0	0	0.012006648388499	0	0	0.00539507733474667	0	0	0	0	0.0150580912735504	0	0.00422316799982797	0.0134722883513339	0	0	0.0091578497436329	0	0	0.00374547025528773	0	0	0.0126527744870141	0	0	0	0.00236261747783651	0.0119905395598281	0	0	0	0.0120270083745214	0	0.0146008900447858	0.0111688311989816	0.0114443656786289	0	0.012625480389925	0	0	0	0	0	0	0.0454144966827111	0.0114373976459226	0	0	0	0	0	0	0	0	0	0	0.00388370947616568	0	0	0	0	0	0.00564208928460768	0	0	0	0	0	0	0	0.00312927717444705	0.0177283050050369	0	0	0	0	0.00412110468074948	0.0514769480011836	0.0041861873627195	0.00994259750248077	0	0	0	0	0.00263595200507031	0	0	0	0.00253164262420234	0	0	0	0	0	0	0.0035700954457164	0	0.00253226368711347	0	0	0	0.00408638570728937	0.00468470485526577	0	0.00799594400509323	0.00659760195956981	0	0	0	0	0	0	0	0	0.00572954342555542	0.00564968044975391	0	0	0	0.00523693610727652	0.00547834875369557	0	0	0	0.00540281049565791	0	0.00398159038792046	0.00587321334983192	0	0.00336424056977494	0	0	0	0.00358291730473811	0.00517952547401424	0.00379193836789412	0	0.00374094670427523	0.00395071236991967	0	0.00386842683399166	0.00504131184836765	0.00508816927657437	0	0	0	0.00529404579719892	0.00316343986197717	0.00523103114054592	0.00371609050894678	0.0040577201938896	0	0.00490470438985119	0.00373389978807275	0.00777059775304004	0	0	0.0037079339595698	0.00355470354084979	0	0.00479035969749299	0	0.00332077632157257	0	0	0.00327358895663741	0	0	0.00461829819112249	0	0.00348329456638708	0	0.00421899848147938	0	0	0	0.00126225364767316	0	0	0	0	0	0	0	0	0	0	0.00245217090379555	0	0	0	0.00140057274845681	0	0	0	0	0	0.0468117199998913	0	0.0170197507739524	0	0.00130501412502178	0	0	0	0	0	0	0	0	0	0	0	0
ERR12405981	0	0	0.114701908606296	0.0475544174020434	0.0468899137745279	0.0309524616422927	0.00394225019435554	0.0354485021046839	0.0401407164645854	0.033985673831084	0.0447908449132153	0	0.0220964640437023	0	0	0	0	0.00443619024933394	0	0	0	0	0	0.00314837562557798	0.0035435565290611	0.00201054985398521	0	0	0.0377929951787291	0	0	0	0	0	0.0203053507031461	0	0	0	0.0994838075265825	0	0	0	0.0175354546711911	0	0	0	0	0	0	0	0	0	0	0	0	0	0.0140721056086384	0	0.00953789547899555	0.0158849939801385	0	0	0	0	0	0	0	0	0.00585223347647509	0	0	0.0308493700393614	0.0105795633195543	0	0	0	0	0	0	0	0	0	0	0	0	0	0	0.0182681640549461	0.00243265420224838	0	0	0.0175365253493927	0	0	0.0166329548689166	0	0	0	0	0	0	0	0.00289679330204993	0	0	0.0126165278869421	0	0	0	0	0	0	0	0	0	0	0.00218541720867551	0	0.00247705744870958	0	0	0	0	0	0	0.0124398376308116	0	0	0	0	0.00371723020224187	0	0.00206262706458938	0	0.00205712785145867	0	0	0	0	0	0	0	0	0.00298622599466921	0	0	0	0	0	0	0.00383851118895283	0	0	0	0	0	0	0	0	0	0	0	0.0033271211614994	0	0	0.00288166519449572	0	0.00295609029833109	0	0.0029291313119212	0.00281843702511157	0	0.00286679946916495	0	0	0	0	0	0	0	0	0	0	0	0	0	0	0	0	0	0	0	0	0.00437600320385623	0	0	0	0	0	0	0	0	0	0	0	0	0	0	0.00302867951721914	0	0	0.0042365652082743	0	0	0	0	0	0.00229901968949479	0	0	0	0	0	0	0.0089261811163678	0	0	0	0	0.0469400431291705	0.0998552841812375	0	0	0.00205635956351077	0	0	0.0099237191155986	0	0.00289565134258484	0	0	0	0	0	0	0
ERR12405982	0.0793473944092035	0.0536251452824754	0.013553679125007	0	0	0.019385642393136	0.120609371275039	0	0	0	0	0	0.0294645451005995	0	0	0	0.0288157830331965	0.0143712759192811	0	0.0628742673763452	0	0.061888995985162	0	0.00970167340510016	0.0103085939647808	0.00490682175211144	0	0	0.0163381415151619	0	0.00437912727250573	0.00407988561706621	0	0	0	0	0.00780365406457117	0.00382797310772867	0	0	0	0	0	0	0	0.00987770191664021	0	0	0.0769073786125677	0	0	0	0	0	0	0	0.0200467200437396	0	0.00289179402679732	0	0	0.00548308219259386	0.00298330627931489	0	0	0	0	0	0	0	0	0.00808997035958537	0.0158798162860627	0	0	0	0	0	0	0	0	0	0	0	0	0	0	0.0306833767915668	0.00843871940766813	0	0	0.00778581724571188	0	0	0	0	0	0	0.00479393361160392	0	0	0	0	0	0.00693492936426379	0.0207626659827366	0.00477710802905919	0.0067644395301612	0	0	0.00566501927094331	0	0	0	0	0.0068154361739812	0	0.00671741182115158	0	0.00649045264802934	0	0.00890292856228243	0.00672646102542259	0	0.00590817992486589	0.0209227119952208	0.00612851922091614	0.00374999826056782	0	0.00603155811347371	0	0.00697969921519611	0	0	0.00563852044353812	0.0120275026509662	0	0	0	0	0	0	0.00575686501119821	0	0	0	0	0	0.0061324841880637	0	0	0	0	0.0166736573985407	0	0	0	0	0.00442583782525677	0	0	0	0	0.00514323805904682	0.00497742370423898	0	0	0	0	0	0	0	0	0	0	0.0071575986040269	0	0	0	0	0	0	0.00390762197955869	0	0	0	0	0	0	0	0	0	0	0	0.00381681084989025	0	0	0	0	0	0	0	0	0	0.00422228678636048	0	0	0	0	0	0	0	0	0	0	0	0	0	0	0	0	0	0	0	0	0	0	0	0	0	0	0	0.00471506683065005	0.0108286192122026	0	0	0	0.00745165261215123	0	0.00609978275462396	0.00615541982378151	0.00635058555258761	0.00909791920272159	0	0	0
ERR12405983	0.106344420572248	0.0660831499216713	0.0174304759877503	0.0126061075047848	0.0105266122397251	0.00414578865917819	0.00772694965835293	0.0109023140206237	0.00914543279958323	0.00683808431037576	0.00906733403655842	0.0146813687833075	0.0111118826038775	0.0166416917982479	0.0241171009725939	0.018555272753416	0.0135715156318235	0	0	0.0981701295758169	0.0112658274988675	0	0.0133250277986159	0	0	0	0	0.00658418504609564	0.0303642660472477	0.0121769138757727	0	0	0	0.0049215436589025	0.00975976562437995	0	0	0	0.0213084212614842	0	0	0	0.00647288566887771	0.0612567501827581	0.00589454277895797	0.00815271492792619	0	0	0	0	0	0	0	0	0	0	0.00393641402681897	0	0.00233667688327393	0	0	0.0252060155438213	0	0	0	0.00836234772728981	0.00911547863357666	0	0	0.00722077382375248	0	0.0017734244874374	0.00311502943002562	0.0243542282725104	0	0	0	0	0.00568449541926862	0	0.00381194529407457	0	0	0	0	0	0	0	0	0	0	0.0132251542088101	0	0	0	0	0	0	0	0.0030151661651786	0.0237649977946461	0	0	0	0.00855601922024729	0	0	0.00844812596736495	0.0138604301251691	0	0	0.0163695275837865	0	0	0.00274882480294832	0.00302240746088104	0	0.0081795474358484	0.00924492379302014	0.00873220277892477	0	0.00851698015741784	0.00816319274947499	0	0.00725053283064284	0	0.00756073876645919	0	0.00844331591084227	0	0.00560479634757914	0.00841014031861142	0	0	0	0.00403868610556393	0	0	0	0.00667769511927365	0.00548332031873821	0.0110755076736791	0	0.00460938239056748	0.00249613657413645	0	0	0	0.00244918062638681	0	0	0	0	0	0	0	0	0	0	0	0	0	0	0.00665017548643347	0	0	0	0	0	0	0	0.00389531546841928	0	0	0	0	0	0.00658573911091643	0	0	0	0	0	0	0	0	0	0	0	0	0	0.00378557447839145	0	0	0	0	0.00192514137402749	0	0	0	0	0	0	0	0	0.00248659171867915	0	0.00297904677920372	0	0	0	0	0	0	0	0	0	0	0	0.00336719442124534	0	0	0	0	0	0	0	0.00747529247455464	0	0.00683768972026026	0	0	0	0	0	0	0	0	0	0	0	0	0	0	0	0
ERR12405984	0.0117371350136883	0.00999302033084892	0.0174761180983119	0.0155980919385117	0.0149776734622508	0.0118434237587983	0.350873735840127	0.0130933902987026	0.0125968371031652	0.0132030791444019	0.0115469597757822	0	0.0242938232877886	0	0	0	0.00666292862558536	0	0	0	0	0	0	0	0	0	0	0.0194626939658654	0.00865008669194219	0.108830959384194	0	0	0	0	0.00250824715694829	0	0.0421254297766234	0	0	0	0	0.0215369050395618	0	0	0.0591630417248011	0	0	0.0141504683886439	0.0312445806396069	0	0.0153004973087672	0.00527591534770691	0.0157397029098303	0	0	0	0	0.0276742329549108	0.0130047346699255	0	0	0	0	0	0	0	0	0	0	0	0	0.00448067884695541	0	0	0	0	0	0	0	0	0	0	0	0	0	0	0	0	0.00318569896074715	0	0	0	0	0	0	0	0	0	0.00253162255410253	0.00587760870852178	0	0.0201453122389508	0	0	0	0	0.00243076845792822	0	0	0	0	0	0	0	0.00517421055918786	0	0	0	0	0	0	0	0	0	0	0	0	0	0	0	0	0	0	0	0	0	0	0	0	0	0	0	0	0	0.00473142694537714	0	0	0	0	0	0	0	0	0.00353820106402189	0	0	0	0	0	0	0	0	0	0	0	0	0	0	0.00326901679993125	0	0	0	0	0	0	0.00450670459373235	0	0	0	0	0	0	0	0	0	0	0	0	0	0	0	0	0	0	0.00256921048031887	0.00612788998308074	0	0	0	0	0	0	0	0	0	0	0	0	0	0	0	0	0.00276820999603376	0.0050171925649459	0	0	0	0	0	0	0	0	0	0	0	0.00376696199120654	0	0	0	0.00312779853835332	0.0017924419877558	0	0	0.00308036936160292	0	0	0	0.00378545041814183	0	0.00317500647604808	0.00305145532087709	0.00330305051488871	0	0	0	0
ERR12405985	0	0	0.0487278678378183	0.0254044626864891	0.0267947286742011	0.0288367751970344	0.00421603794932863	0.0211102799758125	0.021013651912617	0.0209100014175465	0.0230167181452986	0	0.0173802472456688	0	0	0	0.0165563543223789	0	0	0	0	0.0617492062387868	0	0	0	0.00187399786673538	0.0458716061027413	0.0038626037829114	0	0.00553483592815512	0	0.00157197195734816	0	0	0	0	0	0	0	0	0	0	0	0	0	0.0269851987454713	0.00615195163980629	0	0.0262206650036826	0	0	0	0	0	0.0134690749263328	0	0	0.0222764153403576	0	0	0	0.00632689854327955	0	0	0	0.0134314544305476	0.0179106905709076	0	0.00412835894351961	0.0211835489499376	0	0.00925789497915542	0	0.00711964117088484	0.00609876926764588	0.00235052922881411	0.0112871786046957	0.0182843250916351	0	0	0	0	0	0	0	0	0	0	0.00366687485126684	0	0	0	0	0	0.010635743667497	0	0	0	0	0.00335189689103122	0	0.0170447521555517	0	0.0126798942315989	0.00179587141814279	0	0	0.00180961904930143	0.00935285483061583	0	0	0.00749599528924304	0	0	0.00294778940089986	0	0	0	0	0.00170318621744514	0	0	0.00176488091090079	0	0	0	0	0	0	0	0	0	0	0.00829368963101515	0.00314844747630333	0	0	0.0177066425818837	0	0	0	0	0	0	0.00228626510579064	0	0.0111763089751753	0.014005956510504	0	0	0.0102989829126482	0.0116448770797881	0.0129092043652677	0	0	0.00821229904744943	0.00975536339586757	0	0.00252269822542734	0.0138742544785081	0	0.0039380090834143	0.00837113068669309	0	0	0.00434985480046271	0.0111364382769874	0.00451003302417121	0	0.00488942333810373	0.00406952535765118	0	0.0046363962214085	0.00937940716570299	0.00882501742046467	0	0	0	0.00941518276267277	0.00417840156646015	0.0099944240616603	0.00416940177178577	0.00421226287713697	0	0.0105972643202999	0.0110892553360043	0	0.0053981728984319	0.0018430716316733	0.00403150437976816	0.00399501210848885	0	0.00840188934128719	0	0.00210084292537648	0	0.00168795829251842	0.00424344918697223	0	0	0.0094945941019915	0	0	0	0	0	0	0	0	0	0	0	0	0	0	0.0022885224619326	0	0	0	0	0.0020835731300447	0.00188340541299992	0	0	0	0	0	0	0	0	0.0378534403450621	0	0	0.00125806638967485	0	0	0	0.00240730674183049	0	0.00219113348877614	0.00205012446761822	0.00202821324780427	0	0	0	0
ERR12405986	0.260157956318279	0.14965706896658	0	0	0	0	0.14297910426867	0	0	0	0	0	0	0	0	0	0	0	0	0	0	0	0	0	0	0	0.0236848287503827	0	0	0.0460920337985087	0	0	0	0	0	0	0	0	0	0	0	0.0523740308719585	0	0	0	0.0158379224324885	0	0	0.0117335738976045	0	0	0	0	0	0	0	0	0.0127485856298525	0.00590996717997372	0	0	0	0	0.0220031016962376	0	0	0.02536396557754	0	0	0.0324218530271801	0	0.0165354288606826	0	0	0	0	0	0	0	0	0	0	0	0	0	0	0	0	0.030467872180887	0	0	0	0	0	0	0	0	0.0432919194869697	0	0	0	0.00924722296680989	0	0	0	0	0	0	0	0	0	0	0	0	0	0.00565949681995182	0	0	0	0	0	0	0	0.0269333738793661	0	0	0	0	0	0	0.00938305061375154	0	0	0	0	0.00559039741339648	0	0	0	0	0	0	0	0.00777959147560253	0	0	0	0	0.00440501214410192	0	0	0	0	0	0	0	0	0	0	0	0	0	0	0	0	0	0	0	0	0	0	0	0	0	0	0	0	0	0	0	0	0	0	0	0	0	0	0.0236417397087416	0	0	0	0	0	0	0	0	0	0	0	0	0	0	0	0	0	0	0	0	0	0	0	0	0	0	0	0	0	0	0.00312627693833968	0	0	0	0	0	0	0	0	0	0	0	0	0	0	0.0129746250961428	0	0	0	0	0	0	0	0	0	0	0	0
ERR12405987	0.0193464466108022	0.037812438880654	0.0386939634231149	0.0271567348344369	0.026300785757401	0.0331979500809073	0.00950997098440865	0.021880497363789	0.0270551147193472	0.0213742167709609	0.025586218389503	0.126846516756302	0.0227571589380075	0	0	0.0690169927385316	0.0524937395869881	0	0	0	0	0	0	0	0	0	0.0173885047156218	0.00322113480090798	0.00941443111771543	0.0143408767592692	0	0	0.00403004672479823	0.0224656615272841	0.00374550210279389	0	0	0	0	0	0	0	0	0	0	0.0178742114229342	0	0	0.0167357362953733	0	0	0	0	0	0.0125382843314817	0	0	0.0614534892116764	0	0	0	0	0	0	0	0.0160379667002577	0.0121549636335679	0	0	0.0179895278567664	0	0.00316570482648044	0	0	0	0	0.0162249141874344	0.012351623977329	0	0	0	0	0	0	0	0	0	0.00320485607011326	0.00473202861585396	0	0	0	0	0	0.00656527549415546	0	0	0	0	0	0	0	0	0.0179782964675825	0	0	0	0	0.00504662100968604	0.0265239164946587	0	0	0.0374715007830473	0	0	0.00807396253544579	0	0	0	0	0	0	0	0	0	0	0	0	0	0	0	0	0	0	0	0	0.00642412653250997	0	0	0	0	0	0.00615464329754186	0	0	0	0	0	0.00675876967677197	0	0	0	0	0	0	0	0	0	0	0	0	0	0	0	0.00615659721828841	0	0	0	0	0	0	0	0	0	0	0	0	0	0	0	0	0	0	0	0	0	0	0	0	0	0	0	0	0.00468373540065426	0	0	0	0	0	0	0	0	0	0	0	0	0	0	0	0	0	0	0	0	0	0	0	0	0	0	0	0	0	0	0	0	0	0	0	0.00743730280334367	0.0326270415734999	0	0	0	0	0	0	0	0	0	0	0	0	0	0	0
ERR12405988	0.0462571172155745	0.0334836844082165	0.0279092265238514	0.0250893169077789	0.0236479951472221	0.0166929183769403	0	0.0234765139724566	0.0196319403624996	0.0227911007777462	0.0180951918683723	0.00917475443138972	0.0106685735043902	0.0138878151132748	0.0104261699204387	0.0118543082711628	0.0171459715181308	0	0.0421022759974495	0	0.0134124316011	0	0.0100530409477139	0	0	0	0	0.011935266280128	0.013023488229967	0	0	0	0	0.00914108679925371	0	0	0	0	0.0140002168071494	0.00907800007909262	0.019329665154407	0	0	0.0074173605793218	0	0	0	0	0	0.0103646000368937	0	0	0	0	0	0	0	0	0.00690781839741319	0	0.021722047305456	0	0.00941186529572611	0	0.00322939203358794	0	0	0	0	0	0.00613627895929405	0.00442312018314958	0	0	0	0	0	0	0	0	0	0	0	0	0	0	0	0	0.00862346354084918	0.0087618038745159	0	0.00648229774724627	0	0.00864420203858596	0	0	0	0	0.12681364522948	0	0	0	0	0	0	0	0.112321441863979	0	0	0	0.0255272189667014	0	0.0325130128589395	0	0	0	0	0	0	0	0	0	0	0	0	0	0	0.0210421621954574	0	0	0	0	0.0100267390459985	0	0	0	0.0104528354954546	0	0	0	0	0.00551486627070933	0	0	0	0	0	0	0	0.00860279971274784	0	0	0	0	0	0	0	0	0	0	0	0	0	0	0	0	0	0	0.00486236296120012	0	0	0	0	0	0	0	0	0	0	0	0	0	0	0.00778004112614078	0	0	0	0	0	0	0	0	0	0	0	0	0	0	0.00743741338411294	0	0	0.0071274229334517	0	0	0	0.00339638419346456	0	0	0.00234345952078792	0.00689775212597498	0	0	0	0	0	0	0	0	0	0	0	0	0	0	0	0	0	0	0.00332407995310568	0	0	0.0174076971644007	0	0	0	0	0	0	0.0121763447901471	0	0	0	0	0	0	0
ERR12405989	0.165885841550125	0.087916386562527	0.0200581051626175	0.0105631072855369	0.0101657613934809	0.0377571543256172	0	0	0.0100894663610588	0	0	0.0110493625894164	0.0206549873824048	0.0249329505260067	0.00918176394578343	0.0198335828414764	0.0175956543844721	0	0	0	0.0131498018110424	0	0.0146168197272232	0	0	0	0	0.0105694469009617	0.0244086654738586	0	0	0	0	0	0.0350419492078292	0	0	0	0	0	0	0.022312050422168	0.0271167700671422	0.0309372290140786	0.00745565132527516	0	0	0	0.0244793795565469	0	0	0.00754475768480052	0	0	0	0	0	0.0266816536205922	0.00312513653360898	0.0223172440998788	0	0.0151689836611652	0	0	0	0.0135925992890926	0	0	0	0	0	0	0	0.0129745874051032	0	0	0	0	0	0	0	0	0	0	0	0	0	0	0.00402869706243687	0	0	0.0111315405472792	0	0	0	0	0	0	0	0.00929966201898267	0.012672027219363	0.0203698948074138	0	0	0	0	0	0	0	0	0	0	0	0	0.00803025680228814	0	0	0	0	0	0	0	0	0	0	0	0	0	0	0	0	0	0	0	0.00346250503492697	0	0	0	0	0	0	0	0	0	0.00654769549033953	0	0	0	0	0	0	0	0	0	0	0	0	0	0.00279231203128117	0	0	0.00756938256460571	0	0	0	0.00817800368937279	0	0.0079174316041552	0	0.0083459317691925	0.00828435033691436	0	0.00813702389923731	0	0	0	0	0	0	0.00694111031960443	0	0.00956818381010821	0.00834239480199418	0	0	0.00793893173353878	0	0	0	0.00912328420006377	0.00811568712223823	0	0	0	0	0	0	0.00745523116656353	0	0	0	0	0.00750651078271152	0	0	0	0	0	0	0	0	0	0.00384719104426021	0	0	0	0	0	0.00320252115171057	0	0	0	0	0	0	0	0	0	0	0.0440153888785262	0	0	0	0	0	0	0	0	0	0	0	0	0	0	0	0
ERR12405990	0.130280327304345	0.0949460432337321	0	0	0	0	0	0	0	0	0	0.0356881561490918	0	0.0318119054080278	0.0414678801737816	0.0279528546389875	0	0	0	0.0215742422183408	0.0406991449927581	0	0.020107524989211	0	0	0	0.0237059950869419	0	0	0.0372721668205821	0	0	0	0	0.00473488968181514	0	0	0	0	0	0	0	0.0132707036173694	0	0	0	0	0	0.00918604335511875	0	0	0	0	0	0	0	0	0.00929855602818489	0.0059844271959234	0	0	0	0	0	0	0	0.0140948802195057	0	0	0.0118960928674392	0	0.00197222351389256	0	0	0.00278492161910062	0.00260609755091571	0	0	0	0.00265016086710141	0	0.00245935384201259	0	0.00270620894298104	0.00248644974259539	0.00244199182663037	0.00229083566204391	0	0.00398040339248239	0	0.0023308576477191	0	0.00223694462909267	0	0.00475477825295926	0	0	0	0	0.0114754539167298	0	0.00721989460036632	0.00252534137966021	0	0.00772560981971717	0	0	0.00737940442386017	0.00500815227245856	0	0	0.0109715721633508	0.0403269924281545	0	0.0100510453840762	0	0.0020853729941709	0.00708231473785822	0	0.00707882246052294	0.00193754445392818	0.00775531141840255	0.00719670409749802	0	0.00694716425054267	0	0.00638561091336164	0	0	0	0	0.00725072205799933	0	0.00485185956012273	0.00704276309500146	0	0	0	0	0	0	0	0	0	0.00717000447057127	0	0	0	0	0	0	0	0	0	0	0	0	0	0.00597405010570721	0	0	0.0019263599727049	0	0.00552744512163552	0	0.00213414772265152	0	0.00227099527906945	0	0.00238090294929475	0.00207558847664602	0	0.00225435879117879	0	0	0	0	0.00565361013722506	0	0.00196155317829926	0	0.00218119602442801	0.00218652359354873	0	0	0.00209815858496563	0	0	0.00759996046916641	0	0	0	0	0	0.00444965971858884	0	0	0	0	0	0	0	0	0.00407056756471012	0	0.00487661201528096	0	0	0	0	0.00405635031293586	0.00245722975730845	0	0	0	0.00278296604538451	0	0	0	0	0.00281031288274128	0.00296679738350695	0	0	0	0	0	0.00217817441704755	0	0	0.115255069448402	0	0	0	0	0	0	0.00917083202889198	0	0.00402947720421061	0.00385522752981033	0.00392780084502727	0	0	0	0.00174735007059498
ERR12405991	0.0208136600271303	0.024350344444234	0.0707010921209016	0.0662952326403315	0.0644182477646699	0.0088134321299999	0.0106184040183566	0.0555546203440323	0.0553166276820669	0.052311262433117	0.0491685056159338	0.0197052947268835	0.00958657873828187	0.0162518976825487	0.00999482953080595	0.0183733600234075	0.0205699081199488	0	0	0.0225445373837047	0.00900237977743738	0.084671972258744	0.00897121723295742	0	0	0	0	0	0.00232674117426901	0	0	0	0	0.0234208942369009	0	0	0	0	0.0102860161219348	0.007318778645917	0	0	0	0.00458062154178702	0.0047853970176865	0	0.00514483047181446	0	0.00324043046417937	0	0	0.00343904391563598	0	0.00421069493769729	0	0	0	0.00232786934947748	0.00718215262128994	0	0	0.00477855413919278	0.00230863806698194	0	0	0	0	0	0	0	0.00473597001933059	0.0053190456132115	0	0.00319140072264099	0	0	0	0	0.0181706349119738	0	0	0	0	0	0	0	0	0.00838580018528831	0.00385980272479707	0	0	0	0	0	0.00340002672876175	0	0	0	0	0	0.00233890838208469	0.00352116117557401	0	0	0	0.00561059046800276	0	0	0.00256953739792992	0.00340013902689955	0	0.00254993140585562	0.00303846264340355	0	0	0	0	0	0	0	0	0	0	0	0	0.00587281783463113	0	0	0	0.00147543170905319	0.00271886574956703	0	0	0.00231233136503566	0	0	0	0	0.00393862188670742	0	0	0.00386697912601439	0	0.00218143877445849	0	0	0	0	0	0.0113262119461197	0	0	0	0.007829003729348	0.00298342225686836	0.00217044848463913	0	0	0	0	0	0	0	0	0	0	0	0	0.00446612986614775	0	0	0	0	0	0	0.0115388911890614	0	0	0	0	0	0	0	0.0106356887401321	0	0	0	0	0	0	0	0	0	0	0	0	0.0079413614949911	0	0.00999860281818636	0	0	0.0104921961054951	0	0	0	0	0	0	0	0.0100154067884194	0	0	0	0	0	0	0.00346769389328996	0	0	0	0	0	0.00618796086432016	0	0	0	0	0	0	0	0.0157407459980742	0	0	0.00763364812630486	0	0	0.00173062244712304	0	0	0	0	0	0	0	0	0
ERR12405992	0.0231541165634015	0.0189783440547548	0	0	0	0	0.140591289719943	0	0	0	0	0	0	0	0	0	0.0320320307601092	0	0	0	0	0	0	0	0	0	0.0385015266236969	0.0266316465969949	0	0	0	0	0	0	0	0	0	0	0	0	0	0	0	0	0.0620054269171826	0	0	0	0.0408717760050196	0	0	0.0873979564350309	0	0	0.0500842863125877	0	0	0.0923810577501995	0.0165258981627363	0	0	0	0.00347379813985023	0.0668175700311793	0.00475464724696974	0	0	0.042825059130495	0	0.0304127033631323	0	0.00325131451243275	0	0	0.005564664481218	0.00501491055735524	0	0	0	0.00492192730477797	0.0271685845769939	0.00553637166523179	0	0.00507931360638612	0.00493014377396094	0.00485546170874782	0.0047226622100749	0.0262417257198686	0.00324716603238916	0	0.00500123439779961	0	0.00450333531814657	0	0.00567289057099351	0	0	0	0	0	0	0.0363908230094707	0	0	0	0.0372937889379068	0	0	0	0	0	0	0	0	0	0	0	0	0	0	0	0	0	0	0	0.0196534732181046	0	0	0	0	0	0	0	0	0	0	0	0.00618809843065603	0	0	0	0	0	0	0	0	0	0	0	0	0	0	0	0	0	0	0	0	0	0	0	0	0	0	0	0	0	0	0	0	0	0	0	0	0	0	0	0	0	0	0	0	0	0	0	0	0	0	0	0	0	0	0	0	0	0	0	0	0	0	0	0	0	0	0	0	0	0	0.00240164555666697	0	0	0	0	0	0	0	0	0	0	0	0	0	0	0	0	0	0	0	0.004921330597535	0	0	0	0	0	0	0	0	0	0	0	0	0	0	0	0	0
ERR12405993	0.168796937541818	0.0980151089028971	0.0473558029318458	0.0278538052465046	0.0265430003004904	0.0558557867114699	0.008515426384835	0.0248199420290769	0.0221274359941274	0.0221979206092511	0.027627522815569	0	0.0350718162283502	0	0	0	0.0321125725161472	0.0083084085149812	0	0	0	0.00188008799666281	0	0.00608410987344446	0.00625195415112135	0.00219512739624116	0.0122401560626854	0	0	0	0	0	0	0	0.00733667682793178	0	0	0	0.0480815090018238	0	0	0	0.0103066833520491	0	0	0.0105646788457147	0.01295309540491	0	0	0	0	0	0	0.0110585236912493	0.0251264735577604	0	0.0213812744015296	0.00399944353790599	0.00249660490334954	0.00659140689555299	0	0	0	0.0193451419842347	0	0.0145159666671163	0.0125770217212135	0.0174122870458896	0	0.0094537414765073	0	0.00667756870554508	0.0159075832195688	0	0	0	0.00945413057744533	0.00962614756970959	0	0	0	0	0	0	0	0	0	0	0.00345449587468462	0	0	0.011735343590757	0	0	0	0	0	0.0209737550242726	0	0.00262550718702704	0	0	0.0022575477842795	0.0136796602536751	0	0	0	0	0	0.00418343555899829	0	0.00274754640615886	0	0	0	0	0	0	0	0	0	0	0	0.0121256481929915	0	0	0	0	0	0	0.00371329247622202	0	0	0	0	0.00537951613170579	0	0	0	0	0	0	0	0.00320750680519716	0	0	0	0	0	0	0	0	0	0	0	0	0	0	0	0	0	0	0	0	0	0	0	0	0	0	0	0	0	0	0	0	0	0	0	0	0	0	0	0	0	0	0	0	0	0	0	0	0	0	0	0	0	0	0	0	0	0	0	0	0	0	0	0	0	0	0	0	0	0	0	0	0	0	0	0	0	0	0	0	0	0	0	0.00191962559354128	0	0	0	0	0	0	0.00327823752596285	0	0	0	0	0	0	0	0	0	0	0
ERR12405994	0.0393202571391126	0.0264730458431612	0.0184856045804334	0.0119549492539161	0.011563414954533	0.0378399751418022	0.0240022301956775	0.0101175197385172	0.0102996492228367	0.00954216660288883	0.0107151244793431	0.0115656824151291	0.0242727633525621	0	0	0.00933855586962115	0.0163209333816023	0	0.167012942753447	0	0	0	0	0	0	0	0	0.0120510046680109	0	0	0	0	0	0	0	0	0	0	0	0.0177874630191961	0.0716637640453453	0	0	0.00422038471656652	0	0.00883724337170807	0.00917321780289963	0	0.0131133207043797	0.0440968467706155	0	0	0	0.0082950955318645	0	0	0.0114588301871424	0	0	0	0.0843198377873962	0	0	0	0	0	0	0	0	0	0.020394966492356	0.006180341227881	0.00857463019273451	0	0	0	0	0	0.0045144627552806	0	0	0	0	0	0	0	0	0	0.00736087485427574	0.0326142880150339	0	0.018653131325214	0	0.030651570895618	0	0	0	0	0	0	0	0	0	0	0	0	0	0	0	0	0	0	0	0	0	0.00586490923535007	0	0	0	0	0	0	0	0	0	0	0	0	0	0	0	0	0	0	0	0	0	0	0	0	0	0	0.00452420926043799	0	0	0	0	0	0.00471000054333624	0.0103790610566231	0	0	0	0	0	0	0	0	0	0	0	0	0	0	0.00413691266835417	0	0	0	0	0	0	0	0	0	0	0	0	0	0	0	0	0	0	0.00842944103650642	0	0	0	0	0	0	0	0	0	0	0	0	0.00280319218641737	0	0.00833272245174229	0	0	0.00921154414805289	0	0	0	0.00624295435110523	0	0	0	0.00906094709780173	0	0.00885997915727514	0	0	0	0	0	0	0	0	0	0.00332855381854265	0.0170124780830642	0	0.00387781766011154	0.00691230693011387	0	0	0	0	0	0.0167830864199891	0	0.0167437946070738	0	0	0	0	0	0	0	0	0	0	0	0
ERR12405995	0.0507707409049666	0.0356190633817133	0.0304475193598416	0.0274479303364354	0.0312983272742972	0	0.0285328311113269	0.0262720439670794	0.0233421531307863	0.0240298722925886	0.0231287767208614	0	0	0	0	0	0	0	0	0	0	0.164319140692825	0	0	0	0	0	0	0	0.0671581452769869	0	0	0	0	0.00637158861746505	0	0	0	0	0	0	0	0.00489905869290275	0	0	0.00378062521407995	0	0	0	0	0	0	0	0	0	0	0	0	0.0098475029086505	0.00448809841391614	0	0.0122611361887522	0.00158055735506504	0	0.00211793802067253	0	0	0	0	0	0	0	0	0.014245918392521	0.00967870578259787	0.00969318481839496	0	0	0	0.00954382073564208	0	0.00935632446421887	0	0.00897594399796408	0.011510667026689	0.0090463669033348	0.00914360551482546	0.00832595374047779	0	0	0.00873909283835797	0	0.0112356182220346	0	0.0201617360338944	0.00883698034471135	0.00916688591163267	0	0	0	0	0	0	0	0.00369688184167649	0.00512001516590903	0	0.00333912474538609	0.0185425618233667	0	0	0.0146821225150086	0	0.00737201217297822	0	0	0	0.00356613619018561	0.00781886143486249	0.00320983217235755	0	0.00405714070829069	0.00317172564781704	0	0.0031218828352946	0.00468023234882419	0.00310730118832446	0	0.00677684506611688	0	0	0.00328798829204793	0	0.017082588216098	0	0.00260514048134569	0	0	0.00457568112537218	0.010949917028688	0.00370408797070052	0	0	0	0	0	0	0	0	0.0457476486130642	0.00351584869166674	0	0	0	0	0.016123275495013	0	0	0	0	0	0	0.00297944996889066	0.00289343870744927	0	0	0.0029514591351775	0	0.0039272343547871	0	0	0	0	0	0	0	0	0	0	0	0	0	0	0.00676722185660188	0.00279870934976725	0	0	0	0	0	0	0	0	0	0	0	0	0	0	0	0	0.00636690188442086	0	0.00482232356641703	0.00505226584631359	0	0	0	0	0.00697581179942713	0	0	0	0	0	0	0	0	0	0	0	0	0.00546328459651449	0	0	0	0	0.00224783592027634	0	0.00526025333250347	0	0	0	0	0	0	0	0	0.00626510332254914	0	0	0	0	0	0	0
ERR12405996	0	0	0	0	0	0	0.0191913091950711	0	0	0	0	0.0705598369267755	0	0.0188170936394649	0.059938380395617	0.0389599059047858	0	0	0	0	0.0175673856465381	0	0.0161957675056043	0	0	0	0	0.0179702916442959	0	0	0	0	0.0069941268175578	0	0	0	0	0	0	0	0	0	0	0	0.0286920768689369	0	0	0	0.103096118086796	0	0	0.0463553678655978	0	0	0	0	0	0.0303562279695427	0	0	0	0.00583167206451942	0.00347410516419815	0	0.00206956554593101	0	0	0	0	0	0	0.0113957200746383	0	0.00615963069755667	0	0	0	0	0	0	0.0181252126039188	0	0.0121910477558141	0	0	0	0	0.00815410351117217	0.0169256183667368	0	0	0	0	0	0.00918520420377517	0	0	0	0	0.00717537181003385	0	0.0251833350735573	0.00410628621549143	0	0.0101312671243073	0.00578534973821763	0	0.00923658366208906	0.00843171058906534	0	0	0.00624918127008405	0	0	0.00670568499094118	0.00496705482588625	0.00336940820833168	0.00899345637421012	0	0.00894706955476731	0.00312350267506741	0.00858513212043773	0.00938151741512814	0	0.00832487347621078	0.00552884133091614	0.00805951710700412	0	0	0	0	0.008928736792697	0	0.00740290259272186	0	0	0	0	0	0	0	0	0.00354044880976567	0	0.00613985408363292	0	0	0	0.00419175328012481	0	0	0	0	0.015963813722084	0.0166294017284567	0.00748484931182303	0	0	0	0	0	0.0116453374282572	0	0	0.00340270550063671	0.0057493560901054	0	0.00535370765942062	0.00386539425419836	0.00560690341029439	0.00525185805108672	0.0212839656370522	0.005644889562103	0	0	0.0198467709530481	0	0	0	0.00648517167176306	0	0.00558273478587656	0.00548924836005175	0	0	0.00505926018929648	0	0	0	0.00550991879339598	0.00517417620354047	0.0176706426532109	0	0	0	0	0	0.00534652344072772	0	0	0	0	0	0.00369099132544522	0	0	0	0.0156217599944134	0.00306029224301341	0	0	0.0104396964549874	0.012007607310633	0	0.00336535338388517	0	0	0.00296681940413354	0	0	0	0	0	0	0.00592742766418595	0	0	0	0	0	0	0	0	0.00241523211738731	0	0	0.00349595715534208	0	0.0022676259646105	0	0	0	0	0	0	0
ERR12405997	0.0136831139963026	0.0118889197135309	0.0138935128142267	0.00672869328564056	0.00657699996253159	0.0286405238644217	0	0.0066127660120711	0.00568579284692961	0.00531032528557026	0.00660264740554089	0	0.0240792980105231	0	0	0	0	0.00298793290792681	0	0	0	0.0342455779431833	0	0	0.00293532564613821	0.00523618840952663	0.0134323108285305	0.00917624275528975	0.00912374077578654	0	0.00451597564254907	0.00441274678056712	0	0	0	0	0	0.00426324256857114	0	0	0	0	0	0.00310015874784442	0	0	0.0170264801655813	0	0	0	0	0	0	0.014813620279287	0	0	0.00524066443718253	0	0	0	0	0	0	0	0	0	0	0	0	0	0	0.0113663012858031	0.00477318703937577	0	0.0150351083234705	0.0131354717145461	0	0	0.00352936986011195	0.0123339669232391	0	0.0114175603076377	0	0.0127612654447092	0.011540091825468	0.0124249632167433	0.0125488153696766	0	0.00449087465883138	0	0.0113220035988576	0	0.0106540693883893	0	0	0.0101308771307105	0.0103262218760733	0	0.0170018915545475	0	0	0	0	0	0.020068056608042	0	0.0160241613904385	0.021169629060374	0	0	0	0	0.0100126772127015	0.00918809272520495	0	0	0	0.0184515819520014	0.0101728177147716	0.0190429399913028	0	0.0178962565037871	0.0193928194284618	0	0.0182315104092558	0	0.0189400081838545	0	0.00937781705545268	0	0	0.0174985464411664	0	0	0	0.00617700640312333	0	0	0	0.0110062956260943	0.0333577374901234	0	0	0	0	0	0	0	0	0.00920479108586443	0	0	0	0	0	0	0	0	0	0	0	0.00504678209543485	0	0.0156010609371118	0	0.00549972848871803	0	0.00574640559224551	0	0.0130897027174803	0.00503623087068504	0	0.00628918692160346	0	0	0	0	0.0150783133413848	0	0.00521683319126557	0	0.00548247147603741	0.00549218874934046	0.00842081289641033	0	0.00554821913969699	0	0	0	0.00505105010997433	0.00501873956295764	0	0	0.00674653857464423	0	0	0	0.0048501819689117	0.00794139464412902	0	0	0.00859390024684524	0	0	0	0	0.00343740636493324	0	0	0.00789059795267544	0	0.011903440249201	0	0	0	0	0	0	0	0	0	0	0.00716143370271106	0	0.0114016512207747	0	0	0	0	0.00427804214023918	0	0	0	0.0129945172473146	0.00263824611887589	0	0	0.0083107431394777	0	0.007942036051953	0.00775008223373893	0.0076486996575233	0.00935418862468212	0.0134296501196324	0.0138919377659261	0
ERR12405998	0.0432043811079068	0.0317074978953194	0.0096421891996808	0	0.00896173829965531	0.222231973419914	0.0152742092377445	0	0	0	0	0	0.121480014302802	0	0	0	0.0261486966717534	0	0	0.016624033850919	0	0	0	0	0	0	0	0.0117858998853705	0.010103693962368	0	0	0	0.0218604434745187	0.0122488153642476	0	0	0	0	0	0.0065718904471545	0	0	0	0	0.0184049441972309	0	0.0339222873560923	0	0	0	0	0.00837438449792527	0	0.0324545904467998	0	0	0	0	0.00789613198079006	0	0	0	0.0072643835381141	0	0	0	0	0	0	0	0.00902529867513859	0.00792443698173849	0	0	0	0	0	0	0	0	0	0	0	0	0	0	0	0	0.0106026443165219	0	0	0	0	0	0.0116363705991954	0	0	0.00854965845794807	0.00918576515173452	0.0220282252101428	0	0	0.00905793096168963	0	0	0	0.00877198144291832	0	0.0111809055121864	0	0.00470903394597445	0.0114920757189363	0	0	0.0183537391013682	0	0.00655059841800833	0	0	0	0.00681554952581487	0	0	0	0	0	0	0	0	0	0	0	0.0721591622240225	0.0118598991608537	0	0	0	0	0.00606750696786262	0	0	0	0	0	0.0144680243748354	0	0	0	0	0	0	0	0	0.0121114290602225	0	0.0121265034728166	0	0	0	0	0	0	0	0	0	0	0	0	0	0	0	0	0	0	0	0.0170077572677876	0	0	0	0	0	0	0	0	0	0	0	0	0	0	0	0	0	0	0	0	0	0	0	0	0	0	0	0	0	0	0	0	0.00446458168180388	0	0	0	0	0	0.0065950260236443	0	0	0.00375289765928086	0	0.00838952602707235	0	0	0	0	0	0	0.00895127292417443	0	0	0	0	0	0	0	0	0	0	0	0	0	0	0	0	0	0	0
ERR12405999	0	0	0.0453984827886971	0.0314023541112244	0.029664419277673	0.0308886910761628	0.0939959105074589	0.0250825854299039	0.0276746666633948	0.0244606297813191	0.0269633123997052	0.0802502563003139	0.0321446871387659	0	0	0.045533788213592	0.0293870567599658	0	0	0.00797339455896867	0	0.0564735557172527	0	0	0	0	0.0207403699647136	0.00231051701206937	0	0.0305783366307794	0	0	0.0039349400067085	0.00632292773717892	0.0128675585194869	0.0434373673939477	0	0	0	0	0	0	0.0127243539547195	0	0.0316138740883364	0.0140785770426563	0	0	0	0	0	0.0117960552126007	0	0	0.0739557992438556	0	0	0	0	0.00969809391947141	0	0	0	0.0277989877834991	0	0	0.0129667999060474	0.0292240032318575	0	0.0133215848972105	0	0.00204717961498118	0	0	0	0	0	0	0	0	0	0	0	0	0	0	0	0	0.00333710926072596	0	0	0	0	0	0.00311670058429791	0	0	0	0	0	0	0	0	0	0	0	0	0	0.00242298716950466	0	0	0	0	0	0	0.00277743066743143	0	0	0	0	0	0	0	0	0	0	0	0	0	0	0.00242427632040592	0	0	0	0	0	0	0	0.012170550637216	0	0	0.00755041404741476	0	0.00192832391911089	0	0	0	0	0	0	0	0	0	0	0	0	0	0	0	0	0	0	0	0	0	0	0	0	0	0	0	0	0	0	0	0	0	0	0	0	0	0	0	0	0	0	0	0	0	0	0	0	0	0.00581466264904676	0	0.00308610761431162	0	0	0	0	0	0	0	0	0	0	0	0	0	0	0	0	0	0.00312373007238149	0	0	0	0	0	0	0	0	0.00396344807908508	0	0	0	0	0	0	0.00157314209454897	0	0	0	0	0	0	0	0	0	0	0	0	0	0	0	0
ERR12406000	0.0188695430049074	0.0137331106240097	0.00746812542271411	0.00605609394296785	0.00540113819153001	0.01727371362873	0.00333330315207081	0.00589070018003107	0.0053445078224208	0.00456710325442664	0.00535923097354477	0.00657936252796412	0.0119833327228363	0	0.0104239238085009	0.00534487733133378	0.00408598439543816	0	0.0240291604737635	0.00686647591682363	0	0	0	0	0	0	0	0.0244686967496827	0.00578854812208281	0	0	0	0	0.00632982036058225	0	0	0	0	0	0.1571678600677	0.0411713321257133	0	0	0.00898995564682465	0.00874138807329659	0	0	0	0	0.0351859803066128	0	0.00631523774876924	0.00987872933054701	0	0	0	0	0	0.00250919064946491	0	0	0.00475089206020913	0	0	0	0	0	0	0	0	0.0923223764617409	0.00415710567796228	0	0.00540211928873787	0.0045311457209	0.00459373331532623	0	0	0	0.00441327002070419	0	0.00422948662442115	0	0.00429018745584781	0.00571890452508756	0.00427282477481932	0.00434454446030906	0.0127366868170249	0.00525277157150234	0.056857416301808	0.00427566472829436	0	0.00531745856586892	0.0613476465375204	0	0.00405669347193681	0.00635227788521752	0	0.0514304631941665	0	0	0.00418898743828072	0	0	0	0.00883113393439879	0.0484843409670637	0	0	0.00436841853326512	0.00402380721251367	0	0	0	0	0.00346802764402201	0	0	0	0	0	0	0	0	0.00655523331349919	0.00874147055051468	0	0.003367984231354	0	0	0	0	0	0	0	0	0	0	0	0	0	0	0	0	0	0	0	0	0.00277109786585158	0	0	0	0	0.00927674984780694	0.00230849752009524	0	0	0	0	0	0	0	0	0	0	0	0	0	0.00354979638728742	0	0	0	0	0	0	0.0136178623177378	0	0	0	0	0	0	0	0	0	0	0	0	0	0	0	0	0	0	0	0	0	0	0	0	0	0	0	0	0	0	0	0	0.00532596997730303	0	0	0.00515985892650717	0	0	0.00373404693108722	0.00200804249352993	0.00209865707741051	0.00316022949285061	0	0	0	0	0	0	0	0	0	0	0	0	0	0.00966482945846212	0	0.00263851072536211	0	0	0.0228463511391016	0	0	0	0	0	0	0	0	0
ERR12406001	0.0253157456592894	0.0230920655248998	0.0356719449056138	0.028812345513955	0.0283276083419617	0.0692028393051232	0	0.026665005432322	0.0240676895224363	0.0238393464875572	0.0232315838798971	0	0.0518589085364328	0	0	0	0.0328132441232609	0	0	0	0	0.0967101625542383	0	0	0	0	0.0192740691287909	0	0	0	0	0	0	0	0	0	0	0	0	0.00270191057776991	0	0	0	0	0	0.00741529714852369	0.0234531351006379	0	0.00462492128426333	0	0	0	0	0.0221833208265747	0.00965266830481566	0	0.0189200997899201	0.00981027260728031	0	0	0	0	0	0.0138453834035292	0.00234660526754434	0.00599504693484015	0.00630425905513205	0.0099697062819544	0	0.00789125116427203	0	0	0.0159400162539654	0	0.0158202890285164	0.0155133930123023	0	0.00654387004527946	0	0.0141701909169069	0	0.0144408120791299	0	0.0133024719586384	0.0183895481480596	0.0139079040029358	0.0144519282814419	0	0	0	0.0131073151504567	0	0.0132927370293134	0	0	0.0124413416832405	0.0122792991052886	0	0	0	0	0	0	0	0.00621635584142613	0	0	0.00613509489193023	0	0	0	0	0	0.0104303954916436	0	0	0	0.00628312019668173	0	0.00598532020514234	0	0.00657490893659249	0.0070676918565835	0	0.00626286870118214	0	0.00589927950038072	0	0	0	0	0.00566156420645564	0	0	0	0	0	0	0	0	0.0045705373724661	0.00435852778060466	0	0	0	0	0	0	0	0	0.00771632815629335	0	0	0	0	0	0	0	0	0	0	0.00317539197002196	0.006436238208515	0.00497735211497291	0	0.00329288153301933	0	0.00326845052684761	0	0.00338634797703644	0.00396800527793572	0	0.00325758794726747	0	0	0	0	0.00466767724780059	0	0.00284294488543031	0	0.00347412681778069	0.00349218577621247	0	0	0.0031514189585172	0	0	0	0.00442440564372494	0.00304894387717128	0	0	0	0	0	0.0016034833937382	0.00294771271704915	0	0	0	0	0.00285435024311557	0.00370003751314994	0	0	0	0	0	0	0	0	0	0	0	0	0	0	0.00127091087499919	0	0	0	0	0	0	0	0	0	0	0	0	0	0	0	0	0	0	0	0	0	0	0	0	0	0	0
ERR12406002	0.0351995319401847	0.0223618593920399	0.0549527382522337	0.0513178964282172	0.0716349884806976	0.029009188709481	0.0358614120758022	0.0476006381626702	0.0388082149489143	0.0474070558398276	0.0363647785965973	0	0.0190846730369332	0	0.0031297573526382	0	0.00559467783324235	0	0	0	0	0	0	0	0	0	0	0	0.00457019471907992	0.0121283032733898	0	0	0	0.00621320011661214	0.00988494414531433	0.333399349726258	0	0	0	0	0	0	0.00844713409612865	0	0	0	0	0	0	0	0	0	0	0	0.0104972386597958	0	0.00854468173439747	0	0	0.00928560120821576	0	0.00504109798975266	0	0.00969161690915395	0	0	0	0.0134396603201248	0	0	0	0	0.00635098088515551	0	0	0	0	0	0	0	0	0	0	0	0	0	0	0.00571106554846057	0	0	0	0	0	0	0.00439938910447858	0	0	0	0	0	0	0	0	0	0	0.00436089993447649	0	0	0	0	0	0	0	0	0	0	0	0	0	0	0	0	0	0	0	0.00441545999831668	0	0	0	0	0	0	0	0	0	0	0	0	0	0	0	0	0	0	0	0.0105678471536128	0	0	0	0	0.00765398510513391	0	0	0	0	0	0	0.0078186840829926	0	0	0	0	0.00720244623734991	0	0	0	0	0	0	0	0	0	0	0	0	0	0	0	0	0	0	0	0	0	0	0	0	0	0	0	0	0	0	0	0	0	0	0	0	0.00557763196442075	0	0	0	0	0	0	0	0	0	0	0	0	0	0	0	0	0	0	0	0	0	0	0	0	0.00420703565676843	0	0	0	0	0	0	0	0	0	0	0	0	0	0.00226414038113116	0	0	0	0	0	0	0
ERR12406003	0.00393991469353297	0.0112074615699997	0.0214847152111727	0.0126614434397268	0.0125235475691863	0.0545146852113363	0.072146647233273	0.0115384950081518	0.0103678107904811	0.00965523028577571	0.0117111215568056	0.0149846546025147	0.0414173030354894	0	0	0.00864013428848792	0	0.00833289616815096	0	0	0	0.0709678483667655	0	0.00556966707203677	0.00685182943762194	0.00781169193473937	0	0.00517462294417756	0.00707393321168563	0	0.006947616766222	0.00659384074471028	0	0	0	0	0.0383460482514468	0.00621770100069719	0	0	0	0	0	0.0206264814432347	0.0217545782492789	0	0	0.0469972607295342	0.00979609560624539	0	0.0382192757675623	0.00584600767600196	0.0347810060839034	0	0	0.0364076655541514	0	0	0.00376708673613538	0	0	0.00735052653000689	0	0.00507098618797421	0	0	0	0	0	0	0	0.0127340756010031	0	0	0.00616414376214008	0.00572305194438703	0	0	0.011650518751707	0.00518503956097126	0	0.00494817701274324	0	0.00531925582553438	0.00502557394021441	0.00542030494446633	0.00497949073639084	0.00426705277702568	0.00800910595087498	0	0.0051908052583265	0	0.00473671349291893	0	0	0.0045801034125536	0.00490237091649409	0	0.00717827913117133	0.0048152498177499	0	0	0	0	0	0	0.00649729629683483	0	0	0	0	0	0	0.00457645897705827	0.00411814040198694	0	0	0	0.00571342942303605	0	0	0	0	0	0	0	0	0	0.00480346762931734	0	0	0	0	0	0	0	0	0	0	0.00386489755790584	0	0	0	0	0	0	0	0	0	0	0	0	0	0.0281998271736036	0	0	0	0	0	0	0	0	0	0	0	0	0	0	0.00349594013242803	0	0	0	0	0	0	0.0346936862574431	0	0	0	0	0	0	0	0.00250109579098325	0	0	0	0	0	0	0	0	0	0	0	0.0171670490330765	0	0	0	0	0	0	0	0	0	0	0	0	0	0	0	0	0	0.0197439903885685	0	0	0	0	0	0	0	0	0	0.00324731485332005	0	0	0	0	0	0	0.0194598988632255	0	0	0.00682714274809682	0	0	0.0217997349064045	0	0.00516348577182151	0	0	0	0	0	0	0
ERR12406004	0.102568735530925	0.073220448987852	0	0	0	0	0	0	0	0	0	0	0	0	0	0	0	0	0	0.0653319391108104	0	0	0	0	0	0	0	0	0	0	0	0	0	0.215332867185898	0.0694126672993182	0	0	0	0	0	0	0	0.052440248946302	0	0	0	0	0	0.00799007034661635	0	0	0	0	0	0.0765522432260893	0	0	0.00838510814559367	0	0.0474700412982209	0	0	0	0.0304998541065666	0	0	0	0.0311616182995174	0	0	0	0	0	0	0.00419362024389214	0.00510915788275914	0	0	0	0	0	0	0	0	0	0	0	0	0	0	0	0	0	0	0	0	0	0	0	0	0	0.0062200327503978	0	0	0.00477701792993094	0	0	0.00500619899484418	0	0.0134515375434309	0	0	0	0	0	0	0	0.00459161021050958	0	0.00448991943441447	0	0.00698816992592517	0.00464762158067543	0	0.00457348117096368	0	0	0	0	0	0	0	0	0	0	0	0	0	0	0	0	0	0	0	0	0.0128962987338924	0	0	0	0	0	0	0	0.0289204176452314	0.0141853271915752	0	0	0.0113201032121389	0	0	0	0	0	0.00468724808328036	0	0	0	0	0	0	0	0	0	0	0	0.0114107153609577	0	0	0	0	0	0	0	0	0	0	0	0	0	0	0	0	0	0.0151291009688064	0	0	0	0	0	0.00906251641173017	0	0	0	0	0	0	0	0	0	0	0	0	0	0	0	0	0	0	0	0	0	0	0	0	0	0	0	0	0	0.0255234139852918	0	0	0	0	0	0	0.0224506482556426	0	0	0	0	0	0	0	0	0
ERR12406005	0.0521234597120611	0.0371766605572144	0.0384750092586395	0.0363488812030483	0.0355840788543664	0	0	0.0337893354097509	0.0308361792638078	0.0314640035826185	0.0265911425633132	0	0	0	0	0	0.0280238743739193	0	0	0	0	0	0	0	0	0	0	0.0193843253569255	0	0	0	0	0	0	0	0	0	0	0	0.14862951104012	0.0363759557655487	0.0110941669907116	0	0	0	0.0123086905112441	0	0	0	0	0	0	0	0	0.0114822106541665	0	0	0	0	0	0	0	0	0.0135642838631823	0	0.0160409167443431	0	0	0	0	0.0930332185423889	0	0	0	0	0	0.0135118853011297	0	0	0	0	0	0	0	0	0	0	0	0.00447765731015958	0.0386298647318936	0	0	0	0.0416267264951701	0	0	0	0	0	0	0	0	0	0.0143918697608511	0	0	0	0	0	0	0	0	0.0741294638829981	0	0	0	0	0	0.00472015762501805	0	0	0	0	0	0	0	0	0	0	0	0	0	0	0	0	0.033632719942409	0	0	0.00665818840792085	0	0	0	0	0	0	0	0	0	0	0	0	0	0	0	0	0	0	0	0	0	0	0	0	0	0	0	0	0	0	0	0	0	0	0	0	0	0	0	0	0	0	0	0	0	0	0	0	0	0	0	0	0	0	0	0	0	0	0	0	0	0	0	0	0	0	0	0	0	0	0	0	0.00493540231390002	0	0	0	0.00848149871184991	0	0	0	0	0.00896505831085065	0.00719809332132078	0	0.00489658611350542	0	0	0	0.0137100283674015	0	0.00770889515625127	0	0	0	0	0	0	0	0	0	0	0	0	0	0	0	0
ERR12406006	0	0	0.0305800978289363	0.0175381462806856	0.0163563408918353	0.0567509283073025	0.153234411373221	0	0.0144731405669813	0.0124749521096796	0.0133739689866508	0.0644261531447048	0.0550272021576315	0	0	0.0370238673653042	0	0	0	0	0	0	0	0	0	0.00283189088729679	0	0.0156244125724682	0	0	0	0	0.0592340683173895	0	0	0	0	0	0	0	0	0.00994674483317968	0	0.0114282075420889	0.0550800518025011	0.0323384431019488	0.0128099856648133	0	0	0	0	0.0201002866936186	0	0.0109567237472716	0	0	0	0	0.0215679892118545	0	0	0.0063816445367305	0.0042469260743352	0	0.00809012998951591	0	0	0	0	0	0	0.023352631192929	0	0.00868339697563033	0	0	0	0.0224122295052309	0	0	0.00769739394202597	0	0	0	0	0	0	0.0191465108023227	0.0072409367027352	0	0	0	0	0	0	0	0	0	0	0	0	0	0.00502659291670734	0	0	0.0115594912039727	0	0	0	0	0	0	0	0	0	0	0.0042689776926817	0	0	0	0.00427088455435213	0	0	0	0	0.011184233014147	0	0	0	0	0	0	0	0	0.0179095194343177	0	0	0	0	0	0	0	0	0	0	0	0	0	0	0	0	0	0	0.0172143482274808	0	0	0	0	0.0142895676618669	0	0	0	0	0	0	0	0	0	0	0	0	0	0	0	0	0.024923648945196	0	0	0	0	0	0	0	0	0	0	0	0	0.00903080803943486	0	0	0	0	0	0.011824527736092	0	0	0	0	0	0	0	0	0.00356604484396249	0	0	0	0	0.00547932049493093	0	0	0	0	0	0.00470212211284877	0	0	0.00429728535956509	0	0	0	0	0	0	0	0	0	0	0.00236596472845606	0	0	0	0.00419034472652603	0.00558273031947059	0	0	0	0	0	0	0	0	0	0.00391058147795923	0.00397319340121217	0
ERR12406007	0.0277401639861878	0.0345161536362758	0.0202135538025862	0.0204289238318454	0.0123351616779434	0.0304033049571011	0.00567679171310035	0.0133073288627646	0.0117508112639079	0.00897879537914828	0.0112772175929834	0.0689254364667849	0.0260629960985267	0.11747195574973	0.0713791571852112	0.0422285040576772	0	0	0	0	0.0677474730348684	0	0.0674166823522184	0	0	0	0.0300578829087383	0.00843217253407233	0	0	0	0	0	0	0.0108749221870745	0	0	0	0.0114101044630346	0.0013876840557309	0	0.00412782348324071	0.00983075292622125	0.0278034426667577	0	0.00973816534360185	0.00702881695841746	0	0.00273766536873075	0	0	0	0	0.00698603878220008	0.00824511134240899	0	0	0	0.00706009048822766	0.00674983880633043	0	0.012608114275462	0.00466616472528372	0.00866792214683467	0.00123838296756359	0	0.011236578881467	0.00798290411224417	0	0.0104720603926004	0	0	0	0.0156102792896296	0.00157867343736738	0	0	0.00881164575869909	0	0	0	0	0	0	0	0	0	0	0.00310634511663386	0	0	0	0	0	0	0	0	0	0	0	0.0128536827844466	0	0.00287800110652155	0	0	0	0	0	0	0	0.00197324493579693	0	0	0	0	0	0.00242502204370512	0	0.00329905017548059	0	0.00227464206487758	0	0	0	0	0	0	0.00159644472584065	0.003428324331707	0.0022617393184347	0	0	0	0	0.00901550435973276	0.00172377045009421	0	0	0	0.00291628938516832	0	0	0	0	0	0	0	0	0	0	0	0	0	0	0	0	0	0	0.00779585918655194	0	0	0	0	0	0	0	0	0	0	0	0	0	0	0	0	0	0	0	0	0	0	0	0	0	0	0	0	0.0252444754254402	0	0	0	0	0	0	0.00590868688934285	0	0	0	0	0	0	0	0	0	0	0	0	0	0	0	0	0	0	0	0	0	0.00139813172632175	0	0	0.00405437666258362	0.0126427593605194	0	0	0	0	0	0	0	0	0	0	0	0	0	0	0	0	0	0	0	0	0	0	0	0	0
ERR12406008	0.0533458896099988	0.0330265528917066	0.0308088366642511	0.0205411685380626	0.0196108159388928	0.0595800822174667	0.00537132271219783	0.0186417440871772	0.0185195456269732	0.0163135581394273	0.018965438333245	0	0.036848380857041	0	0	0	0.0223029337737432	0	0	0.0527203249469465	0	0	0	0	0	0.00887273706297431	0.0108990322241181	0.0249279344142001	0	0	0.00784275475313922	0.0075971690019038	0	0	0	0	0	0.00735534642003226	0	0	0	0	0	0.00296124012945143	0.00660535854941459	0.0148202897736989	0	0	0.00738098795715266	0	0	0	0	0	0	0	0.015204966547372	0	0.00250415229172489	0	0	0.00379861336619123	0	0	0	0	0.00673855004788373	0	0	0.00651067936706116	0	0	0.0128430547643746	0	0	0	0	0.00723142520596138	0	0	0	0	0	0	0	0	0	0	0.00565649368677432	0	0	0	0	0	0.00306746800606015	0	0	0	0	0.00331989510990094	0	0	0	0	0.0170006076583967	0.00377080308713259	0	0.0163043988553631	0	0	0	0	0	0	0.00296761083948268	0	0	0.0158655296924478	0.010880074165466	0.0151700103335323	0	0.0148070610557633	0.0160062101505356	0	0.0141933471062648	0	0.013695837004186	0	0.00987699175955718	0	0	0.0145283992418567	0	0	0	0.0359841883795593	0	0	0	0.0161643421429561	0.037771534695444	0	0	0	0	0	0	0	0	0.0229918216141171	0	0	0	0	0	0	0	0	0	0	0	0.00579305417868669	0	0.0122012088874342	0	0.00629429896181614	0	0.00652230204922757	0	0.00643142030473863	0.00636027283316467	0	0.00672790502359962	0	0	0	0	0.0130774061231778	0	0.00592171080320165	0	0.00639716276625911	0.00605658274164533	0	0	0.00591034586055061	0	0	0.00299491159579182	0.00596020251850672	0.00565418385287635	0	0	0	0	0	0	0.00543173258213339	0	0	0	0	0.0110170269523587	0.00979328960214475	0	0	0	0	0	0	0	0	0	0	0	0.0035705866799337	0	0	0	0	0.00318939746857854	0.00328154273105828	0	0	0	0.0024212519258701	0	0.00269772902491324	0	0.00252175155432809	0	0	0	0	0	0	0	0	0	0	0	0	0	0	0	0.00305921217942333
ERR12406009	0.0813323712234234	0.0507124157319774	0.0427813135921178	0.0229653586043426	0.0227323177973846	0	0	0.0226171134183643	0.0209580372890606	0.0183260238293882	0.0235674045311009	0	0	0	0	0	0	0	0	0	0	0	0	0	0	0.00375212065959799	0	0	0	0.0033809219656757	0.00321699771421855	0.00322289742482275	0	0	0.0179484064123451	0	0	0.00296553594285297	0	0	0	0	0.0138729747548145	0	0	0	0	0	0	0	0	0	0	0	0	0	0	0	0	0.0132312116103437	0	0.00768194299044856	0	0	0	0	0	0	0	0	0	0	0	0.00911348709382262	0	0	0	0	0.00398380271630291	0	0	0	0	0	0	0	0	0	0	0	0	0	0	0	0.0141284905048458	0	0	0.0230745242786374	0	0	0	0	0	0	0	0	0	0	0.0119536157267632	0	0	0.00921823273266755	0	0	0	0	0	0	0	0	0	0	0	0.0357994374839959	0	0	0	0	0	0	0	0	0	0.0110647310865371	0.00454010493702206	0	0	0	0	0	0.245127594221492	0	0	0	0	0	0	0	0	0	0	0	0	0	0	0.0101171055915816	0	0	0.00360112607638881	0	0	0	0	0	0	0	0	0	0	0	0	0	0	0	0	0	0.0220972974546307	0	0	0	0	0	0	0	0	0	0	0	0	0	0	0	0	0	0.00297357487483052	0	0	0	0	0	0	0	0	0	0	0	0	0	0	0	0	0	0	0	0	0	0	0	0	0	0	0	0	0	0	0	0	0	0	0.217941509728202	0	0	0	0	0	0	0	0	0	0	0	0	0	0	0	0
ERR12406010	0.111075654613721	0.0790912045187663	0.031662073008234	0.0226971354223451	0.022179213906497	0.0365443551784473	0.00979016938433155	0.0240099677320972	0.019515442461417	0.0180778486891332	0.0188088277820808	0	0.0259970997128952	0.0159997792399582	0.00637131489933789	0	0.0622301191621704	0	0	0	0	0	0.014281064794423	0	0	0	0	0	0.00698477285125318	0	0	0	0	0	0	0	0	0	0	0	0	0.0159947323266816	0.00577364419234148	0	0.00740537982493023	0.00731996582549126	0	0	0	0	0	0.00797821093377233	0	0.00940009408380281	0	0	0.0106696940099993	0.00748277188424079	0.00917074014644208	0	0	0.00679090086729404	0	0	0.00717956284983962	0	0	0	0	0	0	0.0110200766119933	0.00827771282795191	0.00792759734792536	0.0105490180005777	0.00990626814752676	0	0	0	0.00974783085484045	0	0.00918306236921258	0	0.00965763866808898	0.00934919920487386	0.00950767199011814	0.00911359302391988	0.00902548425107867	0.00891596537519459	0	0.00881853054625951	0	0.00860123166571386	0	0.0132627750333134	0.00806812630982182	0.00851987375315306	0.00358770331364396	0	0	0	0	0.00327376415837877	0	0	0.00655893062290384	0	0	0.00852334801344183	0	0	0.00708632084378269	0	0.0111079655678324	0	0	0.00278197696668208	0	0	0	0	0	0	0	0	0.00617002505182686	0	0	0	0	0	0	0	0.00793867690537949	0.00590475490379496	0	0	0	0.034491568823465	0	0.00726825090909276	0.0222673267027534	0	0	0	0	0	0	0	0	0	0	0	0	0	0.00762002084707106	0	0	0.00471048728591088	0	0	0	0	0	0	0	0	0	0	0	0	0	0	0	0	0	0	0	0	0	0	0	0	0	0	0	0	0	0	0	0	0	0	0	0.00398261485772677	0.0231946971295565	0.0042560563539384	0	0	0	0	0	0	0.00253822651968304	0	0.0029474209877882	0	0	0.00571688273797389	0	0	0.00341210891141045	0	0	0.0066924121575152	0	0	0.00508487889878578	0	0	0	0	0	0	0	0	0	0	0	0	0	0	0	0.00263956572581752	0	0	0	0	0	0	0	0	0	0.0048670001511164	0.00544361836922019	0
ERR12406011	0.0897133233188933	0.056609505406222	0.0200409355236816	0.0127075610041947	0.012392262300248	0.0704394478759592	0	0.0137353757514405	0.0107228982362266	0.0100280000686735	0.00981428014355073	0.0115265414904479	0.0409174077279497	0.0523904958290276	0.0738141887879151	0.0131035747087309	0.00768828911410556	0	0	0.0726482178380894	0.0490868946111534	0	0.0397649380524193	0	0	0	0	0.0134344498964238	0.0131076571406906	0	0	0	0	0.0025874891040385	0.00836744885026494	0	0	0	0.019108540075892	0	0	0	0.0117130151087219	0	0.0089873604958476	0	0.0160217493015123	0	0.00536710763950032	0	0	0.0125617962357183	0	0.0151658066392962	0	0	0	0	0.00271720204671594	0.0070489129507422	0	0.00288431499906629	0.00190067803279238	0	0	0	0	0	0	0	0	0.00250424785940571	0	0	0.00308873138481443	0	0.0128690138300273	0	0	0	0.0077163820856302	0	0	0	0	0	0	0	0.00633918937383941	0	0	0.00651133403316662	0	0	0	0	0	0	0.00214788958006761	0	0	0	0	0	0.00512936565096896	0	0.00201509480707319	0.00462753898489372	0	0	0	0	0	0	0	0	0	0.00508494012108831	0.00595073724510189	0.00398336369401537	0	0.00703523691399249	0.00453985741374519	0	0.00430206426523188	0	0.00437632429578244	0	0.00610012479621978	0	0	0.00558623702682723	0.00528359482766592	0	0.00180145027727147	0.00669819132388185	0	0	0	0.00531069996405912	0	0	0	0	0	0	0	0	0	0.0205933439825114	0	0	0	0	0	0	0	0	0	0	0	0	0	0.00310478780885771	0	0	0	0	0	0	0	0	0	0	0	0	0	0.00301662987146999	0	0	0	0	0	0.00571310200071959	0	0	0	0	0	0	0	0	0	0	0	0	0.00637861678388027	0	0.00523858401546272	0	0	0.0052439951698434	0	0	0	0.00243048629647563	0	0	0	0.00565970859693072	0	0	0	0	0	0	0	0	0	0	0	0	0	0.00234988017187809	0	0	0	0	0	0	0.0102216292494619	0	0	0	0	0	0	0	0	0	0	0	0.00292995999158626	0	0	0
ERR12406012	0	0	0.0151694032851141	0.0159771321636047	0.016081334496878	0.0404783144421711	0.0548152024935667	0.028680632334506	0.0111439882758962	0.0153399757407981	0	0.0240221049403931	0.0406236360962518	0	0	0.0168310024015117	0	0	0	0	0	0	0	0	0	0	0	0.0196066548591371	0.0221210447210127	0	0	0	0	0	0	0	0.0261482643430344	0	0	0	0	0.0127611689768389	0	0	0.0404981506695035	0	0.0160311369830211	0.0282916136605407	0.0192626148620982	0	0.0230726587876441	0.0417323752085487	0.0227708744981069	0.0162652996156925	0	0.0225876801064491	0	0.00843433898877084	0	0	0	0	0	0	0	0	0	0	0	0	0	0.00539047348424296	0	0	0	0	0	0	0	0	0.012790472187002	0	0	0	0	0	0	0	0.00367085417119771	0	0	0.00879424574074232	0	0	0	0	0	0	0.0353818398616965	0	0	0	0	0	0	0	0.031976898025947	0	0	0	0	0	0	0	0	0	0	0	0.0158490418504688	0	0	0	0	0.00491210537703888	0	0	0	0	0.0145865361517572	0	0.00707025549887355	0	0	0	0.00422011725065686	0.0560249021481867	0	0	0	0.0104631841317446	0	0	0	0.00570218336616885	0	0	0	0	0	0	0	0	0	0.0229839837171358	0.00537842657829022	0	0	0	0.00349425364027488	0	0	0.00481021236629738	0	0	0	0.00468219161230017	0	0.00468390429197808	0	0.00505285336758524	0.00464715488710801	0	0.00488274686623975	0	0	0.033096089939655	0	0	0	0.00476915696934883	0	0.00523334987746386	0.00462959030484984	0	0	0.00463369781766944	0	0.011046922604546	0	0.00470030371360848	0.00455513337569761	0	0	0.0113393450287995	0.00275991503838112	0	0	0.00440879982901954	0	0	0	0	0.00430019605458931	0	0.00228551866796631	0	0	0	0	0	0	0.00562064475136629	0	0	0	0	0	0	0	0	0	0	0	0	0	0	0	0	0	0	0	0	0	0.0173464396361049	0	0	0	0	0	0	0	0	0	0	0	0.00307945686691033
ERR12406013	0.0168312912323439	0.0258818373050671	0.0237775302009313	0.0160937870615873	0.017350291147913	0.0300648500005035	0	0.0173351243909496	0.0141523877361727	0.0145174911795027	0.0128737433083511	0.0512267254276048	0.0225412362632253	0	0	0.0306564880730685	0.0103093838284897	0	0	0	0	0.0046483802127318	0	0	0	0	0	0.0266580287857882	0	0	0	0	0	0.036343034188084	0.0070810473571217	0	0.0490667340488018	0	0	0	0	0	0.00603459383179777	0	0.00845523702781497	0	0	0.0543370354719713	0	0	0.0440068599124241	0.00404772157740493	0.043569661959882	0	0.0194149678078109	0.0427085588113254	0	0	0.00229131869539692	0.0050358244699916	0	0.00770501745054397	0	0.0094102999275127	0	0.00618867787169496	0	0.00919198532580667	0	0	0	0.00376744648534073	0	0.00861256897599151	0.0034767041405464	0.00333773983515862	0	0	0	0.00360009737729268	0	0.00320866792637624	0	0.00326601245821297	0.00302906229230542	0.00313114928142714	0.00292782722915437	0.00268514270870489	0.00481483396595876	0	0.00341529739235347	0.00848993466478559	0.00282746433980973	0	0.0134395847020302	0	0	0	0.0175563676691991	0	0	0	0	0	0	0	0.0164578935515709	0	0.0110137913396726	0	0	0.00871855337868683	0	0.00385014904417198	0	0.00264189992901522	0	0	0	0	0	0	0	0	0	0	0	0	0	0	0	0	0	0.00912869660656299	0.00647904495960424	0	0	0	0	0	0	0	0	0	0	0	0	0	0	0	0	0	0	0.00678753753961823	0	0.0094046926706841	0	0	0.00521195654593072	0	0	0.00270224888787657	0	0	0	0.00274148302574174	0	0.00289878167530655	0.00478366243830147	0.00337423402016149	0	0.022357981516176	0.00280886605037231	0	0	0.0100167641936665	0	0	0	0.00278617656568886	0	0.00277245925445883	0.00271780796159387	0	0	0.0027964260609534	0	0	0	0	0.00276785270756216	0.0210200508118418	0	0	0.00428887790508384	0	0.00362587887945105	0	0	0	0	0	0	0	0	0.00284939842140885	0	0.0189276323668126	0.0018698859012982	0	0	0	0	0	0	0	0	0	0	0	0	0	0	0	0	0	0	0	0	0	0.0208062624564621	0	0	0	0	0	0	0	0	0	0	0	0	0	0	0
ERR12406014	0.0480881609467373	0.0419108620512226	0.0417497036205238	0.0469242247483483	0.042969009372714	0.0475505555704266	0	0.0387019525925996	0.0309985568843058	0.0348342654298868	0.0298559091298947	0.049388803260987	0.0306324497519945	0	0	0.0319649040059858	0.0226922230268437	0	0	0	0	0	0	0	0	0	0	0	0.0218938364475793	0	0	0	0	0	0.0182266554685196	0	0	0	0.0163693842286669	0	0	0.00390922176317388	0.0168635396798601	0.00474498979542251	0.0293669508067527	0	0.0100920452311498	0	0.0208710118525014	0	0	0.043714789292098	0	0	0	0	0	0.0138915602386598	0.00164968128770783	0.0147295896381663	0	0	0	0	0	0	0	0	0	0	0	0.0107828581349113	0	0	0	0	0	0	0	0	0	0	0	0	0	0	0	0.005607284596592	0.00653251362146007	0	0	0	0	0	0	0	0	0.0132348673133141	0	0	0	0.011124564955086	0	0	0.0100906043341	0.00415804221453312	0	0.00851032592313892	0	0	0	0	0	0	0	0.00528223258248459	0	0.00876992792999678	0.00660822677879369	0.00782540019486705	0	0.00809592939984006	0.00764408899423429	0.00957803139945684	0.00837617658129129	0.00420912671455927	0.00762278571022879	0	0.00619359321893173	0	0	0.00840693986241239	0	0	0	0.0227750772776576	0	0	0	0.0129728090479938	0.00673808859105782	0	0.00338141985898667	0	0	0	0	0	0.00439799480189887	0.0053052850754285	0	0	0	0	0	0	0	0	0	0	0	0	0	0.00621422659937383	0.00331431035646993	0	0	0	0	0	0	0	0	0	0	0	0	0.00564978461221348	0	0	0	0	0	0	0	0	0	0	0.00366143684240827	0	0	0	0	0	0	0	0	0	0	0	0	0	0	0	0	0	0	0	0	0	0	0	0	0	0	0	0	0	0	0	0	0	0.0079655841346403	0.00210595609685747	0	0	0	0.00227967012205281	0	0	0	0	0	0	0	0	0	0	0	0	0	0	0	0	0	0
ERR12406015	0	0	0.119514473449528	0.0958826820744024	0.084208341235551	0	0	0.0692609110946542	0.0769435300475928	0.0664172622189212	0.0761849781516818	0.0167510561940916	0	0	0	0.0161986124169003	0	0	0	0	0	0	0	0	0	0.00219963560978831	0	0	0	0	0.00178761037213052	0.00182881994703867	0	0	0.0341310723177959	0	0	0.00169107474741851	0	0	0	0	0.0274586850422713	0	0	0.0373576765763391	0	0	0	0	0	0	0	0	0.0328211396387623	0	0	0	0	0.0228065558924326	0	0	0	0	0.00452993917362481	0.0454258677126785	0	0	0	0	0	0	0	0	0	0	0.0394756966924288	0.0344517433832709	0	0	0	0	0.0180581679408781	0	0	0	0	0	0	0	0	0	0	0	0	0	0	0	0	0	0	0	0.00550090574073004	0.0387741869042292	0	0	0	0	0	0	0	0	0	0	0	0	0.00465979974025779	0	0	0	0.00412100925787426	0	0	0	0	0	0	0	0	0	0	0	0	0	0.0030071548673007	0	0	0	0	0	0	0	0	0	0	0	0	0	0	0	0	0	0	0	0	0	0	0	0.00235461543252486	0	0	0	0	0	0	0	0	0	0	0	0	0	0	0	0	0	0	0	0	0	0	0	0	0	0	0	0	0	0	0	0	0	0	0	0.00197721174092188	0	0	0	0	0	0	0	0	0	0	0.00128522526124797	0	0	0	0	0	0	0	0	0	0	0	0	0.00183931420652506	0	0	0	0	0	0	0	0	0	0	0	0	0.0110950449182069	0	0	0	0	0	0	0	0	0	0	0	0	0	0
